gene,class,prevalence_n_cities,category,label,top_city,top_city_zh,top_share,top_lift_vs_global_mean,min_share_across_12,max_share,city_specificity_0to1,city_entropy_bits,present_cities_by_share,share_HongKong,share_Singapore,share_Amsterdam,share_CapeTown,share_Paris,share_SaoPaulo,share_MexicoCity,share_Sydney,share_Jakarta,share_Dhaka,share_NewDelhi,share_Manila,lift_HongKong,lift_Singapore,lift_Amsterdam,lift_CapeTown,lift_Paris,lift_SaoPaulo,lift_MexicoCity,lift_Sydney,lift_Jakarta,lift_Dhaka,lift_NewDelhi,lift_Manila
0,near_core_9to11cities,11,植被,树丛·灌木,SaoPaulo,圣保罗,0.0027115221,1.5470764,0.00044961735,0.0027115221,0.029866046,3.4778938,SaoPaulo|Sydney|Paris|Amsterdam|MexicoCity|NewDelhi|CapeTown|Singapore|HongKong|Manila|Jakarta,0.0013881803,0.0014880952,0.0022959184,0.001519983,0.002372449,0.0027115221,0.0020642007,0.0024617347,0.0010607993,0.00044961735,0.0019377126,0.0012818878,0.79203517,0.8490423,1.309951,0.86723606,1.353616,1.5470764,1.177743,1.4045585,0.60524587,0.25653207,1.1055744,0.7313893
1,accessory_6to8cities,7,植被,沿墙绿篱,Singapore,新加坡,0.0028125,3.078534,5.8460884e-05,0.0028125,0.15840366,3.0170913,Singapore|HongKong|Paris|SaoPaulo|NewDelhi|Dhaka|Amsterdam,0.002202381,0.0028125,0.00051977041,0.00021683673,0.0016039541,0.001178784,0.0004602466,0.00019345238,5.8460884e-05,0.00072066327,0.00077912415,0.00021683673,2.4107039,3.078534,0.56893543,0.23734729,1.7556719,1.290285,0.50378127,0.21175102,0.063990692,0.78883071,0.85282141,0.23734729
2,accessory_6to8cities,7,植被,沿墙绿篱,Jakarta,雅加达,0.0092527636,4.1468837,2.1258503e-05,0.0092527636,0.30054937,2.5075043,Jakarta|NewDelhi|Manila|Dhaka|SaoPaulo|MexicoCity|HongKong,0.0006335034,0.0004772534,0.00044217687,2.1258503e-05,0.00041985544,0.0010863095,0.0006462585,9.8852041e-05,0.0092527636,0.0015114796,0.0069621599,0.0052232143,0.28392219,0.2138944,0.19817388,0.0095275903,0.18816991,0.48685986,0.28963875,0.044303295,4.1468837,0.67741167,3.1202858,2.3409289
3,pair_specific_2cities,2,建筑立面,沿街立面,Amsterdam,阿姆斯特丹,0.0022310799,4.2001,3.1887755e-05,0.0022310799,0.23655188,2.7369329,Amsterdam|CapeTown,3.1887755e-05,0.00020514456,0.0022310799,0.0017495748,0.00027954932,0.0003082483,0.00035714286,6.5901361e-05,0.00023490646,0.00047406463,0.00025085034,0.0001860119,0.060030015,0.3861931,4.2001,3.2936468,0.52626313,0.58029014,0.67233617,0.12406203,0.44222111,0.89244622,0.47223612,0.35017509
4,regional_3to5cities,4,建筑立面,沿街立面,Sydney,悉尼,0.0017793367,3.2828894,2.1258503e-06,0.0017793367,0.22164698,2.7903664,Sydney|HongKong|SaoPaulo|Singapore,0.0015295493,0.00054315476,0.00021683673,0.00040178571,0.00019238946,0.0012436224,0.0002912415,0.0017793367,2.1258503e-06,4.2517007e-05,6.2712585e-05,0.00019876701,2.8220297,1.0021245,0.40006537,0.7412976,0.35495996,2.2944926,0.5373427,3.2828894,0.0039222095,0.07844419,0.11570518,0.36672659
5,core_universal_12cities,12,路面·道路,车行道,Singapore,新加坡,0.0040975765,1.3749443,0.0012723214,0.0040975765,0.019881566,3.5136878,Singapore|HongKong|MexicoCity|Sydney|Paris|SaoPaulo|CapeTown|Amsterdam|Jakarta|Manila|Dhaka|NewDelhi,0.0039668367,0.0040975765,0.0028497024,0.0030792942,0.003394983,0.0032110969,0.0037553146,0.003736182,0.0028018707,0.0015593112,0.0012723214,0.0020376276,1.3310745,1.3749443,0.95621935,1.033259,1.1391886,1.0774855,1.2600981,1.2536781,0.94016942,0.52322782,0.42692822,0.68372715
6,city_unique_1city,1,植被,沿墙绿篱,Amsterdam,阿姆斯特丹,0.00058779762,2.2687179,5.5272109e-05,0.00058779762,0.056059499,3.3839913,Amsterdam,0.00035926871,0.00024766156,0.00058779762,8.9285714e-05,0.00031462585,0.00027210884,0.00019026361,5.5272109e-05,0.00013286565,0.00022640306,0.0002912415,0.0003422619,1.3866667,0.95589743,2.2687179,0.34461538,1.214359,1.0502564,0.73435897,0.21333333,0.51282051,0.87384615,1.1241026,1.3210256
7,core_universal_12cities,12,建筑立面,沿街立面,Paris,巴黎,0.019757653,2.4610903,0.00052614796,0.019757653,0.1193844,3.1569739,Paris|Sydney|Amsterdam|HongKong|SaoPaulo|Jakarta|Singapore|CapeTown|MexicoCity|Manila|NewDelhi|Dhaka,0.0098352466,0.0057217262,0.011252126,0.0050297619,0.019757653,0.0097821003,0.0042251276,0.019585459,0.0064827806,0.00052614796,0.00067920918,0.0034587585,1.2251167,0.71272053,1.4016087,0.62652676,2.4610903,1.2184966,0.52629837,2.4396412,0.80752044,0.065539042,0.084604945,0.43083645
8,core_universal_12cities,12,建筑立面,住宅·楼房,Dhaka,达卡,0.0043909439,2.1473684,0.00050807823,0.0043909439,0.071593509,3.3283025,Dhaka|Jakarta|NewDelhi|Manila|MexicoCity|SaoPaulo|Amsterdam|CapeTown|Paris|Sydney|Singapore|HongKong,0.00050807823,0.00085565476,0.0013998724,0.0013116497,0.0012340561,0.0015848214,0.001860119,0.0010756803,0.0041432823,0.0043909439,0.0031462585,0.0030272109,0.24847303,0.41845354,0.68460039,0.64145549,0.60350877,0.77504873,0.90968161,0.52605588,2.0262508,2.1473684,1.5386615,1.4804418
9,accessory_6to8cities,7,建筑立面,沿街立面,HongKong,香港,0.014624787,6.6051126,0.00014243197,0.014624787,0.37923872,2.2254059,HongKong|Singapore|Amsterdam|Paris|Manila|Sydney|NewDelhi,0.014624787,0.0045216837,0.0020727041,0.0004517432,0.0015359269,0.00024978741,0.00014243197,0.00077168367,0.00021471088,0.00028380102,0.00059417517,0.0011065051,6.6051126,2.0421651,0.93611233,0.20402448,0.69368324,0.11281354,0.064327719,0.34852182,0.096971637,0.12817538,0.2683522,0.49973997
10,regional_3to5cities,3,建筑立面,住宅·楼房,Amsterdam,阿姆斯特丹,0.0036617772,5.1424306,3.8265306e-05,0.0036617772,0.32516896,2.419244,Amsterdam|Singapore|Paris,0.00043154762,0.0019302721,0.0036617772,0.00020089286,0.0012616922,0.00014455782,0.00017538265,0.00048044218,9.8852041e-05,4.7831633e-05,3.8265306e-05,7.3341837e-05,0.60604553,2.7107849,5.1424306,0.28212464,1.7718622,0.20301032,0.24629929,0.67471078,0.13882324,0.067172534,0.053738027,0.10299789
11,near_core_9to11cities,11,建筑立面,矮墙·巷弄,Dhaka,达卡,0.013174957,3.7826153,9.5663265e-05,0.013174957,0.2227042,2.7865763,Dhaka|Jakarta|NewDelhi|Manila|MexicoCity|CapeTown|Amsterdam|Paris|HongKong|SaoPaulo|Singapore,0.00078443878,0.00058992347,0.0012202381,0.0016432823,0.0011415816,0.00062287415,0.0019387755,9.5663265e-05,0.0080027636,0.013174957,0.006917517,0.0056643282,0.22521744,0.16937084,0.35033823,0.47179696,0.32775545,0.17883119,0.55663496,0.027465541,2.2976451,3.7826153,1.9860638,1.6262652
12,near_core_9to11cities,10,路面·道路,路口·人行道,SaoPaulo,圣保罗,0.0023820153,2.1241706,6.8027211e-05,0.0023820153,0.069919722,3.3343029,SaoPaulo|Manila|Paris|MexicoCity|CapeTown|Dhaka|Singapore|Jakarta|NewDelhi|Sydney,0.00035820578,0.00093856293,6.8027211e-05,0.0014264456,0.0014838435,0.0023820153,0.0014668367,0.00062606293,0.00090561224,0.00096513605,0.00089817177,0.0019377126,0.31943128,0.83696682,0.060663507,1.2720379,1.3232227,2.1241706,1.3080569,0.55829384,0.80758294,0.86066351,0.80094787,1.7279621
13,accessory_6to8cities,6,路面·道路,车行道,Jakarta,雅加达,0.0037223639,3.9227107,7.0153061e-05,0.0037223639,0.22658994,2.7726461,Jakarta|NewDelhi|Manila|Dhaka|Singapore|Amsterdam,0.00016794218,0.00077912415,0.00063137755,0.00023171769,7.0153061e-05,0.00014668367,0.00025297619,8.2908163e-05,0.0037223639,0.0014880952,0.0020716412,0.0017421344,0.17698124,0.82105853,0.66535984,0.2441893,0.073928871,0.15457855,0.26659199,0.087370484,3.9227107,1.5681882,2.183142,1.8359003
14,near_core_9to11cities,10,建筑立面,沿街立面,MexicoCity,墨西哥城,0.011878189,3.6488803,0.0001307398,0.011878189,0.21087775,2.8289737,MexicoCity|SaoPaulo|Manila|Jakarta|Paris|CapeTown|Dhaka|NewDelhi|HongKong|Sydney,0.00084289966,0.0003422619,0.0001307398,0.0018590561,0.0025127551,0.010403912,0.011878189,0.00083333333,0.0032769983,0.0017272534,0.0016645408,0.0035916241,0.25893173,0.10514,0.040162172,0.5710865,0.77189736,3.1959947,3.6488803,0.25599303,1.0066665,0.53059781,0.51133302,1.1033169
15,accessory_6to8cities,7,建筑立面,住宅·楼房,Dhaka,达卡,0.0012988946,2.1873508,0.00019876701,0.0012988946,0.05377413,3.3921843,Dhaka|Jakarta|Amsterdam|Manila|CapeTown|MexicoCity|Singapore,0.00019876701,0.00052827381,0.00081313776,0.00072704082,0.0004772534,0.00022002551,0.00058354592,0.00026466837,0.00084502551,0.0012988946,0.00037202381,0.00079719388,0.33472554,0.88961814,1.3693317,1.2243437,0.80369928,0.37052506,0.9826969,0.44570406,1.423031,2.1873508,0.62649165,1.3424821
16,unused,0,建筑立面,矮墙·巷弄,SaoPaulo,圣保罗,0.00030505952,1.8727569,4.0391156e-05,0.00030505952,0.033198326,3.4659477,,0.00012861395,0.00012967687,4.0391156e-05,0.00015306122,0.0001264881,0.00030505952,0.00021258503,0.00017219388,0.00018707483,0.00018494898,9.7789116e-05,0.00021683673,0.78955954,0.79608482,0.24796085,0.9396411,0.77650897,1.8727569,1.3050571,1.0570962,1.1484502,1.1353997,0.60032626,1.3311582
17,accessory_6to8cities,6,路面·道路,车行道,HongKong,香港,0.0025871599,3.6958117,0.00019557823,0.0025871599,0.13840713,3.0887781,HongKong|Singapore|NewDelhi|SaoPaulo|Jakarta|Manila,0.0025871599,0.0014232568,0.00031781463,0.00020620748,0.0002997449,0.00064838435,0.00025297619,0.00034757653,0.00064413265,0.00019557823,0.00088329082,0.00059417517,3.6958117,2.033152,0.45400481,0.29457168,0.42819183,0.92623054,0.36138175,0.49652031,0.9201569,0.27938757,1.2617993,0.8487916
18,accessory_6to8cities,6,路面·道路,车行道,CapeTown,开普敦,0.0053964711,5.3696457,9.247449e-05,0.0053964711,0.28738335,2.554704,CapeTown|Sydney|Paris|Amsterdam|SaoPaulo|MexicoCity,0.00020939626,0.00011054422,0.00091305272,0.0053964711,0.0010554847,0.00068346088,0.00064094388,0.0022948554,9.247449e-05,0.00020833333,0.0001434949,0.00031143707,0.20835537,0.10999471,0.90851401,5.3696457,1.050238,0.68006346,0.6377578,2.2834479,0.092014807,0.20729773,0.1427816,0.30988895
19,near_core_9to11cities,10,建筑立面,建筑·结构,NewDelhi,新德里,0.0079985119,3.6190934,0.00013392857,0.0079985119,0.16708124,2.9859825,NewDelhi|HongKong|SaoPaulo|MexicoCity|Manila|Jakarta|Dhaka|Paris|Singapore|Amsterdam,0.0043664966,0.0007514881,0.00052189626,0.00020301871,0.0007727466,0.0032153486,0.0025403912,0.00013392857,0.0020068027,0.001860119,0.0079985119,0.0021502976,1.9757124,0.34002645,0.23614284,0.091860046,0.3496453,1.4548515,1.1494529,0.060598774,0.90801972,0.84164963,3.6190934,0.97294698
20,core_universal_12cities,12,路面·道路,路肩·开阔地,Sydney,悉尼,0.014640731,1.416896,0.0046407313,0.014640731,0.013476651,3.5366492,Sydney|MexicoCity|Dhaka|SaoPaulo|Manila|CapeTown|Paris|Singapore|NewDelhi|Amsterdam|Jakarta|HongKong,0.0046407313,0.009176233,0.008522534,0.01131165,0.0096758078,0.012112032,0.012971939,0.014640731,0.0079485544,0.012225765,0.0091018282,0.01166773,0.4491192,0.88805452,0.82479105,1.0947152,0.93640221,1.1721744,1.2553941,1.416896,0.76924264,1.1831812,0.8808538,1.1291758
21,near_core_9to11cities,11,建筑立面,沿街立面,Jakarta,雅加达,0.006108631,2.643109,0.00022427721,0.006108631,0.13991018,3.0833897,Jakarta|Manila|Dhaka|NewDelhi|HongKong|MexicoCity|Singapore|SaoPaulo|CapeTown|Sydney|Amsterdam,0.0028486395,0.0010778061,0.00054846939,0.00064732143,0.00022427721,0.00083864796,0.00203125,0.00063244048,0.006108631,0.0043675595,0.0033195153,0.0050892857,1.2325617,0.46634984,0.23731412,0.28008585,0.097041239,0.36286985,0.87889008,0.27364709,2.643109,1.8897746,1.4363023,2.2020543
22,accessory_6to8cities,8,路面·道路,车行道,HongKong,香港,0.0024266582,3.8129436,6.9090136e-05,0.0024266582,0.13089008,3.1157265,HongKong|Singapore|CapeTown|Paris|SaoPaulo|Sydney|Amsterdam|MexicoCity,0.0024266582,0.00077593537,0.00053039966,0.00070471939,0.00070153061,0.00066220238,0.00051870748,0.00056547619,0.00033907313,6.9090136e-05,0.0001519983,0.00019132653,3.8129436,1.2192067,0.83340292,1.1073069,1.1022964,1.040501,0.81503131,0.88851774,0.53277662,0.1085595,0.2388309,0.3006263
23,core_universal_12cities,12,建筑立面,建筑·结构,MexicoCity,墨西哥城,0.0042878401,1.828511,0.0010352891,0.0042878401,0.046122553,3.4196149,MexicoCity|Sydney|SaoPaulo|Paris|HongKong|Manila|Singapore|NewDelhi|Amsterdam|Jakarta|Dhaka|CapeTown,0.0024255952,0.0021928146,0.0013403486,0.0010352891,0.0030548469,0.00359375,0.0042878401,0.0041294643,0.0013169643,0.001051233,0.0014455782,0.0022661565,1.0343733,0.93510614,0.57157966,0.44148976,1.3027121,1.5325225,1.828511,1.760973,0.56160761,0.44828889,0.61645388,0.96638211
24,core_universal_12cities,12,建筑立面,沿街立面,CapeTown,开普敦,0.029035927,2.1710887,0.0056048044,0.029035927,0.032674884,3.4678243,CapeTown|MexicoCity|Sydney|SaoPaulo|Paris|NewDelhi|Amsterdam|Dhaka|Manila|Jakarta|HongKong|Singapore,0.0071609269,0.0056048044,0.012572279,0.029035927,0.013326956,0.015357143,0.016353104,0.015948129,0.010143495,0.011576318,0.012611607,0.010796131,0.53544037,0.41908521,0.94006067,2.1710887,0.99648974,1.1482919,1.2227624,1.1924814,0.75845443,0.86559019,0.94300134,0.80725365
25,accessory_6to8cities,6,路面·道路,车行道,CapeTown,开普敦,0.0044951105,4.7441339,7.2278912e-05,0.0044951105,0.24801475,2.6958389,CapeTown|Sydney|Paris|Amsterdam|MexicoCity|SaoPaulo,0.00024022109,0.0001307398,0.0010703656,0.0044951105,0.0014668367,0.00057397959,0.00060905612,0.0020131803,7.2278912e-05,0.00028911565,0.00027104592,0.00013818027,0.25352903,0.13798261,1.1296625,4.7441339,1.5480976,0.60577732,0.64279705,2.1247079,0.07628307,0.30513228,0.28606151,0.14583528
26,regional_3to5cities,3,建筑立面,沿街立面,MexicoCity,墨西哥城,0.0013573554,2.8314856,7.9719388e-05,0.0013573554,0.11648379,3.1673725,MexicoCity|CapeTown|SaoPaulo,0.00038371599,0.00037202381,0.00011904762,0.0010278486,0.00042410714,0.00081526361,0.0013573554,0.00039328231,8.7159864e-05,7.9719388e-05,0.00024978741,0.0004432398,0.80044346,0.77605321,0.24833703,2.1441242,0.88470066,1.7006652,2.8314856,0.82039911,0.18181818,0.16629712,0.5210643,0.92461197
27,accessory_6to8cities,7,植被,树冠,Sydney,悉尼,0.039963861,8.2758772,0,0.039963861,0.52381662,1.7070996,Sydney|MexicoCity|CapeTown|Dhaka|HongKong|SaoPaulo|NewDelhi,0.0021853741,0.00029655612,0,0.0037478741,0,0.0017463861,0.0053709609,0.039963861,2.5510204e-05,0.0027604167,0.0015231718,0.00032738095,0.45255608,0.061412037,0,0.77612488,0,0.36164866,1.1122402,8.2758772,0.0052827558,0.5716382,0.31542455,0.067795367
28,accessory_6to8cities,6,路面·道路,路口·人行道,NewDelhi,新德里,0.0030335884,3.7024865,1.0629252e-05,0.0030335884,0.26653222,2.6294545,NewDelhi|Manila|Jakarta|Dhaka|SaoPaulo|MexicoCity,0.00019026361,1.0629252e-05,3.082483e-05,5.8460884e-05,9.9914966e-05,0.00077593537,0.00070578231,1.4880952e-05,0.001421131,0.0012988946,0.0030335884,0.0021917517,0.23221622,0.012972973,0.037621622,0.071351351,0.12194595,0.94702703,0.8614054,0.018162162,1.7344865,1.5852973,3.7024865,2.675027
29,regional_3to5cities,3,建筑立面,住宅·楼房,Paris,巴黎,0.0021502976,5.2946565,2.1258503e-06,0.0021502976,0.49091748,1.8250417,Paris|Sydney|Amsterdam,2.3384354e-05,1.0629252e-05,0.00063137755,5.3146259e-05,0.0021502976,1.1692177e-05,0.00021152211,0.0017570153,7.4404762e-06,3.1887755e-06,2.1258503e-06,1.1692177e-05,0.057579062,0.026172301,1.5546347,0.1308615,5.2946565,0.028789531,0.52082879,4.3262813,0.018320611,0.0078516903,0.0052344602,0.028789531
30,regional_3to5cities,5,植被,沿墙绿篱,Jakarta,雅加达,0.001348852,2.5116279,1.2755102e-05,0.001348852,0.14080537,3.0801805,Jakarta|MexicoCity|NewDelhi|HongKong|Manila,0.00073873299,0.00026254252,0.00018388605,0.00010735544,6.377551e-05,0.00046662415,0.0012234269,1.2755102e-05,0.001348852,0.00047831633,0.00098001701,0.00057823129,1.3755567,0.4888669,0.34240475,0.19990104,0.11875309,0.86887679,2.2780802,0.023750618,2.5116279,0.89064819,1.8248392,1.0766947
31,core_universal_12cities,12,建筑立面,沿街立面,CapeTown,开普敦,0.0055771684,2.5098258,0.00086734694,0.0055771684,0.052115166,3.3981316,CapeTown|Manila|Dhaka|Singapore|Amsterdam|SaoPaulo|Paris|HongKong|NewDelhi|Jakarta|MexicoCity|Sydney,0.0016911139,0.002756165,0.0024117772,0.0055771684,0.001803784,0.0019398384,0.0010767432,0.00086734694,0.0011692177,0.0028380102,0.0016103316,0.0029241071,0.76103161,1.2403237,1.085343,2.5098258,0.81173516,0.87296209,0.48455375,0.39032168,0.52616893,1.2771555,0.72467812,1.3159007
32,near_core_9to11cities,9,植被,树冠,MexicoCity,墨西哥城,0.0084853316,2.9779905,1.0629252e-05,0.0084853316,0.17263698,2.9660654,MexicoCity|HongKong|NewDelhi|SaoPaulo|CapeTown|Jakarta|Singapore|Manila|Sydney,0.0069866071,0.0020397534,1.0629252e-05,0.0023278061,0.00022746599,0.0040327381,0.0084853316,0.0011766582,0.0022629677,0.00022108844,0.0048596939,0.0015614371,2.452002,0.7158667,0.0037304153,0.81696095,0.079830888,1.4153196,2.9779905,0.41295698,0.79420542,0.077592639,1.7055459,0.54799801
33,near_core_9to11cities,9,建筑立面,沿街立面,Amsterdam,阿姆斯特丹,0.0025829082,2.1112076,0.00021683673,0.0025829082,0.067608501,3.3425886,Amsterdam|Singapore|SaoPaulo|Sydney|MexicoCity|CapeTown|Paris|Manila|NewDelhi,0.00049744898,0.002172619,0.0025829082,0.0013562925,0.0011405187,0.0016985544,0.0014179422,0.0015688776,0.00041985544,0.00021683673,0.00068346088,0.00092580782,0.40660295,1.7758471,2.1112076,1.1086012,0.93223284,1.3883579,1.1589922,1.2823632,0.34317984,0.17723718,0.55864466,0.75673327
34,core_universal_12cities,12,建筑立面,矮墙·巷弄,Singapore,新加坡,0.0068144133,2.7392558,0.0015082908,0.0068144133,0.043688761,3.4283399,Singapore|Jakarta|Sydney|HongKong|Manila|NewDelhi|Paris|Amsterdam|SaoPaulo|Dhaka|MexicoCity|CapeTown,0.0024670493,0.0068144133,0.0020556973,0.0015082908,0.0020865221,0.0019430272,0.0016677296,0.0025074405,0.0026073554,0.0016772959,0.0021056548,0.0024117772,0.99170376,2.7392558,0.82634858,0.6063023,0.83873954,0.7810575,0.67039345,1.0079402,1.048104,0.67423892,0.84643048,0.96948549
35,accessory_6to8cities,6,路面·道路,车行道,NewDelhi,新德里,0.0099319728,4.5753458,2.869898e-05,0.0099319728,0.38747505,2.195879,NewDelhi|Dhaka|Jakarta|HongKong|MexicoCity|Manila,0.001363733,0.00024978741,0.00019982993,7.0153061e-05,6.8027211e-05,0.00030080782,0.0009460034,2.869898e-05,0.0028592687,0.0093335459,0.0099319728,0.00069727891,0.62822867,0.11506916,0.092055331,0.032317297,0.031337985,0.13857265,0.43579385,0.013220712,1.3171747,4.2996695,4.5753458,0.32121435
36,regional_3to5cities,5,建筑立面,沿街立面,HongKong,香港,0.0036596514,4.5412178,1.1692177e-05,0.0036596514,0.21063434,2.8298463,HongKong|Paris|Singapore|Amsterdam|Jakarta,0.0036596514,0.0012999575,0.00086947279,0.00036139456,0.0013956207,0.00038265306,0.00027954932,0.00034545068,0.00057823129,1.1692177e-05,0.00012755102,0.00035926871,4.5412178,1.6131018,1.0789184,0.44845021,1.7318092,0.47482963,0.34688943,0.42866564,0.71752033,0.014508683,0.15827654,0.44581227
37,core_universal_12cities,12,路面·道路,路口·人行道,NewDelhi,新德里,0.011171344,1.6074843,0.0041964286,0.011171344,0.018887224,3.5172525,NewDelhi|Singapore|Paris|Sydney|HongKong|Dhaka|Manila|Amsterdam|Jakarta|SaoPaulo|CapeTown|MexicoCity,0.0074170918,0.010146684,0.005497449,0.0042442602,0.0087872024,0.0050457058,0.0041964286,0.0074957483,0.005256165,0.0071683673,0.011171344,0.0069685374,1.0672717,1.4600423,0.79104744,0.61072166,1.2644217,0.72604451,0.603839,1.0785898,0.75632823,1.0314818,1.6074843,1.0027276
38,unused,0,建筑立面,沿街立面,Paris,巴黎,2.3384354e-05,3.1807225,0,2.3384354e-05,0.14829904,3.053316,,0,8.5034014e-06,1.0629252e-06,1.4880952e-05,2.3384354e-05,4.2517007e-06,5.3146259e-06,1.0629252e-06,6.377551e-06,5.3146259e-06,6.377551e-06,1.1692177e-05,0,1.1566263,0.14457829,2.0240961,3.1807225,0.57831317,0.72289147,0.14457829,0.86746976,0.72289147,0.86746976,1.5903612
39,core_universal_12cities,12,路面·道路,路口·人行道,Dhaka,达卡,0.002130102,1.6184131,0.00061118197,0.002130102,0.017637149,3.521734,Dhaka|Jakarta|Singapore|Manila|MexicoCity|NewDelhi|Paris|Amsterdam|SaoPaulo|HongKong|Sydney|CapeTown,0.0010012755,0.0015327381,0.0012096088,0.00061118197,0.0012202381,0.0011001276,0.0013732993,0.00096407313,0.0018654337,0.002130102,0.0013616071,0.0014243197,0.76075106,1.1645467,0.91903897,0.46436503,0.92711488,0.83585706,1.043408,0.73248536,1.4173228,1.6184131,1.0345245,1.0821724
40,core_universal_12cities,12,天空·远景,天空·远景,CapeTown,开普敦,0.055529337,4.1382533,0.0019504677,0.055529337,0.17442123,2.9596689,CapeTown|Sydney|MexicoCity|SaoPaulo|Paris|Amsterdam|Manila|NewDelhi|HongKong|Singapore|Dhaka|Jakarta,0.0045057398,0.0043122874,0.012434099,0.055529337,0.012535077,0.013503401,0.015469813,0.026281888,0.0019504677,0.0023692602,0.0053454507,0.0067857143,0.33578454,0.32136775,0.92663542,4.1382533,0.93416067,1.0063238,1.1528682,1.9586243,0.14535613,0.17656611,0.39836293,0.50569675
41,regional_3to5cities,4,建筑立面,窗·竖构件,CapeTown,开普敦,0.008451318,8.1555688,3.9328231e-05,0.008451318,0.47795566,1.8715094,CapeTown|Manila|MexicoCity|Dhaka,3.9328231e-05,4.7831633e-05,0.00018388605,0.008451318,7.3341837e-05,0.00037840136,0.00072066327,0.00025297619,0.00047937925,0.00069940476,0.00026573129,0.00084289966,0.037951962,0.046157791,0.17745106,8.1555688,0.07077528,0.36515941,0.69544405,0.24412343,0.46260364,0.67492948,0.25643217,0.81340285
42,core_universal_12cities,12,建筑立面,建筑·结构,CapeTown,开普敦,0.0050605867,1.7335842,0.00050914116,0.0050605867,0.056040645,3.3840589,CapeTown|Jakarta|Paris|Manila|HongKong|SaoPaulo|MexicoCity|Singapore|NewDelhi|Sydney|Amsterdam|Dhaka,0.0037680697,0.0025807823,0.001136267,0.0050605867,0.0043718112,0.0035980017,0.0026360544,0.0013446003,0.0045907738,0.00050914116,0.0015518707,0.0038818027,1.290812,0.88408787,0.38924627,1.7335842,1.4976332,1.2325525,0.90302221,0.46061415,1.5726423,0.17441437,0.53161791,1.329773
43,core_universal_12cities,12,建筑立面,窗·竖构件,MexicoCity,墨西哥城,0.0048809524,1.394332,0.0021407313,0.0048809524,0.013304959,3.5372647,MexicoCity|Manila|Jakarta|SaoPaulo|Paris|NewDelhi|Dhaka|CapeTown|HongKong|Amsterdam|Singapore|Sydney,0.0028380102,0.0024542942,0.0024670493,0.003110119,0.003892432,0.0041039541,0.0048809524,0.0021407313,0.004289966,0.003238733,0.003735119,0.0048554422,0.81072874,0.70111336,0.70475708,0.88846154,1.1119433,1.1723684,1.394332,0.61153846,1.2255061,0.92520243,1.067004,1.3870445
44,core_universal_12cities,12,路面·道路,车行道,Singapore,新加坡,0.0072991071,1.8215659,0.0013265306,0.0072991071,0.031479369,3.4721101,Singapore|CapeTown|Amsterdam|HongKong|Sydney|MexicoCity|SaoPaulo|NewDelhi|Paris|Manila|Jakarta|Dhaka,0.004573767,0.0072991071,0.0053879677,0.005397534,0.0031335034,0.0041113946,0.0042102466,0.0043292942,0.0020206207,0.0013265306,0.003607568,0.0026870748,1.1414298,1.8215659,1.3446218,1.3470092,0.78199744,1.0260401,1.0507096,1.0804191,0.50426632,0.33104912,0.90030505,0.67058667
45,pair_specific_2cities,2,路面·道路,车行道,HongKong,香港,0.038484269,11.643049,0,0.038484269,0.94564293,0.19486806,HongKong|Singapore,0.038484269,0.0011724065,0,0,0,1.0629252e-06,0,0,0,0,0,6.377551e-06,11.643049,0.3547004,0,0,0,0.00032157788,0,0,0,0,0,0.0019294673
46,core_universal_12cities,12,路面·道路,路肩·开阔地,Singapore,新加坡,0.0040997024,1.8754407,0.0012011054,0.0040997024,0.027454622,3.4865387,Singapore|Dhaka|Amsterdam|Jakarta|Paris|Sydney|NewDelhi|Manila|MexicoCity|HongKong|CapeTown|SaoPaulo,0.0013148384,0.0040997024,0.0027370323,0.0013010204,0.0023054847,0.0012011054,0.0013860544,0.0022310799,0.0023596939,0.0031632653,0.002173682,0.0019589711,0.60148304,1.8754407,1.2520767,0.59516188,1.0546619,0.549455,0.63406135,1.0206248,1.0794603,1.4470603,0.99436768,0.89614652
47,core_universal_12cities,12,建筑立面,沿街立面,CapeTown,开普敦,0.014012543,3.7367663,0.00065688776,0.014012543,0.12801728,3.1260253,CapeTown|Sydney|NewDelhi|MexicoCity|Paris|Amsterdam|SaoPaulo|Dhaka|Manila|HongKong|Jakarta|Singapore,0.0013839286,0.00065688776,0.0032706207,0.014012543,0.0033205782,0.0029283588,0.0043122874,0.0055792942,0.00092580782,0.0026201105,0.004417517,0.0015710034,0.36905634,0.17517421,0.87218613,3.7367663,0.88550844,0.78091414,1.1499705,1.4878469,0.24688792,0.69871265,1.1780324,0.41894414
48,core_universal_12cities,12,植被,树丛·灌木,NewDelhi,新德里,0.011277636,2.0966308,0.0006462585,0.011277636,0.066081003,3.3480646,NewDelhi|Dhaka|Manila|SaoPaulo|Jakarta|Singapore|Sydney|MexicoCity|HongKong|Paris|CapeTown|Amsterdam,0.0039647109,0.0066560374,0.0006462585,0.0011352041,0.0026254252,0.007116284,0.0043994473,0.0055155187,0.0067028061,0.0073171769,0.011277636,0.0071906888,0.73708132,1.2374271,0.12014623,0.21104634,0.48809406,1.3229918,0.81790337,1.0253927,1.2461219,1.3603399,2.0966308,1.3368244
49,core_universal_12cities,12,建筑立面,建筑·结构,CapeTown,开普敦,0.0090688776,1.8489544,0.00070897109,0.0090688776,0.081611103,3.2923898,CapeTown|Paris|MexicoCity|Amsterdam|SaoPaulo|Sydney|HongKong|Singapore|Manila|Jakarta|NewDelhi|Dhaka,0.004928784,0.0046237245,0.0064668367,0.0090688776,0.0085140306,0.0063881803,0.007329932,0.0063743622,0.0012861395,0.00070897109,0.00071960034,0.0024489796,1.0048759,0.94268068,1.3184527,1.8489544,1.7358327,1.3024163,1.4944198,1.2995991,0.26221692,0.14454437,0.14671145,0.4992957
50,regional_3to5cities,4,建筑立面,沿街立面,Dhaka,达卡,0.0073161139,5.0305134,8.5034014e-06,0.0073161139,0.44929563,1.9742545,Dhaka|Manila|NewDelhi|Jakarta,5.3146259e-05,0.00015093537,0.00010522959,8.5034014e-06,1.9132653e-05,3.9328231e-05,0.0003210034,1.5943878e-05,0.00072810374,0.0073161139,0.0032738095,0.0054209184,0.036543029,0.1037822,0.072355198,0.0058468847,0.013155491,0.027041842,0.2207199,0.010962909,0.5006395,5.0305134,2.2510506,3.727389
51,core_universal_12cities,12,路面·道路,路口·人行道,Amsterdam,阿姆斯特丹,0.0095121173,1.775742,0.00099808673,0.0095121173,0.066778129,3.3455654,Amsterdam|CapeTown|Jakarta|Manila|MexicoCity|Dhaka|SaoPaulo|Paris|NewDelhi|Sydney|Singapore|HongKong,0.00099808673,0.0014360119,0.0095121173,0.008522534,0.0045365646,0.0050170068,0.0071853741,0.0019866071,0.0083992347,0.0054081633,0.0029389881,0.0083397109,0.18632493,0.26807772,1.775742,1.5910045,0.84689541,0.93658537,1.3413807,0.37086399,1.5679868,1.0096073,0.54865647,1.5568747
52,regional_3to5cities,4,植被,树冠,HongKong,香港,0.0010129677,2.8370131,3.4013605e-05,0.0010129677,0.1550717,3.0290363,HongKong|Paris|Singapore|SaoPaulo,0.0010129677,0.00069090136,0.00018813776,0.00038796769,0.00080782313,0.00050701531,0.00011267007,3.7202381e-05,0.0001817602,0.00025935374,3.4013605e-05,6.4838435e-05,2.8370131,1.9350037,0.5269164,1.086579,2.2624659,1.419995,0.31555445,0.10419251,0.50905482,0.72637063,0.095261721,0.18159266
53,near_core_9to11cities,9,路面·道路,车行道,Jakarta,雅加达,0.010082908,3.1454862,5.2083333e-05,0.010082908,0.18741721,2.9130788,Jakarta|Paris|Amsterdam|Sydney|CapeTown|SaoPaulo|Singapore|MexicoCity|Manila,5.2083333e-05,0.002386267,0.0054432398,0.0037308673,0.007243835,0.0029666241,0.0012563776,0.0043154762,0.010082908,0.0001647534,0.00012117347,0.00070259354,0.016248031,0.7444251,1.6980851,1.1638896,2.2598027,0.92547459,0.3919423,1.3462654,3.1454862,0.051396833,0.037801542,0.21918262
54,accessory_6to8cities,8,车辆,车辆·店面,Sydney,悉尼,0.0031738946,2.3404311,1.0629252e-05,0.0031738946,0.16043245,3.0098182,Sydney|Singapore|CapeTown|Paris|SaoPaulo|MexicoCity|Jakarta|HongKong,0.00064519558,0.0030612245,0.00035607993,0.0028220663,0.002386267,0.0016687925,0.00089604592,0.0031738946,0.00076955782,1.0629252e-05,4.6768707e-05,0.00043686224,0.47576747,2.2573481,0.26257348,2.0809928,1.7596342,1.2305683,0.66074461,2.3404311,0.56747224,0.0078380144,0.034487263,0.32214239
55,core_universal_12cities,12,建筑立面,窗·竖构件,Jakarta,雅加达,0.0035607993,1.7508711,0.0012818878,0.0035607993,0.013197075,3.5376515,Jakarta|CapeTown|NewDelhi|MexicoCity|Dhaka|Sydney|Manila|SaoPaulo|Amsterdam|Paris|Singapore|HongKong,0.0012818878,0.0015444303,0.0018261054,0.0023224915,0.0016220238,0.0018356718,0.0021428571,0.0020333759,0.0035607993,0.0020865221,0.0022714711,0.0018771259,0.63031359,0.75940767,0.89790941,1.1419861,0.79756098,0.90261324,1.0536585,0.99982578,1.7508711,1.0259582,1.116899,0.92299652
56,near_core_9to11cities,9,植被,树丛·灌木,NewDelhi,新德里,0.0035182823,2.2776535,0.00036564626,0.0035182823,0.094265628,3.2470238,NewDelhi|HongKong|Dhaka|Manila|MexicoCity|SaoPaulo|Jakarta|Paris|Sydney,0.0030729167,0.00036564626,0.00039540816,0.00039965986,0.00075361395,0.0015805697,0.0017772109,0.00061968537,0.001448767,0.0024883078,0.0035182823,0.002116284,1.9893342,0.23671082,0.25597798,0.25873043,0.48787201,1.0232238,1.1505247,0.40116979,0.93789781,1.6108722,2.2776535,1.3700327
57,near_core_9to11cities,11,建筑立面,住宅·楼房,Amsterdam,阿姆斯特丹,0.023346088,4.5622101,0.00030505952,0.023346088,0.18425258,2.9244239,Amsterdam|NewDelhi|Dhaka|MexicoCity|CapeTown|Sydney|Paris|HongKong|Jakarta|SaoPaulo|Singapore,0.0026945153,0.00060586735,0.023346088,0.0046364796,0.0041241497,0.0018771259,0.0049744898,0.0045727041,0.0019387755,0.0057397959,0.0065922619,0.00030505952,0.52655266,0.11839646,4.5622101,0.90604445,0.80592675,0.3668213,0.97209721,0.89358167,0.37886866,1.1216506,1.2882365,0.059613654
58,unused,0,车辆,车辆,MexicoCity,墨西哥城,0.00041772959,1.7952036,8.6096939e-05,0.00041772959,0.033332742,3.4654659,,0.00029655612,0.00019238946,0.00017219388,0.00024978741,0.00025722789,0.00026573129,0.00041772959,0.00037096088,0.00021789966,0.00012542517,8.6096939e-05,0.00014030612,1.2744576,0.82679863,0.74000761,1.0734678,1.1054435,1.1419871,1.7952036,1.5942139,0.93642938,0.53901789,0.37000381,0.60296916
59,accessory_6to8cities,7,植被,树冠,Paris,巴黎,0.0033630952,3.8013616,1.8069728e-05,0.0033630952,0.21386906,2.8182499,Paris|CapeTown|Sydney|MexicoCity|Jakarta|SaoPaulo|Amsterdam,0.00020939626,0.00026892007,0.00060693027,0.0019494048,0.0033630952,0.00089285714,0.00094494048,0.0013881803,0.0009162415,1.9132653e-05,1.8069728e-05,3.9328231e-05,0.23668402,0.30396476,0.68602323,2.2034441,3.8013616,1.0092111,1.0680817,1.5690829,1.0356428,0.021625951,0.020424509,0.044453344
60,unused,0,路面·道路,路口·人行道,HongKong,香港,0.0003380102,1.7848456,0.00010097789,0.0003380102,0.027171004,3.4875555,,0.0003380102,0.00032312925,0.00016262755,0.00010097789,0.0001817602,0.00013392857,0.00015412415,0.00010310374,0.00016262755,0.00021045918,0.00020939626,0.00019238946,1.7848456,1.7062675,0.85874649,0.5332086,0.95977549,0.70720299,0.81384471,0.54443405,0.85874649,1.111319,1.1057063,1.0159027
61,regional_3to5cities,3,建筑立面,建筑·结构,Jakarta,雅加达,0.0030867347,3.5951718,4.7831633e-05,0.0030867347,0.26574514,2.6322762,Jakarta|Dhaka|Manila,0.00019664116,0.00021364796,0.00041879252,0.00011798469,0.00027954932,0.00025829082,0.0002997449,4.7831633e-05,0.0030867347,0.0030133929,0.00044005102,0.0019302721,0.22903126,0.24883937,0.48777468,0.13741876,0.32559579,0.30083565,0.34911792,0.055710306,3.5951718,3.5097493,0.51253482,2.2482204
62,pair_specific_2cities,2,建筑立面,矮墙·巷弄,Sydney,悉尼,0.0063977466,7.3009198,1.1692177e-05,0.0063977466,0.50738401,1.7660098,Sydney|CapeTown,0.00023915816,0.00029761905,9.9914966e-05,0.0025063776,0.00038690476,8.2908163e-05,0.00036564626,0.0063977466,7.7593537e-05,3.1887755e-05,1.1692177e-05,1.8069728e-05,0.27292025,0.33963408,0.11402001,2.8602042,0.44152431,0.094612352,0.41726473,7.3009198,0.088547458,0.036389366,0.013342768,0.020620641
63,pair_specific_2cities,2,建筑立面,住宅·楼房,Jakarta,雅加达,0.056513605,11.589755,0,0.056513605,0.93476268,0.23387333,Jakarta|Manila,0,0.00019876701,0,0,0,1.0629252e-06,0,0,0.056513605,1.8069728e-05,1.0629252e-06,0.0017814626,0,0.040762943,0,0,0,0.00021798365,0,0,11.589755,0.0037057221,0.00021798365,0.3653406
64,unused,0,路面·道路,车行道,CapeTown,开普敦,9.8852041e-05,4.9821426,1.0629252e-06,9.8852041e-05,0.24696837,2.6995901,,2.3384354e-05,7.4404762e-06,1.0629252e-06,9.8852041e-05,1.0629252e-05,1.0629252e-05,3.5076531e-05,4.2517007e-06,3.1887755e-06,3.1887755e-06,2.9761905e-05,1.0629252e-05,1.1785714,0.37499998,0.053571426,4.9821426,0.53571426,0.53571426,1.7678571,0.2142857,0.16071428,0.16071428,1.4999999,0.53571426
65,regional_3to5cities,3,建筑立面,住宅·楼房,Dhaka,达卡,0.010572917,8.5065564,0,0.010572917,0.66921234,1.1858613,Dhaka|Jakarta|Manila,4.4642857e-05,2.3384354e-05,0,0,0,6.377551e-06,0,0,0.002670068,0.010572917,0,0.0015975765,0.035917902,0.018814139,0,0,0,0.0051311288,0,0,2.1482326,8.5065564,0,1.2853478
66,accessory_6to8cities,7,路面·道路,车行道,NewDelhi,新德里,0.0041581633,3.1802723,0.00011692177,0.0041581633,0.16756576,2.9842455,NewDelhi|Manila|Jakarta|Dhaka|SaoPaulo|MexicoCity|HongKong,0.00073767007,0.00048469388,0.00029443027,0.00011692177,0.00037733844,0.0011468963,0.001122449,0.00018388605,0.0027614796,0.001377551,0.0041581633,0.0029283588,0.56418942,0.37070659,0.225188,0.089424836,0.28859833,0.87717634,0.85847842,0.14064088,2.112052,1.0535872,3.1802723,2.2396857
67,regional_3to5cities,4,植被,沿墙绿篱,Dhaka,达卡,0.0055612245,4.9880035,8.5034014e-06,0.0055612245,0.4212084,2.0749462,Dhaka|Amsterdam|Jakarta|Manila,0.00047087585,3.1887755e-05,0.0047948554,8.5034014e-06,0.00032312925,3.9328231e-05,9.5663265e-06,1.3818027e-05,0.00096407313,0.0055612245,0.00027636054,0.00088541667,0.42234051,0.028600937,4.3006276,0.0076269167,0.28982283,0.03527449,0.0085802812,0.01239374,0.86470168,4.9880035,0.24787479,0.7941527
68,regional_3to5cities,3,建筑立面,建筑·结构,SaoPaulo,圣保罗,0.00063562925,2.516129,8.5034014e-06,0.00063562925,0.14222482,3.0750919,SaoPaulo|Jakarta|Manila,0.00039753401,4.0391156e-05,8.1845238e-05,8.5034014e-06,0.00013286565,0.00063562925,0.0002954932,5.4209184e-05,0.00052189626,0.0001519983,0.00019238946,0.00051870748,1.5736325,0.1598878,0.32398317,0.033660589,0.5259467,2.516129,1.1697055,0.21458625,2.0659186,0.60168303,0.76157082,2.0532959
69,city_unique_1city,1,路面·道路,车行道,SaoPaulo,圣保罗,0.00051445578,1.807094,0.00012223639,0.00051445578,0.036318985,3.4547603,SaoPaulo,0.0003125,0.00042517007,0.00012223639,0.00021152211,0.00030293367,0.00051445578,0.00039115646,0.00034438776,0.00021471088,0.00012755102,0.00014243197,0.00030718537,1.0976976,1.4934661,0.4293715,0.74299938,1.0640946,1.807094,1.3739888,1.2097075,0.75420037,0.44803982,0.50031114,1.0790292
70,accessory_6to8cities,7,路面·道路,车行道,MexicoCity,墨西哥城,0.00068239796,1.3291925,0.00033163265,0.00068239796,0.008597122,3.5541421,MexicoCity|Singapore|SaoPaulo|Jakarta|Sydney|Paris|Amsterdam,0.00042517007,0.00063137755,0.00052721088,0.00043261054,0.00053571429,0.00061862245,0.00068239796,0.00054421769,0.00057823129,0.00035820578,0.00033163265,0.00049532313,0.82815735,1.2298137,1.0269151,0.8426501,1.0434783,1.2049689,1.3291925,1.0600414,1.126294,0.69772257,0.64596273,0.96480331
71,unused,0,建筑立面,矮墙·巷弄,Manila,马尼拉,0.00038903061,2.2803738,5.3146259e-05,0.00038903061,0.079524304,3.2998709,,0.00023384354,6.8027211e-05,5.3146259e-05,7.6530612e-05,5.7397959e-05,0.0001647534,0.00026785714,6.2712585e-05,0.00025616497,0.00014880952,0.00026892007,0.00038903061,1.3707165,0.39875389,0.31152648,0.44859813,0.3364486,0.96573208,1.5700934,0.36760124,1.5015576,0.87227414,1.576324,2.2803738
72,near_core_9to11cities,11,路面·道路,车行道,MexicoCity,墨西哥城,0.002571216,1.7599127,0.00040391156,0.002571216,0.044950027,3.4238183,MexicoCity|SaoPaulo|NewDelhi|Singapore|Amsterdam|Paris|Manila|HongKong|Dhaka|Jakarta|Sydney,0.001136267,0.0019100765,0.0016379677,0.00040391156,0.0014105017,0.0024479167,0.002571216,0.00050595238,0.0009672619,0.0011203231,0.002102466,0.0013180272,0.77773736,1.3073845,1.121135,0.27646417,0.96544198,1.6755184,1.7599127,0.34630775,0.66205893,0.7668243,1.4390688,0.90214623
73,core_universal_12cities,12,建筑立面,建筑·结构,Singapore,新加坡,0.0048246173,2.50232,0.000625,0.0048246173,0.061183676,3.3656213,Singapore|HongKong|Amsterdam|MexicoCity|SaoPaulo|Paris|CapeTown|Sydney|NewDelhi|Manila|Jakarta|Dhaka,0.0030346514,0.0048246173,0.0028241922,0.0017591412,0.0018090986,0.0018377976,0.0019005102,0.001392432,0.00067814626,0.000625,0.0013137755,0.0011373299,1.5739422,2.50232,1.4647861,0.91239032,0.9383011,0.95318602,0.98571232,0.72219415,0.35172509,0.32416043,0.68139845,0.58988377
74,core_universal_12cities,12,路面·道路,车行道,CapeTown,开普敦,0.0063180272,1.2469494,0.0038477891,0.0063180272,0.0041775547,3.5699861,CapeTown|Jakarta|MexicoCity|Manila|Sydney|Dhaka|SaoPaulo|NewDelhi|Amsterdam|Paris|HongKong|Singapore,0.0041422194,0.0038477891,0.0046141582,0.0063180272,0.0045673895,0.0048703231,0.0057536139,0.0055527211,0.0059215561,0.0049107143,0.0046524235,0.0056505102,0.81752386,0.75941401,0.91066746,1.2469494,0.90143701,0.96122513,1.1355547,1.0959057,1.1687004,0.96919688,0.91821964,1.1152058
75,near_core_9to11cities,10,车辆,车辆,NewDelhi,新德里,0.0023363095,2.2683179,0.0002954932,0.0023363095,0.045572347,3.4215873,NewDelhi|HongKong|Dhaka|Singapore|Manila|MexicoCity|Amsterdam|Jakarta|SaoPaulo|Paris,0.0014849065,0.0011724065,0.00087266156,0.0002954932,0.00082908163,0.00083439626,0.00098639456,0.00042198129,0.00083971088,0.0012627551,0.0023363095,0.0010235969,1.4416925,1.1382869,0.84726522,0.2868937,0.80495356,0.81011352,0.95768834,0.40970072,0.81527348,1.2260062,2.2683179,0.99380805
76,core_universal_12cities,12,路面·道路,车行道,Singapore,新加坡,0.0090114796,2.1899903,0.0010257228,0.0090114796,0.061637805,3.3639933,Singapore|Sydney|HongKong|SaoPaulo|CapeTown|MexicoCity|Amsterdam|Paris|Manila|Jakarta|NewDelhi|Dhaka,0.0055569728,0.0090114796,0.0038084609,0.0051339286,0.0031430697,0.0054963861,0.0043579932,0.0063743622,0.0016124575,0.0010257228,0.0015837585,0.0022735969,1.3504682,2.1899903,0.92554085,1.247659,0.76383597,1.3357443,1.0590894,1.549112,0.39186309,0.24927349,0.3848886,0.55253471
77,core_universal_12cities,12,建筑立面,窗·竖构件,SaoPaulo,圣保罗,0.0052593537,1.6371006,0.0021109694,0.0052593537,0.015007387,3.5311616,SaoPaulo|MexicoCity|Manila|Paris|NewDelhi|Sydney|CapeTown|Dhaka|Jakarta|Singapore|HongKong|Amsterdam,0.0022778486,0.0024723639,0.0021109694,0.0027784864,0.0034821429,0.0052593537,0.0044919218,0.0029963861,0.0026403061,0.002756165,0.0034215561,0.003863733,0.70903526,0.76958284,0.65709008,0.86487083,1.0839009,1.6371006,1.3982189,0.93269734,0.82185889,0.85792274,1.0650418,1.20268
78,unused,0,路面·道路,车行道,Sydney,悉尼,5.1020408e-05,3.7161288,0,5.1020408e-05,0.27002127,2.6169464,,1.8069728e-05,1.0629252e-06,3.4013605e-05,1.0629252e-06,2.5510204e-05,6.377551e-06,1.9132653e-05,5.1020408e-05,0,0,8.5034014e-06,0,1.3161289,0.077419349,2.4774192,0.077419349,1.8580644,0.4645161,1.3935483,3.7161288,0,0,0.61935479,0
79,regional_3to5cities,4,建筑立面,沿街立面,HongKong,香港,0.0051870748,7.6981727,2.7636054e-05,0.0051870748,0.44285434,1.9973463,HongKong|Paris|Sydney|NewDelhi,0.0051870748,0.00011585884,0.00010310374,7.3341837e-05,0.00065795068,0.00010948129,7.7593537e-05,0.00064094388,2.7636054e-05,0.00024872449,0.00050595238,0.0003380102,7.6981727,0.17194689,0.15301696,0.10884711,0.97646904,0.16248192,0.11515709,0.95122913,0.041014855,0.36913369,0.75088734,0.50164322
80,regional_3to5cities,5,建筑立面,沿街立面,Dhaka,达卡,0.012971939,5.3193854,2.1258503e-06,0.012971939,0.42930127,2.0459335,Dhaka|Jakarta|Manila|CapeTown|SaoPaulo,5.1020408e-05,2.3384354e-05,2.1258503e-06,0.0015125425,1.4880952e-05,0.00093431122,0.00034970238,3.5076531e-05,0.0065890731,0.012971939,0.00025935374,0.006519983,0.02092187,0.0095891904,0.00087174458,0.62024627,0.006102212,0.38313174,0.14340198,0.014383786,2.7019723,5.3193854,0.10635284,2.6736406
81,near_core_9to11cities,11,路面·道路,车行道,MexicoCity,墨西哥城,0.0019610969,2.1784906,0.00030293367,0.0019610969,0.047930014,3.4131352,MexicoCity|SaoPaulo|Manila|Paris|HongKong|Jakarta|Dhaka|Amsterdam|Singapore|CapeTown|NewDelhi,0.00094387755,0.00061118197,0.000625,0.00055803571,0.0010204082,0.0015656888,0.0019610969,0.00030293367,0.00083545918,0.0006547619,0.00053465136,0.0011894133,1.0485093,0.67893339,0.69428318,0.6198957,1.1335236,1.7392502,2.1784906,0.33651481,0.92807242,0.72734429,0.59391912,1.3212634
82,near_core_9to11cities,10,路面·道路,车行道,Sydney,悉尼,0.0013190901,1.6127355,0.00015412415,0.0013190901,0.04138566,3.4365965,Sydney|Amsterdam|Paris|Singapore|MexicoCity|SaoPaulo|Manila|CapeTown|Jakarta|HongKong,0.00055803571,0.0010140306,0.0012935799,0.00069196429,0.0011883503,0.0009417517,0.00097151361,0.0013190901,0.00059311224,0.00015412415,0.00039115646,0.00069834184,0.68226121,1.2397661,1.5815465,0.8460039,1.4528915,1.151397,1.1877843,1.6127355,0.7251462,0.18843405,0.47823262,0.85380117
83,regional_3to5cities,4,路面·道路,车行道,NewDelhi,新德里,0.00096832483,2.5948255,3.8265306e-05,0.00096832483,0.11819815,3.1612266,NewDelhi|HongKong|MexicoCity|SaoPaulo,0.00077062075,0.00010204082,9.247449e-05,3.8265306e-05,0.00032738095,0.00052933673,0.00055272109,6.8027211e-05,0.00025935374,0.00032631803,0.00096832483,0.0004432398,2.0650368,0.27343935,0.24780441,0.10253976,0.87728459,1.4184666,1.4811298,0.1822929,0.69499169,0.87443627,2.5948255,1.1877522
84,core_universal_12cities,12,天空·远景,天空·远景,CapeTown,开普敦,0.0033428997,1.4851251,0.001150085,0.0033428997,0.013750412,3.5356678,CapeTown|MexicoCity|Amsterdam|Sydney|Paris|Manila|SaoPaulo|Singapore|Jakarta|HongKong|NewDelhi|Dhaka,0.001775085,0.0020801446,0.0026881378,0.0033428997,0.0024447279,0.0022619048,0.0027455357,0.0026817602,0.0020227466,0.001150085,0.0014764031,0.0023416241,0.78860381,0.92413033,1.1942389,1.4851251,1.0861011,1.0048796,1.2197387,1.1914056,0.89863057,0.51093971,0.65591059,1.0402959
85,near_core_9to11cities,10,建筑立面,建筑·结构,MexicoCity,墨西哥城,0.0037510629,1.8590807,0.00031994048,0.0037510629,0.06510852,3.3515509,MexicoCity|NewDelhi|SaoPaulo|Dhaka|Manila|Jakarta|Amsterdam|Paris|HongKong|CapeTown,0.0015848214,0.0004730017,0.0018973214,0.00077806122,0.0016124575,0.0029751276,0.0037510629,0.00031994048,0.0020131803,0.0028199405,0.003181335,0.0028061224,0.78546029,0.23442645,0.94033979,0.38561833,0.79915712,1.474516,1.8590807,0.1585671,0.9977611,1.3976031,1.5767154,1.3907546
86,pair_specific_2cities,2,车辆,车辆,MexicoCity,墨西哥城,0.0051190476,8.0233236,0,0.0051190476,0.74183865,0.92549877,MexicoCity|SaoPaulo,0,0,0,4.2517007e-06,0,0.0025308248,0.0051190476,0,0,0,0,2.1258503e-06,0,0,0,0.00666389,0,3.9666805,8.0233236,0,0,0,0,0.003331945
87,accessory_6to8cities,7,车辆,车辆,NewDelhi,新德里,0.0011160714,1.7422566,3.8265306e-05,0.0011160714,0.063362415,3.3578106,NewDelhi|Amsterdam|Sydney|Paris|SaoPaulo|Jakarta|Manila,0.00042304422,0.00026466837,0.001036352,0.00031462585,0.00089285714,0.0007769983,0.00044642857,0.00098214286,0.00077593537,3.8265306e-05,0.0011160714,0.00061968537,0.66039823,0.41316372,1.6178097,0.49115044,1.3938053,1.2129425,0.69690265,1.5331858,1.2112832,0.059734513,1.7422566,0.96736726
88,accessory_6to8cities,7,植被,树冠,Sydney,悉尼,0.012520196,7.789056,2.1258503e-06,0.012520196,0.4730346,1.8891512,Sydney|MexicoCity|CapeTown|HongKong|SaoPaulo|NewDelhi|Dhaka,0.0010671769,0.00020089286,2.1258503e-06,0.0013605442,7.4404762e-06,0.00096938776,0.0016730442,0.012520196,2.5510204e-05,0.00062818878,0.00077062075,6.377551e-05,0.66391139,0.12497934,0.0013225326,0.8464209,0.0046288643,0.60307489,1.0408332,7.789056,0.015870392,0.3908084,0.47941809,0.039675979
89,unused,0,路面·道路,车行道,Amsterdam,阿姆斯特丹,6.377551e-05,2.0689655,8.5034014e-06,6.377551e-05,0.062284932,3.3616734,,4.1454082e-05,8.5034014e-06,6.377551e-05,5.3146259e-05,3.9328231e-05,2.2321429e-05,2.3384354e-05,2.3384354e-05,4.2517007e-05,1.1692177e-05,9.5663265e-06,3.082483e-05,1.3448275,0.27586206,2.0689655,1.7241379,1.275862,0.72413791,0.75862067,0.75862067,1.3793103,0.37931033,0.31034482,0.99999997
90,accessory_6to8cities,8,建筑立面,建筑·结构,NewDelhi,新德里,0.0027306548,2.4424022,8.8222789e-05,0.0027306548,0.13327961,3.1071601,NewDelhi|Dhaka|SaoPaulo|MexicoCity|Manila|HongKong|Jakarta|Paris,0.0012223639,8.8222789e-05,0.00031356293,0.00017963435,0.00055803571,0.0018973214,0.0015072279,0.00010948129,0.0010480442,0.0024022109,0.0027306548,0.0013594813,1.0933291,0.07890984,0.28046268,0.16067184,0.49912851,1.6970369,1.3481223,0.097924259,0.93741087,2.1486294,2.4424022,1.2159721
91,regional_3to5cities,3,路面·道路,路肩·开阔地,Dhaka,达卡,0.0010289116,2.9025487,0.00010204082,0.0010289116,0.09462876,3.2457219,Dhaka|NewDelhi|HongKong,0.00053358844,0.00013286565,0.00030612245,0.00010204082,0.00023915816,0.00023278061,0.00025085034,0.00016369048,0.00029761905,0.0010289116,0.00074192177,0.00022427721,1.5052474,0.37481259,0.86356821,0.28785607,0.67466267,0.65667166,0.70764617,0.46176911,0.83958021,2.9025487,2.0929535,0.63268366
92,unused,0,建筑立面,窗·竖构件,SaoPaulo,圣保罗,0.00025935374,1.4345909,0.00011054422,0.00025935374,0.015441373,3.5296058,,0.00016369048,0.00020833333,0.00011054422,0.00022534014,0.00012436224,0.00025935374,0.00020301871,0.00020727041,0.00012436224,0.00015306122,0.00013605442,0.00025403912,0.90543851,1.1523763,0.61146496,1.2464478,0.68789809,1.4345909,1.1229789,1.1464968,0.68789809,0.8466438,0.75257226,1.4051935
93,accessory_6to8cities,6,建筑立面,矮墙·巷弄,Jakarta,雅加达,0.0031292517,3.5577039,0.00019876701,0.0031292517,0.13220515,3.111012,Jakarta|Manila|Singapore|Paris|Dhaka|CapeTown,0.0003380102,0.0013743622,0.00037521259,0.00065795068,0.0011490221,0.00046662415,0.00030187075,0.00030718537,0.0031292517,0.00082057823,0.00019876701,0.0014360119,0.38429003,1.5625378,0.4265861,0.74803625,1.3063444,0.53051359,0.34320242,0.34924471,3.5577039,0.93293051,0.22598187,1.6326284
94,regional_3to5cities,5,植被,树冠,Jakarta,雅加达,0.0017814626,3.2777053,3.4013605e-05,0.0017814626,0.23054832,2.7584554,Jakarta|Dhaka|Singapore|Manila|HongKong,0.0006462585,0.001192602,6.2712585e-05,0.00014668367,3.4013605e-05,0.00016262755,5.1020408e-05,0.00016262755,0.0017814626,0.0014190051,7.4404762e-05,0.00078869048,1.1890482,2.1942634,0.11538462,0.26988266,0.062581486,0.29921773,0.093872229,0.29921773,3.2777053,2.6108214,0.136897,1.4511082
95,unused,0,路面·道路,车行道,Manila,马尼拉,0.00038052721,1.6900079,6.164966e-05,0.00038052721,0.037623309,3.4500843,,0.00012542517,0.00027104592,9.672619e-05,0.00023490646,0.00015837585,0.00029336735,0.00032312925,6.164966e-05,0.00027954932,0.00022427721,0.00025297619,0.00038052721,0.5570417,1.2037765,0.429583,1.043273,0.70338316,1.3029111,1.4350905,0.27380016,1.2415421,0.99606609,1.1235248,1.6900079
96,accessory_6to8cities,7,建筑立面,沿街立面,HongKong,香港,0.0072704082,5.1739788,0,0.0072704082,0.30170405,2.5033648,HongKong|Paris|Singapore|SaoPaulo|Amsterdam|Jakarta|Manila,0.0072704082,0.0027189626,0.00083227041,3.082483e-05,0.0029379252,0.00083758503,0.00046237245,0.00040072279,0.00072278912,0,0.00010310374,0.00054528061,5.1739788,1.934947,0.59228442,0.02193646,2.0907716,0.59606657,0.3290469,0.28517398,0.51437216,0,0.073373676,0.38804841
97,near_core_9to11cities,9,建筑立面,沿街立面,HongKong,香港,0.037586097,3.8903487,4.2517007e-06,0.037586097,0.32865805,2.4067357,HongKong|Manila|MexicoCity|Jakarta|Singapore|Dhaka|Sydney|SaoPaulo|NewDelhi,0.037586097,0.005397534,0.0002997449,0.00017857143,4.2517007e-06,0.0007557398,0.01795068,0.001974915,0.013245111,0.003522534,0.00064944728,0.034371811,3.8903487,0.55867172,0.031025093,0.018483034,0.00044007225,0.078222842,1.857985,0.20441356,1.3709351,0.36459986,0.067221035,3.557654
98,core_universal_12cities,12,建筑立面,沿街立面,Sydney,悉尼,0.0037425595,2.1951372,0.00054315476,0.0037425595,0.068111771,3.3407844,Sydney|Singapore|CapeTown|HongKong|SaoPaulo|Paris|MexicoCity|Manila|Jakarta|Amsterdam|NewDelhi|Dhaka,0.0019143282,0.0035884354,0.00090348639,0.0027062075,0.0014243197,0.0014498299,0.001391369,0.0037425595,0.0009630102,0.00054315476,0.00073873299,0.00109375,1.122818,2.1047382,0.52992519,1.5872818,0.83541147,0.85037406,0.81608479,2.1951372,0.5648379,0.31857855,0.43329177,0.6415212
99,core_universal_12cities,12,路面·道路,路口·人行道,Singapore,新加坡,0.0061373299,1.4662886,0.0027519133,0.0061373299,0.014146068,3.5342494,Singapore|Dhaka|Sydney|HongKong|Amsterdam|Paris|Manila|SaoPaulo|NewDelhi|MexicoCity|Jakarta|CapeTown,0.0049989371,0.0061373299,0.0042655187,0.0027519133,0.0041145833,0.0036447704,0.0030240221,0.0055931122,0.0027848639,0.0056590136,0.0034747024,0.003778699,1.1943116,1.4662886,1.0190883,0.65746815,0.98302789,0.87078343,0.72247852,1.3362678,0.6653405,1.3520125,0.83015194,0.90278072
100,near_core_9to11cities,10,植被,树丛·灌木,Dhaka,达卡,0.043083546,3.9398647,0.00010948129,0.043083546,0.24053997,2.7226357,Dhaka|Jakarta|Manila|Singapore|Sydney|NewDelhi|SaoPaulo|HongKong|MexicoCity|CapeTown,0.0039806548,0.013076105,0.00010948129,0.0019685374,0.00019876701,0.0045184949,0.0024043367,0.0072927296,0.02650085,0.043083546,0.0053295068,0.022760417,0.36401928,1.1957717,0.010011745,0.18001701,0.018176664,0.41320319,0.21986959,0.66689887,2.4234255,3.9398647,0.48736787,2.0813738
101,pair_specific_2cities,2,路面·道路,车行道,Amsterdam,阿姆斯特丹,0.047658376,11.340373,0,0.047658376,0.88692694,0.40536268,Amsterdam|Jakarta,0.00010841837,0.0001647534,0.047658376,0.00014987245,0.00047831633,4.2517007e-06,0,4.4642857e-05,0.0017304422,9.1411565e-05,0,0,0.025798293,0.039203288,11.340373,0.035662346,0.113816,0.0010116978,0,0.010622826,0.41176099,0.021751502,0,0
102,regional_3to5cities,5,路面·道路,车行道,Sydney,悉尼,0.018891369,8.3174479,0,0.018891369,0.6051048,1.4156845,Sydney|CapeTown|Singapore|Paris|SaoPaulo,1.2755102e-05,0.0012701956,0.00018920068,0.0051573129,0.00093856293,0.00070684524,2.0195578e-05,0.018891369,0,0,0,6.9090136e-05,0.0056157866,0.55923875,0.083300835,2.2706497,0.4132283,0.31120817,0.0088916621,8.3174479,0,0,0,0.030418844
103,core_universal_12cities,12,植被,树丛·灌木,Singapore,新加坡,0.0088892432,3.1026743,0.00050170068,0.0088892432,0.089147855,3.2653708,Singapore|CapeTown|Sydney|Jakarta|HongKong|Manila|Dhaka|SaoPaulo|NewDelhi|Paris|MexicoCity|Amsterdam,0.0028284439,0.0088892432,0.00050170068,0.0039275085,0.001192602,0.0024819303,0.00094387755,0.0035926871,0.0028592687,0.0026605017,0.0016783588,0.0028241922,0.98723141,3.1026743,0.17511207,1.3708456,0.41626217,0.86628536,0.32944814,1.2539805,0.99799042,0.92861339,0.58580924,0.98574741
104,accessory_6to8cities,7,建筑立面,窗·竖构件,Singapore,新加坡,0.0058120748,4.1814938,0,0.0058120748,0.25912434,2.6560115,Singapore|Sydney|Amsterdam|HongKong|CapeTown|Paris|SaoPaulo,0.0020408163,0.0058120748,0.0021428571,0.0015157313,0.00069409014,0.00056228741,0.00016581633,0.0033205782,0.00015837585,0.00015306122,0,0.00011373299,1.4682641,4.1814938,1.5416773,1.090492,0.49936273,0.40453734,0.11929646,2.388988,0.11394341,0.11011981,0,0.081825134
105,core_universal_12cities,12,建筑立面,建筑·结构,Paris,巴黎,0.0020014881,1.4209533,0.0005994898,0.0020014881,0.027368202,3.4868485,Paris|SaoPaulo|Sydney|MexicoCity|Amsterdam|NewDelhi|Manila|HongKong|Singapore|Jakarta|CapeTown|Dhaka,0.0013275935,0.00099277211,0.0016879252,0.00066539116,0.0020014881,0.0019685374,0.0018718112,0.0019143282,0.00083333333,0.0005994898,0.0016103316,0.0014296344,0.94252295,0.704817,1.1983398,0.47239341,1.4209533,1.3975601,1.3288894,1.3590743,0.59162369,0.42560684,1.1432524,1.0149667
106,accessory_6to8cities,6,建筑立面,沿街立面,Dhaka,达卡,0.004900085,4.0688438,0.00010735544,0.004900085,0.23280285,2.750373,Dhaka|Jakarta|NewDelhi|Manila|MexicoCity|SaoPaulo,0.00024447279,0.00035820578,0.00021896259,0.0003210034,0.00012861395,0.00056016156,0.00088541667,0.00010735544,0.0026041667,0.004900085,0.0025744048,0.001548682,0.20300088,0.29744042,0.18181818,0.26654898,0.10679612,0.4651368,0.73521624,0.089143866,2.1624007,4.0688438,2.1376876,1.2859665
107,city_unique_1city,1,路面·道路,车行道,Amsterdam,阿姆斯特丹,0.035143495,12,0,0.035143495,1,-0,Amsterdam,0,0,0.035143495,0,0,0,0,0,0,0,0,0,0,0,12,0,0,0,0,0,0,0,0,0
108,city_unique_1city,1,车辆,车辆,Paris,巴黎,0.011946216,11.997865,0,0.011946216,0.99926057,0.0026508406,Paris,0,0,1.0629252e-06,1.0629252e-06,0.011946216,0,0,0,0,0,0,0,0,0,0.0010675207,0.0010675207,11.997865,0,0,0,0,0,0,0
109,accessory_6to8cities,6,路面·道路,路口·人行道,Amsterdam,阿姆斯特丹,0.0076031037,7.8835415,0,0.0076031037,0.48296253,1.8535599,Amsterdam|Paris|Sydney|Singapore|HongKong|CapeTown,0.00054846939,0.00057079082,0.0076031037,0.00052295918,0.0011851616,0.00031356293,0.00015306122,0.0006207483,2.2321429e-05,0,1.2755102e-05,2.0195578e-05,0.56869949,0.59184423,7.8835415,0.54224835,1.2288758,0.32512858,0.15870683,0.64364438,0.023144746,0,0.013225569,0.020940485
110,accessory_6to8cities,6,建筑立面,建筑·结构,Manila,马尼拉,0.018434311,4.3188346,0,0.018434311,0.35086469,2.3271257,Manila|SaoPaulo|NewDelhi|Dhaka|MexicoCity|Jakarta,9.5663265e-06,4.2517007e-06,0,2.1258503e-06,4.0391156e-05,0.013736182,0.0042463861,4.3579932e-05,0.004119898,0.0049819303,0.0056016156,0.018434311,0.0022412219,0.00099609861,0,0.00049804931,0.0094629368,3.2181456,0.99485349,0.010210011,0.96521956,1.1671786,1.3123599,4.3188346
111,near_core_9to11cities,10,植被,树丛·灌木,Dhaka,达卡,0.001618835,1.9727979,0.00023171769,0.001618835,0.048107485,3.412499,Dhaka|Paris|Sydney|Amsterdam|NewDelhi|Jakarta|Singapore|SaoPaulo|Manila|MexicoCity,0.00023171769,0.00071215986,0.0009672619,0.00030612245,0.0014083759,0.00069090136,0.00053784014,0.0011819728,0.00077806122,0.001618835,0.00082589286,0.00058779762,0.28238342,0.86787565,1.1787565,0.37305699,1.7163212,0.84196891,0.65544041,1.4404145,0.94818653,1.9727979,1.0064767,0.71632124
112,core_universal_12cities,12,植被,沿墙绿篱,HongKong,香港,0.0043643707,1.5654826,0.0011904762,0.0043643707,0.02621688,3.490976,HongKong|Sydney|MexicoCity|CapeTown|Singapore|SaoPaulo|Manila|Dhaka|Jakarta|Amsterdam|Paris|NewDelhi,0.0043643707,0.0034683248,0.0018835034,0.0036065051,0.0016857993,0.0029198554,0.0037606293,0.0038881803,0.001889881,0.0020918367,0.0011904762,0.0027051446,1.5654826,1.2440745,0.67560526,1.2936392,0.60468958,1.0473407,1.3489229,1.394675,0.67789286,0.75033361,0.42701913,0.97032471
113,city_unique_1city,1,建筑立面,住宅·楼房,Manila,马尼拉,0.00065688776,3.0682664,3.295068e-05,0.00065688776,0.11196634,3.1835674,Manila,0.00012436224,0.00012861395,3.295068e-05,9.0348639e-05,8.8222789e-05,0.00038584184,0.00025829082,7.6530612e-05,0.00035607993,0.00015731293,0.00021364796,0.00065688776,0.58088539,0.60074472,0.1539098,0.42201076,0.41208109,1.8022342,1.2064543,0.35746793,1.6632189,0.7347952,0.99793132,3.0682664
114,core_universal_12cities,12,路面·道路,车行道,CapeTown,开普敦,0.0032057823,1.3726769,0.0010682398,0.0032057823,0.010804401,3.5462291,CapeTown|SaoPaulo|Paris|HongKong|Sydney|Singapore|MexicoCity|Manila|Jakarta|NewDelhi|Amsterdam|Dhaka,0.0026126701,0.0025063776,0.0019579082,0.0032057823,0.0026434949,0.0028592687,0.0022884779,0.0025552721,0.002116284,0.0010682398,0.00203125,0.0021800595,1.1187135,1.0732003,0.83835242,1.3726769,1.1319123,1.224304,0.97989835,1.0941364,0.90616703,0.45740727,0.8697565,0.93347493
115,regional_3to5cities,4,建筑立面,沿街立面,SaoPaulo,圣保罗,0.0011150085,2.2583423,0.00014136905,0.0011150085,0.074386316,3.3182903,SaoPaulo|Manila|MexicoCity|Paris,0.00017006803,0.00032312925,0.00047619048,0.0004772534,0.00072916667,0.0011150085,0.00074936224,0.00026147959,0.0004432398,0.00014136905,0.00015625,0.00088222789,0.3444564,0.65446717,0.96447793,0.96663078,1.4768568,2.2583423,1.517761,0.52960172,0.8977395,0.28632939,0.31646932,1.7868676
116,near_core_9to11cities,10,建筑立面,住宅·楼房,NewDelhi,新德里,0.0037659439,2.3038908,0.00029761905,0.0037659439,0.097274833,3.2362359,NewDelhi|Amsterdam|Jakarta|MexicoCity|Manila|Paris|SaoPaulo|CapeTown|Dhaka|HongKong,0.00059417517,0.00029761905,0.0034481293,0.00094706633,0.0016177721,0.0013945578,0.0018856293,0.0003125,0.0029166667,0.00077593537,0.0037659439,0.0016592262,0.36349843,0.18207435,2.1094614,0.57938658,0.98970413,0.85314837,1.153571,0.19117806,1.7843286,0.47469383,2.3038908,1.0150645
117,near_core_9to11cities,9,建筑立面,住宅·楼房,Paris,巴黎,0.0066103316,2.7352294,0.00012223639,0.0066103316,0.15833813,3.0173262,Paris|Singapore|HongKong|SaoPaulo|Amsterdam|CapeTown|MexicoCity|Sydney|Manila,0.0042102466,0.0052572279,0.003025085,0.0018856293,0.0066103316,0.0037383078,0.001803784,0.0011341412,0.00017963435,0.00012223639,0.00014030612,0.00089392007,1.7421199,2.1753409,1.2517226,0.7802375,2.7352294,1.5468406,0.7463715,0.46928603,0.074329277,0.050579094,0.058056003,0.36988711
118,unused,0,建筑立面,住宅·楼房,MexicoCity,墨西哥城,0.00013392857,1.6744186,2.4447279e-05,0.00013392857,0.027335467,3.4869659,,9.3537415e-05,8.8222789e-05,9.247449e-05,5.3146259e-05,9.1411565e-05,2.4447279e-05,0.00013392857,6.377551e-05,7.3341837e-05,5.3146259e-05,0.00011798469,7.4404762e-05,1.1694352,1.10299,1.1561462,0.66445182,1.1428571,0.30564784,1.6744186,0.79734218,0.91694351,0.66445182,1.475083,0.93023255
119,core_universal_12cities,12,路面·道路,车行道,Manila,马尼拉,0.0040688776,1.3931398,0.0011798469,0.0040688776,0.012817706,3.5390115,Manila|Paris|Sydney|Jakarta|SaoPaulo|MexicoCity|Singapore|HongKong|Amsterdam|Dhaka|NewDelhi|CapeTown,0.002983631,0.0030208333,0.0026817602,0.0011798469,0.0034970238,0.0032185374,0.0030559099,0.003338648,0.003267432,0.0023713861,0.0023639456,0.0040688776,1.0215631,1.0343008,0.9182058,0.40396688,1.1973433,1.1019925,1.0463106,1.1431171,1.1187335,0.81193704,0.8093895,1.3931398
120,near_core_9to11cities,11,建筑立面,建筑·结构,NewDelhi,新德里,0.0051594388,2.7093353,0.00044642857,0.0051594388,0.092159458,3.2545743,NewDelhi|SaoPaulo|Jakarta|Manila|Paris|MexicoCity|HongKong|Singapore|Amsterdam|Sydney|Dhaka,0.0013467262,0.0013382228,0.0012266156,0.00044642857,0.0018292942,0.0036468963,0.001392432,0.00067602041,0.0029421769,0.00053039966,0.0051594388,0.0023171769,0.70719568,0.70273036,0.64412298,0.23442951,0.96060282,1.9150658,0.7311968,0.35499326,1.5450021,0.27852458,2.7093353,1.2168008
121,accessory_6to8cities,8,建筑立面,沿街立面,SaoPaulo,圣保罗,0.002230017,2.2508717,0.00025829082,0.002230017,0.071683671,3.3279792,SaoPaulo|MexicoCity|CapeTown|Singapore|HongKong|Sydney|Manila|Paris,0.0012808248,0.0012893282,0.00042304422,0.001477466,0.00068027211,0.002230017,0.0016284014,0.0010321003,0.00034332483,0.00037308673,0.00025829082,0.00087266156,1.2928029,1.3013858,0.42700045,1.491283,0.68663388,2.2508717,1.6436299,1.0417523,0.34653554,0.37657577,0.2607063,0.88082253
122,pair_specific_2cities,2,建筑立面,住宅·楼房,Amsterdam,阿姆斯特丹,0.026172406,11.376713,0,0.026172406,0.88381003,0.41653668,Amsterdam|Paris,3.295068e-05,1.8069728e-05,0.026172406,0.00021577381,0.00071215986,0.00019238946,6.377551e-05,7.0153061e-05,6.2712585e-05,0,5.6335034e-05,9.5663265e-06,0.014323117,0.0078546127,11.376713,0.093793316,0.30956415,0.083628523,0.027722162,0.030494379,0.027260126,0,0.02448791,0.0041583243
123,core_universal_12cities,12,路面·道路,车行道,MexicoCity,墨西哥城,0.0022183248,1.2260844,0.0012372449,0.0022183248,0.0043212824,3.5694709,MexicoCity|Sydney|Paris|SaoPaulo|Singapore|CapeTown|Jakarta|Manila|NewDelhi|Amsterdam|HongKong|Dhaka,0.0015497449,0.0019270833,0.001618835,0.0018633078,0.0020716412,0.0019706633,0.0022183248,0.0020960884,0.001733631,0.0012372449,0.0017070578,0.0017176871,0.85655537,1.0651131,0.894742,1.0298639,1.1450113,1.0892,1.2260844,1.1585234,0.95819054,0.68383433,0.94350338,0.94937824
124,near_core_9to11cities,9,路面·道路,路口·人行道,SaoPaulo,圣保罗,0.0037329932,3.1903104,0.00027636054,0.0037329932,0.11856914,3.1598966,SaoPaulo|MexicoCity|HongKong|Manila|CapeTown|Sydney|Paris|Singapore|NewDelhi,0.001619898,0.00059311224,0.00049638605,0.0010873724,0.00065263605,0.0037329932,0.0024468537,0.00099808673,0.00027636054,0.0002912415,0.00053996599,0.001306335,1.3844058,0.50688872,0.42422407,0.92929599,0.55775927,3.1903104,2.0911431,0.85299016,0.23618471,0.24890235,0.46146858,1.1164269
125,accessory_6to8cities,6,建筑立面,矮墙·巷弄,Manila,马尼拉,0.0033439626,3.7582877,9.0348639e-05,0.0033439626,0.22667455,2.7723428,Manila|Jakarta|NewDelhi|MexicoCity|Amsterdam|HongKong,0.00056760204,0.00039221939,0.00064519558,0.00013605442,0.00026785714,0.00030187075,0.00072810374,9.0348639e-05,0.0031834609,0.00025297619,0.00076743197,0.0033439626,0.63792932,0.44081633,0.72513688,0.1529119,0.3010453,0.33927327,0.81831757,0.10154306,3.5778994,0.28432056,0.86251867,3.7582877
126,unused,0,建筑立面,窗·竖构件,MexicoCity,墨西哥城,9.1411565e-05,2.1410788,1.3818027e-05,9.1411565e-05,0.042288639,3.4333593,,4.2517007e-05,3.5076531e-05,4.0391156e-05,2.9761905e-05,4.0391156e-05,4.9957483e-05,9.1411565e-05,1.4880952e-05,5.952381e-05,4.2517007e-05,1.3818027e-05,5.2083333e-05,0.9958506,0.82157674,0.94605807,0.69709542,0.94605807,1.1701245,2.1410788,0.34854771,1.3941908,0.9958506,0.32365144,1.219917
127,near_core_9to11cities,11,建筑立面,矮墙·巷弄,Paris,巴黎,0.0052008929,2.2969135,0.00029017857,0.0052008929,0.063384152,3.3577327,Paris|Manila|SaoPaulo|MexicoCity|Dhaka|Singapore|HongKong|Jakarta|NewDelhi|Amsterdam|CapeTown,0.002102466,0.0026116071,0.0011043793,0.00076318027,0.0052008929,0.0028241922,0.0027774235,0.00029017857,0.0018941327,0.0027338435,0.0016836735,0.0031855867,0.92852951,1.1533858,0.48773618,0.33704964,2.2969135,1.2472714,1.2266166,0.12815397,0.83652153,1.20737,0.7435747,1.4068771
128,core_universal_12cities,12,建筑立面,住宅·楼房,Dhaka,达卡,0.0092208759,2.4490084,0.0011298895,0.0092208759,0.065619079,3.3497206,Dhaka|Sydney|Singapore|Jakarta|CapeTown|Manila|MexicoCity|Paris|Amsterdam|NewDelhi|HongKong|SaoPaulo,0.0014221939,0.0051477466,0.0019377126,0.0043526786,0.002670068,0.0011298895,0.0031749575,0.0056568878,0.0045344388,0.0092208759,0.0016294643,0.0043048469,0.37772602,1.3672101,0.51464465,1.1560449,0.70915379,0.30009175,0.84324935,1.5024349,1.2043193,2.4490084,0.43277578,1.1433411
129,regional_3to5cities,5,建筑立面,建筑·结构,Manila,马尼拉,0.0016560374,2.6343525,0.0001477466,0.0016560374,0.080729599,3.2955499,Manila|Jakarta|NewDelhi|SaoPaulo|MexicoCity,0.00028911565,0.00048681973,0.0004772534,0.00040922619,0.0001477466,0.00059417517,0.00051870748,0.00039859694,0.001335034,0.00035395408,0.00087691327,0.0016560374,0.45991264,0.77441172,0.75919402,0.65097929,0.23502889,0.94518811,0.82513738,0.63407073,2.1237142,0.56305481,1.3949556,2.6343525
130,core_universal_12cities,12,建筑立面,建筑·结构,Dhaka,达卡,0.003607568,2.348518,0.00057716837,0.003607568,0.059619866,3.3712275,Dhaka|Singapore|Sydney|HongKong|MexicoCity|NewDelhi|Paris|Amsterdam|Jakarta|Manila|SaoPaulo|CapeTown,0.001264881,0.0031164966,0.0011118197,0.00057716837,0.0011755952,0.00080994898,0.0012181122,0.0022045068,0.0011022534,0.003607568,0.0011989796,0.0010459184,0.82343444,2.0288317,0.72379195,0.37573521,0.76530965,0.52727482,0.79298812,1.4351286,0.71756429,2.348518,0.78053281,0.68089032
131,city_unique_1city,1,路面·道路,车行道,Sydney,悉尼,0.000625,2.5960265,3.295068e-05,0.000625,0.11721735,3.1647427,Sydney,0.00023915816,0.00037308673,3.295068e-05,8.7159864e-05,0.00027529762,0.00040391156,0.00045386905,0.000625,8.9285714e-05,4.0391156e-05,8.1845238e-05,0.00018707483,0.99337748,1.5496689,0.13686534,0.3620309,1.1434879,1.6777042,1.8852097,2.5960265,0.37086093,0.16777042,0.33995585,0.77704194
132,accessory_6to8cities,8,路面·道路,车行道,MexicoCity,墨西哥城,0.0011543367,1.6554878,0.00022640306,0.0011543367,0.054000001,3.3913745,MexicoCity|SaoPaulo|Paris|Sydney|Amsterdam|NewDelhi|Manila|HongKong,0.00054209184,0.00032419218,0.00090667517,0.00027848639,0.0010554847,0.0011468963,0.0011543367,0.00094919218,0.00025191327,0.00022640306,0.00085140306,0.00068027211,0.77743902,0.46493902,1.3003049,0.39939024,1.5137195,1.6448171,1.6554878,1.3612805,0.36128049,0.32469512,1.2210366,0.97560975
133,accessory_6to8cities,8,植被,树丛·灌木,Jakarta,雅加达,0.0033025085,3.0764915,0.00019132653,0.0033025085,0.12735516,3.128399,Jakarta|Dhaka|Manila|Singapore|Paris|Amsterdam|SaoPaulo|CapeTown,0.00027529762,0.00095663265,0.00072172619,0.00071747449,0.00088541667,0.00071853741,0.0004772534,0.00036458333,0.0033025085,0.002486182,0.00019132653,0.0017846514,0.2564568,0.89116264,0.6723327,0.66837198,0.82482053,0.66936216,0.44459114,0.33963198,3.0764915,2.3160327,0.17823253,1.6625134
134,accessory_6to8cities,7,建筑立面,沿街立面,Dhaka,达卡,0.0099904337,3.5884318,1.9132653e-05,0.0099904337,0.29386742,2.5314588,Dhaka|NewDelhi|Manila|Jakarta|MexicoCity|CapeTown|SaoPaulo,0.00014243197,9.247449e-05,4.7831633e-05,0.0013594813,6.2712585e-05,0.00099064626,0.0021619898,1.9132653e-05,0.0048915816,0.0099904337,0.0085586735,0.0050914116,0.051159683,0.033215615,0.017180491,0.48830772,0.022525532,0.35582705,0.77655817,0.0068721962,1.7569915,3.5884318,3.0741624,1.8287678
135,accessory_6to8cities,8,植被,树丛·灌木,HongKong,香港,0.0022076956,2.2271468,0.00012011054,0.0022076956,0.11497082,3.1727964,HongKong|Dhaka|NewDelhi|Manila|Jakarta|SaoPaulo|Singapore|MexicoCity,0.0022076956,0.00072172619,0.00018813776,0.00016156463,0.00040922619,0.00073660714,0.00069621599,0.00012011054,0.0014179422,0.002172619,0.0015497449,0.0015136054,2.2271468,0.72808507,0.18979537,0.16298812,0.41283174,0.74309713,0.7023501,0.1211688,1.4304352,2.1917612,1.5633992,1.5269413
136,core_universal_12cities,12,建筑立面,矮墙·巷弄,Singapore,新加坡,0.0064742772,1.9799545,0.0010140306,0.0064742772,0.051120373,3.4016979,Singapore|Sydney|HongKong|SaoPaulo|CapeTown|Paris|MexicoCity|Amsterdam|Manila|Jakarta|NewDelhi|Dhaka,0.0045269983,0.0064742772,0.0030931122,0.0040295493,0.0032769983,0.0040561224,0.0031303146,0.0048745748,0.0012595663,0.0010140306,0.0010321003,0.002471301,1.3844404,1.9799545,0.9459313,1.2323112,1.0021671,1.2404378,0.95730848,1.4907357,0.38519883,0.31010944,0.3156355,0.75576986
137,core_universal_12cities,12,建筑立面,窗·竖构件,Dhaka,达卡,0.0013871173,1.6529449,0.00054315476,0.0013871173,0.015977892,3.5276824,Dhaka|CapeTown|NewDelhi|HongKong|Sydney|Singapore|Manila|SaoPaulo|MexicoCity|Paris|Jakarta|Amsterdam,0.00097576531,0.00083652211,0.00054315476,0.0011107568,0.00057716837,0.00072385204,0.00066645408,0.00091730442,0.00056228741,0.0013871173,0.00097576531,0.0007940051,1.1627612,0.99683344,0.64724509,1.3236225,0.68777707,0.86257125,0.79417353,1.0930969,0.67004433,1.6529449,1.1627612,0.94616846
138,unused,0,路面·道路,车行道,SaoPaulo,圣保罗,0.0003252551,1.5773196,5.3146259e-05,0.0003252551,0.04411524,3.426811,,0.00010735544,0.00016156463,0.00016794218,6.377551e-05,0.00022746599,0.0003252551,0.00026360544,5.3146259e-05,0.00028805272,0.00023384354,0.00029443027,0.00028805272,0.52061855,0.78350515,0.81443299,0.30927835,1.1030928,1.5773196,1.2783505,0.25773196,1.3969072,1.1340206,1.427835,1.3969072
139,accessory_6to8cities,7,植被,沿墙绿篱,Dhaka,达卡,0.0035905612,3.3500826,1.0629252e-05,0.0035905612,0.25728932,2.6625899,Dhaka|NewDelhi|Jakarta|Manila|HongKong|MexicoCity|SaoPaulo,0.00083014456,4.9957483e-05,5.3146259e-05,1.0629252e-05,3.5076531e-05,0.00070259354,0.00077593537,1.2755102e-05,0.0022151361,0.0035905612,0.0027317177,0.0018537415,0.77454545,0.04661157,0.049586777,0.0099173554,0.032727273,0.65553719,0.72396694,0.011900826,2.0667769,3.3500826,2.5487603,1.7295868
140,accessory_6to8cities,6,路面·道路,路口·人行道,Sydney,悉尼,0.0020259354,2.6417186,6.377551e-06,0.0020259354,0.16825327,2.9817808,Sydney|CapeTown|SaoPaulo|MexicoCity|Singapore|Paris,0.00041772959,0.00097789116,0.00033588435,0.0015837585,0.00078231293,0.0015646259,0.0011670918,0.0020259354,7.2278912e-05,4.0391156e-05,6.377551e-06,0.00022852891,0.54469854,1.2751213,0.43797644,2.0651421,1.020097,2.040194,1.5218295,2.6417186,0.094248094,0.052668053,0.0083160083,0.2979903
141,accessory_6to8cities,6,路面·道路,路口·人行道,Amsterdam,阿姆斯特丹,0.0014073129,2.5535198,0.00027848639,0.0014073129,0.049980399,3.4057846,Amsterdam|Paris|Singapore|MexicoCity|HongKong|CapeTown,0.00054421769,0.00068877551,0.0014073129,0.00053358844,0.0007514881,0.0003082483,0.00064732143,0.00034970238,0.00043579932,0.00027848639,0.00034438776,0.00032419218,0.98746384,1.2497589,2.5535198,0.96817743,1.3635487,0.55930569,1.1745419,0.63452266,0.79074253,0.50530376,0.62487946,0.58823529
142,regional_3to5cities,3,路面·道路,车行道,NewDelhi,新德里,0.0014477041,3.4700637,3.4013605e-05,0.0014477041,0.1996137,2.8693549,NewDelhi|Paris|CapeTown,0.00017644558,0.00026785714,7.9719388e-05,0.00092155612,0.0010076531,0.0004815051,0.00017644558,0.00026785714,3.4013605e-05,5.1020408e-05,0.0014477041,9.460034e-05,0.42292994,0.64203822,0.1910828,2.2089172,2.4152866,1.1541401,0.42292994,0.64203822,0.081528662,0.12229299,3.4700637,0.22675159
143,regional_3to5cities,4,植被,树丛·灌木,NewDelhi,新德里,0.0037468112,3.6927106,0,0.0037468112,0.41108213,2.1112485,NewDelhi|Dhaka|Manila|Jakarta,9.5663265e-06,0.00027954932,0,0,0,7.2278912e-05,6.377551e-06,1.5943878e-05,0.0015593112,0.0035597364,0.0037468112,0.002926233,0.0094281973,0.27551288,0,0,0,0.071235268,0.0062854649,0.015713662,1.5367962,3.508337,3.6927106,2.8839808
144,unused,0,车辆,车辆·店面,Manila,马尼拉,0.00035607993,2.066838,2.5510204e-05,0.00035607993,0.055438574,3.3862173,,0.00011267007,0.00020727041,2.5510204e-05,0.00017857143,7.2278912e-05,0.00024766156,0.00016262755,9.1411565e-05,0.00014668367,0.00022321429,0.00024340986,0.00035607993,0.65398457,1.2030848,0.14807198,1.0365039,0.41953727,1.4375321,0.94395886,0.53059126,0.85141388,1.2956298,1.4128535,2.066838
145,regional_3to5cities,3,建筑立面,住宅·楼房,Amsterdam,阿姆斯特丹,0.0054389881,6.4847397,1.4880952e-05,0.0054389881,0.51438978,1.7408944,Amsterdam|Singapore|Paris,3.8265306e-05,0.0031558248,0.0054389881,0.00011798469,0.00081313776,7.2278912e-05,0.00018282313,1.4880952e-05,7.9719388e-05,8.6096939e-05,3.5076531e-05,2.9761905e-05,0.045622558,3.7625937,6.4847397,0.14066955,0.96947935,0.086175942,0.21797444,0.017742106,0.095046995,0.10265075,0.041820678,0.035484212
146,accessory_6to8cities,8,建筑立面,住宅·楼房,Paris,巴黎,0.0044610969,4.4117029,4.9957483e-05,0.0044610969,0.18055524,2.9376787,Paris|Singapore|NewDelhi|Amsterdam|MexicoCity|Dhaka|Manila|Jakarta,4.9957483e-05,0.0017421344,0.0009162415,0.00018388605,0.0044610969,0.0004559949,0.00091305272,0.00034332483,0.00057716837,0.00082376701,0.0010746173,0.00059311224,0.049404345,1.7228451,0.90609671,0.18185003,4.4117029,0.45094604,0.90294324,0.33952348,0.57077786,0.81464611,1.062719,0.5865452
147,regional_3to5cities,4,植被,沿墙绿篱,HongKong,香港,0.0012287415,3.0481213,6.0586735e-05,0.0012287415,0.09745198,3.2356008,HongKong|Manila|Dhaka|SaoPaulo,0.0012287415,0.00030080782,0.00028380102,6.0586735e-05,0.00015518707,0.00050488946,0.00033588435,0.00010097789,0.00031356293,0.00053890306,0.00038477891,0.0006292517,3.0481213,0.74620962,0.70402109,0.15029664,0.38497034,1.252472,0.83322347,0.2504944,0.77785102,1.336849,0.95451549,1.5609756
148,accessory_6to8cities,7,建筑立面,建筑·结构,Sydney,悉尼,0.0043707483,3.7667176,1.9132653e-05,0.0043707483,0.25847663,2.6583335,Sydney|CapeTown|Paris|Manila|SaoPaulo|Singapore|Jakarta,1.9132653e-05,0.00073022959,0.0001264881,0.0040306122,0.0012744473,0.0010002126,0.00018494898,0.0043707483,0.00059204932,0.00031356293,2.5510204e-05,0.0012563776,0.01648855,0.62931298,0.10900763,3.4735878,1.0983206,0.86198473,0.15938931,3.7667176,0.51022901,0.27022901,0.021984733,1.0827481
149,near_core_9to11cities,11,建筑立面,建筑·结构,HongKong,香港,0.0055569728,2.5043312,0.00046875,0.0055569728,0.076429838,3.3109644,HongKong|Paris|NewDelhi|Singapore|Dhaka|Amsterdam|SaoPaulo|MexicoCity|Manila|Jakarta|Sydney,0.0055569728,0.002827381,0.0024649235,0.00046875,0.0034502551,0.0019047619,0.0014540816,0.00064944728,0.00082801871,0.0028071854,0.0028847789,0.0013307823,2.5043312,1.2742006,1.1108539,0.21124905,1.554908,0.85840885,0.65530318,0.29268293,0.37315876,1.2650992,1.3000679,0.59973654
150,accessory_6to8cities,8,植被,沿墙绿篱,Jakarta,雅加达,0.0018643707,2.421537,0.00011267007,0.0018643707,0.085502831,3.2784381,Jakarta|HongKong|Manila|Dhaka|CapeTown|Singapore|NewDelhi|Paris,0.001547619,0.00074511054,0.00048256803,0.00075892857,0.00050063776,0.00031143707,0.00024128401,0.00011267007,0.0018643707,0.00077487245,0.00066857993,0.0012308673,2.0101242,0.96778647,0.62678325,0.98573401,0.65025311,0.40450989,0.31339162,0.14634146,2.421537,1.0064427,0.86838472,1.5987115
151,near_core_9to11cities,10,建筑立面,沿街立面,Singapore,新加坡,0.0049266582,1.8714041,4.4642857e-05,0.0049266582,0.083804981,3.2845248,Singapore|SaoPaulo|Sydney|Manila|CapeTown|Paris|Amsterdam|MexicoCity|Jakarta|HongKong,0.0012967687,0.0049266582,0.0026838861,0.0032791241,0.0030208333,0.0044610969,0.0023448129,0.0039987245,0.0015040391,0.00036458333,4.4642857e-05,0.0036660289,0.492581,1.8714041,1.0194812,1.2455839,1.1474715,1.6945594,0.89068335,1.518926,0.57131321,0.13848794,0.016957707,1.3925507
152,near_core_9to11cities,9,建筑立面,沿街立面,Paris,巴黎,0.0042974065,3.002042,0.00010841837,0.0042974065,0.1397414,3.0839948,Paris|Amsterdam|HongKong|SaoPaulo|Sydney|MexicoCity|CapeTown|Singapore|Manila,0.0027030187,0.00068346088,0.0033046344,0.00070578231,0.0042974065,0.0015136054,0.0011277636,0.0012011054,0.0004517432,0.00010841837,0.00046237245,0.00061862245,1.8882495,0.4774457,2.3085205,0.4930388,3.002042,1.0573603,0.78782254,0.83905699,0.31557453,0.075737887,0.32299981,0.43215148
153,near_core_9to11cities,10,路面·道路,车行道,CapeTown,开普敦,0.0033630952,2.5674871,9.672619e-05,0.0033630952,0.12089511,3.1515581,CapeTown|Dhaka|Jakarta|Manila|MexicoCity|NewDelhi|Sydney|Amsterdam|Paris|Singapore,9.672619e-05,0.00050063776,0.00059736395,0.0033630952,0.00053571429,0.00027210884,0.0013509779,0.00098533163,0.0020684524,0.0031420068,0.0012733844,0.0015327381,0.073843657,0.38220178,0.45604544,2.5674871,0.40898025,0.207736,1.0313768,0.75223154,1.5791182,2.3987016,0.97213957,1.1701379
154,unused,0,路面·道路,车行道,Singapore,新加坡,0.00010841837,1.5712452,5.1020408e-05,0.00010841837,0.012058055,3.5417348,,5.3146259e-05,0.00010841837,5.1020408e-05,5.8460884e-05,5.8460884e-05,7.2278912e-05,7.2278912e-05,8.9285714e-05,8.9285714e-05,5.7397959e-05,6.5901361e-05,5.2083333e-05,0.77021822,1.5712452,0.73940949,0.84724004,0.84724004,1.0474968,1.0474968,1.2939666,1.2939666,0.83183567,0.95507059,0.75481385
155,regional_3to5cities,5,建筑立面,建筑·结构,Paris,巴黎,0.0050595238,4.9969381,2.1258503e-06,0.0050595238,0.374711,2.2416376,Paris|Amsterdam|CapeTown|Sydney|HongKong,0.00056016156,0.0004474915,0.0041177721,0.0006079932,0.0050595238,0.00018920068,9.1411565e-05,0.00060693027,5.5272109e-05,2.1258503e-06,8.0782313e-05,0.00033163265,0.55323244,0.44195608,4.0668358,0.6004724,4.9969381,0.18686029,0.090280815,0.59942262,0.0545884,0.0020995538,0.079783046,0.3275304
156,accessory_6to8cities,8,植被,树丛·灌木,MexicoCity,墨西哥城,0.0042463861,2.8619187,0.00021045918,0.0042463861,0.16365452,2.9982672,MexicoCity|SaoPaulo|Sydney|Paris|HongKong|CapeTown|Amsterdam|Manila,0.0012404337,0.00021258503,0.00088329082,0.0011692177,0.0017835884,0.0042208759,0.0042463861,0.0024670493,0.00027636054,0.00021045918,0.00029655612,0.0007982568,0.83600979,0.14327503,0.59530774,0.78801266,1.2020775,2.8447257,2.8619187,1.6627067,0.18625754,0.14184228,0.19986866,0.53799773
157,regional_3to5cities,4,植被,树冠,MexicoCity,墨西哥城,0.0037712585,3.990253,0,0.0037712585,0.28844581,2.5508951,MexicoCity|Sydney|HongKong|Dhaka,0.0020610119,0.00035926871,0,0.00039753401,0.00028380102,3.1887755e-06,0.0037712585,0.0029846939,0.00036139456,0.00073448129,8.1845238e-05,0.00030293367,2.1806935,0.38013121,0,0.42061856,0.30028116,0.0033739456,3.990253,3.1580131,0.38238051,0.77713215,0.086597938,0.32052484
158,core_universal_12cities,12,建筑立面,建筑·结构,SaoPaulo,圣保罗,0.0035671769,1.6786995,0.00081845238,0.0035671769,0.03163588,3.4715491,SaoPaulo|Paris|MexicoCity|Manila|Dhaka|CapeTown|NewDelhi|Sydney|Singapore|Jakarta|Amsterdam|HongKong,0.00081845238,0.001577381,0.0014955357,0.0020068027,0.003422619,0.0035671769,0.0033567177,0.0016039541,0.0015263605,0.0020397534,0.0016315901,0.0024532313,0.38516048,0.7423093,0.70379325,0.9443935,1.6106711,1.6786995,1.5796582,0.75481451,0.71829929,0.95989996,0.76781992,1.154481
159,accessory_6to8cities,6,建筑立面,沿街立面,HongKong,香港,0.010370961,7.3004115,0.00022534014,0.010370961,0.38796494,2.1941227,HongKong|Singapore|Dhaka|Paris|Amsterdam|NewDelhi,0.010370961,0.0017017432,0.00052189626,0.00036777211,0.00098214286,0.00023278061,0.00047619048,0.00022534014,0.00022640306,0.0010554847,0.00051232993,0.00037414966,7.3004115,1.197905,0.36737748,0.25888515,0.69135802,0.16386083,0.33520389,0.15862327,0.15937149,0.74298541,0.36064347,0.26337449
160,accessory_6to8cities,6,建筑立面,住宅·楼房,CapeTown,开普敦,0.0021279762,2.6631194,6.5901361e-05,0.0021279762,0.18393164,2.9255745,CapeTown|Sydney|SaoPaulo|MexicoCity|Paris|Amsterdam,0.00016156463,6.5901361e-05,0.0010012755,0.0021279762,0.001078869,0.0016422194,0.0011862245,0.0017920918,0.0001775085,6.9090136e-05,0.0001392432,0.00014668367,0.20219488,0.082474227,1.2530762,2.6631194,1.3501829,2.0552045,1.4845361,2.2427669,0.22214832,0.086464915,0.17426006,0.18357167
161,unused,0,路面·道路,车行道,Singapore,新加坡,0.00040391156,1.8305901,4.0391156e-05,0.00040391156,0.049665462,3.4069137,,0.00019345238,0.00040391156,0.00013392857,0.00012967687,0.00020833333,0.00010948129,4.0391156e-05,0.00036352041,0.00022640306,0.00031143707,0.0003210034,0.00020620748,0.87675632,1.8305901,0.60698514,0.58771577,0.94419911,0.49618627,0.18305901,1.6475311,1.0260939,1.4114813,1.4548374,0.93456443
162,accessory_6to8cities,7,植被,树冠,Manila,马尼拉,0.0062563776,3.7632266,1.2755102e-05,0.0062563776,0.2482075,2.6951479,Manila|MexicoCity|Dhaka|SaoPaulo|NewDelhi|Jakarta|CapeTown,0.00026573129,0.00010416667,4.5705782e-05,0.00054209184,0.00023809524,0.0028284439,0.0034534439,1.2755102e-05,0.00087691327,0.0032004677,0.0021258503,0.0062563776,0.15983803,0.062656508,0.027492141,0.32606958,0.14321488,1.701316,2.077255,0.0076722255,0.5274655,1.9250892,1.2787042,3.7632266
163,unused,0,路面·道路,车行道,Sydney,悉尼,0.00033694728,2.5410821,1.5943878e-05,0.00033694728,0.10380148,3.2128381,,0.00012436224,0.00024022109,0.00012755102,0.00021258503,0.00014562075,0.00013711735,0.00014455782,0.00033694728,4.2517007e-05,1.5943878e-05,1.5943878e-05,4.7831633e-05,0.93787574,1.8116232,0.96192384,1.6032064,1.0981964,1.0340681,1.0901804,2.5410821,0.32064128,0.12024048,0.12024048,0.36072144
164,near_core_9to11cities,11,路面·道路,路口·人行道,Sydney,悉尼,0.039759779,3.8509622,0.0003167517,0.039759779,0.29509618,2.5270537,Sydney|Singapore|CapeTown|Amsterdam|Paris|Jakarta|Dhaka|SaoPaulo|Manila|MexicoCity|NewDelhi,0.0003167517,0.034903274,0.015776998,0.018084609,0.0042633929,0.0016358418,0.0013339711,0.039759779,0.0038127126,0.002073767,0.00050807823,0.0014264456,0.030679215,3.3805818,1.5280926,1.7515979,0.412934,0.15844064,0.12920274,3.8509622,0.36928304,0.2008562,0.049210285,0.13815942
165,near_core_9to11cities,10,植被,沿墙绿篱,Amsterdam,阿姆斯特丹,0.0019398384,2.0249653,0.0001477466,0.0019398384,0.062977825,3.3591894,Amsterdam|Paris|SaoPaulo|MexicoCity|Sydney|HongKong|NewDelhi|Manila|Singapore|Jakarta,0.00091305272,0.00056441327,0.0019398384,0.00035820578,0.001747449,0.0013860544,0.0012287415,0.0011011905,0.00053890306,0.0001477466,0.00082695578,0.00074298469,0.95312066,0.58918169,2.0249653,0.3739251,1.8241331,1.4468793,1.282663,1.1495146,0.56255201,0.15423024,0.86324549,0.77558946
166,core_universal_12cities,12,路面·道路,路肩·开阔地,Jakarta,雅加达,0.0050499575,1.4962994,0.0014742772,0.0050499575,0.031746707,3.4711517,Jakarta|Singapore|Manila|Amsterdam|SaoPaulo|HongKong|Paris|MexicoCity|Sydney|Dhaka|NewDelhi|CapeTown,0.003494898,0.0049266582,0.0046970663,0.0014742772,0.0031940901,0.0039445153,0.0031792092,0.0023788265,0.0050499575,0.0016454082,0.0016411565,0.0048735119,1.0355362,1.4597659,1.391738,0.43682746,0.94640701,1.1687575,0.9419978,0.70484489,1.4962994,0.48753346,0.48627369,1.4440187
167,core_universal_12cities,12,建筑立面,建筑·结构,MexicoCity,墨西哥城,0.0035214711,2.341067,0.00063244048,0.0035214711,0.05579979,3.3849223,MexicoCity|Manila|Amsterdam|SaoPaulo|HongKong|Dhaka|Paris|NewDelhi|Singapore|CapeTown|Jakarta|Sydney,0.0015327381,0.00081845238,0.0018686224,0.00072916667,0.0015146684,0.0016868622,0.0035214711,0.00063244048,0.00064519558,0.0015221088,0.0010108418,0.0025680272,1.0189613,0.54410552,1.2422565,0.48474856,1.0069485,1.1214227,2.341067,0.42044518,0.42892474,1.0118949,0.67200565,1.7072194
168,accessory_6to8cities,7,路面·道路,车行道,MexicoCity,墨西哥城,0.0009077381,1.7360664,0.00016369048,0.0009077381,0.044282494,3.4262114,MexicoCity|Amsterdam|Paris|SaoPaulo|Sydney|Manila|NewDelhi,0.00045918367,0.00029336735,0.0007982568,0.00033588435,0.00077806122,0.00069727891,0.0009077381,0.0006207483,0.00017963435,0.00016369048,0.00050488946,0.00053571429,0.87819753,0.56107064,1.5266813,0.64238523,1.4880569,1.3335592,1.7360664,1.187193,0.34355412,0.31306115,0.9656107,1.0245638
169,core_universal_12cities,12,路面·道路,车行道,NewDelhi,新德里,0.0053337585,1.8865844,0.0019079507,0.0053337585,0.017652728,3.5216781,NewDelhi|CapeTown|Paris|MexicoCity|SaoPaulo|Sydney|HongKong|Singapore|Manila|Amsterdam|Jakarta|Dhaka,0.0026658163,0.0024415391,0.0020854592,0.0033301446,0.0032801871,0.002897534,0.0029676871,0.0028613946,0.0020556973,0.0019079507,0.0053337585,0.0020992772,0.94291622,0.86358794,0.7376402,1.1778934,1.1602231,1.0248762,1.0496898,1.0120935,0.72711323,0.67485431,1.8865844,0.74252773
170,accessory_6to8cities,8,植被,树丛·灌木,Dhaka,达卡,0.0076434949,3.5877266,1.7006803e-05,0.0076434949,0.22141653,2.7911926,Dhaka|Manila|Jakarta|NewDelhi|HongKong|Paris|SaoPaulo|Amsterdam,0.0024213435,0.00038584184,0.00069940476,0.0001392432,0.0012670068,0.00087478741,0.00018707483,1.7006803e-05,0.0036139456,0.0076434949,0.003025085,0.0052912415,1.1365375,0.1811076,0.32828871,0.06535839,0.59471146,0.41061034,0.087809746,0.0079827041,1.6963246,3.5877266,1.4199235,2.4836188
171,accessory_6to8cities,8,路面·道路,车行道,Sydney,悉尼,0.0016400935,2.0473242,0.00018388605,0.0016400935,0.073399554,3.3218279,Sydney|SaoPaulo|Singapore|MexicoCity|CapeTown|HongKong|Paris|Manila,0.00078018707,0.0012712585,0.00047087585,0.00098639456,0.0005994898,0.001348852,0.0012680697,0.0016400935,0.00026785714,0.00023809524,0.00018388605,0.00055803571,0.97390535,1.5869084,0.58779301,1.2313136,0.74834144,1.6837682,1.5829279,2.0473242,0.33436532,0.29721362,0.22954445,0.69659443
172,accessory_6to8cities,8,建筑立面,建筑·结构,Sydney,悉尼,0.001022534,1.687226,8.0782313e-05,0.001022534,0.072468959,3.325164,Sydney|Paris|Amsterdam|MexicoCity|SaoPaulo|NewDelhi|HongKong|Manila,0.0006292517,0.00022215136,0.00098533163,0.00019451531,0.0010214711,0.00078018707,0.00090986395,0.001022534,0.00022002551,8.0782313e-05,0.00067070578,0.00053571429,1.0382929,0.36655948,1.6258404,0.32095878,1.6854721,1.2873429,1.5013154,1.687226,0.36305174,0.13329436,1.1066939,0.88395206
173,core_universal_12cities,12,路面·道路,车行道,Amsterdam,阿姆斯特丹,0.003182398,1.4414443,0.0013934949,0.003182398,0.01432175,3.5336196,Amsterdam|HongKong|Paris|NewDelhi|Singapore|MexicoCity|CapeTown|Jakarta|Dhaka|SaoPaulo|Sydney|Manila,0.0030357143,0.0024627976,0.003182398,0.0020631378,0.0028900935,0.0016273384,0.0021088435,0.0015582483,0.0018983844,0.0016560374,0.0026169218,0.0013934949,1.375005,1.1155065,1.4414443,0.93448345,1.3090471,0.73709127,0.95518556,0.70579739,0.85985958,0.75009027,1.1853159,0.63117352
174,core_universal_12cities,12,路面·道路,路口·人行道,Singapore,新加坡,0.012841199,2.0340667,0.0013722364,0.012841199,0.059986888,3.3699118,Singapore|Sydney|HongKong|CapeTown|SaoPaulo|Paris|MexicoCity|NewDelhi|Amsterdam|Manila|Jakarta|Dhaka,0.0083769133,0.012841199,0.0036851616,0.0083195153,0.0077880527,0.0079783163,0.0064094388,0.0095695153,0.0016826105,0.0013722364,0.0041602891,0.0035735544,1.3269166,2.0340667,0.58373555,1.3178247,1.2336401,1.2637782,1.0152655,1.5158267,0.26652823,0.21736446,0.65899652,0.5660568
175,unused,0,建筑立面,窗·竖构件,SaoPaulo,圣保罗,0.00035714286,1.430802,0.00014030612,0.00035714286,0.012093488,3.5416078,,0.00026466837,0.00027954932,0.00014030612,0.00021152211,0.00028911565,0.00035714286,0.00034119898,0.00018920068,0.00023809524,0.0001860119,0.00023596939,0.00026254252,1.0603265,1.1199432,0.56210078,0.84740951,1.1582683,1.430802,1.3669269,0.75798438,0.95386799,0.74520937,0.94535131,1.0518098
176,regional_3to5cities,4,植被,沿墙绿篱,Dhaka,达卡,0.0025276361,4.738625,1.5943878e-05,0.0025276361,0.25213489,2.6810684,Dhaka|NewDelhi|MexicoCity|Jakarta,1.5943878e-05,5.2083333e-05,0.00027529762,0.00026892007,0.00011479592,0.00019238946,0.00075892857,4.5705782e-05,0.00050382653,0.0025276361,0.0011734694,0.00047193878,0.029890402,0.097641979,0.5161076,0.50415144,0.21521089,0.36067752,1.4227831,0.085685819,0.9445367,4.738625,2.1999336,0.88475589
177,near_core_9to11cities,11,建筑立面,住宅·楼房,Amsterdam,阿姆斯特丹,0.025695153,5.0524776,0.00022215136,0.025695153,0.2316352,2.754559,Amsterdam|HongKong|Jakarta|CapeTown|SaoPaulo|NewDelhi|MexicoCity|Singapore|Sydney|Paris|Dhaka,0.0072544643,0.0018548044,0.025695153,0.0060958759,0.0014583333,0.0044270833,0.0021641156,0.0018388605,0.0062021684,0.00055909864,0.0032557398,0.00022215136,1.4264565,0.36471305,5.0524776,1.1986415,0.28675433,0.87050422,0.4255334,0.36157798,1.2195419,0.10993643,0.64018114,0.043681965
178,regional_3to5cities,4,建筑立面,窗·竖构件,NewDelhi,新德里,0.0014742772,3.4002043,7.4404762e-06,0.0014742772,0.18214355,2.9319847,NewDelhi|Dhaka|Jakarta|Manila,0.0003252551,5.2083333e-05,0.0001817602,5.3146259e-05,0.00011054422,0.00038159014,0.00033694728,7.4404762e-06,0.00080569728,0.0009417517,0.0014742772,0.00053252551,0.75015322,0.12012257,0.41920327,0.12257405,0.25495403,0.88008171,0.77711951,0.017160368,1.8582227,2.1720123,3.4002043,1.228192
179,regional_3to5cities,4,建筑立面,建筑·结构,Sydney,悉尼,0.0037723214,4.5626741,5.1020408e-05,0.0037723214,0.25395989,2.6745258,Sydney|CapeTown|Singapore|Amsterdam,5.1020408e-05,0.0016730442,0.0009332483,0.0017729592,0.00034757653,0.00017113095,0.00018282313,0.0037723214,0.00036989796,0.0002954932,0.00011054422,0.00024128401,0.061709878,2.0235697,1.1287765,2.1444183,0.42039854,0.20698522,0.22112706,4.5626741,0.44739661,0.35740304,0.13370474,0.2918363
180,regional_3to5cities,5,植被,树冠,Sydney,悉尼,0.0018473639,3.4690619,8.5034014e-06,0.0018473639,0.23200607,2.7532295,Sydney|CapeTown|Jakarta|HongKong|SaoPaulo,0.0005952381,0.0003125,2.3384354e-05,0.0017368197,8.5034014e-06,0.00050488946,0.00026573129,0.0018473639,0.00073554422,0.00016156463,3.7202381e-05,0.00016156463,1.1177645,0.58682635,0.043912176,3.261477,0.015968064,0.94810379,0.499002,3.4690619,1.3812375,0.30339321,0.069860279,0.30339321
181,unused,0,路面·道路,车行道,Paris,巴黎,0.00031568878,1.5329032,0.00010522959,0.00031568878,0.020613189,3.511065,,0.00017644558,0.00030293367,0.00019664116,0.00029443027,0.00031568878,0.00021471088,0.00014668367,0.00022959184,0.00019026361,0.0001264881,0.00010522959,0.00017219388,0.85677419,1.4709677,0.95483871,1.4296774,1.5329032,1.0425806,0.71225806,1.1148387,0.92387096,0.61419355,0.51096774,0.83612903
182,core_universal_12cities,12,路面·道路,车行道,Dhaka,达卡,0.0037468112,1.5048561,0.0015157313,0.0037468112,0.017122357,3.5235795,Dhaka|NewDelhi|CapeTown|Sydney|HongKong|Paris|Jakarta|Amsterdam|SaoPaulo|Singapore|MexicoCity|Manila,0.0026605017,0.0017570153,0.0022034439,0.0034789541,0.0024096514,0.0018080357,0.0017548895,0.002671131,0.0022757228,0.0037468112,0.0035958759,0.0015157313,1.0685546,0.70568145,0.88498346,1.3972749,0.96780391,0.72617311,0.70482763,1.0728237,0.9140133,1.5048561,1.4442349,0.60877299
183,near_core_9to11cities,10,建筑立面,沿街立面,HongKong,香港,0.011386054,3.6262695,7.4404762e-06,0.011386054,0.16914371,2.9785887,HongKong|Paris|Amsterdam|SaoPaulo|Singapore|Sydney|CapeTown|MexicoCity|Jakarta|Manila,0.011386054,0.0027667942,0.004985119,0.0025297619,0.0050818452,0.0045525085,0.0016815476,0.0027019558,0.00096938776,7.4404762e-06,0.00027210884,0.00074404762,3.6262695,0.88117806,1.5876777,0.8056872,1.6184834,1.4498984,0.53554502,0.8605281,0.30873392,0.0023696682,0.086662153,0.23696682
184,regional_3to5cities,4,建筑立面,矮墙·巷弄,HongKong,香港,0.0062181122,6.1746855,0.00014455782,0.0062181122,0.35252587,2.3211705,HongKong|Paris|Singapore|Amsterdam,0.0062181122,0.00093856293,0.0007684949,0.00018707483,0.0024362245,0.00025297619,0.00015837585,0.00025191327,0.00018920068,0.00014455782,0.00024978741,0.00028911565,6.1746855,0.93200809,0.7631278,0.18576832,2.4192101,0.25120943,0.15726977,0.25015393,0.18787932,0.14354825,0.24804292,0.28709649
185,near_core_9to11cities,9,建筑立面,沿街立面,CapeTown,开普敦,0.010020196,3.4460657,7.4404762e-05,0.010020196,0.18891091,2.907724,CapeTown|Amsterdam|Paris|SaoPaulo|Sydney|HongKong|Manila|MexicoCity|Singapore,0.0028922194,0.00069302721,0.0053156888,0.010020196,0.0044026361,0.0041071429,0.00087903912,0.0041071429,0.00019982993,9.9914966e-05,7.4404762e-05,0.0021014031,0.99466902,0.23834039,1.8281293,3.4460657,1.5141195,1.4124958,0.30231212,1.4124958,0.068723916,0.034361958,0.025588692,0.72269778
186,unused,0,路面·道路,车行道,CapeTown,开普敦,0.00033269558,1.8357771,9.1411565e-05,0.00033269558,0.039507108,3.443331,,9.460034e-05,0.00026892007,0.00011054422,0.00033269558,0.00012436224,0.00016794218,0.00011798469,0.00026147959,0.00022746599,0.00011267007,9.1411565e-05,0.00026466837,0.52199413,1.483871,0.60997067,1.8357771,0.68621701,0.92668621,0.65102639,1.4428152,1.255132,0.62170088,0.50439882,1.4604105
187,accessory_6to8cities,7,建筑立面,住宅·楼房,HongKong,香港,0.0050765306,3.9147541,1.1692177e-05,0.0050765306,0.28320701,2.569676,HongKong|Paris|SaoPaulo|Singapore|Amsterdam|MexicoCity|Sydney,0.0050765306,0.0013786139,0.0009545068,1.1692177e-05,0.004446216,0.0017261905,0.00091836735,0.00067495748,3.7202381e-05,0.00017219388,6.164966e-05,0.00010310374,3.9147541,1.0631148,0.73606557,0.0090163934,3.4286885,1.3311475,0.70819672,0.5204918,0.028688525,0.13278689,0.047540984,0.079508197
188,accessory_6to8cities,7,建筑立面,住宅·楼房,SaoPaulo,圣保罗,0.00088860544,1.476597,0.00028592687,0.00088860544,0.018223169,3.5196331,SaoPaulo|MexicoCity|Sydney|Singapore|Manila|HongKong|CapeTown,0.00056653912,0.00074085884,0.0004559949,0.00050063776,0.00047512755,0.00088860544,0.00084502551,0.00083864796,0.0004942602,0.00028592687,0.00049744898,0.00063244048,0.9414189,1.2310863,0.75772741,0.83191051,0.78952016,1.476597,1.4041802,1.3935826,0.82131292,0.47512511,0.82661171,1.0509273
189,regional_3to5cities,4,植被,沿墙绿篱,Amsterdam,阿姆斯特丹,0.0040082908,5.0090768,4.8894558e-05,0.0040082908,0.28619172,2.5589759,Amsterdam|Dhaka|NewDelhi|Manila,8.8222789e-05,0.0001690051,0.0040082908,4.8894558e-05,0.0004432398,0.00017857143,0.00019132653,8.5034014e-05,0.00040072279,0.0019419643,0.0011245748,0.00092261905,0.11025017,0.21120213,5.0090768,0.061102502,0.55390746,0.22315696,0.23909675,0.10626522,0.50077485,2.426832,1.4053575,1.1529776
190,near_core_9to11cities,9,建筑立面,建筑·结构,Jakarta,雅加达,0.0042644558,2.7287876,0,0.0042644558,0.15739101,3.0207216,Jakarta|MexicoCity|SaoPaulo|Manila|Sydney|NewDelhi|CapeTown|Paris|Dhaka,2.3384354e-05,0,2.1258503e-06,0.0011341412,0.0010044643,0.0023214286,0.0029910714,0.002002551,0.0042644558,0.00093643707,0.0018484269,0.0022247024,0.014963442,0,0.0013603129,0.72572692,0.64274783,1.4854617,1.9139602,1.2814147,2.7287876,0.59921782,1.182792,1.4235674
191,regional_3to5cities,3,车辆,车辆,Amsterdam,阿姆斯特丹,0.0060448554,7.264637,2.1258503e-06,0.0060448554,0.49242642,1.8196322,Amsterdam|Paris|HongKong,0.0010703656,2.1258503e-06,0.0060448554,0.00021471088,0.0018707483,4.9957483e-05,6.4838435e-05,4.9957483e-05,0.00011373299,0.00035076531,0.00014987245,3.1887755e-06,1.286353,0.0025548222,7.264637,0.25803704,2.2482436,0.060038322,0.077922078,0.060038322,0.13668299,0.42154567,0.18011497,0.0038322333
192,near_core_9to11cities,11,建筑立面,沿街立面,Singapore,新加坡,0.01002551,1.8897385,0.00021789966,0.01002551,0.073169281,3.3226534,Singapore|SaoPaulo|Manila|Sydney|Paris|Amsterdam|CapeTown|MexicoCity|Jakarta|HongKong|Dhaka,0.0037021684,0.01002551,0.0060161565,0.005297619,0.0062829507,0.0088871173,0.0047098214,0.0066082058,0.0039880952,0.00059417517,0.00021789966,0.0073331207,0.69783284,1.8897385,1.1340034,0.99856413,1.1842922,1.6751594,0.88776839,1.2456006,0.75172805,0.11199786,0.041072562,1.382242
193,core_universal_12cities,12,车辆,车辆·店面,MexicoCity,墨西哥城,0.0018696854,1.5691347,0.00065688776,0.0018696854,0.025398039,3.4939115,MexicoCity|NewDelhi|Jakarta|Singapore|Manila|Dhaka|SaoPaulo|HongKong|Paris|CapeTown|Amsterdam|Sydney,0.00089710884,0.001463648,0.00065795068,0.00070153061,0.00078231293,0.0011830357,0.0018696854,0.00065688776,0.0015550595,0.0014083759,0.0016921769,0.0014306973,0.7528992,1.2283675,0.55218555,0.58876004,0.65655665,0.99286351,1.5691347,0.55129349,1.3050847,1.1819804,1.4201606,1.2007136
194,accessory_6to8cities,8,植被,树丛·灌木,Jakarta,雅加达,0.010015944,3.8824378,0.00018388605,0.010015944,0.25000129,2.6887172,Jakarta|Manila|Dhaka|Singapore|NewDelhi|SaoPaulo|Paris|HongKong,0.00066113946,0.0033280187,0.00018388605,0.00034651361,0.0010863095,0.0013190901,0.00028061224,0.00026360544,0.010015944,0.003692602,0.0016443452,0.0081356293,0.25627468,1.2900258,0.07127897,0.1343176,0.42108154,0.5113133,0.10877253,0.10218026,3.8824378,1.4313476,0.63739056,3.1535794
195,core_universal_12cities,12,建筑立面,沿街立面,Manila,马尼拉,0.0048203656,1.5287376,0.0010597364,0.0048203656,0.035208251,3.4587422,Manila|CapeTown|Sydney|Singapore|Amsterdam|Jakarta|SaoPaulo|Paris|HongKong|MexicoCity|NewDelhi|Dhaka,0.002769983,0.0042697704,0.0038275935,0.0048076105,0.0029251701,0.0030017007,0.001973852,0.0042782738,0.0030091412,0.0010597364,0.0010948129,0.0048203656,0.87847632,1.354121,1.2138884,1.5246924,0.92769257,0.95196359,0.62599022,1.3568178,0.95432328,0.3360863,0.34721052,1.5287376
196,accessory_6to8cities,8,植被,树丛·灌木,Dhaka,达卡,0.0052869898,3.2982262,0.00014668367,0.0052869898,0.16702808,2.9861731,Dhaka|NewDelhi|Jakarta|MexicoCity|HongKong|Manila|SaoPaulo|Singapore,0.0018388605,0.00052933673,0.00027423469,0.00026679422,0.0002869898,0.0010565476,0.0021694303,0.00014668367,0.002328869,0.0052869898,0.0035565476,0.0014944728,1.1471515,0.33022048,0.17107808,0.16643643,0.1790352,0.65911477,1.3533735,0.09150688,1.4528375,3.2982262,2.2187103,0.93230922
197,accessory_6to8cities,8,路面·道路,车行道,Paris,巴黎,0.0023065476,2.3198218,0.00016581633,0.0023065476,0.090063061,3.2620898,Paris|SaoPaulo|NewDelhi|Manila|MexicoCity|Jakarta|Amsterdam|HongKong,0.00067176871,0.00035076531,0.00070365646,0.00043048469,0.0023065476,0.0018696854,0.0011681548,0.00033588435,0.00086734694,0.00016581633,0.0018122874,0.0012489371,0.67563474,0.35278396,0.70770601,0.43296214,2.3198218,1.8804454,1.1748775,0.33781737,0.87233853,0.1667706,1.8227171,1.2561247
198,accessory_6to8cities,6,建筑立面,矮墙·巷弄,HongKong,香港,0.0022906037,3.027394,0.00015412415,0.0022906037,0.12737309,3.1283347,HongKong|NewDelhi|Manila|Singapore|Jakarta|Dhaka,0.0022906037,0.00090136054,0.00017431973,0.0004432398,0.00022959184,0.0003337585,0.00036670918,0.00015412415,0.0008067602,0.0006037415,0.0018101616,0.00096513605,3.027394,1.1912901,0.23039101,0.58581128,0.30344182,0.44111449,0.48466401,0.20369937,1.0662608,0.79793959,2.392414,1.2755795
199,near_core_9to11cities,9,建筑立面,沿街立面,Sydney,悉尼,0.0014508929,1.743295,9.672619e-05,0.0014508929,0.053151085,3.3944179,Sydney|Dhaka|Manila|NewDelhi|SaoPaulo|Singapore|MexicoCity|Jakarta|HongKong,0.00055059524,0.00086628401,0.00040391156,9.672619e-05,0.00044855442,0.0010150935,0.00079081633,0.0014508929,0.00068027211,0.0013786139,0.0010342262,0.0012712585,0.66155811,1.0408685,0.4853129,0.11621967,0.53895275,1.2196679,0.95019157,1.743295,0.81736909,1.6564496,1.2426564,1.5274585
200,core_universal_12cities,12,路面·道路,车行道,CapeTown,开普敦,0.018534226,3.6659951,0.0012872024,0.018534226,0.13245509,3.110116,CapeTown|Amsterdam|Sydney|Paris|HongKong|MexicoCity|Singapore|Manila|SaoPaulo|Jakarta|NewDelhi|Dhaka,0.0036245748,0.0028667092,0.0095397534,0.018534226,0.0061033163,0.002755102,0.003366284,0.0065114796,0.0016432823,0.0012872024,0.0016028912,0.0028337585,0.71692626,0.56702349,1.8869247,3.6659951,1.2072113,0.54494805,0.66583738,1.2879444,0.3250346,0.25460343,0.31704539,0.56050598
201,regional_3to5cities,4,路面·道路,路口·人行道,NewDelhi,新德里,0.014517432,6.6513534,0,0.014517432,0.47509194,1.8817757,NewDelhi|CapeTown|Paris|SaoPaulo,7.4404762e-06,0.00038584184,1.9132653e-05,0.0045131803,0.0044812925,0.0014455782,0,1.5943878e-05,0.00014880952,0.00042623299,0.014517432,0.00023065476,0.0034089526,0.17677854,0.008765878,2.0677732,2.0531634,0.66231078,0,0.0073048983,0.068179051,0.19528428,6.6513534,0.10567753
202,pair_specific_2cities,2,建筑立面,沿街立面,Jakarta,雅加达,0.00061330782,2.1363777,1.0629252e-05,0.00061330782,0.098924005,3.2303237,Jakarta|MexicoCity,0.00038477891,4.3579932e-05,0.00016794218,5.2083333e-05,0.00025297619,0.00027848639,0.00051020408,1.0629252e-05,0.00061330782,0.00035820578,0.00035289116,0.00041985544,1.3403271,0.151805,0.58500463,0.18142549,0.8812095,0.97007096,1.7772292,0.037025609,2.1363777,1.247763,1.2292502,1.4625116
203,core_universal_12cities,12,建筑立面,住宅·楼房,Jakarta,雅加达,0.0013127126,1.3128987,0.00056016156,0.0013127126,0.011881126,3.5423691,Jakarta|MexicoCity|Manila|Amsterdam|CapeTown|Sydney|SaoPaulo|Paris|Singapore|Dhaka|HongKong|NewDelhi,0.0006547619,0.00087372449,0.0011585884,0.0011298895,0.00087797619,0.0011022534,0.0012521259,0.0011128827,0.0013127126,0.00076211735,0.00056016156,0.0012011054,0.65485471,0.87384833,1.1587527,1.1300496,0.87810064,1.1024096,1.2523033,1.1130404,1.3128987,0.76222537,0.56024096,1.2012757
204,core_universal_12cities,12,路面·道路,路口·人行道,Singapore,新加坡,0.0061426446,1.2388438,0.0033152636,0.0061426446,0.0068905934,3.56026,Singapore|NewDelhi|Paris|MexicoCity|Amsterdam|Jakarta|HongKong|Manila|SaoPaulo|Dhaka|Sydney|CapeTown,0.0048894558,0.0061426446,0.0056770833,0.0033152636,0.0057429847,0.0044047619,0.0057312925,0.0038201531,0.0051838861,0.004048682,0.0060809949,0.0044632228,0.98610168,1.2388438,1.1449498,0.66861981,1.1582407,0.88834899,1.1558827,0.77044553,1.0454822,0.81653507,1.2264104,0.90013934
205,near_core_9to11cities,10,建筑立面,住宅·楼房,Paris,巴黎,0.0061065051,3.3018823,0.00010948129,0.0061065051,0.1323365,3.1105411,Paris|MexicoCity|Jakarta|HongKong|NewDelhi|Sydney|Manila|Singapore|SaoPaulo|CapeTown,0.0022767857,0.0013562925,0.00010948129,0.00060905612,0.0061065051,0.0011553997,0.0029857568,0.0014115646,0.0027264031,0.00012329932,0.0019685374,0.001363733,1.2310934,0.73336846,0.059198237,0.32932612,3.3018823,0.62474256,1.6144451,0.76325494,1.4742085,0.06666986,1.0644188,0.73739164
206,unused,0,建筑立面,沿街立面,SaoPaulo,圣保罗,0.00046768707,1.9075144,5.5272109e-05,0.00046768707,0.066759203,3.3456333,,0.00026147959,0.00040816327,0.00015412415,0.00045386905,0.00029868197,0.00046768707,0.00022959184,0.00029336735,8.7159864e-05,5.5272109e-05,9.8852041e-05,0.00013392857,1.066474,1.6647399,0.62861271,1.8511561,1.2182081,1.9075144,0.93641618,1.1965318,0.35549133,0.22543353,0.40317919,0.54624277
207,near_core_9to11cities,9,建筑立面,建筑·结构,Amsterdam,阿姆斯特丹,0.0061479592,2.7824414,0.00016687925,0.0061479592,0.12866586,3.1237002,Amsterdam|Paris|NewDelhi|Singapore|Sydney|SaoPaulo|Dhaka|HongKong|Manila,0.0016252126,0.0037414966,0.0061479592,0.00041666667,0.0038881803,0.0016815476,0.00043154762,0.002230017,0.00016687925,0.001662415,0.0038042092,0.00071853741,0.73553818,1.6933253,2.7824414,0.18857486,1.7597114,0.76103428,0.19530968,1.0092604,0.075526158,0.75237523,1.7217078,0.32519543
208,accessory_6to8cities,8,建筑立面,矮墙·巷弄,NewDelhi,新德里,0.019066752,6.4988829,0.00020195578,0.019066752,0.35678195,2.3059126,NewDelhi|Paris|CapeTown|Dhaka|Manila|SaoPaulo|Jakarta|Sydney,0.00020195578,0.00033588435,0.00043473639,0.0038658588,0.0041517857,0.0012840136,0.00036989796,0.00055378401,0.00063244048,0.0027529762,0.019066752,0.0015561224,0.068836423,0.11448584,0.14817946,1.3176741,1.4151319,0.43765473,0.12607934,0.18875672,0.21556669,0.93834913,6.4988829,0.53040275
209,city_unique_1city,1,建筑立面,住宅·楼房,Dhaka,达卡,0.000625,3.4896142,4.0391156e-05,0.000625,0.10780279,3.1984935,Dhaka,0.0001392432,0.00029761905,0.00011692177,4.0391156e-05,9.247449e-05,6.6964286e-05,8.1845238e-05,0.00014880952,0.00020408163,0.000625,0.00018707483,0.00014880952,0.77744807,1.6617211,0.65281899,0.22551929,0.51632047,0.37388724,0.45697329,0.83086053,1.1394659,3.4896142,1.0445104,0.83086053
210,core_universal_12cities,12,路面·道路,车行道,CapeTown,开普敦,0.01109375,3.1359607,0.00070153061,0.01109375,0.10838678,3.1964,CapeTown|Sydney|SaoPaulo|Amsterdam|Paris|MexicoCity|NewDelhi|Dhaka|HongKong|Manila|Jakarta|Singapore,0.0017548895,0.00070153061,0.0037680697,0.01109375,0.0036320153,0.0042166241,0.0026977041,0.0073852041,0.0013435374,0.0021077806,0.0023341837,0.0014158163,0.49606891,0.19830738,1.065151,3.1359607,1.0266914,1.1919475,0.762582,2.0876358,0.37978867,0.59582353,0.65982273,0.40022034
211,accessory_6to8cities,6,路面·道路,路口·人行道,Jakarta,雅加达,0.0010065901,1.7386781,0.00022427721,0.0010065901,0.04234107,3.4331714,Jakarta|NewDelhi|Amsterdam|HongKong|Paris|SaoPaulo,0.00080569728,0.00039009354,0.00089285714,0.0003039966,0.0006207483,0.0006122449,0.00049638605,0.00022427721,0.0010065901,0.00029761905,0.0009375,0.00035926871,1.3916769,0.67380661,1.5422277,0.5250918,1.0722154,1.0575275,0.85740514,0.3873929,1.7386781,0.51407589,1.619339,0.62056303
212,unused,0,建筑立面,建筑·结构,HongKong,香港,0.00019345238,3.3040847,1.0629252e-05,0.00019345238,0.11614762,3.1685776,,0.00019345238,5.6335034e-05,2.6573129e-05,1.5943878e-05,1.5943878e-05,3.1887755e-05,6.8027211e-05,1.0629252e-05,6.164966e-05,8.7159864e-05,8.8222789e-05,4.6768707e-05,3.3040847,0.9621785,0.45385778,0.27231467,0.27231467,0.54462934,1.1618759,0.18154311,1.0529501,1.4886535,1.5068078,0.7987897
213,core_universal_12cities,12,路面·道路,路肩·开阔地,Sydney,悉尼,0.015654762,1.8353029,0.0037383078,0.015654762,0.022193759,3.5053987,Sydney|Singapore|Manila|Dhaka|SaoPaulo|MexicoCity|Amsterdam|NewDelhi|Paris|CapeTown|Jakarta|HongKong,0.0037383078,0.010626063,0.008394983,0.006463648,0.0072332058,0.0093686224,0.0085267857,0.015654762,0.0051541241,0.0094876701,0.0081494473,0.009559949,0.43826455,1.245758,0.98419489,0.75777275,0.84799269,1.0983406,0.99964693,1.8353029,0.60424931,1.1122972,0.95540925,1.1207709
214,accessory_6to8cities,6,建筑立面,沿街立面,SaoPaulo,圣保罗,0.0038148384,3.8740667,3.7202381e-05,0.0038148384,0.22759348,2.7690484,SaoPaulo|Jakarta|Singapore|Manila|MexicoCity|CapeTown,0.00012861395,0.0012478741,3.7202381e-05,0.00056653912,0.0001307398,0.0038148384,0.0010395408,0.0002954932,0.0027678571,0.0001307398,0.00045918367,0.0011979167,0.13061078,1.2672484,0.037779977,0.57533507,0.13276963,3.8740667,1.0556805,0.30008096,2.8108303,0.13276963,0.46631285,1.2165152
215,near_core_9to11cities,10,路面·道路,车行道,CapeTown,开普敦,0.0054421769,3.3157043,0.00034438776,0.0054421769,0.10842795,3.1962524,CapeTown|Dhaka|NewDelhi|MexicoCity|Amsterdam|Paris|Manila|Jakarta|Sydney|SaoPaulo,0.00034438776,0.00042623299,0.0018367347,0.0054421769,0.0011309524,0.00079613095,0.0019494048,0.00080994898,0.0010735544,0.0025860969,0.0021981293,0.0011022534,0.20982191,0.25968699,1.1190502,3.3157043,0.68904479,0.48505127,1.1876956,0.49347005,0.65407447,1.5756071,1.3392337,0.67155963
216,regional_3to5cities,4,建筑立面,建筑·结构,HongKong,香港,0.0037840136,4.9496003,4.2517007e-06,0.0037840136,0.37056819,2.2564895,HongKong|CapeTown|MexicoCity|SaoPaulo,0.0037840136,8.7159864e-05,4.2517007e-06,0.0017240646,5.5272109e-05,0.0013881803,0.0016804847,0.0001477466,9.9914966e-05,1.1692177e-05,1.0629252e-05,0.00018069728,4.9496003,0.11400765,0.0055613486,2.2551269,0.072297532,1.8157803,2.198123,0.19325686,0.13069169,0.015293709,0.013903372,0.23635732
217,near_core_9to11cities,9,建筑立面,建筑·结构,SaoPaulo,圣保罗,0.020437925,2.6022466,7.1215986e-05,0.020437925,0.18018715,2.9389983,SaoPaulo|Manila|MexicoCity|Dhaka|Jakarta|NewDelhi|Sydney|Paris|CapeTown,7.1215986e-05,8.2908163e-05,0.00020727041,0.0023203656,0.0023448129,0.020437925,0.01559949,0.0071715561,0.0094664116,0.011358418,0.0077912415,0.017395833,0.0090675328,0.010556232,0.026390581,0.29543917,0.2985519,2.6022466,1.9861957,0.91311409,1.2053052,1.4462038,0.99201516,2.2149141
218,accessory_6to8cities,7,路面·道路,路口·人行道,Jakarta,雅加达,0.0013988095,2.1191626,6.8027211e-05,0.0013988095,0.095444366,3.242798,Jakarta|MexicoCity|SaoPaulo|Manila|HongKong|CapeTown|Dhaka,0.0007855017,0.00040603741,6.8027211e-05,0.0006164966,0.00018813776,0.0010629252,0.0013456633,0.00025191327,0.0013988095,0.00054528061,0.00023065476,0.0010214711,1.1900161,0.61513688,0.10305958,0.93397745,0.28502415,1.610306,2.0386473,0.38164251,2.1191626,0.82608696,0.34943639,1.547504
219,city_unique_1city,1,建筑立面,住宅·楼房,Jakarta,雅加达,0.00068983844,3.6980057,2.2321429e-05,0.00068983844,0.15343831,3.0348919,Jakarta,2.2321429e-05,0.00010629252,0.00015625,9.247449e-05,0.00012011054,3.082483e-05,7.7593537e-05,8.2908163e-05,0.00068983844,0.00038052721,0.00021152211,0.00026785714,0.11965812,0.56980057,0.83760683,0.49572649,0.64387464,0.16524216,0.41595441,0.44444444,3.6980057,2.039886,1.1339031,1.4358974
220,regional_3to5cities,5,路面·道路,车行道,Singapore,新加坡,0.00084821429,1.7423581,0.00017219388,0.00084821429,0.032553515,3.4682594,Singapore|SaoPaulo|Manila|MexicoCity|Jakarta,0.00038265306,0.00084821429,0.00036033163,0.00044642857,0.00036777211,0.0007642432,0.00061011905,0.00035076531,0.00054634354,0.0003082483,0.00017219388,0.00068452381,0.7860262,1.7423581,0.74017467,0.91703057,0.75545851,1.569869,1.2532751,0.72052402,1.1222707,0.63318777,0.35371179,1.4061135
221,core_universal_12cities,12,建筑立面,沿街立面,MexicoCity,墨西哥城,0.0093941327,1.7468705,0.0015029762,0.0093941327,0.07732848,3.3077428,MexicoCity|Jakarta|Sydney|Manila|SaoPaulo|Singapore|CapeTown|HongKong|Amsterdam|Paris|NewDelhi|Dhaka,0.0033620323,0.005497449,0.0022544643,0.0035491071,0.0017070578,0.0087340561,0.0093941327,0.0088509779,0.0091581633,0.0015029762,0.0017017432,0.0088201531,0.62518118,1.0222691,0.41922519,0.65996838,0.31743313,1.624127,1.7468705,1.645869,1.7029912,0.27948346,0.31644485,1.640137
222,near_core_9to11cities,10,路面·道路,路口·人行道,Dhaka,达卡,0.0016507228,1.8774934,0.00030931122,0.0016507228,0.045775256,3.4208599,Dhaka|Manila|HongKong|NewDelhi|Jakarta|Singapore|SaoPaulo|MexicoCity|Sydney|Paris,0.0012733844,0.00088435374,0.00030931122,0.00038796769,0.00052933673,0.00071747449,0.00068771259,0.00058248299,0.00091517857,0.0016507228,0.00099277211,0.001619898,1.4483175,1.0058432,0.35180334,0.44126536,0.60205521,0.81603869,0.78218819,0.66250252,1.0409027,1.8774934,1.1291558,1.842434
223,pair_specific_2cities,2,路面·道路,车行道,Paris,巴黎,0.027763605,7.3530861,0,0.027763605,0.73118957,0.96367531,Paris|Amsterdam,0,0,0.01754358,0,0.027763605,0,0,2.1258503e-06,0,0,0,0,0,0,4.6463509,0,7.3530861,0,0,0.00056302344,0,0,0,0
224,regional_3to5cities,5,植被,沿墙绿篱,Dhaka,达卡,0.0020939626,3.048749,3.8265306e-05,0.0020939626,0.18069345,2.9371833,Dhaka|Manila|SaoPaulo|MexicoCity|Jakarta,3.8265306e-05,0.00011479592,0.00014987245,0.00014243197,0.00020620748,0.0013456633,0.00098745748,0.0002997449,0.00070790816,0.0020939626,0.00046130952,0.0016943027,0.05571318,0.16713954,0.21820996,0.20737684,0.30023214,1.9592468,1.4377096,0.43641991,1.0306938,3.048749,0.67165334,2.4668558
225,accessory_6to8cities,7,建筑立面,住宅·楼房,Dhaka,达卡,0.0080442177,4.0781355,2.9761905e-05,0.0080442177,0.2887541,2.5497899,Dhaka|NewDelhi|SaoPaulo|MexicoCity|HongKong|Manila|Paris,0.0010299745,2.9761905e-05,0.00023065476,0.00021577381,0.00072172619,0.0028305697,0.001861182,0.00017963435,0.00045918367,0.0080442177,0.0070748299,0.00099277211,0.52216085,0.015088239,0.11693385,0.10938973,0.3658898,1.4349993,0.94355382,0.091068301,0.23278998,4.0781355,3.58669,0.50330055
226,accessory_6to8cities,8,建筑立面,建筑·结构,NewDelhi,新德里,0.015416667,3.6308411,5.3146259e-06,0.015416667,0.26926311,2.6196644,NewDelhi|SaoPaulo|MexicoCity|Dhaka|Manila|Jakarta|HongKong|Singapore,0.00090348639,0.00074829932,5.3146259e-06,0.00046130952,0.00038265306,0.0099798044,0.0096045918,0.00019451531,0.001335034,0.0078709609,0.015416667,0.0040497449,0.21278371,0.17623498,0.0012516689,0.10864486,0.09012016,2.3503838,2.262016,0.045811081,0.31441923,1.8537216,3.6308411,0.9537717
227,pair_specific_2cities,2,植被,树丛·灌木,Jakarta,雅加达,0.0009332483,3.0816028,2.1258503e-05,0.0009332483,0.14876792,3.0516351,Jakarta|NewDelhi,5.5272109e-05,0.00019664116,2.1258503e-05,8.6096939e-05,0.00021789966,0.00033056973,0.00042304422,5.1020408e-05,0.0009332483,0.00021152211,0.00069515306,0.00041241497,0.18250951,0.64931266,0.070195964,0.28429365,0.71950863,1.0915472,1.3968997,0.16847031,3.0816028,0.69844984,2.295408,1.3618017
228,near_core_9to11cities,11,建筑立面,建筑·结构,MexicoCity,墨西哥城,0.0078794643,2.4141337,0.00039647109,0.0078794643,0.11278386,3.1806366,MexicoCity|SaoPaulo|Sydney|HongKong|Singapore|CapeTown|Paris|Manila|Amsterdam|NewDelhi|Dhaka,0.0034151786,0.0032982568,0.00171875,0.0032706207,0.0025807823,0.0071332908,0.0078794643,0.0062096088,0.00039647109,0.00061437075,0.00078762755,0.0018622449,1.0463526,1.0105297,0.52659574,1.0020625,0.79070777,2.1855189,2.4141337,1.9025185,0.12147199,0.18823274,0.24131568,0.57056014
229,core_universal_12cities,12,天空·远景,天空·远景,CapeTown,开普敦,0.0042442602,1.2839916,0.0018835034,0.0042442602,0.0085879339,3.5541751,CapeTown|Jakarta|MexicoCity|Amsterdam|Sydney|Paris|SaoPaulo|Singapore|Manila|NewDelhi|HongKong|Dhaka,0.0026031037,0.0030920493,0.0037978316,0.0042442602,0.0035395408,0.0032334184,0.0038743622,0.0035916241,0.0041379677,0.0018835034,0.0027253401,0.0029432398,0.78750201,0.9354199,1.1489362,1.2839916,1.0707969,0.97818747,1.1720885,1.0865534,1.2518356,0.56980546,0.82448148,0.89040141
230,regional_3to5cities,5,建筑立面,建筑·结构,HongKong,香港,0.016220238,7.3058049,0.00010841837,0.016220238,0.49264153,1.8188611,HongKong|Singapore|SaoPaulo|NewDelhi|Dhaka,0.016220238,0.0054878827,0.00019557823,0.00011692177,0.0003039966,0.0024085884,0.00010841837,0.00017431973,0.00017113095,0.00051126701,0.00061011905,0.0003337585,7.3058049,2.4718133,0.088090963,0.052663076,0.136924,1.0848594,0.048833034,0.078515859,0.077079593,0.23028127,0.27480551,0.15032914
231,near_core_9to11cities,9,建筑立面,矮墙·巷弄,NewDelhi,新德里,0.0024723639,2.5964651,0.00010522959,0.0024723639,0.095515409,3.2425433,NewDelhi|Manila|Dhaka|HongKong|Jakarta|Paris|SaoPaulo|MexicoCity|Amsterdam,0.0011298895,0.00010522959,0.00067389456,0.00036458333,0.00083758503,0.00083439626,0.00069727891,0.0001519983,0.001122449,0.0011575255,0.0024723639,0.0018792517,1.1866046,0.11051163,0.70772093,0.38288372,0.87962791,0.87627907,0.73227907,0.15962791,1.1787907,1.2156279,2.5964651,1.9735814
232,accessory_6to8cities,6,建筑立面,沿街立面,NewDelhi,新德里,0.015365646,4.0201154,0,0.015365646,0.36908292,2.2618141,NewDelhi|MexicoCity|SaoPaulo|Dhaka|Jakarta|Manila,0,0,0,0.00044005102,4.7831633e-05,0.0059321854,0.015328444,3.1887755e-06,0.0030495323,0.0038180272,0.015365646,0.0018813776,0,0,0,0.11513059,0.012514194,1.5520382,4.0103821,0.00083427962,0.79784941,0.9989108,4.0201154,0.49222498
233,accessory_6to8cities,6,路面·道路,车行道,Singapore,新加坡,0.0026764456,3.7657029,2.1258503e-06,0.0026764456,0.22893833,2.7642272,Singapore|HongKong|Amsterdam|SaoPaulo|CapeTown|Sydney,0.0018643707,0.0026764456,0.001079932,0.00071641156,0.00039540816,0.00078337585,0.00022002551,0.00061011905,3.5076531e-05,5.5272109e-05,2.1258503e-06,9.0348639e-05,2.6231306,3.7657029,1.5194417,1.0079761,0.55633101,1.1021934,0.30957129,0.85842472,0.049351944,0.0777667,0.0029910269,0.12711864
234,unused,0,路面·道路,车行道,Manila,马尼拉,7.2278912e-05,2.4652567,5.3146259e-06,7.2278912e-05,0.05993128,3.3701111,,3.7202381e-05,4.1454082e-05,5.3146259e-06,1.5943878e-05,1.7006803e-05,3.1887755e-05,2.5510204e-05,1.4880952e-05,3.1887755e-05,3.295068e-05,2.5510204e-05,7.2278912e-05,1.2688821,1.4138972,0.18126888,0.54380663,0.5800604,1.0876133,0.8700906,0.50755285,1.0876133,1.123867,0.8700906,2.4652567
235,regional_3to5cities,4,建筑立面,住宅·楼房,Singapore,新加坡,0.0067442602,6.0404601,2.1258503e-05,0.0067442602,0.38570421,2.2022274,Singapore|NewDelhi|SaoPaulo|Jakarta,0.00012329932,0.0067442602,0.00022321429,0.00029336735,0.00010097789,0.0010310374,8.9285714e-05,2.1258503e-05,0.00081632653,0.0004517432,0.003224915,0.00027848639,0.11043237,6.0404601,0.19992067,0.26275288,0.090440301,0.92344308,0.079968266,0.019040063,0.73113844,0.40460135,2.8883776,0.24942483
236,accessory_6to8cities,8,建筑立面,住宅·楼房,Singapore,新加坡,0.0037553146,2.7217051,0,0.0037553146,0.17881504,2.9439173,Singapore|Jakarta|Sydney|SaoPaulo|Manila|HongKong|Dhaka|CapeTown,0.0012659439,0.0037553146,0,0.00092580782,5.3146259e-06,0.0024383503,5.7397959e-05,0.0025308248,0.0026307398,0.0010735544,0.00020089286,0.0016730442,0.91750658,2.7217051,0,0.67098928,0.0038518328,1.7672209,0.041599795,1.8342428,1.9066572,0.77807023,0.14559928,1.212557
237,regional_3to5cities,4,植被,树冠,Jakarta,雅加达,0.0056622024,4.8782051,0,0.0056622024,0.40677658,2.1266837,Jakarta|Dhaka|Manila|Singapore,7.4404762e-06,0.0010905612,0,0.00014562075,2.7636054e-05,0.00017113095,0.00016262755,0.00013818027,0.0056622024,0.0048692602,0.00049532313,0.0011585884,0.0064102564,0.93956044,0,0.12545788,0.023809524,0.1474359,0.14010989,0.11904762,4.8782051,4.1950549,0.42673993,0.9981685
238,near_core_9to11cities,11,建筑立面,住宅·楼房,Dhaka,达卡,0.02295068,4.7019199,0.00040922619,0.02295068,0.25812939,2.6595783,Dhaka|Jakarta|Manila|Amsterdam|Singapore|CapeTown|Paris|HongKong|NewDelhi|MexicoCity|Sydney,0.0014668367,0.0042410714,0.0043856293,0.0024659864,0.0021247874,0.00040922619,0.00073129252,0.00066857993,0.013558673,0.02295068,0.00094281463,0.0046279762,0.30051174,0.8688709,0.89848655,0.50520814,0.4353065,0.08383842,0.14982035,0.13697238,2.7777737,4.7019199,0.19315501,0.94813632
239,core_universal_12cities,12,路面·道路,车行道,MexicoCity,墨西哥城,0.013805272,1.9695698,0.00055484694,0.013805272,0.10492503,3.2088102,MexicoCity|NewDelhi|Paris|SaoPaulo|Jakarta|Manila|CapeTown|Dhaka|Singapore|HongKong|Sydney|Amsterdam,0.0019196429,0.0021875,0.00055484694,0.0051477466,0.012220451,0.011400935,0.013805272,0.0011713435,0.0089126276,0.0050818452,0.012818878,0.0088903061,0.27387151,0.31208613,0.079158874,0.73441844,1.7434666,1.626548,1.9695698,0.16711318,1.2715463,0.72501643,1.8288429,1.2683617
240,near_core_9to11cities,10,建筑立面,建筑·结构,Jakarta,雅加达,0.0083896684,2.926766,0.00037096088,0.0083896684,0.13564937,3.0986646,Jakarta|Manila|SaoPaulo|Dhaka|NewDelhi|MexicoCity|Singapore|CapeTown|HongKong|Sydney,0.0011872874,0.0020780187,0.00046556122,0.0018718112,0.00037096088,0.004758716,0.0023352466,0.00082801871,0.0083896684,0.0026031037,0.0023852041,0.0071247874,0.41418948,0.72492429,0.16241271,0.65298807,0.12941104,1.6600952,0.81465917,0.2888573,2.926766,0.90810209,0.83208702,2.4855077
241,accessory_6to8cities,6,植被,树冠,CapeTown,开普敦,0.0038998724,5.0300468,0,0.0038998724,0.25651044,2.6653822,CapeTown|MexicoCity|Dhaka|Sydney|NewDelhi|Manila,0.00031568878,0.00022852891,0,0.0038998724,0,0.00020620748,0.0013647959,0.00074298469,0.00022959184,0.00089817177,0.00072172619,0.00069621599,0.40717468,0.29475608,0,5.0300468,0,0.26596595,1.7603107,0.95830001,0.29612704,1.15846,0.93088084,0.89797784
242,regional_3to5cities,5,建筑立面,沿街立面,HongKong,香港,0.0057769983,5.8551037,4.3579932e-05,0.0057769983,0.37222736,2.2505414,HongKong|Singapore|Jakarta|Manila|Paris,0.0057769983,0.0031186224,0.00021896259,4.3579932e-05,0.00053890306,0.0001647534,0.00012436224,0.00022534014,0.00058460884,7.1215986e-05,0.00041454082,0.00055803571,5.8551037,3.1607864,0.22192297,0.044169135,0.54618906,0.16698088,0.12604363,0.22838675,0.59251279,0.072178831,0.42014543,0.56558039
243,city_unique_1city,1,车辆,车辆,Manila,马尼拉,0.00061968537,5.4274631,0,0.00061968537,0.39551134,2.1670692,Manila,0,0,0,0,1.0629252e-06,0.0003210034,0.00016262755,2.3384354e-05,8.3971088e-05,0.00012967687,2.869898e-05,0.00061968537,0,0,0,0,0.0093095422,2.8114817,1.42436,0.20480993,0.73545383,1.1357641,0.25135764,5.4274631
244,regional_3to5cities,4,植被,树冠,Amsterdam,阿姆斯特丹,0.014441964,5.7476645,0,0.014441964,0.56572109,1.5568736,Amsterdam|Paris|Sydney|CapeTown,6.4838435e-05,0.00025297619,0.014441964,0.00059842687,0.012597789,8.9285714e-05,2.2321429e-05,0.0018877551,0,4.2517007e-06,0.00018282313,9.5663265e-06,0.025804632,0.10068037,5.7476645,0.23816406,5.0137131,0.035534248,0.0088835619,0.75129552,0,0.001692107,0.072760602,0.0038072408
245,core_universal_12cities,12,建筑立面,住宅·楼房,NewDelhi,新德里,0.0030569728,1.2916651,0.0015104167,0.0030569728,0.0070226293,3.5597866,NewDelhi|HongKong|Singapore|Paris|Dhaka|Jakarta|MexicoCity|Amsterdam|SaoPaulo|Manila|Sydney|CapeTown,0.0027752976,0.0027476616,0.0021417942,0.0015104167,0.0027455357,0.0021130952,0.0023660714,0.0017772109,0.0024883078,0.0025818452,0.0030569728,0.0020960884,1.1726487,1.1609716,0.90497399,0.63819754,1.1600734,0.89284779,0.99973801,0.75092631,1.0513867,1.0909091,1.2916651,0.88566189
246,city_unique_1city,1,路面·道路,车行道,Dhaka,达卡,0.00089392007,5.6348408,1.0629252e-06,0.00089392007,0.36386071,2.2805355,Dhaka,2.1258503e-05,5.2083333e-05,1.0629252e-06,0.00022321429,0.00017963435,2.1258503e-06,1.0629252e-06,1.4880952e-05,0.00038584184,0.00089392007,4.4642857e-05,8.3971088e-05,0.13400335,0.32830821,0.0067001675,1.4070352,1.1323283,0.013400335,0.0067001675,0.093802344,2.4321608,5.6348408,0.28140703,0.52931323
247,near_core_9to11cities,10,建筑立面,建筑·结构,NewDelhi,新德里,0.011788903,3.5448662,0.00010629252,0.011788903,0.18361188,2.9267208,NewDelhi|HongKong|Jakarta|Manila|SaoPaulo|Dhaka|Singapore|MexicoCity|Paris|Sydney,0.0076318027,0.001477466,0.00041772959,0.00010629252,0.0012670068,0.0028369473,0.0013222789,0.00070578231,0.0055814201,0.0022969813,0.011788903,0.004474915,2.2948462,0.44426688,0.12560927,0.031961646,0.38098282,0.85305633,0.39760288,0.21222533,1.678306,0.69069117,3.5448662,1.3455853
248,near_core_9to11cities,10,路面·道路,路口·人行道,Sydney,悉尼,0.026113946,3.0428536,0.00016156463,0.026113946,0.1879081,2.911319,Sydney|Paris|CapeTown|Singapore|HongKong|Amsterdam|MexicoCity|SaoPaulo|Manila|Jakarta,0.010982143,0.011899447,0.0083864796,0.016839923,0.017592474,0.0019706633,0.0061352041,0.026113946,0.00076211735,0.00016156463,0.00034013605,0.0018005952,1.2796631,1.3865494,0.9772108,1.9622244,2.0499133,0.22962596,0.71488729,3.0428536,0.088803567,0.018825861,0.039633391,0.20980926
249,accessory_6to8cities,6,路面·道路,路口·人行道,Manila,马尼拉,0.0034268707,4.5806299,5.8460884e-05,0.0034268707,0.24347809,2.7121027,Manila|Jakarta|Dhaka|SaoPaulo|CapeTown|MexicoCity,0.00010948129,0.00010948129,6.6964286e-05,0.00075680272,5.8460884e-05,0.00083120748,0.00061862245,0.00024553571,0.001577381,0.0010172194,0.00015943878,0.0034268707,0.14634146,0.14634146,0.089509827,1.0116031,0.0781435,1.1110585,0.82690031,0.3282027,2.1084537,1.3596969,0.21311864,4.5806299
250,near_core_9to11cities,11,建筑立面,建筑·结构,CapeTown,开普敦,0.0060629252,2.1885152,0.00036989796,0.0060629252,0.071809487,3.3275282,CapeTown|Paris|Jakarta|SaoPaulo|Sydney|Singapore|Manila|NewDelhi|MexicoCity|Amsterdam|HongKong,0.0012138605,0.0030814201,0.0012872024,0.0060629252,0.0053486395,0.0032823129,0.0015082908,0.0030931122,0.003565051,0.00036989796,0.0015880102,0.0028433248,0.43816345,1.1122906,0.46463742,2.1885152,1.9306817,1.1848062,0.54444302,1.1165111,1.2868653,0.13352091,0.57321908,1.0263461
251,unused,0,建筑立面,窗·竖构件,Manila,马尼拉,0.00035076531,1.3664596,0.00010629252,0.00035076531,0.022411547,3.5046179,,0.00016262755,0.00024340986,0.00019770408,0.0002997449,0.0003082483,0.00034970238,0.00034119898,0.00029336735,0.00014030612,0.00010629252,0.0002869898,0.00035076531,0.63354037,0.94824016,0.77018633,1.1677019,1.2008282,1.3623188,1.3291925,1.1428571,0.54658385,0.41407867,1.1180124,1.3664596
252,regional_3to5cities,3,植被,树冠,Singapore,新加坡,0.0030452806,6.0763521,4.2517007e-06,0.0030452806,0.4019445,2.1440065,Singapore|Jakarta|HongKong,0.0010235969,0.0030452806,3.5076531e-05,0.00020301871,4.3579932e-05,0.00012011054,4.2517007e-06,1.0629252e-05,0.0010926871,6.4838435e-05,9.460034e-05,0.00027636054,2.0424178,6.0763521,0.069989395,0.40509014,0.086956522,0.23966066,0.0084835631,0.021208908,2.1802757,0.12937434,0.18875928,0.5514316
253,unused,0,植被,沿墙绿篱,Manila,马尼拉,0.00021152211,7.8811878,0,0.00021152211,0.55135046,1.6083918,,0,6.377551e-06,9.5663265e-06,0,5.8460884e-05,0,1.0629252e-06,2.1258503e-06,9.5663265e-06,0,2.3384354e-05,0.00021152211,0,0.23762375,0.35643563,0,2.1782177,0,0.039603959,0.079207918,0.35643563,0,0.8712871,7.8811878
254,core_universal_12cities,12,建筑立面,建筑·结构,SaoPaulo,圣保罗,0.0055303997,2.4278104,0.00060055272,0.0055303997,0.10980758,3.1913064,SaoPaulo|MexicoCity|Manila|Singapore|Jakarta|Sydney|NewDelhi|CapeTown|Dhaka|Paris|Amsterdam|HongKong,0.00060055272,0.0026881378,0.00077487245,0.00091517857,0.00079931973,0.0055303997,0.0052295918,0.0017230017,0.0019557823,0.00090667517,0.0016028912,0.0046088435,0.26363884,1.1800754,0.34016409,0.40175759,0.35089629,2.4278104,2.2957577,0.75638683,0.85857604,0.39802465,0.70365906,2.0232531
255,near_core_9to11cities,10,建筑立面,建筑·结构,MexicoCity,墨西哥城,0.0065880102,3.0664193,0.0003210034,0.0065880102,0.13874103,3.0875811,MexicoCity|SaoPaulo|Manila|NewDelhi|Dhaka|Jakarta|Paris|Amsterdam|HongKong|Singapore,0.00097363946,0.00075467687,0.0010969388,0.00036352041,0.0011128827,0.0049957483,0.0065880102,0.0003210034,0.0014987245,0.0020153061,0.0023363095,0.0037244898,0.45318491,0.35126778,0.51057514,0.16920223,0.51799629,2.3252938,3.0664193,0.14941249,0.69758813,0.93803339,1.0874459,1.7335807
256,unused,0,建筑立面,沿街立面,Sydney,悉尼,0.00010097789,1.637931,2.869898e-05,0.00010097789,0.02068323,3.5108139,,5.5272109e-05,6.0586735e-05,4.4642857e-05,8.6096939e-05,3.9328231e-05,6.377551e-05,8.2908163e-05,0.00010097789,4.9957483e-05,2.869898e-05,6.2712585e-05,6.4838435e-05,0.89655171,0.9827586,0.72413792,1.3965517,0.63793102,1.0344827,1.3448276,1.637931,0.81034481,0.46551723,1.0172414,1.0517241
257,accessory_6to8cities,6,建筑立面,沿街立面,Jakarta,雅加达,0.0040539966,3.5678204,3.1887755e-06,0.0040539966,0.2898314,2.5459278,Jakarta|Manila|NewDelhi|Dhaka|MexicoCity|SaoPaulo,0.00020939626,7.6530612e-05,1.4880952e-05,0.00027317177,3.082483e-05,0.00051870748,0.0007642432,3.1887755e-06,0.0040539966,0.0016602891,0.0029060374,0.0031239371,0.18428438,0.067352666,0.013096352,0.2404116,0.027128157,0.4565014,0.67259121,0.0028063611,3.5678204,1.4611787,2.5575304,2.7492984
258,accessory_6to8cities,8,建筑立面,住宅·楼房,Singapore,新加坡,0.0071949405,5.4260521,0.00012223639,0.0071949405,0.24192502,2.7176704,Singapore|HongKong|Jakarta|Manila|NewDelhi|Paris|Amsterdam|MexicoCity,0.0017123724,0.0071949405,0.00071003401,0.00019770408,0.00093537415,0.0003125,0.00059842687,0.00039221939,0.0013807398,0.00012223639,0.0010023384,0.0013531037,1.2913828,5.4260521,0.53547094,0.1490982,0.70541082,0.23567134,0.4513026,0.29579158,1.0412826,0.092184369,0.75591182,1.0204409
259,accessory_6to8cities,6,车辆,车辆·店面,Dhaka,达卡,0.0062138605,3.8292576,0.00015731293,0.0062138605,0.22141376,2.7912025,Dhaka|NewDelhi|CapeTown|Jakarta|Manila|MexicoCity,0.00020620748,0.00015731293,0.00033056973,0.0024500425,0.00028486395,0.00048469388,0.0011957908,0.00027423469,0.0018824405,0.0062138605,0.004375,0.0016177721,0.12707424,0.096943231,0.20371179,1.5098253,0.17554585,0.29868996,0.73689956,0.16899563,1.1600437,3.8292576,2.6960699,0.99694323
260,near_core_9to11cities,9,植被,树丛·灌木,Sydney,悉尼,0.0017410714,2.2464,0.00011373299,0.0017410714,0.057336687,3.3794126,Sydney|Paris|SaoPaulo|MexicoCity|Amsterdam|Singapore|Manila|CapeTown|Jakarta,0.00048044218,0.00069834184,0.00075361395,0.00059842687,0.001348852,0.0010724915,0.0008067602,0.0017410714,0.00057185374,0.00011373299,0.00043792517,0.00067708333,0.61988571,0.90102857,0.97234286,0.77211428,1.7403429,1.3837714,1.0409143,2.2464,0.73782857,0.14674286,0.56502857,0.8736
261,regional_3to5cities,4,建筑立面,建筑·结构,Amsterdam,阿姆斯特丹,0.015110544,9.0093478,0,0.015110544,0.64441122,1.2747725,Amsterdam|Paris|Sydney|CapeTown,2.5510204e-05,3.295068e-05,0.015110544,0.0007727466,0.0027859269,0.00013180272,0.00038265306,0.00086309524,0,0,0,2.1258503e-05,0.015209929,0.019646158,9.0093478,0.46073409,1.661051,0.078584632,0.22814893,0.51460259,0,0,0,0.012674941
262,accessory_6to8cities,6,建筑立面,窗·竖构件,Singapore,新加坡,0.0015157313,2.2206073,0.00033482143,0.0015157313,0.047154308,3.4159161,Singapore|Sydney|CapeTown|Amsterdam|NewDelhi|HongKong,0.00060267857,0.0015157313,0.00073341837,0.0010331633,0.00048256803,0.00040922619,0.00033482143,0.0011415816,0.00037627551,0.00048256803,0.0006377551,0.00044111395,0.88294835,2.2206073,1.0744874,1.5136257,0.70698157,0.59953283,0.49052686,1.672463,0.55125876,0.70698157,0.93433688,0.64624967
263,accessory_6to8cities,8,路面·道路,路肩·开阔地,NewDelhi,新德里,0.0032302296,2.7585477,8.2908163e-05,0.0032302296,0.16258405,3.0021048,NewDelhi|Dhaka|CapeTown|Manila|Jakarta|MexicoCity|SaoPaulo|Paris,0.00014243197,0.00028911565,0.00023278061,0.0018739371,0.00054846939,0.00077912415,0.00081845238,8.2908163e-05,0.0011596514,0.0032196003,0.0032302296,0.0016751701,0.12163389,0.24689864,0.19878971,1.6003026,0.46838124,0.66535552,0.698941,0.070801815,0.9903177,2.7494705,2.7585477,1.4305598
264,core_universal_12cities,12,建筑立面,矮墙·巷弄,Sydney,悉尼,0.0046364796,1.4650284,0.0020110544,0.0046364796,0.0097601123,3.5499729,Sydney|CapeTown|MexicoCity|Singapore|HongKong|Paris|Dhaka|SaoPaulo|NewDelhi|Amsterdam|Jakarta|Manila,0.0032185374,0.0032259779,0.002556335,0.0040210459,0.0031707058,0.0028571429,0.0039296344,0.0046364796,0.0024734269,0.0031143707,0.0027625425,0.0020110544,1.016989,1.01934,0.80774721,1.2705645,1.0018752,0.90279605,1.2416804,1.4650284,0.78155,0.98407456,0.87290436,0.63545019
265,regional_3to5cities,4,路面·道路,车行道,Singapore,新加坡,0.00088647959,1.8650764,0.00021258503,0.00088647959,0.032064247,3.4700134,Singapore|HongKong|Sydney|CapeTown,0.00071747449,0.00088647959,0.00037096088,0.00053465136,0.00048788265,0.00044855442,0.00040284864,0.00067495748,0.00036458333,0.00022215136,0.00021258503,0.00038052721,1.5095043,1.8650764,0.78046962,1.1248602,1.0264629,0.94371971,0.8475587,1.4200522,0.76705181,0.46738725,0.44726053,0.80059635
266,near_core_9to11cities,9,建筑立面,沿街立面,NewDelhi,新德里,0.0023171769,2.4211013,1.4880952e-05,0.0023171769,0.096064891,3.2405735,NewDelhi|Jakarta|Dhaka|Manila|Paris|MexicoCity|CapeTown|SaoPaulo|Sydney,0.00026466837,1.4880952e-05,0.00024978741,0.00098214286,0.0010501701,0.00079931973,0.00099702381,0.00058886054,0.0017219388,0.0014041241,0.0023171769,0.0010948129,0.27653864,0.015548357,0.26099028,1.0261916,1.0972698,0.8351689,1.0417399,0.61527071,1.7991671,1.4670986,2.4211013,1.1439149
267,accessory_6to8cities,8,路面·道路,路口·人行道,MexicoCity,墨西哥城,0.0024032738,2.5586571,9.3537415e-05,0.0024032738,0.12400023,3.1404263,MexicoCity|Sydney|CapeTown|SaoPaulo|Jakarta|Manila|Paris|NewDelhi,0.00014030612,0.00040072279,9.3537415e-05,0.0017644558,0.00059417517,0.0011575255,0.0024032738,0.0020854592,0.0011139456,0.00035395408,0.00052295918,0.00064094388,0.14937759,0.42663146,0.099585062,1.8785364,0.63259147,1.2323651,2.5586571,2.2202942,1.1859676,0.37683893,0.55677103,0.68238401
268,near_core_9to11cities,9,路面·道路,车行道,SaoPaulo,圣保罗,0.014460034,4.1922958,8.9285714e-05,0.014460034,0.24750705,2.697659,SaoPaulo|MexicoCity|Sydney|CapeTown|Paris|Manila|Singapore|HongKong|Jakarta,0.0010150935,0.0010969388,8.9285714e-05,0.0046864371,0.0044440901,0.014460034,0.0072757228,0.0057536139,0.00061330782,0.00017113095,0.00020301871,0.0015816327,0.29429892,0.31802773,0.025885978,1.3587057,1.2884438,4.1922958,2.1093991,1.6681048,0.17781202,0.049614792,0.058859784,0.45855162
269,core_universal_12cities,12,路面·道路,车行道,CapeTown,开普敦,0.0019579082,1.8595104,0.00065369898,0.0019579082,0.018370791,3.5191039,CapeTown|Sydney|Paris|SaoPaulo|MexicoCity|Jakarta|Singapore|HongKong|Amsterdam|Dhaka|Manila|NewDelhi,0.00098745748,0.0010034014,0.00096088435,0.0019579082,0.0011745323,0.0011309524,0.001108631,0.0012436224,0.001036352,0.00071641156,0.00065369898,0.00066113946,0.93783124,0.95297384,0.91259359,1.8595104,1.1155043,1.0741146,1.0529149,1.1811222,0.98426853,0.68040717,0.6208463,0.62791285
270,accessory_6to8cities,7,建筑立面,矮墙·巷弄,HongKong,香港,0.003026148,2.8546123,0.00012967687,0.003026148,0.14356764,3.0702779,HongKong|Singapore|Amsterdam|Paris|Sydney|CapeTown|SaoPaulo,0.003026148,0.0020727041,0.0018314201,0.00094068878,0.0018005952,0.00054528061,0.00039540816,0.0012616922,0.00020301871,0.00012967687,0.00027210884,0.00024234694,2.8546123,1.9552139,1.727607,0.88736631,1.6985294,0.51437166,0.37299465,1.1901738,0.1915107,0.1223262,0.25668449,0.22860963
271,pair_specific_2cities,2,车辆,车辆·店面,Jakarta,雅加达,0.0037436224,6.869961,0,0.0037436224,0.45683663,1.9472203,Jakarta|Manila,2.2321429e-05,6.377551e-05,0,3.6139456e-05,6.377551e-06,0.00045280612,0.00020408163,4.2517007e-06,0.0037436224,0.00037946429,0.00031037415,0.0013159014,0.040962289,0.11703511,0,0.066319896,0.011703511,0.83094928,0.37451235,0.0078023407,6.869961,0.69635891,0.56957087,2.4148244
272,near_core_9to11cities,11,路面·道路,车行道,MexicoCity,墨西哥城,0.011614583,2.9812428,0.00037946429,0.011614583,0.12393313,3.1406669,MexicoCity|Jakarta|NewDelhi|Dhaka|SaoPaulo|Manila|HongKong|Singapore|Paris|Amsterdam|CapeTown,0.0025627126,0.0025255102,0.00093962585,0.00084927721,0.0015019133,0.0043356718,0.011614583,0.00037946429,0.0079921344,0.0048394983,0.0049606718,0.0042495748,0.6577996,0.64825046,0.24118409,0.21799332,0.38551258,1.1128845,2.9812428,0.097401269,2.051429,1.2422072,1.2733101,1.0907851
273,regional_3to5cities,5,植被,树丛·灌木,CapeTown,开普敦,0.0014477041,2.7986301,0.00018494898,0.0014477041,0.068873121,3.3380549,CapeTown|Sydney|MexicoCity|NewDelhi|Paris,0.00024553571,0.00018494898,0.00037521259,0.0014477041,0.00053252551,0.0004389881,0.0006335034,0.00084608844,0.0003167517,0.00027848639,0.00055909864,0.00034863946,0.47465753,0.35753425,0.72534246,2.7986301,1.0294521,0.84863014,1.2246575,1.6356164,0.61232877,0.53835616,1.0808219,0.6739726
274,pair_specific_2cities,2,路面·道路,路肩·开阔地,HongKong,香港,0.00071534864,2.2640875,8.7159864e-05,0.00071534864,0.06026377,3.3689191,HongKong|NewDelhi,0.00071534864,0.00037733844,0.00040816327,9.247449e-05,0.00042942177,0.00026360544,0.00022321429,8.7159864e-05,0.00021683673,0.00027954932,0.00051020408,0.00018813776,2.2640875,1.1942809,1.2918419,0.29268293,1.3591253,0.83431455,0.70647603,0.27586207,0.686291,0.88477712,1.6148023,0.59545837
275,core_universal_12cities,12,建筑立面,建筑·结构,Singapore,新加坡,0.0015136054,1.5482468,0.00058460884,0.0015136054,0.016558559,3.5256007,Singapore|NewDelhi|Sydney|SaoPaulo|Manila|CapeTown|MexicoCity|Paris|Jakarta|HongKong|Dhaka|Amsterdam,0.00065369898,0.0015136054,0.00058460884,0.00099489796,0.00090136054,0.0011160714,0.00091305272,0.0012149235,0.00076636905,0.00064944728,0.0013786139,0.0010448554,0.66865996,1.5482468,0.59798858,1.0176678,0.92198967,1.1416146,0.93394944,1.242729,0.78390867,0.66431095,1.4101658,1.0687687
276,near_core_9to11cities,10,建筑立面,住宅·楼房,MexicoCity,墨西哥城,0.018452381,2.5450503,0.00015625,0.018452381,0.16549437,2.9916714,MexicoCity|SaoPaulo|Manila|Jakarta|NewDelhi|Paris|Dhaka|CapeTown|Singapore|HongKong,0.0007769983,0.0023394983,0.00015625,0.0037627551,0.0051732568,0.016795281,0.018452381,0.0001732568,0.01191858,0.0045854592,0.010834396,0.012035502,0.10716773,0.32267602,0.021550829,0.51897915,0.71352302,2.3164942,2.5450503,0.023896497,1.6438738,0.63245086,1.4943374,1.6600002
277,unused,0,路面·道路,车行道,Jakarta,雅加达,0.00012861395,2.3157894,1.7006803e-05,0.00012861395,0.046794563,3.4172057,,1.7006803e-05,4.4642857e-05,7.3341837e-05,4.9957483e-05,5.1020408e-05,3.8265306e-05,5.4209184e-05,3.295068e-05,0.00012861395,4.1454082e-05,8.9285714e-05,4.5705782e-05,0.30622009,0.80382774,1.3205741,0.89952151,0.91866027,0.6889952,0.97607654,0.59330142,2.3157894,0.74641147,1.6076555,0.82296649
278,core_universal_12cities,12,建筑立面,窗·竖构件,Singapore,新加坡,0.0085395408,2.2750614,0.0019982993,0.0085395408,0.047119258,3.4160417,Singapore|Dhaka|Sydney|Jakarta|NewDelhi|HongKong|Amsterdam|MexicoCity|SaoPaulo|Manila|CapeTown|Paris,0.003096301,0.0085395408,0.0030187075,0.0020790816,0.0019982993,0.0027349065,0.0028582058,0.0040104167,0.0032631803,0.0075053146,0.0032334184,0.0027051446,0.82490089,2.2750614,0.80422881,0.55389843,0.53237682,0.72861997,0.76146876,1.068435,0.86936001,1.999528,0.861431,0.72069096
279,city_unique_1city,1,建筑立面,沿街立面,HongKong,香港,0.00078018707,5.0942741,1.4880952e-05,0.00078018707,0.23300709,2.7496408,HongKong,0.00078018707,6.2712585e-05,2.5510204e-05,7.3341837e-05,3.8265306e-05,1.4880952e-05,2.2321429e-05,0.00017219388,0.00018069728,0.00021471088,0.00015412415,9.8852041e-05,5.0942741,0.40948525,0.16657027,0.47888953,0.24985541,0.097165991,0.14574899,1.1243493,1.1798728,1.4019664,1.0063621,0.6454598
280,unused,0,建筑立面,住宅·楼房,SaoPaulo,圣保罗,0.00039965986,1.592658,0.00011798469,0.00039965986,0.020128122,3.5128039,,0.00021577381,0.00017006803,0.00025403912,0.00022002551,0.00030718537,0.00039965986,0.00034013605,0.00011798469,0.00030931122,0.00017963435,0.00019345238,0.0003039966,0.85986586,0.67772679,1.0123544,0.87680903,1.224144,1.592658,1.3554536,0.47017296,1.2326156,0.71584892,0.77091422,1.2114366
281,accessory_6to8cities,6,植被,树冠,Singapore,新加坡,0.0071045918,4.3206206,0,0.0071045918,0.32010322,2.4374045,Singapore|Dhaka|Manila|Jakarta|SaoPaulo|HongKong,0.0010714286,0.0071045918,0,5.7397959e-05,2.1258503e-06,0.0011947279,3.1887755e-06,0.00017857143,0.0028082483,0.0038307823,0.00014136905,0.0033397109,0.65158371,4.3206206,0,0.03490627,0.0012928248,0.72656755,0.0019392372,0.10859729,1.7078216,2.3296703,0.085972851,2.0310278
282,city_unique_1city,1,植被,树冠,HongKong,香港,0.020637755,11.920188,0,0.020637755,0.97957656,0.073217281,HongKong,0.020637755,4.9957483e-05,0,1.4880952e-05,0,6.377551e-06,0,1.0629252e-06,0,3.295068e-05,1.0629252e-05,2.2321429e-05,11.920188,0.028855009,0,0.008595109,0,0.0036836181,0,0.00061393635,0,0.019032027,0.0061393635,0.012892663
283,core_universal_12cities,12,建筑立面,沿街立面,Paris,巴黎,0.0028603316,1.5030021,0.00059417517,0.0028603316,0.037730167,3.4497013,Paris|CapeTown|Amsterdam|Jakarta|Manila|Singapore|SaoPaulo|MexicoCity|Sydney|NewDelhi|Dhaka|HongKong,0.00059417517,0.0019897959,0.0027721088,0.0027795493,0.0028603316,0.0019005102,0.001832483,0.0017261905,0.0025403912,0.00066539116,0.0009502551,0.0022257653,0.31221783,1.0455667,1.4566442,1.4605539,1.5030021,0.99865022,0.96290435,0.90705143,1.3348848,0.34963928,0.49932511,1.1695602
284,regional_3to5cities,4,植被,树丛·灌木,Jakarta,雅加达,0.0029921344,3.4914729,0,0.0029921344,0.25591842,2.6675046,Jakarta|Manila|NewDelhi|Singapore,0.00020408163,0.0013722364,0,0.00021045918,5.952381e-05,0.00029230442,0.00025722789,0.00040284864,0.0029921344,0.00017006803,0.001690051,0.0026328656,0.23813953,1.6012403,0,0.2455814,0.069457364,0.34108527,0.30015504,0.47007752,3.4914729,0.19844961,1.972093,3.0722481
285,accessory_6to8cities,8,建筑立面,沿街立面,HongKong,香港,0.01776892,7.4251027,7.0153061e-05,0.01776892,0.42802481,2.0505096,HongKong|MexicoCity|Singapore|SaoPaulo|Sydney|Paris|Manila|Jakarta,0.01776892,0.0021332908,7.0153061e-05,0.00010416667,0.0010884354,0.0015465561,0.0030346514,0.0012478741,0.00060161565,0.00014880952,0.00021789966,0.00075467687,7.4251027,0.89143872,0.029314876,0.043528149,0.45482474,0.64625976,1.2680905,0.52144946,0.25139727,0.06218307,0.091053781,0.315357
286,accessory_6to8cities,8,建筑立面,沿街立面,Manila,马尼拉,0.0022406463,2.8995873,2.6573129e-05,0.0022406463,0.12263142,3.1453334,Manila|Jakarta|SaoPaulo|Paris|NewDelhi|Dhaka|HongKong|MexicoCity,0.00071641156,0.00022534014,0.00012117347,0.00021683673,0.0009077381,0.0010852466,0.00062606293,2.6573129e-05,0.001349915,0.00085565476,0.00090136054,0.0022406463,0.92709766,0.29160935,0.1568088,0.28060523,1.1746905,1.4044016,0.81017882,0.034387895,1.7469051,1.1072902,1.1664374,2.8995873
287,pair_specific_2cities,2,路面·道路,路口·人行道,Jakarta,雅加达,0.00072916667,1.9741007,0.00018282313,0.00072916667,0.027325482,3.4870017,Jakarta|Amsterdam,0.0002997449,0.00043367347,0.00050807823,0.00018282313,0.00042410714,0.0003380102,0.00030187075,0.0002869898,0.00072916667,0.00036245748,0.00019557823,0.00036989796,0.81151079,1.1741007,1.3755396,0.49496403,1.1482014,0.91510791,0.81726618,0.77697842,1.9741007,0.98129496,0.5294964,1.0014388
288,near_core_9to11cities,9,车辆,车辆·店面,Singapore,新加坡,0.0025903486,2.3698541,0.00012755102,0.0025903486,0.097794278,3.2343737,Singapore|Dhaka|Manila|NewDelhi|Jakarta|HongKong|Sydney|SaoPaulo|CapeTown,0.0012468112,0.0025903486,0.00012755102,0.00056335034,0.00026360544,0.0006377551,0.00045386905,0.00071853741,0.0012967687,0.0024489796,0.001321216,0.0014477041,1.1406807,2.3698541,0.11669368,0.51539708,0.24116694,0.58346839,0.41523501,0.65737439,1.1863857,2.2405186,1.208752,1.3244733
289,unused,0,路面·道路,车行道,Jakarta,雅加达,0.00030931122,1.6951456,8.9285714e-05,0.00030931122,0.02231293,3.5049715,,0.0001605017,0.00017857143,0.00011479592,0.00019132653,0.00013711735,0.00020727041,8.9285714e-05,0.00012117347,0.00030931122,0.00026573129,0.00020089286,0.00021364796,0.87961165,0.97864077,0.62912621,1.0485437,0.75145631,1.1359223,0.48932039,0.66407767,1.6951456,1.4563107,1.1009709,1.1708738
290,city_unique_1city,1,植被,树丛·灌木,MexicoCity,墨西哥城,0.00078762755,6.0284745,1.2755102e-05,0.00078762755,0.28204188,2.5738529,MexicoCity,4.9957483e-05,1.3818027e-05,7.1215986e-05,5.3146259e-05,8.2908163e-05,0.00013180272,0.00078762755,7.4404762e-05,1.2755102e-05,3.6139456e-05,8.2908163e-05,0.00017113095,0.38237288,0.10576271,0.54508474,0.40677966,0.63457627,1.0088136,6.0284745,0.56949152,0.097627118,0.27661017,0.63457627,1.3098305
291,core_universal_12cities,12,路面·道路,车行道,SaoPaulo,圣保罗,0.0031069303,1.4638177,0.0010894983,0.0031069303,0.015358056,3.5299044,SaoPaulo|Manila|Paris|MexicoCity|Sydney|Singapore|NewDelhi|Jakarta|HongKong|Amsterdam|Dhaka|CapeTown,0.0017889031,0.0022406463,0.0017538265,0.0010894983,0.0027008929,0.0031069303,0.0024128401,0.0023416241,0.0018409864,0.0014147534,0.0018718112,0.0029071003,0.84283449,1.0556715,0.82630832,0.51331274,1.2725148,1.4638177,1.1367999,1.1032468,0.86737334,0.66655538,0.88189634,1.3696686
292,accessory_6to8cities,8,路面·道路,车行道,CapeTown,开普敦,0.0021237245,2.0928771,0.00019664116,0.0021237245,0.085641347,3.2779415,CapeTown|Jakarta|MexicoCity|Singapore|Amsterdam|Manila|SaoPaulo|Sydney,0.00044430272,0.0016422194,0.0012064201,0.0021237245,0.00034438776,0.00075786565,0.0017346939,0.00069940476,0.0018261054,0.00026892007,0.00019664116,0.00093218537,0.43784916,1.6183659,1.1888966,2.0928771,0.33938547,0.74685754,1.7094972,0.68924581,1.799581,0.26501397,0.19378492,0.91864525
293,regional_3to5cities,5,路面·道路,车行道,Dhaka,达卡,0.0020939626,3.3527159,0.00016687925,0.0020939626,0.11088381,3.1874482,Dhaka|Manila|Jakarta|NewDelhi|Amsterdam,0.00035820578,0.00036245748,0.00051870748,0.00024128401,0.00046981293,0.00016687925,0.00029655612,0.00023703231,0.00089073129,0.0020939626,0.00087585034,0.00098320578,0.57353567,0.58034321,0.83052049,0.38632818,0.75223372,0.26719614,0.47482627,0.37952063,1.4261807,3.3527159,1.4023543,1.5742448
294,near_core_9to11cities,9,建筑立面,住宅·楼房,Singapore,新加坡,0.0048394983,3.4698336,0.00027742347,0.0048394983,0.1329878,3.1082062,Singapore|HongKong|Amsterdam|NewDelhi|Sydney|MexicoCity|Paris|CapeTown|SaoPaulo,0.0029581207,0.0048394983,0.0014434524,0.00077593537,0.0012489371,0.00058992347,0.0012553146,0.0013190901,0.00036564626,0.00027742347,0.0013446003,0.00031887755,2.1209196,3.4698336,1.0349295,0.55633177,0.89546551,0.42296456,0.9000381,0.945764,0.26216182,0.19890766,0.96405436,0.22862949
295,accessory_6to8cities,6,植被,树冠,MexicoCity,墨西哥城,0.010696216,4.5573461,4.2517007e-06,0.010696216,0.29485422,2.5279212,MexicoCity|Paris|Sydney|Amsterdam|Singapore|CapeTown,0.00047831633,0.0019047619,0.002443665,0.00079081633,0.0061734694,0.0004815051,0.010696216,0.0044228316,0.00037840136,4.2517007e-06,0.00023915816,0.00015093537,0.20379666,0.81156357,1.0411745,0.3369438,2.6303355,0.2051553,4.5573461,1.8844397,0.1612258,0.0018115258,0.10189833,0.064309167
296,regional_3to5cities,4,建筑立面,沿街立面,MexicoCity,墨西哥城,0.0045620748,4.1757743,2.0195578e-05,0.0045620748,0.355102,2.3119352,MexicoCity|SaoPaulo|Jakarta|Manila,0.0001264881,2.0195578e-05,6.8027211e-05,0.0001477466,0.00045705782,0.0045142432,0.0045620748,0.00011585884,0.0019876701,0.00025935374,0.00020089286,0.0006505102,0.11577753,0.018485487,0.062266904,0.13523593,0.41835576,4.1319929,4.1757743,0.10604832,1.8193611,0.23739257,0.18388195,0.59542727
297,near_core_9to11cities,11,路面·道路,车行道,CapeTown,开普敦,0.0044292092,1.8494655,0.0004815051,0.0044292092,0.073819808,3.3203213,CapeTown|Singapore|HongKong|Sydney|SaoPaulo|Paris|MexicoCity|Amsterdam|Dhaka|Manila|Jakarta,0.0037457483,0.0037914541,0.0022087585,0.0044292092,0.002953869,0.0030782313,0.0022789116,0.0035172194,0.00052295918,0.00094919218,0.0004815051,0.00078125,1.5640789,1.5831638,0.92229167,1.8494655,1.2334209,1.2853497,0.95158486,1.4686541,0.21836742,0.39634575,0.20105781,0.32621962
298,accessory_6to8cities,7,建筑立面,矮墙·巷弄,Dhaka,达卡,0.004161352,2.8165468,0.00015943878,0.004161352,0.16607245,2.989599,Dhaka|NewDelhi|Jakarta|Manila|MexicoCity|SaoPaulo|CapeTown,0.00029761905,0.00020620748,0.00015943878,0.0011904762,0.00023384354,0.0012872024,0.001605017,0.00020727041,0.002671131,0.004161352,0.0032004677,0.0025095663,0.20143885,0.13956835,0.10791367,0.8057554,0.15827338,0.87122302,1.0863309,0.14028777,1.8079137,2.8165468,2.166187,1.6985611
299,pair_specific_2cities,2,建筑立面,住宅·楼房,Singapore,新加坡,0.0036830357,5.140314,1.0629252e-05,0.0036830357,0.46143969,1.9307185,Singapore|HongKong,0.0035501701,0.0036830357,4.2517007e-05,0.00026679422,0.00020408163,0.00029336735,6.377551e-05,0.00024872449,5.952381e-05,3.9328231e-05,1.0629252e-05,0.00013605442,4.954877,5.140314,0.059339844,0.37235752,0.28483125,0.40944492,0.089009766,0.34713809,0.083075782,0.054889356,0.014834961,0.1898875
300,core_universal_12cities,12,建筑立面,沿街立面,SaoPaulo,圣保罗,0.0070610119,1.6025894,0.00062393707,0.0070610119,0.054638027,3.3890872,SaoPaulo|Manila|CapeTown|Singapore|Sydney|Amsterdam|Paris|MexicoCity|Jakarta|HongKong|Dhaka|NewDelhi,0.0028167517,0.0059449405,0.0051339286,0.0064115646,0.0048841412,0.0070610119,0.0035214711,0.005823767,0.0028720238,0.0011022534,0.00062393707,0.006676233,0.63929878,1.3492823,1.1652125,1.4551888,1.10852,1.6025894,0.7992441,1.3217804,0.65184351,0.25017088,0.14161071,1.5152587
301,core_universal_12cities,12,路面·道路,路肩·开阔地,Manila,马尼拉,0.0027582908,1.3916696,0.0010023384,0.0027582908,0.015760023,3.5284634,Manila|Jakarta|Dhaka|NewDelhi|HongKong|Paris|MexicoCity|Sydney|SaoPaulo|Singapore|Amsterdam|CapeTown,0.0019632228,0.0015710034,0.0014965986,0.0010023384,0.0019504677,0.0016719813,0.0017081207,0.0016826105,0.0027306548,0.0027285289,0.0025201956,0.0027582908,0.99052556,0.79263497,0.75509474,0.50572041,0.9840901,0.84358241,0.86181623,0.8489453,1.3777261,1.3766536,1.2715409,1.3916696
302,near_core_9to11cities,10,建筑立面,建筑·结构,Paris,巴黎,0.0079251701,2.7668615,0.00024766156,0.0079251701,0.11999188,3.1547961,Paris|SaoPaulo|CapeTown|Sydney|Manila|Singapore|MexicoCity|Jakarta|NewDelhi|Dhaka,0.00038690476,0.0028794643,0.00024766156,0.0045142432,0.0079251701,0.0053358844,0.0025403912,0.0035321003,0.0025191327,0.00073129252,0.0008110119,0.0029485544,0.13507747,1.0052881,0.086464422,1.5760275,2.7668615,1.8628815,0.88690973,1.2331385,0.87948789,0.25531125,0.28314315,1.029409
303,unused,0,建筑立面,矮墙·巷弄,Manila,马尼拉,0.0001775085,1.5056348,7.9719388e-05,0.0001775085,0.013755001,3.5356513,,0.00010735544,0.00012223639,7.9719388e-05,0.00011479592,0.00012967687,0.00014455782,0.00015731293,8.6096939e-05,0.00013286565,8.0782313e-05,8.1845238e-05,0.0001775085,0.91059353,1.0368144,0.67618332,0.97370397,1.0999249,1.2261457,1.3343351,0.73027798,1.1269722,0.68519909,0.69421487,1.5056348
304,city_unique_1city,1,路面·道路,车行道,NewDelhi,新德里,0.0010406037,5.4515081,1.3818027e-05,0.0010406037,0.2691591,2.6200372,NewDelhi,8.5034014e-05,8.3971088e-05,1.3818027e-05,0.00028380102,0.00022427721,0.00015306122,2.0195578e-05,0.00022852891,1.8069728e-05,9.9914966e-05,0.0010406037,3.9328231e-05,0.44547564,0.43990719,0.072389791,1.4867749,1.174942,0.80185614,0.10580046,1.1972158,0.094663573,0.52343387,5.4515081,0.20603248
305,core_universal_12cities,12,建筑立面,窗·竖构件,Dhaka,达卡,0.0060416667,3.4424145,0.00061862245,0.0060416667,0.10778848,3.1985449,Dhaka|Jakarta|Manila|Amsterdam|CapeTown|NewDelhi|HongKong|Singapore|MexicoCity|Paris|Sydney|SaoPaulo,0.0010905612,0.00099383503,0.0016581633,0.0011957908,0.00095556973,0.00061862245,0.00096832483,0.0007514881,0.0033269558,0.0060416667,0.0011904762,0.0022693452,0.62137882,0.56626628,0.94478651,0.68133643,0.54446351,0.35247805,0.5517311,0.42818209,1.8956294,3.4424145,0.67830827,1.2930251
306,near_core_9to11cities,10,路面·道路,车行道,CapeTown,开普敦,0.0034470663,2.3585455,0.00028486395,0.0034470663,0.10150957,3.2210545,CapeTown|SaoPaulo|Paris|Singapore|Sydney|HongKong|MexicoCity|Manila|Amsterdam|Jakarta,0.0012170493,0.0023235544,0.00071960034,0.0034470663,0.0026828231,0.002797619,0.00082801871,0.0015869473,0.00052827381,0.00033588435,0.00028486395,0.00078656463,0.83272727,1.5898182,0.49236364,2.3585455,1.8356364,1.9141818,0.56654545,1.0858182,0.36145455,0.22981818,0.19490909,0.53818182
307,near_core_9to11cities,10,建筑立面,建筑·结构,Jakarta,雅加达,0.0064817177,2.5234844,0.0003252551,0.0064817177,0.1404372,3.0815004,Jakarta|SaoPaulo|NewDelhi|Dhaka|Manila|HongKong|MexicoCity|Singapore|CapeTown|Paris,0.0021619898,0.00077593537,0.00041241497,0.00074936224,0.00056653912,0.0055846088,0.0015082908,0.0003252551,0.0064817177,0.004033801,0.0045195578,0.0037032313,0.84171322,0.3020898,0.1605628,0.29174426,0.22056694,2.1742189,0.58721291,0.12662942,2.5234844,1.5704531,1.7595696,1.4417546
308,accessory_6to8cities,8,路面·道路,车行道,Jakarta,雅加达,0.0041517857,3.5873259,5.1020408e-05,0.0041517857,0.18434541,2.9240911,Jakarta|Manila|Paris|CapeTown|Singapore|SaoPaulo|Amsterdam|Sydney,0.00013392857,0.001192602,0.00067920918,0.0012181122,0.0020291241,0.00087372449,0.00020301871,0.00067389456,0.0041517857,0.00017963435,5.1020408e-05,0.0025021259,0.11572019,1.0304607,0.58686668,1.0525027,1.7532527,0.75493648,0.17541711,0.58227461,3.5873259,0.155212,0.044083882,2.161947
309,core_universal_12cities,12,路面·道路,车行道,Singapore,新加坡,0.0026456207,1.3890155,0.0013658588,0.0026456207,0.010010999,3.5490734,Singapore|HongKong|SaoPaulo|MexicoCity|Paris|Jakarta|Sydney|CapeTown|Dhaka|NewDelhi|Amsterdam|Manila,0.002428784,0.0026456207,0.0013934949,0.0016411565,0.0021247874,0.0023352466,0.0022778486,0.0018292942,0.0018399235,0.0015189201,0.0014551446,0.0013658588,1.2751709,1.3890155,0.73161884,0.86164721,1.1155653,1.2260615,1.1959261,0.96042413,0.96600474,0.79747012,0.76398642,0.71710924
310,accessory_6to8cities,6,建筑立面,建筑·结构,Jakarta,雅加达,0.0020631378,3.4087516,4.4642857e-05,0.0020631378,0.17370769,2.962227,Jakarta|Dhaka|Paris|Singapore|Manila|NewDelhi,0.00026679422,0.00086415816,7.0153061e-05,0.00016581633,0.00090880102,9.7789116e-05,0.00015412415,4.4642857e-05,0.0020631378,0.0010894983,0.00068664966,0.00085140306,0.44080199,1.427777,0.11590809,0.27396458,1.5015367,0.16156886,0.25464657,0.073759695,3.4087516,1.8000878,1.1344944,1.4067028
311,city_unique_1city,1,路面·道路,车行道,Singapore,新加坡,0.00063137755,3.0293243,6.164966e-05,0.00063137755,0.093241265,3.2506961,Singapore,0.00028805272,0.00063137755,0.00031781463,8.0782313e-05,0.00022534014,0.00011054422,0.00024340986,6.164966e-05,0.00012542517,6.9090136e-05,0.00011267007,0.00023490646,1.3820654,3.0293243,1.5248619,0.38759031,1.081173,0.53038674,1.1678708,0.2957926,0.60178495,0.33149171,0.54058648,1.1270718
312,regional_3to5cities,3,植被,树丛·灌木,Jakarta,雅加达,0.0071917517,5.686909,1.0629252e-06,0.0071917517,0.41270957,2.1054142,Jakarta|Dhaka|Manila,0.00031356293,0.0004857568,1.0629252e-06,0.00014880952,0.00019132653,0.00033907313,7.9719388e-05,9.5663265e-06,0.0071917517,0.0035193452,0.00016581633,0.0027295918,0.24795125,0.38411431,0.00084051271,0.11767178,0.15129229,0.26812356,0.063038453,0.0075646144,5.686909,2.7829376,0.13111998,2.1584366
313,core_universal_12cities,12,建筑立面,沿街立面,HongKong,香港,0.030515519,4.0007432,0.00068771259,0.030515519,0.27978339,2.5819495,HongKong|Singapore|Amsterdam|Paris|CapeTown|SaoPaulo|Sydney|NewDelhi|Manila|Jakarta|MexicoCity|Dhaka,0.030515519,0.020898172,0.019809736,0.0038977466,0.0070333759,0.0026020408,0.00097576531,0.0017910289,0.0010246599,0.00068771259,0.001151148,0.0011426446,4.0007432,2.739859,2.5971595,0.51101485,0.92211216,0.34114109,0.12792791,0.23481321,0.13433824,0.090162697,0.15092149,0.14980664
314,unused,0,车辆,车辆·店面,MexicoCity,墨西哥城,0.00037627551,3.7928571,1.0629252e-06,0.00037627551,0.21014805,2.8315896,,6.9090136e-05,3.1887755e-05,1.0629252e-06,2.869898e-05,6.377551e-06,0.00023384354,0.00037627551,9.5663265e-06,6.2712585e-05,9.7789116e-05,0.00015943878,0.00011373299,0.69642856,0.32142857,0.010714286,0.28928571,0.064285714,2.3571428,3.7928571,0.09642857,0.63214285,0.98571428,1.6071428,1.1464286
315,regional_3to5cities,3,建筑立面,沿街立面,Jakarta,雅加达,0.0034672619,5.6928447,5.3146259e-06,0.0034672619,0.44967656,1.9728889,Jakarta|Dhaka|Manila,7.4404762e-05,3.7202381e-05,5.3146259e-06,5.952381e-05,0.00013286565,5.4209184e-05,7.0153061e-05,7.4404762e-06,0.0034672619,0.0023203656,0.00030612245,0.00077380952,0.12216405,0.061082024,0.0087260035,0.097731239,0.21815009,0.089005235,0.11518325,0.012216405,5.6928447,3.8097731,0.5026178,1.2705061
316,core_universal_12cities,12,植被,树丛·灌木,Singapore,新加坡,0.026065051,2.1747716,0.0062478741,0.026065051,0.050960017,3.4022727,Singapore|Amsterdam|Dhaka|NewDelhi|Paris|Sydney|Jakarta|Manila|SaoPaulo|HongKong|CapeTown|MexicoCity,0.0073660714,0.026065051,0.024437713,0.0070843963,0.0099277211,0.0075382653,0.0062478741,0.0099266582,0.0084842687,0.014883078,0.014026361,0.0078348214,0.61459781,2.1747716,2.0389925,0.59109587,0.8283324,0.62896503,0.52129955,0.82824371,0.70789606,1.2417891,1.1703077,0.65370858
317,accessory_6to8cities,6,建筑立面,住宅·楼房,NewDelhi,新德里,0.0054846939,3.4565145,2.5510204e-05,0.0054846939,0.23305301,2.7494762,NewDelhi|SaoPaulo|Jakarta|Dhaka|HongKong|Manila,0.0016719813,0.00026041667,0.00013711735,9.9914966e-05,0.00030718537,0.0042017432,0.00044642857,2.5510204e-05,0.0031696429,0.0018941327,0.0054846939,0.0013424745,1.053701,0.16411745,0.086412861,0.062967511,0.1935916,2.6479848,0.2813442,0.016076811,1.9975438,1.1937032,3.4565145,0.8460422
318,regional_3to5cities,3,建筑立面,住宅·楼房,Amsterdam,阿姆斯特丹,0.0025924745,5.1646374,5.3146259e-06,0.0025924745,0.44349799,1.9950389,Amsterdam|Paris|MexicoCity,1.8069728e-05,2.7636054e-05,0.0025924745,0.00025297619,0.0019664116,4.1454082e-05,0.00085459184,0.00022746599,8.5034014e-06,5.3146259e-06,1.3818027e-05,1.4880952e-05,0.035997882,0.055055585,5.1646374,0.50397035,3.9174166,0.082583377,1.7024881,0.45314981,0.01694018,0.010587612,0.027527792,0.029645315
319,accessory_6to8cities,7,路面·道路,路口·人行道,SaoPaulo,圣保罗,0.00083864796,1.5564688,0.00020301871,0.00083864796,0.03842573,3.4472077,SaoPaulo|Manila|NewDelhi|Jakarta|MexicoCity|Dhaka|HongKong,0.00058992347,0.00031462585,0.00020301871,0.00029761905,0.0003422619,0.00083864796,0.00070046769,0.00025616497,0.00070153061,0.00065795068,0.00076318027,0.00080038265,1.0948545,0.58392241,0.37678777,0.55235903,0.63521289,1.5564688,1.3000164,0.47542331,1.3019891,1.221108,1.4164064,1.4854513
320,near_core_9to11cities,10,建筑立面,沿街立面,Dhaka,达卡,0.004545068,4.1602076,0.00015093537,0.004545068,0.14475178,3.0660328,Dhaka|Manila|Paris|Singapore|HongKong|Amsterdam|Jakarta|NewDelhi|SaoPaulo|Sydney,0.00085459184,0.0010055272,0.00083864796,0.00015093537,0.0013222789,0.00066645408,0.00028061224,0.00051764456,0.00071109694,0.004545068,0.00068239796,0.0015348639,0.78222799,0.92038268,0.76763418,0.13815469,1.210313,0.61002108,0.25685098,0.47381223,0.65088374,4.1602076,0.62461489,1.404897
321,regional_3to5cities,5,路面·道路,路口·人行道,CapeTown,开普敦,0.0013998724,2.4744011,8.0782313e-05,0.0013998724,0.14255238,3.0739176,CapeTown|Sydney|Paris|Amsterdam|HongKong,0.00064413265,0.00023384354,0.00087266156,0.0013998724,0.0011181973,0.00015625,0.00013286565,0.0013531037,8.0782313e-05,0.00045280612,0.00018388605,0.0001605017,1.1385627,0.4133396,1.5425082,2.4744011,1.9765148,0.276186,0.23485204,2.3917332,0.14279004,0.80037576,0.32503523,0.28370127
322,accessory_6to8cities,6,植被,树冠,MexicoCity,墨西哥城,0.0071662415,4.9211679,9.5663265e-06,0.0071662415,0.28927781,2.5479124,MexicoCity|Amsterdam|Sydney|CapeTown|Paris|NewDelhi,0.00015943878,0.00022321429,0.0026009779,0.0022491497,0.0011904762,8.6096939e-05,0.0071662415,0.0022980442,9.5663265e-06,0.00017113095,0.0011001276,0.00022002551,0.10948905,0.15328467,1.7861314,1.5445255,0.81751825,0.059124088,4.9211679,1.5781022,0.0065693431,0.11751825,0.75547445,0.15109489
323,core_universal_12cities,12,路面·道路,车行道,Singapore,新加坡,0.0032504252,1.9708899,0.0010150935,0.0032504252,0.024210626,3.4981683,Singapore|Sydney|Amsterdam|CapeTown|SaoPaulo|NewDelhi|Manila|Dhaka|MexicoCity|Jakarta|Paris|HongKong,0.0010150935,0.0032504252,0.0021694303,0.0018144133,0.001078869,0.001506165,0.0013849915,0.0021747449,0.0011150085,0.0014019983,0.0014434524,0.0014360119,0.6155003,1.9708899,1.3154305,1.1001665,0.65417047,0.91326065,0.83978731,1.318653,0.67608357,0.85009936,0.87523497,0.87072345
324,regional_3to5cities,5,路面·道路,车行道,SaoPaulo,圣保罗,0.0009289966,1.8033012,0.00014136905,0.0009289966,0.043407759,3.4293473,SaoPaulo|MexicoCity|Paris|Manila|Singapore,0.00041454082,0.00057716837,0.00041772959,0.00036989796,0.00068983844,0.0009289966,0.00092261905,0.00045280612,0.00032312925,0.00026998299,0.00014136905,0.00067389456,0.80467675,1.1203576,0.81086657,0.71801926,1.3390646,1.8033012,1.7909216,0.87895461,0.62723521,0.52407153,0.27441541,1.3081155
325,near_core_9to11cities,9,路面·道路,车行道,Sydney,悉尼,0.0022480867,2.113943,0.00010522959,0.0022480867,0.095728011,3.2417812,Sydney|Singapore|MexicoCity|SaoPaulo|HongKong|CapeTown|Paris|Amsterdam|Manila,0.001377551,0.0021141582,0.00067389456,0.0012755102,0.0010778061,0.001391369,0.0014934099,0.0022480867,0.00030931122,0.00010522959,0.00014455782,0.00055059524,1.2953523,1.988006,0.63368316,1.1994003,1.0134933,1.3083458,1.4042978,2.113943,0.29085457,0.098950525,0.13593203,0.51774113
326,unused,0,路面·道路,车行道,HongKong,香港,0.00026892007,3.1042944,2.6573129e-05,0.00026892007,0.085743685,3.2775746,,0.00026892007,0.00013180272,3.6139456e-05,2.6573129e-05,4.3579932e-05,5.7397959e-05,9.460034e-05,5.6335034e-05,4.7831633e-05,7.0153061e-05,0.00011479592,9.1411565e-05,3.1042944,1.5214724,0.41717791,0.30674846,0.50306748,0.66257668,1.0920245,0.65030674,0.55214723,0.80981594,1.3251534,1.0552147
327,unused,0,建筑立面,住宅·楼房,Singapore,新加坡,3.7202381e-05,1.6666666,8.5034014e-06,3.7202381e-05,0.036451239,3.4542862,,2.6573129e-05,3.7202381e-05,1.5943878e-05,8.5034014e-06,3.7202381e-05,2.869898e-05,2.9761905e-05,2.3384354e-05,1.2755102e-05,1.7006803e-05,1.0629252e-05,2.0195578e-05,1.1904761,1.6666666,0.71428568,0.38095236,1.6666666,1.2857142,1.3333333,1.047619,0.57142855,0.76190473,0.47619045,0.90476186
328,accessory_6to8cities,8,建筑立面,住宅·楼房,Manila,马尼拉,0.0068431122,2.7856061,6.0586735e-05,0.0068431122,0.23644099,2.7373304,Manila|CapeTown|MexicoCity|SaoPaulo|Jakarta|HongKong|Paris|Sydney,0.00074723639,0.00025403912,6.0586735e-05,0.0060416667,0.00071960034,0.0043909439,0.0057727466,0.0006207483,0.0037542517,8.9285714e-05,0.00018494898,0.0068431122,0.30417538,0.10341098,0.024662869,2.459364,0.29292565,1.787409,2.3498954,0.25268623,1.5282325,0.03634528,0.075286652,2.7856061
329,core_universal_12cities,12,路面·道路,车行道,NewDelhi,新德里,0.013959396,2.4282897,0.0032855017,0.013959396,0.035393569,3.4580779,NewDelhi|MexicoCity|Sydney|Paris|Manila|SaoPaulo|HongKong|Jakarta|CapeTown|Dhaka|Amsterdam|Singapore,0.0048097364,0.0032855017,0.003735119,0.0046152211,0.0056260629,0.0050191327,0.0069770408,0.0068835034,0.0046428571,0.0041241497,0.013959396,0.0053061224,0.8366718,0.57152542,0.64973806,0.80283513,0.97867488,0.87309707,1.2136826,1.1974114,0.80764253,0.7174114,2.4282897,0.92302003
330,accessory_6to8cities,8,路面·道路,车行道,Singapore,新加坡,0.0027795493,3.1674573,0.00014136905,0.0027795493,0.12012869,3.1543056,Singapore|HongKong|Dhaka|Manila|NewDelhi|Sydney|Jakarta|Amsterdam,0.0015157313,0.0027795493,0.00057823129,0.00021471088,0.00026998299,0.00031887755,0.00014136905,0.0007514881,0.00064413265,0.0014508929,0.00077912415,0.0010863095,1.7272635,3.1674573,0.65892803,0.24467548,0.30766125,0.36337943,0.16109821,0.85636419,0.73402645,1.6533764,0.88785707,1.2379126
331,accessory_6to8cities,8,路面·道路,车行道,Sydney,悉尼,0.0026339286,2.6399148,6.4838435e-05,0.0026339286,0.13466135,3.1022066,Sydney|Singapore|SaoPaulo|CapeTown|HongKong|MexicoCity|Paris|Amsterdam,0.0011819728,0.0021524235,0.00054315476,0.0014498299,0.00084715136,0.0015231718,0.00090880102,0.0026339286,0.00012223639,6.4838435e-05,0.00011054422,0.00043473639,1.1846591,2.1573153,0.5443892,1.453125,0.8490767,1.5266335,0.91086648,2.6399148,0.1225142,0.064985795,0.11079545,0.43572443
332,core_universal_12cities,12,建筑立面,沿街立面,CapeTown,开普敦,0.025302934,2.0266905,0.0017708333,0.025302934,0.060952295,3.3664508,CapeTown|Paris|Amsterdam|Sydney|MexicoCity|Manila|SaoPaulo|Jakarta|Singapore|NewDelhi|HongKong|Dhaka,0.0030846088,0.010839711,0.01704932,0.025302934,0.018590561,0.012248087,0.014461097,0.015352891,0.011184099,0.0017708333,0.0055144558,0.014419643,0.24706809,0.86822893,1.3656003,2.0266905,1.4890492,0.98103569,1.1582913,1.2297214,0.89581338,0.14183854,0.44169168,1.1549709
333,core_universal_12cities,12,建筑立面,建筑·结构,SaoPaulo,圣保罗,0.014477041,1.5899451,0.0035448554,0.014477041,0.031734776,3.4711945,SaoPaulo|Sydney|HongKong|MexicoCity|CapeTown|Amsterdam|Singapore|Manila|Paris|Jakarta|NewDelhi|Dhaka,0.011912202,0.0092740221,0.0095652636,0.010306122,0.0080102041,0.014477041,0.011061862,0.013843537,0.0044217687,0.0035448554,0.004076318,0.0087712585,1.308261,1.0185221,1.0505078,1.1318728,0.87972295,1.5899451,1.2148722,1.5203704,0.48562201,0.38931476,0.44768279,0.96330597
334,near_core_9to11cities,10,建筑立面,住宅·楼房,Dhaka,达卡,0.011049107,3.0369577,0.00019664116,0.011049107,0.18877445,2.9082132,Dhaka|CapeTown|NewDelhi|MexicoCity|Jakarta|Manila|SaoPaulo|Amsterdam|Paris|Sydney,0.00035289116,0.00019664116,0.00097470238,0.0088732993,0.00073554422,0.0012574405,0.005056335,0.00069834184,0.0039221939,0.011049107,0.0072640306,0.0032780612,0.096995666,0.05404879,0.2679067,2.4389151,0.20217169,0.3456201,1.3897843,0.19194624,1.0780542,3.0369577,1.9965915,0.90100794
335,core_universal_12cities,12,路面·道路,车行道,Sydney,悉尼,0.001107568,1.2686688,0.00061968537,0.001107568,0.005981475,3.5635191,Sydney|CapeTown|Paris|Manila|Singapore|SaoPaulo|Jakarta|Amsterdam|HongKong|NewDelhi|MexicoCity|Dhaka,0.00076318027,0.00096194728,0.00079506803,0.0010501701,0.0010034014,0.00093431122,0.00067070578,0.001107568,0.00086096939,0.00061968537,0.00073660714,0.00097257653,0.87418831,1.1018669,0.91071428,1.2029221,1.1493506,1.070211,0.76826299,1.2686688,0.9862013,0.70982143,0.84375,1.1140422
336,near_core_9to11cities,11,植被,沿墙绿篱,Sydney,悉尼,0.0036553997,2.0685714,0.00030612245,0.0036553997,0.062848161,3.3596542,Sydney|Singapore|Paris|Amsterdam|NewDelhi|MexicoCity|HongKong|SaoPaulo|Manila|CapeTown|Jakarta,0.0015933248,0.0026573129,0.0022937925,0.00063137755,0.0023883929,0.0015710034,0.0021035289,0.0036553997,0.00052721088,0.00030612245,0.0021853741,0.001292517,0.90165413,1.5037594,1.2980451,0.35729323,1.3515789,0.88902256,1.1903759,2.0685714,0.29834586,0.17323308,1.2366917,0.73142857
337,core_universal_12cities,12,路面·道路,车行道,Singapore,新加坡,0.0043962585,1.7986519,0.00074617347,0.0043962585,0.049464009,3.4076359,Singapore|Sydney|Amsterdam|Paris|HongKong|NewDelhi|Dhaka|Manila|Jakarta|SaoPaulo|CapeTown|MexicoCity,0.0030814201,0.0043962585,0.0035129677,0.0010204082,0.0033333333,0.0011235119,0.00074617347,0.0039190051,0.0013467262,0.0023937075,0.0026116071,0.0018452381,1.2607088,1.7986519,1.437269,0.41748206,1.3637747,0.45966514,0.30528376,1.603392,0.55098935,0.97934334,1.0684932,0.75494673
338,regional_3to5cities,4,植被,沿墙绿篱,Jakarta,雅加达,0.0027189626,3.6525464,4.3579932e-05,0.0027189626,0.24497952,2.7067201,Jakarta|Manila|Dhaka|NewDelhi,0.00013711735,7.9719388e-05,0.00044217687,8.5034014e-05,4.3579932e-05,0.00035926871,0.00036564626,4.6768707e-05,0.0027189626,0.0014073129,0.00125,0.0019972364,0.184198,0.10709186,0.59400285,0.11423132,0.058543551,0.48262732,0.49119467,0.062827225,3.6525464,1.8905283,1.6792004,2.6830081
339,core_universal_12cities,12,建筑立面,建筑·结构,Paris,巴黎,0.0022576531,1.4700658,0.00061437075,0.0022576531,0.028771459,3.4818179,Paris|CapeTown|MexicoCity|Dhaka|Amsterdam|HongKong|SaoPaulo|Jakarta|NewDelhi|Manila|Sydney|Singapore,0.0017559524,0.00061437075,0.0017952806,0.0021832483,0.0022576531,0.0015720663,0.0020971514,0.00071322279,0.0014551446,0.0019993622,0.0010246599,0.00096088435,1.1433845,0.40004614,1.168993,1.4216173,1.4700658,1.0236475,1.3655554,0.46441343,0.94751413,1.3018803,0.66720498,0.6256777
340,accessory_6to8cities,7,植被,沿墙绿篱,Paris,巴黎,0.0014360119,2.1673797,4.2517007e-05,0.0014360119,0.096683423,3.2383561,Paris|Amsterdam|MexicoCity|SaoPaulo|Sydney|NewDelhi|Manila,0.00034332483,0.00024978741,0.0012446854,0.00019982993,0.0014360119,0.0010841837,0.0011096939,0.00081313776,0.00032206633,4.2517007e-05,0.00056122449,0.00054421769,0.51818182,0.37700535,1.8786096,0.30160428,2.1673797,1.6363636,1.6748663,1.2272727,0.48609626,0.064171123,0.84705882,0.82139037
341,near_core_9to11cities,11,路面·道路,车行道,Dhaka,达卡,0.0016772959,1.8575633,0.0004389881,0.0016772959,0.025477086,3.4936281,Dhaka|Sydney|CapeTown|Jakarta|Amsterdam|Paris|MexicoCity|Singapore|Manila|HongKong|SaoPaulo,0.00064732143,0.00074404762,0.0010172194,0.0011585884,0.00080782313,0.00058567177,0.00078869048,0.0012680697,0.0010204082,0.0016772959,0.0004389881,0.00068133503,0.71689229,0.82401413,1.126545,1.2831077,0.89464391,0.64861683,0.87345497,1.4043555,1.1300765,1.8575633,0.48616833,0.75456151
342,unused,0,建筑立面,窗·竖构件,Manila,马尼拉,0.0001732568,2.6648501,5.3146259e-06,0.0001732568,0.1387282,3.0876271,,2.2321429e-05,1.9132653e-05,5.3146259e-06,3.082483e-05,1.0629252e-05,0.00011373299,0.00011479592,1.5943878e-05,0.00010735544,8.5034014e-05,8.1845238e-05,0.0001732568,0.34332425,0.29427792,0.081743868,0.47411443,0.16348774,1.7493188,1.7656675,0.2452316,1.6512261,1.3079019,1.2588556,2.6648501
343,near_core_9to11cities,11,植被,沿墙绿篱,Singapore,新加坡,0.011048044,1.7840714,0.00042942177,0.011048044,0.058372398,3.3756996,Singapore|Jakarta|SaoPaulo|Paris|Amsterdam|Manila|Sydney|HongKong|CapeTown|MexicoCity|Dhaka,0.0056951531,0.011048044,0.0074500425,0.005625,0.0077455357,0.0077912415,0.0048033588,0.0071949405,0.008182398,0.00096194728,0.00042942177,0.0073841412,0.91967044,1.7840714,1.2030553,0.90834192,1.2507724,1.2581531,0.77566083,1.1618606,1.3213182,0.15533814,0.069344319,1.1924133
344,core_universal_12cities,12,建筑立面,建筑·结构,MexicoCity,墨西哥城,0.0051945153,1.9115356,0.00096088435,0.0051945153,0.04098775,3.438023,MexicoCity|CapeTown|Paris|Manila|HongKong|Singapore|SaoPaulo|Dhaka|Sydney|NewDelhi|Jakarta|Amsterdam,0.0032706207,0.0029464286,0.00096088435,0.0040922619,0.0036904762,0.0021758078,0.0051945153,0.0017942177,0.0014083759,0.0018218537,0.0016581633,0.0035958759,1.2035594,1.0842596,0.35359692,1.5059161,1.3580625,0.80067799,1.9115356,0.6602562,0.51826983,0.67042602,0.61018938,1.3232504
345,regional_3to5cities,4,植被,树冠,Dhaka,达卡,0.013180272,6.8524062,0,0.013180272,0.52840544,1.6906488,Dhaka|Manila|Jakarta|Singapore,2.2321429e-05,0.0015603741,0,2.0195578e-05,1.0629252e-06,0.00019664116,1.0629252e-05,5.6335034e-05,0.0027827381,0.013180272,2.0195578e-05,0.0052306548,0.011604881,0.81123647,0,0.010499655,0.0005526134,0.10223348,0.005526134,0.02928851,1.4467419,6.8524062,0.010499655,2.7194105
346,near_core_9to11cities,11,建筑立面,矮墙·巷弄,Paris,巴黎,0.019151786,3.6738314,5.3146259e-05,0.019151786,0.20723588,2.8420296,Paris|Amsterdam|Singapore|Sydney|HongKong|SaoPaulo|Jakarta|MexicoCity|CapeTown|NewDelhi|Manila,0.0031196854,0.0087021684,0.013298257,0.0016315901,0.019151786,0.0031090561,0.0018367347,0.0076573129,0.0018590561,5.3146259e-05,0.0011352041,0.0010023384,0.59844018,1.6693117,2.550966,0.3129832,3.6738314,0.5964012,0.35233548,1.4688801,0.35661733,0.010194892,0.2177629,0.19227567
347,pair_specific_2cities,2,路面·道路,车行道,Sydney,悉尼,0.0097045068,11.02879,0,0.0097045068,0.88627625,0.40769539,Sydney|CapeTown,0,0,1.0629252e-06,0.00085246599,1.0629252e-06,0,0,0.0097045068,0,0,0,0,0,0,0.0012079726,0.96879404,0.0012079726,0,0,11.02879,0,0,0,0
348,core_universal_12cities,12,路面·道路,路口·人行道,Paris,巴黎,0.0051721939,1.9445203,0.0009672619,0.0051721939,0.035470226,3.4578031,Paris|Amsterdam|NewDelhi|Dhaka|Singapore|HongKong|Sydney|SaoPaulo|Manila|Jakarta|MexicoCity|CapeTown,0.0023384354,0.0030293367,0.0039423895,0.0009672619,0.0051721939,0.0019483418,0.0017527636,0.0021662415,0.0018101616,0.003039966,0.0038435374,0.0019079507,0.87915015,1.1388991,1.4821672,0.36364847,1.9445203,0.73249192,0.658963,0.81441273,0.68054214,1.1428952,1.4450032,0.7173066
349,near_core_9to11cities,10,路面·道路,路口·人行道,SaoPaulo,圣保罗,0.0046417942,1.8412565,9.672619e-05,0.0046417942,0.083533784,3.285497,SaoPaulo|Manila|Singapore|Sydney|CapeTown|Paris|MexicoCity|Amsterdam|HongKong|Jakarta,0.0013690476,0.0039126276,0.0023107993,0.0030761054,0.002841199,0.0046417942,0.0024128401,0.0039030612,0.0012011054,0.00032631803,9.672619e-05,0.0041602891,0.54305892,1.5520186,0.91662275,1.2201961,1.1270159,1.8412565,0.95709919,1.5482239,0.47644145,0.12944029,0.038368293,1.6502582
350,core_universal_12cities,12,建筑立面,建筑·结构,Amsterdam,阿姆斯特丹,0.013769133,3.8681166,0.00125,0.013769133,0.13421537,3.1038054,Amsterdam|MexicoCity|HongKong|Paris|Manila|NewDelhi|Jakarta|CapeTown|Sydney|Singapore|SaoPaulo|Dhaka,0.005297619,0.0016007653,0.013769133,0.0018154762,0.0034002976,0.0013998724,0.0061245748,0.0016581633,0.0020099915,0.00125,0.0021789966,0.0022108844,1.4882425,0.44969766,3.8681166,0.51001568,0.95523428,0.3932615,1.7205564,0.46582228,0.56466021,0.35115833,0.61213825,0.62109637
351,accessory_6to8cities,8,建筑立面,建筑·结构,MexicoCity,墨西哥城,0.0014540816,1.7137488,0.00031462585,0.0014540816,0.046068221,3.4198097,MexicoCity|Sydney|Paris|SaoPaulo|HongKong|Amsterdam|Manila|NewDelhi,0.001079932,0.00045918367,0.00098533163,0.00031462585,0.0011777211,0.0011564626,0.0014540816,0.0014423895,0.00037840136,0.00042942177,0.00064094388,0.00066326531,1.2727842,0.54118384,1.1612903,0.37081115,1.3880363,1.3629815,1.7137488,1.6999687,0.44597557,0.50610711,0.75540244,0.78170999
352,accessory_6to8cities,6,路面·道路,车行道,Amsterdam,阿姆斯特丹,0.0014710884,2.3923941,0.00024340986,0.0014710884,0.066861053,3.3452681,Amsterdam|SaoPaulo|MexicoCity|Paris|Manila|HongKong,0.0007599915,0.00032738095,0.0014710884,0.00028061224,0.00076105442,0.00094706633,0.00088860544,0.00026466837,0.00024340986,0.00035926871,0.00031462585,0.00076105442,1.2359551,0.53241141,2.3923941,0.45635264,1.2376837,1.5401901,1.4451167,0.43042351,0.39585134,0.58426966,0.51166811,1.2376837
353,near_core_9to11cities,10,建筑立面,建筑·结构,Paris,巴黎,0.0021566752,1.8168793,0.0001732568,0.0021566752,0.066137602,3.3478617,Paris|Amsterdam|Sydney|SaoPaulo|MexicoCity|HongKong|NewDelhi|Manila|Jakarta|Singapore,0.0013669218,0.00056866497,0.0019621599,0.00038796769,0.0021566752,0.0016581633,0.0015274235,0.0018983844,0.00059630102,0.0001732568,0.0011288265,0.00081951531,1.1515559,0.47906873,1.653011,0.32684128,1.8168793,1.3969107,1.2867696,1.5992836,0.50235057,0.14595926,0.95097381,0.69039624
354,near_core_9to11cities,10,路面·道路,车行道,SaoPaulo,圣保罗,0.0062999575,2.6548712,0.00027104592,0.0062999575,0.14612399,3.0611135,SaoPaulo|Sydney|MexicoCity|CapeTown|Singapore|Paris|Manila|HongKong|Amsterdam|Jakarta,0.0010682398,0.0023607568,0.00064944728,0.0025892857,0.0019281463,0.0062999575,0.0043303571,0.0062776361,0.00056547619,0.00027104592,0.00039221939,0.0017431973,0.45016797,0.99484882,0.27368421,1.0911534,0.81254199,2.6548712,1.82486,2.6454647,0.23829787,0.11422172,0.16528555,0.73460246
355,pair_specific_2cities,2,植被,树冠,Amsterdam,阿姆斯特丹,0.004658801,7.0081279,0,0.004658801,0.66791962,1.1904957,Amsterdam|Paris,2.1258503e-06,8.5034014e-06,0.004658801,0.00011373299,0.0030920493,3.1887755e-06,6.377551e-06,2.3384354e-05,1.0629252e-06,3.1887755e-05,3.6139456e-05,0,0.0031978681,0.012791472,7.0081279,0.17108594,4.6512991,0.0047968021,0.0095936042,0.035176549,0.001598934,0.047968021,0.054363757,0
356,pair_specific_2cities,2,植被,沿墙绿篱,HongKong,香港,0.0011150085,2.5155875,0.00017644558,0.0011150085,0.06662682,3.3461078,HongKong|SaoPaulo,0.0011150085,0.00037414966,0.00041985544,0.00020727041,0.00048788265,0.00089923469,0.00017644558,0.00023809524,0.00023703231,0.00042198129,0.00027636054,0.00046556122,2.5155875,0.8441247,0.9472422,0.4676259,1.1007194,2.028777,0.39808153,0.53717026,0.53477218,0.95203837,0.6235012,1.0503597
357,accessory_6to8cities,8,路面·道路,车行道,Jakarta,雅加达,0.0032217262,3.4190637,4.6768707e-05,0.0032217262,0.19614122,2.8818036,Jakarta|MexicoCity|NewDelhi|Manila|SaoPaulo|HongKong|Dhaka|Paris,0.00076211735,5.4209184e-05,0.00012755102,4.6768707e-05,0.00050807823,0.00081420068,0.0019355867,4.7831633e-05,0.0032217262,0.00059098639,0.0018122874,0.0013860544,0.80879865,0.057529611,0.13536379,0.04963339,0.5391991,0.86407219,2.0541455,0.050761421,3.4190637,0.62718556,1.9232939,1.4709532
358,core_universal_12cities,12,路面·道路,车行道,Dhaka,达卡,0.0051530612,2.191269,0.001363733,0.0051530612,0.033736031,3.4640201,Dhaka|Sydney|Jakarta|Manila|Amsterdam|Paris|NewDelhi|Singapore|HongKong|SaoPaulo|CapeTown|MexicoCity,0.0016326531,0.0016592262,0.0026753827,0.0014168793,0.002230017,0.0014827806,0.001363733,0.0031717687,0.0027338435,0.0051530612,0.0019812925,0.0027189626,0.69426344,0.7055633,1.13767,0.60250857,0.9482843,0.63053222,0.57990885,1.3487514,1.1625297,2.191269,0.84251761,1.1562017
359,near_core_9to11cities,10,建筑立面,矮墙·巷弄,Singapore,新加坡,0.0026147959,1.8891591,0.00023703231,0.0026147959,0.070758675,3.3312953,Singapore|Amsterdam|Sydney|CapeTown|HongKong|Paris|Jakarta|Manila|MexicoCity|NewDelhi,0.0016124575,0.0026147959,0.0026009779,0.0017357568,0.0012978316,0.00046981293,0.00085884354,0.0024362245,0.0011745323,0.00023703231,0.00050595238,0.001065051,1.1649814,1.8891591,1.8791757,1.2540637,0.93766799,0.33943428,0.62050429,1.7601433,0.84858569,0.17125304,0.3655446,0.76948675
360,core_universal_12cities,12,天空·远景,天空·远景,Jakarta,雅加达,0.0021619898,1.6168521,0.00063988095,0.0021619898,0.016204816,3.5268688,Jakarta|MexicoCity|Manila|Singapore|Dhaka|SaoPaulo|Amsterdam|HongKong|NewDelhi|Paris|Sydney|CapeTown,0.0012457483,0.0016135204,0.0012468112,0.00063988095,0.0011235119,0.001292517,0.001661352,0.00093005952,0.0021619898,0.0013371599,0.0011437075,0.0016496599,0.93163752,1.2066773,0.93243243,0.47853736,0.84022257,0.96661367,1.2424483,0.69554849,1.6168521,1,0.85532591,1.2337043
361,accessory_6to8cities,6,天空·远景,天空·远景,CapeTown,开普敦,0.0026977041,3.8304616,7.6530612e-05,0.0026977041,0.15871719,3.0159673,CapeTown|MexicoCity|Sydney|Amsterdam|SaoPaulo|Paris,0.00028805272,0.00025191327,0.00085246599,0.0026977041,0.00053358844,0.00055484694,0.0012191752,0.0011724065,0.00020833333,7.6530612e-05,0.00023384354,0.00036245748,0.40900516,0.35769086,1.2104138,3.8304616,0.75764055,0.78782543,1.731103,1.6646963,0.29581185,0.10866558,0.33203371,0.51465224
362,core_universal_12cities,12,路面·道路,路肩·开阔地,SaoPaulo,圣保罗,0.0046003401,1.3985728,0.0017517007,0.0046003401,0.0117639,3.5427894,SaoPaulo|Amsterdam|MexicoCity|Manila|Jakarta|Singapore|CapeTown|Paris|HongKong|NewDelhi|Sydney|Dhaka,0.0027529762,0.0034747024,0.0041103316,0.0034279337,0.0033365221,0.0046003401,0.0038052721,0.0022374575,0.0035501701,0.0017517007,0.0026519983,0.0037723214,0.83694628,1.0563619,1.2496028,1.0421435,1.014353,1.3985728,1.1568601,0.68022082,1.0793052,0.53254342,0.80624748,1.1468426
363,accessory_6to8cities,7,植被,沿墙绿篱,Dhaka,达卡,0.003948767,3.5246679,1.5943878e-05,0.003948767,0.21888708,2.8002605,Dhaka|NewDelhi|Manila|Jakarta|HongKong|SaoPaulo|MexicoCity,0.00083439626,0.0001732568,0.00017963435,0.00021258503,0.00014987245,0.00082695578,0.00051870748,1.5943878e-05,0.001761267,0.003948767,0.0029368622,0.0018856293,0.74478178,0.15464896,0.16034156,0.18975332,0.13377609,0.73814042,0.4629981,0.014231499,1.5721063,3.5246679,2.6214421,1.683112
364,accessory_6to8cities,8,建筑立面,沿街立面,HongKong,香港,0.0030176446,3.1425145,4.1454082e-05,0.0030176446,0.11025633,3.1896977,HongKong|MexicoCity|SaoPaulo|Singapore|Amsterdam|Dhaka|Jakarta|Manila,0.0030176446,0.0012223639,0.00089604592,4.1454082e-05,0.0004857568,0.0014328231,0.0014976616,0.00042198129,0.00073235544,0.00078869048,0.00033907313,0.00064732143,3.1425145,1.2729453,0.93312425,0.043169449,0.50585739,1.4921133,1.5596347,0.43944286,0.76266027,0.82132645,0.35310396,0.67410755
365,accessory_6to8cities,6,建筑立面,窗·竖构件,Amsterdam,阿姆斯特丹,0.0014243197,2.4734656,0.00019770408,0.0014243197,0.063809395,3.3562082,Amsterdam|Singapore|Paris|Sydney|NewDelhi|Dhaka,0.00022640306,0.00093431122,0.0014243197,0.00034757653,0.00080888605,0.00039965986,0.0003125,0.00072066327,0.00039115646,0.00050488946,0.0006420068,0.00019770408,0.39317028,1.6225196,2.4734656,0.60359945,1.404707,0.69404707,0.54268574,1.2514998,0.67928011,0.87678818,1.1149054,0.34333179
366,core_universal_12cities,12,天空·远景,天空·远景,Jakarta,雅加达,0.0014190051,1.4109565,0.00072810374,0.0014190051,0.009523653,3.5508206,Jakarta|Amsterdam|Paris|CapeTown|Singapore|Manila|Sydney|MexicoCity|SaoPaulo|NewDelhi|HongKong|Dhaka,0.00072916667,0.0010416667,0.0013403486,0.0011256378,0.0011681548,0.00079294218,0.00095131803,0.00096832483,0.0014190051,0.00072810374,0.00077487245,0.0010289116,0.72503083,1.0357583,1.3327462,1.1192531,1.161529,0.7884446,0.94592214,0.96283248,1.4109565,0.72397393,0.77047736,1.0230756
367,accessory_6to8cities,6,建筑立面,建筑·结构,NewDelhi,新德里,0.0045386905,3.6937716,0.00016687925,0.0045386905,0.18283224,2.9295158,NewDelhi|Jakarta|Dhaka|Manila|SaoPaulo|MexicoCity,0.00042517007,0.00016794218,0.00048469388,0.00033269558,0.0002954932,0.0010299745,0.00098214286,0.00016687925,0.0024723639,0.0024404762,0.0045386905,0.0014083759,0.34602076,0.1366782,0.39446367,0.27076125,0.24048443,0.83823529,0.79930796,0.13581315,2.0121107,1.9861592,3.6937716,1.1461938
368,near_core_9to11cities,10,建筑立面,住宅·楼房,NewDelhi,新德里,0.0017155612,2.200659,0.00037202381,0.0017155612,0.046897195,3.4168378,NewDelhi|Dhaka|Jakarta|Singapore|CapeTown|Manila|Paris|Amsterdam|SaoPaulo|MexicoCity,0.00037202381,0.00074829932,0.00054953231,0.00068771259,0.00055909864,0.00053039966,0.00051126701,0.00044961735,0.0012287415,0.0013360969,0.0017155612,0.00066645408,0.4772185,0.95989092,0.70491989,0.88217248,0.71719123,0.68037723,0.65583456,0.57675264,1.5761845,1.7138961,2.200659,0.85490285
369,accessory_6to8cities,8,植被,树冠,Singapore,新加坡,0.0062383078,2.9642662,0,0.0062383078,0.19348528,2.891325,Singapore|Dhaka|Jakarta|Manila|SaoPaulo|HongKong|Sydney|CapeTown,0.0013807398,0.0062383078,0,0.0011915391,7.4404762e-06,0.0019653486,0.0003337585,0.0013754252,0.0037872024,0.0050765306,0.0003167517,0.0035809949,0.65608822,2.9642662,0,0.56618545,0.0035355023,0.93387769,0.15859253,0.65356286,1.7995707,2.4122227,0.15051139,1.7015868
370,near_core_9to11cities,9,植被,树丛·灌木,Dhaka,达卡,0.0065401786,3.639931,0.00026892007,0.0065401786,0.17223335,2.9675124,Dhaka|NewDelhi|Manila|Jakarta|HongKong|MexicoCity|SaoPaulo|Singapore|Paris,0.0016113946,0.00075255102,0.00030718537,0.00026892007,0.0006207483,0.00087691327,0.0014764031,0.00035820578,0.0016485969,0.0065401786,0.0042144983,0.0028858418,0.89682031,0.41883165,0.17096377,0.14966724,0.34547695,0.48804535,0.8216909,0.19935913,0.91752526,3.639931,2.3455755,1.6061129
371,core_universal_12cities,12,建筑立面,矮墙·巷弄,Paris,巴黎,0.006576318,2.1541229,0.001078869,0.006576318,0.049303339,3.4082119,Paris|CapeTown|Sydney|SaoPaulo|Manila|MexicoCity|Jakarta|Amsterdam|NewDelhi|Singapore|Dhaka|HongKong,0.001078869,0.0013711735,0.0022767857,0.0043409864,0.006576318,0.0036575255,0.0032801871,0.0042463861,0.0031196854,0.0012127976,0.0020918367,0.0033822279,0.35339175,0.44913828,0.74577845,1.4219231,2.1541229,1.1980503,1.0744502,1.390936,1.0218766,0.39726107,0.68519701,1.1078744
372,accessory_6to8cities,8,建筑立面,建筑·结构,MexicoCity,墨西哥城,0.0024415391,2.8057818,0.00014562075,0.0024415391,0.10895797,3.1943523,MexicoCity|NewDelhi|Dhaka|Paris|SaoPaulo|Amsterdam|Jakarta|Manila,0.00034545068,0.00016794218,0.00072597789,0.00030293367,0.0010214711,0.00078443878,0.0024415391,0.00014562075,0.00070471939,0.0015306122,0.001618835,0.00065263605,0.39698697,0.19299674,0.83428339,0.34812704,1.1738599,0.9014658,2.8057818,0.16734528,0.80985342,1.7589577,1.860342,0.75
373,near_core_9to11cities,9,建筑立面,住宅·楼房,Singapore,新加坡,0.0014190051,1.6995544,0.00022002551,0.0014190051,0.041245036,3.4371006,Singapore|Sydney|MexicoCity|SaoPaulo|HongKong|Paris|Amsterdam|CapeTown|Manila,0.00096088435,0.0014190051,0.0007940051,0.00066964286,0.00089604592,0.0010714286,0.0011575255,0.0013669218,0.00042835884,0.00022002551,0.00041985544,0.00061543367,1.1508593,1.6995544,0.95098663,0.80203692,1.0732018,1.2832591,1.3863781,1.6371738,0.51304901,0.26352642,0.50286442,0.73711012
374,core_universal_12cities,12,建筑立面,建筑·结构,Amsterdam,阿姆斯特丹,0.016617772,3.2583278,0.0011989796,0.016617772,0.10851914,3.1959254,Amsterdam|Paris|NewDelhi|Sydney|Dhaka|MexicoCity|HongKong|CapeTown|Manila|SaoPaulo|Singapore|Jakarta,0.0032940051,0.0014827806,0.016617772,0.0030569728,0.0090539966,0.0025903486,0.0034789541,0.0058673469,0.0011989796,0.0040316752,0.00765625,0.0028720238,0.64587169,0.29073604,3.2583278,0.5993956,1.7752614,0.50790232,0.68213554,1.1504394,0.23508979,0.79051026,1.5011984,0.56313175
375,regional_3to5cities,4,建筑立面,沿街立面,CapeTown,开普敦,0.0062882653,5.2153982,3.7202381e-05,0.0062882653,0.41352869,2.1024776,CapeTown|Paris|Amsterdam|MexicoCity,0.00021152211,0.00020833333,0.0010406037,0.0062882653,0.0050499575,0.00022852891,0.00089392007,0.00012223639,3.7202381e-05,6.8027211e-05,8.7159864e-05,0.00023278061,0.17543344,0.17278872,0.863062,5.2153982,4.1883632,0.18953864,0.74140464,0.10138113,0.030855128,0.056420805,0.072289157,0.19306494
376,regional_3to5cities,3,建筑立面,建筑·结构,Singapore,新加坡,0.001789966,4.6487232,7.4404762e-06,0.001789966,0.22272846,2.7864893,Singapore|HongKong|NewDelhi,0.00070578231,0.001789966,9.0348639e-05,7.4404762e-06,0.00010629252,0.0003422619,0.00020514456,0.00017644558,7.7593537e-05,0.00043048469,0.00055378401,0.0001349915,1.8329883,4.6487232,0.23464458,0.019323671,0.27605245,0.88888889,0.53278123,0.45824707,0.20151829,1.1180124,1.4382333,0.35058661
377,city_unique_1city,1,建筑立面,建筑·结构,Paris,巴黎,0.00097789116,8.4662576,0,0.00097789116,0.63968922,1.2917006,Paris,1.3818027e-05,4.2517007e-06,0.0003039966,2.5510204e-05,0.00097789116,2.5510204e-05,4.2517007e-06,2.9761905e-05,1.0629252e-06,0,0,0,0.1196319,0.036809816,2.6319018,0.22085889,8.4662576,0.22085889,0.036809816,0.25766871,0.0092024539,0,0,0
378,unused,0,路面·道路,路口·人行道,Manila,马尼拉,0.00024447279,2.4977375,3.1887755e-06,0.00024447279,0.13149542,3.1135564,,0.00012011054,3.1887755e-06,2.7636054e-05,1.8069728e-05,5.1020408e-05,0.00016262755,0.0001477466,6.377551e-06,0.00015837585,0.00011798469,0.00011692177,0.00024447279,1.2271493,0.032579185,0.28235294,0.18461538,0.52126696,1.6615384,1.5095022,0.06515837,1.6180995,1.2054299,1.1945701,2.4977375
379,near_core_9to11cities,11,建筑立面,矮墙·巷弄,HongKong,香港,0.0031122449,2.4622284,0.00048044218,0.0031122449,0.071626656,3.3281836,HongKong|Singapore|Paris|Amsterdam|Manila|CapeTown|SaoPaulo|MexicoCity|NewDelhi|Sydney|Jakarta,0.0031122449,0.0023394983,0.0013679847,0.00095344388,0.0021566752,0.0009247449,0.00087266156,0.0006505102,0.00050382653,0.00048044218,0.00070578231,0.0011001276,2.4622284,1.850876,1.0822705,0.75430974,1.7062369,0.73160476,0.69039944,0.51464611,0.39859846,0.38009811,0.55837421,0.87035739
380,regional_3to5cities,5,路面·道路,路口·人行道,Jakarta,雅加达,0.0045535714,4.6892274,2.2321429e-05,0.0045535714,0.27930113,2.5836784,Jakarta|Dhaka|Manila|MexicoCity|SaoPaulo,2.2321429e-05,0.00023065476,0.00015518707,0.00015518707,0.00013180272,0.00062712585,0.0010586735,0.00016262755,0.0045535714,0.0020716412,0.00042091837,0.0020631378,0.022986409,0.23752622,0.15981027,0.15981027,0.13572927,0.64580863,1.0902125,0.16747241,4.6892274,2.1333577,0.43345799,2.1246009
381,core_universal_12cities,12,路面·道路,路肩·开阔地,Jakarta,雅加达,0.0098926446,1.7994683,0.0028826531,0.0098926446,0.023524962,3.5006264,Jakarta|NewDelhi|Dhaka|MexicoCity|Singapore|Manila|HongKong|SaoPaulo|Paris|Amsterdam|CapeTown|Sydney,0.0048161139,0.005582483,0.0043484269,0.0030590986,0.0044068878,0.0047183248,0.0061777211,0.0028826531,0.0098926446,0.0070578231,0.0078390731,0.0051892007,0.8760493,1.0154515,0.7909772,0.55644888,0.80161121,0.8582615,1.1237251,0.5243535,1.7994683,1.2838154,1.4259244,0.94391364
382,near_core_9to11cities,10,建筑立面,建筑·结构,MexicoCity,墨西哥城,0.023302509,2.4292759,0.00011160714,0.023302509,0.13996604,3.0831895,MexicoCity|SaoPaulo|Manila|Dhaka|Jakarta|NewDelhi|Sydney|Paris|CapeTown|Amsterdam,0.00029655612,0.00011160714,0.00069302721,0.0044908588,0.0047045068,0.01814307,0.023302509,0.010970451,0.01306335,0.013244048,0.011905825,0.014182611,0.03091584,0.011634994,0.07224777,0.46816998,0.49044268,1.8914067,2.4292759,1.1436645,1.3618483,1.3806859,1.2411768,1.4785307
383,core_universal_12cities,12,建筑立面,矮墙·巷弄,Manila,马尼拉,0.0022831633,1.5449532,0.00052721088,0.0022831633,0.036860523,3.4528189,Manila|SaoPaulo|HongKong|Jakarta|Dhaka|MexicoCity|NewDelhi|Singapore|Paris|CapeTown|Sydney|Amsterdam,0.0021099065,0.0010480442,0.00052721088,0.00087691327,0.00088860544,0.0022395833,0.001662415,0.00071003401,0.0020812075,0.0017251276,0.0015816327,0.0022831633,1.4277152,0.70918245,0.35674898,0.59338288,0.60129465,1.5154639,1.1249101,0.48046032,1.4082954,1.167346,1.0702469,1.5449532
384,accessory_6to8cities,7,建筑立面,建筑·结构,Manila,马尼拉,0.0011405187,1.9512047,0.00019238946,0.0011405187,0.055531349,3.3858847,Manila|MexicoCity|Dhaka|Jakarta|NewDelhi|Amsterdam|Singapore,0.00041454082,0.00057823129,0.00063456633,0.00019238946,0.0003167517,0.00025722789,0.00098852041,0.00020939626,0.0007855017,0.00085352891,0.00064306973,0.0011405187,0.70919836,0.98924079,1.085619,0.32914078,0.54190029,0.44006668,1.6911653,0.3582361,1.34384,1.4602212,1.1001667,1.9512047
385,core_universal_12cities,12,路面·道路,车行道,Singapore,新加坡,0.0074755527,1.8797692,0.0018292942,0.0074755527,0.024146352,3.4983987,Singapore|Sydney|Paris|Dhaka|Amsterdam|HongKong|NewDelhi|Jakarta|CapeTown|Manila|SaoPaulo|MexicoCity,0.0041241497,0.0074755527,0.004203869,0.003167517,0.0044419643,0.0025244473,0.0018292942,0.0056494473,0.0033556548,0.0042421344,0.0035724915,0.0031356293,1.0370403,1.8797692,1.0570862,0.79648974,1.1169566,0.63478629,0.45998619,1.4205849,0.84379803,1.0667082,0.89832283,0.78847139
386,near_core_9to11cities,9,建筑立面,建筑·结构,SaoPaulo,圣保罗,0.005582483,2.089101,3.1887755e-06,0.005582483,0.16258989,3.0020839,SaoPaulo|Sydney|Dhaka|Manila|MexicoCity|NewDelhi|CapeTown|Jakarta|Paris,5.3146259e-06,2.6573129e-05,3.1887755e-06,0.0022927296,0.0009119898,0.005582483,0.0044047619,0.0054336735,0.0015688776,0.0049192177,0.0023798895,0.0045376276,0.0019888624,0.0099443118,0.0011933174,0.85799523,0.34128878,2.089101,1.6483691,2.0334129,0.58711217,1.840891,0.89061257,1.6980907
387,core_universal_12cities,12,路面·道路,路肩·开阔地,Singapore,新加坡,0.0030208333,1.6993373,0.00061543367,0.0030208333,0.033360112,3.4653677,Singapore|Dhaka|Sydney|NewDelhi|Amsterdam|Jakarta|HongKong|Paris|Manila|SaoPaulo|MexicoCity|CapeTown,0.0016751701,0.0030208333,0.002046131,0.00061543367,0.0016666667,0.0012266156,0.00076211735,0.0021120323,0.0017123724,0.0029368622,0.0021109694,0.0014466412,0.9423489,1.6993373,1.1510289,0.34620559,0.9375654,0.69001943,0.42872091,1.1881011,0.96327669,1.6521003,1.1875031,0.81379242
388,near_core_9to11cities,10,路面·道路,路口·人行道,CapeTown,开普敦,0.0055378401,2.6074989,0.0003337585,0.0055378401,0.072863525,3.3237495,CapeTown|Manila|SaoPaulo|Sydney|MexicoCity|Jakarta|Dhaka|NewDelhi|Singapore|Paris,0.00042729592,0.0015465561,0.0003337585,0.0055378401,0.0013403486,0.0026679422,0.0023596939,0.0025648384,0.0022427721,0.0020184949,0.0016422194,0.0028039966,0.20119281,0.72819786,0.1571506,2.6074989,0.63110481,1.2562039,1.1110648,1.2076573,1.056012,0.95041081,0.77324102,1.3202653
389,accessory_6to8cities,7,建筑立面,建筑·结构,Singapore,新加坡,0.0080931122,5.133899,0.00014030612,0.0080931122,0.32430786,2.422331,Singapore|HongKong|Amsterdam|Paris|Dhaka|Manila|SaoPaulo,0.0053911565,0.0080931122,0.0011203231,0.00014030612,0.00094387755,0.00059417517,0.00027636054,0.00041772959,0.00014455782,0.0009375,0.00018494898,0.00067283163,3.4199022,5.133899,0.71068158,0.089003765,0.5987526,0.37691746,0.17531045,0.26498848,0.091700848,0.59470697,0.11732314,0.42681351
390,core_universal_12cities,12,建筑立面,窗·竖构件,Dhaka,达卡,0.0095578231,2.4999768,0.0015943878,0.0095578231,0.071557326,3.3284322,Dhaka|Singapore|Amsterdam|Jakarta|NewDelhi|Sydney|MexicoCity|Paris|Manila|SaoPaulo|HongKong|CapeTown,0.0015986395,0.0084045493,0.0049372874,0.0015943878,0.0024075255,0.0022236395,0.0027508503,0.0032153486,0.003494898,0.0095578231,0.0033205782,0.002372449,0.41814559,2.1983226,1.2914137,0.4170335,0.62972059,0.58162272,0.7195218,0.84101756,0.91413744,2.4999768,0.86854177,0.62054585
391,unused,0,建筑立面,建筑·结构,Paris,巴黎,0.0004432398,1.7003058,4.7831633e-05,0.0004432398,0.059326623,3.3722788,,0.00014987245,0.0001349915,0.00037096088,0.00010097789,0.0004432398,0.00038159014,0.00033482143,0.00042623299,0.00014136905,4.7831633e-05,0.00035607993,0.00024022109,0.57492355,0.51783894,1.4230377,0.38735984,1.7003058,1.4638124,1.2844037,1.6350663,0.54230377,0.18348624,1.3659531,0.92150866
392,regional_3to5cities,5,天空·远景,天空·远景,Dhaka,达卡,0.0011617772,2.1148017,0.0002827381,0.0011617772,0.037043816,3.4521618,Dhaka|Singapore|Jakarta|Paris|Manila,0.00036564626,0.00086522109,0.00031356293,0.0002827381,0.00063137755,0.00049107143,0.00035076531,0.00037946429,0.00065263605,0.0011617772,0.0004772534,0.0006207483,0.66559174,1.5749758,0.57078362,0.51467269,1.1493067,0.89390519,0.63850371,0.69074492,1.1880039,2.1148017,0.86875201,1.1299581
393,core_universal_12cities,12,建筑立面,住宅·楼房,HongKong,香港,0.0070918367,2.592998,0.00067283163,0.0070918367,0.10782151,3.1984264,HongKong|Singapore|Amsterdam|Paris|Sydney|CapeTown|Manila|SaoPaulo|NewDelhi|MexicoCity|Dhaka|Jakarta,0.0070918367,0.0068282313,0.0038945578,0.0024819303,0.0032047194,0.0014083759,0.0010469813,0.0027040816,0.00067283163,0.00097470238,0.0010969388,0.0014147534,2.592998,2.4966156,1.4239725,0.90747158,1.171746,0.5149464,0.38280921,0.98869709,0.24600836,0.35638177,0.40107523,0.51727823
394,near_core_9to11cities,9,建筑立面,建筑·结构,Sydney,悉尼,0.0086373299,3.3852456,6.2712585e-05,0.0086373299,0.21500666,2.8141717,Sydney|CapeTown|SaoPaulo|Singapore|Paris|Manila|HongKong|Amsterdam|Jakarta,0.00083758503,0.0037755102,0.00066751701,0.0063318452,0.0035693027,0.0041772959,0.00033056973,0.0086373299,0.00051764456,6.2712585e-05,0.00011479592,0.0015954507,0.32827634,1.4797431,0.26162125,2.4816525,1.3989238,1.6372158,0.12956084,3.3852456,0.20288144,0.024579066,0.044992189,0.62530811
395,near_core_9to11cities,10,建筑立面,沿街立面,HongKong,香港,0.01708227,7.2137353,0.00020195578,0.01708227,0.36802474,2.2656076,HongKong|NewDelhi|Singapore|SaoPaulo|Paris|Dhaka|Manila|Jakarta|Sydney|Amsterdam,0.01708227,0.0015678146,0.00058248299,0.00020195578,0.0013690476,0.0015518707,0.00041879252,0.0007557398,0.00079931973,0.00098426871,0.0021439201,0.0009587585,7.2137353,0.66207825,0.2459789,0.085284656,0.5781402,0.65534525,0.17685344,0.31914416,0.33754769,0.41565048,0.90536396,0.40487768
396,regional_3to5cities,5,建筑立面,建筑·结构,HongKong,香港,0.002671131,4.0288577,0.00017113095,0.002671131,0.14411944,3.0682997,HongKong|Paris|Singapore|Manila|SaoPaulo,0.002671131,0.00083439626,0.00017113095,0.00017857143,0.00097151361,0.00063881803,0.00021364796,0.00022640306,0.00037414966,0.00047619048,0.00046556122,0.00073448129,4.0288577,1.258517,0.25811623,0.26933868,1.4653307,0.96352705,0.32224449,0.34148297,0.56432866,0.71823647,0.70220441,1.1078156
397,accessory_6to8cities,7,建筑立面,住宅·楼房,CapeTown,开普敦,0.0036160714,2.6778616,4.5705782e-05,0.0036160714,0.15343874,3.0348904,CapeTown|Manila|Jakarta|MexicoCity|Dhaka|NewDelhi|SaoPaulo,4.5705782e-05,7.2278912e-05,0.00035714286,0.0036160714,0.0003252551,0.00090667517,0.0021864371,0.00043261054,0.0024457908,0.0017123724,0.0015114796,0.0025924745,0.033847163,0.053525746,0.26448016,2.6778616,0.24086586,0.67143326,1.6191538,0.32036733,1.8112168,1.2680879,1.1193178,1.9198426
398,core_universal_12cities,12,路面·道路,路口·人行道,CapeTown,开普敦,0.018017645,3.489715,0.00068452381,0.018017645,0.13224229,3.1108789,CapeTown|Sydney|MexicoCity|Paris|NewDelhi|SaoPaulo|Amsterdam|Manila|Dhaka|HongKong|Jakarta|Singapore,0.0019185799,0.00068452381,0.0040274235,0.018017645,0.0057376701,0.0049957483,0.0072852891,0.0088818027,0.0011766582,0.0019430272,0.0050223214,0.0022661565,0.3715967,0.13258076,0.78004426,3.489715,1.1112903,0.96759251,1.4110381,1.720256,0.22789892,0.37633173,0.97273928,0.43891643
399,near_core_9to11cities,11,植被,沿墙绿篱,HongKong,香港,0.0030303997,2.0187644,0.00025191327,0.0030303997,0.085017726,3.2801771,HongKong|Dhaka|NewDelhi|Manila|SaoPaulo|MexicoCity|Jakarta|CapeTown|Paris|Amsterdam|Singapore,0.0030303997,0.00055697279,0.00060905612,0.00088222789,0.00063031463,0.0016294643,0.0012553146,0.00025191327,0.0011883503,0.0030272109,0.0026371173,0.002315051,2.0187644,0.37103912,0.40573553,0.58771464,0.41989733,1.0855019,0.8362542,0.16781731,0.79164454,2.0166401,1.7567711,1.5422199
400,accessory_6to8cities,7,植被,树冠,Dhaka,达卡,0.011560374,4.4908127,5.7397959e-05,0.011560374,0.33643824,2.378844,Dhaka|Jakarta|Manila|HongKong|Paris|Singapore|SaoPaulo,0.0015210459,0.0012170493,0.0001519983,5.7397959e-05,0.0013456633,0.00068027211,0.00016262755,0.00017644558,0.0095652636,0.011560374,0.00045705782,0.0039955357,0.59087468,0.47278233,0.059046177,0.022297158,0.52274448,0.26426261,0.06317528,0.068543115,3.7157801,4.4908127,0.17755144,1.5521299
401,core_universal_12cities,12,建筑立面,住宅·楼房,HongKong,香港,0.0030590986,1.2855388,0.0016252126,0.0030590986,0.0056763767,3.5646129,HongKong|Paris|Singapore|NewDelhi|Amsterdam|Dhaka|Manila|SaoPaulo|Jakarta|MexicoCity|Sydney|CapeTown,0.0030590986,0.0027040816,0.002599915,0.0016252126,0.0028337585,0.0021896259,0.0021768707,0.0018484269,0.0021896259,0.0023905187,0.0026626276,0.0022757228,1.2855388,1.1363484,1.092574,0.68297041,1.1908431,0.92015634,0.9147962,0.77677275,0.92015634,1.0045784,1.118928,0.95633724
402,regional_3to5cities,5,植被,树冠,Amsterdam,阿姆斯特丹,0.0025297619,4.0794172,1.3818027e-05,0.0025297619,0.24422965,2.7094084,Amsterdam|Paris|NewDelhi|CapeTown|Sydney,1.5943878e-05,8.5034014e-05,0.0025297619,0.00069621599,0.0013520408,0.0002997449,0.00030293367,0.00069090136,1.3818027e-05,0.00021045918,0.0012053571,3.9328231e-05,0.025710613,0.13712327,4.0794172,1.1226968,2.18026,0.48335952,0.48850164,1.1141266,0.022282531,0.33938009,1.9437223,0.063419511
403,accessory_6to8cities,7,建筑立面,建筑·结构,Jakarta,雅加达,0.0010406037,1.9028183,6.6964286e-05,0.0010406037,0.075137919,3.3155959,Jakarta|Manila|Dhaka|MexicoCity|CapeTown|SaoPaulo|HongKong,0.00056016156,0.00020727041,0.00024659864,0.00067602041,0.00022640306,0.00059630102,0.00080994898,6.6964286e-05,0.0010406037,0.00086415816,0.00030080782,0.0009672619,1.0242954,0.37900875,0.45092323,1.2361516,0.41399417,1.090379,1.4810496,0.12244898,1.9028183,1.5801749,0.55004859,1.7687075
404,core_universal_12cities,12,路面·道路,车行道,CapeTown,开普敦,0.033790391,2.2524932,0.0066135204,0.033790391,0.036839974,3.4528926,CapeTown|Sydney|MexicoCity|SaoPaulo|Paris|Amsterdam|NewDelhi|Dhaka|Manila|Jakarta|HongKong|Singapore,0.0083131378,0.0066135204,0.014398384,0.033790391,0.015119048,0.016034226,0.019369685,0.019516369,0.010280612,0.011481718,0.013763818,0.011335034,0.5541601,0.44086231,0.95980727,2.2524932,1.0078472,1.0688537,1.291198,1.300976,0.68531345,0.76538005,0.9175066,0.75560201
405,near_core_9to11cities,11,路面·道路,车行道,Manila,马尼拉,0.0094812925,1.9598652,0.00036989796,0.0094812925,0.067439064,3.343196,Manila|Dhaka|Jakarta|MexicoCity|SaoPaulo|NewDelhi|CapeTown|Singapore|Paris|HongKong|Sydney,0.001832483,0.0036065051,0.00036989796,0.0056802721,0.0035831207,0.0060310374,0.0064944728,0.001477466,0.0066964286,0.0069802296,0.0058195153,0.0094812925,0.3787901,0.74549583,0.07646111,1.1741614,0.74066208,1.2466676,1.3424637,0.30540501,1.3842098,1.4428739,1.2029442,1.9598652
406,accessory_6to8cities,7,建筑立面,矮墙·巷弄,MexicoCity,墨西哥城,0.0024043367,2.9828571,0.0001349915,0.0024043367,0.10632102,3.2038056,MexicoCity|Jakarta|SaoPaulo|CapeTown|Manila|Paris|NewDelhi,0.0001775085,0.00030505952,0.0001349915,0.00086840986,0.0008110119,0.0012988946,0.0024043367,0.00045812075,0.001349915,0.00036989796,0.00066645408,0.00082801871,0.22021978,0.37846154,0.16747253,1.0773626,1.0061538,1.6114286,2.9828571,0.56835165,1.6747253,0.4589011,0.82681319,1.0272527
407,regional_3to5cities,5,建筑立面,建筑·结构,HongKong,香港,0.010560162,7.776908,3.295068e-05,0.010560162,0.45817177,1.9424339,HongKong|Singapore|Amsterdam|Paris|Manila,0.010560162,0.0017017432,0.0011065051,0.0001775085,0.00090242347,0.00031887755,0.00038796769,0.00012436224,3.295068e-05,0.00024553571,0.00010310374,0.0006335034,7.776908,1.253229,0.8148728,0.13072407,0.66457926,0.23483366,0.28571429,0.091585127,0.024266145,0.18082192,0.07592955,0.4665362
408,core_universal_12cities,12,路面·道路,车行道,CapeTown,开普敦,0.0021800595,1.5761768,0.00098745748,0.0021800595,0.0098175744,3.5497669,CapeTown|Sydney|Manila|Amsterdam|Jakarta|MexicoCity|Singapore|Paris|HongKong|NewDelhi|Dhaka|SaoPaulo,0.0012244898,0.0013616071,0.0015082908,0.0021800595,0.0012276786,0.00098745748,0.0013722364,0.001690051,0.0014190051,0.0010267857,0.0010873724,0.0015125425,0.88530259,0.98443804,1.0904899,1.5761768,0.88760807,0.71392891,0.99212296,1.221902,1.0259366,0.74236311,0.78616715,1.0935639
409,core_universal_12cities,12,建筑立面,窗·竖构件,CapeTown,开普敦,0.0032536139,1.2153658,0.0018675595,0.0032536139,0.0055804723,3.5649567,CapeTown|SaoPaulo|MexicoCity|Singapore|Sydney|Paris|Manila|NewDelhi|Jakarta|HongKong|Amsterdam|Dhaka,0.0022576531,0.002897534,0.0019717262,0.0032536139,0.0027954932,0.0032153486,0.0031568878,0.0028008078,0.0025393282,0.0018675595,0.0025807823,0.0027880527,0.84333124,1.0823545,0.73652516,1.2153658,1.0442378,1.201072,1.1792344,1.0462231,0.94854912,0.6976144,0.96403401,1.0414585
410,near_core_9to11cities,9,建筑立面,沿街立面,HongKong,香港,0.0037287415,3.1622596,2.1258503e-05,0.0037287415,0.17018157,2.974868,HongKong|Singapore|Dhaka|SaoPaulo|Amsterdam|Paris|Sydney|NewDelhi|MexicoCity,0.0037287415,0.0024160289,0.00083758503,2.1258503e-05,0.00072704082,0.0019515306,0.00052614796,0.00061118197,0.00027954932,0.0023713861,0.00053146259,0.0001477466,3.1622596,2.0489784,0.71033654,0.018028846,0.61658654,1.6550481,0.44621394,0.51832933,0.23707933,2.0111178,0.45072115,0.12530048
411,near_core_9to11cities,10,建筑立面,窗·竖构件,Dhaka,达卡,0.003408801,2.5746973,0.00023384354,0.003408801,0.080566493,3.2961346,Dhaka|Sydney|Singapore|Manila|Jakarta|SaoPaulo|CapeTown|NewDelhi|MexicoCity|Paris,0.00023384354,0.0020089286,0.00046130952,0.00097682823,0.00059311224,0.0010310374,0.00081632653,0.0022374575,0.001392432,0.003408801,0.00097576531,0.0017517007,0.17662407,1.5173613,0.34843112,0.73780692,0.44798287,0.77875159,0.61657858,1.6899712,1.0517161,2.5746973,0.73700408,1.3230749
412,core_universal_12cities,12,路面·道路,车行道,Sydney,悉尼,0.0040529337,1.3468739,0.0012882653,0.0040529337,0.021124767,3.509231,Sydney|Paris|Singapore|CapeTown|SaoPaulo|HongKong|Amsterdam|MexicoCity|Manila|Jakarta|Dhaka|NewDelhi,0.0031611395,0.0039934099,0.0030622874,0.0038764881,0.0040072279,0.0033758503,0.0030272109,0.0040529337,0.0023501276,0.0013839286,0.0012882653,0.0025308248,1.0505122,1.3270929,1.0176616,1.2882374,1.3316849,1.1218651,1.0060049,1.3468739,0.78099611,0.45990816,0.42811727,0.84104557
413,accessory_6to8cities,7,建筑立面,住宅·楼房,Singapore,新加坡,0.0054804422,4.9780352,2.3384354e-05,0.0054804422,0.23762093,2.7331004,Singapore|HongKong|Amsterdam|Sydney|CapeTown|Paris|MexicoCity,0.0017240646,0.0054804422,0.0012776361,0.001065051,0.00071428571,0.00048788265,0.00054953231,0.0012329932,0.00016156463,5.8460884e-05,2.3384354e-05,0.00043579932,1.566015,4.9780352,1.1605117,0.96741492,0.64880521,0.44315713,0.4991552,1.1199614,0.14675356,0.053101617,0.021240647,0.39584842
414,pair_specific_2cities,2,植被,树丛·灌木,Paris,巴黎,0.0059385629,8.101015,0,0.0059385629,0.70323455,1.063893,Paris|Amsterdam,2.3384354e-05,1.0629252e-05,0.0026828231,1.0629252e-05,0.0059385629,2.1258503e-05,6.377551e-06,8.7159864e-05,0,0,4.2517007e-06,1.1692177e-05,0.031899468,0.014499758,3.659739,0.014499758,8.101015,0.028999517,0.008699855,0.11889802,0,0,0.0057999033,0.015949734
415,regional_3to5cities,3,植被,树冠,NewDelhi,新德里,0.0081048044,8.0538685,3.7202381e-05,0.0081048044,0.51907435,1.7241004,NewDelhi|CapeTown|Manila,4.5705782e-05,3.7202381e-05,0.00010522959,0.0014402636,5.952381e-05,9.460034e-05,0.00010204082,0.00019664116,0.00034545068,0.00025510204,0.0081048044,0.0012893282,0.045418537,0.036968577,0.10456826,1.431212,0.059149723,0.094005809,0.10139952,0.19540533,0.34327964,0.25349881,8.0538685,1.2812252
416,regional_3to5cities,3,建筑立面,住宅·楼房,Singapore,新加坡,0.0038860544,6.4584131,4.2517007e-06,0.0038860544,0.4284974,2.0488154,Singapore|Amsterdam|Paris,0.00011160714,0.0038860544,0.001264881,2.0195578e-05,0.0010980017,0.0001690051,3.9328231e-05,0.00042091837,4.9957483e-05,0.0001264881,4.2517007e-06,2.9761905e-05,0.18548506,6.4584131,2.102164,0.033563963,1.8248197,0.28087737,0.065361401,0.69954365,0.083026645,0.2102164,0.0070660974,0.049462682
417,unused,0,路面·道路,路口·人行道,NewDelhi,新德里,0.00036564626,3.4314214,0,0.00036564626,0.21032824,2.8309436,,4.4642857e-05,6.377551e-06,0,0.00025935374,0.00026254252,9.1411565e-05,3.7202381e-05,4.3579932e-05,5.952381e-05,3.5076531e-05,0.00036564626,7.3341837e-05,0.41895261,0.059850374,0,2.4339152,2.4638404,0.85785535,0.34912718,0.40897755,0.55860349,0.32917705,3.4314214,0.6882793
418,near_core_9to11cities,11,路面·道路,路口·人行道,CapeTown,开普敦,0.0064997874,2.7722997,5.7397959e-05,0.0064997874,0.10957008,3.1921579,CapeTown|Jakarta|Manila|SaoPaulo|Dhaka|NewDelhi|MexicoCity|Singapore|Sydney|Paris|HongKong,0.00066326531,0.0016507228,5.7397959e-05,0.0064997874,0.00079719388,0.0033715986,0.0020248724,0.00091092687,0.0038658588,0.0027264031,0.0021279762,0.0034385629,0.28289697,0.70406891,0.024481469,2.7722997,0.3400204,1.4380596,0.86365182,0.38852998,1.6488723,1.1628698,0.90762779,1.4666213
419,accessory_6to8cities,6,植被,树丛·灌木,Singapore,新加坡,0.0061022534,4.6093938,1.1692177e-05,0.0061022534,0.32117909,2.4335475,Singapore|Dhaka|Manila|SaoPaulo|Jakarta|HongKong,0.0010342262,0.0061022534,1.1692177e-05,0.00010841837,2.5510204e-05,0.0012308673,3.082483e-05,9.460034e-05,0.0012308673,0.0042166241,0.0003295068,0.0014710884,0.78121236,4.6093938,0.0088317945,0.081894821,0.01926937,0.92974709,0.023283822,0.071457246,0.92974709,3.1850662,0.24889603,1.1112003
420,core_universal_12cities,12,路面·道路,路肩·开阔地,Singapore,新加坡,0.0046577381,1.9184939,0.00095344388,0.0046577381,0.039193815,3.4444541,Singapore|Paris|HongKong|SaoPaulo|Manila|Jakarta|CapeTown|Amsterdam|MexicoCity|NewDelhi|Sydney|Dhaka,0.0029028486,0.0046577381,0.0020333759,0.0021534864,0.004303784,0.0028624575,0.0017867772,0.001122449,0.002329932,0.00095344388,0.0015221088,0.0025053146,1.1956657,1.9184939,0.83753512,0.88700792,1.7727024,1.1790288,0.73596264,0.46232989,0.95968477,0.39271772,0.62694735,1.0319238
421,accessory_6to8cities,8,车辆,车辆,HongKong,香港,0.0029379252,3.5610908,0.00016794218,0.0029379252,0.10361493,3.2135069,HongKong|Paris|Amsterdam|Sydney|MexicoCity|SaoPaulo|Dhaka|NewDelhi,0.0029379252,0.00038052721,0.00091943027,0.00044642857,0.0011277636,0.00075467687,0.00075892857,0.00088860544,0.00016794218,0.00054421769,0.00054102891,0.00043261054,3.5610908,0.46124114,1.1144514,0.54112089,1.3669744,0.91475199,0.91990552,1.0770883,0.20356453,0.65965214,0.65578699,0.52437191
422,core_universal_12cities,12,建筑立面,矮墙·巷弄,HongKong,香港,0.0026147959,1.362252,0.0012861395,0.0026147959,0.011129582,3.5450634,HongKong|Singapore|Sydney|NewDelhi|Paris|MexicoCity|CapeTown|Jakarta|SaoPaulo|Amsterdam|Dhaka|Manila,0.0026147959,0.0025967262,0.0014285714,0.0017729592,0.0020184949,0.0015997024,0.0019982993,0.0025457058,0.0016602891,0.0014168793,0.0020950255,0.0012861395,1.362252,1.352838,0.74425473,0.92367328,1.0515921,0.83341024,1.0410706,1.3262575,0.86497462,0.73816336,1.0914629,0.67005076
423,near_core_9to11cities,10,路面·道路,路口·人行道,NewDelhi,新德里,0.0088584184,4.398276,0.00020939626,0.0088584184,0.20505792,2.8498375,NewDelhi|CapeTown|Paris|Sydney|SaoPaulo|MexicoCity|Singapore|HongKong|Amsterdam|Manila,0.00069727891,0.00078762755,0.00066007653,0.0036277636,0.0034863946,0.0014275085,0.0010618622,0.0023607568,0.00020939626,0.00039221939,0.0088584184,0.0005994898,0.34620459,0.39106342,0.32773331,1.8012138,1.731023,0.70876946,0.52722315,1.1721348,0.10396693,0.19474008,4.398276,0.29765151
424,unused,0,路面·道路,路口·人行道,CapeTown,开普敦,0.0001264881,2.7728155,1.2755102e-05,0.0001264881,0.080248815,3.2972735,,6.5901361e-05,4.1454082e-05,1.2755102e-05,0.0001264881,4.6768707e-05,3.8265306e-05,1.4880952e-05,7.9719388e-05,3.5076531e-05,1.9132653e-05,3.7202381e-05,2.9761905e-05,1.4446602,0.90873784,0.27961164,2.7728155,1.0252427,0.83883493,0.32621359,1.7475728,0.76893202,0.41941747,0.81553396,0.65242717
425,near_core_9to11cities,9,植被,沿墙绿篱,Amsterdam,阿姆斯特丹,0.0021322279,2.1125055,0.00011479592,0.0021322279,0.10467764,3.2096971,Amsterdam|Paris|MexicoCity|SaoPaulo|Sydney|HongKong|Manila|Singapore|NewDelhi,0.00087372449,0.00056335034,0.0021322279,0.00016687925,0.0020812075,0.0015114796,0.0016751701,0.0014678997,0.00029230442,0.00011479592,0.00051870748,0.00071428571,0.86564282,0.55813953,2.1125055,0.16533567,2.061957,1.4974989,1.6596753,1.4543221,0.2896007,0.11373409,0.51390961,0.70767881
426,regional_3to5cities,5,路面·道路,车行道,CapeTown,开普敦,0.00070259354,1.5660415,0.00015306122,0.00070259354,0.030432186,3.4758643,CapeTown|HongKong|Sydney|MexicoCity|SaoPaulo,0.00061968537,0.00049319728,0.00033269558,0.00070259354,0.00033163265,0.00054634354,0.0006079932,0.0006122449,0.00027317177,0.00015306122,0.00025722789,0.00045386905,1.3812438,1.099309,0.74155972,1.5660415,0.73919052,1.217769,1.3551826,1.3646594,0.6088845,0.34116486,0.57334649,1.0116486
427,regional_3to5cities,3,路面·道路,路口·人行道,Singapore,新加坡,0.00076955782,1.9519209,9.3537415e-05,0.00076955782,0.057117798,3.3801973,Singapore|Sydney|Paris,0.0004644983,0.00076955782,0.00037627551,0.00025510204,0.00061118197,0.00016581633,9.3537415e-05,0.00074511054,0.00022108844,0.00025829082,0.00038159014,0.00038903061,1.1781622,1.9519209,0.95439227,0.64704561,1.5502134,0.42057964,0.23725006,1.8899124,0.56077286,0.65513368,0.96787239,0.98674455
428,accessory_6to8cities,6,车辆,车辆·店面,Manila,马尼拉,0.0076945153,3.7870782,4.0391156e-05,0.0076945153,0.29529509,2.5263407,Manila|HongKong|MexicoCity|Jakarta|Singapore|Dhaka,0.0068877551,0.0012149235,9.7789116e-05,6.377551e-05,4.0391156e-05,0.0002912415,0.0036309524,0.00040284864,0.0028932823,0.00079294218,0.00037096088,0.0076945153,3.3900078,0.59795972,0.048129741,0.031388962,0.019879676,0.14334292,1.7870782,0.19827361,1.4240126,0.39026942,0.18257913,3.7870782
429,near_core_9to11cities,10,路面·道路,路口·人行道,NewDelhi,新德里,0.0034056122,2.0315984,0.00036989796,0.0034056122,0.063556696,3.3571141,NewDelhi|Jakarta|SaoPaulo|Dhaka|MexicoCity|Manila|HongKong|CapeTown|Paris|Singapore,0.0018707483,0.00061118197,0.00036989796,0.0013764881,0.00098745748,0.0024649235,0.002002551,0.00044111395,0.0025021259,0.002102466,0.0034056122,0.0019812925,1.1159841,0.36459709,0.2206605,0.82113606,0.58906209,1.4704359,1.1946103,0.26314399,1.4926288,1.254214,2.0315984,1.1819287
430,near_core_9to11cities,11,植被,树冠,Jakarta,雅加达,0.002557398,2.0867303,0.00026679422,0.002557398,0.063024245,3.3590229,Jakarta|Manila|Sydney|SaoPaulo|HongKong|Dhaka|CapeTown|Singapore|Amsterdam|NewDelhi|MexicoCity,0.0014296344,0.0007982568,0.00072278912,0.00079931973,0.00026679422,0.0016783588,0.00051339286,0.0018739371,0.002557398,0.0014179422,0.00062818878,0.0020206207,1.1665221,0.65134432,0.58976583,0.65221162,0.21769297,1.3694709,0.4189072,1.5290546,2.0867303,1.1569818,0.51257589,1.6487424
431,accessory_6to8cities,7,建筑立面,沿街立面,HongKong,香港,0.018330145,5.5812072,2.869898e-05,0.018330145,0.34425048,2.3508374,HongKong|Singapore|NewDelhi|Manila|Dhaka|Sydney|Jakarta,0.018330145,0.0075010629,0.00020408163,0.00046768707,0.00015306122,0.0003039966,2.869898e-05,0.0013647959,0.0012404337,0.00171875,0.0056281888,0.0024702381,5.5812072,2.283942,0.062139274,0.1424025,0.046604455,0.092561627,0.0087383354,0.41555639,0.37769027,0.5233292,1.7136847,0.75214413
432,pair_specific_2cities,2,建筑立面,住宅·楼房,Dhaka,达卡,0.034023172,6.3269313,0,0.034023172,0.71667548,1.0157078,Dhaka|NewDelhi,4.2517007e-06,0,0,0,0,8.5034014e-06,2.1258503e-06,0,2.4447279e-05,0.034023172,0.030403912,6.377551e-05,0.00079064405,0,0,0,0,0.0015812881,0.00039532202,0,0.0045462033,6.3269313,5.6538956,0.011859661
433,near_core_9to11cities,10,路面·道路,车行道,Singapore,新加坡,0.004672619,2.6105805,0.00037733844,0.004672619,0.098010055,3.2336001,Singapore|Sydney|Paris|CapeTown|Amsterdam|Manila|MexicoCity|NewDelhi|Dhaka|Jakarta,0.00047087585,0.004672619,0.0016560374,0.0019812925,0.0029071003,0.00037733844,0.0011128827,0.0039647109,0.00098426871,0.0010140306,0.0010246599,0.0013127126,0.26307715,2.6105805,0.92522393,1.1069431,1.6241896,0.21081803,0.62176473,2.215074,0.54990845,0.56653635,0.57247488,0.73340921
434,accessory_6to8cities,7,植被,树冠,Jakarta,雅加达,0.0035214711,3.6705752,1.5943878e-05,0.0035214711,0.23600632,2.7388887,Jakarta|CapeTown|Manila|Singapore|MexicoCity|SaoPaulo|Sydney,0.00017857143,0.00083758503,2.1258503e-05,0.0025914116,1.5943878e-05,0.00077593537,0.00078337585,0.00058992347,0.0035214711,0.00015412415,0.00013392857,0.0019090136,0.1861324,0.87304958,0.022158619,2.7011356,0.016618964,0.80878958,0.8165451,0.61490167,3.6705752,0.16064999,0.1395993,1.989844
435,pair_specific_2cities,2,路面·道路,车行道,Sydney,悉尼,0.0087223639,10.518265,0,0.0087223639,0.81208478,0.67366903,Sydney|CapeTown,0,1.1692177e-05,9.460034e-05,0.00097363946,0.0001264881,1.0629252e-05,5.3146259e-06,0.0087223639,1.0629252e-06,0,0,5.3146259e-06,0,0.014099551,0.11407819,1.1741081,0.15253151,0.012817774,0.006408887,10.518265,0.0012817774,0,0,0.006408887
436,near_core_9to11cities,11,建筑立面,住宅·楼房,Singapore,新加坡,0.0029166667,2.0303367,0.0003252551,0.0029166667,0.06077033,3.3671031,Singapore|HongKong|Paris|CapeTown|Amsterdam|NewDelhi|MexicoCity|SaoPaulo|Sydney|Manila|Jakarta,0.0023830782,0.0029166667,0.0019993622,0.0020301871,0.0021598639,0.0010129677,0.0010310374,0.00092793367,0.00065795068,0.0003252551,0.0010618622,0.00073235544,1.6588975,2.0303367,1.3917869,1.4132445,1.5035146,0.70514243,0.71772105,0.64594895,0.45800962,0.22641509,0.73917869,0.50980392
437,unused,0,路面·道路,路口·人行道,SaoPaulo,圣保罗,6.6964286e-05,1.6542669,1.2755102e-05,6.6964286e-05,0.04107077,3.4377253,,3.7202381e-05,4.4642857e-05,2.1258503e-05,1.4880952e-05,5.2083333e-05,6.6964286e-05,3.082483e-05,1.2755102e-05,5.6335034e-05,4.0391156e-05,4.1454082e-05,6.6964286e-05,0.91903718,1.1028446,0.5251641,0.36761487,1.286652,1.6542669,0.76148795,0.31509846,1.3916849,0.99781179,1.02407,1.6542669
438,regional_3to5cities,3,建筑立面,沿街立面,HongKong,香港,0.0014572704,3.4635789,1.9132653e-05,0.0014572704,0.20246938,2.8591174,HongKong|Dhaka|Singapore,0.0014572704,0.00064519558,0.00042304422,0.00021577381,0.0001817602,1.9132653e-05,3.6139456e-05,2.5510204e-05,0.00041028912,0.0011522109,0.00038052721,0.00010204082,3.4635789,1.5334737,1.0054737,0.5128421,0.432,0.045473684,0.085894737,0.060631579,0.97515789,2.7385263,0.90442105,0.24252632
439,core_universal_12cities,12,建筑立面,住宅·楼房,SaoPaulo,圣保罗,0.0037308673,1.7287092,0.00074298469,0.0037308673,0.049265848,3.4083463,SaoPaulo|Paris|Singapore|Manila|Amsterdam|MexicoCity|NewDelhi|HongKong|Jakarta|Sydney|CapeTown|Dhaka,0.0016305272,0.0032174745,0.0025308248,0.0008067602,0.0036564626,0.0037308673,0.0024213435,0.00096088435,0.0013329082,0.00074298469,0.0019122024,0.002954932,0.75550995,1.490827,1.1726657,0.3738149,1.6942335,1.7287092,1.1219372,0.44522881,0.61760722,0.34426431,0.88602504,1.3691771
440,near_core_9to11cities,9,建筑立面,沿街立面,HongKong,香港,0.0055888605,3.3486891,0.00020727041,0.0055888605,0.14238949,3.0745015,HongKong|Singapore|Amsterdam|Dhaka|NewDelhi|Sydney|Paris|Jakarta|Manila,0.0055888605,0.0031909014,0.0022852891,0.00020727041,0.0012149235,0.00025297619,0.00026147959,0.0016284014,0.00078869048,0.0019610969,0.0018941327,0.00075361395,3.3486891,1.9118989,1.3692814,0.12419064,0.7279482,0.15157627,0.15667127,0.9756926,0.4725613,1.1750345,1.1349114,0.45154442
441,accessory_6to8cities,8,建筑立面,住宅·楼房,NewDelhi,新德里,0.0071821854,3.7292002,5.7397959e-05,0.0071821854,0.26469366,2.6360457,NewDelhi|Dhaka|SaoPaulo|MexicoCity|HongKong|Manila|Jakarta|Paris,0.00140625,9.3537415e-05,8.8222789e-05,5.7397959e-05,0.00066432823,0.0030739796,0.001832483,9.0348639e-05,0.00088860544,0.0064477041,0.0071821854,0.0012861395,0.73016603,0.048567355,0.045807846,0.029802695,0.3449386,1.5960999,0.95147864,0.04691165,0.46138987,3.3478361,3.7292002,0.66780113
442,near_core_9to11cities,10,建筑立面,建筑·结构,NewDelhi,新德里,0.0026573129,1.9498245,0.00023065476,0.0026573129,0.074205743,3.3189377,NewDelhi|MexicoCity|SaoPaulo|Singapore|Manila|Amsterdam|HongKong|Dhaka|Paris|Jakarta,0.0011915391,0.0017442602,0.001348852,0.00023065476,0.00081845238,0.0024043367,0.0026052296,0.00044111395,0.00055165816,0.00084821429,0.0026573129,0.0015125425,0.87430131,1.2798648,0.98973092,0.16924477,0.60054595,1.7642012,1.911608,0.32367087,0.40478357,0.62238398,1.9498245,1.1098401
443,near_core_9to11cities,10,建筑立面,矮墙·巷弄,CapeTown,开普敦,0.0038966837,1.8592621,0.00028592687,0.0038966837,0.078120688,3.3049028,CapeTown|MexicoCity|Dhaka|Jakarta|Manila|SaoPaulo|NewDelhi|Amsterdam|Paris|HongKong,0.00053784014,0.00028592687,0.0016964286,0.0038966837,0.0014360119,0.0022193878,0.003636267,0.00039753401,0.0029102891,0.0033641582,0.0020960884,0.0026732568,0.25662483,0.13642703,0.80943324,1.8592621,0.68517814,1.0589578,1.735007,0.18967922,1.3886142,1.6051731,1.0001268,1.2755167
444,accessory_6to8cities,7,车辆,车辆,Manila,马尼拉,0.0076913265,3.2648519,0,0.0076913265,0.34085008,2.3630277,Manila|Dhaka|NewDelhi|Jakarta|HongKong|MexicoCity|SaoPaulo,0.0010894983,3.4013605e-05,5.3146259e-06,3.295068e-05,1.0629252e-06,0.00050382653,0.00066645408,0,0.0047884779,0.0075829082,0.0058737245,0.0076913265,0.46247556,0.014438261,0.0022559783,0.013987066,0.00045119567,0.21386675,0.28289968,0,2.0326365,3.2188299,2.4933073,3.2648519
445,near_core_9to11cities,10,天空·远景,天空·远景,Sydney,悉尼,0.009957483,1.948318,0.00012755102,0.009957483,0.10205204,3.2191098,Sydney|Paris|Amsterdam|CapeTown|SaoPaulo|Singapore|Manila|MexicoCity|HongKong|Jakarta,0.0025329507,0.0056483844,0.0088297194,0.0075031888,0.0088541667,0.0067814626,0.0032259779,0.009957483,0.0023830782,0.00023915816,0.00012755102,0.0052465986,0.49560651,1.1051838,1.7276556,1.4681017,1.732439,1.3268861,0.63120678,1.948318,0.46628191,0.046794572,0.024957105,1.0265689
446,accessory_6to8cities,7,植被,沿墙绿篱,Sydney,悉尼,0.0018548044,2.5271542,1.0629252e-05,0.0018548044,0.15069014,3.044744,Sydney|CapeTown|SaoPaulo|Paris|Manila|Amsterdam|MexicoCity,0.00010629252,0.00036777211,0.00084715136,0.0014859694,0.0010629252,0.0011139456,0.00082057823,0.0018548044,0.00013392857,2.6573129e-05,1.0629252e-05,0.00097682823,0.14482259,0.50108617,1.1542361,2.0246198,1.4482259,1.5177408,1.1180304,2.5271542,0.18247647,0.036205648,0.014482259,1.3309196
447,near_core_9to11cities,9,路面·道路,路口·人行道,Amsterdam,阿姆斯特丹,0.0017655187,2.3147137,1.8069728e-05,0.0017655187,0.11884736,3.1588992,Amsterdam|Paris|HongKong|Singapore|MexicoCity|CapeTown|SaoPaulo|Manila|Sydney,0.0012478741,0.0011468963,0.0017655187,0.00078443878,0.0015391156,0.00059736395,0.00080463435,0.00050488946,0.00016262755,1.8069728e-05,5.2083333e-05,0.00052933673,1.6360469,1.5036581,2.3147137,1.028452,2.0178841,0.7831843,1.0549297,0.66194402,0.21321565,0.023690628,0.068284752,0.69399605
448,core_universal_12cities,12,路面·道路,车行道,Dhaka,达卡,0.014486607,3.6525002,0.0012531888,0.014486607,0.11245287,3.1818232,Dhaka|Manila|Jakarta|Paris|HongKong|Amsterdam|Singapore|NewDelhi|MexicoCity|Sydney|SaoPaulo|CapeTown,0.0035926871,0.0028784014,0.0029304847,0.0012531888,0.0039434524,0.0013977466,0.0018484269,0.0017017432,0.0044812925,0.014486607,0.0027816752,0.0062988946,0.90582219,0.72572973,0.73886147,0.31596579,0.99426045,0.35241307,0.46604283,0.42905956,1.1298658,3.6525002,0.70134221,1.5881368
449,regional_3to5cities,4,路面·道路,路口·人行道,Jakarta,雅加达,0.0017357568,2.9476534,7.2278912e-05,0.0017357568,0.16603527,2.9897323,Jakarta|Manila|Dhaka|NewDelhi,0.00035076531,0.0001647534,7.2278912e-05,0.00017006803,0.0002869898,0.00033056973,0.0004730017,7.5467687e-05,0.0017357568,0.00092368197,0.0007727466,0.0017102466,0.59566787,0.27978339,0.12274368,0.28880866,0.48736462,0.56137184,0.8032491,0.12815884,2.9476534,1.5685921,1.3122744,2.9043321
450,near_core_9to11cities,11,车辆,车辆·店面,SaoPaulo,圣保罗,0.0067240646,1.8086343,0.00049532313,0.0067240646,0.044346625,3.4259815,SaoPaulo|MexicoCity|NewDelhi|Singapore|Manila|Dhaka|CapeTown|Jakarta|HongKong|Paris|Sydney,0.0031303146,0.0044525935,0.00049532313,0.0034162415,0.0024372874,0.0067240646,0.0057791241,0.0018122874,0.0031579507,0.0041326531,0.004701318,0.0043739371,0.8419899,1.1976556,0.13323168,0.91889831,0.65557991,1.8086343,1.5544649,0.48746784,0.84942342,1.1115982,1.2645573,1.1764986
451,regional_3to5cities,3,路面·道路,路口·人行道,Paris,巴黎,0.021190476,7.5405661,0,0.021190476,0.60024678,1.4331003,Paris|CapeTown|SaoPaulo,0.00022427721,0.00041028912,0.0003380102,0.0099107143,0.021190476,0.00092793367,0.00022852891,0.00028805272,3.8265306e-05,1.0629252e-05,0,0.00015518707,0.079808359,0.14600013,0.1202799,3.5266973,7.5405661,0.33020236,0.081321314,0.10250268,0.013616592,0.0037823867,0,0.055222846
452,accessory_6to8cities,6,建筑立面,沿街立面,NewDelhi,新德里,0.015251913,4.0888108,0,0.015251913,0.3091755,2.4765799,NewDelhi|Jakarta|Dhaka|SaoPaulo|Manila|MexicoCity,0.00026254252,8.7159864e-05,0,0.00014987245,0.00019557823,0.0051594388,0.0023490646,0,0.0093367347,0.0070216837,0.015251913,0.0049479167,0.070383739,0.023366261,0,0.040178571,0.052431611,1.3831687,0.62974924,0,2.5030395,1.8824088,4.0888108,1.3264628
453,regional_3to5cities,5,路面·道路,车行道,HongKong,香港,0.0097257653,5.3205408,1.0629252e-05,0.0097257653,0.48007884,1.8638979,HongKong|Singapore|Paris|SaoPaulo|Amsterdam,0.0097257653,0.0085852466,0.00070259354,0.00020514456,0.0013722364,0.00088541667,8.8222789e-05,0.00026573129,3.4013605e-05,1.8069728e-05,1.0629252e-05,4.2517007e-05,5.3205408,4.6966129,0.38435819,0.11222561,0.75069051,0.48437273,0.048262829,0.14536997,0.018607356,0.0098851577,0.0058147987,0.023259195
454,unused,0,路面·道路,车行道,Sydney,悉尼,3.5076531e-05,3.9599996,1.0629252e-06,3.5076531e-05,0.19787447,2.8755899,,4.2517007e-06,9.5663265e-06,2.1258503e-06,8.5034014e-06,1.7006803e-05,9.5663265e-06,1.4880952e-05,3.5076531e-05,1.0629252e-06,1.0629252e-06,2.1258503e-06,1.0629252e-06,0.47999995,1.0799999,0.23999997,0.95999989,1.9199998,1.0799999,1.6799998,3.9599996,0.11999999,0.11999999,0.23999997,0.11999999
455,accessory_6to8cities,6,植被,沿墙绿篱,Paris,巴黎,0.0033896684,3.3143946,3.6139456e-05,0.0033896684,0.20716136,2.8422968,Paris|Amsterdam|SaoPaulo|NewDelhi|MexicoCity|Sydney,0.00020514456,0.00018282313,0.0029570578,0.00041772959,0.0033896684,0.0018548044,0.00067283163,0.00063031463,0.0003337585,3.6139456e-05,0.0013966837,0.00019557823,0.20058895,0.17876321,2.891391,0.40845314,3.3143946,1.8136151,0.65789018,0.61631734,0.32634679,0.035336913,1.3656678,0.19123506
456,near_core_9to11cities,10,建筑立面,沿街立面,HongKong,香港,0.0063424745,2.9345902,0.0003295068,0.0063424745,0.14983525,3.0478088,HongKong|SaoPaulo|Manila|Jakarta|Singapore|Dhaka|Amsterdam|Paris|Sydney|NewDelhi,0.0063424745,0.0029772534,0.0010012755,0.00035926871,0.00084396259,0.0047629677,0.0003295068,0.0006420068,0.0030272109,0.00125,0.0005952381,0.0038042092,2.9345902,1.377541,0.46327869,0.16622951,0.3904918,2.2037705,0.15245902,0.29704918,1.4006557,0.57836066,0.27540984,1.7601639
457,regional_3to5cities,4,路面·道路,车行道,Paris,巴黎,0.00089604592,2.2130825,7.2278912e-05,0.00089604592,0.10358302,3.2136213,Paris|Sydney|MexicoCity|SaoPaulo,0.00021471088,0.00015306122,0.00011054422,0.00019557823,0.00089604592,0.00055378401,0.00083120748,0.00087159864,0.00024659864,7.2278912e-05,0.00030505952,0.00040816327,0.53029971,0.37803544,0.2730256,0.48304528,2.2130825,1.3677532,2.0529425,2.1527018,0.6090571,0.17851674,0.75344563,1.0080945
458,accessory_6to8cities,7,建筑立面,沿街立面,HongKong,香港,0.0024702381,3.3976608,4.7831633e-05,0.0024702381,0.15038131,3.0458511,HongKong|Manila|Singapore|Jakarta|NewDelhi|MexicoCity|Dhaka,0.0024702381,0.0010257228,4.7831633e-05,0.00013392857,9.672619e-05,0.00038477891,0.00059311224,0.00034332483,0.00089179422,0.00055909864,0.00069515306,0.0014827806,3.3976608,1.4108187,0.065789474,0.18421053,0.13304094,0.52923977,0.81578947,0.47222222,1.2266082,0.76900585,0.95614035,2.0394737
459,city_unique_1city,1,建筑立面,矮墙·巷弄,CapeTown,开普敦,0.00054634354,2.0170046,6.5901361e-05,0.00054634354,0.064098061,3.3551734,CapeTown,0.00025510204,0.0003295068,0.0001519983,0.00054634354,0.00029761905,0.00049957483,0.00030718537,0.00041135204,0.00010948129,0.00010735544,6.5901361e-05,0.0001690051,0.94179202,1.2164814,0.56115108,2.0170046,1.0987574,1.8443427,1.1340746,1.5186396,0.40418574,0.39633747,0.24329627,0.62393721
460,accessory_6to8cities,6,建筑立面,建筑·结构,Jakarta,雅加达,0.0027774235,3.8663378,1.9132653e-05,0.0027774235,0.18958438,2.9053096,Jakarta|Manila|CapeTown|Paris|Dhaka|Sydney,2.0195578e-05,0.00032844388,0.00035607993,0.0012021684,0.00078656463,0.00043473639,9.3537415e-05,0.00053039966,0.0027774235,0.00075892857,1.9132653e-05,0.0013127126,0.02811344,0.45721332,0.49568434,1.6734895,1.0949445,0.60517879,0.13020962,0.73834772,3.8663378,1.0564735,0.026633785,1.8273736
461,core_universal_12cities,12,植被,树丛·灌木,NewDelhi,新德里,0.0049638605,2.762224,0.00069515306,0.0049638605,0.070459552,3.3323676,NewDelhi|CapeTown|Paris|SaoPaulo|Sydney|MexicoCity|HongKong|Singapore|Dhaka|Amsterdam|Jakarta|Manila,0.0013148384,0.0012329932,0.0011734694,0.0032323554,0.0025393282,0.0015710034,0.0013477891,0.0014987245,0.00080463435,0.0011904762,0.0049638605,0.00069515306,0.73166404,0.68611987,0.65299685,1.7986987,1.413052,0.87421136,0.75,0.83399054,0.44775237,0.66246057,2.762224,0.38682965
462,accessory_6to8cities,6,路面·道路,路口·人行道,HongKong,香港,0.0043526786,4.2303719,4.6768707e-05,0.0043526786,0.23199827,2.7532574,HongKong|Dhaka|NewDelhi|Manila|SaoPaulo|Paris,0.0043526786,0.00039540816,0.00023065476,0.00011373299,0.00061330782,0.0007514881,0.00039009354,4.6768707e-05,0.00022215136,0.002443665,0.0019982993,0.00078869048,4.2303719,0.38429752,0.22417355,0.11053719,0.59607438,0.7303719,0.37913223,0.045454545,0.21590909,2.375,1.9421488,0.76652892
463,near_core_9to11cities,11,路面·道路,路肩·开阔地,Manila,马尼拉,0.0024160289,1.8388728,0.00036139456,0.0024160289,0.064405681,3.3540705,Manila|SaoPaulo|MexicoCity|CapeTown|Dhaka|NewDelhi|Jakarta|Paris|HongKong|Singapore|Sydney,0.00067708333,0.0006207483,0.00036139456,0.0019844813,0.00085884354,0.0023894558,0.0023841412,0.00056228741,0.0010480442,0.0012829507,0.0011809099,0.0024160289,0.51533742,0.47246005,0.27506236,1.510416,0.65367761,1.8186476,1.8146026,0.42796467,0.79768085,0.97647138,0.89880671,1.8388728
464,core_universal_12cities,12,路面·道路,路口·人行道,Sydney,悉尼,0.0086840986,1.4330819,0.0027891156,0.0086840986,0.021833863,3.5066889,Sydney|SaoPaulo|CapeTown|MexicoCity|Singapore|HongKong|NewDelhi|Paris|Manila|Amsterdam|Dhaka|Jakarta,0.0061745323,0.0067825255,0.0039955357,0.0080994898,0.0060693027,0.0081792092,0.007557398,0.0086840986,0.0027891156,0.0028752126,0.0061256378,0.0053847789,1.018944,1.1192773,0.65935801,1.3366076,1.0015787,1.3497632,1.2471496,1.4330819,0.46027013,0.47447816,1.0108753,0.88861603
465,regional_3to5cities,5,建筑立面,矮墙·巷弄,Singapore,新加坡,0.0020790816,3.2938535,7.8656463e-05,0.0020790816,0.15633276,3.0245154,Singapore|Paris|Sydney|Amsterdam|CapeTown,0.00029443027,0.0020790816,0.00088435374,0.00082270408,0.0012659439,0.00035395408,7.8656463e-05,0.0010278486,0.00023171769,8.1845238e-05,0.00015625,0.00029761905,0.46646085,3.2938535,1.4010665,1.303396,2.0056132,0.5607634,0.12461409,1.628403,0.36710637,0.12966601,0.2475442,0.47151277
466,accessory_6to8cities,6,植被,树丛·灌木,Jakarta,雅加达,0.0057196003,5.4629442,6.377551e-06,0.0057196003,0.30729345,2.483327,Jakarta|Manila|Dhaka|Singapore|MexicoCity|NewDelhi,0.00048681973,0.00088754252,2.2321429e-05,0.00024447279,6.377551e-06,0.0004389881,0.00061968537,1.7006803e-05,0.0057196003,0.0015295493,0.00050382653,0.002087585,0.46497462,0.84771574,0.021319797,0.23350254,0.0060913706,0.41928934,0.59187817,0.016243655,5.4629442,1.4609137,0.48121827,1.9939086
467,near_core_9to11cities,11,路面·道路,车行道,MexicoCity,墨西哥城,0.0081877126,1.9590124,0.0002954932,0.0081877126,0.087314882,3.2719419,MexicoCity|Manila|Jakarta|SaoPaulo|NewDelhi|Dhaka|CapeTown|Paris|HongKong|Amsterdam|Singapore,0.0024340986,0.00096513605,0.0010437925,0.0041007653,0.0029315476,0.0065997024,0.0081877126,0.0002954932,0.0067389456,0.0046375425,0.0053316327,0.0068877551,0.58238847,0.23092084,0.24974038,0.98115927,0.70140935,1.5790611,1.9590124,0.070700434,1.6123768,1.1095899,1.2756596,1.6479813
468,accessory_6to8cities,7,路面·道路,车行道,Sydney,悉尼,0.0015348639,2.2155735,0.00023278061,0.0015348639,0.060729208,3.3672506,Sydney|MexicoCity|SaoPaulo|Manila|Paris|HongKong|NewDelhi,0.00061118197,0.00043367347,0.00036033163,0.00037308673,0.00067070578,0.0010671769,0.0012468112,0.0015348639,0.00023278061,0.00031143707,0.0006079932,0.00086309524,0.88224012,0.6260069,0.52013809,0.53855006,0.96816264,1.540468,1.7997698,2.2155735,0.33601841,0.44955888,0.87763713,1.2458765
469,pair_specific_2cities,2,建筑立面,沿街立面,Amsterdam,阿姆斯特丹,0.0088764881,6.8643058,0,0.0088764881,0.716687,1.0156665,Amsterdam|Paris,0,5.5272109e-05,0.0088764881,0,0.0065848214,0,0,0,1.0629252e-06,0,0,0,0,0.042742654,6.8643058,0,5.0921296,0,0,0,0.00082197411,0,0,0
470,accessory_6to8cities,6,建筑立面,住宅·楼房,Dhaka,达卡,0.0072640306,3.4475974,0,0.0072640306,0.30937007,2.4758824,Dhaka|MexicoCity|NewDelhi|Jakarta|Manila|SaoPaulo,0,0,3.1887755e-05,0.00027210884,9.7789116e-05,0.0013881803,0.0072289541,6.377551e-05,0.0026009779,0.0072640306,0.0039508929,0.0023852041,0,0,0.015134317,0.12914617,0.046411906,0.65884727,3.4309497,0.030268634,1.2344558,3.4475974,1.8751419,1.1320469
471,accessory_6to8cities,6,建筑立面,沿街立面,Jakarta,雅加达,0.0013424745,2.5749235,8.7159864e-05,0.0013424745,0.079807939,3.298854,Jakarta|Manila|Amsterdam|Dhaka|CapeTown|Paris,8.8222789e-05,8.7159864e-05,0.00074617347,0.00057716837,0.00056441327,0.00046662415,0.00041241497,0.00030718537,0.0013424745,0.00060055272,0.0002869898,0.0007769983,0.16921509,0.16717635,1.4311927,1.1070336,1.0825688,0.8950051,0.79102956,0.5891947,2.5749235,1.1518858,0.55045871,1.490316
472,near_core_9to11cities,11,建筑立面,建筑·结构,Sydney,悉尼,0.0021258503,1.650165,0.00042835884,0.0021258503,0.050880988,3.4025561,Sydney|MexicoCity|Paris|SaoPaulo|Amsterdam|HongKong|Manila|NewDelhi|Singapore|Jakarta|Dhaka,0.0014753401,0.00070259354,0.001647534,0.00042835884,0.0019653486,0.0019217687,0.0020716412,0.0021258503,0.00053465136,0.00052402211,0.0010204082,0.0010416667,1.1452145,0.54537954,1.2788779,0.33250825,1.5255776,1.4917492,1.6080858,1.650165,0.4150165,0.40676568,0.79207921,0.80858086
473,core_universal_12cities,12,植被,沿墙绿篱,NewDelhi,新德里,0.025566539,7.1792856,0.00051445578,0.025566539,0.39418055,2.17184,NewDelhi|Dhaka|Manila|MexicoCity|Amsterdam|HongKong|Jakarta|CapeTown|Paris|Sydney|SaoPaulo|Singapore,0.0011001276,0.00051445578,0.0015401786,0.00089817177,0.0007855017,0.00058992347,0.0017633929,0.00062818878,0.0009587585,0.0059289966,0.025566539,0.0024596088,0.30892449,0.14446324,0.43249428,0.25221371,0.22057507,0.16565516,0.49517461,0.17640036,0.26922694,1.664909,7.1792856,0.69067754
474,city_unique_1city,1,车辆,车辆·店面,Amsterdam,阿姆斯特丹,0.0030335884,7.0556242,1.8069728e-05,0.0030335884,0.36568467,2.2739967,Amsterdam,0.00019982993,0.00010310374,0.0030335884,0.0002997449,0.00012329932,0.00032312925,0.00013392857,0.00013711735,0.0004942602,7.8656463e-05,0.00021471088,1.8069728e-05,0.46477132,0.23980222,7.0556242,0.69715698,0.28677379,0.75154512,0.31149567,0.31891224,1.1495674,0.1829419,0.49938195,0.042027194
475,near_core_9to11cities,11,建筑立面,建筑·结构,Paris,巴黎,0.0057929422,1.9525885,0.00043367347,0.0057929422,0.073113713,3.3228526,Paris|MexicoCity|Amsterdam|SaoPaulo|Sydney|HongKong|NewDelhi|Manila|Singapore|Jakarta|CapeTown,0.0028093112,0.0013679847,0.0046970663,0.00089923469,0.0057929422,0.0045769558,0.005213648,0.0034863946,0.0013403486,0.00043367347,0.0025414541,0.002442602,0.94691587,0.46109751,1.5832089,0.30309906,1.9525885,1.5427241,1.7573297,1.1751358,0.45178241,0.14617543,0.85663104,0.82331164
476,accessory_6to8cities,6,建筑立面,沿街立面,Sydney,悉尼,0.0015029762,2.7757239,2.0195578e-05,0.0015029762,0.1464599,3.0599092,Sydney|NewDelhi|Manila|MexicoCity|SaoPaulo|CapeTown,5.2083333e-05,9.8852041e-05,0.00019451531,0.00056441327,0.00041772959,0.0007769983,0.00087585034,0.0015029762,0.00016156463,2.0195578e-05,0.00094068878,0.00089179422,0.096188451,0.18256175,0.35923442,1.0423687,0.77147063,1.4349746,1.6175364,2.7757239,0.2983805,0.037297563,1.7372812,1.6469818
477,accessory_6to8cities,6,路面·道路,车行道,HongKong,香港,0.00082270408,1.5822828,0.00019876701,0.00082270408,0.02375053,3.4998177,HongKong|Jakarta|NewDelhi|MexicoCity|Singapore|SaoPaulo,0.00082270408,0.00057185374,0.00044961735,0.00036139456,0.00046981293,0.00052508503,0.00060161565,0.00019876701,0.00072810374,0.00030505952,0.00070790816,0.00049744898,1.5822828,1.0998296,0.86473594,0.69505962,0.90357751,1.0098807,1.1570698,0.38228279,1.4003407,0.58671209,1.3614991,0.95672913
478,accessory_6to8cities,7,建筑立面,沿街立面,HongKong,香港,0.0031579507,3.0432778,0.00014030612,0.0031579507,0.12967518,3.1200818,HongKong|MexicoCity|Amsterdam|SaoPaulo|Manila|Jakarta|Paris,0.0031579507,0.0004857568,0.0014742772,0.00014030612,0.00059630102,0.0011607143,0.0025488946,0.00038796769,0.00066964286,0.00036564626,0.00045705782,0.0010076531,3.0432778,0.4681178,1.4207426,0.13521127,0.57464789,1.1185659,2.456338,0.37387964,0.6453265,0.35236876,0.44046095,0.97106274
479,regional_3to5cities,5,植被,沿墙绿篱,Dhaka,达卡,0.0089105017,7.0096857,0,0.0089105017,0.49029139,1.8272862,Dhaka|Jakarta|NewDelhi|Manila|Paris,0,3.1887755e-06,0.00026360544,4.2517007e-06,0.00051977041,1.7006803e-05,1.3818027e-05,0,0.0023650085,0.0089105017,0.002045068,0.0011118197,0,0.002508536,0.20737231,0.0033447147,0.40889137,0.013378859,0.010870323,0,1.8604975,7.0096857,1.6088077,0.87464288
480,near_core_9to11cities,10,建筑立面,建筑·结构,Sydney,悉尼,0.0020939626,2.3190112,0.00038690476,0.0020939626,0.044487064,3.425478,Sydney|NewDelhi|Dhaka|Singapore|HongKong|CapeTown|Manila|SaoPaulo|Jakarta|Amsterdam,0.00093005952,0.0010544218,0.00055378401,0.0009247449,0.00046662415,0.00061011905,0.00038690476,0.0020939626,0.00055909864,0.001108631,0.0012755102,0.00087159864,1.0300177,1.1677457,0.61330194,1.0241318,0.51677457,0.67569158,0.42848735,2.3190112,0.61918776,1.227781,1.4125956,0.96527369
481,regional_3to5cities,5,建筑立面,沿街立面,Dhaka,达卡,0.0068356718,4.7929942,3.9328231e-05,0.0068356718,0.30812801,2.4803351,Dhaka|CapeTown|HongKong|Singapore|Jakarta,0.0026828231,0.0014434524,3.9328231e-05,0.0038159014,0.00026147959,0.00027529762,0.00025829082,0.00033056973,0.00080782313,0.0068356718,0.00030612245,5.7397959e-05,1.8811254,1.012111,0.027575927,2.6756102,0.18334265,0.19303149,0.18110676,0.23178685,0.56642445,4.7929942,0.21464505,0.040245947
482,near_core_9to11cities,11,建筑立面,沿街立面,CapeTown,开普敦,0.0012053571,1.4552454,0.00036989796,0.0012053571,0.015661407,3.5288169,CapeTown|Dhaka|Paris|Sydney|SaoPaulo|Jakarta|Singapore|Manila|HongKong|Amsterdam|MexicoCity,0.00076318027,0.00081632653,0.00070046769,0.0012053571,0.00096088435,0.0009077381,0.00050488946,0.0009375,0.00090242347,0.0010958759,0.00036989796,0.00077487245,0.92139878,0.98556304,0.84568495,1.4552454,1.1600898,1.0959256,0.60956047,1.1318576,1.0895091,1.3230671,0.44658325,0.93551492
483,accessory_6to8cities,7,路面·道路,路肩·开阔地,CapeTown,开普敦,0.0020057398,2.796246,7.0153061e-05,0.0020057398,0.10696355,3.2015022,CapeTown|Sydney|Amsterdam|Paris|SaoPaulo|NewDelhi|MexicoCity,0.0004644983,7.0153061e-05,0.0011288265,0.0020057398,0.00083333333,0.00068877551,0.00053252551,0.0014508929,0.00029017857,0.00032419218,0.00060480442,0.00021364796,0.6475673,0.097801926,1.5737219,2.796246,1.1617683,0.96023709,0.74240553,2.0227217,0.40454433,0.45196345,0.84317115,0.29785132
484,regional_3to5cities,5,植被,树丛·灌木,Singapore,新加坡,0.030343325,7.1675106,0,0.030343325,0.51243245,1.7479114,Singapore|Dhaka|Jakarta|SaoPaulo|Manila,0.00040816327,0.030343325,0,5.5272109e-05,0,0.0029719388,0,0.00015625,0.0036256378,0.010597364,4.5705782e-05,0.0025977891,0.096413776,7.1675106,0,0.013056032,0,0.7020128,0,0.036908399,0.85642549,2.5032431,0.010796334,0.61363351
485,core_universal_12cities,12,路面·道路,路口·人行道,CapeTown,开普敦,0.0063233418,1.8511565,0.0020663265,0.0063233418,0.021578494,3.5076044,CapeTown|Amsterdam|Sydney|MexicoCity|Paris|Jakarta|Singapore|NewDelhi|HongKong|SaoPaulo|Manila|Dhaka,0.0027965561,0.0029017857,0.0052795493,0.0063233418,0.0032025935,0.0025701531,0.003651148,0.0038403486,0.0030325255,0.0020663265,0.0028103741,0.0025159439,0.81869101,0.84949694,1.5455866,1.8511565,0.93755834,0.75241158,1.0688725,1.124261,0.88777098,0.6049165,0.82273623,0.73654185
486,core_universal_12cities,12,建筑立面,矮墙·巷弄,NewDelhi,新德里,0.0059927721,2.0864095,0.0014668367,0.0059927721,0.040656117,3.4392118,NewDelhi|CapeTown|Sydney|Paris|MexicoCity|HongKong|Amsterdam|SaoPaulo|Jakarta|Dhaka|Manila|Singapore,0.0022459609,0.0014668367,0.0021492347,0.0051796344,0.0030984269,0.0021396684,0.0030803571,0.0036118197,0.0019047619,0.0018229167,0.0059927721,0.001775085,0.78194097,0.51068554,0.74826533,1.8033121,1.0787307,0.74493478,1.0724396,1.2574706,0.66315108,0.6346563,2.0864095,0.61800352
487,regional_3to5cities,4,天空·远景,天空·远景,NewDelhi,新德里,0.00081526361,1.7994135,0.00024553571,0.00081526361,0.02776653,3.4854205,NewDelhi|MexicoCity|Jakarta|Manila,0.00034013605,0.00029443027,0.00031356293,0.00044536565,0.00028167517,0.00038796769,0.00071322279,0.00024553571,0.00057291667,0.00048363095,0.00081526361,0.00054315476,0.75073314,0.64985337,0.69208211,0.9829912,0.62170088,0.85630498,1.5741935,0.54193548,1.2645161,1.0674487,1.7994135,1.198827
488,regional_3to5cities,3,建筑立面,建筑·结构,HongKong,香港,0.01856824,8.5758468,1.1692177e-05,0.01856824,0.60761853,1.4066728,HongKong|Singapore|SaoPaulo,0.01856824,0.0040454932,4.6768707e-05,1.1692177e-05,0.00015093537,0.0020567602,3.4013605e-05,9.1411565e-05,8.3971088e-05,0.00030931122,0.00037096088,0.00021258503,8.5758468,1.868434,0.021600393,0.0054000982,0.069710358,0.94992636,0.015709377,0.042218949,0.038782523,0.14285714,0.17133039,0.098183603
489,regional_3to5cities,4,建筑立面,住宅·楼房,SaoPaulo,圣保罗,0.0045068027,4.2164581,1.0629252e-06,0.0045068027,0.40639926,2.1280364,SaoPaulo|Amsterdam|Paris|CapeTown,0.00031887755,1.4880952e-05,0.00359375,0.00082057823,0.0031696429,0.0045068027,1.0629252e-05,1.9132653e-05,0.0003295068,4.2517007e-06,3.7202381e-05,1.0629252e-06,0.2983343,0.013922267,3.3622276,0.7677136,2.9654429,4.2164581,0.0099444767,0.017900058,0.30827878,0.0039777907,0.034805668,0.00099444767
490,near_core_9to11cities,9,天空·远景,天空·远景,NewDelhi,新德里,0.0042984694,3.6791509,0.00018813776,0.0042984694,0.13904156,3.0865037,NewDelhi|Dhaka|Jakarta|HongKong|Singapore|Amsterdam|MexicoCity|CapeTown|Manila,0.0011373299,0.001051233,0.00094812925,0.0006547619,0.00043154762,0.00024022109,0.00070046769,0.00018813776,0.0015614371,0.0022204507,0.0042984694,0.00058779762,0.97346475,0.89977255,0.81152388,0.56042456,0.36937074,0.20561031,0.59954511,0.16103108,1.336467,1.9005307,3.6791509,0.50310842
491,accessory_6to8cities,6,建筑立面,沿街立面,MexicoCity,墨西哥城,0.0084162415,4.8708669,2.3384354e-05,0.0084162415,0.34723359,2.3401431,MexicoCity|SaoPaulo|Jakarta|NewDelhi|Paris|Manila,0.00044536565,0.00018388605,2.3384354e-05,9.5663265e-05,0.0007855017,0.0055155187,0.0084162415,2.9761905e-05,0.0030718537,0.00024340986,0.0013159014,0.0006079932,0.25775363,0.10642334,0.013533603,0.055364741,0.45460604,3.1920849,4.8708669,0.017224586,1.7778233,0.14087251,0.76157277,0.35187369
492,core_universal_12cities,12,路面·道路,车行道,Paris,巴黎,0.0041666667,1.5139519,0.00080144558,0.0041666667,0.044674087,3.4248076,Paris|CapeTown|SaoPaulo|Manila|Dhaka|MexicoCity|NewDelhi|Jakarta|Amsterdam|HongKong|Singapore|Sydney,0.0013626701,0.0010119048,0.0014019983,0.0040550595,0.0041666667,0.0040295493,0.0031940901,0.00080144558,0.0027742347,0.0032164116,0.003139881,0.0038722364,0.49512407,0.36767404,0.50941392,1.4733996,1.5139519,1.4641305,1.1605677,0.29120402,1.0080139,1.1686782,1.1408709,1.4069711
493,near_core_9to11cities,9,建筑立面,建筑·结构,Amsterdam,阿姆斯特丹,0.0042070578,3.0049348,2.7636054e-05,0.0042070578,0.14646151,3.0599035,Amsterdam|Paris|SaoPaulo|Sydney|MexicoCity|NewDelhi|HongKong|CapeTown|Singapore,0.001107568,0.00056653912,0.0042070578,0.00056866497,0.0033981718,0.0018930697,0.0015582483,0.0016209609,0.00021896259,2.7636054e-05,0.0011894133,0.00044430272,0.79109199,0.40465646,3.0049348,0.40617487,2.4271796,1.3521448,1.1129951,1.1577882,0.15639631,0.019739339,0.8495508,0.31734784
494,regional_3to5cities,5,建筑立面,住宅·楼房,Singapore,新加坡,0.0028422619,3.7737269,5.3146259e-06,0.0028422619,0.25790384,2.6603869,Singapore|Jakarta|Sydney|CapeTown|Manila,5.3146259e-06,0.0028422619,9.5663265e-06,0.00095769558,0.00016794218,0.00036033163,0.00022215136,0.0014306973,0.0020822704,1.3818027e-05,0.00025510204,0.00069090136,0.007056333,3.7737269,0.012701399,1.2715512,0.22298012,0.47841938,0.29495472,1.8995649,2.7646713,0.018346466,0.33870399,0.9173233
495,near_core_9to11cities,9,建筑立面,沿街立面,Singapore,新加坡,0.0032185374,2.544716,0.00016687925,0.0032185374,0.1274049,3.1282207,Singapore|HongKong|Sydney|CapeTown|Paris|SaoPaulo|Amsterdam|MexicoCity|Manila,0.0029198554,0.0032185374,0.00092580782,0.0014285714,0.0013711735,0.0010204082,0.00078656463,0.0023756378,0.00019132653,0.00016687925,0.00022321429,0.00054953231,2.308565,2.544716,0.73198403,1.1294909,1.0841095,0.80677919,0.62189229,1.8782828,0.1512711,0.13194201,0.17648295,0.43448421
496,core_universal_12cities,12,建筑立面,住宅·楼房,CapeTown,开普敦,0.0020535714,1.5246613,0.00082482993,0.0020535714,0.015115754,3.5307731,CapeTown|Sydney|Dhaka|Jakarta|MexicoCity|Manila|Paris|SaoPaulo|Singapore|Amsterdam|NewDelhi|HongKong,0.00082482993,0.0011564626,0.00092155612,0.0020535714,0.0012616922,0.0012414966,0.0013881803,0.0018792517,0.0015082908,0.0017176871,0.00090454932,0.0013052721,0.61238985,0.85860844,0.6842036,1.5246613,0.9367355,0.92174142,1.0306458,1.3952387,1.1198211,1.2752861,0.67157701,0.96909115
497,near_core_9to11cities,10,建筑立面,窗·竖构件,SaoPaulo,圣保罗,0.0053815901,2.1823276,0.0001690051,0.0053815901,0.10693813,3.2015933,SaoPaulo|MexicoCity|Manila|NewDelhi|Jakarta|Dhaka|Paris|CapeTown|HongKong|Amsterdam,0.0010693027,0.00040072279,0.00081420068,0.0011968537,0.0017081207,0.0053815901,0.0041581633,0.0001690051,0.0038669218,0.0029379252,0.0038934949,0.0039955357,0.43362069,0.1625,0.33017241,0.48534483,0.69267241,2.1823276,1.6862069,0.068534483,1.5681034,1.1913793,1.5788793,1.6202586
498,core_universal_12cities,12,建筑立面,矮墙·巷弄,Manila,马尼拉,0.0042867772,1.9868626,0.00096194728,0.0042867772,0.0358685,3.4563753,Manila|Jakarta|Sydney|Singapore|Amsterdam|MexicoCity|CapeTown|NewDelhi|SaoPaulo|Paris|Dhaka|HongKong,0.00096194728,0.0027051446,0.0023830782,0.0016443452,0.0014094388,0.0014955357,0.0017963435,0.0027944303,0.0034300595,0.0014073129,0.001576318,0.0042867772,0.44584941,1.2537975,1.1045242,0.76213154,0.6532556,0.69316036,0.83258067,1.2951802,1.5897857,0.6522703,0.73060186,1.9868626
499,near_core_9to11cities,11,路面·道路,车行道,SaoPaulo,圣保罗,0.0089668367,1.8790162,0.0004389881,0.0089668367,0.10004728,3.2262968,SaoPaulo|MexicoCity|CapeTown|Sydney|Singapore|Paris|Amsterdam|HongKong|Manila|Jakarta|NewDelhi,0.004077381,0.0062765731,0.004317602,0.0085267857,0.0059300595,0.0089668367,0.0087042942,0.0064593963,0.0007982568,0.0004389881,0.00064944728,0.0021194728,0.85442227,1.3152668,0.90476102,1.7868028,1.2426543,1.8790162,1.824,1.3535777,0.1672761,0.091990719,0.13609281,0.44413921
500,unused,0,路面·道路,路口·人行道,SaoPaulo,圣保罗,0.00038371599,2.0658083,6.5901361e-05,0.00038371599,0.058447279,3.3754312,,0.00011798469,0.0001732568,6.5901361e-05,0.00010310374,0.00016156463,0.00038371599,0.00037733844,7.7593537e-05,0.00018069728,0.00012542517,0.00017113095,0.0002912415,0.63519313,0.93276108,0.35479256,0.55507868,0.86981402,2.0658083,2.0314735,0.41773963,0.97281831,0.67525035,0.92131616,1.5679542
501,accessory_6to8cities,6,植被,树冠,Dhaka,达卡,0.013351403,4.4807372,6.377551e-06,0.013351403,0.42730187,2.0531013,Dhaka|Jakarta|Manila|MexicoCity|Singapore|SaoPaulo,0.00019238946,0.00063881803,6.377551e-06,0.00021789966,4.7831633e-05,0.00055803571,0.00088329082,0.00014243197,0.011565689,0.013351403,0.00027104592,0.0078815901,0.064565993,0.21438763,0.0021403092,0.073127229,0.016052319,0.18727705,0.29643282,0.047800238,3.8814507,4.4807372,0.090963139,2.6450654
502,near_core_9to11cities,10,路面·道路,车行道,Paris,巴黎,0.0023182398,1.7370412,0.00031994048,0.0023182398,0.05606911,3.3839568,Paris|MexicoCity|Amsterdam|SaoPaulo|Manila|Sydney|HongKong|NewDelhi|Jakarta|Singapore,0.0012340561,0.00058142007,0.0021184099,0.00041666667,0.0023182398,0.0018760629,0.0022470238,0.0013297194,0.00084502551,0.00031994048,0.0012181122,0.0015104167,0.92466981,0.43565408,1.58731,0.31220548,1.7370412,1.4057211,1.6836796,0.99634964,0.63317183,0.23972921,0.91272317,1.1317449
503,near_core_9to11cities,10,路面·道路,路口·人行道,Singapore,新加坡,0.010652636,3.1596038,3.295068e-05,0.010652636,0.16432483,2.9958641,Singapore|Paris|CapeTown|MexicoCity|Jakarta|Sydney|SaoPaulo|Amsterdam|Manila|HongKong,0.00090029762,0.010652636,0.0013424745,0.0054793793,0.007783801,0.0026349915,0.0035352891,0.003380102,0.003394983,3.295068e-05,0.00025191327,0.0010693027,0.26703097,3.1596038,0.39818196,1.6252003,2.3086987,0.78154638,1.0485774,1.0025484,1.0069621,0.0097732706,0.07471823,0.3171584
504,core_universal_12cities,12,建筑立面,矮墙·巷弄,Singapore,新加坡,0.0053603316,2.3981929,0.00062606293,0.0053603316,0.055012636,3.3877443,Singapore|Sydney|CapeTown|Jakarta|Amsterdam|MexicoCity|Dhaka|Manila|SaoPaulo|Paris|NewDelhi|HongKong,0.00062606293,0.0053603316,0.0024702381,0.0028730867,0.0013722364,0.001463648,0.0021205357,0.0033769133,0.0025053146,0.0018951956,0.00089710884,0.001861182,0.28009828,2.3981929,1.1051756,1.2854086,0.61393358,0.65483078,0.94871998,1.5108187,1.1208687,0.84790362,0.40136324,0.83268606
505,near_core_9to11cities,9,路面·道路,路口·人行道,NewDelhi,新德里,0.034258078,5.8956418,0.0001434949,0.034258078,0.38324981,2.2110263,NewDelhi|Paris|CapeTown|SaoPaulo|Sydney|HongKong|MexicoCity|Amsterdam|Singapore,0.0010884354,0.00076530612,0.001008716,0.012420281,0.012701956,0.002983631,0.0010693027,0.0024766156,0.0001434949,0.00043367347,0.034258078,0.00037946429,0.18731422,0.13170531,0.17359491,2.1374674,2.1859423,0.51346778,0.18402159,0.42621301,0.024694746,0.074633009,5.8956418,0.065303883
506,near_core_9to11cities,11,路面·道路,路肩·开阔地,HongKong,香港,0.0022608418,1.5481288,0.00042623299,0.0022608418,0.02761098,3.4859782,HongKong|Singapore|Dhaka|NewDelhi|Jakarta|Amsterdam|Manila|Paris|MexicoCity|SaoPaulo|Sydney,0.0022608418,0.0021704932,0.0014455782,0.00042623299,0.0012691327,0.0010544218,0.0011957908,0.0010065901,0.0014519558,0.0020546344,0.0018920068,0.0012967687,1.5481288,1.4862619,0.98987081,0.29186632,0.86904834,0.72202341,0.81882695,0.68927033,0.99423788,1.4069267,1.2955662,0.88797234
507,core_universal_12cities,12,建筑立面,住宅·楼房,Jakarta,雅加达,0.007457483,1.3440828,0.0039806548,0.007457483,0.006147228,3.5629249,Jakarta|CapeTown|Manila|Sydney|Dhaka|MexicoCity|NewDelhi|SaoPaulo|Amsterdam|Paris|Singapore|HongKong,0.0039806548,0.0043675595,0.0051179847,0.0069483418,0.0046035289,0.0052657313,0.0055463435,0.0057429847,0.007457483,0.0056781463,0.005482568,0.0063892432,0.7174444,0.78717732,0.92242852,1.2523188,0.82970673,0.9490573,0.99963282,1.035074,1.3440828,1.023388,0.98813838,1.151551
508,core_universal_12cities,12,路面·道路,路口·人行道,Singapore,新加坡,0.010002126,1.9569512,0.0018090986,0.010002126,0.042238317,3.4335397,Singapore|HongKong|Sydney|SaoPaulo|Paris|MexicoCity|CapeTown|NewDelhi|Amsterdam|Manila|Jakarta|Dhaka,0.0073639456,0.010002126,0.0032801871,0.0054528061,0.0057908163,0.0057929422,0.0056717687,0.0073214286,0.0021343537,0.0018090986,0.0036734694,0.003039966,1.4407819,1.9569512,0.64178018,1.0668608,1.1329937,1.1334096,1.1097016,1.4324633,0.41759384,0.35395654,0.71872725,0.59478008
509,core_universal_12cities,12,建筑立面,矮墙·巷弄,CapeTown,开普敦,0.003650085,1.7142857,0.0013382228,0.003650085,0.020454768,3.5116329,CapeTown|Sydney|MexicoCity|SaoPaulo|Dhaka|Paris|HongKong|Amsterdam|Singapore|Jakarta|Manila|NewDelhi,0.0018516156,0.0016454082,0.0016634779,0.003650085,0.0019143282,0.002486182,0.0028231293,0.0030909864,0.0015539966,0.0021045918,0.0013382228,0.0014285714,0.8696231,0.77277644,0.781263,1.7142857,0.89907646,1.1676512,1.3259007,1.4517015,0.72984441,0.98843498,0.62850487,0.67093768
510,accessory_6to8cities,8,建筑立面,住宅·楼房,Manila,马尼拉,0.00098745748,1.7195743,0.00022534014,0.00098745748,0.027319952,3.4870215,Manila|SaoPaulo|Paris|MexicoCity|Dhaka|Jakarta|Amsterdam|Singapore,0.00043154762,0.00051870748,0.00054209184,0.00033588435,0.00073341837,0.00083120748,0.00067602041,0.00022534014,0.00060905612,0.0006335034,0.00036670918,0.00098745748,0.75150393,0.90328551,0.9440074,0.58491439,1.2771865,1.447478,1.1772328,0.39241092,1.0606201,1.103193,0.63859324,1.7195743
511,city_unique_1city,1,建筑立面,沿街立面,Sydney,悉尼,0.00086947279,3.9437525,5.6335034e-05,0.00086947279,0.15593239,3.0259507,Sydney,5.6335034e-05,0.00042091837,5.8460884e-05,0.00029230442,0.00013605442,9.8852041e-05,9.5663265e-05,0.00086947279,9.5663265e-05,0.0002912415,9.1411565e-05,0.0001392432,0.25552431,1.9092005,0.26516673,1.3258337,0.6171153,0.44837284,0.4339092,3.9437525,0.4339092,1.3210124,0.41462435,0.63157894
