unit_id,city,n_road_nodes,n_panos,road_length_m,dominant_basis_id,activation_entropy,mean_within_activation_variance,mean_boundary_contrast,unit_confidence,centroid_lat,centroid_lon,top_basis_ids,top_basis_weights,stability_score
unit_000000,HongKong,10,12,182.2,18,2.4527,1e-05,0.11354,0.5284,22.250561,114.170884,18|21|1|3|10,0.1063|0.0681|0.0661|0.0591|0.0413,
unit_000001,HongKong,13,16,261.8,1,2.4733,0.0,0.11354,0.5284,22.250418,114.172353,1|22|16|3|31,0.0776|0.0763|0.0717|0.0497|0.0410,
unit_000002,HongKong,9,9,162.8,1,2.0227,0.0,0.0,0.5,22.296997,114.171591,1|21|7|23|14,0.0991|0.0542|0.0453|0.0447|0.0241,
unit_000003,HongKong,25,25,405.9,1,2.2538,0.0,0.0,0.5,22.309813,114.171249,1|21|16|23|7,0.1208|0.0878|0.0535|0.0353|0.0335,
unit_000004,HongKong,11,11,154.0,1,2.0788,0.0,0.0,0.5,22.311525,114.170898,1|21|23|16|7,0.1209|0.0734|0.0436|0.0395|0.0370,
unit_000006,HongKong,7,10,154.8,1,2.4128,2e-05,0.09005,0.5225,22.300581,114.16828,1|2|21|14|16,0.1019|0.0720|0.0628|0.0484|0.0464,
unit_000007,HongKong,41,41,675.9,18,2.3415,0.0,0.0,0.5,22.298137,114.178967,18|1|2|3|16,0.0960|0.0745|0.0668|0.0557|0.0436,
unit_000008,HongKong,11,11,171.4,1,2.1335,0.0,0.0,0.5,22.297411,114.171087,1|21|23|7|16,0.1160|0.0604|0.0489|0.0400|0.0337,
unit_000009,HongKong,33,43,606.2,1,2.1835,2e-05,0.0,0.5,22.278495,114.171921,1|16|7|31|23,0.1289|0.0656|0.0364|0.0341|0.0336,
unit_000010,HongKong,16,16,323.4,31,2.4448,0.0,0.0,0.5,22.274251,114.17728,31|10|27|23|16,0.0824|0.0706|0.0685|0.0632|0.0629,
unit_000011,HongKong,31,32,575.9,31,2.468,0.0,0.15301,0.5382,22.271002,114.178214,31|1|10|2|23,0.0954|0.0740|0.0694|0.0690|0.0634,
unit_000012,HongKong,16,20,320.9,22,2.4387,0.0,0.15301,0.5382,22.269513,114.178717,22|21|31|23|1,0.1229|0.0927|0.0722|0.0672|0.0634,
unit_000013,HongKong,8,8,179.8,31,2.3336,0.0,0.0,0.5,22.266532,114.182627,31|22|23|27|2,0.1126|0.0883|0.0872|0.0829|0.0605,
unit_000014,HongKong,66,92,1240.9,2,2.4075,7e-05,0.15109,0.5377,22.263933,114.185015,2|31|23|21|10,0.0874|0.0756|0.0738|0.0688|0.0676,
unit_000015,HongKong,6,7,129.9,21,2.4172,0.0,0.13348,0.5333,22.264876,114.184765,21|22|23|27|1,0.1004|0.0850|0.0622|0.0619|0.0530,
unit_000016,HongKong,6,7,129.9,2,2.3336,0.0,0.13348,0.5333,22.263703,114.185387,2|31|23|10|21,0.1000|0.0836|0.0753|0.0749|0.0578,
unit_000017,HongKong,32,32,659.8,31,2.4733,0.0,0.2072,0.5516,22.262799,114.186828,31|22|16|10|14,0.0965|0.0669|0.0581|0.0432|0.0432,
unit_000018,HongKong,28,30,512.4,7,2.2054,0.0,0.1514,0.5378,22.266555,114.162438,7|31|13|22|16,0.1036|0.0827|0.0603|0.0532|0.0498,
unit_000019,HongKong,8,8,175.4,27,2.3544,0.0,0.0,0.5,22.239119,114.238116,27|22|21|23|10,0.1144|0.1056|0.0716|0.0637|0.0479,
unit_000020,HongKong,8,8,175.4,27,2.3116,0.0,0.06052,0.5151,22.242077,114.238234,27|23|22|21|18,0.1417|0.0759|0.0739|0.0447|0.0439,
unit_000021,HongKong,9,9,200.5,27,2.4379,0.0,0.06052,0.5151,22.243391,114.237335,27|22|23|21|10,0.1181|0.1164|0.0623|0.0542|0.0469,
unit_000022,HongKong,8,9,175.4,22,2.4005,0.0,0.07003,0.5175,22.244583,114.235144,22|27|21|16|23,0.1277|0.1176|0.0548|0.0538|0.0491,
unit_000023,HongKong,13,16,300.7,27,2.3029,4e-05,0.10981,0.5274,22.246681,114.234156,27|23|21|22|2,0.1269|0.0771|0.0589|0.0547|0.0424,
unit_000024,HongKong,7,8,150.4,22,2.39,0.0,0.14959,0.5373,22.24829,114.232728,22|16|27|21|31,0.1000|0.0956|0.0891|0.0721|0.0669,
unit_000025,HongKong,9,9,200.5,22,2.3386,0.0,0.0,0.5,22.249166,114.230542,22|27|16|23|18,0.1093|0.1052|0.0668|0.0655|0.0649,
unit_000026,HongKong,8,8,175.4,27,2.0685,0.0,0.10343,0.5258,22.251263,114.230349,27|23|21|2|14,0.1200|0.0701|0.0578|0.0411|0.0388,
unit_000027,HongKong,8,8,175.4,27,2.2418,0.0,0.10343,0.5258,22.253058,114.230449,27|22|21|23|2,0.1199|0.1103|0.0977|0.0591|0.0398,
unit_000028,HongKong,20,20,390.6,21,2.2588,0.0,0.0,0.5,22.236782,114.238078,21|22|23|27|2,0.1323|0.0992|0.0824|0.0657|0.0543,
unit_000030,HongKong,25,33,467.7,23,2.3032,5e-05,0.0,0.5,22.257649,114.227534,23|27|31|22|16,0.0921|0.0855|0.0849|0.0773|0.0531,
unit_000031,HongKong,8,8,175.5,22,2.3285,0.0,0.0,0.5,22.259608,114.225693,22|21|27|23|2,0.1182|0.0887|0.0700|0.0629|0.0441,
unit_000032,HongKong,9,9,200.5,23,2.2875,0.0,0.0,0.5,22.261925,114.225596,23|27|22|21|2,0.1035|0.0977|0.0938|0.0710|0.0406,
unit_000033,HongKong,8,8,175.5,22,2.2737,0.0,0.0,0.5,22.262176,114.22854,22|16|31|23|27,0.1102|0.0943|0.0919|0.0655|0.0607,
unit_000034,HongKong,8,8,175.5,22,2.2829,0.0,0.0,0.5,22.263974,114.230658,22|21|16|31|23,0.1416|0.1284|0.0720|0.0666|0.0662,
unit_000035,HongKong,8,8,175.5,27,2.4391,0.0,0.0,0.5,22.268268,114.232347,27|21|22|23|10,0.0943|0.0790|0.0714|0.0687|0.0649,
unit_000036,HongKong,8,8,175.5,27,2.4391,0.0,0.0,0.5,22.268268,114.232347,27|21|22|23|10,0.0943|0.0790|0.0714|0.0687|0.0649,
unit_000037,HongKong,8,8,175.5,22,2.2829,0.0,0.0,0.5,22.263974,114.230658,22|21|16|31|23,0.1416|0.1284|0.0720|0.0666|0.0662,
unit_000038,HongKong,8,8,175.5,22,2.2737,0.0,0.0,0.5,22.262176,114.22854,22|16|31|23|27,0.1102|0.0943|0.0919|0.0655|0.0607,
unit_000039,HongKong,9,9,200.5,23,2.2875,0.0,0.0,0.5,22.261925,114.225596,23|27|22|21|2,0.1035|0.0977|0.0938|0.0710|0.0406,
unit_000040,HongKong,8,8,175.5,22,2.3285,0.0,0.0,0.5,22.259608,114.225693,22|21|27|23|2,0.1182|0.0887|0.0700|0.0629|0.0441,
unit_000041,HongKong,25,25,461.8,21,2.3774,0.0,0.0,0.5,22.272431,114.232703,21|27|16|1|22,0.0997|0.0888|0.0669|0.0661|0.0639,
unit_000042,HongKong,6,7,129.9,2,2.3336,0.0,0.13348,0.5333,22.263703,114.185387,2|31|23|10|21,0.1000|0.0836|0.0753|0.0749|0.0578,
unit_000043,HongKong,6,7,129.9,21,2.4172,0.0,0.13348,0.5333,22.264876,114.184765,21|22|23|27|1,0.1004|0.0850|0.0622|0.0619|0.0530,
unit_000044,HongKong,8,8,182.7,31,2.3844,0.0,0.0,0.5,22.261239,114.190506,31|23|22|21|2,0.1146|0.0856|0.0842|0.0653|0.0585,
unit_000045,HongKong,22,22,374.1,23,2.4996,0.0,0.0,0.5,22.259267,114.192289,23|21|31|1|2,0.0822|0.0772|0.0722|0.0592|0.0587,
unit_000046,HongKong,18,18,338.7,1,2.3977,0.0,0.0,0.5,22.278709,114.161752,1|16|21|31|7,0.0980|0.0925|0.0713|0.0685|0.0464,
unit_000047,HongKong,28,31,414.9,1,2.1136,0.0,0.25881,0.5643,22.279129,114.187739,1|16|7|23|10,0.1435|0.0565|0.0560|0.0398|0.0381,
unit_000048,HongKong,20,20,350.8,1,2.3293,0.0,0.0,0.5,22.284511,114.224364,1|7|16|21|2,0.1139|0.0643|0.0631|0.0370|0.0348,
unit_000049,HongKong,36,36,785.1,18,2.3589,0.0,0.26395,0.5656,22.282739,114.222957,18|21|1|31|16,0.1484|0.0803|0.0770|0.0742|0.0531,
unit_000050,HongKong,7,7,158.7,18,2.4826,0.0,0.0,0.5,22.289392,114.216589,18|16|31|2|14,0.0977|0.0835|0.0701|0.0586|0.0546,
unit_000051,HongKong,8,8,178.5,18,2.4826,0.0,0.0,0.5,22.289576,114.216687,18|16|31|2|14,0.0977|0.0835|0.0701|0.0586|0.0546,
unit_000052,HongKong,20,20,305.1,21,2.2806,0.0,0.0,0.5,22.283986,114.191132,21|1|31|7|10,0.1050|0.0958|0.0563|0.0540|0.0288,
unit_000053,HongKong,7,7,159.0,1,2.2401,0.0,0.0,0.5,22.280553,114.172637,1|16|2|10|31,0.1260|0.0801|0.0424|0.0411|0.0400,
unit_000054,HongKong,39,39,650.6,21,2.4757,0.0,0.0,0.5,22.327851,114.178478,21|27|10|2|1,0.0731|0.0641|0.0624|0.0534|0.0441,
unit_000056,HongKong,44,57,939.8,1,2.334,3e-05,0.0,0.5,22.279552,114.181235,1|21|18|7|23,0.1359|0.0678|0.0583|0.0556|0.0429,
unit_000057,HongKong,88,124,1369.7,1,2.3187,3e-05,0.05773,0.5144,22.276804,114.181595,1|16|7|2|10,0.1322|0.0679|0.0478|0.0418|0.0399,
unit_000058,HongKong,36,40,700.4,1,2.4,5e-05,0.0,0.5,22.282658,114.18495,1|16|21|3|10,0.1018|0.0578|0.0472|0.0466|0.0441,
unit_000059,HongKong,21,22,346.7,16,2.5561,0.0,0.13113,0.5327,22.351321,114.252692,16|31|18|21|3,0.0976|0.0952|0.0698|0.0666|0.0639,
unit_000060,HongKong,24,30,455.4,7,2.3999,1e-05,0.13113,0.5327,22.352227,114.253801,7|13|21|31|27,0.1237|0.0744|0.0633|0.0604|0.0582,
unit_000061,HongKong,18,18,361.8,21,2.366,0.0,0.0,0.5,22.338284,114.258893,21|31|23|22|10,0.1280|0.0733|0.0733|0.0659|0.0567,
unit_000062,HongKong,16,22,383.0,21,2.3782,4e-05,0.0,0.5,22.335174,114.259894,21|22|31|23|7,0.1216|0.0903|0.0620|0.0606|0.0532,
unit_000063,HongKong,8,8,178.7,22,2.344,0.0,0.0,0.5,22.331669,114.261612,22|21|23|31|1,0.1357|0.1080|0.0840|0.0709|0.0508,
unit_000064,HongKong,36,36,738.6,1,2.364,3e-05,0.0,0.5,22.315002,114.265515,1|16|21|31|7,0.1230|0.0810|0.0684|0.0544|0.0527,
unit_000065,HongKong,48,69,1022.8,31,2.5509,6e-05,0.0,0.5,22.313303,114.266935,31|1|21|3|16,0.0798|0.0690|0.0687|0.0662|0.0535,
unit_000066,HongKong,26,42,525.5,31,2.4726,6e-05,0.09394,0.5235,22.238687,114.194823,31|16|27|1|7,0.0936|0.0757|0.0681|0.0522|0.0420,
unit_000067,HongKong,20,22,384.0,27,2.5191,0.0,0.09394,0.5235,22.238816,114.19336,27|1|21|31|22,0.0759|0.0741|0.0709|0.0683|0.0570,
unit_000069,HongKong,7,7,150.3,18,2.31,0.0,0.0,0.5,22.308009,114.22073,18|1|21|10|16,0.1214|0.0729|0.0467|0.0431|0.0299,
unit_000070,HongKong,9,14,200.4,18,2.46,8e-05,0.0,0.5,22.310831,114.218477,18|1|2|10|3,0.0764|0.0743|0.0492|0.0483|0.0451,
unit_000071,HongKong,8,8,175.4,18,2.2988,0.0,0.0,0.5,22.312719,114.216698,18|21|16|1|2,0.1316|0.0583|0.0511|0.0494|0.0403,
unit_000072,HongKong,12,12,226.4,18,2.279,0.0,0.0,0.5,22.316819,114.212072,18|1|16|31|21,0.1143|0.0684|0.0680|0.0620|0.0383,
unit_000073,HongKong,7,7,91.8,1,2.3326,0.0,0.0,0.5,22.276498,114.176458,1|16|7|23|13,0.0791|0.0540|0.0529|0.0459|0.0381,
unit_000074,HongKong,25,25,537.2,22,2.2688,0.0,0.0,0.5,22.273345,114.166199,22|27|21|10|1,0.1506|0.0768|0.0723|0.0497|0.0407,
unit_000075,HongKong,8,8,180.6,31,2.3571,0.0,0.0,0.5,22.274477,114.164029,31|22|23|10|2,0.1393|0.1049|0.0746|0.0594|0.0508,
unit_000076,HongKong,80,104,1658.4,22,2.4345,0.00012,0.0,0.5,22.267444,114.169601,22|21|27|23|31,0.1072|0.0897|0.0647|0.0580|0.0485,
unit_000077,HongKong,10,12,228.3,22,2.3578,3e-05,0.0,0.5,22.263303,114.171849,22|27|31|23|21,0.1192|0.0741|0.0542|0.0421|0.0421,
unit_000078,HongKong,14,14,304.4,22,2.2039,0.0,0.0,0.5,22.261587,114.170795,22|21|7|13|27,0.1383|0.0684|0.0498|0.0363|0.0352,
unit_000079,HongKong,7,7,150.7,27,2.3102,0.0,0.06344,0.5159,22.264236,114.169917,27|22|16|13|7,0.1257|0.1243|0.0772|0.0417|0.0350,
unit_000080,HongKong,24,28,519.7,22,2.3332,0.0,0.06344,0.5159,22.262965,114.171081,22|21|1|27|7,0.1211|0.0633|0.0573|0.0559|0.0381,
unit_000081,HongKong,12,12,165.2,1,2.3519,0.0,0.0,0.5,22.276634,114.180997,1|16|2|7|31,0.1343|0.0710|0.0504|0.0457|0.0429,
unit_000082,HongKong,32,37,497.6,27,2.322,0.0,0.09795,0.5245,22.25733,114.192344,27|21|22|2|23,0.1309|0.0745|0.0593|0.0421|0.0368,
unit_000083,HongKong,15,15,311.2,21,2.4439,0.0,0.0,0.5,22.271949,114.239207,21|31|1|16|2,0.1339|0.0700|0.0681|0.0613|0.0516,
unit_000084,HongKong,15,15,266.3,2,2.4616,0.0,0.0,0.5,22.269528,114.239668,2|18|31|1|3,0.0865|0.0852|0.0721|0.0685|0.0673,
unit_000085,HongKong,48,56,1097.8,1,2.4853,5e-05,0.0,0.5,22.334258,114.210951,1|16|31|10|27,0.1068|0.0927|0.0782|0.0515|0.0500,
unit_000086,HongKong,16,16,232.6,16,2.4082,0.0,0.0,0.5,22.334278,114.228869,16|10|31|13|27,0.1025|0.0873|0.0521|0.0506|0.0495,
unit_000087,HongKong,12,13,221.2,22,2.3932,0.0,0.16115,0.5402,22.333348,114.233283,22|13|23|1|27,0.1332|0.0722|0.0536|0.0534|0.0444,
unit_000088,HongKong,6,8,130.1,16,2.3754,1e-05,0.16725,0.5417,22.333983,114.232176,16|22|31|27|21,0.1319|0.0918|0.0681|0.0675|0.0440,
unit_000089,HongKong,34,36,636.0,7,2.5081,7e-05,0.14893,0.5371,22.334092,114.237469,7|3|22|10|27,0.0878|0.0807|0.0664|0.0565|0.0555,
unit_000090,HongKong,36,37,756.3,22,2.5019,0.0,0.14894,0.5372,22.333243,114.23633,22|31|23|3|16,0.0935|0.0916|0.0774|0.0659|0.0654,
unit_000091,HongKong,43,43,643.6,21,2.4635,0.0,0.0,0.5,22.340111,114.247432,21|7|10|1|2,0.1173|0.0733|0.0731|0.0527|0.0506,
unit_000092,HongKong,28,28,601.8,21,2.4301,0.0,0.0,0.5,22.326947,114.22667,21|1|10|13|16,0.1149|0.0753|0.0678|0.0616|0.0526,
unit_000093,HongKong,28,28,593.5,21,2.4811,0.0,0.0,0.5,22.324234,114.228946,21|27|1|31|2,0.1044|0.0741|0.0675|0.0583|0.0499,
unit_000094,HongKong,42,71,953.6,16,2.5232,0.00012,0.0,0.5,22.32694,114.224264,16|31|22|21|7,0.0819|0.0812|0.0794|0.0790|0.0638,
unit_000096,HongKong,35,44,711.3,1,2.4495,5e-05,0.06324,0.5158,22.314278,114.240319,1|10|13|2|21,0.0730|0.0694|0.0655|0.0585|0.0568,
unit_000097,HongKong,5,5,108.6,21,2.4715,0.0,0.12187,0.5304,22.315697,114.239195,21|31|22|16|18,0.0994|0.0971|0.0766|0.0730|0.0685,
unit_000098,HongKong,70,76,1248.7,1,2.4027,5e-05,0.05792,0.5145,22.313611,114.223928,1|16|2|21|7,0.1318|0.0586|0.0536|0.0461|0.0387,
unit_000099,HongKong,17,19,236.3,1,2.4711,0.0,0.0,0.5,22.292225,114.2073,1|2|16|7|21,0.0867|0.0710|0.0600|0.0581|0.0501,
unit_000100,HongKong,23,23,412.8,2,2.2928,0.0,0.0,0.5,22.281298,114.17097,2|13|10|1|16,0.0775|0.0766|0.0740|0.0618|0.0504,
unit_000101,HongKong,7,7,159.0,1,2.2401,0.0,0.0,0.5,22.280553,114.172637,1|16|2|10|31,0.1260|0.0801|0.0424|0.0411|0.0400,
unit_000102,HongKong,7,7,152.5,1,2.2673,0.0,0.0,0.5,22.28005,114.168157,1|31|3|16|22,0.1000|0.0902|0.0666|0.0629|0.0461,
unit_000103,HongKong,7,7,154.4,1,2.3672,0.0,0.0,0.5,22.326099,114.16061,1|16|2|7|21,0.1183|0.0705|0.0690|0.0543|0.0520,
unit_000104,HongKong,14,14,292.6,18,2.4175,0.0,0.0,0.5,22.322332,114.165267,18|1|7|21|23,0.1242|0.1020|0.0520|0.0518|0.0480,
unit_000105,HongKong,17,17,364.4,18,2.2044,0.0,0.0,0.5,22.310466,114.167547,18|10|14|1|2,0.0914|0.0524|0.0461|0.0369|0.0351,
unit_000106,HongKong,19,19,331.5,18,2.2044,0.0,0.54113,0.6321,22.310363,114.16779,18|10|14|1|2,0.0914|0.0524|0.0461|0.0369|0.0351,
unit_000107,HongKong,13,13,206.4,18,2.3612,0.0,0.0,0.5,22.319757,114.20688,18|2|1|31|16,0.0997|0.0766|0.0756|0.0665|0.0531,
unit_000108,HongKong,21,21,414.4,2,2.4264,0.0,0.0,0.5,22.318102,114.212627,2|18|1|3|31,0.0950|0.0899|0.0871|0.0603|0.0600,
unit_000109,HongKong,7,7,151.4,2,2.4543,0.0,0.0,0.5,22.318001,114.209521,2|3|1|18|21,0.0982|0.0845|0.0747|0.0638|0.0617,
unit_000110,HongKong,13,13,180.3,1,2.0528,0.0,0.0,0.5,22.292428,114.200738,1|16|7|31|10,0.1232|0.0707|0.0295|0.0283|0.0269,
unit_000111,HongKong,19,19,353.8,1,2.2205,0.0,0.0,0.5,22.293042,114.202937,1|31|16|3|7,0.1123|0.0604|0.0592|0.0375|0.0240,
unit_000112,HongKong,6,6,138.5,31,2.4099,0.0,0.0,0.5,22.341559,114.198122,31|1|16|22|21,0.1124|0.0852|0.0752|0.0658|0.0516,
unit_000113,HongKong,11,11,204.9,1,2.318,0.0,0.0,0.5,22.341647,114.196375,1|16|18|3|31,0.0964|0.0690|0.0653|0.0535|0.0526,
unit_000114,HongKong,8,8,175.0,1,2.1918,0.0,0.0,0.5,22.341635,114.193494,1|31|18|16|3,0.0909|0.0684|0.0624|0.0619|0.0332,
unit_000115,HongKong,36,44,617.6,3,2.4297,5e-05,0.0,0.5,22.326933,114.254068,3|31|1|16|7,0.1003|0.0861|0.0805|0.0665|0.0473,
unit_000116,HongKong,39,39,623.4,21,2.3481,0.0,0.11707,0.5292,22.323193,114.260387,21|31|16|1|3,0.1253|0.0937|0.0934|0.0797|0.0554,
unit_000117,HongKong,10,10,182.9,1,2.5316,0.0,0.0,0.5,22.317665,114.261505,1|3|10|18|31,0.0777|0.0770|0.0718|0.0703|0.0702,
unit_000118,HongKong,41,41,778.1,1,2.3672,0.0,0.14224,0.5355,22.32631,114.160757,1|16|2|7|21,0.1183|0.0705|0.0690|0.0543|0.0520,
unit_000119,HongKong,21,21,280.1,1,2.2313,0.0,0.0,0.5,22.331032,114.166256,1|7|23|16|13,0.1300|0.0675|0.0494|0.0442|0.0388,
unit_000120,HongKong,18,18,348.8,31,2.2589,0.0,0.0,0.5,22.334774,114.175878,31|7|27|1|16,0.1039|0.0867|0.0618|0.0533|0.0475,
unit_000121,HongKong,43,63,603.8,1,2.4524,9e-05,0.0,0.5,22.327192,114.172272,1|21|31|16|10,0.0772|0.0753|0.0647|0.0568|0.0509,
unit_000122,HongKong,26,26,415.8,1,2.1375,0.0,0.0,0.5,22.315924,114.172931,1|7|16|23|21,0.1175|0.0984|0.0774|0.0506|0.0430,
unit_000123,HongKong,11,11,107.5,1,1.9674,0.0,0.0,0.5,22.317548,114.172702,1|7|23|21|13,0.1280|0.0717|0.0526|0.0440|0.0286,
unit_000124,HongKong,24,24,473.8,1,2.289,0.0,0.0,0.5,22.323955,114.170789,1|21|7|16|23,0.1132|0.1050|0.0606|0.0490|0.0447,
unit_000125,HongKong,8,8,175.4,1,2.1081,0.0,0.0,0.5,22.323709,114.188284,1|23|7|21|13,0.1281|0.0672|0.0538|0.0450|0.0318,
unit_000126,HongKong,14,14,283.1,18,2.4327,0.0,0.0,0.5,22.299484,114.182312,18|16|31|10|7,0.1240|0.0791|0.0570|0.0550|0.0540,
unit_000127,HongKong,38,38,557.5,1,2.4397,0.0,0.0,0.5,22.313876,114.181874,1|21|10|2|13,0.1008|0.0693|0.0664|0.0614|0.0481,
unit_000128,HongKong,32,40,566.1,1,2.4762,3e-05,0.0,0.5,22.31517,114.179748,1|7|31|3|21,0.1248|0.0854|0.0781|0.0557|0.0552,
unit_000129,HongKong,35,41,725.3,31,2.4672,8e-05,0.0,0.5,22.311012,114.180155,31|16|1|7|21,0.0924|0.0865|0.0846|0.0835|0.0597,
unit_000130,HongKong,37,37,687.5,31,2.3705,0.0,0.15766,0.5393,22.298017,114.240594,31|1|16|21|27,0.0975|0.0939|0.0769|0.0572|0.0526,
unit_000131,HongKong,9,9,208.8,27,2.4366,0.0,0.15766,0.5393,22.297306,114.24214,27|21|1|16|31,0.1207|0.0928|0.0737|0.0468|0.0447,
unit_000132,HongKong,8,8,176.5,21,2.424,0.0,0.0,0.5,22.299933,114.228581,21|10|13|2|18,0.0770|0.0705|0.0653|0.0633|0.0580,
unit_000133,HongKong,47,47,745.0,1,2.3778,0.0,0.0,0.5,22.303657,114.226915,1|21|3|13|16,0.0911|0.0825|0.0666|0.0501|0.0477,
unit_000134,HongKong,22,22,565.7,18,2.2988,0.0,0.0,0.5,22.313193,114.216777,18|21|16|1|2,0.1316|0.0583|0.0511|0.0494|0.0403,
unit_000135,HongKong,39,42,722.9,1,2.3838,0.0,0.09047,0.5226,22.339465,114.197982,1|16|31|21|3,0.1083|0.0870|0.0695|0.0620|0.0540,
unit_000136,HongKong,23,23,340.8,1,2.2329,0.0,0.0,0.5,22.31484,114.186873,1|7|21|23|13,0.1162|0.0869|0.0809|0.0348|0.0340,
unit_000137,HongKong,5,5,62.1,1,2.388,0.0,0.0,0.5,22.285099,114.218121,1|31|16|10|21,0.1201|0.0789|0.0579|0.0540|0.0425,
unit_000138,HongKong,19,19,319.1,1,2.3407,0.0,0.09173,0.5229,22.286248,114.220024,1|31|16|21|7,0.1283|0.0909|0.0629|0.0588|0.0522,
unit_000139,HongKong,11,13,208.8,18,2.4085,2e-05,0.09173,0.5229,22.285515,114.220814,18|1|31|10|21,0.1356|0.0934|0.0711|0.0578|0.0536,
unit_000140,HongKong,14,14,243.2,1,2.3252,0.0,0.0,0.5,22.287247,114.21653,1|31|16|3|27,0.1342|0.0755|0.0634|0.0480|0.0385,
unit_000141,HongKong,47,47,847.5,1,2.388,0.0,0.0,0.5,22.284275,114.218268,1|31|16|10|21,0.1201|0.0789|0.0579|0.0540|0.0425,
unit_000142,HongKong,13,13,263.4,18,2.3926,0.0,0.0,0.5,22.285394,114.221051,18|1|31|10|21,0.1402|0.0875|0.0673|0.0601|0.0518,
unit_000143,HongKong,38,48,765.0,18,2.4674,4e-05,0.0,0.5,22.28763,114.220991,18|21|3|31|1,0.1220|0.0751|0.0711|0.0709|0.0702,
unit_000144,HongKong,37,37,715.1,1,2.3212,0.0,0.0,0.5,22.281248,114.213746,1|21|31|10|13,0.1092|0.0993|0.0860|0.0488|0.0482,
unit_000145,HongKong,3,3,51.3,16,2.4651,0.0,0.0,0.5,22.346017,114.189736,16|31|1|10|27,0.0953|0.0700|0.0650|0.0606|0.0579,
unit_000146,HongKong,4,4,76.9,27,2.4609,0.0,0.0,0.5,22.34581,114.187611,27|10|31|16|1,0.0861|0.0672|0.0625|0.0550|0.0504,
unit_000147,HongKong,4,4,76.9,27,2.4609,0.0,0.0,0.5,22.34581,114.187611,27|10|31|16|1,0.0861|0.0672|0.0625|0.0550|0.0504,
unit_000148,HongKong,3,3,51.3,16,2.4651,0.0,0.0,0.5,22.346017,114.189736,16|31|1|10|27,0.0953|0.0700|0.0650|0.0606|0.0579,
unit_000149,HongKong,66,66,1122.2,16,2.3411,0.0,0.0,0.5,22.307323,114.161316,16|10|18|1|21,0.0794|0.0777|0.0752|0.0702|0.0678,
unit_000150,HongKong,19,19,356.4,16,2.2535,0.0,0.0,0.5,22.302694,114.161727,16|1|10|18|2,0.0803|0.0678|0.0590|0.0513|0.0508,
unit_000151,HongKong,24,24,377.6,1,2.3566,0.0,0.0,0.5,22.28102,114.16148,1|16|2|7|10,0.1055|0.0666|0.0498|0.0474|0.0430,
unit_000152,HongKong,44,54,961.4,21,2.3904,6e-05,0.0,0.5,22.236773,114.248526,21|22|27|23|10,0.1088|0.0941|0.0736|0.0670|0.0456,
unit_000153,HongKong,7,8,152.0,27,2.3744,1e-05,0.07516,0.5188,22.239607,114.247968,27|23|22|31|2,0.0999|0.0936|0.0931|0.0738|0.0584,
unit_000154,HongKong,6,7,126.7,27,2.3514,0.0,0.07516,0.5188,22.240606,114.246876,27|13|22|14|16,0.1037|0.0505|0.0484|0.0358|0.0344,
unit_000155,HongKong,28,28,658.6,22,2.4247,3e-05,0.0,0.5,22.242714,114.245695,22|27|23|21|7,0.1333|0.0923|0.0838|0.0817|0.0517,
unit_000156,HongKong,7,7,152.5,21,2.382,0.0,0.0,0.5,22.23389,114.248906,21|22|10|7|31,0.0941|0.0870|0.0509|0.0466|0.0421,
unit_000158,HongKong,9,9,203.4,7,2.2337,0.0,0.18968,0.5473,22.229709,114.253497,7|13|21|22|1,0.1161|0.0807|0.0498|0.0462|0.0426,
unit_000159,HongKong,12,12,185.4,31,2.318,0.0,0.18968,0.5473,22.228928,114.254893,31|13|7|27|22,0.1000|0.0767|0.0762|0.0460|0.0431,
unit_000160,HongKong,48,64,1063.7,21,2.3467,5e-05,0.0,0.5,22.23042,114.246838,21|22|23|27|16,0.1075|0.0910|0.0892|0.0712|0.0608,
unit_000161,HongKong,43,52,851.6,27,2.4079,5e-05,0.0,0.5,22.224626,114.243572,27|23|10|22|21,0.0962|0.0790|0.0602|0.0489|0.0487,
unit_000162,HongKong,8,8,179.9,27,2.3571,0.0,0.0,0.5,22.226899,114.245676,27|23|22|3|31,0.0980|0.0787|0.0629|0.0481|0.0381,
unit_000163,HongKong,10,16,225.4,22,2.4417,6e-05,0.0,0.5,22.225727,114.2405,22|27|21|16|31,0.1210|0.1070|0.0816|0.0667|0.0503,
unit_000164,HongKong,14,17,325.5,27,2.2837,5e-05,0.0,0.5,22.230222,114.239856,27|22|21|23|16,0.0951|0.0849|0.0691|0.0603|0.0574,
unit_000165,HongKong,8,16,175.3,27,2.4296,1e-05,0.0,0.5,22.234369,114.239485,27|22|16|21|23,0.1251|0.1085|0.0618|0.0417|0.0396,
unit_000166,HongKong,67,67,919.4,2,2.3782,0.0,0.0,0.5,22.280637,114.164203,2|1|18|16|14,0.0888|0.0840|0.0544|0.0466|0.0453,
unit_000167,HongKong,7,7,152.1,18,2.0684,0.0,0.0,0.5,22.293459,114.199005,18|1|16|10|31,0.1181|0.0689|0.0472|0.0375|0.0371,
unit_000168,HongKong,16,16,328.2,18,2.2295,0.0,0.0,0.5,22.292972,114.196211,18|1|10|16|31,0.1067|0.0601|0.0536|0.0515|0.0505,
unit_000169,HongKong,20,20,412.6,1,2.4616,0.0,0.0,0.5,22.270157,114.241643,1|21|7|10|16,0.0846|0.0740|0.0650|0.0631|0.0585,
unit_000170,HongKong,22,22,495.9,1,2.092,0.0,0.0,0.5,22.278948,114.178178,1|16|7|23|2,0.1207|0.0853|0.0611|0.0349|0.0316,
unit_000171,HongKong,17,17,188.3,1,2.4051,0.0,0.0,0.5,22.280128,114.178955,1|16|18|31|3,0.1078|0.0783|0.0689|0.0530|0.0474,
unit_000173,HongKong,34,35,677.1,16,2.4162,0.0,0.08471,0.5212,22.340188,114.175906,16|31|7|1|10,0.0926|0.0844|0.0665|0.0663|0.0552,
unit_000174,HongKong,14,14,211.2,31,2.3524,0.0,0.0,0.5,22.337916,114.177412,31|7|16|13|27,0.0957|0.0919|0.0665|0.0641|0.0530,
unit_000176,HongKong,11,14,131.9,21,2.4649,1e-05,0.18555,0.5463,22.337452,114.17898,21|1|18|10|27,0.0943|0.0827|0.0634|0.0532|0.0497,
unit_000177,HongKong,35,39,854.9,31,2.4593,7e-05,0.07532,0.5188,22.34031,114.17434,31|7|16|22|10,0.1180|0.0775|0.0703|0.0666|0.0587,
unit_000178,HongKong,11,15,168.8,1,2.316,1e-05,0.17678,0.5441,22.336541,114.178339,1|16|7|31|3,0.0854|0.0789|0.0717|0.0652|0.0405,
unit_000181,HongKong,39,39,598.2,1,2.1474,0.0,0.0,0.5,22.316812,114.163672,1|3|21|31|27,0.1205|0.0743|0.0732|0.0641|0.0431,
unit_000182,HongKong,9,9,159.0,1,2.3393,0.0,0.0,0.5,22.318743,114.164373,1|31|3|16|13,0.1025|0.0780|0.0643|0.0607|0.0376,
unit_000183,HongKong,36,36,1080.2,1,2.3801,0.0,0.20138,0.5502,22.319437,114.160147,1|16|2|31|3,0.1103|0.0647|0.0613|0.0506|0.0466,
unit_000184,HongKong,24,24,463.4,1,2.4638,0.0,0.0,0.5,22.276465,114.16541,1|31|21|3|16,0.1113|0.0822|0.0646|0.0600|0.0523,
unit_000185,HongKong,50,50,888.4,1,2.2908,0.0,0.0,0.5,22.276832,114.185321,1|21|13|27|31,0.0928|0.0676|0.0540|0.0516|0.0385,
unit_000186,HongKong,63,102,1172.2,1,2.4812,7e-05,0.05854,0.5146,22.281453,114.181382,1|3|10|22|31,0.0948|0.0635|0.0471|0.0451|0.0437,
unit_000187,HongKong,23,23,454.0,31,2.397,0.0,0.0,0.5,22.274437,114.188437,31|1|16|10|21,0.0888|0.0743|0.0626|0.0518|0.0413,
unit_000188,HongKong,25,25,511.8,21,2.3624,0.0,0.0,0.5,22.275871,114.189821,21|31|1|7|22,0.0835|0.0790|0.0670|0.0649|0.0458,
unit_000189,HongKong,71,71,739.4,1,2.1634,1e-05,0.0,0.5,22.27874,114.192046,1|7|23|16|13,0.1277|0.0987|0.0548|0.0384|0.0366,
unit_000190,HongKong,19,22,392.4,18,2.44,0.0,0.08549,0.5214,22.250097,114.171014,18|21|1|3|10,0.1068|0.0689|0.0645|0.0584|0.0412,
unit_000194,HongKong,7,7,154.5,1,2.4475,0.0,0.07631,0.5191,22.267488,114.233618,1|21|31|2|27,0.1034|0.0928|0.0706|0.0616|0.0515,
unit_000195,HongKong,8,8,180.2,1,2.2933,0.0,0.07631,0.5191,22.26576,114.233779,1|21|31|23|27,0.0980|0.0936|0.0895|0.0589|0.0538,
unit_000196,HongKong,18,20,354.7,31,2.3186,0.0,0.0,0.5,22.268647,114.235261,31|1|16|7|13,0.1034|0.0837|0.0747|0.0654|0.0429,
unit_000197,HongKong,68,73,1388.4,1,2.4679,3e-05,0.0,0.5,22.273342,114.179666,1|21|18|31|10,0.0865|0.0848|0.0839|0.0432|0.0401,
unit_000198,HongKong,39,41,599.0,1,2.3156,0.0,0.08733,0.5218,22.269676,114.183323,1|10|16|21|31,0.1012|0.0691|0.0628|0.0573|0.0533,
unit_000199,HongKong,16,16,222.8,7,2.4225,0.0,0.0,0.5,22.274151,114.183574,7|1|21|31|23,0.0913|0.0840|0.0759|0.0662|0.0414,
unit_000200,HongKong,29,29,428.9,1,2.337,0.0,0.0,0.5,22.283703,114.192518,1|27|21|16|18,0.1317|0.0686|0.0615|0.0363|0.0336,
unit_000201,HongKong,56,80,899.5,1,2.497,4e-05,0.0,0.5,22.276722,114.194709,1|16|31|7|10,0.1075|0.0765|0.0698|0.0518|0.0507,
unit_000202,HongKong,26,26,511.3,1,2.5028,0.0,0.36146,0.5894,22.284538,114.19527,1|31|10|16|27,0.0955|0.0938|0.0768|0.0652|0.0577,
unit_000203,HongKong,8,8,178.7,21,2.205,0.0,0.36146,0.5894,22.28288,114.194814,21|27|22|23|2,0.1218|0.1162|0.0590|0.0579|0.0462,
unit_000204,HongKong,8,8,178.7,27,2.3743,0.0,0.0,0.5,22.281041,114.193646,27|21|22|2|31,0.1262|0.0825|0.0655|0.0470|0.0468,
unit_000205,HongKong,36,36,690.2,1,2.5206,0.0,0.0,0.5,22.286531,114.195236,1|21|27|10|31,0.0986|0.0774|0.0678|0.0610|0.0578,
unit_000206,HongKong,39,39,1022.6,1,2.073,0.0,0.0,0.5,22.291078,114.203309,1|21|7|16|23,0.1389|0.0536|0.0421|0.0405|0.0359,
unit_000207,HongKong,16,16,293.9,21,2.4037,0.0,0.0,0.5,22.287737,114.205011,21|7|1|31|27,0.0963|0.0940|0.0865|0.0702|0.0555,
unit_000208,HongKong,32,34,573.5,31,2.37,0.0,0.06087,0.5152,22.288418,114.202857,31|21|7|16|1,0.1080|0.1066|0.0816|0.0745|0.0565,
unit_000209,HongKong,8,8,175.4,31,2.4563,0.0,0.0,0.5,22.289341,114.20706,31|22|23|21|7,0.0954|0.0839|0.0659|0.0590|0.0570,
unit_000210,HongKong,7,7,151.0,7,2.4331,0.0,0.06087,0.5152,22.288351,114.201404,7|31|1|16|10,0.0875|0.0772|0.0709|0.0684|0.0593,
unit_000211,HongKong,8,8,176.1,31,2.467,0.0,0.0,0.5,22.288043,114.1983,31|2|27|23|10,0.1221|0.0623|0.0612|0.0592|0.0536,
unit_000212,HongKong,30,36,482.5,21,2.5011,6e-05,0.0,0.5,22.283729,114.199143,21|31|1|10|7,0.1036|0.0771|0.0752|0.0720|0.0611,
unit_000213,HongKong,15,15,305.9,18,2.2618,0.0,0.0,0.5,22.294067,114.205231,18|1|10|16|3,0.1244|0.0753|0.0468|0.0417|0.0396,
unit_000215,HongKong,20,30,431.2,18,2.5962,8e-05,0.0,0.5,22.281583,114.234546,18|21|27|16|3,0.0784|0.0763|0.0715|0.0660|0.0582,
unit_000216,HongKong,10,10,176.5,21,2.4439,0.0,0.0,0.5,22.271957,114.239044,21|31|1|16|2,0.1339|0.0700|0.0681|0.0613|0.0516,
unit_000217,HongKong,22,27,529.4,18,2.5204,6e-05,0.0,0.5,22.275777,114.23811,18|21|23|31|2,0.1127|0.0823|0.0750|0.0512|0.0449,
unit_000218,HongKong,13,13,257.3,10,2.513,0.0,0.0,0.5,22.29102,114.211522,10|1|31|16|13,0.0826|0.0763|0.0761|0.0604|0.0575,
unit_000219,HongKong,17,28,360.7,18,2.4251,0.0001,0.0,0.5,22.293113,114.207666,18|1|16|10|2,0.0902|0.0705|0.0664|0.0432|0.0424,
unit_000220,HongKong,5,5,104.6,18,2.2618,0.0,0.0,0.5,22.293357,114.205464,18|1|10|16|3,0.1244|0.0753|0.0468|0.0417|0.0396,
unit_000221,HongKong,8,8,178.9,18,2.2618,0.0,0.0,0.5,22.293878,114.205208,18|1|10|16|3,0.1244|0.0753|0.0468|0.0417|0.0396,
unit_000222,HongKong,7,7,158.3,18,2.2618,0.0,0.0,0.5,22.293648,114.205408,18|1|10|16|3,0.1244|0.0753|0.0468|0.0417|0.0396,
unit_000224,HongKong,14,23,281.5,18,2.3689,7e-05,0.07486,0.5187,22.293259,114.207791,18|16|1|10|31,0.1056|0.0677|0.0647|0.0484|0.0428,
unit_000225,HongKong,3,3,51.1,27,2.4464,0.0,0.0,0.5,22.263703,114.190987,27|7|3|21|22,0.0706|0.0556|0.0531|0.0521|0.0482,
unit_000226,HongKong,24,24,467.8,7,2.195,0.0,0.11156,0.5279,22.26254,114.190134,7|31|16|21|1,0.1096|0.0944|0.0855|0.0657|0.0482,
unit_000227,HongKong,10,10,166.4,1,2.2849,0.0,0.0,0.5,22.291781,114.20872,1|16|2|7|14,0.1153|0.0644|0.0461|0.0431|0.0389,
unit_000228,HongKong,34,34,781.8,1,2.4088,0.0,0.0,0.5,22.311881,114.261689,1|3|31|16|27,0.1200|0.0831|0.0629|0.0448|0.0434,
unit_000229,HongKong,43,43,1015.3,1,2.432,0.0,0.0,0.5,22.308212,114.258213,1|3|21|16|31,0.1378|0.0637|0.0556|0.0484|0.0481,
unit_000230,HongKong,42,42,952.4,1,2.312,0.0,0.0,0.5,22.30921,114.260729,1|3|21|31|27,0.1413|0.0709|0.0689|0.0481|0.0380,
unit_000231,HongKong,12,17,275.1,21,2.5522,3e-05,0.1454,0.5363,22.312218,114.256589,21|18|31|1|10,0.1067|0.0917|0.0785|0.0569|0.0489,
unit_000232,HongKong,28,28,501.1,1,2.4917,0.0,0.1454,0.5363,22.313891,114.257678,1|13|10|31|16,0.0720|0.0688|0.0666|0.0607|0.0559,
unit_000233,HongKong,12,16,283.2,31,2.4424,5e-05,0.0,0.5,22.308439,114.253667,31|1|3|22|16,0.1082|0.0940|0.0679|0.0611|0.0601,
unit_000234,HongKong,37,37,569.2,1,2.3763,0.0,0.0,0.5,22.305939,114.252482,1|16|3|10|31,0.1343|0.0532|0.0476|0.0406|0.0358,
unit_000235,HongKong,38,38,539.4,1,2.4665,0.0,0.0,0.5,22.304711,114.253673,1|16|31|3|21,0.0924|0.0849|0.0839|0.0617|0.0530,
unit_000236,HongKong,18,18,300.4,1,2.4254,0.0,0.06673,0.5167,22.303075,114.24999,1|31|7|21|10,0.1012|0.0821|0.0814|0.0493|0.0491,
unit_000237,HongKong,44,78,733.8,31,2.5077,2e-05,0.06673,0.5167,22.303902,114.249175,31|1|10|16|27,0.1172|0.0822|0.0791|0.0741|0.0544,
unit_000238,HongKong,22,22,434.4,27,2.4455,0.0,0.0,0.5,22.307995,114.250165,27|16|31|23|2,0.1274|0.0907|0.0784|0.0604|0.0492,
unit_000239,HongKong,25,25,328.3,1,1.85,0.0,0.0,0.5,22.276079,114.170125,1|7|23|16|21,0.1560|0.0698|0.0566|0.0456|0.0158,
unit_000240,HongKong,30,30,614.6,23,2.3723,0.0,0.10778,0.5269,22.276,114.16348,23|21|31|27|22,0.0956|0.0936|0.0842|0.0543|0.0518,
unit_000241,HongKong,9,9,99.8,1,1.8742,0.0,0.0,0.5,22.315908,114.169196,1|7|23|16|13,0.1391|0.0819|0.0665|0.0510|0.0457,
unit_000242,HongKong,13,13,175.4,1,1.992,0.0,0.0,0.5,22.318027,114.171418,1|7|23|21|16,0.1361|0.0623|0.0584|0.0501|0.0459,
unit_000243,HongKong,18,18,175.1,1,2.0977,0.0,0.0,0.5,22.319981,114.167946,1|23|7|21|13,0.1381|0.0557|0.0434|0.0369|0.0266,
unit_000244,HongKong,23,23,355.3,1,1.9936,0.0,0.0,0.5,22.314364,114.170392,1|23|21|7|16,0.1434|0.0539|0.0422|0.0351|0.0206,
unit_000245,HongKong,37,37,510.3,14,2.2176,0.0,0.0,0.5,22.320982,114.17024,14|10|1|7|18,0.0624|0.0611|0.0553|0.0526|0.0379,
unit_000246,HongKong,24,24,306.8,1,1.9896,0.0,0.07724,0.5193,22.328903,114.189771,1|16|7|23|3,0.1221|0.0610|0.0430|0.0417|0.0215,
unit_000247,HongKong,36,36,695.8,1,2.3812,0.0,0.29214,0.5725,22.333338,114.190638,1|21|31|7|16,0.0925|0.0856|0.0818|0.0794|0.0736,
unit_000248,HongKong,22,22,315.8,1,2.266,0.0,0.0,0.5,22.320316,114.189306,1|7|23|21|13,0.1307|0.0849|0.0617|0.0579|0.0423,
unit_000249,HongKong,37,41,675.3,1,2.2522,2e-05,0.0,0.5,22.317703,114.187575,1|7|21|23|3,0.1150|0.0402|0.0392|0.0380|0.0326,
unit_000250,HongKong,24,24,260.6,1,1.9587,0.0,0.0,0.5,22.331626,114.161149,1|7|23|16|13,0.1483|0.0619|0.0576|0.0475|0.0232,
unit_000251,HongKong,66,74,1104.5,1,2.2897,3e-05,0.0,0.5,22.284614,114.214255,1|16|31|10|2,0.1201|0.0501|0.0486|0.0398|0.0231,
unit_000252,HongKong,8,8,177.8,31,2.4046,0.0,0.0,0.5,22.274344,114.170884,31|21|1|7|16,0.1154|0.0857|0.0741|0.0711|0.0701,
unit_000253,HongKong,51,62,900.8,1,2.4219,4e-05,0.0,0.5,22.308183,114.263522,1|3|31|21|27,0.1136|0.0906|0.0692|0.0549|0.0510,
unit_000254,HongKong,8,8,183.4,1,2.3379,0.0,0.0,0.5,22.305984,114.257017,1|31|13|16|18,0.1021|0.0726|0.0710|0.0680|0.0610,
unit_000255,HongKong,35,35,621.6,1,2.1891,0.0,0.0,0.5,22.304821,114.261278,1|16|3|31|27,0.1168|0.0639|0.0635|0.0621|0.0305,
unit_000256,HongKong,8,10,185.1,31,2.4726,0.0,0.0,0.5,22.315267,114.260704,31|22|16|18|21,0.0843|0.0760|0.0735|0.0654|0.0599,
unit_000257,HongKong,8,13,178.6,31,2.5231,3e-05,0.0,0.5,22.315414,114.26082,31|18|22|16|21,0.0855|0.0788|0.0727|0.0689|0.0614,
unit_000258,HongKong,20,20,358.3,16,2.1578,0.0,0.0,0.5,22.317395,114.252141,16|31|22|21|18,0.1103|0.1089|0.0916|0.0663|0.0608,
unit_000259,HongKong,4,4,55.2,16,2.1578,0.0,0.0,0.5,22.317214,114.252461,16|31|22|21|18,0.1103|0.1089|0.0916|0.0663|0.0608,
unit_000260,HongKong,32,32,661.9,22,2.3845,0.0,0.0,0.5,22.318558,114.249087,22|3|13|23|21,0.1405|0.0549|0.0542|0.0530|0.0406,
unit_000261,HongKong,6,6,126.7,18,2.4653,0.0,0.0,0.5,22.316549,114.260568,18|31|13|1|21,0.1259|0.0602|0.0601|0.0575|0.0470,
unit_000262,HongKong,4,4,78.5,18,2.4653,0.0,0.0,0.5,22.316817,114.260558,18|31|13|1|21,0.1259|0.0602|0.0601|0.0575|0.0470,
unit_000263,HongKong,32,43,703.0,18,2.5451,9e-05,0.0,0.5,22.316028,114.260795,18|31|21|1|13,0.1130|0.0704|0.0531|0.0517|0.0463,
unit_000264,HongKong,25,26,510.4,31,2.5351,0.0,0.13126,0.5328,22.320023,114.256105,31|18|21|22|23,0.0964|0.0953|0.0773|0.0707|0.0671,
unit_000265,HongKong,26,26,530.1,1,2.3116,0.0,0.0,0.5,22.318985,114.25849,1|31|3|21|10,0.1061|0.0813|0.0719|0.0701|0.0654,
unit_000266,HongKong,8,8,181.9,21,2.4161,0.0,0.0,0.5,22.317355,114.257033,21|3|22|31|27,0.1057|0.0891|0.0724|0.0704|0.0593,
unit_000267,HongKong,22,22,338.8,1,2.1776,0.0,0.11372,0.5284,22.321898,114.257756,1|16|2|10|14,0.1191|0.0686|0.0544|0.0417|0.0327,
unit_000268,HongKong,8,8,175.9,31,2.321,0.0,0.0,0.5,22.323211,114.253245,31|1|3|16|27,0.0913|0.0833|0.0618|0.0616|0.0485,
unit_000269,HongKong,6,6,75.4,7,2.4506,0.0,0.0,0.5,22.325434,114.251373,7|31|21|16|13,0.1109|0.0916|0.0773|0.0711|0.0488,
unit_000270,HongKong,22,22,337.9,21,2.4079,0.0,0.07376,0.5184,22.325775,114.250266,21|16|31|22|18,0.1123|0.1027|0.0988|0.0739|0.0670,
unit_000271,HongKong,5,5,100.9,31,2.4471,0.0,0.0,0.5,22.321977,114.253489,31|16|18|27|1,0.1120|0.0967|0.0754|0.0681|0.0490,
unit_000272,HongKong,7,7,157.4,3,2.3951,0.0,0.11707,0.5292,22.324612,114.259432,3|31|1|21|7,0.1028|0.0941|0.0851|0.0770|0.0494,
unit_000273,HongKong,9,10,201.8,31,2.3599,0.0,0.14449,0.5361,22.327625,114.259298,31|16|21|7|22,0.1027|0.0987|0.0985|0.0888|0.0719,
unit_000274,HongKong,16,28,353.2,27,2.4981,3e-05,0.14449,0.5361,22.32688,114.260633,27|7|1|3|21,0.0893|0.0854|0.0758|0.0675|0.0489,
unit_000275,HongKong,8,8,178.3,1,2.3103,0.0,0.0,0.5,22.324271,114.254431,1|31|3|21|10,0.1316|0.0784|0.0642|0.0503|0.0408,
unit_000276,HongKong,9,10,201.8,31,2.3599,0.0,0.14449,0.5361,22.327625,114.259298,31|16|21|7|22,0.1027|0.0987|0.0985|0.0888|0.0719,
unit_000277,HongKong,32,32,512.5,3,2.414,0.0,0.0,0.5,22.327675,114.250394,3|1|7|27|31,0.0917|0.0763|0.0687|0.0631|0.0570,
unit_000278,HongKong,13,15,227.1,22,2.4261,1e-05,0.10413,0.526,22.329013,114.25054,22|3|13|23|7,0.1028|0.0899|0.0845|0.0813|0.0727,
unit_000279,HongKong,12,12,152.7,1,1.9969,0.0,0.0,0.5,22.306928,114.170783,1|7|16|23|10,0.1299|0.0565|0.0559|0.0423|0.0258,
unit_000280,HongKong,5,5,100.9,31,2.4471,0.0,0.0,0.5,22.321977,114.253489,31|16|18|27|1,0.1120|0.0967|0.0754|0.0681|0.0490,
unit_000281,HongKong,33,42,565.7,1,2.3523,3e-05,0.0,0.5,22.318938,114.266385,1|31|3|16|13,0.1062|0.0921|0.0610|0.0503|0.0490,
unit_000282,HongKong,7,7,154.2,31,2.3356,0.0,0.0,0.5,22.315757,114.269467,31|3|1|27|21,0.0953|0.0828|0.0802|0.0798|0.0768,
unit_000283,HongKong,22,22,449.9,21,2.5,0.0,0.0,0.5,22.320595,114.26584,21|23|31|10|1,0.1083|0.0850|0.0657|0.0624|0.0623,
unit_000284,HongKong,8,8,179.4,21,2.4052,0.0,0.0,0.5,22.323155,114.265773,21|22|23|31|27,0.1170|0.1000|0.0644|0.0623|0.0547,
unit_000286,HongKong,61,72,842.2,3,2.4142,0.0,0.09753,0.5244,22.32295,114.269008,3|31|16|21|22,0.1088|0.0781|0.0762|0.0760|0.0532,
unit_000288,HongKong,8,8,179.4,21,2.4052,0.0,0.0,0.5,22.323155,114.265773,21|22|23|31|27,0.1170|0.1000|0.0644|0.0623|0.0547,
unit_000289,HongKong,8,8,175.5,7,2.152,0.0,0.0,0.5,22.321462,114.272846,7|31|13|27|16,0.1116|0.0959|0.0769|0.0610|0.0360,
unit_000290,HongKong,34,40,631.9,31,2.3859,3e-05,0.0,0.5,22.32,114.274477,31|27|7|23|13,0.0887|0.0797|0.0751|0.0735|0.0583,
unit_000292,HongKong,24,36,476.4,1,2.4833,1e-05,0.0,0.5,22.3154,114.270384,1|3|7|22|31,0.0780|0.0735|0.0688|0.0657|0.0543,
unit_000293,HongKong,31,34,591.7,21,2.4685,7e-05,0.0,0.5,22.30982,114.266527,21|18|3|27|22,0.0963|0.0844|0.0682|0.0632|0.0565,
unit_000294,HongKong,13,13,190.8,27,2.4124,0.0,0.0,0.5,22.308805,114.266613,27|18|16|1|21,0.0803|0.0756|0.0722|0.0719|0.0615,
unit_000297,HongKong,8,8,149.2,18,2.4796,0.0,0.0,0.5,22.306241,114.266974,18|10|27|31|3,0.0955|0.0754|0.0701|0.0570|0.0488,
unit_000298,HongKong,32,32,471.6,21,2.4793,0.0,0.0,0.5,22.307016,114.268353,21|27|16|1|13,0.0855|0.0726|0.0700|0.0682|0.0600,
unit_000299,HongKong,42,42,857.2,1,2.3849,0.0,0.0,0.5,22.295539,114.273349,1|3|13|16|21,0.1045|0.0672|0.0531|0.0438|0.0405,
unit_000300,HongKong,37,37,629.5,1,2.4137,0.0,0.0,0.5,22.294718,114.271674,1|31|27|3|10,0.1033|0.0781|0.0567|0.0540|0.0517,
unit_000301,HongKong,43,43,565.8,1,2.3889,0.0,0.0,0.5,22.289959,114.27407,1|16|7|10|3,0.0875|0.0800|0.0600|0.0554|0.0514,
unit_000302,HongKong,40,47,727.3,1,2.3761,3e-05,0.29354,0.5729,22.292432,114.273448,1|3|21|13|10,0.1012|0.0793|0.0753|0.0502|0.0408,
unit_000303,HongKong,28,28,420.8,21,2.3561,0.0,0.0,0.5,22.287736,114.271795,21|1|3|2|10,0.0839|0.0745|0.0588|0.0572|0.0561,
unit_000304,HongKong,8,8,175.9,21,2.3602,0.0,0.0,0.5,22.284902,114.2705,21|7|16|1|31,0.1219|0.1056|0.0631|0.0560|0.0503,
unit_000305,HongKong,40,58,836.6,16,2.3676,4e-05,0.07226,0.518,22.283195,114.269587,16|3|10|1|7,0.0886|0.0745|0.0713|0.0670|0.0609,
unit_000306,HongKong,6,8,108.5,13,2.3802,0.0,0.0552,0.5138,22.283889,114.267915,13|2|10|3|16,0.0661|0.0639|0.0538|0.0505|0.0504,
unit_000307,HongKong,8,8,175.9,21,2.3602,0.0,0.0,0.5,22.284902,114.2705,21|7|16|1|31,0.1219|0.1056|0.0631|0.0560|0.0503,
unit_000308,HongKong,8,8,177.2,7,2.4834,0.0,0.08932,0.5223,22.281634,114.269712,7|13|3|21|10,0.0616|0.0595|0.0593|0.0565|0.0546,
unit_000309,HongKong,7,7,151.9,7,2.4757,0.0,0.0,0.5,22.279937,114.271782,7|16|31|27|3,0.0991|0.0776|0.0660|0.0486|0.0467,
unit_000310,HongKong,47,51,847.2,7,2.4011,7e-05,0.0,0.5,22.281805,114.273589,7|21|16|10|13,0.0919|0.0825|0.0730|0.0662|0.0586,
unit_000311,HongKong,7,7,151.9,7,2.4757,0.0,0.0,0.5,22.279937,114.271782,7|16|31|27|3,0.0991|0.0776|0.0660|0.0486|0.0467,
unit_000312,HongKong,8,8,177.2,7,2.4834,0.0,0.08932,0.5223,22.281634,114.269712,7|13|3|21|10,0.0616|0.0595|0.0593|0.0565|0.0546,
unit_000313,HongKong,26,26,531.2,21,2.353,0.0,0.0,0.5,22.287294,114.273794,21|7|1|2|16,0.0952|0.0835|0.0661|0.0629|0.0591,
unit_000314,HongKong,12,12,265.0,1,2.4508,0.0,0.0,0.5,22.289421,114.271741,1|21|10|3|31,0.0933|0.0813|0.0683|0.0665|0.0599,
unit_000315,HongKong,32,32,552.3,1,2.4276,0.0,0.0,0.5,22.263108,114.237207,1|31|21|3|2,0.1327|0.0648|0.0536|0.0521|0.0428,
unit_000316,HongKong,24,24,313.5,1,2.5276,0.0,0.0,0.5,22.263215,114.239658,1|10|31|7|13,0.0779|0.0742|0.0639|0.0598|0.0506,
unit_000320,HongKong,30,30,892.6,10,2.5366,0.0,0.0,0.5,22.261802,114.232308,10|1|23|31|21,0.0991|0.0869|0.0713|0.0712|0.0498,
unit_000322,HongKong,17,17,189.3,1,2.2022,0.0,0.0,0.5,22.264648,114.239755,1|7|16|21|2,0.1346|0.0591|0.0522|0.0504|0.0504,
unit_000323,HongKong,20,20,354.1,31,2.4733,0.0,0.0,0.5,22.262936,114.187202,31|22|16|10|14,0.0965|0.0669|0.0581|0.0432|0.0432,
unit_000325,HongKong,8,8,180.6,16,2.3654,0.0,0.07924,0.5198,22.257992,114.196918,16|22|27|31|23,0.1126|0.1072|0.0815|0.0728|0.0538,
unit_000326,HongKong,12,14,258.1,16,2.2954,0.0,0.07924,0.5198,22.258136,114.198407,16|31|22|2|7,0.1090|0.0898|0.0632|0.0475|0.0430,
unit_000327,HongKong,76,81,1853.2,1,2.4828,5e-05,0.0,0.5,22.264883,114.249594,1|16|3|31|2,0.1201|0.0591|0.0529|0.0505|0.0461,
unit_000328,HongKong,11,11,226.3,21,2.5064,0.0,0.0,0.5,22.335323,114.178802,21|1|31|7|3,0.1208|0.0614|0.0562|0.0518|0.0462,
unit_000329,HongKong,6,6,132.9,7,2.2112,0.0,0.11802,0.5295,22.331699,114.177949,7|21|13|31|27,0.1065|0.0893|0.0765|0.0603|0.0568,
unit_000330,HongKong,20,21,248.6,7,2.3145,0.0,0.11802,0.5295,22.330381,114.178187,7|31|27|16|13,0.0978|0.0780|0.0523|0.0484|0.0383,
unit_000331,HongKong,20,20,321.9,16,2.2787,0.0,0.15265,0.5381,22.327085,114.176448,16|1|21|31|7,0.0935|0.0795|0.0687|0.0658|0.0617,
unit_000332,HongKong,23,23,380.5,2,2.4616,0.0,0.0,0.5,22.269045,114.239417,2|18|31|1|3,0.0865|0.0852|0.0721|0.0685|0.0673,
unit_000333,HongKong,32,32,534.7,10,2.5472,0.0,0.0,0.5,22.271674,114.241278,10|1|3|21|2,0.0746|0.0685|0.0663|0.0623|0.0541,
unit_000334,HongKong,29,29,435.3,31,2.4797,0.0,0.0,0.5,22.26748,114.239318,31|7|1|21|13,0.1025|0.0885|0.0799|0.0746|0.0638,
unit_000335,HongKong,4,4,77.1,2,2.4616,0.0,0.0,0.5,22.269832,114.23874,2|18|31|1|3,0.0865|0.0852|0.0721|0.0685|0.0673,
unit_000336,HongKong,24,24,368.5,16,2.4563,0.0,0.0,0.5,22.273935,114.241696,16|31|1|7|10,0.0969|0.0751|0.0658|0.0556|0.0522,
unit_000337,HongKong,7,7,162.3,1,2.3756,0.0,0.0,0.5,22.27538,114.241272,1|21|3|23|31,0.1040|0.0874|0.0722|0.0409|0.0395,
unit_000338,HongKong,7,7,154.1,31,2.4919,0.0,0.0,0.5,22.279034,114.237823,31|16|1|3|27,0.1076|0.0759|0.0671|0.0571|0.0516,
unit_000339,HongKong,9,13,201.5,22,2.471,2e-05,0.09517,0.5238,22.277519,114.236381,22|31|23|18|16,0.1348|0.0823|0.0746|0.0639|0.0489,
unit_000342,HongKong,8,13,179.0,1,2.5441,0.0,0.0583,0.5146,22.267755,114.234945,1|31|7|27|21,0.0989|0.0864|0.0814|0.0632|0.0547,
unit_000345,HongKong,8,13,179.0,1,2.5441,0.0,0.0583,0.5146,22.267755,114.234945,1|31|7|27|21,0.0989|0.0864|0.0814|0.0632|0.0547,
unit_000347,HongKong,13,13,216.4,1,2.4192,0.0,0.0,0.5,22.264088,114.236233,1|7|31|21|16,0.1359|0.0838|0.0567|0.0553|0.0532,
unit_000348,HongKong,25,25,515.6,22,2.3929,0.0,0.0,0.5,22.259639,114.238116,22|31|23|7|2,0.1041|0.0980|0.0955|0.0685|0.0580,
unit_000349,HongKong,10,16,229.5,22,2.3681,3e-05,0.0,0.5,22.259065,114.235169,22|27|31|23|16,0.1062|0.1006|0.0875|0.0732|0.0715,
unit_000350,HongKong,8,8,178.5,22,2.4345,0.0,0.0,0.5,22.257515,114.233616,22|27|21|7|10,0.1122|0.1032|0.0839|0.0687|0.0507,
unit_000351,HongKong,10,10,178.2,31,2.3698,0.0,0.0,0.5,22.256818,114.230925,31|27|23|22|1,0.1005|0.0736|0.0735|0.0638|0.0533,
unit_000352,HongKong,7,7,150.1,7,2.482,0.0,0.0,0.5,22.26096,114.240535,7|31|16|21|27,0.0858|0.0851|0.0806|0.0788|0.0733,
unit_000353,HongKong,8,8,175.1,27,2.4521,0.0,0.0,0.5,22.262809,114.24282,27|31|22|18|10,0.0968|0.0925|0.0780|0.0582|0.0446,
unit_000354,HongKong,8,8,175.1,22,2.2843,0.0,0.0,0.5,22.262289,114.245403,22|31|21|23|7,0.1288|0.1053|0.0690|0.0613|0.0600,
unit_000355,HongKong,8,8,175.1,22,2.4054,0.0,0.08158,0.5204,22.260629,114.246669,22|27|10|23|21,0.1058|0.0999|0.0666|0.0649|0.0634,
unit_000356,HongKong,9,10,200.1,27,2.3679,1e-05,0.08158,0.5204,22.259161,114.247383,27|16|21|22|31,0.0987|0.0902|0.0566|0.0564|0.0521,
unit_000357,HongKong,8,8,175.1,22,2.3168,0.0,0.09478,0.5237,22.257978,114.249363,22|23|27|31|2,0.0921|0.0916|0.0816|0.0619|0.0595,
unit_000358,HongKong,8,8,175.1,23,2.2353,0.0,0.09478,0.5237,22.256936,114.250531,23|22|31|3|10,0.1025|0.0898|0.0892|0.0522|0.0439,
unit_000359,HongKong,7,7,150.1,22,2.2255,0.0,0.07804,0.5195,22.256197,114.252691,22|23|31|3|16,0.1506|0.0723|0.0707|0.0451|0.0403,
unit_000361,HongKong,7,7,150.1,21,2.316,0.0,0.10523,0.5263,22.25554,114.254153,21|23|22|27|2,0.0954|0.0908|0.0903|0.0889|0.0534,
unit_000362,HongKong,22,24,443.7,22,2.3864,0.0,0.12904,0.5322,22.25403,114.254136,22|10|7|27|21,0.0976|0.0896|0.0724|0.0721|0.0496,
unit_000364,HongKong,7,7,157.1,7,2.4668,0.0,0.0,0.5,22.264027,114.241504,7|1|31|3|16,0.0883|0.0838|0.0756|0.0553|0.0536,
unit_000365,HongKong,22,22,357.3,1,2.2417,0.0,0.0,0.5,22.265195,114.244435,1|31|7|13|16,0.0960|0.0903|0.0875|0.0552|0.0354,
unit_000366,HongKong,7,7,157.1,7,2.4668,0.0,0.0,0.5,22.264027,114.241504,7|1|31|3|16,0.0883|0.0838|0.0756|0.0553|0.0536,
unit_000368,HongKong,13,13,149.6,1,2.2417,0.0,0.0,0.5,22.265792,114.244492,1|31|7|13|16,0.0960|0.0903|0.0875|0.0552|0.0354,
unit_000369,HongKong,35,41,602.0,1,2.3832,2e-05,0.0,0.5,22.267171,114.244145,1|7|16|21|3,0.1182|0.0711|0.0625|0.0455|0.0451,
unit_000370,HongKong,21,21,351.5,1,2.1577,0.0,0.0,0.5,22.267981,114.246068,1|16|7|21|31,0.0976|0.0952|0.0948|0.0779|0.0374,
unit_000372,HongKong,8,8,175.4,31,2.4563,0.0,0.0,0.5,22.289341,114.20706,31|22|23|21|7,0.0954|0.0839|0.0659|0.0590|0.0570,
unit_000373,HongKong,8,8,176.2,10,2.513,0.0,0.0,0.5,22.291356,114.211586,10|1|31|16|13,0.0826|0.0763|0.0761|0.0604|0.0575,
unit_000374,HongKong,23,27,352.9,1,1.986,0.0,0.0,0.5,22.288472,114.210789,1|7|23|21|13,0.1269|0.0697|0.0580|0.0563|0.0326,
unit_000375,HongKong,8,8,176.2,10,2.513,0.0,0.0,0.5,22.291356,114.211586,10|1|31|16|13,0.0826|0.0763|0.0761|0.0604|0.0575,
unit_000376,HongKong,19,19,351.8,1,2.3121,0.0,0.0,0.5,22.288308,114.209952,1|2|7|21|23,0.1117|0.0642|0.0542|0.0464|0.0342,
unit_000377,HongKong,9,9,204.2,18,2.4826,0.0,0.0,0.5,22.289114,114.216918,18|16|31|2|14,0.0977|0.0835|0.0701|0.0586|0.0546,
unit_000378,HongKong,33,38,672.5,18,2.4704,4e-05,0.0,0.5,22.287868,114.22104,18|21|31|3|1,0.1239|0.0705|0.0699|0.0682|0.0676,
unit_000379,HongKong,6,6,133.4,18,2.4826,0.0,0.0,0.5,22.288831,114.216351,18|16|31|2|14,0.0977|0.0835|0.0701|0.0586|0.0546,
unit_000380,HongKong,5,5,100.9,18,2.4826,0.0,0.0,0.5,22.288754,114.216831,18|16|31|2|14,0.0977|0.0835|0.0701|0.0586|0.0546,
unit_000381,HongKong,18,18,331.0,18,2.5129,0.0,0.0,0.5,22.287876,114.21312,18|31|1|16|2,0.1087|0.0609|0.0608|0.0599|0.0524,
unit_000382,HongKong,10,10,181.1,1,2.202,0.0,0.0,0.5,22.285998,114.211026,1|21|23|2|31,0.0848|0.0696|0.0649|0.0581|0.0512,
unit_000383,HongKong,17,17,125.4,1,2.0173,0.0,0.0,0.5,22.288337,114.192956,1|16|7|10|21,0.1227|0.0625|0.0591|0.0470|0.0373,
unit_000384,HongKong,38,38,575.0,22,2.2698,0.0,0.0,0.5,22.301495,114.294544,22|27|31|23|16,0.1215|0.1055|0.0579|0.0556|0.0515,
unit_000386,HongKong,18,20,302.0,21,2.3623,0.0,0.07991,0.52,22.295487,114.291,21|23|22|16|31,0.1143|0.0947|0.0861|0.0828|0.0776,
unit_000387,HongKong,7,8,151.0,22,2.3478,0.0,0.07991,0.52,22.29414,114.290015,22|23|21|27|2,0.1188|0.1153|0.0853|0.0803|0.0415,
unit_000388,HongKong,8,8,176.2,22,2.4135,0.0,0.0,0.5,22.29063,114.289441,22|27|21|23|16,0.0879|0.0828|0.0806|0.0698|0.0597,
unit_000389,HongKong,11,16,251.6,22,2.4175,0.0001,0.05393,0.5135,22.288091,114.286458,22|23|21|27|18,0.1082|0.0823|0.0784|0.0780|0.0518,
unit_000390,HongKong,6,8,125.8,22,2.3983,0.0,0.08101,0.5202,22.286541,114.286924,22|21|27|23|3,0.1258|0.0985|0.0414|0.0397|0.0330,
unit_000391,HongKong,7,9,151.0,27,2.3094,0.0,0.10317,0.5258,22.285154,114.287025,27|22|23|2|21,0.1202|0.0905|0.0903|0.0607|0.0523,
unit_000392,HongKong,8,8,176.2,23,2.3341,0.0,0.09824,0.5245,22.283527,114.287182,23|22|27|21|18,0.0949|0.0858|0.0818|0.0719|0.0515,
unit_000393,HongKong,8,8,176.2,21,2.3274,0.0,0.0,0.5,22.281171,114.286707,21|3|10|23|18,0.0768|0.0641|0.0594|0.0567|0.0559,
unit_000394,HongKong,11,16,251.6,23,2.3697,5e-05,0.0,0.5,22.278432,114.289141,23|22|31|18|2,0.1113|0.0761|0.0726|0.0628|0.0545,
unit_000395,HongKong,8,8,176.2,22,2.3091,0.0,0.0,0.5,22.27689,114.291288,22|21|23|18|7,0.0989|0.0777|0.0651|0.0639|0.0438,
unit_000396,HongKong,8,8,177.2,22,2.4839,0.0,0.0,0.5,22.291409,114.294218,22|27|23|31|16,0.1103|0.0922|0.0789|0.0788|0.0669,
unit_000397,HongKong,8,8,177.2,22,2.2596,0.0,0.0,0.5,22.292254,114.292487,22|27|10|1|14,0.1643|0.1043|0.0371|0.0364|0.0338,
unit_000398,HongKong,21,21,320.9,18,2.4175,0.0,0.0,0.5,22.322499,114.165114,18|1|7|21|23,0.1242|0.1020|0.0520|0.0518|0.0480,
unit_000399,HongKong,49,49,734.5,18,2.4544,0.0,0.08739,0.5218,22.339605,114.165629,18|27|16|31|21,0.1208|0.0818|0.0598|0.0578|0.0556,
unit_000400,HongKong,32,44,666.0,1,2.4787,5e-05,0.0,0.5,22.336422,114.168699,1|3|7|27|31,0.1151|0.0610|0.0565|0.0556|0.0545,
unit_000401,HongKong,9,9,204.2,31,2.46,0.0,0.0,0.5,22.336312,114.165111,31|21|1|10|7,0.0970|0.0944|0.0904|0.0857|0.0599,
unit_000402,HongKong,40,50,889.8,1,2.4292,6e-05,0.0,0.5,22.334186,114.168254,1|7|31|27|16,0.1147|0.0830|0.0655|0.0521|0.0520,
unit_000403,HongKong,11,11,167.4,1,2.3217,0.0,0.0,0.5,22.322826,114.167646,1|7|16|13|3,0.1377|0.0572|0.0483|0.0370|0.0358,
unit_000405,HongKong,52,52,848.9,1,2.4674,0.0,0.10223,0.5255,22.33913,114.1793,1|2|21|31|18,0.0916|0.0746|0.0619|0.0384|0.0340,
unit_000406,HongKong,63,78,1314.1,1,2.5048,7e-05,0.07666,0.5191,22.34256,114.198602,1|21|31|3|22,0.1111|0.0899|0.0747|0.0606|0.0499,
unit_000407,HongKong,17,33,360.9,31,2.4513,2e-05,0.0,0.5,22.317253,114.158947,31|16|18|1|13,0.1152|0.0949|0.0659|0.0632|0.0550,
unit_000408,HongKong,9,9,169.5,1,2.3393,0.0,0.0,0.5,22.318626,114.164361,1|31|3|16|13,0.1025|0.0780|0.0643|0.0607|0.0376,
unit_000409,HongKong,8,8,176.5,1,2.3463,0.0,0.0,0.5,22.323694,114.161941,1|2|21|7|14,0.1112|0.0593|0.0586|0.0513|0.0392,
unit_000410,HongKong,6,6,126.1,1,2.3672,0.0,0.0,0.5,22.325881,114.160676,1|16|2|7|21,0.1183|0.0705|0.0690|0.0543|0.0520,
unit_000411,HongKong,3,3,50.4,1,2.4845,0.0,0.0,0.5,22.328131,114.157677,1|7|31|3|21,0.1132|0.0612|0.0539|0.0526|0.0520,
unit_000412,HongKong,8,13,176.5,1,2.4878,0.0,0.0,0.5,22.330881,114.154204,1|2|31|3|21,0.1150|0.0750|0.0730|0.0717|0.0515,
unit_000413,HongKong,8,8,176.5,18,2.4083,0.0,0.0,0.5,22.332412,114.152228,18|1|31|16|13,0.1199|0.0901|0.0561|0.0510|0.0440,
unit_000414,HongKong,6,6,126.1,1,2.2769,0.0,0.0,0.5,22.33567,114.149143,1|16|3|2|14,0.1190|0.0651|0.0548|0.0470|0.0316,
unit_000415,HongKong,34,34,505.9,1,2.2138,0.0,0.0,0.5,22.324861,114.165295,1|7|23|31|16,0.1437|0.0786|0.0508|0.0400|0.0346,
unit_000416,HongKong,40,40,823.2,1,2.2626,0.0,0.0572,0.5143,22.320423,114.165777,1|21|7|3|23,0.1479|0.0547|0.0474|0.0360|0.0348,
unit_000417,HongKong,15,15,206.5,1,2.1261,0.0,0.0572,0.5143,22.321791,114.164535,1|7|16|23|21,0.1417|0.0824|0.0467|0.0456|0.0258,
unit_000418,HongKong,13,13,245.6,18,2.4175,0.0,0.0,0.5,22.322464,114.165605,18|1|7|21|23,0.1242|0.1020|0.0520|0.0518|0.0480,
unit_000420,HongKong,8,8,179.1,21,2.4561,0.0,0.0,0.5,22.314193,114.166676,21|18|1|31|27,0.1107|0.0899|0.0882|0.0784|0.0573,
unit_000421,HongKong,5,5,62.9,1,2.4055,0.0,0.0,0.5,22.316739,114.166406,1|21|3|7|31,0.1169|0.0800|0.0799|0.0558|0.0532,
unit_000422,HongKong,9,9,169.8,21,2.4561,0.0,0.0,0.5,22.314471,114.167004,21|18|1|31|27,0.1107|0.0899|0.0882|0.0784|0.0573,
unit_000423,HongKong,10,10,108.1,7,2.3579,0.0,0.0,0.5,22.340284,114.159225,7|31|21|13|16,0.1451|0.0926|0.0755|0.0676|0.0537,
unit_000424,HongKong,22,22,417.3,1,2.4291,0.0,0.0,0.5,22.339062,114.158131,1|3|31|13|23,0.0966|0.0547|0.0497|0.0395|0.0385,
unit_000425,HongKong,22,22,414.9,1,2.3656,0.0,0.0,0.5,22.338567,114.160801,1|7|31|3|21,0.1306|0.0731|0.0701|0.0662|0.0601,
unit_000426,HongKong,6,6,135.9,21,2.4524,0.0,0.0,0.5,22.337565,114.161566,21|27|1|18|3,0.1096|0.0840|0.0682|0.0642|0.0574,
unit_000427,HongKong,9,9,200.5,22,2.255,0.0,0.0,0.5,22.34131,114.228223,22|23|31|2|27,0.1722|0.0693|0.0591|0.0343|0.0341,
unit_000428,HongKong,12,18,275.8,22,2.3276,5e-05,0.0,0.5,22.343737,114.227356,22|23|31|21|16,0.1601|0.0791|0.0695|0.0618|0.0597,
unit_000429,HongKong,10,10,225.6,22,2.162,0.0,0.0,0.5,22.345315,114.225645,22|27|21|23|10,0.1578|0.0580|0.0516|0.0472|0.0441,
unit_000430,HongKong,8,9,175.5,22,2.2438,1e-05,0.0543,0.5136,22.350069,114.224929,22|23|27|16|31,0.1349|0.0805|0.0672|0.0636|0.0591,
unit_000431,HongKong,11,26,250.7,22,2.2783,6e-05,0.0543,0.5136,22.351638,114.224033,22|27|23|21|18,0.1375|0.0855|0.0825|0.0558|0.0297,
unit_000432,HongKong,9,9,200.5,22,2.0485,0.0,0.0,0.5,22.35378,114.222961,22|23|27|2|21,0.1227|0.0754|0.0717|0.0408|0.0321,
unit_000433,HongKong,16,16,376.0,22,2.2573,0.0,0.0,0.5,22.355861,114.221934,22|23|27|2|21,0.1486|0.0908|0.0726|0.0597|0.0590,
unit_000434,HongKong,9,9,200.5,27,2.2053,0.0,0.0,0.5,22.353483,114.2208,27|22|18|16|10,0.1314|0.0815|0.0479|0.0460|0.0333,
unit_000435,HongKong,22,26,526.4,27,2.2898,5e-05,0.0,0.5,22.356216,114.218546,27|22|16|23|10,0.1187|0.1048|0.0627|0.0579|0.0310,
unit_000436,HongKong,8,9,175.5,27,2.2884,0.0,0.06259,0.5156,22.35587,114.215192,27|22|23|16|18,0.0995|0.0714|0.0649|0.0574|0.0395,
unit_000437,HongKong,11,13,202.1,22,2.068,0.0,0.06033,0.5151,22.355711,114.213761,22|27|23|31|2,0.1156|0.0840|0.0683|0.0573|0.0378,
unit_000438,HongKong,28,28,574.0,22,2.3351,0.0,0.0,0.5,22.33823,114.229414,22|27|31|23|16,0.1461|0.0907|0.0619|0.0603|0.0561,
unit_000439,HongKong,20,20,381.5,7,2.3694,0.0,0.0,0.5,22.316141,114.274846,7|21|27|1|3,0.1137|0.0972|0.0725|0.0560|0.0458,
unit_000440,HongKong,4,4,80.9,7,2.3694,0.0,0.0,0.5,22.31671,114.275063,7|21|27|1|3,0.1137|0.0972|0.0725|0.0560|0.0458,
unit_000441,HongKong,18,18,322.4,21,2.4193,0.0,0.0,0.5,22.308179,114.285121,21|7|22|23|31,0.1341|0.0818|0.0794|0.0605|0.0493,
unit_000442,HongKong,7,7,158.3,21,2.2565,0.0,0.0,0.5,22.306095,114.28531,21|22|23|27|31,0.1282|0.0995|0.0798|0.0546|0.0507,
unit_000443,HongKong,8,9,178.2,22,2.3434,0.0,0.0,0.5,22.308354,114.286303,22|31|7|1|13,0.1212|0.0663|0.0600|0.0436|0.0414,
unit_000444,HongKong,12,12,254.6,31,2.3708,0.0,0.0,0.5,22.308981,114.287858,31|7|21|22|27,0.1091|0.0769|0.0681|0.0658|0.0483,
unit_000445,HongKong,64,78,1327.8,22,2.3787,0.00011,0.0,0.5,22.301665,114.286639,22|23|21|31|2,0.1358|0.0767|0.0707|0.0649|0.0577,
unit_000446,HongKong,36,38,796.6,23,2.3417,7e-05,0.15598,0.5389,22.298187,114.2896,23|22|31|21|2,0.0990|0.0989|0.0976|0.0849|0.0628,
unit_000447,HongKong,9,9,151.8,21,2.4315,0.0,0.0,0.5,22.314941,114.161059,21|18|3|16|1,0.1231|0.0986|0.0785|0.0596|0.0582,
unit_000448,HongKong,12,12,244.3,21,2.4315,0.0,0.0,0.5,22.314745,114.160904,21|18|3|16|1,0.1231|0.0986|0.0785|0.0596|0.0582,
unit_000449,HongKong,4,7,75.1,31,2.4472,2e-05,0.0,0.5,22.317655,114.159766,31|16|18|1|13,0.1119|0.0934|0.0688|0.0616|0.0550,
unit_000450,HongKong,8,8,175.2,18,2.3708,0.0,0.0,0.5,22.32109,114.158078,18|21|31|1|16,0.1446|0.0925|0.0721|0.0716|0.0644,
unit_000451,HongKong,8,8,175.2,18,2.3362,0.0,0.48579,0.6191,22.32293,114.156779,18|1|13|21|31,0.1337|0.0653|0.0641|0.0610|0.0515,
unit_000452,HongKong,4,4,75.1,7,2.3273,0.0,0.48579,0.6191,22.32397,114.155914,7|21|16|31|2,0.1085|0.0993|0.0909|0.0777|0.0578,
unit_000453,HongKong,7,9,150.2,18,2.3062,1e-05,0.11624,0.529,22.328625,114.150012,18|1|31|3|16,0.1231|0.0904|0.0609|0.0415|0.0398,
unit_000454,HongKong,6,7,125.2,16,2.4164,0.0,0.11624,0.529,22.329278,114.148701,16|18|2|14|7,0.1123|0.0980|0.0762|0.0562|0.0489,
unit_000455,HongKong,10,10,196.5,16,2.3411,0.0,0.0,0.5,22.307671,114.160838,16|10|18|1|21,0.0794|0.0777|0.0752|0.0702|0.0678,
unit_000456,HongKong,7,7,155.0,21,2.4315,0.0,0.0,0.5,22.314848,114.160467,21|18|3|16|1,0.1231|0.0986|0.0785|0.0596|0.0582,
unit_000457,HongKong,8,15,180.9,31,2.4367,2e-05,0.0,0.5,22.317041,114.158978,31|16|18|1|13,0.1101|0.0935|0.0730|0.0610|0.0561,
unit_000458,HongKong,34,34,607.2,21,2.3915,0.0,0.0,0.5,22.317484,114.156913,21|1|3|2|31,0.1004|0.0845|0.0591|0.0584|0.0522,
unit_000459,HongKong,14,14,283.7,21,2.3974,0.0,0.0,0.5,22.307677,114.163748,21|3|1|18|31,0.1103|0.0818|0.0791|0.0640|0.0571,
unit_000460,HongKong,9,9,153.6,16,2.3411,0.0,0.0,0.5,22.307608,114.161072,16|10|18|1|21,0.0794|0.0777|0.0752|0.0702|0.0678,
unit_000461,HongKong,18,29,392.7,2,2.3483,2e-05,0.06482,0.5162,22.304379,114.159301,2|3|1|18|16,0.0705|0.0683|0.0654|0.0581|0.0458,
unit_000462,HongKong,14,14,175.0,21,2.4315,0.0,0.0,0.5,22.314808,114.161657,21|18|3|16|1,0.1231|0.0986|0.0785|0.0596|0.0582,
unit_000463,HongKong,8,8,177.1,18,2.4419,0.0,0.0,0.5,22.313011,114.161878,18|21|2|1|14,0.1393|0.1088|0.0640|0.0466|0.0431,
unit_000464,HongKong,7,7,151.4,18,2.4419,0.0,0.0,0.5,22.313149,114.162002,18|21|2|1|14,0.1393|0.1088|0.0640|0.0466|0.0431,
unit_000465,HongKong,10,10,178.7,2,2.2874,0.0,0.0,0.5,22.310943,114.163031,2|13|18|14|10,0.1133|0.0706|0.0626|0.0527|0.0520,
unit_000466,HongKong,8,8,132.7,2,2.3696,0.0,0.0,0.5,22.309886,114.161611,2|18|14|21|27,0.0896|0.0797|0.0753|0.0649|0.0544,
unit_000467,HongKong,90,90,2071.2,21,2.4329,0.0,0.0,0.5,22.311856,114.164932,21|1|13|10|3,0.0953|0.0689|0.0639|0.0587|0.0541,
unit_000468,HongKong,8,8,180.6,1,2.3801,0.0,0.0,0.5,22.319325,114.159815,1|16|2|31|3,0.1103|0.0647|0.0613|0.0506|0.0466,
unit_000469,HongKong,41,41,735.6,18,2.3708,0.0,0.0,0.5,22.321419,114.15795,18|21|31|1|16,0.1446|0.0925|0.0721|0.0716|0.0644,
unit_000470,HongKong,8,8,179.7,18,2.3708,0.0,0.0,0.5,22.321105,114.157943,18|21|31|1|16,0.1446|0.0925|0.0721|0.0716|0.0644,
unit_000471,HongKong,13,13,254.2,18,2.3362,0.0,0.07091,0.5177,22.322799,114.156651,18|1|13|21|31,0.1337|0.0653|0.0641|0.0610|0.0515,
unit_000472,HongKong,5,9,104.6,31,2.443,2e-05,0.0,0.5,22.317487,114.159656,31|16|18|1|13,0.1108|0.0932|0.0703|0.0612|0.0553,
unit_000473,HongKong,8,8,176.3,18,2.4419,0.0,0.0,0.5,22.313055,114.161522,18|21|2|1|14,0.1393|0.1088|0.0640|0.0466|0.0431,
unit_000474,HongKong,40,42,947.6,2,2.3731,0.0,0.09573,0.5239,22.309373,114.162246,2|18|14|21|1,0.0905|0.0799|0.0754|0.0648|0.0541,
unit_000475,HongKong,8,8,178.6,22,2.3767,0.0,0.0,0.5,22.272913,114.292285,22|16|23|31|27,0.0946|0.0846|0.0770|0.0721|0.0671,
unit_000476,HongKong,7,8,153.1,21,2.2858,0.0,0.0769,0.5192,22.273559,114.29549,21|22|27|16|23,0.1210|0.1072|0.0868|0.0512|0.0504,
unit_000477,HongKong,28,46,553.7,22,2.4742,9e-05,0.0769,0.5192,22.275305,114.296171,22|21|7|27|1,0.1336|0.0733|0.0720|0.0558|0.0546,
unit_000478,HongKong,8,8,176.2,22,2.3091,0.0,0.0,0.5,22.27689,114.291288,22|21|23|18|7,0.0989|0.0777|0.0651|0.0639|0.0438,
unit_000479,HongKong,11,16,251.6,23,2.3697,5e-05,0.0,0.5,22.278432,114.289141,23|22|31|18|2,0.1113|0.0761|0.0726|0.0628|0.0545,
unit_000480,HongKong,8,8,176.2,21,2.3274,0.0,0.0,0.5,22.281171,114.286707,21|3|10|23|18,0.0768|0.0641|0.0594|0.0567|0.0559,
unit_000481,HongKong,8,8,176.2,23,2.3341,0.0,0.09824,0.5245,22.283527,114.287182,23|22|27|21|18,0.0949|0.0858|0.0818|0.0719|0.0515,
unit_000482,HongKong,7,9,151.0,27,2.3094,0.0,0.10317,0.5258,22.285154,114.287025,27|22|23|2|21,0.1202|0.0905|0.0903|0.0607|0.0523,
unit_000483,HongKong,6,8,125.8,22,2.3983,0.0,0.08101,0.5202,22.286541,114.286924,22|21|27|23|3,0.1258|0.0985|0.0414|0.0397|0.0330,
unit_000484,HongKong,11,16,251.6,22,2.4175,0.0001,0.05393,0.5135,22.288091,114.286458,22|23|21|27|18,0.1082|0.0823|0.0784|0.0780|0.0518,
unit_000485,HongKong,8,8,176.2,22,2.4135,0.0,0.0,0.5,22.29063,114.289441,22|27|21|23|16,0.0879|0.0828|0.0806|0.0698|0.0597,
unit_000486,HongKong,7,8,151.0,22,2.3478,0.0,0.07991,0.52,22.29414,114.290015,22|23|21|27|2,0.1188|0.1153|0.0853|0.0803|0.0415,
unit_000487,HongKong,8,8,172.8,21,2.4023,0.0,0.0,0.5,22.272101,114.291341,21|7|22|16|23,0.1205|0.0874|0.0702|0.0566|0.0505,
unit_000488,HongKong,10,10,184.1,18,2.4419,0.0,0.0,0.5,22.312458,114.161821,18|21|2|1|14,0.1393|0.1088|0.0640|0.0466|0.0431,
unit_000489,HongKong,8,8,177.0,2,2.2874,0.0,0.0,0.5,22.310869,114.163315,2|13|18|14|10,0.1133|0.0706|0.0626|0.0527|0.0520,
unit_000490,HongKong,11,11,217.4,21,2.4329,0.0,0.0,0.5,22.312073,114.164953,21|1|13|10|3,0.0953|0.0689|0.0639|0.0587|0.0541,
unit_000491,HongKong,3,3,52.6,18,2.4419,0.0,0.0,0.5,22.313112,114.161058,18|21|2|1|14,0.1393|0.1088|0.0640|0.0466|0.0431,
unit_000492,HongKong,9,9,168.3,2,2.3696,0.0,0.0,0.5,22.309493,114.16214,2|18|14|21|27,0.0896|0.0797|0.0753|0.0649|0.0544,
unit_000493,HongKong,8,8,177.2,16,2.3411,0.0,0.0,0.5,22.307424,114.161234,16|10|18|1|21,0.0794|0.0777|0.0752|0.0702|0.0678,
unit_000494,HongKong,17,17,342.7,18,2.4419,0.0,0.0,0.5,22.312942,114.161957,18|21|2|1|14,0.1393|0.1088|0.0640|0.0466|0.0431,
unit_000495,HongKong,35,35,430.0,1,2.2769,0.0,0.0,0.5,22.329377,114.163433,1|7|16|21|31,0.1118|0.0971|0.0581|0.0518|0.0415,
unit_000496,HongKong,32,33,452.6,1,2.1965,0.0,0.0,0.5,22.324975,114.169238,1|21|7|23|16,0.1331|0.0641|0.0621|0.0575|0.0345,
unit_000497,HongKong,13,13,181.1,1,2.3545,0.0,0.0,0.5,22.289209,114.196035,1|13|7|31|23,0.0880|0.0746|0.0570|0.0497|0.0489,
unit_000498,HongKong,7,7,158.5,7,2.3594,0.0,0.0,0.5,22.344018,114.177008,7|1|31|27|10,0.1026|0.1017|0.0838|0.0547|0.0476,
unit_000499,HongKong,7,7,158.5,7,2.3594,0.0,0.0,0.5,22.344018,114.177008,7|1|31|27|10,0.1026|0.1017|0.0838|0.0547|0.0476,
unit_000500,HongKong,19,19,350.4,18,2.4101,0.0,0.0,0.5,22.287226,114.15779,18|16|2|1|3,0.0843|0.0799|0.0792|0.0740|0.0534,
unit_000501,HongKong,18,18,339.8,1,2.2304,0.0,0.0,0.5,22.286677,114.159398,1|3|31|16|10,0.1104|0.0939|0.0586|0.0509|0.0487,
unit_000502,HongKong,14,16,204.2,1,2.4988,0.0,0.09844,0.5246,22.286024,114.158743,1|16|31|7|10,0.0845|0.0798|0.0657|0.0497|0.0468,
unit_000503,HongKong,8,8,179.2,2,2.3782,0.0,0.0,0.5,22.280434,114.164353,2|1|18|16|14,0.0888|0.0840|0.0544|0.0466|0.0453,
unit_000504,HongKong,5,5,52.1,1,2.1373,0.0,0.0,0.5,22.279328,114.171639,1|16|10|31|13,0.1312|0.0592|0.0369|0.0317|0.0315,
unit_000505,HongKong,29,29,345.3,1,1.9096,0.0,0.0,0.5,22.283402,114.220895,1|7|23|16|21,0.1465|0.0553|0.0529|0.0428|0.0316,
unit_000506,HongKong,23,23,353.1,1,2.4217,0.0,0.0,0.5,22.281452,114.220593,1|2|21|23|27,0.0860|0.0846|0.0782|0.0689|0.0620,
unit_000507,HongKong,8,8,177.2,22,2.2596,0.0,0.0,0.5,22.292254,114.292487,22|27|10|1|14,0.1643|0.1043|0.0371|0.0364|0.0338,
unit_000508,HongKong,8,8,177.2,22,2.4839,0.0,0.0,0.5,22.291409,114.294218,22|27|23|31|16,0.1103|0.0922|0.0789|0.0788|0.0669,
unit_000509,HongKong,17,17,337.4,16,2.402,0.0,0.0,0.5,22.294957,114.173881,16|1|2|18|31,0.1142|0.0955|0.0506|0.0412|0.0399,
unit_000510,HongKong,29,31,625.8,18,2.5338,0.00012,0.08165,0.5204,22.306915,114.18003,18|1|21|2|22,0.0901|0.0848|0.0685|0.0678|0.0645,
unit_000511,HongKong,46,46,736.5,18,2.2819,0.0,0.0,0.5,22.302622,114.184222,18|21|1|14|13,0.1077|0.0844|0.0678|0.0432|0.0363,
unit_000512,HongKong,14,15,335.6,18,2.2927,1e-05,0.0,0.5,22.300836,114.184868,18|1|31|2|21,0.1504|0.0794|0.0685|0.0504|0.0433,
unit_000513,HongKong,86,92,1726.1,18,2.2873,1e-05,0.0,0.5,22.301166,114.185051,18|1|31|2|21,0.1515|0.0793|0.0682|0.0499|0.0441,
unit_000514,HongKong,16,16,208.5,1,2.4024,0.0,0.0,0.5,22.305821,114.183575,1|16|7|10|3,0.0839|0.0663|0.0632|0.0437|0.0426,
unit_000515,HongKong,26,26,358.8,31,2.4103,0.0,0.0,0.5,22.302091,114.188465,31|21|1|3|16,0.1059|0.0987|0.0704|0.0698|0.0671,
unit_000516,HongKong,9,11,100.2,1,2.3236,0.0,0.08442,0.5211,22.303466,114.185422,1|21|31|16|7,0.0788|0.0768|0.0727|0.0719|0.0673,
unit_000517,HongKong,46,47,811.1,1,2.433,0.0,0.08442,0.5211,22.304315,114.186448,1|31|3|27|2,0.1224|0.0804|0.0751|0.0555|0.0417,
unit_000518,HongKong,21,21,305.2,1,2.4691,0.0,0.0,0.5,22.309514,114.235499,1|21|27|14|3,0.0928|0.0674|0.0630|0.0547|0.0541,
unit_000519,HongKong,16,16,229.9,1,2.206,0.0,0.0,0.5,22.309798,114.237174,1|16|10|31|3,0.1062|0.0818|0.0582|0.0505|0.0473,
unit_000520,HongKong,11,11,192.1,1,2.3523,0.0,0.0,0.5,22.32728,114.184397,1|31|3|16|2,0.1015|0.0933|0.0545|0.0501|0.0489,
unit_000521,HongKong,30,46,542.1,7,2.3756,2e-05,0.0,0.5,22.33106,114.181983,7|21|1|3|13,0.1007|0.0835|0.0810|0.0535|0.0518,
unit_000522,HongKong,17,17,289.8,1,2.2131,0.0,0.0,0.5,22.326057,114.179857,1|31|7|16|27,0.0989|0.0805|0.0645|0.0617|0.0331,
unit_000523,HongKong,21,21,374.7,21,2.3707,0.0,0.0,0.5,22.329147,114.180685,21|1|7|3|27,0.0983|0.0740|0.0739|0.0587|0.0373,
unit_000524,HongKong,36,36,575.2,31,2.383,0.0,0.0,0.5,22.332627,114.179652,31|7|16|13|1,0.0867|0.0668|0.0652|0.0570|0.0541,
unit_000525,HongKong,59,59,948.9,31,2.5357,0.0,0.0,0.5,22.3395,114.182686,31|1|3|16|10,0.0834|0.0810|0.0542|0.0495|0.0403,
unit_000526,HongKong,10,11,183.1,21,2.3613,0.0,0.0,0.5,22.342089,114.180791,21|1|7|31|16,0.0987|0.0598|0.0549|0.0474|0.0368,
unit_000527,HongKong,24,26,422.6,7,2.4011,1e-05,0.0,0.5,22.301647,114.292889,7|22|27|3|31,0.0975|0.0863|0.0760|0.0539|0.0473,
unit_000528,HongKong,24,30,302.5,7,2.3543,0.0,0.0,0.5,22.302433,114.293298,7|27|31|13|3,0.1348|0.0575|0.0556|0.0467|0.0457,
unit_000529,HongKong,4,4,59.6,7,2.3909,0.0,0.0,0.5,22.301982,114.292396,7|22|27|3|31,0.0937|0.0877|0.0761|0.0537|0.0461,
unit_000530,HongKong,8,9,175.6,22,2.3614,1e-05,0.15598,0.5389,22.299685,114.290269,22|21|16|3|23,0.1698|0.0539|0.0492|0.0483|0.0437,
unit_000531,HongKong,56,56,1004.6,22,2.4639,0.0,0.0,0.5,22.304535,114.291133,22|23|7|27|13,0.0775|0.0765|0.0757|0.0633|0.0540,
unit_000532,HongKong,20,20,367.9,22,2.371,0.0,0.0,0.5,22.306512,114.291464,22|31|23|2|7,0.1447|0.0702|0.0688|0.0344|0.0329,
unit_000533,HongKong,4,4,54.3,22,2.371,0.0,0.0,0.5,22.306287,114.291261,22|31|23|2|7,0.1447|0.0702|0.0688|0.0344|0.0329,
unit_000534,HongKong,8,9,175.6,22,2.3614,1e-05,0.15598,0.5389,22.299685,114.290269,22|21|16|3|23,0.1698|0.0539|0.0492|0.0483|0.0437,
unit_000535,HongKong,8,8,89.5,7,2.3528,0.0,0.0,0.5,22.303212,114.292517,7|27|31|13|3,0.1345|0.0571|0.0554|0.0465|0.0454,
unit_000536,HongKong,25,25,470.5,7,2.4062,0.0,0.0,0.5,22.323765,114.270878,7|3|22|31|10,0.0780|0.0757|0.0736|0.0731|0.0588,
unit_000537,HongKong,30,30,526.9,22,2.3947,0.0,0.20749,0.5517,22.325887,114.270513,22|27|23|3|21,0.1181|0.0944|0.0924|0.0591|0.0587,
unit_000538,HongKong,10,10,179.9,1,2.4956,0.0,0.0,0.5,22.336656,114.17445,1|3|13|10|31,0.0863|0.0763|0.0620|0.0549|0.0540,
unit_000539,HongKong,22,22,355.0,1,2.3609,0.0,0.0,0.5,22.334469,114.172357,1|7|21|31|3,0.0999|0.0877|0.0656|0.0534|0.0519,
unit_000540,HongKong,26,26,666.3,1,2.3485,0.0,0.0,0.5,22.331451,114.170736,1|16|7|3|31,0.1357|0.0620|0.0536|0.0532|0.0506,
unit_000541,HongKong,8,8,125.6,7,2.1576,0.0,0.0,0.5,22.331588,114.174615,7|21|27|1|13,0.1383|0.0778|0.0536|0.0490|0.0473,
unit_000542,HongKong,22,22,365.5,7,2.1297,0.0,0.0,0.5,22.329829,114.172817,7|21|1|31|16,0.1157|0.1037|0.0701|0.0629|0.0470,
unit_000544,HongKong,16,16,178.4,1,1.8849,0.0,0.0,0.5,22.329752,114.160715,1|7|23|16|22,0.1125|0.0752|0.0606|0.0362|0.0166,
unit_000545,HongKong,17,17,177.0,1,2.0095,0.0,0.0,0.5,22.327588,114.16322,1|7|23|13|16,0.1385|0.0994|0.0703|0.0356|0.0277,
unit_000546,HongKong,10,10,225.8,22,2.358,0.0,0.0,0.5,22.303464,114.297515,22|27|3|23|14,0.1152|0.1025|0.0348|0.0337|0.0335,
unit_000547,HongKong,8,8,175.6,22,2.1949,0.0,0.0,0.5,22.305469,114.297866,22|21|27|16|7,0.1643|0.0927|0.0766|0.0526|0.0455,
unit_000548,HongKong,8,9,175.6,22,2.2525,0.0,0.05611,0.514,22.308083,114.297997,22|21|23|27|31,0.1806|0.0800|0.0459|0.0450|0.0444,
unit_000549,HongKong,8,9,175.6,22,2.1852,0.0,0.05611,0.514,22.309482,114.298821,22|16|21|7|31,0.1495|0.0875|0.0853|0.0678|0.0598,
unit_000550,HongKong,14,14,301.1,22,2.1954,0.0,0.0,0.5,22.309148,114.301813,22|31|16|27|23,0.1543|0.0643|0.0602|0.0336|0.0335,
unit_000551,HongKong,9,9,166.1,1,2.4769,0.0,0.06445,0.5161,22.328924,114.192398,1|18|2|31|13,0.0769|0.0754|0.0740|0.0580|0.0549,
unit_000552,HongKong,14,15,335.8,1,2.4473,3e-05,0.06445,0.5161,22.330346,114.194091,1|13|18|2|3,0.0746|0.0738|0.0687|0.0678|0.0583,
unit_000553,HongKong,34,34,546.1,2,2.3275,0.0,0.0,0.5,22.331593,114.197121,2|1|10|13|3,0.0925|0.0651|0.0591|0.0489|0.0439,
unit_000554,HongKong,21,24,475.8,13,2.4432,2e-05,0.06445,0.5161,22.330216,114.193763,13|2|1|18|3,0.0749|0.0724|0.0719|0.0695|0.0545,
unit_000555,HongKong,20,20,350.3,21,2.3574,0.0,0.0,0.5,22.332452,114.185551,21|23|1|31|13,0.0990|0.0780|0.0753|0.0682|0.0527,
unit_000556,HongKong,22,22,348.7,21,2.4387,0.0,0.0,0.5,22.270207,114.195275,21|27|1|7|13,0.0923|0.0753|0.0732|0.0714|0.0694,
unit_000557,HongKong,8,8,182.1,1,2.4346,0.0,0.0,0.5,22.27114,114.193725,1|31|27|22|16,0.0944|0.0906|0.0870|0.0636|0.0622,
unit_000558,HongKong,24,24,437.2,3,2.4442,0.0,0.0,0.5,22.323445,114.19179,3|1|31|21|7,0.1053|0.0931|0.0895|0.0671|0.0656,
unit_000559,HongKong,24,24,260.6,1,2.3229,0.0,0.0,0.5,22.280722,114.222907,1|7|23|16|31,0.1280|0.1015|0.0667|0.0549|0.0524,
unit_000560,HongKong,8,9,176.3,1,2.45,1e-05,0.12672,0.5316,22.281416,114.224238,1|31|2|21|3,0.1292|0.0947|0.0675|0.0652|0.0585,
unit_000561,HongKong,7,7,151.1,18,2.3589,0.0,0.12672,0.5316,22.28255,114.222996,18|21|1|31|16,0.1484|0.0803|0.0770|0.0742|0.0531,
unit_000562,HongKong,26,26,521.0,18,2.3926,0.0,0.0,0.5,22.285246,114.221419,18|1|31|10|21,0.1402|0.0875|0.0673|0.0601|0.0518,
unit_000563,HongKong,22,32,484.1,18,2.5967,8e-05,0.0,0.5,22.281702,114.234703,18|21|27|16|3,0.0770|0.0760|0.0711|0.0653|0.0581,
unit_000564,HongKong,10,10,203.8,27,2.4464,0.0,0.0,0.5,22.264495,114.191671,27|7|3|21|22,0.0706|0.0556|0.0531|0.0521|0.0482,
unit_000565,HongKong,32,34,603.6,22,2.4529,0.0,0.05963,0.5149,22.27089,114.196901,22|27|31|21|16,0.1438|0.0760|0.0736|0.0714|0.0695,
unit_000566,HongKong,12,17,283.4,23,2.4074,4e-05,0.05963,0.5149,22.27028,114.198602,23|31|22|27|2,0.0952|0.0818|0.0818|0.0652|0.0580,
unit_000567,HongKong,8,8,180.3,22,2.4044,0.0,0.0,0.5,22.269331,114.20137,22|31|13|7|16,0.1483|0.0705|0.0654|0.0504|0.0479,
unit_000569,HongKong,9,9,154.4,1,2.318,0.0,0.0,0.5,22.341778,114.196409,1|16|18|3|31,0.0964|0.0690|0.0653|0.0535|0.0526,
unit_000570,HongKong,8,8,141.0,31,2.4099,0.0,0.0,0.5,22.341663,114.198238,31|1|16|22|21,0.1124|0.0852|0.0752|0.0658|0.0516,
unit_000571,HongKong,4,6,81.8,1,2.4959,1e-05,0.05491,0.5137,22.342144,114.199076,1|21|3|31|10,0.1198|0.1025|0.0640|0.0632|0.0456,
unit_000572,HongKong,6,10,75.3,31,2.4319,0.0,0.06578,0.5164,22.34176,114.19855,31|1|16|22|21,0.1126|0.0924|0.0747|0.0665|0.0585,
unit_000573,HongKong,22,24,443.5,21,2.3357,0.0,0.11647,0.5291,22.340101,114.207823,21|31|1|16|7,0.1218|0.1016|0.0861|0.0838|0.0628,
unit_000574,HongKong,34,40,735.8,31,2.5635,4e-05,0.0,0.5,22.349246,114.194621,31|10|1|7|21,0.0712|0.0690|0.0645|0.0604|0.0597,
unit_000575,HongKong,7,7,154.3,1,2.2951,0.0,0.0,0.5,22.349891,114.196647,1|31|7|16|10,0.1031|0.0898|0.0729|0.0710|0.0369,
unit_000576,HongKong,28,28,572.1,21,2.4041,0.0,0.0,0.5,22.35029,114.200112,21|1|31|10|16,0.1071|0.1048|0.0867|0.0650|0.0506,
unit_000577,HongKong,16,16,322.6,10,2.5002,0.0,0.0,0.5,22.345604,114.195715,10|13|1|27|22,0.0754|0.0582|0.0552|0.0385|0.0359,
unit_000578,HongKong,27,27,421.4,1,2.4155,0.0,0.0,0.5,22.305816,114.188906,1|21|31|7|2,0.1400|0.0702|0.0660|0.0572|0.0526,
unit_000579,HongKong,13,13,260.2,16,2.4155,0.0,0.0,0.5,22.296346,114.176936,16|1|21|3|31,0.0891|0.0772|0.0605|0.0561|0.0496,
unit_000581,HongKong,8,8,137.4,1,2.2162,0.0,0.0,0.5,22.294949,114.169505,1|21|7|16|2,0.1063|0.0587|0.0428|0.0415|0.0338,
unit_000582,HongKong,84,122,1472.0,1,2.4456,0.0001,0.0,0.5,22.342399,114.189413,1|31|18|21|16,0.1008|0.0827|0.0708|0.0673|0.0564,
unit_000583,HongKong,38,38,611.3,1,2.312,0.0,0.12963,0.5324,22.347305,114.204126,1|21|10|31|3,0.1100|0.0918|0.0496|0.0468|0.0455,
unit_000584,HongKong,12,13,246.9,1,2.3593,0.0,0.09892,0.5247,22.347031,114.20134,1|21|7|23|13,0.1290|0.0746|0.0652|0.0517|0.0490,
unit_000585,HongKong,10,11,188.6,1,2.4412,0.0,0.09892,0.5247,22.347395,114.199894,1|16|31|27|18,0.1014|0.0858|0.0853|0.0627|0.0509,
unit_000586,HongKong,36,36,707.8,31,2.4627,0.0,0.0,0.5,22.343884,114.185054,31|27|16|1|10,0.0871|0.0837|0.0803|0.0695|0.0552,
unit_000587,HongKong,26,26,523.9,21,2.3923,0.0,0.0,0.5,22.349076,114.202017,21|16|1|27|7,0.1123|0.0885|0.0818|0.0608|0.0589,
unit_000588,HongKong,12,12,243.5,1,2.5316,0.0,0.0,0.5,22.339581,114.202768,1|18|3|16|31,0.1041|0.0650|0.0607|0.0582|0.0569,
unit_000589,HongKong,24,31,443.9,16,2.4405,0.0,0.07966,0.5199,22.338203,114.20471,16|13|27|1|18,0.0970|0.0730|0.0722|0.0589|0.0537,
unit_000590,HongKong,7,7,152.6,21,2.4397,0.0,0.0,0.5,22.341143,114.202988,21|1|16|27|3,0.0853|0.0771|0.0565|0.0510|0.0417,
unit_000592,HongKong,12,12,244.4,1,2.4402,0.0,0.05765,0.5144,22.33726,114.206227,1|31|7|3|21,0.1089|0.0928|0.0728|0.0626|0.0574,
unit_000593,HongKong,10,14,180.0,18,2.5035,8e-05,0.0,0.5,22.337557,114.204274,18|1|31|16|27,0.1020|0.0772|0.0761|0.0656|0.0553,
unit_000594,HongKong,38,38,479.3,1,2.1139,0.0,0.0,0.5,22.344061,114.197464,1|23|16|7|21,0.1397|0.0532|0.0476|0.0471|0.0424,
unit_000595,HongKong,12,12,213.0,10,2.5002,0.0,0.0,0.5,22.345075,114.195698,10|13|1|27|22,0.0754|0.0582|0.0552|0.0385|0.0359,
unit_000596,HongKong,19,19,165.0,1,2.0261,0.0,0.0,0.5,22.299546,114.17349,1|21|23|7|16,0.1156|0.0577|0.0503|0.0473|0.0413,
unit_000597,HongKong,15,15,278.2,18,2.3732,0.0,0.0,0.5,22.306597,114.175608,18|31|1|10|16,0.0913|0.0838|0.0734|0.0605|0.0495,
unit_000598,HongKong,12,12,112.2,1,2.1148,0.0,0.0,0.5,22.307621,114.182898,1|7|23|13|16,0.1350|0.0936|0.0658|0.0412|0.0357,
unit_000599,HongKong,29,29,470.7,21,2.3951,0.0,0.0,0.5,22.340002,114.188196,21|1|31|3|2,0.1181|0.1166|0.0719|0.0531|0.0474,
unit_000600,HongKong,26,26,318.9,1,2.0413,0.0,0.0,0.5,22.307,114.185163,1|23|7|16|13,0.1516|0.0560|0.0539|0.0357|0.0338,
unit_000601,HongKong,22,24,426.7,1,2.3173,2e-05,0.0,0.5,22.303356,114.191607,1|21|16|31|7,0.1163|0.0555|0.0508|0.0504|0.0450,
unit_000602,HongKong,19,19,350.5,1,2.3593,0.0,0.0,0.5,22.305425,114.191982,1|21|31|7|13,0.1318|0.0983|0.0556|0.0543|0.0453,
unit_000603,HongKong,34,34,616.4,1,2.3142,0.0,0.0,0.5,22.333347,114.200572,1|3|16|31|2,0.0980|0.0600|0.0577|0.0561|0.0525,
unit_000604,HongKong,11,11,201.5,2,2.4543,0.0,0.0,0.5,22.317544,114.209151,2|3|1|18|21,0.0982|0.0845|0.0747|0.0638|0.0617,
unit_000605,HongKong,13,13,253.1,18,2.279,0.0,0.0,0.5,22.316934,114.212238,18|1|16|31|21,0.1143|0.0684|0.0680|0.0620|0.0383,
unit_000606,HongKong,8,8,176.3,2,2.4543,0.0,0.0,0.5,22.317314,114.209374,2|3|1|18|21,0.0982|0.0845|0.0747|0.0638|0.0617,
unit_000607,HongKong,8,8,176.3,18,2.3612,0.0,0.0,0.5,22.319742,114.206745,18|2|1|31|16,0.0997|0.0766|0.0756|0.0665|0.0531,
unit_000608,HongKong,10,15,226.6,2,2.4199,3e-05,0.0819,0.5205,22.321721,114.204905,2|1|3|16|18,0.0910|0.0774|0.0647|0.0618|0.0546,
unit_000610,HongKong,3,3,50.4,1,2.4109,0.0,0.0,0.5,22.323956,114.204273,1|16|31|14|2,0.0981|0.0813|0.0521|0.0504|0.0435,
unit_000611,HongKong,5,5,100.7,3,2.393,0.0,0.0,0.5,22.328079,114.205173,3|1|21|31|10,0.1068|0.0970|0.0847|0.0725|0.0467,
unit_000612,HongKong,23,23,418.8,18,2.3612,0.0,0.0,0.5,22.320076,114.206893,18|2|1|31|16,0.0997|0.0766|0.0756|0.0665|0.0531,
unit_000613,HongKong,31,31,608.0,2,2.4543,0.0,0.0,0.5,22.317691,114.209661,2|3|1|18|21,0.0982|0.0845|0.0747|0.0638|0.0617,
unit_000614,HongKong,7,11,154.9,2,2.4887,1e-05,0.0,0.5,22.317171,114.209221,2|3|1|21|18,0.1012|0.0901|0.0821|0.0669|0.0608,
unit_000615,HongKong,47,47,726.7,1,2.3457,0.0,0.0,0.5,22.325192,114.205584,1|16|2|3|31,0.0753|0.0697|0.0568|0.0474|0.0451,
unit_000616,HongKong,35,35,569.1,1,2.365,0.0,0.0,0.5,22.324696,114.208685,1|21|16|7|23,0.1171|0.0709|0.0588|0.0456|0.0398,
unit_000618,HongKong,9,10,156.6,16,2.512,0.0,0.05374,0.5134,22.323119,114.203317,16|7|21|31|1,0.1006|0.0816|0.0773|0.0693|0.0646,
unit_000619,HongKong,17,28,356.3,2,2.4334,3e-05,0.06541,0.5163,22.321853,114.204719,2|1|16|3|10,0.0911|0.0760|0.0668|0.0635|0.0568,
unit_000620,HongKong,8,16,176.2,14,2.2238,7e-05,0.12336,0.5308,22.324091,114.198331,14|16|2|18|13,0.1183|0.0684|0.0480|0.0456|0.0298,
unit_000621,HongKong,6,7,125.8,14,2.0383,0.0,0.12336,0.5308,22.324125,114.196744,14|16|18|23|31,0.1221|0.0471|0.0388|0.0293|0.0292,
unit_000622,HongKong,6,8,125.8,14,2.0886,1e-05,0.40262,0.5993,22.324159,114.192894,14|18|16|23|2,0.1329|0.0509|0.0496|0.0331|0.0256,
unit_000623,HongKong,4,5,75.5,3,2.4616,0.0,0.40262,0.5993,22.323761,114.191868,3|1|31|21|7,0.1049|0.0931|0.0899|0.0666|0.0654,
unit_000624,HongKong,3,3,50.4,3,2.393,0.0,0.0,0.5,22.328082,114.205288,3|1|21|31|10,0.1068|0.0970|0.0847|0.0725|0.0467,
unit_000626,HongKong,11,15,251.8,2,2.4198,3e-05,0.0,0.5,22.321834,114.204966,2|1|3|16|18,0.0907|0.0768|0.0643|0.0617|0.0543,
unit_000627,HongKong,8,8,176.3,18,2.3612,0.0,0.0,0.5,22.319754,114.206853,18|2|1|31|16,0.0997|0.0766|0.0756|0.0665|0.0531,
unit_000629,HongKong,6,10,129.5,1,2.5079,1e-05,0.0,0.5,22.334443,114.205051,1|2|18|31|3,0.0935|0.0930|0.0793|0.0772|0.0609,
unit_000631,HongKong,6,9,132.0,1,2.5076,1e-05,0.0,0.5,22.334547,114.205299,1|2|31|18|3,0.0925|0.0919|0.0779|0.0765|0.0594,
unit_000632,HongKong,38,38,729.8,1,2.3857,0.0,0.0,0.5,22.333365,114.207379,1|3|31|27|22,0.1049|0.0822|0.0817|0.0605|0.0572,
unit_000633,HongKong,23,32,423.4,1,2.5038,3e-05,0.0,0.5,22.334511,114.204783,1|2|18|31|3,0.0911|0.0909|0.0866|0.0680|0.0632,
unit_000634,HongKong,10,15,178.9,1,2.5072,2e-05,0.0,0.5,22.334481,114.204886,1|2|18|31|3,0.0924|0.0921|0.0828|0.0729|0.0620,
unit_000635,HongKong,11,11,208.2,16,2.436,0.0,0.0,0.5,22.334557,114.20081,16|18|1|21|31,0.1100|0.0937|0.0768|0.0716|0.0708,
unit_000636,HongKong,20,20,379.0,1,2.4057,0.0,0.0,0.5,22.327553,114.207084,1|31|16|10|3,0.0964|0.0788|0.0724|0.0707|0.0626,
unit_000637,HongKong,18,24,304.7,18,2.4817,1e-05,0.0,0.5,22.334619,114.204139,18|2|1|3|31,0.0991|0.0911|0.0908|0.0684|0.0577,
unit_000638,HongKong,17,17,277.8,1,2.494,0.0,0.11856,0.5296,22.330303,114.210231,1|2|31|7|16,0.1018|0.0705|0.0595|0.0490|0.0489,
unit_000639,HongKong,64,74,1278.6,16,2.5206,6e-05,0.24222,0.5602,22.297722,114.270936,16|1|10|31|18,0.0862|0.0743|0.0724|0.0710|0.0678,
unit_000640,HongKong,14,14,293.8,1,2.334,0.0,0.0,0.5,22.324469,114.215548,1|21|10|16|7,0.1240|0.0741|0.0527|0.0476|0.0470,
unit_000641,HongKong,7,7,156.6,21,2.4243,0.0,0.0,0.5,22.325753,114.211862,21|18|31|16|1,0.1140|0.0981|0.0787|0.0668|0.0618,
unit_000642,HongKong,8,13,190.0,2,2.4982,2e-05,0.0,0.5,22.32847,114.212349,2|18|1|14|21,0.0930|0.0907|0.0812|0.0658|0.0547,
unit_000643,HongKong,40,40,878.8,21,2.4243,0.0,0.0,0.5,22.326075,114.21196,21|18|31|16|1,0.1140|0.0981|0.0787|0.0668|0.0618,
unit_000644,HongKong,16,16,341.8,27,2.3719,0.0,0.0,0.5,22.323699,114.211496,27|2|1|22|14,0.0533|0.0498|0.0487|0.0477|0.0457,
unit_000645,HongKong,14,14,217.3,21,2.3977,0.0,0.0,0.5,22.320931,114.211768,21|1|18|2|7,0.1015|0.0777|0.0698|0.0615|0.0602,
unit_000646,HongKong,13,13,231.1,1,2.2884,0.0,0.0,0.5,22.31904,114.214663,1|18|21|2|31,0.1098|0.0805|0.0754|0.0597|0.0489,
unit_000647,HongKong,8,8,177.0,1,2.3566,0.0,0.0,0.5,22.32139,114.214484,1|21|3|10|2,0.0974|0.0949|0.0558|0.0486|0.0424,
unit_000648,HongKong,27,28,590.9,1,2.4607,6e-05,0.11856,0.5296,22.331276,114.20936,1|31|21|3|16,0.1129|0.0731|0.0648|0.0607|0.0492,
unit_000649,HongKong,14,14,263.2,1,2.494,0.0,0.11856,0.5296,22.33055,114.210538,1|2|31|7|16,0.1018|0.0705|0.0595|0.0490|0.0489,
unit_000651,HongKong,8,8,175.3,1,2.5316,0.0,0.0,0.5,22.339112,114.202712,1|18|3|16|31,0.1041|0.0650|0.0607|0.0582|0.0569,
unit_000652,HongKong,11,11,206.2,1,2.5316,0.0,0.0,0.5,22.339085,114.203313,1|18|3|16|31,0.1041|0.0650|0.0607|0.0582|0.0569,
unit_000653,HongKong,34,34,585.3,1,2.4512,0.0,0.0,0.5,22.311213,114.22796,1|16|18|7|2,0.1153|0.0668|0.0465|0.0404|0.0395,
unit_000654,HongKong,7,7,155.2,1,2.5316,0.0,0.0,0.5,22.339258,114.202695,1|18|3|16|31,0.1041|0.0650|0.0607|0.0582|0.0569,
unit_000655,HongKong,13,13,267.1,21,2.4243,0.0,0.0,0.5,22.32618,114.211669,21|18|31|16|1,0.1140|0.0981|0.0787|0.0668|0.0618,
unit_000656,HongKong,9,15,202.0,2,2.4971,2e-05,0.0,0.5,22.328534,114.212341,2|18|1|14|21,0.0932|0.0909|0.0813|0.0659|0.0544,
unit_000657,HongKong,8,8,176.8,18,2.2988,0.0,0.0,0.5,22.312901,114.216695,18|21|16|1|2,0.1316|0.0583|0.0511|0.0494|0.0403,
unit_000658,HongKong,9,13,202.1,1,2.4807,0.0001,0.0,0.5,22.311001,114.218493,1|18|2|10|3,0.0786|0.0671|0.0535|0.0496|0.0467,
unit_000659,HongKong,7,7,151.6,18,2.31,0.0,0.0,0.5,22.307979,114.220907,18|1|21|10|16,0.1214|0.0729|0.0467|0.0431|0.0299,
unit_000660,HongKong,11,14,259.5,18,2.3408,5e-05,0.0,0.5,22.309883,114.230516,18|31|1|21|2,0.1455|0.0696|0.0631|0.0486|0.0463,
unit_000661,HongKong,13,13,260.2,18,2.5534,0.0,0.0,0.5,22.311566,114.232854,18|16|31|14|2,0.0787|0.0741|0.0730|0.0599|0.0598,
unit_000662,HongKong,8,8,183.8,18,2.3324,0.0,0.0,0.5,22.309009,114.230562,18|31|2|1|23,0.1310|0.0823|0.0741|0.0452|0.0422,
unit_000663,HongKong,5,5,106.4,18,2.3853,0.0,0.0,0.5,22.306364,114.222482,18|10|16|21|1,0.1400|0.0630|0.0593|0.0499|0.0391,
unit_000664,HongKong,6,6,126.9,18,2.3853,0.0,0.0,0.5,22.306259,114.2225,18|10|16|21|1,0.1400|0.0630|0.0593|0.0499|0.0391,
unit_000665,HongKong,6,8,126.9,18,2.4357,0.0,0.07231,0.5181,22.307983,114.226451,18|1|31|16|3,0.0967|0.0953|0.0628|0.0504|0.0433,
unit_000666,HongKong,9,15,159.6,1,2.363,1e-05,0.07203,0.518,22.308495,114.227584,1|2|14|31|3,0.0688|0.0685|0.0634|0.0596|0.0579,
unit_000668,HongKong,10,10,188.4,2,2.4264,0.0,0.0,0.5,22.318007,114.212879,2|18|1|3|31,0.0950|0.0899|0.0871|0.0603|0.0600,
unit_000669,HongKong,7,7,154.9,2,2.4264,0.0,0.0,0.5,22.318393,114.212646,2|18|1|3|31,0.0950|0.0899|0.0871|0.0603|0.0600,
unit_000670,HongKong,7,7,151.6,2,2.4264,0.0,0.0,0.5,22.3183,114.21264,2|18|1|3|31,0.0950|0.0899|0.0871|0.0603|0.0600,
unit_000671,HongKong,7,7,151.6,1,2.3618,0.0,0.0,0.5,22.31711,114.215368,1|2|23|7|18,0.1292|0.0598|0.0491|0.0468|0.0368,
unit_000672,HongKong,57,57,1043.8,1,2.4357,0.0,0.0,0.5,22.308182,114.222608,1|21|3|31|7,0.1125|0.0687|0.0683|0.0648|0.0522,
unit_000673,HongKong,8,9,141.2,18,2.4238,0.0,0.07491,0.5187,22.308473,114.226093,18|1|31|16|3,0.0961|0.0959|0.0618|0.0496|0.0421,
unit_000674,HongKong,14,26,233.3,1,2.4089,0.0,0.11791,0.5294,22.309251,114.227159,1|21|10|31|3,0.1274|0.0638|0.0532|0.0502|0.0492,
unit_000675,HongKong,26,26,417.8,1,2.4597,0.0,0.10019,0.525,22.328026,114.215229,1|31|3|7|10,0.0978|0.0822|0.0558|0.0537|0.0477,
unit_000676,HongKong,23,34,520.1,2,2.5007,2e-05,0.0,0.5,22.32884,114.212757,2|18|1|14|21,0.0919|0.0896|0.0804|0.0651|0.0549,
unit_000677,HongKong,12,16,263.1,27,2.4241,0.0,0.0,0.5,22.327469,114.21793,27|1|16|22|21,0.0940|0.0913|0.0612|0.0529|0.0458,
unit_000678,HongKong,3,3,52.4,16,2.4196,0.0,0.0,0.5,22.329646,114.215545,16|1|21|31|7,0.0953|0.0934|0.0853|0.0846|0.0710,
unit_000679,HongKong,22,31,410.7,2,2.4699,1e-05,0.0,0.5,22.329357,114.212656,2|18|1|14|31,0.0979|0.0953|0.0837|0.0685|0.0551,
unit_000680,HongKong,11,17,211.5,2,2.4812,2e-05,0.0,0.5,22.328893,114.212307,2|18|1|14|31,0.0959|0.0934|0.0826|0.0673|0.0539,
unit_000681,HongKong,8,8,131.7,1,2.5276,0.0,0.0,0.5,22.331548,114.21756,1|10|3|7|16,0.0959|0.0735|0.0615|0.0611|0.0588,
unit_000682,HongKong,4,4,79.7,31,2.4528,0.0,0.0,0.5,22.332251,114.218299,31|16|27|18|21,0.1079|0.0983|0.0661|0.0499|0.0474,
unit_000683,HongKong,16,16,281.7,31,2.4853,0.0,0.0,0.5,22.331916,114.21374,31|1|2|18|27,0.1184|0.0932|0.0579|0.0520|0.0488,
unit_000684,HongKong,27,27,574.0,1,2.2884,0.0,0.0,0.5,22.319381,114.21506,1|18|21|2|31,0.1098|0.0805|0.0754|0.0597|0.0489,
unit_000685,HongKong,10,10,191.4,1,2.3618,0.0,0.0,0.5,22.317188,114.215501,1|2|23|7|18,0.1292|0.0598|0.0491|0.0468|0.0368,
unit_000686,HongKong,9,9,200.3,1,2.2884,0.0,0.0,0.5,22.319538,114.214655,1|18|21|2|31,0.1098|0.0805|0.0754|0.0597|0.0489,
unit_000687,HongKong,8,8,175.9,31,2.4528,0.0,0.0,0.5,22.333074,114.218182,31|16|27|18|21,0.1079|0.0983|0.0661|0.0499|0.0474,
unit_000688,HongKong,6,6,125.6,18,2.4036,0.0,0.0,0.5,22.333149,114.221109,18|1|31|21|10,0.1026|0.0774|0.0725|0.0654|0.0595,
unit_000689,HongKong,8,8,136.8,13,2.5272,0.0,0.0,0.5,22.304801,114.234773,13|21|31|3|1,0.0892|0.0720|0.0688|0.0665|0.0658,
unit_000690,HongKong,33,33,650.8,1,2.4026,0.0,0.0,0.5,22.31766,114.226581,1|7|21|31|16,0.1285|0.0800|0.0799|0.0702|0.0542,
unit_000691,HongKong,21,26,510.3,18,2.5181,6e-05,0.0,0.5,22.275851,114.238189,18|21|23|31|2,0.1139|0.0829|0.0755|0.0513|0.0453,
unit_000692,HongKong,26,31,528.4,2,2.5715,4e-05,0.09026,0.5225,22.341689,114.164919,2|31|1|16|18,0.0830|0.0798|0.0758|0.0604|0.0580,
unit_000694,HongKong,35,35,424.9,1,2.2033,0.0,0.0,0.5,22.247785,114.16615,1|16|10|2|3,0.1046|0.0666|0.0612|0.0575|0.0395,
unit_000696,HongKong,24,24,361.8,1,2.3331,0.0,0.0,0.5,22.325079,114.174317,1|31|16|7|2,0.1162|0.0881|0.0619|0.0465|0.0316,
unit_000697,HongKong,14,14,288.8,18,2.3732,0.0,0.0,0.5,22.306746,114.175637,18|31|1|10|16,0.0913|0.0838|0.0734|0.0605|0.0495,
unit_000698,HongKong,21,21,280.3,1,1.9287,0.0,0.0,0.5,22.290346,114.199996,1|23|7|21|13,0.1316|0.0738|0.0719|0.0361|0.0322,
unit_000699,HongKong,22,22,346.1,1,2.2673,0.0,0.0,0.5,22.280044,114.16831,1|31|3|16|22,0.1000|0.0902|0.0666|0.0629|0.0461,
unit_000700,HongKong,15,15,322.2,18,2.5534,0.0,0.0,0.5,22.311453,114.233028,18|16|31|14|2,0.0787|0.0741|0.0730|0.0599|0.0598,
unit_000701,HongKong,11,15,251.9,18,2.3451,5e-05,0.0,0.5,22.309737,114.230538,18|31|1|2|21,0.1444|0.0707|0.0617|0.0487|0.0470,
unit_000702,HongKong,11,14,254.6,18,2.3467,5e-05,0.0,0.5,22.309627,114.230611,18|31|1|2|21,0.1437|0.0714|0.0608|0.0501|0.0459,
unit_000703,HongKong,16,24,277.0,1,2.3682,1e-05,0.06734,0.5168,22.30832,114.227633,1|2|14|31|3,0.0695|0.0681|0.0634|0.0600|0.0580,
unit_000704,HongKong,8,8,177.3,16,2.5658,0.0,0.0,0.5,22.313031,114.236855,16|31|27|2|14,0.0823|0.0720|0.0700|0.0565|0.0557,
unit_000705,HongKong,34,51,642.0,18,2.3241,3e-05,0.05547,0.5139,22.309866,114.230831,18|1|31|21|2,0.1512|0.0683|0.0676|0.0544|0.0403,
unit_000706,HongKong,23,34,367.1,18,2.3363,0.0,0.05547,0.5139,22.309264,114.23028,18|31|2|1|23,0.1342|0.0826|0.0731|0.0472|0.0420,
unit_000707,HongKong,7,7,101.0,13,2.5272,0.0,0.0,0.5,22.305053,114.234863,13|21|31|3|1,0.0892|0.0720|0.0688|0.0665|0.0658,
unit_000708,HongKong,8,8,176.7,21,2.4936,0.0,0.09773,0.5244,22.302817,114.235363,21|27|18|1|2,0.0852|0.0815|0.0680|0.0640|0.0608,
unit_000709,HongKong,27,35,518.1,1,2.4302,1e-05,0.09773,0.5244,22.301186,114.234155,1|3|16|18|10,0.0970|0.0654|0.0654|0.0640|0.0589,
unit_000710,HongKong,19,27,353.1,1,2.451,2e-05,0.05725,0.5143,22.301454,114.234177,1|18|3|16|13,0.0973|0.0663|0.0660|0.0639|0.0593,
unit_000711,HongKong,7,7,152.5,21,2.4936,0.0,0.06196,0.5155,22.302806,114.235276,21|27|18|1|2,0.0852|0.0815|0.0680|0.0640|0.0608,
unit_000712,HongKong,4,4,76.3,13,2.5272,0.0,0.0,0.5,22.305026,114.234765,13|21|31|3|1,0.0892|0.0720|0.0688|0.0665|0.0658,
unit_000713,HongKong,8,8,176.7,21,2.4936,0.0,0.09773,0.5244,22.302817,114.235363,21|27|18|1|2,0.0852|0.0815|0.0680|0.0640|0.0608,
unit_000714,HongKong,34,38,555.5,1,2.2293,0.0,0.06443,0.5161,22.308782,114.190509,1|16|21|31|7,0.1082|0.1015|0.0710|0.0677|0.0453,
unit_000715,HongKong,21,21,399.8,21,2.3343,0.0,0.0,0.5,22.336954,114.208219,21|1|27|7|16,0.0767|0.0751|0.0715|0.0666|0.0608,
unit_000716,HongKong,7,8,157.9,27,2.3894,1e-05,0.10664,0.5266,22.338945,114.208446,27|21|1|13|31,0.1269|0.0882|0.0649|0.0428|0.0402,
unit_000717,HongKong,34,48,483.9,1,2.4022,5e-05,0.06626,0.5165,22.300157,114.168404,1|2|21|16|14,0.1139|0.0637|0.0608|0.0440|0.0414,
unit_000718,HongKong,19,19,334.4,1,2.4145,0.0,0.0,0.5,22.302005,114.179697,1|3|2|16|21,0.0974|0.0730|0.0458|0.0424|0.0422,
unit_000719,HongKong,6,7,77.6,1,2.3892,0.0,0.18386,0.5458,22.314982,114.239602,1|10|13|2|21,0.0797|0.0750|0.0745|0.0736|0.0580,
unit_000720,HongKong,5,6,105.6,21,2.4898,1e-05,0.23828,0.5593,22.315514,114.239188,21|31|22|16|18,0.1003|0.0956|0.0748|0.0738|0.0689,
unit_000721,HongKong,8,9,179.2,21,2.4877,1e-05,0.12566,0.5314,22.315767,114.239704,21|31|22|16|18,0.1000|0.0956|0.0750|0.0735|0.0687,
unit_000722,HongKong,10,10,176.7,1,2.4213,0.0,0.0,0.5,22.278807,114.163386,1|2|16|3|10,0.1083|0.0803|0.0509|0.0485|0.0444,
unit_000723,HongKong,25,25,309.6,1,2.2673,0.0,0.0,0.5,22.279395,114.168772,1|31|3|16|22,0.1000|0.0902|0.0666|0.0629|0.0461,
unit_000724,HongKong,8,8,175.4,27,2.2418,0.0,0.10343,0.5258,22.253058,114.230449,27|22|21|23|2,0.1199|0.1103|0.0977|0.0591|0.0398,
unit_000725,HongKong,8,8,175.4,27,2.0685,0.0,0.10343,0.5258,22.251263,114.230349,27|23|21|2|14,0.1200|0.0701|0.0578|0.0411|0.0388,
unit_000726,HongKong,9,9,200.5,22,2.3386,0.0,0.0,0.5,22.249166,114.230542,22|27|16|23|18,0.1093|0.1052|0.0668|0.0655|0.0649,
unit_000727,HongKong,7,8,150.4,22,2.39,0.0,0.14959,0.5373,22.24829,114.232728,22|16|27|21|31,0.1000|0.0956|0.0891|0.0721|0.0669,
unit_000728,HongKong,13,16,300.7,27,2.3029,4e-05,0.10981,0.5274,22.246681,114.234156,27|23|21|22|2,0.1269|0.0771|0.0589|0.0547|0.0424,
unit_000729,HongKong,8,9,175.4,22,2.4005,0.0,0.07003,0.5175,22.244583,114.235144,22|27|21|16|23,0.1277|0.1176|0.0548|0.0538|0.0491,
unit_000730,HongKong,9,9,200.5,27,2.4379,0.0,0.06052,0.5151,22.243391,114.237335,27|22|23|21|10,0.1181|0.1164|0.0623|0.0542|0.0469,
unit_000731,HongKong,8,8,175.4,27,2.3116,0.0,0.06052,0.5151,22.242077,114.238234,27|23|22|21|18,0.1417|0.0759|0.0739|0.0447|0.0439,
unit_000732,HongKong,8,8,175.4,27,2.3544,0.0,0.0,0.5,22.239119,114.238116,27|22|21|23|10,0.1144|0.1056|0.0716|0.0637|0.0479,
unit_000734,HongKong,14,22,319.2,27,2.4935,3e-05,0.0,0.5,22.251983,114.253763,27|10|22|23|31,0.0713|0.0698|0.0635|0.0550|0.0537,
unit_000735,HongKong,13,14,169.8,18,2.3903,1e-05,0.09807,0.5245,22.279828,114.188677,18|1|10|31|16,0.1013|0.0934|0.0633|0.0600|0.0512,
unit_000736,HongKong,20,20,362.4,27,2.2292,0.0,0.0,0.5,22.239306,114.221335,27|23|22|21|2,0.1165|0.0840|0.0832|0.0769|0.0609,
unit_000737,HongKong,8,8,175.4,18,2.2651,0.0,0.0,0.5,22.245204,114.22113,18|10|23|27|3,0.0794|0.0633|0.0595|0.0392|0.0322,
unit_000738,HongKong,15,18,350.8,22,2.3948,0.00011,0.0,0.5,22.248028,114.222327,22|27|23|16|31,0.1111|0.0967|0.0795|0.0682|0.0420,
unit_000739,HongKong,12,20,275.6,27,2.3924,6e-05,0.0,0.5,22.250897,114.224599,27|22|23|10|21,0.1156|0.1135|0.0750|0.0568|0.0515,
unit_000740,HongKong,8,8,175.4,22,2.3585,0.0,0.0,0.5,22.252904,114.226456,22|23|3|27|10,0.1318|0.0831|0.0531|0.0519|0.0386,
unit_000741,HongKong,8,8,175.4,27,2.215,0.0,0.13977,0.5349,22.255981,114.227802,27|23|22|21|2,0.0984|0.0938|0.0749|0.0643|0.0439,
unit_000743,HongKong,5,5,100.6,27,2.2292,0.0,0.0,0.5,22.239314,114.221798,27|23|22|21|2,0.1165|0.0840|0.0832|0.0769|0.0609,
unit_000744,HongKong,10,10,226.2,22,2.4269,0.0,0.0,0.5,22.238781,114.223997,22|7|27|21|31,0.0986|0.0890|0.0707|0.0692|0.0589,
unit_000745,HongKong,8,8,176.0,22,2.3623,0.0,0.0,0.5,22.241782,114.22357,22|23|10|31|3,0.1091|0.0822|0.0725|0.0544|0.0397,
unit_000746,HongKong,15,15,257.0,1,2.1081,0.0,0.0,0.5,22.323555,114.188578,1|23|7|21|13,0.1281|0.0672|0.0538|0.0450|0.0318,
unit_000747,HongKong,19,19,276.7,1,2.2152,0.0,0.0,0.5,22.322025,114.188185,1|7|23|13|10,0.0913|0.0522|0.0479|0.0302|0.0247,
unit_000748,HongKong,11,13,187.8,27,2.4238,0.0,0.05373,0.5134,22.205365,114.21443,27|22|21|16|1,0.1480|0.0783|0.0678|0.0440|0.0409,
unit_000749,HongKong,38,38,554.5,7,2.4007,0.0,0.0,0.5,22.218458,114.213798,7|31|21|10|13,0.1000|0.0776|0.0685|0.0634|0.0463,
unit_000750,HongKong,24,24,510.0,31,2.233,0.0,0.0,0.5,22.217456,114.215977,31|7|22|16|21,0.1115|0.0973|0.0970|0.0968|0.0665,
unit_000752,HongKong,20,20,356.9,22,2.5055,0.0,0.0,0.5,22.270813,114.19142,22|21|1|7|16,0.0940|0.0825|0.0646|0.0626|0.0490,
unit_000753,HongKong,40,40,826.3,21,2.4069,0.0,0.0,0.5,22.27438,114.185057,21|23|27|1|31,0.0970|0.0671|0.0662|0.0662|0.0572,
unit_000754,HongKong,39,39,855.9,16,2.4559,0.0,0.0,0.5,22.299309,114.23352,16|1|10|31|7,0.0903|0.0721|0.0630|0.0616|0.0517,
unit_000755,HongKong,39,39,543.8,1,2.4893,0.0,0.0,0.5,22.295512,114.239898,1|3|21|2|18,0.1075|0.0805|0.0727|0.0605|0.0510,
unit_000756,HongKong,8,8,180.5,1,2.5092,0.0,0.0,0.5,22.298922,114.23887,1|21|27|3|31,0.1198|0.0921|0.0569|0.0533|0.0482,
unit_000757,HongKong,26,26,521.9,18,2.4369,0.0,0.0,0.5,22.250525,114.171061,18|21|1|3|10,0.1067|0.0690|0.0640|0.0581|0.0411,
unit_000758,HongKong,4,4,81.7,22,2.4667,0.0,0.0,0.5,22.250968,114.172537,22|1|16|3|31,0.0767|0.0767|0.0720|0.0489|0.0407,
unit_000760,HongKong,26,48,407.2,21,2.5331,3e-05,0.0,0.5,22.252007,114.177887,21|10|3|22|31,0.0807|0.0783|0.0752|0.0662|0.0649,
unit_000761,HongKong,32,32,581.7,21,2.4136,0.0,0.0,0.5,22.242475,114.16767,21|27|7|16|1,0.1043|0.0968|0.0522|0.0519|0.0515,
unit_000762,HongKong,14,14,318.1,13,2.3982,0.0,0.0,0.5,22.250148,114.168259,13|7|31|27|16,0.0808|0.0796|0.0779|0.0767|0.0717,
unit_000763,HongKong,19,19,332.1,1,2.4821,0.0,0.0,0.5,22.245461,114.166139,1|21|7|13|31,0.1044|0.0838|0.0808|0.0569|0.0552,
unit_000764,HongKong,17,18,405.3,1,2.4943,4e-05,0.0,0.5,22.243328,114.164618,1|16|7|3|10,0.1041|0.0830|0.0643|0.0527|0.0495,
unit_000765,HongKong,7,8,152.0,21,2.3921,0.0,0.14451,0.5361,22.240073,114.166172,21|7|22|27|16,0.1238|0.1028|0.0694|0.0601|0.0591,
unit_000766,HongKong,7,8,152.0,7,2.4212,0.0,0.14451,0.5361,22.238825,114.165383,7|16|31|13|22,0.1011|0.0713|0.0677|0.0645|0.0582,
unit_000767,HongKong,7,8,155.6,14,1.6834,0.0,0.41011,0.6011,22.284765,114.161109,14|18|16|23|21,0.1648|0.0449|0.0312|0.0263|0.0152,
unit_000768,HongKong,29,32,497.9,1,2.2282,0.0,0.27432,0.5682,22.283578,114.161213,1|16|3|10|31,0.0771|0.0638|0.0627|0.0402|0.0343,
unit_000769,HongKong,33,33,534.8,31,2.4762,0.0,0.0,0.5,22.330723,114.221822,31|21|1|3|7,0.0985|0.0850|0.0834|0.0651|0.0644,
unit_000770,HongKong,7,7,153.7,18,2.4036,0.0,0.0,0.5,22.333021,114.221087,18|1|31|21|10,0.1026|0.0774|0.0725|0.0654|0.0595,
unit_000771,HongKong,8,8,179.3,31,2.4528,0.0,0.0,0.5,22.332956,114.218217,31|16|27|18|21,0.1079|0.0983|0.0661|0.0499|0.0474,
unit_000772,HongKong,23,23,420.2,31,2.4853,0.0,0.0,0.5,22.332291,114.214263,31|1|2|18|27,0.1184|0.0932|0.0579|0.0520|0.0488,
unit_000773,HongKong,26,26,486.5,1,2.4972,0.0,0.0,0.5,22.332684,114.224522,1|7|31|3|2,0.1169|0.0959|0.0705|0.0576|0.0491,
unit_000774,HongKong,13,13,270.1,1,2.4481,0.0,0.0,0.5,22.330135,114.225758,1|21|31|3|10,0.1235|0.0996|0.0876|0.0594|0.0594,
unit_000775,HongKong,16,16,291.9,1,2.4481,0.0,0.0,0.5,22.33008,114.226006,1|21|31|3|10,0.1235|0.0996|0.0876|0.0594|0.0594,
unit_000776,HongKong,45,71,950.1,16,2.5208,9e-05,0.054,0.5135,22.344154,114.182121,16|27|21|31|18,0.1185|0.0944|0.0742|0.0702|0.0561,
unit_000777,HongKong,8,9,177.4,18,2.4307,0.0,0.0,0.5,22.343116,114.180882,18|31|1|16|7,0.0758|0.0748|0.0731|0.0648|0.0606,
unit_000778,HongKong,30,30,711.2,27,2.4609,0.0,0.0,0.5,22.344872,114.187721,27|10|31|16|1,0.0861|0.0672|0.0625|0.0550|0.0504,
unit_000779,HongKong,38,38,701.5,31,2.4005,0.0,0.0,0.5,22.340891,114.183965,31|1|27|3|10,0.1323|0.0850|0.0662|0.0532|0.0452,
unit_000780,HongKong,15,15,319.0,18,2.4307,0.0,0.0,0.5,22.343262,114.180798,18|31|1|16|7,0.0758|0.0748|0.0731|0.0648|0.0605,
unit_000781,HongKong,11,15,213.9,27,2.4932,2e-05,0.07273,0.5182,22.344565,114.181514,27|16|22|21|2,0.1352|0.0853|0.0772|0.0743|0.0520,
unit_000782,HongKong,8,9,175.3,18,2.372,0.0,0.0,0.5,22.344591,114.1768,18|16|31|23|21,0.0924|0.0849|0.0611|0.0556|0.0473,
unit_000783,HongKong,8,8,175.3,18,2.4956,0.0,0.0,0.5,22.342707,114.174193,18|31|16|21|27,0.1089|0.0875|0.0826|0.0683|0.0608,
unit_000784,HongKong,13,13,280.1,16,2.436,0.0,0.0,0.5,22.334839,114.201001,16|18|1|21|31,0.1100|0.0937|0.0768|0.0716|0.0708,
unit_000785,HongKong,14,16,335.6,1,2.4473,3e-05,0.06445,0.5161,22.330226,114.194188,1|13|18|2|3,0.0748|0.0739|0.0688|0.0677|0.0586,
unit_000786,HongKong,9,9,154.9,1,2.4769,0.0,0.06445,0.5161,22.328444,114.192302,1|18|2|31|13,0.0769|0.0754|0.0740|0.0580|0.0549,
unit_000787,HongKong,13,15,305.6,1,2.4472,3e-05,0.06445,0.5161,22.330367,114.194062,1|13|18|2|3,0.0745|0.0740|0.0689|0.0682|0.0581,
unit_000788,HongKong,8,8,178.2,1,2.4769,0.0,0.06445,0.5161,22.328697,114.192328,1|18|2|31|13,0.0769|0.0754|0.0740|0.0580|0.0549,
unit_000790,HongKong,7,7,150.8,1,2.3523,0.0,0.0,0.5,22.326881,114.184591,1|31|3|16|2,0.1015|0.0933|0.0545|0.0501|0.0489,
unit_000791,HongKong,26,26,314.9,1,2.0259,0.0,0.20834,0.5519,22.32898,114.187493,1|7|23|16|13,0.1338|0.0652|0.0520|0.0498|0.0356,
unit_000792,HongKong,14,20,172.5,1,2.0948,0.0,0.07724,0.5193,22.328483,114.188727,1|7|23|21|16,0.1216|0.0698|0.0543|0.0476|0.0298,
unit_000793,HongKong,36,36,551.2,1,2.3523,0.0,0.0,0.5,22.326948,114.184711,1|31|3|16|2,0.1015|0.0933|0.0545|0.0501|0.0489,
unit_000794,HongKong,24,24,398.2,16,2.4038,0.0,0.11216,0.528,22.324791,114.185292,16|1|7|31|21,0.0882|0.0859|0.0717|0.0669|0.0606,
unit_000795,HongKong,49,50,1108.1,21,2.5182,3e-05,0.06249,0.5156,22.302686,114.272195,21|10|16|1|31,0.0966|0.0848|0.0573|0.0540|0.0527,
unit_000797,HongKong,8,8,176.6,21,2.4237,0.0,0.0,0.5,22.285286,114.275582,21|3|27|1|22,0.1174|0.0962|0.0629|0.0530|0.0420,
unit_000798,HongKong,4,4,77.3,16,2.3693,0.0,0.24222,0.5603,22.297382,114.272495,16|21|3|13|7,0.1141|0.0772|0.0644|0.0628|0.0612,
unit_000799,HongKong,8,8,180.4,21,2.5122,0.0,0.06249,0.5156,22.301297,114.27208,21|22|31|16|10,0.1288|0.0659|0.0654|0.0634|0.0629,
unit_000800,HongKong,8,8,181.3,16,2.5109,0.0,0.0,0.5,22.343158,114.17166,16|18|31|2|27,0.1207|0.0696|0.0493|0.0484|0.0481,
unit_000801,HongKong,12,12,230.9,18,2.5752,0.0,0.0,0.5,22.341903,114.169851,18|16|21|2|23,0.0763|0.0662|0.0633|0.0600|0.0534,
unit_000802,HongKong,8,8,183.1,21,2.5064,0.0,0.0,0.5,22.335361,114.179034,21|1|31|7|3,0.1208|0.0614|0.0562|0.0518|0.0462,
unit_000803,HongKong,16,16,299.8,18,2.5752,0.0,0.0,0.5,22.342015,114.169658,18|16|21|2|23,0.0763|0.0662|0.0633|0.0600|0.0534,
unit_000804,HongKong,16,16,343.3,16,2.5109,0.0,0.0,0.5,22.343396,114.1718,16|18|31|2|27,0.1207|0.0696|0.0493|0.0484|0.0481,
unit_000805,HongKong,15,15,255.9,27,2.5021,0.0,0.07078,0.5177,22.338999,114.164189,27|22|21|31|16,0.0967|0.0770|0.0735|0.0590|0.0587,
unit_000807,HongKong,7,7,152.1,18,2.4544,0.0,0.05703,0.5143,22.339713,114.165781,18|27|16|31|21,0.1208|0.0818|0.0598|0.0578|0.0556,
unit_000808,HongKong,4,4,76.1,16,2.512,0.0,0.0,0.5,22.340818,114.168093,16|18|31|10|1,0.0816|0.0814|0.0767|0.0593|0.0538,
unit_000810,HongKong,12,12,238.7,27,2.5021,0.0,0.24962,0.5621,22.338826,114.164464,27|22|21|31|16,0.0967|0.0770|0.0735|0.0590|0.0587,
unit_000811,HongKong,7,7,156.5,21,2.4524,0.0,0.0,0.5,22.33702,114.1622,21|27|1|18|3,0.1096|0.0840|0.0682|0.0642|0.0574,
unit_000812,HongKong,10,10,182.5,1,2.4498,0.0,0.0,0.5,22.334346,114.163021,1|21|31|3|7,0.0882|0.0861|0.0724|0.0713|0.0688,
unit_000813,HongKong,7,7,155.1,14,2.353,0.0,0.0,0.5,22.340328,114.162283,14|2|18|27|16,0.0994|0.0920|0.0744|0.0641|0.0617,
unit_000814,HongKong,8,8,178.5,14,2.353,0.0,0.0,0.5,22.340162,114.162303,14|2|18|27|16,0.0994|0.0920|0.0744|0.0641|0.0617,
unit_000815,HongKong,16,16,347.7,14,2.353,0.0,0.0,0.5,22.339946,114.16221,14|2|18|27|16,0.0994|0.0920|0.0744|0.0641|0.0617,
unit_000816,HongKong,13,13,261.3,27,2.5479,0.0,0.0,0.5,22.342518,114.158826,27|16|22|3|10,0.0855|0.0773|0.0726|0.0576|0.0570,
unit_000817,HongKong,11,11,251.9,14,2.353,0.0,0.0,0.5,22.339793,114.162296,14|2|18|27|16,0.0994|0.0920|0.0744|0.0641|0.0617,
unit_000818,HongKong,9,9,207.8,14,2.353,0.0,0.0,0.5,22.339835,114.161864,14|2|18|27|16,0.0994|0.0920|0.0744|0.0641|0.0617,
unit_000819,HongKong,17,17,333.3,2,2.4823,0.0,0.12566,0.5314,22.310268,114.185148,2|1|31|27|23,0.1062|0.0875|0.0748|0.0654|0.0612,
unit_000820,HongKong,13,13,261.9,2,2.4823,0.0,0.0,0.5,22.310336,114.184976,2|1|31|27|23,0.1062|0.0875|0.0748|0.0654|0.0612,
unit_000821,HongKong,25,29,455.2,2,2.5134,5e-05,0.11097,0.5277,22.309649,114.185105,2|1|27|31|21,0.1002|0.0774|0.0711|0.0704|0.0613,
unit_000822,HongKong,12,12,232.1,27,2.4651,0.0,0.10707,0.5267,22.309475,114.185832,27|21|2|13|23,0.0800|0.0718|0.0709|0.0598|0.0496,
unit_000823,HongKong,5,6,102.0,27,2.4785,1e-05,0.07159,0.5179,22.309105,114.185756,27|2|21|13|31,0.0814|0.0746|0.0729|0.0593|0.0518,
unit_000824,HongKong,26,26,438.7,1,2.5136,0.0,0.16161,0.5403,22.310892,114.183821,1|16|27|21|13,0.1157|0.0864|0.0733|0.0515|0.0486,
unit_000827,HongKong,16,16,279.9,1,2.2913,0.0,0.0,0.5,22.307838,114.188633,1|31|7|16|10,0.1287|0.0896|0.0632|0.0526|0.0377,
unit_000828,HongKong,12,12,247.7,1,2.5339,0.0,0.0,0.5,22.30618,114.180242,1|18|2|16|3,0.1090|0.0740|0.0606|0.0557|0.0548,
unit_000829,HongKong,6,6,80.3,1,2.5339,0.0,0.10006,0.525,22.306755,114.180626,1|18|2|16|3,0.1090|0.0740|0.0606|0.0557|0.0548,
unit_000830,HongKong,8,9,182.8,18,2.4114,0.0,0.11848,0.5296,22.307623,114.180041,18|22|21|27|2,0.1055|0.0917|0.0901|0.0767|0.0743,
unit_000831,HongKong,7,7,109.2,1,2.1148,0.0,0.0,0.5,22.308104,114.182012,1|7|23|13|16,0.1350|0.0936|0.0658|0.0412|0.0357,
unit_000832,HongKong,32,32,532.4,1,2.5346,0.0,0.0,0.5,22.305643,114.178408,1|16|2|18|3,0.0934|0.0730|0.0608|0.0594|0.0535,
unit_000833,HongKong,7,7,110.3,18,2.3983,0.0,0.0,0.5,22.307539,114.180345,18|22|21|27|2,0.1048|0.0920|0.0903|0.0771|0.0737,
unit_000834,HongKong,5,5,100.3,1,2.4145,0.0,0.10459,0.5261,22.302181,114.180506,1|3|2|16|21,0.0974|0.0730|0.0458|0.0424|0.0422,
unit_000835,HongKong,4,6,75.2,21,2.4483,0.0,0.10459,0.5261,22.301168,114.180455,21|2|1|7|16,0.1144|0.0782|0.0764|0.0666|0.0638,
unit_000836,HongKong,11,16,250.8,14,1.5353,0.0,0.0,0.5,22.295483,114.181383,14|21|23|18|2,0.1513|0.0357|0.0306|0.0292|0.0111,
unit_000837,HongKong,8,8,175.6,14,1.4434,0.0,0.0,0.5,22.292697,114.181847,14|18|21|23|2,0.1546|0.0428|0.0383|0.0331|0.0108,
unit_000838,HongKong,10,16,225.7,14,1.5578,0.0,0.0,0.5,22.290468,114.182219,14|21|23|18|2,0.1599|0.0364|0.0359|0.0340|0.0122,
unit_000839,HongKong,8,8,175.6,14,1.3786,0.0,0.0,0.5,22.287793,114.182664,14|18|21|23|2,0.1516|0.0383|0.0358|0.0307|0.0072,
unit_000840,HongKong,15,19,310.3,21,2.4554,3e-05,0.0,0.5,22.301595,114.18087,21|1|2|7|16,0.1083|0.0786|0.0755|0.0629|0.0620,
unit_000841,HongKong,10,15,228.5,21,2.5081,5e-05,0.0,0.5,22.310555,114.177902,21|1|31|23|2,0.0953|0.0864|0.0851|0.0689|0.0642,
unit_000842,HongKong,6,6,126.2,18,2.3983,0.0,0.0,0.5,22.308075,114.180083,18|22|21|27|2,0.1048|0.0920|0.0903|0.0771|0.0737,
unit_000843,HongKong,5,5,104.0,18,2.3983,0.0,0.0,0.5,22.307723,114.179174,18|22|21|27|2,0.1048|0.0920|0.0903|0.0771|0.0737,
unit_000844,HongKong,7,7,156.0,1,2.5346,0.0,0.0,0.5,22.305703,114.178585,1|16|2|18|3,0.0934|0.0730|0.0608|0.0594|0.0535,
unit_000845,HongKong,7,7,158.4,18,2.3983,0.0,0.0,0.5,22.307708,114.179933,18|22|21|27|2,0.1048|0.0920|0.0903|0.0771|0.0737,
unit_000847,HongKong,19,19,378.7,1,2.4051,0.0,0.0,0.5,22.280245,114.178599,1|16|18|31|3,0.1078|0.0783|0.0689|0.0530|0.0474,
unit_000848,HongKong,19,24,364.7,1,2.4219,1e-05,0.12851,0.5321,22.282101,114.181221,1|3|22|31|21,0.1061|0.0759|0.0574|0.0500|0.0425,
unit_000851,HongKong,10,13,196.0,1,2.379,0.0,0.08389,0.521,22.282839,114.184494,1|16|18|3|10,0.0912|0.0650|0.0635|0.0518|0.0446,
unit_000854,HongKong,5,6,62.6,1,2.1969,1e-05,0.11536,0.5288,22.279725,114.187509,1|16|7|10|23,0.1443|0.0579|0.0554|0.0415|0.0396,
unit_000855,HongKong,25,25,406.5,18,2.3871,0.0,0.21099,0.5526,22.279912,114.188464,18|1|10|31|16,0.1036|0.0900|0.0632|0.0601|0.0503,
unit_000857,HongKong,12,12,229.3,18,2.4743,0.0,0.54011,0.6318,22.286452,114.189631,18|1|21|31|3,0.1263|0.0765|0.0621|0.0502|0.0379,
unit_000859,HongKong,7,8,150.2,1,2.4728,0.0,0.09413,0.5235,22.270793,114.181903,1|31|7|16|23,0.0707|0.0646|0.0401|0.0382|0.0357,
unit_000860,HongKong,38,38,721.3,14,2.4222,0.0,0.29046,0.5721,22.249992,114.174226,14|16|27|18|2,0.0872|0.0740|0.0739|0.0718|0.0647,
unit_000861,HongKong,10,10,194.9,22,2.5613,0.0,0.0,0.5,22.249031,114.175607,22|7|10|31|16,0.1076|0.0773|0.0725|0.0670|0.0605,
unit_000862,HongKong,9,9,161.6,22,2.4667,0.0,0.05411,0.5135,22.250214,114.172532,22|1|16|3|31,0.0767|0.0767|0.0720|0.0489|0.0407,
unit_000863,HongKong,7,7,155.1,14,2.4222,0.0,0.0,0.5,22.250025,114.174096,14|16|27|18|2,0.0872|0.0740|0.0739|0.0718|0.0647,
unit_000864,HongKong,13,19,302.8,3,2.5671,7e-05,0.0,0.5,22.252157,114.178409,3|21|16|1|10,0.0838|0.0798|0.0643|0.0598|0.0587,
unit_000865,HongKong,13,15,302.8,14,1.5289,0.0,0.0,0.5,22.25682,114.179879,14|21|18|23|2,0.1439|0.0394|0.0312|0.0205|0.0069,
unit_000866,HongKong,8,8,176.6,14,1.6083,0.0,0.0,0.5,22.25966,114.179997,14|21|18|23|2,0.1460|0.0453|0.0351|0.0240|0.0138,
unit_000867,HongKong,5,5,100.9,14,1.3898,0.0,0.0,0.5,22.262953,114.180135,14|21|18|23|2,0.1351|0.0338|0.0240|0.0226|0.0062,
unit_000868,HongKong,4,4,75.7,14,1.3993,0.0,0.0,0.5,22.264656,114.180206,14|21|18|23|2,0.1321|0.0405|0.0264|0.0220|0.0074,
unit_000869,HongKong,6,6,126.2,16,2.3075,0.0,0.0,0.5,22.266701,114.180292,16|31|21|7|1,0.1023|0.0969|0.0648|0.0560|0.0408,
unit_000870,HongKong,7,7,157.1,14,2.4222,0.0,0.0,0.5,22.249941,114.174084,14|16|27|18|2,0.0872|0.0740|0.0739|0.0718|0.0647,
unit_000871,HongKong,8,8,176.0,22,2.5613,0.0,0.0,0.5,22.248594,114.175509,22|7|10|31|16,0.1076|0.0773|0.0725|0.0670|0.0605,
unit_000873,HongKong,13,13,253.4,18,2.2295,0.0,0.0,0.5,22.293193,114.196351,18|1|10|16|31,0.1067|0.0601|0.0536|0.0515|0.0505,
unit_000874,HongKong,7,7,151.0,18,2.0684,0.0,0.0,0.5,22.293567,114.198973,18|1|16|10|31,0.1181|0.0689|0.0472|0.0375|0.0371,
unit_000875,HongKong,8,8,147.2,18,2.0684,0.0,0.0,0.5,22.293238,114.198388,18|1|16|10|31,0.1181|0.0689|0.0472|0.0375|0.0371,
unit_000876,HongKong,30,30,599.8,1,2.5346,0.0,0.0,0.5,22.306019,114.178282,1|16|2|18|3,0.0934|0.0730|0.0608|0.0594|0.0535,
unit_000877,HongKong,8,8,182.9,1,2.5339,0.0,0.0,0.5,22.306364,114.180018,1|18|2|16|3,0.1090|0.0740|0.0606|0.0557|0.0548,
unit_000878,HongKong,8,8,179.8,31,2.3336,0.0,0.0,0.5,22.266532,114.182627,31|22|23|27|2,0.1126|0.0883|0.0872|0.0829|0.0605,
unit_000880,HongKong,6,7,132.9,14,1.652,0.0,0.20318,0.5506,22.284745,114.161003,14|18|16|23|21,0.1649|0.0447|0.0305|0.0265|0.0150,
unit_000881,HongKong,30,30,418.5,14,1.736,0.0,0.0,0.5,22.282365,114.165055,14|18|16|23|2,0.1577|0.0525|0.0388|0.0203|0.0176,
unit_000882,HongKong,13,13,276.9,14,1.6739,0.0,0.0,0.5,22.282334,114.167483,14|16|18|23|2,0.1510|0.0434|0.0428|0.0221|0.0180,
unit_000884,HongKong,21,38,413.0,21,2.4789,0.00014,0.0,0.5,22.215941,114.217605,21|27|31|7|23,0.0945|0.0850|0.0749|0.0710|0.0681,
unit_000885,HongKong,34,34,368.6,1,1.9125,0.0,0.0,0.5,22.277299,114.227559,1|16|7|23|13,0.1426|0.0578|0.0552|0.0547|0.0168,
unit_000886,HongKong,59,82,1109.4,1,2.5184,0.0001,0.0,0.5,22.275385,114.230539,1|31|21|27|7,0.0918|0.0834|0.0607|0.0530|0.0494,
unit_000887,HongKong,24,24,324.9,1,2.3601,0.0,0.0,0.5,22.279427,114.225368,1|7|23|16|31,0.1215|0.0803|0.0634|0.0505|0.0473,
unit_000888,HongKong,26,26,506.5,1,2.2724,0.0,0.17751,0.5443,22.266778,114.247677,1|31|16|3|10,0.1165|0.0818|0.0659|0.0626|0.0346,
unit_000889,HongKong,14,16,329.4,1,2.4466,3e-05,0.0,0.5,22.331269,114.156946,1|31|7|21|3,0.1054|0.1019|0.0736|0.0561|0.0499,
unit_000890,HongKong,20,20,355.5,31,2.3969,0.0,0.0,0.5,22.252407,114.182799,31|22|16|27|1,0.1219|0.0811|0.0731|0.0645|0.0623,
unit_000892,HongKong,16,26,344.1,1,2.4871,2e-05,0.0,0.5,22.315466,114.177346,1|21|31|3|18,0.1337|0.0891|0.0615|0.0542|0.0507,
unit_000893,HongKong,8,8,136.0,1,2.3531,0.0,0.0,0.5,22.317526,114.178615,1|31|18|16|27,0.1187|0.0917|0.0654|0.0652|0.0611,
unit_000894,HongKong,38,38,686.7,1,2.3531,0.0,0.0,0.5,22.317709,114.178113,1|31|18|16|27,0.1187|0.0917|0.0654|0.0652|0.0611,
unit_000895,HongKong,30,40,515.2,1,2.4425,2e-05,0.0,0.5,22.315125,114.177644,1|21|31|3|18,0.1306|0.0922|0.0623|0.0554|0.0521,
unit_000897,HongKong,3,3,52.8,18,2.3983,0.0,0.0,0.5,22.307733,114.179038,18|22|21|27|2,0.1048|0.0920|0.0903|0.0771|0.0737,
unit_000898,HongKong,36,36,563.3,22,2.4744,0.0,0.0,0.5,22.313978,114.274801,22|31|10|7|21,0.1112|0.0886|0.0861|0.0805|0.0794,
unit_000899,HongKong,12,12,156.2,22,2.4878,0.0,0.0,0.5,22.312421,114.274752,22|27|7|23|31,0.1130|0.0788|0.0547|0.0536|0.0476,
unit_000900,HongKong,24,24,471.7,13,2.4348,0.0,0.0,0.5,22.311475,114.277295,13|31|7|27|22,0.1016|0.0752|0.0663|0.0505|0.0485,
unit_000902,HongKong,29,29,515.1,1,2.4046,0.0,0.0,0.5,22.314642,114.190552,1|21|13|7|10,0.0960|0.0509|0.0484|0.0470|0.0461,
unit_000903,HongKong,11,11,255.4,22,2.4683,0.0,0.0,0.5,22.345068,114.252575,22|13|7|27|21,0.1046|0.0769|0.0749|0.0681|0.0669,
unit_000904,HongKong,38,54,838.5,22,2.3728,6e-05,0.0,0.5,22.347042,114.2497,22|13|23|31|27,0.1409|0.0428|0.0427|0.0426|0.0413,
unit_000905,HongKong,34,34,608.8,7,2.3442,0.0,0.0,0.5,22.352242,114.247817,7|13|21|3|22,0.0840|0.0758|0.0580|0.0521|0.0480,
unit_000906,HongKong,46,48,813.5,10,2.4762,0.0,0.0,0.5,22.354599,114.246554,10|7|31|3|2,0.0767|0.0742|0.0638|0.0622|0.0577,
unit_000907,HongKong,30,30,546.9,7,2.3376,0.0,0.07502,0.5187,22.353622,114.259138,7|3|31|13|22,0.1285|0.0738|0.0731|0.0627|0.0564,
unit_000908,HongKong,14,14,328.1,7,2.2322,0.0,0.07502,0.5187,22.354797,114.259816,7|13|21|22|27,0.1467|0.0754|0.0613|0.0564|0.0486,
unit_000909,HongKong,46,84,860.5,7,2.3291,6e-05,0.0,0.5,22.35353,114.260545,7|22|31|23|13,0.1182|0.0890|0.0845|0.0701|0.0477,
unit_000910,HongKong,7,7,151.3,21,2.3655,0.0,0.0,0.5,22.350124,114.25443,21|18|22|27|23,0.1152|0.0837|0.0800|0.0646|0.0583,
unit_000911,HongKong,13,13,256.8,23,2.4782,0.0,0.0,0.5,22.348374,114.254656,23|21|18|22|31,0.1032|0.0920|0.0841|0.0793|0.0609,
unit_000912,HongKong,32,34,574.1,31,2.5332,3e-05,0.0,0.5,22.305561,114.233844,31|1|21|13|3,0.0786|0.0666|0.0595|0.0558|0.0469,
unit_000913,HongKong,18,18,309.1,1,2.389,0.0,0.0,0.5,22.307772,114.172498,1|2|16|10|7,0.1067|0.0688|0.0542|0.0415|0.0396,
unit_000914,HongKong,30,30,509.5,1,2.2319,0.0,0.0,0.5,22.297497,114.175698,1|27|3|22|21,0.1145|0.0535|0.0526|0.0474|0.0460,
unit_000917,HongKong,21,21,372.9,1,2.2759,0.0,0.11216,0.528,22.325373,114.187001,1|31|7|10|3,0.1120|0.0734|0.0502|0.0495|0.0455,
unit_000918,HongKong,40,40,670.8,21,2.4285,0.0,0.0,0.5,22.32082,114.177068,21|1|16|7|31,0.0952|0.0913|0.0870|0.0634|0.0573,
unit_000919,HongKong,27,27,535.4,1,2.4146,0.0,0.0,0.5,22.321752,114.178593,1|31|3|16|18,0.0971|0.0620|0.0601|0.0542|0.0512,
unit_000921,HongKong,22,22,337.9,1,2.3122,0.0,0.0,0.5,22.323918,114.183432,1|16|31|3|10,0.1046|0.0763|0.0632|0.0625|0.0307,
unit_000922,HongKong,40,44,800.6,1,2.4261,4e-05,0.0,0.5,22.319585,114.181778,1|7|31|27|16,0.0988|0.0729|0.0672|0.0583|0.0534,
unit_000923,HongKong,3,3,51.9,7,2.2873,0.0,0.0,0.5,22.323049,114.181593,7|31|16|21|1,0.1253|0.1090|0.0690|0.0666|0.0575,
unit_000924,HongKong,46,46,868.1,21,2.4478,0.0,0.0,0.5,22.320554,114.174127,21|7|27|16|31,0.1124|0.0787|0.0706|0.0629|0.0596,
unit_000927,HongKong,8,8,175.9,27,2.3961,0.0,0.0,0.5,22.3165,114.183191,27|21|1|22|3,0.1186|0.0971|0.0950|0.0648|0.0496,
unit_000928,HongKong,6,6,118.4,7,2.3711,0.0,0.0,0.5,22.319299,114.182963,7|31|1|10|13,0.0935|0.0870|0.0794|0.0546|0.0530,
unit_000929,HongKong,8,8,175.9,27,2.3961,0.0,0.0,0.5,22.3165,114.183191,27|21|1|22|3,0.1186|0.0971|0.0950|0.0648|0.0496,
unit_000930,HongKong,36,56,719.8,22,2.3369,6e-05,0.0,0.5,22.328602,114.245195,22|21|23|7|3,0.1717|0.0719|0.0684|0.0473|0.0399,
unit_000931,HongKong,26,35,554.3,22,2.4253,8e-05,0.0,0.5,22.322407,114.245971,22|21|23|27|10,0.1301|0.0883|0.0626|0.0607|0.0493,
unit_000932,HongKong,9,9,201.0,22,2.4026,0.0,0.0,0.5,22.326151,114.245694,22|27|23|21|10,0.1370|0.0956|0.0862|0.0638|0.0517,
unit_000933,HongKong,49,49,905.6,21,2.3413,0.0,0.3672,0.5908,22.319529,114.245167,21|16|23|31|2,0.0897|0.0880|0.0753|0.0530|0.0455,
unit_000934,HongKong,40,62,809.1,22,2.4547,6e-05,0.40187,0.5991,22.315931,114.244597,22|31|7|16|13,0.1282|0.0714|0.0618|0.0601|0.0572,
unit_000935,HongKong,35,35,636.0,1,2.4453,0.0,0.0,0.5,22.339711,114.171708,1|21|7|2|13,0.0889|0.0878|0.0684|0.0527|0.0509,
unit_000936,HongKong,14,14,223.5,1,2.4051,0.0,0.0,0.5,22.280513,114.17853,1|16|18|31|3,0.1078|0.0783|0.0689|0.0530|0.0474,
unit_000937,HongKong,11,11,179.9,1,2.3609,0.0,0.0,0.5,22.281599,114.190802,1|31|21|16|10,0.0988|0.0802|0.0590|0.0553|0.0551,
unit_000938,HongKong,62,62,897.4,31,2.4657,0.0,0.17481,0.5436,22.282241,114.231191,31|1|16|2|7,0.0718|0.0711|0.0668|0.0652|0.0621,
unit_000939,HongKong,42,42,709.6,1,2.0454,0.0,0.0,0.5,22.312466,114.187559,1|21|7|23|10,0.1264|0.0626|0.0483|0.0383|0.0257,
unit_000940,HongKong,8,8,125.4,21,2.4808,0.0,0.0,0.5,22.325928,114.189611,21|1|18|31|2,0.1013|0.0687|0.0568|0.0554|0.0542,
unit_000941,HongKong,14,14,158.5,1,1.9852,0.0,0.0,0.5,22.320723,114.188156,1|7|23|21|16,0.1276|0.0870|0.0501|0.0415|0.0402,
unit_000943,HongKong,20,20,329.9,1,2.1746,0.0,0.0,0.5,22.316111,114.189456,1|23|7|16|10,0.0930|0.0490|0.0425|0.0283|0.0266,
unit_000945,HongKong,32,32,434.8,1,2.2534,0.0,0.0,0.5,22.319497,114.192081,1|16|7|31|21,0.1065|0.1014|0.0811|0.0651|0.0607,
unit_000946,HongKong,32,32,501.9,1,2.4018,0.0,0.0,0.5,22.312378,114.190644,1|21|3|31|27,0.0878|0.0720|0.0718|0.0499|0.0462,
unit_000948,HongKong,5,6,102.0,27,2.4785,1e-05,0.07159,0.5179,22.309105,114.185756,27|2|21|13|31,0.0814|0.0746|0.0729|0.0593|0.0518,
unit_000950,HongKong,8,8,175.5,1,2.202,0.0,0.0,0.5,22.285943,114.210901,1|21|23|2|31,0.0848|0.0696|0.0649|0.0581|0.0512,
unit_000951,HongKong,10,10,165.6,1,2.1774,0.0,0.0,0.5,22.291106,114.196101,1|7|23|13|21,0.1254|0.0623|0.0568|0.0412|0.0390,
unit_000952,HongKong,4,4,75.8,1,2.388,0.0,0.0,0.5,22.284824,114.218359,1|31|16|10|21,0.1201|0.0789|0.0579|0.0540|0.0425,
unit_000955,HongKong,16,16,256.0,1,2.4024,0.0,0.0,0.5,22.30597,114.183186,1|16|7|10|3,0.0839|0.0663|0.0632|0.0437|0.0426,
unit_000956,HongKong,9,11,96.7,21,2.448,1e-05,0.08715,0.5218,22.302113,114.181115,21|2|1|7|16,0.1138|0.0777|0.0763|0.0662|0.0635,
unit_000957,HongKong,6,6,133.3,1,2.4145,0.0,0.10163,0.5254,22.302118,114.180098,1|3|2|16|21,0.0974|0.0730|0.0458|0.0424|0.0422,
unit_000958,HongKong,3,3,52.3,1,2.3463,0.0,0.0,0.5,22.323465,114.162362,1|2|21|7|14,0.1112|0.0593|0.0586|0.0513|0.0392,
unit_000959,HongKong,23,23,284.7,1,2.2548,0.0,0.0,0.5,22.268703,114.186128,1|7|23|16|10,0.1433|0.0681|0.0531|0.0425|0.0271,
unit_000960,HongKong,13,13,272.6,2,2.4264,0.0,0.0,0.5,22.318163,114.212546,2|18|1|3|31,0.0950|0.0899|0.0871|0.0603|0.0600,
unit_000962,HongKong,14,14,184.3,7,2.3688,0.0,0.12443,0.5311,22.266395,114.188244,7|1|27|31|21,0.1059|0.0871|0.0717|0.0706|0.0554,
unit_000964,HongKong,6,8,126.5,18,2.4361,0.0,0.07176,0.5179,22.308091,114.226421,18|1|31|16|3,0.0966|0.0953|0.0629|0.0504|0.0434,
unit_000965,HongKong,10,10,177.0,21,2.5104,0.0,0.0,0.5,22.305661,114.225172,21|31|1|13|10,0.0932|0.0884|0.0757|0.0745|0.0588,
unit_000967,HongKong,22,29,376.3,2,2.3502,0.0,0.10743,0.5268,22.308522,114.227839,2|1|14|31|3,0.0697|0.0670|0.0627|0.0578|0.0575,
unit_000968,HongKong,10,10,181.6,21,2.5104,0.0,0.0,0.5,22.305598,114.225084,21|31|1|13|10,0.0932|0.0884|0.0757|0.0745|0.0588,
unit_000969,HongKong,6,6,129.4,18,2.3853,0.0,0.0,0.5,22.306062,114.222413,18|10|16|21|1,0.1400|0.0630|0.0593|0.0499|0.0391,
unit_000971,HongKong,18,25,340.1,2,2.3808,0.0,0.0,0.5,22.322369,114.204759,2|1|16|10|13,0.0918|0.0679|0.0657|0.0646|0.0597,
unit_000973,HongKong,41,41,491.8,18,2.279,0.0,0.0,0.5,22.316969,114.211946,18|1|16|31|21,0.1143|0.0684|0.0680|0.0620|0.0383,
unit_000975,HongKong,17,17,329.9,21,2.3977,0.0,0.0,0.5,22.321118,114.21162,21|1|18|2|7,0.1015|0.0777|0.0698|0.0615|0.0602,
unit_000977,HongKong,20,20,337.7,1,2.3545,0.0,0.0,0.5,22.31539,114.21978,1|31|2|16|3,0.1337|0.0640|0.0489|0.0475|0.0419,
unit_000978,HongKong,9,9,82.0,1,2.2214,0.0,0.0,0.5,22.315689,114.22451,1|7|23|13|16,0.1319|0.0795|0.0496|0.0483|0.0370,
unit_000981,HongKong,8,8,176.2,1,2.4513,0.0,0.07017,0.5175,22.316167,114.233784,1|27|31|21|7,0.1065|0.0876|0.0814|0.0783|0.0620,
unit_000982,HongKong,26,26,516.1,1,2.4388,0.0,0.07017,0.5175,22.314725,114.234729,1|21|31|10|3,0.1037|0.0694|0.0674|0.0607|0.0597,
unit_000983,HongKong,23,23,390.7,1,2.2878,2e-05,0.0,0.5,22.313446,114.220977,1|7|16|23|2,0.1180|0.0815|0.0686|0.0456|0.0454,
unit_000984,HongKong,17,17,243.3,13,2.263,0.0,0.0,0.5,22.314914,114.211609,13|2|10|16|1,0.0863|0.0663|0.0616|0.0551|0.0480,
unit_000985,HongKong,8,8,185.5,1,2.271,0.0,0.0,0.5,22.315051,114.227662,1|7|21|31|13,0.1087|0.0913|0.0794|0.0749|0.0535,
unit_000986,HongKong,8,8,178.4,1,2.4567,0.0,0.0,0.5,22.31493,114.216075,1|16|31|3|7,0.1166|0.0635|0.0622|0.0614|0.0592,
unit_000987,HongKong,10,10,230.7,2,2.4264,0.0,0.0,0.5,22.318362,114.212948,2|18|1|3|31,0.0950|0.0899|0.0871|0.0603|0.0600,
unit_000989,HongKong,5,5,107.2,1,2.2782,0.0,0.0,0.5,22.316958,114.224204,1|7|21|31|13,0.1094|0.0881|0.0780|0.0500|0.0431,
unit_000990,HongKong,40,40,920.4,1,2.3295,0.0,0.0,0.5,22.320307,114.227122,1|16|31|21|3,0.1106|0.0766|0.0743|0.0741|0.0390,
unit_000992,HongKong,22,22,390.6,1,2.2175,0.0,0.09047,0.5226,22.339107,114.199414,1|16|10|13|2,0.1354|0.0591|0.0435|0.0347|0.0330,
unit_000993,HongKong,14,14,303.5,27,2.3719,0.0,0.0,0.5,22.323615,114.211362,27|2|1|22|14,0.0533|0.0498|0.0487|0.0477|0.0457,
unit_000994,HongKong,30,47,531.9,2,2.4293,2e-05,0.09913,0.5248,22.321477,114.204783,2|1|3|16|18,0.0910|0.0811|0.0674|0.0619|0.0572,
unit_000995,HongKong,4,4,78.9,1,2.5316,0.0,0.0,0.5,22.339928,114.202714,1|18|3|16|31,0.1041|0.0650|0.0607|0.0582|0.0569,
unit_000997,HongKong,23,23,530.1,1,2.3951,0.0,0.0,0.5,22.336386,114.194741,1|21|31|7|16,0.1287|0.0555|0.0455|0.0453|0.0450,
unit_000999,HongKong,19,25,326.5,18,2.4587,1e-05,0.11378,0.5284,22.337194,114.204282,18|31|1|3|16,0.1134|0.0832|0.0807|0.0560|0.0557,
unit_001000,HongKong,12,12,254.7,1,2.3717,0.0,0.0,0.5,22.320683,114.22077,1|31|16|3|7,0.1222|0.0702|0.0692|0.0485|0.0444,
unit_001001,HongKong,13,13,184.8,1,2.0409,0.0,0.0,0.5,22.335095,114.195965,1|7|16|23|21,0.1300|0.0808|0.0546|0.0542|0.0340,
unit_001002,HongKong,22,22,333.3,1,2.4596,0.0,0.0,0.5,22.320771,114.222702,1|16|27|31|10,0.0986|0.0750|0.0696|0.0607|0.0569,
unit_001003,HongKong,8,8,179.1,27,2.4834,0.0,0.0,0.5,22.322211,114.220944,27|1|21|10|3,0.1000|0.0976|0.0725|0.0642|0.0517,
unit_001004,HongKong,48,65,1041.5,1,2.4446,3e-05,0.0,0.5,22.323825,114.217518,1|21|27|31|10,0.1286|0.0718|0.0539|0.0525|0.0438,
unit_001005,HongKong,7,7,52.8,1,2.318,0.0,0.0,0.5,22.341246,114.195587,1|16|18|3|31,0.0964|0.0690|0.0653|0.0535|0.0526,
unit_001006,HongKong,22,22,429.5,1,2.2897,0.0,0.0,0.5,22.339438,114.19387,1|31|3|21|27,0.1304|0.0878|0.0686|0.0647|0.0471,
unit_001007,HongKong,8,11,188.7,18,2.5153,0.0001,0.0,0.5,22.337697,114.204378,18|1|31|16|27,0.0969|0.0757|0.0728|0.0703|0.0581,
unit_001008,HongKong,7,8,150.3,21,2.4639,1e-05,0.10223,0.5255,22.337311,114.179201,21|1|18|10|27,0.0940|0.0822|0.0633|0.0529|0.0494,
unit_001009,HongKong,14,14,235.5,1,2.4457,0.0,0.0,0.5,22.3377,114.188385,1|31|13|7|3,0.0681|0.0653|0.0470|0.0464|0.0458,
unit_001010,HongKong,22,38,410.3,31,2.4886,3e-05,0.0,0.5,22.337765,114.18999,31|1|27|3|7,0.0960|0.0839|0.0737|0.0714|0.0642,
unit_001011,HongKong,20,20,379.6,1,2.3246,0.0,0.0,0.5,22.335295,114.187493,1|21|13|7|3,0.1112|0.0712|0.0486|0.0468|0.0427,
unit_001012,HongKong,7,7,156.1,16,2.4651,0.0,0.0,0.5,22.345186,114.190016,16|31|1|10|27,0.0953|0.0700|0.0650|0.0606|0.0579,
unit_001013,HongKong,7,7,156.0,16,2.4651,0.0,0.0,0.5,22.345101,114.190012,16|31|1|10|27,0.0953|0.0700|0.0650|0.0606|0.0579,
unit_001014,HongKong,22,22,463.8,27,2.4205,0.0,0.0,0.5,22.283265,114.217486,27|1|31|21|3,0.1003|0.0933|0.0767|0.0485|0.0464,
unit_001015,HongKong,19,27,328.5,1,2.3132,6e-05,0.0,0.5,22.279306,114.181471,1|21|7|16|18,0.1390|0.0548|0.0518|0.0476|0.0456,
unit_001016,HongKong,8,8,137.8,1,2.4389,0.0,0.0,0.5,22.281009,114.224192,1|31|2|21|3,0.1291|0.0938|0.0683|0.0633|0.0595,
unit_001018,HongKong,7,11,153.4,18,2.2435,1e-05,0.16003,0.5399,22.293312,114.208035,18|16|1|10|31,0.1235|0.0671|0.0541|0.0538|0.0460,
unit_001019,HongKong,6,6,131.8,18,2.3926,0.0,0.0,0.5,22.285293,114.221639,18|1|31|10|21,0.1402|0.0875|0.0673|0.0601|0.0518,
unit_001020,HongKong,5,5,104.1,18,2.3926,0.0,0.0,0.5,22.28557,114.221425,18|1|31|10|21,0.1402|0.0875|0.0673|0.0601|0.0518,
unit_001021,HongKong,8,8,177.1,31,2.4657,0.0,0.0,0.5,22.282486,114.231194,31|1|16|2|7,0.0718|0.0711|0.0668|0.0652|0.0621,
unit_001022,HongKong,38,38,779.8,1,2.4389,0.0,0.26395,0.5656,22.281769,114.224345,1|31|2|21|3,0.1291|0.0938|0.0683|0.0633|0.0595,
unit_001023,HongKong,6,6,128.6,1,2.4051,0.0,0.0,0.5,22.280623,114.179002,1|16|18|31|3,0.1078|0.0783|0.0689|0.0530|0.0474,
unit_001024,HongKong,15,16,350.5,1,2.4776,3e-05,0.0,0.5,22.273057,114.179724,1|21|18|31|10,0.0887|0.0851|0.0817|0.0444|0.0398,
unit_001025,HongKong,3,3,51.8,1,2.4051,0.0,0.0,0.5,22.280791,114.179099,1|16|18|31|3,0.1078|0.0783|0.0689|0.0530|0.0474,
unit_001027,HongKong,6,6,126.1,16,2.3075,0.0,0.0,0.5,22.266087,114.180675,16|31|21|7|1,0.1023|0.0969|0.0648|0.0560|0.0408,
unit_001030,HongKong,5,5,100.9,14,1.3898,0.0,0.0,0.5,22.262797,114.180537,14|21|18|23|2,0.1351|0.0338|0.0240|0.0226|0.0062,
unit_001031,HongKong,7,7,151.3,14,1.6083,0.0,0.0,0.5,22.259619,114.180404,14|21|18|23|2,0.1460|0.0453|0.0351|0.0240|0.0138,
unit_001032,HongKong,13,15,302.6,14,1.5166,0.0,0.0,0.5,22.256669,114.18028,14|21|18|23|2,0.1424|0.0396|0.0314|0.0202|0.0060,
unit_001033,HongKong,12,19,277.4,3,2.5687,6e-05,0.0,0.5,22.252006,114.178601,3|21|16|1|23,0.0863|0.0803|0.0658|0.0616|0.0571,
unit_001034,HongKong,12,12,249.8,2,2.3782,0.0,0.0,0.5,22.280399,114.164172,2|1|18|16|14,0.0888|0.0840|0.0544|0.0466|0.0453,
unit_001035,HongKong,8,8,180.6,18,2.3324,0.0,0.0,0.5,22.308884,114.230487,18|31|2|1|23,0.1310|0.0823|0.0741|0.0452|0.0422,
unit_001036,HongKong,56,56,1102.5,1,2.1428,0.0,0.0,0.5,22.28219,114.174243,1|10|21|16|3,0.1028|0.0634|0.0568|0.0556|0.0518,
unit_001038,HongKong,12,12,230.8,10,2.4949,0.0,0.0,0.5,22.221917,114.243552,10|22|3|21|16,0.0888|0.0767|0.0704|0.0687|0.0634,
unit_001039,HongKong,35,40,506.6,10,2.4499,0.0,0.11637,0.5291,22.248424,114.169572,10|16|21|2|7,0.1027|0.0914|0.0845|0.0722|0.0622,
unit_001040,HongKong,12,12,190.7,22,2.5613,0.0,0.29046,0.5721,22.248818,114.175649,22|7|10|31|16,0.1076|0.0773|0.0725|0.0670|0.0605,
unit_001041,HongKong,7,8,152.0,7,2.4212,0.0,0.14451,0.5361,22.238825,114.165383,7|16|31|13|22,0.1011|0.0713|0.0677|0.0645|0.0582,
unit_001042,HongKong,7,8,152.0,21,2.3921,0.0,0.14451,0.5361,22.240073,114.166172,21|7|22|27|16,0.1238|0.1028|0.0694|0.0601|0.0591,
unit_001043,HongKong,17,18,405.3,1,2.4943,4e-05,0.0,0.5,22.243328,114.164618,1|16|7|3|10,0.1041|0.0830|0.0643|0.0527|0.0495,
unit_001044,HongKong,6,6,125.7,16,2.408,0.0,0.0,0.5,22.248988,114.166138,16|7|10|1|31,0.0662|0.0657|0.0653|0.0598|0.0508,
unit_001045,HongKong,19,23,353.4,21,2.56,0.0,0.05875,0.5147,22.256577,114.193228,21|22|27|31|10,0.0981|0.0795|0.0729|0.0684|0.0633,
unit_001047,HongKong,20,20,250.5,7,2.4728,0.0,0.09926,0.5248,22.26395,114.189977,7|1|31|27|21,0.1194|0.0765|0.0664|0.0640|0.0600,
unit_001048,HongKong,4,4,62.8,31,2.4733,0.0,0.0,0.5,22.263247,114.187505,31|22|16|10|14,0.0965|0.0669|0.0581|0.0432|0.0432,
unit_001049,HongKong,20,26,368.2,31,2.2129,0.0,0.22559,0.5562,22.240519,114.187583,31|7|27|13|1,0.0848|0.0847|0.0607|0.0556|0.0365,
unit_001050,HongKong,52,54,1125.7,27,2.5284,6e-05,0.0,0.5,22.238763,114.189523,27|21|22|31|1,0.0885|0.0794|0.0625|0.0607|0.0551,
unit_001051,HongKong,7,7,152.7,21,2.3668,0.0,0.22559,0.5562,22.241374,114.187279,21|27|7|16|22,0.1078|0.0863|0.0651|0.0610|0.0499,
unit_001052,HongKong,8,8,178.2,10,2.4623,0.0,0.0,0.5,22.24483,114.187639,10|31|3|7|21,0.0902|0.0683|0.0580|0.0564|0.0496,
unit_001054,HongKong,5,5,101.3,21,2.5319,0.0,0.0,0.5,22.238465,114.189096,21|31|27|22|1,0.0865|0.0726|0.0693|0.0680|0.0616,
unit_001056,HongKong,7,7,151.5,31,2.3336,0.0,0.0,0.5,22.265989,114.182322,31|22|23|27|2,0.1126|0.0883|0.0872|0.0829|0.0605,
unit_001057,HongKong,8,8,176.7,16,2.3075,0.0,0.0,0.5,22.266272,114.180467,16|31|21|7|1,0.1023|0.0969|0.0648|0.0560|0.0408,
unit_001058,HongKong,48,64,1066.5,23,2.3121,3e-05,0.0,0.5,22.267905,114.177243,23|22|31|2|27,0.1172|0.0967|0.0806|0.0714|0.0706,
unit_001059,HongKong,6,7,125.9,21,2.415,0.0,0.09497,0.5237,22.264746,114.184422,21|22|23|27|1,0.1003|0.0852|0.0617|0.0617|0.0528,
unit_001060,HongKong,18,18,335.8,21,2.3718,0.0,0.0,0.5,22.268222,114.191125,21|7|27|13|16,0.0785|0.0711|0.0627|0.0437|0.0417,
unit_001061,HongKong,8,8,178.7,27,2.3743,0.0,0.0,0.5,22.281041,114.193646,27|21|22|2|31,0.1262|0.0825|0.0655|0.0470|0.0468,
unit_001062,HongKong,8,8,178.7,21,2.205,0.0,0.36146,0.5894,22.28288,114.194814,21|27|22|23|2,0.1218|0.1162|0.0590|0.0579|0.0462,
unit_001063,HongKong,10,10,149.9,7,2.3383,0.0,0.0,0.5,22.268762,114.194273,7|31|27|13|23,0.1140|0.0882|0.0605|0.0571|0.0373,
unit_001064,HongKong,42,84,1066.1,7,2.5049,8e-05,0.0,0.5,22.238885,114.201144,7|31|16|1|21,0.0947|0.0819|0.0684|0.0683|0.0657,
unit_001065,HongKong,15,15,254.3,7,2.4445,0.0,0.0,0.5,22.236549,114.197725,7|21|1|16|31,0.0866|0.0781|0.0741|0.0651|0.0577,
unit_001066,HongKong,8,8,176.6,27,2.4234,0.0,0.0,0.5,22.235609,114.19975,27|1|21|3|31,0.0778|0.0713|0.0687|0.0557|0.0438,
unit_001067,HongKong,8,8,176.6,27,2.4283,0.0,0.0,0.5,22.231224,114.199588,27|22|21|23|10,0.1028|0.0784|0.0658|0.0522|0.0353,
unit_001068,HongKong,13,16,302.8,27,2.4601,2e-05,0.0,0.5,22.229099,114.201092,27|22|16|18|10,0.1238|0.0689|0.0687|0.0671|0.0455,
unit_001069,HongKong,28,28,567.6,27,2.448,0.0,0.0,0.5,22.233207,114.199145,27|22|21|2|31,0.1201|0.0745|0.0665|0.0639|0.0515,
unit_001070,HongKong,12,14,254.8,22,2.3973,1e-05,0.09961,0.5249,22.224399,114.197876,22|31|27|21|23,0.0978|0.0846|0.0828|0.0822|0.0821,
unit_001071,HongKong,7,7,152.9,27,2.3767,0.0,0.09961,0.5249,22.225363,114.198712,27|22|21|10|23,0.1334|0.0893|0.0847|0.0472|0.0386,
unit_001072,HongKong,9,9,203.9,22,2.3107,0.0,0.0,0.5,22.227576,114.197344,22|21|27|23|14,0.1072|0.0951|0.0899|0.0462|0.0263,
unit_001073,HongKong,8,8,178.4,22,2.3802,0.0,0.0,0.5,22.22901,114.197215,22|31|16|23|27,0.1054|0.1002|0.0749|0.0745|0.0523,
unit_001074,HongKong,11,11,209.1,10,2.5261,0.0,0.0,0.5,22.28939,114.276174,10|21|31|27|3,0.0980|0.0884|0.0820|0.0533|0.0501,
unit_001075,HongKong,58,58,968.5,27,2.4502,0.0,0.16029,0.54,22.269256,114.165614,27|22|10|21|23,0.0935|0.0894|0.0676|0.0668|0.0636,
unit_001076,HongKong,8,8,176.9,22,2.3207,0.0,0.0,0.5,22.268137,114.172288,22|31|23|27|16,0.1114|0.0934|0.0886|0.0681|0.0591,
unit_001077,HongKong,8,8,176.9,31,2.4755,0.0,0.0,0.5,22.26981,114.174829,31|27|22|23|16,0.1061|0.0864|0.0844|0.0778|0.0612,
unit_001078,HongKong,7,7,150.7,27,2.3102,0.0,0.06344,0.5159,22.264236,114.169917,27|22|16|13|7,0.1257|0.1243|0.0772|0.0417|0.0350,
unit_001079,HongKong,10,12,228.3,22,2.3578,3e-05,0.0,0.5,22.263303,114.171849,22|27|31|23|21,0.1192|0.0741|0.0542|0.0421|0.0421,
unit_001080,HongKong,11,11,154.9,7,2.3567,0.0,0.0,0.5,22.221296,114.213188,7|31|27|1|3,0.1241|0.0833|0.0589|0.0586|0.0379,
unit_001081,HongKong,13,13,218.6,22,2.2734,0.0,0.13246,0.5331,22.224096,114.213519,22|16|27|31|23,0.1298|0.0985|0.0747|0.0636|0.0465,
unit_001082,HongKong,24,24,512.7,27,2.2767,0.0,0.23841,0.5593,22.217792,114.204748,27|21|7|13|1,0.1025|0.0918|0.0846|0.0438|0.0348,
unit_001083,HongKong,36,38,778.5,7,2.396,4e-05,0.0,0.5,22.219688,114.203249,7|21|27|13|31,0.0953|0.0863|0.0754|0.0649|0.0352,
unit_001084,HongKong,7,8,152.3,27,2.3809,1e-05,0.05373,0.5134,22.206399,114.213811,27|13|22|16|2,0.0973|0.0875|0.0743|0.0628|0.0499,
unit_001085,HongKong,8,8,177.6,27,2.422,0.0,0.3594,0.5889,22.208478,114.213499,27|21|7|1|22,0.0950|0.0811|0.0636|0.0526|0.0517,
unit_001086,HongKong,9,9,203.0,23,2.3056,0.0,0.3594,0.5889,22.209591,114.214597,23|22|27|31|16,0.0823|0.0799|0.0581|0.0448|0.0425,
unit_001087,HongKong,8,8,177.6,22,2.3941,0.0,0.0,0.5,22.211196,114.216387,22|27|23|2|31,0.1114|0.0920|0.0573|0.0511|0.0392,
unit_001088,HongKong,8,9,175.4,27,2.4883,1e-05,0.07615,0.519,22.220101,114.209675,27|16|21|14|13,0.0854|0.0797|0.0482|0.0394|0.0390,
unit_001089,HongKong,7,7,150.4,21,2.4621,0.0,0.07615,0.519,22.221213,114.208411,21|16|27|22|31,0.1286|0.0869|0.0828|0.0813|0.0792,
unit_001090,HongKong,8,8,175.4,31,2.4053,0.0,0.0,0.5,22.222186,114.206882,31|16|22|7|10,0.1174|0.0910|0.0894|0.0662|0.0537,
unit_001091,HongKong,28,28,390.6,21,2.3794,0.0,0.0,0.5,22.219884,114.206821,21|22|1|31|7,0.1152|0.0811|0.0661|0.0547|0.0496,
unit_001093,HongKong,8,8,177.6,22,2.3941,0.0,0.0,0.5,22.211196,114.216387,22|27|23|2|31,0.1114|0.0920|0.0573|0.0511|0.0392,
unit_001094,HongKong,9,9,203.0,23,2.3056,0.0,0.3594,0.5889,22.209591,114.214597,23|22|27|31|16,0.0823|0.0799|0.0581|0.0448|0.0425,
unit_001095,HongKong,8,8,177.6,27,2.422,0.0,0.3594,0.5889,22.208478,114.213499,27|21|7|1|22,0.0950|0.0811|0.0636|0.0526|0.0517,
unit_001096,HongKong,7,8,152.3,27,2.3809,1e-05,0.05373,0.5134,22.206399,114.213811,27|13|22|16|2,0.0973|0.0875|0.0743|0.0628|0.0499,
unit_001097,HongKong,8,8,176.8,22,2.3357,0.0,0.19234,0.5479,22.213665,114.215138,22|16|7|27|31,0.1183|0.0699|0.0691|0.0596|0.0547,
unit_001098,HongKong,15,16,353.5,31,2.4642,9e-05,0.19234,0.5479,22.215761,114.21409,31|13|21|22|7,0.0759|0.0682|0.0669|0.0589|0.0588,
unit_001100,HongKong,52,52,945.4,10,2.4767,0.0,0.11645,0.5291,22.236055,114.223525,10|31|22|21|16,0.0708|0.0695|0.0656|0.0607|0.0595,
unit_001101,HongKong,8,16,175.3,27,2.4296,1e-05,0.0,0.5,22.234369,114.239485,27|22|16|21|23,0.1251|0.1085|0.0618|0.0417|0.0396,
unit_001102,HongKong,14,17,325.5,27,2.2837,5e-05,0.0,0.5,22.230222,114.239856,27|22|21|23|16,0.0951|0.0849|0.0691|0.0603|0.0574,
unit_001103,HongKong,10,16,225.4,22,2.4417,6e-05,0.0,0.5,22.225727,114.2405,22|27|21|16|31,0.1210|0.1070|0.0816|0.0667|0.0503,
unit_001104,HongKong,6,7,126.7,27,2.3514,0.0,0.07516,0.5188,22.240606,114.246876,27|13|22|14|16,0.1037|0.0505|0.0484|0.0358|0.0344,
unit_001105,HongKong,7,8,152.0,27,2.3744,1e-05,0.07516,0.5188,22.239607,114.247968,27|23|22|31|2,0.0999|0.0936|0.0931|0.0738|0.0584,
unit_001106,HongKong,9,9,203.4,7,2.2337,0.0,0.18968,0.5473,22.229709,114.253497,7|13|21|22|1,0.1161|0.0807|0.0498|0.0462|0.0426,
unit_001108,HongKong,7,7,152.5,21,2.382,0.0,0.0,0.5,22.23389,114.248906,21|22|10|7|31,0.0941|0.0870|0.0509|0.0466|0.0421,
unit_001109,HongKong,48,52,1074.6,18,2.5198,6e-05,0.0,0.5,22.275826,114.238373,18|21|23|31|2,0.1113|0.0817|0.0755|0.0508|0.0460,
unit_001110,HongKong,8,8,177.1,21,2.4439,0.0,0.0,0.5,22.271928,114.239353,21|31|1|16|2,0.1339|0.0700|0.0681|0.0613|0.0516,
unit_001111,HongKong,9,9,175.2,10,2.5293,0.0,0.17751,0.5443,22.267967,114.247996,10|21|31|1|7,0.0884|0.0731|0.0719|0.0657|0.0556,
unit_001112,HongKong,8,8,181.8,21,2.4757,0.0,0.0,0.5,22.327894,114.178488,21|27|10|2|1,0.0731|0.0641|0.0624|0.0534|0.0441,
unit_001113,HongKong,10,10,180.6,1,2.5316,0.0,0.0,0.5,22.317658,114.261741,1|3|10|18|31,0.0777|0.0770|0.0718|0.0703|0.0702,
unit_001114,HongKong,9,13,202.6,18,2.5354,7e-05,0.0,0.5,22.316182,114.260811,18|31|1|21|13,0.1171|0.0694|0.0534|0.0526|0.0495,
unit_001115,HongKong,6,7,126.6,1,2.5104,2e-05,0.077,0.5192,22.31371,114.257912,1|13|10|31|16,0.0734|0.0697|0.0685|0.0640|0.0567,
unit_001116,HongKong,11,14,253.2,21,2.5512,2e-05,0.077,0.5192,22.31219,114.256731,21|18|31|1|10,0.1068|0.0925|0.0783|0.0564|0.0488,
unit_001117,HongKong,15,15,186.0,1,2.3217,0.0,0.0,0.5,22.322805,114.168318,1|7|16|13|3,0.1377|0.0572|0.0483|0.0370|0.0358,
unit_001118,HongKong,12,14,241.8,1,2.407,1e-05,0.0,0.5,22.314354,114.172235,1|7|21|10|16,0.1112|0.0720|0.0557|0.0483|0.0482,
unit_001119,HongKong,5,5,101.8,21,2.4285,0.0,0.0,0.5,22.321006,114.176983,21|1|16|7|31,0.0952|0.0913|0.0870|0.0634|0.0573,
unit_001120,HongKong,8,8,178.1,1,2.4146,0.0,0.0,0.5,22.321934,114.178952,1|31|3|16|18,0.0971|0.0620|0.0601|0.0542|0.0512,
unit_001121,HongKong,7,7,150.5,7,2.2873,0.0,0.0,0.5,22.322289,114.181348,7|31|16|21|1,0.1253|0.1090|0.0690|0.0666|0.0575,
unit_001122,HongKong,8,8,178.7,1,2.4146,0.0,0.0,0.5,22.321879,114.178956,1|31|3|16|18,0.0971|0.0620|0.0601|0.0542|0.0512,
unit_001123,HongKong,6,6,127.6,21,2.4285,0.0,0.0,0.5,22.321001,114.177083,21|1|16|7|31,0.0952|0.0913|0.0870|0.0634|0.0573,
unit_001124,HongKong,16,16,299.8,1,2.2584,0.0,0.0,0.5,22.327639,114.168004,1|7|21|16|31,0.1050|0.1045|0.0899|0.0620|0.0552,
unit_001126,HongKong,13,13,263.1,16,2.4155,0.0,0.0,0.5,22.296371,114.176763,16|1|21|3|31,0.0891|0.0772|0.0605|0.0561|0.0496,
unit_001127,HongKong,16,16,333.7,16,2.402,0.0,0.0,0.5,22.294812,114.17398,16|1|2|18|31,0.1142|0.0955|0.0506|0.0412|0.0399,
unit_001131,HongKong,16,16,354.0,22,2.313,0.0,0.0,0.5,22.309514,114.252486,22|31|16|23|7,0.1331|0.0786|0.0604|0.0402|0.0385,
unit_001132,HongKong,8,8,177.0,21,2.4254,0.0,0.0,0.5,22.313292,114.255462,21|22|7|31|23,0.1113|0.1007|0.0830|0.0799|0.0505,
unit_001133,HongKong,32,32,569.3,22,2.495,0.0,0.0,0.5,22.316667,114.254253,22|13|3|23|27,0.1411|0.0743|0.0708|0.0542|0.0533,
unit_001134,HongKong,10,10,179.3,1,2.4498,0.0,0.0,0.5,22.334342,114.162895,1|21|31|3|7,0.0882|0.0861|0.0724|0.0713|0.0688,
unit_001136,HongKong,14,14,266.1,1,2.2121,0.0,0.0,0.5,22.332546,114.164701,1|7|23|16|21,0.1527|0.0753|0.0509|0.0382|0.0340,
unit_001137,HongKong,8,8,179.3,21,2.4524,0.0,0.0,0.5,22.337066,114.1621,21|27|1|18|3,0.1096|0.0840|0.0682|0.0642|0.0574,
unit_001138,HongKong,6,6,113.1,1,2.4498,0.0,0.0,0.5,22.334055,114.163277,1|21|31|3|7,0.0882|0.0861|0.0724|0.0713|0.0688,
unit_001139,HongKong,8,8,181.6,21,2.4561,0.0,0.0,0.5,22.314335,114.166778,21|18|1|31|27,0.1107|0.0899|0.0882|0.0784|0.0573,
unit_001140,HongKong,7,7,166.1,21,2.4561,0.0,0.0,0.5,22.314205,114.166558,21|18|1|31|27,0.1107|0.0899|0.0882|0.0784|0.0573,
unit_001141,HongKong,7,7,160.2,18,2.2044,0.0,0.0,0.5,22.310565,114.16752,18|10|14|1|2,0.0914|0.0524|0.0461|0.0369|0.0351,
unit_001142,HongKong,84,100,1600.5,1,2.1474,4e-05,0.0,0.5,22.304816,114.171798,1|21|23|7|16,0.1388|0.0539|0.0437|0.0362|0.0357,
unit_001143,HongKong,5,5,102.7,1,2.3185,0.0,0.0,0.5,22.314336,114.162834,1|2|7|14|21,0.0906|0.0531|0.0454|0.0449|0.0385,
unit_001144,HongKong,5,5,102.7,1,2.3185,0.0,0.0,0.5,22.314336,114.162834,1|2|7|14|21,0.0906|0.0531|0.0454|0.0449|0.0385,
unit_001145,HongKong,5,5,100.1,21,2.4561,0.0,0.0,0.5,22.31417,114.166012,21|18|1|31|27,0.1107|0.0899|0.0882|0.0784|0.0573,
unit_001146,HongKong,8,8,175.2,1,2.4055,0.0,0.0,0.5,22.31648,114.165547,1|21|3|7|31,0.1169|0.0800|0.0799|0.0558|0.0532,
unit_001147,HongKong,8,8,175.2,1,2.4055,0.0,0.0,0.5,22.31648,114.165547,1|21|3|7|31,0.1169|0.0800|0.0799|0.0558|0.0532,
unit_001148,HongKong,5,5,100.1,21,2.4561,0.0,0.0,0.5,22.31417,114.166012,21|18|1|31|27,0.1107|0.0899|0.0882|0.0784|0.0573,
unit_001149,HongKong,17,17,376.9,1,2.389,0.0,0.0,0.5,22.30819,114.172418,1|2|16|10|7,0.1067|0.0688|0.0542|0.0415|0.0396,
unit_001150,HongKong,34,34,477.8,1,2.3463,0.0,0.0,0.5,22.32378,114.161927,1|2|21|7|14,0.1112|0.0593|0.0586|0.0513|0.0392,
unit_001151,HongKong,8,9,179.9,18,2.2559,0.0,0.0,0.5,22.301496,114.185289,18|1|31|2|21,0.1576|0.0796|0.0675|0.0481|0.0480,
unit_001152,HongKong,7,7,156.0,18,2.3216,0.0,0.0,0.5,22.300674,114.184145,18|1|31|2|16,0.1408|0.0789|0.0696|0.0532|0.0396,
unit_001153,HongKong,3,3,50.3,1,2.5339,0.0,0.0,0.5,22.306513,114.180829,1|18|2|16|3,0.1090|0.0740|0.0606|0.0557|0.0548,
unit_001156,HongKong,8,8,176.3,1,2.2626,0.0,0.0,0.5,22.320518,114.165756,1|21|7|3|23,0.1479|0.0547|0.0474|0.0360|0.0348,
unit_001157,HongKong,9,9,159.0,21,2.4561,0.0,0.0,0.5,22.314504,114.166862,21|18|1|31|27,0.1107|0.0899|0.0882|0.0784|0.0573,
unit_001161,HongKong,14,22,297.4,21,2.5044,4e-05,0.07195,0.518,22.310634,114.178033,21|31|1|23|2,0.0962|0.0849|0.0841|0.0675|0.0655,
unit_001163,HongKong,16,16,181.9,1,2.1454,0.0,0.14224,0.5355,22.326859,114.161658,1|7|23|16|13,0.1420|0.0800|0.0652|0.0418|0.0332,
unit_001164,HongKong,4,4,63.5,21,2.4561,0.0,0.0,0.5,22.314236,114.167279,21|18|1|31|27,0.1107|0.0899|0.0882|0.0784|0.0573,
unit_001165,HongKong,10,10,162.8,1,2.0788,0.0,0.0,0.5,22.311394,114.171028,1|21|23|16|7,0.1209|0.0734|0.0436|0.0395|0.0370,
unit_001166,HongKong,9,9,115.0,1,2.1262,0.0,0.0,0.5,22.306205,114.168087,1|7|23|21|13,0.1461|0.0692|0.0594|0.0557|0.0327,
unit_001168,HongKong,8,8,126.4,1,2.1974,0.0,0.0,0.5,22.307411,114.167959,1|7|21|23|16,0.1165|0.0745|0.0526|0.0506|0.0369,
unit_001170,HongKong,24,24,460.7,1,2.2886,0.0,0.16646,0.5415,22.2998,114.172036,1|21|3|2|7,0.1213|0.0636|0.0347|0.0334|0.0329,
unit_001171,HongKong,10,10,122.6,1,2.2555,0.0,0.16646,0.5415,22.298764,114.172679,1|16|7|13|23,0.0980|0.0645|0.0405|0.0370|0.0333,
unit_001172,HongKong,26,26,452.4,1,2.1637,0.0,0.0,0.5,22.303352,114.17338,1|16|31|7|10,0.1240|0.0666|0.0504|0.0473|0.0339,
unit_001173,HongKong,22,22,279.1,1,2.2009,0.0,0.0,0.5,22.296903,114.174585,1|7|23|16|31,0.1276|0.0594|0.0518|0.0513|0.0364,
unit_001174,HongKong,39,39,447.8,1,2.0715,0.0,0.0,0.5,22.302037,114.175458,1|7|16|23|21,0.1362|0.0690|0.0517|0.0470|0.0359,
unit_001175,HongKong,6,6,131.6,1,2.4145,0.0,0.07268,0.5182,22.30217,114.18006,1|3|2|16|21,0.0974|0.0730|0.0458|0.0424|0.0422,
unit_001177,HongKong,20,20,318.0,1,2.1981,0.0,0.12994,0.5324,22.334304,114.161632,1|7|16|23|31,0.1526|0.0728|0.0481|0.0465|0.0320,
unit_001178,HongKong,11,12,211.6,1,2.4501,0.0,0.12994,0.5324,22.334345,114.16252,1|21|31|3|7,0.0909|0.0855|0.0722|0.0707|0.0697,
unit_001179,HongKong,8,8,86.3,7,2.3579,0.0,0.0,0.5,22.340557,114.158283,7|31|21|13|16,0.1451|0.0926|0.0755|0.0676|0.0537,
unit_001180,HongKong,6,6,135.9,21,2.4524,0.0,0.0,0.5,22.337565,114.161566,21|27|1|18|3,0.1096|0.0840|0.0682|0.0642|0.0574,
unit_001181,HongKong,28,28,524.4,3,2.4539,0.0,0.0,0.5,22.352048,114.251401,3|7|23|16|22,0.0919|0.0700|0.0595|0.0580|0.0485,
unit_001182,HongKong,24,24,466.2,7,2.3415,0.0,0.0,0.5,22.351115,114.249963,7|13|31|21|16,0.1379|0.0747|0.0726|0.0494|0.0467,
unit_001183,HongKong,58,58,1021.4,7,2.441,0.0,0.0,0.5,22.348673,114.250574,7|27|23|3|10,0.0967|0.0711|0.0609|0.0576|0.0575,
unit_001184,HongKong,34,55,674.3,21,2.5389,7e-05,0.0,0.5,22.342348,114.256157,21|31|23|2|18,0.0911|0.0885|0.0727|0.0721|0.0712,
unit_001185,HongKong,8,8,182.7,21,2.4907,0.0,0.0,0.5,22.343686,114.252291,21|22|27|31|23,0.1024|0.0962|0.0754|0.0740|0.0574,
unit_001186,HongKong,7,7,163.2,16,2.5109,0.0,0.0,0.5,22.343715,114.171698,16|18|31|2|27,0.1207|0.0696|0.0493|0.0484|0.0481,
unit_001187,HongKong,30,32,542.9,1,2.3511,0.0,0.06443,0.5161,22.308156,114.191873,1|31|21|3|10,0.1375|0.0779|0.0658|0.0482|0.0388,
unit_001189,HongKong,7,7,104.5,21,2.4808,0.0,0.0,0.5,22.325691,114.19,21|1|18|31|2,0.1013|0.0687|0.0568|0.0554|0.0542,
unit_001190,HongKong,19,19,226.5,16,2.512,0.0,0.0,0.5,22.341676,114.167695,16|18|31|10|1,0.0816|0.0814|0.0767|0.0593|0.0538,
unit_001191,HongKong,7,8,153.0,16,2.3333,0.0,0.06585,0.5165,22.342679,114.165754,16|31|1|27|3,0.0875|0.0832|0.0773|0.0659|0.0493,
unit_001192,HongKong,18,34,305.0,31,2.4051,3e-05,0.06147,0.5154,22.342442,114.164409,31|1|3|16|7,0.1095|0.0696|0.0695|0.0663|0.0553,
unit_001194,HongKong,4,4,65.0,2,2.4291,0.0,0.0,0.5,22.330272,114.193311,2|13|18|1|10,0.0765|0.0737|0.0685|0.0658|0.0487,
unit_001195,HongKong,33,33,482.2,1,2.4845,0.0,0.0,0.5,22.327782,114.157491,1|7|31|3|21,0.1132|0.0612|0.0539|0.0526|0.0520,
unit_001196,HongKong,11,11,207.8,1,2.3379,0.0,0.0,0.5,22.306078,114.256863,1|31|13|16|18,0.1021|0.0726|0.0710|0.0680|0.0610,
unit_001197,HongKong,8,8,188.8,21,2.3196,0.0,0.0,0.5,22.308237,114.255847,21|1|3|31|18,0.1103|0.0966|0.0753|0.0674|0.0584,
unit_001198,HongKong,9,9,202.6,14,1.8783,0.0,0.0,0.5,22.320218,114.247875,14|18|16|23|31,0.1574|0.0579|0.0315|0.0185|0.0152,
unit_001199,HongKong,4,4,76.0,21,2.3413,0.0,0.0,0.5,22.320068,114.246108,21|16|23|31|2,0.0897|0.0880|0.0753|0.0530|0.0455,
unit_001200,HongKong,6,6,133.4,1,2.5092,0.0,0.0,0.5,22.299142,114.239398,1|21|27|3|31,0.1198|0.0921|0.0569|0.0533|0.0482,
unit_001201,HongKong,38,44,750.2,1,2.3212,4e-05,0.0,0.5,22.293005,114.236866,1|7|16|21|23,0.0956|0.0931|0.0807|0.0637|0.0473,
unit_001204,HongKong,30,30,549.3,13,2.4054,0.0,0.0,0.5,22.292445,114.235419,13|2|1|10|7,0.0831|0.0767|0.0688|0.0605|0.0563,
unit_001205,HongKong,19,19,310.4,13,2.2849,0.0,0.0,0.5,22.294987,114.233878,13|16|1|2|7,0.0775|0.0672|0.0395|0.0313|0.0238,
unit_001206,HongKong,8,8,175.2,1,2.3182,0.0,0.0,0.5,22.296298,114.236593,1|16|13|23|3,0.0741|0.0696|0.0655|0.0567|0.0479,
unit_001207,HongKong,5,5,100.9,27,2.489,0.0,0.0,0.5,22.29482,114.238184,27|1|2|21|7,0.0809|0.0803|0.0394|0.0374|0.0326,
unit_001208,HongKong,28,28,488.5,27,2.489,0.0,0.0,0.5,22.295088,114.237897,27|1|2|21|7,0.0809|0.0803|0.0394|0.0374|0.0326,
unit_001209,HongKong,12,12,252.1,27,2.1856,0.0,0.0,0.5,22.347041,114.234575,27|23|22|2|31,0.1053|0.1014|0.0931|0.0670|0.0467,
unit_001210,HongKong,8,8,178.9,1,2.3618,0.0,0.0,0.5,22.317185,114.215278,1|2|23|7|18,0.1292|0.0598|0.0491|0.0468|0.0368,
unit_001211,HongKong,8,8,180.4,1,2.3618,0.0,0.0,0.5,22.31704,114.215375,1|2|23|7|18,0.1292|0.0598|0.0491|0.0468|0.0368,
unit_001213,HongKong,21,21,422.9,31,2.3816,0.0,0.0,0.5,22.329398,114.171974,31|21|1|10|7,0.0903|0.0730|0.0700|0.0571|0.0567,
unit_001214,HongKong,26,36,554.9,3,2.5373,5e-05,0.0,0.5,22.304262,114.274082,3|31|21|27|22,0.0896|0.0778|0.0757|0.0640|0.0616,
unit_001215,HongKong,18,18,356.9,21,2.4275,0.0,0.0,0.5,22.306498,114.274615,21|13|22|27|3,0.1125|0.0958|0.0587|0.0452|0.0415,
unit_001216,HongKong,14,14,305.9,13,2.4342,0.0,0.0,0.5,22.308763,114.274663,13|21|2|23|10,0.1199|0.0984|0.0518|0.0412|0.0403,
unit_001217,HongKong,16,16,346.8,21,2.4225,0.0,0.1488,0.5371,22.31036,114.26639,21|18|3|2|23,0.1069|0.0856|0.0702|0.0656|0.0607,
unit_001218,HongKong,7,7,156.0,27,2.4124,0.0,0.1488,0.5371,22.308999,114.267324,27|18|16|1|21,0.0803|0.0756|0.0722|0.0719|0.0615,
unit_001219,HongKong,16,16,317.9,1,2.5255,0.0,0.0,0.5,22.316501,114.236129,1|21|22|27|2,0.0878|0.0651|0.0632|0.0544|0.0422,
unit_001220,HongKong,4,4,56.7,1,2.407,0.0,0.0,0.5,22.306435,114.229155,1|21|3|10|27,0.1358|0.0880|0.0519|0.0389|0.0380,
unit_001221,HongKong,7,7,153.8,27,2.3145,0.0,0.0,0.5,22.301749,114.237613,27|1|21|16|3,0.1400|0.0976|0.0748|0.0633|0.0495,
unit_001222,HongKong,20,20,349.4,14,1.6739,0.0,0.0,0.5,22.282124,114.167328,14|16|18|23|2,0.1510|0.0434|0.0428|0.0221|0.0180,
unit_001223,HongKong,5,6,106.2,7,2.2677,0.0,0.07126,0.5178,22.353344,114.246881,7|22|13|21|27,0.1194|0.0728|0.0677|0.0473|0.0457,
unit_001225,HongKong,13,16,301.4,10,2.4587,1e-05,0.10413,0.526,22.329605,114.251353,10|22|7|23|18,0.1065|0.0790|0.0638|0.0547|0.0530,
unit_001227,HongKong,13,16,301.4,10,2.4587,1e-05,0.10413,0.526,22.329605,114.251353,10|22|7|23|18,0.1065|0.0790|0.0638|0.0547|0.0530,
unit_001228,HongKong,6,8,125.6,22,2.4452,2e-05,0.0804,0.5201,22.329381,114.250518,22|3|23|13|7,0.1041|0.0894|0.0820|0.0818|0.0742,
unit_001229,HongKong,12,12,189.0,21,2.4808,0.0,0.0,0.5,22.326522,114.189513,21|1|18|31|2,0.1013|0.0687|0.0568|0.0554|0.0542,
unit_001230,HongKong,7,7,156.0,21,2.4808,0.0,0.0,0.5,22.326062,114.189581,21|1|18|31|2,0.1013|0.0687|0.0568|0.0554|0.0542,
unit_001231,HongKong,20,20,356.3,1,2.4439,0.0,0.0,0.5,22.276207,114.160124,1|16|31|7|13,0.0951|0.0716|0.0653|0.0610|0.0353,
unit_001232,HongKong,18,18,368.0,1,2.3749,0.0,0.0,0.5,22.3237,114.258543,1|31|21|16|7,0.1242|0.0962|0.0921|0.0701|0.0430,
unit_001233,HongKong,8,8,181.1,7,2.4191,0.0,0.0,0.5,22.337827,114.248321,7|21|31|27|10,0.1071|0.0743|0.0568|0.0564|0.0507,
unit_001234,HongKong,26,26,417.6,1,2.4773,0.0,0.0,0.5,22.292826,114.269377,1|3|21|2|27,0.0897|0.0733|0.0568|0.0563|0.0524,
unit_001235,HongKong,13,13,274.2,21,2.4164,0.0,0.0,0.5,22.334831,114.182875,21|1|27|7|10,0.1000|0.0911|0.0536|0.0527|0.0487,
unit_001236,HongKong,5,5,105.9,16,2.4724,0.0,0.0,0.5,22.336778,114.182482,16|10|31|3|13,0.0660|0.0605|0.0587|0.0519|0.0499,
unit_001237,HongKong,12,17,215.3,21,2.3854,1e-05,0.14319,0.5357,22.333146,114.234514,21|16|22|27|7,0.1047|0.0948|0.0944|0.0770|0.0494,
unit_001238,HongKong,14,14,327.7,27,2.4994,0.0,0.29214,0.5725,22.334358,114.190203,27|31|16|18|7,0.1012|0.0736|0.0547|0.0541|0.0514,
unit_001239,HongKong,17,17,262.5,16,2.3693,0.0,0.0,0.5,22.297532,114.273514,16|21|3|13|7,0.1141|0.0772|0.0644|0.0628|0.0612,
unit_001240,HongKong,30,30,554.3,7,2.3242,0.0,0.0,0.5,22.323514,114.176043,7|21|31|13|27,0.0988|0.0772|0.0760|0.0608|0.0582,
unit_001241,HongKong,7,7,157.0,1,2.4956,0.0,0.0,0.5,22.336803,114.174414,1|3|13|10|31,0.0863|0.0763|0.0620|0.0549|0.0540,
unit_001244,HongKong,13,13,195.4,1,2.0771,0.0,0.0,0.5,22.275958,114.174048,1|23|7|21|13,0.1173|0.0588|0.0381|0.0363|0.0271,
unit_001245,HongKong,3,3,51.1,27,2.4464,0.0,0.0,0.5,22.263703,114.190987,27|7|3|21|22,0.0706|0.0556|0.0531|0.0521|0.0482,
unit_001246,HongKong,12,14,274.1,31,2.3939,2e-05,0.11156,0.5279,22.261597,114.190829,31|23|22|21|16,0.1170|0.0839|0.0817|0.0673|0.0579,
unit_001248,HongKong,13,13,237.0,7,2.327,0.0,0.0,0.5,22.264364,114.18805,7|31|1|27|13,0.1173|0.0762|0.0594|0.0502|0.0450,
unit_001249,HongKong,28,28,466.5,31,2.4903,0.0,0.0,0.5,22.266846,114.193086,31|27|7|16|21,0.0847|0.0836|0.0754|0.0483|0.0474,
unit_001250,HongKong,3,3,55.7,31,2.4903,0.0,0.0,0.5,22.267379,114.193237,31|27|7|16|21,0.0847|0.0836|0.0754|0.0483|0.0474,
unit_001253,HongKong,3,3,55.7,31,2.4903,0.0,0.0,0.5,22.267379,114.193237,31|27|7|16|21,0.0847|0.0836|0.0754|0.0483|0.0474,
unit_001255,HongKong,7,7,156.6,1,2.4059,0.0,0.0,0.5,22.271287,114.185341,1|27|21|7|22,0.0920|0.0756|0.0723|0.0571|0.0476,
unit_001256,HongKong,4,6,50.7,22,2.4731,1e-05,0.0,0.5,22.270707,114.196219,22|27|21|31|16,0.1396|0.0805|0.0781|0.0773|0.0676,
unit_001257,HongKong,24,26,575.9,31,2.4169,4e-05,0.0,0.5,22.274456,114.194807,31|1|7|16|27,0.1018|0.0709|0.0566|0.0548|0.0541,
unit_001258,HongKong,7,7,158.7,1,2.3609,0.0,0.0,0.5,22.281321,114.190665,1|31|21|16|10,0.0988|0.0802|0.0590|0.0553|0.0551,
unit_001262,HongKong,14,17,327.3,1,2.4978,5e-05,0.10749,0.5268,22.338312,114.179096,1|21|2|18|10,0.0879|0.0786|0.0584|0.0487|0.0431,
unit_001265,HongKong,17,24,266.1,1,2.2856,0.0,0.15265,0.5381,22.326206,114.176521,1|7|31|27|16,0.1000|0.0900|0.0829|0.0452|0.0400,
unit_001267,HongKong,4,5,76.3,1,2.4958,2e-05,0.0,0.5,22.315607,114.176837,1|21|31|3|18,0.1311|0.0862|0.0599|0.0526|0.0491,
unit_001268,HongKong,4,5,76.3,1,2.4958,2e-05,0.0,0.5,22.315607,114.176837,1|21|31|3|18,0.1311|0.0862|0.0599|0.0526|0.0491,
unit_001270,HongKong,4,4,76.3,1,2.1375,0.0,0.0,0.5,22.315624,114.173388,1|7|16|23|21,0.1175|0.0984|0.0774|0.0506|0.0430,
unit_001271,HongKong,11,12,181.8,1,2.4104,0.0,0.0,0.5,22.314262,114.172367,1|7|21|10|16,0.1106|0.0704|0.0562|0.0504|0.0466,
unit_001272,HongKong,28,28,593.3,31,2.3242,0.0,0.0,0.5,22.311356,114.174691,31|22|16|3|1,0.1024|0.0880|0.0684|0.0648|0.0625,
unit_001273,HongKong,10,10,202.0,31,2.4755,0.0,0.0,0.5,22.310855,114.173177,31|10|27|1|22,0.0918|0.0796|0.0657|0.0611|0.0588,
unit_001274,HongKong,12,12,217.4,1,2.2557,0.0,0.54113,0.6321,22.311131,114.169039,1|31|3|13|7,0.1197|0.0778|0.0558|0.0535|0.0521,
unit_001275,HongKong,8,11,125.7,1,2.1641,0.0,0.20138,0.5502,22.32,114.160806,1|7|16|23|13,0.1042|0.0726|0.0544|0.0543|0.0427,
unit_001277,HongKong,6,6,132.7,1,2.4749,0.0,0.0,0.5,22.333126,114.168222,1|7|10|31|27,0.1016|0.0766|0.0676|0.0601|0.0506,
unit_001278,HongKong,4,4,65.5,31,2.46,0.0,0.0,0.5,22.33555,114.165091,31|21|1|10|7,0.0970|0.0944|0.0904|0.0857|0.0599,
unit_001280,HongKong,8,9,183.0,27,2.5185,1e-05,0.11467,0.5286,22.339347,114.164422,27|22|21|31|16,0.0981|0.0751|0.0742|0.0601|0.0599,
unit_001282,HongKong,13,17,261.0,2,2.5721,0.0,0.05709,0.5143,22.341534,114.165004,2|1|31|18|16,0.0917|0.0767|0.0750|0.0629|0.0595,
unit_001283,HongKong,14,20,288.2,31,2.517,0.0001,0.0,0.5,22.341974,114.164504,31|1|3|16|7,0.0959|0.0702|0.0620|0.0619|0.0500,
unit_001284,HongKong,7,7,153.1,27,2.5479,0.0,0.0,0.5,22.342559,114.158999,27|16|22|3|10,0.0855|0.0773|0.0726|0.0576|0.0570,
unit_001285,HongKong,7,9,153.1,18,2.4633,1e-05,0.05616,0.514,22.342775,114.156998,18|2|16|27|14,0.0938|0.0784|0.0711|0.0692|0.0683,
unit_001286,HongKong,10,12,191.9,18,2.448,0.0,0.06378,0.5159,22.342706,114.155612,18|16|27|31|22,0.1021|0.0900|0.0778|0.0702|0.0491,
unit_001287,HongKong,10,10,203.3,21,2.4671,0.0,0.0,0.5,22.344794,114.162911,21|31|3|7|16,0.1051|0.0724|0.0700|0.0699|0.0676,
unit_001288,HongKong,7,8,153.0,16,2.3333,0.0,0.06585,0.5165,22.342679,114.165754,16|31|1|27|3,0.0875|0.0832|0.0773|0.0659|0.0493,
unit_001289,HongKong,3,3,50.1,27,2.4651,0.0,0.0,0.5,22.309637,114.186216,27|21|2|13|23,0.0800|0.0718|0.0709|0.0598|0.0496,
unit_001290,HongKong,3,3,50.1,27,2.4651,0.0,0.0,0.5,22.309637,114.186216,27|21|2|13|23,0.0800|0.0718|0.0709|0.0598|0.0496,
unit_001291,HongKong,13,15,304.3,18,2.5081,9e-05,0.0,0.5,22.342613,114.156191,18|16|27|31|2,0.0978|0.0805|0.0734|0.0676|0.0499,
unit_001292,HongKong,11,13,217.1,18,2.4586,0.0,0.06456,0.5161,22.343017,114.156918,18|2|16|14|27,0.0925|0.0790|0.0697|0.0686|0.0682,
unit_001293,HongKong,13,13,255.1,18,2.4327,0.0,0.0,0.5,22.299606,114.182253,18|16|31|10|7,0.1240|0.0791|0.0570|0.0550|0.0540,
unit_001295,HongKong,7,7,163.3,18,2.2819,0.0,0.0,0.5,22.30279,114.184154,18|21|1|14|13,0.1077|0.0844|0.0678|0.0432|0.0363,
unit_001296,HongKong,8,8,135.8,1,2.4415,0.0,0.0,0.5,22.318632,114.191464,1|7|31|27|3,0.0905|0.0815|0.0570|0.0521|0.0440,
unit_001297,HongKong,24,24,254.2,1,2.1428,0.0,0.0,0.5,22.321579,114.192996,1|7|23|16|13,0.1254|0.0946|0.0615|0.0548|0.0387,
unit_001298,HongKong,3,3,54.1,3,2.4442,0.0,0.0,0.5,22.323744,114.191262,3|1|31|21|7,0.1053|0.0931|0.0895|0.0671|0.0656,
unit_001299,HongKong,4,5,76.0,3,2.4511,0.0,0.21301,0.5531,22.323781,114.191742,3|1|31|21|7,0.1052|0.0931|0.0897|0.0669|0.0655,
unit_001301,HongKong,6,7,126.7,14,1.9436,0.0,0.17532,0.5437,22.324275,114.192968,14|18|16|23|2,0.1329|0.0500|0.0496|0.0322|0.0242,
unit_001302,HongKong,7,8,152.0,14,2.0867,0.0,0.16839,0.542,22.324227,114.196731,14|16|18|31|23,0.1218|0.0489|0.0400|0.0300|0.0292,
unit_001303,HongKong,8,15,177.4,14,2.2304,9e-05,0.16839,0.542,22.324184,114.198443,14|16|2|18|13,0.1149|0.0675|0.0480|0.0446|0.0295,
unit_001305,HongKong,12,12,240.0,1,2.2759,0.0,0.11216,0.528,22.32573,114.186735,1|31|7|10|3,0.1120|0.0734|0.0502|0.0495|0.0455,
unit_001306,HongKong,17,24,219.3,1,2.1809,0.0,0.20834,0.5519,22.328638,114.186459,1|21|7|31|27,0.1022|0.0811|0.0792|0.0526|0.0434,
unit_001308,HongKong,12,12,163.4,27,2.4994,0.0,0.29214,0.5725,22.334507,114.19112,27|31|16|18|7,0.1012|0.0736|0.0547|0.0541|0.0514,
unit_001309,HongKong,16,16,319.8,1,2.4088,0.0,0.0,0.5,22.335738,114.193262,1|21|31|3|7,0.1205|0.0855|0.0712|0.0561|0.0466,
unit_001310,HongKong,8,8,188.1,1,2.3563,0.0,0.0,0.5,22.340658,114.18672,1|31|16|7|2,0.1208|0.0965|0.0774|0.0404|0.0321,
unit_001311,HongKong,8,8,188.1,1,2.3563,0.0,0.0,0.5,22.340658,114.18672,1|31|16|7|2,0.1208|0.0965|0.0774|0.0404|0.0321,
unit_001312,HongKong,16,16,239.6,1,2.131,0.0,0.0,0.5,22.336225,114.197337,1|16|7|23|13,0.1293|0.0612|0.0580|0.0460|0.0308,
unit_001313,HongKong,16,16,242.8,1,2.2993,0.0,0.0,0.5,22.336353,114.198984,1|7|16|23|14,0.1078|0.0773|0.0594|0.0514|0.0245,
unit_001314,HongKong,3,3,51.1,16,2.436,0.0,0.0,0.5,22.334457,114.200117,16|18|1|21|31,0.1100|0.0937|0.0768|0.0716|0.0708,
unit_001315,HongKong,6,6,127.8,1,2.3142,0.0,0.0,0.5,22.33333,114.200312,1|3|16|31|2,0.0980|0.0600|0.0577|0.0561|0.0525,
unit_001316,HongKong,9,12,166.6,16,2.4555,0.0,0.1885,0.547,22.337885,114.20481,16|27|13|1|18,0.0976|0.0729|0.0723|0.0613|0.0574,
unit_001317,HongKong,4,4,77.4,1,2.5316,0.0,0.0,0.5,22.339251,114.203482,1|18|3|16|31,0.1041|0.0650|0.0607|0.0582|0.0569,
unit_001318,HongKong,7,7,154.8,18,2.4391,0.0,0.0,0.5,22.337331,114.203811,18|31|1|3|16,0.1135|0.0832|0.0795|0.0562|0.0511,
unit_001319,HongKong,6,6,131.3,1,2.342,0.0,0.0,0.5,22.345142,114.192248,1|31|16|3|10,0.1090|0.0856|0.0816|0.0420|0.0320,
unit_001321,HongKong,8,8,178.7,21,2.3949,0.0,0.0,0.5,22.278703,114.231406,21|1|27|7|22,0.0981|0.0947|0.0817|0.0674|0.0466,
unit_001322,HongKong,8,8,178.7,27,2.479,0.0,0.17481,0.5436,22.280765,114.2314,27|21|1|22|7,0.1070|0.0964|0.0906|0.0617|0.0464,
unit_001324,HongKong,12,16,276.4,31,2.4737,5e-05,0.0,0.5,22.276209,114.224483,31|21|23|1|2,0.0953|0.0833|0.0746|0.0706|0.0559,
unit_001325,HongKong,8,8,175.9,1,2.4624,0.0,0.0,0.5,22.278305,114.222786,1|21|3|31|27,0.1288|0.0766|0.0742|0.0692|0.0484,
unit_001326,HongKong,8,8,175.9,31,2.4844,0.0,0.0,0.5,22.279092,114.218778,31|23|27|2|22,0.0958|0.0954|0.0757|0.0677|0.0571,
unit_001327,HongKong,8,8,179.2,31,2.4657,0.0,0.0,0.5,22.282357,114.231175,31|1|16|2|7,0.0718|0.0711|0.0668|0.0652|0.0621,
unit_001328,HongKong,8,8,175.9,31,2.4844,0.0,0.0,0.5,22.279092,114.218778,31|23|27|2|22,0.0958|0.0954|0.0757|0.0677|0.0571,
unit_001329,HongKong,8,8,175.9,1,2.4624,0.0,0.0,0.5,22.278305,114.222786,1|21|3|31|27,0.1288|0.0766|0.0742|0.0692|0.0484,
unit_001330,HongKong,12,16,276.4,31,2.4737,5e-05,0.0,0.5,22.276209,114.224483,31|21|23|1|2,0.0953|0.0833|0.0746|0.0706|0.0559,
unit_001331,HongKong,8,8,178.7,27,2.479,0.0,0.17481,0.5436,22.280765,114.2314,27|21|1|22|7,0.1070|0.0964|0.0906|0.0617|0.0464,
unit_001332,HongKong,8,8,178.7,21,2.3949,0.0,0.0,0.5,22.278703,114.231406,21|1|27|7|22,0.0981|0.0947|0.0817|0.0674|0.0466,
unit_001334,HongKong,28,54,606.5,1,2.2798,0.0,0.0,0.5,22.281876,114.228172,1|21|3|31|18,0.1321|0.0789|0.0682|0.0516|0.0442,
unit_001335,HongKong,10,16,226.1,1,2.4154,3e-05,0.0,0.5,22.263729,114.251761,1|21|31|3|13,0.1123|0.0952|0.0797|0.0576|0.0516,
unit_001336,HongKong,15,16,352.0,1,2.4281,5e-05,0.0,0.5,22.266636,114.233566,1|21|31|27|23,0.1016|0.0939|0.0807|0.0530|0.0439,
unit_001337,HongKong,11,16,257.4,1,2.4167,3e-05,0.0,0.5,22.263691,114.251825,1|21|31|3|13,0.1123|0.0944|0.0795|0.0576|0.0514,
unit_001338,HongKong,4,4,77.1,2,2.4616,0.0,0.0,0.5,22.269832,114.23874,2|18|31|1|3,0.0865|0.0852|0.0721|0.0685|0.0673,
unit_001340,HongKong,10,10,201.8,21,2.3728,0.0,0.0,0.5,22.271038,114.245418,21|7|1|16|23,0.0985|0.0874|0.0651|0.0650|0.0475,
unit_001342,HongKong,22,22,392.4,22,2.296,0.0,0.0,0.5,22.224918,114.205169,22|23|31|27|16,0.0954|0.0852|0.0748|0.0670|0.0614,
unit_001343,HongKong,8,8,176.1,16,2.2777,0.0,0.0,0.5,22.223388,114.203256,16|21|27|7|22,0.0982|0.0823|0.0697|0.0669|0.0607,
unit_001344,HongKong,8,8,176.1,27,2.3975,0.0,0.0,0.5,22.221066,114.203094,27|21|22|7|13,0.1088|0.1023|0.0786|0.0652|0.0378,
unit_001345,HongKong,7,8,155.2,22,2.2736,0.0,0.05457,0.5136,22.225896,114.201641,22|31|23|16|27,0.1114|0.1002|0.0774|0.0741|0.0540,
unit_001346,HongKong,6,7,129.3,22,2.4908,0.0,0.05457,0.5136,22.226333,114.200213,22|31|2|16|7,0.0978|0.0773|0.0735|0.0669|0.0667,
unit_001347,HongKong,13,16,302.8,27,2.4601,2e-05,0.0,0.5,22.229099,114.201092,27|22|16|18|10,0.1238|0.0689|0.0687|0.0671|0.0455,
unit_001348,HongKong,8,8,176.6,27,2.4283,0.0,0.0,0.5,22.231224,114.199588,27|22|21|23|10,0.1028|0.0784|0.0658|0.0522|0.0353,
unit_001349,HongKong,8,8,176.6,27,2.4234,0.0,0.0,0.5,22.235609,114.19975,27|1|21|3|31,0.0778|0.0713|0.0687|0.0557|0.0438,
unit_001350,HongKong,6,7,129.3,22,2.4908,0.0,0.05457,0.5136,22.226333,114.200213,22|31|2|16|7,0.0978|0.0773|0.0735|0.0669|0.0667,
unit_001351,HongKong,7,8,155.2,22,2.2736,0.0,0.05457,0.5136,22.225896,114.201641,22|31|23|16|27,0.1114|0.1002|0.0774|0.0741|0.0540,
unit_001352,HongKong,3,3,50.4,27,2.4234,0.0,0.0,0.5,22.235261,114.199122,27|1|21|3|31,0.0778|0.0713|0.0687|0.0557|0.0438,
unit_001353,HongKong,3,3,51.6,27,2.4283,0.0,0.0,0.5,22.231161,114.198687,27|22|21|23|10,0.1028|0.0784|0.0658|0.0522|0.0353,
unit_001355,HongKong,3,3,50.4,27,2.4234,0.0,0.0,0.5,22.235261,114.199122,27|1|21|3|31,0.0778|0.0713|0.0687|0.0557|0.0438,
unit_001358,HongKong,5,5,101.3,21,2.5319,0.0,0.0,0.5,22.238465,114.189096,21|31|27|22|1,0.0865|0.0726|0.0693|0.0680|0.0616,
unit_001360,HongKong,7,11,156.3,31,2.4919,5e-05,0.0,0.5,22.238249,114.195079,31|16|27|1|7,0.0820|0.0777|0.0736|0.0462|0.0388,
unit_001361,HongKong,8,9,176.2,27,2.4954,0.0,0.13141,0.5328,22.24258,114.190194,27|31|22|23|2,0.1027|0.1002|0.0636|0.0623|0.0526,
unit_001362,HongKong,7,8,151.1,22,2.3278,0.0,0.13141,0.5328,22.243819,114.190957,22|27|21|23|16,0.1159|0.0997|0.0952|0.0484|0.0414,
unit_001363,HongKong,14,16,327.3,22,2.4601,6e-05,0.08106,0.5202,22.246841,114.191573,22|27|21|18|23,0.0945|0.0850|0.0757|0.0548|0.0528,
unit_001364,HongKong,16,26,377.7,27,2.3873,0.00011,0.18373,0.5458,22.249699,114.191701,27|22|21|16|23,0.1119|0.0948|0.0832|0.0596|0.0550,
unit_001365,HongKong,9,9,201.4,31,2.463,0.0,0.2864,0.5711,22.251614,114.191843,31|16|22|23|18,0.1158|0.0868|0.0826|0.0793|0.0625,
unit_001366,HongKong,9,9,201.4,27,2.4329,0.0,0.0,0.5,22.252713,114.192795,27|21|22|16|10,0.1053|0.1019|0.0998|0.0618|0.0525,
unit_001367,HongKong,8,8,178.2,10,2.4623,0.0,0.0,0.5,22.24483,114.187639,10|31|3|7|21,0.0902|0.0683|0.0580|0.0564|0.0496,
unit_001368,HongKong,7,7,152.7,21,2.3668,0.0,0.22559,0.5562,22.241374,114.187279,21|27|7|16|22,0.1078|0.0863|0.0651|0.0610|0.0499,
unit_001369,HongKong,9,9,203.4,22,2.449,0.0,0.0,0.5,22.247053,114.186441,22|27|10|31|23,0.1179|0.0907|0.0733|0.0706|0.0519,
unit_001370,HongKong,21,25,503.7,27,2.37,3e-05,0.0,0.5,22.245486,114.182666,27|10|18|16|23,0.1054|0.0701|0.0686|0.0676|0.0592,
unit_001371,HongKong,8,8,175.2,1,2.4255,0.0,0.0,0.5,22.247792,114.163932,1|16|31|13|3,0.0995|0.0652|0.0545|0.0540|0.0479,
unit_001372,HongKong,13,15,281.3,21,2.4951,1e-05,0.11637,0.5291,22.2472,114.169086,21|1|2|27|16,0.0787|0.0757|0.0588|0.0555|0.0546,
unit_001374,HongKong,8,8,181.8,27,2.4226,0.0,0.20541,0.5512,22.248984,114.178702,27|7|21|13|1,0.0936|0.0929|0.0739|0.0574|0.0439,
unit_001375,HongKong,10,12,232.5,16,2.4729,5e-05,0.0,0.5,22.249377,114.165705,16|1|31|7|27,0.0963|0.0740|0.0646|0.0629|0.0593,
unit_001376,HongKong,10,12,232.5,16,2.4729,5e-05,0.0,0.5,22.249377,114.165705,16|1|31|7|27,0.0963|0.0740|0.0646|0.0629|0.0593,
unit_001377,HongKong,8,8,181.8,27,2.4226,0.0,0.20541,0.5512,22.248984,114.178702,27|7|21|13|1,0.0936|0.0929|0.0739|0.0574|0.0439,
unit_001379,HongKong,26,26,512.5,31,2.3894,0.0,0.0,0.5,22.248787,114.182296,31|23|7|22|21,0.1098|0.0761|0.0618|0.0528|0.0491,
unit_001380,HongKong,5,5,102.1,31,2.3969,0.0,0.0,0.5,22.253024,114.183002,31|22|16|27|1,0.1219|0.0811|0.0731|0.0645|0.0623,
unit_001381,HongKong,47,47,752.4,16,2.3957,0.0,0.0,0.5,22.253646,114.18605,16|27|3|31|22,0.1055|0.0871|0.0647|0.0600|0.0530,
unit_001382,HongKong,14,17,330.0,21,2.4491,2e-05,0.0,0.5,22.255749,114.188545,21|27|23|22|31,0.0909|0.0867|0.0863|0.0821|0.0553,
unit_001383,HongKong,7,7,152.3,31,2.4598,0.0,0.08608,0.5215,22.257192,114.190683,31|16|22|27|10,0.0936|0.0839|0.0755|0.0669|0.0548,
unit_001385,HongKong,9,9,201.4,27,2.4329,0.0,0.0,0.5,22.252713,114.192795,27|21|22|16|10,0.1053|0.1019|0.0998|0.0618|0.0525,
unit_001386,HongKong,9,9,201.4,31,2.463,0.0,0.2864,0.5711,22.251614,114.191843,31|16|22|23|18,0.1158|0.0868|0.0826|0.0793|0.0625,
unit_001387,HongKong,16,26,377.7,27,2.3873,0.00011,0.18373,0.5458,22.249699,114.191701,27|22|21|16|23,0.1119|0.0948|0.0832|0.0596|0.0550,
unit_001388,HongKong,14,16,327.3,22,2.4601,6e-05,0.08106,0.5202,22.246841,114.191573,22|27|21|18|23,0.0945|0.0850|0.0757|0.0548|0.0528,
unit_001389,HongKong,7,8,151.1,22,2.3278,0.0,0.13141,0.5328,22.243819,114.190957,22|27|21|23|16,0.1159|0.0997|0.0952|0.0484|0.0414,
unit_001390,HongKong,8,9,176.2,27,2.4954,0.0,0.13141,0.5328,22.24258,114.190194,27|31|22|23|2,0.1027|0.1002|0.0636|0.0623|0.0526,
unit_001392,HongKong,7,7,152.3,31,2.4598,0.0,0.08608,0.5215,22.257192,114.190683,31|16|22|27|10,0.0936|0.0839|0.0755|0.0669|0.0548,
unit_001393,HongKong,14,17,330.0,21,2.4491,2e-05,0.0,0.5,22.255749,114.188545,21|27|23|22|31,0.0909|0.0867|0.0863|0.0821|0.0553,
unit_001394,HongKong,16,18,355.4,27,2.042,0.0,0.10983,0.5274,22.210963,114.198464,27|2|23|22|14,0.1434|0.0615|0.0553|0.0464|0.0409,
unit_001395,HongKong,9,16,203.1,27,2.4344,4e-05,0.10983,0.5274,22.211889,114.197748,27|7|22|1|3,0.0822|0.0531|0.0506|0.0501|0.0466,
unit_001396,HongKong,12,16,279.3,22,2.4071,3e-05,0.0,0.5,22.21444,114.198455,22|27|10|23|31,0.1037|0.0746|0.0609|0.0608|0.0372,
unit_001397,HongKong,7,7,152.3,22,2.3099,0.0,0.0,0.5,22.215964,114.202398,22|31|23|27|16,0.1124|0.0971|0.0930|0.0676|0.0446,
unit_001398,HongKong,40,54,816.6,7,2.4105,9e-05,0.0,0.5,22.21605,114.204525,7|22|31|21|16,0.0968|0.0963|0.0941|0.0893|0.0774,
unit_001399,HongKong,7,7,152.3,22,2.3099,0.0,0.0,0.5,22.215964,114.202398,22|31|23|27|16,0.1124|0.0971|0.0930|0.0676|0.0446,
unit_001400,HongKong,12,16,279.3,22,2.4071,3e-05,0.0,0.5,22.21444,114.198455,22|27|10|23|31,0.1037|0.0746|0.0609|0.0608|0.0372,
unit_001401,HongKong,9,16,203.1,27,2.4344,4e-05,0.10983,0.5274,22.211889,114.197748,27|7|22|1|3,0.0822|0.0531|0.0506|0.0501|0.0466,
unit_001404,HongKong,6,6,100.9,27,2.2767,0.0,0.0,0.5,22.217756,114.205494,27|21|7|13|1,0.1025|0.0918|0.0846|0.0438|0.0348,
unit_001405,HongKong,15,16,353.5,31,2.4642,9e-05,0.19234,0.5479,22.215761,114.21409,31|13|21|22|7,0.0759|0.0682|0.0669|0.0589|0.0588,
unit_001406,HongKong,8,8,176.8,22,2.3357,0.0,0.19234,0.5479,22.213665,114.215138,22|16|7|27|31,0.1183|0.0699|0.0691|0.0596|0.0547,
unit_001407,HongKong,8,8,176.1,27,2.3975,0.0,0.0,0.5,22.221066,114.203094,27|21|22|7|13,0.1088|0.1023|0.0786|0.0652|0.0378,
unit_001408,HongKong,8,8,176.1,16,2.2777,0.0,0.0,0.5,22.223388,114.203256,16|21|27|7|22,0.0982|0.0823|0.0697|0.0669|0.0607,
unit_001411,HongKong,36,42,779.2,27,2.532,5e-05,0.13246,0.5331,22.225185,114.215,27|31|16|10|7,0.0809|0.0794|0.0747|0.0729|0.0643,
unit_001412,HongKong,8,8,175.9,22,2.2734,0.0,0.13246,0.5331,22.224682,114.213024,22|16|27|31|23,0.1298|0.0985|0.0747|0.0636|0.0465,
unit_001413,HongKong,7,9,150.8,27,2.366,0.0,0.08837,0.5221,22.225253,114.209807,27|22|10|16|23,0.1366|0.0828|0.0777|0.0722|0.0529,
unit_001414,HongKong,6,8,125.7,23,2.4343,1e-05,0.08837,0.5221,22.224428,114.209276,23|21|27|22|10,0.0881|0.0741|0.0660|0.0632|0.0486,
unit_001415,HongKong,8,8,177.3,21,2.5117,0.0,0.0,0.5,22.227659,114.217405,21|1|27|31|2,0.0833|0.0806|0.0603|0.0544|0.0475,
unit_001416,HongKong,9,9,202.6,27,2.524,0.0,0.0,0.5,22.229882,114.218282,27|3|31|7|23,0.0903|0.0721|0.0670|0.0647|0.0574,
unit_001417,HongKong,11,16,253.3,27,2.4703,7e-05,0.0,0.5,22.229688,114.220666,27|23|22|31|16,0.0877|0.0860|0.0844|0.0565|0.0403,
unit_001418,HongKong,10,16,228.0,23,2.5104,8e-05,0.0,0.5,22.231977,114.222171,23|22|27|10|3,0.0848|0.0813|0.0686|0.0535|0.0515,
unit_001419,HongKong,10,16,228.0,23,2.5104,8e-05,0.0,0.5,22.231977,114.222171,23|22|27|10|3,0.0848|0.0813|0.0686|0.0535|0.0515,
unit_001420,HongKong,11,16,253.3,27,2.4703,7e-05,0.0,0.5,22.229688,114.220666,27|23|22|31|16,0.0877|0.0860|0.0844|0.0565|0.0403,
unit_001421,HongKong,9,9,202.6,27,2.524,0.0,0.0,0.5,22.229882,114.218282,27|3|31|7|23,0.0903|0.0721|0.0670|0.0647|0.0574,
unit_001422,HongKong,8,8,177.3,21,2.5117,0.0,0.0,0.5,22.227659,114.217405,21|1|27|31|2,0.0833|0.0806|0.0603|0.0544|0.0475,
unit_001423,HongKong,8,8,175.0,27,2.3057,0.0,0.0,0.5,22.233908,114.224621,27|16|7|21|13,0.1443|0.0696|0.0626|0.0493|0.0492,
unit_001424,HongKong,8,8,175.0,31,2.4179,0.0,0.30527,0.5757,22.23107,114.227043,31|16|7|18|10,0.0824|0.0709|0.0671|0.0611|0.0393,
unit_001425,HongKong,8,8,175.0,27,2.3258,0.0,0.30527,0.5757,22.231857,114.228294,27|21|23|7|31,0.0832|0.0721|0.0720|0.0702|0.0615,
unit_001426,HongKong,11,16,250.0,21,2.468,2e-05,0.0,0.5,22.234325,114.227805,21|7|31|22|23,0.1285|0.0964|0.0770|0.0659|0.0571,
unit_001427,HongKong,8,8,175.0,22,2.4629,0.0,0.11645,0.5291,22.237044,114.225222,22|27|31|16|7,0.1109|0.0828|0.0775|0.0712|0.0711,
unit_001428,HongKong,9,9,201.3,22,2.4629,0.0,0.14968,0.5373,22.236409,114.225374,22|27|31|16|7,0.1109|0.0828|0.0775|0.0712|0.0711,
unit_001429,HongKong,8,8,176.1,22,2.3827,0.0,0.14968,0.5373,22.235165,114.225959,22|21|27|31|2,0.1364|0.0997|0.0609|0.0491|0.0463,
unit_001430,HongKong,8,8,175.0,22,2.4629,0.0,0.11645,0.5291,22.237044,114.225222,22|27|31|16|7,0.1109|0.0828|0.0775|0.0712|0.0711,
unit_001431,HongKong,11,16,250.0,21,2.468,2e-05,0.0,0.5,22.234325,114.227805,21|7|31|22|23,0.1285|0.0964|0.0770|0.0659|0.0571,
unit_001432,HongKong,8,8,175.0,27,2.3258,0.0,0.30527,0.5757,22.231857,114.228294,27|21|23|7|31,0.0832|0.0721|0.0720|0.0702|0.0615,
unit_001433,HongKong,8,8,175.0,31,2.4179,0.0,0.30527,0.5757,22.23107,114.227043,31|16|7|18|10,0.0824|0.0709|0.0671|0.0611|0.0393,
unit_001434,HongKong,8,8,175.0,27,2.3057,0.0,0.0,0.5,22.233908,114.224621,27|16|7|21|13,0.1443|0.0696|0.0626|0.0493|0.0492,
unit_001435,HongKong,10,10,222.8,7,2.3482,0.0,0.0,0.5,22.265316,114.161786,7|21|27|13|31,0.1018|0.0842|0.0708|0.0669|0.0635,
unit_001436,HongKong,8,10,171.5,7,2.5215,0.0,0.1514,0.5378,22.265337,114.162947,7|21|2|14|13,0.0897|0.0744|0.0601|0.0582|0.0534,
unit_001437,HongKong,50,50,1003.9,22,2.39,0.0,0.13955,0.5348,22.265757,114.154153,22|16|27|31|7,0.1408|0.0865|0.0838|0.0663|0.0479,
unit_001438,HongKong,4,4,72.4,7,2.3482,0.0,0.0,0.5,22.26536,114.161141,7|21|27|13|31,0.1018|0.0842|0.0708|0.0669|0.0635,
unit_001439,HongKong,31,31,714.0,27,2.4802,0.0,0.0,0.5,22.267547,114.151427,27|21|22|10|23,0.1035|0.0902|0.0844|0.0713|0.0544,
unit_001440,HongKong,24,24,491.6,22,2.3195,0.0,0.0,0.5,22.266553,114.159372,22|31|27|16|23,0.1201|0.0982|0.0870|0.0748|0.0741,
unit_001441,HongKong,17,25,408.4,22,2.4644,5e-05,0.0,0.5,22.26374,114.155671,22|23|27|31|16,0.1167|0.0784|0.0642|0.0637|0.0444,
unit_001442,HongKong,37,40,688.9,31,2.5254,0.0,0.07666,0.5192,22.268305,114.157157,31|27|7|13|23,0.0941|0.0772|0.0767|0.0469|0.0420,
unit_001445,HongKong,8,8,178.9,23,2.281,0.0,0.0,0.5,22.264699,114.178341,23|31|22|27|2,0.1179|0.0910|0.0776|0.0636|0.0610,
unit_001446,HongKong,38,38,485.2,14,1.3898,0.0,0.0,0.5,22.263021,114.180287,14|21|18|23|2,0.1351|0.0338|0.0240|0.0226|0.0062,
unit_001447,HongKong,8,8,176.9,31,2.4755,0.0,0.0,0.5,22.26981,114.174829,31|27|22|23|16,0.1061|0.0864|0.0844|0.0778|0.0612,
unit_001448,HongKong,8,8,176.9,22,2.3207,0.0,0.0,0.5,22.268137,114.172288,22|31|23|27|16,0.1114|0.0934|0.0886|0.0681|0.0591,
unit_001449,HongKong,8,8,176.7,16,2.3075,0.0,0.0,0.5,22.266272,114.180467,16|31|21|7|1,0.1023|0.0969|0.0648|0.0560|0.0408,
unit_001450,HongKong,7,7,151.5,31,2.3336,0.0,0.0,0.5,22.265989,114.182322,31|22|23|27|2,0.1126|0.0883|0.0872|0.0829|0.0605,
unit_001451,HongKong,4,4,75.5,23,2.1877,0.0,0.0,0.5,22.269063,114.163705,23|31|22|2|27,0.0946|0.0905|0.0684|0.0555|0.0539,
unit_001453,HongKong,8,8,176.2,31,2.3813,0.0,0.0,0.5,22.271136,114.161641,31|22|23|27|18,0.1023|0.0771|0.0713|0.0580|0.0515,
unit_001454,HongKong,9,9,201.4,31,2.4969,0.0,0.0,0.5,22.271283,114.156862,31|13|16|22|23,0.0948|0.0677|0.0648|0.0571|0.0528,
unit_001455,HongKong,9,17,201.4,22,2.5616,1e-05,0.0,0.5,22.270481,114.154627,22|31|13|7|27,0.0728|0.0710|0.0640|0.0639|0.0599,
unit_001456,HongKong,21,21,409.6,22,2.3146,0.0,0.0,0.5,22.270862,114.151833,22|31|7|23|27,0.0891|0.0717|0.0462|0.0461|0.0435,
unit_001457,HongKong,36,40,707.2,23,2.2802,4e-05,0.16029,0.54,22.270192,114.163762,23|31|22|27|2,0.1053|0.0851|0.0806|0.0575|0.0556,
unit_001458,HongKong,6,11,125.4,31,2.56,1e-05,0.0,0.5,22.269764,114.155012,31|7|22|13|27,0.0766|0.0673|0.0651|0.0650|0.0640,
unit_001459,HongKong,9,17,201.4,22,2.5616,1e-05,0.0,0.5,22.270481,114.154627,22|31|13|7|27,0.0728|0.0710|0.0640|0.0639|0.0599,
unit_001460,HongKong,9,9,201.4,31,2.4969,0.0,0.0,0.5,22.271283,114.156862,31|13|16|22|23,0.0948|0.0677|0.0648|0.0571|0.0528,
unit_001461,HongKong,8,8,176.2,31,2.3813,0.0,0.0,0.5,22.271136,114.161641,31|22|23|27|18,0.1023|0.0771|0.0713|0.0580|0.0515,
unit_001463,HongKong,4,4,75.5,23,2.1877,0.0,0.0,0.5,22.269063,114.163705,23|31|22|2|27,0.0946|0.0905|0.0684|0.0555|0.0539,
unit_001464,HongKong,4,4,75.2,31,2.4059,0.0,0.0,0.5,22.27335,114.158602,31|27|23|2|7,0.0902|0.0841|0.0832|0.0700|0.0607,
unit_001465,HongKong,5,5,103.6,31,2.4059,0.0,0.0,0.5,22.273642,114.15871,31|27|23|2|7,0.0902|0.0841|0.0832|0.0700|0.0607,
unit_001466,HongKong,8,8,181.3,31,2.4059,0.0,0.0,0.5,22.274162,114.158235,31|27|23|2|7,0.0902|0.0841|0.0832|0.0700|0.0607,
unit_001467,HongKong,14,14,258.1,31,2.3571,0.0,0.0,0.5,22.273969,114.163672,31|22|23|10|2,0.1393|0.1049|0.0746|0.0594|0.0508,
unit_001468,HongKong,9,9,202.7,31,2.3571,0.0,0.10778,0.5269,22.275021,114.164131,31|22|23|10|2,0.1393|0.1049|0.0746|0.0594|0.0508,
unit_001469,HongKong,9,9,202.7,31,2.3571,0.0,0.10778,0.5269,22.275021,114.164131,31|22|23|10|2,0.1393|0.1049|0.0746|0.0594|0.0508,
unit_001470,HongKong,15,15,268.3,1,2.3636,0.0,0.0,0.5,22.334729,114.215381,1|31|16|23|3,0.0891|0.0706|0.0531|0.0436|0.0414,
unit_001471,HongKong,12,12,230.4,22,2.4234,0.0,0.18266,0.5455,22.335056,114.218527,22|31|21|27|7,0.0795|0.0792|0.0792|0.0734|0.0724,
unit_001472,HongKong,12,12,262.6,31,2.3818,0.0,0.0,0.5,22.33563,114.213015,31|1|7|16|27,0.1122|0.0744|0.0687|0.0602|0.0457,
unit_001473,HongKong,10,15,232.1,21,2.4673,6e-05,0.0,0.5,22.337604,114.214409,21|7|1|31|16,0.1030|0.0926|0.0716|0.0695|0.0541,
unit_001474,HongKong,24,26,483.3,1,2.4323,0.0,0.12629,0.5315,22.341077,114.208859,1|31|16|7|3,0.1294|0.0769|0.0681|0.0627|0.0496,
unit_001475,HongKong,20,20,355.8,21,2.4085,0.0,0.05853,0.5146,22.34378,114.207584,21|1|31|3|23,0.1065|0.0727|0.0643|0.0566|0.0538,
unit_001477,HongKong,7,7,155.5,1,2.4508,0.0,0.05379,0.5134,22.343283,114.208933,1|16|31|10|27,0.1111|0.1013|0.0758|0.0541|0.0462,
unit_001478,HongKong,10,10,207.4,1,2.4955,0.0,0.0,0.5,22.341645,114.211682,1|31|7|21|3,0.1063|0.0756|0.0708|0.0658|0.0584,
unit_001479,HongKong,8,8,177.9,1,2.32,0.0,0.12963,0.5324,22.346262,114.205163,1|31|7|16|3,0.0904|0.0720|0.0657|0.0632|0.0625,
unit_001480,HongKong,14,14,184.4,1,2.4567,0.0,0.0,0.5,22.314949,114.216232,1|16|31|3|7,0.1166|0.0635|0.0622|0.0614|0.0592,
unit_001481,HongKong,63,67,1136.0,1,2.2766,1e-05,0.0,0.5,22.315348,114.209966,1|16|3|21|10,0.0736|0.0680|0.0663|0.0582|0.0550,
unit_001482,HongKong,9,9,200.3,1,2.2884,0.0,0.0,0.5,22.319538,114.214655,1|18|21|2|31,0.1098|0.0805|0.0754|0.0597|0.0489,
unit_001483,HongKong,46,46,839.0,1,2.1165,0.0,0.0,0.5,22.321682,114.208989,1|16|3|31|10,0.1286|0.0520|0.0516|0.0408|0.0368,
unit_001485,HongKong,9,9,137.9,1,2.4109,0.0,0.0,0.5,22.324176,114.205269,1|16|31|14|2,0.0981|0.0813|0.0521|0.0504|0.0435,
unit_001486,HongKong,11,11,151.3,1,2.2245,0.0,0.0,0.5,22.32331,114.210399,1|7|16|23|31,0.1423|0.0644|0.0564|0.0413|0.0396,
unit_001488,HongKong,8,8,179.1,27,2.4834,0.0,0.0,0.5,22.322211,114.220944,27|1|21|10|3,0.1000|0.0976|0.0725|0.0642|0.0517,
unit_001490,HongKong,10,10,184.8,1,2.3847,0.0,0.0,0.5,22.326594,114.217611,1|27|16|3|10,0.1006|0.0905|0.0718|0.0597|0.0394,
unit_001491,HongKong,8,8,175.3,16,2.4196,0.0,0.10019,0.525,22.328931,114.215127,16|1|21|31|7,0.0953|0.0934|0.0853|0.0846|0.0710,
unit_001492,HongKong,9,9,156.8,3,2.393,0.0,0.0,0.5,22.327999,114.204413,3|1|21|31|10,0.1068|0.0970|0.0847|0.0725|0.0467,
unit_001493,HongKong,28,28,523.0,1,2.407,0.0,0.0,0.5,22.306071,114.228355,1|21|3|10|27,0.1358|0.0880|0.0519|0.0389|0.0380,
unit_001497,HongKong,20,24,468.1,31,2.5354,4e-05,0.0,0.5,22.305365,114.233489,31|1|21|13|3,0.0786|0.0673|0.0613|0.0594|0.0492,
unit_001498,HongKong,5,7,102.8,18,2.4392,0.0,0.07621,0.519,22.307922,114.22659,18|1|31|16|3,0.0965|0.0956|0.0632|0.0507|0.0438,
unit_001499,HongKong,6,6,128.5,18,2.3853,0.0,0.0,0.5,22.306139,114.222479,18|10|16|21|1,0.1400|0.0630|0.0593|0.0499|0.0391,
unit_001500,HongKong,5,7,109.9,1,2.4549,1e-05,0.0646,0.5161,22.307938,114.226653,1|18|31|16|3,0.0956|0.0944|0.0642|0.0514|0.0456,
unit_001501,HongKong,10,10,154.4,1,2.1532,0.0,0.0,0.5,22.310914,114.225274,1|7|16|10|2,0.1167|0.0553|0.0540|0.0450|0.0394,
unit_001502,HongKong,4,6,77.6,18,2.3876,2e-05,0.10193,0.5255,22.310746,114.219035,18|1|10|3|2,0.0949|0.0655|0.0457|0.0416|0.0403,
unit_001503,HongKong,14,21,241.7,1,2.4634,0.0,0.10193,0.5255,22.311587,114.218402,1|2|10|3|7,0.0994|0.0748|0.0553|0.0545|0.0445,
unit_001504,HongKong,10,10,163.9,1,2.2886,0.0,0.0,0.5,22.30929,114.22345,1|7|16|10|23,0.1111|0.0610|0.0464|0.0397|0.0319,
unit_001505,HongKong,33,36,599.7,1,2.5563,3e-05,0.0,0.5,22.312048,114.237493,1|7|31|16|27,0.0828|0.0823|0.0774|0.0756|0.0579,
unit_001506,HongKong,4,6,77.6,18,2.3876,2e-05,0.10193,0.5255,22.310746,114.219035,18|1|10|3|2,0.0949|0.0655|0.0457|0.0416|0.0403,
unit_001507,HongKong,8,8,175.9,1,2.4834,0.0,0.0,0.5,22.317011,114.230293,1|27|10|21|13,0.0991|0.0914|0.0636|0.0550|0.0485,
unit_001508,HongKong,8,8,176.2,1,2.4513,0.0,0.07017,0.5175,22.316167,114.233784,1|27|31|21|7,0.1065|0.0876|0.0814|0.0783|0.0620,
unit_001510,HongKong,20,20,396.7,7,2.4675,0.0,0.0,0.5,22.314756,114.233272,7|31|1|10|13,0.0877|0.0787|0.0720|0.0655|0.0623,
unit_001511,HongKong,8,8,176.8,27,2.3384,0.0,0.0,0.5,22.31876,114.21898,27|1|21|16|7,0.1403|0.0623|0.0540|0.0530|0.0480,
unit_001512,HongKong,8,8,185.1,1,2.452,0.0,0.0,0.5,22.3181,114.22817,1|31|16|10|7,0.1141|0.0955|0.0575|0.0573|0.0461,
unit_001513,HongKong,8,8,175.9,1,2.4834,0.0,0.0,0.5,22.317011,114.230293,1|27|10|21|13,0.0991|0.0914|0.0636|0.0550|0.0485,
unit_001514,HongKong,8,8,185.1,1,2.452,0.0,0.0,0.5,22.3181,114.22817,1|31|16|10|7,0.1141|0.0955|0.0575|0.0573|0.0461,
unit_001515,HongKong,8,8,176.8,27,2.3384,0.0,0.0,0.5,22.31876,114.21898,27|1|21|16|7,0.1403|0.0623|0.0540|0.0530|0.0480,
unit_001516,HongKong,18,18,313.9,21,2.3886,0.0,0.0,0.5,22.318813,114.223095,21|1|31|7|10,0.1117|0.0916|0.0898|0.0889|0.0593,
unit_001517,HongKong,42,42,732.3,21,2.4651,0.0,0.0,0.5,22.322843,114.225756,21|23|27|2|1,0.0960|0.0871|0.0746|0.0603|0.0536,
unit_001518,HongKong,14,14,318.3,21,2.377,0.0,0.0,0.5,22.331731,114.229296,21|2|13|16|23,0.1133|0.0775|0.0718|0.0697|0.0677,
unit_001519,HongKong,8,8,178.4,1,2.5091,0.0,0.0,0.5,22.298577,114.236269,1|27|21|7|16,0.0860|0.0704|0.0681|0.0638|0.0495,
unit_001520,HongKong,6,6,133.4,1,2.5092,0.0,0.0,0.5,22.299142,114.239398,1|21|27|3|31,0.1198|0.0921|0.0569|0.0533|0.0482,
unit_001521,HongKong,8,8,175.9,21,2.4426,0.0,0.0,0.5,22.30045,114.24173,21|1|3|10|13,0.0850|0.0811|0.0722|0.0721|0.0581,
unit_001522,HongKong,8,8,175.9,1,2.4426,0.0,0.0,0.5,22.302818,114.239261,1|16|2|7|10,0.1127|0.0687|0.0554|0.0541|0.0509,
unit_001523,HongKong,10,16,226.1,1,2.5045,2e-05,0.0,0.5,22.306553,114.239109,1|21|3|31|27,0.1155|0.0916|0.0566|0.0559|0.0509,
unit_001524,HongKong,8,8,177.9,27,2.3145,0.0,0.0,0.5,22.301611,114.237587,27|1|21|16|3,0.1400|0.0976|0.0748|0.0633|0.0495,
unit_001525,HongKong,8,8,181.8,1,2.5092,0.0,0.0,0.5,22.298939,114.238965,1|21|27|3|31,0.1198|0.0921|0.0569|0.0533|0.0482,
unit_001526,HongKong,8,8,177.9,16,2.5658,0.0,0.0,0.5,22.312938,114.236926,16|31|27|2|14,0.0823|0.0720|0.0700|0.0565|0.0557,
unit_001527,HongKong,5,5,100.4,1,2.3638,0.0,0.0,0.5,22.31497,114.239759,1|10|13|2|21,0.0785|0.0753|0.0743|0.0736|0.0557,
unit_001528,HongKong,5,5,100.4,14,1.8771,0.0,0.0,0.5,22.317757,114.243007,14|18|16|23|2,0.1554|0.0363|0.0292|0.0282|0.0187,
unit_001529,HongKong,7,7,150.7,21,2.3413,0.0,0.0,0.5,22.319258,114.245796,21|16|23|31|2,0.0897|0.0880|0.0753|0.0530|0.0455,
unit_001530,HongKong,4,4,75.3,14,1.8783,0.0,0.0,0.5,22.320474,114.248095,14|18|16|23|31,0.1574|0.0579|0.0315|0.0185|0.0152,
unit_001531,HongKong,8,8,175.8,31,2.4471,0.0,0.0,0.5,22.321296,114.253154,31|16|18|27|1,0.1120|0.0967|0.0754|0.0681|0.0490,
unit_001532,HongKong,8,8,175.8,31,2.5341,0.0,0.0,0.5,22.31984,114.255606,31|18|21|22|23,0.0964|0.0954|0.0766|0.0708|0.0673,
unit_001533,HongKong,4,4,75.3,21,2.4161,0.0,0.0,0.5,22.317873,114.25747,21|3|22|31|27,0.1057|0.0891|0.0724|0.0704|0.0593,
unit_001534,HongKong,12,14,220.9,21,2.3664,0.0,0.16461,0.5411,22.333353,114.234792,21|16|22|27|7,0.1068|0.0969|0.0850|0.0759|0.0477,
unit_001535,HongKong,11,11,181.3,31,2.4746,0.0,0.0,0.5,22.334995,114.240934,31|16|22|3|23,0.0854|0.0765|0.0724|0.0715|0.0706,
unit_001536,HongKong,21,21,411.9,31,2.4746,0.0,0.20617,0.5514,22.335321,114.240954,31|16|22|3|23,0.0854|0.0765|0.0724|0.0715|0.0706,
unit_001537,HongKong,14,14,307.9,7,2.4549,0.0,0.20617,0.5514,22.336525,114.240168,7|27|31|21|1,0.0987|0.0798|0.0771|0.0706|0.0663,
unit_001538,HongKong,18,18,345.5,22,2.4536,0.0,0.16306,0.5407,22.335756,114.24508,22|7|23|3|31,0.0885|0.0730|0.0688|0.0540|0.0494,
unit_001539,HongKong,24,24,495.6,22,2.4158,0.0,0.16306,0.5407,22.337368,114.245081,22|10|21|27|7,0.1169|0.0859|0.0670|0.0527|0.0438,
unit_001540,HongKong,14,23,332.5,22,2.4622,0.00012,0.0,0.5,22.337625,114.243356,22|31|21|16|27,0.1018|0.0811|0.0703|0.0677|0.0546,
unit_001542,HongKong,14,24,336.6,22,2.4703,0.00012,0.11811,0.5295,22.33758,114.243499,22|31|21|16|27,0.1042|0.0813|0.0699|0.0678|0.0556,
unit_001543,HongKong,12,22,248.2,7,2.4602,1e-05,0.0,0.5,22.342841,114.256805,7|21|31|22|13,0.1002|0.1002|0.0845|0.0647|0.0603,
unit_001544,HongKong,8,8,179.0,31,2.4064,0.0,0.0,0.5,22.343325,114.249772,31|22|16|23|27,0.0939|0.0888|0.0861|0.0819|0.0640,
unit_001545,HongKong,6,8,129.4,22,2.3769,0.0,0.09573,0.5239,22.341741,114.247489,22|23|31|16|10,0.1498|0.0836|0.0794|0.0533|0.0530,
unit_001546,HongKong,18,28,220.4,7,2.4621,4e-05,0.11201,0.528,22.342634,114.246964,7|22|27|21|31,0.1223|0.0834|0.0741|0.0694|0.0656,
unit_001547,HongKong,6,8,129.4,22,2.3769,0.0,0.09573,0.5239,22.341741,114.247489,22|23|31|16|10,0.1498|0.0836|0.0794|0.0533|0.0530,
unit_001551,HongKong,11,14,213.6,7,2.4289,0.0,0.0,0.5,22.342916,114.256951,7|21|31|13|22,0.1021|0.0927|0.0793|0.0620|0.0585,
unit_001552,HongKong,7,7,153.4,31,2.4064,0.0,0.0,0.5,22.343208,114.24982,31|22|16|23|27,0.0939|0.0888|0.0861|0.0819|0.0640,
unit_001553,HongKong,10,11,182.8,21,2.4921,0.0,0.0,0.5,22.343905,114.252324,21|22|27|31|23,0.1026|0.0967|0.0757|0.0742|0.0576,
unit_001554,HongKong,10,10,205.3,22,2.4718,0.0,0.0,0.5,22.346178,114.259812,22|31|7|27|23,0.0977|0.0789|0.0741|0.0601|0.0568,
unit_001555,HongKong,8,8,179.6,22,2.3577,0.0,0.25558,0.5635,22.344895,114.257695,22|27|21|3|23,0.1517|0.0663|0.0632|0.0539|0.0418,
unit_001556,HongKong,9,9,205.3,7,2.4277,0.0,0.25558,0.5635,22.34321,114.257249,7|21|31|13|22,0.1021|0.0923|0.0791|0.0620|0.0582,
unit_001557,HongKong,8,8,184.0,21,2.428,0.0,0.0,0.5,22.345264,114.256056,21|22|18|23|27,0.1148|0.0882|0.0819|0.0685|0.0660,
unit_001558,HongKong,16,16,358.9,22,2.1164,0.0,0.0,0.5,22.316546,114.248631,22|23|27|21|1,0.1272|0.0637|0.0623|0.0343|0.0331,
unit_001559,HongKong,41,41,751.9,10,2.4877,0.0,0.0,0.5,22.31879,114.239342,10|16|27|14|31,0.0701|0.0687|0.0613|0.0518|0.0507,
unit_001561,HongKong,9,9,202.2,18,2.4407,0.0,0.0,0.5,22.319936,114.25089,18|31|21|23|2,0.1155|0.0952|0.0887|0.0753|0.0690,
unit_001562,HongKong,40,40,799.8,16,2.4232,0.0,0.0,0.5,22.321101,114.243495,16|31|22|21|27,0.1217|0.0960|0.0823|0.0686|0.0620,
unit_001563,HongKong,8,8,180.7,7,2.4072,0.0,0.0,0.5,22.329923,114.263105,7|31|1|3|13,0.1149|0.0785|0.0664|0.0643|0.0545,
unit_001564,HongKong,8,8,178.7,22,2.344,0.0,0.0,0.5,22.331669,114.261612,22|21|23|31|1,0.1357|0.1080|0.0840|0.0709|0.0508,
unit_001565,HongKong,16,22,383.0,21,2.3782,4e-05,0.0,0.5,22.335174,114.259894,21|22|31|23|7,0.1216|0.0903|0.0620|0.0606|0.0532,
unit_001566,HongKong,68,68,1425.5,7,2.3154,0.0,0.0,0.5,22.31619,114.284865,7|22|13|31|1,0.1007|0.0632|0.0589|0.0468|0.0468,
unit_001567,HongKong,20,30,479.3,7,2.3821,2e-05,0.0,0.5,22.319607,114.276773,7|13|31|21|27,0.1030|0.0785|0.0705|0.0604|0.0513,
unit_001568,HongKong,8,8,175.5,7,2.152,0.0,0.0,0.5,22.321462,114.272846,7|31|13|27|16,0.1116|0.0959|0.0769|0.0610|0.0360,
unit_001569,HongKong,28,36,589.4,7,2.4451,0.0,0.20749,0.5517,22.32731,114.270543,7|27|13|31|22,0.1071|0.0826|0.0674|0.0519|0.0497,
unit_001570,HongKong,10,10,209.2,22,2.4282,0.0,0.0,0.5,22.329201,114.271398,22|23|7|3|31,0.1225|0.0796|0.0717|0.0696|0.0689,
unit_001571,HongKong,4,4,56.7,31,2.4356,0.0,0.0,0.5,22.328101,114.269414,31|7|13|27|14,0.0866|0.0786|0.0733|0.0669|0.0574,
unit_001572,HongKong,8,8,180.7,7,2.4072,0.0,0.0,0.5,22.329923,114.263105,7|31|1|3|13,0.1149|0.0785|0.0664|0.0643|0.0545,
unit_001573,HongKong,13,16,309.0,22,2.4066,5e-05,0.0,0.5,22.326823,114.265622,22|27|21|16|23,0.1332|0.0956|0.0858|0.0778|0.0464,
unit_001574,HongKong,7,7,154.5,22,2.3134,0.0,0.0,0.5,22.324637,114.267925,22|27|16|21|18,0.1271|0.1091|0.0822|0.0677|0.0572,
unit_001575,HongKong,16,18,213.8,22,2.4417,0.0,0.09905,0.5247,22.329602,114.267344,22|13|7|31|23,0.1227|0.0866|0.0603|0.0594|0.0514,
unit_001576,HongKong,3,3,52.7,31,2.3202,0.0,0.0,0.5,22.33487,114.227226,31|7|16|22|21,0.1280|0.1085|0.0838|0.0743|0.0596,
unit_001577,HongKong,8,8,184.1,31,2.3202,0.0,0.0,0.5,22.335609,114.227302,31|7|16|22|21,0.1280|0.1085|0.0838|0.0743|0.0596,
unit_001578,HongKong,20,20,365.9,7,2.4404,0.0,0.0,0.5,22.336697,114.229157,7|31|22|13|27,0.0903|0.0800|0.0744|0.0707|0.0666,
unit_001579,HongKong,50,50,955.2,27,2.4242,0.0,0.0,0.5,22.334372,114.225454,27|16|10|31|22,0.0896|0.0797|0.0631|0.0619|0.0479,
unit_001580,HongKong,3,3,52.7,31,2.3202,0.0,0.0,0.5,22.33487,114.227226,31|7|16|22|21,0.1280|0.1085|0.0838|0.0743|0.0596,
unit_001581,HongKong,8,8,177.8,7,2.4389,0.0,0.0,0.5,22.336384,114.230995,7|31|27|13|3,0.1010|0.0886|0.0870|0.0666|0.0457,
unit_001582,HongKong,8,8,184.1,31,2.3202,0.0,0.0,0.5,22.335609,114.227302,31|7|16|22|21,0.1280|0.1085|0.0838|0.0743|0.0596,
unit_001583,HongKong,8,8,177.8,7,2.4389,0.0,0.0,0.5,22.336384,114.230995,7|31|27|13|3,0.1010|0.0886|0.0870|0.0666|0.0457,
unit_001584,HongKong,8,8,178.4,1,2.4674,0.0,0.10223,0.5255,22.339057,114.179224,1|2|21|31|18,0.0916|0.0746|0.0619|0.0384|0.0340,
unit_001585,HongKong,7,9,152.9,21,2.4746,2e-05,0.10223,0.5255,22.337337,114.179133,21|1|18|10|7,0.0923|0.0833|0.0621|0.0530|0.0505,
unit_001586,HongKong,4,4,78.1,1,2.3873,0.0,0.0,0.5,22.283495,114.212204,1|7|16|10|2,0.0977|0.0817|0.0632|0.0587|0.0556,
unit_001587,HongKong,7,7,162.1,21,2.4146,0.0,0.0,0.5,22.285059,114.193494,21|1|27|7|31,0.0991|0.0860|0.0849|0.0512|0.0343,
unit_001590,HongKong,12,12,254.5,22,2.3632,0.0,0.0,0.5,22.281136,114.211139,22|27|7|16|31,0.1272|0.0698|0.0613|0.0555|0.0539,
unit_001591,HongKong,4,4,78.1,1,2.3873,0.0,0.0,0.5,22.283495,114.212204,1|7|16|10|2,0.0977|0.0817|0.0632|0.0587|0.0556,
unit_001593,HongKong,13,16,301.4,22,2.4744,5e-05,0.0,0.5,22.297717,114.292986,22|21|31|27|16,0.1208|0.1034|0.0598|0.0591|0.0554,
unit_001595,HongKong,3,3,54.1,14,1.6246,0.0,0.28666,0.5712,22.283653,114.185201,14|18|16|23|2,0.1627|0.0527|0.0346|0.0262|0.0207,
unit_001597,HongKong,19,19,372.2,18,2.4531,0.0,0.0,0.5,22.338979,114.261762,18|16|21|22|31,0.0933|0.0906|0.0858|0.0783|0.0744,
unit_001598,HongKong,8,8,180.3,22,2.4044,0.0,0.0,0.5,22.269331,114.20137,22|31|13|7|16,0.1483|0.0705|0.0654|0.0504|0.0479,
unit_001599,HongKong,12,17,283.4,23,2.4074,4e-05,0.05963,0.5149,22.27028,114.198602,23|31|22|27|2,0.0952|0.0818|0.0818|0.0652|0.0580,
unit_001600,HongKong,32,58,684.6,1,2.3637,7e-05,0.0,0.5,22.32922,114.201287,1|31|3|13|21,0.1193|0.0662|0.0577|0.0560|0.0527,
unit_001601,HongKong,8,8,161.7,1,2.3387,0.0,0.0,0.5,22.331314,114.202648,1|3|13|31|16,0.1182|0.0654|0.0587|0.0518|0.0423,
unit_001602,HongKong,8,8,151.1,1,2.4019,0.0,0.0,0.5,22.331661,114.193756,1|31|3|10|21,0.1021|0.0920|0.0683|0.0557|0.0478,
unit_001605,HongKong,7,7,157.6,21,2.3196,0.0,0.0,0.5,22.308284,114.255609,21|1|3|31|18,0.1103|0.0966|0.0753|0.0674|0.0584,
unit_001606,HongKong,3,3,54.6,1,2.5276,0.0,0.0,0.5,22.33206,114.217235,1|10|3|7|16,0.0959|0.0735|0.0615|0.0611|0.0588,
unit_001607,HongKong,13,13,210.1,18,2.2859,0.0,0.0,0.5,22.304304,114.255405,18|21|13|2|1,0.0921|0.0831|0.0747|0.0645|0.0455,
unit_001608,HongKong,8,8,176.5,1,2.4389,0.0,0.0,0.5,22.305148,114.263293,1|31|21|7|10,0.1110|0.0768|0.0651|0.0606|0.0543,
unit_001611,HongKong,9,9,214.1,1,2.2904,0.0,0.0,0.5,22.303604,114.258191,1|31|3|16|10,0.1062|0.0751|0.0599|0.0578|0.0350,
unit_001612,HongKong,8,8,182.9,1,2.2904,0.0,0.0,0.5,22.303683,114.258199,1|31|3|16|10,0.1062|0.0751|0.0599|0.0578|0.0350,
unit_001613,HongKong,9,9,203.6,22,2.2525,0.0,0.0,0.5,22.352076,114.195416,22|31|27|3|16,0.1259|0.0732|0.0689|0.0370|0.0344,
unit_001614,HongKong,10,10,229.1,22,2.2677,0.0,0.0,0.5,22.353837,114.197762,22|23|27|21|31,0.0878|0.0834|0.0752|0.0597|0.0557,
unit_001615,HongKong,13,17,305.5,22,2.3699,0.0,0.0,0.5,22.355193,114.199037,22|27|16|10|31,0.1452|0.0952|0.0518|0.0504|0.0466,
unit_001616,HongKong,8,8,176.0,22,2.3623,0.0,0.0,0.5,22.241782,114.22357,22|23|10|31|3,0.1091|0.0822|0.0725|0.0544|0.0397,
unit_001617,HongKong,10,10,226.2,22,2.4269,0.0,0.0,0.5,22.238781,114.223997,22|7|27|21|31,0.0986|0.0890|0.0707|0.0692|0.0589,
unit_001618,HongKong,5,5,100.6,27,2.2292,0.0,0.0,0.5,22.239314,114.221798,27|23|22|21|2,0.1165|0.0840|0.0832|0.0769|0.0609,
unit_001620,HongKong,5,5,103.9,14,1.8771,0.0,0.71998,0.6726,22.317542,114.243665,14|18|16|23|2,0.1554|0.0363|0.0292|0.0282|0.0187,
unit_001621,HongKong,14,14,169.8,18,2.3853,0.0,0.0,0.5,22.306417,114.222554,18|10|16|21|1,0.1400|0.0630|0.0593|0.0499|0.0391,
unit_001622,HongKong,11,15,251.6,14,1.8773,1e-05,0.0,0.5,22.297652,114.22768,14|18|16|23|31,0.1523|0.0550|0.0374|0.0346|0.0157,
unit_001623,HongKong,7,7,151.0,14,1.7797,0.0,0.0,0.5,22.296496,114.22547,14|18|16|23|21,0.1510|0.0639|0.0433|0.0304|0.0184,
unit_001624,HongKong,14,16,327.1,14,1.744,0.0,0.0,0.5,22.295078,114.222759,14|18|16|23|21,0.1663|0.0652|0.0370|0.0326|0.0199,
unit_001625,HongKong,7,7,151.0,14,1.817,0.0,0.0,0.5,22.29387,114.220448,14|18|16|23|31,0.1603|0.0433|0.0382|0.0288|0.0216,
unit_001626,HongKong,8,8,176.2,14,1.7584,0.0,0.0,0.5,22.292766,114.218339,14|18|16|23|21,0.1668|0.0605|0.0373|0.0299|0.0219,
unit_001627,HongKong,8,8,176.2,14,1.9698,0.0,0.0,0.5,22.291716,114.21633,14|18|16|23|31,0.1583|0.0590|0.0391|0.0344|0.0261,
unit_001628,HongKong,8,8,178.1,21,2.4161,0.0,0.0,0.5,22.317386,114.25689,21|3|22|31|27,0.1057|0.0891|0.0724|0.0704|0.0593,
unit_001629,HongKong,28,52,511.4,3,2.4808,2e-05,0.0,0.5,22.308606,114.211286,3|2|1|21|10,0.0919|0.0850|0.0754|0.0647|0.0536,
unit_001630,HongKong,7,7,156.6,18,2.5129,0.0,0.0,0.5,22.288412,114.213232,18|31|1|16|2,0.1087|0.0609|0.0608|0.0599|0.0524,
unit_001631,HongKong,8,8,177.2,18,2.5129,0.0,0.0,0.5,22.288329,114.213288,18|31|1|16|2,0.1087|0.0609|0.0608|0.0599|0.0524,
unit_001632,HongKong,7,7,151.9,18,2.4826,0.0,0.0,0.5,22.28929,114.216607,18|16|31|2|14,0.0977|0.0835|0.0701|0.0586|0.0546,
unit_001633,HongKong,8,8,175.3,16,2.4196,0.0,0.10019,0.525,22.328931,114.215127,16|1|21|31|7,0.0953|0.0934|0.0853|0.0846|0.0710,
unit_001635,HongKong,8,8,183.5,10,2.3518,0.0,0.0,0.5,22.316289,114.207329,10|3|18|1|2,0.0894|0.0620|0.0573|0.0524|0.0505,
unit_001637,HongKong,26,32,463.4,21,2.3448,1e-05,0.09227,0.523,22.321621,114.268948,21|22|27|16|23,0.1273|0.1056|0.0898|0.0464|0.0352,
unit_001638,HongKong,7,7,154.5,22,2.3134,0.0,0.0,0.5,22.324637,114.267925,22|27|16|21|18,0.1271|0.1091|0.0822|0.0677|0.0572,
unit_001639,HongKong,13,16,309.0,22,2.4066,5e-05,0.0,0.5,22.326823,114.265622,22|27|21|16|23,0.1332|0.0956|0.0858|0.0778|0.0464,
unit_001640,HongKong,3,3,55.8,1,2.4109,0.0,0.0,0.5,22.323983,114.204251,1|16|31|14|2,0.0981|0.0813|0.0521|0.0504|0.0435,
unit_001641,HongKong,9,9,154.3,14,1.6557,0.0,0.0,0.5,22.282606,114.17738,14|18|16|23|2,0.1473|0.0430|0.0397|0.0247|0.0157,
unit_001642,HongKong,6,6,125.3,1,2.1428,0.0,0.0,0.5,22.282124,114.174286,1|10|21|16|3,0.1028|0.0634|0.0568|0.0556|0.0518,
unit_001643,HongKong,6,6,125.5,1,2.1428,0.0,0.0,0.5,22.282254,114.174259,1|10|21|16|3,0.1028|0.0634|0.0568|0.0556|0.0518,
unit_001644,HongKong,8,8,175.8,14,1.6739,0.0,0.0,0.5,22.282344,114.167483,14|16|18|23|2,0.1510|0.0434|0.0428|0.0221|0.0180,
unit_001645,HongKong,7,7,150.7,14,1.736,0.0,0.0,0.5,22.282767,114.16538,14|18|16|23|2,0.1577|0.0525|0.0388|0.0203|0.0176,
unit_001646,HongKong,14,15,326.4,14,1.624,0.0,0.0,0.5,22.28429,114.161987,14|18|16|23|21,0.1649|0.0516|0.0311|0.0261|0.0135,
unit_001648,HongKong,13,14,267.4,18,2.4275,1e-05,0.0,0.5,22.286807,114.157467,18|16|2|1|3,0.0822|0.0810|0.0777|0.0755|0.0534,
unit_001649,HongKong,58,58,1110.6,10,2.4181,2e-05,0.0,0.5,22.325541,114.201665,10|3|1|2|31,0.0796|0.0732|0.0683|0.0666|0.0601,
unit_001650,HongKong,9,16,151.3,14,2.2236,9e-05,0.09611,0.524,22.324367,114.198515,14|16|2|18|13,0.1167|0.0671|0.0471|0.0441|0.0284,
unit_001651,HongKong,7,7,157.4,31,2.3356,0.0,0.0,0.5,22.315723,114.269589,31|3|1|27|21,0.0953|0.0828|0.0802|0.0798|0.0768,
unit_001652,HongKong,5,5,102.3,1,2.3118,0.0,0.0,0.5,22.328539,114.228649,1|31|3|16|7,0.1237|0.0805|0.0619|0.0467|0.0447,
unit_001653,HongKong,8,9,176.5,27,2.4156,0.0,0.0,0.5,22.329877,114.228494,27|18|21|16|3,0.1070|0.0871|0.0646|0.0613|0.0569,
unit_001654,HongKong,3,3,50.4,21,2.377,0.0,0.0,0.5,22.331819,114.228686,21|2|13|16|23,0.1133|0.0775|0.0718|0.0697|0.0677,
unit_001655,HongKong,10,16,227.0,1,2.4571,2e-05,0.0,0.5,22.324558,114.230889,1|3|21|27|31,0.1026|0.0901|0.0849|0.0563|0.0535,
unit_001656,HongKong,8,8,176.5,27,2.4321,0.0,0.10867,0.5271,22.322334,114.232411,27|31|3|18|21,0.0906|0.0866|0.0827|0.0781|0.0774,
unit_001657,HongKong,40,45,987.9,1,2.4567,3e-05,0.10867,0.5271,22.320669,114.233817,1|31|3|21|18,0.1215|0.0781|0.0744|0.0590|0.0568,
unit_001658,HongKong,30,30,454.3,13,2.3325,0.0,0.0,0.5,22.322807,114.233869,13|10|16|1|27,0.0856|0.0806|0.0711|0.0590|0.0554,
unit_001659,HongKong,8,8,178.3,27,2.4321,0.0,0.10867,0.5271,22.322296,114.232324,27|31|3|18|21,0.0906|0.0866|0.0827|0.0781|0.0774,
unit_001660,HongKong,10,16,229.2,1,2.4551,2e-05,0.0,0.5,22.324544,114.230796,1|3|21|27|31,0.1025|0.0900|0.0848|0.0566|0.0534,
unit_001661,HongKong,17,19,309.2,2,2.2745,0.0,0.15857,0.5396,22.316455,114.203452,2|18|13|1|10,0.0999|0.0742|0.0534|0.0530|0.0442,
unit_001662,HongKong,7,8,152.9,14,2.3076,0.0,0.15633,0.539,22.317635,114.202451,14|18|2|23|27,0.1363|0.0640|0.0627|0.0361|0.0336,
unit_001663,HongKong,8,8,178.4,2,2.2675,0.0,0.0,0.5,22.319543,114.200308,2|18|13|10|16,0.0961|0.0874|0.0820|0.0680|0.0438,
unit_001664,HongKong,8,8,178.4,18,2.1231,0.0,0.0,0.5,22.321299,114.199511,18|13|2|10|21,0.0939|0.0699|0.0648|0.0515|0.0476,
unit_001665,HongKong,8,8,178.0,18,2.1231,0.0,0.07422,0.5185,22.321206,114.199603,18|13|2|10|21,0.0939|0.0699|0.0648|0.0515|0.0476,
unit_001666,HongKong,8,8,178.0,2,2.2675,0.0,0.07422,0.5185,22.319646,114.20032,2|18|13|10|16,0.0961|0.0874|0.0820|0.0680|0.0438,
unit_001667,HongKong,7,8,152.6,14,2.2986,0.0,0.17215,0.5429,22.317743,114.202459,14|18|2|23|27,0.1374|0.0629|0.0606|0.0363|0.0339,
unit_001668,HongKong,20,20,391.6,13,2.3328,0.0,0.14722,0.5367,22.315269,114.203986,13|1|2|14|16,0.0633|0.0615|0.0575|0.0492|0.0489,
unit_001669,HongKong,34,36,804.8,13,2.4467,3e-05,0.06445,0.5161,22.329843,114.194235,13|1|2|18|3,0.0738|0.0735|0.0689|0.0687|0.0570,
unit_001670,HongKong,7,7,153.6,1,2.4769,0.0,0.0,0.5,22.328234,114.192596,1|18|2|31|13,0.0769|0.0754|0.0740|0.0580|0.0549,
unit_001673,HongKong,8,8,175.8,14,1.798,0.0,0.0,0.5,22.347654,114.179864,14|18|23|21|16,0.1551|0.0418|0.0292|0.0170|0.0130,
unit_001674,HongKong,13,14,301.4,14,1.6504,0.0,0.0,0.5,22.349866,114.178101,14|18|23|21|31,0.1604|0.0428|0.0265|0.0194|0.0099,
unit_001675,HongKong,17,29,401.9,14,1.7406,0.0,0.0,0.5,22.353052,114.175561,14|18|23|21|16,0.1518|0.0507|0.0320|0.0221|0.0124,
unit_001676,HongKong,14,14,258.9,21,2.5554,0.0,0.0,0.5,22.357732,114.172796,21|23|22|3|10,0.0975|0.0825|0.0792|0.0774|0.0521,
unit_001677,HongKong,22,22,425.9,21,2.4911,0.0,0.0,0.5,22.318442,114.270943,21|10|3|22|31,0.1290|0.0698|0.0629|0.0602|0.0560,
unit_001678,HongKong,11,11,207.3,1,2.1918,0.0,0.0,0.5,22.341732,114.193177,1|31|18|16|3,0.0909|0.0684|0.0624|0.0619|0.0332,
unit_001680,HongKong,6,6,125.5,18,2.3871,0.0,0.26444,0.5657,22.280003,114.188264,18|1|10|31|16,0.1036|0.0900|0.0632|0.0601|0.0503,
unit_001681,HongKong,5,5,102.2,18,2.4163,0.0,0.0,0.5,22.28322,114.171785,18|10|2|16|1,0.0795|0.0735|0.0680|0.0666|0.0626,
unit_001682,HongKong,5,5,102.0,1,2.1428,0.0,0.0,0.5,22.282388,114.174358,1|10|21|16|3,0.1028|0.0634|0.0568|0.0556|0.0518,
unit_001683,HongKong,10,10,175.9,14,1.6557,0.0,0.0,0.5,22.28275,114.177153,14|18|16|23|2,0.1473|0.0430|0.0397|0.0247|0.0157,
unit_001684,HongKong,7,7,150.1,14,1.6246,0.0,0.0,0.5,22.284148,114.184363,14|18|16|23|2,0.1627|0.0527|0.0346|0.0262|0.0207,
unit_001685,HongKong,8,8,175.1,14,1.718,0.0,0.0,0.5,22.285555,114.186792,14|18|16|23|2,0.1660|0.0644|0.0291|0.0281|0.0249,
unit_001686,HongKong,7,7,150.1,14,1.5678,0.0,0.0,0.5,22.28683,114.188217,14|18|23|16|21,0.1736|0.0454|0.0281|0.0273|0.0202,
unit_001687,HongKong,22,30,391.4,7,2.4769,2e-05,0.06747,0.5169,22.325249,114.250889,7|31|21|16|22,0.1075|0.0979|0.0867|0.0795|0.0487,
unit_001688,HongKong,8,8,183.5,22,2.4505,0.0,0.08006,0.52,22.324159,114.250019,22|23|31|21|2,0.0983|0.0933|0.0888|0.0761|0.0658,
unit_001689,HongKong,8,15,180.9,31,2.4367,2e-05,0.0,0.5,22.317041,114.158978,31|16|18|1|13,0.1101|0.0935|0.0730|0.0610|0.0561,
unit_001690,HongKong,7,7,155.0,21,2.4315,0.0,0.0,0.5,22.314848,114.160467,21|18|3|16|1,0.1231|0.0986|0.0785|0.0596|0.0582,
unit_001691,HongKong,7,7,154.1,21,2.4315,0.0,0.0,0.5,22.314861,114.160588,21|18|3|16|1,0.1231|0.0986|0.0785|0.0596|0.0582,
unit_001693,HongKong,7,7,150.8,21,2.4329,0.0,0.0,0.5,22.312302,114.164757,21|1|13|10|3,0.0953|0.0689|0.0639|0.0587|0.0541,
unit_001694,HongKong,6,6,127.8,1,2.3142,0.0,0.0,0.5,22.33333,114.200312,1|3|16|31|2,0.0980|0.0600|0.0577|0.0561|0.0525,
unit_001695,HongKong,3,3,51.1,16,2.436,0.0,0.0,0.5,22.334457,114.200117,16|18|1|21|31,0.1100|0.0937|0.0768|0.0716|0.0708,
unit_001696,HongKong,26,32,539.2,22,2.3837,5e-05,0.0,0.5,22.341478,114.259387,22|31|3|7|23,0.1053|0.0742|0.0599|0.0588|0.0534,
unit_001697,HongKong,9,9,205.3,7,2.4277,0.0,0.25558,0.5635,22.34321,114.257249,7|21|31|13|22,0.1021|0.0923|0.0791|0.0620|0.0582,
unit_001698,HongKong,8,8,179.6,22,2.3577,0.0,0.25558,0.5635,22.344895,114.257695,22|27|21|3|23,0.1517|0.0663|0.0632|0.0539|0.0418,
unit_001701,HongKong,5,5,102.6,1,2.3519,0.0,0.0,0.5,22.276667,114.181116,1|16|2|7|31,0.1343|0.0710|0.0504|0.0457|0.0429,
unit_001702,HongKong,14,15,333.5,1,2.4732,3e-05,0.0,0.5,22.273212,114.179761,1|21|18|31|10,0.0879|0.0852|0.0829|0.0439|0.0401,
unit_001703,HongKong,5,5,100.2,1,2.3519,0.0,0.0,0.5,22.276682,114.181196,1|16|2|7|31,0.1343|0.0710|0.0504|0.0457|0.0429,
unit_001704,HongKong,12,18,238.6,1,2.3377,0.0,0.0,0.5,22.279108,114.181142,1|21|18|7|23,0.1342|0.0744|0.0646|0.0574|0.0436,
unit_001705,HongKong,8,8,178.3,1,2.4733,0.0,0.0,0.5,22.321938,114.230362,1|3|31|21|10,0.1081|0.0719|0.0675|0.0583|0.0561,
unit_001706,HongKong,4,4,81.7,22,2.4667,0.0,0.0,0.5,22.250968,114.172537,22|1|16|3|31,0.0767|0.0767|0.0720|0.0489|0.0407,
unit_001708,HongKong,6,6,125.5,18,2.3926,0.0,0.0,0.5,22.285264,114.221782,18|1|31|10|21,0.1402|0.0875|0.0673|0.0601|0.0518,
unit_001709,HongKong,7,7,150.5,18,2.3589,0.0,0.26395,0.5656,22.282642,114.223161,18|21|1|31|16,0.1484|0.0803|0.0770|0.0742|0.0531,
unit_001710,HongKong,8,8,175.6,1,2.4389,0.0,0.26395,0.5656,22.281485,114.224369,1|31|2|21|3,0.1291|0.0938|0.0683|0.0633|0.0595,
unit_001711,HongKong,8,8,176.0,1,2.385,0.0,0.0,0.5,22.280414,114.21494,1|31|7|27|16,0.1024|0.0917|0.0575|0.0571|0.0509,
unit_001712,HongKong,8,8,176.0,1,2.385,0.0,0.0,0.5,22.280414,114.21494,1|31|7|27|16,0.1024|0.0917|0.0575|0.0571|0.0509,
unit_001713,HongKong,8,8,178.4,1,2.5091,0.0,0.0,0.5,22.298577,114.236269,1|27|21|7|16,0.0860|0.0704|0.0681|0.0638|0.0495,
unit_001714,HongKong,8,8,181.1,21,2.424,0.0,0.0,0.5,22.29987,114.22874,21|10|13|2|18,0.0770|0.0705|0.0653|0.0633|0.0580,
unit_001715,HongKong,7,7,155.8,21,2.3944,0.0,0.11101,0.5277,22.321281,114.255659,21|1|3|31|7,0.1099|0.1062|0.0838|0.0591|0.0587,
unit_001716,HongKong,3,3,52.1,7,2.4506,0.0,0.0,0.5,22.325249,114.251555,7|31|21|16|13,0.1109|0.0916|0.0773|0.0711|0.0488,
unit_001717,HongKong,8,8,182.5,31,2.321,0.0,0.0,0.5,22.323322,114.253261,31|1|3|16|27,0.0913|0.0833|0.0618|0.0616|0.0485,
unit_001718,HongKong,7,8,152.1,21,2.4025,0.0,0.15151,0.5378,22.321225,114.255565,21|1|3|31|7,0.1102|0.1063|0.0837|0.0601|0.0587,
unit_001719,HongKong,10,10,191.0,1,2.4213,0.0,0.0,0.5,22.27888,114.163735,1|2|16|3|10,0.1083|0.0803|0.0509|0.0485|0.0444,
unit_001720,HongKong,8,8,127.6,21,2.4161,0.0,0.0,0.5,22.317755,114.257397,21|3|22|31|27,0.1057|0.0891|0.0724|0.0704|0.0593,
unit_001721,HongKong,7,7,159.1,3,2.3951,0.0,0.11707,0.5292,22.324549,114.259367,3|31|1|21|7,0.1028|0.0941|0.0851|0.0770|0.0494,
unit_001723,HongKong,8,8,175.2,21,2.4237,0.0,0.0,0.5,22.28529,114.275452,21|3|27|1|22,0.1174|0.0962|0.0629|0.0530|0.0420,
unit_001724,HongKong,18,18,353.2,22,2.4906,0.0,0.3672,0.5908,22.319435,114.243808,22|7|13|3|10,0.0845|0.0754|0.0673|0.0488|0.0421,
unit_001726,HongKong,8,8,175.2,1,2.4255,0.0,0.0,0.5,22.247792,114.163932,1|16|31|13|3,0.0995|0.0652|0.0545|0.0540|0.0479,
unit_001727,HongKong,23,23,477.3,1,2.1382,0.0,0.0,0.5,22.283828,114.17409,1|3|16|21|13,0.0789|0.0640|0.0558|0.0521|0.0408,
unit_001728,HongKong,8,8,178.2,1,2.3566,0.0,0.0,0.5,22.321393,114.214632,1|21|3|10|2,0.0974|0.0949|0.0558|0.0486|0.0424,
unit_001730,HongKong,8,8,182.1,1,2.4346,0.0,0.0,0.5,22.27114,114.193725,1|31|27|22|16,0.0944|0.0906|0.0870|0.0636|0.0622,
unit_001732,HongKong,8,8,178.6,16,2.2722,0.0,0.0,0.5,22.253675,114.177669,16|22|21|31|23,0.0998|0.0785|0.0749|0.0653|0.0511,
unit_001733,HongKong,6,6,135.6,1,2.4025,0.0,0.0,0.5,22.281985,114.181124,1|3|22|31|21,0.1046|0.0757|0.0578|0.0495|0.0427,
unit_001734,HongKong,9,9,209.8,16,2.5109,0.0,0.0,0.5,22.343028,114.172153,16|18|31|2|27,0.1207|0.0696|0.0493|0.0484|0.0481,
unit_001735,HongKong,8,8,181.7,18,2.3732,0.0,0.0,0.5,22.306774,114.175801,18|31|1|10|16,0.0913|0.0838|0.0734|0.0605|0.0495,
unit_001736,HongKong,7,7,107.6,14,1.6557,0.0,0.0,0.5,22.282346,114.177695,14|18|16|23|2,0.1473|0.0430|0.0397|0.0247|0.0157,
unit_001737,HongKong,7,7,163.2,16,2.5109,0.0,0.0,0.5,22.343715,114.171698,16|18|31|2|27,0.1207|0.0696|0.0493|0.0484|0.0481,
unit_001738,HongKong,9,9,209.8,16,2.5109,0.0,0.0,0.5,22.343028,114.172153,16|18|31|2|27,0.1207|0.0696|0.0493|0.0484|0.0481,
unit_001739,HongKong,8,9,178.2,22,2.3434,0.0,0.0,0.5,22.308354,114.286303,22|31|7|1|13,0.1212|0.0663|0.0600|0.0436|0.0414,
unit_001740,HongKong,30,30,554.3,27,2.2036,0.0,0.39413,0.5973,22.310745,114.28448,27|23|22|21|2,0.1148|0.1023|0.1016|0.0836|0.0675,
unit_001741,HongKong,48,56,1087.2,22,2.4305,0.0001,0.0,0.5,22.313693,114.283074,22|21|23|27|10,0.1269|0.0969|0.0687|0.0534|0.0520,
unit_001742,HongKong,9,9,154.8,18,2.1745,0.0,0.0,0.5,22.284533,114.189327,18|1|21|31|10,0.1166|0.0875|0.0501|0.0449|0.0372,
unit_001743,HongKong,7,7,150.5,14,1.6246,0.0,0.0,0.5,22.284032,114.184445,14|18|16|23|2,0.1627|0.0527|0.0346|0.0262|0.0207,
unit_001744,HongKong,28,28,437.8,1,2.3891,0.0,0.0,0.5,22.247826,114.173677,1|3|21|10|2,0.0869|0.0830|0.0806|0.0592|0.0314,
unit_001746,HongKong,38,42,767.9,22,2.3329,1e-05,0.15923,0.5397,22.315728,114.278578,22|23|27|31|16,0.1212|0.0990|0.0936|0.0857|0.0786,
unit_001747,HongKong,28,28,563.7,22,2.282,0.0,0.0,0.5,22.316796,114.28056,22|16|21|31|23,0.1407|0.1080|0.0660|0.0638|0.0621,
unit_001748,HongKong,40,40,650.3,7,2.4348,0.0,0.15923,0.5397,22.315138,114.277475,7|23|3|31|22,0.0761|0.0735|0.0620|0.0567|0.0441,
unit_001749,HongKong,3,3,59.7,22,2.3823,0.0,0.09217,0.523,22.312937,114.283762,22|23|21|10|7,0.1311|0.0801|0.0768|0.0701|0.0540,
unit_001750,HongKong,10,10,149.5,21,2.3432,0.0,0.09217,0.523,22.313702,114.283806,21|22|27|23|10,0.1225|0.1204|0.0556|0.0450|0.0335,
unit_001751,HongKong,8,8,176.5,14,1.3786,0.0,0.0,0.5,22.287778,114.182552,14|18|21|23|2,0.1516|0.0383|0.0358|0.0307|0.0072,
unit_001752,HongKong,10,16,226.9,14,1.5602,0.0,0.0,0.5,22.290467,114.182105,14|21|23|18|2,0.1598|0.0364|0.0359|0.0338|0.0122,
unit_001753,HongKong,8,8,176.5,14,1.4434,0.0,0.0,0.5,22.292707,114.181733,14|18|21|23|2,0.1546|0.0428|0.0383|0.0331|0.0108,
unit_001754,HongKong,10,16,226.9,14,1.5336,0.0,0.0,0.5,22.295396,114.181287,14|21|23|18|2,0.1515|0.0357|0.0306|0.0293|0.0112,
unit_001755,HongKong,10,12,226.9,1,2.4635,7e-05,0.0,0.5,22.301883,114.180238,1|21|3|2|16,0.0920|0.0672|0.0649|0.0574|0.0501,
unit_001756,HongKong,10,10,178.5,16,2.512,0.0,0.0,0.5,22.34139,114.167681,16|18|31|10|1,0.0816|0.0814|0.0767|0.0593|0.0538,
unit_001757,HongKong,8,8,176.6,18,2.5752,0.0,0.0,0.5,22.342257,114.169601,18|16|21|2|23,0.0763|0.0662|0.0633|0.0600|0.0534,
unit_001758,HongKong,8,8,175.9,18,2.4956,0.0,0.0,0.5,22.342842,114.174122,18|31|16|21|27,0.1089|0.0875|0.0826|0.0683|0.0608,
unit_001759,HongKong,8,9,175.9,18,2.3704,0.0,0.0,0.5,22.344708,114.176751,18|16|31|23|21,0.0925|0.0849|0.0607|0.0556|0.0472,
unit_001760,HongKong,20,20,410.7,27,2.5479,0.0,0.0,0.5,22.342763,114.158901,27|16|22|3|10,0.0855|0.0773|0.0726|0.0576|0.0570,
unit_001761,HongKong,8,8,178.4,22,2.3802,0.0,0.0,0.5,22.22901,114.197215,22|31|16|23|27,0.1054|0.1002|0.0749|0.0745|0.0523,
unit_001762,HongKong,9,9,203.9,22,2.3107,0.0,0.0,0.5,22.227576,114.197344,22|21|27|23|14,0.1072|0.0951|0.0899|0.0462|0.0263,
unit_001763,HongKong,7,7,152.9,27,2.3767,0.0,0.09961,0.5249,22.225363,114.198712,27|22|21|10|23,0.1334|0.0893|0.0847|0.0472|0.0386,
unit_001764,HongKong,3,3,51.6,27,2.4283,0.0,0.0,0.5,22.231161,114.198687,27|22|21|23|10,0.1028|0.0784|0.0658|0.0522|0.0353,
unit_001765,HongKong,4,4,57.7,22,2.3814,0.0,0.0,0.5,22.301914,114.287271,22|1|27|21|7,0.1130|0.0530|0.0519|0.0458|0.0452,
unit_001766,HongKong,14,14,283.9,7,2.4419,0.0,0.0,0.5,22.304433,114.286208,7|31|23|16|21,0.1352|0.0702|0.0498|0.0494|0.0473,
unit_001769,HongKong,10,10,218.6,7,2.2551,0.0,0.39413,0.5973,22.311027,114.285753,7|27|3|13|22,0.1231|0.0723|0.0719|0.0612|0.0596,
unit_001770,HongKong,3,3,59.7,22,2.3823,0.0,0.09217,0.523,22.312937,114.283762,22|23|21|10|7,0.1311|0.0801|0.0768|0.0701|0.0540,
unit_001771,HongKong,12,12,254.2,22,2.3501,0.0,0.0,0.5,22.319659,114.287622,22|7|31|13|16,0.1219|0.0672|0.0651|0.0509|0.0471,
unit_001772,HongKong,13,13,305.0,22,2.1883,0.0,0.0,0.5,22.319121,114.286042,22|23|31|2|27,0.1827|0.0757|0.0599|0.0490|0.0423,
unit_001773,HongKong,9,9,203.4,22,2.2513,0.0,0.0,0.5,22.317552,114.287207,22|7|13|21|16,0.1344|0.0774|0.0560|0.0509|0.0502,
unit_001774,HongKong,12,12,153.1,22,2.1883,0.0,0.0,0.5,22.318274,114.285754,22|23|31|2|27,0.1827|0.0757|0.0599|0.0490|0.0423,
unit_001775,HongKong,8,8,175.2,1,2.3182,0.0,0.0,0.5,22.296298,114.236593,1|16|13|23|3,0.0741|0.0696|0.0655|0.0567|0.0479,
unit_001777,HongKong,8,8,175.2,1,2.3285,0.0,0.0,0.5,22.3081,114.234711,1|16|21|2|7,0.1384|0.0630|0.0575|0.0475|0.0387,
unit_001778,HongKong,8,8,177.9,16,2.261,0.0,0.0,0.5,22.302603,114.165483,16|31|13|10|2,0.0953|0.0692|0.0587|0.0586|0.0538,
unit_001779,HongKong,6,6,127.1,21,2.4341,0.0,0.0,0.5,22.305252,114.163762,21|2|1|18|14,0.0708|0.0658|0.0616|0.0612|0.0500,
unit_001780,HongKong,7,7,152.5,21,2.3974,0.0,0.0,0.5,22.307648,114.163753,21|3|1|18|31,0.1103|0.0818|0.0791|0.0640|0.0571,
unit_001781,HongKong,8,8,182.6,16,2.261,0.0,0.0,0.5,22.302715,114.165435,16|31|13|10|2,0.0953|0.0692|0.0587|0.0586|0.0538,
unit_001782,HongKong,8,8,177.1,21,2.4439,0.0,0.0,0.5,22.271928,114.239353,21|31|1|16|2,0.1339|0.0700|0.0681|0.0613|0.0516,
unit_001783,HongKong,22,32,484.1,1,2.5005,3e-05,0.0,0.5,22.334837,114.20475,1|2|18|31|3,0.0910|0.0909|0.0894|0.0656|0.0644,
unit_001784,HongKong,7,7,162.3,1,2.3756,0.0,0.0,0.5,22.27538,114.241272,1|21|3|23|31,0.1040|0.0874|0.0722|0.0409|0.0395,
unit_001786,HongKong,7,7,154.1,31,2.4919,0.0,0.0,0.5,22.279034,114.237823,31|16|1|3|27,0.1076|0.0759|0.0671|0.0571|0.0516,
unit_001787,HongKong,9,9,200.9,21,2.4578,0.0,0.0,0.5,22.348009,114.197945,21|31|1|23|27,0.1084|0.0977|0.0915|0.0659|0.0611,
unit_001788,HongKong,24,24,486.7,1,2.2955,0.0,0.0,0.5,22.346074,114.201722,1|31|16|7|23,0.1253|0.0811|0.0689|0.0428|0.0380,
unit_001790,HongKong,7,9,158.1,16,2.5512,0.0,0.05655,0.5141,22.339928,114.173528,16|31|3|1|23,0.0930|0.0923|0.0578|0.0553|0.0509,
unit_001791,HongKong,6,7,125.9,21,2.415,0.0,0.09497,0.5237,22.264746,114.184422,21|22|23|27|1,0.1003|0.0852|0.0617|0.0617|0.0528,
unit_001792,HongKong,3,3,51.7,1,2.4146,0.0,0.0,0.5,22.321446,114.178216,1|31|3|16|18,0.0971|0.0620|0.0601|0.0542|0.0512,
unit_001793,HongKong,7,7,151.8,18,2.2819,0.0,0.0,0.5,22.302837,114.183974,18|21|1|14|13,0.1077|0.0844|0.0678|0.0432|0.0363,
unit_001794,HongKong,7,8,153.1,21,2.2858,0.0,0.0769,0.5192,22.273559,114.29549,21|22|27|16|23,0.1210|0.1072|0.0868|0.0512|0.0504,
unit_001795,HongKong,8,8,178.6,22,2.3767,0.0,0.0,0.5,22.272913,114.292285,22|16|23|31|27,0.0946|0.0846|0.0770|0.0721|0.0671,
unit_001796,HongKong,22,22,381.8,21,2.4341,0.0,0.0,0.5,22.305441,114.164035,21|2|1|18|14,0.0708|0.0658|0.0616|0.0612|0.0500,
unit_001797,HongKong,19,19,366.7,21,2.3974,0.0,0.0,0.5,22.30755,114.16404,21|3|1|18|31,0.1103|0.0818|0.0791|0.0640|0.0571,
unit_001798,HongKong,8,8,178.3,21,2.3974,0.0,0.0,0.5,22.307683,114.164011,21|3|1|18|31,0.1103|0.0818|0.0791|0.0640|0.0571,
unit_001799,HongKong,6,6,127.4,21,2.4341,0.0,0.0,0.5,22.305167,114.163934,21|2|1|18|14,0.0708|0.0658|0.0616|0.0612|0.0500,
unit_001800,HongKong,14,14,246.0,18,2.1231,0.0,0.0,0.5,22.321822,114.199258,18|13|2|10|21,0.0939|0.0699|0.0648|0.0515|0.0476,
unit_001801,HongKong,4,4,75.4,1,2.4415,0.0,0.0,0.5,22.319217,114.190879,1|7|31|27|3,0.0905|0.0815|0.0570|0.0521|0.0440,
unit_001802,HongKong,7,7,150.7,27,2.3961,0.0,0.0,0.5,22.316645,114.183192,27|21|1|22|3,0.1186|0.0971|0.0950|0.0648|0.0496,
unit_001806,HongKong,4,4,75.4,31,2.4755,0.0,0.0,0.5,22.310142,114.173282,31|10|27|1|22,0.0918|0.0796|0.0657|0.0611|0.0588,
unit_001809,HongKong,3,3,57.9,2,2.4616,0.0,0.0,0.5,22.269393,114.240163,2|18|31|1|3,0.0865|0.0852|0.0721|0.0685|0.0673,
unit_001810,HongKong,8,8,176.1,31,2.467,0.0,0.0,0.5,22.288043,114.1983,31|2|27|23|10,0.1221|0.0623|0.0612|0.0592|0.0536,
unit_001811,HongKong,7,7,151.0,7,2.4331,0.0,0.06087,0.5152,22.288351,114.201404,7|31|1|16|10,0.0875|0.0772|0.0709|0.0684|0.0593,
unit_001812,HongKong,7,7,162.1,21,2.4146,0.0,0.0,0.5,22.285059,114.193494,21|1|27|7|31,0.0991|0.0860|0.0849|0.0512|0.0343,
unit_001813,HongKong,18,18,344.4,16,2.2535,0.0,0.0,0.5,22.302472,114.161719,16|1|10|18|2,0.0803|0.0678|0.0590|0.0513|0.0508,
unit_001814,HongKong,9,9,208.3,22,2.2932,0.0,0.0,0.5,22.238501,114.167769,22|21|27|7|16,0.1563|0.0887|0.0658|0.0515|0.0432,
unit_001815,HongKong,8,8,176.5,16,2.4082,0.0,0.0,0.5,22.334505,114.229058,16|10|31|13|27,0.1025|0.0873|0.0521|0.0506|0.0495,
unit_001816,HongKong,6,7,126.1,16,2.3578,0.0,0.07607,0.519,22.334121,114.23214,16|22|31|27|21,0.1332|0.0877|0.0685|0.0667|0.0438,
unit_001818,HongKong,5,6,100.9,22,2.3923,0.0,0.13699,0.5342,22.333501,114.233477,22|13|23|1|27,0.1331|0.0723|0.0536|0.0534|0.0443,
unit_001819,HongKong,8,8,175.7,18,2.3732,0.0,0.0,0.5,22.306687,114.175629,18|31|1|10|16,0.0913|0.0838|0.0734|0.0605|0.0495,
unit_001820,HongKong,9,9,200.8,1,2.389,0.0,0.0,0.5,22.307906,114.172622,1|2|16|10|7,0.1067|0.0688|0.0542|0.0415|0.0396,
unit_001822,HongKong,7,7,157.1,18,2.2044,0.0,0.0,0.5,22.310566,114.167246,18|10|14|1|2,0.0914|0.0524|0.0461|0.0369|0.0351,
unit_001823,HongKong,8,8,178.6,16,2.2722,0.0,0.0,0.5,22.253675,114.177669,16|22|21|31|23,0.0998|0.0785|0.0749|0.0653|0.0511,
unit_001824,HongKong,8,8,178.3,1,2.4649,0.0,0.0,0.5,22.317894,114.231018,1|13|27|16|2,0.1139|0.0721|0.0553|0.0502|0.0462,
unit_001825,HongKong,7,7,157.5,1,2.3779,0.0,0.0,0.5,22.343491,114.192265,1|31|16|2|7,0.0940|0.0878|0.0818|0.0622|0.0525,
unit_001826,HongKong,10,10,176.3,16,2.261,0.0,0.0,0.5,22.302805,114.165164,16|31|13|10|2,0.0953|0.0692|0.0587|0.0586|0.0538,
unit_001827,HongKong,3,3,53.1,1,2.388,0.0,0.0,0.5,22.284934,114.218306,1|31|16|10|21,0.1201|0.0789|0.0579|0.0540|0.0425,
unit_001828,HongKong,7,7,151.4,21,2.3679,0.0,0.0,0.5,22.321371,114.261884,21|16|31|1|22,0.1251|0.1072|0.0736|0.0713|0.0695,
unit_001829,HongKong,8,8,184.2,3,2.393,0.0,0.0,0.5,22.328251,114.204436,3|1|21|31|10,0.1068|0.0970|0.0847|0.0725|0.0467,
unit_001830,HongKong,11,11,255.4,22,2.4683,0.0,0.0,0.5,22.345068,114.252575,22|13|7|27|21,0.1046|0.0769|0.0749|0.0681|0.0669,
unit_001833,HongKong,8,8,175.9,21,2.3679,0.0,0.0,0.5,22.321345,114.262031,21|16|31|1|22,0.1251|0.1072|0.0736|0.0713|0.0695,
unit_001834,HongKong,8,8,177.1,21,2.5391,0.0,0.0,0.5,22.304445,114.270664,21|22|10|16|31,0.1369|0.0761|0.0686|0.0650|0.0647,
unit_001835,HongKong,3,3,52.4,16,2.4196,0.0,0.0,0.5,22.329646,114.215545,16|1|21|31|7,0.0953|0.0934|0.0853|0.0846|0.0710,
unit_001838,HongKong,6,6,125.1,18,2.3216,0.0,0.0,0.5,22.300818,114.183889,18|1|31|2|16,0.1408|0.0789|0.0696|0.0532|0.0396,
unit_001839,HongKong,13,14,312.5,18,2.2899,1e-05,0.0,0.5,22.300961,114.184922,18|1|31|2|21,0.1511|0.0794|0.0684|0.0502|0.0438,
unit_001841,HongKong,10,10,184.8,21,2.4341,0.0,0.0,0.5,22.305205,114.16369,21|2|1|18|14,0.0708|0.0658|0.0616|0.0612|0.0500,
unit_001842,HongKong,15,15,277.7,1,2.3972,0.0,0.11856,0.5296,22.331523,114.208627,1|31|21|3|13,0.1162|0.0777|0.0745|0.0730|0.0513,
unit_001843,HongKong,7,7,151.7,1,2.3972,0.0,0.11856,0.5296,22.331477,114.208909,1|31|21|3|13,0.1162|0.0777|0.0745|0.0730|0.0513,
unit_001844,HongKong,7,7,151.7,1,2.3857,0.0,0.0,0.5,22.33312,114.207665,1|3|31|27|22,0.1049|0.0822|0.0817|0.0605|0.0572,
unit_001845,HongKong,6,6,129.9,18,2.4743,0.0,0.09591,0.524,22.286193,114.189647,18|1|21|31|3,0.1263|0.0765|0.0621|0.0502|0.0379,
unit_001848,HongKong,8,8,179.8,18,2.4608,0.0,0.0,0.5,22.246589,114.160771,18|21|1|31|10,0.1340|0.0749|0.0667|0.0595|0.0560,
unit_001849,HongKong,9,9,160.1,27,2.5018,0.0,0.0,0.5,22.344447,114.202726,27|1|3|10|31,0.1095|0.0936|0.0626|0.0595|0.0557,
unit_001850,HongKong,10,15,232.1,21,2.4673,6e-05,0.0,0.5,22.337604,114.214409,21|7|1|31|16,0.1030|0.0926|0.0716|0.0695|0.0541,
unit_001851,HongKong,7,7,161.5,1,2.4402,0.0,0.26321,0.5654,22.337097,114.206147,1|31|7|3|21,0.1089|0.0928|0.0728|0.0626|0.0574,
unit_001852,HongKong,8,8,177.0,21,2.4254,0.0,0.0,0.5,22.313292,114.255462,21|22|7|31|23,0.1113|0.1007|0.0830|0.0799|0.0505,
unit_001853,HongKong,5,7,103.1,18,2.4316,0.0,0.05847,0.5146,22.307771,114.226583,18|1|31|16|3,0.0969|0.0951|0.0626|0.0503|0.0429,
unit_001854,HongKong,12,12,190.1,14,1.6557,0.0,0.0,0.5,22.28232,114.177957,14|18|16|23|2,0.1473|0.0430|0.0397|0.0247|0.0157,
unit_001856,HongKong,4,4,52.8,22,2.4493,0.0,0.0,0.5,22.316474,114.245073,22|31|7|13|16,0.1081|0.0795|0.0730|0.0699|0.0581,
unit_001857,HongKong,11,11,256.6,1,2.4624,3e-05,0.0,0.5,22.319874,114.23348,1|31|3|18|21,0.1136|0.0738|0.0673|0.0598|0.0592,
unit_001858,HongKong,3,3,51.3,27,2.4321,0.0,0.0,0.5,22.321894,114.231593,27|31|3|18|21,0.0906|0.0866|0.0827|0.0781|0.0774,
unit_001859,HongKong,5,5,103.9,14,1.8771,0.0,0.71998,0.6726,22.317542,114.243665,14|18|16|23|2,0.1554|0.0363|0.0292|0.0282|0.0187,
unit_001860,HongKong,19,19,326.7,27,2.327,0.0,0.0,0.5,22.340735,114.215725,27|22|3|23|21,0.1314|0.1159|0.0529|0.0473|0.0340,
unit_001861,HongKong,8,8,179.7,22,2.3245,0.0,0.17035,0.5425,22.337984,114.216898,22|27|16|31|14,0.1535|0.0844|0.0582|0.0471|0.0320,
unit_001862,HongKong,9,9,205.4,22,2.2583,0.0,0.17651,0.544,22.336705,114.218087,22|10|31|16|14,0.0951|0.0759|0.0696|0.0382|0.0380,
unit_001863,HongKong,7,7,153.9,1,2.3754,0.0,0.07237,0.5181,22.313343,114.20621,1|13|2|16|14,0.0802|0.0641|0.0605|0.0565|0.0543,
unit_001864,HongKong,21,23,455.2,14,2.4225,3e-05,0.07237,0.5181,22.311981,114.207838,14|18|1|2|3,0.0868|0.0540|0.0463|0.0372|0.0338,
unit_001865,HongKong,8,8,181.7,10,2.3518,0.0,0.0,0.5,22.316377,114.207202,10|3|18|1|2,0.0894|0.0620|0.0573|0.0524|0.0505,
unit_001866,HongKong,33,36,524.7,3,2.4029,1e-05,0.06567,0.5164,22.309901,114.209397,3|16|10|31|1,0.1030|0.0645|0.0586|0.0563|0.0542,
unit_001867,HongKong,7,7,156.5,14,2.4695,0.0,0.08249,0.5206,22.311041,114.208615,14|18|10|3|1,0.0580|0.0510|0.0478|0.0419|0.0386,
unit_001868,HongKong,7,8,156.5,14,2.3558,0.0,0.12378,0.5309,22.312138,114.207389,14|18|1|2|3,0.1004|0.0554|0.0497|0.0442|0.0297,
unit_001869,HongKong,12,12,236.3,1,2.3754,0.0,0.14825,0.537,22.313191,114.206118,1|13|2|16|14,0.0802|0.0641|0.0605|0.0565|0.0543,
unit_001870,HongKong,34,34,639.6,31,2.508,0.0,0.0,0.5,22.334129,114.223201,31|16|22|27|23,0.1087|0.0989|0.0780|0.0772|0.0628,
unit_001872,HongKong,16,16,230.9,1,2.334,0.0,0.0,0.5,22.323976,114.215745,1|21|10|16|7,0.1240|0.0741|0.0527|0.0476|0.0470,
unit_001873,HongKong,9,9,156.6,14,1.9884,0.0,0.0,0.5,22.301576,114.255637,14|21|18|2|23,0.1383|0.0570|0.0422|0.0363|0.0261,
unit_001874,HongKong,8,8,178.3,18,2.2859,0.0,0.0,0.5,22.304074,114.255664,18|21|13|2|1,0.0921|0.0831|0.0747|0.0645|0.0455,
unit_001875,HongKong,11,23,259.1,18,2.2681,1e-05,0.0,0.5,22.295276,114.256458,18|10|2|23|16,0.1717|0.0559|0.0379|0.0377|0.0362,
unit_001876,HongKong,9,16,204.1,18,2.1437,1e-05,0.0,0.5,22.293751,114.26009,18|10|23|31|1,0.1403|0.0761|0.0323|0.0238|0.0234,
unit_001877,HongKong,13,15,306.1,18,2.1646,0.0,0.0,0.5,22.292576,114.263082,18|10|23|1|31,0.1245|0.0814|0.0377|0.0328|0.0269,
unit_001878,HongKong,8,8,182.7,18,2.3329,0.0,0.0,0.5,22.299421,114.255634,18|14|21|13|2,0.0906|0.0899|0.0735|0.0597|0.0461,
unit_001879,HongKong,11,26,252.4,18,2.2624,1e-05,0.0,0.5,22.295451,114.256215,18|10|23|2|16,0.1741|0.0556|0.0405|0.0402|0.0354,
unit_001880,HongKong,8,15,179.5,18,2.2677,1e-05,0.0,0.5,22.295448,114.257004,18|10|16|2|23,0.1705|0.0577|0.0376|0.0345|0.0343,
unit_001881,HongKong,11,23,256.3,18,2.2686,1e-05,0.0,0.5,22.295218,114.256367,18|10|23|2|16,0.1717|0.0566|0.0384|0.0376|0.0359,
unit_001882,HongKong,11,23,257.2,18,2.271,1e-05,0.0,0.5,22.295,114.256288,18|10|23|16|2,0.1699|0.0602|0.0396|0.0352|0.0343,
unit_001883,HongKong,5,5,100.4,27,2.3192,0.0,0.0,0.5,22.296975,114.252923,27|2|16|14|10,0.1042|0.0898|0.0766|0.0494|0.0490,
unit_001884,HongKong,11,24,251.1,14,1.8289,0.0,0.0,0.5,22.299366,114.250213,14|18|23|16|2,0.1694|0.0603|0.0321|0.0281|0.0211,
unit_001885,HongKong,8,8,175.8,14,1.5963,0.0,0.0,0.5,22.300683,114.247976,14|18|16|23|2,0.1630|0.0579|0.0286|0.0260|0.0123,
unit_001886,HongKong,13,16,301.3,14,1.8815,1e-05,0.0,0.5,22.301878,114.245666,14|18|16|23|2,0.1586|0.0598|0.0397|0.0292|0.0191,
unit_001887,HongKong,12,15,279.6,14,1.806,1e-05,0.0,0.5,22.30377,114.241407,14|18|16|23|2,0.1565|0.0558|0.0396|0.0244|0.0165,
unit_001888,HongKong,13,16,304.3,14,1.8137,1e-05,0.0,0.5,22.303979,114.241392,14|18|16|23|2,0.1557|0.0555|0.0400|0.0242|0.0165,
unit_001889,HongKong,6,6,126.8,21,2.4936,0.0,0.0,0.5,22.303176,114.234963,21|27|18|1|2,0.0852|0.0815|0.0680|0.0640|0.0608,
unit_001890,HongKong,12,12,227.7,2,2.3865,0.0,0.0,0.5,22.302527,114.23216,2|16|18|1|14,0.1082|0.0753|0.0750|0.0533|0.0521,
unit_001892,HongKong,5,5,100.2,21,2.4936,0.0,0.0,0.5,22.30334,114.234713,21|27|18|1|2,0.0852|0.0815|0.0680|0.0640|0.0608,
unit_001893,HongKong,13,15,300.5,14,1.8073,1e-05,0.0,0.5,22.304189,114.241589,14|18|16|23|2,0.1563|0.0557|0.0396|0.0244|0.0165,
unit_001894,HongKong,12,15,275.5,14,1.8886,1e-05,0.0,0.5,22.30215,114.24573,14|18|16|23|2,0.1586|0.0596|0.0399|0.0295|0.0194,
unit_001895,HongKong,8,8,175.3,14,1.5963,0.0,0.0,0.5,22.300892,114.248128,14|18|16|23|2,0.1630|0.0579|0.0286|0.0260|0.0123,
unit_001896,HongKong,11,23,250.4,14,1.8033,0.0,0.0,0.5,22.299579,114.250359,14|18|23|16|2,0.1700|0.0612|0.0316|0.0277|0.0202,
unit_001897,HongKong,6,6,125.2,27,2.3192,0.0,0.0,0.5,22.297111,114.253138,27|2|16|14|10,0.1042|0.0898|0.0766|0.0494|0.0490,
unit_001898,HongKong,14,16,325.6,18,2.1638,0.0,0.0,0.5,22.292506,114.262982,18|10|23|1|31,0.1245|0.0813|0.0376|0.0326|0.0270,
unit_001899,HongKong,10,16,225.4,18,2.145,1e-05,0.0,0.5,22.293662,114.260046,18|10|23|31|1,0.1397|0.0758|0.0322|0.0237|0.0234,
unit_001900,HongKong,5,5,101.5,16,2.427,0.0,0.32423,0.5804,22.292105,114.272089,16|31|22|21|7,0.1270|0.0838|0.0559|0.0553|0.0551,
unit_001901,HongKong,6,7,127.9,16,2.5126,0.0,0.07708,0.5193,22.322784,114.203305,16|7|21|31|1,0.1007|0.0817|0.0774|0.0692|0.0648,
unit_001902,HongKong,4,4,75.6,2,2.3756,0.0,0.0,0.5,22.321473,114.203847,2|1|10|16|13,0.0891|0.0646|0.0644|0.0643|0.0608,
unit_001904,HongKong,5,5,101.3,1,2.1428,0.0,0.0,0.5,22.282492,114.174363,1|10|21|16|3,0.1028|0.0634|0.0568|0.0556|0.0518,
unit_001905,HongKong,8,9,131.1,16,2.5132,0.0,0.10194,0.5255,22.322656,114.203172,16|7|21|31|1,0.1008|0.0817|0.0774|0.0691|0.0650,
unit_001907,HongKong,7,7,100.4,21,2.4329,0.0,0.0,0.5,22.311106,114.164697,21|1|13|10|3,0.0953|0.0689|0.0639|0.0587|0.0541,
unit_001908,HongKong,5,5,100.4,18,2.2044,0.0,0.0,0.5,22.309979,114.167019,18|10|14|1|2,0.0914|0.0524|0.0461|0.0369|0.0351,
unit_001909,HongKong,3,3,50.2,1,2.2538,0.0,0.0,0.5,22.309632,114.171272,1|21|16|23|7,0.1208|0.0878|0.0535|0.0353|0.0335,
unit_001910,HongKong,5,5,100.4,31,2.4755,0.0,0.0,0.5,22.310497,114.173361,31|10|27|1|22,0.0918|0.0796|0.0657|0.0611|0.0588,
unit_001911,HongKong,5,5,100.4,31,2.3242,0.0,0.0,0.5,22.311189,114.175032,31|22|16|3|1,0.1024|0.0880|0.0684|0.0648|0.0625,
unit_001912,HongKong,6,6,125.5,27,2.3961,0.0,0.0,0.5,22.316927,114.183037,27|21|1|22|3,0.1186|0.0971|0.0950|0.0648|0.0496,
unit_001914,HongKong,4,4,75.3,1,2.4415,0.0,0.0,0.5,22.319432,114.19108,1|7|31|27|3,0.0905|0.0815|0.0570|0.0521|0.0440,
unit_001915,HongKong,3,3,50.2,18,2.1231,0.0,0.0,0.5,22.321876,114.198906,18|13|2|10|21,0.0939|0.0699|0.0648|0.0515|0.0476,
unit_001917,HongKong,7,7,150.7,2,2.2874,0.0,0.0,0.5,22.311215,114.163433,2|13|18|14|10,0.1133|0.0706|0.0626|0.0527|0.0520,
unit_001919,HongKong,13,13,262.7,2,2.2874,0.0,0.10558,0.5264,22.310535,114.163493,2|13|18|14|10,0.1133|0.0706|0.0626|0.0527|0.0520,
unit_001920,HongKong,10,12,181.6,2,2.3765,0.0,0.0991,0.5248,22.310157,114.162146,2|18|14|21|1,0.0926|0.0805|0.0758|0.0645|0.0543,
unit_001921,HongKong,3,3,50.4,2,2.3756,0.0,0.0,0.5,22.321393,114.203749,2|1|10|16|13,0.0891|0.0646|0.0644|0.0643|0.0608,
unit_001922,HongKong,7,7,107.0,18,2.4163,0.0,0.0,0.5,22.282946,114.171905,18|10|2|16|1,0.0795|0.0735|0.0680|0.0666|0.0626,
unit_001923,HongKong,4,4,77.6,10,2.4877,0.0,0.0,0.5,22.319453,114.239588,10|16|27|14|31,0.0701|0.0687|0.0613|0.0518|0.0507,
unit_001924,HongKong,30,30,883.3,21,2.3665,0.0,0.0,0.5,22.321084,114.238052,21|22|13|7|16,0.1026|0.0976|0.0925|0.0631|0.0546,
unit_001925,HongKong,15,15,310.7,18,2.4826,0.0,0.0,0.5,22.289045,114.216569,18|16|31|2|14,0.0977|0.0835|0.0701|0.0586|0.0546,
unit_001926,HongKong,12,12,228.7,18,2.5129,0.0,0.0,0.5,22.288247,114.213501,18|31|1|16|2,0.1087|0.0609|0.0608|0.0599|0.0524,
unit_001927,HongKong,5,5,104.3,1,2.3857,0.0,0.0,0.5,22.332729,114.20691,1|3|31|27|22,0.1049|0.0822|0.0817|0.0605|0.0572,
unit_001929,HongKong,7,7,150.8,21,2.4329,0.0,0.0,0.5,22.312302,114.164757,21|1|13|10|3,0.0953|0.0689|0.0639|0.0587|0.0541,
unit_001930,HongKong,9,16,211.5,1,2.5014,2e-05,0.0,0.5,22.31568,114.192489,1|3|16|31|21,0.0763|0.0758|0.0710|0.0648|0.0620,
unit_001931,HongKong,12,12,257.7,1,2.5427,0.0,0.06879,0.5172,22.26038,114.231269,1|18|31|3|22,0.0990|0.0780|0.0650|0.0601|0.0504,
unit_001933,HongKong,7,7,155.5,1,2.4508,0.0,0.05379,0.5134,22.343283,114.208933,1|16|31|10|27,0.1111|0.1013|0.0758|0.0541|0.0462,
unit_001935,HongKong,4,4,57.3,22,2.4639,0.0,0.0,0.5,22.304293,114.290349,22|23|7|27|13,0.0775|0.0765|0.0757|0.0633|0.0540,
unit_001936,HongKong,5,5,108.2,2,2.2874,0.0,0.09182,0.5229,22.310371,114.163528,2|13|18|14|10,0.1133|0.0706|0.0626|0.0527|0.0520,
unit_001937,HongKong,7,8,150.7,2,2.2929,0.0,0.08668,0.5217,22.310581,114.163412,2|13|18|14|10,0.1137|0.0707|0.0632|0.0533|0.0518,
unit_001939,HongKong,7,7,150.6,21,2.4936,0.0,0.05489,0.5137,22.30285,114.235175,21|27|18|1|2,0.0852|0.0815|0.0680|0.0640|0.0608,
unit_001940,HongKong,4,4,77.1,21,2.4936,0.0,0.05489,0.5137,22.302563,114.234781,21|27|18|1|2,0.0852|0.0815|0.0680|0.0640|0.0608,
unit_001942,HongKong,8,8,175.4,27,2.215,0.0,0.13977,0.5349,22.255981,114.227802,27|23|22|21|2,0.0984|0.0938|0.0749|0.0643|0.0439,
unit_001943,HongKong,8,8,175.4,22,2.3585,0.0,0.0,0.5,22.252904,114.226456,22|23|3|27|10,0.1318|0.0831|0.0531|0.0519|0.0386,
unit_001944,HongKong,12,20,275.6,27,2.3924,6e-05,0.0,0.5,22.250897,114.224599,27|22|23|10|21,0.1156|0.1135|0.0750|0.0568|0.0515,
unit_001945,HongKong,15,18,350.8,22,2.3948,0.00011,0.0,0.5,22.248028,114.222327,22|27|23|16|31,0.1111|0.0967|0.0795|0.0682|0.0420,
unit_001946,HongKong,8,8,175.4,18,2.2651,0.0,0.0,0.5,22.245204,114.22113,18|10|23|27|3,0.0794|0.0633|0.0595|0.0392|0.0322,
unit_001947,HongKong,4,4,77.5,1,2.4055,0.0,0.0,0.5,22.316656,114.166263,1|21|3|7|31,0.1169|0.0800|0.0799|0.0558|0.0532,
unit_001948,HongKong,6,6,129.2,1,2.3393,0.0,0.0,0.5,22.318419,114.164214,1|31|3|16|13,0.1025|0.0780|0.0643|0.0607|0.0376,
unit_001949,HongKong,13,13,301.8,1,2.2923,0.0,0.0,0.5,22.303049,114.26144,1|21|3|31|27,0.0958|0.0867|0.0793|0.0496|0.0416,
unit_001950,HongKong,8,8,176.5,1,2.4389,0.0,0.0,0.5,22.305148,114.263293,1|31|21|7|10,0.1110|0.0768|0.0651|0.0606|0.0543,
unit_001951,HongKong,9,9,202.2,18,2.4407,0.0,0.0,0.5,22.319936,114.25089,18|31|21|23|2,0.1155|0.0952|0.0887|0.0753|0.0690,
unit_001953,HongKong,8,8,183.5,22,2.4505,0.0,0.08006,0.52,22.324159,114.250019,22|23|31|21|2,0.0983|0.0933|0.0888|0.0761|0.0658,
unit_001954,HongKong,9,9,204.2,31,2.46,0.0,0.0,0.5,22.336312,114.165111,31|21|1|10|7,0.0970|0.0944|0.0904|0.0857|0.0599,
unit_001956,HongKong,7,7,152.6,21,2.4397,0.0,0.0,0.5,22.341143,114.202988,21|1|16|27|3,0.0853|0.0771|0.0565|0.0510|0.0417,
unit_001957,HongKong,7,7,154.3,1,2.2951,0.0,0.0,0.5,22.349891,114.196647,1|31|7|16|10,0.1031|0.0898|0.0729|0.0710|0.0369,
unit_001959,HongKong,7,7,157.5,1,2.3779,0.0,0.0,0.5,22.343491,114.192265,1|31|16|2|7,0.0940|0.0878|0.0818|0.0622|0.0525,
unit_001960,HongKong,8,8,178.3,1,2.4649,0.0,0.0,0.5,22.317894,114.231018,1|13|27|16|2,0.1139|0.0721|0.0553|0.0502|0.0462,
unit_001961,HongKong,7,8,157.9,27,2.3894,1e-05,0.10664,0.5266,22.338945,114.208446,27|21|1|13|31,0.1269|0.0882|0.0649|0.0428|0.0402,
unit_001962,HongKong,8,8,178.3,1,2.4733,0.0,0.0,0.5,22.321938,114.230362,1|3|31|21|10,0.1081|0.0719|0.0675|0.0583|0.0561,
unit_001963,HongKong,3,3,51.3,27,2.4321,0.0,0.0,0.5,22.321894,114.231593,27|31|3|18|21,0.0906|0.0866|0.0827|0.0781|0.0774,
unit_001964,HongKong,11,11,256.6,1,2.4624,3e-05,0.0,0.5,22.319874,114.23348,1|31|3|18|21,0.1136|0.0738|0.0673|0.0598|0.0592,
unit_001965,HongKong,6,6,131.2,1,2.342,0.0,0.0,0.5,22.345222,114.192252,1|31|16|3|10,0.1090|0.0856|0.0816|0.0420|0.0320,
unit_001966,HongKong,8,8,176.7,21,2.376,0.0,0.13921,0.5347,22.328664,114.208313,21|1|31|3|13,0.1166|0.1014|0.0692|0.0582|0.0466,
unit_001967,HongKong,8,8,176.7,1,2.4282,0.0,0.13921,0.5347,22.330258,114.207688,1|13|7|10|31,0.1043|0.0551|0.0465|0.0421|0.0398,
unit_001968,HongKong,8,8,177.9,1,2.32,0.0,0.12963,0.5324,22.346262,114.205163,1|31|7|16|3,0.0904|0.0720|0.0657|0.0632|0.0625,
unit_001971,HongKong,7,8,154.9,14,2.08,0.0,0.20235,0.5504,22.324052,114.196729,14|16|18|31|23,0.1219|0.0486|0.0398|0.0299|0.0293,
unit_001972,HongKong,7,14,154.9,14,2.2749,8e-05,0.20235,0.5504,22.324465,114.198302,14|16|2|18|13,0.0995|0.0731|0.0592|0.0498|0.0418,
unit_001973,HongKong,5,5,101.2,21,2.377,0.0,0.0,0.5,22.331865,114.228764,21|2|13|16|23,0.1133|0.0775|0.0718|0.0697|0.0677,
unit_001974,HongKong,8,8,177.1,27,2.4129,0.0,0.0,0.5,22.32992,114.228585,27|18|21|16|3,0.1071|0.0873|0.0647|0.0610|0.0563,
unit_001975,HongKong,7,7,152.5,21,2.4808,0.0,0.0,0.5,22.326172,114.18957,21|1|18|31|2,0.1013|0.0687|0.0568|0.0554|0.0542,
unit_001976,HongKong,8,8,177.9,1,2.4769,0.0,0.06445,0.5161,22.328612,114.19234,1|18|2|31|13,0.0769|0.0754|0.0740|0.0580|0.0549,
unit_001977,HongKong,13,15,305.0,1,2.4471,3e-05,0.06445,0.5161,22.330268,114.194082,1|13|18|2|3,0.0744|0.0740|0.0688|0.0683|0.0579,
unit_001979,HongKong,7,8,152.6,1,2.4768,0.0,0.08053,0.5201,22.270723,114.181864,1|31|7|16|23,0.0714|0.0648|0.0402|0.0386|0.0358,
unit_001981,HongKong,6,6,127.3,18,2.2044,0.0,0.0,0.5,22.310547,114.167033,18|10|14|1|2,0.0914|0.0524|0.0461|0.0369|0.0351,
unit_001982,HongKong,9,9,208.3,22,2.2932,0.0,0.0,0.5,22.238501,114.167769,22|21|27|7|16,0.1563|0.0887|0.0658|0.0515|0.0432,
unit_001983,HongKong,12,14,276.9,18,2.3883,3e-05,0.0,0.5,22.285855,114.189091,18|1|21|31|10,0.1226|0.0830|0.0565|0.0478|0.0348,
unit_001984,HongKong,6,6,130.8,18,2.1745,0.0,0.0,0.5,22.284817,114.189328,18|1|21|31|10,0.1166|0.0875|0.0501|0.0449|0.0372,
unit_001985,HongKong,8,8,182.8,22,2.4048,0.0,0.0,0.5,22.350832,114.23469,22|7|27|18|10,0.1019|0.0400|0.0385|0.0377|0.0365,
unit_001986,HongKong,8,8,183.3,10,2.513,0.0,0.0,0.5,22.291243,114.211523,10|1|31|16|13,0.0826|0.0763|0.0761|0.0604|0.0575,
unit_001987,HongKong,6,6,126.6,16,2.261,0.0,0.0,0.5,22.302771,114.165972,16|31|13|10|2,0.0953|0.0692|0.0587|0.0586|0.0538,
unit_001988,HongKong,8,8,175.1,21,2.428,0.0,0.0,0.5,22.345268,114.25586,21|22|18|23|27,0.1148|0.0882|0.0819|0.0685|0.0660,
unit_001989,HongKong,8,8,175.1,23,2.4782,0.0,0.0,0.5,22.348122,114.254668,23|21|18|22|31,0.1032|0.0920|0.0841|0.0793|0.0609,
unit_001990,HongKong,8,8,175.1,21,2.3655,0.0,0.208,0.5518,22.350014,114.253976,21|18|22|27|23,0.1152|0.0837|0.0800|0.0646|0.0583,
unit_001991,HongKong,8,9,175.1,16,2.5596,0.0,0.1524,0.538,22.351309,114.252822,16|31|18|21|3,0.0983|0.0948|0.0686|0.0670|0.0664,
unit_001992,HongKong,6,6,125.1,3,2.4539,0.0,0.0968,0.5242,22.351926,114.251377,3|7|23|16|22,0.0919|0.0700|0.0595|0.0580|0.0485,
unit_001994,HongKong,7,7,158.3,21,2.2565,0.0,0.0,0.5,22.306095,114.28531,21|22|23|27|31,0.1282|0.0995|0.0798|0.0546|0.0507,
unit_001995,HongKong,5,5,104.0,1,2.3857,0.0,0.0,0.5,22.332736,114.20704,1|3|31|27|22,0.1049|0.0822|0.0817|0.0605|0.0572,
unit_001996,HongKong,7,7,151.2,22,2.2267,0.0,0.06444,0.5161,22.292792,114.300311,22|27|16|21|23,0.1307|0.1034|0.0652|0.0628|0.0562,
unit_001997,HongKong,8,9,176.5,22,2.4105,2e-05,0.06444,0.5161,22.294116,114.29957,22|31|7|13|23,0.1315|0.0775|0.0646|0.0615|0.0571,
unit_001998,HongKong,15,16,352.9,16,2.2329,1e-05,0.0,0.5,22.293873,114.296123,16|27|22|23|31,0.0905|0.0878|0.0831|0.0620|0.0542,
unit_001999,HongKong,13,16,301.4,22,2.4744,5e-05,0.0,0.5,22.297717,114.292986,22|21|31|27|16,0.1208|0.1034|0.0598|0.0591|0.0554,
unit_002000,HongKong,15,16,352.9,16,2.2329,1e-05,0.0,0.5,22.293873,114.296123,16|27|22|23|31,0.0905|0.0878|0.0831|0.0620|0.0542,
unit_002001,HongKong,8,9,176.5,22,2.4105,2e-05,0.06444,0.5161,22.294116,114.29957,22|31|7|13|23,0.1315|0.0775|0.0646|0.0615|0.0571,
unit_002002,HongKong,7,7,151.2,22,2.2267,0.0,0.06444,0.5161,22.292792,114.300311,22|27|16|21|23,0.1307|0.1034|0.0652|0.0628|0.0562,
unit_002004,HongKong,10,16,231.0,2,2.4949,2e-05,0.0,0.5,22.328613,114.21236,2|18|1|14|21,0.0934|0.0911|0.0813|0.0660|0.0537,
unit_002005,HongKong,8,8,179.1,18,2.4036,0.0,0.0,0.5,22.332527,114.221102,18|1|31|21|10,0.1026|0.0774|0.0725|0.0654|0.0595,
unit_002006,HongKong,8,8,176.4,16,2.512,0.0,0.0,0.5,22.341333,114.167475,16|18|31|10|1,0.0816|0.0814|0.0767|0.0593|0.0538,
unit_002007,HongKong,7,7,155.1,18,2.4544,0.0,0.24962,0.5621,22.339617,114.165796,18|27|16|31|21,0.1208|0.0818|0.0598|0.0578|0.0556,
unit_002008,HongKong,8,8,180.6,18,2.2819,0.0,0.0,0.5,22.302817,114.184494,18|21|1|14|13,0.1077|0.0844|0.0678|0.0432|0.0363,
unit_002009,HongKong,7,7,155.6,31,2.5267,0.0,0.0,0.5,22.304,114.229393,31|1|2|10|13,0.0931|0.0896|0.0622|0.0618|0.0456,
unit_002010,HongKong,8,8,179.1,18,2.4036,0.0,0.0,0.5,22.332527,114.221102,18|1|31|21|10,0.1026|0.0774|0.0725|0.0654|0.0595,
unit_002011,HongKong,8,8,176.6,27,2.4242,0.0,0.0,0.5,22.333953,114.225493,27|16|10|31|22,0.0896|0.0797|0.0631|0.0619|0.0479,
unit_002012,HongKong,7,7,154.9,18,2.2044,0.0,0.0,0.5,22.310467,114.16721,18|10|14|1|2,0.0914|0.0524|0.0461|0.0369|0.0351,
unit_002013,HongKong,8,8,183.3,18,2.2044,0.0,0.0,0.5,22.31051,114.167338,18|10|14|1|2,0.0914|0.0524|0.0461|0.0369|0.0351,
unit_002014,HongKong,5,5,101.8,18,2.4391,0.0,0.0,0.5,22.337371,114.20367,18|31|1|3|16,0.1135|0.0832|0.0795|0.0562|0.0511,
unit_002015,HongKong,30,39,727.0,14,1.5603,0.0,0.0,0.5,22.35038,114.208108,14|18|21|23|10,0.1602|0.0448|0.0373|0.0251|0.0088,
unit_002016,HongKong,7,7,150.4,22,2.3735,0.0,0.0,0.5,22.355741,114.209475,22|31|23|16|3,0.1511|0.0802|0.0679|0.0539|0.0506,
unit_002017,HongKong,6,6,125.3,14,1.4582,0.0,0.29612,0.5735,22.357384,114.209886,14|18|21|23|13,0.1473|0.0388|0.0336|0.0232|0.0049,
unit_002019,HongKong,5,5,100.3,22,2.3276,0.0,0.11864,0.5296,22.358808,114.210243,22|27|23|3|13,0.1123|0.0731|0.0507|0.0336|0.0331,
unit_002020,HongKong,9,15,200.5,14,1.4683,0.0,0.0,0.5,22.361217,114.210847,14|18|21|23|10,0.1583|0.0477|0.0337|0.0280|0.0094,
unit_002023,HongKong,6,7,125.3,14,1.5432,0.0,0.08132,0.5203,22.365051,114.211809,14|18|21|23|31,0.1652|0.0451|0.0356|0.0258|0.0081,
unit_002024,HongKong,8,8,175.5,14,1.4586,0.0,0.0,0.5,22.368775,114.212742,14|18|21|23|10,0.1562|0.0442|0.0378|0.0252|0.0063,
unit_002025,HongKong,8,8,175.5,14,1.4685,0.0,0.0,0.5,22.370746,114.213236,14|18|21|23|13,0.1570|0.0460|0.0374|0.0287|0.0056,
unit_002026,HongKong,8,8,175.5,14,1.5484,0.0,0.0,0.5,22.373176,114.213707,14|21|18|23|10,0.1410|0.0438|0.0317|0.0189|0.0076,
unit_002027,HongKong,7,7,150.4,14,1.6096,0.0,0.0,0.5,22.375055,114.213428,14|18|23|21|31,0.1540|0.0414|0.0298|0.0292|0.0115,
unit_002028,HongKong,11,16,250.7,23,2.5418,2e-05,0.0,0.5,22.377828,114.211214,23|2|21|18|16,0.0865|0.0738|0.0682|0.0669|0.0662,
unit_002029,HongKong,8,8,176.7,31,2.5341,0.0,0.0,0.5,22.319814,114.255479,31|18|21|22|23,0.0964|0.0954|0.0766|0.0708|0.0673,
unit_002030,HongKong,8,8,176.7,31,2.4471,0.0,0.0,0.5,22.321185,114.253211,31|16|18|27|1,0.1120|0.0967|0.0754|0.0681|0.0490,
unit_002031,HongKong,7,7,151.5,14,1.8783,0.0,0.0,0.5,22.320079,114.248082,14|18|16|23|31,0.1574|0.0579|0.0315|0.0185|0.0152,
unit_002032,HongKong,3,3,50.5,21,2.3413,0.0,0.0,0.5,22.318886,114.245883,21|16|23|31|2,0.0897|0.0880|0.0753|0.0530|0.0455,
unit_002033,HongKong,8,8,176.7,14,1.8771,0.0,0.0,0.5,22.317282,114.243002,14|18|16|23|2,0.1554|0.0363|0.0292|0.0282|0.0187,
unit_002034,HongKong,5,5,101.0,1,2.3638,0.0,0.0,0.5,22.314879,114.239842,1|10|13|2|21,0.0785|0.0753|0.0743|0.0736|0.0557,
unit_002035,HongKong,8,8,178.5,21,2.5391,0.0,0.0,0.5,22.304458,114.270768,21|22|10|16|31,0.1369|0.0761|0.0686|0.0650|0.0647,
unit_002038,HongKong,9,9,201.0,22,2.4026,0.0,0.0,0.5,22.326151,114.245694,22|27|23|21|10,0.1370|0.0956|0.0862|0.0638|0.0517,
unit_002040,HongKong,6,11,125.4,31,2.56,1e-05,0.0,0.5,22.269764,114.155012,31|7|22|13|27,0.0766|0.0673|0.0651|0.0650|0.0640,
unit_002041,HongKong,8,8,178.4,22,2.2548,0.0,0.0,0.5,22.268638,114.160911,22|31|23|16|10,0.1247|0.0549|0.0436|0.0290|0.0268,
unit_002042,HongKong,7,7,152.9,22,2.3077,0.0,0.07666,0.5192,22.267727,114.158442,22|27|16|31|7,0.1019|0.0715|0.0471|0.0402|0.0276,
unit_002043,HongKong,8,8,175.2,1,2.3285,0.0,0.0,0.5,22.3081,114.234711,1|16|21|2|7,0.1384|0.0630|0.0575|0.0475|0.0387,
unit_002045,HongKong,7,7,150.7,14,1.5678,0.0,0.0,0.5,22.286804,114.18842,14|18|23|16|21,0.1736|0.0454|0.0281|0.0273|0.0202,
unit_002046,HongKong,8,8,175.9,14,1.718,0.0,0.0,0.5,22.2853,114.186888,14|18|16|23|2,0.1660|0.0644|0.0291|0.0281|0.0249,
unit_002047,HongKong,8,8,175.9,14,1.6246,0.0,0.0,0.5,22.283887,114.184583,14|18|16|23|2,0.1627|0.0527|0.0346|0.0262|0.0207,
unit_002049,HongKong,8,8,178.2,18,2.4743,0.0,0.0,0.5,22.286421,114.189768,18|1|21|31|3,0.1263|0.0765|0.0621|0.0502|0.0379,
unit_002050,HongKong,13,14,313.1,18,2.3828,3e-05,0.0,0.5,22.285799,114.189199,18|1|21|31|10,0.1213|0.0826|0.0557|0.0474|0.0347,
unit_002051,HongKong,7,8,152.0,3,2.4731,1e-05,0.09486,0.5237,22.351999,114.251416,3|7|16|23|22,0.0928|0.0708|0.0606|0.0601|0.0494,
unit_002052,HongKong,7,7,152.0,16,2.5558,0.0,0.15143,0.5378,22.351377,114.252882,16|31|18|21|3,0.0977|0.0951|0.0698|0.0664|0.0638,
unit_002053,HongKong,8,8,177.4,21,2.3655,0.0,0.208,0.5518,22.350159,114.254002,21|18|22|27|23,0.1152|0.0837|0.0800|0.0646|0.0583,
unit_002054,HongKong,8,8,176.4,14,1.9698,0.0,0.0,0.5,22.291826,114.216291,14|18|16|23|31,0.1583|0.0590|0.0391|0.0344|0.0261,
unit_002055,HongKong,8,8,176.4,14,1.7584,0.0,0.0,0.5,22.292877,114.218303,14|18|16|23|21,0.1668|0.0605|0.0373|0.0299|0.0219,
unit_002056,HongKong,8,8,176.4,14,1.817,0.0,0.0,0.5,22.293928,114.220315,14|18|16|23|31,0.1603|0.0433|0.0382|0.0288|0.0216,
unit_002057,HongKong,14,16,327.5,14,1.743,0.0,0.0,0.5,22.295189,114.222729,14|18|16|23|21,0.1662|0.0651|0.0370|0.0326|0.0199,
unit_002058,HongKong,8,8,176.4,14,1.7797,0.0,0.0,0.5,22.296556,114.225344,14|18|16|23|21,0.1510|0.0639|0.0433|0.0304|0.0184,
unit_002059,HongKong,11,16,252.0,14,1.8711,1e-05,0.0,0.5,22.297764,114.227658,14|18|16|23|31,0.1527|0.0555|0.0375|0.0343|0.0156,
unit_002060,HongKong,8,8,178.9,23,2.281,0.0,0.0,0.5,22.264699,114.178341,23|31|22|27|2,0.1179|0.0910|0.0776|0.0636|0.0610,
unit_002061,HongKong,8,8,180.6,16,2.3654,0.0,0.07924,0.5198,22.257992,114.196918,16|22|27|31|23,0.1126|0.1072|0.0815|0.0728|0.0538,
unit_002063,HongKong,8,8,182.8,22,2.4048,0.0,0.0,0.5,22.350832,114.23469,22|7|27|18|10,0.1019|0.0400|0.0385|0.0377|0.0365,
unit_002064,HongKong,8,8,179.9,27,2.3571,0.0,0.0,0.5,22.226899,114.245676,27|23|22|3|31,0.0980|0.0787|0.0629|0.0481|0.0381,
unit_002065,HongKong,13,14,301.8,3,2.5013,7e-05,0.06482,0.5162,22.302268,114.157718,3|1|16|10|18,0.0930|0.0705|0.0629|0.0584|0.0508,
unit_002066,HongKong,8,8,176.0,14,1.7211,0.0,0.0,0.5,22.300166,114.155822,14|18|16|21|23,0.1492|0.0799|0.0298|0.0288|0.0269,
unit_002067,HongKong,8,8,176.0,14,1.7052,0.0,0.0,0.5,22.29817,114.153976,14|18|23|16|21,0.1412|0.0720|0.0407|0.0396|0.0318,
unit_002068,HongKong,9,16,201.2,14,1.8017,0.0,0.0,0.5,22.296589,114.152515,14|18|16|23|21,0.1600|0.0734|0.0309|0.0291|0.0268,
unit_002069,HongKong,8,8,176.0,14,1.7899,0.0,0.0,0.5,22.294843,114.1509,14|18|23|16|21,0.1576|0.0767|0.0338|0.0297|0.0265,
unit_002070,HongKong,8,8,176.0,14,1.8753,0.0,0.0,0.5,22.293179,114.149362,14|18|23|16|21,0.1589|0.0717|0.0331|0.0315|0.0275,
unit_002071,HongKong,8,8,176.0,14,1.8622,0.0,0.0,0.5,22.291183,114.147516,14|18|16|23|21,0.1572|0.0747|0.0338|0.0310|0.0294,
unit_002072,HongKong,8,8,176.0,2,2.1855,0.0,0.0,0.5,22.289287,114.14351,2|16|18|31|1,0.0910|0.0823|0.0814|0.0678|0.0434,
unit_002073,HongKong,4,4,76.9,2,2.3696,0.0,0.0,0.5,22.309828,114.161451,2|18|14|21|27,0.0896|0.0797|0.0753|0.0649|0.0544,
unit_002074,HongKong,6,6,128.2,18,2.4419,0.0,0.0,0.5,22.31305,114.161392,18|21|2|1|14,0.1393|0.1088|0.0640|0.0466|0.0431,
unit_002075,HongKong,11,17,254.0,21,2.4259,1e-05,0.0,0.5,22.251904,114.184547,21|27|22|10|14,0.1077|0.1002|0.0718|0.0696|0.0590,
unit_002076,HongKong,5,5,102.1,31,2.3969,0.0,0.0,0.5,22.253024,114.183002,31|22|16|27|1,0.1219|0.0811|0.0731|0.0645|0.0623,
unit_002077,HongKong,11,17,254.0,21,2.4259,1e-05,0.0,0.5,22.251904,114.184547,21|27|22|10|14,0.1077|0.1002|0.0718|0.0696|0.0590,
unit_002078,HongKong,8,8,176.6,7,2.4496,0.0,0.0,0.5,22.247586,114.178688,7|22|31|1|3,0.1167|0.0708|0.0590|0.0538|0.0508,
unit_002079,HongKong,6,6,126.1,31,2.4083,0.0,0.0,0.5,22.246039,114.178655,31|27|7|16|1,0.0942|0.0878|0.0784|0.0633|0.0556,
unit_002080,HongKong,9,9,203.4,22,2.449,0.0,0.0,0.5,22.247053,114.186441,22|27|10|31|23,0.1179|0.0907|0.0733|0.0706|0.0519,
unit_002081,HongKong,10,16,226.9,21,2.4473,6e-05,0.0,0.5,22.251582,114.185091,21|22|27|18|10,0.1229|0.1012|0.0778|0.0672|0.0569,
unit_002083,HongKong,21,25,503.7,27,2.37,3e-05,0.0,0.5,22.245486,114.182666,27|10|18|16|23,0.1054|0.0701|0.0686|0.0676|0.0592,
unit_002084,HongKong,6,6,126.1,31,2.4083,0.0,0.0,0.5,22.246039,114.178655,31|27|7|16|1,0.0942|0.0878|0.0784|0.0633|0.0556,
unit_002085,HongKong,8,8,176.6,7,2.4496,0.0,0.0,0.5,22.247586,114.178688,7|22|31|1|3,0.1167|0.0708|0.0590|0.0538|0.0508,
unit_002086,HongKong,7,7,163.3,18,2.2819,0.0,0.0,0.5,22.30279,114.184154,18|21|1|14|13,0.1077|0.0844|0.0678|0.0432|0.0363,
unit_002090,HongKong,6,6,129.1,1,2.3857,0.0,0.0,0.5,22.333186,114.207754,1|3|31|27|22,0.1049|0.0822|0.0817|0.0605|0.0572,
unit_002091,HongKong,6,6,125.9,27,2.2871,0.0,0.05808,0.5145,22.355328,114.215074,27|22|23|16|18,0.0986|0.0690|0.0640|0.0575|0.0403,
unit_002092,HongKong,8,8,176.3,22,2.3572,0.0,0.0,0.5,22.353268,114.217256,22|27|21|23|2,0.1133|0.1027|0.0595|0.0482|0.0283,
unit_002093,HongKong,23,35,554.0,22,2.3715,7e-05,0.0,0.5,22.349823,114.217795,22|27|23|31|16,0.1263|0.1091|0.0607|0.0441|0.0428,
unit_002094,HongKong,9,9,201.5,27,2.3421,0.0,0.0,0.5,22.345885,114.215433,27|22|23|2|10,0.1168|0.0963|0.0556|0.0509|0.0348,
unit_002095,HongKong,9,9,201.5,22,2.3322,0.0,0.0,0.5,22.343443,114.216121,22|27|21|31|7,0.1272|0.0778|0.0678|0.0436|0.0418,
unit_002096,HongKong,8,8,175.4,31,2.4053,0.0,0.0,0.5,22.222186,114.206882,31|16|22|7|10,0.1174|0.0910|0.0894|0.0662|0.0537,
unit_002097,HongKong,7,7,150.4,21,2.4621,0.0,0.07615,0.519,22.221213,114.208411,21|16|27|22|31,0.1286|0.0869|0.0828|0.0813|0.0792,
unit_002098,HongKong,8,9,175.4,27,2.4883,1e-05,0.07615,0.519,22.220101,114.209675,27|16|21|14|13,0.0854|0.0797|0.0482|0.0394|0.0390,
unit_002099,HongKong,4,4,50.2,31,2.4528,0.0,0.0,0.5,22.332465,114.21759,31|16|27|18|21,0.1079|0.0983|0.0661|0.0499|0.0474,
unit_002102,HongKong,8,9,175.6,22,2.1852,0.0,0.05611,0.514,22.309482,114.298821,22|16|21|7|31,0.1495|0.0875|0.0853|0.0678|0.0598,
unit_002103,HongKong,8,9,175.6,22,2.2525,0.0,0.05611,0.514,22.308083,114.297997,22|21|23|27|31,0.1806|0.0800|0.0459|0.0450|0.0444,
unit_002104,HongKong,8,8,175.6,22,2.1949,0.0,0.0,0.5,22.305469,114.297866,22|21|27|16|7,0.1643|0.0927|0.0766|0.0526|0.0455,
unit_002105,HongKong,10,10,225.8,22,2.358,0.0,0.0,0.5,22.303464,114.297515,22|27|3|23|14,0.1152|0.1025|0.0348|0.0337|0.0335,
unit_002106,HongKong,12,16,284.8,31,2.4467,5e-05,0.0,0.5,22.30856,114.253691,31|1|3|22|16,0.1084|0.0933|0.0681|0.0618|0.0604,
unit_002107,HongKong,7,7,154.0,1,2.2869,0.0,0.11372,0.5284,22.322294,114.256391,1|21|7|3|16,0.1180|0.0637|0.0628|0.0490|0.0435,
unit_002108,HongKong,6,7,136.0,16,2.5128,0.0,0.09631,0.5241,22.322932,114.203307,16|7|21|31|1,0.1007|0.0817|0.0774|0.0691|0.0649,
unit_002109,HongKong,9,9,210.4,1,2.3857,0.0,0.0,0.5,22.333274,114.20735,1|3|31|27|22,0.1049|0.0822|0.0817|0.0605|0.0572,
unit_002110,HongKong,5,6,112.7,1,2.3398,0.0,0.05792,0.5145,22.313573,114.224769,1|2|16|7|31,0.1105|0.0751|0.0747|0.0669|0.0405,
unit_002111,HongKong,8,8,182.7,31,2.3844,0.0,0.0,0.5,22.261239,114.190506,31|23|22|21|2,0.1146|0.0856|0.0842|0.0653|0.0585,
unit_002112,HongKong,12,12,249.6,18,2.2859,0.0,0.0,0.5,22.304082,114.255852,18|21|13|2|1,0.0921|0.0831|0.0747|0.0645|0.0455,
unit_002113,HongKong,8,8,179.4,14,1.9884,0.0,0.15887,0.5396,22.301344,114.255779,14|21|18|2|23,0.1383|0.0570|0.0422|0.0363|0.0261,
unit_002114,HongKong,8,8,179.4,18,2.3329,0.0,0.15887,0.5396,22.299498,114.255764,18|14|21|13|2,0.0906|0.0899|0.0735|0.0597|0.0461,
unit_002115,HongKong,9,9,208.8,27,2.4366,0.0,0.15766,0.5393,22.297306,114.24214,27|21|1|16|31,0.1207|0.0928|0.0737|0.0468|0.0447,
unit_002116,HongKong,5,5,105.4,16,2.427,0.0,0.26284,0.5653,22.291989,114.272035,16|31|22|21|7,0.1270|0.0838|0.0559|0.0553|0.0551,
unit_002117,HongKong,10,16,226.1,1,2.5045,2e-05,0.0,0.5,22.306553,114.239109,1|21|3|31|27,0.1155|0.0916|0.0566|0.0559|0.0509,
unit_002118,HongKong,8,8,175.9,1,2.4426,0.0,0.0,0.5,22.302818,114.239261,1|16|2|7|10,0.1127|0.0687|0.0554|0.0541|0.0509,
unit_002119,HongKong,8,8,175.9,21,2.4426,0.0,0.0,0.5,22.30045,114.24173,21|1|3|10|13,0.0850|0.0811|0.0722|0.0721|0.0581,
unit_002121,HongKong,6,6,126.1,14,2.0348,0.0,0.06201,0.5155,22.323909,114.196719,14|16|18|23|31,0.1221|0.0467|0.0384|0.0293|0.0290,
unit_002122,HongKong,6,6,129.3,2,2.4543,0.0,0.0,0.5,22.318091,114.209535,2|3|1|18|21,0.0982|0.0845|0.0747|0.0638|0.0617,
unit_002123,HongKong,5,5,102.3,1,2.3118,0.0,0.0,0.5,22.328539,114.228649,1|31|3|16|7,0.1237|0.0805|0.0619|0.0467|0.0447,
unit_002124,HongKong,5,5,108.3,1,2.4468,0.0,0.0,0.5,22.277256,114.230526,1|7|27|23|31,0.0901|0.0897|0.0837|0.0524|0.0383,
unit_002125,HongKong,4,4,77.6,10,2.4877,0.0,0.0,0.5,22.319453,114.239588,10|16|27|14|31,0.0701|0.0687|0.0613|0.0518|0.0507,
unit_002126,HongKong,9,9,200.9,21,2.4578,0.0,0.0,0.5,22.348009,114.197945,21|31|1|23|27,0.1084|0.0977|0.0915|0.0659|0.0611,
unit_002127,HongKong,17,25,408.4,22,2.4644,5e-05,0.0,0.5,22.26374,114.155671,22|23|27|31|16,0.1167|0.0784|0.0642|0.0637|0.0444,
unit_002128,HongKong,8,12,168.6,22,2.4722,5e-05,0.0,0.5,22.263931,114.155131,22|23|31|16|27,0.1186|0.0837|0.0702|0.0602|0.0570,
unit_002129,HongKong,6,7,131.4,22,2.4739,0.0,0.13955,0.5348,22.266796,114.154912,22|27|31|2|10,0.0912|0.0901|0.0704|0.0573|0.0551,
unit_002131,HongKong,8,8,177.8,31,2.4046,0.0,0.0,0.5,22.274344,114.170884,31|21|1|7|16,0.1154|0.0857|0.0741|0.0711|0.0701,
unit_002132,HongKong,11,16,254.4,23,2.3784,5e-05,0.0,0.5,22.271031,114.168652,23|31|22|27|21,0.1007|0.0956|0.0918|0.0489|0.0489,
unit_002133,HongKong,16,16,355.7,23,2.3549,0.0,0.0,0.5,22.271149,114.169689,23|22|21|31|27,0.1084|0.1001|0.0852|0.0797|0.0552,
unit_002134,HongKong,6,6,128.6,1,2.4051,0.0,0.0,0.5,22.280623,114.179002,1|16|18|31|3,0.1078|0.0783|0.0689|0.0530|0.0474,
unit_002135,HongKong,8,8,176.1,22,2.3827,0.0,0.14968,0.5373,22.235165,114.225959,22|21|27|31|2,0.1364|0.0997|0.0609|0.0491|0.0463,
unit_002136,HongKong,9,9,201.3,22,2.4629,0.0,0.14968,0.5373,22.236409,114.225374,22|27|31|16|7,0.1109|0.0828|0.0775|0.0712|0.0711,
unit_002137,HongKong,5,7,110.3,18,2.4402,0.0,0.08628,0.5216,22.308087,114.226509,18|1|31|16|3,0.0964|0.0956|0.0633|0.0507|0.0439,
unit_002138,HongKong,7,8,162.4,31,2.2954,0.0,0.09905,0.5247,22.329939,114.26591,31|22|7|16|27,0.1072|0.0836|0.0786|0.0764|0.0674,
unit_002139,HongKong,7,8,162.4,31,2.2954,0.0,0.09905,0.5247,22.329939,114.26591,31|22|7|16|27,0.1072|0.0836|0.0786|0.0764|0.0674,
unit_002140,HongKong,4,7,79.7,2,2.39,1e-05,0.05753,0.5144,22.310191,114.162787,2|18|13|14|1,0.1197|0.0762|0.0698|0.0663|0.0474,
unit_002142,HongKong,8,8,176.6,27,2.4242,0.0,0.0,0.5,22.333953,114.225493,27|16|10|31|22,0.0896|0.0797|0.0631|0.0619|0.0479,
unit_002143,HongKong,4,4,75.2,31,2.4059,0.0,0.0,0.5,22.27335,114.158602,31|27|23|2|7,0.0902|0.0841|0.0832|0.0700|0.0607,
unit_002144,HongKong,11,16,254.4,23,2.3784,5e-05,0.0,0.5,22.271031,114.168652,23|31|22|27|21,0.1007|0.0956|0.0918|0.0489|0.0489,
unit_002145,HongKong,6,8,125.7,23,2.4343,1e-05,0.08837,0.5221,22.224428,114.209276,23|21|27|22|10,0.0881|0.0741|0.0660|0.0632|0.0486,
unit_002146,HongKong,7,9,150.8,27,2.366,0.0,0.08837,0.5221,22.225253,114.209807,27|22|10|16|23,0.1366|0.0828|0.0777|0.0722|0.0529,
unit_002147,HongKong,8,8,175.9,22,2.2734,0.0,0.13246,0.5331,22.224682,114.213024,22|16|27|31|23,0.1298|0.0985|0.0747|0.0636|0.0465,
unit_002148,HongKong,7,7,150.1,21,2.316,0.0,0.10523,0.5263,22.25554,114.254153,21|23|22|27|2,0.0954|0.0908|0.0903|0.0889|0.0534,
unit_002150,HongKong,7,7,150.1,22,2.2255,0.0,0.07804,0.5195,22.256197,114.252691,22|23|31|3|16,0.1506|0.0723|0.0707|0.0451|0.0403,
unit_002151,HongKong,8,8,175.1,23,2.2353,0.0,0.09478,0.5237,22.256936,114.250531,23|22|31|3|10,0.1025|0.0898|0.0892|0.0522|0.0439,
unit_002152,HongKong,8,8,175.1,22,2.3168,0.0,0.09478,0.5237,22.257978,114.249363,22|23|27|31|2,0.0921|0.0916|0.0816|0.0619|0.0595,
unit_002153,HongKong,9,10,200.1,27,2.3679,1e-05,0.08158,0.5204,22.259161,114.247383,27|16|21|22|31,0.0987|0.0902|0.0566|0.0564|0.0521,
unit_002154,HongKong,8,8,175.1,22,2.4054,0.0,0.08158,0.5204,22.260629,114.246669,22|27|10|23|21,0.1058|0.0999|0.0666|0.0649|0.0634,
unit_002155,HongKong,8,8,175.1,22,2.2843,0.0,0.0,0.5,22.262289,114.245403,22|31|21|23|7,0.1288|0.1053|0.0690|0.0613|0.0600,
unit_002156,HongKong,8,8,175.1,27,2.4521,0.0,0.0,0.5,22.262809,114.24282,27|31|22|18|10,0.0968|0.0925|0.0780|0.0582|0.0446,
unit_002157,HongKong,7,7,150.1,7,2.482,0.0,0.0,0.5,22.26096,114.240535,7|31|16|21|27,0.0858|0.0851|0.0806|0.0788|0.0733,
unit_002159,HongKong,8,8,179.8,1,2.4769,0.0,0.06445,0.5161,22.328358,114.192623,1|18|2|31|13,0.0769|0.0754|0.0740|0.0580|0.0549,
unit_002160,HongKong,8,8,183.0,1,2.4769,0.0,0.06445,0.5161,22.328416,114.19252,1|18|2|31|13,0.0769|0.0754|0.0740|0.0580|0.0549,
unit_002161,HongKong,5,5,102.0,21,2.4808,0.0,0.0,0.5,22.325783,114.19018,21|1|18|31|2,0.1013|0.0687|0.0568|0.0554|0.0542,
unit_002162,HongKong,11,14,254.8,31,2.4359,0.0,0.0,0.5,22.327822,114.269804,31|7|13|27|14,0.0868|0.0794|0.0737|0.0675|0.0574,
unit_002163,HongKong,11,14,254.8,31,2.4359,0.0,0.0,0.5,22.327822,114.269804,31|7|13|27|14,0.0868|0.0794|0.0737|0.0675|0.0574,
unit_002164,HongKong,10,16,226.9,21,2.4473,6e-05,0.0,0.5,22.251582,114.185091,21|22|27|18|10,0.1229|0.1012|0.0778|0.0672|0.0569,
unit_002165,HongKong,7,7,156.8,22,2.4031,0.0,0.0,0.5,22.317751,114.282588,22|16|31|27|2,0.1439|0.0834|0.0793|0.0566|0.0357,
unit_002167,HongKong,5,5,108.6,21,2.4715,0.0,0.12187,0.5304,22.315697,114.239195,21|31|22|16|18,0.0994|0.0971|0.0766|0.0730|0.0685,
unit_002170,HongKong,4,4,80.9,7,2.3694,0.0,0.0,0.5,22.31671,114.275063,7|21|27|1|3,0.1137|0.0972|0.0725|0.0560|0.0458,
unit_002171,HongKong,4,4,79.7,31,2.4528,0.0,0.0,0.5,22.332251,114.218299,31|16|27|18|21,0.1079|0.0983|0.0661|0.0499|0.0474,
unit_002172,HongKong,3,3,54.6,1,2.5276,0.0,0.0,0.5,22.33206,114.217235,1|10|3|7|16,0.0959|0.0735|0.0615|0.0611|0.0588,
unit_002174,HongKong,8,8,181.1,7,2.4191,0.0,0.0,0.5,22.337827,114.248321,7|21|31|27|10,0.1071|0.0743|0.0568|0.0564|0.0507,
unit_002175,HongKong,8,8,176.7,1,2.4282,0.0,0.13921,0.5347,22.330258,114.207688,1|13|7|10|31,0.1043|0.0551|0.0465|0.0421|0.0398,
unit_002176,HongKong,8,8,176.7,21,2.376,0.0,0.13921,0.5347,22.328664,114.208313,21|1|31|3|13,0.1166|0.1014|0.0692|0.0582|0.0466,
unit_002178,HongKong,7,7,156.8,22,2.4031,0.0,0.0,0.5,22.317751,114.282588,22|16|31|27|2,0.1439|0.0834|0.0793|0.0566|0.0357,
unit_002179,HongKong,9,9,203.4,22,2.2513,0.0,0.0,0.5,22.317552,114.287207,22|7|13|21|16,0.1344|0.0774|0.0560|0.0509|0.0502,
unit_002180,HongKong,13,13,305.0,22,2.1883,0.0,0.0,0.5,22.319121,114.286042,22|23|31|2|27,0.1827|0.0757|0.0599|0.0490|0.0423,
unit_002181,HongKong,7,7,155.6,31,2.5267,0.0,0.0,0.5,22.304,114.229393,31|1|2|10|13,0.0931|0.0896|0.0622|0.0618|0.0456,
unit_002185,HongKong,8,8,178.4,1,2.389,0.0,0.0,0.5,22.307895,114.172699,1|2|16|10|7,0.1067|0.0688|0.0542|0.0415|0.0396,
unit_002187,HongKong,7,7,150.7,2,2.2874,0.0,0.0,0.5,22.311215,114.163433,2|13|18|14|10,0.1133|0.0706|0.0626|0.0527|0.0520,
unit_002189,HongKong,3,3,53.0,2,2.2874,0.0,0.0,0.5,22.310404,114.163797,2|13|18|14|10,0.1133|0.0706|0.0626|0.0527|0.0520,
unit_002190,HongKong,7,7,159.0,2,2.2874,0.0,0.0,0.5,22.310862,114.163171,2|13|18|14|10,0.1133|0.0706|0.0626|0.0527|0.0520,
unit_002191,HongKong,8,8,178.0,21,2.4315,0.0,0.0,0.5,22.314854,114.160703,21|18|3|16|1,0.1231|0.0986|0.0785|0.0596|0.0582,
unit_002192,HongKong,5,5,112.0,18,2.4163,0.0,0.0,0.5,22.283293,114.171693,18|10|2|16|1,0.0795|0.0735|0.0680|0.0666|0.0626,
unit_002196,HongKong,9,9,202.3,22,2.477,0.0,0.12574,0.5314,22.359938,114.256085,22|23|16|27|31,0.1313|0.0705|0.0699|0.0647|0.0558,
unit_002197,HongKong,11,16,252.9,21,2.4629,4e-05,0.12574,0.5314,22.361803,114.257015,21|23|27|22|10,0.0995|0.0792|0.0744|0.0676|0.0527,
unit_002198,HongKong,8,8,177.0,7,2.4667,0.0,0.0,0.5,22.363886,114.258813,7|1|3|23|13,0.0881|0.0710|0.0641|0.0619|0.0611,
unit_002199,HongKong,52,76,1081.1,22,2.413,0.00015,0.2,0.5498,22.36691,114.259753,22|21|31|16|7,0.1117|0.1022|0.0689|0.0624|0.0523,
unit_002200,HongKong,54,54,972.2,22,2.5146,0.0,0.0,0.5,22.360701,114.253173,22|16|10|27|13,0.0845|0.0635|0.0633|0.0505|0.0502,
unit_002201,HongKong,8,8,175.9,22,2.3322,0.0,0.0,0.5,22.372633,114.264628,22|7|13|21|27,0.1228|0.0789|0.0723|0.0567|0.0523,
unit_002202,HongKong,8,8,175.9,22,2.3453,0.0,0.0,0.5,22.370475,114.267203,22|31|23|7|13,0.1052|0.0836|0.0482|0.0414|0.0330,
unit_002203,HongKong,34,34,660.9,31,2.417,0.0,0.0,0.5,22.372061,114.259746,31|13|7|3|23,0.0806|0.0665|0.0663|0.0638|0.0618,
unit_002204,HongKong,18,18,325.8,22,2.4456,0.0,0.07821,0.5195,22.375091,114.261754,22|16|31|21|3,0.1293|0.0954|0.0759|0.0667|0.0524,
unit_002205,HongKong,7,7,75.8,1,2.0841,0.0,0.0,0.5,22.381685,114.27156,1|7|23|16|13,0.1096|0.0907|0.0574|0.0293|0.0270,
unit_002206,HongKong,42,42,728.1,22,2.4385,0.0,0.0,0.5,22.377941,114.264643,22|23|31|16|27,0.0859|0.0787|0.0735|0.0628|0.0553,
unit_002207,HongKong,32,32,619.8,16,2.3045,0.0,0.07821,0.5195,22.376328,114.263111,16|22|31|21|7,0.1295|0.0867|0.0810|0.0628|0.0574,
unit_002208,HongKong,22,42,403.0,22,2.3407,2e-05,0.0,0.5,22.371559,114.261987,22|23|21|7|31,0.1601|0.0779|0.0731|0.0600|0.0533,
unit_002209,HongKong,7,7,151.0,21,2.2543,0.0,0.2,0.5498,22.369461,114.259727,21|27|22|23|2,0.1266|0.1029|0.1020|0.0721|0.0430,
unit_002210,HongKong,8,8,175.9,22,2.3626,0.0,0.0,0.5,22.366891,114.25606,22|31|3|7|23,0.1485|0.0778|0.0669|0.0565|0.0562,
unit_002211,HongKong,14,18,326.7,22,2.2969,1e-05,0.0,0.5,22.367648,114.253791,22|23|31|2|27,0.1641|0.0790|0.0750|0.0423|0.0381,
unit_002212,HongKong,25,25,492.9,3,2.3961,0.0,0.0,0.5,22.382402,114.273506,3|31|1|16|27,0.0833|0.0722|0.0700|0.0595|0.0460,
unit_002213,HongKong,8,8,176.9,22,2.2996,0.0,0.0,0.5,22.39646,114.278822,22|27|21|13|7,0.1490|0.0623|0.0501|0.0490|0.0425,
unit_002214,HongKong,7,7,154.7,22,2.4655,0.0,0.06321,0.5158,22.394998,114.279389,22|27|16|31|10,0.1101|0.0994|0.0886|0.0535|0.0422,
unit_002215,HongKong,8,8,180.5,22,2.4574,0.0,0.06321,0.5158,22.394123,114.28077,22|16|27|21|23,0.1326|0.0897|0.0815|0.0814|0.0654,
unit_002216,HongKong,26,30,532.4,31,2.346,1e-05,0.14719,0.5367,22.395323,114.282393,31|7|22|13|27,0.0916|0.0673|0.0661|0.0598|0.0534,
unit_002217,HongKong,8,8,179.1,21,2.4192,0.0,0.0,0.5,22.393617,114.277394,21|22|7|23|31,0.1157|0.0857|0.0854|0.0754|0.0539,
unit_002218,HongKong,7,7,153.5,21,2.4905,0.0,0.0,0.5,22.391686,114.276499,21|27|23|22|7,0.0991|0.0883|0.0715|0.0674|0.0604,
unit_002219,HongKong,24,24,497.6,7,2.4718,0.0,0.0,0.5,22.389202,114.275478,7|16|31|27|22,0.0963|0.0776|0.0761|0.0736|0.0645,
unit_002220,HongKong,8,8,176.6,22,2.1926,0.0,0.0,0.5,22.395281,114.287366,22|21|16|31|7,0.1187|0.1129|0.0874|0.0871|0.0629,
unit_002221,HongKong,56,66,1286.7,21,2.4919,0.00011,0.0,0.5,22.392522,114.289604,21|27|3|22|7,0.0879|0.0825|0.0662|0.0633|0.0573,
unit_002222,HongKong,35,41,559.0,31,2.4435,0.0,0.17994,0.5449,22.395699,114.283828,31|3|10|16|22,0.1072|0.0899|0.0847|0.0771|0.0654,
unit_002223,HongKong,24,24,459.5,31,2.3902,0.0,0.0,0.5,22.391403,114.296659,31|16|22|10|27,0.0969|0.0914|0.0857|0.0688|0.0648,
unit_002224,HongKong,3,3,51.9,7,2.3409,0.0,0.0,0.5,22.392081,114.299846,7|21|22|27|1,0.1255|0.0800|0.0673|0.0559|0.0479,
unit_002225,HongKong,8,8,176.3,21,2.3096,0.0,0.0,0.5,22.390126,114.29504,21|22|23|27|3,0.1026|0.1009|0.1004|0.0861|0.0519,
unit_002226,HongKong,26,28,517.1,16,2.2358,0.0,0.09626,0.524,22.388792,114.293117,16|22|21|31|7,0.1326|0.1179|0.0832|0.0759|0.0605,
unit_002227,HongKong,28,28,551.1,16,2.3829,0.0,0.24181,0.5602,22.400111,114.323732,16|22|31|23|10,0.1044|0.1043|0.0730|0.0695|0.0669,
unit_002228,HongKong,9,9,200.4,21,2.2341,0.0,0.24181,0.5602,22.401766,114.323111,21|7|22|31|16,0.1187|0.1047|0.0819|0.0581|0.0507,
unit_002229,HongKong,7,7,150.3,22,2.1197,0.0,0.07036,0.5176,22.404906,114.324865,22|21|16|7|31,0.1336|0.1232|0.0847|0.0645|0.0598,
unit_002230,HongKong,8,9,175.4,21,2.3597,0.0,0.07036,0.5176,22.406301,114.325675,21|22|27|16|7,0.1342|0.1107|0.0893|0.0565|0.0534,
unit_002231,HongKong,19,25,451.0,21,2.2978,5e-05,0.0,0.5,22.409505,114.325668,21|23|22|27|16,0.1003|0.0917|0.0885|0.0783|0.0695,
unit_002232,HongKong,9,9,200.4,23,2.3009,0.0,0.0,0.5,22.412235,114.327514,23|21|22|27|2,0.1183|0.0958|0.0695|0.0688|0.0673,
unit_002233,HongKong,8,8,175.4,27,2.2698,0.0,0.0,0.5,22.415034,114.329207,27|21|22|23|16,0.1171|0.0956|0.0895|0.0740|0.0642,
unit_002234,HongKong,6,8,125.3,27,2.2266,0.0,0.09585,0.5239,22.42004,114.331476,27|23|21|22|2,0.1251|0.1090|0.0798|0.0728|0.0715,
unit_002235,HongKong,11,16,250.6,21,2.333,9e-05,0.09585,0.5239,22.42173,114.332228,21|22|23|16|27,0.1132|0.1015|0.0889|0.0707|0.0594,
unit_002236,HongKong,14,16,325.7,23,2.3206,3e-05,0.0,0.5,22.425817,114.331858,23|21|16|22|2,0.0965|0.0963|0.0800|0.0798|0.0564,
unit_002237,HongKong,11,16,250.6,22,2.355,5e-05,0.0,0.5,22.428306,114.328769,22|21|16|7|31,0.1325|0.1029|0.0911|0.0645|0.0607,
unit_002238,HongKong,8,8,175.2,21,2.3259,0.0,0.0,0.5,22.398844,114.325436,21|22|16|7|31,0.1273|0.1039|0.0658|0.0636|0.0612,
unit_002239,HongKong,8,8,175.2,23,2.4259,0.0,0.06507,0.5163,22.396938,114.326564,23|22|21|31|27,0.1080|0.0949|0.0923|0.0769|0.0668,
unit_002240,HongKong,11,16,250.3,31,2.3802,1e-05,0.06507,0.5163,22.395856,114.328336,31|22|16|23|27,0.1061|0.0830|0.0814|0.0756|0.0572,
unit_002241,HongKong,8,8,175.2,23,2.2675,0.0,0.0,0.5,22.393742,114.330833,23|22|21|31|27,0.1119|0.0879|0.0739|0.0692|0.0624,
unit_002242,HongKong,12,17,275.3,23,2.29,2e-05,0.0,0.5,22.391651,114.332,23|22|27|31|2,0.1168|0.0851|0.0823|0.0658|0.0647,
unit_002243,HongKong,14,16,325.4,22,2.2291,1e-05,0.0,0.5,22.387868,114.335024,22|23|31|21|2,0.1170|0.0825|0.0799|0.0799|0.0620,
unit_002244,HongKong,23,34,550.6,22,2.3155,6e-05,0.0,0.5,22.383781,114.33517,22|23|21|27|16,0.1113|0.0874|0.0755|0.0723|0.0667,
unit_002245,HongKong,8,8,175.2,22,2.2098,0.0,0.0,0.5,22.38103,114.336298,22|3|27|18|23,0.0802|0.0662|0.0510|0.0487|0.0472,
unit_002246,HongKong,14,25,325.4,23,2.3439,6e-05,0.0,0.5,22.37842,114.33852,23|22|27|2|31,0.0991|0.0798|0.0690|0.0677|0.0566,
unit_002247,HongKong,22,33,525.6,18,2.2785,1e-05,0.0,0.5,22.372592,114.341436,18|27|23|3|10,0.0556|0.0550|0.0496|0.0441|0.0428,
unit_002248,HongKong,17,17,400.5,23,2.351,2e-05,0.0,0.5,22.367882,114.345201,23|22|31|2|27,0.0995|0.0963|0.0772|0.0617|0.0605,
unit_002249,HongKong,15,27,350.4,23,2.3358,6e-05,0.0,0.5,22.364941,114.347816,23|27|22|21|2,0.0901|0.0868|0.0749|0.0583|0.0570,
unit_002250,HongKong,10,10,225.3,27,2.1645,0.0,0.0,0.5,22.361668,114.351068,27|16|22|23|18,0.1135|0.0934|0.0630|0.0527|0.0241,
unit_002251,HongKong,6,8,125.1,22,2.2394,0.0,0.06127,0.5153,22.361983,114.353925,22|23|27|21|16,0.1063|0.0933|0.0779|0.0728|0.0632,
unit_002252,HongKong,7,9,150.2,22,2.1937,1e-05,0.06127,0.5153,22.363028,114.354518,22|16|31|7|21,0.1491|0.0935|0.0678|0.0476|0.0466,
unit_002253,HongKong,8,8,175.2,23,2.3615,0.0,0.0,0.5,22.363607,114.356135,23|22|16|31|27,0.0879|0.0613|0.0485|0.0409|0.0401,
unit_002254,HongKong,8,8,175.2,22,2.3035,0.0,0.0,0.5,22.361097,114.359118,22|23|21|27|2,0.1126|0.1076|0.0861|0.0604|0.0583,
unit_002255,HongKong,10,17,225.3,22,2.2881,2e-05,0.0,0.5,22.359307,114.361099,22|27|16|23|21,0.1176|0.1153|0.0937|0.0542|0.0435,
unit_002256,HongKong,8,8,175.2,27,2.3596,0.0,0.0,0.5,22.359774,114.366136,27|22|16|3|23,0.0757|0.0662|0.0581|0.0523|0.0507,
unit_002257,HongKong,12,17,275.3,22,2.3707,2e-05,0.0,0.5,22.360373,114.368618,22|27|23|16|2,0.1008|0.0839|0.0694|0.0606|0.0468,
unit_002258,HongKong,8,8,175.2,27,2.2971,0.0,0.0,0.5,22.360559,114.371118,27|23|22|16|2,0.1078|0.0843|0.0630|0.0578|0.0571,
unit_002259,HongKong,8,8,175.2,27,2.2385,0.0,0.0,0.5,22.363281,114.372105,27|18|10|23|3,0.0579|0.0501|0.0467|0.0462|0.0401,
unit_002260,HongKong,14,14,257.7,16,2.4162,0.0,0.0,0.5,22.365373,114.373971,16|3|7|21|22,0.0691|0.0645|0.0607|0.0526|0.0492,
unit_002261,HongKong,8,8,175.4,22,2.3055,0.0,0.0,0.5,22.39879,114.321561,22|21|16|7|31,0.1421|0.0868|0.0853|0.0672|0.0658,
unit_002262,HongKong,22,22,420.8,31,2.45,0.0,0.0,0.5,22.396725,114.319201,31|3|21|22|1,0.1013|0.0816|0.0751|0.0638|0.0561,
unit_002263,HongKong,30,52,614.4,27,2.3938,2e-05,0.0,0.5,22.433344,114.328345,27|16|23|21|22,0.1089|0.1027|0.0924|0.0872|0.0825,
unit_002264,HongKong,8,8,175.4,22,2.2473,0.0,0.0,0.5,22.439551,114.326201,22|21|16|27|23,0.1278|0.0880|0.0423|0.0381|0.0368,
unit_002265,HongKong,10,10,187.1,22,2.3863,0.0,0.0,0.5,22.459738,114.327548,22|16|21|31|23,0.0888|0.0806|0.0750|0.0694|0.0671,
unit_002266,HongKong,8,8,181.7,7,2.3913,0.0,0.0,0.5,22.435317,114.330364,7|23|3|22|16,0.1084|0.0902|0.0845|0.0826|0.0590,
unit_002267,HongKong,32,32,592.0,21,2.3767,0.0,0.0,0.5,22.431329,114.327387,21|22|7|23|3,0.1247|0.0907|0.0807|0.0690|0.0596,
unit_002268,HongKong,15,27,309.8,21,2.523,3e-05,0.22606,0.5563,22.397263,114.210647,21|18|22|31|16,0.1258|0.1040|0.0665|0.0547|0.0533,
unit_002269,HongKong,6,6,127.6,18,2.4863,0.0,0.08033,0.5201,22.400262,114.212886,18|21|31|3|16,0.1017|0.0789|0.0701|0.0653|0.0570,
unit_002270,HongKong,7,8,153.2,22,2.4873,1e-05,0.08033,0.5201,22.401325,114.213936,22|21|31|3|7,0.1013|0.0964|0.0824|0.0734|0.0666,
unit_002271,HongKong,12,12,227.4,31,2.4897,0.0,0.0,0.5,22.402669,114.215524,31|16|10|7|3,0.0970|0.0881|0.0824|0.0745|0.0675,
unit_002272,HongKong,12,12,230.7,21,2.4636,0.0,0.0,0.5,22.391134,114.209642,21|18|3|2|27,0.1035|0.0917|0.0636|0.0616|0.0615,
unit_002273,HongKong,7,7,153.7,1,2.439,0.0,0.0,0.5,22.395524,114.209904,1|21|7|31|27,0.0918|0.0853|0.0637|0.0613|0.0603,
unit_002274,HongKong,9,15,201.1,21,2.4969,5e-05,0.0,0.5,22.397315,114.210998,21|18|16|2|14,0.1250|0.0971|0.0668|0.0562|0.0519,
unit_002275,HongKong,7,7,150.8,1,2.439,0.0,0.0,0.5,22.395468,114.210145,1|21|7|31|27,0.0918|0.0853|0.0637|0.0613|0.0603,
unit_002276,HongKong,14,14,284.1,21,2.4636,0.0,0.0,0.5,22.391295,114.20993,21|18|3|2|27,0.1035|0.0917|0.0636|0.0616|0.0615,
unit_002277,HongKong,8,14,184.1,21,2.4611,2e-05,0.0,0.5,22.397246,114.211161,21|18|16|2|14,0.1260|0.0944|0.0750|0.0608|0.0563,
unit_002278,HongKong,28,28,481.7,3,2.5283,0.0,0.0,0.5,22.355213,114.2505,3|7|31|10|16,0.0799|0.0622|0.0605|0.0550|0.0503,
unit_002279,HongKong,18,18,322.6,7,2.4861,0.0,0.0,0.5,22.378469,114.266644,7|21|16|1|31,0.0755|0.0630|0.0609|0.0583|0.0555,
unit_002280,HongKong,20,20,367.1,22,2.3107,0.0,0.0,0.5,22.375806,114.266069,22|16|31|21|27,0.1538|0.1043|0.0941|0.0624|0.0604,
unit_002281,HongKong,20,20,401.6,3,2.44,0.0,0.0,0.5,22.378402,114.269633,3|31|27|21|7,0.1013|0.0802|0.0748|0.0631|0.0591,
unit_002282,HongKong,9,9,164.3,1,2.357,0.0,0.0,0.5,22.379908,114.268824,1|31|7|3|27,0.0905|0.0881|0.0789|0.0725|0.0467,
unit_002283,HongKong,24,24,479.1,22,2.4443,0.0,0.0,0.5,22.375456,114.268446,22|31|16|10|23,0.1015|0.0943|0.0910|0.0856|0.0449,
unit_002284,HongKong,11,16,253.1,7,2.512,8e-05,0.0,0.5,22.376021,114.270607,7|31|10|16|3,0.0785|0.0736|0.0627|0.0601|0.0552,
unit_002286,HongKong,10,10,139.9,7,2.2633,0.0,0.0,0.5,22.380584,114.272559,7|1|21|23|16,0.1154|0.0944|0.0681|0.0565|0.0542,
unit_002287,HongKong,34,34,585.7,21,2.482,0.0,0.0,0.5,22.384787,114.271799,21|1|10|7|22,0.1293|0.0652|0.0597|0.0551|0.0499,
unit_002288,HongKong,48,84,1226.5,7,2.4116,2e-05,0.05579,0.5139,22.386184,114.269775,7|31|3|1|10,0.1285|0.0643|0.0630|0.0489|0.0474,
unit_002289,HongKong,7,7,152.6,18,2.456,0.0,0.0,0.5,22.429096,114.248342,18|31|16|10|7,0.1268|0.0869|0.0778|0.0565|0.0471,
unit_002290,HongKong,38,44,830.7,22,2.3667,5e-05,0.11903,0.5297,22.405453,114.278404,22|16|23|31|3,0.1350|0.0842|0.0805|0.0762|0.0512,
unit_002291,HongKong,8,8,179.1,22,2.3399,0.0,0.11903,0.5297,22.405853,114.276003,22|23|3|13|16,0.1540|0.0708|0.0463|0.0436|0.0431,
unit_002292,HongKong,42,74,948.6,22,2.4143,8e-05,0.0,0.5,22.410003,114.273152,22|23|31|27|2,0.1266|0.1035|0.0748|0.0525|0.0488,
unit_002293,HongKong,54,72,1214.4,22,2.3153,5e-05,0.0,0.5,22.411189,114.276546,22|21|27|7|16,0.1477|0.0914|0.0719|0.0561|0.0455,
unit_002294,HongKong,34,34,683.9,22,2.2654,0.0,0.0,0.5,22.403827,114.281236,22|16|31|23|21,0.1262|0.1063|0.0873|0.0780|0.0766,
unit_002295,HongKong,12,12,234.1,18,2.4504,0.0,0.0,0.5,22.429517,114.244077,18|31|16|2|14,0.0976|0.0711|0.0610|0.0568|0.0527,
unit_002296,HongKong,7,7,154.6,27,2.5188,0.0,0.0,0.5,22.426724,114.244492,27|22|16|31|14,0.0865|0.0859|0.0750|0.0600|0.0533,
unit_002297,HongKong,8,8,176.0,18,2.3654,0.0,0.0,0.5,22.423383,114.240656,18|14|10|23|3,0.1304|0.0533|0.0533|0.0446|0.0401,
unit_002298,HongKong,8,8,176.0,18,2.5506,0.0,0.0,0.5,22.42171,114.237454,18|16|14|31|21,0.1007|0.0698|0.0681|0.0646|0.0556,
unit_002299,HongKong,8,8,176.0,18,2.4278,0.0,0.0,0.5,22.418567,114.234202,18|14|16|2|21,0.1323|0.0824|0.0555|0.0542|0.0541,
unit_002300,HongKong,8,8,176.0,22,2.4523,0.0,0.0,0.5,22.414886,114.229619,22|16|18|31|21,0.1269|0.0798|0.0772|0.0581|0.0517,
unit_002301,HongKong,18,18,337.0,18,2.4083,0.0,0.0,0.5,22.413837,114.227827,18|14|16|2|10,0.1146|0.0727|0.0579|0.0561|0.0497,
unit_002302,HongKong,17,17,354.1,18,2.456,0.0,0.0,0.5,22.429285,114.248391,18|31|16|10|7,0.1268|0.0869|0.0778|0.0565|0.0471,
unit_002303,HongKong,19,27,402.6,18,2.3527,1e-05,0.0,0.5,22.406056,114.21754,18|10|31|3|23,0.1547|0.0627|0.0427|0.0404|0.0403,
unit_002304,HongKong,8,8,175.6,18,2.4807,0.0,0.0,0.5,22.408564,114.214733,18|16|7|10|3,0.1441|0.0692|0.0626|0.0530|0.0507,
unit_002305,HongKong,72,82,1302.6,1,2.4338,5e-05,0.0,0.5,22.382782,114.214669,1|21|31|16|7,0.1083|0.0874|0.0767|0.0695|0.0605,
unit_002306,HongKong,4,4,60.7,1,2.3983,0.0,0.0,0.5,22.381673,114.213399,1|21|3|10|31,0.0956|0.0861|0.0791|0.0494|0.0464,
unit_002307,HongKong,19,20,402.9,18,2.5012,2e-05,0.0,0.5,22.389553,114.193946,18|13|10|2|31,0.0863|0.0814|0.0709|0.0679|0.0646,
unit_002308,HongKong,5,6,100.1,13,2.3969,1e-05,0.06075,0.5152,22.391051,114.195708,13|18|16|31|2,0.1039|0.0860|0.0666|0.0628|0.0595,
unit_002309,HongKong,43,44,853.3,21,2.4769,0.0,0.06075,0.5152,22.391959,114.196924,21|1|3|10|18,0.0835|0.0700|0.0640|0.0639|0.0637,
unit_002310,HongKong,11,13,256.2,13,2.463,7e-05,0.0,0.5,22.391067,114.196307,13|18|10|31|16,0.0885|0.0782|0.0600|0.0594|0.0570,
unit_002311,HongKong,13,15,307.4,18,2.4728,7e-05,0.0,0.5,22.393833,114.199148,18|1|21|2|3,0.1130|0.0772|0.0765|0.0662|0.0579,
unit_002312,HongKong,13,13,264.9,22,2.5369,0.0,0.0,0.5,22.403075,114.205096,22|18|21|10|16,0.0827|0.0802|0.0639|0.0493|0.0479,
unit_002313,HongKong,8,8,177.5,22,2.5369,0.0,0.0,0.5,22.403126,114.20493,22|18|21|10|16,0.0827|0.0802|0.0639|0.0493|0.0479,
unit_002314,HongKong,7,7,102.8,3,2.475,0.0,0.27566,0.5685,22.404676,114.207445,3|1|31|27|16,0.0881|0.0811|0.0693|0.0445|0.0436,
unit_002315,HongKong,4,4,76.5,3,2.475,0.0,0.0,0.5,22.404631,114.20692,3|1|31|27|16,0.0881|0.0811|0.0693|0.0445|0.0436,
unit_002316,HongKong,17,25,367.1,21,2.4851,3e-05,0.0,0.5,22.405597,114.208367,21|16|7|18|31,0.1071|0.1064|0.0727|0.0640|0.0631,
unit_002317,HongKong,6,6,131.2,31,2.3886,0.0,0.0,0.5,22.407433,114.210917,31|21|22|7|3,0.1148|0.1066|0.0897|0.0775|0.0622,
unit_002318,HongKong,16,16,325.5,18,2.4278,0.0,0.0,0.5,22.41472,114.212854,18|21|2|7|16,0.1130|0.0950|0.0883|0.0658|0.0594,
unit_002320,HongKong,12,12,230.7,18,2.5619,0.0,0.0,0.5,22.40656,114.2217,18|21|31|7|3,0.0977|0.0897|0.0606|0.0592|0.0523,
unit_002321,HongKong,8,8,182.9,22,2.4523,0.0,0.0,0.5,22.41474,114.229738,22|16|18|31|21,0.1269|0.0798|0.0772|0.0581|0.0517,
unit_002322,HongKong,8,8,179.2,21,2.4134,0.0,0.0,0.5,22.421362,114.227313,21|1|3|18|31,0.1031|0.0958|0.0722|0.0616|0.0608,
unit_002323,HongKong,8,8,179.2,18,2.2565,0.0,0.0,0.5,22.419409,114.22661,18|1|3|2|21,0.1048|0.1001|0.0659|0.0604|0.0563,
unit_002324,HongKong,40,40,951.6,21,2.5286,0.0,0.0,0.5,22.445409,114.166873,21|2|1|23|31,0.0805|0.0802|0.0800|0.0570|0.0554,
unit_002325,HongKong,28,28,557.8,16,2.2635,0.0,0.0,0.5,22.470675,114.218941,16|31|7|22|21,0.1323|0.1006|0.0759|0.0660|0.0575,
unit_002326,HongKong,7,7,150.0,7,2.3642,0.0,0.0,0.5,22.472398,114.219447,7|13|1|3|31,0.1002|0.0503|0.0492|0.0403|0.0401,
unit_002327,HongKong,8,8,176.4,22,2.2595,0.0,0.0,0.5,22.471398,114.216954,22|16|21|7|27,0.1203|0.1043|0.0802|0.0636|0.0585,
unit_002328,HongKong,13,17,302.4,22,2.4471,4e-05,0.0,0.5,22.473416,114.214506,22|31|16|3|7,0.0987|0.0978|0.0889|0.0580|0.0532,
unit_002329,HongKong,24,24,381.8,22,2.3981,0.0,0.0,0.5,22.47232,114.212502,22|21|3|7|16,0.1009|0.0987|0.0751|0.0565|0.0540,
unit_002330,HongKong,36,36,698.4,7,2.4716,0.0,0.0,0.5,22.471556,114.222344,7|22|21|10|3,0.0910|0.0746|0.0719|0.0690|0.0549,
unit_002331,HongKong,22,22,408.0,22,2.3218,0.0,0.0,0.5,22.469805,114.233296,22|21|10|7|16,0.1164|0.1161|0.0690|0.0671|0.0571,
unit_002332,HongKong,34,38,659.6,22,2.36,1e-05,0.20304,0.5506,22.506803,114.241549,22|3|7|23|21,0.1218|0.0968|0.0904|0.0680|0.0537,
unit_002333,HongKong,8,8,177.3,22,2.3628,0.0,0.20304,0.5506,22.508211,114.239992,22|16|31|23|27,0.1373|0.0870|0.0748|0.0662|0.0629,
unit_002334,HongKong,8,8,177.3,22,2.3122,0.0,0.0,0.5,22.50985,114.237666,22|31|16|23|3,0.1192|0.0837|0.0760|0.0755|0.0400,
unit_002335,HongKong,50,56,1026.4,21,2.3566,5e-05,0.07318,0.5183,22.510328,114.234344,21|22|27|16|23,0.1122|0.0996|0.0830|0.0634|0.0517,
unit_002336,HongKong,36,64,768.2,27,2.2338,5e-05,0.129,0.5322,22.475683,114.236555,27|22|21|23|2,0.1213|0.0901|0.0863|0.0827|0.0672,
unit_002337,HongKong,13,23,315.2,22,2.4153,0.00013,0.129,0.5322,22.474896,114.237473,22|31|27|23|21,0.1429|0.0685|0.0627|0.0609|0.0608,
unit_002338,HongKong,8,8,175.3,22,2.2854,0.0,0.0,0.5,22.477474,114.237144,22|27|16|31|23,0.1286|0.1047|0.0867|0.0797|0.0649,
unit_002339,HongKong,21,24,500.8,22,2.3668,7e-05,0.0,0.5,22.479958,114.240246,22|27|23|21|31,0.1075|0.1061|0.0885|0.0613|0.0579,
unit_002340,HongKong,8,8,175.3,16,2.2339,0.0,0.0,0.5,22.482774,114.242914,16|22|21|23|27,0.0993|0.0921|0.0784|0.0766|0.0762,
unit_002341,HongKong,8,8,175.3,22,2.3308,0.0,0.0,0.5,22.484525,114.242975,22|21|23|16|27,0.1423|0.1318|0.0592|0.0461|0.0448,
unit_002342,HongKong,10,16,225.4,22,2.3002,2e-05,0.0,0.5,22.486524,114.243865,22|21|27|23|2,0.1192|0.1008|0.0872|0.0735|0.0388,
unit_002343,HongKong,10,16,225.4,22,2.3962,4e-05,0.0,0.5,22.488609,114.242452,22|21|27|23|31,0.1319|0.0997|0.0748|0.0644|0.0485,
unit_002344,HongKong,8,8,175.3,22,2.2957,0.0,0.0,0.5,22.492167,114.241901,22|21|3|23|7,0.1497|0.0996|0.0642|0.0637|0.0428,
unit_002345,HongKong,8,8,175.3,22,2.3692,0.0,0.0,0.5,22.494967,114.241271,22|3|27|21|23,0.1055|0.0751|0.0713|0.0575|0.0538,
unit_002346,HongKong,5,7,100.2,22,2.3623,0.0,0.05363,0.5134,22.496817,114.241217,22|21|23|31|2,0.1662|0.0953|0.0807|0.0443|0.0416,
unit_002348,HongKong,5,7,100.2,27,2.2585,0.0,0.05932,0.5148,22.49801,114.240619,27|23|2|22|14,0.1472|0.0903|0.0626|0.0586|0.0462,
unit_002349,HongKong,8,8,175.3,22,2.3458,0.0,0.0,0.5,22.499732,114.239509,22|23|31|16|27,0.0990|0.0966|0.0898|0.0871|0.0829,
unit_002350,HongKong,7,8,150.2,22,2.3485,0.0,0.05413,0.5135,22.501883,114.238858,22|23|31|2|3,0.0948|0.0923|0.0905|0.0632|0.0463,
unit_002351,HongKong,7,8,150.2,22,2.4408,0.0,0.05413,0.5135,22.502463,114.237427,22|31|16|21|23,0.1079|0.0858|0.0686|0.0664|0.0586,
unit_002352,HongKong,8,8,175.3,22,2.2829,0.0,0.0,0.5,22.503986,114.236009,22|21|23|27|2,0.1357|0.0852|0.0849|0.0701|0.0559,
unit_002353,HongKong,6,9,125.2,22,2.3405,2e-05,0.10161,0.5254,22.505769,114.234318,22|21|16|7|3,0.1369|0.1139|0.0818|0.0669|0.0599,
unit_002354,HongKong,14,25,325.5,22,2.3246,0.00013,0.0874,0.5218,22.507862,114.234009,22|21|27|23|2,0.1259|0.0984|0.0795|0.0568|0.0362,
unit_002355,HongKong,65,74,1305.9,3,2.3964,5e-05,0.0,0.5,22.472773,114.232296,3|7|1|31|16,0.0781|0.0683|0.0588|0.0552|0.0433,
unit_002356,HongKong,20,20,352.7,31,2.5284,0.0,0.0,0.5,22.448976,114.161933,31|1|3|7|23,0.0916|0.0593|0.0497|0.0468|0.0467,
unit_002357,HongKong,6,6,126.0,18,2.469,0.0,0.0,0.5,22.446978,114.154891,18|10|23|31|21,0.1174|0.0936|0.0805|0.0620|0.0536,
unit_002358,HongKong,10,10,226.7,22,2.3445,0.0,0.0,0.5,22.446704,114.152248,22|16|7|21|31,0.1407|0.0953|0.0622|0.0555|0.0481,
unit_002359,HongKong,8,8,176.4,22,2.3701,0.0,0.07359,0.5184,22.445059,114.150127,22|31|23|18|16,0.1228|0.0851|0.0683|0.0455|0.0417,
unit_002360,HongKong,8,9,176.4,22,2.3329,0.0,0.08815,0.522,22.444083,114.148712,22|16|23|31|7,0.1535|0.0724|0.0658|0.0589|0.0485,
unit_002361,HongKong,18,18,310.3,22,2.3521,0.0,0.10271,0.5257,22.442955,114.147727,22|3|23|7|27,0.0912|0.0803|0.0724|0.0693|0.0451,
unit_002362,HongKong,7,7,158.8,13,2.4068,0.0,0.0,0.5,22.447178,114.163523,13|31|22|23|7,0.0867|0.0822|0.0791|0.0774|0.0769,
unit_002363,HongKong,7,7,52.8,7,1.9613,0.0,0.0,0.5,22.447797,114.165863,7|1|23|13|22,0.0975|0.0959|0.0479|0.0449|0.0258,
unit_002364,HongKong,31,31,538.6,1,2.108,0.0,0.0,0.5,22.447665,114.169056,1|7|16|23|10,0.1185|0.0752|0.0499|0.0470|0.0351,
unit_002365,HongKong,3,3,52.1,31,2.3237,0.0,0.0,0.5,22.408988,114.211916,31|7|21|13|3,0.1019|0.0907|0.0904|0.0734|0.0538,
unit_002366,HongKong,7,7,156.2,31,2.3886,0.0,0.0,0.5,22.407345,114.211052,31|21|22|7|3,0.1148|0.1066|0.0897|0.0775|0.0622,
unit_002367,HongKong,18,27,395.4,16,2.4843,3e-05,0.27566,0.5685,22.405394,114.208521,16|21|7|18|31,0.1076|0.1074|0.0734|0.0644|0.0638,
unit_002368,HongKong,18,18,349.0,3,2.475,0.0,0.1991,0.5496,22.404387,114.207059,3|1|31|27|16,0.0881|0.0811|0.0693|0.0445|0.0436,
unit_002369,HongKong,3,3,55.1,3,2.475,0.0,0.27566,0.5685,22.404124,114.207823,3|1|31|27|16,0.0881|0.0811|0.0693|0.0445|0.0436,
unit_002370,HongKong,8,8,179.4,22,2.5369,0.0,0.0,0.5,22.402816,114.205089,22|18|21|10|16,0.0827|0.0802|0.0639|0.0493|0.0479,
unit_002371,HongKong,10,15,230.7,18,2.4448,3e-05,0.0,0.5,22.400832,114.203514,18|21|2|14|1,0.0834|0.0767|0.0738|0.0683|0.0682,
unit_002372,HongKong,20,20,405.6,22,2.3735,0.0,0.0,0.5,22.355952,114.209025,22|31|23|16|3,0.1511|0.0802|0.0679|0.0539|0.0506,
unit_002373,HongKong,4,4,76.3,14,1.4582,0.0,0.26592,0.5661,22.35751,114.209648,14|18|21|23|13,0.1473|0.0388|0.0336|0.0232|0.0049,
unit_002375,HongKong,8,8,178.0,22,2.3276,0.0,0.13995,0.5349,22.358877,114.209747,22|27|23|3|13,0.1123|0.0731|0.0507|0.0336|0.0331,
unit_002376,HongKong,7,8,152.6,14,1.4383,0.0,0.0,0.5,22.361109,114.210355,14|18|21|23|10,0.1529|0.0494|0.0335|0.0265|0.0083,
unit_002377,HongKong,11,11,254.3,22,2.2272,0.0,0.0,0.5,22.363023,114.209658,22|21|27|23|16,0.1419|0.0869|0.0532|0.0414|0.0386,
unit_002378,HongKong,22,28,431.8,22,2.3045,0.0,0.24832,0.5618,22.363944,114.212204,22|23|31|27|2,0.1091|0.1084|0.0887|0.0631|0.0485,
unit_002379,HongKong,34,34,647.4,21,2.3956,0.0,0.0,0.5,22.367432,114.174285,21|1|31|3|7,0.1078|0.0977|0.0838|0.0681|0.0508,
unit_002380,HongKong,11,11,178.9,1,2.3524,0.0,0.0,0.5,22.368284,114.177519,1|16|31|21|7,0.1068|0.0940|0.0912|0.0745|0.0677,
unit_002382,HongKong,34,40,605.5,1,2.5058,9e-05,0.0,0.5,22.379659,114.188169,1|21|31|3|27,0.0993|0.0593|0.0575|0.0562|0.0543,
unit_002384,HongKong,22,22,400.2,1,2.3783,0.0,0.0,0.5,22.382689,114.189306,1|3|2|7|16,0.1110|0.0574|0.0561|0.0552|0.0534,
unit_002385,HongKong,38,38,635.9,1,2.4223,0.0,0.0,0.5,22.382956,114.1918,1|3|16|31|7,0.1191|0.0753|0.0679|0.0673|0.0645,
unit_002386,HongKong,88,147,2055.3,1,2.4291,8e-05,0.13966,0.5348,22.384803,114.189416,1|10|16|13|3,0.0797|0.0747|0.0741|0.0662|0.0569,
unit_002387,HongKong,39,39,793.5,31,2.3885,0.0,0.06102,0.5153,22.38532,114.19387,31|1|10|3|16,0.0892|0.0806|0.0780|0.0716|0.0679,
unit_002388,HongKong,22,22,396.7,3,2.4812,0.0,0.06102,0.5153,22.386708,114.195452,3|1|31|10|7,0.1070|0.0688|0.0661|0.0633|0.0585,
unit_002389,HongKong,8,8,181.5,31,2.3714,0.0,0.0,0.5,22.388472,114.197172,31|3|1|21|7,0.0916|0.0877|0.0827|0.0658|0.0518,
unit_002390,HongKong,18,20,382.3,18,2.5066,2e-05,0.0,0.5,22.389337,114.193935,18|13|10|2|31,0.0858|0.0809|0.0705|0.0684|0.0631,
unit_002391,HongKong,15,25,317.8,13,2.3291,0.0,0.0,0.5,22.384817,114.189674,13|10|16|1|3,0.0834|0.0743|0.0718|0.0705|0.0585,
unit_002392,HongKong,12,22,268.8,18,2.4569,0.0,0.17721,0.5442,22.385051,114.189002,18|21|1|16|31,0.0939|0.0846|0.0828|0.0764|0.0732,
unit_002393,HongKong,28,35,535.1,1,2.4474,8e-05,0.06456,0.5161,22.385151,114.187499,1|16|3|21|7,0.1011|0.0740|0.0643|0.0633|0.0590,
unit_002394,HongKong,8,8,182.4,18,2.4855,0.0,0.0,0.5,22.394719,114.196578,18|21|1|31|3,0.1114|0.1006|0.0698|0.0594|0.0503,
unit_002395,HongKong,66,68,1247.2,1,2.531,6e-05,0.0,0.5,22.400474,114.201063,1|21|7|3|31,0.0898|0.0761|0.0657|0.0630|0.0501,
unit_002396,HongKong,7,7,151.0,23,2.3436,0.0,0.0,0.5,22.393199,114.19379,23|31|2|18|27,0.1148|0.0981|0.0741|0.0640|0.0617,
unit_002397,HongKong,15,18,352.3,31,2.4562,6e-05,0.0,0.5,22.39397,114.191788,31|21|23|16|22,0.1076|0.0780|0.0772|0.0649|0.0560,
unit_002398,HongKong,25,25,430.4,21,2.3258,0.0,0.0,0.5,22.393617,114.188068,21|7|31|13|1,0.0990|0.0783|0.0554|0.0520|0.0472,
unit_002401,HongKong,21,26,460.7,18,2.4531,6e-05,0.0,0.5,22.393486,114.199157,18|1|2|21|3,0.1288|0.0743|0.0709|0.0703|0.0567,
unit_002402,HongKong,11,13,258.8,13,2.4559,6e-05,0.0,0.5,22.390949,114.196284,13|18|31|10|16,0.0909|0.0794|0.0600|0.0596|0.0585,
unit_002403,HongKong,7,7,160.0,18,2.5551,0.0,0.0,0.5,22.390766,114.198965,18|21|27|2|7,0.1024|0.0845|0.0687|0.0620|0.0601,
unit_002404,HongKong,8,8,175.5,18,2.5551,0.0,0.0,0.5,22.390734,114.198886,18|21|27|2|7,0.1024|0.0845|0.0687|0.0620|0.0601,
unit_002405,HongKong,4,4,75.2,1,2.2933,0.0,0.0,0.5,22.387437,114.200797,1|21|3|31|10,0.1052|0.0675|0.0632|0.0563|0.0448,
unit_002406,HongKong,8,8,175.5,21,2.5131,0.0,0.0,0.5,22.38561,114.201614,21|18|31|22|1,0.1281|0.0946|0.0756|0.0521|0.0507,
unit_002407,HongKong,10,11,176.7,18,2.4065,0.0,0.05956,0.5149,22.392953,114.198642,18|2|1|21|3,0.1514|0.0769|0.0679|0.0584|0.0532,
unit_002408,HongKong,7,8,150.1,21,2.4857,0.0,0.05956,0.5149,22.394539,114.199341,21|1|18|3|2,0.0925|0.0853|0.0774|0.0618|0.0561,
unit_002409,HongKong,46,50,1136.7,1,2.3679,2e-05,0.0,0.5,22.376201,114.193219,1|16|31|21|7,0.1118|0.0868|0.0673|0.0617|0.0582,
unit_002410,HongKong,17,17,322.1,21,2.4938,0.0,0.0,0.5,22.376978,114.196131,21|1|7|27|2,0.1118|0.0805|0.0643|0.0616|0.0602,
unit_002411,HongKong,53,53,1137.8,1,2.3412,0.0,0.0,0.5,22.379087,114.19667,1|31|16|3|21,0.1046|0.0559|0.0472|0.0461|0.0339,
unit_002413,HongKong,43,43,823.9,1,2.3367,0.0,0.0,0.5,22.382389,114.197019,1|31|21|16|7,0.0957|0.0860|0.0839|0.0813|0.0661,
unit_002414,HongKong,24,26,509.4,7,2.3432,0.0,0.0,0.5,22.380466,114.199251,7|1|16|3|2,0.0894|0.0816|0.0771|0.0435|0.0423,
unit_002415,HongKong,47,48,606.3,1,2.4202,0.0,0.06807,0.517,22.380945,114.206973,1|31|21|10|7,0.1108|0.0776|0.0678|0.0606|0.0556,
unit_002416,HongKong,19,20,349.2,16,2.4183,1e-05,0.06807,0.517,22.381328,114.208372,16|1|2|18|21,0.0863|0.0752|0.0590|0.0541|0.0508,
unit_002417,HongKong,86,127,1676.7,1,2.559,8e-05,0.10471,0.5261,22.378569,114.204506,1|3|2|16|31,0.0844|0.0753|0.0720|0.0623|0.0614,
unit_002418,HongKong,30,30,618.1,21,2.5131,0.0,0.0,0.5,22.385373,114.202121,21|18|31|22|1,0.1281|0.0946|0.0756|0.0521|0.0507,
unit_002419,HongKong,27,31,428.3,1,2.3298,1e-05,0.0,0.5,22.389353,114.203602,1|31|18|10|3,0.0957|0.0927|0.0749|0.0650|0.0554,
unit_002420,HongKong,37,57,526.2,1,2.2923,5e-05,0.24547,0.561,22.38274,114.204686,1|7|16|21|31,0.0930|0.0661|0.0656|0.0603|0.0410,
unit_002422,HongKong,13,13,238.7,14,1.8865,0.0,0.24547,0.5611,22.383422,114.205661,14|16|21|27|31,0.0586|0.0212|0.0184|0.0180|0.0129,
unit_002423,HongKong,30,30,474.8,18,2.4278,0.0,0.22067,0.5549,22.414251,114.212234,18|21|2|7|16,0.1130|0.0950|0.0883|0.0658|0.0594,
unit_002424,HongKong,20,20,371.0,16,2.3277,0.0,0.0,0.5,22.413136,114.210712,16|21|10|1|7,0.1031|0.0848|0.0784|0.0605|0.0578,
unit_002425,HongKong,34,47,593.3,18,2.3881,1e-05,0.22067,0.5549,22.414312,114.213719,18|3|10|21|23,0.1135|0.0673|0.0606|0.0603|0.0480,
unit_002426,HongKong,8,8,177.0,22,2.5497,0.0,0.0,0.5,22.403246,114.203095,22|14|21|16|23,0.0706|0.0699|0.0613|0.0608|0.0568,
unit_002427,HongKong,6,6,126.4,22,2.5369,0.0,0.0,0.5,22.403492,114.204752,22|18|21|10|16,0.0827|0.0802|0.0639|0.0493|0.0479,
unit_002428,HongKong,26,29,318.9,16,2.4694,4e-05,0.0,0.5,22.406217,114.208444,16|21|7|31|18,0.1157|0.0968|0.0765|0.0683|0.0640,
unit_002429,HongKong,22,22,484.4,7,2.5613,0.0,0.0,0.5,22.414229,114.207222,7|27|22|16|21,0.0846|0.0810|0.0771|0.0707|0.0648,
unit_002432,HongKong,7,7,157.0,21,2.4142,0.0,0.0,0.5,22.417664,114.207109,21|7|22|10|27,0.1285|0.0817|0.0727|0.0590|0.0573,
unit_002433,HongKong,17,17,335.4,21,2.386,0.0,0.0,0.5,22.415457,114.210716,21|7|3|16|31,0.1117|0.1075|0.0711|0.0666|0.0576,
unit_002436,HongKong,40,40,802.5,27,2.3553,0.0,0.0,0.5,22.418645,114.208678,27|16|10|21|22,0.1152|0.0996|0.0564|0.0547|0.0539,
unit_002437,HongKong,39,52,732.3,23,2.4464,4e-05,0.0,0.5,22.41892,114.201117,23|31|2|7|21,0.1145|0.1014|0.0663|0.0623|0.0596,
unit_002438,HongKong,29,47,662.5,23,2.4405,0.00011,0.0,0.5,22.416799,114.204413,23|31|21|22|18,0.1073|0.0857|0.0698|0.0687|0.0577,
unit_002439,HongKong,3,3,54.3,21,2.4142,0.0,0.0,0.5,22.41854,114.207008,21|7|22|10|27,0.1285|0.0817|0.0727|0.0590|0.0573,
unit_002440,HongKong,7,7,157.0,21,2.4142,0.0,0.0,0.5,22.417664,114.207109,21|7|22|10|27,0.1285|0.0817|0.0727|0.0590|0.0573,
unit_002441,HongKong,15,15,190.4,16,2.4117,0.0,0.0,0.5,22.419857,114.204516,16|31|27|23|2,0.0776|0.0708|0.0636|0.0539|0.0342,
unit_002442,HongKong,27,29,416.3,21,2.186,0.0,0.24619,0.5612,22.420616,114.203443,21|22|27|16|2,0.1249|0.1066|0.0762|0.0319|0.0312,
unit_002443,HongKong,8,8,178.5,16,2.4117,0.0,0.42127,0.6038,22.420295,114.204841,16|31|27|23|2,0.0776|0.0708|0.0636|0.0539|0.0342,
unit_002444,HongKong,7,7,154.2,18,2.5562,0.0,0.0,0.5,22.423296,114.211081,18|2|31|16|21,0.0789|0.0713|0.0692|0.0552|0.0483,
unit_002445,HongKong,4,4,77.1,18,2.5601,0.0,0.0,0.5,22.424355,114.209705,18|31|16|21|27,0.0929|0.0829|0.0628|0.0588|0.0573,
unit_002446,HongKong,34,34,667.1,21,2.3675,0.0,0.0,0.5,22.42208,114.213913,21|3|1|7|27,0.1039|0.0976|0.0829|0.0646|0.0593,
unit_002447,HongKong,15,15,288.7,3,2.4009,0.0,0.0,0.5,22.419158,114.214121,3|21|1|10|18,0.1060|0.0922|0.0638|0.0507|0.0413,
unit_002448,HongKong,44,59,935.4,16,2.5141,7e-05,0.0,0.5,22.363754,114.165255,16|18|22|23|27,0.0984|0.0916|0.0693|0.0663|0.0612,
unit_002449,HongKong,8,8,180.5,16,2.3897,0.0,0.1396,0.5348,22.366135,114.16808,16|22|31|23|10,0.1079|0.0976|0.0889|0.0660|0.0504,
unit_002450,HongKong,19,19,353.4,22,2.513,0.0,0.1396,0.5348,22.366804,114.169552,22|23|21|27|31,0.1037|0.0869|0.0792|0.0647|0.0624,
unit_002451,HongKong,8,8,176.7,16,2.5197,0.0,0.0,0.5,22.37011,114.176459,16|7|14|18|31,0.0740|0.0643|0.0632|0.0626|0.0593,
unit_002452,HongKong,8,8,175.7,31,2.5409,0.0,0.0,0.5,22.370559,114.17398,31|1|22|16|18,0.0966|0.0813|0.0686|0.0635|0.0625,
unit_002453,HongKong,8,8,175.7,18,2.3479,0.0,0.0,0.5,22.37244,114.174742,18|21|14|10|31,0.1276|0.0760|0.0759|0.0524|0.0504,
unit_002454,HongKong,4,4,75.3,22,2.513,0.0,0.0,0.5,22.366261,114.169805,22|23|21|27|31,0.1037|0.0869|0.0792|0.0647|0.0624,
unit_002455,HongKong,7,7,150.6,16,2.3897,0.0,0.0,0.5,22.365668,114.168217,16|22|31|23|10,0.1079|0.0976|0.0889|0.0660|0.0504,
unit_002456,HongKong,11,14,251.0,16,2.5146,7e-05,0.0,0.5,22.363929,114.165356,16|18|22|23|27,0.0971|0.0921|0.0707|0.0672|0.0612,
unit_002457,HongKong,7,7,150.6,21,2.4487,0.0,0.0,0.5,22.358628,114.163056,21|3|2|16|23,0.0849|0.0717|0.0701|0.0676|0.0655,
unit_002458,HongKong,9,14,200.8,14,1.7203,0.0,0.0,0.5,22.356575,114.162117,14|18|23|21|2,0.1677|0.0604|0.0315|0.0292|0.0171,
unit_002459,HongKong,7,7,150.6,14,1.5671,0.0,0.0,0.5,22.354579,114.161054,14|18|21|23|16,0.1625|0.0695|0.0273|0.0253|0.0169,
unit_002460,HongKong,8,8,175.7,14,1.5341,0.0,0.0,0.5,22.35263,114.159706,14|18|23|21|16,0.1703|0.0622|0.0306|0.0258|0.0228,
unit_002461,HongKong,8,8,175.7,14,1.6629,0.0,0.0,0.5,22.3498,114.156499,14|18|16|23|2,0.1572|0.0633|0.0276|0.0270|0.0107,
unit_002462,HongKong,7,7,150.6,14,1.6021,0.0,0.0,0.5,22.348498,114.153996,14|18|16|23|31,0.1578|0.0699|0.0327|0.0266|0.0137,
unit_002463,HongKong,7,7,150.6,14,1.744,0.0,0.0,0.5,22.347759,114.151624,14|18|16|23|2,0.1601|0.0655|0.0417|0.0280|0.0178,
unit_002464,HongKong,8,8,175.7,14,1.6793,0.0,0.0,0.5,22.347002,114.148909,14|18|16|23|21,0.1582|0.0693|0.0384|0.0256|0.0177,
unit_002465,HongKong,15,16,351.5,18,2.5071,2e-05,0.0,0.5,22.344518,114.145572,18|16|21|2|23,0.1151|0.0782|0.0751|0.0586|0.0578,
unit_002466,HongKong,5,5,103.3,16,2.4146,0.0,0.0,0.5,22.377617,114.18047,16|1|3|2|7,0.0835|0.0617|0.0607|0.0468|0.0459,
unit_002467,HongKong,7,7,155.0,18,2.2929,0.0,0.0,0.5,22.377959,114.182761,18|2|16|1|14,0.1206|0.0971|0.0573|0.0566|0.0535,
unit_002468,HongKong,4,4,77.1,18,2.5601,0.0,0.0,0.5,22.424355,114.209705,18|31|16|21|27,0.0929|0.0829|0.0628|0.0588|0.0573,
unit_002469,HongKong,7,7,154.2,18,2.5562,0.0,0.0,0.5,22.423296,114.211081,18|2|31|16|21,0.0789|0.0713|0.0692|0.0552|0.0483,
unit_002470,HongKong,10,17,229.0,21,2.326,1e-05,0.0,0.5,22.423562,114.206279,21|31|22|7|16,0.1123|0.0984|0.0876|0.0731|0.0643,
unit_002471,HongKong,22,32,406.5,21,2.4235,2e-05,0.0711,0.5178,22.421837,114.20401,21|22|31|16|27,0.0901|0.0892|0.0861|0.0793|0.0681,
unit_002472,HongKong,32,46,558.6,22,2.3979,5e-05,0.0,0.5,22.531334,114.200635,22|7|3|21|31,0.1316|0.0866|0.0633|0.0499|0.0429,
unit_002473,HongKong,8,8,178.2,22,2.2985,0.0,0.0,0.5,22.529467,114.197795,22|31|3|16|7,0.1112|0.0979|0.0696|0.0607|0.0515,
unit_002474,HongKong,8,8,178.2,22,2.3888,0.0,0.0,0.5,22.528483,114.195981,22|3|31|10|1,0.0954|0.0795|0.0763|0.0697|0.0645,
unit_002475,HongKong,18,18,368.1,21,2.2639,0.0,0.14781,0.5369,22.526964,114.194668,21|22|10|23|16,0.1345|0.1232|0.0563|0.0549|0.0476,
unit_002476,HongKong,31,36,500.2,3,2.3875,0.0,0.06039,0.5151,22.513901,114.167338,3|21|7|31|16,0.1095|0.0879|0.0761|0.0722|0.0686,
unit_002477,HongKong,8,8,177.5,21,2.3961,0.0,0.0,0.5,22.516103,114.166457,21|13|7|3|22,0.1281|0.0910|0.0676|0.0593|0.0577,
unit_002478,HongKong,50,54,869.6,21,2.4466,4e-05,0.08485,0.5212,22.527976,114.15869,21|3|7|22|31,0.0815|0.0784|0.0747|0.0660|0.0657,
unit_002479,HongKong,56,64,1279.3,22,2.346,2e-05,0.0,0.5,22.554252,114.160233,22|3|7|10|31,0.1432|0.0608|0.0471|0.0356|0.0343,
unit_002480,HongKong,54,68,1379.4,22,2.442,8e-05,0.0,0.5,22.556623,114.162662,22|13|16|31|7,0.1032|0.0785|0.0609|0.0594|0.0494,
unit_002481,HongKong,14,25,327.9,22,2.4811,8e-05,0.0,0.5,22.50206,114.162742,22|13|7|31|3,0.0973|0.0961|0.0891|0.0873|0.0630,
unit_002482,HongKong,9,9,201.8,22,2.401,0.0,0.0,0.5,22.499585,114.159645,22|31|21|7|13,0.1222|0.0966|0.0628|0.0622|0.0544,
unit_002483,HongKong,30,30,611.3,22,2.3821,0.0,0.0,0.5,22.498708,114.157668,22|23|31|10|27,0.1103|0.0636|0.0626|0.0410|0.0393,
unit_002484,HongKong,40,42,607.6,23,2.2822,0.0,0.06562,0.5164,22.500908,114.170541,23|22|27|21|2,0.0946|0.0941|0.0756|0.0580|0.0536,
unit_002485,HongKong,8,8,182.5,13,2.3532,0.0,0.0,0.5,22.50294,114.167393,13|7|22|21|31,0.1047|0.0900|0.0782|0.0607|0.0422,
unit_002486,HongKong,7,7,156.4,22,2.496,0.0,0.12513,0.5312,22.505327,114.167736,22|27|13|7|21,0.1033|0.0767|0.0739|0.0727|0.0705,
unit_002487,HongKong,30,30,543.5,22,2.2202,0.0,0.12513,0.5312,22.506995,114.167874,22|13|31|27|7,0.0961|0.0902|0.0622|0.0436|0.0408,
unit_002488,HongKong,10,10,201.1,7,2.3948,0.0,0.0,0.5,22.426242,114.293234,7|22|27|21|3,0.1174|0.1021|0.0792|0.0777|0.0547,
unit_002489,HongKong,13,18,301.6,22,2.3679,0.0001,0.0,0.5,22.424633,114.292229,22|23|7|16|27,0.1312|0.0719|0.0663|0.0585|0.0555,
unit_002490,HongKong,13,22,301.6,22,2.3391,2e-05,0.16359,0.5408,22.423581,114.286589,22|27|16|21|23,0.1418|0.1038|0.0778|0.0728|0.0533,
unit_002491,HongKong,8,8,175.9,22,2.3203,0.0,0.16359,0.5408,22.422971,114.285234,22|23|31|27|18,0.1083|0.0782|0.0609|0.0517|0.0505,
unit_002492,HongKong,8,8,175.9,22,2.3779,0.0,0.0,0.5,22.421582,114.282022,22|27|23|31|7,0.1019|0.0774|0.0768|0.0626|0.0569,
unit_002493,HongKong,8,8,175.9,22,2.4089,0.0,0.0,0.5,22.420059,114.279986,22|23|16|7|27,0.1520|0.0767|0.0669|0.0557|0.0528,
unit_002494,HongKong,16,26,377.0,22,2.3869,8e-05,0.0,0.5,22.418394,114.27667,22|27|16|21|23,0.1259|0.0839|0.0651|0.0630|0.0556,
unit_002495,HongKong,8,8,175.9,22,2.2833,0.0,0.0,0.5,22.41499,114.275623,22|21|27|7|16,0.1411|0.0834|0.0644|0.0460|0.0385,
unit_002496,HongKong,8,8,175.8,22,2.5161,0.0,0.0,0.5,22.379018,114.212198,22|21|1|27|7,0.0902|0.0885|0.0810|0.0740|0.0531,
unit_002497,HongKong,9,9,200.9,23,2.4114,0.0,0.0,0.5,22.37904,114.217006,23|31|27|22|2,0.1060|0.0959|0.0638|0.0630|0.0614,
unit_002498,HongKong,30,30,512.9,22,2.5115,0.0,0.0,0.5,22.380026,114.219613,22|27|31|10|7,0.0928|0.0771|0.0724|0.0622|0.0612,
unit_002499,HongKong,7,7,157.6,22,2.5043,0.0,0.0,0.5,22.38025,114.210194,22|21|18|2|31,0.1141|0.1005|0.0873|0.0578|0.0517,
unit_002500,HongKong,26,29,465.1,2,2.585,7e-05,0.0,0.5,22.362801,114.170054,2|27|10|22|21,0.0702|0.0687|0.0652|0.0647|0.0595,
unit_002501,HongKong,9,9,155.9,1,2.4662,0.0,0.0,0.5,22.36198,114.17433,1|21|31|3|10,0.0917|0.0731|0.0679|0.0546|0.0448,
unit_002502,HongKong,34,52,505.0,1,2.4967,4e-05,0.0,0.5,22.366201,114.175335,1|7|31|21|16,0.0820|0.0779|0.0736|0.0682|0.0568,
unit_002506,HongKong,24,24,477.0,21,2.4212,0.0,0.0,0.5,22.36265,114.177851,21|16|31|23|22,0.1151|0.0881|0.0722|0.0548|0.0492,
unit_002507,HongKong,4,4,58.3,27,2.5546,0.0,0.0,0.5,22.361112,114.176438,27|18|21|22|16,0.0806|0.0777|0.0726|0.0682|0.0625,
unit_002508,HongKong,14,14,283.9,16,2.5197,0.0,0.0,0.5,22.369892,114.176525,16|7|14|18|31,0.0740|0.0643|0.0632|0.0626|0.0593,
unit_002509,HongKong,25,25,527.1,1,2.3449,0.0,0.0,0.5,22.371576,114.179051,1|2|3|18|21,0.1066|0.0761|0.0653|0.0584|0.0551,
unit_002510,HongKong,67,83,2003.0,1,2.4374,4e-05,0.0,0.5,22.372318,114.181999,1|21|31|3|10,0.1078|0.0920|0.0823|0.0796|0.0607,
unit_002511,HongKong,56,82,1133.9,1,2.5226,4e-05,0.0,0.5,22.375435,114.188113,1|21|31|3|10,0.0864|0.0783|0.0762|0.0738|0.0666,
unit_002513,HongKong,13,13,262.4,21,2.5015,0.0,0.0,0.5,22.369037,114.187113,21|1|31|22|27,0.1111|0.0685|0.0625|0.0516|0.0506,
unit_002514,HongKong,8,8,184.7,16,2.2388,0.0,0.0,0.5,22.371568,114.185405,16|27|21|31|22,0.1237|0.0853|0.0851|0.0772|0.0727,
unit_002515,HongKong,24,24,464.0,31,2.413,0.0,0.0,0.5,22.372856,114.187525,31|16|21|1|7,0.0959|0.0937|0.0848|0.0768|0.0740,
unit_002516,HongKong,20,20,384.5,31,2.4105,0.0,0.0,0.5,22.367905,114.182807,31|7|16|22|23,0.1040|0.0864|0.0853|0.0677|0.0526,
unit_002517,HongKong,11,11,207.4,16,2.4146,0.0,0.0,0.5,22.376812,114.180733,16|1|3|2|7,0.0835|0.0617|0.0607|0.0468|0.0459,
unit_002518,HongKong,29,29,394.8,1,2.4479,0.0,0.0,0.5,22.374878,114.179655,1|7|10|16|31,0.0877|0.0779|0.0691|0.0497|0.0470,
unit_002519,HongKong,35,35,598.7,7,2.2096,0.0,0.0,0.5,22.376067,114.1777,7|1|21|23|16,0.1089|0.1038|0.0584|0.0510|0.0338,
unit_002520,HongKong,49,49,765.5,21,2.5585,0.0,0.17463,0.5435,22.37726,114.17453,21|14|18|3|1,0.0793|0.0734|0.0573|0.0538|0.0531,
unit_002521,HongKong,26,28,506.5,23,2.4291,0.0,0.07855,0.5196,22.523897,114.215739,23|27|22|10|31,0.0850|0.0809|0.0792|0.0629|0.0576,
unit_002522,HongKong,15,16,352.8,22,2.3224,2e-05,0.0,0.5,22.525418,114.213896,22|31|16|3|23,0.1491|0.0801|0.0568|0.0476|0.0437,
unit_002523,HongKong,46,76,970.1,22,2.4071,8e-05,0.0,0.5,22.524485,114.210587,22|3|27|23|7,0.1567|0.0593|0.0542|0.0514|0.0471,
unit_002524,HongKong,12,16,256.4,7,2.4111,1e-05,0.07855,0.5196,22.522397,114.21597,7|3|23|27|21,0.1078|0.0579|0.0536|0.0533|0.0451,
unit_002525,HongKong,8,8,175.5,22,2.3544,0.0,0.0,0.5,22.524522,114.217983,22|31|16|3|10,0.0945|0.0822|0.0775|0.0686|0.0561,
unit_002526,HongKong,6,8,125.3,22,2.2921,0.0,0.10151,0.5254,22.523427,114.220129,22|16|31|7|23,0.1763|0.0780|0.0727|0.0659|0.0568,
unit_002527,HongKong,12,16,275.8,27,2.3717,1e-05,0.10151,0.5254,22.522305,114.221824,27|23|22|31|16,0.1015|0.0932|0.0815|0.0800|0.0675,
unit_002528,HongKong,16,24,376.0,22,2.3872,6e-05,0.0,0.5,22.520157,114.227288,22|27|16|23|21,0.1284|0.1082|0.0795|0.0505|0.0445,
unit_002529,HongKong,10,15,225.6,22,2.3429,8e-05,0.0,0.5,22.516527,114.230603,22|27|23|21|2,0.1117|0.0908|0.0812|0.0809|0.0467,
unit_002530,HongKong,12,16,275.8,22,2.3278,0.00011,0.0,0.5,22.513474,114.233218,22|27|23|21|31,0.1011|0.0963|0.0849|0.0682|0.0636,
unit_002531,HongKong,56,58,1074.1,22,2.1166,2e-05,0.0,0.5,22.521649,114.207939,22|3|21|7|13,0.1424|0.0608|0.0475|0.0468|0.0291,
unit_002532,HongKong,8,8,175.3,18,2.4278,0.0,0.0,0.5,22.41861,114.234089,18|14|16|2|21,0.1323|0.0824|0.0555|0.0542|0.0541,
unit_002533,HongKong,8,8,175.3,1,2.3633,0.0,0.0,0.5,22.419966,114.229481,1|21|3|31|10,0.1024|0.1011|0.0706|0.0703|0.0645,
unit_002534,HongKong,7,7,150.3,1,2.4369,0.0,0.0,0.5,22.418059,114.230665,1|31|3|21|10,0.1038|0.0854|0.0801|0.0416|0.0413,
unit_002535,HongKong,8,8,178.5,16,2.4117,0.0,0.42127,0.6038,22.420295,114.204841,16|31|27|23|2,0.0776|0.0708|0.0636|0.0539|0.0342,
unit_002536,HongKong,7,7,150.1,16,2.4146,0.0,0.0,0.5,22.37738,114.180541,16|1|3|2|7,0.0835|0.0617|0.0607|0.0468|0.0459,
unit_002537,HongKong,72,72,1321.0,18,2.2929,0.0,0.0,0.5,22.377931,114.182559,18|2|16|1|14,0.1206|0.0971|0.0573|0.0566|0.0535,
unit_002538,HongKong,14,14,278.6,18,2.4446,0.0,0.0,0.5,22.378859,114.178405,18|10|21|31|14,0.1454|0.0691|0.0571|0.0510|0.0435,
unit_002539,HongKong,70,70,1009.6,18,2.3479,0.0,0.0,0.5,22.372792,114.174299,18|21|14|10|31,0.1276|0.0760|0.0759|0.0524|0.0504,
unit_002540,HongKong,22,22,417.9,21,2.4165,0.0,0.0,0.5,22.455863,114.179884,21|22|3|16|7,0.1483|0.0583|0.0550|0.0526|0.0512,
unit_002541,HongKong,38,38,726.0,31,2.334,0.0,0.0,0.5,22.453964,114.187928,31|16|7|1|13,0.1091|0.0908|0.0893|0.0639|0.0552,
unit_002542,HongKong,44,50,946.8,21,2.5161,5e-05,0.0,0.5,22.387449,114.210855,21|18|3|22|14,0.1300|0.0832|0.0505|0.0482|0.0479,
unit_002543,HongKong,12,12,169.0,1,2.3478,0.0,0.0,0.5,22.397117,114.197227,1|7|16|23|31,0.1216|0.1023|0.0575|0.0492|0.0456,
unit_002545,HongKong,38,38,655.6,21,2.4626,0.0,0.0,0.5,22.411679,114.213222,21|3|1|22|31,0.1168|0.1030|0.0633|0.0514|0.0508,
unit_002546,HongKong,8,8,175.7,31,2.3237,0.0,0.0,0.5,22.40887,114.212716,31|7|21|13|3,0.1019|0.0907|0.0904|0.0734|0.0538,
unit_002547,HongKong,8,8,175.7,31,2.3886,0.0,0.0,0.5,22.407158,114.21127,31|21|22|7|3,0.1148|0.1066|0.0897|0.0775|0.0622,
unit_002548,HongKong,36,36,627.8,18,2.5619,0.0,0.0,0.5,22.406802,114.221792,18|21|31|7|3,0.0977|0.0897|0.0606|0.0592|0.0523,
unit_002549,HongKong,5,6,100.5,13,2.4842,0.0,0.08323,0.5208,22.409022,114.22384,13|21|3|1|31,0.1104|0.0848|0.0767|0.0723|0.0558,
unit_002550,HongKong,7,9,150.7,18,2.3574,1e-05,0.0991,0.5248,22.410363,114.223975,18|21|1|3|31,0.1452|0.0817|0.0805|0.0638|0.0598,
unit_002551,HongKong,3,3,50.2,2,2.4634,0.0,0.11497,0.5287,22.411494,114.223969,2|18|21|1|13,0.0997|0.0990|0.0779|0.0702|0.0560,
unit_002552,HongKong,13,13,209.8,1,2.3431,0.0,0.0,0.5,22.414059,114.224285,1|21|2|3|18,0.0970|0.0885|0.0752|0.0707|0.0648,
unit_002553,HongKong,20,20,374.5,21,2.3916,0.0,0.0,0.5,22.409538,114.222446,21|1|3|16|7,0.1226|0.0941|0.0851|0.0674|0.0564,
unit_002554,HongKong,11,11,209.5,18,2.333,0.0,0.08944,0.5223,22.410611,114.22362,18|21|1|3|31,0.1491|0.0794|0.0789|0.0611|0.0585,
unit_002555,HongKong,7,7,151.4,2,2.4634,0.0,0.11497,0.5287,22.411829,114.224493,2|18|21|1|13,0.0997|0.0990|0.0779|0.0702|0.0560,
unit_002556,HongKong,22,22,430.7,1,2.3436,0.0,0.0,0.5,22.415086,114.226302,1|3|31|16|22,0.1076|0.1000|0.0750|0.0412|0.0373,
unit_002557,HongKong,7,7,158.6,1,2.3431,0.0,0.0,0.5,22.414008,114.224606,1|21|2|3|18,0.0970|0.0885|0.0752|0.0707|0.0648,
unit_002558,HongKong,15,16,314.5,18,2.4633,0.0,0.09601,0.524,22.411616,114.224581,18|2|21|1|13,0.1001|0.0993|0.0783|0.0706|0.0561,
unit_002559,HongKong,8,8,68.0,2,2.4634,0.0,0.0,0.5,22.412367,114.224556,2|18|21|1|13,0.0997|0.0990|0.0779|0.0702|0.0560,
unit_002560,HongKong,15,19,285.1,18,2.3397,0.0,0.09032,0.5226,22.410318,114.224105,18|21|1|3|31,0.1487|0.0803|0.0796|0.0618|0.0589,
unit_002561,HongKong,4,5,76.0,18,2.3405,0.0,0.10216,0.5255,22.410242,114.224592,18|21|1|3|31,0.1482|0.0805|0.0798|0.0624|0.0591,
unit_002562,HongKong,12,16,238.9,13,2.4894,1e-05,0.10044,0.5251,22.40911,114.224121,13|21|3|1|31,0.1096|0.0862|0.0776|0.0741|0.0571,
unit_002563,HongKong,6,6,131.8,1,2.3431,0.0,0.0,0.5,22.413879,114.224775,1|21|2|3|18,0.0970|0.0885|0.0752|0.0707|0.0648,
unit_002564,HongKong,12,14,195.6,31,2.3742,0.0,0.14066,0.5351,22.414896,114.22296,31|1|16|21|7,0.0997|0.0924|0.0745|0.0588|0.0514,
unit_002565,HongKong,61,61,906.9,1,2.2377,0.0,0.10118,0.5253,22.424188,114.229716,1|18|2|31|3,0.1228|0.0625|0.0606|0.0582|0.0572,
unit_002566,HongKong,44,44,764.2,1,2.4309,0.0,0.0,0.5,22.426636,114.239183,1|16|31|21|3,0.1030|0.0865|0.0822|0.0808|0.0732,
unit_002568,HongKong,8,9,186.3,31,2.4595,1e-05,0.1285,0.5321,22.430635,114.241009,31|1|10|3|16,0.1029|0.0998|0.0732|0.0672|0.0633,
unit_002569,HongKong,10,10,176.6,18,2.4504,0.0,0.0,0.5,22.4296,114.2437,18|31|16|2|14,0.0976|0.0711|0.0610|0.0568|0.0527,
unit_002570,HongKong,25,25,442.0,1,2.3116,0.0,0.0,0.5,22.427917,114.243008,1|31|16|10|3,0.1101|0.0883|0.0643|0.0572|0.0536,
unit_002571,HongKong,26,26,613.3,1,2.3744,0.0,0.0,0.5,22.422892,114.233317,1|16|21|3|7,0.1044|0.0785|0.0759|0.0593|0.0479,
unit_002572,HongKong,10,10,181.8,1,2.534,0.0,0.10118,0.5253,22.423193,114.228351,1|2|3|31|21,0.0914|0.0736|0.0680|0.0651|0.0583,
unit_002573,HongKong,11,12,183.8,21,2.3162,0.0,0.07037,0.5176,22.449635,114.166984,21|1|31|16|3,0.1101|0.0918|0.0602|0.0493|0.0388,
unit_002574,HongKong,10,10,96.6,1,2.2853,0.0,0.0,0.5,22.449371,114.164078,1|23|7|13|21,0.1100|0.0532|0.0481|0.0437|0.0436,
unit_002575,HongKong,40,40,700.7,1,2.2578,0.0,0.0,0.5,22.446694,114.172075,1|31|3|16|10,0.0909|0.0604|0.0553|0.0534|0.0421,
unit_002576,HongKong,28,28,375.6,1,2.3908,0.0,0.0,0.5,22.443149,114.169691,1|3|31|16|7,0.1047|0.0877|0.0870|0.0659|0.0553,
unit_002577,HongKong,3,3,50.4,27,2.4696,0.0,0.0,0.5,22.434809,114.167754,27|23|18|3|10,0.0904|0.0695|0.0615|0.0604|0.0588,
unit_002578,HongKong,8,8,176.5,31,2.5764,0.0,0.0,0.5,22.440262,114.168886,31|7|22|10|23,0.0984|0.0676|0.0663|0.0631|0.0564,
unit_002579,HongKong,44,52,948.9,31,2.4613,6e-05,0.0,0.5,22.441981,114.165444,31|3|1|21|27,0.0972|0.0962|0.0938|0.0911|0.0474,
unit_002580,HongKong,3,3,61.2,18,2.4427,0.0,0.0,0.5,22.399045,114.202588,18|3|1|2|21,0.1114|0.0829|0.0653|0.0614|0.0589,
unit_002581,HongKong,17,20,391.7,18,2.4732,4e-05,0.0,0.5,22.398193,114.201884,18|2|3|21|1,0.1078|0.0769|0.0658|0.0628|0.0598,
unit_002582,HongKong,12,20,226.6,18,2.586,3e-05,0.07468,0.5187,22.360062,114.176122,18|27|22|21|23,0.0879|0.0654|0.0644|0.0632|0.0606,
unit_002583,HongKong,7,8,155.8,3,2.4691,0.0,0.073,0.5182,22.358955,114.174741,3|1|16|23|18,0.0925|0.0701|0.0623|0.0599|0.0582,
unit_002584,HongKong,7,8,166.1,3,2.4682,0.0,0.07636,0.5191,22.358791,114.174864,3|1|16|23|18,0.0925|0.0700|0.0622|0.0598|0.0580,
unit_002585,HongKong,17,23,360.5,18,2.5109,5e-05,0.0758,0.5189,22.363106,114.179546,18|22|21|3|23,0.1068|0.0767|0.0607|0.0586|0.0574,
unit_002586,HongKong,81,94,1615.1,21,2.5279,4e-05,0.0,0.5,22.364785,114.181477,21|31|3|18|22,0.0866|0.0829|0.0787|0.0754|0.0704,
unit_002587,HongKong,27,27,428.4,21,2.5788,0.0,0.0,0.5,22.370778,114.189176,21|18|3|1|22,0.0935|0.0905|0.0662|0.0657|0.0560,
unit_002588,HongKong,28,28,576.1,16,2.5286,3e-05,0.0,0.5,22.366398,114.184993,16|22|18|27|21,0.0861|0.0764|0.0764|0.0749|0.0605,
unit_002589,HongKong,6,6,105.8,18,2.5125,0.0,0.0,0.5,22.363777,114.179126,18|22|3|21|1,0.1025|0.0670|0.0625|0.0573|0.0568,
unit_002591,HongKong,14,14,280.0,21,2.5788,0.0,0.0,0.5,22.371197,114.189209,21|18|3|1|22,0.0935|0.0905|0.0662|0.0657|0.0560,
unit_002592,HongKong,3,3,50.9,18,2.5048,0.0,0.0,0.5,22.372803,114.190489,18|21|22|31|27,0.1184|0.0916|0.0687|0.0496|0.0490,
unit_002593,HongKong,8,8,178.3,22,2.3963,0.0,0.0,0.5,22.373457,114.191822,22|16|27|31|23,0.0904|0.0838|0.0696|0.0695|0.0600,
unit_002594,HongKong,8,8,178.3,16,2.5065,0.0,0.0,0.5,22.374525,114.195569,16|18|31|23|22,0.1047|0.0964|0.0815|0.0575|0.0498,
unit_002595,HongKong,8,8,177.4,18,2.5048,0.0,0.0,0.5,22.373334,114.189845,18|21|22|31|27,0.1184|0.0916|0.0687|0.0496|0.0490,
unit_002596,HongKong,52,52,758.9,1,2.3223,0.0,0.0,0.5,22.380855,114.194284,1|21|16|31|3,0.0949|0.0918|0.0878|0.0723|0.0591,
unit_002597,HongKong,12,12,237.2,18,2.2796,0.0,0.0,0.5,22.377904,114.201232,18|1|2|3|16,0.0960|0.0717|0.0682|0.0656|0.0653,
unit_002599,HongKong,12,13,233.9,18,2.4395,0.0,0.2248,0.556,22.380589,114.200461,18|21|2|1|22,0.1067|0.0995|0.0727|0.0557|0.0487,
unit_002600,HongKong,9,9,152.7,1,2.2787,0.0,0.0,0.5,22.383572,114.201356,1|21|31|3|10,0.1060|0.1042|0.0680|0.0645|0.0499,
unit_002601,HongKong,13,13,263.5,18,2.4322,0.0,0.0,0.5,22.380591,114.200599,18|21|2|1|22,0.1076|0.0994|0.0724|0.0544|0.0488,
unit_002602,HongKong,7,7,152.5,16,2.5065,0.0,0.0,0.5,22.374381,114.195551,16|18|31|23|22,0.1047|0.0964|0.0815|0.0575|0.0498,
unit_002603,HongKong,8,8,177.9,22,2.3963,0.0,0.0,0.5,22.373306,114.191931,22|16|27|31|23,0.0904|0.0838|0.0696|0.0695|0.0600,
unit_002604,HongKong,15,15,311.9,18,2.2796,0.0,0.0,0.5,22.377735,114.201154,18|1|2|3|16,0.0960|0.0717|0.0682|0.0656|0.0653,
unit_002605,HongKong,18,35,381.5,1,2.5475,4e-05,0.05523,0.5138,22.378369,114.204016,1|3|31|2|16,0.0824|0.0759|0.0732|0.0690|0.0689,
unit_002606,HongKong,6,7,130.2,1,2.4325,0.0,0.05523,0.5138,22.37931,114.205629,1|2|31|18|3,0.0909|0.0797|0.0666|0.0652|0.0582,
unit_002608,HongKong,10,10,180.7,16,2.4134,0.0,0.0,0.5,22.381139,114.208411,16|1|2|18|21,0.0868|0.0735|0.0592|0.0545|0.0499,
unit_002609,HongKong,18,29,375.3,1,2.5319,4e-05,0.0,0.5,22.378561,114.204594,1|31|2|3|16,0.0832|0.0712|0.0698|0.0690|0.0600,
unit_002610,HongKong,8,8,180.2,18,2.2796,0.0,0.0,0.5,22.377518,114.2011,18|1|2|3|16,0.0960|0.0717|0.0682|0.0656|0.0653,
unit_002611,HongKong,14,20,282.1,21,2.5004,3e-05,0.05448,0.5136,22.387323,114.211023,21|18|3|22|1,0.1400|0.0803|0.0551|0.0549|0.0515,
unit_002612,HongKong,11,15,251.2,23,2.5418,2e-05,0.0,0.5,22.378007,114.211322,23|2|21|18|16,0.0867|0.0721|0.0699|0.0677|0.0674,
unit_002613,HongKong,7,7,150.7,14,1.6096,0.0,0.0,0.5,22.375296,114.213621,14|18|23|21|31,0.1540|0.0414|0.0298|0.0292|0.0115,
unit_002614,HongKong,8,8,175.9,14,1.5484,0.0,0.0,0.5,22.373206,114.214024,14|21|18|23|10,0.1410|0.0438|0.0317|0.0189|0.0076,
unit_002615,HongKong,7,7,150.7,14,1.4685,0.0,0.0,0.5,22.370651,114.2136,14|18|21|23|13,0.1570|0.0460|0.0374|0.0287|0.0056,
unit_002616,HongKong,7,7,150.7,14,1.4586,0.0,0.0,0.5,22.368676,114.213105,14|18|21|23|10,0.1562|0.0442|0.0378|0.0252|0.0063,
unit_002617,HongKong,6,8,125.6,14,1.7466,2e-05,0.35086,0.5868,22.365053,114.212197,14|18|21|23|31,0.1640|0.0463|0.0357|0.0313|0.0128,
unit_002618,HongKong,5,7,100.5,22,2.3154,0.0,0.35086,0.5868,22.363846,114.211894,22|23|31|27|2,0.1087|0.1085|0.0885|0.0628|0.0482,
unit_002619,HongKong,9,15,201.0,14,1.4904,0.0,0.0,0.5,22.361211,114.211233,14|18|21|23|10,0.1604|0.0464|0.0335|0.0288|0.0102,
unit_002620,HongKong,8,8,175.9,14,1.4582,0.0,0.0,0.5,22.357369,114.21027,14|18|21|23|13,0.1473|0.0388|0.0336|0.0232|0.0049,
unit_002622,HongKong,8,8,175.9,14,1.4699,0.0,0.0,0.5,22.352758,114.209114,14|18|21|23|31,0.1606|0.0414|0.0362|0.0235|0.0080,
unit_002623,HongKong,21,29,502.5,14,1.5762,0.0,0.0,0.5,22.349366,114.208226,14|18|21|23|10,0.1601|0.0459|0.0373|0.0255|0.0092,
unit_002624,HongKong,15,15,322.4,22,2.5043,0.0,0.0,0.5,22.380563,114.210053,22|21|18|2|31,0.1141|0.1005|0.0873|0.0578|0.0517,
unit_002625,HongKong,12,12,233.1,16,2.4134,0.0,0.0,0.5,22.380934,114.20839,16|1|2|18|21,0.0868|0.0735|0.0592|0.0545|0.0499,
unit_002626,HongKong,7,7,155.5,21,2.4441,0.0,0.05378,0.5134,22.385574,114.210827,21|18|14|7|2,0.1217|0.0767|0.0672|0.0645|0.0521,
unit_002627,HongKong,41,41,608.6,1,2.5422,0.0,0.0,0.5,22.3833,114.209762,1|16|3|31|10,0.0738|0.0680|0.0645|0.0540|0.0447,
unit_002628,HongKong,7,7,150.7,21,2.4441,0.0,0.05518,0.5138,22.385643,114.210713,21|18|14|7|2,0.1217|0.0767|0.0672|0.0645|0.0521,
unit_002630,HongKong,30,38,643.8,21,2.5024,6e-05,0.05611,0.514,22.386523,114.211099,21|18|14|7|16,0.1315|0.0786|0.0542|0.0522|0.0479,
unit_002631,HongKong,6,6,127.4,21,2.4441,0.0,0.05611,0.514,22.385603,114.211199,21|18|14|7|2,0.1217|0.0767|0.0672|0.0645|0.0521,
unit_002632,HongKong,7,7,155.2,22,2.5043,0.0,0.0,0.5,22.380668,114.210272,22|21|18|2|31,0.1141|0.1005|0.0873|0.0578|0.0517,
unit_002633,HongKong,8,9,180.9,1,2.4498,0.0,0.10471,0.5262,22.379468,114.205521,1|2|31|18|3,0.0917|0.0800|0.0672|0.0658|0.0598,
unit_002634,HongKong,8,8,180.5,22,2.5043,0.0,0.0,0.5,22.380481,114.209758,22|21|18|2|31,0.1141|0.1005|0.0873|0.0578|0.0517,
unit_002635,HongKong,6,6,130.9,22,2.5043,0.0,0.0,0.5,22.38055,114.210531,22|21|18|2|31,0.1141|0.1005|0.0873|0.0578|0.0517,
unit_002636,HongKong,8,8,178.8,18,2.5048,0.0,0.0,0.5,22.373339,114.189958,18|21|22|31|27,0.1184|0.0916|0.0687|0.0496|0.0490,
unit_002637,HongKong,8,8,178.9,21,2.5131,0.0,0.0,0.5,22.385564,114.201535,21|18|31|22|1,0.1281|0.0946|0.0756|0.0521|0.0507,
unit_002638,HongKong,5,5,102.2,1,2.2933,0.0,0.0,0.5,22.38733,114.200772,1|21|3|31|10,0.1052|0.0675|0.0632|0.0563|0.0448,
unit_002639,HongKong,8,8,178.9,18,2.5551,0.0,0.0,0.5,22.39077,114.198717,18|21|27|2|7,0.1024|0.0845|0.0687|0.0620|0.0601,
unit_002640,HongKong,7,7,150.9,21,2.5131,0.0,0.0,0.5,22.385441,114.201413,21|18|31|22|1,0.1281|0.0946|0.0756|0.0521|0.0507,
unit_002641,HongKong,43,44,710.1,1,2.2935,0.0,0.09559,0.5239,22.387018,114.200291,1|21|3|31|10,0.1052|0.0675|0.0632|0.0563|0.0448,
unit_002642,HongKong,6,6,129.9,1,2.2787,0.0,0.0,0.5,22.383576,114.201467,1|21|31|3|10,0.1060|0.1042|0.0680|0.0645|0.0499,
unit_002643,HongKong,7,7,163.2,21,2.5131,0.0,0.0,0.5,22.385569,114.201734,21|18|31|22|1,0.1281|0.0946|0.0756|0.0521|0.0507,
unit_002644,HongKong,11,15,254.1,21,2.4976,0.00011,0.0,0.5,22.384674,114.198041,21|1|3|31|16,0.0840|0.0806|0.0690|0.0660|0.0584,
unit_002645,HongKong,7,8,156.5,18,2.2883,1e-05,0.0867,0.5217,22.387976,114.199088,18|1|10|31|21,0.1139|0.0903|0.0702|0.0640|0.0470,
unit_002646,HongKong,10,10,139.5,7,2.1932,0.0,0.0,0.5,22.455573,114.15933,7|1|3|22|27,0.1273|0.0640|0.0500|0.0450|0.0399,
unit_002647,HongKong,28,28,439.0,1,2.3498,0.0,0.0,0.5,22.452085,114.163857,1|16|7|13|3,0.1172|0.0792|0.0572|0.0527|0.0465,
unit_002648,HongKong,8,8,179.2,31,2.3624,0.0,0.0,0.5,22.453265,114.160075,31|1|16|3|7,0.1160|0.0882|0.0658|0.0570|0.0500,
unit_002649,HongKong,3,3,51.5,7,2.369,0.0,0.0,0.5,22.451415,114.158402,7|1|3|31|21,0.1071|0.0665|0.0604|0.0584|0.0497,
unit_002650,HongKong,7,7,155.4,31,2.4819,0.0,0.0,0.5,22.45165,114.16003,31|1|27|10|7,0.0958|0.0950|0.0632|0.0584|0.0562,
unit_002651,HongKong,14,14,177.3,1,2.2853,0.0,0.0,0.5,22.450345,114.163985,1|23|7|13|21,0.1100|0.0532|0.0481|0.0437|0.0436,
unit_002652,HongKong,49,53,865.3,1,2.4412,1e-05,0.07806,0.5195,22.455476,114.165897,1|31|3|16|21,0.1145|0.0987|0.0849|0.0626|0.0560,
unit_002653,HongKong,8,8,181.7,31,2.3624,0.0,0.0,0.5,22.453396,114.16019,31|1|16|3|7,0.1160|0.0882|0.0658|0.0570|0.0500,
unit_002654,HongKong,8,8,179.7,16,2.483,0.0,0.0,0.5,22.449948,114.155802,16|31|18|22|2,0.0973|0.0874|0.0861|0.0842|0.0646,
unit_002656,HongKong,8,8,178.4,16,2.483,0.0,0.0,0.5,22.450098,114.15574,16|31|18|22|2,0.0973|0.0874|0.0861|0.0842|0.0646,
unit_002657,HongKong,5,5,101.9,18,2.3744,0.0,0.0,0.5,22.451318,114.154011,18|21|23|22|2,0.1047|0.0971|0.0823|0.0775|0.0643,
unit_002658,HongKong,7,7,152.9,18,2.4631,0.0,0.0,0.5,22.452198,114.152264,18|10|3|23|21,0.1177|0.0885|0.0738|0.0702|0.0674,
unit_002659,HongKong,3,3,51.0,18,2.5492,0.0,0.0,0.5,22.453556,114.151297,18|21|3|23|10,0.1031|0.0836|0.0706|0.0599|0.0548,
unit_002660,HongKong,7,7,155.4,31,2.4819,0.0,0.0,0.5,22.45165,114.16003,31|1|27|10|7,0.0958|0.0950|0.0632|0.0584|0.0562,
unit_002661,HongKong,28,34,583.7,16,2.381,1e-05,0.0,0.5,22.453947,114.15597,16|31|7|27|3,0.0901|0.0888|0.0680|0.0573|0.0545,
unit_002662,HongKong,9,9,154.9,31,2.2,0.0,0.0,0.5,22.451127,114.173428,31|3|16|22|1,0.1080|0.0803|0.0734|0.0562|0.0539,
unit_002663,HongKong,10,10,182.0,31,2.1905,0.0,0.0,0.5,22.451134,114.170957,31|3|1|16|18,0.1109|0.0814|0.0707|0.0572|0.0445,
unit_002664,HongKong,35,35,543.1,31,2.276,0.0,0.0,0.5,22.45432,114.172472,31|1|3|16|18,0.1185|0.1066|0.0684|0.0610|0.0385,
unit_002665,HongKong,8,8,184.5,1,2.3648,0.0,0.0,0.5,22.45298,114.171351,1|21|7|2|14,0.0948|0.0694|0.0634|0.0564|0.0432,
unit_002666,HongKong,8,8,175.5,31,2.1905,0.0,0.0,0.5,22.451012,114.170887,31|3|1|16|18,0.1109|0.0814|0.0707|0.0572|0.0445,
unit_002667,HongKong,46,48,690.3,1,2.3871,0.0,0.07209,0.518,22.451324,114.167332,1|21|31|3|23,0.0964|0.0915|0.0749|0.0726|0.0510,
unit_002668,HongKong,40,64,680.1,1,2.522,6e-05,0.0,0.5,22.461287,114.172155,1|16|31|21|10,0.0760|0.0759|0.0682|0.0615|0.0565,
unit_002669,HongKong,20,20,308.0,1,2.1582,0.0,0.0,0.5,22.454006,114.16458,1|7|21|23|16,0.1279|0.0871|0.0700|0.0526|0.0408,
unit_002670,HongKong,32,32,538.8,1,2.3586,0.0,0.0,0.5,22.452947,114.165792,1|21|3|31|7,0.1074|0.0876|0.0696|0.0577|0.0448,
unit_002673,HongKong,22,22,376.9,1,2.4137,0.0,0.0,0.5,22.456422,114.169538,1|31|3|21|10,0.1150|0.0889|0.0868|0.0590|0.0495,
unit_002674,HongKong,32,32,577.5,1,2.441,0.0,0.0,0.5,22.458112,114.168547,1|31|21|16|7,0.1091|0.0873|0.0636|0.0630|0.0577,
unit_002677,HongKong,8,8,184.0,31,2.2,0.0,0.0,0.5,22.451012,114.173535,31|3|16|22|1,0.1080|0.0803|0.0734|0.0562|0.0539,
unit_002679,HongKong,35,48,722.5,1,2.3915,3e-05,0.0,0.5,22.457449,114.169908,1|3|21|31|27,0.1058|0.0868|0.0803|0.0744|0.0462,
unit_002680,HongKong,52,60,932.2,21,2.4044,4e-05,0.0,0.5,22.457302,114.177621,21|3|1|31|22,0.1289|0.0857|0.0663|0.0523|0.0428,
unit_002681,HongKong,8,8,186.6,3,2.2281,0.0,0.0,0.5,22.454625,114.177977,3|21|22|1|27,0.1146|0.1036|0.0745|0.0589|0.0541,
unit_002682,HongKong,7,7,154.5,21,2.4174,0.0,0.0,0.5,22.449754,114.177009,21|22|3|18|23,0.1243|0.0905|0.0716|0.0620|0.0524,
unit_002685,HongKong,12,12,165.1,16,2.4195,0.0,0.0,0.5,22.443962,114.179071,16|18|31|21|10,0.0965|0.0751|0.0714|0.0701|0.0638,
unit_002686,HongKong,44,44,717.0,16,2.2774,0.0,0.0,0.5,22.44483,114.176138,16|18|22|14|31,0.1314|0.0812|0.0628|0.0484|0.0463,
unit_002687,HongKong,24,36,386.8,7,2.5158,3e-05,0.0,0.5,22.441824,114.177354,7|31|27|21|1,0.1103|0.0882|0.0599|0.0591|0.0561,
unit_002688,HongKong,24,24,504.4,23,2.4978,0.0,0.0,0.5,22.439256,114.183039,23|31|2|21|27,0.0864|0.0863|0.0838|0.0571|0.0552,
unit_002689,HongKong,8,8,178.1,23,2.3364,0.0,0.0,0.5,22.441135,114.180673,23|31|2|21|3,0.0932|0.0835|0.0667|0.0443|0.0376,
unit_002690,HongKong,46,66,881.1,21,2.3882,5e-05,0.0,0.5,22.437022,114.182944,21|23|22|31|16,0.1269|0.0906|0.0903|0.0806|0.0700,
unit_002691,HongKong,20,20,453.2,1,2.3214,0.0,0.0,0.5,22.448034,114.175254,1|21|16|7|31,0.0998|0.0865|0.0719|0.0644|0.0643,
unit_002692,HongKong,56,82,1095.8,31,2.5679,9e-05,0.11065,0.5276,22.43848,114.165392,31|16|10|7|18,0.0932|0.0746|0.0664|0.0566|0.0554,
unit_002693,HongKong,17,28,401.4,18,2.447,8e-05,0.0,0.5,22.439262,114.165828,18|16|31|14|10,0.1038|0.0891|0.0651|0.0598|0.0431,
unit_002694,HongKong,8,8,175.6,16,2.4061,0.0,0.0,0.5,22.439979,114.160862,16|31|18|23|14,0.0904|0.0818|0.0816|0.0701|0.0592,
unit_002695,HongKong,9,16,200.7,18,2.5016,1e-05,0.0,0.5,22.441492,114.158891,18|23|21|2|14,0.0820|0.0770|0.0759|0.0701|0.0661,
unit_002696,HongKong,19,24,451.6,18,2.5084,8e-05,0.0,0.5,22.445794,114.156119,18|23|31|16|10,0.0999|0.0765|0.0664|0.0663|0.0577,
unit_002697,HongKong,11,16,250.9,21,2.3961,1e-05,0.0,0.5,22.450544,114.153553,21|18|23|22|3,0.1056|0.1033|0.0894|0.0711|0.0576,
unit_002698,HongKong,19,27,409.9,18,2.5157,2e-05,0.0,0.5,22.452881,114.152124,18|21|10|3|23,0.1130|0.0761|0.0744|0.0737|0.0666,
unit_002699,HongKong,8,8,182.0,16,2.2774,0.0,0.0,0.5,22.445028,114.176004,16|18|22|14|31,0.1314|0.0812|0.0628|0.0484|0.0463,
unit_002700,HongKong,12,12,235.0,21,2.4174,0.0,0.0,0.5,22.449975,114.176913,21|22|3|18|23,0.1243|0.0905|0.0716|0.0620|0.0524,
unit_002701,HongKong,8,8,189.0,21,2.3693,0.0,0.0,0.5,22.452552,114.177479,21|3|31|1|16,0.1316|0.0981|0.0850|0.0563|0.0422,
unit_002703,HongKong,3,3,50.2,22,2.2849,0.0,0.0,0.5,22.445374,114.17757,22|1|31|27|13,0.1643|0.0505|0.0500|0.0363|0.0363,
unit_002704,HongKong,12,12,234.6,16,2.4195,0.0,0.0,0.5,22.443462,114.179003,16|18|31|21|10,0.0965|0.0751|0.0714|0.0701|0.0638,
unit_002705,HongKong,8,8,178.3,16,2.4195,0.0,0.0,0.5,22.443633,114.179167,16|18|31|21|10,0.0965|0.0751|0.0714|0.0701|0.0638,
unit_002706,HongKong,8,8,178.3,16,2.2774,0.0,0.0,0.5,22.444874,114.176014,16|18|22|14|31,0.1314|0.0812|0.0628|0.0484|0.0463,
unit_002707,HongKong,7,7,155.3,16,2.2774,0.0,0.0,0.5,22.445452,114.176278,16|18|22|14|31,0.1314|0.0812|0.0628|0.0484|0.0463,
unit_002708,HongKong,10,10,180.0,31,2.5764,0.0,0.0,0.5,22.440697,114.168464,31|7|22|10|23,0.0984|0.0676|0.0663|0.0631|0.0564,
unit_002709,HongKong,6,8,128.2,16,2.4615,2e-05,0.06306,0.5158,22.443416,114.172055,16|18|21|31|23,0.1043|0.0986|0.0925|0.0647|0.0592,
unit_002710,HongKong,6,7,128.2,10,2.5927,0.0,0.06306,0.5158,22.444247,114.173164,10|3|16|7|18,0.0699|0.0642|0.0591|0.0586|0.0536,
unit_002711,HongKong,7,7,153.7,13,2.4735,0.0,0.0,0.5,22.443003,114.16144,13|7|31|22|3,0.0919|0.0816|0.0584|0.0560|0.0541,
unit_002712,HongKong,7,7,153.7,22,2.3656,0.0,0.0,0.5,22.444715,114.16471,22|23|1|10|31,0.1670|0.0520|0.0476|0.0463|0.0447,
unit_002713,HongKong,3,3,51.2,21,2.5286,0.0,0.0,0.5,22.445418,114.166241,21|2|1|23|31,0.0805|0.0802|0.0800|0.0570|0.0554,
unit_002714,HongKong,25,33,496.7,18,2.3952,7e-05,0.11065,0.5276,22.439572,114.165452,18|16|14|31|10,0.0986|0.0823|0.0705|0.0512|0.0375,
unit_002715,HongKong,20,28,351.2,21,2.4492,1e-05,0.09389,0.5235,22.45801,114.173412,21|31|27|3|22,0.1106|0.0964|0.0713|0.0574|0.0564,
unit_002716,HongKong,9,9,205.3,31,2.4561,0.0,0.0,0.5,22.461948,114.174053,31|1|16|2|7,0.0832|0.0799|0.0673|0.0537|0.0519,
unit_002717,HongKong,16,16,359.3,1,2.3931,0.0,0.0,0.5,22.462766,114.175861,1|10|13|16|21,0.0975|0.0676|0.0665|0.0626|0.0505,
unit_002718,HongKong,29,37,659.6,16,2.4881,6e-05,0.0,0.5,22.438653,114.195201,16|18|3|22|23,0.0992|0.0925|0.0665|0.0546|0.0460,
unit_002719,HongKong,8,8,176.8,16,2.4476,0.0,0.0,0.5,22.439202,114.190717,16|18|22|3|23,0.0940|0.0822|0.0734|0.0686|0.0593,
unit_002720,HongKong,18,24,429.4,18,2.447,0.00012,0.0,0.5,22.439276,114.187374,18|16|31|10|23,0.1041|0.0987|0.0715|0.0481|0.0450,
unit_002721,HongKong,15,15,353.6,16,2.4891,2e-05,0.0,0.5,22.442028,114.181793,16|18|31|21|7,0.0998|0.0925|0.0822|0.0644|0.0529,
unit_002722,HongKong,15,29,314.6,18,2.5099,1e-05,0.0,0.5,22.437105,114.198117,18|16|31|10|21,0.1006|0.0877|0.0816|0.0764|0.0641,
unit_002723,HongKong,10,15,233.5,21,2.5048,5e-05,0.0,0.5,22.434556,114.200188,21|18|3|16|14,0.1012|0.0974|0.0847|0.0482|0.0464,
unit_002724,HongKong,14,24,272.4,21,2.372,0.0,0.09389,0.5235,22.457076,114.173437,21|10|7|1|31,0.0986|0.0886|0.0868|0.0624|0.0577,
unit_002726,HongKong,7,7,151.1,21,2.3929,0.0,0.0,0.5,22.436086,114.186544,21|22|31|7|10,0.1260|0.1051|0.0952|0.0795|0.0736,
unit_002727,HongKong,8,8,175.8,23,2.2557,0.0,0.0,0.5,22.434059,114.18439,23|31|22|2|27,0.1001|0.0920|0.0901|0.0698|0.0463,
unit_002728,HongKong,7,7,150.7,23,2.3884,0.0,0.05443,0.5136,22.43268,114.18721,23|31|16|2|22,0.1017|0.0911|0.0697|0.0692|0.0565,
unit_002729,HongKong,8,9,175.8,16,2.3278,0.0,0.05443,0.5136,22.432621,114.188905,16|31|23|22|27,0.1085|0.1083|0.0771|0.0723|0.0568,
unit_002730,HongKong,22,22,420.9,31,2.4863,0.0,0.0,0.5,22.433221,114.192565,31|16|10|3|22,0.0967|0.0837|0.0580|0.0575|0.0537,
unit_002731,HongKong,7,7,151.1,21,2.3929,0.0,0.0,0.5,22.436086,114.186544,21|22|31|7|10,0.1260|0.1051|0.0952|0.0795|0.0736,
unit_002732,HongKong,8,8,175.2,27,2.2385,0.0,0.0,0.5,22.363281,114.372105,27|18|10|23|3,0.0579|0.0501|0.0467|0.0462|0.0401,
unit_002733,HongKong,8,8,175.2,27,2.2971,0.0,0.0,0.5,22.360559,114.371118,27|23|22|16|2,0.1078|0.0843|0.0630|0.0578|0.0571,
unit_002734,HongKong,12,17,275.3,22,2.3707,2e-05,0.0,0.5,22.360373,114.368618,22|27|23|16|2,0.1008|0.0839|0.0694|0.0606|0.0468,
unit_002735,HongKong,8,8,175.2,27,2.3596,0.0,0.0,0.5,22.359774,114.366136,27|22|16|3|23,0.0757|0.0662|0.0581|0.0523|0.0507,
unit_002736,HongKong,10,17,225.3,22,2.2881,2e-05,0.0,0.5,22.359307,114.361099,22|27|16|23|21,0.1176|0.1153|0.0937|0.0542|0.0435,
unit_002737,HongKong,8,8,175.2,22,2.3035,0.0,0.0,0.5,22.361097,114.359118,22|23|21|27|2,0.1126|0.1076|0.0861|0.0604|0.0583,
unit_002738,HongKong,8,8,175.2,23,2.3615,0.0,0.0,0.5,22.363607,114.356135,23|22|16|31|27,0.0879|0.0613|0.0485|0.0409|0.0401,
unit_002739,HongKong,7,9,150.2,22,2.1937,1e-05,0.06127,0.5153,22.363028,114.354518,22|16|31|7|21,0.1491|0.0935|0.0678|0.0476|0.0466,
unit_002740,HongKong,6,8,125.1,22,2.2394,0.0,0.06127,0.5153,22.361983,114.353925,22|23|27|21|16,0.1063|0.0933|0.0779|0.0728|0.0632,
unit_002741,HongKong,10,10,225.3,27,2.1645,0.0,0.0,0.5,22.361668,114.351068,27|16|22|23|18,0.1135|0.0934|0.0630|0.0527|0.0241,
unit_002742,HongKong,15,27,350.4,23,2.3358,6e-05,0.0,0.5,22.364941,114.347816,23|27|22|21|2,0.0901|0.0868|0.0749|0.0583|0.0570,
unit_002743,HongKong,17,17,400.5,23,2.351,2e-05,0.0,0.5,22.367882,114.345201,23|22|31|2|27,0.0995|0.0963|0.0772|0.0617|0.0605,
unit_002744,HongKong,22,33,525.6,18,2.2785,1e-05,0.0,0.5,22.372592,114.341436,18|27|23|3|10,0.0556|0.0550|0.0496|0.0441|0.0428,
unit_002745,HongKong,14,25,325.4,23,2.3439,6e-05,0.0,0.5,22.37842,114.33852,23|22|27|2|31,0.0991|0.0798|0.0690|0.0677|0.0566,
unit_002746,HongKong,8,8,175.2,22,2.2098,0.0,0.0,0.5,22.38103,114.336298,22|3|27|18|23,0.0802|0.0662|0.0510|0.0487|0.0472,
unit_002747,HongKong,23,34,550.6,22,2.3155,6e-05,0.0,0.5,22.383781,114.33517,22|23|21|27|16,0.1113|0.0874|0.0755|0.0723|0.0667,
unit_002748,HongKong,14,16,325.4,22,2.2291,1e-05,0.0,0.5,22.387868,114.335024,22|23|31|21|2,0.1170|0.0825|0.0799|0.0799|0.0620,
unit_002749,HongKong,12,17,275.3,23,2.29,2e-05,0.0,0.5,22.391651,114.332,23|22|27|31|2,0.1168|0.0851|0.0823|0.0658|0.0647,
unit_002750,HongKong,8,8,175.2,23,2.2675,0.0,0.0,0.5,22.393742,114.330833,23|22|21|31|27,0.1119|0.0879|0.0739|0.0692|0.0624,
unit_002751,HongKong,11,16,250.3,31,2.3802,1e-05,0.06507,0.5163,22.395856,114.328336,31|22|16|23|27,0.1061|0.0830|0.0814|0.0756|0.0572,
unit_002752,HongKong,8,8,175.2,23,2.4259,0.0,0.06507,0.5163,22.396938,114.326564,23|22|21|31|27,0.1080|0.0949|0.0923|0.0769|0.0668,
unit_002753,HongKong,8,8,175.2,21,2.3259,0.0,0.0,0.5,22.398844,114.325436,21|22|16|7|31,0.1273|0.1039|0.0658|0.0636|0.0612,
unit_002754,HongKong,8,8,178.4,21,2.5158,0.0,0.0,0.5,22.459989,114.183336,21|7|31|16|10,0.1115|0.0918|0.0824|0.0619|0.0598,
unit_002755,HongKong,46,53,1190.9,31,2.4167,5e-05,0.0,0.5,22.462195,114.185893,31|7|16|21|3,0.1003|0.0991|0.0841|0.0755|0.0669,
unit_002756,HongKong,24,24,487.9,22,2.2849,0.0,0.0,0.5,22.445878,114.177758,22|1|31|27|13,0.1643|0.0505|0.0500|0.0363|0.0363,
unit_002758,HongKong,44,70,879.1,7,2.4591,5e-05,0.05401,0.5135,22.382848,114.263371,7|13|22|31|16,0.1144|0.0723|0.0635|0.0567|0.0491,
unit_002759,HongKong,4,8,77.1,22,2.435,2e-05,0.05401,0.5135,22.383865,114.262963,22|23|31|7|16,0.1362|0.0862|0.0809|0.0658|0.0583,
unit_002760,HongKong,9,9,200.3,22,2.457,0.0,0.0,0.5,22.380079,114.262919,22|27|21|3|7,0.1461|0.0751|0.0669|0.0609|0.0570,
unit_002763,HongKong,8,8,177.7,22,2.3506,0.0,0.0,0.5,22.384426,114.263422,22|23|31|16|2,0.1389|0.0887|0.0769|0.0515|0.0469,
unit_002764,HongKong,8,8,177.7,22,2.4232,0.0,0.0,0.5,22.386933,114.262061,22|23|31|10|27,0.1436|0.0894|0.0848|0.0529|0.0473,
unit_002765,HongKong,9,9,200.3,22,2.457,0.0,0.0,0.5,22.380079,114.262919,22|27|21|3|7,0.1461|0.0751|0.0669|0.0609|0.0570,
unit_002766,HongKong,4,8,77.1,22,2.435,2e-05,0.05401,0.5135,22.383865,114.262963,22|23|31|7|16,0.1362|0.0862|0.0809|0.0658|0.0583,
unit_002768,HongKong,26,28,478.6,22,2.4125,0.0,0.06398,0.516,22.379031,114.257619,22|7|16|21|31,0.1082|0.0985|0.0816|0.0748|0.0680,
unit_002769,HongKong,22,26,505.7,22,2.2912,6e-05,0.0,0.5,22.379673,114.254195,22|27|23|31|16,0.1233|0.0754|0.0739|0.0656|0.0529,
unit_002770,HongKong,7,7,151.0,21,2.2543,0.0,0.2,0.5498,22.369461,114.259727,21|27|22|23|2,0.1266|0.1029|0.1020|0.0721|0.0430,
unit_002771,HongKong,26,26,475.3,7,2.297,0.0,0.0,0.5,22.388461,114.272965,7|16|21|31|13,0.1054|0.0887|0.0883|0.0840|0.0683,
unit_002772,HongKong,10,10,213.4,22,2.4528,0.0,0.0,0.5,22.390717,114.272765,22|10|7|23|21,0.1506|0.0742|0.0665|0.0641|0.0612,
unit_002773,HongKong,3,3,53.0,7,2.4718,0.0,0.0,0.5,22.38933,114.274856,7|16|31|27|22,0.0963|0.0776|0.0761|0.0736|0.0645,
unit_002775,HongKong,50,74,969.6,22,2.4712,3e-05,0.0,0.5,22.392349,114.274074,22|21|27|7|31,0.1252|0.0898|0.0714|0.0584|0.0494,
unit_002776,HongKong,20,22,477.9,22,2.1994,2e-05,0.0,0.5,22.395642,114.272998,22|21|7|13|27,0.1637|0.0637|0.0333|0.0307|0.0305,
unit_002777,HongKong,21,21,503.1,22,2.2471,3e-05,0.0,0.5,22.398182,114.271247,22|21|27|23|31,0.1665|0.0539|0.0404|0.0381|0.0308,
unit_002778,HongKong,10,11,226.4,22,2.0627,0.0,0.07121,0.5178,22.400667,114.269955,22|27|1|16|21,0.1772|0.0556|0.0363|0.0347|0.0323,
unit_002779,HongKong,7,7,150.9,22,2.1016,0.0,0.07121,0.5178,22.401569,114.268449,22|16|21|7|31,0.1892|0.0747|0.0715|0.0587|0.0412,
unit_002780,HongKong,7,9,150.9,22,2.0668,1e-05,0.05826,0.5146,22.402993,114.266599,22|21|1|16|31,0.1973|0.0420|0.0340|0.0312|0.0298,
unit_002781,HongKong,18,20,313.4,22,2.3726,0.0,0.05826,0.5146,22.404351,114.266092,22|10|3|23|27,0.1452|0.0696|0.0567|0.0543|0.0485,
unit_002782,HongKong,75,112,1319.1,1,2.4893,0.0001,0.31867,0.579,22.393181,114.20778,1|21|31|16|3,0.0997|0.0954|0.0699|0.0677|0.0585,
unit_002783,HongKong,4,4,76.9,22,2.2814,0.0,0.0,0.5,22.437406,114.331622,22|16|31|23|7,0.1369|0.1156|0.0729|0.0552|0.0510,
unit_002784,HongKong,8,8,153.9,13,2.3122,0.0,0.0,0.5,22.439574,114.332614,13|7|22|23|2,0.0875|0.0842|0.0641|0.0517|0.0499,
unit_002785,HongKong,7,7,161.2,22,2.2814,0.0,0.0,0.5,22.436733,114.332261,22|16|31|23|7,0.1369|0.1156|0.0729|0.0552|0.0510,
unit_002786,HongKong,8,8,181.7,7,2.3913,0.0,0.0,0.5,22.435317,114.330364,7|23|3|22|16,0.1084|0.0902|0.0845|0.0826|0.0590,
unit_002787,HongKong,29,29,513.4,1,2.3114,0.0,0.0,0.5,22.42866,114.20885,1|3|21|31|16,0.0906|0.0809|0.0708|0.0626|0.0449,
unit_002788,HongKong,43,43,635.6,7,2.5047,0.0,0.0,0.5,22.459398,114.204759,7|31|21|1|13,0.0778|0.0757|0.0749|0.0600|0.0587,
unit_002789,HongKong,28,28,706.9,21,2.3479,0.0,0.0,0.5,22.45808,114.181291,21|7|3|1|13,0.1090|0.0733|0.0624|0.0600|0.0552,
unit_002791,HongKong,8,8,179.7,22,2.404,0.0,0.0,0.5,22.468174,114.199604,22|3|31|16|27,0.1359|0.0815|0.0751|0.0628|0.0474,
unit_002792,HongKong,10,10,205.4,22,2.4143,0.0,0.0,0.5,22.466833,114.197923,22|3|7|27|31,0.1164|0.0732|0.0704|0.0624|0.0463,
unit_002793,HongKong,11,16,252.7,22,2.3572,4e-05,0.0,0.5,22.470796,114.200555,22|21|7|3|23,0.1468|0.0685|0.0632|0.0590|0.0573,
unit_002794,HongKong,20,26,454.9,22,2.4667,4e-05,0.0,0.5,22.472627,114.196823,22|27|10|7|3,0.1366|0.0753|0.0594|0.0559|0.0557,
unit_002795,HongKong,30,46,645.6,22,2.3942,8e-05,0.0,0.5,22.468964,114.204942,22|7|3|31|21,0.1230|0.0700|0.0691|0.0613|0.0543,
unit_002796,HongKong,38,38,560.4,22,2.408,0.0,0.0,0.5,22.404468,114.221107,22|21|31|16|7,0.1476|0.0801|0.0745|0.0702|0.0602,
unit_002797,HongKong,8,8,177.2,22,2.4306,0.0,0.0,0.5,22.402174,114.225897,22|31|23|27|3,0.1324|0.0829|0.0767|0.0645|0.0601,
unit_002798,HongKong,13,16,303.8,22,2.4024,4e-05,0.0,0.5,22.400188,114.227531,22|23|27|31|2,0.1263|0.0954|0.0700|0.0619|0.0527,
unit_002799,HongKong,8,8,177.2,23,2.3986,0.0,0.0,0.5,22.39777,114.229319,23|22|27|2|21,0.1085|0.0917|0.0775|0.0671|0.0544,
unit_002800,HongKong,12,16,278.5,22,2.3773,2e-05,0.0,0.5,22.395653,114.230569,22|21|31|23|2,0.1530|0.0871|0.0738|0.0708|0.0598,
unit_002801,HongKong,16,16,354.4,22,2.3717,0.0,0.0,0.5,22.393327,114.232569,22|23|31|27|3,0.1461|0.0802|0.0777|0.0525|0.0472,
unit_002802,HongKong,12,16,278.5,22,2.3773,2e-05,0.0,0.5,22.395653,114.230569,22|21|31|23|2,0.1530|0.0871|0.0738|0.0708|0.0598,
unit_002803,HongKong,8,8,177.2,23,2.3986,0.0,0.0,0.5,22.39777,114.229319,23|22|27|2|21,0.1085|0.0917|0.0775|0.0671|0.0544,
unit_002804,HongKong,13,16,303.8,22,2.4024,4e-05,0.0,0.5,22.400188,114.227531,22|23|27|31|2,0.1263|0.0954|0.0700|0.0619|0.0527,
unit_002805,HongKong,8,8,177.2,22,2.4306,0.0,0.0,0.5,22.402174,114.225897,22|31|23|27|3,0.1324|0.0829|0.0767|0.0645|0.0601,
unit_002806,HongKong,54,110,865.2,7,2.4874,6e-05,0.0,0.5,22.403145,114.21788,7|31|16|3|21,0.1212|0.0885|0.0826|0.0675|0.0659,
unit_002807,HongKong,24,24,471.1,21,2.4608,0.0,0.0,0.5,22.468419,114.209136,21|10|7|22|3,0.1091|0.0885|0.0774|0.0607|0.0597,
unit_002808,HongKong,8,8,180.8,7,2.4572,0.0,0.0,0.5,22.470709,114.211007,7|21|31|22|16,0.1051|0.0834|0.0718|0.0615|0.0527,
unit_002809,HongKong,8,8,176.1,7,2.3883,0.0,0.0,0.5,22.45705,114.207578,7|31|10|3|27,0.0984|0.0762|0.0681|0.0579|0.0536,
unit_002810,HongKong,8,8,176.1,16,2.3642,0.0,0.0,0.5,22.457067,114.209529,16|31|7|22|21,0.0947|0.0710|0.0663|0.0473|0.0408,
unit_002811,HongKong,23,23,465.2,13,2.4382,0.0,0.34196,0.5847,22.392015,114.208146,13|16|14|7|21,0.0808|0.0457|0.0432|0.0417|0.0358,
unit_002813,HongKong,15,15,307.3,1,2.439,0.0,0.0,0.5,22.395733,114.209617,1|21|7|31|27,0.0918|0.0853|0.0637|0.0613|0.0603,
unit_002814,HongKong,21,21,342.5,18,2.4123,0.0,0.0,0.5,22.386721,114.207918,18|1|31|10|3,0.1130|0.0959|0.0714|0.0630|0.0532,
unit_002815,HongKong,20,20,355.6,22,2.1889,0.0,0.0,0.5,22.403518,114.242163,22|16|31|27|1,0.1556|0.0514|0.0497|0.0351|0.0318,
unit_002816,HongKong,10,12,229.9,22,2.2433,0.0,0.0,0.5,22.403002,114.244052,22|31|23|16|1,0.1566|0.0556|0.0546|0.0341|0.0318,
unit_002819,HongKong,6,7,127.7,22,2.1838,0.0,0.07608,0.519,22.401994,114.244811,22|7|13|16|21,0.1246|0.0594|0.0574|0.0439|0.0375,
unit_002820,HongKong,8,8,153.3,22,2.1246,0.0,0.0,0.5,22.400924,114.245967,22|23|21|1|27,0.1216|0.0274|0.0258|0.0251|0.0224,
unit_002821,HongKong,10,10,204.8,22,2.2972,0.0,0.0,0.5,22.402182,114.243393,22|7|13|16|21,0.1127|0.1105|0.0586|0.0565|0.0559,
unit_002822,HongKong,8,8,177.8,22,2.2848,0.0,0.0,0.5,22.404008,114.239904,22|16|23|27|13,0.1851|0.0498|0.0351|0.0332|0.0291,
unit_002823,HongKong,18,18,304.8,22,2.2807,0.0,0.07202,0.518,22.405837,114.238218,22|18|23|10|27,0.1074|0.0795|0.0745|0.0734|0.0716,
unit_002824,HongKong,18,18,323.4,7,2.3232,0.0,0.0,0.5,22.432667,114.163583,7|21|31|13|27,0.1329|0.0821|0.0646|0.0538|0.0527,
unit_002825,HongKong,30,32,553.9,7,2.4321,0.0,0.15917,0.5397,22.436974,114.164642,7|13|31|27|22,0.1142|0.0663|0.0659|0.0635|0.0453,
unit_002827,HongKong,8,8,177.0,7,2.4667,0.0,0.0,0.5,22.363886,114.258813,7|1|3|23|13,0.0881|0.0710|0.0641|0.0619|0.0611,
unit_002828,HongKong,11,16,252.9,21,2.4629,4e-05,0.12574,0.5314,22.361803,114.257015,21|23|27|22|10,0.0995|0.0792|0.0744|0.0676|0.0527,
unit_002829,HongKong,9,9,202.3,22,2.477,0.0,0.12574,0.5314,22.359938,114.256085,22|23|16|27|31,0.1313|0.0705|0.0699|0.0647|0.0558,
unit_002830,HongKong,10,10,200.1,22,2.3473,0.0,0.0,0.5,22.374079,114.166768,22|21|7|27|10,0.1490|0.0648|0.0547|0.0543|0.0458,
unit_002831,HongKong,8,8,175.1,23,2.3953,0.0,0.0,0.5,22.374718,114.168436,23|31|2|27|3,0.1131|0.0966|0.0669|0.0630|0.0471,
unit_002832,HongKong,20,20,366.1,31,2.4582,0.0,0.0,0.5,22.374412,114.17027,31|27|23|22|1,0.1287|0.0647|0.0611|0.0571|0.0540,
unit_002833,HongKong,4,4,77.3,13,2.3967,0.0,0.0,0.5,22.523371,114.161536,13|7|21|2|3,0.1131|0.0898|0.0546|0.0503|0.0417,
unit_002835,HongKong,20,20,366.2,21,2.3276,0.0,0.22661,0.5564,22.474169,114.15433,21|18|3|14|23,0.0930|0.0695|0.0659|0.0600|0.0562,
unit_002836,HongKong,24,24,478.4,22,2.3577,0.0,0.0,0.5,22.363592,114.214263,22|27|21|7|23,0.1163|0.0751|0.0524|0.0465|0.0402,
unit_002837,HongKong,8,8,175.1,22,2.2927,0.0,0.0,0.5,22.397852,114.178001,22|31|10|23|27,0.1190|0.1075|0.0681|0.0510|0.0391,
unit_002838,HongKong,10,17,225.1,22,2.4331,5e-05,0.1754,0.5437,22.398488,114.180509,22|13|31|7|27,0.1012|0.0985|0.0817|0.0690|0.0648,
unit_002839,HongKong,8,9,175.1,27,2.3584,1e-05,0.1754,0.5437,22.398412,114.182345,27|23|22|31|18,0.1020|0.0877|0.0632|0.0588|0.0559,
unit_002840,HongKong,11,11,250.1,22,2.4195,0.0,0.0,0.5,22.399128,114.184987,22|31|16|23|27,0.1387|0.0837|0.0813|0.0595|0.0450,
unit_002841,HongKong,5,5,100.8,16,2.5065,0.0,0.0,0.5,22.374162,114.195716,16|18|31|23|22,0.1047|0.0964|0.0815|0.0575|0.0498,
unit_002842,HongKong,24,26,465.9,16,2.4562,1e-05,0.19124,0.5477,22.373459,114.197721,16|31|10|7|2,0.1264|0.0718|0.0593|0.0495|0.0477,
unit_002843,HongKong,18,18,360.5,7,2.3204,0.0,0.0,0.5,22.457152,114.162681,7|21|31|22|27,0.1248|0.0935|0.0695|0.0693|0.0526,
unit_002844,HongKong,28,52,578.9,22,2.337,8e-05,0.0,0.5,22.48161,114.156441,22|31|23|27|2,0.1597|0.0597|0.0581|0.0432|0.0351,
unit_002845,HongKong,9,9,211.7,22,2.1877,0.0,0.0,0.5,22.393871,114.262337,22|16|31|1|7,0.1560|0.0581|0.0469|0.0399|0.0372,
unit_002846,HongKong,9,17,204.6,22,2.3938,2e-05,0.0,0.5,22.391753,114.259879,22|21|23|27|3,0.1609|0.0819|0.0580|0.0550|0.0390,
unit_002847,HongKong,40,40,816.4,22,2.4401,0.0,0.0,0.5,22.389716,114.26058,22|21|7|3|23,0.1233|0.0748|0.0704|0.0605|0.0574,
unit_002848,HongKong,21,22,505.2,22,2.2308,2e-05,0.0,0.5,22.396518,114.262371,22|16|7|27|13,0.1264|0.0716|0.0327|0.0262|0.0190,
unit_002849,HongKong,13,18,303.1,22,2.2874,6e-05,0.08265,0.5206,22.396862,114.265875,22|23|27|21|2,0.1503|0.0729|0.0607|0.0458|0.0458,
unit_002850,HongKong,8,10,151.6,27,2.3635,0.0,0.08265,0.5207,22.397246,114.267077,27|22|10|14|7,0.1254|0.1141|0.0663|0.0353|0.0319,
unit_002852,HongKong,12,16,283.3,22,2.2412,1e-05,0.0,0.5,22.535523,114.170725,22|21|27|23|16,0.1255|0.1079|0.0789|0.0446|0.0429,
unit_002853,HongKong,40,40,587.5,7,2.3087,0.0,0.0,0.5,22.473663,114.230533,7|31|3|13|27,0.1275|0.0715|0.0653|0.0623|0.0570,
unit_002854,HongKong,24,24,389.6,3,2.3502,0.0,0.0,0.5,22.472112,114.229308,3|31|7|10|16,0.0807|0.0785|0.0782|0.0665|0.0663,
unit_002855,HongKong,30,40,611.0,23,2.34,4e-05,0.0,0.5,22.402638,114.298971,23|22|27|31|2,0.1007|0.0946|0.0769|0.0725|0.0673,
unit_002856,HongKong,3,3,52.8,22,2.2318,0.0,0.0,0.5,22.404386,114.298024,22|31|23|16|3,0.1253|0.0706|0.0630|0.0621|0.0425,
unit_002857,HongKong,14,14,316.7,22,2.3303,0.0,0.0,0.5,22.405732,114.297981,22|21|23|27|2,0.1351|0.1026|0.0915|0.0860|0.0536,
unit_002858,HongKong,8,8,181.5,22,2.2318,0.0,0.0,0.5,22.403753,114.297245,22|31|23|16|3,0.1253|0.0706|0.0630|0.0621|0.0425,
unit_002859,HongKong,7,7,152.4,22,2.1959,0.0,0.0,0.5,22.399639,114.30086,22|21|23|27|18,0.1237|0.1009|0.0916|0.0559|0.0505,
unit_002860,HongKong,9,17,204.6,22,2.3938,2e-05,0.0,0.5,22.391753,114.259879,22|21|23|27|3,0.1609|0.0819|0.0580|0.0550|0.0390,
unit_002861,HongKong,15,16,352.8,22,2.3224,2e-05,0.0,0.5,22.525418,114.213896,22|31|16|3|23,0.1491|0.0801|0.0568|0.0476|0.0437,
unit_002862,HongKong,48,74,1057.3,22,2.4238,5e-05,0.0,0.5,22.53424,114.207716,22|31|7|3|16,0.1201|0.0825|0.0727|0.0718|0.0676,
unit_002863,HongKong,16,17,375.6,22,2.3268,2e-05,0.0,0.5,22.531029,114.208658,22|10|18|3|31,0.1253|0.0701|0.0498|0.0474|0.0450,
unit_002864,HongKong,9,17,200.3,22,2.2772,1e-05,0.0,0.5,22.528106,114.208028,22|21|7|23|2,0.1502|0.1035|0.0594|0.0574|0.0474,
unit_002865,HongKong,8,8,175.3,22,2.1748,0.0,0.0,0.5,22.525688,114.207927,22|21|1|23|27,0.1584|0.0876|0.0432|0.0371|0.0368,
unit_002866,HongKong,8,16,177.7,27,2.4089,0.0,0.0,0.5,22.536988,114.211193,27|22|16|31|21,0.1112|0.1059|0.0803|0.0669|0.0663,
unit_002867,HongKong,7,7,152.3,3,2.4776,0.0,0.0,0.5,22.538619,114.213255,3|31|10|21|22,0.0928|0.0856|0.0813|0.0811|0.0670,
unit_002868,HongKong,15,16,355.5,22,2.3049,3e-05,0.0,0.5,22.540766,114.215283,22|21|7|31|16,0.1228|0.0968|0.0562|0.0555|0.0439,
unit_002869,HongKong,52,56,1019.1,7,2.4517,6e-05,0.0,0.5,22.54364,114.217399,7|13|31|22|3,0.0956|0.0784|0.0714|0.0710|0.0653,
unit_002870,HongKong,34,34,652.1,7,2.2813,0.0,0.15345,0.5383,22.531672,114.203629,7|3|22|23|27,0.1073|0.0869|0.0562|0.0492|0.0478,
unit_002871,HongKong,20,22,372.1,27,2.3563,0.0,0.14497,0.5362,22.355563,114.243607,27|22|16|23|3,0.1004|0.0985|0.0656|0.0585|0.0545,
unit_002872,HongKong,28,28,484.4,22,2.4089,0.0,0.14497,0.5362,22.355806,114.241614,22|31|13|7|23,0.1216|0.0768|0.0677|0.0670|0.0523,
unit_002873,HongKong,38,38,687.9,3,2.4351,0.0,0.0,0.5,22.355882,114.248304,3|7|31|27|10,0.0787|0.0770|0.0641|0.0560|0.0548,
unit_002874,HongKong,36,46,742.7,7,2.3996,6e-05,0.0,0.5,22.357772,114.236901,7|3|22|23|13,0.1015|0.0827|0.0722|0.0690|0.0645,
unit_002875,HongKong,8,8,175.9,22,2.4607,0.0,0.10276,0.5257,22.394947,114.317181,22|31|23|27|10,0.1174|0.0896|0.0810|0.0770|0.0707,
unit_002876,HongKong,8,8,175.9,22,2.3909,0.0,0.10276,0.5257,22.394103,114.315598,22|31|16|27|7,0.1157|0.0940|0.0920|0.0853|0.0767,
unit_002877,HongKong,8,8,175.9,22,2.3321,0.0,0.0,0.5,22.393312,114.312798,22|31|16|10|23,0.1047|0.0971|0.0762|0.0627|0.0412,
unit_002878,HongKong,20,24,477.4,22,2.4991,0.00014,0.0,0.5,22.392171,114.309074,22|3|7|23|31,0.1161|0.0728|0.0658|0.0632|0.0584,
unit_002879,HongKong,8,8,175.9,22,2.2724,0.0,0.0,0.5,22.389411,114.307577,22|21|23|7|27,0.1653|0.1206|0.0626|0.0431|0.0329,
unit_002880,HongKong,8,8,175.9,22,2.3853,0.0,0.0,0.5,22.387389,114.306865,22|16|31|23|21,0.1692|0.0752|0.0719|0.0487|0.0478,
unit_002881,HongKong,8,8,175.9,27,2.3896,0.0,0.05994,0.515,22.387047,114.303508,27|22|16|21|10,0.1179|0.0782|0.0641|0.0592|0.0404,
unit_002882,HongKong,13,16,301.5,22,2.3925,2e-05,0.06375,0.5159,22.38883,114.301988,22|27|16|21|31,0.1300|0.1034|0.0805|0.0660|0.0501,
unit_002883,HongKong,6,8,125.6,21,2.3767,1e-05,0.06755,0.5169,22.390399,114.300579,21|22|7|31|13,0.1100|0.1004|0.0905|0.0762|0.0616,
unit_002884,HongKong,9,9,200.4,21,2.2769,0.0,0.0,0.5,22.394783,114.297453,21|22|23|7|18,0.1269|0.1242|0.0761|0.0596|0.0482,
unit_002885,HongKong,12,17,275.6,22,2.4365,6e-05,0.0,0.5,22.396784,114.299485,22|21|23|27|31,0.1423|0.0749|0.0732|0.0687|0.0642,
unit_002886,HongKong,24,26,551.8,31,2.3496,4e-05,0.0,0.5,22.393114,114.295896,31|22|7|16|27,0.0978|0.0943|0.0884|0.0759|0.0562,
unit_002887,HongKong,7,8,154.5,27,2.3256,0.0,0.09626,0.524,22.389379,114.291791,27|16|22|31|21,0.1229|0.0848|0.0740|0.0538|0.0363,
unit_002888,HongKong,8,8,176.6,22,2.1926,0.0,0.0,0.5,22.395281,114.287366,22|21|16|31|7,0.1187|0.1129|0.0874|0.0871|0.0629,
unit_002889,HongKong,12,17,275.6,22,2.4365,6e-05,0.0,0.5,22.396784,114.299485,22|21|23|27|31,0.1423|0.0749|0.0732|0.0687|0.0642,
unit_002890,HongKong,9,9,200.4,21,2.2769,0.0,0.0,0.5,22.394783,114.297453,21|22|23|7|18,0.1269|0.1242|0.0761|0.0596|0.0482,
unit_002891,HongKong,8,8,176.5,22,2.1959,0.0,0.0,0.5,22.399805,114.300225,22|21|23|27|18,0.1237|0.1009|0.0916|0.0559|0.0505,
unit_002892,HongKong,8,8,176.5,22,2.1959,0.0,0.0,0.5,22.399805,114.300225,22|21|23|27|18,0.1237|0.1009|0.0916|0.0559|0.0505,
unit_002893,HongKong,28,38,603.9,1,2.4577,2e-05,0.15677,0.5391,22.372057,114.198647,1|21|2|10|14,0.0988|0.0881|0.0547|0.0521|0.0463,
unit_002894,HongKong,8,8,177.5,18,2.4759,0.0,0.0,0.5,22.375066,114.199085,18|21|10|31|23,0.1294|0.0942|0.0726|0.0716|0.0574,
unit_002895,HongKong,38,38,648.0,18,2.2796,0.0,0.0,0.5,22.377283,114.201016,18|1|2|3|16,0.0960|0.0717|0.0682|0.0656|0.0653,
unit_002896,HongKong,26,26,536.1,3,2.4419,0.0,0.0,0.5,22.463323,114.180499,3|1|31|7|10,0.1011|0.0762|0.0706|0.0653|0.0575,
unit_002897,HongKong,7,7,156.7,21,2.5137,0.0,0.0,0.5,22.460529,114.180088,21|22|10|7|13,0.1097|0.0712|0.0625|0.0618|0.0553,
unit_002898,HongKong,70,70,1122.4,7,2.3003,0.0,0.0759,0.519,22.465305,114.180729,7|31|21|13|16,0.1426|0.1024|0.0651|0.0569|0.0483,
unit_002899,HongKong,7,7,156.7,21,2.5137,0.0,0.0,0.5,22.460529,114.180088,21|22|10|7|13,0.1097|0.0712|0.0625|0.0618|0.0553,
unit_002900,HongKong,8,8,175.4,22,2.3055,0.0,0.0,0.5,22.39879,114.321561,22|21|16|7|31,0.1421|0.0868|0.0853|0.0672|0.0658,
unit_002901,HongKong,20,20,385.1,10,2.3759,0.0,0.0,0.5,22.430702,114.253796,10|16|13|31|2,0.0963|0.0804|0.0587|0.0583|0.0553,
unit_002902,HongKong,12,12,263.7,7,2.2971,0.0,0.0,0.5,22.466495,114.180056,7|31|22|13|21,0.0950|0.0853|0.0746|0.0716|0.0577,
unit_002903,HongKong,28,28,420.3,7,2.4262,0.0,0.0,0.5,22.3808,114.180643,7|21|1|27|31,0.0990|0.0819|0.0798|0.0777|0.0553,
unit_002904,HongKong,11,13,250.8,22,2.2585,1e-05,0.07167,0.5179,22.383768,114.181892,22|27|10|23|21,0.1059|0.0921|0.0609|0.0406|0.0403,
unit_002905,HongKong,6,7,125.4,22,2.4071,0.0,0.07167,0.5179,22.384794,114.180883,22|31|27|7|1,0.1097|0.0915|0.0658|0.0452|0.0438,
unit_002908,HongKong,5,5,100.3,22,2.2658,0.0,0.07368,0.5184,22.386099,114.178535,22|27|31|13|16,0.1075|0.0717|0.0505|0.0476|0.0369,
unit_002909,HongKong,46,62,948.3,22,2.3829,3e-05,0.07368,0.5184,22.386708,114.177153,22|13|7|27|1,0.1440|0.0543|0.0514|0.0503|0.0372,
unit_002911,HongKong,8,8,180.3,7,2.4677,0.0,0.0,0.5,22.380727,114.178507,7|31|1|21|27,0.0932|0.0831|0.0671|0.0662|0.0499,
unit_002912,HongKong,8,8,178.5,22,2.2035,0.0,0.0,0.5,22.525594,114.191433,22|31|16|23|7,0.1139|0.1114|0.0872|0.0641|0.0502,
unit_002913,HongKong,24,24,464.9,22,2.4006,0.0,0.0,0.5,22.52461,114.188434,22|16|31|7|3,0.1259|0.0986|0.0816|0.0762|0.0665,
unit_002914,HongKong,6,6,106.1,22,2.2035,0.0,0.0,0.5,22.526093,114.191783,22|31|16|23|7,0.1139|0.1114|0.0872|0.0641|0.0502,
unit_002915,HongKong,18,26,409.2,22,2.246,3e-05,0.0,0.5,22.547179,114.158586,22|13|31|16|7,0.1287|0.0435|0.0431|0.0412|0.0367,
unit_002916,HongKong,22,22,446.3,22,2.1645,0.0,0.0,0.5,22.545888,114.156496,22|13|3|7|27,0.1457|0.0631|0.0440|0.0376|0.0326,
unit_002917,HongKong,30,46,555.2,13,2.3563,2e-05,0.06279,0.5157,22.551475,114.155953,13|22|7|21|1,0.0980|0.0935|0.0527|0.0349|0.0328,
unit_002920,HongKong,61,92,1406.9,22,2.5096,0.0001,0.09788,0.5244,22.552607,114.15607,22|21|7|3|13,0.0783|0.0752|0.0730|0.0684|0.0665,
unit_002921,HongKong,12,12,259.7,22,2.4507,0.0,0.0,0.5,22.551475,114.160914,22|27|10|3|7,0.1106|0.0653|0.0573|0.0526|0.0497,
unit_002922,HongKong,6,6,132.8,22,2.2414,0.0,0.0,0.5,22.534911,114.170009,22|21|27|23|16,0.1236|0.0965|0.0857|0.0459|0.0446,
unit_002923,HongKong,10,10,84.8,22,2.2302,0.0,0.0,0.5,22.536179,114.170119,22|21|27|23|16,0.1259|0.1173|0.0716|0.0429|0.0407,
unit_002924,HongKong,8,8,178.5,22,2.2035,0.0,0.0,0.5,22.525594,114.191433,22|31|16|23|7,0.1139|0.1114|0.0872|0.0641|0.0502,
unit_002925,HongKong,15,16,355.4,7,2.3585,5e-05,0.0,0.5,22.52322,114.185655,7|22|16|13|31,0.0916|0.0881|0.0848|0.0710|0.0692,
unit_002926,HongKong,8,8,177.7,22,2.2773,0.0,0.0,0.5,22.52193,114.183106,22|16|7|31|3,0.0962|0.0907|0.0796|0.0740|0.0626,
unit_002927,HongKong,24,24,457.6,13,2.2712,0.0,0.21436,0.5534,22.532487,114.160587,13|7|2|21|3,0.1351|0.0637|0.0480|0.0475|0.0436,
unit_002928,HongKong,18,18,422.9,22,2.1453,0.0,0.0,0.5,22.533194,114.158823,22|13|31|7|14,0.1216|0.0958|0.0693|0.0445|0.0323,
unit_002929,HongKong,8,8,184.3,3,2.3431,0.0,0.21436,0.5534,22.533622,114.161682,3|7|31|13|22,0.0849|0.0755|0.0634|0.0592|0.0588,
unit_002930,HongKong,10,16,227.7,7,2.4258,6e-05,0.08485,0.5212,22.530299,114.159055,7|22|13|21|3,0.0968|0.0915|0.0897|0.0787|0.0478,
unit_002931,HongKong,6,6,132.8,22,2.2414,0.0,0.0,0.5,22.534911,114.170009,22|21|27|23|16,0.1236|0.0965|0.0857|0.0459|0.0446,
unit_002932,HongKong,20,20,357.3,18,2.3803,0.0,0.22486,0.556,22.531603,114.169974,18|21|10|14|23,0.1453|0.0774|0.0699|0.0604|0.0467,
unit_002933,HongKong,12,16,283.3,22,2.2412,1e-05,0.0,0.5,22.535523,114.170725,22|21|27|23|16,0.1255|0.1079|0.0789|0.0446|0.0429,
unit_002934,HongKong,9,9,200.2,22,2.1595,0.0,0.0,0.5,22.535644,114.166731,22|31|10|7|16,0.1235|0.0784|0.0734|0.0558|0.0543,
unit_002935,HongKong,8,8,175.2,22,2.4362,0.0,0.0,0.5,22.535721,114.164587,22|27|7|16|21,0.1192|0.0893|0.0841|0.0723|0.0628,
unit_002936,HongKong,12,12,175.4,7,2.4424,0.0,0.0,0.5,22.383246,114.216737,7|27|22|10|31,0.1054|0.0889|0.0691|0.0690|0.0646,
unit_002937,HongKong,7,7,151.4,22,2.2614,0.0,0.0,0.5,22.529677,114.172636,22|31|16|3|7,0.1365|0.1103|0.0929|0.0581|0.0471,
unit_002938,HongKong,8,8,176.6,16,2.1881,0.0,0.10351,0.5259,22.529104,114.174717,16|22|31|7|21,0.1231|0.1223|0.0989|0.0710|0.0686,
unit_002939,HongKong,12,16,277.5,22,2.3017,2e-05,0.10351,0.5258,22.528991,114.17692,22|31|16|23|3,0.1350|0.0995|0.0609|0.0599|0.0583,
unit_002940,HongKong,8,8,176.6,22,2.3525,0.0,0.0,0.5,22.527496,114.179306,22|21|16|7|3,0.1174|0.1052|0.0697|0.0658|0.0651,
unit_002941,HongKong,13,16,302.7,21,2.3016,2e-05,0.0,0.5,22.524356,114.179555,21|22|7|3|13,0.1064|0.1026|0.0632|0.0580|0.0431,
unit_002943,HongKong,13,21,301.7,13,2.446,6e-05,0.05406,0.5135,22.530304,114.169226,13|22|31|7|16,0.1042|0.0838|0.0701|0.0634|0.0629,
unit_002944,HongKong,8,8,176.0,13,2.4248,0.0,0.0,0.5,22.528116,114.169628,13|7|22|21|16,0.1198|0.0837|0.0794|0.0631|0.0577,
unit_002945,HongKong,28,52,560.5,13,2.2372,0.0,0.0,0.5,22.526709,114.167067,13|31|22|7|21,0.1415|0.0769|0.0762|0.0685|0.0418,
unit_002946,HongKong,56,70,1284.7,22,2.3443,5e-05,0.09677,0.5242,22.393836,114.269492,22|7|3|13|27,0.0989|0.0666|0.0383|0.0383|0.0373,
unit_002947,HongKong,4,4,77.1,22,2.2639,0.0,0.09677,0.5242,22.393589,114.270812,22|7|3|27|13,0.0794|0.0706|0.0456|0.0451|0.0451,
unit_002948,HongKong,26,26,489.8,7,2.2449,0.0,0.0,0.5,22.430996,114.262491,7|13|31|22|16,0.0923|0.0923|0.0874|0.0815|0.0413,
unit_002949,HongKong,24,24,485.6,22,2.3647,0.0,0.07498,0.5187,22.42019,114.262876,22|7|27|13|31,0.1061|0.0884|0.0782|0.0626|0.0599,
unit_002950,HongKong,22,22,432.4,22,2.272,0.0,0.0,0.5,22.417888,114.261767,22|13|3|7|23,0.1635|0.0773|0.0526|0.0475|0.0467,
unit_002951,HongKong,8,9,177.4,22,2.3105,0.0,0.07498,0.5187,22.421609,114.262995,22|27|21|23|7,0.1528|0.0870|0.0694|0.0412|0.0376,
unit_002952,HongKong,8,8,178.0,31,2.4727,0.0,0.0,0.5,22.431526,114.24989,31|16|10|1|21,0.1191|0.0790|0.0717|0.0653|0.0628,
unit_002953,HongKong,8,8,178.0,31,2.4068,0.0,0.0,0.5,22.431647,114.251902,31|16|10|22|7,0.0969|0.0941|0.0738|0.0516|0.0453,
unit_002954,HongKong,8,8,179.7,22,2.3046,0.0,0.0,0.5,22.431002,114.244765,22|31|16|7|21,0.1296|0.0956|0.0949|0.0643|0.0636,
unit_002955,HongKong,42,45,675.2,16,2.3125,0.0,0.26068,0.5648,22.433545,114.242837,16|31|10|1|3,0.0824|0.0762|0.0742|0.0697|0.0425,
unit_002956,HongKong,12,18,200.8,13,2.3811,2e-05,0.16958,0.5423,22.433991,114.243866,13|7|16|21|10,0.0871|0.0843|0.0719|0.0668|0.0595,
unit_002957,HongKong,4,8,50.2,22,2.3245,1e-05,0.07848,0.5196,22.434572,114.244496,22|21|7|16|13,0.1445|0.0991|0.0781|0.0774|0.0480,
unit_002958,HongKong,11,16,250.9,7,2.3858,5e-05,0.0,0.5,22.428724,114.259551,7|31|3|13|22,0.1324|0.0726|0.0626|0.0564|0.0519,
unit_002959,HongKong,8,8,175.6,13,2.3011,0.0,0.0,0.5,22.43022,114.258494,13|3|10|2|16,0.0987|0.0708|0.0570|0.0554|0.0552,
unit_002960,HongKong,9,9,151.0,21,2.4245,0.0,0.24316,0.5605,22.428991,114.260589,21|13|3|10|2,0.1049|0.0810|0.0790|0.0752|0.0507,
unit_002961,HongKong,22,22,461.4,31,2.3887,0.0,0.0,0.5,22.380994,114.269287,31|1|3|7|16,0.0970|0.0788|0.0786|0.0643|0.0599,
unit_002962,HongKong,28,40,538.2,21,2.4605,3e-05,0.0,0.5,22.419252,114.232296,21|3|1|10|31,0.1066|0.0922|0.0913|0.0610|0.0595,
unit_002963,HongKong,8,8,176.7,1,2.4369,0.0,0.0,0.5,22.417923,114.230686,1|31|3|21|10,0.1038|0.0854|0.0801|0.0416|0.0413,
unit_002964,HongKong,9,9,202.0,1,2.3633,0.0,0.0,0.5,22.420008,114.229382,1|21|3|31|10,0.1024|0.1011|0.0706|0.0703|0.0645,
unit_002965,HongKong,6,9,83.4,21,2.4784,2e-05,0.0,0.5,22.41896,114.232852,21|3|1|31|7,0.1149|0.0891|0.0840|0.0591|0.0501,
unit_002966,HongKong,12,12,269.9,22,2.2435,0.0,0.0,0.5,22.433592,114.239861,22|7|1|13|31,0.0683|0.0566|0.0543|0.0496|0.0477,
unit_002967,HongKong,8,8,180.0,27,2.5188,0.0,0.0,0.5,22.42652,114.244784,27|22|16|31|14,0.0865|0.0859|0.0750|0.0600|0.0533,
unit_002968,HongKong,34,34,676.4,22,2.3999,0.0,0.0,0.5,22.414699,114.269326,22|31|23|2|16,0.1125|0.1033|0.0958|0.0574|0.0475,
unit_002969,HongKong,10,16,226.3,27,2.3627,3e-05,0.0,0.5,22.416413,114.265945,27|22|23|21|2,0.1085|0.1066|0.0940|0.0732|0.0506,
unit_002971,HongKong,56,80,1208.0,22,2.4755,8e-05,0.39651,0.5978,22.42089,114.266292,22|23|27|21|10,0.0985|0.0924|0.0831|0.0705|0.0506,
unit_002972,HongKong,8,8,176.2,23,2.3547,0.0,0.0,0.5,22.414048,114.271311,23|31|22|27|21,0.1045|0.0744|0.0565|0.0511|0.0486,
unit_002973,HongKong,8,8,176.2,23,2.3547,0.0,0.0,0.5,22.414048,114.271311,23|31|22|27|21,0.1045|0.0744|0.0565|0.0511|0.0486,
unit_002974,HongKong,8,8,179.1,22,2.3399,0.0,0.11903,0.5297,22.405853,114.276003,22|23|3|13|16,0.1540|0.0708|0.0463|0.0436|0.0431,
unit_002975,HongKong,3,3,51.0,27,2.455,0.0,0.06759,0.5169,22.396221,114.281523,27|22|3|13|7,0.1284|0.0892|0.0508|0.0441|0.0410,
unit_002976,HongKong,8,8,180.5,22,2.4574,0.0,0.06321,0.5158,22.394123,114.28077,22|16|27|21|23,0.1326|0.0897|0.0815|0.0814|0.0654,
unit_002977,HongKong,7,7,154.7,22,2.4655,0.0,0.06321,0.5158,22.394998,114.279389,22|27|16|31|10,0.1101|0.0994|0.0886|0.0535|0.0422,
unit_002978,HongKong,11,11,206.4,2,2.4837,0.0,0.0,0.5,22.444159,114.169771,2|1|14|3|7,0.0890|0.0791|0.0705|0.0572|0.0565,
unit_002979,HongKong,8,8,189.2,10,2.3848,0.0,0.0,0.5,22.449264,114.17052,10|13|31|7|3,0.0779|0.0731|0.0724|0.0543|0.0516,
unit_002980,HongKong,8,8,186.1,3,2.2281,0.0,0.0,0.5,22.454635,114.177862,3|21|22|1|27,0.1146|0.1036|0.0745|0.0589|0.0541,
unit_002981,HongKong,16,17,379.3,22,2.2009,2e-05,0.0,0.5,22.484321,114.159799,22|27|23|10|16,0.1292|0.0378|0.0319|0.0271|0.0244,
unit_002982,HongKong,19,22,455.1,22,2.1926,2e-05,0.0,0.5,22.487315,114.162604,22|23|27|13|10,0.1416|0.0356|0.0350|0.0350|0.0308,
unit_002983,HongKong,16,16,354.0,22,2.0548,0.0,0.0,0.5,22.486326,114.16345,22|27|16|10|13,0.1429|0.0764|0.0314|0.0285|0.0262,
unit_002984,HongKong,7,8,150.4,7,2.4322,0.0,0.05405,0.5135,22.512922,114.16645,7|22|31|10|21,0.0908|0.0846|0.0761|0.0750|0.0719,
unit_002985,HongKong,8,8,175.4,31,2.4093,0.0,0.0,0.5,22.511755,114.164398,31|16|3|22|7,0.1013|0.0870|0.0802|0.0767|0.0635,
unit_002986,HongKong,7,7,160.4,3,2.4209,0.0,0.0,0.5,22.510834,114.162136,3|31|16|7|22,0.0914|0.0904|0.0876|0.0758|0.0522,
unit_002987,HongKong,10,10,179.3,3,2.4209,0.0,0.0,0.5,22.511051,114.162365,3|31|16|7|22,0.0914|0.0904|0.0876|0.0758|0.0522,
unit_002988,HongKong,8,8,177.3,31,2.4093,0.0,0.0,0.5,22.511897,114.164512,31|16|3|22|7,0.1013|0.0870|0.0802|0.0767|0.0635,
unit_002989,HongKong,6,7,126.7,7,2.4333,0.0,0.06672,0.5167,22.513047,114.166472,7|22|31|10|21,0.0910|0.0846|0.0764|0.0747|0.0723,
unit_002990,HongKong,7,8,153.6,22,2.373,0.0,0.05478,0.5137,22.400154,114.282508,22|21|23|3|7,0.1368|0.0643|0.0580|0.0459|0.0429,
unit_002991,HongKong,6,7,128.0,22,2.3354,0.0,0.05478,0.5137,22.398844,114.283219,22|31|13|7|27,0.1448|0.0728|0.0594|0.0512|0.0454,
unit_002992,HongKong,22,22,476.8,22,2.2169,0.0,0.0,0.5,22.40177,114.28108,22|23|13|1|31,0.1833|0.0605|0.0500|0.0442|0.0346,
unit_002993,HongKong,26,26,339.8,13,2.0089,0.0,0.0,0.5,22.42736,114.266543,13|10|2|16|3,0.1028|0.0690|0.0668|0.0552|0.0382,
unit_002994,HongKong,65,74,1190.5,13,2.4433,0.0001,0.0,0.5,22.425517,114.263743,13|2|10|18|3,0.0941|0.0759|0.0739|0.0471|0.0424,
unit_002996,HongKong,10,16,226.3,27,2.3627,3e-05,0.0,0.5,22.416413,114.265945,27|22|23|21|2,0.1085|0.1066|0.0940|0.0732|0.0506,
unit_002999,HongKong,4,4,51.7,27,2.3433,0.0,0.0,0.5,22.416902,114.266718,27|22|23|2|21,0.1178|0.0995|0.0952|0.0729|0.0641,
unit_003000,HongKong,14,14,226.6,7,2.297,0.0,0.0,0.5,22.415507,114.270219,7|31|1|27|3,0.1252|0.0563|0.0493|0.0480|0.0470,
unit_003001,HongKong,15,15,320.6,13,2.3011,0.0,0.0,0.5,22.430399,114.258489,13|3|10|2|16,0.0987|0.0708|0.0570|0.0554|0.0552,
unit_003002,HongKong,7,8,164.9,22,2.4779,1e-05,0.1331,0.5332,22.397048,114.284288,22|21|23|3|18,0.1185|0.1048|0.0771|0.0513|0.0502,
unit_003004,HongKong,8,8,179.1,1,2.3943,0.0,0.0,0.5,22.364891,114.172559,1|3|31|10|21,0.1011|0.0927|0.0817|0.0641|0.0584,
unit_003005,HongKong,8,8,182.0,16,2.5197,0.0,0.0,0.5,22.370161,114.176392,16|7|14|18|31,0.0740|0.0643|0.0632|0.0626|0.0593,
unit_003006,HongKong,8,8,178.3,1,2.3943,0.0,0.0,0.5,22.36493,114.172496,1|3|31|10|21,0.1011|0.0927|0.0817|0.0641|0.0584,
unit_003007,HongKong,14,14,217.4,1,2.3816,0.0,0.0,0.5,22.376964,114.171925,1|31|3|27|16,0.1098|0.1022|0.0800|0.0641|0.0516,
unit_003008,HongKong,54,58,1237.2,7,2.3302,4e-05,0.0,0.5,22.51547,114.175141,7|3|13|31|27,0.1347|0.0759|0.0732|0.0665|0.0520,
unit_003009,HongKong,24,24,477.2,13,2.3028,0.0,0.0,0.5,22.513356,114.176498,13|22|7|21|27,0.1087|0.0962|0.0852|0.0780|0.0448,
unit_003010,HongKong,38,56,784.3,13,2.3844,0.0001,0.0,0.5,22.51578,114.170856,13|7|21|31|22,0.1119|0.0750|0.0692|0.0662|0.0638,
unit_003011,HongKong,7,8,152.8,31,2.405,0.0,0.101,0.5252,22.518244,114.174583,31|16|7|13|22,0.0918|0.0910|0.0882|0.0810|0.0697,
unit_003012,HongKong,7,8,152.8,22,2.3831,0.0,0.09303,0.5232,22.519191,114.175853,22|21|31|7|16,0.1367|0.0856|0.0644|0.0549|0.0506,
unit_003013,HongKong,8,8,178.2,22,2.3837,0.0,0.08507,0.5213,22.520521,114.176923,22|27|21|31|2,0.1280|0.0830|0.0782|0.0739|0.0535,
unit_003014,HongKong,36,38,606.3,21,2.3016,0.0,0.30542,0.5758,22.521643,114.178942,21|3|22|16|7,0.1270|0.0808|0.0688|0.0650|0.0591,
unit_003015,HongKong,12,12,255.5,22,2.3295,0.0,0.0,0.5,22.384705,114.176348,22|13|27|7|3,0.1575|0.0587|0.0548|0.0539|0.0503,
unit_003017,HongKong,20,20,340.5,27,2.4552,0.0,0.0,0.5,22.401955,114.195372,27|31|16|21|1,0.0817|0.0703|0.0647|0.0566|0.0560,
unit_003018,HongKong,30,38,464.3,21,2.425,0.0,0.11002,0.5275,22.370328,114.197766,21|16|7|10|31,0.1119|0.0920|0.0755|0.0726|0.0670,
unit_003019,HongKong,15,15,237.2,18,2.3479,0.0,0.0,0.5,22.372047,114.174119,18|21|14|10|31,0.1276|0.0760|0.0759|0.0524|0.0504,
unit_003020,HongKong,5,5,100.3,22,2.2658,0.0,0.07368,0.5184,22.386099,114.178535,22|27|31|13|16,0.1075|0.0717|0.0505|0.0476|0.0369,
unit_003023,HongKong,6,7,125.4,22,2.4071,0.0,0.07167,0.5179,22.384794,114.180883,22|31|27|7|1,0.1097|0.0915|0.0658|0.0452|0.0438,
unit_003024,HongKong,11,13,250.8,22,2.2585,1e-05,0.07167,0.5179,22.383768,114.181892,22|27|10|23|21,0.1059|0.0921|0.0609|0.0406|0.0403,
unit_003025,HongKong,17,19,320.9,21,2.521,0.0,0.0803,0.5201,22.367856,114.198619,21|10|31|16|27,0.0949|0.0832|0.0796|0.0574|0.0554,
unit_003026,HongKong,14,16,202.8,21,2.4043,0.0,0.08902,0.5222,22.369061,114.198071,21|27|16|2|22,0.1350|0.0656|0.0627|0.0595|0.0562,
unit_003027,HongKong,8,8,177.3,21,2.4975,0.0,0.0,0.5,22.381749,114.18716,21|10|2|1|16,0.0734|0.0724|0.0715|0.0714|0.0549,
unit_003028,HongKong,21,29,517.5,22,2.4419,5e-05,0.0,0.5,22.380304,114.18393,22|23|27|31|13,0.1315|0.0809|0.0798|0.0468|0.0456,
unit_003029,HongKong,14,14,327.4,22,2.3131,0.0,0.0,0.5,22.376985,114.168021,22|23|7|3|13,0.1148|0.0825|0.0776|0.0666|0.0589,
unit_003030,HongKong,18,18,383.8,27,2.2475,0.0,0.0,0.5,22.382361,114.180697,27|22|21|10|13,0.1013|0.0887|0.0874|0.0568|0.0549,
unit_003032,HongKong,14,14,291.9,16,2.4146,0.0,0.0,0.5,22.377175,114.180573,16|1|3|2|7,0.0835|0.0617|0.0607|0.0468|0.0459,
unit_003033,HongKong,24,24,428.6,31,2.5409,0.0,0.0,0.5,22.370722,114.173827,31|1|22|16|18,0.0966|0.0813|0.0686|0.0635|0.0625,
unit_003035,HongKong,9,9,155.7,1,2.5178,0.0,0.0,0.5,22.377061,114.17848,1|7|2|10|16,0.0991|0.0649|0.0606|0.0448|0.0431,
unit_003036,HongKong,6,6,125.7,21,2.4757,0.0,0.0,0.5,22.415448,114.20044,21|7|27|1|3,0.0798|0.0786|0.0654|0.0516|0.0514,
unit_003037,HongKong,9,9,201.1,10,2.4142,0.0,0.18302,0.5456,22.41264,114.202718,10|18|16|27|31,0.0793|0.0728|0.0695|0.0461|0.0448,
unit_003038,HongKong,8,8,176.0,27,2.4872,0.0,0.18302,0.5456,22.412987,114.201117,27|2|16|22|18,0.1392|0.0631|0.0624|0.0556|0.0515,
unit_003039,HongKong,7,8,150.9,27,2.3438,0.0,0.15036,0.5375,22.411549,114.20125,27|16|1|21|22,0.1375|0.0675|0.0609|0.0516|0.0404,
unit_003040,HongKong,7,8,150.9,16,2.3956,1e-05,0.15036,0.5375,22.411194,114.202659,16|31|22|27|3,0.0991|0.0942|0.0778|0.0582|0.0530,
unit_003041,HongKong,8,8,176.0,22,2.5597,0.0,0.0,0.5,22.411187,114.205311,22|31|16|21|27,0.1182|0.0857|0.0705|0.0643|0.0578,
unit_003042,HongKong,4,4,61.0,21,2.4327,0.0,0.0,0.5,22.545843,114.220599,21|22|31|13|7,0.0974|0.0906|0.0693|0.0650|0.0551,
unit_003043,HongKong,22,38,415.9,7,2.3009,9e-05,0.10755,0.5268,22.475382,114.220048,7|22|21|16|13,0.1319|0.0695|0.0621|0.0619|0.0491,
unit_003044,HongKong,8,9,176.4,22,2.2822,0.0,0.15917,0.5397,22.435529,114.165469,22|27|7|13|1,0.1267|0.0690|0.0549|0.0471|0.0373,
unit_003045,HongKong,9,9,201.6,27,2.4696,0.0,0.0,0.5,22.433989,114.167712,27|23|18|3|10,0.0904|0.0695|0.0615|0.0604|0.0588,
unit_003046,HongKong,20,20,360.8,22,2.427,0.0,0.0,0.5,22.432688,114.16912,22|7|23|27|31,0.1405|0.0815|0.0578|0.0532|0.0499,
unit_003048,HongKong,10,10,217.6,7,2.4383,0.0,0.0,0.5,22.431098,114.16949,7|31|13|3|27,0.1207|0.0618|0.0593|0.0549|0.0536,
unit_003049,HongKong,9,9,201.6,27,2.4696,0.0,0.0,0.5,22.433989,114.167712,27|23|18|3|10,0.0904|0.0695|0.0615|0.0604|0.0588,
unit_003050,HongKong,8,9,176.4,22,2.2822,0.0,0.15917,0.5397,22.435529,114.165469,22|27|7|13|1,0.1267|0.0690|0.0549|0.0471|0.0373,
unit_003052,HongKong,5,6,106.2,7,2.2677,0.0,0.07126,0.5178,22.353344,114.246881,7|22|13|21|27,0.1194|0.0728|0.0677|0.0473|0.0457,
unit_003053,HongKong,24,24,386.6,3,2.4351,0.0,0.0,0.5,22.355166,114.248512,3|7|31|27|10,0.0787|0.0770|0.0641|0.0560|0.0548,
unit_003055,HongKong,7,7,153.5,21,2.4905,0.0,0.0,0.5,22.391686,114.276499,21|27|23|22|7,0.0991|0.0883|0.0715|0.0674|0.0604,
unit_003056,HongKong,8,8,179.1,21,2.4192,0.0,0.0,0.5,22.393617,114.277394,21|22|7|23|31,0.1157|0.0857|0.0854|0.0754|0.0539,
unit_003057,HongKong,26,26,549.0,7,2.4718,0.0,0.05929,0.5148,22.499475,114.154043,7|21|13|31|22,0.1119|0.0833|0.0804|0.0646|0.0616,
unit_003059,HongKong,13,16,309.4,22,2.3089,2e-05,0.10061,0.5251,22.499979,114.156036,22|31|23|13|3,0.1426|0.0665|0.0528|0.0412|0.0387,
unit_003060,HongKong,8,8,177.4,22,2.2811,0.0,0.0,0.5,22.516634,114.163243,22|13|7|31|16,0.0922|0.0756|0.0540|0.0525|0.0423,
unit_003061,HongKong,15,17,354.9,22,2.3677,4e-05,0.0,0.5,22.515751,114.160905,22|13|7|31|21,0.0955|0.0927|0.0835|0.0756|0.0452,
unit_003062,HongKong,9,9,202.8,13,2.2367,0.0,0.0578,0.5144,22.513565,114.158922,13|7|22|21|3,0.1280|0.1032|0.0748|0.0523|0.0395,
unit_003063,HongKong,8,8,177.4,13,2.4428,0.0,0.0578,0.5144,22.511968,114.157938,13|22|7|3|21,0.1008|0.0831|0.0696|0.0599|0.0564,
unit_003064,HongKong,31,34,639.6,22,2.4276,4e-05,0.0,0.5,22.509348,114.157144,22|16|13|31|3,0.0809|0.0756|0.0578|0.0558|0.0480,
unit_003065,HongKong,10,10,232.7,13,2.2777,0.0,0.0,0.5,22.518398,114.161797,13|22|7|31|16,0.1215|0.1081|0.0710|0.0700|0.0390,
unit_003066,HongKong,26,28,528.3,21,2.379,0.0,0.12513,0.5312,22.518422,114.165462,21|7|13|16|3,0.1033|0.0823|0.0693|0.0520|0.0505,
unit_003067,HongKong,9,9,202.9,13,2.3959,0.0,0.0,0.5,22.522858,114.15833,13|7|22|21|23,0.0973|0.0967|0.0886|0.0749|0.0509,
unit_003068,HongKong,11,15,254.7,22,2.4428,7e-05,0.11691,0.5292,22.522192,114.155513,22|3|7|31|16,0.1436|0.0621|0.0612|0.0514|0.0419,
unit_003069,HongKong,34,36,662.8,7,2.3378,0.0,0.11691,0.5292,22.522539,114.153789,7|3|13|23|31,0.1068|0.0953|0.0620|0.0578|0.0532,
unit_003070,HongKong,24,24,453.6,22,2.3267,0.0,0.0,0.5,22.529713,114.155134,22|31|7|16|3,0.1287|0.1035|0.0809|0.0686|0.0662,
unit_003071,HongKong,8,8,175.9,21,2.5611,0.0,0.0,0.5,22.531865,114.153433,21|22|16|31|13,0.0899|0.0729|0.0673|0.0590|0.0585,
unit_003072,HongKong,8,8,180.5,22,2.4936,0.0,0.0,0.5,22.527977,114.154468,22|7|31|21|23,0.0920|0.0791|0.0652|0.0582|0.0551,
unit_003073,HongKong,8,8,177.1,22,2.2843,0.0,0.12513,0.5312,22.519957,114.164735,22|31|7|16|13,0.1036|0.0943|0.0931|0.0692|0.0594,
unit_003074,HongKong,8,8,177.1,21,2.394,0.0,0.0,0.5,22.521586,114.162665,21|7|22|16|13,0.0999|0.0894|0.0830|0.0703|0.0548,
unit_003075,HongKong,10,10,232.7,13,2.2777,0.0,0.0,0.5,22.518398,114.161797,13|22|7|31|16,0.1215|0.1081|0.0710|0.0700|0.0390,
unit_003076,HongKong,8,8,176.6,7,2.4582,0.0,0.0,0.5,22.521146,114.161506,7|13|22|21|3,0.0991|0.0985|0.0684|0.0639|0.0440,
unit_003077,HongKong,37,51,734.7,10,2.354,1e-05,0.0,0.5,22.456959,114.213201,10|16|3|31|18,0.0668|0.0649|0.0554|0.0546|0.0542,
unit_003078,HongKong,7,7,150.9,16,2.3516,0.0,0.0,0.5,22.419866,114.207981,16|27|2|31|23,0.1023|0.0758|0.0601|0.0553|0.0429,
unit_003079,HongKong,3,3,54.3,21,2.4142,0.0,0.0,0.5,22.41854,114.207008,21|7|22|10|27,0.1285|0.0817|0.0727|0.0590|0.0573,
unit_003080,HongKong,13,23,315.2,22,2.4153,0.00013,0.129,0.5322,22.474896,114.237473,22|31|27|23|21,0.1429|0.0685|0.0627|0.0609|0.0608,
unit_003081,HongKong,42,68,1042.6,21,2.3703,3e-05,0.0,0.5,22.459423,114.188393,21|13|1|3|7,0.1273|0.0646|0.0564|0.0546|0.0528,
unit_003082,HongKong,5,6,103.5,21,2.5245,2e-05,0.1991,0.5496,22.404831,114.207947,21|16|7|18|31,0.1160|0.0901|0.0657|0.0616|0.0576,
unit_003083,HongKong,57,66,970.1,1,2.4255,5e-05,0.0,0.5,22.399568,114.191623,1|31|21|16|7,0.1195|0.0665|0.0626|0.0624|0.0608,
unit_003084,HongKong,24,24,528.0,27,2.4478,0.0,0.0,0.5,22.399908,114.195341,27|22|21|23|31,0.1269|0.1076|0.0905|0.0632|0.0581,
unit_003085,HongKong,8,8,175.7,31,2.3886,0.0,0.0,0.5,22.407158,114.21127,31|21|22|7|3,0.1148|0.1066|0.0897|0.0775|0.0622,
unit_003086,HongKong,8,8,175.7,31,2.3237,0.0,0.0,0.5,22.40887,114.212716,31|7|21|13|3,0.1019|0.0907|0.0904|0.0734|0.0538,
unit_003087,HongKong,7,7,154.0,3,2.3972,0.0,0.0,0.5,22.416686,114.21349,3|21|18|10|23,0.0882|0.0828|0.0686|0.0639|0.0472,
unit_003088,HongKong,6,6,128.3,18,2.4278,0.0,0.0,0.5,22.414531,114.213067,18|21|2|7|16,0.1130|0.0950|0.0883|0.0658|0.0594,
unit_003089,HongKong,7,7,150.2,3,2.3972,0.0,0.0,0.5,22.416699,114.213658,3|21|18|10|23,0.0882|0.0828|0.0686|0.0639|0.0472,
unit_003091,HongKong,7,7,152.7,18,2.5562,0.0,0.0,0.5,22.424001,114.211756,18|2|31|16|21,0.0789|0.0713|0.0692|0.0552|0.0483,
unit_003092,HongKong,7,7,152.7,18,2.5601,0.0,0.0,0.5,22.425101,114.210293,18|31|16|21|27,0.0929|0.0829|0.0628|0.0588|0.0573,
unit_003093,HongKong,24,24,415.6,16,2.457,0.0,0.0,0.5,22.426746,114.207912,16|1|3|10|21,0.0961|0.0629|0.0621|0.0570|0.0451,
unit_003094,HongKong,31,31,456.7,10,2.5094,0.0,0.0,0.5,22.42697,114.202813,10|21|31|3|2,0.0943|0.0879|0.0695|0.0659|0.0619,
unit_003095,HongKong,49,68,816.7,18,2.496,7e-05,0.23742,0.5591,22.431161,114.201928,18|21|3|31|10,0.1053|0.0881|0.0764|0.0601|0.0528,
unit_003096,HongKong,8,8,188.2,31,2.3254,0.0,0.32304,0.5801,22.432916,114.202137,31|1|7|16|3,0.0891|0.0884|0.0623|0.0621|0.0533,
unit_003097,HongKong,10,12,233.1,21,2.4859,5e-05,0.0,0.5,22.434575,114.201139,21|3|16|7|18,0.1189|0.0830|0.0598|0.0539|0.0525,
unit_003098,HongKong,17,21,263.8,21,2.4999,4e-05,0.0,0.5,22.434918,114.200327,21|18|3|16|14,0.0992|0.0959|0.0796|0.0508|0.0490,
unit_003099,HongKong,8,15,182.5,18,2.4697,3e-05,0.0,0.5,22.436854,114.197925,18|31|10|16|22,0.1207|0.0770|0.0763|0.0735|0.0651,
unit_003100,HongKong,10,12,233.1,21,2.4859,5e-05,0.0,0.5,22.434575,114.201139,21|3|16|7|18,0.1189|0.0830|0.0598|0.0539|0.0525,
unit_003101,HongKong,8,8,177.3,13,2.3793,0.0,0.0,0.5,22.39058,114.196042,13|18|16|31|2,0.1038|0.0850|0.0666|0.0617|0.0590,
unit_003102,HongKong,8,8,181.7,18,2.4855,0.0,0.0,0.5,22.394626,114.19645,18|21|1|31|3,0.1114|0.1006|0.0698|0.0594|0.0503,
unit_003103,HongKong,8,8,179.4,31,2.3714,0.0,0.0,0.5,22.388389,114.197232,31|3|1|21|7,0.0916|0.0877|0.0827|0.0658|0.0518,
unit_003104,HongKong,12,12,253.3,21,2.2951,0.0,0.0,0.5,22.391276,114.187986,21|7|27|13|31,0.1218|0.0846|0.0572|0.0531|0.0508,
unit_003106,HongKong,8,13,184.4,7,2.248,2e-05,0.0,0.5,22.394614,114.188199,7|31|13|16|27,0.1049|0.0958|0.0760|0.0545|0.0505,
unit_003107,HongKong,8,13,184.4,7,2.248,2e-05,0.0,0.5,22.394614,114.188199,7|31|13|16|27,0.1049|0.0958|0.0760|0.0545|0.0505,
unit_003109,HongKong,8,8,181.0,3,2.3972,0.0,0.0,0.5,22.416638,114.213795,3|21|18|10|23,0.0882|0.0828|0.0686|0.0639|0.0472,
unit_003110,HongKong,21,21,392.8,16,2.457,0.0,0.0,0.5,22.389001,114.206281,16|1|21|31|7,0.0997|0.0817|0.0764|0.0755|0.0751,
unit_003111,HongKong,20,20,373.0,21,2.467,0.0,0.0,0.5,22.389443,114.208961,21|16|3|1|7,0.0874|0.0818|0.0721|0.0698|0.0639,
unit_003112,HongKong,3,3,52.8,1,2.439,0.0,0.0,0.5,22.395473,114.210452,1|21|7|31|27,0.0918|0.0853|0.0637|0.0613|0.0603,
unit_003113,HongKong,36,61,577.3,21,2.4131,1e-05,0.0,0.5,22.397135,114.211355,21|18|16|2|14,0.1202|0.0871|0.0780|0.0615|0.0569,
unit_003114,HongKong,8,8,184.7,16,2.2388,0.0,0.0,0.5,22.371568,114.185405,16|27|21|31|22,0.1237|0.0853|0.0851|0.0772|0.0727,
unit_003115,HongKong,20,20,351.9,31,2.4517,0.0,0.0,0.5,22.411224,114.208592,31|22|16|27|10,0.0982|0.0972|0.0885|0.0827|0.0776,
unit_003116,HongKong,8,8,178.3,31,2.4351,0.0,0.0,0.5,22.377633,114.191071,31|1|3|21|18,0.1017|0.0854|0.0830|0.0817|0.0503,
unit_003117,HongKong,8,8,178.3,31,2.3775,0.0,0.0,0.5,22.379285,114.192662,31|21|1|18|3,0.1113|0.1043|0.0796|0.0715|0.0559,
unit_003118,HongKong,8,14,180.9,13,2.3667,1e-05,0.0,0.5,22.384887,114.189519,13|10|16|1|3,0.0804|0.0780|0.0765|0.0758|0.0585,
unit_003119,HongKong,7,8,152.9,18,2.2866,0.0,0.10448,0.5261,22.388051,114.199178,18|1|10|31|21,0.1143|0.0900|0.0703|0.0639|0.0468,
unit_003120,HongKong,10,10,180.2,31,2.4412,0.0,0.0,0.5,22.427615,114.206584,31|1|3|16|18,0.0906|0.0756|0.0750|0.0694|0.0514,
unit_003121,HongKong,8,8,176.5,18,2.5601,0.0,0.0,0.5,22.42516,114.210342,18|31|16|21|27,0.0929|0.0829|0.0628|0.0588|0.0573,
unit_003122,HongKong,6,6,126.1,18,2.5562,0.0,0.0,0.5,22.424081,114.211802,18|2|31|16|21,0.0789|0.0713|0.0692|0.0552|0.0483,
unit_003123,HongKong,8,8,179.3,18,2.279,0.0,0.0,0.5,22.367458,114.180762,18|21|1|31|7,0.1109|0.0967|0.0827|0.0626|0.0372,
unit_003124,HongKong,47,74,1043.1,22,2.4267,9e-05,0.05605,0.514,22.428136,114.161827,22|10|31|3|23,0.1407|0.0637|0.0582|0.0505|0.0503,
unit_003125,HongKong,9,10,207.0,22,2.3054,0.0,0.05605,0.514,22.425697,114.161361,22|23|3|31|27,0.1379|0.0617|0.0465|0.0463|0.0353,
unit_003126,HongKong,30,30,599.4,22,2.4151,0.0,0.0,0.5,22.430246,114.163158,22|7|23|16|3,0.1409|0.0653|0.0543|0.0514|0.0469,
unit_003127,HongKong,20,20,421.4,7,2.2653,0.0,0.0,0.5,22.435897,114.162439,7|22|3|27|23,0.0832|0.0773|0.0694|0.0664|0.0584,
unit_003128,HongKong,32,32,597.5,7,2.3409,0.0,0.0,0.5,22.393091,114.300201,7|21|22|27|1,0.1255|0.0800|0.0673|0.0559|0.0479,
unit_003129,HongKong,28,28,620.5,22,2.3308,0.0,0.0,0.5,22.399202,114.283724,22|31|13|7|27,0.1428|0.0734|0.0591|0.0507|0.0451,
unit_003130,HongKong,7,8,164.9,22,2.4779,1e-05,0.1331,0.5332,22.397048,114.284288,22|21|23|3|18,0.1185|0.1048|0.0771|0.0513|0.0502,
unit_003131,HongKong,6,7,128.0,22,2.3354,0.0,0.05478,0.5137,22.398844,114.283219,22|31|13|7|27,0.1448|0.0728|0.0594|0.0512|0.0454,
unit_003132,HongKong,7,8,153.6,22,2.373,0.0,0.05478,0.5137,22.400154,114.282508,22|21|23|3|7,0.1368|0.0643|0.0580|0.0459|0.0429,
unit_003133,HongKong,27,28,540.0,31,2.3555,1e-05,0.06366,0.5159,22.525188,114.161525,31|7|16|22|13,0.1138|0.0875|0.0799|0.0707|0.0571,
unit_003134,HongKong,8,8,179.3,16,2.3449,0.0,0.0,0.5,22.524598,114.163395,16|22|13|31|7,0.1026|0.1022|0.0962|0.0916|0.0755,
unit_003135,HongKong,8,8,179.3,13,2.4547,0.0,0.0,0.5,22.524618,114.165956,13|7|22|31|27,0.0944|0.0935|0.0687|0.0656|0.0526,
unit_003136,HongKong,8,8,181.3,22,2.2909,0.0,0.0,0.5,22.526712,114.164049,22|7|13|3|31,0.1050|0.0953|0.0774|0.0743|0.0561,
unit_003137,HongKong,7,7,152.7,13,2.3967,0.0,0.06366,0.5159,22.523805,114.162,13|7|21|2|3,0.1131|0.0898|0.0546|0.0503|0.0417,
unit_003138,HongKong,4,4,77.3,13,2.3967,0.0,0.0,0.5,22.523371,114.161536,13|7|21|2|3,0.1131|0.0898|0.0546|0.0503|0.0417,
unit_003139,HongKong,8,8,179.3,13,2.4547,0.0,0.0,0.5,22.524618,114.165956,13|7|22|31|27,0.0944|0.0935|0.0687|0.0656|0.0526,
unit_003140,HongKong,8,8,179.3,16,2.3449,0.0,0.0,0.5,22.524598,114.163395,16|22|13|31|7,0.1026|0.1022|0.0962|0.0916|0.0755,
unit_003141,HongKong,8,8,181.3,22,2.2909,0.0,0.0,0.5,22.526712,114.164049,22|7|13|3|31,0.1050|0.0953|0.0774|0.0743|0.0561,
unit_003142,HongKong,8,8,176.0,13,2.4248,0.0,0.0,0.5,22.528116,114.169628,13|7|22|21|16,0.1198|0.0837|0.0794|0.0631|0.0577,
unit_003143,HongKong,13,21,301.7,13,2.446,6e-05,0.05406,0.5135,22.530304,114.169226,13|22|31|7|16,0.1042|0.0838|0.0701|0.0634|0.0629,
unit_003145,HongKong,32,40,666.0,21,2.4563,5e-05,0.13681,0.5341,22.465697,114.208526,21|22|3|7|10,0.1018|0.0929|0.0717|0.0653|0.0510,
unit_003146,HongKong,8,8,176.2,21,2.3445,0.0,0.13681,0.5341,22.463975,114.207538,21|3|7|1|16,0.0968|0.0893|0.0689|0.0626|0.0481,
unit_003147,HongKong,8,8,176.2,16,2.5135,0.0,0.0,0.5,22.462323,114.206071,16|3|13|22|31,0.0765|0.0759|0.0676|0.0675|0.0626,
unit_003148,HongKong,25,31,551.4,22,2.4077,4e-05,0.0,0.5,22.395971,114.218026,22|21|27|16|31,0.1306|0.0966|0.0759|0.0645|0.0611,
unit_003149,HongKong,8,8,175.4,21,2.4893,0.0,0.0,0.5,22.398714,114.217108,21|7|3|2|27,0.1084|0.0765|0.0681|0.0525|0.0499,
unit_003150,HongKong,8,8,175.4,22,2.5242,0.0,0.0,0.5,22.399276,114.215756,22|21|10|27|31,0.1068|0.0956|0.0664|0.0619|0.0562,
unit_003151,HongKong,22,22,315.3,31,2.4897,0.0,0.0,0.5,22.401935,114.216177,31|16|10|7|3,0.0970|0.0881|0.0824|0.0745|0.0675,
unit_003152,HongKong,4,4,76.5,31,2.4897,0.0,0.0,0.5,22.402363,114.216088,31|16|10|7|3,0.0970|0.0881|0.0824|0.0745|0.0675,
unit_003154,HongKong,7,8,153.0,22,2.4803,0.0,0.06123,0.5153,22.401107,114.21432,22|21|31|3|7,0.1028|0.0955|0.0814|0.0724|0.0661,
unit_003155,HongKong,7,8,153.0,18,2.4944,1e-05,0.06123,0.5153,22.399949,114.213205,18|21|31|3|16,0.0998|0.0814|0.0722|0.0670|0.0586,
unit_003156,HongKong,8,11,175.6,18,2.4238,0.0,0.0,0.5,22.403769,114.217337,18|2|16|14|3,0.1194|0.0878|0.0772|0.0584|0.0494,
unit_003157,HongKong,9,15,202.5,18,2.5052,0.00012,0.0,0.5,22.403796,114.217463,18|16|2|31|14,0.0983|0.0828|0.0761|0.0598|0.0595,
unit_003158,HongKong,16,16,329.6,18,2.5619,0.0,0.0,0.5,22.406803,114.22151,18|21|31|7|3,0.0977|0.0897|0.0606|0.0592|0.0523,
unit_003160,HongKong,5,8,104.7,21,2.4554,3e-05,0.0596,0.5149,22.441696,114.165589,21|31|1|3|10,0.1048|0.0994|0.0955|0.0902|0.0517,
unit_003163,HongKong,5,8,104.7,21,2.4554,3e-05,0.0596,0.5149,22.441696,114.165589,21|31|1|3|10,0.1048|0.0994|0.0955|0.0902|0.0517,
unit_003164,HongKong,9,10,143.8,21,2.3169,0.0,0.0738,0.5184,22.449766,114.167132,21|1|31|16|3,0.1102|0.0919|0.0603|0.0493|0.0389,
unit_003165,HongKong,42,54,765.1,7,2.4004,4e-05,0.0,0.5,22.47293,114.155881,7|13|22|31|3,0.1162|0.0794|0.0736|0.0707|0.0553,
unit_003166,HongKong,26,26,456.5,10,2.4024,0.0,0.22661,0.5564,22.472671,114.153993,10|7|21|3|13,0.0796|0.0777|0.0729|0.0701|0.0532,
unit_003167,HongKong,26,26,563.6,7,2.2691,0.0,0.0,0.5,22.476766,114.156429,7|31|1|27|3,0.1565|0.0601|0.0459|0.0431|0.0391,
unit_003168,HongKong,27,27,393.1,3,2.4685,0.0,0.0,0.5,22.506764,114.154235,3|31|1|7|22,0.1024|0.0804|0.0646|0.0561|0.0542,
unit_003169,HongKong,8,8,175.1,23,2.3953,0.0,0.0,0.5,22.374718,114.168436,23|31|2|27|3,0.1131|0.0966|0.0669|0.0630|0.0471,
unit_003170,HongKong,13,13,287.4,7,2.4836,0.0,0.0,0.5,22.374402,114.173864,7|31|21|22|3,0.0942|0.0934|0.0905|0.0743|0.0644,
unit_003171,HongKong,12,12,137.9,31,2.3918,0.0,0.0,0.5,22.376326,114.182134,31|7|16|1|13,0.0849|0.0845|0.0658|0.0635|0.0528,
unit_003172,HongKong,7,7,150.3,16,2.4666,0.0,0.0,0.5,22.382103,114.174666,16|22|18|27|23,0.1103|0.0915|0.0872|0.0679|0.0609,
unit_003173,HongKong,8,8,175.3,16,2.5102,0.0,0.0,0.5,22.381951,114.170896,16|18|23|22|27,0.0916|0.0803|0.0766|0.0676|0.0635,
unit_003174,HongKong,7,7,150.3,16,2.414,0.0,0.0,0.5,22.381033,114.167998,16|22|23|31|18,0.0982|0.0752|0.0657|0.0617|0.0596,
unit_003175,HongKong,10,16,225.4,14,2.4079,0.00014,0.0,0.5,22.380462,114.1657,14|16|23|31|18,0.0956|0.0716|0.0466|0.0390|0.0372,
unit_003176,HongKong,8,8,175.3,14,1.6422,0.0,0.0,0.5,22.379848,114.163529,14|18|16|23|31,0.1540|0.0537|0.0381|0.0260|0.0153,
unit_003177,HongKong,8,8,175.3,14,1.7746,0.0,0.0,0.5,22.379032,114.160712,14|18|16|23|27,0.1480|0.0478|0.0432|0.0278|0.0104,
unit_003178,HongKong,8,15,175.3,14,1.8105,0.0,0.0,0.5,22.378279,114.158111,14|16|18|23|10,0.1569|0.0454|0.0406|0.0236|0.0164,
unit_003179,HongKong,8,8,175.3,14,1.6695,0.0,0.0,0.5,22.377025,114.153777,14|18|16|23|31,0.1475|0.0553|0.0326|0.0227|0.0162,
unit_003180,HongKong,7,7,150.3,14,1.6386,0.0,0.0,0.5,22.376512,114.151929,14|16|18|23|31,0.1511|0.0421|0.0415|0.0197|0.0123,
unit_003181,HongKong,12,23,275.5,14,1.7077,0.0,0.0,0.5,22.376137,114.148918,14|16|18|23|31,0.1395|0.0447|0.0371|0.0192|0.0149,
unit_003182,HongKong,7,7,150.3,14,1.7064,0.0,0.0,0.5,22.376638,114.145247,14|18|16|23|31,0.1452|0.0618|0.0346|0.0265|0.0160,
unit_003183,HongKong,8,8,175.3,23,2.3925,0.0,0.0,0.5,22.379832,114.140037,23|2|16|27|22,0.1146|0.0729|0.0689|0.0660|0.0634,
unit_003185,HongKong,8,8,175.3,16,2.3601,0.0,0.0,0.5,22.381432,114.13502,16|18|23|2|31,0.0890|0.0814|0.0690|0.0668|0.0660,
unit_003186,HongKong,54,73,1062.3,31,2.5313,5e-05,0.0,0.5,22.380515,114.133275,31|16|22|3|10,0.0872|0.0831|0.0765|0.0708|0.0532,
unit_003187,HongKong,8,8,180.3,7,2.4677,0.0,0.0,0.5,22.380727,114.178507,7|31|1|21|27,0.0932|0.0831|0.0671|0.0662|0.0499,
unit_003188,HongKong,22,22,428.4,21,2.3636,0.0,0.17463,0.5435,22.378623,114.17383,21|1|31|3|16,0.1222|0.1090|0.1018|0.0708|0.0440,
unit_003189,HongKong,10,10,212.6,1,2.401,0.0,0.0,0.5,22.381336,114.218181,1|27|22|21|7,0.1079|0.0664|0.0589|0.0583|0.0552,
unit_003190,HongKong,22,22,385.1,7,2.4424,0.0,0.0,0.5,22.384112,114.217175,7|27|22|10|31,0.1054|0.0889|0.0691|0.0690|0.0646,
unit_003192,HongKong,8,8,175.4,22,2.5242,0.0,0.0,0.5,22.399276,114.215756,22|21|10|27|31,0.1068|0.0956|0.0664|0.0619|0.0562,
unit_003193,HongKong,8,8,175.4,21,2.4893,0.0,0.0,0.5,22.398714,114.217108,21|7|3|2|27,0.1084|0.0765|0.0681|0.0525|0.0499,
unit_003194,HongKong,7,8,153.0,18,2.4944,1e-05,0.06123,0.5153,22.399949,114.213205,18|21|31|3|16,0.0998|0.0814|0.0722|0.0670|0.0586,
unit_003195,HongKong,7,8,153.0,22,2.4803,0.0,0.06123,0.5153,22.401107,114.21432,22|21|31|3|7,0.1028|0.0955|0.0814|0.0724|0.0661,
unit_003197,HongKong,4,4,76.5,31,2.4897,0.0,0.0,0.5,22.402363,114.216088,31|16|10|7|3,0.0970|0.0881|0.0824|0.0745|0.0675,
unit_003199,HongKong,8,8,176.7,21,2.3651,0.0,0.0,0.5,22.408461,114.22041,21|1|31|3|16,0.0952|0.0926|0.0769|0.0726|0.0441,
unit_003200,HongKong,4,4,77.0,21,2.3916,0.0,0.08897,0.5222,22.409387,114.223032,21|1|3|16|7,0.1226|0.0941|0.0851|0.0674|0.0564,
unit_003204,HongKong,10,21,225.1,16,2.5429,0.00015,0.0,0.5,22.403523,114.217795,16|31|7|18|13,0.0897|0.0822|0.0673|0.0657|0.0607,
unit_003205,HongKong,13,13,252.1,31,2.4897,0.0,0.0,0.5,22.402441,114.215735,31|16|10|7|3,0.0970|0.0881|0.0824|0.0745|0.0675,
unit_003206,HongKong,8,8,176.7,21,2.3651,0.0,0.0,0.5,22.408461,114.22041,21|1|31|3|16,0.0952|0.0926|0.0769|0.0726|0.0441,
unit_003207,HongKong,7,7,160.0,2,2.4634,0.0,0.08983,0.5224,22.411628,114.224845,2|18|21|1|13,0.0997|0.0990|0.0779|0.0702|0.0560,
unit_003208,HongKong,4,4,80.2,18,2.4083,0.0,0.0,0.5,22.413889,114.227454,18|14|16|2|10,0.1146|0.0727|0.0579|0.0561|0.0497,
unit_003209,HongKong,24,26,444.5,21,2.2997,0.0,0.14066,0.5351,22.413766,114.222441,21|1|3|10|31,0.1017|0.0916|0.0616|0.0614|0.0551,
unit_003210,HongKong,22,26,425.7,21,2.3692,0.0,0.07611,0.519,22.417438,114.224081,21|1|31|7|3,0.1217|0.0989|0.0844|0.0806|0.0481,
unit_003211,HongKong,6,7,130.8,1,2.3935,0.0,0.07611,0.519,22.41867,114.224714,1|31|3|27|7,0.1083|0.0918|0.0780|0.0572|0.0393,
unit_003212,HongKong,10,10,181.0,18,2.2565,0.0,0.0,0.5,22.41932,114.226289,18|1|3|2|21,0.1048|0.1001|0.0659|0.0604|0.0563,
unit_003213,HongKong,10,10,185.6,21,2.4134,0.0,0.0,0.5,22.421693,114.227201,21|1|3|18|31,0.1031|0.0958|0.0722|0.0616|0.0608,
unit_003214,HongKong,15,16,350.3,31,2.5021,3e-05,0.0,0.5,22.423829,114.237906,31|16|22|1|7,0.1294|0.0872|0.0683|0.0654|0.0558,
unit_003215,HongKong,8,8,178.9,1,2.4859,0.0,0.0,0.5,22.426109,114.231827,1|31|16|18|2,0.1123|0.0956|0.0706|0.0499|0.0491,
unit_003216,HongKong,15,16,350.3,31,2.5021,3e-05,0.0,0.5,22.423829,114.237906,31|16|22|1|7,0.1294|0.0872|0.0683|0.0654|0.0558,
unit_003217,HongKong,40,69,905.1,21,2.499,7e-05,0.07329,0.5183,22.461859,114.191881,21|10|16|31|22,0.0919|0.0870|0.0749|0.0609|0.0590,
unit_003218,HongKong,22,24,425.2,22,2.4112,0.0,0.08768,0.5219,22.465413,114.193498,22|21|7|31|27,0.0911|0.0746|0.0663|0.0660|0.0645,
unit_003219,HongKong,8,10,175.2,1,2.487,0.0,0.08768,0.5219,22.466473,114.193401,1|3|21|31|7,0.0853|0.0813|0.0746|0.0586|0.0522,
unit_003220,HongKong,8,8,181.2,1,2.3492,0.0,0.10224,0.5255,22.464146,114.195288,1|21|7|3|31,0.0922|0.0709|0.0633|0.0555|0.0471,
unit_003221,HongKong,18,18,362.4,7,2.2693,0.0,0.10224,0.5255,22.462841,114.196469,7|1|31|27|3,0.0829|0.0775|0.0741|0.0477|0.0447,
unit_003222,HongKong,14,14,213.5,21,2.4938,0.0,0.0,0.5,22.376538,114.19675,21|1|7|27|2,0.1118|0.0805|0.0643|0.0616|0.0602,
unit_003223,HongKong,6,7,130.8,1,2.3935,0.0,0.07611,0.519,22.41867,114.224714,1|31|3|27|7,0.1083|0.0918|0.0780|0.0572|0.0393,
unit_003224,HongKong,13,19,302.1,18,2.5007,5e-05,0.0885,0.5221,22.362867,114.179437,18|22|21|16|23,0.1093|0.0810|0.0614|0.0610|0.0599,
unit_003226,HongKong,7,7,119.7,18,2.279,0.0,0.0,0.5,22.368187,114.180904,18|21|1|31|7,0.1109|0.0967|0.0827|0.0626|0.0372,
unit_003227,HongKong,5,5,100.2,31,2.4105,0.0,0.0,0.5,22.368538,114.182728,31|7|16|22|23,0.1040|0.0864|0.0853|0.0677|0.0526,
unit_003228,HongKong,15,15,298.9,31,2.3918,0.0,0.0,0.5,22.376108,114.182959,31|7|16|1|13,0.0849|0.0845|0.0658|0.0635|0.0528,
unit_003229,HongKong,4,4,75.6,18,2.2929,0.0,0.0,0.5,22.377242,114.183496,18|2|16|1|14,0.1206|0.0971|0.0573|0.0566|0.0535,
unit_003230,HongKong,8,8,180.6,18,2.4446,0.0,0.0,0.5,22.37922,114.178572,18|10|21|31|14,0.1454|0.0691|0.0571|0.0510|0.0435,
unit_003231,HongKong,5,5,103.2,1,2.5178,0.0,0.0,0.5,22.377087,114.178192,1|7|2|10|16,0.0991|0.0649|0.0606|0.0448|0.0431,
unit_003232,HongKong,8,8,179.2,18,2.4446,0.0,0.0,0.5,22.379029,114.178392,18|10|21|31|14,0.1454|0.0691|0.0571|0.0510|0.0435,
unit_003233,HongKong,4,4,76.8,16,2.4146,0.0,0.0,0.5,22.377535,114.180665,16|1|3|2|7,0.0835|0.0617|0.0607|0.0468|0.0459,
unit_003234,HongKong,7,7,153.6,18,2.2929,0.0,0.0,0.5,22.37788,114.182797,18|2|16|1|14,0.1206|0.0971|0.0573|0.0566|0.0535,
unit_003235,HongKong,15,18,352.3,31,2.4562,6e-05,0.0,0.5,22.39397,114.191788,31|21|23|16|22,0.1076|0.0780|0.0772|0.0649|0.0560,
unit_003236,HongKong,7,7,151.0,23,2.3436,0.0,0.0,0.5,22.393199,114.19379,23|31|2|18|27,0.1148|0.0981|0.0741|0.0640|0.0617,
unit_003237,HongKong,6,6,76.1,7,2.4051,0.0,0.0,0.5,22.39874,114.191002,7|1|13|2|23,0.0855|0.0799|0.0682|0.0559|0.0434,
unit_003238,HongKong,20,20,361.2,7,2.2961,0.0,0.0,0.5,22.406808,114.202799,7|21|27|31|13,0.1019|0.0810|0.0710|0.0695|0.0497,
unit_003239,HongKong,6,6,112.5,7,2.2796,0.0,0.0,0.5,22.406981,114.206157,7|13|21|31|27,0.1248|0.0879|0.0730|0.0662|0.0563,
unit_003240,HongKong,8,8,180.5,22,2.3689,0.0,0.10897,0.5272,22.40645,114.201241,22|23|31|13|2,0.1250|0.1015|0.0806|0.0541|0.0517,
unit_003241,HongKong,12,12,257.8,23,2.3214,0.0,0.10897,0.5272,22.407449,114.200064,23|7|22|31|27,0.0901|0.0842|0.0771|0.0751|0.0544,
unit_003243,HongKong,8,8,180.5,22,2.3689,0.0,0.10897,0.5272,22.40645,114.201241,22|23|31|13|2,0.1250|0.1015|0.0806|0.0541|0.0517,
unit_003245,HongKong,20,20,368.1,31,2.436,0.0,0.0,0.5,22.408971,114.204664,31|27|1|7|23,0.0898|0.0737|0.0632|0.0629|0.0558,
unit_003246,HongKong,7,7,153.2,31,2.2468,0.0,0.0,0.5,22.408734,114.206176,31|7|13|27|16,0.0987|0.0985|0.0555|0.0505|0.0454,
unit_003247,HongKong,6,6,128.7,22,2.5597,0.0,0.0,0.5,22.410625,114.205295,22|31|16|21|27,0.1182|0.0857|0.0705|0.0643|0.0578,
unit_003248,HongKong,6,6,128.7,22,2.5597,0.0,0.0,0.5,22.410625,114.205295,22|31|16|21|27,0.1182|0.0857|0.0705|0.0643|0.0578,
unit_003249,HongKong,8,8,176.0,22,2.5597,0.0,0.0,0.5,22.411187,114.205311,22|31|16|21|27,0.1182|0.0857|0.0705|0.0643|0.0578,
unit_003250,HongKong,7,8,150.9,16,2.3956,1e-05,0.15036,0.5375,22.411194,114.202659,16|31|22|27|3,0.0991|0.0942|0.0778|0.0582|0.0530,
unit_003251,HongKong,7,8,150.9,27,2.3438,0.0,0.15036,0.5375,22.411549,114.20125,27|16|1|21|22,0.1375|0.0675|0.0609|0.0516|0.0404,
unit_003252,HongKong,8,8,176.0,27,2.4872,0.0,0.18302,0.5456,22.412987,114.201117,27|2|16|22|18,0.1392|0.0631|0.0624|0.0556|0.0515,
unit_003253,HongKong,9,9,201.1,10,2.4142,0.0,0.18302,0.5456,22.41264,114.202718,10|18|16|27|31,0.0793|0.0728|0.0695|0.0461|0.0448,
unit_003254,HongKong,6,6,125.7,21,2.4757,0.0,0.0,0.5,22.415448,114.20044,21|7|27|1|3,0.0798|0.0786|0.0654|0.0516|0.0514,
unit_003255,HongKong,4,4,75.5,21,2.4512,0.0,0.0,0.5,22.422302,114.200714,21|7|16|22|31,0.1013|0.0925|0.0825|0.0655|0.0536,
unit_003256,HongKong,4,4,75.5,31,2.5211,0.0,0.0,0.5,22.424847,114.20224,31|3|27|7|23,0.0919|0.0912|0.0707|0.0631|0.0627,
unit_003257,HongKong,10,17,229.0,21,2.326,1e-05,0.0,0.5,22.423562,114.206279,21|31|22|7|16,0.1123|0.0984|0.0876|0.0731|0.0643,
unit_003258,HongKong,32,32,682.9,22,2.3634,0.0,0.0,0.5,22.426157,114.198245,22|10|31|27|7,0.1329|0.0822|0.0655|0.0477|0.0385,
unit_003259,HongKong,32,32,561.9,31,2.5211,0.0,0.0,0.5,22.425409,114.201718,31|3|27|7|23,0.0919|0.0912|0.0707|0.0631|0.0627,
unit_003260,HongKong,38,40,799.4,21,2.387,0.0,0.07816,0.5195,22.42643,114.196388,21|23|22|31|1,0.1157|0.0772|0.0722|0.0594|0.0512,
unit_003261,HongKong,17,17,341.5,21,2.4233,0.0,0.0,0.5,22.428853,114.19637,21|31|22|7|23,0.1457|0.0749|0.0736|0.0533|0.0520,
unit_003262,HongKong,30,38,573.1,21,2.533,5e-05,0.0,0.5,22.43108,114.194712,21|31|10|22|3,0.0884|0.0797|0.0704|0.0700|0.0659,
unit_003263,HongKong,8,9,175.8,16,2.3278,0.0,0.05443,0.5136,22.432621,114.188905,16|31|23|22|27,0.1085|0.1083|0.0771|0.0723|0.0568,
unit_003264,HongKong,7,7,150.7,23,2.3884,0.0,0.05443,0.5136,22.43268,114.18721,23|31|16|2|22,0.1017|0.0911|0.0697|0.0692|0.0565,
unit_003265,HongKong,8,8,175.8,23,2.2557,0.0,0.0,0.5,22.434059,114.18439,23|31|22|2|27,0.1001|0.0920|0.0901|0.0698|0.0463,
unit_003266,HongKong,4,4,75.6,22,2.3927,0.0,0.0,0.5,22.433991,114.193985,22|31|7|3|27,0.1753|0.0619|0.0504|0.0477|0.0473,
unit_003267,HongKong,8,8,176.3,22,2.4048,0.0,0.0,0.5,22.434406,114.19765,22|31|23|16|18,0.1386|0.0964|0.0672|0.0668|0.0648,
unit_003268,HongKong,6,8,126.0,21,2.4983,4e-05,0.0,0.5,22.434188,114.199419,21|18|3|16|14,0.1008|0.0975|0.0805|0.0519|0.0503,
unit_003269,HongKong,7,7,151.2,10,2.4939,0.0,0.0,0.5,22.428179,114.200386,10|13|2|31|21,0.0874|0.0705|0.0687|0.0684|0.0518,
unit_003270,HongKong,10,10,208.5,22,2.3927,0.0,0.0,0.5,22.434673,114.19433,22|31|7|3|27,0.1753|0.0619|0.0504|0.0477|0.0473,
unit_003271,HongKong,14,22,314.2,21,2.4429,4e-05,0.0,0.5,22.45257,114.191605,21|3|31|16|7,0.1098|0.0619|0.0425|0.0414|0.0408,
unit_003272,HongKong,6,8,130.6,31,2.5202,0.0,0.08183,0.5204,22.452364,114.180653,31|21|3|22|10,0.1062|0.0824|0.0823|0.0750|0.0594,
unit_003273,HongKong,6,8,130.6,21,2.3649,0.0,0.08183,0.5204,22.4535,114.18113,21|3|1|13|7,0.0960|0.0749|0.0614|0.0347|0.0310,
unit_003274,HongKong,26,26,722.5,21,2.3887,0.0,0.14983,0.5374,22.456617,114.188316,21|7|22|13|31,0.1555|0.0658|0.0607|0.0553|0.0517,
unit_003275,HongKong,18,18,260.2,16,2.3776,0.0,0.0,0.5,22.453988,114.192726,16|13|31|7|3,0.0890|0.0848|0.0590|0.0411|0.0366,
unit_003276,HongKong,20,20,332.4,21,2.1195,0.0,0.0,0.5,22.455252,114.191624,21|13|16|3|23,0.0743|0.0670|0.0471|0.0397|0.0388,
unit_003277,HongKong,34,48,730.1,21,2.4262,0.0,0.06323,0.5158,22.457431,114.184975,21|1|3|31|7,0.0963|0.0791|0.0746|0.0646|0.0628,
unit_003278,HongKong,25,27,571.3,31,2.3707,0.0,0.14603,0.5364,22.456986,114.186913,31|16|7|13|1,0.0956|0.0907|0.0580|0.0483|0.0481,
unit_003279,HongKong,6,7,127.8,31,2.3991,1e-05,0.06227,0.5156,22.457047,114.183873,31|16|7|3|1,0.0787|0.0761|0.0685|0.0649|0.0627,
unit_003280,HongKong,26,26,515.4,21,2.389,0.0,0.0,0.5,22.461015,114.186703,21|7|3|13|1,0.0983|0.0780|0.0707|0.0680|0.0634,
unit_003281,HongKong,8,8,187.8,22,2.3881,0.0,0.0,0.5,22.430631,114.238636,22|31|13|23|2,0.1190|0.0827|0.0667|0.0545|0.0448,
unit_003282,HongKong,8,8,179.1,31,2.4446,0.0,0.0,0.5,22.430746,114.240957,31|1|10|3|16,0.1024|0.0988|0.0738|0.0669|0.0641,
unit_003283,HongKong,7,8,159.0,22,2.241,1e-05,0.15345,0.5383,22.53102,114.202191,22|16|31|7|3,0.1444|0.0903|0.0830|0.0535|0.0495,
unit_003284,HongKong,4,4,78.5,7,2.4897,0.0,0.0,0.5,22.54832,114.222793,7|27|22|1|3,0.0721|0.0619|0.0541|0.0444|0.0435,
unit_003286,HongKong,41,45,906.0,22,2.3488,4e-05,0.0,0.5,22.550476,114.221687,22|31|16|23|3,0.1213|0.1070|0.0537|0.0366|0.0331,
unit_003287,HongKong,4,4,78.6,7,2.4897,0.0,0.0,0.5,22.548256,114.222912,7|27|22|1|3,0.0721|0.0619|0.0541|0.0444|0.0435,
unit_003288,HongKong,8,8,179.0,1,2.4618,0.0,0.0,0.5,22.425702,114.236804,1|31|2|18|3,0.0837|0.0733|0.0699|0.0564|0.0549,
unit_003289,HongKong,8,8,176.3,22,2.4331,0.0,0.0,0.5,22.428507,114.252009,22|31|3|1|7,0.1272|0.0943|0.0617|0.0538|0.0455,
unit_003290,HongKong,8,8,175.6,18,2.456,0.0,0.0,0.5,22.42895,114.248715,18|31|16|10|7,0.1268|0.0869|0.0778|0.0565|0.0471,
unit_003291,HongKong,8,8,176.3,22,2.4331,0.0,0.0,0.5,22.428507,114.252009,22|31|3|1|7,0.1272|0.0943|0.0617|0.0538|0.0455,
unit_003292,HongKong,6,6,129.3,10,2.3759,0.0,0.0,0.5,22.43045,114.253784,10|16|13|31|2,0.0963|0.0804|0.0587|0.0583|0.0553,
unit_003294,HongKong,10,10,212.5,7,2.3913,0.0,0.0,0.5,22.428761,114.254864,7|23|3|22|13,0.0832|0.0809|0.0747|0.0671|0.0495,
unit_003296,HongKong,6,6,129.3,10,2.3759,0.0,0.0,0.5,22.43045,114.253784,10|16|13|31|2,0.0963|0.0804|0.0587|0.0583|0.0553,
unit_003297,HongKong,8,8,175.6,18,2.456,0.0,0.0,0.5,22.42895,114.248715,18|31|16|10|7,0.1268|0.0869|0.0778|0.0565|0.0471,
unit_003298,HongKong,7,7,162.7,1,2.534,0.0,0.10118,0.5253,22.423465,114.228323,1|2|3|31|21,0.0914|0.0736|0.0680|0.0651|0.0583,
unit_003299,HongKong,9,9,202.3,7,2.376,0.0,0.0,0.5,22.385787,114.274119,7|31|16|21|1,0.1018|0.0908|0.0887|0.0872|0.0714,
unit_003301,HongKong,31,31,445.7,7,2.3378,0.0,0.07119,0.5178,22.384854,114.275292,7|31|10|16|1,0.0853|0.0615|0.0611|0.0597|0.0565,
unit_003302,HongKong,8,8,181.2,1,2.3492,0.0,0.10224,0.5255,22.464146,114.195288,1|21|7|3|31,0.0922|0.0709|0.0633|0.0555|0.0471,
unit_003303,HongKong,8,8,179.7,22,2.404,0.0,0.0,0.5,22.468174,114.199604,22|3|31|16|27,0.1359|0.0815|0.0751|0.0628|0.0474,
unit_003304,HongKong,24,24,464.8,7,2.3077,0.0,0.09396,0.5235,22.473748,114.221039,7|21|13|27|22,0.1349|0.0851|0.0631|0.0623|0.0623,
unit_003307,HongKong,12,20,202.2,7,2.2012,0.0,0.12114,0.5302,22.474802,114.219623,7|1|13|31|21,0.1547|0.0647|0.0579|0.0468|0.0370,
unit_003308,HongKong,3,4,50.5,7,2.1614,0.0,0.0,0.5,22.47452,114.219768,7|1|13|31|23,0.1517|0.0657|0.0569|0.0450|0.0344,
unit_003309,HongKong,5,8,101.1,7,2.2211,1e-05,0.0,0.5,22.474874,114.219349,7|1|13|31|21,0.1558|0.0640|0.0583|0.0478|0.0396,
unit_003310,HongKong,7,7,160.4,7,2.3102,0.0,0.0,0.5,22.455543,114.214828,7|3|13|23|1,0.0980|0.0911|0.0767|0.0528|0.0382,
unit_003312,HongKong,22,22,428.9,31,2.413,0.0,0.0,0.5,22.458475,114.209611,31|23|22|16|2,0.1020|0.0857|0.0817|0.0518|0.0507,
unit_003313,HongKong,14,14,314.0,22,2.2148,0.0,0.0,0.5,22.461053,114.206709,22|7|13|3|31,0.1133|0.0874|0.0720|0.0618|0.0606,
unit_003314,HongKong,38,46,831.2,7,2.3776,2e-05,0.27261,0.5677,22.461055,114.208196,7|3|27|10|23,0.0835|0.0749|0.0541|0.0444|0.0437,
unit_003315,HongKong,11,16,252.7,22,2.3572,4e-05,0.0,0.5,22.470796,114.200555,22|21|7|3|23,0.1468|0.0685|0.0632|0.0590|0.0573,
unit_003316,HongKong,22,22,369.0,13,2.4413,0.0,0.0,0.5,22.375218,114.273439,13|7|21|16|31,0.0905|0.0834|0.0759|0.0543|0.0427,
unit_003318,HongKong,11,16,253.1,7,2.512,8e-05,0.0,0.5,22.376021,114.270607,7|31|10|16|3,0.0785|0.0736|0.0627|0.0601|0.0552,
unit_003319,HongKong,13,13,253.3,21,2.1835,0.0,0.0,0.5,22.376847,114.273429,21|7|31|1|23,0.1187|0.1185|0.0528|0.0502|0.0327,
unit_003320,HongKong,11,16,255.4,3,2.4845,4e-05,0.0,0.5,22.388749,114.263108,3|31|22|23|7,0.0852|0.0824|0.0692|0.0590|0.0513,
unit_003321,HongKong,8,8,177.7,22,2.4232,0.0,0.0,0.5,22.386933,114.262061,22|23|31|10|27,0.1436|0.0894|0.0848|0.0529|0.0473,
unit_003322,HongKong,8,8,177.7,22,2.3506,0.0,0.0,0.5,22.384426,114.263422,22|23|31|16|2,0.1389|0.0887|0.0769|0.0515|0.0469,
unit_003324,HongKong,11,16,255.4,3,2.4845,4e-05,0.0,0.5,22.388749,114.263108,3|31|22|23|7,0.0852|0.0824|0.0692|0.0590|0.0513,
unit_003326,HongKong,34,46,735.2,22,2.2078,2e-05,0.0,0.5,22.518097,114.207553,22|3|7|21|27,0.1341|0.0716|0.0535|0.0470|0.0379,
unit_003327,HongKong,8,8,179.4,22,2.3452,0.0,0.0,0.5,22.514498,114.207354,22|7|23|21|16,0.1568|0.0649|0.0559|0.0538|0.0523,
unit_003328,HongKong,11,11,256.3,22,2.3428,0.0,0.0,0.5,22.513907,114.208855,22|23|18|27|31,0.1351|0.0706|0.0639|0.0542|0.0526,
unit_003329,HongKong,9,9,201.8,22,2.401,0.0,0.0,0.5,22.499585,114.159645,22|31|21|7|13,0.1222|0.0966|0.0628|0.0622|0.0544,
unit_003330,HongKong,14,25,327.9,22,2.4811,8e-05,0.0,0.5,22.50206,114.162742,22|13|7|31|3,0.0973|0.0961|0.0891|0.0873|0.0630,
unit_003331,HongKong,13,16,309.4,22,2.3089,2e-05,0.10061,0.5251,22.499979,114.156036,22|31|23|13|3,0.1426|0.0665|0.0528|0.0412|0.0387,
unit_003333,HongKong,12,12,253.6,22,2.2642,0.0,0.0,0.5,22.500004,114.177985,22|7|21|13|16,0.1431|0.0881|0.0834|0.0735|0.0549,
unit_003334,HongKong,8,8,177.5,23,2.1955,0.0,0.0,0.5,22.501619,114.17675,23|22|27|2|21,0.1134|0.0999|0.0778|0.0623|0.0571,
unit_003335,HongKong,8,8,177.5,22,2.3623,0.0,0.0,0.5,22.503215,114.175624,22|3|7|31|10,0.1135|0.1029|0.0660|0.0583|0.0498,
unit_003336,HongKong,9,9,202.9,27,2.3394,0.0,0.0,0.5,22.503867,114.17281,27|22|31|23|3,0.0975|0.0747|0.0685|0.0664|0.0629,
unit_003337,HongKong,8,8,177.5,22,2.2824,0.0,0.0,0.5,22.502336,114.17167,22|23|27|21|16,0.1239|0.0914|0.0824|0.0733|0.0641,
unit_003338,HongKong,7,8,159.0,22,2.241,1e-05,0.15345,0.5383,22.53102,114.202191,22|16|31|7|3,0.1444|0.0903|0.0830|0.0535|0.0495,
unit_003341,HongKong,3,3,53.7,22,2.2199,0.0,0.0,0.5,22.531641,114.20192,22|16|31|7|3,0.1452|0.0915|0.0831|0.0490|0.0460,
unit_003342,HongKong,3,3,53.7,22,2.2199,0.0,0.0,0.5,22.531641,114.20192,22|16|31|7|3,0.1452|0.0915|0.0831|0.0490|0.0460,
unit_003345,HongKong,30,32,502.2,7,2.1499,0.0,0.07037,0.5176,22.475138,114.225353,7|22|3|13|31,0.1031|0.0908|0.0769|0.0634|0.0467,
unit_003347,HongKong,11,16,250.6,22,2.355,5e-05,0.0,0.5,22.428306,114.328769,22|21|16|7|31,0.1325|0.1029|0.0911|0.0645|0.0607,
unit_003348,HongKong,14,16,325.7,23,2.3206,3e-05,0.0,0.5,22.425817,114.331858,23|21|16|22|2,0.0965|0.0963|0.0800|0.0798|0.0564,
unit_003349,HongKong,11,16,250.6,21,2.333,9e-05,0.09585,0.5239,22.42173,114.332228,21|22|23|16|27,0.1132|0.1015|0.0889|0.0707|0.0594,
unit_003350,HongKong,6,8,125.3,27,2.2266,0.0,0.09585,0.5239,22.42004,114.331476,27|23|21|22|2,0.1251|0.1090|0.0798|0.0728|0.0715,
unit_003351,HongKong,8,8,175.4,27,2.2698,0.0,0.0,0.5,22.415034,114.329207,27|21|22|23|16,0.1171|0.0956|0.0895|0.0740|0.0642,
unit_003352,HongKong,9,9,200.4,23,2.3009,0.0,0.0,0.5,22.412235,114.327514,23|21|22|27|2,0.1183|0.0958|0.0695|0.0688|0.0673,
unit_003353,HongKong,19,25,451.0,21,2.2978,5e-05,0.0,0.5,22.409505,114.325668,21|23|22|27|16,0.1003|0.0917|0.0885|0.0783|0.0695,
unit_003354,HongKong,8,9,175.4,21,2.3597,0.0,0.07036,0.5176,22.406301,114.325675,21|22|27|16|7,0.1342|0.1107|0.0893|0.0565|0.0534,
unit_003355,HongKong,7,7,150.3,22,2.1197,0.0,0.07036,0.5176,22.404906,114.324865,22|21|16|7|31,0.1336|0.1232|0.0847|0.0645|0.0598,
unit_003356,HongKong,9,9,200.4,21,2.2341,0.0,0.24181,0.5602,22.401766,114.323111,21|7|22|31|16,0.1187|0.1047|0.0819|0.0581|0.0507,
unit_003357,HongKong,3,3,50.4,22,2.3664,0.0,0.0,0.5,22.355111,114.199855,22|27|16|10|31,0.1439|0.0952|0.0518|0.0503|0.0463,
unit_003358,HongKong,8,8,176.3,27,2.387,0.0,0.0,0.5,22.354575,114.20163,27|22|16|31|23,0.0877|0.0798|0.0660|0.0636|0.0593,
unit_003359,HongKong,8,8,176.3,22,2.1992,0.0,0.0,0.5,22.354865,114.204695,22|27|23|31|16,0.1115|0.0843|0.0703|0.0476|0.0410,
unit_003360,HongKong,6,10,132.6,22,2.4111,4e-05,0.0,0.5,22.355951,114.199337,22|21|23|27|7,0.1409|0.0639|0.0549|0.0512|0.0396,
unit_003362,HongKong,8,8,176.5,31,2.5764,0.0,0.0,0.5,22.440262,114.168886,31|7|22|10|23,0.0984|0.0676|0.0663|0.0631|0.0564,
unit_003363,HongKong,3,3,50.4,27,2.4696,0.0,0.0,0.5,22.434809,114.167754,27|23|18|3|10,0.0904|0.0695|0.0615|0.0604|0.0588,
unit_003364,HongKong,7,7,161.7,7,2.3974,0.0,0.0,0.5,22.506271,114.15555,7|13|31|22|27,0.1147|0.0948|0.0807|0.0609|0.0547,
unit_003365,HongKong,10,10,234.7,7,2.4439,0.0,0.0,0.5,22.506449,114.157258,7|13|2|21|3,0.1288|0.0828|0.0610|0.0552|0.0427,
unit_003366,HongKong,7,7,161.7,7,2.3974,0.0,0.0,0.5,22.506271,114.15555,7|13|31|22|27,0.1147|0.0948|0.0807|0.0609|0.0547,
unit_003367,HongKong,50,56,951.8,7,2.3613,4e-05,0.0,0.5,22.50676,114.160906,7|13|3|27|31,0.1338|0.0840|0.0709|0.0560|0.0525,
unit_003368,HongKong,8,8,177.4,13,2.4428,0.0,0.0578,0.5144,22.511968,114.157938,13|22|7|3|21,0.1008|0.0831|0.0696|0.0599|0.0564,
unit_003369,HongKong,9,9,202.8,13,2.2367,0.0,0.0578,0.5144,22.513565,114.158922,13|7|22|21|3,0.1280|0.1032|0.0748|0.0523|0.0395,
unit_003370,HongKong,15,17,354.9,22,2.3677,4e-05,0.0,0.5,22.515751,114.160905,22|13|7|31|21,0.0955|0.0927|0.0835|0.0756|0.0452,
unit_003371,HongKong,8,8,177.4,22,2.2811,0.0,0.0,0.5,22.516634,114.163243,22|13|7|31|16,0.0922|0.0756|0.0540|0.0525|0.0423,
unit_003372,HongKong,7,7,158.8,13,2.4068,0.0,0.0,0.5,22.447178,114.163523,13|31|22|23|7,0.0867|0.0822|0.0791|0.0774|0.0769,
unit_003373,HongKong,8,8,178.1,21,2.5158,0.0,0.0,0.5,22.459886,114.183352,21|7|31|16|10,0.1115|0.0918|0.0824|0.0619|0.0598,
unit_003374,HongKong,8,8,187.8,22,2.3881,0.0,0.0,0.5,22.430631,114.238636,22|31|13|23|2,0.1190|0.0827|0.0667|0.0545|0.0448,
unit_003375,HongKong,8,8,175.9,22,2.2833,0.0,0.0,0.5,22.41499,114.275623,22|21|27|7|16,0.1411|0.0834|0.0644|0.0460|0.0385,
unit_003376,HongKong,16,26,377.0,22,2.3869,8e-05,0.0,0.5,22.418394,114.27667,22|27|16|21|23,0.1259|0.0839|0.0651|0.0630|0.0556,
unit_003377,HongKong,8,8,175.9,22,2.4089,0.0,0.0,0.5,22.420059,114.279986,22|23|16|7|27,0.1520|0.0767|0.0669|0.0557|0.0528,
unit_003378,HongKong,8,8,175.9,22,2.3779,0.0,0.0,0.5,22.421582,114.282022,22|27|23|31|7,0.1019|0.0774|0.0768|0.0626|0.0569,
unit_003379,HongKong,8,8,175.9,22,2.3203,0.0,0.16359,0.5408,22.422971,114.285234,22|23|31|27|18,0.1083|0.0782|0.0609|0.0517|0.0505,
unit_003380,HongKong,13,22,301.6,22,2.3391,2e-05,0.16359,0.5408,22.423581,114.286589,22|27|16|21|23,0.1418|0.1038|0.0778|0.0728|0.0533,
unit_003381,HongKong,13,18,301.6,22,2.3679,0.0001,0.0,0.5,22.424633,114.292229,22|23|7|16|27,0.1312|0.0719|0.0663|0.0585|0.0555,
unit_003382,HongKong,6,7,127.7,22,2.1838,0.0,0.07608,0.519,22.401994,114.244811,22|7|13|16|21,0.1246|0.0594|0.0574|0.0439|0.0375,
unit_003385,HongKong,10,12,229.9,22,2.2433,0.0,0.0,0.5,22.403002,114.244052,22|31|23|16|1,0.1566|0.0556|0.0546|0.0341|0.0318,
unit_003386,HongKong,8,8,181.7,23,2.3349,0.0,0.0,0.5,22.436451,114.335586,23|31|21|2|22,0.1124|0.0857|0.0841|0.0760|0.0749,
unit_003387,HongKong,8,8,178.1,23,2.3364,0.0,0.0,0.5,22.441135,114.180673,23|31|2|21|3,0.0932|0.0835|0.0667|0.0443|0.0376,
unit_003388,HongKong,8,8,175.4,21,2.4545,0.0,0.0,0.5,22.408853,114.210616,21|22|27|23|18,0.1174|0.1169|0.0600|0.0568|0.0530,
unit_003389,HongKong,6,6,126.4,3,2.3972,0.0,0.0,0.5,22.416835,114.213324,3|21|18|10|23,0.0882|0.0828|0.0686|0.0639|0.0472,
unit_003390,HongKong,10,10,176.5,3,2.4009,0.0,0.0,0.5,22.418814,114.21357,3|21|1|10|18,0.1060|0.0922|0.0638|0.0507|0.0413,
unit_003391,HongKong,8,8,175.4,18,2.5562,0.0,0.08058,0.5201,22.423658,114.211516,18|2|31|16|21,0.0789|0.0713|0.0692|0.0552|0.0483,
unit_003392,HongKong,8,8,175.4,18,2.5601,0.0,0.08058,0.5201,22.424736,114.210072,18|31|16|21|27,0.0929|0.0829|0.0628|0.0588|0.0573,
unit_003393,HongKong,7,7,150.4,16,2.457,0.0,0.0,0.5,22.426161,114.207901,16|1|3|10|21,0.0961|0.0629|0.0621|0.0570|0.0451,
unit_003394,HongKong,7,7,150.4,31,2.4412,0.0,0.0,0.5,22.42724,114.20618,31|1|3|16|18,0.0906|0.0756|0.0750|0.0694|0.0514,
unit_003395,HongKong,20,24,476.2,18,2.4907,0.0001,0.0,0.5,22.430714,114.201679,18|21|3|10|31,0.1057|0.0861|0.0681|0.0605|0.0600,
unit_003396,HongKong,11,16,250.6,21,2.5048,5e-05,0.0,0.5,22.434456,114.200004,21|18|3|16|14,0.1009|0.0972|0.0841|0.0485|0.0467,
unit_003397,HongKong,8,16,175.4,18,2.4843,0.0,0.0,0.5,22.43696,114.197945,18|31|16|10|22,0.1236|0.0831|0.0815|0.0811|0.0661,
unit_003398,HongKong,8,8,177.1,18,2.4807,0.0,0.0,0.5,22.408587,114.214902,18|16|7|10|3,0.1441|0.0692|0.0626|0.0530|0.0507,
unit_003399,HongKong,20,31,432.4,18,2.3503,1e-05,0.0,0.5,22.406116,114.217879,18|10|31|23|3,0.1561|0.0623|0.0427|0.0407|0.0401,
unit_003400,HongKong,4,4,75.2,21,2.5554,0.0,0.0,0.5,22.357394,114.17313,21|23|22|3|10,0.0975|0.0825|0.0792|0.0774|0.0521,
unit_003401,HongKong,10,22,225.6,14,1.7976,0.0,0.0,0.5,22.354094,114.175387,14|18|23|21|16,0.1559|0.0519|0.0314|0.0262|0.0166,
unit_003402,HongKong,6,6,125.3,14,1.7901,0.0,0.0,0.5,22.352504,114.176654,14|18|23|21|16,0.1503|0.0444|0.0315|0.0189|0.0094,
unit_003403,HongKong,14,15,325.9,14,1.6489,0.0,0.0,0.5,22.350032,114.178624,14|18|23|21|31,0.1598|0.0423|0.0263|0.0194|0.0097,
unit_003404,HongKong,7,7,150.4,14,1.798,0.0,0.0,0.5,22.348001,114.180243,14|18|23|21|16,0.1551|0.0418|0.0292|0.0170|0.0130,
unit_003405,HongKong,7,9,150.4,27,2.5361,1e-05,0.054,0.5135,22.345944,114.181504,27|21|2|23|13,0.0873|0.0745|0.0675|0.0560|0.0494,
unit_003406,HongKong,8,8,177.2,18,2.3479,0.0,0.0,0.5,22.372441,114.174619,18|21|14|10|31,0.1276|0.0760|0.0759|0.0524|0.0504,
unit_003407,HongKong,3,3,50.3,18,2.3479,0.0,0.0,0.5,22.372016,114.174803,18|21|14|10|31,0.1276|0.0760|0.0759|0.0524|0.0504,
unit_003408,HongKong,6,6,125.7,31,2.5409,0.0,0.0,0.5,22.370466,114.174123,31|1|22|16|18,0.0966|0.0813|0.0686|0.0635|0.0625,
unit_003411,HongKong,8,8,177.5,21,2.3961,0.0,0.0,0.5,22.516103,114.166457,21|13|7|3|22,0.1281|0.0910|0.0676|0.0593|0.0577,
unit_003412,HongKong,8,8,175.2,22,2.4362,0.0,0.0,0.5,22.535721,114.164587,22|27|7|16|21,0.1192|0.0893|0.0841|0.0723|0.0628,
unit_003413,HongKong,9,9,200.2,22,2.1595,0.0,0.0,0.5,22.535644,114.166731,22|31|10|7|16,0.1235|0.0784|0.0734|0.0558|0.0543,
unit_003416,HongKong,6,6,132.6,22,2.3612,0.0,0.0,0.5,22.553417,114.164259,22|7|3|31|13,0.1076|0.1018|0.0636|0.0496|0.0495,
unit_003417,HongKong,6,6,132.6,22,2.3612,0.0,0.0,0.5,22.553417,114.164259,22|7|3|31|13,0.1076|0.1018|0.0636|0.0496|0.0495,
unit_003418,HongKong,4,5,81.5,16,2.3451,0.0,0.0,0.5,22.454074,114.15661,16|31|7|1|27,0.0963|0.0833|0.0602|0.0560|0.0554,
unit_003419,HongKong,18,18,325.5,7,2.3414,0.0,0.0,0.5,22.455027,114.156685,7|31|23|27|3,0.1176|0.0826|0.0739|0.0637|0.0584,
unit_003420,HongKong,10,10,205.5,7,2.369,0.0,0.0,0.5,22.451582,114.157692,7|1|3|31|21,0.1071|0.0665|0.0604|0.0584|0.0497,
unit_003422,HongKong,18,20,241.3,7,2.2939,0.0,0.07248,0.5181,22.479346,114.158765,7|13|3|22|23,0.1376|0.0653|0.0605|0.0592|0.0547,
unit_003423,HongKong,7,8,150.8,22,2.3648,0.0,0.07248,0.5181,22.479315,114.16002,22|7|31|13|27,0.1061|0.0830|0.0663|0.0556|0.0491,
unit_003424,HongKong,12,12,274.3,7,2.3337,0.0,0.0,0.5,22.433608,114.162512,7|13|31|23|22,0.0756|0.0637|0.0632|0.0628|0.0618,
unit_003425,HongKong,9,10,207.0,22,2.3054,0.0,0.05605,0.514,22.425697,114.161361,22|23|3|31|27,0.1379|0.0617|0.0465|0.0463|0.0353,
unit_003426,HongKong,26,28,554.2,13,2.3731,4e-05,0.0,0.5,22.426005,114.263357,13|2|10|18|3,0.0912|0.0832|0.0822|0.0554|0.0465,
unit_003429,HongKong,20,20,452.5,7,2.3841,0.0,0.0,0.5,22.472335,114.227225,7|13|22|21|3,0.0967|0.0901|0.0640|0.0602|0.0601,
unit_003430,HongKong,24,26,477.8,7,2.2957,0.0,0.07037,0.5176,22.473743,114.225704,7|1|27|3|23,0.1441|0.0670|0.0654|0.0614|0.0464,
unit_003432,HongKong,20,26,393.6,7,2.1756,1e-05,0.05415,0.5135,22.474801,114.226092,7|22|3|13|31,0.1086|0.0895|0.0780|0.0639|0.0475,
unit_003433,HongKong,12,14,251.6,22,2.3094,0.0,0.06562,0.5164,22.499412,114.170551,22|23|27|21|13,0.1650|0.0732|0.0484|0.0455|0.0407,
unit_003434,HongKong,22,22,484.1,7,2.4008,0.0,0.0,0.5,22.457516,114.158406,7|27|3|13|1,0.1216|0.0678|0.0602|0.0591|0.0531,
unit_003435,HongKong,6,6,128.2,21,2.5015,0.0,0.0,0.5,22.369108,114.18762,21|1|31|22|27,0.1111|0.0685|0.0625|0.0516|0.0506,
unit_003436,HongKong,15,15,359.1,18,2.5257,4e-05,0.0,0.5,22.366597,114.185591,18|16|27|22|2,0.0807|0.0782|0.0738|0.0694|0.0639,
unit_003437,HongKong,7,8,152.6,3,2.4795,1e-05,0.05518,0.5138,22.359106,114.174699,3|1|16|23|18,0.0923|0.0703|0.0628|0.0609|0.0601,
unit_003438,HongKong,10,15,229.0,18,2.5829,3e-05,0.05518,0.5138,22.360293,114.176224,18|27|22|21|16,0.0861|0.0693|0.0661|0.0652|0.0604,
unit_003440,HongKong,10,15,238.4,18,2.3792,2e-05,0.0,0.5,22.414476,114.214146,18|3|10|21|1,0.1091|0.0719|0.0673|0.0622|0.0495,
unit_003441,HongKong,8,8,181.0,3,2.4009,0.0,0.0,0.5,22.418935,114.214241,3|21|1|10|18,0.1060|0.0922|0.0638|0.0507|0.0413,
unit_003442,HongKong,8,8,181.0,3,2.3972,0.0,0.0,0.5,22.416643,114.213893,3|21|18|10|23,0.0882|0.0828|0.0686|0.0639|0.0472,
unit_003443,HongKong,12,12,63.6,22,2.4586,0.0,0.13199,0.5329,22.428794,114.241252,22|13|1|7|31,0.1047|0.0834|0.0688|0.0673|0.0601,
unit_003444,HongKong,18,18,323.5,7,2.3698,0.0,0.0,0.5,22.428951,114.240246,7|3|13|31|1,0.1184|0.0669|0.0665|0.0658|0.0575,
unit_003445,HongKong,12,14,174.1,22,2.4644,0.0,0.13954,0.5348,22.429452,114.241279,22|13|1|7|31,0.1044|0.0836|0.0704|0.0672|0.0617,
unit_003447,HongKong,24,38,431.1,31,2.4623,0.0,0.13954,0.5348,22.43029,114.240927,31|1|10|3|16,0.1037|0.1007|0.0732|0.0677|0.0635,
unit_003448,HongKong,14,16,302.2,27,2.4567,0.0,0.0,0.5,22.396464,114.282172,27|22|3|13|7,0.1285|0.0896|0.0507|0.0446|0.0416,
unit_003449,HongKong,7,7,158.4,27,2.455,0.0,0.0,0.5,22.396711,114.282261,27|22|3|13|7,0.1284|0.0892|0.0508|0.0441|0.0410,
unit_003450,HongKong,26,26,494.6,7,2.3175,0.0,0.0,0.5,22.397635,114.286167,7|22|13|27|21,0.1157|0.0840|0.0659|0.0602|0.0477,
unit_003451,HongKong,7,7,158.4,27,2.455,0.0,0.0,0.5,22.396711,114.282261,27|22|3|13|7,0.1284|0.0892|0.0508|0.0441|0.0410,
unit_003452,HongKong,22,22,443.5,22,2.1982,0.0,0.0,0.5,22.416661,114.26965,22|3|7|23|16,0.0953|0.0699|0.0686|0.0371|0.0334,
unit_003453,HongKong,11,16,250.9,7,2.3858,5e-05,0.0,0.5,22.428724,114.259551,7|31|3|13|22,0.1324|0.0726|0.0626|0.0564|0.0519,
unit_003455,HongKong,13,15,303.0,21,2.4856,3e-05,0.06212,0.5155,22.431459,114.201364,21|18|3|31|1,0.0957|0.0951|0.0888|0.0530|0.0465,
unit_003456,HongKong,7,9,151.5,18,2.3944,1e-05,0.06212,0.5155,22.429723,114.202776,18|10|31|21|7,0.1256|0.0976|0.0722|0.0699|0.0364,
unit_003457,HongKong,7,7,151.5,31,2.4412,0.0,0.0,0.5,22.427457,114.206185,31|1|3|16|18,0.0906|0.0756|0.0750|0.0694|0.0514,
unit_003458,HongKong,7,7,151.5,16,2.457,0.0,0.0,0.5,22.426369,114.207919,16|1|3|10|21,0.0961|0.0629|0.0621|0.0570|0.0451,
unit_003459,HongKong,8,8,176.8,18,2.5601,0.0,0.08058,0.5201,22.424937,114.210108,18|31|16|21|27,0.0929|0.0829|0.0628|0.0588|0.0573,
unit_003460,HongKong,8,8,176.8,18,2.5562,0.0,0.08058,0.5201,22.423858,114.21157,18|2|31|16|21,0.0789|0.0713|0.0692|0.0552|0.0483,
unit_003461,HongKong,7,7,151.5,3,2.4009,0.0,0.0,0.5,22.418954,114.21379,3|21|1|10|18,0.1060|0.0922|0.0638|0.0507|0.0413,
unit_003462,HongKong,44,46,966.0,23,2.4986,4e-05,0.0,0.5,22.420642,114.196354,23|21|22|10|27,0.0903|0.0802|0.0775|0.0732|0.0674,
unit_003463,HongKong,26,26,511.9,22,2.3989,0.0,0.07816,0.5195,22.424889,114.196714,22|21|16|7|23,0.1510|0.0793|0.0681|0.0529|0.0517,
unit_003464,HongKong,8,8,179.0,22,2.3336,0.0,0.0,0.5,22.424168,114.198495,22|23|13|10|1,0.1095|0.0645|0.0389|0.0332|0.0319,
unit_003465,HongKong,9,9,202.9,13,2.3959,0.0,0.0,0.5,22.522858,114.15833,13|7|22|21|23,0.0973|0.0967|0.0886|0.0749|0.0509,
unit_003466,HongKong,8,8,175.2,18,2.2929,0.0,0.0,0.5,22.377797,114.182748,18|2|16|1|14,0.1206|0.0971|0.0573|0.0566|0.0535,
unit_003467,HongKong,5,5,100.1,16,2.4146,0.0,0.0,0.5,22.377466,114.180663,16|1|3|2|7,0.0835|0.0617|0.0607|0.0468|0.0459,
unit_003468,HongKong,8,8,177.2,18,2.2929,0.0,0.0,0.5,22.377692,114.182828,18|2|16|1|14,0.1206|0.0971|0.0573|0.0566|0.0535,
unit_003469,HongKong,7,7,151.9,16,2.4146,0.0,0.0,0.5,22.377306,114.180481,16|1|3|2|7,0.0835|0.0617|0.0607|0.0468|0.0459,
unit_003470,HongKong,4,4,50.8,21,2.3767,0.0,0.0,0.5,22.430623,114.326689,21|22|7|23|3,0.1247|0.0907|0.0807|0.0690|0.0596,
unit_003472,HongKong,8,8,179.0,1,2.2787,0.0,0.0,0.5,22.38318,114.201782,1|21|31|3|10,0.1060|0.1042|0.0680|0.0645|0.0499,
unit_003476,HongKong,8,8,176.0,1,2.2787,0.0,0.0,0.5,22.383197,114.201867,1|21|31|3|10,0.1060|0.1042|0.0680|0.0645|0.0499,
unit_003477,HongKong,19,22,455.1,22,2.1926,2e-05,0.0,0.5,22.487315,114.162604,22|23|27|13|10,0.1416|0.0356|0.0350|0.0350|0.0308,
unit_003478,HongKong,16,17,379.3,22,2.2009,2e-05,0.0,0.5,22.484321,114.159799,22|27|23|10|16,0.1292|0.0378|0.0319|0.0271|0.0244,
unit_003479,HongKong,40,66,840.3,22,2.345,3e-05,0.25208,0.5627,22.364605,114.250015,22|7|31|13|21,0.1424|0.0757|0.0584|0.0422|0.0362,
unit_003480,HongKong,32,34,617.5,7,2.3194,0.0,0.0712,0.5178,22.364296,114.252496,7|31|22|13|1,0.1002|0.0870|0.0759|0.0606|0.0429,
unit_003481,HongKong,30,32,602.1,7,2.3189,0.0,0.16164,0.5403,22.365682,114.251302,7|13|27|3|22,0.0866|0.0732|0.0679|0.0567|0.0557,
unit_003482,HongKong,12,12,271.7,7,2.3251,0.0,0.0,0.5,22.370108,114.263484,7|22|31|21|13,0.1488|0.0689|0.0663|0.0652|0.0595,
unit_003483,HongKong,4,4,76.9,22,2.2814,0.0,0.0,0.5,22.437406,114.331622,22|16|31|23|7,0.1369|0.1156|0.0729|0.0552|0.0510,
unit_003484,HongKong,8,8,175.3,22,2.1748,0.0,0.0,0.5,22.525688,114.207927,22|21|1|23|27,0.1584|0.0876|0.0432|0.0371|0.0368,
unit_003485,HongKong,9,17,200.3,22,2.2772,1e-05,0.0,0.5,22.528106,114.208028,22|21|7|23|2,0.1502|0.1035|0.0594|0.0574|0.0474,
unit_003486,HongKong,16,17,375.6,22,2.3268,2e-05,0.0,0.5,22.531029,114.208658,22|10|18|3|31,0.1253|0.0701|0.0498|0.0474|0.0450,
unit_003487,HongKong,4,4,75.5,31,2.5211,0.0,0.0,0.5,22.424847,114.20224,31|3|27|7|23,0.0919|0.0912|0.0707|0.0631|0.0627,
unit_003488,HongKong,4,4,75.5,21,2.4512,0.0,0.0,0.5,22.422302,114.200714,21|7|16|22|31,0.1013|0.0925|0.0825|0.0655|0.0536,
unit_003490,HongKong,17,17,331.0,21,2.4327,0.0,0.0,0.5,22.546485,114.22041,21|22|31|13|7,0.0974|0.0906|0.0693|0.0650|0.0551,
unit_003491,HongKong,8,8,178.1,7,2.3241,0.0,0.0,0.5,22.548434,114.220389,7|13|21|31|22,0.1118|0.0785|0.0686|0.0558|0.0452,
unit_003492,HongKong,4,5,76.8,13,2.3153,0.0,0.1691,0.5422,22.551222,114.155263,13|22|7|1|21,0.0975|0.0922|0.0501|0.0319|0.0292,
unit_003493,HongKong,8,8,179.2,21,2.399,0.0,0.0,0.5,22.549743,114.154801,21|10|31|3|14,0.1255|0.0928|0.0576|0.0462|0.0427,
unit_003494,HongKong,51,97,1079.1,18,2.4577,4e-05,0.06859,0.5171,22.547956,114.15255,18|21|2|27|3,0.1532|0.0768|0.0671|0.0570|0.0475,
unit_003495,HongKong,4,4,50.5,7,2.3061,0.0,0.0,0.5,22.383461,114.269494,7|31|13|22|27,0.1100|0.0643|0.0634|0.0607|0.0432,
unit_003496,HongKong,7,8,150.5,22,2.4844,0.0,0.08394,0.521,22.401168,114.214111,22|21|31|3|7,0.1020|0.0962|0.0821|0.0731|0.0665,
unit_003497,HongKong,7,8,150.5,18,2.4882,0.0,0.08394,0.521,22.400037,114.213006,18|21|31|3|16,0.1014|0.0796|0.0707|0.0658|0.0575,
unit_003498,HongKong,8,18,179.0,18,2.5303,0.00013,0.0,0.5,22.40358,114.21755,18|16|2|31|14,0.0904|0.0880|0.0726|0.0698|0.0600,
unit_003499,HongKong,7,7,153.1,2,2.4634,0.0,0.11497,0.5287,22.411748,114.2246,2|18|21|1|13,0.0997|0.0990|0.0779|0.0702|0.0560,
unit_003500,HongKong,7,8,153.1,18,2.3372,0.0,0.10444,0.5261,22.410367,114.223802,18|21|1|3|31,0.1486|0.0800|0.0794|0.0618|0.0588,
unit_003501,HongKong,9,9,205.9,22,2.246,0.0,0.0,0.5,22.537204,114.158096,22|3|13|7|27,0.1524|0.0555|0.0472|0.0455|0.0342,
unit_003503,HongKong,4,4,82.9,21,2.3783,0.0,0.0,0.5,22.518389,114.166243,21|7|13|16|3,0.1033|0.0817|0.0690|0.0516|0.0503,
unit_003504,HongKong,4,4,82.9,21,2.3783,0.0,0.0,0.5,22.518389,114.166243,21|7|13|16|3,0.1033|0.0817|0.0690|0.0516|0.0503,
unit_003506,HongKong,6,6,110.4,7,2.2213,0.0,0.0,0.5,22.481305,114.159448,7|13|1|27|31,0.1420|0.0674|0.0565|0.0454|0.0410,
unit_003507,HongKong,8,8,177.5,31,2.5409,0.0,0.0,0.5,22.370825,114.173549,31|1|22|16|18,0.0966|0.0813|0.0686|0.0635|0.0625,
unit_003508,HongKong,8,8,177.5,22,2.4382,0.0,0.0,0.5,22.370232,114.17088,22|31|7|27|16,0.1487|0.0796|0.0784|0.0670|0.0514,
unit_003509,HongKong,7,7,152.1,22,2.3826,0.0,0.0,0.5,22.368236,114.167431,22|31|7|23|2,0.0913|0.0795|0.0635|0.0561|0.0420,
unit_003510,HongKong,7,7,152.1,22,2.3826,0.0,0.0,0.5,22.368236,114.167431,22|31|7|23|2,0.0913|0.0795|0.0635|0.0561|0.0420,
unit_003511,HongKong,8,8,177.5,22,2.4382,0.0,0.0,0.5,22.370232,114.17088,22|31|7|27|16,0.1487|0.0796|0.0784|0.0670|0.0514,
unit_003512,HongKong,8,8,177.5,31,2.5409,0.0,0.0,0.5,22.370825,114.173549,31|1|22|16|18,0.0966|0.0813|0.0686|0.0635|0.0625,
unit_003513,HongKong,7,7,153.5,21,2.2147,0.0,0.0,0.5,22.534553,114.151548,21|22|7|31|16,0.1352|0.1101|0.0853|0.0780|0.0604,
unit_003514,HongKong,10,16,230.3,22,2.3938,3e-05,0.0,0.5,22.538148,114.149719,22|13|21|3|7,0.1121|0.0932|0.0857|0.0677|0.0541,
unit_003515,HongKong,40,42,861.0,3,2.4072,2e-05,0.24412,0.5607,22.540824,114.149115,3|7|21|22|31,0.1126|0.0950|0.0806|0.0794|0.0624,
unit_003516,HongKong,8,8,175.9,21,2.5611,0.0,0.0,0.5,22.531865,114.153433,21|22|16|31|13,0.0899|0.0729|0.0673|0.0590|0.0585,
unit_003518,HongKong,26,34,528.0,22,2.3373,5e-05,0.0,0.5,22.525977,114.185263,22|3|7|27|13,0.1020|0.0816|0.0766|0.0446|0.0403,
unit_003519,HongKong,8,8,177.7,22,2.2773,0.0,0.0,0.5,22.52193,114.183106,22|16|7|31|3,0.0962|0.0907|0.0796|0.0740|0.0626,
unit_003520,HongKong,15,16,355.4,7,2.3585,5e-05,0.0,0.5,22.52322,114.185655,7|22|16|13|31,0.0916|0.0881|0.0848|0.0710|0.0692,
unit_003521,HongKong,12,12,279.3,3,2.253,0.0,0.0,0.5,22.452809,114.188929,3|16|31|13|1,0.0648|0.0644|0.0494|0.0490|0.0475,
unit_003522,HongKong,28,30,450.5,7,2.3191,0.0,0.0,0.5,22.544837,114.156039,7|3|27|13|1,0.1189|0.0791|0.0541|0.0452|0.0420,
unit_003523,HongKong,31,44,564.0,21,2.492,5e-05,0.1159,0.5289,22.546698,114.152818,21|18|2|14|22,0.1052|0.0947|0.0769|0.0541|0.0539,
unit_003524,HongKong,8,8,175.9,22,2.3453,0.0,0.0,0.5,22.370475,114.267203,22|31|23|7|13,0.1052|0.0836|0.0482|0.0414|0.0330,
unit_003525,HongKong,8,8,175.9,22,2.3322,0.0,0.0,0.5,22.372633,114.264628,22|7|13|21|27,0.1228|0.0789|0.0723|0.0567|0.0523,
unit_003526,HongKong,34,34,817.7,7,2.2024,0.0,0.0,0.5,22.388216,114.269065,7|13|27|3|31,0.1312|0.0726|0.0563|0.0531|0.0426,
unit_003527,HongKong,6,6,75.7,10,2.4939,0.0,0.0,0.5,22.524379,114.177557,10|2|3|16|14,0.0905|0.0766|0.0602|0.0597|0.0574,
unit_003528,HongKong,7,8,159.8,18,2.3312,0.0,0.33743,0.5836,22.523216,114.17838,18|10|23|3|2,0.1534|0.0758|0.0525|0.0495|0.0480,
unit_003529,HongKong,7,8,154.5,18,2.3288,0.0,0.25396,0.5632,22.523188,114.178266,18|10|23|3|2,0.1535|0.0757|0.0524|0.0491|0.0480,
unit_003530,HongKong,6,7,128.8,21,2.3348,2e-05,0.25396,0.5631,22.521973,114.179158,21|3|22|16|7,0.1261|0.0815|0.0685|0.0650|0.0589,
unit_003531,HongKong,8,8,180.3,2,2.4407,0.0,0.0,0.5,22.520262,114.180722,2|27|18|23|14,0.0830|0.0783|0.0764|0.0741|0.0598,
unit_003532,HongKong,10,10,177.5,18,2.4495,0.0,0.0,0.5,22.519037,114.182037,18|2|16|21|10,0.0939|0.0918|0.0721|0.0643|0.0556,
unit_003533,HongKong,6,6,75.8,10,2.4939,0.0,0.0,0.5,22.524262,114.177348,10|2|3|16|14,0.0905|0.0766|0.0602|0.0597|0.0574,
unit_003534,HongKong,8,8,177.0,14,1.7067,0.0,0.0,0.5,22.526718,114.175165,14|18|16|23|21,0.1631|0.0779|0.0272|0.0265|0.0155,
unit_003535,HongKong,8,8,177.0,18,2.3803,0.0,0.0,0.5,22.531699,114.169683,18|21|10|14|23,0.1453|0.0774|0.0699|0.0604|0.0467,
unit_003536,HongKong,8,8,177.0,18,2.3978,0.0,0.0,0.5,22.533611,114.168445,18|23|10|21|3,0.1587|0.0750|0.0640|0.0586|0.0500,
unit_003537,HongKong,5,7,101.1,22,2.2785,2e-05,0.14446,0.536,22.535808,114.167019,22|31|10|7|16,0.1219|0.0792|0.0774|0.0568|0.0564,
unit_003538,HongKong,9,11,151.8,18,2.4981,0.0,0.14446,0.5361,22.536871,114.16613,18|2|23|10|14,0.1032|0.0742|0.0729|0.0710|0.0537,
unit_003539,HongKong,8,8,175.7,18,2.3864,0.0,0.0,0.5,22.541928,114.154237,18|10|16|3|23,0.1588|0.0476|0.0447|0.0422|0.0409,
unit_003540,HongKong,8,11,125.5,18,2.3396,0.0,0.0819,0.5205,22.544444,114.152551,18|21|10|3|23,0.1372|0.0731|0.0664|0.0643|0.0540,
unit_003541,HongKong,8,8,180.9,18,2.268,0.0,0.0,0.5,22.539937,114.15873,18|16|10|23|3,0.1670|0.0585|0.0561|0.0492|0.0454,
unit_003542,HongKong,39,64,690.0,10,2.5297,4e-05,0.0,0.5,22.538584,114.161162,10|21|2|3|18,0.1113|0.0900|0.0761|0.0716|0.0587,
unit_003543,HongKong,8,8,176.2,18,2.268,0.0,0.0,0.5,22.539818,114.158652,18|16|10|23|3,0.1670|0.0585|0.0561|0.0492|0.0454,
unit_003544,HongKong,5,5,100.7,10,2.5303,0.0,0.0,0.5,22.539009,114.161369,10|21|2|3|18,0.0990|0.0841|0.0802|0.0779|0.0609,
unit_003545,HongKong,8,16,176.2,18,2.3827,0.0,0.0,0.5,22.538168,114.164077,18|10|16|23|14,0.1737|0.0579|0.0547|0.0536|0.0528,
unit_003546,HongKong,9,11,152.1,18,2.4995,0.0,0.16725,0.5417,22.536889,114.166286,18|2|23|10|14,0.1029|0.0741|0.0728|0.0713|0.0538,
unit_003547,HongKong,7,7,157.6,22,2.5043,0.0,0.0,0.5,22.38025,114.210194,22|21|18|2|31,0.1141|0.1005|0.0873|0.0578|0.0517,
unit_003548,HongKong,8,8,176.1,16,2.3642,0.0,0.0,0.5,22.457067,114.209529,16|31|7|22|21,0.0947|0.0710|0.0663|0.0473|0.0408,
unit_003549,HongKong,8,8,176.1,7,2.3883,0.0,0.0,0.5,22.45705,114.207578,7|31|10|3|27,0.0984|0.0762|0.0681|0.0579|0.0536,
unit_003550,HongKong,8,8,176.2,16,2.5135,0.0,0.0,0.5,22.462323,114.206071,16|3|13|22|31,0.0765|0.0759|0.0676|0.0675|0.0626,
unit_003551,HongKong,8,8,176.2,21,2.3445,0.0,0.13681,0.5341,22.463975,114.207538,21|3|7|1|16,0.0968|0.0893|0.0689|0.0626|0.0481,
unit_003552,HongKong,8,8,175.1,22,2.221,0.0,0.0,0.5,22.558117,114.169136,22|16|23|31|3,0.1319|0.0516|0.0507|0.0491|0.0484,
unit_003553,HongKong,8,8,175.1,22,2.4218,0.0,0.0,0.5,22.557674,114.167032,22|16|13|7|3,0.1114|0.0612|0.0557|0.0410|0.0396,
unit_003554,HongKong,8,8,178.1,7,2.3241,0.0,0.0,0.5,22.548434,114.220389,7|13|21|31|22,0.1118|0.0785|0.0686|0.0558|0.0452,
unit_003555,HongKong,30,30,568.7,13,2.4354,0.0,0.0,0.5,22.510573,114.165723,13|22|3|16|7,0.0927|0.0872|0.0758|0.0515|0.0445,
unit_003556,HongKong,54,68,1090.7,7,2.4039,4e-05,0.0,0.5,22.510049,114.178633,7|22|13|3|31,0.1035|0.0934|0.0827|0.0825|0.0577,
unit_003557,HongKong,7,7,150.0,7,2.3642,0.0,0.0,0.5,22.472398,114.219447,7|13|1|3|31,0.1002|0.0503|0.0492|0.0403|0.0401,
unit_003561,HongKong,7,8,150.8,22,2.3648,0.0,0.07248,0.5181,22.479315,114.16002,22|7|31|13|27,0.1061|0.0830|0.0663|0.0556|0.0491,
unit_003562,HongKong,7,7,158.9,31,2.5409,0.0,0.0,0.5,22.370787,114.173541,31|1|22|16|18,0.0966|0.0813|0.0686|0.0635|0.0625,
unit_003563,HongKong,8,8,181.1,31,2.4693,0.0,0.0,0.5,22.369156,114.171499,31|16|27|10|7,0.0933|0.0874|0.0694|0.0677|0.0624,
unit_003564,HongKong,6,8,127.8,31,2.3923,0.0,0.0642,0.516,22.45697,114.183873,31|16|7|3|1,0.0788|0.0766|0.0685|0.0649|0.0626,
unit_003566,HongKong,5,7,102.3,21,2.354,0.0,0.05658,0.5141,22.453433,114.181218,21|3|1|13|23,0.0954|0.0741|0.0610|0.0345|0.0306,
unit_003567,HongKong,7,10,153.5,31,2.5213,1e-05,0.05658,0.5141,22.452322,114.180736,31|21|3|22|10,0.1031|0.0839|0.0828|0.0731|0.0584,
unit_003568,HongKong,8,8,50.5,23,2.329,0.0,0.0,0.5,22.419196,114.202025,23|31|2|27|21,0.1241|0.1049|0.0757|0.0482|0.0471,
unit_003569,HongKong,12,12,244.0,1,2.3816,0.0,0.0,0.5,22.377578,114.171922,1|31|3|27|16,0.1098|0.1022|0.0800|0.0641|0.0516,
unit_003571,HongKong,6,6,125.6,18,2.4278,0.0,0.0,0.5,22.419005,114.233763,18|14|16|2|21,0.1323|0.0824|0.0555|0.0542|0.0541,
unit_003572,HongKong,4,4,75.4,18,2.4278,0.0,0.0,0.5,22.418385,114.234755,18|14|16|2|21,0.1323|0.0824|0.0555|0.0542|0.0541,
unit_003573,HongKong,13,17,301.6,22,2.2889,2e-05,0.0,0.5,22.414559,114.233012,22|27|23|21|10,0.1479|0.0931|0.0436|0.0436|0.0420,
unit_003574,HongKong,24,24,495.6,22,2.3928,0.0,0.0,0.5,22.412051,114.233494,22|13|7|21|3,0.1328|0.0961|0.0811|0.0583|0.0484,
unit_003575,HongKong,8,8,182.4,18,2.279,0.0,0.0,0.5,22.367486,114.180833,18|21|1|31|7,0.1109|0.0967|0.0827|0.0626|0.0372,
unit_003576,HongKong,11,15,264.5,1,2.3602,2e-05,0.0,0.5,22.389837,114.204208,1|31|18|10|3,0.0927|0.0909|0.0792|0.0679|0.0635,
unit_003578,HongKong,7,7,150.3,21,2.4626,0.0,0.0,0.5,22.41126,114.212803,21|3|1|22|31,0.1168|0.1030|0.0633|0.0514|0.0508,
unit_003581,HongKong,8,8,180.5,16,2.3897,0.0,0.1396,0.5348,22.366135,114.16808,16|22|31|23|10,0.1079|0.0976|0.0889|0.0660|0.0504,
unit_003582,HongKong,6,8,125.6,21,2.4321,0.0,0.0756,0.5189,22.361624,114.162718,21|16|7|22|31,0.1099|0.1083|0.0752|0.0708|0.0647,
unit_003583,HongKong,6,8,125.6,18,2.5575,2e-05,0.0756,0.5189,22.360639,114.161793,18|3|23|22|1,0.0794|0.0688|0.0680|0.0677|0.0636,
unit_003584,HongKong,8,8,175.9,16,2.4004,0.0,0.0,0.5,22.358248,114.160116,16|21|23|2|31,0.1121|0.1043|0.0599|0.0573|0.0425,
unit_003585,HongKong,7,8,150.8,27,2.1286,1e-05,0.0684,0.5171,22.356237,114.158874,27|22|21|23|16,0.1058|0.0968|0.0898|0.0832|0.0608,
unit_003586,HongKong,7,8,150.8,22,2.3663,0.0,0.0684,0.5171,22.354845,114.158117,22|21|27|16|3,0.1421|0.1096|0.0529|0.0453|0.0450,
unit_003587,HongKong,8,9,175.9,16,2.4724,1e-05,0.08598,0.5215,22.353309,114.156733,16|31|23|22|27,0.1065|0.0672|0.0668|0.0641|0.0445,
unit_003588,HongKong,7,7,150.8,27,2.3908,0.0,0.08598,0.5215,22.35214,114.155593,27|21|22|2|31,0.1013|0.0814|0.0726|0.0576|0.0566,
unit_003589,HongKong,6,6,125.6,27,2.4094,0.0,0.2264,0.5564,22.350299,114.154148,27|22|21|23|18,0.1141|0.0734|0.0409|0.0367|0.0278,
unit_003591,HongKong,8,8,179.9,1,2.3569,0.0,0.0,0.5,22.424992,114.232849,1|2|31|16|18,0.1247|0.0659|0.0623|0.0603|0.0571,
unit_003592,HongKong,8,8,182.5,1,2.4618,0.0,0.0,0.5,22.425898,114.236799,1|31|2|18|3,0.0837|0.0733|0.0699|0.0564|0.0549,
unit_003593,HongKong,8,8,181.8,21,2.3693,0.0,0.0,0.5,22.452484,114.17757,21|3|31|1|16,0.1316|0.0981|0.0850|0.0563|0.0422,
unit_003594,HongKong,52,78,1093.3,7,2.3556,6e-05,0.0,0.5,22.357425,114.250044,7|22|13|3|31,0.1322|0.0916|0.0769|0.0650|0.0637,
unit_003595,HongKong,33,39,716.8,22,2.4823,2e-05,0.0,0.5,22.358267,114.251657,22|13|7|31|10,0.1113|0.0797|0.0789|0.0673|0.0603,
unit_003596,HongKong,16,16,370.4,7,2.4554,0.0,0.0,0.5,22.358638,114.248425,7|13|10|21|22,0.1062|0.0707|0.0561|0.0539|0.0534,
unit_003597,HongKong,4,5,81.5,16,2.3451,0.0,0.0,0.5,22.454074,114.15661,16|31|7|1|27,0.0963|0.0833|0.0602|0.0560|0.0554,
unit_003598,HongKong,8,8,179.0,1,2.4859,0.0,0.0,0.5,22.426027,114.231852,1|31|16|18|2,0.1123|0.0956|0.0706|0.0499|0.0491,
unit_003599,HongKong,8,8,180.7,31,2.4412,0.0,0.0,0.5,22.427585,114.206409,31|1|3|16|18,0.0906|0.0756|0.0750|0.0694|0.0514,
unit_003600,HongKong,6,7,129.1,18,2.3797,0.0,0.06619,0.5165,22.429896,114.202921,18|10|31|21|7,0.1249|0.0998|0.0716|0.0689|0.0372,
unit_003601,HongKong,3,3,50.9,18,2.5551,0.0,0.0,0.5,22.390968,114.199214,18|21|27|2|7,0.1024|0.0845|0.0687|0.0620|0.0601,
unit_003603,HongKong,7,7,160.4,7,2.3102,0.0,0.0,0.5,22.455543,114.214828,7|3|13|23|1,0.0980|0.0911|0.0767|0.0528|0.0382,
unit_003605,HongKong,9,9,205.3,22,2.4196,0.0,0.0,0.5,22.355993,114.239427,22|27|23|31|10,0.1324|0.0844|0.0628|0.0569|0.0545,
unit_003606,HongKong,6,6,110.3,22,2.2691,0.0,0.0,0.5,22.353781,114.240147,22|13|3|7|31,0.0969|0.0911|0.0559|0.0502|0.0425,
unit_003607,HongKong,14,14,335.5,22,2.2691,0.0,0.0,0.5,22.354529,114.240055,22|13|3|7|31,0.0969|0.0911|0.0559|0.0502|0.0425,
unit_003608,HongKong,9,9,205.3,22,2.4196,0.0,0.0,0.5,22.355993,114.239427,22|27|23|31|10,0.1324|0.0844|0.0628|0.0569|0.0545,
unit_003609,HongKong,20,20,277.5,7,2.4028,0.0,0.07678,0.5192,22.378296,114.257275,7|31|13|3|21,0.1015|0.0770|0.0571|0.0559|0.0512,
unit_003611,HongKong,10,16,227.7,7,2.4258,6e-05,0.08485,0.5212,22.530299,114.159055,7|22|13|21|3,0.0968|0.0915|0.0897|0.0787|0.0478,
unit_003612,HongKong,8,8,180.8,7,2.4572,0.0,0.0,0.5,22.470709,114.211007,7|21|31|22|16,0.1051|0.0834|0.0718|0.0615|0.0527,
unit_003613,HongKong,13,17,302.4,22,2.4471,4e-05,0.0,0.5,22.473416,114.214506,22|31|16|3|7,0.0987|0.0978|0.0889|0.0580|0.0532,
unit_003614,HongKong,8,8,176.4,22,2.2595,0.0,0.0,0.5,22.471398,114.216954,22|16|21|7|27,0.1203|0.1043|0.0802|0.0636|0.0585,
unit_003615,HongKong,14,14,211.1,1,2.3909,0.0,0.0,0.5,22.504142,114.157326,1|2|7|31|3,0.1218|0.0665|0.0543|0.0540|0.0519,
unit_003616,HongKong,14,26,262.5,1,2.5309,0.0,0.0,0.5,22.50296,114.161907,1|31|3|10|27,0.0844|0.0830|0.0819|0.0801|0.0781,
unit_003617,HongKong,20,20,379.7,1,2.5377,0.0,0.0,0.5,22.503591,114.155394,1|7|10|31|27,0.0919|0.0688|0.0660|0.0646|0.0578,
unit_003618,HongKong,13,18,303.1,22,2.2874,6e-05,0.08265,0.5206,22.396862,114.265875,22|23|27|21|2,0.1503|0.0729|0.0607|0.0458|0.0458,
unit_003619,HongKong,21,22,505.2,22,2.2308,2e-05,0.0,0.5,22.396518,114.262371,22|16|7|27|13,0.1264|0.0716|0.0327|0.0262|0.0190,
unit_003620,HongKong,9,16,204.0,1,2.4587,1e-05,0.08196,0.5205,22.425754,114.227697,1|21|7|31|3,0.1186|0.0752|0.0702|0.0615|0.0586,
unit_003621,HongKong,8,8,178.5,31,2.4396,0.0,0.08196,0.5205,22.426426,114.228662,31|1|3|13|7,0.0899|0.0840|0.0822|0.0742|0.0728,
unit_003622,HongKong,4,4,75.9,1,2.3569,0.0,0.0,0.5,22.425341,114.233018,1|2|31|16|18,0.1247|0.0659|0.0623|0.0603|0.0571,
unit_003623,HongKong,7,7,153.2,31,2.2468,0.0,0.0,0.5,22.408734,114.206176,31|7|13|27|16,0.0987|0.0985|0.0555|0.0505|0.0454,
unit_003625,HongKong,3,3,51.2,21,2.5286,0.0,0.0,0.5,22.445418,114.166241,21|2|1|23|31,0.0805|0.0802|0.0800|0.0570|0.0554,
unit_003626,HongKong,7,7,153.7,22,2.3656,0.0,0.0,0.5,22.444715,114.16471,22|23|1|10|31,0.1670|0.0520|0.0476|0.0463|0.0447,
unit_003627,HongKong,7,7,153.7,13,2.4735,0.0,0.0,0.5,22.443003,114.16144,13|7|31|22|3,0.0919|0.0816|0.0584|0.0560|0.0541,
unit_003632,HongKong,7,8,150.3,16,2.2147,0.0,0.06337,0.5158,22.461256,114.19356,16|22|31|18|21,0.1245|0.0913|0.0814|0.0698|0.0606,
unit_003633,HongKong,8,8,175.4,31,2.4121,0.0,0.0,0.5,22.460341,114.195985,31|16|22|21|27,0.1144|0.1087|0.0680|0.0595|0.0537,
unit_003634,HongKong,9,15,200.4,16,2.4221,2e-05,0.0,0.5,22.459563,114.197938,16|31|3|10|22,0.1116|0.0994|0.0766|0.0521|0.0517,
unit_003635,HongKong,8,8,175.4,16,2.454,0.0,0.0,0.5,22.459826,114.200036,16|31|10|27|18,0.0932|0.0807|0.0751|0.0594|0.0576,
unit_003636,HongKong,8,8,175.4,16,2.3805,0.0,0.0,0.5,22.460087,114.202047,16|18|31|10|14,0.1038|0.0720|0.0564|0.0488|0.0403,
unit_003639,HongKong,4,4,54.3,7,2.3841,0.0,0.0,0.5,22.47274,114.226447,7|13|22|21|3,0.0967|0.0901|0.0640|0.0602|0.0601,
unit_003641,HongKong,8,8,178.2,22,2.3837,0.0,0.08507,0.5213,22.520521,114.176923,22|27|21|31|2,0.1280|0.0830|0.0782|0.0739|0.0535,
unit_003642,HongKong,7,8,152.8,22,2.3831,0.0,0.09303,0.5232,22.519191,114.175853,22|21|31|7|16,0.1367|0.0856|0.0644|0.0549|0.0506,
unit_003643,HongKong,7,8,152.8,31,2.405,0.0,0.101,0.5252,22.518244,114.174583,31|16|7|13|22,0.0918|0.0910|0.0882|0.0810|0.0697,
unit_003644,HongKong,8,8,179.7,22,2.3046,0.0,0.0,0.5,22.431002,114.244765,22|31|16|7|21,0.1296|0.0956|0.0949|0.0643|0.0636,
unit_003646,HongKong,44,44,1089.2,13,2.2778,0.0,0.0,0.5,22.381313,114.221264,13|22|3|23|7,0.0906|0.0760|0.0653|0.0645|0.0581,
unit_003647,HongKong,9,9,200.9,23,2.4114,0.0,0.0,0.5,22.37904,114.217006,23|31|27|22|2,0.1060|0.0959|0.0638|0.0630|0.0614,
unit_003648,HongKong,8,8,175.8,22,2.5161,0.0,0.0,0.5,22.379018,114.212198,22|21|1|27|7,0.0902|0.0885|0.0810|0.0740|0.0531,
unit_003650,HongKong,3,3,51.0,27,2.455,0.0,0.06759,0.5169,22.396221,114.281523,27|22|3|13|7,0.1284|0.0892|0.0508|0.0441|0.0410,
unit_003651,HongKong,6,8,126.4,10,2.5961,1e-05,0.08786,0.522,22.444048,114.173248,10|3|16|7|18,0.0685|0.0643|0.0617|0.0585|0.0560,
unit_003652,HongKong,6,8,126.4,16,2.4255,0.0,0.08786,0.522,22.443231,114.172154,16|18|21|31|23,0.1054|0.0999|0.0950|0.0651|0.0596,
unit_003653,HongKong,8,8,176.9,31,2.5764,0.0,0.0,0.5,22.44059,114.168729,31|7|22|10|23,0.0984|0.0676|0.0663|0.0631|0.0564,
unit_003654,HongKong,16,16,377.0,16,2.4923,2e-05,0.0,0.5,22.442168,114.181919,16|18|31|21|7,0.0989|0.0923|0.0821|0.0633|0.0527,
unit_003655,HongKong,7,8,150.8,16,2.4763,0.0,0.05407,0.5135,22.439736,114.186394,16|31|18|21|7,0.1228|0.0864|0.0762|0.0699|0.0502,
unit_003656,HongKong,10,15,226.2,18,2.3562,7e-05,0.05407,0.5135,22.439222,114.18823,18|16|31|10|23,0.1246|0.0814|0.0607|0.0494|0.0467,
unit_003657,HongKong,8,8,175.9,16,2.4476,0.0,0.0,0.5,22.439399,114.190692,16|18|22|3|23,0.0940|0.0822|0.0734|0.0686|0.0593,
unit_003658,HongKong,23,32,552.9,16,2.4823,6e-05,0.0,0.5,22.438986,114.194943,16|18|3|31|22,0.1014|0.0918|0.0659|0.0526|0.0516,
unit_003660,HongKong,11,15,253.9,21,2.4969,0.00011,0.0,0.5,22.38476,114.197936,21|1|3|31|16,0.0844|0.0803|0.0688|0.0665|0.0587,
unit_003661,HongKong,11,11,203.9,18,2.4495,0.0,0.0,0.5,22.518896,114.181896,18|2|16|21|10,0.0939|0.0918|0.0721|0.0643|0.0556,
unit_003662,HongKong,8,8,180.9,2,2.4407,0.0,0.0,0.5,22.520204,114.180635,2|27|18|23|14,0.0830|0.0783|0.0764|0.0741|0.0598,
unit_003663,HongKong,7,8,155.0,21,2.325,1e-05,0.273,0.5678,22.521833,114.179143,21|3|22|16|7,0.1265|0.0813|0.0687|0.0651|0.0590,
unit_003664,HongKong,7,8,155.0,18,2.3291,0.0,0.273,0.5678,22.523138,114.178169,18|10|23|3|2,0.1535|0.0757|0.0524|0.0492|0.0480,
unit_003665,HongKong,8,8,181.6,2,2.4407,0.0,0.0,0.5,22.520114,114.180544,2|27|18|23|14,0.0830|0.0783|0.0764|0.0741|0.0598,
unit_003666,HongKong,11,16,250.4,14,1.8392,1e-05,0.0,0.5,22.515428,114.182303,14|18|21|23|16,0.1673|0.0658|0.0318|0.0259|0.0244,
unit_003667,HongKong,12,16,275.5,14,1.5354,0.0,0.0,0.5,22.513281,114.179093,14|18|16|23|31,0.1610|0.0561|0.0266|0.0235|0.0107,
unit_003668,HongKong,12,15,275.5,14,1.5733,0.0,0.0,0.5,22.51071,114.174885,14|18|23|16|21,0.1680|0.0604|0.0232|0.0206|0.0188,
unit_003669,HongKong,8,8,175.3,14,1.5873,0.0,0.0,0.5,22.50872,114.173056,14|18|23|16|21,0.1622|0.0648|0.0267|0.0238|0.0185,
unit_003670,HongKong,10,15,225.4,14,1.5131,0.0,0.0,0.5,22.506843,114.171433,14|18|23|21|16,0.1673|0.0616|0.0264|0.0202|0.0171,
unit_003671,HongKong,7,7,150.3,13,2.3532,0.0,0.0,0.5,22.502661,114.167818,13|7|22|21|31,0.1047|0.0900|0.0782|0.0607|0.0422,
unit_003672,HongKong,19,24,450.8,14,1.6249,0.0,0.0,0.5,22.499464,114.165322,14|18|23|16|21,0.1682|0.0646|0.0278|0.0237|0.0205,
unit_003673,HongKong,14,16,325.5,14,1.4996,0.0,0.0,0.5,22.495578,114.162817,14|18|23|21|16,0.1629|0.0559|0.0239|0.0216|0.0150,
unit_003674,HongKong,20,24,475.8,14,1.5842,0.0,0.0,0.5,22.491955,114.160526,14|18|23|21|16,0.1653|0.0654|0.0289|0.0208|0.0208,
unit_003675,HongKong,8,8,175.3,14,1.4766,0.0,0.0,0.5,22.488799,114.15835,14|18|23|21|16,0.1659|0.0590|0.0251|0.0176|0.0176,
unit_003676,HongKong,11,15,250.4,14,1.4702,0.0,0.0,0.5,22.486351,114.156538,14|18|23|21|16,0.1685|0.0595|0.0267|0.0197|0.0175,
unit_003677,HongKong,5,5,100.2,10,2.5558,0.0,0.0,0.5,22.484249,114.155235,10|21|18|16|27,0.0842|0.0777|0.0666|0.0618|0.0562,
unit_003679,HongKong,8,8,179.2,22,2.3664,0.0,0.30549,0.5758,22.540576,114.160125,22|7|3|31|13,0.0923|0.0875|0.0753|0.0573|0.0471,
unit_003680,HongKong,12,12,281.6,22,2.248,0.0,0.30549,0.5758,22.54158,114.158744,22|27|21|13|3,0.1406|0.0803|0.0625|0.0452|0.0328,
unit_003681,HongKong,12,12,281.6,22,2.248,0.0,0.30549,0.5758,22.54158,114.158744,22|27|21|13|3,0.1406|0.0803|0.0625|0.0452|0.0328,
unit_003682,HongKong,8,8,179.2,22,2.3664,0.0,0.30549,0.5758,22.540576,114.160125,22|7|3|31|13,0.0923|0.0875|0.0753|0.0573|0.0471,
unit_003684,HongKong,7,14,153.1,18,2.3792,0.0,0.0,0.5,22.538094,114.163979,18|10|16|23|14,0.1739|0.0614|0.0544|0.0523|0.0520,
unit_003685,HongKong,6,6,127.6,10,2.5303,0.0,0.0,0.5,22.538951,114.161237,10|21|2|3|18,0.0990|0.0841|0.0802|0.0779|0.0609,
unit_003686,HongKong,8,8,178.6,18,2.268,0.0,0.0,0.5,22.539734,114.158592,18|16|10|23|3,0.1670|0.0585|0.0561|0.0492|0.0454,
unit_003687,HongKong,8,15,176.0,18,2.3738,0.0,0.0,0.5,22.538009,114.163842,18|10|16|14|23,0.1717|0.0651|0.0534|0.0503|0.0498,
unit_003688,HongKong,5,7,100.9,22,2.2517,1e-05,0.16725,0.5417,22.535808,114.167151,22|31|10|7|16,0.1229|0.0793|0.0767|0.0569|0.0561,
unit_003689,HongKong,8,8,176.6,18,2.3978,0.0,0.0,0.5,22.533611,114.168567,18|23|10|21|3,0.1587|0.0750|0.0640|0.0586|0.0500,
unit_003690,HongKong,8,8,176.6,18,2.3803,0.0,0.0,0.5,22.531893,114.169678,18|21|10|14|23,0.1453|0.0774|0.0699|0.0604|0.0467,
unit_003692,HongKong,8,8,176.6,14,1.7067,0.0,0.0,0.5,22.526997,114.175234,14|18|16|23|21,0.1631|0.0779|0.0272|0.0265|0.0155,
unit_003693,HongKong,39,59,992.3,22,2.4857,0.00017,0.14781,0.5368,22.525064,114.194383,22|23|27|7|10,0.1151|0.0735|0.0673|0.0643|0.0504,
unit_003694,HongKong,7,7,159.2,2,2.4407,0.0,0.0,0.5,22.520304,114.180871,2|27|18|23|14,0.0830|0.0783|0.0764|0.0741|0.0598,
unit_003695,HongKong,7,8,153.3,18,2.3293,0.0,0.27341,0.5679,22.523095,114.178081,18|10|23|3|2,0.1535|0.0757|0.0525|0.0492|0.0480,
unit_003696,HongKong,8,15,181.9,18,2.3851,0.0,0.0,0.5,22.538293,114.164082,18|23|16|14|10,0.1712|0.0546|0.0543|0.0531|0.0528,
unit_003697,HongKong,7,7,157.6,18,2.268,0.0,0.0,0.5,22.539632,114.158491,18|16|10|23|3,0.1670|0.0585|0.0561|0.0492|0.0454,
unit_003698,HongKong,8,8,180.4,18,2.3752,0.0,0.0,0.5,22.429901,114.202755,18|10|31|21|7,0.1242|0.1002|0.0713|0.0685|0.0373,
unit_003699,HongKong,8,8,180.4,18,2.3752,0.0,0.0,0.5,22.429901,114.202755,18|10|31|21|7,0.1242|0.1002|0.0713|0.0685|0.0373,
unit_003700,HongKong,21,29,484.4,1,2.3076,3e-05,0.0,0.5,22.430196,114.206665,1|31|7|16|10,0.0893|0.0849|0.0585|0.0525|0.0417,
unit_003701,HongKong,8,8,188.2,31,2.3254,0.0,0.32304,0.5801,22.432916,114.202137,31|1|7|16|3,0.0891|0.0884|0.0623|0.0621|0.0533,
unit_003702,HongKong,7,7,151.3,16,2.3805,0.0,0.0,0.5,22.459985,114.20196,16|18|31|10|14,0.1038|0.0720|0.0564|0.0488|0.0403,
unit_003703,HongKong,8,8,176.5,16,2.454,0.0,0.1621,0.5404,22.459739,114.200048,16|31|10|27|18,0.0932|0.0807|0.0751|0.0594|0.0576,
unit_003704,HongKong,10,16,226.9,16,2.4228,2e-05,0.1621,0.5404,22.459475,114.198046,16|31|3|10|22,0.1105|0.0982|0.0782|0.0531|0.0512,
unit_003705,HongKong,7,7,151.3,31,2.4121,0.0,0.0,0.5,22.460302,114.195874,31|16|22|21|27,0.1144|0.1087|0.0680|0.0595|0.0537,
unit_003706,HongKong,7,7,151.3,16,2.2132,0.0,0.06307,0.5158,22.461164,114.19353,16|22|31|18|21,0.1244|0.0912|0.0814|0.0699|0.0603,
unit_003709,HongKong,9,9,205.9,22,2.246,0.0,0.0,0.5,22.537204,114.158096,22|3|13|7|27,0.1524|0.0555|0.0472|0.0455|0.0342,
unit_003710,HongKong,8,14,190.4,10,2.5266,3e-05,0.0,0.5,22.538189,114.161441,10|21|2|3|18,0.1172|0.0934|0.0761|0.0707|0.0589,
unit_003712,HongKong,15,16,355.5,22,2.3049,3e-05,0.0,0.5,22.540766,114.215283,22|21|7|31|16,0.1228|0.0968|0.0562|0.0555|0.0439,
unit_003713,HongKong,7,7,152.3,3,2.4776,0.0,0.0,0.5,22.538619,114.213255,3|31|10|21|22,0.0928|0.0856|0.0813|0.0811|0.0670,
unit_003714,HongKong,8,16,177.7,27,2.4089,0.0,0.0,0.5,22.536988,114.211193,27|22|16|31|21,0.1112|0.1059|0.0803|0.0669|0.0663,
unit_003715,HongKong,5,5,105.2,7,2.2978,0.0,0.0,0.5,22.507984,114.179265,7|13|3|27|1,0.1315|0.0629|0.0625|0.0624|0.0548,
unit_003717,HongKong,8,8,177.5,22,2.2824,0.0,0.0,0.5,22.502336,114.17167,22|23|27|21|16,0.1239|0.0914|0.0824|0.0733|0.0641,
unit_003718,HongKong,9,9,202.9,27,2.3394,0.0,0.0,0.5,22.503867,114.17281,27|22|31|23|3,0.0975|0.0747|0.0685|0.0664|0.0629,
unit_003719,HongKong,8,8,177.5,22,2.3623,0.0,0.0,0.5,22.503215,114.175624,22|3|7|31|10,0.1135|0.1029|0.0660|0.0583|0.0498,
unit_003720,HongKong,8,8,177.5,23,2.1955,0.0,0.0,0.5,22.501619,114.17675,23|22|27|2|21,0.1134|0.0999|0.0778|0.0623|0.0571,
unit_003721,HongKong,8,8,175.4,21,2.4545,0.0,0.0,0.5,22.408853,114.210616,21|22|27|23|18,0.1174|0.1169|0.0600|0.0568|0.0530,
unit_003722,HongKong,11,11,256.3,22,2.3428,0.0,0.0,0.5,22.513907,114.208855,22|23|18|27|31,0.1351|0.0706|0.0639|0.0542|0.0526,
unit_003723,HongKong,8,8,179.4,22,2.3452,0.0,0.0,0.5,22.514498,114.207354,22|7|23|21|16,0.1568|0.0649|0.0559|0.0538|0.0523,
unit_003724,HongKong,21,25,417.7,3,2.4933,0.0,0.17825,0.5444,22.545371,114.152001,3|22|13|2|18,0.1018|0.0917|0.0816|0.0667|0.0568,
unit_003725,HongKong,14,25,325.5,22,2.3246,0.00013,0.0874,0.5218,22.507862,114.234009,22|21|27|23|2,0.1259|0.0984|0.0795|0.0568|0.0362,
unit_003726,HongKong,6,9,125.2,22,2.3405,2e-05,0.10161,0.5254,22.505769,114.234318,22|21|16|7|3,0.1369|0.1139|0.0818|0.0669|0.0599,
unit_003727,HongKong,8,8,175.3,22,2.2829,0.0,0.0,0.5,22.503986,114.236009,22|21|23|27|2,0.1357|0.0852|0.0849|0.0701|0.0559,
unit_003728,HongKong,7,8,150.2,22,2.4408,0.0,0.05413,0.5135,22.502463,114.237427,22|31|16|21|23,0.1079|0.0858|0.0686|0.0664|0.0586,
unit_003729,HongKong,7,8,150.2,22,2.3485,0.0,0.05413,0.5135,22.501883,114.238858,22|23|31|2|3,0.0948|0.0923|0.0905|0.0632|0.0463,
unit_003730,HongKong,8,8,175.3,22,2.3458,0.0,0.0,0.5,22.499732,114.239509,22|23|31|16|27,0.0990|0.0966|0.0898|0.0871|0.0829,
unit_003731,HongKong,5,7,100.2,27,2.2585,0.0,0.05932,0.5148,22.49801,114.240619,27|23|2|22|14,0.1472|0.0903|0.0626|0.0586|0.0462,
unit_003733,HongKong,5,7,100.2,22,2.3623,0.0,0.05363,0.5134,22.496817,114.241217,22|21|23|31|2,0.1662|0.0953|0.0807|0.0443|0.0416,
unit_003734,HongKong,8,8,175.3,22,2.3692,0.0,0.0,0.5,22.494967,114.241271,22|3|27|21|23,0.1055|0.0751|0.0713|0.0575|0.0538,
unit_003735,HongKong,8,8,175.3,22,2.2957,0.0,0.0,0.5,22.492167,114.241901,22|21|3|23|7,0.1497|0.0996|0.0642|0.0637|0.0428,
unit_003736,HongKong,10,16,225.4,22,2.3962,4e-05,0.0,0.5,22.488609,114.242452,22|21|27|23|31,0.1319|0.0997|0.0748|0.0644|0.0485,
unit_003737,HongKong,10,16,225.4,22,2.3002,2e-05,0.0,0.5,22.486524,114.243865,22|21|27|23|2,0.1192|0.1008|0.0872|0.0735|0.0388,
unit_003738,HongKong,8,8,175.3,22,2.3308,0.0,0.0,0.5,22.484525,114.242975,22|21|23|16|27,0.1423|0.1318|0.0592|0.0461|0.0448,
unit_003739,HongKong,8,8,175.3,16,2.2339,0.0,0.0,0.5,22.482774,114.242914,16|22|21|23|27,0.0993|0.0921|0.0784|0.0766|0.0762,
unit_003740,HongKong,21,24,500.8,22,2.3668,7e-05,0.0,0.5,22.479958,114.240246,22|27|23|21|31,0.1075|0.1061|0.0885|0.0613|0.0579,
unit_003741,HongKong,8,8,175.3,22,2.2854,0.0,0.0,0.5,22.477474,114.237144,22|27|16|31|23,0.1286|0.1047|0.0867|0.0797|0.0649,
unit_003742,HongKong,8,8,177.3,22,2.3122,0.0,0.0,0.5,22.50985,114.237666,22|31|16|23|3,0.1192|0.0837|0.0760|0.0755|0.0400,
unit_003743,HongKong,8,8,177.3,22,2.3628,0.0,0.20304,0.5506,22.508211,114.239992,22|16|31|23|27,0.1373|0.0870|0.0748|0.0662|0.0629,
unit_003744,HongKong,8,8,177.1,21,2.394,0.0,0.0,0.5,22.521586,114.162665,21|7|22|16|13,0.0999|0.0894|0.0830|0.0703|0.0548,
unit_003745,HongKong,8,8,177.1,22,2.2843,0.0,0.12513,0.5312,22.519957,114.164735,22|31|7|16|13,0.1036|0.0943|0.0931|0.0692|0.0594,
unit_003746,HongKong,8,8,176.6,7,2.4582,0.0,0.0,0.5,22.521146,114.161506,7|13|22|21|3,0.0991|0.0985|0.0684|0.0639|0.0440,
unit_003747,HongKong,8,8,184.3,3,2.3431,0.0,0.21436,0.5534,22.533622,114.161682,3|7|31|13|22,0.0849|0.0755|0.0634|0.0592|0.0588,
unit_003748,HongKong,11,11,250.1,22,2.4195,0.0,0.0,0.5,22.399128,114.184987,22|31|16|23|27,0.1387|0.0837|0.0813|0.0595|0.0450,
unit_003749,HongKong,8,9,175.1,27,2.3584,1e-05,0.1754,0.5437,22.398412,114.182345,27|23|22|31|18,0.1020|0.0877|0.0632|0.0588|0.0559,
unit_003750,HongKong,10,17,225.1,22,2.4331,5e-05,0.1754,0.5437,22.398488,114.180509,22|13|31|7|27,0.1012|0.0985|0.0817|0.0690|0.0648,
unit_003751,HongKong,8,8,175.1,22,2.2927,0.0,0.0,0.5,22.397852,114.178001,22|31|10|23|27,0.1190|0.1075|0.0681|0.0510|0.0391,
unit_003752,HongKong,8,8,176.9,27,2.525,0.0,0.0,0.5,22.399562,114.18706,27|31|10|23|18,0.0813|0.0713|0.0664|0.0661|0.0498,
unit_003753,HongKong,8,8,176.9,27,2.525,0.0,0.0,0.5,22.399562,114.18706,27|31|10|23|18,0.0813|0.0713|0.0664|0.0661|0.0498,
unit_003754,HongKong,8,8,178.0,31,2.4068,0.0,0.0,0.5,22.431647,114.251902,31|16|10|22|7,0.0969|0.0941|0.0738|0.0516|0.0453,
unit_003755,HongKong,8,8,178.0,31,2.4727,0.0,0.0,0.5,22.431526,114.24989,31|16|10|1|21,0.1191|0.0790|0.0717|0.0653|0.0628,
unit_003756,HongKong,13,16,302.7,21,2.3016,2e-05,0.0,0.5,22.524356,114.179555,21|22|7|3|13,0.1064|0.1026|0.0632|0.0580|0.0431,
unit_003757,HongKong,8,8,176.6,22,2.3525,0.0,0.0,0.5,22.527496,114.179306,22|21|16|7|3,0.1174|0.1052|0.0697|0.0658|0.0651,
unit_003758,HongKong,12,16,277.5,22,2.3017,2e-05,0.10351,0.5258,22.528991,114.17692,22|31|16|23|3,0.1350|0.0995|0.0609|0.0599|0.0583,
unit_003759,HongKong,8,8,176.6,16,2.1881,0.0,0.10351,0.5259,22.529104,114.174717,16|22|31|7|21,0.1231|0.1223|0.0989|0.0710|0.0686,
unit_003760,HongKong,7,7,151.4,22,2.2614,0.0,0.0,0.5,22.529677,114.172636,22|31|16|3|7,0.1365|0.1103|0.0929|0.0581|0.0471,
unit_003761,HongKong,8,8,178.2,22,2.3888,0.0,0.0,0.5,22.528483,114.195981,22|3|31|10|1,0.0954|0.0795|0.0763|0.0697|0.0645,
unit_003762,HongKong,8,8,178.2,22,2.2985,0.0,0.0,0.5,22.529467,114.197795,22|31|3|16|7,0.1112|0.0979|0.0696|0.0607|0.0515,
unit_003763,HongKong,12,16,275.8,22,2.3278,0.00011,0.0,0.5,22.513474,114.233218,22|27|23|21|31,0.1011|0.0963|0.0849|0.0682|0.0636,
unit_003764,HongKong,10,15,225.6,22,2.3429,8e-05,0.0,0.5,22.516527,114.230603,22|27|23|21|2,0.1117|0.0908|0.0812|0.0809|0.0467,
unit_003765,HongKong,16,24,376.0,22,2.3872,6e-05,0.0,0.5,22.520157,114.227288,22|27|16|23|21,0.1284|0.1082|0.0795|0.0505|0.0445,
unit_003766,HongKong,12,16,275.8,27,2.3717,1e-05,0.10151,0.5254,22.522305,114.221824,27|23|22|31|16,0.1015|0.0932|0.0815|0.0800|0.0675,
unit_003767,HongKong,6,8,125.3,22,2.2921,0.0,0.10151,0.5254,22.523427,114.220129,22|16|31|7|23,0.1763|0.0780|0.0727|0.0659|0.0568,
unit_003768,HongKong,8,8,175.5,22,2.3544,0.0,0.0,0.5,22.524522,114.217983,22|31|16|3|10,0.0945|0.0822|0.0775|0.0686|0.0561,
unit_003769,HongKong,8,8,181.1,31,2.4693,0.0,0.0,0.5,22.369156,114.171499,31|16|27|10|7,0.0933|0.0874|0.0694|0.0677|0.0624,
unit_003770,HongKong,10,10,183.9,1,2.439,0.0,0.22606,0.5563,22.395564,114.20975,1|21|7|31|27,0.0918|0.0853|0.0637|0.0613|0.0603,
unit_003772,HongKong,3,3,57.1,7,2.3841,0.0,0.0,0.5,22.471773,114.227461,7|13|22|21|3,0.0967|0.0901|0.0640|0.0602|0.0601,
unit_003773,HongKong,7,7,159.6,18,2.2796,0.0,0.0,0.5,22.377823,114.201111,18|1|2|3|16,0.0960|0.0717|0.0682|0.0656|0.0653,
unit_003774,HongKong,7,7,151.9,18,2.2796,0.0,0.0,0.5,22.377615,114.201089,18|1|2|3|16,0.0960|0.0717|0.0682|0.0656|0.0653,
unit_003775,HongKong,9,12,207.3,22,2.4243,3e-05,0.0,0.5,22.508582,114.157036,22|16|31|21|7,0.0917|0.0878|0.0818|0.0608|0.0561,
unit_003776,HongKong,10,14,240.6,7,2.3731,4e-05,0.0,0.5,22.506594,114.163718,7|13|31|27|10,0.1233|0.0917|0.0683|0.0424|0.0409,
unit_003777,HongKong,10,14,240.6,7,2.3731,4e-05,0.0,0.5,22.506594,114.163718,7|13|31|27|10,0.1233|0.0917|0.0683|0.0424|0.0409,
unit_003779,HongKong,14,14,321.2,27,2.1655,0.0,0.0,0.5,22.509417,114.166888,27|22|21|23|2,0.1358|0.0998|0.0715|0.0605|0.0527,
unit_003780,HongKong,26,26,406.6,27,2.1655,0.0,0.0,0.5,22.509538,114.167406,27|22|21|23|2,0.1358|0.0998|0.0715|0.0605|0.0527,
unit_003782,HongKong,16,16,331.1,18,2.4389,0.0,0.06929,0.5173,22.397611,114.201276,18|2|21|7|10,0.0988|0.0928|0.0651|0.0572|0.0567,
unit_003783,HongKong,5,5,101.7,18,2.4427,0.0,0.06929,0.5173,22.398831,114.202112,18|3|1|2|21,0.1114|0.0829|0.0653|0.0614|0.0589,
unit_003784,HongKong,10,16,228.9,18,2.4465,3e-05,0.0,0.5,22.400871,114.203386,18|21|2|1|14,0.0824|0.0761|0.0742|0.0682|0.0680,
unit_003785,HongKong,9,9,202.7,18,2.4427,0.0,0.0,0.5,22.398415,114.20246,18|3|1|2|21,0.1114|0.0829|0.0653|0.0614|0.0589,
unit_003786,HongKong,8,8,182.3,18,2.5551,0.0,0.0,0.5,22.390768,114.198612,18|21|27|2|7,0.1024|0.0845|0.0687|0.0620|0.0601,
unit_003787,HongKong,11,11,254.3,22,2.2272,0.0,0.0,0.5,22.363023,114.209658,22|21|27|23|16,0.1419|0.0869|0.0532|0.0414|0.0386,
unit_003788,HongKong,7,8,152.6,14,1.4383,0.0,0.0,0.5,22.361109,114.210355,14|18|21|23|10,0.1529|0.0494|0.0335|0.0265|0.0083,
unit_003789,HongKong,8,8,178.0,22,2.3276,0.0,0.13995,0.5349,22.358877,114.209747,22|27|23|3|13,0.1123|0.0731|0.0507|0.0336|0.0331,
unit_003791,HongKong,4,4,76.3,14,1.4582,0.0,0.26592,0.5661,22.35751,114.209648,14|18|21|23|13,0.1473|0.0388|0.0336|0.0232|0.0049,
unit_003794,HongKong,8,8,162.9,14,1.5241,0.0,0.0,0.5,22.364686,114.211279,14|18|21|23|31,0.1651|0.0450|0.0355|0.0253|0.0076,
unit_003797,HongKong,8,8,179.0,22,2.3336,0.0,0.0,0.5,22.424168,114.198495,22|23|13|10|1,0.1095|0.0645|0.0389|0.0332|0.0319,
unit_003798,HongKong,7,7,155.0,22,2.4846,0.0,0.0,0.5,22.358365,114.252133,22|13|7|31|10,0.1144|0.0786|0.0715|0.0655|0.0562,
unit_003799,HongKong,8,8,175.4,22,2.2473,0.0,0.0,0.5,22.439551,114.326201,22|21|16|27|23,0.1278|0.0880|0.0423|0.0381|0.0368,
unit_003800,HongKong,9,9,205.3,31,2.4561,0.0,0.0,0.5,22.461948,114.174053,31|1|16|2|7,0.0832|0.0799|0.0673|0.0537|0.0519,
unit_003801,HongKong,6,8,125.6,21,2.3767,1e-05,0.06755,0.5169,22.390399,114.300579,21|22|7|31|13,0.1100|0.1004|0.0905|0.0762|0.0616,
unit_003802,HongKong,13,16,301.5,22,2.3925,2e-05,0.06375,0.5159,22.38883,114.301988,22|27|16|21|31,0.1300|0.1034|0.0805|0.0660|0.0501,
unit_003803,HongKong,8,8,175.9,27,2.3896,0.0,0.05994,0.515,22.387047,114.303508,27|22|16|21|10,0.1179|0.0782|0.0641|0.0592|0.0404,
unit_003804,HongKong,8,8,175.9,22,2.3853,0.0,0.0,0.5,22.387389,114.306865,22|16|31|23|21,0.1692|0.0752|0.0719|0.0487|0.0478,
unit_003805,HongKong,8,8,175.9,22,2.2724,0.0,0.0,0.5,22.389411,114.307577,22|21|23|7|27,0.1653|0.1206|0.0626|0.0431|0.0329,
unit_003806,HongKong,20,24,477.4,22,2.4991,0.00014,0.0,0.5,22.392171,114.309074,22|3|7|23|31,0.1161|0.0728|0.0658|0.0632|0.0584,
unit_003807,HongKong,8,8,175.9,22,2.3321,0.0,0.0,0.5,22.393312,114.312798,22|31|16|10|23,0.1047|0.0971|0.0762|0.0627|0.0412,
unit_003808,HongKong,8,8,175.9,22,2.3909,0.0,0.10276,0.5257,22.394103,114.315598,22|31|16|27|7,0.1157|0.0940|0.0920|0.0853|0.0767,
unit_003809,HongKong,8,8,175.9,22,2.4607,0.0,0.10276,0.5257,22.394947,114.317181,22|31|23|27|10,0.1174|0.0896|0.0810|0.0770|0.0707,
unit_003810,HongKong,3,3,51.9,7,2.3409,0.0,0.0,0.5,22.392081,114.299846,7|21|22|27|1,0.1255|0.0800|0.0673|0.0559|0.0479,
unit_003813,HongKong,8,8,176.9,22,2.2996,0.0,0.0,0.5,22.39646,114.278822,22|27|21|13|7,0.1490|0.0623|0.0501|0.0490|0.0425,
unit_003814,HongKong,8,14,190.4,10,2.5266,3e-05,0.0,0.5,22.538189,114.161441,10|21|2|3|18,0.1172|0.0934|0.0761|0.0707|0.0589,
unit_003815,HongKong,7,7,156.4,22,2.496,0.0,0.12513,0.5312,22.505327,114.167736,22|27|13|7|21,0.1033|0.0767|0.0739|0.0727|0.0705,
unit_003816,HongKong,8,8,182.5,13,2.3532,0.0,0.0,0.5,22.50294,114.167393,13|7|22|21|31,0.1047|0.0900|0.0782|0.0607|0.0422,
unit_003817,HongKong,7,7,151.2,10,2.4939,0.0,0.0,0.5,22.428179,114.200386,10|13|2|31|21,0.0874|0.0705|0.0687|0.0684|0.0518,
unit_003818,HongKong,6,8,126.0,21,2.4983,4e-05,0.0,0.5,22.434188,114.199419,21|18|3|16|14,0.1008|0.0975|0.0805|0.0519|0.0503,
unit_003819,HongKong,8,8,176.3,22,2.4048,0.0,0.0,0.5,22.434406,114.19765,22|31|23|16|18,0.1386|0.0964|0.0672|0.0668|0.0648,
unit_003820,HongKong,4,4,75.6,22,2.3927,0.0,0.0,0.5,22.433991,114.193985,22|31|7|3|27,0.1753|0.0619|0.0504|0.0477|0.0473,
unit_003821,HongKong,10,10,219.6,21,2.4682,0.0,0.0,0.5,22.437384,114.181319,21|22|1|27|3,0.1175|0.0804|0.0638|0.0567|0.0537,
unit_003822,HongKong,3,3,53.3,21,2.4245,0.0,0.0,0.5,22.429493,114.261208,21|13|3|10|2,0.1049|0.0810|0.0790|0.0752|0.0507,
unit_003823,HongKong,8,8,177.5,18,2.4759,0.0,0.0,0.5,22.375066,114.199085,18|21|10|31|23,0.1294|0.0942|0.0726|0.0716|0.0574,
unit_003824,HongKong,7,7,154.6,31,2.3775,0.0,0.0,0.5,22.379167,114.192697,31|21|1|18|3,0.1113|0.1043|0.0796|0.0715|0.0559,
unit_003825,HongKong,8,8,180.4,31,2.4351,0.0,0.0,0.5,22.377574,114.191171,31|1|3|21|18,0.1017|0.0854|0.0830|0.0817|0.0503,
unit_003827,HongKong,5,5,100.2,31,2.4105,0.0,0.0,0.5,22.368538,114.182728,31|7|16|22|23,0.1040|0.0864|0.0853|0.0677|0.0526,
unit_003828,HongKong,11,12,216.9,7,2.4786,0.0,0.07119,0.5178,22.384839,114.276406,7|21|31|27|3,0.1145|0.0859|0.0677|0.0606|0.0601,
unit_003829,HongKong,9,9,202.3,7,2.376,0.0,0.0,0.5,22.385787,114.274119,7|31|16|21|1,0.1018|0.0908|0.0887|0.0872|0.0714,
unit_003830,HongKong,8,8,189.2,10,2.3848,0.0,0.0,0.5,22.449264,114.17052,10|13|31|7|3,0.0779|0.0731|0.0724|0.0543|0.0516,
unit_003832,HongKong,5,5,105.2,7,2.2978,0.0,0.0,0.5,22.507984,114.179265,7|13|3|27|1,0.1315|0.0629|0.0625|0.0624|0.0548,
unit_003833,HongKong,7,7,156.4,21,2.4975,0.0,0.0,0.5,22.381757,114.187307,21|10|2|1|16,0.0734|0.0724|0.0715|0.0714|0.0549,
unit_003834,HongKong,3,3,51.6,1,2.3449,0.0,0.0,0.5,22.370911,114.179087,1|2|3|18|21,0.1066|0.0761|0.0653|0.0584|0.0551,
unit_003835,HongKong,8,8,175.9,1,2.3524,0.0,0.0,0.5,22.368151,114.177435,1|16|31|21|7,0.1068|0.0940|0.0912|0.0745|0.0677,
unit_003838,HongKong,8,9,176.1,22,2.2763,0.0,0.24316,0.5605,22.427426,114.261464,22|21|16|7|31,0.1339|0.1163|0.0855|0.0831|0.0567,
unit_003839,HongKong,13,17,301.6,22,2.2889,2e-05,0.0,0.5,22.414559,114.233012,22|27|23|21|10,0.1479|0.0931|0.0436|0.0436|0.0420,
unit_003840,HongKong,4,4,75.4,18,2.4278,0.0,0.0,0.5,22.418385,114.234755,18|14|16|2|21,0.1323|0.0824|0.0555|0.0542|0.0541,
unit_003841,HongKong,6,6,125.6,18,2.4278,0.0,0.0,0.5,22.419005,114.233763,18|14|16|2|21,0.1323|0.0824|0.0555|0.0542|0.0541,
unit_003843,HongKong,26,26,423.8,22,2.2732,0.0,0.17741,0.5442,22.410263,114.235069,22|27|23|10|13,0.1504|0.0574|0.0438|0.0336|0.0332,
unit_003844,HongKong,8,8,176.2,22,2.2526,0.0,0.1217,0.5304,22.408784,114.236336,22|31|23|2|27,0.1340|0.0946|0.0801|0.0758|0.0631,
unit_003845,HongKong,20,22,366.2,22,2.2825,1e-05,0.06357,0.5159,22.407242,114.237171,22|21|16|7|23,0.1739|0.0698|0.0672|0.0581|0.0469,
unit_003846,HongKong,8,8,176.2,22,2.2526,0.0,0.1217,0.5304,22.408784,114.236336,22|31|23|2|27,0.1340|0.0946|0.0801|0.0758|0.0631,
unit_003848,HongKong,8,8,177.8,22,2.2848,0.0,0.0,0.5,22.404008,114.239904,22|16|23|27|13,0.1851|0.0498|0.0351|0.0332|0.0291,
unit_003849,HongKong,7,7,154.1,21,2.4245,0.0,0.29806,0.574,22.428966,114.260721,21|13|3|10|2,0.1049|0.0810|0.0790|0.0752|0.0507,
unit_003850,HongKong,7,7,154.1,22,2.2626,0.0,0.29806,0.574,22.427556,114.261509,22|21|16|7|31,0.1343|0.1151|0.0853|0.0828|0.0565,
unit_003851,HongKong,3,3,52.8,22,2.2318,0.0,0.0,0.5,22.404386,114.298024,22|31|23|16|3,0.1253|0.0706|0.0630|0.0621|0.0425,
unit_003853,HongKong,7,9,150.9,22,2.0668,1e-05,0.05826,0.5146,22.402993,114.266599,22|21|1|16|31,0.1973|0.0420|0.0340|0.0312|0.0298,
unit_003854,HongKong,7,7,150.9,22,2.1016,0.0,0.07121,0.5178,22.401569,114.268449,22|16|21|7|31,0.1892|0.0747|0.0715|0.0587|0.0412,
unit_003855,HongKong,10,11,226.4,22,2.0627,0.0,0.07121,0.5178,22.400667,114.269955,22|27|1|16|21,0.1772|0.0556|0.0363|0.0347|0.0323,
unit_003856,HongKong,21,21,503.1,22,2.2471,3e-05,0.0,0.5,22.398182,114.271247,22|21|27|23|31,0.1665|0.0539|0.0404|0.0381|0.0308,
unit_003857,HongKong,20,22,477.9,22,2.1994,2e-05,0.0,0.5,22.395642,114.272998,22|21|7|13|27,0.1637|0.0637|0.0333|0.0307|0.0305,
unit_003858,HongKong,9,9,211.7,22,2.1877,0.0,0.0,0.5,22.393871,114.262337,22|16|31|1|7,0.1560|0.0581|0.0469|0.0399|0.0372,
unit_003859,HongKong,6,6,126.4,22,2.5369,0.0,0.0,0.5,22.403492,114.204752,22|18|21|10|16,0.0827|0.0802|0.0639|0.0493|0.0479,
unit_003860,HongKong,8,8,177.0,22,2.5497,0.0,0.0,0.5,22.403246,114.203095,22|14|21|16|23,0.0706|0.0699|0.0613|0.0608|0.0568,
unit_003861,HongKong,7,7,153.4,21,2.5015,0.0,0.0,0.5,22.369092,114.187511,21|1|31|22|27,0.1111|0.0685|0.0625|0.0516|0.0506,
unit_003862,HongKong,5,5,100.8,16,2.5065,0.0,0.0,0.5,22.374162,114.195716,16|18|31|23|22,0.1047|0.0964|0.0815|0.0575|0.0498,
unit_003863,HongKong,3,3,53.3,21,2.4245,0.0,0.0,0.5,22.429493,114.261208,21|13|3|10|2,0.1049|0.0810|0.0790|0.0752|0.0507,
unit_003864,HongKong,8,9,177.4,22,2.3105,0.0,0.07498,0.5187,22.421609,114.262995,22|27|21|23|7,0.1528|0.0870|0.0694|0.0412|0.0376,
unit_003865,HongKong,4,4,77.1,22,2.2639,0.0,0.09677,0.5242,22.393589,114.270812,22|7|3|27|13,0.0794|0.0706|0.0456|0.0451|0.0451,
unit_003866,HongKong,14,18,326.7,22,2.2969,1e-05,0.0,0.5,22.367648,114.253791,22|23|31|2|27,0.1641|0.0790|0.0750|0.0423|0.0381,
unit_003867,HongKong,8,8,175.9,22,2.3626,0.0,0.0,0.5,22.366891,114.25606,22|31|3|7|23,0.1485|0.0778|0.0669|0.0565|0.0562,
unit_003869,HongKong,5,5,103.5,3,2.3972,0.0,0.0,0.5,22.416958,114.213121,3|21|18|10|23,0.0882|0.0828|0.0686|0.0639|0.0472,
unit_003871,HongKong,27,29,654.1,7,2.354,4e-05,0.49438,0.6211,22.427834,114.269795,7|3|23|1|13,0.1036|0.0729|0.0550|0.0392|0.0386,
unit_003872,HongKong,27,29,654.1,7,2.354,4e-05,0.49438,0.6211,22.427834,114.269795,7|3|23|1|13,0.1036|0.0729|0.0550|0.0392|0.0386,
unit_003877,HongKong,8,8,175.1,22,2.4218,0.0,0.0,0.5,22.557674,114.167032,22|16|13|7|3,0.1114|0.0612|0.0557|0.0410|0.0396,
unit_003878,HongKong,8,8,175.1,22,2.221,0.0,0.0,0.5,22.558117,114.169136,22|16|23|31|3,0.1319|0.0516|0.0507|0.0491|0.0484,
unit_003880,HongKong,3,3,53.0,7,2.4718,0.0,0.0,0.5,22.38933,114.274856,7|16|31|27|22,0.0963|0.0776|0.0761|0.0736|0.0645,
unit_003881,HongKong,8,8,176.3,21,2.3096,0.0,0.0,0.5,22.390126,114.29504,21|22|23|27|3,0.1026|0.1009|0.1004|0.0861|0.0519,
unit_003882,HongKong,7,8,154.5,27,2.3256,0.0,0.09626,0.524,22.389379,114.291791,27|16|22|31|21,0.1229|0.0848|0.0740|0.0538|0.0363,
unit_003883,HongKong,7,7,152.4,22,2.1959,0.0,0.0,0.5,22.399639,114.30086,22|21|23|27|18,0.1237|0.1009|0.0916|0.0559|0.0505,
unit_003884,HongKong,18,18,349.2,7,2.3418,0.0,0.0,0.5,22.403488,114.295308,7|22|31|16|21,0.1087|0.0919|0.0673|0.0646|0.0614,
unit_003885,HongKong,8,8,181.5,22,2.2318,0.0,0.0,0.5,22.403753,114.297245,22|31|23|16|3,0.1253|0.0706|0.0630|0.0621|0.0425,
unit_003887,HongKong,8,8,181.7,23,2.3349,0.0,0.0,0.5,22.436451,114.335586,23|31|21|2|22,0.1124|0.0857|0.0841|0.0760|0.0749,
unit_003888,HongKong,7,7,161.2,22,2.2814,0.0,0.0,0.5,22.436733,114.332261,22|16|31|23|7,0.1369|0.1156|0.0729|0.0552|0.0510,
unit_003889,HongKong,36,36,607.0,27,2.5133,0.0,0.06922,0.5173,22.344567,114.150752,27|16|21|22|3,0.0925|0.0823|0.0776|0.0607|0.0563,
unit_003890,HongKong,8,11,140.0,21,2.275,0.0,0.08967,0.5224,22.30958,113.937508,21|10|18|13|2,0.0778|0.0739|0.0710|0.0669|0.0668,
unit_003891,HongKong,8,14,185.0,3,2.3309,1e-05,0.0,0.5,22.307015,113.937001,3|18|21|10|2,0.1042|0.0973|0.0815|0.0596|0.0441,
unit_003892,HongKong,10,12,231.1,21,2.4491,2e-05,0.06827,0.5171,22.304853,113.936642,21|18|10|3|2,0.0918|0.0898|0.0738|0.0699|0.0667,
unit_003893,HongKong,12,21,237.2,3,2.3374,0.0,0.06827,0.5171,22.306676,113.937257,3|18|21|10|2,0.1051|0.0954|0.0798|0.0576|0.0416,
unit_003895,HongKong,4,5,77.3,18,2.3287,0.0,0.06804,0.517,22.298613,113.93515,18|3|21|10|2,0.1083|0.0623|0.0570|0.0514|0.0475,
unit_003896,HongKong,6,7,128.9,18,2.4275,1e-05,0.06804,0.517,22.299337,113.934394,18|16|31|3|21,0.1433|0.0888|0.0625|0.0444|0.0441,
unit_003897,HongKong,11,15,211.6,18,2.447,6e-05,0.06789,0.517,22.299155,113.935262,18|3|21|16|10,0.1231|0.0582|0.0544|0.0536|0.0498,
unit_003898,HongKong,8,8,177.8,18,2.4471,0.0,0.0,0.5,22.299469,113.971011,18|16|3|23|2,0.1043|0.0761|0.0740|0.0538|0.0500,
unit_003899,HongKong,11,13,254.1,18,2.489,9e-05,0.0,0.5,22.298806,113.968465,18|2|16|22|10,0.1152|0.0609|0.0573|0.0542|0.0434,
unit_003900,HongKong,8,8,177.8,16,2.4347,0.0,0.0,0.5,22.298072,113.965228,16|18|2|14|3,0.1006|0.0908|0.0644|0.0561|0.0481,
unit_003901,HongKong,7,8,152.4,16,2.4219,0.0,0.09998,0.525,22.297599,113.963106,16|18|31|14|27,0.1190|0.0933|0.0701|0.0459|0.0456,
unit_003902,HongKong,11,13,202.5,16,2.3874,0.0,0.09502,0.5237,22.297275,113.961687,16|31|22|10|21,0.1272|0.0881|0.0754|0.0510|0.0462,
unit_003903,HongKong,93,129,1937.2,1,2.4803,0.0001,0.08999,0.5225,22.28858,114.139032,1|2|18|16|3,0.0802|0.0709|0.0615|0.0589|0.0551,
unit_003904,HongKong,20,20,293.3,1,2.1568,0.0,0.0,0.5,22.280426,114.153349,1|7|16|23|31,0.1290|0.0852|0.0602|0.0416|0.0341,
unit_003905,HongKong,15,15,244.8,1,2.3157,0.0,0.0,0.5,22.282243,114.149605,1|31|16|7|21,0.1064|0.0975|0.0703|0.0553|0.0416,
unit_003906,HongKong,20,20,360.0,1,2.3588,0.0,0.0,0.5,22.284066,114.13955,1|31|7|16|23,0.0941|0.0931|0.0698|0.0498|0.0469,
unit_003907,HongKong,31,31,599.8,1,2.421,0.0,0.0,0.5,22.284742,114.145761,1|31|7|16|10,0.1125|0.0536|0.0509|0.0431|0.0397,
unit_003908,HongKong,19,32,360.1,1,2.5379,2e-05,0.0,0.5,22.283741,114.133266,1|31|16|21|27,0.0929|0.0811|0.0755|0.0716|0.0657,
unit_003909,HongKong,34,36,716.8,31,2.4988,3e-05,0.0,0.5,22.281633,114.122504,31|1|16|7|27,0.0864|0.0796|0.0556|0.0523|0.0444,
unit_003913,HongKong,7,7,152.5,22,2.4596,0.0,0.0,0.5,22.28041,114.118822,22|27|31|10|7,0.1004|0.0863|0.0678|0.0641|0.0605,
unit_003914,HongKong,13,16,305.0,21,2.419,4e-05,0.0,0.5,22.276599,114.117386,21|22|10|27|7,0.1102|0.0921|0.0909|0.0860|0.0445,
unit_003915,HongKong,23,42,462.0,27,2.5539,2e-05,0.0,0.5,22.272305,114.121045,27|31|10|16|7,0.0982|0.0828|0.0714|0.0696|0.0672,
unit_003916,HongKong,7,7,153.3,7,2.4869,0.0,0.0,0.5,22.273459,114.119038,7|31|16|27|22,0.0947|0.0851|0.0732|0.0723|0.0650,
unit_003917,HongKong,28,28,557.3,10,2.4312,0.0,0.13305,0.5332,22.272997,114.126824,10|16|31|22|1,0.0964|0.0833|0.0823|0.0692|0.0688,
unit_003918,HongKong,20,20,366.2,7,2.3951,0.0,0.0,0.5,22.271144,114.12395,7|31|1|21|10,0.1209|0.0921|0.0640|0.0592|0.0487,
unit_003919,HongKong,6,7,127.9,22,2.3427,0.0,0.13305,0.5332,22.272935,114.125433,22|23|27|31|10,0.0872|0.0784|0.0752|0.0712|0.0494,
unit_003920,HongKong,29,30,565.1,7,2.4557,0.0,0.16715,0.5417,22.270041,114.127132,7|27|1|13|31,0.1153|0.0732|0.0682|0.0542|0.0541,
unit_003921,HongKong,18,18,329.8,7,2.4674,0.0,0.0,0.5,22.268048,114.128837,7|31|1|27|16,0.1124|0.0985|0.0737|0.0621|0.0591,
unit_003922,HongKong,8,8,176.5,27,2.3973,0.0,0.0,0.5,22.257787,114.134113,27|22|21|23|10,0.1106|0.1105|0.1041|0.0486|0.0435,
unit_003923,HongKong,8,8,176.5,1,2.4642,0.0,0.0,0.5,22.262207,114.132959,1|7|31|21|27,0.1195|0.0764|0.0620|0.0596|0.0519,
unit_003924,HongKong,3,3,50.4,21,2.4642,0.0,0.0,0.5,22.264495,114.13123,21|27|7|16|1,0.1116|0.1086|0.0894|0.0573|0.0548,
unit_003925,HongKong,9,9,201.7,27,2.4197,0.0,0.0,0.5,22.26734,114.130487,27|10|22|21|16,0.1494|0.0730|0.0618|0.0599|0.0465,
unit_003926,HongKong,38,38,789.8,10,2.4658,0.0,0.0,0.5,22.261777,114.128944,10|22|1|21|2,0.0827|0.0737|0.0687|0.0645|0.0577,
unit_003927,HongKong,30,30,449.4,1,2.315,0.0,0.0,0.5,22.261116,114.131166,1|16|21|31|2,0.0909|0.0705|0.0699|0.0583|0.0555,
unit_003928,HongKong,14,14,251.4,1,2.2778,0.0,0.0,0.5,22.283639,114.14672,1|31|16|7|27,0.1110|0.0680|0.0610|0.0441|0.0331,
unit_003930,HongKong,3,3,50.3,1,2.421,0.0,0.0,0.5,22.284413,114.146138,1|31|7|16|10,0.1125|0.0536|0.0509|0.0431|0.0397,
unit_003931,HongKong,4,4,75.5,1,2.2778,0.0,0.0,0.5,22.283756,114.147052,1|31|16|7|27,0.1110|0.0680|0.0610|0.0441|0.0331,
unit_003932,HongKong,21,21,328.1,1,2.3665,0.0,0.0,0.5,22.286996,114.140594,1|16|31|10|7,0.1149|0.0668|0.0626|0.0384|0.0370,
unit_003933,HongKong,13,13,186.4,1,1.9102,0.0,0.0,0.5,22.286899,114.143593,1|7|16|23|10,0.1248|0.0571|0.0544|0.0482|0.0220,
unit_003934,HongKong,4,4,80.0,18,2.5054,0.0,0.0,0.5,22.28719,114.132666,18|1|3|31|16,0.0863|0.0754|0.0651|0.0580|0.0580,
unit_003935,HongKong,65,91,962.4,1,2.4403,1e-05,0.0,0.5,22.287797,114.135122,1|21|13|3|16,0.0915|0.0734|0.0726|0.0629|0.0473,
unit_003936,HongKong,17,17,362.7,18,2.5054,0.0,0.0,0.5,22.287159,114.13233,18|1|3|31|16,0.0863|0.0754|0.0651|0.0580|0.0580,
unit_003937,HongKong,16,16,333.7,18,2.5054,0.0,0.0,0.5,22.287337,114.132266,18|1|3|31|16,0.0863|0.0754|0.0651|0.0580|0.0580,
unit_003938,HongKong,22,33,407.1,1,2.1754,0.0,0.0687,0.5172,22.283979,114.129819,1|16|21|7|31,0.1187|0.0871|0.0722|0.0600|0.0446,
unit_003939,HongKong,15,15,324.7,18,2.2537,0.0,0.0,0.5,22.288623,114.147775,18|1|16|31|10,0.1278|0.0693|0.0687|0.0449|0.0381,
unit_003940,HongKong,16,16,335.3,18,2.2537,0.0,0.0,0.5,22.2884,114.147647,18|1|16|31|10,0.1278|0.0693|0.0687|0.0449|0.0381,
unit_003941,HongKong,20,30,441.5,1,2.4512,7e-05,0.08999,0.5225,22.288236,114.138804,1|2|16|18|3,0.0828|0.0762|0.0601|0.0575|0.0535,
unit_003942,HongKong,5,5,101.7,1,2.4403,0.0,0.0,0.5,22.287276,114.134909,1|21|13|3|16,0.0944|0.0731|0.0727|0.0644|0.0479,
unit_003943,HongKong,25,30,490.4,10,2.2169,2e-05,0.0,0.5,22.320127,113.937191,10|2|18|16|13,0.0996|0.0776|0.0749|0.0711|0.0630,
unit_003944,HongKong,15,26,302.9,10,2.1992,1e-05,0.0,0.5,22.320248,113.937297,10|2|18|16|13,0.1027|0.0799|0.0769|0.0732|0.0651,
unit_003945,HongKong,64,82,1237.3,16,2.4457,3e-05,0.15949,0.5398,22.311434,113.937176,16|3|18|10|2,0.0956|0.0828|0.0521|0.0467|0.0445,
unit_003946,HongKong,8,8,177.8,18,2.2934,0.0,0.29913,0.5742,22.313379,113.937094,18|10|2|3|21,0.1093|0.0698|0.0642|0.0564|0.0534,
unit_003947,HongKong,8,8,177.8,10,2.277,0.0,0.0,0.5,22.316391,113.936006,10|3|14|1|21,0.0717|0.0498|0.0492|0.0404|0.0390,
unit_003948,HongKong,3,3,50.8,16,2.424,0.0,0.0,0.5,22.319504,113.935403,16|2|3|1|10,0.0932|0.0853|0.0669|0.0665|0.0545,
unit_003949,HongKong,96,155,2039.9,2,2.2025,3e-05,0.0,0.5,22.316015,113.940137,2|13|10|21|16,0.0968|0.0753|0.0726|0.0480|0.0441,
unit_003950,HongKong,51,59,851.8,3,2.3896,2e-05,0.07653,0.5191,22.314166,113.941999,3|10|2|13|21,0.0860|0.0764|0.0702|0.0637|0.0595,
unit_003951,HongKong,27,27,464.4,13,2.1494,0.0,0.0,0.5,22.313205,113.93968,13|2|10|3|16,0.0873|0.0796|0.0781|0.0611|0.0450,
unit_003952,HongKong,19,30,206.9,3,2.3344,1e-05,0.0,0.5,22.306709,113.938097,3|18|21|10|2,0.1047|0.0964|0.0807|0.0586|0.0429,
unit_003954,HongKong,10,10,116.9,21,2.2996,0.0,0.0,0.5,22.30405,113.939559,21|13|18|14|2,0.1031|0.0904|0.0890|0.0685|0.0544,
unit_003955,HongKong,5,5,100.2,21,2.333,0.0,0.0,0.5,22.303274,113.937515,21|3|18|10|2,0.0987|0.0832|0.0747|0.0740|0.0486,
unit_003957,HongKong,8,8,175.4,13,2.369,0.0,0.35452,0.5877,22.296303,113.93745,13|16|21|7|31,0.1102|0.0774|0.0729|0.0620|0.0542,
unit_003958,HongKong,15,20,350.8,18,2.5064,3e-05,0.35452,0.5877,22.29484,113.937301,18|3|21|2|16,0.1408|0.0633|0.0629|0.0520|0.0500,
unit_003959,HongKong,34,51,654.3,18,2.4478,2e-05,0.0,0.5,22.304691,113.937726,18|21|10|3|2,0.0938|0.0926|0.0729|0.0713|0.0672,
unit_003960,HongKong,24,39,528.4,18,2.405,3e-05,0.0,0.5,22.305362,113.936955,18|21|3|10|2,0.0908|0.0908|0.0858|0.0698|0.0560,
unit_003961,HongKong,10,10,178.4,18,2.3247,0.0,0.0,0.5,22.299216,113.935934,18|3|21|10|2,0.1071|0.0621|0.0568|0.0512|0.0474,
unit_003962,HongKong,9,11,202.5,18,2.4247,5e-05,0.0,0.5,22.299015,113.935425,18|3|21|10|16,0.1172|0.0596|0.0552|0.0503|0.0465,
unit_003963,HongKong,59,59,1085.1,31,2.4159,0.0,0.0,0.5,22.28283,114.143502,31|1|16|27|13,0.1251|0.0695|0.0593|0.0544|0.0535,
unit_003964,HongKong,18,18,332.0,31,2.5025,0.0,0.0,0.5,22.251852,114.157155,31|10|22|27|1,0.1060|0.0776|0.0754|0.0704|0.0597,
unit_003965,HongKong,8,8,175.0,21,2.3978,0.0,0.0,0.5,22.249378,114.158971,21|31|10|1|7,0.1267|0.0628|0.0621|0.0610|0.0553,
unit_003967,HongKong,7,7,99.7,1,2.2175,0.0,0.0,0.5,22.249098,114.156299,1|7|23|16|21,0.0913|0.0778|0.0506|0.0411|0.0382,
unit_003968,HongKong,16,16,306.4,1,2.417,0.0,0.0,0.5,22.247267,114.155884,1|31|16|3|2,0.1189|0.0776|0.0670|0.0602|0.0549,
unit_003969,HongKong,9,9,170.7,16,2.5041,0.0,0.0,0.5,22.248355,114.151193,16|31|1|7|27,0.1076|0.0763|0.0669|0.0603|0.0475,
unit_003970,HongKong,16,29,343.0,16,2.5241,3e-05,0.0,0.5,22.24933,114.145929,16|31|18|10|1,0.1005|0.0933|0.0854|0.0643|0.0632,
unit_003971,HongKong,8,8,178.5,16,2.458,0.0,0.0,0.5,22.2496,114.142137,16|18|1|27|31,0.0859|0.0858|0.0743|0.0731|0.0610,
unit_003972,HongKong,17,17,298.6,21,2.4522,0.0,0.06639,0.5166,22.252719,114.140055,21|7|16|31|1,0.1090|0.0798|0.0797|0.0739|0.0539,
unit_003973,HongKong,86,163,1745.7,21,2.5152,0.0001,0.0,0.5,22.260816,114.136179,21|1|3|7|10,0.0977|0.0767|0.0589|0.0583|0.0572,
unit_003975,HongKong,28,28,379.6,21,2.4967,0.0,0.11849,0.5296,22.273869,114.130059,21|27|16|10|1,0.1025|0.0663|0.0661|0.0645|0.0580,
unit_003976,HongKong,34,34,550.0,1,2.3587,0.0,0.0,0.5,22.279836,114.129459,1|21|7|10|23,0.0967|0.0803|0.0763|0.0449|0.0406,
unit_003977,HongKong,7,7,156.0,21,2.4984,0.0,0.0,0.5,22.280498,114.131541,21|1|7|27|31,0.0977|0.0955|0.0705|0.0654|0.0533,
unit_003978,HongKong,10,10,123.3,1,2.2175,0.0,0.0,0.5,22.248655,114.155921,1|7|23|16|21,0.0913|0.0778|0.0506|0.0411|0.0382,
unit_003979,HongKong,28,28,288.4,1,2.0629,0.0,0.0,0.5,22.248883,114.154933,1|21|23|7|10,0.1320|0.0511|0.0508|0.0335|0.0335,
unit_003981,HongKong,6,6,88.2,1,2.417,0.0,0.0,0.5,22.247757,114.155419,1|31|16|3|2,0.1189|0.0776|0.0670|0.0602|0.0549,
unit_003982,HongKong,9,9,140.1,16,2.1896,0.0,0.0,0.5,22.287108,114.154609,16|1|18|2|21,0.0931|0.0862|0.0776|0.0562|0.0502,
unit_003983,HongKong,6,6,92.5,1,2.3124,0.0,0.0,0.5,22.286459,114.15546,1|16|2|21|7,0.1221|0.0738|0.0550|0.0386|0.0385,
unit_003984,HongKong,28,28,568.7,18,2.4101,0.0,0.0,0.5,22.28701,114.157616,18|16|2|1|3,0.0843|0.0799|0.0792|0.0740|0.0534,
unit_003986,HongKong,16,16,347.0,1,2.3765,0.0,0.0,0.5,22.247463,114.158426,1|16|31|18|3,0.1331|0.0670|0.0615|0.0590|0.0488,
unit_003987,HongKong,31,31,474.2,1,2.2769,0.0,0.0,0.5,22.335801,114.149353,1|16|3|2|14,0.1190|0.0651|0.0548|0.0470|0.0316,
unit_003988,HongKong,24,35,525.1,1,2.4139,2e-05,0.0,0.5,22.336669,114.142846,1|16|18|2|31,0.1053|0.0760|0.0530|0.0479|0.0393,
unit_003989,HongKong,38,66,690.1,1,2.5038,1e-05,0.0,0.5,22.331058,114.154317,1|2|3|31|21,0.1164|0.0733|0.0721|0.0721|0.0533,
unit_003990,HongKong,33,33,465.3,1,2.0997,1e-05,0.0,0.5,22.339777,114.153753,1|7|23|16|13,0.1438|0.0670|0.0583|0.0493|0.0297,
unit_003992,HongKong,5,5,55.2,1,2.2304,0.0,0.12562,0.5314,22.285985,114.159417,1|3|31|16|10,0.1104|0.0939|0.0586|0.0509|0.0487,
unit_003993,HongKong,13,16,260.5,18,2.2809,0.0,0.09566,0.5239,22.328441,114.149936,18|1|31|3|16,0.1220|0.0912|0.0607|0.0411|0.0365,
unit_003994,HongKong,11,13,210.0,16,2.424,1e-05,0.09566,0.5239,22.329177,114.148477,16|18|2|14|7,0.1110|0.0996|0.0750|0.0558|0.0481,
unit_003995,HongKong,11,21,201.6,18,2.3869,0.0,0.0,0.5,22.330601,114.144828,18|2|16|31|14,0.1499|0.0804|0.0682|0.0674|0.0644,
unit_003996,HongKong,11,11,206.8,18,2.2978,0.0,0.0,0.5,22.329804,114.142858,18|1|10|31|16,0.1491|0.0484|0.0448|0.0389|0.0371,
unit_003997,HongKong,13,13,274.1,18,2.3045,0.0,0.0,0.5,22.331805,114.14181,18|16|14|31|2,0.1507|0.0760|0.0536|0.0515|0.0515,
unit_003998,HongKong,9,9,153.4,16,2.4861,0.0,0.0,0.5,22.333068,114.138938,16|2|18|22|31,0.0937|0.0646|0.0643|0.0623|0.0611,
unit_003999,HongKong,14,15,332.3,18,2.3673,2e-05,0.0,0.5,22.334475,114.135751,18|16|31|21|10,0.1244|0.0809|0.0646|0.0545|0.0510,
unit_004000,HongKong,8,8,101.2,1,2.1406,0.0,0.0,0.5,22.280912,114.156516,1|7|16|21|10,0.1275|0.0709|0.0643|0.0385|0.0343,
unit_004001,HongKong,59,62,1155.3,31,2.4715,2e-05,0.0,0.5,22.277412,114.15745,31|1|16|10|27,0.0840|0.0802|0.0727|0.0426|0.0426,
unit_004002,HongKong,9,9,170.5,1,2.475,0.0,0.0,0.5,22.276589,114.156275,1|31|16|22|27,0.1043|0.0927|0.0658|0.0538|0.0478,
unit_004003,HongKong,56,56,918.0,2,2.4903,0.0,0.0,0.5,22.275641,114.155076,2|1|31|27|16,0.0940|0.0900|0.0806|0.0629|0.0532,
unit_004004,HongKong,45,45,851.0,2,2.5077,0.0,0.0,0.5,22.277743,114.152951,2|1|27|31|18,0.1101|0.0708|0.0689|0.0642|0.0627,
unit_004005,HongKong,21,21,266.1,1,2.0634,0.0,0.0,0.5,22.286063,114.150162,1|7|23|16|21,0.1401|0.0684|0.0518|0.0496|0.0430,
unit_004006,HongKong,6,6,101.7,1,2.2701,0.0,0.0,0.5,22.287356,114.149812,1|7|23|2|13,0.1098|0.0731|0.0597|0.0416|0.0382,
unit_004007,HongKong,60,60,965.6,18,2.2537,0.0,0.0,0.5,22.288421,114.147733,18|1|16|31|10,0.1278|0.0693|0.0687|0.0449|0.0381,
unit_004009,HongKong,63,104,1263.6,10,2.4739,3e-05,0.07441,0.5186,22.270496,114.130046,10|18|1|21|27,0.0943|0.0876|0.0812|0.0692|0.0603,
unit_004010,HongKong,27,27,475.9,1,2.4284,0.0,0.0,0.5,22.243838,114.149068,1|21|3|27|7,0.1191|0.0734|0.0479|0.0415|0.0414,
unit_004011,HongKong,47,47,726.9,31,2.4499,0.0,0.0,0.5,22.281532,114.147839,31|1|22|7|16,0.1256|0.0982|0.0578|0.0565|0.0559,
unit_004012,HongKong,7,7,152.6,27,2.3645,0.0,0.13603,0.534,22.25283,114.138149,27|16|1|31|10,0.1140|0.0868|0.0615|0.0590|0.0471,
unit_004013,HongKong,19,25,213.2,7,2.3965,1e-05,0.11638,0.5291,22.252243,114.139204,7|16|31|1|21,0.1191|0.0897|0.0759|0.0687|0.0535,
unit_004014,HongKong,16,16,290.6,21,2.4116,0.0,0.0,0.5,22.252543,114.135941,21|10|27|1|7,0.0975|0.0779|0.0766|0.0753|0.0583,
unit_004015,HongKong,47,65,894.3,1,2.4962,5e-05,0.0,0.5,22.250577,114.136803,1|7|31|27|21,0.0983|0.0732|0.0637|0.0584|0.0580,
unit_004017,HongKong,24,44,452.0,18,2.3259,1e-05,0.09854,0.5246,22.263819,114.126522,18|10|21|27|23,0.1202|0.0844|0.0835|0.0665|0.0450,
unit_004019,HongKong,12,15,277.1,21,2.4702,3e-05,0.09854,0.5246,22.265888,114.126326,21|22|27|7|10,0.1204|0.1006|0.0722|0.0678|0.0536,
unit_004020,HongKong,56,70,1002.8,1,2.297,4e-05,0.0,0.5,22.286062,114.154704,1|16|2|18|21,0.1053|0.0844|0.0562|0.0539|0.0448,
unit_004022,HongKong,10,10,179.1,16,2.3981,0.0,0.0,0.5,22.288948,114.14941,16|7|1|10|31,0.0913|0.0826|0.0687|0.0582|0.0574,
unit_004023,HongKong,67,67,1426.7,2,2.1855,0.0,0.0,0.5,22.28897,114.143557,2|16|18|31|1,0.0910|0.0823|0.0814|0.0678|0.0434,
unit_004024,HongKong,6,6,128.1,18,2.4597,0.0,0.08999,0.5225,22.289242,114.140392,18|3|21|1|16,0.0999|0.0693|0.0688|0.0654|0.0589,
unit_004027,HongKong,17,17,315.0,1,2.2677,0.0,0.0,0.5,22.280413,114.150539,1|7|21|10|16,0.1273|0.0548|0.0546|0.0532|0.0480,
unit_004028,HongKong,20,20,377.8,3,2.2755,0.0,0.0,0.5,22.278672,113.932924,3|1|31|16|13,0.0783|0.0771|0.0609|0.0561|0.0394,
unit_004029,HongKong,5,5,101.5,31,2.4768,0.0,0.12521,0.5313,22.279362,113.935884,31|7|16|3|10,0.1063|0.0865|0.0798|0.0639|0.0634,
unit_004030,HongKong,7,8,152.2,31,2.3876,0.0,0.12521,0.5313,22.27971,113.937208,31|13|1|3|16,0.0864|0.0703|0.0657|0.0575|0.0532,
unit_004031,HongKong,7,7,157.0,22,2.4306,0.0,0.1343,0.5335,22.283549,113.941901,22|21|3|16|18,0.1339|0.0799|0.0673|0.0599|0.0533,
unit_004032,HongKong,70,78,1292.7,3,2.5004,6e-05,0.1343,0.5335,22.285434,113.943281,3|21|16|31|22,0.0866|0.0858|0.0798|0.0705|0.0693,
unit_004033,HongKong,39,39,626.0,1,2.4713,0.0,0.0,0.5,22.287632,113.941063,1|21|31|18|3,0.1236|0.0958|0.0920|0.0757|0.0564,
unit_004034,HongKong,38,38,750.5,16,2.5011,0.0,0.0,0.5,22.289344,113.943065,16|22|1|10|27,0.0922|0.0736|0.0649|0.0588|0.0489,
unit_004035,HongKong,8,8,175.5,14,2.1811,0.0,0.0,0.5,22.288865,113.946915,14|2|18|27|16,0.1477|0.0665|0.0544|0.0417|0.0413,
unit_004037,HongKong,6,6,78.2,18,2.3277,0.0,0.0,0.5,22.292162,113.939123,18|21|10|23|16,0.1733|0.0564|0.0553|0.0460|0.0433,
unit_004038,HongKong,53,57,979.8,1,2.3713,2e-05,0.0644,0.5161,22.294578,113.946857,1|3|21|10|31,0.1004|0.0887|0.0719|0.0586|0.0484,
unit_004039,HongKong,8,8,185.9,31,2.277,0.0,0.0,0.5,22.293536,113.941944,31|3|1|18|2,0.0774|0.0763|0.0665|0.0621|0.0589,
unit_004040,HongKong,20,20,386.9,1,2.3375,0.0,0.0,0.5,22.296468,113.951727,1|31|27|16|3,0.1120|0.0771|0.0560|0.0539|0.0514,
unit_004041,HongKong,24,24,486.3,1,2.3389,0.0,0.0,0.5,22.291498,113.94328,1|2|31|3|16,0.1021|0.0660|0.0650|0.0605|0.0471,
unit_004042,HongKong,8,8,179.8,1,2.319,0.0,0.0,0.5,22.290822,113.946295,1|31|16|3|27,0.0825|0.0800|0.0785|0.0727|0.0512,
unit_004043,HongKong,24,24,395.4,1,2.3714,0.0,0.0,0.5,22.293041,113.95034,1|31|3|16|18,0.1016|0.0767|0.0660|0.0553|0.0343,
unit_004044,HongKong,8,8,179.8,1,2.319,0.0,0.0,0.5,22.290822,113.946295,1|31|16|3|27,0.0825|0.0800|0.0785|0.0727|0.0512,
unit_004045,HongKong,12,12,277.4,22,2.379,0.0,0.0,0.5,22.264127,114.136125,22|7|31|21|13,0.1345|0.0816|0.0801|0.0688|0.0631,
unit_004046,HongKong,12,12,263.1,21,2.4522,0.0,0.0,0.5,22.252785,114.14025,21|7|16|31|1,0.1090|0.0798|0.0797|0.0739|0.0539,
unit_004047,HongKong,5,5,100.5,21,2.4522,0.0,0.05604,0.514,22.252605,114.140454,21|7|16|31|1,0.1090|0.0798|0.0797|0.0739|0.0539,
unit_004049,HongKong,16,16,246.2,7,2.3273,0.0,0.0,0.5,22.323251,114.155134,7|21|16|31|2,0.1085|0.0993|0.0909|0.0777|0.0578,
unit_004050,HongKong,8,8,175.4,21,2.3979,0.0,0.0,0.5,22.321516,114.155422,21|7|1|31|3,0.1060|0.0872|0.0784|0.0670|0.0550,
unit_004051,HongKong,7,7,154.9,31,2.5304,0.0,0.0,0.5,22.325403,114.156919,31|1|3|21|16,0.1180|0.0866|0.0777|0.0727|0.0581,
unit_004052,HongKong,34,34,658.7,18,2.4083,0.0,0.0,0.5,22.332396,114.152217,18|1|31|16|13,0.1199|0.0901|0.0561|0.0510|0.0440,
unit_004053,HongKong,16,16,314.7,1,2.3201,0.0,0.0,0.5,22.330663,114.15071,1|31|3|16|21,0.1183|0.0681|0.0622|0.0554|0.0526,
unit_004054,HongKong,41,41,712.6,16,2.4158,0.0,0.0,0.5,22.335076,114.152034,16|1|31|7|21,0.0900|0.0873|0.0862|0.0770|0.0758,
unit_004055,HongKong,7,7,162.0,1,2.2647,0.0,0.0,0.5,22.332308,114.147934,1|31|3|21|13,0.0994|0.0621|0.0615|0.0348|0.0301,
unit_004056,HongKong,39,39,745.6,1,2.417,0.0,0.0,0.5,22.334749,114.144583,1|18|21|2|3,0.0920|0.0749|0.0723|0.0649|0.0553,
unit_004057,HongKong,19,19,356.0,1,2.3503,0.0,0.0,0.5,22.334635,114.142649,1|3|21|13|23,0.0932|0.0777|0.0713|0.0431|0.0326,
unit_004058,HongKong,52,67,874.8,1,2.415,3e-05,0.0,0.5,22.336315,114.142748,1|16|18|2|31,0.1042|0.0752|0.0525|0.0473|0.0391,
unit_004059,HongKong,7,7,156.5,16,2.3714,0.0,0.0,0.5,22.329015,114.146379,16|18|31|2|1,0.1039|0.0978|0.0710|0.0529|0.0500,
unit_004060,HongKong,7,7,156.5,16,2.3714,0.0,0.0,0.5,22.329102,114.146416,16|18|31|2|1,0.1039|0.0978|0.0710|0.0529|0.0500,
unit_004061,HongKong,42,51,921.9,16,2.4094,4e-05,0.0,0.5,22.328451,114.14219,16|7|1|21|3,0.0953|0.0831|0.0697|0.0594|0.0510,
unit_004062,HongKong,34,34,559.0,21,2.4273,0.0,0.0,0.5,22.327313,114.137656,21|2|3|1|16,0.1038|0.0740|0.0592|0.0532|0.0493,
unit_004063,HongKong,10,19,191.5,18,2.3888,1e-05,0.0,0.5,22.331354,114.144735,18|31|2|16|1,0.1534|0.0693|0.0663|0.0658|0.0574,
unit_004064,HongKong,11,11,225.7,18,2.3045,0.0,0.0,0.5,22.331572,114.141721,18|16|14|31|2,0.1507|0.0760|0.0536|0.0515|0.0515,
unit_004065,HongKong,8,8,178.1,1,2.417,0.0,0.0,0.5,22.334516,114.14448,1|18|21|2|3,0.0920|0.0749|0.0723|0.0649|0.0553,
unit_004066,HongKong,10,20,187.2,18,2.3875,0.0,0.0,0.5,22.331121,114.144833,18|31|2|16|1,0.1560|0.0706|0.0699|0.0672|0.0585,
unit_004067,HongKong,12,12,230.7,18,2.3045,0.0,0.0,0.5,22.332253,114.141999,18|16|14|31|2,0.1507|0.0760|0.0536|0.0515|0.0515,
unit_004068,HongKong,12,14,236.5,16,2.4242,1e-05,0.13452,0.5336,22.329564,114.148894,16|18|2|14|7,0.1113|0.0999|0.0752|0.0560|0.0482,
unit_004069,HongKong,14,14,287.9,18,2.3362,0.0,0.0,0.5,22.323189,114.157031,18|1|13|21|31,0.1337|0.0653|0.0641|0.0610|0.0515,
unit_004070,HongKong,6,6,130.0,18,2.3708,0.0,0.0,0.5,22.321436,114.158367,18|21|31|1|16,0.1446|0.0925|0.0721|0.0716|0.0644,
unit_004071,HongKong,7,7,76.4,1,2.0918,0.0,0.07798,0.5195,22.283194,114.130168,1|7|23|10|16,0.1229|0.0626|0.0611|0.0451|0.0360,
unit_004072,HongKong,38,48,636.3,21,2.394,0.0,0.07809,0.5195,22.243088,114.157732,21|1|23|27|10,0.1013|0.0769|0.0646|0.0357|0.0345,
unit_004073,HongKong,3,3,52.0,1,2.3926,0.0,0.0,0.5,22.240898,114.156257,1|2|21|14|10,0.1012|0.0714|0.0594|0.0496|0.0444,
unit_004074,HongKong,8,8,130.0,1,2.4979,0.0,0.0,0.5,22.241342,114.154912,1|21|3|31|7,0.1296|0.0677|0.0515|0.0514|0.0503,
unit_004075,HongKong,27,44,495.8,7,2.4529,2e-05,0.0,0.5,22.23887,114.152012,7|1|16|21|10,0.0837|0.0733|0.0727|0.0569|0.0488,
unit_004076,HongKong,26,34,517.4,21,2.5803,5e-05,0.0,0.5,22.241403,114.14878,21|22|10|31|27,0.0904|0.0738|0.0711|0.0685|0.0648,
unit_004077,HongKong,8,8,175.4,1,2.2257,0.0,0.0,0.5,22.243936,114.146275,1|31|3|21|13,0.1287|0.0638|0.0547|0.0451|0.0375,
unit_004078,HongKong,51,83,990.5,1,2.5047,2e-05,0.0,0.5,22.243454,114.151015,1|31|16|3|10,0.1056|0.0972|0.0700|0.0613|0.0607,
unit_004080,HongKong,18,18,312.5,31,2.3807,0.0,0.0,0.5,22.243274,114.1532,31|23|2|27|1,0.1278|0.0870|0.0602|0.0582|0.0557,
unit_004081,HongKong,20,20,441.0,1,2.417,0.0,0.0,0.5,22.247141,114.155472,1|31|16|3|2,0.1189|0.0776|0.0670|0.0602|0.0549,
unit_004082,HongKong,16,16,256.9,1,2.3765,0.0,0.0,0.5,22.247268,114.158474,1|16|31|18|3,0.1331|0.0670|0.0615|0.0590|0.0488,
unit_004083,HongKong,19,20,407.5,16,2.4317,6e-05,0.05708,0.5143,22.328934,114.026578,16|21|18|3|10,0.0955|0.0815|0.0801|0.0707|0.0554,
unit_004084,HongKong,7,8,153.8,18,2.4127,0.0,0.05708,0.5143,22.329697,114.027142,18|3|16|21|10,0.1091|0.0743|0.0741|0.0660|0.0571,
unit_004085,HongKong,8,8,179.4,18,2.4306,0.0,0.0,0.5,22.330781,114.028733,18|22|2|14|21,0.1139|0.0698|0.0680|0.0630|0.0546,
unit_004086,HongKong,6,6,128.2,18,2.4629,0.0,0.0,0.5,22.33035,114.031786,18|21|22|23|27,0.1127|0.0965|0.0698|0.0627|0.0616,
unit_004087,HongKong,10,10,175.8,21,2.4084,0.0,0.0,0.5,22.328712,114.033115,21|3|18|22|23,0.1004|0.0868|0.0735|0.0701|0.0536,
unit_004088,HongKong,8,8,178.1,18,2.4306,0.0,0.0,0.5,22.330903,114.028676,18|22|2|14|21,0.1139|0.0698|0.0680|0.0630|0.0546,
unit_004089,HongKong,8,8,178.1,18,2.3307,0.0,0.0,0.5,22.332643,114.0305,18|16|14|21|2,0.1590|0.0590|0.0587|0.0520|0.0413,
unit_004090,HongKong,8,8,178.1,18,2.297,0.0,0.0,0.5,22.33455,114.032481,18|23|10|14|2,0.1602|0.0486|0.0441|0.0433|0.0431,
unit_004091,HongKong,14,14,279.3,18,2.471,0.0,0.0,0.5,22.33608,114.034604,18|23|16|27|2,0.0855|0.0765|0.0706|0.0643|0.0465,
unit_004092,HongKong,8,8,185.5,27,2.4457,0.0,0.0,0.5,22.250016,114.154645,27|13|1|23|31,0.1036|0.0567|0.0550|0.0531|0.0518,
unit_004093,HongKong,19,19,373.2,1,2.1915,0.0,0.0,0.5,22.285125,114.138079,1|7|16|23|31,0.1107|0.0820|0.0756|0.0427|0.0378,
unit_004094,HongKong,56,56,1232.7,21,2.4182,0.0,0.0,0.5,22.277555,114.130744,21|31|1|16|13,0.1211|0.0887|0.0701|0.0515|0.0480,
unit_004096,HongKong,47,47,603.8,1,2.2843,0.0,0.0,0.5,22.282352,114.126012,1|16|31|7|23,0.1349|0.0593|0.0525|0.0372|0.0369,
unit_004097,HongKong,8,9,185.8,21,2.4786,0.0,0.0,0.5,22.28482,114.129365,21|16|31|1|18,0.0980|0.0911|0.0863|0.0632|0.0518,
unit_004098,HongKong,12,12,135.7,1,2.1964,0.0,0.0,0.5,22.282075,114.128295,1|21|7|23|10,0.1385|0.0680|0.0412|0.0379|0.0370,
unit_004099,HongKong,29,33,579.3,27,2.4482,0.0,0.09372,0.5234,22.269085,114.126469,27|31|16|22|21,0.0839|0.0825|0.0799|0.0762|0.0668,
unit_004100,HongKong,3,3,53.5,27,2.4452,0.0,0.0,0.5,22.269057,114.125591,27|31|16|22|21,0.0834|0.0823|0.0801|0.0763|0.0666,
unit_004101,HongKong,17,21,343.5,31,2.5001,2e-05,0.1298,0.5324,22.27041,114.128711,31|22|27|23|16,0.1030|0.0982|0.0608|0.0534|0.0528,
unit_004102,HongKong,14,14,314.4,21,2.4642,0.0,0.0,0.5,22.264349,114.130403,21|27|7|16|1,0.1116|0.1086|0.0894|0.0573|0.0548,
unit_004103,HongKong,8,8,175.1,21,2.4406,0.0,0.0,0.5,22.253446,114.132142,21|10|18|27|7,0.0873|0.0815|0.0746|0.0597|0.0474,
unit_004104,HongKong,14,16,325.1,21,2.3954,2e-05,0.0,0.5,22.256242,114.132585,21|1|16|7|2,0.1219|0.0718|0.0604|0.0579|0.0416,
unit_004105,HongKong,57,57,1118.6,21,2.4684,0.0,0.0,0.5,22.256348,114.137574,21|1|16|31|27,0.1019|0.0700|0.0644|0.0610|0.0544,
unit_004106,HongKong,18,18,181.3,1,2.0254,0.0,0.0,0.5,22.285173,114.148931,1|7|23|16|21,0.1414|0.0807|0.0556|0.0464|0.0340,
unit_004107,HongKong,8,8,179.2,1,2.3822,0.0,0.0,0.5,22.281606,114.143381,1|7|31|27|22,0.1041|0.0786|0.0706|0.0603|0.0481,
unit_004108,HongKong,46,48,730.6,22,2.4289,0.0,0.07297,0.5182,22.281021,114.139967,22|31|7|27|1,0.1112|0.0945|0.0768|0.0646|0.0630,
unit_004109,HongKong,7,7,151.5,1,2.4525,0.0,0.0,0.5,22.278764,114.15104,1|7|31|16|27,0.1093|0.0841|0.0725|0.0573|0.0456,
unit_004111,HongKong,3,3,50.9,13,2.1494,0.0,0.0,0.5,22.312991,113.938886,13|2|10|3|16,0.0873|0.0796|0.0781|0.0611|0.0450,
unit_004112,HongKong,9,9,155.0,1,2.0331,0.0,0.0,0.5,22.282936,114.155049,1|7|23|16|22,0.1086|0.0798|0.0420|0.0413|0.0235,
unit_004113,HongKong,28,72,575.6,21,2.5403,3e-05,0.09641,0.5241,22.349264,114.097242,21|18|23|2|31,0.1294|0.0813|0.0691|0.0670|0.0593,
unit_004114,HongKong,8,8,184.6,10,2.4282,0.0,0.09641,0.5241,22.350986,114.097788,10|18|21|1|31,0.0942|0.0880|0.0839|0.0687|0.0637,
unit_004115,HongKong,29,29,506.7,21,2.4396,0.0,0.0,0.5,22.345715,114.096518,21|16|3|22|23,0.1000|0.0628|0.0525|0.0486|0.0483,
unit_004116,HongKong,8,8,180.8,1,2.3229,0.0,0.0,0.5,22.338158,114.150847,1|16|10|7|3,0.1241|0.0554|0.0423|0.0395|0.0370,
unit_004117,HongKong,7,7,150.6,1,2.2769,0.0,0.0,0.5,22.335744,114.149253,1|16|3|2|14,0.1190|0.0651|0.0548|0.0470|0.0316,
unit_004118,HongKong,8,8,175.7,18,2.4083,0.0,0.0,0.5,22.33253,114.152222,18|1|31|16|13,0.1199|0.0901|0.0561|0.0510|0.0440,
unit_004119,HongKong,8,13,175.7,1,2.4909,0.0,0.0,0.5,22.331006,114.154188,1|2|31|3|21,0.1164|0.0754|0.0735|0.0725|0.0523,
unit_004121,HongKong,8,8,127.1,3,2.4994,0.0,0.09583,0.5239,22.301829,114.157127,3|31|16|1|10,0.0886|0.0794|0.0769|0.0717|0.0649,
unit_004122,HongKong,7,7,153.6,3,2.394,0.0,0.09583,0.5239,22.302897,114.157803,3|1|10|16|2,0.0940|0.0681|0.0524|0.0510|0.0455,
unit_004123,HongKong,4,4,76.8,3,2.2488,0.0,0.0,0.5,22.304207,114.158514,3|1|2|18|16,0.0685|0.0676|0.0663|0.0633|0.0371,
unit_004124,HongKong,7,7,154.9,3,2.394,0.0,0.08032,0.5201,22.302795,114.15796,3|1|10|16|2,0.0940|0.0681|0.0524|0.0510|0.0455,
unit_004125,HongKong,10,15,232.4,2,2.3378,2e-05,0.06482,0.5162,22.3044,114.159111,2|3|1|18|16,0.0700|0.0684|0.0659|0.0590|0.0445,
unit_004126,HongKong,20,40,379.6,31,2.4652,1e-05,0.0,0.5,22.317496,114.158805,31|16|1|27|18,0.1211|0.0952|0.0655|0.0542|0.0529,
unit_004128,HongKong,4,4,82.6,7,2.3273,0.0,0.20616,0.5514,22.323886,114.155778,7|21|16|31|2,0.1085|0.0993|0.0909|0.0777|0.0578,
unit_004129,HongKong,33,34,551.0,21,2.4493,0.0,0.12579,0.5314,22.290167,113.937185,21|3|22|31|27,0.1030|0.0984|0.0633|0.0602|0.0529,
unit_004130,HongKong,32,32,522.6,3,2.4345,0.0,0.11669,0.5291,22.288325,113.938077,3|1|31|16|10,0.0896|0.0814|0.0716|0.0510|0.0494,
unit_004131,HongKong,7,7,154.8,18,2.3545,0.0,0.12467,0.5311,22.290597,113.935643,18|10|31|16|27,0.1261|0.0845|0.0609|0.0515|0.0451,
unit_004132,HongKong,51,53,956.5,3,2.4849,3e-05,0.0,0.5,22.291971,113.931944,3|1|10|2|21,0.0904|0.0691|0.0673|0.0566|0.0466,
unit_004133,HongKong,46,48,672.7,3,2.4489,0.0,0.05902,0.5148,22.296448,113.93351,3|31|16|1|10,0.0957|0.0759|0.0751|0.0689|0.0522,
unit_004134,HongKong,8,8,177.6,1,2.4626,0.0,0.0,0.5,22.291864,113.928564,1|10|18|2|3,0.0853|0.0717|0.0696|0.0674|0.0534,
unit_004135,HongKong,39,69,748.9,3,2.496,6e-05,0.0,0.5,22.293096,113.925767,3|21|31|16|1,0.0872|0.0861|0.0830|0.0822|0.0709,
unit_004136,HongKong,8,8,177.6,1,2.4626,0.0,0.0,0.5,22.291864,113.928564,1|10|18|2|3,0.0853|0.0717|0.0696|0.0674|0.0534,
unit_004137,HongKong,21,22,419.4,14,2.1969,0.0,0.07489,0.5187,22.288861,113.946979,14|2|18|16|27,0.1472|0.0670|0.0560|0.0426|0.0418,
unit_004138,HongKong,8,8,177.9,22,2.4306,0.0,0.1343,0.5335,22.28333,113.94211,22|21|3|16|18,0.1339|0.0799|0.0673|0.0599|0.0533,
unit_004139,HongKong,8,8,126.1,16,2.5011,0.0,0.0,0.5,22.289994,113.943159,16|22|1|10|27,0.0922|0.0736|0.0649|0.0588|0.0489,
unit_004140,HongKong,3,3,50.4,14,2.1811,0.0,0.06066,0.5152,22.289488,113.946767,14|2|18|27|16,0.1477|0.0665|0.0544|0.0417|0.0413,
unit_004141,HongKong,8,10,176.6,18,2.3897,1e-05,0.06066,0.5152,22.289646,113.948004,18|16|14|2|23,0.1053|0.0857|0.0778|0.0686|0.0485,
unit_004142,HongKong,22,26,487.1,18,2.5364,5e-05,0.0,0.5,22.290773,113.950695,18|31|16|3|21,0.0973|0.0751|0.0729|0.0659|0.0497,
unit_004143,HongKong,8,8,176.7,18,2.3277,0.0,0.0,0.5,22.292778,113.938687,18|21|10|23|16,0.1733|0.0564|0.0553|0.0460|0.0433,
unit_004144,HongKong,10,16,227.2,18,2.5131,3e-05,0.21334,0.5531,22.294788,113.937208,18|3|21|2|10,0.1357|0.0645|0.0632|0.0558|0.0529,
unit_004146,HongKong,41,41,745.8,2,2.4536,0.0,0.0,0.5,22.294225,113.921902,2|3|18|1|16,0.0890|0.0822|0.0752|0.0719|0.0478,
unit_004147,HongKong,8,8,176.9,3,2.4191,0.0,0.0,0.5,22.295194,113.924204,3|1|16|31|7,0.0853|0.0807|0.0752|0.0746|0.0609,
unit_004148,HongKong,32,32,546.6,3,2.4238,0.0,0.0,0.5,22.295908,113.926947,3|16|21|7|1,0.0970|0.0715|0.0692|0.0612|0.0578,
unit_004149,HongKong,7,7,154.9,16,2.3533,0.0,0.0,0.5,22.294657,113.929474,16|31|7|22|21,0.1051|0.0925|0.0790|0.0645|0.0611,
unit_004150,HongKong,8,8,179.2,3,2.4191,0.0,0.0,0.5,22.295073,113.924221,3|1|16|31|7,0.0853|0.0807|0.0752|0.0746|0.0609,
unit_004151,HongKong,52,70,826.5,3,2.3856,3e-05,0.0,0.5,22.299298,113.932342,3|21|10|7|1,0.1113|0.0837|0.0722|0.0621|0.0539,
unit_004152,HongKong,20,20,373.9,3,2.3784,0.0,0.0,0.5,22.302217,113.93114,3|21|1|10|7,0.0902|0.0738|0.0525|0.0522|0.0499,
unit_004153,HongKong,6,7,127.4,3,2.4558,0.0,0.05835,0.5146,22.296882,113.935058,3|21|7|23|31,0.1163|0.0663|0.0651|0.0535|0.0504,
unit_004154,HongKong,13,14,261.9,3,2.4515,0.0,0.05969,0.5149,22.297223,113.935022,3|21|7|23|31,0.1156|0.0667|0.0652|0.0540|0.0493,
unit_004155,HongKong,11,11,203.0,18,2.4172,0.0,0.0,0.5,22.299803,113.934692,18|16|31|21|3,0.1416|0.0902|0.0653|0.0421|0.0419,
unit_004156,HongKong,24,24,412.4,18,2.3855,0.0,0.07489,0.5187,22.289804,113.947891,18|16|14|2|23,0.1065|0.0870|0.0706|0.0670|0.0490,
unit_004157,HongKong,8,8,183.8,1,2.3915,0.0,0.0,0.5,22.291769,113.947133,1|18|21|3|31,0.1003|0.0969|0.0860|0.0735|0.0580,
unit_004158,HongKong,6,6,73.2,1,2.3254,0.0,0.0,0.5,22.250152,114.149488,1|13|2|16|7,0.0824|0.0582|0.0547|0.0539|0.0513,
unit_004159,HongKong,6,6,130.9,1,2.4812,0.0,0.0,0.5,22.251182,114.149091,1|16|31|7|23,0.0953|0.0517|0.0452|0.0417|0.0387,
unit_004160,HongKong,11,11,210.1,18,2.4597,0.0,0.08999,0.5225,22.289309,114.140336,18|3|21|1|16,0.0999|0.0693|0.0688|0.0654|0.0589,
unit_004161,HongKong,6,6,132.7,18,2.4597,0.0,0.0,0.5,22.289645,114.140688,18|3|21|1|16,0.0999|0.0693|0.0688|0.0654|0.0589,
unit_004162,HongKong,5,5,102.7,27,2.4544,0.0,0.0,0.5,22.282414,114.14149,27|1|31|2|7,0.0886|0.0648|0.0567|0.0560|0.0554,
unit_004163,HongKong,8,8,179.2,1,2.3822,0.0,0.0,0.5,22.281606,114.143381,1|7|31|27|22,0.1041|0.0786|0.0706|0.0603|0.0481,
unit_004164,HongKong,27,27,419.2,3,2.4469,0.0,0.07447,0.5186,22.323494,114.039997,3|22|16|31|21,0.0873|0.0835|0.0759|0.0757|0.0681,
unit_004165,HongKong,12,15,281.4,22,2.342,2e-05,0.0,0.5,22.324304,114.037525,22|16|31|3|18,0.1065|0.0933|0.0875|0.0792|0.0637,
unit_004166,HongKong,8,8,179.1,18,2.4177,0.0,0.0,0.5,22.326286,114.034715,18|23|16|10|27,0.1509|0.0577|0.0571|0.0539|0.0511,
unit_004167,HongKong,10,10,179.1,21,2.4084,0.0,0.0,0.5,22.328584,114.032918,21|3|18|22|23,0.1004|0.0868|0.0735|0.0701|0.0536,
unit_004168,HongKong,8,8,176.3,16,2.4682,0.0,0.0,0.5,22.32529,114.039178,16|31|18|10|3,0.1082|0.1036|0.0693|0.0584|0.0576,
unit_004169,HongKong,6,6,126.0,16,2.342,0.0,0.0,0.5,22.325507,114.037155,16|31|22|3|23,0.1054|0.0923|0.0917|0.0846|0.0620,
unit_004170,HongKong,8,8,176.3,18,2.4177,0.0,0.0,0.5,22.326553,114.034964,18|23|16|10|27,0.1509|0.0577|0.0571|0.0539|0.0511,
unit_004171,HongKong,8,8,176.3,21,2.4084,0.0,0.0,0.5,22.328715,114.033333,21|3|18|22|23,0.1004|0.0868|0.0735|0.0701|0.0536,
unit_004172,HongKong,7,7,151.2,18,2.4629,0.0,0.0,0.5,22.3308,114.032191,18|21|22|23|27,0.1127|0.0965|0.0698|0.0627|0.0616,
unit_004173,HongKong,34,34,826.7,21,2.4765,0.0,0.42171,0.6039,22.333259,114.032282,21|22|3|27|16,0.1110|0.0951|0.0839|0.0595|0.0593,
unit_004174,HongKong,8,8,177.4,18,2.297,0.0,0.42171,0.6039,22.334869,114.03279,18|23|10|14|2,0.1602|0.0486|0.0441|0.0433|0.0431,
unit_004175,HongKong,11,15,253.4,18,2.4204,9e-05,0.0,0.5,22.335553,114.030772,18|3|22|31|16,0.0820|0.0797|0.0759|0.0643|0.0532,
unit_004176,HongKong,6,6,125.5,18,2.3307,0.0,0.0,0.5,22.332094,114.030958,18|16|14|21|2,0.1590|0.0590|0.0587|0.0520|0.0413,
unit_004177,HongKong,6,6,125.5,18,2.4306,0.0,0.0,0.5,22.330545,114.029026,18|22|2|14|21,0.1139|0.0698|0.0680|0.0630|0.0546,
unit_004178,HongKong,14,15,326.2,16,2.4388,6e-05,0.0,0.5,22.32874,114.027001,16|18|21|3|10,0.0913|0.0860|0.0785|0.0715|0.0558,
unit_004179,HongKong,7,7,150.5,18,2.4141,0.0,0.0,0.5,22.326761,114.024681,18|16|21|23|10,0.1146|0.0944|0.0675|0.0618|0.0520,
unit_004180,HongKong,9,15,200.7,18,2.4162,1e-05,0.0,0.5,22.325389,114.022097,18|16|10|3|23,0.1282|0.0944|0.0644|0.0637|0.0544,
unit_004181,HongKong,8,8,175.6,16,2.3976,0.0,0.0,0.5,22.324732,114.017772,16|18|31|23|7,0.1202|0.0855|0.0674|0.0536|0.0402,
unit_004182,HongKong,8,8,175.6,16,2.3102,0.0,0.0,0.5,22.324775,114.013034,16|27|23|31|10,0.0981|0.0787|0.0609|0.0530|0.0512,
unit_004183,HongKong,13,16,301.1,18,2.3976,1e-05,0.0,0.5,22.324183,114.010514,18|16|23|3|31,0.1325|0.0905|0.0604|0.0568|0.0493,
unit_004184,HongKong,6,8,125.5,16,2.2555,0.0,0.05372,0.5134,22.322623,114.006882,16|31|21|22|7,0.1240|0.0891|0.0879|0.0655|0.0560,
unit_004185,HongKong,8,15,175.6,22,2.4912,0.00015,0.05372,0.5134,22.32198,114.005437,22|16|31|18|3,0.0990|0.0958|0.0675|0.0664|0.0514,
unit_004186,HongKong,10,16,225.8,18,2.4701,1e-05,0.0,0.5,22.320696,114.002545,18|16|3|31|7,0.1120|0.0870|0.0682|0.0625|0.0623,
unit_004187,HongKong,8,8,175.6,18,2.4368,0.0,0.0,0.5,22.319357,114.000197,18|16|21|3|23,0.1189|0.0850|0.0732|0.0623|0.0534,
unit_004188,HongKong,6,7,125.5,21,2.3644,0.0,0.06393,0.516,22.318133,113.998874,21|16|22|18|7,0.1218|0.0971|0.0572|0.0530|0.0506,
unit_004189,HongKong,24,28,471.1,18,2.5081,0.0,0.11333,0.5283,22.316956,113.998214,18|21|3|22|23,0.1180|0.1016|0.0799|0.0554|0.0536,
unit_004190,HongKong,20,36,426.2,3,2.4689,3e-05,0.0,0.5,22.333151,114.028237,3|10|31|18|21,0.1154|0.0620|0.0552|0.0510|0.0446,
unit_004191,HongKong,7,8,160.5,3,2.2109,2e-05,0.05746,0.5144,22.322022,114.03983,3|21|22|1|31,0.0892|0.0820|0.0730|0.0601|0.0588,
unit_004192,HongKong,6,6,126.9,31,2.3613,0.0,0.17532,0.5437,22.319053,114.041036,31|22|16|27|2,0.0927|0.0610|0.0579|0.0555|0.0554,
unit_004193,HongKong,7,8,152.3,3,2.1895,1e-05,0.17532,0.5437,22.318564,114.04244,3|31|22|16|1,0.1135|0.1037|0.0806|0.0548|0.0515,
unit_004194,HongKong,17,27,326.3,3,2.1358,1e-05,0.0,0.5,22.317849,114.045043,3|31|22|1|16,0.1061|0.0928|0.0678|0.0528|0.0477,
unit_004195,HongKong,16,16,313.0,21,2.3211,0.0,0.0,0.5,22.318295,114.038531,21|3|22|31|7,0.1126|0.0846|0.0694|0.0682|0.0569,
unit_004196,HongKong,10,10,175.9,21,2.3211,0.0,0.0,0.5,22.318905,114.038007,21|3|22|31|7,0.1126|0.0846|0.0694|0.0682|0.0569,
unit_004197,HongKong,15,15,351.4,3,2.1048,0.0,0.0,0.5,22.318028,114.048834,3|31|1|27|22,0.1104|0.0738|0.0603|0.0457|0.0357,
unit_004198,HongKong,12,24,276.1,3,2.1321,1e-05,0.0,0.5,22.317584,114.04527,3|31|22|1|16,0.1099|0.0928|0.0680|0.0535|0.0504,
unit_004199,HongKong,8,9,175.7,3,2.1532,0.0,0.26174,0.5651,22.31837,114.042452,3|31|22|16|1,0.1154|0.1022|0.0798|0.0537|0.0520,
unit_004200,HongKong,6,6,75.3,31,2.3613,0.0,0.26174,0.5651,22.318866,114.041068,31|22|16|27|2,0.0927|0.0610|0.0579|0.0555|0.0554,
unit_004201,HongKong,4,4,75.2,3,2.1441,0.0,0.12588,0.5314,22.319034,114.042702,3|31|22|16|1,0.1160|0.1013|0.0792|0.0529|0.0521,
unit_004202,HongKong,8,9,175.6,31,2.3812,1e-05,0.12588,0.5314,22.319436,114.041425,31|22|16|27|2,0.0955|0.0635|0.0590|0.0556|0.0536,
unit_004203,HongKong,12,12,260.9,31,2.3003,0.0,0.0,0.5,22.309244,114.034843,31|16|22|21|1,0.1039|0.0985|0.0939|0.0527|0.0475,
unit_004204,HongKong,46,74,941.3,21,2.314,4e-05,0.0,0.5,22.310701,114.038005,21|22|3|1|31,0.0960|0.0778|0.0770|0.0704|0.0652,
unit_004205,HongKong,23,23,322.7,21,2.2952,0.0,0.0,0.5,22.317497,114.04012,21|31|22|3|7,0.0870|0.0797|0.0713|0.0630|0.0628,
unit_004206,HongKong,31,31,742.5,16,2.3413,0.0,0.0,0.5,22.330343,114.106355,16|21|13|7|3,0.0822|0.0761|0.0674|0.0507|0.0450,
unit_004207,HongKong,8,8,177.7,18,2.3364,0.0,0.0,0.5,22.334098,114.108158,18|2|14|23|1,0.1711|0.0738|0.0421|0.0396|0.0368,
unit_004208,HongKong,43,43,682.7,1,2.5406,0.0,0.0,0.5,22.350432,114.10849,1|31|2|16|27,0.0996|0.0840|0.0674|0.0605|0.0589,
unit_004209,HongKong,28,28,595.4,1,2.3726,0.0,0.0,0.5,22.34947,114.100979,1|31|3|16|18,0.1105|0.1044|0.0620|0.0521|0.0460,
unit_004210,HongKong,7,9,150.7,22,2.3527,1e-05,0.05835,0.5146,22.246091,113.892887,22|10|23|27|21,0.1000|0.0997|0.0734|0.0692|0.0649,
unit_004211,HongKong,39,58,741.8,22,2.3547,4e-05,0.05835,0.5146,22.245058,113.891515,22|16|21|31|23,0.1371|0.0776|0.0631|0.0622|0.0531,
unit_004212,HongKong,7,7,151.6,21,2.4835,0.0,0.41514,0.6023,22.33907,114.144119,21|31|2|7|10,0.0975|0.0796|0.0793|0.0734|0.0725,
unit_004213,HongKong,8,8,176.8,18,2.3697,0.0,0.41514,0.6023,22.340633,114.143464,18|10|23|31|21,0.1737|0.0594|0.0497|0.0397|0.0397,
unit_004214,HongKong,7,7,150.7,1,2.417,0.0,0.0,0.5,22.334475,114.144736,1|18|21|2|3,0.0920|0.0749|0.0723|0.0649|0.0553,
unit_004215,HongKong,7,14,150.7,18,2.3865,1e-05,0.0,0.5,22.33138,114.144644,18|31|16|2|1,0.1558|0.0705|0.0661|0.0651|0.0578,
unit_004216,HongKong,8,8,175.9,18,2.2978,0.0,0.0,0.5,22.329838,114.142641,18|1|10|31|16,0.1491|0.0484|0.0448|0.0389|0.0371,
unit_004217,HongKong,7,7,155.0,1,2.417,0.0,0.0,0.5,22.334444,114.14486,1|18|21|2|3,0.0920|0.0749|0.0723|0.0649|0.0553,
unit_004218,HongKong,24,26,530.2,18,2.4408,6e-05,0.0,0.5,22.32912,114.027097,18|16|21|3|10,0.0922|0.0866|0.0751|0.0722|0.0562,
unit_004219,HongKong,8,8,175.3,18,2.4141,0.0,0.0,0.5,22.326896,114.024582,18|16|21|23|10,0.1146|0.0944|0.0675|0.0618|0.0520,
unit_004220,HongKong,9,15,200.4,18,2.408,1e-05,0.0,0.5,22.325497,114.021895,18|16|3|10|31,0.1257|0.0951|0.0626|0.0618|0.0534,
unit_004221,HongKong,8,8,175.3,16,2.3976,0.0,0.0,0.5,22.324857,114.017804,16|18|31|23|7,0.1202|0.0855|0.0674|0.0536|0.0402,
unit_004222,HongKong,8,8,175.3,16,2.3102,0.0,0.0,0.5,22.324933,114.013076,16|27|23|31|10,0.0981|0.0787|0.0609|0.0530|0.0512,
unit_004223,HongKong,13,16,300.5,18,2.3975,1e-05,0.0,0.5,22.324339,114.010559,18|16|23|3|31,0.1326|0.0907|0.0607|0.0568|0.0496,
unit_004224,HongKong,6,8,125.2,16,2.2672,1e-05,0.06066,0.5152,22.322728,114.006713,16|31|21|22|7,0.1242|0.0896|0.0861|0.0692|0.0553,
unit_004225,HongKong,8,16,175.3,16,2.5019,0.00014,0.06066,0.5151,22.322086,114.00527,16|22|18|31|3,0.0933|0.0888|0.0793|0.0629|0.0538,
unit_004226,HongKong,10,16,225.4,18,2.4727,1e-05,0.0,0.5,22.320882,114.002595,18|16|3|7|31,0.1130|0.0890|0.0688|0.0619|0.0613,
unit_004227,HongKong,8,8,175.3,18,2.4368,0.0,0.0,0.5,22.319422,114.000063,18|16|21|3|23,0.1189|0.0850|0.0732|0.0623|0.0534,
unit_004228,HongKong,6,8,125.2,21,2.3689,0.0,0.07025,0.5176,22.318189,113.998751,21|16|22|18|7,0.1222|0.0970|0.0575|0.0538|0.0507,
unit_004229,HongKong,6,8,125.2,18,2.5086,0.0,0.07025,0.5176,22.317107,113.997942,18|21|3|22|23,0.1179|0.1026|0.0800|0.0558|0.0537,
unit_004230,HongKong,10,16,225.4,18,2.4915,2e-05,0.0,0.5,22.314525,113.996132,18|21|3|16|22,0.1140|0.0968|0.0713|0.0699|0.0606,
unit_004231,HongKong,7,7,150.3,18,2.4728,0.0,0.0,0.5,22.312433,113.99393,18|16|22|2|14,0.1339|0.0610|0.0525|0.0487|0.0477,
unit_004232,HongKong,14,16,325.6,18,2.4308,5e-05,0.0,0.5,22.310916,113.991557,18|16|21|31|22,0.1189|0.0988|0.0631|0.0606|0.0531,
unit_004233,HongKong,8,8,175.3,18,2.4519,0.0,0.0,0.5,22.309117,113.988427,18|3|16|23|22,0.1330|0.0761|0.0696|0.0550|0.0507,
unit_004234,HongKong,13,16,300.5,18,2.4492,3e-05,0.0,0.5,22.307673,113.986004,18|16|10|23|3,0.1220|0.0791|0.0660|0.0501|0.0498,
unit_004235,HongKong,15,15,207.9,7,2.3076,0.0,0.0,0.5,22.263619,114.001956,7|21|1|16|23,0.0876|0.0768|0.0749|0.0543|0.0491,
unit_004236,HongKong,50,50,1134.1,22,2.3788,2e-05,0.0,0.5,22.259129,113.995642,22|31|10|23|27,0.1300|0.0907|0.0589|0.0421|0.0366,
unit_004237,HongKong,8,8,175.2,22,2.2981,0.0,0.09594,0.524,22.257398,113.990927,22|23|31|16|27,0.1212|0.0697|0.0696|0.0665|0.0563,
unit_004238,HongKong,10,16,225.2,22,2.3094,8e-05,0.09594,0.5239,22.256432,113.989301,22|21|16|27|31,0.1563|0.0714|0.0694|0.0562|0.0544,
unit_004239,HongKong,14,17,325.3,22,2.3752,5e-05,0.0,0.5,22.254465,113.98546,22|21|23|27|2,0.1398|0.1106|0.0616|0.0554|0.0422,
unit_004240,HongKong,7,7,150.2,22,2.4075,0.0,0.0,0.5,22.252157,113.985034,22|31|16|23|3,0.1450|0.0773|0.0693|0.0689|0.0391,
unit_004241,HongKong,9,9,200.2,22,2.3889,0.0,0.0,0.5,22.250009,113.983698,22|23|21|27|3,0.1279|0.1050|0.0763|0.0651|0.0552,
unit_004242,HongKong,11,16,250.3,22,2.4097,4e-05,0.0,0.5,22.247983,113.98223,22|16|31|23|3,0.1587|0.0765|0.0669|0.0546|0.0490,
unit_004243,HongKong,30,52,638.8,22,2.4426,5e-05,0.0,0.5,22.245404,113.9796,22|3|7|13|21,0.0915|0.0888|0.0804|0.0797|0.0693,
unit_004244,HongKong,8,8,179.5,22,2.2553,0.0,0.0,0.5,22.261105,113.996279,22|21|27|16|10,0.1624|0.0718|0.0580|0.0483|0.0349,
unit_004245,HongKong,36,38,777.6,22,2.292,2e-05,0.0,0.5,22.263517,113.998354,22|16|31|23|27,0.1508|0.0849|0.0782|0.0604|0.0406,
unit_004246,HongKong,12,12,258.9,22,2.3362,0.0,0.0,0.5,22.256972,113.997814,22|31|10|23|2,0.1430|0.0982|0.0695|0.0559|0.0458,
unit_004247,HongKong,14,24,328.9,22,2.4404,3e-05,0.0,0.5,22.243219,113.973525,22|16|31|23|13,0.1606|0.0773|0.0684|0.0581|0.0486,
unit_004248,HongKong,6,8,126.5,22,2.3412,0.0,0.09288,0.5232,22.24231,113.970921,22|31|16|3|23,0.1456|0.0726|0.0726|0.0461|0.0397,
unit_004249,HongKong,6,8,126.5,27,2.448,1e-05,0.09288,0.5232,22.242033,113.969594,27|16|2|10|22,0.0673|0.0669|0.0646|0.0612|0.0604,
unit_004250,HongKong,14,26,328.9,22,2.465,0.00012,0.0,0.5,22.238897,113.967081,22|7|31|21|16,0.1282|0.0568|0.0554|0.0544|0.0516,
unit_004251,HongKong,50,50,772.8,16,2.5119,0.0,0.10059,0.5251,22.237514,113.963357,16|22|31|3|27,0.1022|0.0942|0.0731|0.0719|0.0633,
unit_004252,HongKong,30,40,626.6,22,2.4855,6e-05,0.0,0.5,22.24184,113.979883,22|7|31|10|21,0.0769|0.0756|0.0644|0.0585|0.0435,
unit_004253,HongKong,30,48,635.8,22,2.3639,6e-05,0.0,0.5,22.240482,113.976456,22|7|31|3|21,0.0874|0.0739|0.0688|0.0644|0.0484,
unit_004254,HongKong,16,16,356.5,3,2.4036,0.0,0.0,0.5,22.241138,113.993394,3|13|10|22|23,0.0649|0.0471|0.0460|0.0412|0.0320,
unit_004255,HongKong,22,22,414.1,3,2.4942,0.0,0.0,0.5,22.266398,113.999422,3|31|10|7|1,0.0835|0.0729|0.0695|0.0653|0.0500,
unit_004256,HongKong,3,3,51.3,31,2.472,0.0,0.06957,0.5174,22.281421,114.123728,31|1|27|16|22,0.0905|0.0760|0.0485|0.0465|0.0408,
unit_004257,HongKong,6,6,128.2,31,2.4959,0.0,0.06957,0.5174,22.281252,114.124453,31|7|2|23|10,0.1094|0.0650|0.0636|0.0569|0.0533,
unit_004258,HongKong,6,6,128.2,31,2.4959,0.0,0.06957,0.5174,22.281252,114.124453,31|7|2|23|10,0.1094|0.0650|0.0636|0.0569|0.0533,
unit_004259,HongKong,3,3,51.3,31,2.472,0.0,0.06957,0.5174,22.281421,114.123728,31|1|27|16|22,0.0905|0.0760|0.0485|0.0465|0.0408,
unit_004262,HongKong,7,7,156.0,21,2.4984,0.0,0.0,0.5,22.280498,114.131541,21|1|7|27|31,0.0977|0.0955|0.0705|0.0654|0.0533,
unit_004265,HongKong,10,16,180.3,21,2.4688,2e-05,0.05942,0.5148,22.284678,114.129472,21|16|31|1|18,0.0981|0.0956|0.0821|0.0788|0.0465,
unit_004266,HongKong,5,5,102.2,1,2.4403,0.0,0.0,0.5,22.287457,114.134828,1|21|13|3|16,0.0944|0.0731|0.0727|0.0644|0.0479,
unit_004267,HongKong,10,15,230.8,22,2.2484,3e-05,0.07066,0.5177,22.229698,113.928213,22|16|31|23|7,0.1498|0.0917|0.0841|0.0622|0.0488,
unit_004268,HongKong,18,34,359.0,22,2.3983,1e-05,0.07066,0.5177,22.229589,113.92641,22|27|23|21|16,0.1482|0.0867|0.0631|0.0517|0.0453,
unit_004269,HongKong,48,50,1050.1,22,2.2696,4e-05,0.0,0.5,22.219633,113.914132,22|21|7|23|16,0.1648|0.0690|0.0636|0.0543|0.0521,
unit_004270,HongKong,26,26,508.4,22,2.4506,0.0,0.0,0.5,22.2259,113.898036,22|31|23|10|16,0.1073|0.0788|0.0687|0.0637|0.0616,
unit_004271,HongKong,8,9,179.4,10,2.2619,1e-05,0.24251,0.5603,22.228183,113.892581,10|18|22|23|31,0.0873|0.0821|0.0573|0.0452|0.0424,
unit_004272,HongKong,16,34,254.5,22,2.3032,5e-05,0.15596,0.5389,22.227888,113.891391,22|21|7|23|13,0.1456|0.0826|0.0576|0.0499|0.0325,
unit_004273,HongKong,11,19,254.0,22,2.3169,3e-05,0.0,0.5,22.223444,113.897772,22|27|21|23|16,0.1631|0.0792|0.0516|0.0434|0.0407,
unit_004274,HongKong,6,9,127.0,22,2.3202,0.0,0.06941,0.5173,22.226672,113.891931,22|23|27|21|2,0.1128|0.1028|0.0919|0.0648|0.0527,
unit_004275,HongKong,8,8,177.0,22,2.324,0.0,0.0,0.5,22.226095,113.900068,22|31|23|16|18,0.1275|0.0954|0.0834|0.0577|0.0568,
unit_004276,HongKong,7,7,151.7,22,2.3683,0.0,0.0,0.5,22.226035,113.902549,22|31|16|23|10,0.1751|0.0768|0.0539|0.0489|0.0414,
unit_004277,HongKong,14,16,328.7,22,2.3329,9e-05,0.0,0.5,22.225544,113.905217,22|27|21|16|31,0.1509|0.0756|0.0628|0.0598|0.0592,
unit_004278,HongKong,36,40,700.2,31,2.415,0.0,0.08487,0.5212,22.252486,113.863555,31|10|3|7|18,0.0888|0.0825|0.0771|0.0713|0.0666,
unit_004279,HongKong,13,16,301.5,18,2.4323,4e-05,0.0,0.5,22.310799,113.991701,18|16|21|31|22,0.1193|0.0983|0.0626|0.0605|0.0537,
unit_004280,HongKong,7,7,150.7,18,2.4728,0.0,0.0,0.5,22.31225,113.993992,18|16|22|2|14,0.1339|0.0610|0.0525|0.0487|0.0477,
unit_004281,HongKong,10,15,226.1,18,2.4879,2e-05,0.0,0.5,22.314337,113.996211,18|21|3|16|22,0.1119|0.0971|0.0718|0.0704|0.0620,
unit_004282,HongKong,8,8,175.6,18,2.4519,0.0,0.0,0.5,22.308948,113.98846,18|3|16|23|22,0.1330|0.0761|0.0696|0.0550|0.0507,
unit_004283,HongKong,12,15,276.0,18,2.4485,3e-05,0.0,0.5,22.307584,113.986116,18|16|10|23|3,0.1220|0.0792|0.0653|0.0502|0.0492,
unit_004284,HongKong,7,7,150.6,18,2.4281,0.0,0.0,0.5,22.305764,113.983394,18|3|16|10|23,0.1280|0.0795|0.0715|0.0592|0.0537,
unit_004285,HongKong,14,20,326.2,18,2.499,0.00011,0.0,0.5,22.303162,113.980123,18|16|22|31|2,0.1009|0.0845|0.0664|0.0584|0.0562,
unit_004286,HongKong,11,21,250.9,18,2.3929,6e-05,0.0,0.5,22.301321,113.976182,18|22|2|16|3,0.1109|0.0634|0.0626|0.0575|0.0562,
unit_004287,HongKong,8,8,175.6,18,2.4471,0.0,0.0,0.5,22.29927,113.971043,18|16|3|23|2,0.1043|0.0761|0.0740|0.0538|0.0500,
unit_004288,HongKong,8,8,175.6,18,2.4627,0.0,0.0,0.5,22.29857,113.968193,18|16|2|22|27,0.0918|0.0741|0.0643|0.0641|0.0437,
unit_004289,HongKong,3,3,50.7,18,2.4627,0.0,0.0,0.5,22.297929,113.967573,18|16|2|22|27,0.0918|0.0741|0.0643|0.0641|0.0437,
unit_004290,HongKong,9,9,202.6,22,2.1958,0.0,0.0,0.5,22.296847,113.969631,22|23|2|21|31,0.1476|0.0731|0.0625|0.0587|0.0577,
unit_004291,HongKong,14,14,303.9,7,2.2474,0.0,0.0,0.5,22.295825,113.971094,7|16|22|31|23,0.1195|0.0905|0.0846|0.0818|0.0439,
unit_004292,HongKong,7,7,151.1,16,2.4347,0.0,0.0,0.5,22.29785,113.965228,16|18|2|14|3,0.1006|0.0908|0.0644|0.0561|0.0481,
unit_004293,HongKong,6,7,125.9,16,2.4185,0.0,0.09064,0.5226,22.297414,113.963118,16|18|31|14|27,0.1182|0.0937|0.0695|0.0461|0.0458,
unit_004294,HongKong,7,8,151.1,16,2.3948,1e-05,0.09064,0.5226,22.297128,113.961672,16|31|22|10|21,0.1280|0.0885|0.0750|0.0512|0.0460,
unit_004295,HongKong,9,14,201.4,18,2.5057,1e-05,0.0,0.5,22.295487,113.956987,18|16|31|14|21,0.1018|0.1000|0.0628|0.0554|0.0519,
unit_004296,HongKong,34,64,713.0,21,2.5009,3e-05,0.0,0.5,22.29302,113.953859,21|16|18|31|14,0.1027|0.0976|0.0918|0.0692|0.0582,
unit_004297,HongKong,8,8,175.6,18,2.4627,0.0,0.0,0.5,22.29857,113.968193,18|16|2|22|27,0.0918|0.0741|0.0643|0.0641|0.0437,
unit_004298,HongKong,8,8,175.6,18,2.4471,0.0,0.0,0.5,22.29927,113.971043,18|16|3|23|2,0.1043|0.0761|0.0740|0.0538|0.0500,
unit_004299,HongKong,11,21,250.9,18,2.3929,6e-05,0.0,0.5,22.301321,113.976182,18|22|2|16|3,0.1109|0.0634|0.0626|0.0575|0.0562,
unit_004300,HongKong,14,20,326.2,18,2.499,0.00011,0.0,0.5,22.303162,113.980123,18|16|22|31|2,0.1009|0.0845|0.0664|0.0584|0.0562,
unit_004301,HongKong,7,7,150.6,18,2.4281,0.0,0.0,0.5,22.305764,113.983394,18|3|16|10|23,0.1280|0.0795|0.0715|0.0592|0.0537,
unit_004302,HongKong,12,15,276.0,18,2.4485,3e-05,0.0,0.5,22.307584,113.986116,18|16|10|23|3,0.1220|0.0792|0.0653|0.0502|0.0492,
unit_004303,HongKong,8,8,175.6,18,2.4519,0.0,0.0,0.5,22.308948,113.98846,18|3|16|23|22,0.1330|0.0761|0.0696|0.0550|0.0507,
unit_004304,HongKong,66,135,1151.1,3,2.4806,6e-05,0.07099,0.5177,22.279737,113.940168,3|31|1|21|7,0.0915|0.0895|0.0818|0.0674|0.0637,
unit_004305,HongKong,61,79,1228.5,1,2.5034,9e-05,0.0,0.5,22.283231,113.937384,1|21|3|13|31,0.0961|0.0690|0.0545|0.0513|0.0509,
unit_004306,HongKong,7,8,151.1,31,2.3968,1e-05,0.07815,0.5195,22.279479,113.93741,31|13|1|3|16,0.0871|0.0700|0.0658|0.0579|0.0539,
unit_004307,HongKong,6,7,125.9,31,2.4794,0.0,0.07815,0.5195,22.27914,113.935978,31|7|16|3|10,0.1070|0.0857|0.0801|0.0644|0.0636,
unit_004308,HongKong,8,8,175.3,22,2.4063,0.0,0.0,0.5,22.286232,113.937012,22|13|31|16|10,0.0911|0.0782|0.0695|0.0688|0.0583,
unit_004309,HongKong,39,41,797.6,16,2.3323,1e-05,0.0837,0.5209,22.340071,114.139018,16|27|1|21|10,0.1183|0.0794|0.0695|0.0662|0.0515,
unit_004310,HongKong,34,34,617.5,31,2.5002,0.0,0.0,0.5,22.346282,114.131544,31|27|21|7|10,0.0880|0.0744|0.0744|0.0694|0.0687,
unit_004311,HongKong,8,8,177.9,27,2.3243,0.0,0.0,0.5,22.348474,114.12866,27|16|23|14|2,0.1401|0.0700|0.0699|0.0475|0.0363,
unit_004312,HongKong,14,16,325.1,21,2.3954,2e-05,0.0,0.5,22.256242,114.132585,21|1|16|7|2,0.1219|0.0718|0.0604|0.0579|0.0416,
unit_004313,HongKong,8,8,175.1,21,2.4406,0.0,0.0,0.5,22.253446,114.132142,21|10|18|27|7,0.0873|0.0815|0.0746|0.0597|0.0474,
unit_004314,HongKong,38,38,476.1,3,2.2477,0.0,0.0,0.5,22.308485,114.016009,3|1|7|27|16,0.0544|0.0449|0.0396|0.0391|0.0332,
unit_004315,HongKong,14,14,287.7,1,2.3258,0.0,0.0,0.5,22.337191,114.13884,1|16|31|18|13,0.1087|0.0777|0.0749|0.0616|0.0443,
unit_004316,HongKong,18,26,318.2,21,2.3007,0.0,0.11849,0.5296,22.275356,114.129805,21|22|16|27|3,0.1357|0.0699|0.0603|0.0536|0.0505,
unit_004317,HongKong,15,15,235.0,1,2.2531,0.0,0.0,0.5,22.244119,114.15473,1|7|16|23|31,0.1290|0.0774|0.0651|0.0404|0.0379,
unit_004318,HongKong,3,3,54.9,1,2.4283,0.0,0.0,0.5,22.28444,114.136938,1|27|21|2|7,0.0772|0.0566|0.0370|0.0349|0.0319,
unit_004319,HongKong,18,18,288.4,1,2.4283,0.0,0.0,0.5,22.284072,114.136831,1|27|21|2|7,0.0772|0.0566|0.0370|0.0349|0.0319,
unit_004320,HongKong,8,8,175.7,18,2.3045,0.0,0.0,0.5,22.331754,114.141772,18|16|14|31|2,0.1507|0.0760|0.0536|0.0515|0.0515,
unit_004321,HongKong,8,8,183.4,18,2.3045,0.0,0.0,0.5,22.331995,114.141756,18|16|14|31|2,0.1507|0.0760|0.0536|0.0515|0.0515,
unit_004322,HongKong,5,9,102.6,18,2.3838,1e-05,0.0,0.5,22.330453,114.144889,18|2|16|14|31,0.1462|0.0836|0.0680|0.0669|0.0656,
unit_004323,HongKong,8,8,179.6,18,2.2978,0.0,0.0,0.5,22.330077,114.142566,18|1|10|31|16,0.1491|0.0484|0.0448|0.0389|0.0371,
unit_004324,HongKong,7,14,156.5,18,2.3884,0.0,0.0,0.5,22.330767,114.144945,18|2|31|16|14,0.1537|0.0761|0.0694|0.0681|0.0612,
unit_004325,HongKong,8,8,180.5,18,2.3045,0.0,0.0,0.5,22.332133,114.141772,18|16|14|31|2,0.1507|0.0760|0.0536|0.0515|0.0515,
unit_004326,HongKong,9,18,154.1,18,2.3884,0.0,0.0,0.5,22.330985,114.144771,18|2|31|16|14,0.1552|0.0727|0.0702|0.0677|0.0587,
unit_004327,HongKong,9,10,150.7,14,2.1849,1e-05,0.09674,0.5242,22.345785,114.124944,14|18|2|16|21,0.1118|0.0924|0.0721|0.0514|0.0418,
unit_004328,HongKong,8,8,175.4,18,2.2508,0.0,0.0,0.5,22.348801,114.124353,18|21|1|3|2,0.1217|0.0809|0.0541|0.0538|0.0452,
unit_004329,HongKong,7,7,153.3,18,2.2508,0.0,0.0,0.5,22.348881,114.124093,18|21|1|3|2,0.1217|0.0809|0.0541|0.0538|0.0452,
unit_004330,HongKong,15,15,277.1,18,2.4601,0.0,0.0,0.5,22.347153,114.088413,18|3|21|16|10,0.1173|0.0679|0.0666|0.0656|0.0611,
unit_004331,HongKong,8,9,175.3,18,2.4709,0.0,0.0,0.5,22.345184,114.092276,18|16|2|22|27,0.1089|0.0884|0.0575|0.0566|0.0510,
unit_004332,HongKong,3,3,50.1,21,2.4396,0.0,0.0,0.5,22.344955,114.096649,21|16|3|22|23,0.1000|0.0628|0.0525|0.0486|0.0483,
unit_004333,HongKong,11,16,250.4,14,1.5334,0.0,0.0,0.5,22.344976,114.098678,14|16|18|23|31,0.1342|0.0396|0.0373|0.0159|0.0139,
unit_004334,HongKong,7,7,150.2,14,1.4326,0.0,0.0,0.5,22.34503,114.101158,14|18|16|31|23,0.1391|0.0442|0.0420|0.0164|0.0149,
unit_004335,HongKong,8,8,175.3,14,1.6168,0.0,0.0,0.5,22.34558,114.104373,14|18|16|23|2,0.1575|0.0533|0.0364|0.0237|0.0151,
unit_004336,HongKong,7,7,150.2,14,1.6228,0.0,0.0,0.5,22.347363,114.108383,14|18|16|23|21,0.1605|0.0595|0.0308|0.0256|0.0157,
unit_004340,HongKong,8,8,175.3,18,2.3164,0.0,0.0,0.5,22.350051,114.114952,18|16|2|10|1,0.1401|0.0676|0.0510|0.0484|0.0362,
unit_004341,HongKong,8,8,175.3,18,2.3909,0.0,0.0,0.5,22.3519,114.118034,18|16|10|31|21,0.1258|0.0612|0.0426|0.0368|0.0364,
unit_004342,HongKong,8,8,175.3,2,2.3423,0.0,0.0,0.5,22.352488,114.120635,2|18|1|16|3,0.0984|0.0800|0.0729|0.0584|0.0579,
unit_004343,HongKong,7,7,151.2,18,2.4709,0.0,0.0,0.5,22.345481,114.092327,18|16|2|22|27,0.1087|0.0884|0.0575|0.0566|0.0510,
unit_004344,HongKong,7,7,101.2,16,2.3542,0.0,0.0,0.5,22.345156,114.09076,16|31|7|2|18,0.1097|0.0711|0.0689|0.0602|0.0580,
unit_004345,HongKong,16,16,309.0,18,2.4601,0.0,0.0,0.5,22.346982,114.08804,18|3|21|16|10,0.1173|0.0679|0.0666|0.0656|0.0611,
unit_004346,HongKong,7,7,151.3,2,2.1855,0.0,0.0,0.5,22.289408,114.143527,2|16|18|31|1,0.0910|0.0823|0.0814|0.0678|0.0434,
unit_004347,HongKong,7,7,151.3,14,1.8622,0.0,0.0,0.5,22.291208,114.14736,14|18|16|23|21,0.1572|0.0747|0.0338|0.0310|0.0294,
unit_004348,HongKong,8,8,176.6,14,1.8753,0.0,0.0,0.5,22.293291,114.149291,14|18|23|16|21,0.1589|0.0717|0.0331|0.0315|0.0275,
unit_004349,HongKong,8,8,176.6,14,1.7899,0.0,0.0,0.5,22.294957,114.150837,14|18|23|16|21,0.1576|0.0767|0.0338|0.0297|0.0265,
unit_004350,HongKong,10,16,227.0,14,1.8066,0.0,0.0,0.5,22.296623,114.152382,14|18|16|23|21,0.1590|0.0739|0.0310|0.0292|0.0268,
unit_004351,HongKong,8,8,176.6,14,1.7052,0.0,0.0,0.5,22.298289,114.153927,14|18|23|16|21,0.1412|0.0720|0.0407|0.0396|0.0318,
unit_004352,HongKong,8,8,176.6,14,1.7211,0.0,0.0,0.5,22.300291,114.155779,14|18|16|21|23,0.1492|0.0799|0.0298|0.0288|0.0269,
unit_004354,HongKong,7,7,152.7,7,2.4688,0.0,0.0,0.5,22.26448,113.995783,7|10|31|3|13,0.0960|0.0838|0.0673|0.0665|0.0581,
unit_004355,HongKong,40,40,763.6,7,2.3814,0.0,0.0,0.5,22.266559,113.994675,7|31|3|10|21,0.1056|0.0897|0.0690|0.0652|0.0558,
unit_004356,HongKong,24,24,403.7,3,2.356,0.0,0.0,0.5,22.26702,113.997014,3|7|21|10|31,0.0919|0.0781|0.0650|0.0624|0.0618,
unit_004357,HongKong,42,55,888.1,2,2.2705,4e-05,0.0,0.5,22.317079,113.940344,2|13|10|21|18,0.0994|0.0725|0.0715|0.0537|0.0491,
unit_004358,HongKong,25,31,393.0,16,2.2535,0.0,0.06605,0.5165,22.319507,113.941933,16|10|2|1|31,0.0965|0.0874|0.0498|0.0457|0.0445,
unit_004359,HongKong,19,29,308.6,3,2.2582,1e-05,0.06707,0.5168,22.31973,113.943076,3|16|1|10|31,0.0874|0.0773|0.0748|0.0541|0.0473,
unit_004360,HongKong,6,8,131.8,16,2.3636,0.0,0.0681,0.517,22.320042,113.944256,16|3|22|31|21,0.0924|0.0742|0.0683|0.0681|0.0591,
unit_004361,HongKong,38,64,845.5,22,2.3824,4e-05,0.0,0.5,22.238844,113.959558,22|18|31|23|16,0.1021|0.0897|0.0817|0.0710|0.0683,
unit_004362,HongKong,8,8,175.5,18,2.3443,0.0,0.0,0.5,22.23963,113.954754,18|22|23|16|31,0.1125|0.0731|0.0701|0.0630|0.0597,
unit_004363,HongKong,12,16,275.8,18,2.2717,1e-05,0.0,0.5,22.240701,113.950805,18|23|10|22|16,0.1283|0.0730|0.0679|0.0658|0.0534,
unit_004364,HongKong,19,24,451.3,18,2.4124,8e-05,0.0,0.5,22.245407,113.946358,18|22|23|10|16,0.1068|0.0935|0.0763|0.0679|0.0666,
unit_004365,HongKong,8,8,175.5,27,2.4349,0.0,0.0,0.5,22.247885,113.94372,27|16|22|18|23,0.1129|0.0777|0.0698|0.0598|0.0543,
unit_004366,HongKong,8,8,175.5,22,2.36,0.0,0.0,0.5,22.24953,113.942314,22|21|23|27|2,0.1218|0.1182|0.0881|0.0608|0.0505,
unit_004367,HongKong,8,8,175.5,22,2.4196,0.0,0.13049,0.5326,22.251,113.941116,22|21|18|23|10,0.1056|0.1050|0.0879|0.0853|0.0734,
unit_004368,HongKong,16,17,376.1,22,2.4095,5e-05,0.13528,0.5338,22.253253,113.940647,22|21|27|23|16,0.1373|0.1111|0.0701|0.0601|0.0509,
unit_004369,HongKong,8,8,175.5,21,2.3263,0.0,0.14008,0.535,22.255578,113.940367,21|23|27|22|2,0.0890|0.0736|0.0735|0.0643|0.0542,
unit_004370,HongKong,8,8,175.5,22,2.4897,0.0,0.0,0.5,22.258438,113.939484,22|27|10|16|23,0.0953|0.0865|0.0713|0.0672|0.0635,
unit_004371,HongKong,8,8,175.5,21,2.3728,0.0,0.0,0.5,22.26048,113.938208,21|22|27|18|16,0.1348|0.1048|0.0561|0.0436|0.0402,
unit_004372,HongKong,12,17,275.8,22,2.5083,9e-05,0.0,0.5,22.263512,113.937635,22|21|27|10|16,0.1149|0.1031|0.0860|0.0654|0.0524,
unit_004373,HongKong,8,16,175.5,22,2.3391,1e-05,0.0,0.5,22.265814,113.936295,22|16|21|31|7,0.1301|0.1057|0.0881|0.0629|0.0582,
unit_004374,HongKong,22,22,402.9,22,2.4589,0.0,0.13937,0.5348,22.269349,113.934442,22|21|13|10|18,0.1017|0.0964|0.0672|0.0577|0.0565,
unit_004375,HongKong,8,8,180.3,16,2.5041,0.0,0.0,0.5,22.248297,114.150992,16|31|1|7|27,0.1076|0.0763|0.0669|0.0603|0.0475,
unit_004376,HongKong,9,15,203.8,16,2.5247,3e-05,0.0,0.5,22.249151,114.145887,16|31|18|10|1,0.0989|0.0927|0.0841|0.0636|0.0623,
unit_004377,HongKong,7,7,152.8,16,2.458,0.0,0.0,0.5,22.249509,114.142104,16|18|1|27|31,0.0859|0.0858|0.0743|0.0731|0.0610,
unit_004378,HongKong,18,28,325.4,31,2.5173,1e-05,0.0,0.5,22.248695,114.146144,31|16|18|10|1,0.1015|0.0951|0.0816|0.0662|0.0587,
unit_004380,HongKong,8,14,179.0,31,2.5206,2e-05,0.0,0.5,22.248792,114.146004,31|16|18|10|1,0.1002|0.0975|0.0834|0.0663|0.0604,
unit_004382,HongKong,36,36,697.0,22,2.3898,0.0,0.0,0.5,22.256623,113.904821,22|31|16|7|21,0.0922|0.0644|0.0640|0.0559|0.0548,
unit_004383,HongKong,20,20,399.3,22,2.4092,0.0,0.0,0.5,22.256535,113.907854,22|31|7|13|3,0.1170|0.0875|0.0593|0.0527|0.0522,
unit_004384,HongKong,3,3,51.7,22,2.3098,0.0,0.0,0.5,22.256006,113.902279,22|16|31|7|21,0.1001|0.0922|0.0903|0.0785|0.0769,
unit_004385,HongKong,10,15,232.6,22,2.3757,3e-05,0.05739,0.5143,22.256237,113.901453,22|7|21|16|31,0.0885|0.0865|0.0849|0.0835|0.0763,
unit_004386,HongKong,24,24,489.2,22,2.3559,0.0,0.05739,0.5143,22.256982,113.901787,22|7|21|16|3,0.1265|0.0746|0.0674|0.0554|0.0495,
unit_004387,HongKong,27,31,609.8,18,2.3578,4e-05,0.0,0.5,22.333473,114.108517,18|2|10|23|1,0.1597|0.0520|0.0518|0.0434|0.0370,
unit_004388,HongKong,16,16,378.9,18,2.475,3e-05,0.0,0.5,22.337332,114.106863,18|21|23|3|2,0.1060|0.0911|0.0694|0.0485|0.0456,
unit_004389,HongKong,5,5,101.0,21,2.4406,0.0,0.0,0.5,22.34096,114.107312,21|1|31|3|23,0.0972|0.0952|0.0723|0.0691|0.0458,
unit_004390,HongKong,8,8,176.8,18,2.3961,0.0,0.0,0.5,22.341752,114.108696,18|31|1|3|27,0.1120|0.1032|0.0856|0.0547|0.0458,
unit_004391,HongKong,26,30,589.1,18,2.3577,4e-05,0.0,0.5,22.333671,114.108743,18|2|10|23|1,0.1597|0.0522|0.0515|0.0433|0.0370,
unit_004392,HongKong,8,8,180.1,18,2.1717,0.0,0.0,0.5,22.331703,114.111287,18|10|16|23|21,0.1448|0.0604|0.0317|0.0317|0.0288,
unit_004393,HongKong,6,6,75.9,2,2.458,0.0,0.40487,0.5999,22.329966,114.113254,2|3|16|1|10,0.0830|0.0825|0.0628|0.0590|0.0489,
unit_004394,HongKong,5,5,102.0,18,2.1717,0.0,0.0,0.5,22.332246,114.111469,18|10|16|23|21,0.1448|0.0604|0.0317|0.0317|0.0288,
unit_004395,HongKong,9,14,200.7,18,2.3523,0.0001,0.40487,0.5998,22.329132,114.114372,18|10|16|7|2,0.1110|0.0764|0.0440|0.0432|0.0373,
unit_004396,HongKong,8,8,175.6,18,1.8827,0.0,0.0,0.5,22.326727,114.117512,18|10|23|7|1,0.1294|0.0665|0.0308|0.0242|0.0174,
unit_004397,HongKong,9,16,200.7,18,1.8515,0.0,0.0,0.5,22.325002,114.119749,18|10|23|7|16,0.1375|0.0641|0.0300|0.0227|0.0217,
unit_004398,HongKong,16,24,376.3,18,1.8331,1e-05,0.0,0.5,22.322862,114.122523,18|10|23|16|7,0.1352|0.0704|0.0290|0.0195|0.0181,
unit_004399,HongKong,8,8,175.6,18,2.1526,0.0,0.0,0.5,22.320717,114.125685,18|10|16|23|7,0.1409|0.0748|0.0522|0.0392|0.0241,
unit_004400,HongKong,8,8,175.6,18,2.265,0.0,0.0,0.5,22.321243,114.129754,18|16|10|23|21,0.1423|0.0766|0.0744|0.0447|0.0397,
unit_004401,HongKong,17,17,351.9,18,2.2355,0.0,0.0,0.5,22.322531,114.131552,18|10|16|2|3,0.1181|0.0617|0.0437|0.0428|0.0394,
unit_004402,HongKong,19,20,408.7,18,2.3526,3e-05,0.0,0.5,22.333091,114.108664,18|10|23|2|16,0.1531|0.0599|0.0447|0.0420|0.0398,
unit_004403,HongKong,4,4,75.9,2,2.5398,0.0,0.0,0.5,22.334643,114.106419,2|14|16|18|23,0.0855|0.0656|0.0645|0.0613|0.0509,
unit_004404,HongKong,16,16,379.3,14,1.6758,0.0,0.0,0.5,22.336596,114.103615,14|18|23|16|21,0.1656|0.0670|0.0335|0.0308|0.0178,
unit_004405,HongKong,7,7,151.7,14,1.6985,0.0,0.0,0.5,22.338622,114.100723,14|18|16|23|2,0.1582|0.0655|0.0325|0.0310|0.0155,
unit_004406,HongKong,15,15,354.0,14,1.6369,0.0,0.0,0.5,22.340192,114.098484,14|18|23|16|21,0.1649|0.0624|0.0294|0.0286|0.0165,
unit_004407,HongKong,14,14,280.6,18,2.3251,0.0,0.0,0.5,22.343127,114.094125,18|10|16|23|3,0.1404|0.0757|0.0635|0.0463|0.0423,
unit_004408,HongKong,18,18,360.2,22,2.3877,0.0,0.09191,0.523,22.270567,113.887822,22|21|18|10|7,0.0784|0.0691|0.0672|0.0608|0.0584,
unit_004409,HongKong,36,36,718.1,10,2.4377,0.0,0.0,0.5,22.252468,113.866303,10|31|21|7|3,0.0860|0.0790|0.0767|0.0759|0.0719,
unit_004410,HongKong,13,16,300.0,22,2.4714,4e-05,0.0,0.5,22.250864,113.869076,22|3|10|23|21,0.1296|0.0766|0.0667|0.0633|0.0559,
unit_004411,HongKong,8,8,175.0,22,2.3643,0.0,0.11974,0.5299,22.249052,113.870864,22|27|16|31|14,0.1348|0.0891|0.0808|0.0442|0.0335,
unit_004412,HongKong,8,8,175.0,22,2.5611,0.0,0.11974,0.5299,22.247888,113.872196,22|23|16|10|27,0.0968|0.0648|0.0616|0.0566|0.0564,
unit_004413,HongKong,9,16,200.0,22,2.3883,1e-05,0.0,0.5,22.245666,113.873491,22|27|21|16|23,0.1678|0.1106|0.0690|0.0474|0.0435,
unit_004414,HongKong,8,8,175.0,22,2.3642,0.0,0.0,0.5,22.244006,113.87576,22|31|23|16|3,0.1326|0.0771|0.0687|0.0652|0.0638,
unit_004415,HongKong,8,8,175.0,22,2.2895,0.0,0.0,0.5,22.243156,113.878235,22|23|27|2|21,0.1194|0.0919|0.0786|0.0660|0.0575,
unit_004416,HongKong,8,8,175.0,22,2.3348,0.0,0.10836,0.5271,22.241631,113.879482,22|31|23|2|21,0.1410|0.0798|0.0753|0.0564|0.0471,
unit_004417,HongKong,8,8,175.0,22,2.3931,0.0,0.10836,0.5271,22.241047,113.880992,22|31|10|16|18,0.1350|0.0887|0.0707|0.0553|0.0519,
unit_004418,HongKong,15,18,350.0,22,2.4002,0.0001,0.0,0.5,22.243251,113.8835,22|21|23|27|18,0.1505|0.0881|0.0670|0.0515|0.0436,
unit_004419,HongKong,13,20,300.0,22,2.3051,7e-05,0.0,0.5,22.245686,113.885508,22|16|23|31|21,0.1692|0.0713|0.0556|0.0553|0.0490,
unit_004420,HongKong,8,8,175.0,16,2.2805,0.0,0.0,0.5,22.246336,113.889439,16|22|31|23|2,0.1210|0.1011|0.0858|0.0767|0.0523,
unit_004421,HongKong,26,28,309.3,14,2.1568,0.0,0.1361,0.534,22.345504,114.124806,14|18|2|16|21,0.1132|0.0933|0.0711|0.0494|0.0418,
unit_004422,HongKong,5,7,101.8,16,2.4093,0.0,0.11004,0.5275,22.344595,114.12574,16|1|2|3|18,0.0889|0.0794|0.0763|0.0588|0.0398,
unit_004423,HongKong,7,8,152.7,18,2.2107,0.0,0.09344,0.5233,22.343873,114.1269,18|14|2|16|1,0.1025|0.1006|0.0719|0.0641|0.0394,
unit_004424,HongKong,53,103,977.8,18,2.4311,0.00011,0.0,0.5,22.341951,114.12997,18|2|16|21|1,0.1073|0.0827|0.0700|0.0597|0.0511,
unit_004425,HongKong,12,12,265.2,16,2.5041,0.0,0.0,0.5,22.24823,114.150733,16|31|1|7|27,0.1076|0.0763|0.0669|0.0603|0.0475,
unit_004426,HongKong,9,9,202.6,22,2.1958,0.0,0.0,0.5,22.296847,113.969631,22|23|2|21|31,0.1476|0.0731|0.0625|0.0587|0.0577,
unit_004427,HongKong,3,3,50.7,18,2.4627,0.0,0.0,0.5,22.297929,113.967573,18|16|2|22|27,0.0918|0.0741|0.0643|0.0641|0.0437,
unit_004428,HongKong,10,10,204.1,22,2.3006,0.0,0.0,0.5,22.272299,113.992401,22|21|7|16|10,0.1294|0.0952|0.0694|0.0531|0.0492,
unit_004429,HongKong,28,48,553.0,22,2.3567,0.00012,0.0,0.5,22.227585,113.891083,22|21|23|7|27,0.1397|0.0825|0.0637|0.0505|0.0411,
unit_004430,HongKong,18,19,427.5,22,2.3161,7e-05,0.0,0.5,22.225093,113.889106,22|21|31|23|16,0.1780|0.0670|0.0591|0.0570|0.0510,
unit_004431,HongKong,12,29,276.6,22,2.3276,2e-05,0.0,0.5,22.222905,113.885144,22|31|23|16|7,0.1800|0.0663|0.0624|0.0491|0.0381,
unit_004432,HongKong,8,8,175.4,22,2.2966,0.0,0.24902,0.5619,22.230329,113.891403,22|23|27|16|2,0.1063|0.0777|0.0665|0.0608|0.0468,
unit_004433,HongKong,13,16,300.6,22,2.1772,2e-05,0.24902,0.5619,22.232303,113.892414,22|21|23|16|13,0.1574|0.0875|0.0400|0.0291|0.0285,
unit_004434,HongKong,8,8,175.4,22,2.1377,0.0,0.0,0.5,22.235425,113.892708,22|21|23|16|27,0.1465|0.1041|0.0395|0.0330|0.0315,
unit_004435,HongKong,9,9,200.4,22,2.3844,0.0,0.0,0.5,22.238723,113.893555,22|21|23|27|10,0.1191|0.0845|0.0660|0.0520|0.0499,
unit_004436,HongKong,15,17,350.7,22,2.4263,4e-05,0.0,0.5,22.241407,113.89347,22|23|31|10|21,0.1349|0.0886|0.0660|0.0644|0.0618,
unit_004437,HongKong,14,14,232.2,22,2.2192,0.0,0.0,0.5,22.26724,113.929196,22|23|31|14|1,0.1530|0.0469|0.0458|0.0308|0.0296,
unit_004438,HongKong,50,50,1110.6,22,2.1417,1e-05,0.0,0.5,22.268397,113.930009,22|31|1|23|14,0.1633|0.0437|0.0419|0.0349|0.0300,
unit_004439,HongKong,7,7,155.6,1,2.4495,0.0,0.0,0.5,22.25174,114.134663,1|31|21|7|27,0.0864|0.0775|0.0738|0.0668|0.0649,
unit_004440,HongKong,7,9,150.7,22,2.3527,1e-05,0.05835,0.5146,22.246091,113.892887,22|10|23|27|21,0.1000|0.0997|0.0734|0.0692|0.0649,
unit_004441,HongKong,15,17,350.7,22,2.4263,4e-05,0.0,0.5,22.241407,113.89347,22|23|31|10|21,0.1349|0.0886|0.0660|0.0644|0.0618,
unit_004442,HongKong,9,9,200.4,22,2.3844,0.0,0.0,0.5,22.238723,113.893555,22|21|23|27|10,0.1191|0.0845|0.0660|0.0520|0.0499,
unit_004443,HongKong,8,8,175.4,22,2.1377,0.0,0.0,0.5,22.235425,113.892708,22|21|23|16|27,0.1465|0.1041|0.0395|0.0330|0.0315,
unit_004444,HongKong,13,16,300.6,22,2.1772,2e-05,0.24902,0.5619,22.232303,113.892414,22|21|23|16|13,0.1574|0.0875|0.0400|0.0291|0.0285,
unit_004445,HongKong,8,8,175.4,22,2.2966,0.0,0.24902,0.5619,22.230329,113.891403,22|23|27|16|2,0.1063|0.0777|0.0665|0.0608|0.0468,
unit_004450,HongKong,5,5,100.5,21,2.4522,0.0,0.05604,0.514,22.252605,114.140454,21|7|16|31|1,0.1090|0.0798|0.0797|0.0739|0.0539,
unit_004451,HongKong,16,16,375.9,16,2.2999,3e-05,0.0,0.5,22.295253,113.917111,16|31|22|21|7,0.1179|0.0931|0.0851|0.0517|0.0505,
unit_004452,HongKong,14,16,325.8,16,2.3901,1e-05,0.0,0.5,22.295468,113.911722,16|31|18|3|2,0.0797|0.0694|0.0640|0.0572|0.0544,
unit_004453,HongKong,11,15,250.6,16,2.3762,4e-05,0.0,0.5,22.295135,113.904401,16|31|10|3|18,0.0876|0.0718|0.0660|0.0557|0.0427,
unit_004454,HongKong,7,8,150.4,16,2.29,0.0,0.06342,0.5158,22.294688,113.90196,16|31|3|7|21,0.1025|0.0955|0.0567|0.0499|0.0467,
unit_004455,HongKong,7,8,150.4,31,2.4289,0.0,0.06342,0.5158,22.294303,113.900427,31|3|18|10|16,0.0639|0.0593|0.0586|0.0502|0.0495,
unit_004456,HongKong,8,8,175.4,18,2.3351,0.0,0.0,0.5,22.293844,113.897215,18|3|10|31|16,0.0788|0.0650|0.0613|0.0560|0.0464,
unit_004457,HongKong,26,32,626.5,10,2.4333,2e-05,0.0,0.5,22.296662,113.89498,10|21|3|18|13,0.0818|0.0597|0.0569|0.0498|0.0281,
unit_004458,HongKong,8,8,175.4,10,2.4089,0.0,0.0,0.5,22.300134,113.897259,10|21|3|18|13,0.0585|0.0384|0.0358|0.0341|0.0273,
unit_004459,HongKong,16,25,375.9,21,2.4157,2e-05,0.12564,0.5314,22.302648,113.898248,21|10|13|3|7,0.0926|0.0855|0.0501|0.0466|0.0458,
unit_004460,HongKong,14,16,300.7,16,2.3033,0.0,0.12564,0.5314,22.304279,113.899422,16|10|3|7|1,0.0952|0.0657|0.0588|0.0497|0.0494,
unit_004461,HongKong,10,10,220.3,21,2.3519,0.0,0.0,0.5,22.296469,113.92055,21|10|7|3|16,0.0629|0.0616|0.0552|0.0513|0.0500,
unit_004462,HongKong,14,26,328.9,22,2.465,0.00012,0.0,0.5,22.238897,113.967081,22|7|31|21|16,0.1282|0.0568|0.0554|0.0544|0.0516,
unit_004463,HongKong,6,8,126.5,27,2.448,1e-05,0.09288,0.5232,22.242033,113.969594,27|16|2|10|22,0.0673|0.0669|0.0646|0.0612|0.0604,
unit_004464,HongKong,6,8,126.5,22,2.3412,0.0,0.09288,0.5232,22.24231,113.970921,22|31|16|3|23,0.1456|0.0726|0.0726|0.0461|0.0397,
unit_004465,HongKong,14,24,328.9,22,2.4404,3e-05,0.0,0.5,22.243219,113.973525,22|16|31|23|13,0.1606|0.0773|0.0684|0.0581|0.0486,
unit_004466,HongKong,34,37,783.4,18,2.2744,1e-05,0.0,0.5,22.346789,114.060025,18|10|23|16|21,0.1545|0.0567|0.0482|0.0338|0.0265,
unit_004467,HongKong,8,8,175.2,18,2.1334,0.0,0.0,0.5,22.345201,114.057225,18|10|2|16|7,0.1354|0.0646|0.0381|0.0364|0.0361,
unit_004468,HongKong,8,8,175.2,18,1.8149,0.0,0.0,0.5,22.34397,114.055336,18|10|23|7|16,0.1119|0.0770|0.0403|0.0274|0.0213,
unit_004469,HongKong,13,16,300.3,18,2.0977,1e-05,0.0,0.5,22.342556,114.053162,18|10|16|23|14,0.1509|0.0459|0.0355|0.0324|0.0236,
unit_004470,HongKong,8,8,175.2,18,2.3724,0.0,0.0,0.5,22.341169,114.050478,18|16|10|14|2,0.1148|0.0847|0.0399|0.0367|0.0326,
unit_004471,HongKong,7,7,153.4,18,2.2738,0.0,0.0,0.5,22.347218,114.060768,18|10|23|16|7,0.1516|0.0636|0.0526|0.0340|0.0244,
unit_004472,HongKong,14,31,328.9,18,2.4526,5e-05,0.0,0.5,22.33978,114.044303,18|16|3|23|10,0.1060|0.0940|0.0591|0.0564|0.0473,
unit_004473,HongKong,7,7,151.8,18,2.3344,0.0,0.0,0.5,22.338388,114.04156,18|10|16|3|2,0.1137|0.0626|0.0601|0.0601|0.0585,
unit_004474,HongKong,8,8,177.1,18,2.3367,0.0,0.0,0.5,22.33737,114.039397,18|16|23|3|10,0.1042|0.0918|0.0641|0.0555|0.0514,
unit_004475,HongKong,7,7,151.8,18,2.2377,0.0,0.0,0.5,22.336607,114.036422,18|10|16|23|31,0.1457|0.0753|0.0681|0.0553|0.0319,
unit_004476,HongKong,14,14,276.5,18,2.471,0.0,0.0,0.5,22.335787,114.034556,18|23|16|27|2,0.0855|0.0765|0.0706|0.0643|0.0465,
unit_004477,HongKong,13,13,229.3,7,2.4368,0.0,0.0,0.5,22.237265,114.153317,7|1|21|13|31,0.0928|0.0707|0.0684|0.0541|0.0530,
unit_004478,HongKong,9,9,201.7,27,2.4197,0.0,0.0,0.5,22.26734,114.130487,27|10|22|21|16,0.1494|0.0730|0.0618|0.0599|0.0465,
unit_004479,HongKong,3,3,50.4,21,2.4642,0.0,0.0,0.5,22.264495,114.13123,21|27|7|16|1,0.1116|0.1086|0.0894|0.0573|0.0548,
unit_004480,HongKong,8,8,176.5,1,2.4642,0.0,0.0,0.5,22.262207,114.132959,1|7|31|21|27,0.1195|0.0764|0.0620|0.0596|0.0519,
unit_004481,HongKong,8,8,176.5,27,2.3973,0.0,0.0,0.5,22.257787,114.134113,27|22|21|23|10,0.1106|0.1105|0.1041|0.0486|0.0435,
unit_004482,HongKong,28,28,442.2,7,2.351,0.0,0.0,0.5,22.26809,113.99147,7|13|3|31|1,0.0955|0.0793|0.0717|0.0553|0.0528,
unit_004483,HongKong,5,5,100.2,7,2.2512,0.0,0.0,0.5,22.263851,113.990992,7|31|3|22|13,0.0880|0.0646|0.0642|0.0549|0.0512,
unit_004484,HongKong,7,8,150.3,22,2.3707,0.0,0.07348,0.5184,22.265641,113.990331,22|21|10|7|3,0.0859|0.0706|0.0498|0.0413|0.0359,
unit_004485,HongKong,7,9,150.3,7,2.3729,0.0,0.07348,0.5184,22.266906,113.990972,7|3|22|13|31,0.1083|0.0846|0.0578|0.0534|0.0501,
unit_004486,HongKong,26,26,518.5,22,2.3808,0.0,0.0,0.5,22.345237,114.142828,22|7|23|3|21,0.1801|0.0602|0.0579|0.0566|0.0564,
unit_004487,HongKong,12,17,229.7,1,2.4117,2e-05,0.0,0.5,22.336925,114.142952,1|16|18|2|31,0.1058|0.0763|0.0531|0.0485|0.0392,
unit_004488,HongKong,24,34,486.3,27,2.523,5e-05,0.09259,0.5231,22.34349,114.139549,27|22|21|16|10,0.1289|0.0726|0.0631|0.0552|0.0459,
unit_004489,HongKong,9,10,167.0,1,2.3694,1e-05,0.0,0.5,22.339831,114.148936,1|16|23|7|2,0.1096|0.0767|0.0544|0.0516|0.0477,
unit_004490,HongKong,8,9,175.4,27,2.4106,0.0,0.20294,0.5506,22.350448,114.153903,27|22|21|23|18,0.1141|0.0734|0.0409|0.0368|0.0281,
unit_004491,HongKong,11,17,250.6,23,2.2895,8e-05,0.0,0.5,22.353998,114.15222,23|22|27|2|21,0.0939|0.0907|0.0786|0.0600|0.0589,
unit_004492,HongKong,8,8,175.4,27,2.3339,0.0,0.0,0.5,22.356745,114.151137,27|23|21|22|2,0.1138|0.1015|0.0767|0.0765|0.0626,
unit_004493,HongKong,9,9,200.4,23,2.2832,0.0,0.0,0.5,22.359531,114.150677,23|22|27|2|31,0.1085|0.0924|0.0837|0.0424|0.0400,
unit_004494,HongKong,18,19,425.9,27,2.2528,4e-05,0.0,0.5,22.363237,114.149879,27|23|22|21|2,0.1231|0.0874|0.0630|0.0506|0.0434,
unit_004495,HongKong,13,17,300.7,22,2.2952,8e-05,0.0,0.5,22.366574,114.151101,22|27|23|31|2,0.1251|0.1021|0.0401|0.0343|0.0283,
unit_004496,HongKong,8,9,175.4,27,2.2502,0.0,0.1414,0.5353,22.368945,114.14741,27|22|21|16|2,0.1264|0.1179|0.0677|0.0567|0.0423,
unit_004497,HongKong,9,11,150.3,23,2.2441,0.0,0.1414,0.5353,22.369216,114.146189,23|27|22|2|31,0.1162|0.0983|0.0792|0.0626|0.0588,
unit_004498,HongKong,5,6,102.2,14,1.6151,0.0,0.15446,0.5385,22.349128,114.153345,14|18|16|23|31,0.1580|0.0700|0.0328|0.0267|0.0138,
unit_004499,HongKong,8,8,178.8,14,1.744,0.0,0.69968,0.6681,22.347808,114.151644,14|18|16|23|2,0.1601|0.0655|0.0417|0.0280|0.0178,
unit_004500,HongKong,18,20,360.4,21,2.3625,0.0,0.38445,0.5949,22.346166,114.151116,21|22|27|3|10,0.1223|0.0802|0.0679|0.0520|0.0476,
unit_004501,HongKong,6,6,125.6,27,2.4094,0.0,0.2264,0.5564,22.350299,114.154148,27|22|21|23|18,0.1141|0.0734|0.0409|0.0367|0.0278,
unit_004502,HongKong,7,7,150.8,27,2.3908,0.0,0.08598,0.5215,22.35214,114.155593,27|21|22|2|31,0.1013|0.0814|0.0726|0.0576|0.0566,
unit_004503,HongKong,8,9,175.9,16,2.4724,1e-05,0.08598,0.5215,22.353309,114.156733,16|31|23|22|27,0.1065|0.0672|0.0668|0.0641|0.0445,
unit_004504,HongKong,7,8,150.8,22,2.3663,0.0,0.0684,0.5171,22.354845,114.158117,22|21|27|16|3,0.1421|0.1096|0.0529|0.0453|0.0450,
unit_004505,HongKong,7,8,150.8,27,2.1286,1e-05,0.0684,0.5171,22.356237,114.158874,27|22|21|23|16,0.1058|0.0968|0.0898|0.0832|0.0608,
unit_004506,HongKong,8,8,175.9,16,2.4004,0.0,0.0,0.5,22.358248,114.160116,16|21|23|2|31,0.1121|0.1043|0.0599|0.0573|0.0425,
unit_004507,HongKong,6,8,125.6,18,2.5575,2e-05,0.0756,0.5189,22.360639,114.161793,18|3|23|22|1,0.0794|0.0688|0.0680|0.0677|0.0636,
unit_004508,HongKong,6,8,125.6,21,2.4321,0.0,0.0756,0.5189,22.361624,114.162718,21|16|7|22|31,0.1099|0.1083|0.0752|0.0708|0.0647,
unit_004509,HongKong,4,4,75.9,18,2.4597,0.0,0.08999,0.5225,22.289042,114.140336,18|3|21|1|16,0.0999|0.0693|0.0688|0.0654|0.0589,
unit_004510,HongKong,8,8,177.2,2,2.1855,0.0,0.0,0.5,22.288981,114.143509,2|16|18|31|1,0.0910|0.0823|0.0814|0.0678|0.0434,
unit_004511,HongKong,6,6,131.5,18,2.4597,0.0,0.0,0.5,22.289725,114.140561,18|3|21|1|16,0.0999|0.0693|0.0688|0.0654|0.0589,
unit_004512,HongKong,7,7,152.7,2,2.1855,0.0,0.0,0.5,22.288905,114.143386,2|16|18|31|1,0.0910|0.0823|0.0814|0.0678|0.0434,
unit_004513,HongKong,7,7,157.2,2,2.1855,0.0,0.0,0.5,22.288817,114.143306,2|16|18|31|1,0.0910|0.0823|0.0814|0.0678|0.0434,
unit_004516,HongKong,24,40,466.1,22,2.4589,4e-05,0.0,0.5,22.275512,114.12909,22|27|31|23|21,0.0950|0.0659|0.0549|0.0547|0.0540,
unit_004517,HongKong,8,8,179.9,22,2.4276,0.0,0.0,0.5,22.277306,114.128987,22|27|13|7|21,0.1013|0.0734|0.0513|0.0444|0.0413,
unit_004518,HongKong,8,8,178.1,22,2.3247,0.0,0.0,0.5,22.273494,114.125272,22|23|27|31|10,0.0863|0.0785|0.0750|0.0698|0.0472,
unit_004519,HongKong,8,14,178.1,27,2.5376,0.0,0.0,0.5,22.272673,114.121308,27|31|7|16|1,0.0977|0.0888|0.0720|0.0616|0.0508,
unit_004520,HongKong,8,8,178.1,7,2.4869,0.0,0.0,0.5,22.273623,114.119322,7|31|16|27|22,0.0947|0.0851|0.0732|0.0723|0.0650,
unit_004521,HongKong,4,4,81.6,22,2.4276,0.0,0.0,0.5,22.277114,114.129721,22|27|13|7|21,0.1013|0.0734|0.0513|0.0444|0.0413,
unit_004522,HongKong,8,8,179.9,22,2.4276,0.0,0.0,0.5,22.277306,114.128987,22|27|13|7|21,0.1013|0.0734|0.0513|0.0444|0.0413,
unit_004523,HongKong,30,42,614.5,21,2.5531,8e-05,0.0,0.5,22.265958,114.13312,21|27|1|22|3,0.1036|0.0858|0.0737|0.0660|0.0562,
unit_004524,HongKong,24,24,459.8,22,2.1462,0.0,0.0,0.5,22.235241,114.001408,22|31|1|10|23,0.1401|0.0627|0.0337|0.0329|0.0307,
unit_004525,HongKong,9,9,201.7,22,2.2783,0.0,0.0,0.5,22.237297,113.99926,22|31|23|10|27,0.1237|0.0729|0.0597|0.0567|0.0339,
unit_004526,HongKong,32,32,668.2,22,2.2642,0.0,0.0,0.5,22.238517,113.998267,22|23|31|16|13,0.1844|0.0695|0.0660|0.0326|0.0311,
unit_004528,HongKong,7,7,152.6,27,2.3645,0.0,0.13603,0.534,22.25283,114.138149,27|16|1|31|10,0.1140|0.0868|0.0615|0.0590|0.0471,
unit_004529,HongKong,8,8,58.3,31,2.3697,0.0,0.10612,0.5265,22.278921,113.93748,31|13|1|3|16,0.0846|0.0702|0.0652|0.0566|0.0519,
unit_004530,HongKong,6,9,125.0,22,2.3096,1e-05,0.07099,0.5177,22.278724,113.940718,22|7|31|21|16,0.1097|0.0996|0.0925|0.0827|0.0591,
unit_004531,HongKong,8,8,175.0,22,2.3753,0.0,0.0,0.5,22.276482,113.942695,22|7|31|16|23,0.1252|0.0845|0.0729|0.0665|0.0480,
unit_004532,HongKong,8,8,175.0,22,2.2736,0.0,0.0686,0.5171,22.274982,113.944624,22|23|7|31|16,0.1704|0.0721|0.0580|0.0472|0.0422,
unit_004533,HongKong,8,8,175.0,22,2.2082,0.0,0.0616,0.5154,22.274025,113.946115,22|31|23|27|2,0.1714|0.0720|0.0600|0.0452|0.0338,
unit_004534,HongKong,8,8,175.0,22,2.1962,0.0,0.05459,0.5136,22.272832,113.947317,22|23|27|2|10,0.1555|0.0865|0.0371|0.0359|0.0319,
unit_004535,HongKong,11,16,250.1,22,2.3047,2e-05,0.0,0.5,22.271624,113.95015,22|27|23|16|31,0.1705|0.0484|0.0482|0.0452|0.0442,
unit_004536,HongKong,10,10,225.8,1,2.417,0.0,0.0,0.5,22.247129,114.155413,1|31|16|3|2,0.1189|0.0776|0.0670|0.0602|0.0549,
unit_004537,HongKong,8,8,177.5,22,2.2613,0.0,0.0,0.5,22.214987,113.915982,22|21|7|31|23,0.1227|0.0825|0.0678|0.0450|0.0446,
unit_004538,HongKong,13,16,311.4,22,2.3725,7e-05,0.0,0.5,22.221181,113.911509,22|16|31|23|21,0.1598|0.0856|0.0612|0.0445|0.0434,
unit_004539,HongKong,8,8,175.8,27,2.4807,0.0,0.0,0.5,22.26506,114.150989,27|7|16|31|10,0.0768|0.0765|0.0718|0.0608|0.0415,
unit_004541,HongKong,26,26,537.4,27,2.4305,0.0,0.0,0.5,22.269423,114.150503,27|10|16|18|23,0.1293|0.0846|0.0655|0.0619|0.0537,
unit_004543,HongKong,11,16,250.1,22,2.3047,2e-05,0.0,0.5,22.271624,113.95015,22|27|23|16|31,0.1705|0.0484|0.0482|0.0452|0.0442,
unit_004544,HongKong,8,8,175.0,22,2.1962,0.0,0.05459,0.5136,22.272832,113.947317,22|23|27|2|10,0.1555|0.0865|0.0371|0.0359|0.0319,
unit_004545,HongKong,8,8,175.0,22,2.2082,0.0,0.0616,0.5154,22.274025,113.946115,22|31|23|27|2,0.1714|0.0720|0.0600|0.0452|0.0338,
unit_004546,HongKong,8,8,175.0,22,2.2736,0.0,0.0686,0.5171,22.274982,113.944624,22|23|7|31|16,0.1704|0.0721|0.0580|0.0472|0.0422,
unit_004547,HongKong,8,8,175.0,22,2.3753,0.0,0.0,0.5,22.276482,113.942695,22|7|31|16|23,0.1252|0.0845|0.0729|0.0665|0.0480,
unit_004548,HongKong,6,9,125.0,22,2.3096,1e-05,0.07099,0.5177,22.278724,113.940718,22|7|31|21|16,0.1097|0.0996|0.0925|0.0827|0.0591,
unit_004549,HongKong,8,8,176.6,31,2.5458,0.0,0.0,0.5,22.343436,114.136078,31|1|10|23|21,0.0961|0.0876|0.0781|0.0590|0.0569,
unit_004550,HongKong,8,8,176.6,27,2.3704,0.0,0.0,0.5,22.340668,114.133194,27|21|16|22|10,0.1185|0.0657|0.0610|0.0606|0.0469,
unit_004551,HongKong,26,26,540.8,1,2.4001,0.0,0.09621,0.524,22.341534,114.138042,1|16|2|21|27,0.0884|0.0837|0.0799|0.0656|0.0603,
unit_004552,HongKong,3,3,53.2,18,2.4194,0.0,0.0,0.5,22.334406,114.134718,18|16|10|31|21,0.1067|0.0870|0.0642|0.0587|0.0546,
unit_004553,HongKong,19,27,393.3,21,2.4243,3e-05,0.0,0.5,22.33376,114.132823,21|13|2|1|16,0.0863|0.0677|0.0557|0.0499|0.0488,
unit_004556,HongKong,8,8,175.3,22,2.4063,0.0,0.0,0.5,22.286232,113.937012,22|13|31|16|10,0.0911|0.0782|0.0695|0.0688|0.0583,
unit_004557,HongKong,8,8,175.4,21,2.3979,0.0,0.0,0.5,22.321516,114.155422,21|7|1|31|3,0.1060|0.0872|0.0784|0.0670|0.0550,
unit_004558,HongKong,8,9,181.7,18,2.3897,2e-05,0.136,0.5339,22.290667,113.935746,18|10|31|16|27,0.1250|0.0851|0.0626|0.0529|0.0467,
unit_004559,HongKong,14,14,209.9,1,2.2841,0.0,0.0,0.5,22.33482,114.153936,1|7|21|31|16,0.1125|0.0907|0.0719|0.0695|0.0626,
unit_004560,HongKong,13,13,229.4,1,2.5084,0.0,0.0,0.5,22.336617,114.15484,1|31|2|7|13,0.1027|0.0649|0.0542|0.0496|0.0470,
unit_004561,HongKong,8,8,190.9,1,2.3229,0.0,0.0,0.5,22.338348,114.150766,1|16|10|7|3,0.1241|0.0554|0.0423|0.0395|0.0370,
unit_004562,HongKong,8,8,182.9,1,2.3229,0.0,0.0,0.5,22.338264,114.150758,1|16|10|7|3,0.1241|0.0554|0.0423|0.0395|0.0370,
unit_004564,HongKong,7,7,154.5,16,2.3714,0.0,0.0,0.5,22.32892,114.146324,16|18|31|2|1,0.1039|0.0978|0.0710|0.0529|0.0500,
unit_004565,HongKong,4,4,77.5,16,2.4119,0.0,0.06266,0.5157,22.329739,114.149044,16|18|2|14|7,0.1125|0.0968|0.0765|0.0562|0.0492,
unit_004567,HongKong,10,10,183.0,18,2.2743,0.0,0.10542,0.5263,22.32909,114.150141,18|1|31|3|16,0.1215|0.0913|0.0607|0.0410|0.0356,
unit_004568,HongKong,9,18,157.3,18,2.3865,0.0,0.0,0.5,22.331207,114.145319,18|31|16|2|1,0.1563|0.0707|0.0665|0.0663|0.0581,
unit_004569,HongKong,3,3,50.6,18,2.3045,0.0,0.0,0.5,22.332362,114.142489,18|16|14|31|2,0.1507|0.0760|0.0536|0.0515|0.0515,
unit_004570,HongKong,11,11,178.0,16,2.3714,0.0,0.0,0.5,22.328841,114.146573,16|18|31|2|1,0.1039|0.0978|0.0710|0.0529|0.0500,
unit_004571,HongKong,8,9,179.4,10,2.2619,1e-05,0.24251,0.5603,22.228183,113.892581,10|18|22|23|31,0.0873|0.0821|0.0573|0.0452|0.0424,
unit_004572,HongKong,6,9,127.0,22,2.3202,0.0,0.06941,0.5173,22.226672,113.891931,22|23|27|21|2,0.1128|0.1028|0.0919|0.0648|0.0527,
unit_004573,HongKong,11,19,254.0,22,2.3169,3e-05,0.0,0.5,22.223444,113.897772,22|27|21|23|16,0.1631|0.0792|0.0516|0.0434|0.0407,
unit_004575,HongKong,12,29,276.6,22,2.3276,2e-05,0.0,0.5,22.222905,113.885144,22|31|23|16|7,0.1800|0.0663|0.0624|0.0491|0.0381,
unit_004576,HongKong,18,19,427.5,22,2.3161,7e-05,0.0,0.5,22.225093,113.889106,22|21|31|23|16,0.1780|0.0670|0.0591|0.0570|0.0510,
unit_004577,HongKong,6,6,127.2,18,2.4101,0.0,0.07125,0.5178,22.286686,114.157343,18|16|2|1|3,0.0843|0.0799|0.0792|0.0740|0.0534,
unit_004578,HongKong,20,26,467.2,7,2.4279,1e-05,0.0,0.5,22.323325,114.139566,7|13|10|21|31,0.0927|0.0819|0.0741|0.0732|0.0713,
unit_004579,HongKong,8,8,181.7,21,2.4051,0.0,0.0,0.5,22.325191,114.138212,21|7|31|16|22,0.1022|0.0984|0.0901|0.0817|0.0579,
unit_004580,HongKong,10,15,232.6,22,2.3757,3e-05,0.05739,0.5143,22.256237,113.901453,22|7|21|16|31,0.0885|0.0865|0.0849|0.0835|0.0763,
unit_004581,HongKong,3,3,51.7,22,2.3098,0.0,0.0,0.5,22.256006,113.902279,22|16|31|7|21,0.1001|0.0922|0.0903|0.0785|0.0769,
unit_004582,HongKong,8,8,177.2,22,2.0275,0.0,0.0,0.5,22.252756,113.904178,22|31|1|23|21,0.1696|0.0428|0.0373|0.0273|0.0185,
unit_004583,HongKong,8,8,177.2,22,2.0192,0.0,0.0,0.5,22.253379,113.906791,22|31|1|23|13,0.1718|0.0441|0.0440|0.0361|0.0196,
unit_004584,HongKong,8,8,177.2,22,2.2709,0.0,0.0,0.5,22.253861,113.908732,22|31|27|7|13,0.1271|0.0791|0.0526|0.0444|0.0411,
unit_004585,HongKong,8,8,177.2,22,2.2844,0.0,0.0,0.5,22.25507,113.912577,22|31|3|23|7,0.1392|0.0791|0.0624|0.0459|0.0402,
unit_004586,HongKong,8,8,175.4,18,2.461,0.0,0.0,0.5,22.25263,113.89983,18|27|22|23|10,0.1024|0.0807|0.0687|0.0669|0.0603,
unit_004587,HongKong,23,25,551.1,22,2.3842,9e-05,0.0,0.5,22.249547,113.898082,22|18|23|27|21,0.1302|0.0779|0.0622|0.0608|0.0563,
unit_004588,HongKong,8,8,175.4,22,2.3599,0.0,0.0,0.5,22.248388,113.894778,22|31|23|16|27,0.1709|0.0777|0.0717|0.0652|0.0526,
unit_004589,HongKong,8,8,177.2,22,2.2844,0.0,0.0,0.5,22.25507,113.912577,22|31|3|23|7,0.1392|0.0791|0.0624|0.0459|0.0402,
unit_004590,HongKong,8,8,177.2,22,2.2709,0.0,0.0,0.5,22.253861,113.908732,22|31|27|7|13,0.1271|0.0791|0.0526|0.0444|0.0411,
unit_004591,HongKong,8,8,177.2,22,2.0192,0.0,0.0,0.5,22.253379,113.906791,22|31|1|23|13,0.1718|0.0441|0.0440|0.0361|0.0196,
unit_004592,HongKong,8,8,177.2,22,2.0275,0.0,0.0,0.5,22.252756,113.904178,22|31|1|23|21,0.1696|0.0428|0.0373|0.0273|0.0185,
unit_004593,HongKong,8,8,175.4,22,2.3599,0.0,0.0,0.5,22.248388,113.894778,22|31|23|16|27,0.1709|0.0777|0.0717|0.0652|0.0526,
unit_004594,HongKong,23,25,551.1,22,2.3842,9e-05,0.0,0.5,22.249547,113.898082,22|18|23|27|21,0.1302|0.0779|0.0622|0.0608|0.0563,
unit_004595,HongKong,8,8,175.4,18,2.461,0.0,0.0,0.5,22.25263,113.89983,18|27|22|23|10,0.1024|0.0807|0.0687|0.0669|0.0603,
unit_004596,HongKong,8,8,177.5,22,2.2613,0.0,0.0,0.5,22.214987,113.915982,22|21|7|31|23,0.1227|0.0825|0.0678|0.0450|0.0446,
unit_004597,HongKong,19,21,267.6,3,2.2998,0.0,0.09938,0.5248,22.318896,113.933525,3|21|2|1|10,0.0783|0.0675|0.0610|0.0585|0.0434,
unit_004598,HongKong,10,11,169.6,1,2.3108,0.0,0.0802,0.52,22.317807,113.933811,1|2|16|10|21,0.0769|0.0739|0.0730|0.0610|0.0558,
unit_004599,HongKong,22,22,392.8,16,2.424,0.0,0.13774,0.5344,22.319518,113.934851,16|2|3|1|10,0.0932|0.0853|0.0669|0.0665|0.0545,
unit_004600,HongKong,23,23,417.2,21,2.2026,0.0,0.08332,0.5208,22.340598,114.110784,21|3|16|2|18,0.0905|0.0614|0.0513|0.0510|0.0411,
unit_004601,HongKong,11,15,254.1,3,2.3743,1e-05,0.10649,0.5266,22.338277,114.110729,3|21|1|13|18,0.1044|0.0969|0.0748|0.0526|0.0413,
unit_004602,HongKong,11,16,262.3,3,2.3762,2e-05,0.06015,0.515,22.338315,114.110605,3|21|1|13|18,0.1042|0.0976|0.0743|0.0526|0.0416,
unit_004603,HongKong,8,8,178.5,18,2.3961,0.0,0.0,0.5,22.341659,114.108857,18|31|1|3|27,0.1120|0.1032|0.0856|0.0547|0.0458,
unit_004604,HongKong,5,5,102.0,21,2.4406,0.0,0.0,0.5,22.34095,114.107425,21|1|31|3|23,0.0972|0.0952|0.0723|0.0691|0.0458,
unit_004605,HongKong,15,15,357.1,18,2.4714,3e-05,0.0,0.5,22.337404,114.106948,18|21|23|3|27,0.1067|0.0908|0.0689|0.0479|0.0447,
unit_004606,HongKong,9,14,155.4,16,2.4114,1e-05,0.10747,0.5268,22.344712,114.126048,16|2|1|3|18,0.0898|0.0788|0.0782|0.0580|0.0475,
unit_004607,HongKong,6,7,128.1,18,2.198,0.0,0.08294,0.5207,22.344046,114.126937,18|14|2|16|1,0.1033|0.1013|0.0710|0.0627|0.0378,
unit_004608,HongKong,7,16,153.8,2,2.4183,4e-05,0.05615,0.514,22.342536,114.129642,2|18|16|14|1,0.1164|0.0930|0.0654|0.0633|0.0592,
unit_004609,HongKong,5,7,102.5,18,2.2812,0.0,0.05615,0.514,22.341513,114.130563,18|21|16|2|1,0.1233|0.0790|0.0732|0.0468|0.0424,
unit_004610,HongKong,6,7,125.6,18,2.3294,0.0,0.0,0.5,22.351384,114.125357,18|1|21|2|3,0.1109|0.0826|0.0788|0.0745|0.0623,
unit_004611,HongKong,9,11,207.1,21,2.4776,8e-05,0.0,0.5,22.351819,114.125351,21|2|1|18|3,0.0834|0.0791|0.0745|0.0710|0.0693,
unit_004612,HongKong,7,7,152.7,7,2.4688,0.0,0.0,0.5,22.26448,113.995783,7|10|31|3|13,0.0960|0.0838|0.0673|0.0665|0.0581,
unit_004613,HongKong,11,11,210.3,18,2.3206,0.0,0.0,0.5,22.35124,114.125734,18|1|21|2|3,0.1112|0.0821|0.0782|0.0737|0.0616,
unit_004614,HongKong,11,11,204.9,21,2.4887,0.0,0.14881,0.5371,22.35205,114.124884,21|2|3|1|22,0.0843|0.0798|0.0723|0.0655|0.0576,
unit_004615,HongKong,8,8,176.4,18,2.5125,0.0,0.0,0.5,22.338659,114.135679,18|31|22|21|2,0.1196|0.0710|0.0682|0.0601|0.0579,
unit_004616,HongKong,12,12,240.4,18,2.4587,0.0,0.0,0.5,22.339163,114.132491,18|27|2|21|3,0.1315|0.0833|0.0590|0.0564|0.0466,
unit_004617,HongKong,4,4,80.3,18,2.5125,0.0,0.0,0.5,22.338672,114.136076,18|31|22|21|2,0.1196|0.0710|0.0682|0.0601|0.0579,
unit_004618,HongKong,7,8,154.0,14,2.1548,0.0,0.14938,0.5373,22.345818,114.125303,14|18|2|16|21,0.1133|0.0934|0.0714|0.0498|0.0419,
unit_004619,HongKong,4,6,77.0,16,2.4132,1e-05,0.11415,0.5285,22.344822,114.126046,16|2|1|3|18,0.0896|0.0789|0.0783|0.0579|0.0475,
unit_004620,HongKong,6,7,128.3,18,2.197,0.0,0.07892,0.5197,22.344246,114.127037,18|14|2|16|1,0.1034|0.1014|0.0709|0.0626|0.0377,
unit_004621,HongKong,12,21,278.3,18,2.4412,0.00012,0.0,0.5,22.342361,114.130228,18|2|16|14|21,0.1041|0.0941|0.0615|0.0552|0.0534,
unit_004622,HongKong,16,17,329.3,18,2.3384,0.0,0.05411,0.5135,22.351054,114.125533,18|1|21|2|3,0.1100|0.0825|0.0791|0.0747|0.0625,
unit_004623,HongKong,5,5,102.7,21,2.4887,0.0,0.05411,0.5135,22.35244,114.125424,21|2|3|1|22,0.0843|0.0798|0.0723|0.0655|0.0576,
unit_004624,HongKong,8,8,175.1,18,2.4587,0.0,0.0,0.5,22.339385,114.13296,18|27|2|21|3,0.1315|0.0833|0.0590|0.0564|0.0466,
unit_004625,HongKong,8,8,175.1,18,2.5125,0.0,0.0,0.5,22.33883,114.135383,18|31|22|21|2,0.1196|0.0710|0.0682|0.0601|0.0579,
unit_004626,HongKong,7,7,158.6,18,2.2508,0.0,0.0,0.5,22.348748,114.125023,18|21|1|3|2,0.1217|0.0809|0.0541|0.0538|0.0452,
unit_004627,HongKong,6,6,131.0,18,2.2508,0.0,0.0,0.5,22.348826,114.125175,18|21|1|3|2,0.1217|0.0809|0.0541|0.0538|0.0452,
unit_004628,HongKong,4,4,76.1,18,2.2719,0.0,0.0,0.5,22.341663,114.130908,18|21|16|2|1,0.1225|0.0789|0.0731|0.0450|0.0419,
unit_004629,HongKong,5,5,104.2,2,2.3618,0.0,0.0,0.5,22.343076,114.130196,2|18|14|1|27,0.1216|0.0879|0.0747|0.0548|0.0545,
unit_004630,HongKong,7,10,152.1,2,2.3673,0.0,0.24762,0.5616,22.342807,114.130276,2|18|14|1|27,0.1235|0.0894|0.0748|0.0562|0.0539,
unit_004632,HongKong,7,7,152.1,18,2.4587,0.0,0.0,0.5,22.339309,114.132772,18|27|2|21|3,0.1315|0.0833|0.0590|0.0564|0.0466,
unit_004633,HongKong,9,9,160.1,18,2.4587,0.0,0.0,0.5,22.339094,114.132319,18|27|2|21|3,0.1315|0.0833|0.0590|0.0564|0.0466,
unit_004634,HongKong,8,8,175.2,18,2.4587,0.0,0.0,0.5,22.33919,114.1327,18|27|2|21|3,0.1315|0.0833|0.0590|0.0564|0.0466,
unit_004635,HongKong,3,3,50.1,18,2.2719,0.0,0.08985,0.5224,22.341932,114.130928,18|21|16|2|1,0.1225|0.0789|0.0731|0.0450|0.0419,
unit_004636,HongKong,8,15,175.2,2,2.4059,4e-05,0.08985,0.5224,22.342752,114.130016,2|18|14|1|16,0.1195|0.0932|0.0695|0.0574|0.0510,
unit_004637,HongKong,4,4,79.1,18,2.5125,0.0,0.0,0.5,22.337983,114.135233,18|31|22|21|2,0.1196|0.0710|0.0682|0.0601|0.0579,
unit_004638,HongKong,13,13,261.1,1,2.3258,0.0,0.0,0.5,22.337394,114.138822,1|16|31|18|13,0.1087|0.0777|0.0749|0.0616|0.0443,
unit_004639,HongKong,7,8,151.7,18,2.2036,0.0,0.10222,0.5255,22.344046,114.127006,18|14|2|16|1,0.1031|0.1011|0.0714|0.0634|0.0385,
unit_004640,HongKong,5,7,101.2,16,2.4128,0.0,0.1276,0.5319,22.34469,114.125816,16|1|2|3|18,0.0892|0.0792|0.0776|0.0584|0.0428,
unit_004641,HongKong,7,8,151.7,14,2.1502,0.0,0.15298,0.5382,22.345791,114.125055,14|18|2|16|21,0.1135|0.0935|0.0711|0.0492|0.0418,
unit_004642,HongKong,8,8,187.1,27,2.4809,0.0,0.0,0.5,22.346468,114.127275,27|21|10|18|1,0.1336|0.0643|0.0616|0.0607|0.0585,
unit_004644,HongKong,47,47,845.5,27,2.4061,0.0,0.0,0.5,22.351033,114.131607,27|2|23|10|31,0.1323|0.0692|0.0600|0.0562|0.0469,
unit_004646,HongKong,8,9,177.3,3,2.1808,1e-05,0.09149,0.5229,22.321973,114.040047,3|21|22|1|31,0.0884|0.0817|0.0719|0.0606|0.0576,
unit_004647,HongKong,18,18,357.6,16,2.4206,0.0,0.153,0.5382,22.337337,114.093954,16|22|21|31|7,0.1130|0.0978|0.0871|0.0666|0.0556,
unit_004648,HongKong,8,8,175.3,21,2.3969,0.0,0.0,0.5,22.335198,114.092056,21|22|27|18|23,0.1250|0.1195|0.0766|0.0490|0.0476,
unit_004649,HongKong,20,20,361.9,21,2.2766,0.0,0.0,0.5,22.332521,114.091554,21|22|16|7|31,0.1378|0.1081|0.0788|0.0741|0.0490,
unit_004650,HongKong,32,32,769.9,16,2.4188,0.0,0.153,0.5382,22.338817,114.094837,16|23|13|31|21,0.0819|0.0609|0.0570|0.0564|0.0462,
unit_004651,HongKong,24,24,479.9,13,2.4987,0.0,0.21439,0.5534,22.329805,114.091665,13|16|31|22|7,0.0764|0.0639|0.0607|0.0519|0.0389,
unit_004652,HongKong,8,8,175.3,21,2.3969,0.0,0.0,0.5,22.335198,114.092056,21|22|27|18|23,0.1250|0.1195|0.0766|0.0490|0.0476,
unit_004654,HongKong,4,4,76.1,27,2.338,0.0,0.33463,0.5829,22.329217,114.093148,27|16|10|3|13,0.0877|0.0851|0.0595|0.0400|0.0386,
unit_004655,HongKong,8,8,177.6,22,2.5072,0.0,0.33463,0.5829,22.329304,114.094365,22|31|16|21|10,0.1149|0.0768|0.0720|0.0667|0.0612,
unit_004656,HongKong,34,40,769.3,1,2.4903,3e-05,0.07297,0.5182,22.343079,114.107114,1|10|31|3|21,0.1112|0.0823|0.0798|0.0654|0.0632,
unit_004657,HongKong,9,9,202.1,1,2.4473,0.0,0.0,0.5,22.345034,114.107891,1|21|3|31|23,0.1076|0.1042|0.0693|0.0584|0.0517,
unit_004658,HongKong,3,3,50.5,14,1.6228,0.0,0.0,0.5,22.347022,114.107824,14|18|16|23|21,0.1605|0.0595|0.0308|0.0256|0.0157,
unit_004659,HongKong,5,5,101.4,21,2.2957,0.0,0.0,0.5,22.345573,114.111267,21|3|1|13|23,0.0903|0.0668|0.0566|0.0464|0.0391,
unit_004660,HongKong,8,8,177.4,18,2.2797,0.0,0.0,0.5,22.348111,114.112301,18|10|31|16|14,0.1541|0.0775|0.0568|0.0497|0.0372,
unit_004661,HongKong,8,8,177.4,18,2.1421,0.0,0.0,0.5,22.348621,114.114292,18|10|16|31|1,0.1174|0.0728|0.0464|0.0402|0.0382,
unit_004662,HongKong,6,6,136.8,21,2.2957,0.0,0.0,0.5,22.345543,114.111391,21|3|1|13|23,0.0903|0.0668|0.0566|0.0464|0.0391,
unit_004663,HongKong,7,7,156.8,21,2.2957,0.0,0.0,0.5,22.345667,114.111444,21|3|1|13|23,0.0903|0.0668|0.0566|0.0464|0.0391,
unit_004664,HongKong,8,8,182.9,21,2.3753,0.0,0.0,0.5,22.343526,114.111315,21|18|1|16|2,0.1008|0.0925|0.0607|0.0535|0.0506,
unit_004665,HongKong,11,11,181.7,21,2.464,0.0,0.0,0.5,22.339449,114.109525,21|3|1|31|13,0.1183|0.0963|0.0781|0.0617|0.0579,
unit_004666,HongKong,8,8,179.6,3,2.4757,0.0,0.0,0.5,22.329869,114.108812,3|1|31|22|21,0.1131|0.0655|0.0655|0.0634|0.0625,
unit_004667,HongKong,7,7,153.9,18,2.1717,0.0,0.0,0.5,22.331721,114.111028,18|10|16|23|21,0.1448|0.0604|0.0317|0.0317|0.0288,
unit_004668,HongKong,8,8,179.0,27,2.4561,0.0,0.09259,0.5231,22.346107,114.13839,27|21|22|10|18,0.1153|0.0899|0.0599|0.0568|0.0518,
unit_004669,HongKong,8,8,179.0,27,2.4328,0.0,0.0,0.5,22.347224,114.13692,27|16|22|31|10,0.1164|0.1074|0.0873|0.0604|0.0473,
unit_004670,HongKong,21,25,471.4,27,2.5766,8e-05,0.0,0.5,22.349555,114.133943,27|31|22|16|18,0.0887|0.0693|0.0680|0.0665|0.0639,
unit_004671,HongKong,7,8,151.9,31,2.5777,0.0,0.06352,0.5159,22.349939,114.133664,31|18|10|27|16,0.0819|0.0689|0.0663|0.0646|0.0645,
unit_004672,HongKong,7,8,151.9,27,2.5001,0.0,0.06352,0.5159,22.348918,114.134885,27|22|16|3|18,0.1449|0.0778|0.0716|0.0564|0.0526,
unit_004673,HongKong,8,8,177.2,27,2.4328,0.0,0.0,0.5,22.347323,114.136835,27|16|22|31|10,0.1164|0.1074|0.0873|0.0604|0.0473,
unit_004674,HongKong,8,8,177.2,27,2.4561,0.0,0.09259,0.5231,22.346127,114.13848,27|21|22|10|18,0.1153|0.0899|0.0599|0.0568|0.0518,
unit_004675,HongKong,19,24,455.7,27,2.5259,6e-05,0.09259,0.5231,22.343415,114.139707,27|22|21|16|10,0.1304|0.0717|0.0623|0.0544|0.0457,
unit_004676,HongKong,7,7,157.7,1,2.3915,0.0,0.0,0.5,22.291899,113.947241,1|18|21|3|31,0.1003|0.0969|0.0860|0.0735|0.0580,
unit_004677,HongKong,8,8,175.0,18,2.297,0.0,0.42171,0.6039,22.334473,114.032602,18|23|10|14|2,0.1602|0.0486|0.0441|0.0433|0.0431,
unit_004679,HongKong,8,8,175.0,18,2.3307,0.0,0.0,0.5,22.332433,114.030503,18|16|14|21|2,0.1590|0.0590|0.0587|0.0520|0.0413,
unit_004680,HongKong,7,7,150.0,18,2.4306,0.0,0.0,0.5,22.330803,114.028789,18|22|2|14|21,0.1139|0.0698|0.0680|0.0630|0.0546,
unit_004681,HongKong,5,5,100.6,18,2.297,0.0,0.32641,0.5809,22.334357,114.032799,18|23|10|14|2,0.1602|0.0486|0.0441|0.0433|0.0431,
unit_004682,HongKong,7,8,150.9,21,2.4825,0.0,0.32641,0.5809,22.333256,114.032028,21|22|3|27|16,0.1105|0.0947|0.0840|0.0597|0.0596,
unit_004683,HongKong,8,8,176.1,18,2.4629,0.0,0.0,0.5,22.330759,114.032009,18|21|22|23|27,0.1127|0.0965|0.0698|0.0627|0.0616,
unit_004684,HongKong,7,7,152.3,18,2.3724,0.0,0.0,0.5,22.341321,114.050347,18|16|10|14|2,0.1148|0.0847|0.0399|0.0367|0.0326,
unit_004685,HongKong,12,16,279.2,18,2.0976,1e-05,0.0,0.5,22.342695,114.053082,18|10|16|23|14,0.1509|0.0459|0.0355|0.0324|0.0236,
unit_004686,HongKong,8,8,177.7,18,1.8149,0.0,0.0,0.5,22.344193,114.055382,18|10|23|7|16,0.1119|0.0770|0.0403|0.0274|0.0213,
unit_004687,HongKong,8,8,177.7,18,2.1334,0.0,0.0,0.5,22.345316,114.057106,18|10|2|16|7,0.1354|0.0646|0.0381|0.0364|0.0361,
unit_004688,HongKong,35,37,809.9,18,2.2726,1e-05,0.0,0.5,22.346995,114.059849,18|10|23|16|21,0.1546|0.0564|0.0480|0.0337|0.0264,
unit_004689,HongKong,7,7,155.0,18,2.3724,0.0,0.0,0.5,22.341456,114.050344,18|16|10|14|2,0.1148|0.0847|0.0399|0.0367|0.0326,
unit_004690,HongKong,28,34,603.1,18,2.1087,1e-05,0.0,0.5,22.342601,114.052966,18|10|16|23|14,0.1510|0.0456|0.0368|0.0328|0.0232,
unit_004691,HongKong,34,34,572.7,3,2.5151,0.0,0.08347,0.5209,22.275345,113.934388,3|13|21|1|27,0.0943|0.0846|0.0785|0.0518|0.0482,
unit_004693,HongKong,19,24,453.3,21,2.341,5e-05,0.11727,0.5293,22.272166,113.934192,21|22|27|16|23,0.1361|0.1230|0.0492|0.0465|0.0388,
unit_004694,HongKong,22,22,405.8,1,2.4685,0.0,0.10247,0.5256,22.276311,113.933537,1|21|3|31|7,0.0901|0.0870|0.0827|0.0787|0.0585,
unit_004695,HongKong,13,13,259.2,18,2.2797,0.0,0.0,0.5,22.347943,114.112185,18|10|31|16|14,0.1541|0.0775|0.0568|0.0497|0.0372,
unit_004696,HongKong,20,20,379.0,21,2.2957,0.0,0.0,0.5,22.345753,114.111878,21|3|1|13|23,0.0903|0.0668|0.0566|0.0464|0.0391,
unit_004697,HongKong,12,12,210.4,1,2.4256,0.0,0.0,0.5,22.349279,114.111388,1|7|13|21|23,0.0818|0.0714|0.0602|0.0513|0.0474,
unit_004698,HongKong,5,5,102.3,18,2.2797,0.0,0.0,0.5,22.347837,114.11186,18|10|31|16|14,0.1541|0.0775|0.0568|0.0497|0.0372,
unit_004699,HongKong,7,7,158.5,3,2.375,0.0,0.0,0.5,22.333988,114.111583,3|21|1|2|18,0.0803|0.0745|0.0653|0.0648|0.0545,
unit_004700,HongKong,7,7,153.9,18,2.1717,0.0,0.0,0.5,22.331721,114.111028,18|10|16|23|21,0.1448|0.0604|0.0317|0.0317|0.0288,
unit_004701,HongKong,8,8,179.6,3,2.4757,0.0,0.0,0.5,22.329869,114.108812,3|1|31|22|21,0.1131|0.0655|0.0655|0.0634|0.0625,
unit_004703,HongKong,10,10,232.2,21,2.356,0.0,0.16273,0.5406,22.318086,113.998877,21|16|22|18|7,0.1210|0.0973|0.0568|0.0513|0.0503,
unit_004704,HongKong,6,7,125.5,21,2.3644,0.0,0.06393,0.516,22.318133,113.998874,21|16|22|18|7,0.1218|0.0971|0.0572|0.0530|0.0506,
unit_004705,HongKong,8,8,175.6,18,2.4368,0.0,0.0,0.5,22.319357,114.000197,18|16|21|3|23,0.1189|0.0850|0.0732|0.0623|0.0534,
unit_004706,HongKong,10,16,225.8,18,2.4701,1e-05,0.0,0.5,22.320696,114.002545,18|16|3|31|7,0.1120|0.0870|0.0682|0.0625|0.0623,
unit_004707,HongKong,8,15,175.6,22,2.4912,0.00015,0.05372,0.5134,22.32198,114.005437,22|16|31|18|3,0.0990|0.0958|0.0675|0.0664|0.0514,
unit_004708,HongKong,6,8,125.5,16,2.2555,0.0,0.05372,0.5134,22.322623,114.006882,16|31|21|22|7,0.1240|0.0891|0.0879|0.0655|0.0560,
unit_004709,HongKong,13,16,301.1,18,2.3976,1e-05,0.0,0.5,22.324183,114.010514,18|16|23|3|31,0.1325|0.0905|0.0604|0.0568|0.0493,
unit_004710,HongKong,8,8,175.6,16,2.3102,0.0,0.0,0.5,22.324775,114.013034,16|27|23|31|10,0.0981|0.0787|0.0609|0.0530|0.0512,
unit_004711,HongKong,8,8,175.6,16,2.3976,0.0,0.0,0.5,22.324732,114.017772,16|18|31|23|7,0.1202|0.0855|0.0674|0.0536|0.0402,
unit_004712,HongKong,9,15,200.7,18,2.4162,1e-05,0.0,0.5,22.325389,114.022097,18|16|10|3|23,0.1282|0.0944|0.0644|0.0637|0.0544,
unit_004713,HongKong,7,7,150.5,18,2.4141,0.0,0.0,0.5,22.326761,114.024681,18|16|21|23|10,0.1146|0.0944|0.0675|0.0618|0.0520,
unit_004714,HongKong,14,15,326.2,16,2.4388,6e-05,0.0,0.5,22.32874,114.027001,16|18|21|3|10,0.0913|0.0860|0.0785|0.0715|0.0558,
unit_004715,HongKong,6,6,125.5,18,2.4306,0.0,0.0,0.5,22.330545,114.029026,18|22|2|14|21,0.1139|0.0698|0.0680|0.0630|0.0546,
unit_004716,HongKong,6,6,125.5,18,2.3307,0.0,0.0,0.5,22.332094,114.030958,18|16|14|21|2,0.1590|0.0590|0.0587|0.0520|0.0413,
unit_004717,HongKong,10,10,232.2,21,2.356,0.0,0.16273,0.5406,22.318086,113.998877,21|16|22|18|7,0.1210|0.0973|0.0568|0.0513|0.0503,
unit_004719,HongKong,7,7,157.8,1,2.0521,0.0,0.0,0.5,22.287188,114.148292,1|7|23|13|16,0.1224|0.0592|0.0547|0.0362|0.0347,
unit_004720,HongKong,3,3,54.5,1,2.2677,0.0,0.0,0.5,22.280048,114.151137,1|7|21|10|16,0.1273|0.0548|0.0546|0.0532|0.0480,
unit_004721,HongKong,13,13,192.1,1,2.126,0.0,0.0,0.5,22.283398,114.156045,1|16|7|10|2,0.1177|0.0714|0.0589|0.0345|0.0337,
unit_004722,HongKong,7,7,154.7,31,2.5304,0.0,0.0,0.5,22.325323,114.156851,31|1|3|21|16,0.1180|0.0866|0.0777|0.0727|0.0581,
unit_004723,HongKong,16,16,248.3,1,2.0667,0.0,0.0,0.5,22.336751,114.149781,1|7|16|21|23,0.1395|0.0789|0.0720|0.0394|0.0394,
unit_004724,HongKong,8,8,154.6,1,2.1731,0.0,0.0,0.5,22.337465,114.156624,1|23|7|16|13,0.1631|0.0571|0.0487|0.0403|0.0344,
unit_004725,HongKong,36,37,622.6,18,2.2708,0.0,0.10106,0.5252,22.321055,114.130011,18|16|10|23|21,0.1423|0.0770|0.0743|0.0448|0.0399,
unit_004727,HongKong,7,7,150.7,18,2.1526,0.0,0.0,0.5,22.320598,114.125663,18|10|16|23|7,0.1409|0.0748|0.0522|0.0392|0.0241,
unit_004728,HongKong,20,34,452.0,18,1.8662,0.0,0.0,0.5,22.322575,114.123113,18|10|23|16|7,0.1348|0.0733|0.0288|0.0242|0.0209,
unit_004729,HongKong,10,10,180.4,18,2.2355,0.0,0.0,0.5,22.322605,114.131655,18|10|16|2|3,0.1181|0.0617|0.0437|0.0428|0.0394,
unit_004730,HongKong,7,7,150.7,18,2.1526,0.0,0.0,0.5,22.320598,114.125663,18|10|16|23|7,0.1409|0.0748|0.0522|0.0392|0.0241,
unit_004731,HongKong,17,17,357.5,18,2.1396,0.0,0.0,0.5,22.323681,114.133699,18|2|14|16|13,0.1281|0.0975|0.0469|0.0373|0.0270,
unit_004732,HongKong,8,8,175.1,18,2.2355,0.0,0.0,0.5,22.322325,114.131664,18|10|16|2|3,0.1181|0.0617|0.0437|0.0428|0.0394,
unit_004733,HongKong,8,8,176.9,18,2.1396,0.0,0.0,0.5,22.32394,114.133598,18|2|14|16|13,0.1281|0.0975|0.0469|0.0373|0.0270,
unit_004734,HongKong,8,8,176.9,18,2.3026,0.0,0.0,0.5,22.325115,114.135276,18|2|16|14|3,0.1075|0.1042|0.0604|0.0556|0.0419,
unit_004735,HongKong,8,8,177.2,18,2.1396,0.0,0.0,0.5,22.324005,114.133551,18|2|14|16|13,0.1281|0.0975|0.0469|0.0373|0.0270,
unit_004736,HongKong,8,8,177.2,18,2.3026,0.0,0.0,0.5,22.325164,114.135244,18|2|16|14|3,0.1075|0.1042|0.0604|0.0556|0.0419,
unit_004737,HongKong,4,4,75.9,21,2.4273,0.0,0.0,0.5,22.32694,114.137896,21|2|3|1|16,0.1038|0.0740|0.0592|0.0532|0.0493,
unit_004738,HongKong,7,7,150.9,18,2.3026,0.0,0.0,0.5,22.324754,114.135535,18|2|16|14|3,0.1075|0.1042|0.0604|0.0556|0.0419,
unit_004739,HongKong,7,7,150.9,18,2.1396,0.0,0.0,0.5,22.323627,114.133836,18|2|14|16|13,0.1281|0.0975|0.0469|0.0373|0.0270,
unit_004740,HongKong,7,7,150.9,18,2.2355,0.0,0.0,0.5,22.322263,114.13175,18|10|16|2|3,0.1181|0.0617|0.0437|0.0428|0.0394,
unit_004741,HongKong,16,16,327.9,18,2.265,0.0,0.0,0.5,22.321123,114.129946,18|16|10|23|21,0.1423|0.0766|0.0744|0.0447|0.0397,
unit_004742,HongKong,8,8,181.1,18,2.3026,0.0,0.0,0.5,22.324941,114.135452,18|2|16|14|3,0.1075|0.1042|0.0604|0.0556|0.0419,
unit_004743,HongKong,8,8,181.7,21,2.4051,0.0,0.0,0.5,22.325191,114.138212,21|7|31|16|22,0.1022|0.0984|0.0901|0.0817|0.0579,
unit_004744,HongKong,47,49,1029.6,21,2.2715,8e-05,0.0,0.5,22.330904,114.136243,21|13|2|16|3,0.0675|0.0669|0.0665|0.0650|0.0531,
unit_004745,HongKong,11,13,202.5,18,2.3033,1e-05,0.07538,0.5188,22.328835,114.149989,18|1|31|3|16,0.1227|0.0903|0.0607|0.0414|0.0393,
unit_004746,HongKong,8,8,177.0,18,2.3362,0.0,0.0,0.5,22.323038,114.156876,18|1|13|21|31,0.1337|0.0653|0.0641|0.0610|0.0515,
unit_004747,HongKong,8,8,177.0,18,2.3708,0.0,0.0,0.5,22.321175,114.158185,18|21|31|1|16,0.1446|0.0925|0.0721|0.0716|0.0644,
unit_004748,HongKong,3,3,50.6,1,2.3801,0.0,0.0,0.5,22.319065,114.159309,1|16|2|31|3,0.1103|0.0647|0.0613|0.0506|0.0466,
unit_004749,HongKong,10,10,229.4,21,2.466,0.0,0.0,0.5,22.32796,114.109886,21|22|31|13|7,0.1177|0.0652|0.0592|0.0584|0.0542,
unit_004750,HongKong,35,39,619.4,2,2.4625,1e-05,0.1912,0.5477,22.329381,114.112878,2|3|16|1|10,0.0825|0.0811|0.0631|0.0587|0.0507,
unit_004752,HongKong,10,16,215.8,10,2.492,1e-05,0.05755,0.5144,22.328459,114.114366,10|2|13|3|16,0.0654|0.0642|0.0571|0.0552|0.0530,
unit_004753,HongKong,9,9,153.1,2,2.458,0.0,0.09393,0.5235,22.329888,114.11299,2|3|16|1|10,0.0830|0.0825|0.0628|0.0590|0.0489,
unit_004754,HongKong,7,7,154.5,18,2.1717,0.0,0.0,0.5,22.331242,114.110797,18|10|16|23|21,0.1448|0.0604|0.0317|0.0317|0.0288,
unit_004755,HongKong,7,7,151.9,18,2.1717,0.0,0.0,0.5,22.33146,114.111005,18|10|16|23|21,0.1448|0.0604|0.0317|0.0317|0.0288,
unit_004756,HongKong,7,8,150.5,18,2.2933,0.0,0.13535,0.5338,22.328905,114.15017,18|1|31|3|16,0.1226|0.0909|0.0608|0.0413|0.0381,
unit_004757,HongKong,11,11,203.5,18,2.2978,0.0,0.0,0.5,22.330269,114.14253,18|1|10|31|16,0.1491|0.0484|0.0448|0.0389|0.0371,
unit_004758,HongKong,8,16,175.6,18,2.3871,0.0,0.0,0.5,22.331113,114.145063,18|31|2|16|1,0.1563|0.0707|0.0693|0.0672|0.0584,
unit_004759,HongKong,6,7,125.4,16,2.4147,0.0,0.09074,0.5227,22.329596,114.148807,16|18|2|14|7,0.1124|0.0976|0.0763|0.0562|0.0490,
unit_004760,HongKong,8,8,179.5,1,2.417,0.0,0.0,0.5,22.334497,114.144599,1|18|21|2|3,0.0920|0.0749|0.0723|0.0649|0.0553,
unit_004761,HongKong,14,16,330.6,1,2.4466,3e-05,0.0,0.5,22.331346,114.157007,1|31|7|21|3,0.1054|0.1019|0.0736|0.0561|0.0499,
unit_004762,HongKong,29,29,489.6,16,2.4861,0.0,0.0,0.5,22.332942,114.138528,16|2|18|22|31,0.0937|0.0646|0.0643|0.0623|0.0611,
unit_004763,HongKong,14,14,329.7,18,2.3701,2e-05,0.0,0.5,22.334371,114.135633,18|16|31|21|10,0.1232|0.0807|0.0641|0.0542|0.0512,
unit_004764,HongKong,7,7,155.7,18,2.3045,0.0,0.0,0.5,22.332346,114.141978,18|16|14|31|2,0.1507|0.0760|0.0536|0.0515|0.0515,
unit_004765,HongKong,21,25,458.7,18,2.3542,3e-05,0.0,0.5,22.333348,114.108775,18|10|23|2|16,0.1557|0.0588|0.0447|0.0443|0.0394,
unit_004766,HongKong,8,8,175.8,18,2.1717,0.0,0.0,0.5,22.331619,114.111007,18|10|16|23|21,0.1448|0.0604|0.0317|0.0317|0.0288,
unit_004767,HongKong,6,6,130.8,18,2.1717,0.0,0.0,0.5,22.332117,114.111446,18|10|16|23|21,0.1448|0.0604|0.0317|0.0317|0.0288,
unit_004768,HongKong,9,9,138.4,1,2.5084,0.0,0.0,0.5,22.336241,114.1551,1|31|2|7|13,0.1027|0.0649|0.0542|0.0496|0.0470,
unit_004770,HongKong,30,32,679.2,18,2.3706,2e-05,0.0,0.5,22.334692,114.135831,18|16|31|21|10,0.1236|0.0813|0.0644|0.0545|0.0517,
unit_004771,HongKong,6,6,125.3,16,2.4861,0.0,0.0,0.5,22.333285,114.138755,16|2|18|22|31,0.0937|0.0646|0.0643|0.0623|0.0611,
unit_004772,HongKong,21,21,298.9,18,2.4887,0.0,0.0,0.5,22.336137,114.133849,18|22|31|16|2,0.1221|0.0938|0.0834|0.0690|0.0609,
unit_004774,HongKong,6,6,131.1,18,2.5125,0.0,0.0,0.5,22.338785,114.135844,18|31|22|21|2,0.1196|0.0710|0.0682|0.0601|0.0579,
unit_004775,HongKong,7,7,151.4,18,2.4194,0.0,0.0,0.5,22.335445,114.134956,18|16|10|31|21,0.1067|0.0870|0.0642|0.0587|0.0546,
unit_004776,HongKong,6,6,126.1,18,2.2843,0.0,0.0,0.5,22.337345,114.132135,18|21|3|13|2,0.1121|0.0608|0.0515|0.0500|0.0427,
unit_004777,HongKong,18,18,365.6,18,2.3697,0.0,0.0,0.5,22.34069,114.143155,18|10|23|31|21,0.1737|0.0594|0.0497|0.0397|0.0397,
unit_004778,HongKong,7,7,159.9,21,2.4835,0.0,0.0,0.5,22.339002,114.143963,21|31|2|7|10,0.0975|0.0796|0.0793|0.0734|0.0725,
unit_004779,HongKong,10,10,184.2,18,2.5024,0.0,0.05423,0.5136,22.340169,114.14099,18|16|31|2|21,0.1278|0.0986|0.0713|0.0537|0.0467,
unit_004780,HongKong,13,13,257.9,18,2.3697,0.0,0.0,0.5,22.341132,114.143328,18|10|23|31|21,0.1737|0.0594|0.0497|0.0397|0.0397,
unit_004781,HongKong,8,8,175.8,18,2.3697,0.0,0.41514,0.6023,22.340664,114.143616,18|10|23|31|21,0.1737|0.0594|0.0497|0.0397|0.0397,
unit_004782,HongKong,7,7,150.7,21,2.4835,0.0,0.41514,0.6023,22.339107,114.144259,21|31|2|7|10,0.0975|0.0796|0.0793|0.0734|0.0725,
unit_004783,HongKong,8,8,179.5,18,2.3697,0.0,0.0,0.5,22.340861,114.14342,18|10|23|31|21,0.1737|0.0594|0.0497|0.0397|0.0397,
unit_004784,HongKong,7,7,153.8,18,2.5024,0.0,0.07861,0.5196,22.339796,114.140745,18|16|31|2|21,0.1278|0.0986|0.0713|0.0537|0.0467,
unit_004785,HongKong,6,7,128.2,16,2.3668,2e-05,0.08741,0.5218,22.340501,114.139439,16|27|1|21|31,0.1200|0.0792|0.0687|0.0667|0.0529,
unit_004786,HongKong,9,9,155.9,1,2.4001,0.0,0.09621,0.524,22.341139,114.138271,1|16|2|21|27,0.0884|0.0837|0.0799|0.0656|0.0603,
unit_004787,HongKong,8,8,179.5,18,2.2508,0.0,0.0,0.5,22.348915,114.12453,18|21|1|3|2,0.1217|0.0809|0.0541|0.0538|0.0452,
unit_004788,HongKong,7,9,153.9,14,2.2052,2e-05,0.07739,0.5193,22.345699,114.125215,14|18|2|16|21,0.1106|0.0916|0.0729|0.0531|0.0417,
unit_004789,HongKong,6,6,126.7,22,2.4207,0.0,0.07297,0.5182,22.280563,114.1386,22|31|1|16|7,0.1040|0.1022|0.0777|0.0602|0.0572,
unit_004790,HongKong,6,6,126.7,22,2.4207,0.0,0.07297,0.5182,22.280563,114.1386,22|31|1|16|7,0.1040|0.1022|0.0777|0.0602|0.0572,
unit_004791,HongKong,10,10,203.8,21,2.4761,0.0,0.05931,0.5148,22.242513,114.158946,21|7|1|31|23,0.0994|0.0752|0.0726|0.0719|0.0685,
unit_004792,HongKong,17,25,400.3,7,2.4081,3e-05,0.0,0.5,22.239538,114.160335,7|21|13|1|16,0.1091|0.0926|0.0650|0.0534|0.0478,
unit_004794,HongKong,18,50,282.7,1,2.4741,4e-05,0.0687,0.5172,22.243366,114.158792,1|16|31|7|21,0.1151|0.0808|0.0772|0.0602|0.0572,
unit_004795,HongKong,8,8,181.6,18,2.4608,0.0,0.0,0.5,22.246657,114.160685,18|21|1|31|10,0.1340|0.0749|0.0667|0.0595|0.0560,
unit_004799,HongKong,8,8,175.8,27,2.4807,0.0,0.0,0.5,22.26506,114.150989,27|7|16|31|10,0.0768|0.0765|0.0718|0.0608|0.0415,
unit_004800,HongKong,22,22,449.2,7,2.3221,0.0,0.12929,0.5323,22.263571,114.148635,7|31|16|22|21,0.0930|0.0830|0.0740|0.0638|0.0615,
unit_004801,HongKong,7,7,150.8,22,2.5544,0.0,0.0,0.5,22.263174,114.149535,22|7|27|21|1,0.0763|0.0719|0.0528|0.0492|0.0482,
unit_004802,HongKong,8,8,176.0,22,2.3351,0.0,0.0,0.5,22.260967,114.149836,22|27|21|23|2,0.0999|0.0919|0.0850|0.0620|0.0554,
unit_004803,HongKong,9,9,201.1,22,2.3712,0.0,0.0,0.5,22.260187,114.148261,22|27|21|16|10,0.1135|0.0977|0.0521|0.0411|0.0279,
unit_004804,HongKong,8,9,176.0,22,2.3966,0.0,0.12929,0.5323,22.262397,114.147452,22|27|21|7|2,0.1190|0.0693|0.0632|0.0536|0.0390,
unit_004805,HongKong,6,7,131.4,22,2.4739,0.0,0.13955,0.5348,22.266796,114.154912,22|27|31|2|10,0.0912|0.0901|0.0704|0.0573|0.0551,
unit_004807,HongKong,8,8,177.1,27,2.4765,0.0,0.0,0.5,22.272179,114.147756,27|21|31|7|22,0.0871|0.0846|0.0742|0.0693|0.0652,
unit_004808,HongKong,16,19,379.6,22,2.3059,7e-05,0.0,0.5,22.274626,114.147037,22|27|31|16|21,0.1650|0.0566|0.0538|0.0512|0.0421,
unit_004809,HongKong,12,19,278.3,22,2.2844,3e-05,0.0,0.5,22.274636,114.144339,22|31|27|16|23,0.1514|0.0665|0.0630|0.0441|0.0413,
unit_004810,HongKong,10,14,202.4,22,2.1677,0.0,0.0,0.5,22.275263,114.143848,22|27|31|16|1,0.1576|0.0712|0.0513|0.0374|0.0366,
unit_004811,HongKong,12,15,277.1,21,2.4702,3e-05,0.09854,0.5246,22.265888,114.126326,21|22|27|7|10,0.1204|0.1006|0.0722|0.0678|0.0536,
unit_004812,HongKong,14,17,281.4,23,2.4463,5e-05,0.0,0.5,22.274495,114.151956,23|1|22|27|21,0.0714|0.0700|0.0695|0.0691|0.0673,
unit_004813,HongKong,8,8,179.3,31,2.3836,0.0,0.0,0.5,22.273387,114.154943,31|1|22|27|23,0.1221|0.0855|0.0477|0.0444|0.0370,
unit_004814,HongKong,8,8,179.3,31,2.3836,0.0,0.0,0.5,22.273387,114.154943,31|1|22|27|23,0.1221|0.0855|0.0477|0.0444|0.0370,
unit_004815,HongKong,6,6,128.7,31,2.3836,0.0,0.0,0.5,22.273708,114.154906,31|1|22|27|23,0.1221|0.0855|0.0477|0.0444|0.0370,
unit_004816,HongKong,7,7,153.3,7,2.4869,0.0,0.0,0.5,22.273459,114.119038,7|31|16|27|22,0.0947|0.0851|0.0732|0.0723|0.0650,
unit_004817,HongKong,8,8,178.1,7,2.4869,0.0,0.0,0.5,22.273623,114.119322,7|31|16|27|22,0.0947|0.0851|0.0732|0.0723|0.0650,
unit_004818,HongKong,8,14,178.1,27,2.5376,0.0,0.0,0.5,22.272673,114.121308,27|31|7|16|1,0.0977|0.0888|0.0720|0.0616|0.0508,
unit_004819,HongKong,8,8,178.1,22,2.3247,0.0,0.0,0.5,22.273494,114.125272,22|23|27|31|10,0.0863|0.0785|0.0750|0.0698|0.0472,
unit_004822,HongKong,8,8,177.4,31,2.4112,0.0,0.0,0.5,22.2743,114.161411,31|10|16|22|27,0.0953|0.0590|0.0565|0.0543|0.0528,
unit_004823,HongKong,8,8,181.3,31,2.4059,0.0,0.0,0.5,22.274162,114.158235,31|27|23|2|7,0.0902|0.0841|0.0832|0.0700|0.0607,
unit_004824,HongKong,5,5,103.6,31,2.4059,0.0,0.0,0.5,22.273642,114.15871,31|27|23|2|7,0.0902|0.0841|0.0832|0.0700|0.0607,
unit_004827,HongKong,18,18,358.7,21,2.4476,0.0,0.0,0.5,22.340467,114.095782,21|22|23|27|18,0.1185|0.0959|0.0675|0.0651|0.0618,
unit_004828,HongKong,4,4,58.3,21,2.4476,0.0,0.0,0.5,22.341286,114.095521,21|22|23|27|18,0.1185|0.0959|0.0675|0.0651|0.0618,
unit_004829,HongKong,8,8,175.1,18,2.3251,0.0,0.0,0.5,22.342912,114.093943,18|10|16|23|3,0.1404|0.0757|0.0635|0.0463|0.0423,
unit_004830,HongKong,5,5,100.0,18,2.3507,0.0,0.0,0.5,22.343491,114.092155,18|10|16|23|27,0.1634|0.0567|0.0475|0.0435|0.0362,
unit_004831,HongKong,11,16,250.1,16,2.4635,3e-05,0.0,0.5,22.344591,114.089974,16|7|18|31|2,0.0933|0.0643|0.0635|0.0631|0.0564,
unit_004832,HongKong,8,8,175.1,16,2.5071,0.0,0.0,0.5,22.34614,114.087149,16|21|7|3|2,0.1054|0.0900|0.0882|0.0622|0.0569,
unit_004833,HongKong,9,9,170.5,21,2.464,0.0,0.0,0.5,22.339676,114.109486,21|3|1|31|13,0.1183|0.0963|0.0781|0.0617|0.0579,
unit_004834,HongKong,28,28,457.9,18,2.3909,0.0,0.23973,0.5596,22.351561,114.1183,18|16|10|31|21,0.1258|0.0612|0.0426|0.0368|0.0364,
unit_004835,HongKong,8,8,150.6,18,2.3164,0.0,0.0,0.5,22.350168,114.115616,18|16|2|10|1,0.1401|0.0676|0.0510|0.0484|0.0362,
unit_004836,HongKong,6,7,126.4,21,2.4706,0.0,0.0597,0.5149,22.352761,114.116363,21|22|7|13|2,0.1382|0.0604|0.0593|0.0589|0.0506,
unit_004837,HongKong,30,34,469.9,21,2.4015,0.0,0.15008,0.5374,22.354522,114.116708,21|13|2|10|18,0.0986|0.0980|0.0841|0.0576|0.0575,
unit_004838,HongKong,8,8,168.0,27,2.338,0.0,0.21439,0.5534,22.328924,114.092473,27|16|10|3|13,0.0877|0.0851|0.0595|0.0400|0.0386,
unit_004839,HongKong,8,8,177.6,22,2.5072,0.0,0.33463,0.5829,22.329304,114.094365,22|31|16|21|10,0.1149|0.0768|0.0720|0.0667|0.0612,
unit_004840,HongKong,4,4,76.1,27,2.338,0.0,0.33463,0.5829,22.329217,114.093148,27|16|10|3|13,0.0877|0.0851|0.0595|0.0400|0.0386,
unit_004842,HongKong,8,8,177.7,31,2.5028,0.0,0.0,0.5,22.330943,114.097334,31|16|27|22|3,0.1078|0.0828|0.0729|0.0686|0.0637,
unit_004843,HongKong,7,8,152.3,16,2.4206,0.0,0.07075,0.5177,22.331758,114.100025,16|27|22|23|10,0.0814|0.0688|0.0620|0.0441|0.0423,
unit_004844,HongKong,7,8,152.3,16,2.4476,0.0,0.07075,0.5177,22.331252,114.101516,16|27|21|31|7,0.1216|0.0905|0.0606|0.0580|0.0483,
unit_004845,HongKong,18,18,355.9,16,2.4619,0.0,0.0,0.5,22.33039,114.103298,16|21|7|13|31,0.1409|0.0684|0.0663|0.0568|0.0473,
unit_004846,HongKong,8,8,175.1,16,2.5071,0.0,0.0,0.5,22.34614,114.087149,16|21|7|3|2,0.1054|0.0900|0.0882|0.0622|0.0569,
unit_004847,HongKong,11,16,250.1,16,2.4635,3e-05,0.0,0.5,22.344591,114.089974,16|7|18|31|2,0.0933|0.0643|0.0635|0.0631|0.0564,
unit_004848,HongKong,5,5,100.0,18,2.3507,0.0,0.0,0.5,22.343491,114.092155,18|10|16|23|27,0.1634|0.0567|0.0475|0.0435|0.0362,
unit_004849,HongKong,8,8,175.1,18,2.3251,0.0,0.0,0.5,22.342912,114.093943,18|10|16|23|3,0.1404|0.0757|0.0635|0.0463|0.0423,
unit_004850,HongKong,10,21,237.1,18,2.3359,3e-05,0.0,0.5,22.304276,113.980035,18|16|23|3|2,0.1576|0.0843|0.0568|0.0552|0.0460,
unit_004851,HongKong,8,8,177.2,18,2.4281,0.0,0.0,0.5,22.306002,113.983065,18|3|16|10|23,0.1280|0.0795|0.0715|0.0592|0.0537,
unit_004852,HongKong,13,25,307.4,18,2.4502,0.0001,0.0,0.5,22.303682,113.980032,18|16|22|21|2,0.1162|0.0922|0.0614|0.0547|0.0533,
unit_004853,HongKong,11,22,256.2,18,2.3602,3e-05,0.0,0.5,22.301534,113.975983,18|2|3|16|22,0.1283|0.0712|0.0576|0.0565|0.0551,
unit_004854,HongKong,12,26,279.6,18,2.3975,7e-05,0.0,0.5,22.303928,113.98002,18|16|22|21|23,0.1317|0.0976|0.0576|0.0552|0.0541,
unit_004855,HongKong,11,22,254.2,18,2.309,1e-05,0.0,0.5,22.301639,113.975924,18|2|3|16|22,0.1405|0.0772|0.0556|0.0510|0.0422,
unit_004856,HongKong,8,8,176.6,27,2.3704,0.0,0.0,0.5,22.340668,114.133194,27|21|16|22|10,0.1185|0.0657|0.0610|0.0606|0.0469,
unit_004857,HongKong,8,8,176.6,31,2.5458,0.0,0.0,0.5,22.343436,114.136078,31|1|10|23|21,0.0961|0.0876|0.0781|0.0590|0.0569,
unit_004858,HongKong,8,8,178.9,18,2.2508,0.0,0.0,0.5,22.348935,114.124694,18|21|1|3|2,0.1217|0.0809|0.0541|0.0538|0.0452,
unit_004859,HongKong,5,5,50.7,18,2.3206,0.0,0.14881,0.5371,22.350994,114.124923,18|1|21|2|3,0.1112|0.0821|0.0782|0.0737|0.0616,
unit_004860,HongKong,8,8,177.3,18,2.2508,0.0,0.0,0.5,22.348798,114.1248,18|21|1|3|2,0.1217|0.0809|0.0541|0.0538|0.0452,
unit_004861,HongKong,7,7,154.9,1,2.472,0.0,0.0,0.5,22.34957,114.127434,1|21|27|13|3,0.1081|0.0842|0.0808|0.0450|0.0401,
unit_004862,HongKong,8,8,177.9,27,2.3243,0.0,0.0,0.5,22.348474,114.12866,27|16|23|14|2,0.1401|0.0700|0.0699|0.0475|0.0363,
unit_004865,HongKong,7,7,151.1,21,2.4649,0.0,0.05802,0.5145,22.349872,114.139617,21|22|23|31|2,0.1052|0.0939|0.0908|0.0683|0.0581,
unit_004866,HongKong,8,9,176.3,18,2.5743,1e-05,0.13189,0.5329,22.351236,114.138639,18|31|27|7|23,0.0802|0.0795|0.0713|0.0692|0.0633,
unit_004867,HongKong,8,8,176.3,31,2.411,0.0,0.20576,0.5513,22.352131,114.137121,31|1|3|7|16,0.0877|0.0754|0.0728|0.0650|0.0571,
unit_004868,HongKong,12,12,229.8,21,2.3241,0.0,0.0,0.5,22.35505,114.136778,21|16|7|31|1,0.1289|0.0888|0.0870|0.0629|0.0502,
unit_004869,HongKong,8,8,176.3,31,2.411,0.0,0.20576,0.5513,22.352131,114.137121,31|1|3|7|16,0.0877|0.0754|0.0728|0.0650|0.0571,
unit_004870,HongKong,8,9,176.3,18,2.5743,1e-05,0.13189,0.5329,22.351236,114.138639,18|31|27|7|23,0.0802|0.0795|0.0713|0.0692|0.0633,
unit_004871,HongKong,7,7,151.1,21,2.4649,0.0,0.05802,0.5145,22.349872,114.139617,21|22|23|31|2,0.1052|0.0939|0.0908|0.0683|0.0581,
unit_004874,HongKong,8,8,182.4,27,2.5292,0.0,0.0,0.5,22.349108,114.131369,27|31|10|1|7,0.0923|0.0859|0.0738|0.0569|0.0565,
unit_004875,HongKong,3,3,53.2,18,2.4194,0.0,0.0,0.5,22.334406,114.134718,18|16|10|31|21,0.1067|0.0870|0.0642|0.0587|0.0546,
unit_004876,HongKong,18,18,365.0,18,2.2843,0.0,0.0,0.5,22.337537,114.132591,18|21|3|13|2,0.1121|0.0608|0.0515|0.0500|0.0427,
unit_004877,HongKong,12,23,276.3,18,2.4324,0.00011,0.0,0.5,22.342001,114.129906,18|2|16|21|1,0.1047|0.0838|0.0718|0.0580|0.0516,
unit_004878,HongKong,6,7,125.6,18,2.1977,0.0,0.07865,0.5197,22.343882,114.126871,18|14|2|16|1,0.1033|0.1014|0.0710|0.0627|0.0378,
unit_004879,HongKong,5,8,100.5,16,2.4106,1e-05,0.08769,0.5219,22.344602,114.125864,16|1|2|3|18,0.0893|0.0787|0.0775|0.0583|0.0441,
unit_004880,HongKong,6,7,128.4,18,2.2116,0.0,0.0976,0.5244,22.343788,114.126764,18|14|2|16|1,0.1025|0.1006|0.0720|0.0643|0.0396,
unit_004881,HongKong,6,8,128.4,16,2.4119,0.0,0.12159,0.5304,22.344536,114.125609,16|1|2|3|18,0.0890|0.0793|0.0769|0.0585|0.0412,
unit_004882,HongKong,14,26,279.3,18,2.3852,3e-05,0.0,0.5,22.349161,114.087173,18|21|3|16|23,0.1214|0.0817|0.0585|0.0483|0.0472,
unit_004883,HongKong,8,8,177.7,18,2.3338,0.0,0.0,0.5,22.351941,114.086277,18|2|21|14|3,0.1532|0.0746|0.0644|0.0579|0.0399,
unit_004884,HongKong,3,3,51.8,16,2.1896,0.0,0.0,0.5,22.286953,114.154581,16|1|18|2|21,0.0931|0.0862|0.0776|0.0562|0.0502,
unit_004886,HongKong,16,16,385.1,22,2.2677,2e-05,0.0,0.5,22.314822,114.037093,22|21|3|31|1,0.1084|0.1079|0.0878|0.0589|0.0547,
unit_004887,HongKong,8,8,176.9,22,2.4347,0.0,0.10059,0.5251,22.236343,113.962242,22|21|31|7|16,0.1492|0.0925|0.0907|0.0663|0.0582,
unit_004888,HongKong,8,8,185.2,31,2.277,0.0,0.0,0.5,22.293423,113.941965,31|3|1|18|2,0.0774|0.0763|0.0665|0.0621|0.0589,
unit_004889,HongKong,19,21,409.0,18,2.5241,5e-05,0.0,0.5,22.290567,113.950754,18|31|16|3|1,0.0992|0.0754|0.0732|0.0695|0.0517,
unit_004890,HongKong,12,14,277.6,14,2.3838,0.0001,0.0,0.5,22.289475,113.947647,14|18|16|2|23,0.1019|0.0879|0.0705|0.0679|0.0408,
unit_004891,HongKong,7,7,151.4,16,2.5011,0.0,0.0,0.5,22.28976,113.943266,16|22|1|10|27,0.0922|0.0736|0.0649|0.0588|0.0489,
unit_004892,HongKong,15,20,350.8,18,2.5064,3e-05,0.35452,0.5877,22.29484,113.937301,18|3|21|2|16,0.1408|0.0633|0.0629|0.0520|0.0500,
unit_004893,HongKong,8,8,175.4,13,2.369,0.0,0.35452,0.5877,22.296303,113.93745,13|16|21|7|31,0.1102|0.0774|0.0729|0.0620|0.0542,
unit_004895,HongKong,5,5,100.2,21,2.333,0.0,0.0,0.5,22.303274,113.937515,21|3|18|10|2,0.0987|0.0832|0.0747|0.0740|0.0486,
unit_004896,HongKong,3,4,51.2,13,2.3901,0.0,0.10667,0.5266,22.296072,113.936616,13|16|21|7|10,0.1097|0.0781|0.0742|0.0623|0.0553,
unit_004897,HongKong,10,17,230.2,18,2.517,4e-05,0.10667,0.5266,22.294781,113.937373,18|21|3|2|10,0.1371|0.0646|0.0639|0.0550|0.0525,
unit_004898,HongKong,8,8,179.1,18,2.3277,0.0,0.0,0.5,22.292938,113.938747,18|21|10|23|16,0.1733|0.0564|0.0553|0.0460|0.0433,
unit_004899,HongKong,4,5,79.0,18,2.4221,0.0,0.06789,0.517,22.29991,113.93503,18|16|31|3|21,0.1431|0.0898|0.0642|0.0433|0.0433,
unit_004900,HongKong,8,8,175.7,18,2.4627,2e-05,0.06827,0.5171,22.305129,113.936662,18|21|10|2|3,0.0916|0.0888|0.0728|0.0700|0.0654,
unit_004901,HongKong,26,44,581.6,21,2.4401,2e-05,0.0,0.5,22.3046,113.937427,21|18|10|3|2,0.0939|0.0903|0.0742|0.0728|0.0653,
unit_004903,HongKong,8,11,177.2,18,2.2072,0.0,0.0,0.5,22.313342,113.942554,18|16|2|10|13,0.1033|0.0804|0.0802|0.0515|0.0482,
unit_004904,HongKong,16,16,327.5,18,2.203,0.0,0.0,0.5,22.314122,113.946213,18|2|16|3|14,0.1140|0.0907|0.0643|0.0586|0.0539,
unit_004905,HongKong,10,16,225.9,16,2.4906,3e-05,0.0,0.5,22.297327,113.930458,16|3|31|7|18,0.0970|0.0778|0.0668|0.0500|0.0492,
unit_004906,HongKong,5,5,102.5,18,2.4629,0.0,0.0,0.5,22.330164,114.031661,18|21|22|23|27,0.1127|0.0965|0.0698|0.0627|0.0616,
unit_004907,HongKong,6,6,128.1,18,2.4306,0.0,0.0,0.5,22.330504,114.028971,18|22|2|14|21,0.1139|0.0698|0.0680|0.0630|0.0546,
unit_004908,HongKong,7,7,152.4,18,2.4629,0.0,0.0,0.5,22.330511,114.031764,18|21|22|23|27,0.1127|0.0965|0.0698|0.0627|0.0616,
unit_004909,HongKong,5,5,101.6,18,2.3307,0.0,0.0,0.5,22.332453,114.03122,18|16|14|21|2,0.1590|0.0590|0.0587|0.0520|0.0413,
unit_004910,HongKong,8,8,177.8,18,2.297,0.0,0.0,0.5,22.3347,114.032409,18|23|10|14|2,0.1602|0.0486|0.0441|0.0433|0.0431,
unit_004911,HongKong,8,8,175.8,18,2.4177,0.0,0.0,0.5,22.326428,114.03483,18|23|16|10|27,0.1509|0.0577|0.0571|0.0539|0.0511,
unit_004912,HongKong,13,15,301.3,22,2.3438,2e-05,0.0,0.5,22.324707,114.037584,22|16|31|3|18,0.1040|0.0954|0.0884|0.0802|0.0628,
unit_004914,HongKong,8,8,177.7,22,2.4348,0.0,0.0,0.5,22.226204,113.926592,22|16|31|27|7,0.1648|0.0601|0.0588|0.0568|0.0471,
unit_004915,HongKong,8,8,177.7,22,2.2473,0.0,0.0,0.5,22.226679,113.923113,22|31|16|23|3,0.1509|0.0920|0.0802|0.0551|0.0320,
unit_004916,HongKong,8,8,177.7,27,2.3008,0.0,0.0,0.5,22.225239,113.921689,27|23|22|21|2,0.1137|0.0873|0.0842|0.0743|0.0549,
unit_004917,HongKong,8,8,177.7,22,2.3344,0.0,0.10151,0.5254,22.22336,113.920434,22|21|16|31|7,0.1756|0.0726|0.0649|0.0443|0.0434,
unit_004918,HongKong,15,16,355.5,22,2.3991,8e-05,0.10151,0.5253,22.221737,113.918504,22|31|16|7|3,0.1386|0.0815|0.0592|0.0539|0.0464,
unit_004919,HongKong,8,13,175.3,22,2.3951,0.0,0.0,0.5,22.225496,113.928536,22|16|31|23|7,0.1462|0.0830|0.0820|0.0634|0.0462,
unit_004920,HongKong,22,34,408.6,22,2.4119,7e-05,0.0,0.5,22.22495,113.928826,22|13|31|7|16,0.1554|0.0573|0.0499|0.0497|0.0422,
unit_004921,HongKong,8,13,175.3,22,2.3951,0.0,0.0,0.5,22.225496,113.928536,22|16|31|23|7,0.1462|0.0830|0.0820|0.0634|0.0462,
unit_004922,HongKong,48,56,1071.4,22,2.4156,0.00016,0.10893,0.5272,22.239208,113.994804,22|31|27|23|7,0.1391|0.0651|0.0632|0.0560|0.0459,
unit_004923,HongKong,9,9,201.7,22,2.2783,0.0,0.0,0.5,22.237297,113.99926,22|31|23|10|27,0.1237|0.0729|0.0597|0.0567|0.0339,
unit_004924,HongKong,32,54,643.0,22,2.4455,0.00012,0.09703,0.5242,22.234942,113.956322,22|21|7|27|10,0.1269|0.0833|0.0697|0.0643|0.0426,
unit_004925,HongKong,7,8,156.7,22,2.4837,0.0,0.07434,0.5186,22.234812,113.958155,22|27|21|7|16,0.1261|0.0858|0.0775|0.0673|0.0596,
unit_004926,HongKong,7,8,156.7,22,2.2721,0.0,0.07434,0.5186,22.233671,113.959055,22|27|16|2|31,0.1268|0.1071|0.0853|0.0533|0.0505,
unit_004927,HongKong,28,28,607.6,31,2.3219,0.0,0.0,0.5,22.234074,113.960854,31|13|22|7|27,0.1032|0.0858|0.0801|0.0792|0.0465,
unit_004928,HongKong,7,7,154.8,31,2.3807,0.0,0.0,0.5,22.242803,114.15316,31|23|2|27|1,0.1278|0.0870|0.0602|0.0582|0.0557,
unit_004929,HongKong,24,47,511.0,18,2.3787,2e-05,0.0,0.5,22.349635,114.087251,18|21|3|16|23,0.1157|0.0840|0.0591|0.0529|0.0465,
unit_004930,HongKong,7,7,150.8,18,2.4629,0.0,0.0,0.5,22.330762,114.032303,18|21|22|23|27,0.1127|0.0965|0.0698|0.0627|0.0616,
unit_004931,HongKong,7,7,150.8,21,2.4084,0.0,0.0,0.5,22.328785,114.033399,21|3|18|22|23,0.1004|0.0868|0.0735|0.0701|0.0536,
unit_004932,HongKong,7,7,150.8,18,2.4177,0.0,0.0,0.5,22.326619,114.035016,18|23|16|10|27,0.1509|0.0577|0.0571|0.0539|0.0511,
unit_004933,HongKong,5,5,100.5,16,2.342,0.0,0.0,0.5,22.325586,114.037208,16|31|22|3|23,0.1054|0.0923|0.0917|0.0846|0.0620,
unit_004934,HongKong,8,8,176.0,16,2.4682,0.0,0.0,0.5,22.325334,114.039333,16|31|18|10|3,0.1082|0.1036|0.0693|0.0584|0.0576,
unit_004935,HongKong,8,8,176.2,18,1.9091,0.0,0.0,0.5,22.34887,114.065654,18|10|1|7|16,0.0913|0.0903|0.0269|0.0269|0.0233,
unit_004936,HongKong,8,8,176.2,18,2.1046,0.0,0.0,0.5,22.349413,114.067621,18|10|16|7|2,0.1115|0.0788|0.0460|0.0409|0.0248,
unit_004937,HongKong,24,24,578.9,18,1.9936,1e-05,0.0,0.5,22.35074,114.07243,18|10|7|16|1,0.0916|0.0867|0.0345|0.0345|0.0194,
unit_004938,HongKong,8,8,176.2,18,1.713,0.0,0.0,0.5,22.351886,114.076584,18|10|7|23|16,0.0852|0.0778|0.0281|0.0214|0.0191,
unit_004939,HongKong,7,7,151.0,18,1.8196,0.0,0.0,0.5,22.352585,114.079096,18|10|7|16|23,0.0910|0.0889|0.0375|0.0291|0.0210,
unit_004940,HongKong,21,21,409.2,18,2.1736,0.0,0.1711,0.5427,22.353671,114.082503,18|10|16|2|13,0.1374|0.0682|0.0468|0.0462|0.0305,
unit_004941,HongKong,8,8,182.3,18,2.3724,0.0,0.0,0.5,22.341225,114.050306,18|16|10|14|2,0.1148|0.0847|0.0399|0.0367|0.0326,
unit_004942,HongKong,7,7,150.8,18,1.8149,0.0,0.0,0.5,22.344136,114.055324,18|10|23|7|16,0.1119|0.0770|0.0403|0.0274|0.0213,
unit_004943,HongKong,8,8,175.9,18,2.1334,0.0,0.0,0.5,22.34531,114.057126,18|10|2|16|7,0.1354|0.0646|0.0381|0.0364|0.0361,
unit_004944,HongKong,21,22,502.6,18,2.2614,1e-05,0.0,0.5,22.347056,114.060159,18|10|23|16|21,0.1542|0.0554|0.0469|0.0331|0.0251,
unit_004945,HongKong,8,8,175.9,18,1.9091,0.0,0.0,0.5,22.348854,114.065627,18|10|1|7|16,0.0913|0.0903|0.0269|0.0269|0.0233,
unit_004946,HongKong,8,8,175.9,18,2.1046,0.0,0.0,0.5,22.349402,114.06759,18|10|16|7|2,0.1115|0.0788|0.0460|0.0409|0.0248,
unit_004947,HongKong,16,16,377.0,18,1.8667,0.0,0.0,0.5,22.350497,114.071515,18|10|7|16|23,0.0921|0.0894|0.0341|0.0246|0.0204,
unit_004948,HongKong,8,8,175.9,18,2.0919,0.0,0.0,0.5,22.351287,114.07435,18|10|16|7|2,0.0906|0.0813|0.0541|0.0353|0.0228,
unit_004949,HongKong,7,7,150.8,18,1.713,0.0,0.0,0.5,22.351926,114.07664,18|10|7|23|16,0.0852|0.0778|0.0281|0.0214|0.0191,
unit_004950,HongKong,8,8,175.9,18,1.8196,0.0,0.0,0.5,22.352625,114.079148,18|10|7|16|23,0.0910|0.0889|0.0375|0.0291|0.0210,
unit_004951,HongKong,8,8,175.9,18,2.1736,0.0,0.0,0.5,22.35353,114.082421,18|10|16|2|13,0.1374|0.0682|0.0468|0.0462|0.0305,
unit_004952,HongKong,25,27,559.1,31,2.4806,1e-05,0.0,0.5,22.348293,114.103041,31|27|22|10|16,0.1258|0.0696|0.0690|0.0681|0.0634,
unit_004953,HongKong,4,4,76.2,14,1.6228,0.0,0.0,0.5,22.347,114.107921,14|18|16|23|21,0.1605|0.0595|0.0308|0.0256|0.0157,
unit_004954,HongKong,8,8,177.8,1,2.4473,0.0,0.0,0.5,22.345005,114.107984,1|21|3|31|23,0.1076|0.1042|0.0693|0.0584|0.0517,
unit_004955,HongKong,11,19,250.8,18,2.2376,2e-05,0.0,0.5,22.302006,113.975954,18|2|3|16|10,0.1404|0.0771|0.0499|0.0422|0.0315,
unit_004956,HongKong,10,20,229.1,18,2.2674,2e-05,0.0,0.5,22.301807,113.975972,18|2|3|16|22,0.1414|0.0775|0.0525|0.0458|0.0347,
unit_004957,HongKong,11,22,254.6,18,2.3307,3e-05,0.0,0.5,22.304107,113.980069,18|16|23|21|22,0.1455|0.0980|0.0576|0.0515|0.0513,
unit_004958,HongKong,8,8,180.4,1,2.4876,0.0,0.0,0.5,22.255777,114.13558,1|18|27|10|31,0.0856|0.0815|0.0788|0.0786|0.0675,
unit_004959,HongKong,10,15,226.1,18,2.4879,2e-05,0.0,0.5,22.314337,113.996211,18|21|3|16|22,0.1119|0.0971|0.0718|0.0704|0.0620,
unit_004960,HongKong,7,7,150.7,18,2.4728,0.0,0.0,0.5,22.31225,113.993992,18|16|22|2|14,0.1339|0.0610|0.0525|0.0487|0.0477,
unit_004961,HongKong,13,16,301.5,18,2.4323,4e-05,0.0,0.5,22.310799,113.991701,18|16|21|31|22,0.1193|0.0983|0.0626|0.0605|0.0537,
unit_004962,HongKong,8,9,180.7,13,2.2505,1e-05,0.12185,0.5304,22.269626,113.933209,13|10|2|3|23,0.0863|0.0739|0.0661|0.0599|0.0440,
unit_004963,HongKong,8,8,179.5,22,2.2553,0.0,0.0,0.5,22.261105,113.996279,22|21|27|16|10,0.1624|0.0718|0.0580|0.0483|0.0349,
unit_004965,HongKong,32,40,662.1,22,2.3069,7e-05,0.0,0.5,22.238689,113.987066,22|16|31|23|7,0.1745|0.0633|0.0574|0.0449|0.0429,
unit_004966,HongKong,10,10,204.6,3,2.2671,0.0,0.0,0.5,22.273926,113.932389,3|13|21|23|1,0.0694|0.0616|0.0401|0.0395|0.0379,
unit_004967,HongKong,26,28,451.5,31,2.4798,0.0,0.10612,0.5265,22.2787,113.935994,31|7|16|3|10,0.1070|0.0854|0.0800|0.0643|0.0636,
unit_004968,HongKong,18,18,398.5,18,2.3961,0.0,0.0,0.5,22.342004,114.108612,18|31|1|3|27,0.1120|0.1032|0.0856|0.0547|0.0458,
unit_004969,HongKong,5,5,102.3,18,2.2797,0.0,0.0,0.5,22.347837,114.11186,18|10|31|16|14,0.1541|0.0775|0.0568|0.0497|0.0372,
unit_004970,HongKong,24,44,465.6,27,2.2197,1e-05,0.0,0.5,22.34659,114.141707,27|23|2|22|16,0.1218|0.0926|0.0837|0.0819|0.0761,
unit_004971,HongKong,16,30,350.6,27,2.4051,6e-05,0.0,0.5,22.347062,114.141533,27|22|23|2|31,0.1051|0.0846|0.0767|0.0718|0.0603,
unit_004972,HongKong,15,16,350.1,18,2.505,2e-05,0.0,0.5,22.344726,114.145475,18|16|21|2|23,0.1149|0.0777|0.0747|0.0588|0.0583,
unit_004973,HongKong,7,7,150.0,14,1.6793,0.0,0.0,0.5,22.347319,114.148839,14|18|16|23|21,0.1582|0.0693|0.0384|0.0256|0.0177,
unit_004974,HongKong,8,8,175.1,14,1.744,0.0,0.0,0.5,22.348052,114.15155,14|18|16|23|2,0.1601|0.0655|0.0417|0.0280|0.0178,
unit_004975,HongKong,7,7,150.0,14,1.6021,0.0,0.0,0.5,22.348873,114.154003,14|18|16|23|31,0.1578|0.0699|0.0327|0.0266|0.0137,
unit_004976,HongKong,8,8,175.1,14,1.6629,0.0,0.0,0.5,22.350102,114.156278,14|18|16|23|2,0.1572|0.0633|0.0276|0.0270|0.0107,
unit_004977,HongKong,7,7,150.0,14,1.5341,0.0,0.0,0.5,22.352863,114.159376,14|18|23|21|16,0.1703|0.0622|0.0306|0.0258|0.0228,
unit_004978,HongKong,8,8,175.1,14,1.5671,0.0,0.0,0.5,22.354804,114.16072,14|18|21|23|16,0.1625|0.0695|0.0273|0.0253|0.0169,
unit_004979,HongKong,9,14,200.1,14,1.7278,0.0,0.0,0.5,22.356689,114.161733,14|18|23|21|2,0.1668|0.0637|0.0313|0.0294|0.0169,
unit_004980,HongKong,6,6,125.0,21,2.4487,0.0,0.0,0.5,22.358837,114.162705,21|3|2|16|23,0.0849|0.0717|0.0701|0.0676|0.0655,
unit_004981,HongKong,11,13,250.1,16,2.51,6e-05,0.0,0.5,22.364015,114.16501,16|18|22|23|31,0.1032|0.0897|0.0644|0.0634|0.0613,
unit_004982,HongKong,8,8,175.1,16,2.3897,0.0,0.1396,0.5348,22.365937,114.168126,16|22|31|23|10,0.1079|0.0976|0.0889|0.0660|0.0504,
unit_004983,HongKong,5,5,100.0,22,2.513,0.0,0.1396,0.5348,22.366433,114.169503,22|23|21|27|31,0.1037|0.0869|0.0792|0.0647|0.0624,
unit_004984,HongKong,8,8,176.3,18,2.3026,0.0,0.0,0.5,22.324805,114.135446,18|2|16|14|3,0.1075|0.1042|0.0604|0.0556|0.0419,
unit_004985,HongKong,8,8,177.0,18,2.3026,0.0,0.0,0.5,22.324921,114.135337,18|2|16|14|3,0.1075|0.1042|0.0604|0.0556|0.0419,
unit_004986,HongKong,8,8,177.0,18,2.1396,0.0,0.0,0.5,22.323754,114.133651,18|2|14|16|13,0.1281|0.0975|0.0469|0.0373|0.0270,
unit_004987,HongKong,8,8,177.0,18,2.2355,0.0,0.0,0.5,22.322325,114.131594,18|10|16|2|3,0.1181|0.0617|0.0437|0.0428|0.0394,
unit_004988,HongKong,8,9,175.6,31,2.3812,1e-05,0.12588,0.5314,22.319436,114.041425,31|22|16|27|2,0.0955|0.0635|0.0590|0.0556|0.0536,
unit_004989,HongKong,4,4,75.2,3,2.1441,0.0,0.12588,0.5314,22.319034,114.042702,3|31|22|16|1,0.1160|0.1013|0.0792|0.0529|0.0521,
unit_004990,HongKong,7,8,156.4,18,2.3187,1e-05,0.09817,0.5245,22.337593,114.132591,18|21|3|13|2,0.1151|0.0615|0.0522|0.0501|0.0442,
unit_004991,HongKong,6,7,130.3,18,2.4896,0.0,0.09817,0.5245,22.336387,114.13352,18|22|31|16|2,0.1229|0.0933|0.0833|0.0690|0.0611,
unit_004992,HongKong,7,8,150.5,18,2.2999,0.0,0.11505,0.5287,22.337735,114.132685,18|21|3|13|2,0.1137|0.0611|0.0519|0.0501|0.0434,
unit_004993,HongKong,7,8,150.5,18,2.4907,0.0,0.11505,0.5287,22.33666,114.13379,18|22|31|16|2,0.1236|0.0927|0.0831|0.0689|0.0613,
unit_004994,HongKong,21,24,500.8,18,2.18,1e-05,0.0,0.5,22.306039,113.965573,18|10|16|23|14,0.1531|0.0675|0.0474|0.0357|0.0320,
unit_004995,HongKong,15,20,304.1,18,2.1578,1e-05,0.0,0.5,22.308576,113.961304,18|10|23|16|3,0.1491|0.0777|0.0501|0.0433|0.0292,
unit_004996,HongKong,8,8,175.6,18,2.1324,0.0,0.0,0.5,22.312207,113.95807,18|10|16|7|23,0.1569|0.0706|0.0396|0.0291|0.0287,
unit_004997,HongKong,10,17,225.7,18,2.2767,5e-05,0.0,0.5,22.312029,113.953935,18|2|14|16|3,0.1520|0.0857|0.0511|0.0461|0.0375,
unit_004998,HongKong,33,37,717.3,18,2.2312,1e-05,0.0,0.5,22.313319,113.950798,18|2|16|14|3,0.1475|0.0721|0.0639|0.0444|0.0438,
unit_004999,HongKong,16,17,332.9,18,2.1805,1e-05,0.0,0.5,22.311552,113.958428,18|10|16|2|3,0.1552|0.0733|0.0391|0.0353|0.0304,
unit_005000,HongKong,7,9,150.3,7,2.3729,0.0,0.07348,0.5184,22.266906,113.990972,7|3|22|13|31,0.1083|0.0846|0.0578|0.0534|0.0501,
unit_005001,HongKong,7,8,150.3,22,2.3707,0.0,0.07348,0.5184,22.265641,113.990331,22|21|10|7|3,0.0859|0.0706|0.0498|0.0413|0.0359,
unit_005002,HongKong,5,5,100.2,7,2.2512,0.0,0.0,0.5,22.263851,113.990992,7|31|3|22|13,0.0880|0.0646|0.0642|0.0549|0.0512,
unit_005003,HongKong,19,29,402.5,18,2.159,0.0,0.0,0.5,22.30868,113.961388,18|10|23|16|14,0.1501|0.0783|0.0503|0.0435|0.0293,
unit_005004,HongKong,7,9,153.7,18,2.3611,0.0,0.08031,0.5201,22.344173,114.092359,18|10|16|23|2,0.1641|0.0564|0.0496|0.0438|0.0374,
unit_005006,HongKong,9,13,203.5,18,2.436,6e-05,0.0,0.5,22.344507,114.092313,18|16|10|2|27,0.1475|0.0643|0.0458|0.0452|0.0428,
unit_005007,HongKong,8,8,178.1,18,2.4601,0.0,0.0,0.5,22.347095,114.088187,18|3|21|16|10,0.1173|0.0679|0.0666|0.0656|0.0611,
unit_005008,HongKong,9,14,201.4,18,2.4527,6e-05,0.0,0.5,22.344689,114.092357,18|16|2|27|10,0.1412|0.0697|0.0481|0.0448|0.0418,
unit_005009,HongKong,7,7,151.0,18,2.3251,0.0,0.0,0.5,22.343436,114.094244,18|10|16|23|3,0.1404|0.0757|0.0635|0.0463|0.0423,
unit_005010,HongKong,24,24,578.9,14,1.6672,0.0,0.0,0.5,22.33994,114.099405,14|18|16|23|21,0.1625|0.0635|0.0300|0.0298|0.0159,
unit_005011,HongKong,7,7,151.0,14,1.6861,0.0,0.0,0.5,22.337401,114.103025,14|18|23|16|21,0.1661|0.0702|0.0355|0.0325|0.0211,
unit_005012,HongKong,7,7,151.0,14,1.6544,0.0,0.0,0.5,22.336359,114.104509,14|18|23|16|2,0.1650|0.0638|0.0315|0.0292|0.0207,
unit_005013,HongKong,3,3,50.3,2,2.5398,0.0,0.0,0.5,22.334933,114.106556,2|14|16|18|23,0.0855|0.0656|0.0645|0.0613|0.0509,
unit_005014,HongKong,9,15,201.6,18,2.5167,4e-05,0.0,0.5,22.293221,113.953504,18|21|16|31|14,0.1031|0.0976|0.0899|0.0671|0.0642,
unit_005015,HongKong,10,16,226.8,18,2.5058,1e-05,0.0,0.5,22.29573,113.956848,18|16|31|14|21,0.1017|0.0998|0.0627|0.0553|0.0518,
unit_005016,HongKong,6,7,126.0,16,2.382,0.0,0.06815,0.517,22.297382,113.961538,16|31|22|10|21,0.1264|0.0877|0.0756|0.0509|0.0463,
unit_005017,HongKong,7,8,151.2,16,2.4319,1e-05,0.06815,0.517,22.297705,113.962978,16|18|31|14|27,0.1206|0.0920|0.0717|0.0452|0.0448,
unit_005018,HongKong,16,16,327.0,16,2.4347,0.0,0.0,0.5,22.298206,113.965087,16|18|2|14|3,0.1006|0.0908|0.0644|0.0561|0.0481,
unit_005019,HongKong,13,16,301.1,18,2.4507,3e-05,0.0,0.5,22.307739,113.98586,18|16|10|3|23,0.1221|0.0790|0.0672|0.0507|0.0499,
unit_005020,HongKong,8,8,175.7,18,2.4519,0.0,0.0,0.5,22.309295,113.988484,18|3|16|23|22,0.1330|0.0761|0.0696|0.0550|0.0507,
unit_005021,HongKong,13,16,301.1,18,2.4318,4e-05,0.0,0.5,22.311037,113.991525,18|16|21|31|22,0.1193|0.0985|0.0628|0.0606|0.0535,
unit_005022,HongKong,8,8,175.7,18,2.4728,0.0,0.0,0.5,22.312569,113.993895,18|16|22|2|14,0.1339|0.0610|0.0525|0.0487|0.0477,
unit_005023,HongKong,10,16,225.8,18,2.492,2e-05,0.0,0.5,22.314587,113.996019,18|21|3|16|22,0.1142|0.0967|0.0713|0.0698|0.0604,
unit_005024,HongKong,6,8,125.5,18,2.5084,0.0,0.07134,0.5178,22.317177,113.997829,18|21|3|22|23,0.1180|0.1022|0.0800|0.0557|0.0537,
unit_005025,HongKong,6,7,125.5,21,2.3702,0.0,0.07134,0.5178,22.318265,113.998635,21|16|22|18|7,0.1222|0.0970|0.0575|0.0541|0.0508,
unit_005026,HongKong,8,8,175.7,18,2.4368,0.0,0.0,0.5,22.319502,113.999947,18|16|21|3|23,0.1189|0.0850|0.0732|0.0623|0.0534,
unit_005027,HongKong,10,16,225.8,18,2.4726,1e-05,0.0,0.5,22.32098,114.002475,18|16|3|7|31,0.1129|0.0889|0.0688|0.0619|0.0614,
unit_005028,HongKong,14,22,326.2,16,2.483,0.00019,0.0,0.5,22.322464,114.005774,16|22|31|18|21,0.1057|0.0768|0.0726|0.0578|0.0512,
unit_005029,HongKong,13,16,301.1,18,2.3975,1e-05,0.0,0.5,22.324456,114.01045,18|16|23|3|31,0.1326|0.0906|0.0605|0.0568|0.0494,
unit_005030,HongKong,7,7,150.6,16,2.3102,0.0,0.0,0.5,22.325085,114.01308,16|27|23|31|10,0.0981|0.0787|0.0609|0.0530|0.0512,
unit_005031,HongKong,8,8,175.7,16,2.3976,0.0,0.0,0.5,22.325009,114.017703,16|18|31|23|7,0.1202|0.0855|0.0674|0.0536|0.0402,
unit_005032,HongKong,10,16,225.8,18,2.408,1e-05,0.0,0.5,22.325651,114.021915,18|16|3|10|31,0.1251|0.0947|0.0623|0.0615|0.0532,
unit_005033,HongKong,8,8,175.7,18,2.4141,0.0,0.0,0.5,22.327047,114.024479,18|16|21|23|10,0.1146|0.0944|0.0675|0.0618|0.0520,
unit_005034,HongKong,8,8,176.9,22,2.4347,0.0,0.10059,0.5251,22.236343,113.962242,22|21|31|7|16,0.1492|0.0925|0.0907|0.0663|0.0582,
unit_005039,HongKong,8,8,177.1,7,2.3745,0.0,0.08961,0.5224,22.25846,114.138708,7|1|31|21|27,0.1032|0.0946|0.0818|0.0758|0.0508,
unit_005040,HongKong,13,15,303.6,21,2.48,1e-05,0.08961,0.5224,22.256472,114.139769,21|1|7|10|27,0.1007|0.0867|0.0738|0.0563|0.0546,
unit_005041,HongKong,5,5,101.0,18,2.4627,0.0,0.05855,0.5146,22.298936,113.96782,18|16|2|22|27,0.0918|0.0741|0.0643|0.0641|0.0437,
unit_005042,HongKong,15,17,353.6,18,2.2851,1e-05,0.05855,0.5146,22.300394,113.969461,18|10|3|2|23,0.1555|0.0579|0.0471|0.0453|0.0383,
unit_005043,HongKong,8,8,176.8,18,2.2115,0.0,0.0,0.5,22.303506,113.969429,18|10|14|3|2,0.1571|0.0639|0.0373|0.0371|0.0356,
unit_005044,HongKong,7,8,150.3,18,2.4726,1e-05,0.09853,0.5246,22.298837,113.968052,18|16|2|22|27,0.0972|0.0730|0.0650|0.0639|0.0436,
unit_005045,HongKong,4,4,75.1,18,2.2871,0.0,0.09853,0.5246,22.299108,113.969263,18|10|2|3|23,0.1568|0.0604|0.0501|0.0457|0.0406,
unit_005046,HongKong,7,7,150.3,18,2.4471,0.0,0.0,0.5,22.299555,113.970894,18|16|3|23|2,0.1043|0.0761|0.0740|0.0538|0.0500,
unit_005047,HongKong,25,31,574.6,18,2.223,1e-05,0.0,0.5,22.313562,113.950754,18|2|16|14|3,0.1478|0.0715|0.0643|0.0446|0.0432,
unit_005048,HongKong,15,24,318.1,18,2.2676,5e-05,0.0,0.5,22.312166,113.954009,18|2|14|16|3,0.1520|0.0890|0.0536|0.0476|0.0377,
unit_005049,HongKong,26,26,508.3,22,2.4503,0.0,0.07578,0.5189,22.234936,113.94891,22|21|31|7|13,0.0964|0.0741|0.0695|0.0652|0.0593,
unit_005050,HongKong,34,34,739.1,7,2.3096,0.0,0.0,0.5,22.236771,113.948834,7|31|27|13|22,0.1199|0.0930|0.0650|0.0569|0.0548,
unit_005051,HongKong,7,7,152.0,22,2.4725,0.0,0.07578,0.5189,22.233974,113.947548,22|31|10|7|16,0.1149|0.0675|0.0536|0.0488|0.0435,
unit_005052,HongKong,16,16,380.0,22,2.4033,2e-05,0.0,0.5,22.232448,113.944888,22|27|31|23|16,0.1039|0.0911|0.0808|0.0717|0.0592,
unit_005053,HongKong,8,8,177.3,22,2.3963,0.0,0.0,0.5,22.231371,113.94213,22|31|23|7|27,0.1118|0.0933|0.0555|0.0554|0.0541,
unit_005054,HongKong,8,8,177.3,22,2.5248,0.0,0.0,0.5,22.230339,113.940372,22|31|27|13|7,0.1168|0.0928|0.0793|0.0641|0.0641,
unit_005055,HongKong,8,8,177.3,22,2.3569,0.0,0.0,0.5,22.229155,113.938295,22|31|27|16|3,0.1127|0.0839|0.0816|0.0764|0.0629,
unit_005056,HongKong,24,32,466.1,22,2.3023,0.0,0.19946,0.5497,22.228538,113.934319,22|31|27|16|2,0.1288|0.0889|0.0703|0.0670|0.0568,
unit_005057,HongKong,8,8,179.8,22,2.2698,0.0,0.0,0.5,22.236342,113.953027,22|31|16|7|21,0.1542|0.0857|0.0844|0.0423|0.0339,
unit_005058,HongKong,8,8,179.8,22,2.438,0.0,0.09703,0.5242,22.236557,113.955379,22|31|23|21|16,0.1318|0.0810|0.0715|0.0564|0.0554,
unit_005059,HongKong,15,17,288.3,7,2.4757,0.0,0.12866,0.5321,22.22784,113.933036,7|3|22|16|10,0.0944|0.0849|0.0627|0.0595|0.0551,
unit_005060,HongKong,19,19,368.1,7,2.4227,0.0,0.05785,0.5145,22.227428,113.9316,7|3|31|13|22,0.1111|0.0874|0.0771|0.0727|0.0483,
unit_005061,HongKong,8,8,177.3,22,2.3569,0.0,0.0,0.5,22.229155,113.938295,22|31|27|16|3,0.1127|0.0839|0.0816|0.0764|0.0629,
unit_005062,HongKong,8,8,177.3,22,2.5248,0.0,0.0,0.5,22.230339,113.940372,22|31|27|13|7,0.1168|0.0928|0.0793|0.0641|0.0641,
unit_005063,HongKong,8,8,177.3,22,2.3963,0.0,0.0,0.5,22.231371,113.94213,22|31|23|7|27,0.1118|0.0933|0.0555|0.0554|0.0541,
unit_005064,HongKong,16,16,380.0,22,2.4033,2e-05,0.0,0.5,22.232448,113.944888,22|27|31|23|16,0.1039|0.0911|0.0808|0.0717|0.0592,
unit_005065,HongKong,7,7,152.0,22,2.4725,0.0,0.07578,0.5189,22.233974,113.947548,22|31|10|7|16,0.1149|0.0675|0.0536|0.0488|0.0435,
unit_005066,HongKong,10,15,230.8,22,2.2484,3e-05,0.07066,0.5177,22.229698,113.928213,22|16|31|23|7,0.1498|0.0917|0.0841|0.0622|0.0488,
unit_005067,HongKong,15,16,355.5,22,2.3991,8e-05,0.10151,0.5253,22.221737,113.918504,22|31|16|7|3,0.1386|0.0815|0.0592|0.0539|0.0464,
unit_005068,HongKong,8,8,177.7,22,2.3344,0.0,0.10151,0.5254,22.22336,113.920434,22|21|16|31|7,0.1756|0.0726|0.0649|0.0443|0.0434,
unit_005069,HongKong,8,8,177.7,27,2.3008,0.0,0.0,0.5,22.225239,113.921689,27|23|22|21|2,0.1137|0.0873|0.0842|0.0743|0.0549,
unit_005070,HongKong,8,8,177.7,22,2.2473,0.0,0.0,0.5,22.226679,113.923113,22|31|16|23|3,0.1509|0.0920|0.0802|0.0551|0.0320,
unit_005071,HongKong,8,8,177.7,22,2.4348,0.0,0.0,0.5,22.226204,113.926592,22|16|31|27|7,0.1648|0.0601|0.0588|0.0568|0.0471,
unit_005072,HongKong,14,16,328.7,22,2.3329,9e-05,0.0,0.5,22.225544,113.905217,22|27|21|16|31,0.1509|0.0756|0.0628|0.0598|0.0592,
unit_005073,HongKong,7,7,151.7,22,2.3683,0.0,0.0,0.5,22.226035,113.902549,22|31|16|23|10,0.1751|0.0768|0.0539|0.0489|0.0414,
unit_005074,HongKong,8,8,177.0,22,2.324,0.0,0.0,0.5,22.226095,113.900068,22|31|23|16|18,0.1275|0.0954|0.0834|0.0577|0.0568,
unit_005075,HongKong,7,7,159.5,22,2.2269,0.0,0.0,0.5,22.223398,113.908588,22|16|31|23|27,0.1607|0.0908|0.0680|0.0477|0.0462,
unit_005076,HongKong,10,10,229.7,22,2.2269,0.0,0.0,0.5,22.223203,113.908184,22|16|31|23|27,0.1607|0.0908|0.0680|0.0477|0.0462,
unit_005077,HongKong,8,8,175.0,16,2.2805,0.0,0.0,0.5,22.246336,113.889439,16|22|31|23|2,0.1210|0.1011|0.0858|0.0767|0.0523,
unit_005078,HongKong,13,20,300.0,22,2.3051,7e-05,0.0,0.5,22.245686,113.885508,22|16|23|31|21,0.1692|0.0713|0.0556|0.0553|0.0490,
unit_005079,HongKong,15,18,350.0,22,2.4002,0.0001,0.0,0.5,22.243251,113.8835,22|21|23|27|18,0.1505|0.0881|0.0670|0.0515|0.0436,
unit_005080,HongKong,8,8,175.0,22,2.3931,0.0,0.10836,0.5271,22.241047,113.880992,22|31|10|16|18,0.1350|0.0887|0.0707|0.0553|0.0519,
unit_005081,HongKong,8,8,175.0,22,2.3348,0.0,0.10836,0.5271,22.241631,113.879482,22|31|23|2|21,0.1410|0.0798|0.0753|0.0564|0.0471,
unit_005082,HongKong,8,8,175.0,22,2.2895,0.0,0.0,0.5,22.243156,113.878235,22|23|27|2|21,0.1194|0.0919|0.0786|0.0660|0.0575,
unit_005083,HongKong,8,8,175.0,22,2.3642,0.0,0.0,0.5,22.244006,113.87576,22|31|23|16|3,0.1326|0.0771|0.0687|0.0652|0.0638,
unit_005084,HongKong,9,16,200.0,22,2.3883,1e-05,0.0,0.5,22.245666,113.873491,22|27|21|16|23,0.1678|0.1106|0.0690|0.0474|0.0435,
unit_005085,HongKong,8,8,175.0,22,2.5611,0.0,0.11974,0.5299,22.247888,113.872196,22|23|16|10|27,0.0968|0.0648|0.0616|0.0566|0.0564,
unit_005086,HongKong,8,8,175.0,22,2.3643,0.0,0.11974,0.5299,22.249052,113.870864,22|27|16|31|14,0.1348|0.0891|0.0808|0.0442|0.0335,
unit_005087,HongKong,13,16,300.0,22,2.4714,4e-05,0.0,0.5,22.250864,113.869076,22|3|10|23|21,0.1296|0.0766|0.0667|0.0633|0.0559,
unit_005088,HongKong,12,19,278.3,22,2.2844,3e-05,0.0,0.5,22.274636,114.144339,22|31|27|16|23,0.1514|0.0665|0.0630|0.0441|0.0413,
unit_005089,HongKong,16,19,379.6,22,2.3059,7e-05,0.0,0.5,22.274626,114.147037,22|27|31|16|21,0.1650|0.0566|0.0538|0.0512|0.0421,
unit_005090,HongKong,8,8,177.1,27,2.4765,0.0,0.0,0.5,22.272179,114.147756,27|21|31|7|22,0.0871|0.0846|0.0742|0.0693|0.0652,
unit_005091,HongKong,8,15,189.9,16,2.4355,2e-05,0.05554,0.5139,22.319775,114.129219,16|13|2|3|1,0.0947|0.0686|0.0654|0.0559|0.0542,
unit_005092,HongKong,8,14,183.4,16,2.437,2e-05,0.14585,0.5364,22.31987,114.129229,16|13|2|3|1,0.0936|0.0690|0.0663|0.0557|0.0539,
unit_005093,HongKong,3,3,50.4,1,2.2304,0.0,0.0,0.5,22.285955,114.159447,1|3|31|16|10,0.1104|0.0939|0.0586|0.0509|0.0487,
unit_005094,HongKong,15,16,352.7,14,1.6249,0.0,0.0,0.5,22.284459,114.161989,14|18|16|23|21,0.1650|0.0512|0.0310|0.0262|0.0136,
unit_005095,HongKong,8,8,176.4,14,1.736,0.0,0.0,0.5,22.282922,114.16539,14|18|16|23|2,0.1577|0.0525|0.0388|0.0203|0.0176,
unit_005096,HongKong,8,8,176.4,14,1.6739,0.0,0.0,0.5,22.282502,114.167385,14|16|18|23|2,0.1510|0.0434|0.0428|0.0221|0.0180,
unit_005097,HongKong,8,8,179.3,31,2.4616,0.0,0.0,0.5,22.344247,114.148808,31|27|22|23|16,0.0916|0.0844|0.0680|0.0607|0.0543,
unit_005099,HongKong,6,6,125.3,18,2.4533,0.0,0.14817,0.537,22.342199,114.156949,18|2|14|16|27,0.0909|0.0795|0.0689|0.0681|0.0669,
unit_005101,HongKong,12,12,189.2,1,2.2647,0.0,0.0,0.5,22.332155,114.147903,1|31|3|21|13,0.0994|0.0621|0.0615|0.0348|0.0301,
unit_005103,HongKong,8,8,179.8,22,2.438,0.0,0.09703,0.5242,22.236557,113.955379,22|31|23|21|16,0.1318|0.0810|0.0715|0.0564|0.0554,
unit_005104,HongKong,8,8,179.8,22,2.2698,0.0,0.0,0.5,22.236342,113.953027,22|31|16|7|21,0.1542|0.0857|0.0844|0.0423|0.0339,
unit_005105,HongKong,17,18,404.6,22,2.2055,2e-05,0.09741,0.5243,22.238137,113.982417,22|27|23|14|2,0.1098|0.1036|0.0368|0.0361|0.0358,
unit_005106,HongKong,7,9,151.7,13,2.3795,1e-05,0.09741,0.5243,22.236492,113.98226,13|22|31|7|27,0.0943|0.0909|0.0727|0.0501|0.0324,
unit_005107,HongKong,8,8,177.0,22,2.2586,0.0,0.0,0.5,22.237388,113.984298,22|31|16|7|23,0.1474|0.0792|0.0745|0.0689|0.0425,
unit_005108,HongKong,11,16,250.3,22,2.4097,4e-05,0.0,0.5,22.247983,113.98223,22|16|31|23|3,0.1587|0.0765|0.0669|0.0546|0.0490,
unit_005109,HongKong,9,9,200.2,22,2.3889,0.0,0.0,0.5,22.250009,113.983698,22|23|21|27|3,0.1279|0.1050|0.0763|0.0651|0.0552,
unit_005110,HongKong,7,7,150.2,22,2.4075,0.0,0.0,0.5,22.252157,113.985034,22|31|16|23|3,0.1450|0.0773|0.0693|0.0689|0.0391,
unit_005111,HongKong,14,17,325.3,22,2.3752,5e-05,0.0,0.5,22.254465,113.98546,22|21|23|27|2,0.1398|0.1106|0.0616|0.0554|0.0422,
unit_005112,HongKong,10,16,225.2,22,2.3094,8e-05,0.09594,0.5239,22.256432,113.989301,22|21|16|27|31,0.1563|0.0714|0.0694|0.0562|0.0544,
unit_005113,HongKong,8,8,175.2,22,2.2981,0.0,0.09594,0.524,22.257398,113.990927,22|23|31|16|27,0.1212|0.0697|0.0696|0.0665|0.0563,
unit_005114,HongKong,18,20,331.6,22,2.2203,0.0,0.06638,0.5166,22.238979,113.98953,22|7|31|16|21,0.1231|0.0943|0.0935|0.0653|0.0468,
unit_005115,HongKong,7,8,156.2,7,2.2654,1e-05,0.06638,0.5166,22.238746,113.990931,7|22|3|31|13,0.1107|0.0637|0.0573|0.0409|0.0362,
unit_005117,HongKong,24,44,532.0,22,2.3468,2e-05,0.0,0.5,22.252141,113.887345,22|23|27|31|13,0.1380|0.0806|0.0676|0.0556|0.0538,
unit_005118,HongKong,9,9,208.7,22,2.1476,0.0,0.0,0.5,22.251443,113.890141,22|31|16|23|27,0.1563|0.0554|0.0437|0.0326|0.0322,
unit_005119,HongKong,8,8,175.4,18,2.2377,0.0,0.0,0.5,22.336764,114.036415,18|10|16|23|31,0.1457|0.0753|0.0681|0.0553|0.0319,
unit_005120,HongKong,7,7,150.3,18,2.3367,0.0,0.0,0.5,22.337504,114.039364,18|16|23|3|10,0.1042|0.0918|0.0641|0.0555|0.0514,
unit_005121,HongKong,8,8,175.4,18,2.3344,0.0,0.0,0.5,22.338518,114.041503,18|10|16|3|2,0.1137|0.0626|0.0601|0.0601|0.0585,
unit_005122,HongKong,14,30,325.7,18,2.4512,5e-05,0.0,0.5,22.339942,114.044323,18|16|3|23|21,0.1071|0.0947|0.0582|0.0551|0.0461,
unit_005123,HongKong,10,10,179.5,18,2.1324,0.0,0.0,0.5,22.312287,113.95798,18|10|16|7|23,0.1569|0.0706|0.0396|0.0291|0.0287,
unit_005124,HongKong,20,31,392.1,18,2.2875,5e-05,0.0,0.5,22.311969,113.953739,18|2|14|16|10,0.1538|0.0815|0.0478|0.0444|0.0439,
unit_005125,HongKong,19,22,376.4,18,2.2257,1e-05,0.0,0.5,22.314061,113.950879,18|2|16|14|3,0.1482|0.0720|0.0643|0.0447|0.0436,
unit_005126,HongKong,12,18,235.4,18,2.2539,5e-05,0.0,0.5,22.311974,113.954203,18|2|14|16|3,0.1490|0.0909|0.0554|0.0483|0.0372,
unit_005127,HongKong,19,21,412.7,18,2.2408,1e-05,0.0,0.5,22.313647,113.951123,18|2|16|3|14,0.1475|0.0732|0.0633|0.0448|0.0441,
unit_005128,HongKong,3,3,50.6,18,2.29,0.0,0.0,0.5,22.312787,113.953416,18|10|2|3|16,0.1567|0.0766|0.0606|0.0370|0.0355,
unit_005129,HongKong,21,24,502.6,18,2.1809,1e-05,0.0,0.5,22.306142,113.965588,18|10|16|23|14,0.1529|0.0676|0.0475|0.0358|0.0319,
unit_005130,HongKong,14,15,329.2,18,2.2368,3e-05,0.0,0.5,22.30337,113.970352,18|2|14|10|21,0.1584|0.0563|0.0488|0.0485|0.0291,
unit_005131,HongKong,8,8,177.3,18,2.4471,0.0,0.0,0.5,22.299539,113.970809,18|16|3|23|2,0.1043|0.0761|0.0740|0.0538|0.0500,
unit_005132,HongKong,8,8,177.3,18,2.4627,0.0,0.0,0.5,22.29843,113.968161,18|16|2|22|27,0.0918|0.0741|0.0643|0.0641|0.0437,
unit_005133,HongKong,8,8,177.3,16,2.4347,0.0,0.0,0.5,22.297947,113.96524,16|18|2|14|3,0.1006|0.0908|0.0644|0.0561|0.0481,
unit_005134,HongKong,7,8,152.0,16,2.4251,0.0,0.09006,0.5225,22.297493,113.963121,16|18|31|14|27,0.1195|0.0930|0.0706|0.0457|0.0454,
unit_005135,HongKong,15,16,354.1,18,2.2372,3e-05,0.0,0.5,22.303399,113.970294,18|2|10|14|21,0.1583|0.0550|0.0495|0.0481|0.0290,
unit_005136,HongKong,9,17,202.3,18,2.2095,1e-05,0.0,0.5,22.302187,113.975955,18|2|3|16|10,0.1411|0.0783|0.0485|0.0389|0.0344,
unit_005137,HongKong,11,21,252.9,18,2.3368,4e-05,0.0,0.5,22.304391,113.979919,18|16|3|23|2,0.1576|0.0732|0.0565|0.0542|0.0423,
unit_005138,HongKong,8,8,177.0,18,2.4281,0.0,0.0,0.5,22.306105,113.983007,18|3|16|10|23,0.1280|0.0795|0.0715|0.0592|0.0537,
unit_005139,HongKong,8,8,185.6,18,2.4281,0.0,0.0,0.5,22.30591,113.983178,18|3|16|10|23,0.1280|0.0795|0.0715|0.0592|0.0537,
unit_005140,HongKong,8,8,175.5,18,2.4281,0.0,0.0,0.5,22.305845,113.983296,18|3|16|10|23,0.1280|0.0795|0.0715|0.0592|0.0537,
unit_005141,HongKong,14,22,326.0,18,2.4851,0.00011,0.0,0.5,22.303333,113.980102,18|16|22|31|2,0.1057|0.0871|0.0648|0.0562|0.0554,
unit_005142,HongKong,12,16,275.8,18,2.3938,6e-05,0.0,0.5,22.301264,113.97615,18|22|2|16|3,0.1103|0.0631|0.0622|0.0574|0.0560,
unit_005143,HongKong,15,16,351.0,18,2.2372,3e-05,0.0,0.5,22.303268,113.970227,18|2|10|14|21,0.1583|0.0550|0.0495|0.0481|0.0290,
unit_005144,HongKong,10,16,227.3,18,2.5055,1e-05,0.0,0.5,22.295634,113.956949,18|16|31|14|21,0.1017|0.0998|0.0626|0.0553|0.0517,
unit_005145,HongKong,10,16,227.3,21,2.5122,4e-05,0.0,0.5,22.293201,113.953677,21|18|16|31|14,0.0989|0.0978|0.0923|0.0675|0.0613,
unit_005146,HongKong,12,15,291.1,18,2.508,9e-05,0.0,0.5,22.342852,114.156197,18|16|27|31|2,0.0980|0.0808|0.0736|0.0678|0.0496,
unit_005147,HongKong,6,7,135.9,18,2.4455,0.0,0.06456,0.5161,22.34291,114.155503,18|16|27|31|22,0.1017|0.0897|0.0776|0.0699|0.0491,
unit_005148,HongKong,14,15,297.6,18,2.456,0.0,0.07141,0.5178,22.343037,114.156976,18|2|16|14|27,0.0918|0.0793|0.0690|0.0688|0.0676,
unit_005150,HongKong,4,4,81.6,22,2.4276,0.0,0.0,0.5,22.277114,114.129721,22|27|13|7|21,0.1013|0.0734|0.0513|0.0444|0.0413,
unit_005151,HongKong,14,25,278.7,3,2.3267,0.0,0.0,0.5,22.307094,113.937154,3|18|21|10|2,0.1036|0.0982|0.0823|0.0606|0.0454,
unit_005152,HongKong,9,10,154.0,21,2.2866,1e-05,0.08737,0.5218,22.309423,113.937717,21|10|18|13|2,0.0774|0.0737|0.0708|0.0666|0.0665,
unit_005154,HongKong,8,8,176.5,21,2.2996,0.0,0.0,0.5,22.303719,113.940184,21|13|18|14|2,0.1031|0.0904|0.0890|0.0685|0.0544,
unit_005156,HongKong,8,8,178.3,18,2.203,0.0,0.0,0.5,22.31386,113.946118,18|2|16|3|14,0.1140|0.0907|0.0643|0.0586|0.0539,
unit_005157,HongKong,7,7,154.9,18,2.203,0.0,0.0,0.5,22.314295,113.946179,18|2|16|3|14,0.1140|0.0907|0.0643|0.0586|0.0539,
unit_005158,HongKong,5,7,100.0,18,2.2531,1e-05,0.07653,0.5191,22.313451,113.942884,18|2|16|10|13,0.1026|0.0824|0.0810|0.0553|0.0512,
unit_005159,HongKong,13,21,260.1,18,2.252,3e-05,0.0,0.5,22.312392,113.954211,18|2|14|16|3,0.1514|0.0930|0.0567|0.0493|0.0378,
unit_005160,HongKong,11,16,250.2,14,2.3919,2e-05,0.17384,0.5433,22.315703,113.959875,14|2|18|21|16,0.0878|0.0822|0.0791|0.0784|0.0564,
unit_005161,HongKong,15,16,350.3,14,1.7732,0.0,0.17384,0.5433,22.318507,113.960727,14|18|21|23|2,0.1619|0.0477|0.0357|0.0300|0.0245,
unit_005162,HongKong,13,16,300.3,14,1.5183,0.0,0.0,0.5,22.322267,113.961268,14|18|21|23|2,0.1515|0.0361|0.0356|0.0308|0.0183,
unit_005163,HongKong,8,8,175.2,14,1.5777,0.0,0.0,0.5,22.325735,113.960864,14|21|23|18|2,0.1475|0.0360|0.0300|0.0271|0.0129,
unit_005164,HongKong,8,8,175.2,14,1.6195,0.0,0.0,0.5,22.327967,113.960544,14|18|21|23|2,0.1538|0.0379|0.0356|0.0336|0.0152,
unit_005165,HongKong,16,32,375.4,14,1.5504,0.0,0.0,0.5,22.331091,113.960095,14|18|21|23|2,0.1583|0.0397|0.0335|0.0296|0.0166,
unit_005166,HongKong,8,8,175.2,14,1.6084,0.0,0.0,0.5,22.334438,113.959615,14|18|21|23|2,0.1540|0.0369|0.0313|0.0236|0.0145,
unit_005167,HongKong,8,8,175.2,14,1.511,0.0,0.0,0.5,22.336447,113.959327,14|21|18|23|2,0.1537|0.0379|0.0357|0.0302|0.0183,
unit_005168,HongKong,7,7,150.1,14,1.6502,0.0,0.0,0.5,22.33879,113.95899,14|18|21|23|2,0.1579|0.0339|0.0312|0.0298|0.0205,
unit_005169,HongKong,8,8,175.2,14,1.6861,0.0,0.0,0.5,22.342249,113.958494,14|18|21|23|2,0.1560|0.0343|0.0327|0.0248|0.0191,
unit_005170,HongKong,8,8,175.2,14,1.6369,0.0,0.0,0.5,22.344257,113.958206,14|18|21|23|2,0.1514|0.0339|0.0332|0.0232|0.0159,
unit_005171,HongKong,8,8,175.2,14,1.9704,0.0,0.0,0.5,22.346935,113.957821,14|21|18|2|13,0.1156|0.0395|0.0326|0.0259|0.0240,
unit_005172,HongKong,16,24,375.4,14,1.6324,0.0,0.0,0.5,22.349989,113.957086,14|18|21|23|2,0.1672|0.0489|0.0275|0.0266|0.0215,
unit_005173,HongKong,7,7,150.1,14,1.508,0.0,0.0,0.5,22.352664,113.955671,14|18|23|21|2,0.1647|0.0428|0.0268|0.0196|0.0132,
unit_005174,HongKong,15,23,350.3,14,1.5814,0.0,0.0,0.5,22.35508,113.954013,14|18|23|21|2,0.1718|0.0529|0.0312|0.0189|0.0182,
unit_005175,HongKong,4,4,75.1,10,2.5292,0.0,0.0,0.5,22.357961,113.952036,10|3|7|16|1,0.0941|0.0795|0.0573|0.0557|0.0515,
unit_005177,HongKong,7,18,150.1,14,1.923,3e-05,0.08203,0.5205,22.360471,113.950314,14|18|23|21|16,0.1691|0.0573|0.0293|0.0285|0.0274,
unit_005178,HongKong,7,8,150.1,14,1.6722,0.0,0.08426,0.5211,22.361958,113.949293,14|18|23|16|2,0.1602|0.0536|0.0288|0.0254|0.0244,
unit_005180,HongKong,4,4,75.1,13,2.2984,0.0,0.30223,0.575,22.363173,113.948474,13|18|10|23|16,0.0431|0.0421|0.0409|0.0396|0.0320,
unit_005181,HongKong,8,11,175.2,18,2.3568,1e-05,0.0,0.5,22.36633,113.947452,18|21|10|3|2,0.1198|0.0753|0.0722|0.0515|0.0458,
unit_005182,HongKong,8,8,175.2,21,2.5097,0.0,0.0,0.5,22.37168,113.950042,21|3|23|2|16,0.0931|0.0845|0.0728|0.0657|0.0643,
unit_005183,HongKong,80,131,1664.9,3,2.561,0.00012,0.07218,0.518,22.371998,113.953359,3|10|18|23|21,0.0920|0.0688|0.0682|0.0625|0.0615,
unit_005184,HongKong,12,13,283.4,18,2.1863,1e-05,0.0,0.5,22.311565,113.958067,18|10|16|2|3,0.1548|0.0736|0.0390|0.0365|0.0309,
unit_005185,HongKong,13,13,260.4,18,2.2332,0.0,0.0,0.5,22.310589,113.957566,18|10|2|16|3,0.1496|0.0775|0.0500|0.0377|0.0358,
unit_005186,HongKong,8,8,179.7,10,2.3103,0.0,0.0,0.5,22.316819,113.949947,10|18|3|14|2,0.0794|0.0650|0.0635|0.0463|0.0456,
unit_005187,HongKong,8,8,179.7,18,2.2424,0.0,0.0,0.5,22.31619,113.95185,18|10|3|2|21,0.1052|0.0612|0.0541|0.0490|0.0474,
unit_005188,HongKong,20,22,432.6,18,2.2117,1e-05,0.0,0.5,22.314243,113.950718,18|2|16|14|3,0.1477|0.0705|0.0648|0.0449|0.0423,
unit_005189,HongKong,7,7,161.7,18,2.197,1e-05,0.0,0.5,22.314373,113.950567,18|2|16|14|3,0.1468|0.0688|0.0649|0.0449|0.0410,
unit_005191,HongKong,8,8,177.3,31,2.3042,0.0,0.0,0.5,22.308908,114.042018,31|3|16|1|22,0.1049|0.0816|0.0650|0.0515|0.0453,
unit_005192,HongKong,8,8,175.9,3,2.375,0.0,0.0,0.5,22.334027,114.111696,3|21|1|2|18,0.0803|0.0745|0.0653|0.0648|0.0545,
unit_005193,HongKong,7,8,152.3,16,2.4476,0.0,0.07075,0.5177,22.331252,114.101516,16|27|21|31|7,0.1216|0.0905|0.0606|0.0580|0.0483,
unit_005194,HongKong,7,8,152.3,16,2.4206,0.0,0.07075,0.5177,22.331758,114.100025,16|27|22|23|10,0.0814|0.0688|0.0620|0.0441|0.0423,
unit_005195,HongKong,8,8,177.7,31,2.5028,0.0,0.0,0.5,22.330943,114.097334,31|16|27|22|3,0.1078|0.0828|0.0729|0.0686|0.0637,
unit_005196,HongKong,8,8,106.5,18,2.5054,0.0,0.0,0.5,22.286925,114.132591,18|1|3|31|16,0.0863|0.0754|0.0651|0.0580|0.0580,
unit_005197,HongKong,7,7,157.7,1,2.3201,0.0,0.0,0.5,22.330418,114.150609,1|31|3|16|21,0.1183|0.0681|0.0622|0.0554|0.0526,
unit_005198,HongKong,7,7,151.5,1,2.4525,0.0,0.0,0.5,22.278764,114.15104,1|7|31|16|27,0.1093|0.0841|0.0725|0.0573|0.0456,
unit_005199,HongKong,8,8,182.4,27,2.5292,0.0,0.0,0.5,22.349108,114.131369,27|31|10|1|7,0.0923|0.0859|0.0738|0.0569|0.0565,
unit_005200,HongKong,6,7,128.4,16,2.4134,0.0,0.06512,0.5163,22.329451,114.148684,16|18|2|14|7,0.1125|0.0973|0.0764|0.0562|0.0490,
unit_005202,HongKong,15,24,359.7,21,2.4193,3e-05,0.0,0.5,22.333456,114.132785,21|13|2|16|1,0.0828|0.0659|0.0544|0.0478|0.0472,
unit_005203,HongKong,8,8,176.3,18,2.1421,0.0,0.0,0.5,22.348498,114.114314,18|10|16|31|1,0.1174|0.0728|0.0464|0.0402|0.0382,
unit_005204,HongKong,8,8,177.0,18,2.4709,0.0,0.0,0.5,22.345296,114.092195,18|16|2|22|27,0.1087|0.0884|0.0575|0.0566|0.0510,
unit_005205,HongKong,7,9,151.7,16,2.4752,3e-05,0.0,0.5,22.345335,114.09005,16|18|7|31|2,0.0906|0.0646|0.0635|0.0618|0.0559,
unit_005206,HongKong,20,22,373.8,31,2.4405,0.0,0.0644,0.5161,22.296791,113.947778,31|16|10|13|3,0.0829|0.0787|0.0704|0.0581|0.0522,
unit_005207,HongKong,9,9,203.6,21,2.4182,0.0,0.0,0.5,22.278412,114.130647,21|31|1|16|13,0.1211|0.0887|0.0701|0.0515|0.0480,
unit_005209,HongKong,11,15,256.2,18,2.4211,9e-05,0.0,0.5,22.33563,114.030708,18|3|22|31|16,0.0822|0.0796|0.0753|0.0638|0.0528,
unit_005210,HongKong,7,7,153.7,18,2.297,0.0,0.0,0.5,22.334945,114.032896,18|23|10|14|2,0.1602|0.0486|0.0441|0.0433|0.0431,
unit_005211,HongKong,8,8,186.9,31,2.3807,0.0,0.0,0.5,22.242878,114.153183,31|23|2|27|1,0.1278|0.0870|0.0602|0.0582|0.0557,
unit_005212,HongKong,13,13,288.0,21,2.4406,0.0,0.07297,0.5182,22.341491,114.106931,21|1|31|3|23,0.0972|0.0952|0.0723|0.0691|0.0458,
unit_005213,HongKong,7,7,154.9,16,2.3533,0.0,0.0,0.5,22.294657,113.929474,16|31|7|22|21,0.1051|0.0925|0.0790|0.0645|0.0611,
unit_005214,HongKong,8,8,181.7,2,2.1855,0.0,0.0,0.5,22.289083,114.143436,2|16|18|31|1,0.0910|0.0823|0.0814|0.0678|0.0434,
unit_005215,HongKong,5,5,115.6,22,2.3022,0.0,0.10893,0.5272,22.23938,113.993611,22|21|16|7|27,0.1786|0.0711|0.0622|0.0608|0.0593,
unit_005216,HongKong,10,10,225.3,22,2.3355,0.0,0.0,0.5,22.251681,113.891836,22|23|16|31|27,0.1780|0.0638|0.0606|0.0562|0.0493,
unit_005217,HongKong,19,37,450.7,22,2.3743,9e-05,0.0,0.5,22.254315,113.891807,22|23|21|27|31,0.1557|0.0937|0.0726|0.0571|0.0554,
unit_005218,HongKong,9,9,200.3,22,2.3288,0.0,0.0,0.5,22.257416,113.889293,22|23|21|7|27,0.1577|0.0683|0.0567|0.0408|0.0384,
unit_005219,HongKong,14,27,325.5,22,2.3983,3e-05,0.0,0.5,22.259563,113.888723,22|23|31|16|3,0.1575|0.0700|0.0689|0.0518|0.0389,
unit_005220,HongKong,7,8,150.2,22,2.2323,0.0,0.06019,0.515,22.261452,113.888118,22|21|23|16|27,0.1618|0.0905|0.0594|0.0587|0.0433,
unit_005221,HongKong,7,8,150.2,22,2.3578,0.0,0.06019,0.515,22.262782,113.888232,22|23|18|3|21,0.1373|0.0808|0.0730|0.0614|0.0504,
unit_005222,HongKong,12,16,275.4,22,2.3832,4e-05,0.0,0.5,22.265941,113.887575,22|21|7|10|23,0.1366|0.0685|0.0419|0.0397|0.0368,
unit_005223,HongKong,9,9,208.7,22,2.1476,0.0,0.0,0.5,22.251443,113.890141,22|31|16|23|27,0.1563|0.0554|0.0437|0.0326|0.0322,
unit_005224,HongKong,6,7,127.9,22,2.3427,0.0,0.13305,0.5332,22.272935,114.125433,22|23|27|31|10,0.0872|0.0784|0.0752|0.0712|0.0494,
unit_005225,HongKong,16,16,289.3,18,2.2833,0.0,0.0,0.5,22.347316,114.059653,18|10|23|16|7,0.1515|0.0654|0.0541|0.0346|0.0258,
unit_005226,HongKong,4,4,75.5,1,2.2778,0.0,0.0,0.5,22.283756,114.147052,1|31|16|7|27,0.1110|0.0680|0.0610|0.0441|0.0331,
unit_005227,HongKong,3,3,50.3,1,2.421,0.0,0.0,0.5,22.284413,114.146138,1|31|7|16|10,0.1125|0.0536|0.0509|0.0431|0.0397,
unit_005229,HongKong,9,14,201.4,18,2.5057,1e-05,0.0,0.5,22.295487,113.956987,18|16|31|14|21,0.1018|0.1000|0.0628|0.0554|0.0519,
unit_005230,HongKong,7,8,151.1,16,2.3948,1e-05,0.09064,0.5226,22.297128,113.961672,16|31|22|10|21,0.1280|0.0885|0.0750|0.0512|0.0460,
unit_005231,HongKong,6,7,125.9,16,2.4185,0.0,0.09064,0.5226,22.297414,113.963118,16|18|31|14|27,0.1182|0.0937|0.0695|0.0461|0.0458,
unit_005232,HongKong,7,7,151.1,16,2.4347,0.0,0.0,0.5,22.29785,113.965228,16|18|2|14|3,0.1006|0.0908|0.0644|0.0561|0.0481,
unit_005233,HongKong,13,15,303.4,18,2.5435,5e-05,0.0,0.5,22.290549,113.951098,18|31|16|3|21,0.0955|0.0746|0.0724|0.0632|0.0506,
unit_005235,HongKong,13,15,303.4,18,2.5435,5e-05,0.0,0.5,22.290549,113.951098,18|31|16|3|21,0.0955|0.0746|0.0724|0.0632|0.0506,
unit_005237,HongKong,8,8,175.5,14,2.1811,0.0,0.0,0.5,22.288865,113.946915,14|2|18|27|16,0.1477|0.0665|0.0544|0.0417|0.0413,
unit_005239,HongKong,8,8,175.6,18,2.2055,0.0,0.0,0.5,22.313224,113.942606,18|16|2|10|13,0.1033|0.0803|0.0801|0.0513|0.0481,
unit_005240,HongKong,8,8,177.7,21,2.192,0.0,0.0,0.5,22.313853,114.037064,21|22|3|31|1,0.1096|0.0994|0.0775|0.0689|0.0570,
unit_005241,HongKong,7,7,152.3,22,2.2815,0.0,0.0,0.5,22.315751,114.036926,22|21|3|1|31,0.1174|0.1061|0.0982|0.0525|0.0489,
unit_005242,HongKong,8,8,177.7,21,2.3211,0.0,0.0,0.5,22.318474,114.03834,21|3|22|31|7,0.1126|0.0846|0.0694|0.0682|0.0569,
unit_005243,HongKong,8,8,176.8,18,2.1324,0.0,0.0,0.5,22.311969,113.958126,18|10|16|7|23,0.1569|0.0706|0.0396|0.0291|0.0287,
unit_005244,HongKong,5,5,115.6,22,2.3022,0.0,0.10893,0.5272,22.23938,113.993611,22|21|16|7|27,0.1786|0.0711|0.0622|0.0608|0.0593,
unit_005245,HongKong,5,5,104.5,22,2.3022,0.0,0.0,0.5,22.239196,113.992751,22|21|16|7|27,0.1786|0.0711|0.0622|0.0608|0.0593,
unit_005246,HongKong,7,8,156.2,7,2.2654,1e-05,0.06638,0.5166,22.238746,113.990931,7|22|3|31|13,0.1107|0.0637|0.0573|0.0409|0.0362,
unit_005247,HongKong,5,5,104.5,22,2.3022,0.0,0.0,0.5,22.239196,113.992751,22|21|16|7|27,0.1786|0.0711|0.0622|0.0608|0.0593,
unit_005248,HongKong,8,8,179.4,18,2.2797,0.0,0.0,0.5,22.348271,114.112262,18|10|31|16|14,0.1541|0.0775|0.0568|0.0497|0.0372,
unit_005249,HongKong,10,10,230.7,18,2.2127,2e-05,0.0,0.5,22.348856,114.114496,18|10|16|31|1,0.1219|0.0679|0.0507|0.0381|0.0378,
unit_005250,HongKong,6,7,125.0,18,2.4893,0.0,0.0655,0.5164,22.33627,114.133411,18|22|31|16|2,0.1227|0.0935|0.0833|0.0690|0.0610,
unit_005251,HongKong,7,8,150.0,18,2.3432,2e-05,0.0655,0.5164,22.337419,114.13251,18|21|3|13|2,0.1161|0.0616|0.0524|0.0498|0.0450,
unit_005252,HongKong,8,8,178.3,3,2.4994,0.0,0.0,0.5,22.30123,114.157644,3|31|16|1|10,0.0886|0.0794|0.0769|0.0717|0.0649,
unit_005255,HongKong,6,6,125.3,18,2.4533,0.0,0.14817,0.537,22.342199,114.156949,18|2|14|16|27,0.0909|0.0795|0.0689|0.0681|0.0669,
unit_005256,HongKong,9,9,207.6,22,2.3111,0.0,0.0,0.5,22.249056,113.863399,22|21|7|13|31,0.1146|0.1050|0.0833|0.0550|0.0495,
unit_005257,HongKong,7,7,155.7,21,2.3445,0.0,0.056,0.514,22.251326,113.862996,21|22|7|31|13,0.1125|0.0864|0.0839|0.0668|0.0429,
unit_005259,HongKong,8,8,187.1,27,2.4809,0.0,0.0,0.5,22.346468,114.127275,27|21|10|18|1,0.1336|0.0643|0.0616|0.0607|0.0585,
unit_005261,HongKong,10,10,219.5,13,2.5287,0.0,0.0,0.5,22.318779,114.131316,13|21|16|10|2,0.0722|0.0705|0.0687|0.0661|0.0584,
unit_005262,HongKong,10,15,225.6,10,2.4742,3e-05,0.0,0.5,22.270503,114.130337,10|18|1|21|27,0.0927|0.0870|0.0797|0.0694|0.0597,
unit_005263,HongKong,8,8,179.3,31,2.4616,0.0,0.0,0.5,22.344247,114.148808,31|27|22|23|16,0.0916|0.0844|0.0680|0.0607|0.0543,
unit_005265,HongKong,13,16,305.0,21,2.419,4e-05,0.0,0.5,22.276599,114.117386,21|22|10|27|7,0.1102|0.0921|0.0909|0.0860|0.0445,
unit_005266,HongKong,7,7,152.5,22,2.4596,0.0,0.0,0.5,22.28041,114.118822,22|27|31|10|7,0.1004|0.0863|0.0678|0.0641|0.0605,
unit_005268,HongKong,7,7,155.7,21,2.3445,0.0,0.056,0.514,22.251326,113.862996,21|22|7|31|13,0.1125|0.0864|0.0839|0.0668|0.0429,
unit_005269,HongKong,9,9,207.6,22,2.3111,0.0,0.0,0.5,22.249056,113.863399,22|21|7|13|31,0.1146|0.1050|0.0833|0.0550|0.0495,
unit_005270,HongKong,4,4,77.0,3,2.356,0.0,0.0,0.5,22.26774,113.996917,3|7|21|10|31,0.0919|0.0781|0.0650|0.0624|0.0618,
unit_005271,HongKong,40,50,975.5,7,2.4699,5e-05,0.0,0.5,22.26146,114.003792,7|31|22|13|16,0.0885|0.0861|0.0778|0.0625|0.0615,
unit_005272,HongKong,11,11,202.7,1,2.2511,0.0,0.0,0.5,22.290214,113.939503,1|16|3|21|10,0.0928|0.0652|0.0548|0.0485|0.0465,
unit_005273,HongKong,16,25,375.9,21,2.4157,2e-05,0.12564,0.5314,22.302648,113.898248,21|10|13|3|7,0.0926|0.0855|0.0501|0.0466|0.0458,
unit_005274,HongKong,8,8,175.4,10,2.4089,0.0,0.0,0.5,22.300134,113.897259,10|21|3|18|13,0.0585|0.0384|0.0358|0.0341|0.0273,
unit_005275,HongKong,26,32,626.5,10,2.4333,2e-05,0.0,0.5,22.296662,113.89498,10|21|3|18|13,0.0818|0.0597|0.0569|0.0498|0.0281,
unit_005276,HongKong,8,8,175.4,18,2.3351,0.0,0.0,0.5,22.293844,113.897215,18|3|10|31|16,0.0788|0.0650|0.0613|0.0560|0.0464,
unit_005277,HongKong,7,8,150.4,31,2.4289,0.0,0.06342,0.5158,22.294303,113.900427,31|3|18|10|16,0.0639|0.0593|0.0586|0.0502|0.0495,
unit_005278,HongKong,7,8,150.4,16,2.29,0.0,0.06342,0.5158,22.294688,113.90196,16|31|3|7|21,0.1025|0.0955|0.0567|0.0499|0.0467,
unit_005279,HongKong,11,15,250.6,16,2.3762,4e-05,0.0,0.5,22.295135,113.904401,16|31|10|3|18,0.0876|0.0718|0.0660|0.0557|0.0427,
unit_005280,HongKong,14,16,325.8,16,2.3901,1e-05,0.0,0.5,22.295468,113.911722,16|31|18|3|2,0.0797|0.0694|0.0640|0.0572|0.0544,
unit_005281,HongKong,16,16,375.9,16,2.2999,3e-05,0.0,0.5,22.295253,113.917111,16|31|22|21|7,0.1179|0.0931|0.0851|0.0517|0.0505,
unit_005282,HongKong,3,3,50.3,2,2.4394,0.0,0.0,0.5,22.351446,114.118915,2|16|1|7|3,0.0891|0.0763|0.0535|0.0526|0.0493,
unit_005283,HongKong,9,9,201.4,2,2.3423,0.0,0.0,0.5,22.352813,114.12063,2|18|1|16|3,0.0984|0.0800|0.0729|0.0584|0.0579,
unit_005284,HongKong,12,14,268.1,18,2.4806,4e-05,0.0,0.5,22.289525,114.139726,18|3|1|16|21,0.1041|0.0695|0.0671|0.0639|0.0632,
unit_005285,HongKong,3,3,50.5,27,2.3704,0.0,0.26585,0.5661,22.340439,114.132367,27|21|16|22|10,0.1185|0.0657|0.0610|0.0606|0.0469,
unit_005286,HongKong,7,7,151.4,18,2.4587,0.0,0.26585,0.5661,22.339426,114.13286,18|27|2|21|3,0.1315|0.0833|0.0590|0.0564|0.0466,
unit_005287,HongKong,7,7,150.0,18,2.5203,0.0,0.0,0.5,22.341541,114.151681,18|16|31|1|27,0.1051|0.0860|0.0681|0.0597|0.0512,
unit_005290,HongKong,7,7,150.0,16,2.491,0.0,0.06101,0.5152,22.340108,114.147659,16|18|27|2|10,0.0899|0.0822|0.0680|0.0567|0.0465,
unit_005291,HongKong,8,8,178.3,18,2.203,0.0,0.0,0.5,22.31372,113.946166,18|2|16|3|14,0.1140|0.0907|0.0643|0.0586|0.0539,
unit_005292,HongKong,8,8,176.7,18,2.2055,0.0,0.0,0.5,22.313076,113.942568,18|16|2|10|13,0.1033|0.0803|0.0801|0.0513|0.0481,
unit_005293,HongKong,3,3,51.4,18,2.3697,0.0,0.0,0.5,22.341303,114.142921,18|10|23|31|21,0.1737|0.0594|0.0497|0.0397|0.0397,
unit_005294,HongKong,8,9,176.9,16,2.4972,0.0,0.17243,0.543,22.340273,114.147749,16|18|27|2|1,0.0912|0.0810|0.0672|0.0575|0.0485,
unit_005296,HongKong,8,8,176.9,18,2.5203,0.0,0.0,0.5,22.341664,114.151596,18|16|31|1|27,0.1051|0.0860|0.0681|0.0597|0.0512,
unit_005297,HongKong,11,11,204.0,1,2.4001,0.0,0.0,0.5,22.341308,114.138248,1|16|2|21|27,0.0884|0.0837|0.0799|0.0656|0.0603,
unit_005298,HongKong,3,3,51.6,16,2.3108,0.0,0.06954,0.5174,22.340738,114.139584,16|27|1|21|10,0.1176|0.0796|0.0700|0.0661|0.0512,
unit_005300,HongKong,5,6,103.3,16,2.3652,2e-05,0.10195,0.5255,22.340623,114.139538,16|27|1|21|31,0.1206|0.0797|0.0690|0.0670|0.0531,
unit_005301,HongKong,7,7,154.9,18,2.5024,0.0,0.10195,0.5255,22.340025,114.140766,18|16|31|2|21,0.1278|0.0986|0.0713|0.0537|0.0467,
unit_005302,HongKong,13,23,254.9,18,2.3805,3e-05,0.0,0.5,22.34938,114.086919,18|21|3|16|23,0.1180|0.0836|0.0586|0.0497|0.0466,
unit_005303,HongKong,3,3,53.5,27,2.4452,0.0,0.0,0.5,22.269057,114.125591,27|31|16|22|21,0.0834|0.0823|0.0801|0.0763|0.0666,
unit_005304,HongKong,4,4,79.5,18,2.5024,0.0,0.0,0.5,22.340228,114.14122,18|16|31|2|21,0.1278|0.0986|0.0713|0.0537|0.0467,
unit_005305,HongKong,7,8,157.1,18,2.5073,1e-05,0.11637,0.5291,22.339951,114.14062,18|16|31|2|21,0.1241|0.1022|0.0718|0.0540|0.0490,
unit_005306,HongKong,5,5,104.8,16,2.3108,0.0,0.10629,0.5265,22.340609,114.139389,16|27|1|21|10,0.1176|0.0796|0.0700|0.0661|0.0512,
unit_005307,HongKong,8,8,180.4,1,2.4876,0.0,0.0,0.5,22.255777,114.13558,1|18|27|10|31,0.0856|0.0815|0.0788|0.0786|0.0675,
unit_005310,HongKong,9,9,203.0,21,2.4182,0.0,0.0,0.5,22.278504,114.130636,21|31|1|16|13,0.1211|0.0887|0.0701|0.0515|0.0480,
unit_005311,HongKong,8,8,177.0,22,2.2586,0.0,0.0,0.5,22.237388,113.984298,22|31|16|7|23,0.1474|0.0792|0.0745|0.0689|0.0425,
unit_005312,HongKong,7,9,151.7,13,2.3795,1e-05,0.09741,0.5243,22.236492,113.98226,13|22|31|7|27,0.0943|0.0909|0.0727|0.0501|0.0324,
unit_005313,HongKong,17,18,404.6,22,2.2055,2e-05,0.09741,0.5243,22.238137,113.982417,22|27|23|14|2,0.1098|0.1036|0.0368|0.0361|0.0358,
unit_005314,HongKong,4,4,77.0,3,2.356,0.0,0.0,0.5,22.26774,113.996917,3|7|21|10|31,0.0919|0.0781|0.0650|0.0624|0.0618,
unit_005315,HongKong,7,7,159.5,22,2.2269,0.0,0.0,0.5,22.223398,113.908588,22|16|31|23|27,0.1607|0.0908|0.0680|0.0477|0.0462,
unit_005316,HongKong,13,16,311.4,22,2.3725,7e-05,0.0,0.5,22.221181,113.911509,22|16|31|23|21,0.1598|0.0856|0.0612|0.0445|0.0434,
unit_005317,HongKong,4,4,54.3,18,2.5133,0.0,0.0,0.5,22.293025,113.952754,18|21|16|14|3,0.1160|0.0832|0.0719|0.0703|0.0630,
unit_005319,HongKong,3,3,52.8,1,2.4845,0.0,0.0,0.5,22.328257,114.15785,1|7|31|3|21,0.1132|0.0612|0.0539|0.0526|0.0520,
unit_005320,HongKong,8,9,176.0,22,2.3966,0.0,0.12929,0.5323,22.262397,114.147452,22|27|21|7|2,0.1190|0.0693|0.0632|0.0536|0.0390,
unit_005321,HongKong,9,9,201.1,22,2.3712,0.0,0.0,0.5,22.260187,114.148261,22|27|21|16|10,0.1135|0.0977|0.0521|0.0411|0.0279,
unit_005322,HongKong,8,8,176.0,22,2.3351,0.0,0.0,0.5,22.260967,114.149836,22|27|21|23|2,0.0999|0.0919|0.0850|0.0620|0.0554,
unit_005323,HongKong,7,7,150.8,22,2.5544,0.0,0.0,0.5,22.263174,114.149535,22|7|27|21|1,0.0763|0.0719|0.0528|0.0492|0.0482,
unit_005324,HongKong,8,9,180.7,13,2.2505,1e-05,0.12185,0.5304,22.269626,113.933209,13|10|2|3|23,0.0863|0.0739|0.0661|0.0599|0.0440,
unit_005325,HongKong,8,16,175.5,22,2.3391,1e-05,0.0,0.5,22.265814,113.936295,22|16|21|31|7,0.1301|0.1057|0.0881|0.0629|0.0582,
unit_005326,HongKong,12,17,275.8,22,2.5083,9e-05,0.0,0.5,22.263512,113.937635,22|21|27|10|16,0.1149|0.1031|0.0860|0.0654|0.0524,
unit_005327,HongKong,8,8,175.5,21,2.3728,0.0,0.0,0.5,22.26048,113.938208,21|22|27|18|16,0.1348|0.1048|0.0561|0.0436|0.0402,
unit_005328,HongKong,8,8,175.5,22,2.4897,0.0,0.0,0.5,22.258438,113.939484,22|27|10|16|23,0.0953|0.0865|0.0713|0.0672|0.0635,
unit_005329,HongKong,8,8,175.5,21,2.3263,0.0,0.14008,0.535,22.255578,113.940367,21|23|27|22|2,0.0890|0.0736|0.0735|0.0643|0.0542,
unit_005330,HongKong,16,17,376.1,22,2.4095,5e-05,0.13528,0.5338,22.253253,113.940647,22|21|27|23|16,0.1373|0.1111|0.0701|0.0601|0.0509,
unit_005331,HongKong,8,8,175.5,22,2.4196,0.0,0.13049,0.5326,22.251,113.941116,22|21|18|23|10,0.1056|0.1050|0.0879|0.0853|0.0734,
unit_005332,HongKong,8,8,175.5,22,2.36,0.0,0.0,0.5,22.24953,113.942314,22|21|23|27|2,0.1218|0.1182|0.0881|0.0608|0.0505,
unit_005333,HongKong,8,8,175.5,27,2.4349,0.0,0.0,0.5,22.247885,113.94372,27|16|22|18|23,0.1129|0.0777|0.0698|0.0598|0.0543,
unit_005334,HongKong,19,24,451.3,18,2.4124,8e-05,0.0,0.5,22.245407,113.946358,18|22|23|10|16,0.1068|0.0935|0.0763|0.0679|0.0666,
unit_005335,HongKong,12,16,275.8,18,2.2717,1e-05,0.0,0.5,22.240701,113.950805,18|23|10|22|16,0.1283|0.0730|0.0679|0.0658|0.0534,
unit_005336,HongKong,8,8,175.5,18,2.3443,0.0,0.0,0.5,22.23963,113.954754,18|22|23|16|31,0.1125|0.0731|0.0701|0.0630|0.0597,
unit_005337,HongKong,19,24,453.3,21,2.341,5e-05,0.11727,0.5293,22.272166,113.934192,21|22|27|16|23,0.1361|0.1230|0.0492|0.0465|0.0388,
unit_005339,HongKong,7,8,156.7,22,2.2721,0.0,0.07434,0.5186,22.233671,113.959055,22|27|16|2|31,0.1268|0.1071|0.0853|0.0533|0.0505,
unit_005340,HongKong,7,8,156.7,22,2.4837,0.0,0.07434,0.5186,22.234812,113.958155,22|27|21|7|16,0.1261|0.0858|0.0775|0.0673|0.0596,
unit_005341,HongKong,5,5,54.7,18,2.2508,0.0,0.0,0.5,22.348662,114.12538,18|21|1|3|2,0.1217|0.0809|0.0541|0.0538|0.0452,
unit_005342,HongKong,7,8,157.0,14,2.1554,0.0,0.1621,0.5404,22.345871,114.12541,14|18|2|16|21,0.1132|0.0934|0.0715|0.0499|0.0419,
unit_005343,HongKong,9,9,160.0,18,2.3206,0.0,0.0,0.5,22.351133,114.126058,18|1|21|2|3,0.1112|0.0821|0.0782|0.0737|0.0616,
unit_005344,HongKong,13,15,303.6,21,2.48,1e-05,0.08961,0.5224,22.256472,114.139769,21|1|7|10|27,0.1007|0.0867|0.0738|0.0563|0.0546,
unit_005345,HongKong,8,8,177.1,7,2.3745,0.0,0.08961,0.5224,22.25846,114.138708,7|1|31|21|27,0.1032|0.0946|0.0818|0.0758|0.0508,
unit_005346,HongKong,7,7,153.7,13,2.1494,0.0,0.0,0.5,22.313075,113.939375,13|2|10|3|16,0.0873|0.0796|0.0781|0.0611|0.0450,
unit_005349,HongKong,10,16,228.4,16,2.4869,3e-05,0.0,0.5,22.297057,113.9305,16|3|31|7|18,0.0966|0.0787|0.0671|0.0497|0.0495,
unit_005350,HongKong,6,7,129.2,22,2.3533,0.0,0.09191,0.523,22.269124,113.887738,22|21|23|3|27,0.1295|0.0584|0.0528|0.0524|0.0502,
unit_005351,HongKong,12,16,275.4,22,2.3832,4e-05,0.0,0.5,22.265941,113.887575,22|21|7|10|23,0.1366|0.0685|0.0419|0.0397|0.0368,
unit_005352,HongKong,7,8,150.2,22,2.3578,0.0,0.06019,0.515,22.262782,113.888232,22|23|18|3|21,0.1373|0.0808|0.0730|0.0614|0.0504,
unit_005353,HongKong,7,8,150.2,22,2.2323,0.0,0.06019,0.515,22.261452,113.888118,22|21|23|16|27,0.1618|0.0905|0.0594|0.0587|0.0433,
unit_005354,HongKong,14,27,325.5,22,2.3983,3e-05,0.0,0.5,22.259563,113.888723,22|23|31|16|3,0.1575|0.0700|0.0689|0.0518|0.0389,
unit_005355,HongKong,9,9,200.3,22,2.3288,0.0,0.0,0.5,22.257416,113.889293,22|23|21|7|27,0.1577|0.0683|0.0567|0.0408|0.0384,
unit_005356,HongKong,19,37,450.7,22,2.3743,9e-05,0.0,0.5,22.254315,113.891807,22|23|21|27|31,0.1557|0.0937|0.0726|0.0571|0.0554,
unit_005357,HongKong,10,10,225.3,22,2.3355,0.0,0.0,0.5,22.251681,113.891836,22|23|16|31|27,0.1780|0.0638|0.0606|0.0562|0.0493,
unit_005358,HongKong,6,7,129.2,22,2.3533,0.0,0.09191,0.523,22.269124,113.887738,22|21|23|3|27,0.1295|0.0584|0.0528|0.0524|0.0502,
unit_005359,HongKong,8,8,176.7,18,2.1526,0.0,0.0,0.5,22.320481,114.125622,18|10|16|23|7,0.1409|0.0748|0.0522|0.0392|0.0241,
unit_005360,HongKong,8,15,176.7,18,1.8471,0.0,0.0,0.5,22.322045,114.123137,18|10|23|16|7,0.1385|0.0786|0.0329|0.0237|0.0229,
unit_005361,HongKong,7,7,151.5,18,1.7746,0.0,0.0,0.5,22.32322,114.121602,18|10|23|1|13,0.1328|0.0635|0.0275|0.0167|0.0148,
unit_005362,HongKong,9,16,201.9,18,1.8514,0.0,0.0,0.5,22.32474,114.119616,18|10|23|7|16,0.1375|0.0641|0.0300|0.0227|0.0217,
unit_005363,HongKong,7,7,151.5,18,1.8827,0.0,0.0,0.5,22.32655,114.117279,18|10|23|7|1,0.1294|0.0665|0.0308|0.0242|0.0174,
unit_005364,HongKong,9,15,201.9,18,2.459,0.00012,0.1214,0.5303,22.328787,114.114409,18|10|2|16|7,0.0854|0.0729|0.0486|0.0482|0.0432,
unit_005366,HongKong,8,8,176.3,18,2.1396,0.0,0.0,0.5,22.324104,114.133548,18|2|14|16|13,0.1281|0.0975|0.0469|0.0373|0.0270,
unit_005367,HongKong,8,8,176.3,18,2.3026,0.0,0.0,0.5,22.325269,114.135225,18|2|16|14|3,0.1075|0.1042|0.0604|0.0556|0.0419,
unit_005368,HongKong,6,6,125.9,21,2.4273,0.0,0.0,0.5,22.327066,114.137844,21|2|3|1|16,0.1038|0.0740|0.0592|0.0532|0.0493,
unit_005369,HongKong,8,8,175.6,18,2.1396,0.0,0.0,0.5,22.323929,114.133664,18|2|14|16|13,0.1281|0.0975|0.0469|0.0373|0.0270,
unit_005370,HongKong,8,8,175.6,18,2.3026,0.0,0.0,0.5,22.325084,114.135339,18|2|16|14|3,0.1075|0.1042|0.0604|0.0556|0.0419,
unit_005371,HongKong,4,4,75.3,21,2.4273,0.0,0.0,0.5,22.326891,114.137937,21|2|3|1|16,0.1038|0.0740|0.0592|0.0532|0.0493,
unit_005372,HongKong,7,8,154.2,18,2.4181,0.0,0.05656,0.5141,22.299638,113.934337,18|16|31|21|3,0.1419|0.0901|0.0651|0.0423|0.0422,
unit_005373,HongKong,7,8,154.2,18,2.3644,1e-05,0.05656,0.5141,22.298855,113.93558,18|3|21|10|2,0.1114|0.0624|0.0573|0.0518|0.0479,
unit_005374,HongKong,3,3,52.9,18,2.2978,0.0,0.0,0.5,22.330294,114.141969,18|1|10|31|16,0.1491|0.0484|0.0448|0.0389|0.0371,
unit_005375,HongKong,6,6,126.1,18,2.2978,0.0,0.0,0.5,22.330387,114.142314,18|1|10|31|16,0.1491|0.0484|0.0448|0.0389|0.0371,
unit_005376,HongKong,8,8,177.1,3,2.4994,0.0,0.0,0.5,22.301307,114.157601,3|31|16|1|10,0.0886|0.0794|0.0769|0.0717|0.0649,
unit_005377,HongKong,16,16,318.0,1,2.472,0.0,0.0,0.5,22.349484,114.126942,1|21|27|13|3,0.1081|0.0842|0.0808|0.0450|0.0401,
unit_005378,HongKong,6,6,128.7,31,2.3836,0.0,0.0,0.5,22.273708,114.154906,31|1|22|27|23,0.1221|0.0855|0.0477|0.0444|0.0370,
unit_005379,HongKong,7,7,154.9,1,2.472,0.0,0.0,0.5,22.34957,114.127434,1|21|27|13|3,0.1081|0.0842|0.0808|0.0450|0.0401,
unit_005380,HongKong,10,11,230.8,18,2.3533,3e-05,0.0,0.5,22.333836,114.108223,18|2|10|23|1,0.1656|0.0623|0.0430|0.0418|0.0370,
unit_005381,HongKong,8,8,182.8,21,2.3753,0.0,0.0,0.5,22.343471,114.111188,21|18|1|16|2,0.1008|0.0925|0.0607|0.0535|0.0506,
unit_005382,HongKong,8,8,175.6,31,2.3042,0.0,0.0,0.5,22.308809,114.042067,31|3|16|1|22,0.1049|0.0816|0.0650|0.0515|0.0453,
unit_005384,HongKong,8,9,176.1,21,2.3077,1e-05,0.0,0.5,22.30963,113.937893,21|10|18|3|2,0.0764|0.0739|0.0709|0.0667|0.0661,
unit_005385,HongKong,8,8,178.8,14,1.744,0.0,0.69968,0.6681,22.347808,114.151644,14|18|16|23|2,0.1601|0.0655|0.0417|0.0280|0.0178,
unit_005386,HongKong,5,6,102.2,14,1.6151,0.0,0.15446,0.5385,22.349128,114.153345,14|18|16|23|31,0.1580|0.0700|0.0328|0.0267|0.0138,
unit_005387,HongKong,7,7,156.1,16,2.4567,0.0,0.0,0.5,22.372832,114.07196,16|27|18|23|3,0.0871|0.0709|0.0700|0.0638|0.0635,
unit_005388,HongKong,8,8,182.1,18,2.3343,0.0,0.0,0.5,22.372048,114.075251,18|16|31|2|14,0.1286|0.0743|0.0491|0.0481|0.0424,
unit_005389,HongKong,8,8,177.7,16,2.4567,0.0,0.0,0.5,22.372581,114.071928,16|27|18|23|3,0.0871|0.0709|0.0700|0.0638|0.0635,
unit_005390,HongKong,9,15,203.1,18,2.4224,8e-05,0.0,0.5,22.371072,114.074356,18|2|14|23|16,0.1480|0.0759|0.0549|0.0539|0.0469,
unit_005391,HongKong,16,25,329.2,18,2.1833,1e-05,0.0,0.5,22.368606,114.077457,18|10|23|2|16,0.1322|0.0785|0.0366|0.0331|0.0303,
unit_005393,HongKong,12,13,277.7,21,2.5146,5e-05,0.0,0.5,22.375452,114.120374,21|3|16|31|22,0.0986|0.0631|0.0588|0.0560|0.0548,
unit_005394,HongKong,26,26,452.2,21,2.5036,0.0,0.07924,0.5198,22.374977,114.121194,21|31|18|16|1,0.1226|0.0692|0.0684|0.0622|0.0576,
unit_005395,HongKong,7,7,151.1,31,2.5125,0.0,0.0,0.5,22.378185,114.127946,31|16|18|7|10,0.0850|0.0827|0.0730|0.0594|0.0565,
unit_005396,HongKong,7,7,156.6,18,2.4403,0.0,0.0,0.5,22.361457,114.11883,18|21|14|2|1,0.0781|0.0678|0.0607|0.0597|0.0565,
unit_005398,HongKong,7,7,157.8,18,2.4403,0.0,0.0,0.5,22.361414,114.118709,18|21|14|2|1,0.0781|0.0678|0.0607|0.0597|0.0565,
unit_005399,HongKong,14,14,283.0,18,2.3498,0.0,0.0,0.5,22.364751,114.114762,18|1|31|16|21,0.1108|0.1085|0.0557|0.0548|0.0489,
unit_005400,HongKong,8,8,175.1,18,2.317,0.0,0.0,0.5,22.366466,114.112807,18|1|2|21|31,0.1277|0.0724|0.0524|0.0505|0.0460,
unit_005401,HongKong,9,16,206.4,18,2.3872,0.0,0.0,0.5,22.369072,114.110105,18|1|31|21|16,0.1382|0.0983|0.0679|0.0631|0.0423,
unit_005402,HongKong,8,11,180.6,1,2.5277,6e-05,0.0,0.5,22.371219,114.107816,1|18|2|31|13,0.0877|0.0832|0.0719|0.0677|0.0642,
unit_005404,HongKong,9,16,201.9,18,2.3878,0.0,0.0,0.5,22.368999,114.110072,18|1|31|21|16,0.1382|0.0984|0.0679|0.0631|0.0422,
unit_005405,HongKong,8,8,177.9,1,2.5413,0.0,0.0,0.5,22.373288,114.105642,1|3|2|21|10,0.0907|0.0843|0.0753|0.0565|0.0554,
unit_005406,HongKong,8,8,177.9,18,2.5098,0.0,0.0,0.5,22.374137,114.103188,18|16|31|14|7,0.1085|0.0924|0.0636|0.0555|0.0442,
unit_005407,HongKong,8,8,177.4,18,2.5098,0.0,0.0,0.5,22.374235,114.103246,18|16|31|14|7,0.1085|0.0924|0.0636|0.0555|0.0442,
unit_005408,HongKong,8,8,177.4,1,2.5413,0.0,0.0,0.5,22.373371,114.1057,1|3|2|21|10,0.0907|0.0843|0.0753|0.0565|0.0554,
unit_005409,HongKong,7,7,156.6,18,2.5098,0.0,0.0,0.5,22.374385,114.103116,18|16|31|14|7,0.1085|0.0924|0.0636|0.0555|0.0442,
unit_005410,HongKong,8,8,182.7,14,2.4721,0.0,0.0,0.5,22.375122,114.105667,14|2|27|31|18,0.0958|0.0843|0.0699|0.0658|0.0544,
unit_005411,HongKong,15,24,302.1,18,2.3505,2e-05,0.0,0.5,22.371501,114.078599,18|16|10|23|31,0.1347|0.0872|0.0657|0.0586|0.0348,
unit_005412,HongKong,12,23,277.2,18,2.4103,7e-05,0.0,0.5,22.37128,114.074626,18|2|16|14|23,0.1428|0.0709|0.0566|0.0542|0.0479,
unit_005413,HongKong,7,7,151.2,16,2.4567,0.0,0.0,0.5,22.37231,114.071682,16|27|18|23|3,0.0871|0.0709|0.0700|0.0638|0.0635,
unit_005414,HongKong,10,11,175.3,23,2.5125,0.0,0.07047,0.5176,22.373619,114.069897,23|27|16|31|3,0.0843|0.0818|0.0749|0.0685|0.0622,
unit_005415,HongKong,13,24,301.5,18,2.406,7e-05,0.0,0.5,22.371249,114.074576,18|2|16|14|23,0.1411|0.0734|0.0568|0.0567|0.0456,
unit_005416,HongKong,13,13,261.7,1,2.4957,0.0,0.31869,0.579,22.394878,113.976525,1|10|21|3|18,0.0870|0.0804|0.0736|0.0683|0.0590,
unit_005417,HongKong,14,24,296.0,14,2.3318,4e-05,0.31869,0.579,22.396681,113.976314,14|21|18|2|1,0.0980|0.0723|0.0710|0.0537|0.0461,
unit_005418,HongKong,6,6,91.3,31,2.4369,0.0,0.0,0.5,22.400503,113.976947,31|1|21|18|10,0.1208|0.0929|0.0852|0.0755|0.0548,
unit_005419,HongKong,30,30,568.3,31,2.4369,0.0,0.0,0.5,22.40099,113.976356,31|1|21|18|10,0.1208|0.0929|0.0852|0.0755|0.0548,
unit_005420,HongKong,6,6,125.2,7,2.4799,0.0,0.0,0.5,22.414623,113.981274,7|21|13|27|31,0.1083|0.0801|0.0612|0.0591|0.0563,
unit_005421,HongKong,54,60,1160.2,18,2.3522,1e-05,0.0,0.5,22.415527,113.983552,18|31|16|14|13,0.0835|0.0735|0.0723|0.0640|0.0543,
unit_005422,HongKong,56,65,1052.0,18,2.3876,2e-05,0.16756,0.5418,22.414899,113.982935,18|31|14|16|13,0.0874|0.0779|0.0651|0.0634|0.0585,
unit_005423,HongKong,36,38,658.2,21,2.3743,0.0,0.11106,0.5277,22.411742,113.982255,21|1|31|2|3,0.1212|0.0932|0.0768|0.0523|0.0522,
unit_005424,HongKong,4,4,80.3,7,2.4799,0.0,0.238,0.5592,22.413959,113.982321,7|21|13|27|31,0.1083|0.0801|0.0612|0.0591|0.0563,
unit_005425,HongKong,31,31,781.3,31,2.4602,0.0,0.0,0.5,22.408834,113.980736,31|10|1|21|3,0.0897|0.0889|0.0837|0.0733|0.0668,
unit_005426,HongKong,7,7,152.1,14,2.2511,0.0,0.0,0.5,22.409862,113.979425,14|18|21|1|3,0.0988|0.0819|0.0610|0.0302|0.0293,
unit_005427,HongKong,22,23,375.6,21,2.3918,0.0,0.09831,0.5246,22.372924,113.993243,21|1|3|31|27,0.1164|0.0756|0.0672|0.0663|0.0641,
unit_005428,HongKong,42,42,745.1,31,2.3722,0.0,0.0,0.5,22.370987,113.994545,31|16|21|1|7,0.0951|0.0872|0.0663|0.0531|0.0515,
unit_005429,HongKong,33,34,507.6,1,2.4192,0.0,0.1515,0.5378,22.395473,113.977574,1|21|3|2|7,0.1064|0.0939|0.0677|0.0656|0.0558,
unit_005430,HongKong,13,13,231.5,16,2.4183,0.0,0.0,0.5,22.361179,114.047479,16|31|22|18|3,0.1092|0.0862|0.0816|0.0612|0.0562,
unit_005431,HongKong,48,48,793.4,1,2.4514,0.0,0.12049,0.5301,22.367269,114.062949,1|27|31|16|3,0.1101|0.0829|0.0779|0.0671|0.0636,
unit_005432,HongKong,17,17,334.6,18,2.4932,0.0,0.0,0.5,22.364301,114.068948,18|10|16|31|21,0.1004|0.0923|0.0585|0.0527|0.0510,
unit_005433,HongKong,8,8,181.2,16,2.4886,0.0,0.0,0.5,22.368279,114.094165,16|18|27|31|1,0.0896|0.0694|0.0629|0.0623|0.0614,
unit_005434,HongKong,3,3,51.0,21,2.4051,0.0,0.0,0.5,22.368498,114.09799,21|31|1|2|23,0.1068|0.0774|0.0707|0.0602|0.0583,
unit_005435,HongKong,25,25,428.4,1,2.3644,0.0,0.0,0.5,22.371706,114.102876,1|31|16|3|18,0.0909|0.0704|0.0600|0.0570|0.0534,
unit_005436,HongKong,37,37,759.5,21,2.4051,0.0,0.0,0.5,22.369322,114.098212,21|31|1|2|23,0.1068|0.0774|0.0707|0.0602|0.0583,
unit_005437,HongKong,8,8,130.5,1,2.2274,0.0,0.0,0.5,22.373373,114.116286,1|16|7|3|23,0.1443|0.0627|0.0530|0.0349|0.0287,
unit_005438,HongKong,26,26,368.4,1,2.2748,0.0,0.0,0.5,22.37499,114.112357,1|7|16|2|31,0.1212|0.0666|0.0629|0.0361|0.0309,
unit_005439,HongKong,27,27,444.4,1,2.329,0.0,0.0,0.5,22.375627,114.110123,1|16|13|31|14,0.0796|0.0771|0.0584|0.0525|0.0432,
unit_005440,HongKong,40,40,708.1,1,2.3505,0.0,0.0,0.5,22.363357,114.118254,1|2|31|3|16,0.0957|0.0770|0.0764|0.0622|0.0621,
unit_005441,HongKong,7,7,154.2,1,2.3505,0.0,0.0,0.5,22.363306,114.118325,1|2|31|3|16,0.0957|0.0770|0.0764|0.0622|0.0621,
unit_005442,HongKong,8,8,179.9,31,2.4648,0.0,0.0,0.5,22.362042,114.115735,31|22|16|1|3,0.1087|0.0901|0.0628|0.0521|0.0511,
unit_005443,HongKong,7,7,156.7,31,2.3995,0.0,0.0,0.5,22.446434,114.001702,31|3|16|1|27,0.1200|0.0790|0.0748|0.0535|0.0523,
unit_005444,HongKong,69,116,2078.6,1,2.4418,3e-05,0.07576,0.5189,22.450077,114.002659,1|21|3|10|31,0.1156|0.0772|0.0682|0.0473|0.0419,
unit_005445,HongKong,53,53,783.0,1,2.3861,0.0,0.0,0.5,22.451379,114.007029,1|21|31|3|2,0.0973|0.0796|0.0765|0.0654|0.0597,
unit_005446,HongKong,29,29,435.1,31,2.3632,0.0,0.0,0.5,22.453526,114.004447,31|1|3|16|10,0.1038|0.1021|0.0692|0.0596|0.0505,
unit_005447,HongKong,37,37,869.0,1,2.4361,0.0,0.0,0.5,22.456816,114.005813,1|3|31|21|27,0.1081|0.1073|0.0776|0.0590|0.0397,
unit_005449,HongKong,17,17,351.7,21,2.422,0.0,0.0,0.5,22.460348,114.008455,21|18|3|22|1,0.1062|0.0866|0.0864|0.0635|0.0532,
unit_005450,HongKong,50,50,881.8,21,2.348,0.0,0.0,0.5,22.459282,113.997679,21|1|31|3|13,0.1093|0.0857|0.0714|0.0499|0.0392,
unit_005451,HongKong,26,26,553.0,1,2.3879,0.0,0.0,0.5,22.458274,114.004322,1|3|31|21|18,0.1154|0.0877|0.0830|0.0521|0.0376,
unit_005452,HongKong,53,61,1233.4,1,2.3176,1e-05,0.0,0.5,22.461816,114.004125,1|21|31|3|27,0.1297|0.0789|0.0712|0.0591|0.0411,
unit_005453,HongKong,27,53,609.8,18,2.4509,4e-05,0.0546,0.5136,22.454902,114.008867,18|21|3|1|2,0.1127|0.1039|0.0825|0.0492|0.0474,
unit_005454,HongKong,7,7,154.4,21,2.3554,0.0,0.0546,0.5136,22.457323,114.00879,21|18|3|22|27,0.1107|0.1040|0.0905|0.0575|0.0517,
unit_005455,HongKong,7,9,150.3,21,2.3882,0.0,0.09995,0.525,22.462313,114.008436,21|1|3|2|31,0.0902|0.0825|0.0634|0.0530|0.0525,
unit_005456,HongKong,66,79,1207.0,21,2.492,7e-05,0.07861,0.5196,22.462936,114.008274,21|3|1|18|31,0.0943|0.0791|0.0677|0.0633|0.0524,
unit_005457,HongKong,24,24,411.7,1,2.3298,0.0,0.0,0.5,22.464527,114.004318,1|3|21|31|13,0.1123|0.0958|0.0812|0.0680|0.0435,
unit_005458,HongKong,46,67,823.5,1,2.4131,1e-05,0.0,0.5,22.466276,114.005291,1|31|3|7|27,0.0925|0.0852|0.0809|0.0560|0.0526,
unit_005459,HongKong,65,124,1456.2,1,2.4056,6e-05,0.07972,0.5199,22.470825,114.002102,1|3|31|21|16,0.1189|0.0834|0.0782|0.0532|0.0445,
unit_005460,HongKong,15,16,351.2,21,2.5461,0.0001,0.0,0.5,22.470719,113.997353,21|18|3|22|1,0.0949|0.0793|0.0667|0.0667|0.0512,
unit_005461,HongKong,5,5,100.3,22,2.255,0.0,0.0,0.5,22.468318,113.996118,22|13|31|7|3,0.1125|0.1003|0.0435|0.0367|0.0327,
unit_005462,HongKong,57,99,952.0,1,2.4197,3e-05,0.0,0.5,22.461841,113.996909,1|2|3|18|21,0.1005|0.0906|0.0632|0.0614|0.0491,
unit_005463,HongKong,8,8,178.4,1,2.2514,0.0,0.0,0.5,22.462032,114.000711,1|31|3|27|18,0.1119|0.0928|0.0816|0.0435|0.0429,
unit_005464,HongKong,10,10,211.6,31,2.3734,0.0,0.0,0.5,22.45433,114.001603,31|7|13|10|1,0.1195|0.0761|0.0743|0.0626|0.0465,
unit_005465,HongKong,33,33,565.8,1,2.4215,0.0,0.07576,0.5189,22.449952,114.001521,1|21|31|7|27,0.1145|0.0761|0.0637|0.0619|0.0473,
unit_005466,HongKong,8,8,185.7,31,2.4439,0.0,0.0,0.5,22.466479,113.996964,31|1|7|10|3,0.0856|0.0813|0.0786|0.0752|0.0669,
unit_005467,HongKong,7,10,152.5,2,2.5336,0.0,0.0,0.5,22.415995,113.988484,2|22|16|7|14,0.0913|0.0767|0.0702|0.0671|0.0557,
unit_005468,HongKong,14,14,279.2,2,2.5459,0.0,0.0,0.5,22.416539,113.990124,2|31|22|3|16,0.0950|0.0776|0.0621|0.0577|0.0562,
unit_005469,HongKong,3,3,51.0,22,2.5063,0.0,0.0,0.5,22.418139,113.991836,22|21|2|31|16,0.1259|0.0977|0.0762|0.0584|0.0529,
unit_005470,HongKong,6,6,126.5,22,2.5063,0.0,0.0,0.5,22.418165,113.992205,22|21|2|31|16,0.1259|0.0977|0.0762|0.0584|0.0529,
unit_005471,HongKong,10,13,227.7,18,2.4055,4e-05,0.0,0.5,22.420065,113.992951,18|16|10|23|21,0.1391|0.0641|0.0622|0.0535|0.0524,
unit_005472,HongKong,18,20,377.3,18,2.3619,1e-05,0.0,0.5,22.423807,113.996028,18|14|16|10|21,0.1153|0.0780|0.0670|0.0563|0.0447,
unit_005473,HongKong,12,16,276.3,18,2.4758,5e-05,0.0,0.5,22.426297,113.999547,18|21|16|14|23,0.0984|0.0921|0.0693|0.0618|0.0525,
unit_005474,HongKong,8,8,175.8,18,2.4261,0.0,0.0,0.5,22.428342,114.00094,18|21|23|14|16,0.1185|0.1031|0.0584|0.0566|0.0523,
unit_005475,HongKong,16,18,340.4,13,2.517,2e-05,0.20264,0.5505,22.432422,114.002616,13|22|7|21|10,0.0846|0.0737|0.0730|0.0698|0.0574,
unit_005476,HongKong,7,7,150.4,31,2.5115,0.0,0.0,0.5,22.436124,114.019129,31|10|21|2|3,0.0873|0.0861|0.0856|0.0705|0.0655,
unit_005477,HongKong,7,7,150.4,18,2.4068,0.0,0.0,0.5,22.435126,114.023761,18|16|31|7|14,0.1080|0.1041|0.0926|0.0528|0.0507,
unit_005478,HongKong,8,8,175.5,22,2.2498,0.0,0.0,0.5,22.434094,114.031235,22|31|16|10|23,0.1157|0.1130|0.0971|0.0416|0.0347,
unit_005479,HongKong,8,8,127.3,13,2.3668,0.0,0.27117,0.5674,22.434661,114.03332,13|31|7|22|1,0.0845|0.0840|0.0828|0.0585|0.0325,
unit_005480,HongKong,9,9,153.1,21,2.4919,0.0,0.0,0.5,22.387193,113.968736,21|1|18|13|2,0.1060|0.0757|0.0722|0.0664|0.0653,
unit_005481,HongKong,7,7,151.3,18,2.5405,0.0,0.27117,0.5674,22.435318,114.034471,18|31|22|16|21,0.1060|0.0873|0.0652|0.0649|0.0635,
unit_005482,HongKong,8,8,176.5,21,2.4872,0.0,0.0,0.5,22.439829,114.039003,21|18|22|16|3,0.1375|0.0772|0.0743|0.0575|0.0483,
unit_005483,HongKong,7,7,151.3,21,2.2565,0.0,0.0,0.5,22.443068,114.03937,21|22|18|23|31,0.1282|0.1194|0.0772|0.0571|0.0446,
unit_005484,HongKong,7,7,151.3,18,2.4591,0.0,0.0,0.5,22.44488,114.039433,18|2|21|1|14,0.0984|0.0871|0.0835|0.0655|0.0563,
unit_005486,HongKong,6,6,133.5,18,2.5405,0.0,0.0,0.5,22.435454,114.034335,18|31|22|16|21,0.1060|0.0873|0.0652|0.0649|0.0635,
unit_005487,HongKong,39,39,639.6,31,2.4859,0.0,0.0,0.5,22.40513,113.97272,31|16|22|7|2,0.1117|0.1066|0.0593|0.0584|0.0498,
unit_005488,HongKong,8,8,183.3,31,2.4859,0.0,0.0,0.5,22.405063,113.973027,31|16|22|7|2,0.1117|0.1066|0.0593|0.0584|0.0498,
unit_005489,HongKong,20,20,388.0,1,2.2475,0.0,0.0,0.5,22.378589,114.107275,1|16|7|31|21,0.1447|0.0749|0.0629|0.0550|0.0495,
unit_005490,HongKong,7,7,159.6,1,2.4075,0.0,0.0,0.5,22.374087,114.116366,1|2|16|18|3,0.1074|0.0949|0.0655|0.0559|0.0529,
unit_005491,HongKong,32,32,515.6,3,2.4786,0.0,0.07924,0.5198,22.375171,114.11988,3|21|22|16|10,0.0806|0.0782|0.0568|0.0551|0.0516,
unit_005492,HongKong,8,8,126.0,7,2.4508,0.0,0.0,0.5,22.376523,114.123265,7|21|31|1|22,0.0914|0.0854|0.0735|0.0680|0.0663,
unit_005493,HongKong,39,39,561.8,1,2.41,0.0,0.0,0.5,22.370428,114.121618,1|31|16|3|27,0.1032|0.0701|0.0606|0.0507|0.0474,
unit_005494,HongKong,18,18,358.2,1,2.4945,0.0,0.0,0.5,22.37507,114.123323,1|31|14|10|16,0.0979|0.0624|0.0545|0.0499|0.0466,
unit_005495,HongKong,14,14,205.1,31,2.5444,0.0,0.0,0.5,22.377038,114.118377,31|10|22|7|1,0.0855|0.0747|0.0596|0.0546|0.0450,
unit_005496,HongKong,8,8,175.1,27,2.4385,0.0,0.0,0.5,22.377667,114.113811,27|16|22|18|10,0.1051|0.0829|0.0782|0.0686|0.0610,
unit_005497,HongKong,15,16,350.3,21,2.5271,6e-05,0.12029,0.53,22.380479,114.112625,21|22|27|7|16,0.1041|0.0857|0.0841|0.0541|0.0448,
unit_005498,HongKong,8,8,175.1,22,2.4833,0.0,0.12029,0.53,22.382773,114.111674,22|16|27|18|21,0.1113|0.0891|0.0867|0.0654|0.0644,
unit_005499,HongKong,12,12,275.2,21,2.452,0.0,0.0,0.5,22.383734,114.109008,21|31|22|27|23,0.1128|0.0922|0.0840|0.0714|0.0543,
unit_005500,HongKong,12,16,275.2,22,2.5861,0.0001,0.0,0.5,22.386585,114.106902,22|23|31|27|21,0.0832|0.0738|0.0664|0.0600|0.0585,
unit_005501,HongKong,9,9,200.2,22,2.3725,0.0,0.0,0.5,22.388536,114.105175,22|27|16|31|23,0.0979|0.0956|0.0854|0.0549|0.0488,
unit_005502,HongKong,7,9,150.1,22,2.4687,1e-05,0.07402,0.5185,22.39152,114.10451,22|21|23|27|10,0.1170|0.0976|0.0609|0.0500|0.0486,
unit_005503,HongKong,6,8,125.1,22,2.3902,1e-05,0.08219,0.5205,22.392518,114.1037,22|27|23|16|31,0.1237|0.0886|0.0713|0.0652|0.0491,
unit_005504,HongKong,18,23,425.4,21,2.3581,7e-05,0.09036,0.5226,22.392152,114.102481,21|22|23|27|2,0.1047|0.1026|0.1021|0.0651|0.0472,
unit_005505,HongKong,24,24,454.3,16,2.196,0.0,0.08309,0.5208,22.394784,114.102923,16|27|22|31|23,0.1235|0.0922|0.0871|0.0646|0.0577,
unit_005506,HongKong,79,104,1378.5,1,2.4146,3e-05,0.0,0.5,22.371256,114.113411,1|3|21|31|16,0.1250|0.0722|0.0469|0.0444|0.0426,
unit_005507,HongKong,7,7,111.8,18,2.5162,0.0,0.0,0.5,22.371724,114.108437,18|2|1|31|13,0.0982|0.0815|0.0785|0.0696|0.0684,
unit_005508,HongKong,23,23,402.0,31,2.4648,0.0,0.0,0.5,22.362123,114.115386,31|22|16|1|3,0.1087|0.0901|0.0628|0.0521|0.0511,
unit_005509,HongKong,41,41,657.7,1,2.3613,0.0,0.0,0.5,22.368182,114.115197,1|16|31|3|23,0.1198|0.0520|0.0446|0.0416|0.0314,
unit_005510,HongKong,11,11,213.7,1,2.0541,0.0,0.0,0.5,22.370207,114.119947,1|7|16|23|31,0.1267|0.0886|0.0813|0.0520|0.0445,
unit_005511,HongKong,20,20,277.1,1,2.1582,0.0,0.0,0.5,22.36869,114.121095,1|16|7|21|10,0.1158|0.1004|0.0778|0.0621|0.0454,
unit_005512,HongKong,24,24,334.0,1,2.4141,0.0,0.0,0.5,22.370343,114.111082,1|7|16|3|2,0.1411|0.0736|0.0599|0.0514|0.0456,
unit_005516,HongKong,10,16,228.5,18,2.352,4e-05,0.0,0.5,22.360406,114.112513,18|31|16|14|10,0.1094|0.0705|0.0604|0.0533|0.0532,
unit_005517,HongKong,7,8,152.3,18,2.343,0.0,0.12639,0.5316,22.359417,114.106998,18|16|1|14|10,0.1050|0.0798|0.0662|0.0617|0.0475,
unit_005518,HongKong,11,12,207.8,1,2.3755,0.0,0.12639,0.5316,22.359199,114.105553,1|21|31|16|7,0.1134|0.0756|0.0650|0.0630|0.0564,
unit_005519,HongKong,6,7,134.5,1,2.3742,0.0,0.12544,0.5313,22.359379,114.105488,1|21|31|16|7,0.1135|0.0755|0.0650|0.0631|0.0564,
unit_005520,HongKong,9,12,151.6,18,2.3746,1e-05,0.12112,0.5302,22.359502,114.106859,18|16|1|14|31,0.1041|0.0812|0.0713|0.0611|0.0461,
unit_005521,HongKong,13,13,211.0,16,2.4582,0.0,0.0,0.5,22.359281,114.103149,16|2|18|1|31,0.0961|0.0837|0.0708|0.0649|0.0568,
unit_005522,HongKong,25,25,394.2,1,2.4102,0.0,0.0,0.5,22.360525,114.10343,1|21|10|3|31,0.1075|0.0751|0.0551|0.0546|0.0538,
unit_005523,HongKong,10,10,178.6,16,2.3979,0.0,0.0,0.5,22.360528,114.098726,16|23|31|3|1,0.0790|0.0632|0.0626|0.0588|0.0549,
unit_005525,HongKong,16,16,231.5,1,2.3845,0.0,0.0,0.5,22.378938,114.104331,1|7|21|23|10,0.1377|0.0674|0.0653|0.0479|0.0416,
unit_005526,HongKong,12,12,202.5,1,2.4143,0.0,0.0,0.5,22.376783,114.105834,1|16|31|10|14,0.0864|0.0791|0.0753|0.0520|0.0518,
unit_005527,HongKong,4,5,75.9,1,2.4589,0.0,0.0,0.5,22.376772,114.107031,1|14|31|16|10,0.0966|0.0632|0.0584|0.0583|0.0523,
unit_005529,HongKong,8,8,176.0,31,2.5125,0.0,0.0,0.5,22.378326,114.128002,31|16|18|7|10,0.0850|0.0827|0.0730|0.0594|0.0565,
unit_005530,HongKong,9,13,201.1,16,2.5443,4e-05,0.0,0.5,22.380621,114.133034,16|22|31|3|27,0.0826|0.0822|0.0814|0.0688|0.0575,
unit_005531,HongKong,12,12,228.3,16,2.3601,0.0,0.0,0.5,22.381545,114.134857,16|18|23|2|31,0.0890|0.0814|0.0690|0.0668|0.0660,
unit_005532,HongKong,7,7,155.3,31,2.4859,0.0,0.0,0.5,22.405161,113.973095,31|16|22|7|2,0.1117|0.1066|0.0593|0.0584|0.0498,
unit_005533,HongKong,8,8,127.5,21,2.3036,0.0,0.0,0.5,22.405507,113.974767,21|1|3|31|10,0.1105|0.0860|0.0624|0.0429|0.0379,
unit_005534,HongKong,10,14,167.0,31,2.4954,1e-05,0.05481,0.5137,22.398327,113.972803,31|1|13|7|16,0.1037|0.0856|0.0850|0.0786|0.0658,
unit_005535,HongKong,38,38,696.3,31,2.4984,0.0,0.17503,0.5436,22.40799,113.974109,31|21|23|27|1,0.0934|0.0741|0.0651|0.0647|0.0638,
unit_005536,HongKong,20,20,414.5,21,2.3036,0.0,0.0,0.5,22.40624,113.974876,21|1|3|31|10,0.1105|0.0860|0.0624|0.0429|0.0379,
unit_005537,HongKong,26,26,451.4,1,2.2642,0.0,0.0,0.5,22.407152,113.971312,1|3|31|27|21,0.1051|0.0993|0.0771|0.0687|0.0551,
unit_005538,HongKong,18,18,323.8,31,2.3518,0.0,0.17503,0.5436,22.408673,113.972299,31|7|16|10|27,0.0958|0.0760|0.0680|0.0527|0.0523,
unit_005539,HongKong,34,34,523.6,1,2.3106,0.0,0.0,0.5,22.407803,113.969253,1|21|31|16|3,0.1417|0.0693|0.0525|0.0442|0.0429,
unit_005540,HongKong,42,42,633.7,1,2.2787,0.0,0.0,0.5,22.396716,113.96937,1|16|7|23|13,0.1297|0.0558|0.0544|0.0489|0.0459,
unit_005541,HongKong,12,12,217.2,1,2.2695,0.0,0.0,0.5,22.395187,113.96934,1|16|7|31|10,0.1155|0.0650|0.0614|0.0506|0.0458,
unit_005542,HongKong,5,5,110.5,1,2.4831,0.0,0.05481,0.5137,22.398464,113.972319,1|31|2|13|10,0.0771|0.0648|0.0586|0.0560|0.0533,
unit_005543,HongKong,37,37,515.0,1,2.4003,0.0,0.0,0.5,22.394615,113.971221,1|16|2|7|31,0.1075|0.0867|0.0714|0.0673|0.0593,
unit_005544,HongKong,16,16,278.4,1,2.396,0.0,0.0,0.5,22.368263,114.11842,1|16|3|31|13,0.1323|0.0621|0.0621|0.0574|0.0389,
unit_005545,HongKong,15,15,290.7,1,2.396,0.0,0.0,0.5,22.367779,114.118165,1|16|3|31|13,0.1323|0.0621|0.0621|0.0574|0.0389,
unit_005546,HongKong,13,13,238.5,14,2.4721,0.0,0.0,0.5,22.37474,114.105654,14|2|27|31|18,0.0958|0.0843|0.0699|0.0658|0.0544,
unit_005547,HongKong,15,15,197.1,14,2.4721,0.0,0.0,0.5,22.375409,114.105855,14|2|27|31|18,0.0958|0.0843|0.0699|0.0658|0.0544,
unit_005548,HongKong,41,41,696.3,1,2.5413,0.0,0.0,0.5,22.373192,114.105475,1|3|2|21|10,0.0907|0.0843|0.0753|0.0565|0.0554,
unit_005549,HongKong,10,10,189.9,21,2.4569,0.0,0.0,0.5,22.498014,114.127313,21|1|18|13|31,0.1012|0.0815|0.0683|0.0579|0.0563,
unit_005550,HongKong,13,13,271.5,31,2.4829,0.0,0.0,0.5,22.499149,114.13247,31|21|22|18|16,0.0928|0.0879|0.0854|0.0781|0.0653,
unit_005552,HongKong,21,21,352.3,7,2.3942,0.0,0.0,0.5,22.498998,114.1356,7|3|21|1|22,0.0884|0.0719|0.0696|0.0621|0.0513,
unit_005553,HongKong,7,7,158.3,21,2.4894,0.0,0.0,0.5,22.497725,114.138208,21|31|7|3|16,0.1019|0.0865|0.0818|0.0718|0.0644,
unit_005554,HongKong,26,26,524.7,21,2.3374,0.0,0.0,0.5,22.508039,114.129853,21|7|31|1|16,0.0899|0.0769|0.0754|0.0739|0.0662,
unit_005555,HongKong,20,20,371.6,3,2.3981,0.0,0.0,0.5,22.508179,114.127672,3|1|31|21|7,0.0658|0.0603|0.0540|0.0527|0.0514,
unit_005556,HongKong,28,28,514.1,21,2.3532,0.0,0.0,0.5,22.506023,114.131939,21|3|1|7|31,0.1008|0.0568|0.0565|0.0484|0.0432,
unit_005557,HongKong,22,24,440.8,21,2.4857,4e-05,0.0,0.5,22.51013,114.126548,21|7|1|3|31,0.1118|0.0757|0.0651|0.0618|0.0565,
unit_005558,HongKong,56,58,1273.0,21,2.4336,5e-05,0.0,0.5,22.517825,114.125452,21|16|10|13|22,0.1091|0.0703|0.0624|0.0622|0.0618,
unit_005559,HongKong,8,8,180.2,22,2.2537,0.0,0.0,0.5,22.516508,114.127673,22|13|31|16|3,0.0824|0.0809|0.0753|0.0680|0.0636,
unit_005560,HongKong,40,44,873.1,13,2.2807,4e-05,0.0,0.5,22.517123,114.132732,13|22|3|7|31,0.1191|0.1056|0.0681|0.0618|0.0447,
unit_005561,HongKong,45,48,898.5,1,2.4901,6e-05,0.0,0.5,22.502709,114.136117,1|3|31|21|16,0.0938|0.0810|0.0726|0.0659|0.0639,
unit_005562,HongKong,42,50,768.5,1,2.4851,6e-05,0.0,0.5,22.501982,114.14008,1|3|31|21|22,0.0918|0.0895|0.0793|0.0563|0.0512,
unit_005563,HongKong,8,8,162.8,1,2.3868,0.0,0.0,0.5,22.362415,114.104928,1|21|31|7|27,0.1002|0.0769|0.0749|0.0505|0.0467,
unit_005564,HongKong,56,121,1221.0,1,2.4346,4e-05,0.0,0.5,22.356099,114.106731,1|3|21|31|10,0.1061|0.0961|0.0844|0.0652|0.0451,
unit_005565,HongKong,60,68,1035.7,1,2.5142,0.0,0.16238,0.5405,22.364976,114.120795,1|13|3|22|18,0.1109|0.0704|0.0665|0.0603|0.0554,
unit_005566,HongKong,21,21,463.0,1,2.3033,0.0,0.0,0.5,22.366349,114.118907,1|7|16|23|3,0.1282|0.0752|0.0731|0.0403|0.0379,
unit_005568,HongKong,8,8,175.9,18,2.4906,0.0,0.0,0.5,22.383626,113.962502,18|21|16|23|14,0.1071|0.0811|0.0713|0.0545|0.0542,
unit_005569,HongKong,13,16,301.5,21,2.3895,1e-05,0.0,0.5,22.380545,113.959675,21|18|22|23|16,0.1051|0.1009|0.0898|0.0677|0.0643,
unit_005570,HongKong,16,23,376.9,18,2.4287,4e-05,0.0,0.5,22.375758,113.956467,18|21|22|23|16,0.1078|0.0994|0.0816|0.0667|0.0654,
unit_005571,HongKong,34,46,607.3,18,2.4908,3e-05,0.35271,0.5873,22.35804,114.018467,18|10|3|23|7,0.1225|0.0724|0.0616|0.0608|0.0535,
unit_005572,HongKong,7,11,151.4,18,2.4158,1e-05,0.0,0.5,22.356302,114.021904,18|16|27|22|23,0.1164|0.1108|0.0797|0.0600|0.0432,
unit_005573,HongKong,8,8,176.7,16,2.2278,0.0,0.0,0.5,22.355849,114.023782,16|31|18|3|22,0.0968|0.0758|0.0700|0.0606|0.0386,
unit_005574,HongKong,7,9,151.4,16,2.4079,1e-05,0.05653,0.5141,22.355598,114.026835,16|18|31|22|3,0.1140|0.0847|0.0786|0.0561|0.0540,
unit_005575,HongKong,4,6,75.7,16,2.1923,1e-05,0.07498,0.5187,22.355661,114.028083,16|18|23|13|14,0.0897|0.0871|0.0462|0.0387|0.0345,
unit_005576,HongKong,13,13,302.9,16,2.3684,3e-05,0.09342,0.5233,22.355862,114.030004,16|18|10|27|31,0.0895|0.0749|0.0701|0.0613|0.0520,
unit_005577,HongKong,6,6,125.2,22,2.4193,0.0,0.0,0.5,22.419413,113.987344,22|31|2|7|16,0.1260|0.0933|0.0821|0.0665|0.0537,
unit_005578,HongKong,6,8,125.2,2,2.4369,2e-05,0.13721,0.5342,22.42321,113.984555,2|7|18|21|1,0.1096|0.0744|0.0694|0.0582|0.0508,
unit_005579,HongKong,13,22,300.6,18,2.4703,6e-05,0.10832,0.527,22.42508,113.983509,18|10|21|3|23,0.1499|0.0743|0.0672|0.0529|0.0495,
unit_005580,HongKong,7,8,150.3,18,2.3609,0.0,0.07944,0.5198,22.427153,113.982645,18|21|10|3|23,0.1327|0.0871|0.0693|0.0657|0.0587,
unit_005581,HongKong,6,7,125.2,21,2.3686,0.0,0.06253,0.5156,22.428822,113.982405,21|18|14|10|3,0.0962|0.0874|0.0714|0.0634|0.0500,
unit_005582,HongKong,7,8,150.3,18,2.3616,0.0,0.06253,0.5156,22.430278,113.982518,18|21|22|14|23,0.1202|0.1125|0.0574|0.0563|0.0537,
unit_005583,HongKong,13,16,300.6,18,2.3709,5e-05,0.0,0.5,22.432807,113.983429,18|21|23|10|3,0.1466|0.0777|0.0638|0.0508|0.0502,
unit_005584,HongKong,8,8,175.3,18,2.2662,0.0,0.0,0.5,22.436663,113.984978,18|21|14|23|10,0.1469|0.0773|0.0551|0.0526|0.0498,
unit_005585,HongKong,13,16,300.6,18,2.4219,2e-05,0.0,0.5,22.439212,113.985459,18|21|23|10|3,0.1304|0.0874|0.0581|0.0579|0.0574,
unit_005586,HongKong,8,8,175.3,18,2.3145,0.0,0.0,0.5,22.441769,113.985511,18|21|2|14|23,0.1191|0.0815|0.0614|0.0590|0.0549,
unit_005587,HongKong,19,20,401.4,18,2.4017,1e-05,0.0,0.5,22.445266,113.983256,18|3|23|10|16,0.1497|0.0673|0.0609|0.0542|0.0411,
unit_005588,HongKong,20,20,363.7,2,2.5272,0.0,0.0,0.5,22.354629,114.130205,2|10|31|16|14,0.0838|0.0821|0.0671|0.0599|0.0471,
unit_005589,HongKong,4,4,75.2,27,2.4061,0.0,0.0,0.5,22.351784,114.131832,27|2|23|10|31,0.1323|0.0692|0.0600|0.0562|0.0469,
unit_005590,HongKong,20,27,434.4,16,2.4759,6e-05,0.24584,0.5611,22.360428,114.096872,16|31|23|22|3,0.0832|0.0809|0.0643|0.0468|0.0461,
unit_005591,HongKong,5,5,110.7,16,2.3979,0.0,0.14393,0.5359,22.360664,114.098659,16|23|31|3|1,0.0790|0.0632|0.0626|0.0588|0.0549,
unit_005592,HongKong,8,8,181.7,31,2.4648,0.0,0.0,0.5,22.361978,114.115791,31|22|16|1|3,0.1087|0.0901|0.0628|0.0521|0.0511,
unit_005593,HongKong,21,21,338.2,21,2.4527,0.0,0.0,0.5,22.371817,114.123083,21|2|1|18|27,0.1039|0.0754|0.0735|0.0698|0.0615,
unit_005594,HongKong,3,3,51.3,7,2.4854,0.0,0.0,0.5,22.358308,114.120546,7|16|1|31|21,0.0793|0.0766|0.0709|0.0672|0.0602,
unit_005595,HongKong,19,20,357.4,18,2.4605,1e-05,0.12631,0.5315,22.356532,114.122835,18|1|31|21|3,0.1117|0.0877|0.0833|0.0758|0.0658,
unit_005596,HongKong,7,7,156.9,18,2.4564,0.0,0.09955,0.5249,22.356378,114.122563,18|1|31|21|3,0.1130|0.0858|0.0838|0.0755|0.0662,
unit_005597,HongKong,8,8,183.1,1,2.5478,0.0,0.09955,0.5249,22.35516,114.123843,1|3|16|18|31,0.0840|0.0735|0.0690|0.0594|0.0554,
unit_005598,HongKong,18,18,263.6,1,2.3131,0.0,0.0,0.5,22.446584,114.030367,1|7|13|23|16,0.1075|0.1020|0.0534|0.0470|0.0467,
unit_005599,HongKong,11,11,188.3,1,2.3131,0.0,0.0,0.5,22.446945,114.030764,1|7|13|23|16,0.1075|0.1020|0.0534|0.0470|0.0467,
unit_005600,HongKong,17,21,246.3,1,2.3976,0.0,0.17436,0.5435,22.447957,114.025349,1|16|31|3|18,0.0845|0.0703|0.0611|0.0502|0.0482,
unit_005601,HongKong,15,15,271.1,21,2.424,0.0,0.27637,0.5687,22.448187,114.02641,21|1|31|10|7,0.1098|0.0943|0.0928|0.0637|0.0568,
unit_005602,HongKong,13,13,212.2,18,2.2602,0.0,0.0,0.5,22.444248,114.01675,18|21|10|31|1,0.1323|0.0719|0.0622|0.0577|0.0493,
unit_005603,HongKong,48,48,852.0,18,2.2602,0.0,0.0,0.5,22.443919,114.016759,18|21|10|31|1,0.1323|0.0719|0.0622|0.0577|0.0493,
unit_005604,HongKong,55,55,938.8,18,2.4288,0.0,0.0,0.5,22.446546,114.016174,18|21|16|31|10,0.1207|0.0818|0.0613|0.0567|0.0536,
unit_005606,HongKong,47,47,752.1,31,2.4415,0.0,0.0,0.5,22.461625,113.993084,31|16|3|23|22,0.0920|0.0887|0.0619|0.0508|0.0490,
unit_005607,HongKong,61,61,984.8,16,2.4659,0.0,0.0,0.5,22.446671,113.999412,16|31|1|3|10,0.0911|0.0673|0.0637|0.0628|0.0516,
unit_005608,HongKong,71,73,1282.2,3,2.4844,0.0,0.05814,0.5145,22.442372,114.011265,3|1|16|18|31,0.0910|0.0787|0.0782|0.0665|0.0574,
unit_005609,HongKong,68,69,1408.0,3,2.3834,0.0,0.11677,0.5292,22.44078,114.008288,3|10|21|1|16,0.0636|0.0578|0.0574|0.0559|0.0510,
unit_005610,HongKong,88,96,1607.6,7,2.5207,6e-05,0.13422,0.5335,22.429298,113.992173,7|3|1|31|10,0.0879|0.0735|0.0679|0.0614|0.0533,
unit_005611,HongKong,5,5,107.5,7,2.2052,0.0,0.13422,0.5335,22.428119,113.990909,7|1|3|13|27,0.1434|0.0594|0.0554|0.0447|0.0427,
unit_005612,HongKong,14,14,207.3,7,2.3634,0.0,0.0,0.5,22.427484,113.992824,7|13|31|22|3,0.0983|0.0694|0.0639|0.0509|0.0507,
unit_005613,HongKong,9,9,162.0,7,2.4799,0.0,0.0,0.5,22.41446,113.981339,7|21|13|27|31,0.1083|0.0801|0.0612|0.0591|0.0563,
unit_005614,HongKong,10,10,178.4,1,2.1454,0.0,0.0,0.5,22.444528,114.030431,1|16|23|7|31,0.1410|0.0535|0.0453|0.0450|0.0325,
unit_005615,HongKong,32,32,499.7,31,2.3996,0.0,0.0,0.5,22.438562,114.032422,31|16|18|7|3,0.1121|0.0982|0.0714|0.0531|0.0493,
unit_005616,HongKong,68,81,1046.1,31,2.5108,0.00011,0.10904,0.5272,22.437462,114.028861,31|16|1|13|21,0.1015|0.0828|0.0614|0.0607|0.0603,
unit_005617,HongKong,41,49,812.8,31,2.4619,5e-05,0.12828,0.532,22.437422,114.025677,31|1|16|7|3,0.0903|0.0737|0.0692|0.0652|0.0482,
unit_005618,HongKong,32,32,585.4,1,2.2474,0.0,0.0,0.5,22.440005,114.019514,1|31|16|21|7,0.0985|0.0827|0.0815|0.0767|0.0752,
unit_005619,HongKong,44,44,672.1,21,2.3421,0.0,0.0,0.5,22.440201,114.022148,21|31|1|10|22,0.1403|0.0732|0.0635|0.0634|0.0422,
unit_005620,HongKong,8,8,178.1,21,2.4,0.0,0.0,0.5,22.442664,114.017797,21|1|27|31|3,0.0941|0.0914|0.0732|0.0695|0.0636,
unit_005621,HongKong,85,100,1303.9,1,2.45,6e-05,0.0,0.5,22.444884,114.022077,1|31|3|16|7,0.0906|0.0665|0.0595|0.0553|0.0544,
unit_005622,HongKong,57,71,878.5,1,2.4346,4e-05,0.0,0.5,22.443772,114.032113,1|21|7|31|23,0.1137|0.0895|0.0705|0.0494|0.0421,
unit_005623,HongKong,44,44,671.6,1,2.24,0.0,0.0,0.5,22.44068,114.031407,1|31|3|16|7,0.1190|0.0746|0.0551|0.0475|0.0414,
unit_005624,HongKong,43,43,824.2,13,2.5693,0.0,0.07056,0.5176,22.435558,114.029179,13|7|27|3|18,0.0698|0.0598|0.0554|0.0532|0.0478,
unit_005625,HongKong,12,12,108.1,1,2.0406,0.0,0.0,0.5,22.442582,114.025165,1|7|23|16|31,0.1251|0.0628|0.0613|0.0529|0.0398,
unit_005626,HongKong,40,40,759.5,1,2.4241,0.0,0.0,0.5,22.440822,114.026898,1|21|13|7|3,0.0863|0.0771|0.0579|0.0566|0.0500,
unit_005627,HongKong,30,30,528.0,1,2.2294,0.0,0.0,0.5,22.442678,114.035906,1|31|3|16|27,0.1190|0.0697|0.0563|0.0534|0.0372,
unit_005628,HongKong,28,28,567.6,31,2.4877,0.0,0.0,0.5,22.440667,114.033822,31|1|16|7|3,0.1173|0.0895|0.0759|0.0678|0.0600,
unit_005629,HongKong,8,8,176.8,31,2.4123,0.0,0.0,0.5,22.440846,114.036801,31|27|21|7|1,0.0777|0.0755|0.0667|0.0619|0.0606,
unit_005630,HongKong,10,10,200.3,13,2.2281,0.0,0.0,0.5,22.432041,114.013712,13|22|16|21|7,0.1167|0.0693|0.0395|0.0393|0.0386,
unit_005631,HongKong,7,7,150.2,21,2.4827,0.0,0.0,0.5,22.43503,114.014697,21|7|13|3|22,0.1207|0.0815|0.0772|0.0658|0.0588,
unit_005632,HongKong,14,14,216.2,31,2.4101,0.0,0.0,0.5,22.440257,114.013644,31|7|16|10|1,0.0714|0.0588|0.0579|0.0558|0.0410,
unit_005633,HongKong,3,3,50.1,3,2.484,0.0,0.0,0.5,22.441876,114.012083,3|1|16|18|31,0.0910|0.0786|0.0779|0.0665|0.0572,
unit_005634,HongKong,24,26,603.4,16,2.3423,0.0,0.39573,0.5977,22.437445,114.011452,16|18|14|10|13,0.0918|0.0909|0.0544|0.0514|0.0423,
unit_005636,HongKong,14,14,247.9,21,2.2607,0.0,0.0,0.5,22.438393,114.007603,21|7|16|13|3,0.1207|0.1047|0.0696|0.0653|0.0572,
unit_005637,HongKong,4,4,76.2,22,2.3674,0.0,0.0,0.5,22.448072,114.011541,22|31|7|16|13,0.1057|0.0679|0.0542|0.0468|0.0465,
unit_005638,HongKong,8,8,177.8,31,2.4981,0.0,0.0,0.5,22.44734,114.012938,31|16|18|22|2,0.1026|0.0979|0.0940|0.0553|0.0516,
unit_005639,HongKong,31,31,482.1,21,2.3812,0.0,0.0,0.5,22.415139,113.977469,21|7|31|18|10,0.1283|0.0785|0.0627|0.0556|0.0532,
unit_005640,HongKong,18,24,428.2,16,2.5196,7e-05,0.0,0.5,22.369779,113.934931,16|31|22|10|3,0.1171|0.0834|0.0620|0.0603|0.0469,
unit_005641,HongKong,7,7,151.1,16,2.4791,0.0,0.0,0.5,22.368324,113.938618,16|22|31|10|21,0.1186|0.0869|0.0787|0.0607|0.0599,
unit_005642,HongKong,13,16,302.2,16,2.478,5e-05,0.0,0.5,22.367297,113.941139,16|31|22|21|10,0.1197|0.0835|0.0696|0.0533|0.0434,
unit_005643,HongKong,65,76,1315.7,16,2.5228,3e-05,0.28743,0.5714,22.367158,113.945705,16|31|3|10|21,0.0848|0.0809|0.0737|0.0669|0.0537,
unit_005644,HongKong,8,8,176.4,18,2.3726,0.0,0.0,0.5,22.373207,114.100391,18|14|16|31|10,0.0946|0.0901|0.0697|0.0547|0.0453,
unit_005645,HongKong,6,7,126.0,16,2.4712,0.0,0.09153,0.5229,22.372143,114.098158,16|18|27|31|21,0.0940|0.0903|0.0848|0.0773|0.0697,
unit_005646,HongKong,7,14,151.2,21,2.5788,3e-05,0.0777,0.5194,22.370954,114.097323,21|23|18|16|22,0.1070|0.0838|0.0715|0.0618|0.0567,
unit_005648,HongKong,8,8,176.4,18,2.3844,0.0,0.0,0.5,22.370626,114.092853,18|16|14|27|31,0.0954|0.0949|0.0923|0.0528|0.0520,
unit_005649,HongKong,7,7,151.2,18,2.475,0.0,0.0,0.5,22.370379,114.090635,18|16|10|23|31,0.1390|0.0663|0.0615|0.0613|0.0593,
unit_005650,HongKong,10,16,226.8,18,2.4203,1e-05,0.0,0.5,22.36933,114.085595,18|16|31|22|10,0.1199|0.0908|0.0715|0.0493|0.0492,
unit_005651,HongKong,5,5,100.8,27,2.4047,0.0,0.0,0.5,22.371084,114.081318,27|16|18|10|31,0.1090|0.0957|0.0822|0.0395|0.0382,
unit_005652,HongKong,40,40,700.4,16,2.4307,0.0,0.0,0.5,22.366137,114.002298,16|21|31|7|10,0.1298|0.1071|0.0935|0.0625|0.0522,
unit_005653,HongKong,14,14,206.5,18,2.3622,0.0,0.0,0.5,22.368507,114.001595,18|16|21|27|31,0.1192|0.0969|0.0550|0.0512|0.0491,
unit_005654,HongKong,4,4,76.8,21,2.4018,0.0,0.0,0.5,22.485262,114.146523,21|31|3|22|18,0.1138|0.0817|0.0782|0.0723|0.0657,
unit_005655,HongKong,60,60,819.0,31,2.4441,0.0,0.0,0.5,22.483358,114.143326,31|21|16|27|1,0.1158|0.0831|0.0768|0.0728|0.0713,
unit_005656,HongKong,3,3,51.1,16,2.4813,0.0,0.0,0.5,22.48659,114.147933,16|18|13|10|3,0.0932|0.0809|0.0743|0.0691|0.0624,
unit_005657,HongKong,9,14,204.4,10,2.505,2e-05,0.0,0.5,22.485898,114.149542,10|18|16|3|13,0.0896|0.0799|0.0717|0.0676|0.0482,
unit_005658,HongKong,7,7,153.3,21,2.4538,0.0,0.24537,0.561,22.484083,114.152428,21|31|16|7|2,0.1077|0.0997|0.0811|0.0757|0.0701,
unit_005659,HongKong,8,8,178.8,18,2.4529,0.0,0.24537,0.561,22.482533,114.153049,18|21|3|2|23,0.1081|0.0890|0.0695|0.0662|0.0543,
unit_005660,HongKong,33,33,711.0,21,2.4018,0.0,0.23716,0.559,22.486102,114.146013,21|31|3|22|18,0.1138|0.0817|0.0782|0.0723|0.0657,
unit_005661,HongKong,26,26,507.3,22,2.5132,0.0,0.0,0.5,22.497015,114.0787,22|31|3|10|18,0.0979|0.0683|0.0669|0.0572|0.0556,
unit_005662,HongKong,38,38,705.7,7,2.3195,0.0,0.0,0.5,22.497595,114.075898,7|31|13|21|22,0.0977|0.0818|0.0722|0.0715|0.0463,
unit_005663,HongKong,12,20,270.4,2,2.4458,0.0,0.23973,0.5596,22.351118,114.119344,2|16|1|3|7,0.0951|0.0760|0.0549|0.0545|0.0507,
unit_005664,HongKong,39,39,569.4,1,2.3999,0.0,0.0,0.5,22.355273,114.126619,1|31|3|2|16,0.0931|0.0832|0.0755|0.0658|0.0646,
unit_005665,HongKong,19,26,407.7,1,2.5055,6e-05,0.0,0.5,22.372293,114.003433,1|10|21|31|2,0.0872|0.0853|0.0853|0.0683|0.0515,
unit_005666,HongKong,8,8,177.2,21,2.37,0.0,0.0,0.5,22.373788,113.999699,21|16|31|18|7,0.1098|0.0978|0.0934|0.0760|0.0643,
unit_005667,HongKong,36,58,534.7,31,2.485,0.0,0.06316,0.5158,22.375285,113.998472,31|1|16|3|27,0.0959|0.0724|0.0708|0.0569|0.0468,
unit_005668,HongKong,8,8,177.2,21,2.37,0.0,0.0,0.5,22.373788,113.999699,21|16|31|18|7,0.1098|0.0978|0.0934|0.0760|0.0643,
unit_005669,HongKong,20,20,372.6,31,2.3032,0.0,0.0,0.5,22.365452,114.003871,31|22|13|7|16,0.0791|0.0782|0.0690|0.0663|0.0644,
unit_005672,HongKong,24,24,413.9,22,2.3075,0.0,0.0,0.5,22.363892,114.003121,22|27|13|7|14,0.0812|0.0738|0.0731|0.0696|0.0371,
unit_005673,HongKong,9,9,211.3,7,2.5104,0.0,0.0,0.5,22.365755,114.008114,7|27|31|10|16,0.0895|0.0887|0.0732|0.0598|0.0582,
unit_005674,HongKong,7,7,157.0,18,2.3017,0.0,0.30924,0.5767,22.366396,114.009988,18|16|31|13|23,0.0967|0.0904|0.0780|0.0567|0.0498,
unit_005676,HongKong,15,15,208.1,27,2.4,0.0,0.0,0.5,22.365207,114.013039,27|16|21|10|7,0.1119|0.1052|0.1033|0.0678|0.0559,
unit_005677,HongKong,26,26,516.3,27,2.4,0.0,0.0,0.5,22.365731,114.013612,27|16|21|10|7,0.1119|0.1052|0.1033|0.0678|0.0559,
unit_005678,HongKong,7,7,150.2,16,2.492,0.0,0.07047,0.5176,22.374524,114.068284,16|18|3|10|23,0.0995|0.0856|0.0643|0.0597|0.0564,
unit_005679,HongKong,19,30,450.7,14,1.6177,1e-05,0.0,0.5,22.378399,114.06433,14|18|23|21|16,0.1605|0.0626|0.0311|0.0275|0.0209,
unit_005680,HongKong,11,16,250.4,14,1.5767,0.0,0.0,0.5,22.383107,114.062943,14|18|21|23|16,0.1543|0.0518|0.0413|0.0224|0.0089,
unit_005681,HongKong,16,16,375.6,14,1.5149,0.0,0.0,0.5,22.387006,114.062323,14|18|21|23|16,0.1569|0.0465|0.0369|0.0210|0.0068,
unit_005682,HongKong,8,8,175.3,14,1.3429,0.0,0.0,0.5,22.391016,114.061685,14|18|21|23|10,0.1531|0.0390|0.0364|0.0199|0.0048,
unit_005683,HongKong,13,22,300.5,14,1.3929,0.0,0.0,0.5,22.394692,114.061101,14|18|21|23|3,0.1532|0.0400|0.0353|0.0242|0.0049,
unit_005684,HongKong,17,21,400.6,14,1.5437,1e-05,0.0,0.5,22.398702,114.060463,14|18|21|23|16,0.1557|0.0494|0.0413|0.0239|0.0080,
unit_005685,HongKong,9,16,200.3,14,1.4138,0.0,0.0,0.5,22.403158,114.059755,14|18|21|23|16,0.1649|0.0419|0.0359|0.0224|0.0084,
unit_005686,HongKong,7,7,150.2,14,1.4961,0.0,0.0,0.5,22.407186,114.059377,14|21|23|18|2,0.1513|0.0385|0.0236|0.0230|0.0094,
unit_005687,HongKong,5,5,100.2,21,2.4728,0.0,0.0,0.5,22.408737,114.059648,21|18|2|22|14,0.0996|0.0658|0.0626|0.0569|0.0524,
unit_005688,HongKong,8,8,175.3,21,2.2654,0.0,0.0,0.5,22.411424,114.061047,21|22|18|16|23,0.0900|0.0755|0.0583|0.0536|0.0509,
unit_005689,HongKong,7,7,150.2,21,2.3281,0.0,0.0,0.5,22.413039,114.062081,21|18|22|16|23,0.1061|0.0866|0.0782|0.0613|0.0537,
unit_005690,HongKong,5,6,100.2,22,2.3284,1e-05,0.30343,0.5753,22.415522,114.063117,22|13|31|10|21,0.1236|0.0895|0.0396|0.0303|0.0287,
unit_005691,HongKong,7,7,150.2,18,2.4411,0.0,0.30343,0.5753,22.41686,114.063308,18|2|21|3|14,0.1081|0.0846|0.0825|0.0643|0.0581,
unit_005692,HongKong,9,11,155.3,18,2.3583,0.0,0.08096,0.5202,22.362622,114.015359,18|21|16|2|7,0.1330|0.0917|0.0827|0.0751|0.0612,
unit_005693,HongKong,12,13,221.7,18,2.3397,0.0,0.08903,0.5222,22.363473,114.01411,18|10|23|21|27,0.1685|0.0612|0.0594|0.0462|0.0398,
unit_005694,HongKong,5,6,105.9,18,2.3501,1e-05,0.07289,0.5182,22.363543,114.014669,18|10|23|21|27,0.1694|0.0606|0.0593|0.0487|0.0393,
unit_005695,HongKong,8,8,184.4,1,2.3426,0.0,0.0,0.5,22.390154,113.968674,1|21|13|23|3,0.0771|0.0755|0.0674|0.0424|0.0415,
unit_005696,HongKong,30,30,589.5,21,2.4919,0.0,0.0,0.5,22.387996,113.968951,21|1|18|13|2,0.1060|0.0757|0.0722|0.0664|0.0653,
unit_005698,HongKong,33,38,563.4,18,2.5178,0.0,0.0956,0.5239,22.370869,114.108242,18|2|1|31|13,0.0975|0.0812|0.0799|0.0700|0.0686,
unit_005701,HongKong,12,17,280.9,1,2.3789,2e-05,0.11106,0.5277,22.412355,113.983635,1|31|21|7|16,0.1146|0.0999|0.0682|0.0560|0.0553,
unit_005702,HongKong,20,20,354.4,7,2.5075,0.0,0.0,0.5,22.408014,113.983363,7|31|1|3|23,0.0789|0.0761|0.0630|0.0508|0.0483,
unit_005703,HongKong,9,9,150.4,21,2.4345,0.0,0.0,0.5,22.407941,113.978961,21|1|2|3|16,0.1267|0.0741|0.0740|0.0606|0.0568,
unit_005704,HongKong,6,6,129.7,21,2.4345,0.0,0.0,0.5,22.407849,113.979023,21|1|2|3|16,0.1267|0.0741|0.0740|0.0606|0.0568,
unit_005705,HongKong,5,6,103.7,18,2.4838,0.0,0.06909,0.5173,22.405945,113.978642,18|31|16|21|22,0.1313|0.0906|0.0867|0.0797|0.0610,
unit_005706,HongKong,27,29,461.3,21,2.4094,0.0,0.07019,0.5175,22.404758,113.979029,21|1|31|3|16,0.0900|0.0896|0.0719|0.0648|0.0558,
unit_005707,HongKong,3,3,50.4,7,2.4799,0.0,0.09379,0.5234,22.413952,113.982413,7|21|13|27|31,0.1083|0.0801|0.0612|0.0591|0.0563,
unit_005708,HongKong,5,5,100.1,16,2.3365,0.0,0.0,0.5,22.414991,113.984702,16|18|31|14|10,0.0869|0.0752|0.0671|0.0611|0.0512,
unit_005709,HongKong,10,10,200.3,2,2.5328,0.0,0.0,0.5,22.415586,113.988237,2|22|16|7|14,0.0913|0.0766|0.0701|0.0668|0.0556,
unit_005710,HongKong,24,24,405.1,1,2.408,0.0,0.0,0.5,22.353055,114.107857,1|31|16|3|18,0.1131|0.1081|0.0875|0.0634|0.0578,
unit_005711,HongKong,36,40,685.7,7,2.4781,1e-05,0.12335,0.5308,22.446945,114.034417,7|13|1|3|31,0.0905|0.0866|0.0785|0.0671|0.0631,
unit_005712,HongKong,17,18,205.6,1,2.3342,0.0,0.07232,0.5181,22.446412,114.036072,1|16|10|2|31,0.0899|0.0626|0.0589|0.0516|0.0452,
unit_005713,HongKong,46,46,685.7,1,2.2562,0.0,0.0,0.5,22.444616,114.036033,1|16|2|13|3,0.1225|0.0658|0.0612|0.0466|0.0444,
unit_005714,HongKong,44,44,808.2,1,2.3946,0.0,0.0,0.5,22.449403,114.033472,1|21|31|3|7,0.1049|0.0888|0.0692|0.0553|0.0505,
unit_005715,HongKong,38,38,645.0,7,2.3237,0.0,0.0,0.5,22.451549,114.034233,7|31|16|13|10,0.0985|0.0888|0.0768|0.0497|0.0474,
unit_005716,HongKong,22,22,419.9,7,2.4672,0.0,0.0,0.5,22.450191,114.030436,7|21|31|1|10,0.0998|0.0851|0.0745|0.0741|0.0544,
unit_005717,HongKong,68,80,1279.8,7,2.3652,4e-05,0.0675,0.5169,22.453044,114.037208,7|13|22|3|31,0.1041|0.0706|0.0655|0.0597|0.0549,
unit_005718,HongKong,14,14,202.5,7,2.3237,0.0,0.0,0.5,22.451404,114.035061,7|31|16|13|10,0.0985|0.0888|0.0768|0.0497|0.0474,
unit_005719,HongKong,33,33,515.3,3,2.4831,0.0,0.0,0.5,22.444937,114.005391,3|21|1|31|16,0.1122|0.0935|0.0697|0.0625|0.0504,
unit_005720,HongKong,60,60,1407.5,1,2.4505,0.0,0.0,0.5,22.446633,114.004689,1|3|21|2|16,0.1081|0.0752|0.0722|0.0570|0.0492,
unit_005721,HongKong,16,16,281.6,31,2.3995,0.0,0.0,0.5,22.446335,114.002036,31|3|16|1|27,0.1200|0.0790|0.0748|0.0535|0.0523,
unit_005722,HongKong,9,9,166.0,1,2.1454,0.0,0.0,0.5,22.444392,114.030457,1|16|23|7|31,0.1410|0.0535|0.0453|0.0450|0.0325,
unit_005723,HongKong,15,15,322.0,21,2.4751,0.0,0.17014,0.5424,22.498802,114.079311,21|3|18|16|2,0.0986|0.0875|0.0679|0.0611|0.0501,
unit_005725,HongKong,8,13,177.2,2,2.4026,2e-05,0.25584,0.5636,22.503001,114.084032,2|18|16|10|13,0.0882|0.0803|0.0689|0.0641|0.0547,
unit_005726,HongKong,14,16,331.7,31,2.3562,3e-05,0.0,0.5,22.50419,114.088188,31|16|22|10|7,0.1206|0.1005|0.0825|0.0660|0.0642,
unit_005728,HongKong,7,13,153.1,18,2.4529,4e-05,0.11896,0.5297,22.504201,114.091512,18|16|22|14|2,0.0949|0.0928|0.0749|0.0651|0.0631,
unit_005729,HongKong,12,12,227.7,16,2.3642,0.0,0.0,0.5,22.503945,114.094834,16|18|31|2|7,0.1095|0.0871|0.0689|0.0437|0.0378,
unit_005730,HongKong,11,11,212.1,2,2.3408,0.0,0.0,0.5,22.503082,114.083872,2|18|16|10|13,0.0863|0.0816|0.0681|0.0635|0.0539,
unit_005731,HongKong,5,9,105.4,2,2.3816,1e-05,0.06587,0.5165,22.502909,114.084468,2|18|16|10|13,0.0872|0.0807|0.0707|0.0637|0.0562,
unit_005733,HongKong,34,71,631.0,22,2.4827,5e-05,0.08215,0.5205,22.50198,114.083622,22|31|27|1|2,0.1235|0.0708|0.0476|0.0450|0.0448,
unit_005734,HongKong,7,12,151.6,2,2.3683,0.0,0.08425,0.521,22.502984,114.08425,2|18|16|10|13,0.0872|0.0812|0.0696|0.0638|0.0552,
unit_005736,HongKong,3,3,50.5,22,2.4199,0.0,0.14313,0.5357,22.502327,114.083055,22|31|27|2|1,0.1242|0.0761|0.0614|0.0480|0.0473,
unit_005737,HongKong,13,13,252.5,21,2.4751,0.0,0.17014,0.5424,22.498666,114.079459,21|3|18|16|2,0.0986|0.0875|0.0679|0.0611|0.0501,
unit_005738,HongKong,7,7,151.2,22,2.5132,0.0,0.17014,0.5424,22.497351,114.078448,22|31|3|10|18,0.0979|0.0683|0.0669|0.0572|0.0556,
unit_005739,HongKong,8,8,176.4,16,2.3495,0.0,0.0,0.5,22.495121,114.074524,16|18|31|3|22,0.1234|0.0891|0.0672|0.0637|0.0583,
unit_005740,HongKong,7,7,151.2,13,2.4489,0.0,0.0,0.5,22.494495,114.072225,13|16|31|3|10,0.0987|0.0787|0.0621|0.0521|0.0507,
unit_005741,HongKong,8,8,176.4,22,2.2572,0.0,0.0,0.5,22.493628,114.06905,22|31|16|3|23,0.1219|0.0780|0.0590|0.0580|0.0267,
unit_005742,HongKong,8,15,176.4,16,2.4274,1e-05,0.0,0.5,22.493028,114.066861,16|18|31|3|13,0.1215|0.0855|0.0742|0.0592|0.0489,
unit_005743,HongKong,91,94,1386.3,21,2.5055,0.0001,0.0,0.5,22.501533,114.079801,21|22|3|10|7,0.1109|0.0736|0.0731|0.0719|0.0679,
unit_005744,HongKong,44,46,920.3,1,2.566,7e-05,0.0,0.5,22.376576,114.135822,1|21|16|7|27,0.0810|0.0759|0.0674|0.0576|0.0519,
unit_005745,HongKong,34,36,711.2,22,2.5171,2e-05,0.0,0.5,22.374967,114.134362,22|27|13|3|1,0.0897|0.0841|0.0724|0.0699|0.0612,
unit_005746,HongKong,10,10,102.5,1,2.3506,0.0,0.0,0.5,22.370312,114.141321,1|3|10|16|23,0.0983|0.0633|0.0564|0.0549|0.0409,
unit_005747,HongKong,7,9,151.7,22,2.255,0.0,0.09944,0.5248,22.424377,114.110455,22|21|27|2|23,0.1419|0.0954|0.0916|0.0419|0.0351,
unit_005748,HongKong,8,10,177.0,22,2.3922,0.0,0.09944,0.5248,22.425196,114.109307,22|31|16|23|21,0.1195|0.0933|0.0788|0.0708|0.0418,
unit_005749,HongKong,30,34,657.4,7,2.5445,6e-05,0.0,0.5,22.428019,114.107623,7|21|10|31|16,0.0938|0.0878|0.0824|0.0814|0.0494,
unit_005750,HongKong,48,54,990.4,22,2.55,7e-05,0.0,0.5,22.421388,114.112262,22|27|31|16|21,0.1103|0.0753|0.0714|0.0667|0.0559,
unit_005751,HongKong,22,24,410.9,21,2.4709,1e-05,0.06455,0.5161,22.392847,113.965758,21|31|10|23|2,0.1086|0.0761|0.0672|0.0611|0.0497,
unit_005752,HongKong,12,12,254.2,21,2.4432,0.0,0.06455,0.5161,22.394552,113.9657,21|7|31|13|22,0.0957|0.0954|0.0833|0.0765|0.0754,
unit_005753,HongKong,15,15,303.5,18,2.1285,0.0,0.0,0.5,22.368484,114.077197,18|10|23|2|16,0.1282|0.0781|0.0355|0.0310|0.0279,
unit_005754,HongKong,9,15,203.2,18,2.4137,6e-05,0.0,0.5,22.371043,114.074157,18|2|14|23|16,0.1455|0.0860|0.0633|0.0489|0.0458,
unit_005755,HongKong,7,7,152.4,16,2.4567,0.0,0.0,0.5,22.372493,114.071825,16|27|18|23|3,0.0871|0.0709|0.0700|0.0638|0.0635,
unit_005756,HongKong,8,8,176.8,18,2.0641,0.0,0.0,0.5,22.366611,114.078578,18|10|23|21|1,0.1156|0.0592|0.0315|0.0237|0.0197,
unit_005757,HongKong,7,7,151.5,18,2.0964,0.0,0.0,0.5,22.364702,114.079592,18|10|23|21|7,0.1167|0.0694|0.0309|0.0253|0.0227,
unit_005758,HongKong,8,8,176.8,18,2.0802,0.0,0.0,0.5,22.362587,114.080703,18|10|23|7|1,0.1212|0.0629|0.0325|0.0252|0.0251,
unit_005759,HongKong,8,8,176.8,18,2.1956,0.0,0.0,0.5,22.36037,114.081864,18|10|21|7|13,0.1126|0.0720|0.0336|0.0311|0.0292,
unit_005760,HongKong,36,62,797.6,18,2.4895,8e-05,0.1711,0.5426,22.356021,114.083703,18|21|3|16|22,0.1047|0.0756|0.0712|0.0532|0.0500,
unit_005761,HongKong,9,9,151.2,18,2.3338,0.0,0.0,0.5,22.351935,114.086055,18|2|21|14|3,0.1532|0.0746|0.0644|0.0579|0.0399,
unit_005762,HongKong,17,25,371.4,18,2.4535,4e-05,0.0,0.5,22.356964,114.083918,18|21|16|27|3,0.1000|0.0797|0.0668|0.0666|0.0609,
unit_005763,HongKong,15,16,353.6,18,2.2728,1e-05,0.0,0.5,22.35998,114.084749,18|23|10|16|22,0.1353|0.0477|0.0386|0.0382|0.0369,
unit_005764,HongKong,8,8,176.8,18,2.3181,0.0,0.0,0.5,22.360353,114.088474,18|16|22|31|23,0.1065|0.1003|0.0602|0.0600|0.0540,
unit_005765,HongKong,5,7,101.0,13,2.4003,1e-05,0.0,0.5,22.36035,114.090636,13|16|23|3|31,0.0916|0.0756|0.0613|0.0613|0.0429,
unit_005766,HongKong,8,8,176.8,16,2.2978,0.0,0.0,0.5,22.360349,114.092343,16|22|31|7|21,0.1129|0.1117|0.0847|0.0748|0.0580,
unit_005767,HongKong,8,8,176.8,18,2.3119,0.0,0.2968,0.5737,22.360353,114.094846,18|31|16|23|22,0.1264|0.0610|0.0535|0.0534|0.0436,
unit_005768,HongKong,14,14,290.9,18,2.1736,0.0,0.0,0.5,22.353349,114.082546,18|10|16|2|13,0.1374|0.0682|0.0468|0.0462|0.0305,
unit_005769,HongKong,8,8,176.7,18,1.8196,0.0,0.0,0.5,22.352428,114.079105,18|10|7|16|23,0.0910|0.0889|0.0375|0.0291|0.0210,
unit_005770,HongKong,8,8,176.7,18,1.713,0.0,0.0,0.5,22.351766,114.076693,18|10|7|23|16,0.0852|0.0778|0.0281|0.0214|0.0191,
unit_005771,HongKong,8,8,176.7,18,2.0919,0.0,0.0,0.5,22.351105,114.074281,18|10|16|7|2,0.0906|0.0813|0.0541|0.0353|0.0228,
unit_005772,HongKong,15,15,353.3,18,1.8625,0.0,0.0,0.5,22.350349,114.071542,18|10|7|16|23,0.0921|0.0894|0.0339|0.0245|0.0202,
unit_005773,HongKong,7,7,151.4,18,2.1046,0.0,0.0,0.5,22.349252,114.067599,18|10|16|7|2,0.1115|0.0788|0.0460|0.0409|0.0248,
unit_005774,HongKong,7,7,151.4,18,1.9091,0.0,0.0,0.5,22.348704,114.065628,18|10|1|7|16,0.0913|0.0903|0.0269|0.0269|0.0233,
unit_005775,HongKong,13,17,306.1,22,2.5365,8e-05,0.0,0.5,22.396319,113.963108,22|21|27|10|31,0.1120|0.0666|0.0660|0.0648|0.0631,
unit_005778,HongKong,8,8,179.3,18,2.4679,0.0,0.0,0.5,22.388005,113.966447,18|31|21|1|22,0.1299|0.0973|0.0759|0.0660|0.0493,
unit_005779,HongKong,35,36,723.0,21,2.4839,3e-05,0.1235,0.5308,22.383314,113.9643,21|1|3|31|16,0.0931|0.0856|0.0837|0.0535|0.0526,
unit_005780,HongKong,4,4,75.5,18,2.4679,0.0,0.0,0.5,22.388462,113.966803,18|31|21|1|22,0.1299|0.0973|0.0759|0.0660|0.0493,
unit_005782,HongKong,38,38,608.6,1,2.3526,0.0,0.0,0.5,22.377364,113.967402,1|3|31|10|16,0.0960|0.0841|0.0753|0.0753|0.0661,
unit_005783,HongKong,7,7,157.5,18,2.4193,0.0,0.0,0.5,22.378952,113.968089,18|10|31|1|21,0.1324|0.0929|0.0740|0.0555|0.0486,
unit_005784,HongKong,48,72,753.5,21,2.3538,7e-05,0.0,0.5,22.380713,113.970615,21|16|1|3|31,0.0694|0.0674|0.0672|0.0649|0.0474,
unit_005785,HongKong,60,70,1336.8,1,2.4292,5e-05,0.0,0.5,22.374198,113.969595,1|21|3|7|31,0.1059|0.0699|0.0673|0.0634|0.0622,
unit_005786,HongKong,40,40,740.3,31,2.5756,0.0,0.13955,0.5348,22.380952,113.963156,31|10|13|21|22,0.0912|0.0762|0.0720|0.0689|0.0669,
unit_005787,HongKong,32,44,569.9,21,2.4779,8e-05,0.05363,0.5134,22.376411,113.960563,21|31|3|1|22,0.1075|0.0933|0.0737|0.0625|0.0612,
unit_005788,HongKong,9,9,201.1,18,2.4679,0.0,0.0,0.5,22.387878,113.966427,18|31|21|1|22,0.1299|0.0973|0.0759|0.0660|0.0493,
unit_005789,HongKong,8,8,178.5,18,2.4679,0.0,0.0,0.5,22.388002,113.966328,18|31|21|1|22,0.1299|0.0973|0.0759|0.0660|0.0493,
unit_005790,HongKong,3,3,50.6,18,2.3967,0.0,0.0,0.5,22.374305,113.9563,18|21|22|3|23,0.1068|0.0974|0.0778|0.0705|0.0664,
unit_005791,HongKong,7,7,106.6,14,2.3403,0.0,0.0,0.5,22.388453,113.978355,14|21|18|2|23,0.1024|0.0695|0.0676|0.0399|0.0390,
unit_005792,HongKong,11,11,217.1,31,2.4684,0.0,0.0,0.5,22.385903,113.972219,31|16|18|1|10,0.1003|0.1002|0.0646|0.0575|0.0465,
unit_005794,HongKong,5,5,105.6,10,2.5314,0.0,0.0,0.5,22.385854,113.978269,10|31|1|7|27,0.1004|0.0954|0.0626|0.0604|0.0597,
unit_005795,HongKong,7,7,151.4,21,2.2807,0.0,0.0,0.5,22.391674,113.977468,21|1|16|2|14,0.0789|0.0719|0.0614|0.0508|0.0444,
unit_005796,HongKong,5,5,105.6,10,2.5314,0.0,0.0,0.5,22.385974,113.978518,10|31|1|7|27,0.1004|0.0954|0.0626|0.0604|0.0597,
unit_005797,HongKong,12,12,234.1,10,2.5314,0.0,0.0,0.5,22.385454,113.978811,10|31|1|7|27,0.1004|0.0954|0.0626|0.0604|0.0597,
unit_005798,HongKong,33,35,569.6,1,2.3345,0.0,0.05477,0.5137,22.382638,113.969844,1|16|3|13|10,0.0896|0.0743|0.0684|0.0569|0.0495,
unit_005799,HongKong,40,40,879.1,1,2.2818,0.0,0.0,0.5,22.383979,113.971887,1|16|31|7|10,0.0916|0.0847|0.0676|0.0509|0.0423,
unit_005800,HongKong,49,49,901.3,1,2.326,0.0,0.12629,0.5315,22.383295,113.978152,1|13|3|21|10,0.1000|0.0754|0.0680|0.0679|0.0630,
unit_005801,HongKong,8,8,184.1,18,2.4193,0.0,0.0,0.5,22.378852,113.968123,18|10|31|1|21,0.1324|0.0929|0.0740|0.0555|0.0486,
unit_005802,HongKong,35,35,683.4,1,2.34,0.0,0.0,0.5,22.384057,113.9751,1|21|3|31|18,0.1068|0.0926|0.0811|0.0562|0.0554,
unit_005803,HongKong,48,52,804.9,1,2.3875,1e-05,0.0,0.5,22.387638,113.975227,1|21|3|2|18,0.1029|0.0795|0.0691|0.0538|0.0348,
unit_005804,HongKong,7,7,157.5,1,2.39,0.0,0.0,0.5,22.391159,113.975168,1|2|21|18|3,0.1027|0.0761|0.0747|0.0638|0.0593,
unit_005805,HongKong,7,7,154.3,1,2.39,0.0,0.0,0.5,22.391136,113.975296,1|2|21|18|3,0.1027|0.0761|0.0747|0.0638|0.0593,
unit_005806,HongKong,8,8,179.9,1,2.428,0.0,0.12629,0.5315,22.382891,113.976346,1|31|3|2|10,0.1084|0.0763|0.0672|0.0630|0.0464,
unit_005808,HongKong,3,3,51.0,16,2.3637,0.0,0.0,0.5,22.379775,113.970732,16|31|3|1|21,0.0937|0.0655|0.0638|0.0504|0.0466,
unit_005809,HongKong,11,11,223.6,1,2.3595,0.0,0.0,0.5,22.381461,113.974668,1|16|7|31|3,0.0902|0.0747|0.0659|0.0640|0.0532,
unit_005810,HongKong,8,8,180.3,1,2.428,0.0,0.12629,0.5315,22.382787,113.976409,1|31|3|2|10,0.1084|0.0763|0.0672|0.0630|0.0464,
unit_005811,HongKong,9,9,160.2,31,2.4684,0.0,0.0,0.5,22.385733,113.972059,31|16|18|1|10,0.1003|0.1002|0.0646|0.0575|0.0465,
unit_005812,HongKong,20,23,480.6,18,2.4953,0.0,0.06686,0.5167,22.462166,114.150454,18|10|31|16|21,0.1152|0.0843|0.0768|0.0701|0.0654,
unit_005813,HongKong,31,31,517.6,1,2.4087,0.0,0.0,0.5,22.386133,113.981031,1|21|13|31|3,0.1245|0.0937|0.0525|0.0521|0.0428,
unit_005814,HongKong,23,23,401.0,1,2.4102,0.0,0.0,0.5,22.388351,113.980482,1|21|3|31|7,0.1284|0.0865|0.0674|0.0492|0.0468,
unit_005815,HongKong,16,16,364.6,27,2.2681,0.0,0.0,0.5,22.384228,114.142944,27|22|23|31|16,0.0995|0.0955|0.0823|0.0678|0.0469,
unit_005816,HongKong,52,75,1017.0,22,2.4711,5e-05,0.06404,0.516,22.382518,114.139302,22|31|7|16|27,0.1109|0.0971|0.0774|0.0627|0.0525,
unit_005817,HongKong,29,29,549.0,16,2.296,0.0,0.0,0.5,22.504194,114.082038,16|31|13|10|22,0.0919|0.0864|0.0692|0.0592|0.0484,
unit_005818,HongKong,8,8,175.1,16,2.3822,0.0,0.0,0.5,22.503699,114.097984,16|31|3|18|7,0.0980|0.0948|0.0790|0.0750|0.0445,
unit_005819,HongKong,8,8,175.1,16,2.3945,0.0,0.0,0.5,22.503464,114.101131,16|18|31|13|3,0.1080|0.0857|0.0841|0.0384|0.0372,
unit_005820,HongKong,7,7,150.1,18,2.4073,0.0,0.0,0.5,22.503169,114.105064,18|16|31|3|10,0.0911|0.0849|0.0673|0.0596|0.0481,
unit_005821,HongKong,8,8,175.1,16,2.2882,0.0,0.0,0.5,22.502847,114.109222,16|31|3|18|22,0.1049|0.0876|0.0652|0.0580|0.0555,
unit_005822,HongKong,11,16,250.2,16,2.53,0.00011,0.0,0.5,22.502237,114.116273,16|31|18|22|2,0.0936|0.0795|0.0770|0.0695|0.0518,
unit_005823,HongKong,8,8,175.1,31,2.458,0.0,0.0,0.5,22.502342,114.118627,31|16|18|2|22,0.0983|0.0924|0.0799|0.0531|0.0486,
unit_005824,HongKong,9,9,200.4,13,2.3212,0.0,0.0,0.5,22.494049,114.079048,13|7|22|16|31,0.1284|0.0894|0.0602|0.0537|0.0530,
unit_005825,HongKong,7,7,150.3,13,2.309,0.0,0.09726,0.5243,22.492308,114.080071,13|7|21|31|22,0.1367|0.1160|0.0680|0.0547|0.0471,
unit_005826,HongKong,20,30,450.9,22,2.388,6e-05,0.09726,0.5243,22.490591,114.08074,22|21|13|27|7,0.1167|0.1028|0.0979|0.0711|0.0696,
unit_005827,HongKong,26,28,504.0,22,2.2989,0.0,0.10444,0.5261,22.498742,114.081378,22|21|7|13|3,0.1250|0.1099|0.0702|0.0651|0.0526,
unit_005828,HongKong,8,8,177.1,13,2.4149,0.0,0.10444,0.5261,22.497517,114.082359,13|7|22|31|2,0.0947|0.0803|0.0703|0.0530|0.0481,
unit_005829,HongKong,8,8,177.1,22,2.447,0.0,0.0,0.5,22.495081,114.083056,22|7|13|3|21,0.0886|0.0864|0.0846|0.0722|0.0527,
unit_005830,HongKong,7,8,152.6,22,2.3165,0.0,0.05522,0.5138,22.498932,114.085169,22|21|23|7|3,0.1647|0.0568|0.0467|0.0461|0.0355,
unit_005831,HongKong,7,8,152.6,22,2.3859,0.0,0.05522,0.5138,22.497459,114.085218,22|13|21|7|3,0.1144|0.0890|0.0811|0.0796|0.0550,
unit_005833,HongKong,5,5,102.5,31,2.399,0.0,0.0,0.5,22.503887,114.088863,31|16|22|10|7,0.1205|0.0909|0.0769|0.0632|0.0487,
unit_005834,HongKong,58,73,1083.6,18,2.286,0.0,0.12306,0.5307,22.503629,114.091341,18|16|14|2|31,0.0973|0.0919|0.0673|0.0643|0.0627,
unit_005835,HongKong,14,14,276.1,16,2.3642,0.0,0.0,0.5,22.503778,114.094918,16|18|31|2|7,0.1095|0.0871|0.0689|0.0437|0.0378,
unit_005836,HongKong,8,14,175.6,18,2.3579,1e-05,0.0,0.5,22.504061,114.091424,18|16|14|2|31,0.0982|0.0937|0.0679|0.0652|0.0629,
unit_005837,HongKong,13,14,301.0,31,2.3537,3e-05,0.0,0.5,22.504066,114.088157,31|16|22|10|7,0.1206|0.1008|0.0827|0.0660|0.0647,
unit_005838,HongKong,7,7,150.8,7,2.4922,0.0,0.0,0.5,22.500146,114.098978,7|13|22|10|27,0.1051|0.0729|0.0715|0.0636|0.0632,
unit_005839,HongKong,8,8,176.6,31,2.2322,0.0,0.0,0.5,22.502135,114.099598,31|16|7|21|2,0.1183|0.1036|0.0857|0.0498|0.0315,
unit_005840,HongKong,8,8,176.6,16,2.4051,0.0,0.19067,0.5475,22.501837,114.103208,16|13|31|7|2,0.0952|0.0902|0.0774|0.0611|0.0456,
unit_005841,HongKong,38,38,769.4,31,2.3711,0.0,0.16843,0.542,22.501509,114.104996,31|22|21|10|16,0.1121|0.1023|0.0903|0.0823|0.0772,
unit_005842,HongKong,7,7,152.8,16,2.3642,0.0,0.0,0.5,22.50347,114.094753,16|18|31|2|7,0.1095|0.0871|0.0689|0.0437|0.0378,
unit_005843,HongKong,5,5,102.9,18,2.4073,0.0,0.23537,0.5586,22.502643,114.105646,18|16|31|3|10,0.0911|0.0849|0.0673|0.0596|0.0481,
unit_005844,HongKong,8,8,175.1,16,2.2882,0.0,0.0,0.5,22.502967,114.109159,16|31|3|18|22,0.1049|0.0876|0.0652|0.0580|0.0555,
unit_005845,HongKong,24,24,458.9,18,2.4073,0.0,0.0,0.5,22.503337,114.105085,18|16|31|3|10,0.0911|0.0849|0.0673|0.0596|0.0481,
unit_005847,HongKong,40,40,767.9,31,2.4948,0.0,0.13074,0.5326,22.500322,114.123644,31|3|1|16|22,0.0820|0.0717|0.0605|0.0558|0.0544,
unit_005848,HongKong,34,36,708.9,10,2.3875,0.0,0.13074,0.5326,22.499233,114.122891,10|2|13|31|16,0.0709|0.0704|0.0645|0.0598|0.0574,
unit_005849,HongKong,34,34,739.4,21,2.4347,0.0,0.0,0.5,22.49678,114.122347,21|31|22|16|1,0.0962|0.0921|0.0614|0.0572|0.0558,
unit_005850,HongKong,48,48,1040.9,21,2.2478,0.0,0.23222,0.5578,22.503068,114.123474,21|1|31|10|3,0.1000|0.0816|0.0701|0.0548|0.0540,
unit_005851,HongKong,4,4,75.7,21,2.4569,0.0,0.0,0.5,22.499097,114.127457,21|1|18|13|31,0.1012|0.0815|0.0683|0.0579|0.0563,
unit_005852,HongKong,6,6,80.3,1,2.3666,0.0,0.0,0.5,22.499247,114.126056,1|31|21|3|7,0.0929|0.0901|0.0839|0.0795|0.0610,
unit_005853,HongKong,7,7,151.8,31,2.4948,0.0,0.0,0.5,22.50017,114.12341,31|3|1|16|22,0.0820|0.0717|0.0605|0.0558|0.0544,
unit_005854,HongKong,8,8,176.3,31,2.458,0.0,0.0,0.5,22.502185,114.11874,31|16|18|2|22,0.0983|0.0924|0.0799|0.0531|0.0486,
unit_005855,HongKong,10,14,226.6,16,2.5269,0.00011,0.0,0.5,22.502097,114.116258,16|31|18|22|2,0.0951|0.0802|0.0782|0.0691|0.0507,
unit_005856,HongKong,8,8,176.3,16,2.2882,0.0,0.0,0.5,22.502721,114.109053,16|31|3|18|22,0.1049|0.0876|0.0652|0.0580|0.0555,
unit_005857,HongKong,8,8,176.3,18,2.4073,0.0,0.0,0.5,22.503027,114.104981,18|16|31|3|10,0.0911|0.0849|0.0673|0.0596|0.0481,
unit_005858,HongKong,8,8,176.3,16,2.3945,0.0,0.0,0.5,22.503327,114.101137,16|18|31|13|3,0.1080|0.0857|0.0841|0.0384|0.0372,
unit_005859,HongKong,8,8,176.3,16,2.3822,0.0,0.0,0.5,22.503576,114.097971,16|31|3|18|7,0.0980|0.0948|0.0790|0.0750|0.0445,
unit_005860,HongKong,7,7,156.3,31,2.4948,0.0,0.0,0.5,22.500264,114.12356,31|3|1|16|22,0.0820|0.0717|0.0605|0.0558|0.0544,
unit_005861,HongKong,17,32,357.1,16,2.4318,1e-05,0.0,0.5,22.4932,114.066783,16|18|31|3|22,0.1255|0.0892|0.0698|0.0593|0.0489,
unit_005862,HongKong,37,37,728.1,22,2.2572,0.0,0.31604,0.5784,22.493421,114.069101,22|31|16|3|23,0.1219|0.0780|0.0590|0.0580|0.0267,
unit_005863,HongKong,7,7,152.4,22,2.2572,0.0,0.0,0.5,22.49372,114.068943,22|31|16|3|23,0.1219|0.0780|0.0590|0.0580|0.0267,
unit_005864,HongKong,7,7,152.4,13,2.4489,0.0,0.0,0.5,22.49462,114.072254,13|16|31|3|10,0.0987|0.0787|0.0621|0.0521|0.0507,
unit_005865,HongKong,8,8,177.7,16,2.3495,0.0,0.0,0.5,22.495252,114.074572,16|18|31|3|22,0.1234|0.0891|0.0672|0.0637|0.0583,
unit_005866,HongKong,7,7,152.4,22,2.5132,0.0,0.17014,0.5424,22.497425,114.078306,22|31|3|10|18,0.0979|0.0683|0.0669|0.0572|0.0556,
unit_005867,HongKong,30,30,572.2,21,2.4199,0.0,0.0,0.5,22.495326,114.068866,21|22|31|7|3,0.0974|0.0777|0.0776|0.0720|0.0687,
unit_005868,HongKong,8,8,175.5,18,2.2055,0.0,0.0,0.5,22.490666,114.061307,18|16|21|22|14,0.1054|0.0893|0.0812|0.0500|0.0484,
unit_005869,HongKong,8,8,175.5,21,2.3626,0.0,0.0,0.5,22.48649,114.05881,21|18|3|2|22,0.1062|0.0867|0.0629|0.0555|0.0426,
unit_005870,HongKong,8,8,175.5,21,2.286,0.0,0.0,0.5,22.484248,114.058579,21|3|13|31|18,0.1253|0.0944|0.0511|0.0429|0.0416,
unit_005871,HongKong,8,8,175.5,21,2.3204,0.0,0.0,0.5,22.482219,114.05846,21|16|22|3|13,0.1378|0.0548|0.0518|0.0495|0.0403,
unit_005872,HongKong,9,13,200.5,21,2.4336,6e-05,0.0,0.5,22.479854,114.058293,21|3|31|13|22,0.1278|0.0860|0.0506|0.0456|0.0445,
unit_005873,HongKong,8,8,175.5,21,2.4862,0.0,0.0,0.5,22.476925,114.057527,21|3|18|13|31,0.1106|0.0873|0.0686|0.0503|0.0482,
unit_005874,HongKong,15,15,312.2,21,2.3568,0.0,0.0,0.5,22.474593,114.056469,21|31|13|3|22,0.1397|0.0664|0.0664|0.0643|0.0561,
unit_005875,HongKong,30,30,623.9,13,2.2409,0.0,0.31604,0.5784,22.492082,114.067856,13|7|21|22|31,0.1078|0.0994|0.0782|0.0751|0.0693,
unit_005877,HongKong,8,17,181.2,16,2.4211,1e-05,0.25052,0.5623,22.492849,114.066695,16|31|18|3|13,0.1114|0.0808|0.0767|0.0564|0.0515,
unit_005878,HongKong,4,4,75.2,13,2.4489,0.0,0.0,0.5,22.494275,114.072227,13|16|31|3|10,0.0987|0.0787|0.0621|0.0521|0.0507,
unit_005879,HongKong,7,7,157.8,13,2.4489,0.0,0.0,0.5,22.494937,114.072088,13|16|31|3|10,0.0987|0.0787|0.0621|0.0521|0.0507,
unit_005880,HongKong,28,28,570.3,13,2.3297,0.0,0.0,0.5,22.496674,114.067007,13|3|7|21|22,0.1302|0.0935|0.0813|0.0697|0.0440,
unit_005881,HongKong,44,56,819.0,18,2.2406,0.0,0.28285,0.5702,22.49095,114.06134,18|16|21|22|14,0.1050|0.0895|0.0813|0.0504|0.0481,
unit_005883,HongKong,20,20,373.1,7,2.3461,0.0,0.05909,0.5148,22.49122,114.059738,7|1|31|3|13,0.1242|0.0645|0.0605|0.0524|0.0386,
unit_005884,HongKong,46,46,901.0,22,2.2772,0.0,0.32049,0.5794,22.494716,114.061236,22|13|31|7|21,0.1238|0.0897|0.0809|0.0702|0.0346,
unit_005885,HongKong,10,16,233.2,22,2.3892,2e-05,0.0,0.5,22.495322,114.063433,22|13|3|23|31,0.1239|0.0872|0.0754|0.0582|0.0556,
unit_005886,HongKong,8,8,177.0,21,2.3841,0.0,0.32049,0.5794,22.493059,114.061484,21|7|1|3|22,0.0871|0.0744|0.0669|0.0654|0.0579,
unit_005887,HongKong,6,6,75.8,3,2.447,0.0,0.3284,0.5814,22.496014,114.133447,3|31|1|7|21,0.1064|0.0925|0.0772|0.0698|0.0666,
unit_005888,HongKong,7,7,159.3,14,2.4209,0.0,0.33757,0.5836,22.496578,114.132408,14|18|10|31|3,0.0926|0.0837|0.0540|0.0524|0.0469,
unit_005889,HongKong,8,8,179.7,14,2.4209,0.0,0.33757,0.5836,22.49672,114.132393,14|18|10|31|3,0.0926|0.0837|0.0540|0.0524|0.0469,
unit_005890,HongKong,7,8,152.8,14,2.4578,2e-05,0.14054,0.5351,22.496874,114.132612,14|18|31|10|3,0.0907|0.0823|0.0563|0.0550|0.0518,
unit_005891,HongKong,6,6,75.8,3,2.447,0.0,0.13784,0.5344,22.496163,114.13351,3|31|1|7|21,0.1064|0.0925|0.0772|0.0698|0.0666,
unit_005893,HongKong,7,7,151.6,13,2.5043,0.0,0.0599,0.515,22.495159,114.134747,13|16|14|18|10,0.0712|0.0686|0.0570|0.0561|0.0492,
unit_005894,HongKong,7,7,151.6,21,2.4091,0.0,0.0,0.5,22.493634,114.136437,21|18|16|31|3,0.0983|0.0973|0.0908|0.0758|0.0457,
unit_005895,HongKong,5,5,101.1,31,2.448,0.0,0.0,0.5,22.492117,114.138134,31|22|23|1|10,0.1414|0.0653|0.0525|0.0519|0.0518,
unit_005896,HongKong,4,4,75.8,3,2.4595,0.0,0.0,0.5,22.490753,114.139812,3|1|31|21|22,0.0980|0.0942|0.0844|0.0648|0.0496,
unit_005897,HongKong,7,7,151.6,14,2.5549,0.0,0.0,0.5,22.487881,114.14578,14|31|16|10|13,0.0710|0.0576|0.0519|0.0490|0.0466,
unit_005898,HongKong,20,20,393.0,16,2.4813,0.0,0.13947,0.5348,22.487333,114.147592,16|18|13|10|3,0.0932|0.0809|0.0743|0.0691|0.0624,
unit_005899,HongKong,8,9,179.0,14,2.4487,1e-05,0.16818,0.5419,22.496854,114.132452,14|18|31|10|3,0.0914|0.0829|0.0553|0.0549|0.0505,
unit_005900,HongKong,5,5,107.6,21,2.4569,0.0,0.0,0.5,22.498994,114.127157,21|1|18|13|31,0.1012|0.0815|0.0683|0.0579|0.0563,
unit_005901,HongKong,24,24,369.2,31,2.2064,0.0,0.0,0.5,22.485702,114.056346,31|3|7|16|1,0.0863|0.0830|0.0752|0.0595|0.0357,
unit_005902,HongKong,10,10,201.4,7,2.3301,0.0,0.0,0.5,22.482153,114.056169,7|31|13|21|22,0.1063|0.1016|0.0862|0.0634|0.0489,
unit_005903,HongKong,16,16,261.0,21,2.3204,0.0,0.0,0.5,22.482125,114.057993,21|16|22|3|13,0.1378|0.0548|0.0518|0.0495|0.0403,
unit_005904,HongKong,45,45,730.7,16,2.5031,0.0,0.07683,0.5192,22.471596,114.055104,16|22|31|21|3,0.1003|0.0941|0.0751|0.0625|0.0578,
unit_005905,HongKong,40,62,814.2,21,2.432,0.00012,0.15915,0.5397,22.468509,114.054306,21|3|22|16|13,0.1314|0.0705|0.0593|0.0515|0.0492,
unit_005906,HongKong,7,7,156.3,21,2.3568,0.0,0.0,0.5,22.474756,114.056239,21|31|13|3|22,0.1397|0.0664|0.0664|0.0643|0.0561,
unit_005907,HongKong,12,12,227.9,21,2.4862,0.0,0.0,0.5,22.476766,114.057295,21|3|18|13|31,0.1106|0.0873|0.0686|0.0503|0.0482,
unit_005908,HongKong,9,14,200.5,21,2.4578,8e-05,0.0,0.5,22.480074,114.058155,21|3|7|31|22,0.1280|0.0847|0.0549|0.0541|0.0478,
unit_005909,HongKong,8,8,175.4,21,2.3204,0.0,0.0,0.5,22.482214,114.058295,21|16|22|3|13,0.1378|0.0548|0.0518|0.0495|0.0403,
unit_005910,HongKong,8,8,175.4,21,2.286,0.0,0.0,0.5,22.484242,114.05842,21|3|13|31|18,0.1253|0.0944|0.0511|0.0429|0.0416,
unit_005911,HongKong,8,8,175.4,21,2.3626,0.0,0.0,0.5,22.486484,114.058645,21|18|3|2|22,0.1062|0.0867|0.0629|0.0555|0.0426,
unit_005912,HongKong,8,8,175.4,18,2.2055,0.0,0.0,0.5,22.490834,114.061269,18|16|21|22|14,0.1054|0.0893|0.0812|0.0500|0.0484,
unit_005913,HongKong,33,51,754.0,21,2.4229,0.00012,0.07231,0.518,22.468252,114.054528,21|3|22|16|13,0.1254|0.0692|0.0524|0.0503|0.0481,
unit_005915,HongKong,11,13,252.4,22,2.5025,4e-05,0.0602,0.515,22.471269,114.055374,22|16|21|31|3,0.0950|0.0884|0.0792|0.0731|0.0673,
unit_005916,HongKong,8,8,176.7,21,2.3568,0.0,0.0,0.5,22.474666,114.056298,21|31|13|3|22,0.1397|0.0664|0.0664|0.0643|0.0561,
unit_005917,HongKong,27,27,427.0,21,2.4245,0.0,0.06851,0.5171,22.470427,114.055729,21|22|3|31|16,0.1056|0.0931|0.0816|0.0672|0.0643,
unit_005918,HongKong,35,53,824.5,21,2.4739,0.00016,0.08221,0.5205,22.469199,114.055016,21|3|22|16|31,0.1194|0.0675|0.0660|0.0642|0.0457,
unit_005919,HongKong,8,9,175.5,21,2.259,0.0,0.10423,0.526,22.465757,114.054144,21|22|3|13|16,0.1156|0.0787|0.0604|0.0516|0.0380,
unit_005920,HongKong,8,8,175.5,21,2.2921,0.0,0.0,0.5,22.463344,114.053553,21|3|18|16|1,0.1156|0.0786|0.0604|0.0468|0.0419,
unit_005921,HongKong,4,5,75.2,13,2.3984,0.0,0.10063,0.5251,22.459833,114.052693,13|7|2|21|3,0.1206|0.0812|0.0628|0.0541|0.0453,
unit_005923,HongKong,6,7,125.4,21,2.2498,0.0,0.082,0.5205,22.458517,114.05237,21|22|3|7|16,0.1418|0.0981|0.0480|0.0420|0.0418,
unit_005924,HongKong,13,17,300.9,22,2.3397,8e-05,0.0,0.5,22.45555,114.051098,22|21|31|3|10,0.1239|0.1052|0.0578|0.0499|0.0470,
unit_005925,HongKong,15,15,304.5,21,2.3766,0.0,0.0,0.5,22.453609,114.049623,21|2|14|1|27,0.0956|0.0624|0.0582|0.0481|0.0446,
unit_005926,HongKong,34,52,726.3,21,2.3546,9e-05,0.1024,0.5256,22.468162,114.055,21|16|3|18|23,0.1368|0.0614|0.0596|0.0516|0.0449,
unit_005927,HongKong,7,7,152.9,21,2.2534,0.0,0.1024,0.5256,22.465743,114.054289,21|22|3|13|16,0.1143|0.0793|0.0593|0.0510|0.0372,
unit_005928,HongKong,7,7,152.9,21,2.2921,0.0,0.0,0.5,22.463294,114.053667,21|3|18|16|1,0.1156|0.0786|0.0604|0.0468|0.0419,
unit_005929,HongKong,46,50,1033.7,13,2.4156,3e-05,0.0,0.5,22.472676,114.053823,13|7|22|21|2,0.1039|0.0880|0.0511|0.0417|0.0362,
unit_005930,HongKong,24,32,470.9,21,2.3919,1e-05,0.0,0.5,22.47983,114.058529,21|3|31|13|23,0.1268|0.0865|0.0476|0.0473|0.0473,
unit_005931,HongKong,8,8,175.2,21,2.3204,0.0,0.0,0.5,22.482078,114.058564,21|16|22|3|13,0.1378|0.0548|0.0518|0.0495|0.0403,
unit_005932,HongKong,8,8,175.2,21,2.286,0.0,0.0,0.5,22.484104,114.058688,21|3|13|31|18,0.1253|0.0944|0.0511|0.0429|0.0416,
unit_005933,HongKong,8,8,175.2,21,2.3626,0.0,0.0,0.5,22.486346,114.058898,21|18|3|2|22,0.1062|0.0867|0.0629|0.0555|0.0426,
unit_005934,HongKong,7,7,150.4,7,2.4326,0.0,0.05494,0.5137,22.479681,114.061256,7|31|3|13|27,0.1416|0.0809|0.0580|0.0564|0.0524,
unit_005935,HongKong,28,32,565.1,31,2.5176,8e-05,0.05494,0.5137,22.478415,114.063093,31|10|22|7|27,0.0924|0.0914|0.0857|0.0820|0.0655,
unit_005936,HongKong,20,20,358.3,21,2.4862,0.0,0.0,0.5,22.476726,114.057592,21|3|18|13|31,0.1106|0.0873|0.0686|0.0503|0.0482,
unit_005937,HongKong,20,20,393.4,7,2.2802,0.0,0.0,0.5,22.475694,114.0589,7|13|31|16|21,0.1614|0.0743|0.0622|0.0604|0.0554,
unit_005938,HongKong,7,7,159.4,21,2.3568,0.0,0.0,0.5,22.474542,114.056618,21|31|13|3|22,0.1397|0.0664|0.0664|0.0643|0.0561,
unit_005939,HongKong,7,7,150.7,18,2.1984,0.0,0.0,0.5,22.451782,114.048687,18|21|2|3|22,0.1386|0.0706|0.0631|0.0471|0.0406,
unit_005940,HongKong,7,7,150.7,21,2.4212,0.0,0.0,0.5,22.447145,114.049073,21|2|18|3|22,0.1184|0.0856|0.0798|0.0649|0.0565,
unit_005941,HongKong,8,16,175.8,21,2.4768,0.0,0.0,0.5,22.443627,114.050859,21|18|22|13|2,0.1238|0.0896|0.0685|0.0682|0.0666,
unit_005942,HongKong,13,13,251.5,13,2.3963,0.0,0.0,0.5,22.442259,114.052097,13|7|2|16|3,0.0905|0.0787|0.0644|0.0459|0.0403,
unit_005944,HongKong,16,16,333.6,16,2.3424,0.0,0.0,0.5,22.448803,114.045869,16|31|22|18|23,0.1196|0.0956|0.0708|0.0670|0.0399,
unit_005945,HongKong,7,7,151.1,22,2.3564,0.0,0.0,0.5,22.448912,114.043708,22|31|21|27|1,0.1089|0.0618|0.0499|0.0429|0.0416,
unit_005946,HongKong,12,12,228.4,22,2.3564,0.0,0.0,0.5,22.449093,114.043756,22|31|21|27|1,0.1089|0.0618|0.0499|0.0429|0.0416,
unit_005947,HongKong,7,7,151.2,16,2.3424,0.0,0.0,0.5,22.44936,114.045857,16|31|22|18|23,0.1196|0.0956|0.0708|0.0670|0.0399,
unit_005948,HongKong,8,8,176.3,21,2.4212,0.0,0.0,0.5,22.447317,114.04966,21|2|18|3|22,0.1184|0.0856|0.0798|0.0649|0.0565,
unit_005949,HongKong,8,15,176.3,21,2.46,0.0,0.0,0.5,22.443777,114.051034,21|18|22|13|14,0.1289|0.0821|0.0792|0.0708|0.0599,
unit_005950,HongKong,7,7,153.3,16,2.3424,0.0,0.0,0.5,22.449172,114.045693,16|31|22|18|23,0.1196|0.0956|0.0708|0.0670|0.0399,
unit_005951,HongKong,8,8,178.8,18,2.1984,0.0,0.0,0.5,22.451903,114.048215,18|21|2|3|22,0.1386|0.0706|0.0631|0.0471|0.0406,
unit_005952,HongKong,8,8,178.8,21,2.3766,0.0,0.0,0.5,22.453697,114.049214,21|2|14|1|27,0.0956|0.0624|0.0582|0.0481|0.0446,
unit_005953,HongKong,8,8,175.8,22,2.3304,0.0,0.1256,0.5314,22.455198,114.050612,22|21|10|31|16,0.1211|0.0876|0.0804|0.0695|0.0609,
unit_005954,HongKong,4,4,75.4,21,2.1892,0.0,0.1256,0.5314,22.456277,114.051425,21|22|3|31|7,0.1229|0.1227|0.0462|0.0408|0.0382,
unit_005955,HongKong,6,7,125.6,21,2.2523,0.0,0.10222,0.5255,22.458615,114.052246,21|22|3|7|16,0.1418|0.0981|0.0481|0.0422|0.0419,
unit_005957,HongKong,3,4,50.2,13,2.3987,0.0,0.08014,0.52,22.459826,114.052536,13|7|2|21|3,0.1206|0.0812|0.0628|0.0542|0.0453,
unit_005958,HongKong,8,8,175.8,21,2.2921,0.0,0.0,0.5,22.463238,114.05335,21|3|18|16|1,0.1156|0.0786|0.0604|0.0468|0.0419,
unit_005959,HongKong,7,7,150.7,21,2.2534,0.0,0.08443,0.5211,22.465769,114.053954,21|22|3|13|16,0.1143|0.0793|0.0593|0.0510|0.0372,
unit_005960,HongKong,7,7,152.2,21,2.3245,0.0,0.0,0.5,22.440613,114.054079,21|31|2|22|7,0.1159|0.0821|0.0744|0.0730|0.0701,
unit_005961,HongKong,8,8,177.6,2,2.3818,0.0,0.0,0.5,22.438633,114.056736,2|21|22|18|3,0.0906|0.0881|0.0766|0.0650|0.0613,
unit_005962,HongKong,8,8,177.6,16,2.4161,0.0,0.0,0.5,22.436674,114.05926,16|3|21|31|18,0.0987|0.0873|0.0819|0.0640|0.0625,
unit_005963,HongKong,10,10,175.5,21,2.4542,0.0,0.0,0.5,22.434635,114.061179,21|18|31|2|23,0.0975|0.0815|0.0672|0.0529|0.0526,
unit_005965,HongKong,6,6,125.2,21,2.4212,0.0,0.0,0.5,22.44696,114.048922,21|2|18|3|22,0.1184|0.0856|0.0798|0.0649|0.0565,
unit_005966,HongKong,7,7,150.3,18,2.1984,0.0,0.0,0.5,22.451903,114.04852,18|21|2|3|22,0.1386|0.0706|0.0631|0.0471|0.0406,
unit_005967,HongKong,8,8,175.3,21,2.3766,0.0,0.0,0.5,22.453628,114.049333,21|2|14|1|27,0.0956|0.0624|0.0582|0.0481|0.0446,
unit_005968,HongKong,7,10,153.4,21,2.4653,0.0,0.29841,0.5741,22.443102,114.050524,21|18|2|31|13,0.0910|0.0810|0.0682|0.0574|0.0505,
unit_005969,HongKong,7,7,153.4,13,2.3963,0.0,0.29841,0.5741,22.442372,114.051962,13|7|2|16|3,0.0905|0.0787|0.0644|0.0459|0.0403,
unit_005970,HongKong,35,35,694.1,21,2.3245,0.0,0.0,0.5,22.44104,114.054301,21|31|2|22|7,0.1159|0.0821|0.0744|0.0730|0.0701,
unit_005971,HongKong,19,19,341.5,21,2.4212,0.0,0.0,0.5,22.447485,114.049718,21|2|18|3|22,0.1184|0.0856|0.0798|0.0649|0.0565,
unit_005972,HongKong,8,9,141.7,16,2.426,0.0,0.09427,0.5236,22.443985,114.046172,16|31|18|3|1,0.1052|0.0710|0.0673|0.0605|0.0463,
unit_005973,HongKong,28,28,445.7,21,2.5037,0.0,0.0,0.5,22.450087,114.050397,21|18|3|22|2,0.1338|0.0900|0.0699|0.0651|0.0458,
unit_005974,HongKong,17,17,341.1,18,2.5139,0.0,0.28132,0.5699,22.444486,114.043379,18|16|31|1|3,0.0819|0.0645|0.0639|0.0615|0.0580,
unit_005975,HongKong,4,5,76.1,1,2.4814,0.0,0.18855,0.547,22.44416,114.044639,1|7|21|27|13,0.0850|0.0833|0.0761|0.0680|0.0392,
unit_005977,HongKong,6,8,126.8,16,2.4308,0.0,0.06448,0.5161,22.444112,114.046001,16|31|18|3|1,0.1051|0.0711|0.0673|0.0606|0.0468,
unit_005978,HongKong,13,13,227.9,21,2.4212,0.0,0.0,0.5,22.447493,114.049441,21|2|18|3|22,0.1184|0.0856|0.0798|0.0649|0.0565,
unit_005979,HongKong,28,34,608.6,22,2.3373,3e-05,0.0,0.5,22.455365,114.051775,22|21|31|7|3,0.1232|0.1225|0.0522|0.0441|0.0353,
unit_005980,HongKong,20,24,359.1,21,2.251,0.0,0.13405,0.5335,22.458245,114.052563,21|22|3|7|16,0.1417|0.0981|0.0481|0.0421|0.0418,
unit_005981,HongKong,22,22,440.9,21,2.3766,0.0,0.0,0.5,22.453918,114.049234,21|2|14|1|27,0.0956|0.0624|0.0582|0.0481|0.0446,
unit_005982,HongKong,7,7,155.3,22,2.3304,0.0,0.0,0.5,22.455366,114.050457,22|21|10|31|16,0.1211|0.0876|0.0804|0.0695|0.0609,
unit_005983,HongKong,21,27,368.8,1,2.4696,0.0,0.18349,0.5457,22.443471,114.044776,1|7|21|27|13,0.0846|0.0837|0.0765|0.0676|0.0386,
unit_005984,HongKong,22,22,429.0,18,2.5139,0.0,0.37756,0.5933,22.44395,114.043255,18|16|31|1|3,0.0819|0.0645|0.0639|0.0615|0.0580,
unit_005985,HongKong,10,10,187.4,21,2.5037,0.0,0.0,0.5,22.450335,114.050206,21|18|3|22|2,0.1338|0.0900|0.0699|0.0651|0.0458,
unit_005986,HongKong,8,8,177.6,10,2.5398,0.0,0.0,0.5,22.457986,114.150993,10|21|7|31|23,0.1031|0.0806|0.0635|0.0545|0.0524,
unit_005987,HongKong,8,8,177.6,27,2.3785,0.0,0.0,0.5,22.456046,114.152582,27|10|18|21|16,0.1018|0.0999|0.0613|0.0609|0.0546,
unit_005988,HongKong,37,44,725.2,21,2.5163,0.00011,0.0,0.5,22.459744,114.14618,21|3|22|18|7,0.0985|0.0887|0.0843|0.0655|0.0603,
unit_005989,HongKong,28,52,596.9,22,2.4648,9e-05,0.07321,0.5183,22.457329,114.143364,22|21|16|3|23,0.1087|0.0842|0.0711|0.0670|0.0516,
unit_005990,HongKong,25,31,567.6,18,2.4642,5e-05,0.0,0.5,22.457435,114.149024,18|2|23|21|16,0.0987|0.0839|0.0700|0.0696|0.0654,
unit_005991,HongKong,24,32,534.4,18,2.5238,2e-05,0.0,0.5,22.453173,114.1523,18|21|3|10|23,0.1112|0.0774|0.0730|0.0709|0.0653,
unit_005992,HongKong,74,77,1437.9,7,2.3842,0.0,0.20703,0.5516,22.463142,114.148203,7|3|10|1|31,0.1067|0.0460|0.0453|0.0400|0.0330,
unit_005993,HongKong,6,7,127.1,21,2.3773,0.0,0.16977,0.5423,22.467118,114.15166,21|7|31|22|16,0.1288|0.0993|0.0882|0.0869|0.0753,
unit_005994,HongKong,12,15,279.7,21,2.4911,4e-05,0.16977,0.5423,22.468972,114.152518,21|18|10|14|7,0.0867|0.0817|0.0683|0.0636|0.0601,
unit_005995,HongKong,5,5,101.7,10,2.4024,0.0,0.0,0.5,22.47266,114.153322,10|7|21|3|13,0.0796|0.0777|0.0729|0.0701|0.0532,
unit_005996,HongKong,8,8,178.0,21,2.3276,0.0,0.0,0.5,22.474348,114.153639,21|18|3|14|23,0.0930|0.0695|0.0659|0.0600|0.0562,
unit_005997,HongKong,14,14,278.6,21,2.3891,0.0,0.0,0.5,22.477178,114.153885,21|3|14|10|18,0.1093|0.0734|0.0677|0.0645|0.0601,
unit_005998,HongKong,8,9,175.3,21,2.4281,1e-05,0.09236,0.5231,22.479277,114.153639,21|18|3|7|22,0.1284|0.0871|0.0583|0.0563|0.0537,
unit_006000,HongKong,4,4,75.1,18,2.1909,0.0,0.0,0.5,22.481009,114.154113,18|23|3|21|10,0.1584|0.0679|0.0576|0.0553|0.0540,
unit_006001,HongKong,8,8,178.7,21,2.4266,0.0,0.0,0.5,22.47936,114.153714,21|18|3|7|16,0.1299|0.0821|0.0574|0.0572|0.0548,
unit_006003,HongKong,13,18,253.6,10,2.4964,2e-05,0.0,0.5,22.48629,114.149479,10|18|16|3|31,0.0882|0.0808|0.0770|0.0673|0.0545,
unit_006004,HongKong,5,5,105.1,16,2.4813,0.0,0.0,0.5,22.486757,114.14774,16|18|13|10|3,0.0932|0.0809|0.0743|0.0691|0.0624,
unit_006005,HongKong,8,8,175.6,16,2.4813,0.0,0.13947,0.5348,22.487134,114.147547,16|18|13|10|3,0.0932|0.0809|0.0743|0.0691|0.0624,
unit_006006,HongKong,16,16,330.6,14,2.5549,0.0,0.13947,0.5348,22.487555,114.145772,14|31|16|10|13,0.0710|0.0576|0.0519|0.0490|0.0466,
unit_006007,HongKong,4,4,75.8,3,2.4595,0.0,0.0,0.5,22.490612,114.139753,3|1|31|21|22,0.0980|0.0942|0.0844|0.0648|0.0496,
unit_006008,HongKong,7,7,151.6,31,2.448,0.0,0.0,0.5,22.491976,114.138075,31|22|23|1|10,0.1414|0.0653|0.0525|0.0519|0.0518,
unit_006009,HongKong,8,8,176.9,21,2.4091,0.0,0.0,0.5,22.493566,114.136291,21|18|16|31|3,0.0983|0.0973|0.0908|0.0758|0.0457,
unit_006010,HongKong,7,7,151.6,13,2.5043,0.0,0.31007,0.5769,22.495161,114.134512,13|16|14|18|10,0.0712|0.0686|0.0570|0.0561|0.0492,
unit_006011,HongKong,9,14,206.3,7,2.5275,4e-05,0.0,0.5,22.490922,114.145606,7|21|1|31|16,0.0753|0.0694|0.0619|0.0615|0.0564,
unit_006012,HongKong,13,19,227.5,7,2.5282,3e-05,0.0,0.5,22.490719,114.145819,7|21|31|1|16,0.0753|0.0710|0.0637|0.0610|0.0559,
unit_006013,HongKong,41,41,719.5,1,2.3633,0.0,0.0,0.5,22.485077,114.144206,1|3|31|21|16,0.1077|0.0956|0.0804|0.0556|0.0495,
unit_006014,HongKong,17,17,296.5,14,2.5549,0.0,0.18832,0.5469,22.487662,114.1463,14|31|16|10|13,0.0710|0.0576|0.0519|0.0490|0.0466,
unit_006015,HongKong,7,7,152.2,18,2.4774,0.0,0.31324,0.5777,22.464223,114.149403,18|21|10|3|23,0.1100|0.0857|0.0645|0.0634|0.0559,
unit_006016,HongKong,5,5,101.5,7,2.3756,0.0,0.31324,0.5777,22.462993,114.148803,7|3|10|1|31,0.1065|0.0455|0.0449|0.0400|0.0328,
unit_006017,HongKong,7,7,152.2,18,2.4844,0.0,0.0,0.5,22.459816,114.147376,18|22|21|3|2,0.1189|0.1028|0.0749|0.0642|0.0603,
unit_006018,HongKong,6,6,129.2,18,2.4774,0.0,0.0,0.5,22.464203,114.14956,18|21|10|3|23,0.1100|0.0857|0.0645|0.0634|0.0559,
unit_006019,HongKong,11,15,254.2,21,2.396,1e-05,0.0,0.5,22.450622,114.153803,21|18|23|22|3,0.1055|0.1033|0.0893|0.0711|0.0575,
unit_006020,HongKong,4,4,76.7,18,2.3744,0.0,0.0,0.5,22.451293,114.154124,18|21|23|22|2,0.1047|0.0971|0.0823|0.0775|0.0643,
unit_006021,HongKong,8,8,178.9,16,2.483,0.0,0.0,0.5,22.450163,114.155789,16|31|18|22|2,0.0973|0.0874|0.0861|0.0842|0.0646,
unit_006022,HongKong,3,3,51.1,7,2.369,0.0,0.0,0.5,22.451578,114.158364,7|1|3|31|21,0.1071|0.0665|0.0604|0.0584|0.0497,
unit_006023,HongKong,8,8,177.6,27,2.3785,0.0,0.0,0.5,22.456046,114.152582,27|10|18|21|16,0.1018|0.0999|0.0613|0.0609|0.0546,
unit_006024,HongKong,8,8,177.6,10,2.5398,0.0,0.0,0.5,22.457986,114.150993,10|21|7|31|23,0.1031|0.0806|0.0635|0.0545|0.0524,
unit_006025,HongKong,46,52,660.1,31,2.3934,0.0,0.19813,0.5494,22.431495,114.104394,31|16|22|7|3,0.1073|0.0913|0.0907|0.0476|0.0430,
unit_006026,HongKong,34,34,617.7,3,2.4391,0.0,0.21231,0.5529,22.43213,114.102864,3|7|21|1|31,0.0883|0.0839|0.0833|0.0642|0.0625,
unit_006027,HongKong,5,5,100.1,31,2.3079,0.0,0.0,0.5,22.430649,114.100686,31|7|13|22|3,0.0766|0.0745|0.0605|0.0581|0.0452,
unit_006028,HongKong,24,24,474.1,7,2.3257,0.0,0.0,0.5,22.432562,114.100894,7|1|31|3|22,0.0767|0.0685|0.0637|0.0589|0.0513,
unit_006029,HongKong,36,36,712.0,22,2.29,0.0,0.0,0.5,22.436154,114.100539,22|23|31|13|16,0.1362|0.0571|0.0511|0.0459|0.0330,
unit_006030,HongKong,16,24,378.7,22,2.4416,6e-05,0.0,0.5,22.432073,114.110172,22|31|18|16|21,0.1225|0.0816|0.0679|0.0658|0.0609,
unit_006031,HongKong,18,18,353.4,27,2.0958,0.0,0.0,0.5,22.433342,114.116342,27|23|16|31|2,0.1084|0.0769|0.0619|0.0565|0.0451,
unit_006032,HongKong,16,24,378.7,22,2.4416,6e-05,0.0,0.5,22.432073,114.110172,22|31|18|16|21,0.1225|0.0816|0.0679|0.0658|0.0609,
unit_006033,HongKong,20,20,358.1,3,2.4157,0.0,0.0,0.5,22.4408,114.126895,3|22|16|21|31,0.0985|0.0944|0.0782|0.0659|0.0612,
unit_006035,HongKong,20,20,362.7,3,2.2424,0.0,0.0,0.5,22.440626,114.129889,3|7|22|23|13,0.0961|0.0883|0.0717|0.0691|0.0617,
unit_006036,HongKong,20,24,362.4,27,2.3182,0.0,0.07061,0.5176,22.443077,114.128555,27|23|16|31|2,0.1246|0.0725|0.0698|0.0696|0.0669,
unit_006037,HongKong,24,24,485.5,16,2.495,0.0,0.05846,0.5146,22.444725,114.131321,16|31|7|10|21,0.0853|0.0824|0.0808|0.0617|0.0590,
unit_006038,HongKong,64,70,1265.4,7,2.4453,3e-05,0.05846,0.5146,22.446149,114.132564,7|21|22|3|31,0.0942|0.0877|0.0849|0.0804|0.0660,
unit_006039,HongKong,5,8,106.0,31,2.4485,3e-05,0.07061,0.5176,22.443821,114.129764,31|22|16|21|7,0.0982|0.0929|0.0820|0.0802|0.0640,
unit_006040,HongKong,40,40,673.2,18,2.4591,0.0,0.24904,0.5619,22.444667,114.039281,18|2|21|1|14,0.0984|0.0871|0.0835|0.0655|0.0563,
unit_006041,HongKong,6,6,136.6,16,2.3506,0.0,0.06656,0.5166,22.441679,114.086235,16|7|13|31|3,0.0806|0.0763|0.0762|0.0655|0.0599,
unit_006042,HongKong,50,70,921.8,16,2.4665,5e-05,0.06914,0.5173,22.441317,114.084462,16|31|13|7|10,0.0974|0.0708|0.0707|0.0630|0.0392,
unit_006043,HongKong,50,50,942.3,7,2.3128,0.0,0.0,0.5,22.429941,114.097904,7|13|31|10|3,0.1456|0.0910|0.0659|0.0494|0.0483,
unit_006044,HongKong,28,28,488.0,22,2.4227,0.0,0.0,0.5,22.427763,114.082664,22|7|13|16|21,0.0920|0.0799|0.0793|0.0743|0.0609,
unit_006045,HongKong,24,24,469.6,7,2.391,0.0,0.0,0.5,22.426918,114.085319,7|13|3|31|22,0.1214|0.0918|0.0691|0.0640|0.0607,
unit_006046,HongKong,62,64,1258.0,31,2.455,7e-05,0.06562,0.5164,22.42422,114.07709,31|7|16|13|1,0.1077|0.0865|0.0696|0.0676|0.0502,
unit_006047,HongKong,12,16,275.8,13,2.4167,8e-05,0.0,0.5,22.420426,114.080636,13|7|22|31|23,0.0788|0.0785|0.0735|0.0682|0.0424,
unit_006048,HongKong,9,10,208.1,7,2.3317,2e-05,0.06562,0.5164,22.426002,114.077337,7|1|22|13|27,0.1058|0.0562|0.0554|0.0552|0.0471,
unit_006049,HongKong,30,30,561.1,7,2.4166,0.0,0.19243,0.548,22.427018,114.073025,7|31|13|21|3,0.1273|0.0766|0.0645|0.0548|0.0516,
unit_006050,HongKong,18,18,301.9,3,2.4524,0.0,0.0,0.5,22.442798,114.092145,3|31|22|7|10,0.0852|0.0842|0.0794|0.0679|0.0673,
unit_006052,HongKong,38,38,806.9,22,2.3403,0.0,0.0,0.5,22.441306,114.09454,22|7|3|13|1,0.0779|0.0711|0.0607|0.0601|0.0454,
unit_006053,HongKong,31,31,572.6,3,2.4524,0.0,0.0,0.5,22.4435,114.091773,3|31|22|7|10,0.0852|0.0842|0.0794|0.0679|0.0673,
unit_006054,HongKong,48,48,924.4,7,2.2057,0.0,0.1982,0.5494,22.444244,114.093981,7|13|31|27|1,0.1418|0.0723|0.0590|0.0536|0.0439,
unit_006055,HongKong,5,5,101.6,22,2.3179,0.0,0.1982,0.5494,22.444396,114.092866,22|7|13|31|16,0.1185|0.1019|0.0904|0.0729|0.0365,
unit_006056,HongKong,12,12,226.9,16,2.4161,0.0,0.0,0.5,22.436633,114.058997,16|3|21|31|18,0.0987|0.0873|0.0819|0.0640|0.0625,
unit_006057,HongKong,6,6,125.1,2,2.3818,0.0,0.0,0.5,22.438459,114.056638,2|21|22|18|3,0.0906|0.0881|0.0766|0.0650|0.0613,
unit_006058,HongKong,6,6,125.1,21,2.3245,0.0,0.0,0.5,22.440481,114.053931,21|31|2|22|7,0.1159|0.0821|0.0744|0.0730|0.0701,
unit_006059,HongKong,7,7,150.1,13,2.3963,0.0,0.0,0.5,22.442113,114.051922,13|7|2|16|3,0.0905|0.0787|0.0644|0.0459|0.0403,
unit_006060,HongKong,8,15,175.1,21,2.4779,1e-05,0.0,0.5,22.443566,114.050683,21|18|2|31|13,0.1072|0.0868|0.0693|0.0603|0.0592,
unit_006061,HongKong,75,101,1479.3,21,2.4056,7e-05,0.0,0.5,22.439616,114.057161,21|22|2|3|16,0.1347|0.0725|0.0634|0.0583|0.0576,
unit_006062,HongKong,8,8,179.0,16,2.4161,0.0,0.0,0.5,22.436773,114.059349,16|3|21|31|18,0.0987|0.0873|0.0819|0.0640|0.0625,
unit_006063,HongKong,7,7,150.4,21,2.4495,0.0,0.0,0.5,22.432931,114.062362,21|2|18|23|3,0.0917|0.0717|0.0715|0.0623|0.0552,
unit_006064,HongKong,8,8,175.5,21,2.3866,0.0,0.1027,0.5257,22.430353,114.063494,21|22|3|23|18,0.1175|0.0811|0.0723|0.0704|0.0693,
unit_006065,HongKong,8,8,175.5,23,2.3064,0.0,0.1027,0.5257,22.428606,114.06395,23|21|27|2|18,0.0887|0.0740|0.0635|0.0580|0.0567,
unit_006066,HongKong,11,16,250.7,21,2.2317,1e-05,0.0,0.5,22.425806,114.064265,21|23|27|14|18,0.0914|0.0893|0.0820|0.0481|0.0460,
unit_006067,HongKong,7,8,150.4,18,2.3171,0.0,0.08086,0.5202,22.421967,114.064287,18|21|3|23|22,0.1125|0.0998|0.0723|0.0722|0.0486,
unit_006068,HongKong,6,7,125.4,3,2.3626,0.0,0.08086,0.5202,22.420505,114.064164,3|18|21|13|1,0.1090|0.0705|0.0638|0.0519|0.0455,
unit_006069,HongKong,77,79,1581.1,7,2.4523,3e-05,0.0,0.5,22.439637,114.067807,7|3|1|13|22,0.1063|0.0696|0.0604|0.0540|0.0452,
unit_006070,HongKong,38,38,637.4,7,2.3771,0.0,0.0,0.5,22.440018,114.062962,7|31|16|3|13,0.0901|0.0884|0.0819|0.0637|0.0585,
unit_006071,HongKong,41,46,633.6,2,2.4401,0.0,0.09486,0.5237,22.44011,114.05953,2|16|18|3|21,0.0949|0.0853|0.0812|0.0575|0.0499,
unit_006072,HongKong,72,102,1348.2,21,2.5053,2e-05,0.0,0.5,22.442265,114.061077,21|3|10|16|31,0.0963|0.0800|0.0798|0.0657|0.0637,
unit_006073,HongKong,8,9,178.0,7,2.3518,0.0,0.06566,0.5164,22.437659,114.062173,7|13|31|21|22,0.1126|0.0899|0.0791|0.0619|0.0617,
unit_006074,HongKong,14,16,305.1,22,2.4695,0.0,0.06566,0.5164,22.436659,114.06295,22|31|7|13|3,0.0966|0.0957|0.0825|0.0642|0.0502,
unit_006075,HongKong,93,100,1702.0,22,2.4465,2e-05,0.15598,0.5389,22.436492,114.067527,22|10|3|31|21,0.1019|0.0789|0.0700|0.0585|0.0561,
unit_006076,HongKong,30,30,547.2,21,2.2927,0.0,0.0,0.5,22.433373,114.070658,21|13|7|31|22,0.1229|0.0837|0.0795|0.0593|0.0553,
unit_006078,HongKong,7,7,105.9,10,2.5492,0.0,0.0,0.5,22.446557,114.039847,10|31|1|3|16,0.0811|0.0782|0.0766|0.0604|0.0588,
unit_006079,HongKong,12,12,239.3,21,2.4872,0.0,0.2058,0.5513,22.439858,114.039302,21|18|22|16|3,0.1375|0.0772|0.0743|0.0575|0.0483,
unit_006080,HongKong,5,5,104.3,10,2.5377,0.0,0.2058,0.5513,22.438504,114.038598,10|3|7|13|22,0.0683|0.0635|0.0635|0.0611|0.0523,
unit_006081,HongKong,6,6,81.7,13,2.4741,0.0,0.0,0.5,22.435986,114.035938,13|7|27|22|31,0.0860|0.0844|0.0657|0.0617|0.0557,
unit_006082,HongKong,6,6,133.1,18,2.4591,0.0,0.0,0.5,22.444416,114.039219,18|2|21|1|14,0.0984|0.0871|0.0835|0.0655|0.0563,
unit_006083,HongKong,6,6,127.2,18,2.4591,0.0,0.0,0.5,22.444326,114.039137,18|2|21|1|14,0.0984|0.0871|0.0835|0.0655|0.0563,
unit_006085,HongKong,7,7,155.5,18,2.4591,0.0,0.24201,0.5602,22.444727,114.039536,18|2|21|1|14,0.0984|0.0871|0.0835|0.0655|0.0563,
unit_006086,HongKong,8,8,181.4,21,2.2565,0.0,0.24201,0.5602,22.442979,114.039489,21|22|18|23|31,0.1282|0.1194|0.0772|0.0571|0.0446,
unit_006087,HongKong,10,10,215.4,13,2.375,0.0,0.0,0.5,22.438702,114.053173,13|21|22|7|23,0.0978|0.0885|0.0828|0.0670|0.0654,
unit_006088,HongKong,20,20,418.0,13,2.3963,0.0,0.29841,0.5741,22.441924,114.051821,13|7|2|16|3,0.0905|0.0787|0.0644|0.0459|0.0403,
unit_006089,HongKong,6,6,108.3,1,1.7931,0.0,0.0,0.5,22.503459,114.128705,1|7|23|13|16,0.1141|0.0763|0.0652|0.0311|0.0298,
unit_006091,HongKong,18,18,307.2,7,2.1982,0.0,0.0,0.5,22.509535,114.123815,7|1|3|31|13,0.1197|0.0703|0.0663|0.0626|0.0533,
unit_006092,HongKong,7,7,156.7,7,2.3886,0.0,0.0,0.5,22.511905,114.123877,7|31|22|3|27,0.1168|0.0604|0.0571|0.0535|0.0416,
unit_006093,HongKong,27,29,418.3,1,2.2881,1e-05,0.09927,0.5248,22.505854,114.127495,1|7|23|16|3,0.1199|0.1085|0.0665|0.0518|0.0431,
unit_006094,HongKong,28,29,335.6,1,1.7994,0.0,0.26678,0.5663,22.503595,114.129513,1|7|23|13|16,0.1143|0.0763|0.0652|0.0311|0.0299,
unit_006096,HongKong,5,5,51.6,3,2.3981,0.0,0.0,0.5,22.507241,114.127634,3|1|31|21|7,0.0658|0.0603|0.0540|0.0527|0.0514,
unit_006097,HongKong,44,47,684.0,1,2.3412,0.0,0.26374,0.5656,22.504232,114.130708,1|21|3|31|16,0.1097|0.0754|0.0703|0.0492|0.0489,
unit_006100,HongKong,3,3,51.1,3,2.3981,0.0,0.0,0.5,22.507367,114.127577,3|1|31|21|7,0.0658|0.0603|0.0540|0.0527|0.0514,
unit_006101,HongKong,10,10,83.9,1,2.2632,0.0,0.23488,0.5585,22.506863,114.127666,1|7|23|16|3,0.1195|0.1098|0.0673|0.0510|0.0410,
unit_006104,HongKong,7,7,160.3,21,2.4513,0.0,0.09216,0.523,22.506719,114.126194,21|1|3|10|31,0.0856|0.0801|0.0780|0.0684|0.0644,
unit_006105,HongKong,28,49,572.6,13,2.35,3e-05,0.0,0.5,22.514338,114.126333,13|3|21|7|16,0.0908|0.0821|0.0738|0.0661|0.0478,
unit_006106,HongKong,13,16,307.2,21,2.4807,5e-05,0.0,0.5,22.510564,114.126364,21|7|1|3|16,0.1173|0.0690|0.0662|0.0638|0.0585,
unit_006107,HongKong,33,33,504.7,31,2.4243,0.0,0.0,0.5,22.494819,114.132172,31|1|7|3|21,0.0994|0.0875|0.0831|0.0735|0.0707,
unit_006108,HongKong,65,69,1180.2,31,2.4525,4e-05,0.10763,0.5269,22.491015,114.13446,31|16|3|21|1,0.1145|0.0866|0.0757|0.0723|0.0588,
unit_006111,HongKong,49,51,1110.7,31,2.427,2e-05,0.0,0.5,22.497653,114.125802,31|1|21|3|7,0.0978|0.0917|0.0871|0.0807|0.0635,
unit_006112,HongKong,24,24,421.0,1,2.3698,0.0,0.0,0.5,22.497589,114.128159,1|13|31|16|7,0.0895|0.0750|0.0684|0.0609|0.0568,
unit_006113,HongKong,8,8,187.0,22,2.3179,0.0,0.0,0.5,22.444927,114.092563,22|7|13|31|16,0.1185|0.1019|0.0904|0.0729|0.0365,
unit_006114,HongKong,48,48,1085.3,22,2.2609,0.0,0.0,0.5,22.482148,114.112753,22|7|13|16|27,0.1336|0.0862|0.0855|0.0667|0.0562,
unit_006115,HongKong,13,16,303.5,22,2.2819,4e-05,0.0,0.5,22.484159,114.114697,22|21|31|7|16,0.1252|0.1174|0.0643|0.0474|0.0445,
unit_006116,HongKong,16,24,379.4,22,2.1827,3e-05,0.09061,0.5226,22.489013,114.116702,22|21|10|7|16,0.1520|0.1277|0.0382|0.0351|0.0344,
unit_006117,HongKong,8,8,177.0,22,2.373,0.0,0.09061,0.5226,22.491354,114.117983,22|21|16|7|31,0.1509|0.0803|0.0659|0.0600|0.0584,
unit_006118,HongKong,12,15,278.2,22,2.2128,1e-05,0.0,0.5,22.494116,114.120213,22|21|31|16|10,0.1445|0.0931|0.0543|0.0478|0.0365,
unit_006119,HongKong,12,15,278.2,22,2.2128,1e-05,0.0,0.5,22.494116,114.120213,22|21|31|16|10,0.1445|0.0931|0.0543|0.0478|0.0365,
unit_006120,HongKong,8,8,177.0,22,2.373,0.0,0.09061,0.5226,22.491354,114.117983,22|21|16|7|31,0.1509|0.0803|0.0659|0.0600|0.0584,
unit_006121,HongKong,16,24,379.4,22,2.1827,3e-05,0.09061,0.5226,22.489013,114.116702,22|21|10|7|16,0.1520|0.1277|0.0382|0.0351|0.0344,
unit_006122,HongKong,13,16,303.5,22,2.2819,4e-05,0.0,0.5,22.484159,114.114697,22|21|31|7|16,0.1252|0.1174|0.0643|0.0474|0.0445,
unit_006123,HongKong,6,6,128.6,18,2.5041,0.0,0.0,0.5,22.504637,114.124307,18|21|3|1|16,0.0940|0.0800|0.0779|0.0723|0.0630,
unit_006124,HongKong,30,30,469.7,21,2.4816,0.0,0.0,0.5,22.50897,114.12149,21|16|13|7|1,0.1117|0.0674|0.0628|0.0581|0.0578,
unit_006125,HongKong,8,8,184.8,21,2.3959,0.0,0.0,0.5,22.507994,114.123127,21|31|22|1|7,0.1148|0.0812|0.0713|0.0659|0.0652,
unit_006126,HongKong,7,7,155.5,21,2.3959,0.0,0.0,0.5,22.507592,114.122865,21|31|22|1|7,0.1148|0.0812|0.0713|0.0659|0.0652,
unit_006127,HongKong,7,8,157.7,3,2.4712,1e-05,0.17323,0.5432,22.496502,114.133997,3|31|1|7|21,0.1064|0.0920|0.0771|0.0681|0.0666,
unit_006128,HongKong,7,7,85.0,13,2.5043,0.0,0.17323,0.5432,22.495789,114.134908,13|16|14|18|10,0.0712|0.0686|0.0570|0.0561|0.0492,
unit_006129,HongKong,8,8,176.2,31,2.4829,0.0,0.0,0.5,22.499225,114.132842,31|21|22|18|16,0.0928|0.0879|0.0854|0.0781|0.0653,
unit_006130,HongKong,28,45,498.7,1,2.4508,4e-05,0.0,0.5,22.500977,114.132265,1|7|21|31|13,0.1133|0.0771|0.0744|0.0705|0.0473,
unit_006131,HongKong,8,8,176.2,22,2.4208,0.0,0.0,0.5,22.506258,114.133421,22|31|16|7|3,0.0897|0.0724|0.0718|0.0677|0.0550,
unit_006132,HongKong,7,7,151.0,18,2.3497,0.0,0.0,0.5,22.507606,114.135353,18|10|31|3|22,0.0956|0.0873|0.0745|0.0566|0.0499,
unit_006133,HongKong,8,8,176.2,13,2.3745,0.0,0.0,0.5,22.509702,114.135621,13|7|21|22|27,0.1233|0.0901|0.0720|0.0678|0.0466,
unit_006134,HongKong,8,8,175.0,18,2.3878,0.0,0.0,0.5,22.360383,114.017466,18|3|23|21|16,0.0884|0.0670|0.0604|0.0583|0.0439,
unit_006137,HongKong,7,7,150.0,14,2.1937,0.0,0.19826,0.5494,22.358444,114.019182,14|2|21|18|10,0.1133|0.0673|0.0524|0.0346|0.0294,
unit_006138,HongKong,9,16,200.1,18,2.4165,1e-05,0.0,0.5,22.356918,114.021906,18|16|27|22|23,0.1173|0.1127|0.0777|0.0623|0.0427,
unit_006139,HongKong,8,8,175.0,16,2.2278,0.0,0.0,0.5,22.356255,114.023934,16|31|18|3|22,0.0968|0.0758|0.0700|0.0606|0.0386,
unit_006140,HongKong,5,7,100.0,16,2.4073,0.0,0.06324,0.5158,22.356021,114.02673,16|18|31|22|3,0.1145|0.0849|0.0791|0.0564|0.0542,
unit_006141,HongKong,6,9,125.0,16,2.1671,0.0,0.09073,0.5227,22.356108,114.027966,16|18|23|13|14,0.0879|0.0869|0.0460|0.0389|0.0340,
unit_006142,HongKong,6,6,125.0,16,2.3788,0.0,0.11821,0.5295,22.356266,114.029307,16|10|18|31|27,0.0949|0.0602|0.0552|0.0527|0.0495,
unit_006143,HongKong,4,4,75.0,18,2.332,0.0,0.0,0.5,22.356681,114.030821,18|16|10|27|31,0.0980|0.0833|0.0817|0.0750|0.0512,
unit_006144,HongKong,8,8,175.0,18,2.448,0.0,0.0,0.5,22.357537,114.032134,18|16|23|22|27,0.1165|0.0677|0.0653|0.0641|0.0579,
unit_006145,HongKong,15,16,350.1,18,2.4034,5e-05,0.0,0.5,22.35959,114.034946,18|16|23|14|27,0.1085|0.0822|0.0607|0.0576|0.0472,
unit_006146,HongKong,8,8,175.0,18,2.401,0.0,0.0,0.5,22.361454,114.037611,18|23|16|27|14,0.1049|0.0878|0.0819|0.0598|0.0577,
unit_006147,HongKong,8,8,175.0,18,2.4632,0.0,0.0,0.5,22.36258,114.039295,18|14|23|3|16,0.1064|0.0668|0.0522|0.0512|0.0473,
unit_006148,HongKong,8,8,175.0,18,2.5423,0.0,0.0,0.5,22.363881,114.040838,18|14|23|16|21,0.0836|0.0753|0.0711|0.0706|0.0634,
unit_006149,HongKong,11,16,250.1,16,2.34,3e-05,0.0,0.5,22.365022,114.04378,16|18|27|23|14,0.1131|0.1021|0.0661|0.0549|0.0412,
unit_006150,HongKong,7,10,150.0,21,2.4928,3e-05,0.05605,0.514,22.365785,114.04728,21|22|31|16|7,0.1008|0.0974|0.0770|0.0733|0.0714,
unit_006152,HongKong,8,8,175.0,16,2.3667,0.0,0.0,0.5,22.365807,114.051611,16|18|14|23|13,0.1228|0.0796|0.0750|0.0567|0.0486,
unit_006153,HongKong,7,7,150.0,16,2.4353,0.0,0.0,0.5,22.367063,114.055534,16|18|27|13|31,0.1137|0.0843|0.0596|0.0562|0.0556,
unit_006154,HongKong,7,7,150.0,18,2.4348,0.0,0.0,0.5,22.367523,114.057726,18|16|31|1|23,0.1228|0.0720|0.0635|0.0603|0.0554,
unit_006155,HongKong,8,8,176.9,18,2.3338,0.0,0.0,0.5,22.351906,114.086404,18|2|21|14|3,0.1532|0.0746|0.0644|0.0579|0.0399,
unit_006156,HongKong,11,11,215.5,18,2.3338,0.0,0.0,0.5,22.352113,114.086784,18|2|21|14|3,0.1532|0.0746|0.0644|0.0579|0.0399,
unit_006157,HongKong,7,7,156.0,18,2.3338,0.0,0.0,0.5,22.351841,114.085971,18|2|21|14|3,0.1532|0.0746|0.0644|0.0579|0.0399,
unit_006158,HongKong,6,6,131.9,18,2.3338,0.0,0.0,0.5,22.351706,114.085912,18|2|21|14|3,0.1532|0.0746|0.0644|0.0579|0.0399,
unit_006159,HongKong,69,85,1510.0,7,2.1775,1e-05,0.10166,0.5254,22.390902,113.921194,7|13|27|31|1,0.1427|0.0508|0.0391|0.0382|0.0365,
unit_006160,HongKong,74,102,1574.6,21,2.4634,7e-05,0.0,0.5,22.387095,113.920928,21|10|7|3|31,0.1010|0.0632|0.0590|0.0589|0.0514,
unit_006161,HongKong,6,8,122.9,7,2.2882,0.0,0.08811,0.522,22.391965,113.921125,7|13|21|22|31,0.1253|0.0818|0.0785|0.0710|0.0563,
unit_006162,HongKong,38,38,584.2,18,2.3219,0.0,0.0,0.5,22.421352,114.066881,18|10|16|31|23,0.1182|0.0948|0.0708|0.0627|0.0451,
unit_006163,HongKong,18,18,354.1,18,2.3219,0.0,0.0,0.5,22.421084,114.066433,18|10|16|31|23,0.1182|0.0948|0.0708|0.0627|0.0451,
unit_006164,HongKong,3,3,51.2,18,2.5405,0.0,0.0,0.5,22.435516,114.034014,18|31|22|16|21,0.1060|0.0873|0.0652|0.0649|0.0635,
unit_006165,HongKong,35,35,619.3,22,2.2498,0.0,0.0,0.5,22.43416,114.031038,22|31|16|10|23,0.1157|0.1130|0.0971|0.0416|0.0347,
unit_006166,HongKong,26,40,600.5,22,2.3878,2e-05,0.0,0.5,22.391758,113.961029,22|23|21|31|27,0.1805|0.0549|0.0522|0.0450|0.0363,
unit_006167,HongKong,20,36,366.4,22,2.4249,3e-05,0.0,0.5,22.440869,113.980141,22|3|31|7|27,0.1205|0.0789|0.0711|0.0699|0.0637,
unit_006168,HongKong,8,8,181.0,22,2.2841,0.0,0.0,0.5,22.443105,113.982006,22|31|13|21|7,0.1539|0.0951|0.0745|0.0549|0.0455,
unit_006169,HongKong,8,8,181.2,18,2.3145,0.0,0.0,0.5,22.441706,113.985384,18|21|2|14|23,0.1191|0.0815|0.0614|0.0590|0.0549,
unit_006170,HongKong,54,58,1175.4,18,2.4205,2e-05,0.0,0.5,22.439205,113.985556,18|21|10|23|3,0.1303|0.0862|0.0579|0.0576|0.0569,
unit_006171,HongKong,38,38,671.9,21,2.4116,0.0,0.11912,0.5297,22.353022,114.102565,21|31|1|3|16,0.0943|0.0917|0.0806|0.0688|0.0617,
unit_006172,HongKong,42,42,845.2,1,2.3363,0.0,0.11912,0.5297,22.355001,114.102288,1|3|21|31|27,0.1067|0.0883|0.0802|0.0738|0.0551,
unit_006173,HongKong,36,36,747.5,31,2.4318,0.0,0.0,0.5,22.373511,113.962992,31|1|16|10|7,0.1098|0.0828|0.0549|0.0523|0.0461,
unit_006174,HongKong,24,24,442.0,1,2.3319,0.0,0.0,0.5,22.375016,113.961544,1|10|21|31|3,0.1125|0.0756|0.0665|0.0600|0.0525,
unit_006175,HongKong,45,52,1141.4,1,2.4076,1e-05,0.0,0.5,22.373857,113.965511,1|21|3|31|27,0.1076|0.0887|0.0703|0.0665|0.0498,
unit_006176,HongKong,19,19,325.8,7,2.2955,0.0,0.0,0.5,22.380671,113.979243,7|16|1|21|13,0.0731|0.0724|0.0685|0.0579|0.0525,
unit_006177,HongKong,12,12,216.9,14,2.3403,0.0,0.0,0.5,22.38841,113.978846,14|21|18|2|23,0.1024|0.0695|0.0676|0.0399|0.0390,
unit_006178,HongKong,6,6,110.4,21,2.4861,0.0,0.0,0.5,22.384425,113.981591,21|22|31|10|1,0.1167|0.1049|0.0801|0.0683|0.0594,
unit_006179,HongKong,18,18,381.5,21,2.4861,0.0,0.0,0.5,22.384797,113.982148,21|22|31|10|1,0.1167|0.1049|0.0801|0.0683|0.0594,
unit_006180,HongKong,8,8,175.3,21,2.5143,0.0,0.0,0.5,22.450502,114.009578,21|7|18|27|22,0.0838|0.0831|0.0813|0.0708|0.0692,
unit_006181,HongKong,10,10,110.9,7,2.4406,0.0,0.0,0.5,22.462006,113.989815,7|13|1|3|21,0.1033|0.0748|0.0631|0.0596|0.0596,
unit_006182,HongKong,22,34,434.9,7,2.4113,2e-05,0.0,0.5,22.463386,113.990795,7|13|3|31|10,0.0960|0.0836|0.0625|0.0570|0.0442,
unit_006183,HongKong,54,56,1101.7,21,2.5004,6e-05,0.0,0.5,22.447881,113.993313,21|3|7|10|13,0.1097|0.0885|0.0606|0.0503|0.0477,
unit_006184,HongKong,8,8,178.0,21,2.4703,0.0,0.0,0.5,22.449926,113.994578,21|31|3|7|13,0.1254|0.0724|0.0693|0.0617|0.0525,
unit_006185,HongKong,8,8,178.0,21,2.3892,0.0,0.0,0.5,22.453031,113.994678,21|3|7|31|16,0.1336|0.0821|0.0718|0.0635|0.0523,
unit_006186,HongKong,34,36,748.8,7,2.3811,0.0,0.07733,0.5193,22.44591,113.992832,7|21|31|13|22,0.1170|0.0863|0.0721|0.0659|0.0597,
unit_006187,HongKong,48,48,997.1,7,2.3396,4e-05,0.0,0.5,22.445722,113.988369,7|16|22|13|31,0.1032|0.0936|0.0875|0.0823|0.0758,
unit_006188,HongKong,22,30,500.4,7,2.3817,6e-05,0.0,0.5,22.45108,113.993149,7|21|31|22|16,0.1195|0.0974|0.0826|0.0571|0.0549,
unit_006189,HongKong,11,15,260.6,22,2.3654,0.0001,0.0,0.5,22.486138,114.007604,22|31|7|13|3,0.1205|0.0775|0.0689|0.0603|0.0520,
unit_006190,HongKong,50,54,1075.0,22,2.3256,4e-05,0.0,0.5,22.484956,114.005411,22|13|7|27|21,0.1486|0.1082|0.0567|0.0436|0.0430,
unit_006191,HongKong,46,50,950.4,22,2.2934,3e-05,0.0,0.5,22.478489,113.995398,22|13|7|31|16,0.1001|0.0857|0.0714|0.0605|0.0475,
unit_006192,HongKong,24,24,456.3,22,2.243,0.0,0.0,0.5,22.477271,113.994465,22|16|7|21|13,0.1175|0.0886|0.0857|0.0514|0.0491,
unit_006193,HongKong,8,8,178.3,7,2.2534,0.0,0.0,0.5,22.476966,114.001743,7|31|13|16|3,0.1344|0.0748|0.0746|0.0451|0.0412,
unit_006194,HongKong,9,9,203.8,7,2.3083,0.0,0.0,0.5,22.476885,114.004216,7|13|3|31|23,0.1513|0.0842|0.0623|0.0557|0.0424,
unit_006195,HongKong,14,14,303.3,22,2.4182,0.0,0.0,0.5,22.465406,114.017145,22|21|7|13|3,0.1427|0.0772|0.0667|0.0579|0.0522,
unit_006196,HongKong,24,24,410.3,7,2.2453,0.0,0.201,0.5501,22.463973,114.019078,7|31|13|16|3,0.1085|0.0833|0.0640|0.0604|0.0560,
unit_006197,HongKong,30,30,619.7,22,2.1988,0.0,0.0,0.5,22.466208,114.038507,22|3|13|1|21,0.1258|0.0717|0.0499|0.0349|0.0297,
unit_006198,HongKong,8,8,175.9,22,2.4097,0.0,0.0,0.5,22.467151,114.036878,22|10|31|7|16,0.0899|0.0875|0.0860|0.0542|0.0541,
unit_006199,HongKong,12,16,276.4,31,2.4045,5e-05,0.08829,0.522,22.468551,114.033538,31|22|16|10|7,0.0915|0.0862|0.0643|0.0641|0.0597,
unit_006200,HongKong,8,8,175.9,22,2.4315,0.0,0.08829,0.5221,22.469334,114.031426,22|31|10|23|18,0.1156|0.0971|0.0773|0.0660|0.0573,
unit_006201,HongKong,13,16,301.5,22,2.4381,1e-05,0.0,0.5,22.466285,114.029252,22|21|18|3|10,0.0968|0.0854|0.0598|0.0588|0.0576,
unit_006202,HongKong,42,46,1005.1,22,2.4462,3e-05,0.0,0.5,22.460549,114.032853,22|21|18|3|27,0.1007|0.0630|0.0426|0.0426|0.0421,
unit_006203,HongKong,8,8,175.5,22,2.4476,0.0,0.0,0.5,22.463403,114.043258,22|10|31|23|21,0.1173|0.0924|0.0876|0.0584|0.0493,
unit_006204,HongKong,9,16,200.6,21,2.3841,3e-05,0.0,0.5,22.461111,114.044857,21|10|22|7|18,0.0873|0.0811|0.0741|0.0711|0.0534,
unit_006205,HongKong,8,8,175.5,10,2.4167,0.0,0.0,0.5,22.458893,114.045688,10|22|21|31|18,0.0972|0.0784|0.0751|0.0553|0.0503,
unit_006206,HongKong,50,60,1243.2,18,2.4329,6e-05,0.0,0.5,22.452572,114.047651,18|21|3|2|22,0.0957|0.0681|0.0600|0.0589|0.0585,
unit_006207,HongKong,3,3,50.5,1,2.3329,0.0,0.14886,0.5371,22.44731,114.035744,1|16|10|2|31,0.0898|0.0625|0.0588|0.0515|0.0451,
unit_006209,HongKong,24,24,484.1,13,2.0991,0.0,0.0,0.5,22.44834,114.040502,13|22|7|21|1,0.1211|0.1123|0.0683|0.0471|0.0238,
unit_006210,HongKong,14,14,218.2,21,2.4527,0.0,0.0,0.5,22.371872,114.123378,21|2|1|18|27,0.1039|0.0754|0.0735|0.0698|0.0615,
unit_006212,HongKong,32,32,565.3,31,2.4488,0.0,0.23538,0.5586,22.380566,114.13619,31|16|7|1|3,0.0997|0.0967|0.0719|0.0693|0.0586,
unit_006213,HongKong,12,12,253.9,22,2.3938,0.0,0.0,0.5,22.376836,113.996471,22|21|23|7|13,0.1389|0.0785|0.0713|0.0501|0.0459,
unit_006214,HongKong,12,12,259.3,31,2.473,0.0,0.0,0.5,22.375785,113.998143,31|1|16|3|27,0.0923|0.0743|0.0636|0.0574|0.0468,
unit_006215,HongKong,72,132,1301.9,22,2.329,8e-05,0.05587,0.5139,22.391695,114.110606,22|7|13|21|23,0.1372|0.0769|0.0758|0.0609|0.0563,
unit_006216,HongKong,28,28,469.7,22,2.3971,0.0,0.0,0.5,22.394112,114.111035,22|7|23|31|3,0.1029|0.0803|0.0754|0.0635|0.0612,
unit_006217,HongKong,18,18,413.3,22,2.158,0.0,0.0,0.5,22.38949,114.112719,22|27|16|13|3,0.1678|0.0382|0.0332|0.0329|0.0272,
unit_006219,HongKong,46,46,575.4,22,2.3627,0.0,0.0,0.5,22.412513,114.068461,22|7|31|21|23,0.1365|0.0854|0.0718|0.0656|0.0605,
unit_006221,HongKong,8,8,176.9,18,2.1909,0.0,0.0,0.5,22.480824,114.154543,18|23|3|21|10,0.1584|0.0679|0.0576|0.0553|0.0540,
unit_006222,HongKong,5,5,101.1,18,2.4529,0.0,0.0,0.5,22.482798,114.154037,18|21|3|2|23,0.1081|0.0890|0.0695|0.0662|0.0543,
unit_006223,HongKong,5,5,101.1,21,2.4538,0.0,0.0,0.5,22.484546,114.153036,21|31|16|7|2,0.1077|0.0997|0.0811|0.0757|0.0701,
unit_006224,HongKong,26,26,519.0,7,2.3698,0.0,0.0,0.5,22.499245,114.150043,7|31|1|27|13,0.1332|0.0687|0.0610|0.0603|0.0595,
unit_006225,HongKong,8,9,177.5,21,2.4991,2e-05,0.0,0.5,22.50183,114.149105,21|7|10|31|13,0.0825|0.0815|0.0659|0.0591|0.0559,
unit_006226,HongKong,22,22,434.1,7,2.3839,0.0,0.0,0.5,22.496926,114.149102,7|13|22|23|10,0.0817|0.0745|0.0646|0.0433|0.0416,
unit_006227,HongKong,34,34,689.6,22,2.3746,0.0,0.0,0.5,22.407496,114.027097,22|31|16|13|7,0.1331|0.0708|0.0689|0.0671|0.0624,
unit_006228,HongKong,24,26,505.7,22,2.1877,0.0,0.05873,0.5147,22.409397,114.026425,22|21|3|13|7,0.1113|0.0865|0.0781|0.0690|0.0645,
unit_006229,HongKong,8,8,178.7,31,2.5181,0.0,0.0,0.5,22.357677,114.095351,31|22|16|27|1,0.0977|0.0883|0.0819|0.0793|0.0517,
unit_006230,HongKong,20,20,277.9,27,2.4657,0.0,0.0,0.5,22.357576,114.097087,27|1|23|16|3,0.0657|0.0576|0.0556|0.0509|0.0447,
unit_006231,HongKong,32,32,573.7,21,2.3546,0.0,0.08147,0.5204,22.407232,113.917709,21|22|18|27|10,0.1358|0.1013|0.0630|0.0571|0.0502,
unit_006232,HongKong,7,7,155.2,21,2.3662,0.0,0.08147,0.5204,22.405441,113.917448,21|22|27|16|23,0.1204|0.1085|0.0925|0.0497|0.0446,
unit_006233,HongKong,34,36,593.3,7,2.1793,0.0,0.0,0.5,22.417502,114.075594,7|13|27|3|1,0.1480|0.0642|0.0593|0.0500|0.0440,
unit_006234,HongKong,74,90,1513.5,7,2.4556,0.00011,0.0,0.5,22.418184,114.071473,7|13|22|3|31,0.0985|0.0859|0.0773|0.0467|0.0442,
unit_006235,HongKong,12,24,259.7,22,2.4324,6e-05,0.05598,0.514,22.371157,114.016124,22|27|13|23|7,0.1449|0.0849|0.0533|0.0486|0.0447,
unit_006236,HongKong,6,8,129.9,22,2.4139,0.0,0.05598,0.514,22.370047,114.015345,22|7|31|13|21,0.1419|0.0600|0.0573|0.0538|0.0477,
unit_006237,HongKong,20,20,377.2,21,2.3326,0.0,0.0,0.5,22.367667,114.014039,21|27|1|22|7,0.1025|0.0875|0.0771|0.0689|0.0629,
unit_006238,HongKong,4,4,77.3,13,2.434,0.0,0.0,0.5,22.422863,114.075398,13|7|3|10|31,0.1084|0.1064|0.0669|0.0529|0.0506,
unit_006239,HongKong,45,45,812.0,22,2.4736,0.0,0.0,0.5,22.422494,114.072037,22|3|16|31|21,0.1156|0.0833|0.0733|0.0672|0.0607,
unit_006240,HongKong,59,65,1130.8,10,2.5011,2e-05,0.12104,0.5302,22.369814,113.927539,10|21|31|7|22,0.1213|0.0866|0.0817|0.0724|0.0668,
unit_006241,HongKong,7,7,161.6,31,2.4708,0.0,0.12104,0.5302,22.369992,113.92931,31|16|10|3|13,0.1158|0.0954|0.0744|0.0671|0.0574,
unit_006242,HongKong,14,14,300.5,27,2.3389,0.0,0.0,0.5,22.372767,113.925582,27|21|16|22|18,0.1317|0.0827|0.0681|0.0633|0.0527,
unit_006243,HongKong,10,10,206.8,22,2.2284,0.0,0.05465,0.5137,22.369659,114.050776,22|27|23|14|13,0.0964|0.0959|0.0654|0.0480|0.0417,
unit_006244,HongKong,8,9,180.9,22,2.2401,0.0,0.05465,0.5137,22.368388,114.05001,22|27|21|14|2,0.1482|0.0911|0.0692|0.0331|0.0315,
unit_006245,HongKong,18,22,312.7,22,2.4901,0.0,0.07686,0.5192,22.366319,114.048127,22|23|31|10|27,0.1013|0.0792|0.0770|0.0676|0.0617,
unit_006246,HongKong,46,46,1077.6,13,2.2653,0.0,0.0,0.5,22.412813,114.065139,13|31|7|22|16,0.1286|0.0702|0.0588|0.0547|0.0517,
unit_006247,HongKong,26,26,532.4,22,2.3484,0.0,0.0,0.5,22.41864,114.066767,22|7|31|3|16,0.1276|0.0655|0.0577|0.0573|0.0489,
unit_006248,HongKong,42,44,838.7,22,2.2787,6e-05,0.0,0.5,22.415429,114.064311,22|13|31|16|10,0.1382|0.0686|0.0445|0.0310|0.0277,
unit_006249,HongKong,56,62,949.8,22,2.3597,4e-05,0.0,0.5,22.412887,114.028208,22|31|23|21|27,0.1560|0.0791|0.0712|0.0608|0.0568,
unit_006250,HongKong,64,112,1096.7,7,2.3902,1e-05,0.07985,0.5199,22.41574,114.025271,7|3|13|31|16,0.1223|0.0843|0.0764|0.0762|0.0628,
unit_006251,HongKong,91,130,1485.1,7,2.4169,8e-05,0.0,0.5,22.417688,114.025178,7|3|22|31|13,0.1187|0.0803|0.0781|0.0713|0.0694,
unit_006252,HongKong,23,23,280.7,3,2.3629,0.0,0.10583,0.5264,22.421055,114.063231,3|18|21|13|1,0.1088|0.0700|0.0633|0.0520|0.0456,
unit_006253,HongKong,20,20,379.1,13,2.3164,0.0,0.0,0.5,22.366771,114.022134,13|7|21|31|22,0.1278|0.0894|0.0736|0.0474|0.0368,
unit_006254,HongKong,72,88,1389.2,22,2.515,0.0001,0.0,0.5,22.364235,114.022021,22|7|10|21|31,0.0854|0.0740|0.0722|0.0681|0.0646,
unit_006255,HongKong,11,11,218.3,21,2.4413,0.0,0.0,0.5,22.368661,114.022395,21|13|10|7|3,0.1352|0.0623|0.0566|0.0558|0.0552,
unit_006256,HongKong,36,36,654.8,7,2.4466,0.0,0.0,0.5,22.425344,114.035053,7|21|13|31|2,0.1145|0.1127|0.0835|0.0624|0.0508,
unit_006257,HongKong,28,28,566.0,22,2.435,0.0,0.0,0.5,22.423073,114.036815,22|31|7|13|16,0.1604|0.0731|0.0667|0.0562|0.0554,
unit_006258,HongKong,46,46,893.6,7,2.4383,0.0,0.201,0.5501,22.463033,114.017765,7|27|13|22|3,0.0968|0.0709|0.0551|0.0468|0.0373,
unit_006259,HongKong,30,30,448.6,7,2.4263,0.0,0.0,0.5,22.50704,114.14786,7|3|27|22|21,0.1062|0.0649|0.0587|0.0531|0.0527,
unit_006260,HongKong,5,5,102.4,7,2.4445,0.0,0.0,0.5,22.507552,114.149485,7|13|21|31|27,0.1214|0.0578|0.0564|0.0550|0.0542,
unit_006261,HongKong,24,24,470.4,13,2.416,0.0,0.0,0.5,22.510651,114.110433,13|7|31|3|22,0.0975|0.0832|0.0591|0.0564|0.0469,
unit_006262,HongKong,8,8,183.0,22,2.4074,0.0,0.0,0.5,22.507553,114.109456,22|10|3|21|7,0.0903|0.0893|0.0871|0.0635|0.0564,
unit_006263,HongKong,8,8,177.1,10,2.3651,0.0,0.0,0.5,22.512018,114.112906,10|3|31|22|18,0.1002|0.0747|0.0670|0.0428|0.0397,
unit_006264,HongKong,38,62,813.4,22,2.3903,5e-05,0.08387,0.5209,22.517773,114.113411,22|13|7|31|21,0.1431|0.1100|0.0729|0.0543|0.0461,
unit_006265,HongKong,12,17,277.0,22,2.3199,7e-05,0.08387,0.5209,22.520427,114.112538,22|13|7|1|31,0.1400|0.0761|0.0450|0.0379|0.0375,
unit_006266,HongKong,8,8,176.3,22,2.3615,0.0,0.0,0.5,22.52383,114.111425,22|27|23|3|13,0.1210|0.0855|0.0747|0.0615|0.0522,
unit_006267,HongKong,7,7,151.1,22,2.314,0.0,0.08987,0.5225,22.525706,114.111197,22|13|7|23|10,0.1207|0.0830|0.0440|0.0349|0.0342,
unit_006268,HongKong,26,28,510.1,13,2.437,1e-05,0.08987,0.5224,22.527195,114.110863,13|31|23|2|10,0.0784|0.0681|0.0660|0.0651|0.0563,
unit_006269,HongKong,7,7,153.6,22,2.4099,0.0,0.0,0.5,22.515429,114.114534,22|21|18|10|13,0.0745|0.0726|0.0440|0.0438|0.0383,
unit_006270,HongKong,36,42,797.6,22,2.4301,4e-05,0.0,0.5,22.515071,114.109609,22|31|21|7|16,0.1353|0.0868|0.0744|0.0705|0.0583,
unit_006271,HongKong,8,8,176.5,31,2.458,0.0,0.0,0.5,22.502507,114.118856,31|16|18|2|22,0.0983|0.0924|0.0799|0.0531|0.0486,
unit_006272,HongKong,13,13,269.1,16,2.3614,0.0,0.10926,0.5273,22.490683,114.132719,16|31|7|22|21,0.1062|0.1022|0.0894|0.0865|0.0627,
unit_006273,HongKong,9,9,202.4,31,2.448,0.0,0.13926,0.5348,22.491558,114.137697,31|22|23|1|10,0.1414|0.0653|0.0525|0.0519|0.0518,
unit_006274,HongKong,8,8,177.1,3,2.4595,0.0,0.14767,0.5369,22.490497,114.139217,3|1|31|21|22,0.0980|0.0942|0.0844|0.0648|0.0496,
unit_006275,HongKong,44,48,1030.2,13,2.4013,1e-05,0.15254,0.5381,22.459678,114.053209,13|7|2|21|3,0.1199|0.0809|0.0624|0.0546|0.0453,
unit_006276,HongKong,62,74,1418.2,22,2.2779,6e-05,0.0,0.5,22.478796,114.098071,22|13|3|23|7,0.1336|0.0492|0.0478|0.0400|0.0332,
unit_006277,HongKong,24,24,455.8,22,2.24,0.0,0.0,0.5,22.481871,114.098925,22|3|7|10|23,0.1102|0.0783|0.0560|0.0534|0.0483,
unit_006278,HongKong,38,44,846.1,22,2.3219,4e-05,0.0,0.5,22.482463,114.10079,22|13|7|10|3,0.1177|0.0707|0.0582|0.0386|0.0384,
unit_006280,HongKong,30,30,444.4,1,1.9258,0.0,0.0,0.5,22.441938,114.029856,1|23|7|16|31,0.1437|0.0566|0.0561|0.0448|0.0304,
unit_006281,HongKong,26,26,559.5,21,2.4289,0.0,0.0,0.5,22.373706,113.988571,21|31|1|7|27,0.0870|0.0797|0.0613|0.0563|0.0559,
unit_006282,HongKong,62,82,1302.2,21,2.4991,0.00011,0.0,0.5,22.375459,113.986539,21|31|16|7|1,0.0850|0.0803|0.0783|0.0730|0.0601,
unit_006283,HongKong,12,16,265.5,22,2.4417,6e-05,0.0,0.5,22.435481,114.074066,22|21|7|3|31,0.0973|0.0797|0.0772|0.0711|0.0658,
unit_006284,HongKong,28,28,520.6,22,2.2285,0.0,0.0,0.5,22.434177,114.072514,22|13|7|21|16,0.1106|0.0762|0.0695|0.0473|0.0328,
unit_006285,HongKong,8,8,177.5,22,2.2934,0.0,0.0,0.5,22.433579,114.075193,22|13|31|7|3,0.1238|0.0727|0.0708|0.0527|0.0490,
unit_006286,HongKong,8,8,177.5,22,2.4295,0.0,0.0,0.5,22.432815,114.077736,22|13|31|7|16,0.1300|0.0765|0.0711|0.0582|0.0553,
unit_006287,HongKong,34,34,613.2,31,2.3734,0.0,0.0,0.5,22.432678,114.081923,31|13|7|16|18,0.0865|0.0860|0.0549|0.0464|0.0461,
unit_006288,HongKong,46,48,885.5,22,2.5083,0.0,0.05786,0.5145,22.430393,114.076329,22|7|21|10|3,0.1014|0.0903|0.0796|0.0660|0.0645,
unit_006289,HongKong,8,8,177.6,3,2.3916,0.0,0.0,0.5,22.428471,114.079601,3|31|22|10|7,0.0893|0.0859|0.0796|0.0645|0.0632,
unit_006290,HongKong,8,8,177.6,3,2.3916,0.0,0.0,0.5,22.428471,114.079601,3|31|22|10|7,0.0893|0.0859|0.0796|0.0645|0.0632,
unit_006291,HongKong,80,80,1300.6,3,2.4345,0.0,0.0,0.5,22.416039,114.02197,3|13|21|7|1,0.0822|0.0729|0.0600|0.0576|0.0461,
unit_006292,HongKong,24,24,505.4,16,2.1032,0.0,0.0,0.5,22.438753,114.020752,16|31|21|1|7,0.1022|0.0962|0.0889|0.0712|0.0657,
unit_006293,HongKong,4,4,57.2,21,2.3421,0.0,0.0,0.5,22.439786,114.021323,21|31|1|10|22,0.1403|0.0732|0.0635|0.0634|0.0422,
unit_006296,HongKong,26,32,434.4,21,2.4725,0.0,0.06384,0.516,22.429074,114.023068,21|7|13|22|3,0.1069|0.1056|0.0847|0.0735|0.0568,
unit_006297,HongKong,44,54,986.0,21,2.4734,8e-05,0.0,0.5,22.424862,114.021859,21|7|3|13|10,0.1050|0.0994|0.0616|0.0579|0.0467,
unit_006298,HongKong,144,146,2792.5,7,2.4726,3e-05,0.25895,0.5644,22.42068,114.020742,7|21|3|31|2,0.1165|0.0914|0.0723|0.0606|0.0507,
unit_006300,HongKong,46,46,1116.2,7,2.4357,0.0,0.20913,0.5521,22.425988,114.027561,7|3|22|31|13,0.1296|0.0790|0.0676|0.0675|0.0541,
unit_006301,HongKong,7,7,152.8,21,2.4546,0.0,0.0,0.5,22.423711,114.027073,21|7|31|3|2,0.1207|0.1131|0.0621|0.0567|0.0534,
unit_006302,HongKong,64,82,1190.5,21,2.4727,2e-05,0.0,0.5,22.42133,114.027226,21|10|7|22|31,0.1021|0.0849|0.0848|0.0821|0.0801,
unit_006303,HongKong,8,8,57.5,21,2.4546,0.0,0.0,0.5,22.424573,114.026937,21|7|31|3|2,0.1207|0.1131|0.0621|0.0567|0.0534,
unit_006304,HongKong,7,7,152.8,21,2.4546,0.0,0.0,0.5,22.423711,114.027073,21|7|31|3|2,0.1207|0.1131|0.0621|0.0567|0.0534,
unit_006305,HongKong,11,16,256.7,7,2.494,3e-05,0.0,0.5,22.418764,114.024718,7|31|22|13|3,0.1008|0.0908|0.0798|0.0673|0.0666,
unit_006306,HongKong,5,5,100.5,22,2.5375,0.0,0.0,0.5,22.420431,114.027255,22|21|31|7|10,0.0913|0.0844|0.0819|0.0799|0.0730,
unit_006307,HongKong,18,18,300.4,7,2.333,0.0,0.0,0.5,22.428873,114.026412,7|13|22|3|1,0.1219|0.0721|0.0626|0.0594|0.0460,
unit_006308,HongKong,13,16,301.5,22,2.4381,1e-05,0.0,0.5,22.466285,114.029252,22|21|18|3|10,0.0968|0.0854|0.0598|0.0588|0.0576,
unit_006309,HongKong,8,8,175.9,22,2.4315,0.0,0.08829,0.5221,22.469334,114.031426,22|31|10|23|18,0.1156|0.0971|0.0773|0.0660|0.0573,
unit_006310,HongKong,12,16,276.4,31,2.4045,5e-05,0.08829,0.522,22.468551,114.033538,31|22|16|10|7,0.0915|0.0862|0.0643|0.0641|0.0597,
unit_006311,HongKong,8,8,175.9,22,2.4097,0.0,0.0,0.5,22.467151,114.036878,22|10|31|7|16,0.0899|0.0875|0.0860|0.0542|0.0541,
unit_006312,HongKong,29,29,511.9,21,2.5163,0.0,0.0,0.5,22.362358,114.019573,21|22|31|7|10,0.1005|0.0893|0.0859|0.0729|0.0677,
unit_006313,HongKong,112,130,2150.0,7,2.4932,0.00011,0.18597,0.5463,22.376433,114.005234,7|31|10|3|13,0.0887|0.0687|0.0621|0.0573|0.0518,
unit_006314,HongKong,4,4,50.1,7,2.1639,0.0,0.0,0.5,22.376371,114.007547,7|13|3|23|31,0.0980|0.0854|0.0833|0.0453|0.0449,
unit_006315,HongKong,24,26,478.7,22,2.1479,0.0,0.11693,0.5292,22.378507,114.010641,22|13|31|14|16,0.1009|0.0968|0.0729|0.0456|0.0445,
unit_006316,HongKong,24,28,487.8,22,2.1545,0.0,0.11693,0.5292,22.377402,114.01102,22|7|23|16|3,0.1253|0.0533|0.0463|0.0412|0.0403,
unit_006317,HongKong,8,8,176.6,31,2.4034,0.0,0.0,0.5,22.443025,114.065291,31|3|10|22|18,0.1026|0.0676|0.0674|0.0576|0.0571,
unit_006318,HongKong,48,48,920.1,22,2.4431,0.0,0.0,0.5,22.44235,114.07061,22|31|3|10|7,0.1094|0.0980|0.0774|0.0689|0.0511,
unit_006319,HongKong,26,28,514.9,21,2.3459,0.0,0.14354,0.5358,22.495919,114.103898,21|7|31|13|16,0.1356|0.1204|0.0665|0.0600|0.0593,
unit_006320,HongKong,56,58,1182.6,7,2.3648,5e-05,0.22282,0.5555,22.495468,114.101473,7|13|31|22|21,0.1077|0.0991|0.0654|0.0505|0.0458,
unit_006321,HongKong,18,18,318.1,7,2.3556,0.0,0.06426,0.5161,22.494246,114.10375,7|27|13|21|22,0.1077|0.0881|0.0769|0.0768|0.0728,
unit_006322,HongKong,20,20,425.3,31,2.4034,0.0,0.0,0.5,22.442619,114.06554,31|3|10|22|18,0.1026|0.0676|0.0674|0.0576|0.0571,
unit_006323,HongKong,36,36,680.1,22,2.2684,0.0,0.11024,0.5275,22.416572,114.038345,22|7|21|16|31,0.1141|0.1010|0.0969|0.0722|0.0690,
unit_006324,HongKong,7,8,152.6,22,2.3859,0.0,0.05522,0.5138,22.497459,114.085218,22|13|21|7|3,0.1144|0.0890|0.0811|0.0796|0.0550,
unit_006325,HongKong,7,8,152.6,22,2.3165,0.0,0.05522,0.5138,22.498932,114.085169,22|21|23|7|3,0.1647|0.0568|0.0467|0.0461|0.0355,
unit_006326,HongKong,34,38,705.5,22,2.2763,0.0,0.10373,0.5259,22.490814,114.089915,22|13|7|31|21,0.1240|0.1106|0.0678|0.0563|0.0429,
unit_006327,HongKong,7,8,151.9,22,2.1953,0.0,0.14467,0.5361,22.490658,114.091476,22|16|31|23|10,0.1604|0.0651|0.0583|0.0371|0.0348,
unit_006328,HongKong,32,58,657.6,22,2.2318,1e-05,0.0,0.5,22.491051,114.093834,22|31|13|23|16,0.1579|0.0670|0.0497|0.0451|0.0419,
unit_006329,HongKong,7,7,150.8,22,2.3005,0.0,0.06279,0.5157,22.492203,114.089819,22|13|27|21|16,0.1246|0.0772|0.0624|0.0577|0.0506,
unit_006330,HongKong,8,15,175.9,22,2.214,0.0,0.0,0.5,22.493724,114.08741,22|16|27|13|31,0.1698|0.0473|0.0398|0.0343|0.0318,
unit_006331,HongKong,24,24,487.8,7,2.3112,0.0,0.0,0.5,22.492791,114.09719,7|13|22|23|3,0.1217|0.0855|0.0623|0.0498|0.0482,
unit_006332,HongKong,8,8,179.1,7,2.3428,0.0,0.0,0.5,22.495225,114.098669,7|13|22|31|3,0.1291|0.1185|0.0586|0.0522|0.0426,
unit_006333,HongKong,28,30,665.3,22,2.3935,5e-05,0.0,0.5,22.497189,114.100453,22|13|7|3|27,0.0974|0.0789|0.0600|0.0403|0.0374,
unit_006334,HongKong,8,8,179.1,7,2.3428,0.0,0.0,0.5,22.495225,114.098669,7|13|22|31|3,0.1291|0.1185|0.0586|0.0522|0.0426,
unit_006335,HongKong,18,18,337.9,7,2.3761,0.0,0.0,0.5,22.489139,114.101132,7|31|13|3|16,0.1442|0.0670|0.0490|0.0479|0.0452,
unit_006336,HongKong,7,7,150.4,7,2.4326,0.0,0.05494,0.5137,22.479681,114.061256,7|31|3|13|27,0.1416|0.0809|0.0580|0.0564|0.0524,
unit_006337,HongKong,8,8,180.1,22,2.3908,0.0,0.0,0.5,22.477176,114.065328,22|3|7|10|13,0.1041|0.0720|0.0602|0.0590|0.0477,
unit_006338,HongKong,24,38,470.8,22,2.3819,2e-05,0.0,0.5,22.477214,114.067853,22|13|16|31|2,0.1222|0.0763|0.0723|0.0487|0.0381,
unit_006339,HongKong,8,8,176.6,22,2.2903,0.0,0.34946,0.5865,22.481694,114.067995,22|16|21|31|23,0.1838|0.0472|0.0465|0.0444|0.0413,
unit_006340,HongKong,26,26,506.3,13,2.1649,0.0,0.34946,0.5865,22.482854,114.069511,13|22|16|2|31,0.1170|0.0621|0.0511|0.0419|0.0305,
unit_006341,HongKong,6,6,101.5,16,2.2051,0.0,0.0,0.5,22.438665,114.003987,16|21|31|7|3,0.1043|0.0914|0.0835|0.0730|0.0450,
unit_006343,HongKong,8,8,179.3,13,2.229,0.0,0.0,0.5,22.446863,114.057623,13|31|3|7|21,0.1527|0.0573|0.0443|0.0417|0.0396,
unit_006344,HongKong,8,8,179.3,13,2.3802,0.0,0.0,0.5,22.448851,114.058033,13|22|21|10|3,0.1018|0.0809|0.0654|0.0510|0.0487,
unit_006345,HongKong,12,17,277.2,18,2.4287,1e-05,0.10648,0.5266,22.444964,114.054728,18|3|22|31|10,0.0723|0.0590|0.0546|0.0526|0.0507,
unit_006346,HongKong,8,8,176.4,22,2.4934,0.0,0.0,0.5,22.447447,114.052434,22|18|21|31|10,0.0806|0.0555|0.0554|0.0480|0.0474,
unit_006347,HongKong,8,8,175.8,31,2.4648,0.0,0.0,0.5,22.450171,114.052273,31|22|7|16|13,0.1172|0.0945|0.0613|0.0566|0.0472,
unit_006348,HongKong,18,20,340.5,7,2.3992,0.0,0.05532,0.5138,22.444873,114.061502,7|27|1|13|23,0.0793|0.0528|0.0408|0.0406|0.0377,
unit_006349,HongKong,4,4,55.5,7,2.3965,0.0,0.0,0.5,22.444418,114.060841,7|27|1|13|23,0.0779|0.0522|0.0408|0.0401|0.0372,
unit_006351,HongKong,6,6,103.4,13,2.3802,0.0,0.0,0.5,22.448712,114.057438,13|22|21|10|3,0.1018|0.0809|0.0654|0.0510|0.0487,
unit_006352,HongKong,8,8,180.9,31,2.4304,0.0,0.0,0.5,22.449748,114.054779,31|7|27|13|22,0.1182|0.0869|0.0740|0.0678|0.0653,
unit_006353,HongKong,58,70,1158.2,7,2.4201,3e-05,0.0,0.5,22.446122,114.060199,7|10|31|22|21,0.1130|0.0751|0.0724|0.0666|0.0666,
unit_006354,HongKong,5,5,100.5,31,2.4034,0.0,0.0,0.5,22.442343,114.065334,31|3|10|22|18,0.1026|0.0676|0.0674|0.0576|0.0571,
unit_006355,HongKong,8,8,176.6,31,2.4034,0.0,0.0,0.5,22.443025,114.065291,31|3|10|22|18,0.1026|0.0676|0.0674|0.0576|0.0571,
unit_006356,HongKong,7,7,154.2,31,2.2857,0.0,0.0,0.5,22.442694,114.073782,31|7|3|16|27,0.0911|0.0849|0.0584|0.0524|0.0379,
unit_006357,HongKong,32,32,631.3,16,2.3438,0.0,0.0,0.5,22.44026,114.073848,16|7|3|31|10,0.0880|0.0789|0.0651|0.0642|0.0510,
unit_006358,HongKong,7,7,150.7,16,2.464,0.0,0.0,0.5,22.442743,114.082302,16|7|31|22|18,0.1026|0.1002|0.0745|0.0648|0.0621,
unit_006359,HongKong,7,7,150.7,3,2.4494,0.0,0.0,0.5,22.443147,114.079174,3|31|13|7|22,0.0857|0.0845|0.0823|0.0768|0.0582,
unit_006360,HongKong,7,7,150.7,13,2.4356,0.0,0.0,0.5,22.442873,114.077163,13|31|22|3|7,0.0905|0.0869|0.0834|0.0697|0.0483,
unit_006361,HongKong,8,8,175.8,31,2.2857,0.0,0.0,0.5,22.442306,114.073704,31|7|3|16|27,0.0911|0.0849|0.0584|0.0524|0.0379,
unit_006362,HongKong,8,8,178.3,2,2.2974,0.0,0.0,0.5,22.443145,114.05535,2|22|31|18|10,0.0746|0.0689|0.0631|0.0557|0.0323,
unit_006363,HongKong,8,8,178.3,2,2.2974,0.0,0.0,0.5,22.443145,114.05535,2|22|31|18|10,0.0746|0.0689|0.0631|0.0557|0.0323,
unit_006364,HongKong,8,8,176.8,22,2.2995,0.0,0.0,0.5,22.450817,114.046092,22|10|31|16|7,0.1086|0.1017|0.0991|0.0558|0.0423,
unit_006365,HongKong,8,8,176.8,22,2.3681,0.0,0.0,0.5,22.450598,114.043952,22|10|31|3|16,0.1466|0.0780|0.0741|0.0503|0.0458,
unit_006366,HongKong,57,73,935.5,7,2.4078,4e-05,0.0,0.5,22.432541,113.997234,7|1|16|21|23,0.1031|0.0883|0.0547|0.0547|0.0500,
unit_006367,HongKong,4,4,79.5,18,2.4804,0.0,0.0,0.5,22.40524,113.977488,18|31|16|21|22,0.1331|0.0895|0.0865|0.0774|0.0610,
unit_006368,HongKong,8,8,181.1,18,2.4804,0.0,0.0,0.5,22.40571,113.978017,18|31|16|21|22,0.1331|0.0895|0.0865|0.0774|0.0610,
unit_006369,HongKong,4,4,78.7,21,2.3036,0.0,0.0,0.5,22.405519,113.975058,21|1|3|31|10,0.1105|0.0860|0.0624|0.0429|0.0379,
unit_006370,HongKong,34,34,511.4,1,2.0261,0.0,0.0,0.5,22.442865,114.026797,1|23|7|16|3,0.1509|0.0582|0.0454|0.0439|0.0272,
unit_006371,HongKong,24,24,459.4,22,2.3616,0.0,0.0,0.5,22.40383,113.912688,22|7|3|13|21,0.1093|0.0886|0.0823|0.0803|0.0498,
unit_006372,HongKong,28,28,558.3,22,2.157,0.0,0.0,0.5,22.402364,113.914554,22|13|3|23|31,0.1136|0.0970|0.0538|0.0470|0.0441,
unit_006374,HongKong,15,16,353.8,21,2.3962,3e-05,0.0,0.5,22.39352,113.919563,21|22|7|18|27,0.1365|0.1176|0.0457|0.0454|0.0396,
unit_006375,HongKong,8,8,176.9,18,2.3818,0.0,0.0,0.5,22.396915,113.918623,18|21|22|23|10,0.1169|0.1122|0.0664|0.0623|0.0572,
unit_006376,HongKong,8,16,176.9,21,2.3978,5e-05,0.0,0.5,22.398851,113.917961,21|22|18|31|7,0.1401|0.1127|0.0623|0.0483|0.0440,
unit_006377,HongKong,8,8,176.3,13,2.2509,0.0,0.0,0.5,22.404168,113.915349,13|22|3|16|2,0.1159|0.0526|0.0402|0.0388|0.0351,
unit_006378,HongKong,30,30,626.8,13,2.2344,0.0,0.0,0.5,22.40096,113.916116,13|3|23|16|7,0.1084|0.0991|0.0657|0.0556|0.0323,
unit_006380,HongKong,43,71,799.5,31,2.5442,8e-05,0.0,0.5,22.369016,113.99585,31|21|7|10|1,0.0912|0.0709|0.0660|0.0633|0.0580,
unit_006381,HongKong,28,28,550.5,31,2.4459,0.0,0.0,0.5,22.435698,113.997666,31|21|1|10|7,0.0971|0.0860|0.0830|0.0791|0.0640,
unit_006382,HongKong,34,34,634.3,10,2.3865,0.0,0.0,0.5,22.434905,113.995262,10|31|16|3|22,0.1082|0.0989|0.0795|0.0700|0.0584,
unit_006383,HongKong,8,8,176.8,3,2.4938,0.0,0.0,0.5,22.431422,113.994565,3|31|21|7|16,0.0968|0.0964|0.0843|0.0707|0.0604,
unit_006384,HongKong,154,237,2857.4,31,2.5143,0.00011,0.0,0.5,22.439361,113.996659,31|7|16|3|10,0.0790|0.0747|0.0745|0.0677|0.0648,
unit_006385,HongKong,50,50,935.8,7,2.3337,0.0,0.11507,0.5287,22.42064,114.032337,7|13|27|22|21,0.1134|0.0575|0.0447|0.0383|0.0352,
unit_006386,HongKong,50,50,1065.6,7,2.3887,0.0,0.0,0.5,22.422631,114.031149,7|13|31|16|3,0.0987|0.0844|0.0813|0.0757|0.0691,
unit_006387,HongKong,32,32,611.4,7,2.3621,0.0,0.0,0.5,22.422353,114.033986,7|13|31|27|1,0.1294|0.0789|0.0611|0.0493|0.0453,
unit_006388,HongKong,18,20,320.2,13,2.3693,0.0,0.07619,0.519,22.458469,114.142219,13|22|2|7|21,0.0970|0.0624|0.0553|0.0503|0.0454,
unit_006389,HongKong,20,22,360.7,7,2.4019,1e-05,0.07023,0.5175,22.456435,114.142417,7|3|31|1|16,0.1044|0.0691|0.0678|0.0647|0.0544,
unit_006390,HongKong,10,10,213.2,22,2.4632,0.0,0.0,0.5,22.460255,114.141435,22|7|3|23|10,0.0905|0.0766|0.0667|0.0607|0.0589,
unit_006391,HongKong,24,24,460.8,22,2.4717,0.0,0.0,0.5,22.452052,114.139894,22|21|3|27|7,0.1288|0.0766|0.0749|0.0632|0.0608,
unit_006392,HongKong,8,8,176.0,3,2.4139,0.0,0.0,0.5,22.454298,114.141267,3|16|7|21|13,0.0694|0.0674|0.0638|0.0551|0.0534,
unit_006393,HongKong,20,24,482.7,7,2.3919,4e-05,0.0,0.5,22.450325,114.137185,7|16|31|3|22,0.0972|0.0771|0.0744|0.0664|0.0564,
unit_006394,HongKong,16,26,354.0,7,2.4224,1e-05,0.0,0.5,22.450475,114.143251,7|3|31|22|13,0.0968|0.0946|0.0675|0.0549|0.0498,
unit_006395,HongKong,36,36,698.0,21,2.4569,0.0,0.19243,0.548,22.428425,114.072064,21|22|7|31|13,0.1041|0.0986|0.0555|0.0494|0.0474,
unit_006396,HongKong,42,42,618.6,7,2.2199,0.0,0.0,0.5,22.425359,114.071563,7|13|27|31|1,0.1551|0.0663|0.0631|0.0489|0.0371,
unit_006397,HongKong,32,54,683.1,7,2.4504,0.00012,0.0,0.5,22.42346,114.069676,7|31|13|22|10,0.1222|0.0938|0.0717|0.0671|0.0564,
unit_006398,HongKong,8,8,179.3,7,2.4879,0.0,0.0,0.5,22.425981,114.068407,7|22|31|2|10,0.0923|0.0905|0.0784|0.0778|0.0632,
unit_006399,HongKong,8,8,179.3,21,2.4975,0.0,0.0,0.5,22.428399,114.068,21|10|7|31|22,0.1271|0.0817|0.0702|0.0674|0.0665,
unit_006400,HongKong,24,24,463.6,22,2.344,0.0,0.0,0.5,22.430492,114.068569,22|10|21|7|2,0.1258|0.0850|0.0833|0.0529|0.0489,
unit_006401,HongKong,32,34,630.5,7,2.353,0.0,0.15598,0.5389,22.437592,114.066381,7|13|22|1|21,0.0994|0.0642|0.0624|0.0563|0.0541,
unit_006402,HongKong,13,16,302.5,21,2.5012,3e-05,0.0,0.5,22.430462,114.066048,21|22|31|10|7,0.1073|0.0894|0.0651|0.0598|0.0545,
unit_006403,HongKong,8,8,176.5,21,2.3641,0.0,0.0,0.5,22.426457,114.066709,21|7|10|2|22,0.1113|0.0781|0.0741|0.0669|0.0662,
unit_006404,HongKong,10,16,226.9,22,2.3689,6e-05,0.0,0.5,22.423573,114.066678,22|21|3|1|18,0.1199|0.1142|0.0332|0.0308|0.0300,
unit_006405,HongKong,10,16,226.9,22,2.3689,6e-05,0.0,0.5,22.423573,114.066678,22|21|3|1|18,0.1199|0.1142|0.0332|0.0308|0.0300,
unit_006406,HongKong,8,8,176.5,21,2.3641,0.0,0.0,0.5,22.426457,114.066709,21|7|10|2|22,0.1113|0.0781|0.0741|0.0669|0.0662,
unit_006407,HongKong,13,16,302.5,21,2.5012,3e-05,0.0,0.5,22.430462,114.066048,21|22|31|10|7,0.1073|0.0894|0.0651|0.0598|0.0545,
unit_006408,HongKong,34,34,730.2,22,2.3523,0.0,0.0,0.5,22.386457,113.960013,22|23|27|2|31,0.0863|0.0724|0.0669|0.0338|0.0306,
unit_006409,HongKong,38,48,865.9,31,2.4824,4e-05,0.0,0.5,22.386976,113.963688,31|7|22|13|16,0.0819|0.0803|0.0696|0.0645|0.0513,
unit_006410,HongKong,22,22,412.6,7,2.4813,0.0,0.0,0.5,22.390207,113.96602,7|21|31|27|10,0.0894|0.0786|0.0669|0.0628|0.0595,
unit_006411,HongKong,22,30,494.4,21,2.4814,5e-05,0.0,0.5,22.444195,113.99939,21|18|3|2|22,0.1044|0.1032|0.0666|0.0658|0.0590,
unit_006412,HongKong,36,44,735.6,22,2.37,0.0,0.11724,0.5293,22.451877,113.979974,22|21|7|13|23,0.1377|0.0697|0.0615|0.0516|0.0456,
unit_006413,HongKong,34,46,717.4,22,2.3913,4e-05,0.17674,0.5441,22.45271,113.977937,22|31|23|13|16,0.1566|0.0810|0.0464|0.0457|0.0424,
unit_006414,HongKong,8,9,175.7,22,2.2823,1e-05,0.05773,0.5144,22.453005,113.980665,22|31|16|23|7,0.1390|0.0687|0.0647|0.0625|0.0523,
unit_006415,HongKong,30,50,632.4,13,2.5838,3e-05,0.0,0.5,22.448627,113.979951,13|22|2|7|31,0.0932|0.0862|0.0800|0.0543|0.0535,
unit_006416,HongKong,36,36,834.4,13,2.5112,0.0,0.0,0.5,22.449751,113.979598,13|22|2|21|10,0.0907|0.0757|0.0732|0.0642|0.0589,
unit_006417,HongKong,24,24,462.0,13,2.2843,0.0,0.0,0.5,22.447248,113.98347,13|22|31|7|16,0.0959|0.0949|0.0884|0.0647|0.0537,
unit_006418,HongKong,13,18,300.4,13,2.2869,3e-05,0.0,0.5,22.454041,113.985971,13|7|31|16|3,0.1426|0.0702|0.0465|0.0388|0.0384,
unit_006419,HongKong,9,9,206.6,13,1.9869,0.0,0.0,0.5,22.451601,113.986027,13|22|7|31|14,0.1181|0.0826|0.0618|0.0415|0.0333,
unit_006420,HongKong,58,84,1282.5,7,2.2348,2e-05,0.11121,0.5278,22.450249,113.987177,7|13|21|31|22,0.1287|0.1084|0.0605|0.0523|0.0432,
unit_006421,HongKong,21,21,406.3,7,2.4061,0.0,0.07262,0.5181,22.467149,113.984053,7|21|13|3|16,0.0887|0.0882|0.0785|0.0580|0.0389,
unit_006422,HongKong,38,38,837.3,7,2.3473,0.0,0.0,0.5,22.464692,113.986277,7|13|31|21|22,0.0874|0.0813|0.0678|0.0661|0.0579,
unit_006423,HongKong,18,18,334.1,21,2.2823,0.0,0.10576,0.5264,22.465485,113.983885,21|13|7|2|3,0.1044|0.0941|0.0839|0.0543|0.0437,
unit_006424,HongKong,20,20,466.5,22,2.3757,0.0,0.0,0.5,22.46912,113.984268,22|27|23|31|13,0.0964|0.0895|0.0644|0.0476|0.0415,
unit_006425,HongKong,4,4,51.1,7,2.4906,0.0,0.08253,0.5206,22.442743,113.99554,7|2|3|18|21,0.0960|0.0845|0.0670|0.0655|0.0599,
unit_006426,HongKong,8,9,178.8,22,2.3766,2e-05,0.08253,0.5206,22.443665,113.996156,22|21|7|13|16,0.1214|0.1079|0.0736|0.0577|0.0335,
unit_006427,HongKong,12,15,275.4,22,2.4653,9e-05,0.09938,0.5248,22.435469,114.07468,22|7|21|31|3,0.1084|0.0888|0.0723|0.0668|0.0667,
unit_006429,HongKong,7,7,150.2,22,2.4295,0.0,0.0,0.5,22.432955,114.077896,22|13|31|7|16,0.1300|0.0765|0.0711|0.0582|0.0553,
unit_006430,HongKong,8,8,179.1,21,2.3776,0.0,0.13546,0.5338,22.437689,114.074141,21|13|7|31|22,0.0991|0.0914|0.0888|0.0773|0.0696,
unit_006431,HongKong,7,7,153.5,22,2.3103,0.0,0.13546,0.5338,22.438478,114.072861,22|13|7|31|16,0.1029|0.1002|0.0926|0.0877|0.0738,
unit_006432,HongKong,5,5,102.6,22,2.3103,0.0,0.0,0.5,22.437812,114.072593,22|13|7|31|16,0.1029|0.1002|0.0926|0.0877|0.0738,
unit_006434,HongKong,7,7,155.6,18,2.5405,0.0,0.14851,0.5371,22.435093,114.034719,18|31|22|16|21,0.1060|0.0873|0.0652|0.0649|0.0635,
unit_006435,HongKong,11,12,203.9,31,2.384,1e-05,0.20984,0.5523,22.434516,114.033401,31|13|7|22|1,0.0854|0.0844|0.0825|0.0596|0.0330,
unit_006436,HongKong,20,20,367.2,10,2.5377,0.0,0.0,0.5,22.43822,114.038702,10|3|7|13|22,0.0683|0.0635|0.0635|0.0611|0.0523,
unit_006437,HongKong,82,102,1593.0,7,2.4523,4e-05,0.22448,0.5559,22.435028,114.036381,7|13|27|22|3,0.0940|0.0836|0.0585|0.0536|0.0481,
unit_006438,HongKong,34,36,743.2,13,2.3891,4e-05,0.22841,0.5568,22.435096,114.040837,13|7|31|3|22,0.1217|0.0877|0.0605|0.0479|0.0465,
unit_006439,HongKong,18,18,404.8,22,2.1642,0.0,0.22841,0.5569,22.43588,114.042386,22|13|3|23|7,0.1058|0.0575|0.0392|0.0310|0.0305,
unit_006440,HongKong,5,5,102.5,21,2.4872,0.0,0.0,0.5,22.439674,114.039533,21|18|22|16|3,0.1375|0.0772|0.0743|0.0575|0.0483,
unit_006442,HongKong,5,5,101.6,31,2.4034,0.0,0.0,0.5,22.442432,114.065323,31|3|10|22|18,0.1026|0.0676|0.0674|0.0576|0.0571,
unit_006443,HongKong,7,7,153.5,22,2.3103,0.0,0.13546,0.5338,22.438478,114.072861,22|13|7|31|16,0.1029|0.1002|0.0926|0.0877|0.0738,
unit_006444,HongKong,8,8,179.1,21,2.3776,0.0,0.13546,0.5338,22.437689,114.074141,21|13|7|31|22,0.0991|0.0914|0.0888|0.0773|0.0696,
unit_006445,HongKong,5,5,102.6,22,2.3103,0.0,0.0,0.5,22.437812,114.072593,22|13|7|31|16,0.1029|0.1002|0.0926|0.0877|0.0738,
unit_006446,HongKong,46,84,932.4,10,2.5062,1e-05,0.07973,0.5199,22.425657,114.015355,10|21|31|22|27,0.1385|0.0777|0.0756|0.0751|0.0697,
unit_006447,HongKong,8,8,177.0,31,2.4624,0.0,0.07973,0.5199,22.426827,114.016906,31|10|22|16|18,0.0970|0.0878|0.0750|0.0750|0.0476,
unit_006448,HongKong,9,9,202.3,22,2.4967,0.0,0.0,0.5,22.427447,114.0191,22|10|31|2|18,0.1056|0.1005|0.0870|0.0704|0.0599,
unit_006449,HongKong,6,6,126.5,13,2.0286,0.0,0.0,0.5,22.430996,114.020563,13|2|10|3|16,0.1170|0.0766|0.0725|0.0408|0.0309,
unit_006450,HongKong,8,8,177.0,21,2.3677,0.0,0.0,0.5,22.433456,114.020716,21|10|2|13|7,0.1074|0.0905|0.0835|0.0764|0.0554,
unit_006451,HongKong,7,7,153.6,31,2.4624,0.0,0.0,0.5,22.426941,114.016829,31|10|22|16|18,0.0970|0.0878|0.0750|0.0750|0.0476,
unit_006452,HongKong,8,8,179.2,22,2.4967,0.0,0.0,0.5,22.42756,114.019058,22|10|31|2|18,0.1056|0.1005|0.0870|0.0704|0.0599,
unit_006453,HongKong,7,7,153.6,13,2.0286,0.0,0.0,0.5,22.430982,114.020393,13|2|10|3|16,0.1170|0.0766|0.0725|0.0408|0.0309,
unit_006454,HongKong,34,34,514.1,31,2.5115,0.0,0.0,0.5,22.436544,114.019216,31|10|21|2|3,0.0873|0.0861|0.0856|0.0705|0.0655,
unit_006456,HongKong,7,7,152.3,13,2.3668,0.0,0.18242,0.5455,22.434193,114.033343,13|31|7|22|1,0.0845|0.0840|0.0828|0.0585|0.0325,
unit_006457,HongKong,7,8,152.3,18,2.5444,0.0,0.20345,0.5507,22.434817,114.034815,18|31|22|16|21,0.1048|0.0891|0.0663|0.0646|0.0626,
unit_006458,HongKong,26,40,581.0,7,2.4567,5e-05,0.0,0.5,22.432651,114.026805,7|21|31|27|3,0.1305|0.1000|0.0705|0.0425|0.0423,
unit_006459,HongKong,22,22,347.9,7,2.3033,0.0,0.0,0.5,22.443858,114.007389,7|1|16|23|13,0.1005|0.0991|0.0481|0.0412|0.0405,
unit_006460,HongKong,20,20,361.4,7,2.3559,0.0,0.0,0.5,22.44633,114.006373,7|13|3|31|22,0.1051|0.0806|0.0578|0.0520|0.0433,
unit_006461,HongKong,5,5,101.8,22,2.3073,0.0,0.0,0.5,22.44367,114.009665,22|7|21|27|1,0.1150|0.0749|0.0671|0.0650|0.0478,
unit_006463,HongKong,14,14,314.3,7,2.44,0.0,0.0,0.5,22.378408,114.122504,7|31|1|23|3,0.1269|0.0699|0.0643|0.0589|0.0580,
unit_006464,HongKong,22,22,426.6,22,2.3297,0.0,0.0,0.5,22.430424,113.945355,22|7|13|10|21,0.1292|0.0731|0.0722|0.0562|0.0506,
unit_006465,HongKong,18,20,434.1,22,2.3514,1e-05,0.0,0.5,22.430542,113.948039,22|31|27|23|16,0.1730|0.0544|0.0524|0.0444|0.0378,
unit_006466,HongKong,8,8,178.8,22,2.2537,0.0,0.0,0.5,22.426952,113.946278,22|13|1|21|27,0.1798|0.0595|0.0459|0.0438|0.0358,
unit_006467,HongKong,16,22,378.0,22,2.3184,6e-05,0.0,0.5,22.433062,113.94742,22|21|13|7|31,0.1600|0.0594|0.0534|0.0480|0.0405,
unit_006468,HongKong,8,8,176.4,22,2.2691,0.0,0.0,0.5,22.434807,113.948819,22|21|7|13|31,0.1362|0.0951|0.0936|0.0700|0.0573,
unit_006469,HongKong,28,32,618.7,7,2.3424,5e-05,0.0,0.5,22.467036,113.982675,7|13|23|22|1,0.1179|0.0808|0.0377|0.0363|0.0342,
unit_006470,HongKong,34,34,645.9,7,2.4213,0.0,0.13734,0.5343,22.463797,113.983389,7|22|21|31|16,0.0982|0.0937|0.0721|0.0704|0.0541,
unit_006471,HongKong,24,40,423.3,7,2.3395,2e-05,0.0,0.5,22.447885,114.06193,7|13|1|27|3,0.1438|0.0632|0.0503|0.0480|0.0475,
unit_006472,HongKong,16,16,358.3,22,2.2986,0.0,0.0,0.5,22.451389,114.063539,22|21|7|13|16,0.1616|0.0688|0.0673|0.0572|0.0439,
unit_006473,HongKong,9,9,207.4,7,2.3295,0.0,0.0,0.5,22.450588,114.06074,7|13|22|27|31,0.0919|0.0910|0.0806|0.0601|0.0538,
unit_006474,HongKong,7,7,150.6,2,2.3423,0.0,0.0,0.5,22.352356,114.120669,2|18|1|16|3,0.0984|0.0800|0.0729|0.0584|0.0579,
unit_006475,HongKong,8,8,175.7,18,2.3909,0.0,0.0,0.5,22.351807,114.118166,18|16|10|31|21,0.1258|0.0612|0.0426|0.0368|0.0364,
unit_006476,HongKong,8,8,175.7,18,2.3164,0.0,0.0,0.5,22.349973,114.115065,18|16|2|10|1,0.1401|0.0676|0.0510|0.0484|0.0362,
unit_006477,HongKong,3,3,50.2,18,2.2797,0.0,0.0,0.5,22.348875,114.112218,18|10|31|16|14,0.1541|0.0775|0.0568|0.0497|0.0372,
unit_006479,HongKong,8,8,175.7,14,1.6228,0.0,0.0,0.5,22.34713,114.10867,14|18|16|23|21,0.1605|0.0595|0.0308|0.0256|0.0157,
unit_006480,HongKong,8,8,175.7,14,1.6168,0.0,0.0,0.5,22.345287,114.104553,14|18|16|23|2,0.1575|0.0533|0.0364|0.0237|0.0151,
unit_006481,HongKong,8,8,175.7,14,1.4326,0.0,0.0,0.5,22.344699,114.101224,14|18|16|31|23,0.1391|0.0442|0.0420|0.0164|0.0149,
unit_006482,HongKong,11,16,250.9,14,1.52,0.0,0.0,0.5,22.34464,114.098625,14|16|18|23|31,0.1346|0.0402|0.0381|0.0161|0.0146,
unit_006483,HongKong,8,13,175.7,18,2.4409,4e-05,0.0,0.5,22.344688,114.092415,18|16|2|10|27,0.1515|0.0681|0.0477|0.0466|0.0449,
unit_006484,HongKong,12,19,286.5,2,2.4394,3e-05,0.0,0.5,22.351534,114.120079,2|16|1|18|3,0.0982|0.0684|0.0613|0.0586|0.0577,
unit_006485,HongKong,38,52,749.3,7,2.4025,3e-05,0.12857,0.5321,22.443769,114.133074,7|31|3|16|22,0.1383|0.0757|0.0718|0.0595|0.0522,
unit_006486,HongKong,12,12,180.6,7,2.3655,0.0,0.12857,0.5321,22.442878,114.1325,7|22|10|27|3,0.1149|0.0468|0.0460|0.0412|0.0341,
unit_006487,HongKong,53,53,849.6,1,2.4892,0.0,0.0,0.5,22.357046,114.130257,1|31|16|13|7,0.1104|0.0769|0.0718|0.0640|0.0604,
unit_006488,HongKong,18,18,359.1,21,2.5512,0.0,0.0,0.5,22.353311,114.128179,21|1|22|31|10,0.0933|0.0799|0.0678|0.0585|0.0546,
unit_006489,HongKong,3,3,50.7,21,2.5512,0.0,0.0,0.5,22.353878,114.127803,21|1|22|31|10,0.0933|0.0799|0.0678|0.0585|0.0546,
unit_006490,HongKong,3,3,50.5,21,2.5512,0.0,0.0,0.5,22.353767,114.127594,21|1|22|31|10,0.0933|0.0799|0.0678|0.0585|0.0546,
unit_006491,HongKong,8,8,176.8,18,2.3206,0.0,0.0,0.5,22.351054,114.125807,18|1|21|2|3,0.1112|0.0821|0.0782|0.0737|0.0616,
unit_006492,HongKong,5,5,101.0,18,2.2508,0.0,0.0,0.5,22.348729,114.125261,18|21|1|3|2,0.1217|0.0809|0.0541|0.0538|0.0452,
unit_006493,HongKong,5,5,100.5,1,2.4892,0.0,0.0,0.5,22.357102,114.130012,1|31|16|13|7,0.1104|0.0769|0.0718|0.0640|0.0604,
unit_006494,HongKong,8,8,175.8,1,2.3969,0.0,0.0,0.5,22.359125,114.130739,1|21|18|3|7,0.1282|0.0814|0.0643|0.0626|0.0560,
unit_006495,HongKong,25,33,519.8,1,2.4498,2e-05,0.0,0.5,22.362476,114.131859,1|21|18|3|7,0.1253|0.0888|0.0547|0.0522|0.0384,
unit_006496,HongKong,47,47,871.4,18,2.2929,0.0,0.33927,0.584,22.368357,114.134309,18|1|21|31|27,0.1150|0.1077|0.0499|0.0474|0.0402,
unit_006497,HongKong,8,8,177.9,1,2.4119,0.0,0.0,0.5,22.365139,114.132796,1|21|3|18|13,0.1385|0.0859|0.0621|0.0527|0.0463,
unit_006498,HongKong,7,7,154.9,18,2.2929,0.0,0.33927,0.584,22.368511,114.133987,18|1|21|31|27,0.1150|0.1077|0.0499|0.0474|0.0402,
unit_006499,HongKong,3,3,51.6,31,2.4456,0.0,0.33927,0.584,22.369642,114.134251,31|16|2|23|1,0.0890|0.0809|0.0714|0.0673|0.0642,
unit_006500,HongKong,19,20,315.2,27,2.5339,0.0,0.10929,0.5273,22.371595,114.134919,27|16|31|23|10,0.0785|0.0678|0.0635|0.0634|0.0588,
unit_006501,HongKong,8,8,179.1,1,2.3969,0.0,0.0,0.5,22.35907,114.130655,1|21|18|3|7,0.1282|0.0814|0.0643|0.0626|0.0560,
unit_006502,HongKong,11,11,152.0,1,2.4119,0.0,0.0,0.5,22.365247,114.132989,1|21|3|18|13,0.1385|0.0859|0.0621|0.0527|0.0463,
unit_006503,HongKong,20,28,437.8,1,2.4476,2e-05,0.0,0.5,22.362503,114.132014,1|21|18|3|2,0.1254|0.0893|0.0542|0.0517|0.0390,
unit_006504,HongKong,8,8,178.3,1,2.3969,0.0,0.0,0.5,22.359074,114.130759,1|21|18|3|7,0.1282|0.0814|0.0643|0.0626|0.0560,
unit_006505,HongKong,5,5,101.9,1,2.4892,0.0,0.0,0.5,22.35702,114.13003,1|31|16|13|7,0.1104|0.0769|0.0718|0.0640|0.0604,
unit_006506,HongKong,8,8,178.4,1,2.3969,0.0,0.0,0.5,22.359078,114.130819,1|21|18|3|7,0.1282|0.0814|0.0643|0.0626|0.0560,
unit_006507,HongKong,7,7,152.1,14,2.2511,0.0,0.0,0.5,22.409862,113.979425,14|18|21|1|3,0.0988|0.0819|0.0610|0.0302|0.0293,
unit_006508,HongKong,12,17,280.9,1,2.3789,2e-05,0.11106,0.5277,22.412355,113.983635,1|31|21|7|16,0.1146|0.0999|0.0682|0.0560|0.0553,
unit_006509,HongKong,6,6,126.7,27,2.4415,0.0,0.0,0.5,22.352569,114.129907,27|21|22|18|10,0.1153|0.0960|0.0779|0.0759|0.0541,
unit_006510,HongKong,60,74,1174.3,7,2.4295,4e-05,0.06896,0.5172,22.420323,113.979957,7|31|21|16|13,0.1117|0.0661|0.0565|0.0554|0.0536,
unit_006511,HongKong,22,22,387.3,13,2.2403,0.0,0.17564,0.5438,22.418143,113.977371,13|7|22|31|2,0.1436|0.0766|0.0604|0.0395|0.0371,
unit_006512,HongKong,8,9,175.5,7,2.4701,0.0,0.08883,0.5222,22.42069,113.976298,7|3|10|31|22,0.0847|0.0718|0.0699|0.0693|0.0662,
unit_006513,HongKong,8,8,175.5,7,2.371,0.0,0.08883,0.5222,22.42161,113.974916,7|13|22|3|31,0.1231|0.0839|0.0694|0.0481|0.0409,
unit_006514,HongKong,16,16,350.9,22,2.1597,0.0,0.0,0.5,22.424484,113.974272,22|13|1|27|23,0.1175|0.0487|0.0372|0.0301|0.0275,
unit_006515,HongKong,21,21,422.9,7,2.4526,0.0,0.0,0.5,22.421694,113.981904,7|1|3|13|31,0.1232|0.0725|0.0707|0.0548|0.0506,
unit_006517,HongKong,26,32,462.3,2,2.4157,1e-05,0.11516,0.5288,22.42292,113.984183,2|7|18|21|1,0.1113|0.0740|0.0630|0.0563|0.0519,
unit_006518,HongKong,22,29,486.7,18,2.4231,5e-05,0.0,0.5,22.420017,113.992636,18|16|10|23|31,0.1416|0.0653|0.0610|0.0547|0.0511,
unit_006519,HongKong,11,11,202.6,22,2.5063,0.0,0.0,0.5,22.418066,113.992175,22|21|2|31|16,0.1259|0.0977|0.0762|0.0584|0.0529,
unit_006520,HongKong,13,13,252.5,22,2.4193,0.0,0.0,0.5,22.419746,113.987768,22|31|2|7|16,0.1260|0.0933|0.0821|0.0665|0.0537,
unit_006521,HongKong,10,12,226.7,18,2.4279,5e-05,0.0,0.5,22.420388,113.992229,18|16|10|23|31,0.1431|0.0659|0.0607|0.0554|0.0531,
unit_006522,HongKong,18,18,333.8,22,2.4516,0.0,0.0,0.5,22.414566,113.990421,22|7|13|31|21,0.1240|0.0891|0.0787|0.0703|0.0577,
unit_006523,HongKong,7,7,159.9,3,2.4899,0.0,0.0,0.5,22.420699,113.983952,3|2|13|16|21,0.0692|0.0622|0.0610|0.0573|0.0573,
unit_006524,HongKong,30,30,567.1,2,2.5459,0.0,0.0,0.5,22.41618,113.990346,2|31|22|3|16,0.0950|0.0776|0.0621|0.0577|0.0562,
unit_006525,HongKong,36,56,729.2,22,2.4986,8e-05,0.0,0.5,22.418158,113.993024,22|27|16|31|21,0.1275|0.0769|0.0727|0.0693|0.0581,
unit_006526,HongKong,22,31,484.6,18,2.3869,1e-05,0.2845,0.5706,22.423745,113.996257,18|14|16|10|21,0.1149|0.0787|0.0686|0.0564|0.0456,
unit_006527,HongKong,3,4,52.3,7,2.4671,1e-05,0.19031,0.5474,22.422699,113.995062,7|22|31|16|13,0.0975|0.0955|0.0625|0.0594|0.0487,
unit_006529,HongKong,9,11,200.6,18,2.3822,3e-05,0.0,0.5,22.420123,113.993154,18|10|16|21|23,0.1360|0.0630|0.0627|0.0578|0.0520,
unit_006530,HongKong,8,12,175.5,22,2.5128,2e-05,0.0,0.5,22.418137,113.992372,22|21|2|31|27,0.1306|0.0902|0.0736|0.0633|0.0602,
unit_006531,HongKong,7,7,150.4,2,2.5459,0.0,0.0,0.5,22.416376,113.990257,2|31|22|3|16,0.0950|0.0776|0.0621|0.0577|0.0562,
unit_006532,HongKong,17,17,357.6,2,2.5328,0.0,0.07291,0.5182,22.415756,113.988399,2|22|16|7|14,0.0913|0.0766|0.0701|0.0668|0.0556,
unit_006533,HongKong,20,20,364.2,31,2.4698,0.0,0.0,0.5,22.416927,113.988165,31|7|13|1|22,0.0793|0.0696|0.0595|0.0471|0.0463,
unit_006534,HongKong,8,8,184.5,31,2.3005,0.0,0.0,0.5,22.418265,113.985932,31|7|1|16|13,0.1097|0.1033|0.0929|0.0569|0.0524,
unit_006535,HongKong,6,6,103.1,1,2.3962,0.0,0.0,0.5,22.402031,113.979391,1|31|21|3|13,0.1016|0.0831|0.0829|0.0801|0.0502,
unit_006536,HongKong,22,22,463.8,7,2.3916,0.0,0.0,0.5,22.400588,113.979783,7|22|31|27|3,0.1143|0.0838|0.0769|0.0677|0.0659,
unit_006537,HongKong,6,6,128.1,7,2.4799,0.0,0.0,0.5,22.414523,113.981304,7|21|13|27|31,0.1083|0.0801|0.0612|0.0591|0.0563,
unit_006538,HongKong,7,7,157.0,1,2.5478,0.0,0.09955,0.5249,22.355076,114.123799,1|3|16|18|31,0.0840|0.0735|0.0690|0.0594|0.0554,
unit_006539,HongKong,8,8,183.1,18,2.4564,0.0,0.09955,0.5249,22.356288,114.122513,18|1|31|21|3,0.1130|0.0858|0.0838|0.0755|0.0662,
unit_006540,HongKong,46,46,691.7,1,2.5478,0.0,0.0782,0.5195,22.355369,114.123467,1|3|16|18|31,0.0840|0.0735|0.0690|0.0594|0.0554,
unit_006541,HongKong,9,9,164.5,21,2.5824,0.0,0.06397,0.516,22.354658,114.122384,21|16|31|18|1,0.0702|0.0689|0.0674|0.0652|0.0580,
unit_006542,HongKong,9,9,164.4,21,2.5824,0.0,0.06397,0.516,22.354717,114.122248,21|16|31|18|1,0.0702|0.0689|0.0674|0.0652|0.0580,
unit_006543,HongKong,11,11,205.6,18,2.4564,0.0,0.09955,0.5249,22.356058,114.122472,18|1|31|21|3,0.1130|0.0858|0.0838|0.0755|0.0662,
unit_006544,HongKong,3,3,52.0,7,2.4854,0.0,0.0,0.5,22.358328,114.120407,7|16|1|31|21,0.0793|0.0766|0.0709|0.0672|0.0602,
unit_006545,HongKong,53,53,989.2,1,2.3917,2e-05,0.0,0.5,22.358649,114.127448,1|16|7|21|2,0.1432|0.0546|0.0414|0.0408|0.0385,
unit_006547,HongKong,21,33,450.3,1,2.4438,2e-05,0.0,0.5,22.362727,114.131746,1|21|18|3|2,0.1252|0.0897|0.0532|0.0508|0.0402,
unit_006548,HongKong,8,8,179.7,18,2.2929,0.0,0.0,0.5,22.368355,114.134298,18|1|21|31|27,0.1150|0.1077|0.0499|0.0474|0.0402,
unit_006549,HongKong,30,30,489.8,1,2.5101,0.0,0.19869,0.5495,22.372196,114.136221,1|21|3|31|18,0.0989|0.0788|0.0674|0.0660|0.0502,
unit_006551,HongKong,20,20,316.9,31,2.4456,0.0,0.33927,0.584,22.369646,114.135091,31|16|2|23|1,0.0890|0.0809|0.0714|0.0673|0.0642,
unit_006552,HongKong,72,98,1322.1,1,2.5087,6e-05,0.17544,0.5437,22.361901,114.136112,1|10|13|21|2,0.0884|0.0725|0.0673|0.0656|0.0599,
unit_006553,HongKong,8,8,181.6,1,2.5331,0.0,0.0,0.5,22.363215,114.125082,1|27|31|16|22,0.0951|0.0848|0.0632|0.0603|0.0556,
unit_006554,HongKong,26,26,408.7,1,2.4973,0.0,0.0,0.5,22.364989,114.127594,1|27|21|10|7,0.1084|0.1015|0.0854|0.0625|0.0585,
unit_006555,HongKong,10,10,169.8,27,2.5274,0.0,0.24339,0.5605,22.37137,114.135247,27|16|23|31|10,0.0785|0.0680|0.0630|0.0627|0.0589,
unit_006556,HongKong,25,32,497.1,1,2.4567,5e-05,0.0,0.5,22.37064,114.129486,1|16|31|21|3,0.1003|0.0885|0.0695|0.0671|0.0526,
unit_006557,HongKong,12,17,283.7,1,2.5023,7e-05,0.0,0.5,22.370916,114.129811,1|31|16|3|21,0.0981|0.0850|0.0824|0.0489|0.0486,
unit_006558,HongKong,4,4,76.7,31,2.4456,0.0,0.33927,0.584,22.369678,114.134308,31|16|2|23|1,0.0890|0.0809|0.0714|0.0673|0.0642,
unit_006559,HongKong,7,7,153.3,18,2.2929,0.0,0.33927,0.584,22.368446,114.134017,18|1|21|31|27,0.1150|0.1077|0.0499|0.0474|0.0402,
unit_006560,HongKong,13,13,205.5,18,2.4043,0.0,0.17078,0.5426,22.366213,114.121216,18|1|21|27|3,0.0961|0.0862|0.0833|0.0819|0.0447,
unit_006561,HongKong,9,9,163.4,18,2.4043,0.0,0.14978,0.5374,22.366134,114.121006,18|1|21|27|3,0.0961|0.0862|0.0833|0.0819|0.0447,
unit_006562,HongKong,44,54,605.1,1,2.3697,0.0,0.14795,0.5369,22.362114,114.119875,1|21|16|31|10,0.1147|0.0717|0.0695|0.0631|0.0612,
unit_006563,HongKong,8,8,189.8,18,2.4403,0.0,0.0,0.5,22.361586,114.11901,18|21|14|2|1,0.0781|0.0678|0.0607|0.0597|0.0565,
unit_006564,HongKong,27,27,502.8,1,2.417,0.0,0.15171,0.5379,22.371418,114.106877,1|10|3|21|31,0.1069|0.0712|0.0630|0.0621|0.0528,
unit_006565,HongKong,7,7,151.5,1,2.329,0.0,0.0,0.5,22.375617,114.109853,1|16|13|31|14,0.0796|0.0771|0.0584|0.0525|0.0432,
unit_006567,HongKong,8,15,180.7,18,2.3821,0.0,0.0,0.5,22.369188,114.11024,18|1|31|21|16,0.1385|0.0981|0.0681|0.0631|0.0427,
unit_006568,HongKong,7,7,152.5,18,2.1956,0.0,0.0,0.5,22.36039,114.081633,18|10|21|7|13,0.1126|0.0720|0.0336|0.0311|0.0292,
unit_006569,HongKong,7,7,152.5,18,2.0802,0.0,0.0,0.5,22.36241,114.080554,18|10|23|7|1,0.1212|0.0629|0.0325|0.0252|0.0251,
unit_006570,HongKong,8,8,177.9,18,2.0964,0.0,0.0,0.5,22.36453,114.079419,18|10|23|21|7,0.1167|0.0694|0.0309|0.0253|0.0227,
unit_006571,HongKong,8,8,177.9,18,2.0641,0.0,0.0,0.5,22.366547,114.078335,18|10|23|21|1,0.1156|0.0592|0.0315|0.0237|0.0197,
unit_006572,HongKong,7,8,151.9,18,2.2899,0.0,0.1711,0.5427,22.355054,114.083229,18|21|10|23|3,0.1196|0.0677|0.0502|0.0429|0.0370,
unit_006573,HongKong,16,16,375.8,31,2.4648,0.0,0.0,0.5,22.361605,114.115689,31|22|16|1|3,0.1087|0.0901|0.0628|0.0521|0.0511,
unit_006574,HongKong,8,8,175.1,21,2.534,0.0,0.09076,0.5227,22.358851,114.114625,21|2|1|7|27,0.1275|0.0785|0.0679|0.0605|0.0542,
unit_006575,HongKong,8,8,175.1,27,2.4992,0.0,0.09076,0.5227,22.357129,114.115009,27|21|2|1|13,0.0756|0.0661|0.0629|0.0617|0.0613,
unit_006576,HongKong,19,19,326.9,18,2.3498,0.0,0.0,0.5,22.364922,114.115317,18|1|31|16|21,0.1108|0.1085|0.0557|0.0548|0.0489,
unit_006577,HongKong,19,24,249.5,18,2.3181,0.0,0.097,0.5242,22.421403,114.06449,18|21|3|23|22,0.1127|0.1000|0.0726|0.0723|0.0486,
unit_006578,HongKong,7,7,150.3,10,2.3375,0.0,0.0,0.5,22.433808,114.064974,10|2|16|13|3,0.0881|0.0751|0.0613|0.0593|0.0592,
unit_006579,HongKong,6,6,127.7,21,2.4495,0.0,0.0,0.5,22.433182,114.062575,21|2|18|23|3,0.0917|0.0717|0.0715|0.0623|0.0552,
unit_006580,HongKong,6,6,127.7,21,2.4542,0.0,0.0,0.5,22.434679,114.061508,21|18|31|2|23,0.0975|0.0815|0.0672|0.0529|0.0526,
unit_006581,HongKong,21,31,374.4,13,2.55,2e-05,0.09486,0.5237,22.438915,114.059809,13|21|10|7|22,0.0795|0.0788|0.0772|0.0674|0.0668,
unit_006582,HongKong,30,30,455.8,1,2.2157,0.0,0.0,0.5,22.365404,114.136129,1|7|23|16|21,0.1601|0.0692|0.0584|0.0550|0.0389,
unit_006583,HongKong,7,7,160.1,1,2.4719,0.0,0.0,0.5,22.363943,114.135895,1|27|21|13|7,0.1023|0.0843|0.0740|0.0653|0.0628,
unit_006584,HongKong,8,8,177.0,27,2.5254,0.0,0.17544,0.5437,22.359888,114.135194,27|1|31|2|16,0.0847|0.0715|0.0526|0.0467|0.0402,
unit_006585,HongKong,8,8,177.0,27,2.4454,0.0,0.0,0.5,22.357076,114.133917,27|21|3|22|1,0.1141|0.0948|0.0604|0.0539|0.0535,
unit_006586,HongKong,14,22,284.0,27,2.4661,2e-05,0.0,0.5,22.353569,114.133112,27|21|3|22|18,0.1156|0.0939|0.0610|0.0542|0.0420,
unit_006587,HongKong,10,16,228.8,27,2.4674,2e-05,0.0,0.5,22.353759,114.133042,27|21|3|22|18,0.1172|0.0913|0.0616|0.0548|0.0439,
unit_006588,HongKong,8,8,178.0,27,2.4454,0.0,0.0,0.5,22.357068,114.133836,27|21|3|22|1,0.1141|0.0948|0.0604|0.0539|0.0535,
unit_006589,HongKong,8,8,178.0,27,2.5254,0.0,0.17544,0.5437,22.3599,114.135104,27|1|31|2|16,0.0847|0.0715|0.0526|0.0467|0.0402,
unit_006591,HongKong,7,7,150.0,7,2.4508,0.0,0.0,0.5,22.377112,114.122915,7|21|31|1|22,0.0914|0.0854|0.0735|0.0680|0.0663,
unit_006592,HongKong,27,43,470.7,13,2.4032,1e-05,0.0,0.5,22.361082,114.090385,13|16|3|23|31,0.0921|0.0771|0.0615|0.0613|0.0451,
unit_006593,HongKong,7,7,150.5,16,2.2978,0.0,0.0,0.5,22.360269,114.092409,16|22|31|7|21,0.1129|0.1117|0.0847|0.0748|0.0580,
unit_006595,HongKong,8,8,175.5,18,2.3181,0.0,0.0,0.5,22.360264,114.088455,18|16|22|31|23,0.1065|0.1003|0.0602|0.0600|0.0540,
unit_006596,HongKong,14,15,326.0,18,2.2715,1e-05,0.0,0.5,22.359822,114.084897,18|23|10|16|22,0.1356|0.0477|0.0389|0.0380|0.0363,
unit_006597,HongKong,8,8,175.1,16,2.2978,0.0,0.0,0.5,22.360051,114.092318,16|22|31|7|21,0.1129|0.1117|0.0847|0.0748|0.0580,
unit_006598,HongKong,9,12,204.7,16,2.449,5e-05,0.0,0.5,22.360293,114.096998,16|31|23|22|3,0.0832|0.0734|0.0638|0.0450|0.0436,
unit_006599,HongKong,8,8,179.1,18,2.3119,0.0,0.0,0.5,22.36027,114.09481,18|31|16|23|22,0.1264|0.0610|0.0535|0.0534|0.0436,
unit_006600,HongKong,4,4,76.4,18,2.3119,0.0,0.0,0.5,22.360976,114.094886,18|31|16|23|22,0.1264|0.0610|0.0535|0.0534|0.0436,
unit_006601,HongKong,10,14,229.3,31,2.4932,6e-05,0.14393,0.5359,22.360858,114.096706,31|16|23|3|22,0.0944|0.0834|0.0652|0.0506|0.0501,
unit_006602,HongKong,17,17,331.0,16,2.3979,0.0,0.14393,0.5359,22.361267,114.098669,16|23|31|3|1,0.0790|0.0632|0.0626|0.0588|0.0549,
unit_006603,HongKong,7,7,153.5,18,2.3119,0.0,0.2968,0.5737,22.360511,114.094919,18|31|16|23|22,0.1264|0.0610|0.0535|0.0534|0.0436,
unit_006604,HongKong,19,19,353.2,31,2.4465,0.0,0.0,0.5,22.362135,114.100213,31|1|3|10|27,0.1382|0.0989|0.0713|0.0588|0.0478,
unit_006605,HongKong,10,14,229.3,31,2.4932,6e-05,0.14393,0.5359,22.360858,114.096706,31|16|23|3|22,0.0944|0.0834|0.0652|0.0506|0.0501,
unit_006606,HongKong,4,4,76.4,18,2.3119,0.0,0.0,0.5,22.360976,114.094886,18|31|16|23|22,0.1264|0.0610|0.0535|0.0534|0.0436,
unit_006607,HongKong,8,8,175.3,22,2.2436,0.0,0.0,0.5,22.495396,114.058865,22|31|16|3|18,0.1200|0.0505|0.0454|0.0433|0.0377,
unit_006608,HongKong,20,32,475.9,3,2.3846,5e-05,0.0,0.5,22.495308,114.054199,3|22|31|7|13,0.0881|0.0850|0.0559|0.0503|0.0453,
unit_006609,HongKong,15,16,350.6,22,2.3968,6e-05,0.0,0.5,22.495138,114.04973,22|13|7|16|31,0.1191|0.0820|0.0693|0.0662|0.0531,
unit_006610,HongKong,15,16,350.6,22,2.3968,6e-05,0.0,0.5,22.495138,114.04973,22|13|7|16|31,0.1191|0.0820|0.0693|0.0662|0.0531,
unit_006611,HongKong,20,32,475.9,3,2.3846,5e-05,0.0,0.5,22.495308,114.054199,3|22|31|7|13,0.0881|0.0850|0.0559|0.0503|0.0453,
unit_006612,HongKong,8,8,175.3,22,2.2436,0.0,0.0,0.5,22.495396,114.058865,22|31|16|3|18,0.1200|0.0505|0.0454|0.0433|0.0377,
unit_006613,HongKong,22,22,422.6,10,2.3657,0.0,0.0,0.5,22.465328,114.051338,10|21|22|31|7,0.1213|0.1032|0.0977|0.0709|0.0536,
unit_006614,HongKong,20,20,435.7,21,2.2921,0.0,0.0,0.5,22.463353,114.053196,21|3|18|16|1,0.1156|0.0786|0.0604|0.0468|0.0419,
unit_006615,HongKong,18,27,356.1,22,2.4447,3e-05,0.0,0.5,22.4662,114.04621,22|10|31|21|7,0.1160|0.1053|0.0796|0.0725|0.0556,
unit_006616,HongKong,4,4,77.9,10,2.3657,0.0,0.0,0.5,22.465359,114.050587,10|21|22|31|7,0.1213|0.1032|0.0977|0.0709|0.0536,
unit_006617,HongKong,8,8,181.8,13,2.2166,0.0,0.0,0.5,22.466342,114.049255,13|7|3|16|31,0.1253|0.0744|0.0653|0.0636|0.0427,
unit_006619,HongKong,11,11,206.6,18,2.2602,0.0,0.0,0.5,22.444235,114.01664,18|21|10|31|1,0.1323|0.0719|0.0622|0.0577|0.0493,
unit_006620,HongKong,8,8,178.9,18,2.4288,0.0,0.0,0.5,22.446209,114.016074,18|21|16|31|10,0.1207|0.0818|0.0613|0.0567|0.0536,
unit_006621,HongKong,8,8,178.1,21,2.4,0.0,0.0,0.5,22.442664,114.017797,21|1|27|31|3,0.0941|0.0914|0.0732|0.0695|0.0636,
unit_006622,HongKong,9,9,204.8,21,2.5017,0.0,0.0,0.5,22.44066,114.016531,21|18|2|27|7,0.1043|0.0731|0.0626|0.0480|0.0478,
unit_006623,HongKong,5,7,102.4,21,2.5283,0.0,0.05908,0.5148,22.438906,114.016023,21|18|10|31|3,0.1120|0.0974|0.0798|0.0778|0.0479,
unit_006624,HongKong,24,37,434.0,2,2.4674,0.0,0.05908,0.5148,22.437878,114.015864,2|18|14|21|31,0.1201|0.0734|0.0692|0.0691|0.0588,
unit_006625,HongKong,8,8,175.2,21,2.5078,0.0,0.0,0.5,22.448829,114.005886,21|1|7|22|2,0.0816|0.0722|0.0694|0.0645|0.0498,
unit_006627,HongKong,8,8,178.9,18,2.4288,0.0,0.0,0.5,22.446309,114.01611,18|21|16|31|10,0.1207|0.0818|0.0613|0.0567|0.0536,
unit_006628,HongKong,23,23,495.3,13,2.5208,0.0,0.0,0.5,22.448648,114.01787,13|7|22|21|3,0.0953|0.0749|0.0741|0.0625|0.0603,
unit_006629,HongKong,9,9,209.8,31,2.4446,0.0,0.0,0.5,22.367204,114.01155,31|22|16|7|21,0.1210|0.0879|0.0723|0.0663|0.0648,
unit_006630,HongKong,31,31,556.7,1,2.3144,0.0,0.0,0.5,22.371264,114.138457,1|21|10|16|7,0.1378|0.0813|0.0598|0.0594|0.0420,
unit_006631,HongKong,10,10,203.3,1,2.3506,0.0,0.0,0.5,22.369915,114.142195,1|3|10|16|23,0.0983|0.0633|0.0564|0.0549|0.0409,
unit_006632,HongKong,10,10,138.5,1,2.1899,0.0,0.0,0.5,22.369284,114.138634,1|16|7|23|13,0.1210|0.0858|0.0824|0.0499|0.0427,
unit_006635,HongKong,7,7,154.0,18,2.3353,0.0,0.0,0.5,22.420265,113.993373,18|21|10|16|14,0.1297|0.0640|0.0630|0.0599|0.0529,
unit_006636,HongKong,22,22,414.3,22,2.4027,0.0,0.0,0.5,22.422489,113.995488,22|7|31|16|13,0.0984|0.0975|0.0614|0.0557|0.0481,
unit_006637,HongKong,48,48,794.4,22,2.3073,0.0,0.0,0.5,22.4442,114.00983,22|7|21|27|1,0.1150|0.0749|0.0671|0.0650|0.0478,
unit_006638,HongKong,5,5,101.8,22,2.3073,0.0,0.0,0.5,22.44367,114.009665,22|7|21|27|1,0.1150|0.0749|0.0671|0.0650|0.0478,
unit_006639,HongKong,12,12,235.0,21,2.2607,0.0,0.0,0.5,22.438566,114.007137,21|7|16|13|3,0.1207|0.1047|0.0696|0.0653|0.0572,
unit_006640,HongKong,8,8,179.4,13,2.1663,0.0,0.0,0.5,22.436019,114.00799,13|7|22|31|21,0.1070|0.0903|0.0572|0.0413|0.0356,
unit_006641,HongKong,4,4,76.4,18,2.4505,0.0,0.0,0.5,22.43536,114.005662,18|16|21|3|31,0.1126|0.0947|0.0599|0.0574|0.0531,
unit_006642,HongKong,7,7,152.9,31,2.5053,0.0,0.0,0.5,22.434023,114.003139,31|22|18|16|7,0.1022|0.0936|0.0842|0.0631|0.0559,
unit_006643,HongKong,8,8,177.4,18,2.4505,0.0,0.0,0.5,22.435446,114.004973,18|16|21|3|31,0.1126|0.0947|0.0599|0.0574|0.0531,
unit_006644,HongKong,10,10,177.4,31,2.5053,0.0,0.0,0.5,22.434261,114.003763,31|22|18|16|7,0.1022|0.0936|0.0842|0.0631|0.0559,
unit_006645,HongKong,22,22,430.2,21,2.3997,0.0,0.31772,0.5788,22.4365,114.011662,21|7|31|13|27,0.1321|0.1021|0.0830|0.0664|0.0549,
unit_006646,HongKong,8,8,177.7,13,2.5441,0.0,0.0,0.5,22.431915,114.002603,13|22|7|21|10,0.0791|0.0670|0.0661|0.0630|0.0549,
unit_006647,HongKong,8,8,177.7,18,2.4261,0.0,0.0,0.5,22.428137,114.000987,18|21|23|14|16,0.1185|0.1031|0.0584|0.0566|0.0523,
unit_006648,HongKong,11,15,253.8,18,2.4739,5e-05,0.0,0.5,22.426172,113.999631,18|21|16|14|23,0.0983|0.0925|0.0706|0.0627|0.0525,
unit_006649,HongKong,19,19,321.9,1,2.3524,0.0,0.0,0.5,22.439614,114.009966,1|7|13|2|10,0.0705|0.0702|0.0631|0.0596|0.0496,
unit_006650,HongKong,6,6,128.3,2,2.4555,0.0,0.0,0.5,22.437291,114.015712,2|18|14|21|31,0.1210|0.0701|0.0693|0.0649|0.0563,
unit_006651,HongKong,7,7,153.8,2,2.4555,0.0,0.0,0.5,22.437503,114.015653,2|18|14|21|31,0.1210|0.0701|0.0693|0.0649|0.0563,
unit_006652,HongKong,12,12,228.7,16,2.3244,0.0,0.0,0.5,22.43771,114.011839,16|18|14|10|13,0.0917|0.0909|0.0544|0.0511|0.0414,
unit_006653,HongKong,6,6,127.4,13,2.1663,0.0,0.0,0.5,22.436665,114.007673,13|7|22|31|21,0.1070|0.0903|0.0572|0.0413|0.0356,
unit_006654,HongKong,16,19,329.6,21,2.5276,1e-05,0.0,0.5,22.438913,114.015407,21|18|10|31|3,0.1114|0.0968|0.0794|0.0774|0.0475,
unit_006655,HongKong,7,7,152.0,31,2.5128,0.0,0.0,0.5,22.434825,114.001501,31|3|7|13|2,0.0855|0.0736|0.0708|0.0699|0.0553,
unit_006656,HongKong,12,16,231.0,16,2.4336,0.0,0.06316,0.5158,22.375621,113.99958,16|31|21|2|13,0.1148|0.0922|0.0532|0.0472|0.0455,
unit_006657,HongKong,10,18,182.9,2,2.4497,0.0,0.06779,0.5169,22.351597,114.119505,2|16|3|1|7,0.0971|0.0736|0.0571|0.0544|0.0477,
unit_006658,HongKong,7,7,164.4,2,2.3423,0.0,0.06708,0.5168,22.352758,114.120492,2|18|1|16|3,0.0984|0.0800|0.0729|0.0584|0.0579,
unit_006659,HongKong,35,35,619.5,2,2.3423,0.0,0.06823,0.5171,22.352522,114.120768,2|18|1|16|3,0.0984|0.0800|0.0729|0.0584|0.0579,
unit_006660,HongKong,13,25,257.1,2,2.448,0.0,0.06798,0.517,22.351543,114.119452,2|16|3|1|7,0.0973|0.0755|0.0565|0.0552|0.0496,
unit_006661,HongKong,10,10,175.2,2,2.3423,0.0,0.0,0.5,22.352705,114.120312,2|18|1|16|3,0.0984|0.0800|0.0729|0.0584|0.0579,
unit_006662,HongKong,6,6,132.0,21,2.4667,0.0,0.0,0.5,22.351541,114.110191,21|1|16|31|13,0.0816|0.0776|0.0668|0.0543|0.0485,
unit_006663,HongKong,21,32,322.1,16,2.398,1e-05,0.1071,0.5267,22.369625,113.94977,16|21|22|31|7,0.1126|0.0982|0.0779|0.0622|0.0483,
unit_006664,HongKong,15,15,360.0,31,2.384,2e-05,0.0,0.5,22.378314,113.964927,31|1|3|16|7,0.1095|0.0755|0.0700|0.0632|0.0553,
unit_006665,HongKong,5,5,100.1,16,2.3365,0.0,0.0,0.5,22.414991,113.984702,16|18|31|14|10,0.0869|0.0752|0.0671|0.0611|0.0512,
unit_006666,HongKong,34,36,703.2,7,2.442,0.0,0.0,0.5,22.46957,114.15096,7|10|31|3|21,0.1057|0.0728|0.0688|0.0669|0.0636,
unit_006667,HongKong,17,23,323.6,21,2.4023,1e-05,0.19602,0.5488,22.467403,114.151571,21|7|31|22|16,0.1301|0.0998|0.0884|0.0853|0.0755,
unit_006668,HongKong,8,8,175.1,22,2.3518,0.0,0.0,0.5,22.472212,114.151303,22|7|13|3|31,0.1077|0.0990|0.0881|0.0688|0.0673,
unit_006669,HongKong,12,12,250.1,7,2.2642,0.0,0.0,0.5,22.471258,114.148486,7|22|13|3|31,0.1005|0.0784|0.0774|0.0598|0.0585,
unit_006670,HongKong,18,18,339.0,22,2.3518,0.0,0.0,0.5,22.472612,114.152039,22|7|13|3|31,0.1077|0.0990|0.0881|0.0688|0.0673,
unit_006671,HongKong,8,8,176.0,3,2.4139,0.0,0.0,0.5,22.454298,114.141267,3|16|7|21|13,0.0694|0.0674|0.0638|0.0551|0.0534,
unit_006672,HongKong,32,34,431.2,18,2.4802,0.0,0.20572,0.5512,22.464524,114.148894,18|21|10|3|23,0.1098|0.0855|0.0650|0.0635|0.0559,
unit_006674,HongKong,27,34,577.3,21,2.4837,3e-05,0.19602,0.5488,22.469166,114.152405,21|18|10|14|7,0.0879|0.0764|0.0702|0.0639|0.0621,
unit_006675,HongKong,12,12,150.7,10,2.4024,0.0,0.0,0.5,22.472867,114.153203,10|7|21|3|13,0.0796|0.0777|0.0729|0.0701|0.0532,
unit_006676,HongKong,18,24,427.3,22,2.4289,8e-05,0.0,0.5,22.506069,114.074131,22|10|31|21|7,0.0904|0.0866|0.0804|0.0793|0.0647,
unit_006677,HongKong,5,5,100.5,22,2.3353,0.0,0.0,0.5,22.508874,114.072054,22|13|10|21|14,0.1521|0.0704|0.0414|0.0413|0.0382,
unit_006678,HongKong,14,20,326.8,10,2.4436,3e-05,0.0,0.5,22.513653,114.0704,10|21|3|22|7,0.0970|0.0743|0.0635|0.0624|0.0551,
unit_006679,HongKong,16,16,351.9,31,2.3847,0.0,0.0,0.5,22.515829,114.068904,31|22|10|13|16,0.0968|0.0954|0.0950|0.0504|0.0470,
unit_006680,HongKong,5,5,100.2,31,2.4174,0.0,0.0,0.5,22.505681,114.075399,31|22|10|21|7,0.1064|0.0934|0.0863|0.0524|0.0455,
unit_006681,HongKong,9,9,200.3,7,2.4068,0.0,0.0,0.5,22.507154,114.074743,7|13|10|31|21,0.0882|0.0766|0.0727|0.0643|0.0509,
unit_006682,HongKong,8,8,175.3,22,2.3353,0.0,0.0,0.5,22.509328,114.072694,22|13|10|21|14,0.1521|0.0704|0.0414|0.0413|0.0382,
unit_006683,HongKong,4,4,75.1,10,2.3916,0.0,0.16166,0.5403,22.51312,114.071353,10|21|22|3|18,0.0892|0.0823|0.0786|0.0718|0.0465,
unit_006684,HongKong,8,11,175.3,13,2.4146,0.0,0.16166,0.5403,22.514437,114.07106,13|22|10|21|27,0.0970|0.0901|0.0485|0.0453|0.0363,
unit_006685,HongKong,12,12,250.4,21,2.4782,0.0,0.0,0.5,22.516208,114.070767,21|22|1|3|2,0.1099|0.0863|0.0753|0.0669|0.0558,
unit_006686,HongKong,14,20,326.8,10,2.4436,3e-05,0.0,0.5,22.513653,114.0704,10|21|3|22|7,0.0970|0.0743|0.0635|0.0624|0.0551,
unit_006687,HongKong,5,5,100.5,22,2.3353,0.0,0.0,0.5,22.508874,114.072054,22|13|10|21|14,0.1521|0.0704|0.0414|0.0413|0.0382,
unit_006688,HongKong,18,24,427.3,22,2.4289,8e-05,0.0,0.5,22.506069,114.074131,22|10|31|21|7,0.0904|0.0866|0.0804|0.0793|0.0647,
unit_006689,HongKong,8,11,175.3,13,2.4146,0.0,0.16166,0.5403,22.514437,114.07106,13|22|10|21|27,0.0970|0.0901|0.0485|0.0453|0.0363,
unit_006690,HongKong,4,4,75.1,10,2.3916,0.0,0.16166,0.5403,22.51312,114.071353,10|21|22|3|18,0.0892|0.0823|0.0786|0.0718|0.0465,
unit_006691,HongKong,8,8,175.3,22,2.3353,0.0,0.0,0.5,22.509328,114.072694,22|13|10|21|14,0.1521|0.0704|0.0414|0.0413|0.0382,
unit_006692,HongKong,9,9,200.3,7,2.4068,0.0,0.0,0.5,22.507154,114.074743,7|13|10|31|21,0.0882|0.0766|0.0727|0.0643|0.0509,
unit_006693,HongKong,5,5,100.2,31,2.4174,0.0,0.0,0.5,22.505681,114.075399,31|22|10|21|7,0.1064|0.0934|0.0863|0.0524|0.0455,
unit_006694,HongKong,25,25,370.5,13,2.2531,0.0,0.0,0.5,22.51582,114.074304,13|7|3|22|23,0.0979|0.0668|0.0648|0.0565|0.0481,
unit_006695,HongKong,7,7,155.9,22,2.4533,0.0,0.0,0.5,22.513333,114.075627,22|3|31|7|13,0.1516|0.0822|0.0671|0.0568|0.0550,
unit_006696,HongKong,5,8,104.0,22,2.4382,2e-05,0.06118,0.5153,22.511557,114.077126,22|3|21|10|31,0.1167|0.0738|0.0684|0.0474|0.0447,
unit_006697,HongKong,42,100,727.6,13,2.4449,5e-05,0.12351,0.5308,22.510906,114.077681,13|10|2|21|22,0.1067|0.0845|0.0711|0.0702|0.0571,
unit_006698,HongKong,9,9,201.0,22,2.427,0.0,0.0,0.5,22.497903,114.070879,22|31|10|21|7,0.1244|0.0871|0.0840|0.0581|0.0474,
unit_006699,HongKong,14,16,326.6,22,2.4017,5e-05,0.0,0.5,22.501701,114.073087,22|7|21|10|31,0.1274|0.0682|0.0677|0.0612|0.0519,
unit_006700,HongKong,8,8,175.9,22,2.3713,0.0,0.0,0.5,22.503095,114.076993,22|31|16|7|10,0.1183|0.1029|0.0790|0.0536|0.0457,
unit_006701,HongKong,7,7,157.8,13,2.4489,0.0,0.0,0.5,22.494937,114.072088,13|16|31|3|10,0.0987|0.0787|0.0621|0.0521|0.0507,
unit_006702,HongKong,16,16,350.1,7,2.3692,0.0,0.0,0.5,22.501876,114.074478,7|13|3|31|22,0.1225|0.0791|0.0655|0.0636|0.0582,
unit_006703,HongKong,44,78,950.5,16,2.3929,2e-05,0.0,0.5,22.380635,114.128133,16|31|22|10|27,0.1053|0.1003|0.0817|0.0567|0.0526,
unit_006704,HongKong,26,26,534.6,22,2.401,0.0,0.0,0.5,22.38376,114.122202,22|7|31|13|23,0.1076|0.1002|0.0544|0.0496|0.0455,
unit_006705,HongKong,38,38,655.5,7,2.4065,0.0,0.0,0.5,22.451621,114.011744,7|31|13|3|1,0.1094|0.0512|0.0500|0.0499|0.0425,
unit_006706,HongKong,4,6,50.0,3,2.4031,0.0,0.0,0.5,22.454685,114.009361,3|18|21|2|23,0.1041|0.0950|0.0914|0.0505|0.0403,
unit_006707,HongKong,8,8,176.3,13,2.2509,0.0,0.0,0.5,22.404168,113.915349,13|22|3|16|2,0.1159|0.0526|0.0402|0.0388|0.0351,
unit_006708,HongKong,4,6,56.7,16,2.532,0.0,0.0,0.5,22.367484,113.946191,16|3|10|31|1,0.0832|0.0748|0.0721|0.0681|0.0627,
unit_006709,HongKong,32,62,679.3,22,2.4558,2e-05,0.0,0.5,22.381359,113.921141,22|21|16|27|18,0.1313|0.1221|0.0708|0.0687|0.0505,
unit_006710,HongKong,12,16,276.0,21,2.3442,4e-05,0.0,0.5,22.378349,113.922869,21|22|27|16|18,0.0892|0.0832|0.0745|0.0688|0.0644,
unit_006711,HongKong,15,16,351.3,27,2.4263,2e-05,0.0,0.5,22.375436,113.924367,27|21|22|16|13,0.0970|0.0841|0.0776|0.0563|0.0493,
unit_006712,HongKong,8,8,175.6,27,2.3389,0.0,0.0,0.5,22.373014,113.925821,27|21|16|22|18,0.1317|0.0827|0.0681|0.0633|0.0527,
unit_006713,HongKong,5,5,101.6,16,2.4922,0.0,0.09223,0.523,22.370875,113.934062,16|31|10|7|3,0.1151|0.0812|0.0586|0.0474|0.0457,
unit_006714,HongKong,20,22,457.1,16,2.4879,5e-05,0.09223,0.523,22.370225,113.935634,16|31|22|21|10,0.1170|0.0802|0.0769|0.0643|0.0616,
unit_006715,HongKong,8,8,180.8,22,2.3583,0.0,0.0,0.5,22.408643,113.916784,22|27|16|21|3,0.1147|0.0917|0.0811|0.0597|0.0487,
unit_006716,HongKong,36,54,760.8,27,2.3742,3e-05,0.0,0.5,22.41188,113.917112,27|16|22|23|21,0.1035|0.0762|0.0703|0.0661|0.0477,
unit_006717,HongKong,14,23,328.4,7,2.3333,3e-05,0.0,0.5,22.509319,114.100358,7|13|22|31|21,0.1144|0.1106|0.0875|0.0735|0.0512,
unit_006718,HongKong,12,16,277.9,22,2.3808,7e-05,0.0,0.5,22.513273,114.098738,22|21|13|7|27,0.1123|0.0891|0.0651|0.0446|0.0313,
unit_006719,HongKong,20,24,480.0,22,2.3443,6e-05,0.0,0.5,22.518086,114.100095,22|21|7|13|3,0.1660|0.0604|0.0531|0.0494|0.0457,
unit_006720,HongKong,8,16,176.9,22,2.454,0.0001,0.05676,0.5142,22.521286,114.100387,22|13|7|3|21,0.1114|0.0817|0.0639|0.0548|0.0514,
unit_006721,HongKong,32,52,656.8,22,2.312,9e-05,0.05676,0.5142,22.523296,114.100302,22|21|16|7|31,0.1587|0.0769|0.0743|0.0720|0.0583,
unit_006722,HongKong,8,8,181.7,22,2.3428,0.0,0.0,0.5,22.506614,114.101416,22|21|7|13|31,0.1041|0.0905|0.0756|0.0751|0.0525,
unit_006723,HongKong,16,16,311.7,14,1.3267,0.0,0.0,0.5,22.505125,114.100186,14|13|27|21|31,0.0751|0.0215|0.0146|0.0124|0.0110,
unit_006724,HongKong,8,8,180.1,22,2.4112,0.0,0.0,0.5,22.512908,114.10569,22|21|7|13|31,0.1464|0.1026|0.0784|0.0516|0.0450,
unit_006725,HongKong,8,8,183.5,22,2.4319,0.0,0.0,0.5,22.510067,114.106503,22|21|27|13|7,0.1261|0.0943|0.0880|0.0754|0.0571,
unit_006726,HongKong,7,7,156.5,16,2.3945,0.0,0.0,0.5,22.503565,114.101245,16|18|31|13|3,0.1080|0.0857|0.0841|0.0384|0.0372,
unit_006727,HongKong,8,8,181.7,22,2.3428,0.0,0.0,0.5,22.506614,114.101416,22|21|7|13|31,0.1041|0.0905|0.0756|0.0751|0.0525,
unit_006728,HongKong,8,16,176.9,22,2.454,0.0001,0.05676,0.5142,22.521286,114.100387,22|13|7|3|21,0.1114|0.0817|0.0639|0.0548|0.0514,
unit_006729,HongKong,20,24,480.0,22,2.3443,6e-05,0.0,0.5,22.518086,114.100095,22|21|7|13|3,0.1660|0.0604|0.0531|0.0494|0.0457,
unit_006730,HongKong,12,16,277.9,22,2.3808,7e-05,0.0,0.5,22.513273,114.098738,22|21|13|7|27,0.1123|0.0891|0.0651|0.0446|0.0313,
unit_006731,HongKong,14,23,328.4,7,2.3333,3e-05,0.0,0.5,22.509319,114.100358,7|13|22|31|21,0.1144|0.1106|0.0875|0.0735|0.0512,
unit_006732,HongKong,10,10,228.6,27,2.4019,0.0,0.0,0.5,22.524938,114.102174,27|10|22|13|21,0.0782|0.0714|0.0642|0.0624|0.0574,
unit_006733,HongKong,8,8,177.8,22,2.4149,0.0,0.0,0.5,22.526744,114.103483,22|27|31|3|16,0.1388|0.0810|0.0561|0.0519|0.0465,
unit_006734,HongKong,26,26,500.6,22,2.3691,0.0,0.0,0.5,22.5245,114.095296,22|13|3|23|2,0.1047|0.0731|0.0426|0.0399|0.0357,
unit_006735,HongKong,7,7,151.1,22,2.314,0.0,0.08987,0.5225,22.525706,114.111197,22|13|7|23|10,0.1207|0.0830|0.0440|0.0349|0.0342,
unit_006736,HongKong,8,8,176.3,22,2.3615,0.0,0.0,0.5,22.52383,114.111425,22|27|23|3|13,0.1210|0.0855|0.0747|0.0615|0.0522,
unit_006737,HongKong,12,17,277.0,22,2.3199,7e-05,0.08387,0.5209,22.520427,114.112538,22|13|7|1|31,0.1400|0.0761|0.0450|0.0379|0.0375,
unit_006738,HongKong,8,8,175.1,22,2.1891,0.0,0.0,0.5,22.527632,114.108037,22|31|16|23|3,0.1451|0.0783|0.0686|0.0396|0.0367,
unit_006739,HongKong,9,9,200.2,22,2.3881,0.0,0.0,0.5,22.528458,114.106409,22|27|21|7|3,0.1698|0.0730|0.0506|0.0487|0.0390,
unit_006740,HongKong,8,8,175.1,22,2.3517,0.0,0.0,0.5,22.530366,114.104264,22|3|31|16|23,0.1246|0.0603|0.0564|0.0535|0.0368,
unit_006741,HongKong,17,17,400.3,22,2.3432,1e-05,0.0,0.5,22.529604,114.100412,22|31|3|16|23,0.1453|0.0689|0.0522|0.0419|0.0413,
unit_006742,HongKong,8,8,175.1,22,2.3096,0.0,0.0,0.5,22.527759,114.098469,22|1|13|21|16,0.1390|0.0315|0.0309|0.0300|0.0280,
unit_006743,HongKong,8,8,175.1,22,2.2198,0.0,0.0,0.5,22.526266,114.096021,22|3|13|7|1,0.1342|0.0753|0.0552|0.0441|0.0408,
unit_006744,HongKong,17,21,401.4,22,2.4088,4e-05,0.0,0.5,22.466383,114.045383,22|10|31|21|7,0.1195|0.0978|0.0835|0.0611|0.0463,
unit_006745,HongKong,8,8,175.6,22,2.3966,0.0,0.0,0.5,22.467629,114.040193,22|10|31|16|7,0.1154|0.0838|0.0834|0.0696|0.0532,
unit_006746,HongKong,8,8,175.6,22,2.4176,0.0,0.0,0.5,22.468444,114.03833,22|31|10|7|3,0.1249|0.0771|0.0728|0.0537|0.0493,
unit_006747,HongKong,8,8,175.6,22,2.4253,0.0,0.0,0.5,22.469231,114.036454,22|10|31|16|7,0.1328|0.0817|0.0648|0.0565|0.0456,
unit_006748,HongKong,8,8,175.6,22,2.4421,0.0,0.0,0.5,22.471252,114.034181,22|10|3|31|23,0.0919|0.0908|0.0881|0.0841|0.0559,
unit_006749,HongKong,32,40,701.1,13,2.2913,5e-05,0.0,0.5,22.470801,114.046931,13|7|16|31|22,0.1352|0.0714|0.0504|0.0447|0.0385,
unit_006751,HongKong,8,14,183.4,31,2.4086,4e-05,0.0,0.5,22.479209,114.054907,31|22|10|16|3,0.0996|0.0924|0.0836|0.0743|0.0536,
unit_006752,HongKong,58,81,1190.4,22,2.4433,4e-05,0.10913,0.5272,22.476923,114.05166,22|7|21|3|10,0.0764|0.0707|0.0706|0.0680|0.0666,
unit_006753,HongKong,20,20,384.6,22,2.2853,0.0,0.15739,0.5393,22.475934,114.052949,22|31|16|7|10,0.1536|0.1000|0.0529|0.0509|0.0481,
unit_006754,HongKong,8,8,175.6,22,2.4421,0.0,0.0,0.5,22.471252,114.034181,22|10|3|31|23,0.0919|0.0908|0.0881|0.0841|0.0559,
unit_006755,HongKong,8,8,175.6,22,2.4253,0.0,0.0,0.5,22.469231,114.036454,22|10|31|16|7,0.1328|0.0817|0.0648|0.0565|0.0456,
unit_006756,HongKong,8,8,175.6,22,2.4176,0.0,0.0,0.5,22.468444,114.03833,22|31|10|7|3,0.1249|0.0771|0.0728|0.0537|0.0493,
unit_006757,HongKong,8,8,175.6,22,2.3966,0.0,0.0,0.5,22.467629,114.040193,22|10|31|16|7,0.1154|0.0838|0.0834|0.0696|0.0532,
unit_006758,HongKong,17,21,401.4,22,2.4088,4e-05,0.0,0.5,22.466383,114.045383,22|10|31|21|7,0.1195|0.0978|0.0835|0.0611|0.0463,
unit_006759,HongKong,8,15,175.9,22,2.214,0.0,0.0,0.5,22.493724,114.08741,22|16|27|13|31,0.1698|0.0473|0.0398|0.0343|0.0318,
unit_006760,HongKong,7,7,150.8,22,2.3005,0.0,0.06279,0.5157,22.492203,114.089819,22|13|27|21|16,0.1246|0.0772|0.0624|0.0577|0.0506,
unit_006761,HongKong,6,11,129.3,22,2.2228,0.0,0.09242,0.5231,22.493472,114.086825,22|16|27|31|21,0.1714|0.0461|0.0379|0.0352|0.0326,
unit_006763,HongKong,7,7,156.4,13,2.2358,0.0,0.0,0.5,22.492171,114.086322,13|22|7|21|16,0.1116|0.0923|0.0916|0.0732|0.0412,
unit_006764,HongKong,42,62,862.4,16,2.5405,0.00011,0.05623,0.514,22.502026,114.11606,16|31|18|22|2,0.0883|0.0774|0.0728|0.0719|0.0570,
unit_006765,HongKong,12,18,270.0,22,2.2493,1e-05,0.05487,0.5137,22.406008,113.986902,22|27|21|16|2,0.1269|0.1089|0.0524|0.0519|0.0359,
unit_006766,HongKong,64,142,1336.4,22,2.4749,9e-05,0.05487,0.5137,22.405107,113.985907,22|23|27|31|2,0.1214|0.0944|0.0735|0.0726|0.0584,
unit_006767,HongKong,5,5,102.4,7,2.4445,0.0,0.0,0.5,22.507552,114.149485,7|13|21|31|27,0.1214|0.0578|0.0564|0.0550|0.0542,
unit_006768,HongKong,12,12,260.7,3,2.441,0.0,0.0,0.5,22.507947,114.145786,3|13|10|31|7,0.0920|0.0891|0.0728|0.0601|0.0550,
unit_006769,HongKong,8,8,183.2,22,2.4085,0.0,0.0,0.5,22.510395,114.147339,22|7|21|27|13,0.1455|0.0688|0.0542|0.0536|0.0517,
unit_006770,HongKong,28,36,563.2,22,2.3225,5e-05,0.0,0.5,22.510998,114.144522,22|7|21|16|13,0.1599|0.0416|0.0343|0.0323|0.0298,
unit_006773,HongKong,15,16,350.0,22,2.4418,6e-05,0.0,0.5,22.418677,113.972241,22|3|7|31|23,0.1061|0.0808|0.0745|0.0697|0.0658,
unit_006774,HongKong,8,8,175.0,13,2.4698,0.0,0.0,0.5,22.418048,113.975582,13|22|3|21|7,0.0927|0.0896|0.0864|0.0531|0.0521,
unit_006775,HongKong,32,38,674.7,21,2.467,3e-05,0.0,0.5,22.403454,113.981021,21|27|1|31|10,0.0970|0.0902|0.0758|0.0597|0.0597,
unit_006776,HongKong,28,28,497.4,1,2.3962,0.0,0.0,0.5,22.402512,113.97904,1|31|21|3|13,0.1016|0.0831|0.0829|0.0801|0.0502,
unit_006777,HongKong,14,14,230.2,1,2.4592,0.0,0.0,0.5,22.405362,113.982339,1|7|31|21|16,0.0871|0.0745|0.0721|0.0662|0.0628,
unit_006778,HongKong,4,4,78.3,7,2.4153,0.0,0.0,0.5,22.505397,114.08507,7|3|13|31|22,0.1041|0.0924|0.0786|0.0749|0.0685,
unit_006779,HongKong,8,8,182.8,31,2.2843,0.0,0.0,0.5,22.505619,114.082591,31|10|22|14|2,0.1156|0.0992|0.0892|0.0325|0.0302,
unit_006780,HongKong,26,26,508.7,22,2.3362,0.0,0.0,0.5,22.505519,114.080437,22|21|31|10|7,0.1016|0.1009|0.0778|0.0777|0.0441,
unit_006781,HongKong,10,10,224.9,22,2.3282,0.0,0.0,0.5,22.507236,114.082742,22|31|10|7|21,0.1083|0.0995|0.0897|0.0658|0.0605,
unit_006782,HongKong,8,8,181.3,21,2.4753,0.0,0.0,0.5,22.507877,114.079384,21|22|27|2|23,0.1105|0.0942|0.0709|0.0708|0.0656,
unit_006783,HongKong,14,14,338.0,7,2.2539,0.0,0.0,0.5,22.527687,114.152436,7|3|13|1|31,0.1187|0.0606|0.0565|0.0467|0.0406,
unit_006784,HongKong,44,58,965.0,13,2.3986,7e-05,0.0,0.5,22.524303,114.152019,13|22|7|3|31,0.0983|0.0906|0.0826|0.0545|0.0366,
unit_006785,HongKong,8,8,180.5,22,2.4936,0.0,0.0,0.5,22.527977,114.154468,22|7|31|21|23,0.0920|0.0791|0.0652|0.0582|0.0551,
unit_006786,HongKong,28,28,563.9,22,2.318,0.0,0.0,0.5,22.526188,114.136111,22|13|3|23|31,0.1146|0.0798|0.0783|0.0714|0.0417,
unit_006787,HongKong,52,62,1195.1,22,2.2538,5e-05,0.0,0.5,22.529372,114.13901,22|13|7|31|21,0.1504|0.0791|0.0507|0.0339|0.0317,
unit_006788,HongKong,7,8,150.6,22,2.3465,0.0,0.12403,0.531,22.525522,114.138686,22|7|16|13|31,0.1330|0.0907|0.0730|0.0682|0.0583,
unit_006789,HongKong,7,8,150.6,22,2.2338,0.0,0.09883,0.5247,22.526609,114.139645,22|21|27|1|23,0.1775|0.0712|0.0466|0.0427|0.0400,
unit_006790,HongKong,8,11,175.7,22,2.2901,1e-05,0.07362,0.5184,22.527094,114.140744,22|31|16|23|1,0.1730|0.0919|0.0463|0.0345|0.0338,
unit_006791,HongKong,17,17,401.6,13,2.3608,3e-05,0.0,0.5,22.528621,114.145252,13|22|7|31|16,0.1121|0.0940|0.0774|0.0630|0.0548,
unit_006792,HongKong,9,16,200.8,22,2.3541,3e-05,0.0,0.5,22.531319,114.148192,22|13|7|3|16,0.0853|0.0832|0.0826|0.0667|0.0496,
unit_006793,HongKong,28,28,544.1,22,2.2379,0.0,0.0,0.5,22.532256,114.149884,22|23|27|13|1,0.1516|0.0592|0.0590|0.0561|0.0482,
unit_006794,HongKong,22,22,449.8,22,2.3337,0.0,0.0,0.5,22.52628,114.128154,22|31|3|18|16,0.1614|0.0711|0.0661|0.0647|0.0530,
unit_006795,HongKong,6,7,134.0,22,2.2079,0.0,0.07051,0.5176,22.524152,114.131688,22|21|16|23|27,0.1539|0.0898|0.0512|0.0436|0.0351,
unit_006797,HongKong,14,16,214.4,13,2.3662,0.0,0.14264,0.5356,22.525174,114.132977,13|10|31|2|16,0.0919|0.0677|0.0603|0.0588|0.0586,
unit_006798,HongKong,12,16,277.4,22,2.228,0.0,0.0,0.5,22.524176,114.131743,22|21|16|23|27,0.1540|0.0895|0.0520|0.0440|0.0354,
unit_006799,HongKong,28,28,520.0,16,2.4462,0.0,0.0,0.5,22.496962,114.146665,16|7|31|3|1,0.0944|0.0672|0.0618|0.0610|0.0498,
unit_006800,HongKong,8,8,183.7,22,2.3875,0.0,0.0,0.5,22.495174,114.14675,22|13|27|7|31,0.0944|0.0893|0.0760|0.0647|0.0310,
unit_006803,HongKong,8,8,179.2,31,2.4453,0.0,0.0,0.5,22.51792,114.123009,31|22|16|13|7,0.1046|0.0935|0.0892|0.0878|0.0670,
unit_006804,HongKong,36,36,730.1,22,2.464,0.0,0.0,0.5,22.516275,114.121869,22|13|23|2|10,0.1165|0.0598|0.0542|0.0443|0.0411,
unit_006805,HongKong,6,9,127.9,22,2.4472,3e-05,0.06189,0.5155,22.511305,114.078623,22|31|13|16|2,0.1070|0.0678|0.0647|0.0527|0.0480,
unit_006806,HongKong,8,8,181.3,21,2.4753,0.0,0.0,0.5,22.507877,114.079384,21|22|27|2|23,0.1105|0.0942|0.0709|0.0708|0.0656,
unit_006807,HongKong,5,8,104.0,22,2.4382,2e-05,0.06118,0.5153,22.511557,114.077126,22|3|21|10|31,0.1167|0.0738|0.0684|0.0474|0.0447,
unit_006808,HongKong,7,7,155.9,22,2.4533,0.0,0.0,0.5,22.513333,114.075627,22|3|31|7|13,0.1516|0.0822|0.0671|0.0568|0.0550,
unit_006810,HongKong,8,8,175.1,22,2.1564,0.0,0.0,0.5,22.515377,114.08102,22|3|7|13|23,0.1240|0.0661|0.0536|0.0445|0.0402,
unit_006811,HongKong,15,24,350.2,22,2.3927,5e-05,0.0,0.5,22.517597,114.084137,22|7|13|16|31,0.1714|0.0541|0.0520|0.0465|0.0448,
unit_006812,HongKong,8,8,175.1,22,2.314,0.0,0.0,0.5,22.519701,114.08757,22|3|31|23|16,0.1383|0.0692|0.0652|0.0493|0.0438,
unit_006813,HongKong,8,8,175.1,22,2.3099,0.0,0.0,0.5,22.520535,114.089326,22|21|16|7|3,0.1831|0.0508|0.0484|0.0474|0.0366,
unit_006814,HongKong,8,8,175.1,22,2.4809,0.0,0.0,0.5,22.521925,114.090795,22|3|31|1|23,0.1466|0.0586|0.0565|0.0542|0.0484,
unit_006815,HongKong,9,9,200.1,3,2.4462,0.0,0.0,0.5,22.523102,114.092519,3|22|1|31|13,0.1108|0.0980|0.0482|0.0443|0.0425,
unit_006816,HongKong,36,36,880.7,3,2.4618,0.0,0.0,0.5,22.399411,113.977817,3|1|31|7|27,0.0939|0.0910|0.0810|0.0754|0.0509,
unit_006817,HongKong,28,32,519.8,13,2.2854,1e-05,0.14228,0.5355,22.434059,114.016317,13|7|3|16|2,0.1133|0.0740|0.0590|0.0553|0.0399,
unit_006818,HongKong,8,8,177.1,21,2.4827,0.0,0.20992,0.5523,22.434879,114.0151,21|7|13|3|22,0.1207|0.0815|0.0772|0.0658|0.0588,
unit_006819,HongKong,42,46,872.5,13,2.3122,1e-05,0.09636,0.5241,22.433029,114.015606,13|7|21|31|22,0.1382|0.0903|0.0665|0.0348|0.0332,
unit_006820,HongKong,8,8,177.1,21,2.4827,0.0,0.20992,0.5523,22.434879,114.0151,21|7|13|3|22,0.1207|0.0815|0.0772|0.0658|0.0588,
unit_006821,HongKong,8,8,177.9,31,2.4123,0.0,0.0,0.5,22.441088,114.03684,31|27|21|7|1,0.0777|0.0755|0.0667|0.0619|0.0606,
unit_006822,HongKong,4,4,86.3,1,1.9258,0.0,0.0,0.5,22.44238,114.02934,1|23|7|16|31,0.1437|0.0566|0.0561|0.0448|0.0304,
unit_006823,HongKong,4,4,51.2,1,2.2294,0.0,0.0,0.5,22.442923,114.035571,1|31|3|16|27,0.1190|0.0697|0.0563|0.0534|0.0372,
unit_006824,HongKong,22,22,443.9,1,2.1205,0.0,0.0,0.5,22.445214,114.026722,1|23|7|16|13,0.1139|0.0447|0.0373|0.0311|0.0283,
unit_006825,HongKong,27,27,475.4,7,2.497,0.0,0.0,0.5,22.447497,114.020682,7|22|1|27|31,0.1249|0.0735|0.0629|0.0627|0.0546,
unit_006826,HongKong,8,13,179.3,1,2.4422,0.0,0.0,0.5,22.448248,114.024473,1|31|3|16|7,0.1176|0.0919|0.0821|0.0615|0.0460,
unit_006827,HongKong,14,14,239.8,21,2.4751,0.0,0.0,0.5,22.499139,114.078731,21|3|18|16|2,0.0986|0.0875|0.0679|0.0611|0.0501,
unit_006828,HongKong,14,16,333.1,31,2.3576,3e-05,0.0,0.5,22.504397,114.088226,31|16|22|10|7,0.1207|0.1003|0.0824|0.0659|0.0638,
unit_006829,HongKong,41,68,563.4,21,2.4174,1e-05,0.23643,0.5588,22.504764,114.091411,21|22|3|10|16,0.1371|0.1043|0.0582|0.0537|0.0461,
unit_006830,HongKong,14,14,320.8,21,2.4782,0.0,0.0,0.5,22.516245,114.071432,21|22|1|3|2,0.1099|0.0863|0.0753|0.0669|0.0558,
unit_006831,HongKong,17,18,412.4,22,2.3246,4e-05,0.0,0.5,22.457778,113.98345,22|13|31|7|3,0.1548|0.0627|0.0597|0.0556|0.0554,
unit_006832,HongKong,8,9,175.7,22,2.2823,1e-05,0.05773,0.5144,22.453005,113.980665,22|31|16|23|7,0.1390|0.0687|0.0647|0.0625|0.0523,
unit_006833,HongKong,13,18,300.4,13,2.2869,3e-05,0.0,0.5,22.454041,113.985971,13|7|31|16|3,0.1426|0.0702|0.0465|0.0388|0.0384,
unit_006834,HongKong,8,8,182.3,16,2.2541,0.0,0.0,0.5,22.459198,113.988356,16|31|22|7|21,0.1206|0.1106|0.0813|0.0719|0.0532,
unit_006835,HongKong,24,26,470.7,21,2.4046,0.0,0.05406,0.5135,22.459899,113.990041,21|3|1|31|13,0.1070|0.0931|0.0758|0.0638|0.0603,
unit_006836,HongKong,17,18,412.4,22,2.3246,4e-05,0.0,0.5,22.457778,113.98345,22|13|31|7|3,0.1548|0.0627|0.0597|0.0556|0.0554,
unit_006837,HongKong,20,20,379.7,18,2.3145,0.0,0.0,0.5,22.441742,113.985842,18|21|2|14|23,0.1191|0.0815|0.0614|0.0590|0.0549,
unit_006838,HongKong,14,14,303.6,18,2.3848,0.0,0.0,0.5,22.444708,113.984113,18|3|23|10|21,0.1458|0.0804|0.0648|0.0483|0.0443,
unit_006839,HongKong,20,22,463.0,18,2.3968,1e-05,0.0,0.5,22.444692,113.983587,18|3|23|10|21,0.1480|0.0741|0.0630|0.0513|0.0421,
unit_006840,HongKong,11,11,186.4,1,2.2837,0.0,0.0,0.5,22.464906,113.997482,1|21|3|31|13,0.1251|0.0824|0.0750|0.0482|0.0381,
unit_006841,HongKong,24,24,482.5,21,2.3275,0.0,0.09454,0.5236,22.440361,113.991655,21|7|1|3|16,0.0965|0.0905|0.0642|0.0579|0.0363,
unit_006842,HongKong,20,20,371.5,21,2.4565,0.0,0.09454,0.5236,22.438159,113.991707,21|3|7|13|1,0.0857|0.0819|0.0781|0.0623|0.0566,
unit_006843,HongKong,8,8,176.0,21,2.3798,0.0,0.0,0.5,22.442242,113.991646,21|13|16|7|2,0.0913|0.0889|0.0570|0.0552|0.0520,
unit_006844,HongKong,8,8,177.6,22,2.1902,0.0,0.0,0.5,22.440812,113.988998,22|13|3|7|16,0.0978|0.0935|0.0619|0.0426|0.0325,
unit_006845,HongKong,12,12,264.2,27,2.3841,0.0,0.0,0.5,22.469238,114.111204,27|31|13|23|22,0.0960|0.0777|0.0676|0.0620|0.0599,
unit_006846,HongKong,7,8,154.1,22,2.2833,1e-05,0.08156,0.5204,22.470221,114.108621,22|27|21|3|23,0.1144|0.0963|0.0901|0.0368|0.0321,
unit_006847,HongKong,7,8,154.1,22,2.2843,0.0,0.08156,0.5204,22.47167,114.108942,22|21|31|16|7,0.1428|0.0977|0.0741|0.0722|0.0625,
unit_006848,HongKong,8,8,179.8,22,2.2283,0.0,0.25334,0.563,22.473311,114.109797,22|21|27|23|16,0.1509|0.1296|0.0661|0.0460|0.0454,
unit_006849,HongKong,42,46,893.4,21,2.4698,6e-05,0.25334,0.563,22.475078,114.109876,21|7|22|13|3,0.0991|0.0762|0.0723|0.0618|0.0563,
unit_006850,HongKong,24,34,476.9,22,2.3923,4e-05,0.05873,0.5147,22.410458,114.027003,22|3|16|13|27,0.1436|0.0750|0.0721|0.0514|0.0489,
unit_006851,HongKong,30,30,635.9,13,2.2538,0.0,0.0,0.5,22.4109,114.02491,13|3|7|23|10,0.1312|0.0962|0.0608|0.0425|0.0418,
unit_006852,HongKong,24,24,503.7,7,2.5065,0.0,0.0,0.5,22.417982,114.01902,7|21|13|2|22,0.0899|0.0721|0.0678|0.0666|0.0636,
unit_006853,HongKong,7,9,154.6,22,2.366,2e-05,0.09368,0.5234,22.452581,113.974326,22|31|2|18|14,0.1249|0.0863|0.0753|0.0676|0.0559,
unit_006854,HongKong,34,50,716.2,22,2.3108,5e-05,0.09368,0.5234,22.452184,113.972937,22|21|13|7|3,0.1583|0.0522|0.0511|0.0394|0.0294,
unit_006855,HongKong,8,8,177.8,22,2.4149,0.0,0.0,0.5,22.526744,114.103483,22|27|31|3|16,0.1388|0.0810|0.0561|0.0519|0.0465,
unit_006856,HongKong,10,10,228.6,27,2.4019,0.0,0.0,0.5,22.524938,114.102174,27|10|22|13|21,0.0782|0.0714|0.0642|0.0624|0.0574,
unit_006857,HongKong,22,24,421.6,21,2.4725,0.0,0.05678,0.5142,22.428691,114.023333,21|7|13|22|3,0.1068|0.1054|0.0846|0.0735|0.0567,
unit_006858,HongKong,7,7,156.4,18,2.4774,0.0,0.13625,0.534,22.464541,114.149206,18|21|10|3|23,0.1100|0.0857|0.0645|0.0634|0.0559,
unit_006859,HongKong,10,10,192.4,1,2.4684,0.0,0.0,0.5,22.48197,114.137688,1|13|31|3|7,0.0882|0.0717|0.0677|0.0576|0.0519,
unit_006860,HongKong,32,44,657.2,31,2.4432,3e-05,0.0,0.5,22.482136,114.141187,31|21|7|1|16,0.1075|0.1013|0.0992|0.0838|0.0685,
unit_006861,HongKong,4,4,76.8,21,2.4018,0.0,0.0,0.5,22.485262,114.146523,21|31|3|22|18,0.1138|0.0817|0.0782|0.0723|0.0657,
unit_006862,HongKong,32,38,709.3,1,2.3505,4e-05,0.11769,0.5294,22.485271,114.139394,1|31|21|3|22,0.1082|0.1048|0.0926|0.0713|0.0496,
unit_006863,HongKong,24,24,477.6,21,2.5019,0.0,0.06673,0.5167,22.487361,114.139003,21|31|1|3|7,0.1081|0.0960|0.0808|0.0719|0.0702,
unit_006864,HongKong,28,28,514.3,1,2.361,0.0,0.16864,0.5421,22.482811,114.139581,1|3|21|2|7,0.1293|0.0587|0.0553|0.0489|0.0395,
unit_006865,HongKong,8,8,184.6,1,2.4609,0.0,0.0,0.5,22.487741,114.14203,1|7|31|21|27,0.1110|0.0728|0.0697|0.0525|0.0492,
unit_006866,HongKong,13,18,253.1,10,2.5036,3e-05,0.0,0.5,22.486315,114.149876,10|18|16|3|31,0.0887|0.0796|0.0724|0.0671|0.0487,
unit_006867,HongKong,8,8,179.3,21,2.4538,0.0,0.24537,0.561,22.484313,114.152691,21|31|16|7|2,0.1077|0.0997|0.0811|0.0757|0.0701,
unit_006868,HongKong,8,8,179.3,18,2.4529,0.0,0.24537,0.561,22.482688,114.15348,18|21|3|2|23,0.1081|0.0890|0.0695|0.0662|0.0543,
unit_006869,HongKong,7,7,151.2,3,2.4595,0.0,0.0,0.5,22.490365,114.139202,3|1|31|21|22,0.0980|0.0942|0.0844|0.0648|0.0496,
unit_006870,HongKong,8,8,176.3,31,2.448,0.0,0.0,0.5,22.491474,114.13771,31|22|23|1|10,0.1414|0.0653|0.0525|0.0519|0.0518,
unit_006871,HongKong,7,8,151.2,31,2.4558,0.0,0.08981,0.5224,22.491131,114.13593,31|1|16|27|13,0.1190|0.0737|0.0652|0.0616|0.0567,
unit_006872,HongKong,8,8,184.6,1,2.4609,0.0,0.0,0.5,22.487741,114.14203,1|7|31|21|27,0.1110|0.0728|0.0697|0.0525|0.0492,
unit_006873,HongKong,14,14,320.1,31,2.4534,0.0,0.10331,0.5258,22.491064,114.136006,31|1|16|27|13,0.1183|0.0734|0.0646|0.0614|0.0569,
unit_006876,HongKong,22,22,390.8,1,2.4885,0.0,0.0,0.5,22.493004,114.13955,1|7|31|27|2,0.1223|0.0774|0.0722|0.0692|0.0602,
unit_006877,HongKong,8,8,181.0,1,2.4108,0.0,0.0,0.5,22.491126,114.1421,1|31|3|7|16,0.1069|0.0941|0.0834|0.0592|0.0566,
unit_006878,HongKong,6,7,125.7,7,2.3155,1e-05,0.06087,0.5152,22.491857,114.146545,7|1|21|16|13,0.1304|0.0783|0.0781|0.0722|0.0544,
unit_006879,HongKong,5,8,100.6,7,2.4625,0.0,0.06087,0.5152,22.491629,114.145663,7|1|23|2|16,0.0588|0.0570|0.0546|0.0511|0.0489,
unit_006880,HongKong,6,6,86.4,21,2.4091,0.0,0.0,0.5,22.492759,114.136579,21|18|16|31|3,0.0983|0.0973|0.0908|0.0758|0.0457,
unit_006882,HongKong,7,7,157.8,7,2.5121,0.0,0.0,0.5,22.494208,114.145583,7|1|3|31|22,0.0852|0.0622|0.0525|0.0521|0.0489,
unit_006883,HongKong,5,5,106.0,31,2.448,0.0,0.0,0.5,22.491984,114.137201,31|22|23|1|10,0.1414|0.0653|0.0525|0.0519|0.0518,
unit_006884,HongKong,8,8,183.7,22,2.3875,0.0,0.0,0.5,22.495174,114.14675,22|13|27|7|31,0.0944|0.0893|0.0760|0.0647|0.0310,
unit_006885,HongKong,20,20,364.1,7,2.4218,0.0,0.07242,0.5181,22.496281,114.138154,7|21|31|13|1,0.1123|0.1031|0.0782|0.0643|0.0521,
unit_006886,HongKong,45,53,678.3,1,2.3972,0.0,0.08133,0.5203,22.496175,114.141917,1|3|21|31|16,0.0953|0.0864|0.0860|0.0724|0.0577,
unit_006888,HongKong,29,48,519.8,1,2.4848,6e-05,0.08133,0.5203,22.495627,114.142764,1|7|21|10|13,0.0958|0.0814|0.0640|0.0515|0.0513,
unit_006889,HongKong,37,37,600.0,1,2.2321,0.0,0.0,0.5,22.498921,114.144404,1|21|31|3|16,0.1026|0.1004|0.0686|0.0667|0.0644,
unit_006890,HongKong,45,45,949.4,21,2.4015,0.0,0.0,0.5,22.498074,114.140912,21|1|7|3|31,0.0997|0.0679|0.0645|0.0628|0.0601,
unit_006891,HongKong,8,8,180.2,21,2.4894,0.0,0.0,0.5,22.497771,114.138277,21|31|7|3|16,0.1019|0.0865|0.0818|0.0718|0.0644,
unit_006892,HongKong,7,7,158.0,7,2.3884,0.0,0.0,0.5,22.500835,114.137587,7|13|21|1|31,0.1017|0.0993|0.0686|0.0552|0.0498,
unit_006893,HongKong,8,8,185.8,7,2.3808,0.0,0.0,0.5,22.498328,114.146116,7|1|16|13|21,0.1042|0.0827|0.0573|0.0490|0.0481,
unit_006894,HongKong,7,7,150.4,13,2.2882,0.0,0.0,0.5,22.499973,114.151574,13|7|31|21|22,0.1377|0.1025|0.0700|0.0646|0.0493,
unit_006899,HongKong,34,34,569.0,1,2.4491,0.0,0.0,0.5,22.500467,114.142928,1|7|31|21|16,0.1179|0.0777|0.0604|0.0496|0.0494,
unit_006900,HongKong,7,7,158.4,1,2.4941,0.0,0.0,0.5,22.501488,114.133267,1|7|31|13|27,0.0797|0.0785|0.0597|0.0595|0.0490,
unit_006901,HongKong,8,8,183.2,22,2.4085,0.0,0.0,0.5,22.510395,114.147339,22|7|21|27|13,0.1455|0.0688|0.0542|0.0536|0.0517,
unit_006902,HongKong,26,26,460.3,31,2.384,0.0,0.06877,0.5172,22.429959,114.094879,31|7|16|13|3,0.1066|0.0996|0.0700|0.0684|0.0430,
unit_006903,HongKong,60,62,958.7,3,2.3624,2e-05,0.08381,0.5209,22.430155,114.093264,3|7|31|16|27,0.0957|0.0930|0.0873|0.0635|0.0483,
unit_006904,HongKong,6,6,127.0,31,2.3079,0.0,0.0,0.5,22.429603,114.100386,31|7|13|22|3,0.0766|0.0745|0.0605|0.0581|0.0452,
unit_006905,HongKong,8,8,177.9,13,2.3796,0.0,0.0,0.5,22.426671,114.102294,13|7|22|31|3,0.1508|0.0653|0.0574|0.0509|0.0507,
unit_006906,HongKong,46,48,763.9,31,2.4415,0.0,0.07327,0.5183,22.431117,114.094351,31|10|7|3|18,0.0933|0.0828|0.0812|0.0698|0.0527,
unit_006907,HongKong,16,16,219.1,22,2.474,0.0,0.0,0.5,22.431549,114.09069,22|10|7|3|31,0.1133|0.0821|0.0703|0.0582|0.0524,
unit_006908,HongKong,32,46,755.6,7,2.4679,0.00011,0.0,0.5,22.491601,114.123059,7|31|27|3|1,0.0876|0.0598|0.0559|0.0480|0.0469,
unit_006911,HongKong,8,8,183.7,18,2.5041,0.0,0.0,0.5,22.505086,114.12447,18|21|3|1|16,0.0940|0.0800|0.0779|0.0723|0.0630,
unit_006912,HongKong,13,13,218.8,3,2.4422,0.0,0.0,0.5,22.504484,114.122993,3|13|1|16|7,0.0746|0.0655|0.0652|0.0614|0.0525,
unit_006913,HongKong,12,12,201.9,1,2.4056,0.0,0.0,0.5,22.505495,114.120208,1|3|7|16|21,0.0888|0.0746|0.0665|0.0632|0.0531,
unit_006915,HongKong,6,6,128.6,18,2.5041,0.0,0.0,0.5,22.504637,114.124307,18|21|3|1|16,0.0940|0.0800|0.0779|0.0723|0.0630,
unit_006916,HongKong,8,8,184.8,21,2.3959,0.0,0.0,0.5,22.507994,114.123127,21|31|22|1|7,0.1148|0.0812|0.0713|0.0659|0.0652,
unit_006918,HongKong,10,10,205.7,21,2.3959,0.0,0.0,0.5,22.508088,114.123555,21|31|22|1|7,0.1148|0.0812|0.0713|0.0659|0.0652,
unit_006919,HongKong,7,7,156.7,7,2.3886,0.0,0.0,0.5,22.511905,114.123877,7|31|22|3|27,0.1168|0.0604|0.0571|0.0535|0.0416,
unit_006920,HongKong,30,30,535.9,10,2.5492,0.0,0.0,0.5,22.446577,114.039239,10|31|1|3|16,0.0811|0.0782|0.0766|0.0604|0.0588,
unit_006921,HongKong,3,3,50.5,1,2.3329,0.0,0.14886,0.5371,22.44731,114.035744,1|16|10|2|31,0.0898|0.0625|0.0588|0.0515|0.0451,
unit_006922,HongKong,8,8,176.9,21,2.4872,0.0,0.0,0.5,22.439809,114.03911,21|18|22|16|3,0.1375|0.0772|0.0743|0.0575|0.0483,
unit_006924,HongKong,7,7,151.6,18,2.5405,0.0,0.27117,0.5674,22.435266,114.034587,18|31|22|16|21,0.1060|0.0873|0.0652|0.0649|0.0635,
unit_006925,HongKong,38,59,700.9,1,2.5502,5e-05,0.0,0.5,22.364424,114.05492,1|18|3|31|2,0.0828|0.0809|0.0627|0.0564|0.0558,
unit_006926,HongKong,3,3,50.7,18,2.3878,0.0,0.0,0.5,22.359903,114.016761,18|3|23|21|16,0.0884|0.0670|0.0604|0.0583|0.0439,
unit_006927,HongKong,11,14,253.6,18,2.4079,0.0001,0.0,0.5,22.362785,114.014513,18|21|23|10|16,0.1552|0.0653|0.0511|0.0481|0.0472,
unit_006928,HongKong,18,20,430.0,16,2.3743,6e-05,0.06154,0.5154,22.355753,114.029704,16|18|10|27|31,0.0897|0.0787|0.0623|0.0524|0.0441,
unit_006929,HongKong,7,9,151.8,16,2.4072,0.0,0.06154,0.5154,22.35551,114.026869,16|18|31|22|3,0.1141|0.0844|0.0794|0.0565|0.0542,
unit_006930,HongKong,8,8,177.1,16,2.2278,0.0,0.0,0.5,22.355757,114.02381,16|31|18|3|22,0.0968|0.0758|0.0700|0.0606|0.0386,
unit_006931,HongKong,6,9,126.5,18,2.4159,1e-05,0.0,0.5,22.356235,114.021817,18|16|27|22|23,0.1164|0.1109|0.0795|0.0602|0.0432,
unit_006932,HongKong,16,16,303.9,1,2.4341,0.0,0.10507,0.5262,22.361066,114.04325,1|3|16|18|2,0.0786|0.0600|0.0512|0.0484|0.0410,
unit_006933,HongKong,8,8,177.6,16,2.4931,0.0,0.0,0.5,22.357837,114.035856,16|31|10|3|22,0.1000|0.0887|0.0851|0.0557|0.0522,
unit_006934,HongKong,8,8,177.6,18,2.4976,0.0,0.0,0.5,22.359554,114.040234,18|23|21|16|31,0.0955|0.0851|0.0832|0.0683|0.0643,
unit_006935,HongKong,16,20,351.0,16,2.5064,6e-05,0.0,0.5,22.443134,114.012239,16|31|18|1|3,0.1017|0.0871|0.0638|0.0611|0.0589,
unit_006936,HongKong,18,18,351.7,21,2.4485,0.0,0.24046,0.5598,22.355369,114.117733,21|2|7|16|31,0.1115|0.0802|0.0794|0.0702|0.0581,
unit_006937,HongKong,13,13,215.8,23,2.4463,0.0,0.0,0.5,22.35718,114.118398,23|1|13|7|2,0.0959|0.0772|0.0632|0.0560|0.0524,
unit_006938,HongKong,8,8,175.1,27,2.4992,0.0,0.09076,0.5227,22.357129,114.115009,27|21|2|1|13,0.0756|0.0661|0.0629|0.0617|0.0613,
unit_006939,HongKong,8,8,175.1,21,2.534,0.0,0.09076,0.5227,22.358851,114.114625,21|2|1|7|27,0.1275|0.0785|0.0679|0.0605|0.0542,
unit_006940,HongKong,8,8,177.7,1,2.3679,0.0,0.0,0.5,22.364758,114.113237,1|21|3|10|7,0.1090|0.1029|0.0553|0.0508|0.0390,
unit_006941,HongKong,14,14,281.8,18,2.3498,0.0,0.0,0.5,22.364841,114.11485,18|1|31|16|21,0.1108|0.1085|0.0557|0.0548|0.0489,
unit_006942,HongKong,4,4,76.2,1,2.3505,0.0,0.0,0.5,22.362918,114.117818,1|2|31|3|16,0.0957|0.0770|0.0764|0.0622|0.0621,
unit_006943,HongKong,8,8,177.8,18,2.4403,0.0,0.0,0.5,22.361472,114.118916,18|21|14|2|1,0.0781|0.0678|0.0607|0.0597|0.0565,
unit_006944,HongKong,27,27,362.9,1,2.2906,0.0,0.0,0.5,22.366664,114.116071,1|7|21|16|23,0.1102|0.0733|0.0686|0.0371|0.0357,
unit_006945,HongKong,7,7,153.5,18,2.317,0.0,0.0,0.5,22.366513,114.112954,18|1|2|21|31,0.1277|0.0724|0.0524|0.0505|0.0460,
unit_006947,HongKong,40,46,898.9,31,2.5289,7e-05,0.0,0.5,22.371714,114.129897,31|1|27|10|16,0.0893|0.0885|0.0727|0.0692|0.0661,
unit_006950,HongKong,8,10,178.2,18,2.5212,1e-05,0.05425,0.5136,22.371168,114.108026,18|1|2|31|13,0.0949|0.0829|0.0796|0.0702|0.0683,
unit_006951,HongKong,9,16,203.7,18,2.3878,0.0,0.0,0.5,22.369201,114.110113,18|1|31|21|16,0.1382|0.0984|0.0679|0.0631|0.0422,
unit_006952,HongKong,7,7,151.0,1,2.2273,0.0,0.0,0.5,22.373207,114.107912,1|16|7|2|21,0.0945|0.0791|0.0777|0.0442|0.0390,
unit_006953,HongKong,6,6,127.7,3,2.4786,0.0,0.05526,0.5138,22.37543,114.11986,3|21|22|16|10,0.0806|0.0782|0.0568|0.0551|0.0516,
unit_006954,HongKong,5,6,102.2,21,2.5056,0.0,0.05526,0.5138,22.375694,114.121094,21|31|18|16|1,0.1233|0.0696|0.0682|0.0632|0.0579,
unit_006955,HongKong,8,8,176.3,1,2.329,0.0,0.0,0.5,22.375521,114.109864,1|16|13|31|14,0.0796|0.0771|0.0584|0.0525|0.0432,
unit_006956,HongKong,4,5,75.9,1,2.4589,0.0,0.0,0.5,22.376772,114.107031,1|14|31|16|10,0.0966|0.0632|0.0584|0.0583|0.0523,
unit_006957,HongKong,10,10,203.0,31,2.5144,0.0,0.0,0.5,22.377274,114.103301,31|1|23|27|3,0.0914|0.0675|0.0587|0.0562|0.0526,
unit_006959,HongKong,22,22,379.4,7,2.4854,0.0,0.0,0.5,22.358073,114.119716,7|16|1|31|21,0.0793|0.0766|0.0709|0.0672|0.0602,
unit_006960,HongKong,24,24,361.0,1,2.2849,0.0,0.15307,0.5382,22.357413,114.124053,1|7|16|21|10,0.1305|0.0726|0.0678|0.0538|0.0523,
unit_006961,HongKong,20,20,371.7,31,2.4956,0.0,0.0,0.5,22.366344,114.124348,31|10|1|27|2,0.0924|0.0825|0.0653|0.0616|0.0594,
unit_006962,HongKong,34,34,631.7,21,2.524,0.0,0.0,0.5,22.367254,114.126348,21|1|31|7|10,0.0867|0.0761|0.0672|0.0589|0.0448,
unit_006963,HongKong,28,28,436.2,21,2.4042,0.0,0.0,0.5,22.367903,114.128928,21|1|2|10|31,0.1034|0.1033|0.0454|0.0452|0.0443,
unit_006964,HongKong,46,64,932.3,22,2.3511,3e-05,0.10111,0.5252,22.497687,114.112,22|13|21|7|31,0.0953|0.0935|0.0631|0.0507|0.0321,
unit_006965,HongKong,9,16,203.8,22,2.3812,3e-05,0.07967,0.5199,22.495441,114.110131,22|7|31|13|3,0.1220|0.0840|0.0805|0.0553|0.0503,
unit_006966,HongKong,8,9,178.3,22,2.3838,0.0,0.07967,0.5199,22.496459,114.108844,22|13|21|7|27,0.1187|0.0847|0.0772|0.0664|0.0625,
unit_006967,HongKong,36,36,683.0,22,2.3598,0.0,0.0,0.5,22.498564,114.108338,22|31|16|13|7,0.1681|0.0930|0.0599|0.0589|0.0541,
unit_006968,HongKong,27,27,481.2,1,2.4929,0.0,0.06922,0.5173,22.364403,114.139072,1|27|31|10|2,0.1050|0.0843|0.0824|0.0551|0.0491,
unit_006969,HongKong,8,8,176.2,27,2.5462,0.0,0.0,0.5,22.364237,114.14082,27|1|31|16|7,0.1019|0.0803|0.0607|0.0504|0.0500,
unit_006970,HongKong,8,8,176.2,27,2.5462,0.0,0.0,0.5,22.364237,114.14082,27|1|31|16|7,0.1019|0.0803|0.0607|0.0504|0.0500,
unit_006971,HongKong,10,10,155.6,1,2.4394,0.0,0.0,0.5,22.367441,114.141362,1|21|27|7|16,0.0996|0.0969|0.0898|0.0575|0.0476,
unit_006972,HongKong,8,8,181.5,1,2.5278,0.0,0.06922,0.5173,22.365532,114.139701,1|7|31|2|27,0.1051|0.0850|0.0618|0.0518|0.0463,
unit_006973,HongKong,17,17,349.4,27,2.4868,0.0,0.0,0.5,22.371735,114.139936,27|1|10|21|7,0.0987|0.0779|0.0649|0.0574|0.0537,
unit_006974,HongKong,41,47,722.4,21,2.5234,0.0001,0.20052,0.5499,22.522513,114.122116,21|3|22|13|2,0.0987|0.0736|0.0647|0.0645|0.0635,
unit_006975,HongKong,8,8,183.4,16,2.3844,0.0,0.20052,0.55,22.520973,114.123324,16|21|22|7|13,0.1214|0.1189|0.0883|0.0779|0.0532,
unit_006976,HongKong,26,32,521.6,7,2.3828,0.0,0.0688,0.5172,22.525494,114.119693,7|3|13|22|31,0.0975|0.0665|0.0658|0.0558|0.0349,
unit_006977,HongKong,10,10,205.0,27,2.471,0.0,0.0,0.5,22.52577,114.114958,27|16|31|22|7,0.0992|0.0861|0.0684|0.0643|0.0635,
unit_006978,HongKong,6,8,128.6,22,2.3354,1e-05,0.0688,0.5172,22.525432,114.120875,22|31|16|7|13,0.1015|0.0882|0.0756|0.0593|0.0477,
unit_006979,HongKong,21,21,382.9,3,2.5083,0.0,0.13379,0.5334,22.535922,114.131138,3|16|31|21|7,0.0719|0.0670|0.0664|0.0559|0.0510,
unit_006980,HongKong,8,8,175.9,22,2.3713,0.0,0.0,0.5,22.503095,114.076993,22|31|16|7|10,0.1183|0.1029|0.0790|0.0536|0.0457,
unit_006981,HongKong,14,16,326.6,22,2.4017,5e-05,0.0,0.5,22.501701,114.073087,22|7|21|10|31,0.1274|0.0682|0.0677|0.0612|0.0519,
unit_006982,HongKong,9,9,201.0,22,2.427,0.0,0.0,0.5,22.497903,114.070879,22|31|10|21|7,0.1244|0.0871|0.0840|0.0581|0.0474,
unit_006983,HongKong,36,36,574.3,21,2.4392,0.0,0.0,0.5,22.451713,114.027399,21|31|1|3|16,0.1058|0.0917|0.0825|0.0757|0.0596,
unit_006984,HongKong,11,11,183.1,16,2.3173,0.0,0.0,0.5,22.452237,114.030464,16|31|7|21|2,0.1024|0.0884|0.0816|0.0514|0.0498,
unit_006985,HongKong,3,3,51.6,16,2.3173,0.0,0.0,0.5,22.452649,114.031056,16|31|7|21|2,0.1024|0.0884|0.0816|0.0514|0.0498,
unit_006986,HongKong,14,14,309.4,13,2.4595,0.0,0.0,0.5,22.454044,114.032298,13|7|16|21|31,0.0931|0.0810|0.0734|0.0631|0.0587,
unit_006987,HongKong,6,7,129.3,3,2.4478,0.0,0.06631,0.5166,22.454539,114.03101,3|13|7|10|1,0.0789|0.0685|0.0496|0.0463|0.0443,
unit_006988,HongKong,6,8,129.3,22,2.4323,0.0,0.06631,0.5166,22.455555,114.031968,22|31|3|7|21,0.0884|0.0752|0.0571|0.0556|0.0555,
unit_006989,HongKong,90,90,1597.1,21,2.32,0.0,0.17562,0.5438,22.452901,114.024558,21|16|1|3|7,0.1341|0.0911|0.0573|0.0524|0.0400,
unit_006990,HongKong,44,44,760.2,7,2.2603,0.0,0.0,0.5,22.453942,114.028241,7|1|3|31|23,0.1468|0.0832|0.0553|0.0536|0.0473,
unit_006991,HongKong,3,3,51.6,16,2.3173,0.0,0.0,0.5,22.452649,114.031056,16|31|7|21|2,0.1024|0.0884|0.0816|0.0514|0.0498,
unit_006992,HongKong,8,8,180.4,21,2.3768,0.0,0.0,0.5,22.457108,114.029641,21|7|13|3|16,0.1026|0.0709|0.0585|0.0441|0.0405,
unit_006993,HongKong,9,16,206.2,21,2.4285,2e-05,0.0,0.5,22.459071,114.028644,21|13|7|31|16,0.1064|0.0868|0.0613|0.0524|0.0436,
unit_006994,HongKong,22,22,437.0,7,2.4612,0.0,0.0,0.5,22.458368,114.023544,7|3|16|31|13,0.0830|0.0771|0.0661|0.0529|0.0501,
unit_006995,HongKong,24,24,485.4,13,2.3113,0.0,0.0,0.5,22.45592,114.024072,13|21|7|3|16,0.1020|0.0827|0.0760|0.0694|0.0492,
unit_006996,HongKong,26,26,538.1,7,2.4173,0.0,0.0,0.5,22.46084,114.024901,7|21|31|13|22,0.0980|0.0949|0.0817|0.0759|0.0551,
unit_006997,HongKong,24,24,497.1,7,2.4674,0.0,0.0,0.5,22.461369,114.026846,7|21|3|31|16,0.0983|0.0934|0.0890|0.0644|0.0564,
unit_006998,HongKong,9,16,206.2,21,2.4285,2e-05,0.0,0.5,22.459071,114.028644,21|13|7|31|16,0.1064|0.0868|0.0613|0.0524|0.0436,
unit_006999,HongKong,8,8,180.4,21,2.3768,0.0,0.0,0.5,22.457108,114.029641,21|7|13|3|16,0.1026|0.0709|0.0585|0.0441|0.0405,
unit_007000,HongKong,8,8,175.6,21,2.4691,0.0,0.0,0.5,22.459987,114.030465,21|13|7|16|3,0.0848|0.0809|0.0570|0.0493|0.0426,
unit_007001,HongKong,16,16,389.3,7,2.4117,1e-05,0.0,0.5,22.462932,114.02826,7|13|21|31|3,0.1039|0.0846|0.0740|0.0649|0.0627,
unit_007002,HongKong,26,46,529.6,21,2.3886,4e-05,0.0,0.5,22.465666,114.026737,21|13|7|3|31,0.1247|0.0842|0.0835|0.0724|0.0622,
unit_007003,HongKong,48,70,966.8,22,2.4389,7e-05,0.09795,0.5245,22.461274,114.015744,22|16|27|31|23,0.1337|0.0679|0.0646|0.0591|0.0386,
unit_007004,HongKong,30,56,434.5,7,2.3754,1e-05,0.09795,0.5245,22.461943,114.015539,7|13|3|27|22,0.1195|0.0932|0.0789|0.0614|0.0540,
unit_007005,HongKong,7,7,155.3,21,2.3904,0.0,0.09881,0.5247,22.464776,114.024817,21|1|3|13|7,0.0880|0.0642|0.0634|0.0540|0.0474,
unit_007008,HongKong,7,7,155.3,21,2.3904,0.0,0.09881,0.5247,22.464776,114.024817,21|1|3|13|7,0.0880|0.0642|0.0634|0.0540|0.0474,
unit_007009,HongKong,16,16,389.3,7,2.4117,1e-05,0.0,0.5,22.462932,114.02826,7|13|21|31|3,0.1039|0.0846|0.0740|0.0649|0.0627,
unit_007010,HongKong,38,40,712.3,7,2.3932,0.0,0.0618,0.5154,22.424496,114.032189,7|21|3|1|31,0.1116|0.0843|0.0808|0.0637|0.0568,
unit_007011,HongKong,18,18,330.2,13,2.2708,0.0,0.0,0.5,22.434047,114.011484,13|7|31|21|27,0.1210|0.1091|0.0581|0.0549|0.0367,
unit_007012,HongKong,12,12,232.1,18,2.4505,0.0,0.0,0.5,22.435448,114.004705,18|16|21|3|31,0.1126|0.0947|0.0599|0.0574|0.0531,
unit_007013,HongKong,4,4,76.4,13,2.1663,0.0,0.0,0.5,22.436767,114.007557,13|7|22|31|21,0.1070|0.0903|0.0572|0.0413|0.0356,
unit_007014,HongKong,8,8,178.3,16,2.3244,0.0,0.0,0.5,22.437794,114.011553,16|18|14|10|13,0.0917|0.0909|0.0544|0.0511|0.0414,
unit_007015,HongKong,10,10,197.8,13,2.2031,0.0,0.0,0.5,22.437104,114.036167,13|7|22|31|1,0.1392|0.0856|0.0643|0.0555|0.0348,
unit_007016,HongKong,7,9,108.9,2,2.4588,0.0,0.05464,0.5137,22.43753,114.015375,2|18|14|21|31,0.1209|0.0711|0.0694|0.0661|0.0570,
unit_007017,HongKong,8,8,181.3,2,2.4555,0.0,0.0,0.5,22.43763,114.015666,2|18|14|21|31,0.1210|0.0701|0.0693|0.0649|0.0563,
unit_007018,HongKong,7,7,156.9,21,2.5017,0.0,0.0,0.5,22.440731,114.016124,21|18|2|27|7,0.1043|0.0731|0.0626|0.0480|0.0478,
unit_007019,HongKong,19,25,418.4,21,2.5397,9e-05,0.05464,0.5136,22.438531,114.015796,21|18|2|31|10,0.0963|0.0885|0.0721|0.0708|0.0695,
unit_007020,HongKong,31,31,541.1,16,2.2051,0.0,0.0,0.5,22.438082,114.00465,16|21|31|7|3,0.1043|0.0914|0.0835|0.0730|0.0450,
unit_007021,HongKong,46,46,887.1,31,2.3693,0.0,0.0,0.5,22.440813,114.005309,31|16|7|3|1,0.0977|0.0761|0.0625|0.0617|0.0519,
unit_007022,HongKong,7,7,154.0,16,2.2051,0.0,0.0,0.5,22.438864,114.00462,16|21|31|7|3,0.1043|0.0914|0.0835|0.0730|0.0450,
unit_007023,HongKong,7,7,155.9,21,2.5017,0.0,0.0,0.5,22.440674,114.016242,21|18|2|27|7,0.1043|0.0731|0.0626|0.0480|0.0478,
unit_007025,HongKong,10,14,228.5,7,2.2203,1e-05,0.13143,0.5328,22.441746,114.00856,7|3|1|31|27,0.1233|0.0663|0.0621|0.0511|0.0374,
unit_007026,HongKong,19,19,303.1,1,2.4288,0.0,0.0,0.5,22.442718,114.022173,1|7|3|10|2,0.0842|0.0709|0.0604|0.0500|0.0466,
unit_007027,HongKong,8,8,183.8,31,2.4981,0.0,0.0,0.5,22.44724,114.012883,31|16|18|22|2,0.1026|0.0979|0.0940|0.0553|0.0516,
unit_007028,HongKong,5,5,105.0,22,2.3674,0.0,0.0,0.5,22.448079,114.011348,22|31|7|16|13,0.1057|0.0679|0.0542|0.0468|0.0465,
unit_007029,HongKong,3,3,52.9,1,2.433,0.0,0.0,0.5,22.447812,114.023951,1|31|3|16|7,0.1148|0.0908|0.0818|0.0554|0.0444,
unit_007030,HongKong,8,13,179.3,1,2.4422,0.0,0.0,0.5,22.448248,114.024473,1|31|3|16|7,0.1176|0.0919|0.0821|0.0615|0.0460,
unit_007031,HongKong,43,43,728.3,16,2.3379,0.0,0.0,0.5,22.449377,114.020914,16|31|22|21|18,0.1255|0.1043|0.0709|0.0643|0.0557,
unit_007032,HongKong,8,8,176.2,21,2.5143,0.0,0.0,0.5,22.450379,114.009288,21|7|18|27|22,0.0838|0.0831|0.0813|0.0708|0.0692,
unit_007033,HongKong,8,8,175.5,21,2.5143,0.0,0.0,0.5,22.450426,114.009363,21|7|18|27|22,0.0838|0.0831|0.0813|0.0708|0.0692,
unit_007035,HongKong,8,8,184.6,10,2.4282,0.0,0.09641,0.5241,22.350986,114.097788,10|18|21|1|31,0.0942|0.0880|0.0839|0.0687|0.0637,
unit_007036,HongKong,7,7,155.3,2,2.5464,0.0,0.0,0.5,22.353253,114.098786,2|1|21|27|7,0.0754|0.0695|0.0695|0.0595|0.0566,
unit_007037,HongKong,37,37,734.9,21,2.4892,0.0,0.0,0.5,22.357385,114.101586,21|3|1|31|18,0.0949|0.0872|0.0830|0.0698|0.0630,
unit_007038,HongKong,8,8,176.8,21,2.5348,0.0,0.0,0.5,22.354222,114.097475,21|1|7|31|16,0.1245|0.0853|0.0713|0.0706|0.0642,
unit_007039,HongKong,8,8,178.7,31,2.5181,0.0,0.0,0.5,22.357677,114.095351,31|22|16|27|1,0.0977|0.0883|0.0819|0.0793|0.0517,
unit_007040,HongKong,10,10,228.2,18,2.3338,0.0,0.0,0.5,22.352052,114.086227,18|2|21|14|3,0.1532|0.0746|0.0644|0.0579|0.0399,
unit_007041,HongKong,13,22,307.1,18,2.4864,6e-05,0.0,0.5,22.356415,114.083936,18|21|3|16|27,0.1022|0.0779|0.0737|0.0634|0.0546,
unit_007042,HongKong,8,8,179.1,18,2.3338,0.0,0.0,0.5,22.351956,114.086542,18|2|21|14|3,0.1532|0.0746|0.0644|0.0579|0.0399,
unit_007044,HongKong,26,26,445.5,7,2.3277,0.0,0.0,0.5,22.363577,114.046174,7|22|3|27|23,0.0774|0.0753|0.0635|0.0592|0.0517,
unit_007047,HongKong,17,17,353.2,16,2.4251,0.0,0.0,0.5,22.36595,114.069122,16|18|10|23|27,0.1242|0.0887|0.0473|0.0403|0.0360,
unit_007048,HongKong,9,13,202.3,18,2.426,1e-05,0.0,0.5,22.367093,114.070942,18|16|23|21|14,0.1073|0.0762|0.0724|0.0639|0.0552,
unit_007049,HongKong,5,7,101.1,18,2.4146,7e-05,0.0,0.5,22.370417,114.074359,18|2|14|23|16,0.1446|0.0847|0.0624|0.0489|0.0455,
unit_007050,HongKong,11,16,251.7,18,2.422,1e-05,0.0,0.5,22.366992,114.071164,18|16|23|21|14,0.1064|0.0754|0.0731|0.0639|0.0546,
unit_007051,HongKong,14,25,327.3,18,2.4015,7e-05,0.0,0.5,22.371402,114.074611,18|2|16|14|23,0.1395|0.0725|0.0583|0.0566|0.0442,
unit_007052,HongKong,9,9,209.8,31,2.4446,0.0,0.0,0.5,22.367204,114.01155,31|22|16|7|21,0.1210|0.0879|0.0723|0.0663|0.0648,
unit_007053,HongKong,11,16,250.6,18,2.4222,1e-05,0.0,0.5,22.366862,114.071265,18|16|23|21|14,0.1064|0.0754|0.0730|0.0639|0.0546,
unit_007054,HongKong,8,8,175.5,16,2.4251,0.0,0.0,0.5,22.365764,114.069275,16|18|10|23|27,0.1242|0.0887|0.0473|0.0403|0.0360,
unit_007055,HongKong,16,16,383.4,18,2.4348,0.0,0.0,0.5,22.367736,114.058173,18|16|31|1|23,0.1228|0.0720|0.0635|0.0603|0.0554,
unit_007056,HongKong,4,4,76.2,27,2.4173,0.0,0.0,0.5,22.369094,114.062141,27|16|2|23|14,0.1355|0.0794|0.0500|0.0496|0.0473,
unit_007057,HongKong,3,3,52.2,27,2.4173,0.0,0.0,0.5,22.369013,114.062221,27|16|2|23|14,0.1355|0.0794|0.0500|0.0496|0.0473,
unit_007059,HongKong,20,20,313.8,27,2.4485,0.0,0.0,0.5,22.378111,114.130834,27|22|23|2|31,0.1252|0.0995|0.0546|0.0537|0.0507,
unit_007060,HongKong,7,7,153.1,1,2.3949,0.0,0.0,0.5,22.374244,114.136379,1|21|3|23|13,0.0906|0.0816|0.0585|0.0431|0.0403,
unit_007061,HongKong,7,7,153.1,1,2.3949,0.0,0.0,0.5,22.374244,114.136379,1|21|3|23|13,0.0906|0.0816|0.0585|0.0431|0.0403,
unit_007063,HongKong,12,12,257.7,16,2.3601,0.0,0.23538,0.5586,22.381401,114.135214,16|18|23|2|31,0.0890|0.0814|0.0690|0.0668|0.0660,
unit_007064,HongKong,14,14,310.9,1,2.4719,0.0,0.0,0.5,22.364085,114.13633,1|27|21|13|7,0.1023|0.0843|0.0740|0.0653|0.0628,
unit_007065,HongKong,17,17,343.8,1,2.325,0.0,0.0,0.5,22.366796,114.136745,1|16|7|21|23,0.1109|0.0706|0.0634|0.0371|0.0303,
unit_007066,HongKong,8,10,151.3,27,2.4513,0.0,0.0,0.5,22.353469,114.132281,27|21|3|22|1,0.1106|0.1017|0.0591|0.0525|0.0407,
unit_007070,HongKong,5,5,104.1,21,2.5512,0.0,0.0,0.5,22.352955,114.128759,21|1|22|31|10,0.0933|0.0799|0.0678|0.0585|0.0546,
unit_007071,HongKong,11,11,141.8,21,2.4042,0.0,0.0,0.5,22.368181,114.129684,21|1|2|10|31,0.1034|0.1033|0.0454|0.0452|0.0443,
unit_007073,HongKong,36,36,582.1,1,2.3299,0.0,0.0881,0.522,22.369184,114.130038,1|31|16|7|2,0.1388|0.0685|0.0612|0.0347|0.0341,
unit_007076,HongKong,8,8,175.1,31,2.544,0.0,0.0,0.5,22.364135,114.129452,31|27|1|16|10,0.0892|0.0842|0.0818|0.0599|0.0593,
unit_007077,HongKong,8,8,184.6,27,2.3268,0.0,0.0,0.5,22.360446,114.120815,27|21|1|16|3,0.1165|0.0731|0.0619|0.0415|0.0324,
unit_007078,HongKong,8,8,181.6,1,2.5331,0.0,0.0,0.5,22.363215,114.125082,1|27|31|16|22,0.0951|0.0848|0.0632|0.0603|0.0556,
unit_007079,HongKong,8,8,184.6,27,2.3268,0.0,0.0,0.5,22.360446,114.120815,27|21|1|16|3,0.1165|0.0731|0.0619|0.0415|0.0324,
unit_007080,HongKong,8,8,178.7,16,2.4872,0.0,0.0,0.5,22.362249,114.127215,16|31|7|1|13,0.1058|0.0987|0.0775|0.0618|0.0609,
unit_007081,HongKong,8,8,178.7,1,2.4251,0.0,0.0,0.5,22.361009,114.125029,1|7|31|10|16,0.0945|0.0775|0.0744|0.0709|0.0708,
unit_007083,HongKong,8,8,175.1,31,2.544,0.0,0.0,0.5,22.364135,114.129452,31|27|1|16|10,0.0892|0.0842|0.0818|0.0599|0.0593,
unit_007084,HongKong,7,7,162.4,1,2.4392,0.0,0.0,0.5,22.359069,114.124364,1|31|7|13|21,0.0850|0.0849|0.0731|0.0646|0.0615,
unit_007085,HongKong,7,7,162.4,1,2.4392,0.0,0.0,0.5,22.359069,114.124364,1|31|7|13|21,0.0850|0.0849|0.0731|0.0646|0.0615,
unit_007086,HongKong,16,18,331.9,18,2.4462,0.0,0.14795,0.5369,22.361404,114.118658,18|21|14|2|1,0.0776|0.0687|0.0604|0.0598|0.0583,
unit_007087,HongKong,9,9,158.8,21,2.4887,0.0,0.0,0.5,22.352134,114.124666,21|2|3|1|22,0.0843|0.0798|0.0723|0.0655|0.0576,
unit_007089,HongKong,5,5,103.5,1,2.5478,0.0,0.0,0.5,22.354414,114.123497,1|3|16|18|31,0.0840|0.0735|0.0690|0.0594|0.0554,
unit_007090,HongKong,4,4,75.2,27,2.4061,0.0,0.0,0.5,22.351784,114.131832,27|2|23|10|31,0.1323|0.0692|0.0600|0.0562|0.0469,
unit_007091,HongKong,6,6,126.7,27,2.4415,0.0,0.0,0.5,22.352569,114.129907,27|21|22|18|10,0.1153|0.0960|0.0779|0.0759|0.0541,
unit_007092,HongKong,8,13,181.5,18,2.3635,2e-05,0.0,0.5,22.355035,114.083621,18|21|10|3|23,0.1210|0.0707|0.0500|0.0478|0.0450,
unit_007093,HongKong,16,17,382.0,16,2.5218,2e-05,0.0,0.5,22.362163,114.050487,16|31|18|2|21,0.0858|0.0794|0.0777|0.0486|0.0484,
unit_007094,HongKong,8,8,137.1,18,2.4932,0.0,0.0,0.5,22.364368,114.069556,18|10|16|31|21,0.1004|0.0923|0.0585|0.0527|0.0510,
unit_007096,HongKong,7,7,152.8,18,2.4087,0.0,0.0,0.5,22.363775,114.066599,18|31|16|10|22,0.1235|0.0594|0.0571|0.0562|0.0490,
unit_007097,HongKong,12,17,280.2,27,2.5231,8e-05,0.0,0.5,22.365447,114.064608,27|18|21|22|16,0.0945|0.0820|0.0797|0.0731|0.0722,
unit_007098,HongKong,10,12,217.4,7,2.39,0.0,0.0,0.5,22.365149,114.063972,7|21|31|13|27,0.1041|0.0975|0.0904|0.0546|0.0514,
unit_007099,HongKong,8,8,175.5,1,2.4003,0.0,0.0,0.5,22.36655,114.058596,1|7|21|31|16,0.1247|0.0638|0.0592|0.0525|0.0521,
unit_007100,HongKong,65,84,1193.3,18,2.4459,3e-05,0.0,0.5,22.369475,114.077708,18|10|16|2|1,0.1316|0.0566|0.0479|0.0458|0.0422,
unit_007101,HongKong,15,18,309.3,27,2.5123,8e-05,0.12049,0.5301,22.365742,114.064488,27|18|16|21|22,0.0990|0.0801|0.0772|0.0765|0.0709,
unit_007102,HongKong,8,8,180.4,18,2.4087,0.0,0.0,0.5,22.363883,114.066597,18|31|16|10|22,0.1235|0.0594|0.0571|0.0562|0.0490,
unit_007103,HongKong,3,3,51.6,18,2.4932,0.0,0.0,0.5,22.363891,114.068672,18|10|16|31|21,0.1004|0.0923|0.0585|0.0527|0.0510,
unit_007104,HongKong,8,8,188.4,7,2.4652,0.0,0.0,0.5,22.369445,114.059257,7|13|22|10|27,0.0867|0.0847|0.0506|0.0480|0.0471,
unit_007105,HongKong,8,8,175.5,16,2.4757,0.0,0.0,0.5,22.368714,114.083783,16|31|27|7|21,0.1259|0.0758|0.0709|0.0677|0.0597,
unit_007106,HongKong,8,8,175.5,27,2.4047,0.0,0.0,0.5,22.370337,114.080826,27|16|18|10|31,0.1090|0.0957|0.0822|0.0395|0.0382,
unit_007107,HongKong,7,7,153.8,16,2.4886,0.0,0.0,0.5,22.368181,114.094082,16|18|27|31|1,0.0896|0.0694|0.0629|0.0623|0.0614,
unit_007108,HongKong,26,26,490.6,27,2.4173,0.0,0.0,0.5,22.369436,114.062371,27|16|2|23|14,0.1355|0.0794|0.0500|0.0496|0.0473,
unit_007109,HongKong,8,8,175.5,18,2.4348,0.0,0.0,0.5,22.367426,114.057805,18|16|31|1|23,0.1228|0.0720|0.0635|0.0603|0.0554,
unit_007110,HongKong,8,8,175.5,16,2.4353,0.0,0.0,0.5,22.366934,114.055615,16|18|27|13|31,0.1137|0.0843|0.0596|0.0562|0.0556,
unit_007111,HongKong,8,8,175.5,16,2.3667,0.0,0.0,0.5,22.36565,114.051569,16|18|14|23|13,0.1228|0.0796|0.0750|0.0567|0.0486,
unit_007112,HongKong,8,10,175.5,21,2.4692,0.0,0.0,0.5,22.365652,114.047335,21|22|16|31|7,0.1059|0.0934|0.0750|0.0744|0.0704,
unit_007113,HongKong,11,16,250.8,16,2.339,3e-05,0.0,0.5,22.364897,114.04394,16|18|27|23|14,0.1143|0.1008|0.0660|0.0556|0.0419,
unit_007114,HongKong,8,8,175.5,18,2.5423,0.0,0.0,0.5,22.363768,114.040971,18|14|23|16|21,0.0836|0.0753|0.0711|0.0706|0.0634,
unit_007115,HongKong,8,8,175.5,18,2.4632,0.0,0.0,0.5,22.362349,114.039224,18|14|23|3|16,0.1064|0.0668|0.0522|0.0512|0.0473,
unit_007116,HongKong,7,7,150.5,18,2.401,0.0,0.0,0.5,22.36127,114.037639,18|23|16|27|14,0.1049|0.0878|0.0819|0.0598|0.0577,
unit_007117,HongKong,14,15,326.0,18,2.4053,5e-05,0.0,0.5,22.359389,114.034974,18|16|23|14|27,0.1109|0.0818|0.0607|0.0571|0.0466,
unit_007118,HongKong,8,8,175.5,18,2.448,0.0,0.089,0.5222,22.357345,114.032287,18|16|23|22|27,0.1165|0.0677|0.0653|0.0641|0.0579,
unit_007119,HongKong,6,6,125.4,18,2.332,0.0,0.089,0.5222,22.35653,114.030944,18|16|10|27|31,0.0980|0.0833|0.0817|0.0750|0.0512,
unit_007120,HongKong,7,8,150.5,16,2.3799,0.0,0.09903,0.5247,22.356085,114.029319,16|10|18|31|27,0.0960|0.0600|0.0570|0.0520|0.0490,
unit_007121,HongKong,5,8,100.3,16,2.1568,0.0,0.08195,0.5205,22.35593,114.027973,16|18|23|13|14,0.0874|0.0870|0.0459|0.0390|0.0338,
unit_007122,HongKong,6,8,125.4,16,2.4069,0.0,0.06487,0.5162,22.355843,114.026734,16|18|31|22|3,0.1142|0.0844|0.0797|0.0567|0.0543,
unit_007123,HongKong,7,7,150.5,16,2.2278,0.0,0.0,0.5,22.356087,114.02393,16|31|18|3|22,0.0968|0.0758|0.0700|0.0606|0.0386,
unit_007124,HongKong,10,16,225.7,18,2.4165,1e-05,0.0,0.5,22.356761,114.021898,18|16|27|22|23,0.1168|0.1120|0.0778|0.0616|0.0427,
unit_007125,HongKong,7,7,150.5,14,2.1937,0.0,0.39917,0.5985,22.358318,114.019058,14|2|21|18|10,0.1133|0.0673|0.0524|0.0346|0.0294,
unit_007126,HongKong,3,4,50.2,18,2.4057,0.0,0.39917,0.5985,22.359159,114.018306,18|10|3|23|27,0.1251|0.0899|0.0628|0.0623|0.0493,
unit_007127,HongKong,8,8,175.5,18,2.3878,0.0,0.0,0.5,22.360283,114.017362,18|3|23|21|16,0.0884|0.0670|0.0604|0.0583|0.0439,
unit_007128,HongKong,8,8,176.7,27,2.4047,0.0,0.0,0.5,22.370384,114.080982,27|16|18|10|31,0.1090|0.0957|0.0822|0.0395|0.0382,
unit_007129,HongKong,7,7,151.5,16,2.4757,0.0,0.0,0.5,22.36878,114.083851,16|31|27|7|21,0.1259|0.0758|0.0709|0.0677|0.0597,
unit_007130,HongKong,8,8,176.7,31,2.3893,0.0,0.0,0.5,22.367619,114.088496,31|27|16|10|18,0.0996|0.0880|0.0863|0.0676|0.0655,
unit_007131,HongKong,8,8,188.4,7,2.4652,0.0,0.0,0.5,22.369445,114.059257,7|13|22|10|27,0.0867|0.0847|0.0506|0.0480|0.0471,
unit_007132,HongKong,3,3,52.4,21,2.4051,0.0,0.0,0.5,22.368412,114.098012,21|31|1|2|23,0.1068|0.0774|0.0707|0.0602|0.0583,
unit_007134,HongKong,40,40,713.0,16,2.444,0.0,0.0,0.5,22.363226,114.017398,16|10|31|22|21,0.1102|0.0857|0.0681|0.0645|0.0439,
unit_007135,HongKong,28,28,604.3,21,2.4895,0.0,0.0,0.5,22.363999,113.999685,21|16|13|7|31,0.0879|0.0724|0.0711|0.0700|0.0605,
unit_007136,HongKong,8,10,130.9,18,2.3442,0.0,0.08106,0.5203,22.36364,114.014791,18|10|23|21|27,0.1692|0.0609|0.0594|0.0473|0.0396,
unit_007137,HongKong,3,4,57.9,18,2.36,0.0,0.0924,0.5231,22.363182,114.015504,18|21|16|2|7,0.1342|0.0916|0.0824|0.0748|0.0611,
unit_007138,HongKong,7,8,159.4,18,2.3604,1e-05,0.06971,0.5174,22.362594,114.015569,18|21|16|2|7,0.1340|0.0913|0.0821|0.0745|0.0609,
unit_007139,HongKong,12,15,277.0,18,2.4099,0.00011,0.0,0.5,22.362767,114.014655,18|21|16|23|2,0.1529|0.0679|0.0507|0.0498|0.0467,
unit_007140,HongKong,4,4,75.5,18,2.3878,0.0,0.0,0.5,22.359903,114.016884,18|3|23|21|16,0.0884|0.0670|0.0604|0.0583|0.0439,
unit_007141,HongKong,7,7,154.4,18,2.3017,0.0,0.0,0.5,22.366304,114.009948,18|16|31|13|23,0.0967|0.0904|0.0780|0.0567|0.0498,
unit_007142,HongKong,12,12,268.5,31,2.4179,0.0,0.0,0.5,22.36604,113.997218,31|7|21|1|3,0.1054|0.0870|0.0796|0.0688|0.0647,
unit_007143,HongKong,16,16,269.2,31,2.3446,0.0,0.0,0.5,22.366301,113.99521,31|7|1|3|27,0.0973|0.0964|0.0708|0.0652|0.0638,
unit_007144,HongKong,16,16,352.9,22,2.4933,0.0,0.0,0.5,22.366632,114.015947,22|31|27|2|7,0.1263|0.0816|0.0797|0.0505|0.0477,
unit_007145,HongKong,6,6,128.7,31,2.3032,0.0,0.0,0.5,22.366076,114.003963,31|22|13|7|16,0.0791|0.0782|0.0690|0.0663|0.0644,
unit_007146,HongKong,9,9,211.3,7,2.5104,0.0,0.0,0.5,22.365755,114.008114,7|27|31|10|16,0.0895|0.0887|0.0732|0.0598|0.0582,
unit_007147,HongKong,3,3,50.2,7,2.5104,0.0,0.0,0.5,22.366457,114.008119,7|27|31|10|16,0.0895|0.0887|0.0732|0.0598|0.0582,
unit_007148,HongKong,10,10,217.7,31,2.5132,0.0,0.0,0.5,22.366316,113.992848,31|7|10|13|3,0.1221|0.0955|0.0650|0.0567|0.0562,
unit_007149,HongKong,6,8,129.9,22,2.4139,0.0,0.05598,0.514,22.370047,114.015345,22|7|31|13|21,0.1419|0.0600|0.0573|0.0538|0.0477,
unit_007150,HongKong,8,8,179.2,7,2.346,0.0,0.0,0.5,22.3692,113.996973,7|16|21|27|22,0.1248|0.0754|0.0634|0.0617|0.0604,
unit_007151,HongKong,7,7,154.2,21,2.3913,0.0,0.16287,0.5406,22.372626,113.992983,21|1|3|31|27,0.1165|0.0754|0.0671|0.0660|0.0641,
unit_007152,HongKong,7,8,154.2,31,2.3682,0.0,0.16287,0.5406,22.37353,113.991745,31|1|16|3|10,0.1047|0.1011|0.0658|0.0556|0.0466,
unit_007153,HongKong,29,29,751.1,21,2.2442,0.0,0.0,0.5,22.378137,113.98119,21|22|31|7|10,0.0943|0.0909|0.0833|0.0684|0.0628,
unit_007154,HongKong,6,6,127.1,21,2.4358,0.0,0.0,0.5,22.379495,113.982902,21|22|31|27|7,0.1104|0.1003|0.0784|0.0631|0.0608,
unit_007155,HongKong,8,8,178.9,10,2.5314,0.0,0.0,0.5,22.385345,113.97847,10|31|1|7|27,0.1004|0.0954|0.0626|0.0604|0.0597,
unit_007156,HongKong,6,6,85.3,14,2.3403,0.0,0.0,0.5,22.388423,113.978552,14|21|18|2|23,0.1024|0.0695|0.0676|0.0399|0.0390,
unit_007157,HongKong,14,14,220.1,21,2.2807,0.0,0.0,0.5,22.391843,113.977732,21|1|16|2|14,0.0789|0.0719|0.0614|0.0508|0.0444,
unit_007158,HongKong,18,34,391.3,27,2.4511,1e-05,0.0,0.5,22.391865,113.980798,27|1|7|21|13,0.0891|0.0831|0.0812|0.0754|0.0749,
unit_007159,HongKong,8,8,126.6,1,2.4957,0.0,0.31869,0.579,22.394877,113.976699,1|10|21|3|18,0.0870|0.0804|0.0736|0.0683|0.0590,
unit_007160,HongKong,6,6,131.9,21,2.2807,0.0,0.0,0.5,22.391608,113.977622,21|1|16|2|14,0.0789|0.0719|0.0614|0.0508|0.0444,
unit_007161,HongKong,36,38,576.3,1,2.497,0.0,0.22319,0.5556,22.394896,113.976391,1|10|21|3|18,0.0881|0.0800|0.0740|0.0687|0.0590,
unit_007163,HongKong,17,28,354.2,14,2.3274,5e-05,0.31869,0.579,22.396664,113.976509,14|21|18|2|1,0.0985|0.0717|0.0705|0.0526|0.0450,
unit_007164,HongKong,7,8,166.6,31,2.4695,0.0,0.0,0.5,22.398243,113.972821,31|13|1|7|21,0.1032|0.0841|0.0817|0.0778|0.0640,
unit_007165,HongKong,12,12,194.8,1,2.4369,0.0,0.0,0.5,22.401496,113.974663,1|21|31|27|3,0.0948|0.0663|0.0576|0.0524|0.0455,
unit_007166,HongKong,9,9,157.6,1,2.2892,0.0,0.0,0.5,22.40282,113.971979,1|31|10|16|3,0.0903|0.0524|0.0512|0.0469|0.0453,
unit_007167,HongKong,24,24,504.6,31,2.4355,0.0,0.0,0.5,22.403188,113.974365,31|1|21|3|10,0.1176|0.0988|0.0911|0.0638|0.0627,
unit_007169,HongKong,47,47,748.7,16,2.4148,0.0,0.0,0.5,22.404699,113.967274,16|1|31|3|2,0.0736|0.0725|0.0712|0.0704|0.0632,
unit_007170,HongKong,6,6,125.2,18,2.4804,0.0,0.0,0.5,22.406123,113.977767,18|31|16|21|22,0.1331|0.0895|0.0865|0.0774|0.0610,
unit_007171,HongKong,8,10,184.2,18,2.4859,1e-05,0.0,0.5,22.405504,113.978029,18|31|16|21|22,0.1287|0.0905|0.0860|0.0808|0.0605,
unit_007172,HongKong,17,20,359.8,18,2.489,5e-05,0.0,0.5,22.405611,113.9783,18|31|16|21|22,0.1209|0.0878|0.0826|0.0802|0.0581,
unit_007173,HongKong,8,8,181.5,21,2.4345,0.0,0.0,0.5,22.407999,113.978471,21|1|2|3|16,0.1267|0.0741|0.0740|0.0606|0.0568,
unit_007174,HongKong,7,7,155.5,14,2.2511,0.0,0.0,0.5,22.409933,113.978912,14|18|21|1|3,0.0988|0.0819|0.0610|0.0302|0.0293,
unit_007175,HongKong,30,30,482.2,1,2.4189,0.0,0.0,0.5,22.409716,113.967391,1|2|21|10|3,0.0945|0.0826|0.0661|0.0531|0.0525,
unit_007176,HongKong,8,8,176.5,1,2.3631,0.0,0.0,0.5,22.407596,113.965879,1|31|3|16|18,0.1191|0.0849|0.0796|0.0631|0.0366,
unit_007177,HongKong,14,16,327.9,31,2.3979,2e-05,0.0,0.5,22.405533,113.964253,31|1|3|16|27,0.1143|0.1102|0.0703|0.0535|0.0418,
unit_007178,HongKong,11,11,202.8,1,2.4189,0.0,0.0,0.5,22.409327,113.967684,1|2|21|10|3,0.0945|0.0826|0.0661|0.0531|0.0525,
unit_007179,HongKong,8,8,175.1,13,2.2771,0.0,0.0,0.5,22.410718,113.972965,13|7|10|31|21,0.1089|0.0773|0.0661|0.0650|0.0528,
unit_007180,HongKong,28,28,535.1,13,2.3609,0.0,0.0,0.5,22.411605,113.974487,13|31|7|22|10,0.0992|0.0886|0.0880|0.0667|0.0410,
unit_007181,HongKong,32,32,625.9,16,2.3915,0.0,0.0,0.5,22.411242,113.967746,16|31|1|10|3,0.0952|0.0907|0.0708|0.0667|0.0659,
unit_007182,HongKong,7,8,157.2,7,2.3436,0.0,0.05856,0.5146,22.413951,113.970092,7|1|3|13|31,0.1411|0.0882|0.0584|0.0480|0.0451,
unit_007183,HongKong,14,16,230.2,7,2.3655,0.0,0.05856,0.5146,22.414894,113.971127,7|13|31|27|1,0.1339|0.0969|0.0863|0.0583|0.0390,
unit_007184,HongKong,10,10,129.6,7,2.3636,0.0,0.0,0.5,22.414418,113.971711,7|13|31|27|16,0.1327|0.0971|0.0864|0.0582|0.0386,
unit_007185,HongKong,7,8,157.2,7,2.3436,0.0,0.05856,0.5146,22.413951,113.970092,7|1|3|13|31,0.1411|0.0882|0.0584|0.0480|0.0451,
unit_007186,HongKong,10,10,152.8,21,2.2807,0.0,0.0,0.5,22.39179,113.977305,21|1|16|2|14,0.0789|0.0719|0.0614|0.0508|0.0444,
unit_007187,HongKong,4,4,86.0,1,2.2464,0.0,0.0,0.5,22.393212,113.975089,1|16|7|2|3,0.1118|0.0633|0.0594|0.0499|0.0421,
unit_007188,HongKong,16,16,317.3,1,2.2464,0.0,0.0,0.5,22.393473,113.97556,1|16|7|2|3,0.1118|0.0633|0.0594|0.0499|0.0421,
unit_007189,HongKong,5,6,100.3,18,2.4829,0.0,0.07128,0.5178,22.405854,113.978538,18|31|16|21|22,0.1319|0.0904|0.0867|0.0792|0.0610,
unit_007190,HongKong,5,8,102.8,14,2.1941,0.0,0.2063,0.5514,22.396535,113.976892,14|21|18|2|10,0.1057|0.0638|0.0628|0.0351|0.0286,
unit_007191,HongKong,3,3,51.0,16,2.3637,0.0,0.0,0.5,22.379775,113.970732,16|31|3|1|21,0.0937|0.0655|0.0638|0.0504|0.0466,
unit_007193,HongKong,7,8,150.4,31,2.4442,1e-05,0.10719,0.5268,22.380601,113.961295,31|18|22|10|16,0.0931|0.0916|0.0755|0.0589|0.0554,
unit_007194,HongKong,11,15,250.6,21,2.3749,1e-05,0.05879,0.5147,22.38034,113.959347,21|18|22|23|16,0.1128|0.1033|0.0865|0.0654|0.0644,
unit_007195,HongKong,46,78,1031.4,18,2.4513,4e-05,0.0546,0.5136,22.455252,114.00902,18|21|3|1|2,0.1135|0.1067|0.0810|0.0504|0.0473,
unit_007196,HongKong,7,7,154.4,1,2.4578,0.0,0.0,0.5,22.386017,113.968057,1|31|10|16|18,0.0967|0.0939|0.0685|0.0672|0.0670,
unit_007197,HongKong,8,8,178.8,22,2.3262,0.0,0.0,0.5,22.389302,113.963259,22|13|27|21|7,0.1323|0.0816|0.0721|0.0650|0.0552,
unit_007199,HongKong,4,4,76.1,21,2.3933,0.0,0.30021,0.5745,22.39362,113.96946,21|1|3|7|13,0.1072|0.0682|0.0401|0.0369|0.0325,
unit_007200,HongKong,15,15,208.1,1,2.2958,0.0,0.24334,0.5605,22.39409,113.969815,1|16|7|13|23,0.1004|0.0743|0.0657|0.0392|0.0368,
unit_007201,HongKong,11,11,178.4,1,2.2695,0.0,0.0,0.5,22.394988,113.969303,1|16|7|31|10,0.1155|0.0650|0.0614|0.0506|0.0458,
unit_007202,HongKong,11,12,205.0,21,2.4029,1e-05,0.12959,0.5323,22.393916,113.968839,21|1|3|7|13,0.1058|0.0711|0.0403|0.0390|0.0335,
unit_007203,HongKong,4,4,76.1,21,2.3933,0.0,0.30021,0.5745,22.39362,113.96946,21|1|3|7|13,0.1072|0.0682|0.0401|0.0369|0.0325,
unit_007204,HongKong,47,48,1016.5,1,2.3662,0.0,0.12962,0.5324,22.400963,113.967754,1|31|16|10|21,0.1024|0.0566|0.0486|0.0455|0.0421,
unit_007205,HongKong,7,8,150.9,21,2.3707,0.0,0.08295,0.5207,22.399453,113.967597,21|1|31|3|7,0.1184|0.0925|0.0750|0.0597|0.0350,
unit_007206,HongKong,5,5,105.2,31,2.4652,0.0,0.23393,0.5582,22.401814,113.96666,31|16|22|10|1,0.1061|0.0874|0.0871|0.0594|0.0448,
unit_007208,HongKong,4,4,50.4,16,2.4148,0.0,0.0,0.5,22.404378,113.968183,16|1|31|3|2,0.0736|0.0725|0.0712|0.0704|0.0632,
unit_007210,HongKong,25,25,373.6,1,2.3206,0.0,0.0,0.5,22.372761,113.967655,1|31|16|3|2,0.1229|0.0811|0.0676|0.0502|0.0355,
unit_007211,HongKong,8,8,178.3,7,2.446,0.0,0.21671,0.554,22.458195,114.060162,7|13|31|27|3,0.1055|0.0870|0.0663|0.0511|0.0484,
unit_007212,HongKong,9,9,203.8,22,2.3769,0.0,0.21671,0.554,22.457433,114.061761,22|7|13|21|27,0.1146|0.0733|0.0682|0.0652|0.0523,
unit_007213,HongKong,11,17,254.8,13,2.376,8e-05,0.0,0.5,22.45731,114.064397,13|22|7|31|27,0.1095|0.0817|0.0800|0.0602|0.0420,
unit_007214,HongKong,18,18,407.6,22,2.2428,0.0,0.0,0.5,22.456662,114.067145,22|27|3|13|10,0.1293|0.0538|0.0445|0.0400|0.0331,
unit_007215,HongKong,7,7,151.6,7,2.3727,0.0,0.0,0.5,22.458117,114.056152,7|13|22|21|16,0.0914|0.0910|0.0824|0.0650|0.0601,
unit_007216,HongKong,8,8,179.0,13,2.3678,0.0,0.0,0.5,22.457164,114.059421,13|21|7|22|27,0.1088|0.0885|0.0867|0.0580|0.0427,
unit_007217,HongKong,8,8,179.0,13,2.3635,0.0,0.0,0.5,22.453627,114.058191,13|21|7|3|31,0.1440|0.0806|0.0735|0.0556|0.0434,
unit_007218,HongKong,11,17,254.8,13,2.376,8e-05,0.0,0.5,22.45731,114.064397,13|22|7|31|27,0.1095|0.0817|0.0800|0.0602|0.0420,
unit_007219,HongKong,9,9,203.8,22,2.3769,0.0,0.21671,0.554,22.457433,114.061761,22|7|13|21|27,0.1146|0.0733|0.0682|0.0652|0.0523,
unit_007220,HongKong,8,8,178.3,7,2.446,0.0,0.21671,0.554,22.458195,114.060162,7|13|31|27|3,0.1055|0.0870|0.0663|0.0511|0.0484,
unit_007221,HongKong,8,8,179.3,13,2.3802,0.0,0.0,0.5,22.448851,114.058033,13|22|21|10|3,0.1018|0.0809|0.0654|0.0510|0.0487,
unit_007222,HongKong,8,8,179.3,13,2.229,0.0,0.0,0.5,22.446863,114.057623,13|31|3|7|21,0.1527|0.0573|0.0443|0.0417|0.0396,
unit_007223,HongKong,4,4,75.1,3,2.3629,0.0,0.07935,0.5198,22.420623,114.064511,3|18|21|13|1,0.1088|0.0700|0.0633|0.0520|0.0456,
unit_007224,HongKong,8,8,182.7,10,2.3375,0.0,0.0,0.5,22.433701,114.064967,10|2|16|13|3,0.0881|0.0751|0.0613|0.0593|0.0592,
unit_007225,HongKong,8,8,177.4,21,2.4859,0.0,0.0,0.5,22.437965,114.069396,21|31|16|10|13,0.0962|0.0846|0.0768|0.0539|0.0511,
unit_007226,HongKong,40,46,697.5,18,2.308,0.0,0.33997,0.5842,22.366422,113.947604,18|21|10|3|2,0.1209|0.0755|0.0700|0.0486|0.0449,
unit_007227,HongKong,13,16,302.9,16,2.4769,5e-05,0.0,0.5,22.367193,113.941156,16|31|22|21|10,0.1201|0.0846|0.0693|0.0538|0.0440,
unit_007228,HongKong,8,8,176.7,16,2.4791,0.0,0.0,0.5,22.368251,113.938518,16|22|31|10|21,0.1186|0.0869|0.0787|0.0607|0.0599,
unit_007229,HongKong,18,24,429.2,16,2.52,7e-05,0.0,0.5,22.369681,113.934933,16|31|22|10|3,0.1169|0.0836|0.0625|0.0602|0.0471,
unit_007230,HongKong,3,3,52.1,13,2.3874,0.0,0.05565,0.5139,22.368878,113.948959,13|7|3|16|2,0.0916|0.0644|0.0496|0.0478|0.0357,
unit_007232,HongKong,40,64,788.5,13,2.3945,2e-05,0.12126,0.5303,22.368618,113.94995,13|7|16|3|23,0.0839|0.0605|0.0509|0.0488|0.0412,
unit_007233,HongKong,5,6,100.4,13,2.3993,0.0,0.11063,0.5276,22.36879,113.949094,13|7|16|3|2,0.0915|0.0651|0.0508|0.0503|0.0366,
unit_007235,HongKong,6,6,111.9,31,2.4708,0.0,0.0,0.5,22.369485,113.928941,31|16|10|3|13,0.1158|0.0954|0.0744|0.0671|0.0574,
unit_007236,HongKong,5,5,101.6,16,2.4922,0.0,0.09223,0.523,22.370875,113.934062,16|31|10|7|3,0.1151|0.0812|0.0586|0.0474|0.0457,
unit_007237,HongKong,4,4,56.2,31,2.4708,0.0,0.0,0.5,22.370355,113.929675,31|16|10|3|13,0.1158|0.0954|0.0744|0.0671|0.0574,
unit_007238,HongKong,34,34,671.9,22,2.493,0.0,0.07947,0.5199,22.397984,114.109894,22|23|21|3|27,0.1062|0.0957|0.0860|0.0632|0.0597,
unit_007239,HongKong,8,8,180.3,22,2.4679,0.0,0.0,0.5,22.395143,114.107306,22|16|31|27|23,0.1141|0.0960|0.0771|0.0769|0.0705,
unit_007240,HongKong,6,6,123.1,21,2.3724,0.0,0.0,0.5,22.411212,113.981869,21|1|31|2|3,0.1212|0.0927|0.0762|0.0523|0.0523,
unit_007241,HongKong,12,12,262.0,1,2.5279,0.0,0.0,0.5,22.414209,113.978402,1|31|10|16|3,0.0756|0.0734|0.0573|0.0570|0.0561,
unit_007242,HongKong,18,18,266.5,7,2.4799,0.0,0.16332,0.5407,22.414143,113.981659,7|21|13|27|31,0.1083|0.0801|0.0612|0.0591|0.0563,
unit_007243,HongKong,10,10,202.8,7,2.3303,0.0,0.0,0.5,22.41533,113.97434,7|1|3|27|31,0.1269|0.0685|0.0547|0.0538|0.0511,
unit_007244,HongKong,7,11,151.9,2,2.5436,0.0,0.0,0.5,22.416137,113.988393,2|22|16|7|14,0.0911|0.0785|0.0718|0.0706|0.0568,
unit_007245,HongKong,7,11,151.9,2,2.5436,0.0,0.0,0.5,22.416137,113.988393,2|22|16|7|14,0.0911|0.0785|0.0718|0.0706|0.0568,
unit_007248,HongKong,28,36,577.0,18,2.4112,5e-05,0.18802,0.5469,22.420218,113.992611,18|16|10|23|21,0.1393|0.0642|0.0617|0.0536|0.0506,
unit_007249,HongKong,24,24,473.2,22,2.4193,0.0,0.0,0.5,22.419801,113.987943,22|31|2|7|16,0.1260|0.0933|0.0821|0.0665|0.0537,
unit_007250,HongKong,23,23,435.6,7,2.4572,0.0,0.0,0.5,22.418163,113.982754,7|1|27|31|3,0.0663|0.0603|0.0588|0.0569|0.0407,
unit_007251,HongKong,20,20,363.7,7,2.3495,0.0,0.0,0.5,22.422832,113.988182,7|21|13|1|22,0.1292|0.0948|0.0901|0.0496|0.0488,
unit_007252,HongKong,16,16,182.8,18,2.4337,0.0,0.0715,0.5179,22.420546,113.992099,18|16|22|31|23,0.1501|0.0692|0.0665|0.0651|0.0589,
unit_007253,HongKong,26,26,393.4,3,2.4899,0.0,0.0,0.5,22.421117,113.984028,3|2|13|16|21,0.0692|0.0622|0.0610|0.0573|0.0573,
unit_007255,HongKong,40,40,619.6,3,2.4975,0.0,0.0,0.5,22.424652,113.987736,3|1|7|21|10,0.0811|0.0768|0.0764|0.0616|0.0567,
unit_007256,HongKong,7,7,156.5,2,2.405,0.0,0.0,0.5,22.423049,113.9848,2|7|18|21|1,0.1119|0.0737|0.0591|0.0551|0.0524,
unit_007257,HongKong,22,22,442.0,7,2.2645,0.0,0.0,0.5,22.422493,113.989256,7|31|1|13|27,0.1134|0.0702|0.0629|0.0537|0.0520,
unit_007259,HongKong,7,7,154.0,18,2.3353,0.0,0.0,0.5,22.420265,113.993373,18|21|10|16|14,0.1297|0.0640|0.0630|0.0599|0.0529,
unit_007260,HongKong,42,42,766.0,7,2.3705,0.0,0.0,0.5,22.424812,113.991137,7|1|13|16|3,0.0928|0.0657|0.0634|0.0469|0.0460,
unit_007261,HongKong,8,8,175.5,7,2.371,0.0,0.08883,0.5222,22.42161,113.974916,7|13|22|3|31,0.1231|0.0839|0.0694|0.0481|0.0409,
unit_007262,HongKong,8,9,175.5,7,2.4701,0.0,0.08883,0.5222,22.42069,113.976298,7|3|10|31|22,0.0847|0.0718|0.0699|0.0693|0.0662,
unit_007263,HongKong,4,4,57.6,3,2.4975,0.0,0.0,0.5,22.425538,113.98797,3|1|7|21|10,0.0811|0.0768|0.0764|0.0616|0.0567,
unit_007264,HongKong,16,16,268.1,7,2.2052,0.0,0.0,0.5,22.427543,113.991699,7|1|3|13|27,0.1434|0.0594|0.0554|0.0447|0.0427,
unit_007265,HongKong,8,10,181.4,18,2.3983,0.0,0.08447,0.5211,22.424438,113.996571,18|14|16|10|21,0.1150|0.0834|0.0750|0.0498|0.0441,
unit_007267,HongKong,10,12,207.4,13,2.3648,0.0,0.17344,0.5433,22.423306,113.997331,13|22|7|3|10,0.1016|0.0908|0.0713|0.0545|0.0530,
unit_007268,HongKong,29,29,555.7,7,2.3008,0.0,0.0,0.5,22.428475,113.998414,7|31|27|22|1,0.0943|0.0886|0.0598|0.0485|0.0475,
unit_007270,HongKong,7,7,153.3,18,2.4261,0.0,0.0,0.5,22.427827,114.001174,18|21|23|14|16,0.1185|0.1031|0.0584|0.0566|0.0523,
unit_007272,HongKong,8,8,180.6,7,2.442,0.0,0.0,0.5,22.429149,113.989028,7|21|10|13|31,0.1137|0.1009|0.0745|0.0734|0.0679,
unit_007273,HongKong,10,10,206.4,13,2.248,0.0,0.0,0.5,22.43047,113.987051,13|7|31|22|16,0.0864|0.0808|0.0799|0.0741|0.0704,
unit_007275,HongKong,32,40,670.8,13,2.1044,0.0,0.0,0.5,22.431631,113.992056,13|22|7|21|31,0.1152|0.1128|0.0727|0.0539|0.0522,
unit_007277,HongKong,26,40,549.8,21,2.3655,3e-05,0.0,0.5,22.432503,113.992832,21|13|7|22|10,0.1328|0.0863|0.0856|0.0568|0.0429,
unit_007278,HongKong,22,22,427.7,13,2.2586,0.0,0.0,0.5,22.430928,113.99962,13|7|22|31|1,0.1009|0.0904|0.0886|0.0469|0.0415,
unit_007279,HongKong,3,3,55.9,21,2.3609,0.0,0.0,0.5,22.43228,113.993588,21|7|13|22|10,0.1377|0.0838|0.0790|0.0474|0.0469,
unit_007280,HongKong,38,60,826.7,21,2.3998,2e-05,0.0,0.5,22.434835,113.992694,21|7|3|10|16,0.1016|0.0687|0.0598|0.0590|0.0453,
unit_007281,HongKong,3,3,55.9,21,2.3609,0.0,0.0,0.5,22.43228,113.993588,21|7|13|22|10,0.1377|0.0838|0.0790|0.0474|0.0469,
unit_007282,HongKong,4,4,52.4,10,2.3865,0.0,0.0,0.5,22.434047,113.994914,10|31|16|3|22,0.1082|0.0989|0.0795|0.0700|0.0584,
unit_007283,HongKong,6,6,133.5,22,2.436,0.0,0.0,0.5,22.436525,114.001723,22|13|10|21|7,0.0915|0.0886|0.0545|0.0467|0.0385,
unit_007284,HongKong,11,11,178.4,22,2.436,0.0,0.0,0.5,22.436333,114.001721,22|13|10|21|7,0.0915|0.0886|0.0545|0.0467|0.0385,
unit_007285,HongKong,46,52,878.4,31,2.5385,4e-05,0.1523,0.538,22.434881,114.00194,31|3|7|13|22,0.0901|0.0706|0.0703|0.0653|0.0581,
unit_007286,HongKong,8,8,180.7,22,2.436,0.0,0.0,0.5,22.436873,114.001259,22|13|10|21|7,0.0915|0.0886|0.0545|0.0467|0.0385,
unit_007287,HongKong,20,20,377.6,13,2.2733,0.0,0.0,0.5,22.439713,114.001549,13|7|22|27|21,0.1080|0.1030|0.0630|0.0480|0.0419,
unit_007288,HongKong,18,19,388.0,31,2.5575,9e-05,0.1523,0.538,22.434674,114.002327,31|22|7|3|2,0.0935|0.0692|0.0653|0.0610|0.0536,
unit_007289,HongKong,5,5,102.2,16,2.3687,0.0,0.0,0.5,22.439315,113.998676,16|31|10|21|7,0.1070|0.0783|0.0628|0.0609|0.0565,
unit_007290,HongKong,14,14,287.5,21,2.3775,0.0,0.0,0.5,22.441381,113.998671,21|27|7|22|13,0.1104|0.0920|0.0789|0.0728|0.0596,
unit_007291,HongKong,4,4,52.1,16,2.2051,0.0,0.0,0.5,22.438233,114.003879,16|21|31|7|3,0.1043|0.0914|0.0835|0.0730|0.0450,
unit_007292,HongKong,8,8,180.7,22,2.436,0.0,0.0,0.5,22.436873,114.001259,22|13|10|21|7,0.0915|0.0886|0.0545|0.0467|0.0385,
unit_007293,HongKong,26,26,517.1,21,2.3775,0.0,0.0,0.5,22.44137,113.99835,21|27|7|22|13,0.1104|0.0920|0.0789|0.0728|0.0596,
unit_007294,HongKong,11,14,251.0,21,2.4818,5e-05,0.0,0.5,22.444143,113.999055,21|18|3|2|22,0.1040|0.1032|0.0665|0.0660|0.0620,
unit_007295,HongKong,6,6,100.4,16,2.4659,0.0,0.0,0.5,22.446164,113.999212,16|31|1|3|10,0.0911|0.0673|0.0637|0.0628|0.0516,
unit_007296,HongKong,46,46,1053.1,7,2.4906,0.0,0.07119,0.5178,22.441678,113.995971,7|2|3|18|21,0.0960|0.0845|0.0670|0.0655|0.0599,
unit_007298,HongKong,6,6,127.5,22,2.3456,0.0,0.05621,0.514,22.443594,113.996567,22|21|7|13|16,0.1234|0.1078|0.0697|0.0565|0.0345,
unit_007299,HongKong,12,12,236.4,21,2.3775,0.0,0.0,0.5,22.441472,113.998897,21|27|7|22|13,0.1104|0.0920|0.0789|0.0728|0.0596,
unit_007300,HongKong,4,4,77.4,16,2.3687,0.0,0.0,0.5,22.439426,113.998747,16|31|10|21|7,0.1070|0.0783|0.0628|0.0609|0.0565,
unit_007301,HongKong,18,24,395.5,21,2.4783,5e-05,0.0,0.5,22.44433,113.999239,21|18|3|2|22,0.1055|0.1033|0.0669|0.0654|0.0510,
unit_007302,HongKong,12,13,151.4,16,2.4714,0.0,0.06107,0.5153,22.443186,114.013133,16|31|21|18|7,0.1109|0.1000|0.0652|0.0606|0.0567,
unit_007303,HongKong,5,5,101.9,7,2.4233,0.0,0.0,0.5,22.442633,114.003403,7|13|31|22|10,0.0837|0.0818|0.0601|0.0516|0.0450,
unit_007304,HongKong,7,7,154.8,16,2.4659,0.0,0.0,0.5,22.446753,113.99952,16|31|1|3|10,0.0911|0.0673|0.0637|0.0628|0.0516,
unit_007305,HongKong,8,8,176.0,21,2.3798,0.0,0.0,0.5,22.442242,113.991646,21|13|16|7|2,0.0913|0.0889|0.0570|0.0552|0.0520,
unit_007306,HongKong,66,100,1099.7,7,2.2867,3e-05,0.07733,0.5193,22.445673,113.991426,7|13|1|3|31,0.1410|0.0777|0.0483|0.0466|0.0355,
unit_007307,HongKong,37,66,645.1,2,2.5859,2e-05,0.19573,0.5488,22.447767,113.979851,2|21|18|3|22,0.1015|0.0692|0.0674|0.0655|0.0642,
unit_007308,HongKong,8,13,175.7,2,2.5686,0.0,0.32922,0.5816,22.447714,113.979727,2|21|18|3|14,0.1004|0.0697|0.0690|0.0648|0.0611,
unit_007309,HongKong,7,7,150.6,22,2.2922,0.0,0.32922,0.5816,22.448301,113.978146,22|31|18|1|13,0.1622|0.0727|0.0429|0.0354|0.0340,
unit_007310,HongKong,19,19,402.7,18,2.4017,1e-05,0.0,0.5,22.44536,113.983347,18|3|23|10|16,0.1494|0.0674|0.0609|0.0541|0.0409,
unit_007311,HongKong,8,8,175.9,18,2.3145,0.0,0.0,0.5,22.441856,113.985634,18|21|2|14|23,0.1191|0.0815|0.0614|0.0590|0.0549,
unit_007312,HongKong,13,16,301.5,18,2.4242,2e-05,0.0,0.5,22.439291,113.985597,18|21|23|3|10,0.1297|0.0886|0.0586|0.0576|0.0576,
unit_007313,HongKong,8,8,175.9,18,2.2662,0.0,0.0,0.5,22.436513,113.985067,18|21|14|23|10,0.1469|0.0773|0.0551|0.0526|0.0498,
unit_007314,HongKong,13,16,301.5,18,2.366,5e-05,0.0,0.5,22.432645,113.983503,18|21|23|10|3,0.1463|0.0799|0.0629|0.0502|0.0481,
unit_007315,HongKong,6,7,125.6,18,2.3596,0.0,0.0664,0.5166,22.430209,113.98264,18|21|22|14|23,0.1202|0.1124|0.0577|0.0561|0.0537,
unit_007316,HongKong,27,38,653.3,18,2.4155,6e-05,0.11664,0.5291,22.426587,113.983146,18|21|10|3|23,0.1321|0.0806|0.0702|0.0529|0.0495,
unit_007317,HongKong,6,7,125.6,2,2.4272,2e-05,0.16687,0.5416,22.423239,113.984724,2|7|18|21|1,0.1104|0.0744|0.0673|0.0575|0.0513,
unit_007318,HongKong,11,14,251.0,21,2.4818,5e-05,0.0,0.5,22.444143,113.999055,21|18|3|2|22,0.1040|0.1032|0.0665|0.0660|0.0620,
unit_007319,HongKong,6,6,127.5,22,2.3456,0.0,0.05621,0.514,22.443594,113.996567,22|21|7|13|16,0.1234|0.1078|0.0697|0.0565|0.0345,
unit_007321,HongKong,8,8,176.4,22,2.2922,0.0,0.32922,0.5816,22.448162,113.978114,22|31|18|1|13,0.1622|0.0727|0.0429|0.0354|0.0340,
unit_007323,HongKong,6,6,127.6,22,2.2922,0.0,0.32922,0.5816,22.448372,113.978248,22|31|18|1|13,0.1622|0.0727|0.0429|0.0354|0.0340,
unit_007324,HongKong,8,15,178.7,2,2.581,0.0,0.32922,0.5816,22.447828,113.979755,2|21|18|3|22,0.1023|0.0702|0.0685|0.0661|0.0625,
unit_007325,HongKong,5,5,103.1,22,2.2922,0.0,0.0,0.5,22.448494,113.978278,22|31|18|1|13,0.1622|0.0727|0.0429|0.0354|0.0340,
unit_007327,HongKong,6,6,109.7,10,2.5025,0.0,0.0,0.5,22.441145,114.061462,10|21|3|16|31,0.0878|0.0812|0.0809|0.0749|0.0739,
unit_007328,HongKong,26,26,535.7,7,2.3145,0.0,0.0,0.5,22.431708,114.098657,7|3|13|22|31,0.1452|0.0696|0.0571|0.0548|0.0492,
unit_007329,HongKong,8,10,154.4,7,2.3566,0.0,0.08507,0.5213,22.426959,113.94309,7|13|31|3|21,0.1237|0.0851|0.0527|0.0482|0.0433,
unit_007330,HongKong,12,17,283.0,22,2.3939,4e-05,0.08507,0.5212,22.428503,113.943837,22|7|3|21|13,0.1280|0.0765|0.0587|0.0522|0.0515,
unit_007331,HongKong,12,17,283.0,22,2.3939,4e-05,0.08507,0.5212,22.428503,113.943837,22|7|3|21|13,0.1280|0.0765|0.0587|0.0522|0.0515,
unit_007332,HongKong,8,8,176.4,22,2.2691,0.0,0.0,0.5,22.434807,113.948819,22|21|7|13|31,0.1362|0.0951|0.0936|0.0700|0.0573,
unit_007333,HongKong,16,22,378.0,22,2.3184,6e-05,0.0,0.5,22.433062,113.94742,22|21|13|7|31,0.1600|0.0594|0.0534|0.0480|0.0405,
unit_007334,HongKong,9,9,201.7,22,2.3818,0.0,0.0,0.5,22.437389,113.949111,22|7|3|13|31,0.1337|0.0682|0.0637|0.0472|0.0442,
unit_007335,HongKong,9,9,201.7,22,2.3711,0.0,0.0,0.5,22.439491,113.949694,22|7|13|21|31,0.1400|0.0917|0.0761|0.0610|0.0500,
unit_007336,HongKong,8,8,176.5,22,2.4351,0.0,0.0,0.5,22.441691,113.950473,22|21|16|7|31,0.0860|0.0626|0.0609|0.0585|0.0528,
unit_007337,HongKong,8,8,176.5,22,2.2795,0.0,0.0,0.5,22.442508,113.952522,22|7|31|16|21,0.1541|0.0847|0.0830|0.0802|0.0730,
unit_007338,HongKong,8,8,176.5,22,2.1319,0.0,0.0,0.5,22.443462,113.954147,22|31|16|21|7,0.1409|0.0826|0.0736|0.0459|0.0408,
unit_007339,HongKong,16,25,378.1,22,2.4457,0.0001,0.0,0.5,22.445534,113.957055,22|7|31|3|21,0.1300|0.0846|0.0761|0.0595|0.0552,
unit_007340,HongKong,13,16,302.5,22,2.4548,6e-05,0.0,0.5,22.448485,113.961233,22|31|7|27|16,0.1136|0.0717|0.0657|0.0468|0.0454,
unit_007341,HongKong,40,40,728.4,22,2.233,0.0,0.07484,0.5187,22.450319,113.964189,22|23|13|1|31,0.1616|0.0635|0.0621|0.0443|0.0387,
unit_007342,HongKong,8,9,178.8,22,2.3766,2e-05,0.08253,0.5206,22.443665,113.996156,22|21|7|13|16,0.1214|0.1079|0.0736|0.0577|0.0335,
unit_007343,HongKong,10,10,200.6,22,2.287,0.0,0.07484,0.5187,22.451177,113.963513,22|7|3|13|31,0.1419|0.0782|0.0664|0.0614|0.0577,
unit_007344,HongKong,38,38,760.6,13,2.2097,0.0,0.0,0.5,22.451263,113.966399,13|7|22|3|31,0.1214|0.0699|0.0678|0.0668|0.0436,
unit_007346,HongKong,7,9,154.6,22,2.366,2e-05,0.09368,0.5234,22.452581,113.974326,22|31|2|18|14,0.1249|0.0863|0.0753|0.0676|0.0559,
unit_007347,HongKong,22,22,416.9,22,2.3429,0.0,0.0,0.5,22.454366,113.97303,22|7|13|31|3,0.1539|0.0732|0.0697|0.0427|0.0395,
unit_007348,HongKong,22,24,434.1,13,2.3535,0.0,0.09109,0.5228,22.452812,113.969345,13|31|7|16|10,0.1272|0.0913|0.0707|0.0522|0.0400,
unit_007349,HongKong,36,36,758.1,22,2.2791,3e-05,0.0,0.5,22.456389,113.975596,22|7|31|13|16,0.1174|0.0814|0.0809|0.0664|0.0593,
unit_007350,HongKong,15,16,360.4,21,2.4271,4e-05,0.0,0.5,22.457445,113.991331,21|3|7|31|22,0.1093|0.0909|0.0820|0.0643|0.0552,
unit_007351,HongKong,8,8,178.0,21,2.3892,0.0,0.0,0.5,22.453031,113.994678,21|3|7|31|16,0.1336|0.0821|0.0718|0.0635|0.0523,
unit_007352,HongKong,8,8,178.0,21,2.4703,0.0,0.0,0.5,22.449926,113.994578,21|31|3|7|13,0.1254|0.0724|0.0693|0.0617|0.0525,
unit_007353,HongKong,14,14,315.3,21,2.3982,0.0,0.0,0.5,22.455288,113.994858,21|31|18|22|3,0.1001|0.0931|0.0855|0.0747|0.0599,
unit_007354,HongKong,12,12,258.8,13,2.2241,0.0,0.0,0.5,22.458184,113.993147,13|23|3|16|21,0.1016|0.0574|0.0512|0.0480|0.0426,
unit_007355,HongKong,12,12,251.8,13,2.1262,0.0,0.0,0.5,22.46024,113.983779,13|31|7|22|16,0.1290|0.0903|0.0768|0.0717|0.0511,
unit_007356,HongKong,8,8,182.3,16,2.2541,0.0,0.0,0.5,22.459198,113.988356,16|31|22|7|21,0.1206|0.1106|0.0813|0.0719|0.0532,
unit_007357,HongKong,15,16,360.4,21,2.4271,4e-05,0.0,0.5,22.457445,113.991331,21|3|7|31|22,0.1093|0.0909|0.0820|0.0643|0.0552,
unit_007358,HongKong,22,30,412.9,7,2.4411,0.0,0.05406,0.5135,22.461166,113.989524,7|13|1|21|3,0.1033|0.0753|0.0639|0.0611|0.0608,
unit_007359,HongKong,8,8,179.4,21,2.2437,0.0,0.0,0.5,22.462597,113.98785,21|13|7|22|16,0.0935|0.0766|0.0749|0.0592|0.0585,
unit_007360,HongKong,4,4,76.6,31,2.4415,0.0,0.0,0.5,22.462056,113.992243,31|16|3|23|22,0.0920|0.0887|0.0619|0.0508|0.0490,
unit_007361,HongKong,7,13,158.0,13,2.2485,1e-05,0.13579,0.5339,22.463581,113.981707,13|22|7|31|16,0.0884|0.0760|0.0669|0.0653|0.0506,
unit_007362,HongKong,4,4,52.7,22,2.4299,0.0,0.0,0.5,22.462258,113.980102,22|7|27|16|13,0.1226|0.0810|0.0659|0.0614|0.0599,
unit_007363,HongKong,4,4,76.6,31,2.4415,0.0,0.0,0.5,22.462056,113.992243,31|16|3|23|22,0.0920|0.0887|0.0619|0.0508|0.0490,
unit_007364,HongKong,8,8,178.4,21,2.4406,0.0,0.0,0.5,22.465271,113.994213,21|31|22|1|18,0.1215|0.1034|0.0637|0.0599|0.0548,
unit_007365,HongKong,26,28,611.5,22,2.2947,3e-05,0.0,0.5,22.467892,113.994965,22|13|21|1|3,0.1280|0.0880|0.0489|0.0418|0.0414,
unit_007366,HongKong,7,7,154.3,16,2.4659,0.0,0.0,0.5,22.446731,113.999628,16|31|1|3|10,0.0911|0.0673|0.0637|0.0628|0.0516,
unit_007367,HongKong,24,24,455.4,22,2.232,0.0,0.0,0.5,22.448771,114.014696,22|21|13|7|16,0.1147|0.0787|0.0520|0.0393|0.0308,
unit_007368,HongKong,8,8,176.8,22,2.4419,0.0,0.0,0.5,22.450567,114.013413,22|13|31|7|2,0.1089|0.0988|0.0636|0.0579|0.0449,
unit_007369,HongKong,4,4,75.1,31,2.4981,0.0,0.0,0.5,22.447028,114.013649,31|16|18|22|2,0.1026|0.0979|0.0940|0.0553|0.0516,
unit_007370,HongKong,8,8,175.2,13,2.234,0.0,0.0,0.5,22.444666,114.01357,13|22|7|21|31,0.1122|0.1059|0.0969|0.0647|0.0388,
unit_007371,HongKong,11,16,253.5,21,2.4503,4e-05,0.0,0.5,22.450537,113.998043,21|22|18|3|1,0.1044|0.0899|0.0884|0.0743|0.0549,
unit_007372,HongKong,8,8,177.5,21,2.4312,0.0,0.0,0.5,22.453746,113.996069,21|18|3|31|22,0.1086|0.0990|0.0746|0.0732|0.0596,
unit_007373,HongKong,8,8,177.5,21,2.3982,0.0,0.0,0.5,22.45548,113.994965,21|31|18|22|3,0.1001|0.0931|0.0855|0.0747|0.0599,
unit_007374,HongKong,6,7,126.8,13,2.2304,0.0,0.241,0.56,22.458288,113.993465,13|23|3|16|21,0.1021|0.0580|0.0520|0.0478|0.0442,
unit_007375,HongKong,7,8,152.1,21,2.3329,0.0,0.241,0.56,22.45974,113.993176,21|22|31|3|18,0.1094|0.0736|0.0682|0.0674|0.0606,
unit_007376,HongKong,8,8,175.2,21,2.5078,0.0,0.0,0.5,22.448829,114.005886,21|1|7|22|2,0.0816|0.0722|0.0694|0.0645|0.0498,
unit_007377,HongKong,6,6,128.6,21,2.5143,0.0,0.0,0.5,22.450208,114.008955,21|7|18|27|22,0.0838|0.0831|0.0813|0.0708|0.0692,
unit_007378,HongKong,8,8,176.8,22,2.4419,0.0,0.0,0.5,22.450567,114.013413,22|13|31|7|2,0.1089|0.0988|0.0636|0.0579|0.0449,
unit_007379,HongKong,16,30,386.6,18,2.4617,4e-05,0.0546,0.5136,22.454644,114.008762,18|21|3|1|2,0.1097|0.1055|0.0808|0.0514|0.0458,
unit_007380,HongKong,7,7,154.6,21,2.3554,0.0,0.0546,0.5136,22.457311,114.008642,21|18|3|22|27,0.1107|0.1040|0.0905|0.0575|0.0517,
unit_007381,HongKong,8,8,175.2,21,2.5143,0.0,0.0,0.5,22.450418,114.009467,21|7|18|27|22,0.0838|0.0831|0.0813|0.0708|0.0692,
unit_007382,HongKong,7,7,156.3,21,2.3554,0.0,0.0546,0.5136,22.457387,114.008996,21|18|3|22|27,0.1107|0.1040|0.0905|0.0575|0.0517,
unit_007383,HongKong,7,8,150.5,21,2.3244,0.0,0.12392,0.5309,22.459821,113.993319,21|22|31|3|18,0.1091|0.0733|0.0685|0.0667|0.0611,
unit_007385,HongKong,5,5,100.4,13,2.2241,0.0,0.06446,0.5161,22.458274,113.993626,13|23|3|16|21,0.1016|0.0574|0.0512|0.0480|0.0426,
unit_007386,HongKong,8,8,175.6,21,2.3982,0.0,0.0,0.5,22.455595,113.995061,21|31|18|22|3,0.1001|0.0931|0.0855|0.0747|0.0599,
unit_007387,HongKong,8,8,175.6,21,2.4312,0.0,0.0,0.5,22.453884,113.996161,21|18|3|31|22,0.1086|0.0990|0.0746|0.0732|0.0596,
unit_007388,HongKong,11,16,250.9,21,2.4514,4e-05,0.0,0.5,22.450513,113.998228,21|18|22|3|1,0.1039|0.0897|0.0884|0.0741|0.0545,
unit_007389,HongKong,19,19,393.2,1,2.3765,0.0,0.0,0.5,22.461001,114.002055,1|31|21|3|13,0.1200|0.0737|0.0705|0.0662|0.0442,
unit_007390,HongKong,10,18,189.1,31,2.5089,3e-05,0.05726,0.5143,22.462192,114.009232,31|22|1|16|10,0.0998|0.0747|0.0722|0.0702|0.0663,
unit_007391,HongKong,8,8,177.1,1,2.2837,0.0,0.0,0.5,22.464709,113.997566,1|21|3|31|13,0.1251|0.0824|0.0750|0.0482|0.0381,
unit_007392,HongKong,8,8,178.8,1,2.288,0.0,0.0,0.5,22.465367,114.000321,1|31|3|13|16,0.1065|0.0967|0.0702|0.0451|0.0450,
unit_007393,HongKong,7,7,153.6,1,2.3463,0.0,0.0,0.5,22.468155,113.999242,1|3|31|21|2,0.1194|0.0929|0.0550|0.0514|0.0480,
unit_007394,HongKong,8,8,178.0,21,2.4406,0.0,0.0,0.5,22.465035,113.994568,21|31|22|1|18,0.1215|0.1034|0.0637|0.0599|0.0548,
unit_007395,HongKong,8,8,186.2,31,2.4439,0.0,0.0,0.5,22.466554,113.997001,31|1|7|10|3,0.0856|0.0813|0.0786|0.0752|0.0669,
unit_007396,HongKong,38,39,780.7,18,2.5424,9e-05,0.0,0.5,22.471193,113.997207,18|21|3|1|10,0.0800|0.0789|0.0672|0.0577|0.0550,
unit_007397,HongKong,7,7,156.2,1,2.3463,0.0,0.0,0.5,22.468109,113.99935,1|3|31|21|2,0.1194|0.0929|0.0550|0.0514|0.0480,
unit_007398,HongKong,10,16,225.9,22,2.3598,7e-05,0.0,0.5,22.474225,113.999235,22|31|7|21|16,0.1215|0.0822|0.0745|0.0672|0.0668,
unit_007399,HongKong,8,8,175.7,22,2.2585,0.0,0.0,0.5,22.475764,113.997009,22|16|7|21|31,0.1498|0.0906|0.0719|0.0606|0.0450,
unit_007400,HongKong,9,9,203.8,7,2.3083,0.0,0.0,0.5,22.476885,114.004216,7|13|3|31|23,0.1513|0.0842|0.0623|0.0557|0.0424,
unit_007401,HongKong,8,8,178.3,7,2.2534,0.0,0.0,0.5,22.476966,114.001743,7|31|13|16|3,0.1344|0.0748|0.0746|0.0451|0.0412,
unit_007402,HongKong,8,8,175.7,22,2.2585,0.0,0.0,0.5,22.475764,113.997009,22|16|7|21|31,0.1498|0.0906|0.0719|0.0606|0.0450,
unit_007403,HongKong,10,16,225.9,22,2.3598,7e-05,0.0,0.5,22.474225,113.999235,22|31|7|21|16,0.1215|0.0822|0.0745|0.0672|0.0668,
unit_007404,HongKong,8,8,179.7,1,2.288,0.0,0.0,0.5,22.465247,114.000417,1|31|3|13|16,0.1065|0.0967|0.0702|0.0451|0.0450,
unit_007405,HongKong,14,21,297.8,1,2.4022,2e-05,0.0,0.5,22.456651,113.999167,1|21|3|31|27,0.1080|0.0844|0.0812|0.0598|0.0550,
unit_007407,HongKong,5,5,101.3,1,2.3868,0.0,0.0,0.5,22.458809,114.00168,1|21|7|16|10,0.0910|0.0655|0.0599|0.0555|0.0438,
unit_007408,HongKong,8,8,177.8,1,2.2514,0.0,0.0,0.5,22.461925,114.000722,1|31|3|27|18,0.1119|0.0928|0.0816|0.0435|0.0429,
unit_007409,HongKong,30,30,623.1,31,2.4932,0.0,0.0,0.5,22.378557,114.126225,31|2|16|27|22,0.1072|0.0766|0.0727|0.0701|0.0656,
unit_007411,HongKong,18,18,411.2,22,2.4038,0.0,0.0,0.5,22.38212,114.125401,22|31|13|7|10,0.1279|0.0951|0.0858|0.0736|0.0616,
unit_007413,HongKong,7,7,153.3,18,2.4261,0.0,0.0,0.5,22.427827,114.001174,18|21|23|14|16,0.1185|0.1031|0.0584|0.0566|0.0523,
unit_007415,HongKong,8,8,177.4,13,2.5441,0.0,0.0,0.5,22.431974,114.00281,13|22|7|21|10,0.0791|0.0670|0.0661|0.0630|0.0549,
unit_007416,HongKong,5,5,101.4,31,2.5053,0.0,0.06857,0.5171,22.433865,114.003247,31|22|18|16|7,0.1022|0.0936|0.0842|0.0631|0.0559,
unit_007417,HongKong,30,40,637.5,13,2.5204,5e-05,0.06857,0.5171,22.432829,114.002464,13|22|7|21|31,0.0843|0.0820|0.0775|0.0712|0.0668,
unit_007418,HongKong,17,17,294.4,7,2.3752,0.0,0.0,0.5,22.433212,114.008406,7|13|16|31|2,0.1146|0.0940|0.0789|0.0746|0.0513,
unit_007419,HongKong,5,5,101.4,31,2.5053,0.0,0.06857,0.5171,22.433865,114.003247,31|22|18|16|7,0.1022|0.0936|0.0842|0.0631|0.0559,
unit_007420,HongKong,8,8,177.4,13,2.5441,0.0,0.0,0.5,22.431974,114.00281,13|22|7|21|10,0.0791|0.0670|0.0661|0.0630|0.0549,
unit_007421,HongKong,24,24,486.5,13,2.4178,0.0,0.0,0.5,22.43338,114.001831,13|7|22|21|31,0.0908|0.0832|0.0827|0.0796|0.0679,
unit_007422,HongKong,7,7,154.2,31,2.5053,0.0,0.1523,0.538,22.434654,114.00314,31|22|18|16|7,0.1022|0.0936|0.0842|0.0631|0.0559,
unit_007423,HongKong,7,7,154.2,18,2.4505,0.0,0.0,0.5,22.435752,114.004834,18|16|21|3|31,0.1126|0.0947|0.0599|0.0574|0.0531,
unit_007425,HongKong,8,8,179.4,13,2.1663,0.0,0.0,0.5,22.436019,114.00799,13|7|22|31|21,0.1070|0.0903|0.0572|0.0413|0.0356,
unit_007426,HongKong,6,6,127.3,13,2.1663,0.0,0.0,0.5,22.43573,114.00823,13|7|22|31|21,0.1070|0.0903|0.0572|0.0413|0.0356,
unit_007428,HongKong,7,7,154.2,18,2.4505,0.0,0.0,0.5,22.435752,114.004834,18|16|21|3|31,0.1126|0.0947|0.0599|0.0574|0.0531,
unit_007429,HongKong,7,7,154.2,31,2.5053,0.0,0.1523,0.538,22.434654,114.00314,31|22|18|16|7,0.1022|0.0936|0.0842|0.0631|0.0559,
unit_007431,HongKong,7,8,153.3,16,2.4754,0.0,0.05521,0.5138,22.442954,114.012893,16|31|21|18|7,0.1113|0.0998|0.0648|0.0614|0.0569,
unit_007432,HongKong,4,4,53.7,7,2.2999,0.0,0.0,0.5,22.464625,113.990932,7|1|13|3|23,0.1142|0.0643|0.0631|0.0533|0.0478,
unit_007433,HongKong,64,96,1501.8,22,2.3325,7e-05,0.0,0.5,22.483075,113.996078,22|13|21|7|27,0.1471|0.0663|0.0631|0.0464|0.0346,
unit_007434,HongKong,7,7,154.7,22,2.3674,0.0,0.0,0.5,22.447407,114.010971,22|31|7|16|13,0.1057|0.0679|0.0542|0.0468|0.0465,
unit_007435,HongKong,7,7,154.7,22,2.3674,0.0,0.0,0.5,22.447407,114.010971,22|31|7|16|13,0.1057|0.0679|0.0542|0.0468|0.0465,
unit_007436,HongKong,10,10,210.3,22,2.4702,0.0,0.0,0.5,22.373891,114.097634,22|27|13|23|7,0.1089|0.0889|0.0665|0.0523|0.0456,
unit_007437,HongKong,9,9,210.3,22,2.358,0.0,0.0,0.5,22.372742,114.096039,22|23|21|13|27,0.1426|0.0608|0.0578|0.0527|0.0443,
unit_007438,HongKong,24,38,477.7,22,2.5159,1e-05,0.0,0.5,22.371142,114.09668,22|31|21|27|10,0.1428|0.0837|0.0708|0.0693|0.0635,
unit_007440,HongKong,6,8,112.3,18,2.3276,0.0,0.0,0.5,22.370993,114.078547,18|16|10|23|3,0.1377|0.0708|0.0638|0.0551|0.0316,
unit_007441,HongKong,7,8,151.8,18,2.4812,0.0,0.11484,0.5287,22.36035,114.041674,18|10|14|1|16,0.0911|0.0731|0.0518|0.0457|0.0436,
unit_007442,HongKong,7,8,151.8,18,2.5004,0.0,0.12461,0.5311,22.359504,114.040329,18|23|21|16|31,0.0966|0.0847|0.0828|0.0686|0.0646,
unit_007443,HongKong,8,8,177.1,16,2.4931,0.0,0.0,0.5,22.357741,114.035863,16|31|10|3|22,0.1000|0.0887|0.0851|0.0557|0.0522,
unit_007444,HongKong,10,12,51.5,16,2.5172,2e-05,0.07324,0.5183,22.362791,114.051897,16|18|31|21|2,0.0870|0.0853|0.0793|0.0600|0.0587,
unit_007445,HongKong,4,5,83.5,31,2.4753,0.0,0.07324,0.5183,22.362634,114.052411,31|7|16|18|13,0.0864|0.0851|0.0846|0.0782|0.0664,
unit_007446,HongKong,8,10,177.8,16,2.5099,0.0,0.0,0.5,22.362577,114.051373,16|18|31|21|2,0.0853|0.0841|0.0768|0.0597|0.0584,
unit_007447,HongKong,8,8,177.8,16,2.5066,0.0,0.0,0.5,22.361537,114.0496,16|31|18|10|23,0.0869|0.0829|0.0719|0.0600|0.0499,
unit_007448,HongKong,8,8,177.8,16,2.4183,0.0,0.0,0.5,22.361048,114.047633,16|31|22|18|3,0.1092|0.0862|0.0816|0.0612|0.0562,
unit_007449,HongKong,8,8,175.1,16,2.4757,0.0,0.0,0.5,22.368539,114.083767,16|31|27|7|21,0.1259|0.0758|0.0709|0.0677|0.0597,
unit_007450,HongKong,7,7,150.1,27,2.4047,0.0,0.0,0.5,22.370215,114.080721,27|16|18|10|31,0.1090|0.0957|0.0822|0.0395|0.0382,
unit_007451,HongKong,7,7,150.1,27,2.4047,0.0,0.0,0.5,22.370215,114.080721,27|16|18|10|31,0.1090|0.0957|0.0822|0.0395|0.0382,
unit_007452,HongKong,8,8,175.1,16,2.4757,0.0,0.0,0.5,22.368539,114.083767,16|31|27|7|21,0.1259|0.0758|0.0709|0.0677|0.0597,
unit_007454,HongKong,12,20,258.3,13,2.4641,0.0,0.0,0.5,22.414318,114.022101,13|7|22|10|3,0.1102|0.0749|0.0629|0.0576|0.0575,
unit_007455,HongKong,42,42,804.1,7,2.48,0.0,0.0,0.5,22.474425,114.060737,7|13|21|31|3,0.1138|0.1058|0.0823|0.0561|0.0463,
unit_007456,HongKong,9,9,208.4,13,2.2994,0.0,0.0,0.5,22.47348,114.062412,13|31|7|22|16,0.1123|0.0833|0.0733|0.0652|0.0413,
unit_007457,HongKong,26,26,518.7,13,2.4821,0.0,0.0,0.5,22.470696,114.061563,13|22|31|7|23,0.0916|0.0836|0.0809|0.0671|0.0619,
unit_007458,HongKong,6,7,126.9,16,2.3748,0.0,0.05366,0.5134,22.469464,114.064137,16|31|22|7|13,0.1141|0.1008|0.0997|0.0654|0.0580,
unit_007459,HongKong,7,8,152.3,22,2.3697,0.0,0.05366,0.5134,22.469619,114.065598,22|31|16|3|23,0.1265|0.0896|0.0683|0.0462|0.0354,
unit_007460,HongKong,8,8,177.7,22,2.4019,0.0,0.0,0.5,22.469489,114.068654,22|31|13|7|23,0.0784|0.0690|0.0614|0.0594|0.0525,
unit_007461,HongKong,20,28,474.4,22,2.2997,5e-05,0.0,0.5,22.47056,114.059243,22|13|7|21|27,0.1070|0.0981|0.0754|0.0689|0.0546,
unit_007462,HongKong,9,9,200.8,22,2.3733,0.0,0.0,0.5,22.474744,114.077811,22|13|31|7|3,0.0996|0.0959|0.0693|0.0678|0.0516,
unit_007463,HongKong,36,60,760.9,22,2.2715,4e-05,0.14383,0.5359,22.472918,114.07469,22|13|7|10|3,0.1004|0.0751|0.0720|0.0562|0.0397,
unit_007464,HongKong,70,80,1549.0,7,2.3683,4e-05,0.0,0.5,22.477242,114.072064,7|22|31|13|3,0.0905|0.0742|0.0702|0.0614|0.0524,
unit_007465,HongKong,40,68,1001.1,22,2.3777,3e-05,0.0,0.5,22.477241,114.075146,22|7|31|13|10,0.1183|0.0841|0.0715|0.0689|0.0426,
unit_007466,HongKong,8,8,180.5,31,2.4773,0.0,0.0,0.5,22.474617,114.07175,31|10|16|22|3,0.1182|0.0865|0.0830|0.0812|0.0646,
unit_007467,HongKong,8,8,180.5,22,2.3363,0.0,0.0,0.5,22.474465,114.069451,22|10|3|31|16,0.1257|0.0789|0.0649|0.0625|0.0575,
unit_007468,HongKong,6,10,123.6,13,2.4346,0.0,0.05587,0.514,22.390904,114.110116,13|22|7|31|1,0.1117|0.1097|0.0719|0.0671|0.0507,
unit_007469,HongKong,10,10,208.5,22,2.4102,0.0,0.07947,0.5199,22.399346,114.110138,22|7|23|10|27,0.0870|0.0802|0.0753|0.0663|0.0572,
unit_007470,HongKong,8,8,180.3,22,2.4679,0.0,0.0,0.5,22.395143,114.107306,22|16|31|27|23,0.1141|0.0960|0.0771|0.0769|0.0705,
unit_007471,HongKong,8,9,175.9,22,2.4871,1e-05,0.08309,0.5208,22.395742,114.104405,22|23|21|27|31,0.1340|0.0887|0.0768|0.0712|0.0707,
unit_007472,HongKong,4,4,50.1,22,2.2562,0.0,0.0,0.5,22.491206,114.067561,22|13|23|2|27,0.1117|0.1018|0.0522|0.0432|0.0328,
unit_007473,HongKong,7,7,158.9,22,2.2562,0.0,0.0,0.5,22.490848,114.066912,22|13|23|2|27,0.1117|0.1018|0.0522|0.0432|0.0328,
unit_007474,HongKong,22,22,426.7,13,2.1123,0.0,0.0,0.5,22.4906,114.071621,13|22|3|23|7,0.1141|0.0885|0.0405|0.0359|0.0284,
unit_007475,HongKong,20,20,401.3,22,2.2616,0.0,0.0,0.5,22.491246,114.073077,22|13|23|7|3,0.1443|0.0624|0.0527|0.0497|0.0414,
unit_007476,HongKong,22,22,424.5,13,2.3655,0.0,0.0,0.5,22.488889,114.071191,13|22|7|21|31,0.1017|0.0997|0.0640|0.0479|0.0474,
unit_007477,HongKong,10,14,236.3,13,2.3106,3e-05,0.0,0.5,22.486518,114.070281,13|22|21|7|31,0.1170|0.0925|0.0883|0.0793|0.0281,
unit_007478,HongKong,22,22,404.9,22,2.1838,0.0,0.0,0.5,22.484774,114.07627,22|31|16|13|3,0.1507|0.0572|0.0429|0.0357|0.0296,
unit_007479,HongKong,12,12,276.7,22,2.3025,0.0,0.0,0.5,22.484826,114.078637,22|31|23|27|16,0.1305|0.0890|0.0633|0.0552|0.0428,
unit_007480,HongKong,9,9,202.0,22,2.2333,0.0,0.0,0.5,22.482816,114.072802,22|31|7|13|16,0.1636|0.0853|0.0768|0.0576|0.0526,
unit_007481,HongKong,26,26,543.9,22,2.3639,0.0,0.0,0.5,22.487506,114.074262,22|27|13|21|7,0.1336|0.0670|0.0648|0.0502|0.0439,
unit_007482,HongKong,8,8,183.5,22,2.4319,0.0,0.0,0.5,22.510067,114.106503,22|21|27|13|7,0.1261|0.0943|0.0880|0.0754|0.0571,
unit_007483,HongKong,7,7,150.8,7,2.4922,0.0,0.0,0.5,22.500146,114.098978,7|13|22|10|27,0.1051|0.0729|0.0715|0.0636|0.0632,
unit_007484,HongKong,8,8,182.0,22,2.2649,0.0,0.0,0.5,22.473249,114.064627,22|13|3|16|23,0.0879|0.0839|0.0664|0.0460|0.0456,
unit_007485,HongKong,8,8,175.0,22,2.4603,0.0,0.0,0.5,22.472401,114.070358,22|7|31|13|23,0.0997|0.0942|0.0924|0.0611|0.0584,
unit_007486,HongKong,8,8,175.0,22,2.2957,0.0,0.14383,0.5359,22.471854,114.072914,22|3|7|13|31,0.1117|0.0830|0.0737|0.0715|0.0515,
unit_007487,HongKong,18,18,351.9,7,2.3059,0.0,0.0,0.5,22.492296,114.102727,7|13|21|31|27,0.1643|0.0661|0.0649|0.0557|0.0408,
unit_007488,HongKong,4,4,75.2,13,2.4489,0.0,0.0,0.5,22.494275,114.072227,13|16|31|3|10,0.0987|0.0787|0.0621|0.0521|0.0507,
unit_007490,HongKong,8,9,175.4,27,2.2502,0.0,0.1414,0.5353,22.368945,114.14741,27|22|21|16|2,0.1264|0.1179|0.0677|0.0567|0.0423,
unit_007491,HongKong,13,17,300.7,22,2.2952,8e-05,0.0,0.5,22.366574,114.151101,22|27|23|31|2,0.1251|0.1021|0.0401|0.0343|0.0283,
unit_007492,HongKong,18,19,425.9,27,2.2528,4e-05,0.0,0.5,22.363237,114.149879,27|23|22|21|2,0.1231|0.0874|0.0630|0.0506|0.0434,
unit_007493,HongKong,9,9,200.4,23,2.2832,0.0,0.0,0.5,22.359531,114.150677,23|22|27|2|31,0.1085|0.0924|0.0837|0.0424|0.0400,
unit_007494,HongKong,8,8,175.4,27,2.3339,0.0,0.0,0.5,22.356745,114.151137,27|23|21|22|2,0.1138|0.1015|0.0767|0.0765|0.0626,
unit_007495,HongKong,11,17,250.6,23,2.2895,8e-05,0.0,0.5,22.353998,114.15222,23|22|27|2|21,0.0939|0.0907|0.0786|0.0600|0.0589,
unit_007496,HongKong,8,9,175.4,27,2.4106,0.0,0.20294,0.5506,22.350448,114.153903,27|22|21|23|18,0.1141|0.0734|0.0409|0.0368|0.0281,
unit_007497,HongKong,9,9,206.3,22,2.3697,0.0,0.0,0.5,22.361803,114.022677,22|13|3|23|27,0.1293|0.0648|0.0582|0.0415|0.0404,
unit_007498,HongKong,9,9,206.3,22,2.3697,0.0,0.0,0.5,22.361803,114.022677,22|13|3|23|27,0.1293|0.0648|0.0582|0.0415|0.0404,
unit_007500,HongKong,7,8,150.2,18,2.4459,0.0,0.33537,0.5831,22.416835,114.063566,18|2|21|3|22,0.1078|0.0844|0.0825|0.0644|0.0593,
unit_007501,HongKong,6,7,125.1,22,2.2932,0.0,0.33537,0.5831,22.415396,114.063293,22|13|31|10|21,0.1227|0.0898|0.0390|0.0312|0.0265,
unit_007502,HongKong,8,8,175.2,21,2.3281,0.0,0.0,0.5,22.412912,114.062256,21|18|22|16|23,0.1061|0.0866|0.0782|0.0613|0.0537,
unit_007503,HongKong,7,7,150.2,21,2.2654,0.0,0.0,0.5,22.411261,114.061283,21|22|18|16|23,0.0900|0.0755|0.0583|0.0536|0.0509,
unit_007504,HongKong,7,7,150.2,14,1.4961,0.0,0.0,0.5,22.407038,114.059849,14|21|23|18|2,0.1513|0.0385|0.0236|0.0230|0.0094,
unit_007505,HongKong,7,13,150.2,14,1.4133,0.0,0.0,0.5,22.403233,114.060204,14|18|21|23|16,0.1653|0.0420|0.0359|0.0225|0.0085,
unit_007506,HongKong,19,23,450.5,14,1.5527,1e-05,0.0,0.5,22.398777,114.060896,14|18|21|23|16,0.1536|0.0493|0.0416|0.0240|0.0073,
unit_007507,HongKong,15,24,350.4,14,1.3841,0.0,0.0,0.5,22.394766,114.061518,14|18|21|23|3,0.1495|0.0408|0.0349|0.0231|0.0042,
unit_007508,HongKong,8,8,175.2,14,1.3429,0.0,0.0,0.5,22.39109,114.062089,14|18|21|23|10,0.1531|0.0390|0.0364|0.0199|0.0048,
unit_007509,HongKong,8,8,175.2,14,1.3981,0.0,0.0,0.5,22.387971,114.062574,14|18|21|23|16,0.1530|0.0507|0.0360|0.0231|0.0055,
unit_007510,HongKong,7,7,150.2,14,1.5843,0.0,0.0,0.5,22.386079,114.062885,14|18|21|23|2,0.1607|0.0423|0.0378|0.0189|0.0100,
unit_007511,HongKong,10,15,225.3,14,1.57,0.0,0.0,0.5,22.383078,114.063395,14|18|21|23|16,0.1547|0.0515|0.0410|0.0223|0.0088,
unit_007512,HongKong,18,30,425.5,14,1.6027,0.0,0.0,0.5,22.378792,114.064652,14|18|23|21|16,0.1632|0.0625|0.0308|0.0262|0.0203,
unit_007513,HongKong,15,16,350.4,16,2.5277,6e-05,0.0,0.5,22.374368,114.06917,16|23|18|3|31,0.0875|0.0711|0.0671|0.0637|0.0560,
unit_007514,HongKong,13,15,301.9,18,2.4134,9e-05,0.0,0.5,22.421325,114.063938,18|3|21|23|10,0.0921|0.0905|0.0824|0.0580|0.0341,
unit_007515,HongKong,11,16,251.6,21,2.2309,1e-05,0.0,0.5,22.425841,114.064055,21|23|27|14|18,0.0914|0.0892|0.0818|0.0482|0.0464,
unit_007516,HongKong,8,8,176.1,23,2.3064,0.0,0.0,0.5,22.428428,114.063774,23|21|27|2|18,0.0887|0.0740|0.0635|0.0580|0.0567,
unit_007517,HongKong,8,8,176.1,21,2.3866,0.0,0.0,0.5,22.4304,114.063261,21|22|3|23|18,0.1175|0.0811|0.0723|0.0704|0.0693,
unit_007518,HongKong,16,16,377.4,21,2.4667,3e-05,0.0,0.5,22.433623,114.061642,21|18|2|23|31,0.0946|0.0765|0.0623|0.0575|0.0493,
unit_007520,HongKong,8,8,175.7,31,2.4933,0.0,0.0,0.5,22.376969,113.991732,31|16|27|22|10,0.0929|0.0751|0.0676|0.0485|0.0471,
unit_007521,HongKong,12,12,144.7,18,2.3442,0.0,0.0,0.5,22.376115,113.993043,18|16|31|10|23,0.1404|0.0881|0.0470|0.0470|0.0410,
unit_007522,HongKong,24,24,470.6,21,2.3276,0.0,0.0,0.5,22.4743,114.153371,21|18|3|14|23,0.0930|0.0695|0.0659|0.0600|0.0562,
unit_007523,HongKong,36,36,724.8,3,2.4586,0.0,0.0,0.5,22.475122,114.151891,3|7|10|21|27,0.1041|0.0899|0.0833|0.0720|0.0644,
unit_007524,HongKong,4,4,52.3,7,2.3594,0.0,0.0,0.5,22.475781,114.151059,7|13|22|23|3,0.1178|0.0833|0.0726|0.0549|0.0503,
unit_007525,HongKong,6,6,127.8,7,2.3239,0.0,0.0,0.5,22.420424,114.074702,7|3|13|27|21,0.1265|0.0761|0.0760|0.0525|0.0512,
unit_007526,HongKong,4,4,77.3,13,2.434,0.0,0.0,0.5,22.422863,114.075398,13|7|3|10|31,0.1084|0.1064|0.0669|0.0529|0.0506,
unit_007527,HongKong,8,8,177.7,22,2.4019,0.0,0.0,0.5,22.469489,114.068654,22|31|13|7|23,0.0784|0.0690|0.0614|0.0594|0.0525,
unit_007528,HongKong,7,8,152.3,22,2.3697,0.0,0.05366,0.5134,22.469619,114.065598,22|31|16|3|23,0.1265|0.0896|0.0683|0.0462|0.0354,
unit_007529,HongKong,6,7,126.9,16,2.3748,0.0,0.05366,0.5134,22.469464,114.064137,16|31|22|7|13,0.1141|0.1008|0.0997|0.0654|0.0580,
unit_007530,HongKong,6,6,109.6,10,2.5492,0.0,0.0,0.5,22.446891,114.039403,10|31|1|3|16,0.0811|0.0782|0.0766|0.0604|0.0588,
unit_007532,HongKong,8,8,177.7,1,2.4446,0.0,0.0,0.5,22.353391,114.104308,1|31|7|21|3,0.1116|0.1046|0.0739|0.0541|0.0539,
unit_007533,HongKong,7,7,155.3,2,2.5464,0.0,0.0,0.5,22.353253,114.098786,2|1|21|27|7,0.0754|0.0695|0.0695|0.0595|0.0566,
unit_007534,HongKong,7,7,152.1,31,2.4186,0.0,0.0,0.5,22.350759,114.104698,31|1|3|16|27,0.1268|0.0959|0.0615|0.0537|0.0481,
unit_007535,HongKong,7,12,152.2,21,2.4594,1e-05,0.0,0.5,22.470366,114.049426,21|10|3|13|2,0.1123|0.0734|0.0672|0.0589|0.0528,
unit_007536,HongKong,7,7,153.3,21,2.3791,0.0,0.0,0.5,22.474841,114.051596,21|22|10|3|31,0.1042|0.1032|0.0702|0.0619|0.0435,
unit_007537,HongKong,3,3,51.6,21,2.4245,0.0,0.0,0.5,22.470877,114.056473,21|22|3|31|16,0.1056|0.0931|0.0816|0.0672|0.0643,
unit_007538,HongKong,7,7,159.4,21,2.3568,0.0,0.0,0.5,22.474542,114.056618,21|31|13|3|22,0.1397|0.0664|0.0664|0.0643|0.0561,
unit_007539,HongKong,21,25,427.8,31,2.4478,1e-05,0.06686,0.5167,22.46167,114.151728,31|3|1|16|10,0.0907|0.0780|0.0672|0.0649|0.0562,
unit_007540,HongKong,4,4,80.7,31,2.5053,0.0,0.20264,0.5505,22.433921,114.00269,31|22|18|16|7,0.1022|0.0936|0.0842|0.0631|0.0559,
unit_007541,HongKong,6,6,131.7,31,2.5053,0.0,0.0,0.5,22.434219,114.003536,31|22|18|16|7,0.1022|0.0936|0.0842|0.0631|0.0559,
unit_007543,HongKong,8,8,175.8,23,2.3925,0.0,0.0,0.5,22.379961,114.140178,23|2|16|27|22,0.1146|0.0729|0.0689|0.0660|0.0634,
unit_007544,HongKong,8,8,175.8,14,1.7064,0.0,0.0,0.5,22.376964,114.145438,14|18|16|23|31,0.1452|0.0618|0.0346|0.0265|0.0160,
unit_007545,HongKong,11,23,251.2,14,1.6473,0.0,0.0,0.5,22.376491,114.148899,14|16|18|23|31,0.1408|0.0437|0.0396|0.0196|0.0161,
unit_007546,HongKong,8,8,175.8,14,1.6386,0.0,0.0,0.5,22.376878,114.151917,14|16|18|23|31,0.1511|0.0421|0.0415|0.0197|0.0123,
unit_007547,HongKong,7,7,150.7,14,1.6695,0.0,0.0,0.5,22.377394,114.15377,14|18|16|23|31,0.1475|0.0553|0.0326|0.0227|0.0162,
unit_007548,HongKong,8,15,175.8,14,1.8445,0.0,0.0,0.5,22.378629,114.158007,14|16|18|23|2,0.1557|0.0453|0.0414|0.0237|0.0156,
unit_007549,HongKong,8,8,175.8,14,1.7746,0.0,0.0,0.5,22.379389,114.160614,14|18|16|23|27,0.1480|0.0478|0.0432|0.0278|0.0104,
unit_007550,HongKong,8,8,175.8,14,1.6422,0.0,0.0,0.5,22.380198,114.163442,14|18|16|23|31,0.1540|0.0537|0.0381|0.0260|0.0153,
unit_007551,HongKong,5,8,100.5,14,1.9564,1e-05,0.06155,0.5154,22.380574,114.165097,14|16|18|23|31,0.1447|0.0457|0.0372|0.0313|0.0227,
unit_007552,HongKong,5,8,100.5,16,2.5009,2e-05,0.06155,0.5154,22.380762,114.166212,16|23|14|31|2,0.0919|0.0585|0.0563|0.0517|0.0510,
unit_007553,HongKong,8,8,175.8,16,2.414,0.0,0.0,0.5,22.381115,114.167872,16|22|23|31|18,0.0982|0.0752|0.0657|0.0617|0.0596,
unit_007554,HongKong,8,8,175.8,16,2.5102,0.0,0.0,0.5,22.382068,114.170884,16|18|23|22|27,0.0916|0.0803|0.0766|0.0676|0.0635,
unit_007555,HongKong,8,8,175.8,16,2.4666,0.0,0.0,0.5,22.382155,114.174769,16|22|18|27|23,0.1103|0.0915|0.0872|0.0679|0.0609,
unit_007556,HongKong,4,4,76.4,18,2.4774,0.0,0.0,0.5,22.464276,114.149859,18|21|10|3|23,0.1100|0.0857|0.0645|0.0634|0.0559,
unit_007557,HongKong,6,6,101.9,21,2.3629,0.0,0.0,0.5,22.466631,114.151833,21|7|31|22|16,0.1279|0.0988|0.0879|0.0876|0.0751,
unit_007558,HongKong,6,6,133.8,31,2.4485,0.0,0.0,0.5,22.462349,114.152319,31|7|16|13|27,0.0974|0.0950|0.0678|0.0573|0.0556,
unit_007559,HongKong,8,10,175.2,21,2.4481,0.0,0.05477,0.5137,22.383169,113.968654,21|1|3|13|31,0.0883|0.0779|0.0768|0.0733|0.0694,
unit_007560,HongKong,24,34,501.8,1,2.3857,1e-05,0.0,0.5,22.371927,114.119823,1|21|31|7|16,0.1280|0.0786|0.0597|0.0596|0.0555,
unit_007562,HongKong,8,8,175.9,18,2.1736,0.0,0.0,0.5,22.35353,114.082421,18|10|16|2|13,0.1374|0.0682|0.0468|0.0462|0.0305,
unit_007563,HongKong,8,8,175.9,18,1.8196,0.0,0.0,0.5,22.352625,114.079148,18|10|7|16|23,0.0910|0.0889|0.0375|0.0291|0.0210,
unit_007564,HongKong,7,7,150.8,18,1.713,0.0,0.0,0.5,22.351926,114.07664,18|10|7|23|16,0.0852|0.0778|0.0281|0.0214|0.0191,
unit_007565,HongKong,8,8,175.9,18,2.0919,0.0,0.0,0.5,22.351287,114.07435,18|10|16|7|2,0.0906|0.0813|0.0541|0.0353|0.0228,
unit_007566,HongKong,16,16,377.0,18,1.8667,0.0,0.0,0.5,22.350497,114.071515,18|10|7|16|23,0.0921|0.0894|0.0341|0.0246|0.0204,
unit_007567,HongKong,8,8,175.9,18,2.1046,0.0,0.0,0.5,22.349402,114.06759,18|10|16|7|2,0.1115|0.0788|0.0460|0.0409|0.0248,
unit_007568,HongKong,8,8,175.9,18,1.9091,0.0,0.0,0.5,22.348854,114.065627,18|10|1|7|16,0.0913|0.0903|0.0269|0.0269|0.0233,
unit_007569,HongKong,21,22,502.6,18,2.2614,1e-05,0.0,0.5,22.347056,114.060159,18|10|23|16|21,0.1542|0.0554|0.0469|0.0331|0.0251,
unit_007570,HongKong,8,8,175.9,18,2.1334,0.0,0.0,0.5,22.34531,114.057126,18|10|2|16|7,0.1354|0.0646|0.0381|0.0364|0.0361,
unit_007571,HongKong,7,7,150.8,18,1.8149,0.0,0.0,0.5,22.344136,114.055324,18|10|23|7|16,0.1119|0.0770|0.0403|0.0274|0.0213,
unit_007573,HongKong,7,7,152.5,21,2.4859,0.0,0.0,0.5,22.438415,114.069001,21|31|16|10|13,0.0962|0.0846|0.0768|0.0539|0.0511,
unit_007574,HongKong,30,30,617.1,16,2.3083,0.0,0.0,0.5,22.440615,114.077074,16|13|31|22|3,0.0857|0.0697|0.0665|0.0589|0.0445,
unit_007575,HongKong,8,8,176.2,16,2.464,0.0,0.0,0.5,22.443041,114.082409,16|7|31|22|18,0.1026|0.1002|0.0745|0.0648|0.0621,
unit_007576,HongKong,8,8,176.2,3,2.4494,0.0,0.0,0.5,22.443474,114.079273,3|31|13|7|22,0.0857|0.0845|0.0823|0.0768|0.0582,
unit_007577,HongKong,8,8,176.2,13,2.4356,0.0,0.0,0.5,22.44326,114.077252,13|31|22|3|7,0.0905|0.0869|0.0834|0.0697|0.0483,
unit_007578,HongKong,8,8,176.7,13,2.3299,0.0,0.0,0.5,22.444205,114.083382,13|21|7|10|2,0.1226|0.0725|0.0699|0.0612|0.0488,
unit_007579,HongKong,9,9,202.0,22,2.2859,0.0,0.0,0.5,22.446383,114.082467,22|23|7|13|3,0.1349|0.0660|0.0649|0.0590|0.0537,
unit_007580,HongKong,3,3,54.7,16,2.3672,0.0,0.11405,0.5285,22.441976,114.084826,16|31|7|13|10,0.0994|0.0867|0.0746|0.0666|0.0525,
unit_007581,HongKong,4,4,54.7,16,2.3506,0.0,0.11405,0.5285,22.442117,114.085412,16|7|13|31|3,0.0806|0.0763|0.0762|0.0655|0.0599,
unit_007582,HongKong,8,8,177.6,22,2.4531,0.0,0.0,0.5,22.440905,114.080424,22|31|7|21|10,0.1075|0.0897|0.0761|0.0721|0.0611,
unit_007583,HongKong,32,42,543.2,13,2.1237,0.0,0.09324,0.5233,22.410793,114.062653,13|7|21|22|2,0.1409|0.0892|0.0569|0.0502|0.0301,
unit_007585,HongKong,14,14,252.1,14,2.1937,0.0,0.35271,0.5873,22.358532,114.019109,14|2|21|18|10,0.1133|0.0673|0.0524|0.0346|0.0294,
unit_007587,HongKong,8,8,179.1,22,2.3629,0.0,0.0,0.5,22.516507,114.117595,22|7|27|16|31,0.1482|0.0544|0.0540|0.0509|0.0411,
unit_007588,HongKong,9,9,200.1,3,2.4462,0.0,0.0,0.5,22.523102,114.092519,3|22|1|31|13,0.1108|0.0980|0.0482|0.0443|0.0425,
unit_007589,HongKong,8,8,175.1,22,2.4809,0.0,0.0,0.5,22.521925,114.090795,22|3|31|1|23,0.1466|0.0586|0.0565|0.0542|0.0484,
unit_007590,HongKong,8,8,175.1,22,2.3099,0.0,0.0,0.5,22.520535,114.089326,22|21|16|7|3,0.1831|0.0508|0.0484|0.0474|0.0366,
unit_007591,HongKong,8,8,175.1,22,2.314,0.0,0.0,0.5,22.519701,114.08757,22|3|31|23|16,0.1383|0.0692|0.0652|0.0493|0.0438,
unit_007592,HongKong,15,24,350.2,22,2.3927,5e-05,0.0,0.5,22.517597,114.084137,22|7|13|16|31,0.1714|0.0541|0.0520|0.0465|0.0448,
unit_007593,HongKong,8,8,175.1,22,2.1564,0.0,0.0,0.5,22.515377,114.08102,22|3|7|13|23,0.1240|0.0661|0.0536|0.0445|0.0402,
unit_007595,HongKong,8,8,175.1,22,2.2198,0.0,0.0,0.5,22.526266,114.096021,22|3|13|7|1,0.1342|0.0753|0.0552|0.0441|0.0408,
unit_007596,HongKong,8,8,175.1,22,2.3096,0.0,0.0,0.5,22.527759,114.098469,22|1|13|21|16,0.1390|0.0315|0.0309|0.0300|0.0280,
unit_007597,HongKong,17,17,400.3,22,2.3432,1e-05,0.0,0.5,22.529604,114.100412,22|31|3|16|23,0.1453|0.0689|0.0522|0.0419|0.0413,
unit_007598,HongKong,8,8,175.1,22,2.3517,0.0,0.0,0.5,22.530366,114.104264,22|3|31|16|23,0.1246|0.0603|0.0564|0.0535|0.0368,
unit_007599,HongKong,9,9,200.2,22,2.3881,0.0,0.0,0.5,22.528458,114.106409,22|27|21|7|3,0.1698|0.0730|0.0506|0.0487|0.0390,
unit_007600,HongKong,8,8,175.1,22,2.1891,0.0,0.0,0.5,22.527632,114.108037,22|31|16|23|3,0.1451|0.0783|0.0686|0.0396|0.0367,
unit_007601,HongKong,8,8,86.6,13,2.2531,0.0,0.0,0.5,22.515316,114.074213,13|7|3|22|23,0.0979|0.0668|0.0648|0.0565|0.0481,
unit_007602,HongKong,8,8,175.3,31,2.4495,0.0,0.0,0.5,22.501802,114.126596,31|1|16|21|7,0.1058|0.1013|0.0708|0.0631|0.0506,
unit_007603,HongKong,8,8,179.5,13,2.3497,0.0,0.0,0.5,22.540593,114.144668,13|16|31|10|3,0.0920|0.0787|0.0565|0.0540|0.0538,
unit_007604,HongKong,8,8,179.5,22,2.2969,0.0,0.24412,0.5607,22.540627,114.146976,22|31|13|16|3,0.0971|0.0931|0.0723|0.0637|0.0546,
unit_007605,HongKong,8,8,178.6,18,2.4831,0.0,0.0,0.5,22.541193,114.142526,18|10|31|7|2,0.0944|0.0817|0.0550|0.0499|0.0455,
unit_007606,HongKong,10,16,226.1,22,2.2472,1e-05,0.0,0.5,22.53171,114.136253,22|13|3|16|23,0.1779|0.0437|0.0437|0.0387|0.0330,
unit_007607,HongKong,44,64,987.2,13,2.5117,8e-05,0.0,0.5,22.535818,114.133468,13|22|31|3|16,0.0913|0.0819|0.0693|0.0693|0.0690,
unit_007608,HongKong,14,14,311.8,22,2.1359,0.0,0.0,0.5,22.531295,114.141573,22|13|3|1|27,0.1295|0.0427|0.0396|0.0260|0.0244,
unit_007609,HongKong,13,16,301.2,22,2.4042,4e-05,0.0,0.5,22.539056,114.136523,22|13|7|31|3,0.1294|0.0931|0.0751|0.0694|0.0591,
unit_007610,HongKong,9,9,200.8,22,2.4939,0.0,0.0,0.5,22.54201,114.139125,22|31|23|3|2,0.1101|0.0773|0.0571|0.0531|0.0523,
unit_007611,HongKong,10,16,226.1,22,2.2472,1e-05,0.0,0.5,22.53171,114.136253,22|13|3|16|23,0.1779|0.0437|0.0437|0.0387|0.0330,
unit_007612,HongKong,9,21,203.5,22,2.3321,2e-05,0.0,0.5,22.418929,113.924143,22|21|16|31|7,0.1591|0.1051|0.0802|0.0797|0.0531,
unit_007613,HongKong,8,16,176.9,21,2.3979,5e-05,0.0,0.5,22.398851,113.917961,21|22|18|31|7,0.1401|0.1127|0.0623|0.0483|0.0440,
unit_007614,HongKong,8,8,176.9,18,2.3818,0.0,0.0,0.5,22.396915,113.918623,18|21|22|23|10,0.1169|0.1122|0.0664|0.0623|0.0572,
unit_007615,HongKong,15,16,353.8,21,2.3962,3e-05,0.0,0.5,22.39352,113.919563,21|22|7|18|27,0.1365|0.1176|0.0457|0.0454|0.0396,
unit_007616,HongKong,7,7,155.2,21,2.3662,0.0,0.08147,0.5204,22.405441,113.917448,21|22|27|16|23,0.1204|0.1085|0.0925|0.0497|0.0446,
unit_007617,HongKong,6,8,126.5,13,2.1694,0.0,0.06513,0.5163,22.399432,113.916933,13|22|3|21|23,0.1020|0.0563|0.0434|0.0427|0.0418,
unit_007618,HongKong,6,11,126.5,22,2.2961,1e-05,0.06513,0.5163,22.398198,113.91747,22|13|7|21|3,0.1271|0.0911|0.0537|0.0403|0.0391,
unit_007619,HongKong,7,7,151.8,18,2.3818,0.0,0.0,0.5,22.396857,113.918471,18|21|22|23|10,0.1169|0.1122|0.0664|0.0623|0.0572,
unit_007620,HongKong,11,11,253.0,21,2.3881,3e-05,0.0,0.5,22.393692,113.919093,21|22|18|7|27,0.1389|0.1157|0.0505|0.0438|0.0397,
unit_007621,HongKong,9,15,200.4,18,2.3568,2e-05,0.0,0.5,22.371725,114.078673,18|16|10|23|31,0.1314|0.0944|0.0659|0.0596|0.0365,
unit_007622,HongKong,10,16,225.5,18,2.4206,1e-05,0.0,0.5,22.369528,114.085739,18|16|31|22|10,0.1221|0.0903|0.0720|0.0525|0.0495,
unit_007623,HongKong,8,8,175.4,18,2.475,0.0,0.0,0.5,22.370502,114.090438,18|16|10|23|31,0.1390|0.0663|0.0615|0.0613|0.0593,
unit_007624,HongKong,8,8,175.4,18,2.3844,0.0,0.0,0.5,22.370778,114.092961,18|16|14|27|31,0.0954|0.0949|0.0923|0.0528|0.0520,
unit_007625,HongKong,15,23,350.7,21,2.5626,0.00011,0.0,0.5,22.371615,114.097568,21|22|18|27|31,0.0835|0.0809|0.0763|0.0737|0.0722,
unit_007626,HongKong,7,7,150.3,18,2.3726,0.0,0.0,0.5,22.373351,114.100329,18|14|16|31|10,0.0946|0.0901|0.0697|0.0547|0.0453,
unit_007627,HongKong,10,10,200.8,13,2.1881,0.0,0.0,0.5,22.46816,114.043828,13|3|22|7|31,0.0690|0.0651|0.0522|0.0354|0.0352,
unit_007628,HongKong,11,16,251.1,13,2.2875,8e-05,0.0,0.5,22.470791,114.044654,13|7|22|21|16,0.1099|0.0892|0.0877|0.0639|0.0398,
unit_007629,HongKong,8,8,175.7,7,2.3382,0.0,0.0,0.5,22.47296,114.046544,7|31|13|27|22,0.1066|0.1015|0.0922|0.0792|0.0590,
unit_007630,HongKong,9,9,203.2,3,2.1967,0.0,0.0,0.5,22.4239,113.940016,3|13|22|10|7,0.0947|0.0784|0.0753|0.0349|0.0337,
unit_007631,HongKong,30,36,608.4,22,2.1738,1e-05,0.15655,0.5391,22.423323,113.942831,22|13|7|16|14,0.1056|0.0858|0.0677|0.0404|0.0297,
unit_007632,HongKong,8,8,181.3,22,2.3859,0.0,0.0,0.5,22.513599,114.080665,22|7|21|23|27,0.1591|0.0714|0.0536|0.0434|0.0401,
unit_007633,HongKong,4,4,51.8,22,2.1564,0.0,0.0,0.5,22.515134,114.081795,22|3|7|13|23,0.1240|0.0661|0.0536|0.0445|0.0402,
unit_007634,HongKong,6,9,127.9,22,2.4472,3e-05,0.06189,0.5155,22.511305,114.078623,22|31|13|16|2,0.1070|0.0678|0.0647|0.0527|0.0480,
unit_007635,HongKong,8,8,181.3,22,2.3859,0.0,0.0,0.5,22.513599,114.080665,22|7|21|23|27,0.1591|0.0714|0.0536|0.0434|0.0401,
unit_007636,HongKong,8,8,186.6,22,2.4582,0.0,0.0,0.5,22.416003,114.070128,22|21|7|3|27,0.1029|0.0976|0.0706|0.0643|0.0620,
unit_007638,HongKong,40,48,890.4,13,2.3371,4e-05,0.0,0.5,22.423388,114.042085,13|7|31|22|16,0.1144|0.0769|0.0755|0.0646|0.0509,
unit_007639,HongKong,18,18,342.3,7,2.2714,0.0,0.0,0.5,22.445789,114.127658,7|31|22|3|27,0.1454|0.0527|0.0498|0.0451|0.0427,
unit_007640,HongKong,5,8,106.0,31,2.4485,3e-05,0.07061,0.5176,22.443821,114.129764,31|22|16|21|7,0.0982|0.0929|0.0820|0.0802|0.0640,
unit_007641,HongKong,4,4,69.9,7,2.2714,0.0,0.0,0.5,22.44656,114.127541,7|31|22|3|27,0.1454|0.0527|0.0498|0.0451|0.0427,
unit_007642,HongKong,32,34,723.3,13,2.3378,0.0,0.06787,0.517,22.441006,114.0436,13|7|31|21|3,0.1261|0.1088|0.0702|0.0512|0.0340,
unit_007643,HongKong,7,7,160.9,7,2.328,0.0,0.24678,0.5614,22.442455,114.043366,7|27|13|21|22,0.0988|0.0909|0.0747|0.0575|0.0561,
unit_007644,HongKong,28,34,560.5,22,2.198,0.0,0.10276,0.5257,22.447164,114.141197,22|3|7|13|27,0.1182|0.1036|0.0668|0.0561|0.0536,
unit_007646,HongKong,10,10,226.7,13,2.2495,0.0,0.0,0.5,22.440928,114.100129,13|2|3|10|16,0.0562|0.0362|0.0330|0.0306|0.0293,
unit_007647,HongKong,8,8,176.3,22,2.2712,0.0,0.0,0.5,22.439797,114.098503,22|13|7|31|3,0.1213|0.0769|0.0641|0.0597|0.0324,
unit_007648,HongKong,48,58,878.5,7,2.3841,0.0001,0.33244,0.5823,22.442132,114.097083,7|13|31|1|21,0.1238|0.0793|0.0462|0.0402|0.0368,
unit_007653,HongKong,8,8,177.9,13,2.3796,0.0,0.0,0.5,22.426671,114.102294,13|7|22|31|3,0.1508|0.0653|0.0574|0.0509|0.0507,
unit_007654,HongKong,6,6,127.0,31,2.3079,0.0,0.0,0.5,22.429603,114.100386,31|7|13|22|3,0.0766|0.0745|0.0605|0.0581|0.0452,
unit_007655,HongKong,26,40,516.5,7,2.3006,2e-05,0.0,0.5,22.416672,114.076066,7|3|13|27|22,0.1364|0.0758|0.0743|0.0552|0.0478,
unit_007656,HongKong,9,9,202.0,22,2.2859,0.0,0.0,0.5,22.446383,114.082467,22|23|7|13|3,0.1349|0.0660|0.0649|0.0590|0.0537,
unit_007657,HongKong,8,8,176.7,13,2.3299,0.0,0.0,0.5,22.444205,114.083382,13|21|7|10|2,0.1226|0.0725|0.0699|0.0612|0.0488,
unit_007658,HongKong,4,4,83.2,22,2.365,0.0,0.47815,0.6173,22.497046,114.074603,22|31|16|10|1,0.1138|0.0632|0.0593|0.0322|0.0314,
unit_007659,HongKong,50,76,850.6,7,2.2523,1e-05,0.47815,0.6173,22.497341,114.073406,7|3|13|1|27,0.1406|0.0577|0.0562|0.0501|0.0480,
unit_007660,HongKong,22,24,433.3,22,2.3744,0.0,0.16122,0.5402,22.496279,114.07471,22|31|16|10|1,0.1140|0.0640|0.0612|0.0321|0.0314,
unit_007661,HongKong,5,5,100.8,31,2.3032,0.0,0.0,0.5,22.366176,114.004052,31|22|13|7|16,0.0791|0.0782|0.0690|0.0663|0.0644,
unit_007662,HongKong,7,8,150.4,13,2.3622,0.0,0.10173,0.5254,22.470254,113.987475,13|22|7|3|31,0.1171|0.1114|0.0574|0.0447|0.0364,
unit_007663,HongKong,7,8,150.4,22,2.3656,1e-05,0.10173,0.5254,22.471449,113.988443,22|27|21|23|13,0.1329|0.1050|0.0735|0.0569|0.0567,
unit_007664,HongKong,11,16,250.7,22,2.4255,6e-05,0.0,0.5,22.474287,113.989649,22|7|13|31|21,0.1063|0.1047|0.0785|0.0659|0.0615,
unit_007665,HongKong,8,8,175.5,22,2.5171,0.0,0.0,0.5,22.475945,113.991892,22|27|16|31|2,0.0900|0.0855|0.0847|0.0710|0.0671,
unit_007666,HongKong,32,36,647.7,7,2.4206,1e-05,0.18737,0.5467,22.465383,114.14846,7|10|13|31|22,0.1090|0.0661|0.0557|0.0556|0.0445,
unit_007667,HongKong,22,40,490.5,7,2.3725,4e-05,0.0,0.5,22.463529,114.145073,7|13|22|31|23,0.1018|0.0996|0.0995|0.0613|0.0603,
unit_007668,HongKong,36,36,664.4,13,2.3429,0.0,0.0,0.5,22.45207,114.098198,13|3|21|23|1,0.0871|0.0838|0.0715|0.0380|0.0355,
unit_007669,HongKong,7,7,151.6,22,2.4023,0.0,0.0,0.5,22.454192,114.098562,22|21|23|7|31,0.1343|0.0979|0.0515|0.0492|0.0412,
unit_007670,HongKong,8,8,176.9,21,2.3511,0.0,0.0,0.5,22.456045,114.099108,21|22|31|7|27,0.1249|0.1027|0.0607|0.0558|0.0367,
unit_007671,HongKong,8,8,176.9,22,2.3285,0.0,0.1271,0.5317,22.457863,114.099884,22|23|31|3|16,0.1472|0.0685|0.0498|0.0402|0.0397,
unit_007672,HongKong,8,8,176.9,22,2.4908,0.0,0.1271,0.5317,22.459017,114.10128,22|23|27|16|21,0.0804|0.0769|0.0728|0.0605|0.0555,
unit_007673,HongKong,8,16,176.9,22,2.4187,0.0,0.0,0.5,22.461148,114.103606,22|31|16|23|7,0.1066|0.1053|0.0987|0.0684|0.0652,
unit_007674,HongKong,8,8,176.9,22,2.4099,0.0,0.11738,0.5293,22.46346,114.10531,22|3|21|13|7,0.1489|0.0692|0.0632|0.0596|0.0528,
unit_007675,HongKong,12,16,278.0,22,2.4122,6e-05,0.11738,0.5293,22.464816,114.107082,22|31|16|21|7,0.1218|0.0802|0.0677|0.0651|0.0649,
unit_007676,HongKong,8,8,176.9,22,2.3722,0.0,0.0,0.5,22.466905,114.108255,22|21|13|7|31,0.1097|0.1024|0.0909|0.0788|0.0475,
unit_007677,HongKong,10,10,200.6,13,2.3063,0.0,0.0,0.5,22.452993,114.094642,13|7|3|22|16,0.1061|0.0945|0.0724|0.0438|0.0372,
unit_007678,HongKong,8,9,175.9,22,2.4871,1e-05,0.08309,0.5208,22.395742,114.104405,22|23|21|27|31,0.1340|0.0887|0.0768|0.0712|0.0707,
unit_007679,HongKong,18,23,425.4,21,2.3581,7e-05,0.09036,0.5226,22.392152,114.102481,21|22|23|27|2,0.1047|0.1026|0.1021|0.0651|0.0472,
unit_007680,HongKong,6,8,125.1,22,2.3902,1e-05,0.08219,0.5205,22.392518,114.1037,22|27|23|16|31,0.1237|0.0886|0.0713|0.0652|0.0491,
unit_007681,HongKong,7,9,150.1,22,2.4687,1e-05,0.07402,0.5185,22.39152,114.10451,22|21|23|27|10,0.1170|0.0976|0.0609|0.0500|0.0486,
unit_007682,HongKong,9,9,200.2,22,2.3725,0.0,0.0,0.5,22.388536,114.105175,22|27|16|31|23,0.0979|0.0956|0.0854|0.0549|0.0488,
unit_007683,HongKong,12,16,275.2,22,2.5861,0.0001,0.0,0.5,22.386585,114.106902,22|23|31|27|21,0.0832|0.0738|0.0664|0.0600|0.0585,
unit_007684,HongKong,12,12,275.2,21,2.452,0.0,0.0,0.5,22.383734,114.109008,21|31|22|27|23,0.1128|0.0922|0.0840|0.0714|0.0543,
unit_007685,HongKong,8,8,175.1,22,2.4833,0.0,0.12029,0.53,22.382773,114.111674,22|16|27|18|21,0.1113|0.0891|0.0867|0.0654|0.0644,
unit_007686,HongKong,15,16,350.3,21,2.5271,6e-05,0.12029,0.53,22.380479,114.112625,21|22|27|7|16,0.1041|0.0857|0.0841|0.0541|0.0448,
unit_007687,HongKong,8,8,175.1,27,2.4385,0.0,0.0,0.5,22.377667,114.113811,27|16|22|18|10,0.1051|0.0829|0.0782|0.0686|0.0610,
unit_007688,HongKong,24,24,447.4,22,2.3941,0.0,0.0,0.5,22.411806,114.017871,22|7|3|27|13,0.1014|0.0904|0.0847|0.0488|0.0486,
unit_007689,HongKong,7,8,160.2,13,2.3932,1e-05,0.06541,0.5163,22.413444,114.016288,13|7|23|22|21,0.1207|0.0649|0.0582|0.0496|0.0414,
unit_007690,HongKong,24,32,507.5,7,2.536,0.0,0.06541,0.5163,22.414547,114.016944,7|13|21|22|27,0.0885|0.0843|0.0822|0.0738|0.0522,
unit_007691,HongKong,56,74,1196.1,21,2.5535,3e-05,0.0,0.5,22.431788,114.031983,21|7|3|13|27,0.0902|0.0795|0.0696|0.0588|0.0518,
unit_007692,HongKong,40,40,769.2,13,2.5092,0.0,0.0,0.5,22.428172,114.033834,13|7|3|21|31,0.0905|0.0787|0.0771|0.0726|0.0710,
unit_007693,HongKong,30,30,579.0,7,2.4729,0.0,0.09572,0.5239,22.425775,114.037159,7|22|3|31|13,0.0814|0.0733|0.0544|0.0429|0.0417,
unit_007694,HongKong,10,16,237.4,7,2.3882,5e-05,0.09572,0.5239,22.425514,114.038667,7|13|31|16|3,0.1179|0.0977|0.0837|0.0567|0.0456,
unit_007696,HongKong,24,24,510.2,7,2.4729,0.0,0.0,0.5,22.425434,114.036862,7|22|3|31|13,0.0814|0.0733|0.0544|0.0429|0.0417,
unit_007697,HongKong,9,9,200.6,7,2.4466,0.0,0.0,0.5,22.425678,114.035312,7|21|13|31|2,0.1145|0.1127|0.0835|0.0624|0.0508,
unit_007698,HongKong,5,5,100.5,22,2.5375,0.0,0.0,0.5,22.420431,114.027255,22|21|31|7|10,0.0913|0.0844|0.0819|0.0799|0.0730,
unit_007699,HongKong,13,16,302.0,13,2.3622,7e-05,0.20913,0.5521,22.427727,114.028559,13|7|21|3|16,0.1155|0.1090|0.0649|0.0477|0.0297,
unit_007700,HongKong,9,12,206.3,7,2.3512,4e-05,0.0,0.5,22.42817,114.028965,7|13|21|3|23,0.1193|0.1063|0.0746|0.0523|0.0440,
unit_007702,HongKong,22,22,393.8,1,2.3607,0.0,0.0,0.5,22.413775,113.975411,1|31|16|3|10,0.1063|0.0810|0.0639|0.0615|0.0505,
unit_007703,HongKong,25,35,567.2,18,2.4629,5e-05,0.0,0.5,22.457269,114.148839,18|2|23|21|16,0.0991|0.0835|0.0695|0.0695|0.0661,
unit_007704,HongKong,7,7,150.3,18,2.4631,0.0,0.0,0.5,22.452295,114.152362,18|10|3|23|21,0.1177|0.0885|0.0738|0.0702|0.0674,
unit_007706,HongKong,10,16,233.2,22,2.3892,2e-05,0.0,0.5,22.495322,114.063433,22|13|3|23|31,0.1239|0.0872|0.0754|0.0582|0.0556,
unit_007707,HongKong,14,26,327.8,3,2.3421,6e-05,0.0,0.5,22.499888,114.064613,3|22|13|7|10,0.1012|0.0789|0.0778|0.0706|0.0453,
unit_007708,HongKong,8,8,176.5,3,2.2086,0.0,0.0,0.5,22.501581,114.061211,3|22|13|7|18,0.0906|0.0899|0.0621|0.0423|0.0342,
unit_007709,HongKong,8,8,176.5,22,2.1209,0.0,0.0,0.5,22.503528,114.060794,22|3|13|1|7,0.0896|0.0673|0.0341|0.0315|0.0276,
unit_007710,HongKong,9,9,201.7,22,2.2533,0.0,0.0,0.5,22.505481,114.060106,22|3|13|2|10,0.0789|0.0609|0.0446|0.0355|0.0337,
unit_007711,HongKong,9,9,201.7,22,2.2533,0.0,0.0,0.5,22.505481,114.060106,22|3|13|2|10,0.0789|0.0609|0.0446|0.0355|0.0337,
unit_007712,HongKong,8,8,176.5,22,2.1209,0.0,0.0,0.5,22.503528,114.060794,22|3|13|1|7,0.0896|0.0673|0.0341|0.0315|0.0276,
unit_007713,HongKong,8,8,176.5,3,2.2086,0.0,0.0,0.5,22.501581,114.061211,3|22|13|7|18,0.0906|0.0899|0.0621|0.0423|0.0342,
unit_007714,HongKong,14,26,327.8,3,2.3421,6e-05,0.0,0.5,22.499888,114.064613,3|22|13|7|10,0.1012|0.0789|0.0778|0.0706|0.0453,
unit_007715,HongKong,8,8,182.1,2,2.5459,0.0,0.07291,0.5182,22.416087,113.990298,2|31|22|3|16,0.0950|0.0776|0.0621|0.0577|0.0562,
unit_007716,HongKong,7,7,156.4,13,2.2358,0.0,0.0,0.5,22.492171,114.086322,13|22|7|21|16,0.1116|0.0923|0.0916|0.0732|0.0412,
unit_007717,HongKong,6,11,129.3,22,2.2228,0.0,0.09242,0.5231,22.493472,114.086825,22|16|27|31|21,0.1714|0.0461|0.0379|0.0352|0.0326,
unit_007718,HongKong,4,4,83.2,22,2.365,0.0,0.47815,0.6173,22.497046,114.074603,22|31|16|10|1,0.1138|0.0632|0.0593|0.0322|0.0314,
unit_007719,HongKong,7,7,152.1,31,2.4186,0.0,0.0,0.5,22.350759,114.104698,31|1|3|16|27,0.1268|0.0959|0.0615|0.0537|0.0481,
unit_007721,HongKong,8,12,179.0,7,2.4099,0.0,0.07013,0.5175,22.383157,114.13925,7|21|3|1|23,0.1466|0.0593|0.0570|0.0485|0.0464,
unit_007723,HongKong,8,8,175.6,27,2.3389,0.0,0.0,0.5,22.373014,113.925821,27|21|16|22|18,0.1317|0.0827|0.0681|0.0633|0.0527,
unit_007724,HongKong,15,16,351.3,27,2.4263,2e-05,0.0,0.5,22.375436,113.924367,27|21|22|16|13,0.0970|0.0841|0.0776|0.0563|0.0493,
unit_007725,HongKong,12,16,276.0,21,2.3442,4e-05,0.0,0.5,22.378349,113.922869,21|22|27|16|18,0.0892|0.0832|0.0745|0.0688|0.0644,
unit_007726,HongKong,4,4,76.4,18,2.4774,0.0,0.0,0.5,22.464276,114.149859,18|21|10|3|23,0.1100|0.0857|0.0645|0.0634|0.0559,
unit_007728,HongKong,6,7,132.1,18,2.3274,0.0,0.16276,0.5406,22.424281,113.983506,18|10|21|23|7,0.1598|0.0792|0.0667|0.0510|0.0442,
unit_007729,HongKong,21,38,379.6,22,2.5535,6e-05,0.16429,0.541,22.425344,113.982784,22|7|13|3|18,0.0885|0.0861|0.0837|0.0818|0.0639,
unit_007730,HongKong,3,4,51.3,18,2.3403,0.0,0.16514,0.5412,22.424134,113.984597,18|10|21|23|7,0.1603|0.0787|0.0676|0.0502|0.0456,
unit_007731,HongKong,6,7,132.1,18,2.3274,0.0,0.16276,0.5406,22.424281,113.983506,18|10|21|23|7,0.1598|0.0792|0.0667|0.0510|0.0442,
unit_007733,HongKong,12,12,250.9,13,2.4304,0.0,0.0,0.5,22.426521,113.986418,13|22|7|31|10,0.0924|0.0781|0.0749|0.0571|0.0550,
unit_007736,HongKong,8,8,177.9,31,2.4123,0.0,0.0,0.5,22.441088,114.03684,31|27|21|7|1,0.0777|0.0755|0.0667|0.0619|0.0606,
unit_007737,HongKong,22,22,412.3,10,2.5377,0.0,0.0,0.5,22.438105,114.039131,10|3|7|13|22,0.0683|0.0635|0.0635|0.0611|0.0523,
unit_007738,HongKong,8,8,176.8,21,2.5348,0.0,0.0,0.5,22.354222,114.097475,21|1|7|31|16,0.1245|0.0853|0.0713|0.0706|0.0642,
unit_007739,HongKong,12,12,264.1,22,2.3916,0.0,0.0,0.5,22.436771,114.047682,22|3|13|7|10,0.1131|0.0514|0.0490|0.0477|0.0449,
unit_007740,HongKong,22,22,413.1,7,2.4809,0.0,0.0,0.5,22.43825,114.045767,7|27|13|10|22,0.0996|0.0806|0.0559|0.0525|0.0504,
unit_007741,HongKong,7,7,154.2,1,2.3679,0.0,0.0,0.5,22.364735,114.11331,1|21|3|10|7,0.1090|0.1029|0.0553|0.0508|0.0390,
unit_007744,HongKong,8,8,177.2,27,2.2625,0.0,0.0,0.5,22.39981,114.108597,27|22|23|21|2,0.1124|0.0933|0.0925|0.0707|0.0520,
unit_007745,HongKong,8,8,177.2,22,2.192,0.0,0.0,0.5,22.401242,114.106943,22|27|16|21|31,0.1248|0.1029|0.0928|0.0489|0.0375,
unit_007746,HongKong,8,8,177.2,22,2.3653,0.0,0.0,0.5,22.402624,114.105164,22|16|27|31|18,0.1075|0.1009|0.0900|0.0550|0.0534,
unit_007747,HongKong,40,58,806.8,22,2.4456,6e-05,0.0,0.5,22.405647,114.105225,22|21|27|23|31,0.1357|0.0912|0.0884|0.0725|0.0612,
unit_007748,HongKong,20,22,276.7,13,2.4155,0.0,0.0,0.5,22.413563,114.023196,13|22|7|21|3,0.0999|0.0846|0.0837|0.0487|0.0454,
unit_007749,HongKong,5,5,106.2,7,2.3731,0.0,0.0,0.5,22.422422,114.046502,7|13|31|27|22,0.1008|0.0920|0.0748|0.0629|0.0506,
unit_007750,HongKong,16,16,362.8,13,2.3429,0.0,0.0,0.5,22.422163,114.048673,13|22|7|21|31,0.0962|0.0884|0.0838|0.0564|0.0550,
unit_007751,HongKong,28,28,571.9,7,2.3731,0.0,0.0,0.5,22.423037,114.046612,7|13|31|27|22,0.1008|0.0920|0.0748|0.0629|0.0506,
unit_007752,HongKong,5,5,106.2,7,2.3731,0.0,0.0,0.5,22.422422,114.046502,7|13|31|27|22,0.1008|0.0920|0.0748|0.0629|0.0506,
unit_007753,HongKong,8,8,183.7,22,2.3011,0.0,0.0,0.5,22.424703,114.049528,22|7|13|31|3,0.1377|0.0899|0.0794|0.0716|0.0495,
unit_007754,HongKong,42,64,862.7,22,2.359,4e-05,0.0,0.5,22.425659,114.047854,22|13|27|3|23,0.0978|0.0761|0.0591|0.0522|0.0499,
unit_007755,HongKong,13,16,302.0,13,2.3622,7e-05,0.20913,0.5521,22.427727,114.028559,13|7|21|3|16,0.1155|0.1090|0.0649|0.0477|0.0297,
unit_007756,HongKong,9,12,206.3,7,2.3512,4e-05,0.0,0.5,22.42817,114.028965,7|13|21|3|23,0.1193|0.1063|0.0746|0.0523|0.0440,
unit_007757,HongKong,16,16,255.4,22,2.4967,0.0,0.0,0.5,22.426868,114.019368,22|10|31|2|18,0.1056|0.1005|0.0870|0.0704|0.0599,
unit_007758,HongKong,24,24,469.1,13,2.5092,0.0,0.0,0.5,22.428362,114.03431,13|7|3|21|31,0.0905|0.0787|0.0771|0.0726|0.0710,
unit_007759,HongKong,20,20,367.2,7,2.2058,0.0,0.0,0.5,22.428382,114.036878,7|13|21|27|1,0.1417|0.0806|0.0513|0.0478|0.0427,
unit_007761,HongKong,10,10,207.4,7,2.3745,0.0,0.0,0.5,22.430471,114.036633,7|13|3|27|22,0.1098|0.0601|0.0500|0.0395|0.0384,
unit_007762,HongKong,26,26,447.8,7,2.3579,0.0,0.0,0.5,22.432067,114.017652,7|13|27|3|1,0.1270|0.1098|0.0583|0.0550|0.0406,
unit_007764,HongKong,27,27,530.9,13,2.4732,0.0,0.33014,0.5818,22.433493,114.024479,13|21|2|10|27,0.0870|0.0742|0.0723|0.0693|0.0554,
unit_007765,HongKong,28,30,511.3,7,2.4394,0.0,0.05678,0.5142,22.43054,114.02391,7|10|3|21|27,0.0811|0.0643|0.0613|0.0594|0.0579,
unit_007766,HongKong,7,7,160.8,13,2.3668,0.0,0.27117,0.5674,22.433986,114.033467,13|31|7|22|1,0.0845|0.0840|0.0828|0.0585|0.0325,
unit_007769,HongKong,22,24,432.1,22,2.4228,0.0,0.12055,0.5301,22.435019,114.017261,22|3|10|13|31,0.1010|0.0661|0.0591|0.0519|0.0444,
unit_007770,HongKong,3,3,51.2,18,2.5405,0.0,0.0,0.5,22.435516,114.034014,18|31|22|16|21,0.1060|0.0873|0.0652|0.0649|0.0635,
unit_007771,HongKong,8,8,177.0,21,2.3677,0.0,0.0,0.5,22.433456,114.020716,21|10|2|13|7,0.1074|0.0905|0.0835|0.0764|0.0554,
unit_007772,HongKong,6,6,126.5,13,2.0286,0.0,0.0,0.5,22.430996,114.020563,13|2|10|3|16,0.1170|0.0766|0.0725|0.0408|0.0309,
unit_007773,HongKong,9,9,202.3,22,2.4967,0.0,0.0,0.5,22.427447,114.0191,22|10|31|2|18,0.1056|0.1005|0.0870|0.0704|0.0599,
unit_007774,HongKong,8,8,177.0,31,2.4624,0.0,0.07973,0.5199,22.426827,114.016906,31|10|22|16|18,0.0970|0.0878|0.0750|0.0750|0.0476,
unit_007775,HongKong,7,7,158.4,21,2.3677,0.0,0.0,0.5,22.433512,114.020559,21|10|2|13|7,0.1074|0.0905|0.0835|0.0764|0.0554,
unit_007777,HongKong,5,7,102.4,21,2.5283,0.0,0.05908,0.5148,22.438906,114.016023,21|18|10|31|3,0.1120|0.0974|0.0798|0.0778|0.0479,
unit_007778,HongKong,9,9,204.8,21,2.5017,0.0,0.0,0.5,22.44066,114.016531,21|18|2|27|7,0.1043|0.0731|0.0626|0.0480|0.0478,
unit_007779,HongKong,8,8,176.8,31,2.4123,0.0,0.0,0.5,22.440846,114.036801,31|27|21|7|1,0.0777|0.0755|0.0667|0.0619|0.0606,
unit_007780,HongKong,28,28,571.2,13,2.2031,0.0,0.0,0.5,22.437947,114.035885,13|7|22|31|1,0.1392|0.0856|0.0643|0.0555|0.0348,
unit_007781,HongKong,5,5,101.9,7,2.4233,0.0,0.0,0.5,22.442633,114.003403,7|13|31|22|10,0.0837|0.0818|0.0601|0.0516|0.0450,
unit_007782,HongKong,7,7,160.9,7,2.328,0.0,0.24678,0.5614,22.442455,114.043366,7|27|13|21|22,0.0988|0.0909|0.0747|0.0575|0.0561,
unit_007783,HongKong,28,28,579.5,22,2.314,0.0,0.0,0.5,22.446321,114.043064,22|31|16|7|1,0.1041|0.0923|0.0629|0.0601|0.0540,
unit_007784,HongKong,10,10,216.9,22,2.3564,0.0,0.0,0.5,22.448173,114.043792,22|31|21|27|1,0.1089|0.0618|0.0499|0.0429|0.0416,
unit_007785,HongKong,14,14,323.1,7,2.3001,0.0,0.0,0.5,22.44677,114.045325,7|13|22|3|31,0.0985|0.0528|0.0471|0.0433|0.0349,
unit_007786,HongKong,6,6,109.8,7,2.497,0.0,0.0,0.5,22.44766,114.020134,7|22|1|27|31,0.1249|0.0735|0.0629|0.0627|0.0546,
unit_007787,HongKong,14,14,340.3,22,2.3225,0.0,0.0,0.5,22.450231,114.038548,22|27|3|13|2,0.0820|0.0738|0.0539|0.0538|0.0379,
unit_007788,HongKong,8,8,180.9,22,2.3655,0.0,0.0,0.5,22.448856,114.036637,22|13|1|23|3,0.0953|0.0668|0.0406|0.0400|0.0319,
unit_007789,HongKong,8,8,175.6,31,2.4304,0.0,0.0,0.5,22.450336,114.05503,31|7|27|13|22,0.1182|0.0869|0.0740|0.0678|0.0653,
unit_007790,HongKong,8,8,180.9,31,2.4304,0.0,0.0,0.5,22.449748,114.054779,31|7|27|13|22,0.1182|0.0869|0.0740|0.0678|0.0653,
unit_007791,HongKong,8,8,175.8,31,2.4648,0.0,0.0,0.5,22.450171,114.052273,31|22|7|16|13,0.1172|0.0945|0.0613|0.0566|0.0472,
unit_007792,HongKong,8,8,179.0,13,2.3635,0.0,0.0,0.5,22.453627,114.058191,13|21|7|3|31,0.1440|0.0806|0.0735|0.0556|0.0434,
unit_007793,HongKong,8,8,179.0,13,2.3678,0.0,0.0,0.5,22.457164,114.059421,13|21|7|22|27,0.1088|0.0885|0.0867|0.0580|0.0427,
unit_007794,HongKong,8,8,175.6,31,2.4304,0.0,0.0,0.5,22.450336,114.05503,31|7|27|13|22,0.1182|0.0869|0.0740|0.0678|0.0653,
unit_007795,HongKong,8,8,179.6,1,2.4755,0.0,0.17562,0.5438,22.451507,114.025219,1|16|2|31|7,0.0939|0.0803|0.0677|0.0577|0.0576,
unit_007796,HongKong,19,19,407.8,1,2.4755,0.0,0.17562,0.5438,22.451534,114.025595,1|16|2|31|7,0.0939|0.0803|0.0677|0.0577|0.0576,
unit_007797,HongKong,10,14,231.4,22,2.164,1e-05,0.0675,0.5169,22.455071,114.038765,22|3|10|7|31,0.0826|0.0567|0.0402|0.0311|0.0184,
unit_007798,HongKong,9,9,205.7,22,2.1165,0.0,0.0,0.5,22.45582,114.041928,22|3|13|7|1,0.0956|0.0867|0.0529|0.0434|0.0286,
unit_007799,HongKong,16,16,315.6,7,2.2302,0.0,0.0,0.5,22.462371,114.019722,7|13|1|31|22,0.1284|0.0619|0.0598|0.0480|0.0441,
unit_007800,HongKong,34,34,589.5,7,2.4519,0.0,0.0,0.5,22.463806,114.023569,7|21|1|10|31,0.1454|0.0653|0.0613|0.0516|0.0461,
unit_007801,HongKong,16,16,357.6,22,2.4265,0.0,0.0,0.5,22.466364,114.024577,22|3|31|10|13,0.0708|0.0498|0.0495|0.0479|0.0469,
unit_007802,HongKong,8,8,176.9,22,2.3722,0.0,0.0,0.5,22.466905,114.108255,22|21|13|7|31,0.1097|0.1024|0.0909|0.0788|0.0475,
unit_007803,HongKong,12,16,278.0,22,2.4122,6e-05,0.11738,0.5293,22.464816,114.107082,22|31|16|21|7,0.1218|0.0802|0.0677|0.0651|0.0649,
unit_007804,HongKong,8,8,176.9,22,2.4099,0.0,0.11738,0.5293,22.46346,114.10531,22|3|21|13|7,0.1489|0.0692|0.0632|0.0596|0.0528,
unit_007805,HongKong,8,16,176.9,22,2.4187,0.0,0.0,0.5,22.461148,114.103606,22|31|16|23|7,0.1066|0.1053|0.0987|0.0684|0.0652,
unit_007806,HongKong,8,8,176.9,22,2.4908,0.0,0.1271,0.5317,22.459017,114.10128,22|23|27|16|21,0.0804|0.0769|0.0728|0.0605|0.0555,
unit_007807,HongKong,8,8,176.9,22,2.3285,0.0,0.1271,0.5317,22.457863,114.099884,22|23|31|3|16,0.1472|0.0685|0.0498|0.0402|0.0397,
unit_007808,HongKong,8,8,176.9,21,2.3511,0.0,0.0,0.5,22.456045,114.099108,21|22|31|7|27,0.1249|0.1027|0.0607|0.0558|0.0367,
unit_007809,HongKong,7,7,151.6,22,2.4023,0.0,0.0,0.5,22.454192,114.098562,22|21|23|7|31,0.1343|0.0979|0.0515|0.0492|0.0412,
unit_007810,HongKong,14,14,324.6,22,2.3859,0.0,0.0,0.5,22.467822,114.110202,22|13|7|31|3,0.1118|0.0982|0.0880|0.0713|0.0510,
unit_007811,HongKong,28,30,538.7,7,2.4758,0.0,0.16959,0.5423,22.43919,114.093557,7|31|23|21|3,0.1051|0.0667|0.0581|0.0551|0.0543,
unit_007812,HongKong,8,8,177.5,16,2.4171,0.0,0.14932,0.5373,22.438453,114.095069,16|13|31|3|7,0.0788|0.0762|0.0696|0.0584|0.0581,
unit_007813,HongKong,36,36,686.0,16,2.4985,0.0,0.0,0.5,22.438014,114.097301,16|27|7|3|13,0.1048|0.0701|0.0679|0.0665|0.0646,
unit_007814,HongKong,28,34,558.8,13,2.1919,0.0,0.18986,0.5473,22.43815,114.092863,13|7|31|16|22,0.1419|0.0692|0.0604|0.0348|0.0308,
unit_007815,HongKong,26,26,544.1,7,2.3714,0.0,0.0,0.5,22.429396,114.090199,7|13|3|31|16,0.1083|0.0838|0.0827|0.0824|0.0678,
unit_007818,HongKong,9,9,209.9,7,2.3807,0.0,0.0,0.5,22.425505,114.083761,7|13|22|3|31,0.1032|0.0897|0.0826|0.0652|0.0589,
unit_007819,HongKong,7,7,153.8,3,2.4461,0.0,0.07467,0.5187,22.426675,114.081335,3|7|31|1|10,0.0851|0.0821|0.0642|0.0569|0.0424,
unit_007820,HongKong,8,8,179.4,13,2.3492,0.0,0.07467,0.5187,22.425665,114.079933,13|31|7|3|27,0.0897|0.0893|0.0842|0.0756|0.0383,
unit_007821,HongKong,36,36,750.3,31,2.3781,0.0,0.0,0.5,22.451802,114.052056,31|10|1|7|16,0.1121|0.0627|0.0623|0.0563|0.0542,
unit_007822,HongKong,38,40,717.5,7,2.2018,0.0,0.12333,0.5308,22.452874,114.054786,7|13|31|3|27,0.1303|0.0888|0.0747|0.0648|0.0593,
unit_007824,HongKong,23,25,422.3,22,2.4498,0.0,0.13746,0.5343,22.452892,114.056304,22|10|31|7|1,0.1108|0.0839|0.0819|0.0746|0.0550,
unit_007825,HongKong,7,8,151.9,10,2.4582,1e-05,0.10276,0.5257,22.448506,114.141338,10|3|21|22|7,0.1101|0.0969|0.0868|0.0677|0.0566,
unit_007826,HongKong,7,8,151.9,10,2.4582,1e-05,0.10276,0.5257,22.448506,114.141338,10|3|21|22|7,0.1101|0.0969|0.0868|0.0677|0.0566,
unit_007827,HongKong,34,34,640.7,13,2.2153,0.0,0.0,0.5,22.41093,114.064678,13|7|22|3|23,0.1054|0.0977|0.0566|0.0434|0.0433,
unit_007828,HongKong,12,16,275.8,13,2.4167,8e-05,0.0,0.5,22.420426,114.080636,13|7|22|31|23,0.0788|0.0785|0.0735|0.0682|0.0424,
unit_007829,HongKong,14,14,217.9,7,2.3182,0.0,0.0,0.5,22.425408,114.085242,7|13|1|27|3,0.1495|0.0698|0.0592|0.0490|0.0458,
unit_007830,HongKong,9,10,208.1,7,2.3317,2e-05,0.06562,0.5164,22.426002,114.077337,7|1|22|13|27,0.1058|0.0562|0.0554|0.0552|0.0471,
unit_007831,HongKong,9,9,209.9,7,2.3807,0.0,0.0,0.5,22.425505,114.083761,7|13|22|3|31,0.1032|0.0897|0.0826|0.0652|0.0589,
unit_007833,HongKong,6,6,131.4,7,2.3128,0.0,0.0,0.5,22.43064,114.09796,7|13|31|10|3,0.1456|0.0910|0.0659|0.0494|0.0483,
unit_007834,HongKong,8,8,178.7,1,2.4251,0.0,0.0,0.5,22.361009,114.125029,1|7|31|10|16,0.0945|0.0775|0.0744|0.0709|0.0708,
unit_007835,HongKong,8,8,178.7,16,2.4872,0.0,0.0,0.5,22.362249,114.127215,16|31|7|1|13,0.1058|0.0987|0.0775|0.0618|0.0609,
unit_007836,HongKong,18,18,336.0,16,2.3506,0.0,0.07172,0.5179,22.442149,114.085882,16|7|13|31|3,0.0806|0.0763|0.0762|0.0655|0.0599,
unit_007837,HongKong,3,4,50.4,7,2.484,2e-05,0.06425,0.5161,22.443422,114.086982,7|31|3|22|27,0.0875|0.0868|0.0716|0.0714|0.0559,
unit_007838,HongKong,8,11,176.4,13,2.2313,2e-05,0.06425,0.5161,22.444011,114.087988,13|7|16|2|21,0.1147|0.0786|0.0377|0.0367|0.0365,
unit_007839,HongKong,3,3,54.7,16,2.3672,0.0,0.11405,0.5285,22.441976,114.084826,16|31|7|13|10,0.0994|0.0867|0.0746|0.0666|0.0525,
unit_007840,HongKong,8,11,180.0,31,2.4555,0.0,0.0,0.5,22.442982,114.087514,31|7|3|22|27,0.0869|0.0814|0.0728|0.0718|0.0586,
unit_007841,HongKong,8,8,187.0,22,2.3179,0.0,0.0,0.5,22.444927,114.092563,22|7|13|31|16,0.1185|0.1019|0.0904|0.0729|0.0365,
unit_007842,HongKong,8,8,176.2,13,2.4356,0.0,0.0,0.5,22.44326,114.077252,13|31|22|3|7,0.0905|0.0869|0.0834|0.0697|0.0483,
unit_007843,HongKong,8,8,176.2,3,2.4494,0.0,0.0,0.5,22.443474,114.079273,3|31|13|7|22,0.0857|0.0845|0.0823|0.0768|0.0582,
unit_007844,HongKong,8,8,176.2,16,2.464,0.0,0.0,0.5,22.443041,114.082409,16|7|31|22|18,0.1026|0.1002|0.0745|0.0648|0.0621,
unit_007845,HongKong,7,7,154.2,31,2.2857,0.0,0.0,0.5,22.442694,114.073782,31|7|3|16|27,0.0911|0.0849|0.0584|0.0524|0.0379,
unit_007846,HongKong,9,9,201.3,31,2.48,0.0,0.0724,0.5181,22.445529,114.077922,31|10|3|16|13,0.1008|0.0984|0.0713|0.0606|0.0596,
unit_007847,HongKong,8,9,176.2,21,2.4362,1e-05,0.0724,0.5181,22.446879,114.078467,21|13|10|7|3,0.1065|0.0902|0.0873|0.0701|0.0650,
unit_007848,HongKong,8,8,176.2,31,2.3609,0.0,0.0,0.5,22.448657,114.078475,31|22|13|16|10,0.1106|0.0983|0.0749|0.0713|0.0669,
unit_007849,HongKong,9,9,207.4,7,2.3295,0.0,0.0,0.5,22.450588,114.06074,7|13|22|27|31,0.0919|0.0910|0.0806|0.0601|0.0538,
unit_007850,HongKong,20,20,359.2,22,2.2649,0.0,0.0,0.5,22.47249,114.064612,22|13|3|16|23,0.0879|0.0839|0.0664|0.0460|0.0456,
unit_007851,HongKong,28,28,591.4,22,2.2879,0.0,0.0,0.5,22.471282,114.067474,22|7|13|31|3,0.0935|0.0773|0.0771|0.0635|0.0478,
unit_007852,HongKong,8,8,182.0,22,2.2649,0.0,0.0,0.5,22.473249,114.064627,22|13|3|16|23,0.0879|0.0839|0.0664|0.0460|0.0456,
unit_007853,HongKong,9,9,208.4,13,2.2994,0.0,0.0,0.5,22.47348,114.062412,13|31|7|22|16,0.1123|0.0833|0.0733|0.0652|0.0413,
unit_007854,HongKong,8,8,158.6,22,2.3363,0.0,0.0,0.5,22.474879,114.069823,22|10|3|31|16,0.1257|0.0789|0.0649|0.0625|0.0575,
unit_007855,HongKong,4,4,51.4,31,2.4773,0.0,0.0,0.5,22.475117,114.071176,31|10|16|22|3,0.1182|0.0865|0.0830|0.0812|0.0646,
unit_007856,HongKong,9,9,200.8,22,2.3733,0.0,0.0,0.5,22.474744,114.077811,22|13|31|7|3,0.0996|0.0959|0.0693|0.0678|0.0516,
unit_007857,HongKong,8,8,180.1,22,2.3908,0.0,0.0,0.5,22.477176,114.065328,22|3|7|10|13,0.1041|0.0720|0.0602|0.0590|0.0477,
unit_007858,HongKong,7,7,158.9,22,2.2562,0.0,0.0,0.5,22.490848,114.066912,22|13|23|2|27,0.1117|0.1018|0.0522|0.0432|0.0328,
unit_007859,HongKong,34,34,818.4,21,2.3457,0.0,0.0,0.5,22.490345,114.058502,21|7|22|10|31,0.0843|0.0701|0.0561|0.0476|0.0457,
unit_007861,HongKong,4,4,53.1,7,2.3461,0.0,0.0,0.5,22.491828,114.059843,7|1|31|3|13,0.1242|0.0645|0.0605|0.0524|0.0386,
unit_007862,HongKong,11,15,260.6,22,2.3654,0.0001,0.0,0.5,22.486138,114.007604,22|31|7|13|3,0.1205|0.0775|0.0689|0.0603|0.0520,
unit_007863,HongKong,8,8,177.8,22,2.2317,0.0,0.0,0.5,22.486497,114.003077,22|31|3|7|13,0.1101|0.0942|0.0649|0.0580|0.0570,
unit_007865,HongKong,8,8,183.4,16,2.3844,0.0,0.20052,0.55,22.520973,114.123324,16|21|22|7|13,0.1214|0.1189|0.0883|0.0779|0.0532,
unit_007866,HongKong,9,9,203.4,22,2.3892,0.0,0.0,0.5,22.519289,114.126643,22|13|7|16|3,0.0822|0.0821|0.0573|0.0407|0.0369,
unit_007867,HongKong,8,8,178.0,22,2.1058,0.0,0.0,0.5,22.518883,114.131159,22|16|31|13|23,0.1826|0.0537|0.0515|0.0372|0.0294,
unit_007868,HongKong,9,9,205.8,7,2.4064,0.0,0.0,0.5,22.44786,114.094372,7|13|22|3|27,0.1174|0.0984|0.0709|0.0707|0.0597,
unit_007869,HongKong,8,8,176.8,22,2.3681,0.0,0.0,0.5,22.450598,114.043952,22|10|31|3|16,0.1466|0.0780|0.0741|0.0503|0.0458,
unit_007870,HongKong,8,8,176.8,22,2.2995,0.0,0.0,0.5,22.450817,114.046092,22|10|31|16|7,0.1086|0.1017|0.0991|0.0558|0.0423,
unit_007871,HongKong,3,3,53.1,22,2.3681,0.0,0.0,0.5,22.450566,114.043099,22|10|31|3|16,0.1466|0.0780|0.0741|0.0503|0.0458,
unit_007872,HongKong,10,10,212.3,7,2.402,0.0,0.0,0.5,22.452432,114.043086,7|3|21|22|10,0.0811|0.0663|0.0656|0.0646|0.0574,
unit_007873,HongKong,3,3,53.1,22,2.3681,0.0,0.0,0.5,22.450566,114.043099,22|10|31|3|16,0.1466|0.0780|0.0741|0.0503|0.0458,
unit_007875,HongKong,8,14,184.2,31,2.4352,0.0,0.0,0.5,22.464189,113.981833,31|10|22|7|2,0.0857|0.0796|0.0709|0.0704|0.0505,
unit_007876,HongKong,8,14,184.2,31,2.4352,0.0,0.0,0.5,22.464189,113.981833,31|10|22|7|2,0.0857|0.0796|0.0709|0.0704|0.0505,
unit_007877,HongKong,8,8,175.7,7,2.3382,0.0,0.0,0.5,22.47296,114.046544,7|31|13|27|22,0.1066|0.1015|0.0922|0.0792|0.0590,
unit_007878,HongKong,11,16,251.1,13,2.2875,8e-05,0.0,0.5,22.470791,114.044654,13|7|22|21|16,0.1099|0.0892|0.0877|0.0639|0.0398,
unit_007879,HongKong,4,4,52.5,21,2.2442,0.0,0.0,0.5,22.376994,113.981377,21|22|31|7|10,0.0943|0.0909|0.0833|0.0684|0.0628,
unit_007880,HongKong,34,42,702.9,22,2.3775,3e-05,0.0,0.5,22.480959,114.117055,22|31|10|23|2,0.1038|0.0956|0.0647|0.0591|0.0443,
unit_007881,HongKong,9,9,201.2,22,2.3777,0.0,0.15044,0.5375,22.479867,114.118744,22|27|23|2|13,0.0960|0.0913|0.0695|0.0641|0.0419,
unit_007882,HongKong,10,10,226.4,22,2.3727,0.0,0.15044,0.5375,22.480764,114.120064,22|13|27|7|21,0.1537|0.0640|0.0538|0.0485|0.0484,
unit_007884,HongKong,8,9,176.1,22,2.3124,0.0,0.06547,0.5164,22.479578,114.122701,22|23|1|13|31,0.1999|0.0473|0.0459|0.0386|0.0355,
unit_007885,HongKong,26,26,501.3,22,2.2684,0.0,0.06547,0.5164,22.480432,114.124066,22|13|7|27|1,0.1042|0.0672|0.0459|0.0325|0.0258,
unit_007886,HongKong,18,18,430.8,22,2.3121,2e-05,0.0,0.5,22.483306,114.118705,22|21|7|13|31,0.1093|0.0798|0.0769|0.0722|0.0596,
unit_007888,HongKong,38,38,748.9,13,2.2445,0.0,0.0,0.5,22.416649,114.017596,13|7|22|31|21,0.1091|0.0953|0.0903|0.0593|0.0369,
unit_007889,HongKong,8,8,187.1,7,2.5065,0.0,0.0,0.5,22.418225,114.018874,7|21|13|2|22,0.0899|0.0721|0.0678|0.0666|0.0636,
unit_007890,HongKong,30,44,649.3,13,2.5274,7e-05,0.11337,0.5283,22.414279,114.016392,13|7|21|22|16,0.0990|0.0801|0.0670|0.0649|0.0410,
unit_007891,HongKong,3,3,50.3,3,2.4442,0.0,0.0,0.5,22.45523,114.030508,3|13|7|10|1,0.0785|0.0683|0.0491|0.0460|0.0440,
unit_007892,HongKong,24,24,467.5,31,2.4131,0.0,0.0,0.5,22.500399,114.10683,31|7|13|16|3,0.1050|0.1012|0.0788|0.0786|0.0581,
unit_007893,HongKong,36,36,706.4,22,2.4565,0.0,0.07924,0.5198,22.499731,114.104291,22|31|7|21|23,0.1403|0.0896|0.0854|0.0826|0.0525,
unit_007894,HongKong,10,16,227.3,18,2.353,4e-05,0.0,0.5,22.360491,114.112499,18|31|16|14|10,0.1090|0.0704|0.0606|0.0539|0.0531,
unit_007895,HongKong,8,8,176.5,31,2.4584,0.0,0.0,0.5,22.481551,114.145075,31|10|22|16|23,0.1031|0.0859|0.0762|0.0545|0.0514,
unit_007896,HongKong,14,16,327.7,16,2.426,4e-05,0.0,0.5,22.48137,114.149058,16|31|3|7|22,0.0931|0.0835|0.0667|0.0631|0.0432,
unit_007897,HongKong,11,15,250.6,21,2.3749,1e-05,0.05879,0.5147,22.38034,113.959347,21|18|22|23|16,0.1128|0.1033|0.0865|0.0654|0.0644,
unit_007898,HongKong,7,8,150.4,31,2.4442,1e-05,0.10719,0.5268,22.380601,113.961295,31|18|22|10|16,0.0931|0.0916|0.0755|0.0589|0.0554,
unit_007899,HongKong,8,8,176.2,13,2.3745,0.0,0.0,0.5,22.509702,114.135621,13|7|21|22|27,0.1233|0.0901|0.0720|0.0678|0.0466,
unit_007900,HongKong,7,7,151.0,18,2.3497,0.0,0.0,0.5,22.507606,114.135353,18|10|31|3|22,0.0956|0.0873|0.0745|0.0566|0.0499,
unit_007901,HongKong,8,8,176.2,22,2.4208,0.0,0.0,0.5,22.506258,114.133421,22|31|16|7|3,0.0897|0.0724|0.0718|0.0677|0.0550,
unit_007902,HongKong,28,28,581.5,22,2.5256,0.0,0.0,0.5,22.513183,114.135051,22|21|31|27|7,0.1003|0.0744|0.0723|0.0650|0.0637,
unit_007903,HongKong,28,28,599.3,22,2.371,0.0,0.0,0.5,22.515623,114.134926,22|7|31|21|3,0.1249|0.0908|0.0664|0.0654|0.0646,
unit_007904,HongKong,4,4,57.2,13,2.2586,0.0,0.0,0.5,22.431593,113.999849,13|7|22|31|1,0.1009|0.0904|0.0886|0.0469|0.0415,
unit_007905,HongKong,9,9,211.6,13,2.0286,0.0,0.0,0.5,22.431005,114.020078,13|2|10|3|16,0.1170|0.0766|0.0725|0.0408|0.0309,
unit_007906,HongKong,7,7,158.4,21,2.3677,0.0,0.0,0.5,22.433512,114.020559,21|10|2|13|7,0.1074|0.0905|0.0835|0.0764|0.0554,
unit_007907,HongKong,7,7,153.6,13,2.0286,0.0,0.0,0.5,22.430982,114.020393,13|2|10|3|16,0.1170|0.0766|0.0725|0.0408|0.0309,
unit_007908,HongKong,8,8,179.2,22,2.4967,0.0,0.0,0.5,22.42756,114.019058,22|10|31|2|18,0.1056|0.1005|0.0870|0.0704|0.0599,
unit_007909,HongKong,7,7,153.6,31,2.4624,0.0,0.0,0.5,22.426941,114.016829,31|10|22|16|18,0.0970|0.0878|0.0750|0.0750|0.0476,
unit_007910,HongKong,9,9,211.6,13,2.0286,0.0,0.0,0.5,22.431005,114.020078,13|2|10|3|16,0.1170|0.0766|0.0725|0.0408|0.0309,
unit_007911,HongKong,14,23,331.8,22,2.2746,2e-05,0.15655,0.5391,22.423493,113.944049,22|27|16|23|10,0.1737|0.0726|0.0470|0.0359|0.0348,
unit_007912,HongKong,8,8,178.8,22,2.2537,0.0,0.0,0.5,22.426952,113.946278,22|13|1|21|27,0.1798|0.0595|0.0459|0.0438|0.0358,
unit_007913,HongKong,18,20,434.1,22,2.3514,1e-05,0.0,0.5,22.430542,113.948039,22|31|27|23|16,0.1730|0.0544|0.0524|0.0444|0.0378,
unit_007914,HongKong,24,24,472.4,22,2.3039,0.0,0.0,0.5,22.435502,114.104625,22|13|3|7|23,0.1287|0.0792|0.0783|0.0604|0.0529,
unit_007915,HongKong,4,4,75.6,21,2.3276,0.0,0.0,0.5,22.475107,114.153953,21|18|3|14|23,0.0930|0.0695|0.0659|0.0600|0.0562,
unit_007916,HongKong,20,20,365.6,7,2.3835,0.0,0.0,0.5,22.501276,114.111276,7|1|31|21|3,0.1244|0.0677|0.0580|0.0480|0.0467,
unit_007918,HongKong,18,18,430.8,22,2.3121,2e-05,0.0,0.5,22.483306,114.118705,22|21|7|13|31,0.1093|0.0798|0.0769|0.0722|0.0596,
unit_007919,HongKong,18,20,391.2,22,2.4084,0.0,0.10111,0.5253,22.498076,114.113511,22|13|3|7|27,0.1126|0.0689|0.0403|0.0358|0.0322,
unit_007920,HongKong,42,42,784.3,7,2.2392,0.0,0.0,0.5,22.534797,114.149019,7|3|31|13|27,0.1335|0.0600|0.0527|0.0478|0.0440,
unit_007921,HongKong,9,16,200.8,22,2.3541,3e-05,0.0,0.5,22.531319,114.148192,22|13|7|3|16,0.0853|0.0832|0.0826|0.0667|0.0496,
unit_007922,HongKong,17,17,401.6,13,2.3608,3e-05,0.0,0.5,22.528621,114.145252,13|22|7|31|16,0.1121|0.0940|0.0774|0.0630|0.0548,
unit_007923,HongKong,8,11,175.7,22,2.2901,1e-05,0.07362,0.5184,22.527094,114.140744,22|31|16|23|1,0.1730|0.0919|0.0463|0.0345|0.0338,
unit_007924,HongKong,7,8,150.6,22,2.2338,0.0,0.09883,0.5247,22.526609,114.139645,22|21|27|1|23,0.1775|0.0712|0.0466|0.0427|0.0400,
unit_007925,HongKong,7,8,150.6,22,2.3465,0.0,0.12403,0.531,22.525522,114.138686,22|7|16|13|31,0.1330|0.0907|0.0730|0.0682|0.0583,
unit_007926,HongKong,30,30,559.2,22,2.3068,0.0,0.20172,0.5503,22.532082,114.129674,22|21|16|31|3,0.1582|0.0705|0.0495|0.0453|0.0426,
unit_007927,HongKong,8,8,179.6,22,2.315,0.0,0.0,0.5,22.530335,114.128245,22|21|16|31|2,0.1099|0.1016|0.0700|0.0674|0.0561,
unit_007928,HongKong,32,32,516.0,22,2.5062,0.0,0.0,0.5,22.527309,114.124861,22|21|3|16|7,0.0924|0.0708|0.0654|0.0607|0.0510,
unit_007929,HongKong,12,12,273.5,22,2.1759,0.0,0.20172,0.5503,22.532676,114.128769,22|13|7|3|23,0.0948|0.0750|0.0647|0.0494|0.0420,
unit_007930,HongKong,7,7,153.7,13,2.2799,0.0,0.0,0.5,22.477032,114.111523,13|21|7|22|31,0.1122|0.0785|0.0694|0.0569|0.0472,
unit_007931,HongKong,8,8,176.9,31,2.5032,0.0,0.0,0.5,22.474241,114.114476,31|7|22|13|23,0.1017|0.0972|0.0826|0.0698|0.0542,
unit_007932,HongKong,8,8,176.9,31,2.5032,0.0,0.0,0.5,22.474241,114.114476,31|7|22|13|23,0.1017|0.0972|0.0826|0.0698|0.0542,
unit_007933,HongKong,8,8,175.5,22,2.5171,0.0,0.0,0.5,22.475945,113.991892,22|27|16|31|2,0.0900|0.0855|0.0847|0.0710|0.0671,
unit_007934,HongKong,11,16,250.7,22,2.4255,6e-05,0.0,0.5,22.474287,113.989649,22|7|13|31|21,0.1063|0.1047|0.0785|0.0659|0.0615,
unit_007935,HongKong,7,8,150.4,22,2.3656,1e-05,0.10173,0.5254,22.471449,113.988443,22|27|21|23|13,0.1329|0.1050|0.0735|0.0569|0.0567,
unit_007936,HongKong,7,8,150.4,13,2.3622,0.0,0.10173,0.5254,22.470254,113.987475,13|22|7|3|31,0.1171|0.1114|0.0574|0.0447|0.0364,
unit_007937,HongKong,6,6,115.2,22,2.5171,0.0,0.0,0.5,22.476587,113.991927,22|27|16|31|2,0.0900|0.0855|0.0847|0.0710|0.0671,
unit_007938,HongKong,22,22,330.2,7,2.3475,0.0,0.0,0.5,22.428844,114.086346,7|27|13|1|31,0.1502|0.0633|0.0621|0.0431|0.0424,
unit_007939,HongKong,30,30,536.3,31,2.3767,0.0,0.2899,0.572,22.376457,114.002496,31|13|3|7|16,0.0716|0.0708|0.0699|0.0690|0.0643,
unit_007940,HongKong,22,28,498.3,7,2.2001,1e-05,0.0,0.5,22.376005,114.006669,7|13|3|31|1,0.1017|0.0849|0.0837|0.0485|0.0459,
unit_007941,HongKong,18,18,318.2,18,2.2662,0.0,0.0,0.5,22.436518,113.984495,18|21|14|23|10,0.1469|0.0773|0.0551|0.0526|0.0498,
unit_007942,HongKong,8,8,181.2,18,2.3145,0.0,0.0,0.5,22.441706,113.985384,18|21|2|14|23,0.1191|0.0815|0.0614|0.0590|0.0549,
unit_007943,HongKong,4,6,51.8,18,2.3931,0.0,0.0,0.5,22.438962,113.985975,18|21|10|3|23,0.1396|0.0786|0.0620|0.0560|0.0552,
unit_007944,HongKong,14,14,248.1,13,2.2244,0.0,0.0,0.5,22.439025,113.987211,13|7|3|22|31,0.1451|0.0910|0.0509|0.0431|0.0405,
unit_007945,HongKong,8,8,177.6,22,2.1902,0.0,0.0,0.5,22.440812,113.988998,22|13|3|7|16,0.0978|0.0935|0.0619|0.0426|0.0325,
unit_007947,HongKong,9,9,206.6,13,1.9869,0.0,0.0,0.5,22.451601,113.986027,13|22|7|31|14,0.1181|0.0826|0.0618|0.0415|0.0333,
unit_007949,HongKong,7,7,157.3,13,1.991,0.0,0.09201,0.523,22.449747,113.985442,13|3|16|23|2,0.0786|0.0515|0.0468|0.0343|0.0293,
unit_007950,HongKong,22,26,409.0,22,2.4192,1e-05,0.09109,0.5228,22.452295,113.967989,22|31|7|13|10,0.1478|0.0787|0.0581|0.0566|0.0464,
unit_007952,HongKong,13,16,302.5,22,2.4548,6e-05,0.0,0.5,22.448485,113.961233,22|31|7|27|16,0.1136|0.0717|0.0657|0.0468|0.0454,
unit_007953,HongKong,16,25,378.1,22,2.4457,0.0001,0.0,0.5,22.445534,113.957055,22|7|31|3|21,0.1300|0.0846|0.0761|0.0595|0.0552,
unit_007954,HongKong,8,8,176.5,22,2.1319,0.0,0.0,0.5,22.443462,113.954147,22|31|16|21|7,0.1409|0.0826|0.0736|0.0459|0.0408,
unit_007955,HongKong,8,8,176.5,22,2.2795,0.0,0.0,0.5,22.442508,113.952522,22|7|31|16|21,0.1541|0.0847|0.0830|0.0802|0.0730,
unit_007956,HongKong,8,8,176.5,22,2.4351,0.0,0.0,0.5,22.441691,113.950473,22|21|16|7|31,0.0860|0.0626|0.0609|0.0585|0.0528,
unit_007957,HongKong,9,9,201.7,22,2.3711,0.0,0.0,0.5,22.439491,113.949694,22|7|13|21|31,0.1400|0.0917|0.0761|0.0610|0.0500,
unit_007958,HongKong,9,9,201.7,22,2.3818,0.0,0.0,0.5,22.437389,113.949111,22|7|3|13|31,0.1337|0.0682|0.0637|0.0472|0.0442,
unit_007959,HongKong,9,9,210.3,22,2.358,0.0,0.0,0.5,22.372742,114.096039,22|23|21|13|27,0.1426|0.0608|0.0578|0.0527|0.0443,
unit_007960,HongKong,8,8,179.4,21,2.2437,0.0,0.0,0.5,22.462597,113.98785,21|13|7|22|16,0.0935|0.0766|0.0749|0.0592|0.0585,
unit_007961,HongKong,3,3,51.1,13,2.124,0.0,0.0,0.5,22.462898,113.982072,13|22|7|31|16,0.0920|0.0701|0.0606|0.0566|0.0465,
unit_007962,HongKong,8,8,178.7,22,2.4299,0.0,0.0,0.5,22.461656,113.980604,22|7|27|16|13,0.1226|0.0810|0.0659|0.0614|0.0599,
unit_007963,HongKong,12,15,280.9,7,2.2757,0.00011,0.0,0.5,22.45909,113.979162,7|22|13|21|31,0.1174|0.0861|0.0849|0.0603|0.0471,
unit_007964,HongKong,54,54,896.2,22,2.235,0.0,0.11011,0.5275,22.485893,113.997362,22|7|13|3|21,0.0986|0.0969|0.0926|0.0679|0.0447,
unit_007965,HongKong,9,9,201.2,22,2.2596,0.0,0.0,0.5,22.483457,114.00034,22|23|27|3|2,0.1053|0.0627|0.0542|0.0423|0.0386,
unit_007966,HongKong,4,4,50.3,13,2.2436,0.0,0.0,0.5,22.48376,114.004252,13|22|7|27|21,0.1269|0.1099|0.0736|0.0609|0.0519,
unit_007967,HongKong,9,9,201.2,22,2.2596,0.0,0.0,0.5,22.483457,114.00034,22|23|27|3|2,0.1053|0.0627|0.0542|0.0423|0.0386,
unit_007968,HongKong,30,30,650.2,7,2.2493,0.0,0.11011,0.5275,22.486952,113.99867,7|13|22|21|27,0.1156|0.1121|0.0543|0.0540|0.0282,
unit_007969,HongKong,8,8,177.8,22,2.2317,0.0,0.0,0.5,22.486497,114.003077,22|31|3|7|13,0.1101|0.0942|0.0649|0.0580|0.0570,
unit_007970,HongKong,22,34,523.0,22,2.3361,7e-05,0.0,0.5,22.488572,114.001308,22|13|7|31|3,0.1219|0.0812|0.0698|0.0479|0.0395,
unit_007972,HongKong,8,8,183.1,31,2.4304,0.0,0.0,0.5,22.450477,114.055019,31|7|27|13|22,0.1182|0.0869|0.0740|0.0678|0.0653,
unit_007973,HongKong,7,7,152.7,31,2.4648,0.0,0.0,0.5,22.450368,114.052282,31|22|7|16|13,0.1172|0.0945|0.0613|0.0566|0.0472,
unit_007974,HongKong,8,8,183.1,31,2.4304,0.0,0.0,0.5,22.450477,114.055019,31|7|27|13|22,0.1182|0.0869|0.0740|0.0678|0.0653,
unit_007976,HongKong,38,52,757.8,22,2.3776,5e-05,0.08806,0.522,22.419078,114.038993,22|21|7|3|13,0.1137|0.1035|0.0563|0.0560|0.0551,
unit_007977,HongKong,7,7,158.4,13,2.2524,0.0,0.0,0.5,22.421202,114.038418,13|21|22|7|16,0.1159|0.0733|0.0700|0.0698|0.0332,
unit_007979,HongKong,28,28,582.7,22,2.207,0.0,0.0,0.5,22.41588,114.03614,22|13|7|3|23,0.1621|0.0589|0.0528|0.0516|0.0462,
unit_007980,HongKong,6,6,106.6,7,2.2834,0.0,0.0,0.5,22.419683,114.030895,7|13|3|22|31,0.1107|0.0965|0.0862|0.0506|0.0382,
unit_007981,HongKong,22,24,423.5,7,2.4409,0.0,0.06384,0.516,22.430504,114.023392,7|10|3|21|27,0.0814|0.0643|0.0614|0.0598|0.0579,
unit_007982,HongKong,28,40,616.2,21,2.4746,3e-05,0.06109,0.5153,22.425849,114.022493,21|13|7|3|2,0.1047|0.0837|0.0779|0.0757|0.0492,
unit_007983,HongKong,40,46,695.6,7,2.381,0.0,0.06109,0.5153,22.423769,114.021903,7|21|31|27|3,0.1206|0.1077|0.0601|0.0532|0.0496,
unit_007984,HongKong,12,14,255.5,7,2.2834,0.0,0.0,0.5,22.420414,114.031082,7|13|3|22|31,0.1109|0.0966|0.0862|0.0506|0.0382,
unit_007985,HongKong,14,14,321.2,7,2.3145,0.0,0.0,0.5,22.424016,114.02907,7|27|13|21|31,0.1476|0.0644|0.0432|0.0405|0.0394,
unit_007986,HongKong,58,60,923.0,7,2.2391,0.0,0.0618,0.5154,22.426004,114.032879,7|13|1|31|27,0.1503|0.0723|0.0584|0.0565|0.0538,
unit_007987,HongKong,8,16,176.9,22,2.4833,0.0,0.0,0.5,22.434656,114.118635,22|16|7|3|31,0.1430|0.0973|0.0734|0.0719|0.0698,
unit_007988,HongKong,8,8,176.9,22,2.4623,0.0,0.07091,0.5177,22.436139,114.120362,22|21|16|31|23,0.1326|0.0847|0.0681|0.0675|0.0533,
unit_007989,HongKong,8,8,176.9,22,2.3865,0.0,0.07091,0.5177,22.437428,114.121644,22|27|16|21|23,0.1027|0.0855|0.0673|0.0662|0.0659,
unit_007990,HongKong,28,28,350.2,31,2.4537,0.0,0.0,0.5,22.43907,114.12325,31|21|3|16|22,0.0855|0.0840|0.0755|0.0741|0.0672,
unit_007991,HongKong,52,74,1165.0,7,2.381,0.00011,0.0,0.5,22.445485,114.074767,7|22|13|31|3,0.1009|0.0879|0.0783|0.0588|0.0561,
unit_007992,HongKong,8,8,180.8,13,2.2211,0.0,0.0,0.5,22.423025,114.079486,13|7|31|21|22,0.1083|0.1043|0.0545|0.0402|0.0398,
unit_007993,HongKong,8,8,179.4,13,2.3492,0.0,0.07467,0.5187,22.425665,114.079933,13|31|7|3|27,0.0897|0.0893|0.0842|0.0756|0.0383,
unit_007994,HongKong,7,7,153.8,3,2.4461,0.0,0.07467,0.5187,22.426675,114.081335,3|7|31|1|10,0.0851|0.0821|0.0642|0.0569|0.0424,
unit_007995,HongKong,8,8,180.8,13,2.2211,0.0,0.0,0.5,22.423025,114.079486,13|7|31|21|22,0.1083|0.1043|0.0545|0.0402|0.0398,
unit_007996,HongKong,40,50,851.0,7,2.3531,3e-05,0.0,0.5,22.430034,114.086223,7|13|1|27|31,0.1360|0.0560|0.0432|0.0425|0.0410,
unit_007998,HongKong,13,17,306.1,22,2.5365,8e-05,0.0,0.5,22.396319,113.963108,22|21|27|10|31,0.1120|0.0666|0.0660|0.0648|0.0631,
unit_007999,HongKong,8,9,180.9,22,2.2401,0.0,0.05465,0.5137,22.368388,114.05001,22|27|21|14|2,0.1482|0.0911|0.0692|0.0331|0.0315,
unit_008000,HongKong,6,7,134.3,21,2.4691,0.0,0.09252,0.5231,22.365349,114.047321,21|22|16|31|7,0.1059|0.0934|0.0750|0.0744|0.0704,
unit_008001,HongKong,4,6,78.3,21,2.49,2e-05,0.0612,0.5153,22.365454,114.04781,21|22|31|16|7,0.1025|0.0980|0.0775|0.0743|0.0721,
unit_008002,HongKong,4,6,78.3,21,2.49,2e-05,0.0612,0.5153,22.365454,114.04781,21|22|31|16|7,0.1025|0.0980|0.0775|0.0743|0.0721,
unit_008003,HongKong,8,8,181.0,22,2.2841,0.0,0.0,0.5,22.443105,113.982006,22|31|13|21|7,0.1539|0.0951|0.0745|0.0549|0.0455,
unit_008004,HongKong,4,4,79.5,21,2.2565,0.0,0.0,0.5,22.443046,114.039074,21|22|18|23|31,0.1282|0.1194|0.0772|0.0571|0.0446,
unit_008005,HongKong,6,6,129.8,21,2.2565,0.0,0.0,0.5,22.443002,114.039229,21|22|18|23|31,0.1282|0.1194|0.0772|0.0571|0.0446,
unit_008006,HongKong,8,9,181.8,18,2.4789,1e-05,0.0,0.5,22.444867,114.039322,18|2|21|1|14,0.0972|0.0865|0.0829|0.0677|0.0562,
unit_008008,HongKong,7,7,151.6,7,2.3727,0.0,0.0,0.5,22.458117,114.056152,7|13|22|21|16,0.0914|0.0910|0.0824|0.0650|0.0601,
unit_008009,HongKong,7,7,156.3,7,2.3727,0.0,0.0,0.5,22.45796,114.056044,7|13|22|21|16,0.0914|0.0910|0.0824|0.0650|0.0601,
unit_008010,HongKong,14,14,312.6,13,2.3021,0.0,0.0,0.5,22.45614,114.057314,13|7|22|31|1,0.0909|0.0755|0.0690|0.0555|0.0353,
unit_008011,HongKong,7,7,156.3,7,2.3727,0.0,0.0,0.5,22.45796,114.056044,7|13|22|21|16,0.0914|0.0910|0.0824|0.0650|0.0601,
unit_008012,HongKong,3,3,54.6,7,2.328,0.0,0.0,0.5,22.442078,114.044113,7|27|13|21|22,0.0988|0.0909|0.0747|0.0575|0.0561,
unit_008013,HongKong,6,8,127.4,7,2.2831,0.0,0.0,0.5,22.461593,114.020532,7|13|31|27|1,0.1522|0.0593|0.0584|0.0482|0.0455,
unit_008014,HongKong,9,9,206.7,13,2.3567,0.0,0.0,0.5,22.440094,114.0448,13|7|22|31|27,0.1142|0.1056|0.0728|0.0656|0.0531,
unit_008015,HongKong,8,8,180.8,21,2.2565,0.0,0.0,0.5,22.443038,114.039785,21|22|18|23|31,0.1282|0.1194|0.0772|0.0571|0.0446,
unit_008016,HongKong,7,7,165.2,31,2.4708,0.0,0.12104,0.5302,22.369896,113.929288,31|16|10|3|13,0.1158|0.0954|0.0744|0.0671|0.0574,
unit_008017,HongKong,8,8,177.7,1,2.4446,0.0,0.0,0.5,22.353391,114.104308,1|31|7|21|3,0.1116|0.1046|0.0739|0.0541|0.0539,
unit_008018,HongKong,16,16,329.8,31,2.4773,0.0,0.0,0.5,22.429963,114.105968,31|22|10|7|3,0.0995|0.0919|0.0802|0.0728|0.0677,
unit_008019,HongKong,6,8,136.2,13,2.3293,0.0,0.18395,0.5459,22.432589,114.104208,13|7|3|21|10,0.1355|0.0932|0.0573|0.0496|0.0424,
unit_008020,HongKong,6,8,136.2,13,2.3293,0.0,0.18395,0.5459,22.432589,114.104208,13|7|3|21|10,0.1355|0.0932|0.0573|0.0496|0.0424,
unit_008021,HongKong,11,16,252.9,7,2.3322,4e-05,0.0,0.5,22.461501,114.051115,7|13|22|31|3,0.1111|0.0884|0.0841|0.0679|0.0601,
unit_008022,HongKong,3,4,50.7,13,2.4319,3e-05,0.22226,0.5553,22.45976,114.05235,13|7|21|2|3,0.1173|0.0822|0.0668|0.0608|0.0483,
unit_008023,HongKong,6,6,126.9,21,2.2402,0.0,0.22226,0.5553,22.458789,114.052009,21|22|3|16|7,0.1415|0.0982|0.0477|0.0415|0.0412,
unit_008024,HongKong,16,16,277.9,13,2.3358,0.0,0.17103,0.5427,22.459786,114.054463,13|7|31|22|27,0.1286|0.0923|0.0760|0.0717|0.0635,
unit_008025,HongKong,10,10,108.3,21,2.2921,0.0,0.0,0.5,22.463935,114.052794,21|3|18|16|1,0.1156|0.0786|0.0604|0.0468|0.0419,
unit_008026,HongKong,7,7,153.0,21,2.2534,0.0,0.15915,0.5397,22.465914,114.053849,21|22|3|13|16,0.1143|0.0793|0.0593|0.0510|0.0372,
unit_008027,HongKong,7,7,157.3,13,1.991,0.0,0.09201,0.523,22.449747,113.985442,13|3|16|23|2,0.0786|0.0515|0.0468|0.0343|0.0293,
unit_008029,HongKong,7,7,152.1,21,2.4859,0.0,0.0,0.5,22.437867,114.069766,21|31|16|10|13,0.0962|0.0846|0.0768|0.0539|0.0511,
unit_008030,HongKong,7,7,151.7,7,2.3384,0.0,0.05786,0.5145,22.42946,114.075175,7|13|22|31|3,0.1112|0.1011|0.0857|0.0695|0.0438,
unit_008031,HongKong,7,7,151.7,7,2.3384,0.0,0.05786,0.5145,22.42946,114.075175,7|13|22|31|3,0.1112|0.1011|0.0857|0.0695|0.0438,
unit_008032,HongKong,7,7,155.6,21,2.3428,0.0,0.0,0.5,22.430157,114.071505,21|22|7|13|31,0.1054|0.0743|0.0705|0.0644|0.0492,
unit_008033,HongKong,8,8,179.3,21,2.4975,0.0,0.0,0.5,22.428399,114.068,21|10|7|31|22,0.1271|0.0817|0.0702|0.0674|0.0665,
unit_008034,HongKong,8,8,179.3,7,2.4879,0.0,0.0,0.5,22.425981,114.068407,7|22|31|2|10,0.0923|0.0905|0.0784|0.0778|0.0632,
unit_008035,HongKong,7,7,151.8,21,2.4612,0.0,0.29841,0.5741,22.442989,114.050461,21|18|2|31|23,0.0878|0.0797|0.0677|0.0567|0.0502,
unit_008036,HongKong,14,14,307.5,13,2.2428,0.0,0.0,0.5,22.437972,114.089078,13|31|7|2|22,0.1447|0.0688|0.0436|0.0432|0.0418,
unit_008037,HongKong,50,96,1039.0,7,2.5214,1e-05,0.0,0.5,22.439233,114.08736,7|13|21|22|31,0.0821|0.0763|0.0703|0.0675|0.0654,
unit_008038,HongKong,11,11,251.5,31,2.43,0.0,0.0,0.5,22.432532,114.086277,31|22|10|7|27,0.0760|0.0727|0.0726|0.0720|0.0668,
unit_008039,HongKong,4,4,82.6,7,2.3475,0.0,0.0,0.5,22.42913,114.085676,7|27|13|1|31,0.1502|0.0633|0.0621|0.0431|0.0424,
unit_008040,HongKong,20,20,374.7,13,2.1346,0.0,0.0,0.5,22.436193,114.097283,13|22|7|2|3,0.1021|0.0658|0.0532|0.0487|0.0322,
unit_008041,HongKong,28,28,572.7,13,2.1227,0.0,0.0,0.5,22.434707,114.094624,13|7|31|22|16,0.1492|0.0584|0.0400|0.0372|0.0343,
unit_008042,HongKong,9,9,204.0,13,2.2964,0.0,0.0,0.5,22.436582,114.091725,13|7|22|21|27,0.1262|0.0860|0.0599|0.0426|0.0320,
unit_008043,HongKong,8,8,176.6,13,2.2509,0.0,0.0,0.5,22.436634,114.09401,13|7|21|22|31,0.1463|0.0679|0.0455|0.0347|0.0292,
unit_008044,HongKong,8,8,176.6,13,2.2509,0.0,0.0,0.5,22.436634,114.09401,13|7|21|22|31,0.1463|0.0679|0.0455|0.0347|0.0292,
unit_008045,HongKong,9,9,204.0,13,2.2964,0.0,0.0,0.5,22.436582,114.091725,13|7|22|21|27,0.1262|0.0860|0.0599|0.0426|0.0320,
unit_008048,HongKong,28,34,570.6,22,2.317,1e-05,0.09324,0.5233,22.409833,114.062824,22|7|23|13|3,0.1403|0.0839|0.0657|0.0641|0.0633,
unit_008049,HongKong,8,8,177.2,18,2.4529,0.0,0.24537,0.561,22.482538,114.153331,18|21|3|2|23,0.1081|0.0890|0.0695|0.0662|0.0543,
unit_008050,HongKong,8,8,177.2,21,2.4538,0.0,0.24537,0.561,22.484157,114.15259,21|31|16|7|2,0.1077|0.0997|0.0811|0.0757|0.0701,
unit_008051,HongKong,6,6,127.0,18,2.1909,0.0,0.0,0.5,22.480903,114.154594,18|23|3|21|10,0.1584|0.0679|0.0576|0.0553|0.0540,
unit_008053,HongKong,6,6,127.0,21,2.4266,0.0,0.0,0.5,22.479386,114.153339,21|18|3|7|16,0.1299|0.0821|0.0574|0.0572|0.0548,
unit_008054,HongKong,8,9,177.5,18,2.22,1e-05,0.11036,0.5276,22.480668,114.154466,18|23|21|3|10,0.1577|0.0680|0.0595|0.0586|0.0538,
unit_008055,HongKong,5,5,101.4,21,2.4266,0.0,0.11036,0.5276,22.479191,114.154439,21|18|3|7|16,0.1299|0.0821|0.0574|0.0572|0.0548,
unit_008056,HongKong,15,15,303.6,21,2.3891,0.0,0.0,0.5,22.477103,114.154178,21|3|14|10|18,0.1093|0.0734|0.0677|0.0645|0.0601,
unit_008057,HongKong,4,4,75.3,10,2.5558,0.0,0.0,0.5,22.484266,114.154976,10|21|18|16|27,0.0842|0.0777|0.0666|0.0618|0.0562,
unit_008058,HongKong,11,16,251.0,14,1.4717,0.0,0.0,0.5,22.486486,114.156309,14|18|23|21|16,0.1685|0.0597|0.0268|0.0200|0.0176,
unit_008059,HongKong,8,8,175.7,14,1.4766,0.0,0.0,0.5,22.488941,114.158124,14|18|23|21|16,0.1659|0.0590|0.0251|0.0176|0.0176,
unit_008060,HongKong,11,15,251.0,14,1.5682,0.0,0.0,0.5,22.491246,114.159758,14|18|23|21|16,0.1634|0.0649|0.0284|0.0209|0.0196,
unit_008061,HongKong,8,8,175.7,14,1.6099,0.0,0.0,0.5,22.493248,114.161034,14|18|23|16|21,0.1687|0.0665|0.0301|0.0229|0.0209,
unit_008062,HongKong,14,16,326.3,14,1.4997,0.0,0.0,0.5,22.495734,114.162603,14|18|23|21|16,0.1629|0.0561|0.0240|0.0217|0.0150,
unit_008063,HongKong,18,22,426.7,14,1.6228,0.0,0.0,0.5,22.499723,114.165177,14|18|23|16|21,0.1683|0.0647|0.0278|0.0234|0.0206,
unit_008064,HongKong,7,7,150.6,13,2.3532,0.0,0.0,0.5,22.502832,114.167619,13|7|22|21|31,0.1047|0.0900|0.0782|0.0607|0.0422,
unit_008065,HongKong,11,15,251.0,14,1.5202,0.0,0.0,0.5,22.50711,114.171315,14|18|23|21|16,0.1676|0.0620|0.0267|0.0197|0.0180,
unit_008066,HongKong,7,7,150.6,14,1.5873,0.0,0.0,0.5,22.508992,114.172941,14|18|23|16|21,0.1622|0.0648|0.0267|0.0238|0.0185,
unit_008067,HongKong,13,15,301.2,14,1.5823,0.0,0.0,0.5,22.510975,114.174786,14|18|23|16|21,0.1676|0.0611|0.0235|0.0210|0.0185,
unit_008068,HongKong,4,4,75.3,13,2.3028,0.0,0.0,0.5,22.512499,114.176878,13|22|7|21|27,0.1087|0.0962|0.0852|0.0780|0.0448,
unit_008069,HongKong,12,16,276.1,14,1.5294,0.0,0.0,0.5,22.513589,114.179114,14|18|16|23|31,0.1614|0.0560|0.0263|0.0238|0.0105,
unit_008070,HongKong,10,14,225.9,14,1.8386,1e-05,0.0,0.5,22.515547,114.182063,14|18|21|23|16,0.1674|0.0659|0.0318|0.0260|0.0244,
unit_008072,HongKong,8,11,182.7,21,2.538,0.00011,0.05355,0.5134,22.546139,114.152436,21|2|3|22|18,0.0876|0.0752|0.0749|0.0734|0.0704,
unit_008073,HongKong,6,14,130.5,18,2.4277,1e-05,0.05356,0.5134,22.54777,114.15242,18|21|2|27|3,0.1613|0.0786|0.0589|0.0527|0.0513,
unit_008074,HongKong,5,8,104.5,3,2.5096,3e-05,0.10475,0.5262,22.545537,114.152291,3|22|13|18|2,0.1019|0.0885|0.0786|0.0679|0.0660,
unit_008075,HongKong,4,6,78.4,21,2.483,0.0,0.08759,0.5219,22.546586,114.152342,21|18|2|14|22,0.1141|0.0799|0.0793|0.0570|0.0567,
unit_008076,HongKong,15,15,367.8,31,2.3795,2e-05,0.0,0.5,22.378243,113.964846,31|1|3|16|7,0.1086|0.0745|0.0679|0.0647|0.0557,
unit_008077,HongKong,10,10,158.7,27,2.3268,0.0,0.0,0.5,22.36063,114.120252,27|21|1|16|3,0.1165|0.0731|0.0619|0.0415|0.0324,
unit_008078,HongKong,7,7,159.6,1,2.4075,0.0,0.0,0.5,22.374087,114.116366,1|2|16|18|3,0.1074|0.0949|0.0655|0.0559|0.0529,
unit_008079,HongKong,8,8,181.9,1,2.2274,0.0,0.0,0.5,22.373527,114.116192,1|16|7|3|23,0.1443|0.0627|0.0530|0.0349|0.0287,
unit_008080,HongKong,14,16,327.9,31,2.3979,2e-05,0.0,0.5,22.405533,113.964253,31|1|3|16|27,0.1143|0.1102|0.0703|0.0535|0.0418,
unit_008081,HongKong,8,8,176.5,1,2.3631,0.0,0.0,0.5,22.407596,113.965879,1|31|3|16|18,0.1191|0.0849|0.0796|0.0631|0.0366,
unit_008083,HongKong,3,5,58.6,1,2.4188,1e-05,0.0,0.5,22.451057,114.002296,1|21|3|10|16,0.1102|0.0683|0.0570|0.0483|0.0468,
unit_008084,HongKong,7,7,150.0,7,2.4508,0.0,0.0,0.5,22.377112,114.122915,7|21|31|1|22,0.0914|0.0854|0.0735|0.0680|0.0663,
unit_008088,HongKong,8,8,175.1,31,2.489,0.0,0.0,0.5,22.505256,114.151723,31|3|16|21|7,0.0985|0.0958|0.0838|0.0725|0.0652,
unit_008089,HongKong,20,24,482.7,7,2.3919,4e-05,0.0,0.5,22.450325,114.137185,7|16|31|3|22,0.0972|0.0771|0.0744|0.0664|0.0564,
unit_008091,HongKong,8,8,187.1,3,2.4884,0.0,0.0,0.5,22.503815,114.149588,3|7|31|21|16,0.1011|0.0969|0.0845|0.0793|0.0776,
unit_008093,HongKong,8,9,176.4,22,2.3329,0.0,0.08815,0.522,22.444083,114.148712,22|16|23|31|7,0.1535|0.0724|0.0658|0.0589|0.0485,
unit_008094,HongKong,8,8,176.4,22,2.3701,0.0,0.07359,0.5184,22.445059,114.150127,22|31|23|18|16,0.1228|0.0851|0.0683|0.0455|0.0417,
unit_008095,HongKong,10,10,226.7,22,2.3445,0.0,0.0,0.5,22.446704,114.152248,22|16|7|21|31,0.1407|0.0953|0.0622|0.0555|0.0481,
unit_008096,HongKong,6,6,126.0,18,2.469,0.0,0.0,0.5,22.446978,114.154891,18|10|23|31|21,0.1174|0.0936|0.0805|0.0620|0.0536,
unit_008097,HongKong,18,18,321.6,22,2.1915,0.0,0.0,0.5,22.440747,114.124852,22|31|16|3|23,0.1260|0.1046|0.0788|0.0513|0.0469,
unit_008098,HongKong,8,8,177.6,22,2.1915,0.0,0.0,0.5,22.440215,114.124859,22|31|16|3|23,0.1260|0.1046|0.0788|0.0513|0.0469,
unit_008099,HongKong,50,50,966.7,22,2.2176,0.0,0.0,0.5,22.442261,114.124916,22|7|3|13|10,0.0938|0.0723|0.0701|0.0586|0.0338,
unit_008100,HongKong,4,4,51.4,22,2.2628,0.0,0.0,0.5,22.440502,114.122824,22|3|7|23|13,0.0971|0.0913|0.0848|0.0795|0.0680,
unit_008102,HongKong,20,20,371.8,13,2.4501,0.0,0.0,0.5,22.524671,114.126067,13|22|31|21|7,0.1005|0.0971|0.0801|0.0699|0.0550,
unit_008103,HongKong,6,6,131.1,18,2.4844,0.0,0.0,0.5,22.459882,114.147435,18|22|21|3|2,0.1189|0.1028|0.0749|0.0642|0.0603,
unit_008104,HongKong,22,22,470.6,22,2.2155,0.0,0.0,0.5,22.451243,114.092728,22|13|7|21|3,0.1388|0.0895|0.0766|0.0566|0.0313,
unit_008105,HongKong,7,7,151.2,7,2.2836,0.0,0.0,0.5,22.449362,114.093418,7|13|31|27|22,0.1536|0.0933|0.0625|0.0405|0.0391,
unit_008106,HongKong,9,9,205.8,7,2.4064,0.0,0.0,0.5,22.44786,114.094372,7|13|22|3|27,0.1174|0.0984|0.0709|0.0707|0.0597,
unit_008107,HongKong,7,7,151.2,7,2.2836,0.0,0.0,0.5,22.449362,114.093418,7|13|31|27|22,0.1536|0.0933|0.0625|0.0405|0.0391,
unit_008108,HongKong,33,56,744.5,7,2.3892,5e-05,0.0576,0.5144,22.449436,114.097028,7|21|22|31|3,0.1113|0.0975|0.0801|0.0738|0.0425,
unit_008110,HongKong,8,16,192.4,7,2.4028,7e-05,0.0576,0.5144,22.449644,114.096637,7|3|31|21|22,0.1191|0.0621|0.0592|0.0586|0.0570,
unit_008111,HongKong,34,34,624.2,13,2.193,0.0,0.33244,0.5824,22.443657,114.097768,13|7|22|31|23,0.1222|0.0563|0.0455|0.0447|0.0260,
unit_008112,HongKong,8,8,176.3,22,2.2712,0.0,0.0,0.5,22.439797,114.098503,22|13|7|31|3,0.1213|0.0769|0.0641|0.0597|0.0324,
unit_008113,HongKong,10,10,226.7,13,2.2495,0.0,0.0,0.5,22.440928,114.100129,13|2|3|10|16,0.0562|0.0362|0.0330|0.0306|0.0293,
unit_008116,HongKong,8,11,176.4,13,2.2313,2e-05,0.06425,0.5161,22.444011,114.087988,13|7|16|2|21,0.1147|0.0786|0.0377|0.0367|0.0365,
unit_008117,HongKong,3,4,50.4,7,2.484,2e-05,0.06425,0.5161,22.443422,114.086982,7|31|3|22|27,0.0875|0.0868|0.0716|0.0714|0.0559,
unit_008118,HongKong,22,22,362.6,7,2.3141,0.0,0.0,0.5,22.390012,113.922983,7|3|13|27|10,0.1238|0.0934|0.0725|0.0528|0.0470,
unit_008119,HongKong,7,7,156.3,10,2.4444,0.0,0.0,0.5,22.432587,114.091854,10|21|3|13|22,0.1333|0.0748|0.0648|0.0532|0.0527,
unit_008120,HongKong,6,6,107.4,7,2.3141,0.0,0.0,0.5,22.389384,113.92222,7|3|13|27|10,0.1238|0.0934|0.0725|0.0528|0.0470,
unit_008123,HongKong,8,15,176.3,22,2.3239,1e-05,0.0,0.5,22.421075,114.115319,22|31|23|16|27,0.1281|0.1023|0.0826|0.0820|0.0448,
unit_008124,HongKong,16,21,377.7,22,2.4106,5e-05,0.0,0.5,22.420969,114.117092,22|23|27|31|18,0.1387|0.0846|0.0512|0.0468|0.0458,
unit_008126,HongKong,16,21,377.7,22,2.336,0.00012,0.0,0.5,22.417249,114.113816,22|27|23|16|31,0.1085|0.0921|0.0770|0.0553|0.0492,
unit_008127,HongKong,7,8,151.1,22,2.3119,0.0,0.06742,0.5168,22.414474,114.111826,22|27|23|31|16,0.1157|0.0912|0.0709|0.0545|0.0495,
unit_008128,HongKong,12,18,277.0,22,2.4717,7e-05,0.06742,0.5168,22.413141,114.110365,22|23|27|3|18,0.1099|0.0759|0.0630|0.0556|0.0479,
unit_008129,HongKong,8,8,176.3,22,2.4539,0.0,0.0,0.5,22.411774,114.107843,22|31|27|23|18,0.1055|0.0831|0.0764|0.0760|0.0750,
unit_008130,HongKong,8,8,176.3,22,2.3611,0.0,0.0,0.5,22.410108,114.106027,22|27|16|23|18,0.1154|0.0854|0.0583|0.0554|0.0549,
unit_008131,HongKong,8,8,176.3,22,2.3173,0.0,0.0,0.5,22.408528,114.105004,22|27|21|23|2,0.1283|0.1068|0.0937|0.0857|0.0590,
unit_008133,HongKong,6,6,131.4,7,2.3128,0.0,0.0,0.5,22.43064,114.09796,7|13|31|10|3,0.1456|0.0910|0.0659|0.0494|0.0483,
unit_008135,HongKong,14,16,327.7,16,2.426,4e-05,0.0,0.5,22.48137,114.149058,16|31|3|7|22,0.0931|0.0835|0.0667|0.0631|0.0432,
unit_008136,HongKong,8,8,176.5,31,2.4584,0.0,0.0,0.5,22.481551,114.145075,31|10|22|16|23,0.1031|0.0859|0.0762|0.0545|0.0514,
unit_008137,HongKong,8,8,178.8,18,2.4529,0.0,0.24537,0.561,22.482533,114.153049,18|21|3|2|23,0.1081|0.0890|0.0695|0.0662|0.0543,
unit_008138,HongKong,7,7,153.3,21,2.4538,0.0,0.24537,0.561,22.484083,114.152428,21|31|16|7|2,0.1077|0.0997|0.0811|0.0757|0.0701,
unit_008139,HongKong,9,14,204.4,10,2.505,2e-05,0.0,0.5,22.485898,114.149542,10|18|16|3|13,0.0896|0.0799|0.0717|0.0676|0.0482,
unit_008140,HongKong,3,3,51.1,16,2.4813,0.0,0.0,0.5,22.48659,114.147933,16|18|13|10|3,0.0932|0.0809|0.0743|0.0691|0.0624,
unit_008141,HongKong,5,5,102.2,21,2.4266,0.0,0.0,0.5,22.479483,114.15324,21|18|3|7|16,0.1299|0.0821|0.0574|0.0572|0.0548,
unit_008142,HongKong,10,10,134.7,31,2.4374,0.0,0.09913,0.5248,22.430522,114.094029,31|10|7|3|18,0.0925|0.0833|0.0803|0.0698|0.0530,
unit_008143,HongKong,7,13,158.0,13,2.2485,1e-05,0.13579,0.5339,22.463581,113.981707,13|22|7|31|16,0.0884|0.0760|0.0669|0.0653|0.0506,
unit_008144,HongKong,11,13,260.6,18,2.3816,5e-05,0.0,0.5,22.433163,113.983356,18|21|23|3|10,0.1479|0.0708|0.0669|0.0570|0.0529,
unit_008145,HongKong,16,16,295.7,22,2.1003,0.0,0.0,0.5,22.435701,113.988986,22|3|13|7|1,0.1291|0.0695|0.0584|0.0486|0.0309,
unit_008146,HongKong,24,24,472.4,31,2.3229,0.0,0.0,0.5,22.411101,113.965573,31|21|16|7|22,0.1059|0.0951|0.0906|0.0711|0.0649,
unit_008148,HongKong,6,7,126.4,21,2.4706,0.0,0.0597,0.5149,22.352761,114.116363,21|22|7|13|2,0.1382|0.0604|0.0593|0.0589|0.0506,
unit_008149,HongKong,14,14,292.5,1,2.5256,0.0,0.0,0.5,22.368643,114.091093,1|7|31|27|2,0.0772|0.0735|0.0657|0.0579|0.0557,
unit_008150,HongKong,8,8,181.0,22,2.393,0.0,0.0,0.5,22.370937,114.001169,22|13|7|3|1,0.1078|0.0664|0.0615|0.0567|0.0519,
unit_008151,HongKong,6,6,131.8,16,2.3495,0.0,0.16122,0.5402,22.495479,114.074207,16|18|31|3|22,0.1234|0.0891|0.0672|0.0637|0.0583,
unit_008152,HongKong,8,8,175.5,10,2.4167,0.0,0.0,0.5,22.458893,114.045688,10|22|21|31|18,0.0972|0.0784|0.0751|0.0553|0.0503,
unit_008153,HongKong,9,16,200.6,21,2.3841,3e-05,0.0,0.5,22.461111,114.044857,21|10|22|7|18,0.0873|0.0811|0.0741|0.0711|0.0534,
unit_008154,HongKong,8,8,175.5,22,2.4476,0.0,0.0,0.5,22.463403,114.043258,22|10|31|23|21,0.1173|0.0924|0.0876|0.0584|0.0493,
unit_008155,HongKong,9,9,205.7,22,2.1165,0.0,0.0,0.5,22.45582,114.041928,22|3|13|7|1,0.0956|0.0867|0.0529|0.0434|0.0286,
unit_008156,HongKong,10,14,231.4,22,2.164,1e-05,0.0675,0.5169,22.455071,114.038765,22|3|10|7|31,0.0826|0.0567|0.0402|0.0311|0.0184,
unit_008157,HongKong,8,9,178.0,7,2.3518,0.0,0.06566,0.5164,22.437659,114.062173,7|13|31|21|22,0.1126|0.0899|0.0791|0.0619|0.0617,
unit_008158,HongKong,8,8,177.6,22,2.4531,0.0,0.0,0.5,22.440905,114.080424,22|31|7|21|10,0.1075|0.0897|0.0761|0.0721|0.0611,
unit_008159,HongKong,7,8,152.3,18,2.5444,0.0,0.20345,0.5507,22.434817,114.034815,18|31|22|16|21,0.1048|0.0891|0.0663|0.0646|0.0626,
unit_008160,HongKong,7,7,152.3,13,2.3668,0.0,0.18242,0.5455,22.434193,114.033343,13|31|7|22|1,0.0845|0.0840|0.0828|0.0585|0.0325,
unit_008162,HongKong,7,7,160.8,13,2.3668,0.0,0.27117,0.5674,22.433986,114.033467,13|31|7|22|1,0.0845|0.0840|0.0828|0.0585|0.0325,
unit_008163,HongKong,8,8,179.5,13,2.3965,0.0,0.0,0.5,22.383753,114.124583,13|27|7|22|1,0.0874|0.0741|0.0613|0.0602|0.0524,
unit_008164,HongKong,8,8,179.5,22,2.4349,0.0,0.0,0.5,22.385706,114.124605,22|13|3|27|23,0.1165|0.0697|0.0684|0.0634|0.0630,
unit_008165,HongKong,4,4,77.5,22,2.4038,0.0,0.0,0.5,22.383002,114.125099,22|31|13|7|10,0.1279|0.0951|0.0858|0.0736|0.0616,
unit_008166,HongKong,4,4,51.7,13,2.3965,0.0,0.0,0.5,22.383696,114.125383,13|27|7|22|1,0.0874|0.0741|0.0613|0.0602|0.0524,
unit_008168,HongKong,8,8,179.5,22,2.4349,0.0,0.0,0.5,22.385706,114.124605,22|13|3|27|23,0.1165|0.0697|0.0684|0.0634|0.0630,
unit_008169,HongKong,8,8,179.5,13,2.3965,0.0,0.0,0.5,22.383753,114.124583,13|27|7|22|1,0.0874|0.0741|0.0613|0.0602|0.0524,
unit_008170,HongKong,4,4,77.5,22,2.4038,0.0,0.0,0.5,22.383002,114.125099,22|31|13|7|10,0.1279|0.0951|0.0858|0.0736|0.0616,
unit_008171,HongKong,8,8,175.1,22,2.3518,0.0,0.0,0.5,22.472212,114.151303,22|7|13|3|31,0.1077|0.0990|0.0881|0.0688|0.0673,
unit_008172,HongKong,7,7,151.0,22,2.2498,0.0,0.0,0.5,22.433953,114.031259,22|31|16|10|23,0.1157|0.1130|0.0971|0.0416|0.0347,
unit_008173,HongKong,8,8,176.2,18,2.4068,0.0,0.0,0.5,22.434996,114.023756,18|16|31|7|14,0.1080|0.1041|0.0926|0.0528|0.0507,
unit_008174,HongKong,8,8,176.2,31,2.5115,0.0,0.0,0.5,22.436002,114.019108,31|10|21|2|3,0.0873|0.0861|0.0856|0.0705|0.0655,
unit_008175,HongKong,7,7,156.6,21,2.286,0.0,0.0,0.5,22.484249,114.058269,21|3|13|31|18,0.1253|0.0944|0.0511|0.0429|0.0416,
unit_008176,HongKong,21,30,440.0,21,2.3924,0.0,0.0,0.5,22.480238,114.057552,21|7|3|31|10,0.1229|0.0985|0.0770|0.0621|0.0589,
unit_008177,HongKong,8,8,180.1,18,2.2929,0.0,0.0,0.5,22.36835,114.134249,18|1|21|31|27,0.1150|0.1077|0.0499|0.0474|0.0402,
unit_008178,HongKong,4,4,77.5,31,2.4829,0.0,0.0,0.5,22.498624,114.132572,31|21|22|18|16,0.0928|0.0879|0.0854|0.0781|0.0653,
unit_008179,HongKong,8,8,177.1,22,2.447,0.0,0.0,0.5,22.495081,114.083056,22|7|13|3|21,0.0886|0.0864|0.0846|0.0722|0.0527,
unit_008180,HongKong,8,8,177.1,13,2.4149,0.0,0.10444,0.5261,22.497517,114.082359,13|7|22|31|2,0.0947|0.0803|0.0703|0.0530|0.0481,
unit_008181,HongKong,10,20,155.5,3,2.4797,1e-05,0.07611,0.519,22.359583,113.950626,3|7|21|16|10,0.0913|0.0661|0.0592|0.0370|0.0363,
unit_008183,HongKong,4,9,77.7,14,1.8843,1e-05,0.06756,0.5169,22.360463,113.949812,14|18|23|21|16,0.1710|0.0580|0.0288|0.0277|0.0269,
unit_008184,HongKong,23,32,399.3,14,1.7615,0.0,0.20774,0.5517,22.362257,113.948984,14|18|23|16|2,0.1584|0.0555|0.0308|0.0271|0.0259,
unit_008185,HongKong,16,16,361.6,13,2.1157,0.0,0.0,0.5,22.415656,113.96806,13|2|16|10|3,0.1161|0.0566|0.0378|0.0332|0.0329,
unit_008186,HongKong,47,47,823.6,22,2.4338,0.0,0.0,0.5,22.413385,113.968201,22|31|13|3|10,0.1096|0.1006|0.0533|0.0517|0.0516,
unit_008187,HongKong,7,7,151.3,21,2.422,0.0,0.0,0.5,22.460488,114.008637,21|18|3|22|1,0.1062|0.0866|0.0864|0.0635|0.0532,
unit_008188,HongKong,8,8,186.6,22,2.4582,0.0,0.0,0.5,22.416003,114.070128,22|21|7|3|27,0.1029|0.0976|0.0706|0.0643|0.0620,
unit_008189,HongKong,7,7,155.2,21,2.4406,0.0,0.0,0.5,22.465139,113.994496,21|31|22|1|18,0.1215|0.1034|0.0637|0.0599|0.0548,
unit_008190,HongKong,6,6,132.7,22,2.255,0.0,0.0,0.5,22.468314,113.995995,22|13|31|7|3,0.1125|0.1003|0.0435|0.0367|0.0327,
unit_008191,HongKong,7,7,155.7,1,2.3906,0.0,0.07972,0.5199,22.469541,114.002799,1|3|21|31|10,0.1042|0.0914|0.0736|0.0557|0.0473,
unit_008193,HongKong,8,8,184.1,7,2.3203,0.0,0.0,0.5,22.417372,114.033601,7|22|13|21|3,0.1005|0.0920|0.0871|0.0579|0.0432,
unit_008194,HongKong,56,56,985.7,13,2.1901,0.0,0.25895,0.5644,22.422226,114.022527,13|7|3|27|2,0.0980|0.0795|0.0788|0.0522|0.0484,
unit_008195,HongKong,20,20,316.9,13,2.2445,0.0,0.0,0.5,22.416538,114.018038,13|7|22|31|21,0.1091|0.0953|0.0903|0.0593|0.0369,
unit_008196,HongKong,7,8,160.2,13,2.3932,1e-05,0.06541,0.5163,22.413444,114.016288,13|7|23|22|21,0.1207|0.0649|0.0582|0.0496|0.0414,
unit_008198,HongKong,5,5,102.1,13,2.3811,0.0,0.0,0.5,22.424673,114.03892,13|7|31|27|23,0.1188|0.0947|0.0833|0.0335|0.0334,
unit_008199,HongKong,72,116,1469.7,13,2.1496,1e-05,0.0,0.5,22.423238,114.018458,13|7|21|22|31,0.1473|0.0776|0.0686|0.0562|0.0505,
unit_008201,HongKong,24,24,516.6,7,2.1965,0.0,0.0,0.5,22.421949,114.015265,7|13|3|22|23,0.1145|0.0851|0.0424|0.0360|0.0268,
unit_008204,HongKong,40,40,758.9,13,2.3526,0.0,0.05372,0.5134,22.419804,114.016297,13|7|31|22|3,0.1385|0.1023|0.0678|0.0496|0.0422,
unit_008205,HongKong,10,10,221.9,13,2.2868,0.0,0.0,0.5,22.420745,114.015077,13|7|22|3|27,0.1125|0.0924|0.0570|0.0471|0.0336,
unit_008207,HongKong,8,8,187.1,7,2.5065,0.0,0.0,0.5,22.418225,114.018874,7|21|13|2|22,0.0899|0.0721|0.0678|0.0666|0.0636,
unit_008208,HongKong,28,28,570.0,7,2.1081,0.0,0.0,0.5,22.416606,114.015768,7|13|22|23|1,0.1182|0.1064|0.0696|0.0458|0.0400,
unit_008210,HongKong,24,24,518.8,13,2.1721,0.0,0.0,0.5,22.428874,114.021514,13|31|22|7|14,0.1237|0.0753|0.0669|0.0557|0.0325,
unit_008211,HongKong,6,6,113.5,13,2.1721,0.0,0.0,0.5,22.429407,114.021783,13|31|22|7|14,0.1237|0.0753|0.0669|0.0557|0.0325,
unit_008212,HongKong,38,38,707.0,7,2.333,0.0,0.0,0.5,22.428637,114.025617,7|13|22|3|1,0.1219|0.0721|0.0626|0.0594|0.0460,
unit_008214,HongKong,26,26,546.4,22,2.2943,0.0,0.0,0.5,22.417288,114.036229,22|13|10|1|7,0.1403|0.0630|0.0412|0.0378|0.0369,
unit_008217,HongKong,8,8,176.6,1,2.4108,0.0,0.0,0.5,22.491062,114.141999,1|31|3|7|16,0.1069|0.0941|0.0834|0.0592|0.0566,
unit_008218,HongKong,12,12,264.8,31,2.3079,0.0,0.0,0.5,22.429966,114.100624,31|7|13|22|3,0.0766|0.0745|0.0605|0.0581|0.0452,
unit_008219,HongKong,12,12,224.5,18,2.4068,0.0,0.33014,0.5818,22.434494,114.023819,18|16|31|7|14,0.1080|0.1041|0.0926|0.0528|0.0507,
unit_008220,HongKong,4,4,50.4,7,2.2854,0.0,0.0,0.5,22.462263,114.020483,7|31|13|27|1,0.1505|0.0579|0.0578|0.0478|0.0438,
unit_008221,HongKong,6,8,127.4,7,2.2831,0.0,0.0,0.5,22.461593,114.020532,7|13|31|27|1,0.1522|0.0593|0.0584|0.0482|0.0455,
unit_008225,HongKong,6,7,134.3,21,2.4691,0.0,0.09252,0.5231,22.365349,114.047321,21|22|16|31|7,0.1059|0.0934|0.0750|0.0744|0.0704,
unit_008227,HongKong,24,26,503.2,13,2.0499,0.0,0.11337,0.5283,22.41497,114.015334,13|7|16|31|22,0.1344|0.0782|0.0419|0.0316|0.0296,
unit_008228,HongKong,11,16,252.9,7,2.3322,4e-05,0.0,0.5,22.461501,114.051115,7|13|22|31|3,0.1111|0.0884|0.0841|0.0679|0.0601,
unit_008229,HongKong,12,12,276.7,22,2.3025,0.0,0.0,0.5,22.484826,114.078637,22|31|23|27|16,0.1305|0.0890|0.0633|0.0552|0.0428,
unit_008230,HongKong,8,8,175.3,10,2.4959,0.0,0.10477,0.5262,22.477442,114.063272,10|22|31|27|7,0.1162|0.1059|0.0802|0.0636|0.0551,
unit_008231,HongKong,3,3,50.1,7,2.4508,0.0,0.10477,0.5262,22.47811,114.062248,7|31|10|22|27,0.1003|0.1003|0.0693|0.0679|0.0654,
unit_008232,HongKong,8,8,175.3,10,2.3715,0.0,0.0,0.5,22.478501,114.060149,10|31|22|16|7,0.0943|0.0895|0.0697|0.0659|0.0614,
unit_008233,HongKong,8,8,180.5,22,2.3363,0.0,0.0,0.5,22.474465,114.069451,22|10|3|31|16,0.1257|0.0789|0.0649|0.0625|0.0575,
unit_008234,HongKong,8,8,180.5,31,2.4773,0.0,0.0,0.5,22.474617,114.07175,31|10|16|22|3,0.1182|0.0865|0.0830|0.0812|0.0646,
unit_008235,HongKong,8,8,175.2,21,2.3626,0.0,0.0,0.5,22.486346,114.058898,21|18|3|2|22,0.1062|0.0867|0.0629|0.0555|0.0426,
unit_008236,HongKong,8,8,175.2,21,2.286,0.0,0.0,0.5,22.484104,114.058688,21|3|13|31|18,0.1253|0.0944|0.0511|0.0429|0.0416,
unit_008237,HongKong,8,8,175.2,21,2.3204,0.0,0.0,0.5,22.482078,114.058564,21|16|22|3|13,0.1378|0.0548|0.0518|0.0495|0.0403,
unit_008238,HongKong,8,8,177.0,21,2.3841,0.0,0.32049,0.5794,22.493059,114.061484,21|7|1|3|22,0.0871|0.0744|0.0669|0.0654|0.0579,
unit_008239,HongKong,10,14,236.3,13,2.3106,3e-05,0.0,0.5,22.486518,114.070281,13|22|21|7|31,0.1170|0.0925|0.0883|0.0793|0.0281,
unit_008240,HongKong,22,28,528.0,13,2.2284,3e-05,0.0,0.5,22.485715,114.072462,13|22|7|21|31,0.1296|0.0854|0.0772|0.0582|0.0387,
unit_008241,HongKong,8,8,183.1,22,2.1783,0.0,0.25995,0.5646,22.527101,114.126807,22|13|7|31|16,0.0801|0.0723|0.0691|0.0605|0.0227,
unit_008244,HongKong,18,18,366.8,21,2.4569,0.0,0.0,0.5,22.498281,114.127215,21|1|18|13|31,0.1012|0.0815|0.0683|0.0579|0.0563,
unit_008245,HongKong,7,7,151.4,31,2.4648,0.0,0.0,0.5,22.362138,114.115544,31|22|16|1|3,0.1087|0.0901|0.0628|0.0521|0.0511,
unit_008246,HongKong,7,7,151.9,31,2.4648,0.0,0.0,0.5,22.362086,114.115589,31|22|16|1|3,0.1087|0.0901|0.0628|0.0521|0.0511,
unit_008247,HongKong,24,24,407.0,13,2.1619,0.0,0.0,0.5,22.467983,114.148098,13|3|7|22|27,0.0991|0.0938|0.0845|0.0516|0.0424,
unit_008248,HongKong,9,9,200.6,22,2.3134,0.0,0.0,0.5,22.39949,114.106648,22|27|1|23|13,0.1459|0.0717|0.0404|0.0379|0.0338,
unit_008249,HongKong,9,9,200.6,22,2.3134,0.0,0.0,0.5,22.39949,114.106648,22|27|1|23|13,0.1459|0.0717|0.0404|0.0379|0.0338,
unit_008250,HongKong,7,10,151.9,21,2.3927,0.0,0.09995,0.525,22.462315,114.008505,21|1|3|31|2,0.0903|0.0829|0.0638|0.0534|0.0530,
unit_008251,HongKong,7,7,151.9,21,2.422,0.0,0.0,0.5,22.460491,114.008549,21|18|3|22|1,0.1062|0.0866|0.0864|0.0635|0.0532,
unit_008252,HongKong,9,9,206.7,13,2.3567,0.0,0.0,0.5,22.440094,114.0448,13|7|22|31|27,0.1142|0.1056|0.0728|0.0656|0.0531,
unit_008254,HongKong,6,7,129.1,18,2.3313,0.0,0.06734,0.5168,22.544345,114.152707,18|21|10|3|23,0.1370|0.0728|0.0663|0.0632|0.0540,
unit_008255,HongKong,7,7,155.0,18,2.3864,0.0,0.0,0.5,22.541987,114.154332,18|10|16|3|23,0.1588|0.0476|0.0447|0.0422|0.0409,
unit_008256,HongKong,6,14,130.1,18,2.4383,0.0,0.05392,0.5135,22.547815,114.152515,18|21|2|27|3,0.1637|0.0774|0.0634|0.0560|0.0503,
unit_008257,HongKong,5,8,104.1,21,2.4844,0.0,0.08637,0.5216,22.546539,114.152577,21|2|18|22|14,0.1139|0.0795|0.0793|0.0571|0.0569,
unit_008258,HongKong,3,5,52.0,3,2.4985,0.0,0.08962,0.5224,22.545605,114.152509,3|22|13|2|18,0.1024|0.0924|0.0819|0.0684|0.0587,
unit_008260,HongKong,4,4,79.1,1,2.4941,0.0,0.0,0.5,22.50141,114.133469,1|7|31|13|27,0.0797|0.0785|0.0597|0.0595|0.0490,
unit_008261,HongKong,44,46,981.6,1,2.3781,3e-05,0.0,0.5,22.494508,114.125297,1|3|31|16|10,0.1081|0.0776|0.0761|0.0560|0.0399,
unit_008263,HongKong,14,14,300.0,22,2.2928,0.0,0.0,0.5,22.411678,114.117751,22|16|23|3|31,0.1050|0.0822|0.0687|0.0588|0.0489,
unit_008264,HongKong,10,16,225.0,22,2.3913,5e-05,0.0,0.5,22.409833,114.115654,22|23|27|3|21,0.1086|0.0787|0.0630|0.0582|0.0419,
unit_008265,HongKong,9,9,200.0,22,2.1543,0.0,0.0,0.5,22.408155,114.113224,22|27|23|31|16,0.1208|0.1021|0.0905|0.0722|0.0665,
unit_008266,HongKong,8,8,175.0,22,2.1687,0.0,0.0,0.5,22.406427,114.111504,22|27|16|31|23,0.1204|0.0801|0.0785|0.0717|0.0631,
unit_008267,HongKong,9,9,200.0,22,2.1647,0.0,0.0,0.5,22.405534,114.109031,22|16|27|31|23,0.1233|0.0973|0.0763|0.0752|0.0706,
unit_008268,HongKong,10,10,225.0,22,2.3111,0.0,0.0,0.5,22.405245,114.106881,22|23|27|21|31,0.1522|0.0955|0.0758|0.0754|0.0517,
unit_008269,HongKong,8,8,176.3,22,2.3173,0.0,0.0,0.5,22.408528,114.105004,22|27|21|23|2,0.1283|0.1068|0.0937|0.0857|0.0590,
unit_008270,HongKong,8,8,176.3,22,2.3611,0.0,0.0,0.5,22.410108,114.106027,22|27|16|23|18,0.1154|0.0854|0.0583|0.0554|0.0549,
unit_008271,HongKong,8,8,176.3,22,2.4539,0.0,0.0,0.5,22.411774,114.107843,22|31|27|23|18,0.1055|0.0831|0.0764|0.0760|0.0750,
unit_008272,HongKong,12,18,277.0,22,2.4717,7e-05,0.06742,0.5168,22.413141,114.110365,22|23|27|3|18,0.1099|0.0759|0.0630|0.0556|0.0479,
unit_008273,HongKong,7,8,151.1,22,2.3119,0.0,0.06742,0.5168,22.414474,114.111826,22|27|23|31|16,0.1157|0.0912|0.0709|0.0545|0.0495,
unit_008274,HongKong,16,21,377.7,22,2.336,0.00012,0.0,0.5,22.417249,114.113816,22|27|23|16|31,0.1085|0.0921|0.0770|0.0553|0.0492,
unit_008276,HongKong,16,21,377.7,22,2.4106,5e-05,0.0,0.5,22.420969,114.117092,22|23|27|31|18,0.1387|0.0846|0.0512|0.0468|0.0458,
unit_008277,HongKong,8,15,176.3,22,2.3239,1e-05,0.0,0.5,22.421075,114.115319,22|31|23|16|27,0.1281|0.1023|0.0826|0.0820|0.0448,
unit_008279,HongKong,4,4,77.9,22,2.315,0.0,0.0,0.5,22.5306,114.127542,22|21|16|31|2,0.1099|0.1016|0.0700|0.0674|0.0561,
unit_008280,HongKong,7,7,155.7,22,2.2943,0.0,0.0,0.5,22.52944,114.125724,22|31|13|14|10,0.1304|0.0767|0.0706|0.0405|0.0377,
unit_008281,HongKong,6,6,126.9,21,2.3568,0.0,0.0,0.5,22.47467,114.056061,21|31|13|3|22,0.1397|0.0664|0.0664|0.0643|0.0561,
unit_008282,HongKong,5,5,101.5,21,2.4862,0.0,0.0,0.5,22.477196,114.056783,21|3|18|13|31,0.1106|0.0873|0.0686|0.0503|0.0482,
unit_008283,HongKong,3,5,55.3,2,2.5215,0.0,0.06106,0.5153,22.372047,113.952285,2|14|16|27|23,0.0936|0.0770|0.0680|0.0677|0.0647,
unit_008284,HongKong,14,18,256.7,13,2.3125,0.0,0.29863,0.5741,22.363415,113.949014,13|18|10|23|16,0.0430|0.0428|0.0407|0.0400|0.0323,
unit_008286,HongKong,4,4,75.3,21,2.4929,0.0,0.0833,0.5208,22.372774,113.953815,21|18|3|10|23,0.0936|0.0875|0.0860|0.0763|0.0620,
unit_008287,HongKong,16,24,376.7,18,2.4318,4e-05,0.0,0.5,22.375886,113.956434,18|21|22|23|16,0.1076|0.0989|0.0821|0.0670|0.0647,
unit_008288,HongKong,12,14,276.2,21,2.3889,1e-05,0.0,0.5,22.380582,113.959569,21|18|22|23|16,0.1055|0.1010|0.0896|0.0676|0.0643,
unit_008289,HongKong,8,8,175.8,18,2.4906,0.0,0.0,0.5,22.383738,113.962478,18|21|16|23|14,0.1071|0.0811|0.0713|0.0545|0.0542,
unit_008290,HongKong,8,8,175.4,16,2.371,0.0,0.0,0.5,22.369997,113.949663,16|21|22|31|7,0.1125|0.0991|0.0790|0.0642|0.0431,
unit_008291,HongKong,8,8,175.4,18,2.3072,0.0,0.0,0.5,22.366385,113.947603,18|21|10|3|2,0.1209|0.0755|0.0699|0.0485|0.0448,
unit_008292,HongKong,5,5,100.2,13,2.2984,0.0,0.16259,0.5406,22.363336,113.948559,13|18|10|23|16,0.0431|0.0421|0.0409|0.0396|0.0320,
unit_008294,HongKong,7,8,150.4,14,1.678,0.0,0.18557,0.5463,22.362032,113.949451,14|18|23|16|2,0.1601|0.0538|0.0289|0.0255|0.0246,
unit_008295,HongKong,8,21,175.4,14,1.941,4e-05,0.2875,0.5714,22.360451,113.95054,14|18|23|21|16,0.1681|0.0569|0.0296|0.0288|0.0277,
unit_008297,HongKong,5,5,100.2,10,2.5292,0.0,0.0,0.5,22.358127,113.952141,10|3|7|16|1,0.0941|0.0795|0.0573|0.0557|0.0515,
unit_008298,HongKong,16,23,375.9,14,1.5645,0.0,0.0,0.5,22.355246,113.954126,14|18|23|21|2,0.1711|0.0527|0.0305|0.0195|0.0172,
unit_008299,HongKong,8,8,175.4,14,1.508,0.0,0.0,0.5,22.352828,113.95579,14|18|23|21|2,0.1647|0.0428|0.0268|0.0196|0.0132,
unit_008300,HongKong,16,24,375.9,14,1.6321,0.0,0.0,0.5,22.350052,113.957263,14|18|21|23|2,0.1673|0.0489|0.0275|0.0266|0.0214,
unit_008301,HongKong,8,8,175.4,14,1.9704,0.0,0.0,0.5,22.34677,113.95803,14|21|18|2|13,0.1156|0.0395|0.0326|0.0259|0.0240,
unit_008302,HongKong,7,7,150.4,14,1.6369,0.0,0.0,0.5,22.3442,113.9584,14|18|21|23|2,0.1514|0.0339|0.0332|0.0232|0.0159,
unit_008303,HongKong,8,8,175.4,14,1.6861,0.0,0.0,0.5,22.342301,113.958673,14|18|21|23|2,0.1560|0.0343|0.0327|0.0248|0.0191,
unit_008304,HongKong,8,8,175.4,14,1.6502,0.0,0.0,0.5,22.338726,113.959188,14|18|21|23|2,0.1579|0.0339|0.0312|0.0298|0.0205,
unit_008305,HongKong,7,7,150.4,14,1.511,0.0,0.0,0.5,22.33638,113.959525,14|21|18|23|2,0.1537|0.0379|0.0357|0.0302|0.0183,
unit_008306,HongKong,7,7,150.4,14,1.6084,0.0,0.0,0.5,22.334369,113.959815,14|18|21|23|2,0.1540|0.0369|0.0313|0.0236|0.0145,
unit_008307,HongKong,16,31,375.9,14,1.5468,0.0,0.0,0.5,22.331128,113.960281,14|18|21|23|2,0.1582|0.0396|0.0336|0.0299|0.0167,
unit_008308,HongKong,8,8,175.4,14,1.6195,0.0,0.0,0.5,22.328,113.960732,14|18|21|23|2,0.1538|0.0379|0.0356|0.0336|0.0152,
unit_008309,HongKong,8,8,175.4,14,1.5777,0.0,0.0,0.5,22.325766,113.961053,14|21|23|18|2,0.1475|0.0360|0.0300|0.0271|0.0129,
unit_008310,HongKong,13,16,300.7,14,1.5192,0.0,0.0,0.5,22.322295,113.961477,14|18|21|23|2,0.1516|0.0362|0.0356|0.0309|0.0184,
unit_008311,HongKong,15,15,350.8,14,1.7675,0.0,0.08878,0.5222,22.318535,113.960916,14|18|21|23|2,0.1618|0.0476|0.0356|0.0299|0.0242,
unit_008312,HongKong,11,16,250.6,14,2.3897,3e-05,0.08878,0.5222,22.31573,113.960053,14|2|18|21|16,0.0910|0.0810|0.0784|0.0774|0.0555,
unit_008313,HongKong,15,15,332.8,10,2.5292,0.0,0.0,0.5,22.357997,113.952574,10|3|7|16|1,0.0941|0.0795|0.0573|0.0557|0.0515,
unit_008314,HongKong,8,8,151.8,7,2.2752,0.0,0.0,0.5,22.470042,114.148442,7|13|27|31|21,0.1284|0.0777|0.0751|0.0684|0.0647,
unit_008316,HongKong,11,11,253.0,21,2.3881,3e-05,0.0,0.5,22.393692,113.919093,21|22|18|7|27,0.1389|0.1157|0.0505|0.0438|0.0397,
unit_008317,HongKong,7,7,151.8,18,2.3818,0.0,0.0,0.5,22.396857,113.918471,18|21|22|23|10,0.1169|0.1122|0.0664|0.0623|0.0572,
unit_008318,HongKong,6,11,126.5,22,2.2961,1e-05,0.06513,0.5163,22.398198,113.91747,22|13|7|21|3,0.1271|0.0911|0.0537|0.0403|0.0391,
unit_008319,HongKong,6,8,126.5,13,2.1694,0.0,0.06513,0.5163,22.399432,113.916933,13|22|3|21|23,0.1020|0.0563|0.0434|0.0427|0.0418,
unit_008320,HongKong,5,5,103.3,21,2.3891,0.0,0.0,0.5,22.476855,114.153638,21|3|14|10|18,0.1093|0.0734|0.0677|0.0645|0.0601,
unit_008321,HongKong,4,4,75.6,21,2.3276,0.0,0.0,0.5,22.475107,114.153953,21|18|3|14|23,0.0930|0.0695|0.0659|0.0600|0.0562,
unit_008322,HongKong,7,7,151.7,31,2.5053,0.0,0.1523,0.538,22.4341,114.003132,31|22|18|16|7,0.1022|0.0936|0.0842|0.0631|0.0559,
unit_008323,HongKong,5,5,101.1,18,2.4505,0.0,0.0,0.5,22.434911,114.004857,18|16|21|3|31,0.1126|0.0947|0.0599|0.0574|0.0531,
unit_008324,HongKong,4,6,82.9,18,2.3549,0.0,0.0,0.5,22.369037,114.110799,18|1|31|21|16,0.1353|0.0937|0.0670|0.0608|0.0438,
unit_008325,HongKong,8,8,180.1,22,2.4112,0.0,0.0,0.5,22.512908,114.10569,22|21|7|13|31,0.1464|0.1026|0.0784|0.0516|0.0450,
unit_008328,HongKong,8,8,184.6,10,2.3244,0.0,0.0,0.5,22.505575,114.096556,10|21|13|2|16,0.0954|0.0803|0.0719|0.0561|0.0436,
unit_008329,HongKong,7,7,152.9,16,2.3822,0.0,0.0,0.5,22.503813,114.098069,16|31|3|18|7,0.0980|0.0948|0.0790|0.0750|0.0445,
unit_008330,HongKong,7,7,158.2,16,2.3642,0.0,0.0,0.5,22.504097,114.095059,16|18|31|2|7,0.1095|0.0871|0.0689|0.0437|0.0378,
unit_008331,HongKong,4,4,82.6,7,2.3475,0.0,0.0,0.5,22.42913,114.085676,7|27|13|1|31,0.1502|0.0633|0.0621|0.0431|0.0424,
unit_008332,HongKong,4,6,58.1,31,2.4686,2e-05,0.06457,0.5161,22.430413,114.094318,31|7|10|3|23,0.1034|0.0909|0.0760|0.0693|0.0490,
unit_008334,HongKong,7,7,155.7,22,2.2943,0.0,0.0,0.5,22.52944,114.125724,22|31|13|14|10,0.1304|0.0767|0.0706|0.0405|0.0377,
unit_008335,HongKong,4,4,77.9,22,2.315,0.0,0.0,0.5,22.5306,114.127542,22|21|16|31|2,0.1099|0.1016|0.0700|0.0674|0.0561,
unit_008336,HongKong,8,8,179.6,22,2.315,0.0,0.0,0.5,22.530335,114.128245,22|21|16|31|2,0.1099|0.1016|0.0700|0.0674|0.0561,
unit_008338,HongKong,8,8,179.8,22,2.4401,0.0,0.0,0.5,22.44887,114.076784,22|7|31|21|13,0.1124|0.0927|0.0771|0.0769|0.0673,
unit_008342,HongKong,6,6,128.0,1,2.4719,0.0,0.0,0.5,22.364028,114.135801,1|27|21|13|7,0.1023|0.0843|0.0740|0.0653|0.0628,
unit_008343,HongKong,7,7,153.7,18,2.4043,0.0,0.10348,0.5258,22.366273,114.121236,18|1|21|27|3,0.0961|0.0862|0.0833|0.0819|0.0447,
unit_008344,HongKong,8,9,179.4,1,2.515,1e-05,0.10348,0.5258,22.364737,114.120502,1|13|3|22|18,0.1110|0.0702|0.0665|0.0602|0.0556,
unit_008346,HongKong,8,8,177.9,18,2.4844,0.0,0.0,0.5,22.459739,114.147217,18|22|21|3|2,0.1189|0.1028|0.0749|0.0642|0.0603,
unit_008347,HongKong,5,5,101.7,7,2.3756,0.0,0.11807,0.5295,22.463029,114.148619,7|3|10|1|31,0.1065|0.0455|0.0449|0.0400|0.0328,
unit_008348,HongKong,8,9,177.9,18,2.4913,1e-05,0.11807,0.5295,22.464357,114.149284,18|21|10|3|7,0.1058|0.0842|0.0652|0.0642|0.0593,
unit_008349,HongKong,11,23,252.0,22,2.3382,3e-05,0.0,0.5,22.418578,113.924323,22|21|31|16|7,0.1569|0.1050|0.0762|0.0754|0.0516,
unit_008350,HongKong,8,8,176.4,22,2.2148,0.0,0.0,0.5,22.416227,113.922823,22|16|21|27|31,0.1014|0.1010|0.0910|0.0888|0.0585,
unit_008351,HongKong,8,8,176.4,22,2.4162,0.0,0.0,0.5,22.414704,113.920855,22|16|21|27|31,0.1223|0.0889|0.0713|0.0659|0.0580,
unit_008352,HongKong,3,5,52.9,3,2.507,1e-05,0.08464,0.5211,22.545608,114.152589,3|22|13|2|18,0.1023|0.0927|0.0815|0.0707|0.0621,
unit_008353,HongKong,16,16,270.2,21,2.3944,0.0,0.0,0.5,22.549198,114.150703,21|7|10|13|31,0.0944|0.0759|0.0703|0.0571|0.0560,
unit_008354,HongKong,12,12,230.9,18,2.4529,0.0,0.0,0.5,22.482583,114.15373,18|21|3|2|23,0.1081|0.0890|0.0695|0.0662|0.0543,
unit_008355,HongKong,3,3,51.0,18,2.1909,0.0,0.0,0.5,22.48105,114.153992,18|23|3|21|10,0.1584|0.0679|0.0576|0.0553|0.0540,
unit_008357,HongKong,6,6,127.5,21,2.4266,0.0,0.13274,0.5331,22.479415,114.153451,21|18|3|7|16,0.1299|0.0821|0.0574|0.0572|0.0548,
unit_008358,HongKong,4,4,76.5,21,2.4266,0.0,0.17054,0.5425,22.479377,114.154562,21|18|3|7|16,0.1299|0.0821|0.0574|0.0572|0.0548,
unit_008359,HongKong,7,8,153.0,18,2.1995,0.0,0.17054,0.5425,22.480629,114.154394,18|23|3|21|10,0.1583|0.0681|0.0582|0.0574|0.0539,
unit_008360,HongKong,19,27,455.0,22,2.3263,7e-05,0.0,0.5,22.420603,113.940426,22|21|27|13|7,0.1503|0.0829|0.0548|0.0431|0.0419,
unit_008361,HongKong,7,7,156.5,16,2.3945,0.0,0.0,0.5,22.503565,114.101245,16|18|31|13|3,0.1080|0.0857|0.0841|0.0384|0.0372,
unit_008362,HongKong,8,8,177.5,10,2.418,0.0,0.0,0.5,22.506072,114.108114,10|3|22|18|23,0.0846|0.0812|0.0688|0.0534|0.0530,
unit_008363,HongKong,5,5,102.9,18,2.4073,0.0,0.23537,0.5586,22.502643,114.105646,18|16|31|3|10,0.0911|0.0849|0.0673|0.0596|0.0481,
unit_008364,HongKong,8,8,176.6,16,2.4051,0.0,0.19067,0.5475,22.501837,114.103208,16|13|31|7|2,0.0952|0.0902|0.0774|0.0611|0.0456,
unit_008365,HongKong,8,8,176.6,31,2.2322,0.0,0.0,0.5,22.502135,114.099598,31|16|7|21|2,0.1183|0.1036|0.0857|0.0498|0.0315,
unit_008366,HongKong,20,20,413.0,7,2.2931,0.0,0.0,0.5,22.527297,114.122347,7|13|22|31|3,0.0941|0.0893|0.0890|0.0393|0.0289,
unit_008367,HongKong,7,7,156.4,21,2.4513,0.0,0.0,0.5,22.506753,114.126099,21|1|3|10|31,0.0856|0.0801|0.0780|0.0684|0.0644,
unit_008368,HongKong,8,8,179.5,18,2.5041,0.0,0.0,0.5,22.505047,114.124563,18|21|3|1|16,0.0940|0.0800|0.0779|0.0723|0.0630,
unit_008369,HongKong,8,8,184.4,1,2.3426,0.0,0.0,0.5,22.390154,113.968674,1|21|13|23|3,0.0771|0.0755|0.0674|0.0424|0.0415,
unit_008370,HongKong,7,7,154.4,1,2.4578,0.0,0.0,0.5,22.386017,113.968057,1|31|10|16|18,0.0967|0.0939|0.0685|0.0672|0.0670,
unit_008371,HongKong,10,16,231.5,21,2.4277,3e-05,0.0,0.5,22.389401,113.971042,21|31|10|1|22,0.1285|0.0730|0.0667|0.0614|0.0531,
unit_008372,HongKong,10,16,231.5,21,2.4277,3e-05,0.0,0.5,22.389401,113.971042,21|31|10|1|22,0.1285|0.0730|0.0667|0.0614|0.0531,
unit_008374,HongKong,13,17,301.1,22,2.373,4e-05,0.0,0.5,22.500253,114.119557,22|31|16|7|21,0.1079|0.1007|0.0983|0.0725|0.0623,
unit_008375,HongKong,16,24,262.5,16,2.4018,1e-05,0.05623,0.5141,22.502596,114.116787,16|18|31|22|21,0.1201|0.0981|0.0897|0.0571|0.0494,
unit_008376,HongKong,8,8,175.6,22,2.3483,0.0,0.0,0.5,22.52316,114.124431,22|16|21|23|31,0.1534|0.0860|0.0748|0.0743|0.0633,
unit_008377,HongKong,11,13,260.6,18,2.3816,5e-05,0.0,0.5,22.433163,113.983356,18|21|23|3|10,0.1479|0.0708|0.0669|0.0570|0.0529,
unit_008379,HongKong,8,10,181.4,18,2.3983,0.0,0.08447,0.5211,22.424438,113.996571,18|14|16|10|21,0.1150|0.0834|0.0750|0.0498|0.0441,
unit_008380,HongKong,10,10,225.0,22,2.3111,0.0,0.0,0.5,22.405245,114.106881,22|23|27|21|31,0.1522|0.0955|0.0758|0.0754|0.0517,
unit_008381,HongKong,9,9,200.0,22,2.1647,0.0,0.0,0.5,22.405534,114.109031,22|16|27|31|23,0.1233|0.0973|0.0763|0.0752|0.0706,
unit_008382,HongKong,8,8,175.0,22,2.1687,0.0,0.0,0.5,22.406427,114.111504,22|27|16|31|23,0.1204|0.0801|0.0785|0.0717|0.0631,
unit_008383,HongKong,9,9,200.0,22,2.1543,0.0,0.0,0.5,22.408155,114.113224,22|27|23|31|16,0.1208|0.1021|0.0905|0.0722|0.0665,
unit_008384,HongKong,10,16,225.0,22,2.3913,5e-05,0.0,0.5,22.409833,114.115654,22|23|27|3|21,0.1086|0.0787|0.0630|0.0582|0.0419,
unit_008385,HongKong,8,8,177.2,22,2.3653,0.0,0.0,0.5,22.402624,114.105164,22|16|27|31|18,0.1075|0.1009|0.0900|0.0550|0.0534,
unit_008386,HongKong,8,8,177.2,22,2.192,0.0,0.0,0.5,22.401242,114.106943,22|27|16|21|31,0.1248|0.1029|0.0928|0.0489|0.0375,
unit_008387,HongKong,8,8,177.2,27,2.2625,0.0,0.0,0.5,22.39981,114.108597,27|22|23|21|2,0.1124|0.0933|0.0925|0.0707|0.0520,
unit_008388,HongKong,31,31,690.0,21,2.4791,0.0,0.0,0.5,22.511131,114.121225,21|10|31|16|13,0.1168|0.0656|0.0636|0.0505|0.0498,
unit_008389,HongKong,16,16,353.7,21,2.3435,0.0,0.0,0.5,22.512409,114.119521,21|7|16|31|10,0.1263|0.0938|0.0844|0.0730|0.0589,
unit_008390,HongKong,4,9,77.7,14,1.8843,1e-05,0.06756,0.5169,22.360463,113.949812,14|18|23|21|16,0.1710|0.0580|0.0288|0.0277|0.0269,
unit_008392,HongKong,7,10,162.9,3,2.5459,8e-05,0.0,0.5,22.37168,113.952486,3|16|2|23|10,0.0926|0.0717|0.0675|0.0635|0.0582,
unit_008394,HongKong,8,8,179.5,22,2.4461,0.0,0.0,0.5,22.462861,114.045414,22|10|3|21|27,0.0733|0.0688|0.0571|0.0529|0.0440,
unit_008395,HongKong,8,8,181.8,13,2.2166,0.0,0.0,0.5,22.466342,114.049255,13|7|3|16|31,0.1253|0.0744|0.0653|0.0636|0.0427,
unit_008396,HongKong,4,4,77.9,10,2.3657,0.0,0.0,0.5,22.465359,114.050587,10|21|22|31|7,0.1213|0.1032|0.0977|0.0709|0.0536,
unit_008397,HongKong,7,12,152.2,21,2.4594,1e-05,0.0,0.5,22.470366,114.049426,21|10|3|13|2,0.1123|0.0734|0.0672|0.0589|0.0528,
unit_008398,HongKong,8,8,175.4,21,2.3791,0.0,0.07696,0.5192,22.474939,114.051112,21|22|10|3|31,0.1042|0.1032|0.0702|0.0619|0.0435,
unit_008399,HongKong,5,5,102.5,21,2.3791,0.0,0.07696,0.5192,22.475265,114.050653,21|22|10|3|31,0.1042|0.1032|0.0702|0.0619|0.0435,
unit_008400,HongKong,9,15,203.3,22,2.4706,4e-05,0.0,0.5,22.479679,114.054784,22|31|10|3|16,0.0896|0.0795|0.0794|0.0659|0.0519,
unit_008401,HongKong,7,7,153.3,21,2.3791,0.0,0.0,0.5,22.474841,114.051596,21|22|10|3|31,0.1042|0.1032|0.0702|0.0619|0.0435,
unit_008402,HongKong,8,14,183.4,31,2.4086,4e-05,0.0,0.5,22.479209,114.054907,31|22|10|16|3,0.0996|0.0924|0.0836|0.0743|0.0536,
unit_008403,HongKong,4,4,75.7,31,2.4684,0.0,0.0,0.5,22.385002,113.972527,31|16|18|1|10,0.1003|0.1002|0.0646|0.0575|0.0465,
unit_008404,HongKong,8,8,175.0,13,2.4698,0.0,0.0,0.5,22.418048,113.975582,13|22|3|21|7,0.0927|0.0896|0.0864|0.0531|0.0521,
unit_008405,HongKong,15,16,350.0,22,2.4418,6e-05,0.0,0.5,22.418677,113.972241,22|3|7|31|23,0.1061|0.0808|0.0745|0.0697|0.0658,
unit_008406,HongKong,8,8,189.0,7,2.2923,0.0,0.0,0.5,22.484315,114.111052,7|13|22|31|21,0.1189|0.1145|0.0717|0.0706|0.0631,
unit_008407,HongKong,9,9,201.2,22,2.357,0.0,0.0,0.5,22.483412,114.107751,22|7|13|31|23,0.1262|0.1028|0.0804|0.0633|0.0611,
unit_008408,HongKong,8,8,176.0,31,2.4903,0.0,0.0,0.5,22.485357,114.105026,31|22|16|13|7,0.0982|0.0928|0.0680|0.0621|0.0590,
unit_008409,HongKong,8,8,176.0,3,2.4734,0.0,0.0,0.5,22.485399,114.102623,3|22|31|7|10,0.0964|0.0765|0.0709|0.0675|0.0643,
unit_008410,HongKong,8,8,188.8,21,2.4859,0.0,0.0,0.5,22.438068,114.069369,21|31|16|10|13,0.0962|0.0846|0.0768|0.0539|0.0511,
unit_008411,HongKong,7,7,152.1,21,2.4859,0.0,0.0,0.5,22.437867,114.069766,21|31|16|10|13,0.0962|0.0846|0.0768|0.0539|0.0511,
unit_008412,HongKong,7,7,152.5,21,2.4859,0.0,0.0,0.5,22.438415,114.069001,21|31|16|10|13,0.0962|0.0846|0.0768|0.0539|0.0511,
unit_008413,HongKong,3,3,50.7,7,2.335,0.0,0.0,0.5,22.436952,114.061505,7|13|31|21|22,0.1118|0.0893|0.0772|0.0626|0.0593,
unit_008414,HongKong,8,8,177.5,22,2.4678,0.0,0.0,0.5,22.43648,114.062814,22|31|7|13|3,0.0963|0.0952|0.0814|0.0634|0.0506,
unit_008415,HongKong,6,6,126.9,21,2.4542,0.0,0.0,0.5,22.434684,114.061622,21|18|31|2|23,0.0975|0.0815|0.0672|0.0529|0.0526,
unit_008416,HongKong,6,6,126.9,21,2.4495,0.0,0.0,0.5,22.433201,114.062687,21|2|18|23|3,0.0917|0.0717|0.0715|0.0623|0.0552,
unit_008417,HongKong,9,9,200.5,22,2.2914,0.0,0.0,0.5,22.410124,114.03058,22|31|16|23|21,0.1337|0.1015|0.0818|0.0684|0.0473,
unit_008418,HongKong,10,17,225.6,31,2.2992,1e-05,0.0,0.5,22.409191,114.03182,31|22|3|16|7,0.1071|0.1000|0.0794|0.0557|0.0482,
unit_008419,HongKong,8,8,180.9,22,2.3655,0.0,0.0,0.5,22.448856,114.036637,22|13|1|23|3,0.0953|0.0668|0.0406|0.0400|0.0319,
unit_008420,HongKong,8,8,178.4,21,2.4406,0.0,0.0,0.5,22.465271,113.994213,21|31|22|1|18,0.1215|0.1034|0.0637|0.0599|0.0548,
unit_008421,HongKong,10,16,237.4,7,2.3882,5e-05,0.09572,0.5239,22.425514,114.038667,7|13|31|16|3,0.1179|0.0977|0.0837|0.0567|0.0456,
unit_008422,HongKong,8,8,185.2,7,2.1639,0.0,0.17122,0.5427,22.375422,114.006935,7|13|3|23|31,0.0980|0.0854|0.0833|0.0453|0.0449,
unit_008423,HongKong,8,8,185.2,7,2.1639,0.0,0.17122,0.5427,22.375422,114.006935,7|13|3|23|31,0.0980|0.0854|0.0833|0.0453|0.0449,
unit_008424,HongKong,8,8,175.3,31,2.4495,0.0,0.0,0.5,22.501802,114.126596,31|1|16|21|7,0.1058|0.1013|0.0708|0.0631|0.0506,
unit_008425,HongKong,7,7,151.1,1,2.5081,0.0,0.0974,0.5243,22.364735,114.120454,1|13|3|22|18,0.1096|0.0713|0.0660|0.0606|0.0528,
unit_008426,HongKong,8,9,176.3,18,2.4258,1e-05,0.0974,0.5243,22.366241,114.121183,18|1|21|27|3,0.0964|0.0893|0.0838|0.0812|0.0466,
unit_008427,HongKong,7,7,163.7,1,2.3505,0.0,0.0,0.5,22.36338,114.118363,1|2|31|3|16,0.0957|0.0770|0.0764|0.0622|0.0621,
unit_008429,HongKong,7,7,150.2,21,2.4827,0.0,0.0,0.5,22.43503,114.014697,21|7|13|3|22,0.1207|0.0815|0.0772|0.0658|0.0588,
unit_008430,HongKong,30,30,627.3,21,2.2387,0.0,0.0,0.5,22.479916,114.11261,21|7|13|31|27,0.1292|0.0897|0.0805|0.0610|0.0573,
unit_008431,HongKong,13,18,302.9,7,2.4951,6e-05,0.0,0.5,22.477752,114.113259,7|22|31|27|13,0.0989|0.0661|0.0583|0.0580|0.0551,
unit_008432,HongKong,7,7,153.7,13,2.2799,0.0,0.0,0.5,22.477032,114.111523,13|21|7|22|31,0.1122|0.0785|0.0694|0.0569|0.0472,
unit_008433,HongKong,8,8,175.9,21,2.4228,0.0,0.0,0.5,22.456969,114.047781,21|22|3|18|10,0.0917|0.0772|0.0620|0.0603|0.0473,
unit_008435,HongKong,6,6,113.7,21,2.3997,0.0,0.47374,0.6163,22.43676,114.011932,21|7|31|13|27,0.1321|0.1021|0.0830|0.0664|0.0549,
unit_008437,HongKong,8,8,182.0,21,2.3626,0.0,0.0,0.5,22.486508,114.058499,21|18|3|2|22,0.1062|0.0867|0.0629|0.0555|0.0426,
unit_008438,HongKong,8,13,175.6,22,2.4185,0.0,0.0,0.5,22.470825,114.048923,22|21|7|10|31,0.1255|0.1111|0.0854|0.0835|0.0663,
unit_008439,HongKong,4,4,81.8,7,2.2631,0.0,0.0,0.5,22.511462,114.108971,7|27|1|21|3,0.1391|0.0554|0.0508|0.0391|0.0381,
unit_008440,HongKong,13,17,303.5,22,2.5152,8e-05,0.0,0.5,22.504669,114.117011,22|31|21|7|27,0.1183|0.0780|0.0747|0.0688|0.0568,
unit_008441,HongKong,8,8,177.0,22,2.3198,0.0,0.0,0.5,22.508026,114.117608,22|21|7|3|31,0.1046|0.0942|0.0858|0.0672|0.0560,
unit_008442,HongKong,9,17,202.3,10,2.3607,2e-05,0.0734,0.5183,22.5099,114.116549,10|3|22|31|27,0.0986|0.0815|0.0531|0.0522|0.0477,
unit_008443,HongKong,6,7,126.4,21,2.3514,0.0,0.0734,0.5183,22.511359,114.115718,21|22|7|31|3,0.0856|0.0822|0.0677|0.0672|0.0593,
unit_008444,HongKong,8,8,179.2,21,2.399,0.0,0.0,0.5,22.549743,114.154801,21|10|31|3|14,0.1255|0.0928|0.0576|0.0462|0.0427,
unit_008445,HongKong,4,5,76.8,13,2.3153,0.0,0.1691,0.5422,22.551222,114.155263,13|22|7|1|21,0.0975|0.0922|0.0501|0.0319|0.0292,
unit_008446,HongKong,5,5,101.5,21,2.4862,0.0,0.0,0.5,22.477196,114.056783,21|3|18|13|31,0.1106|0.0873|0.0686|0.0503|0.0482,
unit_008447,HongKong,6,6,126.9,21,2.3568,0.0,0.0,0.5,22.47467,114.056061,21|31|13|3|22,0.1397|0.0664|0.0664|0.0643|0.0561,
unit_008448,HongKong,8,8,175.3,10,2.3715,0.0,0.0,0.5,22.478501,114.060149,10|31|22|16|7,0.0943|0.0895|0.0697|0.0659|0.0614,
unit_008449,HongKong,3,3,50.1,7,2.4508,0.0,0.10477,0.5262,22.47811,114.062248,7|31|10|22|27,0.1003|0.1003|0.0693|0.0679|0.0654,
unit_008450,HongKong,8,8,175.3,10,2.4959,0.0,0.10477,0.5262,22.477442,114.063272,10|22|31|27|7,0.1162|0.1059|0.0802|0.0636|0.0551,
unit_008451,HongKong,6,6,126.9,21,2.2402,0.0,0.22226,0.5553,22.458789,114.052009,21|22|3|16|7,0.1415|0.0982|0.0477|0.0415|0.0412,
unit_008452,HongKong,3,4,50.7,13,2.4319,3e-05,0.22226,0.5553,22.45976,114.05235,13|7|21|2|3,0.1173|0.0822|0.0668|0.0608|0.0483,
unit_008453,HongKong,7,7,155.3,22,2.3304,0.0,0.0,0.5,22.455366,114.050457,22|21|10|31|16,0.1211|0.0876|0.0804|0.0695|0.0609,
unit_008454,HongKong,7,7,153.0,21,2.2534,0.0,0.15915,0.5397,22.465914,114.053849,21|22|3|13|16,0.1143|0.0793|0.0593|0.0510|0.0372,
unit_008455,HongKong,15,15,278.6,3,2.4884,0.0,0.0,0.5,22.504084,114.149636,3|7|31|21|16,0.1011|0.0969|0.0845|0.0793|0.0776,
unit_008456,HongKong,7,7,152.0,31,2.489,0.0,0.0,0.5,22.505314,114.151641,31|3|16|21|7,0.0985|0.0958|0.0838|0.0725|0.0652,
unit_008457,HongKong,7,7,156.3,10,2.4444,0.0,0.0,0.5,22.432587,114.091854,10|21|3|13|22,0.1333|0.0748|0.0648|0.0532|0.0527,
unit_008458,HongKong,8,8,176.2,31,2.3609,0.0,0.0,0.5,22.448657,114.078475,31|22|13|16|10,0.1106|0.0983|0.0749|0.0713|0.0669,
unit_008459,HongKong,8,9,176.2,21,2.4362,1e-05,0.0724,0.5181,22.446879,114.078467,21|13|10|7|3,0.1065|0.0902|0.0873|0.0701|0.0650,
unit_008460,HongKong,9,9,201.3,31,2.48,0.0,0.0724,0.5181,22.445529,114.077922,31|10|3|16|13,0.1008|0.0984|0.0713|0.0606|0.0596,
unit_008461,HongKong,6,6,136.6,16,2.3506,0.0,0.06656,0.5166,22.441679,114.086235,16|7|13|31|3,0.0806|0.0763|0.0762|0.0655|0.0599,
unit_008462,HongKong,4,4,51.6,13,2.2428,0.0,0.0,0.5,22.437607,114.088463,13|31|7|2|22,0.1447|0.0688|0.0436|0.0432|0.0418,
unit_008463,HongKong,7,7,158.0,7,2.3884,0.0,0.0,0.5,22.500835,114.137587,7|13|21|1|31,0.1017|0.0993|0.0686|0.0552|0.0498,
unit_008465,HongKong,11,15,254.7,22,2.4428,7e-05,0.11691,0.5292,22.522192,114.155513,22|3|7|31|16,0.1436|0.0621|0.0612|0.0514|0.0419,
unit_008466,HongKong,7,7,154.5,14,2.4721,0.0,0.0,0.5,22.374878,114.105783,14|2|27|31|18,0.0958|0.0843|0.0699|0.0658|0.0544,
unit_008467,HongKong,9,9,206.9,22,2.5655,0.0,0.0,0.5,22.502209,114.148015,22|13|21|3|27,0.0771|0.0678|0.0654|0.0630|0.0599,
unit_008470,HongKong,7,7,150.4,13,2.2882,0.0,0.0,0.5,22.499973,114.151574,13|7|31|21|22,0.1377|0.1025|0.0700|0.0646|0.0493,
unit_008471,HongKong,8,9,177.5,21,2.4991,2e-05,0.0,0.5,22.50183,114.149105,21|7|10|31|13,0.0825|0.0815|0.0659|0.0591|0.0559,
unit_008472,HongKong,10,16,230.3,22,2.3938,3e-05,0.0,0.5,22.538148,114.149719,22|13|21|3|7,0.1121|0.0932|0.0857|0.0677|0.0541,
unit_008473,HongKong,7,7,153.5,21,2.2147,0.0,0.0,0.5,22.534553,114.151548,21|22|7|31|16,0.1352|0.1101|0.0853|0.0780|0.0604,
unit_008474,HongKong,8,8,179.5,22,2.2969,0.0,0.24412,0.5607,22.540627,114.146976,22|31|13|16|3,0.0971|0.0931|0.0723|0.0637|0.0546,
unit_008475,HongKong,8,8,179.5,13,2.3497,0.0,0.0,0.5,22.540593,114.144668,13|16|31|10|3,0.0920|0.0787|0.0565|0.0540|0.0538,
unit_008476,HongKong,8,8,176.2,22,2.3545,0.0,0.0,0.5,22.543505,114.15096,22|21|13|7|3,0.1256|0.0825|0.0690|0.0636|0.0631,
unit_008477,HongKong,4,5,76.6,21,2.4788,1e-05,0.11877,0.5297,22.546618,114.152234,21|18|2|14|22,0.1141|0.0834|0.0785|0.0570|0.0548,
unit_008478,HongKong,6,14,127.7,18,2.4053,0.0,0.05929,0.5148,22.547756,114.15226,18|21|2|3|27,0.1575|0.0759|0.0515|0.0510|0.0480,
unit_008479,HongKong,8,8,176.2,22,2.3545,0.0,0.0,0.5,22.543505,114.15096,22|21|13|7|3,0.1256|0.0825|0.0690|0.0636|0.0631,
unit_008480,HongKong,8,8,180.5,22,2.3863,0.0,0.0,0.5,22.504619,114.147048,22|21|7|27|1,0.1342|0.0922|0.0695|0.0563|0.0476,
unit_008481,HongKong,6,8,126.6,18,2.2568,0.0,0.0,0.5,22.3472,114.060873,18|10|23|16|21,0.1524|0.0614|0.0507|0.0333|0.0226,
unit_008482,HongKong,6,6,126.6,18,2.1334,0.0,0.0,0.5,22.345413,114.057725,18|10|2|16|7,0.1354|0.0646|0.0381|0.0364|0.0361,
unit_008485,HongKong,13,17,301.1,22,2.373,4e-05,0.0,0.5,22.500253,114.119557,22|31|16|7|21,0.1079|0.1007|0.0983|0.0725|0.0623,
unit_008486,HongKong,6,8,128.6,22,2.3354,1e-05,0.0688,0.5172,22.525432,114.120875,22|31|16|7|13,0.1015|0.0882|0.0756|0.0593|0.0477,
unit_008487,HongKong,7,9,151.2,7,2.2614,0.0,0.07359,0.5184,22.489509,114.148545,7|13|31|21|16,0.1036|0.0873|0.0643|0.0635|0.0536,
unit_008488,HongKong,6,7,126.0,7,2.4422,0.0,0.07359,0.5184,22.489736,114.149696,7|13|22|1|3,0.1059|0.0706|0.0652|0.0632|0.0580,
unit_008489,HongKong,34,34,692.4,7,2.3694,0.0,0.0,0.5,22.504247,114.110543,7|13|22|21|31,0.1151|0.0929|0.0697|0.0519|0.0460,
unit_008490,HongKong,7,7,161.5,7,2.4492,0.0,0.0,0.5,22.504553,114.111978,7|13|16|31|3,0.1124|0.0871|0.0729|0.0645|0.0473,
unit_008491,HongKong,8,8,175.1,16,2.2882,0.0,0.0,0.5,22.502967,114.109159,16|31|3|18|22,0.1049|0.0876|0.0652|0.0580|0.0555,
unit_008492,HongKong,3,3,52.5,21,2.3554,0.0,0.0546,0.5136,22.456717,114.008582,21|18|3|22|27,0.1107|0.1040|0.0905|0.0575|0.0517,
unit_008493,HongKong,9,21,203.5,22,2.3321,2e-05,0.0,0.5,22.418929,113.924143,22|21|16|31|7,0.1591|0.1051|0.0802|0.0797|0.0531,
unit_008494,HongKong,4,7,77.3,22,2.3121,1e-05,0.0,0.5,22.419495,113.92394,22|21|16|31|7,0.1546|0.0982|0.0892|0.0864|0.0541,
unit_008496,HongKong,19,19,337.7,1,2.3726,0.0,0.0,0.5,22.359704,114.105655,1|21|31|16|7,0.1133|0.0760|0.0649|0.0625|0.0564,
unit_008499,HongKong,7,7,151.1,21,2.4266,0.0,0.07519,0.5188,22.479179,114.153936,21|18|3|7|16,0.1299|0.0821|0.0574|0.0572|0.0548,
unit_008501,HongKong,7,8,151.9,22,2.1953,0.0,0.14467,0.5361,22.490658,114.091476,22|16|31|23|10,0.1604|0.0651|0.0583|0.0371|0.0348,
unit_008502,HongKong,31,48,750.7,22,2.3189,0.00014,0.0,0.5,22.487905,114.096751,22|13|7|31|23,0.1231|0.0802|0.0532|0.0454|0.0255,
unit_008503,HongKong,8,8,175.2,22,2.2201,0.0,0.0,0.5,22.484686,114.098818,22|31|13|23|3,0.1493|0.0481|0.0473|0.0424|0.0419,
unit_008504,HongKong,8,10,177.0,22,2.3922,0.0,0.09944,0.5248,22.425196,114.109307,22|31|16|23|21,0.1195|0.0933|0.0788|0.0708|0.0418,
unit_008505,HongKong,7,9,151.7,22,2.255,0.0,0.09944,0.5248,22.424377,114.110455,22|21|27|2|23,0.1419|0.0954|0.0916|0.0419|0.0351,
unit_008506,HongKong,6,7,126.4,21,2.3514,0.0,0.0734,0.5183,22.511359,114.115718,21|22|7|31|3,0.0856|0.0822|0.0677|0.0672|0.0593,
unit_008507,HongKong,9,17,202.3,10,2.3607,2e-05,0.0734,0.5183,22.5099,114.116549,10|3|22|31|27,0.0986|0.0815|0.0531|0.0522|0.0477,
unit_008508,HongKong,8,8,177.0,22,2.3198,0.0,0.0,0.5,22.508026,114.117608,22|21|7|3|31,0.1046|0.0942|0.0858|0.0672|0.0560,
unit_008509,HongKong,13,17,303.5,22,2.5152,8e-05,0.0,0.5,22.504669,114.117011,22|31|21|7|27,0.1183|0.0780|0.0747|0.0688|0.0568,
unit_008510,HongKong,8,8,177.1,10,2.3651,0.0,0.0,0.5,22.512018,114.112906,10|3|31|22|18,0.1002|0.0747|0.0670|0.0428|0.0397,
unit_008511,HongKong,7,7,153.6,22,2.4099,0.0,0.0,0.5,22.515429,114.114534,22|21|18|10|13,0.0745|0.0726|0.0440|0.0438|0.0383,
unit_008512,HongKong,4,4,81.8,7,2.2631,0.0,0.0,0.5,22.511462,114.108971,7|27|1|21|3,0.1391|0.0554|0.0508|0.0391|0.0381,
unit_008513,HongKong,8,8,178.1,21,2.3276,0.0,0.22661,0.5564,22.474321,114.153814,21|18|3|14|23,0.0930|0.0695|0.0659|0.0600|0.0562,
unit_008514,HongKong,7,7,152.7,10,2.4024,0.0,0.22661,0.5564,22.472631,114.153494,10|7|21|3|13,0.0796|0.0777|0.0729|0.0701|0.0532,
unit_008515,HongKong,12,14,279.9,21,2.4841,4e-05,0.1328,0.5331,22.46894,114.152691,21|18|10|14|7,0.0854|0.0829|0.0682|0.0638|0.0590,
unit_008516,HongKong,7,9,152.7,21,2.4007,2e-05,0.1328,0.5331,22.466992,114.15177,21|7|31|22|16,0.1288|0.0987|0.0875|0.0847|0.0750,
unit_008517,HongKong,5,5,104.4,13,2.5043,0.0,0.14257,0.5356,22.495627,114.135043,13|16|14|18|10,0.0712|0.0686|0.0570|0.0561|0.0492,
unit_008518,HongKong,7,8,156.6,3,2.4768,1e-05,0.24007,0.5597,22.496445,114.13392,3|31|1|7|21,0.1060|0.0915|0.0768|0.0674|0.0663,
unit_008519,HongKong,4,4,78.3,14,2.4209,0.0,0.33757,0.5836,22.497296,114.132946,14|18|10|31|3,0.0926|0.0837|0.0540|0.0524|0.0469,
unit_008520,HongKong,12,12,272.4,3,2.2831,0.0,0.0,0.5,22.515092,114.132598,3|7|13|22|31,0.1022|0.1020|0.0777|0.0696|0.0581,
unit_008522,HongKong,6,8,116.1,13,2.2564,0.0,0.06246,0.5156,22.419039,114.038101,13|3|7|22|10,0.0943|0.0570|0.0531|0.0498|0.0472,
unit_008524,HongKong,8,8,184.1,7,2.3203,0.0,0.0,0.5,22.417372,114.033601,7|22|13|21|3,0.1005|0.0920|0.0871|0.0579|0.0432,
unit_008525,HongKong,7,7,158.4,13,2.2524,0.0,0.0,0.5,22.421202,114.038418,13|21|22|7|16,0.1159|0.0733|0.0700|0.0698|0.0332,
unit_008527,HongKong,8,8,183.7,22,2.3011,0.0,0.0,0.5,22.424703,114.049528,22|7|13|31|3,0.1377|0.0899|0.0794|0.0716|0.0495,
unit_008528,HongKong,9,9,205.3,22,2.4029,0.0,0.0,0.5,22.426191,114.051748,22|7|13|10|27,0.0970|0.0662|0.0631|0.0630|0.0498,
unit_008529,HongKong,9,9,203.6,22,2.2322,0.0,0.0,0.5,22.427444,114.050441,22|13|31|7|23,0.0876|0.0741|0.0438|0.0411|0.0375,
unit_008530,HongKong,9,9,205.3,22,2.4029,0.0,0.0,0.5,22.426191,114.051748,22|7|13|10|27,0.0970|0.0662|0.0631|0.0630|0.0498,
unit_008531,HongKong,9,9,203.6,22,2.2322,0.0,0.0,0.5,22.427444,114.050441,22|13|31|7|23,0.0876|0.0741|0.0438|0.0411|0.0375,
unit_008533,HongKong,9,9,200.6,7,2.4466,0.0,0.0,0.5,22.425678,114.035312,7|21|13|31|2,0.1145|0.1127|0.0835|0.0624|0.0508,
unit_008534,HongKong,5,5,102.1,13,2.3811,0.0,0.0,0.5,22.424673,114.03892,13|7|31|27|23,0.1188|0.0947|0.0833|0.0335|0.0334,
unit_008538,HongKong,11,16,256.7,7,2.494,3e-05,0.0,0.5,22.418764,114.024718,7|31|22|13|3,0.1008|0.0908|0.0798|0.0673|0.0666,
unit_008539,HongKong,12,22,251.8,13,2.464,1e-05,0.0,0.5,22.413789,114.022452,13|7|22|3|21,0.1181|0.0883|0.0820|0.0585|0.0560,
unit_008540,HongKong,6,7,126.0,7,2.4422,0.0,0.07359,0.5184,22.489736,114.149696,7|13|22|1|3,0.1059|0.0706|0.0652|0.0632|0.0580,
unit_008541,HongKong,7,9,151.2,7,2.2614,0.0,0.07359,0.5184,22.489509,114.148545,7|13|31|21|16,0.1036|0.0873|0.0643|0.0635|0.0536,
unit_008542,HongKong,15,16,352.9,22,2.3985,2e-05,0.0,0.5,22.490534,114.105541,22|13|7|10|27,0.1085|0.0855|0.0648|0.0478|0.0404,
unit_008543,HongKong,8,8,176.4,13,2.3755,0.0,0.0,0.5,22.488732,114.108248,13|7|22|31|14,0.1000|0.0796|0.0785|0.0535|0.0490,
unit_008546,HongKong,8,8,176.4,13,2.3755,0.0,0.0,0.5,22.488732,114.108248,13|7|22|31|14,0.1000|0.0796|0.0785|0.0535|0.0490,
unit_008547,HongKong,15,16,352.9,22,2.3985,2e-05,0.0,0.5,22.490534,114.105541,22|13|7|10|27,0.1085|0.0855|0.0648|0.0478|0.0404,
unit_008548,HongKong,8,8,182.5,22,2.3137,0.0,0.0,0.5,22.484909,114.109196,22|31|7|13|23,0.1198|0.0858|0.0726|0.0672|0.0478,
unit_008549,HongKong,8,8,176.9,22,2.3637,0.0,0.0,0.5,22.486332,114.10971,22|3|23|31|21,0.1555|0.0702|0.0690|0.0659|0.0658,
unit_008550,HongKong,8,8,189.0,7,2.2923,0.0,0.0,0.5,22.484315,114.111052,7|13|22|31|21,0.1189|0.1145|0.0717|0.0706|0.0631,
unit_008551,HongKong,8,8,182.5,22,2.3137,0.0,0.0,0.5,22.484909,114.109196,22|31|7|13|23,0.1198|0.0858|0.0726|0.0672|0.0478,
unit_008552,HongKong,8,8,176.9,22,2.3637,0.0,0.0,0.5,22.486332,114.10971,22|3|23|31|21,0.1555|0.0702|0.0690|0.0659|0.0658,
unit_008553,HongKong,10,10,203.6,22,2.4363,0.0,0.0,0.5,22.481599,114.108895,22|13|27|31|7,0.0982|0.0672|0.0668|0.0638|0.0479,
unit_008554,HongKong,13,18,302.9,7,2.4951,6e-05,0.0,0.5,22.477752,114.113259,7|22|31|27|13,0.0989|0.0661|0.0583|0.0580|0.0551,
unit_008555,HongKong,10,10,119.1,22,2.3565,0.0,0.0,0.5,22.476594,114.104543,22|31|10|23|7,0.1343|0.0770|0.0586|0.0545|0.0524,
unit_008556,HongKong,8,8,182.2,22,2.3565,0.0,0.0,0.5,22.476573,114.105308,22|31|10|23|7,0.1343|0.0770|0.0586|0.0545|0.0524,
unit_008557,HongKong,22,22,442.4,31,2.2767,0.0,0.0,0.5,22.477315,114.107412,31|3|16|7|13,0.0984|0.0782|0.0767|0.0681|0.0636,
unit_008558,HongKong,8,8,182.2,22,2.3565,0.0,0.0,0.5,22.476573,114.105308,22|31|10|23|7,0.1343|0.0770|0.0586|0.0545|0.0524,
unit_008559,HongKong,7,7,152.9,16,2.3822,0.0,0.0,0.5,22.503813,114.098069,16|31|3|18|7,0.0980|0.0948|0.0790|0.0750|0.0445,
unit_008560,HongKong,7,7,161.5,7,2.4492,0.0,0.0,0.5,22.504553,114.111978,7|13|16|31|3,0.1124|0.0871|0.0729|0.0645|0.0473,
unit_008561,HongKong,8,8,176.5,31,2.458,0.0,0.0,0.5,22.502507,114.118856,31|16|18|2|22,0.0983|0.0924|0.0799|0.0531|0.0486,
unit_008562,HongKong,8,9,178.3,22,2.3838,0.0,0.07967,0.5199,22.496459,114.108844,22|13|21|7|27,0.1187|0.0847|0.0772|0.0664|0.0625,
unit_008563,HongKong,9,16,203.8,22,2.3812,3e-05,0.07967,0.5199,22.495441,114.110131,22|7|31|13|3,0.1220|0.0840|0.0805|0.0553|0.0503,
unit_008564,HongKong,8,8,179.1,22,2.3629,0.0,0.0,0.5,22.516507,114.117595,22|7|27|16|31,0.1482|0.0544|0.0540|0.0509|0.0411,
unit_008565,HongKong,8,8,179.2,31,2.4453,0.0,0.0,0.5,22.51792,114.123009,31|22|16|13|7,0.1046|0.0935|0.0892|0.0878|0.0670,
unit_008566,HongKong,32,40,682.7,22,2.2514,2e-05,0.0,0.5,22.428554,114.015637,22|13|3|7|1,0.1545|0.0597|0.0384|0.0381|0.0313,
unit_008567,HongKong,4,7,77.3,22,2.3121,1e-05,0.0,0.5,22.419495,113.92394,22|21|16|31|7,0.1546|0.0982|0.0892|0.0864|0.0541,
unit_008570,HongKong,8,8,180.5,22,2.3863,0.0,0.0,0.5,22.504619,114.147048,22|21|7|27|1,0.1342|0.0922|0.0695|0.0563|0.0476,
unit_008572,HongKong,6,6,128.6,21,2.5143,0.0,0.0,0.5,22.450208,114.008955,21|7|18|27|22,0.0838|0.0831|0.0813|0.0708|0.0692,
unit_008573,HongKong,11,11,251.5,31,2.43,0.0,0.0,0.5,22.432532,114.086277,31|22|10|7|27,0.0760|0.0727|0.0726|0.0720|0.0668,
unit_008574,HongKong,8,8,177.5,22,2.4295,0.0,0.0,0.5,22.432815,114.077736,22|13|31|7|16,0.1300|0.0765|0.0711|0.0582|0.0553,
unit_008575,HongKong,8,8,177.5,22,2.2934,0.0,0.0,0.5,22.433579,114.075193,22|13|31|7|3,0.1238|0.0727|0.0708|0.0527|0.0490,
unit_008576,HongKong,7,7,150.2,22,2.4295,0.0,0.0,0.5,22.432955,114.077896,22|13|31|7|16,0.1300|0.0765|0.0711|0.0582|0.0553,
unit_008578,HongKong,12,15,275.4,22,2.4653,9e-05,0.09938,0.5248,22.435469,114.07468,22|7|21|31|3,0.1084|0.0888|0.0723|0.0668|0.0667,
unit_008580,HongKong,8,8,181.3,31,2.3893,0.0,0.0,0.5,22.367535,114.088461,31|27|16|10|18,0.0996|0.0880|0.0863|0.0676|0.0655,
unit_008581,HongKong,4,4,75.5,18,2.3967,0.0,0.0,0.5,22.374389,113.956262,18|21|22|3|23,0.1068|0.0974|0.0778|0.0705|0.0664,
unit_008582,HongKong,6,7,125.8,31,2.4893,0.0,0.05363,0.5134,22.375877,113.959808,31|22|1|3|21,0.1090|0.0849|0.0820|0.0751|0.0705,
unit_008583,HongKong,10,17,225.6,31,2.2992,1e-05,0.0,0.5,22.409191,114.03182,31|22|3|16|7,0.1071|0.1000|0.0794|0.0557|0.0482,
unit_008584,HongKong,9,9,200.5,22,2.2914,0.0,0.0,0.5,22.410124,114.03058,22|31|16|23|21,0.1337|0.1015|0.0818|0.0684|0.0473,
unit_008585,HongKong,3,3,50.1,3,2.484,0.0,0.0,0.5,22.441876,114.012083,3|1|16|18|31,0.0910|0.0786|0.0779|0.0665|0.0572,
unit_008586,HongKong,8,8,177.1,14,2.2511,0.0,0.0,0.5,22.409932,113.979033,14|18|21|1|3,0.0988|0.0819|0.0610|0.0302|0.0293,
unit_008587,HongKong,8,8,177.1,21,2.4345,0.0,0.0,0.5,22.407925,113.978617,21|1|2|3|16,0.1267|0.0741|0.0740|0.0606|0.0568,
unit_008588,HongKong,7,8,151.8,31,2.3739,0.0,0.09831,0.5246,22.373589,113.991918,31|1|16|3|10,0.1050|0.1017|0.0660|0.0565|0.0466,
unit_008589,HongKong,5,5,102.5,21,2.4872,0.0,0.0,0.5,22.439674,114.039533,21|18|22|16|3,0.1375|0.0772|0.0743|0.0575|0.0483,
unit_008590,HongKong,7,7,152.7,31,2.4648,0.0,0.0,0.5,22.450368,114.052282,31|22|7|16|13,0.1172|0.0945|0.0613|0.0566|0.0472,
unit_008591,HongKong,6,6,131.8,16,2.3495,0.0,0.16122,0.5402,22.495479,114.074207,16|18|31|3|22,0.1234|0.0891|0.0672|0.0637|0.0583,
unit_008592,HongKong,7,7,152.9,21,2.2921,0.0,0.0,0.5,22.463294,114.053667,21|3|18|16|1,0.1156|0.0786|0.0604|0.0468|0.0419,
unit_008593,HongKong,7,7,152.9,21,2.2534,0.0,0.1024,0.5256,22.465743,114.054289,21|22|3|13|16,0.1143|0.0793|0.0593|0.0510|0.0372,
unit_008594,HongKong,7,7,119.6,7,2.2052,0.0,0.13422,0.5335,22.428057,113.99072,7|1|3|13|27,0.1434|0.0594|0.0554|0.0447|0.0427,
unit_008595,HongKong,8,8,175.7,16,2.2051,0.0,0.0,0.5,22.438394,114.004652,16|21|31|7|3,0.1043|0.0914|0.0835|0.0730|0.0450,
unit_008596,HongKong,3,4,53.1,7,2.2632,2e-05,0.08744,0.5218,22.44125,114.009227,7|3|1|31|16,0.1198|0.0681|0.0635|0.0519|0.0383,
unit_008597,HongKong,8,8,175.2,13,2.234,0.0,0.0,0.5,22.444666,114.01357,13|22|7|21|31,0.1122|0.1059|0.0969|0.0647|0.0388,
unit_008598,HongKong,4,4,75.1,31,2.4981,0.0,0.0,0.5,22.447028,114.013649,31|16|18|22|2,0.1026|0.0979|0.0940|0.0553|0.0516,
unit_008600,HongKong,8,8,183.6,3,2.4938,0.0,0.0,0.5,22.431325,113.994641,3|31|21|7|16,0.0968|0.0964|0.0843|0.0707|0.0604,
unit_008601,HongKong,5,5,102.2,21,2.4266,0.0,0.0,0.5,22.479483,114.15324,21|18|3|7|16,0.1299|0.0821|0.0574|0.0572|0.0548,
unit_008602,HongKong,5,5,103.3,21,2.3891,0.0,0.0,0.5,22.476855,114.153638,21|3|14|10|18,0.1093|0.0734|0.0677|0.0645|0.0601,
unit_008603,HongKong,6,6,127.8,7,2.3239,0.0,0.0,0.5,22.420424,114.074702,7|3|13|27|21,0.1265|0.0761|0.0760|0.0525|0.0512,
unit_008604,HongKong,4,4,69.2,7,2.1709,0.0,0.0,0.5,22.417449,114.07501,7|13|27|3|1,0.1473|0.0633|0.0590|0.0486|0.0437,
unit_008605,HongKong,8,8,175.0,22,2.2957,0.0,0.14383,0.5359,22.471854,114.072914,22|3|7|13|31,0.1117|0.0830|0.0737|0.0715|0.0515,
unit_008606,HongKong,8,8,175.0,22,2.4603,0.0,0.0,0.5,22.472401,114.070358,22|7|31|13|23,0.0997|0.0942|0.0924|0.0611|0.0584,
unit_008607,HongKong,8,8,175.2,22,2.2201,0.0,0.0,0.5,22.484686,114.098818,22|31|13|23|3,0.1493|0.0481|0.0473|0.0424|0.0419,
unit_008608,HongKong,31,48,750.7,22,2.3189,0.00014,0.0,0.5,22.487905,114.096751,22|13|7|31|23,0.1231|0.0802|0.0532|0.0454|0.0255,
unit_008609,HongKong,8,8,176.0,3,2.4734,0.0,0.0,0.5,22.485399,114.102623,3|22|31|7|10,0.0964|0.0765|0.0709|0.0675|0.0643,
unit_008610,HongKong,8,8,176.0,31,2.4903,0.0,0.0,0.5,22.485357,114.105026,31|22|16|13|7,0.0982|0.0928|0.0680|0.0621|0.0590,
unit_008611,HongKong,9,9,201.2,22,2.357,0.0,0.0,0.5,22.483412,114.107751,22|7|13|31|23,0.1262|0.1028|0.0804|0.0633|0.0611,
unit_008612,HongKong,7,7,150.3,13,2.309,0.0,0.09726,0.5243,22.492308,114.080071,13|7|21|31|22,0.1367|0.1160|0.0680|0.0547|0.0471,
unit_008613,HongKong,9,9,200.4,13,2.3212,0.0,0.0,0.5,22.494049,114.079048,13|7|22|16|31,0.1284|0.0894|0.0602|0.0537|0.0530,
unit_008614,HongKong,6,8,129.3,22,2.4323,0.0,0.06631,0.5166,22.455555,114.031968,22|31|3|7|21,0.0884|0.0752|0.0571|0.0556|0.0555,
unit_008615,HongKong,6,7,129.3,3,2.4478,0.0,0.06631,0.5166,22.454539,114.03101,3|13|7|10|1,0.0789|0.0685|0.0496|0.0463|0.0443,
unit_008617,HongKong,4,4,78.4,22,2.5655,0.0,0.0,0.5,22.502797,114.148177,22|13|21|3|27,0.0771|0.0678|0.0654|0.0630|0.0599,
unit_008618,HongKong,3,3,51.6,21,2.4245,0.0,0.0,0.5,22.470877,114.056473,21|22|3|31|16,0.1056|0.0931|0.0816|0.0672|0.0643,
unit_008620,HongKong,5,5,100.1,31,2.3079,0.0,0.0,0.5,22.430649,114.100686,31|7|13|22|3,0.0766|0.0745|0.0605|0.0581|0.0452,
unit_008621,HongKong,10,10,152.1,7,2.3887,0.0,0.0,0.5,22.423519,114.03146,7|13|31|16|3,0.0987|0.0844|0.0813|0.0757|0.0691,
unit_008624,HongKong,8,8,181.0,22,2.393,0.0,0.0,0.5,22.370937,114.001169,22|13|7|3|1,0.1078|0.0664|0.0615|0.0567|0.0519,
unit_008626,HongKong,8,8,175.6,27,2.4,0.0,0.0,0.5,22.365295,114.013358,27|16|21|10|7,0.1119|0.1052|0.1033|0.0678|0.0559,
unit_008627,HongKong,4,4,75.3,31,2.4446,0.0,0.13682,0.5342,22.366504,114.011249,31|22|16|7|21,0.1210|0.0879|0.0723|0.0663|0.0648,
unit_008628,HongKong,8,10,175.6,18,2.3563,1e-05,0.13682,0.5341,22.366595,114.009898,18|16|31|13|23,0.0941|0.0922|0.0825|0.0579|0.0500,
unit_008629,HongKong,8,8,175.6,18,2.4224,0.0,0.0,0.5,22.367274,114.005912,18|16|31|23|3,0.1002|0.0935|0.0559|0.0533|0.0376,
unit_008630,HongKong,12,16,276.0,16,2.3764,7e-05,0.0,0.5,22.367513,114.002393,16|18|31|21|27,0.1215|0.0870|0.0505|0.0492|0.0423,
unit_008631,HongKong,8,8,175.6,18,2.4235,0.0,0.0,0.5,22.372066,113.998508,18|21|3|23|1,0.1320|0.0746|0.0660|0.0535|0.0444,
unit_008632,HongKong,19,24,451.6,16,2.4224,6e-05,0.0,0.5,22.375659,113.993218,16|18|27|31|23,0.1086|0.1081|0.0612|0.0539|0.0475,
unit_008633,HongKong,4,4,75.3,1,2.4152,0.0,0.0,0.5,22.376625,113.987238,1|31|21|16|7,0.0938|0.0745|0.0616|0.0594|0.0539,
unit_008634,HongKong,8,8,175.6,16,2.3468,0.0,0.0,0.5,22.381599,113.982012,16|18|21|27|14,0.1054|0.1026|0.0748|0.0677|0.0654,
unit_008635,HongKong,4,4,75.7,31,2.4684,0.0,0.0,0.5,22.385002,113.972527,31|16|18|1|10,0.1003|0.1002|0.0646|0.0575|0.0465,
unit_008636,HongKong,8,8,175.8,16,2.3468,0.0,0.0,0.5,22.381787,113.982024,16|18|21|27|14,0.1054|0.1026|0.0748|0.0677|0.0654,
unit_008638,HongKong,19,24,452.2,16,2.4218,6e-05,0.0,0.5,22.375804,113.99323,16|18|27|31|23,0.1094|0.1075|0.0615|0.0540|0.0479,
unit_008639,HongKong,8,8,175.8,18,2.4235,0.0,0.0,0.5,22.372244,113.998564,18|21|3|23|1,0.1320|0.0746|0.0660|0.0535|0.0444,
unit_008640,HongKong,12,16,276.3,16,2.3775,7e-05,0.0,0.5,22.367673,114.002443,16|18|31|21|27,0.1212|0.0874|0.0505|0.0493|0.0424,
unit_008641,HongKong,8,8,175.8,18,2.4224,0.0,0.0,0.5,22.367427,114.005741,18|16|31|23|3,0.1002|0.0935|0.0559|0.0533|0.0376,
unit_008642,HongKong,7,8,150.7,18,2.3219,0.0,0.1586,0.5396,22.366733,114.009839,18|16|31|13|23,0.0961|0.0913|0.0798|0.0572|0.0500,
unit_008643,HongKong,5,6,100.5,31,2.4687,1e-05,0.1586,0.5396,22.366662,114.011193,31|22|16|7|21,0.1230|0.0877|0.0760|0.0646|0.0629,
unit_008644,HongKong,8,8,175.8,27,2.4,0.0,0.0,0.5,22.365431,114.013412,27|16|21|10|7,0.1119|0.1052|0.1033|0.0678|0.0559,
unit_008645,HongKong,5,8,100.0,2,2.3989,1e-05,0.17289,0.5431,22.503029,114.083773,2|18|16|10|13,0.0871|0.0801|0.0708|0.0635|0.0564,
unit_008646,HongKong,6,11,125.0,22,2.4646,2e-05,0.17289,0.5431,22.50202,114.083249,22|31|27|2|1,0.1281|0.0766|0.0578|0.0502|0.0482,
unit_008647,HongKong,8,8,176.2,31,2.37,0.0,0.31155,0.5773,22.510597,114.075961,31|22|16|7|3,0.1145|0.0973|0.0837|0.0573|0.0447,
unit_008648,HongKong,8,8,176.2,21,2.3447,0.0,0.0,0.5,22.512604,114.074001,21|22|3|31|23,0.1251|0.1232|0.0521|0.0364|0.0292,
unit_008649,HongKong,6,6,126.1,13,2.413,0.0,0.0,0.5,22.514962,114.071075,13|22|10|21|27,0.0968|0.0900|0.0478|0.0449|0.0361,
unit_008650,HongKong,4,4,75.7,31,2.3847,0.0,0.0,0.5,22.51522,114.069089,31|22|10|13|16,0.0968|0.0954|0.0950|0.0504|0.0470,
unit_008651,HongKong,8,8,175.7,31,2.4933,0.0,0.0,0.5,22.376969,113.991732,31|16|27|22|10,0.0929|0.0751|0.0676|0.0485|0.0471,
unit_008652,HongKong,7,7,155.6,21,2.3428,0.0,0.0,0.5,22.430157,114.071505,21|22|7|13|31,0.1054|0.0743|0.0705|0.0644|0.0492,
unit_008654,HongKong,8,8,182.0,21,2.3626,0.0,0.0,0.5,22.486508,114.058499,21|18|3|2|22,0.1062|0.0867|0.0629|0.0555|0.0426,
unit_008655,HongKong,7,7,156.6,21,2.286,0.0,0.0,0.5,22.484249,114.058269,21|3|13|31|18,0.1253|0.0944|0.0511|0.0429|0.0416,
unit_008656,HongKong,8,8,176.2,21,2.3447,0.0,0.0,0.5,22.512604,114.074001,21|22|3|31|23,0.1251|0.1232|0.0521|0.0364|0.0292,
unit_008657,HongKong,8,8,176.2,31,2.37,0.0,0.31155,0.5773,22.510597,114.075961,31|22|16|7|3,0.1145|0.0973|0.0837|0.0573|0.0447,
unit_008658,HongKong,8,8,184.6,10,2.3244,0.0,0.0,0.5,22.505575,114.096556,10|21|13|2|16,0.0954|0.0803|0.0719|0.0561|0.0436,
unit_008660,HongKong,8,8,177.6,22,2.1915,0.0,0.0,0.5,22.440215,114.124859,22|31|16|3|23,0.1260|0.1046|0.0788|0.0513|0.0469,
unit_008661,HongKong,8,8,176.9,22,2.3865,0.0,0.07091,0.5177,22.437428,114.121644,22|27|16|21|23,0.1027|0.0855|0.0673|0.0662|0.0659,
unit_008662,HongKong,8,8,176.9,22,2.4623,0.0,0.07091,0.5177,22.436139,114.120362,22|21|16|31|23,0.1326|0.0847|0.0681|0.0675|0.0533,
unit_008663,HongKong,8,16,176.9,22,2.4833,0.0,0.0,0.5,22.434656,114.118635,22|16|7|3|31,0.1430|0.0973|0.0734|0.0719|0.0698,
unit_008664,HongKong,4,4,78.5,31,2.5144,0.0,0.0,0.5,22.3769,114.103704,31|1|23|27|3,0.0914|0.0675|0.0587|0.0562|0.0526,
unit_008665,HongKong,6,7,128.6,1,2.3769,0.0,0.1168,0.5292,22.3593,114.105536,1|21|31|16|7,0.1135|0.0753|0.0651|0.0633|0.0563,
unit_008666,HongKong,3,4,51.3,18,2.3403,0.0,0.16514,0.5412,22.424134,113.984597,18|10|21|23|7,0.1603|0.0787|0.0676|0.0502|0.0456,
unit_008667,HongKong,7,7,156.5,2,2.405,0.0,0.0,0.5,22.423049,113.9848,2|7|18|21|1,0.1119|0.0737|0.0591|0.0551|0.0524,
unit_008668,HongKong,5,5,110.5,1,2.4831,0.0,0.05481,0.5137,22.398464,113.972319,1|31|2|13|10,0.0771|0.0648|0.0586|0.0560|0.0533,
unit_008669,HongKong,8,8,178.2,22,2.3199,0.0,0.0,0.5,22.375636,114.129111,22|21|7|31|16,0.1385|0.0769|0.0719|0.0679|0.0640,
unit_008670,HongKong,5,5,101.1,21,2.4538,0.0,0.0,0.5,22.484546,114.153036,21|31|16|7|2,0.1077|0.0997|0.0811|0.0757|0.0701,
unit_008671,HongKong,5,5,101.1,18,2.4529,0.0,0.0,0.5,22.482798,114.154037,18|21|3|2|23,0.1081|0.0890|0.0695|0.0662|0.0543,
unit_008672,HongKong,8,8,176.9,18,2.1909,0.0,0.0,0.5,22.480824,114.154543,18|23|3|21|10,0.1584|0.0679|0.0576|0.0553|0.0540,
unit_008673,HongKong,7,7,155.5,21,2.3959,0.0,0.0,0.5,22.507592,114.122865,21|31|22|1|7,0.1148|0.0812|0.0713|0.0659|0.0652,
unit_008674,HongKong,7,7,158.3,31,2.4596,0.0,0.0,0.5,22.502078,114.145846,31|1|16|13|3,0.1044|0.0958|0.0739|0.0656|0.0631,
unit_008675,HongKong,6,6,127.3,13,2.1663,0.0,0.0,0.5,22.43573,114.00823,13|7|22|31|21,0.1070|0.0903|0.0572|0.0413|0.0356,
unit_008676,HongKong,6,6,129.3,21,2.4538,0.0,0.0,0.5,22.484589,114.152902,21|31|16|7|2,0.1077|0.0997|0.0811|0.0757|0.0701,
unit_008677,HongKong,18,24,427.3,18,2.5077,8e-05,0.0,0.5,22.445951,114.156298,18|23|16|31|10,0.0994|0.0764|0.0669|0.0667|0.0574,
unit_008678,HongKong,8,15,176.0,18,2.5,0.0,0.0,0.5,22.441639,114.159031,18|23|21|2|14,0.0830|0.0764|0.0760|0.0700|0.0668,
unit_008679,HongKong,7,7,150.8,16,2.4061,0.0,0.0,0.5,22.440192,114.160788,16|31|18|23|14,0.0904|0.0818|0.0816|0.0701|0.0592,
unit_008680,HongKong,16,27,377.1,18,2.4354,8e-05,0.0,0.5,22.439462,114.165769,18|16|31|14|10,0.1043|0.0882|0.0624|0.0603|0.0414,
unit_008681,HongKong,9,9,202.0,22,2.2333,0.0,0.0,0.5,22.482816,114.072802,22|31|7|13|16,0.1636|0.0853|0.0768|0.0576|0.0526,
unit_008682,HongKong,8,8,176.6,22,2.2903,0.0,0.34946,0.5865,22.481694,114.067995,22|16|21|31|23,0.1838|0.0472|0.0465|0.0444|0.0413,
unit_008683,HongKong,8,8,179.8,22,2.2283,0.0,0.25334,0.563,22.473311,114.109797,22|21|27|23|16,0.1509|0.1296|0.0661|0.0460|0.0454,
unit_008684,HongKong,7,8,154.1,22,2.2843,0.0,0.08156,0.5204,22.47167,114.108942,22|21|31|16|7,0.1428|0.0977|0.0741|0.0722|0.0625,
unit_008685,HongKong,7,8,154.1,22,2.2833,1e-05,0.08156,0.5204,22.470221,114.108621,22|27|21|3|23,0.1144|0.0963|0.0901|0.0368|0.0321,
unit_008686,HongKong,8,8,179.8,22,2.4401,0.0,0.0,0.5,22.44887,114.076784,22|7|31|21|13,0.1124|0.0927|0.0771|0.0769|0.0673,
unit_008687,HongKong,8,8,175.6,21,2.4691,0.0,0.0,0.5,22.459987,114.030465,21|13|7|16|3,0.0848|0.0809|0.0570|0.0493|0.0426,
unit_008689,HongKong,19,27,455.0,22,2.3263,7e-05,0.0,0.5,22.420603,113.940426,22|21|27|13|7,0.1503|0.0829|0.0548|0.0431|0.0419,
unit_008690,HongKong,14,23,331.8,22,2.2746,2e-05,0.15655,0.5391,22.423493,113.944049,22|27|16|23|10,0.1737|0.0726|0.0470|0.0359|0.0348,
unit_008691,HongKong,9,9,203.2,3,2.1967,0.0,0.0,0.5,22.4239,113.940016,3|13|22|10|7,0.0947|0.0784|0.0753|0.0349|0.0337,
unit_008692,HongKong,9,9,200.8,22,2.4939,0.0,0.0,0.5,22.54201,114.139125,22|31|23|3|2,0.1101|0.0773|0.0571|0.0531|0.0523,
unit_008693,HongKong,13,16,301.2,22,2.4042,4e-05,0.0,0.5,22.539056,114.136523,22|13|7|31|3,0.1294|0.0931|0.0751|0.0694|0.0591,
unit_008694,HongKong,7,7,166.2,18,2.4831,0.0,0.0,0.5,22.541242,114.142598,18|10|31|7|2,0.0944|0.0817|0.0550|0.0499|0.0455,
unit_008695,HongKong,8,8,175.1,13,2.2771,0.0,0.0,0.5,22.410718,113.972965,13|7|10|31|21,0.1089|0.0773|0.0661|0.0650|0.0528,
unit_008696,HongKong,5,5,104.1,21,2.5512,0.0,0.0,0.5,22.352955,114.128759,21|1|22|31|10,0.0933|0.0799|0.0678|0.0585|0.0546,
unit_008698,HongKong,7,8,151.2,21,2.3747,0.0,0.07198,0.518,22.399546,113.967498,21|1|31|3|7,0.1169|0.0939|0.0752|0.0596|0.0346,
unit_008700,HongKong,8,8,178.8,22,2.3262,0.0,0.0,0.5,22.389302,113.963259,22|13|27|21|7,0.1323|0.0816|0.0721|0.0650|0.0552,
unit_008702,HongKong,12,15,280.9,7,2.2757,0.00011,0.0,0.5,22.45909,113.979162,7|22|13|21|31,0.1174|0.0861|0.0849|0.0603|0.0471,
unit_008703,HongKong,8,8,178.7,22,2.4299,0.0,0.0,0.5,22.461656,113.980604,22|7|27|16|13,0.1226|0.0810|0.0659|0.0614|0.0599,
unit_008704,HongKong,3,3,51.1,13,2.124,0.0,0.0,0.5,22.462898,113.982072,13|22|7|31|16,0.0920|0.0701|0.0606|0.0566|0.0465,
unit_008705,HongKong,8,8,182.4,1,2.4003,0.0,0.0,0.5,22.366468,114.058622,1|7|21|31|16,0.1247|0.0638|0.0592|0.0525|0.0521,
unit_008706,HongKong,4,8,88.9,18,2.4895,2e-05,0.07765,0.5194,22.425425,113.983352,18|10|21|3|23,0.1491|0.0699|0.0690|0.0576|0.0480,
unit_008707,HongKong,4,5,83.5,31,2.4753,0.0,0.07324,0.5183,22.362634,114.052411,31|7|16|18|13,0.0864|0.0851|0.0846|0.0782|0.0664,
unit_008708,HongKong,7,13,160.4,2,2.4483,0.0,0.06822,0.517,22.351398,114.119498,2|16|3|1|7,0.0970|0.0749|0.0565|0.0549|0.0491,
unit_008709,HongKong,6,6,127.1,21,2.4358,0.0,0.0,0.5,22.379495,113.982902,21|22|31|27|7,0.1104|0.1003|0.0784|0.0631|0.0608,
unit_008710,HongKong,3,3,51.8,21,2.3791,0.0,0.0,0.5,22.474395,114.050519,21|22|10|3|31,0.1042|0.1032|0.0702|0.0619|0.0435,
unit_008711,HongKong,5,5,102.5,21,2.3791,0.0,0.07696,0.5192,22.475265,114.050653,21|22|10|3|31,0.1042|0.1032|0.0702|0.0619|0.0435,
unit_008712,HongKong,3,3,51.8,21,2.3791,0.0,0.0,0.5,22.474395,114.050519,21|22|10|3|31,0.1042|0.1032|0.0702|0.0619|0.0435,
unit_008713,HongKong,14,16,333.1,31,2.3576,3e-05,0.0,0.5,22.504397,114.088226,31|16|22|10|7,0.1207|0.1003|0.0824|0.0659|0.0638,
unit_008714,HongKong,5,5,102.5,31,2.399,0.0,0.0,0.5,22.503887,114.088863,31|16|22|10|7,0.1205|0.0909|0.0769|0.0632|0.0487,
unit_008716,HongKong,7,7,152.8,16,2.3642,0.0,0.0,0.5,22.50347,114.094753,16|18|31|2|7,0.1095|0.0871|0.0689|0.0437|0.0378,
unit_008717,HongKong,7,7,157.5,31,2.4596,0.0,0.0,0.5,22.50219,114.145824,31|1|16|13|3,0.1044|0.0958|0.0739|0.0656|0.0631,
unit_008718,HongKong,10,15,241.8,1,2.4108,2e-05,0.0,0.5,22.456589,113.999311,1|21|3|31|27,0.1089|0.0840|0.0818|0.0609|0.0517,
unit_008720,HongKong,8,8,180.2,22,2.2537,0.0,0.0,0.5,22.516508,114.127673,22|13|31|16|3,0.0824|0.0809|0.0753|0.0680|0.0636,
unit_008722,HongKong,8,8,178.0,22,2.1058,0.0,0.0,0.5,22.518883,114.131159,22|16|31|13|23,0.1826|0.0537|0.0515|0.0372|0.0294,
unit_008723,HongKong,9,9,203.4,22,2.3892,0.0,0.0,0.5,22.519289,114.126643,22|13|7|16|3,0.0822|0.0821|0.0573|0.0407|0.0369,
unit_008724,HongKong,8,8,176.4,22,2.4162,0.0,0.0,0.5,22.414704,113.920855,22|16|21|27|31,0.1223|0.0889|0.0713|0.0659|0.0580,
unit_008725,HongKong,8,8,176.4,22,2.2148,0.0,0.0,0.5,22.416227,113.922823,22|16|21|27|31,0.1014|0.1010|0.0910|0.0888|0.0585,
unit_008726,HongKong,11,23,252.0,22,2.3382,3e-05,0.0,0.5,22.418578,113.924323,22|21|31|16|7,0.1569|0.1050|0.0762|0.0754|0.0516,
unit_008727,HongKong,8,8,180.8,22,2.3583,0.0,0.0,0.5,22.408643,113.916784,22|27|16|21|3,0.1147|0.0917|0.0811|0.0597|0.0487,
unit_008729,HongKong,8,8,177.3,1,2.3879,0.0,0.0,0.5,22.458216,114.003924,1|3|31|21|18,0.1154|0.0877|0.0830|0.0521|0.0376,
unit_008730,HongKong,7,7,154.0,16,2.2051,0.0,0.0,0.5,22.438864,114.00462,16|21|31|7|3,0.1043|0.0914|0.0835|0.0730|0.0450,
unit_008731,HongKong,8,8,183.0,22,2.4074,0.0,0.0,0.5,22.507553,114.109456,22|10|3|21|7,0.0903|0.0893|0.0871|0.0635|0.0564,
unit_008732,HongKong,8,8,177.5,10,2.418,0.0,0.0,0.5,22.506072,114.108114,10|3|22|18|23,0.0846|0.0812|0.0688|0.0534|0.0530,
unit_008733,HongKong,8,8,175.6,22,2.3483,0.0,0.0,0.5,22.52316,114.124431,22|16|21|23|31,0.1534|0.0860|0.0748|0.0743|0.0633,
unit_008734,HongKong,8,8,183.1,22,2.1783,0.0,0.25995,0.5646,22.527101,114.126807,22|13|7|31|16,0.0801|0.0723|0.0691|0.0605|0.0227,
unit_008736,HongKong,6,7,134.0,22,2.2079,0.0,0.07051,0.5176,22.524152,114.131688,22|21|16|23|27,0.1539|0.0898|0.0512|0.0436|0.0351,
unit_008737,HongKong,32,42,679.0,3,2.3653,1e-05,0.0,0.5,22.478525,114.051457,3|22|7|21|31,0.0818|0.0811|0.0790|0.0702|0.0619,
unit_008738,HongKong,8,9,176.1,22,2.3124,0.0,0.06547,0.5164,22.479578,114.122701,22|23|1|13|31,0.1999|0.0473|0.0459|0.0386|0.0355,
unit_008740,HongKong,10,10,226.4,22,2.3727,0.0,0.15044,0.5375,22.480764,114.120064,22|13|27|7|21,0.1537|0.0640|0.0538|0.0485|0.0484,
unit_008741,HongKong,9,9,201.2,22,2.3777,0.0,0.15044,0.5375,22.479867,114.118744,22|27|23|2|13,0.0960|0.0913|0.0695|0.0641|0.0419,
unit_008742,HongKong,8,8,177.5,16,2.4171,0.0,0.14932,0.5373,22.438453,114.095069,16|13|31|3|7,0.0788|0.0762|0.0696|0.0584|0.0581,
unit_008743,HongKong,8,8,180.6,7,2.442,0.0,0.0,0.5,22.429149,113.989028,7|21|10|13|31,0.1137|0.1009|0.0745|0.0734|0.0679,
unit_008744,HongKong,8,8,175.5,18,2.1736,0.0,0.0,0.5,22.353448,114.082641,18|10|16|2|13,0.1374|0.0682|0.0468|0.0462|0.0305,
unit_008745,HongKong,8,8,175.5,18,1.8196,0.0,0.0,0.5,22.352497,114.079154,18|10|7|16|23,0.0910|0.0889|0.0375|0.0291|0.0210,
unit_008746,HongKong,8,8,175.5,18,1.713,0.0,0.0,0.5,22.351829,114.07676,18|10|7|23|16,0.0852|0.0778|0.0281|0.0214|0.0191,
unit_008747,HongKong,8,8,175.5,18,2.0919,0.0,0.0,0.5,22.351161,114.074366,18|10|16|7|2,0.0906|0.0813|0.0541|0.0353|0.0228,
unit_008748,HongKong,16,16,376.2,18,1.8667,0.0,0.0,0.5,22.350372,114.071537,18|10|7|16|23,0.0921|0.0894|0.0341|0.0246|0.0204,
unit_008749,HongKong,8,8,175.5,18,2.1046,0.0,0.0,0.5,22.349278,114.06762,18|10|16|7|2,0.1115|0.0788|0.0460|0.0409|0.0248,
unit_008750,HongKong,8,8,175.5,18,1.9091,0.0,0.0,0.5,22.348732,114.065662,18|10|1|7|16,0.0913|0.0903|0.0269|0.0269|0.0233,
unit_008751,HongKong,21,23,501.6,18,2.2662,1e-05,0.0,0.5,22.346936,114.060205,18|10|23|16|21,0.1541|0.0560|0.0474|0.0333|0.0256,
unit_008752,HongKong,8,8,175.5,18,2.1334,0.0,0.0,0.5,22.345191,114.057181,18|10|2|16|7,0.1354|0.0646|0.0381|0.0364|0.0361,
unit_008753,HongKong,8,8,175.5,18,1.8149,0.0,0.0,0.5,22.344081,114.055477,18|10|23|7|16,0.1119|0.0770|0.0403|0.0274|0.0213,
unit_008754,HongKong,13,16,300.9,18,2.1015,1e-05,0.0,0.5,22.342535,114.053114,18|10|16|23|14,0.1509|0.0458|0.0359|0.0326|0.0235,
unit_008755,HongKong,8,8,175.5,18,2.3724,0.0,0.0,0.5,22.341054,114.050491,18|16|10|14|2,0.1148|0.0847|0.0399|0.0367|0.0326,
unit_008756,HongKong,4,4,75.7,31,2.3847,0.0,0.0,0.5,22.51522,114.069089,31|22|10|13|16,0.0968|0.0954|0.0950|0.0504|0.0470,
unit_008757,HongKong,6,6,126.1,13,2.413,0.0,0.0,0.5,22.514962,114.071075,13|22|10|21|27,0.0968|0.0900|0.0478|0.0449|0.0361,
unit_008758,HongKong,7,7,153.3,21,2.4872,0.0,0.0,0.5,22.43991,114.038862,21|18|22|16|3,0.1375|0.0772|0.0743|0.0575|0.0483,
unit_008759,HongKong,8,8,178.9,10,2.5314,0.0,0.0,0.5,22.385345,113.97847,10|31|1|7|27,0.1004|0.0954|0.0626|0.0604|0.0597,
unit_008760,HongKong,7,7,152.9,7,2.4572,0.0,0.0,0.5,22.418463,113.982274,7|1|27|31|3,0.0663|0.0603|0.0588|0.0569|0.0407,
unit_008762,HongKong,7,7,158.2,16,2.3642,0.0,0.0,0.5,22.504097,114.095059,16|18|31|2|7,0.1095|0.0871|0.0689|0.0437|0.0378,
