unit_id,city,n_road_nodes,n_panos,road_length_m,dominant_basis_id,activation_entropy,mean_within_activation_variance,mean_boundary_contrast,unit_confidence,centroid_lat,centroid_lon,top_basis_ids,top_basis_weights,stability_score
unit_000000,Vienna,36,48,573.4,1,2.9335,1e-05,0.13326,0.5333,48.206828,16.355756,1|31|30|28|11,0.1102|0.1048|0.0631|0.0591|0.0545,
unit_000001,Vienna,6,12,78.6,31,3.0356,2e-05,0.06835,0.5171,48.207116,16.356754,31|11|28|1|5,0.1143|0.0614|0.0599|0.0546|0.0487,
unit_000002,Vienna,8,11,141.4,31,3.0542,0.0,0.14304,0.5357,48.207623,16.35623,31|11|5|18|20,0.0960|0.0633|0.0606|0.0595|0.0558,
unit_000003,Vienna,18,18,327.5,31,2.9236,0.0,0.0,0.5,48.215813,16.35807,31|11|15|3|18,0.1598|0.0598|0.0469|0.0454|0.0385,
unit_000004,Vienna,19,25,282.7,31,2.7228,2e-05,0.1478,0.5369,48.212648,16.356865,31|27|19|11|12,0.1371|0.0322|0.0303|0.0288|0.0258,
unit_000005,Vienna,17,17,341.1,31,2.8712,0.0,0.0,0.5,48.21248,16.358806,31|11|28|30|1,0.1186|0.0459|0.0369|0.0287|0.0261,
unit_000006,Vienna,22,67,410.3,31,2.9381,0.0,0.1478,0.5369,48.211484,16.35567,31|12|11|1|5,0.1270|0.0892|0.0701|0.0544|0.0525,
unit_000007,Vienna,10,10,168.4,31,2.4829,0.0,0.0,0.5,48.209485,16.350207,31|30|8|28|4,0.1354|0.0753|0.0382|0.0379|0.0354,
unit_000008,Vienna,8,8,131.7,31,2.7817,0.0,0.0,0.5,48.210467,16.352309,31|27|16|8|4,0.1561|0.0381|0.0337|0.0320|0.0305,
unit_000009,Vienna,13,13,274.0,31,2.9334,0.0,0.0,0.5,48.198754,16.273085,31|8|5|1|30,0.1218|0.0763|0.0699|0.0644|0.0561,
unit_000010,Vienna,10,10,154.5,31,2.8486,0.0,0.0,0.5,48.196545,16.281085,31|8|7|5|16,0.1319|0.1036|0.0649|0.0598|0.0459,
unit_000011,Vienna,9,9,160.0,31,2.7059,0.0,0.0,0.5,48.198274,16.284347,31|12|5|8|16,0.1305|0.1185|0.0897|0.0763|0.0570,
unit_000012,Vienna,13,13,174.6,31,2.7473,0.0,0.0,0.5,48.195994,16.287326,31|8|16|18|27,0.1546|0.0937|0.0470|0.0346|0.0341,
unit_000013,Vienna,17,26,312.6,31,2.9176,4e-05,0.07602,0.519,48.197015,16.288556,31|30|8|12|28,0.1800|0.0479|0.0448|0.0417|0.0371,
unit_000014,Vienna,16,16,227.3,31,2.8408,0.0,0.0,0.5,48.195042,16.290183,31|12|5|8|10,0.1366|0.1100|0.0753|0.0553|0.0548,
unit_000015,Vienna,10,10,173.4,31,2.899,0.0,0.0,0.5,48.19716,16.293728,31|8|30|5|1,0.1371|0.0745|0.0692|0.0672|0.0526,
unit_000016,Vienna,11,11,175.2,31,2.9243,0.0,0.0,0.5,48.197329,16.302635,31|8|27|16|6,0.1449|0.0911|0.0606|0.0480|0.0412,
unit_000017,Vienna,19,19,310.4,31,2.8085,0.0,0.0,0.5,48.19903,16.313177,31|30|1|28|27,0.1416|0.0809|0.0688|0.0482|0.0381,
unit_000018,Vienna,24,24,396.7,31,3.0446,0.0,0.32339,0.5802,48.201526,16.338408,31|20|8|5|22,0.1199|0.0614|0.0513|0.0461|0.0406,
unit_000020,Vienna,18,18,320.8,31,2.4914,0.0,0.32339,0.5802,48.200723,16.337431,31|1|30|28|12,0.1208|0.1039|0.0837|0.0504|0.0463,
unit_000021,Vienna,29,34,571.5,31,2.9688,0.0,0.03252,0.5081,48.185972,16.320379,31|1|11|5|18,0.1066|0.0877|0.0662|0.0628|0.0522,
unit_000022,Vienna,8,8,175.8,31,2.9847,0.0,0.0,0.5,48.188051,16.310654,31|30|8|27|1,0.1179|0.0661|0.0646|0.0594|0.0507,
unit_000023,Vienna,11,15,181.0,31,2.8062,0.0,0.05638,0.5141,48.189708,16.286357,31|7|12|19|16,0.1590|0.0587|0.0581|0.0477|0.0374,
unit_000024,Vienna,11,11,180.9,31,2.9093,0.0,0.0,0.5,48.19087,16.279863,31|8|5|10|16,0.1351|0.0786|0.0591|0.0493|0.0403,
unit_000025,Vienna,17,18,363.8,8,3.0833,4e-05,0.0,0.5,48.191954,16.277947,8|5|27|26|18,0.1036|0.0841|0.0721|0.0623|0.0595,
unit_000026,Vienna,6,6,127.8,5,3.0362,0.0,0.0,0.5,48.192404,16.278829,5|8|27|1|31,0.0916|0.0914|0.0784|0.0718|0.0644,
unit_000028,Vienna,4,6,84.1,31,2.8522,1e-05,0.04839,0.5121,48.188901,16.285895,31|5|12|10|16,0.1408|0.0829|0.0708|0.0625|0.0478,
unit_000029,Vienna,13,13,184.3,7,2.8584,0.0,0.0,0.5,48.188045,16.294742,7|12|31|5|8,0.1288|0.1199|0.0879|0.0667|0.0612,
unit_000030,Vienna,15,15,174.9,7,2.9476,0.0,0.0,0.5,48.188631,16.291955,7|31|12|5|19,0.1433|0.1011|0.0758|0.0708|0.0508,
unit_000031,Vienna,21,21,250.5,31,2.777,0.0,0.06823,0.5171,48.18685,16.29888,31|7|16|4|3,0.1494|0.0485|0.0377|0.0361|0.0358,
unit_000032,Vienna,5,5,101.3,31,3.0418,0.0,0.0,0.5,48.188981,16.297336,31|8|5|18|30,0.1039|0.0950|0.0809|0.0533|0.0528,
unit_000033,Vienna,8,8,125.2,31,2.8886,0.0,0.12897,0.5322,48.187871,16.300745,31|8|18|27|7,0.1592|0.0605|0.0427|0.0395|0.0330,
unit_000034,Vienna,34,42,539.5,31,2.8549,0.0,0.22246,0.5554,48.18731,16.282314,31|1|30|8|28,0.1054|0.0869|0.0740|0.0714|0.0544,
unit_000035,Vienna,4,5,89.5,31,2.9683,0.0,0.06629,0.5166,48.187829,16.285153,31|12|10|5|7,0.1094|0.0828|0.0770|0.0707|0.0592,
unit_000036,Vienna,15,15,292.7,8,2.8202,0.0,0.0,0.5,48.18878,16.280028,8|5|31|7|27,0.1143|0.0952|0.0872|0.0639|0.0452,
unit_000037,Vienna,10,10,187.9,8,2.8096,0.0,0.0,0.5,48.18993,16.281775,8|5|31|20|7,0.1148|0.1063|0.0863|0.0550|0.0470,
unit_000038,Vienna,20,20,345.9,5,2.8724,0.0,0.0,0.5,48.190309,16.277574,5|31|8|12|1,0.1180|0.1118|0.0710|0.0680|0.0542,
unit_000039,Vienna,18,18,219.4,31,2.8566,0.0,0.0,0.5,48.194824,16.282644,31|12|5|10|16,0.1399|0.0781|0.0614|0.0572|0.0485,
unit_000040,Vienna,8,8,187.9,31,2.8327,0.0,0.0,0.5,48.194158,16.280216,31|8|7|5|4,0.1421|0.0859|0.0814|0.0491|0.0435,
unit_000041,Vienna,19,38,280.3,31,2.836,0.0,0.0,0.5,48.195139,16.283877,31|1|30|8|5,0.1584|0.0694|0.0640|0.0607|0.0567,
unit_000042,Vienna,12,12,205.9,31,2.6981,0.0,0.0,0.5,48.194649,16.291691,31|12|5|8|10,0.1081|0.1071|0.0964|0.0868|0.0605,
unit_000043,Vienna,10,10,155.5,5,3.0079,0.0,0.0,0.5,48.203311,16.275461,5|18|7|31|8,0.1103|0.0907|0.0843|0.0760|0.0683,
unit_000044,Vienna,20,20,339.5,5,3.0624,0.0,0.0,0.5,48.204676,16.281652,5|7|18|8|1,0.1080|0.1072|0.0854|0.0753|0.0740,
unit_000045,Vienna,10,10,153.7,31,2.5762,0.0,0.0,0.5,48.201842,16.340658,31|30|28|8|1,0.1555|0.0633|0.0459|0.0361|0.0348,
unit_000046,Vienna,12,24,182.2,31,2.8394,0.0,0.0,0.5,48.202673,16.354483,31|12|10|11|19,0.1746|0.0536|0.0374|0.0343|0.0338,
unit_000047,Vienna,19,19,355.7,1,3.0203,0.0,0.0,0.5,48.197932,16.33829,1|12|31|5|27,0.0820|0.0767|0.0671|0.0625|0.0588,
unit_000048,Vienna,3,3,52.9,1,3.0203,0.0,0.0,0.5,48.197954,16.339189,1|12|31|5|27,0.0820|0.0767|0.0671|0.0625|0.0588,
unit_000049,Vienna,16,16,322.9,31,2.942,0.0,0.0,0.5,48.198558,16.340099,31|1|30|8|28,0.1004|0.0641|0.0600|0.0579|0.0553,
unit_000050,Vienna,9,9,148.8,31,2.8088,0.0,0.0,0.5,48.200164,16.350786,31|27|4|30|11,0.1749|0.0431|0.0389|0.0372|0.0292,
unit_000051,Vienna,8,8,140.3,31,2.7037,0.0,0.0,0.5,48.202702,16.350712,31|16|4|7|12,0.1276|0.0417|0.0379|0.0305|0.0272,
unit_000052,Vienna,22,22,421.3,31,2.918,0.0,0.0,0.5,48.20427,16.337226,31|1|8|30|28,0.1009|0.0744|0.0560|0.0493|0.0476,
unit_000053,Vienna,13,13,240.7,31,2.9401,0.0,0.0,0.5,48.206322,16.337471,31|12|11|5|28,0.1276|0.0619|0.0609|0.0585|0.0580,
unit_000054,Vienna,11,12,160.9,31,3.0283,0.0,0.03516,0.5088,48.20767,16.337506,31|12|3|30|5,0.1316|0.0682|0.0552|0.0488|0.0455,
unit_000055,Vienna,4,5,78.3,31,2.9745,2e-05,0.03516,0.5088,48.206682,16.336897,31|12|11|5|28,0.1349|0.0662|0.0607|0.0598|0.0573,
unit_000056,Vienna,14,14,209.6,31,3.0023,0.0,0.04301,0.5108,48.210225,16.338691,31|12|22|11|1,0.1231|0.0906|0.0382|0.0347|0.0344,
unit_000057,Vienna,25,33,402.0,31,3.0015,3e-05,0.14672,0.5366,48.21297,16.333712,31|12|5|16|2,0.1544|0.0621|0.0616|0.0434|0.0371,
unit_000058,Vienna,13,13,260.8,5,3.0576,0.0,0.0,0.5,48.208705,16.303614,5|1|18|31|8,0.0955|0.0942|0.0866|0.0702|0.0583,
unit_000059,Vienna,14,14,250.1,5,2.8007,0.0,0.0,0.5,48.206324,16.304208,5|31|12|11|2,0.1245|0.1071|0.1008|0.0544|0.0450,
unit_000060,Vienna,35,49,714.7,31,2.795,6e-05,0.0,0.5,48.210939,16.305382,31|1|28|30|12,0.1587|0.0586|0.0485|0.0481|0.0392,
unit_000061,Vienna,13,16,170.1,12,3.0237,0.0,0.05282,0.5132,48.203502,16.303143,12|5|31|7|1,0.1137|0.0863|0.0790|0.0760|0.0755,
unit_000062,Vienna,14,16,246.0,31,2.9548,0.0,0.10353,0.5259,48.202306,16.302878,31|12|5|1|18,0.1226|0.0938|0.0786|0.0662|0.0384,
unit_000063,Vienna,13,14,227.0,8,2.9573,0.0,0.20495,0.5511,48.200996,16.302936,8|5|10|31|27,0.1139|0.0992|0.0712|0.0711|0.0523,
unit_000064,Vienna,7,7,157.7,7,2.881,0.0,0.0,0.5,48.209558,16.290452,7|12|5|31|8,0.1418|0.1077|0.0879|0.0658|0.0593,
unit_000065,Vienna,21,23,404.2,5,2.9561,0.0,0.0,0.5,48.211792,16.288558,5|7|8|31|1,0.1356|0.0831|0.0823|0.0718|0.0617,
unit_000066,Vienna,16,16,266.4,5,2.8618,0.0,0.06161,0.5154,48.209993,16.286921,5|7|8|31|16,0.1186|0.1034|0.0960|0.0762|0.0615,
unit_000067,Vienna,22,35,442.3,7,2.9932,3e-05,0.03788,0.5095,48.200584,16.289312,7|5|12|31|8,0.1486|0.1037|0.0730|0.0710|0.0700,
unit_000068,Vienna,17,17,326.2,7,2.9851,0.0,0.03788,0.5095,48.202722,16.288704,7|5|8|16|28,0.1185|0.1002|0.0901|0.0571|0.0508,
unit_000069,Vienna,17,17,328.5,5,3.0327,0.0,0.0,0.5,48.198745,16.29417,5|7|18|31|1,0.1191|0.1064|0.0808|0.0622|0.0621,
unit_000070,Vienna,17,17,233.3,31,2.9346,0.0,0.0,0.5,48.208668,16.307441,31|12|5|11|8,0.1716|0.0680|0.0647|0.0494|0.0434,
unit_000071,Vienna,13,13,174.6,31,2.9082,0.0,0.0,0.5,48.212057,16.310877,31|12|1|28|3,0.1433|0.0476|0.0406|0.0327|0.0278,
unit_000072,Vienna,12,12,207.0,31,3.0748,0.0,0.0,0.5,48.214211,16.301142,31|5|11|7|1,0.0723|0.0719|0.0710|0.0672|0.0652,
unit_000073,Vienna,8,16,180.8,5,3.0509,0.0,0.0,0.5,48.207468,16.311068,5|1|26|27|8,0.0971|0.0911|0.0823|0.0718|0.0694,
unit_000074,Vienna,12,12,190.4,12,2.8295,0.0,0.0,0.5,48.203816,16.325502,12|31|5|7|16,0.1252|0.1074|0.0778|0.0592|0.0552,
unit_000075,Vienna,12,22,218.5,31,2.8376,0.0,0.09514,0.5238,48.207904,16.32428,31|12|30|1|10,0.1538|0.0793|0.0606|0.0456|0.0403,
unit_000076,Vienna,29,34,633.3,31,2.8365,3e-05,0.03751,0.5094,48.209419,16.324248,31|30|1|28|12,0.1913|0.0388|0.0359|0.0356|0.0341,
unit_000077,Vienna,16,16,211.9,31,2.7565,0.0,0.0,0.5,48.210947,16.322872,31|30|1|28|10,0.1607|0.0734|0.0469|0.0462|0.0366,
unit_000078,Vienna,18,19,345.5,31,2.7233,0.0,0.13987,0.5349,48.210064,16.327079,31|30|1|28|12,0.1625|0.0763|0.0695|0.0493|0.0322,
unit_000080,Vienna,9,9,143.2,31,2.8384,0.0,0.31948,0.5792,48.207664,16.325203,31|12|5|10|8,0.1316|0.0932|0.0695|0.0637|0.0531,
unit_000081,Vienna,10,10,174.9,31,2.6322,0.0,0.0795,0.5199,48.205932,16.328654,31|12|4|15|19,0.1905|0.0396|0.0307|0.0278|0.0270,
unit_000082,Vienna,12,27,162.5,31,2.6732,0.0,0.23613,0.5588,48.206777,16.324364,31|30|8|27|28,0.1791|0.0497|0.0439|0.0425|0.0422,
unit_000083,Vienna,32,46,569.5,31,3.0075,0.0001,0.04025,0.51,48.203547,16.331286,31|12|5|8|1,0.1426|0.0680|0.0484|0.0466|0.0425,
unit_000085,Vienna,11,11,191.9,31,2.9007,0.0,0.0,0.5,48.217478,16.341744,31|12|1|30|28,0.1402|0.0682|0.0483|0.0476|0.0437,
unit_000086,Vienna,9,13,88.2,31,2.8921,1e-05,0.0366,0.5091,48.217157,16.3403,31|12|10|2|5,0.1370|0.0662|0.0516|0.0450|0.0431,
unit_000087,Vienna,18,18,183.0,31,2.6306,0.0,0.0,0.5,48.216789,16.343573,31|30|12|28|1,0.1280|0.0609|0.0566|0.0405|0.0378,
unit_000088,Vienna,13,13,203.1,31,2.8912,0.0,0.0,0.5,48.217365,16.346045,31|12|27|3|5,0.1810|0.0442|0.0399|0.0391|0.0347,
unit_000089,Vienna,26,26,473.9,31,2.872,0.0,0.10301,0.5257,48.219193,16.351893,31|1|28|12|30,0.1219|0.0914|0.0615|0.0582|0.0507,
unit_000090,Vienna,26,26,353.8,31,2.9101,0.0,0.08095,0.5202,48.217668,16.351381,31|12|1|10|27,0.1301|0.0700|0.0566|0.0334|0.0328,
unit_000091,Vienna,23,23,349.0,31,2.8893,0.0,0.08906,0.5223,48.224413,16.349652,31|12|1|10|28,0.1464|0.0740|0.0546|0.0349|0.0349,
unit_000092,Vienna,14,15,193.5,31,2.6497,0.0,0.08906,0.5223,48.224622,16.348967,31|1|30|12|28,0.1319|0.0752|0.0668|0.0528|0.0518,
unit_000093,Vienna,14,14,195.0,31,2.831,0.0,0.0,0.5,48.233777,16.373132,31|12|11|5|10,0.1391|0.0732|0.0528|0.0475|0.0443,
unit_000094,Vienna,17,25,303.4,31,2.7833,1e-05,0.0,0.5,48.233712,16.366585,31|8|5|10|16,0.1311|0.1102|0.1058|0.0603|0.0583,
unit_000095,Vienna,12,12,214.0,31,2.7692,0.0,0.0,0.5,48.232686,16.366209,31|8|27|3|30,0.1910|0.0369|0.0365|0.0328|0.0327,
unit_000096,Vienna,65,119,1165.6,5,3.1055,6e-05,0.03458,0.5086,48.242289,16.373739,5|1|31|18|6,0.1193|0.0911|0.0641|0.0599|0.0584,
unit_000097,Vienna,14,17,277.7,5,3.0177,4e-05,0.0,0.5,48.240225,16.370441,5|31|8|1|11,0.1197|0.0805|0.0776|0.0691|0.0689,
unit_000098,Vienna,29,29,426.4,31,2.8151,0.0,0.0,0.5,48.231085,16.370866,31|12|1|30|10,0.1328|0.0713|0.0694|0.0617|0.0436,
unit_000099,Vienna,14,14,191.8,31,2.8407,0.0,0.0,0.5,48.231211,16.372903,31|8|27|16|5,0.1758|0.0615|0.0367|0.0352|0.0352,
unit_000100,Vienna,18,22,342.1,31,2.8477,5e-05,0.1041,0.526,48.232591,16.37469,31|5|8|12|16,0.1551|0.0807|0.0776|0.0707|0.0440,
unit_000101,Vienna,16,16,228.9,31,3.0033,0.0,0.11319,0.5283,48.232723,16.37631,31|5|8|16|18,0.1203|0.0693|0.0672|0.0639|0.0567,
unit_000102,Vienna,16,16,274.0,1,3.1314,0.0,0.0,0.5,48.235072,16.375887,1|5|31|11|7,0.1033|0.0992|0.0741|0.0692|0.0633,
unit_000103,Vienna,36,39,713.6,5,3.1231,6e-05,0.0,0.5,48.235445,16.392386,5|9|1|18|11,0.0996|0.0949|0.0914|0.0783|0.0778,
unit_000104,Vienna,8,8,175.6,9,3.0841,0.0,0.0,0.5,48.237634,16.390328,9|18|5|3|12,0.0938|0.0834|0.0737|0.0681|0.0648,
unit_000105,Vienna,11,13,261.4,1,3.12,6e-05,0.0,0.5,48.235478,16.39297,1|9|5|18|11,0.1007|0.0931|0.0923|0.0894|0.0730,
unit_000106,Vienna,34,34,720.5,5,3.1326,0.0,0.0,0.5,48.205488,16.431075,5|1|10|11|31,0.1082|0.0921|0.0883|0.0788|0.0640,
unit_000107,Vienna,19,28,405.8,9,2.9721,2e-05,0.0,0.5,48.20264,16.4302,9|19|5|27|20,0.0984|0.0923|0.0874|0.0821|0.0707,
unit_000108,Vienna,7,7,152.7,9,3.0326,0.0,0.0,0.5,48.199142,16.425212,9|27|2|5|6,0.1282|0.0848|0.0578|0.0569|0.0566,
unit_000109,Vienna,7,7,152.7,9,3.0057,0.0,0.0,0.5,48.197589,16.422942,9|26|27|5|22,0.1697|0.0876|0.0777|0.0763|0.0525,
unit_000110,Vienna,40,86,911.1,9,3.0346,8e-05,0.0,0.5,48.209581,16.440331,9|5|26|6|27,0.1681|0.0985|0.0896|0.0571|0.0550,
unit_000111,Vienna,3,4,50.6,5,2.9993,1e-05,0.0,0.5,48.204533,16.433157,5|1|31|3|25,0.1232|0.1210|0.0719|0.0682|0.0612,
unit_000112,Vienna,22,42,493.8,9,3.065,7e-05,0.0,0.5,48.192939,16.41619,9|5|26|27|1,0.1328|0.0963|0.0857|0.0676|0.0577,
unit_000113,Vienna,7,7,155.9,9,2.9331,0.0,0.0,0.5,48.1947,16.418785,9|26|27|5|28,0.1066|0.1032|0.0872|0.0704|0.0688,
unit_000114,Vienna,22,39,480.9,9,3.0534,0.00012,0.05861,0.5146,48.193005,16.418075,9|5|26|12|3,0.1544|0.0850|0.0709|0.0657|0.0574,
unit_000115,Vienna,18,42,383.6,9,3.0362,7e-05,0.0,0.5,48.212771,16.445575,9|5|26|4|27,0.1384|0.1124|0.0923|0.0711|0.0709,
unit_000116,Vienna,10,10,176.1,9,2.9638,0.0,0.0,0.5,48.216844,16.447132,9|12|6|5|3,0.1715|0.0826|0.0700|0.0697|0.0506,
unit_000117,Vienna,6,11,126.7,9,3.1009,0.0,0.0,0.5,48.210576,16.443405,9|5|26|18|15,0.1504|0.1141|0.0839|0.0704|0.0633,
unit_000118,Vienna,7,12,152.0,9,2.9932,1e-05,0.0,0.5,48.21085,16.441516,9|5|6|26|28,0.1575|0.1140|0.0876|0.0683|0.0662,
unit_000119,Vienna,31,74,669.2,9,3.0219,5e-05,0.0,0.5,48.209614,16.440948,9|26|5|27|1,0.1685|0.0977|0.0949|0.0626|0.0528,
unit_000120,Vienna,8,15,179.6,9,3.0949,0.0,0.0,0.5,48.211343,16.443346,9|5|26|18|15,0.1524|0.1135|0.0847|0.0738|0.0618,
unit_000121,Vienna,3,5,50.3,9,3.0121,0.0,0.0,0.5,48.191132,16.415117,9|5|26|3|1,0.1423|0.0783|0.0747|0.0664|0.0609,
unit_000122,Vienna,26,48,600.0,9,3.0735,8e-05,0.0,0.5,48.19251,16.415939,9|5|26|27|1,0.1280|0.0935|0.0793|0.0642|0.0574,
unit_000123,Vienna,4,7,76.8,9,3.0196,0.0,0.0,0.5,48.191228,16.415006,9|5|26|3|1,0.1426|0.0775|0.0750|0.0659|0.0608,
unit_000124,Vienna,21,34,459.6,5,3.1214,0.00017,0.03474,0.5086,48.248407,16.393364,5|9|12|1|18,0.1121|0.1033|0.0758|0.0647|0.0617,
unit_000125,Vienna,17,17,366.3,5,3.0376,0.0,0.0,0.5,48.25214,16.389705,5|9|28|12|18,0.1040|0.1000|0.0821|0.0770|0.0647,
unit_000126,Vienna,14,29,249.2,9,3.0687,3e-05,0.03341,0.5083,48.249281,16.392722,9|5|12|26|18,0.1642|0.0960|0.0758|0.0744|0.0648,
unit_000127,Vienna,6,6,125.2,9,3.0615,0.0,0.04365,0.5109,48.242035,16.400158,9|5|12|26|1,0.1172|0.0763|0.0751|0.0689|0.0680,
unit_000128,Vienna,8,9,175.3,9,3.1144,1e-05,0.04365,0.5109,48.243068,16.398964,9|5|28|12|3,0.1214|0.0953|0.0769|0.0766|0.0766,
unit_000129,Vienna,18,34,356.3,9,2.998,8e-05,0.0,0.5,48.210425,16.441393,9|5|26|6|12,0.1627|0.1007|0.0810|0.0753|0.0574,
unit_000130,Vienna,11,11,202.2,9,3.0641,0.0,0.0,0.5,48.218246,16.430087,9|17|18|5|20,0.0999|0.0925|0.0742|0.0720|0.0688,
unit_000131,Vienna,13,16,302.7,9,3.1128,6e-05,0.0,0.5,48.212824,16.438013,9|17|5|18|12,0.1015|0.0902|0.0810|0.0701|0.0653,
unit_000132,Vienna,6,6,125.6,5,2.9494,0.0,0.0,0.5,48.130736,16.548465,5|19|4|30|17,0.1346|0.0929|0.0717|0.0692|0.0686,
unit_000133,Vienna,8,16,175.8,5,3.0051,0.0,0.0,0.5,48.130272,16.550502,5|9|4|26|19,0.1276|0.1263|0.0732|0.0687|0.0675,
unit_000134,Vienna,6,6,125.6,9,3.0385,0.0,0.0,0.5,48.128927,16.552322,9|5|26|18|17,0.1179|0.1109|0.0874|0.0777|0.0700,
unit_000135,Vienna,18,18,341.7,31,2.9608,0.0,0.0,0.5,48.198446,16.268389,31|5|8|11|1,0.1113|0.0980|0.0743|0.0606|0.0502,
unit_000136,Vienna,8,8,177.6,5,2.9642,0.0,0.0,0.5,48.202066,16.267706,5|8|27|19|20,0.0741|0.0576|0.0559|0.0555|0.0513,
unit_000137,Vienna,18,42,342.3,1,3.0084,3e-05,0.0,0.5,48.202768,16.255252,1|31|30|5|7,0.1256|0.1025|0.0765|0.0711|0.0641,
unit_000138,Vienna,19,19,277.3,5,2.8425,0.0,0.0,0.5,48.208534,16.212668,5|7|12|31|16,0.1196|0.1087|0.0892|0.0838|0.0587,
unit_000139,Vienna,8,8,184.5,5,3.0235,0.0,0.0,0.5,48.210731,16.221446,5|7|3|1|8,0.1091|0.0794|0.0729|0.0672|0.0622,
unit_000140,Vienna,16,44,331.7,5,3.0201,5e-05,0.0,0.5,48.137824,16.20895,5|19|30|18|15,0.1389|0.0733|0.0634|0.0617|0.0607,
unit_000141,Vienna,14,14,228.5,5,2.8397,0.0,0.0,0.5,48.137561,16.257821,5|12|31|16|7,0.1267|0.1067|0.0953|0.0614|0.0602,
unit_000142,Vienna,16,17,342.7,31,2.8445,2e-05,0.0,0.5,48.147908,16.264945,31|5|7|8|16,0.0959|0.0824|0.0804|0.0796|0.0577,
unit_000143,Vienna,13,13,236.9,31,2.9013,0.0,0.0,0.5,48.147583,16.268171,31|1|12|7|5,0.0879|0.0829|0.0721|0.0620|0.0549,
unit_000144,Vienna,10,10,158.2,31,2.9258,0.0,0.0,0.5,48.150549,16.269195,31|8|7|5|27,0.1229|0.0728|0.0592|0.0583|0.0392,
unit_000145,Vienna,11,11,221.8,7,2.9519,0.0,0.06842,0.5171,48.150506,16.273469,7|12|5|18|8,0.1638|0.0829|0.0780|0.0645|0.0560,
unit_000146,Vienna,28,50,417.4,31,2.9206,1e-05,0.04753,0.5119,48.162922,16.279233,31|7|1|12|18,0.1160|0.1085|0.0743|0.0714|0.0660,
unit_000147,Vienna,29,29,513.9,31,2.9071,0.0,0.0,0.5,48.169549,16.285639,31|1|5|12|28,0.1207|0.0921|0.0873|0.0603|0.0533,
unit_000148,Vienna,10,10,170.3,7,2.8972,0.0,0.0,0.5,48.156385,16.280287,7|12|5|31|8,0.1136|0.1129|0.0987|0.0743|0.0565,
unit_000149,Vienna,15,15,244.1,7,2.9062,0.0,0.0,0.5,48.153802,16.278757,7|5|31|8|16,0.1467|0.1059|0.0661|0.0594|0.0511,
unit_000150,Vienna,16,16,167.3,7,2.862,0.0,0.0,0.5,48.151791,16.283211,7|5|8|31|16,0.1573|0.1104|0.0840|0.0671|0.0396,
unit_000151,Vienna,13,13,188.9,5,2.7896,0.0,0.0,0.5,48.149787,16.284947,5|8|7|31|16,0.1105|0.1019|0.0905|0.0761|0.0480,
unit_000152,Vienna,10,10,179.2,5,2.9843,0.0,0.0,0.5,48.138237,16.28582,5|12|16|7|19,0.0810|0.0800|0.0749|0.0742|0.0663,
unit_000153,Vienna,20,58,342.8,1,3.0488,0.0,0.0,0.5,48.136648,16.286075,1|5|31|7|18,0.0877|0.0828|0.0796|0.0610|0.0540,
unit_000154,Vienna,11,11,204.4,12,2.8416,0.0,0.0,0.5,48.133534,16.289598,12|7|19|16|3,0.0805|0.0787|0.0703|0.0700|0.0669,
unit_000155,Vienna,29,29,392.3,7,2.951,0.0,0.03904,0.5098,48.130707,16.2888,7|8|5|31|18,0.1227|0.0933|0.0845|0.0543|0.0539,
unit_000156,Vienna,15,15,234.5,12,2.9098,0.0,0.0,0.5,48.133059,16.287667,12|7|19|31|2,0.0961|0.0852|0.0726|0.0475|0.0470,
unit_000157,Vienna,20,21,332.9,7,2.9215,0.0,0.0,0.5,48.126857,16.288575,7|5|31|8|12,0.1584|0.1210|0.0722|0.0661|0.0631,
unit_000158,Vienna,8,8,130.9,7,2.7794,0.0,0.0,0.5,48.126264,16.287391,7|5|12|19|8,0.1619|0.0924|0.0744|0.0619|0.0559,
unit_000159,Vienna,8,8,178.4,5,2.9591,0.0,0.0,0.5,48.123774,16.292105,5|1|8|27|16,0.1189|0.0862|0.0643|0.0642|0.0637,
unit_000160,Vienna,16,17,334.5,5,2.9279,3e-05,0.0,0.5,48.121526,16.289649,5|12|16|3|19,0.1050|0.0801|0.0750|0.0623|0.0623,
unit_000161,Vienna,27,27,443.9,5,3.0467,0.0,0.0,0.5,48.12319,16.294083,5|1|9|12|3,0.1328|0.0735|0.0705|0.0680|0.0611,
unit_000162,Vienna,8,8,175.4,5,3.032,0.0,0.15617,0.539,48.12828,16.298055,5|12|31|1|7,0.1200|0.0855|0.0674|0.0657|0.0577,
unit_000163,Vienna,11,15,250.6,5,3.0005,5e-05,0.15617,0.539,48.126375,16.298691,5|12|9|17|30,0.1113|0.0904|0.0818|0.0729|0.0701,
unit_000164,Vienna,42,49,807.8,5,2.9417,0.0,0.03547,0.5089,48.121476,16.292888,5|1|3|27|18,0.1352|0.0870|0.0767|0.0621|0.0552,
unit_000165,Vienna,8,8,179.3,5,3.0216,0.0,0.0,0.5,48.112839,16.287829,5|19|12|7|1,0.1054|0.0989|0.0907|0.0721|0.0539,
unit_000166,Vienna,30,30,447.3,5,2.9532,0.0,0.0,0.5,48.114298,16.294282,5|8|27|31|1,0.1209|0.0996|0.0665|0.0663|0.0654,
unit_000167,Vienna,17,23,362.1,5,3.0079,4e-05,0.15617,0.539,48.126212,16.298958,5|12|9|17|30,0.1158|0.0839|0.0827|0.0740|0.0733,
unit_000168,Vienna,8,8,185.0,5,3.032,0.0,0.15617,0.539,48.128408,16.298162,5|12|31|1|7,0.1200|0.0855|0.0674|0.0657|0.0577,
unit_000169,Vienna,23,23,435.8,12,2.9927,0.0,0.05779,0.5144,48.132706,16.297936,12|1|5|7|19,0.1175|0.0992|0.0932|0.0821|0.0603,
unit_000170,Vienna,8,8,181.1,12,2.9244,0.0,0.05779,0.5144,48.134386,16.298089,12|5|31|2|1,0.1280|0.1024|0.0715|0.0584|0.0557,
unit_000171,Vienna,13,13,221.2,5,2.976,0.0,0.0,0.5,48.148863,16.296944,5|31|8|10|11,0.1087|0.0983|0.0825|0.0810|0.0646,
unit_000172,Vienna,28,74,475.8,31,3.0121,1e-05,0.04571,0.5114,48.14609,16.297038,31|5|1|8|12,0.1207|0.1184|0.0837|0.0764|0.0451,
unit_000173,Vienna,8,15,179.9,5,3.053,1e-05,0.0,0.5,48.151525,16.294907,5|8|11|10|31,0.1104|0.1066|0.0700|0.0687|0.0673,
unit_000174,Vienna,11,11,189.2,5,2.9603,0.0,0.0,0.5,48.152574,16.297324,5|10|16|31|12,0.0979|0.0822|0.0784|0.0775|0.0767,
unit_000175,Vienna,8,8,176.2,7,2.9295,0.0,0.0,0.5,48.164536,16.292933,7|5|12|19|15,0.1147|0.0929|0.0887|0.0788|0.0630,
unit_000176,Vienna,8,8,175.6,31,2.9488,0.0,0.0,0.5,48.172357,16.286929,31|1|12|7|5,0.0925|0.0805|0.0765|0.0672|0.0629,
unit_000177,Vienna,43,96,842.9,31,2.912,6e-05,0.09393,0.5235,48.170619,16.289105,31|1|30|28|5,0.1157|0.1075|0.0686|0.0584|0.0583,
unit_000178,Vienna,16,44,298.1,31,2.7217,1e-05,0.0,0.5,48.177073,16.283607,31|1|30|28|12,0.1439|0.0905|0.0636|0.0580|0.0546,
unit_000179,Vienna,11,11,207.2,5,2.9469,0.0,0.0,0.5,48.174716,16.287345,5|31|10|8|12,0.0969|0.0956|0.0731|0.0718|0.0686,
unit_000180,Vienna,21,58,390.0,31,2.8057,0.0,0.0,0.5,48.179843,16.284101,31|1|5|12|28,0.1279|0.0940|0.0747|0.0670|0.0641,
unit_000181,Vienna,22,43,446.2,31,3.003,0.0,0.0,0.5,48.171974,16.297459,31|5|8|1|18,0.1383|0.0705|0.0690|0.0546|0.0513,
unit_000182,Vienna,12,12,164.5,7,2.8781,0.0,0.0,0.5,48.172623,16.295833,7|5|12|31|11,0.1455|0.0869|0.0782|0.0782|0.0597,
unit_000183,Vienna,21,42,449.9,31,2.7813,0.0,0.0,0.5,48.170866,16.291914,31|8|1|30|7,0.1186|0.0825|0.0817|0.0655|0.0594,
unit_000184,Vienna,10,10,166.0,31,2.9043,0.0,0.0,0.5,48.168298,16.30369,31|8|30|16|1,0.1612|0.0481|0.0410|0.0323|0.0299,
unit_000185,Vienna,18,28,384.1,18,3.0172,5e-05,0.0,0.5,48.168937,16.305925,18|5|7|8|31,0.1183|0.1068|0.0914|0.0865|0.0679,
unit_000186,Vienna,12,12,203.2,5,2.9721,0.0,0.0,0.5,48.16338,16.305785,5|7|19|18|8,0.1141|0.1069|0.0852|0.0745|0.0709,
unit_000188,Vienna,8,8,176.2,7,3.0413,0.0,0.0,0.5,48.162259,16.308531,7|5|16|19|2,0.0854|0.0625|0.0611|0.0548|0.0507,
unit_000189,Vienna,26,26,486.8,7,2.9411,0.0,0.09959,0.5249,48.17179,16.302023,7|5|8|31|16,0.1350|0.1140|0.0660|0.0646|0.0636,
unit_000190,Vienna,60,144,998.3,5,3.035,0.00012,0.0,0.5,48.175529,16.29717,5|31|1|11|18,0.1279|0.0991|0.0762|0.0615|0.0588,
unit_000191,Vienna,11,11,207.1,7,2.9994,0.0,0.0,0.5,48.177731,16.292981,7|5|8|18|20,0.1421|0.0839|0.0759|0.0646|0.0624,
unit_000192,Vienna,10,10,162.1,7,2.9498,0.0,0.0,0.5,48.181349,16.297442,7|8|31|5|18,0.1115|0.0869|0.0781|0.0779|0.0606,
unit_000193,Vienna,7,7,153.4,31,2.9517,0.0,0.0,0.5,48.17771,16.298283,31|12|5|7|17,0.1227|0.1057|0.0742|0.0565|0.0554,
unit_000194,Vienna,10,10,186.6,31,2.9115,0.0,0.0,0.5,48.184552,16.296842,31|18|8|5|12,0.1877|0.0623|0.0497|0.0397|0.0358,
unit_000195,Vienna,9,12,165.8,5,2.8414,1e-05,0.06013,0.515,48.159211,16.309652,5|7|31|8|16,0.1113|0.0991|0.0946|0.0933|0.0588,
unit_000196,Vienna,9,9,161.7,7,2.8847,0.0,0.0,0.5,48.16006,16.306604,7|5|8|16|12,0.1710|0.0874|0.0653|0.0557|0.0543,
unit_000197,Vienna,33,43,566.3,7,2.9175,3e-05,0.06013,0.515,48.158389,16.310854,7|5|8|12|31,0.1702|0.0964|0.0655|0.0607|0.0554,
unit_000198,Vienna,27,35,367.1,31,2.9629,1e-05,0.07374,0.5184,48.165375,16.316318,31|1|10|30|5,0.1162|0.1039|0.0733|0.0704|0.0569,
unit_000199,Vienna,29,29,513.4,12,2.9718,0.0,0.10704,0.5267,48.164351,16.317006,12|31|1|5|10,0.1054|0.0973|0.0876|0.0799|0.0543,
unit_000200,Vienna,24,30,213.1,31,3.0185,2e-05,0.07166,0.5179,48.195123,16.260381,31|7|5|3|16,0.1391|0.0525|0.0455|0.0454|0.0419,
unit_000201,Vienna,7,7,155.3,5,2.8726,0.0,0.0,0.5,48.147208,16.321856,5|12|31|18|2,0.1199|0.1157|0.0706|0.0650|0.0590,
unit_000202,Vienna,49,85,907.1,5,2.921,1e-05,0.0,0.5,48.14482,16.322424,5|12|31|7|15,0.1266|0.1156|0.0791|0.0730|0.0608,
unit_000203,Vienna,45,45,785.2,1,3.0232,0.0,0.0,0.5,48.152012,16.320415,1|5|31|2|3,0.1188|0.1164|0.0710|0.0549|0.0526,
unit_000204,Vienna,22,44,404.7,5,3.0687,0.0,0.0,0.5,48.137731,16.325924,5|1|31|12|18,0.1096|0.0958|0.0830|0.0624|0.0576,
unit_000205,Vienna,7,14,160.7,12,3.0202,0.0,0.0,0.5,48.131559,16.322261,12|7|1|5|31,0.1020|0.0945|0.0938|0.0937|0.0665,
unit_000206,Vienna,12,16,160.3,16,3.036,0.0,0.09525,0.5238,48.127347,16.319234,16|5|7|8|31,0.0824|0.0803|0.0742|0.0690|0.0667,
unit_000207,Vienna,8,8,177.7,1,2.9304,0.0,0.0,0.5,48.117247,16.316747,1|12|5|3|31,0.1072|0.1057|0.0917|0.0593|0.0581,
unit_000208,Vienna,8,8,128.4,7,2.721,0.0,0.13758,0.5343,48.157373,16.323365,7|5|8|16|19,0.0981|0.0971|0.0833|0.0555|0.0536,
unit_000209,Vienna,6,7,128.4,5,3.057,1e-05,0.13758,0.5343,48.157141,16.32488,5|8|31|18|20,0.1269|0.0909|0.0748|0.0745|0.0557,
unit_000210,Vienna,7,7,154.1,5,3.0408,0.0,0.0,0.5,48.156474,16.327931,5|17|4|26|18,0.0990|0.0964|0.0822|0.0670|0.0665,
unit_000211,Vienna,17,17,353.9,17,3.0339,0.0,0.0,0.5,48.155687,16.330407,17|28|5|9|27,0.1009|0.0990|0.0926|0.0839|0.0761,
unit_000212,Vienna,7,7,152.5,12,2.9928,0.0,0.18438,0.546,48.159496,16.317967,12|5|1|19|20,0.1300|0.0963|0.0710|0.0614|0.0603,
unit_000213,Vienna,7,16,152.5,5,3.0941,1e-05,0.11697,0.5292,48.158192,16.318726,5|17|24|9|6,0.1154|0.1063|0.0951|0.0895|0.0794,
unit_000215,Vienna,9,13,203.4,5,3.0685,3e-05,0.03655,0.5091,48.157615,16.320655,5|27|26|8|19,0.1035|0.0938|0.0901|0.0762|0.0723,
unit_000216,Vienna,31,68,545.0,5,3.099,2e-05,0.14056,0.5351,48.157909,16.318857,5|17|24|9|6,0.1177|0.1019|0.0903|0.0864|0.0770,
unit_000217,Vienna,10,16,228.3,5,3.0723,3e-05,0.04325,0.5108,48.157492,16.32054,5|26|27|8|19,0.1023|0.0905|0.0885|0.0761|0.0715,
unit_000218,Vienna,15,37,306.8,5,3.0784,0.00014,0.0337,0.5084,48.149789,16.337085,5|9|1|6|28,0.1163|0.0973|0.0791|0.0711|0.0667,
unit_000219,Vienna,3,3,50.7,5,2.9547,0.0,0.0577,0.5144,48.153843,16.334688,5|26|19|18|15,0.1218|0.0855|0.0839|0.0794|0.0779,
unit_000220,Vienna,9,27,202.8,9,3.0635,2e-05,0.0577,0.5144,48.154535,16.333507,9|5|26|6|27,0.1437|0.1160|0.0837|0.0735|0.0680,
unit_000223,Vienna,12,20,233.6,9,3.0345,6e-05,0.03747,0.5094,48.146881,16.336306,9|12|5|19|1,0.1164|0.1029|0.0958|0.0698|0.0659,
unit_000224,Vienna,3,5,53.5,7,3.045,3e-05,0.03747,0.5094,48.147686,16.336475,7|12|5|19|15,0.1132|0.0927|0.0814|0.0715|0.0592,
unit_000225,Vienna,10,16,229.3,12,3.0875,0.0002,0.0,0.4999,48.147225,16.336139,12|5|9|7|19,0.0968|0.0883|0.0877|0.0734|0.0693,
unit_000226,Vienna,7,7,152.9,9,3.095,0.0,0.0,0.5,48.143332,16.334443,9|5|12|19|28,0.1425|0.1024|0.0832|0.0764|0.0683,
unit_000227,Vienna,9,24,203.4,9,3.0617,2e-05,0.04187,0.5105,48.154523,16.33332,9|5|26|6|19,0.1432|0.1095|0.0804|0.0706|0.0676,
unit_000228,Vienna,4,5,76.3,5,2.9639,1e-05,0.04187,0.5105,48.15377,16.334602,5|26|19|18|17,0.1227|0.0872|0.0842|0.0791|0.0778,
unit_000229,Vienna,11,29,254.2,5,3.0733,0.00016,0.0,0.5,48.149941,16.336906,5|9|1|12|15,0.1135|0.1043|0.0746|0.0675|0.0667,
unit_000230,Vienna,10,30,236.9,5,3.0796,0.00015,0.0,0.5,48.149906,16.336726,5|9|1|6|15,0.1146|0.1009|0.0758|0.0672|0.0665,
unit_000231,Vienna,7,7,156.2,9,3.0295,0.0,0.0,0.5,48.143511,16.336119,9|5|18|17|6,0.1428|0.1021|0.0738|0.0723|0.0682,
unit_000232,Vienna,16,16,326.2,9,2.9914,0.0,0.0,0.5,48.140182,16.333388,9|12|19|20|5,0.1029|0.0777|0.0697|0.0693|0.0643,
unit_000233,Vienna,15,15,275.1,9,3.0358,0.0,0.0,0.5,48.124433,16.326954,9|1|19|5|12,0.1390|0.0767|0.0758|0.0753|0.0729,
unit_000234,Vienna,8,8,176.9,9,3.0388,0.0,0.0,0.5,48.12762,16.328104,9|12|19|3|4,0.1690|0.0760|0.0714|0.0664|0.0652,
unit_000235,Vienna,7,7,151.6,9,3.0059,0.0,0.0,0.5,48.131086,16.329552,9|12|19|5|17,0.1062|0.0921|0.0829|0.0797|0.0667,
unit_000236,Vienna,8,15,176.9,9,3.0325,1e-05,0.0,0.5,48.133908,16.330768,9|12|19|5|17,0.1489|0.1094|0.0831|0.0749|0.0585,
unit_000237,Vienna,8,8,176.9,9,3.035,0.0,0.0,0.5,48.136832,16.332037,9|12|3|5|28,0.1631|0.0823|0.0820|0.0685|0.0450,
unit_000238,Vienna,6,6,126.4,9,2.9914,0.0,0.0,0.5,48.1401,16.33363,9|12|19|20|5,0.1029|0.0777|0.0697|0.0693|0.0643,
unit_000239,Vienna,7,7,150.8,9,2.9914,0.0,0.0,0.5,48.140389,16.333204,9|12|19|20|5,0.1029|0.0777|0.0697|0.0693|0.0643,
unit_000240,Vienna,8,8,175.9,9,3.035,0.0,0.0,0.5,48.136961,16.331721,9|12|3|5|28,0.1631|0.0823|0.0820|0.0685|0.0450,
unit_000241,Vienna,9,15,201.0,9,3.042,2e-05,0.0,0.5,48.134156,16.330509,9|12|19|5|17,0.1396|0.1096|0.0851|0.0737|0.0606,
unit_000242,Vienna,8,8,175.9,9,3.0059,0.0,0.0,0.5,48.131143,16.329208,9|12|19|5|17,0.1062|0.0921|0.0829|0.0797|0.0667,
unit_000243,Vienna,7,7,150.8,9,3.0388,0.0,0.0,0.5,48.127714,16.327727,9|12|19|3|4,0.1690|0.0760|0.0714|0.0664|0.0652,
unit_000244,Vienna,16,16,328.9,5,3.0418,0.0,0.0,0.5,48.145983,16.338336,5|1|9|3|18,0.1103|0.0860|0.0834|0.0742|0.0651,
unit_000245,Vienna,12,15,282.5,9,3.0739,3e-05,0.0,0.5,48.143514,16.335275,9|5|17|18|12,0.1447|0.1035|0.0702|0.0691|0.0684,
unit_000246,Vienna,5,5,100.3,9,3.0358,0.0,0.0,0.5,48.124933,16.326337,9|1|19|5|12,0.1390|0.0767|0.0758|0.0753|0.0729,
unit_000247,Vienna,6,6,128.5,9,3.0358,0.0,0.0,0.5,48.124892,16.326508,9|1|19|5|12,0.1390|0.0767|0.0758|0.0753|0.0729,
unit_000248,Vienna,14,15,334.1,9,3.0329,4e-05,0.0,0.5,48.121487,16.325051,9|5|12|3|19,0.1439|0.0989|0.0854|0.0828|0.0491,
unit_000249,Vienna,7,7,102.8,9,3.0613,0.0,0.06236,0.5156,48.119132,16.324039,9|26|5|27|4,0.1329|0.1017|0.0809|0.0618|0.0615,
unit_000250,Vienna,9,9,154.5,9,3.0613,0.0,0.06236,0.5156,48.119267,16.324346,9|26|5|27|4,0.1329|0.1017|0.0809|0.0618|0.0615,
unit_000251,Vienna,6,9,127.8,9,2.9961,0.0,0.14405,0.5359,48.120574,16.325179,9|5|12|3|30,0.1509|0.1068|0.0874|0.0766|0.0512,
unit_000253,Vienna,14,15,328.1,9,3.0351,3e-05,0.0,0.5,48.121541,16.325319,9|5|12|3|19,0.1435|0.0987|0.0851|0.0834|0.0511,
unit_000255,Vienna,3,3,50.4,9,3.0423,0.0,0.0,0.5,48.122623,16.324959,9|5|3|12|19,0.1365|0.0947|0.0873|0.0808|0.0715,
unit_000256,Vienna,8,8,176.5,19,2.9973,0.0,0.0,0.5,48.121344,16.322463,19|26|5|9|27,0.0975|0.0973|0.0887|0.0849|0.0826,
unit_000257,Vienna,15,19,304.1,9,3.0878,1e-05,0.0,0.5,48.121297,16.31726,9|26|5|27|18,0.1200|0.1119|0.0868|0.0841|0.0723,
unit_000258,Vienna,13,14,304.4,9,3.0339,3e-05,0.0,0.5,48.121616,16.324851,9|5|12|3|19,0.1439|0.0989|0.0854|0.0832|0.0501,
unit_000259,Vienna,7,11,152.2,5,3.0037,1e-05,0.03575,0.5089,48.11857,16.323112,5|9|26|28|19,0.1308|0.1123|0.1016|0.0771|0.0701,
unit_000260,Vienna,4,6,76.1,9,2.9011,2e-05,0.07154,0.5179,48.11893,16.322366,9|5|17|6|12,0.1519|0.0941|0.0863|0.0783|0.0765,
unit_000261,Vienna,5,5,101.5,5,3.0,0.0,0.08485,0.5212,48.119152,16.323227,5|9|26|28|19,0.1303|0.1075|0.1024|0.0767|0.0720,
unit_000262,Vienna,11,11,206.5,9,3.0613,0.0,0.0807,0.5202,48.118938,16.324569,9|26|5|27|4,0.1329|0.1017|0.0809|0.0618|0.0615,
unit_000263,Vienna,8,8,176.9,9,2.9833,0.0,0.0,0.5,48.09216,16.326294,9|5|6|22|28,0.1467|0.1006|0.0825|0.0713|0.0665,
unit_000264,Vienna,8,24,176.9,9,3.0813,0.0,0.0,0.5,48.089096,16.328658,9|19|17|5|12,0.1614|0.0907|0.0806|0.0783|0.0689,
unit_000265,Vienna,7,7,151.6,9,3.0347,0.0,0.0,0.5,48.084122,16.332459,9|5|17|6|12,0.1192|0.0897|0.0761|0.0694|0.0639,
unit_000266,Vienna,12,12,230.5,9,3.0138,0.0,0.19682,0.549,48.09735,16.322332,9|12|5|27|20,0.1296|0.0590|0.0539|0.0521|0.0490,
unit_000267,Vienna,8,8,176.9,9,3.0546,0.0,0.0,0.5,48.095324,16.323706,9|5|3|19|12,0.1170|0.0752|0.0708|0.0601|0.0591,
unit_000269,Vienna,6,7,125.9,9,2.9993,1e-05,0.06339,0.5158,48.11239,16.321208,9|5|12|3|22,0.1245|0.0994|0.0990|0.0649|0.0610,
unit_000270,Vienna,7,7,151.0,9,2.9246,0.0,0.03485,0.5087,48.108549,16.320248,9|12|5|1|27,0.1287|0.0920|0.0756|0.0577|0.0502,
unit_000271,Vienna,12,15,276.9,9,3.0013,7e-05,0.03485,0.5087,48.106402,16.320112,9|12|5|3|19,0.1129|0.1077|0.0843|0.0650|0.0623,
unit_000272,Vienna,11,14,251.7,9,2.9436,5e-05,0.0,0.5,48.102914,16.320457,9|5|12|3|1,0.1261|0.1041|0.0855|0.0707|0.0696,
unit_000273,Vienna,7,8,151.0,9,2.8821,0.0,0.30465,0.5756,48.100516,16.321128,9|5|12|15|4,0.1394|0.0926|0.0918|0.0534|0.0505,
unit_000274,Vienna,7,14,151.0,24,2.9083,0.00012,0.30465,0.5755,48.099046,16.321725,24|17|9|26|6,0.0979|0.0915|0.0846|0.0767|0.0754,
unit_000275,Vienna,8,8,176.2,9,3.0138,0.0,0.0,0.5,48.097337,16.322611,9|12|5|27|20,0.1296|0.0590|0.0539|0.0521|0.0490,
unit_000276,Vienna,8,8,176.2,9,3.0546,0.0,0.0,0.5,48.09543,16.323836,9|5|3|19|12,0.1170|0.0752|0.0708|0.0601|0.0591,
unit_000277,Vienna,5,5,102.1,9,3.0546,0.0,0.0,0.5,48.095528,16.324284,9|5|3|19|12,0.1170|0.0752|0.0708|0.0601|0.0591,
unit_000278,Vienna,7,11,153.2,24,2.8058,4e-05,0.19136,0.5477,48.099107,16.321792,24|17|6|26|9,0.1089|0.0913|0.0816|0.0760|0.0742,
unit_000280,Vienna,7,7,154.8,9,3.0546,0.0,0.0,0.5,48.095643,16.323946,9|5|3|19|12,0.1170|0.0752|0.0708|0.0601|0.0591,
unit_000281,Vienna,14,14,280.6,9,3.0138,0.0,0.45915,0.6128,48.097525,16.32281,9|12|5|27|20,0.1296|0.0590|0.0539|0.0521|0.0490,
unit_000282,Vienna,9,9,151.8,9,2.9645,0.0,0.0,0.5,48.081438,16.334534,9|26|27|5|4,0.1484|0.0975|0.0816|0.0751|0.0668,
unit_000283,Vienna,8,8,177.1,9,3.0347,0.0,0.0,0.5,48.084298,16.332595,9|5|17|6|12,0.1192|0.0897|0.0761|0.0694|0.0639,
unit_000284,Vienna,8,22,177.1,9,3.0787,1e-05,0.0,0.5,48.089186,16.328854,9|19|17|5|12,0.1599|0.0879|0.0807|0.0769|0.0677,
unit_000285,Vienna,8,8,177.1,9,2.9833,0.0,0.0,0.5,48.092258,16.326491,9|5|6|22|28,0.1467|0.1006|0.0825|0.0713|0.0665,
unit_000286,Vienna,17,22,356.6,9,2.9457,4e-05,0.0,0.5,48.102833,16.32022,9|5|12|3|1,0.1291|0.1020|0.0859|0.0715|0.0683,
unit_000287,Vienna,7,7,156.3,9,2.8777,0.0,0.0,0.5,48.100373,16.320551,9|5|12|15|4,0.1390|0.0924|0.0919|0.0534|0.0504,
unit_000288,Vienna,7,7,154.9,9,2.8777,0.0,0.37073,0.5916,48.100453,16.320901,9|5|12|15|4,0.1390|0.0924|0.0919|0.0534|0.0504,
unit_000289,Vienna,7,14,154.9,9,2.989,0.00021,0.37073,0.5916,48.098943,16.321505,9|5|17|24|26,0.0915|0.0877|0.0864|0.0770|0.0724,
unit_000290,Vienna,4,5,75.1,5,3.0491,0.0,0.04045,0.5101,48.113381,16.321275,5|1|3|19|8,0.1287|0.0863|0.0779|0.0763|0.0628,
unit_000292,Vienna,4,5,75.1,9,2.992,0.0,0.03625,0.5091,48.112326,16.320877,9|12|5|3|22,0.1253|0.0995|0.0979|0.0642|0.0613,
unit_000293,Vienna,8,8,175.2,9,2.9246,0.0,0.03485,0.5087,48.108613,16.319958,9|12|5|1|27,0.1287|0.0920|0.0756|0.0577|0.0502,
unit_000294,Vienna,6,8,125.2,9,2.9334,0.0,0.03812,0.5095,48.107042,16.319812,9|12|5|3|19,0.1318|0.1032|0.0929|0.0549|0.0508,
unit_000295,Vienna,6,8,125.2,12,2.979,0.0,0.04139,0.5103,48.10569,16.31981,12|9|3|19|5,0.1122|0.0907|0.0764|0.0750|0.0740,
unit_000296,Vienna,59,132,1203.5,9,3.1108,0.00021,0.04912,0.5122,48.099974,16.315438,9|5|12|19|18,0.1124|0.1091|0.0717|0.0665|0.0625,
unit_000297,Vienna,21,42,475.0,5,3.1083,0.00022,0.0,0.4999,48.099894,16.315816,5|9|19|30|26,0.1119|0.0884|0.0753|0.0699|0.0652,
unit_000298,Vienna,8,8,180.4,9,2.9645,0.0,0.0,0.5,48.081357,16.334335,9|26|27|5|4,0.1484|0.0975|0.0816|0.0751|0.0668,
unit_000299,Vienna,11,13,205.5,9,3.0209,0.0,0.03756,0.5094,48.078643,16.335739,9|26|5|27|19,0.1284|0.0945|0.0879|0.0654|0.0573,
unit_000300,Vienna,33,58,729.2,5,3.0052,6e-05,0.0,0.5,48.076313,16.330088,5|1|3|12|19,0.1083|0.1055|0.0758|0.0625|0.0565,
unit_000301,Vienna,8,8,179.1,5,3.0171,0.0,0.0,0.5,48.078521,16.327477,5|27|18|1|26,0.1197|0.0683|0.0572|0.0555|0.0532,
unit_000302,Vienna,7,7,154.5,5,3.0171,0.0,0.0,0.5,48.078614,16.327539,5|27|18|1|26,0.1197|0.0683|0.0572|0.0555|0.0532,
unit_000303,Vienna,17,34,357.7,9,3.0574,9e-05,0.0,0.5,48.077892,16.336445,9|5|12|18|19,0.1472|0.0826|0.0651|0.0568|0.0557,
unit_000304,Vienna,7,13,151.9,9,2.9859,2e-05,0.03855,0.5096,48.080381,16.332142,9|5|4|26|27,0.1502|0.0895|0.0713|0.0573|0.0567,
unit_000306,Vienna,8,8,177.2,9,2.9645,0.0,0.0,0.5,48.081208,16.334123,9|26|27|5|4,0.1484|0.0975|0.0816|0.0751|0.0668,
unit_000307,Vienna,7,16,150.1,9,3.0275,1e-05,0.03756,0.5094,48.077361,16.336377,9|5|12|18|3,0.1531|0.0823|0.0748|0.0594|0.0580,
unit_000308,Vienna,8,8,175.1,9,2.8754,0.0,0.0,0.5,48.07142,16.338088,9|12|5|19|3,0.1243|0.0892|0.0780|0.0744|0.0655,
unit_000309,Vienna,8,8,175.1,9,2.9004,0.0,0.0,0.5,48.067867,16.338702,9|12|5|19|1,0.1123|0.0983|0.0858|0.0654|0.0623,
unit_000310,Vienna,9,9,150.1,9,3.0127,0.0,0.0,0.5,48.061389,16.339801,9|5|6|12|3,0.1575|0.0906|0.0842|0.0748|0.0705,
unit_000311,Vienna,5,5,103.2,9,2.9531,0.0,0.0,0.5,48.079855,16.332287,9|5|4|26|18,0.1412|0.0908|0.0739|0.0554|0.0538,
unit_000312,Vienna,8,8,180.6,5,2.9548,0.0,0.0,0.5,48.079768,16.334002,5|19|26|4|9,0.1165|0.0848|0.0764|0.0762|0.0744,
unit_000313,Vienna,11,11,205.9,9,2.9645,0.0,0.0,0.5,48.081269,16.333946,9|26|27|5|4,0.1484|0.0975|0.0816|0.0751|0.0668,
unit_000314,Vienna,14,14,294.6,9,3.0127,0.0,0.0,0.5,48.061628,16.340158,9|5|6|12|3,0.1575|0.0906|0.0842|0.0748|0.0705,
unit_000315,Vienna,7,7,152.0,9,2.9004,0.0,0.0,0.5,48.067986,16.338919,9|12|5|19|1,0.1123|0.0983|0.0858|0.0654|0.0623,
unit_000316,Vienna,8,8,177.3,9,2.8754,0.0,0.0,0.5,48.07147,16.338312,9|12|5|19|3,0.1243|0.0892|0.0780|0.0744|0.0655,
unit_000317,Vienna,39,72,781.9,5,2.9773,0.00013,0.0,0.5,48.250907,16.288036,5|30|19|7|8,0.1040|0.0763|0.0680|0.0657|0.0619,
unit_000318,Vienna,6,6,129.2,7,2.9677,0.0,0.0,0.5,48.250708,16.283272,7|5|19|27|20,0.1190|0.0702|0.0638|0.0609|0.0503,
unit_000319,Vienna,5,5,110.4,7,2.9869,0.0,0.0,0.5,48.252687,16.307333,7|5|8|19|30,0.1109|0.0784|0.0709|0.0627|0.0523,
unit_000320,Vienna,15,22,227.5,7,2.9518,2e-05,0.03976,0.5099,48.253481,16.312171,7|5|8|30|18,0.1213|0.1150|0.0891|0.0620|0.0599,
unit_000321,Vienna,34,35,568.1,5,3.0491,4e-05,0.0,0.5,48.2436,16.320798,5|7|31|18|8,0.1300|0.0966|0.0759|0.0711|0.0653,
unit_000322,Vienna,14,14,257.2,7,3.016,0.0,0.0,0.5,48.238451,16.326329,7|8|5|31|18,0.1062|0.1059|0.0923|0.0738|0.0496,
unit_000323,Vienna,42,95,881.7,9,3.0738,0.0001,0.0,0.5,48.11393,16.315641,9|5|12|1|6,0.1175|0.1130|0.0969|0.0789|0.0651,
unit_000324,Vienna,26,88,547.6,9,3.0906,0.00013,0.0,0.5,48.114169,16.316175,9|5|12|1|6,0.1103|0.1087|0.0954|0.0822|0.0765,
unit_000325,Vienna,11,40,253.9,9,3.0771,5e-05,0.0,0.5,48.149584,16.343199,9|5|6|26|28,0.1764|0.0910|0.0868|0.0859|0.0680,
unit_000326,Vienna,19,19,286.1,31,2.8883,0.0,0.0,0.5,48.187747,16.272689,31|5|8|30|1,0.1058|0.0888|0.0877|0.0564|0.0462,
unit_000327,Vienna,23,23,415.2,5,2.9986,0.0,0.0,0.5,48.206589,16.280673,5|1|8|31|7,0.0888|0.0810|0.0652|0.0617|0.0579,
unit_000328,Vienna,15,28,307.9,5,2.9829,0.0,0.0,0.5,48.207316,16.282725,5|31|18|7|30,0.1075|0.0848|0.0731|0.0613|0.0612,
unit_000329,Vienna,16,48,328.5,5,3.0988,0.00015,0.0,0.5,48.114435,16.316376,5|12|1|9|6,0.1199|0.0903|0.0882|0.0871|0.0649,
unit_000330,Vienna,8,8,179.2,1,2.9304,0.0,0.0,0.5,48.117157,16.317148,1|12|5|3|31,0.1072|0.1057|0.0917|0.0593|0.0581,
unit_000331,Vienna,8,8,176.8,12,2.949,0.0,0.0,0.5,48.108038,16.315691,12|1|5|3|31,0.1021|0.0903|0.0867|0.0717|0.0577,
unit_000332,Vienna,19,19,280.4,7,2.8625,0.0,0.0,0.5,48.183291,16.278936,7|5|12|31|8,0.1498|0.0946|0.0833|0.0723|0.0722,
unit_000333,Vienna,18,24,306.8,31,2.9569,4e-05,0.0,0.5,48.223379,16.333176,31|8|5|16|18,0.1351|0.0834|0.0607|0.0555|0.0491,
unit_000334,Vienna,18,18,248.9,31,2.8757,0.0,0.0,0.5,48.222864,16.331634,31|5|8|3|4,0.1940|0.0362|0.0352|0.0332|0.0305,
unit_000335,Vienna,10,10,179.5,5,2.9081,0.0,0.0,0.5,48.158547,16.313667,5|7|8|16|18,0.0839|0.0790|0.0727|0.0571|0.0499,
unit_000336,Vienna,9,9,163.6,31,3.0526,0.0,0.0,0.5,48.192652,16.326039,31|17|3|19|7,0.0797|0.0559|0.0554|0.0540|0.0513,
unit_000337,Vienna,17,17,335.7,31,2.8117,0.0,0.0,0.5,48.170945,16.282891,31|8|5|7|16,0.1077|0.0866|0.0812|0.0769|0.0506,
unit_000338,Vienna,15,15,286.1,31,2.8367,0.0,0.0,0.5,48.187582,16.275053,31|8|5|27|30,0.1160|0.0979|0.0785|0.0474|0.0446,
unit_000339,Vienna,26,26,355.4,31,2.9693,0.0,0.0,0.5,48.218615,16.366082,31|11|10|18|5,0.1281|0.0523|0.0490|0.0434|0.0433,
unit_000340,Vienna,22,23,387.1,31,2.9258,0.0,0.07824,0.5196,48.203481,16.364337,31|1|30|28|11,0.1253|0.0695|0.0624|0.0559|0.0532,
unit_000341,Vienna,21,21,388.9,31,3.0489,0.0,0.0,0.5,48.202763,16.367332,31|11|10|1|27,0.1057|0.0681|0.0567|0.0516|0.0439,
unit_000342,Vienna,29,32,469.4,31,3.0327,0.0,0.07565,0.5189,48.226647,16.324408,31|5|1|12|18,0.1020|0.0951|0.0793|0.0772|0.0648,
unit_000343,Vienna,11,11,209.9,31,3.0022,0.0,0.0,0.5,48.223045,16.324468,31|5|12|11|18,0.1051|0.0941|0.0689|0.0608|0.0598,
unit_000344,Vienna,8,8,180.0,5,2.9258,0.0,0.0,0.5,48.136596,16.307877,5|1|2|31|8,0.1165|0.0804|0.0607|0.0602|0.0588,
unit_000345,Vienna,14,14,255.6,12,2.8735,0.0,0.0,0.5,48.13633,16.30585,12|5|1|31|16,0.1080|0.0946|0.0896|0.0634|0.0584,
unit_000346,Vienna,19,33,319.5,5,3.0093,7e-05,0.0,0.5,48.139086,16.306427,5|31|1|8|16,0.1211|0.0752|0.0682|0.0673|0.0655,
unit_000347,Vienna,17,17,279.5,7,2.8845,0.0,0.0,0.5,48.185338,16.286949,7|12|5|31|11,0.0992|0.0947|0.0922|0.0809|0.0740,
unit_000348,Vienna,10,19,175.3,5,3.0573,1e-05,0.15487,0.5386,48.166542,16.387899,5|1|31|18|10,0.1156|0.1009|0.0833|0.0794|0.0748,
unit_000349,Vienna,8,8,177.2,17,3.1238,0.0,0.23078,0.5574,48.165453,16.386654,17|9|12|6|5,0.1132|0.1119|0.0740|0.0715|0.0581,
unit_000350,Vienna,8,8,177.2,12,3.036,0.0,0.0,0.5,48.162268,16.384991,12|9|5|17|1,0.1029|0.1029|0.0811|0.0802|0.0764,
unit_000351,Vienna,4,4,76.0,5,3.0584,0.0,0.0,0.5,48.160688,16.382817,5|18|1|31|3,0.1323|0.0847|0.0724|0.0683|0.0621,
unit_000352,Vienna,14,16,329.1,9,3.0688,5e-05,0.0,0.5,48.159946,16.379952,9|17|26|6|5,0.1344|0.1040|0.0833|0.0706|0.0597,
unit_000353,Vienna,8,8,177.2,5,2.9794,0.0,0.0,0.5,48.158529,16.376871,5|9|17|26|12,0.1218|0.1045|0.0955|0.0799|0.0671,
unit_000354,Vienna,13,13,252.1,9,3.0567,0.0,0.0,0.5,48.156728,16.375242,9|17|5|12|3,0.1222|0.0986|0.0945|0.0691|0.0598,
unit_000356,Vienna,8,8,176.4,17,3.1238,0.0,0.04333,0.5108,48.165388,16.386434,17|9|12|6|5,0.1132|0.1119|0.0740|0.0715|0.0581,
unit_000357,Vienna,8,8,176.4,12,3.036,0.0,0.0,0.5,48.162413,16.384904,12|9|5|17|1,0.1029|0.1029|0.0811|0.0802|0.0764,
unit_000360,Vienna,6,8,125.2,9,2.9967,1e-05,0.06813,0.517,48.176004,16.399653,9|12|5|1|3,0.1449|0.0886|0.0616|0.0607|0.0489,
unit_000361,Vienna,8,8,175.3,9,3.0384,0.0,0.0,0.5,48.170787,16.396059,9|27|5|26|18,0.1071|0.0923|0.0808|0.0806|0.0644,
unit_000362,Vienna,8,8,175.3,9,3.0988,0.0,0.0,0.5,48.17027,16.393405,9|26|6|3|5,0.1337|0.0746|0.0722|0.0680|0.0645,
unit_000363,Vienna,15,15,243.3,31,2.9098,0.0,0.0,0.5,48.241067,16.33291,31|8|5|30|1,0.1417|0.0904|0.0764|0.0505|0.0486,
unit_000364,Vienna,17,17,300.7,8,2.9975,0.0,0.0,0.5,48.194303,16.297214,8|31|5|1|10,0.0955|0.0954|0.0890|0.0651|0.0481,
unit_000366,Vienna,22,22,327.1,31,2.8833,0.0,0.0,0.5,48.19027,16.337347,31|30|1|28|12,0.1433|0.0649|0.0563|0.0498|0.0411,
unit_000367,Vienna,14,14,262.2,7,2.8211,0.0,0.0,0.5,48.204542,16.28659,7|5|8|16|31,0.1252|0.1192|0.0923|0.0600|0.0534,
unit_000368,Vienna,22,22,406.6,5,3.0015,0.0,0.0,0.5,48.205123,16.284392,5|7|18|8|27,0.1148|0.0838|0.0782|0.0730|0.0622,
unit_000369,Vienna,25,25,442.2,31,2.8773,0.0,0.0,0.5,48.217037,16.36811,31|11|27|18|3,0.1089|0.0385|0.0373|0.0267|0.0267,
unit_000370,Vienna,17,17,213.5,31,2.9743,0.0,0.0,0.5,48.226165,16.349043,31|1|3|28|10,0.1304|0.0485|0.0437|0.0434|0.0384,
unit_000371,Vienna,19,22,371.6,31,2.8695,4e-05,0.0,0.5,48.191711,16.30896,31|8|16|4|5,0.1684|0.0649|0.0428|0.0398|0.0388,
unit_000372,Vienna,20,40,338.7,31,2.7542,0.0,0.0,0.5,48.193503,16.309581,31|30|1|8|28,0.1636|0.0827|0.0542|0.0529|0.0453,
unit_000373,Vienna,14,14,153.2,31,2.8431,0.0,0.0,0.5,48.195495,16.320827,31|12|8|4|16,0.1906|0.0427|0.0312|0.0300|0.0296,
unit_000374,Vienna,15,15,265.1,31,2.8685,0.0,0.18532,0.5462,48.228752,16.336893,31|12|19|28|18,0.1468|0.0819|0.0519|0.0444|0.0430,
unit_000375,Vienna,27,27,396.6,31,2.7282,0.0,0.2057,0.5512,48.228447,16.335585,31|28|30|1|8,0.1451|0.0661|0.0510|0.0447|0.0374,
unit_000376,Vienna,20,39,382.6,5,3.0616,1e-05,0.07006,0.5175,48.201372,16.237062,5|1|27|18|9,0.1257|0.0790|0.0726|0.0619|0.0600,
unit_000377,Vienna,8,8,175.9,5,2.9503,0.0,0.0,0.5,48.200887,16.240292,5|27|18|26|28,0.1176|0.1019|0.0805|0.0640|0.0609,
unit_000378,Vienna,8,8,175.9,5,3.0831,0.0,0.0,0.5,48.200622,16.247227,5|18|26|30|27,0.1012|0.0876|0.0828|0.0743|0.0722,
unit_000379,Vienna,5,5,100.5,26,3.0081,0.0,0.0,0.5,48.200793,16.250037,26|9|5|30|27,0.1136|0.1074|0.0733|0.0726|0.0608,
unit_000380,Vienna,12,12,183.8,31,2.8977,0.0,0.0,0.5,48.206992,16.307454,31|8|5|11|16,0.1332|0.0969|0.0608|0.0488|0.0452,
unit_000381,Vienna,9,9,169.4,31,2.9032,0.0,0.0,0.5,48.191175,16.375484,31|18|30|27|5,0.1511|0.0483|0.0409|0.0377|0.0347,
unit_000382,Vienna,33,33,602.8,31,2.8203,0.0,0.1016,0.5254,48.192222,16.316701,31|30|1|5|8,0.1201|0.0766|0.0694|0.0675|0.0639,
unit_000383,Vienna,19,38,337.2,31,2.7891,0.0,0.1016,0.5254,48.192739,16.31492,31|30|1|28|8,0.1734|0.0662|0.0517|0.0462|0.0431,
unit_000384,Vienna,31,31,604.1,7,2.9091,2e-05,0.0,0.5,48.18568,16.277228,7|5|8|31|16,0.1306|0.0962|0.0793|0.0789|0.0463,
unit_000385,Vienna,8,8,133.2,12,2.9394,0.0,0.15996,0.5399,48.186406,16.281349,12|31|7|5|30,0.1040|0.0967|0.0764|0.0713|0.0498,
unit_000386,Vienna,7,7,152.6,5,3.1731,0.0,0.0,0.5,48.196863,16.259114,5|27|18|31|8,0.0842|0.0776|0.0741|0.0669|0.0652,
unit_000387,Vienna,8,8,180.2,1,3.0077,0.0,0.0,0.5,48.190261,16.317196,1|31|5|30|8,0.0725|0.0723|0.0689|0.0655|0.0642,
unit_000388,Vienna,9,14,206.8,26,2.9374,2e-05,0.0,0.5,48.150724,16.342968,26|5|9|6|28,0.1188|0.1068|0.1011|0.0702|0.0688,
unit_000389,Vienna,8,8,178.7,26,2.9194,0.0,0.0,0.5,48.15105,16.342836,26|5|9|27|6,0.1229|0.1037|0.1011|0.0678|0.0652,
unit_000390,Vienna,47,135,761.6,9,3.083,6e-05,0.03692,0.5092,48.149047,16.343075,9|6|5|26|17,0.1795|0.0874|0.0840|0.0752|0.0713,
unit_000391,Vienna,8,8,175.9,9,2.8892,0.0,0.0,0.5,48.153808,16.374792,9|12|17|5|20,0.1295|0.0867|0.0848|0.0785|0.0648,
unit_000392,Vienna,7,7,150.8,9,3.0279,0.0,0.0,0.5,48.151678,16.374004,9|6|17|5|4,0.1459|0.1011|0.0986|0.0724|0.0565,
unit_000393,Vienna,8,8,175.9,26,3.0518,0.0,0.0,0.5,48.151148,16.366751,26|5|17|28|9,0.1057|0.0868|0.0817|0.0805|0.0745,
unit_000394,Vienna,7,20,150.8,18,3.0588,1e-05,0.03624,0.5091,48.151538,16.364636,18|26|5|6|17,0.1085|0.0982|0.0951|0.0943|0.0880,
unit_000396,Vienna,5,5,100.5,9,2.9873,0.0,0.07082,0.5177,48.151823,16.363077,9|12|5|7|22,0.1380|0.0923|0.0687|0.0669|0.0595,
unit_000398,Vienna,8,8,175.9,26,3.0397,0.0,0.0,0.5,48.152604,16.356902,26|9|27|5|28,0.1123|0.1097|0.0924|0.0645|0.0573,
unit_000399,Vienna,8,16,175.9,26,3.0641,0.0,0.0,0.5,48.152707,16.354414,26|9|27|18|6,0.1165|0.1034|0.0790|0.0753|0.0704,
unit_000400,Vienna,8,8,175.9,9,3.0291,0.0,0.0,0.5,48.151783,16.34705,9|26|5|27|4,0.1487|0.0997|0.0988|0.0899|0.0543,
unit_000401,Vienna,16,16,175.8,31,2.6126,0.0,0.0,0.5,48.229205,16.349143,31|12|4|28|19,0.1761|0.0356|0.0354|0.0258|0.0256,
unit_000402,Vienna,15,19,310.9,5,3.0774,2e-05,0.0,0.5,48.192487,16.271651,5|8|31|1|7,0.1062|0.1050|0.0820|0.0624|0.0590,
unit_000403,Vienna,7,7,100.4,31,2.9013,0.0,0.0,0.5,48.212971,16.307647,31|12|10|11|22,0.1724|0.0594|0.0466|0.0378|0.0371,
unit_000404,Vienna,10,10,155.2,31,2.7504,0.0,0.0,0.5,48.189621,16.308162,31|8|30|5|27,0.1580|0.0725|0.0356|0.0332|0.0310,
unit_000405,Vienna,6,6,112.3,31,2.8116,0.0,0.0,0.5,48.214397,16.307946,31|5|8|1|30,0.1236|0.0766|0.0762|0.0522|0.0482,
unit_000406,Vienna,9,9,169.1,8,3.0984,0.0,0.0,0.5,48.191547,16.322291,8|7|5|31|1,0.0814|0.0803|0.0790|0.0779|0.0647,
unit_000407,Vienna,37,37,690.0,31,2.5875,0.0,0.0,0.5,48.190359,16.322876,31|1|30|28|8,0.1277|0.1113|0.0709|0.0688|0.0268,
unit_000408,Vienna,12,18,234.6,5,3.0563,2e-05,0.06006,0.515,48.19302,16.272055,5|8|31|11|7,0.1139|0.1123|0.0868|0.0617|0.0614,
unit_000409,Vienna,14,14,201.1,7,2.8076,0.0,0.0,0.5,48.182496,16.283859,7|31|12|5|8,0.1004|0.0908|0.0882|0.0739|0.0640,
unit_000410,Vienna,20,20,308.5,7,2.9789,0.0,0.0,0.5,48.166912,16.271549,7|5|8|31|1,0.1231|0.1116|0.0729|0.0591|0.0570,
unit_000412,Vienna,8,8,176.3,31,2.7554,0.0,0.0,0.5,48.196982,16.370845,31|27|18|3|15,0.1682|0.0382|0.0350|0.0347|0.0298,
unit_000413,Vienna,33,66,767.6,31,2.7932,0.0,0.0,0.5,48.223052,16.316859,31|1|30|28|8,0.1559|0.0788|0.0664|0.0568|0.0370,
unit_000414,Vienna,23,24,411.8,31,2.9911,0.0,0.03692,0.5092,48.22357,16.314226,31|5|8|12|11,0.1253|0.0735|0.0417|0.0411|0.0405,
unit_000415,Vienna,16,16,265.0,31,2.9546,0.0,0.0,0.5,48.213976,16.372402,31|5|18|12|8,0.1704|0.0669|0.0467|0.0444|0.0439,
unit_000416,Vienna,22,22,446.8,5,2.8958,0.0,0.0,0.5,48.23948,16.343222,5|8|31|7|1,0.1256|0.0990|0.0718|0.0684|0.0565,
unit_000417,Vienna,14,14,281.1,31,2.8722,0.0,0.0,0.5,48.196748,16.305957,31|30|8|27|3,0.1555|0.0544|0.0538|0.0520|0.0439,
unit_000418,Vienna,12,12,161.7,31,2.7517,0.0,0.0,0.5,48.195903,16.306651,31|8|5|16|6,0.1256|0.1238|0.0914|0.0489|0.0332,
unit_000419,Vienna,9,9,175.4,31,2.8901,0.0,0.0,0.5,48.196438,16.303808,31|12|1|5|16,0.1541|0.0654|0.0436|0.0401|0.0340,
unit_000420,Vienna,10,10,166.9,31,2.7141,0.0,0.16494,0.5411,48.228924,16.338165,31|8|27|4|18,0.1780|0.0347|0.0338|0.0301|0.0259,
unit_000421,Vienna,12,12,250.3,5,3.0017,0.0,0.06001,0.515,48.201482,16.235259,5|7|19|8|1,0.1035|0.0823|0.0733|0.0610|0.0564,
unit_000422,Vienna,7,7,150.4,5,2.8849,0.0,0.0,0.5,48.202366,16.232972,5|19|30|15|2,0.1007|0.0925|0.0589|0.0565|0.0473,
unit_000423,Vienna,15,15,302.2,9,3.0291,0.0,0.0,0.5,48.151632,16.347084,9|26|5|27|4,0.1487|0.0997|0.0988|0.0899|0.0543,
unit_000424,Vienna,8,16,176.2,26,3.0648,0.0,0.0,0.5,48.152584,16.354406,26|9|27|18|6,0.1167|0.1048|0.0794|0.0735|0.0693,
unit_000425,Vienna,8,8,176.2,26,3.0397,0.0,0.0,0.5,48.152481,16.356897,26|9|27|5|28,0.1123|0.1097|0.0924|0.0645|0.0573,
unit_000426,Vienna,5,6,100.7,9,2.9958,0.0,0.12885,0.5322,48.151696,16.363079,9|12|5|7|22,0.1377|0.0915|0.0705|0.0689|0.0592,
unit_000427,Vienna,8,24,176.2,18,3.0725,2e-05,0.12885,0.5322,48.151431,16.364528,18|5|26|6|17,0.1037|0.0986|0.0947|0.0909|0.0860,
unit_000428,Vienna,8,8,176.2,26,3.0518,0.0,0.0,0.5,48.151019,16.366758,26|5|17|28|9,0.1057|0.0868|0.0817|0.0805|0.0745,
unit_000429,Vienna,8,9,176.2,9,3.0369,0.0,0.0,0.5,48.151589,16.374124,9|6|17|5|4,0.1450|0.1012|0.0988|0.0743|0.0561,
unit_000430,Vienna,7,7,151.0,9,2.8892,0.0,0.0,0.5,48.153921,16.37498,9|12|17|5|20,0.1295|0.0867|0.0848|0.0785|0.0648,
unit_000431,Vienna,14,14,276.5,9,3.0567,0.0,0.0,0.5,48.156548,16.375395,9|17|5|12|3,0.1222|0.0986|0.0945|0.0691|0.0598,
unit_000432,Vienna,12,16,275.6,9,3.0772,3e-05,0.0,0.5,48.143322,16.335294,9|5|12|17|18,0.1448|0.1037|0.0700|0.0699|0.0686,
unit_000433,Vienna,8,8,175.4,5,3.0418,0.0,0.0,0.5,48.145864,16.338455,5|1|9|3|18,0.1103|0.0860|0.0834|0.0742|0.0651,
unit_000434,Vienna,11,39,250.6,9,3.0787,6e-05,0.0,0.5,48.149457,16.343238,9|5|6|26|28,0.1805|0.0868|0.0848|0.0833|0.0643,
unit_000435,Vienna,7,7,156.8,31,2.9587,0.0,0.0,0.5,48.20401,16.359585,31|1|3|28|11,0.0959|0.0535|0.0486|0.0465|0.0386,
unit_000436,Vienna,33,63,486.3,31,2.574,0.0,0.0,0.5,48.205566,16.358681,31|28|30|1|3,0.1094|0.0480|0.0445|0.0440|0.0266,
unit_000437,Vienna,22,22,484.5,31,2.9578,0.0,0.05866,0.5147,48.20198,16.362488,31|27|4|18|22,0.1610|0.0544|0.0506|0.0384|0.0351,
unit_000438,Vienna,45,45,672.9,31,2.6976,0.0,0.03669,0.5092,48.198592,16.375113,31|1|28|30|11,0.1083|0.0824|0.0652|0.0640|0.0521,
unit_000439,Vienna,17,18,305.7,31,3.0003,0.0,0.03227,0.5081,48.1987,16.373348,31|5|11|10|1,0.1586|0.0490|0.0474|0.0448|0.0420,
unit_000440,Vienna,15,15,251.4,5,2.7254,0.0,0.0,0.5,48.185029,16.27508,5|8|31|16|7,0.1113|0.1102|0.0830|0.0672|0.0425,
unit_000442,Vienna,7,7,58.4,31,2.8591,0.0,0.0,0.5,48.1935,16.308178,31|7|12|4|6,0.1609|0.0577|0.0486|0.0380|0.0349,
unit_000443,Vienna,13,13,229.8,7,2.8995,0.0,0.0,0.5,48.206042,16.290433,7|12|5|31|2,0.1045|0.0965|0.0836|0.0715|0.0506,
unit_000444,Vienna,24,33,519.3,5,3.0034,3e-05,0.0,0.5,48.205841,16.275869,5|7|8|18|19,0.1057|0.0861|0.0707|0.0648|0.0637,
unit_000445,Vienna,19,19,366.9,7,2.9805,0.0,0.0,0.5,48.205068,16.271808,7|16|5|18|8,0.1047|0.0779|0.0735|0.0720|0.0715,
unit_000446,Vienna,44,44,774.5,5,3.0822,0.0,0.04329,0.5108,48.245366,16.380385,5|1|18|31|12,0.1002|0.0983|0.0807|0.0773|0.0698,
unit_000447,Vienna,12,21,249.9,5,2.9885,1e-05,0.0,0.5,48.244074,16.37847,5|31|1|8|10,0.1269|0.1044|0.0845|0.0837|0.0560,
unit_000448,Vienna,22,22,350.4,31,2.9201,0.0,0.0,0.5,48.197508,16.30997,31|8|5|12|10,0.1880|0.0606|0.0567|0.0445|0.0405,
unit_000449,Vienna,12,12,182.9,31,2.5676,0.0,0.0,0.5,48.225542,16.346725,31|30|4|28|27,0.1624|0.0652|0.0452|0.0398|0.0351,
unit_000450,Vienna,16,22,288.8,31,2.9349,6e-05,0.0,0.5,48.19138,16.335491,31|8|5|16|18,0.1538|0.0886|0.0623|0.0451|0.0385,
unit_000451,Vienna,5,5,51.3,7,2.9159,0.0,0.0,0.5,48.241275,16.348835,7|8|5|27|31,0.1219|0.0946|0.0832|0.0632|0.0515,
unit_000452,Vienna,8,8,182.3,5,3.0017,0.0,0.08011,0.52,48.201811,16.235344,5|7|19|8|1,0.1035|0.0823|0.0733|0.0610|0.0564,
unit_000453,Vienna,23,33,419.3,7,3.0242,9e-05,0.05772,0.5144,48.23741,16.339365,7|5|8|31|18,0.1131|0.0975|0.0966|0.0739|0.0699,
unit_000455,Vienna,43,59,586.6,31,2.76,2e-05,0.0,0.5,48.191683,16.331401,31|30|1|28|27,0.1334|0.0724|0.0617|0.0496|0.0426,
unit_000456,Vienna,10,10,199.8,6,3.0334,0.0,0.0,0.5,48.24477,16.366991,6|5|9|17|10,0.0832|0.0830|0.0746|0.0741|0.0712,
unit_000457,Vienna,8,8,175.7,17,3.0357,0.0,0.0,0.5,48.245224,16.364289,17|6|8|25|28,0.1021|0.1007|0.0669|0.0630|0.0576,
unit_000458,Vienna,23,29,412.0,5,3.0213,0.0,0.11977,0.5299,48.224731,16.319267,5|28|18|31|15,0.0891|0.0711|0.0646|0.0568|0.0548,
unit_000459,Vienna,17,17,258.6,31,2.9023,0.0,0.0,0.5,48.226791,16.335491,31|18|15|8|4,0.1722|0.0410|0.0405|0.0400|0.0351,
unit_000460,Vienna,15,15,277.2,5,2.9434,0.0,0.0,0.5,48.180709,16.276818,5|7|8|18|31,0.1330|0.1075|0.0890|0.0732|0.0578,
unit_000461,Vienna,24,32,449.4,31,2.8866,3e-05,0.0,0.5,48.185335,16.332825,31|5|10|1|8,0.1280|0.0808|0.0796|0.0686|0.0565,
unit_000462,Vienna,13,13,175.5,31,2.7661,0.0,0.0,0.5,48.241415,16.334589,31|8|5|16|30,0.1390|0.0857|0.0508|0.0413|0.0353,
unit_000463,Vienna,45,65,865.9,1,3.0791,7e-05,0.05035,0.5126,48.188607,16.339344,1|31|5|28|30,0.0882|0.0812|0.0787|0.0642|0.0606,
unit_000464,Vienna,19,28,341.5,31,3.0141,2e-05,0.0,0.5,48.195852,16.329003,31|30|1|18|5,0.1208|0.0657|0.0634|0.0578|0.0542,
unit_000465,Vienna,14,16,327.2,5,3.1037,6e-05,0.0,0.5,48.150669,16.314669,5|18|8|1|15,0.1151|0.0817|0.0661|0.0652|0.0641,
unit_000466,Vienna,20,20,386.6,5,3.0236,0.0,0.0,0.5,48.149553,16.311027,5|31|18|1|8,0.1189|0.0809|0.0792|0.0742|0.0631,
unit_000467,Vienna,8,8,179.6,5,3.0587,0.0,0.0,0.5,48.152236,16.317376,5|12|1|31|6,0.1193|0.1068|0.0691|0.0652|0.0640,
unit_000468,Vienna,8,8,179.6,5,3.0587,0.0,0.0,0.5,48.152197,16.317225,5|12|1|31|6,0.1193|0.1068|0.0691|0.0652|0.0640,
unit_000469,Vienna,12,12,236.5,12,2.7649,0.0,0.0,0.5,48.169387,16.280003,12|31|7|5|8,0.1085|0.0979|0.0946|0.0888|0.0582,
unit_000470,Vienna,3,3,51.3,5,3.0628,0.0,0.0,0.5,48.20703,16.294652,5|1|8|15|6,0.0947|0.0750|0.0749|0.0667|0.0659,
unit_000471,Vienna,9,12,163.1,31,2.9105,0.0,0.1623,0.5405,48.229088,16.328031,31|7|8|27|5,0.1121|0.0959|0.0934|0.0566|0.0552,
unit_000472,Vienna,9,11,158.2,31,2.9994,0.0,0.11853,0.5296,48.22967,16.328474,31|12|5|7|1,0.1304|0.0868|0.0686|0.0632|0.0554,
unit_000473,Vienna,21,39,350.1,1,2.9499,0.0,0.0,0.5,48.227477,16.328183,1|31|5|12|11,0.1010|0.0989|0.0693|0.0683|0.0680,
unit_000474,Vienna,10,10,228.4,7,3.0585,0.0,0.0,0.5,48.208464,16.26868,7|19|17|18|5,0.0926|0.0833|0.0728|0.0657|0.0595,
unit_000475,Vienna,21,21,410.4,7,2.9933,0.0,0.0,0.5,48.215175,16.27475,7|5|18|16|19,0.1036|0.0972|0.0768|0.0671|0.0603,
unit_000477,Vienna,7,7,152.6,7,2.952,0.0,0.0,0.5,48.212204,16.270549,7|5|19|18|30,0.1158|0.0856|0.0750|0.0740|0.0666,
unit_000479,Vienna,11,12,202.3,31,2.9742,0.0,0.06554,0.5164,48.18167,16.285452,31|7|8|5|18,0.1265|0.0736|0.0726|0.0640|0.0600,
unit_000480,Vienna,11,11,181.9,31,2.9306,0.0,0.0,0.5,48.191367,16.269275,31|5|7|27|16,0.1582|0.0572|0.0527|0.0478|0.0377,
unit_000481,Vienna,9,15,200.1,31,3.0794,7e-05,0.0,0.5,48.194717,16.263695,31|9|17|5|8,0.0846|0.0767|0.0706|0.0699|0.0667,
unit_000482,Vienna,10,10,143.5,12,2.9153,0.0,0.0,0.5,48.245949,16.36307,12|5|7|31|10,0.0974|0.0838|0.0722|0.0677|0.0650,
unit_000483,Vienna,33,39,614.6,1,2.9872,4e-05,0.0,0.5,48.243753,16.361545,1|31|12|5|2,0.0910|0.0706|0.0587|0.0486|0.0472,
unit_000484,Vienna,11,11,166.0,31,2.6793,0.0,0.1733,0.5432,48.241106,16.341338,31|12|5|8|10,0.1310|0.1027|0.0939|0.0669|0.0539,
unit_000485,Vienna,13,13,176.3,31,2.7725,0.0,0.0,0.5,48.195993,16.313622,31|12|5|8|10,0.1577|0.0773|0.0677|0.0638|0.0544,
unit_000486,Vienna,26,49,427.8,31,2.9591,0.0,0.0,0.5,48.219478,16.368577,31|11|1|30|9,0.0940|0.0890|0.0701|0.0565|0.0541,
unit_000489,Vienna,8,11,180.6,9,3.0527,3e-05,0.0,0.5,48.178941,16.401205,9|12|5|26|18,0.1854|0.0716|0.0658|0.0646|0.0518,
unit_000490,Vienna,5,5,103.2,9,2.9072,0.0,0.0,0.5,48.180425,16.401749,9|6|26|5|28,0.1471|0.1112|0.0915|0.0879|0.0782,
unit_000491,Vienna,18,30,383.9,9,3.0827,6e-05,0.09285,0.5232,48.181933,16.399746,9|5|12|28|17,0.1418|0.1021|0.0616|0.0594|0.0589,
unit_000493,Vienna,9,12,202.4,9,3.0582,4e-05,0.0,0.5,48.179097,16.40098,9|12|5|26|18,0.1826|0.0733|0.0659|0.0630|0.0520,
unit_000494,Vienna,11,22,253.0,9,2.9901,7e-05,0.0,0.5,48.18068,16.402899,9|6|26|5|17,0.1647|0.1046|0.0777|0.0720|0.0646,
unit_000495,Vienna,13,13,251.5,17,3.1238,0.0,0.23451,0.5584,48.165254,16.386695,17|9|12|6|5,0.1132|0.1119|0.0740|0.0715|0.0581,
unit_000496,Vienna,8,14,176.6,5,3.058,1e-05,0.23451,0.5584,48.166435,16.387997,5|1|31|18|10,0.1151|0.1004|0.0831|0.0796|0.0745,
unit_000497,Vienna,8,8,176.6,9,3.0988,0.0,0.0,0.5,48.170202,16.393613,9|26|6|3|5,0.1337|0.0746|0.0722|0.0680|0.0645,
unit_000498,Vienna,8,8,176.6,9,3.0384,0.0,0.0,0.5,48.170667,16.396067,9|27|5|26|18,0.1071|0.0923|0.0808|0.0806|0.0644,
unit_000499,Vienna,6,8,126.2,9,2.9909,1e-05,0.06561,0.5164,48.176067,16.399823,9|12|5|1|3,0.1454|0.0891|0.0610|0.0600|0.0487,
unit_000500,Vienna,11,11,179.9,31,2.639,0.0,0.0,0.5,48.189731,16.301055,31|8|16|22|4,0.1557|0.0489|0.0336|0.0323|0.0320,
unit_000501,Vienna,10,10,162.7,31,2.7189,0.0,0.0,0.5,48.190449,16.299366,31|12|7|5|1,0.1498|0.0773|0.0563|0.0363|0.0321,
unit_000502,Vienna,11,17,207.7,5,3.0639,0.0,0.0,0.5,48.188528,16.301867,5|31|27|7|8,0.0931|0.0878|0.0796|0.0741|0.0731,
unit_000503,Vienna,4,6,75.4,9,3.0461,1e-05,0.09838,0.5246,48.15401,16.332878,9|5|19|26|4,0.1376|0.0905|0.0703|0.0691|0.0623,
unit_000504,Vienna,8,11,176.0,5,2.9602,0.0,0.09838,0.5246,48.15347,16.334117,5|26|19|18|17,0.1225|0.0864|0.0844|0.0794|0.0774,
unit_000505,Vienna,23,45,368.8,31,2.8475,0.0,0.12734,0.5318,48.18267,16.327188,31|30|12|15|3,0.1761|0.0519|0.0513|0.0390|0.0379,
unit_000506,Vienna,8,15,180.1,31,2.9685,1e-05,0.0,0.5,48.184295,16.32626,31|1|8|27|3,0.1227|0.0758|0.0701|0.0640|0.0531,
unit_000507,Vienna,10,10,158.4,31,2.8293,0.0,0.11436,0.5286,48.22526,16.340348,31|8|5|16|12,0.1434|0.1033|0.0713|0.0550|0.0358,
unit_000508,Vienna,13,13,174.2,31,2.8369,0.0,0.0,0.5,48.224046,16.342647,31|8|16|27|5,0.1670|0.0587|0.0497|0.0457|0.0356,
unit_000511,Vienna,7,7,152.1,9,3.0049,0.0,0.0,0.5,48.249569,16.389518,9|26|1|5|27,0.1027|0.0857|0.0719|0.0718|0.0648,
unit_000512,Vienna,8,8,177.5,1,2.9806,0.0,0.0,0.5,48.248211,16.386498,1|5|30|9|31,0.0950|0.0858|0.0754|0.0716|0.0624,
unit_000513,Vienna,7,7,130.0,7,2.9619,0.0,0.0,0.5,48.166665,16.27348,7|5|8|27|12,0.0999|0.0736|0.0667|0.0658|0.0652,
unit_000515,Vienna,8,28,178.2,5,3.1005,1e-05,0.04936,0.5123,48.208881,16.217288,5|1|8|27|31,0.1026|0.0928|0.0852|0.0754|0.0669,
unit_000516,Vienna,15,15,316.1,5,3.0425,0.0,0.0,0.5,48.206227,16.222473,5|3|1|12|18,0.1288|0.0900|0.0866|0.0732|0.0659,
unit_000517,Vienna,28,31,523.0,26,2.974,4e-05,0.0,0.5,48.204695,16.2228,26|9|5|27|4,0.1225|0.1192|0.0819|0.0708|0.0675,
unit_000518,Vienna,18,36,337.1,5,2.9441,0.0,0.20378,0.5508,48.20577,16.224294,5|1|25|18|31,0.1177|0.1097|0.0676|0.0664|0.0606,
unit_000519,Vienna,16,17,263.7,31,2.9542,0.0,0.09469,0.5237,48.150153,16.333678,31|5|1|8|7,0.1257|0.0844|0.0591|0.0545|0.0460,
unit_000520,Vienna,77,225,1504.6,5,3.0956,0.0001,0.15883,0.5396,48.149846,16.336222,5|1|28|31|9,0.1190|0.0834|0.0763|0.0745|0.0738,
unit_000521,Vienna,11,11,219.9,5,3.0377,0.0,0.15883,0.5396,48.149055,16.338141,5|1|27|18|3,0.1424|0.0707|0.0633|0.0627|0.0572,
unit_000522,Vienna,8,8,184.0,12,2.9131,0.0,0.0,0.5,48.145772,16.341703,12|5|31|1|16,0.1093|0.0913|0.0888|0.0665|0.0537,
unit_000523,Vienna,16,28,303.4,1,3.0391,1e-05,0.0,0.5,48.148213,16.344403,1|5|8|31|25,0.1248|0.1176|0.0647|0.0630|0.0602,
unit_000524,Vienna,8,8,133.7,7,2.9031,0.0,0.0,0.5,48.146649,16.344769,7|12|5|8|16,0.1075|0.0746|0.0723|0.0635|0.0580,
unit_000526,Vienna,30,30,455.2,5,2.9902,0.0,0.0,0.5,48.148715,16.346871,5|12|1|31|7,0.1221|0.0996|0.0799|0.0789|0.0600,
unit_000527,Vienna,15,15,279.0,5,2.9351,0.0,0.0,0.5,48.072897,16.3282,5|1|12|19|16,0.0895|0.0802|0.0788|0.0786|0.0599,
unit_000528,Vienna,8,8,176.9,5,2.9737,0.0,0.0,0.5,48.071672,16.334272,5|3|1|16|8,0.1113|0.0867|0.0813|0.0589|0.0571,
unit_000530,Vienna,8,8,176.2,5,3.0521,0.0,0.0,0.5,48.114528,16.297735,5|8|18|27|31,0.1064|0.0942|0.0684|0.0619|0.0606,
unit_000531,Vienna,6,6,127.3,5,3.0861,0.0,0.0,0.5,48.115682,16.299392,5|9|18|26|27,0.1316|0.1214|0.0817|0.0739|0.0696,
unit_000532,Vienna,7,7,152.8,5,2.968,0.0,0.0,0.5,48.115578,16.297738,5|9|30|4|15,0.1165|0.0967|0.0686|0.0671|0.0600,
unit_000533,Vienna,12,14,238.2,5,3.0385,0.0,0.03599,0.509,48.120577,16.293855,5|12|1|19|3,0.1311|0.0856|0.0769|0.0667|0.0654,
unit_000534,Vienna,11,13,204.8,9,2.8628,0.0,0.09875,0.5247,48.118101,16.295833,9|5|17|30|19,0.1239|0.1211|0.0842|0.0778|0.0694,
unit_000535,Vienna,19,19,337.8,9,2.8604,0.0,0.0,0.5,48.118353,16.296635,9|5|17|30|19,0.1239|0.1204|0.0842|0.0775|0.0691,
unit_000536,Vienna,14,33,283.9,5,3.0422,7e-05,0.07352,0.5184,48.116935,16.29515,5|9|26|6|4,0.1275|0.1137|0.0960|0.0852|0.0689,
unit_000537,Vienna,19,30,383.5,5,3.0194,7e-05,0.04953,0.5124,48.118904,16.298423,5|19|27|18|26,0.1303|0.0854|0.0812|0.0771|0.0702,
unit_000538,Vienna,7,9,156.2,9,2.866,0.0,0.04789,0.512,48.117976,16.296462,9|5|17|30|19,0.1237|0.1218|0.0841|0.0781|0.0696,
unit_000539,Vienna,15,15,304.8,7,2.8965,0.0,0.0,0.5,48.060433,16.214776,7|5|12|31|16,0.1338|0.1287|0.0793|0.0731|0.0561,
unit_000541,Vienna,12,12,244.2,31,2.9721,0.0,0.0,0.5,48.086936,16.248402,31|5|7|1|8,0.0960|0.0744|0.0657|0.0550|0.0523,
unit_000542,Vienna,23,23,386.7,5,2.9377,0.0,0.04099,0.5102,48.092332,16.264817,5|7|16|18|19,0.1205|0.1139|0.0668|0.0586|0.0566,
unit_000543,Vienna,13,13,202.8,7,2.8558,0.0,0.0,0.5,48.097443,16.283014,7|8|5|31|16,0.1150|0.1082|0.0983|0.0727|0.0616,
unit_000544,Vienna,8,8,185.7,7,2.9641,0.0,0.0,0.5,48.098552,16.285704,7|31|5|8|18,0.1004|0.0879|0.0839|0.0690|0.0560,
unit_000545,Vienna,7,7,100.7,31,2.8623,0.0,0.0,0.5,48.102248,16.284267,31|8|5|16|7,0.0825|0.0773|0.0561|0.0549|0.0542,
unit_000546,Vienna,13,13,292.8,5,3.0252,0.0,0.0,0.5,48.107251,16.287151,5|7|8|18|16,0.0987|0.0941|0.0649|0.0585|0.0560,
unit_000547,Vienna,10,10,182.8,7,2.8246,0.0,0.0,0.5,48.05628,16.213813,7|5|8|16|31,0.1196|0.1061|0.0816|0.0765|0.0370,
unit_000548,Vienna,14,14,286.2,7,2.8155,0.0,0.0,0.5,48.057429,16.216313,7|5|16|8|19,0.1133|0.0927|0.0554|0.0532|0.0462,
unit_000549,Vienna,8,8,181.3,12,2.9244,0.0,0.05779,0.5144,48.134405,16.297961,12|5|31|2|1,0.1280|0.1024|0.0715|0.0584|0.0557,
unit_000550,Vienna,17,17,260.6,7,2.9105,0.0,0.0,0.5,48.199672,16.285827,7|5|8|16|18,0.1675|0.0906|0.0792|0.0636|0.0548,
unit_000551,Vienna,8,9,179.1,8,3.0981,0.0,0.0,0.5,48.193319,16.279215,8|27|5|18|28,0.0965|0.0898|0.0868|0.0639|0.0621,
unit_000553,Vienna,11,11,181.1,8,2.8445,0.0,0.0,0.5,48.195888,16.295488,8|31|5|16|10,0.1233|0.1125|0.0944|0.0634|0.0520,
unit_000554,Vienna,20,20,389.3,31,2.8909,0.0,0.0,0.5,48.198093,16.277457,31|1|8|30|5,0.1346|0.0733|0.0630|0.0594|0.0536,
unit_000555,Vienna,10,10,163.2,7,2.8816,0.0,0.0,0.5,48.195624,16.276553,7|5|8|31|18,0.1353|0.0828|0.0827|0.0794|0.0445,
unit_000556,Vienna,12,12,237.6,31,2.9829,0.0,0.0,0.5,48.197923,16.273956,31|8|5|1|30,0.1306|0.0700|0.0690|0.0655|0.0502,
unit_000557,Vienna,16,16,289.7,31,2.7665,0.0,0.0,0.5,48.197333,16.271401,31|5|8|16|11,0.1255|0.0842|0.0699|0.0512|0.0439,
unit_000558,Vienna,8,8,178.4,5,2.9149,0.0,0.0,0.5,48.19631,16.269175,5|31|8|7|18,0.0961|0.0937|0.0902|0.0567|0.0521,
unit_000559,Vienna,12,12,226.9,7,2.9083,0.0,0.0,0.5,48.195433,16.274292,7|5|8|18|31,0.1482|0.0966|0.0848|0.0764|0.0634,
unit_000560,Vienna,9,12,155.5,8,2.9434,0.0,0.06006,0.515,48.193506,16.271311,8|31|5|16|7,0.1241|0.1024|0.0997|0.0642|0.0472,
unit_000561,Vienna,9,9,128.5,7,2.7703,0.0,0.0,0.5,48.202457,16.277474,7|8|5|31|16,0.1289|0.1084|0.0789|0.0570|0.0564,
unit_000562,Vienna,14,14,170.8,5,2.7689,0.0,0.0,0.5,48.201755,16.27582,5|31|7|8|18,0.1120|0.0965|0.0901|0.0795|0.0762,
unit_000563,Vienna,20,20,371.9,7,2.9794,0.0,0.09067,0.5227,48.201475,16.272406,7|5|18|31|12,0.1316|0.1194|0.0639|0.0606|0.0557,
unit_000566,Vienna,8,8,179.2,7,2.9127,0.0,0.0,0.5,48.199732,16.276377,7|8|5|30|18,0.0983|0.0831|0.0760|0.0683|0.0599,
unit_000567,Vienna,13,13,259.7,5,2.9414,0.0,0.0,0.5,48.202778,16.272516,5|7|8|16|30,0.1078|0.0868|0.0850|0.0634|0.0622,
unit_000568,Vienna,9,9,175.5,5,2.9735,0.0,0.0,0.5,48.201156,16.269387,5|7|8|16|11,0.1066|0.1051|0.0678|0.0662|0.0501,
unit_000569,Vienna,12,35,281.8,5,3.0969,0.00014,0.0,0.5,48.114374,16.316649,5|12|1|9|6,0.1120|0.0879|0.0867|0.0838|0.0721,
unit_000570,Vienna,14,15,288.4,5,3.048,1e-05,0.07093,0.5177,48.113387,16.320725,5|1|3|19|8,0.1283|0.0862|0.0776|0.0762|0.0627,
unit_000572,Vienna,8,8,180.3,9,2.9246,0.0,0.03485,0.5087,48.108648,16.319734,9|12|5|1|27,0.1287|0.0920|0.0756|0.0577|0.0502,
unit_000573,Vienna,6,8,128.8,9,2.9408,0.0,0.0375,0.5094,48.107029,16.319611,9|12|5|3|19,0.1319|0.1045|0.0933|0.0560|0.0521,
unit_000574,Vienna,10,11,178.5,12,2.9771,0.0,0.04014,0.51,48.105536,16.319574,12|9|3|19|5,0.1111|0.0884|0.0763|0.0749|0.0726,
unit_000575,Vienna,3,3,51.0,5,3.0424,0.0,0.0,0.5,48.112785,16.320046,5|1|3|19|8,0.1276|0.0865|0.0770|0.0764|0.0631,
unit_000577,Vienna,10,12,228.4,9,2.9323,4e-05,0.0,0.5,48.103141,16.319895,9|5|12|1|3,0.1165|0.1102|0.0840|0.0734|0.0678,
unit_000578,Vienna,6,9,130.1,1,2.9815,0.0,0.0,0.5,48.104609,16.315488,1|5|3|9|12,0.1237|0.0980|0.0736|0.0674|0.0644,
unit_000579,Vienna,5,9,103.2,19,2.843,1e-05,0.03282,0.5082,48.098982,16.315415,19|12|5|30|15,0.0888|0.0877|0.0849|0.0803|0.0784,
unit_000581,Vienna,14,14,272.5,19,2.6681,0.0,0.0,0.5,48.096408,16.317674,19|5|12|30|9,0.1158|0.1090|0.0846|0.0772|0.0450,
unit_000582,Vienna,8,15,152.9,5,3.0432,0.0,0.0,0.5,48.204015,16.220798,5|8|19|18|27,0.1420|0.0753|0.0746|0.0727|0.0651,
unit_000583,Vienna,7,7,154.4,9,2.9079,0.0,0.0,0.5,48.203843,16.222297,9|26|5|4|27,0.1261|0.1154|0.0923|0.0875|0.0544,
unit_000584,Vienna,7,7,154.4,5,3.0202,0.0,0.0,0.5,48.203411,16.225032,5|26|30|27|3,0.1213|0.0921|0.0660|0.0656|0.0580,
unit_000585,Vienna,7,7,151.8,5,3.0202,0.0,0.0,0.5,48.203512,16.225055,5|26|30|27|3,0.1213|0.0921|0.0660|0.0656|0.0580,
unit_000586,Vienna,7,7,154.8,5,2.9649,0.0,0.0,0.5,48.203797,16.229917,5|27|26|18|30,0.1348|0.0859|0.0811|0.0667|0.0592,
unit_000587,Vienna,8,8,185.2,5,2.9649,0.0,0.1381,0.5345,48.20356,16.230112,5|27|26|18|30,0.1348|0.0859|0.0811|0.0667|0.0592,
unit_000588,Vienna,14,18,285.8,5,3.0352,0.0,0.09486,0.5237,48.203379,16.231888,5|9|1|17|26,0.1333|0.0996|0.0760|0.0669|0.0610,
unit_000589,Vienna,14,19,281.8,5,3.0352,0.0,0.04121,0.5103,48.203504,16.232176,5|9|1|17|26,0.1338|0.0996|0.0759|0.0670|0.0609,
unit_000590,Vienna,8,8,181.4,5,3.0372,0.0,0.0,0.5,48.205511,16.226087,5|18|9|26|15,0.1428|0.0997|0.0898|0.0789|0.0650,
unit_000591,Vienna,16,22,356.6,26,2.9751,2e-05,0.0,0.5,48.204536,16.223464,26|9|5|27|4,0.1267|0.1186|0.0794|0.0773|0.0615,
unit_000592,Vienna,7,7,164.8,5,3.0372,0.0,0.20378,0.5508,48.205723,16.226112,5|18|9|26|15,0.1428|0.0997|0.0898|0.0789|0.0650,
unit_000593,Vienna,5,6,109.3,5,2.8987,0.0,0.05162,0.5129,48.202637,16.233144,5|19|30|15|2,0.1033|0.0929|0.0598|0.0572|0.0474,
unit_000594,Vienna,13,16,302.8,26,2.9668,4e-05,0.0,0.5,48.20432,16.222933,26|9|5|4|27,0.1223|0.1216|0.0846|0.0719|0.0683,
unit_000595,Vienna,4,4,75.7,5,2.9649,0.0,0.0,0.5,48.204294,16.230479,5|27|26|18|30,0.1348|0.0859|0.0811|0.0667|0.0592,
unit_000597,Vienna,3,3,50.0,5,3.0372,0.0,0.0,0.5,48.204705,16.22604,5|18|9|26|15,0.1428|0.0997|0.0898|0.0789|0.0650,
unit_000598,Vienna,8,8,175.2,26,3.0081,0.0,0.0,0.5,48.201456,16.249983,26|9|5|30|27,0.1136|0.1074|0.0733|0.0726|0.0608,
unit_000599,Vienna,7,7,150.2,5,3.0831,0.0,0.0,0.5,48.201078,16.247012,5|18|26|30|27,0.1012|0.0876|0.0828|0.0743|0.0722,
unit_000600,Vienna,8,8,175.2,5,2.9503,0.0,0.0,0.5,48.201005,16.240266,5|27|18|26|28,0.1176|0.1019|0.0805|0.0640|0.0609,
unit_000601,Vienna,7,14,150.2,5,3.073,0.0,0.05036,0.5126,48.201553,16.237271,5|1|27|18|9,0.1318|0.0772|0.0760|0.0710|0.0632,
unit_000603,Vienna,8,8,175.2,5,3.0017,0.0,0.06001,0.515,48.201918,16.23539,5|7|19|8|1,0.1035|0.0823|0.0733|0.0610|0.0564,
unit_000604,Vienna,5,6,100.1,5,2.915,2e-05,0.04121,0.5103,48.202772,16.233199,5|19|30|15|2,0.1060|0.0930|0.0605|0.0579|0.0473,
unit_000605,Vienna,19,26,349.1,7,2.9108,0.0001,0.0,0.5,48.143655,16.265815,7|5|8|31|16,0.1574|0.0855|0.0756|0.0523|0.0479,
unit_000607,Vienna,9,10,170.3,7,2.9021,1e-05,0.09305,0.5232,48.138758,16.267078,7|5|12|31|15,0.1462|0.0874|0.0867|0.0630|0.0482,
unit_000608,Vienna,13,13,268.6,5,2.9392,0.0,0.0,0.5,48.138222,16.274398,5|31|8|18|10,0.1080|0.0853|0.0787|0.0730|0.0620,
unit_000610,Vienna,7,7,150.2,5,2.9022,0.0,0.11573,0.5289,48.139044,16.265989,5|8|7|27|18,0.1124|0.0992|0.0876|0.0649|0.0573,
unit_000611,Vienna,17,22,268.8,31,3.0206,0.0,0.04932,0.5123,48.13193,16.281024,31|1|5|7|4,0.1061|0.0459|0.0437|0.0402|0.0386,
unit_000612,Vienna,13,17,201.6,7,2.9249,0.0,0.04932,0.5123,48.131066,16.280118,7|31|5|8|16,0.1239|0.1127|0.0931|0.0578|0.0514,
unit_000613,Vienna,10,10,182.5,7,2.8513,0.0,0.03904,0.5098,48.130805,16.286975,7|8|5|31|27,0.1428|0.0993|0.0992|0.0706|0.0499,
unit_000614,Vienna,8,8,175.5,1,2.9736,0.0,0.0,0.5,48.131574,16.303706,1|5|12|16|2,0.0938|0.0931|0.0874|0.0725|0.0577,
unit_000615,Vienna,11,11,162.6,8,2.8082,0.0,0.0,0.5,48.125895,16.317397,8|5|31|16|27,0.1130|0.1124|0.1000|0.0563|0.0469,
unit_000616,Vienna,10,10,160.0,31,2.9113,0.0,0.0,0.5,48.141763,16.291413,31|8|5|1|18,0.1298|0.0791|0.0756|0.0468|0.0454,
unit_000617,Vienna,24,49,417.0,12,2.9808,0.0,0.04176,0.5104,48.14099,16.323792,12|5|7|31|2,0.1321|0.1058|0.0889|0.0797|0.0694,
unit_000618,Vienna,7,10,152.1,5,3.0183,2e-05,0.04176,0.5104,48.141214,16.322536,5|8|7|31|16,0.0964|0.0945|0.0787|0.0656|0.0616,
unit_000619,Vienna,16,16,278.6,8,2.872,0.0,0.0,0.5,48.138615,16.318781,8|5|7|31|16,0.1233|0.1159|0.0904|0.0750|0.0551,
unit_000620,Vienna,10,10,184.8,12,2.7995,0.0,0.0,0.5,48.13991,16.317121,12|5|7|31|8,0.1222|0.1005|0.0840|0.0664|0.0451,
unit_000621,Vienna,13,13,231.9,7,3.0445,0.0,0.0,0.5,48.139648,16.321351,7|19|3|8|5,0.0834|0.0765|0.0687|0.0664|0.0657,
unit_000622,Vienna,11,11,176.5,7,2.9883,0.0,0.0,0.5,48.195649,16.257052,7|5|8|12|31,0.1297|0.0857|0.0636|0.0556|0.0550,
unit_000623,Vienna,9,9,169.1,7,3.0321,0.0,0.0,0.5,48.20082,16.257584,7|5|31|12|11,0.0887|0.0843|0.0690|0.0568|0.0556,
unit_000624,Vienna,11,11,201.2,18,3.0416,0.0,0.0,0.5,48.198037,16.26254,18|31|12|5|7,0.1119|0.0851|0.0842|0.0709|0.0687,
unit_000625,Vienna,10,10,200.6,31,2.8094,0.0,0.0,0.5,48.19848,16.260665,31|5|12|7|8,0.1151|0.0970|0.0864|0.0717|0.0587,
unit_000626,Vienna,9,9,201.8,7,2.9984,0.0,0.0,0.5,48.205249,16.255066,7|15|5|11|19,0.0795|0.0784|0.0652|0.0639|0.0624,
unit_000627,Vienna,11,11,188.4,31,2.8795,0.0,0.0,0.5,48.18971,16.333715,31|8|18|30|3,0.1752|0.0586|0.0399|0.0390|0.0371,
unit_000628,Vienna,30,33,458.2,31,2.9096,4e-05,0.0,0.5,48.186854,16.332261,31|8|18|27|30,0.1874|0.0458|0.0353|0.0337|0.0319,
unit_000629,Vienna,16,16,288.6,31,2.8206,0.0,0.0,0.5,48.188295,16.335666,31|11|8|16|4,0.1830|0.0385|0.0367|0.0342|0.0335,
unit_000630,Vienna,16,16,288.8,31,2.8103,0.0,0.0,0.5,48.221994,16.343605,31|30|1|28|3,0.1650|0.0575|0.0567|0.0391|0.0334,
unit_000631,Vienna,10,10,102.7,31,2.8928,0.0,0.12096,0.5302,48.223111,16.345935,31|12|18|4|19,0.1861|0.0516|0.0462|0.0354|0.0320,
unit_000632,Vienna,10,20,180.5,31,2.9489,0.0,0.0,0.5,48.231695,16.35276,31|1|28|11|30,0.1551|0.0577|0.0565|0.0530|0.0514,
unit_000633,Vienna,21,21,212.7,31,2.8347,0.0,0.0,0.5,48.23323,16.353915,31|8|30|22|20,0.1742|0.0554|0.0356|0.0309|0.0304,
unit_000635,Vienna,7,7,153.4,31,3.07,0.0,0.0,0.5,48.235686,16.355773,31|17|10|5|8,0.0830|0.0675|0.0654|0.0603|0.0600,
unit_000636,Vienna,12,13,232.1,5,3.0295,0.0,0.17841,0.5445,48.236943,16.363786,5|18|15|30|19,0.1057|0.0954|0.0911|0.0904|0.0743,
unit_000637,Vienna,7,9,157.5,12,3.0306,0.0,0.30187,0.5749,48.236418,16.362854,12|9|17|6|28,0.0931|0.0865|0.0827|0.0790|0.0564,
unit_000638,Vienna,5,5,105.0,9,3.0193,0.0,0.0,0.5,48.236311,16.360729,9|26|5|27|1,0.1288|0.1092|0.0675|0.0663|0.0573,
unit_000639,Vienna,13,13,258.8,12,3.0225,0.0,0.0,0.5,48.239194,16.362783,12|5|31|1|7,0.1069|0.1040|0.0859|0.0728|0.0652,
unit_000640,Vienna,6,6,128.9,9,3.0193,0.0,0.0,0.5,48.236658,16.360751,9|26|5|27|1,0.1288|0.1092|0.0675|0.0663|0.0573,
unit_000641,Vienna,10,10,154.1,31,2.8417,0.0,0.0,0.5,48.207972,16.349208,31|8|4|30|22,0.1567|0.0437|0.0394|0.0372|0.0348,
unit_000642,Vienna,8,14,175.9,9,3.0987,6e-05,0.0,0.5,48.195172,16.26371,9|31|8|17|5,0.0791|0.0782|0.0780|0.0732|0.0711,
unit_000643,Vienna,7,7,150.8,5,3.1731,0.0,0.0,0.5,48.197258,16.259312,5|27|18|31|8,0.0842|0.0776|0.0741|0.0669|0.0652,
unit_000644,Vienna,12,12,239.0,5,2.9465,0.0,0.0,0.5,48.20356,16.248441,5|31|12|7|8,0.0959|0.0943|0.0871|0.0700|0.0653,
unit_000645,Vienna,8,9,175.9,5,2.9964,1e-05,0.0,0.5,48.203427,16.243124,5|31|8|27|18,0.0996|0.0765|0.0763|0.0744|0.0688,
unit_000647,Vienna,4,16,75.8,5,3.0991,2e-05,0.04377,0.5109,48.209359,16.217481,5|8|1|31|30,0.1232|0.0845|0.0712|0.0590|0.0577,
unit_000648,Vienna,8,16,175.5,5,2.9006,0.0,0.0,0.5,48.207798,16.229222,5|31|8|27|7,0.0937|0.0805|0.0756|0.0649|0.0507,
unit_000649,Vienna,8,8,179.4,7,2.936,0.0,0.0,0.5,48.210293,16.22944,7|9|5|10|19,0.0926|0.0644|0.0605|0.0592|0.0561,
unit_000651,Vienna,7,7,160.2,7,2.7994,0.0,0.0,0.5,48.203928,16.242688,7|8|5|16|31,0.1308|0.0832|0.0795|0.0748|0.0438,
unit_000652,Vienna,23,26,406.7,7,2.9564,2e-05,0.0,0.5,48.20785,16.236156,7|5|8|18|19,0.1386|0.0988|0.0613|0.0572|0.0557,
unit_000653,Vienna,16,16,256.5,7,2.9133,0.0,0.0,0.5,48.212956,16.225921,7|5|18|12|19,0.1397|0.0805|0.0799|0.0735|0.0595,
unit_000654,Vienna,8,8,175.1,5,3.0051,0.0,0.0,0.5,48.224463,16.209394,5|12|7|1|31,0.1098|0.0802|0.0782|0.0528|0.0521,
unit_000655,Vienna,8,8,175.1,15,2.9064,0.0,0.0,0.5,48.218483,16.217152,15|5|30|17|18,0.1091|0.1022|0.0983|0.0913|0.0762,
unit_000656,Vienna,8,8,179.1,7,3.0204,0.0,0.0,0.5,48.212857,16.228251,7|5|18|8|27,0.1082|0.1058|0.0964|0.0647|0.0588,
unit_000657,Vienna,22,28,400.1,5,3.0763,5e-05,0.0,0.5,48.207322,16.293478,5|8|7|18|1,0.1029|0.0876|0.0838|0.0778|0.0556,
unit_000658,Vienna,3,3,53.5,7,2.8995,0.0,0.0,0.5,48.206601,16.290291,7|12|5|31|2,0.1045|0.0965|0.0836|0.0715|0.0506,
unit_000659,Vienna,13,14,279.1,26,3.1091,1e-05,0.10664,0.5266,48.225018,16.404021,26|9|5|1|11,0.1027|0.0884|0.0755|0.0654|0.0635,
unit_000660,Vienna,8,8,175.2,9,2.9865,0.0,0.0,0.5,48.228572,16.410332,9|26|11|3|5,0.1390|0.1070|0.0514|0.0482|0.0480,
unit_000661,Vienna,8,8,175.2,9,2.9923,0.0,0.0,0.5,48.229858,16.412712,9|26|11|5|3,0.1263|0.0790|0.0670|0.0630|0.0620,
unit_000663,Vienna,62,62,924.4,5,3.1002,0.0,0.0,0.5,48.231963,16.415375,5|1|3|12|18,0.0903|0.0885|0.0877|0.0791|0.0782,
unit_000664,Vienna,8,8,178.7,5,3.0727,0.0,0.0,0.5,48.232717,16.41806,5|18|2|31|1,0.1052|0.1012|0.0677|0.0631|0.0629,
unit_000665,Vienna,45,69,796.2,1,3.0883,1e-05,0.0,0.5,48.234462,16.420549,1|5|31|11|25,0.1191|0.0978|0.0764|0.0684|0.0632,
unit_000666,Vienna,8,8,182.5,5,3.0727,0.0,0.0,0.5,48.23286,16.417926,5|18|2|31|1,0.1052|0.1012|0.0677|0.0631|0.0629,
unit_000667,Vienna,32,45,637.7,5,3.129,7e-05,0.04381,0.5109,48.236709,16.425223,5|1|31|11|18,0.1050|0.0859|0.0746|0.0744|0.0731,
unit_000668,Vienna,57,113,1204.8,31,2.954,5e-05,0.0,0.5,48.22208,16.398025,31|5|1|10|18,0.1138|0.0811|0.0757|0.0611|0.0575,
unit_000669,Vienna,8,11,136.4,31,3.0616,2e-05,0.07637,0.5191,48.224921,16.402989,31|5|11|27|18,0.1078|0.0824|0.0664|0.0526|0.0523,
unit_000670,Vienna,13,13,238.7,31,2.9837,0.0,0.0,0.5,48.225523,16.424494,31|5|1|11|8,0.1173|0.0727|0.0681|0.0612|0.0568,
unit_000671,Vienna,11,11,128.1,31,2.8828,0.0,0.03473,0.5087,48.224556,16.423088,31|5|8|12|16,0.1407|0.0977|0.0916|0.0604|0.0514,
unit_000673,Vienna,19,19,291.1,7,3.0386,0.0,0.0,0.5,48.234521,16.425512,7|5|18|8|30,0.1213|0.1049|0.0956|0.0563|0.0554,
unit_000674,Vienna,19,20,372.0,1,2.9983,5e-05,0.26127,0.5649,48.238115,16.432895,1|5|31|8|7,0.0930|0.0912|0.0834|0.0780|0.0670,
unit_000675,Vienna,45,57,856.7,1,2.987,7e-05,0.03301,0.5082,48.24389,16.437438,1|31|5|12|11,0.1058|0.0979|0.0856|0.0679|0.0507,
unit_000676,Vienna,24,24,441.3,31,2.9663,0.0,0.0,0.5,48.246696,16.440363,31|5|1|8|12,0.1237|0.0695|0.0662|0.0658|0.0636,
unit_000677,Vienna,44,44,739.4,31,2.872,0.0,0.11824,0.5295,48.24993,16.44349,31|1|30|5|8,0.1306|0.0983|0.0639|0.0591|0.0436,
unit_000678,Vienna,11,11,220.6,5,3.0284,0.0,0.0,0.5,48.251495,16.441336,5|7|8|1|19,0.0997|0.0979|0.0935|0.0579|0.0540,
unit_000679,Vienna,28,28,452.1,5,2.9221,0.0,0.0,0.5,48.254355,16.443481,5|8|7|31|16,0.1144|0.1003|0.0862|0.0822|0.0632,
unit_000680,Vienna,38,51,759.8,5,2.9938,6e-05,0.0,0.5,48.253899,16.446505,5|1|31|12|18,0.0993|0.0967|0.0826|0.0698|0.0564,
unit_000681,Vienna,11,11,210.1,7,2.939,0.0,0.0,0.5,48.247192,16.402852,7|5|8|31|18,0.1278|0.1219|0.0739|0.0722|0.0674,
unit_000683,Vienna,5,5,109.9,31,3.0192,0.0,0.0,0.5,48.255045,16.398298,31|5|17|3|1,0.1238|0.0722|0.0611|0.0586|0.0539,
unit_000684,Vienna,17,34,313.2,31,2.901,0.0,0.0,0.5,48.255672,16.395892,31|12|4|18|25,0.1700|0.0673|0.0613|0.0455|0.0421,
unit_000685,Vienna,40,77,717.7,31,3.0385,1e-05,0.0,0.5,48.253827,16.394148,31|1|5|12|11,0.1102|0.0911|0.0891|0.0740|0.0674,
unit_000686,Vienna,8,8,175.6,5,3.0029,0.0,0.0,0.5,48.25138,16.392468,5|12|31|1|18,0.1221|0.1010|0.0834|0.0833|0.0713,
unit_000687,Vienna,9,15,158.2,9,3.051,3e-05,0.03547,0.5089,48.257211,16.385035,9|5|26|18|6,0.1603|0.1009|0.0978|0.0677|0.0656,
unit_000688,Vienna,4,8,77.2,19,2.9954,1e-05,0.04365,0.5109,48.258205,16.385934,19|26|5|27|9,0.1014|0.0897|0.0879|0.0815|0.0762,
unit_000689,Vienna,21,49,467.4,9,3.155,8e-05,0.04262,0.5106,48.257768,16.386833,9|27|26|5|18,0.1255|0.0904|0.0895|0.0790|0.0714,
unit_000690,Vienna,19,24,421.8,5,3.0702,0.0001,0.04582,0.5114,48.259053,16.383577,5|9|19|17|18,0.1071|0.0981|0.0802|0.0726|0.0721,
unit_000691,Vienna,81,142,1865.1,9,3.1444,0.0002,0.03547,0.5088,48.257284,16.385933,9|26|5|27|18,0.1279|0.0915|0.0819|0.0772|0.0651,
unit_000692,Vienna,13,13,266.3,1,2.9939,0.0,0.0,0.5,48.219149,16.393434,1|5|3|12|18,0.1165|0.0902|0.0738|0.0675|0.0571,
unit_000693,Vienna,7,7,150.3,1,2.9939,0.0,0.0,0.5,48.219644,16.39341,1|5|3|12|18,0.1165|0.0902|0.0738|0.0675|0.0571,
unit_000694,Vienna,35,76,635.2,1,3.0179,2e-05,0.15245,0.538,48.211642,16.37907,1|31|11|30|8,0.1020|0.0933|0.0808|0.0671|0.0620,
unit_000695,Vienna,7,7,160.6,31,3.037,0.0,0.0,0.5,48.212588,16.384101,31|3|5|18|27,0.0740|0.0737|0.0718|0.0693|0.0615,
unit_000696,Vienna,20,23,267.3,31,2.9187,0.0,0.05387,0.5135,48.214949,16.384139,31|11|10|27|3,0.1283|0.0632|0.0628|0.0484|0.0461,
unit_000697,Vienna,24,34,347.2,31,2.9631,7e-05,0.0,0.5,48.211081,16.386998,31|12|1|10|2,0.1141|0.0913|0.0522|0.0511|0.0441,
unit_000698,Vienna,6,6,131.3,8,2.9681,0.0,0.04948,0.5124,48.212878,16.390307,8|31|1|26|6,0.0837|0.0736|0.0665|0.0575|0.0557,
unit_000699,Vienna,16,26,251.5,31,3.0496,4e-05,0.0484,0.5121,48.212668,16.391597,31|1|8|5|22,0.1285|0.0602|0.0583|0.0582|0.0552,
unit_000700,Vienna,7,8,151.9,8,2.9741,0.0,0.03803,0.5095,48.212973,16.390371,8|31|1|26|6,0.0837|0.0774|0.0670|0.0570|0.0554,
unit_000701,Vienna,7,12,151.9,31,3.0345,1e-05,0.03803,0.5095,48.212711,16.391943,31|5|28|22|1,0.1343|0.0579|0.0564|0.0522|0.0518,
unit_000703,Vienna,56,77,1027.9,31,3.0346,9e-05,0.0867,0.5216,48.213708,16.391804,31|5|1|11|12,0.1055|0.0944|0.0906|0.0612|0.0573,
unit_000704,Vienna,38,71,642.7,31,2.9282,7e-05,0.07356,0.5184,48.214201,16.362092,31|1|28|30|11,0.1204|0.0678|0.0502|0.0490|0.0456,
unit_000705,Vienna,36,39,592.2,31,2.9016,0.0,0.08378,0.5209,48.203044,16.376216,31|1|15|4|22,0.1551|0.0421|0.0411|0.0408|0.0373,
unit_000706,Vienna,27,54,446.3,31,2.9167,0.0,0.0,0.5,48.201954,16.380253,31|5|1|15|28,0.1390|0.0512|0.0508|0.0454|0.0430,
unit_000707,Vienna,15,15,233.3,31,2.9381,0.0,0.08378,0.5209,48.202699,16.377504,31|18|3|7|28,0.1071|0.0518|0.0516|0.0495|0.0400,
unit_000708,Vienna,13,13,157.2,31,2.8794,0.0,0.0,0.5,48.19444,16.358727,31|18|12|10|8,0.1486|0.0847|0.0773|0.0585|0.0490,
unit_000709,Vienna,17,33,315.1,31,2.9507,0.0,0.0,0.5,48.200031,16.365906,31|1|5|11|10,0.1200|0.0733|0.0638|0.0557|0.0448,
unit_000710,Vienna,7,7,115.5,31,2.9222,0.0,0.0,0.5,48.195035,16.354073,31|12|5|11|1,0.1345|0.1005|0.0664|0.0508|0.0452,
unit_000711,Vienna,21,27,378.3,31,2.975,3e-05,0.0,0.5,48.196627,16.355586,31|30|11|5|27,0.1591|0.0552|0.0544|0.0525|0.0468,
unit_000712,Vienna,10,10,186.9,31,2.8324,0.0,0.0,0.5,48.19767,16.358192,31|8|5|12|10,0.1843|0.0583|0.0488|0.0443|0.0418,
unit_000713,Vienna,10,10,187.7,1,3.1516,0.0,0.0,0.5,48.197903,16.361499,1|11|31|7|5,0.0832|0.0805|0.0695|0.0627|0.0619,
unit_000714,Vienna,16,18,335.6,31,2.8958,4e-05,0.03227,0.5081,48.199824,16.373256,31|1|5|28|27,0.1266|0.0518|0.0458|0.0435|0.0432,
unit_000715,Vienna,25,25,403.4,31,2.9834,0.0,0.08401,0.521,48.215582,16.360814,31|11|4|12|30,0.1004|0.0544|0.0473|0.0469|0.0417,
unit_000716,Vienna,25,25,499.1,31,2.6592,0.0,0.0,0.5,48.215368,16.345699,31|30|28|1|4,0.1658|0.0753|0.0552|0.0485|0.0373,
unit_000717,Vienna,17,17,307.3,31,2.7928,0.0,0.0,0.5,48.217123,16.337202,31|30|28|4|17,0.1948|0.0509|0.0460|0.0442|0.0301,
unit_000718,Vienna,11,11,181.7,31,2.8462,0.0,0.0,0.5,48.217892,16.339322,31|12|5|10|8,0.1686|0.0665|0.0551|0.0425|0.0375,
unit_000720,Vienna,43,69,742.2,31,2.7768,2e-05,0.07316,0.5183,48.215177,16.341,31|30|1|28|12,0.1495|0.0756|0.0729|0.0589|0.0506,
unit_000721,Vienna,9,11,143.7,31,2.9447,0.0,0.06937,0.5173,48.216227,16.34186,31|12|1|5|18,0.1249|0.0697|0.0542|0.0536|0.0493,
unit_000722,Vienna,11,11,204.1,31,2.7816,0.0,0.0,0.5,48.216481,16.332087,31|4|12|30|22,0.1676|0.0472|0.0426|0.0422|0.0347,
unit_000723,Vienna,17,17,279.6,31,2.8103,0.0,0.0,0.5,48.216191,16.325596,31|8|1|30|5,0.1478|0.0747|0.0742|0.0476|0.0429,
unit_000724,Vienna,10,10,171.9,31,2.7565,0.0,0.0,0.5,48.216564,16.314573,31|12|4|16|19,0.1749|0.0436|0.0286|0.0255|0.0253,
unit_000725,Vienna,12,12,252.8,7,2.9874,0.0,0.0,0.5,48.21612,16.292196,7|5|31|12|8,0.1465|0.0896|0.0788|0.0756|0.0630,
unit_000726,Vienna,10,10,156.9,7,2.8513,0.0,0.14604,0.5364,48.215867,16.293866,7|12|5|16|19,0.1628|0.0793|0.0778|0.0720|0.0617,
unit_000727,Vienna,12,12,207.3,31,2.7799,0.0,0.0,0.5,48.217569,16.3093,31|30|1|8|28,0.1652|0.0543|0.0523|0.0430|0.0424,
unit_000728,Vienna,17,17,329.9,31,2.8482,0.0,0.0,0.5,48.216338,16.308875,31|8|28|5|18,0.1987|0.0371|0.0344|0.0330|0.0327,
unit_000729,Vienna,22,27,432.0,5,2.9861,2e-05,0.0,0.5,48.216965,16.285943,5|7|8|31|16,0.1077|0.1038|0.1021|0.0563|0.0561,
unit_000730,Vienna,12,12,241.4,15,2.8723,0.0,0.16552,0.5413,48.216547,16.278061,15|5|19|17|30,0.0805|0.0777|0.0731|0.0695|0.0678,
unit_000731,Vienna,17,17,342.8,31,2.9132,0.0,0.0,0.5,48.208318,16.3143,31|5|8|18|12,0.1279|0.1197|0.0785|0.0471|0.0470,
unit_000732,Vienna,13,13,263.8,31,2.9101,0.0,0.0,0.5,48.207647,16.317729,31|12|5|8|11,0.1436|0.0934|0.0841|0.0543|0.0488,
unit_000733,Vienna,7,7,153.5,12,2.8358,0.0,0.0,0.5,48.20425,16.316724,12|5|31|1|3,0.1181|0.1093|0.0813|0.0744|0.0456,
unit_000734,Vienna,14,14,243.1,8,2.9851,0.0,0.0,0.5,48.201173,16.319721,8|31|5|7|18,0.1164|0.0917|0.0886|0.0860|0.0731,
unit_000736,Vienna,8,8,175.8,12,2.8358,0.0,0.0,0.5,48.204209,16.316831,12|5|31|1|3,0.1181|0.1093|0.0813|0.0744|0.0456,
unit_000737,Vienna,21,21,323.9,7,2.9119,0.0,0.0,0.5,48.218182,16.263237,7|19|5|17|18,0.1050|0.0869|0.0563|0.0554|0.0523,
unit_000738,Vienna,8,8,175.4,19,2.8206,0.0,0.0,0.5,48.221171,16.268275,19|5|30|15|17,0.0774|0.0725|0.0725|0.0540|0.0330,
unit_000739,Vienna,10,19,225.6,15,2.8347,0.0,0.0,0.5,48.217043,16.275163,15|30|19|18|5,0.0995|0.0955|0.0951|0.0847|0.0794,
unit_000740,Vienna,6,6,77.2,15,2.8723,0.0,0.2584,0.5642,48.215626,16.277538,15|5|19|17|30,0.0805|0.0777|0.0731|0.0695|0.0678,
unit_000741,Vienna,12,13,208.9,5,2.9495,0.0,0.21196,0.5528,48.215314,16.278427,5|8|7|18|30,0.1081|0.0908|0.0754|0.0679|0.0635,
unit_000742,Vienna,11,11,209.2,5,2.9592,0.0,0.0,0.5,48.222171,16.289726,5|15|30|18|7,0.0979|0.0810|0.0785|0.0755|0.0721,
unit_000743,Vienna,8,8,175.7,5,2.9396,0.0,0.0,0.5,48.219324,16.280825,5|30|19|18|31,0.1103|0.0943|0.0815|0.0705|0.0650,
unit_000744,Vienna,10,10,160.7,8,2.944,0.0,0.08748,0.5219,48.182116,16.332609,8|5|31|10|27,0.1000|0.0976|0.0909|0.0564|0.0543,
unit_000745,Vienna,20,23,269.8,31,2.7812,0.0,0.07314,0.5183,48.182529,16.334569,31|8|5|12|10,0.1483|0.0876|0.0858|0.0497|0.0454,
unit_000746,Vienna,6,6,134.3,31,2.9182,0.0,0.05881,0.5147,48.183137,16.333691,31|5|12|10|8,0.1049|0.0913|0.0758|0.0728|0.0680,
unit_000747,Vienna,15,15,252.1,31,2.8681,0.0,0.04425,0.5111,48.183928,16.337422,31|8|5|10|12,0.1279|0.0904|0.0878|0.0635|0.0566,
unit_000748,Vienna,12,13,245.6,31,2.8557,0.0,0.04425,0.5111,48.185071,16.336722,31|12|5|8|10,0.1796|0.0610|0.0565|0.0490|0.0404,
unit_000749,Vienna,14,14,233.8,31,2.951,0.0,0.0,0.5,48.186377,16.339762,31|5|10|18|8,0.1458|0.0774|0.0683|0.0660|0.0618,
unit_000750,Vienna,13,13,150.9,31,2.8326,0.0,0.0,0.5,48.186947,16.342014,31|8|5|10|12,0.1517|0.0824|0.0665|0.0503|0.0467,
unit_000751,Vienna,14,14,243.0,5,3.0709,0.0,0.0,0.5,48.187654,16.340241,5|31|8|27|1,0.0924|0.0923|0.0651|0.0646|0.0536,
unit_000752,Vienna,15,15,259.7,31,3.0286,0.0,0.0,0.5,48.189111,16.343131,31|8|27|26|1,0.1043|0.0771|0.0665|0.0483|0.0458,
unit_000753,Vienna,21,39,304.0,31,2.9638,0.0,0.0,0.5,48.18944,16.351352,31|1|12|11|5,0.1621|0.0726|0.0714|0.0700|0.0570,
unit_000754,Vienna,9,9,176.6,31,2.8704,0.0,0.19852,0.5495,48.188019,16.345745,31|10|4|27|30,0.1622|0.0411|0.0355|0.0351|0.0348,
unit_000755,Vienna,15,16,240.1,31,2.8583,0.0,0.15904,0.5397,48.187194,16.345053,31|12|5|10|8,0.1255|0.0890|0.0876|0.0874|0.0693,
unit_000756,Vienna,11,22,177.5,31,2.9705,0.0,0.0,0.5,48.18982,16.352475,31|11|10|8|22,0.1375|0.0566|0.0524|0.0497|0.0434,
unit_000757,Vienna,11,11,126.3,31,2.7357,0.0,0.0,0.5,48.192669,16.351913,31|27|4|15|3,0.1880|0.0360|0.0327|0.0317|0.0310,
unit_000758,Vienna,12,17,152.6,31,2.7816,1e-05,0.03507,0.5088,48.190309,16.355029,31|4|19|22|17,0.1859|0.0363|0.0326|0.0300|0.0285,
unit_000759,Vienna,8,9,101.5,31,3.0167,0.0,0.03507,0.5088,48.191203,16.35444,31|1|10|8|5,0.1450|0.0593|0.0582|0.0517|0.0479,
unit_000760,Vienna,10,10,168.5,31,2.8701,0.0,0.0,0.5,48.19393,16.356989,31|18|12|22|19,0.2009|0.0552|0.0420|0.0367|0.0345,
unit_000761,Vienna,44,58,842.7,31,3.0207,6e-05,0.0,0.5,48.23726,16.385043,31|5|11|18|1,0.1477|0.0722|0.0670|0.0572|0.0546,
unit_000762,Vienna,20,20,363.7,31,2.8911,0.0,0.19055,0.5475,48.239696,16.38534,31|11|10|5|1,0.1663|0.0578|0.0541|0.0509|0.0507,
unit_000763,Vienna,14,27,272.9,31,3.0363,0.0,0.19055,0.5475,48.241039,16.383962,31|11|1|5|10,0.0797|0.0750|0.0746|0.0744|0.0616,
unit_000764,Vienna,8,11,130.0,9,2.9978,0.0,0.03359,0.5084,48.175518,16.454545,9|12|5|19|20,0.1311|0.0971|0.0938|0.0930|0.0644,
unit_000765,Vienna,7,7,150.7,9,3.0302,0.0,0.03359,0.5084,48.176586,16.45407,9|5|12|3|4,0.1427|0.0985|0.0955|0.0590|0.0513,
unit_000766,Vienna,8,8,175.9,5,2.9238,0.0,0.0,0.5,48.183695,16.447296,5|18|26|30|19,0.1169|0.1066|0.0930|0.0867|0.0727,
unit_000767,Vienna,8,8,175.9,5,3.0154,0.0,0.0,0.5,48.18515,16.437711,5|18|9|26|27,0.1246|0.0918|0.0913|0.0880|0.0761,
unit_000768,Vienna,8,8,175.9,5,3.0932,0.0,0.0,0.5,48.187994,16.427931,5|26|27|9|18,0.1150|0.0966|0.0884|0.0831|0.0824,
unit_000769,Vienna,13,16,260.0,9,3.0598,0.0,0.07535,0.5188,48.191738,16.419525,9|5|28|27|26,0.1210|0.0933|0.0727|0.0661|0.0599,
unit_000770,Vienna,19,28,415.4,9,2.9802,4e-05,0.05459,0.5136,48.173046,16.455325,9|5|12|30|15,0.1470|0.0999|0.0910|0.0648|0.0572,
unit_000771,Vienna,38,38,585.3,5,3.0906,0.0,0.1707,0.5426,48.170981,16.457033,5|3|26|19|28,0.1312|0.0927|0.0670|0.0668|0.0663,
unit_000772,Vienna,8,8,176.1,9,3.0162,0.0,0.0,0.5,48.17255,16.457618,9|5|12|3|19,0.1299|0.0961|0.0919|0.0669|0.0572,
unit_000773,Vienna,16,24,177.4,31,2.8963,2e-05,0.04301,0.5107,48.235027,16.381039,31|5|8|10|11,0.1546|0.0788|0.0745|0.0719|0.0581,
unit_000774,Vienna,29,29,487.7,1,2.8932,0.0,0.14398,0.5359,48.287515,16.383294,1|31|30|12|5,0.1087|0.1071|0.0738|0.0517|0.0475,
unit_000775,Vienna,6,8,126.6,5,2.9678,2e-05,0.13324,0.5333,48.288523,16.382496,5|12|18|19|7,0.1092|0.0887|0.0684|0.0675|0.0634,
unit_000776,Vienna,4,6,76.0,5,2.9913,0.0,0.04854,0.5121,48.289452,16.381834,5|31|8|12|16,0.1372|0.0827|0.0702|0.0646|0.0631,
unit_000777,Vienna,15,15,267.3,5,2.9566,0.0,0.0,0.5,48.257599,16.39118,5|31|12|1|7,0.0926|0.0918|0.0785|0.0753|0.0671,
unit_000778,Vienna,26,26,434.2,31,2.6091,0.0,0.0,0.5,48.258507,16.396649,31|30|1|12|4,0.1607|0.0642|0.0603|0.0445|0.0426,
unit_000779,Vienna,9,11,151.7,9,3.1193,2e-05,0.04143,0.5104,48.259855,16.392271,9|26|27|5|10,0.1389|0.0916|0.0680|0.0635|0.0628,
unit_000780,Vienna,3,3,51.2,5,2.9873,0.0,0.0,0.5,48.260484,16.393624,5|31|8|10|11,0.1100|0.0799|0.0782|0.0776|0.0749,
unit_000781,Vienna,28,28,481.9,9,3.0694,0.0,0.0,0.5,48.261773,16.394519,9|12|5|19|10,0.1191|0.1023|0.0685|0.0682|0.0573,
unit_000783,Vienna,7,7,157.8,9,3.0694,0.0,0.0,0.5,48.261702,16.394512,9|12|5|19|10,0.1191|0.1023|0.0685|0.0682|0.0573,
unit_000784,Vienna,6,7,126.0,10,3.062,1e-05,0.04143,0.5104,48.259256,16.390812,10|22|19|5|8,0.0894|0.0753|0.0720|0.0638|0.0612,
unit_000785,Vienna,8,8,189.4,7,2.8138,0.0,0.0,0.5,48.177475,16.274559,7|8|5|31|16,0.1249|0.1070|0.0925|0.0675|0.0508,
unit_000786,Vienna,9,9,162.3,7,2.9542,0.0,0.0,0.5,48.17983,16.273899,7|5|8|31|27,0.1227|0.1035|0.0954|0.0657|0.0576,
unit_000787,Vienna,10,10,181.3,5,2.8163,0.0,0.0,0.5,48.179106,16.271078,5|8|31|7|16,0.1227|0.1175|0.0934|0.0567|0.0520,
unit_000788,Vienna,18,18,345.1,12,2.9898,0.0,0.25526,0.5635,48.234585,16.362491,12|5|31|11|1,0.1066|0.1056|0.0776|0.0688|0.0653,
unit_000789,Vienna,7,8,152.7,12,3.028,0.0,0.17928,0.5447,48.236006,16.362981,12|9|17|6|28,0.0930|0.0864|0.0825|0.0790|0.0563,
unit_000791,Vienna,8,8,178.5,5,2.9201,0.0,0.0,0.5,48.194336,16.263541,5|8|31|7|16,0.1151|0.0931|0.0883|0.0629|0.0526,
unit_000792,Vienna,7,7,150.4,7,3.0217,0.0,0.07166,0.5179,48.194131,16.261437,7|18|5|12|31,0.1278|0.0806|0.0797|0.0731|0.0687,
unit_000794,Vienna,13,13,233.3,7,2.8342,0.0,0.0,0.5,48.193654,16.25809,7|12|5|31|8,0.1554|0.0929|0.0858|0.0745|0.0681,
unit_000795,Vienna,8,8,183.0,7,3.0368,0.0,0.0,0.5,48.192457,16.260665,7|5|31|8|11,0.1090|0.0842|0.0824|0.0771|0.0758,
unit_000796,Vienna,8,8,182.0,7,2.9747,0.0,0.0,0.5,48.190646,16.259203,7|5|19|31|12,0.1250|0.0810|0.0749|0.0554|0.0506,
unit_000798,Vienna,9,9,177.2,5,2.8222,0.0,0.0,0.5,48.189708,16.270044,5|7|12|31|8,0.1051|0.0936|0.0808|0.0777|0.0737,
unit_000799,Vienna,8,8,178.3,31,2.8659,0.0,0.0,0.5,48.187823,16.269489,31|8|5|16|20,0.1299|0.0752|0.0539|0.0444|0.0420,
unit_000800,Vienna,12,13,212.8,12,2.9272,1e-05,0.1006,0.5251,48.184808,16.264948,12|7|31|5|15,0.1016|0.0972|0.0897|0.0526|0.0445,
unit_000801,Vienna,8,8,158.1,8,2.9249,0.0,0.0,0.5,48.186847,16.269981,8|31|7|5|16,0.1092|0.1030|0.1021|0.0946|0.0595,
unit_000803,Vienna,8,8,177.9,17,3.0339,0.0,0.0,0.5,48.155847,16.330468,17|28|5|9|27,0.1009|0.0990|0.0926|0.0839|0.0761,
unit_000804,Vienna,8,8,177.9,5,3.0408,0.0,0.0,0.5,48.156569,16.328056,5|17|4|26|18,0.0990|0.0964|0.0822|0.0670|0.0665,
unit_000805,Vienna,8,9,177.9,5,3.0566,0.0,0.14425,0.536,48.157257,16.324927,5|8|31|18|20,0.1264|0.0903|0.0750|0.0748|0.0559,
unit_000806,Vienna,4,4,76.3,7,2.721,0.0,0.14425,0.536,48.157466,16.323569,7|5|8|16|19,0.0981|0.0971|0.0833|0.0555|0.0536,
unit_000807,Vienna,12,18,231.5,5,3.0677,3e-05,0.16058,0.5401,48.15785,16.32054,5|27|26|8|19,0.1040|0.0935|0.0910|0.0768|0.0728,
unit_000808,Vienna,9,23,202.7,9,3.0662,2e-05,0.0,0.5,48.154724,16.333584,9|5|26|6|27,0.1419|0.1199|0.0832|0.0737|0.0680,
unit_000809,Vienna,10,10,168.4,7,2.8681,0.0,0.0,0.5,48.186047,16.292947,7|8|31|5|27,0.1175|0.1117|0.0968|0.0867|0.0491,
unit_000810,Vienna,11,11,183.7,31,2.8545,0.0,0.0,0.5,48.184831,16.292253,31|8|7|5|27,0.1384|0.0750|0.0656|0.0520|0.0469,
unit_000811,Vienna,11,12,220.0,31,2.9407,0.0,0.0,0.5,48.183317,16.292856,31|7|28|1|5,0.1106|0.0743|0.0649|0.0549|0.0524,
unit_000812,Vienna,3,3,54.6,7,2.9498,0.0,0.04724,0.5118,48.180944,16.297727,7|8|31|5|18,0.1115|0.0869|0.0781|0.0779|0.0606,
unit_000813,Vienna,7,8,109.2,31,2.9416,1e-05,0.04724,0.5118,48.180687,16.298822,31|7|5|8|27,0.1198|0.0900|0.0620|0.0608|0.0487,
unit_000814,Vienna,8,8,176.6,7,2.9558,0.0,0.0,0.5,48.179785,16.292571,7|5|18|8|19,0.1412|0.0749|0.0652|0.0622|0.0536,
unit_000815,Vienna,3,3,50.1,7,2.9728,0.0,0.0,0.5,48.176885,16.289658,7|19|8|5|16,0.1297|0.0711|0.0653|0.0645|0.0554,
unit_000816,Vienna,8,8,176.0,7,2.9728,0.0,0.0,0.5,48.176546,16.289075,7|19|8|5|16,0.1297|0.0711|0.0653|0.0645|0.0554,
unit_000817,Vienna,13,13,219.3,5,2.9618,0.0,0.0,0.5,48.148263,16.298431,5|1|12|31|3,0.1086|0.0845|0.0816|0.0803|0.0670,
unit_000818,Vienna,19,19,427.4,5,3.0824,0.0,0.0,0.5,48.150469,16.29987,5|18|1|31|7,0.0854|0.0777|0.0772|0.0743|0.0653,
unit_000819,Vienna,8,8,178.6,7,2.9313,0.0,0.0,0.5,48.129729,16.295968,7|5|8|18|27,0.1318|0.0997|0.0971|0.0617|0.0483,
unit_000820,Vienna,38,49,583.1,5,3.0231,1e-05,0.14107,0.5352,48.17508,16.314014,5|12|31|1|18,0.1080|0.0971|0.0751|0.0750|0.0688,
unit_000821,Vienna,8,16,176.6,31,3.0509,0.0,0.0,0.5,48.181299,16.318219,31|9|5|12|1,0.1257|0.0715|0.0627|0.0612|0.0585,
unit_000822,Vienna,7,15,151.3,17,2.9817,0.0,0.1265,0.5316,48.176572,16.314868,17|12|5|9|31,0.1095|0.1001|0.0677|0.0654|0.0647,
unit_000824,Vienna,6,7,129.0,5,3.0849,0.0,0.03151,0.5079,48.186417,16.319175,5|18|30|31|7,0.1173|0.1043|0.0708|0.0702|0.0634,
unit_000825,Vienna,13,13,270.2,31,3.0418,0.0,0.14108,0.5352,48.189623,16.297163,31|8|5|18|30,0.1039|0.0950|0.0809|0.0533|0.0528,
unit_000826,Vienna,12,12,169.6,31,2.856,0.0,0.14108,0.5352,48.190469,16.297107,31|8|5|16|30,0.1693|0.0779|0.0519|0.0373|0.0300,
unit_000827,Vienna,10,10,181.6,12,2.9928,0.0,0.10375,0.5259,48.159528,16.318422,12|5|1|19|20,0.1300|0.0963|0.0710|0.0614|0.0603,
unit_000828,Vienna,5,12,104.1,17,3.0771,1e-05,0.12735,0.5318,48.158338,16.319218,17|24|5|9|6,0.1178|0.1074|0.1036|0.0984|0.0856,
unit_000830,Vienna,7,7,153.3,12,2.9928,0.0,0.23254,0.5579,48.159533,16.318278,12|5|1|19|20,0.1300|0.0963|0.0710|0.0614|0.0603,
unit_000831,Vienna,10,10,182.5,8,3.0916,0.0,0.17118,0.5427,48.170939,16.313589,8|27|26|1|6,0.0952|0.0920|0.0665|0.0664|0.0632,
unit_000832,Vienna,9,9,177.2,8,3.0464,0.0,0.0,0.5,48.171282,16.316519,8|5|27|18|10,0.1050|0.0789|0.0708|0.0652|0.0620,
unit_000833,Vienna,9,10,166.1,12,3.0125,0.0,0.05502,0.5138,48.166476,16.31624,12|31|5|1|10,0.0958|0.0916|0.0882|0.0721|0.0618,
unit_000834,Vienna,7,7,156.3,12,3.0121,0.0,0.03817,0.5095,48.166594,16.316347,12|31|5|1|10,0.0958|0.0906|0.0882|0.0711|0.0612,
unit_000836,Vienna,8,8,125.7,31,2.8215,0.0,0.0,0.5,48.194169,16.306325,31|12|7|19|16,0.1517|0.0652|0.0612|0.0458|0.0429,
unit_000837,Vienna,27,54,563.9,1,2.8672,0.0,0.1195,0.5298,48.198643,16.305895,1|31|28|30|8,0.1009|0.0986|0.0935|0.0734|0.0701,
unit_000838,Vienna,10,10,185.8,31,3.0007,0.0,0.0,0.5,48.197039,16.300023,31|8|5|1|27,0.1512|0.0865|0.0576|0.0536|0.0515,
unit_000839,Vienna,11,11,180.7,31,2.9908,0.0,0.0,0.5,48.196791,16.323434,31|8|5|16|27,0.1250|0.0744|0.0676|0.0385|0.0369,
unit_000840,Vienna,9,9,162.7,7,2.9234,0.0,0.0,0.5,48.18676,16.264163,7|8|5|16|19,0.1421|0.0818|0.0754|0.0656|0.0565,
unit_000841,Vienna,6,6,125.4,5,2.9503,0.0,0.0,0.5,48.200609,16.240029,5|27|18|26|28,0.1176|0.1019|0.0805|0.0640|0.0609,
unit_000842,Vienna,21,21,397.7,31,2.9619,0.0,0.0,0.5,48.198118,16.301043,31|8|5|18|16,0.1305|0.0867|0.0658|0.0622|0.0512,
unit_000843,Vienna,21,25,340.7,31,2.7473,3e-05,0.0,0.5,48.199005,16.310185,31|30|8|1|28,0.1382|0.0708|0.0467|0.0424|0.0392,
unit_000844,Vienna,15,15,305.7,31,2.8505,0.0,0.0,0.5,48.197914,16.315151,31|12|8|5|11,0.1811|0.0559|0.0426|0.0411|0.0310,
unit_000845,Vienna,8,8,176.5,8,2.9998,0.0,0.0,0.5,48.192295,16.294241,8|5|31|27|16,0.1052|0.0909|0.0873|0.0766|0.0628,
unit_000846,Vienna,7,7,161.6,31,2.8496,0.0,0.0,0.5,48.191302,16.291879,31|8|5|16|7,0.1350|0.1108|0.0908|0.0574|0.0408,
unit_000847,Vienna,6,6,133.3,8,2.968,0.0,0.0,0.5,48.190691,16.291377,8|31|5|1|11,0.1079|0.0874|0.0813|0.0674|0.0530,
unit_000848,Vienna,7,7,159.8,8,2.968,0.0,0.0,0.5,48.190228,16.291293,8|31|5|1|11,0.1079|0.0874|0.0813|0.0674|0.0530,
unit_000849,Vienna,7,7,154.1,7,2.9394,0.0,0.0,0.5,48.20063,16.296792,7|8|5|16|19,0.1254|0.0984|0.0858|0.0544|0.0491,
unit_000850,Vienna,18,18,261.9,8,3.0493,0.0,0.0,0.5,48.202705,16.295488,8|5|7|31|20,0.1054|0.0959|0.0798|0.0548|0.0541,
unit_000852,Vienna,4,4,85.8,8,2.9558,0.0,0.0,0.5,48.203827,16.299002,8|5|31|16|10,0.1125|0.0994|0.0737|0.0550|0.0501,
unit_000853,Vienna,8,8,134.0,7,2.8706,0.0,0.0,0.5,48.206615,16.300766,7|8|5|16|31,0.1379|0.0951|0.0949|0.0620|0.0487,
unit_000855,Vienna,9,9,157.1,7,2.8502,0.0,0.0,0.5,48.207034,16.302526,7|8|5|16|18,0.1521|0.0867|0.0825|0.0667|0.0503,
unit_000856,Vienna,3,3,66.5,5,3.0576,0.0,0.0,0.5,48.208144,16.30349,5|1|18|31|8,0.0955|0.0942|0.0866|0.0702|0.0583,
unit_000857,Vienna,11,11,208.8,7,2.9051,0.0,0.0,0.5,48.203442,16.293226,7|12|5|19|31,0.1113|0.1042|0.0835|0.0720|0.0653,
unit_000859,Vienna,9,9,170.3,7,2.9655,0.0,0.0,0.5,48.204726,16.2701,7|5|8|16|28,0.1342|0.0923|0.0910|0.0771|0.0611,
unit_000860,Vienna,8,8,177.2,8,2.7458,0.0,0.0,0.5,48.204539,16.274538,8|5|31|16|7,0.1151|0.1108|0.0851|0.0597|0.0581,
unit_000863,Vienna,5,9,106.0,5,2.984,1e-05,0.0,0.5,48.206509,16.282664,5|31|18|30|7,0.1019|0.0857|0.0747|0.0604|0.0601,
unit_000864,Vienna,8,8,182.9,5,2.9528,0.0,0.06161,0.5154,48.209572,16.288471,5|8|31|7|18,0.1120|0.0841|0.0609|0.0607|0.0570,
unit_000865,Vienna,8,8,175.7,5,3.014,0.0,0.0,0.5,48.214635,16.283288,5|7|8|18|16,0.1053|0.0955|0.0750|0.0747|0.0569,
unit_000866,Vienna,13,25,264.1,5,3.0306,1e-05,0.0,0.5,48.203767,16.260959,5|7|8|31|18,0.1114|0.0950|0.0872|0.0851|0.0718,
unit_000867,Vienna,9,9,201.6,15,2.952,0.0,0.0,0.5,48.20795,16.265203,15|7|12|11|27,0.0878|0.0734|0.0693|0.0643|0.0587,
unit_000868,Vienna,13,13,173.8,31,2.862,0.0,0.0,0.5,48.194161,16.316055,31|12|5|10|8,0.1855|0.0706|0.0480|0.0450|0.0416,
unit_000869,Vienna,17,17,266.8,31,2.8984,0.0,0.0,0.5,48.19893,16.319075,31|12|1|5|11,0.1425|0.0878|0.0817|0.0602|0.0430,
unit_000870,Vienna,21,21,245.2,31,2.7543,0.0,0.0,0.5,48.199128,16.317915,31|12|22|5|4,0.1809|0.0606|0.0310|0.0296|0.0293,
unit_000871,Vienna,10,10,175.7,7,2.9076,0.0,0.0,0.5,48.211126,16.26269,7|5|30|16|27,0.0833|0.0746|0.0610|0.0583|0.0564,
unit_000872,Vienna,12,12,143.1,31,2.8522,0.0,0.1195,0.5298,48.198433,16.307406,31|8|27|22|5,0.1601|0.0706|0.0395|0.0375|0.0357,
unit_000873,Vienna,28,28,381.0,9,3.0705,0.0,0.0,0.5,48.305093,16.329717,9|12|7|28|18,0.1336|0.0922|0.0707|0.0550|0.0538,
unit_000874,Vienna,22,51,410.4,5,3.0548,2e-05,0.05996,0.515,48.299904,16.332613,5|1|12|31|7,0.1107|0.1016|0.0809|0.0802|0.0713,
unit_000875,Vienna,3,3,50.5,5,2.9892,0.0,0.0,0.5,48.302443,16.33138,5|19|16|8|7,0.0917|0.0823|0.0648|0.0496|0.0475,
unit_000876,Vienna,5,8,66.1,7,3.0484,3e-05,0.05996,0.515,48.298839,16.33315,7|5|16|31|10,0.0951|0.0785|0.0725|0.0717|0.0662,
unit_000877,Vienna,41,46,627.3,5,3.0253,0.0,0.07673,0.5192,48.296679,16.334735,5|31|1|12|18,0.1077|0.0988|0.0813|0.0808|0.0771,
unit_000878,Vienna,12,12,234.7,7,3.044,0.0,0.05449,0.5136,48.291611,16.337859,7|5|1|12|18,0.1164|0.0997|0.0943|0.0810|0.0646,
unit_000879,Vienna,25,36,498.8,7,3.0945,6e-05,0.04501,0.5112,48.293253,16.336911,7|1|9|12|19,0.1200|0.0812|0.0791|0.0775|0.0753,
unit_000880,Vienna,4,5,78.3,7,3.103,3e-05,0.03145,0.5079,48.295731,16.335516,7|5|1|18|3,0.1077|0.0818|0.0726|0.0721|0.0716,
unit_000881,Vienna,16,22,234.2,9,3.0816,1e-05,0.10403,0.526,48.295189,16.336715,9|7|12|3|10,0.1119|0.0933|0.0920|0.0683|0.0658,
unit_000882,Vienna,28,56,517.9,5,3.0797,0.0,0.0,0.5,48.284378,16.346244,5|1|31|17|12,0.1185|0.1026|0.0765|0.0707|0.0693,
unit_000884,Vienna,8,8,176.1,17,3.0339,0.0,0.0,0.5,48.279756,16.351569,17|9|19|5|7,0.1031|0.0816|0.0652|0.0646|0.0643,
unit_000885,Vienna,7,7,153.2,9,3.0557,0.0,0.0,0.5,48.2657,16.365388,9|12|6|5|17,0.0989|0.0673|0.0653|0.0640|0.0625,
unit_000886,Vienna,8,15,178.7,1,3.0175,0.0,0.0,0.5,48.267475,16.363753,1|5|17|12|31,0.0898|0.0866|0.0806|0.0777|0.0706,
unit_000887,Vienna,7,7,159.0,9,3.0557,0.0,0.0,0.5,48.265481,16.365268,9|12|6|5|17,0.0989|0.0673|0.0653|0.0640|0.0625,
unit_000888,Vienna,18,33,321.3,31,2.9716,0.0,0.11854,0.5296,48.254589,16.366937,31|5|8|1|10,0.1137|0.1007|0.0958|0.0643|0.0611,
unit_000889,Vienna,41,64,734.1,31,2.9498,7e-05,0.11854,0.5296,48.254277,16.365024,31|1|30|28|11,0.1323|0.0865|0.0725|0.0556|0.0501,
unit_000890,Vienna,8,8,131.1,31,2.7883,0.0,0.0576,0.5144,48.252796,16.366036,31|5|12|8|10,0.1286|0.0997|0.0989|0.0808|0.0704,
unit_000891,Vienna,8,8,176.2,5,3.0214,0.0,0.0,0.5,48.285192,16.370234,5|18|1|3|16,0.1076|0.0755|0.0723|0.0629|0.0628,
unit_000892,Vienna,12,12,245.5,5,2.9116,0.0,0.0,0.5,48.284188,16.375306,5|1|12|31|3,0.0983|0.0789|0.0726|0.0677|0.0575,
unit_000894,Vienna,9,9,152.4,7,2.8888,0.0,0.0,0.5,48.211284,16.296482,7|12|19|5|16,0.1668|0.0872|0.0678|0.0670|0.0539,
unit_000895,Vienna,8,8,175.4,7,3.0937,0.0,0.0,0.5,48.212371,16.299737,7|5|11|3|18,0.0800|0.0754|0.0656|0.0649|0.0598,
unit_000896,Vienna,6,6,126.3,7,3.0373,0.0,0.0,0.5,48.211439,16.290159,7|19|8|5|16,0.1270|0.0699|0.0561|0.0537|0.0529,
unit_000897,Vienna,8,8,179.4,31,2.9045,0.0,0.0,0.5,48.20075,16.306541,31|8|5|27|11,0.1087|0.0944|0.0514|0.0478|0.0393,
unit_000898,Vienna,34,40,528.9,31,2.7267,0.0,0.12655,0.5316,48.201886,16.308126,31|1|28|12|30,0.1347|0.0587|0.0443|0.0397|0.0341,
unit_000899,Vienna,8,8,137.6,31,2.8372,0.0,0.12655,0.5316,48.20306,16.307757,31|12|10|8|5,0.1242|0.0895|0.0650|0.0579|0.0550,
unit_000900,Vienna,17,17,318.6,31,2.9016,0.0,0.0,0.5,48.205759,16.30864,31|1|12|10|5,0.1129|0.0975|0.0698|0.0606|0.0586,
unit_000901,Vienna,8,8,137.5,12,3.0297,0.0,0.0,0.5,48.204929,16.306006,12|5|31|10|11,0.0749|0.0742|0.0697|0.0660|0.0601,
unit_000902,Vienna,4,8,76.6,5,3.0506,0.0,0.0,0.5,48.207555,16.310439,5|1|26|27|8,0.0969|0.0912|0.0821|0.0719|0.0694,
unit_000903,Vienna,52,123,868.0,31,3.0053,0.00011,0.03829,0.5095,48.299429,16.421751,31|5|12|7|1,0.1079|0.1033|0.0904|0.0592|0.0577,
unit_000904,Vienna,19,19,310.7,31,2.8944,0.0,0.0,0.5,48.297394,16.422483,31|5|7|12|8,0.1072|0.0922|0.0778|0.0736|0.0718,
unit_000905,Vienna,11,12,217.7,8,3.0041,0.0,0.03417,0.5085,48.280121,16.412216,8|5|1|31|18,0.1057|0.0958|0.0722|0.0627|0.0511,
unit_000907,Vienna,11,11,177.9,31,2.8023,0.0,0.12548,0.5313,48.279895,16.410572,31|1|12|30|11,0.1325|0.0804|0.0637|0.0547|0.0477,
unit_000909,Vienna,27,27,481.3,1,3.0239,0.0,0.0,0.5,48.282134,16.412066,1|5|31|18|12,0.1259|0.0963|0.0802|0.0761|0.0680,
unit_000910,Vienna,6,6,129.3,31,2.8023,0.0,0.12548,0.5313,48.279544,16.410599,31|1|12|30|11,0.1325|0.0804|0.0637|0.0547|0.0477,
unit_000911,Vienna,11,11,207.2,8,2.9046,0.0,0.0,0.5,48.296731,16.427629,8|5|7|31|27,0.1077|0.0932|0.0831|0.0582|0.0521,
unit_000912,Vienna,13,13,213.8,7,2.9991,0.0,0.0,0.5,48.296041,16.430837,7|19|12|5|16,0.1141|0.1025|0.0841|0.0830|0.0579,
unit_000913,Vienna,9,9,162.1,12,2.8358,0.0,0.0,0.5,48.204233,16.316588,12|5|31|1|3,0.1181|0.1093|0.0813|0.0744|0.0456,
unit_000914,Vienna,13,13,199.2,12,2.8052,0.0,0.0,0.5,48.205008,16.313604,12|7|31|5|18,0.1033|0.0955|0.0952|0.0863|0.0457,
unit_000915,Vienna,23,23,334.5,31,2.8991,0.0,0.08758,0.5219,48.201406,16.312375,31|5|8|10|18,0.1454|0.0710|0.0638|0.0602|0.0581,
unit_000916,Vienna,10,10,157.7,31,2.9119,0.0,0.08758,0.5219,48.20213,16.310814,31|18|8|5|16,0.1896|0.0615|0.0402|0.0372|0.0366,
unit_000917,Vienna,14,14,169.6,31,2.9468,0.0,0.0,0.5,48.202037,16.316101,31|5|8|3|18,0.1525|0.0585|0.0545|0.0468|0.0444,
unit_000918,Vienna,8,8,143.4,31,2.8029,0.0,0.0,0.5,48.203045,16.314688,31|5|7|8|16,0.1216|0.0910|0.0730|0.0614|0.0546,
unit_000919,Vienna,19,19,296.6,31,3.0,0.0,0.0,0.5,48.200372,16.31401,31|8|18|5|1,0.1614|0.0631|0.0617|0.0490|0.0420,
unit_000921,Vienna,22,36,407.9,31,2.8626,2e-05,0.0,0.5,48.198888,16.320971,31|30|8|1|28,0.1238|0.0790|0.0675|0.0622|0.0473,
unit_000922,Vienna,34,34,818.6,31,2.9618,0.0,0.0,0.5,48.200326,16.316183,31|5|18|15|30,0.1492|0.0792|0.0586|0.0470|0.0460,
unit_000923,Vienna,13,13,269.2,5,3.0971,0.0,0.0,0.5,48.150232,16.317238,5|3|12|1|10,0.0980|0.0825|0.0786|0.0775|0.0582,
unit_000924,Vienna,13,16,307.3,5,3.1038,5e-05,0.0,0.5,48.150574,16.314729,5|18|8|1|15,0.1154|0.0820|0.0662|0.0655|0.0643,
unit_000925,Vienna,31,34,539.7,5,3.0403,0.0,0.1274,0.5318,48.152584,16.328395,5|7|8|1|20,0.1034|0.0874|0.0803|0.0744|0.0516,
unit_000926,Vienna,13,13,187.9,7,2.8627,0.0,0.0,0.5,48.151149,16.328534,7|5|8|16|19,0.1300|0.1164|0.0944|0.0519|0.0508,
unit_000927,Vienna,8,13,183.7,5,2.9719,0.0,0.19682,0.549,48.098607,16.321195,5|9|19|30|12,0.1278|0.0963|0.0835|0.0828|0.0704,
unit_000929,Vienna,8,13,177.8,24,2.8553,8e-05,0.09337,0.5233,48.099054,16.321788,24|17|6|9|26,0.1047|0.0916|0.0790|0.0776|0.0763,
unit_000931,Vienna,7,7,153.1,12,2.8341,0.0,0.0,0.5,48.094363,16.314271,12|5|19|7|1,0.1174|0.0980|0.0871|0.0639|0.0627,
unit_000932,Vienna,35,63,636.8,1,3.024,3e-05,0.0,0.5,48.104612,16.31488,1|5|3|9|19,0.1075|0.1044|0.0744|0.0622|0.0609,
unit_000934,Vienna,10,17,181.0,31,3.0413,4e-05,0.15536,0.5388,48.188021,16.301958,31|5|8|27|7,0.1103|0.0826|0.0747|0.0668|0.0617,
unit_000937,Vienna,10,20,178.4,31,3.0203,0.0,0.0,0.5,48.208367,16.428712,31|1|5|18|19,0.0967|0.0921|0.0881|0.0686|0.0560,
unit_000939,Vienna,23,45,415.5,5,3.0746,9e-05,0.07908,0.5197,48.08227,16.313767,5|1|31|7|16,0.1196|0.0774|0.0759|0.0626|0.0582,
unit_000940,Vienna,39,41,680.5,5,2.8653,4e-05,0.0,0.5,48.080821,16.311755,5|8|31|7|12,0.1129|0.0828|0.0824|0.0695|0.0600,
unit_000943,Vienna,12,12,211.7,5,2.8942,0.0,0.0,0.5,48.08214,16.304124,5|31|8|7|16,0.1055|0.1007|0.0793|0.0497|0.0496,
unit_000944,Vienna,9,9,166.6,12,2.941,0.0,0.0,0.5,48.084655,16.304046,12|7|5|31|2,0.1059|0.0822|0.0816|0.0702|0.0567,
unit_000945,Vienna,11,11,166.1,31,2.9564,0.0,0.0,0.5,48.087036,16.304868,31|5|7|8|16,0.1074|0.0913|0.0814|0.0812|0.0506,
unit_000946,Vienna,12,12,214.8,7,3.0085,0.0,0.0,0.5,48.088442,16.304492,7|5|31|8|16,0.1125|0.1049|0.0805|0.0690|0.0548,
unit_000947,Vienna,19,24,333.7,5,2.9604,0.0,0.08878,0.5222,48.091605,16.310488,5|12|18|31|11,0.1262|0.1035|0.0683|0.0639|0.0613,
unit_000948,Vienna,10,15,179.2,5,2.9863,2e-05,0.05544,0.5139,48.09093,16.311097,5|18|11|31|16,0.1414|0.0946|0.0864|0.0758|0.0620,
unit_000949,Vienna,11,22,214.4,5,2.8404,0.0,0.11686,0.5292,48.09668,16.310468,5|12|19|15|2,0.1172|0.1062|0.0742|0.0710|0.0564,
unit_000950,Vienna,19,21,335.4,5,2.9364,0.0,0.09722,0.5243,48.09517,16.309779,5|1|12|3|16,0.1237|0.0807|0.0646|0.0623|0.0613,
unit_000951,Vienna,20,20,379.2,5,2.9694,0.0,0.0,0.5,48.104718,16.309908,5|19|18|30|27,0.1367|0.0870|0.0675|0.0560|0.0465,
unit_000952,Vienna,45,85,648.7,5,3.0139,1e-05,0.0,0.5,48.109336,16.305874,5|19|12|1|16,0.1312|0.0859|0.0853|0.0772|0.0721,
unit_000953,Vienna,40,50,803.1,5,3.0974,3e-05,0.0,0.5,48.112944,16.303789,5|3|1|18|12,0.1285|0.0888|0.0814|0.0776|0.0659,
unit_000954,Vienna,6,6,137.3,5,3.038,0.0,0.03443,0.5086,48.120568,16.294078,5|12|1|19|3,0.1293|0.0866|0.0757|0.0667|0.0643,
unit_000955,Vienna,10,15,164.9,31,2.9832,1e-05,0.03617,0.509,48.146547,16.296365,31|5|18|12|7,0.1386|0.0683|0.0549|0.0525|0.0496,
unit_000956,Vienna,14,14,188.8,31,2.9467,0.0,0.0,0.5,48.147581,16.293783,31|5|8|7|1,0.1206|0.0637|0.0537|0.0492|0.0488,
unit_000957,Vienna,16,16,247.1,7,3.0103,0.0,0.0,0.5,48.161427,16.291456,7|1|5|12|31,0.0975|0.0953|0.0860|0.0828|0.0684,
unit_000959,Vienna,7,7,159.1,31,2.8606,0.0,0.0,0.5,48.174891,16.285691,31|8|5|7|16,0.1349|0.0771|0.0741|0.0574|0.0437,
unit_000960,Vienna,14,14,209.3,12,2.9375,0.0,0.0,0.5,48.077347,16.311063,12|5|1|3|10,0.1072|0.0972|0.0807|0.0694|0.0610,
unit_000962,Vienna,6,6,125.6,12,2.9394,0.0,0.25668,0.5638,48.186502,16.281828,12|31|7|5|30,0.1040|0.0967|0.0764|0.0713|0.0498,
unit_000963,Vienna,5,5,107.6,31,2.884,0.0,0.03722,0.5093,48.188602,16.284843,31|8|18|16|19,0.1712|0.0588|0.0442|0.0374|0.0365,
unit_000964,Vienna,10,10,166.9,31,2.8419,0.0,0.0,0.5,48.200261,16.32384,31|8|5|16|20,0.1737|0.0871|0.0508|0.0404|0.0380,
unit_000965,Vienna,8,8,130.6,31,2.7997,0.0,0.0,0.5,48.198494,16.32285,31|12|8|1|5,0.1622|0.0655|0.0373|0.0358|0.0356,
unit_000966,Vienna,7,7,96.3,31,2.8548,0.0,0.0,0.5,48.202422,16.325722,31|8|5|16|20,0.1204|0.1027|0.0782|0.0418|0.0410,
unit_000967,Vienna,8,8,149.7,31,2.9177,0.0,0.0,0.5,48.208232,16.332612,31|12|11|10|28,0.1439|0.0545|0.0493|0.0344|0.0327,
unit_000969,Vienna,12,12,177.4,31,2.981,0.0,0.0,0.5,48.20587,16.334608,31|12|5|2|18,0.1121|0.0968|0.0666|0.0615|0.0504,
unit_000971,Vienna,7,10,102.5,31,3.0069,0.0,0.09433,0.5236,48.197874,16.335598,31|18|12|11|10,0.1329|0.0725|0.0564|0.0455|0.0379,
unit_000972,Vienna,16,16,335.2,31,2.7929,0.0,0.0795,0.5199,48.206255,16.327747,31|30|28|1|12,0.1832|0.0617|0.0458|0.0381|0.0322,
unit_000973,Vienna,10,10,174.9,31,2.8102,0.0,0.0,0.5,48.205622,16.33069,31|12|4|6|19,0.1957|0.0602|0.0352|0.0298|0.0289,
unit_000974,Vienna,13,13,169.2,31,2.7592,0.0,0.0,0.5,48.208328,16.335717,31|8|27|16|20,0.1657|0.0531|0.0423|0.0391|0.0300,
unit_000975,Vienna,13,13,175.4,31,2.7624,0.0,0.13784,0.5344,48.204754,16.351494,31|12|27|3|4,0.1631|0.0649|0.0329|0.0328|0.0282,
unit_000976,Vienna,12,12,178.5,31,2.919,0.0,0.0,0.5,48.200541,16.37949,31|11|3|10|27,0.1520|0.0476|0.0444|0.0432|0.0424,
unit_000977,Vienna,9,9,162.8,31,2.8801,0.0,0.08523,0.5213,48.199979,16.377479,31|8|5|11|1,0.1504|0.0581|0.0516|0.0501|0.0483,
unit_000978,Vienna,16,22,305.1,31,2.8743,2e-05,0.0,0.5,48.204317,16.343139,31|8|27|30|25,0.1513|0.0622|0.0464|0.0420|0.0366,
unit_000979,Vienna,16,29,225.7,31,2.5294,0.0,0.0,0.5,48.207621,16.34286,31|30|1|8|28,0.1365|0.0548|0.0458|0.0417|0.0313,
unit_000980,Vienna,8,12,103.8,31,2.8431,0.0,0.10526,0.5263,48.207152,16.339373,31|8|16|27|28,0.1856|0.0505|0.0361|0.0344|0.0327,
unit_000982,Vienna,8,8,121.4,31,2.8748,0.0,0.10526,0.5263,48.206222,16.339686,31|12|10|30|1,0.1544|0.0655|0.0495|0.0448|0.0373,
unit_000983,Vienna,20,36,350.9,31,2.717,0.0,0.16531,0.5412,48.201822,16.345191,31|30|28|1|4,0.1649|0.0642|0.0530|0.0497|0.0410,
unit_000984,Vienna,21,21,305.3,31,2.9442,0.0,0.0,0.5,48.218236,16.411803,31|5|8|10|11,0.1118|0.0936|0.0829|0.0674|0.0588,
unit_000985,Vienna,10,10,190.8,31,2.9689,0.0,0.0,0.5,48.216884,16.411311,31|5|8|12|10,0.1149|0.0789|0.0634|0.0568|0.0475,
unit_000986,Vienna,12,12,204.9,1,2.8987,0.0,0.0,0.5,48.217952,16.406581,1|5|31|8|27,0.0872|0.0859|0.0757|0.0748|0.0480,
unit_000987,Vienna,8,8,178.1,5,2.9897,0.0,0.0,0.5,48.212108,16.418943,5|31|18|11|3,0.1268|0.0788|0.0625|0.0609|0.0561,
unit_000988,Vienna,23,23,433.7,5,2.9527,0.0,0.0,0.5,48.211331,16.421737,5|1|11|31|18,0.1076|0.0905|0.0842|0.0822|0.0646,
unit_000989,Vienna,12,12,235.8,5,3.0759,0.0,0.0,0.5,48.209247,16.419627,5|3|11|1|31,0.0862|0.0707|0.0670|0.0625|0.0519,
unit_000990,Vienna,13,13,248.7,31,2.9366,0.0,0.16521,0.5412,48.214931,16.414512,31|5|8|1|11,0.1153|0.0992|0.0735|0.0583|0.0536,
unit_000991,Vienna,21,21,454.3,5,3.0093,0.0,0.0,0.5,48.217987,16.396755,5|8|31|28|18,0.0956|0.0804|0.0791|0.0758|0.0604,
unit_000993,Vienna,7,14,158.7,1,3.0906,0.0,0.0,0.5,48.207137,16.430443,1|5|9|6|28,0.1120|0.0921|0.0811|0.0722|0.0708,
unit_000994,Vienna,10,10,189.1,31,2.878,0.0,0.0,0.5,48.196994,16.345494,31|10|4|25|30,0.1127|0.0581|0.0454|0.0403|0.0400,
unit_000995,Vienna,25,25,474.8,31,3.0543,0.0,0.05616,0.514,48.181821,16.360937,31|1|5|8|11,0.0861|0.0767|0.0754|0.0653|0.0592,
unit_000996,Vienna,14,14,215.1,31,2.8448,0.0,0.0,0.5,48.185097,16.365145,31|3|8|15|28,0.1979|0.0327|0.0309|0.0308|0.0306,
unit_000997,Vienna,37,59,606.2,31,2.8173,2e-05,0.07462,0.5186,48.187027,16.363834,31|1|12|11|5,0.1723|0.0661|0.0600|0.0420|0.0413,
unit_000998,Vienna,11,11,143.8,31,2.8717,0.0,0.0,0.5,48.185122,16.360977,31|18|8|11|10,0.1999|0.0489|0.0445|0.0368|0.0348,
unit_000999,Vienna,53,86,858.9,5,3.07,3e-05,0.05245,0.5131,48.180357,16.34914,5|1|31|11|12,0.1095|0.1071|0.0922|0.0817|0.0523,
unit_001000,Vienna,4,4,79.2,31,2.983,0.0,0.0,0.5,48.184359,16.345061,31|5|11|1|30,0.1003|0.0753|0.0627|0.0611|0.0577,
unit_001001,Vienna,129,197,2556.0,31,3.0383,5e-05,0.12265,0.5306,48.18575,16.372622,31|1|5|11|27,0.0933|0.0924|0.0820|0.0644|0.0499,
unit_001002,Vienna,10,10,103.9,31,2.766,0.0,0.04923,0.5123,48.187749,16.373263,31|12|30|5|4,0.1570|0.0619|0.0573|0.0531|0.0489,
unit_001003,Vienna,13,24,177.7,31,2.9656,1e-05,0.04792,0.512,48.186895,16.373235,31|5|8|11|10,0.1299|0.0864|0.0701|0.0667|0.0568,
unit_001004,Vienna,6,10,85.7,31,2.9594,2e-05,0.04081,0.5102,48.187126,16.373779,31|5|8|11|12,0.1414|0.0840|0.0666|0.0617|0.0563,
unit_001005,Vienna,10,10,153.4,31,2.8499,0.0,0.0,0.5,48.188536,16.376767,31|8|30|27|16,0.1617|0.0409|0.0390|0.0375|0.0336,
unit_001006,Vienna,10,10,166.1,31,2.9178,0.0,0.0,0.5,48.189508,16.375871,31|8|10|5|18,0.1664|0.0640|0.0530|0.0526|0.0502,
unit_001007,Vienna,12,17,212.8,31,2.9286,0.0,0.06535,0.5163,48.188736,16.37876,31|10|8|5|27,0.1490|0.0546|0.0531|0.0395|0.0345,
unit_001008,Vienna,32,32,483.6,24,2.8245,0.0,0.24318,0.5605,48.184723,16.373787,24|17|6|9|31,0.0891|0.0767|0.0716|0.0621|0.0578,
unit_001009,Vienna,18,35,346.5,31,2.9475,0.0,0.0,0.5,48.177838,16.380427,31|1|5|8|11,0.1274|0.0946|0.0789|0.0722|0.0577,
unit_001010,Vienna,37,37,553.0,31,2.9291,0.0,0.0847,0.5212,48.179778,16.373754,31|1|8|12|30,0.1510|0.0611|0.0519|0.0504|0.0500,
unit_001011,Vienna,12,12,217.4,31,2.9604,0.0,0.0,0.5,48.1782,16.375008,31|12|18|4|22,0.1530|0.0500|0.0453|0.0363|0.0329,
unit_001012,Vienna,12,12,159.3,31,2.8934,0.0,0.0,0.5,48.174464,16.374691,31|12|18|10|5,0.1676|0.0800|0.0508|0.0342|0.0325,
unit_001013,Vienna,9,9,111.6,31,2.9165,0.0,0.0,0.5,48.178522,16.378421,31|8|5|16|18,0.1193|0.1118|0.0753|0.0525|0.0509,
unit_001014,Vienna,22,22,299.0,31,2.7959,0.0,0.0,0.5,48.192143,16.359986,31|4|30|22|28,0.1834|0.0494|0.0458|0.0448|0.0342,
unit_001015,Vienna,9,9,112.7,31,2.8243,0.0,0.0,0.5,48.207537,16.367471,31|27|4|3|30,0.1518|0.0495|0.0430|0.0373|0.0264,
unit_001016,Vienna,13,13,253.0,9,2.9638,0.0,0.0,0.5,48.217011,16.44699,9|12|6|5|3,0.1715|0.0826|0.0700|0.0697|0.0506,
unit_001017,Vienna,19,47,407.9,9,3.0116,6e-05,0.0,0.5,48.213032,16.445462,9|5|26|27|4,0.1483|0.1091|0.0855|0.0655|0.0598,
unit_001018,Vienna,6,6,125.7,24,2.4958,0.0,0.0,0.5,48.228095,16.451871,24|17|9|6|12,0.1686|0.1122|0.0887|0.0502|0.0300,
unit_001019,Vienna,11,15,251.3,24,2.7128,4e-05,0.0,0.5,48.225885,16.450157,24|17|9|6|4,0.1262|0.0890|0.0777|0.0524|0.0342,
unit_001020,Vienna,19,27,406.1,24,2.7063,4e-05,0.0,0.5,48.225848,16.450339,24|17|9|6|22,0.1256|0.0885|0.0785|0.0536|0.0355,
unit_001021,Vienna,14,14,282.8,9,3.0109,0.0,0.0,0.5,48.21326,16.447538,9|12|5|27|1,0.1309|0.0919|0.0914|0.0580|0.0550,
unit_001022,Vienna,11,11,205.7,1,3.0282,0.0,0.0,0.5,48.200461,16.440072,1|5|30|6|19,0.1283|0.0790|0.0719|0.0623|0.0532,
unit_001023,Vienna,34,73,718.3,1,3.0811,4e-05,0.05701,0.5142,48.20343,16.434201,1|5|31|18|3,0.1259|0.1136|0.0756|0.0671|0.0603,
unit_001025,Vienna,6,8,132.8,9,3.0249,0.0,0.05262,0.5132,48.202934,16.432829,9|5|19|26|8,0.1007|0.0741|0.0697|0.0691|0.0626,
unit_001026,Vienna,8,8,131.7,31,2.7621,0.0,0.0,0.5,48.248437,16.374964,31|12|5|8|10,0.1341|0.1022|0.0551|0.0545|0.0458,
unit_001027,Vienna,16,16,256.6,31,2.9155,0.0,0.0,0.5,48.24645,16.376966,31|5|11|8|10,0.1313|0.0829|0.0781|0.0617|0.0562,
unit_001028,Vienna,9,16,204.0,5,2.9912,1e-05,0.0,0.5,48.244162,16.378328,5|31|1|8|10,0.1254|0.1034|0.0840|0.0839|0.0565,
unit_001029,Vienna,12,12,197.0,31,2.9715,0.0,0.0,0.5,48.225892,16.368208,31|5|11|12|18,0.1350|0.0698|0.0642|0.0606|0.0530,
unit_001030,Vienna,8,10,175.8,26,2.9633,0.0,0.0,0.5,48.115952,16.28775,26|9|27|4|5,0.1254|0.0911|0.0780|0.0659|0.0640,
unit_001031,Vienna,8,8,175.8,27,2.9215,0.0,0.0,0.5,48.115804,16.285492,27|26|9|19|8,0.1017|0.0997|0.0780|0.0751|0.0750,
unit_001032,Vienna,6,6,125.6,7,3.0248,0.0,0.0,0.5,48.115317,16.28191,7|12|18|5|19,0.0814|0.0767|0.0730|0.0723|0.0709,
unit_001033,Vienna,9,16,201.0,5,2.9646,5e-05,0.0,0.5,48.114628,16.279878,5|19|30|18|15,0.1067|0.0933|0.0784|0.0693|0.0632,
unit_001034,Vienna,7,7,150.7,9,3.0724,0.0,0.0,0.5,48.113728,16.278053,9|4|17|26|5,0.1218|0.0741|0.0675|0.0574|0.0561,
unit_001035,Vienna,7,10,150.7,9,3.0454,3e-05,0.05937,0.5148,48.112721,16.276283,9|17|19|27|20,0.1098|0.0883|0.0798|0.0763|0.0709,
unit_001036,Vienna,4,5,75.4,7,3.0476,1e-05,0.05937,0.5148,48.112102,16.275202,7|5|16|8|19,0.1157|0.0892|0.0671|0.0660|0.0644,
unit_001037,Vienna,7,7,150.7,5,2.8901,0.0,0.0,0.5,48.11033,16.26883,5|4|26|19|17,0.1017|0.0899|0.0802|0.0679|0.0598,
unit_001038,Vienna,7,7,150.7,26,2.9563,0.0,0.0,0.5,48.110127,16.266576,26|27|5|17|4,0.1033|0.0963|0.0825|0.0777|0.0743,
unit_001039,Vienna,8,8,175.8,9,3.0425,0.0,0.0,0.5,48.107277,16.259448,9|5|17|4|18,0.1227|0.1065|0.0905|0.0810|0.0707,
unit_001040,Vienna,8,8,175.8,9,2.9852,0.0,0.0,0.5,48.105668,16.257859,9|17|5|12|27,0.1423|0.0892|0.0766|0.0720|0.0633,
unit_001042,Vienna,13,31,302.4,5,3.0476,0.00011,0.04868,0.5121,48.116855,16.295277,5|9|26|6|18,0.1252|0.1085|0.0921|0.0811|0.0656,
unit_001043,Vienna,8,14,182.0,5,3.0237,6e-05,0.09836,0.5246,48.117069,16.294727,5|9|26|6|17,0.1233|0.1222|0.0886|0.0850|0.0638,
unit_001044,Vienna,6,7,133.9,5,2.9753,1e-05,0.04953,0.5124,48.118754,16.300264,5|26|27|17|30,0.1063|0.0834|0.0814|0.0688|0.0671,
unit_001045,Vienna,6,6,128.7,5,2.9616,0.0,0.03483,0.5087,48.118474,16.300412,5|26|27|17|30,0.1043|0.0839|0.0814|0.0681|0.0668,
unit_001046,Vienna,7,8,154.5,5,3.0296,0.0,0.03483,0.5087,48.117945,16.299001,5|26|6|9|18,0.1329|0.0986|0.0779|0.0770|0.0755,
unit_001047,Vienna,8,8,177.2,26,3.0138,0.0,0.0,0.5,48.121609,16.313632,26|5|27|9|4,0.1242|0.1022|0.0900|0.0790|0.0584,
unit_001048,Vienna,8,8,177.2,26,2.9333,0.0,0.0,0.5,48.121454,16.309764,26|9|5|4|15,0.1167|0.0975|0.0772|0.0722|0.0688,
unit_001049,Vienna,8,8,177.2,9,3.0006,0.0,0.0,0.5,48.119778,16.303856,9|5|26|17|18,0.1180|0.0997|0.0885|0.0861|0.0791,
unit_001050,Vienna,6,6,128.2,19,2.9973,0.0,0.0,0.5,48.120693,16.322303,19|26|5|9|27,0.0975|0.0973|0.0887|0.0849|0.0826,
unit_001051,Vienna,7,7,153.1,12,2.949,0.0,0.0,0.5,48.108017,16.315404,12|1|5|3|31,0.1021|0.0903|0.0867|0.0717|0.0577,
unit_001052,Vienna,16,16,308.6,5,3.0542,0.0,0.0,0.5,48.114646,16.310909,5|18|8|30|7,0.1434|0.0725|0.0723|0.0662|0.0643,
unit_001053,Vienna,21,30,408.8,5,3.0531,6e-05,0.16929,0.5422,48.252239,16.374207,5|9|18|1|26,0.1323|0.1250|0.0713|0.0689|0.0681,
unit_001054,Vienna,22,41,413.9,31,2.8842,1e-05,0.0,0.5,48.201872,16.371196,31|1|30|28|11,0.1381|0.0751|0.0726|0.0641|0.0528,
unit_001055,Vienna,23,23,367.1,31,2.809,0.0,0.03721,0.5093,48.194101,16.370158,31|28|12|30|4,0.1645|0.0339|0.0324|0.0320|0.0290,
unit_001056,Vienna,9,9,152.9,31,2.9667,0.0,0.0,0.5,48.193874,16.375408,31|12|15|10|7,0.1490|0.0443|0.0424|0.0408|0.0398,
unit_001057,Vienna,12,15,214.1,31,2.9112,0.0,0.04849,0.5121,48.192971,16.370413,31|11|27|28|15,0.1499|0.0451|0.0432|0.0340|0.0291,
unit_001058,Vienna,13,13,214.2,31,2.9504,0.0,0.05655,0.5141,48.19233,16.370865,31|1|10|5|8,0.1574|0.0442|0.0406|0.0336|0.0311,
unit_001059,Vienna,23,42,505.2,26,3.02,3e-05,0.0,0.5,48.128721,16.359965,26|5|9|4|6,0.1064|0.0931|0.0849|0.0848|0.0779,
unit_001060,Vienna,8,8,175.8,5,2.9921,0.0,0.0,0.5,48.127686,16.369634,5|26|6|9|17,0.1020|0.0961|0.0875|0.0785|0.0784,
unit_001061,Vienna,16,16,327.0,26,2.891,0.0,0.0,0.5,48.127414,16.371654,26|5|9|28|17,0.1125|0.1077|0.0904|0.0830|0.0793,
unit_001062,Vienna,23,46,505.2,5,3.0404,4e-05,0.0,0.5,48.130659,16.350669,5|26|9|17|4,0.1011|0.0982|0.0904|0.0868|0.0829,
unit_001063,Vienna,7,16,152.2,5,2.9926,1e-05,0.06936,0.5173,48.129606,16.355137,5|9|17|4|1,0.1171|0.1138|0.0908|0.0870|0.0679,
unit_001064,Vienna,5,5,101.5,5,2.9787,0.0,0.06936,0.5173,48.129309,16.356475,5|19|4|17|26,0.0993|0.0860|0.0790|0.0787|0.0628,
unit_001065,Vienna,37,72,607.5,5,2.9849,0.0,0.08625,0.5215,48.129472,16.355158,5|9|17|4|1,0.1144|0.1144|0.0887|0.0848|0.0689,
unit_001066,Vienna,3,3,51.2,5,2.9787,0.0,0.09798,0.5245,48.129053,16.356417,5|19|4|17|26,0.0993|0.0860|0.0790|0.0787|0.0628,
unit_001067,Vienna,6,14,125.7,24,3.0911,1e-05,0.10145,0.5253,48.123886,16.33024,24|5|17|3|9,0.1096|0.1060|0.0836|0.0591|0.0576,
unit_001068,Vienna,6,10,125.7,24,2.6048,0.0,0.10145,0.5253,48.12518,16.330652,24|17|9|12|2,0.1419|0.0966|0.0719|0.0448|0.0354,
unit_001069,Vienna,8,8,175.9,9,3.0168,0.0,0.0,0.5,48.127625,16.331822,9|5|17|19|12,0.1026|0.0971|0.0876|0.0858|0.0683,
unit_001070,Vienna,7,7,150.8,5,3.01,0.0,0.0,0.5,48.131067,16.335468,5|9|19|26|4,0.1306|0.0857|0.0724|0.0643|0.0587,
unit_001071,Vienna,8,8,175.1,5,3.0761,0.0,0.09903,0.5247,48.119017,16.326465,5|26|19|27|18,0.1132|0.0804|0.0787|0.0751|0.0744,
unit_001072,Vienna,5,5,100.9,9,3.0613,0.0,0.0,0.5,48.118303,16.324936,9|26|5|27|4,0.1329|0.1017|0.0809|0.0618|0.0615,
unit_001073,Vienna,7,7,151.4,5,3.0761,0.0,0.0,0.5,48.11877,16.326451,5|26|19|27|18,0.1132|0.0804|0.0787|0.0751|0.0744,
unit_001074,Vienna,8,8,175.7,26,2.9447,0.0,0.0,0.5,48.119941,16.417013,26|9|5|4|27,0.1008|0.0793|0.0706|0.0692|0.0618,
unit_001075,Vienna,8,8,175.7,26,2.8467,0.0,0.0,0.5,48.120712,16.421921,26|5|9|4|28,0.1047|0.1034|0.0963|0.0813|0.0719,
unit_001076,Vienna,8,8,175.7,9,3.0484,0.0,0.0,0.5,48.121922,16.426747,9|26|5|4|27,0.0721|0.0715|0.0664|0.0604|0.0539,
unit_001077,Vienna,8,8,175.7,26,2.9314,0.0,0.0,0.5,48.122846,16.431635,26|5|9|4|28,0.1277|0.0920|0.0823|0.0739|0.0739,
unit_001078,Vienna,8,8,180.8,5,2.8801,0.0,0.0,0.5,48.119801,16.41473,5|26|19|30|4,0.1048|0.0912|0.0697|0.0682|0.0680,
unit_001079,Vienna,7,7,152.7,26,2.9542,0.0,0.0,0.5,48.120121,16.411886,26|5|9|28|17,0.1188|0.1181|0.0953|0.0866|0.0786,
unit_001080,Vienna,8,8,178.1,5,2.8801,0.0,0.0,0.5,48.119888,16.414739,5|26|19|30|4,0.1048|0.0912|0.0697|0.0682|0.0680,
unit_001081,Vienna,7,7,155.2,26,3.0878,0.0,0.12538,0.5313,48.150262,16.491192,26|9|5|18|28,0.1145|0.1039|0.0927|0.0782|0.0704,
unit_001082,Vienna,18,20,386.6,9,3.0267,8e-05,0.14171,0.5353,48.150896,16.489133,9|5|26|6|17,0.1294|0.1117|0.0673|0.0596|0.0594,
unit_001083,Vienna,8,8,176.4,9,2.9227,0.0,0.0,0.5,48.151178,16.489701,9|5|12|6|17,0.1388|0.1057|0.0705|0.0685|0.0571,
unit_001084,Vienna,13,29,252.9,9,3.0493,2e-05,0.05768,0.5144,48.149188,16.488285,9|5|12|27|26,0.1668|0.0913|0.0849|0.0694|0.0633,
unit_001085,Vienna,8,8,175.5,5,2.9998,0.0,0.0,0.5,48.130706,16.544963,5|26|18|9|4,0.1133|0.0969|0.0943|0.0850|0.0814,
unit_001086,Vienna,8,9,175.5,9,2.9497,1e-05,0.03382,0.5085,48.132796,16.536875,9|26|5|17|18,0.1150|0.1099|0.1094|0.0835|0.0690,
unit_001087,Vienna,7,7,150.5,9,2.8316,0.0,0.03382,0.5085,48.133325,16.535265,9|6|17|5|26,0.1445|0.0956|0.0880|0.0875|0.0805,
unit_001088,Vienna,6,6,125.4,19,2.9475,0.0,0.0,0.5,48.135691,16.529529,19|18|30|5|15,0.1069|0.0973|0.0944|0.0931|0.0906,
unit_001089,Vienna,14,16,326.0,9,3.0881,7e-05,0.0,0.5,48.137198,16.527011,9|5|18|19|4,0.1314|0.0892|0.0730|0.0646|0.0627,
unit_001090,Vienna,15,24,351.1,9,3.0194,2e-05,0.38187,0.5943,48.142221,16.518333,9|24|26|5|6,0.1396|0.0708|0.0697|0.0657|0.0604,
unit_001091,Vienna,8,8,175.5,19,2.9324,0.0,0.38187,0.5943,48.143165,16.515913,19|5|30|15|8,0.0908|0.0681|0.0527|0.0432|0.0430,
unit_001092,Vienna,15,17,351.1,9,3.0465,3e-05,0.0,0.5,48.145102,16.508836,9|26|6|5|17,0.1084|0.0756|0.0743|0.0667|0.0632,
unit_001093,Vienna,5,5,100.3,19,3.0266,0.0,0.0,0.5,48.146553,16.503145,19|7|5|30|3,0.0927|0.0731|0.0597|0.0576|0.0524,
unit_001094,Vienna,14,16,326.0,9,3.0352,3e-05,0.0,0.5,48.147722,16.499133,9|26|27|5|6,0.1330|0.0723|0.0698|0.0682|0.0605,
unit_001095,Vienna,8,15,175.5,5,3.0234,1e-05,0.0,0.5,48.148865,16.495467,5|19|30|17|8,0.1287|0.0944|0.0875|0.0691|0.0626,
unit_001096,Vienna,7,7,106.3,5,2.8054,0.0,0.0,0.5,48.123579,16.435692,5|17|26|4|6,0.0914|0.0889|0.0877|0.0713|0.0472,
unit_001097,Vienna,8,8,176.0,26,2.9314,0.0,0.0,0.5,48.122941,16.431537,26|5|9|4|28,0.1277|0.0920|0.0823|0.0739|0.0739,
unit_001098,Vienna,7,7,150.9,9,3.0484,0.0,0.0,0.5,48.122037,16.426752,9|26|5|4|27,0.0721|0.0715|0.0664|0.0604|0.0539,
unit_001099,Vienna,8,8,176.0,26,2.8467,0.0,0.0,0.5,48.120798,16.421809,26|5|9|4|28,0.1047|0.1034|0.0963|0.0813|0.0719,
unit_001100,Vienna,8,8,176.0,26,2.9447,0.0,0.0,0.5,48.120059,16.417117,26|9|5|4|27,0.1008|0.0793|0.0706|0.0692|0.0618,
unit_001101,Vienna,7,7,150.9,5,2.8801,0.0,0.0,0.5,48.119998,16.41474,5|26|19|30|4,0.1048|0.0912|0.0697|0.0682|0.0680,
unit_001102,Vienna,8,8,176.0,26,2.9542,0.0,0.0,0.5,48.120233,16.411922,26|5|9|28|17,0.1188|0.1181|0.0953|0.0866|0.0786,
unit_001103,Vienna,32,32,730.3,5,2.8054,0.0,0.0,0.5,48.122906,16.435964,5|17|26|4|6,0.0914|0.0889|0.0877|0.0713|0.0472,
unit_001104,Vienna,9,10,202.9,5,2.9476,0.0,0.0,0.5,48.121493,16.40878,5|9|12|19|30,0.1338|0.0916|0.0808|0.0722|0.0575,
unit_001105,Vienna,7,7,152.2,26,2.9542,0.0,0.0,0.5,48.119955,16.411577,26|5|9|28|17,0.1188|0.1181|0.0953|0.0866|0.0786,
unit_001106,Vienna,31,40,723.8,5,3.0107,0.00012,0.06903,0.5172,48.121834,16.407281,5|9|26|4|19,0.1311|0.0804|0.0678|0.0667|0.0615,
unit_001107,Vienna,10,15,228.2,5,2.9211,4e-05,0.07306,0.5182,48.127451,16.385275,5|26|9|4|17,0.1049|0.1021|0.0883|0.0694|0.0679,
unit_001108,Vienna,12,12,228.2,26,2.9003,0.0,0.07306,0.5183,48.127509,16.383446,26|5|6|4|9,0.1094|0.0841|0.0780|0.0749|0.0734,
unit_001109,Vienna,3,3,51.5,26,2.8979,0.0,0.0,0.5,48.127693,16.386152,26|9|5|6|17,0.1066|0.0956|0.0857|0.0749|0.0731,
unit_001110,Vienna,13,16,301.3,5,2.9982,4e-05,0.0,0.5,48.123522,16.402985,5|9|17|4|26,0.1183|0.1056|0.0916|0.0851|0.0836,
unit_001111,Vienna,13,16,301.3,26,2.9746,4e-05,0.0,0.5,48.126395,16.393472,26|17|9|5|6,0.1104|0.0947|0.0923|0.0894|0.0785,
unit_001112,Vienna,23,42,505.1,26,3.0209,4e-05,0.0,0.5,48.128858,16.359994,26|5|4|9|6,0.1069|0.0938|0.0847|0.0846|0.0776,
unit_001113,Vienna,8,10,179.8,5,2.9867,1e-05,0.07452,0.5186,48.129792,16.356438,5|19|4|17|26,0.1012|0.0853|0.0804|0.0803|0.0625,
unit_001114,Vienna,12,21,276.9,5,3.0349,0.00012,0.0,0.5,48.129585,16.355746,5|9|17|4|19,0.1098|0.0872|0.0862|0.0841|0.0586,
unit_001115,Vienna,25,53,556.4,5,3.0395,4e-05,0.0,0.5,48.130802,16.350751,5|26|9|17|4,0.1016|0.0986|0.0908|0.0870|0.0834,
unit_001116,Vienna,15,15,312.8,26,2.891,0.0,0.0,0.5,48.127632,16.371777,26|5|9|28|17,0.1125|0.1077|0.0904|0.0830|0.0793,
unit_001117,Vienna,8,8,176.0,5,2.9921,0.0,0.0,0.5,48.127793,16.369667,5|26|6|9|17,0.1020|0.0961|0.0875|0.0785|0.0784,
unit_001118,Vienna,8,8,175.3,5,3.01,0.0,0.0,0.5,48.131167,16.335401,5|9|19|26|4,0.1306|0.0857|0.0724|0.0643|0.0587,
unit_001119,Vienna,8,8,175.3,9,3.0168,0.0,0.0,0.5,48.127673,16.331679,9|5|17|19|12,0.1026|0.0971|0.0876|0.0858|0.0683,
unit_001120,Vienna,5,8,100.2,24,2.566,0.0,0.30006,0.5745,48.125138,16.330462,24|17|9|12|2,0.1418|0.0964|0.0715|0.0445|0.0351,
unit_001121,Vienna,6,13,125.2,5,3.0992,0.0,0.30006,0.5745,48.123955,16.330089,5|24|17|3|8,0.1125|0.1019|0.0776|0.0619|0.0549,
unit_001122,Vienna,7,7,153.9,9,2.9444,0.0,0.05464,0.5137,48.132538,16.340777,9|12|26|5|27,0.1682|0.0788|0.0734|0.0657|0.0480,
unit_001124,Vienna,7,7,153.9,26,2.9743,0.0,0.05034,0.5126,48.132331,16.338942,26|5|9|19|4,0.1230|0.1120|0.0757|0.0652|0.0650,
unit_001125,Vienna,3,3,50.2,9,2.9444,0.0,0.20309,0.5506,48.13312,16.340042,9|12|26|5|27,0.1682|0.0788|0.0734|0.0657|0.0480,
unit_001126,Vienna,8,8,175.7,26,2.9743,0.0,0.20309,0.5506,48.132489,16.338993,26|5|9|19|4,0.1230|0.1120|0.0757|0.0652|0.0650,
unit_001129,Vienna,8,8,176.3,9,3.0026,0.0,0.0791,0.5198,48.150286,16.487356,9|19|12|5|17,0.1107|0.0846|0.0739|0.0739|0.0615,
unit_001130,Vienna,11,11,190.8,7,2.8132,0.0,0.0,0.5,48.245337,16.351539,7|12|5|31|8,0.1155|0.1140|0.0936|0.0860|0.0696,
unit_001131,Vienna,27,34,567.6,31,2.9472,0.0001,0.0,0.5,48.244607,16.355244,31|1|5|28|8,0.1219|0.0666|0.0605|0.0589|0.0550,
unit_001132,Vienna,9,9,143.6,31,2.797,0.0,0.05041,0.5126,48.229105,16.350788,31|8|27|18|28,0.1699|0.0445|0.0377|0.0336|0.0334,
unit_001133,Vienna,12,27,211.1,31,3.0668,0.0,0.14155,0.5353,48.230545,16.351749,31|5|28|6|30,0.1454|0.0601|0.0557|0.0540|0.0508,
unit_001134,Vienna,12,16,154.6,31,2.8293,1e-05,0.09598,0.524,48.229252,16.351777,31|12|8|5|10,0.1739|0.0614|0.0376|0.0346|0.0331,
unit_001136,Vienna,47,47,748.6,1,3.0257,0.0,0.0,0.5,48.233019,16.356313,1|31|30|5|28,0.1038|0.1027|0.0655|0.0567|0.0553,
unit_001137,Vienna,3,3,50.0,9,3.0193,0.0,0.0,0.5,48.235845,16.360614,9|26|5|27|1,0.1288|0.1092|0.0675|0.0663|0.0573,
unit_001138,Vienna,13,14,265.2,12,3.0355,1e-05,0.20822,0.5519,48.236185,16.362751,12|9|17|6|28,0.0930|0.0863|0.0828|0.0790|0.0563,
unit_001139,Vienna,5,5,100.1,9,3.0193,0.0,0.0,0.5,48.236242,16.360888,9|26|5|27|1,0.1288|0.1092|0.0675|0.0663|0.0573,
unit_001140,Vienna,8,9,175.1,12,3.0257,0.0,0.32427,0.5804,48.236337,16.3628,12|9|17|6|28,0.0929|0.0864|0.0823|0.0789|0.0563,
unit_001142,Vienna,6,7,126.9,5,3.0365,0.0,0.16118,0.5402,48.237534,16.363234,5|18|30|15|19,0.1062|0.0948|0.0908|0.0907|0.0745,
unit_001143,Vienna,5,6,101.5,12,3.0422,2e-05,0.04708,0.5118,48.240222,16.364742,12|5|18|15|8,0.1200|0.1085|0.0754|0.0731|0.0625,
unit_001145,Vienna,26,26,547.4,12,3.1427,0.0,0.0,0.5,48.246345,16.370195,12|5|18|11|2,0.0866|0.0715|0.0686|0.0646|0.0592,
unit_001146,Vienna,8,8,175.7,9,3.0127,0.0,0.0,0.5,48.251206,16.374637,9|26|5|27|6,0.1486|0.1160|0.0684|0.0679|0.0508,
unit_001147,Vienna,22,31,487.5,9,3.0354,3e-05,0.0416,0.5104,48.256562,16.383685,9|26|5|27|18,0.1534|0.1154|0.0967|0.0628|0.0563,
unit_001148,Vienna,12,22,282.7,9,3.0862,0.00011,0.04818,0.512,48.259842,16.382188,9|5|12|18|17,0.1275|0.1039|0.0925|0.0664|0.0646,
unit_001149,Vienna,3,4,51.4,5,3.057,2e-05,0.04818,0.512,48.25845,16.383223,5|9|19|17|27,0.1085|0.0957|0.0901|0.0871|0.0732,
unit_001150,Vienna,8,8,179.9,9,3.0694,0.0,0.0,0.5,48.261655,16.394341,9|12|5|19|10,0.1191|0.1023|0.0685|0.0682|0.0573,
unit_001151,Vienna,11,13,203.4,9,3.1184,2e-05,0.04,0.51,48.259962,16.392251,9|26|27|5|24,0.1389|0.0917|0.0680|0.0633|0.0625,
unit_001152,Vienna,13,28,260.1,9,3.0738,0.0,0.05197,0.513,48.269911,16.398069,9|12|5|1|19,0.1354|0.1139|0.1007|0.0846|0.0647,
unit_001153,Vienna,7,9,154.1,12,3.0519,1e-05,0.06423,0.516,48.268464,16.397517,12|1|19|5|9,0.1099|0.0842|0.0837|0.0738|0.0636,
unit_001154,Vienna,7,12,154.1,5,3.1034,3e-05,0.07147,0.5179,48.266127,16.396508,5|3|6|10|18,0.0876|0.0795|0.0727|0.0703|0.0673,
unit_001155,Vienna,9,14,205.5,9,3.075,8e-05,0.07147,0.5178,48.264435,16.395756,9|12|10|1|5,0.1099|0.1041|0.0657|0.0545|0.0522,
unit_001156,Vienna,66,123,1105.8,5,3.0935,7e-05,0.15679,0.5391,48.26601,16.397065,5|3|1|6|18,0.0928|0.0723|0.0659|0.0658|0.0627,
unit_001157,Vienna,10,15,233.1,12,3.0761,8e-05,0.18722,0.5466,48.264602,16.395666,12|9|10|5|1,0.1071|0.1035|0.0675|0.0547|0.0546,
unit_001158,Vienna,7,13,152.9,31,2.8958,2e-05,0.0,0.5,48.268548,16.403947,31|1|30|12|11,0.1182|0.0995|0.0680|0.0630|0.0483,
unit_001159,Vienna,8,8,179.0,5,2.9814,0.0,0.0,0.5,48.271776,16.404728,5|1|31|3|18,0.1001|0.0913|0.0803|0.0616|0.0530,
unit_001160,Vienna,12,12,142.2,31,2.8744,0.0,0.03457,0.5086,48.20793,16.320989,31|5|12|8|11,0.1118|0.0900|0.0782|0.0657|0.0593,
unit_001161,Vienna,8,8,145.5,31,2.8468,0.0,0.14452,0.5361,48.206521,16.319473,31|12|5|8|10,0.1282|0.0965|0.0779|0.0766|0.0581,
unit_001162,Vienna,8,8,139.6,31,2.7339,0.0,0.10132,0.5253,48.209697,16.321585,31|12|27|4|3,0.1846|0.0446|0.0327|0.0284|0.0259,
unit_001163,Vienna,20,29,388.2,31,2.7917,4e-05,0.03195,0.508,48.211281,16.320285,31|30|1|28|4,0.1447|0.0667|0.0641|0.0501|0.0255,
unit_001164,Vienna,10,10,190.8,31,2.7026,0.0,0.0,0.5,48.212058,16.315697,31|30|1|28|4,0.1582|0.0710|0.0515|0.0456|0.0435,
unit_001165,Vienna,13,13,174.0,31,2.8036,0.0,0.0,0.5,48.214648,16.315008,31|12|16|7|5,0.1835|0.0573|0.0352|0.0335|0.0285,
unit_001166,Vienna,28,29,496.4,31,2.8659,1e-05,0.04237,0.5106,48.214344,16.316493,31|12|16|5|8,0.1804|0.0480|0.0398|0.0374|0.0336,
unit_001167,Vienna,15,15,177.7,31,2.8096,0.0,0.0,0.5,48.21513,16.311911,31|12|3|11|6,0.1571|0.0462|0.0372|0.0322|0.0270,
unit_001168,Vienna,10,10,163.8,31,2.8002,0.0,0.0,0.5,48.217377,16.312671,31|12|5|10|8,0.1320|0.0917|0.0765|0.0590|0.0586,
unit_001169,Vienna,16,16,245.1,31,3.0223,0.0,0.0,0.5,48.214765,16.310323,31|5|6|28|8,0.1593|0.0576|0.0479|0.0405|0.0375,
unit_001170,Vienna,35,66,520.1,31,2.8879,1e-05,0.0,0.5,48.213009,16.325178,31|1|30|28|8,0.1314|0.0937|0.0609|0.0574|0.0497,
unit_001171,Vienna,4,4,86.0,8,2.8042,0.0,0.05534,0.5138,48.21149,16.326674,8|31|5|16|10,0.1238|0.1153|0.0868|0.0590|0.0545,
unit_001173,Vienna,16,34,273.7,31,2.831,0.0,0.14745,0.5368,48.21231,16.331724,31|8|5|27|16,0.1721|0.0667|0.0525|0.0419|0.0401,
unit_001174,Vienna,10,10,125.3,31,2.8719,0.0,0.0,0.5,48.206096,16.347736,31|12|10|8|5,0.1669|0.0707|0.0505|0.0451|0.0384,
unit_001175,Vienna,12,12,219.3,31,2.6397,0.0,0.0,0.5,48.205359,16.349096,31|4|12|30|28,0.1785|0.0493|0.0435|0.0357|0.0293,
unit_001176,Vienna,20,25,416.9,26,3.117,3e-05,0.07637,0.5191,48.225465,16.403659,26|9|5|11|1,0.0986|0.0837|0.0783|0.0659|0.0658,
unit_001177,Vienna,12,12,217.8,31,2.7997,0.0,0.0,0.5,48.200366,16.343102,31|8|27|30|5,0.1570|0.0547|0.0383|0.0362|0.0270,
unit_001178,Vienna,9,9,159.4,31,2.8008,0.0,0.16531,0.5412,48.200768,16.345923,31|12|5|8|10,0.1325|0.0765|0.0464|0.0418|0.0418,
unit_001179,Vienna,14,14,246.5,31,2.9015,0.0,0.0,0.5,48.199616,16.348026,31|10|5|8|3,0.1476|0.0509|0.0461|0.0392|0.0375,
unit_001180,Vienna,24,24,461.9,31,2.7232,1e-05,0.13784,0.5344,48.205447,16.353819,31|4|8|27|30,0.1712|0.0413|0.0413|0.0393|0.0375,
unit_001181,Vienna,11,11,214.7,31,2.9461,0.0,0.0,0.5,48.209197,16.341937,31|12|5|10|22,0.1645|0.0564|0.0498|0.0356|0.0355,
unit_001182,Vienna,7,23,136.2,31,2.9576,2e-05,0.14577,0.5364,48.211487,16.355245,31|12|11|5|1,0.1391|0.0814|0.0657|0.0518|0.0510,
unit_001183,Vienna,12,20,195.2,31,2.7417,2e-05,0.09315,0.5233,48.211581,16.354151,31|16|3|4|27,0.1658|0.0355|0.0345|0.0339|0.0315,
unit_001184,Vienna,24,57,373.8,31,2.7718,4e-05,0.0902,0.5225,48.213061,16.363314,31|27|4|22|30,0.1552|0.0384|0.0381|0.0339|0.0335,
unit_001185,Vienna,11,11,181.4,31,2.9583,0.0,0.0,0.5,48.199095,16.343815,31|8|5|27|10,0.1404|0.0747|0.0494|0.0441|0.0433,
unit_001186,Vienna,7,7,158.4,31,2.7535,0.0,0.0,0.5,48.19884,16.34205,31|8|27|4|22,0.1798|0.0486|0.0398|0.0340|0.0307,
unit_001187,Vienna,9,9,164.5,5,3.078,0.0,0.0,0.5,48.194791,16.325647,5|31|1|8|27,0.0988|0.0931|0.0829|0.0692|0.0686,
unit_001188,Vienna,10,14,127.2,31,2.8225,0.0,0.04237,0.5106,48.2129,16.316911,31|12|5|10|2,0.1583|0.0886|0.0542|0.0531|0.0400,
unit_001189,Vienna,18,19,296.6,31,2.844,0.0,0.03195,0.508,48.212347,16.32037,31|8|5|22|16,0.1772|0.0639|0.0579|0.0373|0.0359,
unit_001190,Vienna,11,11,129.8,31,2.8146,0.0,0.14745,0.5368,48.211357,16.331097,31|12|4|30|1,0.1721|0.0755|0.0327|0.0315|0.0275,
unit_001191,Vienna,14,14,264.7,31,2.8475,0.0,0.0,0.5,48.213394,16.321933,31|30|8|1|28,0.1389|0.0702|0.0559|0.0506|0.0445,
unit_001192,Vienna,12,13,224.6,7,3.0235,0.0,0.04359,0.5109,48.217783,16.259665,7|12|5|19|22,0.1188|0.0675|0.0653|0.0530|0.0509,
unit_001193,Vienna,12,13,254.4,7,2.9913,0.0,0.04359,0.5109,48.218706,16.260609,7|5|30|18|19,0.1147|0.0942|0.0718|0.0700|0.0648,
unit_001194,Vienna,6,6,76.6,7,2.9234,0.0,0.0,0.5,48.218098,16.257245,7|12|19|5|16,0.1401|0.0706|0.0682|0.0668|0.0608,
unit_001195,Vienna,17,22,299.4,7,2.9263,2e-05,0.03684,0.5092,48.218806,16.253982,7|12|5|19|8,0.1576|0.0735|0.0703|0.0663|0.0497,
unit_001196,Vienna,15,15,286.5,7,2.9401,0.0,0.0,0.5,48.216581,16.255228,7|16|5|8|19,0.1099|0.0853|0.0802|0.0794|0.0670,
unit_001198,Vienna,7,7,110.8,7,2.8862,0.0,0.0,0.5,48.217624,16.254262,7|12|5|19|16,0.1534|0.0732|0.0638|0.0558|0.0522,
unit_001199,Vienna,7,7,151.9,5,2.8856,0.0,0.0,0.5,48.215553,16.249161,5|12|7|31|2,0.1102|0.1001|0.0936|0.0811|0.0556,
unit_001200,Vienna,7,7,156.6,5,3.0155,0.0,0.0,0.5,48.210709,16.254363,5|31|7|18|16,0.1299|0.0727|0.0663|0.0623|0.0573,
unit_001201,Vienna,20,20,351.6,7,2.9041,0.0,0.0,0.5,48.217433,16.244662,7|5|12|16|31,0.1208|0.1166|0.0798|0.0718|0.0655,
unit_001202,Vienna,16,16,319.6,7,2.9554,0.0,0.0,0.5,48.207489,16.252875,7|5|12|31|2,0.1204|0.0879|0.0859|0.0640|0.0557,
unit_001203,Vienna,10,10,176.9,7,2.95,0.0,0.0,0.5,48.206023,16.251979,7|8|5|27|31,0.1178|0.1016|0.0862|0.0549|0.0542,
unit_001204,Vienna,10,10,138.9,7,2.9159,0.0,0.0,0.5,48.24131,16.347792,7|8|5|27|31,0.1219|0.0946|0.0832|0.0632|0.0515,
unit_001205,Vienna,6,12,127.1,1,2.8936,0.0,0.0,0.5,48.242461,16.347868,1|30|31|5|28,0.1126|0.1011|0.0896|0.0733|0.0531,
unit_001206,Vienna,27,27,379.6,31,2.9602,0.0,0.0,0.5,48.233392,16.347421,31|12|5|1|10,0.1118|0.1003|0.0909|0.0806|0.0560,
unit_001207,Vienna,8,8,138.3,31,2.8328,0.0,0.0,0.5,48.234476,16.346409,31|7|12|5|8,0.1178|0.0994|0.0680|0.0531|0.0359,
unit_001208,Vienna,8,8,132.8,31,2.7143,0.0,0.0,0.5,48.235411,16.349122,31|8|27|22|3,0.1761|0.0437|0.0393|0.0302|0.0301,
unit_001209,Vienna,18,35,317.2,31,2.8309,0.0,0.0,0.5,48.238961,16.349145,31|1|12|30|28,0.1407|0.0811|0.0674|0.0670|0.0524,
unit_001210,Vienna,14,14,246.5,31,2.7839,0.0,0.0,0.5,48.238806,16.351798,31|12|7|16|5,0.1373|0.0719|0.0561|0.0399|0.0341,
unit_001211,Vienna,9,13,180.8,5,2.9384,1e-05,0.27097,0.5673,48.175538,16.315063,5|7|31|8|16,0.1241|0.1099|0.0896|0.0778|0.0552,
unit_001214,Vienna,3,6,50.2,17,2.9778,0.0,0.0,0.5,48.176773,16.315001,17|12|5|9|31,0.1109|0.0993|0.0664|0.0657|0.0637,
unit_001215,Vienna,22,22,384.0,5,2.9799,0.0,0.07423,0.5185,48.172288,16.320116,5|8|27|1|31,0.0972|0.0822|0.0811|0.0696|0.0691,
unit_001216,Vienna,8,8,177.5,5,3.0404,0.0,0.0,0.5,48.172725,16.323711,5|8|18|31|1,0.0945|0.0679|0.0661|0.0648|0.0640,
unit_001217,Vienna,39,67,656.7,31,3.0096,3e-05,0.08868,0.5221,48.171041,16.311614,31|5|1|11|28,0.1031|0.0911|0.0887|0.0543|0.0535,
unit_001218,Vienna,7,7,151.6,8,3.0916,0.0,0.17118,0.5427,48.171246,16.313676,8|27|26|1|6,0.0952|0.0920|0.0665|0.0664|0.0632,
unit_001219,Vienna,7,7,151.6,8,3.0464,0.0,0.0,0.5,48.171721,16.316597,8|5|27|18|10,0.1050|0.0789|0.0708|0.0652|0.0620,
unit_001220,Vienna,8,10,176.9,5,3.0394,0.0,0.06622,0.5165,48.171987,16.318514,5|8|7|18|31,0.1150|0.0925|0.0899|0.0739|0.0726,
unit_001221,Vienna,33,34,620.9,31,3.0502,6e-05,0.0,0.5,48.173804,16.326603,31|5|1|30|11,0.0952|0.0889|0.0856|0.0554|0.0553,
unit_001222,Vienna,14,14,179.7,31,2.6383,0.0,0.0,0.5,48.181059,16.324465,31|12|19|4|9,0.1871|0.0560|0.0261|0.0254|0.0234,
unit_001223,Vienna,17,22,263.7,31,2.932,4e-05,0.0,0.5,48.181821,16.322128,31|8|5|27|16,0.1606|0.0856|0.0475|0.0414|0.0338,
unit_001224,Vienna,10,10,173.5,31,2.7426,0.0,0.0,0.5,48.179567,16.322841,31|8|16|27|5,0.1752|0.0752|0.0408|0.0393|0.0336,
unit_001226,Vienna,10,10,164.1,31,2.7711,0.0,0.0,0.5,48.183279,16.329281,31|30|1|25|27,0.1216|0.0693|0.0547|0.0467|0.0427,
unit_001227,Vienna,9,9,165.9,31,2.9576,0.0,0.12734,0.5318,48.1832,16.326027,31|8|1|10|5,0.1463|0.0543|0.0528|0.0493|0.0420,
unit_001228,Vienna,8,16,182.8,31,3.0507,0.0,0.0,0.5,48.181227,16.318288,31|9|5|12|1,0.1257|0.0715|0.0629|0.0611|0.0583,
unit_001229,Vienna,10,10,167.6,31,2.8648,0.0,0.0,0.5,48.185983,16.328942,31|8|5|16|18,0.1597|0.0816|0.0498|0.0494|0.0425,
unit_001230,Vienna,11,11,178.4,31,2.9766,0.0,0.0,0.5,48.187509,16.331058,31|10|30|5|25,0.1278|0.0638|0.0537|0.0492|0.0440,
unit_001231,Vienna,24,24,350.8,31,2.7459,0.0,0.0,0.5,48.189408,16.331422,31|4|3|17|30,0.1983|0.0391|0.0357|0.0266|0.0259,
unit_001232,Vienna,10,10,163.9,31,2.8097,0.0,0.09901,0.5247,48.187273,16.326838,31|12|5|8|10,0.1495|0.0895|0.0694|0.0615|0.0546,
unit_001233,Vienna,11,11,166.8,31,2.8798,0.0,0.09901,0.5247,48.186534,16.325845,31|8|5|10|30,0.1226|0.0851|0.0729|0.0578|0.0557,
unit_001234,Vienna,13,13,187.2,31,2.896,0.0,0.0,0.5,48.186687,16.324501,31|12|5|22|11,0.1370|0.0797|0.0481|0.0416|0.0370,
unit_001235,Vienna,15,15,210.2,31,2.986,0.0,0.0,0.5,48.18695,16.323643,31|12|11|10|5,0.1098|0.0892|0.0575|0.0544|0.0535,
unit_001236,Vienna,51,80,894.7,31,2.8506,0.00011,0.0,0.5,48.20208,16.328694,31|8|5|12|16,0.1438|0.0962|0.0631|0.0402|0.0393,
unit_001237,Vienna,11,14,203.8,7,2.96,0.0,0.09795,0.5245,48.25649,16.313739,7|19|18|5|8,0.1071|0.0772|0.0723|0.0665|0.0600,
unit_001238,Vienna,7,7,151.7,7,3.0036,0.0,0.09795,0.5245,48.255957,16.314342,7|5|8|31|18,0.1123|0.0963|0.0731|0.0663|0.0574,
unit_001239,Vienna,11,11,200.1,19,2.899,0.0,0.0,0.5,48.2639,16.295343,19|30|5|17|9,0.0845|0.0733|0.0648|0.0622|0.0575,
unit_001240,Vienna,8,8,175.1,19,2.8537,0.0,0.0,0.5,48.268505,16.301045,19|30|5|17|15,0.0614|0.0559|0.0479|0.0345|0.0336,
unit_001241,Vienna,8,8,175.1,19,2.7358,0.0,0.0,0.5,48.267288,16.308692,19|17|12|5|15,0.0686|0.0670|0.0568|0.0529|0.0482,
unit_001242,Vienna,4,4,76.3,5,2.8776,0.0,0.04487,0.5112,48.263438,16.315437,5|19|30|15|31,0.1079|0.0938|0.0827|0.0509|0.0429,
unit_001243,Vienna,7,9,152.6,19,2.8818,1e-05,0.04487,0.5112,48.263462,16.314178,19|7|5|8|16,0.0977|0.0886|0.0861|0.0729|0.0580,
unit_001244,Vienna,13,13,221.1,5,2.8776,0.0,0.0,0.5,48.26274,16.315002,5|19|30|15|31,0.1079|0.0938|0.0827|0.0509|0.0429,
unit_001246,Vienna,7,7,152.1,5,2.8857,0.0,0.0,0.5,48.277003,16.327988,5|30|15|18|19,0.0997|0.0855|0.0779|0.0742|0.0736,
unit_001247,Vienna,23,41,474.9,5,2.9453,4e-05,0.0,0.5,48.281094,16.334758,5|30|15|18|19,0.1051|0.0842|0.0749|0.0734|0.0681,
unit_001248,Vienna,8,8,175.5,19,2.8878,0.0,0.0,0.5,48.279753,16.332827,19|30|15|5|18,0.1012|0.0986|0.0939|0.0912|0.0765,
unit_001249,Vienna,8,8,177.0,5,2.7842,0.0,0.0,0.5,48.287443,16.325155,5|19|30|18|15,0.1014|0.0983|0.0981|0.0786|0.0767,
unit_001250,Vienna,8,8,175.7,5,2.8472,0.0,0.0,0.5,48.280289,16.326602,5|30|15|17|19,0.1018|0.0916|0.0859|0.0792|0.0785,
unit_001252,Vienna,15,15,351.3,5,2.8969,0.0,0.0,0.5,48.28533,16.324008,5|17|15|30|18,0.1009|0.0888|0.0887|0.0711|0.0679,
unit_001253,Vienna,13,13,261.0,7,2.9542,0.0,0.0,0.5,48.289774,16.334199,7|5|8|16|15,0.1499|0.0774|0.0740|0.0531|0.0502,
unit_001254,Vienna,15,15,214.6,7,2.8667,0.0,0.0,0.5,48.290447,16.329922,7|12|31|5|16,0.1292|0.0814|0.0780|0.0748|0.0642,
unit_001255,Vienna,10,10,160.9,7,2.8815,0.0,0.0,0.5,48.292052,16.330733,7|31|5|8|16,0.1212|0.0954|0.0676|0.0647|0.0505,
unit_001256,Vienna,15,15,276.7,7,2.9898,0.0,0.06412,0.516,48.292071,16.325518,7|8|18|5|16,0.1126|0.0860|0.0839|0.0741|0.0675,
unit_001257,Vienna,8,8,178.7,7,2.9014,0.0,0.06412,0.516,48.292635,16.32721,7|8|5|19|28,0.1301|0.0850|0.0721|0.0518|0.0484,
unit_001258,Vienna,8,8,134.4,7,2.955,0.0,0.0,0.5,48.294892,16.333824,7|5|31|8|16,0.1204|0.0829|0.0826|0.0567|0.0537,
unit_001259,Vienna,38,84,644.0,31,2.978,6e-05,0.03334,0.5083,48.303237,16.326657,31|5|7|18|12,0.1133|0.1107|0.0699|0.0692|0.0677,
unit_001260,Vienna,17,33,308.1,5,2.9113,0.0,0.0,0.5,48.302446,16.324326,5|31|8|1|7,0.1102|0.1018|0.0764|0.0734|0.0683,
unit_001262,Vienna,8,8,146.7,31,2.9476,0.0,0.0,0.5,48.307301,16.323801,31|8|5|16|7,0.0999|0.0841|0.0784|0.0597|0.0431,
unit_001264,Vienna,45,61,778.9,31,2.9923,5e-05,0.0,0.5,48.304335,16.321452,31|5|7|12|16,0.1196|0.0950|0.0603|0.0564|0.0518,
unit_001265,Vienna,10,10,184.6,7,2.8509,0.0,0.0,0.5,48.302378,16.317112,7|5|8|16|18,0.1398|0.0968|0.0814|0.0710|0.0450,
unit_001266,Vienna,30,30,432.5,5,2.9573,0.0,0.16562,0.5413,48.299646,16.323896,5|7|31|15|16,0.1168|0.1098|0.0769|0.0593|0.0568,
unit_001268,Vienna,7,7,154.6,5,2.8202,0.0,0.0,0.5,48.294192,16.327959,5|31|8|16|7,0.1070|0.1039|0.0836|0.0727|0.0609,
unit_001269,Vienna,26,26,523.0,7,3.0399,0.0,0.0,0.5,48.290712,16.311479,7|31|5|18|15,0.0968|0.0947|0.0917|0.0621|0.0531,
unit_001271,Vienna,7,7,153.5,7,3.0268,0.0,0.0,0.5,48.287173,16.298468,7|5|8|30|18,0.1093|0.0782|0.0710|0.0623|0.0586,
unit_001272,Vienna,21,35,434.9,5,2.9631,6e-05,0.0,0.5,48.286329,16.296166,5|7|8|31|18,0.1223|0.1164|0.0783|0.0677|0.0516,
unit_001273,Vienna,8,8,176.3,7,2.9902,0.0,0.0,0.5,48.267236,16.265628,7|5|19|8|18,0.1449|0.0879|0.0729|0.0644|0.0593,
unit_001274,Vienna,7,7,150.4,5,2.8656,0.0,0.0,0.5,48.264152,16.291562,5|30|15|19|18,0.0881|0.0873|0.0866|0.0826|0.0700,
unit_001275,Vienna,8,8,175.4,17,2.8702,0.0,0.0,0.5,48.264201,16.281651,17|15|5|30|19,0.0924|0.0844|0.0805|0.0787|0.0718,
unit_001276,Vienna,12,12,275.7,17,2.8702,0.0,0.0,0.5,48.263782,16.281561,17|15|5|30|19,0.0924|0.0844|0.0805|0.0787|0.0718,
unit_001277,Vienna,8,8,175.4,30,2.8659,0.0,0.0,0.5,48.26351,16.277995,30|5|15|19|18,0.0965|0.0913|0.0858|0.0813|0.0811,
unit_001278,Vienna,8,8,176.0,7,2.9756,0.0,0.0,0.5,48.283901,16.289981,7|5|18|19|30,0.1096|0.1057|0.0762|0.0526|0.0471,
unit_001279,Vienna,8,8,176.0,5,3.0051,0.0,0.0,0.5,48.279428,16.281368,5|7|16|30|27,0.1089|0.0755|0.0678|0.0462|0.0461,
unit_001280,Vienna,8,8,176.0,30,2.8567,0.0,0.0,0.5,48.272779,16.275138,30|15|5|19|17,0.0889|0.0881|0.0848|0.0774|0.0768,
unit_001281,Vienna,15,15,256.6,5,2.9907,0.0,0.0,0.5,48.270277,16.232844,5|30|7|18|19,0.1007|0.0764|0.0753|0.0670|0.0653,
unit_001282,Vienna,7,7,150.6,7,2.9468,0.0,0.0,0.5,48.269335,16.234336,7|5|16|18|8,0.1205|0.1167|0.0593|0.0504|0.0483,
unit_001283,Vienna,8,8,175.7,19,2.8991,0.0,0.0,0.5,48.264777,16.243035,19|5|30|18|7,0.0904|0.0876|0.0816|0.0807|0.0660,
unit_001284,Vienna,8,8,175.7,5,2.9986,0.0,0.0,0.5,48.266287,16.252687,5|15|19|17|7,0.0797|0.0789|0.0688|0.0649|0.0642,
unit_001285,Vienna,8,8,178.3,7,2.97,0.0,0.0,0.5,48.292407,16.304527,7|8|17|18|27,0.1346|0.0723|0.0551|0.0465|0.0454,
unit_001286,Vienna,11,11,185.4,7,2.9568,0.0,0.0,0.5,48.29211,16.298688,7|5|16|12|19,0.1058|0.0978|0.0744|0.0492|0.0492,
unit_001287,Vienna,8,8,182.5,5,2.9536,0.0,0.0,0.5,48.243792,16.369529,5|8|31|1|11,0.1232|0.1056|0.0959|0.0599|0.0588,
unit_001288,Vienna,17,17,328.8,5,3.0051,0.0,0.0,0.5,48.229422,16.301987,5|8|30|7|27,0.0762|0.0551|0.0525|0.0501|0.0450,
unit_001289,Vienna,15,15,245.0,31,2.9594,0.0,0.0,0.5,48.231927,16.293572,31|28|1|22|5,0.1530|0.0618|0.0516|0.0482|0.0433,
unit_001290,Vienna,42,68,778.7,5,3.0532,4e-05,0.0,0.5,48.240511,16.279555,5|18|31|30|15,0.1314|0.0898|0.0708|0.0663|0.0632,
unit_001291,Vienna,8,8,177.0,7,2.9566,0.0,0.0,0.5,48.238201,16.28497,7|8|31|5|12,0.1122|0.0789|0.0750|0.0638|0.0533,
unit_001292,Vienna,28,41,398.7,31,2.9652,1e-05,0.04219,0.5105,48.222046,16.353544,31|30|1|11|27,0.1096|0.0711|0.0613|0.0477|0.0460,
unit_001293,Vienna,8,8,176.8,1,2.9806,0.0,0.0,0.5,48.248105,16.386492,1|5|30|9|31,0.0950|0.0858|0.0754|0.0716|0.0624,
unit_001294,Vienna,8,8,176.8,9,3.0049,0.0,0.0,0.5,48.249484,16.389614,9|26|1|5|27,0.1027|0.0857|0.0719|0.0718|0.0648,
unit_001295,Vienna,13,13,255.5,9,2.9594,0.0,0.0,0.5,48.278818,16.367441,9|5|17|6|12,0.1442|0.1046|0.0855|0.0767|0.0705,
unit_001296,Vienna,3,3,50.7,9,2.8646,0.0,0.0,0.5,48.280012,16.366695,9|26|5|15|17,0.1703|0.1023|0.0729|0.0613|0.0532,
unit_001298,Vienna,21,37,490.0,9,3.0013,8e-05,0.0,0.5,48.281013,16.365769,9|26|5|28|6,0.1455|0.1130|0.1019|0.0716|0.0584,
unit_001299,Vienna,7,15,150.9,9,3.0891,0.0,0.04582,0.5115,48.260504,16.382195,9|5|12|17|4,0.1437|0.0999|0.0953|0.0913|0.0600,
unit_001300,Vienna,8,8,176.1,9,3.009,0.0,0.0,0.5,48.264107,16.379261,9|17|5|4|12,0.1365|0.1007|0.0860|0.0717|0.0678,
unit_001301,Vienna,8,8,176.1,9,3.0487,0.0,0.0,0.5,48.266579,16.377271,9|5|18|15|17,0.1017|0.0924|0.0893|0.0874|0.0872,
unit_001302,Vienna,8,8,176.1,9,2.9397,0.0,0.0,0.5,48.27187,16.373002,9|5|4|12|17,0.1307|0.0930|0.0804|0.0799|0.0772,
unit_001303,Vienna,7,15,150.9,5,3.0719,1e-05,0.09295,0.5232,48.274252,16.371081,5|9|17|12|7,0.1136|0.1122|0.0867|0.0801|0.0773,
unit_001304,Vienna,5,6,100.6,7,2.9664,0.0,0.09295,0.5232,48.275311,16.370227,7|19|5|30|12,0.1210|0.0960|0.0911|0.0750|0.0683,
unit_001305,Vienna,7,7,156.4,5,2.9885,0.0,0.0,0.5,48.26549,16.400927,5|8|1|31|18,0.1044|0.0898|0.0880|0.0694|0.0669,
unit_001306,Vienna,13,28,252.8,9,3.0739,0.0,0.07766,0.5194,48.269832,16.398255,9|12|5|1|19,0.1366|0.1137|0.1007|0.0846|0.0648,
unit_001307,Vienna,8,8,176.0,26,3.0598,0.0,0.0,0.5,48.272766,16.399888,26|5|9|19|6,0.0941|0.0911|0.0899|0.0782|0.0760,
unit_001308,Vienna,21,21,350.4,31,2.7477,0.0,0.04884,0.5122,48.258764,16.39834,31|30|12|1|10,0.1238|0.0886|0.0779|0.0556|0.0526,
unit_001309,Vienna,27,27,379.9,31,2.7985,0.0,0.04884,0.5122,48.260456,16.39934,31|12|30|1|28,0.1615|0.0704|0.0644|0.0492|0.0439,
unit_001310,Vienna,8,8,131.8,31,2.7439,0.0,0.0,0.5,48.254215,16.396681,31|8|5|12|10,0.1432|0.0805|0.0771|0.0688|0.0557,
unit_001311,Vienna,14,18,158.6,31,2.776,0.0,0.03607,0.509,48.265638,16.389259,31|8|27|16|4,0.1934|0.0424|0.0312|0.0306|0.0302,
unit_001312,Vienna,7,7,158.0,31,2.8817,0.0,0.0,0.5,48.265084,16.387002,31|8|5|10|16,0.1450|0.1146|0.0786|0.0465|0.0453,
unit_001313,Vienna,7,7,157.9,5,3.1076,0.0,0.0,0.5,48.267456,16.381424,5|18|7|20|27,0.1096|0.0895|0.0781|0.0746|0.0742,
unit_001314,Vienna,38,42,668.1,31,2.88,2e-05,0.08165,0.5204,48.268125,16.392268,31|1|12|28|30,0.1546|0.0656|0.0558|0.0377|0.0373,
unit_001315,Vienna,25,49,408.0,31,2.8941,1e-05,0.08165,0.5204,48.266056,16.393278,31|12|5|30|1,0.1512|0.0755|0.0716|0.0614|0.0526,
unit_001316,Vienna,38,38,454.4,31,2.922,0.0,0.0,0.5,48.257654,16.404253,31|5|8|12|1,0.1326|0.0824|0.0699|0.0583|0.0478,
unit_001317,Vienna,12,12,240.1,7,2.9802,0.0,0.0,0.5,48.260676,16.412616,7|12|5|27|3,0.0788|0.0786|0.0642|0.0585|0.0513,
unit_001318,Vienna,12,16,275.7,9,3.0837,0.00011,0.0,0.5,48.264131,16.405367,9|26|5|1|27,0.1116|0.1001|0.0986|0.0758|0.0650,
unit_001319,Vienna,5,5,111.5,7,2.9802,0.0,0.0,0.5,48.26004,16.412362,7|12|5|27|3,0.0788|0.0786|0.0642|0.0585|0.0513,
unit_001320,Vienna,4,4,81.4,7,2.9802,0.0,0.0,0.5,48.25993,16.412354,7|12|5|27|3,0.0788|0.0786|0.0642|0.0585|0.0513,
unit_001321,Vienna,12,16,275.0,9,3.0834,0.00011,0.0,0.5,48.264072,16.4053,9|26|5|1|27,0.1119|0.1002|0.0984|0.0758|0.0649,
unit_001323,Vienna,11,15,183.9,5,2.9681,1e-05,0.06708,0.5168,48.251446,16.401785,5|8|31|7|18,0.1122|0.0934|0.0919|0.0868|0.0495,
unit_001325,Vienna,19,19,317.4,5,2.8101,0.0,0.0,0.5,48.251338,16.404645,5|31|12|8|11,0.1045|0.0995|0.0923|0.0719|0.0683,
unit_001326,Vienna,8,8,179.8,5,2.9961,0.0,0.0,0.5,48.250913,16.400998,5|7|8|27|30,0.0974|0.0871|0.0663|0.0606|0.0572,
unit_001327,Vienna,8,8,129.7,7,2.9868,0.0,0.0,0.5,48.115249,16.300867,7|5|19|16|18,0.1093|0.0816|0.0729|0.0659|0.0462,
unit_001328,Vienna,13,15,305.8,5,3.0869,7e-05,0.06205,0.5155,48.116826,16.299638,5|9|26|18|19,0.1332|0.1035|0.0849|0.0795|0.0672,
unit_001329,Vienna,11,11,202.8,5,2.9616,0.0,0.05404,0.5135,48.1183,16.300472,5|26|27|17|30,0.1043|0.0839|0.0814|0.0681|0.0668,
unit_001330,Vienna,30,30,573.8,5,3.0861,0.0,0.04312,0.5108,48.116178,16.299367,5|9|18|26|27,0.1316|0.1214|0.0817|0.0739|0.0696,
unit_001331,Vienna,8,8,175.2,9,3.0006,0.0,0.0,0.5,48.119635,16.303904,9|5|26|17|18,0.1180|0.0997|0.0885|0.0861|0.0791,
unit_001332,Vienna,8,8,175.2,26,2.9333,0.0,0.0,0.5,48.121309,16.309738,26|9|5|4|15,0.1167|0.0975|0.0772|0.0722|0.0688,
unit_001333,Vienna,8,8,175.2,26,3.0138,0.0,0.0,0.5,48.121465,16.313559,26|5|27|9|4,0.1242|0.1022|0.0900|0.0790|0.0584,
unit_001334,Vienna,22,30,487.1,9,3.0863,1e-05,0.0,0.5,48.121111,16.317055,9|26|5|27|4,0.1200|0.1121|0.0872|0.0845|0.0735,
unit_001335,Vienna,22,52,487.5,5,3.0439,0.0001,0.0,0.5,48.116692,16.295482,5|9|26|6|4,0.1261|0.1087|0.0958|0.0782|0.0674,
unit_001336,Vienna,8,9,176.6,5,3.028,0.0,0.04603,0.5115,48.117805,16.299037,5|26|6|9|18,0.1328|0.0983|0.0777|0.0773|0.0754,
unit_001337,Vienna,25,35,554.8,9,2.9091,3e-05,0.0,0.5,48.118406,16.322079,9|17|5|6|12,0.1550|0.0974|0.0853|0.0786|0.0677,
unit_001338,Vienna,23,24,516.5,9,2.9003,3e-05,0.0,0.5,48.118348,16.321689,9|17|5|6|12,0.1535|0.0954|0.0838|0.0777|0.0697,
unit_001339,Vienna,4,4,76.8,5,3.0,0.0,0.07782,0.5194,48.118299,16.323679,5|9|26|28|19,0.1303|0.1075|0.1024|0.0767|0.0720,
unit_001340,Vienna,4,5,76.8,9,2.9422,1e-05,0.09327,0.5233,48.117451,16.323315,9|17|5|6|15,0.1593|0.1089|0.0892|0.0813|0.0580,
unit_001342,Vienna,5,6,114.4,7,2.9514,1e-05,0.03371,0.5084,48.310575,16.325151,7|31|5|16|12,0.0959|0.0902|0.0784|0.0729|0.0638,
unit_001343,Vienna,14,14,266.9,31,2.8277,0.0,0.0,0.5,48.309636,16.324205,31|5|16|4|7,0.1416|0.0632|0.0469|0.0417|0.0398,
unit_001344,Vienna,8,8,175.0,17,3.0196,0.0,0.0,0.5,48.309636,16.26165,17|15|30|16|19,0.0932|0.0873|0.0761|0.0709|0.0671,
unit_001345,Vienna,10,10,183.2,7,2.9494,0.0,0.0,0.5,48.307748,16.265553,7|5|8|31|27,0.1418|0.1057|0.0953|0.0577|0.0576,
unit_001346,Vienna,8,8,177.2,5,2.9986,0.0,0.0,0.5,48.306066,16.248102,5|19|30|18|8,0.1064|0.0867|0.0834|0.0723|0.0644,
unit_001347,Vienna,21,21,384.7,5,3.059,0.0,0.0,0.5,48.308789,16.257483,5|7|3|31|1,0.1274|0.0704|0.0636|0.0609|0.0605,
unit_001348,Vienna,9,9,200.9,5,2.9859,0.0,0.0,0.5,48.297607,16.227385,5|7|15|19|17,0.1030|0.0993|0.0867|0.0736|0.0624,
unit_001349,Vienna,8,8,175.8,5,2.9397,0.0,0.0,0.5,48.3003,16.217966,5|18|19|15|30,0.1151|0.0886|0.0734|0.0724|0.0709,
unit_001350,Vienna,20,21,390.8,7,2.9473,4e-05,0.0,0.5,48.296668,16.21446,7|5|12|16|31,0.1353|0.1030|0.0764|0.0622|0.0541,
unit_001351,Vienna,12,12,256.7,7,2.953,0.0,0.0,0.5,48.265396,16.21067,7|16|5|19|12,0.1238|0.0825|0.0783|0.0671|0.0482,
unit_001352,Vienna,24,24,355.0,31,2.8547,0.0,0.0,0.5,48.225351,16.352895,31|30|5|11|12,0.1924|0.0457|0.0363|0.0326|0.0320,
unit_001353,Vienna,10,10,150.1,31,2.8644,0.0,0.0,0.5,48.219162,16.328432,31|12|5|10|8,0.1507|0.0869|0.0600|0.0582|0.0470,
unit_001354,Vienna,38,44,596.2,31,2.8456,5e-05,0.0,0.5,48.221867,16.329645,31|28|22|15|18,0.1925|0.0300|0.0288|0.0265|0.0264,
unit_001355,Vienna,7,13,153.7,31,2.9773,1e-05,0.08617,0.5215,48.187755,16.302084,31|8|5|27|7,0.1231|0.0719|0.0652|0.0509|0.0463,
unit_001356,Vienna,9,9,161.2,1,3.0199,0.0,0.13241,0.5331,48.187539,16.303151,1|31|30|5|7,0.1130|0.0865|0.0752|0.0575|0.0496,
unit_001357,Vienna,5,5,111.7,31,3.016,0.0,0.0,0.5,48.225303,16.402221,31|5|11|27|18,0.1081|0.0781|0.0618|0.0493|0.0492,
unit_001358,Vienna,14,14,272.0,31,2.9612,0.0,0.0,0.5,48.222746,16.403389,31|11|5|8|10,0.1311|0.0644|0.0604|0.0487|0.0476,
unit_001359,Vienna,8,8,175.1,31,2.9175,0.0,0.0,0.5,48.22375,16.405419,31|5|1|18|8,0.1255|0.0549|0.0510|0.0449|0.0421,
unit_001360,Vienna,5,5,115.2,26,3.1054,0.0,0.2236,0.5557,48.224606,16.403874,26|9|5|1|11,0.1042|0.0902|0.0742|0.0650|0.0624,
unit_001361,Vienna,8,11,177.3,9,2.9962,0.0,0.0,0.5,48.229909,16.412555,9|26|11|5|3,0.1270|0.0790|0.0669|0.0632|0.0621,
unit_001362,Vienna,8,8,177.3,9,2.9865,0.0,0.0,0.5,48.228716,16.410345,9|26|11|3|5,0.1390|0.1070|0.0514|0.0482|0.0480,
unit_001363,Vienna,9,9,174.5,31,2.9264,0.0,0.0,0.5,48.213446,16.312397,31|1|10|30|11,0.1331|0.0707|0.0644|0.0572|0.0427,
unit_001364,Vienna,12,24,247.3,31,3.0188,0.0,0.0,0.5,48.202829,16.436479,31|5|1|12|8,0.0923|0.0902|0.0835|0.0602|0.0454,
unit_001365,Vienna,20,23,427.3,31,2.9108,3e-05,0.05453,0.5136,48.194157,16.39309,31|5|8|11|10,0.1569|0.0631|0.0617|0.0557|0.0548,
unit_001366,Vienna,19,26,349.2,31,2.9156,1e-05,0.05121,0.5128,48.193068,16.392193,31|8|30|1|18,0.1677|0.0634|0.0558|0.0550|0.0527,
unit_001367,Vienna,10,10,187.1,31,3.0613,0.0,0.0,0.5,48.192969,16.38991,31|10|1|8|11,0.0946|0.0837|0.0692|0.0634|0.0570,
unit_001368,Vienna,6,6,130.5,31,2.9974,0.0,0.0,0.5,48.190951,16.391618,31|8|5|2|12,0.0993|0.0993|0.0870|0.0545|0.0526,
unit_001369,Vienna,16,16,277.6,31,2.9536,0.0,0.0479,0.512,48.192171,16.392787,31|8|1|12|28,0.1683|0.0481|0.0472|0.0444|0.0443,
unit_001370,Vienna,64,164,1331.6,1,3.0651,8e-05,0.0,0.5,48.187783,16.392479,1|5|11|8|3,0.1019|0.0894|0.0774|0.0740|0.0718,
unit_001371,Vienna,6,8,126.6,19,3.0778,2e-05,0.03921,0.5098,48.184601,16.397423,19|9|10|7|17,0.1017|0.0960|0.0862|0.0645|0.0603,
unit_001372,Vienna,5,6,101.3,5,3.0244,0.0,0.08472,0.5212,48.18553,16.396587,5|10|19|31|3,0.1020|0.0761|0.0708|0.0649|0.0640,
unit_001373,Vienna,8,9,177.3,9,3.0931,1e-05,0.13024,0.5325,48.18652,16.395491,9|19|17|10|5,0.1270|0.0973|0.0665|0.0630|0.0587,
unit_001374,Vienna,10,11,183.7,9,3.0885,0.0,0.14315,0.5357,48.186497,16.3957,9|19|17|10|5,0.1283|0.0968|0.0669|0.0620|0.0570,
unit_001375,Vienna,5,6,105.8,19,3.0757,1e-05,0.04092,0.5102,48.184699,16.397601,19|9|10|7|17,0.1019|0.0973|0.0859|0.0650|0.0609,
unit_001377,Vienna,17,27,165.2,5,3.0597,2e-05,0.15004,0.5374,48.185947,16.396217,5|10|19|31|3,0.1029|0.0789|0.0789|0.0665|0.0637,
unit_001378,Vienna,9,16,201.8,9,2.9737,7e-05,0.0,0.5,48.181156,16.402469,9|6|26|5|17,0.1618|0.1052|0.0831|0.0770|0.0632,
unit_001381,Vienna,35,51,740.1,31,2.9287,3e-05,0.06847,0.5171,48.20655,16.398964,31|12|5|7|2,0.1673|0.0712|0.0451|0.0421|0.0403,
unit_001382,Vienna,15,15,280.4,31,3.0059,0.0,0.06847,0.5171,48.204719,16.39867,31|5|1|11|12,0.1475|0.0714|0.0503|0.0487|0.0486,
unit_001383,Vienna,9,9,168.4,31,2.8172,0.0,0.0,0.5,48.203923,16.401352,31|8|5|3|7,0.1576|0.0499|0.0425|0.0326|0.0297,
unit_001384,Vienna,9,9,156.2,31,2.9677,0.0,0.0,0.5,48.202737,16.403619,31|5|8|18|30,0.1058|0.0880|0.0712|0.0600|0.0485,
unit_001385,Vienna,13,13,244.8,5,3.0315,0.0,0.22987,0.5572,48.197239,16.411234,5|18|12|11|7,0.1273|0.0791|0.0748|0.0684|0.0675,
unit_001386,Vienna,12,12,199.7,9,3.0961,0.0,0.0,0.5,48.195432,16.413207,9|5|26|18|17,0.1171|0.0917|0.0802|0.0772|0.0685,
unit_001388,Vienna,7,10,151.5,5,3.0838,6e-05,0.08966,0.5224,48.197349,16.410655,5|18|12|11|7,0.1240|0.0768|0.0749|0.0673|0.0671,
unit_001389,Vienna,17,17,328.5,5,2.9603,0.0,0.05832,0.5146,48.201825,16.4154,5|30|19|11|31,0.0962|0.0715|0.0681|0.0605|0.0556,
unit_001390,Vienna,8,8,177.5,5,3.0146,0.0,0.0,0.5,48.198074,16.412981,5|7|12|18|31,0.1257|0.1220|0.0750|0.0743|0.0716,
unit_001391,Vienna,18,20,352.1,17,2.9502,1e-05,0.22987,0.5572,48.196373,16.410083,17|9|6|24|19,0.1188|0.0882|0.0810|0.0655|0.0623,
unit_001392,Vienna,24,48,410.6,5,2.9366,0.0,0.12652,0.5316,48.192569,16.438651,5|1|15|31|11,0.1224|0.0706|0.0624|0.0613|0.0514,
unit_001393,Vienna,8,8,175.4,5,2.9938,0.0,0.0,0.5,48.193697,16.436753,5|15|30|19|11,0.0986|0.0595|0.0576|0.0539|0.0508,
unit_001394,Vienna,5,5,100.2,9,3.0326,0.0,0.0,0.5,48.199548,16.425675,9|27|2|5|6,0.1282|0.0848|0.0578|0.0569|0.0566,
unit_001395,Vienna,8,8,178.7,7,3.0823,0.0,0.12652,0.5316,48.193418,16.440036,7|5|18|1|12,0.1064|0.0786|0.0724|0.0701|0.0681,
unit_001396,Vienna,34,57,707.9,1,3.0352,8e-05,0.042,0.5105,48.176337,16.388549,1|5|31|8|11,0.1010|0.0950|0.0914|0.0732|0.0579,
unit_001397,Vienna,12,13,217.5,31,2.9051,0.0,0.09158,0.5229,48.176309,16.384815,31|8|5|16|18,0.1158|0.1006|0.0935|0.0467|0.0457,
unit_001398,Vienna,11,28,203.4,5,2.9728,1e-05,0.042,0.5105,48.176702,16.387629,5|31|8|11|1,0.1215|0.1105|0.1071|0.0593|0.0589,
unit_001399,Vienna,34,49,679.6,5,3.0071,6e-05,0.0,0.5,48.167339,16.387099,5|1|31|11|18,0.1144|0.0978|0.0927|0.0783|0.0662,
unit_001400,Vienna,13,13,171.8,31,2.8545,0.0,0.0,0.5,48.170705,16.381077,31|5|8|10|12,0.1335|0.1004|0.0998|0.0520|0.0477,
unit_001401,Vienna,37,37,614.1,12,2.9486,0.0,0.0,0.5,48.161667,16.392679,12|5|2|31|19,0.1201|0.0966|0.0791|0.0651|0.0649,
unit_001402,Vienna,42,106,765.3,5,3.0289,0.00014,0.03192,0.5079,48.156231,16.395501,5|31|7|12|1,0.1192|0.0964|0.0835|0.0717|0.0632,
unit_001403,Vienna,46,83,786.9,5,2.9345,1e-05,0.0,0.5,48.139026,16.399573,5|7|31|1|8,0.1288|0.1126|0.0812|0.0746|0.0573,
unit_001404,Vienna,6,6,125.2,12,2.9997,0.0,0.0,0.5,48.143059,16.399387,12|5|15|17|3,0.0964|0.0960|0.0712|0.0693|0.0642,
unit_001405,Vienna,10,10,176.0,5,2.9999,0.0,0.0,0.5,48.136074,16.403189,5|8|7|31|19,0.1268|0.0992|0.0874|0.0574|0.0556,
unit_001406,Vienna,13,13,180.0,7,2.9545,0.0,0.0,0.5,48.136231,16.398862,7|12|5|19|27,0.1334|0.1075|0.0727|0.0575|0.0475,
unit_001407,Vienna,8,8,142.9,5,3.0195,0.0,0.0,0.5,48.136669,16.397184,5|15|8|7|30,0.1057|0.0725|0.0644|0.0596|0.0562,
unit_001408,Vienna,15,15,234.4,7,2.9952,0.0,0.0,0.5,48.123847,16.394106,7|8|5|19|18,0.1459|0.0861|0.0807|0.0591|0.0576,
unit_001409,Vienna,19,19,359.2,5,2.7837,0.0,0.0,0.5,48.121151,16.396145,5|19|12|30|9,0.1149|0.0940|0.0926|0.0562|0.0529,
unit_001410,Vienna,7,7,104.7,31,2.8717,0.0,0.0,0.5,48.218749,16.359968,31|3|4|27|8,0.1776|0.0394|0.0368|0.0358|0.0347,
unit_001411,Vienna,28,28,446.3,31,2.6233,0.0,0.0,0.5,48.219479,16.362646,31|30|28|4|1,0.1751|0.0494|0.0435|0.0321|0.0285,
unit_001412,Vienna,7,7,158.5,31,2.8892,0.0,0.0,0.5,48.222346,16.362387,31|8|18|27|3,0.1770|0.0408|0.0396|0.0382|0.0333,
unit_001413,Vienna,18,22,280.5,31,2.7026,2e-05,0.10479,0.5262,48.225191,16.361827,31|28|30|12|1,0.1626|0.0468|0.0448|0.0446|0.0444,
unit_001414,Vienna,9,9,145.1,31,2.9003,0.0,0.0,0.5,48.216371,16.348112,31|12|19|10|11,0.1497|0.0895|0.0433|0.0428|0.0323,
unit_001415,Vienna,8,8,175.0,9,2.9852,0.0,0.0,0.5,48.105663,16.258093,9|17|5|12|27,0.1423|0.0892|0.0766|0.0720|0.0633,
unit_001417,Vienna,7,8,150.0,9,3.0478,0.0,0.08349,0.5209,48.107192,16.259588,9|5|17|4|18,0.1220|0.1076|0.0901|0.0808|0.0709,
unit_001418,Vienna,7,7,150.0,26,2.9563,0.0,0.0,0.5,48.109995,16.26658,26|27|5|17|4,0.1033|0.0963|0.0825|0.0777|0.0743,
unit_001419,Vienna,8,8,175.0,5,2.8901,0.0,0.0,0.5,48.110216,16.268935,5|4|26|19|17,0.1017|0.0899|0.0802|0.0679|0.0598,
unit_001420,Vienna,5,6,100.0,7,3.0414,1e-05,0.05526,0.5138,48.11199,16.275278,7|5|16|8|19,0.1156|0.0888|0.0677|0.0657|0.0635,
unit_001422,Vienna,5,7,100.0,9,3.0226,0.0,0.22336,0.5556,48.112663,16.27645,9|17|19|27|20,0.1125|0.0891|0.0785|0.0783|0.0722,
unit_001424,Vienna,8,8,175.0,9,3.0724,0.0,0.0,0.5,48.11361,16.278114,9|4|17|26|5,0.1218|0.0741|0.0675|0.0574|0.0561,
unit_001425,Vienna,8,14,175.0,5,2.9694,4e-05,0.0,0.5,48.114513,16.279927,5|19|30|18|7,0.1096|0.0917|0.0796|0.0682|0.0681,
unit_001426,Vienna,7,7,150.0,7,3.0248,0.0,0.0,0.5,48.115202,16.281949,7|12|18|5|19,0.0814|0.0767|0.0730|0.0723|0.0709,
unit_001427,Vienna,8,9,175.0,27,2.9216,0.0,0.0,0.5,48.115698,16.285626,27|26|9|19|8,0.1017|0.0997|0.0780|0.0751|0.0750,
unit_001428,Vienna,8,9,175.0,26,2.9617,0.0,0.0,0.5,48.115843,16.287874,26|9|27|4|5,0.1255|0.0912|0.0779|0.0659|0.0637,
unit_001429,Vienna,22,46,396.4,5,2.994,1e-05,0.1474,0.5368,48.097868,16.244813,5|1|18|15|30,0.1481|0.0798|0.0724|0.0684|0.0628,
unit_001431,Vienna,11,16,252.8,9,2.9974,3e-05,0.0,0.5,48.10119,16.250437,9|5|4|17|18,0.1039|0.1038|0.0991|0.0767|0.0750,
unit_001432,Vienna,8,8,175.1,5,2.9493,0.0,0.0,0.5,48.076637,16.20972,5|9|4|30|17,0.1069|0.0988|0.0823|0.0780|0.0754,
unit_001433,Vienna,8,8,175.1,9,2.9669,0.0,0.0,0.5,48.0789,16.211579,9|5|17|4|12,0.1452|0.0861|0.0743|0.0673|0.0668,
unit_001434,Vienna,8,8,175.1,9,3.0008,0.0,0.0,0.5,48.082489,16.217418,9|4|26|17|5,0.1206|0.0946|0.0944|0.0718|0.0659,
unit_001435,Vienna,8,8,175.1,26,2.9723,0.0,0.0,0.5,48.083115,16.220278,26|9|27|5|4,0.1304|0.1087|0.0837|0.0765|0.0694,
unit_001436,Vienna,8,16,175.1,9,3.0136,0.0,0.0,0.5,48.084511,16.227123,9|26|4|5|17,0.1002|0.0988|0.0945|0.0796|0.0748,
unit_001437,Vienna,8,8,175.1,26,2.9596,0.0,0.0,0.5,48.085563,16.230088,26|27|9|5|17,0.1125|0.0871|0.0847|0.0795|0.0653,
unit_001438,Vienna,8,8,175.1,9,3.0262,0.0,0.0,0.5,48.090327,16.235003,9|5|12|17|20,0.1329|0.0938|0.0872|0.0719|0.0655,
unit_001439,Vienna,8,8,175.1,9,2.908,0.0,0.0,0.5,48.093102,16.236502,9|17|5|12|15,0.1227|0.0971|0.0818|0.0810|0.0716,
unit_001440,Vienna,3,3,50.0,30,2.9299,0.0,0.0,0.5,48.094565,16.237345,30|5|19|15|18,0.0991|0.0977|0.0976|0.0826|0.0785,
unit_001441,Vienna,8,10,175.1,9,3.028,0.0,0.0,0.5,48.097522,16.241389,9|26|27|5|4,0.1090|0.0894|0.0879|0.0850|0.0801,
unit_001443,Vienna,8,12,175.1,5,2.8669,0.0,0.0643,0.5161,48.098756,16.244293,5|26|17|9|4,0.1034|0.0945|0.0923|0.0839|0.0709,
unit_001444,Vienna,11,16,250.1,9,2.9964,3e-05,0.0,0.5,48.101353,16.250412,9|5|4|17|18,0.1045|0.1040|0.0993|0.0771|0.0749,
unit_001445,Vienna,11,24,211.0,1,3.002,0.0,0.16521,0.5412,48.214147,16.414938,1|5|25|31|10,0.1111|0.0937|0.0868|0.0731|0.0609,
unit_001447,Vienna,10,10,214.7,31,2.8262,0.0,0.0,0.5,48.181863,16.353153,31|5|12|8|10,0.1285|0.0828|0.0756|0.0730|0.0671,
unit_001448,Vienna,21,33,401.9,31,2.9452,1e-05,0.0342,0.5085,48.182472,16.351753,31|11|12|18|5,0.1707|0.0577|0.0516|0.0512|0.0482,
unit_001449,Vienna,9,9,169.7,31,2.8995,0.0,0.0,0.5,48.183396,16.35759,31|18|8|22|5,0.1978|0.0530|0.0453|0.0382|0.0366,
unit_001450,Vienna,16,16,328.1,31,3.0543,0.0,0.0,0.5,48.181582,16.361096,31|1|5|8|11,0.0861|0.0767|0.0754|0.0653|0.0592,
unit_001451,Vienna,7,15,160.8,31,3.0906,1e-05,0.04295,0.5107,48.182263,16.362872,31|5|8|1|10,0.0951|0.0944|0.0924|0.0698|0.0647,
unit_001452,Vienna,39,68,700.5,5,3.124,6e-05,0.04648,0.5116,48.182813,16.36392,5|1|31|11|18,0.0958|0.0918|0.0885|0.0536|0.0519,
unit_001453,Vienna,91,436,1393.0,6,3.1677,0.00015,0.06588,0.5164,48.180489,16.359221,6|1|17|31|9,0.0959|0.0920|0.0783|0.0670|0.0655,
unit_001455,Vienna,8,8,177.0,10,3.1001,0.0,0.0,0.5,48.180353,16.357557,10|5|27|3|19,0.0801|0.0676|0.0671|0.0643|0.0634,
unit_001456,Vienna,5,29,101.1,1,3.1607,4e-05,0.03307,0.5083,48.180898,16.359175,1|24|31|6|17,0.0923|0.0841|0.0808|0.0762|0.0695,
unit_001458,Vienna,6,26,126.7,1,3.162,9e-05,0.0,0.5,48.18105,16.35929,1|31|24|11|6,0.0938|0.0787|0.0721|0.0710|0.0648,
unit_001459,Vienna,8,8,177.4,10,3.1001,0.0,0.0,0.5,48.180473,16.357557,10|5|27|3|19,0.0801|0.0676|0.0671|0.0643|0.0634,
unit_001460,Vienna,8,16,180.8,31,3.0918,1e-05,0.04472,0.5112,48.182314,16.362747,31|5|8|1|10,0.0928|0.0926|0.0898|0.0682|0.0639,
unit_001461,Vienna,18,18,273.3,31,2.9095,0.0,0.0,0.5,48.230142,16.365522,31|5|10|8|1,0.1542|0.0607|0.0590|0.0530|0.0460,
unit_001462,Vienna,12,12,161.7,31,3.0179,0.0,0.0,0.5,48.23103,16.364089,31|5|8|20|7,0.1217|0.0754|0.0595|0.0509|0.0508,
unit_001463,Vienna,8,8,180.3,6,3.0334,0.0,0.0,0.5,48.244861,16.367208,6|5|9|17|10,0.0832|0.0830|0.0746|0.0741|0.0712,
unit_001464,Vienna,7,7,157.8,1,3.0394,0.0,0.0,0.5,48.232655,16.360749,1|5|12|25|31,0.1001|0.0895|0.0819|0.0596|0.0578,
unit_001465,Vienna,7,7,152.8,1,3.0394,0.0,0.0,0.5,48.232438,16.360439,1|5|12|25|31,0.1001|0.0895|0.0819|0.0596|0.0578,
unit_001466,Vienna,18,18,269.1,31,2.8598,0.0,0.0,0.5,48.228043,16.362591,31|12|5|15|27,0.1871|0.0539|0.0389|0.0354|0.0349,
unit_001467,Vienna,26,26,406.9,31,2.8772,0.0,0.0,0.5,48.226686,16.364111,31|30|1|10|8,0.1389|0.0755|0.0548|0.0535|0.0429,
unit_001468,Vienna,13,13,192.4,31,2.8433,0.0,0.0,0.5,48.225879,16.364962,31|8|27|3|30,0.1947|0.0442|0.0435|0.0353|0.0310,
unit_001469,Vienna,13,13,181.7,31,2.9191,0.0,0.17401,0.5434,48.221437,16.367373,31|12|2|3|5,0.1299|0.0648|0.0350|0.0343|0.0341,
unit_001470,Vienna,3,3,50.4,31,2.9592,0.0,0.0,0.5,48.201901,16.402096,31|5|10|12|3,0.0883|0.0745|0.0658|0.0628|0.0559,
unit_001471,Vienna,8,8,176.3,5,3.0211,0.0,0.0,0.5,48.201463,16.404206,5|18|27|30|8,0.1275|0.0984|0.0747|0.0653|0.0649,
unit_001472,Vienna,13,13,264.6,12,3.0374,0.0,0.0,0.5,48.199192,16.407772,12|5|27|31|2,0.0966|0.0854|0.0656|0.0598|0.0591,
unit_001473,Vienna,33,46,748.3,9,3.0619,0.00011,0.04786,0.5119,48.193342,16.414523,9|5|6|26|15,0.1332|0.0964|0.0768|0.0706|0.0566,
unit_001474,Vienna,36,112,571.6,5,3.0293,9e-05,0.0,0.5,48.087516,16.310413,5|31|1|12|18,0.1246|0.0742|0.0739|0.0658|0.0562,
unit_001475,Vienna,8,8,177.9,12,2.8814,0.0,0.0,0.5,48.090019,16.313931,12|9|5|19|1,0.1055|0.0782|0.0763|0.0710|0.0657,
unit_001476,Vienna,9,9,171.1,7,2.8943,0.0,0.0,0.5,48.087814,16.307234,7|5|8|16|19,0.1351|0.0936|0.0879|0.0666|0.0514,
unit_001477,Vienna,18,18,329.6,5,3.0202,0.0,0.08311,0.5208,48.087552,16.298596,5|31|8|7|16,0.1066|0.0963|0.0833|0.0823|0.0586,
unit_001478,Vienna,10,10,177.7,31,2.9754,0.0,0.08311,0.5208,48.086554,16.298146,31|5|8|18|1,0.1080|0.0727|0.0619|0.0499|0.0490,
unit_001479,Vienna,43,85,864.3,1,3.065,4e-05,0.09479,0.5237,48.086313,16.295138,1|12|5|31|30,0.1095|0.0921|0.0837|0.0703|0.0463,
unit_001480,Vienna,8,8,132.5,5,2.9229,0.0,0.0,0.5,48.086451,16.283626,5|8|31|16|1,0.1074|0.1003|0.0764|0.0636|0.0520,
unit_001481,Vienna,13,13,183.6,7,2.8821,0.0,0.0,0.5,48.081339,16.28681,7|8|5|31|16,0.1212|0.1017|0.0957|0.0774|0.0647,
unit_001482,Vienna,11,11,186.2,31,2.9476,0.0,0.0,0.5,48.082843,16.288514,31|7|5|8|16,0.1173|0.0753|0.0741|0.0608|0.0541,
unit_001483,Vienna,17,17,265.0,5,2.9602,0.0,0.0,0.5,48.082044,16.284354,5|8|31|16|7,0.1127|0.0762|0.0700|0.0647|0.0593,
unit_001484,Vienna,20,39,398.3,5,2.9926,0.0,0.0,0.5,48.081169,16.267268,5|8|15|18|30,0.1073|0.0794|0.0711|0.0671|0.0663,
unit_001485,Vienna,7,7,153.1,7,2.9263,0.0,0.0,0.5,48.085242,16.248866,7|5|8|31|19,0.1423|0.0917|0.0790|0.0642|0.0501,
unit_001487,Vienna,10,13,190.4,7,2.9837,1e-05,0.06169,0.5154,48.085217,16.256376,7|5|18|31|8,0.1488|0.0985|0.0685|0.0676|0.0481,
unit_001489,Vienna,14,16,332.3,5,3.0506,7e-05,0.0,0.5,48.155067,16.340242,5|18|12|15|31,0.1187|0.0944|0.0923|0.0735|0.0687,
unit_001490,Vienna,38,38,634.5,5,2.9743,0.0,0.0,0.5,48.157762,16.342219,5|12|18|2|1,0.1292|0.0931|0.0850|0.0844|0.0760,
unit_001491,Vienna,11,11,171.7,31,3.0166,0.0,0.0,0.5,48.17188,16.351769,31|5|12|1|8,0.1164|0.1076|0.0861|0.0753|0.0493,
unit_001493,Vienna,18,18,310.2,31,2.9763,0.0,0.07404,0.5185,48.193424,16.338693,31|11|27|3|12,0.0869|0.0585|0.0488|0.0469|0.0462,
unit_001494,Vienna,10,20,227.8,9,2.9762,6e-05,0.0,0.5,48.180892,16.402499,9|6|26|5|17,0.1622|0.1069|0.0829|0.0773|0.0638,
unit_001495,Vienna,9,12,202.5,9,3.0478,3e-05,0.0,0.5,48.179113,16.400621,9|12|5|4|3,0.1639|0.0834|0.0641|0.0531|0.0517,
unit_001496,Vienna,9,20,151.4,5,3.0948,0.00015,0.07103,0.5177,48.185182,16.40548,5|1|9|31|10,0.1056|0.0934|0.0902|0.0738|0.0709,
unit_001497,Vienna,10,10,179.6,9,2.9572,0.0,0.13953,0.5348,48.180808,16.400727,9|12|19|5|1,0.1620|0.0798|0.0575|0.0530|0.0509,
unit_001498,Vienna,13,25,306.0,9,2.9902,8e-05,0.19969,0.5497,48.180641,16.402751,9|6|26|5|17,0.1617|0.1068|0.0786|0.0739|0.0644,
unit_001499,Vienna,18,24,242.6,5,2.8735,0.0,0.18527,0.5462,48.280058,16.415778,5|7|8|16|18,0.1266|0.1069|0.1026|0.0554|0.0530,
unit_001500,Vienna,14,14,257.6,5,2.8649,0.0,0.18527,0.5462,48.279336,16.415867,5|12|7|16|31,0.1011|0.0994|0.0892|0.0656|0.0518,
unit_001501,Vienna,33,33,614.5,1,3.0116,0.0,0.0,0.5,48.284096,16.41307,1|5|31|12|30,0.1343|0.0941|0.0722|0.0676|0.0621,
unit_001502,Vienna,8,8,179.1,5,2.9814,0.0,0.0,0.5,48.271858,16.404775,5|1|31|3|18,0.1001|0.0913|0.0803|0.0616|0.0530,
unit_001503,Vienna,8,8,180.6,26,3.0598,0.0,0.0,0.5,48.272866,16.399847,26|5|9|19|6,0.0941|0.0911|0.0899|0.0782|0.0760,
unit_001504,Vienna,11,15,259.0,9,3.0102,0.00014,0.06236,0.5156,48.117908,16.322875,9|5|17|6|26,0.1400|0.1072|0.0867|0.0758|0.0723,
unit_001505,Vienna,7,9,150.2,24,2.6956,0.0,0.34923,0.5864,48.099016,16.321984,24|17|6|26|9,0.1123|0.0876|0.0834|0.0731|0.0671,
unit_001507,Vienna,6,6,125.2,9,2.8777,0.0,0.04882,0.5122,48.100579,16.32134,9|5|12|15|4,0.1390|0.0924|0.0919|0.0534|0.0504,
unit_001508,Vienna,11,13,250.3,9,2.9456,4e-05,0.0,0.5,48.102858,16.320708,9|5|12|3|1,0.1293|0.1021|0.0860|0.0716|0.0684,
unit_001509,Vienna,5,6,100.1,12,2.9814,1e-05,0.03779,0.5094,48.10576,16.320335,12|9|3|5|19,0.1131|0.0933|0.0763|0.0756|0.0749,
unit_001510,Vienna,6,6,125.2,9,2.9303,0.0,0.03779,0.5094,48.106999,16.320345,9|12|5|3|19,0.1313|0.1017|0.0924|0.0537|0.0496,
unit_001511,Vienna,6,6,125.2,9,2.9246,0.0,0.0,0.5,48.108572,16.320474,9|12|5|1|27,0.1287|0.0920|0.0756|0.0577|0.0502,
unit_001512,Vienna,8,8,175.2,9,2.9841,0.0,0.0,0.5,48.112491,16.321489,9|12|5|3|22,0.1254|0.0995|0.0956|0.0627|0.0612,
unit_001513,Vienna,25,25,447.3,31,2.7309,0.0,0.0,0.5,48.260277,16.395833,31|1|30|12|28,0.1590|0.0636|0.0581|0.0396|0.0391,
unit_001514,Vienna,22,27,400.3,31,2.9347,1e-05,0.0,0.5,48.197885,16.352967,31|8|27|30|6,0.1433|0.0642|0.0530|0.0490|0.0399,
unit_001515,Vienna,10,10,151.2,31,2.8783,0.0,0.0,0.5,48.1952,16.351553,31|11|10|4|27,0.1762|0.0438|0.0436|0.0332|0.0321,
unit_001516,Vienna,10,10,189.3,31,2.8538,0.0,0.0,0.5,48.181032,16.409001,31|30|1|12|8,0.1416|0.0617|0.0572|0.0569|0.0556,
unit_001517,Vienna,6,6,129.2,12,3.0164,0.0,0.0,0.5,48.178304,16.408924,12|31|7|5|16,0.1238|0.0838|0.0811|0.0800|0.0606,
unit_001518,Vienna,11,11,180.5,31,2.8095,0.0,0.0,0.5,48.194614,16.388407,31|8|4|16|18,0.1864|0.0466|0.0370|0.0336|0.0326,
unit_001519,Vienna,9,9,107.3,31,3.0088,0.0,0.0,0.5,48.198339,16.378632,31|11|10|8|3,0.1030|0.0677|0.0677|0.0513|0.0503,
unit_001520,Vienna,33,33,556.4,31,2.823,0.0,0.03669,0.5092,48.19893,16.376723,31|1|28|30|12,0.1163|0.0793|0.0662|0.0570|0.0451,
unit_001521,Vienna,12,16,277.4,7,3.0831,4e-05,0.0,0.5,48.245196,16.429174,7|19|5|18|8,0.0998|0.0991|0.0829|0.0748|0.0644,
unit_001522,Vienna,17,23,310.4,7,3.0833,4e-05,0.0,0.5,48.245017,16.428892,7|19|5|18|8,0.1003|0.0995|0.0836|0.0757|0.0646,
unit_001523,Vienna,12,12,242.9,1,3.0656,0.0,0.0,0.5,48.230759,16.451092,1|5|31|18|8,0.1266|0.1011|0.0734|0.0706|0.0642,
unit_001524,Vienna,11,11,213.1,31,2.935,0.0,0.0,0.5,48.228609,16.456437,31|1|5|8|30,0.0929|0.0905|0.0709|0.0625|0.0577,
unit_001525,Vienna,8,8,178.1,5,3.0498,0.0,0.0,0.5,48.227514,16.459313,5|31|1|8|10,0.1167|0.0954|0.0762|0.0694|0.0609,
unit_001526,Vienna,59,70,1151.0,7,3.0915,7e-05,0.0,0.5,48.22613,16.463546,7|5|8|31|1,0.1116|0.0862|0.0794|0.0672|0.0588,
unit_001527,Vienna,9,16,200.5,7,3.0413,2e-05,0.0,0.5,48.22483,16.46681,7|5|8|18|20,0.1176|0.1148|0.0686|0.0677|0.0634,
unit_001528,Vienna,8,8,147.8,5,2.935,0.0,0.0,0.5,48.221937,16.468806,5|12|8|7|31,0.1039|0.0926|0.0899|0.0898|0.0848,
unit_001529,Vienna,10,10,175.4,31,3.0564,0.0,0.19711,0.5491,48.219104,16.482412,31|5|7|1|4,0.0726|0.0605|0.0563|0.0561|0.0517,
unit_001530,Vienna,22,22,366.6,31,2.975,0.0,0.0,0.5,48.220774,16.47854,31|5|8|27|1,0.1191|0.0765|0.0628|0.0505|0.0451,
unit_001531,Vienna,17,17,261.7,31,3.0167,0.0,0.0,0.5,48.217016,16.488569,31|5|1|18|16,0.1268|0.0878|0.0704|0.0674|0.0520,
unit_001532,Vienna,19,38,370.0,5,3.015,0.0,0.0,0.5,48.217043,16.49105,5|7|1|31|8,0.1131|0.0969|0.0890|0.0869|0.0707,
unit_001533,Vienna,39,48,654.5,5,3.0053,8e-05,0.0,0.5,48.215372,16.527201,5|7|8|31|1,0.1125|0.0921|0.0812|0.0645|0.0627,
unit_001534,Vienna,14,14,284.0,5,2.9548,0.0,0.0,0.5,48.21331,16.528486,5|8|7|31|16,0.1311|0.0886|0.0835|0.0782|0.0555,
unit_001535,Vienna,20,20,321.8,7,3.0503,0.0,0.0,0.5,48.199974,16.549386,7|31|5|1|12,0.1033|0.0934|0.0885|0.0698|0.0567,
unit_001536,Vienna,29,29,391.6,1,3.0022,0.0,0.20418,0.5509,48.251842,16.428333,1|31|27|8|30,0.1002|0.0884|0.0640|0.0580|0.0540,
unit_001537,Vienna,8,15,178.3,1,2.9328,0.0,0.0,0.5,48.252485,16.425808,1|5|31|30|25,0.1367|0.0808|0.0633|0.0605|0.0498,
unit_001538,Vienna,23,23,478.1,1,3.0241,0.0,0.07553,0.5189,48.254992,16.425128,1|5|31|30|3,0.1226|0.1173|0.0751|0.0478|0.0462,
unit_001539,Vienna,7,7,150.2,5,2.9893,0.0,0.0,0.5,48.253924,16.426996,5|1|18|3|2,0.1256|0.0897|0.0756|0.0719|0.0676,
unit_001540,Vienna,48,49,781.1,31,2.7772,3e-05,0.06298,0.5157,48.224782,16.354817,31|30|1|28|12,0.1521|0.0616|0.0527|0.0483|0.0378,
unit_001541,Vienna,28,28,373.2,31,2.7864,0.0,0.0,0.5,48.229679,16.354506,31|12|30|1|28,0.1508|0.0563|0.0494|0.0437|0.0425,
unit_001542,Vienna,26,28,370.7,5,2.9039,0.0,0.05342,0.5134,48.078351,16.352005,5|12|15|7|19,0.1176|0.1042|0.0649|0.0627|0.0627,
unit_001543,Vienna,10,19,177.0,9,3.0479,3e-05,0.04641,0.5116,48.078263,16.335342,9|26|5|27|19,0.1231|0.0958|0.0956|0.0691|0.0617,
unit_001544,Vienna,3,5,50.6,9,2.996,1e-05,0.07394,0.5185,48.078214,16.336754,9|12|5|18|3,0.1485|0.0776|0.0752|0.0564|0.0539,
unit_001545,Vienna,8,8,177.0,19,2.8606,0.0,0.0,0.5,48.077905,16.345749,19|17|8|5|4,0.0852|0.0771|0.0739|0.0691|0.0606,
unit_001546,Vienna,8,8,175.5,19,3.0294,0.0,0.12754,0.5318,48.079037,16.35768,19|5|7|18|17,0.0880|0.0866|0.0824|0.0816|0.0671,
unit_001547,Vienna,7,7,150.4,5,2.9706,0.0,0.12754,0.5318,48.078135,16.356268,5|19|16|31|18,0.0872|0.0845|0.0634|0.0593|0.0565,
unit_001548,Vienna,3,3,52.0,24,2.7562,0.0,0.0,0.5,48.080868,16.377143,24|17|6|9|26,0.1121|0.0898|0.0758|0.0694|0.0563,
unit_001549,Vienna,8,8,181.2,24,2.7562,0.0,0.0,0.5,48.081625,16.377281,24|17|6|9|26,0.1121|0.0898|0.0758|0.0694|0.0563,
unit_001550,Vienna,15,15,286.7,7,2.8398,0.0,0.0,0.5,48.080797,16.391169,7|5|8|16|31,0.1377|0.0936|0.0884|0.0648|0.0632,
unit_001551,Vienna,18,18,285.7,5,2.9488,0.0,0.0,0.5,48.090774,16.412565,5|19|30|4|18,0.1459|0.0968|0.0725|0.0647|0.0595,
unit_001552,Vienna,18,23,295.3,5,3.0048,1e-05,0.03388,0.5085,48.099002,16.418631,5|1|31|7|16,0.1177|0.0821|0.0578|0.0569|0.0552,
unit_001553,Vienna,16,16,290.4,7,2.8787,0.0,0.0,0.5,48.107806,16.435873,7|5|19|16|8,0.1388|0.0984|0.0659|0.0613|0.0555,
unit_001554,Vienna,9,9,156.1,7,2.9122,0.0,0.0,0.5,48.106496,16.438154,7|5|31|8|12,0.1221|0.1173|0.0954|0.0660|0.0599,
unit_001555,Vienna,22,23,355.8,7,2.9798,6e-05,0.0,0.5,48.112105,16.445398,7|5|31|8|16,0.1422|0.0915|0.0704|0.0668|0.0536,
unit_001556,Vienna,18,18,290.7,5,2.8989,0.0,0.0468,0.5117,48.127851,16.464515,5|31|12|7|15,0.1100|0.0839|0.0698|0.0601|0.0550,
unit_001557,Vienna,8,8,182.8,31,2.8536,0.0,0.0468,0.5117,48.129414,16.465658,31|5|12|7|19,0.1051|0.0932|0.0851|0.0700|0.0477,
unit_001558,Vienna,47,91,810.0,5,3.057,3e-05,0.0,0.5,48.134711,16.468,5|1|12|31|15,0.1353|0.0901|0.0741|0.0651|0.0626,
unit_001559,Vienna,32,48,589.8,31,2.9283,2e-05,0.0,0.5,48.14372,16.471933,31|5|1|8|12,0.1479|0.0858|0.0646|0.0468|0.0463,
unit_001560,Vienna,38,38,599.2,5,3.0462,0.0,0.05258,0.5131,48.135116,16.493498,5|9|19|3|30,0.1333|0.1000|0.0792|0.0714|0.0682,
unit_001561,Vienna,8,8,176.4,5,2.5891,0.0,0.0,0.5,48.087881,16.550568,5|19|30|4|9,0.0869|0.0794|0.0543|0.0435|0.0330,
unit_001562,Vienna,8,8,175.2,5,2.799,0.0,0.0,0.5,48.102287,16.535346,5|19|30|4|9,0.1345|0.0793|0.0647|0.0574|0.0494,
unit_001563,Vienna,8,8,175.2,5,2.7638,0.0,0.0,0.5,48.09642,16.543342,5|19|30|4|9,0.1206|0.0749|0.0608|0.0526|0.0455,
unit_001564,Vienna,8,8,175.2,5,2.823,0.0,0.0,0.5,48.090804,16.551792,5|19|30|4|9,0.1395|0.0771|0.0591|0.0539|0.0401,
unit_001565,Vienna,15,27,302.6,7,3.0039,1e-05,0.0,0.5,48.178365,16.441071,7|5|12|19|1,0.1062|0.0956|0.0787|0.0762|0.0643,
unit_001566,Vienna,23,25,486.6,5,2.9736,3e-05,0.0,0.5,48.141105,16.337372,5|12|31|1|18,0.1107|0.0908|0.0851|0.0729|0.0643,
unit_001567,Vienna,16,16,285.8,9,3.0567,0.0,0.0,0.5,48.164116,16.410433,9|26|18|7|30,0.1165|0.0967|0.0775|0.0658|0.0643,
unit_001568,Vienna,22,22,410.2,5,3.0924,0.0,0.0,0.5,48.156919,16.393324,5|18|31|1|12,0.1181|0.1028|0.0746|0.0726|0.0661,
unit_001570,Vienna,9,9,162.1,31,2.7704,0.0,0.0,0.5,48.155594,16.393437,31|5|8|12|16,0.1234|0.1076|0.0878|0.0565|0.0555,
unit_001571,Vienna,19,37,364.6,5,3.1185,1e-05,0.0,0.5,48.169693,16.458983,5|18|19|1|30,0.1251|0.0837|0.0782|0.0705|0.0701,
unit_001572,Vienna,16,48,330.4,5,3.1379,6e-05,0.0,0.5,48.167397,16.469284,5|1|7|18|3,0.1127|0.0962|0.0823|0.0666|0.0643,
unit_001573,Vienna,11,11,206.4,5,2.982,0.0,0.0,0.5,48.172195,16.460958,5|18|12|19|7,0.0917|0.0893|0.0851|0.0790|0.0751,
unit_001574,Vienna,27,27,492.8,5,3.1081,0.0,0.08514,0.5213,48.161853,16.382328,5|1|31|11|18,0.1220|0.0905|0.0730|0.0681|0.0599,
unit_001575,Vienna,3,3,51.0,5,2.9673,0.0,0.08514,0.5213,48.162158,16.38106,5|31|12|8|1,0.1420|0.0971|0.0652|0.0633|0.0559,
unit_001576,Vienna,8,14,178.5,5,3.0171,5e-05,0.0,0.5,48.163181,16.377655,5|1|8|31|7,0.1237|0.0783|0.0716|0.0698|0.0567,
unit_001577,Vienna,5,5,102.8,5,2.9673,0.0,0.08514,0.5213,48.16203,16.381036,5|31|12|8|1,0.1420|0.0971|0.0652|0.0633|0.0559,
unit_001578,Vienna,14,16,326.8,9,3.0682,5e-05,0.0,0.5,48.160069,16.379985,9|17|26|6|5,0.1341|0.1043|0.0831|0.0705|0.0594,
unit_001579,Vienna,8,8,175.9,5,2.9794,0.0,0.0,0.5,48.15871,16.376902,5|9|17|26|12,0.1218|0.1045|0.0955|0.0799|0.0671,
unit_001580,Vienna,20,20,357.7,5,3.0584,0.0,0.0,0.5,48.159897,16.383095,5|18|1|31|3,0.1323|0.0847|0.0724|0.0683|0.0621,
unit_001581,Vienna,7,14,159.9,5,3.0187,0.0,0.0,0.5,48.13683,16.336967,5|1|3|31|18,0.1374|0.0908|0.0689|0.0662|0.0539,
unit_001582,Vienna,30,30,431.8,5,3.0447,0.0,0.0,0.5,48.135373,16.339725,5|19|1|3|10,0.1225|0.0977|0.0840|0.0676|0.0615,
unit_001583,Vienna,5,5,101.9,26,2.9743,0.0,0.0,0.5,48.132848,16.338615,26|5|9|19|4,0.1230|0.1120|0.0757|0.0652|0.0650,
unit_001584,Vienna,8,8,178.4,5,3.01,0.0,0.0,0.5,48.131339,16.335167,5|9|19|26|4,0.1306|0.0857|0.0724|0.0643|0.0587,
unit_001585,Vienna,10,20,177.6,5,3.1187,0.0,0.0,0.5,48.158277,16.388317,5|18|1|27|31,0.1184|0.0969|0.0727|0.0718|0.0679,
unit_001586,Vienna,3,3,55.0,12,3.036,0.0,0.0,0.5,48.161647,16.384563,12|9|5|17|1,0.1029|0.1029|0.0811|0.0802|0.0764,
unit_001587,Vienna,7,7,150.2,12,3.036,0.0,0.0,0.5,48.162048,16.385264,12|9|5|17|1,0.1029|0.1029|0.0811|0.0802|0.0764,
unit_001588,Vienna,16,16,295.7,5,3.0754,0.0,0.0,0.5,48.078527,16.331314,5|27|26|9|4,0.1198|0.0743|0.0686|0.0647|0.0597,
unit_001589,Vienna,7,7,153.7,5,3.0754,0.0,0.0,0.5,48.07838,16.331706,5|27|26|9|4,0.1198|0.0743|0.0686|0.0647|0.0597,
unit_001590,Vienna,7,7,153.7,5,2.9951,0.0,0.03265,0.5082,48.078308,16.333782,5|26|27|19|18,0.1028|0.0886|0.0749|0.0646|0.0619,
unit_001591,Vienna,12,19,206.6,12,2.982,4e-05,0.0,0.5,48.12504,16.318801,12|5|1|31|7,0.1174|0.1006|0.0791|0.0628|0.0588,
unit_001592,Vienna,8,8,180.6,9,3.0911,0.0,0.0,0.5,48.121011,16.317593,9|26|5|27|18,0.1213|0.1115|0.0856|0.0827|0.0686,
unit_001593,Vienna,7,7,163.5,5,3.0971,0.0,0.0,0.5,48.129677,16.325092,5|3|27|1|18,0.0887|0.0785|0.0673|0.0655|0.0575,
unit_001594,Vienna,7,7,154.5,9,3.0162,0.0,0.1707,0.5426,48.172546,16.457495,9|5|12|3|19,0.1299|0.0961|0.0919|0.0669|0.0572,
unit_001595,Vienna,8,8,175.0,9,3.0437,0.0,0.0,0.5,48.15262,16.482725,9|26|6|4|19,0.1136|0.1055|0.0860|0.0732|0.0632,
unit_001596,Vienna,8,8,175.0,9,2.9986,0.0,0.0,0.5,48.156803,16.478383,9|12|5|22|26,0.1625|0.0901|0.0757|0.0535|0.0521,
unit_001597,Vienna,8,15,175.0,9,3.0791,5e-05,0.0,0.5,48.160037,16.477406,9|12|19|7|3,0.1107|0.1017|0.0923|0.0665|0.0624,
unit_001598,Vienna,8,15,175.0,9,3.0772,9e-05,0.0,0.5,48.164338,16.472888,9|26|5|27|18,0.1476|0.0970|0.0952|0.0678|0.0667,
unit_001599,Vienna,8,8,175.0,26,3.0504,0.0,0.0,0.5,48.165218,16.469397,26|9|5|6|19,0.1321|0.1118|0.0930|0.0712|0.0685,
unit_001600,Vienna,5,5,100.0,19,2.9726,0.0,0.0,0.5,48.165912,16.466205,19|16|5|27|3,0.0625|0.0387|0.0371|0.0304|0.0301,
unit_001601,Vienna,8,8,175.0,5,3.0363,0.0,0.0,0.5,48.166559,16.463234,5|26|9|27|28,0.1077|0.0970|0.0937|0.0861|0.0783,
unit_001602,Vienna,8,8,175.0,9,3.0389,0.0,0.0,0.5,48.167751,16.459607,9|5|18|6|26,0.1206|0.1138|0.0807|0.0749|0.0706,
unit_001604,Vienna,4,10,75.0,5,3.0979,1e-05,0.05459,0.5136,48.171369,16.455737,5|19|6|18|9,0.1302|0.0827|0.0826|0.0824|0.0751,
unit_001605,Vienna,16,21,312.8,31,2.9387,3e-05,0.06876,0.5172,48.22677,16.332953,31|8|5|18|10,0.1468|0.0654|0.0554|0.0499|0.0463,
unit_001606,Vienna,15,15,239.1,31,2.9874,0.0,0.0,0.5,48.224432,16.333696,31|18|5|8|7,0.1437|0.0636|0.0627|0.0587|0.0491,
unit_001607,Vienna,12,12,172.1,31,2.8799,0.0,0.06876,0.5172,48.226815,16.331053,31|12|7|10|8,0.1106|0.0586|0.0432|0.0423|0.0414,
unit_001608,Vienna,12,12,231.8,5,3.0046,0.0,0.0,0.5,48.136272,16.288343,5|31|1|16|8,0.1197|0.0862|0.0664|0.0567|0.0544,
unit_001609,Vienna,8,8,181.4,5,3.0691,0.0,0.0,0.5,48.136738,16.29047,5|18|8|20|27,0.0988|0.0947|0.0869|0.0773|0.0764,
unit_001610,Vienna,8,8,180.0,5,2.9948,0.0,0.0,0.5,48.097233,16.290563,5|8|27|1|16,0.1039|0.0826|0.0634|0.0603|0.0592,
unit_001611,Vienna,12,12,242.6,5,2.9401,0.0,0.0,0.5,48.207296,16.21941,5|1|31|18|8,0.1140|0.0976|0.0661|0.0639|0.0634,
unit_001612,Vienna,8,16,181.4,5,3.0443,0.0,0.0,0.5,48.204406,16.220385,5|8|18|19|27,0.1428|0.0763|0.0746|0.0745|0.0660,
unit_001613,Vienna,10,10,181.7,1,3.0463,0.0,0.0,0.5,48.205166,16.382989,1|5|31|25|15,0.1102|0.0991|0.0875|0.0744|0.0578,
unit_001614,Vienna,21,34,390.8,31,2.9843,9e-05,0.0,0.5,48.19869,16.385615,31|8|5|27|12,0.1672|0.0522|0.0465|0.0384|0.0348,
unit_001615,Vienna,10,10,191.2,31,2.8278,0.0,0.0,0.5,48.17337,16.417313,31|1|12|5|25,0.1067|0.0864|0.0681|0.0665|0.0644,
unit_001616,Vienna,10,10,190.9,31,2.9266,0.0,0.0,0.5,48.174454,16.419267,31|8|5|20|27,0.1307|0.1041|0.0814|0.0466|0.0434,
unit_001617,Vienna,12,12,241.7,31,2.7558,0.0,0.0,0.5,48.167465,16.423322,31|1|4|30|12,0.1767|0.0557|0.0514|0.0453|0.0413,
unit_001618,Vienna,18,24,332.7,5,3.0498,8e-05,0.0,0.5,48.162642,16.429387,5|7|31|18|1,0.1133|0.0928|0.0853|0.0791|0.0720,
unit_001619,Vienna,19,19,345.2,7,3.0488,0.0,0.0,0.5,48.15949,16.45749,7|5|8|3|16,0.1144|0.0972|0.0653|0.0557|0.0550,
unit_001620,Vienna,13,13,262.3,5,3.017,0.0,0.0,0.5,48.158587,16.453817,5|31|1|8|11,0.1225|0.0870|0.0760|0.0704|0.0597,
unit_001621,Vienna,8,8,175.6,8,2.9923,0.0,0.0,0.5,48.165013,16.433573,8|5|31|11|7,0.1108|0.1101|0.0730|0.0600|0.0592,
unit_001622,Vienna,20,37,260.8,5,2.9649,1e-05,0.0,0.5,48.166535,16.428744,5|31|8|1|12,0.1255|0.1012|0.0963|0.0568|0.0551,
unit_001623,Vienna,8,8,186.5,31,3.0243,0.0,0.0,0.5,48.16467,16.43068,31|12|5|18|11,0.0963|0.0949|0.0887|0.0633|0.0575,
unit_001624,Vienna,46,56,834.0,5,3.0047,6e-05,0.0,0.5,48.137783,16.499592,5|19|30|9|18,0.1226|0.0968|0.0624|0.0577|0.0568,
unit_001625,Vienna,8,16,180.5,5,2.9515,0.0,0.0,0.5,48.136828,16.505126,5|19|30|18|27,0.1456|0.1002|0.0923|0.0791|0.0509,
unit_001626,Vienna,24,48,550.1,5,3.0887,9e-05,0.0,0.5,48.128782,16.544454,5|19|1|18|27,0.1265|0.0862|0.0768|0.0754|0.0642,
unit_001628,Vienna,18,18,274.1,9,2.8316,0.0,0.0,0.5,48.132779,16.535054,9|6|17|5|26,0.1445|0.0956|0.0880|0.0875|0.0805,
unit_001630,Vienna,8,17,180.0,5,2.9218,1e-05,0.03795,0.5095,48.116412,16.296467,5|9|26|30|19,0.1246|0.1123|0.0937|0.0767|0.0744,
unit_001631,Vienna,15,16,317.9,5,2.9679,0.0,0.0342,0.5085,48.116134,16.297701,5|9|30|4|15,0.1167|0.0969|0.0687|0.0672|0.0601,
unit_001632,Vienna,9,19,203.6,9,3.0672,2e-05,0.0,0.5,48.125355,16.481572,9|4|17|5|26,0.1265|0.0956|0.0896|0.0840|0.0808,
unit_001633,Vienna,9,25,203.6,9,3.0612,1e-05,0.0,0.5,48.124456,16.480177,9|26|27|5|4,0.1376|0.0935|0.0863|0.0800|0.0783,
unit_001634,Vienna,35,96,832.1,9,3.0702,6e-05,0.0,0.5,48.124714,16.4805,9|4|5|27|26,0.1345|0.0840|0.0831|0.0828|0.0814,
unit_001635,Vienna,28,41,598.5,9,2.945,6e-05,0.03513,0.5088,48.134747,16.489453,9|17|5|12|15,0.1244|0.1025|0.0786|0.0784|0.0673,
unit_001636,Vienna,8,16,175.3,9,3.0245,0.0,0.0,0.5,48.130382,16.488663,9|17|12|5|4,0.1586|0.1081|0.0849|0.0749|0.0682,
unit_001637,Vienna,8,16,175.3,9,3.0365,0.0,0.0,0.5,48.12684,16.484932,9|17|4|5|26,0.1284|0.1196|0.0942|0.0911|0.0694,
unit_001638,Vienna,23,38,516.8,9,2.9659,6e-05,0.0,0.5,48.134819,16.489833,9|17|5|12|15,0.1231|0.1001|0.0841|0.0788|0.0653,
unit_001639,Vienna,27,65,623.2,9,3.0695,9e-05,0.0,0.5,48.124326,16.480408,9|4|5|17|27,0.1343|0.0852|0.0815|0.0784|0.0768,
unit_001640,Vienna,8,16,175.5,9,3.0356,0.0,0.0,0.5,48.126696,16.484948,9|17|4|5|26,0.1283|0.1191|0.0938|0.0911|0.0692,
unit_001641,Vienna,8,16,175.5,9,3.0289,0.0,0.0,0.5,48.130395,16.488837,9|17|12|5|4,0.1583|0.1079|0.0859|0.0751|0.0690,
unit_001643,Vienna,7,11,151.7,9,2.8837,0.0,0.05235,0.5131,48.133881,16.489584,9|17|5|12|6,0.1306|0.1024|0.0894|0.0851|0.0651,
unit_001646,Vienna,8,8,175.0,5,2.9393,0.0,0.0,0.5,48.132211,16.344757,5|26|4|17|9,0.1119|0.1103|0.0776|0.0761|0.0725,
unit_001648,Vienna,3,3,52.5,5,2.8909,0.0,0.0342,0.5085,48.115619,16.296525,5|9|26|30|19,0.1182|0.1116|0.0876|0.0751|0.0748,
unit_001649,Vienna,12,12,231.5,5,2.938,0.0,0.05258,0.5131,48.134338,16.494669,5|19|30|3|4,0.1550|0.0780|0.0589|0.0588|0.0557,
unit_001650,Vienna,7,7,156.1,8,2.7077,0.0,0.0,0.5,48.160902,16.463301,8|5|31|16|7,0.1222|0.1053|0.1001|0.0581|0.0384,
unit_001651,Vienna,18,18,337.8,31,2.9024,0.0,0.0,0.5,48.159985,16.465803,31|5|8|7|1,0.1298|0.1007|0.0717|0.0506|0.0467,
unit_001652,Vienna,8,8,176.8,5,2.9474,0.0,0.0,0.5,48.160062,16.463111,5|8|31|16|7,0.0980|0.0763|0.0637|0.0569|0.0556,
unit_001653,Vienna,8,8,182.6,7,3.0343,0.0,0.0,0.5,48.152057,16.451349,7|8|28|5|1,0.1006|0.0762|0.0752|0.0733|0.0695,
unit_001654,Vienna,9,9,166.8,5,3.0571,0.0,0.0,0.5,48.153057,16.449733,5|12|7|31|19,0.0954|0.0941|0.0883|0.0721|0.0633,
unit_001655,Vienna,3,3,50.4,9,2.8342,0.0,0.0,0.5,48.108135,16.414301,9|5|12|19|30,0.1122|0.0969|0.0812|0.0703|0.0535,
unit_001656,Vienna,15,15,321.3,9,2.8342,0.0,0.0,0.5,48.107521,16.414622,9|5|12|19|30,0.1122|0.0969|0.0812|0.0703|0.0535,
unit_001657,Vienna,9,16,200.7,9,2.8529,1e-05,0.0,0.5,48.113245,16.41478,9|12|5|30|4,0.1351|0.0723|0.0674|0.0576|0.0477,
unit_001658,Vienna,4,4,77.0,26,2.9542,0.0,0.0,0.5,48.119689,16.411352,26|5|9|28|17,0.1188|0.1181|0.0953|0.0866|0.0786,
unit_001659,Vienna,60,121,1213.8,5,3.0026,8e-05,0.0,0.5,48.096525,16.394898,5|9|26|19|4,0.1348|0.0966|0.0830|0.0795|0.0708,
unit_001660,Vienna,8,8,176.5,5,2.9589,0.0,0.0,0.5,48.098914,16.407015,5|19|4|26|27,0.1079|0.1051|0.0800|0.0646|0.0573,
unit_001661,Vienna,12,12,233.4,9,3.0554,0.0,0.0,0.5,48.096549,16.400698,9|17|3|5|12,0.1141|0.1080|0.0740|0.0623|0.0608,
unit_001662,Vienna,24,29,538.7,19,3.0835,8e-05,0.0,0.5,48.258395,16.387083,19|26|9|27|5,0.0911|0.0906|0.0854|0.0821|0.0760,
unit_001663,Vienna,6,7,126.1,10,3.0595,1e-05,0.04,0.51,48.259325,16.39076,10|22|19|5|8,0.0893|0.0754|0.0720|0.0637|0.0611,
unit_001664,Vienna,12,12,232.5,1,3.0319,0.0,0.0,0.5,48.260065,16.389049,1|5|31|12|18,0.0987|0.0980|0.0756|0.0662|0.0651,
unit_001665,Vienna,19,19,317.2,31,2.8958,0.0,0.09937,0.5248,48.264953,16.390294,31|5|8|12|30,0.1844|0.0504|0.0444|0.0361|0.0352,
unit_001666,Vienna,10,10,153.4,31,2.8988,0.0,0.0,0.5,48.197664,16.406602,31|8|10|18|5,0.1777|0.0536|0.0458|0.0445|0.0438,
unit_001668,Vienna,23,23,429.0,31,2.7886,0.0,0.0,0.5,48.190068,16.400664,31|12|30|1|11,0.1682|0.0602|0.0569|0.0385|0.0341,
unit_001669,Vienna,13,13,228.0,31,2.9897,0.0,0.0,0.5,48.202547,16.392641,31|5|10|18|8,0.1439|0.0594|0.0509|0.0443|0.0405,
unit_001670,Vienna,24,24,444.2,31,2.7748,0.0,0.0,0.5,48.205751,16.38567,31|30|1|10|12,0.1111|0.0864|0.0613|0.0508|0.0426,
unit_001671,Vienna,18,28,276.4,31,2.8292,2e-05,0.0,0.5,48.205506,16.388655,31|27|4|15|3,0.1813|0.0442|0.0343|0.0284|0.0254,
unit_001672,Vienna,16,19,244.5,31,2.8474,2e-05,0.0,0.5,48.192823,16.331043,31|8|16|22|4,0.1962|0.0370|0.0353|0.0345|0.0331,
unit_001673,Vienna,10,10,161.8,31,2.9561,0.0,0.0,0.5,48.194359,16.332444,31|8|5|16|22,0.1683|0.0548|0.0454|0.0445|0.0368,
unit_001674,Vienna,22,22,353.7,31,2.8792,0.0,0.0,0.5,48.184843,16.351667,31|8|5|10|11,0.1909|0.0601|0.0422|0.0359|0.0338,
unit_001675,Vienna,15,15,241.9,31,2.8802,0.0,0.0,0.5,48.184331,16.353729,31|4|15|11|3,0.1946|0.0335|0.0329|0.0312|0.0282,
unit_001676,Vienna,12,12,163.1,31,2.8323,0.0,0.0,0.5,48.18468,16.355012,31|10|22|5|18,0.1600|0.0558|0.0538|0.0476|0.0469,
unit_001677,Vienna,8,8,121.0,31,2.8909,0.0,0.04416,0.511,48.187016,16.35165,31|12|10|5|8,0.1679|0.0755|0.0689|0.0644|0.0579,
unit_001678,Vienna,11,18,215.3,31,3.0471,3e-05,0.11689,0.5292,48.18298,16.347136,31|5|12|1|11,0.0877|0.0857|0.0817|0.0796|0.0717,
unit_001679,Vienna,22,22,342.6,31,2.9298,0.0,0.11439,0.5286,48.181626,16.348081,31|1|8|30|5,0.1344|0.0665|0.0645|0.0628|0.0604,
unit_001680,Vienna,13,13,258.9,31,2.9911,0.0,0.0,0.5,48.187095,16.355109,31|3|10|11|5,0.1379|0.0537|0.0476|0.0474|0.0427,
unit_001681,Vienna,10,10,160.1,31,2.8896,0.0,0.0,0.5,48.185563,16.358046,31|18|12|10|11,0.1949|0.0391|0.0391|0.0390|0.0345,
unit_001682,Vienna,11,11,184.5,31,2.6642,0.0,0.0,0.5,48.186632,16.358535,31|15|4|27|3,0.2055|0.0340|0.0302|0.0299|0.0295,
unit_001683,Vienna,11,11,128.5,31,2.9534,0.0,0.0,0.5,48.189709,16.359593,31|8|10|18|5,0.1704|0.0672|0.0560|0.0552|0.0523,
unit_001684,Vienna,19,20,339.6,31,2.9826,3e-05,0.09193,0.523,48.189444,16.362985,31|10|5|3|11,0.1469|0.0538|0.0430|0.0425|0.0363,
unit_001685,Vienna,12,12,151.4,31,2.9093,0.0,0.0,0.5,48.191807,16.364432,31|18|11|5|3,0.1673|0.0616|0.0450|0.0437|0.0418,
unit_001686,Vienna,14,14,178.0,31,2.9184,0.0,0.1017,0.5254,48.199211,16.366556,31|12|10|1|5,0.1164|0.0947|0.0743|0.0682|0.0625,
unit_001687,Vienna,31,48,562.7,31,2.863,2e-05,0.0,0.5,48.19515,16.363281,31|30|27|4|22,0.1716|0.0510|0.0484|0.0445|0.0330,
unit_001688,Vienna,16,16,344.9,31,2.7646,0.0,0.0,0.5,48.197287,16.363812,31|17|8|4|3,0.1800|0.0320|0.0304|0.0300|0.0290,
unit_001690,Vienna,16,16,293.5,31,2.9022,0.0,0.0,0.5,48.18123,16.355922,31|5|8|11|1,0.1239|0.1190|0.0813|0.0581|0.0563,
unit_001692,Vienna,9,9,126.2,31,2.9658,0.0,0.0573,0.5143,48.187044,16.362527,31|10|5|11|18,0.1521|0.0759|0.0456|0.0439|0.0437,
unit_001693,Vienna,10,10,145.8,5,3.0648,0.0,0.0,0.5,48.184609,16.368851,5|1|18|27|31,0.1036|0.0785|0.0701|0.0677|0.0656,
unit_001694,Vienna,13,13,175.3,31,2.9322,0.0,0.0,0.5,48.185178,16.368416,31|8|18|10|27,0.1679|0.0711|0.0585|0.0472|0.0462,
unit_001695,Vienna,7,7,152.6,5,3.0648,0.0,0.0,0.5,48.184526,16.368919,5|1|18|27|31,0.1036|0.0785|0.0701|0.0677|0.0656,
unit_001696,Vienna,23,23,339.0,31,2.9378,0.0,0.0,0.5,48.189199,16.365459,31|10|30|11|12,0.1516|0.0696|0.0604|0.0535|0.0528,
unit_001697,Vienna,20,20,349.8,31,2.8311,0.0,0.06957,0.5174,48.188407,16.367626,31|8|5|1|12,0.1650|0.0713|0.0636|0.0525|0.0506,
unit_001698,Vienna,11,11,148.3,31,2.9291,0.0,0.06957,0.5174,48.187608,16.368459,31|8|18|5|10,0.2005|0.0473|0.0454|0.0422|0.0404,
unit_001699,Vienna,13,13,214.8,31,2.8071,0.0,0.0,0.5,48.190831,16.359217,31|8|5|16|10,0.1602|0.0458|0.0412|0.0411|0.0347,
unit_001700,Vienna,13,13,187.3,31,2.8017,0.0,0.0,0.5,48.198295,16.39483,31|4|30|10|12,0.1608|0.0546|0.0516|0.0500|0.0421,
unit_001701,Vienna,43,47,661.4,31,2.9236,5e-05,0.0,0.5,48.196707,16.39459,31|8|30|5|11,0.1790|0.0555|0.0443|0.0410|0.0373,
unit_001702,Vienna,11,11,161.7,31,2.8579,0.0,0.0,0.5,48.215198,16.318209,31|6|27|4|12,0.1230|0.0392|0.0392|0.0378|0.0353,
unit_001703,Vienna,20,26,361.4,31,2.993,5e-05,0.0,0.5,48.217812,16.316339,31|5|8|10|3,0.1680|0.0557|0.0483|0.0440|0.0439,
unit_001704,Vienna,15,15,159.5,31,2.6015,0.0,0.0,0.5,48.220637,16.3223,31|12|4|19|27,0.1855|0.0462|0.0340|0.0275|0.0261,
unit_001705,Vienna,33,38,621.5,31,2.9108,3e-05,0.03497,0.5087,48.222769,16.318313,31|4|12|22|30,0.1880|0.0434|0.0429|0.0375|0.0313,
unit_001706,Vienna,25,59,430.3,31,3.0857,2e-05,0.08162,0.5204,48.230188,16.329046,31|17|5|1|22,0.1102|0.0801|0.0731|0.0713|0.0628,
unit_001707,Vienna,27,27,458.6,31,2.8985,0.0,0.0,0.5,48.231863,16.328744,31|1|30|28|5,0.1131|0.0965|0.0741|0.0665|0.0424,
unit_001708,Vienna,14,14,238.3,31,2.8183,0.0,0.09705,0.5242,48.226286,16.340352,31|12|11|10|8,0.1483|0.0679|0.0560|0.0501|0.0491,
unit_001709,Vienna,10,10,181.7,5,3.1345,0.0,0.19714,0.5491,48.185409,16.407123,5|18|7|1|3,0.1140|0.0817|0.0717|0.0665|0.0636,
unit_001710,Vienna,7,8,127.5,5,2.9685,0.0,0.0,0.5,48.185384,16.404813,5|1|10|31|3,0.1025|0.0962|0.0843|0.0765|0.0587,
unit_001711,Vienna,12,12,204.5,9,3.0087,0.0,0.0,0.5,48.186766,16.408933,9|6|5|26|28,0.1611|0.0892|0.0798|0.0783|0.0594,
unit_001714,Vienna,22,22,377.3,1,2.9983,0.0,0.11588,0.5289,48.185359,16.415368,1|5|31|8|3,0.1106|0.1012|0.0735|0.0662|0.0646,
unit_001715,Vienna,14,14,245.4,1,3.0573,0.0,0.0,0.5,48.185013,16.411771,1|3|5|10|8,0.1085|0.0723|0.0666|0.0621|0.0621,
unit_001716,Vienna,11,11,205.5,5,3.0464,0.0,0.0,0.5,48.186208,16.411159,5|26|9|27|28,0.1191|0.1031|0.0907|0.0891|0.0740,
unit_001717,Vienna,15,15,270.3,1,3.0739,0.0,0.11588,0.5289,48.184613,16.416858,1|5|10|12|31,0.0937|0.0815|0.0733|0.0668|0.0661,
unit_001718,Vienna,11,11,217.1,7,3.0361,0.0,0.0,0.5,48.183051,16.419499,7|5|19|18|27,0.1086|0.1013|0.0748|0.0711|0.0701,
unit_001719,Vienna,7,7,159.3,5,3.0629,0.0,0.0,0.5,48.183458,16.421661,5|7|12|18|31,0.1044|0.0769|0.0744|0.0669|0.0643,
unit_001720,Vienna,16,16,266.9,31,2.7917,0.0,0.0,0.5,48.179105,16.420715,31|12|5|8|10,0.1350|0.1032|0.0908|0.0724|0.0483,
unit_001721,Vienna,17,26,349.4,5,3.0604,8e-05,0.0,0.5,48.178218,16.415718,5|31|8|11|18,0.1072|0.0892|0.0839|0.0691|0.0668,
unit_001722,Vienna,9,9,156.4,31,2.965,0.0,0.0,0.5,48.219588,16.397427,31|8|18|1|20,0.1583|0.0462|0.0413|0.0396|0.0394,
unit_001723,Vienna,20,20,364.9,31,2.951,0.0,0.0,0.5,48.217883,16.40122,31|1|5|8|27,0.0978|0.0899|0.0885|0.0709|0.0471,
unit_001725,Vienna,12,12,245.5,31,2.8546,0.0,0.0342,0.5085,48.183076,16.35338,31|5|8|18|10,0.1761|0.0617|0.0592|0.0538|0.0451,
unit_001727,Vienna,6,6,130.1,9,2.9331,0.0,0.0,0.5,48.194621,16.418896,9|26|27|5|28,0.1066|0.1032|0.0872|0.0704|0.0688,
unit_001728,Vienna,4,4,76.2,9,2.9331,0.0,0.0,0.5,48.194628,16.41924,9|26|27|5|28,0.1066|0.1032|0.0872|0.0704|0.0688,
unit_001729,Vienna,9,14,208.7,9,3.0789,8e-05,0.15668,0.5391,48.264336,16.396038,9|12|10|1|5,0.1123|0.1021|0.0652|0.0546|0.0517,
unit_001730,Vienna,9,13,204.6,9,3.0749,8e-05,0.09733,0.5243,48.264404,16.395872,9|12|10|1|5,0.1104|0.1036|0.0654|0.0544|0.0518,
unit_001731,Vienna,7,14,153.5,5,3.0967,2e-05,0.09733,0.5243,48.266084,16.396631,5|3|6|18|10,0.0912|0.0785|0.0734|0.0686|0.0676,
unit_001732,Vienna,7,8,153.5,12,3.0501,0.0,0.07817,0.5195,48.268411,16.397634,12|1|19|5|9,0.1088|0.0835|0.0835|0.0724|0.0610,
unit_001733,Vienna,13,21,257.4,31,2.689,1e-05,0.0,0.5,48.202999,16.357009,31|30|12|1|28,0.1714|0.0554|0.0423|0.0381|0.0369,
unit_001734,Vienna,23,25,475.7,31,3.0131,5e-05,0.08227,0.5205,48.19726,16.33425,31|5|8|1|18,0.1501|0.0614|0.0600|0.0500|0.0431,
unit_001736,Vienna,8,13,119.5,31,2.8659,1e-05,0.04053,0.5101,48.212438,16.353364,31|12|19|16|10,0.1744|0.0534|0.0378|0.0369|0.0324,
unit_001737,Vienna,10,10,179.1,31,2.7097,0.0,0.0,0.5,48.19385,16.344592,31|4|15|18|19,0.2033|0.0327|0.0315|0.0276|0.0267,
unit_001738,Vienna,20,24,350.3,31,2.8934,2e-05,0.0,0.5,48.193546,16.347531,31|8|12|10|18,0.1796|0.0670|0.0535|0.0521|0.0499,
unit_001739,Vienna,9,9,159.8,31,2.9058,0.0,0.0,0.5,48.195016,16.347105,31|10|5|12|8,0.1356|0.0976|0.0798|0.0770|0.0717,
unit_001740,Vienna,12,12,183.1,31,2.8227,0.0,0.0,0.5,48.191897,16.34271,31|8|4|27|16,0.1732|0.0438|0.0385|0.0380|0.0297,
unit_001741,Vienna,18,18,341.4,31,2.9398,0.0,0.04831,0.5121,48.193509,16.342336,31|5|18|10|8,0.1561|0.0510|0.0491|0.0451|0.0390,
unit_001742,Vienna,6,6,138.2,31,2.7752,0.0,0.0,0.5,48.193093,16.344118,31|18|19|4|3,0.1901|0.0427|0.0313|0.0297|0.0291,
unit_001743,Vienna,11,11,214.4,24,2.4958,0.0,0.68563,0.665,48.227897,16.452555,24|17|9|6|12,0.1686|0.1122|0.0887|0.0502|0.0300,
unit_001744,Vienna,11,11,206.2,7,3.0272,0.0,0.68563,0.665,48.228824,16.453406,7|5|31|8|16,0.1114|0.1010|0.0830|0.0678|0.0543,
unit_001745,Vienna,9,16,201.1,5,2.9498,0.0,0.0,0.5,48.286603,16.533337,5|19|18|30|4,0.1528|0.0944|0.0793|0.0626|0.0601,
unit_001746,Vienna,15,15,290.8,5,2.9495,0.0,0.0,0.5,48.288052,16.542523,5|19|18|4|30,0.1274|0.0868|0.0612|0.0587|0.0556,
unit_001747,Vienna,12,22,226.9,5,2.8592,0.0,0.0,0.5,48.291587,16.552077,5|19|30|4|9,0.1210|0.0961|0.0723|0.0577|0.0534,
unit_001748,Vienna,12,12,246.4,5,3.0107,0.0,0.0,0.5,48.275109,16.474357,5|1|17|26|8,0.0956|0.0826|0.0798|0.0728|0.0674,
unit_001749,Vienna,16,16,347.1,5,2.9691,0.0,0.0,0.5,48.274055,16.471915,5|12|19|30|18,0.1234|0.0704|0.0693|0.0624|0.0607,
unit_001750,Vienna,14,14,281.0,5,3.0369,0.0,0.0,0.5,48.243211,16.462209,5|9|12|26|18,0.1291|0.1240|0.0709|0.0672|0.0573,
unit_001751,Vienna,81,235,2205.8,5,3.0677,5e-05,0.05478,0.5137,48.24086,16.459928,5|1|9|12|22,0.1386|0.1267|0.0846|0.0703|0.0665,
unit_001752,Vienna,12,27,227.9,5,3.095,0.00011,0.0,0.5,48.240897,16.460339,5|9|1|12|22,0.1227|0.1225|0.1048|0.0717|0.0622,
unit_001753,Vienna,14,14,284.3,9,2.9762,0.0,0.0,0.5,48.260829,16.475431,9|5|12|3|1,0.1432|0.1086|0.0906|0.0582|0.0556,
unit_001754,Vienna,99,164,1897.8,9,3.0324,9e-05,0.06208,0.5155,48.25735,16.474957,9|5|12|17|6,0.1579|0.0893|0.0848|0.0550|0.0501,
unit_001755,Vienna,23,34,521.4,9,3.0367,3e-05,0.0,0.5,48.267942,16.4793,9|17|26|28|5,0.1064|0.0952|0.0811|0.0779|0.0659,
unit_001756,Vienna,20,20,332.1,5,3.0248,0.0,0.0,0.5,48.278982,16.493003,5|7|31|1|16,0.1086|0.0933|0.0838|0.0650|0.0505,
unit_001757,Vienna,8,8,178.1,5,2.8863,0.0,0.0,0.5,48.276521,16.483724,5|19|30|8|27,0.1216|0.0873|0.0742|0.0579|0.0462,
unit_001758,Vienna,8,8,177.5,5,2.9216,0.0,0.0,0.5,48.282356,16.488268,5|19|30|12|4,0.1158|0.0838|0.0616|0.0429|0.0353,
unit_001759,Vienna,8,8,177.3,5,2.9947,0.0,0.0,0.5,48.28346,16.527473,5|30|19|27|18,0.1250|0.0651|0.0618|0.0551|0.0461,
unit_001760,Vienna,9,16,202.6,5,2.7174,0.0,0.0,0.5,48.281702,16.517478,5|19|30|4|26,0.1356|0.0792|0.0681|0.0617|0.0523,
unit_001761,Vienna,80,120,1585.8,5,2.9847,9e-05,0.0,0.5,48.281409,16.511205,5|9|26|19|4,0.1271|0.1085|0.0804|0.0685|0.0680,
unit_001762,Vienna,5,5,105.4,7,2.9868,0.0,0.0,0.5,48.114961,16.301048,7|5|19|16|18,0.1093|0.0816|0.0729|0.0659|0.0462,
unit_001763,Vienna,13,13,266.5,5,2.968,0.0,0.04239,0.5106,48.115939,16.297871,5|9|30|4|15,0.1165|0.0967|0.0686|0.0671|0.0600,
unit_001764,Vienna,7,7,152.4,12,2.949,0.0,0.0,0.5,48.108056,16.315295,12|1|5|3|31,0.1021|0.0903|0.0867|0.0717|0.0577,
unit_001765,Vienna,7,7,157.5,7,3.0546,0.0,0.0,0.5,48.160997,16.288767,7|5|18|30|15,0.1259|0.1051|0.0840|0.0687|0.0683,
unit_001766,Vienna,9,9,152.3,7,2.8701,0.0,0.0,0.5,48.155601,16.290976,7|8|5|16|18,0.1462|0.0946|0.0934|0.0615|0.0603,
unit_001767,Vienna,4,4,76.9,5,3.0506,0.0,0.0,0.5,48.2585,16.384129,5|17|19|9|27,0.1022|0.0908|0.0906|0.0886|0.0748,
unit_001768,Vienna,7,7,153.8,9,3.0172,0.0,0.0,0.5,48.256873,16.384847,9|26|5|18|22,0.1577|0.1014|0.0990|0.0654|0.0624,
unit_001769,Vienna,15,15,304.4,5,3.0376,0.0,0.0,0.5,48.25195,16.389494,5|9|28|12|18,0.1040|0.1000|0.0821|0.0770|0.0647,
unit_001770,Vienna,7,16,153.5,9,3.0893,0.0,0.04945,0.5124,48.260418,16.382033,9|5|12|17|4,0.1439|0.1006|0.0958|0.0909|0.0598,
unit_001771,Vienna,10,14,230.2,5,3.0686,0.00011,0.04945,0.5123,48.258921,16.383296,5|9|19|18|30,0.1079|0.0999|0.0777|0.0734|0.0685,
unit_001772,Vienna,7,10,153.5,9,3.0313,1e-05,0.0,0.5,48.256933,16.385048,9|5|26|18|6,0.1607|0.1008|0.1001|0.0673|0.0641,
unit_001773,Vienna,8,14,180.0,31,2.8245,1e-05,0.03301,0.5082,48.244674,16.438444,31|5|12|1|8,0.1198|0.0876|0.0840|0.0819|0.0813,
unit_001775,Vienna,30,46,508.6,5,3.1276,2e-05,0.0,0.5,48.234662,16.40847,5|1|25|18|28,0.1121|0.0827|0.0742|0.0705|0.0704,
unit_001776,Vienna,14,14,226.9,24,2.9923,0.0,0.0,0.5,48.235088,16.410107,24|17|6|1|5,0.1089|0.1009|0.0768|0.0716|0.0639,
unit_001777,Vienna,8,8,133.8,24,2.6409,0.0,0.0,0.5,48.232814,16.410937,24|17|9|6|26,0.1571|0.1172|0.1051|0.0607|0.0376,
unit_001778,Vienna,26,45,508.8,5,2.9607,1e-05,0.06849,0.5171,48.217725,16.476961,5|8|31|1|11,0.1115|0.0994|0.0973|0.0867|0.0599,
unit_001779,Vienna,36,48,748.7,5,3.0531,8e-05,0.06849,0.5171,48.21816,16.474564,5|8|31|1|11,0.1097|0.0829|0.0782|0.0639|0.0566,
unit_001780,Vienna,26,33,516.8,5,2.9897,5e-05,0.0,0.5,48.215692,16.482721,5|12|31|7|1,0.1141|0.0966|0.0832|0.0651|0.0575,
unit_001781,Vienna,20,37,326.6,7,2.9641,2e-05,0.04823,0.5121,48.214732,16.468124,7|5|18|12|31,0.1277|0.1219|0.0854|0.0789|0.0661,
unit_001782,Vienna,16,16,243.0,7,3.0865,0.0,0.0,0.5,48.216443,16.465182,7|5|8|18|31,0.1355|0.1019|0.0879|0.0660|0.0625,
unit_001783,Vienna,7,7,154.9,5,3.0314,0.0,0.0,0.5,48.2196,16.459158,5|7|8|1|31,0.1221|0.0777|0.0752|0.0709|0.0617,
unit_001784,Vienna,12,12,184.9,5,2.9858,0.0,0.0,0.5,48.22142,16.458534,5|31|1|12|11,0.1293|0.0869|0.0848|0.0754|0.0666,
unit_001785,Vienna,21,21,419.6,1,2.9204,0.0,0.0,0.5,48.219255,16.466022,1|5|8|25|31,0.1011|0.0965|0.0636|0.0628|0.0580,
unit_001786,Vienna,16,16,271.0,5,2.9514,0.0,0.0,0.5,48.222014,16.45639,5|31|8|11|12,0.1118|0.1081|0.0838|0.0786|0.0652,
unit_001787,Vienna,12,12,213.6,31,2.9491,0.0,0.0,0.5,48.224775,16.454241,31|5|1|12|8,0.1127|0.1039|0.0671|0.0588|0.0568,
unit_001788,Vienna,14,14,256.3,31,2.9724,0.0,0.0,0.5,48.223532,16.453946,31|5|1|8|16,0.1567|0.0657|0.0568|0.0518|0.0437,
unit_001789,Vienna,18,18,360.4,31,2.9016,0.0,0.0,0.5,48.224596,16.451875,31|5|12|8|1,0.1275|0.1076|0.0688|0.0622|0.0588,
unit_001790,Vienna,12,14,218.1,7,2.8919,1e-05,0.04823,0.5121,48.213719,16.467391,7|5|8|16|28,0.1530|0.0922|0.0797|0.0540|0.0475,
unit_001791,Vienna,8,8,177.0,7,2.8601,0.0,0.0,0.5,48.212615,16.464877,7|5|8|18|16,0.1511|0.0858|0.0769|0.0522|0.0504,
unit_001792,Vienna,11,11,182.6,7,2.6889,0.0,0.0,0.5,48.211242,16.466469,7|8|5|16|31,0.1252|0.0934|0.0906|0.0631|0.0433,
unit_001793,Vienna,12,12,251.2,7,2.9338,0.0,0.0,0.5,48.210703,16.464111,7|5|8|19|31,0.1287|0.1028|0.0923|0.0578|0.0435,
unit_001794,Vienna,8,8,181.6,7,2.7889,0.0,0.0,0.5,48.210636,16.466938,7|5|8|19|16,0.1465|0.0977|0.0898|0.0606|0.0486,
unit_001795,Vienna,13,13,235.3,31,2.943,0.0,0.0,0.5,48.211009,16.346944,31|12|11|10|27,0.1605|0.0660|0.0596|0.0429|0.0427,
unit_001796,Vienna,11,11,163.1,31,2.828,0.0,0.0,0.5,48.210069,16.345559,31|12|1|30|10,0.1627|0.0548|0.0484|0.0407|0.0353,
unit_001797,Vienna,31,31,499.6,1,2.9484,0.0,0.0,0.5,48.24178,16.434581,1|31|5|11|30,0.1235|0.0826|0.0711|0.0604|0.0553,
unit_001799,Vienna,14,20,288.1,7,2.9084,1e-05,0.0,0.5,48.209132,16.486836,7|5|8|18|19,0.1275|0.1150|0.0843|0.0609|0.0526,
unit_001800,Vienna,24,33,489.0,7,2.9401,7e-05,0.0,0.5,48.209941,16.477913,7|5|16|31|1,0.1072|0.1059|0.0539|0.0528|0.0490,
unit_001801,Vienna,9,9,152.4,7,2.7367,0.0,0.0,0.5,48.207785,16.478353,7|5|12|16|19,0.1537|0.0829|0.0726|0.0645|0.0596,
unit_001802,Vienna,11,11,169.5,7,2.8822,0.0,0.0,0.5,48.207021,16.476738,7|5|12|31|1,0.1149|0.1072|0.0980|0.0649|0.0566,
unit_001803,Vienna,7,7,157.5,7,2.9162,0.0,0.0,0.5,48.203072,16.474458,7|5|12|19|8,0.1273|0.1059|0.0676|0.0616|0.0501,
unit_001804,Vienna,29,49,539.3,7,3.0326,0.00012,0.0,0.5,48.199203,16.469561,7|5|19|12|31,0.1336|0.0984|0.0700|0.0652|0.0482,
unit_001805,Vienna,8,8,178.7,19,2.9495,0.0,0.0,0.5,48.19797,16.460203,19|5|30|18|12,0.1074|0.0983|0.0728|0.0610|0.0514,
unit_001806,Vienna,13,13,241.4,5,2.8716,0.0,0.0,0.5,48.217801,16.457636,5|7|12|31|11,0.1138|0.0994|0.0936|0.0684|0.0570,
unit_001807,Vienna,12,12,233.4,5,2.808,0.0,0.0,0.5,48.215258,16.452697,5|19|30|15|18,0.1020|0.0891|0.0871|0.0544|0.0492,
unit_001808,Vienna,12,12,206.6,7,2.8724,0.0,0.0,0.5,48.216404,16.459148,7|8|5|19|18,0.1608|0.0787|0.0633|0.0589|0.0548,
unit_001809,Vienna,46,49,879.5,7,2.9354,3e-05,0.0,0.5,48.212591,16.460446,7|5|19|18|8,0.1486|0.1021|0.0715|0.0612|0.0566,
unit_001810,Vienna,9,9,173.8,7,2.872,0.0,0.0,0.5,48.214708,16.46212,7|19|5|8|12,0.1650|0.0689|0.0667|0.0529|0.0501,
unit_001811,Vienna,8,8,189.8,5,2.8854,0.0,0.0,0.5,48.210501,16.472267,5|19|30|7|15,0.1135|0.0922|0.0856|0.0590|0.0567,
unit_001812,Vienna,9,9,158.9,7,2.862,0.0,0.0,0.5,48.210836,16.470567,7|5|12|16|19,0.1343|0.0713|0.0639|0.0633|0.0442,
unit_001813,Vienna,12,12,238.2,7,2.8864,0.0,0.0,0.5,48.212069,16.476351,7|5|8|16|31,0.1337|0.1030|0.0905|0.0726|0.0475,
unit_001815,Vienna,8,8,175.3,5,2.8983,0.0,0.0,0.5,48.202297,16.453786,5|19|30|18|15,0.1148|0.1025|0.0957|0.0714|0.0630,
unit_001816,Vienna,23,23,429.6,5,3.0168,0.0,0.05323,0.5133,48.206669,16.447328,5|1|18|30|3,0.1394|0.1006|0.0696|0.0680|0.0628,
unit_001817,Vienna,15,22,319.0,5,3.1198,8e-05,0.05323,0.5133,48.207871,16.44553,5|9|30|27|12,0.1229|0.0820|0.0708|0.0675|0.0653,
unit_001818,Vienna,4,6,76.1,9,2.9912,0.0,0.07103,0.5177,48.211027,16.441724,9|5|6|28|15,0.1523|0.1146|0.0886|0.0677|0.0640,
unit_001820,Vienna,10,15,228.2,5,3.1253,0.00011,0.0,0.5,48.208026,16.445923,5|30|19|1|27,0.1254|0.0698|0.0695|0.0689|0.0635,
unit_001821,Vienna,10,14,234.0,5,3.1249,0.00011,0.05323,0.5133,48.207682,16.445554,5|9|30|27|19,0.1231|0.0741|0.0700|0.0657|0.0641,
unit_001822,Vienna,4,8,76.5,5,2.9937,0.0,0.0,0.5,48.204468,16.433276,5|1|31|3|25,0.1288|0.1247|0.0749|0.0715|0.0641,
unit_001823,Vienna,7,7,152.9,9,2.9727,0.0,0.0,0.5,48.207906,16.438296,9|26|5|22|12,0.1727|0.0884|0.0830|0.0598|0.0540,
unit_001824,Vienna,22,29,488.1,9,3.1089,5e-05,0.0,0.5,48.212847,16.438331,9|17|5|18|12,0.1024|0.0923|0.0821|0.0722|0.0653,
unit_001825,Vienna,8,14,180.3,9,2.998,6e-05,0.0,0.5,48.210592,16.441517,9|5|6|26|12,0.1635|0.1054|0.0796|0.0787|0.0580,
unit_001826,Vienna,3,3,52.1,9,3.1147,0.0,0.0,0.5,48.210418,16.443355,9|5|26|15|18,0.1397|0.1116|0.0785|0.0643|0.0603,
unit_001827,Vienna,8,8,178.4,9,2.9765,0.0,0.0,0.5,48.216222,16.445705,9|5|12|6|17,0.1564|0.0771|0.0754|0.0682|0.0639,
unit_001828,Vienna,8,16,178.4,9,3.09,0.0,0.0,0.5,48.211378,16.443184,9|5|26|18|15,0.1544|0.1135|0.0856|0.0764|0.0609,
unit_001829,Vienna,12,12,231.5,9,3.0641,0.0,0.0,0.5,48.218396,16.430144,9|17|18|5|20,0.0999|0.0925|0.0742|0.0720|0.0688,
unit_001830,Vienna,16,20,326.1,7,2.8367,2e-05,0.0,0.5,48.214946,16.440934,7|12|5|31|19,0.1281|0.1210|0.0839|0.0595|0.0468,
unit_001832,Vienna,3,3,50.7,9,3.0684,0.0,0.0,0.5,48.213036,16.439005,9|17|5|18|6,0.1043|0.1014|0.0849|0.0817|0.0695,
unit_001833,Vienna,14,14,239.7,9,2.9638,0.0,0.21744,0.5541,48.217449,16.446904,9|12|6|5|3,0.1715|0.0826|0.0700|0.0697|0.0506,
unit_001834,Vienna,7,7,155.2,9,2.9765,0.0,0.07297,0.5182,48.215702,16.445901,9|5|12|6|17,0.1564|0.0771|0.0754|0.0682|0.0639,
unit_001835,Vienna,13,14,285.6,5,3.1105,0.0,0.28967,0.5719,48.217924,16.448241,5|3|30|31|10,0.1291|0.0757|0.0749|0.0647|0.0617,
unit_001836,Vienna,12,12,188.2,31,2.9447,0.0,0.0,0.5,48.222991,16.450503,31|12|5|7|16,0.1296|0.0793|0.0759|0.0702|0.0490,
unit_001837,Vienna,12,24,232.4,1,3.0169,0.0,0.0,0.5,48.220409,16.449688,1|5|12|28|31,0.1166|0.1132|0.0936|0.0704|0.0669,
unit_001838,Vienna,9,9,171.7,31,2.935,0.0,0.0,0.5,48.228438,16.456411,31|1|5|8|30,0.0929|0.0905|0.0709|0.0625|0.0577,
unit_001839,Vienna,8,8,133.9,31,2.9011,0.0,0.0,0.5,48.226655,16.456089,31|5|8|10|16,0.1595|0.0666|0.0579|0.0452|0.0437,
unit_001840,Vienna,17,17,341.0,31,2.9038,0.0,0.0,0.5,48.221627,16.454446,31|5|8|12|10,0.1232|0.0970|0.0918|0.0642|0.0630,
unit_001841,Vienna,21,30,360.5,5,2.9107,3e-05,0.0,0.5,48.223464,16.463429,5|7|12|8|31,0.1258|0.1040|0.0845|0.0795|0.0778,
unit_001842,Vienna,10,10,137.1,5,2.6918,0.0,0.0,0.5,48.223927,16.466031,5|7|16|31|8,0.1045|0.0996|0.0764|0.0734|0.0654,
unit_001843,Vienna,21,21,376.9,31,3.021,0.0,0.0,0.5,48.222719,16.473102,31|5|10|1|8,0.1232|0.0847|0.0645|0.0493|0.0468,
unit_001844,Vienna,8,8,176.9,30,2.9128,0.0,0.0,0.5,48.258463,16.503917,30|19|5|15|27,0.0998|0.0990|0.0942|0.0658|0.0560,
unit_001845,Vienna,8,8,176.6,5,2.6872,0.0,0.0,0.5,48.270412,16.503068,5|19|12|9|30,0.1285|0.0864|0.0757|0.0753|0.0658,
unit_001846,Vienna,9,9,201.8,5,2.7077,0.0,0.0,0.5,48.261183,16.500485,5|19|30|4|12,0.1050|0.0890|0.0591|0.0480|0.0377,
unit_001847,Vienna,15,15,248.3,5,3.0347,0.0,0.0,0.5,48.25768,16.499101,5|12|7|1|19,0.0983|0.0811|0.0712|0.0670|0.0634,
unit_001848,Vienna,13,13,231.3,5,2.9475,0.0,0.0,0.5,48.249011,16.497914,5|7|8|19|16,0.1226|0.0924|0.0780|0.0578|0.0570,
unit_001849,Vienna,17,17,297.2,5,3.0048,0.0,0.0,0.5,48.253962,16.501755,5|7|12|19|18,0.1176|0.1147|0.0737|0.0698|0.0644,
unit_001850,Vienna,16,16,339.8,5,2.7167,0.0,0.0,0.5,48.251302,16.499713,5|8|31|7|16,0.1129|0.1014|0.0824|0.0585|0.0552,
unit_001851,Vienna,12,17,233.4,5,3.0224,3e-05,0.03124,0.5078,48.251269,16.507393,5|12|19|16|7,0.1152|0.0618|0.0596|0.0578|0.0572,
unit_001852,Vienna,5,5,101.5,5,2.9778,0.0,0.03124,0.5078,48.251102,16.506283,5|8|1|26|30,0.1389|0.0733|0.0649|0.0621|0.0585,
unit_001853,Vienna,11,11,204.3,5,2.8874,0.0,0.0,0.5,48.258828,16.477477,5|26|27|1|4,0.0891|0.0641|0.0595|0.0526|0.0514,
unit_001855,Vienna,8,8,177.4,19,2.9076,0.0,0.0,0.5,48.257181,16.480435,19|5|12|7|16,0.0877|0.0865|0.0589|0.0526|0.0475,
unit_001856,Vienna,15,15,292.7,7,2.8962,0.0,0.0,0.5,48.248745,16.483997,7|5|19|12|16,0.1484|0.0726|0.0684|0.0631|0.0612,
unit_001857,Vienna,11,11,211.1,7,2.8117,0.0,0.0,0.5,48.253949,16.490098,7|5|12|31|16,0.1485|0.1009|0.0964|0.0620|0.0394,
unit_001858,Vienna,7,7,157.6,8,2.9042,0.0,0.0,0.5,48.251178,16.4911,8|5|7|31|1,0.1023|0.1021|0.0741|0.0587|0.0528,
unit_001859,Vienna,9,9,169.7,7,2.8846,0.0,0.0,0.5,48.251906,16.533655,7|5|12|8|10,0.1122|0.0947|0.0934|0.0587|0.0568,
unit_001860,Vienna,8,8,175.5,7,2.7846,0.0,0.0,0.5,48.25275,16.533155,7|5|12|31|16,0.1375|0.0858|0.0800|0.0615|0.0569,
unit_001861,Vienna,21,25,378.6,7,2.8165,3e-05,0.0,0.5,48.258685,16.535302,7|5|19|8|30,0.1124|0.0933|0.0828|0.0727|0.0572,
unit_001862,Vienna,9,9,176.9,7,2.86,0.0,0.0,0.5,48.255447,16.518568,7|5|8|19|30,0.1098|0.0825|0.0782|0.0625|0.0619,
unit_001863,Vienna,8,8,178.4,5,2.6823,0.0,0.0,0.5,48.256138,16.513377,5|19|27|4|30,0.0694|0.0474|0.0425|0.0379|0.0258,
unit_001864,Vienna,8,8,176.3,5,2.7451,0.0,0.0,0.5,48.254418,16.528536,5|19|30|4|8,0.0906|0.0734|0.0728|0.0362|0.0296,
unit_001865,Vienna,8,31,179.4,5,3.0995,1e-05,0.0,0.5,48.222597,16.409108,5|1|31|12|18,0.1060|0.1035|0.0870|0.0740|0.0710,
unit_001866,Vienna,17,19,232.7,31,3.1341,0.0,0.03977,0.5099,48.230692,16.387212,31|28|5|18|11,0.1234|0.0652|0.0628|0.0588|0.0565,
unit_001867,Vienna,64,115,982.5,31,2.9193,2e-05,0.0,0.5,48.227678,16.388303,31|1|30|12|28,0.1348|0.0967|0.0674|0.0671|0.0594,
unit_001868,Vienna,20,20,357.8,31,2.8381,0.0,0.0,0.5,48.232215,16.384878,31|10|5|1|30,0.1277|0.0703|0.0656|0.0643|0.0632,
unit_001869,Vienna,22,29,428.1,31,2.9041,2e-05,0.04914,0.5123,48.19041,16.373471,31|8|5|22|16,0.1853|0.0560|0.0467|0.0343|0.0332,
unit_001870,Vienna,11,11,172.7,8,2.9693,0.0,0.14452,0.5361,48.206001,16.320698,8|5|31|7|6,0.1118|0.1023|0.0852|0.0506|0.0456,
unit_001872,Vienna,8,8,132.7,31,2.8216,0.0,0.0,0.5,48.209445,16.373891,31|22|4|10|18,0.1924|0.0404|0.0367|0.0361|0.0354,
unit_001873,Vienna,19,19,260.2,31,2.8399,0.0,0.0339,0.5085,48.209596,16.371676,31|30|10|8|25,0.1514|0.0636|0.0631|0.0568|0.0390,
unit_001874,Vienna,14,14,191.8,31,3.0187,0.0,0.0,0.5,48.211168,16.374406,31|27|17|11|22,0.0987|0.0485|0.0474|0.0349|0.0348,
unit_001875,Vienna,15,27,208.9,31,2.6608,0.0,0.0339,0.5085,48.21025,16.370493,31|30|4|28|27,0.1740|0.0531|0.0495|0.0305|0.0292,
unit_001876,Vienna,13,13,251.0,5,2.9805,0.0,0.0,0.5,48.140703,16.366619,5|12|19|3|1,0.0914|0.0907|0.0790|0.0692|0.0681,
unit_001877,Vienna,41,82,664.5,5,3.0311,0.0,0.0,0.5,48.114646,16.35439,5|1|31|3|16,0.1469|0.0921|0.0691|0.0671|0.0647,
unit_001878,Vienna,10,10,190.2,5,2.8557,0.0,0.0,0.5,48.108408,16.351187,5|16|12|31|8,0.0848|0.0709|0.0684|0.0664|0.0603,
unit_001880,Vienna,27,32,464.2,5,2.9912,4e-05,0.0,0.5,48.111437,16.359342,5|7|12|16|3,0.1172|0.0992|0.0672|0.0608|0.0599,
unit_001881,Vienna,19,19,296.8,5,2.6951,0.0,0.0,0.5,48.111547,16.362351,5|7|31|8|16,0.1208|0.0829|0.0808|0.0804|0.0600,
unit_001882,Vienna,15,16,246.0,5,2.9461,0.0,0.03626,0.5091,48.111039,16.368172,5|7|16|8|19,0.1088|0.0918|0.0659|0.0628|0.0505,
unit_001883,Vienna,9,9,156.1,5,2.8947,0.0,0.0,0.5,48.111186,16.365306,5|7|31|8|16,0.1108|0.0981|0.0840|0.0838|0.0498,
unit_001884,Vienna,11,11,216.9,7,3.0333,0.0,0.0,0.5,48.205061,16.550827,7|5|8|1|31,0.0937|0.0892|0.0648|0.0614|0.0560,
unit_001885,Vienna,28,28,400.9,5,2.8368,0.0,0.0,0.5,48.210623,16.557823,5|19|30|4|8,0.1248|0.0820|0.0708|0.0653|0.0523,
unit_001886,Vienna,13,13,190.7,31,2.8592,0.0,0.0,0.5,48.213219,16.337967,31|8|5|16|30,0.1415|0.1061|0.0758|0.0589|0.0408,
unit_001887,Vienna,11,11,183.6,31,2.7745,0.0,0.0,0.5,48.214067,16.338611,31|8|30|27|16,0.1641|0.0684|0.0528|0.0378|0.0373,
unit_001888,Vienna,20,42,420.8,31,2.8472,0.0,0.05868,0.5147,48.215092,16.338918,31|8|1|30|27,0.1243|0.0873|0.0653|0.0650|0.0477,
unit_001889,Vienna,15,15,235.2,31,2.9659,0.0,0.04301,0.5108,48.210246,16.339319,31|12|11|28|10,0.1267|0.0845|0.0515|0.0508|0.0407,
unit_001890,Vienna,19,19,356.4,31,2.8587,0.0,0.10591,0.5265,48.214138,16.34143,31|8|12|5|17,0.1949|0.0586|0.0479|0.0356|0.0314,
unit_001892,Vienna,12,12,164.4,31,2.903,0.0,0.0,0.5,48.214306,16.327558,31|8|5|16|22,0.1576|0.0923|0.0537|0.0414|0.0381,
unit_001894,Vienna,10,10,164.3,31,2.8659,0.0,0.0,0.5,48.221406,16.337346,31|8|5|10|27,0.1576|0.0743|0.0567|0.0552|0.0430,
unit_001895,Vienna,13,13,181.9,31,2.8834,0.0,0.0,0.5,48.221092,16.339158,31|12|5|16|10,0.1931|0.0569|0.0467|0.0378|0.0317,
unit_001896,Vienna,9,10,142.8,31,2.8151,0.0,0.0366,0.5091,48.218455,16.340825,31|12|10|5|16,0.1800|0.0530|0.0338|0.0310|0.0290,
unit_001897,Vienna,19,19,321.3,31,2.8344,0.0,0.0,0.5,48.213241,16.343922,31|8|5|12|10,0.1826|0.0670|0.0631|0.0563|0.0361,
unit_001898,Vienna,33,33,439.2,31,2.8559,0.0,0.0,0.5,48.212565,16.345487,31|30|28|11|4,0.1835|0.0461|0.0436|0.0409|0.0390,
unit_001899,Vienna,13,13,164.8,31,2.937,0.0,0.0,0.5,48.21187,16.342204,31|8|5|10|16,0.1074|0.0886|0.0770|0.0724|0.0566,
unit_001900,Vienna,8,8,175.0,1,3.1148,0.0,0.0,0.5,48.221513,16.345079,1|27|7|10|31,0.1095|0.0734|0.0665|0.0662|0.0610,
unit_001901,Vienna,17,17,308.5,31,3.0051,0.0,0.0,0.5,48.224602,16.330487,31|5|16|8|18,0.1659|0.0511|0.0506|0.0496|0.0409,
unit_001902,Vienna,12,12,172.8,31,2.8587,0.0,0.12096,0.5302,48.223879,16.344704,31|8|5|22|16,0.1634|0.0787|0.0452|0.0351|0.0346,
unit_001903,Vienna,7,7,84.5,31,2.8197,0.0,0.03908,0.5098,48.219742,16.336036,31|12|16|5|7,0.1750|0.0677|0.0457|0.0400|0.0341,
unit_001904,Vienna,13,13,181.2,31,2.8936,0.0,0.0,0.5,48.220523,16.332572,31|8|5|16|10,0.1663|0.0783|0.0740|0.0414|0.0410,
unit_001905,Vienna,14,14,179.1,31,2.8477,0.0,0.0,0.5,48.220328,16.330808,31|8|5|16|27,0.1705|0.0665|0.0425|0.0403|0.0318,
unit_001906,Vienna,11,15,182.6,31,2.9036,1e-05,0.03908,0.5098,48.220375,16.336188,31|8|27|5|16,0.1796|0.0703|0.0461|0.0448|0.0430,
unit_001907,Vienna,11,11,219.3,31,2.644,0.0,0.0327,0.5082,48.218231,16.334128,31|30|28|8|27,0.1767|0.0609|0.0499|0.0442|0.0283,
unit_001908,Vienna,10,10,161.7,31,2.7549,0.0,0.0327,0.5082,48.217835,16.335685,31|30|8|28|22,0.1586|0.0649|0.0595|0.0455|0.0360,
unit_001909,Vienna,13,13,192.9,31,2.9533,0.0,0.0,0.5,48.216483,16.328403,31|8|5|27|30,0.1469|0.0793|0.0766|0.0470|0.0429,
unit_001910,Vienna,21,21,338.9,31,2.7727,0.0,0.0,0.5,48.215202,16.328921,31|5|8|12|16,0.1435|0.0901|0.0878|0.0767|0.0431,
unit_001911,Vienna,11,11,178.8,31,2.6495,0.0,0.0,0.5,48.213295,16.349918,31|30|8|1|27,0.1482|0.0525|0.0428|0.0391|0.0377,
unit_001912,Vienna,23,28,412.1,31,2.8629,7e-05,0.0,0.5,48.2149,16.348837,31|30|1|4|28,0.1356|0.0663|0.0530|0.0403|0.0383,
unit_001913,Vienna,8,8,180.1,31,2.8695,0.0,0.0,0.5,48.216247,16.346831,31|8|5|10|22,0.1611|0.0810|0.0519|0.0383|0.0366,
unit_001914,Vienna,19,19,331.3,31,2.8702,0.0,0.05889,0.5147,48.215974,16.351135,31|12|1|28|30,0.1354|0.0552|0.0498|0.0399|0.0379,
unit_001915,Vienna,9,9,154.7,31,2.7447,0.0,0.09064,0.5226,48.21481,16.35289,31|1|8|30|27,0.1207|0.0522|0.0508|0.0486|0.0346,
unit_001917,Vienna,7,7,162.9,31,2.9195,0.0,0.0,0.5,48.219338,16.357301,31|1|28|30|7,0.1248|0.0720|0.0558|0.0515|0.0510,
unit_001918,Vienna,24,49,351.0,31,2.971,1e-05,0.06794,0.517,48.204869,16.368832,31|3|11|12|10,0.1340|0.0622|0.0493|0.0415|0.0415,
unit_001920,Vienna,8,8,102.1,31,2.8179,0.0,0.0,0.5,48.206354,16.369404,31|10|18|27|17,0.1614|0.0463|0.0382|0.0366|0.0357,
unit_001921,Vienna,9,9,156.7,31,2.8482,0.0,0.07602,0.519,48.205516,16.370065,31|10|11|18|30,0.1481|0.0633|0.0542|0.0467|0.0346,
unit_001922,Vienna,35,70,436.0,31,2.8502,0.0,0.03408,0.5085,48.202038,16.374016,31|10|28|27|11,0.1705|0.0410|0.0365|0.0364|0.0362,
unit_001923,Vienna,13,13,179.2,31,2.8057,0.0,0.0,0.5,48.204404,16.37526,31|27|10|4|11,0.1529|0.0462|0.0461|0.0437|0.0391,
unit_001924,Vienna,6,6,132.3,31,2.8209,0.0,0.0,0.5,48.205987,16.374719,31|10|17|22|27,0.1489|0.0466|0.0361|0.0314|0.0303,
unit_001925,Vienna,12,12,171.1,31,2.7522,0.0,0.03408,0.5085,48.203467,16.375316,31|27|4|10|3,0.1865|0.0400|0.0340|0.0322|0.0308,
unit_001928,Vienna,36,41,523.8,31,2.8106,0.0,0.0785,0.5196,48.207415,16.357386,31|28|1|11|30,0.1054|0.0501|0.0456|0.0331|0.0295,
unit_001929,Vienna,4,6,75.9,31,3.0441,2e-05,0.0582,0.5145,48.207207,16.356496,31|11|5|28|18,0.1022|0.0616|0.0555|0.0551|0.0546,
unit_001930,Vienna,7,7,64.0,31,2.8495,0.0,0.0,0.5,48.210061,16.365809,31|10|27|17|18,0.1574|0.0598|0.0411|0.0401|0.0360,
unit_001931,Vienna,10,10,137.0,31,2.8952,0.0,0.0,0.5,48.211411,16.366615,31|10|27|8|11,0.1554|0.0569|0.0489|0.0471|0.0375,
unit_001932,Vienna,18,18,315.4,31,2.7181,0.0,0.03157,0.5079,48.209986,16.363872,31|3|15|10|4,0.1425|0.0382|0.0347|0.0336|0.0323,
unit_001933,Vienna,5,5,55.3,31,2.7617,0.0,0.03157,0.5079,48.21064,16.363753,31|10|22|7|27,0.1542|0.0357|0.0298|0.0289|0.0289,
unit_001934,Vienna,12,12,169.4,31,2.9456,0.0,0.0,0.5,48.199813,16.329192,31|5|8|18|20,0.1536|0.0750|0.0662|0.0555|0.0442,
unit_001935,Vienna,15,15,249.8,31,2.9297,0.0,0.0,0.5,48.195782,16.324313,31|1|5|8|28,0.1767|0.0480|0.0465|0.0411|0.0397,
unit_001936,Vienna,16,16,287.7,31,2.9763,0.0,0.0,0.5,48.193956,16.319377,31|8|1|5|16,0.1644|0.0531|0.0448|0.0415|0.0373,
unit_001937,Vienna,8,8,126.1,31,2.8509,0.0,0.0,0.5,48.194602,16.323497,31|5|12|8|10,0.1548|0.0849|0.0798|0.0659|0.0611,
unit_001938,Vienna,6,6,81.7,31,2.8866,0.0,0.0,0.5,48.190948,16.325604,31|12|5|8|10,0.1161|0.1140|0.0903|0.0695|0.0623,
unit_001939,Vienna,12,20,214.6,31,2.8719,1e-05,0.0,0.5,48.192142,16.327447,31|8|16|5|27,0.1597|0.0927|0.0553|0.0498|0.0442,
unit_001940,Vienna,11,11,210.8,1,3.0199,0.0,0.0,0.5,48.187304,16.303736,1|31|30|5|7,0.1130|0.0865|0.0752|0.0575|0.0496,
unit_001941,Vienna,7,7,109.8,5,2.9418,0.0,0.0,0.5,48.202571,16.334598,5|31|8|10|3,0.0902|0.0827|0.0801|0.0635|0.0546,
unit_001942,Vienna,17,17,276.5,7,2.9458,0.0,0.11015,0.5275,48.21535,16.295073,7|8|5|30|18,0.0961|0.0923|0.0875|0.0545|0.0514,
unit_001943,Vienna,9,9,167.3,7,2.9968,0.0,0.0,0.5,48.215774,16.300485,7|8|5|31|16,0.1274|0.1055|0.1013|0.0707|0.0608,
unit_001944,Vienna,10,10,166.7,31,2.9472,0.0,0.08555,0.5214,48.219085,16.315596,31|11|12|5|16,0.1505|0.0579|0.0431|0.0417|0.0407,
unit_001945,Vienna,14,14,183.4,31,2.8224,0.0,0.0,0.5,48.217789,16.32133,31|12|5|16|19,0.1768|0.0700|0.0350|0.0329|0.0323,
unit_001946,Vienna,12,12,171.8,31,2.7954,0.0,0.0,0.5,48.21509,16.320637,31|8|5|27|16,0.1722|0.0661|0.0329|0.0318|0.0289,
unit_001947,Vienna,19,19,339.6,31,2.7213,0.0,0.09379,0.5234,48.218425,16.319483,31|8|28|30|4,0.1998|0.0356|0.0326|0.0321|0.0291,
unit_001948,Vienna,12,12,163.5,31,2.8193,0.0,0.09379,0.5234,48.219529,16.319327,31|8|5|10|22,0.1596|0.0809|0.0646|0.0398|0.0343,
unit_001949,Vienna,17,27,218.6,31,2.8887,2e-05,0.0,0.5,48.21881,16.32354,31|12|5|7|3,0.1749|0.0652|0.0359|0.0348|0.0339,
unit_001950,Vienna,27,27,671.2,31,2.7364,0.0,0.0,0.5,48.219927,16.325399,31|1|28|30|4,0.1711|0.0730|0.0644|0.0638|0.0356,
unit_001951,Vienna,16,16,330.8,31,2.7917,0.0,0.0,0.5,48.214333,16.325463,31|1|12|8|5,0.1179|0.0852|0.0760|0.0734|0.0712,
unit_001952,Vienna,18,18,383.2,31,2.6335,0.0,0.0,0.5,48.230975,16.374983,31|30|1|28|8,0.1751|0.0788|0.0634|0.0558|0.0345,
unit_001953,Vienna,28,58,552.0,31,2.9721,5e-05,0.0,0.5,48.22786,16.381154,31|1|12|28|5,0.1496|0.0573|0.0503|0.0501|0.0484,
unit_001954,Vienna,9,9,158.9,31,2.9089,0.0,0.0,0.5,48.229115,16.378674,31|8|1|5|11,0.1249|0.0745|0.0706|0.0527|0.0464,
unit_001955,Vienna,10,10,160.0,31,2.6946,0.0,0.0,0.5,48.230013,16.373759,31|8|27|4|15,0.1977|0.0414|0.0364|0.0340|0.0319,
unit_001957,Vienna,17,17,304.7,31,2.8962,0.0,0.04654,0.5116,48.228891,16.372633,31|5|12|3|10,0.1855|0.0495|0.0409|0.0397|0.0362,
unit_001958,Vienna,16,16,198.9,31,2.7001,0.0,0.0,0.5,48.229041,16.369512,31|8|4|27|30,0.1738|0.0386|0.0373|0.0370|0.0351,
unit_001959,Vienna,5,6,109.2,31,3.0244,0.0,0.04654,0.5116,48.228113,16.371892,31|8|30|18|5,0.1597|0.0579|0.0510|0.0495|0.0461,
unit_001960,Vienna,8,8,184.7,31,3.0252,0.0,0.0,0.5,48.227879,16.372232,31|8|30|18|27,0.1569|0.0582|0.0515|0.0497|0.0459,
unit_001961,Vienna,21,21,329.9,31,2.829,0.0,0.0,0.5,48.227806,16.367684,31|30|28|3|18,0.1941|0.0408|0.0369|0.0362|0.0324,
unit_001962,Vienna,13,13,180.3,31,2.817,0.0,0.0,0.5,48.229578,16.368124,31|4|27|30|22,0.1855|0.0441|0.0346|0.0335|0.0327,
unit_001963,Vienna,16,16,307.7,31,2.9383,0.0,0.0,0.5,48.183488,16.291803,31|7|8|5|3,0.1249|0.0907|0.0576|0.0527|0.0453,
unit_001964,Vienna,8,8,144.9,31,2.8684,0.0,0.0,0.5,48.183419,16.287496,31|8|5|7|16,0.1153|0.1104|0.0875|0.0755|0.0468,
unit_001965,Vienna,7,7,151.3,31,2.9405,0.0,0.06554,0.5164,48.182282,16.286801,31|7|28|30|8,0.1372|0.0820|0.0469|0.0406|0.0394,
unit_001966,Vienna,11,11,184.6,31,2.7792,0.0,0.0,0.5,48.18641,16.285606,31|7|8|5|27,0.1141|0.1003|0.0828|0.0710|0.0499,
unit_001967,Vienna,8,9,136.0,7,2.9241,0.0,0.1006,0.5251,48.184032,16.265864,7|5|8|31|19,0.1227|0.0921|0.0863|0.0582|0.0496,
unit_001968,Vienna,14,14,258.5,5,2.9365,0.0,0.0,0.5,48.181117,16.265081,5|8|31|7|16,0.1011|0.0949|0.0813|0.0710|0.0599,
unit_001970,Vienna,24,32,501.8,7,2.9791,5e-05,0.0,0.5,48.180311,16.269727,7|8|5|16|18,0.1128|0.1071|0.1064|0.0592|0.0553,
unit_001971,Vienna,16,16,168.6,7,2.8356,0.0,0.0321,0.508,48.177629,16.271115,7|12|5|31|16,0.1407|0.1062|0.0816|0.0768|0.0541,
unit_001972,Vienna,11,11,191.3,7,2.9242,0.0,0.0,0.5,48.177841,16.268382,7|5|8|31|12,0.1230|0.1015|0.0872|0.0592|0.0465,
unit_001974,Vienna,7,8,105.6,7,2.9449,0.0,0.0,0.5,48.181155,16.270083,7|5|8|19|30,0.1213|0.0925|0.0671|0.0627|0.0622,
unit_001975,Vienna,10,10,162.1,8,2.862,0.0,0.0,0.5,48.178225,16.27846,8|7|5|31|16,0.1112|0.1018|0.0933|0.0700|0.0469,
unit_001976,Vienna,10,10,179.9,27,2.9973,0.0,0.0,0.5,48.18052,16.263399,27|7|5|11|28,0.0647|0.0614|0.0592|0.0590|0.0545,
unit_001977,Vienna,8,8,183.3,7,2.8712,0.0,0.0,0.5,48.184499,16.260971,7|8|5|31|16,0.1457|0.1069|0.0870|0.0520|0.0515,
unit_001979,Vienna,9,9,169.5,7,2.9675,0.0,0.0,0.5,48.182112,16.261691,7|8|5|27|18,0.1301|0.1012|0.0804|0.0719|0.0685,
unit_001981,Vienna,19,19,338.0,7,2.8808,0.0,0.0,0.5,48.17474,16.289665,7|5|12|19|17,0.1355|0.0871|0.0796|0.0690|0.0508,
unit_001983,Vienna,18,18,301.5,7,2.9361,0.0,0.0,0.5,48.178531,16.285945,7|12|5|31|8,0.1307|0.1123|0.0884|0.0786|0.0521,
unit_001984,Vienna,10,10,196.8,7,2.8484,0.0,0.0,0.5,48.173582,16.292156,7|8|5|27|31,0.1448|0.0900|0.0767|0.0643|0.0558,
unit_001986,Vienna,8,8,182.5,5,2.9094,0.0,0.0,0.5,48.17255,16.293374,5|8|7|31|18,0.1004|0.0949|0.0771|0.0719|0.0639,
unit_001987,Vienna,14,14,170.0,5,2.8124,0.0,0.0,0.5,48.174658,16.277498,5|16|31|7|8,0.1181|0.0814|0.0778|0.0690|0.0606,
unit_001988,Vienna,6,6,132.0,5,3.0505,0.0,0.0,0.5,48.173412,16.283764,5|7|19|18|16,0.1042|0.0968|0.0857|0.0770|0.0675,
unit_001989,Vienna,25,34,414.3,7,2.9521,4e-05,0.03538,0.5088,48.174988,16.283102,7|5|8|31|12,0.1060|0.1015|0.0954|0.0878|0.0746,
unit_001990,Vienna,10,10,184.3,5,2.7715,0.0,0.0,0.5,48.174821,16.279547,5|8|7|31|16,0.1220|0.0805|0.0683|0.0681|0.0667,
unit_001991,Vienna,8,8,185.1,5,2.9522,0.0,0.0,0.5,48.174838,16.274717,5|12|31|1|7,0.0988|0.0844|0.0817|0.0768|0.0605,
unit_001992,Vienna,12,16,187.5,7,2.9129,2e-05,0.0321,0.508,48.176374,16.27049,7|8|5|16|31,0.1673|0.0946|0.0752|0.0544|0.0539,
unit_001993,Vienna,19,19,368.1,7,2.954,0.0,0.03731,0.5093,48.176727,16.263982,7|5|8|31|19,0.1195|0.1143|0.0971|0.0662|0.0514,
unit_001994,Vienna,7,7,167.2,8,2.8893,0.0,0.03731,0.5093,48.176941,16.265611,8|5|7|31|1,0.1082|0.1080|0.0943|0.0633|0.0441,
unit_001995,Vienna,7,7,168.4,8,2.8893,0.0,0.03731,0.5093,48.177155,16.265525,8|5|7|31|1,0.1082|0.1080|0.0943|0.0633|0.0441,
unit_001996,Vienna,8,8,177.7,7,2.9305,0.0,0.0,0.5,48.175781,16.266346,7|5|8|16|31,0.1308|0.0903|0.0695|0.0626|0.0602,
unit_001997,Vienna,9,9,113.1,7,2.7669,0.0,0.0,0.5,48.174836,16.264301,7|5|12|31|16,0.1730|0.0908|0.0908|0.0612|0.0602,
unit_002002,Vienna,10,10,128.1,8,2.8695,0.0,0.0,0.5,48.229533,16.361742,8|31|5|16|10,0.1196|0.1061|0.1037|0.0531|0.0468,
unit_002003,Vienna,19,20,291.5,31,2.9364,0.0,0.12093,0.5302,48.226241,16.362023,31|12|27|11|1,0.1187|0.0767|0.0515|0.0495|0.0486,
unit_002004,Vienna,10,10,146.9,31,2.7819,0.0,0.0,0.5,48.228689,16.35612,31|12|4|11|27,0.1706|0.0710|0.0347|0.0336|0.0303,
unit_002005,Vienna,6,6,81.5,31,2.7715,0.0,0.0,0.5,48.229686,16.355316,31|12|16|19|8,0.1745|0.0666|0.0413|0.0379|0.0321,
unit_002006,Vienna,19,19,339.0,31,2.8768,0.0,0.0,0.5,48.226266,16.358385,31|12|5|8|10,0.1321|0.1030|0.0828|0.0598|0.0574,
unit_002007,Vienna,11,11,187.5,31,2.9322,0.0,0.0,0.5,48.225123,16.359327,31|1|30|8|28,0.1271|0.0617|0.0552|0.0500|0.0420,
unit_002008,Vienna,15,22,156.1,31,2.9276,0.0,0.13078,0.5326,48.227534,16.35963,31|8|10|5|18,0.1768|0.0598|0.0488|0.0474|0.0464,
unit_002009,Vienna,8,8,175.3,31,2.9455,0.0,0.12618,0.5315,48.228541,16.359786,31|12|1|10|30,0.1176|0.0832|0.0735|0.0610|0.0549,
unit_002010,Vienna,10,10,155.5,31,2.9321,0.0,0.0,0.5,48.228062,16.353649,31|8|5|16|18,0.1375|0.1083|0.0745|0.0506|0.0496,
unit_002011,Vienna,13,13,168.9,31,2.9089,0.0,0.0,0.5,48.236703,16.356775,31|8|5|18|16,0.1227|0.0838|0.0637|0.0528|0.0489,
unit_002012,Vienna,11,11,191.9,31,2.8749,0.0,0.0,0.5,48.236125,16.353405,31|12|1|30|10,0.1536|0.0558|0.0498|0.0467|0.0429,
unit_002013,Vienna,16,16,257.4,31,2.9619,0.0,0.0,0.5,48.231165,16.349606,31|12|5|19|16,0.0982|0.0750|0.0593|0.0524|0.0464,
unit_002014,Vienna,9,9,155.5,31,2.9746,0.0,0.0,0.5,48.230955,16.347517,31|8|5|18|16,0.1069|0.1035|0.0963|0.0690|0.0576,
unit_002015,Vienna,7,7,113.2,31,2.8801,0.0,0.0,0.5,48.225737,16.363369,31|27|18|10|22,0.1930|0.0422|0.0416|0.0404|0.0329,
unit_002016,Vienna,8,8,138.9,31,2.8393,0.0,0.0,0.5,48.22241,16.364415,31|12|10|5|11,0.1638|0.0677|0.0378|0.0343|0.0339,
unit_002017,Vienna,8,8,185.6,31,2.7483,0.0,0.17401,0.5434,48.220945,16.366353,31|8|27|5|22,0.1693|0.0592|0.0358|0.0318|0.0293,
unit_002018,Vienna,21,21,291.1,31,2.6942,0.0,0.05229,0.5131,48.223588,16.35101,31|1|28|30|15,0.1674|0.0394|0.0351|0.0334|0.0269,
unit_002019,Vienna,8,12,131.5,31,2.953,2e-05,0.05149,0.5129,48.222185,16.352645,31|22|16|27|4,0.1565|0.0416|0.0372|0.0335|0.0330,
unit_002020,Vienna,42,66,562.1,31,2.9119,3e-05,0.0,0.5,48.214543,16.368534,31|18|11|28|10,0.1663|0.0575|0.0428|0.0400|0.0328,
unit_002021,Vienna,10,10,157.0,31,2.9883,0.0,0.03395,0.5085,48.216382,16.369769,31|10|8|5|27,0.1347|0.0601|0.0514|0.0427|0.0418,
unit_002023,Vienna,21,21,288.7,31,2.889,0.0,0.0,0.5,48.213557,16.367273,31|11|10|12|22,0.1534|0.0465|0.0429|0.0397|0.0393,
unit_002024,Vienna,12,12,188.1,31,2.9195,0.0,0.19043,0.5475,48.219128,16.357372,31|1|28|30|7,0.1248|0.0720|0.0558|0.0515|0.0510,
unit_002025,Vienna,8,8,185.7,31,2.8986,0.0,0.19043,0.5475,48.218761,16.356359,31|8|7|18|16,0.1241|0.0369|0.0362|0.0335|0.0325,
unit_002026,Vienna,8,8,152.0,31,2.8427,0.0,0.09064,0.5226,48.214825,16.354556,31|8|27|30|1,0.1074|0.0621|0.0587|0.0434|0.0434,
unit_002029,Vienna,9,9,156.5,31,2.8521,0.0,0.0818,0.5204,48.225868,16.338397,31|8|5|11|10,0.1239|0.0710|0.0602|0.0547|0.0462,
unit_002030,Vienna,8,8,131.8,31,2.8808,0.0,0.0818,0.5204,48.226679,16.338161,31|8|5|12|16,0.1717|0.0687|0.0423|0.0397|0.0366,
unit_002032,Vienna,8,8,130.6,31,3.019,0.0,0.0,0.5,48.221961,16.349803,31|12|5|10|17,0.1263|0.0707|0.0704|0.0598|0.0589,
unit_002033,Vienna,8,8,130.7,31,2.8885,0.0,0.0,0.5,48.220416,16.403021,31|8|5|22|27,0.1409|0.0704|0.0609|0.0391|0.0360,
unit_002034,Vienna,7,7,150.3,5,2.9794,0.0,0.0,0.5,48.158355,16.377063,5|9|17|26|12,0.1218|0.1045|0.0955|0.0799|0.0671,
unit_002035,Vienna,14,16,325.6,9,3.069,5e-05,0.0,0.5,48.159725,16.380001,9|17|26|6|18,0.1344|0.1039|0.0834|0.0706|0.0598,
unit_002036,Vienna,8,8,177.3,5,2.8932,0.0,0.0,0.5,48.164587,16.346687,5|12|18|19|15,0.1196|0.1075|0.0794|0.0731|0.0717,
unit_002037,Vienna,8,8,176.7,31,2.8444,0.0,0.0,0.5,48.167863,16.348748,31|12|1|5|2,0.0950|0.0936|0.0920|0.0901|0.0549,
unit_002038,Vienna,17,17,311.3,5,2.956,0.0,0.0,0.5,48.169223,16.347621,5|31|1|18|11,0.0898|0.0864|0.0647|0.0627|0.0603,
unit_002039,Vienna,18,26,378.7,9,2.9712,2e-05,0.0,0.5,48.202359,16.430271,9|19|5|27|20,0.1002|0.0909|0.0866|0.0841|0.0712,
unit_002040,Vienna,6,7,126.2,9,3.027,0.0,0.06322,0.5158,48.20272,16.432968,9|5|19|26|8,0.1005|0.0746|0.0697|0.0690|0.0628,
unit_002041,Vienna,7,7,151.1,9,3.0057,0.0,0.0,0.5,48.197498,16.423034,9|26|27|5|22,0.1697|0.0876|0.0777|0.0763|0.0525,
unit_002042,Vienna,7,7,151.1,9,3.0326,0.0,0.0,0.5,48.199037,16.42528,9|27|2|5|6,0.1282|0.0848|0.0578|0.0569|0.0566,
unit_002043,Vienna,10,14,228.5,9,2.972,2e-05,0.0,0.5,48.20281,16.429713,9|19|5|27|20,0.0992|0.0914|0.0868|0.0830|0.0708,
unit_002044,Vienna,6,8,126.9,7,3.0241,0.0,0.14981,0.5374,48.193418,16.450215,7|5|19|1|31,0.1011|0.0912|0.0812|0.0750|0.0620,
unit_002045,Vienna,11,20,210.4,5,3.0459,2e-05,0.10394,0.526,48.194195,16.450251,5|1|19|7|9,0.1125|0.0789|0.0767|0.0619|0.0607,
unit_002049,Vienna,14,14,270.8,5,3.0321,0.0,0.0,0.5,48.233354,16.392684,5|11|1|31|18,0.1000|0.0840|0.0776|0.0761|0.0670,
unit_002050,Vienna,47,72,835.3,31,2.8426,2e-05,0.06899,0.5172,48.225266,16.383564,31|1|30|28|11,0.1427|0.0842|0.0761|0.0506|0.0459,
unit_002051,Vienna,41,74,639.1,31,2.9269,4e-05,0.06899,0.5172,48.225933,16.385318,31|5|8|1|11,0.1275|0.0723|0.0626|0.0623|0.0583,
unit_002052,Vienna,9,9,158.4,5,3.0228,0.0,0.0,0.5,48.232016,16.3841,5|31|10|7|8,0.0865|0.0803|0.0760|0.0696|0.0691,
unit_002053,Vienna,17,30,279.4,1,3.0786,1e-05,0.0,0.5,48.228575,16.400811,1|31|5|11|12,0.0924|0.0871|0.0832|0.0623|0.0470,
unit_002054,Vienna,6,6,128.0,31,2.8835,0.0,0.0,0.5,48.229225,16.399051,31|10|5|11|3,0.1448|0.0627|0.0561|0.0543|0.0522,
unit_002055,Vienna,10,10,195.2,31,2.9705,0.0,0.0,0.5,48.217954,16.398979,31|8|5|27|1,0.0969|0.0942|0.0925|0.0605|0.0587,
unit_002057,Vienna,13,13,224.2,31,2.774,0.0,0.0,0.5,48.218774,16.406986,31|8|27|5|16,0.1537|0.0496|0.0405|0.0383|0.0356,
unit_002058,Vienna,11,11,154.2,31,2.9294,0.0,0.0,0.5,48.195401,16.40945,31|5|10|11|3,0.1586|0.0756|0.0612|0.0611|0.0572,
unit_002059,Vienna,11,11,180.3,31,2.8046,0.0,0.0,0.5,48.193973,16.407938,31|1|30|12|28,0.1408|0.0777|0.0711|0.0485|0.0433,
unit_002060,Vienna,11,11,184.5,31,2.9886,0.0,0.0,0.5,48.192848,16.407256,31|5|8|18|11,0.1060|0.0999|0.0849|0.0665|0.0629,
unit_002061,Vienna,7,7,154.9,7,2.959,0.0,0.0,0.5,48.235456,16.43975,7|8|5|31|1,0.1223|0.1009|0.0870|0.0680|0.0600,
unit_002063,Vienna,17,18,368.5,1,2.9979,5e-05,0.0,0.5,48.238253,16.432976,1|5|31|8|7,0.0929|0.0913|0.0835|0.0781|0.0669,
unit_002064,Vienna,11,11,205.1,5,3.0168,0.0,0.0,0.5,48.177055,16.423731,5|12|1|11|18,0.1117|0.1031|0.0712|0.0675|0.0664,
unit_002065,Vienna,7,7,158.1,12,3.0633,0.0,0.0,0.5,48.175543,16.422667,12|5|7|18|19,0.1045|0.1012|0.0934|0.0730|0.0685,
unit_002066,Vienna,8,8,176.7,5,3.0119,0.0,0.0,0.5,48.176411,16.437428,5|19|30|18|15,0.1296|0.1136|0.0845|0.0842|0.0774,
unit_002067,Vienna,22,32,386.2,5,3.0625,1e-05,0.06064,0.5152,48.163586,16.473174,5|1|18|7|31,0.1115|0.0943|0.0739|0.0653|0.0550,
unit_002068,Vienna,9,15,163.9,9,2.9838,0.0,0.04184,0.5105,48.164655,16.472799,9|26|27|5|28,0.1595|0.1107|0.0784|0.0782|0.0564,
unit_002071,Vienna,36,98,761.4,5,3.0213,4e-05,0.0,0.5,48.159774,16.470643,5|1|12|31|18,0.1137|0.1085|0.0844|0.0831|0.0690,
unit_002072,Vienna,23,23,410.1,5,2.9804,0.0,0.0,0.5,48.150429,16.463062,5|12|7|31|20,0.1324|0.1049|0.0883|0.0798|0.0620,
unit_002073,Vienna,8,8,181.0,5,2.999,0.0,0.0,0.5,48.152382,16.464682,5|1|12|18|31,0.1035|0.1018|0.0905|0.0754|0.0716,
unit_002074,Vienna,3,3,50.9,5,2.9408,0.0,0.0,0.5,48.154389,16.466441,5|31|8|11|18,0.1119|0.0982|0.0776|0.0702|0.0564,
unit_002075,Vienna,12,12,241.1,5,3.0433,0.0,0.0,0.5,48.145671,16.460798,5|19|18|30|7,0.1251|0.0967|0.0932|0.0867|0.0642,
unit_002076,Vienna,20,20,430.6,17,3.1128,0.0,0.0,0.5,48.147301,16.464581,17|6|9|31|8,0.0800|0.0787|0.0721|0.0681|0.0666,
unit_002077,Vienna,14,24,311.8,31,2.932,5e-05,0.0408,0.5102,48.143589,16.478106,31|5|12|10|8,0.1307|0.0920|0.0880|0.0594|0.0545,
unit_002078,Vienna,11,11,144.9,8,2.7975,0.0,0.06461,0.5161,48.138853,16.475907,8|5|31|10|7,0.1152|0.1054|0.0882|0.0621|0.0405,
unit_002079,Vienna,12,14,234.5,5,2.8301,1e-05,0.04778,0.5119,48.13915,16.463724,5|12|15|19|1,0.1148|0.0969|0.0521|0.0506|0.0482,
unit_002080,Vienna,7,7,154.5,12,2.9138,0.0,0.04601,0.5115,48.140838,16.463452,12|5|3|1|19,0.1071|0.0971|0.0866|0.0823|0.0650,
unit_002081,Vienna,19,20,334.3,5,2.9802,0.0,0.04955,0.5124,48.13916,16.464984,5|18|8|7|12,0.1301|0.1039|0.0816|0.0809|0.0700,
unit_002082,Vienna,46,98,784.9,5,3.0434,9e-05,0.0,0.5,48.169047,16.476397,5|12|1|19|18,0.1283|0.0810|0.0767|0.0744|0.0714,
unit_002083,Vienna,19,32,387.8,5,3.0288,2e-05,0.0,0.5,48.149814,16.355056,5|7|31|1|8,0.1144|0.1017|0.0818|0.0781|0.0749,
unit_002084,Vienna,23,23,375.0,9,2.9873,0.0,0.0,0.5,48.152298,16.363424,9|12|5|7|22,0.1380|0.0923|0.0687|0.0669|0.0595,
unit_002085,Vienna,8,8,180.0,9,3.0136,0.0,0.0,0.5,48.149351,16.361836,9|12|1|5|27,0.1316|0.1001|0.0839|0.0769|0.0558,
unit_002086,Vienna,15,15,341.2,5,2.9485,0.0,0.0,0.5,48.14332,16.363902,5|8|1|31|16,0.1314|0.0836|0.0789|0.0691|0.0619,
unit_002087,Vienna,13,13,206.1,12,2.9589,0.0,0.0,0.5,48.143747,16.365459,12|5|31|7|1,0.1037|0.0991|0.0934|0.0773|0.0721,
unit_002090,Vienna,27,27,518.4,12,2.9247,0.0,0.0,0.5,48.145847,16.361277,12|5|2|7|31,0.1247|0.0965|0.0766|0.0590|0.0560,
unit_002091,Vienna,8,16,180.4,5,2.8667,0.0,0.0,0.5,48.142563,16.360283,5|12|31|2|7,0.1354|0.1126|0.0760|0.0597|0.0572,
unit_002092,Vienna,15,25,307.0,5,2.8999,2e-05,0.0,0.5,48.119879,16.35223,5|19|12|30|4,0.1343|0.0944|0.0687|0.0682|0.0567,
unit_002093,Vienna,8,8,177.6,5,2.7237,0.0,0.0,0.5,48.098941,16.353135,5|19|12|4|30,0.1052|0.0810|0.0718|0.0611|0.0561,
unit_002094,Vienna,17,17,252.4,5,3.0262,0.0,0.0,0.5,48.075064,16.35317,5|16|7|8|31,0.0908|0.0776|0.0767|0.0644|0.0505,
unit_002095,Vienna,6,6,128.5,5,2.9706,0.0,0.0,0.5,48.077503,16.356236,5|19|16|31|18,0.0872|0.0845|0.0634|0.0593|0.0565,
unit_002096,Vienna,13,13,249.8,5,2.7954,0.0,0.0,0.5,48.070147,16.355033,5|12|31|7|8,0.1142|0.0903|0.0810|0.0803|0.0529,
unit_002097,Vienna,15,15,240.9,18,3.0075,0.0,0.0,0.5,48.07042,16.356599,18|31|5|7|12,0.1227|0.0891|0.0861|0.0721|0.0545,
unit_002098,Vienna,14,14,184.6,31,2.9028,0.0,0.0,0.5,48.068185,16.355342,31|5|7|16|18,0.1121|0.0867|0.0578|0.0485|0.0451,
unit_002099,Vienna,10,20,188.2,5,2.929,0.0,0.0,0.5,48.081938,16.361899,5|19|27|26|4,0.1452|0.0864|0.0510|0.0504|0.0483,
unit_002101,Vienna,8,8,177.0,7,2.9196,0.0,0.0,0.5,48.102155,16.422245,7|5|16|8|18,0.1411|0.0966|0.0771|0.0745|0.0527,
unit_002102,Vienna,11,12,167.3,7,2.8726,0.0,0.15448,0.5385,48.101402,16.41726,7|5|8|18|16,0.1752|0.0864|0.0770|0.0595|0.0560,
unit_002104,Vienna,16,26,332.1,7,2.8267,4e-05,0.0,0.5,48.096435,16.418361,7|5|8|16|12,0.1197|0.1120|0.0751|0.0658|0.0523,
unit_002105,Vienna,54,69,983.2,5,3.0824,9e-05,0.0,0.5,48.090395,16.425393,5|19|1|3|12,0.1326|0.0829|0.0807|0.0728|0.0586,
unit_002106,Vienna,8,8,178.5,5,2.7921,0.0,0.0,0.5,48.091597,16.422997,5|19|30|4|9,0.1187|0.0879|0.0652|0.0561|0.0461,
unit_002108,Vienna,8,15,176.0,26,3.0187,0.0,0.0,0.5,48.08917,16.422884,26|9|5|27|19,0.1096|0.1017|0.0839|0.0797|0.0600,
unit_002109,Vienna,10,10,177.7,31,2.7761,0.0,0.0,0.5,48.084415,16.43969,31|7|12|5|16,0.1002|0.0985|0.0975|0.0821|0.0505,
unit_002110,Vienna,9,9,168.7,12,2.8018,0.0,0.0,0.5,48.080385,16.44026,12|7|5|31|16,0.1084|0.0927|0.0893|0.0876|0.0491,
unit_002111,Vienna,25,25,474.0,5,2.8841,0.0,0.0,0.5,48.064852,16.456224,5|19|9|12|30,0.1263|0.0838|0.0782|0.0706|0.0618,
unit_002112,Vienna,15,15,255.7,5,2.8989,0.0,0.0,0.5,48.059721,16.458477,5|31|7|12|19,0.1333|0.0630|0.0619|0.0589|0.0569,
unit_002113,Vienna,13,13,239.2,7,2.9168,0.0,0.0,0.5,48.047196,16.454032,7|5|19|12|16,0.1156|0.0996|0.0817|0.0569|0.0447,
unit_002114,Vienna,9,9,176.8,5,2.8441,0.0,0.0,0.5,48.052542,16.460565,5|19|30|4|3,0.1162|0.0685|0.0539|0.0400|0.0382,
unit_002115,Vienna,6,6,131.0,7,2.9665,0.0,0.0,0.5,48.194319,16.447491,7|19|5|8|30,0.1404|0.0982|0.0946|0.0544|0.0539,
unit_002116,Vienna,8,8,176.2,31,3.0327,0.0,0.0,0.5,48.226181,16.4487,31|5|8|12|19,0.1017|0.0995|0.0747|0.0573|0.0572,
unit_002117,Vienna,23,23,409.9,5,3.0241,0.0,0.0,0.5,48.227727,16.444348,5|12|2|31|18,0.1217|0.0975|0.0651|0.0593|0.0582,
unit_002118,Vienna,11,11,208.6,12,2.9518,0.0,0.0,0.5,48.221291,16.443974,12|5|19|1|31,0.1208|0.0984|0.0681|0.0641|0.0575,
unit_002119,Vienna,8,8,181.4,5,3.0618,0.0,0.0,0.5,48.221031,16.446195,5|8|1|19|18,0.1138|0.0856|0.0749|0.0580|0.0567,
unit_002120,Vienna,8,8,175.3,12,2.9518,0.0,0.0,0.5,48.221072,16.443691,12|5|19|1|31,0.1208|0.0984|0.0681|0.0641|0.0575,
unit_002121,Vienna,7,7,154.7,12,2.9489,0.0,0.0,0.5,48.230669,16.443538,12|5|1|31|19,0.1083|0.0939|0.0772|0.0604|0.0591,
unit_002122,Vienna,10,10,200.4,7,2.7792,0.0,0.0,0.5,48.230061,16.34074,7|31|5|12|11,0.0958|0.0947|0.0943|0.0906|0.0585,
unit_002123,Vienna,22,22,351.0,31,2.8324,0.0,0.1255,0.5313,48.17805,16.373768,31|12|30|1|28,0.1270|0.0727|0.0538|0.0375|0.0335,
unit_002124,Vienna,7,7,158.2,31,2.7957,0.0,0.0,0.5,48.18247,16.373617,31|12|1|30|28,0.1253|0.0821|0.0782|0.0559|0.0481,
unit_002125,Vienna,12,12,174.7,31,3.0019,0.0,0.0,0.5,48.192402,16.367951,31|11|27|30|6,0.1210|0.0562|0.0495|0.0427|0.0419,
unit_002126,Vienna,9,9,170.8,31,2.9021,0.0,0.0,0.5,48.19467,16.368535,31|8|27|10|18,0.1750|0.0493|0.0413|0.0354|0.0324,
unit_002127,Vienna,9,9,170.7,31,2.7452,0.0,0.0,0.5,48.197486,16.368163,31|4|30|10|8,0.1634|0.0352|0.0303|0.0284|0.0279,
unit_002128,Vienna,8,8,67.7,31,2.9274,0.0,0.0,0.5,48.199094,16.368951,31|27|3|19|17,0.1025|0.0483|0.0436|0.0401|0.0357,
unit_002129,Vienna,13,13,234.3,31,2.9652,0.0,0.1017,0.5254,48.199647,16.36804,31|1|18|10|5,0.0970|0.0897|0.0667|0.0525|0.0478,
unit_002130,Vienna,15,20,315.0,31,2.8989,4e-05,0.21459,0.5534,48.20004,16.373146,31|1|5|27|8,0.1190|0.0559|0.0487|0.0454|0.0431,
unit_002131,Vienna,9,9,155.3,31,2.8612,0.0,0.0,0.5,48.194032,16.365669,31|10|5|18|22,0.1791|0.0445|0.0396|0.0383|0.0354,
unit_002132,Vienna,8,8,181.4,31,2.9222,0.0,0.0,0.5,48.194602,16.354906,31|12|5|11|1,0.1345|0.1005|0.0664|0.0508|0.0452,
unit_002134,Vienna,11,11,154.4,31,2.8247,0.0,0.0,0.5,48.198039,16.370575,31|27|12|11|10,0.1824|0.0415|0.0375|0.0373|0.0319,
unit_002135,Vienna,43,64,760.2,31,2.9933,3e-05,0.0,0.5,48.208414,16.384088,31|11|1|5|27,0.1260|0.0653|0.0592|0.0428|0.0391,
unit_002136,Vienna,10,10,185.9,1,3.0463,0.0,0.0,0.5,48.205169,16.382836,1|5|31|25|15,0.1102|0.0991|0.0875|0.0744|0.0578,
unit_002137,Vienna,13,13,168.4,31,2.7009,0.0,0.15469,0.5386,48.231547,16.327432,31|12|7|28|19,0.1687|0.0441|0.0359|0.0251|0.0250,
unit_002138,Vienna,11,11,183.8,31,2.7824,0.0,0.31899,0.5791,48.230237,16.325165,31|8|5|3|16,0.1692|0.0602|0.0446|0.0423|0.0408,
unit_002139,Vienna,9,10,126.5,31,2.7978,0.0,0.12159,0.5304,48.23054,16.32748,31|8|5|7|16,0.1556|0.0627|0.0501|0.0414|0.0410,
unit_002140,Vienna,15,15,235.5,12,2.8971,0.0,0.25484,0.5634,48.230691,16.32405,12|31|7|5|19,0.1063|0.1034|0.0926|0.0848|0.0562,
unit_002141,Vienna,23,25,365.4,31,2.9845,6e-05,0.0,0.5,48.231463,16.322217,31|8|7|5|17,0.1320|0.0857|0.0590|0.0584|0.0403,
unit_002142,Vienna,11,12,190.6,31,2.8956,0.0,0.19069,0.5475,48.231689,16.32424,31|8|5|1|30,0.0942|0.0877|0.0767|0.0661|0.0650,
unit_002143,Vienna,8,8,176.2,5,3.0106,0.0,0.0,0.5,48.231522,16.308755,5|7|8|27|16,0.1177|0.1096|0.0948|0.0636|0.0575,
unit_002144,Vienna,8,8,175.4,7,3.0152,0.0,0.0,0.5,48.230399,16.31383,7|8|5|19|31,0.1608|0.0898|0.0896|0.0728|0.0537,
unit_002145,Vienna,26,26,391.5,5,2.919,0.0,0.0,0.5,48.235244,16.301244,5|7|1|19|12,0.1156|0.1041|0.0708|0.0612|0.0578,
unit_002146,Vienna,4,4,75.8,5,2.9568,0.0,0.0,0.5,48.235292,16.297459,5|8|27|30|18,0.1066|0.0856|0.0758|0.0682|0.0647,
unit_002147,Vienna,12,12,242.2,5,2.9568,0.0,0.0,0.5,48.234506,16.297361,5|8|27|30|18,0.1066|0.0856|0.0758|0.0682|0.0647,
unit_002148,Vienna,13,13,228.8,7,3.0333,0.0,0.0,0.5,48.232847,16.297992,7|5|17|11|16,0.0862|0.0669|0.0663|0.0599|0.0588,
unit_002150,Vienna,15,15,304.9,5,2.9273,0.0,0.06097,0.5152,48.056548,16.345062,5|19|30|4|3,0.1237|0.0936|0.0713|0.0480|0.0460,
unit_002151,Vienna,8,8,179.0,5,2.6631,0.0,0.0,0.5,48.05598,16.347321,5|19|30|26|4,0.1081|0.0856|0.0555|0.0551|0.0480,
unit_002152,Vienna,8,8,175.2,5,2.9797,0.0,0.0,0.5,48.053945,16.333767,5|19|8|30|27,0.1363|0.0693|0.0529|0.0474|0.0419,
unit_002153,Vienna,8,8,175.2,5,2.8818,0.0,0.06097,0.5152,48.056058,16.343459,5|19|30|26|4,0.1394|0.0788|0.0746|0.0490|0.0474,
unit_002154,Vienna,8,8,177.3,5,2.9764,0.0,0.0,0.5,48.053017,16.329565,5|19|30|4|8,0.1428|0.0759|0.0637|0.0507|0.0489,
unit_002155,Vienna,37,37,579.1,5,2.968,0.0,0.0,0.5,48.071308,16.458837,5|19|3|18|1,0.1427|0.0899|0.0751|0.0670|0.0641,
unit_002156,Vienna,32,53,606.8,5,3.0293,4e-05,0.0,0.5,48.05367,16.504706,5|19|3|1|18,0.1390|0.0849|0.0596|0.0537|0.0509,
unit_002157,Vienna,8,8,175.5,5,2.8819,0.0,0.0,0.5,48.060164,16.496267,5|19|30|4|9,0.1409|0.0831|0.0794|0.0604|0.0498,
unit_002158,Vienna,8,8,175.5,5,2.8928,0.0,0.0,0.5,48.064717,16.487433,5|19|30|4|15,0.1126|0.0984|0.0609|0.0560|0.0533,
unit_002159,Vienna,8,8,175.5,5,2.6885,0.0,0.0,0.5,48.06736,16.4779,5|19|30|4|26,0.0943|0.0742|0.0649|0.0489|0.0409,
unit_002160,Vienna,8,8,175.5,5,2.6813,0.0,0.0,0.5,48.069869,16.468294,5|30|19|4|26,0.0972|0.0676|0.0649|0.0495|0.0427,
unit_002161,Vienna,8,8,176.8,5,2.746,0.0,0.0,0.5,48.075477,16.461493,5|19|30|12|9,0.0908|0.0711|0.0609|0.0577|0.0572,
unit_002162,Vienna,27,27,402.3,5,2.9857,0.0,0.0,0.5,48.083095,16.457986,5|19|3|1|4,0.1264|0.0941|0.0597|0.0581|0.0547,
unit_002163,Vienna,37,44,631.7,5,3.0799,4e-05,0.0,0.5,48.09235,16.446376,5|19|9|3|7,0.1257|0.1058|0.0881|0.0671|0.0643,
unit_002164,Vienna,8,16,175.4,5,2.948,0.0,0.0,0.5,48.0907,16.430338,5|19|27|9|26,0.1084|0.0834|0.0756|0.0728|0.0721,
unit_002165,Vienna,8,8,175.4,26,2.9911,0.0,0.0,0.5,48.094287,16.439376,26|19|5|27|9,0.1098|0.0871|0.0864|0.0836|0.0834,
unit_002166,Vienna,8,8,177.4,5,2.9278,0.0,0.0,0.5,48.092928,16.408199,5|19|26|27|9,0.1188|0.0805|0.0784|0.0664|0.0594,
unit_002167,Vienna,7,7,152.8,26,2.9542,0.0,0.0,0.5,48.120082,16.411613,26|5|9|28|17,0.1188|0.1181|0.0953|0.0866|0.0786,
unit_002169,Vienna,8,8,175.3,9,2.8342,0.0,0.0,0.5,48.107483,16.41487,9|5|12|19|30,0.1122|0.0969|0.0812|0.0703|0.0535,
unit_002170,Vienna,9,16,200.3,9,2.8513,1e-05,0.0,0.5,48.113187,16.414924,9|12|5|30|4,0.1346|0.0723|0.0684|0.0583|0.0477,
unit_002173,Vienna,10,10,161.0,31,2.8922,0.0,0.0,0.5,48.195189,16.359484,31|8|16|5|4,0.1455|0.0699|0.0442|0.0375|0.0327,
unit_002174,Vienna,29,31,540.1,7,2.8732,3e-05,0.0,0.5,48.143913,16.326019,7|5|8|31|16,0.1418|0.1098|0.0736|0.0579|0.0570,
unit_002176,Vienna,12,12,194.3,5,3.0525,0.0,0.0,0.5,48.167008,16.345192,5|10|1|31|3,0.0924|0.0811|0.0799|0.0661|0.0627,
unit_002177,Vienna,10,10,190.2,5,3.0559,0.0,0.0,0.5,48.168901,16.344289,5|8|31|11|10,0.0992|0.0934|0.0717|0.0717|0.0696,
unit_002178,Vienna,13,26,232.0,5,3.0175,0.0,0.0,0.5,48.170186,16.343443,5|8|31|18|11,0.1087|0.1026|0.0911|0.0591|0.0542,
unit_002179,Vienna,16,22,311.9,31,3.0056,3e-05,0.0,0.5,48.171006,16.339236,31|5|8|12|1,0.1029|0.1022|0.0819|0.0522|0.0490,
unit_002180,Vienna,8,9,134.0,31,2.8928,0.0,0.0598,0.5149,48.171441,16.336106,31|12|5|8|16,0.1154|0.1047|0.1030|0.0648|0.0533,
unit_002181,Vienna,10,10,178.7,12,2.9819,0.0,0.0,0.5,48.128388,16.326386,12|5|19|10|1,0.0952|0.0941|0.0689|0.0585|0.0560,
unit_002182,Vienna,8,8,179.8,9,3.0358,0.0,0.0,0.5,48.124454,16.327049,9|1|19|5|12,0.1390|0.0767|0.0758|0.0753|0.0729,
unit_002183,Vienna,13,26,147.9,5,2.969,0.0,0.0,0.5,48.130219,16.326886,5|12|7|31|2,0.1258|0.1250|0.0911|0.0665|0.0589,
unit_002184,Vienna,8,8,177.0,9,2.9446,0.0,0.0,0.5,48.120747,16.327675,9|5|12|15|19,0.1379|0.1222|0.0733|0.0654|0.0638,
unit_002185,Vienna,7,7,103.1,9,3.0423,0.0,0.0,0.5,48.122315,16.326177,9|5|3|12|19,0.1365|0.0947|0.0873|0.0808|0.0715,
unit_002186,Vienna,7,8,150.4,9,2.9558,0.0,0.26789,0.5666,48.12057,16.328032,9|5|12|15|17,0.1380|0.1224|0.0730|0.0653|0.0651,
unit_002187,Vienna,6,8,125.4,24,2.7914,2e-05,0.26789,0.5666,48.121949,16.327882,24|17|6|26|9,0.1418|0.1091|0.0774|0.0566|0.0451,
unit_002188,Vienna,7,8,155.4,9,3.0669,1e-05,0.04793,0.512,48.119059,16.324753,9|26|5|27|4,0.1321|0.1024|0.0839|0.0635|0.0621,
unit_002189,Vienna,7,7,155.4,5,3.0761,0.0,0.04793,0.512,48.119219,16.326367,5|26|19|27|18,0.1132|0.0804|0.0787|0.0751|0.0744,
unit_002190,Vienna,11,11,169.7,7,2.8503,0.0,0.0,0.5,48.098522,16.288135,7|8|5|16|31,0.1281|0.1119|0.0865|0.0540|0.0457,
unit_002191,Vienna,8,8,176.3,5,3.0329,0.0,0.0,0.5,48.091728,16.308228,5|12|16|2|31,0.1111|0.0726|0.0692|0.0581|0.0561,
unit_002192,Vienna,9,9,154.8,7,3.0352,0.0,0.04785,0.512,48.089958,16.303849,7|5|18|31|8,0.1176|0.1032|0.0932|0.0736|0.0687,
unit_002193,Vienna,14,14,241.6,5,2.984,0.0,0.09028,0.5226,48.090734,16.302447,5|18|19|7|8,0.1254|0.0778|0.0736|0.0727|0.0655,
unit_002195,Vienna,16,16,330.8,7,3.0034,0.0,0.0,0.5,48.098438,16.278649,7|5|31|8|16,0.1310|0.0992|0.0910|0.0777|0.0513,
unit_002196,Vienna,13,13,264.0,5,3.0668,0.0,0.0,0.5,48.099694,16.298454,5|18|7|19|8,0.1208|0.0914|0.0889|0.0732|0.0632,
unit_002197,Vienna,8,8,181.2,5,2.9465,0.0,0.0,0.5,48.096976,16.296657,5|7|19|30|15,0.1041|0.0907|0.0890|0.0473|0.0463,
unit_002198,Vienna,14,14,161.7,12,2.6214,0.0,0.0,0.5,48.09076,16.29878,12|5|7|31|8,0.1112|0.1021|0.0916|0.0904|0.0641,
unit_002199,Vienna,12,12,197.8,5,2.9507,0.0,0.0,0.5,48.089026,16.295581,5|7|8|16|31,0.0904|0.0861|0.0697|0.0620|0.0497,
unit_002200,Vienna,12,15,189.5,7,3.0719,1e-05,0.1327,0.5331,48.090015,16.30197,7|31|5|2|10,0.1087|0.0855|0.0854|0.0585|0.0553,
unit_002201,Vienna,9,9,165.8,7,2.8023,0.0,0.0,0.5,48.091857,16.295936,7|12|5|31|16,0.1278|0.1144|0.1038|0.0861|0.0518,
unit_002202,Vienna,14,14,201.6,7,2.9181,0.0,0.0,0.5,48.095302,16.260383,7|5|12|31|19,0.1342|0.1039|0.1019|0.0596|0.0545,
unit_002204,Vienna,8,8,180.3,7,2.9199,0.0,0.0,0.5,48.097002,16.253513,7|5|31|8|16,0.1180|0.1054|0.0920|0.0853|0.0558,
unit_002205,Vienna,11,11,154.5,7,2.9649,0.0,0.11634,0.5291,48.0986,16.253037,7|5|8|18|16,0.1206|0.0900|0.0801|0.0599|0.0549,
unit_002206,Vienna,5,5,53.3,5,2.8642,0.0,0.18609,0.5464,48.098051,16.243934,5|26|17|9|4,0.1007|0.0933|0.0914|0.0829|0.0703,
unit_002207,Vienna,13,13,237.8,5,2.9725,0.0,0.0,0.5,48.090661,16.25807,5|18|19|16|7,0.0966|0.0872|0.0758|0.0740|0.0702,
unit_002208,Vienna,8,8,180.8,5,2.9648,0.0,0.0,0.5,48.091283,16.261443,5|18|19|30|7,0.0931|0.0846|0.0820|0.0806|0.0750,
unit_002210,Vienna,9,9,163.9,7,2.9448,0.0,0.0,0.5,48.093907,16.287761,7|5|8|31|16,0.1196|0.1108|0.1079|0.0608|0.0598,
unit_002211,Vienna,7,7,151.2,5,3.0248,0.0,0.0,0.5,48.094947,16.285715,5|7|8|16|1,0.1136|0.1049|0.0820|0.0529|0.0506,
unit_002213,Vienna,18,18,281.9,7,2.9718,0.0,0.0,0.5,48.095805,16.266546,7|5|8|18|16,0.1414|0.0829|0.0813|0.0635|0.0568,
unit_002214,Vienna,8,9,178.2,7,2.9934,0.0,0.0,0.5,48.095739,16.271964,7|8|5|18|27,0.1412|0.0886|0.0654|0.0653|0.0580,
unit_002215,Vienna,21,21,317.8,5,3.0114,0.0,0.0,0.5,48.093374,16.267562,5|18|7|15|11,0.1135|0.0880|0.0774|0.0639|0.0553,
unit_002216,Vienna,8,9,177.7,7,2.9876,0.0,0.0,0.5,48.095168,16.272528,7|5|8|15|18,0.1106|0.1041|0.0922|0.0664|0.0618,
unit_002217,Vienna,12,12,185.1,31,2.6438,0.0,0.0,0.5,48.045695,16.276556,31|16|7|5|10,0.0965|0.0368|0.0346|0.0327|0.0252,
unit_002219,Vienna,8,8,175.5,5,2.9261,0.0,0.0,0.5,48.056969,16.286672,5|4|30|15|19,0.1004|0.0671|0.0639|0.0597|0.0595,
unit_002220,Vienna,8,8,175.5,5,2.8709,0.0,0.0,0.5,48.049888,16.280343,5|12|19|4|7,0.0769|0.0541|0.0540|0.0453|0.0432,
unit_002221,Vienna,9,9,202.6,5,2.8595,0.0,0.0,0.5,48.0667,16.291242,5|17|19|15|30,0.1200|0.0874|0.0742|0.0732|0.0729,
unit_002222,Vienna,7,7,157.2,19,2.9544,0.0,0.0,0.5,48.0703,16.287455,19|7|12|5|15,0.0902|0.0889|0.0860|0.0736|0.0686,
unit_002223,Vienna,18,18,275.1,7,3.0452,0.0,0.0,0.5,48.074311,16.284622,7|5|8|31|12,0.1274|0.0891|0.0813|0.0732|0.0685,
unit_002224,Vienna,13,13,263.2,7,2.8854,0.0,0.0,0.5,48.077287,16.286739,7|5|8|31|18,0.1261|0.0895|0.0796|0.0712|0.0574,
unit_002225,Vienna,19,19,378.9,12,3.003,0.0,0.0,0.5,48.076454,16.28877,12|5|1|7|31,0.1085|0.0984|0.0840|0.0769|0.0582,
unit_002226,Vienna,13,13,258.6,15,2.9499,0.0,0.0,0.5,48.067444,16.284805,15|19|12|7|18,0.1024|0.0925|0.0876|0.0860|0.0751,
unit_002227,Vienna,8,16,175.3,19,2.746,0.0,0.0,0.5,48.060725,16.278386,19|15|30|5|12,0.1155|0.0920|0.0887|0.0728|0.0606,
unit_002228,Vienna,18,18,340.7,19,2.8704,0.0,0.05517,0.5138,48.068568,16.287196,19|30|5|15|18,0.1047|0.0990|0.0969|0.0823|0.0736,
unit_002229,Vienna,8,8,180.8,31,2.944,0.0,0.0,0.5,48.196853,16.40409,31|8|4|18|27,0.1450|0.0574|0.0469|0.0445|0.0433,
unit_002230,Vienna,10,10,162.0,31,2.8727,0.0,0.0,0.5,48.197858,16.403819,31|8|5|10|18,0.1560|0.0616|0.0488|0.0473|0.0392,
unit_002231,Vienna,14,14,194.6,31,2.9449,0.0,0.0,0.5,48.198956,16.402095,31|10|5|12|11,0.1120|0.0782|0.0644|0.0571|0.0504,
unit_002232,Vienna,24,24,355.9,31,2.8835,0.0,0.0,0.5,48.200132,16.400539,31|5|10|11|8,0.1697|0.0577|0.0526|0.0477|0.0471,
unit_002233,Vienna,10,10,153.6,7,2.9256,0.0,0.0,0.5,48.231675,16.341887,7|5|8|31|18,0.1044|0.0961|0.0919|0.0773|0.0493,
unit_002234,Vienna,12,12,203.4,7,2.971,0.0,0.0,0.5,48.2322,16.336589,7|31|8|5|18,0.0988|0.0917|0.0844|0.0655|0.0450,
unit_002235,Vienna,8,8,180.3,7,2.918,0.0,0.0,0.5,48.186689,16.25668,7|8|5|16|19,0.1127|0.0927|0.0867|0.0524|0.0430,
unit_002236,Vienna,14,14,240.3,7,2.8394,0.0,0.0,0.5,48.182652,16.259563,7|5|8|16|31,0.1328|0.0950|0.0918|0.0579|0.0483,
unit_002237,Vienna,7,7,157.9,18,2.9577,0.0,0.0,0.5,48.177664,16.25705,18|30|5|19|7,0.1177|0.0773|0.0773|0.0764|0.0703,
unit_002238,Vienna,11,11,181.5,31,2.7813,0.0,0.0,0.5,48.187334,16.32167,31|12|10|5|7,0.1594|0.0752|0.0414|0.0402|0.0252,
unit_002239,Vienna,6,6,126.9,31,2.8866,0.0,0.0,0.5,48.190108,16.325606,31|12|5|8|10,0.1161|0.1140|0.0903|0.0695|0.0623,
unit_002240,Vienna,7,13,161.9,31,2.9676,1e-05,0.0,0.5,48.18444,16.326372,31|1|8|27|3,0.1210|0.0762|0.0696|0.0643|0.0534,
unit_002242,Vienna,12,12,168.2,31,2.9283,0.0,0.0,0.5,48.192544,16.336178,31|18|12|10|3,0.1909|0.0503|0.0399|0.0361|0.0336,
unit_002243,Vienna,14,14,192.3,31,2.95,0.0,0.03282,0.5082,48.189684,16.340556,31|12|11|10|5,0.1303|0.0789|0.0568|0.0471|0.0464,
unit_002244,Vienna,10,10,167.5,31,2.7436,0.0,0.0,0.5,48.190685,16.342316,31|8|4|30|16,0.1890|0.0616|0.0393|0.0361|0.0336,
unit_002246,Vienna,13,13,177.0,31,2.8866,0.0,0.0,0.5,48.187134,16.348658,31|8|5|27|16,0.1692|0.0672|0.0527|0.0431|0.0404,
unit_002247,Vienna,9,12,156.4,31,2.9365,1e-05,0.04416,0.511,48.187716,16.350938,31|8|18|27|10,0.1549|0.0492|0.0397|0.0349|0.0343,
unit_002248,Vienna,7,7,109.9,31,2.871,0.0,0.0,0.5,48.186162,16.346538,31|12|16|5|11,0.1926|0.0464|0.0407|0.0323|0.0322,
unit_002249,Vienna,11,15,147.9,31,2.8621,0.0,0.11267,0.5281,48.18487,16.346547,31|12|5|8|10,0.1470|0.0829|0.0788|0.0662|0.0644,
unit_002250,Vienna,15,15,263.0,31,2.983,0.0,0.11267,0.5281,48.184603,16.345757,31|5|11|1|30,0.1003|0.0753|0.0627|0.0611|0.0577,
unit_002251,Vienna,10,10,181.4,31,2.8604,0.0,0.0,0.5,48.189686,16.346507,31|8|5|16|22,0.1500|0.0878|0.0648|0.0396|0.0357,
unit_002253,Vienna,29,35,499.2,31,3.0136,6e-05,0.06547,0.5163,48.193302,16.340141,31|11|5|10|27,0.1662|0.0491|0.0463|0.0435|0.0413,
unit_002254,Vienna,12,12,173.9,31,2.8904,0.0,0.0,0.5,48.189448,16.357518,31|10|12|5|8,0.1780|0.0592|0.0571|0.0473|0.0354,
unit_002255,Vienna,7,7,151.3,5,3.0648,0.0,0.0,0.5,48.184431,16.368959,5|1|18|27|31,0.1036|0.0785|0.0701|0.0677|0.0656,
unit_002256,Vienna,13,13,262.0,31,2.9985,0.0,0.0,0.5,48.189343,16.369229,31|8|7|18|5,0.1198|0.0552|0.0536|0.0521|0.0501,
unit_002259,Vienna,9,9,129.2,31,2.8543,0.0,0.06535,0.5163,48.189612,16.378146,31|12|10|17|16,0.1649|0.0491|0.0420|0.0404|0.0375,
unit_002260,Vienna,28,45,568.8,31,2.9823,1e-05,0.0,0.5,48.188503,16.383974,31|5|1|8|30,0.1127|0.0907|0.0790|0.0666|0.0551,
unit_002261,Vienna,17,17,346.5,31,2.7779,0.0,0.0,0.5,48.189777,16.385442,31|30|28|12|8,0.1827|0.0570|0.0455|0.0435|0.0325,
unit_002262,Vienna,11,11,140.3,8,2.7716,0.0,0.0,0.5,48.191144,16.385329,8|31|5|16|10,0.1248|0.1165|0.0893|0.0599|0.0488,
unit_002263,Vienna,24,30,353.5,31,2.8685,4e-05,0.0,0.5,48.19157,16.38779,31|12|5|8|19,0.1829|0.0682|0.0383|0.0321|0.0313,
unit_002264,Vienna,15,15,250.2,31,3.0613,0.0,0.0,0.5,48.192671,16.389688,31|10|1|8|11,0.0946|0.0837|0.0692|0.0634|0.0570,
unit_002265,Vienna,8,8,135.5,31,2.9974,0.0,0.0,0.5,48.190916,16.39089,31|8|5|2|12,0.0993|0.0993|0.0870|0.0545|0.0526,
unit_002266,Vienna,15,15,236.1,31,2.7235,0.0,0.0,0.5,48.18952,16.39063,31|8|5|12|11,0.1376|0.0947|0.0940|0.0842|0.0527,
unit_002267,Vienna,13,13,180.8,31,2.901,0.0,0.08523,0.5213,48.199222,16.378378,31|18|10|27|11,0.1827|0.0551|0.0416|0.0382|0.0378,
unit_002268,Vienna,22,22,346.2,31,2.8745,0.0,0.0,0.5,48.198896,16.380941,31|8|5|12|30,0.1714|0.0580|0.0501|0.0495|0.0490,
unit_002269,Vienna,10,10,158.8,31,2.7476,0.0,0.0,0.5,48.199471,16.383882,31|12|19|28|22,0.1801|0.0515|0.0277|0.0274|0.0261,
unit_002270,Vienna,11,11,177.5,31,2.9235,0.0,0.0,0.5,48.202228,16.382674,31|8|16|18|10,0.1662|0.0548|0.0426|0.0399|0.0367,
unit_002271,Vienna,13,13,210.0,31,2.8527,0.0,0.0,0.5,48.198138,16.388926,31|8|27|30|22,0.1606|0.0521|0.0357|0.0352|0.0272,
unit_002272,Vienna,17,17,340.9,31,2.9609,0.0,0.0,0.5,48.199375,16.391643,31|5|8|30|1,0.1398|0.0909|0.0666|0.0605|0.0514,
unit_002273,Vienna,13,13,227.9,31,2.8677,0.0,0.0,0.5,48.19682,16.381265,31|1|30|28|11,0.1408|0.0863|0.0636|0.0495|0.0443,
unit_002274,Vienna,14,14,280.8,31,2.9067,0.0,0.0,0.5,48.197203,16.382474,31|27|8|30|6,0.1517|0.0567|0.0562|0.0450|0.0449,
unit_002275,Vienna,8,9,180.5,31,3.0149,0.0,0.0,0.5,48.198159,16.384978,31|3|27|8|7,0.1604|0.0539|0.0534|0.0419|0.0369,
unit_002276,Vienna,16,16,290.8,31,2.8891,0.0,0.0,0.5,48.195484,16.383904,31|28|30|11|27,0.1484|0.0458|0.0446|0.0439|0.0432,
unit_002278,Vienna,16,17,280.7,31,2.883,1e-05,0.0,0.5,48.200403,16.359664,31|10|18|27|8,0.1917|0.0426|0.0410|0.0388|0.0386,
unit_002279,Vienna,14,26,236.0,31,2.8359,0.0,0.0,0.5,48.201034,16.361959,31|11|27|4|15,0.1842|0.0358|0.0336|0.0333|0.0313,
unit_002281,Vienna,8,8,183.5,31,2.9285,0.0,0.0,0.5,48.19753,16.355132,31|8|22|27|10,0.1692|0.0590|0.0449|0.0393|0.0383,
unit_002282,Vienna,6,9,118.9,31,2.9631,1e-05,0.0,0.5,48.19606,16.3561,31|30|11|5|8,0.1634|0.0643|0.0613|0.0552|0.0480,
unit_002283,Vienna,9,9,166.0,31,2.9556,0.0,0.0,0.5,48.203836,16.366722,31|7|28|11|22,0.1208|0.0505|0.0485|0.0476|0.0476,
unit_002284,Vienna,11,11,183.9,31,3.0446,0.0,0.0,0.5,48.20738,16.377684,31|10|18|22|16,0.0846|0.0777|0.0637|0.0560|0.0531,
unit_002285,Vienna,8,15,184.1,31,2.8972,1e-05,0.0,0.5,48.202153,16.371278,31|1|30|28|11,0.1367|0.0739|0.0678|0.0625|0.0537,
unit_002286,Vienna,7,7,155.7,31,3.0489,0.0,0.0,0.5,48.203095,16.36717,31|11|10|1|27,0.1057|0.0681|0.0567|0.0516|0.0439,
unit_002287,Vienna,12,12,127.5,31,2.7757,0.0,0.06845,0.5171,48.202502,16.363486,31|10|11|15|28,0.1717|0.0391|0.0368|0.0348|0.0337,
unit_002288,Vienna,16,16,234.7,31,2.6581,0.0,0.0,0.5,48.20183,16.365245,31|3|15|11|27,0.0967|0.0345|0.0310|0.0297|0.0295,
unit_002289,Vienna,14,14,222.7,31,2.8082,0.0,0.21459,0.5534,48.200845,16.373131,31|10|11|19|17,0.1518|0.0401|0.0383|0.0328|0.0320,
unit_002290,Vienna,22,22,331.5,31,2.9492,0.0,0.07064,0.5177,48.207139,16.380981,31|5|1|11|18,0.0981|0.0706|0.0654|0.0599|0.0464,
unit_002291,Vienna,36,40,677.4,31,2.9088,5e-05,0.07064,0.5176,48.208427,16.380846,31|11|1|30|28,0.1610|0.0549|0.0415|0.0394|0.0375,
unit_002292,Vienna,37,60,615.7,31,2.8568,1e-05,0.03738,0.5093,48.17391,16.354909,31|30|1|8|28,0.1889|0.0484|0.0457|0.0413|0.0384,
unit_002293,Vienna,30,34,510.7,31,3.0097,1e-05,0.06537,0.5163,48.175598,16.355101,31|5|12|1|18,0.1318|0.0915|0.0649|0.0629|0.0599,
unit_002294,Vienna,19,19,334.7,31,2.9229,0.0,0.08702,0.5217,48.174555,16.358942,31|5|12|8|10,0.1346|0.0782|0.0727|0.0556|0.0536,
unit_002295,Vienna,11,11,157.8,31,2.8509,0.0,0.03829,0.5096,48.170604,16.376216,31|8|5|30|1,0.1336|0.0957|0.0777|0.0446|0.0423,
unit_002296,Vienna,13,13,189.7,31,2.9542,0.0,0.0,0.5,48.170797,16.378869,31|12|5|19|16,0.1488|0.0688|0.0561|0.0508|0.0496,
unit_002297,Vienna,9,9,131.0,31,2.9413,0.0,0.05721,0.5143,48.174471,16.356558,31|12|18|5|10,0.1485|0.0826|0.0785|0.0776|0.0710,
unit_002298,Vienna,27,34,432.0,31,2.9257,8e-05,0.06084,0.5152,48.175354,16.356807,31|30|1|28|8,0.1620|0.0534|0.0484|0.0403|0.0395,
unit_002299,Vienna,13,13,169.0,8,2.8,0.0,0.0,0.5,48.174164,16.362022,8|31|5|16|10,0.1294|0.1205|0.0938|0.0499|0.0431,
unit_002300,Vienna,15,16,298.0,31,2.9341,0.0,0.04063,0.5102,48.17289,16.363132,31|12|5|10|8,0.1273|0.0853|0.0806|0.0633|0.0597,
unit_002301,Vienna,14,18,192.9,12,2.8801,0.0,0.04063,0.5102,48.171639,16.362894,12|31|5|8|7,0.1199|0.1022|0.0947|0.0721|0.0682,
unit_002302,Vienna,18,18,261.1,31,3.0369,0.0,0.0,0.5,48.1728,16.366849,31|8|5|10|16,0.0890|0.0846|0.0839|0.0565|0.0527,
unit_002303,Vienna,13,13,176.4,31,2.8778,0.0,0.0,0.5,48.171948,16.368827,31|8|5|10|11,0.1221|0.1076|0.0918|0.0737|0.0474,
unit_002304,Vienna,41,75,738.4,31,2.8418,4e-05,0.0,0.5,48.171054,16.371543,31|1|12|30|28,0.1530|0.0744|0.0686|0.0659|0.0446,
unit_002305,Vienna,18,18,295.2,31,2.9269,0.0,0.05669,0.5142,48.170284,16.373612,31|8|5|10|7,0.1094|0.0883|0.0850|0.0463|0.0454,
unit_002306,Vienna,13,13,164.3,31,2.8815,0.0,0.03829,0.5096,48.170922,16.374655,31|8|5|16|11,0.1545|0.0827|0.0801|0.0460|0.0371,
unit_002307,Vienna,24,29,314.3,31,2.9161,1e-05,0.05669,0.5142,48.169644,16.374339,31|8|5|12|16,0.1701|0.0833|0.0823|0.0542|0.0424,
unit_002308,Vienna,12,25,240.1,5,2.8955,0.0,0.0874,0.5218,48.09405,16.310275,5|12|1|31|19,0.1395|0.1033|0.0691|0.0689|0.0679,
unit_002309,Vienna,8,8,178.1,5,2.9776,0.0,0.0,0.5,48.094465,16.307321,5|8|31|18|1,0.1156|0.0784|0.0674|0.0669|0.0581,
unit_002310,Vienna,10,10,176.4,5,3.0046,0.0,0.0,0.5,48.109253,16.308783,5|16|8|19|3,0.1034|0.0886|0.0656|0.0642|0.0636,
unit_002311,Vienna,17,24,357.0,5,3.0361,6e-05,0.0,0.5,48.111263,16.308167,5|19|16|3|8,0.1111|0.0909|0.0768|0.0705|0.0581,
unit_002312,Vienna,10,10,193.6,31,2.9613,0.0,0.0,0.5,48.201156,16.388645,31|8|27|18|16,0.1676|0.0639|0.0481|0.0446|0.0403,
unit_002313,Vienna,10,10,184.9,7,2.8308,0.0,0.06409,0.516,48.291368,16.442729,7|5|19|8|12,0.1333|0.1051|0.0733|0.0622|0.0619,
unit_002314,Vienna,15,15,293.7,7,2.8901,0.0,0.04975,0.5124,48.295635,16.446965,7|5|8|16|12,0.1209|0.0904|0.0572|0.0505|0.0497,
unit_002315,Vienna,11,16,166.6,31,2.9505,0.0,0.09715,0.5243,48.210606,16.37949,31|10|12|17|5,0.1143|0.0698|0.0556|0.0504|0.0466,
unit_002316,Vienna,9,9,175.0,31,2.8005,0.0,0.0,0.5,48.221179,16.371071,31|18|12|19|10,0.2018|0.0407|0.0342|0.0330|0.0297,
unit_002317,Vienna,7,7,155.1,31,3.03,0.0,0.0,0.5,48.224572,16.373224,31|5|15|11|12,0.1163|0.0702|0.0608|0.0510|0.0497,
unit_002318,Vienna,7,7,155.1,31,2.9963,0.0,0.0,0.5,48.225683,16.37095,31|1|30|11|5,0.1081|0.0878|0.0615|0.0402|0.0379,
unit_002319,Vienna,33,33,579.8,31,2.9388,0.0,0.0,0.5,48.22251,16.375744,31|5|18|8|10,0.1345|0.0779|0.0496|0.0455|0.0429,
unit_002320,Vienna,8,8,181.0,12,2.9354,0.0,0.0,0.5,48.221148,16.369607,12|5|31|11|10,0.1252|0.1112|0.0884|0.0587|0.0506,
unit_002321,Vienna,14,14,265.8,11,2.977,0.0,0.16876,0.5421,48.214476,16.375394,11|1|31|30|8,0.0872|0.0796|0.0739|0.0643|0.0572,
unit_002322,Vienna,13,13,191.9,31,2.852,0.0,0.0,0.5,48.220345,16.372334,31|10|30|12|8,0.1666|0.0696|0.0649|0.0593|0.0508,
unit_002323,Vienna,8,8,107.3,31,2.8204,0.0,0.0,0.5,48.218213,16.373901,31|4|27|16|15,0.1918|0.0401|0.0367|0.0359|0.0316,
unit_002324,Vienna,30,39,565.3,31,2.9357,4e-05,0.03829,0.5096,48.298893,16.419835,31|7|5|8|12,0.1451|0.0756|0.0678|0.0487|0.0482,
unit_002325,Vienna,7,7,154.6,5,3.0883,0.0,0.0,0.5,48.281906,16.378185,5|18|1|31|8,0.1298|0.0822|0.0695|0.0688|0.0624,
unit_002326,Vienna,8,8,178.1,26,3.0257,0.0,0.0,0.5,48.2812,16.371486,26|9|5|18|15,0.1104|0.0985|0.0923|0.0745|0.0741,
unit_002327,Vienna,13,13,255.1,9,2.9594,0.0,0.0,0.5,48.278633,16.367293,9|5|17|6|12,0.1442|0.1046|0.0855|0.0767|0.0705,
unit_002328,Vienna,4,5,75.6,7,2.9756,0.0,0.12532,0.5313,48.275178,16.370115,7|19|5|30|12,0.1207|0.0961|0.0922|0.0754|0.0693,
unit_002329,Vienna,7,14,151.2,9,3.0355,1e-05,0.12532,0.5313,48.274206,16.370899,9|5|17|12|4,0.1252|0.1055|0.0924|0.0801|0.0694,
unit_002330,Vienna,7,7,151.2,9,2.9397,0.0,0.0,0.5,48.271733,16.372895,9|5|4|12|17,0.1307|0.0930|0.0804|0.0799|0.0772,
unit_002331,Vienna,8,8,176.4,9,3.0487,0.0,0.0,0.5,48.266522,16.3771,9|5|18|15|17,0.1017|0.0924|0.0893|0.0874|0.0872,
unit_002332,Vienna,8,8,176.4,9,3.009,0.0,0.0,0.5,48.264047,16.379094,9|17|5|4|12,0.1365|0.1007|0.0860|0.0717|0.0678,
unit_002333,Vienna,9,16,204.7,9,3.0091,3e-05,0.0,0.5,48.281218,16.365678,9|26|5|28|22,0.1362|0.1167|0.1100|0.0799|0.0659,
unit_002334,Vienna,8,8,179.1,9,2.8646,0.0,0.0,0.5,48.279887,16.365858,9|26|5|15|17,0.1703|0.1023|0.0729|0.0613|0.0532,
unit_002335,Vienna,13,21,310.0,9,2.9832,9e-05,0.0,0.5,48.280581,16.365687,9|26|5|28|15,0.1536|0.1082|0.0938|0.0639|0.0599,
unit_002336,Vienna,28,32,498.4,5,2.9816,6e-05,0.0,0.5,48.293904,16.471437,5|7|31|12|18,0.1166|0.0958|0.0683|0.0644|0.0621,
unit_002337,Vienna,18,18,269.7,7,2.9184,0.0,0.0,0.5,48.292462,16.474281,7|5|16|8|19,0.1038|0.1010|0.0535|0.0490|0.0488,
unit_002338,Vienna,14,19,291.5,5,2.7726,2e-05,0.0,0.5,48.293503,16.479022,5|7|8|16|31,0.1091|0.0947|0.0904|0.0644|0.0451,
unit_002339,Vienna,20,20,305.0,5,2.9829,0.0,0.0,0.5,48.295501,16.467908,5|12|31|7|16,0.1003|0.0895|0.0840|0.0733|0.0502,
unit_002340,Vienna,9,13,204.2,19,2.9165,7e-05,0.0,0.5,48.288961,16.481968,19|5|12|30|7,0.1127|0.1106|0.0822|0.0581|0.0565,
unit_002344,Vienna,22,22,377.3,5,2.9992,0.0,0.0,0.5,48.281635,16.385734,5|18|30|15|19,0.1167|0.0894|0.0788|0.0734|0.0703,
unit_002345,Vienna,7,7,155.7,26,3.0257,0.0,0.0,0.5,48.281305,16.371396,26|9|5|18|15,0.1104|0.0985|0.0923|0.0745|0.0741,
unit_002346,Vienna,5,9,101.3,9,3.0055,1e-05,0.06083,0.5152,48.281029,16.365034,9|5|26|28|6,0.1310|0.1162|0.1112|0.0909|0.0681,
unit_002347,Vienna,8,9,177.3,9,2.867,0.0,0.06083,0.5152,48.280187,16.366076,9|26|5|15|17,0.1704|0.1025|0.0733|0.0614|0.0534,
unit_002348,Vienna,8,8,176.6,31,3.0166,0.0,0.0,0.5,48.171995,16.351702,31|5|12|1|8,0.1164|0.1076|0.0861|0.0753|0.0493,
unit_002349,Vienna,10,24,166.3,18,3.0442,0.0,0.18696,0.5466,48.176773,16.341803,18|5|8|31|1,0.1022|0.0880|0.0835|0.0780|0.0693,
unit_002350,Vienna,7,7,160.9,17,2.9506,0.0,0.0,0.5,48.175374,16.342073,17|12|5|15|1,0.1414|0.0994|0.0701|0.0623|0.0597,
unit_002351,Vienna,17,17,354.1,5,2.8754,0.0,0.0,0.5,48.146667,16.347027,5|7|8|31|16,0.1274|0.1101|0.0750|0.0735|0.0733,
unit_002352,Vienna,12,12,242.1,5,3.0103,0.0,0.0,0.5,48.146108,16.354108,5|1|31|7|12,0.1481|0.0911|0.0704|0.0697|0.0587,
unit_002353,Vienna,10,10,153.3,5,2.9327,0.0,0.0,0.5,48.143988,16.383193,5|31|7|16|8,0.0972|0.0915|0.0861|0.0647|0.0559,
unit_002354,Vienna,11,11,206.1,5,2.8416,0.0,0.0,0.5,48.141018,16.390191,5|12|31|1|16,0.1266|0.0876|0.0773|0.0726|0.0621,
unit_002355,Vienna,13,13,248.1,5,3.0195,0.0,0.0,0.5,48.137575,16.397401,5|15|8|7|30,0.1057|0.0725|0.0644|0.0596|0.0562,
unit_002356,Vienna,21,21,369.2,31,2.8492,0.0,0.0,0.5,48.1376,16.40329,31|5|7|8|1,0.1087|0.1063|0.0884|0.0662|0.0560,
unit_002357,Vienna,29,29,439.3,5,2.8744,0.0,0.0,0.5,48.128617,16.388016,5|9|12|30|19,0.1231|0.0841|0.0787|0.0696|0.0663,
unit_002358,Vienna,8,14,175.9,5,2.912,1e-05,0.07306,0.5183,48.12771,16.385009,5|26|9|27|19,0.1186|0.0966|0.0805|0.0766|0.0722,
unit_002359,Vienna,13,14,257.3,26,2.904,0.0,0.05424,0.5136,48.127374,16.383428,26|5|6|4|9,0.1099|0.0858|0.0776|0.0754|0.0741,
unit_002360,Vienna,8,11,178.3,26,2.9207,4e-05,0.07306,0.5182,48.126915,16.385015,26|5|9|17|4,0.1028|0.0997|0.0898|0.0688|0.0685,
unit_002361,Vienna,9,14,212.0,26,2.9202,4e-05,0.03542,0.5088,48.127335,16.385297,26|5|9|4|17,0.1033|0.1031|0.0897|0.0695|0.0689,
unit_002362,Vienna,5,5,102.6,26,2.8979,0.0,0.0,0.5,48.126973,16.385937,26|9|5|6|17,0.1066|0.0956|0.0857|0.0749|0.0731,
unit_002363,Vienna,13,15,256.7,5,2.9598,0.0,0.15722,0.5392,48.120117,16.325792,5|26|9|19|4,0.1239|0.1110|0.0946|0.0660|0.0649,
unit_002364,Vienna,4,4,78.0,9,2.9883,0.0,0.16232,0.5405,48.12021,16.324551,9|5|12|3|30,0.1495|0.1020|0.0889|0.0780|0.0489,
unit_002365,Vienna,35,52,676.7,31,2.9163,2e-05,0.08734,0.5218,48.232487,16.446505,31|1|5|8|30,0.1105|0.0877|0.0822|0.0723|0.0634,
unit_002366,Vienna,10,10,184.2,5,2.9528,0.0,0.10073,0.5252,48.233671,16.447143,5|1|31|8|11,0.0758|0.0686|0.0634|0.0622|0.0613,
unit_002367,Vienna,17,17,350.3,5,2.9284,0.0,0.07395,0.5185,48.230867,16.446067,5|31|8|1|12,0.1150|0.0788|0.0768|0.0698|0.0648,
unit_002368,Vienna,35,41,704.0,1,2.9964,5e-05,0.0,0.5,48.236486,16.437028,1|31|5|7|30,0.0957|0.0843|0.0777|0.0684|0.0669,
unit_002369,Vienna,10,10,178.7,7,2.7959,0.0,0.0,0.5,48.234154,16.433427,7|5|12|19|16,0.1773|0.0834|0.0653|0.0574|0.0557,
unit_002370,Vienna,13,13,278.4,7,2.959,0.0,0.0,0.5,48.235204,16.439604,7|8|5|31|1,0.1223|0.1009|0.0870|0.0680|0.0600,
unit_002371,Vienna,21,33,472.6,5,3.0633,3e-05,0.0,0.5,48.274357,16.400961,5|18|8|31|11,0.1202|0.1016|0.0842|0.0795|0.0672,
unit_002372,Vienna,8,8,179.3,5,2.9845,0.0,0.0,0.5,48.275812,16.404295,5|12|31|18|11,0.1189|0.1058|0.0910|0.0891|0.0624,
unit_002373,Vienna,9,9,157.3,31,2.7892,0.0,0.0,0.5,48.277649,16.406612,31|7|5|12|16,0.1369|0.0594|0.0495|0.0460|0.0410,
unit_002374,Vienna,10,10,181.1,12,2.9199,0.0,0.0,0.5,48.279587,16.409237,12|7|31|5|16,0.0876|0.0869|0.0801|0.0748|0.0550,
unit_002375,Vienna,15,15,221.6,5,2.904,0.0,0.05672,0.5142,48.278623,16.400159,5|7|12|31|8,0.1190|0.1116|0.0957|0.0905|0.0626,
unit_002376,Vienna,9,9,163.4,7,2.8204,0.0,0.0,0.5,48.281019,16.425662,7|5|8|16|31,0.1242|0.1073|0.0952|0.0546|0.0424,
unit_002377,Vienna,20,20,364.2,1,2.8883,0.0,0.0,0.5,48.28668,16.414589,1|12|5|31|10,0.1055|0.0994|0.0881|0.0863|0.0458,
unit_002378,Vienna,20,29,411.5,7,2.8706,6e-05,0.0,0.5,48.29901,16.425356,7|5|8|16|31,0.1232|0.0981|0.0758|0.0702|0.0562,
unit_002379,Vienna,15,15,246.5,5,2.9054,0.0,0.06409,0.516,48.291517,16.441428,5|7|19|8|3,0.1215|0.0928|0.0696|0.0599|0.0523,
unit_002380,Vienna,8,8,177.2,7,2.861,0.0,0.0,0.5,48.294861,16.443603,7|5|19|8|12,0.1375|0.0717|0.0695|0.0575|0.0541,
unit_002382,Vienna,9,9,166.8,7,2.8697,0.0,0.0,0.5,48.29263,16.440569,7|5|12|19|16,0.1465|0.0723|0.0634|0.0578|0.0410,
unit_002383,Vienna,10,10,189.4,7,2.7495,0.0,0.0,0.5,48.296128,16.442116,7|8|5|31|16,0.1383|0.1062|0.1054|0.0613|0.0544,
unit_002384,Vienna,8,8,176.2,7,2.6864,0.0,0.0,0.5,48.296999,16.455885,7|5|8|19|30,0.1401|0.0890|0.0853|0.0541|0.0386,
unit_002385,Vienna,9,9,153.2,7,2.886,0.0,0.0,0.5,48.295968,16.457801,7|5|8|16|30,0.1191|0.1041|0.0949|0.0740|0.0416,
unit_002386,Vienna,3,3,51.2,7,2.8308,0.0,0.0,0.5,48.291486,16.443497,7|5|19|8|12,0.1333|0.1051|0.0733|0.0622|0.0619,
unit_002389,Vienna,9,9,154.0,7,2.8644,0.0,0.0,0.5,48.295267,16.448279,7|5|12|19|8,0.1432|0.0896|0.0678|0.0651|0.0550,
unit_002391,Vienna,3,3,51.3,7,2.8254,0.0,0.0,0.5,48.291354,16.44479,7|5|12|19|8,0.1595|0.0671|0.0641|0.0530|0.0508,
unit_002393,Vienna,8,10,177.1,7,2.8985,0.0,0.0,0.5,48.293994,16.448125,7|5|12|16|8,0.1675|0.0902|0.0614|0.0573|0.0534,
unit_002395,Vienna,8,10,176.1,7,2.8376,1e-05,0.0,0.5,48.293587,16.448396,7|5|12|16|19,0.1580|0.0887|0.0717|0.0602|0.0586,
unit_002398,Vienna,8,8,176.2,7,2.894,0.0,0.03463,0.5087,48.292695,16.448218,7|5|12|8|31,0.1498|0.0747|0.0590|0.0517|0.0454,
unit_002401,Vienna,8,8,175.8,7,2.7748,0.0,0.0,0.5,48.291477,16.447736,7|5|12|19|16,0.1515|0.0865|0.0690|0.0547|0.0509,
unit_002402,Vienna,9,10,205.4,7,2.8566,2e-05,0.0,0.5,48.290723,16.447671,7|5|12|16|8,0.1414|0.0907|0.0725|0.0603|0.0565,
unit_002404,Vienna,7,8,153.6,7,2.8135,0.0,0.0,0.5,48.289984,16.447665,7|5|12|16|8,0.1562|0.0887|0.0645|0.0608|0.0510,
unit_002405,Vienna,8,10,178.6,7,2.7837,0.0,0.0,0.5,48.290234,16.448427,7|5|19|16|12,0.1470|0.0863|0.0655|0.0540|0.0536,
unit_002407,Vienna,8,9,177.5,7,2.833,0.0,0.0,0.5,48.289858,16.448681,7|5|19|12|16,0.1491|0.0897|0.0638|0.0625|0.0554,
unit_002408,Vienna,8,8,175.6,5,2.9138,0.0,0.0,0.5,48.296229,16.437992,5|8|7|31|1,0.1117|0.0954|0.0845|0.0616|0.0589,
unit_002409,Vienna,8,8,177.6,7,2.7803,0.0,0.0,0.5,48.297294,16.445175,7|5|8|16|30,0.1330|0.0843|0.0805|0.0690|0.0310,
unit_002411,Vienna,8,8,177.1,7,2.8496,0.0,0.0,0.5,48.296643,16.443845,7|8|5|19|18,0.1460|0.0930|0.0843|0.0566|0.0561,
unit_002413,Vienna,17,17,261.0,7,2.9353,0.0,0.0,0.5,48.294881,16.458649,7|5|16|8|31,0.1456|0.0866|0.0642|0.0554|0.0550,
unit_002414,Vienna,10,10,184.5,5,2.8551,0.0,0.0,0.5,48.292515,16.460015,5|16|7|12|8,0.1005|0.0714|0.0687|0.0612|0.0545,
unit_002417,Vienna,8,8,180.8,7,2.6632,0.0,0.13419,0.5335,48.29407,16.460213,7|5|12|8|16,0.1637|0.0953|0.0645|0.0588|0.0518,
unit_002419,Vienna,15,15,179.5,7,2.9453,0.0,0.0,0.5,48.290129,16.454177,7|5|8|31|16,0.1410|0.1019|0.0872|0.0688|0.0628,
unit_002420,Vienna,7,7,153.7,7,2.8543,0.0,0.0,0.5,48.292056,16.4563,7|5|16|19|12,0.1425|0.0730|0.0634|0.0557|0.0463,
unit_002422,Vienna,7,7,151.6,7,2.8907,0.0,0.07665,0.5192,48.291137,16.454664,7|5|12|16|19,0.1550|0.0817|0.0589|0.0532|0.0488,
unit_002424,Vienna,8,8,177.1,7,2.7445,0.0,0.0,0.5,48.292599,16.455331,7|5|8|16|19,0.1619|0.0739|0.0703|0.0624|0.0577,
unit_002425,Vienna,8,8,178.1,7,2.7479,0.0,0.0,0.5,48.29011,16.452178,7|12|5|19|16,0.1701|0.0780|0.0772|0.0528|0.0516,
unit_002426,Vienna,7,7,157.0,7,2.7903,0.0,0.0,0.5,48.285665,16.449234,7|12|5|31|8,0.1085|0.0999|0.0961|0.0807|0.0665,
unit_002427,Vienna,8,8,176.1,7,2.7546,0.0,0.0,0.5,48.283787,16.44647,7|12|5|19|16,0.1595|0.0874|0.0799|0.0554|0.0551,
unit_002428,Vienna,17,17,334.6,7,2.8917,0.0,0.0,0.5,48.281111,16.444947,7|5|8|16|31,0.1434|0.1042|0.0640|0.0631|0.0538,
unit_002429,Vienna,12,12,241.6,5,2.889,0.0,0.0,0.5,48.286118,16.44259,5|1|30|19|8,0.1307|0.0617|0.0584|0.0537|0.0527,
unit_002430,Vienna,19,19,259.7,5,2.9406,0.0,0.0,0.5,48.285499,16.438712,5|7|8|1|27,0.1175|0.1059|0.0940|0.0581|0.0501,
unit_002431,Vienna,19,19,360.4,7,2.997,0.0,0.0,0.5,48.283426,16.427611,7|5|1|12|18,0.1242|0.1197|0.0783|0.0710|0.0680,
unit_002432,Vienna,8,8,177.0,5,2.7892,0.0,0.0,0.5,48.285018,16.434495,5|7|8|19|30,0.1101|0.1053|0.0757|0.0691|0.0579,
unit_002434,Vienna,11,11,128.0,5,2.9319,0.0,0.12195,0.5304,48.289339,16.415778,5|8|7|31|16,0.1116|0.0944|0.0835|0.0747|0.0727,
unit_002435,Vienna,11,11,206.8,5,2.9415,0.0,0.0,0.5,48.288922,16.417385,5|8|31|7|1,0.1410|0.1004|0.0726|0.0584|0.0583,
unit_002436,Vienna,8,8,177.0,12,2.9896,0.0,0.0,0.5,48.290211,16.416683,12|5|31|18|10,0.1057|0.1043|0.0734|0.0701|0.0679,
unit_002437,Vienna,8,8,180.8,12,2.9896,0.0,0.12195,0.5304,48.290235,16.416544,12|5|31|18|10,0.1057|0.1043|0.0734|0.0701|0.0679,
unit_002438,Vienna,28,29,564.0,7,3.0137,5e-05,0.0,0.5,48.286027,16.424614,7|5|12|19|16,0.0995|0.0984|0.0716|0.0605|0.0575,
unit_002439,Vienna,8,8,133.6,31,2.8198,0.0,0.0,0.5,48.275673,16.409373,31|12|5|8|16,0.1534|0.0801|0.0773|0.0653|0.0583,
unit_002440,Vienna,8,16,175.6,31,2.9594,0.0,0.0,0.5,48.215636,16.386005,31|5|11|10|12,0.1390|0.0636|0.0597|0.0580|0.0559,
unit_002441,Vienna,10,10,177.7,31,2.8362,0.0,0.05387,0.5135,48.216072,16.384044,31|10|22|5|4,0.1868|0.0421|0.0397|0.0395|0.0377,
unit_002442,Vienna,8,8,129.0,31,2.8166,0.0,0.0,0.5,48.216795,16.384168,31|12|19|22|10,0.1918|0.0360|0.0323|0.0323|0.0321,
unit_002443,Vienna,18,18,270.8,31,2.8338,0.0,0.0,0.5,48.219823,16.376565,31|12|4|30|10,0.1932|0.0434|0.0422|0.0402|0.0326,
unit_002444,Vienna,13,13,179.8,31,2.9148,0.0,0.0,0.5,48.219801,16.374729,31|8|18|10|30,0.1611|0.0624|0.0511|0.0421|0.0408,
unit_002445,Vienna,8,8,181.1,5,2.9885,0.0,0.0,0.5,48.265361,16.400979,5|8|1|31|18,0.1044|0.0898|0.0880|0.0694|0.0669,
unit_002446,Vienna,8,8,177.9,7,2.9906,0.0,0.0,0.5,48.25797,16.416489,7|8|19|5|27,0.1120|0.0924|0.0757|0.0744|0.0716,
unit_002447,Vienna,8,8,177.9,7,3.0653,0.0,0.0,0.5,48.256532,16.421078,7|8|19|5|1,0.1282|0.0771|0.0756|0.0675|0.0642,
unit_002448,Vienna,22,22,322.4,31,2.8647,0.0,0.0,0.5,48.25708,16.407784,31|8|5|30|11,0.1716|0.0736|0.0572|0.0401|0.0393,
unit_002449,Vienna,14,14,286.9,1,3.0656,0.0,0.0,0.5,48.230599,16.450743,1|5|31|18|8,0.1266|0.1011|0.0734|0.0706|0.0642,
unit_002450,Vienna,4,4,78.1,24,2.4958,0.0,0.0,0.5,48.228143,16.45174,24|17|9|6|12,0.1686|0.1122|0.0887|0.0502|0.0300,
unit_002453,Vienna,19,19,318.7,31,2.8495,0.0,0.0,0.5,48.23361,16.441837,31|12|5|18|8,0.1499|0.0698|0.0682|0.0602|0.0584,
unit_002454,Vienna,8,8,164.4,7,2.853,0.0,0.0,0.5,48.315631,16.354023,7|5|8|31|12,0.1605|0.1005|0.0834|0.0659|0.0503,
unit_002455,Vienna,12,12,207.8,7,2.784,0.0,0.0,0.5,48.314745,16.352142,7|31|5|8|16,0.1083|0.1043|0.0947|0.0727|0.0584,
unit_002456,Vienna,8,8,180.4,5,2.8307,0.0,0.0,0.5,48.305028,16.419199,5|19|30|7|12,0.1128|0.0857|0.0658|0.0563|0.0358,
unit_002457,Vienna,19,19,282.7,7,2.8745,0.0,0.0,0.5,48.30202,16.418311,7|5|31|8|16,0.1316|0.0967|0.0801|0.0715|0.0473,
unit_002458,Vienna,8,8,116.1,7,2.7915,0.0,0.0,0.5,48.302924,16.429452,7|5|16|8|19,0.1510|0.0874|0.0722|0.0721|0.0523,
unit_002459,Vienna,9,9,160.7,7,2.8226,0.0,0.0,0.5,48.302037,16.428822,7|5|16|8|19,0.1295|0.0939|0.0682|0.0652|0.0538,
unit_002460,Vienna,4,4,78.4,17,3.0595,0.0,0.0,0.5,48.270636,16.421193,17|6|9|24|8,0.1232|0.1121|0.0913|0.0661|0.0597,
unit_002461,Vienna,32,35,635.4,5,3.0567,8e-05,0.08101,0.5202,48.263271,16.435702,5|7|12|31|16,0.1028|0.0887|0.0786|0.0668|0.0586,
unit_002462,Vienna,12,12,242.3,5,3.0384,0.0,0.04858,0.5121,48.265749,16.433087,5|7|8|31|1,0.1112|0.0918|0.0738|0.0567|0.0543,
unit_002463,Vienna,16,16,206.4,31,2.8532,0.0,0.0,0.5,48.219439,16.387872,31|28|30|18|8,0.1680|0.0539|0.0518|0.0489|0.0477,
unit_002464,Vienna,31,31,451.4,31,2.8293,0.0,0.0,0.5,48.220398,16.385909,31|5|8|1|11,0.1645|0.0621|0.0607|0.0553|0.0477,
unit_002465,Vienna,13,13,197.9,31,2.8733,0.0,0.0,0.5,48.222543,16.381892,31|8|5|11|12,0.1394|0.1000|0.0967|0.0614|0.0560,
unit_002466,Vienna,7,7,151.8,5,2.8219,0.0,0.0,0.5,48.277995,16.501267,5|19|30|8|4,0.1171|0.0800|0.0561|0.0432|0.0384,
unit_002467,Vienna,12,12,232.5,9,2.9261,0.0,0.0,0.5,48.239477,16.397861,9|26|5|27|1,0.1326|0.1110|0.0717|0.0611|0.0549,
unit_002468,Vienna,7,7,153.9,9,2.9734,0.0,0.0,0.5,48.240167,16.401897,9|26|5|27|18,0.1267|0.1126|0.0998|0.0681|0.0542,
unit_002469,Vienna,37,51,734.8,5,3.0517,7e-05,0.1338,0.5334,48.240979,16.405103,5|9|18|30|26,0.1238|0.0861|0.0847|0.0818|0.0749,
unit_002470,Vienna,15,15,313.1,9,2.9734,0.0,0.0,0.5,48.239632,16.40195,9|26|5|27|18,0.1267|0.1126|0.0998|0.0681|0.0542,
unit_002471,Vienna,28,48,654.6,9,3.0593,0.00011,0.0,0.5,48.237986,16.404503,9|5|17|15|12,0.1337|0.1095|0.0787|0.0653|0.0639,
unit_002472,Vienna,15,16,352.4,9,3.1297,0.0001,0.0,0.5,48.242459,16.399425,9|5|12|26|17,0.1196|0.0863|0.0760|0.0672|0.0619,
unit_002473,Vienna,6,6,125.9,9,2.9734,0.0,0.0,0.5,48.24004,16.402279,9|26|5|27|18,0.1267|0.1126|0.0998|0.0681|0.0542,
unit_002474,Vienna,16,33,296.6,5,3.0485,5e-05,0.03282,0.5082,48.23748,16.405377,5|9|17|12|18,0.1306|0.1147|0.0871|0.0834|0.0732,
unit_002475,Vienna,6,8,125.4,9,3.0366,1e-05,0.03225,0.5081,48.238799,16.403928,9|5|17|6|26,0.1477|0.0812|0.0647|0.0644|0.0574,
unit_002476,Vienna,5,5,100.3,9,2.9734,0.0,0.0,0.5,48.240216,16.402316,9|26|5|27|18,0.1267|0.1126|0.0998|0.0681|0.0542,
unit_002480,Vienna,7,7,151.6,7,2.8109,0.0,0.0,0.5,48.292658,16.451718,7|5|12|16|19,0.1285|0.0635|0.0596|0.0510|0.0507,
unit_002481,Vienna,7,7,151.0,7,2.8817,0.0,0.0,0.5,48.293862,16.454955,7|5|12|16|19,0.1603|0.0702|0.0698|0.0659|0.0563,
unit_002483,Vienna,7,7,152.2,7,2.8473,0.0,0.0,0.5,48.292494,16.453232,7|5|16|19|12,0.1554|0.0741|0.0592|0.0543|0.0418,
unit_002484,Vienna,9,9,166.2,31,2.8761,0.0,0.0,0.5,48.258533,16.408357,31|8|5|1|10,0.1372|0.0895|0.0890|0.0594|0.0517,
unit_002485,Vienna,11,11,179.1,31,2.7005,0.0,0.0,0.5,48.25515,16.406464,31|30|8|28|1,0.1704|0.0663|0.0576|0.0377|0.0374,
unit_002486,Vienna,10,10,124.0,31,2.8409,0.0,0.0,0.5,48.255369,16.408792,31|5|8|10|12,0.1315|0.0963|0.0818|0.0697|0.0650,
unit_002487,Vienna,42,45,711.4,31,2.8112,3e-05,0.04584,0.5114,48.254971,16.413901,31|5|8|12|1,0.1395|0.0940|0.0938|0.0627|0.0431,
unit_002488,Vienna,21,30,379.5,31,2.7742,1e-05,0.08415,0.521,48.254286,16.410981,31|8|1|5|30,0.1422|0.0765|0.0696|0.0642|0.0641,
unit_002489,Vienna,13,13,215.0,5,2.8481,0.0,0.0,0.5,48.254975,16.415901,5|8|31|10|12,0.1128|0.1037|0.1014|0.0729|0.0556,
unit_002490,Vienna,15,19,325.9,31,2.8619,4e-05,0.0,0.5,48.260726,16.403078,31|5|8|12|16,0.1278|0.1006|0.0779|0.0744|0.0537,
unit_002491,Vienna,11,11,237.0,31,2.9976,0.0,0.0,0.5,48.260965,16.398293,31|5|8|16|1,0.1370|0.0789|0.0712|0.0461|0.0449,
unit_002492,Vienna,8,8,178.2,7,2.7203,0.0,0.0,0.5,48.28957,16.449553,7|5|12|8|16,0.1709|0.0786|0.0612|0.0573|0.0519,
unit_002495,Vienna,8,8,176.0,7,2.9125,0.0,0.0,0.5,48.290472,16.450865,7|5|12|19|8,0.1461|0.0838|0.0803|0.0650|0.0509,
unit_002496,Vienna,14,15,267.4,7,2.7425,0.0,0.034,0.5085,48.282648,16.451633,7|12|5|19|16,0.1281|0.0887|0.0819|0.0468|0.0450,
unit_002497,Vienna,8,8,175.8,12,2.7939,0.0,0.0,0.5,48.285455,16.451268,12|5|31|8|7,0.1178|0.1061|0.0726|0.0690|0.0635,
unit_002498,Vienna,15,15,299.6,7,2.8748,0.0,0.03434,0.5086,48.280868,16.454904,7|5|8|19|16,0.1472|0.1135|0.0771|0.0592|0.0544,
unit_002499,Vienna,7,8,157.2,7,2.8967,2e-05,0.03434,0.5086,48.282298,16.455247,7|19|12|5|16,0.1154|0.0808|0.0664|0.0592|0.0486,
unit_002500,Vienna,8,8,177.3,7,2.8949,0.0,0.0,0.5,48.277272,16.441321,7|12|5|16|19,0.1513|0.1012|0.0787|0.0594|0.0502,
unit_002501,Vienna,14,14,253.5,5,3.0309,0.0,0.0,0.5,48.278883,16.453938,5|7|8|19|18,0.1187|0.0852|0.0805|0.0758|0.0654,
unit_002502,Vienna,11,11,217.2,7,2.6441,0.0,0.0,0.5,48.27896,16.452341,7|5|12|16|19,0.1560|0.0743|0.0688|0.0630|0.0528,
unit_002503,Vienna,14,14,260.9,7,2.8411,0.0,0.0,0.5,48.27963,16.449533,7|12|5|19|31,0.1404|0.0982|0.0725|0.0514|0.0451,
unit_002504,Vienna,30,32,525.4,5,2.9654,0.0,0.08957,0.5224,48.281803,16.460816,5|19|12|1|15,0.1230|0.0805|0.0729|0.0671|0.0646,
unit_002505,Vienna,7,7,150.7,5,2.7441,0.0,0.08957,0.5224,48.283225,16.46116,5|12|19|9|30,0.1070|0.0912|0.0783|0.0555|0.0534,
unit_002506,Vienna,16,16,251.7,5,2.9635,0.0,0.0,0.5,48.292146,16.466072,5|19|12|18|30,0.1445|0.0782|0.0775|0.0604|0.0575,
unit_002507,Vienna,18,25,309.5,7,2.9365,2e-05,0.09516,0.5238,48.3011,16.471908,7|5|12|31|1,0.1464|0.1095|0.0855|0.0673|0.0422,
unit_002508,Vienna,8,8,134.5,7,2.668,0.0,0.0,0.5,48.300476,16.470355,7|5|8|31|16,0.1026|0.0937|0.0862|0.0700|0.0550,
unit_002509,Vienna,38,49,710.3,7,2.8516,3e-05,0.0,0.5,48.300437,16.354425,7|5|8|16|31,0.1719|0.0904|0.0670|0.0603|0.0480,
unit_002510,Vienna,15,15,218.7,7,2.9196,0.0,0.0,0.5,48.301401,16.351517,7|5|19|16|8,0.1184|0.0919|0.0726|0.0628|0.0483,
unit_002511,Vienna,12,12,232.6,7,2.8503,0.0,0.0,0.5,48.304349,16.351047,7|5|8|18|19,0.1718|0.0747|0.0666|0.0665|0.0603,
unit_002512,Vienna,6,6,51.0,7,2.8503,0.0,0.0,0.5,48.304761,16.35179,7|5|8|18|19,0.1718|0.0747|0.0666|0.0665|0.0603,
unit_002513,Vienna,20,20,349.4,7,2.8828,0.0,0.0,0.5,48.303071,16.354141,7|5|8|31|18,0.1710|0.0964|0.0648|0.0601|0.0563,
unit_002514,Vienna,20,25,351.5,7,2.9694,3e-05,0.0,0.5,48.302407,16.35818,7|5|18|19|8,0.1555|0.0946|0.0757|0.0652|0.0513,
unit_002515,Vienna,14,14,234.5,7,2.9692,0.0,0.0,0.5,48.305243,16.353399,7|5|8|31|16,0.1379|0.0931|0.0742|0.0568|0.0480,
unit_002516,Vienna,17,17,274.1,7,2.9716,0.0,0.0,0.5,48.306214,16.360593,7|5|31|8|15,0.1348|0.1270|0.0766|0.0735|0.0553,
unit_002517,Vienna,8,8,132.9,7,2.8704,0.0,0.0,0.5,48.304815,16.358915,7|5|8|19|12,0.1584|0.0906|0.0566|0.0525|0.0517,
unit_002518,Vienna,13,13,266.8,7,2.927,0.0,0.0,0.5,48.305774,16.351263,7|5|8|12|31,0.1577|0.0842|0.0717|0.0488|0.0483,
unit_002519,Vienna,17,23,335.9,7,2.8435,4e-05,0.0,0.5,48.297708,16.357202,7|5|16|8|19,0.1635|0.0938|0.0610|0.0550|0.0483,
unit_002520,Vienna,64,108,1211.0,5,3.0434,5e-05,0.15802,0.5394,48.301374,16.373275,5|1|31|3|18,0.1394|0.0940|0.0654|0.0643|0.0604,
unit_002521,Vienna,8,8,178.1,7,2.8454,0.0,0.0,0.5,48.299352,16.38088,7|18|5|31|8,0.1213|0.1100|0.1001|0.0780|0.0746,
unit_002522,Vienna,11,12,175.5,31,2.9897,0.0,0.16876,0.5421,48.215867,16.374796,31|11|15|12|5,0.1433|0.0724|0.0661|0.0569|0.0547,
unit_002523,Vienna,12,12,155.9,31,2.9395,0.0,0.08353,0.5209,48.216764,16.377816,31|22|8|27|5,0.1515|0.0453|0.0434|0.0433|0.0395,
unit_002524,Vienna,10,10,191.2,31,2.8523,0.0,0.08353,0.5209,48.216085,16.377145,31|12|18|11|22,0.1806|0.0541|0.0520|0.0407|0.0400,
unit_002525,Vienna,13,13,160.2,31,2.924,0.0,0.0,0.5,48.217961,16.379003,31|8|27|3|30,0.1295|0.0542|0.0444|0.0359|0.0352,
unit_002527,Vienna,10,10,159.6,31,2.9167,0.0,0.0,0.5,48.216301,16.382622,31|12|18|10|22,0.1708|0.0574|0.0560|0.0457|0.0370,
unit_002528,Vienna,5,5,62.9,31,2.953,0.0,0.0,0.5,48.215043,16.38002,31|16|8|4|10,0.1579|0.0392|0.0360|0.0358|0.0339,
unit_002529,Vienna,16,19,284.4,31,2.8883,7e-05,0.0,0.5,48.219122,16.382657,31|12|16|5|8,0.1840|0.0478|0.0463|0.0430|0.0415,
unit_002531,Vienna,19,22,254.0,31,2.8662,1e-05,0.07085,0.5177,48.210284,16.378088,31|30|22|10|4,0.1723|0.0442|0.0406|0.0389|0.0376,
unit_002532,Vienna,8,8,133.2,31,2.9714,0.0,0.18145,0.5452,48.211028,16.377866,31|10|5|8|18,0.1303|0.0724|0.0618|0.0573|0.0565,
unit_002533,Vienna,8,8,176.4,7,2.8473,0.0,0.0,0.5,48.310326,16.401312,7|12|5|19|16,0.0978|0.0712|0.0578|0.0562|0.0501,
unit_002534,Vienna,8,8,176.8,15,2.9023,0.0,0.0,0.5,48.31271,16.391559,15|17|19|30|5,0.0823|0.0794|0.0700|0.0693|0.0552,
unit_002535,Vienna,17,17,327.7,5,2.879,0.0,0.0,0.5,48.299696,16.412069,5|7|8|1|19,0.1062|0.0857|0.0819|0.0570|0.0526,
unit_002536,Vienna,11,11,182.9,5,2.8604,0.0,0.0,0.5,48.298081,16.414805,5|7|8|31|16,0.1066|0.0987|0.0931|0.0636|0.0536,
unit_002537,Vienna,12,12,161.5,7,2.8237,0.0,0.0,0.5,48.300181,16.41615,7|5|12|31|16,0.1036|0.0928|0.0914|0.0809|0.0491,
unit_002538,Vienna,16,16,323.6,5,2.9664,0.0,0.0,0.5,48.295926,16.414316,5|7|12|31|1,0.1239|0.0901|0.0895|0.0895|0.0699,
unit_002539,Vienna,9,9,168.2,7,2.9638,0.0,0.0,0.5,48.291115,16.412855,7|5|12|31|8,0.1236|0.1108|0.0926|0.0698|0.0570,
unit_002540,Vienna,7,7,156.2,5,2.9698,0.0,0.0,0.5,48.297098,16.425088,5|8|1|31|25,0.1357|0.0872|0.0708|0.0666|0.0579,
unit_002541,Vienna,9,9,175.7,5,2.9698,0.0,0.0,0.5,48.296878,16.424952,5|8|1|31|25,0.1357|0.0872|0.0708|0.0666|0.0579,
unit_002542,Vienna,6,6,127.4,5,2.9816,0.0,0.0,0.5,48.296306,16.424168,5|8|10|7|18,0.1084|0.1052|0.0838|0.0778|0.0524,
unit_002543,Vienna,10,10,180.2,7,2.7095,0.0,0.0,0.5,48.290171,16.476181,7|5|16|12|8,0.1469|0.0905|0.0622|0.0530|0.0491,
unit_002544,Vienna,12,12,253.0,7,2.8934,0.0,0.0,0.5,48.292439,16.477275,7|5|16|19|8,0.1334|0.1246|0.0689|0.0656|0.0602,
unit_002545,Vienna,17,17,286.3,7,2.6637,0.0,0.04904,0.5123,48.291186,16.477973,7|5|8|16|12,0.1634|0.0943|0.0764|0.0547|0.0492,
unit_002547,Vienna,6,6,128.5,7,2.8281,0.0,0.04401,0.511,48.289606,16.477569,7|5|8|16|18,0.1642|0.0851|0.0667|0.0506|0.0478,
unit_002549,Vienna,14,21,283.8,5,2.9331,8e-05,0.0,0.5,48.28906,16.481279,5|19|12|7|15,0.1109|0.1021|0.0812|0.0735|0.0557,
unit_002550,Vienna,9,9,138.8,5,2.9442,0.0,0.04024,0.5101,48.288782,16.478267,5|19|7|30|18,0.1184|0.0779|0.0779|0.0646|0.0628,
unit_002551,Vienna,4,4,75.4,5,2.7698,0.0,0.0,0.5,48.315264,16.440566,5|19|30|12|4,0.1325|0.1018|0.0699|0.0371|0.0364,
unit_002552,Vienna,8,8,175.9,5,2.8377,0.0,0.0,0.5,48.309797,16.444003,5|19|30|18|9,0.1022|0.0918|0.0782|0.0378|0.0279,
unit_002553,Vienna,8,8,175.9,5,2.7324,0.0,0.0,0.5,48.308607,16.45408,5|19|30|8|15,0.1032|0.0895|0.0727|0.0317|0.0309,
unit_002554,Vienna,8,8,175.9,5,2.8286,0.0,0.0,0.5,48.306606,16.463814,5|19|30|8|15,0.1192|0.1012|0.0868|0.0538|0.0407,
unit_002555,Vienna,11,11,178.7,7,2.8252,0.0,0.0,0.5,48.295901,16.465712,7|5|19|8|16,0.1123|0.1078|0.0758|0.0638|0.0517,
unit_002557,Vienna,32,41,633.0,5,2.8801,1e-05,0.0,0.5,48.29631,16.462852,5|19|3|16|4,0.0940|0.0890|0.0637|0.0578|0.0496,
unit_002558,Vienna,15,15,242.0,5,2.8828,0.0,0.0,0.5,48.286187,16.452326,5|19|7|30|1,0.1322|0.0852|0.0842|0.0633|0.0550,
unit_002561,Vienna,13,13,259.0,5,3.0519,0.0,0.0,0.5,48.27964,16.457475,5|7|19|30|16,0.0771|0.0710|0.0706|0.0498|0.0477,
unit_002562,Vienna,12,13,239.7,7,2.8669,0.0,0.034,0.5085,48.284293,16.452181,7|5|12|8|16,0.1593|0.0935|0.0748|0.0538|0.0492,
unit_002563,Vienna,15,29,315.7,7,3.0711,3e-05,0.0,0.5,48.276795,16.444619,7|5|19|27|1,0.1093|0.0901|0.0805|0.0722|0.0611,
unit_002564,Vienna,11,11,199.1,7,2.8057,0.0,0.10616,0.5265,48.27904,16.446384,7|8|5|16|19,0.1611|0.0830|0.0749|0.0526|0.0417,
unit_002565,Vienna,14,27,263.0,5,2.9829,0.0,0.0,0.5,48.266822,16.45598,5|12|1|31|11,0.1267|0.1050|0.0764|0.0742|0.0642,
unit_002566,Vienna,45,45,700.7,5,3.0069,0.0,0.05773,0.5144,48.264708,16.455319,5|1|31|3|18,0.0893|0.0821|0.0641|0.0527|0.0488,
unit_002567,Vienna,14,14,227.0,7,3.0017,0.0,0.0,0.5,48.273766,16.459491,7|5|16|19|18,0.1457|0.0997|0.0593|0.0587|0.0524,
unit_002568,Vienna,8,8,176.2,5,2.7729,0.0,0.0,0.5,48.273175,16.457168,5|19|12|30|15,0.1063|0.1050|0.0819|0.0631|0.0464,
unit_002569,Vienna,24,24,499.9,5,2.9097,0.0,0.0,0.5,48.27827,16.459212,5|19|3|1|12,0.1220|0.1020|0.0543|0.0530|0.0470,
unit_002570,Vienna,9,9,178.4,5,3.0506,0.0,0.0,0.5,48.263653,16.453685,5|1|12|31|3,0.1138|0.0923|0.0778|0.0713|0.0677,
unit_002571,Vienna,7,7,159.2,5,3.0506,0.0,0.0,0.5,48.263444,16.453903,5|1|12|31|3,0.1138|0.0923|0.0778|0.0713|0.0677,
unit_002572,Vienna,14,14,238.1,5,2.8898,0.0,0.0,0.5,48.265496,16.457185,5|7|16|19|12,0.0827|0.0804|0.0646|0.0637|0.0576,
unit_002573,Vienna,7,7,110.3,5,2.8898,0.0,0.0,0.5,48.265902,16.45722,5|7|16|19|12,0.0827|0.0804|0.0646|0.0637|0.0576,
unit_002574,Vienna,8,8,187.2,7,2.8253,0.0,0.0,0.5,48.275402,16.459837,7|12|5|16|19,0.1566|0.0844|0.0825|0.0642|0.0505,
unit_002575,Vienna,7,7,159.9,7,2.7421,0.0,0.10616,0.5265,48.280172,16.446374,7|12|5|16|19,0.1543|0.1019|0.0750|0.0521|0.0478,
unit_002576,Vienna,8,8,177.3,5,3.0196,0.0,0.0,0.5,48.266219,16.442061,5|8|7|27|1,0.1220|0.0954|0.0821|0.0779|0.0622,
unit_002577,Vienna,8,8,177.3,7,2.9668,0.0,0.0,0.5,48.266274,16.445937,7|5|8|20|1,0.1085|0.1042|0.0982|0.0632|0.0556,
unit_002578,Vienna,26,26,435.0,5,3.021,0.0,0.0,0.5,48.256245,16.44063,5|7|8|31|1,0.0994|0.0798|0.0756|0.0627|0.0614,
unit_002579,Vienna,9,9,161.7,7,2.8231,0.0,0.0,0.5,48.260385,16.445496,7|5|12|16|19,0.1684|0.0821|0.0716|0.0583|0.0548,
unit_002580,Vienna,9,9,160.3,18,2.9085,0.0,0.0,0.5,48.257588,16.444198,18|5|7|8|12,0.1114|0.1066|0.0915|0.0890|0.0705,
unit_002581,Vienna,16,16,300.5,7,2.9441,0.0,0.0,0.5,48.26039,16.448449,7|5|31|1|12,0.1183|0.1020|0.0798|0.0762|0.0624,
unit_002582,Vienna,27,27,530.5,5,2.9543,0.0,0.0,0.5,48.262942,16.447164,5|12|31|1|16,0.1359|0.0974|0.0774|0.0749|0.0604,
unit_002583,Vienna,7,7,153.1,5,3.0334,0.0,0.0,0.5,48.260665,16.437489,5|12|1|18|31,0.1061|0.0960|0.0759|0.0750|0.0618,
unit_002584,Vienna,7,7,158.0,12,3.0706,0.0,0.0,0.5,48.258171,16.439228,12|5|1|18|31,0.1008|0.0965|0.0779|0.0726|0.0712,
unit_002585,Vienna,15,15,258.5,7,2.9635,0.0,0.26127,0.5649,48.236779,16.433462,7|5|12|19|18,0.1407|0.0716|0.0696|0.0673|0.0542,
unit_002586,Vienna,9,9,162.0,7,2.9277,0.0,0.0,0.5,48.237779,16.438414,7|5|19|8|16,0.1588|0.0725|0.0617|0.0602|0.0561,
unit_002587,Vienna,10,10,164.6,7,2.6937,0.0,0.0,0.5,48.236349,16.446137,7|12|5|31|16,0.1811|0.0917|0.0793|0.0584|0.0537,
unit_002588,Vienna,11,11,173.4,5,2.9536,0.0,0.0,0.5,48.239244,16.448014,5|8|7|31|11,0.0985|0.0952|0.0870|0.0634|0.0597,
unit_002589,Vienna,7,7,150.7,5,2.96,0.0,0.0,0.5,48.226704,16.437866,5|8|7|16|18,0.0990|0.0949|0.0863|0.0824|0.0522,
unit_002590,Vienna,11,11,180.9,7,2.8172,0.0,0.0,0.5,48.223074,16.441302,7|5|8|16|31,0.1399|0.1041|0.0899|0.0669|0.0405,
unit_002591,Vienna,8,8,185.6,7,2.9587,0.0,0.0,0.5,48.232541,16.438982,7|12|5|1|19,0.1188|0.1102|0.1054|0.0545|0.0461,
unit_002592,Vienna,19,27,359.7,5,2.952,7e-05,0.0,0.5,48.229925,16.439734,5|7|31|12|1,0.1196|0.0819|0.0726|0.0710|0.0707,
unit_002593,Vienna,7,7,153.9,5,3.0484,0.0,0.0,0.5,48.238887,16.438207,5|18|31|11|12,0.1304|0.0841|0.0802|0.0782|0.0740,
unit_002595,Vienna,13,13,185.0,7,2.7733,0.0,0.0,0.5,48.239328,16.434132,7|5|8|16|31,0.1662|0.0763|0.0656|0.0534|0.0433,
unit_002596,Vienna,7,7,158.9,5,2.8409,0.0,0.0,0.5,48.274365,16.480908,5|19|12|7|16,0.1177|0.1015|0.0751|0.0631|0.0511,
unit_002597,Vienna,8,8,177.1,5,2.7611,0.0,0.0,0.5,48.292457,16.485081,5|7|8|19|30,0.1004|0.0855|0.0618|0.0592|0.0524,
unit_002598,Vienna,8,8,176.5,19,2.7812,0.0,0.0,0.5,48.308254,16.485864,19|5|12|30|7,0.0938|0.0834|0.0595|0.0539|0.0393,
unit_002599,Vienna,13,13,186.3,7,2.7897,0.0,0.0,0.5,48.313412,16.49689,7|5|8|16|31,0.1317|0.0911|0.0827|0.0756|0.0347,
unit_002600,Vienna,20,22,392.1,7,2.7953,2e-05,0.0,0.5,48.315159,16.500525,7|5|8|16|19,0.1569|0.0940|0.0878|0.0522|0.0440,
unit_002601,Vienna,11,11,185.2,7,2.7688,0.0,0.0,0.5,48.312492,16.500133,7|5|12|16|19,0.1657|0.0844|0.0818|0.0615|0.0527,
unit_002602,Vienna,6,8,128.7,5,2.8972,1e-05,0.07313,0.5183,48.310081,16.492084,5|19|12|9|7,0.0965|0.0944|0.0821|0.0755|0.0506,
unit_002604,Vienna,8,8,179.5,7,2.7654,0.0,0.0,0.5,48.314867,16.497059,7|5|12|16|8,0.1256|0.1018|0.0934|0.0583|0.0570,
unit_002605,Vienna,7,7,154.2,7,2.8202,0.0,0.0,0.5,48.313686,16.490567,7|5|16|12|19,0.1401|0.0901|0.0761|0.0649|0.0564,
unit_002606,Vienna,5,5,104.4,7,3.0374,0.0,0.0,0.5,48.311153,16.491716,7|5|16|1|8,0.1057|0.1050|0.0770|0.0753|0.0741,
unit_002607,Vienna,8,8,177.3,5,2.7227,0.0,0.0,0.5,48.305683,16.487097,5|19|30|8|27,0.1086|0.0955|0.0845|0.0437|0.0378,
unit_002608,Vienna,10,10,187.2,8,2.9014,0.0,0.16399,0.5409,48.262269,16.425131,8|5|31|1|16,0.1023|0.1008|0.0980|0.0539|0.0501,
unit_002609,Vienna,18,18,346.3,7,3.0653,0.0,0.0,0.5,48.256732,16.421259,7|8|19|5|1,0.1282|0.0771|0.0756|0.0675|0.0642,
unit_002610,Vienna,8,8,177.6,7,2.9906,0.0,0.0,0.5,48.257975,16.416596,7|8|19|5|27,0.1120|0.0924|0.0757|0.0744|0.0716,
unit_002611,Vienna,24,24,436.2,31,2.8855,0.0,0.08415,0.521,48.252912,16.409936,31|8|1|5|11,0.1469|0.0492|0.0455|0.0446|0.0418,
unit_002612,Vienna,29,47,499.4,31,2.8417,7e-05,0.04584,0.5114,48.253072,16.413988,31|1|8|5|30,0.1345|0.0912|0.0838|0.0761|0.0616,
unit_002613,Vienna,20,20,370.9,9,3.1113,0.0,0.08597,0.5215,48.243366,16.398959,9|5|28|3|12,0.1197|0.0947|0.0781|0.0779|0.0752,
unit_002614,Vienna,9,9,158.0,7,2.7735,0.0,0.0,0.5,48.244381,16.402218,7|8|5|16|18,0.1546|0.0949|0.0871|0.0655|0.0513,
unit_002615,Vienna,22,22,350.4,7,2.8415,0.0,0.0,0.5,48.244963,16.40461,7|5|31|8|16,0.1169|0.1113|0.0713|0.0556|0.0462,
unit_002616,Vienna,11,11,189.1,7,2.7465,0.0,0.0,0.5,48.242931,16.408716,7|5|16|12|19,0.1580|0.0883|0.0660|0.0646|0.0500,
unit_002618,Vienna,12,12,209.9,7,2.8846,0.0,0.0,0.5,48.24561,16.40268,7|12|5|16|19,0.1329|0.0866|0.0715|0.0622|0.0523,
unit_002619,Vienna,9,9,169.4,7,2.7952,0.0,0.0,0.5,48.24577,16.399798,7|5|8|31|16,0.1663|0.0893|0.0883|0.0485|0.0449,
unit_002620,Vienna,8,8,182.2,7,2.7452,0.0,0.0,0.5,48.242835,16.405385,7|5|8|16|19,0.1428|0.0829|0.0768|0.0598|0.0395,
unit_002621,Vienna,13,16,260.8,7,2.9063,0.0,0.06378,0.5159,48.241936,16.404614,7|8|5|19|16,0.1338|0.0854|0.0827|0.0635|0.0554,
unit_002624,Vienna,11,11,179.7,7,2.8808,0.0,0.0,0.5,48.244962,16.408382,7|5|8|31|18,0.1735|0.1061|0.0793|0.0599|0.0491,
unit_002625,Vienna,10,10,207.3,7,2.9258,0.0,0.0,0.5,48.24388,16.410669,7|5|8|18|19,0.1740|0.0987|0.0815|0.0688|0.0519,
unit_002627,Vienna,6,6,70.5,5,2.9105,0.0,0.0,0.5,48.241436,16.403085,5|8|1|30|27,0.1265|0.0730|0.0704|0.0616|0.0587,
unit_002628,Vienna,13,13,254.6,7,2.9257,0.0,0.0,0.5,48.246847,16.39876,7|5|8|31|28,0.1368|0.1203|0.0733|0.0576|0.0557,
unit_002629,Vienna,10,14,170.7,31,3.0071,1e-05,0.03417,0.5085,48.222703,16.385847,31|22|5|30|18,0.1672|0.0549|0.0542|0.0420|0.0417,
unit_002630,Vienna,10,10,172.7,31,3.0234,0.0,0.13069,0.5326,48.223336,16.38593,31|8|5|16|30,0.1374|0.0823|0.0567|0.0559|0.0493,
unit_002631,Vienna,6,6,77.5,31,2.8561,0.0,0.0,0.5,48.20909,16.379804,31|12|19|8|17,0.1770|0.0484|0.0327|0.0317|0.0303,
unit_002632,Vienna,12,12,222.6,7,2.9753,0.0,0.15433,0.5385,48.096008,16.281255,7|5|31|12|18,0.1093|0.1018|0.0949|0.0941|0.0608,
unit_002633,Vienna,25,25,503.8,5,2.8989,0.0,0.0,0.5,48.097762,16.280428,5|31|7|8|1,0.1365|0.0994|0.0920|0.0634|0.0571,
unit_002634,Vienna,11,11,204.4,5,3.0387,0.0,0.0,0.5,48.273976,16.414345,5|31|8|18|1,0.1042|0.0904|0.0895|0.0689|0.0541,
unit_002635,Vienna,15,15,309.6,5,2.9996,0.0,0.0,0.5,48.273016,16.419122,5|31|1|12|8,0.1166|0.1055|0.0789|0.0766|0.0575,
unit_002636,Vienna,14,17,204.5,5,2.9889,0.0,0.04858,0.5121,48.266275,16.431488,5|8|31|1|7,0.1101|0.1017|0.0690|0.0650|0.0557,
unit_002637,Vienna,11,22,214.3,5,3.0555,0.0,0.0,0.5,48.262605,16.429769,5|1|30|8|31,0.1115|0.0964|0.0716|0.0708|0.0628,
unit_002638,Vienna,22,22,402.0,1,3.0326,0.0,0.0,0.5,48.267049,16.428021,1|5|31|30|18,0.1429|0.1182|0.0711|0.0529|0.0496,
unit_002639,Vienna,7,7,156.8,5,3.0864,0.0,0.0,0.5,48.275536,16.433036,5|8|7|1|18,0.1001|0.0854|0.0779|0.0727|0.0722,
unit_002640,Vienna,8,8,176.0,12,2.9774,0.0,0.0,0.5,48.277714,16.434776,12|7|5|1|19,0.1206|0.0894|0.0754|0.0741|0.0543,
unit_002641,Vienna,11,16,212.2,1,3.0656,0.0,0.04485,0.5112,48.273047,16.432477,1|5|12|3|31,0.1191|0.1046|0.0841|0.0621|0.0618,
unit_002642,Vienna,6,8,132.2,1,3.0911,1e-05,0.04485,0.5112,48.2741,16.431934,1|8|9|5|30,0.1025|0.0809|0.0773|0.0763|0.0595,
unit_002643,Vienna,11,11,214.6,7,2.8533,0.0,0.0,0.5,48.160308,16.258274,7|5|8|31|27,0.1442|0.0964|0.0932|0.0522|0.0463,
unit_002644,Vienna,14,14,215.0,7,2.8003,0.0,0.0,0.5,48.162951,16.259504,7|8|5|31|16,0.1587|0.0985|0.0885|0.0503|0.0488,
unit_002645,Vienna,12,12,246.9,7,2.8612,0.0,0.04658,0.5116,48.163658,16.263366,7|8|5|16|31,0.1329|0.1039|0.0870|0.0618|0.0570,
unit_002647,Vienna,27,32,519.5,7,2.8739,2e-05,0.0,0.5,48.163077,16.267188,7|5|8|31|16,0.1350|0.0946|0.0886|0.0546|0.0462,
unit_002649,Vienna,24,24,455.3,7,2.9128,3e-05,0.0,0.5,48.158296,16.26859,7|8|5|31|18,0.1578|0.0880|0.0811|0.0576|0.0473,
unit_002650,Vienna,17,17,327.3,7,2.989,0.0,0.0,0.5,48.163505,16.256602,7|5|8|31|19,0.1361|0.0878|0.0713|0.0548|0.0500,
unit_002651,Vienna,23,23,355.3,7,2.9684,0.0,0.0,0.5,48.161482,16.262389,7|5|8|16|31,0.1193|0.1108|0.0813|0.0581|0.0551,
unit_002652,Vienna,10,10,161.1,7,2.8125,0.0,0.0,0.5,48.161939,16.26468,7|5|8|16|31,0.1246|0.0940|0.0906|0.0513|0.0497,
unit_002653,Vienna,8,8,178.4,12,2.7653,0.0,0.0,0.5,48.270719,16.43573,12|5|7|19|30,0.1114|0.0962|0.0824|0.0684|0.0453,
unit_002654,Vienna,16,16,327.2,5,2.9462,0.0,0.0,0.5,48.270098,16.445597,5|31|11|8|12,0.1350|0.0922|0.0895|0.0845|0.0693,
unit_002655,Vienna,7,7,163.4,5,2.9927,0.0,0.0,0.5,48.272568,16.437071,5|8|31|1|16,0.1226|0.0967|0.0773|0.0584|0.0547,
unit_002656,Vienna,18,18,345.6,5,2.9489,0.0,0.0,0.5,48.273811,16.44375,5|8|31|12|7,0.1333|0.1030|0.0868|0.0713|0.0685,
unit_002657,Vienna,15,15,258.4,5,2.9233,0.0,0.0,0.5,48.272379,16.44243,5|7|31|8|12,0.1168|0.0866|0.0849|0.0829|0.0702,
unit_002658,Vienna,12,12,196.2,7,2.9475,0.0,0.0,0.5,48.27494,16.440709,7|5|8|19|28,0.1167|0.1167|0.0962|0.0685|0.0576,
unit_002659,Vienna,10,10,183.6,5,2.862,0.0,0.0,0.5,48.273984,16.4379,5|12|16|7|1,0.0852|0.0791|0.0650|0.0635|0.0630,
unit_002660,Vienna,13,13,260.0,7,2.9436,0.0,0.0,0.5,48.250171,16.422955,7|5|18|19|8,0.1110|0.0743|0.0598|0.0537|0.0514,
unit_002661,Vienna,8,8,175.8,5,2.9642,0.0,0.0,0.5,48.251642,16.414006,5|8|31|10|7,0.1043|0.0855|0.0750|0.0648|0.0503,
unit_002663,Vienna,7,7,156.6,31,2.5958,0.0,0.0,0.5,48.209174,16.375993,31|4|15|27|3,0.1693|0.0329|0.0287|0.0277|0.0266,
unit_002664,Vienna,7,7,91.7,31,2.8226,0.0,0.0,0.5,48.210084,16.375502,31|10|4|22|27,0.1759|0.0434|0.0377|0.0346|0.0316,
unit_002665,Vienna,20,26,435.8,5,3.0875,5e-05,0.03347,0.5084,48.247603,16.393937,5|12|1|9|15,0.1222|0.0785|0.0777|0.0711|0.0595,
unit_002666,Vienna,8,14,177.1,9,3.0578,1e-05,0.11406,0.5285,48.248784,16.392225,9|5|26|12|18,0.1655|0.0895|0.0765|0.0712|0.0660,
unit_002668,Vienna,8,8,128.5,9,3.0615,0.0,0.08597,0.5215,48.242095,16.400327,9|5|12|26|1,0.1172|0.0763|0.0751|0.0689|0.0680,
unit_002669,Vienna,11,11,184.9,7,2.8886,0.0,0.0,0.5,48.257077,16.423587,7|5|8|16|12,0.1700|0.0776|0.0649|0.0612|0.0479,
unit_002670,Vienna,10,10,195.5,8,3.0075,0.0,0.0,0.5,48.258244,16.433693,8|7|5|31|10,0.1212|0.1112|0.0920|0.0747|0.0519,
unit_002672,Vienna,10,12,147.5,7,2.8322,0.0,0.0598,0.5149,48.252892,16.431824,7|5|12|31|8,0.1318|0.1079|0.0958|0.0760|0.0608,
unit_002673,Vienna,12,13,204.3,5,2.9376,0.0,0.0598,0.5149,48.253837,16.431664,5|12|7|1|31,0.1028|0.0867|0.0802|0.0719|0.0665,
unit_002674,Vienna,9,11,129.5,7,3.006,0.0,0.08101,0.5202,48.261447,16.43594,7|12|1|19|16,0.1158|0.1111|0.0690|0.0628|0.0582,
unit_002675,Vienna,20,20,378.6,7,2.8473,0.0,0.0,0.5,48.256795,16.437145,7|5|19|12|8,0.1465|0.0822|0.0772|0.0753|0.0564,
unit_002677,Vienna,8,8,180.2,7,2.897,0.0,0.0,0.5,48.253976,16.436082,7|5|12|8|16,0.1389|0.0892|0.0866|0.0619|0.0584,
unit_002678,Vienna,8,8,177.5,7,2.9263,0.0,0.0,0.5,48.255185,16.434195,7|5|12|8|19,0.1602|0.0782|0.0703|0.0666|0.0587,
unit_002680,Vienna,29,29,534.0,31,3.0075,0.0,0.0,0.5,48.210834,16.390474,31|1|30|28|11,0.1308|0.0679|0.0667|0.0561|0.0390,
unit_002681,Vienna,20,20,352.5,31,2.755,0.0,0.0,0.5,48.209403,16.393266,31|3|27|17|4,0.1896|0.0389|0.0371|0.0307|0.0286,
unit_002682,Vienna,11,11,158.1,31,2.8444,0.0,0.0,0.5,48.210767,16.393686,31|27|8|5|15,0.1912|0.0450|0.0414|0.0344|0.0339,
unit_002683,Vienna,18,18,271.3,31,2.8642,0.0,0.0,0.5,48.208152,16.394492,31|8|5|12|10,0.1561|0.0566|0.0408|0.0388|0.0345,
unit_002684,Vienna,11,11,134.9,31,2.8953,0.0,0.12669,0.5316,48.20894,16.389165,31|27|3|11|22,0.1521|0.0431|0.0422|0.0412|0.0354,
unit_002685,Vienna,14,14,276.5,31,2.9166,0.0,0.12548,0.5313,48.208095,16.388084,31|5|10|12|18,0.1475|0.0670|0.0623|0.0609|0.0503,
unit_002686,Vienna,14,14,165.7,31,2.944,0.0,0.0,0.5,48.207182,16.391791,31|12|18|10|11,0.1518|0.0603|0.0582|0.0577|0.0430,
unit_002687,Vienna,17,17,256.1,31,2.8786,0.0,0.0,0.5,48.206842,16.393879,31|8|27|11|30,0.1670|0.0453|0.0394|0.0339|0.0335,
unit_002690,Vienna,10,10,108.2,31,2.7799,0.0,0.18865,0.547,48.294732,16.392481,31|7|12|5|19,0.1019|0.1009|0.0651|0.0624|0.0584,
unit_002691,Vienna,10,10,166.4,31,2.8921,0.0,0.03417,0.5085,48.222108,16.385205,31|3|4|22|16,0.1858|0.0331|0.0308|0.0281|0.0267,
unit_002692,Vienna,34,45,674.8,31,2.8732,4e-05,0.0,0.5,48.221546,16.389765,31|12|1|30|5,0.1350|0.0812|0.0726|0.0538|0.0461,
unit_002694,Vienna,18,18,290.1,31,2.9184,0.0,0.0,0.5,48.214529,16.387313,31|8|27|5|16,0.1684|0.0493|0.0455|0.0405|0.0366,
unit_002695,Vienna,10,10,186.2,31,2.9506,0.0,0.0,0.5,48.216882,16.388653,31|30|4|10|27,0.1298|0.0517|0.0479|0.0474|0.0427,
unit_002696,Vienna,12,12,147.9,31,2.9096,0.0,0.0,0.5,48.215411,16.390829,31|8|27|22|18,0.1603|0.0512|0.0406|0.0391|0.0339,
unit_002698,Vienna,19,19,337.4,5,3.0301,0.0,0.0573,0.5143,48.214166,16.392904,5|31|8|11|30,0.1008|0.0893|0.0631|0.0541|0.0475,
unit_002699,Vienna,4,5,79.1,5,3.0295,1e-05,0.0,0.5,48.139628,16.306269,5|12|31|1|18,0.1108|0.0992|0.0737|0.0713|0.0629,
unit_002700,Vienna,19,19,358.8,7,2.9328,0.0,0.0,0.5,48.14156,16.305267,7|5|31|8|12,0.1550|0.1170|0.0713|0.0713|0.0619,
unit_002701,Vienna,12,12,250.0,5,2.9338,0.0,0.0,0.5,48.144347,16.304377,5|7|8|12|16,0.1249|0.0996|0.0693|0.0682|0.0611,
unit_002702,Vienna,8,8,178.0,12,3.0072,0.0,0.0,0.5,48.146638,16.308953,12|5|7|31|19,0.1275|0.0884|0.0806|0.0774|0.0520,
unit_002703,Vienna,8,8,178.5,12,2.8558,0.0,0.0,0.5,48.138012,16.303693,12|5|31|2|1,0.0951|0.0772|0.0756|0.0578|0.0516,
unit_002704,Vienna,14,14,198.1,5,2.9129,0.0,0.0,0.5,48.135609,16.326459,5|16|3|7|10,0.0990|0.0703|0.0680|0.0564|0.0557,
unit_002706,Vienna,11,11,179.9,7,2.8234,0.0,0.0,0.5,48.130955,16.317308,7|5|12|8|31,0.1646|0.0687|0.0669|0.0549|0.0536,
unit_002707,Vienna,7,7,103.9,7,2.8726,0.0,0.0,0.5,48.13276,16.318581,7|5|8|10|16,0.1191|0.1003|0.0956|0.0598|0.0491,
unit_002708,Vienna,13,13,247.7,12,3.0511,0.0,0.0,0.5,48.131118,16.320614,12|10|1|19|3,0.0772|0.0630|0.0621|0.0602|0.0564,
unit_002709,Vienna,12,12,233.3,5,2.9897,0.0,0.0,0.5,48.135436,16.317034,5|8|1|16|7,0.1070|0.0759|0.0733|0.0672|0.0672,
unit_002710,Vienna,11,11,205.6,5,2.8951,0.0,0.0,0.5,48.134306,16.315419,5|31|8|2|3,0.1047|0.0571|0.0567|0.0551|0.0549,
unit_002711,Vienna,7,7,154.8,31,2.8123,0.0,0.09525,0.5238,48.128304,16.319192,31|12|5|7|16,0.1077|0.0956|0.0944|0.0741|0.0604,
unit_002712,Vienna,10,10,136.4,7,2.8703,0.0,0.0,0.5,48.129416,16.315868,7|12|5|31|16,0.1607|0.0822|0.0753|0.0552|0.0532,
unit_002713,Vienna,14,22,245.7,19,2.9994,4e-05,0.03432,0.5086,48.119338,16.299341,19|5|7|15|8,0.1044|0.0956|0.0824|0.0701|0.0506,
unit_002715,Vienna,4,9,75.8,5,3.0282,3e-05,0.03432,0.5086,48.118233,16.299688,5|26|6|18|27,0.1292|0.0977|0.0766|0.0756|0.0732,
unit_002716,Vienna,10,10,156.1,7,2.9308,0.0,0.0,0.5,48.121656,16.300294,7|5|12|16|10,0.1749|0.0793|0.0684|0.0527|0.0509,
unit_002717,Vienna,9,9,158.5,7,2.9603,0.0,0.0,0.5,48.122263,16.30293,7|5|12|8|19,0.1622|0.0824|0.0638|0.0565|0.0538,
unit_002718,Vienna,8,11,138.8,7,2.928,1e-05,0.13563,0.5339,48.125393,16.30515,7|5|8|31|12,0.1442|0.1018|0.0777|0.0660|0.0579,
unit_002719,Vienna,3,3,51.5,5,2.9219,0.0,0.13563,0.5339,48.12529,16.30441,5|18|30|19|8,0.0939|0.0816|0.0814|0.0756|0.0680,
unit_002722,Vienna,16,25,287.2,7,2.9296,1e-05,0.0,0.5,48.122026,16.306134,7|5|12|31|8,0.1739|0.0903|0.0619|0.0607|0.0570,
unit_002723,Vienna,10,10,176.9,5,2.9219,0.0,0.0,0.5,48.125958,16.304075,5|18|30|19|8,0.0939|0.0816|0.0814|0.0756|0.0680,
unit_002724,Vienna,13,13,268.7,31,2.9489,0.0,0.0,0.5,48.127776,16.309627,31|5|1|7|8,0.1040|0.1009|0.0805|0.0670|0.0612,
unit_002725,Vienna,13,13,157.9,31,2.9503,0.0,0.0,0.5,48.176345,16.363028,31|8|30|1|25,0.1200|0.0870|0.0559|0.0536|0.0438,
unit_002726,Vienna,11,15,182.6,31,2.7295,0.0,0.14589,0.5364,48.177322,16.372988,31|1|30|28|8,0.1006|0.0986|0.0902|0.0691|0.0369,
unit_002727,Vienna,7,7,159.5,31,2.9458,0.0,0.29443,0.5731,48.176759,16.371873,31|8|5|27|16,0.1563|0.0834|0.0522|0.0470|0.0423,
unit_002729,Vienna,11,11,139.7,31,2.784,0.0,0.05013,0.5125,48.175394,16.367335,31|8|27|18|30,0.1699|0.0613|0.0343|0.0335|0.0298,
unit_002730,Vienna,23,30,395.3,31,2.891,3e-05,0.05783,0.5144,48.174494,16.36871,31|8|5|27|28,0.1641|0.0540|0.0408|0.0381|0.0348,
unit_002731,Vienna,3,3,53.1,31,2.8587,0.0,0.0,0.5,48.177863,16.366642,31|12|5|16|7,0.1849|0.0809|0.0356|0.0356|0.0332,
unit_002732,Vienna,15,16,322.7,31,2.7988,0.0,0.06029,0.5151,48.178615,16.368453,31|30|12|1|8,0.1725|0.0676|0.0475|0.0444|0.0435,
unit_002733,Vienna,15,15,228.7,31,2.9072,0.0,0.0,0.5,48.179884,16.367483,31|12|28|7|18,0.1554|0.0856|0.0370|0.0368|0.0364,
unit_002734,Vienna,14,18,199.8,31,2.8671,0.0,0.06029,0.5151,48.179925,16.3685,31|12|5|1|19,0.1708|0.0614|0.0398|0.0393|0.0310,
unit_002735,Vienna,30,47,527.2,31,2.7968,3e-05,0.0,0.5,48.173542,16.372615,31|1|30|28|8,0.1713|0.0610|0.0589|0.0461|0.0390,
unit_002736,Vienna,3,3,54.2,31,2.8587,0.0,0.0,0.5,48.177412,16.366527,31|12|5|16|7,0.1849|0.0809|0.0356|0.0356|0.0332,
unit_002737,Vienna,23,23,350.7,31,2.9411,0.0,0.06167,0.5154,48.17535,16.369869,31|8|5|30|18,0.1497|0.0499|0.0388|0.0331|0.0329,
unit_002738,Vienna,23,23,435.0,5,2.9749,0.0,0.0,0.5,48.189019,16.415143,5|1|18|3|10,0.0940|0.0938|0.0735|0.0652|0.0650,
unit_002739,Vienna,8,16,187.5,31,2.9584,0.0,0.0,0.5,48.192633,16.403847,31|1|5|8|12,0.1397|0.0756|0.0754|0.0649|0.0591,
unit_002740,Vienna,8,8,186.7,31,2.9314,0.0,0.0,0.5,48.197235,16.398383,31|12|10|5|3,0.1285|0.0716|0.0648|0.0610|0.0487,
unit_002741,Vienna,10,10,136.2,31,2.808,0.0,0.09634,0.5241,48.19434,16.400706,31|5|8|10|12,0.1437|0.0891|0.0787|0.0598|0.0571,
unit_002742,Vienna,17,17,256.5,31,2.7416,0.0,0.0,0.5,48.193504,16.398225,31|5|12|1|4,0.1769|0.0565|0.0561|0.0485|0.0410,
unit_002743,Vienna,11,11,180.7,31,2.9552,0.0,0.0,0.5,48.202281,16.395232,31|10|4|8|22,0.1524|0.0508|0.0494|0.0487|0.0481,
unit_002744,Vienna,5,5,108.2,31,2.9592,0.0,0.0,0.5,48.2014,16.401803,31|5|10|12|3,0.0883|0.0745|0.0658|0.0628|0.0559,
unit_002745,Vienna,12,12,151.6,31,2.9811,0.0,0.0,0.5,48.203233,16.395302,31|8|16|11|5,0.1396|0.0599|0.0518|0.0438|0.0412,
unit_002746,Vienna,10,10,134.3,31,2.7579,0.0,0.0,0.5,48.204381,16.395794,31|18|27|19|15,0.1935|0.0400|0.0338|0.0337|0.0331,
unit_002747,Vienna,7,7,153.7,7,2.7826,0.0,0.0,0.5,48.275304,16.373363,7|5|16|12|31,0.1625|0.0816|0.0579|0.0540|0.0531,
unit_002748,Vienna,17,17,300.2,7,2.8426,0.0,0.0,0.5,48.277383,16.374254,7|5|8|16|31,0.1173|0.1116|0.0914|0.0457|0.0457,
unit_002750,Vienna,4,4,85.6,7,2.881,0.0,0.0,0.5,48.278728,16.376357,7|5|12|16|19,0.1605|0.0801|0.0671|0.0640|0.0502,
unit_002752,Vienna,14,14,264.4,7,2.9366,0.0,0.0,0.5,48.275029,16.375331,7|5|8|31|18,0.1511|0.1050|0.0664|0.0635|0.0528,
unit_002753,Vienna,11,11,164.2,7,2.9397,0.0,0.05894,0.5147,48.274476,16.37266,7|5|12|18|19,0.1649|0.0737|0.0728|0.0641|0.0566,
unit_002754,Vienna,18,21,290.0,7,2.8424,3e-05,0.0,0.5,48.273565,16.37882,7|5|8|16|12,0.1558|0.0966|0.0664|0.0644|0.0526,
unit_002755,Vienna,19,19,327.8,7,2.9659,0.0,0.0,0.5,48.275852,16.380895,7|5|18|8|10,0.1342|0.1082|0.0732|0.0693|0.0485,
unit_002756,Vienna,10,18,182.5,5,3.0642,0.00011,0.06491,0.5162,48.254237,16.372065,5|9|26|30|15,0.1017|0.0929|0.0857|0.0749|0.0724,
unit_002757,Vienna,6,9,130.3,9,2.9409,1e-05,0.10699,0.5267,48.253153,16.371205,9|12|5|15|26,0.1554|0.0754|0.0557|0.0518|0.0453,
unit_002758,Vienna,15,18,305.4,9,2.9934,4e-05,0.0,0.5,48.2533,16.370745,9|12|5|26|15,0.1592|0.0768|0.0569|0.0529|0.0496,
unit_002759,Vienna,8,8,183.3,9,3.0127,0.0,0.0,0.5,48.251158,16.374746,9|26|5|27|6,0.1486|0.1160|0.0684|0.0679|0.0508,
unit_002760,Vienna,8,8,187.0,9,3.0127,0.0,0.0,0.5,48.250995,16.374808,9|26|5|27|6,0.1486|0.1160|0.0684|0.0679|0.0508,
unit_002761,Vienna,11,11,213.4,5,3.0494,0.0,0.0,0.5,48.300831,16.336097,5|8|7|16|30,0.1130|0.0877|0.0752|0.0610|0.0563,
unit_002762,Vienna,17,18,274.7,31,2.8418,0.0,0.04717,0.5118,48.240168,16.377429,31|1|30|28|12,0.1047|0.1015|0.0710|0.0586|0.0573,
unit_002763,Vienna,52,56,903.8,31,2.8042,2e-05,0.0662,0.5165,48.241935,16.378223,31|1|30|11|12,0.1437|0.0646|0.0532|0.0518|0.0497,
unit_002764,Vienna,78,103,1400.2,31,2.927,8e-05,0.03286,0.5082,48.23876,16.376915,31|1|30|11|28,0.1299|0.0906|0.0717|0.0524|0.0496,
unit_002765,Vienna,17,17,323.0,7,2.9616,0.0,0.0,0.5,48.165485,16.290256,7|5|8|12|31,0.1498|0.1026|0.0711|0.0609|0.0576,
unit_002766,Vienna,12,12,231.7,7,2.9244,0.0,0.0,0.5,48.167852,16.291442,7|12|5|19|15,0.1228|0.1000|0.0865|0.0705|0.0633,
unit_002767,Vienna,7,8,152.2,12,2.7701,0.0,0.167,0.5417,48.169154,16.289654,12|5|31|7|2,0.1124|0.1090|0.0969|0.0595|0.0488,
unit_002768,Vienna,10,10,178.1,31,3.031,0.0,0.0,0.5,48.190957,16.411473,31|1|5|10|12,0.1203|0.0749|0.0717|0.0594|0.0543,
unit_002769,Vienna,7,7,156.1,5,3.0818,0.0,0.0,0.5,48.192162,16.40647,5|31|18|11|8,0.1133|0.0918|0.0826|0.0756|0.0607,
unit_002770,Vienna,7,14,150.4,9,3.0826,0.0,0.0,0.5,48.189153,16.410363,9|26|27|1|3,0.1606|0.0832|0.0751|0.0737|0.0716,
unit_002771,Vienna,8,8,175.5,9,3.0087,0.0,0.0,0.5,48.186977,16.40897,9|6|5|26|28,0.1611|0.0892|0.0798|0.0783|0.0594,
unit_002772,Vienna,4,8,75.4,9,3.1044,0.0,0.07103,0.5177,48.185459,16.405932,9|5|1|6|12,0.1539|0.0960|0.0776|0.0728|0.0643,
unit_002773,Vienna,6,6,125.7,9,3.0087,0.0,0.0,0.5,48.186787,16.408907,9|6|5|26|28,0.1611|0.0892|0.0798|0.0783|0.0594,
unit_002774,Vienna,25,26,496.0,7,2.8973,3e-05,0.0,0.5,48.233895,16.313379,7|31|5|8|16,0.1085|0.1053|0.0758|0.0752|0.0452,
unit_002775,Vienna,18,18,325.0,5,2.9397,0.0,0.0,0.5,48.234495,16.32085,5|31|8|12|7,0.1117|0.0991|0.0774|0.0653|0.0647,
unit_002776,Vienna,11,11,179.0,31,2.7161,0.0,0.0,0.5,48.233624,16.3221,31|8|5|16|10,0.1211|0.1133|0.0971|0.0627|0.0409,
unit_002777,Vienna,10,10,180.0,31,2.9134,0.0,0.0,0.5,48.232643,16.323321,31|8|5|18|16,0.1718|0.0668|0.0499|0.0420|0.0412,
unit_002778,Vienna,8,8,181.5,31,3.0237,0.0,0.0,0.5,48.21611,16.371279,31|1|30|11|10,0.1224|0.0808|0.0663|0.0509|0.0501,
unit_002780,Vienna,10,10,184.4,5,3.0935,0.0,0.0,0.5,48.245382,16.373266,5|1|31|28|30,0.0724|0.0586|0.0560|0.0556|0.0546,
unit_002781,Vienna,17,17,246.2,31,2.8933,0.0,0.0,0.5,48.245785,16.342066,31|1|5|30|8,0.1398|0.0728|0.0633|0.0531|0.0500,
unit_002782,Vienna,15,15,263.6,31,2.9963,0.0,0.0,0.5,48.225499,16.370971,31|1|30|11|5,0.1081|0.0878|0.0615|0.0402|0.0379,
unit_002783,Vienna,22,22,428.6,31,3.03,0.0,0.0,0.5,48.224351,16.373008,31|5|15|11|12,0.1163|0.0702|0.0608|0.0510|0.0497,
unit_002784,Vienna,13,13,168.3,31,2.8632,0.0,0.12427,0.531,48.206981,16.388136,31|27|8|4|11,0.1628|0.0530|0.0514|0.0379|0.0363,
unit_002785,Vienna,15,15,148.3,31,2.8845,0.0,0.0,0.5,48.206088,16.390359,31|10|5|8|3,0.1695|0.0521|0.0516|0.0498|0.0410,
unit_002787,Vienna,6,6,125.4,9,2.9734,0.0,0.0,0.5,48.240225,16.401778,9|26|5|27|18,0.1267|0.1126|0.0998|0.0681|0.0542,
unit_002788,Vienna,7,7,150.5,9,2.9261,0.0,0.0,0.5,48.239507,16.397668,9|26|5|27|1,0.1326|0.1110|0.0717|0.0611|0.0549,
unit_002789,Vienna,7,7,156.7,9,2.9261,0.0,0.0,0.5,48.239602,16.397686,9|26|5|27|1,0.1326|0.1110|0.0717|0.0611|0.0549,
unit_002790,Vienna,9,9,150.1,31,2.9173,0.0,0.0,0.5,48.179641,16.364187,31|5|8|16|28,0.1317|0.0846|0.0780|0.0526|0.0500,
unit_002791,Vienna,12,12,165.9,31,2.8139,0.0,0.0,0.5,48.172863,16.379734,31|5|12|8|10,0.1655|0.0693|0.0651|0.0577|0.0532,
unit_002792,Vienna,14,14,179.3,31,2.9227,0.0,0.0,0.5,48.170076,16.367861,31|12|5|10|8,0.1375|0.0814|0.0737|0.0612|0.0591,
unit_002793,Vienna,23,23,266.5,31,2.9242,0.0,0.0,0.5,48.168957,16.370963,31|5|8|10|30,0.1370|0.0786|0.0772|0.0575|0.0523,
unit_002795,Vienna,13,13,242.0,7,2.8856,0.0,0.0,0.5,48.215328,16.230719,7|5|8|19|16,0.1278|0.0988|0.0679|0.0605|0.0593,
unit_002796,Vienna,17,17,318.4,7,2.9634,0.0,0.0,0.5,48.216732,16.228039,7|5|16|12|8,0.1203|0.1070|0.0701|0.0647|0.0621,
unit_002797,Vienna,17,17,325.6,7,2.9568,0.0,0.0,0.5,48.209731,16.238066,7|5|8|19|18,0.1519|0.1006|0.0602|0.0541|0.0509,
unit_002798,Vienna,15,15,269.4,7,2.9377,0.0,0.0,0.5,48.211379,16.23923,7|5|8|16|18,0.1132|0.0974|0.0753|0.0602|0.0576,
unit_002799,Vienna,13,13,212.2,7,2.9209,0.0,0.0,0.5,48.209857,16.240809,7|18|8|5|12,0.1432|0.1070|0.0973|0.0927|0.0556,
unit_002800,Vienna,9,15,170.8,7,2.8988,2e-05,0.0,0.5,48.213807,16.231974,7|5|12|16|19,0.1438|0.0814|0.0750|0.0653|0.0552,
unit_002801,Vienna,7,7,152.3,7,2.9624,0.0,0.0,0.5,48.216908,16.237186,7|5|30|19|12,0.0981|0.0788|0.0697|0.0620|0.0543,
unit_002802,Vienna,14,14,227.3,7,2.962,0.0,0.0,0.5,48.214963,16.239634,7|5|18|8|16,0.1634|0.0855|0.0713|0.0682|0.0585,
unit_002803,Vienna,10,10,166.1,7,2.9783,0.0,0.0,0.5,48.212349,16.235452,7|5|8|19|18,0.1267|0.1042|0.0663|0.0573|0.0559,
unit_002804,Vienna,7,7,162.1,7,2.8647,0.0,0.0,0.5,48.215136,16.226548,7|8|5|31|16,0.1547|0.0942|0.0816|0.0626|0.0576,
unit_002805,Vienna,12,12,217.1,7,2.9657,0.0,0.0,0.5,48.211989,16.236962,7|5|19|8|28,0.1195|0.1047|0.0617|0.0615|0.0501,
unit_002806,Vienna,21,21,346.2,7,2.8637,0.0,0.0,0.5,48.212082,16.242723,7|12|5|18|19,0.1569|0.0936|0.0794|0.0562|0.0551,
unit_002807,Vienna,18,18,291.9,7,2.8067,0.0,0.0,0.5,48.213685,16.239864,7|5|8|16|31,0.1493|0.0995|0.0842|0.0523|0.0442,
unit_002808,Vienna,11,11,190.9,7,2.8898,0.0,0.0,0.5,48.209799,16.243729,7|5|16|19|8,0.1558|0.0841|0.0763|0.0612|0.0592,
unit_002809,Vienna,11,11,207.3,7,2.8822,0.0,0.0,0.5,48.213955,16.244883,7|5|8|31|18,0.1208|0.1137|0.0873|0.0501|0.0486,
unit_002810,Vienna,14,14,290.0,5,2.9197,0.0,0.0,0.5,48.214916,16.246227,5|7|31|8|16,0.1117|0.1046|0.0689|0.0615|0.0573,
unit_002811,Vienna,15,15,256.1,7,2.8995,0.0,0.0,0.5,48.214591,16.241934,7|5|12|19|16,0.1030|0.0928|0.0798|0.0786|0.0582,
unit_002812,Vienna,9,9,98.5,7,2.8981,0.0,0.0,0.5,48.207785,16.251843,7|5|31|12|16,0.1060|0.0854|0.0752|0.0565|0.0553,
unit_002813,Vienna,15,15,284.0,18,3.0368,0.0,0.0,0.5,48.207188,16.24516,18|7|8|5|12,0.1282|0.1156|0.0795|0.0740|0.0573,
unit_002815,Vienna,12,12,183.5,31,2.9548,0.0,0.0,0.5,48.17655,16.360417,31|8|30|5|1,0.1225|0.0756|0.0632|0.0453|0.0442,
unit_002816,Vienna,25,27,450.5,31,3.0007,5e-05,0.0,0.5,48.172043,16.355638,31|5|8|12|10,0.1386|0.0823|0.0704|0.0505|0.0474,
unit_002817,Vienna,9,9,163.8,12,3.0225,0.0,0.0,0.5,48.239526,16.362784,12|5|31|1|7,0.1069|0.1040|0.0859|0.0728|0.0652,
unit_002818,Vienna,12,12,184.6,31,2.9757,0.0,0.14772,0.5369,48.249399,16.374809,31|5|8|20|27,0.1160|0.0830|0.0756|0.0538|0.0536,
unit_002819,Vienna,8,9,153.7,5,2.9192,0.0,0.1102,0.5275,48.24984,16.375709,5|12|31|11|7,0.1070|0.0954|0.0819|0.0785|0.0609,
unit_002821,Vienna,13,13,240.9,31,2.9934,0.0,0.0,0.5,48.241388,16.381533,31|8|5|11|10,0.1234|0.0781|0.0730|0.0685|0.0446,
unit_002823,Vienna,13,13,256.1,31,2.9665,0.0,0.0,0.5,48.238657,16.379287,31|5|10|8|11,0.1209|0.1134|0.0718|0.0718|0.0669,
unit_002824,Vienna,11,11,223.9,31,2.9535,0.0,0.10428,0.526,48.240262,16.378941,31|5|11|10|12,0.1248|0.0900|0.0829|0.0715|0.0646,
unit_002825,Vienna,9,9,150.4,7,2.8593,0.0,0.0,0.5,48.281258,16.443699,7|12|5|16|19,0.1631|0.0914|0.0607|0.0557|0.0499,
unit_002828,Vienna,3,4,50.6,5,2.99,2e-05,0.0,0.5,48.273387,16.430093,5|8|31|1|10,0.0954|0.0885|0.0598|0.0541|0.0509,
unit_002829,Vienna,8,12,176.9,1,3.0817,0.0,0.0,0.5,48.27381,16.431982,1|8|9|5|30,0.0996|0.0810|0.0773|0.0735|0.0586,
unit_002830,Vienna,13,13,168.0,31,2.9339,0.0,0.0,0.5,48.229536,16.344326,31|5|7|27|12,0.1705|0.0440|0.0415|0.0397|0.0385,
unit_002831,Vienna,13,13,194.6,31,2.8895,0.0,0.0,0.5,48.231061,16.345799,31|5|7|12|11,0.1061|0.0939|0.0882|0.0838|0.0617,
unit_002832,Vienna,17,17,358.1,31,2.8804,0.0,0.0,0.5,48.236015,16.337782,31|12|7|11|5,0.1139|0.0797|0.0792|0.0574|0.0528,
unit_002833,Vienna,7,7,151.6,31,2.8828,0.0,0.0,0.5,48.241236,16.353478,31|8|16|5|7,0.1246|0.0971|0.0574|0.0555|0.0455,
unit_002834,Vienna,11,11,213.4,5,2.8793,0.0,0.0,0.5,48.246316,16.35798,5|12|31|8|7,0.1099|0.0949|0.0905|0.0842|0.0744,
unit_002835,Vienna,19,19,362.4,31,2.758,0.0,0.0,0.5,48.251253,16.355226,31|1|30|7|8,0.0939|0.0855|0.0675|0.0661|0.0498,
unit_002836,Vienna,8,8,181.8,7,2.9111,0.0,0.0,0.5,48.2562,16.345155,7|8|5|31|18,0.1301|0.1075|0.0894|0.0548|0.0538,
unit_002837,Vienna,14,14,229.8,7,2.9503,0.0,0.0,0.5,48.25465,16.346542,7|5|12|31|18,0.1573|0.0763|0.0710|0.0645|0.0616,
unit_002838,Vienna,24,24,479.2,31,2.8504,0.0,0.0,0.5,48.247719,16.342206,31|8|5|1|7,0.1068|0.0939|0.0794|0.0626|0.0511,
unit_002839,Vienna,7,7,162.1,31,2.9546,0.0,0.0,0.5,48.214302,16.381547,31|12|18|10|5,0.1612|0.0520|0.0500|0.0455|0.0415,
unit_002840,Vienna,10,10,176.1,31,2.9115,0.0,0.0,0.5,48.21775,16.389082,31|30|10|22|18,0.1898|0.0464|0.0397|0.0391|0.0391,
unit_002841,Vienna,20,20,475.4,5,2.8931,0.0,0.0,0.5,48.24577,16.258164,5|17|9|19|30,0.0975|0.0909|0.0791|0.0770|0.0668,
unit_002842,Vienna,8,8,175.1,5,2.8453,0.0,0.0,0.5,48.24728,16.254984,5|19|30|18|15,0.1218|0.1103|0.0946|0.0926|0.0689,
unit_002843,Vienna,8,8,175.1,5,2.9165,0.0,0.0,0.5,48.249862,16.245383,5|18|30|15|17,0.0945|0.0848|0.0803|0.0617|0.0600,
unit_002844,Vienna,16,16,325.8,30,2.8074,0.0,0.0,0.5,48.250009,16.235855,30|19|5|15|26,0.0998|0.0938|0.0842|0.0702|0.0559,
unit_002845,Vienna,16,16,359.6,19,2.8294,0.0,0.0,0.5,48.244927,16.214771,19|30|15|5|17,0.1059|0.0997|0.0964|0.0873|0.0793,
unit_002847,Vienna,9,9,200.6,30,2.8672,0.0,0.0,0.5,48.24391,16.218289,30|17|5|15|19,0.0905|0.0821|0.0788|0.0787|0.0753,
unit_002848,Vienna,10,10,225.6,30,2.7805,0.0,0.0,0.5,48.242698,16.220286,30|17|15|19|5,0.1028|0.0868|0.0833|0.0797|0.0725,
unit_002849,Vienna,7,7,150.4,19,2.8026,0.0,0.0,0.5,48.246343,16.227391,19|5|30|15|18,0.1085|0.0974|0.0953|0.0777|0.0751,
unit_002850,Vienna,8,8,175.5,5,2.7732,0.0,0.0,0.5,48.259683,16.217587,5|19|30|17|15,0.0973|0.0870|0.0735|0.0677|0.0619,
unit_002851,Vienna,11,11,250.7,5,2.775,0.0,0.0,0.5,48.255567,16.226242,5|19|30|17|15,0.0976|0.0899|0.0834|0.0764|0.0725,
unit_002852,Vienna,8,8,175.5,5,2.8501,0.0,0.0,0.5,48.252003,16.233594,5|17|15|19|30,0.1093|0.0850|0.0784|0.0768|0.0747,
unit_002855,Vienna,17,20,363.5,7,2.9818,3e-05,0.03483,0.5087,48.298022,16.326551,7|5|31|12|8,0.1491|0.1139|0.0660|0.0634|0.0552,
unit_002857,Vienna,9,9,143.9,31,2.9768,0.0,0.04252,0.5106,48.304266,16.319897,31|7|5|8|15,0.1436|0.0860|0.0759|0.0576|0.0512,
unit_002858,Vienna,10,10,177.5,31,2.7371,0.0,0.0,0.5,48.243871,16.380943,31|5|8|12|11,0.1434|0.0884|0.0875|0.0670|0.0662,
unit_002859,Vienna,9,18,157.5,1,3.0648,0.0,0.0,0.5,48.242722,16.384958,1|9|10|31|5,0.1040|0.0854|0.0719|0.0715|0.0710,
unit_002860,Vienna,13,13,261.0,31,2.9584,0.0,0.0,0.5,48.247414,16.331751,31|5|7|8|18,0.1211|0.0810|0.0765|0.0647|0.0522,
unit_002861,Vienna,8,8,175.5,31,2.8997,0.0,0.0,0.5,48.248911,16.326357,31|5|8|10|16,0.1216|0.0876|0.0862|0.0634|0.0568,
unit_002862,Vienna,9,9,163.1,31,3.0777,0.0,0.0,0.5,48.250087,16.365765,31|18|11|10|12,0.0936|0.0641|0.0526|0.0506|0.0489,
unit_002863,Vienna,6,7,128.4,31,2.78,1e-05,0.03115,0.5078,48.250698,16.365219,31|12|5|10|8,0.1300|0.0981|0.0945|0.0711|0.0610,
unit_002864,Vienna,9,15,135.0,31,3.0126,0.0,0.04437,0.5111,48.251658,16.365661,31|5|8|11|16,0.1058|0.0883|0.0686|0.0448|0.0447,
unit_002866,Vienna,11,11,211.1,7,2.9231,0.0,0.0,0.5,48.241299,16.324073,7|5|8|31|12,0.1424|0.0979|0.0825|0.0805|0.0672,
unit_002867,Vienna,8,8,176.5,31,2.8444,0.0,0.0,0.5,48.167813,16.348919,31|12|1|5|2,0.0950|0.0936|0.0920|0.0901|0.0549,
unit_002868,Vienna,8,8,177.6,5,2.8932,0.0,0.0,0.5,48.164538,16.346866,5|12|18|19|15,0.1196|0.1075|0.0794|0.0731|0.0717,
unit_002869,Vienna,11,11,176.0,8,2.943,0.0,0.0,0.5,48.238864,16.335317,8|5|7|18|16,0.1183|0.1114|0.0757|0.0607|0.0571,
unit_002870,Vienna,19,19,352.2,31,2.8623,0.0,0.14178,0.5354,48.242924,16.340317,31|18|5|8|12,0.1426|0.1005|0.0824|0.0736|0.0711,
unit_002871,Vienna,15,15,268.6,8,2.8944,0.0,0.0,0.5,48.240766,16.338733,8|31|5|30|1,0.1132|0.1051|0.1016|0.0491|0.0451,
unit_002872,Vienna,8,8,183.0,8,2.9991,0.0,0.0,0.5,48.236061,16.335537,8|7|5|27|31,0.0886|0.0865|0.0805|0.0740|0.0542,
unit_002873,Vienna,14,14,213.9,31,2.8602,0.0,0.0,0.5,48.238289,16.337787,31|12|7|5|11,0.1242|0.1089|0.0821|0.0598|0.0413,
unit_002874,Vienna,29,33,591.4,5,3.0672,6e-05,0.05228,0.5131,48.15783,16.360072,5|1|18|31|12,0.1033|0.0789|0.0756|0.0741|0.0727,
unit_002875,Vienna,7,8,158.6,12,3.0427,1e-05,0.03152,0.5079,48.156929,16.359413,12|5|1|31|18,0.1159|0.0990|0.0836|0.0770|0.0733,
unit_002876,Vienna,49,73,755.7,31,2.9433,6e-05,0.0,0.5,48.259491,16.363957,31|5|8|16|22,0.1623|0.0585|0.0469|0.0376|0.0362,
unit_002877,Vienna,15,18,293.0,9,3.0168,4e-05,0.0,0.5,48.253526,16.370386,9|12|26|5|18,0.1629|0.0788|0.0598|0.0597|0.0506,
unit_002878,Vienna,10,10,187.2,5,2.8211,0.0,0.0,0.5,48.251929,16.36969,5|12|1|31|10,0.0995|0.0969|0.0787|0.0751|0.0693,
unit_002879,Vienna,15,15,217.6,31,2.9467,0.0,0.15754,0.5393,48.242736,16.341679,31|12|22|5|4,0.1541|0.0551|0.0515|0.0489|0.0423,
unit_002880,Vienna,11,11,167.7,12,2.8082,0.0,0.0391,0.5098,48.257725,16.353428,12|7|31|5|8,0.1130|0.0926|0.0889|0.0879|0.0432,
unit_002881,Vienna,39,58,743.1,5,3.1501,9e-05,0.0,0.5,48.15438,16.426966,5|7|3|19|18,0.1048|0.0675|0.0612|0.0551|0.0549,
unit_002882,Vienna,8,8,179.1,7,3.0002,0.0,0.0,0.5,48.155768,16.428802,7|5|19|12|18,0.1298|0.0969|0.0849|0.0756|0.0529,
unit_002883,Vienna,8,16,175.3,5,3.0687,0.0,0.0,0.5,48.156686,16.437656,5|31|18|7|30,0.0940|0.0819|0.0792|0.0791|0.0784,
unit_002884,Vienna,15,15,244.3,31,2.9688,0.0,0.0,0.5,48.237965,16.367609,31|5|12|8|10,0.1355|0.0877|0.0749|0.0645|0.0559,
unit_002885,Vienna,9,10,166.6,12,3.0395,0.0,0.06444,0.5161,48.239875,16.364835,12|5|18|15|8,0.1230|0.1059|0.0755|0.0741|0.0591,
unit_002886,Vienna,9,10,156.4,5,2.8841,0.0,0.06444,0.5161,48.240634,16.36579,5|31|8|10|18,0.1115|0.0975|0.0908|0.0579|0.0497,
unit_002888,Vienna,25,33,559.3,5,3.0173,4e-05,0.0,0.5,48.240274,16.370173,5|31|8|1|11,0.1206|0.0815|0.0780|0.0702|0.0683,
unit_002889,Vienna,11,11,177.2,8,2.7948,0.0,0.0,0.5,48.250079,16.41077,8|31|5|10|16,0.1204|0.1142|0.0975|0.0538|0.0466,
unit_002890,Vienna,11,11,182.3,31,2.8545,0.0,0.0,0.5,48.250876,16.408071,31|8|5|16|10,0.1336|0.1178|0.0945|0.0618|0.0561,
unit_002891,Vienna,9,9,157.0,7,3.0341,0.0,0.0,0.5,48.249807,16.40723,7|5|8|1|31,0.1007|0.0992|0.0906|0.0598|0.0564,
unit_002892,Vienna,17,17,321.7,31,2.8363,0.0,0.04697,0.5117,48.242976,16.337855,31|5|8|12|11,0.1225|0.0898|0.0769|0.0607|0.0422,
unit_002893,Vienna,14,17,221.8,31,2.7633,0.0,0.04697,0.5117,48.241934,16.338591,31|8|5|16|1,0.1237|0.1235|0.0962|0.0492|0.0345,
unit_002894,Vienna,5,5,106.5,31,2.9495,0.0,0.07271,0.5182,48.230535,16.334898,31|8|7|5|27,0.1047|0.0788|0.0724|0.0675|0.0564,
unit_002896,Vienna,15,15,309.7,31,2.891,0.0,0.0,0.5,48.232734,16.332054,31|7|12|5|8,0.0923|0.0891|0.0832|0.0729|0.0631,
unit_002897,Vienna,4,4,79.9,31,2.8919,0.0,0.03604,0.509,48.230158,16.333945,31|7|12|16|19,0.1533|0.0677|0.0459|0.0405|0.0388,
unit_002899,Vienna,7,7,155.0,12,2.9585,0.0,0.0,0.5,48.297374,16.324009,12|5|7|17|15,0.1131|0.0883|0.0852|0.0805|0.0647,
unit_002900,Vienna,11,11,212.5,7,2.9816,0.0,0.0,0.5,48.235708,16.450339,7|8|5|31|10,0.1196|0.0978|0.0877|0.0564|0.0523,
unit_002901,Vienna,11,11,176.1,5,2.8405,0.0,0.0,0.5,48.238838,16.45235,5|8|31|11|16,0.1164|0.1070|0.0859|0.0563|0.0435,
unit_002902,Vienna,18,18,307.0,5,2.9687,0.0,0.05281,0.5132,48.2401,16.444503,5|8|31|11|18,0.1242|0.1043|0.0840|0.0613|0.0505,
unit_002903,Vienna,24,28,414.7,5,2.8682,4e-05,0.0,0.5,48.242442,16.450451,5|31|8|16|7,0.1177|0.0932|0.0794|0.0584|0.0568,
unit_002904,Vienna,11,11,174.7,7,2.6532,0.0,0.0,0.5,48.241894,16.449103,7|5|8|16|31,0.1146|0.1028|0.0867|0.0716|0.0611,
unit_002905,Vienna,22,25,328.9,5,2.8407,0.0,0.03416,0.5085,48.243509,16.446966,5|31|7|8|12,0.1076|0.0886|0.0852|0.0636|0.0629,
unit_002906,Vienna,12,12,205.0,7,2.8664,0.0,0.0,0.5,48.247257,16.448305,7|5|8|31|16,0.1318|0.1146|0.0896|0.0785|0.0604,
unit_002907,Vienna,32,32,664.0,5,2.9649,0.0,0.0,0.5,48.24835,16.45154,5|8|31|28|16,0.1262|0.0934|0.0556|0.0538|0.0476,
unit_002908,Vienna,18,18,366.0,5,3.0586,0.0,0.0,0.5,48.249666,16.453587,5|7|3|11|31,0.0913|0.0783|0.0765|0.0679|0.0659,
unit_002909,Vienna,13,13,219.5,31,2.9457,0.0,0.0,0.5,48.250621,16.446995,31|18|8|7|5,0.1138|0.1099|0.0891|0.0777|0.0736,
unit_002910,Vienna,19,19,349.6,31,3.0267,0.0,0.11824,0.5295,48.251234,16.444531,31|5|1|18|12,0.1001|0.0832|0.0798|0.0754|0.0747,
unit_002911,Vienna,14,28,258.3,5,2.9084,0.0,0.0,0.5,48.251523,16.468286,5|1|8|31|25,0.1325|0.0847|0.0777|0.0557|0.0503,
unit_002912,Vienna,42,78,559.1,1,3.0254,0.0,0.0,0.5,48.248445,16.466443,1|5|12|31|3,0.1253|0.1156|0.0754|0.0734|0.0654,
unit_002913,Vienna,8,8,182.8,7,2.9436,0.0,0.0,0.5,48.239209,16.450519,7|5|8|16|31,0.1288|0.0959|0.0907|0.0709|0.0561,
unit_002916,Vienna,12,12,212.8,7,2.9675,0.0,0.0,0.5,48.242549,16.425447,7|19|30|5|18,0.1244|0.0969|0.0717|0.0715|0.0682,
unit_002917,Vienna,14,14,247.2,7,3.0802,0.0,0.0,0.5,48.24206,16.430582,7|18|5|8|27,0.1211|0.1002|0.0983|0.0849|0.0710,
unit_002918,Vienna,10,10,141.4,7,2.9362,0.0,0.0,0.5,48.244437,16.426471,7|5|18|16|8,0.1353|0.0883|0.0876|0.0695|0.0628,
unit_002919,Vienna,35,35,732.1,12,2.9277,0.0,0.04419,0.511,48.248704,16.427869,12|5|1|31|2,0.1152|0.0979|0.0709|0.0673|0.0608,
unit_002920,Vienna,9,9,169.9,31,2.9473,0.0,0.0,0.5,48.250888,16.436319,31|12|5|8|1,0.1082|0.0937|0.0929|0.0629|0.0580,
unit_002921,Vienna,8,8,179.0,9,3.0841,0.0,0.0,0.5,48.237667,16.390486,9|18|5|3|12,0.0938|0.0834|0.0737|0.0681|0.0648,
unit_002922,Vienna,11,11,165.1,7,2.758,0.0,0.0,0.5,48.285281,16.314814,7|12|5|19|16,0.1573|0.0719|0.0687|0.0580|0.0449,
unit_002923,Vienna,18,18,298.0,7,2.8032,0.0,0.0,0.5,48.286244,16.313205,7|8|5|16|19,0.1389|0.0800|0.0756|0.0504|0.0441,
unit_002924,Vienna,17,17,299.1,7,2.937,0.0,0.0,0.5,48.286681,16.316338,7|5|19|8|16,0.1658|0.0610|0.0572|0.0549|0.0462,
unit_002925,Vienna,6,8,127.3,9,3.038,1e-05,0.03338,0.5083,48.238918,16.404055,9|5|17|6|26,0.1475|0.0817|0.0649|0.0641|0.0575,
unit_002926,Vienna,3,3,50.9,9,2.9734,0.0,0.0,0.5,48.240507,16.401753,9|26|5|27|18,0.1267|0.1126|0.0998|0.0681|0.0542,
unit_002927,Vienna,11,11,209.6,5,2.8267,0.0,0.19229,0.5479,48.259906,16.361796,5|8|31|11|12,0.1250|0.0958|0.0816|0.0615|0.0446,
unit_002928,Vienna,3,3,55.6,31,3.0047,0.0,0.19229,0.5479,48.260074,16.362795,31|5|8|22|30,0.1591|0.0577|0.0537|0.0483|0.0426,
unit_002929,Vienna,13,13,175.7,31,2.7622,0.0,0.0,0.5,48.258801,16.366846,31|8|5|16|10,0.1244|0.1227|0.0871|0.0549|0.0503,
unit_002930,Vienna,25,26,476.5,7,2.9844,4e-05,0.0,0.5,48.261704,16.350178,7|5|15|8|19,0.1081|0.0951|0.0569|0.0544|0.0495,
unit_002931,Vienna,18,26,335.3,7,2.9684,4e-05,0.08659,0.5216,48.26266,16.339004,7|19|12|5|17,0.1039|0.0850|0.0827|0.0771|0.0660,
unit_002932,Vienna,8,8,115.2,7,2.8968,0.0,0.0,0.5,48.259165,16.340905,7|19|16|5|8,0.1241|0.0686|0.0623|0.0619|0.0581,
unit_002933,Vienna,10,10,177.2,7,3.0294,0.0,0.08659,0.5216,48.261528,16.33955,7|19|5|30|18,0.1209|0.0691|0.0630|0.0518|0.0496,
unit_002934,Vienna,8,8,180.7,7,2.9708,0.0,0.0,0.5,48.25753,16.34742,7|8|5|18|27,0.1286|0.1086|0.0873|0.0603|0.0526,
unit_002935,Vienna,22,22,390.7,31,2.6476,0.0,0.0,0.5,48.263019,16.4009,31|30|12|1|28,0.1743|0.0623|0.0501|0.0449|0.0400,
unit_002936,Vienna,8,12,141.9,5,3.0926,1e-05,0.0,0.5,48.265437,16.396991,5|3|6|18|10,0.0863|0.0795|0.0736|0.0686|0.0668,
unit_002939,Vienna,18,18,308.4,31,2.9798,0.0,0.14614,0.5365,48.264746,16.398256,31|8|5|1|18,0.1347|0.0909|0.0718|0.0493|0.0490,
unit_002940,Vienna,5,5,62.9,5,2.9674,0.0,0.14614,0.5365,48.265508,16.398098,5|8|1|31|27,0.0961|0.0778|0.0772|0.0642|0.0566,
unit_002943,Vienna,7,7,77.8,31,2.8409,0.0,0.0,0.5,48.254832,16.40826,31|5|8|10|12,0.1315|0.0963|0.0818|0.0697|0.0650,
unit_002944,Vienna,8,8,132.4,31,2.989,0.0,0.0,0.5,48.254532,16.406156,31|8|19|7|5,0.1489|0.0564|0.0482|0.0451|0.0393,
unit_002945,Vienna,26,39,484.1,31,2.9596,1e-05,0.0,0.5,48.256194,16.403035,31|30|5|1|12,0.1386|0.0668|0.0621|0.0619|0.0485,
unit_002946,Vienna,25,25,404.5,1,2.9585,0.0,0.1405,0.5351,48.27633,16.388528,1|12|31|5|19,0.1032|0.0846|0.0815|0.0707|0.0557,
unit_002947,Vienna,13,13,276.0,1,2.8936,0.0,0.28949,0.5719,48.272244,16.390584,1|12|2|31|5,0.1041|0.0851|0.0784|0.0748|0.0714,
unit_002948,Vienna,10,16,228.5,9,3.082,8e-05,0.09605,0.524,48.264498,16.395733,9|12|10|1|5,0.1099|0.1033|0.0662|0.0549|0.0531,
unit_002949,Vienna,10,15,241.4,12,3.0762,8e-05,0.18722,0.5466,48.264696,16.395498,12|9|10|5|1,0.1076|0.1024|0.0678|0.0551|0.0547,
unit_002950,Vienna,13,13,255.7,5,2.9052,0.0,0.0,0.5,48.287777,16.386507,5|8|7|31|16,0.1255|0.0998|0.0958|0.0856|0.0600,
unit_002951,Vienna,19,19,341.4,31,2.7683,0.0,0.06862,0.5171,48.289341,16.384937,31|12|5|1|8,0.1239|0.0800|0.0685|0.0635|0.0595,
unit_002952,Vienna,15,15,249.5,5,2.9819,0.0,0.0,0.5,48.289353,16.382707,5|31|8|16|12,0.1350|0.0821|0.0715|0.0624|0.0620,
unit_002953,Vienna,9,9,165.5,5,2.8491,0.0,0.0,0.5,48.292077,16.391853,5|12|7|31|10,0.1001|0.0981|0.0867|0.0726|0.0552,
unit_002954,Vienna,13,13,230.0,7,2.8868,0.0,0.0,0.5,48.285057,16.402278,7|5|12|8|31,0.1581|0.0895|0.0654|0.0649|0.0631,
unit_002955,Vienna,7,7,151.3,5,2.9327,0.0,0.0,0.5,48.291206,16.396953,5|19|12|30|7,0.1008|0.0919|0.0705|0.0585|0.0551,
unit_002956,Vienna,8,8,151.8,5,2.8707,0.0,0.0,0.5,48.283623,16.401146,5|7|19|30|15,0.1074|0.0921|0.0863|0.0724|0.0627,
unit_002957,Vienna,13,13,256.3,5,3.0272,0.0,0.0,0.5,48.27726,16.452675,5|31|18|8|1,0.1283|0.0809|0.0806|0.0787|0.0677,
unit_002958,Vienna,11,11,216.3,12,2.9249,0.0,0.0,0.5,48.273397,16.452031,12|5|7|3|31,0.1124|0.0983|0.0942|0.0643|0.0606,
unit_002959,Vienna,9,9,200.8,5,3.1149,0.0,0.0,0.5,48.237004,16.413821,5|1|17|3|12,0.0728|0.0715|0.0665|0.0640|0.0557,
unit_002960,Vienna,5,9,101.6,5,3.1284,1e-05,0.0,0.5,48.235038,16.40854,5|1|25|28|18,0.1158|0.0867|0.0759|0.0718|0.0711,
unit_002961,Vienna,5,10,104.4,5,3.1273,0.0,0.0,0.5,48.234556,16.408569,5|1|25|28|18,0.1171|0.0874|0.0772|0.0730|0.0723,
unit_002962,Vienna,8,8,177.5,5,2.8056,0.0,0.0,0.5,48.306203,16.425654,5|12|15|19|30,0.1014|0.0962|0.0866|0.0853|0.0852,
unit_002963,Vienna,11,16,253.0,9,2.9958,4e-05,0.0,0.5,48.128735,16.555568,9|5|26|4|27,0.1269|0.0950|0.0948|0.0757|0.0730,
unit_002964,Vienna,6,6,127.3,9,3.0385,0.0,0.0,0.5,48.129058,16.552307,9|5|26|18|17,0.1179|0.1109|0.0874|0.0777|0.0700,
unit_002965,Vienna,8,16,178.2,5,3.0065,0.0,0.0,0.5,48.130428,16.550467,5|9|4|26|19,0.1276|0.1262|0.0734|0.0691|0.0671,
unit_002966,Vienna,8,8,178.2,5,2.9494,0.0,0.0,0.5,48.130979,16.548228,5|19|4|30|17,0.1346|0.0929|0.0717|0.0692|0.0686,
unit_002968,Vienna,18,18,299.9,5,3.031,0.0,0.0,0.5,48.148213,16.306785,5|31|1|8|27,0.1104|0.0874|0.0770|0.0670|0.0487,
unit_002969,Vienna,5,5,106.5,7,2.995,0.0,0.0,0.5,48.146986,16.303833,7|5|31|12|16,0.0961|0.0823|0.0814|0.0524|0.0487,
unit_002970,Vienna,29,63,548.3,5,3.0684,5e-05,0.08277,0.5207,48.158906,16.33478,5|7|18|1|31,0.1272|0.0884|0.0741|0.0739|0.0601,
unit_002971,Vienna,7,7,151.9,5,2.9715,0.0,0.0,0.5,48.157703,16.333601,5|1|12|31|7,0.1253|0.0765|0.0723|0.0639|0.0490,
unit_002972,Vienna,10,10,188.0,31,2.8118,0.0,0.0,0.5,48.181315,16.331459,31|1|8|5|27,0.1042|0.0663|0.0540|0.0463|0.0462,
unit_002973,Vienna,10,10,160.8,31,2.8787,0.0,0.0,0.5,48.182137,16.336777,31|8|5|10|18,0.1251|0.1147|0.0848|0.0620|0.0619,
unit_002974,Vienna,36,60,682.7,31,3.0031,8e-05,0.04249,0.5106,48.180152,16.340006,31|5|8|10|1,0.1257|0.0830|0.0770|0.0517|0.0515,
unit_002976,Vienna,13,13,188.2,7,2.9178,0.0,0.0,0.5,48.302349,16.320379,7|5|20|19|16,0.1102|0.0808|0.0597|0.0517|0.0504,
unit_002977,Vienna,7,7,162.7,7,2.9221,0.0,0.16562,0.5413,48.300425,16.322957,7|19|12|27|16,0.1298|0.0821|0.0781|0.0481|0.0452,
unit_002978,Vienna,11,18,144.4,7,2.9198,0.0,0.10242,0.5256,48.305791,16.314217,7|5|12|16|8,0.1629|0.0910|0.0789|0.0535|0.0492,
unit_002979,Vienna,11,11,206.6,31,2.8991,0.0,0.0,0.5,48.307061,16.318602,31|7|5|8|16,0.1069|0.1068|0.1051|0.0961|0.0506,
unit_002980,Vienna,19,33,365.1,7,3.0722,1e-05,0.0,0.5,48.30697,16.314244,7|5|8|16|27,0.1036|0.1035|0.0776|0.0760|0.0721,
unit_002981,Vienna,24,24,439.2,31,2.8536,2e-05,0.0,0.5,48.168618,16.374171,31|8|5|16|11,0.1228|0.1128|0.1009|0.0448|0.0399,
unit_002982,Vienna,9,9,89.5,31,2.904,0.0,0.16317,0.5407,48.173527,16.388521,31|12|10|5|1,0.1478|0.0813|0.0631|0.0594|0.0405,
unit_002983,Vienna,15,15,272.4,5,3.0106,0.0,0.0,0.5,48.170199,16.38871,5|7|31|18|1,0.0890|0.0846|0.0771|0.0661|0.0579,
unit_002984,Vienna,23,23,373.3,31,2.9524,0.0,0.10397,0.526,48.172238,16.389294,31|5|12|1|11,0.1225|0.0664|0.0632|0.0562|0.0542,
unit_002985,Vienna,6,8,128.5,8,3.0583,3e-05,0.04884,0.5122,48.175607,16.392844,8|31|5|10|1,0.0947|0.0936|0.0684|0.0612|0.0565,
unit_002986,Vienna,6,12,128.5,1,3.0014,3e-05,0.06704,0.5167,48.175413,16.394219,1|6|17|30|31,0.1046|0.0857|0.0744|0.0729|0.0682,
unit_002987,Vienna,3,6,51.4,1,3.1006,0.0,0.08524,0.5213,48.175395,16.395257,1|5|31|11|8,0.1106|0.0977|0.0945|0.0618|0.0546,
unit_002988,Vienna,14,28,265.8,31,2.8806,0.0,0.0,0.5,48.174997,16.390237,31|1|12|28|19,0.1208|0.0800|0.0720|0.0555|0.0448,
unit_002989,Vienna,14,14,216.4,31,2.8241,0.0,0.0,0.5,48.169606,16.3656,31|12|5|8|10,0.1364|0.0917|0.0799|0.0790|0.0625,
unit_002990,Vienna,19,19,244.6,31,2.8243,0.0,0.0,0.5,48.166821,16.364321,31|8|1|30|5,0.1081|0.0968|0.0691|0.0612|0.0532,
unit_002991,Vienna,17,17,310.3,5,3.0055,0.0,0.0,0.5,48.165564,16.365422,5|8|31|1|27,0.1037|0.0850|0.0850|0.0790|0.0521,
unit_002992,Vienna,14,14,234.5,31,2.9497,0.0,0.0,0.5,48.168207,16.366909,31|8|5|16|11,0.1401|0.1002|0.0714|0.0527|0.0506,
unit_002994,Vienna,10,10,164.8,31,2.9573,0.0,0.0,0.5,48.167266,16.368057,31|8|5|16|10,0.1233|0.0926|0.0716|0.0614|0.0395,
unit_002995,Vienna,14,14,240.6,31,2.9433,0.0,0.0,0.5,48.181414,16.370934,31|8|5|10|28,0.1315|0.0835|0.0570|0.0451|0.0432,
unit_002996,Vienna,25,25,443.9,31,2.8522,0.0,0.0,0.5,48.169316,16.369014,31|8|1|30|11,0.1037|0.0762|0.0687|0.0665|0.0622,
unit_002997,Vienna,13,13,161.9,31,2.8605,0.0,0.0,0.5,48.173175,16.376456,31|8|27|5|22,0.1712|0.0821|0.0392|0.0355|0.0350,
unit_002998,Vienna,5,5,104.6,31,2.8351,0.0,0.0,0.5,48.176925,16.37831,31|8|5|10|1,0.1237|0.0817|0.0654|0.0560|0.0461,
unit_002999,Vienna,13,13,273.7,31,2.919,0.0,0.0,0.5,48.166253,16.360646,31|5|8|11|12,0.1148|0.1100|0.0815|0.0631|0.0630,
unit_003000,Vienna,16,16,311.5,5,2.9004,0.0,0.0,0.5,48.166254,16.357818,5|31|8|10|11,0.0932|0.0821|0.0787|0.0669|0.0456,
unit_003001,Vienna,15,15,294.0,5,2.926,0.0,0.0,0.5,48.166375,16.392533,5|8|31|12|10,0.1343|0.0824|0.0763|0.0759|0.0748,
unit_003002,Vienna,11,11,180.2,7,2.9755,0.0,0.0,0.5,48.169368,16.396764,7|18|12|5|16,0.1602|0.0759|0.0728|0.0678|0.0619,
unit_003003,Vienna,7,8,150.8,5,3.0588,0.0,0.07386,0.5185,48.171387,16.39297,5|11|18|19|7,0.1160|0.0800|0.0781|0.0710|0.0684,
unit_003005,Vienna,4,4,75.4,9,3.0988,0.0,0.068,0.517,48.170458,16.3941,9|26|6|3|5,0.1337|0.0746|0.0722|0.0680|0.0645,
unit_003007,Vienna,11,14,149.2,31,2.8312,1e-05,0.09441,0.5236,48.175083,16.384584,31|12|5|8|10,0.1452|0.0908|0.0732|0.0509|0.0429,
unit_003008,Vienna,12,12,172.2,31,2.8743,0.0,0.0,0.5,48.173919,16.380567,31|8|5|27|16,0.1558|0.0815|0.0672|0.0438|0.0429,
unit_003009,Vienna,20,20,328.6,31,2.9122,0.0,0.0,0.5,48.174145,16.382474,31|5|30|8|12,0.1974|0.0501|0.0469|0.0459|0.0447,
unit_003010,Vienna,36,47,758.3,12,2.9762,4e-05,0.0,0.5,48.268046,16.448295,12|5|2|18|31,0.1269|0.1018|0.0695|0.0572|0.0566,
unit_003011,Vienna,8,8,178.2,7,2.9668,0.0,0.0,0.5,48.266375,16.445944,7|5|8|20|1,0.1085|0.1042|0.0982|0.0632|0.0556,
unit_003012,Vienna,8,8,178.2,5,3.0196,0.0,0.0,0.5,48.266309,16.442049,5|8|7|27|1,0.1220|0.0954|0.0821|0.0779|0.0622,
unit_003013,Vienna,18,18,311.6,31,3.0113,0.0,0.04249,0.5106,48.181752,16.338463,31|1|5|12|11,0.1170|0.0853|0.0849|0.0546|0.0539,
unit_003014,Vienna,11,16,214.5,5,3.0442,0.0,0.0,0.5,48.182745,16.346429,5|11|31|12|18,0.1061|0.0853|0.0746|0.0738|0.0678,
unit_003015,Vienna,10,19,190.4,5,3.0993,0.0,0.0,0.5,48.177902,16.344655,5|31|1|8|10,0.1115|0.0906|0.0811|0.0643|0.0613,
unit_003016,Vienna,17,17,332.5,10,3.0593,0.0,0.0,0.5,48.178688,16.34641,10|5|31|2|1,0.0847|0.0842|0.0693|0.0662|0.0634,
unit_003017,Vienna,12,12,150.5,31,2.9166,0.0,0.0,0.5,48.17965,16.342192,31|10|5|12|8,0.1137|0.0761|0.0672|0.0656|0.0566,
unit_003018,Vienna,30,34,522.2,31,2.9502,3e-05,0.0,0.5,48.18083,16.345552,31|30|8|1|28,0.1400|0.0635|0.0575|0.0527|0.0523,
unit_003019,Vienna,13,13,182.8,31,2.8214,0.0,0.07349,0.5184,48.182799,16.341241,31|12|18|15|4,0.2025|0.0515|0.0351|0.0304|0.0272,
unit_003020,Vienna,22,22,353.9,31,2.9349,0.0,0.07349,0.5184,48.183511,16.341876,31|5|10|8|12,0.1739|0.0664|0.0521|0.0518|0.0490,
unit_003021,Vienna,18,18,298.2,31,2.8762,0.0,0.18696,0.5466,48.17753,16.34112,31|5|12|8|11,0.1429|0.0952|0.0727|0.0597|0.0588,
unit_003022,Vienna,11,11,177.2,31,2.8652,0.0,0.0,0.5,48.177096,16.336982,31|8|5|16|7,0.1275|0.1050|0.0836|0.0682|0.0446,
unit_003023,Vienna,15,15,292.0,1,3.0451,0.0,0.0,0.5,48.175685,16.336752,1|31|5|8|30,0.1181|0.0907|0.0756|0.0644|0.0572,
unit_003024,Vienna,11,11,156.0,31,2.9287,0.0,0.0,0.5,48.181011,16.336176,31|8|28|30|5,0.1353|0.0693|0.0500|0.0476|0.0475,
unit_003025,Vienna,22,22,287.0,31,2.9285,0.0,0.0,0.5,48.179301,16.334699,31|8|5|16|10,0.1399|0.0699|0.0624|0.0491|0.0396,
unit_003026,Vienna,32,52,538.8,31,2.933,3e-05,0.03164,0.5079,48.176469,16.333847,31|5|8|10|12,0.1489|0.0899|0.0705|0.0553|0.0543,
unit_003027,Vienna,9,9,96.1,31,2.8838,0.0,0.0,0.5,48.179773,16.333246,31|8|5|16|30,0.1520|0.0787|0.0455|0.0442|0.0349,
unit_003028,Vienna,13,13,204.6,31,2.8809,0.0,0.0,0.5,48.178288,16.328534,31|8|5|27|22,0.1524|0.0865|0.0681|0.0431|0.0343,
unit_003029,Vienna,8,8,119.7,31,2.8975,0.0,0.0,0.5,48.177006,16.329324,31|1|30|10|25,0.1316|0.0454|0.0442|0.0441|0.0398,
unit_003030,Vienna,43,43,637.8,31,2.8984,0.0,0.0,0.5,48.174233,16.330124,31|1|30|27|8,0.0996|0.0891|0.0808|0.0597|0.0595,
unit_003031,Vienna,6,6,82.8,8,2.9441,0.0,0.0,0.5,48.175828,16.323223,8|5|31|10|7,0.1127|0.0925|0.0910|0.0568|0.0568,
unit_003032,Vienna,10,10,170.4,31,2.8549,0.0,0.0,0.5,48.178762,16.322868,31|8|27|16|30,0.1655|0.0736|0.0428|0.0391|0.0300,
unit_003033,Vienna,11,11,183.0,31,2.8923,0.0,0.0,0.5,48.180183,16.330571,31|8|30|5|22,0.1043|0.0665|0.0580|0.0465|0.0434,
unit_003034,Vienna,13,13,243.3,5,2.9715,0.0,0.08277,0.5207,48.157457,16.333437,5|1|12|31|7,0.1253|0.0765|0.0723|0.0639|0.0490,
unit_003035,Vienna,8,8,175.7,7,3.0711,0.0,0.0,0.5,48.165702,16.330862,7|8|18|16|5,0.1059|0.0834|0.0806|0.0662|0.0576,
unit_003036,Vienna,12,12,215.5,7,2.884,0.0,0.0,0.5,48.145794,16.326278,7|5|12|10|31,0.1451|0.0892|0.0723|0.0553|0.0544,
unit_003037,Vienna,13,13,193.9,7,2.9339,0.0,0.0,0.5,48.151267,16.330297,7|12|5|31|16,0.1262|0.0798|0.0743|0.0558|0.0431,
unit_003038,Vienna,10,10,195.4,12,2.9507,0.0,0.0,0.5,48.142767,16.323333,12|5|7|31|28,0.1089|0.1006|0.0883|0.0624|0.0523,
unit_003039,Vienna,8,8,185.7,7,2.804,0.0,0.0,0.5,48.142555,16.324922,7|8|5|16|31,0.1500|0.1111|0.0988|0.0663|0.0593,
unit_003040,Vienna,12,12,239.0,19,2.9944,0.0,0.0,0.5,48.147386,16.331883,19|3|5|16|12,0.0693|0.0661|0.0660|0.0659|0.0632,
unit_003041,Vienna,10,10,187.4,7,2.9682,0.0,0.0,0.5,48.144702,16.329441,7|5|8|31|19,0.1434|0.0995|0.0766|0.0633|0.0592,
unit_003042,Vienna,7,7,155.7,5,2.8726,0.0,0.0,0.5,48.147262,16.32206,5|12|31|18|2,0.1199|0.1157|0.0706|0.0650|0.0590,
unit_003043,Vienna,28,31,548.8,7,2.9702,3e-05,0.0,0.5,48.147973,16.325112,7|5|8|18|16,0.1442|0.1035|0.0892|0.0666|0.0543,
unit_003044,Vienna,16,16,240.7,7,2.9725,0.0,0.0,0.5,48.148323,16.329934,7|5|8|16|18,0.1195|0.0952|0.0911|0.0576|0.0478,
unit_003045,Vienna,16,16,283.6,7,2.8271,0.0,0.0,0.5,48.149829,16.323906,7|12|5|16|31,0.1180|0.0986|0.0931|0.0682|0.0543,
unit_003046,Vienna,13,13,184.1,7,2.8272,0.0,0.07811,0.5195,48.138564,16.328595,7|5|8|18|16,0.1619|0.1119|0.0837|0.0589|0.0563,
unit_003047,Vienna,10,10,165.6,7,2.8693,0.0,0.0,0.5,48.144539,16.333077,7|5|12|8|31,0.1562|0.0989|0.0725|0.0634|0.0604,
unit_003048,Vienna,9,17,177.3,12,3.0831,0.00014,0.0,0.5,48.147245,16.335739,12|5|9|7|19,0.1016|0.0919|0.0875|0.0817|0.0731,
unit_003049,Vienna,10,10,182.9,5,2.9035,0.0,0.0,0.5,48.128784,16.280717,5|7|19|8|16,0.1226|0.1150|0.0706|0.0571|0.0496,
unit_003050,Vienna,19,25,394.6,7,2.8502,2e-05,0.05034,0.5126,48.130566,16.276299,7|8|5|16|31,0.1550|0.1026|0.0863|0.0612|0.0581,
unit_003051,Vienna,12,12,208.2,7,2.8814,0.0,0.0,0.5,48.128101,16.272391,7|12|5|19|31,0.1406|0.0866|0.0801|0.0722|0.0535,
unit_003052,Vienna,18,35,362.1,7,2.9681,0.0,0.0,0.5,48.13127,16.271541,7|5|8|31|12,0.1560|0.1258|0.0689|0.0635|0.0629,
unit_003053,Vienna,11,12,213.2,7,2.8429,0.0,0.0,0.5,48.129675,16.282063,7|5|8|19|31,0.1755|0.0933|0.0727|0.0659|0.0499,
unit_003054,Vienna,11,11,190.3,7,2.8482,0.0,0.05034,0.5126,48.131459,16.277005,7|5|12|19|16,0.1589|0.0935|0.0843|0.0563|0.0533,
unit_003055,Vienna,8,8,182.0,7,2.8244,0.0,0.0,0.5,48.131749,16.275544,7|5|8|16|31,0.1428|0.1113|0.0876|0.0683|0.0531,
unit_003056,Vienna,14,14,251.0,7,2.8082,0.0,0.0,0.5,48.13284,16.273658,7|5|31|16|8,0.1098|0.1034|0.0779|0.0742|0.0699,
unit_003057,Vienna,16,32,235.0,5,2.9579,0.0,0.0,0.5,48.125245,16.280267,5|7|8|16|18,0.1060|0.1026|0.0833|0.0669|0.0609,
unit_003058,Vienna,15,17,260.0,7,2.8579,0.0,0.0458,0.5114,48.125084,16.278057,7|5|12|16|31,0.1301|0.1151|0.0822|0.0703|0.0618,
unit_003059,Vienna,8,8,181.4,5,2.9717,0.0,0.0,0.5,48.128888,16.28346,5|7|18|16|15,0.1033|0.0921|0.0681|0.0660|0.0649,
unit_003060,Vienna,11,11,178.1,7,2.8279,0.0,0.0,0.5,48.122812,16.271976,7|5|31|19|16,0.1562|0.0982|0.0630|0.0588|0.0557,
unit_003061,Vienna,13,13,240.5,31,2.9053,0.0,0.0,0.5,48.235251,16.341336,31|7|5|8|28,0.1074|0.0851|0.0738|0.0648|0.0552,
unit_003062,Vienna,12,12,239.1,31,2.9445,0.0,0.0,0.5,48.233977,16.340878,31|5|8|7|20,0.1075|0.0888|0.0793|0.0691|0.0513,
unit_003063,Vienna,10,10,167.4,5,2.9049,0.0,0.0,0.5,48.232697,16.342354,5|8|7|31|27,0.0824|0.0772|0.0745|0.0723|0.0493,
unit_003064,Vienna,14,14,265.9,8,2.8825,0.0,0.0,0.5,48.237151,16.342948,8|7|31|5|18,0.0956|0.0902|0.0810|0.0777|0.0606,
unit_003065,Vienna,26,31,457.4,31,2.7911,3e-05,0.0,0.5,48.236977,16.345168,31|12|7|5|11,0.1069|0.0994|0.0882|0.0697|0.0523,
unit_003066,Vienna,10,10,175.2,31,2.8177,0.0,0.0,0.5,48.237524,16.322088,31|8|1|5|30,0.1393|0.0800|0.0543|0.0497|0.0433,
unit_003067,Vienna,9,9,132.0,31,2.8146,0.0,0.10203,0.5255,48.23473,16.324566,31|8|7|15|18,0.1392|0.0621|0.0514|0.0469|0.0442,
unit_003068,Vienna,15,21,182.9,31,2.9409,8e-05,0.10203,0.5255,48.234529,16.325606,31|12|5|8|11,0.1709|0.0592|0.0551|0.0529|0.0437,
unit_003070,Vienna,8,8,176.5,8,2.956,0.0,0.0,0.5,48.241833,16.309029,8|5|7|31|10,0.1048|0.0946|0.0728|0.0725|0.0557,
unit_003071,Vienna,10,10,182.4,7,2.8886,0.0,0.0,0.5,48.243624,16.306612,7|8|31|5|16,0.0605|0.0556|0.0542|0.0468|0.0439,
unit_003072,Vienna,17,17,284.2,5,2.9969,0.0,0.0,0.5,48.243533,16.302689,5|7|8|31|20,0.1154|0.1096|0.0720|0.0546|0.0522,
unit_003073,Vienna,12,16,203.1,7,2.9102,3e-05,0.03889,0.5097,48.24551,16.306907,7|8|5|27|17,0.1318|0.1108|0.0741|0.0558|0.0511,
unit_003074,Vienna,20,20,360.0,7,2.9902,0.0,0.0,0.5,48.247324,16.307433,7|5|19|18|12,0.1096|0.0982|0.0816|0.0728|0.0722,
unit_003075,Vienna,8,8,181.2,7,2.9557,0.0,0.0,0.5,48.24986,16.304914,7|5|18|8|16,0.1102|0.1016|0.0753|0.0683|0.0503,
unit_003076,Vienna,8,8,178.5,5,2.9262,0.0,0.0,0.5,48.243433,16.311791,5|1|19|7|15,0.0899|0.0613|0.0567|0.0565|0.0551,
unit_003077,Vienna,6,6,126.2,5,2.9262,0.0,0.0,0.5,48.244028,16.311892,5|1|19|7|15,0.0899|0.0613|0.0567|0.0565|0.0551,
unit_003078,Vienna,12,12,181.4,7,2.9131,0.0,0.0,0.5,48.24285,16.31988,7|5|31|8|18,0.1508|0.1103|0.0663|0.0642|0.0609,
unit_003079,Vienna,18,18,347.7,7,2.9337,0.0,0.0,0.5,48.242952,16.31766,7|5|12|8|31,0.1566|0.0901|0.0679|0.0596|0.0541,
unit_003080,Vienna,22,22,348.4,7,2.9825,0.0,0.0,0.5,48.241728,16.316759,7|5|8|15|19,0.1107|0.0752|0.0675|0.0673|0.0621,
unit_003081,Vienna,8,8,178.8,7,2.9879,0.0,0.0,0.5,48.232884,16.308866,7|19|5|17|30,0.1405|0.0777|0.0746|0.0578|0.0573,
unit_003082,Vienna,11,12,185.1,31,2.7137,0.0,0.07565,0.5189,48.227834,16.324755,31|12|5|8|7,0.1181|0.1031|0.1028|0.0603|0.0500,
unit_003083,Vienna,10,16,225.3,7,3.0402,3e-05,0.0,0.5,48.225029,16.46683,7|5|8|18|20,0.1165|0.1131|0.0676|0.0663|0.0626,
unit_003084,Vienna,14,14,235.3,7,2.8526,0.0,0.0,0.5,48.229572,16.469271,7|19|5|12|16,0.1386|0.0780|0.0708|0.0654|0.0427,
unit_003085,Vienna,11,11,191.1,7,2.9164,0.0,0.0,0.5,48.226908,16.47159,7|19|5|8|18,0.1742|0.0810|0.0775|0.0699|0.0639,
unit_003086,Vienna,10,10,187.4,7,3.0017,0.0,0.0,0.5,48.229062,16.466562,7|5|31|19|8,0.1019|0.0991|0.0818|0.0668|0.0668,
unit_003087,Vienna,7,7,151.8,8,2.986,0.0,0.0,0.5,48.232357,16.464416,8|7|19|5|30,0.0957|0.0908|0.0763|0.0695|0.0588,
unit_003088,Vienna,12,12,168.8,7,2.944,0.0,0.0,0.5,48.227204,16.464535,7|5|31|12|8,0.1470|0.0973|0.0827|0.0824|0.0655,
unit_003089,Vienna,14,14,220.2,7,2.9074,0.0,0.0,0.5,48.230968,16.465121,7|5|19|12|30,0.1188|0.0850|0.0781|0.0689|0.0552,
unit_003090,Vienna,17,17,322.5,5,3.0612,0.0,0.0,0.5,48.226835,16.47322,5|7|1|12|8,0.1237|0.0902|0.0834|0.0587|0.0577,
unit_003091,Vienna,13,13,164.4,7,2.892,0.0,0.0,0.5,48.225084,16.469142,7|5|8|16|31,0.1299|0.1091|0.0881|0.0677|0.0615,
unit_003092,Vienna,7,7,158.4,31,2.8414,0.0,0.0,0.5,48.263028,16.438799,31|5|8|1|16,0.1142|0.0966|0.0703|0.0466|0.0453,
unit_003093,Vienna,7,7,157.7,31,2.8414,0.0,0.0,0.5,48.263154,16.438804,31|5|8|1|16,0.1142|0.0966|0.0703|0.0466|0.0453,
unit_003094,Vienna,8,8,176.9,7,2.7578,0.0,0.0,0.5,48.246384,16.444212,7|5|8|16|31,0.1339|0.0959|0.0744|0.0657|0.0650,
unit_003095,Vienna,11,11,188.6,31,2.8594,0.0,0.0,0.5,48.193841,16.394638,31|8|12|5|10,0.1753|0.0517|0.0516|0.0483|0.0460,
unit_003096,Vienna,15,15,309.4,5,2.8653,0.0,0.0,0.5,48.268571,16.452896,5|12|7|31|16,0.1013|0.0978|0.0968|0.0590|0.0570,
unit_003097,Vienna,10,10,181.3,8,2.958,0.0,0.13183,0.5329,48.266883,16.452084,8|5|7|18|16,0.1122|0.1116|0.0921|0.0639|0.0633,
unit_003098,Vienna,11,11,169.6,7,2.9763,0.0,0.0,0.5,48.160925,16.330257,7|12|5|8|31,0.0920|0.0726|0.0686|0.0571|0.0545,
unit_003099,Vienna,10,10,205.9,7,3.0289,0.0,0.0,0.5,48.163418,16.331407,7|19|8|31|1,0.1387|0.0961|0.0560|0.0522|0.0502,
unit_003100,Vienna,18,18,342.9,5,3.049,0.0,0.0,0.5,48.156274,16.321035,5|6|8|7|1,0.1125|0.0835|0.0665|0.0642|0.0637,
unit_003101,Vienna,8,8,176.0,7,2.721,0.0,0.0,0.5,48.156785,16.323571,7|5|8|16|19,0.0981|0.0971|0.0833|0.0555|0.0536,
unit_003102,Vienna,5,5,110.8,7,2.8439,0.0,0.0,0.5,48.154747,16.324339,7|12|5|19|16,0.1120|0.0636|0.0632|0.0617|0.0610,
unit_003104,Vienna,12,12,158.4,31,2.8326,0.0,0.0,0.5,48.169133,16.363665,31|8|5|10|16,0.1362|0.1139|0.0939|0.0583|0.0468,
unit_003105,Vienna,11,11,204.6,31,2.9964,0.0,0.0,0.5,48.169057,16.357681,31|5|12|11|1,0.0941|0.0909|0.0736|0.0662|0.0549,
unit_003106,Vienna,6,14,131.2,17,3.018,2e-05,0.06321,0.5158,48.182246,16.365032,17|6|5|31|24,0.1106|0.0864|0.0833|0.0827|0.0711,
unit_003107,Vienna,8,8,127.7,31,2.8443,0.0,0.0,0.5,48.180907,16.372424,31|12|10|5|19,0.1534|0.0735|0.0387|0.0313|0.0306,
unit_003108,Vienna,10,10,171.5,31,2.8573,0.0,0.14875,0.5371,48.18146,16.377299,31|12|18|4|5,0.1905|0.0659|0.0379|0.0295|0.0285,
unit_003109,Vienna,4,4,87.0,31,2.8516,0.0,0.0,0.5,48.176333,16.378011,31|8|30|16|27,0.1498|0.0579|0.0490|0.0457|0.0454,
unit_003110,Vienna,3,3,55.3,31,2.9049,0.0,0.09725,0.5243,48.175764,16.384328,31|8|5|16|18,0.1157|0.1006|0.0935|0.0467|0.0456,
unit_003111,Vienna,11,11,197.3,8,2.9886,0.0,0.0,0.5,48.172597,16.370768,8|31|5|18|27,0.0825|0.0804|0.0772|0.0755|0.0732,
unit_003112,Vienna,29,43,487.7,1,2.9622,1e-05,0.0598,0.5149,48.163469,16.367683,1|5|12|31|11,0.1008|0.0981|0.0972|0.0663|0.0634,
unit_003113,Vienna,6,7,127.6,12,2.9627,0.0,0.04283,0.5107,48.162196,16.367231,12|7|5|2|31,0.1284|0.1026|0.0904|0.0745|0.0619,
unit_003114,Vienna,14,17,242.5,7,2.8989,0.0,0.09273,0.5232,48.167286,16.352958,7|5|8|31|12,0.1331|0.1049|0.0736|0.0695|0.0610,
unit_003115,Vienna,19,25,320.1,7,2.9468,5e-05,0.10264,0.5256,48.16722,16.354592,7|5|31|8|12,0.1416|0.1043|0.0697|0.0630|0.0552,
unit_003117,Vienna,14,14,254.1,31,3.045,0.0,0.0,0.5,48.170197,16.352254,31|1|5|30|28,0.0983|0.0772|0.0762|0.0730|0.0644,
unit_003118,Vienna,12,12,153.0,31,2.8501,0.0,0.0,0.5,48.170855,16.331946,31|12|10|5|1,0.1133|0.0747|0.0700|0.0484|0.0434,
unit_003119,Vienna,12,13,234.8,5,2.99,0.0,0.0598,0.5149,48.172686,16.335598,5|31|8|16|7,0.1108|0.0956|0.0906|0.0653|0.0537,
unit_003120,Vienna,10,10,187.5,5,2.9286,0.0,0.0,0.5,48.172378,16.339502,5|31|8|18|20,0.1048|0.1013|0.0809|0.0480|0.0456,
unit_003121,Vienna,8,14,177.7,31,3.0135,1e-05,0.12676,0.5316,48.170688,16.312032,31|7|5|8|1,0.0831|0.0829|0.0806|0.0674|0.0578,
unit_003122,Vienna,8,8,183.0,31,2.8831,0.0,0.0,0.5,48.168375,16.311113,31|7|8|5|18,0.0944|0.0912|0.0801|0.0727|0.0661,
unit_003123,Vienna,12,12,211.9,5,3.0334,0.0,0.0,0.5,48.161003,16.320227,5|11|16|31|8,0.0888|0.0828|0.0692|0.0619|0.0576,
unit_003124,Vienna,15,16,295.2,5,3.0721,0.0,0.11727,0.5293,48.161702,16.324288,5|18|1|16|22,0.0977|0.0695|0.0670|0.0597|0.0565,
unit_003125,Vienna,10,10,196.3,7,2.974,0.0,0.0,0.5,48.154868,16.306998,7|5|12|19|18,0.1259|0.0879|0.0805|0.0711|0.0621,
unit_003126,Vienna,10,10,184.2,7,2.9429,0.0,0.0,0.5,48.154783,16.309604,7|5|19|28|31,0.1633|0.0909|0.0654|0.0642|0.0513,
unit_003127,Vienna,10,11,178.4,5,2.8523,0.0,0.14494,0.5362,48.260481,16.463567,5|7|12|19|16,0.1147|0.1043|0.0922|0.0745|0.0579,
unit_003128,Vienna,6,6,128.7,5,2.9884,0.0,0.12523,0.5313,48.260458,16.464676,5|1|8|16|3,0.1111|0.0875|0.0690|0.0688|0.0606,
unit_003129,Vienna,8,8,181.3,5,2.953,0.0,0.0,0.5,48.263382,16.459273,5|1|8|16|31,0.1125|0.0899|0.0798|0.0616|0.0538,
unit_003130,Vienna,7,7,158.0,5,3.0506,0.0,0.05773,0.5144,48.263411,16.454064,5|1|12|31|3,0.1138|0.0923|0.0778|0.0713|0.0677,
unit_003131,Vienna,31,31,563.3,7,2.8857,0.0,0.0,0.5,48.258241,16.459831,7|5|8|31|19,0.1465|0.1066|0.0807|0.0593|0.0538,
unit_003133,Vienna,8,8,182.0,7,2.8149,0.0,0.0,0.5,48.259044,16.461489,7|5|12|8|31,0.1675|0.0860|0.0770|0.0638|0.0617,
unit_003134,Vienna,17,17,277.2,7,2.9761,0.0,0.0,0.5,48.255306,16.457751,7|5|8|16|12,0.1378|0.1066|0.0667|0.0596|0.0546,
unit_003135,Vienna,8,8,175.1,5,3.0045,0.0,0.0,0.5,48.255274,16.455538,5|8|31|11|1,0.1151|0.1077|0.0797|0.0671|0.0617,
unit_003136,Vienna,8,8,178.6,8,2.9675,0.0,0.0,0.5,48.257515,16.428187,8|5|31|7|16,0.1160|0.0822|0.0594|0.0518|0.0488,
unit_003137,Vienna,13,13,236.7,5,2.8838,0.0,0.0,0.5,48.2613,16.434114,5|8|31|16|1,0.0987|0.0901|0.0757|0.0620|0.0594,
unit_003138,Vienna,8,8,178.2,5,2.9314,0.0,0.0,0.5,48.261866,16.44236,5|8|7|16|31,0.1205|0.0878|0.0779|0.0712|0.0604,
unit_003139,Vienna,13,13,257.0,5,3.0203,0.0,0.0,0.5,48.271834,16.439664,5|8|31|7|1,0.1213|0.0989|0.0760|0.0709|0.0655,
unit_003140,Vienna,8,9,175.1,5,3.0111,0.0,0.0,0.5,48.275853,16.444712,5|7|8|19|18,0.1156|0.1034|0.1004|0.0760|0.0656,
unit_003141,Vienna,11,11,159.2,7,2.9334,0.0,0.0,0.5,48.274848,16.448823,7|5|12|16|19,0.1347|0.0905|0.0843|0.0689|0.0647,
unit_003142,Vienna,11,11,212.1,8,2.9386,0.0,0.0,0.5,48.271581,16.450302,8|5|31|16|18,0.1347|0.1072|0.0867|0.0547|0.0528,
unit_003144,Vienna,8,8,180.4,5,2.983,0.0,0.0,0.5,48.241112,16.466902,5|19|12|1|30,0.1407|0.0763|0.0703|0.0673|0.0632,
unit_003145,Vienna,11,11,205.8,7,2.9844,0.0,0.0,0.5,48.239831,16.477234,7|8|1|30|31,0.1257|0.0813|0.0787|0.0711|0.0695,
unit_003146,Vienna,17,17,342.2,5,2.9609,0.0,0.0,0.5,48.245458,16.483189,5|7|1|31|8,0.1140|0.0902|0.0718|0.0642|0.0546,
unit_003147,Vienna,13,13,195.7,5,3.014,0.0,0.07829,0.5196,48.254679,16.497189,5|7|8|31|1,0.1246|0.0901|0.0886|0.0784|0.0682,
unit_003148,Vienna,8,8,132.2,7,2.9846,0.0,0.0,0.5,48.246742,16.485065,7|5|8|16|18,0.1346|0.0858|0.0813|0.0741|0.0633,
unit_003149,Vienna,8,8,178.4,7,2.8591,0.0,0.0,0.5,48.247415,16.481178,7|5|12|16|19,0.1623|0.0891|0.0586|0.0574|0.0512,
unit_003150,Vienna,8,8,176.8,7,2.9087,0.0,0.0,0.5,48.255305,16.487059,7|19|5|12|18,0.1583|0.0805|0.0740|0.0738|0.0612,
unit_003151,Vienna,21,37,444.7,5,2.9964,4e-05,0.0,0.5,48.248316,16.47428,5|12|31|19|8,0.1288|0.0743|0.0657|0.0593|0.0517,
unit_003152,Vienna,7,7,121.7,5,2.973,0.0,0.0,0.5,48.244637,16.485812,5|7|16|12|8,0.1046|0.1017|0.0743|0.0728|0.0673,
unit_003153,Vienna,8,8,177.6,7,2.742,0.0,0.0,0.5,48.247074,16.482556,7|5|12|19|18,0.1712|0.0802|0.0712|0.0545|0.0503,
unit_003154,Vienna,8,8,177.6,7,2.9146,0.0,0.0,0.5,48.248822,16.480577,7|5|12|19|18,0.1052|0.1048|0.0764|0.0586|0.0558,
unit_003155,Vienna,8,8,180.8,7,3.0065,0.0,0.0,0.5,48.237627,16.470045,7|5|19|12|3,0.1063|0.0854|0.0765|0.0736|0.0570,
unit_003156,Vienna,8,8,176.1,7,2.8688,0.0,0.0,0.5,48.252738,16.483756,7|12|5|31|19,0.1081|0.1025|0.0921|0.0544|0.0452,
unit_003157,Vienna,14,14,229.9,7,2.8756,0.0,0.0,0.5,48.245673,16.474554,7|5|12|16|8,0.1482|0.0850|0.0715|0.0678|0.0634,
unit_003158,Vienna,12,12,180.0,7,2.8369,0.0,0.0,0.5,48.244113,16.473419,7|8|5|16|19,0.1453|0.0728|0.0637|0.0491|0.0448,
unit_003159,Vienna,7,7,108.4,7,2.7606,0.0,0.0,0.5,48.217653,16.439062,7|8|5|16|30,0.1415|0.0867|0.0826|0.0592|0.0534,
unit_003161,Vienna,10,10,178.2,7,2.8403,0.0,0.0,0.5,48.21838,16.440426,7|5|8|16|31,0.1186|0.1026|0.0927|0.0626|0.0555,
unit_003162,Vienna,37,57,730.9,31,2.9617,8e-05,0.0472,0.5118,48.190313,16.397525,31|1|8|11|30,0.1563|0.0505|0.0424|0.0393|0.0382,
unit_003164,Vienna,12,12,246.0,7,2.9549,0.0,0.0,0.5,48.15779,16.467283,7|5|8|31|18,0.1242|0.1241|0.0840|0.0629|0.0494,
unit_003166,Vienna,8,8,134.2,31,2.7317,0.0,0.0,0.5,48.203616,16.385175,31|27|3|4|8,0.1771|0.0370|0.0340|0.0318|0.0278,
unit_003167,Vienna,8,10,175.4,7,2.9598,2e-05,0.0,0.5,48.305415,16.305318,7|5|16|8|30,0.0990|0.0900|0.0823|0.0747|0.0509,
unit_003169,Vienna,7,7,163.7,7,2.9199,0.0,0.10242,0.5256,48.306301,16.313198,7|8|5|16|18,0.1258|0.0978|0.0769|0.0656|0.0406,
unit_003170,Vienna,11,11,183.8,31,2.9429,0.0,0.0,0.5,48.310677,16.319467,31|7|5|18|16,0.1406|0.0611|0.0503|0.0494|0.0479,
unit_003171,Vienna,7,7,70.9,7,2.9538,0.0,0.0,0.5,48.312743,16.318377,7|5|16|8|31,0.1054|0.0906|0.0605|0.0604|0.0504,
unit_003172,Vienna,12,12,162.0,7,2.8235,0.0,0.0,0.5,48.31079,16.316622,7|5|8|31|19,0.1648|0.1005|0.0738|0.0582|0.0575,
unit_003173,Vienna,24,40,416.1,31,2.9787,5e-05,0.0,0.5,48.307759,16.320138,31|5|7|8|16,0.1569|0.0750|0.0530|0.0523|0.0425,
unit_003174,Vienna,5,5,103.9,5,2.9581,0.0,0.0,0.5,48.306574,16.321754,5|31|8|7|16,0.0944|0.0907|0.0872|0.0842|0.0700,
unit_003175,Vienna,8,8,179.7,7,2.9592,0.0,0.0,0.5,48.161067,16.438947,7|5|8|18|16,0.1200|0.0942|0.0842|0.0778|0.0523,
unit_003177,Vienna,49,96,757.1,5,3.0315,2e-05,0.18273,0.5456,48.293762,16.33869,5|1|3|18|31,0.1328|0.1126|0.0855|0.0597|0.0593,
unit_003178,Vienna,10,10,196.4,5,2.8466,0.0,0.0,0.5,48.291484,16.341057,5|12|1|31|16,0.1072|0.1022|0.0643|0.0562|0.0542,
unit_003179,Vienna,9,12,155.6,12,3.0092,0.0,0.06272,0.5157,48.293264,16.343317,12|5|2|19|15,0.1030|0.0853|0.0614|0.0547|0.0540,
unit_003180,Vienna,7,8,138.6,19,3.0651,0.0,0.06272,0.5157,48.294458,16.342834,19|5|9|12|1,0.0696|0.0687|0.0649|0.0604|0.0543,
unit_003181,Vienna,7,8,152.3,7,3.0138,1e-05,0.04275,0.5107,48.279298,16.352833,7|18|12|19|5,0.1223|0.1158|0.0932|0.0645|0.0628,
unit_003182,Vienna,4,5,76.2,17,3.0531,3e-05,0.04275,0.5107,48.280274,16.352056,17|9|7|19|5,0.0987|0.0802|0.0732|0.0681|0.0665,
unit_003184,Vienna,11,11,158.3,31,2.9662,0.0,0.0,0.5,48.297687,16.333322,31|8|5|7|16,0.1002|0.0952|0.0884|0.0745|0.0734,
unit_003186,Vienna,15,29,288.0,5,3.0479,0.0,0.0,0.5,48.311457,16.314166,5|7|8|31|18,0.1205|0.1104|0.0824|0.0742|0.0742,
unit_003187,Vienna,4,4,82.5,31,2.8772,0.0,0.0,0.5,48.304508,16.326743,31|7|5|16|12,0.0855|0.0749|0.0708|0.0534|0.0530,
unit_003188,Vienna,15,16,315.8,5,3.1352,1e-05,0.05758,0.5144,48.291816,16.319964,5|30|3|1|18,0.1147|0.0711|0.0706|0.0703|0.0701,
unit_003190,Vienna,12,12,166.1,7,3.0519,0.0,0.0,0.5,48.288053,16.332129,7|8|16|19|5,0.1177|0.0795|0.0667|0.0624|0.0579,
unit_003191,Vienna,20,25,327.9,7,3.0039,1e-05,0.05203,0.513,48.123877,16.278218,7|5|8|18|16,0.1294|0.1123|0.0950|0.0696|0.0569,
unit_003192,Vienna,9,9,157.1,7,2.8517,0.0,0.03957,0.5099,48.126284,16.278147,7|12|5|19|16,0.1654|0.0870|0.0798|0.0626|0.0621,
unit_003193,Vienna,13,13,264.7,24,2.7444,0.0,0.0,0.5,48.121918,16.328005,24|17|6|26|9,0.1435|0.1074|0.0775|0.0558|0.0397,
unit_003194,Vienna,15,15,253.0,31,2.821,0.0,0.0,0.5,48.221147,16.315046,31|8|5|12|10,0.1492|0.0755|0.0735|0.0639|0.0559,
unit_003195,Vienna,14,14,214.2,31,2.8764,0.0,0.08555,0.5214,48.219622,16.314618,31|8|5|10|18,0.1611|0.0862|0.0612|0.0411|0.0392,
unit_003196,Vienna,24,31,535.3,9,3.1066,0.0001,0.13304,0.5332,48.296117,16.336278,9|7|12|3|10,0.1016|0.0922|0.0826|0.0685|0.0636,
unit_003197,Vienna,10,10,178.4,7,2.9668,0.0,0.0,0.5,48.174814,16.258163,7|5|8|18|16,0.1182|0.0846|0.0827|0.0682|0.0622,
unit_003198,Vienna,6,6,89.1,8,2.9603,0.0,0.0,0.5,48.222855,16.310838,8|31|5|7|30,0.1157|0.0844|0.0808|0.0518|0.0471,
unit_003199,Vienna,30,40,604.4,31,2.8543,2e-05,0.0,0.5,48.224244,16.309009,31|8|5|11|12,0.1731|0.0648|0.0556|0.0447|0.0396,
unit_003200,Vienna,18,36,322.3,1,2.8706,0.0,0.0,0.5,48.242894,16.34811,1|30|31|5|28,0.1147|0.0997|0.0928|0.0719|0.0575,
unit_003201,Vienna,8,8,180.2,31,2.8081,0.0,0.0,0.5,48.244291,16.348098,31|8|27|16|5,0.1293|0.0758|0.0461|0.0377|0.0338,
unit_003202,Vienna,18,18,329.7,31,2.8865,0.0,0.0,0.5,48.24638,16.345616,31|5|8|7|12,0.1426|0.0670|0.0667|0.0651|0.0596,
unit_003203,Vienna,11,11,192.7,7,2.8406,0.0,0.0,0.5,48.248872,16.346191,7|5|31|12|8,0.1354|0.1053|0.0985|0.0694|0.0648,
unit_003204,Vienna,19,19,336.7,5,2.938,0.0,0.0,0.5,48.247363,16.343846,5|31|8|7|20,0.1204|0.0996|0.0865|0.0682|0.0479,
unit_003205,Vienna,27,34,505.9,7,2.9658,6e-05,0.0,0.5,48.249144,16.352762,7|5|12|18|31,0.1422|0.0831|0.0672|0.0671|0.0626,
unit_003206,Vienna,12,12,207.2,5,2.7757,0.0,0.0,0.5,48.249147,16.339268,5|8|31|12|11,0.1183|0.0962|0.0916|0.0703|0.0467,
unit_003207,Vienna,9,9,152.3,5,2.9565,0.0,0.0,0.5,48.252565,16.337534,5|8|7|31|18,0.1188|0.0955|0.0877|0.0790|0.0782,
unit_003208,Vienna,26,27,426.7,31,2.7922,0.0,0.10177,0.5254,48.250646,16.341496,31|1|12|5|30,0.1080|0.0926|0.0823|0.0747|0.0583,
unit_003209,Vienna,7,8,157.8,5,2.9686,0.0,0.11054,0.5276,48.251579,16.340557,5|8|7|1|31,0.1014|0.0938|0.0781|0.0613|0.0560,
unit_003210,Vienna,8,8,140.7,5,2.9184,0.0,0.0,0.5,48.253362,16.338707,5|12|7|31|16,0.1205|0.0899|0.0798|0.0789|0.0634,
unit_003211,Vienna,21,21,429.3,8,2.8365,2e-05,0.0,0.5,48.242414,16.330965,8|31|5|11|16,0.1270|0.1075|0.1001|0.0477|0.0429,
unit_003212,Vienna,15,15,258.5,5,2.9064,0.0,0.0,0.5,48.244265,16.3292,5|31|12|8|11,0.1218|0.0953|0.0941|0.0830|0.0561,
unit_003213,Vienna,8,8,153.9,7,2.9949,0.0,0.0,0.5,48.247458,16.321176,7|8|27|19|3,0.0847|0.0600|0.0541|0.0500|0.0481,
unit_003214,Vienna,11,15,181.8,7,2.9111,0.0,0.06853,0.5171,48.244941,16.322611,7|5|8|31|18,0.1272|0.1077|0.0997|0.0666|0.0561,
unit_003215,Vienna,12,12,234.2,7,2.9228,0.0,0.0,0.5,48.240185,16.32891,7|8|5|31|16,0.1311|0.1169|0.0948|0.0629|0.0586,
unit_003217,Vienna,19,19,375.8,7,2.9368,0.0,0.0,0.5,48.250657,16.337522,7|5|8|31|18,0.1252|0.0966|0.0793|0.0599|0.0586,
unit_003218,Vienna,9,9,161.2,7,2.8533,0.0,0.0,0.5,48.04623,16.285563,7|5|8|18|16,0.0956|0.0900|0.0699|0.0681|0.0565,
unit_003219,Vienna,8,8,184.7,31,2.8307,0.0,0.0,0.5,48.196047,16.376164,31|3|30|7|28,0.1365|0.0367|0.0353|0.0294|0.0287,
unit_003220,Vienna,17,18,296.3,5,3.0328,0.0,0.10958,0.5274,48.045608,16.280532,5|7|1|12|10,0.1061|0.0732|0.0691|0.0682|0.0657,
unit_003221,Vienna,13,13,231.1,7,2.8603,0.0,0.10958,0.5274,48.046112,16.279563,7|31|5|16|8,0.1155|0.0923|0.0735|0.0504|0.0489,
unit_003222,Vienna,8,8,178.6,9,2.9331,0.0,0.0,0.5,48.194947,16.418566,9|26|27|5|28,0.1066|0.1032|0.0872|0.0704|0.0688,
unit_003223,Vienna,19,25,413.9,9,3.0328,6e-05,0.05574,0.5139,48.193642,16.41427,9|5|6|26|15,0.1374|0.0979|0.0868|0.0679|0.0613,
unit_003224,Vienna,8,8,178.0,9,2.9331,0.0,0.0,0.5,48.195013,16.418556,9|26|27|5|28,0.1066|0.1032|0.0872|0.0704|0.0688,
unit_003225,Vienna,25,29,578.6,9,3.0326,5e-05,0.0,0.5,48.175886,16.453952,9|12|5|19|20,0.1363|0.0960|0.0958|0.0695|0.0528,
unit_003226,Vienna,14,20,278.7,9,2.9789,4e-05,0.05413,0.5135,48.173229,16.454972,9|5|12|30|15,0.1459|0.1005|0.0899|0.0649|0.0568,
unit_003227,Vienna,8,8,177.1,5,3.0867,0.0,0.0,0.5,48.180912,16.448467,5|18|9|26|27,0.1122|0.0923|0.0834|0.0803|0.0786,
unit_003228,Vienna,7,17,159.3,5,3.0756,0.0,0.0,0.5,48.171439,16.455113,5|6|19|18|27,0.1263|0.0851|0.0819|0.0817|0.0730,
unit_003229,Vienna,5,13,100.4,5,3.0922,1e-05,0.05413,0.5135,48.171306,16.455565,5|6|18|19|9,0.1289|0.0835|0.0824|0.0823|0.0737,
unit_003230,Vienna,8,8,175.6,9,3.0389,0.0,0.0,0.5,48.167628,16.459559,9|5|18|6|26,0.1206|0.1138|0.0807|0.0749|0.0706,
unit_003231,Vienna,8,8,175.6,5,3.0363,0.0,0.0,0.5,48.166441,16.463201,5|26|9|27|28,0.1077|0.0970|0.0937|0.0861|0.0783,
unit_003232,Vienna,3,3,50.2,19,2.9726,0.0,0.0,0.5,48.165792,16.466183,19|16|5|27|3,0.0625|0.0387|0.0371|0.0304|0.0301,
unit_003233,Vienna,8,8,175.6,26,3.0504,0.0,0.0,0.5,48.165096,16.469386,26|9|5|6|19,0.1321|0.1118|0.0930|0.0712|0.0685,
unit_003234,Vienna,8,15,175.6,9,3.1168,0.00016,0.0,0.5,48.16421,16.472889,9|5|26|18|27,0.1314|0.1026|0.0820|0.0713|0.0570,
unit_003236,Vienna,7,13,150.5,9,3.0626,2e-05,0.03718,0.5093,48.159905,16.477273,9|12|19|15|3,0.1265|0.0980|0.0821|0.0649|0.0634,
unit_003237,Vienna,7,7,150.5,9,2.9986,0.0,0.0,0.5,48.156657,16.478245,9|12|5|22|26,0.1625|0.0901|0.0757|0.0535|0.0521,
unit_003238,Vienna,8,8,175.6,9,3.0437,0.0,0.0,0.5,48.152475,16.48278,9|26|6|4|19,0.1136|0.1055|0.0860|0.0732|0.0632,
unit_003239,Vienna,3,3,51.9,9,2.9936,0.0,0.0,0.5,48.174383,16.453896,9|12|19|5|20,0.1275|0.0949|0.0937|0.0916|0.0646,
unit_003240,Vienna,8,8,193.7,5,3.0029,0.0,0.0,0.5,48.251516,16.392411,5|12|31|1|18,0.1221|0.1010|0.0834|0.0833|0.0713,
unit_003241,Vienna,18,21,337.5,12,3.0549,1e-05,0.05844,0.5146,48.268365,16.397557,12|1|19|5|9,0.1093|0.0838|0.0835|0.0732|0.0626,
unit_003242,Vienna,8,8,175.7,12,3.0675,0.0,0.0,0.5,48.283514,16.408184,12|5|7|1|31,0.1110|0.1001|0.0980|0.0706|0.0626,
unit_003243,Vienna,9,13,159.4,7,2.785,1e-05,0.05672,0.5142,48.279289,16.401024,7|5|8|31|16,0.1467|0.1037|0.0989|0.0664|0.0586,
unit_003244,Vienna,16,16,283.1,5,3.0002,0.0,0.0,0.5,48.279541,16.424727,5|1|31|7|18,0.1295|0.0750|0.0731|0.0719|0.0646,
unit_003247,Vienna,7,7,153.1,7,2.805,0.0,0.0,0.5,48.282992,16.425636,7|8|5|16|30,0.1372|0.0916|0.0792|0.0698|0.0543,
unit_003248,Vienna,7,7,150.7,7,2.7535,0.0,0.0,0.5,48.281906,16.420284,7|8|5|18|28,0.1466|0.0885|0.0797|0.0528|0.0507,
unit_003249,Vienna,27,27,610.0,5,2.9312,0.0,0.0,0.5,48.283966,16.419283,5|7|1|8|31,0.1297|0.0999|0.0851|0.0726|0.0636,
unit_003250,Vienna,53,82,939.9,5,2.9886,5e-05,0.0,0.5,48.283309,16.416459,5|7|8|31|1,0.1280|0.0848|0.0846|0.0654|0.0558,
unit_003252,Vienna,9,9,160.5,5,2.8714,0.0,0.0,0.5,48.293594,16.416596,5|8|31|10|1,0.1259|0.0960|0.0869|0.0641|0.0549,
unit_003254,Vienna,9,9,158.3,7,2.8255,0.0,0.0,0.5,48.303045,16.420847,7|8|5|31|16,0.1216|0.0985|0.0843|0.0718|0.0556,
unit_003255,Vienna,8,15,179.4,9,3.0687,3e-05,0.03295,0.5082,48.249063,16.392423,9|5|26|12|18,0.1628|0.0934|0.0755|0.0732|0.0663,
unit_003256,Vienna,14,22,280.9,5,3.1021,5e-05,0.03504,0.5087,48.247773,16.393751,5|12|1|9|27,0.1227|0.0774|0.0739|0.0687|0.0607,
unit_003258,Vienna,3,3,51.9,7,3.0311,0.0,0.0,0.5,48.293116,16.335509,7|5|1|19|12,0.1339|0.0692|0.0690|0.0654|0.0608,
unit_003259,Vienna,14,14,252.5,7,2.9525,0.0,0.0,0.5,48.290885,16.335707,7|5|19|18|12,0.1283|0.0843|0.0819|0.0667|0.0662,
unit_003260,Vienna,7,7,154.8,24,2.4958,0.0,0.0,0.5,48.227835,16.452337,24|17|9|6|12,0.1686|0.1122|0.0887|0.0502|0.0300,
unit_003261,Vienna,4,4,77.4,7,3.0272,0.0,0.0,0.5,48.228936,16.453283,7|5|31|8|16,0.1114|0.1010|0.0830|0.0678|0.0543,
unit_003262,Vienna,7,7,150.7,24,2.4958,0.0,0.0,0.5,48.228055,16.451986,24|17|9|6|12,0.1686|0.1122|0.0887|0.0502|0.0300,
unit_003263,Vienna,8,8,175.8,9,3.0548,0.0,0.0,0.5,48.231063,16.453293,9|12|17|7|3,0.1193|0.0908|0.0852|0.0641|0.0587,
unit_003264,Vienna,18,24,378.2,9,3.1184,2e-05,0.0,0.5,48.237551,16.458405,9|5|12|18|3,0.1271|0.0895|0.0848|0.0650|0.0644,
unit_003265,Vienna,7,7,151.9,5,2.8476,0.0,0.0,0.5,48.045778,16.289531,5|30|19|26|15,0.0709|0.0477|0.0434|0.0425|0.0399,
unit_003266,Vienna,11,11,185.8,31,2.8877,0.0,0.0,0.5,48.226758,16.307922,31|12|5|11|7,0.1553|0.0628|0.0600|0.0411|0.0375,
unit_003267,Vienna,11,11,150.1,31,2.8442,0.0,0.0,0.5,48.224231,16.307488,31|5|12|8|10,0.1550|0.0671|0.0664|0.0641|0.0530,
unit_003268,Vienna,49,59,719.4,31,2.9893,6e-05,0.0,0.5,48.223894,16.306232,31|12|5|7|1,0.1083|0.0679|0.0654|0.0560|0.0515,
unit_003269,Vienna,12,12,150.1,31,2.8491,0.0,0.03692,0.5092,48.223969,16.312565,31|8|5|10|16,0.1655|0.0933|0.0607|0.0561|0.0482,
unit_003270,Vienna,10,10,168.6,5,2.872,0.0,0.0,0.5,48.221045,16.301512,5|8|31|7|16,0.1146|0.1085|0.0663|0.0598|0.0587,
unit_003272,Vienna,19,29,388.9,5,2.9735,1e-05,0.0,0.5,48.220842,16.304238,5|8|31|16|1,0.1329|0.0998|0.0889|0.0581|0.0511,
unit_003273,Vienna,11,22,209.8,5,2.9733,0.0,0.0,0.5,48.222711,16.477898,5|7|8|12|31,0.1116|0.0919|0.0819|0.0717|0.0674,
unit_003275,Vienna,8,8,178.7,5,2.9715,0.0,0.0,0.5,48.282576,16.398928,5|8|19|30|16,0.1302|0.0829|0.0787|0.0595|0.0577,
unit_003276,Vienna,16,27,333.8,5,3.0085,3e-05,0.0,0.5,48.29519,16.363659,5|19|7|30|18,0.1448|0.1105|0.0661|0.0613|0.0601,
unit_003277,Vienna,13,13,216.3,7,2.9857,0.0,0.0,0.5,48.297347,16.360515,7|5|18|15|31,0.1250|0.1004|0.0784|0.0640|0.0628,
unit_003278,Vienna,8,8,177.5,7,3.0404,0.0,0.0,0.5,48.238803,16.299959,7|19|27|5|1,0.1213|0.0724|0.0624|0.0554|0.0497,
unit_003279,Vienna,7,7,166.9,7,2.8944,0.0,0.0,0.5,48.236356,16.30378,7|5|8|10|31,0.1322|0.0874|0.0863|0.0645|0.0639,
unit_003280,Vienna,21,26,425.5,7,2.9705,2e-05,0.03625,0.5091,48.238069,16.304439,7|8|5|18|27,0.1573|0.0908|0.0804|0.0678|0.0542,
unit_003281,Vienna,14,18,221.2,7,2.977,2e-05,0.03625,0.5091,48.239215,16.305692,7|5|12|31|17,0.1322|0.0895|0.0783|0.0601|0.0575,
unit_003282,Vienna,20,20,520.6,7,2.9318,0.0,0.0,0.5,48.238255,16.313191,7|8|5|27|31,0.1291|0.1057|0.0657|0.0609|0.0563,
unit_003283,Vienna,7,7,163.6,7,2.9599,0.0,0.0,0.5,48.237096,16.315085,7|31|8|5|20,0.1071|0.1064|0.0833|0.0636|0.0517,
unit_003284,Vienna,6,6,125.4,7,2.9063,0.0,0.0,0.5,48.23557,16.315333,7|31|8|5|16,0.1081|0.1035|0.0799|0.0629|0.0411,
unit_003285,Vienna,7,7,163.8,7,2.9524,0.0,0.0,0.5,48.239696,16.308742,7|8|5|31|27,0.1471|0.1008|0.0735|0.0666|0.0518,
unit_003288,Vienna,8,8,176.7,7,3.0806,0.0,0.0,0.5,48.24753,16.312482,7|5|8|18|31,0.1151|0.0997|0.0954|0.0831|0.0812,
unit_003289,Vienna,3,3,61.6,5,2.9315,0.0,0.0,0.5,48.254103,16.312571,5|7|8|30|18,0.1177|0.1088|0.0884|0.0624|0.0570,
unit_003290,Vienna,10,10,179.9,7,3.0212,0.0,0.0,0.5,48.251949,16.336263,7|5|8|31|16,0.1228|0.0946|0.0752|0.0606|0.0486,
unit_003291,Vienna,12,12,184.1,8,2.8752,0.0,0.0,0.5,48.25176,16.332862,8|7|5|31|16,0.1200|0.1117|0.1026|0.0856|0.0494,
unit_003292,Vienna,10,10,181.7,7,2.9588,0.0,0.0,0.5,48.25288,16.327006,7|8|5|18|19,0.1633|0.0802|0.0694|0.0637|0.0583,
unit_003293,Vienna,8,8,175.1,19,2.7742,0.0,0.0,0.5,48.257138,16.319896,19|30|5|7|27,0.0853|0.0729|0.0507|0.0485|0.0467,
unit_003294,Vienna,8,8,184.0,7,3.0093,0.0,0.0,0.5,48.250836,16.326717,7|8|17|27|19,0.1569|0.0622|0.0563|0.0529|0.0523,
unit_003295,Vienna,8,8,176.6,8,2.9509,0.0,0.0,0.5,48.242715,16.353573,8|31|5|16|7,0.1075|0.1065|0.0690|0.0552|0.0455,
unit_003297,Vienna,10,10,180.4,31,2.908,0.0,0.0,0.5,48.240735,16.358907,31|8|7|4|27,0.1490|0.0688|0.0531|0.0410|0.0399,
unit_003298,Vienna,11,11,219.6,31,2.996,0.0,0.0,0.5,48.221742,16.359647,31|28|27|11|5,0.1405|0.0496|0.0454|0.0433|0.0408,
unit_003299,Vienna,9,9,150.9,31,2.777,0.0,0.0,0.5,48.219854,16.360075,31|27|8|5|22,0.1670|0.0355|0.0352|0.0342|0.0341,
unit_003300,Vienna,13,13,262.1,5,2.9583,0.0,0.0,0.5,48.125283,16.284489,5|12|7|2|19,0.1130|0.0853|0.0741|0.0669|0.0665,
unit_003301,Vienna,9,9,153.3,5,2.9719,0.0,0.0,0.5,48.269007,16.378387,5|7|30|8|31,0.1055|0.0816|0.0555|0.0554|0.0534,
unit_003302,Vienna,8,8,138.4,7,2.8482,0.0,0.0,0.5,48.269118,16.376994,7|5|12|18|31,0.1765|0.0737|0.0702|0.0644|0.0620,
unit_003303,Vienna,17,17,313.9,31,2.916,0.0,0.0,0.5,48.108752,16.278623,31|5|7|1|8,0.1098|0.0989|0.0773|0.0675|0.0519,
unit_003304,Vienna,22,23,349.7,7,2.946,1e-05,0.0,0.5,48.107684,16.276615,7|5|12|19|16,0.1621|0.0937|0.0811|0.0672|0.0528,
unit_003305,Vienna,21,21,383.8,5,3.0086,0.0,0.0,0.5,48.117147,16.270074,5|31|7|12|1,0.1199|0.0905|0.0808|0.0767|0.0724,
unit_003306,Vienna,21,21,405.3,5,2.9639,0.0,0.0975,0.5244,48.114325,16.272657,5|7|31|1|12,0.1167|0.0832|0.0777|0.0752|0.0712,
unit_003307,Vienna,16,26,325.6,7,3.0415,2e-05,0.05325,0.5133,48.118638,16.268526,7|31|5|8|18,0.1270|0.1092|0.0943|0.0627|0.0617,
unit_003308,Vienna,15,32,219.1,5,3.0236,1e-05,0.07242,0.5181,48.129622,16.260007,5|18|30|19|15,0.1371|0.0993|0.0882|0.0837|0.0765,
unit_003309,Vienna,13,15,247.3,5,2.9944,0.0,0.0763,0.5191,48.129343,16.261167,5|12|17|19|18,0.1052|0.0939|0.0770|0.0734|0.0731,
unit_003310,Vienna,10,10,178.9,7,2.964,0.0,0.0,0.5,48.133257,16.260202,7|5|31|8|16,0.1065|0.0931|0.0929|0.0778|0.0554,
unit_003311,Vienna,7,7,162.3,7,2.9816,0.0,0.0,0.5,48.135193,16.257581,7|12|5|31|18,0.1484|0.1049|0.0919|0.0740|0.0560,
unit_003312,Vienna,16,21,309.7,7,2.9799,1e-05,0.0,0.5,48.137522,16.254798,7|5|8|31|18,0.1088|0.1065|0.0921|0.0846|0.0664,
unit_003315,Vienna,8,8,139.7,31,2.8985,0.0,0.0,0.5,48.120265,16.265062,31|5|7|22|16,0.1505|0.0526|0.0487|0.0433|0.0381,
unit_003316,Vienna,8,9,180.0,7,2.9706,1e-05,0.05325,0.5133,48.119813,16.267216,7|31|5|18|16,0.0981|0.0898|0.0690|0.0582|0.0553,
unit_003317,Vienna,10,10,185.1,5,3.0594,0.0,0.0,0.5,48.188303,16.418794,5|3|1|18|7,0.1194|0.0767|0.0722|0.0700|0.0607,
unit_003318,Vienna,5,9,110.9,9,3.0718,1e-05,0.0,0.5,48.18926,16.411072,9|26|27|1|3,0.1675|0.0858|0.0726|0.0719|0.0621,
unit_003319,Vienna,8,8,175.7,5,2.987,0.0,0.0,0.5,48.181925,16.428832,5|12|31|19|1,0.1096|0.0981|0.0668|0.0663|0.0648,
unit_003321,Vienna,8,8,152.0,5,2.9941,0.0,0.0,0.5,48.310367,16.327523,5|7|18|27|30,0.1413|0.0692|0.0652|0.0631|0.0573,
unit_003322,Vienna,8,8,177.3,5,2.902,0.0,0.0,0.5,48.305958,16.334514,5|12|31|11|19,0.1255|0.0792|0.0748|0.0600|0.0600,
unit_003323,Vienna,11,11,200.2,5,3.1176,0.0,0.0,0.5,48.289996,16.341157,5|16|1|7|3,0.1044|0.0891|0.0853|0.0775|0.0679,
unit_003324,Vienna,12,12,209.8,5,2.999,0.0,0.14451,0.5361,48.274805,16.355763,5|7|31|12|1,0.1088|0.0989|0.0808|0.0552|0.0508,
unit_003325,Vienna,7,10,152.5,5,3.0286,1e-05,0.10222,0.5255,48.272459,16.358867,5|18|15|31|12,0.1173|0.0915|0.0765|0.0740|0.0737,
unit_003327,Vienna,3,3,50.8,5,2.999,0.0,0.0,0.5,48.274808,16.356364,5|7|31|12|1,0.1088|0.0989|0.0808|0.0552|0.0508,
unit_003328,Vienna,8,8,177.8,7,2.928,0.0,0.0,0.5,48.288361,16.330047,7|12|5|17|19,0.1559|0.0940|0.0825|0.0561|0.0548,
unit_003329,Vienna,22,23,417.0,7,2.9583,3e-05,0.0,0.5,48.290328,16.321924,7|5|12|8|31,0.1605|0.0796|0.0550|0.0518|0.0512,
unit_003331,Vienna,7,7,153.6,7,3.0008,0.0,0.05758,0.5144,48.291034,16.321288,7|5|8|18|19,0.1358|0.0772|0.0738|0.0646|0.0515,
unit_003332,Vienna,13,21,226.4,7,2.9672,5e-05,0.0,0.5,48.310056,16.3171,7|5|8|19|31,0.1498|0.0680|0.0655|0.0583|0.0569,
unit_003333,Vienna,17,17,306.5,5,2.9844,0.0,0.0,0.5,48.308316,16.315375,5|7|18|8|19,0.1217|0.1214|0.0746|0.0620|0.0611,
unit_003335,Vienna,10,10,141.6,7,2.9261,0.0,0.0,0.5,48.308048,16.312766,7|18|5|12|19,0.1476|0.0763|0.0726|0.0661|0.0655,
unit_003339,Vienna,7,7,160.0,31,2.9662,0.0,0.0,0.5,48.222985,16.358139,31|7|3|12|18,0.1378|0.0802|0.0562|0.0540|0.0463,
unit_003340,Vienna,13,13,234.7,31,2.9291,0.0,0.0,0.5,48.044273,16.275791,31|5|7|18|16,0.1073|0.0820|0.0733|0.0505|0.0498,
unit_003341,Vienna,10,10,185.6,31,2.9471,0.0,0.0,0.5,48.233111,16.388807,31|5|11|10|8,0.1286|0.0804|0.0778|0.0667|0.0649,
unit_003342,Vienna,16,18,247.5,31,2.9991,0.0,0.03977,0.5099,48.231545,16.388625,31|5|1|18|16,0.0990|0.0870|0.0659|0.0626|0.0546,
unit_003343,Vienna,17,17,278.7,31,2.9819,0.0,0.0,0.5,48.233466,16.386693,31|5|11|12|1,0.1224|0.0684|0.0623|0.0537|0.0522,
unit_003344,Vienna,12,12,227.9,5,2.9836,0.0,0.0,0.5,48.072436,16.228514,5|7|19|17|30,0.1116|0.0987|0.0763|0.0658|0.0647,
unit_003345,Vienna,8,8,175.5,17,2.9392,0.0,0.0,0.5,48.071088,16.218967,17|15|12|5|9,0.1135|0.0879|0.0863|0.0798|0.0701,
unit_003346,Vienna,8,8,176.9,31,3.0996,0.0,0.0,0.5,48.130969,16.256954,31|7|5|17|19,0.1150|0.0807|0.0648|0.0641|0.0592,
unit_003347,Vienna,16,16,279.7,5,2.9334,0.0,0.0,0.5,48.119873,16.209198,5|7|31|8|16,0.1172|0.0826|0.0805|0.0575|0.0537,
unit_003348,Vienna,8,8,175.2,5,2.892,0.0,0.0,0.5,48.126917,16.209116,5|19|30|18|16,0.1026|0.0944|0.0525|0.0483|0.0417,
unit_003349,Vienna,14,21,272.1,17,3.057,2e-05,0.0,0.5,48.124746,16.221175,17|8|5|27|30,0.0957|0.0842|0.0823|0.0742|0.0734,
unit_003350,Vienna,8,9,175.8,5,3.0239,1e-05,0.0,0.5,48.131295,16.250201,5|7|17|19|18,0.0934|0.0847|0.0792|0.0719|0.0689,
unit_003351,Vienna,8,8,175.8,5,2.9758,0.0,0.0,0.5,48.130992,16.240431,5|8|30|7|15,0.1111|0.0887|0.0730|0.0571|0.0564,
unit_003352,Vienna,8,8,175.8,17,2.9583,0.0,0.0,0.5,48.127893,16.230894,17|30|5|27|19,0.0978|0.0862|0.0822|0.0610|0.0603,
unit_003353,Vienna,10,10,179.9,7,2.9077,0.0,0.0,0.5,48.129343,16.255708,7|31|5|8|19,0.1559|0.0761|0.0744|0.0741|0.0529,
unit_003354,Vienna,9,9,163.2,31,3.052,0.0,0.0,0.5,48.315207,16.315326,31|5|7|3|27,0.1130|0.0614|0.0581|0.0464|0.0451,
unit_003355,Vienna,11,11,183.7,7,3.0294,0.0,0.0,0.5,48.309696,16.311687,7|5|18|16|8,0.1482|0.0924|0.0722|0.0631|0.0625,
unit_003356,Vienna,8,8,180.1,7,2.887,0.0,0.0,0.5,48.293787,16.318653,7|8|5|16|31,0.1347|0.0957|0.0714|0.0628|0.0486,
unit_003358,Vienna,7,7,150.3,5,3.1349,0.0,0.0,0.5,48.292208,16.319867,5|3|1|30|18,0.1145|0.0717|0.0716|0.0716|0.0694,
unit_003359,Vienna,5,5,104.2,7,2.9523,0.0,0.0,0.5,48.293259,16.321555,7|5|10|12|8,0.0880|0.0777|0.0698|0.0695|0.0617,
unit_003360,Vienna,8,8,179.8,7,2.7874,0.0,0.0,0.5,48.293875,16.311829,7|5|19|12|16,0.1099|0.0698|0.0651|0.0578|0.0468,
unit_003361,Vienna,8,8,177.7,7,2.7874,0.0,0.0,0.5,48.293831,16.311692,7|5|19|12|16,0.1099|0.0698|0.0651|0.0578|0.0468,
unit_003362,Vienna,10,10,182.8,7,2.8954,0.0,0.0,0.5,48.289445,16.308401,7|5|31|16|8,0.1376|0.0712|0.0695|0.0534|0.0479,
unit_003363,Vienna,14,14,257.0,7,2.6864,0.0,0.0,0.5,48.287856,16.317862,7|12|19|5|16,0.1714|0.0637|0.0567|0.0555|0.0474,
unit_003364,Vienna,11,11,214.1,7,2.8319,0.0,0.0,0.5,48.289514,16.319459,7|12|19|5|17,0.1232|0.0776|0.0759|0.0701|0.0457,
unit_003367,Vienna,7,7,157.6,7,2.9029,0.0,0.0,0.5,48.310064,16.308427,7|5|8|28|27,0.1681|0.0867|0.0692|0.0553|0.0521,
unit_003368,Vienna,15,15,249.7,7,2.8797,0.0,0.0,0.5,48.313707,16.305272,7|5|8|19|30,0.1179|0.0978|0.0816|0.0617|0.0612,
unit_003369,Vienna,8,8,179.7,5,2.9309,0.0,0.0,0.5,48.312612,16.301734,5|7|8|30|18,0.1079|0.1035|0.0806|0.0724|0.0716,
unit_003370,Vienna,20,20,300.6,7,2.9616,0.0,0.03324,0.5083,48.314763,16.293236,7|5|12|31|19,0.1319|0.0918|0.0832|0.0567|0.0513,
unit_003371,Vienna,8,10,177.6,5,2.9601,0.0,0.0,0.5,48.314953,16.299045,5|8|27|18|7,0.0972|0.0749|0.0710|0.0649|0.0632,
unit_003374,Vienna,8,8,175.5,7,2.9243,0.0,0.0,0.5,48.206812,16.466251,7|5|12|19|18,0.1007|0.0956|0.0608|0.0552|0.0475,
unit_003375,Vienna,13,13,258.1,5,2.8959,0.0,0.0,0.5,48.204553,16.46059,5|7|19|12|16,0.0979|0.0953|0.0880|0.0542|0.0383,
unit_003376,Vienna,9,9,164.5,5,2.8002,0.0,0.0,0.5,48.209133,16.454712,5|7|8|16|31,0.0916|0.0791|0.0753|0.0750|0.0427,
unit_003378,Vienna,7,7,156.0,7,3.0008,0.0,0.0,0.5,48.20812,16.453309,7|8|5|18|16,0.1215|0.0680|0.0619|0.0515|0.0511,
unit_003379,Vienna,11,11,198.5,31,2.9392,0.0,0.0,0.5,48.306321,16.310221,31|7|8|5|16,0.1009|0.0848|0.0616|0.0569|0.0552,
unit_003381,Vienna,24,26,462.0,5,3.0345,5e-05,0.0,0.5,48.306983,16.304653,5|7|8|18|31,0.1165|0.1054|0.0729|0.0710|0.0609,
unit_003383,Vienna,10,10,176.9,7,2.9193,0.0,0.0,0.5,48.309362,16.30273,7|5|18|15|12,0.1523|0.0911|0.0693|0.0676|0.0627,
unit_003384,Vienna,8,8,175.6,18,3.0546,0.0,0.0,0.5,48.308369,16.284138,18|5|7|11|31,0.1023|0.0966|0.0803|0.0633|0.0622,
unit_003385,Vienna,15,15,258.1,7,2.8943,0.0,0.0,0.5,48.303138,16.286806,7|5|8|19|18,0.1614|0.0942|0.0760|0.0659|0.0542,
unit_003386,Vienna,8,8,177.8,7,2.9778,0.0,0.0,0.5,48.304326,16.288658,7|5|16|8|18,0.0911|0.0759|0.0755|0.0574|0.0543,
unit_003388,Vienna,6,6,134.1,7,2.8152,0.0,0.0,0.5,48.302677,16.285049,7|5|8|16|31,0.1615|0.0905|0.0846|0.0713|0.0616,
unit_003389,Vienna,7,7,157.8,7,2.6374,0.0,0.0,0.5,48.308108,16.281396,7|5|8|16|31,0.1167|0.0903|0.0867|0.0652|0.0488,
unit_003390,Vienna,36,67,555.8,7,3.0705,0.0001,0.0,0.5,48.308977,16.275212,7|5|8|31|18,0.1173|0.0978|0.0696|0.0630|0.0614,
unit_003391,Vienna,8,8,180.1,7,2.881,0.0,0.0,0.5,48.306816,16.284748,7|5|8|18|16,0.1549|0.0948|0.0792|0.0727|0.0662,
unit_003393,Vienna,4,4,86.5,5,2.9175,0.0,0.0,0.5,48.309635,16.283283,5|16|8|7|31,0.1122|0.0875|0.0713|0.0582|0.0504,
unit_003395,Vienna,10,10,176.5,5,2.909,0.0,0.03523,0.5088,48.200233,16.475893,5|19|7|30|3,0.1048|0.0860|0.0796|0.0692|0.0531,
unit_003396,Vienna,10,10,179.7,5,2.8319,0.0,0.0,0.5,48.202484,16.482943,5|30|19|8|7,0.1035|0.0954|0.0903|0.0660|0.0606,
unit_003397,Vienna,11,11,181.2,7,2.8775,0.0,0.0,0.5,48.208176,16.488462,7|5|19|12|16,0.1071|0.1058|0.0878|0.0828|0.0457,
unit_003398,Vienna,8,8,178.1,5,2.7613,0.0,0.0,0.5,48.204216,16.491919,5|19|30|26|15,0.1156|0.0910|0.0731|0.0333|0.0323,
unit_003399,Vienna,8,8,175.7,5,2.6713,0.0,0.0,0.5,48.203915,16.508023,5|19|30|4|26,0.1014|0.0658|0.0540|0.0365|0.0364,
unit_003400,Vienna,8,8,175.7,5,2.7332,0.0,0.0,0.5,48.205392,16.497957,5|19|30|4|8,0.1129|0.0732|0.0604|0.0429|0.0405,
unit_003401,Vienna,16,16,248.1,7,2.9547,0.0,0.16029,0.54,48.213803,16.49222,7|5|16|19|12,0.1299|0.1037|0.0731|0.0584|0.0574,
unit_003402,Vienna,10,13,183.9,7,2.9223,1e-05,0.10323,0.5258,48.249167,16.493713,7|5|8|19|16,0.1344|0.1033|0.0780|0.0767|0.0436,
unit_003403,Vienna,15,15,205.6,5,2.9345,0.0,0.0,0.5,48.24228,16.492421,5|12|19|7|31,0.0991|0.0958|0.0763|0.0675|0.0503,
unit_003404,Vienna,10,10,181.6,7,2.9925,0.0,0.0,0.5,48.240061,16.494067,7|5|18|19|8,0.1194|0.1163|0.0603|0.0602|0.0592,
unit_003405,Vienna,11,11,205.4,7,2.7331,0.0,0.17092,0.5426,48.226186,16.488593,7|12|5|19|16,0.1708|0.0812|0.0782|0.0564|0.0457,
unit_003406,Vienna,8,8,184.1,5,2.8863,0.0,0.17092,0.5426,48.226865,16.48732,5|7|8|16|31,0.1186|0.1066|0.0854|0.0706|0.0578,
unit_003407,Vienna,9,9,154.9,12,2.8862,0.0,0.0,0.5,48.226518,16.484269,12|5|7|31|16,0.1098|0.1097|0.1021|0.0587|0.0493,
unit_003408,Vienna,25,25,393.5,5,3.0562,0.0,0.0,0.5,48.230306,16.486068,5|7|19|8|30,0.1106|0.0962|0.0638|0.0617|0.0596,
unit_003409,Vienna,12,12,251.3,7,2.9361,0.0,0.0,0.5,48.204705,16.457854,7|30|19|5|12,0.1136|0.0795|0.0764|0.0739|0.0660,
unit_003410,Vienna,12,12,202.8,5,2.9069,0.0,0.0,0.5,48.208731,16.458817,5|7|8|18|19,0.1054|0.1037|0.0775|0.0770|0.0658,
unit_003411,Vienna,8,8,182.1,7,2.9774,0.0,0.0,0.5,48.20609,16.460454,7|19|5|15|12,0.1346|0.0716|0.0687|0.0644|0.0622,
unit_003412,Vienna,14,28,262.9,7,2.8099,0.0,0.0,0.5,48.212578,16.450767,7|5|12|16|19,0.1472|0.0988|0.0885|0.0618|0.0540,
unit_003414,Vienna,6,6,127.2,9,3.0109,0.0,0.0,0.5,48.213694,16.447644,9|12|5|27|1,0.1309|0.0919|0.0914|0.0580|0.0550,
unit_003415,Vienna,11,11,203.5,7,2.8503,0.0,0.0,0.5,48.212712,16.454266,7|12|5|19|16,0.1446|0.0933|0.0769|0.0735|0.0544,
unit_003416,Vienna,6,6,133.6,7,2.9002,0.0,0.0,0.5,48.209196,16.451981,7|5|16|19|8,0.1504|0.0811|0.0711|0.0678|0.0669,
unit_003417,Vienna,12,12,200.0,7,2.861,0.0,0.0,0.5,48.214369,16.494621,7|5|8|16|18,0.1131|0.1019|0.0954|0.0590|0.0585,
unit_003418,Vienna,12,12,241.7,7,2.9011,0.0,0.0,0.5,48.21249,16.495711,7|12|19|5|31,0.1192|0.1081|0.0869|0.0861|0.0476,
unit_003419,Vienna,8,8,177.5,7,2.905,0.0,0.0,0.5,48.219097,16.432351,7|5|19|12|16,0.1266|0.1033|0.0835|0.0729|0.0563,
unit_003420,Vienna,8,8,177.5,9,3.0641,0.0,0.0,0.5,48.218406,16.430414,9|17|18|5|20,0.0999|0.0925|0.0742|0.0720|0.0688,
unit_003421,Vienna,21,35,326.5,24,2.8653,1e-05,0.11247,0.5281,48.221139,16.426531,24|17|9|6|5,0.1432|0.1247|0.1013|0.0857|0.0565,
unit_003422,Vienna,5,5,102.4,9,3.0631,0.0,0.18946,0.5472,48.220662,16.427382,9|26|6|17|5,0.1472|0.0859|0.0848|0.0806|0.0685,
unit_003423,Vienna,23,26,422.4,31,2.9264,6e-05,0.0,0.5,48.223227,16.42571,31|5|8|10|12,0.1180|0.0943|0.0798|0.0617|0.0613,
unit_003424,Vienna,13,13,242.8,31,2.9253,0.0,0.0,0.5,48.226667,16.420873,31|5|8|18|1,0.1686|0.0632|0.0574|0.0531|0.0471,
unit_003425,Vienna,13,14,256.7,24,2.7644,1e-05,0.0,0.5,48.225358,16.421058,24|17|9|6|5,0.1644|0.1239|0.0851|0.0563|0.0444,
unit_003426,Vienna,11,11,179.3,31,2.8478,0.0,0.03473,0.5087,48.22554,16.422581,31|5|8|10|12,0.1340|0.0893|0.0785|0.0754|0.0548,
unit_003427,Vienna,13,13,184.5,31,2.7566,0.0,0.0,0.5,48.242995,16.335372,31|12|16|8|5,0.1823|0.0705|0.0305|0.0297|0.0295,
unit_003428,Vienna,9,9,157.0,31,2.9453,0.0,0.0,0.5,48.203726,16.391822,31|18|12|5|10,0.1711|0.0595|0.0478|0.0477|0.0443,
unit_003429,Vienna,8,8,175.5,19,2.817,0.0,0.0,0.5,48.078752,16.227702,19|15|17|30|5,0.0991|0.0977|0.0922|0.0859|0.0796,
unit_003430,Vienna,17,17,318.9,7,2.9471,0.0,0.0,0.5,48.080661,16.234143,7|5|16|31|15,0.1440|0.0869|0.0536|0.0523|0.0481,
unit_003431,Vienna,10,10,181.2,15,2.9735,0.0,0.0,0.5,48.076106,16.233412,15|17|12|7|5,0.0952|0.0914|0.0836|0.0835|0.0822,
unit_003433,Vienna,8,8,175.1,7,2.8756,0.0,0.0,0.5,48.127053,16.254275,7|12|5|16|31,0.1426|0.0948|0.0793|0.0575|0.0481,
unit_003434,Vienna,12,12,198.9,5,2.9515,0.0,0.0,0.5,48.186571,16.389665,5|19|7|31|20,0.0789|0.0697|0.0577|0.0555|0.0551,
unit_003435,Vienna,11,11,184.5,31,2.8568,0.0,0.0679,0.517,48.176296,16.409933,31|8|5|10|18,0.1899|0.0506|0.0459|0.0393|0.0367,
unit_003436,Vienna,45,65,874.6,31,2.9915,7e-05,0.13611,0.534,48.174592,16.406737,31|1|30|28|5,0.1040|0.0984|0.0709|0.0607|0.0579,
unit_003437,Vienna,7,8,162.9,31,3.0227,0.0,0.12835,0.532,48.175532,16.408469,31|8|7|16|5,0.1483|0.0646|0.0634|0.0521|0.0501,
unit_003438,Vienna,39,39,648.0,31,3.0613,0.0,0.0,0.5,48.174672,16.411112,31|1|11|5|18,0.0934|0.0899|0.0832|0.0677|0.0668,
unit_003439,Vienna,13,13,198.5,31,2.9883,0.0,0.0,0.5,48.171681,16.414774,31|8|11|10|5,0.0699|0.0674|0.0589|0.0577|0.0550,
unit_003440,Vienna,11,11,197.8,31,2.9708,0.0,0.0,0.5,48.173849,16.412334,31|5|18|8|10,0.1173|0.0877|0.0746|0.0746|0.0647,
unit_003441,Vienna,13,13,187.0,31,2.9666,0.0,0.0,0.5,48.171891,16.411007,31|5|11|12|7,0.1218|0.0862|0.0688|0.0584|0.0573,
unit_003442,Vienna,31,31,425.0,1,3.0249,0.0,0.05011,0.5125,48.169844,16.410022,1|5|31|12|18,0.1085|0.1041|0.0907|0.0665|0.0550,
unit_003443,Vienna,29,32,507.7,31,2.9778,5e-05,0.0,0.5,48.169987,16.414343,31|5|8|10|11,0.1040|0.0922|0.0915|0.0696|0.0622,
unit_003445,Vienna,24,24,457.9,17,3.0765,0.0,0.0,0.5,48.168347,16.417223,17|24|19|5|31,0.1108|0.0691|0.0641|0.0611|0.0602,
unit_003446,Vienna,9,9,160.5,31,2.8922,0.0,0.09634,0.5241,48.193472,16.400419,31|8|18|5|22,0.1915|0.0485|0.0482|0.0450|0.0424,
unit_003447,Vienna,34,39,669.2,5,2.9893,7e-05,0.0791,0.5197,48.047331,16.306109,5|1|8|7|3,0.1180|0.0816|0.0654|0.0554|0.0544,
unit_003449,Vienna,11,11,207.5,12,2.8692,0.0,0.0,0.5,48.188366,16.541066,12|5|7|18|19,0.1038|0.0975|0.0928|0.0567|0.0513,
unit_003450,Vienna,10,10,187.1,5,2.9066,0.0,0.0,0.5,48.203496,16.405527,5|31|8|11|2,0.0971|0.0816|0.0687|0.0569|0.0520,
unit_003453,Vienna,5,5,103.6,31,2.8289,0.0,0.0,0.5,48.220544,16.401644,31|8|5|27|11,0.1503|0.0747|0.0597|0.0411|0.0409,
unit_003454,Vienna,7,7,160.1,31,2.8689,0.0,0.0,0.5,48.219515,16.402332,31|8|5|10|16,0.1339|0.1012|0.0787|0.0617|0.0513,
unit_003455,Vienna,6,6,127.9,5,2.7842,0.0,0.0,0.5,48.287878,16.324927,5|19|30|18|15,0.1014|0.0983|0.0981|0.0786|0.0767,
unit_003456,Vienna,7,7,162.1,7,2.8658,0.0,0.0,0.5,48.288488,16.32779,7|5|8|19|16,0.1138|0.0869|0.0751|0.0666|0.0628,
unit_003458,Vienna,14,14,288.7,7,2.8976,0.0,0.0,0.5,48.286594,16.30935,7|5|19|30|8,0.1084|0.0883|0.0781|0.0626|0.0560,
unit_003459,Vienna,8,8,175.2,7,2.8901,0.0,0.0,0.5,48.289363,16.311586,7|5|8|16|15,0.0875|0.0792|0.0751|0.0539|0.0481,
unit_003460,Vienna,8,8,176.9,19,2.895,0.0,0.0,0.5,48.295462,16.299938,19|7|12|5|16,0.1018|0.0949|0.0817|0.0750|0.0699,
unit_003461,Vienna,8,8,177.1,7,2.8901,0.0,0.0,0.5,48.29443,16.294554,7|5|8|19|18,0.1291|0.0944|0.0709|0.0674|0.0636,
unit_003462,Vienna,4,5,76.0,7,3.0433,1e-05,0.03961,0.5099,48.293113,16.336388,7|1|5|19|12,0.1356|0.0712|0.0706|0.0676|0.0634,
unit_003466,Vienna,5,5,106.9,7,2.855,0.0,0.0,0.5,48.284978,16.337561,7|19|30|16|12,0.0942|0.0760|0.0682|0.0667|0.0564,
unit_003469,Vienna,18,18,339.8,31,2.9883,0.0,0.0,0.5,48.218898,16.310923,31|5|1|12|8,0.1126|0.0845|0.0794|0.0619|0.0587,
unit_003471,Vienna,8,9,107.1,31,2.9224,0.0,0.03164,0.5079,48.17564,16.334301,31|12|5|10|18,0.1573|0.1014|0.0665|0.0573|0.0489,
unit_003473,Vienna,8,8,175.9,5,3.0648,0.0,0.06255,0.5156,48.173615,16.327607,5|1|31|27|7,0.1159|0.0952|0.0766|0.0637|0.0626,
unit_003474,Vienna,6,6,132.1,7,2.9957,0.0,0.0,0.5,48.297437,16.558073,7|5|31|18|16,0.1045|0.0974|0.0686|0.0655|0.0591,
unit_003475,Vienna,8,8,176.0,5,3.0879,0.0,0.0,0.5,48.243066,16.414498,5|1|11|18|27,0.1094|0.0999|0.0855|0.0727|0.0599,
unit_003476,Vienna,8,8,176.0,5,3.0871,0.0,0.0,0.5,48.238405,16.423264,5|7|11|18|1,0.1082|0.0964|0.0802|0.0797|0.0652,
unit_003479,Vienna,10,15,230.4,5,3.0308,6e-05,0.0,0.5,48.118372,16.298375,5|26|18|27|19,0.1338|0.0893|0.0813|0.0761|0.0713,
unit_003480,Vienna,8,8,175.2,5,2.9528,0.0,0.0,0.5,48.202315,16.408321,5|19|30|15|27,0.1048|0.0694|0.0664|0.0599|0.0566,
unit_003481,Vienna,3,3,50.4,5,2.9769,0.0,0.0,0.5,48.188488,16.551043,5|19|18|30|12,0.1311|0.1054|0.0648|0.0642|0.0533,
unit_003482,Vienna,13,14,262.1,5,3.0396,0.0,0.07033,0.5176,48.172084,16.318401,5|8|7|18|31,0.1148|0.0924|0.0897|0.0738|0.0724,
unit_003483,Vienna,11,16,186.2,5,3.0178,1e-05,0.08614,0.5215,48.172915,16.319406,5|8|31|7|16,0.1102|0.0889|0.0859|0.0821|0.0524,
unit_003484,Vienna,8,8,180.3,5,3.0404,0.0,0.0,0.5,48.172847,16.323796,5|8|18|31|1,0.0945|0.0679|0.0661|0.0648|0.0640,
unit_003485,Vienna,12,12,242.0,8,3.0916,0.0,0.17118,0.5427,48.17148,16.313524,8|27|26|1|6,0.0952|0.0920|0.0665|0.0664|0.0632,
unit_003487,Vienna,13,13,195.1,31,3.0345,0.0,0.0,0.5,48.23788,16.381337,31|5|10|8|11,0.1051|0.0892|0.0790|0.0785|0.0687,
unit_003488,Vienna,7,7,155.0,7,2.9872,0.0,0.0,0.5,48.143629,16.254807,7|5|8|18|19,0.1046|0.0930|0.0639|0.0613|0.0521,
unit_003489,Vienna,13,13,184.4,7,2.8782,0.0,0.0,0.5,48.144728,16.259598,7|5|8|18|31,0.1406|0.0915|0.0835|0.0798|0.0611,
unit_003490,Vienna,10,10,125.0,7,2.8403,0.0,0.0,0.5,48.14336,16.258617,7|12|5|31|16,0.1197|0.0941|0.0692|0.0608|0.0504,
unit_003491,Vienna,8,8,182.3,8,2.9788,0.0,0.0,0.5,48.143887,16.264188,8|7|5|31|16,0.1075|0.1025|0.1019|0.0817|0.0528,
unit_003492,Vienna,7,7,161.5,5,2.9451,0.0,0.0,0.5,48.143196,16.256821,5|7|8|18|16,0.1151|0.0966|0.0754|0.0491|0.0466,
unit_003493,Vienna,11,11,212.2,5,2.9764,0.0,0.0,0.5,48.139601,16.257693,5|7|8|16|19,0.1198|0.1039|0.0585|0.0506|0.0504,
unit_003494,Vienna,8,8,177.2,7,2.944,0.0,0.0,0.5,48.138227,16.247716,7|19|5|8|16,0.0902|0.0750|0.0745|0.0581|0.0570,
unit_003495,Vienna,14,14,205.0,7,2.8352,0.0,0.0,0.5,48.147189,16.257574,7|12|5|31|19,0.1729|0.1003|0.0685|0.0489|0.0463,
unit_003496,Vienna,11,12,189.3,12,2.7914,0.0,0.09884,0.5247,48.16819,16.419752,12|31|5|7|8,0.1265|0.1020|0.0875|0.0590|0.0514,
unit_003497,Vienna,56,83,973.4,5,3.0402,4e-05,0.0,0.5,48.16356,16.417631,5|31|7|1|12,0.1262|0.0789|0.0748|0.0715|0.0679,
unit_003498,Vienna,13,13,231.8,7,2.9294,0.0,0.0,0.5,48.163418,16.415212,7|5|8|31|18,0.1205|0.1102|0.0741|0.0601|0.0566,
unit_003499,Vienna,7,7,163.0,7,3.0048,0.0,0.0,0.5,48.17022,16.436336,7|12|19|5|16,0.1567|0.0849|0.0741|0.0668|0.0546,
unit_003500,Vienna,8,8,175.8,5,2.9609,0.0,0.0,0.5,48.169225,16.438564,5|7|16|8|18,0.0743|0.0709|0.0623|0.0537|0.0485,
unit_003502,Vienna,23,23,376.8,5,2.927,0.0,0.0,0.5,48.169273,16.423564,5|31|1|8|3,0.1074|0.0958|0.0776|0.0748|0.0516,
unit_003505,Vienna,9,16,203.1,5,2.8648,2e-05,0.0,0.5,48.166882,16.261614,5|8|7|31|16,0.1222|0.1010|0.0864|0.0712|0.0555,
unit_003506,Vienna,14,14,280.1,7,2.8978,0.0,0.0,0.5,48.166843,16.258992,7|5|8|16|31,0.1474|0.0949|0.0881|0.0634|0.0522,
unit_003507,Vienna,8,8,181.2,7,2.8373,0.0,0.0,0.5,48.164854,16.26117,7|8|5|18|30,0.1477|0.0975|0.0915|0.0547|0.0509,
unit_003509,Vienna,7,7,156.9,7,2.8471,0.0,0.0,0.5,48.164024,16.257716,7|8|5|31|16,0.1515|0.0905|0.0894|0.0534|0.0426,
unit_003512,Vienna,8,8,175.8,7,2.8911,0.0,0.0,0.5,48.203209,16.469897,7|5|16|8|19,0.1535|0.0840|0.0689|0.0575|0.0487,
unit_003513,Vienna,9,9,152.9,7,2.8464,0.0,0.0,0.5,48.204527,16.467134,7|5|16|8|10,0.1483|0.0805|0.0744|0.0588|0.0459,
unit_003515,Vienna,10,10,181.2,7,2.9001,0.0,0.0,0.5,48.201067,16.46992,7|19|5|8|18,0.1622|0.0756|0.0678|0.0564|0.0529,
unit_003516,Vienna,9,9,153.8,7,2.7864,0.0,0.0,0.5,48.200977,16.469005,7|19|5|16|12,0.1440|0.0704|0.0688|0.0507|0.0402,
unit_003517,Vienna,18,18,358.1,5,2.9434,0.0,0.0,0.5,48.205438,16.452828,5|19|30|15|7,0.1031|0.0929|0.0785|0.0649|0.0624,
unit_003518,Vienna,12,12,161.7,7,2.7105,0.0,0.0,0.5,48.206587,16.4548,7|5|8|16|31,0.1454|0.0917|0.0701|0.0634|0.0400,
unit_003519,Vienna,8,8,177.4,7,2.979,0.0,0.0,0.5,48.196513,16.471261,7|5|19|30|12,0.1128|0.0827|0.0794|0.0686|0.0575,
unit_003520,Vienna,32,47,658.6,5,3.0082,6e-05,0.16466,0.5411,48.261916,16.464184,5|1|31|18|7,0.1212|0.1097|0.0794|0.0574|0.0480,
unit_003521,Vienna,8,8,183.5,5,2.9431,0.0,0.0,0.5,48.263122,16.464039,5|1|16|8|7,0.1123|0.0893|0.0731|0.0689|0.0679,
unit_003522,Vienna,19,36,338.9,5,2.8682,1e-05,0.0,0.5,48.268119,16.465705,5|1|3|19|16,0.1244|0.0947|0.0665|0.0643|0.0615,
unit_003523,Vienna,8,8,178.7,5,3.0175,0.0,0.0,0.5,48.266724,16.462252,5|1|16|12|3,0.1209|0.0702|0.0689|0.0563|0.0535,
unit_003524,Vienna,13,17,153.9,7,2.8282,3e-05,0.09867,0.5246,48.255389,16.498449,7|5|8|19|16,0.1540|0.0950|0.0921|0.0636|0.0517,
unit_003526,Vienna,13,13,236.2,7,2.9067,0.0,0.0,0.5,48.259178,16.492234,7|5|12|8|16,0.1574|0.0955|0.0847|0.0620|0.0548,
unit_003527,Vienna,7,7,153.8,5,3.0141,0.0,0.09867,0.5246,48.25584,16.496954,5|1|12|8|7,0.1214|0.0723|0.0665|0.0651|0.0637,
unit_003528,Vienna,16,16,297.5,5,2.9643,0.0,0.0,0.5,48.235426,16.468163,5|31|16|7|12,0.0993|0.0718|0.0646|0.0600|0.0598,
unit_003529,Vienna,12,12,255.8,7,2.7876,0.0,0.0,0.5,48.234329,16.483319,7|8|5|19|31,0.1683|0.0861|0.0775|0.0498|0.0405,
unit_003530,Vienna,11,11,216.1,7,2.6844,0.0,0.0,0.5,48.235363,16.482227,7|5|12|19|8,0.1667|0.0701|0.0677|0.0577|0.0395,
unit_003531,Vienna,12,12,144.8,5,2.7254,0.0,0.0,0.5,48.234015,16.479626,5|7|8|16|31,0.1075|0.1010|0.0888|0.0676|0.0561,
unit_003532,Vienna,22,22,411.1,7,2.9296,0.0,0.0,0.5,48.238631,16.48453,7|5|12|31|1,0.1117|0.0851|0.0725|0.0716|0.0651,
unit_003533,Vienna,8,8,178.8,5,2.9335,0.0,0.0,0.5,48.235639,16.484859,5|12|31|7|18,0.1201|0.1117|0.0874|0.0791|0.0626,
unit_003534,Vienna,10,10,153.4,7,2.8766,0.0,0.0,0.5,48.238568,16.48709,7|8|5|31|16,0.1575|0.1005|0.0878|0.0685|0.0469,
unit_003536,Vienna,7,7,153.3,5,3.0016,0.0,0.0,0.5,48.079928,16.543217,5|19|30|27|8,0.0938|0.0894|0.0627|0.0506|0.0471,
unit_003537,Vienna,9,9,167.0,5,2.9359,0.0,0.0,0.5,48.082834,16.532672,5|7|8|18|16,0.1041|0.0844|0.0812|0.0757|0.0739,
unit_003538,Vienna,12,12,207.8,7,2.847,0.0,0.19034,0.5474,48.056626,16.546895,7|5|8|16|19,0.1610|0.0856|0.0567|0.0499|0.0444,
unit_003539,Vienna,36,38,738.3,5,3.0222,4e-05,0.19034,0.5474,48.05783,16.546506,5|7|18|1|12,0.1190|0.0753|0.0618|0.0520|0.0515,
unit_003540,Vienna,6,6,128.7,7,2.8983,0.0,0.0,0.5,48.058973,16.55533,7|5|16|19|18,0.1391|0.0932|0.0617|0.0617|0.0509,
unit_003541,Vienna,9,9,160.9,7,2.9259,0.0,0.0,0.5,48.058559,16.551813,7|5|31|16|18,0.0823|0.0799|0.0761|0.0673|0.0546,
unit_003542,Vienna,8,8,175.7,5,2.791,0.0,0.0,0.5,48.052311,16.532517,5|19|30|4|26,0.1223|0.0734|0.0585|0.0574|0.0496,
unit_003543,Vienna,8,8,175.7,5,2.8719,0.0,0.0,0.5,48.055153,16.541994,5|19|30|18|4,0.1231|0.0672|0.0620|0.0527|0.0519,
unit_003544,Vienna,12,12,191.6,5,2.8588,0.0,0.0,0.5,48.084007,16.528208,5|7|31|16|8,0.1091|0.0947|0.0829|0.0624|0.0536,
unit_003545,Vienna,3,5,58.0,5,2.9107,0.0,0.0,0.5,48.084852,16.525432,5|12|7|1|3,0.1157|0.0925|0.0804|0.0552|0.0545,
unit_003546,Vienna,51,89,828.6,5,2.965,3e-05,0.0,0.5,48.08453,16.524745,5|7|12|1|16,0.1240|0.0942|0.0743|0.0663|0.0583,
unit_003547,Vienna,8,8,176.0,5,2.7129,0.0,0.0,0.5,48.088468,16.523899,5|19|30|12|9,0.1130|0.0759|0.0629|0.0571|0.0485,
unit_003548,Vienna,8,8,176.0,5,2.5887,0.0,0.0,0.5,48.097595,16.52628,5|19|12|30|9,0.1055|0.0689|0.0624|0.0585|0.0532,
unit_003549,Vienna,8,8,175.1,5,2.9011,0.0,0.0,0.5,48.12806,16.502569,5|19|30|18|15,0.1265|0.1038|0.0669|0.0664|0.0589,
unit_003550,Vienna,8,8,175.1,5,2.7751,0.0,0.0,0.5,48.121772,16.510526,5|19|4|30|9,0.1346|0.0865|0.0570|0.0549|0.0525,
unit_003551,Vienna,8,8,175.1,5,2.7409,0.0,0.0,0.5,48.115629,16.518311,5|19|30|4|9,0.1356|0.0820|0.0639|0.0613|0.0473,
unit_003552,Vienna,8,8,175.1,5,2.7615,0.0,0.0,0.5,48.109483,16.526093,5|19|4|30|9,0.1248|0.0759|0.0643|0.0620|0.0535,
unit_003553,Vienna,13,13,186.9,7,2.9866,0.0,0.0,0.5,48.08242,16.445197,7|5|12|19|28,0.1003|0.0817|0.0765|0.0610|0.0572,
unit_003555,Vienna,14,14,283.0,5,3.0232,0.0,0.0,0.5,48.083237,16.44766,5|16|3|1|18,0.1212|0.0837|0.0681|0.0640|0.0574,
unit_003556,Vienna,16,16,312.1,5,2.9031,0.0,0.0,0.5,48.083294,16.450668,5|19|26|18|30,0.1278|0.1031|0.0625|0.0623|0.0547,
unit_003559,Vienna,9,9,163.8,7,2.9163,0.0,0.0,0.5,48.081715,16.534718,7|5|8|19|16,0.1150|0.1114|0.0695|0.0689|0.0507,
unit_003560,Vienna,7,7,109.0,7,2.7527,0.0,0.0,0.5,48.080606,16.528086,7|5|8|16|31,0.1434|0.0897|0.0675|0.0659|0.0506,
unit_003561,Vienna,18,18,351.9,5,2.8181,0.0,0.0,0.5,48.081963,16.526124,5|31|7|16|12,0.1045|0.0764|0.0748|0.0704|0.0561,
unit_003562,Vienna,8,8,133.7,7,2.8408,0.0,0.0,0.5,48.079211,16.523664,7|5|16|19|12,0.1374|0.1177|0.0725|0.0671|0.0575,
unit_003563,Vienna,10,10,184.5,5,2.9359,0.0,0.0,0.5,48.083267,16.532379,5|7|8|18|16,0.1041|0.0844|0.0812|0.0757|0.0739,
unit_003564,Vienna,12,12,215.3,5,3.0109,0.0,0.0,0.5,48.087298,16.434766,5|7|18|12|16,0.1118|0.0950|0.0851|0.0732|0.0649,
unit_003565,Vienna,19,19,344.9,7,2.8104,0.0,0.0,0.5,48.084886,16.43252,7|5|16|8|31,0.1627|0.1079|0.0637|0.0632|0.0493,
unit_003566,Vienna,10,10,149.9,7,2.9258,0.0,0.0,0.5,48.0842,16.43698,7|5|31|12|8,0.1486|0.0980|0.0927|0.0737|0.0635,
unit_003567,Vienna,14,14,227.7,7,2.9183,0.0,0.0,0.5,48.082864,16.433346,7|8|5|16|31,0.1638|0.0951|0.0928|0.0505|0.0404,
unit_003568,Vienna,9,9,156.4,5,2.9503,0.0,0.0,0.5,48.081301,16.434274,5|31|8|7|16,0.1256|0.0751|0.0662|0.0647|0.0500,
unit_003570,Vienna,8,8,177.2,7,2.7578,0.0,0.0,0.5,48.08659,16.432804,7|5|12|16|8,0.1813|0.0913|0.0630|0.0586|0.0518,
unit_003571,Vienna,13,13,240.0,7,2.9645,0.0,0.0,0.5,48.080413,16.441928,7|5|18|31|8,0.1459|0.1053|0.0786|0.0664|0.0628,
unit_003572,Vienna,12,12,230.6,7,2.9224,0.0,0.0,0.5,48.086612,16.441561,7|5|16|19|31,0.1160|0.1054|0.0749|0.0673|0.0660,
unit_003573,Vienna,8,8,180.1,19,2.9384,0.0,0.0,0.5,48.090144,16.441342,19|5|12|30|3,0.1202|0.0925|0.0736|0.0695|0.0550,
unit_003574,Vienna,11,11,186.5,7,2.8503,0.0,0.0,0.5,48.078878,16.438527,7|5|16|8|31,0.1392|0.1033|0.0714|0.0585|0.0430,
unit_003575,Vienna,10,10,185.0,7,2.86,0.0,0.0,0.5,48.07822,16.43597,7|5|16|8|31,0.1461|0.0905|0.0819|0.0684|0.0454,
unit_003576,Vienna,10,10,181.8,7,2.8545,0.0,0.0,0.5,48.077761,16.437609,7|12|5|18|19,0.1259|0.0869|0.0848|0.0615|0.0588,
unit_003577,Vienna,7,7,151.0,19,2.979,0.0,0.0,0.5,48.077648,16.432913,19|5|12|7|30,0.1087|0.1031|0.0673|0.0644|0.0618,
unit_003578,Vienna,8,8,177.3,5,2.9569,0.0,0.0,0.5,48.077283,16.440828,5|7|8|16|18,0.1154|0.1088|0.0697|0.0676|0.0620,
unit_003580,Vienna,12,12,238.6,5,3.0083,0.0,0.0,0.5,48.078085,16.443661,5|31|11|18|16,0.1016|0.0751|0.0714|0.0711|0.0610,
unit_003581,Vienna,6,6,96.1,7,2.8836,0.0,0.0,0.5,48.079309,16.445494,7|5|12|16|8,0.1773|0.0746|0.0644|0.0643|0.0588,
unit_003582,Vienna,11,11,227.0,5,3.0112,0.0,0.0,0.5,48.086355,16.431023,5|7|19|12|18,0.1180|0.0921|0.0706|0.0680|0.0648,
unit_003586,Vienna,8,9,179.5,7,2.8345,0.0,0.0,0.5,48.084341,16.42846,7|5|8|16|31,0.1502|0.0959|0.0855|0.0685|0.0583,
unit_003587,Vienna,8,8,188.4,7,2.9226,0.0,0.0,0.5,48.086908,16.429694,7|16|5|8|18,0.1303|0.0871|0.0848|0.0636|0.0610,
unit_003588,Vienna,11,11,129.1,7,2.8874,0.0,0.0,0.5,48.310563,16.357395,7|31|5|8|16,0.1300|0.0871|0.0756|0.0598|0.0536,
unit_003589,Vienna,18,18,231.7,31,2.9409,0.0,0.0,0.5,48.307625,16.360647,31|5|8|18|7,0.1114|0.1110|0.0828|0.0698|0.0602,
unit_003590,Vienna,9,9,155.9,5,2.7901,0.0,0.0,0.5,48.302605,16.3627,5|31|8|16|7,0.1192|0.0813|0.0706|0.0651|0.0651,
unit_003592,Vienna,9,9,169.1,5,2.8731,0.0,0.0,0.5,48.304318,16.361414,5|8|31|7|11,0.1117|0.0812|0.0798|0.0566|0.0542,
unit_003593,Vienna,9,9,155.9,5,2.9812,0.0,0.0,0.5,48.304566,16.367583,5|7|8|18|31,0.1340|0.1119|0.0904|0.0759|0.0730,
unit_003594,Vienna,12,12,195.8,5,2.9872,0.0,0.10814,0.527,48.303863,16.369327,5|7|8|18|31,0.1301|0.1168|0.0811|0.0715|0.0712,
unit_003595,Vienna,12,24,254.9,5,2.9924,0.0,0.0,0.5,48.300846,16.370649,5|31|16|1|18,0.1369|0.0813|0.0736|0.0705|0.0697,
unit_003596,Vienna,18,18,306.7,5,2.8243,0.0,0.0,0.5,48.297548,16.370068,5|7|18|19|15,0.1017|0.0921|0.0514|0.0508|0.0491,
unit_003597,Vienna,12,12,237.4,7,2.9928,0.0,0.10814,0.527,48.304964,16.369088,7|5|30|19|17,0.0900|0.0808|0.0615|0.0607|0.0607,
unit_003598,Vienna,10,10,183.9,7,2.9436,0.0,0.0,0.5,48.308283,16.364045,7|5|19|12|16,0.1442|0.0917|0.0737|0.0615|0.0533,
unit_003599,Vienna,13,19,264.3,7,2.806,1e-05,0.0,0.5,48.302849,16.377571,7|5|8|16|31,0.1522|0.0983|0.0830|0.0669|0.0525,
unit_003600,Vienna,8,8,178.3,15,2.7318,0.0,0.0,0.5,48.30387,16.380868,15|19|30|17|12,0.0951|0.0924|0.0889|0.0590|0.0583,
unit_003601,Vienna,25,25,526.5,5,2.9852,0.0,0.15802,0.5394,48.302852,16.371926,5|7|8|18|16,0.1435|0.0973|0.0710|0.0686|0.0619,
unit_003602,Vienna,13,13,225.4,31,2.8228,0.0,0.0,0.5,48.311547,16.355413,31|5|7|1|12,0.1277|0.0910|0.0601|0.0455|0.0451,
unit_003603,Vienna,5,5,68.6,31,3.016,0.0,0.0,0.5,48.30911,16.357713,31|10|16|7|5,0.0915|0.0742|0.0698|0.0660|0.0626,
unit_003604,Vienna,17,17,330.3,7,2.9649,0.0,0.0,0.5,48.30697,16.353227,7|3|19|5|16,0.0867|0.0660|0.0602|0.0563|0.0529,
unit_003605,Vienna,8,8,179.1,7,2.9266,0.0,0.0,0.5,48.311067,16.345719,7|12|5|19|16,0.1195|0.0942|0.0838|0.0696|0.0526,
unit_003606,Vienna,8,8,178.3,5,2.8483,0.0,0.0,0.5,48.289376,16.373176,5|19|30|15|18,0.1305|0.1037|0.0845|0.0440|0.0428,
unit_003607,Vienna,17,17,310.2,7,2.8181,0.0,0.17188,0.5429,48.293831,16.372725,7|5|19|18|12,0.0991|0.0966|0.0770|0.0701|0.0654,
unit_003608,Vienna,11,11,181.4,7,2.7668,0.0,0.17188,0.5429,48.293267,16.374164,7|5|8|31|12,0.1783|0.0808|0.0738|0.0530|0.0527,
unit_003609,Vienna,11,11,211.3,7,2.9237,0.0,0.0,0.5,48.296648,16.369016,7|5|8|18|20,0.1420|0.0899|0.0852|0.0790|0.0559,
unit_003611,Vienna,9,9,175.2,7,2.8963,0.0,0.0,0.5,48.292564,16.377389,7|5|8|19|18,0.1473|0.0947|0.0786|0.0556|0.0542,
unit_003612,Vienna,10,10,168.4,7,2.8705,0.0,0.0,0.5,48.293331,16.375445,7|5|16|10|12,0.1648|0.0820|0.0631|0.0529|0.0518,
unit_003613,Vienna,26,46,436.4,5,2.8106,1e-05,0.0,0.5,48.288117,16.380516,5|31|8|7|16,0.1216|0.1009|0.0713|0.0606|0.0543,
unit_003615,Vienna,21,30,366.4,7,2.9279,2e-05,0.0,0.5,48.306812,16.358676,7|5|8|31|18,0.1586|0.0943|0.0672|0.0617|0.0504,
unit_003616,Vienna,8,8,187.8,7,2.746,0.0,0.0,0.5,48.312607,16.350774,7|5|12|31|16,0.1494|0.1022|0.0735|0.0706|0.0659,
unit_003617,Vienna,12,12,191.2,31,2.8866,0.0,0.0,0.5,48.139417,16.289941,31|5|10|12|18,0.1408|0.0858|0.0651|0.0640|0.0549,
unit_003618,Vienna,12,12,192.6,31,2.9566,0.0,0.0,0.5,48.144202,16.293175,31|5|16|1|12,0.1013|0.0930|0.0673|0.0632|0.0619,
unit_003620,Vienna,16,16,324.5,5,2.9833,0.0,0.0,0.5,48.154765,16.319829,5|12|1|2|25,0.1087|0.1086|0.0757|0.0698|0.0661,
unit_003621,Vienna,11,11,164.8,31,2.9361,0.0,0.0,0.5,48.12232,16.2649,31|7|5|16|22,0.1159|0.1127|0.0613|0.0481|0.0476,
unit_003622,Vienna,10,10,176.8,7,2.838,0.0,0.0,0.5,48.124432,16.260151,7|5|8|31|16,0.1456|0.0955|0.0749|0.0638|0.0585,
unit_003623,Vienna,10,10,185.9,31,2.9362,0.0,0.0,0.5,48.122379,16.259695,31|7|5|12|18,0.1193|0.1116|0.0790|0.0613|0.0565,
unit_003624,Vienna,22,22,333.0,7,2.8981,0.0,0.0,0.5,48.120201,16.257316,7|12|5|31|8,0.1498|0.0752|0.0743|0.0526|0.0493,
unit_003625,Vienna,8,8,179.2,7,2.9945,0.0,0.0,0.5,48.125928,16.260266,7|5|8|18|19,0.1416|0.0808|0.0763|0.0722|0.0545,
unit_003626,Vienna,7,10,101.1,7,3.0241,4e-05,0.0,0.5,48.127679,16.261238,7|5|16|31|18,0.1253|0.1076|0.0666|0.0663|0.0623,
unit_003627,Vienna,7,7,154.1,7,2.8251,0.0,0.0,0.5,48.123831,16.257506,7|8|5|31|16,0.1363|0.0786|0.0739|0.0672|0.0531,
unit_003629,Vienna,13,13,242.4,7,2.8161,0.0,0.0,0.5,48.120035,16.254121,7|5|12|31|16,0.1641|0.1071|0.0622|0.0614|0.0603,
unit_003630,Vienna,5,6,104.3,5,2.9959,0.0,0.06392,0.516,48.128878,16.261113,5|12|17|19|18,0.1056|0.0940|0.0770|0.0735|0.0732,
unit_003631,Vienna,7,11,156.4,7,3.0356,2e-05,0.06548,0.5164,48.127848,16.262064,7|5|12|27|28,0.1335|0.1004|0.0678|0.0626|0.0574,
unit_003632,Vienna,34,34,599.7,12,2.9305,0.0,0.10819,0.527,48.250735,16.427924,12|5|31|1|10,0.1137|0.1004|0.0761|0.0667|0.0475,
unit_003633,Vienna,15,15,276.9,7,2.9808,0.0,0.07081,0.5177,48.263445,16.414268,7|5|8|1|31,0.1180|0.1136|0.0944|0.0574|0.0572,
unit_003634,Vienna,8,8,175.5,7,2.8704,0.0,0.07081,0.5177,48.262959,16.415873,7|8|5|16|18,0.1458|0.0852|0.0761|0.0699|0.0430,
unit_003635,Vienna,10,10,166.5,31,2.7784,0.0,0.16266,0.5406,48.264745,16.391725,31|8|5|10|16,0.1185|0.1129|0.0909|0.0564|0.0543,
unit_003636,Vienna,9,9,161.8,31,2.8443,0.0,0.0,0.5,48.268187,16.386744,31|5|12|11|10,0.1446|0.0732|0.0611|0.0331|0.0322,
unit_003637,Vienna,12,12,240.5,31,2.9596,0.0,0.0,0.5,48.268497,16.388878,31|5|8|12|16,0.1375|0.1000|0.0698|0.0685|0.0566,
unit_003638,Vienna,21,21,413.3,5,2.9546,0.0,0.0,0.5,48.271513,16.381903,5|8|7|16|31,0.1020|0.0734|0.0683|0.0649|0.0638,
unit_003639,Vienna,16,16,279.0,7,2.9972,0.0,0.1405,0.5351,48.276294,16.387346,7|5|8|12|31,0.1097|0.1053|0.0892|0.0891|0.0812,
unit_003640,Vienna,10,10,187.7,5,2.9226,0.0,0.0,0.5,48.27559,16.384435,5|12|31|19|30,0.1031|0.0826|0.0751|0.0661|0.0589,
unit_003642,Vienna,8,8,178.4,7,2.9773,0.0,0.38658,0.5955,48.282506,16.365778,7|5|12|19|2,0.0867|0.0867|0.0766|0.0763|0.0735,
unit_003643,Vienna,8,8,130.4,5,2.9811,0.0,0.0,0.5,48.286607,16.36588,5|19|16|3|7,0.0970|0.0949|0.0795|0.0667|0.0617,
unit_003644,Vienna,8,8,184.3,5,2.9367,0.0,0.0,0.5,48.289559,16.366346,5|19|30|16|1,0.1050|0.0974|0.0619|0.0599|0.0354,
unit_003645,Vienna,11,13,207.0,5,3.0917,1e-05,0.06555,0.5164,48.281983,16.378014,5|18|1|31|8,0.1305|0.0821|0.0707|0.0696|0.0620,
unit_003646,Vienna,6,6,126.1,5,2.9947,0.0,0.06555,0.5164,48.282941,16.377209,5|7|3|1|12,0.0959|0.0804|0.0797|0.0752|0.0667,
unit_003647,Vienna,11,16,137.8,5,3.0038,6e-05,0.04779,0.5119,48.279405,16.383466,5|19|30|7|8,0.1196|0.0987|0.0840|0.0785|0.0700,
unit_003650,Vienna,9,9,152.4,7,2.7456,0.0,0.0,0.5,48.278593,16.37904,7|5|12|16|28,0.1577|0.0736|0.0598|0.0539|0.0442,
unit_003651,Vienna,3,3,58.5,5,2.9827,0.0,0.0559,0.514,48.279871,16.383578,5|19|30|8|18,0.1178|0.1010|0.0916|0.0634|0.0604,
unit_003652,Vienna,5,6,109.9,7,2.9341,0.0,0.03157,0.5079,48.279911,16.384608,7|5|8|18|19,0.1668|0.0928|0.0743|0.0702|0.0605,
unit_003653,Vienna,17,21,323.0,5,2.9932,4e-05,0.0,0.5,48.278623,16.385434,5|31|8|7|11,0.1229|0.0855|0.0830|0.0756|0.0670,
unit_003655,Vienna,8,16,180.5,5,3.0474,0.0,0.0,0.5,48.274827,16.412357,5|7|8|31|1,0.1061|0.1000|0.0974|0.0964|0.0837,
unit_003656,Vienna,15,15,239.7,5,2.9379,0.0,0.11052,0.5276,48.275619,16.421613,5|31|12|8|11,0.1228|0.1071|0.0950|0.0640|0.0612,
unit_003657,Vienna,10,10,177.9,31,2.7533,0.0,0.0,0.5,48.276984,16.41227,31|8|5|16|7,0.1237|0.0992|0.0682|0.0486|0.0359,
unit_003658,Vienna,8,8,177.3,5,2.882,0.0,0.0,0.5,48.275256,16.416459,5|8|7|16|30,0.1054|0.0887|0.0883|0.0713|0.0503,
unit_003659,Vienna,15,15,271.3,7,2.9267,0.0,0.0,0.5,48.279273,16.421485,7|5|8|18|12,0.1642|0.0977|0.0731|0.0637|0.0626,
unit_003660,Vienna,29,40,584.3,1,3.0349,2e-05,0.0,0.5,48.268305,16.425831,1|5|31|8|3,0.1229|0.1085|0.0742|0.0598|0.0524,
unit_003661,Vienna,8,8,181.8,31,2.8677,0.0,0.0,0.5,48.251242,16.410302,31|8|5|16|7,0.1113|0.1050|0.0973|0.0759|0.0450,
unit_003662,Vienna,14,14,176.4,7,2.9218,0.0,0.0,0.5,48.115253,16.252844,7|8|31|5|16,0.1203|0.0959|0.0862|0.0797|0.0595,
unit_003663,Vienna,7,7,159.9,5,2.9888,0.0,0.0,0.5,48.117682,16.256048,5|18|12|19|31,0.1355|0.0779|0.0773|0.0757|0.0712,
unit_003665,Vienna,13,14,196.0,7,2.8495,0.0,0.07202,0.518,48.115779,16.254811,7|5|8|16|18,0.1473|0.0997|0.0820|0.0629|0.0625,
unit_003666,Vienna,6,6,131.5,5,2.8665,0.0,0.0,0.5,48.115217,16.255998,5|7|8|16|19,0.0907|0.0865|0.0699|0.0655|0.0608,
unit_003667,Vienna,13,13,201.1,7,2.7988,0.0,0.0,0.5,48.118517,16.252639,7|12|5|16|19,0.1543|0.0871|0.0837|0.0561|0.0512,
unit_003669,Vienna,9,9,163.8,7,2.9701,0.0,0.0,0.5,48.116972,16.260502,7|31|5|8|18,0.1031|0.0877|0.0721|0.0719|0.0687,
unit_003670,Vienna,13,13,265.8,7,2.9347,0.0,0.0,0.5,48.112751,16.262649,7|12|5|19|31,0.1558|0.1004|0.0869|0.0626|0.0495,
unit_003671,Vienna,9,9,170.5,7,2.8991,0.0,0.0,0.5,48.113318,16.260889,7|5|8|16|19,0.1614|0.0685|0.0611|0.0599|0.0581,
unit_003672,Vienna,8,9,179.9,7,3.0222,0.0,0.0,0.5,48.130384,16.250276,7|5|8|19|16,0.1201|0.0854|0.0784|0.0552|0.0523,
unit_003674,Vienna,10,10,188.1,18,2.9603,0.0,0.0,0.5,48.281463,16.408138,18|7|5|31|12,0.1207|0.0873|0.0854|0.0837|0.0751,
unit_003675,Vienna,6,6,126.8,5,2.9873,0.0,0.0,0.5,48.259935,16.394408,5|31|8|10|11,0.1100|0.0799|0.0782|0.0776|0.0749,
unit_003676,Vienna,6,6,131.5,10,3.0423,0.0,0.0,0.5,48.258957,16.390943,10|22|19|5|8,0.0887|0.0754|0.0714|0.0629|0.0604,
unit_003677,Vienna,17,17,301.9,5,2.9387,0.0,0.0,0.5,48.28686,16.405126,5|7|19|18|30,0.1024|0.0954|0.0823|0.0587|0.0582,
unit_003678,Vienna,9,9,153.6,1,2.8883,0.0,0.0,0.5,48.286813,16.414345,1|12|5|31|10,0.1055|0.0994|0.0881|0.0863|0.0458,
unit_003679,Vienna,3,3,54.6,5,2.9565,0.0,0.0,0.5,48.282699,16.415454,5|8|18|31|1,0.1329|0.0773|0.0664|0.0589|0.0540,
unit_003680,Vienna,9,9,158.2,5,2.8388,0.0,0.0,0.5,48.301453,16.424279,5|8|1|16|31,0.1398|0.0996|0.0655|0.0614|0.0603,
unit_003682,Vienna,5,5,60.7,31,2.8051,0.0,0.0,0.5,48.301701,16.41112,31|5|8|7|16,0.0868|0.0847|0.0781|0.0742|0.0543,
unit_003683,Vienna,22,22,370.3,7,2.8431,0.0,0.0,0.5,48.301986,16.406111,7|5|31|16|8,0.1173|0.1023|0.0739|0.0565|0.0520,
unit_003684,Vienna,9,9,157.8,31,2.8051,0.0,0.0,0.5,48.301904,16.410583,31|5|8|7|16,0.0868|0.0847|0.0781|0.0742|0.0543,
unit_003686,Vienna,15,15,315.0,5,3.0027,0.0,0.0,0.5,48.30059,16.404422,5|7|19|8|31,0.1242|0.1192|0.0747|0.0727|0.0568,
unit_003687,Vienna,8,8,176.5,5,2.8728,0.0,0.0,0.5,48.299181,16.401253,5|19|30|4|15,0.1256|0.0884|0.0613|0.0394|0.0349,
unit_003688,Vienna,8,8,176.4,5,3.0141,0.0,0.18865,0.547,48.295458,16.391647,5|31|8|18|7,0.0971|0.0851|0.0777|0.0748|0.0707,
unit_003689,Vienna,28,28,529.6,5,2.8861,0.0,0.06862,0.5171,48.290861,16.38594,5|31|8|12|11,0.1228|0.1063|0.0759|0.0707|0.0609,
unit_003690,Vienna,13,13,255.1,5,3.033,0.0,0.0,0.5,48.293648,16.380894,5|18|1|8|7,0.1376|0.0678|0.0670|0.0655|0.0607,
unit_003691,Vienna,22,27,396.0,7,2.8918,1e-05,0.0,0.5,48.220925,16.241357,7|5|16|8|19,0.1737|0.0908|0.0622|0.0613|0.0582,
unit_003692,Vienna,10,10,192.1,7,2.9191,0.0,0.0,0.5,48.224496,16.245758,7|5|18|19|8,0.1622|0.0782|0.0767|0.0640|0.0622,
unit_003693,Vienna,8,8,133.2,7,2.883,0.0,0.0,0.5,48.22468,16.244259,7|16|5|8|19,0.1505|0.0778|0.0769|0.0569|0.0495,
unit_003694,Vienna,23,27,446.0,7,2.8594,5e-05,0.0,0.5,48.222605,16.245073,7|5|8|16|19,0.1560|0.0838|0.0763|0.0503|0.0497,
unit_003697,Vienna,8,8,177.0,7,2.9681,0.0,0.0,0.5,48.247359,16.219412,7|5|19|8|17,0.1460|0.0786|0.0668|0.0585|0.0568,
unit_003698,Vienna,6,6,127.1,7,2.9176,0.0,0.0,0.5,48.246843,16.216164,7|5|8|16|31,0.1525|0.0940|0.0781|0.0540|0.0514,
unit_003699,Vienna,8,8,184.7,5,2.8577,0.0,0.0,0.5,48.165463,16.361607,5|8|31|16|7,0.1026|0.1013|0.0955|0.0599|0.0415,
unit_003701,Vienna,7,7,153.9,5,3.08,0.0,0.0,0.5,48.163814,16.360449,5|8|7|18|1,0.0845|0.0835|0.0810|0.0748|0.0560,
unit_003702,Vienna,13,13,231.0,8,2.9398,0.0,0.0,0.5,48.1537,16.380785,8|5|7|31|6,0.1072|0.1021|0.0928|0.0553|0.0472,
unit_003703,Vienna,8,8,125.2,5,2.7257,0.0,0.0,0.5,48.153137,16.377777,5|7|8|31|16,0.1220|0.0825|0.0820|0.0790|0.0742,
unit_003704,Vienna,8,8,134.6,5,2.8226,0.0,0.0,0.5,48.151709,16.376737,5|31|7|8|16,0.1315|0.0900|0.0844|0.0684|0.0680,
unit_003705,Vienna,13,13,282.0,5,3.0311,0.0,0.0,0.5,48.145571,16.39242,5|1|31|2|8,0.1127|0.0867|0.0743|0.0605|0.0583,
unit_003706,Vienna,11,11,208.9,5,3.0043,0.0,0.0,0.5,48.146707,16.388394,5|18|31|12|8,0.1179|0.0871|0.0858|0.0810|0.0764,
unit_003707,Vienna,12,12,198.7,5,2.8487,0.0,0.0,0.5,48.148043,16.381731,5|8|7|16|31,0.1185|0.1087|0.1008|0.0795|0.0670,
unit_003708,Vienna,14,14,281.7,12,3.0516,0.0,0.0,0.5,48.152486,16.382342,12|1|5|9|19,0.1188|0.1038|0.0861|0.0739|0.0600,
unit_003709,Vienna,10,10,178.2,5,3.0408,0.0,0.0,0.5,48.15694,16.328227,5|17|4|26|18,0.0990|0.0964|0.0822|0.0670|0.0665,
unit_003710,Vienna,7,7,153.0,5,2.9501,0.0,0.0,0.5,48.158225,16.329385,5|31|12|11|16,0.1202|0.1047|0.0906|0.0813|0.0577,
unit_003712,Vienna,8,8,178.4,5,3.0554,0.0,0.0,0.5,48.157551,16.325041,5|8|18|31|20,0.1253|0.0889|0.0754|0.0754|0.0563,
unit_003713,Vienna,9,9,155.4,5,3.0134,0.0,0.0,0.5,48.162788,16.320257,5|8|31|16|18,0.1070|0.0979|0.0891|0.0758|0.0641,
unit_003714,Vienna,11,11,184.4,5,2.8709,0.0,0.0,0.5,48.163056,16.328423,5|8|31|7|16,0.1264|0.0959|0.0911|0.0808|0.0634,
unit_003715,Vienna,9,9,169.3,31,2.9735,0.0,0.11727,0.5293,48.162283,16.322786,31|5|7|16|18,0.1064|0.1012|0.0903|0.0547|0.0453,
unit_003716,Vienna,17,17,311.5,7,2.7463,0.0,0.0,0.5,48.164878,16.321326,7|5|31|8|16,0.1141|0.1103|0.0750|0.0612|0.0572,
unit_003717,Vienna,12,12,249.2,5,3.0069,0.0,0.0,0.5,48.16797,16.322281,5|7|31|8|18,0.1059|0.1055|0.0729|0.0667|0.0665,
unit_003718,Vienna,22,22,395.2,5,2.9316,0.0,0.0,0.5,48.164038,16.322901,5|31|1|7|8,0.1199|0.1150|0.0655|0.0565|0.0504,
unit_003719,Vienna,8,8,180.4,5,2.7452,0.0,0.0,0.5,48.167487,16.320233,5|7|8|31|16,0.1218|0.1119|0.0894|0.0797|0.0627,
unit_003720,Vienna,12,16,232.5,5,2.9648,0.0,0.03153,0.5079,48.153106,16.306223,5|12|31|7|1,0.1086|0.0965|0.0871|0.0768|0.0524,
unit_003721,Vienna,7,14,159.7,5,3.0637,0.0,0.0,0.5,48.159863,16.294186,5|7|12|3|19,0.0923|0.0881|0.0692|0.0642|0.0639,
unit_003722,Vienna,9,9,138.6,31,2.9332,0.0,0.03934,0.5098,48.16768,16.301114,31|7|5|16|12,0.1266|0.0690|0.0636|0.0556|0.0522,
unit_003723,Vienna,19,20,353.8,31,2.9789,0.0,0.03934,0.5098,48.166694,16.299979,31|5|7|11|16,0.1096|0.0997|0.0678|0.0611|0.0604,
unit_003724,Vienna,17,35,322.7,5,2.8851,2e-05,0.0,0.5,48.166986,16.294764,5|12|7|31|1,0.1187|0.1006|0.0942|0.0800|0.0605,
unit_003725,Vienna,10,10,184.8,7,3.0255,0.0,0.0,0.5,48.163533,16.29722,7|5|18|8|31,0.1367|0.0940|0.0788|0.0756|0.0622,
unit_003726,Vienna,10,10,151.5,31,2.9289,0.0,0.0,0.5,48.168847,16.298157,31|18|8|16|5,0.1267|0.0674|0.0633|0.0620|0.0603,
unit_003727,Vienna,18,18,376.3,31,2.9399,0.0,0.0,0.5,48.170265,16.298326,31|5|1|8|30,0.0988|0.0688|0.0638|0.0628|0.0473,
unit_003728,Vienna,17,17,319.2,7,3.0147,0.0,0.0,0.5,48.155229,16.2862,7|5|31|8|18,0.1293|0.1090|0.0618|0.0578|0.0577,
unit_003729,Vienna,16,28,269.1,7,2.8698,2e-05,0.03254,0.5081,48.153537,16.286867,7|5|8|16|31,0.1472|0.1117|0.1049|0.0562|0.0534,
unit_003730,Vienna,14,19,241.1,5,2.9546,0.0,0.03254,0.5081,48.152921,16.286242,5|7|8|31|27,0.1103|0.1033|0.0959|0.0607|0.0587,
unit_003731,Vienna,23,23,420.2,5,3.0097,0.0,0.0,0.5,48.154639,16.288063,5|7|8|16|31,0.1318|0.0873|0.0698|0.0679|0.0554,
unit_003732,Vienna,10,10,179.5,5,2.7757,0.0,0.0,0.5,48.154645,16.283654,5|31|12|8|7,0.1261|0.1071|0.0838|0.0708|0.0576,
unit_003733,Vienna,12,24,265.6,7,2.9629,0.0,0.0,0.5,48.157523,16.27038,7|5|19|8|18,0.1862|0.0740|0.0720|0.0601|0.0575,
unit_003734,Vienna,17,17,309.6,7,2.9436,0.0,0.0,0.5,48.163566,16.273309,7|5|8|31|16,0.1594|0.0940|0.0807|0.0652|0.0568,
unit_003735,Vienna,22,22,421.9,7,2.9952,0.0,0.0,0.5,48.167204,16.265961,7|5|8|31|16,0.1152|0.1130|0.1008|0.0654|0.0616,
unit_003738,Vienna,10,10,160.7,7,2.8749,0.0,0.0,0.5,48.159981,16.272695,7|8|5|16|31,0.1429|0.1091|0.1017|0.0706|0.0607,
unit_003739,Vienna,13,18,155.0,7,2.9057,1e-05,0.04521,0.5113,48.160168,16.275051,7|18|8|5|31,0.1557|0.0981|0.0761|0.0747|0.0598,
unit_003740,Vienna,15,16,280.6,7,2.9233,0.0,0.063,0.5157,48.154961,16.269529,7|5|8|31|16,0.1488|0.0994|0.0879|0.0663|0.0478,
unit_003741,Vienna,9,9,166.5,7,2.8928,0.0,0.0,0.5,48.150453,16.277787,7|12|5|28|16,0.1488|0.0890|0.0854|0.0524|0.0516,
unit_003742,Vienna,15,15,264.4,7,2.9538,0.0,0.0,0.5,48.149261,16.276769,7|5|31|8|18,0.1081|0.1003|0.0942|0.0671|0.0514,
unit_003743,Vienna,9,9,151.7,7,2.8886,0.0,0.063,0.5157,48.153622,16.268562,7|5|31|12|8,0.1170|0.0968|0.0807|0.0741|0.0624,
unit_003744,Vienna,11,11,188.8,7,2.999,0.0,0.06842,0.5171,48.151334,16.27435,7|5|8|31|18,0.1350|0.0808|0.0635|0.0491|0.0490,
unit_003745,Vienna,8,8,175.6,7,2.9402,0.0,0.0,0.5,48.15339,16.264991,7|5|8|27|18,0.1561|0.0808|0.0786|0.0609|0.0586,
unit_003746,Vienna,8,8,179.3,7,2.9279,0.0,0.0,0.5,48.155787,16.270382,7|5|8|31|16,0.1400|0.0964|0.0747|0.0717|0.0553,
unit_003747,Vienna,8,8,180.9,7,2.8945,0.0,0.0,0.5,48.155639,16.260158,7|8|5|31|27,0.1309|0.1031|0.0927|0.0621|0.0604,
unit_003748,Vienna,8,8,175.6,7,2.868,0.0,0.0,0.5,48.154777,16.265487,7|5|8|18|16,0.1429|0.1021|0.0867|0.0568|0.0533,
unit_003749,Vienna,13,13,284.1,5,2.9735,0.0,0.0,0.5,48.159025,16.284709,5|8|7|18|27,0.1072|0.1058|0.0981|0.0760|0.0635,
unit_003750,Vienna,15,19,218.2,7,2.9296,1e-05,0.07271,0.5182,48.157502,16.283046,7|12|5|19|31,0.1503|0.0936|0.0900|0.0693|0.0576,
unit_003751,Vienna,8,8,179.0,7,2.9717,0.0,0.0,0.5,48.154823,16.273027,7|5|8|28|18,0.1069|0.0924|0.0723|0.0666|0.0632,
unit_003752,Vienna,21,21,290.3,7,2.9741,0.0,0.0,0.5,48.12401,16.274534,7|5|8|18|31,0.1233|0.1160|0.0841|0.0636|0.0582,
unit_003753,Vienna,23,23,347.6,7,2.7807,0.0,0.0,0.5,48.119107,16.282409,7|5|8|31|16,0.1439|0.1213|0.0826|0.0606|0.0600,
unit_003754,Vienna,14,14,202.5,7,2.7949,0.0,0.0,0.5,48.120373,16.28451,7|5|12|19|16,0.1509|0.0841|0.0840|0.0785|0.0453,
unit_003755,Vienna,12,12,223.0,7,2.9561,0.0,0.0,0.5,48.122274,16.284444,7|5|18|19|8,0.1364|0.1003|0.0733|0.0653|0.0595,
unit_003756,Vienna,9,9,157.4,7,2.8533,0.0,0.0,0.5,48.141371,16.266873,7|5|8|31|16,0.1189|0.1012|0.0954|0.0678|0.0594,
unit_003757,Vienna,10,10,183.6,7,2.9597,0.0,0.0,0.5,48.141103,16.270059,7|5|8|18|30,0.1150|0.0911|0.0827|0.0569|0.0526,
unit_003758,Vienna,9,9,163.1,7,2.9388,0.0,0.0,0.5,48.140186,16.277409,7|5|18|8|20,0.1070|0.0892|0.0718|0.0693|0.0523,
unit_003759,Vienna,8,8,185.0,5,3.003,0.0,0.0,0.5,48.138611,16.279577,5|18|8|30|15,0.0949|0.0895|0.0821|0.0813|0.0584,
unit_003760,Vienna,13,13,227.1,7,2.9554,0.0,0.0,0.5,48.145663,16.266036,7|5|8|20|18,0.1392|0.0956|0.0814|0.0630|0.0564,
unit_003761,Vienna,12,12,250.3,7,2.8222,0.0,0.0,0.5,48.141973,16.274999,7|5|8|31|16,0.1324|0.1089|0.0605|0.0603|0.0561,
unit_003762,Vienna,13,13,238.7,5,3.0162,0.0,0.0,0.5,48.140611,16.280654,5|8|7|31|16,0.0997|0.0882|0.0742|0.0659|0.0643,
unit_003763,Vienna,10,10,157.0,7,2.8627,0.0,0.0,0.5,48.141871,16.279955,7|8|5|16|18,0.1439|0.1023|0.0974|0.0607|0.0520,
unit_003764,Vienna,17,17,341.6,7,2.9324,0.0,0.0,0.5,48.145829,16.290549,7|5|12|31|8,0.1489|0.1126|0.0748|0.0727|0.0565,
unit_003765,Vienna,6,6,125.9,12,2.9777,0.0,0.0,0.5,48.145635,16.28717,12|5|18|31|7,0.0991|0.0986|0.0816|0.0718|0.0627,
unit_003766,Vienna,7,7,160.6,8,2.9886,0.0,0.0,0.5,48.147506,16.287021,8|5|31|7|27,0.1142|0.0890|0.0865|0.0849|0.0609,
unit_003767,Vienna,14,14,265.9,7,3.0444,0.0,0.0,0.5,48.147585,16.283474,7|31|5|12|30,0.1096|0.0987|0.0710|0.0645|0.0493,
unit_003768,Vienna,11,11,184.7,5,2.9193,0.0,0.0,0.5,48.137369,16.28355,5|31|10|12|7,0.1050|0.0919|0.0833|0.0814|0.0696,
unit_003769,Vienna,23,24,499.7,5,3.0172,6e-05,0.0,0.5,48.145933,16.285825,5|31|12|18|8,0.1155|0.0821|0.0767|0.0707|0.0701,
unit_003770,Vienna,4,5,84.1,5,2.968,0.0,0.0,0.5,48.149637,16.35026,5|7|31|12|8,0.1120|0.1079|0.0885|0.0872|0.0639,
unit_003771,Vienna,8,8,176.7,5,2.6661,0.0,0.0,0.5,48.288396,16.553526,5|19|30|12|9,0.0902|0.0606|0.0580|0.0515|0.0475,
unit_003772,Vienna,10,10,188.0,31,2.8354,0.0,0.0,0.5,48.147683,16.270481,31|8|7|5|16,0.1103|0.0828|0.0788|0.0714|0.0552,
unit_003774,Vienna,56,78,1205.0,5,3.0571,8e-05,0.0,0.5,48.136346,16.279497,5|31|1|18|8,0.1086|0.1008|0.0849|0.0711|0.0662,
unit_003775,Vienna,15,15,243.4,5,3.006,0.0,0.0,0.5,48.166864,16.275818,5|8|31|7|27,0.1270|0.0944|0.0848|0.0704|0.0567,
unit_003776,Vienna,17,18,282.8,5,2.8365,0.0,0.04647,0.5116,48.165251,16.281015,5|7|12|31|15,0.1150|0.1045|0.1005|0.0782|0.0542,
unit_003777,Vienna,9,10,156.0,31,2.9034,1e-05,0.04647,0.5116,48.166035,16.282087,31|5|1|12|7,0.1280|0.0733|0.0656|0.0571|0.0521,
unit_003779,Vienna,11,12,181.7,7,2.9018,0.0,0.0,0.5,48.159612,16.26651,7|5|8|16|31,0.1487|0.0925|0.0821|0.0723|0.0626,
unit_003780,Vienna,10,10,166.1,7,2.8188,0.0,0.0,0.5,48.160816,16.272381,7|5|8|16|27,0.1241|0.0980|0.0848|0.0690|0.0399,
unit_003781,Vienna,11,11,202.7,7,2.8542,0.0,0.0,0.5,48.162508,16.270572,7|12|5|19|31,0.1777|0.0842|0.0729|0.0585|0.0488,
unit_003782,Vienna,8,8,180.3,7,2.8012,0.0,0.0,0.5,48.158588,16.271366,7|5|12|16|8,0.1400|0.0760|0.0705|0.0605|0.0508,
unit_003783,Vienna,10,10,191.1,5,3.0205,0.0,0.0,0.5,48.154326,16.276458,5|7|8|27|18,0.1046|0.0985|0.0807|0.0760|0.0625,
unit_003784,Vienna,8,8,134.1,7,2.7977,0.0,0.0,0.5,48.152119,16.27735,7|12|5|19|31,0.1643|0.0790|0.0708|0.0566|0.0545,
unit_003785,Vienna,9,9,111.5,7,2.8711,0.0,0.0,0.5,48.158371,16.276566,7|5|12|31|16,0.1368|0.0909|0.0760|0.0714|0.0667,
unit_003786,Vienna,8,8,179.3,7,2.765,0.0,0.0,0.5,48.151885,16.260204,7|12|5|19|16,0.1564|0.0902|0.0719|0.0549|0.0479,
unit_003787,Vienna,17,32,354.0,7,2.9089,1e-05,0.0,0.5,48.152618,16.2582,7|5|12|19|31,0.1595|0.1033|0.0820|0.0600|0.0524,
unit_003790,Vienna,19,37,278.8,5,3.0783,0.0,0.0,0.5,48.161636,16.295841,5|7|1|31|18,0.1101|0.1052|0.0915|0.0655|0.0653,
unit_003791,Vienna,19,19,340.9,7,2.9222,0.0,0.0,0.5,48.169022,16.264889,7|5|16|31|12,0.1169|0.0889|0.0632|0.0537|0.0515,
unit_003792,Vienna,19,20,314.0,7,2.88,0.0,0.0,0.5,48.168367,16.268,7|8|5|16|3,0.0979|0.0841|0.0739|0.0597|0.0471,
unit_003793,Vienna,13,13,262.9,7,2.9497,0.0,0.0,0.5,48.163975,16.261708,7|5|8|18|19,0.1351|0.1032|0.0835|0.0542|0.0529,
unit_003795,Vienna,12,16,283.7,7,2.8038,1e-05,0.0,0.5,48.164338,16.270266,7|8|5|16|18,0.1507|0.1049|0.0817|0.0497|0.0474,
unit_003796,Vienna,10,10,152.8,7,2.8766,0.0,0.0,0.5,48.160324,16.266916,7|8|5|18|19,0.1624|0.0897|0.0785|0.0566|0.0543,
unit_003797,Vienna,33,33,520.2,5,2.9823,0.0,0.0,0.5,48.143831,16.296357,5|31|1|7|8,0.1327|0.0898|0.0823|0.0746|0.0666,
unit_003798,Vienna,12,12,157.2,8,2.9171,0.0,0.0,0.5,48.143705,16.298582,8|5|31|16|7,0.1304|0.1100|0.0794|0.0656|0.0551,
unit_003799,Vienna,18,22,258.6,5,2.9921,1e-05,0.03414,0.5085,48.142224,16.296143,5|8|31|16|7,0.0905|0.0895|0.0859|0.0684|0.0508,
unit_003800,Vienna,10,10,162.7,7,2.7369,0.0,0.0,0.5,48.145525,16.277968,7|12|5|31|19,0.1728|0.1012|0.0772|0.0520|0.0454,
unit_003801,Vienna,24,37,523.3,5,2.8851,2e-05,0.0,0.5,48.144367,16.279012,5|12|31|8|16,0.1263|0.1089|0.0943|0.0638|0.0567,
unit_003802,Vienna,8,8,126.1,7,2.8681,0.0,0.0,0.5,48.145173,16.275425,7|12|5|16|31,0.1387|0.0906|0.0671|0.0472|0.0425,
unit_003803,Vienna,11,11,180.0,7,2.847,0.0,0.0,0.5,48.14618,16.273894,7|8|5|31|16,0.1161|0.1105|0.1030|0.0850|0.0592,
unit_003804,Vienna,8,8,180.8,7,2.8078,0.0,0.0,0.5,48.143147,16.274121,7|12|5|31|16,0.1381|0.1086|0.0931|0.0614|0.0597,
unit_003805,Vienna,11,15,215.6,5,2.9433,0.0,0.06243,0.5156,48.149021,16.266803,5|7|8|31|18,0.1024|0.1022|0.0951|0.0640|0.0584,
unit_003806,Vienna,6,6,99.4,7,2.8284,0.0,0.0,0.5,48.142623,16.34977,7|5|8|16|31,0.1463|0.0984|0.0754|0.0606|0.0404,
unit_003807,Vienna,7,7,150.7,5,2.9204,0.0,0.0,0.5,48.138804,16.358279,5|12|31|19|1,0.1241|0.1135|0.0680|0.0620|0.0585,
unit_003809,Vienna,8,16,178.6,5,2.8675,0.0,0.0,0.5,48.142608,16.360144,5|12|31|2|7,0.1353|0.1123|0.0759|0.0598|0.0567,
unit_003810,Vienna,13,13,225.8,5,2.8827,0.0,0.0,0.5,48.136834,16.351,5|12|7|31|16,0.1139|0.1096|0.0778|0.0589|0.0528,
unit_003811,Vienna,10,10,187.3,12,2.8976,0.0,0.0,0.5,48.138667,16.351952,12|5|7|31|19,0.1153|0.1057|0.0828|0.0710|0.0528,
unit_003812,Vienna,9,9,160.2,5,2.936,0.0,0.0,0.5,48.140467,16.354729,5|31|8|1|16,0.1077|0.0795|0.0783|0.0645|0.0613,
unit_003813,Vienna,23,23,431.7,5,2.9372,0.0,0.0,0.5,48.145205,16.357471,5|8|31|1|16,0.1381|0.0842|0.0631|0.0608|0.0579,
unit_003815,Vienna,9,9,165.3,5,3.0536,0.0,0.0,0.5,48.147361,16.351123,5|1|7|31|18,0.1151|0.0862|0.0773|0.0675|0.0661,
unit_003816,Vienna,8,8,178.0,5,2.9442,0.0,0.0,0.5,48.143307,16.358858,5|1|16|31|12,0.1151|0.0789|0.0729|0.0706|0.0675,
unit_003817,Vienna,7,7,152.8,5,2.8969,0.0,0.0,0.5,48.137043,16.341943,5|8|1|31|16,0.0972|0.0826|0.0714|0.0670|0.0627,
unit_003818,Vienna,12,12,240.7,5,2.9257,0.0,0.0,0.5,48.142579,16.343333,5|31|8|1|3,0.1205|0.0757|0.0716|0.0672|0.0535,
unit_003821,Vienna,8,8,175.6,5,2.9426,0.0,0.0,0.5,48.154992,16.355728,5|12|15|8|31,0.1107|0.0933|0.0804|0.0727|0.0716,
unit_003822,Vienna,7,7,153.0,5,2.9272,0.0,0.0,0.5,48.155275,16.345292,5|8|31|10|1,0.1194|0.0875|0.0830|0.0704|0.0588,
unit_003823,Vienna,13,15,308.8,5,3.0491,7e-05,0.0,0.5,48.1552,16.340129,5|18|12|15|31,0.1190|0.0963|0.0932|0.0732|0.0689,
unit_003824,Vienna,8,8,175.3,5,3.1087,0.0,0.0,0.5,48.163782,16.33664,5|12|31|1|18,0.0886|0.0610|0.0598|0.0536|0.0524,
unit_003825,Vienna,17,17,313.5,5,3.0114,0.0,0.0,0.5,48.151932,16.371778,5|7|8|1|31,0.1204|0.0961|0.0893|0.0643|0.0621,
unit_003826,Vienna,8,8,145.6,7,2.7008,0.0,0.0,0.5,48.152894,16.365402,7|5|31|8|12,0.1204|0.1176|0.0766|0.0736|0.0701,
unit_003827,Vienna,23,37,431.9,5,2.9657,4e-05,0.0,0.5,48.155153,16.364894,5|12|31|7|18,0.1277|0.1005|0.0881|0.0651|0.0651,
unit_003828,Vienna,8,8,179.9,9,3.0136,0.0,0.0,0.5,48.149323,16.361955,9|12|1|5|27,0.1316|0.1001|0.0839|0.0769|0.0558,
unit_003829,Vienna,14,14,284.0,5,2.8721,0.0,0.0,0.5,48.158641,16.365193,5|12|31|8|11,0.1157|0.0920|0.0754|0.0653|0.0625,
unit_003830,Vienna,8,8,180.3,12,2.9904,0.0,0.0,0.5,48.160794,16.361348,12|5|31|20|18,0.1115|0.0976|0.0803|0.0732|0.0654,
unit_003831,Vienna,11,11,206.2,5,2.8386,0.0,0.0,0.5,48.294526,16.384701,5|31|8|7|16,0.1100|0.0904|0.0732|0.0568|0.0539,
unit_003832,Vienna,39,45,711.1,7,2.8287,3e-05,0.0,0.5,48.293831,16.389696,7|5|12|31|16,0.1282|0.1105|0.0749|0.0670|0.0514,
unit_003833,Vienna,6,6,125.6,5,2.9493,0.0,0.0,0.5,48.28957,16.390141,5|8|7|16|31,0.1230|0.1106|0.0717|0.0667|0.0635,
unit_003834,Vienna,11,11,208.0,5,2.894,0.0,0.0,0.5,48.2927,16.387358,5|8|31|16|7,0.1165|0.1013|0.0880|0.0713|0.0545,
unit_003835,Vienna,10,10,184.4,5,2.9371,0.0,0.0,0.5,48.29396,16.386876,5|31|7|8|16,0.0954|0.0937|0.0922|0.0874|0.0637,
unit_003836,Vienna,48,57,962.4,5,3.0796,3e-05,0.0,0.5,48.29812,16.375479,5|1|12|3|18,0.1435|0.0759|0.0759|0.0660|0.0645,
unit_003837,Vienna,19,19,380.3,1,3.0832,0.0,0.13126,0.5328,48.168033,16.353803,1|7|5|31|8,0.0899|0.0868|0.0857|0.0708|0.0622,
unit_003838,Vienna,14,14,196.4,31,3.0096,0.0,0.0,0.5,48.175692,16.397475,31|8|5|16|19,0.1011|0.0931|0.0850|0.0668|0.0529,
unit_003839,Vienna,14,27,283.1,1,3.0929,0.0,0.0,0.5,48.176133,16.395061,1|5|31|11|8,0.1099|0.0978|0.0931|0.0610|0.0557,
unit_003840,Vienna,11,11,180.0,12,2.9653,0.0,0.0,0.5,48.177591,16.397548,12|5|18|1|31,0.0998|0.0882|0.0792|0.0623|0.0561,
unit_003842,Vienna,12,12,229.8,18,3.0779,0.0,0.0,0.5,48.183421,16.386949,18|31|5|19|3,0.0567|0.0552|0.0548|0.0492|0.0478,
unit_003843,Vienna,12,12,237.0,1,2.8783,0.0,0.0,0.5,48.186289,16.422972,1|5|3|31|18,0.0921|0.0900|0.0741|0.0674|0.0635,
unit_003844,Vienna,6,6,126.2,5,3.1097,0.0,0.0,0.5,48.185488,16.432614,5|19|1|18|9,0.1022|0.0820|0.0737|0.0712|0.0689,
unit_003845,Vienna,8,8,176.7,27,3.0808,0.0,0.0,0.5,48.182651,16.442448,27|5|26|9|18,0.1000|0.0917|0.0758|0.0718|0.0588,
unit_003846,Vienna,8,8,179.0,5,3.065,0.0,0.0,0.5,48.187304,16.426496,5|27|18|19|26,0.0927|0.0920|0.0811|0.0682|0.0654,
unit_003847,Vienna,8,8,179.1,7,2.9602,0.0,0.0,0.5,48.231733,16.425833,7|18|12|5|19,0.1006|0.0843|0.0806|0.0743|0.0647,
unit_003848,Vienna,11,11,188.2,7,3.0423,0.0,0.0,0.5,48.044765,16.520325,7|5|31|12|1,0.1252|0.1028|0.0691|0.0667|0.0627,
unit_003849,Vienna,31,73,614.2,5,3.0215,3e-05,0.0,0.5,48.04773,16.52181,5|7|31|18|8,0.1381|0.1248|0.0703|0.0654|0.0653,
unit_003851,Vienna,16,23,295.8,5,3.0114,4e-05,0.0,0.5,48.045322,16.515296,5|8|7|27|18,0.1068|0.1026|0.0877|0.0653|0.0582,
unit_003853,Vienna,12,12,192.8,31,2.9045,0.0,0.0,0.5,48.241059,16.376036,31|11|5|8|16,0.0942|0.0770|0.0728|0.0579|0.0490,
unit_003854,Vienna,10,10,181.4,7,2.8399,0.0,0.0,0.5,48.15582,16.405032,7|5|18|28|19,0.1705|0.0684|0.0662|0.0534|0.0505,
unit_003855,Vienna,5,5,104.5,7,2.9661,0.0,0.0,0.5,48.158993,16.398613,7|19|12|5|18,0.1206|0.0899|0.0834|0.0662|0.0605,
unit_003856,Vienna,10,10,175.5,7,2.8496,0.0,0.0,0.5,48.15671,16.402078,7|5|8|16|12,0.1426|0.0888|0.0671|0.0661|0.0627,
unit_003857,Vienna,8,8,180.8,7,2.7444,0.0,0.0,0.5,48.155058,16.398956,7|8|5|16|31,0.1159|0.1020|0.1014|0.0664|0.0500,
unit_003858,Vienna,10,10,182.2,7,2.864,0.0,0.0,0.5,48.160184,16.409755,7|8|5|18|19,0.1741|0.0796|0.0789|0.0700|0.0616,
unit_003859,Vienna,12,12,196.1,5,3.0042,0.0,0.0,0.5,48.161878,16.408198,5|7|12|30|19,0.1184|0.0970|0.0834|0.0712|0.0704,
unit_003860,Vienna,9,9,153.4,5,2.989,0.0,0.0,0.5,48.152428,16.402682,5|18|1|8|11,0.1332|0.0700|0.0654|0.0581|0.0498,
unit_003861,Vienna,11,11,204.7,5,2.9302,0.0,0.0,0.5,48.153221,16.3987,5|7|8|31|28,0.1146|0.1132|0.1027|0.0617|0.0550,
unit_003862,Vienna,16,16,263.2,5,2.9737,0.0,0.0,0.5,48.154689,16.382635,5|31|8|16|18,0.1128|0.0867|0.0865|0.0533|0.0502,
unit_003863,Vienna,21,27,379.1,5,2.9919,8e-05,0.0477,0.5119,48.148919,16.392793,5|31|12|8|11,0.1221|0.0945|0.0795|0.0772|0.0689,
unit_003865,Vienna,12,12,242.8,5,2.9876,0.0,0.0,0.5,48.151557,16.384903,5|11|31|12|8,0.1255|0.0955|0.0850|0.0791|0.0635,
unit_003866,Vienna,10,10,183.7,5,2.871,0.0,0.0,0.5,48.150424,16.387103,5|31|8|18|11,0.1206|0.1058|0.0894|0.0841|0.0664,
unit_003867,Vienna,8,8,185.3,5,3.0166,0.0,0.0,0.5,48.147096,16.384032,5|18|31|8|11,0.1325|0.0847|0.0811|0.0647|0.0626,
unit_003868,Vienna,13,13,260.5,5,2.8373,0.0,0.20767,0.5517,48.096539,16.453312,5|19|30|18|3,0.1170|0.0916|0.0735|0.0554|0.0398,
unit_003869,Vienna,8,8,175.9,5,2.8329,0.0,0.0,0.5,48.096232,16.455019,5|19|30|18|15,0.1166|0.1059|0.0895|0.0662|0.0584,
unit_003870,Vienna,19,19,397.3,5,3.0706,0.0,0.0,0.5,48.108461,16.286399,5|12|7|31|1,0.1026|0.0841|0.0817|0.0796|0.0675,
unit_003871,Vienna,16,17,326.8,7,2.9853,0.0,0.04374,0.5109,48.105427,16.281731,7|31|18|5|12,0.1330|0.1026|0.1016|0.0823|0.0620,
unit_003872,Vienna,9,9,165.8,7,2.9903,0.0,0.04374,0.5109,48.106246,16.283094,7|31|5|8|18,0.1344|0.1012|0.0631|0.0571|0.0455,
unit_003875,Vienna,4,4,91.9,5,2.8807,0.0,0.0,0.5,48.244918,16.334723,5|8|31|7|16,0.1112|0.1006|0.0932|0.0735|0.0585,
unit_003876,Vienna,9,9,162.6,31,2.7558,0.0,0.0,0.5,48.246429,16.337524,31|8|5|7|16,0.1219|0.1033|0.0888|0.0403|0.0389,
unit_003877,Vienna,17,17,310.8,7,2.9321,0.0,0.05534,0.5138,48.111243,16.280609,7|5|8|12|31,0.1578|0.1150|0.0736|0.0692|0.0678,
unit_003881,Vienna,10,10,189.9,5,2.9674,0.0,0.0,0.5,48.110949,16.285192,5|8|16|31|7,0.1146|0.0894|0.0715|0.0624|0.0565,
unit_003882,Vienna,34,45,668.1,5,3.0542,8e-05,0.0,0.5,48.073375,16.294129,5|7|8|18|31,0.1271|0.0830|0.0757|0.0746|0.0710,
unit_003883,Vienna,12,12,258.9,31,3.0374,0.0,0.0,0.5,48.173394,16.409033,31|5|8|18|11,0.1085|0.1081|0.0752|0.0734|0.0682,
unit_003884,Vienna,11,11,176.4,7,2.868,0.0,0.0,0.5,48.15725,16.406847,7|19|5|8|18,0.1886|0.0654|0.0639|0.0524|0.0489,
unit_003885,Vienna,14,14,188.1,7,2.8354,0.0,0.15025,0.5375,48.159122,16.405405,7|5|8|10|16,0.1751|0.0793|0.0772|0.0546|0.0514,
unit_003886,Vienna,10,10,193.5,7,3.0205,0.0,0.0,0.5,48.16017,16.405737,7|5|8|19|27,0.1092|0.0963|0.0766|0.0748|0.0561,
unit_003887,Vienna,8,8,181.6,5,2.7817,0.0,0.0,0.5,48.149402,16.376318,5|7|8|31|16,0.1159|0.1084|0.0893|0.0724|0.0657,
unit_003888,Vienna,8,8,177.1,5,2.7996,0.0,0.0,0.5,48.149511,16.379089,5|8|31|7|16,0.1143|0.1033|0.0884|0.0694|0.0589,
unit_003889,Vienna,16,16,273.6,5,2.8038,0.0,0.0,0.5,48.174803,16.320124,5|31|12|7|8,0.1107|0.1035|0.0898|0.0754|0.0635,
unit_003890,Vienna,9,9,156.6,7,2.7881,0.0,0.0,0.5,48.217512,16.251563,7|12|5|19|16,0.1720|0.0813|0.0648|0.0619|0.0454,
unit_003891,Vienna,13,13,269.4,7,2.928,0.0,0.0,0.5,48.213954,16.251904,7|5|19|15|17,0.1134|0.0901|0.0613|0.0580|0.0577,
unit_003893,Vienna,13,13,188.1,7,2.6856,0.0,0.0,0.5,48.203284,16.514697,7|8|5|19|16,0.1471|0.1002|0.0704|0.0611|0.0580,
unit_003894,Vienna,13,13,227.4,7,2.8546,0.0,0.20354,0.5507,48.202554,16.516861,7|12|5|19|31,0.0951|0.0861|0.0830|0.0552|0.0494,
unit_003895,Vienna,9,9,118.3,7,2.6912,0.0,0.0,0.5,48.215958,16.516492,7|12|5|16|31,0.1171|0.0988|0.0912|0.0548|0.0509,
unit_003896,Vienna,14,14,262.7,7,2.7769,0.0,0.0,0.5,48.215801,16.514591,7|12|5|31|16,0.1208|0.0988|0.0975|0.0730|0.0663,
unit_003897,Vienna,15,15,271.1,5,2.8917,0.0,0.20304,0.5506,48.216268,16.518132,5|19|30|8|7,0.1393|0.0870|0.0724|0.0678|0.0651,
unit_003899,Vienna,10,10,158.0,7,2.7379,0.0,0.0,0.5,48.20753,16.514302,7|8|5|16|19,0.1167|0.0939|0.0884|0.0724|0.0531,
unit_003900,Vienna,15,15,212.1,7,2.7286,0.0,0.0,0.5,48.206256,16.513535,7|8|5|31|30,0.1466|0.1060|0.0872|0.0513|0.0399,
unit_003901,Vienna,14,14,194.5,7,2.8086,0.0,0.0,0.5,48.20684,16.515539,7|12|5|16|19,0.1486|0.0921|0.0808|0.0610|0.0524,
unit_003902,Vienna,13,13,189.5,7,2.7784,0.0,0.0,0.5,48.211311,16.516927,7|8|5|16|31,0.1495|0.1012|0.0980|0.0544|0.0535,
unit_003903,Vienna,7,7,154.4,5,2.916,0.0,0.0,0.5,48.20182,16.511155,5|7|8|19|16,0.1185|0.0915|0.0750|0.0682|0.0572,
unit_003904,Vienna,10,10,185.1,7,2.8831,0.0,0.0,0.5,48.207836,16.509872,7|5|8|31|16,0.1506|0.0950|0.0923|0.0588|0.0426,
unit_003905,Vienna,11,11,191.7,7,2.6691,0.0,0.0,0.5,48.206233,16.521789,7|12|5|16|19,0.1591|0.0882|0.0851|0.0518|0.0464,
unit_003906,Vienna,15,15,254.2,12,2.8271,0.0,0.0,0.5,48.205516,16.5184,12|7|5|19|30,0.1122|0.1014|0.0965|0.0839|0.0594,
unit_003907,Vienna,16,16,238.5,7,2.7376,0.0,0.0,0.5,48.206048,16.524401,7|8|5|31|16,0.1419|0.1117|0.0881|0.0465|0.0462,
unit_003908,Vienna,9,9,161.0,7,2.8041,0.0,0.0,0.5,48.202636,16.518451,7|8|5|19|30,0.1180|0.0868|0.0753|0.0716|0.0523,
unit_003910,Vienna,12,12,242.7,12,2.6937,0.0,0.0,0.5,48.207484,16.518806,12|5|7|19|31,0.1076|0.1042|0.0923|0.0795|0.0545,
unit_003911,Vienna,9,12,159.1,7,2.9006,0.0,0.14416,0.536,48.211461,16.512426,7|8|5|18|16,0.1479|0.0886|0.0882|0.0581|0.0547,
unit_003912,Vienna,9,9,159.4,7,2.764,0.0,0.0,0.5,48.209949,16.519399,7|5|8|16|31,0.1174|0.1038|0.0956|0.0619|0.0512,
unit_003913,Vienna,8,8,117.0,7,2.6936,0.0,0.14416,0.536,48.212336,16.512853,7|12|19|5|31,0.1624|0.0969|0.0701|0.0621|0.0477,
unit_003914,Vienna,10,10,198.7,12,2.9396,0.0,0.0,0.5,48.2052,16.517024,12|7|5|31|19,0.1022|0.1010|0.0870|0.0606|0.0526,
unit_003915,Vienna,10,10,155.2,7,2.7989,0.0,0.0,0.5,48.202789,16.52128,7|12|5|16|8,0.1566|0.0831|0.0782|0.0581|0.0504,
unit_003916,Vienna,10,10,180.5,7,2.8775,0.0,0.0,0.5,48.203442,16.525059,7|8|5|16|27,0.1201|0.0804|0.0733|0.0592|0.0561,
unit_003917,Vienna,10,10,169.6,7,2.7821,0.0,0.0,0.5,48.203169,16.519379,7|8|5|16|31,0.1497|0.1044|0.1040|0.0613|0.0509,
unit_003918,Vienna,9,9,159.9,7,2.8194,0.0,0.0,0.5,48.207256,16.523885,7|5|8|19|16,0.1385|0.0958|0.0908|0.0740|0.0635,
unit_003919,Vienna,8,8,178.8,7,2.9077,0.0,0.0,0.5,48.212814,16.527537,7|8|5|31|10,0.1036|0.0991|0.0877|0.0597|0.0517,
unit_003920,Vienna,12,13,246.7,5,2.9475,0.0,0.03277,0.5082,48.213431,16.522521,5|8|7|31|1,0.1107|0.0932|0.0856|0.0809|0.0498,
unit_003921,Vienna,11,12,223.4,7,2.8926,0.0,0.03277,0.5082,48.212274,16.522461,7|5|8|31|16,0.1099|0.1091|0.0834|0.0758|0.0734,
unit_003922,Vienna,15,15,221.3,5,2.9233,0.0,0.0,0.5,48.210537,16.534434,5|8|7|31|27,0.1260|0.1052|0.1049|0.0721|0.0467,
unit_003923,Vienna,11,11,167.0,7,2.7721,0.0,0.0,0.5,48.2151,16.538021,7|5|8|31|16,0.1515|0.1096|0.0956|0.0480|0.0428,
unit_003924,Vienna,9,9,163.4,5,2.7803,0.0,0.0,0.5,48.212794,16.544288,5|19|7|12|31,0.0966|0.0901|0.0889|0.0560|0.0351,
unit_003925,Vienna,11,11,191.7,7,2.7811,0.0,0.0,0.5,48.213448,16.539554,7|5|12|16|19,0.1645|0.0895|0.0757|0.0570|0.0499,
unit_003926,Vienna,10,10,163.4,7,2.9323,0.0,0.0,0.5,48.213341,16.534485,7|5|8|31|16,0.1368|0.0829|0.0672|0.0585|0.0530,
unit_003927,Vienna,9,12,157.1,7,2.9818,0.0,0.25449,0.5633,48.21766,16.531816,7|8|5|18|27,0.1252|0.1020|0.0887|0.0706|0.0627,
unit_003928,Vienna,12,12,220.5,19,2.9526,0.0,0.17925,0.5447,48.21653,16.531889,19|12|5|7|31,0.1024|0.0973|0.0968|0.0657|0.0420,
unit_003929,Vienna,10,10,191.1,7,2.827,0.0,0.10402,0.526,48.216229,16.533345,7|19|5|12|30,0.1364|0.0831|0.0826|0.0666|0.0361,
unit_003930,Vienna,8,8,176.2,19,2.9245,0.0,0.0,0.5,48.230112,16.548008,19|5|7|8|30,0.0819|0.0641|0.0445|0.0410|0.0353,
unit_003931,Vienna,10,10,181.4,7,2.9478,0.0,0.0,0.5,48.231881,16.537476,7|8|5|19|18,0.1493|0.0781|0.0768|0.0649|0.0447,
unit_003932,Vienna,12,12,163.5,7,2.9235,0.0,0.0,0.5,48.230473,16.536687,7|5|8|19|16,0.1475|0.0993|0.0866|0.0552|0.0496,
unit_003933,Vienna,16,16,306.8,5,2.7326,0.0,0.0,0.5,48.230451,16.542528,5|19|12|7|16,0.1005|0.0967|0.0632|0.0625|0.0535,
unit_003934,Vienna,16,16,299.5,7,2.8902,0.0,0.0,0.5,48.228867,16.534415,7|5|12|19|11,0.1060|0.0881|0.0815|0.0676|0.0565,
unit_003935,Vienna,8,8,175.8,7,2.8164,0.0,0.0,0.5,48.227929,16.534923,7|5|8|16|19,0.1686|0.0873|0.0769|0.0654|0.0391,
unit_003936,Vienna,8,8,175.4,7,2.7596,0.0,0.0,0.5,48.226558,16.533929,7|5|8|16|18,0.1530|0.0953|0.0911|0.0550|0.0485,
unit_003937,Vienna,8,8,180.7,5,2.7932,0.0,0.0,0.5,48.224609,16.53835,5|19|30|8|27,0.1117|0.0823|0.0694|0.0525|0.0384,
unit_003938,Vienna,8,8,180.3,5,2.6925,0.0,0.0,0.5,48.225005,16.526013,5|19|30|26|4,0.0957|0.0684|0.0570|0.0291|0.0281,
unit_003939,Vienna,11,11,156.6,5,2.8706,0.0,0.0,0.5,48.219657,16.535518,5|7|8|30|16,0.1088|0.0933|0.0801|0.0569|0.0520,
unit_003940,Vienna,11,11,180.1,7,2.9276,0.0,0.0,0.5,48.219762,16.532725,7|8|5|19|27,0.1196|0.0987|0.0933|0.0573|0.0550,
unit_003941,Vienna,8,8,132.8,7,2.7903,0.0,0.0,0.5,48.220449,16.532817,7|5|8|16|31,0.1664|0.0863|0.0829|0.0590|0.0421,
unit_003942,Vienna,11,11,181.4,7,2.7807,0.0,0.0,0.5,48.219131,16.529273,7|8|5|16|31,0.1411|0.0930|0.0887|0.0640|0.0455,
unit_003943,Vienna,13,13,212.3,12,2.8153,0.0,0.0,0.5,48.221264,16.481914,12|5|31|7|10,0.1020|0.0987|0.0867|0.0678|0.0616,
unit_003944,Vienna,7,7,157.0,7,2.7695,0.0,0.0,0.5,48.228141,16.468321,7|5|19|12|16,0.1499|0.0903|0.0649|0.0576|0.0540,
unit_003945,Vienna,8,8,180.1,5,2.9444,0.0,0.0,0.5,48.230407,16.448895,5|12|31|8|11,0.0994|0.0830|0.0767|0.0671|0.0603,
unit_003946,Vienna,9,9,118.2,7,2.9023,0.0,0.0,0.5,48.240885,16.446228,7|5|8|16|31,0.1352|0.0850|0.0827|0.0601|0.0536,
unit_003948,Vienna,17,17,270.3,7,2.9336,0.0,0.0,0.5,48.244287,16.443932,7|5|12|31|8,0.1321|0.1130|0.0778|0.0736|0.0576,
unit_003949,Vienna,8,8,183.0,5,2.9967,0.0,0.0,0.5,48.242781,16.444198,5|7|1|31|12,0.0941|0.0883|0.0848|0.0807|0.0645,
unit_003950,Vienna,41,81,900.9,5,3.0578,5e-05,0.0,0.5,48.170537,16.308393,5|7|31|1|30,0.1068|0.0911|0.0813|0.0760|0.0744,
unit_003951,Vienna,9,22,204.5,5,3.0935,0.00011,0.0,0.5,48.240774,16.460392,5|9|1|12|22,0.1251|0.1197|0.1077|0.0720|0.0631,
unit_003952,Vienna,13,13,256.7,5,3.0369,0.0,0.0,0.5,48.243189,16.462404,5|9|12|26|18,0.1291|0.1240|0.0709|0.0672|0.0573,
unit_003953,Vienna,14,18,286.7,7,2.9009,2e-05,0.0,0.5,48.309332,16.304765,7|5|8|16|19,0.1588|0.0854|0.0758|0.0624|0.0535,
unit_003955,Vienna,14,14,254.3,7,2.9216,0.0,0.0,0.5,48.30804,16.296662,7|5|8|16|18,0.1604|0.0999|0.0716|0.0632|0.0589,
unit_003956,Vienna,15,15,293.6,7,3.0109,0.0,0.0,0.5,48.311353,16.294744,7|5|8|18|19,0.1526|0.1134|0.0753|0.0676|0.0548,
unit_003957,Vienna,18,18,314.4,7,2.9186,0.0,0.03324,0.5083,48.313313,16.293147,7|5|12|31|19,0.1617|0.1005|0.0695|0.0568|0.0483,
unit_003958,Vienna,7,7,152.1,7,2.88,0.0,0.0,0.5,48.313773,16.294868,7|5|8|16|19,0.1329|0.0963|0.0893|0.0783|0.0460,
unit_003959,Vienna,12,12,209.7,7,2.8837,0.0,0.0,0.5,48.310024,16.295671,7|5|8|17|19,0.1424|0.0992|0.0629|0.0612|0.0588,
unit_003960,Vienna,16,32,334.6,5,3.0616,0.0,0.0,0.5,48.295406,16.557996,5|1|18|7|12,0.1286|0.0880|0.0696|0.0619|0.0604,
unit_003961,Vienna,7,7,153.9,5,2.9146,0.0,0.0,0.5,48.155958,16.36729,5|7|12|31|8,0.0995|0.0943|0.0817|0.0733|0.0519,
unit_003962,Vienna,16,28,311.2,5,2.9592,3e-05,0.0,0.5,48.155241,16.365369,5|12|31|18|7,0.1316|0.1035|0.0909|0.0663|0.0642,
unit_003963,Vienna,16,23,305.7,5,2.8479,1e-05,0.0,0.5,48.153109,16.360406,5|31|8|16|18,0.1224|0.1094|0.0896|0.0578|0.0547,
unit_003964,Vienna,16,16,298.6,5,2.9044,0.0,0.0,0.5,48.157417,16.363521,5|8|31|7|16,0.1331|0.0955|0.0801|0.0613|0.0527,
unit_003965,Vienna,3,3,52.1,5,2.9292,0.0,0.0,0.5,48.156524,16.361404,5|8|31|7|16,0.1270|0.1123|0.0827|0.0625|0.0549,
unit_003966,Vienna,10,13,145.1,7,2.9728,2e-05,0.09008,0.5225,48.158435,16.361213,7|5|8|18|19,0.1555|0.0960|0.0878|0.0672|0.0524,
unit_003967,Vienna,8,8,176.8,5,2.8771,0.0,0.0,0.5,48.139549,16.344013,5|12|31|16|1,0.1193|0.0885|0.0743|0.0720|0.0648,
unit_003968,Vienna,11,11,188.8,7,2.9084,0.0,0.0,0.5,48.140395,16.330454,7|5|12|31|8,0.1590|0.0911|0.0787|0.0616|0.0560,
unit_003970,Vienna,7,7,154.7,7,2.8744,0.0,0.0,0.5,48.141926,16.332438,7|12|5|16|19,0.1009|0.0910|0.0899|0.0601|0.0541,
unit_003972,Vienna,3,4,52.2,9,3.0523,0.0,0.0,0.5,48.134352,16.330076,9|12|19|5|17,0.1214|0.1079|0.0870|0.0705|0.0632,
unit_003973,Vienna,11,11,148.5,31,2.8974,0.0,0.0,0.5,48.126536,16.314478,31|5|8|7|1,0.1308|0.0993|0.0670|0.0543|0.0422,
unit_003974,Vienna,7,7,163.9,7,2.7425,0.0,0.0,0.5,48.136771,16.318525,7|12|5|31|8,0.1642|0.0958|0.0842|0.0678|0.0499,
unit_003976,Vienna,14,27,280.4,5,2.9563,0.0,0.0,0.5,48.132271,16.315064,5|31|1|12|18,0.1281|0.0885|0.0806|0.0662|0.0662,
unit_003978,Vienna,24,25,381.7,7,2.9093,5e-05,0.0,0.5,48.125439,16.293716,7|5|8|16|18,0.1471|0.0916|0.0663|0.0636|0.0549,
unit_003981,Vienna,9,9,157.7,5,2.9005,0.0,0.14039,0.535,48.125498,16.290857,5|7|19|8|30,0.1078|0.0822|0.0767|0.0753|0.0691,
unit_003982,Vienna,13,13,247.2,5,2.967,0.0,0.14039,0.535,48.126539,16.290703,5|7|16|12|8,0.1137|0.1035|0.0718|0.0652|0.0545,
unit_003983,Vienna,15,15,298.2,8,2.9137,0.0,0.0,0.5,48.134727,16.273473,8|5|31|10|7,0.1109|0.1001|0.0997|0.0670|0.0635,
unit_003984,Vienna,10,10,132.8,7,3.0133,0.0,0.0,0.5,48.266188,16.416691,7|5|8|16|18,0.1548|0.0879|0.0850|0.0614|0.0560,
unit_003985,Vienna,8,8,178.1,1,3.0654,0.0,0.0,0.5,48.26748,16.419385,1|5|3|7|18,0.0953|0.0913|0.0784|0.0723|0.0675,
unit_003986,Vienna,5,5,105.1,7,2.8591,0.0,0.0,0.5,48.26405,16.417279,7|8|5|16|31,0.1507|0.0860|0.0816|0.0651|0.0513,
unit_003987,Vienna,9,9,172.5,7,2.808,0.0,0.0,0.5,48.261617,16.426126,7|8|5|16|31,0.1455|0.0938|0.0932|0.0607|0.0557,
unit_003989,Vienna,15,15,234.3,5,2.7524,0.0,0.0,0.5,48.248334,16.439777,5|8|31|12|11,0.1165|0.1140|0.1119|0.0557|0.0473,
unit_003990,Vienna,3,3,54.7,31,2.9473,0.0,0.0,0.5,48.250105,16.436556,31|12|5|8|1,0.1082|0.0937|0.0929|0.0629|0.0580,
unit_003991,Vienna,11,12,220.8,5,2.9656,0.0,0.07553,0.5189,48.256148,16.425936,5|12|31|8|1,0.1191|0.0981|0.0761|0.0572|0.0562,
unit_003992,Vienna,8,8,179.3,5,2.9893,0.0,0.0,0.5,48.25401,16.426981,5|1|18|3|2,0.1256|0.0897|0.0756|0.0719|0.0676,
unit_003993,Vienna,22,29,476.1,1,3.0873,0.00014,0.0,0.5,48.245184,16.433579,1|5|11|3|28,0.1005|0.0683|0.0611|0.0611|0.0552,
unit_003994,Vienna,24,24,503.6,31,2.9404,0.0,0.0,0.5,48.250909,16.433681,31|8|30|28|1,0.0993|0.0876|0.0734|0.0633|0.0609,
unit_003995,Vienna,7,7,118.1,7,2.9107,0.0,0.0,0.5,48.244931,16.423703,7|12|5|19|16,0.1264|0.0784|0.0693|0.0653|0.0581,
unit_003996,Vienna,3,3,56.1,7,2.9107,0.0,0.0,0.5,48.245462,16.42429,7|12|5|19|16,0.1264|0.0784|0.0693|0.0653|0.0581,
unit_003997,Vienna,3,3,51.9,7,2.9107,0.0,0.0,0.5,48.24602,16.423916,7|12|5|19|16,0.1264|0.0784|0.0693|0.0653|0.0581,
unit_003998,Vienna,8,8,177.1,7,3.0188,0.0,0.0,0.5,48.244986,16.420442,7|5|19|8|30,0.1176|0.0978|0.0679|0.0676|0.0591,
unit_004000,Vienna,7,7,156.0,7,2.7243,0.0,0.0,0.5,48.283694,16.424463,7|8|5|31|16,0.1413|0.1101|0.0909|0.0560|0.0423,
unit_004001,Vienna,31,31,375.2,5,3.0123,0.0,0.0,0.5,48.286277,16.429555,5|7|8|18|31,0.1228|0.1069|0.0785|0.0693|0.0524,
unit_004002,Vienna,8,8,177.6,7,2.9542,0.0,0.0,0.5,48.162513,16.282681,7|8|5|27|31,0.1077|0.1056|0.1044|0.0762|0.0595,
unit_004004,Vienna,10,10,182.5,31,2.7992,0.0,0.0,0.5,48.222787,16.323325,31|8|5|12|10,0.1378|0.1142|0.0892|0.0549|0.0515,
unit_004005,Vienna,12,12,241.0,5,2.9843,0.0,0.0,0.5,48.23918,16.371534,5|16|8|19|31,0.1016|0.0742|0.0699|0.0692|0.0617,
unit_004006,Vienna,10,10,186.0,7,2.9788,0.0,0.0,0.5,48.268487,16.442785,7|12|5|18|19,0.1251|0.0947|0.0843|0.0656|0.0610,
unit_004007,Vienna,8,8,179.3,5,2.8451,0.0,0.0,0.5,48.263246,16.443142,5|31|7|8|18,0.1088|0.0985|0.0744|0.0631|0.0629,
unit_004008,Vienna,8,8,175.6,12,2.8516,0.0,0.0,0.5,48.252123,16.448751,12|5|31|8|10,0.1171|0.1138|0.0898|0.0715|0.0650,
unit_004009,Vienna,9,10,126.9,5,2.668,0.0,0.03416,0.5085,48.245041,16.447411,5|7|12|31|16,0.1075|0.1065|0.0879|0.0810|0.0667,
unit_004010,Vienna,8,15,182.9,1,2.9874,0.0,0.19721,0.5491,48.253211,16.418107,1|8|31|30|5,0.1003|0.0781|0.0770|0.0658|0.0645,
unit_004011,Vienna,11,11,212.5,5,2.9403,0.0,0.19721,0.5491,48.253435,16.41651,5|31|12|1|10,0.1069|0.0871|0.0856|0.0747|0.0730,
unit_004012,Vienna,7,7,160.0,7,3.0653,0.0,0.0,0.5,48.256412,16.421111,7|8|19|5|1,0.1282|0.0771|0.0756|0.0675|0.0642,
unit_004013,Vienna,6,6,125.4,7,3.0114,0.0,0.0,0.5,48.254737,16.421207,7|5|12|8|16,0.1054|0.0933|0.0869|0.0751|0.0654,
unit_004014,Vienna,16,16,279.6,31,2.8355,0.0,0.0,0.5,48.253115,16.400352,31|5|8|12|11,0.1340|0.0750|0.0677|0.0650|0.0639,
unit_004016,Vienna,13,13,234.0,5,2.9235,0.0,0.0,0.5,48.261858,16.384331,5|31|8|12|16,0.0930|0.0819|0.0777|0.0752|0.0727,
unit_004017,Vienna,7,7,158.2,8,2.8927,0.0,0.0,0.5,48.260988,16.387071,8|31|5|10|16,0.1046|0.0986|0.0884|0.0733|0.0457,
unit_004018,Vienna,14,14,208.7,31,2.9799,0.0,0.0,0.5,48.269807,16.385691,31|8|5|7|1,0.1073|0.0699|0.0669|0.0659|0.0556,
unit_004019,Vienna,11,11,209.2,9,2.9397,0.0,0.0,0.5,48.272097,16.373455,9|5|4|12|17,0.1307|0.0930|0.0804|0.0799|0.0772,
unit_004020,Vienna,5,5,86.8,5,2.7866,0.0,0.0,0.5,48.243192,16.451885,5|31|7|16|8,0.1024|0.0756|0.0664|0.0642|0.0630,
unit_004021,Vienna,12,12,209.0,5,3.0771,0.0,0.0,0.5,48.243567,16.455781,5|1|8|7|12,0.1293|0.0876|0.0806|0.0767|0.0650,
unit_004022,Vienna,8,8,176.4,18,3.0092,0.0,0.0,0.5,48.241119,16.453784,18|5|12|7|1,0.1111|0.0827|0.0650|0.0615|0.0584,
unit_004023,Vienna,19,53,338.1,1,3.0022,1e-05,0.14088,0.5352,48.245934,16.452434,1|5|31|12|18,0.1297|0.1105|0.0964|0.0760|0.0653,
unit_004024,Vienna,10,10,180.6,7,2.8404,0.0,0.0,0.5,48.20373,16.470775,7|5|19|30|8,0.1223|0.0801|0.0657|0.0501|0.0500,
unit_004025,Vienna,14,14,228.3,7,2.9282,0.0,0.0,0.5,48.206949,16.470464,7|5|19|18|15,0.1084|0.0961|0.0879|0.0627|0.0540,
unit_004026,Vienna,17,17,268.3,7,2.9111,0.0,0.0,0.5,48.208172,16.470989,7|5|8|16|19,0.1183|0.1064|0.0779|0.0658|0.0587,
unit_004027,Vienna,8,8,180.5,7,2.9049,0.0,0.0,0.5,48.199802,16.47165,7|8|19|5|12,0.1732|0.0728|0.0707|0.0700|0.0542,
unit_004028,Vienna,10,10,196.4,5,2.8941,0.0,0.03523,0.5088,48.199395,16.47735,5|19|30|7|16,0.1136|0.0943|0.0687|0.0601|0.0436,
unit_004030,Vienna,15,15,310.3,7,2.8575,0.0,0.0,0.5,48.197974,16.479202,7|19|15|5|20,0.1356|0.0735|0.0521|0.0482|0.0474,
unit_004031,Vienna,13,13,264.2,7,2.8442,0.0,0.0,0.5,48.21075,16.49729,7|5|12|19|30,0.1228|0.1137|0.0964|0.0728|0.0537,
unit_004032,Vienna,15,15,293.6,5,2.9538,0.0,0.14088,0.5352,48.244704,16.451218,5|7|18|8|31,0.1097|0.0899|0.0802|0.0766|0.0642,
unit_004033,Vienna,19,19,333.9,5,2.8102,0.0,0.0,0.5,48.173585,16.317407,5|31|8|11|12,0.1233|0.1059|0.0911|0.0706|0.0598,
unit_004034,Vienna,7,15,152.6,17,2.9802,0.0,0.15564,0.5388,48.17656,16.314999,17|12|5|9|31,0.1095|0.0995|0.0668|0.0655|0.0645,
unit_004036,Vienna,3,3,52.7,12,2.9489,0.0,0.0,0.5,48.23049,16.442882,12|5|1|31|19,0.1083|0.0939|0.0772|0.0604|0.0591,
unit_004037,Vienna,5,5,59.7,8,2.986,0.0,0.0,0.5,48.233126,16.464387,8|7|19|5|30,0.0957|0.0908|0.0763|0.0695|0.0588,
unit_004038,Vienna,19,31,389.4,5,3.0494,5e-05,0.0,0.5,48.234893,16.461542,5|31|7|12|30,0.1089|0.0869|0.0777|0.0716|0.0557,
unit_004039,Vienna,8,8,176.3,31,2.7835,0.0,0.0,0.5,48.235267,16.463802,31|5|16|7|8,0.1103|0.0653|0.0597|0.0563|0.0551,
unit_004041,Vienna,5,5,103.5,9,3.0855,0.0,0.0,0.5,48.240925,16.460933,9|5|12|1|3,0.1684|0.0938|0.0704|0.0686|0.0589,
unit_004042,Vienna,34,102,567.6,5,3.0686,9e-05,0.04867,0.5121,48.241565,16.459013,5|12|19|1|3,0.0987|0.0957|0.0941|0.0915|0.0673,
unit_004043,Vienna,11,11,204.2,5,2.9637,0.0,0.0,0.5,48.245782,16.461404,5|1|25|16|6,0.1011|0.0803|0.0743|0.0676|0.0595,
unit_004044,Vienna,6,6,132.4,5,3.001,0.0,0.0,0.5,48.247531,16.467396,5|12|19|18|30,0.1349|0.0823|0.0792|0.0758|0.0699,
unit_004046,Vienna,20,20,418.2,5,3.001,0.0,0.0,0.5,48.247269,16.46753,5|12|19|18|30,0.1349|0.0823|0.0792|0.0758|0.0699,
unit_004047,Vienna,24,41,553.8,9,3.0905,8e-05,0.0,0.5,48.25022,16.470122,9|5|1|12|18,0.1159|0.1086|0.1022|0.0724|0.0553,
unit_004048,Vienna,8,8,175.9,5,2.9672,0.0,0.0,0.5,48.236921,16.45958,5|19|1|3|16,0.0839|0.0701|0.0694|0.0645|0.0638,
unit_004049,Vienna,6,12,126.3,5,3.0281,0.0,0.03675,0.5092,48.259577,16.473104,5|19|18|1|20,0.1273|0.0768|0.0716|0.0672|0.0609,
unit_004051,Vienna,7,7,151.5,7,2.9229,0.0,0.05596,0.514,48.258199,16.472564,7|19|5|12|16,0.1054|0.0983|0.0882|0.0693|0.0567,
unit_004052,Vienna,11,11,203.6,5,2.7524,0.0,0.0,0.5,48.263822,16.472762,5|12|1|3|31,0.1132|0.0949|0.0790|0.0732|0.0636,
unit_004053,Vienna,7,7,151.8,5,2.8892,0.0,0.0,0.5,48.265496,16.474593,5|8|1|16|3,0.1202|0.0885|0.0766|0.0750|0.0602,
unit_004054,Vienna,17,19,341.0,5,2.9729,0.0,0.04771,0.5119,48.204424,16.482668,5|7|19|30|18,0.1155|0.1064|0.0817|0.0688|0.0659,
unit_004055,Vienna,15,27,265.5,7,2.9427,1e-05,0.04771,0.5119,48.203781,16.484005,7|5|16|19|12,0.1404|0.0926|0.0731|0.0579|0.0572,
unit_004056,Vienna,14,23,282.6,5,3.0249,5e-05,0.0,0.5,48.162795,16.377586,5|7|1|31|8,0.1099|0.0737|0.0734|0.0691|0.0639,
unit_004057,Vienna,8,8,168.1,5,2.9673,0.0,0.0,0.5,48.161777,16.380717,5|31|12|8|1,0.1420|0.0971|0.0652|0.0633|0.0559,
unit_004058,Vienna,6,8,128.2,5,3.0853,4e-05,0.05932,0.5148,48.151313,16.375303,5|31|18|7|8,0.1155|0.0832|0.0729|0.0713|0.0668,
unit_004059,Vienna,6,7,128.2,9,3.0478,2e-05,0.05932,0.5148,48.151615,16.373958,9|6|17|5|4,0.1432|0.1009|0.0986|0.0767|0.0552,
unit_004061,Vienna,8,8,177.4,18,2.9915,0.0,0.0,0.5,48.240222,16.313528,18|31|5|7|8,0.0783|0.0760|0.0759|0.0747|0.0741,
unit_004062,Vienna,7,7,162.7,5,2.968,0.0,0.0,0.5,48.268191,16.45553,5|8|18|2|30,0.1013|0.0730|0.0699|0.0572|0.0529,
unit_004063,Vienna,13,13,261.3,5,3.0116,0.0,0.0,0.5,48.259936,16.454971,5|31|8|1|18,0.0973|0.0896|0.0887|0.0721|0.0693,
unit_004065,Vienna,8,8,177.0,8,2.8831,0.0,0.0,0.5,48.253237,16.443585,8|5|7|31|16,0.1274|0.1136|0.0903|0.0647|0.0601,
unit_004066,Vienna,17,17,329.2,1,2.9574,0.0,0.0,0.5,48.246754,16.430112,1|31|12|10|30,0.1065|0.0830|0.0805|0.0576|0.0572,
unit_004067,Vienna,7,7,109.6,8,2.8151,0.0,0.0,0.5,48.250619,16.429713,8|5|31|10|16,0.1164|0.1070|0.0908|0.0731|0.0571,
unit_004068,Vienna,8,8,179.1,7,2.9372,0.0,0.0,0.5,48.21861,16.29328,7|8|5|18|16,0.1643|0.0799|0.0774|0.0487|0.0438,
unit_004069,Vienna,7,7,157.5,7,2.7631,0.0,0.0,0.5,48.218449,16.297354,7|8|5|18|31,0.1617|0.0917|0.0800|0.0489|0.0453,
unit_004070,Vienna,16,16,278.0,5,2.9831,0.0,0.0,0.5,48.224664,16.297487,5|7|8|31|16,0.1089|0.0996|0.0799|0.0764|0.0513,
unit_004071,Vienna,23,27,373.1,5,2.8758,2e-05,0.0,0.5,48.22417,16.301692,5|31|8|12|7,0.1180|0.0977|0.0855|0.0748|0.0719,
unit_004072,Vienna,6,6,76.1,5,2.9592,0.0,0.0,0.5,48.22275,16.290116,5|15|30|18|7,0.0979|0.0810|0.0785|0.0755|0.0721,
unit_004073,Vienna,10,10,178.5,7,2.9558,0.0,0.0,0.5,48.228507,16.295077,7|8|5|27|31,0.1233|0.1146|0.0816|0.0764|0.0572,
unit_004074,Vienna,8,8,178.7,5,2.9933,0.0,0.0,0.5,48.224605,16.290872,5|18|7|8|30,0.1024|0.0838|0.0794|0.0744|0.0612,
unit_004077,Vienna,7,7,117.2,5,2.8792,0.0,0.0,0.5,48.222629,16.301599,5|8|7|31|16,0.1147|0.0873|0.0744|0.0647|0.0586,
unit_004078,Vienna,6,6,129.0,7,3.0017,0.0,0.0,0.5,48.230076,16.306955,7|8|5|12|18,0.1724|0.0717|0.0715|0.0586|0.0558,
unit_004079,Vienna,25,25,490.8,31,2.953,0.0,0.0,0.5,48.225136,16.314113,31|5|12|8|11,0.1176|0.0780|0.0638|0.0635|0.0621,
unit_004081,Vienna,6,6,131.5,7,2.9451,0.0,0.0,0.5,48.249281,16.348874,7|8|5|18|16,0.1314|0.1074|0.0984|0.0781|0.0579,
unit_004083,Vienna,8,8,182.0,7,3.0417,0.0,0.0,0.5,48.250305,16.343546,7|8|5|31|11,0.1144|0.0817|0.0807|0.0711|0.0535,
unit_004086,Vienna,12,12,172.4,7,2.9182,0.0,0.0,0.5,48.215005,16.290094,7|8|5|16|18,0.1316|0.1028|0.0821|0.0650|0.0624,
unit_004087,Vienna,8,8,176.6,9,3.0127,0.0,0.16929,0.5422,48.251204,16.374899,9|26|5|27|6,0.1486|0.1160|0.0684|0.0679|0.0508,
unit_004088,Vienna,3,3,51.6,9,3.0127,0.0,0.0,0.5,48.251566,16.375408,9|26|5|27|6,0.1486|0.1160|0.0684|0.0679|0.0508,
unit_004089,Vienna,9,9,154.7,9,3.0167,0.0,0.03819,0.5095,48.252948,16.374799,9|26|5|1|27,0.1334|0.1050|0.1026|0.0680|0.0672,
unit_004090,Vienna,3,3,50.9,9,3.0167,0.0,0.05086,0.5127,48.25355,16.374818,9|26|5|1|27,0.1334|0.1050|0.1026|0.0680|0.0672,
unit_004091,Vienna,8,12,178.3,9,3.0436,0.0,0.04736,0.5118,48.254103,16.373693,9|26|18|5|15,0.1442|0.1017|0.0876|0.0763|0.0748,
unit_004092,Vienna,14,26,284.8,26,3.0466,2e-05,0.07504,0.5187,48.254439,16.372068,26|5|9|30|15,0.1068|0.1025|0.0995|0.0765|0.0749,
unit_004093,Vienna,19,30,411.3,9,3.0542,7e-05,0.0,0.5,48.252712,16.374269,9|5|26|1|18,0.1305|0.1234|0.0835|0.0698|0.0643,
unit_004094,Vienna,8,8,180.0,7,2.9326,0.0,0.0,0.5,48.228143,16.282286,7|5|12|19|8,0.1470|0.0750|0.0703|0.0684|0.0456,
unit_004095,Vienna,6,6,134.8,7,2.8959,0.0,0.0,0.5,48.228804,16.284293,7|5|16|12|8,0.1516|0.0757|0.0655|0.0631|0.0505,
unit_004096,Vienna,26,40,491.4,7,3.018,3e-05,0.10234,0.5256,48.225634,16.285994,7|5|12|19|18,0.1427|0.0849|0.0837|0.0651|0.0607,
unit_004098,Vienna,9,9,162.8,7,2.9206,0.0,0.11851,0.5296,48.225542,16.287979,7|5|8|18|31,0.1404|0.0956|0.0954|0.0608|0.0446,
unit_004099,Vienna,11,11,179.8,5,2.9933,0.0,0.0,0.5,48.225203,16.290707,5|18|7|8|30,0.1024|0.0838|0.0794|0.0744|0.0612,
unit_004100,Vienna,10,10,176.3,19,3.0822,0.0,0.0,0.5,48.155378,16.422367,19|5|7|18|30,0.0961|0.0812|0.0776|0.0728|0.0631,
unit_004101,Vienna,8,8,175.7,5,2.9826,0.0,0.0,0.5,48.157239,16.423535,5|12|18|19|15,0.1350|0.0968|0.0884|0.0809|0.0631,
unit_004102,Vienna,12,24,236.4,5,3.0965,0.0,0.05011,0.5125,48.168732,16.411175,5|1|31|12|7,0.1227|0.0934|0.0879|0.0741|0.0736,
unit_004103,Vienna,3,3,52.9,5,3.0653,0.0,0.0,0.5,48.14875,16.482853,5|19|30|18|7,0.1354|0.0858|0.0702|0.0611|0.0605,
unit_004104,Vienna,18,18,373.3,7,3.0013,0.0,0.0,0.5,48.147628,16.482793,7|19|5|12|27,0.1007|0.0861|0.0736|0.0693|0.0561,
unit_004105,Vienna,12,13,218.9,7,3.1355,0.0,0.0,0.5,48.148237,16.480635,7|5|19|12|31,0.0967|0.0783|0.0718|0.0627|0.0595,
unit_004106,Vienna,8,8,182.8,5,3.0465,0.0,0.0,0.5,48.150084,16.478266,5|19|7|1|12,0.1082|0.1058|0.0833|0.0683|0.0662,
unit_004107,Vienna,39,39,593.9,5,3.0429,0.0,0.0,0.5,48.151873,16.471424,5|1|31|18|8,0.1236|0.1108|0.0702|0.0598|0.0518,
unit_004108,Vienna,15,15,248.9,5,2.9408,0.0,0.0,0.5,48.153939,16.466887,5|31|8|11|18,0.1119|0.0982|0.0776|0.0702|0.0564,
unit_004109,Vienna,14,14,284.8,9,2.9986,0.0,0.35622,0.5881,48.156753,16.478641,9|12|5|22|26,0.1625|0.0901|0.0757|0.0535|0.0521,
unit_004110,Vienna,7,7,152.5,9,2.9307,0.0,0.21415,0.5533,48.137521,16.488781,9|17|12|5|4,0.1220|0.1210|0.0831|0.0635|0.0620,
unit_004112,Vienna,7,7,152.5,5,3.0095,0.0,0.03497,0.5087,48.139219,16.488095,5|1|3|18|16,0.1210|0.1021|0.0765|0.0569|0.0547,
unit_004113,Vienna,7,7,152.5,9,2.9385,0.0,0.0,0.5,48.14277,16.487219,9|12|26|5|27,0.1917|0.0638|0.0519|0.0462|0.0416,
unit_004114,Vienna,4,4,76.0,19,2.9287,0.0,0.2639,0.5656,48.151526,16.486894,19|5|17|12|3,0.0906|0.0824|0.0669|0.0519|0.0507,
unit_004115,Vienna,10,10,187.3,26,3.0878,0.0,0.03706,0.5093,48.150684,16.491064,26|9|5|18|28,0.1145|0.1039|0.0927|0.0782|0.0704,
unit_004116,Vienna,11,21,202.9,9,3.0547,2e-05,0.04796,0.512,48.149246,16.488602,9|5|12|26|27,0.1642|0.0934|0.0809|0.0627|0.0622,
unit_004117,Vienna,7,7,154.6,9,2.9227,0.0,0.0,0.5,48.151062,16.48979,9|5|12|6|17,0.1388|0.1057|0.0705|0.0685|0.0571,
unit_004118,Vienna,7,7,153.2,26,3.0878,0.0,0.0,0.5,48.150001,16.491169,26|9|5|18|28,0.1145|0.1039|0.0927|0.0782|0.0704,
unit_004119,Vienna,4,7,75.2,5,3.0429,2e-05,0.04796,0.512,48.148056,16.487904,5|3|9|30|1,0.1310|0.0837|0.0833|0.0748|0.0740,
unit_004120,Vienna,7,7,151.9,5,3.0466,0.0,0.07904,0.5197,48.151048,16.488168,5|9|26|4|27,0.1167|0.1132|0.0901|0.0670|0.0663,
unit_004121,Vienna,6,6,126.6,9,2.9227,0.0,0.10221,0.5255,48.150636,16.489592,9|5|12|6|17,0.1388|0.1057|0.0705|0.0685|0.0571,
unit_004122,Vienna,8,8,177.2,26,3.0878,0.0,0.12538,0.5313,48.150155,16.491114,26|9|5|18|28,0.1145|0.1039|0.0927|0.0782|0.0704,
unit_004123,Vienna,30,46,411.0,5,3.0209,1e-05,0.09614,0.524,48.148103,16.488722,5|3|30|9|1,0.1296|0.0856|0.0771|0.0746|0.0738,
unit_004124,Vienna,29,29,496.9,9,2.9425,0.0,0.0,0.5,48.147653,16.485783,9|5|12|1|19,0.1190|0.1033|0.0990|0.0539|0.0488,
unit_004126,Vienna,3,3,54.6,7,2.8863,0.0,0.0,0.5,48.143153,16.525468,7|5|3|4|2,0.0903|0.0459|0.0431|0.0399|0.0344,
unit_004127,Vienna,25,34,400.2,7,3.0058,3e-05,0.09195,0.523,48.14361,16.523548,7|5|12|31|8,0.1340|0.1126|0.0690|0.0665|0.0575,
unit_004128,Vienna,7,7,119.5,7,2.8863,0.0,0.0,0.5,48.142346,16.525379,7|5|3|4|2,0.0903|0.0459|0.0431|0.0399|0.0344,
unit_004129,Vienna,6,6,130.3,5,3.0365,0.0,0.0,0.5,48.144352,16.52465,5|19|16|11|18,0.1044|0.0910|0.0784|0.0563|0.0554,
unit_004130,Vienna,11,11,216.1,5,2.9118,0.0,0.0,0.5,48.149096,16.511062,5|7|31|8|12,0.1079|0.1008|0.0952|0.0698|0.0617,
unit_004131,Vienna,17,17,315.8,5,2.9501,0.0,0.0,0.5,48.147476,16.51238,5|7|31|16|8,0.1031|0.1010|0.0948|0.0580|0.0547,
unit_004132,Vienna,13,13,267.5,5,3.0704,0.0,0.0,0.5,48.150248,16.502004,5|18|19|1|16,0.1400|0.0928|0.0784|0.0647|0.0644,
unit_004133,Vienna,8,8,179.0,12,2.923,0.0,0.0,0.5,48.152209,16.49871,12|5|15|30|9,0.1148|0.0872|0.0817|0.0766|0.0746,
unit_004134,Vienna,8,15,180.0,5,3.024,1e-05,0.0,0.5,48.149141,16.495533,5|19|30|17|8,0.1290|0.0943|0.0876|0.0692|0.0626,
unit_004135,Vienna,16,16,335.6,5,2.8538,0.0,0.09195,0.523,48.143414,16.522274,5|12|19|7|16,0.1071|0.0733|0.0724|0.0650|0.0603,
unit_004136,Vienna,14,16,263.8,7,2.8872,0.0,0.08661,0.5216,48.147087,16.507952,7|5|19|12|8,0.1601|0.0932|0.0655|0.0592|0.0579,
unit_004137,Vienna,6,6,92.9,19,3.0266,0.0,0.0,0.5,48.147109,16.503583,19|7|5|30|3,0.0927|0.0731|0.0597|0.0576|0.0524,
unit_004138,Vienna,12,12,192.2,7,2.8686,0.0,0.0,0.5,48.147179,16.506169,7|5|8|19|12,0.1689|0.0900|0.0633|0.0567|0.0536,
unit_004139,Vienna,10,13,182.9,5,2.9341,0.0,0.08661,0.5216,48.146196,16.507691,5|7|16|19|8,0.0960|0.0946|0.0817|0.0547|0.0532,
unit_004140,Vienna,8,8,176.4,7,2.9813,0.0,0.0,0.5,48.158588,16.490288,7|5|8|19|3,0.1160|0.0781|0.0682|0.0648|0.0540,
unit_004141,Vienna,11,11,211.3,5,3.0784,0.0,0.0,0.5,48.158639,16.494985,5|1|10|18|19,0.0929|0.0740|0.0658|0.0618|0.0604,
unit_004142,Vienna,16,16,311.6,7,2.9525,0.0,0.0,0.5,48.16072,16.479369,7|5|8|16|19,0.1356|0.1102|0.0656|0.0590|0.0552,
unit_004143,Vienna,8,8,175.4,5,3.0388,0.0,0.0,0.5,48.163433,16.485222,5|19|18|30|12,0.1269|0.1100|0.0781|0.0706|0.0627,
unit_004144,Vienna,8,8,178.9,5,2.8633,0.0,0.0,0.5,48.165384,16.480214,5|12|1|16|31,0.1137|0.1037|0.0736|0.0586|0.0584,
unit_004145,Vienna,8,8,182.1,7,2.932,0.0,0.0,0.5,48.160256,16.483889,7|5|8|31|16,0.0921|0.0831|0.0746|0.0713|0.0531,
unit_004146,Vienna,7,7,157.0,12,2.9142,0.0,0.0,0.5,48.157033,16.484529,12|7|5|1|31,0.0850|0.0799|0.0751|0.0490|0.0447,
unit_004147,Vienna,8,8,178.0,5,3.0653,0.0,0.0,0.5,48.149626,16.48298,5|19|30|18|7,0.1354|0.0858|0.0702|0.0611|0.0605,
unit_004148,Vienna,9,9,165.0,7,2.8612,0.0,0.0,0.5,48.150115,16.47407,7|5|8|12|16,0.1479|0.0806|0.0572|0.0561|0.0554,
unit_004149,Vienna,9,9,157.1,8,2.9633,0.0,0.0,0.5,48.154848,16.471377,8|5|7|31|16,0.1170|0.1096|0.0852|0.0731|0.0620,
unit_004150,Vienna,36,41,666.5,5,3.0768,8e-05,0.04163,0.5104,48.170649,16.425847,5|1|12|7|31,0.1129|0.0957|0.0767|0.0740|0.0690,
unit_004151,Vienna,10,10,177.3,5,2.9507,0.0,0.0,0.5,48.170593,16.420897,5|31|10|8|16,0.0967|0.0898|0.0850|0.0750|0.0711,
unit_004152,Vienna,22,22,395.2,5,3.0153,0.0,0.0,0.5,48.170278,16.431902,5|8|18|31|7,0.1102|0.0983|0.0802|0.0728|0.0708,
unit_004153,Vienna,7,7,153.0,9,2.9385,0.0,0.0,0.5,48.142766,16.487048,9|12|26|5|27,0.1917|0.0638|0.0519|0.0462|0.0416,
unit_004154,Vienna,8,8,178.5,5,3.0095,0.0,0.401,0.5989,48.139097,16.487967,5|1|3|18|16,0.1210|0.1021|0.0765|0.0569|0.0547,
unit_004155,Vienna,7,7,153.0,9,2.9307,0.0,0.401,0.5989,48.137505,16.48862,9|17|12|5|4,0.1220|0.1210|0.0831|0.0635|0.0620,
unit_004156,Vienna,8,8,176.8,9,2.9983,0.0,0.0,0.5,48.146691,16.488276,9|5|4|19|12,0.1410|0.0742|0.0737|0.0677|0.0615,
unit_004157,Vienna,8,9,182.7,9,3.0093,1e-05,0.08054,0.5201,48.146607,16.488357,9|5|4|19|12,0.1408|0.0787|0.0741|0.0689|0.0625,
unit_004158,Vienna,14,14,278.6,5,3.0001,0.0,0.0,0.5,48.137129,16.494055,5|1|15|3|31,0.1385|0.0824|0.0667|0.0633|0.0594,
unit_004159,Vienna,16,32,259.7,5,3.0362,0.0,0.0,0.5,48.138232,16.496882,5|1|19|8|30,0.1047|0.0827|0.0772|0.0578|0.0533,
unit_004160,Vienna,7,7,162.5,5,2.9135,0.0,0.0,0.5,48.164845,16.374942,5|12|31|7|1,0.1056|0.0947|0.0717|0.0619|0.0560,
unit_004161,Vienna,20,24,410.3,7,3.0616,5e-05,0.06169,0.5154,48.086274,16.255171,7|5|8|18|15,0.1176|0.0879|0.0681|0.0640|0.0586,
unit_004163,Vienna,11,11,210.4,7,2.925,0.0,0.0,0.5,48.164912,16.355614,7|8|5|18|19,0.1439|0.0912|0.0906|0.0476|0.0414,
unit_004164,Vienna,11,11,191.4,7,3.01,0.0,0.0,0.5,48.251789,16.309831,7|19|5|30|16,0.1271|0.0760|0.0697|0.0599|0.0528,
unit_004165,Vienna,8,8,178.3,7,2.9729,0.0,0.0,0.5,48.249529,16.313715,7|8|19|5|18,0.1308|0.0739|0.0727|0.0651|0.0616,
unit_004167,Vienna,6,6,134.1,7,2.8996,0.0,0.0467,0.5117,48.252871,16.312778,7|8|5|18|19,0.1773|0.0703|0.0644|0.0638|0.0632,
unit_004169,Vienna,10,10,176.4,7,2.98,0.0,0.0,0.5,48.228973,16.291905,7|5|8|18|31,0.1098|0.1083|0.0917|0.0532|0.0512,
unit_004170,Vienna,12,12,256.3,5,3.0348,0.0,0.0,0.5,48.232859,16.334709,5|7|8|18|31,0.1129|0.1041|0.0737|0.0636|0.0597,
unit_004171,Vienna,14,14,242.9,31,2.8844,0.0,0.0,0.5,48.24469,16.360095,31|8|30|5|20,0.1555|0.0750|0.0483|0.0414|0.0378,
unit_004172,Vienna,7,7,155.0,5,3.0325,0.0,0.0,0.5,48.125787,16.552785,5|1|3|18|27,0.1146|0.0998|0.0709|0.0657|0.0613,
unit_004173,Vienna,5,5,103.4,5,3.0216,0.0,0.0,0.5,48.126247,16.550981,5|19|1|12|3,0.1235|0.0872|0.0797|0.0714|0.0643,
unit_004174,Vienna,4,5,89.5,7,2.9892,0.0,0.0,0.5,48.145514,16.510427,7|5|16|8|31,0.1239|0.0997|0.0620|0.0595|0.0460,
unit_004175,Vienna,8,8,131.8,7,2.9727,0.0,0.0,0.5,48.145617,16.511251,7|5|16|8|31,0.1243|0.0990|0.0620|0.0592|0.0458,
unit_004176,Vienna,8,8,176.9,5,3.0411,0.0,0.0,0.5,48.171687,16.473418,5|19|18|30|20,0.1144|0.1096|0.0862|0.0744|0.0573,
unit_004177,Vienna,10,10,180.7,5,2.8606,0.0,0.0,0.5,48.155437,16.464956,5|8|31|10|16,0.1209|0.1192|0.1044|0.0617|0.0527,
unit_004178,Vienna,8,8,179.5,8,3.0285,0.0,0.0,0.5,48.154901,16.460083,8|1|18|31|5,0.0908|0.0905|0.0798|0.0743|0.0732,
unit_004179,Vienna,11,11,212.5,5,2.9158,0.0,0.0,0.5,48.151888,16.46056,5|31|12|7|10,0.1059|0.0910|0.0876|0.0659|0.0637,
unit_004180,Vienna,7,7,150.1,5,2.9755,0.0,0.0,0.5,48.151345,16.457,5|8|31|16|18,0.1298|0.0719|0.0718|0.0708|0.0609,
unit_004181,Vienna,10,10,155.9,7,2.9419,0.0,0.0,0.5,48.150463,16.459467,7|5|8|18|31,0.1497|0.1158|0.0878|0.0675|0.0586,
unit_004183,Vienna,9,9,159.3,12,3.0426,0.0,0.0,0.5,48.145013,16.475997,12|1|9|7|5,0.1129|0.0869|0.0859|0.0778|0.0694,
unit_004184,Vienna,10,10,180.2,5,3.0589,0.0,0.0,0.5,48.140383,16.469344,5|3|1|31|8,0.1051|0.0817|0.0720|0.0669|0.0651,
unit_004185,Vienna,6,6,130.3,5,2.9195,0.0,0.0,0.5,48.142443,16.470468,5|8|10|7|31,0.0979|0.0916|0.0715|0.0624|0.0591,
unit_004186,Vienna,16,16,256.9,5,2.9585,0.0,0.0,0.5,48.125944,16.472783,5|7|12|1|31,0.1269|0.0940|0.0845|0.0688|0.0620,
unit_004187,Vienna,43,124,665.0,24,3.0845,0.00011,0.09189,0.5229,48.122488,16.470511,24|5|17|26|6,0.1080|0.1059|0.0952|0.0788|0.0598,
unit_004189,Vienna,14,32,243.1,5,2.9735,1e-05,0.03857,0.5096,48.130872,16.47447,5|12|31|7|19,0.1365|0.0878|0.0725|0.0626|0.0615,
unit_004190,Vienna,8,8,176.4,5,2.9091,0.0,0.0,0.5,48.122631,16.477604,5|19|17|18|4,0.1069|0.0991|0.0690|0.0655|0.0633,
unit_004191,Vienna,10,10,182.2,5,2.9091,0.0,0.0,0.5,48.123297,16.477635,5|19|17|18|4,0.1069|0.0991|0.0690|0.0655|0.0633,
unit_004192,Vienna,5,5,104.3,9,2.9847,0.0,0.0,0.5,48.12332,16.47933,9|4|12|5|17,0.1310|0.0781|0.0759|0.0730|0.0709,
unit_004193,Vienna,4,4,75.2,5,2.9091,0.0,0.0,0.5,48.123369,16.477395,5|19|17|18|4,0.1069|0.0991|0.0690|0.0655|0.0633,
unit_004194,Vienna,14,40,325.7,24,3.0443,0.00015,0.0,0.5,48.122508,16.47005,24|17|5|26|6,0.1183|0.0943|0.0880|0.0767|0.0605,
unit_004195,Vienna,14,32,325.7,24,2.6488,0.0,0.0,0.5,48.124636,16.460142,24|17|6|26|9,0.1647|0.1186|0.0714|0.0633|0.0480,
unit_004196,Vienna,8,10,127.1,5,2.9659,1e-05,0.03265,0.5082,48.124933,16.452259,5|9|4|26|19,0.1239|0.1033|0.0757|0.0629|0.0571,
unit_004197,Vienna,24,26,511.3,5,2.9073,3e-05,0.0,0.5,48.104425,16.458946,5|19|12|30|7,0.1296|0.0782|0.0681|0.0547|0.0546,
unit_004198,Vienna,34,44,580.5,5,2.8971,2e-05,0.0,0.5,48.110918,16.462968,5|31|7|12|16,0.1072|0.0900|0.0895|0.0689|0.0586,
unit_004199,Vienna,8,8,175.9,7,2.8818,0.0,0.0,0.5,48.108085,16.463513,7|19|5|15|12,0.0954|0.0936|0.0877|0.0607|0.0597,
unit_004200,Vienna,11,11,210.8,5,3.0583,0.0,0.0,0.5,48.121983,16.45855,5|7|30|19|12,0.1092|0.0973|0.0642|0.0638|0.0566,
unit_004201,Vienna,9,9,156.5,7,2.9288,0.0,0.0,0.5,48.122833,16.461722,7|8|5|31|19,0.1499|0.0893|0.0885|0.0609|0.0547,
unit_004202,Vienna,7,7,102.0,7,2.8912,0.0,0.0,0.5,48.12161,16.461737,7|8|5|31|16,0.1388|0.1096|0.0793|0.0509|0.0492,
unit_004205,Vienna,8,8,127.6,7,2.6029,0.0,0.0,0.5,48.119212,16.460518,7|8|5|16|31,0.1419|0.0922|0.0908|0.0514|0.0504,
unit_004206,Vienna,17,17,321.8,7,2.9107,0.0,0.19659,0.549,48.097496,16.454168,7|5|31|8|19,0.1050|0.1011|0.0803|0.0665|0.0553,
unit_004209,Vienna,8,8,176.6,5,3.0037,0.0,0.0,0.5,48.104858,16.436778,5|19|7|18|15,0.1070|0.0959|0.0916|0.0707|0.0613,
unit_004210,Vienna,22,25,382.6,7,2.9049,2e-05,0.0,0.5,48.098617,16.421914,7|5|16|8|31,0.1281|0.1080|0.0761|0.0718|0.0516,
unit_004211,Vienna,9,9,161.2,7,2.8884,0.0,0.0,0.5,48.099242,16.425356,7|5|16|19|31,0.1318|0.0892|0.0633|0.0540|0.0447,
unit_004212,Vienna,9,9,160.4,5,3.0166,0.0,0.0,0.5,48.100427,16.427861,5|7|19|8|15,0.0834|0.0814|0.0774|0.0527|0.0491,
unit_004213,Vienna,22,22,340.1,7,2.7887,0.0,0.0,0.5,48.097677,16.423468,7|5|8|16|19,0.1530|0.0949|0.0639|0.0637|0.0469,
unit_004214,Vienna,15,15,223.0,7,3.002,0.0,0.0,0.5,48.144024,16.300814,7|31|5|8|16,0.1250|0.0803|0.0761|0.0706|0.0622,
unit_004215,Vienna,11,11,176.8,7,2.9092,0.0,0.0,0.5,48.145671,16.301344,7|12|5|31|16,0.1488|0.1004|0.0822|0.0603|0.0502,
unit_004216,Vienna,14,14,293.2,31,2.8952,0.0,0.0,0.5,48.142726,16.290647,31|5|7|8|16,0.1239|0.0850|0.0716|0.0715|0.0539,
unit_004217,Vienna,15,15,217.1,7,2.8161,0.0,0.0,0.5,48.140389,16.263334,7|5|12|31|15,0.1030|0.0987|0.0851|0.0676|0.0524,
unit_004218,Vienna,14,14,249.8,7,2.9206,0.0,0.0,0.5,48.140163,16.267463,7|5|8|31|16,0.1232|0.1117|0.0810|0.0664|0.0637,
unit_004220,Vienna,7,7,159.5,7,2.9059,0.0,0.0,0.5,48.14205,16.259678,7|5|8|16|18,0.1523|0.1048|0.0902|0.0668|0.0580,
unit_004222,Vienna,11,11,157.0,7,2.8221,0.0,0.0,0.5,48.136198,16.255165,7|12|5|19|31,0.1518|0.0891|0.0745|0.0605|0.0593,
unit_004224,Vienna,7,7,119.3,7,2.8881,0.0,0.0,0.5,48.135488,16.25195,7|12|5|16|8,0.1512|0.0893|0.0830|0.0580|0.0541,
unit_004225,Vienna,10,10,178.4,7,2.9979,0.0,0.0,0.5,48.135534,16.246561,7|8|27|5|20,0.1042|0.0811|0.0764|0.0629|0.0600,
unit_004226,Vienna,15,15,203.9,5,2.9636,0.0,0.0,0.5,48.276875,16.497027,5|16|7|19|8,0.1144|0.0914|0.0846|0.0625|0.0525,
unit_004227,Vienna,7,7,154.9,5,3.0618,0.0,0.0,0.5,48.237005,16.441132,5|11|18|1|31,0.1279|0.0810|0.0786|0.0772|0.0763,
unit_004228,Vienna,10,10,194.9,5,2.9196,0.0,0.0,0.5,48.243661,16.440094,5|8|31|10|16,0.1038|0.1019|0.0747|0.0722|0.0596,
unit_004230,Vienna,11,11,210.9,31,2.894,0.0,0.0,0.5,48.258163,16.365798,31|5|8|12|16,0.1272|0.0993|0.0953|0.0695|0.0539,
unit_004231,Vienna,20,20,365.9,31,2.9061,0.0,0.0,0.5,48.258403,16.368457,31|12|7|17|5,0.1058|0.0889|0.0678|0.0647|0.0575,
unit_004232,Vienna,16,16,306.9,19,3.0358,0.0,0.0,0.5,48.255803,16.369295,19|17|12|7|31,0.0809|0.0806|0.0681|0.0678|0.0562,
unit_004233,Vienna,11,11,178.0,7,2.9702,0.0,0.0,0.5,48.25755,16.361618,7|5|31|8|19,0.1252|0.0741|0.0729|0.0696|0.0578,
unit_004234,Vienna,9,9,165.9,9,3.0193,0.0,0.0,0.5,48.23656,16.360797,9|26|5|27|1,0.1288|0.1092|0.0675|0.0663|0.0573,
unit_004237,Vienna,13,13,258.4,5,3.0662,0.0,0.0,0.5,48.278998,16.478836,5|3|1|16|19,0.1019|0.0737|0.0704|0.0590|0.0551,
unit_004238,Vienna,14,14,290.4,7,3.0462,0.0,0.0,0.5,48.282061,16.481193,7|5|3|19|1,0.1102|0.0961|0.0676|0.0672|0.0641,
unit_004239,Vienna,31,50,702.8,5,3.0676,2e-05,0.0,0.5,48.236468,16.474872,5|1|31|8|11,0.1310|0.0919|0.0719|0.0685|0.0684,
unit_004240,Vienna,8,8,179.8,5,2.9721,0.0,0.0,0.5,48.251754,16.473288,5|1|26|30|8,0.1414|0.0879|0.0580|0.0565|0.0537,
unit_004241,Vienna,4,4,75.6,7,2.7876,0.0,0.0,0.5,48.233765,16.483308,7|8|5|19|31,0.1683|0.0861|0.0775|0.0498|0.0405,
unit_004242,Vienna,8,8,176.4,8,2.9536,0.0,0.0,0.5,48.233549,16.479682,8|7|5|19|3,0.0946|0.0891|0.0882|0.0834|0.0466,
unit_004243,Vienna,8,8,179.7,5,2.6514,0.0,0.0,0.5,48.236232,16.47711,5|8|7|31|16,0.1016|0.0939|0.0802|0.0643|0.0642,
unit_004244,Vienna,24,30,373.5,7,2.9505,0.0,0.04649,0.5116,48.237348,16.479269,7|5|31|8|12,0.1162|0.1080|0.0786|0.0664|0.0561,
unit_004245,Vienna,19,19,333.6,7,2.904,0.0,0.0,0.5,48.234902,16.478377,7|5|31|16|8,0.1270|0.1217|0.0790|0.0700|0.0682,
unit_004246,Vienna,11,12,221.0,5,2.9136,0.0,0.04649,0.5116,48.238243,16.47896,5|12|8|31|7,0.1192|0.0874|0.0835|0.0756|0.0638,
unit_004247,Vienna,23,23,412.3,5,2.9944,0.0,0.0,0.5,48.237866,16.481424,5|31|1|7|8,0.1258|0.0790|0.0757|0.0717|0.0627,
unit_004248,Vienna,9,9,168.7,5,2.9506,0.0,0.0,0.5,48.235582,16.470214,5|8|31|18|7,0.1270|0.0890|0.0807|0.0653|0.0626,
unit_004249,Vienna,7,7,156.0,5,2.9506,0.0,0.0,0.5,48.23524,16.470006,5|8|31|18|7,0.1270|0.0890|0.0807|0.0653|0.0626,
unit_004251,Vienna,8,8,175.1,7,3.0154,0.0,0.0,0.5,48.272573,16.48172,7|5|19|12|1,0.1163|0.0858|0.0809|0.0704|0.0607,
unit_004252,Vienna,8,8,175.1,7,2.9696,0.0,0.0,0.5,48.272581,16.478919,7|12|19|5|30,0.1112|0.1027|0.0942|0.0870|0.0598,
unit_004254,Vienna,8,8,178.7,30,2.8409,0.0,0.0,0.5,48.247915,16.421327,30|5|19|7|8,0.0863|0.0837|0.0836|0.0744|0.0598,
unit_004257,Vienna,10,10,179.1,31,2.7513,0.0,0.0,0.5,48.254913,16.355593,31|8|7|5|16,0.1193|0.0892|0.0666|0.0652|0.0552,
unit_004258,Vienna,9,12,166.4,31,2.9403,2e-05,0.10144,0.5253,48.259112,16.358731,31|7|5|8|16,0.1114|0.0732|0.0691|0.0602|0.0553,
unit_004259,Vienna,5,5,112.1,7,2.7971,0.0,0.10144,0.5253,48.258258,16.358377,7|12|5|31|8,0.1508|0.0971|0.0889|0.0733|0.0579,
unit_004262,Vienna,8,8,175.9,5,2.9261,0.0,0.0,0.5,48.260455,16.355004,5|7|8|16|18,0.1025|0.0980|0.0802|0.0757|0.0557,
unit_004263,Vienna,8,8,178.8,31,2.823,0.0,0.0,0.5,48.25416,16.361225,31|8|5|27|7,0.1316|0.0855|0.0635|0.0570|0.0453,
unit_004265,Vienna,9,10,157.7,8,2.8722,0.0,0.04648,0.5116,48.256324,16.353533,8|5|31|7|16,0.1078|0.0914|0.0857|0.0800|0.0521,
unit_004267,Vienna,16,16,198.3,12,2.8159,0.0,0.10918,0.5273,48.236647,16.370503,12|5|31|10|1,0.1189|0.1096|0.0949|0.0716|0.0559,
unit_004269,Vienna,8,8,177.7,12,3.0495,0.0,0.0,0.5,48.249342,16.371081,12|5|1|18|28,0.0953|0.0918|0.0834|0.0826|0.0611,
unit_004270,Vienna,4,4,76.2,12,3.1427,0.0,0.0,0.5,48.247281,16.369668,12|5|18|11|2,0.0866|0.0715|0.0686|0.0646|0.0592,
unit_004271,Vienna,8,8,134.2,7,2.8787,0.0,0.09516,0.5238,48.301451,16.470674,7|5|8|16|19,0.1186|0.1093|0.0689|0.0614|0.0518,
unit_004272,Vienna,23,23,439.1,1,2.9518,0.0,0.0,0.5,48.284021,16.385189,1|30|12|5|31,0.0921|0.0847|0.0789|0.0699|0.0624,
unit_004273,Vienna,14,14,284.0,31,2.8961,0.0,0.0,0.5,48.173464,16.392141,31|5|12|8|11,0.1817|0.0545|0.0492|0.0400|0.0343,
unit_004274,Vienna,14,18,180.2,31,2.8663,0.0,0.18066,0.545,48.174947,16.392162,31|8|27|18|22,0.1923|0.0682|0.0398|0.0315|0.0310,
unit_004275,Vienna,15,17,272.2,1,2.9568,1e-05,0.04545,0.5114,48.175178,16.39394,1|6|17|30|28,0.0974|0.0884|0.0775|0.0717|0.0656,
unit_004276,Vienna,9,10,162.2,8,3.0381,0.0,0.11121,0.5278,48.175437,16.392712,8|31|5|10|18,0.0942|0.0926|0.0692|0.0611|0.0537,
unit_004277,Vienna,9,9,128.8,31,2.9009,0.0,0.0,0.5,48.171819,16.386481,31|12|5|8|10,0.1329|0.0893|0.0817|0.0648|0.0579,
unit_004278,Vienna,7,10,107.4,31,3.0335,0.0,0.13357,0.5333,48.17278,16.38855,31|7|8|5|10,0.1122|0.0902|0.0747|0.0638|0.0567,
unit_004279,Vienna,14,14,234.0,31,2.9019,0.0,0.0,0.5,48.16325,16.382981,31|5|8|30|1,0.1423|0.0593|0.0576|0.0520|0.0489,
unit_004280,Vienna,18,23,291.2,31,2.9814,6e-05,0.0,0.5,48.165143,16.382098,31|5|12|18|8,0.1531|0.0735|0.0732|0.0617|0.0577,
unit_004282,Vienna,5,5,52.2,24,2.6556,0.0,0.0,0.5,48.228646,16.416071,24|17|9|6|5,0.1622|0.1138|0.0807|0.0586|0.0372,
unit_004283,Vienna,40,69,838.2,5,3.1222,2e-05,0.03472,0.5087,48.230556,16.416101,5|17|31|3|9,0.1051|0.0803|0.0754|0.0736|0.0658,
unit_004285,Vienna,3,4,50.4,5,3.1212,3e-05,0.03472,0.5087,48.231282,16.415641,5|1|3|12|18,0.0977|0.0897|0.0889|0.0802|0.0786,
unit_004286,Vienna,9,13,205.5,9,3.1261,0.0,0.0,0.5,48.230871,16.412563,9|17|6|1|19,0.1132|0.1016|0.0817|0.0680|0.0656,
unit_004287,Vienna,4,4,76.5,9,3.0548,0.0,0.0,0.5,48.230595,16.452625,9|12|17|7|3,0.1193|0.0908|0.0852|0.0641|0.0587,
unit_004288,Vienna,15,19,303.9,9,3.1187,2e-05,0.0,0.5,48.237654,16.45831,9|5|12|18|3,0.1269|0.0897|0.0849|0.0648|0.0643,
unit_004289,Vienna,8,8,177.3,9,3.0548,0.0,0.0,0.5,48.231014,16.453123,9|12|17|7|3,0.1193|0.0908|0.0852|0.0641|0.0587,
unit_004290,Vienna,7,7,154.9,5,2.8515,0.0,0.10991,0.5275,48.237271,16.463501,5|31|12|10|8,0.1000|0.0791|0.0740|0.0708|0.0684,
unit_004291,Vienna,11,14,187.2,5,2.9774,2e-05,0.10991,0.5274,48.237745,16.46474,5|19|7|8|16,0.0997|0.0813|0.0689|0.0648|0.0552,
unit_004292,Vienna,18,24,230.6,9,3.0302,0.0,0.12118,0.5303,48.202486,16.433096,9|5|19|26|8,0.1004|0.0755|0.0697|0.0690|0.0631,
unit_004294,Vienna,9,10,203.3,9,2.9702,2e-05,0.0,0.5,48.201936,16.430226,9|19|27|5|20,0.1013|0.0885|0.0858|0.0847|0.0709,
unit_004295,Vienna,8,9,179.7,5,2.8314,0.0,0.05832,0.5146,48.201081,16.41676,5|19|30|2|18,0.0922|0.0841|0.0613|0.0437|0.0421,
unit_004296,Vienna,6,6,130.1,9,3.0057,0.0,0.0,0.5,48.197657,16.422659,9|26|27|5|22,0.1697|0.0876|0.0777|0.0763|0.0525,
unit_004297,Vienna,8,8,177.9,9,3.0961,0.0,0.0,0.5,48.195682,16.413411,9|5|26|18|17,0.1171|0.0917|0.0802|0.0772|0.0685,
unit_004298,Vienna,7,7,152.5,9,2.9331,0.0,0.0,0.5,48.195347,16.418619,9|26|27|5|28,0.1066|0.1032|0.0872|0.0704|0.0688,
unit_004300,Vienna,8,8,131.6,5,2.9048,0.0,0.0,0.5,48.160147,16.312095,5|7|31|16|8,0.1112|0.1061|0.0881|0.0617|0.0582,
unit_004301,Vienna,9,9,158.5,7,2.9433,0.0,0.0,0.5,48.229606,16.286886,7|19|5|16|12,0.1417|0.0883|0.0726|0.0713|0.0552,
unit_004302,Vienna,8,8,181.7,5,2.9948,0.0,0.0,0.5,48.082605,16.294971,5|7|8|31|16,0.1018|0.0908|0.0870|0.0688|0.0481,
unit_004303,Vienna,7,7,155.5,8,2.8614,0.0,0.03889,0.5097,48.245392,16.308371,8|5|7|31|27,0.1241|0.1003|0.0782|0.0681|0.0419,
unit_004304,Vienna,8,8,176.1,7,2.9294,0.0,0.0,0.5,48.247175,16.304656,7|5|8|1|31,0.1055|0.1053|0.0859|0.0639|0.0544,
unit_004305,Vienna,8,8,159.7,5,2.9983,0.0,0.0,0.5,48.180521,16.416008,5|31|8|10|16,0.0848|0.0826|0.0752|0.0736|0.0699,
unit_004306,Vienna,10,10,185.2,5,2.9983,0.0,0.0,0.5,48.18047,16.415874,5|31|8|10|16,0.0848|0.0826|0.0752|0.0736|0.0699,
unit_004307,Vienna,17,17,274.0,5,3.012,0.0,0.06623,0.5166,48.172665,16.424035,5|8|7|18|31,0.0982|0.0898|0.0862|0.0600|0.0567,
unit_004308,Vienna,7,11,155.3,5,3.0552,1e-05,0.05393,0.5135,48.171769,16.425053,5|11|1|7|18,0.1155|0.0794|0.0747|0.0746|0.0685,
unit_004309,Vienna,13,19,168.4,7,3.0071,2e-05,0.06082,0.5152,48.173375,16.426696,7|5|8|31|19,0.1139|0.1131|0.0754|0.0718|0.0646,
unit_004312,Vienna,5,5,107.1,5,2.8974,0.0,0.05782,0.5145,48.174154,16.426838,5|31|12|7|8,0.1116|0.1098|0.0847|0.0781|0.0431,
unit_004313,Vienna,8,8,179.2,5,2.9277,0.0,0.0,0.5,48.158085,16.42854,5|12|31|19|8,0.1134|0.0643|0.0547|0.0456|0.0439,
unit_004314,Vienna,19,19,333.6,7,3.023,0.0,0.0,0.5,48.160373,16.426918,7|5|8|18|31,0.1326|0.1000|0.0666|0.0559|0.0516,
unit_004316,Vienna,8,8,175.1,19,2.9431,0.0,0.0,0.5,48.147089,16.43076,19|7|5|12|18,0.1066|0.0815|0.0784|0.0687|0.0618,
unit_004317,Vienna,9,9,159.1,7,3.0391,0.0,0.0,0.5,48.161363,16.415157,7|5|19|12|16,0.1138|0.1078|0.0810|0.0593|0.0575,
unit_004318,Vienna,10,10,182.8,7,3.0944,0.0,0.0,0.5,48.162631,16.421306,7|12|5|31|19,0.1034|0.0848|0.0799|0.0731|0.0703,
unit_004319,Vienna,27,29,381.0,31,2.9284,0.0,0.09884,0.5247,48.166621,16.419606,31|5|1|11|28,0.1266|0.0990|0.0854|0.0684|0.0535,
unit_004320,Vienna,7,7,151.1,5,2.7852,0.0,0.0,0.5,48.131423,16.456418,5|19|30|26|8,0.1272|0.0904|0.0697|0.0588|0.0534,
unit_004321,Vienna,11,11,201.3,5,2.9827,0.0,0.25983,0.5646,48.131946,16.43818,5|31|8|1|7,0.1149|0.0832|0.0745|0.0725|0.0672,
unit_004322,Vienna,8,8,176.2,7,2.959,0.0,0.0,0.5,48.135156,16.413671,7|5|19|16|8,0.1186|0.1034|0.0721|0.0718|0.0444,
unit_004323,Vienna,9,9,153.6,7,2.8455,0.0,0.25983,0.5646,48.132893,16.438566,7|12|31|5|2,0.1025|0.0859|0.0699|0.0694|0.0480,
unit_004324,Vienna,7,7,150.4,17,3.1038,0.0,0.0,0.5,48.131255,16.440336,17|6|9|8|26,0.1018|0.0891|0.0873|0.0664|0.0657,
unit_004325,Vienna,15,15,258.8,5,2.9902,0.0,0.0,0.5,48.134009,16.407857,5|19|7|12|30,0.1088|0.0946|0.0904|0.0606|0.0584,
unit_004326,Vienna,8,8,178.7,31,2.7601,0.0,0.0,0.5,48.134245,16.409808,31|7|5|8|16,0.0989|0.0969|0.0833|0.0717|0.0637,
unit_004327,Vienna,12,12,230.3,5,2.9383,0.0,0.0,0.5,48.13199,16.418266,5|19|30|7|8,0.1083|0.0815|0.0721|0.0632|0.0599,
unit_004328,Vienna,10,10,182.4,7,2.8295,0.0,0.0,0.5,48.139905,16.384451,7|5|31|8|16,0.1111|0.0912|0.0891|0.0877|0.0631,
unit_004329,Vienna,14,14,152.1,7,2.974,0.0,0.0,0.5,48.142219,16.384195,7|12|10|18|5,0.1116|0.0967|0.0698|0.0625|0.0620,
unit_004330,Vienna,11,13,204.5,5,3.0695,0.0,0.03896,0.5097,48.145334,16.385764,5|8|7|17|18,0.0990|0.0922|0.0881|0.0563|0.0532,
unit_004331,Vienna,12,12,190.7,5,2.9992,0.0,0.0,0.5,48.141927,16.38082,5|12|7|19|16,0.0899|0.0882|0.0879|0.0683|0.0636,
unit_004332,Vienna,6,7,131.4,5,2.9702,0.0,0.03896,0.5097,48.14456,16.384942,5|7|8|31|12,0.1208|0.0792|0.0686|0.0676|0.0558,
unit_004334,Vienna,11,25,215.4,5,3.0923,2e-05,0.15433,0.5385,48.124027,16.330507,5|24|17|3|9,0.1073|0.1065|0.0817|0.0593|0.0559,
unit_004337,Vienna,10,10,144.9,7,2.7681,0.0,0.0,0.5,48.107524,16.294899,7|5|8|16|31,0.1095|0.1018|0.0996|0.0802|0.0492,
unit_004338,Vienna,11,11,217.0,5,3.0267,0.0,0.0,0.5,48.111956,16.297064,5|7|8|20|1,0.1317|0.0795|0.0745|0.0637|0.0631,
unit_004339,Vienna,12,12,165.5,7,2.7971,0.0,0.0,0.5,48.10542,16.295764,7|5|8|16|31,0.1349|0.0929|0.0925|0.0520|0.0384,
unit_004340,Vienna,19,25,326.8,7,2.9595,1e-05,0.05342,0.5134,48.079967,16.351704,7|5|12|31|1,0.1228|0.1000|0.0892|0.0745|0.0475,
unit_004341,Vienna,13,13,215.3,7,2.7786,0.0,0.13618,0.534,48.084017,16.352593,7|12|5|31|16,0.1463|0.1025|0.0975|0.0692|0.0523,
unit_004342,Vienna,21,21,383.1,5,2.9008,0.0,0.0,0.5,48.087982,16.354142,5|19|12|16|31,0.0929|0.0806|0.0797|0.0560|0.0454,
unit_004343,Vienna,16,16,327.2,5,2.9262,0.0,0.0,0.5,48.08591,16.355489,5|1|3|16|31,0.1273|0.0741|0.0692|0.0667|0.0599,
unit_004344,Vienna,10,10,182.7,7,2.7873,0.0,0.0,0.5,48.086941,16.348405,7|5|12|31|16,0.1612|0.0978|0.0926|0.0591|0.0565,
unit_004346,Vienna,10,10,186.8,7,2.8515,0.0,0.0,0.5,48.087673,16.346305,7|5|12|31|16,0.1193|0.1166|0.1004|0.0623|0.0510,
unit_004347,Vienna,12,12,251.9,31,2.8872,0.0,0.0,0.5,48.083537,16.345656,31|5|8|7|16,0.1047|0.0953|0.0695|0.0549|0.0467,
unit_004348,Vienna,33,33,539.9,5,2.9829,0.0,0.24158,0.5601,48.085818,16.358925,5|1|3|16|19,0.1473|0.0880|0.0738|0.0598|0.0548,
unit_004349,Vienna,8,8,180.1,19,2.854,0.0,0.24158,0.5601,48.084082,16.359221,19|5|12|30|15,0.1045|0.0990|0.0757|0.0666|0.0568,
unit_004350,Vienna,9,9,160.3,5,2.7554,0.0,0.0,0.5,48.088453,16.352518,5|7|8|19|30,0.1018|0.0985|0.0825|0.0482|0.0469,
unit_004351,Vienna,11,11,206.4,5,2.8769,0.0,0.0,0.5,48.089272,16.348863,5|7|19|12|15,0.1049|0.0839|0.0785|0.0715|0.0545,
unit_004352,Vienna,9,9,165.6,5,2.7895,0.0,0.0,0.5,48.085796,16.350901,5|12|7|31|18,0.1153|0.1050|0.0964|0.0668|0.0645,
unit_004353,Vienna,7,7,152.4,7,2.8611,0.0,0.0,0.5,48.085775,16.338513,7|5|8|18|16,0.1534|0.0912|0.0863|0.0446|0.0419,
unit_004354,Vienna,8,8,181.7,5,2.9006,0.0,0.0,0.5,48.084659,16.338339,5|8|31|7|16,0.1179|0.1010|0.0930|0.0644|0.0561,
unit_004355,Vienna,31,37,515.3,7,2.8988,3e-05,0.0,0.5,48.086015,16.326612,7|5|12|16|19,0.1324|0.0917|0.0780|0.0574|0.0503,
unit_004356,Vienna,8,8,176.3,7,2.7631,0.0,0.0,0.5,48.086757,16.325737,7|5|8|16|31,0.1290|0.1082|0.0826|0.0635|0.0546,
unit_004357,Vienna,16,16,312.5,5,3.0427,0.0,0.0,0.5,48.084486,16.324781,5|7|1|27|31,0.1402|0.0983|0.0656|0.0579|0.0529,
unit_004358,Vienna,6,6,91.0,7,2.874,0.0,0.0,0.5,48.091375,16.325531,7|19|16|15|12,0.1132|0.0552|0.0530|0.0527|0.0517,
unit_004359,Vienna,11,21,219.0,5,3.0147,0.0,0.0,0.5,48.086181,16.319227,5|8|31|18|16,0.1427|0.0990|0.0721|0.0675|0.0569,
unit_004360,Vienna,13,13,264.5,5,2.8781,0.0,0.0,0.5,48.08689,16.314847,5|8|7|31|16,0.0978|0.0756|0.0747|0.0636|0.0627,
unit_004361,Vienna,8,8,183.0,5,2.8997,0.0,0.0,0.5,48.08742,16.318039,5|7|12|31|1,0.1106|0.1071|0.0898|0.0586|0.0488,
unit_004363,Vienna,4,4,76.2,5,2.8765,0.0,0.03922,0.5098,48.082835,16.317304,5|8|7|16|31,0.1111|0.0828|0.0809|0.0672|0.0549,
unit_004364,Vienna,16,19,301.3,5,2.9046,1e-05,0.07284,0.5182,48.082731,16.318553,5|7|18|12|31,0.0981|0.0869|0.0635|0.0635|0.0625,
unit_004366,Vienna,13,13,260.7,5,2.978,0.0,0.0,0.5,48.079812,16.316398,5|19|16|1|3,0.1223|0.0826|0.0752|0.0748|0.0639,
unit_004367,Vienna,7,8,151.8,5,2.8848,0.0,0.10647,0.5266,48.08238,16.317482,5|7|8|16|31,0.1127|0.0826|0.0822|0.0678|0.0561,
unit_004368,Vienna,11,11,185.3,8,2.9909,0.0,0.0,0.5,48.080329,16.302959,8|5|19|7|16,0.0699|0.0651|0.0646|0.0602|0.0577,
unit_004369,Vienna,8,8,184.5,7,2.7808,0.0,0.0,0.5,48.078433,16.303235,7|5|12|31|16,0.1406|0.0968|0.0893|0.0618|0.0543,
unit_004371,Vienna,13,13,256.4,5,3.0168,0.0,0.0,0.5,48.070745,16.302232,5|19|1|31|8,0.1326|0.0736|0.0719|0.0688|0.0630,
unit_004372,Vienna,19,24,295.1,7,3.0041,1e-05,0.03851,0.5096,48.076849,16.296025,7|8|5|16|31,0.1168|0.0870|0.0806|0.0532|0.0469,
unit_004374,Vienna,25,29,450.9,7,2.9606,4e-05,0.0,0.5,48.078055,16.290885,7|5|31|8|16,0.1353|0.1000|0.0784|0.0763|0.0516,
unit_004375,Vienna,13,13,170.8,7,2.9505,0.0,0.0,0.5,48.080835,16.291509,7|5|8|18|31,0.1370|0.0887|0.0855|0.0682|0.0677,
unit_004376,Vienna,10,11,158.8,7,2.966,0.0,0.0691,0.5173,48.078963,16.288911,7|8|31|5|18,0.1359|0.0988|0.0764|0.0746|0.0535,
unit_004377,Vienna,13,13,235.4,7,2.8289,0.0,0.0,0.5,48.078032,16.296632,7|5|12|31|16,0.1577|0.0914|0.0887|0.0671|0.0539,
unit_004378,Vienna,11,11,184.4,7,2.8581,0.0,0.06513,0.5163,48.076882,16.298906,7|12|5|16|31,0.1261|0.0865|0.0791|0.0539|0.0473,
unit_004379,Vienna,12,12,196.2,7,2.9166,0.0,0.06513,0.5163,48.075465,16.298982,7|12|5|31|19,0.1399|0.0980|0.0749|0.0603|0.0582,
unit_004380,Vienna,8,8,177.0,5,3.0607,0.0,0.0,0.5,48.074489,16.306914,5|1|3|7|16,0.0992|0.0956|0.0791|0.0734|0.0672,
unit_004381,Vienna,13,13,227.3,31,3.0025,0.0,0.0,0.5,48.082003,16.300472,31|5|8|16|7,0.0940|0.0844|0.0769|0.0550|0.0505,
unit_004382,Vienna,8,8,177.4,5,3.0072,0.0,0.0,0.5,48.064908,16.310789,5|19|18|30|15,0.1170|0.0882|0.0776|0.0721|0.0689,
unit_004384,Vienna,8,8,181.9,5,2.9867,0.0,0.0,0.5,48.067728,16.315356,5|18|7|19|27,0.0999|0.0914|0.0655|0.0622|0.0592,
unit_004385,Vienna,9,9,161.5,5,3.0212,0.0,0.0,0.5,48.062183,16.319976,5|8|7|19|16,0.1120|0.0854|0.0721|0.0676|0.0481,
unit_004386,Vienna,9,9,154.3,5,3.005,0.0,0.0733,0.5183,48.062959,16.325448,5|12|19|16|1,0.1006|0.0950|0.0862|0.0814|0.0695,
unit_004387,Vienna,4,5,77.2,7,2.9777,3e-05,0.0733,0.5183,48.064231,16.32547,7|5|12|16|19,0.1107|0.0816|0.0779|0.0703|0.0617,
unit_004388,Vienna,3,3,54.1,5,3.005,0.0,0.18809,0.5469,48.06307,16.324978,5|12|19|16|1,0.1006|0.0950|0.0862|0.0814|0.0695,
unit_004389,Vienna,10,10,151.4,7,2.9492,0.0,0.16665,0.5416,48.064111,16.324774,7|5|12|16|19,0.1151|0.0750|0.0714|0.0654|0.0556,
unit_004390,Vienna,19,19,348.8,5,2.6988,0.0,0.0,0.5,48.064476,16.315287,5|31|8|7|16,0.1182|0.0825|0.0794|0.0740|0.0678,
unit_004391,Vienna,8,8,135.2,8,2.8235,0.0,0.0,0.5,48.062728,16.315108,8|5|16|31|7,0.1128|0.1099|0.0694|0.0682|0.0640,
unit_004392,Vienna,13,13,226.6,5,2.946,0.0,0.0,0.5,48.059313,16.317827,5|7|8|16|18,0.1219|0.0996|0.0833|0.0784|0.0581,
unit_004393,Vienna,7,7,102.4,5,2.9604,0.0,0.39969,0.5986,48.059611,16.312059,5|9|12|19|18,0.1191|0.0970|0.0808|0.0715|0.0712,
unit_004394,Vienna,28,37,539.6,7,2.8942,5e-05,0.39969,0.5986,48.058853,16.31329,7|5|8|16|19,0.1592|0.0978|0.0766|0.0606|0.0481,
unit_004396,Vienna,10,10,131.9,7,2.8992,0.0,0.0,0.5,48.052324,16.321477,7|5|8|16|18,0.1302|0.0781|0.0742|0.0605|0.0471,
unit_004397,Vienna,14,14,219.4,7,2.9199,0.0,0.0,0.5,48.050605,16.317541,7|5|12|16|31,0.1459|0.0840|0.0651|0.0598|0.0556,
unit_004398,Vienna,19,25,287.2,5,2.9417,6e-05,0.0,0.5,48.050738,16.319426,5|7|31|12|8,0.1262|0.0977|0.0818|0.0730|0.0655,
unit_004399,Vienna,34,40,570.7,7,2.9612,7e-05,0.0,0.5,48.051894,16.313703,7|5|12|16|8,0.1457|0.0917|0.0629|0.0585|0.0582,
unit_004400,Vienna,8,8,74.8,7,2.9327,0.0,0.0,0.5,48.048424,16.317223,7|16|8|5|19,0.1059|0.0933|0.0875|0.0758|0.0754,
unit_004402,Vienna,18,18,332.5,5,3.0598,0.0,0.0,0.5,48.071605,16.359619,5|19|18|1|7,0.1179|0.0665|0.0580|0.0485|0.0475,
unit_004403,Vienna,31,43,554.6,7,2.8498,3e-05,0.0,0.5,48.082491,16.38014,7|5|8|16|12,0.1368|0.1110|0.0724|0.0694|0.0571,
unit_004405,Vienna,17,17,299.3,5,2.9756,0.0,0.0,0.5,48.111543,16.40627,5|19|27|1|18,0.1195|0.0758|0.0508|0.0504|0.0456,
unit_004406,Vienna,24,31,479.1,7,2.9715,8e-05,0.0,0.5,48.108631,16.373796,7|5|19|8|31,0.1172|0.1144|0.0605|0.0561|0.0517,
unit_004407,Vienna,8,8,175.6,5,2.8208,0.0,0.0,0.5,48.106367,16.381003,5|19|30|4|24,0.1276|0.0800|0.0644|0.0436|0.0318,
unit_004409,Vienna,7,7,152.6,5,2.9461,0.0,0.0,0.5,48.111671,16.383428,5|7|19|30|16,0.1072|0.0718|0.0686|0.0539|0.0412,
unit_004410,Vienna,11,12,192.8,7,2.8675,0.0,0.0,0.5,48.12008,16.390554,7|5|8|16|18,0.1510|0.0894|0.0875|0.0501|0.0377,
unit_004411,Vienna,10,10,178.4,5,2.8991,0.0,0.0,0.5,48.122054,16.387394,5|12|7|30|16,0.0950|0.0774|0.0751|0.0482|0.0447,
unit_004412,Vienna,22,22,367.0,7,2.875,0.0,0.0,0.5,48.117408,16.388186,7|5|8|12|31,0.1674|0.1074|0.0700|0.0603|0.0584,
unit_004413,Vienna,10,10,182.0,5,2.8506,0.0,0.0,0.5,48.11762,16.385803,5|7|12|19|30,0.1064|0.0891|0.0765|0.0547|0.0485,
unit_004414,Vienna,7,8,155.1,7,2.898,0.0,0.0,0.5,48.114846,16.391317,7|8|5|16|18,0.1646|0.0647|0.0633|0.0507|0.0501,
unit_004415,Vienna,16,16,277.6,7,2.8745,0.0,0.0,0.5,48.112805,16.392955,7|5|12|16|19,0.1393|0.0820|0.0737|0.0490|0.0475,
unit_004418,Vienna,11,11,212.8,5,2.8016,0.0,0.0,0.5,48.111365,16.394149,5|7|8|30|19,0.1231|0.1158|0.0668|0.0471|0.0462,
unit_004419,Vienna,14,14,273.5,7,2.8775,0.0,0.0,0.5,48.113743,16.389453,7|5|18|8|16,0.1576|0.0964|0.0803|0.0733|0.0520,
unit_004420,Vienna,17,17,260.9,5,2.9141,0.0,0.0,0.5,48.110946,16.387739,5|7|19|30|8,0.1378|0.0828|0.0592|0.0528|0.0513,
unit_004421,Vienna,8,8,186.5,7,2.7644,0.0,0.0,0.5,48.115514,16.391939,7|5|8|16|31,0.1700|0.0854|0.0834|0.0492|0.0490,
unit_004422,Vienna,16,18,297.6,7,2.8926,0.0,0.06029,0.5151,48.116344,16.392537,7|5|8|16|18,0.1205|0.0982|0.0720|0.0545|0.0510,
unit_004423,Vienna,15,15,218.6,7,2.9576,0.0,0.0,0.5,48.111995,16.39063,7|5|12|19|31,0.1142|0.1024|0.0702|0.0676|0.0612,
unit_004424,Vienna,30,30,428.0,5,2.7446,0.0,0.0,0.5,48.117111,16.397341,5|7|12|31|16,0.1197|0.1136|0.0885|0.0714|0.0538,
unit_004426,Vienna,13,13,211.2,7,2.8404,0.0,0.0,0.5,48.112856,16.386259,7|5|8|16|18,0.1461|0.1020|0.0686|0.0675|0.0389,
unit_004427,Vienna,7,9,160.4,5,2.8218,1e-05,0.06029,0.5151,48.117519,16.39236,5|12|7|19|15,0.1211|0.0846|0.0839|0.0653|0.0448,
unit_004428,Vienna,14,14,195.9,7,2.7943,0.0,0.0,0.5,48.121749,16.394748,7|5|8|16|28,0.1276|0.1048|0.0900|0.0583|0.0438,
unit_004430,Vienna,10,10,165.0,7,2.7153,0.0,0.0488,0.5122,48.12002,16.392576,7|5|12|8|16,0.1647|0.0895|0.0804|0.0587|0.0494,
unit_004432,Vienna,15,15,206.0,7,2.8824,0.0,0.0488,0.5122,48.119079,16.391677,7|5|12|19|31,0.1215|0.0999|0.0667|0.0618|0.0443,
unit_004434,Vienna,11,11,180.3,7,2.8078,0.0,0.0,0.5,48.123696,16.391507,7|5|8|16|27,0.1305|0.0940|0.0919|0.0592|0.0475,
unit_004435,Vienna,11,11,206.6,5,3.0464,0.0,0.0,0.5,48.186296,16.411203,5|26|9|27|28,0.1191|0.1031|0.0907|0.0891|0.0740,
unit_004436,Vienna,4,4,78.5,9,3.0087,0.0,0.0,0.5,48.187183,16.409545,9|6|5|26|28,0.1611|0.0892|0.0798|0.0783|0.0594,
unit_004437,Vienna,8,15,183.1,9,3.0699,1e-05,0.0,0.5,48.188877,16.410699,9|26|27|1|3,0.1701|0.0871|0.0731|0.0725|0.0618,
unit_004438,Vienna,8,8,177.4,9,3.0087,0.0,0.0,0.5,48.187157,16.409033,9|6|5|26|28,0.1611|0.0892|0.0798|0.0783|0.0594,
unit_004440,Vienna,5,16,101.4,9,3.1126,0.00012,0.0,0.5,48.185576,16.405402,9|5|1|31|3,0.1155|0.1082|0.0921|0.0730|0.0649,
unit_004441,Vienna,8,8,176.2,5,2.8175,0.0,0.0,0.5,48.10296,16.395234,5|19|30|18|27,0.1193|0.0814|0.0733|0.0498|0.0489,
unit_004442,Vienna,13,17,234.8,5,2.898,0.0,0.14927,0.5372,48.107931,16.396771,5|31|12|16|10,0.1150|0.1028|0.0823|0.0669|0.0635,
unit_004443,Vienna,7,7,153.9,31,2.8305,0.0,0.14927,0.5372,48.108295,16.395824,31|5|7|8|16,0.1100|0.0741|0.0717|0.0681|0.0669,
unit_004444,Vienna,8,8,177.5,5,2.9916,0.0,0.0,0.5,48.10225,16.40782,5|19|18|3|4,0.1152|0.0867|0.0518|0.0505|0.0445,
unit_004445,Vienna,9,9,167.8,8,2.9358,0.0,0.07318,0.5183,48.104994,16.401915,8|5|7|16|27,0.0974|0.0899|0.0833|0.0713|0.0461,
unit_004446,Vienna,11,11,221.1,5,2.9613,0.0,0.07318,0.5183,48.104561,16.40345,5|7|8|10|16,0.1056|0.1043|0.0825|0.0688|0.0604,
unit_004447,Vienna,10,10,193.5,7,2.9742,0.0,0.0,0.5,48.110058,16.441685,7|5|19|16|3,0.1353|0.0929|0.0612|0.0574|0.0491,
unit_004449,Vienna,8,15,177.8,9,3.0762,1e-05,0.0,0.5,48.18906,16.410515,9|26|27|1|3,0.1656|0.0852|0.0737|0.0728|0.0657,
unit_004450,Vienna,5,5,101.6,9,3.0087,0.0,0.0,0.5,48.187702,16.408532,9|6|5|26|28,0.1611|0.0892|0.0798|0.0783|0.0594,
unit_004451,Vienna,3,9,50.8,9,3.1129,3e-05,0.03532,0.5088,48.185539,16.405584,9|5|1|31|6,0.1426|0.1053|0.0872|0.0691|0.0662,
unit_004453,Vienna,6,6,125.7,9,3.0087,0.0,0.0,0.5,48.187582,16.408587,9|6|5|26|28,0.1611|0.0892|0.0798|0.0783|0.0594,
unit_004454,Vienna,9,16,201.1,9,3.0769,2e-05,0.0,0.5,48.188926,16.410549,9|26|27|1|3,0.1636|0.0841|0.0731|0.0722|0.0657,
unit_004455,Vienna,10,10,178.6,7,2.8098,0.0,0.0,0.5,48.256696,16.33406,7|8|5|17|20,0.1184|0.0883|0.0678|0.0528|0.0497,
unit_004456,Vienna,9,9,159.3,7,2.934,0.0,0.0,0.5,48.257117,16.336904,7|8|5|31|19,0.1194|0.0655|0.0633|0.0603|0.0461,
unit_004457,Vienna,26,26,396.4,5,3.1275,0.0,0.0,0.5,48.187421,16.406822,5|18|1|27|19,0.0926|0.0842|0.0839|0.0777|0.0635,
unit_004458,Vienna,6,6,79.5,10,2.9809,0.0,0.0,0.5,48.189204,16.403814,10|31|3|5|1,0.0669|0.0659|0.0634|0.0614|0.0589,
unit_004459,Vienna,20,25,394.5,7,2.8151,1e-05,0.0,0.5,48.108618,16.371525,7|5|8|16|19,0.1650|0.1021|0.0697|0.0609|0.0592,
unit_004460,Vienna,9,9,155.6,7,2.9532,0.0,0.0,0.5,48.108788,16.368342,7|5|12|8|3,0.0961|0.0935|0.0729|0.0602|0.0504,
unit_004461,Vienna,8,8,176.0,5,2.9141,0.0,0.0,0.5,48.088944,16.379296,5|19|3|9|1,0.0954|0.0760|0.0561|0.0522|0.0463,
unit_004462,Vienna,7,7,150.8,5,2.7213,0.0,0.0,0.5,48.096835,16.374843,5|19|30|4|9,0.0708|0.0697|0.0603|0.0349|0.0347,
unit_004463,Vienna,24,30,460.9,5,2.9878,8e-05,0.03626,0.509,48.112389,16.368036,5|7|19|8|18,0.1173|0.0774|0.0709|0.0593|0.0566,
unit_004464,Vienna,8,8,178.3,7,2.8645,0.0,0.0,0.5,48.114461,16.363426,7|5|12|19|31,0.1237|0.1008|0.0727|0.0692|0.0549,
unit_004466,Vienna,22,22,315.5,7,2.9721,0.0,0.04521,0.5113,48.159927,16.275839,7|5|12|18|15,0.1356|0.0942|0.0743|0.0542|0.0535,
unit_004467,Vienna,8,8,136.8,5,3.0678,0.0,0.0,0.5,48.147993,16.253849,5|7|18|8|19,0.0960|0.0875|0.0718|0.0605|0.0605,
unit_004468,Vienna,8,8,184.6,7,2.92,0.0,0.0,0.5,48.218946,16.241728,7|5|8|19|18,0.1490|0.1037|0.0607|0.0604|0.0498,
unit_004470,Vienna,6,6,130.4,7,2.9428,0.0,0.03684,0.5092,48.220309,16.254401,7|5|16|19|12,0.1340|0.1013|0.0711|0.0627|0.0614,
unit_004472,Vienna,8,11,183.0,7,2.8874,1e-05,0.0,0.5,48.292736,16.455061,7|5|12|19|8,0.1648|0.0753|0.0694|0.0684|0.0610,
unit_004473,Vienna,11,11,204.4,5,2.9558,0.0,0.0,0.5,48.300535,16.39004,5|7|19|16|8,0.0903|0.0860|0.0816|0.0619|0.0611,
unit_004474,Vienna,8,8,175.9,5,2.9104,0.0,0.0,0.5,48.301289,16.384464,5|7|19|8|16,0.0997|0.0837|0.0805|0.0660|0.0651,
unit_004475,Vienna,8,8,176.7,5,2.7785,0.0,0.0,0.5,48.300594,16.401138,5|19|30|4|9,0.1015|0.0892|0.0537|0.0309|0.0300,
unit_004477,Vienna,8,8,181.2,7,2.9036,0.0,0.0,0.5,48.300194,16.394393,7|8|5|27|19,0.1268|0.0804|0.0768|0.0700|0.0690,
unit_004478,Vienna,10,10,153.1,7,2.7647,0.0,0.0,0.5,48.209858,16.503049,7|5|8|16|18,0.1511|0.0917|0.0908|0.0605|0.0423,
unit_004479,Vienna,13,13,258.4,5,2.932,0.0,0.0,0.5,48.207515,16.503137,5|12|3|7|19,0.0934|0.0701|0.0538|0.0493|0.0459,
unit_004480,Vienna,6,6,135.2,7,2.8977,0.0,0.0,0.5,48.234972,16.520819,7|5|12|16|19,0.1212|0.0948|0.0824|0.0791|0.0713,
unit_004481,Vienna,12,12,236.2,19,2.9895,0.0,0.0,0.5,48.235485,16.523201,19|7|5|30|8,0.0899|0.0753|0.0651|0.0618|0.0563,
unit_004482,Vienna,19,19,368.6,7,2.8414,2e-05,0.0,0.5,48.232933,16.522088,7|12|5|16|19,0.1543|0.0819|0.0803|0.0610|0.0592,
unit_004483,Vienna,16,24,313.7,7,2.7591,2e-05,0.0,0.5,48.226744,16.521092,7|5|12|19|16,0.1546|0.0859|0.0849|0.0630|0.0567,
unit_004484,Vienna,7,7,107.0,7,2.7467,0.0,0.0,0.5,48.253268,16.536565,7|5|19|12|16,0.1585|0.0827|0.0687|0.0661|0.0516,
unit_004485,Vienna,23,25,495.6,5,2.9699,7e-05,0.0,0.5,48.253199,16.540866,5|19|7|8|30,0.1088|0.0945|0.0694|0.0503|0.0439,
unit_004486,Vienna,8,8,176.7,7,2.8764,0.0,0.0,0.5,48.256818,16.542714,7|5|19|12|31,0.1093|0.0957|0.0866|0.0742|0.0409,
unit_004487,Vienna,8,8,179.3,19,2.7848,0.0,0.0,0.5,48.22781,16.525693,19|5|30|12|15,0.1072|0.0990|0.0702|0.0596|0.0421,
unit_004488,Vienna,11,11,181.7,7,2.7535,0.0,0.0,0.5,48.244935,16.530431,7|12|5|19|16,0.1613|0.0934|0.0827|0.0583|0.0570,
unit_004489,Vienna,8,8,132.3,7,2.9136,0.0,0.0,0.5,48.242097,16.529381,7|19|5|30|8,0.0970|0.0955|0.0822|0.0701|0.0643,
unit_004490,Vienna,8,8,176.2,5,2.9503,0.0,0.0,0.5,48.250739,16.514554,5|30|19|8|26,0.1193|0.0880|0.0765|0.0606|0.0580,
unit_004491,Vienna,8,8,176.2,5,2.9451,0.0,0.0,0.5,48.249927,16.524475,5|30|7|8|19,0.1308|0.0724|0.0661|0.0617|0.0608,
unit_004492,Vienna,8,8,179.0,5,2.8021,0.0,0.0,0.5,48.247799,16.534668,5|19|30|7|28,0.1006|0.0919|0.0645|0.0409|0.0375,
unit_004493,Vienna,11,11,227.3,5,2.832,0.0,0.0,0.5,48.247865,16.540908,5|19|12|30|9,0.1124|0.0994|0.0645|0.0463|0.0394,
unit_004494,Vienna,14,27,288.6,5,2.8891,0.0,0.0,0.5,48.236357,16.538337,5|19|30|12|1,0.1221|0.1181|0.0681|0.0504|0.0481,
unit_004495,Vienna,13,13,244.1,7,2.9395,0.0,0.0,0.5,48.233564,16.538268,7|5|8|19|18,0.1203|0.1039|0.0783|0.0636|0.0580,
unit_004496,Vienna,8,8,179.1,19,2.8231,0.0,0.0,0.5,48.236344,16.535865,19|5|30|8|18,0.1075|0.0992|0.0980|0.0504|0.0448,
unit_004497,Vienna,5,5,104.4,16,2.9312,0.0,0.0,0.5,48.23545,16.544376,16|5|19|3|12,0.0940|0.0800|0.0672|0.0636|0.0597,
unit_004498,Vienna,15,15,285.8,5,2.9979,0.0,0.0,0.5,48.233262,16.547874,5|19|7|16|8,0.1010|0.0884|0.0693|0.0645|0.0592,
unit_004499,Vienna,8,8,181.4,5,2.8328,0.0,0.0,0.5,48.230192,16.545484,5|19|30|8|27,0.1087|0.0773|0.0668|0.0502|0.0456,
unit_004500,Vienna,8,8,177.7,19,2.8554,0.0,0.0,0.5,48.226855,16.545248,19|5|30|12|7,0.1074|0.1002|0.0728|0.0561|0.0367,
unit_004501,Vienna,8,8,179.4,19,2.9935,0.0,0.0,0.5,48.238803,16.543009,19|3|5|1|27,0.0484|0.0458|0.0402|0.0399|0.0391,
unit_004502,Vienna,8,8,177.1,5,2.809,0.0,0.0,0.5,48.240855,16.540313,5|19|30|8|18,0.1179|0.0962|0.0809|0.0667|0.0555,
unit_004503,Vienna,8,8,179.8,7,2.9085,0.0,0.0,0.5,48.260696,16.532116,7|5|19|12|30,0.1059|0.0876|0.0774|0.0726|0.0675,
unit_004504,Vienna,10,10,189.5,7,2.9046,0.0,0.0,0.5,48.263855,16.536294,7|5|19|8|30,0.1136|0.1028|0.0789|0.0571|0.0546,
unit_004505,Vienna,8,16,175.7,19,2.527,0.0,0.0,0.5,48.267301,16.539174,19|5|30|12|4,0.0985|0.0968|0.0649|0.0481|0.0380,
unit_004506,Vienna,11,11,168.3,7,2.7463,0.0,0.0,0.5,48.2606,16.533323,7|12|5|16|19,0.1402|0.0848|0.0801|0.0516|0.0481,
unit_004507,Vienna,11,11,177.6,5,2.6877,0.0,0.0,0.5,48.227996,16.518085,5|12|31|7|8,0.1023|0.0930|0.0883|0.0753|0.0566,
unit_004508,Vienna,8,8,178.0,7,2.7461,0.0,0.0,0.5,48.228765,16.517529,7|12|5|19|16,0.1748|0.0858|0.0757|0.0667|0.0551,
unit_004509,Vienna,8,8,184.9,5,2.8726,0.0,0.0,0.5,48.147175,16.321982,5|12|31|18|2,0.1199|0.1157|0.0706|0.0650|0.0590,
unit_004510,Vienna,7,7,154.4,9,3.086,0.0,0.11983,0.5299,48.186469,16.395381,9|19|17|10|6,0.1290|0.0960|0.0671|0.0608|0.0566,
unit_004513,Vienna,6,7,128.7,19,3.0686,0.0,0.03802,0.5095,48.184444,16.39743,19|9|10|7|17,0.1009|0.0997|0.0843|0.0653|0.0619,
unit_004514,Vienna,7,7,152.6,9,3.086,0.0,0.11696,0.5292,48.186398,16.395321,9|19|17|10|6,0.1290|0.0960|0.0671|0.0608|0.0566,
unit_004515,Vienna,14,24,288.0,9,3.0731,6e-05,0.0585,0.5146,48.181652,16.399683,9|5|12|15|28,0.1456|0.1038|0.0682|0.0623|0.0587,
unit_004516,Vienna,12,15,283.6,9,3.0449,7e-05,0.03763,0.5094,48.179576,16.400272,9|12|5|4|27,0.1628|0.0821|0.0600|0.0491|0.0459,
unit_004517,Vienna,5,5,51.1,5,2.9644,0.0,0.0,0.5,48.185331,16.404009,5|1|10|31|3,0.1023|0.0961|0.0843|0.0765|0.0585,
unit_004518,Vienna,9,12,190.4,31,3.0207,1e-05,0.0999,0.525,48.185858,16.397611,31|5|8|10|7,0.1082|0.1042|0.0825|0.0701|0.0691,
unit_004520,Vienna,8,8,175.4,12,3.0396,0.0,0.0,0.5,48.179792,16.407401,12|1|31|5|19,0.0796|0.0757|0.0726|0.0688|0.0666,
unit_004521,Vienna,4,6,80.8,9,3.0683,0.0,0.0,0.5,48.182471,16.399536,9|5|3|17|28,0.1324|0.0911|0.0789|0.0621|0.0584,
unit_004522,Vienna,30,31,543.0,1,2.967,0.0,0.0656,0.5164,48.187929,16.398912,1|31|30|11|10,0.1086|0.0876|0.0633|0.0533|0.0511,
unit_004523,Vienna,7,8,159.7,5,3.0648,1e-05,0.06828,0.5171,48.186996,16.397608,5|31|12|1|8,0.1002|0.0846|0.0842|0.0690|0.0675,
unit_004524,Vienna,22,22,358.0,31,2.8458,0.0,0.0,0.5,48.174837,16.40367,31|1|30|8|28,0.1005|0.0880|0.0773|0.0761|0.0524,
unit_004525,Vienna,7,7,139.9,9,2.9592,0.0,0.20413,0.5509,48.175983,16.400048,9|12|5|1|3,0.1460|0.0900|0.0583|0.0562|0.0472,
unit_004526,Vienna,8,10,177.4,5,3.0657,2e-05,0.20413,0.5509,48.176681,16.401048,5|8|10|3|1,0.1013|0.0919|0.0653|0.0639|0.0635,
unit_004527,Vienna,14,30,296.9,9,3.1282,0.00011,0.16301,0.5406,48.186036,16.40584,9|5|1|31|12,0.1144|0.1066|0.0828|0.0678|0.0655,
unit_004530,Vienna,7,7,165.0,10,2.9809,0.0,0.0,0.5,48.188746,16.404173,10|31|3|5|1,0.0669|0.0659|0.0634|0.0614|0.0589,
unit_004531,Vienna,8,8,179.3,5,2.9076,0.0,0.0,0.5,48.081563,16.385429,5|16|8|7|19,0.1032|0.0867|0.0793|0.0742|0.0502,
unit_004532,Vienna,11,11,216.1,5,2.8029,0.0,0.0,0.5,48.046619,16.382058,5|12|19|30|15,0.1192|0.1023|0.0796|0.0709|0.0695,
unit_004533,Vienna,8,8,175.3,5,2.7257,0.0,0.0,0.5,48.05688,16.382444,5|19|12|30|15,0.1009|0.0910|0.0816|0.0766|0.0610,
unit_004534,Vienna,8,8,175.3,5,2.7644,0.0,0.0,0.5,48.066777,16.381897,5|19|12|9|30,0.1062|0.0844|0.0755|0.0665|0.0612,
unit_004535,Vienna,21,21,457.6,5,2.8846,1e-05,0.0,0.5,48.076102,16.387566,5|19|30|12|18,0.1260|0.1003|0.0712|0.0600|0.0591,
unit_004536,Vienna,17,17,264.8,7,2.9903,0.0,0.0,0.5,48.221224,16.247595,7|5|12|19|16,0.1153|0.1028|0.0969|0.0669|0.0577,
unit_004537,Vienna,5,5,107.3,7,2.9903,0.0,0.0,0.5,48.220975,16.247011,7|5|12|19|16,0.1153|0.1028|0.0969|0.0669|0.0577,
unit_004539,Vienna,15,15,246.4,7,2.8318,0.0,0.0,0.5,48.219794,16.246395,7|5|8|16|18,0.1287|0.0881|0.0717|0.0642|0.0478,
unit_004540,Vienna,4,4,75.2,7,2.9903,0.0,0.0,0.5,48.220263,16.247351,7|5|12|19|16,0.1153|0.1028|0.0969|0.0669|0.0577,
unit_004543,Vienna,3,3,52.4,7,2.8318,0.0,0.0,0.5,48.219222,16.246712,7|5|8|16|18,0.1287|0.0881|0.0717|0.0642|0.0478,
unit_004544,Vienna,16,20,196.7,7,2.813,0.0,0.04205,0.5105,48.207567,16.241112,7|5|8|16|19,0.1514|0.0863|0.0857|0.0669|0.0462,
unit_004545,Vienna,23,23,304.2,7,2.8741,0.0,0.0,0.5,48.205974,16.239165,7|5|16|8|12,0.1413|0.1057|0.0578|0.0562|0.0491,
unit_004546,Vienna,15,18,258.9,7,2.8877,1e-05,0.03873,0.5097,48.208016,16.241796,7|5|12|31|16,0.1500|0.0980|0.0781|0.0678|0.0581,
unit_004549,Vienna,12,12,196.4,7,2.9229,0.0,0.0,0.5,48.208075,16.238609,7|8|5|18|19,0.1284|0.0949|0.0870|0.0662|0.0645,
unit_004550,Vienna,17,20,363.3,7,2.8529,2e-05,0.0,0.5,48.208656,16.245248,7|8|5|16|31,0.1281|0.0912|0.0857|0.0644|0.0608,
unit_004551,Vienna,17,17,271.8,7,2.9248,0.0,0.0,0.5,48.209425,16.249812,7|5|8|16|19,0.1551|0.0934|0.0719|0.0623|0.0566,
unit_004552,Vienna,19,19,355.7,5,2.8076,0.0,0.0,0.5,48.283046,16.497016,5|19|30|9|15,0.1094|0.1006|0.0867|0.0462|0.0402,
unit_004553,Vienna,11,11,174.5,7,2.868,0.0,0.0,0.5,48.276702,16.491318,7|5|12|19|16,0.1639|0.0859|0.0635|0.0601|0.0580,
unit_004554,Vienna,9,9,158.1,7,2.8302,0.0,0.0,0.5,48.284143,16.483739,7|5|12|31|16,0.1588|0.0856|0.0605|0.0535|0.0521,
unit_004555,Vienna,10,10,174.9,7,2.8358,0.0,0.0,0.5,48.283274,16.485415,7|5|8|19|31,0.1537|0.0828|0.0626|0.0512|0.0471,
unit_004556,Vienna,15,15,232.4,7,2.823,0.0,0.0,0.5,48.285017,16.487331,7|5|12|31|8,0.1452|0.0844|0.0577|0.0575|0.0534,
unit_004557,Vienna,8,8,133.0,7,2.8805,0.0,0.0,0.5,48.281584,16.483298,7|5|12|16|19,0.1380|0.0790|0.0648|0.0630|0.0490,
unit_004558,Vienna,6,6,130.9,31,2.9312,0.0,0.0,0.5,48.194751,16.405527,31|5|11|8|1,0.1163|0.0911|0.0674|0.0657|0.0643,
unit_004559,Vienna,4,4,77.6,31,2.944,0.0,0.0,0.5,48.1963,16.40388,31|8|4|18|27,0.1450|0.0574|0.0469|0.0445|0.0433,
unit_004560,Vienna,5,5,100.3,5,2.9818,0.0,0.0,0.5,48.182264,16.410905,5|31|11|18|8,0.1029|0.0952|0.0698|0.0678|0.0674,
unit_004561,Vienna,11,11,168.4,5,2.9457,0.0,0.0,0.5,48.155923,16.452206,5|31|8|10|11,0.1022|0.0929|0.0819|0.0743|0.0742,
unit_004562,Vienna,5,5,117.2,11,2.986,0.0,0.0,0.5,48.155913,16.454058,11|5|8|12|10,0.1060|0.0948|0.0870|0.0795|0.0778,
unit_004563,Vienna,8,8,179.2,5,2.9904,0.0,0.0,0.5,48.153464,16.452777,5|8|11|18|31,0.1233|0.0814|0.0686|0.0662|0.0594,
unit_004564,Vienna,8,8,178.2,17,3.1128,0.0,0.0,0.5,48.147117,16.464668,17|6|9|31|8,0.0800|0.0787|0.0721|0.0681|0.0666,
unit_004565,Vienna,17,17,358.5,26,3.1259,0.0,0.0,0.5,48.145871,16.467918,26|5|1|8|27,0.0908|0.0876|0.0771|0.0767|0.0738,
unit_004566,Vienna,8,8,180.3,17,3.1128,0.0,0.0,0.5,48.147212,16.464651,17|6|9|31|8,0.0800|0.0787|0.0721|0.0681|0.0666,
unit_004567,Vienna,30,34,468.9,5,3.0128,0.0,0.27218,0.5676,48.13899,16.487984,5|1|3|18|16,0.1219|0.1020|0.0765|0.0575|0.0554,
unit_004568,Vienna,23,34,478.0,5,3.0684,7e-05,0.0408,0.5102,48.144867,16.478509,5|31|8|7|12,0.1145|0.1006|0.0820|0.0735|0.0717,
unit_004569,Vienna,11,11,213.8,26,3.1259,0.0,0.0,0.5,48.145776,16.467589,26|5|1|8|27,0.0908|0.0876|0.0771|0.0767|0.0738,
unit_004570,Vienna,7,7,163.2,26,3.1259,0.0,0.0,0.5,48.146001,16.467898,26|5|1|8|27,0.0908|0.0876|0.0771|0.0767|0.0738,
unit_004571,Vienna,8,8,182.8,5,2.999,0.0,0.0,0.5,48.152357,16.464822,5|1|12|18|31,0.1035|0.1018|0.0905|0.0754|0.0716,
unit_004572,Vienna,11,11,206.3,7,2.8497,0.0,0.0,0.5,48.150561,16.469071,7|12|5|16|31,0.1241|0.1091|0.0990|0.0666|0.0621,
unit_004574,Vienna,7,7,164.8,31,2.8424,0.0,0.0,0.5,48.196291,16.402556,31|8|5|10|18,0.1488|0.0796|0.0756|0.0617|0.0374,
unit_004577,Vienna,6,6,127.8,7,2.9249,0.0,0.0,0.5,48.082178,16.328356,7|5|12|16|18,0.1239|0.1077|0.0968|0.0750|0.0543,
unit_004578,Vienna,8,8,178.1,7,2.9035,0.0,0.0,0.5,48.080229,16.330688,7|5|12|16|31,0.1086|0.0990|0.0850|0.0548|0.0540,
unit_004579,Vienna,8,8,177.1,7,2.7804,0.0,0.0,0.5,48.089253,16.321566,7|5|12|16|31,0.1509|0.0862|0.0693|0.0520|0.0478,
unit_004580,Vienna,10,10,177.4,5,2.9923,0.0,0.0,0.5,48.090087,16.320554,5|7|8|18|19,0.1207|0.1166|0.0715|0.0688|0.0599,
unit_004581,Vienna,7,8,154.3,9,3.0109,1e-05,0.153,0.5382,48.092298,16.326616,9|5|6|22|17,0.1451|0.1009|0.0809|0.0697|0.0666,
unit_004582,Vienna,6,7,128.6,7,2.9097,1e-05,0.153,0.5382,48.09186,16.325175,7|19|15|16|12,0.1120|0.0561|0.0533|0.0529|0.0528,
unit_004583,Vienna,8,8,175.6,5,2.9817,0.0,0.0,0.5,48.253612,16.452607,5|31|12|11|16,0.1128|0.0843|0.0818|0.0798|0.0599,
unit_004584,Vienna,12,12,190.4,7,2.8827,0.0,0.0,0.5,48.099022,16.239495,7|5|8|16|31,0.1355|0.1051|0.0799|0.0714|0.0675,
unit_004585,Vienna,8,8,177.3,5,2.8663,0.0,0.0,0.5,48.107742,16.251439,5|30|19|27|18,0.1152|0.0899|0.0847|0.0458|0.0447,
unit_004586,Vienna,8,8,175.3,5,2.8751,0.0,0.0,0.5,48.104575,16.247365,5|12|7|19|16,0.1235|0.0927|0.0888|0.0716|0.0384,
unit_004588,Vienna,9,9,151.1,7,2.9261,0.0,0.0,0.5,48.110244,16.259658,7|19|5|12|18,0.1462|0.0890|0.0745|0.0574|0.0563,
unit_004590,Vienna,8,8,179.0,5,2.9628,0.0,0.0,0.5,48.152343,16.398742,5|8|31|30|15,0.1387|0.0788|0.0674|0.0586|0.0573,
unit_004593,Vienna,45,122,876.9,1,3.0304,5e-05,0.0,0.5,48.182774,16.382067,1|5|31|3|8,0.0928|0.0874|0.0706|0.0700|0.0670,
unit_004594,Vienna,9,14,139.0,31,2.9405,1e-05,0.0,0.5,48.206843,16.384133,31|10|25|11|27,0.0977|0.0774|0.0587|0.0570|0.0544,
unit_004595,Vienna,14,14,273.6,5,2.9376,0.0,0.0,0.5,48.12049,16.340877,5|31|7|8|16,0.1257|0.1005|0.0775|0.0657|0.0606,
unit_004597,Vienna,7,7,154.1,5,3.0312,0.0,0.0,0.5,48.186856,16.383925,5|18|31|1|15,0.1080|0.0804|0.0784|0.0751|0.0748,
unit_004598,Vienna,13,13,164.2,31,2.8485,0.0,0.14905,0.5372,48.180627,16.378123,31|8|5|16|18,0.1565|0.1038|0.0693|0.0548|0.0524,
unit_004599,Vienna,17,33,277.2,31,2.8121,0.0,0.14935,0.5373,48.181116,16.379314,31|12|5|10|8,0.1200|0.0968|0.0929|0.0744|0.0715,
unit_004600,Vienna,14,14,185.3,31,2.8612,0.0,0.0,0.5,48.179745,16.379234,31|8|5|16|18,0.1381|0.0863|0.0600|0.0456|0.0433,
unit_004601,Vienna,8,8,175.9,31,2.7957,0.0,0.0,0.5,48.182525,16.373788,31|12|1|30|28,0.1253|0.0821|0.0782|0.0559|0.0481,
unit_004602,Vienna,7,7,158.2,7,2.9843,0.0,0.13618,0.534,48.083831,16.353488,7|5|8|16|10,0.1313|0.1065|0.0956|0.0642|0.0475,
unit_004603,Vienna,11,22,211.0,5,2.9985,0.0,0.0,0.5,48.138845,16.362778,5|1|8|31|16,0.1102|0.0914|0.0796|0.0751|0.0538,
unit_004604,Vienna,8,8,179.0,5,3.0877,0.0,0.0,0.5,48.145738,16.37025,5|27|8|3|1,0.1374|0.0780|0.0712|0.0676|0.0658,
unit_004605,Vienna,14,14,250.8,7,2.7754,0.0,0.0,0.5,48.14895,16.478016,7|5|31|8|16,0.1429|0.0994|0.0565|0.0538|0.0482,
unit_004608,Vienna,5,17,103.4,5,3.0297,2e-05,0.04909,0.5123,48.147466,16.470704,5|7|1|16|19,0.0917|0.0792|0.0769|0.0739|0.0644,
unit_004609,Vienna,5,11,103.4,9,3.0725,2e-05,0.04909,0.5123,48.148593,16.470992,9|17|12|10|3,0.0893|0.0801|0.0755|0.0734|0.0577,
unit_004610,Vienna,14,14,278.6,7,3.0227,0.0,0.0,0.5,48.145485,16.473777,7|5|3|31|1,0.0869|0.0652|0.0603|0.0557|0.0546,
unit_004611,Vienna,15,15,250.9,7,2.9892,0.0,0.0,0.5,48.146807,16.472539,7|5|8|19|12,0.1443|0.0720|0.0648|0.0618|0.0469,
unit_004612,Vienna,9,9,161.6,12,3.0231,0.0,0.0,0.5,48.143302,16.475684,12|5|18|2|31,0.0899|0.0846|0.0808|0.0693|0.0644,
unit_004613,Vienna,8,8,175.0,7,2.9209,0.0,0.0,0.5,48.167683,16.45414,7|8|5|19|16,0.1582|0.0853|0.0624|0.0619|0.0606,
unit_004614,Vienna,8,8,175.8,18,2.989,0.0,0.0,0.5,48.166373,16.452278,18|7|19|5|16,0.1092|0.0852|0.0773|0.0742|0.0691,
unit_004616,Vienna,17,17,282.8,19,2.9634,0.0,0.0,0.5,48.166116,16.460536,19|7|5|16|3,0.1007|0.0911|0.0895|0.0696|0.0575,
unit_004617,Vienna,8,8,175.0,19,2.8682,0.0,0.0,0.5,48.165828,16.458447,19|5|30|27|3,0.0602|0.0447|0.0402|0.0334|0.0334,
unit_004618,Vienna,8,8,175.0,5,2.9784,0.0,0.0,0.5,48.163543,16.448822,5|19|7|16|8,0.0991|0.0798|0.0767|0.0688|0.0561,
unit_004619,Vienna,12,12,237.6,5,2.9433,0.0,0.0,0.5,48.16076,16.447769,5|12|31|11|7,0.1179|0.0876|0.0774|0.0730|0.0634,
unit_004621,Vienna,14,20,281.7,8,3.0279,9e-05,0.0,0.5,48.162262,16.460014,8|5|16|7|1,0.0701|0.0660|0.0639|0.0487|0.0479,
unit_004622,Vienna,8,8,182.7,7,2.9048,0.0,0.0,0.5,48.163316,16.465798,7|16|5|8|2,0.0667|0.0567|0.0532|0.0442|0.0426,
unit_004623,Vienna,7,7,160.2,31,2.6954,0.0,0.0,0.5,48.165837,16.417857,31|5|8|12|16,0.1329|0.0957|0.0852|0.0501|0.0499,
unit_004624,Vienna,12,23,291.0,5,3.0525,4e-05,0.0,0.5,48.164597,16.416916,5|7|31|12|15,0.1212|0.0819|0.0763|0.0691|0.0670,
unit_004625,Vienna,8,8,188.3,5,3.0756,0.0,0.0,0.5,48.16412,16.391473,5|1|31|10|18,0.0957|0.0827|0.0778|0.0756|0.0665,
unit_004626,Vienna,6,6,125.9,7,2.8323,0.0,0.0,0.5,48.163286,16.432581,7|5|8|31|16,0.1484|0.0999|0.0806|0.0673|0.0597,
unit_004627,Vienna,10,10,176.9,7,2.8648,0.0,0.0,0.5,48.15386,16.400283,7|5|8|16|31,0.1328|0.1135|0.0860|0.0727|0.0611,
unit_004629,Vienna,7,7,156.4,5,2.9087,0.0,0.0,0.5,48.155806,16.391585,5|31|8|7|20,0.1107|0.0766|0.0565|0.0471|0.0459,
unit_004630,Vienna,11,11,206.8,5,3.0266,0.0,0.0477,0.5119,48.149979,16.391587,5|7|18|8|31,0.0975|0.0922|0.0864|0.0767|0.0759,
unit_004633,Vienna,7,7,122.2,7,2.9244,0.0,0.0,0.5,48.158733,16.408318,7|5|16|19|8,0.1052|0.0857|0.0669|0.0626|0.0507,
unit_004634,Vienna,20,30,442.9,7,3.0559,0.00012,0.0,0.5,48.168292,16.404525,7|18|5|19|15,0.0960|0.0838|0.0816|0.0792|0.0695,
unit_004637,Vienna,8,8,181.9,7,2.9613,0.0,0.0,0.5,48.149392,16.395551,7|5|16|8|18,0.1435|0.0969|0.0750|0.0673|0.0647,
unit_004638,Vienna,11,11,177.3,1,3.0209,0.0,0.07505,0.5188,48.141656,16.404308,1|5|3|8|30,0.1115|0.0948|0.0660|0.0517|0.0511,
unit_004639,Vienna,10,10,183.2,5,2.9854,0.0,0.07505,0.5188,48.141173,16.405649,5|8|18|27|31,0.1041|0.0818|0.0636|0.0620|0.0577,
unit_004640,Vienna,6,6,126.6,12,2.9997,0.0,0.0,0.5,48.142992,16.399839,12|5|15|17|3,0.0964|0.0960|0.0712|0.0693|0.0642,
unit_004641,Vienna,5,5,100.4,12,2.9997,0.0,0.0,0.5,48.143065,16.399226,12|5|15|17|3,0.0964|0.0960|0.0712|0.0693|0.0642,
unit_004642,Vienna,8,16,182.3,5,3.0026,0.0,0.0,0.5,48.147404,16.397188,5|12|2|1|31,0.1145|0.1119|0.0844|0.0726|0.0642,
unit_004644,Vienna,12,24,252.8,16,3.0085,0.0,0.03639,0.5091,48.140748,16.402455,16|19|7|5|12,0.0873|0.0853|0.0843|0.0710|0.0674,
unit_004645,Vienna,8,8,183.7,15,2.8579,0.0,0.0,0.5,48.140377,16.405653,15|5|19|30|27,0.0801|0.0757|0.0716|0.0691|0.0592,
unit_004646,Vienna,7,7,150.2,5,2.8845,0.0,0.0,0.5,48.135627,16.405857,5|18|7|8|31,0.1155|0.1031|0.0975|0.0883|0.0666,
unit_004647,Vienna,8,8,183.7,5,3.0148,0.0,0.0,0.5,48.140569,16.409273,5|8|1|3|31,0.1388|0.0931|0.0528|0.0513|0.0486,
unit_004648,Vienna,9,9,157.3,5,2.8051,0.0,0.0,0.5,48.134973,16.401818,5|19|8|30|7,0.1079|0.0533|0.0517|0.0491|0.0403,
unit_004649,Vienna,7,7,152.1,5,2.7446,0.0,0.0,0.5,48.133334,16.397821,5|19|12|30|4,0.1067|0.0876|0.0752|0.0722|0.0450,
unit_004650,Vienna,8,8,177.0,7,2.9102,0.0,0.0,0.5,48.169411,16.267294,7|5|8|16|31,0.1452|0.0924|0.0718|0.0647|0.0536,
unit_004651,Vienna,8,9,178.4,7,2.9513,0.0,0.0,0.5,48.167266,16.268017,7|8|27|19|20,0.1287|0.0849|0.0578|0.0557|0.0526,
unit_004653,Vienna,8,8,180.3,7,2.988,0.0,0.0,0.5,48.151107,16.262092,7|5|18|15|31,0.1154|0.0907|0.0822|0.0725|0.0700,
unit_004654,Vienna,6,6,125.4,7,2.8998,0.0,0.07271,0.5182,48.157503,16.283995,7|8|5|16|18,0.1495|0.0906|0.0882|0.0634|0.0510,
unit_004655,Vienna,9,9,165.5,7,2.9253,0.0,0.0,0.5,48.156031,16.289699,7|5|8|31|16,0.1263|0.0974|0.0880|0.0650|0.0587,
unit_004657,Vienna,23,33,452.1,5,3.0096,7e-05,0.03153,0.5079,48.151915,16.306524,5|18|31|12|15,0.1152|0.0840|0.0808|0.0768|0.0737,
unit_004658,Vienna,13,13,221.6,5,3.0513,0.0,0.0,0.5,48.125589,16.470418,5|7|18|19|30,0.1101|0.0909|0.0686|0.0637|0.0604,
unit_004660,Vienna,20,26,340.4,7,2.9704,4e-05,0.03383,0.5084,48.114271,16.469098,7|5|19|16|8,0.1103|0.1001|0.0811|0.0716|0.0610,
unit_004661,Vienna,10,10,142.3,7,2.8652,0.0,0.0,0.5,48.115677,16.468204,7|5|8|16|19,0.1558|0.0832|0.0704|0.0666|0.0642,
unit_004662,Vienna,12,12,237.5,5,2.9914,0.0,0.0,0.5,48.115607,16.466416,5|7|12|1|16,0.1295|0.1009|0.0722|0.0706|0.0651,
unit_004663,Vienna,8,8,175.5,7,2.844,0.0,0.0,0.5,48.118719,16.47016,7|5|19|12|16,0.1065|0.0953|0.0771|0.0575|0.0447,
unit_004664,Vienna,8,8,176.3,5,2.8534,0.0,0.0,0.5,48.111435,16.467525,5|19|12|15|30,0.1050|0.0998|0.0940|0.0820|0.0737,
unit_004665,Vienna,7,7,155.7,7,2.8542,0.0,0.0,0.5,48.129054,16.478235,7|5|8|31|12,0.1329|0.0894|0.0657|0.0631|0.0618,
unit_004666,Vienna,9,9,161.4,5,3.0371,0.0,0.0,0.5,48.13578,16.475631,5|7|8|31|18,0.1156|0.1107|0.0763|0.0725|0.0644,
unit_004667,Vienna,14,14,214.0,7,2.8576,0.0,0.0,0.5,48.137231,16.478332,7|5|12|8|31,0.1443|0.0983|0.0749|0.0700|0.0664,
unit_004668,Vienna,20,20,294.9,7,2.9483,0.0,0.0,0.5,48.136298,16.479729,7|18|5|8|19,0.1383|0.1179|0.1002|0.0693|0.0537,
unit_004669,Vienna,19,19,313.6,7,2.9124,0.0,0.0,0.5,48.138646,16.480984,7|5|31|8|1,0.1186|0.1149|0.0902|0.0829|0.0519,
unit_004670,Vienna,4,4,86.6,5,2.8769,0.0,0.0,0.5,48.137457,16.482991,5|15|7|11|31,0.0809|0.0805|0.0577|0.0565|0.0536,
unit_004671,Vienna,13,16,287.0,7,2.8091,1e-05,0.0,0.5,48.147348,16.47903,7|5|16|8|12,0.1383|0.1047|0.0702|0.0673|0.0614,
unit_004672,Vienna,10,11,167.6,5,2.9218,0.0,0.06461,0.5161,48.138342,16.477565,5|31|1|8|10,0.0990|0.0833|0.0794|0.0741|0.0663,
unit_004673,Vienna,9,9,158.1,5,2.8769,0.0,0.0,0.5,48.137054,16.482341,5|15|7|11|31,0.0809|0.0805|0.0577|0.0565|0.0536,
unit_004674,Vienna,8,11,180.3,9,2.8812,0.0,0.0,0.5,48.133802,16.489533,9|17|5|12|6,0.1302|0.1021|0.0890|0.0848|0.0651,
unit_004675,Vienna,13,13,245.1,7,2.8604,0.0,0.0,0.5,48.112389,16.465993,7|5|8|19|12,0.1447|0.0765|0.0663|0.0583|0.0528,
unit_004676,Vienna,23,23,420.2,5,2.8639,0.0,0.0,0.5,48.101067,16.456624,5|19|12|9|15,0.1178|0.0951|0.0675|0.0570|0.0516,
unit_004680,Vienna,7,7,152.8,7,2.8194,0.0,0.0,0.5,48.099561,16.452822,7|5|8|16|31,0.1305|0.1115|0.0719|0.0565|0.0546,
unit_004681,Vienna,7,7,155.2,7,2.8077,0.0,0.0,0.5,48.100771,16.449555,7|5|16|8|19,0.1657|0.0934|0.0634|0.0609|0.0373,
unit_004682,Vienna,8,8,136.4,5,2.8981,0.0,0.0,0.5,48.101564,16.445286,5|7|19|16|18,0.1118|0.1095|0.0842|0.0584|0.0567,
unit_004684,Vienna,12,13,242.7,7,2.8409,3e-05,0.0,0.5,48.100198,16.455181,7|5|8|16|19,0.1491|0.0895|0.0618|0.0616|0.0454,
unit_004687,Vienna,8,8,177.2,5,2.8451,0.0,0.0,0.5,48.26359,16.443265,5|31|7|8|18,0.1088|0.0985|0.0744|0.0631|0.0629,
unit_004688,Vienna,20,20,222.8,7,2.9385,0.0,0.0,0.5,48.136504,16.272909,7|5|31|19|11,0.0687|0.0541|0.0529|0.0436|0.0413,
unit_004689,Vienna,11,11,177.9,7,2.7699,0.0,0.0,0.5,48.135942,16.269047,7|8|31|5|16,0.1327|0.1038|0.0821|0.0733|0.0495,
unit_004691,Vienna,17,21,281.0,7,2.9149,3e-05,0.0,0.5,48.137742,16.268323,7|5|8|16|31,0.1511|0.1001|0.0905|0.0668|0.0563,
unit_004692,Vienna,15,15,308.0,7,2.9219,0.0,0.0,0.5,48.132401,16.267798,7|5|16|12|8,0.1429|0.1146|0.0705|0.0668|0.0639,
unit_004693,Vienna,12,12,233.2,7,2.8614,0.0,0.0,0.5,48.134483,16.270766,7|5|8|28|16,0.0896|0.0895|0.0683|0.0508|0.0501,
unit_004694,Vienna,4,4,85.4,7,2.8614,0.0,0.0,0.5,48.133861,16.270466,7|5|8|28|16,0.0896|0.0895|0.0683|0.0508|0.0501,
unit_004695,Vienna,8,8,175.7,7,2.9568,0.0,0.0,0.5,48.132812,16.265454,7|5|19|8|28,0.1037|0.0901|0.0759|0.0735|0.0667,
unit_004696,Vienna,9,9,155.4,12,2.8491,0.0,0.0,0.5,48.135394,16.259823,12|7|5|31|11,0.1128|0.0960|0.0876|0.0871|0.0478,
unit_004697,Vienna,13,13,187.0,7,2.8241,0.0,0.0,0.5,48.131167,16.26501,7|5|8|31|16,0.1195|0.1153|0.0682|0.0638|0.0613,
unit_004698,Vienna,4,5,75.4,7,3.036,1e-05,0.07401,0.5185,48.128157,16.261992,7|5|12|27|28,0.1329|0.1005|0.0685|0.0629|0.0574,
unit_004699,Vienna,16,16,309.6,7,2.9756,0.0,0.0,0.5,48.121064,16.271509,7|5|18|8|19,0.1480|0.0840|0.0800|0.0759|0.0577,
unit_004701,Vienna,7,7,158.8,7,2.8801,0.0,0.0,0.5,48.122906,16.278222,7|5|8|16|19,0.1568|0.0856|0.0730|0.0652|0.0487,
unit_004703,Vienna,14,14,197.5,7,2.8751,0.0,0.0,0.5,48.121538,16.2821,7|8|5|31|16,0.1437|0.0889|0.0873|0.0608|0.0456,
unit_004704,Vienna,14,14,225.2,7,2.8507,0.0,0.0,0.5,48.119452,16.276917,7|5|8|12|19,0.1630|0.0851|0.0627|0.0599|0.0559,
unit_004705,Vienna,18,19,306.9,5,2.9058,0.0,0.05695,0.5142,48.118265,16.273385,5|7|31|8|16,0.1191|0.1158|0.0890|0.0730|0.0628,
unit_004706,Vienna,13,13,222.8,7,2.9016,0.0,0.05695,0.5142,48.11712,16.274195,7|5|12|31|19,0.1110|0.1063|0.0904|0.0691|0.0680,
unit_004707,Vienna,11,11,119.1,7,2.8824,0.0,0.0,0.5,48.120122,16.275682,7|5|19|8|12,0.1708|0.0851|0.0597|0.0586|0.0567,
unit_004708,Vienna,9,9,154.7,7,2.8568,0.0,0.0,0.5,48.122212,16.278686,7|5|8|16|19,0.1584|0.1013|0.0754|0.0633|0.0572,
unit_004709,Vienna,7,8,160.3,7,2.8912,0.0,0.0,0.5,48.12334,16.279029,7|8|5|18|16,0.1398|0.0969|0.0961|0.0577|0.0571,
unit_004710,Vienna,10,10,177.5,7,2.8587,0.0,0.0,0.5,48.12318,16.273809,7|8|5|16|19,0.1314|0.0951|0.0893|0.0708|0.0535,
unit_004711,Vienna,12,16,157.0,7,3.0652,0.0,0.0975,0.5244,48.113344,16.272783,7|5|8|31|18,0.1122|0.0940|0.0697|0.0674|0.0593,
unit_004712,Vienna,6,11,131.5,5,2.9626,0.0,0.0,0.5,48.114225,16.280114,5|7|19|30|16,0.1079|0.0808|0.0777|0.0760|0.0711,
unit_004713,Vienna,25,25,389.3,7,3.0248,0.0,0.0,0.5,48.114948,16.281882,7|12|18|5|19,0.0814|0.0767|0.0730|0.0723|0.0709,
unit_004714,Vienna,7,7,151.9,7,2.8077,0.0,0.0,0.5,48.130571,16.296718,7|5|8|16|31,0.1589|0.0883|0.0853|0.0542|0.0450,
unit_004715,Vienna,12,12,187.2,7,2.8633,0.0,0.0,0.5,48.113775,16.305572,7|5|16|8|31,0.1511|0.0789|0.0676|0.0620|0.0538,
unit_004717,Vienna,11,11,211.2,7,2.8414,0.0,0.07811,0.5195,48.13742,16.327885,7|5|12|16|31,0.1605|0.0900|0.0684|0.0592|0.0560,
unit_004718,Vienna,8,8,123.9,5,3.0522,0.0,0.0,0.5,48.130003,16.308711,5|7|31|16|8,0.1136|0.0960|0.0842|0.0684|0.0622,
unit_004719,Vienna,13,13,254.2,7,2.9253,0.0,0.0,0.5,48.132605,16.309774,7|12|5|19|31,0.1185|0.1013|0.0965|0.0732|0.0724,
unit_004720,Vienna,13,25,268.7,7,2.9169,0.0,0.0,0.5,48.133893,16.325685,7|5|12|31|8,0.1311|0.1231|0.1104|0.0689|0.0475,
unit_004723,Vienna,3,3,52.1,9,3.0059,0.0,0.0,0.5,48.131348,16.328743,9|12|19|5|17,0.1062|0.0921|0.0829|0.0797|0.0667,
unit_004725,Vienna,8,8,185.3,7,2.8168,0.0,0.0,0.5,48.116731,16.287711,7|8|5|16|19,0.1478|0.0884|0.0780|0.0611|0.0584,
unit_004726,Vienna,7,8,105.4,7,2.8126,0.0,0.0,0.5,48.114561,16.285399,7|5|12|16|31,0.1524|0.0816|0.0787|0.0684|0.0532,
unit_004727,Vienna,12,12,167.0,7,2.9157,0.0,0.08524,0.5213,48.111077,16.282424,7|8|5|31|16,0.1327|0.1004|0.0948|0.0608|0.0541,
unit_004728,Vienna,6,6,125.2,27,2.9215,0.0,0.0,0.5,48.116208,16.285125,27|26|9|19|8,0.1017|0.0997|0.0780|0.0751|0.0750,
unit_004729,Vienna,11,11,178.9,5,2.8998,0.0,0.11515,0.5288,48.110387,16.283308,5|7|31|16|8,0.1174|0.0864|0.0863|0.0772|0.0657,
unit_004730,Vienna,7,7,160.6,5,2.8761,0.0,0.0,0.5,48.109399,16.284446,5|7|12|31|16,0.1049|0.1003|0.0826|0.0785|0.0690,
unit_004731,Vienna,11,11,161.6,7,3.0063,0.0,0.0,0.5,48.102498,16.273196,7|5|8|18|16,0.1236|0.0869|0.0761|0.0644|0.0631,
unit_004732,Vienna,10,10,181.7,7,2.8686,0.0,0.0,0.5,48.102392,16.278559,7|8|5|31|16,0.0999|0.0860|0.0736|0.0686|0.0554,
unit_004735,Vienna,8,8,183.0,5,2.8535,0.0,0.0,0.5,48.105002,16.268746,5|7|8|19|30,0.1050|0.0948|0.0830|0.0794|0.0654,
unit_004736,Vienna,7,7,157.5,7,3.0022,0.0,0.0,0.5,48.106873,16.278054,7|5|16|31|12,0.1206|0.1072|0.0681|0.0677|0.0657,
unit_004737,Vienna,9,9,161.0,7,2.9001,0.0,0.08778,0.5219,48.107319,16.272282,7|5|8|16|18,0.1416|0.1025|0.0787|0.0643|0.0554,
unit_004738,Vienna,16,16,262.8,7,2.883,0.0,0.08778,0.5219,48.107092,16.273588,7|5|12|16|15,0.1472|0.0959|0.0955|0.0699|0.0654,
unit_004739,Vienna,9,9,177.4,7,2.8806,0.0,0.0,0.5,48.107324,16.27482,7|5|16|12|19,0.1468|0.0884|0.0741|0.0730|0.0637,
unit_004740,Vienna,9,9,168.1,7,2.7696,0.0,0.0,0.5,48.104046,16.276549,7|8|5|31|16,0.1454|0.0936|0.0755|0.0597|0.0531,
unit_004741,Vienna,10,10,182.2,7,2.9677,0.0,0.0,0.5,48.104204,16.259626,7|5|19|18|8,0.1111|0.0923|0.0842|0.0731|0.0699,
unit_004742,Vienna,13,13,204.4,7,2.8534,0.0,0.0,0.5,48.106598,16.261724,7|5|16|12|19,0.1290|0.0898|0.0821|0.0783|0.0662,
unit_004743,Vienna,7,7,157.0,7,2.8776,0.0,0.0,0.5,48.091813,16.282629,7|8|5|31|18,0.1124|0.1070|0.1059|0.0661|0.0572,
unit_004744,Vienna,9,9,162.8,5,2.8479,0.0,0.1931,0.5481,48.209651,16.542049,5|19|12|7|31,0.1027|0.0998|0.0797|0.0740|0.0354,
unit_004745,Vienna,7,7,111.1,7,2.801,0.0,0.0,0.5,48.219082,16.542515,7|5|12|19|16,0.1562|0.0921|0.0895|0.0696|0.0579,
unit_004746,Vienna,14,14,204.2,7,2.7833,0.0,0.0,0.5,48.214223,16.542688,7|5|8|16|31,0.1361|0.1058|0.0938|0.0692|0.0472,
unit_004747,Vienna,14,14,230.5,7,2.9094,0.0,0.1931,0.5481,48.210051,16.541166,7|5|8|16|19,0.1598|0.0988|0.0888|0.0638|0.0564,
unit_004748,Vienna,17,17,257.2,7,2.9099,0.0,0.0,0.5,48.211234,16.542549,7|5|8|19|31,0.1442|0.1062|0.0917|0.0608|0.0462,
unit_004749,Vienna,14,14,177.0,7,2.8752,0.0,0.0,0.5,48.202703,16.545115,7|5|8|16|31,0.1277|0.1054|0.0722|0.0624|0.0350,
unit_004750,Vienna,9,9,170.9,7,2.8088,0.0,0.0,0.5,48.203815,16.547708,7|5|8|31|16,0.1738|0.0951|0.0861|0.0647|0.0496,
unit_004751,Vienna,12,12,230.9,5,2.9086,0.0,0.0,0.5,48.203857,16.54174,5|19|30|7|8,0.1185|0.1123|0.0698|0.0574|0.0466,
unit_004752,Vienna,13,13,270.9,5,2.8729,0.0,0.0,0.5,48.206744,16.533414,5|30|19|7|8,0.1013|0.0954|0.0838|0.0585|0.0526,
unit_004753,Vienna,12,12,213.6,7,2.8265,0.0,0.0,0.5,48.212305,16.53743,7|5|12|19|31,0.1699|0.0898|0.0891|0.0659|0.0510,
unit_004754,Vienna,10,10,176.0,7,2.9024,0.0,0.0,0.5,48.207927,16.537526,7|5|19|12|8,0.1213|0.1086|0.0928|0.0759|0.0481,
unit_004755,Vienna,8,8,137.6,7,2.6991,0.0,0.0,0.5,48.213309,16.532602,7|5|8|19|16,0.1201|0.0828|0.0639|0.0631|0.0525,
unit_004756,Vienna,15,15,171.9,7,2.8185,0.0,0.0,0.5,48.216335,16.541331,7|5|12|19|31,0.1618|0.0896|0.0801|0.0595|0.0583,
unit_004758,Vienna,12,12,252.0,5,2.8006,0.0,0.0,0.5,48.216112,16.545756,5|19|7|12|16,0.1138|0.1057|0.0779|0.0716|0.0461,
unit_004759,Vienna,11,11,183.1,7,2.8073,0.0,0.0,0.5,48.217576,16.544949,7|5|12|16|19,0.1505|0.0915|0.0828|0.0639|0.0511,
unit_004760,Vienna,11,11,172.2,7,2.7494,0.0,0.0,0.5,48.217955,16.53844,7|12|5|31|19,0.1393|0.0938|0.0934|0.0606|0.0557,
unit_004762,Vienna,10,10,196.0,5,2.8272,0.0,0.0,0.5,48.221476,16.533675,5|12|7|19|31,0.1018|0.0819|0.0814|0.0787|0.0458,
unit_004763,Vienna,8,8,132.3,5,2.9018,0.0,0.0,0.5,48.211505,16.526734,5|12|31|7|8,0.1036|0.0976|0.0814|0.0764|0.0690,
unit_004764,Vienna,8,8,175.1,8,2.9373,0.0,0.0,0.5,48.213481,16.515304,8|7|5|16|31,0.1059|0.1006|0.0902|0.0678|0.0475,
unit_004765,Vienna,8,8,185.7,5,2.9782,0.0,0.0,0.5,48.219388,16.492404,5|7|8|19|16,0.1290|0.0903|0.0822|0.0625|0.0555,
unit_004766,Vienna,11,11,200.5,5,2.8543,0.0,0.0,0.5,48.223356,16.4861,5|12|31|7|16,0.1194|0.1012|0.0763|0.0706|0.0632,
unit_004767,Vienna,15,15,262.9,5,3.0245,0.0,0.0,0.5,48.226402,16.490257,5|7|8|18|31,0.1241|0.1103|0.0928|0.0740|0.0667,
unit_004768,Vienna,16,16,309.2,7,2.7127,0.0,0.0,0.5,48.228961,16.492932,7|5|12|16|19,0.1552|0.0815|0.0695|0.0562|0.0548,
unit_004769,Vienna,8,8,177.4,7,2.8128,0.0,0.0,0.5,48.227126,16.493897,7|5|12|16|8,0.1630|0.0870|0.0651|0.0571|0.0545,
unit_004770,Vienna,13,13,206.8,5,2.9674,0.0,0.03132,0.5078,48.222508,16.495233,5|19|30|18|15,0.1449|0.1041|0.0684|0.0665|0.0608,
unit_004771,Vienna,7,8,159.6,5,2.9129,1e-05,0.03132,0.5078,48.223753,16.495718,5|12|19|30|11,0.1347|0.1089|0.0805|0.0575|0.0540,
unit_004772,Vienna,14,14,291.3,5,2.9788,0.0,0.0,0.5,48.230752,16.499087,5|19|30|1|4,0.1345|0.0876|0.0653|0.0627|0.0581,
unit_004773,Vienna,7,7,155.1,5,2.7383,0.0,0.0,0.5,48.211596,16.498929,5|19|30|8|7,0.0943|0.0692|0.0494|0.0384|0.0360,
unit_004775,Vienna,8,8,107.8,7,2.7181,0.0,0.10323,0.5258,48.249967,16.493661,7|12|5|16|19,0.1595|0.0761|0.0723|0.0569|0.0488,
unit_004776,Vienna,8,8,176.7,7,3.0297,0.0,0.0,0.5,48.248122,16.490611,7|5|19|12|16,0.1098|0.0882|0.0794|0.0791|0.0597,
unit_004777,Vienna,11,11,186.1,7,2.7673,0.0,0.0,0.5,48.241037,16.4997,7|5|12|31|16,0.1650|0.0952|0.0947|0.0570|0.0535,
unit_004778,Vienna,9,9,153.4,7,2.8783,0.0,0.0,0.5,48.241392,16.498293,7|12|5|19|31,0.1310|0.0998|0.0895|0.0612|0.0496,
unit_004780,Vienna,10,10,183.4,7,2.8355,0.0,0.0,0.5,48.254506,16.499766,7|8|5|16|31,0.1449|0.1040|0.0949|0.0482|0.0475,
unit_004781,Vienna,9,9,150.1,7,2.7945,0.0,0.0,0.5,48.255372,16.500838,7|5|8|16|19,0.1379|0.0899|0.0802|0.0584|0.0494,
unit_004782,Vienna,8,8,127.6,7,2.8835,0.0,0.0,0.5,48.20659,16.55264,7|5|16|19|12,0.1040|0.0789|0.0769|0.0699|0.0536,
unit_004783,Vienna,12,12,243.6,7,2.8727,0.0,0.0,0.5,48.205827,16.556126,7|5|19|8|16,0.1316|0.0749|0.0697|0.0600|0.0465,
unit_004785,Vienna,38,41,755.0,7,2.8789,5e-05,0.0,0.5,48.197284,16.554029,7|5|16|8|31,0.1285|0.1156|0.0633|0.0617|0.0564,
unit_004786,Vienna,14,14,291.3,5,2.9064,0.0,0.0,0.5,48.208661,16.556324,5|19|30|12|15,0.1134|0.1122|0.0747|0.0487|0.0448,
unit_004787,Vienna,10,10,184.4,7,2.9003,0.0,0.0,0.5,48.197591,16.550734,7|5|16|19|12,0.1460|0.1015|0.0648|0.0594|0.0588,
unit_004788,Vienna,11,11,224.6,5,2.9762,0.0,0.0,0.5,48.192938,16.548171,5|18|7|12|19,0.1191|0.1023|0.0997|0.0928|0.0764,
unit_004789,Vienna,12,12,184.5,5,2.908,0.0,0.0,0.5,48.189942,16.54461,5|8|16|31|7,0.1253|0.0728|0.0714|0.0624|0.0614,
unit_004790,Vienna,11,11,163.6,5,2.9248,0.0,0.0,0.5,48.189097,16.546486,5|7|8|16|18,0.1010|0.0984|0.0820|0.0801|0.0575,
unit_004791,Vienna,12,13,237.1,5,2.925,0.0,0.07529,0.5188,48.191144,16.542983,5|12|19|7|18,0.1234|0.1023|0.0811|0.0751|0.0706,
unit_004792,Vienna,12,12,236.2,19,2.687,0.0,0.07529,0.5188,48.192791,16.543818,19|30|5|12|15,0.0896|0.0781|0.0723|0.0655|0.0618,
unit_004793,Vienna,7,7,156.6,5,2.9171,0.0,0.0,0.5,48.193113,16.546267,5|7|8|31|19,0.1247|0.1012|0.0852|0.0763|0.0678,
unit_004794,Vienna,16,24,338.6,7,2.8686,1e-05,0.0,0.5,48.196867,16.544922,7|5|8|16|31,0.1378|0.1106|0.0831|0.0685|0.0512,
unit_004795,Vienna,27,32,505.4,5,2.9248,7e-05,0.0,0.5,48.19434,16.555402,5|7|19|8|16,0.1166|0.1041|0.0883|0.0581|0.0521,
unit_004796,Vienna,13,13,273.4,5,2.9237,0.0,0.0,0.5,48.199333,16.554672,5|7|16|30|19,0.1094|0.1040|0.0633|0.0629|0.0619,
unit_004797,Vienna,22,22,372.4,5,2.9871,0.0,0.0,0.5,48.200019,16.545232,5|7|8|18|1,0.1146|0.1141|0.0717|0.0529|0.0510,
unit_004798,Vienna,11,11,186.7,31,2.9442,0.0,0.0,0.5,48.199227,16.547326,31|7|5|8|4,0.1079|0.0723|0.0498|0.0378|0.0338,
unit_004799,Vienna,8,8,175.2,5,2.7762,0.0,0.0,0.5,48.212321,16.547477,5|19|9|4|30,0.1143|0.0772|0.0651|0.0583|0.0547,
unit_004800,Vienna,10,10,185.3,7,2.8632,0.0,0.0,0.5,48.157694,16.304537,7|5|8|31|19,0.1701|0.0799|0.0629|0.0554|0.0526,
unit_004801,Vienna,23,29,423.6,12,3.0342,7e-05,0.0,0.5,48.156288,16.30542,12|5|7|31|16,0.0937|0.0926|0.0908|0.0818|0.0712,
unit_004803,Vienna,10,10,185.0,7,2.889,0.0,0.0,0.5,48.117953,16.277532,7|5|8|16|31,0.1129|0.1104|0.0831|0.0686|0.0559,
unit_004807,Vienna,12,18,183.9,7,3.0814,5e-05,0.13031,0.5325,48.111796,16.275642,7|5|19|8|16,0.1146|0.0903|0.0687|0.0672|0.0632,
unit_004811,Vienna,12,12,241.6,7,2.9019,0.0,0.0,0.5,48.111682,16.268673,7|5|8|16|18,0.1395|0.1081|0.0689|0.0583|0.0569,
unit_004812,Vienna,13,13,249.7,7,2.8547,0.0,0.0,0.5,48.106122,16.263279,7|5|19|12|16,0.1142|0.0975|0.0904|0.0847|0.0713,
unit_004813,Vienna,15,15,212.2,7,2.8223,0.0,0.0,0.5,48.134614,16.27751,7|31|5|8|12,0.1056|0.0987|0.0928|0.0753|0.0729,
unit_004814,Vienna,10,10,188.1,7,2.9416,0.0,0.0,0.5,48.162775,16.28562,7|5|8|27|18,0.1252|0.0940|0.0915|0.0787|0.0631,
unit_004816,Vienna,9,9,160.6,5,2.8376,0.0,0.0,0.5,48.154371,16.363567,5|31|12|7|16,0.1178|0.0896|0.0839|0.0730|0.0552,
unit_004817,Vienna,7,7,112.2,7,2.7749,0.0,0.0,0.5,48.124656,16.341384,7|5|12|19|16,0.1631|0.0832|0.0769|0.0523|0.0513,
unit_004819,Vienna,15,16,286.4,7,2.9832,0.0,0.04227,0.5106,48.123075,16.341445,7|5|12|31|19,0.1350|0.0889|0.0799|0.0700|0.0697,
unit_004820,Vienna,7,7,164.0,7,2.915,0.0,0.0,0.5,48.1205,16.338143,7|5|8|16|31,0.1030|0.0835|0.0702|0.0530|0.0491,
unit_004823,Vienna,8,8,177.5,5,2.9057,0.0,0.0,0.5,48.118487,16.341534,5|19|30|3|7,0.1044|0.0735|0.0672|0.0404|0.0393,
unit_004824,Vienna,8,8,176.7,5,2.8347,0.0,0.0,0.5,48.122494,16.336341,5|8|31|7|16,0.1174|0.0978|0.0901|0.0687|0.0669,
unit_004825,Vienna,8,8,179.4,5,2.7537,0.0,0.0,0.5,48.116496,16.333086,5|19|12|30|9,0.1195|0.0878|0.0625|0.0625|0.0507,
unit_004826,Vienna,8,8,179.3,7,2.9034,0.0,0.0,0.5,48.121313,16.33327,7|5|8|19|16,0.1324|0.1177|0.0819|0.0638|0.0622,
unit_004827,Vienna,9,9,170.2,7,2.9295,0.0,0.0,0.5,48.164576,16.292593,7|5|12|19|15,0.1147|0.0929|0.0887|0.0788|0.0630,
unit_004828,Vienna,8,8,137.6,7,2.8328,0.0,0.0,0.5,48.167798,16.287208,7|5|12|31|8,0.1238|0.1113|0.1012|0.0654|0.0630,
unit_004829,Vienna,6,8,127.1,7,2.9548,1e-05,0.0744,0.5186,48.170518,16.290862,7|8|5|31|18,0.1165|0.1032|0.1017|0.0650|0.0641,
unit_004831,Vienna,14,14,221.3,7,2.8874,0.0,0.0,0.5,48.054426,16.320621,7|5|8|16|31,0.1553|0.1044|0.0799|0.0536|0.0528,
unit_004832,Vienna,15,15,273.1,5,2.9902,0.0,0.0,0.5,48.070756,16.315446,5|1|19|16|3,0.1078|0.0728|0.0651|0.0648|0.0546,
unit_004833,Vienna,8,8,129.4,7,2.7216,0.0,0.14521,0.5362,48.065044,16.324075,7|5|8|16|31,0.1231|0.1042|0.0715|0.0678|0.0509,
unit_004834,Vienna,10,10,178.2,7,2.9012,0.0,0.0,0.5,48.060373,16.314451,7|8|5|16|18,0.1141|0.0718|0.0642|0.0465|0.0461,
unit_004835,Vienna,10,10,140.0,5,2.7531,0.0,0.0,0.5,48.047736,16.310953,5|31|8|16|7,0.1055|0.1008|0.0875|0.0592|0.0517,
unit_004836,Vienna,12,25,197.0,5,2.9422,0.0,0.12386,0.5309,48.04551,16.306003,5|12|7|19|1,0.1216|0.1197|0.0843|0.0668|0.0640,
unit_004837,Vienna,18,18,314.7,31,2.9485,0.0,0.0,0.5,48.044901,16.309504,31|5|7|16|8,0.1076|0.1004|0.1000|0.0711|0.0485,
unit_004838,Vienna,13,13,228.0,7,2.864,0.0,0.0,0.5,48.046763,16.307554,7|5|8|16|31,0.1205|0.0997|0.0695|0.0578|0.0416,
unit_004839,Vienna,14,14,199.9,7,2.9141,0.0,0.0,0.5,48.04573,16.311987,7|5|31|8|19,0.1424|0.0858|0.0644|0.0629|0.0563,
unit_004840,Vienna,37,62,588.1,31,3.0232,3e-05,0.0,0.5,48.049151,16.312375,31|1|5|7|12,0.0852|0.0848|0.0780|0.0765|0.0695,
unit_004841,Vienna,10,10,188.8,7,2.9306,0.0,0.0,0.5,48.116727,16.302516,7|5|8|16|12,0.1673|0.0884|0.0814|0.0658|0.0565,
unit_004842,Vienna,8,8,141.2,7,2.9193,0.0,0.0,0.5,48.117945,16.302333,7|5|8|31|16,0.1434|0.0867|0.0800|0.0583|0.0576,
unit_004843,Vienna,7,7,106.6,7,2.9868,0.0,0.0,0.5,48.11558,16.301682,7|5|19|16|18,0.1093|0.0816|0.0729|0.0659|0.0462,
unit_004844,Vienna,17,17,253.0,7,2.858,0.0,0.0,0.5,48.114721,16.303693,7|5|12|31|8,0.1410|0.1059|0.0666|0.0608|0.0535,
unit_004845,Vienna,5,5,100.2,9,3.0911,0.0,0.0,0.5,48.120973,16.318022,9|26|5|27|18,0.1213|0.1115|0.0856|0.0827|0.0686,
unit_004847,Vienna,12,12,260.9,7,2.7737,0.0,0.0,0.5,48.123763,16.319498,7|5|8|16|31,0.1537|0.0973|0.0854|0.0605|0.0416,
unit_004850,Vienna,7,7,124.1,31,2.72,0.0,0.0,0.5,48.118635,16.266556,31|5|7|16|12,0.1013|0.0770|0.0640|0.0603|0.0440,
unit_004851,Vienna,21,27,343.1,7,2.8253,8e-05,0.0,0.5,48.104862,16.294722,7|5|12|8|31,0.1560|0.0984|0.0833|0.0705|0.0532,
unit_004852,Vienna,10,10,179.3,7,2.6644,0.0,0.0,0.5,48.104798,16.291777,7|12|5|31|19,0.1558|0.0947|0.0657|0.0554|0.0441,
unit_004853,Vienna,9,9,166.0,7,2.9007,0.0,0.0,0.5,48.107458,16.291441,7|5|8|16|19,0.1188|0.0873|0.0856|0.0624|0.0520,
unit_004854,Vienna,7,7,164.0,5,3.0589,0.0,0.0,0.5,48.107695,16.298648,5|8|7|1|18,0.1079|0.0898|0.0825|0.0689|0.0656,
unit_004855,Vienna,6,6,127.1,5,2.9764,0.0,0.0,0.5,48.109579,16.292474,5|8|7|31|15,0.1071|0.0949|0.0864|0.0783|0.0545,
unit_004856,Vienna,14,14,190.0,7,2.9082,0.0,0.0,0.5,48.109905,16.296246,7|8|5|16|18,0.1345|0.0960|0.0736|0.0712|0.0484,
unit_004857,Vienna,9,9,165.1,5,2.9813,0.0,0.0,0.5,48.112349,16.301084,5|8|7|31|1,0.1269|0.0871|0.0729|0.0726|0.0514,
unit_004858,Vienna,8,8,183.0,16,2.9574,0.0,0.0,0.5,48.111187,16.3037,16|5|8|3|2,0.0858|0.0793|0.0679|0.0586|0.0557,
unit_004859,Vienna,10,10,178.1,5,2.8402,0.0,0.0,0.5,48.132814,16.385751,5|18|19|12|30,0.1145|0.1061|0.0795|0.0736|0.0618,
unit_004861,Vienna,12,12,201.1,5,2.8891,0.0,0.0,0.5,48.137626,16.388709,5|12|19|7|1,0.1138|0.0921|0.0804|0.0486|0.0468,
unit_004862,Vienna,8,8,177.4,7,2.9471,0.0,0.0,0.5,48.138792,16.384346,7|8|5|19|28,0.1386|0.0859|0.0838|0.0634|0.0585,
unit_004863,Vienna,7,7,151.0,7,2.827,0.0,0.0,0.5,48.139085,16.38041,7|5|8|31|16,0.1035|0.1012|0.0792|0.0742|0.0636,
unit_004864,Vienna,16,16,263.3,7,2.7587,0.0,0.15606,0.5389,48.283643,16.533868,7|5|8|16|31,0.1280|0.1045|0.0811|0.0592|0.0511,
unit_004865,Vienna,8,8,175.1,5,2.8389,0.0,0.0,0.5,48.282471,16.548794,5|19|30|18|15,0.1158|0.1157|0.0852|0.0635|0.0621,
unit_004866,Vienna,8,8,180.7,5,2.8521,0.0,0.15606,0.5389,48.283529,16.535553,5|16|19|7|8,0.0774|0.0651|0.0607|0.0411|0.0392,
unit_004868,Vienna,24,55,452.6,5,3.0366,7e-05,0.0,0.5,48.054292,16.308213,5|1|18|3|12,0.1369|0.0874|0.0749|0.0735|0.0679,
unit_004869,Vienna,12,24,245.2,12,2.9408,0.0,0.0,0.5,48.051925,16.307851,12|5|1|3|2,0.1075|0.1035|0.0957|0.0748|0.0507,
unit_004870,Vienna,8,8,176.6,5,2.9604,0.0,0.0,0.5,48.059482,16.311377,5|9|12|19|18,0.1191|0.0970|0.0808|0.0715|0.0712,
unit_004872,Vienna,12,12,209.3,7,2.8921,0.0,0.0,0.5,48.05589,16.312605,7|5|12|8|30,0.1082|0.0895|0.0611|0.0546|0.0456,
unit_004873,Vienna,11,11,182.2,7,3.029,0.0,0.0,0.5,48.079479,16.292901,7|5|8|31|16,0.1123|0.0791|0.0756|0.0563|0.0553,
unit_004874,Vienna,11,11,202.2,7,2.9576,0.0,0.0,0.5,48.076399,16.28346,7|31|12|5|15,0.1594|0.0809|0.0766|0.0651|0.0561,
unit_004875,Vienna,12,12,221.4,7,2.9626,0.0,0.0,0.5,48.079725,16.285829,7|5|8|31|15,0.1424|0.0841|0.0787|0.0594|0.0587,
unit_004876,Vienna,12,12,151.6,7,2.8609,0.0,0.0691,0.5173,48.079742,16.289732,7|31|12|5|15,0.1372|0.0929|0.0871|0.0729|0.0462,
unit_004877,Vienna,11,11,181.7,7,2.8782,0.0,0.0,0.5,48.076867,16.285223,7|12|5|31|8,0.1734|0.0922|0.0755|0.0657|0.0576,
unit_004878,Vienna,9,9,169.1,7,2.8823,0.0,0.0,0.5,48.092348,16.279297,7|12|19|5|18,0.1253|0.0967|0.0705|0.0687|0.0529,
unit_004879,Vienna,8,8,176.9,5,2.9813,0.0,0.0,0.5,48.0932,16.276764,5|30|19|18|7,0.1251|0.0913|0.0834|0.0766|0.0721,
unit_004880,Vienna,8,8,177.2,31,2.8992,0.0,0.0,0.5,48.09029,16.283509,31|12|5|7|1,0.1121|0.1040|0.0933|0.0610|0.0380,
unit_004881,Vienna,8,8,129.5,7,2.8224,0.0,0.0,0.5,48.100228,16.276742,7|5|12|31|16,0.1540|0.0890|0.0725|0.0589|0.0549,
unit_004882,Vienna,39,62,751.6,7,2.953,4e-05,0.0,0.5,48.099138,16.260628,7|5|19|8|15,0.1391|0.1195|0.0579|0.0555|0.0554,
unit_004883,Vienna,13,13,257.7,7,2.9968,0.0,0.08802,0.522,48.10095,16.268358,7|5|19|18|15,0.1023|0.0914|0.0780|0.0652|0.0644,
unit_004884,Vienna,11,11,211.8,7,2.8471,0.0,0.0,0.5,48.097045,16.256579,7|5|8|16|18,0.1160|0.0927|0.0923|0.0671|0.0572,
unit_004886,Vienna,11,11,158.0,7,2.9308,0.0,0.0,0.5,48.100289,16.250885,7|5|16|19|8,0.1211|0.0954|0.0829|0.0723|0.0691,
unit_004887,Vienna,17,17,252.8,7,2.9947,0.0,0.0,0.5,48.098773,16.251067,7|18|19|5|17,0.1261|0.0962|0.0948|0.0937|0.0769,
unit_004888,Vienna,11,16,217.3,5,3.0028,3e-05,0.0,0.5,48.100848,16.250661,5|9|4|17|18,0.1037|0.1029|0.0983|0.0762|0.0750,
unit_004889,Vienna,7,7,156.0,7,2.8456,0.0,0.0,0.5,48.094037,16.25687,7|8|5|16|30,0.1292|0.0936|0.0877|0.0660|0.0458,
unit_004890,Vienna,11,12,208.8,7,2.9735,0.0,0.03223,0.5081,48.094368,16.241771,7|15|19|5|30,0.0909|0.0892|0.0890|0.0844|0.0599,
unit_004891,Vienna,8,9,175.9,7,3.007,1e-05,0.03223,0.5081,48.095381,16.240657,7|5|16|18|19,0.1216|0.0939|0.0646|0.0583|0.0572,
unit_004892,Vienna,8,8,175.9,7,2.9483,0.0,0.0,0.5,48.094601,16.249354,7|8|5|16|27,0.1347|0.0785|0.0751|0.0488|0.0485,
unit_004895,Vienna,7,7,153.1,7,2.9028,0.0,0.0,0.5,48.085162,16.24556,7|31|5|18|8,0.1276|0.0823|0.0821|0.0662|0.0619,
unit_004898,Vienna,8,8,183.5,5,2.9374,0.0,0.08802,0.522,48.101178,16.270214,5|19|30|15|18,0.0938|0.0850|0.0738|0.0700|0.0476,
unit_004899,Vienna,12,12,198.3,7,2.9963,0.0,0.0,0.5,48.098564,16.26856,7|5|31|19|8,0.1563|0.0833|0.0668|0.0632|0.0614,
unit_004900,Vienna,12,12,230.3,7,3.0458,0.0,0.0,0.5,48.097517,16.266354,7|5|8|18|27,0.1308|0.0937|0.0935|0.0707|0.0643,
unit_004902,Vienna,8,8,177.1,17,2.8391,0.0,0.0,0.5,48.087391,16.235356,17|30|19|5|16,0.0760|0.0729|0.0596|0.0457|0.0454,
unit_004903,Vienna,10,10,181.9,7,3.0178,0.0,0.11958,0.5299,48.086313,16.240499,7|5|18|12|16,0.1215|0.0799|0.0672|0.0640|0.0549,
unit_004904,Vienna,9,9,160.1,7,2.9335,0.0,0.11958,0.5299,48.085454,16.240814,7|8|5|18|31,0.1353|0.0839|0.0650|0.0522|0.0463,
unit_004905,Vienna,24,24,344.7,7,2.9849,0.0,0.0,0.5,48.126263,16.461756,7|5|31|12|8,0.1438|0.1050|0.0694|0.0630|0.0514,
unit_004909,Vienna,8,8,134.4,7,2.9731,0.0,0.0,0.5,48.130319,16.464598,7|5|8|16|31,0.1189|0.1181|0.0954|0.0669|0.0663,
unit_004910,Vienna,13,18,225.9,7,2.9775,7e-05,0.0,0.5,48.130972,16.464096,7|5|8|12|31,0.1353|0.1141|0.0770|0.0699|0.0692,
unit_004911,Vienna,10,10,151.6,7,2.7278,0.0,0.0,0.5,48.131436,16.461511,7|5|8|16|31,0.1155|0.1038|0.0831|0.0776|0.0420,
unit_004912,Vienna,8,11,135.4,7,2.8834,2e-05,0.04958,0.5124,48.144868,16.482124,7|5|31|8|16,0.1484|0.0977|0.0728|0.0677|0.0608,
unit_004913,Vienna,6,6,129.0,7,2.9652,0.0,0.04958,0.5124,48.144253,16.482531,7|5|8|18|19,0.1095|0.1010|0.0707|0.0615|0.0553,
unit_004915,Vienna,5,5,107.3,5,2.9845,0.0,0.0,0.5,48.136907,16.346189,5|7|8|19|30,0.1040|0.0987|0.0737|0.0643|0.0523,
unit_004916,Vienna,13,13,227.3,7,2.7953,0.0,0.03727,0.5093,48.269785,16.378664,7|5|8|31|16,0.1595|0.0851|0.0754|0.0650|0.0460,
unit_004917,Vienna,7,7,156.5,7,2.9522,0.0,0.0,0.5,48.269715,16.381491,7|8|18|5|31,0.1222|0.0989|0.0855|0.0832|0.0512,
unit_004918,Vienna,15,20,205.1,5,2.9285,1e-05,0.19048,0.5475,48.273276,16.390194,5|7|8|31|16,0.0982|0.0925|0.0882|0.0759|0.0594,
unit_004920,Vienna,8,9,175.5,7,2.967,1e-05,0.03612,0.509,48.315459,16.299551,7|8|5|19|27,0.0979|0.0894|0.0772|0.0747|0.0578,
unit_004921,Vienna,8,8,183.0,7,2.7786,0.0,0.0,0.5,48.306111,16.307182,7|5|8|31|16,0.1379|0.0965|0.0873|0.0709|0.0523,
unit_004923,Vienna,15,15,212.9,7,2.9483,0.0,0.14235,0.5355,48.305376,16.304018,7|17|12|15|5,0.1148|0.0685|0.0610|0.0541|0.0530,
unit_004924,Vienna,10,10,187.9,7,2.9686,0.0,0.0,0.5,48.307381,16.299618,7|5|8|16|27,0.1202|0.0762|0.0735|0.0641|0.0567,
unit_004925,Vienna,11,11,223.6,7,2.9145,0.0,0.0,0.5,48.309155,16.297447,7|5|16|8|19,0.1080|0.0877|0.0700|0.0692|0.0661,
unit_004926,Vienna,6,6,127.7,7,2.8913,0.0,0.0,0.5,48.306264,16.3,7|5|8|16|19,0.1543|0.0834|0.0723|0.0491|0.0449,
unit_004927,Vienna,6,6,127.9,12,3.036,0.0,0.0,0.5,48.162646,16.384673,12|9|5|17|1,0.1029|0.1029|0.0811|0.0802|0.0764,
unit_004928,Vienna,23,23,403.3,31,2.9603,0.0,0.0,0.5,48.166237,16.380701,31|5|8|12|10,0.1729|0.0752|0.0593|0.0528|0.0504,
unit_004929,Vienna,15,15,237.8,31,2.9666,0.0,0.0,0.5,48.168759,16.381191,31|8|5|11|18,0.1414|0.0673|0.0652|0.0495|0.0469,
unit_004930,Vienna,15,23,315.2,5,3.0648,0.00015,0.0,0.5,48.254488,16.372218,5|26|9|30|15,0.0968|0.0895|0.0884|0.0710|0.0693,
unit_004931,Vienna,7,7,115.1,9,3.041,0.0,0.04387,0.511,48.253828,16.373221,9|26|18|5|15,0.1444|0.1020|0.0874|0.0755|0.0749,
unit_004932,Vienna,16,21,295.2,9,3.0418,0.0,0.04302,0.5108,48.253926,16.373694,9|26|18|5|15,0.1450|0.1025|0.0872|0.0765|0.0747,
unit_004933,Vienna,6,9,141.7,9,3.0213,0.0,0.04218,0.5105,48.25288,16.374759,9|5|26|1|27,0.1346|0.1057|0.1042|0.0689|0.0670,
unit_004934,Vienna,7,7,162.0,7,2.8875,0.0,0.0,0.5,48.073639,16.354996,7|5|12|16|31,0.1505|0.0899|0.0840|0.0596|0.0494,
unit_004935,Vienna,11,11,201.0,7,2.9198,0.0,0.0,0.5,48.070788,16.352007,7|5|8|16|18,0.1398|0.1041|0.0783|0.0706|0.0626,
unit_004936,Vienna,11,11,229.9,7,2.8405,0.0,0.0,0.5,48.046197,16.448944,7|5|8|16|19,0.1597|0.1024|0.0676|0.0556|0.0554,
unit_004939,Vienna,8,8,175.5,17,2.9858,0.0,0.0,0.5,48.124411,16.443345,17|9|5|6|26,0.1040|0.0941|0.0843|0.0832|0.0827,
unit_004940,Vienna,8,8,175.5,5,2.938,0.0,0.0,0.5,48.124046,16.439523,5|26|9|4|27,0.1088|0.1061|0.0844|0.0790|0.0714,
unit_004941,Vienna,12,12,227.7,9,2.9444,0.0,0.20309,0.5506,48.132409,16.340615,9|12|26|5|27,0.1682|0.0788|0.0734|0.0657|0.0480,
unit_004942,Vienna,8,8,176.4,5,2.9393,0.0,0.0,0.5,48.132125,16.34462,5|26|4|17|9,0.1119|0.1103|0.0776|0.0761|0.0725,
unit_004943,Vienna,4,4,75.1,26,2.9743,0.0,0.0,0.5,48.131695,16.3388,26|5|9|19|4,0.1230|0.1120|0.0757|0.0652|0.0650,
unit_004944,Vienna,8,8,175.3,9,2.9444,0.0,0.0,0.5,48.132512,16.340649,9|12|26|5|27,0.1682|0.0788|0.0734|0.0657|0.0480,
unit_004945,Vienna,8,8,180.8,9,2.9444,0.0,0.0,0.5,48.132612,16.340538,9|12|26|5|27,0.1682|0.0788|0.0734|0.0657|0.0480,
unit_004946,Vienna,5,5,103.3,26,2.9743,0.0,0.20309,0.5506,48.132019,16.339424,26|5|9|19|4,0.1230|0.1120|0.0757|0.0652|0.0650,
unit_004947,Vienna,44,56,698.6,5,3.0213,3e-05,0.04986,0.5125,48.104494,16.415002,5|19|12|3|1,0.1291|0.0872|0.0744|0.0717|0.0677,
unit_004949,Vienna,8,8,181.3,5,2.8998,0.0,0.0,0.5,48.180814,16.392896,5|31|11|8|2,0.0972|0.0772|0.0697|0.0687|0.0549,
unit_004950,Vienna,6,6,129.8,5,2.8737,0.0,0.0,0.5,48.199846,16.487638,5|7|19|30|8,0.0910|0.0858|0.0668|0.0617|0.0502,
unit_004951,Vienna,9,9,165.8,7,2.9535,0.0,0.0,0.5,48.206627,16.507909,7|8|5|16|31,0.0968|0.0930|0.0928|0.0561|0.0507,
unit_004952,Vienna,11,11,203.6,5,2.9824,0.0,0.0,0.5,48.219681,16.486061,5|7|8|27|18,0.1088|0.0825|0.0744|0.0611|0.0533,
unit_004953,Vienna,8,8,176.9,7,2.8884,0.0,0.0,0.5,48.224061,16.481345,7|5|12|19|3,0.1129|0.0842|0.0676|0.0583|0.0477,
unit_004955,Vienna,6,7,133.4,5,2.9382,0.0,0.03749,0.5094,48.273043,16.389003,5|31|1|8|16,0.1037|0.0788|0.0764|0.0701|0.0626,
unit_004956,Vienna,14,17,201.6,7,2.9279,0.0,0.03727,0.5093,48.27024,16.377522,7|8|5|18|19,0.1637|0.0805|0.0766|0.0706|0.0547,
unit_004957,Vienna,9,9,168.7,7,2.8566,0.0,0.0,0.5,48.069714,16.352014,7|5|31|12|16,0.1371|0.1035|0.0595|0.0580|0.0535,
unit_004958,Vienna,7,7,154.9,5,2.8875,0.0,0.0,0.5,48.080451,16.381595,5|7|31|8|18,0.1031|0.0965|0.0812|0.0756|0.0497,
unit_004959,Vienna,8,8,178.1,5,2.9285,0.0,0.0,0.5,48.081405,16.396755,5|19|30|8|3,0.0968|0.0815|0.0446|0.0427|0.0366,
unit_004960,Vienna,8,8,176.0,5,2.9158,0.0,0.0,0.5,48.087851,16.407067,5|19|30|9|4,0.0999|0.0741|0.0509|0.0491|0.0466,
unit_004961,Vienna,8,8,176.0,5,3.035,0.0,0.0,0.5,48.083774,16.39812,5|18|16|19|30,0.1079|0.0590|0.0581|0.0579|0.0543,
unit_004962,Vienna,10,10,152.9,5,2.9777,0.0,0.0,0.5,48.11411,16.402402,5|7|8|12|18,0.1234|0.1147|0.0612|0.0606|0.0542,
unit_004964,Vienna,11,11,216.4,19,3.0301,0.0,0.0,0.5,48.113626,16.398128,19|5|12|7|1,0.0905|0.0876|0.0809|0.0765|0.0551,
unit_004965,Vienna,15,15,278.2,7,2.8843,0.0,0.0,0.5,48.115379,16.400288,7|5|16|1|8,0.1253|0.1134|0.0605|0.0577|0.0559,
unit_004967,Vienna,7,7,159.2,7,2.8024,0.0,0.0,0.5,48.117851,16.390135,7|8|5|16|28,0.1598|0.0842|0.0835|0.0672|0.0446,
unit_004971,Vienna,7,7,158.5,5,2.9803,0.0,0.0,0.5,48.106979,16.398093,5|8|7|30|19,0.1059|0.0744|0.0712|0.0640|0.0637,
unit_004972,Vienna,7,7,122.6,7,2.9276,0.0,0.0,0.5,48.107934,16.410162,7|16|19|5|12,0.0922|0.0885|0.0743|0.0730|0.0689,
unit_004973,Vienna,9,9,149.8,7,2.8722,0.0,0.0,0.5,48.108573,16.434744,7|5|19|15|18,0.1228|0.0977|0.0774|0.0585|0.0573,
unit_004974,Vienna,9,9,163.6,5,2.8396,0.0,0.0,0.5,48.110386,16.43879,5|7|19|8|16,0.1041|0.0844|0.0642|0.0532|0.0461,
unit_004975,Vienna,13,13,228.1,7,2.9172,0.0,0.06308,0.5158,48.110547,16.446082,7|5|31|16|8,0.1412|0.1143|0.0674|0.0625|0.0593,
unit_004976,Vienna,11,11,212.1,5,3.0157,0.0,0.06308,0.5158,48.109497,16.445095,5|7|19|16|11,0.0981|0.0797|0.0625|0.0571|0.0473,
unit_004977,Vienna,10,10,170.8,7,2.8038,0.0,0.0,0.5,48.111062,16.457475,7|5|8|31|19,0.1649|0.0913|0.0835|0.0535|0.0522,
unit_004978,Vienna,11,11,206.4,5,2.8259,0.0,0.0,0.5,48.133022,16.444221,5|8|30|19|7,0.1176|0.0747|0.0625|0.0598|0.0579,
unit_004979,Vienna,14,14,277.9,5,3.029,0.0,0.0,0.5,48.140151,16.441603,5|1|19|12|3,0.1177|0.1012|0.0661|0.0633|0.0626,
unit_004980,Vienna,14,14,252.1,7,2.8374,0.0,0.0,0.5,48.132535,16.442565,7|5|12|19|16,0.1153|0.1031|0.0909|0.0740|0.0463,
unit_004982,Vienna,13,13,254.0,5,3.0136,0.0,0.0,0.5,48.100077,16.305784,5|18|31|1|7,0.1444|0.0776|0.0726|0.0641|0.0616,
unit_004983,Vienna,7,7,152.7,7,2.7016,0.0,0.0,0.5,48.101972,16.3008,7|5|8|31|16,0.1142|0.1121|0.0884|0.0611|0.0567,
unit_004984,Vienna,13,13,218.0,7,2.977,0.0,0.0,0.5,48.091346,16.28768,7|8|5|31|18,0.1186|0.0993|0.0947|0.0544|0.0508,
unit_004985,Vienna,9,9,173.7,31,2.8297,0.0,0.0,0.5,48.086286,16.289953,31|5|8|25|1,0.1280|0.0660|0.0503|0.0455|0.0397,
unit_004986,Vienna,19,23,377.1,7,3.0872,5e-05,0.0,0.5,48.092259,16.291053,7|19|12|1|5,0.0839|0.0786|0.0749|0.0693|0.0639,
unit_004987,Vienna,7,9,156.0,7,3.015,0.0,0.0,0.5,48.092612,16.289761,7|5|19|12|18,0.1118|0.0914|0.0775|0.0736|0.0688,
unit_004988,Vienna,7,7,153.7,7,2.8831,0.0,0.0,0.5,48.239633,16.501452,7|5|8|16|31,0.1568|0.0871|0.0835|0.0583|0.0495,
unit_004989,Vienna,8,8,176.6,7,2.8936,0.0,0.0,0.5,48.279873,16.476715,7|19|12|16|5,0.1298|0.0803|0.0746|0.0664|0.0653,
unit_004993,Vienna,13,13,219.3,7,2.9463,0.0,0.0,0.5,48.046514,16.445192,7|5|16|12|19,0.1480|0.0960|0.0706|0.0652|0.0620,
unit_004994,Vienna,9,9,161.0,5,2.9808,0.0,0.0,0.5,48.102561,16.430562,5|7|19|3|30,0.1232|0.0822|0.0647|0.0632|0.0492,
unit_004998,Vienna,8,8,177.8,7,3.0062,0.0,0.0,0.5,48.14178,16.328456,7|19|5|12|16,0.0921|0.0900|0.0888|0.0798|0.0789,
unit_005000,Vienna,3,4,61.9,7,2.928,2e-05,0.03434,0.5086,48.047877,16.305394,7|5|12|16|8,0.1438|0.0981|0.0863|0.0641|0.0599,
unit_005001,Vienna,5,5,112.2,7,2.9,0.0,0.0,0.5,48.214115,16.532448,7|5|8|19|16,0.1497|0.0836|0.0724|0.0720|0.0660,
unit_005002,Vienna,10,10,197.4,5,2.7878,0.0,0.0,0.5,48.217444,16.521691,5|19|12|30|4,0.1196|0.0771|0.0700|0.0557|0.0392,
unit_005003,Vienna,12,12,243.4,7,2.9652,0.0,0.0,0.5,48.253899,16.348023,7|5|31|8|12,0.1204|0.0944|0.0755|0.0743|0.0486,
unit_005004,Vienna,15,15,275.1,31,2.8154,0.0,0.0,0.5,48.254181,16.349752,31|5|8|7|1,0.1084|0.0982|0.0868|0.0739|0.0526,
unit_005005,Vienna,12,12,234.7,7,2.9258,0.0,0.0,0.5,48.208979,16.226163,7|5|31|18|12,0.1225|0.1089|0.0803|0.0723|0.0628,
unit_005006,Vienna,14,17,230.4,7,2.9088,0.0,0.0,0.5,48.098327,16.241065,7|5|8|16|31,0.1310|0.1136|0.0803|0.0606|0.0439,
unit_005007,Vienna,9,9,151.9,7,2.845,0.0,0.0,0.5,48.097191,16.233361,7|31|8|5|16,0.0965|0.0844|0.0744|0.0731|0.0650,
unit_005008,Vienna,7,7,152.8,7,2.9253,0.0,0.0,0.5,48.098272,16.229597,7|5|8|19|16,0.1414|0.0966|0.0679|0.0657|0.0569,
unit_005009,Vienna,4,4,75.8,7,2.9731,0.0,0.0,0.5,48.093644,16.241321,7|15|19|5|30,0.0901|0.0892|0.0889|0.0839|0.0597,
unit_005010,Vienna,8,8,176.9,30,2.9299,0.0,0.0,0.5,48.095026,16.236694,30|5|19|15|18,0.0991|0.0977|0.0976|0.0826|0.0785,
unit_005012,Vienna,10,15,226.4,9,2.9929,2e-05,0.0,0.5,48.101637,16.250378,9|5|4|17|18,0.1059|0.1044|0.0996|0.0781|0.0745,
unit_005013,Vienna,11,15,251.6,5,2.8978,7e-05,0.0,0.5,48.099174,16.243702,5|26|17|9|18,0.0991|0.0825|0.0804|0.0748|0.0673,
unit_005014,Vienna,10,15,225.6,9,2.9937,3e-05,0.0,0.5,48.101514,16.250429,9|5|4|17|18,0.1055|0.1044|0.0996|0.0779|0.0747,
unit_005015,Vienna,8,13,175.5,5,2.8708,1e-05,0.03761,0.5094,48.098859,16.244195,5|26|17|9|4,0.1052|0.0948|0.0924|0.0842|0.0710,
unit_005017,Vienna,7,9,150.4,9,3.04,1e-05,0.0,0.5,48.097662,16.241391,9|26|5|27|4,0.1080|0.0888|0.0879|0.0878|0.0796,
unit_005018,Vienna,5,5,100.3,30,2.9299,0.0,0.0,0.5,48.094669,16.237224,30|5|19|15|18,0.0991|0.0977|0.0976|0.0826|0.0785,
unit_005019,Vienna,8,8,175.5,9,2.908,0.0,0.0,0.5,48.09323,16.236335,9|17|5|12|15,0.1227|0.0971|0.0818|0.0810|0.0716,
unit_005020,Vienna,7,7,150.4,9,3.0262,0.0,0.0,0.5,48.09034,16.234795,9|5|12|17|20,0.1329|0.0938|0.0872|0.0719|0.0655,
unit_005021,Vienna,8,8,175.5,26,2.9596,0.0,0.0,0.5,48.085665,16.229922,26|27|9|5|17,0.1125|0.0871|0.0847|0.0795|0.0653,
unit_005022,Vienna,8,16,175.5,9,3.0134,0.0,0.0,0.5,48.084679,16.227164,9|26|4|5|17,0.1000|0.0988|0.0945|0.0795|0.0748,
unit_005023,Vienna,8,8,175.5,26,2.9723,0.0,0.0,0.5,48.083258,16.220309,26|9|27|5|4,0.1304|0.1087|0.0837|0.0765|0.0694,
unit_005024,Vienna,8,8,175.5,9,3.0008,0.0,0.0,0.5,48.082623,16.217443,9|4|26|17|5,0.1206|0.0946|0.0944|0.0718|0.0659,
unit_005025,Vienna,8,8,175.5,9,2.9669,0.0,0.0,0.5,48.079094,16.211543,9|5|17|4|12,0.1452|0.0861|0.0743|0.0673|0.0668,
unit_005026,Vienna,8,8,175.5,5,2.9493,0.0,0.0,0.5,48.076656,16.209532,5|9|4|30|17,0.1069|0.0988|0.0823|0.0780|0.0754,
unit_005027,Vienna,8,8,180.3,7,2.9067,0.0,0.0,0.5,48.108618,16.257298,7|5|19|30|15,0.1066|0.0835|0.0821|0.0636|0.0535,
unit_005028,Vienna,10,10,176.0,7,2.823,0.0,0.0,0.5,48.055196,16.205344,7|8|5|31|16,0.1222|0.0987|0.0842|0.0580|0.0495,
unit_005029,Vienna,10,10,180.0,5,2.8884,0.0,0.0,0.5,48.055897,16.211644,5|7|19|8|12,0.0703|0.0686|0.0570|0.0393|0.0332,
unit_005030,Vienna,8,8,176.0,17,2.7074,0.0,0.0,0.5,48.062962,16.220217,17|30|19|5|15,0.1003|0.0931|0.0875|0.0826|0.0751,
unit_005031,Vienna,9,9,140.4,7,2.8887,0.0,0.0,0.5,48.081248,16.216564,7|5|8|16|31,0.1265|0.1129|0.0696|0.0678|0.0497,
unit_005032,Vienna,8,8,131.6,26,2.9723,0.0,0.0,0.5,48.082571,16.220558,26|9|27|5|4,0.1304|0.1087|0.0837|0.0765|0.0694,
unit_005036,Vienna,17,26,338.7,7,2.9475,2e-05,0.0,0.5,48.080309,16.220465,7|5|8|31|16,0.1298|0.1204|0.0604|0.0594|0.0549,
unit_005037,Vienna,8,8,179.7,7,2.8521,0.0,0.0,0.5,48.080519,16.226509,7|5|8|16|19,0.1133|0.0848|0.0665|0.0631|0.0497,
unit_005038,Vienna,6,6,132.7,7,2.8564,0.0,0.0,0.5,48.226373,16.305583,7|8|5|31|16,0.1691|0.0888|0.0810|0.0566|0.0491,
unit_005039,Vienna,10,10,176.3,8,2.9138,0.0,0.0,0.5,48.228273,16.300577,8|5|31|7|16,0.1052|0.1028|0.0929|0.0909|0.0537,
unit_005040,Vienna,16,16,325.7,31,2.8748,0.0,0.0,0.5,48.229828,16.395011,31|5|8|10|11,0.1046|0.1037|0.0846|0.0740|0.0735,
unit_005041,Vienna,7,7,125.5,7,2.8527,0.0,0.0,0.5,48.297448,16.208226,7|5|19|16|8,0.1001|0.0835|0.0699|0.0650|0.0560,
unit_005043,Vienna,8,8,181.6,7,2.9391,0.0,0.0,0.5,48.297979,16.211529,7|5|30|19|3,0.1031|0.0994|0.0549|0.0549|0.0535,
unit_005044,Vienna,9,9,168.1,7,2.8815,0.0,0.0,0.5,48.315258,16.238207,7|5|16|19|8,0.1448|0.0800|0.0621|0.0600|0.0538,
unit_005045,Vienna,8,8,178.6,5,2.8737,0.0,0.0,0.5,48.314425,16.244667,5|7|8|16|18,0.1128|0.0976|0.0887|0.0691|0.0474,
unit_005046,Vienna,13,13,237.8,7,2.894,0.0,0.0,0.5,48.312713,16.247721,7|5|8|16|19,0.1379|0.0866|0.0797|0.0662|0.0578,
unit_005047,Vienna,6,6,131.2,5,3.0622,0.0,0.0,0.5,48.310918,16.251905,5|7|31|18|30,0.1418|0.0784|0.0714|0.0705|0.0694,
unit_005048,Vienna,27,31,574.9,5,3.0717,0.00011,0.04357,0.5109,48.311774,16.252313,5|7|8|31|18,0.1263|0.0737|0.0709|0.0689|0.0618,
unit_005049,Vienna,7,7,154.7,7,2.8409,0.0,0.0,0.5,48.313591,16.250707,7|8|16|5|17,0.1124|0.0761|0.0682|0.0636|0.0494,
unit_005050,Vienna,9,9,134.3,7,2.9643,0.0,0.0,0.5,48.306526,16.255978,7|5|19|15|16,0.1340|0.0712|0.0699|0.0574|0.0570,
unit_005053,Vienna,6,6,130.6,7,2.8812,0.0,0.0,0.5,48.306781,16.257519,7|5|16|19|18,0.1358|0.0809|0.0685|0.0570|0.0545,
unit_005054,Vienna,12,12,230.0,5,3.016,0.0,0.0,0.5,48.303266,16.237978,5|17|7|18|16,0.1088|0.0788|0.0772|0.0755|0.0650,
unit_005055,Vienna,12,12,235.2,5,2.8601,0.0,0.0,0.5,48.267883,16.21239,5|7|16|8|20,0.0671|0.0601|0.0472|0.0359|0.0349,
unit_005056,Vienna,8,8,131.2,7,2.816,0.0,0.0,0.5,48.267714,16.214962,7|5|16|12|19,0.1226|0.0767|0.0754|0.0681|0.0519,
unit_005058,Vienna,7,7,152.9,7,2.9423,0.0,0.0,0.5,48.266184,16.219387,7|5|8|16|19,0.1391|0.0901|0.0694|0.0658|0.0623,
unit_005060,Vienna,5,5,107.1,5,2.887,0.0,0.0,0.5,48.304268,16.235714,5|7|19|30|15,0.0944|0.0805|0.0774|0.0568|0.0506,
unit_005061,Vienna,8,8,182.2,7,2.9424,0.0,0.0,0.5,48.31096,16.267212,7|5|12|19|17,0.1662|0.0725|0.0687|0.0660|0.0531,
unit_005062,Vienna,8,8,177.2,7,2.9415,0.0,0.0,0.5,48.310497,16.279301,7|5|16|8|18,0.1302|0.0878|0.0816|0.0664|0.0594,
unit_005063,Vienna,3,3,50.9,18,3.0546,0.0,0.0,0.5,48.30884,16.283727,18|5|7|11|31,0.1023|0.0966|0.0803|0.0633|0.0622,
unit_005064,Vienna,10,10,184.3,7,2.818,0.0,0.0,0.5,48.309336,16.280902,7|5|8|19|18,0.1188|0.0859|0.0720|0.0609|0.0505,
unit_005065,Vienna,13,14,246.4,7,2.9049,0.0,0.0,0.5,48.310444,16.284397,7|5|19|12|16,0.1329|0.0873|0.0761|0.0629|0.0515,
unit_005066,Vienna,13,13,220.9,7,2.9188,0.0,0.0,0.5,48.314355,16.285751,7|5|16|18|19,0.1061|0.0867|0.0670|0.0624|0.0588,
unit_005069,Vienna,7,7,102.3,7,2.8913,0.0,0.0,0.5,48.305895,16.299851,7|5|8|16|19,0.1543|0.0834|0.0723|0.0491|0.0449,
unit_005070,Vienna,7,8,159.0,7,2.8953,0.0,0.0,0.5,48.301928,16.284786,7|5|19|8|16,0.1496|0.0772|0.0547|0.0464|0.0457,
unit_005071,Vienna,5,6,105.0,7,2.6645,0.0,0.03969,0.5099,48.292074,16.210827,7|12|5|19|16,0.1284|0.0812|0.0717|0.0547|0.0485,
unit_005072,Vienna,11,12,211.0,7,2.8464,0.0,0.04322,0.5108,48.291227,16.211227,7|12|5|16|15,0.1287|0.0954|0.0945|0.0502|0.0492,
unit_005074,Vienna,8,8,176.7,19,2.7956,0.0,0.0,0.5,48.283009,16.21746,19|30|18|15|5,0.1155|0.0919|0.0871|0.0854|0.0849,
unit_005075,Vienna,8,8,175.7,19,2.946,0.0,0.0,0.5,48.277598,16.20946,19|5|30|18|15,0.0894|0.0886|0.0627|0.0621|0.0509,
unit_005076,Vienna,8,8,175.2,5,2.9894,0.0,0.0,0.5,48.271424,16.231114,5|18|30|7|15,0.1079|0.0737|0.0725|0.0665|0.0646,
unit_005077,Vienna,8,8,175.2,30,2.8362,0.0,0.0,0.5,48.273463,16.221328,30|5|19|18|15,0.0953|0.0944|0.0822|0.0759|0.0740,
unit_005078,Vienna,9,9,200.2,15,2.902,0.0,0.0,0.5,48.27362,16.211952,15|5|30|19|17,0.0995|0.0934|0.0874|0.0821|0.0796,
unit_005079,Vienna,16,16,288.0,7,2.9677,0.0,0.0,0.5,48.251366,16.283009,7|5|19|27|20,0.1190|0.0702|0.0638|0.0609|0.0503,
unit_005080,Vienna,7,7,92.7,7,2.7655,0.0,0.08732,0.5218,48.253266,16.280511,7|12|19|5|16,0.1479|0.0818|0.0653|0.0621|0.0576,
unit_005081,Vienna,10,10,181.6,8,2.8852,0.0,0.0,0.5,48.253951,16.289358,8|5|31|7|16,0.1142|0.1064|0.0753|0.0617|0.0459,
unit_005082,Vienna,14,17,233.9,7,2.8453,0.0,0.08732,0.5218,48.252627,16.279974,7|8|19|5|16,0.1629|0.0807|0.0775|0.0703|0.0522,
unit_005083,Vienna,15,15,279.4,7,2.8911,0.0,0.0,0.5,48.252236,16.276885,7|8|19|5|16,0.1033|0.0688|0.0655|0.0642|0.0626,
unit_005085,Vienna,11,11,218.1,7,2.9685,0.0,0.0,0.5,48.28947,16.282644,7|8|16|5|18,0.1167|0.0829|0.0785|0.0689|0.0453,
unit_005086,Vienna,8,8,175.9,7,2.9054,0.0,0.0,0.5,48.288816,16.288588,7|5|8|16|30,0.0905|0.0821|0.0564|0.0542|0.0409,
unit_005089,Vienna,10,10,186.9,7,2.9599,0.0,0.0,0.5,48.20504,16.243525,7|5|8|30|18,0.1252|0.0892|0.0842|0.0707|0.0668,
unit_005090,Vienna,14,14,281.8,7,2.9612,0.0,0.0,0.5,48.20981,16.20853,7|5|8|15|19,0.1419|0.0900|0.0690|0.0529|0.0499,
unit_005091,Vienna,7,7,150.8,5,2.9771,0.0,0.0,0.5,48.21077,16.217998,5|7|8|16|31,0.0967|0.0883|0.0835|0.0551|0.0537,
unit_005092,Vienna,8,8,175.9,8,3.0186,0.0,0.0,0.5,48.210852,16.214493,8|5|28|1|30,0.0833|0.0821|0.0795|0.0718|0.0705,
unit_005093,Vienna,5,5,100.7,7,2.9343,0.0,0.0,0.5,48.312152,16.308062,7|12|16|5|8,0.1529|0.0760|0.0715|0.0698|0.0666,
unit_005095,Vienna,27,47,518.5,5,2.9981,2e-05,0.0,0.5,48.285279,16.499098,5|19|12|30|16,0.1208|0.0834|0.0739|0.0670|0.0617,
unit_005096,Vienna,8,8,175.4,19,2.8185,0.0,0.0,0.5,48.28887,16.501725,19|5|17|30|12,0.1056|0.0784|0.0718|0.0708|0.0519,
unit_005097,Vienna,8,8,180.5,19,2.9754,0.0,0.0,0.5,48.301676,16.483267,19|12|5|16|3,0.0891|0.0803|0.0725|0.0612|0.0485,
unit_005098,Vienna,8,8,179.2,19,2.9782,0.0,0.0,0.5,48.302656,16.486782,19|16|3|8|5,0.0910|0.0863|0.0724|0.0705|0.0688,
unit_005099,Vienna,8,8,176.1,5,2.8244,0.0,0.0,0.5,48.301923,16.47995,5|19|30|4|9,0.1047|0.0763|0.0738|0.0448|0.0312,
unit_005100,Vienna,12,12,193.6,7,2.8902,0.0,0.0,0.5,48.298807,16.486723,7|19|12|5|30,0.1016|0.0938|0.0865|0.0858|0.0642,
unit_005101,Vienna,7,7,157.1,5,2.9754,0.0,0.0,0.5,48.294196,16.48463,5|12|19|1|31,0.1260|0.0729|0.0715|0.0653|0.0512,
unit_005102,Vienna,7,7,154.1,5,2.9143,0.0,0.0,0.5,48.287406,16.491589,5|30|19|7|3,0.0712|0.0689|0.0672|0.0558|0.0531,
unit_005103,Vienna,8,8,175.6,5,2.9896,0.0,0.0,0.5,48.302302,16.461404,5|19|18|7|1,0.1216|0.0797|0.0595|0.0556|0.0485,
unit_005104,Vienna,8,9,133.3,16,3.0671,0.0,0.0,0.5,48.303284,16.41697,16|7|19|5|18,0.0758|0.0723|0.0710|0.0635|0.0517,
unit_005105,Vienna,8,8,175.9,5,2.7903,0.0,0.0,0.5,48.300019,16.40905,5|19|30|7|3,0.1257|0.0843|0.0648|0.0520|0.0470,
unit_005106,Vienna,12,12,217.6,7,2.7578,0.0,0.0,0.5,48.30297,16.404679,7|5|8|16|31,0.1296|0.0809|0.0781|0.0574|0.0531,
unit_005107,Vienna,7,7,152.3,19,2.9516,0.0,0.0,0.5,48.309987,16.373013,19|30|5|18|15,0.0761|0.0720|0.0668|0.0542|0.0511,
unit_005108,Vienna,13,13,255.5,30,2.8468,0.0,0.0,0.5,48.312376,16.381634,30|5|19|7|8,0.0857|0.0790|0.0748|0.0703|0.0639,
unit_005110,Vienna,4,4,81.3,5,2.8319,0.0,0.0,0.5,48.299171,16.377385,5|7|16|31|8,0.1086|0.1055|0.0779|0.0738|0.0594,
unit_005111,Vienna,21,41,392.9,5,3.0108,0.0,0.0,0.5,48.232256,16.45832,5|12|1|31|3,0.1177|0.0937|0.0785|0.0620|0.0607,
unit_005113,Vienna,7,7,157.5,5,2.8859,0.0,0.0,0.5,48.150922,16.297757,5|8|31|18|16,0.1242|0.0934|0.0885|0.0625|0.0597,
unit_005114,Vienna,3,3,50.1,7,2.8835,0.0,0.0,0.5,48.207166,16.552259,7|5|16|19|12,0.1040|0.0789|0.0769|0.0699|0.0536,
unit_005115,Vienna,5,5,74.8,5,2.9762,0.0,0.0,0.5,48.193155,16.547557,5|18|7|12|19,0.1191|0.1023|0.0997|0.0928|0.0764,
unit_005118,Vienna,3,3,50.4,24,2.6409,0.0,0.0,0.5,48.23253,16.410399,24|17|9|6|26,0.1571|0.1172|0.1051|0.0607|0.0376,
unit_005119,Vienna,5,5,102.0,24,2.6409,0.0,0.0,0.5,48.232618,16.410634,24|17|9|6|26,0.1571|0.1172|0.1051|0.0607|0.0376,
unit_005121,Vienna,5,9,106.4,5,3.1239,0.0,0.0,0.5,48.234575,16.408325,5|1|25|18|28,0.1132|0.0825|0.0762|0.0730|0.0722,
unit_005122,Vienna,8,8,177.6,7,2.9966,0.0,0.0,0.5,48.233474,16.423865,7|19|8|18|5,0.1535|0.0717|0.0614|0.0570|0.0557,
unit_005124,Vienna,4,4,75.8,5,2.8663,0.0,0.0,0.5,48.292551,16.46919,5|8|16|7|31,0.1216|0.0884|0.0766|0.0715|0.0681,
unit_005125,Vienna,10,10,195.3,5,2.8663,0.0,0.0,0.5,48.291848,16.469265,5|8|16|7|31,0.1216|0.0884|0.0766|0.0715|0.0681,
unit_005126,Vienna,9,9,157.1,7,2.8309,0.0,0.0,0.5,48.135364,16.214436,7|5|8|16|19,0.1308|0.0995|0.0844|0.0791|0.0438,
unit_005127,Vienna,10,10,183.7,7,2.7828,0.0,0.0,0.5,48.135794,16.220281,7|8|5|16|19,0.1490|0.0916|0.0840|0.0626|0.0395,
unit_005128,Vienna,5,5,100.4,30,2.9005,0.0,0.0,0.5,48.136912,16.22677,30|5|19|27|18,0.0872|0.0756|0.0707|0.0618|0.0607,
unit_005131,Vienna,8,8,180.5,7,2.742,0.0,0.0,0.5,48.136757,16.229951,7|5|8|16|27,0.1479|0.0944|0.0924|0.0565|0.0431,
unit_005132,Vienna,7,7,152.1,5,2.9031,0.0,0.0,0.5,48.137063,16.2217,5|18|19|30|15,0.1203|0.0813|0.0762|0.0744|0.0560,
unit_005133,Vienna,5,5,101.4,30,2.9005,0.0,0.0,0.5,48.137542,16.226902,30|5|19|27|18,0.0872|0.0756|0.0707|0.0618|0.0607,
unit_005134,Vienna,8,8,177.5,5,2.9325,0.0,0.0,0.5,48.137987,16.231782,5|30|18|17|19,0.0987|0.0925|0.0816|0.0661|0.0606,
unit_005135,Vienna,9,9,175.2,7,3.0825,0.0,0.0,0.5,48.170412,16.407222,7|19|3|16|10,0.0971|0.0815|0.0670|0.0626|0.0589,
unit_005136,Vienna,10,10,163.3,7,2.7972,0.0,0.0,0.5,48.089214,16.286607,7|5|8|31|16,0.1200|0.1004|0.0995|0.0941|0.0518,
unit_005137,Vienna,11,11,213.3,7,2.9114,0.0,0.0,0.5,48.088229,16.289174,7|5|8|31|16,0.1084|0.1061|0.1019|0.0808|0.0661,
unit_005138,Vienna,18,18,340.4,15,2.9049,0.0,0.0,0.5,48.08678,16.278458,15|7|30|19|5,0.0727|0.0576|0.0537|0.0518|0.0496,
unit_005140,Vienna,8,8,183.4,31,2.9949,0.0,0.0,0.5,48.084133,16.285315,31|5|7|8|16,0.1121|0.0984|0.0789|0.0723|0.0568,
unit_005141,Vienna,13,26,234.7,31,2.9686,0.0,0.0,0.5,48.083687,16.280703,31|5|16|15|7,0.1371|0.0626|0.0537|0.0498|0.0481,
unit_005142,Vienna,8,8,177.4,5,2.8357,0.0,0.0,0.5,48.137696,16.214309,5|19|30|18|27,0.1282|0.0689|0.0621|0.0526|0.0455,
unit_005143,Vienna,8,8,176.4,19,2.8836,0.0,0.0,0.5,48.147386,16.231621,19|30|5|15|7,0.1194|0.0874|0.0776|0.0703|0.0699,
unit_005144,Vienna,8,8,176.4,5,2.8404,0.0,0.0,0.5,48.141269,16.239495,5|19|30|15|18,0.1039|0.1029|0.0805|0.0670|0.0664,
unit_005146,Vienna,8,8,178.5,5,3.0842,0.0,0.0,0.5,48.145832,16.383978,5|8|7|18|31,0.0949|0.0871|0.0775|0.0758|0.0643,
unit_005147,Vienna,13,13,259.1,5,3.0245,0.0,0.0,0.5,48.144299,16.378091,5|8|1|27|31,0.0875|0.0828|0.0800|0.0645|0.0604,
unit_005148,Vienna,7,7,154.8,5,2.9037,0.0,0.0,0.5,48.138033,16.378567,5|19|30|7|8,0.0978|0.0805|0.0609|0.0557|0.0473,
unit_005151,Vienna,7,7,151.1,9,3.0358,0.0,0.0,0.5,48.124791,16.326677,9|1|19|5|12,0.1390|0.0767|0.0758|0.0753|0.0729,
unit_005152,Vienna,8,8,176.3,9,3.0388,0.0,0.0,0.5,48.127608,16.327878,9|12|19|3|4,0.1690|0.0760|0.0714|0.0664|0.0652,
unit_005153,Vienna,8,8,176.3,9,3.0059,0.0,0.0,0.5,48.131147,16.32941,9|12|19|5|17,0.1062|0.0921|0.0829|0.0797|0.0667,
unit_005154,Vienna,8,15,176.3,9,3.0384,2e-05,0.0,0.5,48.134062,16.330669,9|12|19|5|17,0.1440|0.1102|0.0848|0.0745|0.0602,
unit_005155,Vienna,8,8,176.3,9,3.035,0.0,0.0,0.5,48.13677,16.331838,9|12|3|5|28,0.1631|0.0823|0.0820|0.0685|0.0450,
unit_005156,Vienna,4,4,76.8,17,3.0595,0.0,0.0,0.5,48.27067,16.421337,17|6|9|24|8,0.1232|0.1121|0.0913|0.0661|0.0597,
unit_005157,Vienna,25,25,538.7,31,2.9138,0.0,0.0,0.5,48.270827,16.411384,31|5|8|1|27,0.1164|0.0857|0.0842|0.0756|0.0604,
unit_005158,Vienna,8,8,175.3,5,3.0123,0.0,0.0,0.5,48.270599,16.413335,5|1|8|27|31,0.1210|0.1006|0.0789|0.0600|0.0556,
unit_005159,Vienna,17,17,303.6,5,2.9546,0.0,0.09479,0.5237,48.084834,16.295318,5|1|31|16|2,0.1094|0.1042|0.0642|0.0638|0.0453,
unit_005162,Vienna,8,8,176.8,7,2.9358,0.0,0.0,0.5,48.117608,16.207205,7|19|5|8|17,0.0956|0.0777|0.0770|0.0616|0.0581,
unit_005163,Vienna,12,12,239.3,5,3.095,0.0,0.0,0.5,48.27717,16.393946,5|16|7|1|3,0.0958|0.0797|0.0672|0.0671|0.0550,
unit_005164,Vienna,8,8,183.5,5,3.0214,0.0,0.0,0.5,48.275663,16.391972,5|7|19|15|30,0.1189|0.1010|0.0898|0.0631|0.0589,
unit_005168,Vienna,18,18,305.0,7,2.9509,0.0,0.0,0.5,48.221102,16.484528,7|5|8|18|1,0.1264|0.1129|0.0949|0.0619|0.0516,
unit_005169,Vienna,23,46,456.1,31,2.9072,0.0,0.19711,0.5491,48.217842,16.483613,31|5|1|12|11,0.1044|0.1040|0.0811|0.0789|0.0615,
unit_005170,Vienna,11,11,206.7,5,2.9264,0.0,0.0,0.5,48.201796,16.541718,5|7|8|16|19,0.1315|0.0934|0.0629|0.0614|0.0578,
unit_005171,Vienna,8,8,176.2,7,2.6975,0.0,0.0,0.5,48.209305,16.521824,7|5|8|16|31,0.1234|0.0989|0.0936|0.0570|0.0434,
unit_005172,Vienna,14,17,277.0,5,2.9318,1e-05,0.08507,0.5213,48.241091,16.403374,5|8|1|30|27,0.1278|0.0729|0.0699|0.0630|0.0601,
unit_005174,Vienna,5,7,100.5,9,3.0365,1e-05,0.03592,0.509,48.238968,16.404223,9|5|17|6|26,0.1479|0.0814|0.0648|0.0644|0.0575,
unit_005175,Vienna,12,23,276.5,5,3.0468,5e-05,0.03592,0.509,48.237584,16.40555,5|9|17|12|18,0.1300|0.1135|0.0867|0.0834|0.0734,
unit_005176,Vienna,3,3,54.3,5,2.9876,0.0,0.0,0.5,48.215501,16.511197,5|12|7|31|3,0.1255|0.0876|0.0858|0.0604|0.0552,
unit_005178,Vienna,8,8,178.3,9,2.9446,0.0,0.0,0.5,48.12042,16.327965,9|5|12|15|19,0.1379|0.1222|0.0733|0.0654|0.0638,
unit_005180,Vienna,8,12,177.5,31,3.0003,3e-05,0.05575,0.5139,48.150157,16.351297,31|5|7|8|15,0.1194|0.0720|0.0696|0.0604|0.0560,
unit_005181,Vienna,14,25,286.4,5,2.9779,1e-05,0.0,0.5,48.146236,16.359435,5|7|31|8|16,0.1063|0.0918|0.0871|0.0805|0.0686,
unit_005182,Vienna,9,9,202.6,7,2.9665,0.0,0.0,0.5,48.155021,16.343365,7|5|31|12|19,0.1185|0.1076|0.0664|0.0554|0.0530,
unit_005183,Vienna,7,7,163.3,7,2.8984,0.0,0.0,0.5,48.28506,16.454627,7|5|19|8|30,0.1123|0.1101|0.0848|0.0489|0.0393,
unit_005185,Vienna,7,7,153.6,5,3.0975,0.0,0.0,0.5,48.271898,16.423312,5|7|8|27|18,0.1189|0.0923|0.0861|0.0718|0.0696,
unit_005186,Vienna,9,9,209.5,19,2.8057,0.0,0.0,0.5,48.279611,16.370632,19|30|5|7|15,0.1176|0.0679|0.0667|0.0646|0.0520,
unit_005189,Vienna,6,6,131.4,7,2.8792,0.0,0.0,0.5,48.285571,16.387194,7|5|8|16|18,0.1419|0.0886|0.0749|0.0641|0.0564,
unit_005190,Vienna,7,7,151.5,7,3.0914,0.0,0.0,0.5,48.262466,16.450713,7|1|5|8|19,0.0879|0.0801|0.0782|0.0764|0.0738,
unit_005193,Vienna,9,9,200.3,7,2.8606,0.0,0.0,0.5,48.26169,16.461364,7|5|12|19|31,0.1311|0.1037|0.1004|0.0677|0.0664,
unit_005194,Vienna,7,7,119.8,7,2.8062,0.0,0.0,0.5,48.154084,16.402954,7|5|16|8|31,0.1577|0.0774|0.0625|0.0597|0.0480,
unit_005195,Vienna,7,7,151.6,7,2.8824,0.0,0.0,0.5,48.137993,16.265536,7|8|5|18|16,0.0962|0.0843|0.0717|0.0646|0.0644,
unit_005196,Vienna,6,8,126.1,12,2.9272,2e-05,0.06243,0.5156,48.150014,16.266554,12|7|5|31|2,0.1117|0.1078|0.0906|0.0831|0.0564,
unit_005198,Vienna,7,7,159.4,7,2.8786,0.0,0.15433,0.5385,48.096285,16.280077,7|8|5|31|16,0.1169|0.1103|0.1077|0.0586|0.0518,
unit_005199,Vienna,8,8,175.1,7,3.0391,0.0,0.0,0.5,48.079711,16.305505,7|8|19|5|18,0.0968|0.0890|0.0804|0.0693|0.0535,
unit_005200,Vienna,13,13,187.9,7,2.8769,0.0,0.0,0.5,48.074771,16.300984,7|12|5|31|19,0.1479|0.1016|0.0787|0.0691|0.0497,
unit_005202,Vienna,5,6,102.6,12,2.8364,0.0,0.03851,0.5096,48.075575,16.295822,12|7|5|31|16,0.1146|0.1098|0.1004|0.0796|0.0570,
unit_005203,Vienna,11,11,217.2,7,2.768,0.0,0.0,0.5,48.055137,16.315417,7|5|8|16|31,0.1170|0.0975|0.0882|0.0772|0.0389,
unit_005204,Vienna,9,9,147.9,7,2.6848,0.0,0.0,0.5,48.056747,16.320365,7|5|12|16|19,0.1499|0.0871|0.0858|0.0497|0.0402,
unit_005207,Vienna,5,5,109.3,7,2.7407,0.0,0.0,0.5,48.0554,16.317481,7|12|5|16|31,0.1515|0.0967|0.0775|0.0523|0.0456,
unit_005208,Vienna,15,16,296.4,5,3.0747,3e-05,0.0,0.5,48.298355,16.37571,5|12|1|3|18,0.1418|0.0755|0.0743|0.0644|0.0644,
unit_005211,Vienna,6,6,127.8,7,2.7406,0.0,0.0,0.5,48.056694,16.3108,7|5|16|8|31,0.1346|0.0899|0.0826|0.0791|0.0431,
unit_005212,Vienna,7,7,152.5,7,2.8005,0.0,0.0,0.5,48.059382,16.320446,7|5|8|16|31,0.1069|0.1057|0.1034|0.0599|0.0481,
unit_005214,Vienna,8,8,179.3,7,2.9383,0.0,0.0,0.5,48.304192,16.329658,7|5|19|16|12,0.1245|0.0797|0.0756|0.0732|0.0624,
unit_005215,Vienna,11,11,145.4,7,2.8338,0.0,0.0,0.5,48.126533,16.474512,7|5|8|16|31,0.1340|0.0954|0.0691|0.0666|0.0421,
unit_005216,Vienna,26,26,563.6,5,2.8816,0.0,0.0,0.5,48.132645,16.478223,5|12|31|8|7,0.1235|0.0868|0.0867|0.0799|0.0699,
unit_005217,Vienna,11,11,223.1,5,2.7962,0.0,0.0,0.5,48.133364,16.475476,5|8|31|7|12,0.1232|0.0991|0.0915|0.0600|0.0590,
unit_005218,Vienna,13,13,232.0,7,2.8529,0.0,0.0,0.5,48.244967,16.475353,7|18|5|12|19,0.1630|0.0959|0.0786|0.0728|0.0562,
unit_005219,Vienna,8,8,178.2,5,3.0496,0.0,0.0,0.5,48.238188,16.476394,5|12|1|7|19,0.0881|0.0655|0.0652|0.0621|0.0600,
unit_005220,Vienna,8,8,179.5,5,3.0845,0.0,0.0,0.5,48.234109,16.498369,5|8|19|27|26,0.0942|0.0860|0.0752|0.0627|0.0622,
unit_005222,Vienna,12,12,199.8,5,2.7095,0.0,0.09959,0.5249,48.173066,16.301367,5|31|7|12|16,0.1111|0.0786|0.0738|0.0552|0.0550,
unit_005224,Vienna,9,9,201.3,5,2.9587,0.0,0.20877,0.552,48.081185,16.346531,5|7|12|16|19,0.0978|0.0859|0.0773|0.0503|0.0492,
unit_005226,Vienna,8,9,178.6,5,2.8708,0.0,0.0,0.5,48.080216,16.346966,5|19|30|27|7,0.1043|0.0915|0.0758|0.0587|0.0513,
unit_005227,Vienna,7,7,127.3,7,2.8543,0.0,0.0,0.5,48.04586,16.30658,7|12|5|16|10,0.1273|0.0693|0.0651|0.0647|0.0621,
unit_005228,Vienna,3,3,52.7,5,3.0285,0.0,0.0,0.5,48.237878,16.363675,5|18|15|30|19,0.1056|0.0955|0.0911|0.0904|0.0742,
unit_005229,Vienna,21,23,374.5,31,2.5925,0.0,0.03463,0.5087,48.236043,16.366969,31|1|30|28|8,0.1285|0.0817|0.0709|0.0572|0.0366,
unit_005230,Vienna,7,7,162.7,7,2.9052,0.0,0.0,0.5,48.279707,16.401955,7|8|5|18|31,0.1198|0.0852|0.0847|0.0707|0.0591,
unit_005232,Vienna,11,22,258.9,9,2.9834,7e-05,0.0,0.5,48.180905,16.402607,9|6|26|5|17,0.1629|0.1062|0.0808|0.0753|0.0641,
unit_005233,Vienna,19,28,360.9,7,3.005,7e-05,0.0,0.5,48.113492,16.460204,7|5|12|19|31,0.1078|0.0824|0.0704|0.0652|0.0634,
unit_005234,Vienna,8,8,134.4,31,2.7846,0.0,0.0,0.5,48.223261,16.354275,31|30|8|27|4,0.1736|0.0406|0.0393|0.0391|0.0346,
unit_005240,Vienna,9,9,155.5,7,2.8545,0.0,0.0,0.5,48.208574,16.466854,7|5|12|19|16,0.1351|0.0761|0.0722|0.0654|0.0629,
unit_005243,Vienna,9,9,161.9,7,2.979,0.0,0.0,0.5,48.196623,16.47176,7|5|19|30|12,0.1128|0.0827|0.0794|0.0686|0.0575,
unit_005244,Vienna,8,8,177.4,7,2.8628,0.0,0.0,0.5,48.194978,16.473852,7|5|19|8|30,0.0982|0.0782|0.0731|0.0652|0.0592,
unit_005245,Vienna,8,8,177.8,19,2.8644,0.0,0.0,0.5,48.199739,16.466925,19|5|7|30|16,0.1031|0.0837|0.0689|0.0642|0.0584,
unit_005246,Vienna,8,8,177.8,19,2.7499,0.0,0.0,0.5,48.203011,16.458681,19|30|5|15|17,0.1172|0.1067|0.0781|0.0594|0.0408,
unit_005247,Vienna,8,8,179.0,5,2.9105,0.0,0.0,0.5,48.206729,16.481162,5|19|30|8|7,0.1271|0.0974|0.0822|0.0606|0.0540,
unit_005248,Vienna,8,8,175.7,7,2.9611,0.0,0.0,0.5,48.211837,16.213523,7|5|8|16|19,0.0829|0.0769|0.0715|0.0594|0.0493,
unit_005251,Vienna,8,8,179.6,5,2.9771,0.0,0.0,0.5,48.211118,16.217922,5|7|8|16|31,0.0967|0.0883|0.0835|0.0551|0.0537,
unit_005252,Vienna,9,16,206.3,5,2.8745,2e-05,0.0,0.5,48.166667,16.261607,5|8|7|31|16,0.1203|0.0998|0.0850|0.0707|0.0588,
unit_005253,Vienna,7,8,155.7,5,2.9417,1e-05,0.0,0.5,48.166827,16.267507,5|7|8|16|31,0.1072|0.0950|0.0875|0.0571|0.0568,
unit_005254,Vienna,26,27,487.8,5,2.9928,2e-05,0.0,0.5,48.166668,16.26651,5|7|8|31|16,0.1110|0.1063|0.0951|0.0623|0.0600,
unit_005255,Vienna,7,14,160.3,31,2.8787,1e-05,0.0,0.5,48.268347,16.404083,31|1|30|12|11,0.1162|0.1056|0.0705|0.0602|0.0454,
unit_005256,Vienna,7,12,160.5,7,3.0266,0.0,0.0,0.5,48.19381,16.449952,7|5|19|1|31,0.1012|0.0949|0.0830|0.0771|0.0620,
unit_005257,Vienna,8,8,182.4,5,3.0123,0.0,0.0,0.5,48.270671,16.413436,5|1|8|27|31,0.1210|0.1006|0.0789|0.0600|0.0556,
unit_005258,Vienna,6,8,130.7,5,2.9371,1e-05,0.0,0.5,48.303379,16.418039,5|16|7|19|30,0.0881|0.0812|0.0762|0.0712|0.0494,
unit_005259,Vienna,4,4,84.8,5,3.0203,0.0,0.0,0.5,48.272364,16.439428,5|8|31|7|1,0.1213|0.0989|0.0760|0.0709|0.0655,
unit_005260,Vienna,13,13,245.0,5,2.8709,0.0,0.0,0.5,48.304149,16.363162,5|7|8|16|31,0.1160|0.0991|0.0812|0.0709|0.0636,
unit_005261,Vienna,8,8,178.0,9,2.9594,0.0,0.0,0.5,48.278922,16.367765,9|5|17|6|12,0.1442|0.1046|0.0855|0.0767|0.0705,
unit_005262,Vienna,15,23,315.7,7,3.0406,5e-05,0.13073,0.5326,48.274996,16.371165,7|5|19|30|12,0.1224|0.0971|0.0866|0.0663|0.0570,
unit_005263,Vienna,8,8,180.9,7,2.8324,0.0,0.0,0.5,48.221307,16.490568,7|12|5|19|16,0.1621|0.0775|0.0702|0.0662|0.0532,
unit_005264,Vienna,12,12,139.9,12,2.8902,0.0,0.04654,0.5116,48.216197,16.498001,12|5|16|7|8,0.1082|0.0877|0.0708|0.0696|0.0632,
unit_005265,Vienna,8,8,175.0,5,3.0325,0.0,0.0,0.5,48.125479,16.552621,5|1|3|18|27,0.1146|0.0998|0.0709|0.0657|0.0613,
unit_005266,Vienna,22,22,355.0,5,3.0216,0.0,0.0,0.5,48.127072,16.551099,5|19|1|12|3,0.1235|0.0872|0.0797|0.0714|0.0643,
unit_005267,Vienna,5,5,100.6,18,2.998,0.0,0.0,0.5,48.140291,16.489678,18|5|12|19|3,0.1196|0.0851|0.0604|0.0585|0.0574,
unit_005268,Vienna,8,8,177.9,9,2.9926,0.0,0.0,0.5,48.137289,16.506962,9|27|3|1|5,0.0697|0.0570|0.0543|0.0524|0.0511,
unit_005269,Vienna,16,26,328.9,9,3.0204,2e-05,0.38187,0.5943,48.142402,16.518449,9|24|26|5|6,0.1404|0.0718|0.0704|0.0653|0.0604,
unit_005270,Vienna,8,8,177.1,19,2.9324,0.0,0.38187,0.5943,48.143318,16.516072,19|5|30|15|8,0.0908|0.0681|0.0527|0.0432|0.0430,
unit_005272,Vienna,23,23,377.8,31,2.8016,0.0,0.0,0.5,48.251201,16.430875,31|8|1|5|30,0.1231|0.0832|0.0796|0.0638|0.0551,
unit_005273,Vienna,3,4,50.5,5,2.9894,0.0,0.0372,0.5093,48.289403,16.38167,5|31|8|12|16,0.1368|0.0827|0.0705|0.0641|0.0630,
unit_005274,Vienna,6,9,126.2,5,2.9642,2e-05,0.06979,0.5174,48.288563,16.382255,5|12|18|19|7,0.1112|0.0882|0.0686|0.0678|0.0635,
unit_005276,Vienna,8,8,179.9,12,2.9113,0.0,0.0,0.5,48.209787,16.398836,12|5|7|31|2,0.0963|0.0827|0.0748|0.0676|0.0628,
unit_005277,Vienna,3,3,50.5,9,3.132,0.0,0.0,0.5,48.256816,16.386774,9|27|26|18|19,0.1201|0.0941|0.0804|0.0798|0.0790,
unit_005278,Vienna,6,6,126.2,9,3.1366,0.0,0.0,0.5,48.257889,16.388315,9|26|27|10|19,0.1037|0.0927|0.0853|0.0850|0.0742,
unit_005279,Vienna,7,7,155.5,9,3.1113,0.0,0.06319,0.5158,48.242957,16.398656,9|5|28|3|12,0.1197|0.0947|0.0781|0.0779|0.0752,
unit_005280,Vienna,8,9,181.5,9,3.064,0.0,0.06319,0.5158,48.24174,16.399905,9|5|12|26|1,0.1182|0.0772|0.0758|0.0693|0.0682,
unit_005281,Vienna,8,8,176.7,7,2.9197,0.0,0.0,0.5,48.302979,16.3687,7|5|8|16|19,0.1010|0.1006|0.0668|0.0636|0.0620,
unit_005282,Vienna,3,3,51.3,7,2.8177,0.0,0.03414,0.5085,48.14222,16.295205,7|16|8|5|31,0.1073|0.0807|0.0768|0.0746|0.0433,
unit_005283,Vienna,8,8,177.0,5,3.0745,0.0,0.0,0.5,48.268159,16.412298,5|28|6|8|31,0.0948|0.0700|0.0553|0.0536|0.0535,
unit_005284,Vienna,8,16,178.5,5,3.0281,0.0,0.0,0.5,48.259708,16.473509,5|19|18|1|20,0.1276|0.0768|0.0715|0.0675|0.0608,
unit_005285,Vienna,8,16,177.1,5,3.0282,0.0,0.0,0.5,48.259798,16.473549,5|19|18|1|20,0.1281|0.0769|0.0713|0.0680|0.0607,
unit_005286,Vienna,10,10,206.4,7,2.9496,0.0,0.0,0.5,48.119686,16.318956,7|5|8|19|16,0.1259|0.0907|0.0808|0.0697|0.0487,
unit_005287,Vienna,7,7,152.0,7,2.7821,0.0,0.0,0.5,48.087719,16.323105,7|5|16|12|31,0.1349|0.0989|0.0730|0.0702|0.0575,
unit_005288,Vienna,9,9,163.4,7,2.8106,0.0,0.0,0.5,48.089852,16.326297,7|5|8|16|31,0.1336|0.0989|0.0795|0.0552|0.0491,
unit_005290,Vienna,18,18,324.7,5,2.9374,0.0,0.0,0.5,48.267416,16.474855,5|1|3|31|12,0.1242|0.1209|0.0871|0.0627|0.0561,
unit_005291,Vienna,22,22,372.0,5,3.0525,0.0,0.0,0.5,48.062312,16.335281,5|1|19|3|9,0.1310|0.1026|0.0796|0.0711|0.0670,
unit_005293,Vienna,7,9,152.4,5,2.9747,0.0,0.03658,0.5091,48.067777,16.328529,5|19|1|8|6,0.0905|0.0793|0.0767|0.0522|0.0418,
unit_005295,Vienna,8,10,177.1,5,3.0096,0.0,0.03472,0.5087,48.068749,16.327876,5|1|19|3|27,0.0875|0.0860|0.0707|0.0590|0.0578,
unit_005296,Vienna,7,7,133.4,5,2.9021,0.0,0.0,0.5,48.071965,16.312513,5|16|3|19|8,0.0737|0.0697|0.0630|0.0586|0.0500,
unit_005297,Vienna,8,8,182.6,5,2.9577,0.0,0.0,0.5,48.075391,16.319534,5|19|8|1|3,0.1349|0.0682|0.0636|0.0626|0.0606,
unit_005298,Vienna,10,10,198.0,7,2.8511,0.0,0.0,0.5,48.080306,16.323876,7|5|12|16|8,0.1308|0.0773|0.0731|0.0629|0.0510,
unit_005299,Vienna,8,8,143.1,7,2.7244,0.0,0.0,0.5,48.081396,16.322799,7|5|12|16|31,0.1514|0.0750|0.0670|0.0550|0.0471,
unit_005302,Vienna,17,23,377.1,5,2.8708,4e-05,0.26793,0.5666,48.079906,16.321584,5|16|1|19|8,0.1154|0.0734|0.0655|0.0614|0.0564,
unit_005303,Vienna,6,6,127.8,5,3.0505,0.0,0.0,0.5,48.077666,16.320718,5|19|18|3|1,0.1284|0.0773|0.0765|0.0751|0.0702,
unit_005304,Vienna,7,7,108.0,7,2.8511,0.0,0.26793,0.5666,48.079746,16.323525,7|5|12|16|8,0.1308|0.0773|0.0731|0.0629|0.0510,
unit_005305,Vienna,7,22,150.8,12,2.9395,0.0,0.10226,0.5255,48.073283,16.3117,12|1|5|3|9,0.1051|0.0889|0.0773|0.0620|0.0592,
unit_005308,Vienna,16,16,262.5,7,3.0241,0.0,0.0,0.5,48.136709,16.274885,7|5|18|31|8,0.0996|0.0974|0.0730|0.0713|0.0672,
unit_005309,Vienna,11,11,132.3,31,2.8649,0.0,0.0,0.5,48.13618,16.276617,31|8|5|10|16,0.1229|0.0648|0.0622|0.0592|0.0531,
unit_005310,Vienna,18,18,330.3,5,2.8041,0.0,0.0,0.5,48.284619,16.535019,5|31|7|8|16,0.1151|0.0844|0.0786|0.0738|0.0672,
unit_005311,Vienna,16,16,308.3,5,2.9047,0.0,0.0,0.5,48.284841,16.537762,5|16|7|8|31,0.0832|0.0654|0.0618|0.0530|0.0451,
unit_005312,Vienna,8,8,178.2,5,2.925,0.0,0.0,0.5,48.284324,16.533038,5|7|18|8|16,0.1121|0.0991|0.0854|0.0791|0.0585,
unit_005313,Vienna,3,5,56.8,5,2.9489,0.0,0.0,0.5,48.286151,16.533741,5|19|18|30|4,0.1505|0.0983|0.0754|0.0616|0.0609,
unit_005314,Vienna,6,7,129.4,31,2.6648,0.0,0.04259,0.5106,48.22275,16.352517,31|30|4|22|1,0.1625|0.0596|0.0461|0.0355|0.0330,
unit_005315,Vienna,15,15,146.1,31,2.9645,0.0,0.0,0.5,48.134871,16.275851,31|5|8|16|1,0.1209|0.0729|0.0663|0.0549|0.0502,
unit_005317,Vienna,6,6,126.2,5,2.9701,0.0,0.04727,0.5118,48.122741,16.342886,5|19|8|31|16,0.1185|0.0594|0.0593|0.0576|0.0551,
unit_005318,Vienna,10,10,185.3,5,2.8108,0.0,0.0,0.5,48.111737,16.348751,5|16|7|8|31,0.1204|0.0937|0.0808|0.0774|0.0600,
unit_005319,Vienna,6,6,132.4,5,2.7147,0.0,0.0,0.5,48.107939,16.349913,5|8|31|16|7,0.1149|0.0870|0.0781|0.0733|0.0638,
unit_005320,Vienna,15,15,265.8,5,2.9511,0.0,0.0,0.5,48.116774,16.353269,5|12|19|18|7,0.1099|0.0759|0.0745|0.0721|0.0718,
unit_005321,Vienna,10,10,197.8,5,2.92,0.0,0.0,0.5,48.312446,16.25653,5|19|8|15|7,0.1086|0.0723|0.0625|0.0582|0.0533,
unit_005323,Vienna,8,8,182.1,31,3.0401,0.0,0.0,0.5,48.174681,16.347764,31|5|8|10|20,0.0982|0.0969|0.0783|0.0605|0.0560,
unit_005324,Vienna,7,7,166.3,12,3.0318,0.0,0.0,0.5,48.172901,16.345308,12|11|5|10|1,0.0936|0.0820|0.0769|0.0743|0.0707,
unit_005325,Vienna,4,4,77.6,7,2.7658,0.0,0.0,0.5,48.105261,16.434573,7|19|5|8|30,0.0712|0.0702|0.0605|0.0574|0.0540,
unit_005326,Vienna,8,8,177.6,7,2.7658,0.0,0.0,0.5,48.10592,16.434273,7|19|5|8|30,0.0712|0.0702|0.0605|0.0574|0.0540,
unit_005327,Vienna,5,8,104.5,7,3.0051,2e-05,0.03388,0.5085,48.09975,16.419029,7|5|16|12|31,0.1146|0.0993|0.0839|0.0814|0.0542,
unit_005328,Vienna,8,8,180.2,5,3.0543,0.0,0.0,0.5,48.0726,16.454514,5|19|18|7|8,0.1255|0.0778|0.0685|0.0636|0.0629,
unit_005329,Vienna,8,15,181.2,7,2.9402,0.0,0.0,0.5,48.07979,16.449444,7|19|12|3|5,0.1030|0.0980|0.0950|0.0852|0.0720,
unit_005330,Vienna,8,8,177.5,19,2.9507,0.0,0.0,0.5,48.086517,16.447961,19|3|5|16|2,0.0875|0.0845|0.0702|0.0689|0.0547,
unit_005333,Vienna,8,8,175.9,5,2.7721,0.0,0.0,0.5,48.088316,16.358689,5|19|12|30|15,0.1160|0.0905|0.0846|0.0690|0.0597,
unit_005334,Vienna,11,11,178.5,7,2.7177,0.0,0.0,0.5,48.217282,16.300558,7|8|5|31|16,0.1286|0.0999|0.0803|0.0643|0.0531,
unit_005335,Vienna,8,8,181.8,17,3.0395,0.0,0.0,0.5,48.272819,16.474142,17|12|9|19|5,0.1379|0.0982|0.0874|0.0655|0.0589,
unit_005336,Vienna,6,6,126.1,26,3.0518,0.0,0.0,0.5,48.150625,16.366736,26|5|17|28|9,0.1057|0.0868|0.0817|0.0805|0.0745,
unit_005337,Vienna,8,23,176.5,19,3.0676,3e-05,0.31255,0.5775,48.151069,16.364277,19|5|7|8|18,0.1123|0.0994|0.0780|0.0732|0.0701,
unit_005338,Vienna,3,3,50.4,9,2.9873,0.0,0.31255,0.5775,48.151316,16.363053,9|12|5|7|22,0.1380|0.0923|0.0687|0.0669|0.0595,
unit_005339,Vienna,11,11,252.2,26,3.0397,0.0,0.0,0.5,48.152572,16.356892,26|9|27|5|28,0.1123|0.1097|0.0924|0.0645|0.0573,
unit_005340,Vienna,13,13,258.9,5,3.0492,0.0,0.0,0.5,48.147507,16.363801,5|1|8|16|19,0.1143|0.0699|0.0659|0.0624|0.0561,
unit_005341,Vienna,17,17,352.0,5,3.0484,0.0,0.0,0.5,48.239159,16.438387,5|18|31|11|12,0.1304|0.0841|0.0802|0.0782|0.0740,
unit_005342,Vienna,11,14,254.5,7,3.0835,4e-05,0.0,0.5,48.245241,16.429178,7|19|5|18|8,0.0997|0.0989|0.0831|0.0752|0.0642,
unit_005345,Vienna,10,10,192.2,7,2.9554,0.0,0.04099,0.5102,48.093583,16.263626,7|5|19|8|31,0.1382|0.0866|0.0634|0.0529|0.0514,
unit_005347,Vienna,8,8,179.5,7,2.9142,0.0,0.0,0.5,48.088487,16.256786,7|5|8|27|16,0.1321|0.0889|0.0753|0.0603|0.0519,
unit_005348,Vienna,8,14,175.9,9,3.0525,1e-05,0.03419,0.5085,48.254117,16.373834,9|26|18|5|15,0.1434|0.1007|0.0875|0.0804|0.0732,
unit_005349,Vienna,7,12,155.4,5,3.0606,0.0,0.0,0.5,48.254718,16.374135,5|19|30|3|28,0.0775|0.0749|0.0689|0.0670|0.0632,
unit_005350,Vienna,15,25,265.1,31,2.9861,5e-05,0.05638,0.5141,48.08487,16.288511,31|7|5|12|16,0.1177|0.1032|0.0858|0.0752|0.0608,
unit_005351,Vienna,7,7,160.0,5,2.9451,0.0,0.0,0.5,48.079656,16.281393,5|7|31|8|16,0.1059|0.0986|0.0773|0.0672|0.0630,
unit_005352,Vienna,4,4,85.7,7,2.9779,0.0,0.0,0.5,48.083603,16.295108,7|31|5|8|28,0.1150|0.0860|0.0542|0.0498|0.0413,
unit_005353,Vienna,8,8,178.0,5,3.0275,0.0,0.0,0.5,48.10026,16.29026,5|19|7|15|3,0.1153|0.0756|0.0695|0.0539|0.0531,
unit_005354,Vienna,10,37,235.0,9,3.0274,7e-05,0.0,0.5,48.150128,16.343079,9|5|26|6|28,0.1352|0.1057|0.1041|0.0837|0.0732,
unit_005355,Vienna,8,11,176.9,26,2.9202,0.0,0.0,0.5,48.150867,16.342851,26|5|9|27|6,0.1229|0.1039|0.1012|0.0678|0.0655,
unit_005356,Vienna,11,11,225.2,5,3.002,0.0,0.0,0.5,48.048136,16.320367,5|19|16|7|3,0.1090|0.1052|0.0769|0.0545|0.0425,
unit_005358,Vienna,7,7,153.3,5,2.8852,0.0,0.0,0.5,48.047859,16.325669,5|19|30|8|16,0.0888|0.0749|0.0500|0.0483|0.0459,
unit_005359,Vienna,12,12,243.8,7,2.8161,0.0,0.0,0.5,48.04401,16.321072,7|5|8|16|12,0.1623|0.1095|0.0691|0.0620|0.0593,
unit_005360,Vienna,13,13,270.4,5,2.9536,0.0,0.0,0.5,48.045666,16.320739,5|7|16|31|12,0.1217|0.1049|0.0654|0.0598|0.0576,
unit_005361,Vienna,12,12,252.7,7,2.9757,0.0,0.0,0.5,48.045103,16.318783,7|5|18|8|12,0.1358|0.0996|0.0660|0.0630|0.0589,
unit_005362,Vienna,9,9,156.2,7,3.0173,0.0,0.12809,0.532,48.214909,16.293712,7|8|5|11|6,0.1085|0.0785|0.0747|0.0515|0.0512,
unit_005363,Vienna,11,13,197.5,5,2.8544,1e-05,0.11043,0.5276,48.146887,16.320488,5|8|31|16|18,0.1146|0.1028|0.1011|0.0636|0.0623,
unit_005364,Vienna,9,11,153.9,5,2.879,1e-05,0.11043,0.5276,48.146932,16.321591,5|12|31|18|2,0.1227|0.1152|0.0734|0.0663|0.0588,
unit_005365,Vienna,8,8,181.1,5,2.8669,0.0,0.0,0.5,48.148423,16.319849,5|12|15|31|8,0.0932|0.0796|0.0662|0.0655|0.0589,
unit_005366,Vienna,7,7,156.7,7,2.8371,0.0,0.0,0.5,48.259254,16.338219,7|31|12|5|19,0.1096|0.0939|0.0755|0.0715|0.0491,
unit_005368,Vienna,7,7,153.2,7,2.9587,0.0,0.0,0.5,48.101059,16.306744,7|5|31|8|12,0.1289|0.1170|0.0619|0.0583|0.0570,
unit_005369,Vienna,16,16,305.8,5,2.8916,0.0,0.0,0.5,48.101973,16.237872,5|7|18|16|19,0.1310|0.1151|0.0725|0.0613|0.0571,
unit_005370,Vienna,21,31,377.8,7,2.8785,2e-05,0.0,0.5,48.104319,16.245517,7|5|19|16|12,0.1290|0.1067|0.0751|0.0716|0.0487,
unit_005371,Vienna,15,15,212.3,7,2.8412,0.0,0.0,0.5,48.103681,16.240153,7|8|5|16|31,0.1198|0.0853|0.0703|0.0694|0.0414,
unit_005374,Vienna,14,14,269.1,7,2.9353,0.0,0.0,0.5,48.103508,16.235677,7|5|18|15|17,0.1258|0.0883|0.0726|0.0703|0.0606,
unit_005375,Vienna,7,7,158.8,5,2.9204,0.0,0.0,0.5,48.138731,16.358405,5|12|31|19|1,0.1241|0.1135|0.0680|0.0620|0.0585,
unit_005376,Vienna,8,8,176.5,3,3.0462,0.0,0.0,0.5,48.176122,16.501021,3|19|9|5|27,0.0743|0.0704|0.0658|0.0615|0.0603,
unit_005377,Vienna,8,8,175.8,19,2.9162,0.0,0.0,0.5,48.175712,16.443435,19|30|15|8|7,0.0864|0.0833|0.0760|0.0661|0.0617,
unit_005378,Vienna,10,10,191.9,7,2.8527,0.0,0.0,0.5,48.197611,16.546901,7|5|16|31|12,0.1323|0.0918|0.0655|0.0596|0.0555,
unit_005380,Vienna,11,11,210.4,5,2.9499,0.0,0.0,0.5,48.177872,16.449583,5|1|8|31|30,0.1074|0.0817|0.0736|0.0525|0.0506,
unit_005381,Vienna,8,8,175.7,5,2.9887,0.0,0.0,0.5,48.178701,16.444784,5|20|18|8|30,0.0766|0.0741|0.0698|0.0680|0.0509,
unit_005382,Vienna,17,17,357.3,5,3.1015,0.0,0.0,0.5,48.17669,16.45583,5|8|1|3|27,0.0730|0.0712|0.0580|0.0553|0.0523,
unit_005383,Vienna,6,6,125.7,9,3.0302,0.0,0.0,0.5,48.177169,16.454167,9|5|12|3|4,0.1427|0.0985|0.0955|0.0590|0.0513,
unit_005385,Vienna,8,8,175.4,16,2.9095,0.0,0.0,0.5,48.173241,16.446254,16|19|3|2|1,0.0535|0.0486|0.0410|0.0386|0.0365,
unit_005386,Vienna,9,9,158.2,7,2.8495,0.0,0.0,0.5,48.174193,16.448489,7|5|8|19|16,0.1161|0.0751|0.0617|0.0546|0.0522,
unit_005387,Vienna,7,7,113.7,7,2.9364,0.0,0.0,0.5,48.17132,16.45054,7|16|19|5|10,0.1107|0.0731|0.0656|0.0642|0.0434,
unit_005389,Vienna,8,8,183.8,31,2.9587,0.0,0.0,0.5,48.203878,16.359574,31|1|3|28|11,0.0959|0.0535|0.0486|0.0465|0.0386,
unit_005391,Vienna,5,5,102.1,9,3.0724,0.0,0.0,0.5,48.114123,16.278026,9|4|17|26|5,0.1218|0.0741|0.0675|0.0574|0.0561,
unit_005392,Vienna,8,14,178.6,5,2.9393,3e-05,0.0,0.5,48.114832,16.279827,5|19|30|18|15,0.1011|0.0959|0.0759|0.0709|0.0653,
unit_005393,Vienna,16,16,377.0,5,2.9765,0.0,0.0,0.5,48.266048,16.326318,5|17|15|30|18,0.1032|0.0948|0.0911|0.0830|0.0783,
unit_005394,Vienna,8,8,175.9,7,3.042,0.0,0.0,0.5,48.261104,16.332947,7|5|31|11|12,0.1035|0.0730|0.0541|0.0537|0.0523,
unit_005395,Vienna,11,11,207.0,7,2.9577,0.0,0.0,0.5,48.263939,16.336438,7|12|5|18|8,0.1492|0.0859|0.0835|0.0652|0.0618,
unit_005397,Vienna,8,8,176.9,5,2.9671,0.0,0.0,0.5,48.267229,16.33106,5|1|31|16|30,0.1137|0.0646|0.0602|0.0590|0.0566,
unit_005398,Vienna,8,8,127.7,31,2.9099,0.0,0.23767,0.5591,48.215265,16.333249,31|12|16|7|19,0.1537|0.0829|0.0502|0.0472|0.0348,
unit_005399,Vienna,11,19,182.6,31,2.682,0.0,0.1922,0.5479,48.214382,16.33296,31|30|1|4|28,0.1389|0.0805|0.0450|0.0412|0.0398,
unit_005401,Vienna,8,8,175.1,26,2.9743,0.0,0.20309,0.5506,48.132223,16.338992,26|5|9|19|4,0.1230|0.1120|0.0757|0.0652|0.0650,
unit_005402,Vienna,7,7,161.0,5,3.0784,0.0,0.0,0.5,48.158971,16.495024,5|1|10|18|19,0.0929|0.0740|0.0658|0.0618|0.0604,
unit_005403,Vienna,11,11,212.8,7,2.8193,0.0,0.0,0.5,48.090382,16.251013,7|5|12|16|31,0.1082|0.0969|0.0924|0.0577|0.0440,
unit_005407,Vienna,8,8,175.3,8,2.9002,0.0,0.0,0.5,48.085419,16.310491,8|5|7|18|16,0.1216|0.1041|0.0860|0.0768|0.0623,
unit_005408,Vienna,12,12,251.0,7,2.9448,0.0,0.0,0.5,48.250684,16.321057,7|31|5|8|12,0.1252|0.0850|0.0656|0.0652|0.0643,
unit_005409,Vienna,13,13,234.6,7,3.0147,0.0,0.0,0.5,48.249958,16.319896,7|19|5|8|16,0.1179|0.0883|0.0853|0.0673|0.0620,
unit_005410,Vienna,8,8,175.6,7,2.9908,0.0,0.0,0.5,48.164353,16.303471,7|5|12|2|31,0.0564|0.0564|0.0555|0.0523|0.0381,
unit_005411,Vienna,4,4,51.9,5,2.954,0.0,0.0,0.5,48.045556,16.451305,5|7|8|19|16,0.1280|0.1186|0.0845|0.0702|0.0643,
unit_005412,Vienna,8,8,175.8,12,2.8994,0.0,0.0,0.5,48.061223,16.352973,12|15|5|30|19,0.1141|0.0946|0.0745|0.0653|0.0631,
unit_005417,Vienna,6,6,136.8,7,2.803,0.0,0.21062,0.5525,48.112203,16.277263,7|8|5|16|31,0.1328|0.0899|0.0715|0.0651|0.0498,
unit_005419,Vienna,10,10,154.5,3,2.9393,0.0,0.0,0.5,48.169065,16.446946,3|7|19|27|1,0.0694|0.0648|0.0597|0.0577|0.0483,
unit_005420,Vienna,8,8,178.3,19,2.9766,0.0,0.0,0.5,48.168303,16.436954,19|1|5|16|27,0.0693|0.0616|0.0583|0.0542|0.0533,
unit_005421,Vienna,8,8,179.5,19,2.917,0.0,0.0,0.5,48.1707,16.44723,19|3|16|7|8,0.0582|0.0572|0.0553|0.0545|0.0491,
unit_005422,Vienna,13,22,301.6,9,3.0416,4e-05,0.0,0.5,48.267668,16.479295,9|17|26|28|5,0.1139|0.0961|0.0813|0.0782|0.0697,
unit_005423,Vienna,8,8,175.9,26,3.0476,0.0,0.0,0.5,48.268374,16.484081,26|9|8|19|17,0.0940|0.0846|0.0826|0.0741|0.0712,
unit_005424,Vienna,8,8,175.9,9,3.0246,0.0,0.0,0.5,48.267663,16.489449,9|26|28|5|19,0.1193|0.0842|0.0813|0.0781|0.0743,
unit_005425,Vienna,8,8,175.9,6,2.9547,0.0,0.0,0.5,48.266817,16.494118,6|26|19|5|4,0.0865|0.0836|0.0836|0.0788|0.0760,
unit_005426,Vienna,8,8,175.9,5,2.9899,0.0,0.0,0.5,48.267214,16.499518,5|26|19|9|28,0.1109|0.0998|0.0927|0.0882|0.0766,
unit_005427,Vienna,8,8,175.9,5,2.9342,0.0,0.0,0.5,48.268717,16.503773,5|17|19|4|9,0.0983|0.0929|0.0896|0.0792|0.0720,
unit_005428,Vienna,7,7,150.8,9,2.9162,0.0,0.0,0.5,48.272839,16.507182,9|12|19|17|5,0.1225|0.0974|0.0875|0.0865|0.0836,
unit_005429,Vienna,8,8,175.9,9,2.9777,0.0,0.0,0.5,48.276921,16.508839,9|5|19|4|17,0.1423|0.0878|0.0829|0.0738|0.0704,
unit_005430,Vienna,10,14,228.0,9,3.0564,0.0001,0.0,0.5,48.26696,16.478618,9|5|17|26|27,0.1413|0.0836|0.0707|0.0658|0.0572,
unit_005431,Vienna,7,7,150.2,9,2.9777,0.0,0.0,0.5,48.277064,16.508709,9|5|19|4|17,0.1423|0.0878|0.0829|0.0738|0.0704,
unit_005432,Vienna,8,8,175.2,9,2.9162,0.0,0.0,0.5,48.272789,16.506979,9|12|19|17|5,0.1225|0.0974|0.0875|0.0865|0.0836,
unit_005433,Vienna,8,8,175.2,5,2.9342,0.0,0.0,0.5,48.268794,16.503615,5|17|19|4|9,0.0983|0.0929|0.0896|0.0792|0.0720,
unit_005434,Vienna,8,8,175.2,5,2.9899,0.0,0.0,0.5,48.267314,16.499371,5|26|19|9|28,0.1109|0.0998|0.0927|0.0882|0.0766,
unit_005435,Vienna,8,8,175.2,6,2.9547,0.0,0.0,0.5,48.266958,16.493989,6|26|19|5|4,0.0865|0.0836|0.0836|0.0788|0.0760,
unit_005436,Vienna,8,8,175.2,9,3.0246,0.0,0.0,0.5,48.267762,16.489561,9|26|28|5|19,0.1193|0.0842|0.0813|0.0781|0.0743,
unit_005437,Vienna,8,8,175.2,26,3.0476,0.0,0.0,0.5,48.26849,16.484216,26|9|8|19|17,0.0940|0.0846|0.0826|0.0741|0.0712,
unit_005439,Vienna,8,8,176.0,8,2.9415,0.0,0.0,0.5,48.243233,16.299107,8|7|5|27|31,0.0986|0.0940|0.0892|0.0744|0.0506,
unit_005440,Vienna,7,7,150.9,19,2.7665,0.0,0.0,0.5,48.243149,16.289335,19|30|5|17|15,0.0812|0.0733|0.0650|0.0604|0.0490,
unit_005441,Vienna,15,15,307.6,7,2.9364,0.0,0.0,0.5,48.241912,16.28156,7|12|19|31|5,0.1084|0.0808|0.0731|0.0631|0.0629,
unit_005442,Vienna,8,8,176.3,18,2.9638,0.0,0.0,0.5,48.255653,16.325845,18|7|5|19|30,0.0928|0.0898|0.0837|0.0677|0.0564,
unit_005443,Vienna,19,19,300.2,7,2.8983,0.0,0.0,0.5,48.249764,16.336182,7|8|19|27|5,0.1413|0.0823|0.0694|0.0596|0.0556,
unit_005444,Vienna,19,19,353.6,5,3.0136,0.0,0.0,0.5,48.126639,16.29203,5|12|19|7|16,0.1148|0.0785|0.0754|0.0647|0.0621,
unit_005446,Vienna,9,9,104.9,31,2.6581,0.0,0.0,0.5,48.20243,16.365583,31|3|15|11|27,0.0967|0.0345|0.0310|0.0297|0.0295,
unit_005447,Vienna,5,5,112.7,7,2.9632,0.0,0.06853,0.5171,48.245687,16.322551,7|12|5|31|8,0.1449|0.0932|0.0830|0.0663|0.0644,
unit_005448,Vienna,7,7,159.9,5,2.928,0.0,0.11052,0.5276,48.275774,16.422967,5|8|11|16|31,0.0962|0.0677|0.0626|0.0599|0.0534,
unit_005449,Vienna,57,66,1097.3,5,2.9865,3e-05,0.06364,0.5159,48.124326,16.452229,5|9|4|26|19,0.1219|0.0960|0.0764|0.0657|0.0562,
unit_005450,Vienna,11,16,258.8,5,2.947,3e-05,0.0,0.5,48.125599,16.451431,5|9|17|4|26,0.1207|0.1113|0.0943|0.0853|0.0650,
unit_005451,Vienna,5,5,104.2,5,2.8951,0.0,0.0,0.5,48.124882,16.450976,5|9|17|4|12,0.1156|0.1080|0.1046|0.0915|0.0583,
unit_005452,Vienna,5,7,103.8,5,2.9441,3e-05,0.04581,0.5114,48.12478,16.4512,5|9|17|4|26,0.1224|0.1018|0.0910|0.0905|0.0667,
unit_005453,Vienna,8,8,176.2,5,2.938,0.0,0.0,0.5,48.123932,16.439495,5|26|9|4|27,0.1088|0.1061|0.0844|0.0790|0.0714,
unit_005454,Vienna,8,8,176.2,17,2.9858,0.0,0.0,0.5,48.124304,16.443331,17|9|5|6|26,0.1040|0.0941|0.0843|0.0832|0.0827,
unit_005455,Vienna,8,8,180.2,5,2.9009,0.0,0.0,0.5,48.281005,16.215623,5|19|15|30|12,0.1094|0.0907|0.0629|0.0620|0.0608,
unit_005456,Vienna,25,25,447.1,1,2.9942,0.0,0.0,0.5,48.171603,16.324986,1|30|28|31|26,0.1038|0.1036|0.0791|0.0689|0.0609,
unit_005458,Vienna,8,8,176.2,3,2.9953,0.0,0.22298,0.5555,48.169512,16.323097,3|10|1|19|5,0.0878|0.0779|0.0707|0.0698|0.0683,
unit_005460,Vienna,14,14,293.1,5,3.0037,0.0,0.16266,0.5406,48.153824,16.329284,5|12|31|1|18,0.1359|0.0937|0.0793|0.0672|0.0650,
unit_005461,Vienna,7,7,154.4,5,2.7979,0.0,0.0,0.5,48.067175,16.317576,5|8|31|7|12,0.1293|0.1048|0.0718|0.0628|0.0588,
unit_005462,Vienna,10,10,181.2,7,2.9752,0.0,0.0,0.5,48.236284,16.331188,7|31|8|5|18,0.1267|0.0725|0.0652|0.0646|0.0605,
unit_005463,Vienna,9,9,162.4,7,2.8523,0.0,0.0,0.5,48.051905,16.306163,7|5|16|8|19,0.1242|0.1030|0.0821|0.0731|0.0554,
unit_005464,Vienna,8,8,177.5,5,2.9447,0.0,0.0,0.5,48.119334,16.288159,5|16|3|8|1,0.0978|0.0799|0.0743|0.0711|0.0653,
unit_005466,Vienna,8,8,183.0,5,2.925,0.0,0.0,0.5,48.073495,16.314697,5|16|3|1|8,0.1024|0.0760|0.0738|0.0733|0.0690,
unit_005467,Vienna,7,7,152.9,31,2.8765,0.0,0.0,0.5,48.208025,16.381652,31|11|1|5|30,0.1469|0.0679|0.0509|0.0466|0.0450,
unit_005468,Vienna,6,6,125.5,8,3.0661,0.0,0.0,0.5,48.147887,16.315808,8|5|10|7|1,0.1127|0.0902|0.0804|0.0704|0.0546,
unit_005469,Vienna,8,8,176.2,19,3.0375,0.0,0.0,0.5,48.208218,16.547009,19|5|3|1|12,0.0921|0.0826|0.0797|0.0716|0.0678,
unit_005470,Vienna,11,11,189.9,7,2.884,0.0,0.0,0.5,48.064356,16.346186,7|5|16|8|31,0.1157|0.1119|0.0854|0.0755|0.0436,
unit_005472,Vienna,8,8,181.5,5,2.9776,0.0,0.0,0.5,48.065326,16.348096,5|7|19|30|16,0.1018|0.0664|0.0620|0.0516|0.0482,
unit_005473,Vienna,8,19,126.6,5,3.0211,0.0,0.08639,0.5216,48.118149,16.454187,5|12|7|30|19,0.1100|0.0811|0.0723|0.0698|0.0689,
unit_005474,Vienna,40,61,581.4,5,3.0489,0.0,0.08639,0.5216,48.117517,16.45332,5|1|3|16|19,0.1242|0.0909|0.0663|0.0561|0.0436,
unit_005475,Vienna,3,3,51.8,19,2.9544,0.0,0.05517,0.5138,48.069857,16.286869,19|7|12|5|15,0.0902|0.0889|0.0860|0.0736|0.0686,
unit_005476,Vienna,8,8,175.3,5,3.0191,0.0,0.0,0.5,48.084059,16.327966,5|8|19|7|27,0.1299|0.0945|0.0828|0.0710|0.0671,
unit_005477,Vienna,8,8,175.3,9,3.0347,0.0,0.0,0.5,48.084574,16.332669,9|5|17|6|12,0.1192|0.0897|0.0761|0.0694|0.0639,
unit_005478,Vienna,8,8,146.5,5,2.8891,0.0,0.0,0.5,48.108663,16.280649,5|31|8|18|12,0.0932|0.0847|0.0649|0.0636|0.0536,
unit_005479,Vienna,11,11,192.3,7,2.9505,0.0,0.0,0.5,48.051718,16.300261,7|31|5|8|16,0.1256|0.0772|0.0764|0.0641|0.0481,
unit_005480,Vienna,6,7,132.2,7,2.9677,0.0,0.14164,0.5354,48.04967,16.302866,7|5|8|19|18,0.1618|0.0869|0.0778|0.0667|0.0636,
unit_005482,Vienna,7,7,157.5,5,3.0505,0.0,0.0,0.5,48.077016,16.320747,5|19|18|3|1,0.1284|0.0773|0.0765|0.0751|0.0702,
unit_005483,Vienna,7,14,154.9,1,2.9527,0.0,0.0,0.5,48.077562,16.329365,1|3|5|16|19,0.0953|0.0946|0.0881|0.0811|0.0655,
unit_005485,Vienna,7,7,159.7,7,2.8844,0.0,0.0,0.5,48.074164,16.283183,7|19|15|30|16,0.0873|0.0679|0.0664|0.0662|0.0639,
unit_005486,Vienna,7,7,152.9,19,2.8907,0.0,0.0,0.5,48.082877,16.233875,19|5|18|30|7,0.1028|0.0992|0.0989|0.0890|0.0715,
unit_005487,Vienna,17,17,330.4,7,2.9901,0.0,0.0,0.5,48.085955,16.243184,7|5|16|8|31,0.1105|0.0909|0.0672|0.0640|0.0628,
unit_005488,Vienna,8,8,177.5,5,2.9395,0.0,0.0,0.5,48.086432,16.245418,5|7|8|31|1,0.1101|0.0909|0.0873|0.0562|0.0508,
unit_005490,Vienna,9,9,153.3,7,2.9325,0.0,0.0,0.5,48.098149,16.254366,7|5|19|16|10,0.0929|0.0806|0.0766|0.0654|0.0629,
unit_005491,Vienna,6,6,82.7,7,2.87,0.0,0.0,0.5,48.106118,16.260197,7|5|16|8|19,0.1448|0.0952|0.0815|0.0679|0.0581,
unit_005492,Vienna,8,8,179.4,31,2.8868,0.0,0.0,0.5,48.241772,16.356587,31|8|27|5|7,0.1281|0.0843|0.0510|0.0489|0.0486,
unit_005493,Vienna,8,8,178.4,7,2.9607,0.0,0.0,0.5,48.22071,16.293517,7|5|8|31|18,0.1309|0.0963|0.0885|0.0741|0.0585,
unit_005496,Vienna,7,10,155.8,9,2.9808,1e-05,0.03553,0.5089,48.281931,16.511749,9|5|26|4|27,0.1367|0.1144|0.0879|0.0696|0.0537,
unit_005498,Vienna,7,7,151.2,9,3.0204,0.0,0.0,0.5,48.304335,16.509959,9|5|19|12|4,0.1657|0.0875|0.0784|0.0679|0.0660,
unit_005499,Vienna,8,8,176.5,9,2.8576,0.0,0.0,0.5,48.298945,16.509278,9|12|17|5|4,0.1406|0.0863|0.0778|0.0584|0.0523,
unit_005500,Vienna,8,8,176.5,9,2.9911,0.0,0.0,0.5,48.29515,16.511258,9|19|17|5|4,0.1559|0.0771|0.0738|0.0738|0.0720,
unit_005501,Vienna,8,8,176.5,9,2.9859,0.0,0.0,0.5,48.290277,16.514098,9|12|19|3|17,0.1482|0.0946|0.0768|0.0632|0.0570,
unit_005502,Vienna,8,8,176.5,9,2.9129,0.0,0.0,0.5,48.285824,16.513945,9|19|5|12|4,0.1294|0.0813|0.0811|0.0806|0.0672,
unit_005503,Vienna,8,8,175.5,9,2.9129,0.0,0.0,0.5,48.285769,16.514111,9|19|5|12|4,0.1294|0.0813|0.0811|0.0806|0.0672,
unit_005504,Vienna,8,8,175.5,9,2.9859,0.0,0.0,0.5,48.290201,16.514308,9|12|19|3|17,0.1482|0.0946|0.0768|0.0632|0.0570,
unit_005505,Vienna,7,7,150.4,9,2.9911,0.0,0.0,0.5,48.295159,16.511451,9|19|17|5|4,0.1559|0.0771|0.0738|0.0738|0.0720,
unit_005506,Vienna,8,8,175.5,9,2.8576,0.0,0.0,0.5,48.299031,16.509431,9|12|17|5|4,0.1406|0.0863|0.0778|0.0584|0.0523,
unit_005507,Vienna,8,8,175.5,9,3.0204,0.0,0.0,0.5,48.304281,16.510126,9|5|19|12|4,0.1657|0.0875|0.0784|0.0679|0.0660,
unit_005508,Vienna,16,16,334.4,9,2.9762,0.0,0.0,0.5,48.308752,16.512501,9|5|4|26|19,0.1322|0.0890|0.0843|0.0820|0.0719,
unit_005509,Vienna,9,13,207.0,9,2.985,4e-05,0.0,0.5,48.281696,16.511803,9|5|26|4|30,0.1307|0.1165|0.0843|0.0717|0.0534,
unit_005510,Vienna,11,15,254.5,9,3.0586,0.00011,0.0,0.5,48.267038,16.478665,9|5|17|26|28,0.1392|0.0824|0.0731|0.0668|0.0589,
unit_005511,Vienna,15,15,308.8,9,2.9762,0.0,0.0,0.5,48.26085,16.475694,9|5|12|3|1,0.1432|0.1086|0.0906|0.0582|0.0556,
unit_005512,Vienna,8,8,183.8,5,2.931,0.0,0.0,0.5,48.269266,16.47646,5|12|19|3|9,0.1044|0.0979|0.0793|0.0740|0.0738,
unit_005513,Vienna,6,9,129.1,15,3.0185,6e-05,0.0,0.5,48.272615,16.357906,15|5|7|19|30,0.0844|0.0784|0.0742|0.0688|0.0610,
unit_005514,Vienna,12,12,202.5,7,3.0207,0.0,0.14451,0.5361,48.273647,16.355433,7|19|17|5|18,0.1212|0.0724|0.0553|0.0493|0.0471,
unit_005518,Vienna,10,16,226.4,7,3.0424,3e-05,0.0,0.5,48.224964,16.466789,7|5|8|18|20,0.1162|0.1134|0.0677|0.0667|0.0626,
unit_005519,Vienna,7,7,155.8,5,3.0498,0.0,0.0,0.5,48.227631,16.459269,5|31|1|8|10,0.1167|0.0954|0.0762|0.0694|0.0609,
unit_005520,Vienna,11,11,241.2,5,2.9814,0.0,0.0,0.5,48.206632,16.214222,5|7|12|18|31,0.1035|0.0887|0.0689|0.0643|0.0628,
unit_005523,Vienna,10,10,186.1,31,2.9068,0.0,0.0,0.5,48.183109,16.375824,31|8|10|5|16,0.1603|0.0853|0.0641|0.0621|0.0424,
unit_005524,Vienna,7,7,154.5,18,2.9577,0.0,0.0,0.5,48.177937,16.25687,18|30|5|19|7,0.1177|0.0773|0.0773|0.0764|0.0703,
unit_005528,Vienna,6,6,97.0,7,2.9413,0.0,0.0,0.5,48.25156,16.274171,7|19|16|5|8,0.1429|0.0704|0.0691|0.0690|0.0549,
unit_005529,Vienna,8,8,180.9,1,3.0065,0.0,0.0,0.5,48.150629,16.289796,1|12|5|2|11,0.1049|0.0850|0.0811|0.0671|0.0560,
unit_005530,Vienna,14,14,285.2,7,3.0102,0.0,0.0,0.5,48.235449,16.292163,7|18|5|8|17,0.0857|0.0738|0.0672|0.0617|0.0599,
unit_005531,Vienna,3,6,55.0,9,3.1419,4e-05,0.06,0.515,48.230511,16.412837,9|17|1|5|6,0.1325|0.0852|0.0736|0.0698|0.0678,
unit_005533,Vienna,6,6,130.3,7,2.977,0.0,0.0,0.5,48.285841,16.333747,7|16|5|19|8,0.1181|0.0754|0.0713|0.0672|0.0559,
unit_005535,Vienna,7,10,151.6,9,3.0931,4e-05,0.06937,0.5173,48.311293,16.325326,9|7|26|27|19,0.1113|0.0666|0.0665|0.0611|0.0590,
unit_005537,Vienna,5,5,101.1,5,2.9941,0.0,0.0,0.5,48.309878,16.327105,5|7|18|27|30,0.1413|0.0692|0.0652|0.0631|0.0573,
unit_005538,Vienna,8,8,176.9,9,3.0705,0.0,0.0,0.5,48.305426,16.330027,9|12|7|28|18,0.1336|0.0922|0.0707|0.0550|0.0538,
unit_005539,Vienna,7,7,151.6,5,2.9892,0.0,0.0,0.5,48.302611,16.33175,5|19|16|8|7,0.0917|0.0823|0.0648|0.0496|0.0475,
unit_005541,Vienna,12,18,277.9,9,3.104,0.00012,0.03185,0.5079,48.296579,16.335612,9|7|12|3|1,0.1049|0.0896|0.0836|0.0663|0.0642,
unit_005542,Vienna,5,5,104.0,7,3.0918,0.0,0.08492,0.5212,48.295457,16.335725,7|3|5|1|18,0.1077|0.0742|0.0740|0.0681|0.0678,
unit_005543,Vienna,4,4,77.4,9,3.0564,0.0,0.03408,0.5085,48.311401,16.325012,9|26|27|7|28,0.1189|0.0697|0.0612|0.0564|0.0558,
unit_005544,Vienna,3,6,51.6,7,3.1037,4e-05,0.10443,0.5261,48.310913,16.325664,7|31|9|5|12,0.0930|0.0778|0.0759|0.0718|0.0696,
unit_005546,Vienna,8,8,178.5,9,3.0025,0.0,0.0,0.5,48.316468,16.316637,9|19|4|7|12,0.1439|0.0716|0.0678|0.0649|0.0633,
unit_005547,Vienna,8,11,175.4,9,3.0746,1e-05,0.0,0.5,48.311325,16.325455,9|26|27|7|19,0.1166|0.0688|0.0617|0.0610|0.0574,
unit_005548,Vienna,14,14,156.7,31,2.7902,0.0,0.06823,0.5171,48.185738,16.298435,31|16|5|8|22,0.1766|0.0459|0.0449|0.0414|0.0361,
unit_005552,Vienna,15,15,352.1,5,2.8355,0.0,0.0,0.5,48.279313,16.343866,5|30|19|15|8,0.0833|0.0822|0.0800|0.0639|0.0580,
unit_005553,Vienna,8,8,175.7,19,2.8465,0.0,0.0,0.5,48.273602,16.351604,19|7|5|30|4,0.0569|0.0540|0.0500|0.0425|0.0322,
unit_005554,Vienna,9,9,200.8,19,2.7923,0.0,0.0,0.5,48.272167,16.341702,19|30|5|15|12,0.0709|0.0620|0.0479|0.0429|0.0354,
unit_005555,Vienna,5,5,110.8,19,2.8631,0.0,0.0,0.5,48.195326,16.468209,19|5|30|7|15,0.0951|0.0750|0.0596|0.0581|0.0510,
unit_005556,Vienna,4,4,79.2,19,2.8631,0.0,0.0,0.5,48.19483,16.467776,19|5|30|7|15,0.0951|0.0750|0.0596|0.0581|0.0510,
unit_005557,Vienna,8,8,177.0,5,2.703,0.0,0.0,0.5,48.267933,16.345632,5|19|30|7|15,0.0764|0.0534|0.0507|0.0368|0.0361,
unit_005558,Vienna,8,8,177.0,5,2.7769,0.0,0.0,0.5,48.266398,16.355428,5|19|30|8|15,0.0575|0.0569|0.0379|0.0370|0.0340,
unit_005559,Vienna,8,8,178.5,8,2.9292,0.0,0.0,0.5,48.265123,16.362319,8|19|7|30|5,0.0766|0.0759|0.0737|0.0613|0.0605,
unit_005561,Vienna,14,14,257.8,7,2.8363,0.0,0.10914,0.5273,48.207338,16.260651,7|5|12|19|16,0.1706|0.1011|0.0773|0.0605|0.0540,
unit_005562,Vienna,11,11,241.0,5,2.9427,0.0,0.10914,0.5273,48.20877,16.261611,5|7|19|16|18,0.1072|0.0961|0.0764|0.0673|0.0631,
unit_005563,Vienna,8,8,175.0,7,3.0163,0.0,0.0,0.5,48.233483,16.28881,7|5|8|31|27,0.1122|0.0974|0.0864|0.0677|0.0482,
unit_005565,Vienna,8,8,176.2,17,2.8649,0.0,0.0,0.5,48.259158,16.304632,17|19|30|15|5,0.1099|0.0781|0.0719|0.0673|0.0431,
unit_005566,Vienna,8,8,176.2,19,2.7653,0.0,0.0,0.5,48.264178,16.298893,19|30|5|15|17,0.0758|0.0744|0.0687|0.0550|0.0372,
unit_005567,Vienna,8,8,176.2,19,2.899,0.0,0.0,0.5,48.263956,16.295507,19|30|5|17|9,0.0845|0.0733|0.0648|0.0622|0.0575,
unit_005568,Vienna,13,13,300.2,18,2.8427,0.0,0.0,0.5,48.254881,16.278626,18|5|30|15|19,0.0907|0.0849|0.0796|0.0735|0.0688,
unit_005569,Vienna,8,8,175.1,5,2.8222,0.0,0.0,0.5,48.256911,16.281234,5|15|18|30|19,0.0976|0.0851|0.0842|0.0823|0.0749,
unit_005570,Vienna,9,9,200.1,5,2.8096,0.0,0.0,0.5,48.258222,16.291059,5|18|30|19|15,0.0977|0.0921|0.0897|0.0750|0.0717,
unit_005571,Vienna,3,3,50.0,5,2.8096,0.0,0.0,0.5,48.258922,16.291425,5|18|30|19|15,0.0977|0.0921|0.0897|0.0750|0.0717,
unit_005572,Vienna,8,8,175.1,5,2.8985,0.0,0.0,0.5,48.262142,16.293043,5|15|18|19|30,0.1107|0.0937|0.0899|0.0858|0.0834,
unit_005575,Vienna,7,10,151.3,5,2.9035,3e-05,0.0,0.5,48.251678,16.277872,5|19|30|15|17,0.1102|0.0830|0.0785|0.0717|0.0693,
unit_005578,Vienna,8,8,179.4,7,2.8757,0.0,0.0,0.5,48.251845,16.29128,7|8|31|5|16,0.1109|0.0930|0.0723|0.0706|0.0518,
unit_005579,Vienna,8,8,176.5,12,2.8533,0.0,0.0,0.5,48.243966,16.281376,12|5|19|15|31,0.1197|0.0982|0.0733|0.0728|0.0667,
unit_005581,Vienna,9,9,151.5,7,2.9082,0.0,0.0,0.5,48.235528,16.284822,7|18|5|8|19,0.1536|0.0754|0.0733|0.0663|0.0540,
unit_005582,Vienna,7,7,162.0,7,2.9699,0.0,0.0,0.5,48.233969,16.284831,7|8|5|18|16,0.1425|0.0911|0.0661|0.0655|0.0485,
unit_005583,Vienna,6,6,134.8,7,2.9351,0.0,0.0,0.5,48.234622,16.281996,7|5|16|19|31,0.1385|0.0654|0.0606|0.0458|0.0438,
unit_005584,Vienna,8,8,181.3,7,2.9782,0.0,0.0,0.5,48.226711,16.285634,7|5|8|30|20,0.1230|0.0877|0.0736|0.0575|0.0548,
unit_005586,Vienna,8,8,175.3,7,3.0201,0.0,0.0,0.5,48.225949,16.293605,7|5|8|15|18,0.1078|0.0880|0.0711|0.0682|0.0670,
unit_005587,Vienna,8,9,183.4,7,2.8884,0.0,0.05854,0.5146,48.229787,16.294152,7|8|5|31|16,0.1150|0.0898|0.0893|0.0739|0.0617,
unit_005589,Vienna,8,8,177.6,7,3.0054,0.0,0.0,0.5,48.223602,16.291524,7|5|18|8|16,0.1561|0.0815|0.0796|0.0703|0.0485,
unit_005590,Vienna,8,8,177.4,5,2.8857,0.0,0.0,0.5,48.276811,16.327961,5|30|15|18|19,0.0997|0.0855|0.0779|0.0742|0.0736,
unit_005591,Vienna,9,10,153.5,9,3.0635,0.0,0.05706,0.5143,48.21999,16.427153,9|26|6|17|5,0.1475|0.0856|0.0854|0.0819|0.0688,
unit_005593,Vienna,43,43,628.8,5,3.0052,0.0,0.0,0.5,48.051641,16.508352,5|1|12|3|19,0.1373|0.0868|0.0777|0.0720|0.0563,
unit_005595,Vienna,4,6,78.2,9,3.1325,3e-05,0.04328,0.5108,48.259895,16.39178,9|26|10|27|5,0.1359|0.0878|0.0679|0.0663|0.0657,
unit_005596,Vienna,6,7,130.3,10,3.0603,1e-05,0.04328,0.5108,48.259449,16.390694,10|22|19|5|8,0.0894|0.0754|0.0720|0.0637|0.0611,
unit_005599,Vienna,8,8,175.6,5,3.0633,0.0,0.0,0.5,48.076591,16.445775,5|18|7|31|8,0.1228|0.0862|0.0826|0.0609|0.0560,
unit_005600,Vienna,8,8,175.6,5,2.8188,0.0,0.0,0.5,48.069982,16.453078,5|19|12|30|18,0.1352|0.1016|0.0587|0.0567|0.0386,
unit_005601,Vienna,10,10,181.7,5,2.8931,0.0,0.0,0.5,48.251636,16.2977,5|8|31|7|16,0.0937|0.0923|0.0922|0.0800|0.0576,
unit_005602,Vienna,8,8,138.2,7,2.9295,0.0,0.0,0.5,48.164507,16.293218,7|5|12|19|15,0.1147|0.0929|0.0887|0.0788|0.0630,
unit_005603,Vienna,8,8,178.1,5,2.9935,0.0,0.0,0.5,48.244692,16.260758,5|7|19|31|16,0.1203|0.0956|0.0758|0.0523|0.0500,
unit_005604,Vienna,8,8,179.1,19,2.8395,0.0,0.0,0.5,48.188856,16.432443,19|15|30|5|18,0.1086|0.0885|0.0758|0.0754|0.0494,
unit_005606,Vienna,8,8,185.4,7,3.0183,0.0,0.0,0.5,48.187313,16.435153,7|5|19|8|30,0.1263|0.0889|0.0876|0.0566|0.0565,
unit_005607,Vienna,4,8,91.5,5,2.8735,0.0,0.0,0.5,48.293152,16.411035,5|10|12|31|8,0.1058|0.0838|0.0713|0.0655|0.0632,
unit_005609,Vienna,8,8,182.9,31,2.9506,0.0,0.0,0.5,48.21694,16.388533,31|30|4|10|27,0.1298|0.0517|0.0479|0.0474|0.0427,
unit_005610,Vienna,11,11,209.8,5,2.9878,0.0,0.0,0.5,48.16496,16.379052,5|31|8|16|18,0.0937|0.0704|0.0691|0.0474|0.0470,
unit_005611,Vienna,7,7,155.5,7,3.0221,0.0,0.0,0.5,48.130559,16.250248,7|5|8|19|16,0.1201|0.0854|0.0784|0.0551|0.0523,
unit_005612,Vienna,7,7,150.3,7,2.9532,0.0,0.0,0.5,48.315371,16.287851,7|5|8|16|19,0.1225|0.1028|0.0807|0.0783|0.0633,
unit_005613,Vienna,7,7,157.6,31,3.0017,0.0,0.0,0.5,48.170944,16.328336,31|8|5|1|30,0.0935|0.0837|0.0715|0.0514|0.0489,
unit_005615,Vienna,10,10,182.9,7,2.7206,0.0,0.0,0.5,48.069703,16.348186,7|5|8|31|16,0.1150|0.1018|0.0877|0.0567|0.0484,
unit_005616,Vienna,8,8,175.5,5,2.8666,0.0,0.0,0.5,48.075332,16.368497,5|19|30|4|9,0.1064|0.0902|0.0742|0.0500|0.0413,
unit_005617,Vienna,7,7,105.2,7,2.9866,0.0,0.0,0.5,48.082021,16.444675,7|5|12|19|28,0.1003|0.0817|0.0765|0.0610|0.0572,
unit_005619,Vienna,7,13,151.0,1,3.0176,0.0,0.0,0.5,48.267612,16.364021,1|5|17|12|31,0.0915|0.0865|0.0795|0.0775|0.0712,
unit_005620,Vienna,8,8,176.1,9,3.0557,0.0,0.0,0.5,48.265852,16.36555,9|12|6|5|17,0.0989|0.0673|0.0653|0.0640|0.0625,
unit_005623,Vienna,7,12,151.0,9,3.0789,7e-05,0.13562,0.5338,48.261929,16.367721,9|1|12|5|16,0.1118|0.0684|0.0634|0.0564|0.0524,
unit_005624,Vienna,4,4,80.8,8,3.0311,0.0,0.04136,0.5103,48.175929,16.392812,8|31|5|10|18,0.0938|0.0920|0.0692|0.0609|0.0536,
unit_005627,Vienna,9,9,203.6,9,3.0902,0.0,0.0,0.5,48.17813,16.463839,9|1|5|26|3,0.0977|0.0892|0.0840|0.0637|0.0624,
unit_005628,Vienna,8,8,178.9,19,3.0971,0.0,0.0,0.5,48.180987,16.459459,19|5|1|12|18,0.0854|0.0801|0.0781|0.0573|0.0504,
unit_005629,Vienna,8,8,178.5,19,2.9929,0.0,0.0,0.5,48.164413,16.443513,19|7|3|12|16,0.0707|0.0647|0.0562|0.0538|0.0504,
unit_005630,Vienna,7,7,132.5,5,2.9854,0.0,0.0,0.5,48.141657,16.405979,5|8|18|27|31,0.1041|0.0818|0.0636|0.0620|0.0577,
unit_005631,Vienna,8,8,175.7,5,2.9628,0.0,0.0,0.5,48.152234,16.398698,5|8|31|30|15,0.1387|0.0788|0.0674|0.0586|0.0573,
unit_005632,Vienna,8,8,175.7,5,2.989,0.0,0.0,0.5,48.152036,16.402528,5|18|1|8|11,0.1332|0.0700|0.0654|0.0581|0.0498,
unit_005633,Vienna,10,22,236.4,5,2.8757,2e-05,0.0,0.5,48.167133,16.294458,5|12|7|31|1,0.1176|0.1011|0.0926|0.0792|0.0594,
unit_005634,Vienna,8,8,176.1,5,2.9833,0.0,0.0,0.5,48.154689,16.319687,5|12|1|2|25,0.1087|0.1086|0.0757|0.0698|0.0661,
unit_005635,Vienna,11,11,218.1,5,3.0037,0.0,0.10977,0.5274,48.153766,16.329485,5|12|31|1|18,0.1359|0.0937|0.0793|0.0672|0.0650,
unit_005636,Vienna,5,5,106.9,17,3.0339,0.0,0.0,0.5,48.155261,16.330565,17|28|5|9|27,0.1009|0.0990|0.0926|0.0839|0.0761,
unit_005637,Vienna,7,7,150.8,7,2.9295,0.0,0.0,0.5,48.164428,16.293021,7|5|12|19|15,0.1147|0.0929|0.0887|0.0788|0.0630,
unit_005638,Vienna,10,22,226.2,5,2.8779,2e-05,0.0,0.5,48.167059,16.294577,5|12|7|31|1,0.1180|0.1011|0.0932|0.0795|0.0597,
unit_005640,Vienna,8,8,177.0,5,2.9165,0.0,0.0,0.5,48.229312,16.417254,5|31|8|12|11,0.1083|0.0942|0.0866|0.0757|0.0705,
unit_005641,Vienna,5,5,103.0,17,3.0339,0.0,0.0,0.5,48.155386,16.330687,17|28|5|9|27,0.1009|0.0990|0.0926|0.0839|0.0761,
unit_005642,Vienna,7,9,150.6,5,2.9514,0.0,0.09469,0.5237,48.148954,16.33312,5|7|31|12|16,0.0969|0.0890|0.0815|0.0760|0.0559,
unit_005643,Vienna,7,7,154.6,12,2.9507,0.0,0.0,0.5,48.14275,16.3232,12|5|7|31|28,0.1089|0.1006|0.0883|0.0624|0.0523,
unit_005644,Vienna,6,6,130.1,1,2.958,0.0,0.0,0.5,48.164093,16.313163,1|5|31|16|18,0.0794|0.0764|0.0735|0.0675|0.0596,
unit_005645,Vienna,4,4,85.4,31,2.7884,0.0,0.03602,0.509,48.214411,16.362984,31|1|30|28|11,0.1061|0.0969|0.0739|0.0644|0.0412,
unit_005647,Vienna,7,7,157.8,31,2.8634,0.0,0.0,0.5,48.086279,16.286042,31|16|5|7|8,0.0909|0.0606|0.0547|0.0523|0.0383,
unit_005648,Vienna,8,8,176.4,5,3.0618,0.0,0.0,0.5,48.237158,16.4412,5|11|18|1|31,0.1279|0.0810|0.0786|0.0772|0.0763,
unit_005649,Vienna,7,7,150.5,5,3.0618,0.0,0.0,0.5,48.23719,16.441319,5|11|18|1|31,0.1279|0.0810|0.0786|0.0772|0.0763,
unit_005652,Vienna,8,8,182.4,8,3.0462,0.0,0.0,0.5,48.140862,16.31495,8|5|27|1|31,0.0994|0.0982|0.0799|0.0734|0.0540,
unit_005653,Vienna,8,8,184.0,8,3.0462,0.0,0.0,0.5,48.140815,16.314956,8|5|27|1|31,0.0994|0.0982|0.0799|0.0734|0.0540,
unit_005655,Vienna,15,30,353.0,9,3.0455,9e-05,0.0,0.5,48.192972,16.417587,9|5|26|27|28,0.1443|0.0946|0.0897|0.0619|0.0588,
unit_005657,Vienna,13,25,305.1,9,3.0368,8e-05,0.05623,0.514,48.192938,16.417394,9|5|26|27|6,0.1399|0.0938|0.0903|0.0607|0.0578,
unit_005658,Vienna,8,8,182.2,7,2.9865,0.0,0.0,0.5,48.304083,16.293056,7|12|5|19|31,0.1395|0.0927|0.0882|0.0815|0.0669,
unit_005659,Vienna,7,7,152.4,7,2.9654,0.0,0.0,0.5,48.292464,16.309123,7|19|5|15|30,0.1071|0.0957|0.0814|0.0764|0.0696,
unit_005662,Vienna,8,8,182.6,7,2.9381,0.0,0.0,0.5,48.293612,16.305745,7|19|30|5|15,0.1032|0.0861|0.0830|0.0759|0.0708,
unit_005663,Vienna,6,12,127.2,7,3.0309,0.0,0.0,0.5,48.303932,16.270642,7|5|17|12|16,0.1230|0.0935|0.0858|0.0787|0.0708,
unit_005665,Vienna,10,10,180.5,5,2.9157,0.0,0.0,0.5,48.306154,16.275401,5|19|15|30|17,0.0956|0.0887|0.0869|0.0832|0.0583,
unit_005666,Vienna,8,8,181.6,5,2.766,0.0,0.0,0.5,48.233163,16.527792,5|19|30|12|15,0.1038|0.0993|0.0732|0.0542|0.0421,
unit_005668,Vienna,10,10,201.6,7,3.0557,0.0,0.0,0.5,48.141631,16.480692,7|5|8|27|31,0.1211|0.0981|0.0773|0.0652|0.0617,
unit_005669,Vienna,6,6,127.8,5,2.9169,0.0,0.0,0.5,48.155162,16.380838,5|8|31|15|7,0.1155|0.1113|0.0756|0.0523|0.0472,
unit_005670,Vienna,14,14,264.2,5,2.9426,0.0,0.0,0.5,48.142135,16.362169,5|7|12|16|31,0.1272|0.1097|0.0840|0.0821|0.0751,
unit_005671,Vienna,4,4,77.2,5,2.7787,0.0,0.0,0.5,48.149009,16.323145,5|8|31|7|12,0.1185|0.0898|0.0869|0.0796|0.0795,
unit_005672,Vienna,8,8,176.3,5,3.0882,0.0,0.0,0.5,48.163343,16.365927,5|7|3|8|27,0.0891|0.0775|0.0691|0.0632|0.0623,
unit_005674,Vienna,6,7,129.8,12,2.9623,0.0,0.03363,0.5084,48.162179,16.367058,12|7|5|2|31,0.1284|0.1026|0.0903|0.0745|0.0618,
unit_005675,Vienna,6,7,130.5,12,2.9627,0.0,0.04708,0.5118,48.162162,16.367384,12|7|5|2|31,0.1284|0.1026|0.0904|0.0745|0.0619,
unit_005676,Vienna,10,10,185.2,7,2.8705,0.0,0.0,0.5,48.250674,16.298794,7|5|8|16|30,0.1018|0.0761|0.0705|0.0654|0.0532,
unit_005678,Vienna,8,8,179.1,7,3.0915,0.0,0.0,0.5,48.159021,16.301502,7|5|1|27|19,0.1074|0.0963|0.0845|0.0826|0.0755,
unit_005679,Vienna,10,10,183.9,5,2.8845,0.0,0.0,0.5,48.1352,16.405999,5|18|7|8|31,0.1155|0.1031|0.0975|0.0883|0.0666,
unit_005681,Vienna,5,5,103.5,5,2.9999,0.0,0.0,0.5,48.135735,16.40306,5|8|7|31|19,0.1268|0.0992|0.0874|0.0574|0.0556,
unit_005682,Vienna,7,7,152.0,7,2.9346,0.0,0.0,0.5,48.131187,16.426271,7|8|5|31|16,0.1217|0.1166|0.1054|0.0601|0.0524,
unit_005683,Vienna,8,8,175.1,30,2.8311,0.0,0.0,0.5,48.131337,16.415764,30|5|19|18|15,0.1038|0.0929|0.0875|0.0765|0.0748,
unit_005684,Vienna,3,3,52.6,5,2.8126,0.0,0.0,0.5,48.139527,16.464227,5|12|15|19|1,0.1125|0.0950|0.0530|0.0496|0.0462,
unit_005685,Vienna,8,8,177.2,5,3.0167,0.0,0.0,0.5,48.141975,16.462308,5|7|19|16|3,0.1246|0.0776|0.0760|0.0640|0.0582,
unit_005686,Vienna,6,7,126.9,5,2.8034,0.0,0.03857,0.5096,48.131481,16.4754,5|31|12|8|16,0.1164|0.0850|0.0818|0.0794|0.0609,
unit_005688,Vienna,8,15,177.5,9,3.0138,0.0,0.0,0.5,48.084204,16.227201,9|26|4|5|17,0.0991|0.0983|0.0938|0.0791|0.0744,
unit_005689,Vienna,13,13,271.4,7,2.982,0.0,0.0,0.5,48.083094,16.231323,7|5|16|8|19,0.1162|0.0930|0.0713|0.0665|0.0598,
unit_005690,Vienna,5,10,103.0,5,2.9803,0.0,0.0,0.5,48.274035,16.429698,5|8|31|1|10,0.1046|0.0972|0.0659|0.0577|0.0556,
unit_005691,Vienna,6,7,135.4,12,3.0434,1e-05,0.03523,0.5088,48.156959,16.359671,12|5|1|31|18,0.1157|0.0994|0.0838|0.0772|0.0735,
unit_005692,Vienna,8,8,175.9,12,2.9048,0.0,0.0,0.5,48.105248,16.408184,12|5|9|19|3,0.1020|0.0881|0.0840|0.0729|0.0632,
unit_005693,Vienna,6,6,133.7,5,2.9054,0.0,0.0,0.5,48.106727,16.404889,5|8|7|16|19,0.0922|0.0901|0.0736|0.0731|0.0436,
unit_005695,Vienna,23,23,325.9,5,2.7631,0.0,0.0,0.5,48.106424,16.402833,5|7|16|8|12,0.1146|0.0945|0.0854|0.0660|0.0630,
unit_005697,Vienna,14,32,325.7,24,2.6455,0.0,0.0,0.5,48.124539,16.460121,24|17|6|26|9,0.1646|0.1185|0.0715|0.0632|0.0477,
unit_005698,Vienna,14,40,325.7,24,3.0376,0.00014,0.0,0.5,48.122412,16.47003,24|17|5|26|6,0.1197|0.0952|0.0862|0.0768|0.0608,
unit_005699,Vienna,13,20,310.3,5,2.9437,3e-05,0.05707,0.5143,48.125397,16.451596,5|9|17|4|26,0.1211|0.1116|0.0958|0.0864|0.0646,
unit_005700,Vienna,25,25,358.7,5,2.8778,0.0,0.0,0.5,48.131229,16.452876,5|19|30|26|4,0.1210|0.1027|0.0723|0.0700|0.0588,
unit_005701,Vienna,5,5,100.8,5,2.8054,0.0,0.0,0.5,48.123471,16.435782,5|17|26|4|6,0.0914|0.0889|0.0877|0.0713|0.0472,
unit_005702,Vienna,8,8,175.8,5,2.783,0.0,0.0,0.5,48.134134,16.431515,5|19|30|12|15,0.1061|0.0929|0.0796|0.0636|0.0386,
unit_005703,Vienna,8,8,175.8,19,2.8338,0.0,0.0,0.5,48.142903,16.427886,19|5|30|12|9,0.0922|0.0883|0.0804|0.0505|0.0474,
unit_005704,Vienna,8,8,175.8,19,2.95,0.0,0.0,0.5,48.15191,16.423957,19|30|5|9|1,0.0995|0.0833|0.0718|0.0647|0.0638,
unit_005705,Vienna,8,8,175.8,1,3.0214,0.0,0.0,0.5,48.169923,16.321553,1|30|6|9|2,0.0934|0.0664|0.0642|0.0518|0.0515,
unit_005707,Vienna,3,3,59.6,7,2.7861,0.0,0.0,0.5,48.044874,16.518156,7|5|31|16|12,0.1070|0.0895|0.0628|0.0616|0.0533,
unit_005708,Vienna,7,7,155.4,31,2.919,0.0,0.0,0.5,48.165972,16.360644,31|5|8|11|12,0.1148|0.1100|0.0815|0.0631|0.0630,
unit_005711,Vienna,6,6,122.6,31,2.9753,0.0,0.0,0.5,48.166101,16.370311,31|5|3|18|8,0.1150|0.0820|0.0634|0.0521|0.0472,
unit_005712,Vienna,8,14,183.5,5,3.02,5e-05,0.0,0.5,48.163089,16.377575,5|1|8|31|7,0.1220|0.0779|0.0706|0.0700|0.0598,
unit_005713,Vienna,8,8,176.1,5,3.0055,0.0,0.0,0.5,48.165323,16.365637,5|8|31|1|27,0.1037|0.0850|0.0850|0.0790|0.0521,
unit_005714,Vienna,7,10,136.3,1,3.0313,1e-05,0.05957,0.5149,48.176844,16.399093,1|8|16|5|31,0.0892|0.0819|0.0745|0.0736|0.0678,
unit_005717,Vienna,4,5,83.1,9,2.9807,0.0,0.04847,0.5121,48.175938,16.39942,9|12|5|1|3,0.1459|0.0896|0.0602|0.0587|0.0483,
unit_005718,Vienna,13,26,257.4,5,3.0283,0.0,0.0,0.5,48.180549,16.397629,5|1|3|10|31,0.1099|0.1072|0.0860|0.0700|0.0547,
unit_005719,Vienna,8,8,177.1,9,2.9807,0.0,0.0,0.5,48.177913,16.392821,9|26|3|10|27,0.1098|0.0998|0.0615|0.0548|0.0507,
unit_005720,Vienna,8,8,179.4,3,3.0505,0.0,0.0,0.5,48.18348,16.396726,3|10|5|12|11,0.0809|0.0778|0.0769|0.0670|0.0651,
unit_005721,Vienna,8,8,179.0,3,3.0505,0.0,0.0,0.5,48.18352,16.396566,3|10|5|12|11,0.0809|0.0778|0.0769|0.0670|0.0651,
unit_005722,Vienna,8,8,175.4,5,2.8473,0.0,0.0,0.5,48.278279,16.457293,5|19|3|8|1,0.1204|0.0720|0.0612|0.0550|0.0528,
unit_005723,Vienna,8,8,176.9,8,3.002,0.0,0.0,0.5,48.181158,16.416438,8|5|7|31|10,0.1226|0.0972|0.0721|0.0696|0.0659,
unit_005725,Vienna,8,8,177.8,31,3.0412,0.0,0.0,0.5,48.081665,16.271286,31|5|15|18|8,0.0919|0.0849|0.0807|0.0672|0.0615,
unit_005726,Vienna,3,3,54.8,7,2.8943,0.0,0.0,0.5,48.290685,16.293,7|5|8|16|30,0.1080|0.0969|0.0872|0.0754|0.0483,
unit_005727,Vienna,3,3,54.8,7,2.8943,0.0,0.0,0.5,48.290542,16.293977,7|5|8|16|30,0.1080|0.0969|0.0872|0.0754|0.0483,
unit_005728,Vienna,9,9,166.8,7,2.8943,0.0,0.0,0.5,48.290839,16.293737,7|5|8|16|30,0.1080|0.0969|0.0872|0.0754|0.0483,
unit_005729,Vienna,8,8,176.9,5,2.7972,0.0,0.0,0.5,48.106171,16.341626,5|19|30|4|18,0.1293|0.0835|0.0674|0.0598|0.0456,
unit_005730,Vienna,3,3,50.9,5,3.0,0.0,0.0,0.5,48.119255,16.323383,5|9|26|28|19,0.1303|0.1075|0.1024|0.0767|0.0720,
unit_005731,Vienna,8,9,175.9,5,2.8793,0.0,0.0,0.5,48.212865,16.492816,5|30|19|18|7,0.1172|0.0984|0.0982|0.0748|0.0586,
unit_005732,Vienna,8,8,183.7,8,2.9877,0.0,0.0,0.5,48.252227,16.454618,8|5|31|10|1,0.0873|0.0848|0.0833|0.0821|0.0616,
unit_005733,Vienna,4,4,76.1,5,2.9992,0.0,0.0,0.5,48.282145,16.386022,5|18|30|15|19,0.1167|0.0894|0.0788|0.0734|0.0703,
unit_005734,Vienna,13,16,301.6,26,2.9746,4e-05,0.0,0.5,48.126283,16.393444,26|17|9|5|6,0.1103|0.0946|0.0923|0.0894|0.0785,
unit_005735,Vienna,11,14,251.3,5,3.0031,4e-05,0.0,0.5,48.123484,16.402754,5|9|17|4|26,0.1174|0.1049|0.0916|0.0848|0.0826,
unit_005736,Vienna,8,9,175.9,5,2.9882,1e-05,0.03231,0.5081,48.122026,16.406193,5|9|26|4|17,0.1277|0.0972|0.0918|0.0794|0.0636,
unit_005737,Vienna,3,3,50.3,5,2.876,0.0,0.05513,0.5138,48.121527,16.407334,5|30|19|4|26,0.1265|0.0705|0.0694|0.0623|0.0593,
unit_005738,Vienna,7,9,150.8,5,2.9539,1e-05,0.07794,0.5195,48.121089,16.408378,5|9|12|19|30,0.1357|0.0910|0.0794|0.0732|0.0590,
unit_005739,Vienna,7,7,169.3,31,2.9583,0.0,0.0,0.5,48.170387,16.417915,31|12|5|7|3,0.1610|0.0519|0.0472|0.0471|0.0430,
unit_005740,Vienna,8,8,176.0,5,3.0531,0.0,0.0,0.5,48.181617,16.485026,5|16|19|18|31,0.0802|0.0652|0.0630|0.0577|0.0555,
unit_005741,Vienna,8,8,176.0,19,2.913,0.0,0.0,0.5,48.187164,16.476474,19|5|30|15|2,0.1065|0.0892|0.0862|0.0563|0.0497,
unit_005742,Vienna,7,7,150.9,5,3.0157,0.0,0.0,0.5,48.192586,16.468246,5|19|18|15|30,0.1158|0.0774|0.0670|0.0615|0.0562,
unit_005743,Vienna,7,9,154.6,9,2.9648,2e-05,0.04217,0.5105,48.15083,16.489744,9|5|6|12|17,0.1404|0.1092|0.0697|0.0684|0.0588,
unit_005744,Vienna,7,7,154.6,5,3.0466,0.0,0.15498,0.5387,48.151278,16.488182,5|9|26|4|27,0.1167|0.1132|0.0901|0.0670|0.0663,
unit_005745,Vienna,5,5,103.1,19,2.9287,0.0,0.2639,0.5656,48.151637,16.486837,19|5|17|12|3,0.0906|0.0824|0.0669|0.0519|0.0507,
unit_005747,Vienna,8,8,177.5,5,2.9597,0.0,0.35622,0.5881,48.156519,16.480364,5|19|30|8|26,0.1238|0.0896|0.0794|0.0587|0.0576,
unit_005748,Vienna,5,5,102.3,19,2.9287,0.0,0.0,0.5,48.152653,16.487049,19|5|17|12|3,0.0906|0.0824|0.0669|0.0519|0.0507,
unit_005749,Vienna,11,21,254.5,5,3.1291,0.00014,0.0,0.5,48.129672,16.54376,5|19|1|18|8,0.1011|0.0890|0.0658|0.0554|0.0526,
unit_005750,Vienna,6,12,127.3,5,3.0324,0.0,0.0,0.5,48.128846,16.545775,5|19|18|27|8,0.1366|0.0918|0.0847|0.0740|0.0715,
unit_005751,Vienna,4,4,77.6,5,3.0325,0.0,0.0,0.5,48.126215,16.552892,5|1|3|18|27,0.1146|0.0998|0.0709|0.0657|0.0613,
unit_005753,Vienna,9,9,161.5,10,2.9535,0.0,0.0,0.5,48.247582,16.366075,10|5|12|31|1,0.0915|0.0909|0.0877|0.0709|0.0660,
unit_005755,Vienna,5,9,102.2,5,3.0548,4e-05,0.03659,0.5091,48.185313,16.397014,5|10|19|31|3,0.1013|0.0813|0.0787|0.0669|0.0646,
unit_005757,Vienna,9,18,162.9,1,3.0183,0.0,0.0,0.5,48.224695,16.406434,1|31|5|28|12,0.0967|0.0864|0.0838|0.0706|0.0648,
unit_005758,Vienna,7,13,150.7,1,3.0147,1e-05,0.0,0.5,48.22459,16.40639,1|31|5|28|12,0.0947|0.0860|0.0820|0.0687|0.0639,
unit_005760,Vienna,6,6,104.9,7,2.9069,0.0,0.0,0.5,48.133429,16.286632,7|12|5|10|8,0.1208|0.0893|0.0704|0.0608|0.0541,
unit_005761,Vienna,8,8,185.8,5,2.985,0.0,0.0,0.5,48.297311,16.378692,5|3|16|12|10,0.1250|0.0772|0.0721|0.0602|0.0597,
unit_005762,Vienna,8,8,177.9,1,3.0351,0.0,0.0,0.5,48.266087,16.450866,1|5|8|25|3,0.1086|0.1078|0.0712|0.0665|0.0588,
unit_005764,Vienna,4,8,78.3,19,3.0573,1e-05,0.0399,0.51,48.160095,16.477862,19|12|7|30|5,0.1065|0.0978|0.0922|0.0713|0.0638,
unit_005766,Vienna,3,3,52.0,7,3.0089,0.0,0.0,0.5,48.291295,16.316194,7|5|8|18|27,0.1275|0.0907|0.0851|0.0529|0.0459,
unit_005767,Vienna,8,8,181.8,7,3.0089,0.0,0.0,0.5,48.291532,16.316659,7|5|8|18|27,0.1275|0.0907|0.0851|0.0529|0.0459,
unit_005768,Vienna,8,8,178.9,16,2.9641,0.0,0.0,0.5,48.159608,16.500432,16|5|1|18|27,0.0681|0.0599|0.0535|0.0514|0.0448,
unit_005769,Vienna,5,5,105.5,9,3.0631,0.0,0.11175,0.5279,48.220461,16.427342,9|26|6|17|5,0.1472|0.0859|0.0848|0.0806|0.0685,
unit_005770,Vienna,6,7,128.6,9,3.0639,1e-05,0.06687,0.5167,48.220306,16.427174,9|6|26|17|5,0.1477|0.0861|0.0849|0.0836|0.0691,
unit_005771,Vienna,7,9,154.3,24,2.8563,1e-05,0.06687,0.5167,48.221161,16.425934,24|17|9|6|5,0.1441|0.1245|0.0994|0.0850|0.0557,
unit_005773,Vienna,7,8,153.6,9,3.0635,0.0,0.05184,0.513,48.220029,16.426948,9|26|6|17|5,0.1476|0.0855|0.0855|0.0820|0.0688,
unit_005774,Vienna,6,7,126.5,24,2.8513,1e-05,0.06544,0.5164,48.221046,16.425867,24|17|9|6|5,0.1447|0.1245|0.0984|0.0846|0.0553,
unit_005775,Vienna,7,9,151.8,9,3.0641,1e-05,0.06544,0.5164,48.220199,16.427082,9|6|26|17|5,0.1477|0.0865|0.0845|0.0845|0.0693,
unit_005776,Vienna,6,7,127.9,24,2.8711,2e-05,0.05706,0.5143,48.220934,16.425798,24|17|9|6|5,0.1421|0.1242|0.1014|0.0855|0.0564,
unit_005777,Vienna,13,16,305.0,24,2.7606,1e-05,0.0,0.5,48.224986,16.420392,24|17|9|6|5,0.1630|0.1235|0.0886|0.0562|0.0431,
unit_005778,Vienna,3,3,51.0,31,2.8828,0.0,0.0,0.5,48.223848,16.422193,31|5|8|12|16,0.1407|0.0977|0.0916|0.0604|0.0514,
unit_005779,Vienna,13,16,305.9,24,2.7607,1e-05,0.0,0.5,48.22506,16.420519,24|17|9|6|5,0.1631|0.1236|0.0884|0.0562|0.0432,
unit_005780,Vienna,6,7,130.4,9,3.0642,1e-05,0.06485,0.5162,48.220394,16.427279,9|6|17|26|5,0.1476|0.0866|0.0850|0.0842|0.0693,
unit_005781,Vienna,7,9,156.5,24,2.8482,0.0,0.06485,0.5162,48.221262,16.426023,24|17|9|6|5,0.1451|0.1245|0.0978|0.0844|0.0550,
unit_005782,Vienna,8,8,179.5,1,3.0351,0.0,0.0,0.5,48.266183,16.450908,1|5|8|25|3,0.1086|0.1078|0.0712|0.0665|0.0588,
unit_005783,Vienna,7,7,157.3,5,3.0844,0.0,0.0,0.5,48.142763,16.374408,5|18|19|7|8,0.0960|0.0811|0.0705|0.0682|0.0654,
unit_005784,Vienna,9,9,166.9,9,3.0131,0.0,0.0,0.5,48.11309,16.275917,9|17|27|19|20,0.1130|0.0888|0.0786|0.0770|0.0721,
unit_005785,Vienna,9,9,157.5,7,2.9074,0.0,0.0,0.5,48.092707,16.255061,7|5|16|12|8,0.1504|0.0963|0.0680|0.0629|0.0598,
unit_005786,Vienna,7,7,154.1,12,2.9904,0.0,0.0,0.5,48.160651,16.361474,12|5|31|20|18,0.1115|0.0976|0.0803|0.0732|0.0654,
unit_005788,Vienna,3,3,53.3,31,2.8587,0.0,0.0,0.5,48.176831,16.366462,31|12|5|16|7,0.1849|0.0809|0.0356|0.0356|0.0332,
unit_005789,Vienna,13,13,265.6,5,3.0224,0.0,0.0,0.5,48.289523,16.391951,5|12|2|16|1,0.1074|0.0736|0.0611|0.0554|0.0536,
unit_005790,Vienna,7,7,110.9,5,2.98,0.0,0.0,0.5,48.284985,16.419184,5|8|7|16|1,0.1016|0.0865|0.0831|0.0704|0.0594,
unit_005791,Vienna,7,7,158.2,12,3.0706,0.0,0.0,0.5,48.258115,16.439056,12|5|1|18|31,0.1008|0.0965|0.0779|0.0726|0.0712,
unit_005792,Vienna,8,8,179.1,5,3.0334,0.0,0.0,0.5,48.260522,16.437385,5|12|1|18|31,0.1061|0.0960|0.0759|0.0750|0.0618,
unit_005793,Vienna,7,7,161.7,5,2.9653,0.0,0.0,0.5,48.29566,16.421111,5|12|10|31|8,0.0936|0.0726|0.0686|0.0646|0.0613,
unit_005794,Vienna,7,9,157.0,5,3.0021,1e-05,0.05281,0.5132,48.241206,16.4446,5|7|12|8|19,0.0965|0.0814|0.0799|0.0573|0.0566,
unit_005795,Vienna,4,4,75.2,5,2.9506,0.0,0.0,0.5,48.23617,16.469959,5|8|31|18|7,0.1270|0.0890|0.0807|0.0653|0.0626,
unit_005797,Vienna,3,3,55.6,7,2.827,0.0,0.0,0.5,48.215493,16.533219,7|19|5|12|30,0.1364|0.0831|0.0826|0.0666|0.0361,
unit_005798,Vienna,3,3,57.4,5,2.8769,0.0,0.16029,0.54,48.213025,16.493481,5|30|19|18|7,0.1168|0.0984|0.0981|0.0748|0.0578,
unit_005800,Vienna,67,133,1419.3,5,3.017,5e-05,0.0,0.5,48.215626,16.504854,5|1|8|31|27,0.1344|0.0880|0.0820|0.0677|0.0546,
unit_005801,Vienna,7,19,151.9,19,3.0291,2e-05,0.0,0.5,48.241095,16.458122,19|5|12|1|30,0.1095|0.0838|0.0787|0.0781|0.0692,
unit_005802,Vienna,7,8,151.4,9,2.9885,0.0,0.03432,0.5086,48.254709,16.473628,9|12|5|1|19,0.1284|0.0964|0.0959|0.0819|0.0611,
unit_005803,Vienna,24,24,460.6,19,2.716,0.0,0.0,0.5,48.197715,16.54228,19|30|15|5|17,0.1017|0.1008|0.0923|0.0663|0.0582,
unit_005804,Vienna,16,21,334.1,5,3.0334,8e-05,0.0,0.5,48.189063,16.550029,5|19|18|30|16,0.0986|0.0889|0.0622|0.0567|0.0544,
unit_005805,Vienna,4,4,76.2,9,3.0127,0.0,0.0,0.5,48.061059,16.340465,9|5|6|12|3,0.1575|0.0906|0.0842|0.0748|0.0705,
unit_005806,Vienna,15,15,269.9,9,3.0046,0.0,0.0,0.5,48.059879,16.338296,9|6|17|26|5,0.1286|0.1218|0.0873|0.0782|0.0667,
unit_005807,Vienna,13,13,258.9,9,3.0046,0.0,0.0,0.5,48.059799,16.338401,9|6|17|26|5,0.1286|0.1218|0.0873|0.0782|0.0667,
unit_005808,Vienna,7,7,151.7,19,2.9475,0.0,0.0,0.5,48.136227,16.52974,19|18|30|5|15,0.1069|0.0973|0.0944|0.0931|0.0906,
unit_005809,Vienna,7,7,160.1,5,2.9996,0.0,0.0,0.5,48.202959,16.55297,5|19|7|12|16,0.1013|0.0969|0.0888|0.0720|0.0716,
unit_005810,Vienna,6,6,129.2,1,3.0394,0.0,0.0,0.5,48.232417,16.360463,1|5|12|25|31,0.1001|0.0895|0.0819|0.0596|0.0578,
unit_005811,Vienna,12,12,234.3,5,3.0231,0.0,0.0,0.5,48.088914,16.246072,5|7|16|15|18,0.1015|0.0940|0.0794|0.0661|0.0654,
unit_005812,Vienna,3,3,57.6,5,2.9395,0.0,0.0,0.5,48.086243,16.246008,5|7|8|31|1,0.1101|0.0909|0.0873|0.0562|0.0508,
unit_005814,Vienna,12,12,252.1,5,3.0063,0.0,0.0,0.5,48.083972,16.242891,5|7|31|8|15,0.1244|0.0819|0.0696|0.0663|0.0632,
unit_005816,Vienna,7,7,158.0,7,2.9365,0.0,0.0,0.5,48.08701,16.261463,7|5|8|18|16,0.1281|0.1006|0.0875|0.0678|0.0661,
unit_005817,Vienna,8,8,178.9,27,2.9748,0.0,0.0,0.5,48.134653,16.471671,27|8|5|1|26,0.0754|0.0737|0.0733|0.0687|0.0666,
unit_005821,Vienna,7,7,152.5,5,3.0323,0.0,0.0,0.5,48.093215,16.445894,5|19|9|30|27,0.1217|0.0953|0.0831|0.0693|0.0638,
unit_005825,Vienna,11,11,210.5,5,2.9558,0.0,0.0,0.5,48.072395,16.231826,5|19|17|30|15,0.1122|0.0820|0.0810|0.0774|0.0689,
unit_005826,Vienna,9,9,162.7,12,2.9833,0.0,0.0,0.5,48.127241,16.328982,12|5|19|9|3,0.1168|0.1135|0.0798|0.0694|0.0635,
unit_005827,Vienna,10,10,177.9,7,2.873,0.0,0.0,0.5,48.127138,16.257297,7|12|5|31|8,0.1442|0.0848|0.0781|0.0756|0.0426,
unit_005828,Vienna,10,10,185.0,31,2.8388,0.0,0.0,0.5,48.202869,16.551482,31|5|7|16|12,0.1242|0.0995|0.0683|0.0545|0.0522,
unit_005831,Vienna,6,6,125.3,9,2.9852,0.0,0.0,0.5,48.106067,16.257823,9|17|5|12|27,0.1423|0.0892|0.0766|0.0720|0.0633,
unit_005832,Vienna,5,5,111.4,5,2.8705,0.0,0.0,0.5,48.16438,16.31914,5|31|8|7|16,0.1042|0.0922|0.0715|0.0646|0.0593,
unit_005833,Vienna,8,8,175.4,5,2.953,0.0,0.0,0.5,48.263447,16.459398,5|1|8|16|31,0.1125|0.0899|0.0798|0.0616|0.0538,
unit_005834,Vienna,12,24,223.7,1,3.0251,0.0,0.0,0.5,48.22485,16.406696,1|31|5|28|12,0.0973|0.0856|0.0841|0.0712|0.0647,
unit_005835,Vienna,7,28,159.1,5,3.0841,1e-05,0.0,0.5,48.222894,16.409115,5|1|31|12|8,0.1061|0.0918|0.0876|0.0731|0.0709,
unit_005838,Vienna,7,7,153.4,5,2.9658,0.0,0.0,0.5,48.117029,16.337476,5|12|19|18|15,0.0998|0.0955|0.0951|0.0808|0.0720,
unit_005839,Vienna,3,3,51.2,7,2.9534,0.0,0.0,0.5,48.257272,16.313793,7|19|18|5|30,0.1045|0.0777|0.0712|0.0639|0.0594,
unit_005840,Vienna,7,7,154.9,7,2.8151,0.0,0.0,0.5,48.110558,16.362508,7|5|19|8|30,0.1007|0.0970|0.0793|0.0666|0.0583,
unit_005841,Vienna,7,7,169.1,5,2.948,0.0,0.0,0.5,48.046297,16.441463,5|16|19|7|8,0.0943|0.0915|0.0642|0.0600|0.0565,
unit_005842,Vienna,7,7,155.4,12,2.9489,0.0,0.0,0.5,48.230673,16.443666,12|5|1|31|19,0.1083|0.0939|0.0772|0.0604|0.0591,
unit_005844,Vienna,8,8,175.1,17,3.0395,0.0,0.0,0.5,48.272744,16.474312,17|12|9|19|5,0.1379|0.0982|0.0874|0.0655|0.0589,
unit_005845,Vienna,8,8,179.5,5,2.8637,0.0,0.0,0.5,48.086301,16.310757,5|8|31|7|16,0.1315|0.1046|0.1040|0.0657|0.0646,
unit_005846,Vienna,8,8,178.3,12,2.8814,0.0,0.0,0.5,48.090005,16.314062,12|9|5|19|1,0.1055|0.0782|0.0763|0.0710|0.0657,
unit_005847,Vienna,8,8,178.1,12,2.8341,0.0,0.0,0.5,48.094374,16.314393,12|5|19|7|1,0.1174|0.0980|0.0871|0.0639|0.0627,
unit_005850,Vienna,8,9,185.5,31,2.8895,0.0,0.13578,0.5339,48.236677,16.371493,31|1|30|5|12,0.1078|0.0883|0.0772|0.0574|0.0538,
unit_005852,Vienna,4,4,89.6,7,2.6787,0.0,0.0,0.5,48.045254,16.442589,7|5|16|8|31,0.1389|0.0913|0.0640|0.0580|0.0523,
unit_005855,Vienna,6,6,125.8,8,2.945,0.0,0.04357,0.5109,48.311674,16.253289,8|5|16|31|7,0.1007|0.0696|0.0654|0.0557|0.0530,
unit_005856,Vienna,10,17,184.5,9,3.0163,2e-05,0.04225,0.5106,48.254964,16.473556,9|5|12|1|19,0.1281|0.1049|0.0923|0.0870|0.0613,
unit_005857,Vienna,39,46,663.8,5,3.0069,0.0,0.069,0.5172,48.255804,16.472753,5|1|18|9|3,0.1226|0.0993|0.0717|0.0622|0.0585,
unit_005858,Vienna,28,44,643.7,9,3.0242,9e-05,0.03646,0.5091,48.256647,16.474707,9|5|12|1|4,0.1553|0.0915|0.0880|0.0607|0.0504,
unit_005859,Vienna,7,10,109.5,5,3.0299,0.0,0.04986,0.5125,48.105335,16.414663,5|12|19|3|16,0.1019|0.0937|0.0905|0.0659|0.0623,
unit_005861,Vienna,3,3,58.3,24,2.6541,0.0,0.0,0.5,48.122236,16.468754,24|17|26|6|2,0.1336|0.0949|0.0682|0.0534|0.0319,
unit_005862,Vienna,7,7,151.4,5,2.9705,0.0,0.0,0.5,48.126251,16.457718,5|7|8|19|30,0.1161|0.0720|0.0680|0.0549|0.0538,
unit_005863,Vienna,3,3,55.4,7,2.9587,0.0,0.0,0.5,48.10112,16.306145,7|5|31|8|12,0.1289|0.1170|0.0619|0.0583|0.0570,
unit_005864,Vienna,7,7,158.8,5,2.8557,0.0,0.0,0.5,48.108428,16.350865,5|16|12|31|8,0.0848|0.0709|0.0684|0.0664|0.0603,
unit_005865,Vienna,16,16,331.0,9,3.0557,0.0,0.0,0.5,48.265646,16.365297,9|12|6|5|17,0.0989|0.0673|0.0653|0.0640|0.0625,
unit_005866,Vienna,7,14,155.2,1,3.0162,0.0,0.0,0.5,48.26744,16.363595,1|5|17|12|31,0.0880|0.0872|0.0824|0.0785|0.0701,
unit_005867,Vienna,7,13,163.6,9,3.0695,3e-05,0.03713,0.5093,48.24891,16.392342,9|5|26|12|18,0.1625|0.0932|0.0757|0.0729|0.0668,
unit_005868,Vienna,8,8,175.2,5,2.6295,0.0,0.0,0.5,48.120666,16.448667,5|19|12|9|30,0.0911|0.0746|0.0615|0.0526|0.0525,
unit_005869,Vienna,6,7,125.1,5,2.972,0.0,0.0,0.5,48.123414,16.451517,5|9|4|26|17,0.1209|0.0845|0.0807|0.0759|0.0620,
unit_005870,Vienna,8,8,186.2,5,2.931,0.0,0.0,0.5,48.269312,16.476573,5|12|19|3|9,0.1044|0.0979|0.0793|0.0740|0.0738,
unit_005872,Vienna,10,10,183.5,9,3.0554,0.0,0.0,0.5,48.096397,16.400642,9|17|3|5|12,0.1141|0.1080|0.0740|0.0623|0.0608,
unit_005874,Vienna,16,16,304.9,5,3.0044,0.0,0.14336,0.5358,48.138215,16.486741,5|7|8|18|16,0.1068|0.0768|0.0709|0.0669|0.0582,
unit_005876,Vienna,7,7,155.7,9,2.9762,0.0,0.0,0.5,48.309052,16.512278,9|5|4|26|19,0.1322|0.0890|0.0843|0.0820|0.0719,
unit_005877,Vienna,10,10,109.0,31,2.8382,0.0,0.0,0.5,48.224259,16.395819,31|10|5|8|1,0.1117|0.1047|0.0957|0.0798|0.0601,
unit_005878,Vienna,12,15,228.4,9,3.0065,0.0,0.05196,0.513,48.249492,16.469699,9|5|12|1|4,0.1276|0.1203|0.0788|0.0675|0.0663,
unit_005880,Vienna,8,8,176.0,7,2.8045,0.0,0.0,0.5,48.085263,16.425334,7|5|12|16|31,0.1235|0.0969|0.0801|0.0560|0.0481,
unit_005881,Vienna,5,5,102.7,9,2.9762,0.0,0.0,0.5,48.30889,16.511992,9|5|4|26|19,0.1322|0.0890|0.0843|0.0820|0.0719,
unit_005882,Vienna,7,7,157.8,7,2.9681,0.0,0.0,0.5,48.085049,16.42849,7|5|16|8|18,0.1338|0.0894|0.0731|0.0725|0.0657,
unit_005884,Vienna,5,5,100.0,9,2.9762,0.0,0.0,0.5,48.309251,16.513103,9|5|4|26|19,0.1322|0.0890|0.0843|0.0820|0.0719,
unit_005885,Vienna,8,8,143.5,31,3.0483,0.0,0.12227,0.5305,48.232122,16.377839,31|12|7|5|1,0.0965|0.0847|0.0826|0.0784|0.0744,
unit_005887,Vienna,7,14,150.4,1,3.1012,0.0,0.04299,0.5107,48.250646,16.470707,1|9|5|12|18,0.1270|0.1078|0.0986|0.0697|0.0545,
unit_005888,Vienna,7,13,150.6,1,3.0986,0.0,0.06094,0.5152,48.25054,16.470797,1|9|5|12|18,0.1259|0.1098|0.0973|0.0741|0.0539,
unit_005889,Vienna,7,8,150.8,5,2.9134,1e-05,0.15448,0.5385,48.102522,16.416715,5|12|3|19|7,0.1251|0.0680|0.0634|0.0579|0.0575,
unit_005890,Vienna,5,5,103.0,9,2.9307,0.0,0.401,0.5989,48.138128,16.489219,9|17|12|5|4,0.1220|0.1210|0.0831|0.0635|0.0620,
unit_005891,Vienna,6,11,131.8,12,3.0315,0.0,0.07561,0.5189,48.241971,16.459727,12|19|5|7|1,0.1067|0.0989|0.0987|0.0747|0.0739,
unit_005892,Vienna,6,6,130.7,5,3.0272,0.0,0.0,0.5,48.128815,16.467252,5|12|7|3|2,0.1082|0.0778|0.0753|0.0672|0.0621,
unit_005893,Vienna,6,6,131.1,7,2.8802,0.0,0.0,0.5,48.114249,16.351025,7|5|16|31|12,0.1063|0.1046|0.0820|0.0545|0.0529,
unit_005894,Vienna,25,25,374.5,5,2.903,0.0,0.0,0.5,48.187507,16.54633,5|7|16|8|19,0.1045|0.0846|0.0760|0.0694|0.0527,
unit_005897,Vienna,16,16,290.5,5,2.9031,0.0,0.0,0.5,48.223675,16.504693,5|8|1|10|31,0.0969|0.0855|0.0814|0.0722|0.0700,
unit_005898,Vienna,23,23,363.7,10,2.9268,0.0,0.0,0.5,48.224754,16.502884,10|5|8|31|1,0.0954|0.0937|0.0862|0.0783|0.0738,
unit_005899,Vienna,22,22,414.6,1,2.9914,0.0,0.0,0.5,48.224181,16.508962,1|5|3|31|11,0.1221|0.1138|0.0812|0.0620|0.0503,
unit_005900,Vienna,12,12,201.4,10,2.9555,0.0,0.0,0.5,48.226062,16.503921,10|8|5|31|12,0.1148|0.0915|0.0905|0.0829|0.0697,
unit_005901,Vienna,8,8,176.3,5,3.0044,0.0,0.0,0.5,48.232093,16.509946,5|19|3|28|8,0.0866|0.0745|0.0608|0.0600|0.0598,
unit_005902,Vienna,11,11,184.8,5,2.8659,0.0,0.0,0.5,48.226761,16.501211,5|8|31|10|16,0.1084|0.1073|0.0967|0.0835|0.0520,
unit_005903,Vienna,4,4,80.1,9,3.0046,0.0,0.0,0.5,48.059131,16.337861,9|6|17|26|5,0.1286|0.1218|0.0873|0.0782|0.0667,
unit_005905,Vienna,7,7,157.4,7,2.9129,0.0,0.0,0.5,48.208636,16.472407,7|19|18|5|8,0.1605|0.0753|0.0585|0.0583|0.0531,
unit_005906,Vienna,7,7,152.0,31,2.7447,0.0,0.09064,0.5226,48.214901,16.352875,31|1|8|30|27,0.1207|0.0522|0.0508|0.0486|0.0346,
unit_005907,Vienna,7,7,156.6,9,3.0211,0.0,0.0,0.5,48.097337,16.241572,9|26|27|5|4,0.1093|0.0895|0.0878|0.0834|0.0802,
unit_005910,Vienna,8,8,177.8,12,3.0495,0.0,0.0,0.5,48.249479,16.371021,12|5|1|18|28,0.0953|0.0918|0.0834|0.0826|0.0611,
unit_005911,Vienna,10,10,190.8,12,3.0495,0.0,0.0,0.5,48.249319,16.370715,12|5|1|18|28,0.0953|0.0918|0.0834|0.0826|0.0611,
unit_005912,Vienna,3,3,50.5,9,3.0269,0.0,0.13739,0.5343,48.254509,16.370702,9|12|26|5|18,0.1654|0.0802|0.0685|0.0628|0.0619,
unit_005913,Vienna,6,6,126.4,19,3.0358,0.0,0.0,0.5,48.256098,16.369466,19|17|12|7|31,0.0809|0.0806|0.0681|0.0678|0.0562,
unit_005914,Vienna,6,6,126.4,31,2.9061,0.0,0.0,0.5,48.258514,16.368811,31|12|7|17|5,0.1058|0.0889|0.0678|0.0647|0.0575,
unit_005915,Vienna,14,24,328.6,9,3.049,0.0001,0.0,0.5,48.262874,16.367554,9|12|1|5|26,0.1475|0.0756|0.0657|0.0514|0.0482,
unit_005918,Vienna,5,5,100.3,5,3.0122,0.0,0.0,0.5,48.218272,16.453455,5|19|8|7|12,0.1173|0.0900|0.0610|0.0594|0.0528,
unit_005919,Vienna,5,5,118.4,5,2.8945,0.0,0.0,0.5,48.310218,16.256069,5|8|7|16|31,0.1113|0.1041|0.0960|0.0640|0.0522,
unit_005921,Vienna,5,17,103.1,5,3.0075,0.0,0.0,0.5,48.147744,16.470054,5|7|16|1|19,0.0925|0.0806|0.0770|0.0770|0.0658,
unit_005922,Vienna,11,11,163.9,31,2.9568,0.0,0.0,0.5,48.049479,16.309141,31|7|5|12|16,0.0888|0.0878|0.0874|0.0740|0.0703,
unit_005924,Vienna,8,8,177.4,19,2.7228,0.0,0.0,0.5,48.085731,16.212703,19|15|30|17|12,0.0912|0.0834|0.0787|0.0611|0.0578,
unit_005925,Vienna,8,8,175.3,9,3.0613,0.0,0.0,0.5,48.119047,16.324514,9|26|5|27|4,0.1329|0.1017|0.0809|0.0618|0.0615,
unit_005926,Vienna,7,11,150.3,5,2.9918,2e-05,0.0,0.5,48.120629,16.325552,5|9|26|4|19,0.1282|0.1075|0.1065|0.0655|0.0641,
unit_005927,Vienna,4,4,75.1,9,2.9446,0.0,0.0,0.5,48.120731,16.327182,9|5|12|15|19,0.1379|0.1222|0.0733|0.0654|0.0638,
unit_005928,Vienna,8,9,175.3,5,2.964,0.0,0.11984,0.5299,48.120242,16.325907,5|26|9|19|4,0.1243|0.1105|0.0959|0.0658|0.0649,
unit_005929,Vienna,5,5,100.2,9,2.9883,0.0,0.11984,0.5299,48.120337,16.324449,9|5|12|3|30,0.1495|0.1020|0.0889|0.0780|0.0489,
unit_005931,Vienna,7,7,151.3,5,2.9794,0.0,0.0,0.5,48.158444,16.37697,5|9|17|26|12,0.1218|0.1045|0.0955|0.0799|0.0671,
unit_005932,Vienna,14,16,327.8,9,3.0693,5e-05,0.0,0.5,48.159817,16.379932,9|17|26|6|18,0.1345|0.1037|0.0835|0.0705|0.0600,
unit_005933,Vienna,6,6,126.1,5,3.0584,0.0,0.0,0.5,48.160558,16.382784,5|18|1|31|3,0.1323|0.0847|0.0724|0.0683|0.0621,
unit_005934,Vienna,8,8,176.5,12,3.036,0.0,0.0,0.5,48.162218,16.385157,12|9|5|17|1,0.1029|0.1029|0.0811|0.0802|0.0764,
unit_005935,Vienna,7,7,166.0,5,3.0009,0.0,0.0,0.5,48.140464,16.436257,5|3|16|19|27,0.0776|0.0720|0.0588|0.0512|0.0466,
unit_005936,Vienna,7,7,157.6,31,3.0256,0.0,0.03593,0.509,48.246667,16.379695,31|5|10|18|12,0.1125|0.0836|0.0767|0.0658|0.0604,
unit_005938,Vienna,3,3,52.1,9,2.9645,0.0,0.0,0.5,48.081602,16.333419,9|26|27|5|4,0.1484|0.0975|0.0816|0.0751|0.0668,
unit_005939,Vienna,7,15,156.3,9,3.015,4e-05,0.06989,0.5175,48.080623,16.332186,9|5|27|4|19,0.1503|0.0852|0.0654|0.0644|0.0631,
unit_005940,Vienna,7,14,161.0,9,3.0195,7e-05,0.03955,0.5099,48.080828,16.331997,9|5|27|19|4,0.1423|0.0776|0.0683|0.0676|0.0559,
unit_005941,Vienna,7,14,150.3,9,2.9973,3e-05,0.13224,0.533,48.080537,16.332213,9|5|4|27|19,0.1522|0.0866|0.0681|0.0621|0.0582,
unit_005942,Vienna,7,14,160.2,9,3.0175,6e-05,0.05849,0.5146,48.080751,16.332089,9|5|27|19|4,0.1447|0.0789|0.0678|0.0663|0.0581,
unit_005943,Vienna,6,11,129.2,24,2.6987,1e-05,0.0,0.5,48.227872,16.416375,24|17|9|6|5,0.1665|0.1192|0.0773|0.0656|0.0418,
unit_005945,Vienna,9,9,201.9,19,2.9656,0.0,0.0,0.5,48.141611,16.45775,19|5|12|30|1,0.1081|0.0939|0.0686|0.0638|0.0520,
unit_005946,Vienna,8,8,176.6,5,3.0374,0.0,0.0,0.5,48.140028,16.448021,5|19|27|18|8,0.1282|0.0876|0.0717|0.0569|0.0534,
unit_005947,Vienna,8,8,180.5,17,2.9336,0.0,0.0,0.5,48.196553,16.410173,17|9|6|24|19,0.1189|0.0881|0.0814|0.0652|0.0614,
unit_005948,Vienna,5,5,104.5,9,3.0109,0.0,0.0,0.5,48.212984,16.446998,9|12|5|27|1,0.1309|0.0919|0.0914|0.0580|0.0550,
unit_005949,Vienna,5,5,104.5,9,2.9156,0.0,0.0,0.5,48.213894,16.445752,9|5|26|12|17,0.1592|0.0930|0.0784|0.0653|0.0542,
unit_005950,Vienna,17,17,356.8,9,2.9765,0.0,0.0,0.5,48.216074,16.445552,9|5|12|6|17,0.1564|0.0771|0.0754|0.0682|0.0639,
unit_005951,Vienna,6,6,125.0,8,3.0464,0.0,0.0,0.5,48.17185,16.316562,8|5|27|18|10,0.1050|0.0789|0.0708|0.0652|0.0620,
unit_005952,Vienna,6,6,126.0,8,3.0464,0.0,0.0,0.5,48.171792,16.316551,8|5|27|18|10,0.1050|0.0789|0.0708|0.0652|0.0620,
unit_005953,Vienna,8,8,176.4,8,3.0916,0.0,0.17118,0.5427,48.171314,16.313639,8|27|26|1|6,0.0952|0.0920|0.0665|0.0664|0.0632,
unit_005955,Vienna,5,5,104.2,31,2.9399,0.0,0.0,0.5,48.170976,16.298622,31|5|1|8|30,0.0988|0.0688|0.0638|0.0628|0.0473,
unit_005956,Vienna,9,9,154.0,7,2.873,0.0,0.0,0.5,48.080159,16.428172,7|5|12|8|19,0.1311|0.0743|0.0692|0.0617|0.0606,
unit_005957,Vienna,6,6,128.8,5,2.9892,0.0,0.0,0.5,48.302744,16.33229,5|19|16|8|7,0.0917|0.0823|0.0648|0.0496|0.0475,
unit_005958,Vienna,7,7,158.7,8,2.9123,0.0,0.0,0.5,48.226116,16.499099,8|5|10|31|11,0.1208|0.1031|0.0888|0.0859|0.0613,
unit_005959,Vienna,11,11,205.4,5,2.8827,0.0,0.12819,0.532,48.217076,16.510796,5|12|19|1|31,0.1103|0.0957|0.0926|0.0644|0.0495,
unit_005960,Vienna,7,7,151.3,11,3.012,0.0,0.0,0.5,48.228117,16.391191,11|3|6|19|17,0.0711|0.0690|0.0601|0.0514|0.0428,
unit_005961,Vienna,8,8,176.0,1,2.9696,0.0,0.0,0.5,48.181541,16.467705,1|18|5|3|27,0.0631|0.0626|0.0590|0.0557|0.0534,
unit_005964,Vienna,8,8,175.7,5,2.756,0.0,0.0,0.5,48.072387,16.533333,5|19|12|30|9,0.0941|0.0741|0.0690|0.0605|0.0454,
unit_005965,Vienna,8,8,175.7,19,2.8193,0.0,0.0,0.5,48.066626,16.538657,19|30|5|18|15,0.1099|0.1099|0.0940|0.0873|0.0767,
unit_005966,Vienna,8,8,175.7,5,2.7677,0.0,0.0,0.5,48.061126,16.546509,5|19|30|12|4,0.1058|0.0900|0.0684|0.0612|0.0391,
unit_005969,Vienna,7,7,153.4,7,2.939,0.0,0.14492,0.5362,48.305218,16.302791,7|8|5|30|19,0.1145|0.1000|0.0802|0.0585|0.0523,
unit_005970,Vienna,7,7,152.4,30,2.9228,0.0,0.0,0.5,48.239599,16.273009,30|5|19|18|27,0.0960|0.0891|0.0848|0.0839|0.0704,
unit_005971,Vienna,8,8,175.5,5,2.8152,0.0,0.0,0.5,48.222567,16.252752,5|30|17|19|15,0.1019|0.0986|0.0901|0.0866|0.0787,
unit_005972,Vienna,8,8,175.5,5,3.0308,0.0,0.0,0.5,48.230482,16.257855,5|18|7|31|19,0.1189|0.0756|0.0683|0.0513|0.0512,
unit_005973,Vienna,8,16,175.5,19,2.8158,0.0,0.0,0.5,48.23557,16.266529,19|5|30|15|18,0.1076|0.1041|0.0988|0.0680|0.0667,
unit_005974,Vienna,7,7,152.4,10,3.1001,0.0,0.0,0.5,48.180239,16.357467,10|5|27|3|19,0.0801|0.0676|0.0671|0.0643|0.0634,
unit_005975,Vienna,10,10,195.1,5,3.0377,0.0,0.15883,0.5396,48.149186,16.338187,5|1|27|18|3,0.1424|0.0707|0.0633|0.0627|0.0572,
unit_005976,Vienna,16,16,337.3,31,2.8579,0.0,0.0,0.5,48.227503,16.395193,31|5|10|8|1,0.0944|0.0939|0.0850|0.0750|0.0600,
unit_005978,Vienna,7,7,155.2,31,2.5801,0.0,0.06298,0.5157,48.22486,16.356009,31|30|1|28|4,0.1414|0.0615|0.0514|0.0478|0.0338,
unit_005979,Vienna,8,8,182.1,31,2.9322,0.0,0.0,0.5,48.225064,16.359494,31|1|30|8|28,0.1271|0.0617|0.0552|0.0500|0.0420,
unit_005981,Vienna,13,13,254.9,5,3.0447,0.0,0.0,0.5,48.180851,16.385789,5|1|31|8|10,0.0852|0.0847|0.0684|0.0560|0.0508,
unit_005982,Vienna,8,8,184.8,31,2.8221,0.0,0.0,0.5,48.191994,16.303671,31|8|5|16|10,0.1111|0.1088|0.0964|0.0518|0.0451,
unit_005983,Vienna,7,7,152.7,1,2.9825,0.0,0.0,0.5,48.187171,16.459823,1|30|5|19|9,0.0900|0.0781|0.0667|0.0611|0.0534,
unit_005984,Vienna,8,8,176.0,12,2.9291,0.0,0.0,0.5,48.136436,16.364243,12|5|2|9|27,0.0875|0.0865|0.0682|0.0544|0.0493,
unit_005986,Vienna,13,14,270.3,9,2.9876,0.0,0.06859,0.5171,48.254569,16.473948,9|12|5|1|19,0.1277|0.0962|0.0954|0.0820|0.0613,
unit_005987,Vienna,6,6,126.7,9,3.0596,0.0,0.05574,0.5139,48.192518,16.416045,9|5|3|26|18,0.1085|0.0985|0.0606|0.0605|0.0600,
unit_005988,Vienna,8,8,181.1,9,3.0385,0.0,0.0,0.5,48.128554,16.552006,9|5|26|18|17,0.1179|0.1109|0.0874|0.0777|0.0700,
unit_005989,Vienna,5,10,100.3,5,2.9967,0.0,0.0,0.5,48.129633,16.55038,5|9|4|19|26,0.1270|0.1257|0.0715|0.0693|0.0662,
unit_005991,Vienna,11,16,250.8,9,2.9882,3e-05,0.0,0.5,48.129069,16.555545,9|5|26|4|27,0.1254|0.0948|0.0946|0.0758|0.0751,
unit_005992,Vienna,7,14,150.5,5,3.0253,0.0,0.0,0.5,48.148764,16.495315,5|19|30|17|8,0.1309|0.0948|0.0887|0.0702|0.0629,
unit_005993,Vienna,14,15,326.0,9,3.0362,3e-05,0.0,0.5,48.147587,16.499089,9|26|27|5|6,0.1322|0.0717|0.0693|0.0678|0.0602,
unit_005994,Vienna,6,6,125.4,19,3.0266,0.0,0.0,0.5,48.146389,16.503211,19|7|5|30|3,0.0927|0.0731|0.0597|0.0576|0.0524,
unit_005995,Vienna,15,16,351.1,9,3.0418,3e-05,0.0,0.5,48.144967,16.508794,9|26|6|5|17,0.1086|0.0756|0.0743|0.0659|0.0632,
unit_005996,Vienna,7,7,150.5,19,2.9324,0.0,0.38187,0.5943,48.14299,16.515977,19|5|30|15|8,0.0908|0.0681|0.0527|0.0432|0.0430,
unit_005997,Vienna,15,24,351.1,9,3.0205,2e-05,0.38187,0.5943,48.14208,16.518289,9|24|26|5|6,0.1397|0.0708|0.0699|0.0658|0.0604,
unit_005998,Vienna,15,16,351.1,9,3.0888,8e-05,0.0,0.5,48.137107,16.526867,9|5|18|19|4,0.1309|0.0890|0.0727|0.0648|0.0626,
unit_005999,Vienna,5,5,100.3,19,2.9475,0.0,0.0,0.5,48.135595,16.529383,19|18|30|5|15,0.1069|0.0973|0.0944|0.0931|0.0906,
unit_006000,Vienna,7,7,150.5,9,2.8316,0.0,0.04097,0.5102,48.133196,16.535228,9|6|17|5|26,0.1445|0.0956|0.0880|0.0875|0.0805,
unit_006001,Vienna,8,9,175.5,9,2.9493,0.0,0.04097,0.5102,48.132662,16.536836,9|26|5|17|18,0.1146|0.1100|0.1094|0.0834|0.0693,
unit_006002,Vienna,8,8,175.5,5,2.9998,0.0,0.0,0.5,48.130568,16.544924,5|26|18|9|4,0.1133|0.0969|0.0943|0.0850|0.0814,
unit_006004,Vienna,8,10,178.5,19,3.0707,0.0,0.0,0.5,48.184493,16.397173,19|9|10|7|17,0.1013|0.0991|0.0848|0.0653|0.0617,
unit_006007,Vienna,18,18,304.2,31,2.834,0.0,0.04301,0.5108,48.235932,16.380689,31|1|12|10|30,0.1317|0.0749|0.0699|0.0643|0.0607,
unit_006012,Vienna,8,8,176.7,17,2.7997,0.0,0.0,0.5,48.24093,16.274675,17|30|15|5|19,0.1226|0.0885|0.0800|0.0761|0.0752,
unit_006013,Vienna,8,8,176.7,15,2.8804,0.0,0.0,0.5,48.245132,16.266084,15|5|30|17|19,0.0988|0.0954|0.0904|0.0855|0.0705,
unit_006014,Vienna,8,8,184.6,12,2.8755,0.0,0.0,0.5,48.062091,16.33746,12|5|27|2|3,0.0650|0.0611|0.0585|0.0535|0.0473,
unit_006015,Vienna,8,8,175.9,5,3.0505,0.0,0.0,0.5,48.077124,16.320736,5|19|18|3|1,0.1284|0.0773|0.0765|0.0751|0.0702,
unit_006016,Vienna,8,8,175.5,5,2.7685,0.0,0.0,0.5,48.083984,16.514376,5|19|30|18|8,0.1103|0.0712|0.0590|0.0441|0.0423,
unit_006017,Vienna,8,8,175.5,5,2.687,0.0,0.0,0.5,48.083733,16.504555,5|19|30|4|26,0.1025|0.0673|0.0546|0.0510|0.0413,
unit_006018,Vienna,8,8,175.5,5,2.728,0.0,0.0,0.5,48.082983,16.494941,5|19|30|4|26,0.0833|0.0682|0.0598|0.0387|0.0287,
unit_006019,Vienna,8,8,175.5,5,2.7669,0.0,0.0,0.5,48.08354,16.48494,5|19|30|26|4,0.1110|0.0881|0.0543|0.0419|0.0404,
unit_006020,Vienna,8,8,175.5,5,2.7067,0.0,0.0,0.5,48.083954,16.475021,5|19|30|4|15,0.1032|0.0873|0.0738|0.0514|0.0450,
unit_006021,Vienna,8,8,175.5,5,2.5963,0.0,0.0,0.5,48.083625,16.465113,5|19|4|30|26,0.0989|0.0689|0.0560|0.0531|0.0426,
unit_006022,Vienna,7,7,152.0,5,2.8279,0.0,0.0,0.5,48.090252,16.451231,5|19|30|4|9,0.1110|0.0789|0.0672|0.0585|0.0579,
unit_006023,Vienna,8,8,175.5,5,2.5903,0.0,0.0,0.5,48.088508,16.39235,5|19|12|30|9,0.1082|0.0807|0.0600|0.0572|0.0529,
unit_006024,Vienna,9,16,201.3,5,2.8756,1e-05,0.0,0.5,48.133805,16.52509,5|19|30|4|9,0.1163|0.0759|0.0678|0.0493|0.0487,
unit_006025,Vienna,8,16,176.1,5,2.9948,0.0,0.0,0.5,48.134878,16.51506,5|19|30|26|4,0.1065|0.0950|0.0536|0.0531|0.0531,
unit_006027,Vienna,8,8,177.4,5,2.9311,0.0,0.0,0.5,48.26023,16.31973,5|19|30|15|17,0.1052|0.0998|0.0982|0.0482|0.0482,
unit_006028,Vienna,8,8,180.8,5,3.0588,0.0,0.0,0.5,48.180489,16.443914,5|1|3|19|12,0.0803|0.0793|0.0728|0.0699|0.0557,
unit_006029,Vienna,8,8,182.6,1,2.9047,0.0,0.0,0.5,48.22387,16.390496,1|31|28|30|8,0.1068|0.0703|0.0689|0.0626|0.0496,
unit_006030,Vienna,7,7,159.0,1,2.9047,0.0,0.0,0.5,48.223735,16.390556,1|31|28|30|8,0.1068|0.0703|0.0689|0.0626|0.0496,
unit_006031,Vienna,7,7,156.4,5,2.9454,0.0,0.0,0.5,48.231071,16.463135,5|8|31|16|1,0.1146|0.0978|0.0661|0.0609|0.0595,
unit_006032,Vienna,9,9,171.1,5,2.9292,0.0,0.0,0.5,48.156015,16.361502,5|8|31|7|16,0.1270|0.1123|0.0827|0.0625|0.0549,
unit_006034,Vienna,8,8,185.5,5,2.9496,0.0,0.0,0.5,48.226219,16.506121,5|8|1|31|10,0.1034|0.0796|0.0712|0.0697|0.0658,
unit_006036,Vienna,8,8,178.4,5,3.0315,0.0,0.0,0.5,48.134619,16.345542,5|30|15|19|7,0.1198|0.0796|0.0726|0.0703|0.0663,
unit_006038,Vienna,6,6,140.7,5,2.957,0.0,0.0,0.5,48.119744,16.263013,5|18|16|31|11,0.1075|0.0778|0.0645|0.0608|0.0586,
unit_006039,Vienna,8,14,178.4,31,2.9784,1e-05,0.0,0.5,48.215553,16.386074,31|5|11|10|12,0.1338|0.0620|0.0613|0.0589|0.0520,
unit_006042,Vienna,8,8,114.4,17,3.1238,0.0,0.0,0.5,48.165425,16.38596,17|9|12|6|5,0.1132|0.1119|0.0740|0.0715|0.0581,
unit_006043,Vienna,7,7,157.2,5,3.0616,0.0,0.09145,0.5228,48.187003,16.397448,5|12|31|8|1,0.1016|0.0841|0.0822|0.0687|0.0645,
unit_006044,Vienna,8,8,175.9,7,2.8182,0.0,0.0,0.5,48.097814,16.262552,7|5|12|16|31,0.1285|0.0956|0.0925|0.0594|0.0558,
unit_006045,Vienna,8,8,176.6,5,2.983,0.0,0.0,0.5,48.173386,16.497959,5|19|30|17|1,0.0876|0.0744|0.0685|0.0533|0.0459,
unit_006046,Vienna,8,15,176.6,19,3.0073,0.0,0.0,0.5,48.168227,16.506259,19|5|30|1|3,0.1119|0.1060|0.0800|0.0445|0.0428,
unit_006047,Vienna,8,8,177.6,1,2.8936,0.0,0.24445,0.5608,48.272075,16.390385,1|12|2|31|5,0.1041|0.0851|0.0784|0.0748|0.0714,
unit_006048,Vienna,3,6,51.0,9,3.141,4e-05,0.0,0.5,48.230592,16.413131,9|17|1|6|5,0.1269|0.0893|0.0718|0.0713|0.0680,
unit_006049,Vienna,5,9,101.9,24,2.6817,0.0,0.0,0.5,48.228041,16.416381,24|17|9|6|5,0.1668|0.1186|0.0792|0.0640|0.0406,
unit_006051,Vienna,7,8,151.9,31,2.8861,1e-05,0.03286,0.5082,48.236092,16.36841,31|8|30|1|5,0.1067|0.0839|0.0715|0.0650|0.0612,
unit_006052,Vienna,7,8,161.9,31,2.8944,1e-05,0.08257,0.5206,48.236734,16.371343,31|1|30|5|12,0.1087|0.0883|0.0753|0.0598|0.0566,
unit_006053,Vienna,7,8,159.5,31,2.8861,1e-05,0.03641,0.5091,48.236016,16.368462,31|8|30|1|5,0.1066|0.0839|0.0715|0.0650|0.0613,
unit_006054,Vienna,6,6,139.3,31,2.9455,0.0,0.13538,0.5338,48.228415,16.359703,31|12|1|10|30,0.1176|0.0832|0.0735|0.0610|0.0549,
unit_006055,Vienna,6,6,134.3,7,2.9286,0.0,0.0,0.5,48.095408,16.262298,7|19|5|8|28,0.1018|0.0835|0.0764|0.0570|0.0494,
unit_006056,Vienna,7,7,153.6,9,2.9856,0.0,0.0,0.5,48.192826,16.418998,9|12|3|5|28,0.1662|0.0823|0.0731|0.0673|0.0525,
unit_006057,Vienna,3,3,51.2,9,2.9331,0.0,0.0,0.5,48.194613,16.419287,9|26|27|5|28,0.1066|0.1032|0.0872|0.0704|0.0688,
unit_006058,Vienna,6,6,129.4,9,3.0596,0.0,0.04786,0.512,48.192468,16.416024,9|5|3|26|18,0.1085|0.0985|0.0606|0.0605|0.0600,
unit_006059,Vienna,8,8,188.6,31,2.6569,0.0,0.0,0.5,48.215194,16.349134,31|30|1|28|4,0.1399|0.0803|0.0647|0.0569|0.0436,
unit_006061,Vienna,8,8,179.2,7,2.8254,0.0,0.0,0.5,48.291227,16.445312,7|5|12|19|8,0.1595|0.0671|0.0641|0.0530|0.0508,
unit_006063,Vienna,7,7,152.9,5,2.8732,0.0,0.0,0.5,48.103121,16.40339,5|16|7|19|8,0.0846|0.0808|0.0780|0.0620|0.0596,
unit_006067,Vienna,12,12,182.9,7,2.8709,0.0,0.0,0.5,48.117866,16.396392,7|12|3|5|19,0.0824|0.0780|0.0659|0.0648|0.0599,
unit_006068,Vienna,7,7,152.7,5,3.0411,0.0,0.04036,0.5101,48.188555,16.397467,5|31|10|8|19,0.1161|0.0838|0.0801|0.0766|0.0609,
unit_006070,Vienna,8,8,181.1,1,2.9942,0.0,0.0,0.5,48.171734,16.324741,1|30|28|31|26,0.1038|0.1036|0.0791|0.0689|0.0609,
unit_006071,Vienna,8,8,181.1,1,3.0214,0.0,0.0,0.5,48.170001,16.321456,1|30|6|9|2,0.0934|0.0664|0.0642|0.0518|0.0515,
unit_006073,Vienna,7,7,153.6,5,3.0616,0.0,0.07319,0.5183,48.186794,16.397626,5|12|31|8|1,0.1016|0.0841|0.0822|0.0687|0.0645,
unit_006075,Vienna,4,4,75.3,26,2.891,0.0,0.0,0.5,48.127814,16.371035,26|5|9|28|17,0.1125|0.1077|0.0904|0.0830|0.0793,
unit_006078,Vienna,8,8,177.9,5,2.9031,0.0,0.0,0.5,48.224055,16.504642,5|8|1|10|31,0.0969|0.0855|0.0814|0.0722|0.0700,
unit_006079,Vienna,8,8,175.3,5,2.9162,0.0,0.0,0.5,48.277177,16.319941,5|15|30|18|19,0.1189|0.0971|0.0828|0.0816|0.0770,
unit_006080,Vienna,9,9,200.3,5,2.9568,0.0,0.0,0.5,48.271658,16.327012,5|15|30|18|19,0.1007|0.0986|0.0915|0.0882|0.0817,
unit_006081,Vienna,13,13,267.6,3,3.042,0.0,0.0,0.5,48.229447,16.508175,3|5|11|1|16,0.0880|0.0726|0.0560|0.0558|0.0531,
unit_006082,Vienna,13,13,236.5,10,2.9981,0.0,0.0,0.5,48.230538,16.509625,10|8|5|1|3,0.0794|0.0755|0.0747|0.0667|0.0586,
unit_006084,Vienna,8,8,178.1,19,2.9726,0.0,0.0,0.5,48.166574,16.466397,19|16|5|27|3,0.0625|0.0387|0.0371|0.0304|0.0301,
unit_006085,Vienna,6,6,138.4,5,2.9876,0.0,0.12819,0.532,48.215595,16.510655,5|12|7|31|3,0.1255|0.0876|0.0858|0.0604|0.0552,
unit_006086,Vienna,6,6,130.4,5,2.9665,0.0,0.06347,0.5159,48.216407,16.499107,5|8|31|27|30,0.1251|0.1052|0.0783|0.0679|0.0549,
unit_006089,Vienna,7,7,152.8,10,3.1001,0.0,0.0448,0.5112,48.180561,16.35744,10|5|27|3|19,0.0801|0.0676|0.0671|0.0643|0.0634,
unit_006091,Vienna,8,8,185.9,5,2.9804,0.0,0.0,0.5,48.136977,16.314882,5|8|1|18|3,0.1289|0.0827|0.0799|0.0673|0.0639,
unit_006092,Vienna,8,8,186.3,5,2.9804,0.0,0.0,0.5,48.136881,16.314896,5|8|1|18|3,0.1289|0.0827|0.0799|0.0673|0.0639,
unit_006093,Vienna,4,4,76.9,9,2.9883,0.0,0.15212,0.538,48.120262,16.324571,9|5|12|3|30,0.1495|0.1020|0.0889|0.0780|0.0489,
unit_006094,Vienna,8,8,183.6,7,2.9052,0.0,0.0,0.5,48.259828,16.347433,7|5|8|30|15,0.0962|0.0958|0.0650|0.0606|0.0594,
unit_006098,Vienna,4,4,75.3,24,2.6409,0.0,0.0,0.5,48.232694,16.410765,24|17|9|6|26,0.1571|0.1172|0.1051|0.0607|0.0376,
unit_006099,Vienna,8,8,176.2,5,2.9403,0.0,0.18777,0.5468,48.253143,16.416393,5|31|12|1|10,0.1069|0.0871|0.0856|0.0747|0.0730,
unit_006100,Vienna,8,16,176.2,1,2.9886,0.0,0.18777,0.5468,48.253129,16.418207,1|8|31|30|5,0.1016|0.0777|0.0774|0.0659|0.0645,
unit_006101,Vienna,8,15,179.0,1,2.9324,0.0,0.0,0.5,48.252395,16.42579,1|5|31|30|25,0.1369|0.0806|0.0632|0.0605|0.0497,
unit_006102,Vienna,7,7,154.1,5,2.9951,0.0,0.03265,0.5082,48.078361,16.333783,5|26|27|19|18,0.1028|0.0886|0.0749|0.0646|0.0619,
unit_006103,Vienna,13,14,279.3,26,2.9714,4e-05,0.0,0.5,48.126802,16.393981,26|17|9|5|28,0.1126|0.0955|0.0893|0.0893|0.0868,
unit_006104,Vienna,19,19,395.8,5,2.9004,0.0,0.0,0.5,48.082599,16.34039,5|7|19|16|3,0.1265|0.0748|0.0686|0.0626|0.0610,
unit_006105,Vienna,7,7,156.1,5,2.9998,0.0,0.0,0.5,48.287883,16.434374,5|8|1|19|3,0.1303|0.0914|0.0721|0.0573|0.0567,
unit_006106,Vienna,10,21,229.7,1,3.1162,0.00017,0.0477,0.5119,48.175536,16.394682,1|31|5|30|8,0.1093|0.0817|0.0657|0.0609|0.0592,
unit_006107,Vienna,6,8,127.6,8,3.0588,3e-05,0.0477,0.5119,48.175723,16.392857,8|31|5|10|1,0.0947|0.0936|0.0683|0.0612|0.0566,
unit_006109,Vienna,8,8,175.3,5,2.8085,0.0,0.0,0.5,48.077931,16.374181,5|19|30|18|15,0.1155|0.0847|0.0738|0.0440|0.0399,
unit_006110,Vienna,10,17,180.8,5,2.8493,1e-05,0.0,0.5,48.295629,16.377272,5|12|19|15|18,0.1371|0.0921|0.0828|0.0828|0.0801,
unit_006111,Vienna,4,4,81.8,9,3.0388,0.0,0.0,0.5,48.128396,16.328104,9|12|19|3|4,0.1690|0.0760|0.0714|0.0664|0.0652,
unit_006112,Vienna,6,6,134.2,8,3.0508,0.0,0.0,0.5,48.152561,16.303176,8|5|10|31|16,0.0959|0.0889|0.0673|0.0632|0.0563,
unit_006113,Vienna,3,3,57.6,5,2.9251,0.0,0.0,0.5,48.048226,16.314,5|7|16|18|31,0.1275|0.0904|0.0714|0.0704|0.0599,
unit_006114,Vienna,8,8,181.1,5,2.9786,0.0,0.0,0.5,48.13251,16.351637,5|19|30|18|27,0.1250|0.0890|0.0845|0.0766|0.0696,
unit_006115,Vienna,7,7,154.4,19,2.8375,0.0,0.0,0.5,48.105045,16.429233,19|7|5|8|16,0.0783|0.0653|0.0626|0.0536|0.0518,
unit_006116,Vienna,14,24,329.0,9,3.0569,0.00011,0.0,0.5,48.26279,16.367473,9|12|1|5|15,0.1448|0.0748|0.0658|0.0517|0.0478,
unit_006117,Vienna,7,7,151.9,31,2.9061,0.0,0.0,0.5,48.258531,16.368701,31|12|7|17|5,0.1058|0.0889|0.0678|0.0647|0.0575,
unit_006118,Vienna,7,7,151.9,19,3.0358,0.0,0.0,0.5,48.256107,16.369343,19|17|12|7|31,0.0809|0.0806|0.0681|0.0678|0.0562,
unit_006119,Vienna,6,6,130.3,24,2.7562,0.0,0.0,0.5,48.082131,16.377674,24|17|6|9|26,0.1121|0.0898|0.0758|0.0694|0.0563,
unit_006120,Vienna,4,6,77.6,5,2.8542,7e-05,0.03378,0.5084,48.049457,16.302075,5|7|19|30|18,0.0942|0.0762|0.0705|0.0508|0.0469,
unit_006123,Vienna,8,16,177.9,5,3.0791,0.0,0.0,0.5,48.161419,16.299112,5|27|7|18|8,0.0930|0.0769|0.0733|0.0711|0.0705,
unit_006124,Vienna,8,8,177.9,7,2.9411,0.0,0.0,0.5,48.215394,16.487392,7|8|5|31|10,0.1459|0.0966|0.0846|0.0642|0.0506,
unit_006125,Vienna,8,8,179.0,5,2.9537,0.0,0.0,0.5,48.132572,16.357086,5|12|19|9|3,0.1165|0.0934|0.0863|0.0622|0.0565,
unit_006127,Vienna,9,15,211.0,1,3.0382,1e-05,0.37951,0.5938,48.148494,16.344548,1|5|31|8|3,0.1236|0.1192|0.0622|0.0614|0.0596,
unit_006132,Vienna,4,4,81.9,5,3.0616,0.0,0.0,0.5,48.18744,16.397257,5|12|31|8|1,0.1016|0.0841|0.0822|0.0687|0.0645,
unit_006134,Vienna,8,8,179.3,7,2.8571,0.0,0.0,0.5,48.196922,16.47343,7|5|16|8|12,0.1395|0.0940|0.0741|0.0631|0.0607,
unit_006136,Vienna,6,6,129.2,5,2.9665,0.0,0.10161,0.5254,48.216315,16.499082,5|8|31|27|30,0.1251|0.1052|0.0783|0.0679|0.0549,
unit_006137,Vienna,7,7,152.1,5,2.9798,0.0,0.0,0.5,48.20503,16.402026,5|31|11|1|2,0.0953|0.0759|0.0751|0.0599|0.0550,
unit_006138,Vienna,4,4,80.6,5,2.7864,0.0,0.0,0.5,48.048961,16.301544,5|19|30|7|18,0.0849|0.0631|0.0506|0.0442|0.0382,
