source,target,weight_E,weight_D,weight_P,weight_fused,view_support
0,2,0.9704014,0.0,0.0,0.32346714,1
0,7,0.9815171,0.0,0.0,0.32717237,1
0,16,0.0,0.0,0.7256286,0.24187621,1
0,18,0.0,0.974139,0.0,0.324713,1
0,22,0.0,1.0241774,0.0,0.3413925,1
0,24,0.0,0.0,1.1687853,0.38959512,1
0,33,0.0,0.0,0.8090668,0.26968893,1
0,39,0.0,0.0,0.5821362,0.19404541,1
0,45,1.0661271,0.0,0.0,0.3553757,1
0,50,0.0,0.96409786,0.0,0.32136595,1
0,60,0.0,1.0854399,0.0,0.3618133,1
0,63,0.0,0.0,0.80256826,0.26752275,1
0,65,1.0700402,0.0,0.0,0.3566801,1
0,68,0.9941388,0.0,0.0,0.3313796,1
0,70,0.0,1.0773698,0.0,0.3591233,1
0,72,0.98547965,0.0,0.7715361,0.58567196,2
0,74,0.0,0.99705034,0.8323825,0.60981095,2
0,76,0.9773274,0.0,0.0,0.3257758,1
0,78,0.0,1.0353528,0.0,0.34511763,1
0,82,0.0,0.0,1.6302441,0.5434147,1
0,88,0.0,0.9524087,0.0,0.31746957,1
0,90,0.0,0.95508224,0.0,0.31836075,1
0,91,0.0,0.0,0.66795784,0.22265261,1
0,93,0.0,0.0,1.477594,0.49253136,1
0,101,0.0,1.0571458,0.0,0.35238194,1
0,110,0.9798872,0.0,0.0,0.32662907,1
0,111,1.013318,0.0,0.0,0.33777267,1
0,117,0.0,0.0,0.5814997,0.19383323,1
0,125,1.0963753,0.0,0.7375419,0.6113058,2
0,128,0.9589885,0.0,0.0,0.31966284,1
0,134,0.0,0.9808177,0.0,0.32693923,1
0,152,0.9771164,0.0,0.0,0.32570547,1
0,153,0.0,0.9460284,0.0,0.3153428,1
0,154,0.0,0.0,1.2205832,0.40686107,1
0,158,0.0,0.0,0.9084457,0.30281526,1
0,162,0.0,0.94624543,0.0,0.31541514,1
0,165,0.97900784,0.0,0.0,0.32633597,1
0,168,0.0,0.0,0.82081425,0.27360475,1
0,170,0.0,0.0,0.62879646,0.20959882,1
0,171,1.0614103,0.0,0.0,0.35380346,1
0,174,0.98329383,0.0,0.0,0.32776463,1
0,175,0.96833426,0.0,0.0,0.3227781,1
0,179,0.0,0.0,1.0654107,0.35513693,1
0,200,0.0,0.0,0.7503091,0.25010306,1
0,202,1.0044419,0.0,0.0,0.33481395,1
0,204,0.9958336,0.0,0.0,0.33194453,1
0,209,0.9941195,0.0,0.0,0.33137318,1
0,215,0.0,0.9468542,0.0,0.31561807,1
0,217,0.0,0.0,1.0731164,0.35770547,1
0,218,0.0,0.9855306,0.9865812,0.6573706,2
0,223,0.0,0.0,1.6800045,0.5600015,1
0,224,0.0,0.9908051,0.0,0.33026838,1
0,235,0.0,0.0,0.87303346,0.29101115,1
0,251,0.0,0.0,0.7653433,0.25511444,1
0,252,0.0,0.0,0.89947325,0.29982442,1
0,259,0.0,0.0,0.65727687,0.2190923,1
0,260,0.0,0.0,0.8981873,0.29939577,1
0,261,0.0,0.0,1.1811188,0.3937063,1
0,266,0.0,0.0,0.80392957,0.26797652,1
0,267,1.0396935,0.0,0.0,0.3465645,1
0,271,0.0,1.1931477,0.0,0.3977159,1
0,274,1.0228312,0.0,0.0,0.34094375,1
0,275,0.0,0.9679327,0.0,0.32264423,1
0,283,1.0070549,0.9717843,0.0,0.65961313,2
0,285,0.0,0.0,0.85019547,0.2833985,1
0,286,0.0,1.0104238,0.0,0.33680794,1
0,292,0.0,0.0,0.97437125,0.32479042,1
0,293,1.0030106,0.0,0.0,0.33433688,1
0,299,0.0,0.0,1.3403583,0.4467861,1
0,314,0.0,0.0,1.4359779,0.47865933,1
0,321,0.0,0.0,1.088619,0.36287302,1
0,323,0.0,0.0,0.6344684,0.21148947,1
0,326,1.0142943,0.0,0.8282826,0.6141923,2
0,327,0.0,1.0254276,0.0,0.3418092,1
0,329,0.9645671,0.0,0.0,0.32152238,1
0,332,0.0,0.0,0.7014799,0.23382664,1
0,333,0.0,0.0,0.6774213,0.2258071,1
0,334,0.0,0.9978447,0.0,0.3326149,1
0,340,0.0,0.0,0.9274884,0.3091628,1
0,343,0.0,1.0018144,1.1307571,0.71085715,2
0,352,0.0,1.0435716,0.0,0.3478572,1
0,358,0.0,0.0,0.6774682,0.22582273,1
0,384,0.0,0.0,0.47077078,0.15692359,1
0,386,0.0,0.99552,0.0,0.33184,1
0,396,0.0,0.96556807,0.0,0.32185602,1
0,403,0.0,0.0,0.7163929,0.23879763,1
0,405,0.0,0.0,0.6225922,0.20753074,1
0,408,0.0,0.9600199,0.46970373,0.47657454,2
0,415,0.0,0.0,1.1596003,0.38653344,1
0,416,0.0,0.0,1.0044079,0.33480263,1
0,419,0.0,0.0,1.4582167,0.48607224,1
0,421,0.96381634,0.0,0.0,0.32127213,1
0,428,0.0,0.95456415,0.0,0.31818807,1
0,435,0.0,0.9878506,0.0,0.32928354,1
0,446,0.0,0.0,1.1486974,0.38289914,1
0,451,0.0,0.9883574,0.0,0.32945248,1
0,461,0.0,0.0,1.2491881,0.41639602,1
0,464,0.0,0.0,0.5930533,0.19768444,1
0,465,0.0,0.0,0.8703,0.2901,1
0,466,0.0,0.0,1.08206,0.36068666,1
0,468,1.0731272,0.0,0.0,0.35770905,1
0,470,0.0,1.055607,0.0,0.351869,1
0,471,0.0,0.0,0.7118879,0.23729597,1
0,474,0.96210074,1.1526527,0.0,0.70491785,2
0,484,1.0600544,0.0,0.0,0.35335147,1
0,488,0.9930942,0.0,0.0,0.3310314,1
0,491,0.0,0.0,0.95986027,0.31995344,1
0,494,0.0,0.0,1.1061349,0.36871165,1
0,497,0.0,0.0,0.74517864,0.24839288,1
0,510,0.0,0.0,1.5887377,0.5295793,1
1,8,0.0,1.1108427,0.0,0.37028092,1
1,21,0.0,0.9777836,1.4050462,0.7942766,2
1,24,0.0,0.9736624,0.0,0.32455415,1
1,28,0.0,1.0086154,0.0,0.33620512,1
1,33,0.0,0.0,1.2404131,0.41347104,1
1,35,0.0,0.9632521,0.0,0.32108405,1
1,40,1.0720354,1.0423785,0.0,0.70480466,2
1,55,0.0,1.0310308,0.0,0.34367692,1
1,58,0.96319014,0.0,0.0,0.3210634,1
1,60,0.0,1.1459599,0.0,0.38198662,1
1,63,0.0,1.0489961,0.0,0.34966537,1
1,65,0.0,0.0,0.9065835,0.3021945,1
1,69,0.0,0.0,1.4524927,0.48416424,1
1,77,0.0,0.9656772,0.9663585,0.6440119,2
1,80,0.0,0.9530324,0.0,0.31767747,1
1,83,0.0,1.0381942,0.0,0.34606475,1
1,86,0.0,0.0,1.0181835,0.3393945,1
1,89,1.0456505,0.0,1.0808662,0.70883894,2
1,94,1.0022913,0.0,1.2549784,0.7524233,2
1,97,0.0,0.0,0.6594258,0.21980861,1
1,111,0.96573514,0.0,0.0,0.32191172,1
1,112,0.0,0.9575988,0.0,0.31919962,1
1,118,0.0,0.0,0.8916244,0.29720813,1
1,119,0.0,0.0,0.8906745,0.2968915,1
1,122,0.96067,0.0,0.0,0.32022333,1
1,126,0.0,0.9561277,0.0,0.31870925,1
1,129,0.0,0.0,1.2285472,0.40951574,1
1,159,0.9949226,0.0,0.0,0.33164087,1
1,164,0.0,0.93284446,1.2470618,0.72663546,2
1,165,0.0,0.9732506,0.0,0.32441688,1
1,169,0.9728266,0.965713,0.0,0.6461799,2
1,170,0.0,0.0,0.84424716,0.28141573,1
1,177,0.96805066,0.0,0.0,0.32268357,1
1,179,0.9778722,0.0,0.0,0.32595742,1
1,181,0.0,0.95187956,0.0,0.3172932,1
1,184,0.99704677,0.0,0.0,0.33234894,1
1,185,0.0,1.0221016,0.0,0.34070057,1
1,187,0.9698597,0.0,0.0,0.3232866,1
1,189,0.0,0.0,1.1540097,0.3846699,1
1,196,1.0103102,0.0,0.0,0.33677006,1
1,207,0.0,0.97618026,0.0,0.32539344,1
1,225,1.0123857,0.93365,0.0,0.6486786,2
1,227,0.0,0.0,0.5554792,0.18515974,1
1,229,0.0,0.94938046,0.0,0.31646016,1
1,231,0.0,0.0,1.6426438,0.54754794,1
1,236,0.0,1.0083736,0.0,0.33612454,1
1,247,0.0,0.0,0.73871773,0.24623924,1
1,255,0.0,1.0181022,0.0,0.3393674,1
1,256,0.0,0.0,1.4839622,0.49465406,1
1,266,0.9979514,0.0,1.303179,0.7670435,2
1,273,0.0,0.0,0.8321304,0.2773768,1
1,279,0.9944312,0.0,0.0,0.33147708,1
1,283,0.95715636,0.0,0.0,0.31905213,1
1,285,0.0,0.0,0.9241189,0.30803964,1
1,287,0.99907017,0.0,0.0,0.3330234,1
1,289,0.0,0.0,0.8350694,0.2783565,1
1,291,0.0,0.0,1.1644173,0.3881391,1
1,301,1.0150456,0.0,0.0,0.33834857,1
1,304,0.0,0.0,0.8757007,0.29190025,1
1,309,0.0,1.0505588,0.0,0.3501863,1
1,313,0.0,0.0,1.5796492,0.52654976,1
1,314,0.9961608,0.0,0.0,0.3320536,1
1,319,0.0,0.0,0.7849328,0.26164427,1
1,321,0.0,0.9314307,0.0,0.3104769,1
1,336,0.9669136,0.0,0.0,0.32230455,1
1,343,0.0,0.9911993,0.0,0.33039978,1
1,345,0.0,0.95554495,0.7468153,0.56745344,2
1,357,0.0,1.1623381,0.75265765,0.63833195,2
1,359,0.9829917,0.0,0.0,0.3276639,1
1,363,1.0446666,0.0,0.0,0.34822223,1
1,372,0.0,0.0,0.82139635,0.2737988,1
1,373,0.96675545,0.0,0.0,0.32225183,1
1,374,0.0,0.0,1.0701379,0.35671264,1
1,375,1.0048352,0.0,0.0,0.33494508,1
1,382,0.0,0.0,0.9550999,0.31836665,1
1,383,0.0,0.0,0.84350735,0.28116912,1
1,395,0.96927536,0.0,0.0,0.3230918,1
1,404,0.9855995,0.0,0.0,0.32853317,1
1,413,1.0385873,0.0,0.0,0.3461958,1
1,434,0.0,1.0676882,0.0,0.3558961,1
1,435,0.9716174,0.0,0.0,0.32387248,1
1,439,0.0,0.0,1.3928655,0.46428853,1
1,460,0.0,0.9716324,0.0,0.32387748,1
1,470,0.0,0.0,1.6268271,0.5422757,1
1,471,0.0,0.0,1.2098294,0.4032765,1
1,472,0.97198635,0.0,0.0,0.32399547,1
1,477,0.0,0.9794454,1.4757364,0.81839395,2
1,489,0.0,0.9755175,0.0,0.3251725,1
1,492,1.0420772,0.0,0.0,0.34735906,1
1,505,0.0,1.0254366,0.0,0.34181222,1
1,508,0.0,0.0,1.3399224,0.44664082,1
1,510,1.013408,0.0,0.0,0.33780265,1
1,511,0.0,1.0231438,0.0,0.34104794,1
2,3,0.0,0.0,0.62970424,0.20990142,1
2,4,0.0,0.0,0.66292477,0.22097492,1
2,10,0.0,0.0,1.0983107,0.3661036,1
2,17,0.0,0.0,1.2079247,0.4026416,1
2,19,0.0,0.0,0.77140224,0.25713408,1
2,26,0.0,1.1082141,0.0,0.36940473,1
2,27,1.0255729,0.0,0.0,0.34185764,1
2,38,0.0,0.98628336,0.0,0.32876113,1
2,46,0.9944676,0.0,0.0,0.3314892,1
2,51,0.0,0.0,1.4274123,0.4758041,1
2,55,1.0058787,0.0,0.0,0.3352929,1
2,57,0.0,0.0,1.4355595,0.47851986,1
2,72,1.0530696,0.0,0.0,0.3510232,1
2,81,0.0,0.0,1.0205721,0.3401907,1
2,89,0.9982034,0.0,0.0,0.33273447,1
2,90,0.0,0.9999757,0.0,0.33332524,1
2,113,0.0,0.0,1.200751,0.40025032,1
2,118,0.9744772,0.0,0.0,0.32482573,1
2,120,0.97494406,0.0,0.0,0.32498136,1
2,124,0.0,0.95823085,0.0,0.3194103,1
2,127,0.0,0.0,0.6982275,0.23274252,1
2,128,0.0,0.9471073,0.0,0.31570244,1
2,132,0.0,0.0,0.9471584,0.3157195,1
2,133,0.0,0.9347026,0.0,0.31156754,1
2,135,0.0,0.0,0.7607646,0.2535882,1
2,136,0.0,0.0,1.2546844,0.41822815,1
2,138,0.0,0.0,1.3183426,0.43944752,1
2,140,0.0,0.0,0.7884339,0.2628113,1
2,149,0.0,0.0,0.942682,0.31422734,1
2,156,0.0,0.0,1.1229107,0.37430358,1
2,165,0.0,0.932204,0.0,0.3107347,1
2,180,0.9649759,0.0,0.7292557,0.5647439,2
2,185,0.99557936,0.0,1.3307133,0.7754309,2
2,186,0.97123593,0.0,0.0,0.3237453,1
2,190,0.0,0.0,0.83106524,0.27702177,1
2,193,0.0,0.0,0.9984231,0.33280772,1
2,194,1.1014831,0.0,0.0,0.36716104,1
2,195,0.99539673,0.0,0.0,0.3317989,1
2,197,0.0,0.0,0.7330323,0.2443441,1
2,199,0.0,0.0,0.9555222,0.3185074,1
2,202,0.9670827,0.0,0.0,0.3223609,1
2,209,1.0096531,0.0,0.0,0.33655104,1
2,220,0.0,1.0114963,0.0,0.33716545,1
2,238,0.0,1.1697963,0.0,0.38993213,1
2,240,0.0,0.0,1.3372078,0.44573593,1
2,241,0.0,0.947111,0.0,0.3157037,1
2,242,0.0,0.9553752,0.0,0.3184584,1
2,252,0.0,1.0044305,0.0,0.3348102,1
2,254,0.0,0.0,0.52483445,0.17494482,1
2,255,1.0376694,0.0,0.0,0.3458898,1
2,259,0.0,0.0,0.8601543,0.2867181,1
2,263,0.0,1.2582088,0.0,0.41940293,1
2,264,0.0,0.0,0.7761787,0.25872624,1
2,265,0.0,0.0,1.1087769,0.3695923,1
2,274,0.96616626,0.0,0.8046273,0.59026456,2
2,284,0.0,0.0,1.0137948,0.3379316,1
2,290,0.0,0.9545645,0.0,0.3181882,1
2,292,0.0,0.0,0.90429753,0.30143252,1
2,298,0.9859671,1.0449114,0.0,0.6769595,2
2,302,0.9788165,0.95975417,0.0,0.6461903,2
2,303,1.0726928,0.0,0.0,0.35756427,1
2,311,0.0,0.0,1.0330863,0.3443621,1
2,312,0.0,0.0,1.5699847,0.52332824,1
2,316,0.0,0.94822145,0.0,0.31607383,1
2,318,0.0,0.0,0.84288913,0.28096306,1
2,321,0.0,0.9648418,0.0,0.32161394,1
2,324,0.0,0.0,0.57576966,0.19192323,1
2,331,0.0,0.0,1.5146506,0.5048835,1
2,335,0.99727285,0.0,0.0,0.33242428,1
2,339,0.95984745,0.0,0.0,0.31994915,1
2,352,0.9477536,0.0,0.0,0.31591788,1
2,354,0.0,0.0,0.8577744,0.2859248,1
2,359,0.0,1.0923753,0.0,0.3641251,1
2,364,0.0,0.0,0.7680111,0.2560037,1
2,366,0.0,0.0,1.0013387,0.33377957,1
2,368,0.0,0.9247974,0.8968364,0.6072113,2
2,369,0.0,0.0,1.7482542,0.5827514,1
2,375,0.0,0.0,0.9806154,0.3268718,1
2,376,0.0,0.9518223,0.52954906,0.49379045,2
2,382,0.9692705,0.0,0.0,0.3230902,1
2,385,0.0,1.0077097,0.0,0.33590326,1
2,392,0.0,0.0,0.9150561,0.30501872,1
2,396,1.0433179,0.0,0.0,0.34777266,1
2,397,0.0,0.0,0.70307523,0.23435842,1
2,398,0.0,0.0,1.3199047,0.43996823,1
2,399,0.0,0.0,1.2734213,0.42447376,1
2,401,0.0,0.0,0.65769726,0.21923243,1
2,408,1.0062671,0.9509801,0.0,0.65241575,2
2,411,0.0,0.0,1.2547485,0.4182495,1
2,412,0.0,0.9641217,0.0,0.3213739,1
2,420,0.0,0.0,0.6215842,0.20719473,1
2,422,0.0,0.0,0.69207394,0.23069131,1
2,426,0.0,0.0,0.99252987,0.3308433,1
2,429,0.0,0.0,0.6885391,0.22951303,1
2,431,0.0,0.0,1.401225,0.467075,1
2,432,0.0,0.0,0.68242526,0.22747509,1
2,434,0.0,0.0,1.1536072,0.38453576,1
2,437,0.0,0.0,0.79401094,0.2646703,1
2,443,0.0,0.0,0.679945,0.22664833,1
2,447,0.0,0.95099247,0.0,0.3169975,1
2,449,0.9887901,0.0,1.7636732,0.9174878,2
2,452,0.0,0.0,0.9461469,0.3153823,1
2,457,0.0,0.0,0.7865748,0.2621916,1
2,460,0.0,0.95704484,0.0,0.31901497,1
2,462,0.0,0.9369825,0.0,0.3123275,1
2,466,0.9748962,0.0,0.0,0.32496542,1
2,468,0.0,0.9865617,0.0,0.3288539,1
2,475,0.0,0.93330735,0.0,0.31110245,1
2,482,0.0,0.0,0.8707372,0.29024574,1
2,485,0.0,1.0933504,0.0,0.36445016,1
2,487,0.981092,0.0,0.0,0.32703066,1
2,488,0.99716437,0.0,0.0,0.33238813,1
2,496,1.105446,0.0,1.3975741,0.83434004,2
2,497,0.9732017,0.0,0.0,0.32440057,1
2,500,0.0,0.0,0.7838859,0.26129532,1
3,9,0.9809105,0.0,0.0,0.32697016,1
3,15,0.9693911,0.0,0.0,0.32313037,1
3,24,1.0457743,0.0,0.0,0.34859145,1
3,29,0.0,1.0357293,0.0,0.3452431,1
3,30,0.9967481,0.0,0.0,0.33224937,1
3,32,0.0,0.0,0.84978336,0.28326112,1
3,36,0.970782,0.0,0.0,0.323594,1
3,61,0.9668647,0.0,0.0,0.32228824,1
3,64,0.0,0.94470894,0.0,0.314903,1
3,67,0.0,1.0477672,0.0,0.34925574,1
3,79,0.99598163,0.0,0.0,0.33199388,1
3,84,1.0040607,0.0,0.0,0.33468693,1
3,99,1.0136393,0.0,0.0,0.33787978,1
3,105,0.0,1.0246515,0.0,0.34155053,1
3,106,1.0301527,0.0,0.0,0.34338424,1
3,109,1.0061285,0.0,0.0,0.3353762,1
3,113,0.988314,0.0,0.0,0.329438,1
3,114,0.0,0.9587232,0.0,0.31957442,1
3,116,0.0,0.94039786,0.0,0.31346595,1
3,123,0.0,0.0,0.992429,0.33080968,1
3,127,0.0,0.97879726,0.0,0.32626575,1
3,128,0.0,0.9963948,0.0,0.33213162,1
3,133,0.9989214,0.0,0.0,0.3329738,1
3,136,0.0,0.9460455,0.0,0.3153485,1
3,138,0.0,0.0,0.7602564,0.2534188,1
3,144,1.0519875,1.0062555,0.0,0.68608105,2
3,147,0.98510283,0.0,0.0,0.32836762,1
3,152,0.0,1.0180757,0.0,0.33935857,1
3,155,0.0,0.0,0.8643718,0.28812394,1
3,166,0.98324656,0.0,0.0,0.32774886,1
3,174,0.0,0.975959,0.0,0.32531968,1
3,184,0.0,0.9486369,0.0,0.3162123,1
3,189,0.98462707,0.0,0.0,0.32820904,1
3,193,1.0088022,0.0,0.0,0.3362674,1
3,199,0.0,0.0,1.2424374,0.4141458,1
3,201,0.0,0.0,0.83310586,0.27770197,1
3,209,0.0,0.0,1.2431575,0.41438586,1
3,220,0.0,0.952739,0.0,0.3175797,1
3,225,0.0,0.0,0.8792609,0.29308698,1
3,227,0.0,0.9464934,0.0,0.31549782,1
3,233,0.98742044,0.0,0.75247127,0.5799639,2
3,245,0.0,0.0,1.9344202,0.64480674,1
3,260,0.0,1.2485669,0.0,0.41618896,1
3,262,0.9878102,0.0,0.98195326,0.65658784,2
3,264,0.0,1.0590875,0.0,0.3530292,1
3,275,1.0175666,0.0,0.0,0.33918887,1
3,284,0.0,0.0,1.3471084,0.44903612,1
3,285,1.0059532,0.0,0.0,0.33531773,1
3,289,0.0,0.9733003,0.0,0.32443345,1
3,292,0.0,0.0,0.7284245,0.24280816,1
3,297,0.0,0.0,0.8603619,0.2867873,1
3,298,0.99822867,0.0,0.0,0.3327429,1
3,301,0.0,0.0,1.0672153,0.35573846,1
3,310,0.0,0.0,0.8358491,0.27861637,1
3,311,0.0,0.0,1.0379388,0.34597963,1
3,330,0.0,0.0,0.6104391,0.2034797,1
3,342,0.0,0.0,0.80910224,0.26970077,1
3,349,0.0,0.0,0.9397496,0.3132499,1
3,354,1.0069518,0.0,0.0,0.33565062,1
3,356,0.9942655,0.0,1.1783177,0.7241944,2
3,360,0.0,0.0,1.2548791,0.41829306,1
3,373,0.9735731,0.0,0.0,0.32452437,1
3,381,0.0,0.9381866,0.0,0.31272888,1
3,382,0.0,0.96843195,0.0,0.32281065,1
3,383,0.0,1.0186952,0.0,0.3395651,1
3,387,0.99243516,0.0,0.0,0.33081174,1
3,390,0.0,0.97061133,1.3156142,0.7620752,2
3,391,0.0,1.116743,0.0,0.37224767,1
3,394,0.0,0.96606344,0.0,0.32202116,1
3,396,0.0,0.0,1.6197128,0.5399043,1
3,400,1.0030582,0.0,0.0,0.33435273,1
3,401,0.0,0.0,1.1165624,0.37218747,1
3,411,0.0,0.0,0.9494372,0.3164791,1
3,413,0.0,1.0068547,0.0,0.33561823,1
3,431,0.0,0.0,0.9155862,0.3051954,1
3,434,0.0,0.0,1.0371425,0.34571418,1
3,440,0.0,0.0,0.72097284,0.24032429,1
3,441,0.0,1.0300784,0.0,0.34335947,1
3,449,0.0,0.0,0.7082257,0.23607525,1
3,451,0.0,0.0,0.6818664,0.22728881,1
3,452,0.0,0.0,0.75174695,0.25058234,1
3,456,0.0,0.944595,1.5768721,0.84048903,2
3,457,0.0,0.98947924,0.0,0.3298264,1
3,463,0.0,0.0,0.7174296,0.2391432,1
3,465,0.0,0.9887153,0.0,0.32957178,1
3,471,0.9902045,0.0,0.0,0.33006817,1
3,485,0.0,1.0004259,0.0,0.33347532,1
3,496,0.9642769,0.0,0.0,0.32142565,1
3,500,0.97067046,0.0,0.0,0.32355684,1
3,503,0.0,1.0530777,0.0,0.3510259,1
3,505,0.9990853,0.0,0.0,0.33302844,1
3,506,0.0,0.95010024,0.0,0.3167001,1
3,510,0.0,0.96649617,0.0,0.3221654,1
4,5,0.0,0.0,1.3478997,0.4492999,1
4,8,0.0,0.0,0.8220281,0.27400938,1
4,11,0.0,0.0,1.0873146,0.3624382,1
4,12,0.0,0.0,1.162069,0.38735634,1
4,31,1.0312846,0.0,0.0,0.34376153,1
4,40,0.9663469,0.9413041,0.0,0.6358837,2
4,52,0.9688368,0.0,0.0,0.3229456,1
4,54,0.9736937,0.0,0.0,0.32456458,1
4,63,0.0,1.0619359,0.0,0.35397863,1
4,64,0.0,0.0,0.7590836,0.2530279,1
4,65,0.98435545,0.0,0.0,0.3281185,1
4,68,0.0,0.9463599,0.0,0.3154533,1
4,70,0.9689822,1.0905311,0.0,0.6865045,2
4,73,1.016725,0.0,0.0,0.3389083,1
4,78,1.0794863,0.0,0.0,0.35982877,1
4,81,0.0,0.0,1.0247532,0.3415844,1
4,83,0.9905134,0.0,0.0,0.33017114,1
4,88,0.0,0.9764589,0.0,0.3254863,1
4,98,0.9623967,0.99012846,0.0,0.6508417,2
4,102,0.99536806,0.0,0.0,0.33178937,1
4,103,1.0777041,0.0,0.0,0.3592347,1
4,112,0.9610844,0.0,0.0,0.3203615,1
4,124,0.0,0.94170207,0.0,0.3139007,1
4,131,0.0,0.9846479,0.0,0.328216,1
4,132,0.0,0.95323807,0.0,0.31774604,1
4,138,0.0,0.0,1.650515,0.5501717,1
4,141,0.0,0.0,0.81027305,0.27009103,1
4,143,0.0,1.0193611,0.0,0.33978707,1
4,144,0.0,0.0,0.7136688,0.23788962,1
4,147,0.0,0.9592714,0.0,0.31975713,1
4,148,1.0457499,0.0,0.0,0.3485833,1
4,153,1.0010973,0.0,0.0,0.3336991,1
4,156,0.0,0.0,0.8037994,0.26793313,1
4,159,0.0,0.94715977,0.0,0.31571993,1
4,174,0.0,0.0,0.86728567,0.28909522,1
4,180,1.0022155,0.0,0.0,0.33407184,1
4,181,0.0,1.0353644,0.0,0.34512147,1
4,182,0.0,0.9462787,0.0,0.31542623,1
4,194,0.0,0.9543433,0.0,0.31811446,1
4,196,0.0,0.94444656,0.7589059,0.5677842,2
4,197,0.0,0.0,1.3795009,0.45983362,1
4,208,1.0499398,0.98526657,0.0,0.6784021,2
4,213,0.0,1.0474367,0.0,0.3491456,1
4,214,1.0276252,0.0,0.0,0.34254175,1
4,237,0.9970488,0.0,0.0,0.3323496,1
4,243,1.07969,0.0,0.0,0.35989666,1
4,254,0.0,0.0,1.1918402,0.39728007,1
4,263,0.9866986,0.0,0.857587,0.6147619,2
4,264,0.0,0.0,1.7039355,0.5679785,1
4,265,0.0,0.0,1.48895,0.49631667,1
4,269,0.0,0.0,0.90799814,0.30266607,1
4,271,0.995988,0.0,0.0,0.33199602,1
4,273,0.0,1.0405097,0.0,0.34683657,1
4,280,0.0,1.0020605,0.0,0.3340202,1
4,290,0.97164553,0.0,0.0,0.32388186,1
4,291,0.97265524,0.0,0.0,0.32421842,1
4,293,0.0,0.96473235,0.0,0.32157746,1
4,295,1.0252601,0.0,0.0,0.34175336,1
4,296,0.0,1.043255,0.0,0.34775168,1
4,297,1.0005107,0.0,0.0,0.33350357,1
4,298,0.0,0.0,0.8029202,0.26764008,1
4,307,0.0,0.0,1.045653,0.348551,1
4,308,0.0,0.98001724,0.0,0.32667243,1
4,331,0.97718173,0.0,0.0,0.32572725,1
4,337,0.9651758,0.0,0.0,0.32172528,1
4,346,0.0,0.9459145,0.0,0.31530485,1
4,349,0.0,0.0,1.5420712,0.5140238,1
4,350,1.0264179,0.0,0.0,0.3421393,1
4,351,0.0,0.98503065,0.0,0.32834357,1
4,354,0.0,0.0,1.2441278,0.41470927,1
4,361,0.0,0.99308574,0.0,0.33102858,1
4,362,0.0,0.0,1.1559073,0.38530242,1
4,366,0.0,0.0,1.0106391,0.3368797,1
4,368,0.0,0.0,0.690725,0.23024169,1
4,369,0.0,0.0,0.92323285,0.3077443,1
4,377,0.0,0.98005813,0.0,0.32668605,1
4,383,0.0,0.942997,0.0,0.31433234,1
4,385,1.0224835,0.0,0.0,0.34082782,1
4,390,1.0448521,0.0,0.0,0.34828407,1
4,391,1.0065025,0.0,0.0,0.33550084,1
4,392,0.0,0.0,0.8626252,0.28754175,1
4,393,0.0,0.0,1.3341624,0.4447208,1
4,414,0.0,0.95683354,0.0,0.3189445,1
4,420,0.0,1.0166869,0.0,0.33889565,1
4,421,0.0,0.0,1.0925831,0.36419436,1
4,431,0.0,0.0,0.8447352,0.28157842,1
4,432,0.0,1.1521789,0.0,0.38405964,1
4,435,0.0,0.98736453,0.0,0.32912153,1
4,437,0.0,0.0,1.0041904,0.33473015,1
4,454,0.0,1.0301026,0.0,0.34336755,1
4,471,0.0,1.0926312,0.0,0.36421043,1
4,481,0.0,0.0,1.3199419,0.43998063,1
4,483,0.0,0.0,0.9902534,0.33008447,1
4,493,0.99201506,0.0,0.0,0.3306717,1
4,508,0.9813566,1.0262086,0.0,0.66918844,2
5,8,0.0,0.0,0.9320205,0.3106735,1
5,10,0.0,1.0262653,0.0,0.34208843,1
5,12,0.0,0.0,1.2836354,0.42787847,1
5,28,0.97154963,0.0,0.0,0.3238499,1
5,32,0.0,0.0,1.1079062,0.3693021,1
5,37,0.0,0.94644696,0.0,0.31548232,1
5,41,0.0,0.0,0.7305555,0.2435185,1
5,50,0.0,0.0,0.8909892,0.2969964,1
5,52,0.0,0.0,1.3494731,0.4498244,1
5,57,0.0,1.0322381,0.0,0.34407938,1
5,60,0.0,1.0659908,0.0,0.3553303,1
5,61,0.96301776,0.0,0.0,0.32100594,1
5,64,0.9671865,0.0,0.0,0.3223955,1
5,66,0.9951155,0.0,0.0,0.33170518,1
5,76,1.0379689,0.0,0.0,0.34598964,1
5,84,0.96670437,1.054754,1.0578833,1.0264473,3
5,85,0.9801993,0.0,0.0,0.3267331,1
5,87,0.9801224,0.0,0.0,0.32670748,1
5,94,0.0,0.99525666,0.0,0.33175224,1
5,100,0.0,1.0261539,0.0,0.34205133,1
5,104,0.0,1.1362147,0.0,0.37873825,1
5,107,0.0,0.9713721,0.0,0.32379073,1
5,111,0.9705903,0.0,0.0,0.3235301,1
5,112,0.9690003,0.0,0.0,0.3230001,1
5,113,0.0,0.9867906,0.0,0.3289302,1
5,117,0.99065644,0.0,0.0,0.33021882,1
5,121,0.0,0.0,0.72480625,0.2416021,1
5,127,0.0,0.0,0.74781543,0.24927181,1
5,138,0.0,0.0,1.3788556,0.45961854,1
5,141,0.0,0.0,1.106569,0.36885637,1
5,142,0.99646795,0.0,0.0,0.332156,1
5,143,0.994543,0.0,0.0,0.33151436,1
5,144,0.9852141,0.0,0.0,0.32840472,1
5,145,0.0,1.0698473,0.0,0.35661578,1
5,146,0.98585594,0.0,0.0,0.32861865,1
5,155,0.0,0.0,0.9011471,0.30038238,1
5,162,0.0,0.94357365,0.0,0.31452456,1
5,174,0.0,0.0,1.9361268,0.6453756,1
5,188,0.0,0.0,0.7754252,0.25847507,1
5,197,0.0,0.0,0.97617483,0.32539162,1
5,200,1.0091683,0.0,0.0,0.33638942,1
5,201,0.0,1.0152742,0.6946096,0.5699613,2
5,209,0.0,0.0,0.9370716,0.31235722,1
5,219,0.0,0.0,0.87213206,0.2907107,1
5,224,0.9636352,0.0,0.0,0.32121176,1
5,231,0.0,1.1128871,0.0,0.37096238,1
5,232,0.98849225,0.0,0.0,0.32949743,1
5,234,0.0,0.0,0.7355789,0.24519297,1
5,236,0.9711977,0.0,0.0,0.32373258,1
5,245,0.0,0.990547,0.0,0.33018234,1
5,247,0.96421295,0.0,0.0,0.32140434,1
5,257,0.9773858,0.0,0.0,0.3257953,1
5,260,0.0,0.9580607,0.0,0.31935358,1
5,262,0.0,0.99397093,0.9656021,0.65319103,2
5,263,0.0,0.0,1.3091998,0.43639994,1
5,269,0.0,0.0,1.6866152,0.5622051,1
5,273,0.9711733,0.0,0.0,0.32372445,1
5,280,1.0436497,0.0,0.0,0.34788322,1
5,289,0.9888084,0.0,0.0,0.3296028,1
5,290,0.0,0.0,0.6974595,0.23248652,1
5,295,0.0,0.9270082,0.0,0.30900276,1
5,306,0.0,0.99830633,0.0,0.3327688,1
5,307,0.0,0.9605573,1.6110137,0.8571904,2
5,313,0.0,1.025519,0.0,0.34183967,1
5,324,0.0,0.96816444,0.0,0.32272148,1
5,334,0.0,0.0,1.3951032,0.46503443,1
5,349,0.0,0.0,0.9528979,0.31763265,1
5,353,0.0,0.9636478,0.0,0.32121593,1
5,354,0.0,0.9544165,0.0,0.31813884,1
5,359,0.0,1.0504878,0.0,0.3501626,1
5,360,0.0,0.0,1.2594643,0.41982144,1
5,367,0.9719444,0.0,0.0,0.32398146,1
5,368,1.0542779,0.0,0.0,0.35142598,1
5,370,0.0,1.0172999,0.0,0.33909997,1
5,375,0.0,0.0,0.7655665,0.25518885,1
5,379,0.0,0.0,0.82201165,0.2740039,1
5,392,0.0,0.0,0.9172108,0.30573696,1
5,393,0.0,0.0,1.6387979,0.54626596,1
5,394,0.0,0.0,1.4609835,0.4869945,1
5,401,0.0,0.9452655,0.0,0.3150885,1
5,403,0.0,0.9460284,0.0,0.3153428,1
5,407,0.98336476,0.0,0.0,0.32778826,1
5,414,0.0,0.0,1.6031348,0.5343783,1
5,420,1.0311007,0.0,0.0,0.34370026,1
5,426,0.0,1.0125282,0.0,0.3375094,1
5,437,0.96458405,0.0,0.0,0.32152802,1
5,440,0.0,0.9744406,0.0,0.32481354,1
5,452,1.1144323,0.0,0.0,0.37147745,1
5,453,0.9820134,0.0,0.0,0.3273378,1
5,456,0.0,0.0,0.8325758,0.27752528,1
5,470,0.9670978,0.0,0.0,0.32236594,1
5,478,0.9783617,0.0,0.0,0.3261206,1
5,481,0.0,0.0,1.3621598,0.45405328,1
5,483,1.0464963,0.0,0.8440198,0.630172,2
5,485,0.0,0.0,0.8618123,0.28727078,1
5,489,0.0,0.9757075,0.0,0.32523584,1
5,508,0.0,1.0101018,0.0,0.33670062,1
5,510,0.9682306,0.0,0.0,0.32274354,1
6,9,0.9742136,0.0,0.87777114,0.6173283,2
6,29,0.987011,0.0,0.0,0.3290037,1
6,31,0.0,0.9744864,0.0,0.3248288,1
6,44,0.0,1.0131943,0.0,0.33773145,1
6,45,1.0872389,0.0,0.0,0.362413,1
6,50,1.0288041,0.0,0.0,0.3429347,1
6,51,0.0,0.94820637,0.0,0.3160688,1
6,59,0.0,0.9841545,0.0,0.3280515,1
6,66,0.0,0.98782057,0.0,0.32927352,1
6,75,0.96892756,0.0,0.0,0.32297587,1
6,83,0.0,0.0,0.68910587,0.22970197,1
6,84,0.0,0.0,0.35448232,0.11816078,1
6,87,1.0632256,1.0105779,0.0,0.69126785,2
6,95,0.0,0.966965,0.0,0.32232168,1
6,96,0.9924267,0.0,0.0,0.3308089,1
6,97,0.0,0.971908,0.0,0.32396933,1
6,99,0.0,0.9828664,0.0,0.32762215,1
6,114,0.0,0.0,0.41666892,0.13888964,1
6,128,0.0,0.9856033,0.0,0.32853442,1
6,129,1.0117073,0.0,0.0,0.33723578,1
6,137,0.0,0.9477528,0.0,0.3159176,1
6,169,0.0,0.0,0.6475983,0.21586612,1
6,172,0.0,0.961818,0.0,0.320606,1
6,178,0.9774755,0.0,0.0,0.32582518,1
6,185,1.0186492,0.0,0.0,0.33954975,1
6,186,1.0262392,0.0,0.0,0.34207973,1
6,188,0.0,1.0348022,0.0,0.34493408,1
6,190,1.0146593,0.0,0.0,0.33821976,1
6,204,0.97921264,0.0,0.0,0.3264042,1
6,210,0.0,0.0,0.58037114,0.19345705,1
6,215,0.0,0.0,0.4379627,0.14598757,1
6,223,0.9775514,0.0,0.0,0.3258505,1
6,224,0.0,1.0586226,0.0,0.35287422,1
6,226,0.0,1.0378758,0.0,0.3459586,1
6,228,0.0,0.0,0.5649742,0.18832473,1
6,233,1.031013,0.0,0.0,0.34367102,1
6,241,0.0,0.0,0.63576424,0.21192142,1
6,264,0.0,0.0,0.6106614,0.2035538,1
6,269,0.0,0.0,0.42550662,0.14183554,1
6,270,1.0255401,0.0,0.568584,0.5313747,2
6,278,0.0,0.0,0.5573686,0.18578953,1
6,282,0.0,0.0,0.5641642,0.18805474,1
6,298,0.0,0.0,0.55748457,0.1858282,1
6,310,0.0,0.95901924,0.0,0.3196731,1
6,311,0.0,0.0,0.40021613,0.13340539,1
6,319,0.98045135,0.0,0.0,0.32681713,1
6,330,1.00996,0.0,0.0,0.33665335,1
6,341,0.0,0.0,0.49549082,0.1651636,1
6,344,0.0,0.9458363,0.0,0.31527877,1
6,350,1.0192496,0.0,0.4834938,0.50091445,2
6,351,0.0,0.0,0.58273697,0.19424567,1
6,352,0.9637097,0.0,0.0,0.32123658,1
6,356,0.0,0.0,0.4240769,0.14135897,1
6,367,0.9844666,0.9704401,0.0,0.6516356,2
6,371,0.0,0.932534,0.0,0.31084466,1
6,375,0.9725241,0.0,0.0,0.3241747,1
6,377,0.9871841,0.0,0.0,0.3290614,1
6,380,0.0,1.0019921,0.0,0.33399737,1
6,386,0.0,0.0,0.6048526,0.20161754,1
6,393,0.0,0.9588093,0.0,0.31960312,1
6,397,0.96867573,0.0,0.0,0.32289192,1
6,398,0.0,1.0411801,0.0,0.34706005,1
6,400,0.0,1.0624602,0.0,0.3541534,1
6,403,0.97307837,0.0,0.0,0.32435948,1
6,410,1.0044159,0.0,0.0,0.3348053,1
6,423,0.0,1.0628495,0.0,0.35428318,1
6,428,0.9731989,0.0,0.0,0.32439965,1
6,430,0.0,1.0012804,0.0,0.33376014,1
6,437,0.0,0.0,0.5019528,0.16731761,1
6,438,0.9638961,0.0,0.0,0.32129872,1
6,439,0.0,1.1354517,0.0,0.3784839,1
6,441,0.0,0.0,0.5204455,0.17348185,1
6,451,0.0,0.0,0.52199984,0.17399995,1
6,452,0.9741061,0.0,0.592456,0.52218735,2
6,456,0.0,0.9643633,0.0,0.32145444,1
6,461,0.98115957,0.0,0.0,0.3270532,1
6,462,0.97877795,0.0,0.0,0.32625932,1
6,464,0.0,1.0054461,0.0,0.3351487,1
6,465,0.0,0.0,0.44825515,0.14941838,1
6,466,1.0074538,0.0,0.0,0.33581793,1
6,473,0.0,1.2110132,0.0,0.4036711,1
6,475,1.0008416,0.0,0.0,0.33361387,1
6,476,0.0,0.0,0.63563985,0.21187995,1
6,479,0.0,1.028982,0.7462355,0.5917392,2
6,485,0.0,1.0025254,0.0,0.33417517,1
6,503,0.0,0.0,0.33436766,0.11145589,1
6,505,0.0,0.0,0.6543564,0.21811882,1
6,507,0.96306556,0.0,0.0,0.32102185,1
7,16,0.0,0.9697564,0.0,0.32325214,1
7,22,0.0,0.0,1.5510728,0.5170243,1
7,23,0.0,0.0,0.97682035,0.3256068,1
7,28,1.0189074,0.0,0.0,0.33963582,1
7,31,0.0,0.0,0.8342588,0.27808627,1
7,37,0.9648758,0.0,0.0,0.3216253,1
7,45,0.0,0.0,0.6718407,0.22394691,1
7,50,0.0,0.98975897,0.0,0.32991967,1
7,55,0.981923,0.0,0.0,0.32730767,1
7,58,0.0,0.0,0.9092367,0.30307892,1
7,61,0.0,0.0,0.96612865,0.32204288,1
7,63,0.0,0.0,1.0438861,0.34796202,1
7,64,0.0,0.9608002,0.0,0.32026672,1
7,71,0.0,0.9743175,0.0,0.3247725,1
7,72,0.0,0.0,1.0225052,0.34083506,1
7,74,0.9735357,0.0,0.76156074,0.5783655,2
7,80,1.050467,0.0,0.0,0.35015568,1
7,86,0.99781466,0.0,0.0,0.3326049,1
7,90,0.0,0.9574389,0.0,0.3191463,1
7,108,1.0010716,0.0,0.0,0.33369052,1
7,110,0.0,0.9856305,0.0,0.3285435,1
7,114,0.0,0.96372837,0.0,0.3212428,1
7,115,0.0,1.0227762,1.3383001,0.78702545,2
7,116,0.0,0.0,0.71924084,0.23974696,1
7,124,0.0,1.0299649,0.0,0.34332165,1
7,129,0.0,1.0186235,0.0,0.33954117,1
7,145,0.977601,0.0,0.0,0.325867,1
7,152,0.0,0.9645518,0.0,0.3215173,1
7,165,1.0544596,0.0,0.0,0.35148653,1
7,166,0.0,0.0,1.3486172,0.44953907,1
7,167,0.0,1.14935,0.0,0.3831167,1
7,179,0.0,0.0,1.1948799,0.39829332,1
7,181,1.0307043,0.0,0.0,0.3435681,1
7,186,0.99185187,1.0285585,0.0,0.67347014,2
7,202,0.0,1.0040249,0.6332,0.5457416,2
7,203,1.0081887,0.0,0.0,0.3360629,1
7,204,0.0,1.0511127,0.0,0.35037088,1
7,207,0.0,1.1521677,0.0,0.3840559,1
7,213,0.0,0.0,0.7171544,0.23905146,1
7,216,0.98135567,0.0,0.0,0.32711858,1
7,218,0.0,0.0,0.90943915,0.3031464,1
7,226,0.0,0.9566956,0.0,0.31889856,1
7,230,0.0,1.0011543,0.0,0.33371812,1
7,231,1.0155448,0.0,0.0,0.33851492,1
7,233,0.9970805,0.0,0.0,0.33236018,1
7,235,0.0,0.0,0.6775661,0.22585538,1
7,236,0.0,0.0,1.5623587,0.5207863,1
7,237,0.0,0.0,0.88429385,0.29476464,1
7,244,0.0,0.0,1.2101277,0.40337592,1
7,245,0.9853269,0.0,0.0,0.3284423,1
7,246,0.0,0.9680126,0.0,0.32267088,1
7,248,0.0,0.96705747,0.0,0.3223525,1
7,251,0.0,1.0651202,0.0,0.35504007,1
7,259,0.9706177,0.0,0.0,0.32353926,1
7,267,0.9816155,0.0,0.0,0.32720518,1
7,268,0.0,0.9522939,0.0,0.3174313,1
7,271,1.0108422,0.0,0.0,0.3369474,1
7,277,0.0,0.9345586,0.0,0.31151953,1
7,287,1.058171,0.0,0.0,0.3527237,1
7,291,0.0,1.0806975,0.0,0.36023253,1
7,293,0.97048086,0.0,0.0,0.32349363,1
7,310,0.96057695,0.0,0.0,0.32019234,1
7,321,0.0,0.0,1.2653866,0.42179555,1
7,326,0.0,0.0,0.824411,0.27480367,1
7,328,0.0,0.94260746,0.0,0.3142025,1
7,337,0.0,0.0,1.3965572,0.46551907,1
7,343,0.0,0.0,0.7912379,0.26374596,1
7,350,1.0225605,0.0,0.0,0.3408535,1
7,352,0.0,0.0,0.8962232,0.29874107,1
7,360,0.0,1.0329685,0.0,0.34432286,1
7,370,0.0,0.0,1.0477875,0.34926254,1
7,377,0.98472273,0.0,0.0,0.32824093,1
7,380,0.0,1.1516095,0.0,0.38386986,1
7,396,0.96844715,0.0,0.0,0.32281572,1
7,400,0.0,0.0,0.8324548,0.27748495,1
7,404,0.97330135,0.0,0.0,0.3244338,1
7,406,1.0489146,0.0,0.0,0.3496382,1
7,407,0.98030317,0.0,0.0,0.32676774,1
7,412,1.0175098,0.0,0.0,0.33916995,1
7,421,0.0,0.9968728,0.0,0.33229095,1
7,437,0.0,0.9476057,0.0,0.3158686,1
7,439,1.0314469,0.0,0.0,0.34381565,1
7,442,0.0,0.9425534,0.0,0.3141845,1
7,450,0.0,0.0,0.98881066,0.32960355,1
7,460,0.0,0.0,0.8381555,0.27938518,1
7,472,1.0308404,0.0,0.0,0.34361348,1
7,480,0.0,0.0,0.7901108,0.26337028,1
7,482,0.0,1.1582646,0.0,0.38608822,1
7,484,0.0,0.9941253,0.0,0.33137512,1
7,487,1.0125653,0.0,0.0,0.33752176,1
7,491,0.0,0.0,0.80237323,0.26745775,1
7,506,0.0,0.0,1.9883279,0.662776,1
8,10,0.0,1.0410031,0.0,0.34700105,1
8,11,0.0,0.0,1.6066,0.53553337,1
8,15,0.0,0.0,1.4773406,0.49244687,1
8,16,0.0,0.9732388,0.0,0.32441294,1
8,27,0.0,0.0,0.46746883,0.15582295,1
8,35,0.0,0.9576109,0.0,0.31920364,1
8,40,0.9741107,0.0,0.0,0.32470357,1
8,46,0.9930889,0.0,0.72270626,0.5719317,2
8,52,0.0,0.0,0.7702445,0.25674817,1
8,54,0.0,0.0,1.0543408,0.35144696,1
8,55,0.0,0.0,0.7107344,0.23691148,1
8,56,0.9666132,0.0,0.0,0.3222044,1
8,61,0.9775296,0.0,0.0,0.32584321,1
8,64,0.0,0.0,0.9680622,0.32268742,1
8,68,0.0,0.9517039,0.0,0.31723464,1
8,84,0.0,0.0,1.2804601,0.42682004,1
8,86,0.0,1.1012322,0.0,0.3670774,1
8,89,1.0965899,0.0,1.1803497,0.7589799,2
8,90,1.0068285,0.0,0.0,0.33560953,1
8,94,0.0,0.0,0.91900206,0.30633402,1
8,100,0.9886973,0.0,0.0,0.32956576,1
8,114,0.0,0.0,0.7992088,0.26640296,1
8,118,0.9880173,0.0,0.0,0.32933912,1
8,119,0.0,0.0,0.74764454,0.24921486,1
8,122,0.96514636,1.0283614,1.0712771,1.021595,3
8,141,0.0,1.0389007,1.8372654,0.95872205,2
8,144,0.0,0.0,1.8042407,0.6014136,1
8,145,0.9744333,0.0,0.0,0.3248111,1
8,149,0.0,0.95709306,0.0,0.31903103,1
8,160,0.0,0.0,0.7209708,0.2403236,1
8,165,0.0,0.0,0.5892713,0.19642377,1
8,171,0.9723495,0.9563504,0.0,0.6429,2
8,177,0.99261403,0.0,0.0,0.33087134,1
8,178,0.0,0.0,1.0483147,0.34943825,1
8,182,0.0,0.0,0.8227419,0.27424732,1
8,183,0.9655714,0.0,0.0,0.32185715,1
8,185,0.0,1.2785612,0.0,0.4261871,1
8,188,0.0,0.99798316,0.0,0.33266106,1
8,190,1.0085945,0.97581476,0.0,0.6614698,2
8,197,0.99207634,0.0,0.8355849,0.6092204,2
8,219,0.0,0.0,1.1379305,0.3793102,1
8,224,1.0194968,0.0,0.0,0.33983228,1
8,226,0.9798936,0.0,0.0,0.32663122,1
8,231,0.9670978,0.0,0.0,0.32236594,1
8,237,1.0060112,0.0,0.0,0.3353371,1
8,238,0.0,1.0278711,0.0,0.3426237,1
8,241,0.96884406,0.0,0.0,0.32294804,1
8,244,1.0679971,1.0697641,0.0,0.7125871,2
8,253,0.0,0.0,0.657215,0.21907167,1
8,254,0.0,0.0,0.74591297,0.24863766,1
8,261,0.0,0.0,0.56947625,0.18982542,1
8,264,0.0,0.0,0.67824566,0.2260819,1
8,269,0.0,0.0,1.1272323,0.3757441,1
8,275,0.9615991,0.0,0.0,0.32053304,1
8,281,0.0,0.9915945,0.0,0.3305315,1
8,282,0.0,1.0352781,0.0,0.3450927,1
8,283,0.0,1.0396873,0.0,0.34656245,1
8,290,0.0,0.0,0.9841727,0.3280576,1
8,292,0.0,0.0,0.77499294,0.258331,1
8,295,0.9929415,0.0,0.0,0.3309805,1
8,298,0.0,0.0,0.7593013,0.25310045,1
8,306,0.0,0.0,1.2179643,0.4059881,1
8,307,0.0,0.0,1.4519833,0.48399445,1
8,308,1.0165788,0.0,1.2274967,0.7480252,2
8,315,0.0,0.0,1.939211,0.6464037,1
8,319,0.0,1.0899042,0.0,0.3633014,1
8,326,0.97438717,0.0,0.0,0.32479572,1
8,336,1.011897,0.0,0.0,0.337299,1
8,342,0.0,0.96474093,0.0,0.32158032,1
8,346,0.0,1.0418012,1.1069282,0.71624315,2
8,350,0.0,0.0,0.84238315,0.28079438,1
8,351,0.0,0.0,0.6912672,0.2304224,1
8,353,0.0,0.951753,0.0,0.31725103,1
8,354,0.0,0.0,0.77093446,0.25697815,1
8,357,0.0,0.9572704,0.0,0.31909013,1
8,362,0.0,0.0,0.8867773,0.29559243,1
8,376,0.0,1.0210375,0.0,0.34034583,1
8,379,0.0,0.0,0.9880289,0.32934296,1
8,380,0.0,0.0,0.9691969,0.32306564,1
8,393,0.0,0.0,1.6136283,0.5378761,1
8,394,0.0,0.0,0.9676199,0.32254,1
8,397,0.0,0.0,0.5084297,0.16947657,1
8,398,0.0,0.94246024,0.0,0.31415343,1
8,409,0.0,0.0,1.42658,0.47552666,1
8,414,0.0,0.0,0.85619205,0.28539735,1
8,415,0.0,1.0274627,0.0,0.34248757,1
8,416,0.0,0.0,0.7609975,0.25366583,1
8,418,0.0,0.0,0.66641116,0.22213706,1
8,421,0.0,0.0,1.1685494,0.38951647,1
8,435,1.008326,0.0,0.0,0.33610868,1
8,437,0.0,1.0248077,0.7383537,0.5877205,2
8,459,0.96407866,0.0,1.3663621,0.7768136,2
8,461,0.969572,0.0,0.0,0.3231907,1
8,465,0.0,0.94444835,0.0,0.31481612,1
8,468,0.0,0.0,0.4053359,0.13511197,1
8,470,0.98358667,0.0,0.0,0.32786223,1
8,471,0.0,0.0,0.6181158,0.2060386,1
8,477,0.96778494,0.0,0.9896393,0.65247476,2
8,479,0.0,0.9578262,0.0,0.3192754,1
8,483,0.0,0.0,1.1311401,0.3770467,1
8,485,0.0,0.0,1.3037221,0.43457407,1
8,487,0.0,0.0,1.0437778,0.34792596,1
8,491,1.0418376,0.0,0.0,0.3472792,1
8,492,0.0,0.9748728,0.0,0.3249576,1
8,504,0.0,0.0,0.72213995,0.24071333,1
9,14,0.0,0.0,0.79098034,0.26366013,1
9,17,1.0096945,0.0,0.0,0.33656484,1
9,24,0.9802785,0.0,0.0,0.32675952,1
9,36,0.97028506,0.0,0.8692433,0.6131761,2
9,46,0.0,0.0,0.94787407,0.31595802,1
9,53,0.0,1.3074262,0.0,0.43580875,1
9,65,1.0422847,0.0,0.0,0.34742826,1
9,67,0.0,0.9482062,0.0,0.31606874,1
9,75,0.0,0.0,0.89007205,0.2966907,1
9,79,1.0116758,0.0,0.0,0.3372253,1
9,84,0.0,0.0,0.9528344,0.3176115,1
9,86,0.9719343,0.0,0.0,0.32397813,1
9,89,0.0,0.9816061,0.0,0.32720205,1
9,92,0.9701491,0.0,0.0,0.32338303,1
9,93,0.96189755,0.0,0.0,0.32063252,1
9,97,0.9657222,0.9605428,0.0,0.64208835,2
9,99,0.0,1.0381331,0.0,0.3460444,1
9,107,0.0,0.0,0.8259149,0.27530497,1
9,114,0.0,0.0,1.1642071,0.38806903,1
9,120,1.0395995,0.0,0.0,0.34653318,1
9,129,0.0,0.98523897,0.0,0.328413,1
9,132,0.0,1.0644137,0.0,0.35480458,1
9,133,0.0,1.0564911,0.0,0.35216373,1
9,138,1.0026335,0.0,0.7352885,0.5793073,2
9,145,0.0,0.0,1.4178165,0.47260553,1
9,150,1.0267968,0.0,0.0,0.3422656,1
9,151,0.0,0.0,0.66424453,0.22141485,1
9,157,0.0,0.9529474,0.0,0.31764913,1
9,158,1.0421813,0.0,0.0,0.34739375,1
9,166,0.0,0.94745916,0.0,0.31581974,1
9,177,0.0,1.0761005,0.0,0.35870016,1
9,181,0.97424775,0.0,0.0,0.32474926,1
9,197,0.0,0.0,0.8157562,0.27191874,1
9,199,1.0781581,0.0,0.0,0.35938606,1
9,202,0.0,0.9531858,0.0,0.3177286,1
9,206,0.9811677,0.0,0.0,0.3270559,1
9,207,0.9862835,0.0,0.0,0.32876116,1
9,208,0.0,1.0122236,0.0,0.3374079,1
9,209,0.0,0.0,0.8188941,0.27296472,1
9,212,0.982505,0.0,0.0,0.32750168,1
9,215,0.0,0.0,0.68786687,0.22928897,1
9,231,0.993284,0.0,0.0,0.33109468,1
9,233,0.0,0.95790905,0.0,0.31930304,1
9,241,0.0,0.0,1.5842794,0.52809316,1
9,253,0.0,1.0502168,0.0,0.35007226,1
9,257,0.97974265,0.0,0.0,0.32658088,1
9,260,0.97887033,0.0,0.0,0.32629013,1
9,264,0.0,0.9635682,0.7708173,0.5781285,2
9,269,0.0,0.99843115,0.0,0.3328104,1
9,270,0.9645924,0.0,0.0,0.32153082,1
9,275,0.9981975,0.0,0.0,0.3327325,1
9,278,0.0,0.99901664,0.0,0.33300555,1
9,285,0.99361277,0.0,0.0,0.33120427,1
9,290,0.0,0.0,0.62463516,0.20821172,1
9,302,0.0,0.9676746,0.0,0.32255822,1
9,303,0.0,1.0123214,0.0,0.33744046,1
9,304,0.9701861,0.0,0.0,0.32339537,1
9,306,1.0278287,0.0,0.0,0.34260958,1
9,320,0.0,0.0,0.8686797,0.2895599,1
9,321,0.0,0.97025096,0.0,0.323417,1
9,329,1.0467517,0.0,0.0,0.34891725,1
9,330,0.0,0.0,0.6854975,0.22849917,1
9,332,0.0,0.94444007,0.0,0.31481338,1
9,338,1.0121576,0.0,0.0,0.33738586,1
9,341,0.0,0.0,1.0426128,0.3475376,1
9,350,0.0,0.0,0.94610125,0.3153671,1
9,351,0.0,1.0598149,0.9650594,0.6749581,2
9,355,0.0,0.9888021,0.0,0.3296007,1
9,356,0.0,0.0,1.0926291,0.3642097,1
9,377,0.0,1.0566115,0.0,0.35220385,1
9,381,0.0,0.0,1.0853517,0.36178392,1
9,384,0.0,0.9648318,0.0,0.32161063,1
9,396,0.0,0.0,0.8881096,0.29603654,1
9,398,0.9661022,0.0,0.0,0.32203406,1
9,417,0.0,0.9572799,0.0,0.31909332,1
9,424,1.0105076,0.0,0.0,0.33683586,1
9,427,0.0,1.000128,0.0,0.33337602,1
9,430,1.074398,1.0116669,0.0,0.695355,2
9,437,0.0,0.0,0.7847702,0.26159006,1
9,440,0.0,0.0,0.8173384,0.27244616,1
9,451,0.0,0.0,1.1539685,0.38465616,1
9,452,0.0,0.0,0.83413976,0.2780466,1
9,454,0.9991167,0.0,0.0,0.33303893,1
9,479,0.96267587,0.0,1.0227741,0.6618167,2
9,480,0.9675041,0.0,0.0,0.32250136,1
9,481,0.0,0.0,0.953744,0.31791466,1
9,490,0.98063225,0.0,0.0,0.32687742,1
9,503,0.0,0.0,0.6400849,0.21336165,1
9,504,0.0,0.95842046,0.0,0.3194735,1
9,505,0.0,0.0,1.4223773,0.4741258,1
10,12,0.0,0.0,0.98518544,0.32839516,1
10,34,0.0,0.969151,0.0,0.32305035,1
10,40,0.0,0.9682946,0.0,0.32276487,1
10,45,0.0,0.9652754,0.0,0.32175848,1
10,46,0.0,1.0077196,0.0,0.33590657,1
10,49,0.0,0.0,0.8877617,0.29592058,1
10,51,0.0,0.0,1.2196921,0.40656406,1
10,73,0.0,0.0,1.2610093,0.42033646,1
10,107,0.0,1.0754672,0.0,0.3584891,1
10,112,0.0,0.0,1.0745183,0.35817277,1
10,116,0.989464,0.0,0.0,0.32982135,1
10,119,0.9646871,0.0,0.0,0.32156238,1
10,121,0.9812084,0.0,0.0,0.32706946,1
10,135,0.0,0.0,1.8493323,0.6164441,1
10,140,0.0,0.0,1.4001596,0.46671987,1
10,143,0.0,0.0,1.082443,0.36081433,1
10,144,0.96496713,0.0,0.0,0.32165572,1
10,149,0.0,1.047641,1.124754,0.7241317,2
10,155,0.0,0.0,1.2513834,0.41712782,1
10,156,1.0831361,0.0,0.95240945,0.6785152,2
10,158,0.0,1.0862147,0.0,0.36207157,1
10,160,1.0004331,0.0,0.0,0.3334777,1
10,161,0.0,1.023175,0.0,0.34105834,1
10,165,1.0105097,0.0,0.0,0.33683658,1
10,178,0.0,0.95308226,0.0,0.3176941,1
10,185,0.0,0.0,1.0702373,0.35674578,1
10,188,0.0,1.0534933,0.0,0.35116443,1
10,190,0.0,0.99324507,0.0,0.3310817,1
10,191,1.0407231,0.0,0.0,0.3469077,1
10,196,0.0,0.0,1.4580369,0.4860123,1
10,197,1.0214984,0.0,0.0,0.3404995,1
10,199,0.0,0.0,2.091215,0.6970717,1
10,201,0.0,0.0,1.0690392,0.35634643,1
10,203,0.9886478,0.0,0.0,0.32954928,1
10,225,0.0,0.0,1.313844,0.437948,1
10,228,0.0,0.0,0.7614295,0.25380984,1
10,234,0.9692725,0.0,0.0,0.32309085,1
10,241,0.0,0.9421332,0.0,0.31404442,1
10,246,1.0086184,0.0,0.0,0.33620614,1
10,248,0.98136336,0.0,0.0,0.32712114,1
10,249,0.96751106,0.0,0.0,0.3225037,1
10,258,0.0,0.95158184,0.0,0.31719396,1
10,262,0.0,0.0,1.6661109,0.55537033,1
10,265,0.0,0.9994205,0.0,0.3331402,1
10,266,0.0,0.9466497,0.0,0.3155499,1
10,268,0.0,0.94938993,0.0,0.31646332,1
10,274,0.0,0.0,1.2139608,0.4046536,1
10,281,1.0199999,0.0,0.0,0.33999997,1
10,284,0.0,0.0,0.991921,0.33064035,1
10,292,0.9904784,0.0,0.0,0.3301595,1
10,295,0.0,1.0913856,0.0,0.36379522,1
10,309,0.99405295,0.0,0.0,0.33135098,1
10,311,0.0,0.0,1.4180588,0.47268626,1
10,321,0.9828892,0.0,0.0,0.32762975,1
10,324,1.0007753,0.0,0.0,0.3335918,1
10,327,0.9744836,0.0,0.0,0.32482788,1
10,331,0.96516055,0.0,0.0,0.32172018,1
10,332,0.0,0.97415847,0.0,0.3247195,1
10,346,0.0,0.98671836,0.0,0.32890612,1
10,347,0.0,0.0,1.3961767,0.46539223,1
10,357,0.96940553,1.4272852,0.0,0.7988969,2
10,366,0.0,0.0,1.4603238,0.48677462,1
10,369,0.0,1.0140386,0.0,0.33801287,1
10,370,0.99109113,0.0,0.0,0.33036372,1
10,382,0.0,0.9584389,0.0,0.31947964,1
10,392,0.0,1.0194727,0.981017,0.66682994,2
10,401,0.0,0.0,0.7207739,0.24025796,1
10,411,0.0,0.0,1.6381365,0.54604554,1
10,416,1.0262591,0.0,0.0,0.34208637,1
10,422,0.0,0.9465977,0.0,0.31553257,1
10,426,0.9823604,0.0,1.7502599,0.9108735,2
10,433,0.0,1.1489879,0.0,0.38299596,1
10,434,0.0,0.0,0.85202414,0.28400806,1
10,440,0.0,1.1533648,0.0,0.38445494,1
10,441,0.0,0.9497522,0.0,0.31658408,1
10,447,0.99222726,0.0,0.0,0.33074242,1
10,448,1.0193173,0.0,0.0,0.33977243,1
10,449,0.0,1.0209404,1.6175796,0.8795067,2
10,457,0.99294263,0.0,1.3115704,0.7681711,2
10,468,0.99089795,0.0,0.0,0.33029932,1
10,469,1.0425384,0.0,0.0,0.3475128,1
10,482,0.0,0.94690377,0.0,0.3156346,1
10,488,1.0014746,0.0,0.0,0.33382487,1
10,497,0.0,1.0105126,0.0,0.33683753,1
10,500,0.0,0.0,0.7152684,0.2384228,1
10,501,0.0,1.0121775,0.0,0.3373925,1
10,509,0.9817533,0.0,0.0,0.3272511,1
10,511,0.9742318,0.0,0.82299554,0.5990758,2
11,13,0.9872421,0.0,0.0,0.3290807,1
11,15,1.0486274,0.0,0.78538185,0.61133647,2
11,17,0.0,0.0,0.6565398,0.2188466,1
11,18,1.0443388,0.0,0.0,0.34811294,1
11,19,0.0,0.0,0.87784714,0.2926157,1
11,27,0.0,0.0,0.9169917,0.3056639,1
11,39,0.0,0.9943131,0.0,0.3314377,1
11,52,0.0,0.0,0.6792626,0.22642086,1
11,53,0.0,0.98296946,0.0,0.3276565,1
11,54,0.9847396,0.0,0.0,0.32824653,1
11,55,0.0,0.0,1.1528771,0.38429236,1
11,59,0.9886456,0.0,0.0,0.32954854,1
11,64,0.0,0.0,1.418244,0.472748,1
11,68,1.0074159,0.0,0.0,0.3358053,1
11,81,0.0,1.0126437,0.7800012,0.5975483,2
11,84,0.0,0.0,0.892795,0.29759836,1
11,106,0.0,1.006923,0.0,0.335641,1
11,110,1.004113,0.0,0.0,0.33470434,1
11,112,0.0,1.074413,0.0,0.35813767,1
11,117,0.962368,0.0,0.0,0.32078934,1
11,122,0.0,0.0,1.0770338,0.35901126,1
11,126,0.0,0.9546395,0.6391663,0.5312686,2
11,128,0.9855405,0.0,0.0,0.3285135,1
11,141,0.0,0.0,1.6532937,0.5510979,1
11,144,0.0,1.0585759,1.8569859,0.971854,2
11,146,1.0227449,0.0,0.0,0.34091496,1
11,148,0.9837841,0.0,0.0,0.32792804,1
11,149,1.1450369,0.0,0.0,0.381679,1
11,155,1.0215548,0.0,0.0,0.3405183,1
11,159,1.0274794,0.0,0.0,0.34249315,1
11,178,0.0,0.0,0.92695266,0.30898422,1
11,180,1.0280416,0.0,0.0,0.34268054,1
11,182,0.0,0.0,1.7792208,0.5930736,1
11,184,0.0,0.9650554,0.7036307,0.5562287,2
11,196,0.0,0.94490165,0.0,0.31496722,1
11,197,0.0,0.0,1.3303688,0.44345626,1
11,200,0.95743346,0.0,0.0,0.3191445,1
11,201,0.0,0.9512009,0.0,0.31706697,1
11,214,1.0130649,0.0,0.0,0.3376883,1
11,219,0.0,1.0058366,0.0,0.33527887,1
11,222,0.0,1.0274602,0.0,0.34248674,1
11,254,0.0,0.0,1.3167719,0.43892395,1
11,264,0.0,0.0,1.1414474,0.3804825,1
11,265,0.0,0.0,1.1579791,0.38599306,1
11,269,1.0154883,0.0,0.0,0.3384961,1
11,282,0.0,0.0,0.84951216,0.28317073,1
11,291,1.0040175,0.0,0.0,0.3346725,1
11,292,0.0,0.93617445,0.9728752,0.6363499,2
11,295,0.0,0.9751584,0.8102167,0.5951251,2
11,297,0.0,0.96378654,0.0,0.32126218,1
11,298,0.0,0.0,1.0415815,0.34719384,1
11,299,0.0,1.0298625,0.0,0.34328753,1
11,305,0.97242665,0.0,0.0,0.32414222,1
11,306,0.0,0.0,0.80211806,0.2673727,1
11,313,0.99643403,0.0,0.0,0.33214468,1
11,315,0.0,0.0,1.6802943,0.5600981,1
11,324,0.0,0.99271894,0.0,0.33090633,1
11,326,1.012139,0.0,0.0,0.33737966,1
11,327,0.0,0.9970525,0.0,0.33235085,1
11,338,0.0,0.9637064,0.0,0.32123548,1
11,349,0.0,0.94071406,1.1752994,0.7053379,2
11,354,0.0,0.0,0.71639895,0.23879966,1
11,362,0.0,0.0,1.6786432,0.5595478,1
11,365,0.0,0.98378164,0.0,0.32792723,1
11,366,0.97392595,0.0,0.0,0.324642,1
11,368,0.0,0.0,1.0456,0.34853336,1
11,374,1.0125879,0.0,0.0,0.3375293,1
11,380,0.0,0.0,0.75135374,0.25045127,1
11,385,0.0,1.0985502,0.0,0.3661834,1
11,388,0.0,0.97402555,0.0,0.3246752,1
11,389,1.0538795,0.0,0.0,0.35129318,1
11,391,0.96293074,0.0,0.0,0.3209769,1
11,393,0.0,0.0,0.82271385,0.27423796,1
11,394,0.0,0.94740486,0.0,0.31580162,1
11,397,0.0,0.0,1.1864018,0.39546728,1
11,400,1.0614029,0.0,0.0,0.35380098,1
11,401,0.98302287,0.0,0.0,0.3276743,1
11,402,0.9832881,0.0,0.0,0.32776272,1
11,407,0.0,0.0,0.82618207,0.27539402,1
11,409,0.0,0.0,1.6975514,0.5658505,1
11,416,0.96577275,1.0059545,0.0,0.6572424,2
11,421,0.0,0.0,1.2513885,0.41712952,1
11,429,1.1933815,0.0,0.0,0.39779386,1
11,432,0.0,0.0,0.6373312,0.21244374,1
11,435,0.0,0.9853134,0.0,0.3284378,1
11,437,0.0,1.0711769,1.499904,0.857027,2
11,460,0.0,0.9460284,0.0,0.3153428,1
11,466,0.0,0.9683303,0.0,0.3227768,1
11,478,0.0,1.1013392,0.0,0.36711308,1
11,481,0.0,1.0076356,0.0,0.33587855,1
11,483,0.0,0.0,1.4523405,0.4841135,1
11,485,0.0,0.0,1.0332409,0.34441364,1
11,487,0.0,0.0,0.5997752,0.19992507,1
11,489,1.0232338,0.0,0.0,0.34107792,1
11,504,0.0,0.0,0.8267964,0.27559882,1
11,509,0.0,0.97596073,0.0,0.32532024,1
12,29,0.0,0.9448555,0.0,0.31495184,1
12,31,0.9726057,0.0,0.0,0.3242019,1
12,32,0.0,0.9466967,1.0053601,0.65068567,2
12,39,0.0,0.93808395,0.0,0.31269467,1
12,41,0.0,0.0,0.6936516,0.2312172,1
12,50,0.0,0.9790225,0.72314,0.5673875,2
12,51,0.0,0.0,0.82219213,0.27406406,1
12,52,0.0,0.0,1.2925415,0.43084717,1
12,60,0.96400744,0.0,0.0,0.32133582,1
12,66,0.9953935,0.0,0.0,0.33179784,1
12,68,0.9769086,0.0,0.0,0.3256362,1
12,72,0.0,1.0839503,0.0,0.36131677,1
12,79,0.0,0.96719444,0.0,0.32239816,1
12,91,0.9797733,0.0,0.0,0.3265911,1
12,94,0.0,1.0083767,0.0,0.33612558,1
12,101,0.97045535,0.0,0.0,0.32348514,1
12,112,0.0,0.0,0.8781112,0.29270375,1
12,121,0.0,0.0,0.88383716,0.2946124,1
12,127,0.0,0.0,0.7826941,0.26089805,1
12,128,0.97420484,0.0,0.0,0.32473496,1
12,131,0.0,1.0360272,0.0,0.3453424,1
12,135,0.0,0.0,1.1161662,0.3720554,1
12,138,0.0,0.0,0.9161269,0.30537564,1
12,140,0.0,0.9446766,0.0,0.3148922,1
12,141,0.0,0.0,0.7727293,0.25757644,1
12,144,0.0,0.0,0.7179904,0.23933014,1
12,155,0.0,0.9580714,1.3092432,0.7557716,2
12,156,0.0,0.0,0.7771887,0.25906292,1
12,162,1.0475235,0.0,0.0,0.3491745,1
12,174,0.0,0.0,1.3024393,0.43414646,1
12,175,0.0,0.0,0.65233177,0.21744393,1
12,179,0.0,0.9893966,0.0,0.32979888,1
12,180,0.98701787,0.0,0.0,0.32900596,1
12,188,0.0,0.0,0.8963175,0.2987725,1
12,194,0.0,0.95538527,0.0,0.31846178,1
12,196,0.0,0.0,0.88899165,0.29633057,1
12,197,0.0,0.0,0.8009273,0.26697576,1
12,198,1.0289146,0.0,0.0,0.34297153,1
12,199,0.0,0.0,1.0506333,0.3502111,1
12,201,0.0,0.0,0.7058126,0.23527086,1
12,206,0.0,1.0570371,0.0,0.3523457,1
12,209,0.0,0.0,0.8509454,0.2836485,1
12,211,0.9661282,0.0,0.0,0.32204273,1
12,218,1.0037806,0.0,0.0,0.33459353,1
12,234,0.0,0.0,0.6977612,0.23258707,1
12,237,0.0,0.9861277,0.0,0.32870924,1
12,239,0.0,1.0703405,0.0,0.35678017,1
12,254,0.0,0.0,0.72110635,0.24036878,1
12,260,0.0,1.0214933,0.0,0.3404978,1
12,262,0.0,0.0,1.2785438,0.4261813,1
12,263,0.0,0.0,1.590153,0.530051,1
12,264,0.9943127,0.0,0.0,0.3314376,1
12,268,1.0185897,0.0,0.0,0.33952993,1
12,269,0.0,0.0,0.7648821,0.25496072,1
12,277,1.0107113,0.0,0.0,0.33690378,1
12,286,0.0,1.0392597,0.0,0.3464199,1
12,300,0.9718661,0.0,0.0,0.32395536,1
12,308,0.96805924,0.0,0.0,0.32268643,1
12,316,0.9978207,0.0,0.0,0.3326069,1
12,321,1.0507013,0.0,0.0,0.35023376,1
12,324,0.0,1.0338535,0.0,0.34461784,1
12,334,0.0,0.0,1.1287616,0.3762539,1
12,349,0.0,0.0,0.9635754,0.32119182,1
12,353,0.99567336,0.0,0.0,0.33189112,1
12,360,0.0,0.0,0.87562495,0.291875,1
12,369,0.0,1.0579257,0.0,0.3526419,1
12,381,0.0,0.92778105,0.0,0.30926037,1
12,385,0.9704764,0.0,0.0,0.32349214,1
12,386,1.083152,0.0,0.0,0.3610507,1
12,389,0.0,0.9459087,0.0,0.3153029,1
12,392,0.0,0.0,0.96819174,0.3227306,1
12,394,0.0,0.0,0.6912393,0.23041311,1
12,398,0.0,0.9495578,0.0,0.31651926,1
12,402,1.0073241,0.0,0.0,0.33577472,1
12,409,0.0,0.0,0.74590176,0.24863392,1
12,411,1.0642401,0.0,0.0,0.3547467,1
12,412,0.9970097,0.0,0.0,0.33233657,1
12,414,0.0,1.0150934,0.0,0.33836448,1
12,415,0.97924083,0.0,0.0,0.32641363,1
12,416,0.9614764,0.0,0.0,0.32049215,1
12,421,0.0,0.9641491,0.0,0.32138306,1
12,432,0.0,1.0751237,0.0,0.35837457,1
12,435,0.0,0.9543704,0.0,0.31812346,1
12,450,0.0,0.9394472,0.0,0.3131491,1
12,453,0.9970508,0.0,0.0,0.33235028,1
12,460,1.0370849,0.0,0.0,0.345695,1
12,472,0.0,0.97820747,0.0,0.32606918,1
12,474,1.000034,0.0,0.0,0.33334467,1
12,480,0.0,0.9344896,0.0,0.31149656,1
12,483,0.0,0.0,0.89185524,0.29728508,1
12,484,1.0977066,0.0,0.0,0.3659022,1
12,496,0.0,0.94775385,0.0,0.31591797,1
12,498,0.9686133,0.0,0.0,0.32287112,1
13,15,0.9813552,0.0,0.0,0.3271184,1
13,28,0.0,0.9756648,0.0,0.3252216,1
13,35,0.0,1.195887,0.0,0.398629,1
13,38,0.0,0.0,0.8224174,0.27413914,1
13,47,0.0,0.0,0.7974027,0.2658009,1
13,49,0.0,0.0,0.6185849,0.20619497,1
13,55,0.0,0.0,0.93973446,0.31324482,1
13,62,0.9655613,0.0,0.0,0.32185376,1
13,63,0.97516733,0.0,0.0,0.32505578,1
13,68,0.996657,0.0,0.0,0.332219,1
13,70,0.96483415,0.0,0.0,0.3216114,1
13,76,0.0,0.9481183,0.0,0.31603944,1
13,80,0.0,0.96097755,0.0,0.32032585,1
13,103,0.9532499,0.0,0.8039482,0.5857327,2
13,104,0.95675075,0.0,0.0,0.31891692,1
13,106,0.0,0.93341637,0.0,0.3111388,1
13,116,1.0097693,0.0,0.72105455,0.5769413,2
13,122,0.0,0.0,0.87495345,0.29165116,1
13,123,0.0,1.0179623,0.0,0.33932078,1
13,124,0.9913182,0.0,0.0,0.33043942,1
13,125,0.0,0.96337086,0.8290217,0.5974642,2
13,128,0.96680546,0.0,0.0,0.3222685,1
13,132,0.0,0.9901521,0.0,0.3300507,1
13,137,0.0,0.9814356,0.0,0.32714522,1
13,142,0.98118806,0.0,0.0,0.3270627,1
13,144,0.0,0.0,0.5636058,0.1878686,1
13,147,0.0,0.0,0.7463374,0.24877915,1
13,148,0.98172635,0.0,0.64014727,0.54062456,2
13,151,0.95902294,0.0,0.0,0.3196743,1
13,155,0.9931377,0.0,0.0,0.33104593,1
13,156,0.98625475,0.0,0.0,0.3287516,1
13,160,0.0,1.0616965,0.0,0.35389885,1
13,162,1.0224258,0.0,0.0,0.3408086,1
13,168,0.0,1.0114094,0.0,0.33713648,1
13,169,0.9982949,0.0,0.0,0.33276498,1
13,180,1.0377632,0.0,0.0,0.3459211,1
13,182,0.0,0.0,0.7281508,0.24271694,1
13,192,0.9649878,0.0,0.0,0.3216626,1
13,197,0.9755615,0.0,0.0,0.32518718,1
13,198,1.0206852,0.0,0.0,0.3402284,1
13,202,0.0,0.0,0.56586343,0.18862115,1
13,205,1.0301644,0.0,0.0,0.34338814,1
13,206,0.9647588,0.0,0.0,0.32158628,1
13,227,0.9712908,0.0,0.0,0.3237636,1
13,232,0.0,1.0428007,0.0,0.34760022,1
13,242,0.0,0.0,1.2383798,0.41279328,1
13,249,1.0246824,0.0,0.6837714,0.5694846,2
13,257,0.0,0.0,0.82541114,0.27513707,1
13,260,1.0099521,0.0,0.0,0.3366507,1
13,267,0.0,1.0243753,0.0,0.34145844,1
13,268,0.0,1.0572282,1.0478475,0.7016919,2
13,270,0.0,0.0,0.7916469,0.2638823,1
13,271,0.0,1.2602009,0.0,0.42006695,1
13,272,0.0,0.0,0.8180731,0.27269104,1
13,277,0.0,1.1268909,0.0,0.37563032,1
13,278,0.0,1.034949,1.1487162,0.7278884,2
13,279,0.0,1.0049114,0.0,0.33497047,1
13,285,0.0,0.9416895,0.0,0.3138965,1
13,288,0.0,0.0,1.0019188,0.33397293,1
13,289,0.0,1.0414639,0.0,0.34715462,1
13,293,1.0021412,0.0,0.0,0.33404708,1
13,295,0.0,0.9549258,0.0,0.3183086,1
13,298,0.0,0.0,0.90796643,0.3026555,1
13,300,1.0223075,0.0,0.0,0.34076917,1
13,303,0.0,0.0,0.88320166,0.29440057,1
13,317,0.0,1.0122249,0.0,0.3374083,1
13,318,0.9991202,0.0,0.0,0.33304006,1
13,321,1.0476747,0.0,0.0,0.3492249,1
13,326,0.0,1.0372509,0.0,0.3457503,1
13,327,0.95956856,0.0,0.0,0.3198562,1
13,335,0.0,0.0,0.91290706,0.30430236,1
13,343,0.0,1.0661764,0.0,0.35539216,1
13,344,1.0046315,0.0,0.0,0.3348772,1
13,346,0.0,0.94846183,0.0,0.31615394,1
13,357,0.0,0.97463536,0.0,0.32487845,1
13,374,0.9797581,0.0,0.0,0.32658604,1
13,376,0.0,0.9596505,0.0,0.31988353,1
13,383,1.035462,0.0,0.0,0.34515402,1
13,385,0.9805934,0.0,0.0,0.32686448,1
13,386,0.0,0.0,0.8067696,0.26892322,1
13,400,0.0,0.9579779,0.0,0.31932598,1
13,405,0.0,1.0284609,0.0,0.3428203,1
13,409,0.0,0.95204145,0.0,0.31734717,1
13,410,0.0,0.0,0.6748144,0.22493814,1
13,415,1.0086942,0.0,0.0,0.3362314,1
13,416,0.984259,0.0,0.0,0.32808635,1
13,428,0.0,1.0016531,0.0,0.33388436,1
13,431,0.9772973,0.0,0.0,0.3257658,1
13,433,0.0,1.0142024,0.0,0.33806747,1
13,435,0.0,0.96015847,0.0,0.32005283,1
13,436,1.0181383,1.0632899,0.0,0.6938094,2
13,438,0.0,0.0,0.7004732,0.23349106,1
13,442,0.9884424,0.0,0.8863903,0.62494427,2
13,454,1.0502632,0.0,0.0,0.35008773,1
13,457,0.0,0.9694613,0.0,0.3231538,1
13,465,0.0,0.0,0.7182568,0.23941892,1
13,469,0.0,0.0,0.9309515,0.31031716,1
13,471,0.9888431,0.0,0.0,0.32961437,1
13,474,0.0,0.0,0.8314482,0.2771494,1
13,478,0.0,0.0,0.79120046,0.2637335,1
13,486,0.0,0.0,0.83324975,0.27774993,1
13,489,0.95332533,0.0,0.0,0.31777513,1
13,490,0.0,0.0,0.78410083,0.26136696,1
13,497,0.99070907,0.0,0.0,0.33023638,1
13,498,0.98126346,0.0,0.0,0.32708782,1
13,501,0.95954496,0.0,0.0,0.31984833,1
14,20,1.0059577,0.0,0.6931078,0.56635517,2
14,21,1.001018,0.0,0.0,0.3336727,1
14,24,0.97071767,0.0,0.0,0.32357258,1
14,30,0.9845141,0.0,0.0,0.32817137,1
14,31,0.98193,0.0,0.0,0.32731003,1
14,34,0.962405,0.0,0.0,0.32080168,1
14,36,0.0,0.0,0.99882025,0.3329401,1
14,53,0.0,1.0120361,0.0,0.33734536,1
14,55,0.0,1.0686725,0.0,0.35622418,1
14,60,0.0,0.0,1.0397218,0.34657395,1
14,65,0.0,0.0,0.8114727,0.2704909,1
14,75,0.0,0.0,0.9392246,0.3130749,1
14,77,0.0,1.2001139,1.1641191,0.7880777,2
14,81,0.0,1.0120769,0.0,0.33735895,1
14,83,0.0,0.0,0.91281474,0.30427158,1
14,84,0.0,0.0,0.6538802,0.21796006,1
14,85,0.0,0.0,1.6155319,0.5385107,1
14,86,0.0,1.0555111,0.0,0.35183704,1
14,97,0.0,1.0810102,0.69531494,0.59210837,2
14,107,1.0066932,0.0,1.3601329,0.7889421,2
14,114,0.0,0.0,1.5927253,0.53090847,1
14,131,0.0,0.0,0.95779896,0.31926632,1
14,134,1.0197816,0.0,0.0,0.3399272,1
14,139,0.0,0.96592325,0.0,0.32197443,1
14,151,0.0,0.99940383,1.2105477,0.7366505,2
14,156,0.0,1.0747051,0.0,0.35823506,1
14,160,0.0,0.0,0.797959,0.26598635,1
14,163,0.98753005,0.0,0.0,0.3291767,1
14,164,1.0998905,0.0,0.0,0.36663017,1
14,165,0.0,0.0,0.96994513,0.32331505,1
14,167,0.0,0.0,1.2572654,0.41908848,1
14,169,0.0,0.0,0.7898421,0.26328072,1
14,172,0.0,1.0193468,0.0,0.3397823,1
14,192,0.0,0.9756139,0.0,0.32520464,1
14,201,0.0,0.9365733,0.0,0.31219113,1
14,207,0.0,0.9390828,0.0,0.31302762,1
14,210,0.0,0.0,0.9598409,0.31994697,1
14,212,1.0495397,0.0,0.0,0.34984657,1
14,214,0.0,1.0501633,0.0,0.35005444,1
14,215,0.0,0.0,1.2721201,0.42404005,1
14,219,0.0,0.0,0.6749719,0.22499064,1
14,221,0.9860447,0.0,0.0,0.3286816,1
14,222,1.0218496,1.0341944,0.0,0.68534803,2
14,227,0.0,1.0807861,0.0,0.36026204,1
14,236,0.98980635,0.0,0.0,0.32993546,1
14,237,0.0,0.95300716,0.0,0.31766906,1
14,241,0.0,0.0,0.89158404,0.2971947,1
14,245,0.0,1.0772829,0.0,0.35909432,1
14,246,1.0532342,0.0,0.0,0.3510781,1
14,268,0.0,0.96908987,0.0,0.32302997,1
14,269,0.99189085,0.0,0.0,0.3306303,1
14,270,0.0,0.0,1.0405183,0.34683943,1
14,271,0.9657289,0.977068,0.0,0.647599,2
14,273,0.0,1.0450423,0.0,0.34834743,1
14,277,0.0,0.0,0.6709015,0.22363383,1
14,278,0.0,0.9970012,0.0,0.33233374,1
14,282,0.0,0.9378439,0.0,0.31261465,1
14,289,0.0,0.0,0.9319618,0.31065392,1
14,290,0.0,0.0,1.5003883,0.50012946,1
14,298,0.9687936,0.0,0.0,0.3229312,1
14,304,0.0,0.9575557,0.0,0.31918526,1
14,309,0.992084,0.0,0.0,0.33069468,1
14,318,1.0142202,0.0,0.0,0.33807343,1
14,322,0.0,0.9596587,0.0,0.31988624,1
14,330,0.0,0.9709096,0.0,0.32363653,1
14,333,0.0,0.9586678,0.0,0.31955594,1
14,338,0.96227944,0.0,0.0,0.32075983,1
14,342,0.0,0.9709788,0.0,0.3236596,1
14,345,0.0,0.0,0.975077,0.32502568,1
14,348,0.0,0.0,1.7240938,0.574698,1
14,350,0.0,0.0,0.9520365,0.3173455,1
14,351,0.0,0.0,1.0841264,0.36137545,1
14,363,0.0,0.0,1.1455629,0.3818543,1
14,364,0.984539,0.0,0.0,0.32817966,1
14,367,0.0,1.1576009,0.0,0.38586697,1
14,371,0.0,0.0,0.5328279,0.17760931,1
14,386,0.0,0.0,0.9493016,0.31643388,1
14,389,0.0,0.0,0.786449,0.2621497,1
14,390,1.0455455,0.0,0.0,0.34851515,1
14,391,0.0,0.0,0.8787438,0.29291463,1
14,392,0.0,0.96183395,0.0,0.32061133,1
14,405,0.96713924,0.0,0.0,0.32237977,1
14,408,0.98030293,0.0,0.0,0.32676765,1
14,421,0.0,1.1025438,0.0,0.3675146,1
14,424,0.9823587,0.0,0.0,0.3274529,1
14,432,1.0428913,0.0,0.0,0.34763044,1
14,433,0.0,0.9622151,0.98024446,0.64748657,2
14,442,1.0163076,0.0,0.0,0.3387692,1
14,453,0.0,0.0,0.8180205,0.27267352,1
14,457,0.0,1.018899,0.0,0.339633,1
14,458,0.0,1.004505,1.2358462,0.74678373,2
14,466,0.0,0.9594521,0.0,0.31981736,1
14,474,0.98658824,0.0,0.0,0.32886276,1
14,482,0.9925355,0.0,0.0,0.33084518,1
14,486,0.0,0.0,0.79105157,0.26368386,1
14,499,0.996158,0.0,0.0,0.33205268,1
14,502,0.9668754,0.0,0.0,0.3222918,1
14,503,0.0,0.0,1.4650302,0.48834342,1
14,504,0.97459394,0.0,0.0,0.32486466,1
14,506,0.0,0.9382754,0.0,0.31275848,1
15,25,1.001249,0.0,0.0,0.33374965,1
15,31,0.0,1.0136312,0.0,0.3378771,1
15,33,0.0,0.0,0.77541375,0.25847125,1
15,51,0.0,0.96269983,0.0,0.32089996,1
15,54,0.0,0.0,1.7446793,0.5815598,1
15,56,0.97465307,0.0,0.0,0.32488436,1
15,63,1.0095409,0.0,0.0,0.33651364,1
15,64,0.0,0.0,1.2623907,0.42079693,1
15,68,0.0,0.0,0.9744376,0.32481253,1
15,69,0.9907407,0.0,0.0,0.33024693,1
15,70,1.0311159,0.0,0.0,0.3437053,1
15,93,0.0,0.97321093,0.0,0.32440364,1
15,94,0.0,0.0,1.5148871,0.5049624,1
15,99,0.0,1.0156046,0.0,0.3385349,1
15,102,1.000396,0.0,0.0,0.33346534,1
15,104,0.0,0.0,0.91002506,0.3033417,1
15,106,1.053867,0.0,0.0,0.351289,1
15,110,1.0979311,0.0,0.0,0.36597705,1
15,119,0.0,0.951566,0.0,0.31718868,1
15,120,0.0,0.9453582,0.0,0.31511942,1
15,141,0.0,0.0,1.4316812,0.47722706,1
15,144,0.0,0.0,1.329048,0.44301602,1
15,147,1.0136608,0.94748473,0.0,0.6537152,2
15,148,1.0051851,0.0,0.0,0.33506173,1
15,151,0.0,0.97421396,0.0,0.324738,1
15,154,0.0,1.049228,0.0,0.34974265,1
15,155,0.0,1.0358702,0.0,0.34529006,1
15,156,0.96913856,0.0,0.0,0.3230462,1
15,165,0.0,0.0,0.7436087,0.24786958,1
15,176,0.0,1.0177535,0.0,0.33925116,1
15,178,0.0,1.061735,1.4496466,0.8371272,2
15,183,1.0216224,0.0,0.0,0.34054083,1
15,186,0.0,1.0151182,0.0,0.33837277,1
15,192,0.0,0.9391407,0.0,0.3130469,1
15,198,0.0,0.0,0.80154574,0.26718193,1
15,200,0.9700963,0.0,0.0,0.32336545,1
15,219,0.0,0.0,1.4622093,0.48740312,1
15,250,0.0,1.0280777,0.0,0.34269258,1
15,253,0.0,0.0,0.81414527,0.27138177,1
15,258,1.0503855,0.0,0.0,0.3501285,1
15,260,0.0,0.0,0.68788433,0.22929478,1
15,261,0.0,0.0,0.7603619,0.25345397,1
15,264,1.0828799,0.0,0.0,0.36095998,1
15,266,0.0,0.0,0.7465775,0.24885917,1
15,278,0.99616253,0.0,0.0,0.3320542,1
15,280,1.0188919,0.0,0.0,0.33963066,1
15,287,0.99926937,0.0,0.0,0.3330898,1
15,291,1.0471009,0.9457827,0.0,0.6642946,2
15,292,0.0,0.9500975,0.0,0.31669918,1
15,305,1.0226703,0.0,0.0,0.3408901,1
15,306,0.0,0.0,1.8163983,0.6054661,1
15,308,0.0,0.0,1.9595782,0.65319276,1
15,309,0.0,1.0108116,0.0,0.3369372,1
15,315,0.0,0.0,1.8040764,0.60135883,1
15,317,0.0,1.0049744,0.0,0.33499146,1
15,319,0.0,1.0217693,0.0,0.34058976,1
15,325,0.9762482,0.0,0.0,0.3254161,1
15,329,0.0,1.0189363,0.0,0.33964545,1
15,333,0.0,0.0,1.2879663,0.4293221,1
15,343,0.9654696,0.0,0.0,0.3218232,1
15,350,0.0,0.0,0.8365559,0.278852,1
15,363,0.0,0.0,0.7403212,0.24677375,1
15,373,0.0,1.0884843,1.508046,0.8655101,2
15,379,0.0,0.0,0.7751607,0.2583869,1
15,380,0.0,0.0,1.130967,0.376989,1
15,395,0.0,0.9968603,1.2642988,0.7537197,2
15,398,0.0,1.0019331,0.0,0.3339777,1
15,402,0.0,1.1100141,0.0,0.3700047,1
15,403,0.9629562,0.0,0.0,0.3209854,1
15,409,0.0,1.0190594,1.4325011,0.81718683,2
15,416,0.0,0.0,0.7882404,0.2627468,1
15,423,0.0,1.0072927,0.0,0.33576426,1
15,426,0.0,0.9999185,0.0,0.3333062,1
15,439,0.0,1.0112901,0.6939019,0.56839734,2
15,450,1.0169443,0.0,0.0,0.33898145,1
15,453,0.0,0.0,1.1910194,0.39700648,1
15,458,0.99096364,0.0,0.0,0.33032122,1
15,459,0.0,0.0,1.1573031,0.3857677,1
15,461,0.97851336,0.0,0.0,0.32617113,1
15,466,0.98811144,0.0,0.0,0.3293705,1
15,468,0.0,1.0471292,0.0,0.34904307,1
15,471,0.0,0.0,0.8108727,0.2702909,1
15,473,0.0,0.94646937,0.0,0.3154898,1
15,475,1.046315,0.9748415,0.0,0.6737188,2
15,477,0.0,0.0,1.5491096,0.5163699,1
15,480,0.0,1.0468919,0.0,0.34896398,1
15,482,0.0,0.97504306,0.0,0.32501435,1
15,483,0.0,0.95507246,0.7910485,0.5820403,2
15,485,0.0,0.0,1.1201266,0.37337554,1
15,487,0.0,0.0,0.68447024,0.22815675,1
15,497,1.0959204,0.0,0.0,0.36530682,1
15,498,0.99024045,0.0,0.0,0.33008015,1
15,499,0.0,0.96176404,0.0,0.32058802,1
16,18,0.0,0.0,1.040671,0.34689033,1
16,22,0.0,0.95183176,0.88405883,0.6119635,2
16,26,0.99167967,0.0,0.0,0.3305599,1
16,27,0.0,1.0410465,0.0,0.3470155,1
16,30,0.0,0.9670958,0.0,0.32236528,1
16,32,0.0,0.999734,0.0,0.33324468,1
16,39,0.0,0.0,0.8302591,0.27675304,1
16,40,0.0,0.0,0.7182877,0.23942924,1
16,41,1.0093489,0.0,0.0,0.33644962,1
16,62,0.0,0.98259056,0.0,0.3275302,1
16,66,0.0,0.0,1.236611,0.41220367,1
16,70,0.0,0.9822821,0.0,0.3274274,1
16,72,0.0,0.0,1.3504999,0.45016664,1
16,74,0.0,0.0,0.81066763,0.27022254,1
16,75,0.0,0.9387162,0.0,0.3129054,1
16,93,1.0100759,1.0011228,0.0,0.6703996,2
16,98,0.0,0.960805,0.0,0.32026833,1
16,110,0.0,0.9939335,0.0,0.33131117,1
16,117,0.0,0.0,0.89006704,0.29668903,1
16,125,0.0,0.95151764,0.0,0.31717256,1
16,131,0.0,1.0067122,0.0,0.33557075,1
16,147,0.98496354,0.0,0.0,0.3283212,1
16,152,0.98523396,0.0,0.0,0.32841134,1
16,158,0.0,0.0,1.6433942,0.5477981,1
16,168,0.0,0.0,0.83018833,0.27672946,1
16,179,0.0,0.0,0.70913625,0.23637876,1
16,182,0.9814266,0.0,0.0,0.3271422,1
16,186,0.96303135,0.0,0.0,0.32101047,1
16,200,0.0,0.0,0.9301281,0.3100427,1
16,205,0.9685324,0.0,0.0,0.32284415,1
16,206,0.9983698,0.0,0.0,0.33278996,1
16,216,0.0,0.961099,0.0,0.32036635,1
16,218,0.0,0.0,0.8196939,0.27323133,1
16,226,0.0,0.0,0.75962424,0.2532081,1
16,228,0.9858351,0.0,0.0,0.3286117,1
16,229,0.9840977,0.0,0.0,0.32803258,1
16,233,1.0043396,0.0,0.0,0.33477986,1
16,235,0.9697514,0.0,1.9776912,0.9824809,2
16,236,0.0,0.0,0.58700836,0.19566946,1
16,247,1.0193928,0.0,0.0,0.33979762,1
16,249,0.9682209,0.0,0.0,0.32274032,1
16,252,0.0,0.0,1.4760914,0.49203047,1
16,257,0.0,0.95279115,0.8996586,0.61748326,2
16,279,0.0,0.0,0.920409,0.30680302,1
16,280,0.0,0.0,1.041167,0.34705567,1
16,292,1.1064557,0.0,0.0,0.36881858,1
16,298,1.0375211,0.0,0.0,0.3458404,1
16,299,0.0,0.0,1.1022128,0.36740428,1
16,305,0.0,1.0594461,0.0,0.3531487,1
16,314,0.0,0.0,0.946404,0.315468,1
16,315,0.9839805,0.0,0.0,0.3279935,1
16,319,0.0,0.9609723,0.0,0.32032412,1
16,321,0.0,0.0,0.95314544,0.31771517,1
16,326,0.0,0.0,1.6477535,0.5492512,1
16,327,0.0,0.9907251,0.0,0.3302417,1
16,328,0.0,0.9549839,0.0,0.31832796,1
16,337,0.0,0.0,0.9205263,0.30684212,1
16,338,0.0,0.9532552,0.0,0.31775174,1
16,340,0.0,0.0,1.7680606,0.58935356,1
16,343,0.0,0.9823912,0.7960576,0.5928163,2
16,351,0.0,0.95427245,0.0,0.31809083,1
16,356,0.0,0.94788337,0.0,0.31596112,1
16,365,0.0,0.95848465,0.0,0.3194949,1
16,370,0.0,0.0,1.1006943,0.36689812,1
16,373,0.0,0.94997,0.0,0.31665668,1
16,378,0.9834264,0.0,0.0,0.3278088,1
16,382,0.0,0.0,0.7801663,0.26005545,1
16,388,0.9918957,0.0,1.3133798,0.76842517,2
16,389,0.0,1.0032101,0.0,0.33440337,1
16,394,1.0506655,0.0,0.0,0.35022184,1
16,410,0.0,0.954861,0.0,0.31828701,1
16,424,0.0,0.99355584,0.0,0.33118528,1
16,426,0.9834891,0.0,0.0,0.32782972,1
16,430,0.9965683,0.0,0.0,0.33218944,1
16,431,0.0,0.9762545,0.0,0.32541817,1
16,435,0.0,0.0,1.0347025,0.34490085,1
16,447,1.0119737,0.0,0.0,0.3373246,1
16,451,0.9690863,0.9633841,0.0,0.6441568,2
16,456,1.0003551,0.0,0.0,0.33345172,1
16,460,0.0,1.0055014,0.0,0.33516714,1
16,465,0.0,0.0,1.0493413,0.34978044,1
16,466,1.0714614,0.0,1.6778109,0.91642416,2
16,467,1.0431349,0.0,0.0,0.34771165,1
16,476,0.0,0.9755095,0.0,0.32516986,1
16,478,0.0,0.0,0.6916998,0.2305666,1
16,488,1.0304192,0.0,0.0,0.34347308,1
16,494,0.0,0.0,2.0947533,0.6982511,1
16,501,0.0,1.0170149,0.0,0.33900496,1
16,510,0.0,0.0,1.447459,0.48248634,1
16,511,1.0856516,0.0,0.0,0.36188388,1
17,19,0.9685854,0.0,1.2264178,0.73166776,2
17,26,0.0,0.95046765,0.0,0.31682256,1
17,35,0.0,0.9344811,0.0,0.3114937,1
17,57,0.96483624,0.0,0.9917791,0.6522051,2
17,63,0.0,1.0810496,0.0,0.36034986,1
17,70,0.0,0.0,0.80607766,0.26869255,1
17,79,0.9633626,0.0,0.0,0.32112086,1
17,81,0.0,0.0,1.3437458,0.4479153,1
17,83,0.9737314,0.0,0.0,0.32457715,1
17,91,0.0,1.0248476,0.0,0.3416159,1
17,92,0.0,0.98923546,0.0,0.32974517,1
17,99,0.9674002,0.0,0.0,0.32246673,1
17,106,0.0,0.93055135,0.0,0.3101838,1
17,113,0.0,0.0,0.8743974,0.29146582,1
17,117,0.0,1.0197213,0.0,0.3399071,1
17,119,0.0,0.0,0.91579854,0.3052662,1
17,133,0.0,0.0,1.008352,0.33611736,1
17,138,0.0,0.0,0.6409722,0.21365741,1
17,150,0.0,0.9947445,0.0,0.3315815,1
17,157,0.0,1.0563972,0.0,0.3521324,1
17,161,1.0518041,1.0393685,0.0,0.69705755,2
17,170,0.9662061,0.0,0.0,0.3220687,1
17,180,0.0,0.0,1.4522808,0.4840936,1
17,182,1.0355089,0.0,0.0,0.34516963,1
17,185,0.0,0.0,0.795893,0.26529768,1
17,189,0.0,0.98533887,0.0,0.3284463,1
17,193,0.0,0.0,0.9192121,0.30640405,1
17,202,0.0,1.0138978,0.0,0.33796594,1
17,204,0.0,1.0864316,0.0,0.36214387,1
17,206,1.0107341,0.0,0.0,0.33691138,1
17,218,0.98497045,0.0,0.0,0.32832348,1
17,223,0.0,0.96812075,0.0,0.32270694,1
17,225,0.0,0.9300134,0.0,0.31000447,1
17,229,1.0597801,0.0,0.0,0.35326004,1
17,232,0.0,1.0630318,0.0,0.35434395,1
17,240,0.0,0.0,0.70333403,0.23444468,1
17,247,0.0,0.9629077,0.0,0.32096922,1
17,255,1.0020939,0.0,0.0,0.3340313,1
17,256,0.9726777,0.0,0.0,0.3242259,1
17,259,1.0003822,0.0,0.0,0.33346075,1
17,265,0.0,0.0,1.0044317,0.33481058,1
17,275,0.97096914,0.9305451,0.0,0.63383806,2
17,286,0.0,0.96390367,0.0,0.32130122,1
17,292,0.0,1.0408131,0.0,0.34693772,1
17,298,1.0453669,0.0,0.0,0.34845564,1
17,302,0.98225707,0.0,0.0,0.32741904,1
17,306,0.0,0.9898682,0.0,0.32995608,1
17,313,0.0,0.9296706,0.0,0.3098902,1
17,317,0.0,0.93242913,0.0,0.31080973,1
17,318,0.0,0.0,1.4583377,0.48611256,1
17,325,0.0,0.94417375,0.0,0.3147246,1
17,326,1.0302646,0.9509739,0.0,0.6604129,2
17,331,0.0,0.0,0.7322266,0.24407554,1
17,332,0.0,0.0,1.1372656,0.37908852,1
17,340,0.9707308,0.0,0.0,0.32357693,1
17,341,0.0,0.9718414,0.0,0.32394713,1
17,351,0.95480347,0.0,0.0,0.31826782,1
17,354,0.0,0.0,0.9962637,0.3320879,1
17,356,0.96433014,0.0,0.0,0.32144338,1
17,363,0.0,1.0030884,0.0,0.3343628,1
17,366,0.96946174,0.0,0.0,0.3231539,1
17,368,0.0,0.0,1.5695908,0.52319694,1
17,369,0.0,0.0,1.8420578,0.6140193,1
17,370,0.0,0.96424437,0.0,0.3214148,1
17,375,0.0,0.0,1.0111612,0.33705375,1
17,387,0.0,0.9447172,0.0,0.31490576,1
17,388,0.9679622,0.0,0.0,0.32265407,1
17,392,0.0,0.9790649,0.0,0.32635498,1
17,397,0.0,0.9865324,0.8640202,0.61685085,2
17,399,0.0,0.0,1.297414,0.43247133,1
17,407,0.0,1.0478448,0.73285985,0.5935682,2
17,415,0.97236234,0.9920212,0.0,0.6547946,2
17,418,0.9639539,0.0,0.0,0.32131797,1
17,422,0.0,0.0,1.5900265,0.53000885,1
17,432,0.0,0.9524231,0.8044321,0.5856184,2
17,435,0.0,0.989466,0.0,0.329822,1
17,437,0.0,0.0,0.78665805,0.26221937,1
17,438,0.0,1.0749458,0.0,0.3583153,1
17,444,0.0,0.0,0.9295907,0.30986357,1
17,449,0.9587894,0.0,0.0,0.31959647,1
17,469,0.98582494,0.9988078,0.0,0.66154426,2
17,470,0.97132456,0.0,0.0,0.32377487,1
17,477,0.9929491,0.0,0.0,0.33098304,1
17,482,0.0,0.0,1.2322925,0.4107642,1
17,496,0.0,1.0063365,1.7642976,0.92354476,2
17,498,0.0,0.0,0.71371424,0.23790476,1
17,499,0.0,0.99133825,0.0,0.3304461,1
17,500,0.99113023,0.0,0.0,0.33037674,1
17,506,0.0,0.9920255,0.0,0.33067518,1
17,507,0.0,0.0,0.9423779,0.31412598,1
18,20,0.98128754,0.0,0.0,0.32709587,1
18,21,0.97235864,0.0,0.82610416,0.59948766,2
18,22,0.0,0.98203576,0.0,0.32734525,1
18,25,0.0,0.0,0.8353632,0.27845442,1
18,28,0.0,1.0327761,0.0,0.34425873,1
18,39,0.0,0.0,0.71499735,0.23833245,1
18,40,0.0,0.0,1.171954,0.39065135,1
18,44,0.0,1.0110056,0.0,0.3370019,1
18,56,0.0,0.0,1.1330659,0.37768865,1
18,61,0.0,0.0,0.88750345,0.29583448,1
18,66,1.0053092,0.0,1.2843022,0.76320386,2
18,68,0.9915889,1.0231324,0.0,0.67157376,2
18,69,0.0,0.0,0.69009995,0.23003332,1
18,70,0.0,0.9843333,0.0,0.3281111,1
18,71,0.9645207,0.0,0.0,0.32150692,1
18,72,0.0,0.9387969,1.005062,0.647953,2
18,79,0.0,0.97177094,0.0,0.32392365,1
18,90,0.0,0.9385192,0.0,0.31283975,1
18,110,0.0,0.9598653,0.0,0.3199551,1
18,114,0.0,0.985672,0.0,0.32855734,1
18,128,0.0,0.0,1.6527485,0.5509162,1
18,130,0.0,0.0,0.6095608,0.20318693,1
18,132,0.0,0.0,0.76826674,0.2560889,1
18,140,0.0,1.00894,0.0,0.33631334,1
18,147,0.99266356,0.0,0.0,0.33088785,1
18,148,0.0,0.0,0.83093125,0.2769771,1
18,149,1.0390645,0.0,0.0,0.34635484,1
18,157,0.96792233,0.0,0.0,0.32264078,1
18,158,0.0,0.0,0.76588327,0.25529444,1
18,166,0.0,0.0,0.8534845,0.28449485,1
18,187,0.0,1.0500252,0.0,0.35000843,1
18,192,0.0,1.0126225,0.0,0.33754084,1
18,195,0.0,0.0,0.62032515,0.20677505,1
18,196,1.0096308,0.0,0.0,0.33654362,1
18,198,1.035742,0.9911746,0.0,0.6756389,2
18,210,0.98682976,0.0,0.0,0.32894325,1
18,213,0.0,0.0,0.7998462,0.2666154,1
18,217,0.0,0.0,0.7750943,0.25836477,1
18,218,1.0095499,0.94439006,0.0,0.6513133,2
18,220,0.0,0.0,0.772231,0.25741035,1
18,221,0.0,1.0393159,1.0132426,0.6841862,2
18,226,0.0,0.0,1.5876054,0.5292018,1
18,227,0.0,0.9619606,0.4961032,0.48602128,2
18,235,0.0,0.0,1.1076366,0.3692122,1
18,236,0.0,0.0,0.6059901,0.20199671,1
18,238,0.0,0.0,0.7999429,0.26664764,1
18,246,0.9736178,0.0,0.0,0.32453927,1
18,247,0.0,1.0262555,0.0,0.34208518,1
18,260,1.0315675,0.0,0.0,0.34385583,1
18,264,1.0174004,0.0,0.0,0.33913347,1
18,268,0.99048066,1.0356151,0.0,0.67536527,2
18,279,0.9648622,0.0,0.0,0.32162076,1
18,280,0.0,0.0,0.7078763,0.23595878,1
18,283,0.9963722,0.9933203,0.0,0.6632309,2
18,291,0.0,0.0,0.66424817,0.22141606,1
18,296,1.0489717,0.0,0.89014137,0.646371,2
18,300,0.9790196,0.0,0.0,0.32633987,1
18,302,0.0,0.0,0.7805114,0.26017046,1
18,313,0.0,0.0,0.74377775,0.24792592,1
18,321,0.0,0.0,0.67095566,0.22365189,1
18,325,0.98666567,0.0,1.130233,0.7056329,2
18,326,0.0,0.0,1.0428761,0.34762537,1
18,334,0.97824997,0.0,0.0,0.32608333,1
18,336,0.0,0.9528868,0.0,0.31762895,1
18,337,0.0,0.0,1.0552527,0.3517509,1
18,340,0.0,0.0,0.8807706,0.29359022,1
18,343,0.0,1.0165522,0.0,0.33885074,1
18,357,0.0,1.0930268,0.0,0.36434227,1
18,360,0.0,0.97582483,0.0,0.32527494,1
18,371,0.9993105,0.0,0.0,0.3331035,1
18,372,0.0,0.0,1.2861465,0.42871553,1
18,378,0.9681212,0.0,0.0,0.32270706,1
18,381,0.0,0.9482619,0.0,0.3160873,1
18,384,1.0533978,0.0,0.0,0.3511326,1
18,388,0.0,0.0,1.1645813,0.3881938,1
18,401,1.03264,0.0,0.0,0.34421334,1
18,416,0.9685466,0.0,0.0,0.3228489,1
18,417,1.0143939,0.0,0.0,0.3381313,1
18,427,1.0021842,0.0,0.0,0.33406138,1
18,429,1.2571905,0.0,0.0,0.4190635,1
18,435,0.0,0.0,1.4422747,0.48075825,1
18,442,0.9703337,0.0,0.0,0.32344458,1
18,445,0.0,0.94707966,1.1572224,0.701434,2
18,458,1.048256,0.0,0.0,0.3494187,1
18,459,0.9685945,0.0,0.0,0.32286483,1
18,466,0.0,0.0,0.8421481,0.28071606,1
18,467,0.0,0.0,0.9006893,0.3002298,1
18,469,0.0,1.045624,0.0,0.34854135,1
18,473,0.0,0.0,0.76575834,0.25525278,1
18,477,0.0,0.94609594,0.0,0.3153653,1
18,480,0.9874289,0.0,1.5252786,0.8375692,2
18,482,0.9712514,0.0,0.0,0.3237505,1
18,484,0.98924947,0.0,0.0,0.32974982,1
18,491,0.0,0.0,0.70442665,0.23480889,1
18,494,0.0,0.0,0.8980262,0.2993421,1
18,508,0.0,0.0,1.0456492,0.34854972,1
18,511,0.0,1.0636228,0.0,0.35454094,1
19,31,0.0,0.9929681,0.0,0.33098936,1
19,36,0.0,1.0107508,0.0,0.33691692,1
19,37,0.0,0.9784431,0.0,0.3261477,1
19,43,1.0024601,0.0,0.0,0.33415338,1
19,47,1.0534339,0.0,0.0,0.35114464,1
19,48,0.0,0.9779177,0.0,0.32597256,1
19,49,0.0,0.0,0.89147264,0.29715756,1
19,51,0.9719277,0.0,0.0,0.32397592,1
19,57,0.0,0.0,0.6613506,0.22045021,1
19,59,0.9878768,0.0,0.0,0.32929227,1
19,69,0.0,0.94318134,0.0,0.3143938,1
19,70,0.0,0.0,1.2374814,0.4124938,1
19,71,0.9831434,0.0,0.0,0.32771447,1
19,84,0.0,1.1204456,0.0,0.37348187,1
19,85,0.9868885,0.0,0.0,0.32896286,1
19,88,0.9666036,0.0,0.0,0.3222012,1
19,102,0.98307914,0.0,0.0,0.32769305,1
19,106,0.0,1.0268875,0.0,0.34229586,1
19,107,0.9736736,0.0,0.0,0.32455787,1
19,110,1.0589261,0.0,0.0,0.35297537,1
19,115,1.016331,0.0,0.0,0.338777,1
19,122,1.0020974,0.0,0.0,0.33403248,1
19,126,0.0,0.0,1.1951722,0.39839074,1
19,131,0.96406317,0.0,0.0,0.3213544,1
19,133,0.0,0.0,1.0731026,0.35770088,1
19,135,0.0,1.128705,0.0,0.376235,1
19,143,0.0,0.9364057,0.0,0.31213525,1
19,147,0.96795994,0.95205015,0.0,0.6400034,2
19,150,0.0,0.0,0.94631916,0.31543973,1
19,151,0.9714723,0.0,0.0,0.3238241,1
19,152,0.0,0.0,1.2339336,0.4113112,1
19,153,0.0,1.1119179,0.0,0.3706393,1
19,176,0.9893583,0.0,0.7749425,0.5881003,2
19,180,0.0,0.0,1.2421535,0.41405118,1
19,182,0.0,0.0,0.979055,0.32635167,1
19,183,0.0,1.0273947,0.0,0.3424649,1
19,185,0.0,0.0,0.887525,0.2958417,1
19,186,0.0,0.0,1.1304511,0.37681705,1
19,190,0.0,0.9491796,0.0,0.3163932,1
19,201,0.0,1.0638444,0.0,0.35461482,1
19,204,0.0,0.0,0.70667064,0.23555689,1
19,210,1.0052346,0.0,0.0,0.3350782,1
19,216,0.0,0.0,1.1528338,0.38427794,1
19,218,0.97496223,0.0,0.0,0.3249874,1
19,227,0.0,1.003396,0.0,0.33446535,1
19,228,0.97431695,0.0,0.0,0.32477233,1
19,229,0.9853133,0.0,0.0,0.32843778,1
19,230,0.0,0.9418039,0.0,0.31393462,1
19,232,0.96869284,0.0,0.0,0.3228976,1
19,233,0.0,1.0637534,0.0,0.35458446,1
19,238,1.070125,0.9794014,0.0,0.6831755,2
19,256,0.0,0.97720414,0.0,0.32573473,1
19,257,1.0173548,0.0,0.0,0.3391183,1
19,276,0.0,0.9572207,0.0,0.31907356,1
19,287,0.0,0.0,1.2442605,0.41475353,1
19,288,1.0429214,0.0,0.0,0.34764048,1
19,295,0.0,0.0,0.69401777,0.23133926,1
19,306,0.0,0.9619371,0.0,0.32064572,1
19,309,0.0,0.0,0.7061216,0.23537388,1
19,316,0.0,1.0218189,0.7078205,0.57654643,2
19,317,0.0,0.0,1.0790479,0.35968265,1
19,318,0.0,0.0,1.5841163,0.5280388,1
19,329,0.0,1.0477917,0.0,0.3492639,1
19,332,0.0,0.0,1.3274189,0.442473,1
19,333,0.9855853,0.0,0.0,0.32852843,1
19,342,0.0,0.95743126,0.0,0.31914377,1
19,343,0.98061335,0.0,0.0,0.32687113,1
19,346,0.96400595,0.0,0.0,0.32133532,1
19,368,0.0,0.0,1.0046525,0.33488417,1
19,369,0.0,0.0,0.8289734,0.27632448,1
19,375,0.0,0.0,1.1433554,0.38111848,1
19,397,0.0,0.0,1.6470989,0.549033,1
19,399,0.0,1.0346051,0.0,0.3448684,1
19,403,0.9810262,0.0,0.0,0.32700872,1
19,407,0.0,0.0,0.91479754,0.30493253,1
19,409,0.98921895,0.0,0.0,0.32973966,1
19,422,1.0331141,0.0,1.0890573,0.7073905,2
19,437,0.0,0.0,0.87814045,0.2927135,1
19,442,0.9730312,0.0,0.0,0.32434374,1
19,444,0.0,0.0,0.876218,0.29207268,1
19,447,0.0,1.1711415,0.0,0.3903805,1
19,449,0.0,0.0,0.79394996,0.26465,1
19,452,0.0,1.0971636,0.0,0.3657212,1
19,465,0.0,1.0628703,0.0,0.3542901,1
19,466,1.0157111,0.0,0.0,0.33857036,1
19,482,0.0,0.0,0.77619064,0.25873023,1
19,488,0.97123,0.0,0.0,0.32374334,1
19,496,1.0485865,0.0,0.85644114,0.6350092,2
19,501,1.0891678,0.0,0.0,0.36305594,1
19,502,0.9969454,0.0,0.0,0.33231515,1
19,507,0.0,0.96980524,0.0,0.3232684,1
19,509,0.0,0.9630581,0.0,0.32101938,1
20,21,1.0258036,0.0,0.0,0.34193453,1
20,39,0.9748526,0.0,0.0,0.32495087,1
20,41,0.0,0.0,0.58437026,0.1947901,1
20,43,0.0,1.0173584,0.0,0.3391195,1
20,59,0.9698624,0.0,1.1113315,0.6937313,2
20,60,0.0,0.0,1.1196845,0.37322816,1
20,62,0.0,0.95279104,0.0,0.31759703,1
20,65,0.0,0.0,0.71316916,0.23772305,1
20,66,1.0108777,0.0,0.0,0.33695924,1
20,74,1.03701,0.0,0.0,0.34566998,1
20,75,0.0,0.9462311,0.0,0.31541038,1
20,81,1.0712487,0.0,0.0,0.3570829,1
20,83,0.0,0.0,1.0489287,0.34964293,1
20,86,0.0,0.0,0.81826884,0.27275628,1
20,89,0.0,1.0432987,0.0,0.34776625,1
20,96,0.97523737,0.0,0.0,0.32507914,1
20,97,0.0,0.0,0.70423806,0.23474602,1
20,103,1.0077375,0.0,0.0,0.33591253,1
20,112,0.0,0.0,0.77715176,0.2590506,1
20,114,0.0,0.0,0.71978676,0.23992893,1
20,118,0.0,0.0,1.8174828,0.6058276,1
20,123,0.0,0.9476332,0.0,0.31587774,1
20,159,1.0223397,0.0,0.0,0.3407799,1
20,160,0.0,0.0,1.3001417,0.43338057,1
20,165,0.0,0.93780655,0.0,0.3126022,1
20,167,0.0,0.0,1.2648879,0.4216293,1
20,168,1.0290073,0.0,0.0,0.34300244,1
20,178,0.0,0.9598454,0.0,0.3199485,1
20,181,0.0,0.9946383,0.0,0.33154613,1
20,194,0.0,0.0,0.7156515,0.23855051,1
20,195,0.9676707,0.0,0.0,0.3225569,1
20,196,0.0,0.95476454,0.0,0.31825486,1
20,197,0.0,1.0474824,0.0,0.3491608,1
20,207,0.9987132,0.0,0.0,0.3329044,1
20,210,0.0,0.0,0.79144573,0.26381525,1
20,211,0.96190196,0.0,0.0,0.320634,1
20,221,1.0349036,0.0,0.0,0.3449679,1
20,224,0.0,0.9431924,0.0,0.31439748,1
20,256,0.0,0.9479651,1.3178124,0.75525916,2
20,267,0.979771,0.0,0.0,0.32659036,1
20,269,0.0,1.0496572,0.0,0.34988576,1
20,270,0.0,0.0,0.82301265,0.27433756,1
20,275,0.0,0.0,1.0638784,0.35462615,1
20,282,0.0,1.0888975,0.0,0.36296582,1
20,286,1.0274725,0.0,0.0,0.34249085,1
20,289,0.0,0.0,0.89095896,0.29698634,1
20,290,0.0,0.0,0.74972576,0.2499086,1
20,291,0.0,0.9763224,0.0,0.32544082,1
20,293,0.0,0.98313725,0.0,0.32771242,1
20,295,0.0,0.96780324,0.0,0.32260108,1
20,303,0.0,1.0336815,0.0,0.3445605,1
20,308,0.0,1.0329432,0.0,0.34431443,1
20,310,0.0,0.0,0.89539033,0.29846346,1
20,311,0.9663999,0.0,0.0,0.3221333,1
20,313,0.0,0.0,0.967199,0.32239968,1
20,315,1.0242546,0.0,0.0,0.3414182,1
20,319,0.0,0.0,1.7738754,0.5912918,1
20,322,0.0,0.0,0.83260345,0.27753448,1
20,326,0.0,0.9553075,0.0,0.31843585,1
20,328,1.0053718,0.0,0.0,0.33512396,1
20,334,0.0,0.95017266,0.0,0.31672424,1
20,341,1.0005358,0.0,0.0,0.33351195,1
20,342,0.0,0.0,0.82808614,0.27602872,1
20,348,0.0,0.0,0.9395483,0.31318277,1
20,353,0.0,0.9403015,1.419095,0.7864655,2
20,354,0.0,1.0598651,0.0,0.35328838,1
20,366,0.97274685,0.0,0.0,0.32424897,1
20,371,0.0,0.9946804,0.0,0.33156013,1
20,373,0.0,1.0585854,0.0,0.35286182,1
20,379,0.0,0.0,0.9058036,0.30193454,1
20,381,0.9923323,0.96793526,0.0,0.65342253,2
20,386,0.0,0.0,1.2585154,0.41950512,1
20,394,1.0440989,0.0,0.0,0.34803295,1
20,400,0.0,1.0361031,0.0,0.34536773,1
20,405,1.0065109,0.0,0.0,0.33550364,1
20,412,0.9737819,0.0,0.0,0.32459396,1
20,417,1.0439014,0.0,0.0,0.34796715,1
20,427,0.0,0.0,0.8978081,0.29926938,1
20,428,0.0,0.0,0.6119103,0.2039701,1
20,430,0.0,0.0,2.1179676,0.70598924,1
20,433,0.0,0.0,1.5831991,0.5277331,1
20,435,0.0,0.99212635,0.0,0.3307088,1
20,436,0.0,0.95103735,0.79960746,0.5835483,2
20,448,0.0,1.0430561,0.0,0.3476854,1
20,453,0.0,0.98395914,0.0,0.3279864,1
20,454,0.0,0.9573618,0.0,0.31912062,1
20,458,0.0,0.0,0.7349863,0.24499545,1
20,460,0.9761266,0.0,0.0,0.32537556,1
20,465,0.9693727,0.0,0.0,0.32312423,1
20,468,0.0,1.1123807,0.0,0.37079358,1
20,471,0.0,1.0151951,0.0,0.3383984,1
20,481,1.0638217,0.0,0.0,0.35460722,1
20,483,0.0,1.0950509,0.0,0.365017,1
20,484,0.0,0.9822982,0.0,0.32743275,1
20,486,0.0,0.0,0.93931293,0.31310433,1
20,489,1.0197364,0.0,0.7815172,0.60041785,2
20,495,0.97765017,0.0,0.0,0.3258834,1
20,499,0.9801959,0.0,0.96003175,0.6467426,2
21,22,0.9879124,0.0,0.0,0.32930416,1
21,24,0.98384756,0.93809,0.0,0.64064586,2
21,33,0.0,0.0,0.8609355,0.2869785,1
21,35,1.0514278,0.0,0.8107855,0.6207378,2
21,40,0.97049445,0.0,1.317698,0.76273084,2
21,42,0.0,0.9420466,0.0,0.31401554,1
21,45,1.0246813,1.029377,0.0,0.6846861,2
21,46,0.0,0.9541325,0.0,0.3180442,1
21,52,0.0,1.0741565,0.0,0.3580522,1
21,65,0.0,0.0,0.799382,0.26646066,1
21,67,0.0,1.0161841,0.0,0.33872804,1
21,69,0.0,0.0,1.8038474,0.6012825,1
21,77,1.0138992,0.0,1.3065387,0.77347934,2
21,80,0.0,0.9892548,0.0,0.3297516,1
21,85,0.0,0.93474793,0.0,0.31158265,1
21,88,1.0485657,0.0,0.0,0.34952193,1
21,100,0.0,1.027361,0.0,0.3424537,1
21,114,0.0,0.0,0.75173604,0.2505787,1
21,117,0.0,1.0088023,0.0,0.33626744,1
21,118,0.0,0.0,0.79752684,0.2658423,1
21,119,0.0,0.0,0.97912276,0.32637426,1
21,142,0.0,1.0570691,0.0,0.35235637,1
21,147,0.0,0.0,0.92764634,0.30921546,1
21,148,0.0,0.0,0.76598525,0.25532842,1
21,164,0.0,0.0,1.3291398,0.44304663,1
21,167,0.0,0.9419187,0.0,0.3139729,1
21,168,0.0,0.0,1.1622807,0.3874269,1
21,170,0.0,0.0,0.9631853,0.3210618,1
21,188,0.9620613,0.0,0.0,0.32068712,1
21,189,0.0,0.0,0.7300313,0.24334377,1
21,203,0.98817974,0.0,0.0,0.32939327,1
21,210,0.0,0.9498295,0.0,0.31660986,1
21,213,0.0,1.0585836,0.0,0.35286123,1
21,224,0.9751485,0.0,0.0,0.32504952,1
21,226,0.0,0.0,0.93675655,0.3122522,1
21,227,0.0,0.0,0.5066545,0.16888484,1
21,231,0.0,0.0,1.1484624,0.3828208,1
21,235,0.0,0.0,0.7192179,0.2397393,1
21,236,0.0,1.0377934,0.0,0.34593114,1
21,238,0.0,0.0,0.691991,0.23066366,1
21,247,1.0001875,0.0,0.0,0.33339584,1
21,253,0.0,1.0230807,0.0,0.3410269,1
21,256,0.0,0.0,1.2588487,0.41961622,1
21,267,0.0,0.9933765,0.0,0.3311255,1
21,268,0.0,1.00114,0.0,0.33371335,1
21,273,1.0532479,0.0,0.4702334,0.50782716,2
21,276,0.0,0.97706777,0.0,0.32568926,1
21,279,0.0,0.0,1.5304509,0.5101503,1
21,280,0.0,0.0,0.6819673,0.22732244,1
21,283,0.0,0.9750585,0.0,0.3250195,1
21,285,0.0,0.0,1.3318033,0.44393444,1
21,289,0.0,0.0,0.7755295,0.25850984,1
21,291,0.0,0.9647887,0.8110002,0.5919297,2
21,304,0.0,0.0,1.4462863,0.48209545,1
21,313,0.9621804,0.0,1.5139536,0.825378,2
21,316,0.9981511,0.0,0.0,0.33271706,1
21,319,0.0,0.9441246,0.0,0.3147082,1
21,321,0.9816983,0.0,0.0,0.32723278,1
21,322,0.0,0.9520249,0.0,0.31734163,1
21,326,0.0,0.0,1.0083405,0.3361135,1
21,332,0.9907632,0.0,0.0,0.3302544,1
21,345,0.0,0.0,1.2133865,0.4044622,1
21,350,1.008523,0.0,0.0,0.33617434,1
21,351,0.0,0.9544764,0.0,0.3181588,1
21,355,0.0,1.0333437,0.0,0.3444479,1
21,365,0.0,1.0323901,0.0,0.34413004,1
21,369,1.0111823,0.9216746,0.0,0.6442857,2
21,372,0.0,0.0,0.93583095,0.31194365,1
21,379,0.0,0.9781848,0.0,0.3260616,1
21,382,0.0,0.0,1.9109983,0.6369995,1
21,383,0.0,0.0,1.4553424,0.48511416,1
21,384,0.0,0.0,0.5057807,0.16859357,1
21,392,0.0,1.0295852,0.0,0.34319508,1
21,401,0.0,0.94739795,0.0,0.31579933,1
21,408,1.0427778,0.0,0.0,0.3475926,1
21,422,0.0,1.0173571,0.0,0.33911905,1
21,428,1.0063089,0.0,0.0,0.3354363,1
21,430,0.0,0.0,0.90734315,0.30244774,1
21,432,1.1097044,0.0,0.0,0.36990148,1
21,440,0.9829909,0.0,0.0,0.32766366,1
21,446,0.0,0.0,0.78725666,0.2624189,1
21,458,0.0,0.0,0.9556944,0.3185648,1
21,465,0.0,0.0,1.3312327,0.44374424,1
21,467,0.0,0.9943529,0.0,0.33145097,1
21,470,1.0511574,0.0,0.74711275,0.5994234,2
21,472,1.043825,0.0,0.0,0.3479417,1
21,479,0.0,1.0930933,0.0,0.36436445,1
21,481,0.98007536,0.0,0.0,0.3266918,1
21,489,0.0,0.9565422,0.0,0.31884742,1
21,494,0.9881466,0.0,0.0,0.3293822,1
21,507,0.9786264,0.0,0.0,0.3262088,1
21,508,0.96179754,0.0,1.1950048,0.7189342,2
22,23,0.0,0.0,1.0997306,0.36657688,1
22,28,0.98323107,0.0,0.0,0.3277437,1
22,29,1.0208341,0.0,0.0,0.34027803,1
22,32,0.0,0.95293933,0.0,0.31764644,1
22,36,0.9745936,0.0,0.0,0.32486454,1
22,43,0.0,1.0141785,0.0,0.3380595,1
22,45,0.0,0.98126394,0.0,0.327088,1
22,56,1.0325395,0.0,0.0,0.34417984,1
22,58,0.0,0.0,0.7100225,0.23667417,1
22,63,0.0,0.0,0.78252655,0.2608422,1
22,66,0.0,0.0,1.078391,0.35946366,1
22,67,0.9782525,0.0,0.0,0.32608417,1
22,72,0.0,1.1623756,1.2540534,0.8054763,2
22,74,0.0,0.95310634,1.0231068,0.6587377,2
22,76,0.0,1.1126328,0.0,0.3708776,1
22,96,0.0,0.0,0.71324676,0.23774892,1
22,103,0.0,0.97793245,0.0,0.3259775,1
22,104,0.0,1.0304505,0.0,0.3434835,1
22,110,0.9957284,0.0,0.0,0.33190948,1
22,115,0.0,0.0,0.98082334,0.32694113,1
22,116,1.0232198,0.0,0.0,0.34107327,1
22,121,0.9828341,0.0,0.0,0.3276114,1
22,158,0.0,0.0,0.86395293,0.2879843,1
22,160,0.96380264,0.0,0.0,0.32126755,1
22,163,0.0,0.98433167,0.0,0.32811058,1
22,164,0.0,1.035438,0.0,0.345146,1
22,166,0.0,0.0,0.7769422,0.25898075,1
22,179,0.0,0.0,1.1401225,0.38004085,1
22,186,0.99562454,0.0,0.0,0.33187485,1
22,193,0.0,1.0840361,0.0,0.36134538,1
22,195,0.98126805,0.0,0.0,0.32708937,1
22,203,1.0125755,0.0,0.0,0.3375252,1
22,206,0.0,0.95285594,0.0,0.31761867,1
22,218,0.0,0.0,1.1823801,0.3941267,1
22,223,0.0,0.0,0.6397099,0.21323663,1
22,235,0.0,0.0,0.9877518,0.3292506,1
22,236,0.0,0.0,1.1171317,0.37237725,1
22,244,0.0,0.0,0.8955772,0.29852575,1
22,245,0.96795434,0.0,0.0,0.32265145,1
22,252,0.0,0.0,0.69721323,0.23240441,1
22,269,1.0385516,0.0,0.0,0.34618387,1
22,273,0.96267384,0.0,0.0,0.3208913,1
22,286,1.0799279,0.0,0.760557,0.613495,2
22,295,0.0,0.953126,0.0,0.31770867,1
22,305,0.0,0.9494475,0.0,0.3164825,1
22,314,1.013119,0.0,0.0,0.33770633,1
22,321,0.98825896,0.0,1.0404375,0.67623216,2
22,326,0.0,0.0,0.90018284,0.30006096,1
22,327,0.99787945,0.0,0.0,0.3326265,1
22,331,0.981713,0.0,0.0,0.32723767,1
22,337,0.0,0.0,1.121954,0.37398466,1
22,339,1.0145563,0.0,0.0,0.33818543,1
22,340,0.0,0.0,0.7683513,0.2561171,1
22,343,0.0,0.0,0.80402374,0.26800793,1
22,350,0.0,1.1154876,0.0,0.3718292,1
22,351,1.0051352,0.0,0.0,0.33504507,1
22,352,0.0,0.0,0.7691253,0.2563751,1
22,370,0.0,0.0,1.1953453,0.39844844,1
22,373,0.0,1.0404217,0.0,0.34680724,1
22,386,0.9809222,0.94105715,0.0,0.6406598,2
22,389,0.0,0.9940576,0.0,0.33135253,1
22,391,0.0,0.99507517,0.0,0.33169174,1
22,397,0.99023265,0.0,0.0,0.33007756,1
22,398,0.9763966,0.0,0.0,0.32546556,1
22,405,1.0340958,0.0,0.0,0.3446986,1
22,412,0.9688464,0.0,0.0,0.3229488,1
22,419,0.0,1.0397999,0.0,0.3466,1
22,427,0.0,0.98872775,0.0,0.32957593,1
22,438,0.98369753,0.0,0.0,0.3278992,1
22,456,1.0235243,0.95881754,0.0,0.66078067,2
22,460,0.0,0.0,0.75161123,0.2505371,1
22,463,0.9688636,0.0,0.0,0.32295454,1
22,465,1.0459657,0.0,0.0,0.34865522,1
22,471,0.0,0.9812478,0.0,0.3270826,1
22,477,0.99025774,0.0,0.0,0.33008593,1
22,480,0.0,0.98287386,0.0,0.32762462,1
22,482,0.0,1.0062178,0.0,0.33540595,1
22,488,0.0,1.116089,0.0,0.37202966,1
22,491,0.0,0.0,0.6032685,0.2010895,1
22,494,0.0,0.9380534,0.82218456,0.586746,2
22,497,0.0,1.1128787,0.0,0.37095958,1
22,502,0.0,0.94373125,0.0,0.3145771,1
22,506,0.0,0.0,1.3921071,0.46403572,1
22,510,0.0,0.0,0.94932795,0.31644267,1
23,30,1.0792353,0.0,0.0,0.35974512,1
23,31,0.0,0.0,0.737245,0.24574834,1
23,44,1.0104415,0.0,0.0,0.33681387,1
23,50,0.97245306,0.0,0.0,0.32415104,1
23,58,0.0,0.0,0.72433454,0.24144486,1
23,63,0.0,0.0,0.7284795,0.2428265,1
23,81,0.98650396,0.0,0.0,0.32883465,1
23,85,0.0,0.9851088,0.0,0.32836962,1
23,88,0.0,1.0441395,0.0,0.3480465,1
23,93,0.96725297,0.0,0.0,0.32241768,1
23,96,0.0,0.0,1.26326,0.42108667,1
23,97,1.0029618,0.9765666,0.0,0.65984285,2
23,99,0.0,0.0,0.8083179,0.2694393,1
23,103,0.0,0.95874876,0.0,0.31958294,1
23,104,0.99632674,0.0,0.0,0.3321089,1
23,110,0.0,0.0,0.7334113,0.24447045,1
23,115,0.0,0.0,0.9977684,0.33258948,1
23,116,0.0,0.0,0.96853703,0.3228457,1
23,128,0.97271705,0.0,0.0,0.32423902,1
23,130,0.97527146,0.0,0.0,0.3250905,1
23,131,1.0301186,0.0,0.0,0.34337288,1
23,147,0.0,0.0,1.0377189,0.34590632,1
23,148,0.0,0.0,0.6765299,0.22550997,1
23,167,1.0062349,0.0,0.0,0.33541164,1
23,172,0.0,1.0587864,0.0,0.35292882,1
23,174,0.0,1.0364308,0.0,0.34547696,1
23,179,0.0,0.0,0.6900608,0.23002027,1
23,186,0.0,1.1587942,0.0,0.38626474,1
23,191,1.1223321,0.0,0.0,0.3741107,1
23,195,0.9872177,0.0,0.0,0.3290726,1
23,203,0.0,0.9589876,0.0,0.31966254,1
23,213,0.0,0.0,0.8971529,0.299051,1
23,216,1.1073692,0.0,0.0,0.36912307,1
23,221,0.97364646,0.0,0.0,0.32454884,1
23,235,0.0,0.0,0.96549577,0.32183194,1
23,236,0.0,0.0,1.3828068,0.4609356,1
23,238,0.0,0.9559665,0.0,0.3186555,1
23,243,1.0354323,0.0,0.0,0.34514412,1
23,246,0.0,0.0,1.6239667,0.54132223,1
23,252,0.0,0.95084345,0.0,0.31694782,1
23,256,0.0,0.9936155,0.0,0.3312052,1
23,267,0.0,0.9405711,0.0,0.3135237,1
23,271,0.0,1.0048292,0.0,0.33494306,1
23,280,0.0,0.0,1.0405854,0.3468618,1
23,286,0.0,0.0,0.8127836,0.27092788,1
23,296,0.0,1.0159096,0.0,0.33863652,1
23,300,1.017944,0.0,0.0,0.33931467,1
23,302,0.0,0.9590039,0.0,0.319668,1
23,305,0.0,0.9459255,0.0,0.3153085,1
23,306,0.0,0.9483981,0.0,0.31613272,1
23,321,0.0,0.0,0.7956587,0.26521957,1
23,326,0.0,0.0,1.3180108,0.43933696,1
23,327,0.0,0.0,0.9203008,0.30676693,1
23,330,0.0,0.99055463,0.0,0.33018488,1
23,331,1.0917941,0.0,0.0,0.3639314,1
23,333,0.983237,0.0,0.0,0.32774568,1
23,335,0.0,0.9708023,1.103412,0.6914048,2
23,337,0.98665047,0.0,0.7402828,0.57564443,2
23,349,0.9652107,0.0,0.0,0.3217369,1
23,365,0.0,0.9830774,0.0,0.32769248,1
23,367,0.97517633,0.0,0.0,0.3250588,1
23,370,0.0,0.0,1.1721097,0.39070326,1
23,376,0.0,0.9701044,0.0,0.32336813,1
23,383,0.96648026,0.0,0.0,0.3221601,1
23,384,0.9722749,0.0,0.0,0.32409164,1
23,385,0.0,1.0268464,0.0,0.34228215,1
23,396,0.0,0.9481105,0.0,0.31603685,1
23,402,0.0,0.9535457,0.0,0.31784856,1
23,425,0.0,0.0,1.0046362,0.33487874,1
23,426,0.99007416,0.0,0.0,0.33002472,1
23,428,0.0,0.93721926,0.0,0.31240642,1
23,434,0.98794895,0.0,0.0,0.32931632,1
23,440,0.0,1.1003014,0.0,0.36676714,1
23,441,0.9704345,0.0,0.0,0.32347816,1
23,442,0.0,0.0,0.75107837,0.25035948,1
23,457,0.0,0.98047364,0.0,0.32682455,1
23,459,0.0,1.0187291,0.0,0.33957636,1
23,460,0.0,0.0,0.9183979,0.30613264,1
23,462,0.0,0.0,0.6258645,0.2086215,1
23,464,1.050488,0.0,0.0,0.35016268,1
23,465,0.0,0.0,0.8145214,0.27150714,1
23,474,0.0,0.0,0.80298907,0.26766303,1
23,484,0.97495127,0.0,0.0,0.32498378,1
23,488,0.97192657,0.0,0.0,0.32397553,1
23,490,0.0,0.95941216,0.0,0.31980407,1
23,491,0.0,0.0,0.6596284,0.21987614,1
23,494,0.0,0.0,0.71103925,0.23701309,1
23,500,0.97340107,0.0,0.0,0.32446703,1
23,506,0.0,0.0,0.799334,0.26644468,1
23,510,0.0,0.9757672,0.0,0.32525575,1
24,27,0.0,0.99645007,0.0,0.33215004,1
24,28,1.0443771,0.0,0.0,0.3481257,1
24,31,0.98940444,0.0,0.0,0.3298015,1
24,33,0.0,0.0,0.6639671,0.22132236,1
24,40,0.9752601,0.0,0.0,0.3250867,1
24,52,0.0,1.1169759,0.0,0.3723253,1
24,56,0.0,0.0,1.0101663,0.3367221,1
24,59,1.0219674,0.0,0.0,0.3406558,1
24,60,1.0353851,0.0,0.0,0.3451284,1
24,68,0.0,0.0,0.74272144,0.24757382,1
24,69,0.0,1.0403808,0.0,0.34679362,1
24,70,0.99946284,0.0,0.0,0.3331543,1
24,81,0.0,1.0041457,0.0,0.33471525,1
24,82,0.0,0.0,0.87556034,0.29185346,1
24,90,0.96439165,0.0,0.0,0.32146388,1
24,93,0.0,0.0,1.3951279,0.46504265,1
24,94,0.98066187,0.0,0.0,0.3268873,1
24,99,0.0,1.0506411,0.0,0.3502137,1
24,104,0.991396,0.0,0.0,0.33046535,1
24,117,0.0,1.0357771,0.0,0.34525904,1
24,123,0.0,1.0530571,0.0,0.35101902,1
24,125,0.98935914,0.0,0.0,0.3297864,1
24,146,0.0,1.0525825,0.0,0.35086083,1
24,154,0.0,0.0,0.8432127,0.28107092,1
24,158,1.0094105,0.0,0.0,0.3364702,1
24,159,0.99484503,0.0,0.0,0.33161503,1
24,164,0.0,0.0,0.68932515,0.22977506,1
24,165,0.0,0.0,0.88693744,0.29564583,1
24,166,0.0,1.0034095,0.0,0.33446985,1
24,168,0.0,0.0,0.94732255,0.3157742,1
24,170,0.0,0.0,0.7826776,0.26089254,1
24,192,0.0,1.0415701,0.0,0.34719002,1
24,199,0.0,1.0227782,0.0,0.34092605,1
24,200,0.0,0.0,0.77227163,0.25742388,1
24,207,0.98134035,0.0,0.0,0.32711345,1
24,211,1.0518234,0.0,0.0,0.3506078,1
24,215,0.0,0.0,0.589107,0.19636899,1
24,217,0.0,0.0,1.0076932,0.33589774,1
24,219,0.977392,0.0,0.0,0.32579735,1
24,223,0.0,0.0,0.9883432,0.32944775,1
24,225,1.1106852,0.0,0.0,0.3702284,1
24,228,0.0,1.0281694,0.0,0.34272313,1
24,231,0.9621094,0.0,0.0,0.32070315,1
24,232,0.0,1.174502,0.0,0.39150068,1
24,236,0.99256426,0.0,0.0,0.33085477,1
24,239,1.0479178,0.0,0.0,0.34930596,1
24,240,0.9812844,0.0,0.0,0.3270948,1
24,250,0.9687669,0.0,0.0,0.32292232,1
24,252,0.0,0.0,0.66407716,0.22135906,1
24,253,0.0,0.0,0.726075,0.242025,1
24,260,0.0,0.0,1.6271993,0.54239976,1
24,261,0.0,0.0,1.3967295,0.4655765,1
24,264,0.0,0.94799006,0.0,0.3159967,1
24,268,1.0017177,0.0,0.0,0.3339059,1
24,280,0.9720895,0.0,0.0,0.32402986,1
24,285,1.0599433,0.0,0.0,0.35331446,1
24,292,0.0,0.0,1.3669071,0.45563573,1
24,313,0.99241436,0.0,0.0,0.3308048,1
24,314,0.0,0.0,1.0006844,0.33356148,1
24,318,1.0544276,0.9486596,0.0,0.66769576,2
24,323,0.0,0.0,0.88112926,0.29370975,1
24,333,0.0,0.0,0.82059926,0.2735331,1
24,338,1.0320408,0.0,0.0,0.34401363,1
24,340,0.0,0.9696151,0.6248313,0.53148216,2
24,343,1.0222842,0.0,1.0475234,0.68993586,2
24,345,0.0,0.9812341,0.0,0.32707804,1
24,356,0.0,0.9868605,0.0,0.3289535,1
24,357,0.0,0.96886635,0.0,0.32295546,1
24,371,0.0,0.0,0.69242686,0.23080896,1
24,395,0.0,0.0,0.797314,0.26577133,1
24,406,0.96510154,0.0,0.0,0.3217005,1
24,417,0.0,0.9701089,0.0,0.32336965,1
24,419,0.0,0.0,1.5701916,0.5233972,1
24,424,0.0,0.0,1.4187299,0.47291,1
24,435,0.0,0.9520727,0.0,0.31735757,1
24,440,0.9967831,0.0,0.0,0.33226103,1
24,441,0.0,0.96279347,0.0,0.32093117,1
24,458,0.0,0.9319839,0.0,0.31066132,1
24,464,0.0,0.0,0.93910396,0.31303465,1
24,466,0.0,0.0,0.8974981,0.29916602,1
24,467,0.0,1.0116869,0.0,0.33722898,1
24,468,0.0,0.0,0.66920245,0.22306749,1
24,471,0.0,0.9652844,0.0,0.3217615,1
24,473,0.0,0.0,0.81750375,0.27250126,1
24,478,0.0,1.1532547,0.0,0.38441825,1
24,482,0.0,0.9908166,0.0,0.3302722,1
24,485,0.0,0.9286141,0.0,0.30953804,1
24,504,1.0176829,0.0,0.0,0.33922765,1
25,31,0.0,0.0,0.73582363,0.24527454,1
25,33,0.0,0.9970808,0.0,0.33236027,1
25,53,0.9694784,0.0,0.0,0.3231595,1
25,56,0.0,0.0,1.1444554,0.38148516,1
25,59,0.0,0.0,1.3035401,0.4345134,1
25,60,0.0,0.0,0.9009681,0.3003227,1
25,63,0.0,1.0192757,0.0,0.33975857,1
25,64,0.0,0.9781925,0.0,0.32606417,1
25,66,0.0,0.0,0.8387678,0.2795893,1
25,78,0.98567635,0.0,0.0,0.3285588,1
25,85,1.0017507,0.0,0.0,0.3339169,1
25,91,1.0447965,0.0,0.0,0.3482655,1
25,97,0.0,0.0,0.5958085,0.19860284,1
25,108,0.96738243,0.0,0.0,0.32246083,1
25,110,0.0,0.9509847,0.0,0.3169949,1
25,111,0.0,1.0187573,0.0,0.33958578,1
25,114,0.0,1.000444,0.0,0.33348137,1
25,117,0.0,1.0363442,0.0,0.34544808,1
25,125,0.0,0.9689783,0.0,0.32299277,1
25,128,1.0805067,0.0,0.0,0.3601689,1
25,130,0.0,0.9687074,0.8453694,0.6046923,2
25,131,0.0,0.0,1.2692373,0.4230791,1
25,138,0.0,1.0212879,0.0,0.3404293,1
25,145,0.0,0.9752733,0.0,0.32509112,1
25,146,0.0,0.0,0.9623865,0.3207955,1
25,148,0.0,0.95613086,0.0,0.3187103,1
25,151,0.0,0.0,0.7097765,0.23659217,1
25,152,0.96842915,0.0,0.0,0.32280973,1
25,168,0.0,0.96778375,0.0,0.32259458,1
25,170,0.9966843,0.0,0.0,0.33222812,1
25,171,0.0,1.0399789,0.0,0.34665963,1
25,189,0.0,0.0,0.8949935,0.29833117,1
25,194,0.0,0.0,1.4108256,0.47027522,1
25,202,0.0,0.0,0.6981055,0.23270184,1
25,205,1.0214058,0.0,0.0,0.34046862,1
25,206,0.9733642,0.0,0.0,0.32445472,1
25,208,1.0263059,0.0,0.83523697,0.62051433,2
25,211,0.0,0.0,0.74909717,0.24969906,1
25,216,0.0,1.1308583,0.0,0.37695277,1
25,217,1.001555,0.0,0.0,0.33385167,1
25,220,1.0024856,0.0,0.0,0.33416188,1
25,221,0.0,0.0,1.6787993,0.55959976,1
25,223,0.968541,0.0,0.0,0.322847,1
25,226,0.0,0.0,1.0158615,0.3386205,1
25,233,0.0,0.0,1.2470537,0.41568458,1
25,236,0.0,0.0,0.7891866,0.2630622,1
25,238,0.9949905,0.9667004,0.8264518,0.9293809,3
25,246,0.0,0.0,0.78874165,0.26291388,1
25,278,1.0400187,0.0,0.0,0.3466729,1
25,280,0.0,0.0,0.83569527,0.2785651,1
25,288,0.0,0.0,0.72198874,0.24066292,1
25,298,0.0,0.9331697,0.0,0.31105658,1
25,306,0.0,0.99773175,0.0,0.33257726,1
25,309,0.9804661,0.0,0.0,0.32682204,1
25,310,0.0,1.1292428,0.0,0.37641427,1
25,326,0.0,0.94693565,0.5942558,0.5137305,2
25,327,0.0,0.0,0.7702925,0.25676417,1
25,329,0.0,0.9864082,0.0,0.32880273,1
25,331,0.0,0.9390703,0.0,0.31302345,1
25,332,1.0252469,0.0,0.0,0.34174895,1
25,333,0.9777219,0.0,0.0,0.32590732,1
25,337,0.0,0.0,1.0801524,0.3600508,1
25,342,0.0,0.0,0.7641654,0.25472182,1
25,343,1.0021334,0.0,0.0,0.33404446,1
25,346,0.98663425,0.0,0.0,0.3288781,1
25,347,0.96038485,0.0,0.0,0.3201283,1
25,356,0.98839974,0.0,0.0,0.32946658,1
25,362,0.0,0.9801834,0.0,0.3267278,1
25,372,0.0,0.0,1.0831863,0.3610621,1
25,379,0.0,1.1402683,0.0,0.38008946,1
25,380,0.0,0.9732712,0.0,0.32442373,1
25,383,0.98715395,0.9611306,0.0,0.6494282,2
25,387,0.0,1.0190936,0.0,0.3396979,1
25,388,0.0,0.0,1.6914376,0.56381255,1
25,405,0.0,1.0709707,0.0,0.35699022,1
25,406,0.9830216,0.0,0.0,0.32767388,1
25,422,0.9932159,0.0,0.0,0.33107197,1
25,435,0.0,0.0,1.3983796,0.46612653,1
25,440,0.0,0.9869301,0.0,0.3289767,1
25,441,1.0107889,0.0,0.0,0.33692965,1
25,444,0.9737722,0.0,0.0,0.32459074,1
25,446,0.0,1.0084634,0.0,0.33615446,1
25,450,0.0,0.0,1.2694554,0.42315182,1
25,453,0.9862543,0.0,0.0,0.32875144,1
25,455,0.96421826,0.0,0.0,0.3214061,1
25,458,0.0,0.0,1.0938085,0.36460286,1
25,462,0.0,0.0,0.80591476,0.26863825,1
25,464,0.0,0.0,0.78197056,0.26065686,1
25,467,0.0,0.0,0.8694053,0.28980178,1
25,473,0.0,1.0390477,0.0,0.34634924,1
25,474,0.0,0.0,1.1635,0.38783333,1
25,485,0.0,1.0021628,0.0,0.3340543,1
25,489,0.0,0.99943143,0.0,0.33314383,1
25,492,1.0740101,0.0,0.0,0.35800338,1
25,498,0.97066754,0.0,0.0,0.32355586,1
25,499,0.0,0.0,1.0831586,0.36105287,1
25,501,1.0036386,0.0,0.0,0.3345462,1
25,503,0.0,0.0,0.6280666,0.20935553,1
25,507,0.9600615,0.0,0.0,0.3200205,1
26,30,0.0,0.9610663,0.0,0.32035545,1
26,35,1.0305257,0.0,0.0,0.34350857,1
26,38,0.0,0.9380872,0.0,0.31269574,1
26,39,0.0,0.9342539,0.0,0.31141797,1
26,51,0.9857049,0.0,0.0,0.3285683,1
26,53,1.035249,0.0,0.0,0.345083,1
26,59,0.9847591,0.0,0.0,0.32825303,1
26,71,0.0,0.98343146,0.0,0.3278105,1
26,81,0.0,0.9891677,0.0,0.32972258,1
26,82,0.0,1.0420023,0.0,0.34733412,1
26,88,0.0,0.9478018,0.0,0.31593394,1
26,89,0.96001995,0.0,0.0,0.32000667,1
26,103,0.9649452,0.0,0.0,0.32164842,1
26,108,0.0,0.95558804,0.0,0.31852937,1
26,118,1.029646,0.0,0.0,0.34321535,1
26,126,0.95073843,0.0,0.0,0.31691283,1
26,127,0.0,1.2230191,0.0,0.40767306,1
26,137,0.96837586,0.0,0.0,0.32279196,1
26,140,0.98969936,0.0,0.0,0.3298998,1
26,155,0.0,0.9735161,0.0,0.3245054,1
26,182,0.9707969,0.0,0.0,0.32359898,1
26,185,1.0245043,0.0,0.0,0.34150144,1
26,189,0.9790303,0.0,0.0,0.32634345,1
26,190,0.0,0.96087104,0.0,0.32029036,1
26,195,0.9671587,0.0,0.0,0.32238623,1
26,199,0.0,0.98191077,0.0,0.3273036,1
26,203,0.0,1.0874065,0.0,0.36246884,1
26,211,0.99844867,0.0,0.0,0.33281624,1
26,220,0.0,1.0927535,0.0,0.3642512,1
26,233,0.96625847,0.0,0.0,0.32208616,1
26,239,0.0,1.0619909,0.0,0.35399696,1
26,248,0.0,1.0448607,0.0,0.34828693,1
26,257,0.9676224,0.0,0.0,0.32254082,1
26,259,0.0,1.1027133,0.0,0.36757112,1
26,263,0.0,1.1177183,0.0,0.37257278,1
26,270,0.97411895,0.0,0.0,0.32470632,1
26,275,0.0,1.1668365,0.0,0.38894552,1
26,280,0.0,1.1525136,0.0,0.38417122,1
26,283,0.0,1.1249394,0.0,0.37497982,1
26,296,0.9621877,0.9696053,0.0,0.64393103,2
26,307,0.9855601,0.0,0.0,0.32852006,1
26,309,0.0,0.9846377,0.0,0.32821256,1
26,311,0.0,0.9331177,0.0,0.31103924,1
26,327,0.0,0.94447374,0.0,0.31482458,1
26,332,1.0415329,0.0,0.0,0.34717762,1
26,339,1.0142407,0.0,0.0,0.33808026,1
26,340,0.0,0.96065223,0.0,0.32021743,1
26,347,0.0,1.0320373,0.0,0.34401244,1
26,350,0.9998133,0.0,0.0,0.33327112,1
26,364,0.0,1.0624121,0.0,0.3541374,1
26,374,0.0,0.9480806,0.0,0.31602687,1
26,403,1.076096,0.0,0.0,0.3586987,1
26,407,0.96002316,0.0,0.0,0.32000774,1
26,414,1.0406436,1.0033147,0.0,0.6813195,2
26,415,0.0,1.0689684,0.0,0.35632282,1
26,421,1.001754,0.0,0.0,0.33391804,1
26,422,1.0044192,0.99051595,0.0,0.6649784,2
26,423,0.99644053,0.0,0.0,0.33214685,1
26,428,0.97753197,0.0,0.0,0.325844,1
26,465,0.0,0.95668685,0.0,0.31889564,1
26,471,0.0,0.94959766,0.0,0.31653255,1
26,473,0.9712577,0.0,0.0,0.32375258,1
26,479,1.0882523,0.0,0.0,0.36275077,1
26,482,0.0,0.98854756,0.0,0.32951587,1
26,490,0.0,0.9770872,0.0,0.32569575,1
27,46,0.0,0.0,0.7421298,0.2473766,1
27,49,0.0,1.0306349,0.0,0.34354496,1
27,54,0.0,1.0572786,0.0,0.35242623,1
27,57,0.0,0.0,0.52906466,0.17635489,1
27,59,0.0,1.1151589,0.0,0.37171966,1
27,62,0.0,1.0985339,0.0,0.36617798,1
27,64,0.0,0.0,0.70787627,0.23595876,1
27,69,0.0,0.9970349,0.0,0.33234498,1
27,71,0.9710855,0.0,0.0,0.32369518,1
27,75,0.0,0.94576025,0.0,0.31525344,1
27,80,0.99688226,0.0,0.0,0.3322941,1
27,86,0.0,0.98820996,0.0,0.32940334,1
27,90,0.9806031,0.0,0.0,0.3268677,1
27,95,0.0,0.94915223,0.0,0.31638408,1
27,97,0.0,0.9385065,0.0,0.3128355,1
27,99,0.0,0.9361639,0.0,0.31205463,1
27,117,1.0477517,0.0,0.0,0.34925056,1
27,120,0.96918374,0.0,0.0,0.32306126,1
27,123,0.0,0.0,1.0024294,0.33414313,1
27,126,0.0,0.0,0.8094142,0.26980475,1
27,132,1.0200479,0.0,0.0,0.34001598,1
27,135,0.0,0.9582241,0.0,0.31940806,1
27,142,0.0,0.0,0.69386363,0.23128788,1
27,155,0.9837956,0.0,0.0,0.32793188,1
27,166,0.0,0.96063375,0.0,0.32021126,1
27,169,0.0,0.0,0.8699837,0.28999457,1
27,171,0.0,0.9498747,0.0,0.3166249,1
27,174,0.0,0.96748054,0.0,0.32249352,1
27,175,0.0,0.94010454,0.0,0.3133682,1
27,180,0.0,0.0,0.6852121,0.22840403,1
27,182,0.0,0.0,1.3056705,0.43522352,1
27,184,0.0,0.0,1.064548,0.35484934,1
27,192,0.0,0.929362,0.0,0.30978733,1
27,195,0.99148124,0.0,0.0,0.33049375,1
27,197,0.0,0.0,0.91690814,0.30563605,1
27,215,0.0,0.0,0.6712908,0.22376361,1
27,219,0.980621,0.0,0.0,0.32687366,1
27,221,0.0,1.0559813,0.0,0.35199377,1
27,223,0.0,0.94683045,0.0,0.31561017,1
27,226,0.98999643,0.0,0.0,0.32999882,1
27,230,0.9877135,0.0,0.0,0.32923785,1
27,233,1.0207232,0.9572686,0.0,0.6593306,2
27,234,0.0,0.9483663,0.0,0.3161221,1
27,240,0.9877552,0.0,0.0,0.32925174,1
27,248,1.0696431,0.0,0.0,0.3565477,1
27,251,1.0755436,0.0,0.0,0.35851455,1
27,257,0.0,1.157118,0.0,0.385706,1
27,259,0.0,0.9367093,0.0,0.31223643,1
27,264,0.0,0.0,1.2137975,0.40459916,1
27,265,0.0,0.0,0.9890548,0.32968494,1
27,282,0.0,0.0,0.999505,0.33316833,1
27,284,1.0798968,0.0,0.0,0.35996562,1
27,287,1.0627384,0.0,0.0,0.35424614,1
27,288,1.0463268,0.0,0.0,0.3487756,1
27,289,0.0,0.96282935,0.0,0.32094312,1
27,292,0.0,0.0,1.0397754,0.3465918,1
27,295,0.0,0.0,1.8452814,0.6150938,1
27,298,0.0,0.0,0.6716599,0.22388664,1
27,300,0.9651907,0.0,0.0,0.32173026,1
27,305,0.0,0.959273,0.0,0.31975767,1
27,311,0.0,0.0,0.71067953,0.23689318,1
27,327,0.0,1.0488439,0.0,0.34961462,1
27,335,0.0,0.9846151,0.0,0.32820505,1
27,336,0.0,0.95355356,0.0,0.3178512,1
27,341,1.0020825,0.0,1.0150298,0.6723708,2
27,347,0.0,1.114415,0.0,0.3714717,1
27,349,0.0,1.0415158,1.1614115,0.73430914,2
27,353,1.029058,0.0,0.0,0.34301934,1
27,356,0.0,0.0,0.9936662,0.33122206,1
27,362,0.0,0.0,1.2676473,0.4225491,1
27,365,0.0,0.96449256,0.0,0.32149753,1
27,368,1.011967,0.0,0.0,0.33732232,1
27,369,0.975737,0.0,0.0,0.32524568,1
27,370,0.0,1.0554392,0.0,0.35181308,1
27,371,1.0150338,0.0,0.0,0.33834463,1
27,375,0.0,0.0,0.59387183,0.19795728,1
27,377,0.0,0.96325177,0.0,0.32108393,1
27,381,0.0,0.94876,0.0,0.31625333,1
27,382,0.9647718,0.0,0.0,0.3215906,1
27,388,0.0,1.1024061,0.0,0.3674687,1
27,394,0.0,1.0676932,0.0,0.35589775,1
27,411,0.0,0.97270465,0.0,0.3242349,1
27,415,0.98163575,0.0,0.0,0.32721192,1
27,417,1.0003375,0.0,0.0,0.33344585,1
27,429,0.9744366,0.0,0.0,0.3248122,1
27,431,0.0,0.957538,0.0,0.31917936,1
27,432,0.0,0.0,0.77377915,0.2579264,1
27,437,0.0,0.0,1.358087,0.45269567,1
27,448,0.0,0.0,0.79987305,0.26662436,1
27,451,0.0,0.95790344,0.68996304,0.54928887,2
27,455,0.0,0.93806386,0.0,0.31268796,1
27,460,0.9588776,0.0,0.0,0.31962588,1
27,466,0.0,0.93658936,0.0,0.31219646,1
27,479,0.0,0.9544591,0.0,0.31815302,1
27,484,0.9772993,0.0,0.0,0.32576644,1
27,502,1.0548767,0.0,0.0,0.35162556,1
27,504,0.0,0.9821064,0.0,0.3273688,1
27,506,0.0,1.0271199,0.0,0.3423733,1
28,29,0.0,0.0,0.6195737,0.20652458,1
28,41,0.0,0.0,0.6357314,0.21191047,1
28,42,0.0,0.0,1.2814938,0.4271646,1
28,45,0.0,0.0,1.1725752,0.3908584,1
28,50,0.0,0.0,0.7619499,0.25398332,1
28,64,1.0350105,0.0,0.0,0.3450035,1
28,68,0.9684235,0.0,0.0,0.32280785,1
28,75,0.9782715,0.0,0.0,0.3260905,1
28,76,0.9706735,1.022498,0.0,0.66439056,2
28,83,0.0,0.9286781,0.0,0.30955938,1
28,90,0.0,0.0,0.96576583,0.32192194,1
28,95,1.0068095,0.0,0.0,0.33560318,1
28,104,0.0,0.0,0.5795139,0.1931713,1
28,105,0.0,0.0,0.7305438,0.2435146,1
28,109,0.0,0.0,1.1925355,0.39751184,1
28,110,0.0,0.0,1.4293115,0.47643718,1
28,139,0.0,0.0,1.444856,0.4816187,1
28,153,0.0,0.0,1.5357682,0.5119227,1
28,157,0.0,0.93575025,0.0,0.31191677,1
28,162,0.0,0.0,0.8005072,0.26683575,1
28,169,0.0,0.9654658,0.0,0.32182193,1
28,171,0.0,0.0,0.8279115,0.27597052,1
28,174,0.9705407,0.0,0.0,0.32351357,1
28,177,0.0,0.0,0.77940476,0.2598016,1
28,188,0.0,0.0,0.9045725,0.30152416,1
28,190,0.0,0.9901326,0.0,0.3300442,1
28,195,0.97335386,0.0,0.0,0.3244513,1
28,197,0.0,0.95516515,0.0,0.3183884,1
28,198,0.0,0.0,0.80621505,0.26873836,1
28,199,0.9645481,0.0,0.0,0.32151604,1
28,202,0.0,0.9258119,0.0,0.30860397,1
28,206,0.0,0.0,0.97218573,0.32406193,1
28,216,1.0169764,0.979708,0.0,0.66556144,2
28,230,0.0,0.0,0.8919228,0.2973076,1
28,231,0.97199345,0.0,0.0,0.32399783,1
28,234,0.0,0.0,0.6103076,0.20343587,1
28,241,0.0,1.0317318,0.0,0.34391063,1
28,243,0.0,1.0604455,0.0,0.35348186,1
28,248,0.0,0.99670225,0.8982314,0.63164455,2
28,260,1.0018983,0.9439002,0.0,0.6485995,2
28,271,0.0,1.1080025,0.0,0.3693342,1
28,274,0.97840804,0.0,0.0,0.32613602,1
28,277,0.9745724,0.0,0.0,0.32485747,1
28,285,0.9810691,0.0,0.0,0.32702303,1
28,304,0.97825736,0.0,0.0,0.3260858,1
28,305,0.0,0.0,1.0316356,0.34387857,1
28,310,1.0115324,0.0,0.0,0.3371775,1
28,319,0.96912265,0.0,0.0,0.3230409,1
28,321,0.0,0.96392775,0.0,0.32130927,1
28,327,0.0,0.99174166,0.0,0.33058056,1
28,338,0.0,0.97091526,0.0,0.32363844,1
28,341,0.0,1.0941002,0.0,0.36470008,1
28,343,0.0,0.9809727,0.0,0.3269909,1
28,351,0.0,0.9338994,0.0,0.3112998,1
28,352,1.0627803,0.0,0.0,0.3542601,1
28,355,0.0,0.0,1.0482888,0.3494296,1
28,359,0.0,0.0,0.9826217,0.32754058,1
28,360,0.0,1.0797073,0.0,0.35990244,1
28,364,0.99598217,0.0,0.0,0.33199406,1
28,366,0.0,0.9740558,0.0,0.32468528,1
28,373,0.0,0.0,0.71331096,0.23777032,1
28,377,1.0656292,0.0,0.0,0.35520977,1
28,394,0.0,0.0,0.65124065,0.21708022,1
28,398,1.000415,0.0,0.0,0.33347166,1
28,400,0.9649262,0.982673,0.0,0.6491997,2
28,405,1.0124665,0.0,0.0,0.33748886,1
28,412,0.97180605,0.9392065,0.7781982,0.8964036,3
28,415,0.0,0.94386935,0.0,0.31462312,1
28,424,0.9984638,0.0,0.0,0.33282128,1
28,435,0.0,0.9407056,0.0,0.31356853,1
28,444,1.0229813,0.0,0.0,0.34099376,1
28,448,0.0,0.0,1.1174053,0.37246844,1
28,451,1.0133035,0.0,0.0,0.33776784,1
28,452,0.0,0.9483176,0.0,0.31610587,1
28,455,0.9972855,0.0,0.0,0.33242851,1
28,460,0.99910545,1.0795993,1.4654149,1.1813732,3
28,462,0.0,0.0,1.4683906,0.48946354,1
28,469,0.0,1.0833201,0.0,0.36110672,1
28,470,0.96474916,0.0,0.0,0.32158306,1
28,502,0.0,0.0,0.63040084,0.21013361,1
29,30,0.0,0.0,0.5149019,0.17163396,1
29,33,0.0,1.0322998,0.0,0.34409994,1
29,34,0.0,0.0,0.9755974,0.32519913,1
29,35,0.0,0.0,0.65661794,0.21887265,1
29,37,0.0,0.0,0.596912,0.19897068,1
29,38,0.98269737,0.0,0.0,0.3275658,1
29,42,0.0,0.0,0.7879087,0.26263624,1
29,45,0.0,0.0,1.3309419,0.44364733,1
29,48,0.0,0.0,1.610257,0.53675234,1
29,49,0.0,0.0,1.3054022,0.43513405,1
29,53,0.97157735,0.0,0.0,0.32385913,1
29,62,0.0,0.9559482,0.48517326,0.48037383,2
29,67,0.0,0.0,1.5469965,0.51566553,1
29,68,0.0,1.1199305,0.0,0.37331018,1
29,69,0.0,0.9505307,0.0,0.31684357,1
29,78,0.0,0.0,0.7093253,0.23644178,1
29,80,0.0,0.0,1.1897571,0.3965857,1
29,82,0.9696619,0.0,0.0,0.32322064,1
29,88,0.0,0.0,0.8443832,0.28146106,1
29,90,0.0,0.0,1.0157429,0.33858097,1
29,91,1.0011797,0.0,0.0,0.33372658,1
29,92,0.0,0.0,1.2272786,0.40909287,1
29,100,0.0,0.0,0.90904534,0.3030151,1
29,101,0.0,0.0,0.8087323,0.26957744,1
29,102,0.0,0.0,1.2058265,0.4019422,1
29,105,0.0,0.9460284,1.1688181,0.7049489,2
29,106,0.0,0.0,0.82068443,0.27356148,1
29,109,0.0,0.0,0.8567202,0.28557342,1
29,111,0.0,0.0,0.75214463,0.2507149,1
29,112,0.0,0.9429819,0.0,0.3143273,1
29,113,1.0691812,0.0,0.0,0.35639375,1
29,115,0.9618318,0.0,0.0,0.3206106,1
29,120,0.0,0.0,0.5570221,0.18567404,1
29,124,0.0,0.0,1.1718439,0.39061463,1
29,139,0.0,0.0,1.0242671,0.34142238,1
29,143,0.9788277,0.0,0.7722309,0.58368623,2
29,150,0.0,1.0614487,0.0,0.35381624,1
29,153,0.0,0.94953173,0.97604096,0.6418576,2
29,159,0.0,0.0,0.88200635,0.29400212,1
29,162,0.0,0.0,0.9830078,0.32766926,1
29,171,0.0,0.0,0.8229457,0.27431524,1
29,177,0.0,0.0,0.68479687,0.22826563,1
29,182,0.95889103,0.0,0.0,0.31963035,1
29,184,1.0451609,0.0,0.0,0.34838697,1
29,186,1.0443674,0.0,1.2100613,0.7514763,2
29,203,0.0,0.0,1.2117786,0.40392622,1
29,206,0.0,0.9622281,0.0,0.32074273,1
29,216,0.0,0.0,1.5677482,0.52258277,1
29,222,0.0,0.0,1.2227373,0.40757912,1
29,232,0.0,0.0,0.6471406,0.21571355,1
29,234,1.0016422,0.0,0.0,0.33388075,1
29,235,0.97607464,0.0,0.0,0.3253582,1
29,239,0.0,0.96505636,0.6618701,0.5423088,2
29,243,0.0,0.0,0.6464997,0.21549991,1
29,247,0.9857737,0.0,0.50977397,0.4985159,2
29,248,0.0,0.0,0.74726534,0.24908845,1
29,250,0.96177524,0.0,0.0,0.32059175,1
29,255,0.9786342,0.0,0.0,0.3262114,1
29,261,0.96771705,0.0,0.0,0.32257235,1
29,265,1.0228465,0.0,0.0,0.34094882,1
29,267,0.0,0.957418,0.0,0.31913936,1
29,271,0.0,0.0,1.1043788,0.36812627,1
29,273,0.0,0.0,0.509147,0.16971567,1
29,281,0.0,0.98913187,0.0,0.32971063,1
29,286,0.0,1.0717376,0.0,0.3572459,1
29,287,0.0,0.0,1.2056756,0.4018919,1
29,292,1.0465333,0.0,0.0,0.34884447,1
29,303,0.0,0.96159804,0.0,0.32053268,1
29,305,0.0,0.0,0.83140314,0.2771344,1
29,312,0.0,1.085421,0.0,0.361807,1
29,315,0.987512,0.0,0.0,0.32917067,1
29,316,0.0,0.0,1.0605437,0.35351455,1
29,317,0.0,0.0,1.2411528,0.4137176,1
29,322,0.0,0.0,0.54919165,0.1830639,1
29,329,0.0,0.0,1.885856,0.6286187,1
29,339,1.0978857,0.0,0.0,0.3659619,1
29,341,0.9747651,0.0,0.0,0.32492173,1
29,344,0.0,0.0,0.7897106,0.26323688,1
29,347,0.9646259,0.0,0.0,0.32154197,1
29,355,0.0,0.0,1.1413184,0.3804395,1
29,359,0.0,0.0,0.8876187,0.29587293,1
29,361,0.0,0.97675157,1.2360115,0.7375877,2
29,367,0.0,0.95485735,0.0,0.3182858,1
29,375,0.0,0.94676185,0.0,0.31558728,1
29,376,0.9929574,0.97072595,0.0,0.65456116,2
29,377,0.0,0.0,0.99608034,0.33202678,1
29,380,0.0,1.1779474,0.0,0.39264914,1
29,381,0.9881072,0.0,0.0,0.32936907,1
29,390,0.0,1.0021117,0.0,0.33403724,1
29,394,0.0,0.947346,0.0,0.315782,1
29,406,0.0,0.0,0.9173486,0.30578288,1
29,407,0.9673949,0.0,0.0,0.32246497,1
29,409,0.0,1.0793455,0.0,0.35978183,1
29,424,0.97040015,0.0,0.0,0.32346672,1
29,434,0.9907364,0.0,0.0,0.3302455,1
29,441,0.0,0.0,1.0587635,0.3529212,1
29,443,0.0,0.95210564,0.0,0.31736857,1
29,444,0.0,1.0364971,0.0,0.34549904,1
29,446,0.0,0.97327346,0.0,0.3244245,1
29,454,1.0088364,0.0,0.0,0.3362788,1
29,460,0.0,0.0,0.85344195,0.28448066,1
29,472,0.0,0.0,0.5663954,0.18879847,1
29,478,0.0,1.0869786,0.0,0.3623262,1
29,496,0.0,0.9819157,0.0,0.32730526,1
29,498,0.0,1.0248637,0.0,0.34162125,1
29,501,0.0,0.0,0.5395991,0.17986637,1
29,502,0.0,0.0,0.8993411,0.29978037,1
30,32,0.0,0.9372269,0.0,0.31240898,1
30,36,0.98844355,0.0,0.0,0.32948118,1
30,39,0.9621371,0.9655076,0.0,0.64254826,2
30,52,0.0,0.95243955,0.0,0.31747985,1
30,63,0.0,1.0155796,0.0,0.33852655,1
30,74,0.0,0.0,0.52988696,0.17662899,1
30,79,0.9748195,0.0,0.0,0.32493985,1
30,96,0.0,0.0,0.6065707,0.20219025,1
30,99,0.0,0.9616195,0.0,0.32053983,1
30,102,0.0,0.0,0.81728554,0.2724285,1
30,106,0.0,0.0,0.60891813,0.20297271,1
30,108,0.0,0.9513228,0.0,0.31710762,1
30,109,0.0,0.0,0.60376525,0.20125508,1
30,111,0.0,0.0,0.9346174,0.31153914,1
30,115,0.0,0.0,0.65739655,0.21913218,1
30,116,0.0,0.9460284,0.4830376,0.47635534,2
30,127,0.9821433,0.0,0.0,0.3273811,1
30,136,0.9909977,1.0531629,0.0,0.6813869,2
30,139,0.0,0.0,0.79865485,0.2662183,1
30,142,0.0,1.0011241,0.0,0.33370805,1
30,146,0.0,0.9588265,0.0,0.31960884,1
30,151,0.0,0.9466114,0.0,0.31553715,1
30,153,1.0454222,0.0,0.73379534,0.59307253,2
30,162,0.0,0.0,0.8622582,0.2874194,1
30,163,0.97738296,0.0,0.0,0.32579434,1
30,171,0.98278975,0.0,0.0,0.3275966,1
30,172,0.971956,0.0,0.0,0.32398534,1
30,183,0.0,0.0,0.73164266,0.2438809,1
30,188,0.9784716,0.0,0.0,0.3261572,1
30,189,0.0,0.94786,0.0,0.31595334,1
30,190,1.0411053,0.0,0.0,0.3470351,1
30,205,0.0,0.0,1.2270154,0.40900514,1
30,206,0.0,0.0,0.65728533,0.21909511,1
30,220,0.9957072,0.0,0.0,0.3319024,1
30,224,0.0,0.0,0.85278875,0.28426293,1
30,227,1.0006866,0.0,0.0,0.33356223,1
30,239,0.9849706,0.0,0.0,0.32832354,1
30,242,0.0,0.9326361,0.0,0.3108787,1
30,247,0.9796108,0.0,0.0,0.32653695,1
30,248,0.0,0.0,0.6221112,0.2073704,1
30,251,0.99334764,0.0,0.0,0.3311159,1
30,254,0.9807364,0.0,0.0,0.32691213,1
30,266,1.01761,0.0,0.0,0.33920333,1
30,267,0.0,0.0,0.5586079,0.18620263,1
30,273,0.0,1.0155507,0.0,0.33851692,1
30,275,0.0,1.0441476,0.0,0.34804922,1
30,282,0.0,0.9374488,0.0,0.31248295,1
30,316,0.0,0.985568,0.0,0.32852268,1
30,317,0.0,0.9619377,0.0,0.32064593,1
30,320,1.0189291,0.959434,0.0,0.6594544,2
30,328,0.0,0.0,0.639056,0.21301869,1
30,330,0.0,0.94933975,0.8511692,0.60016966,2
30,331,0.0,0.9689742,0.0,0.3229914,1
30,333,0.9588804,0.0,0.0,0.3196268,1
30,334,0.0,1.0109345,0.0,0.33697817,1
30,336,0.0,1.0017754,0.0,0.33392513,1
30,343,0.0,1.1059881,0.5999748,0.5686543,2
30,355,0.0,0.0,0.7260763,0.24202543,1
30,365,0.0,1.1079828,0.0,0.3693276,1
30,370,0.0,0.0,0.82156724,0.27385575,1
30,373,0.0,1.0003083,0.0,0.3334361,1
30,394,0.0,0.94755304,0.0,0.31585103,1
30,403,0.0,0.0,0.6696904,0.22323012,1
30,410,0.0,1.1006019,0.5342346,0.5449455,2
30,411,0.97521144,0.0,0.0,0.3250705,1
30,412,0.0,1.0173719,0.0,0.33912396,1
30,443,0.0,0.9711297,0.0,0.3237099,1
30,448,0.0,0.0,0.5793951,0.19313172,1
30,454,0.0,0.0,0.6012136,0.20040452,1
30,455,0.0,0.9466049,0.0,0.31553498,1
30,459,0.0,0.93545747,0.5185228,0.4846601,2
30,460,0.0,0.0,0.66635835,0.22211945,1
30,463,0.95358753,0.0,0.0,0.3178625,1
30,465,0.9788274,0.0,0.0,0.32627583,1
30,469,0.0,1.0017438,0.0,0.3339146,1
30,484,1.03903,0.0,0.0,0.34634334,1
30,486,0.0,0.9450646,0.0,0.31502154,1
30,490,0.9720921,0.0,0.0,0.3240307,1
30,492,0.9705657,0.0,0.0,0.3235219,1
30,499,0.9995402,0.0,0.0,0.33318007,1
30,500,0.0,0.9706623,0.0,0.3235541,1
30,502,0.0,0.0,0.59713304,0.19904435,1
30,509,0.0,1.0765861,0.0,0.35886204,1
31,34,1.0087494,0.0,0.0,0.3362498,1
31,40,0.0,0.0,0.7768366,0.25894552,1
31,42,0.9706979,0.0,0.0,0.32356596,1
31,44,1.0008597,0.0,0.0,0.33361992,1
31,54,0.0,0.95379823,0.0,0.31793275,1
31,58,0.9708161,0.0,0.83391047,0.6015755,2
31,61,0.0,0.0,1.4514858,0.4838286,1
31,63,0.0,0.0,1.3817331,0.4605777,1
31,72,0.0,1.0188432,0.0,0.3396144,1
31,83,0.9740488,0.0,0.0,0.32468295,1
31,85,0.0,1.1191756,0.0,0.37305853,1
31,91,0.9777642,0.0,0.0,0.32592142,1
31,102,0.0,1.1013509,0.0,0.367117,1
31,106,0.0,0.99055356,0.0,0.33018452,1
31,119,0.0,1.0049722,0.0,0.33499074,1
31,123,0.9984641,0.0,0.0,0.33282137,1
31,124,0.0,0.92341614,0.0,0.3078054,1
31,135,0.0,0.9674456,0.0,0.32248187,1
31,137,0.0,0.0,0.967539,0.322513,1
31,139,0.0,1.0412401,0.0,0.34708005,1
31,147,0.0,0.0,1.3281752,0.44272506,1
31,148,0.0,0.0,1.6390978,0.546366,1
31,151,0.0,0.96456295,0.0,0.32152098,1
31,153,0.96746004,0.0,0.0,0.3224867,1
31,159,0.0,0.96507376,0.0,0.32169127,1
31,163,0.0,0.0,1.1674434,0.38914782,1
31,166,0.0,0.0,1.3823311,0.46077704,1
31,173,0.0,0.98042536,1.2308706,0.7370987,2
31,180,0.9695727,0.0,0.0,0.32319093,1
31,192,0.0,0.0,1.8168908,0.6056303,1
31,195,0.0,0.0,0.6410832,0.2136944,1
31,200,0.0,1.0491716,0.0,0.34972388,1
31,201,0.0,1.0008308,0.0,0.33361027,1
31,202,0.0,0.0,2.0263805,0.6754602,1
31,207,0.0,0.0,1.7246863,0.57489544,1
31,211,0.0,1.0697217,0.74402624,0.60458267,2
31,213,0.0,0.0,2.0339296,0.67797655,1
31,219,0.0,0.9794199,0.0,0.3264733,1
31,220,0.0,0.0,1.961776,0.65392536,1
31,224,0.0,1.0375512,0.85001045,0.6291872,2
31,231,1.0045413,1.0322837,0.0,0.67894167,2
31,233,0.0,1.0606046,0.0,0.35353488,1
31,235,0.0,0.0,0.78273803,0.2609127,1
31,236,0.0,0.0,1.8639655,0.62132186,1
31,237,0.0,0.0,1.9382993,0.6460998,1
31,242,0.0,0.9461447,0.7136421,0.5532623,2
31,261,1.0365095,0.0,0.0,0.34550318,1
31,280,0.0,0.9620795,0.88796747,0.61668235,2
31,282,0.0,0.9790681,0.0,0.32635605,1
31,288,0.0,0.0,0.9539099,0.31796998,1
31,293,0.97937036,0.0,0.0,0.3264568,1
31,295,0.0,0.9499976,0.0,0.3166659,1
31,302,0.0,0.0,1.6061198,0.5353733,1
31,308,1.0463027,0.0,0.0,0.34876758,1
31,323,0.98460907,0.0,0.0,0.32820302,1
31,325,0.0,0.0,1.2714219,0.42380732,1
31,326,0.0,0.0,0.8955835,0.29852784,1
31,330,0.0,0.95198464,0.0,0.3173282,1
31,335,0.0,0.0,0.8794682,0.2931561,1
31,337,1.0045987,0.0,1.31458,0.7730596,2
31,338,0.0,0.9591641,0.0,0.31972137,1
31,339,0.0,0.0,1.0029014,0.3343005,1
31,341,0.0,0.99728376,0.0,0.33242792,1
31,344,0.0,0.0,1.0008516,0.3336172,1
31,345,0.99231327,0.0,0.0,0.3307711,1
31,346,0.96970475,0.0,0.0,0.32323492,1
31,366,1.0179114,0.0,0.0,0.33930382,1
31,378,0.0,0.0,0.80457383,0.26819128,1
31,383,0.96626717,0.0,1.1862843,0.7175172,2
31,395,0.0,1.0190943,0.0,0.33969814,1
31,400,0.0,0.0,0.8978443,0.29928145,1
31,407,0.9843093,0.0,0.0,0.32810313,1
31,412,0.98601586,0.0,0.0,0.32867196,1
31,423,1.0024343,0.0,0.0,0.33414477,1
31,431,0.9852906,0.0,0.0,0.3284302,1
31,438,0.0,1.0606623,0.0,0.3535541,1
31,440,0.96806425,0.0,0.0,0.3226881,1
31,446,0.0,0.9615861,0.0,0.32052872,1
31,450,0.0,0.0,1.1432528,0.3810843,1
31,464,0.9790803,0.0,0.0,0.3263601,1
31,469,0.9904737,0.0,0.9250658,0.6385132,2
31,474,0.0,0.0,1.94152,0.64717335,1
31,477,0.9846823,0.0,0.0,0.32822746,1
31,480,0.0,0.0,0.8006872,0.26689574,1
31,491,0.0,0.94552255,1.5685737,0.8380321,2
31,499,0.0,0.0,1.5307487,0.5102496,1
31,508,0.0,1.0707941,0.0,0.3569314,1
31,511,1.004732,0.94009507,0.0,0.64827573,2
32,35,0.96627736,0.0,0.0,0.32209247,1
32,39,0.0,0.9688632,0.0,0.32295442,1
32,41,0.0,0.0,0.943903,0.31463435,1
32,50,0.0,0.0,1.2930522,0.4310174,1
32,52,0.0,0.0,1.5130097,0.5043366,1
32,56,0.9998652,0.0,0.0,0.3332884,1
32,57,0.9724531,0.0,0.0,0.32415104,1
32,59,1.0041276,0.0,0.0,0.33470923,1
32,72,0.0,0.9814252,0.0,0.32714176,1
32,73,0.0,1.084743,0.0,0.36158103,1
32,76,1.0644828,0.0,0.0,0.3548276,1
32,90,0.0,0.9715771,0.0,0.32385904,1
32,95,0.98275846,0.9868729,0.0,0.65654385,2
32,99,0.0,1.0282232,0.0,0.34274107,1
32,108,0.0,0.0,0.73148626,0.24382876,1
32,111,0.9803146,0.97394633,0.0,0.65142035,2
32,121,0.0,0.0,1.0665905,0.3555302,1
32,127,0.0,0.0,0.7757397,0.2585799,1
32,128,1.0029354,0.0,0.0,0.3343118,1
32,129,0.96821046,0.0,0.0,0.32273683,1
32,135,0.97803783,0.0,0.0,0.3260126,1
32,144,0.0,0.984435,0.0,0.32814503,1
32,155,0.0,0.0,1.5183884,0.5061295,1
32,160,1.0849775,0.0,0.0,0.36165917,1
32,164,0.0,0.9691217,0.0,0.32304057,1
32,167,1.0295913,1.0518354,0.0,0.6938089,2
32,173,0.0,0.95309144,0.0,0.31769717,1
32,174,0.0,0.0,1.4685882,0.48952943,1
32,175,0.97021383,0.0,1.5476812,0.83929837,2
32,178,0.0,1.0643872,0.0,0.35479575,1
32,186,0.9670978,0.0,0.0,0.32236594,1
32,187,0.0,0.95266306,0.0,0.31755435,1
32,188,0.0,0.0,0.8223641,0.27412137,1
32,193,1.0050932,0.0,0.0,0.3350311,1
32,199,0.0,0.0,0.92872566,0.30957523,1
32,201,0.9882315,0.0,1.3905598,0.7929304,2
32,205,0.0,0.9426484,0.0,0.31421614,1
32,209,0.0,0.0,1.1254671,0.3751557,1
32,210,0.0,0.9645966,0.0,0.32153222,1
32,216,0.9836946,0.0,0.0,0.3278982,1
32,223,0.0,0.965223,0.0,0.321741,1
32,225,0.0,0.0,0.8441398,0.28137994,1
32,232,0.0,0.95467424,0.0,0.31822476,1
32,234,0.98809326,0.0,0.91406304,0.6340521,2
32,239,0.0,1.0493402,0.0,0.34978008,1
32,245,0.0,0.9425848,1.1300396,0.6908748,2
32,251,0.0,0.9355453,0.0,0.31184846,1
32,253,0.0,0.99407005,0.0,0.3313567,1
32,262,0.9653114,0.0,1.5357466,0.83368605,2
32,263,1.0290666,0.0,1.1775947,0.73555374,2
32,270,1.055256,0.0,0.0,0.351752,1
32,288,0.9728227,0.0,0.0,0.32427424,1
32,289,0.979634,0.0,0.0,0.32654467,1
32,292,1.0351954,0.0,0.0,0.34506512,1
32,301,0.0,0.0,1.8354206,0.61180687,1
32,310,0.0,0.0,1.4223222,0.47410738,1
32,320,0.0,0.0,1.0864855,0.36216184,1
32,334,0.0,0.0,1.609197,0.536399,1
32,336,0.0,0.9925713,0.0,0.3308571,1
32,342,0.0,0.0,0.8055135,0.2685045,1
32,348,0.0,1.070036,0.0,0.3566787,1
32,349,0.0,0.0,0.7169253,0.23897511,1
32,352,0.0,0.9736449,0.0,0.3245483,1
32,356,1.056275,0.0,0.0,0.35209167,1
32,360,0.0,0.0,1.8029158,0.60097194,1
32,371,0.9583,0.0,0.0,0.31943333,1
32,373,0.0,0.9410027,0.0,0.3136676,1
32,381,0.0,0.0,0.78168356,0.2605612,1
32,390,0.0,0.0,1.7055657,0.5685219,1
32,391,0.0,0.0,0.9208917,0.30696392,1
32,396,0.0,0.0,1.0955801,0.36519337,1
32,416,0.97558075,0.0,0.0,0.32519358,1
32,417,0.0,0.94298434,0.0,0.31432813,1
32,420,0.9688283,0.0,0.0,0.3229428,1
32,421,0.9976215,0.0,0.0,0.3325405,1
32,426,0.0,0.9611065,0.0,0.32036883,1
32,439,1.0287528,0.0,0.0,0.34291762,1
32,440,0.0,0.0,0.589862,0.19662067,1
32,441,0.9741656,0.0,0.0,0.32472187,1
32,456,0.0,0.0,1.4789915,0.49299717,1
32,463,0.0,0.0,1.2475103,0.41583678,1
32,470,1.0339313,0.0,0.0,0.34464377,1
32,471,1.0268341,0.0,0.0,0.34227806,1
32,477,0.97618645,0.0,0.0,0.3253955,1
32,482,0.0,0.98331666,0.0,0.32777223,1
32,486,0.0,0.9491199,0.0,0.31637332,1
33,34,0.0,0.944087,0.0,0.3146957,1
33,35,0.0,0.93885595,0.0,0.31295198,1
33,42,0.9735807,0.0,0.0,0.3245269,1
33,49,0.0,1.0068822,0.0,0.3356274,1
33,56,0.0,0.0,1.1860439,0.39534795,1
33,57,0.997547,0.0,0.0,0.33251566,1
33,58,0.9800267,0.0,0.0,0.3266756,1
33,61,1.0614684,0.0,0.0,0.3538228,1
33,65,0.0,0.0,0.619251,0.20641701,1
33,67,0.9904751,0.0,0.0,0.33015838,1
33,68,0.0,0.0,0.9462495,0.3154165,1
33,69,0.0,0.0,0.80522275,0.26840758,1
33,74,0.0,1.0937974,0.0,0.36459917,1
33,76,0.0,1.0177414,0.0,0.33924717,1
33,82,1.0201627,0.0,0.0,0.34005424,1
33,85,0.0,0.0,0.7635317,0.25451058,1
33,86,0.0,0.0,0.78843296,0.262811,1
33,91,0.0,0.0,0.57962984,0.19320995,1
33,93,0.0,0.0,1.3157296,0.43857655,1
33,94,0.0,0.0,1.2173764,0.40579212,1
33,108,0.9894371,0.0,0.0,0.32981238,1
33,117,1.0303891,0.946149,0.0,0.658846,2
33,122,0.0,1.0695508,0.0,0.35651693,1
33,128,0.0,0.0,0.7193706,0.2397902,1
33,129,0.0,0.0,1.1222918,0.3740973,1
33,130,0.0,0.99303174,0.0,0.33101058,1
33,134,0.99277353,0.0,0.0,0.3309245,1
33,139,0.9660036,0.0,0.0,0.32200122,1
33,144,0.96997184,0.0,0.0,0.32332397,1
33,148,0.0,0.97459024,0.0,0.32486343,1
33,150,0.98059535,0.0,0.0,0.32686514,1
33,154,0.0,0.0,0.6530426,0.21768087,1
33,161,1.0011257,0.0,0.0,0.33370858,1
33,164,0.0,0.0,1.3590763,0.45302543,1
33,168,0.0,0.0,1.1104857,0.3701619,1
33,170,0.0,0.0,0.98115814,0.3270527,1
33,189,0.0,0.0,0.8529467,0.2843156,1
33,191,0.0,0.9766705,0.0,0.32555684,1
33,198,0.0,0.0,0.9402037,0.31340125,1
33,199,1.0027536,0.0,0.0,0.33425122,1
33,205,1.0055109,0.0,0.0,0.33517033,1
33,206,0.9982864,0.0,0.0,0.33276215,1
33,217,0.0,0.0,0.984028,0.32800934,1
33,221,0.0,0.0,0.67604315,0.22534773,1
33,223,0.9821146,0.0,0.0,0.32737154,1
33,224,0.0,1.046543,0.0,0.3488477,1
33,228,0.0,1.0688099,0.0,0.35626996,1
33,231,0.0,0.0,1.5058314,0.5019438,1
33,234,0.0,0.96248776,0.0,0.32082927,1
33,238,0.0,0.0,0.5369019,0.1789673,1
33,247,0.9663387,0.0,0.0,0.32211292,1
33,253,1.0042657,0.0,0.0,0.33475524,1
33,256,0.0,0.0,0.60361797,0.201206,1
33,260,0.0,0.0,0.8933365,0.29777884,1
33,261,0.0,0.0,0.74813366,0.24937789,1
33,262,1.097942,0.0,0.0,0.36598068,1
33,263,0.97191536,0.0,0.0,0.3239718,1
33,266,0.0,0.0,1.5721002,0.5240334,1
33,267,0.0,0.9942133,0.0,0.33140445,1
33,275,0.9857405,0.0,0.0,0.32858017,1
33,277,0.0,0.0,0.50834244,0.16944748,1
33,285,0.0,0.0,1.1041102,0.36803675,1
33,289,0.0,0.0,0.66632503,0.22210835,1
33,291,0.0,0.0,0.6584706,0.2194902,1
33,292,1.0854859,0.0,0.0,0.36182866,1
33,293,0.0,0.9475291,0.7424369,0.563322,2
33,296,0.0,0.0,0.95275444,0.3175848,1
33,304,0.0,0.0,0.6166812,0.20556042,1
33,308,0.0,1.0201823,0.0,0.34006077,1
33,310,0.9672295,0.0,0.0,0.32240984,1
33,313,0.0,0.0,0.8516251,0.28387505,1
33,314,0.0,0.0,0.7596939,0.25323132,1
33,318,0.0,0.9990376,0.0,0.33301255,1
33,325,0.0,1.0138012,0.0,0.33793375,1
33,329,1.0042546,0.0,0.0,0.33475155,1
33,333,0.0,0.0,0.7672092,0.2557364,1
33,337,1.0617783,0.0,0.0,0.35392612,1
33,338,0.0,0.96062607,0.0,0.3202087,1
33,344,0.0,1.1662284,0.0,0.3887428,1
33,345,0.0,0.0,0.9534306,0.3178102,1
33,354,0.0,0.99417144,0.0,0.3313905,1
33,358,0.0,0.0,0.58957374,0.19652459,1
33,368,1.0656538,0.0,0.0,0.35521793,1
33,371,0.0,0.0,0.5616962,0.18723206,1
33,372,0.0,0.0,0.919197,0.30639902,1
33,373,0.0,0.0,1.1375334,0.3791778,1
33,374,0.0,0.0,1.2348657,0.4116219,1
33,382,0.0,0.0,0.6871068,0.2290356,1
33,384,0.0,0.0,0.4651839,0.1550613,1
33,388,1.055272,1.1033744,0.0,0.7195488,2
33,389,0.96423614,0.0,0.0,0.32141206,1
33,394,0.97409767,0.0,0.0,0.32469922,1
33,395,0.0,0.0,0.88286763,0.29428923,1
33,399,0.0,0.93528736,0.0,0.31176245,1
33,403,0.0,0.95092803,0.0,0.316976,1
33,415,0.0,0.0,0.6817793,0.22725978,1
33,424,0.9658297,0.0,0.8050489,0.5902929,2
33,439,0.0,0.0,1.0612254,0.35374182,1
33,444,0.0,0.9753502,0.0,0.32511675,1
33,445,0.0,0.0,0.88521457,0.29507154,1
33,446,0.0,0.0,0.82784396,0.275948,1
33,453,0.0,0.0,1.0273163,0.3424388,1
33,458,0.0,0.9554953,0.0,0.31849843,1
33,461,0.0,1.0035086,0.7598981,0.5878023,2
33,467,0.0,0.0,0.7467433,0.24891445,1
33,470,0.0,0.0,0.90061766,0.3002059,1
33,471,0.0,0.0,1.4181232,0.47270775,1
33,473,0.9809791,0.0,0.9103408,0.63044,2
33,477,0.0,0.0,1.5469346,0.5156449,1
33,491,0.0,1.0591656,0.0,0.3530552,1
33,496,0.0,1.010513,0.0,0.33683765,1
33,498,0.0,0.0,0.7926405,0.2642135,1
33,503,0.0,0.0,0.9853245,0.3284415,1
33,505,1.0119877,0.0,0.0,0.33732924,1
33,508,0.0,0.0,1.3055549,0.43518496,1
34,39,0.9780665,0.0,0.0,0.32602218,1
34,48,0.0,1.049011,0.8607542,0.63658845,2
34,49,0.0,0.9943705,0.0,0.33145684,1
34,57,0.99213684,0.0,0.0,0.3307123,1
34,62,0.0,0.0,0.76537955,0.25512654,1
34,67,0.0,0.0,1.2551975,0.41839918,1
34,73,0.9751855,0.0,0.0,0.32506186,1
34,74,0.96932197,0.0,0.0,0.32310733,1
34,80,0.0,0.0,0.9145912,0.30486375,1
34,83,0.0,0.0,0.9654351,0.3218117,1
34,85,0.9782623,0.0,0.0,0.32608745,1
34,87,0.0,1.0657068,0.0,0.35523564,1
34,93,0.0,0.9807422,0.0,0.32691407,1
34,94,0.96394956,0.0,0.0,0.32131654,1
34,100,0.0,0.0,0.8729704,0.29099014,1
34,101,0.0,0.0,1.7949579,0.5983193,1
34,104,0.9847367,0.0,0.0,0.32824558,1
34,105,0.0,0.0,0.9903755,0.33012518,1
34,118,0.0,0.95319766,0.0,0.31773257,1
34,120,0.0,0.0,1.0660787,0.35535955,1
34,124,0.99649954,0.0,1.238954,0.74515116,2
34,127,1.004482,0.0,0.0,0.33482736,1
34,137,0.0,1.0957241,0.0,0.36524138,1
34,159,1.1265981,0.0,0.0,0.37553272,1
34,161,0.0,0.94266427,0.0,0.31422144,1
34,167,0.0,0.9443488,0.0,0.31478295,1
34,168,0.95863456,0.0,0.0,0.31954485,1
34,170,0.0,1.015482,0.0,0.338494,1
34,171,0.0,0.0,0.7835962,0.26119876,1
34,175,0.0,0.99764526,0.0,0.33254844,1
34,177,0.0,0.9506805,0.0,0.31689352,1
34,195,0.99984074,0.0,0.0,0.33328027,1
34,203,0.0,0.0,1.0919545,0.36398482,1
34,204,0.0,1.014565,0.0,0.33818835,1
34,205,1.0372615,0.0,0.0,0.34575385,1
34,213,0.0,1.0567682,0.0,0.35225606,1
34,214,0.0,0.9844538,0.0,0.3281513,1
34,216,0.9784375,0.0,0.0,0.32614583,1
34,222,0.0,0.0,1.086205,0.36206836,1
34,226,0.0,1.0143548,0.0,0.33811828,1
34,230,0.0,0.9951772,0.0,0.33172575,1
34,232,0.0,0.9908399,1.3121631,0.76766765,2
34,239,0.0,0.9523209,1.4453121,0.799211,2
34,249,0.99619114,0.0,0.0,0.33206373,1
34,270,1.0289716,0.0,0.0,0.34299052,1
34,271,1.0142735,0.0,0.0,0.3380912,1
34,272,0.0,0.0,0.85125375,0.28375125,1
34,275,0.9702218,0.0,0.0,0.3234073,1
34,286,0.97461206,0.0,0.0,0.3248707,1
34,308,0.0,0.94332427,0.0,0.31444144,1
34,309,0.0,1.003582,0.0,0.33452734,1
34,315,0.0,0.9928877,0.0,0.33096257,1
34,316,0.0,0.0,0.7582428,0.2527476,1
34,322,0.0,0.0,0.9956841,0.3318947,1
34,329,0.0,0.0,1.4012293,0.46707642,1
34,332,0.0,0.9761762,0.0,0.32539207,1
34,338,0.0,0.9691019,0.0,0.323034,1
34,357,0.0,0.960881,0.0,0.32029366,1
34,359,0.0,0.0,0.77383816,0.25794607,1
34,361,0.0,0.0,0.871834,0.29061133,1
34,363,0.99491656,0.0,0.0,0.33163887,1
34,366,0.0,0.9634877,0.0,0.32116258,1
34,369,1.0319211,0.0,0.0,0.34397373,1
34,377,0.0,0.0,1.3402692,0.44675642,1
34,382,0.0,0.97775465,0.0,0.32591823,1
34,386,0.0,1.0134712,0.0,0.33782375,1
34,387,0.0,0.0,0.88038373,0.29346126,1
34,403,0.0,0.9487287,0.78987926,0.57953596,2
34,405,1.0401092,0.0,0.0,0.34670305,1
34,406,0.0,0.0,0.99818146,0.33272716,1
34,412,0.0,0.970507,0.90780056,0.62610257,2
34,414,0.0,0.9399168,0.0,0.31330562,1
34,418,0.0,0.93186957,0.0,0.3106232,1
34,419,0.96810806,0.0,0.0,0.3227027,1
34,425,0.0,0.0,0.84257185,0.2808573,1
34,436,0.0,1.0677185,1.1697755,0.7458314,2
34,441,0.0,0.0,1.5121,0.5040333,1
34,448,0.97342217,0.0,0.0,0.32447407,1
34,452,0.0,0.9517371,0.0,0.31724572,1
34,454,0.97184116,0.0,0.0,0.32394707,1
34,455,0.0,0.0,1.0909493,0.3636498,1
34,457,0.9660763,0.0,0.0,0.32202545,1
34,462,0.0,1.1661141,0.0,0.38870472,1
34,464,0.0,0.97350764,0.0,0.32450256,1
34,488,0.9813862,0.9781687,0.0,0.653185,2
34,494,0.0,0.9929906,0.0,0.33099687,1
34,501,0.0,0.0,1.3783575,0.4594525,1
34,504,0.0,0.0,0.7731746,0.25772488,1
34,506,0.0,0.93882805,0.0,0.31294268,1
34,511,0.9741923,0.0,0.0,0.32473078,1
35,44,0.97344536,0.0,0.0,0.3244818,1
35,48,0.0,0.0,0.8201369,0.27337897,1
35,55,0.98944604,0.0,0.0,0.32981536,1
35,59,0.0,0.959538,0.0,0.319846,1
35,69,0.0,0.0,1.3236198,0.44120663,1
35,91,0.0,1.0521176,0.78406125,0.6120596,2
35,96,0.97378427,0.98869526,0.0,0.6541599,2
35,97,0.97198576,0.0,0.0,0.32399526,1
35,100,0.9913368,0.0,0.0,0.33044562,1
35,102,0.0,0.0,0.8646055,0.28820184,1
35,103,0.0,0.0,0.8517228,0.2839076,1
35,104,0.9769983,0.0,0.0,0.32566613,1
35,106,0.0,1.2731167,1.2377354,0.8369507,2
35,111,0.0,0.0,0.7639139,0.254638,1
35,114,0.9850069,0.0,0.0,0.32833564,1
35,119,0.0,0.0,0.7456477,0.24854925,1
35,122,0.0,0.99537593,0.0,0.331792,1
35,137,0.0,1.0863008,0.0,0.3621003,1
35,145,0.980493,0.9624068,0.0,0.6476333,2
35,148,0.0,0.0,0.7678952,0.25596508,1
35,150,0.0,1.026824,0.0,0.34227467,1
35,163,0.0,0.0,0.67952865,0.22650956,1
35,188,0.97745895,0.0,0.0,0.32581967,1
35,204,0.0,0.0,1.1414843,0.38049477,1
35,207,1.0140241,0.0,0.0,0.33800805,1
35,213,0.0,0.0,0.5665552,0.18885174,1
35,214,0.0,0.0,0.9344332,0.31147775,1
35,227,0.0,0.0,0.60247856,0.2008262,1
35,231,0.0,0.0,1.0277953,0.34259844,1
35,243,0.0,0.0,0.91695756,0.30565253,1
35,244,1.0702175,0.0,0.0,0.35673916,1
35,249,0.97807664,0.0,0.0,0.32602555,1
35,266,0.0,0.0,0.70445704,0.23481902,1
35,267,0.0,0.0,1.0847197,0.36157322,1
35,283,1.0169897,1.043053,0.0,0.6866809,2
35,291,0.0,0.0,0.6661055,0.22203517,1
35,293,0.0,0.9963739,0.0,0.33212465,1
35,302,0.0,0.0,0.70391613,0.23463872,1
35,303,0.0,0.0,0.92674077,0.3089136,1
35,311,0.9701717,0.95853597,0.0,0.6429026,2
35,313,0.0,1.0254083,0.0,0.34180278,1
35,316,0.0,0.0,1.4123849,0.47079498,1
35,317,0.0,0.0,0.9457562,0.31525207,1
35,319,0.0,0.983488,0.0,0.32782936,1
35,329,0.0,0.0,0.8448338,0.28161126,1
35,335,0.0,0.9632791,0.0,0.32109305,1
35,339,0.0,0.97831357,0.80748206,0.5952652,2
35,351,0.0,0.9737624,0.0,0.32458746,1
35,353,0.0,0.9720682,0.0,0.32402274,1
35,355,0.0,1.1523966,0.0,0.3841322,1
35,357,0.0,0.97349906,0.0,0.3244997,1
35,358,0.9768238,0.0,0.0,0.32560796,1
35,360,0.0,1.1065128,0.0,0.3688376,1
35,369,0.9729478,0.0,0.0,0.32431594,1
35,373,0.9760688,0.0,0.0,0.32535627,1
35,376,0.0,1.0207486,0.0,0.34024954,1
35,377,0.0,1.0545459,0.0,0.3515153,1
35,379,0.0,0.9955558,0.0,0.33185196,1
35,382,0.0,0.0,0.9547287,0.3182429,1
35,383,0.0,0.0,0.9248152,0.30827174,1
35,384,0.0,0.0,0.6526454,0.21754847,1
35,388,0.0,1.0776186,0.0,0.3592062,1
35,395,0.97616976,0.0,0.0,0.32538992,1
35,399,0.0,1.0372747,0.0,0.34575826,1
35,404,0.0,0.0,1.0291127,0.34303758,1
35,406,0.0,0.0,1.0622178,0.35407263,1
35,410,1.0584995,0.0,0.0,0.35283315,1
35,413,1.0235713,0.0,0.0,0.34119043,1
35,415,0.0,0.0,0.7997912,0.2665971,1
35,435,1.0596238,0.0,0.0,0.35320795,1
35,437,1.0290174,0.0,0.0,0.34300584,1
35,440,0.963914,0.0,0.0,0.32130468,1
35,446,0.0,0.96336466,1.2002778,0.7212142,2
35,461,0.0,0.0,0.81296134,0.27098712,1
35,464,0.0,1.0233877,0.0,0.34112924,1
35,471,0.0,0.0,0.865183,0.28839433,1
35,472,0.9733795,0.0,0.0,0.32445985,1
35,473,1.014281,0.0,0.0,0.3380937,1
35,484,1.0670391,0.0,0.0,0.35567972,1
35,504,0.97536504,0.0,0.0,0.3251217,1
35,507,0.9630156,0.0,0.0,0.32100523,1
36,41,0.0,0.0,0.78275466,0.26091823,1
36,43,0.0,1.0221174,0.0,0.3407058,1
36,46,0.0,0.96364737,0.0,0.3212158,1
36,47,0.0,0.96108633,0.0,0.32036212,1
36,50,0.0,0.0,1.0495603,0.34985346,1
36,51,0.9978904,0.0,0.0,0.33263016,1
36,65,0.0,0.94128835,0.0,0.31376278,1
36,75,0.0,0.0,1.4949913,0.49833044,1
36,82,0.9696647,0.0,0.0,0.32322156,1
36,84,0.0,0.0,0.57109624,0.19036542,1
36,85,0.0,0.0,1.0856816,0.36189386,1
36,86,0.9830159,0.0,0.0,0.32767197,1
36,107,0.0,0.0,1.1984038,0.39946795,1
36,108,0.0,0.0,0.9215243,0.30717477,1
36,114,0.0,0.9496806,1.0501475,0.6666094,2
36,117,0.0,0.0,0.9684701,0.32282338,1
36,118,1.0354902,0.0,0.0,0.3451634,1
36,121,1.1797705,0.0,0.0,0.39325684,1
36,124,1.0809553,0.0,0.0,0.36031842,1
36,126,0.0,0.97562796,0.0,0.32520932,1
36,131,1.0096825,0.0,1.0447259,0.68480283,2
36,150,0.9832645,0.0,0.0,0.32775486,1
36,151,0.0,0.0,1.1328403,0.37761343,1
36,164,0.0,0.98608446,0.0,0.32869482,1
36,165,0.0,0.97145194,0.0,0.3238173,1
36,167,0.0,0.93893915,0.0,0.31297973,1
36,175,0.0,0.0,0.8689433,0.28964776,1
36,183,1.0025592,1.0734067,0.0,0.69198865,2
36,186,0.9984906,0.0,0.0,0.3328302,1
36,205,0.0,1.0176705,0.0,0.3392235,1
36,208,0.0,0.0,1.5705822,0.5235274,1
36,217,0.0,0.0,0.83210087,0.27736697,1
36,227,0.0,0.9720918,0.0,0.3240306,1
36,229,0.9670978,0.0,0.0,0.32236594,1
36,233,0.0,0.9530241,0.0,0.3176747,1
36,246,0.0,0.99827886,0.0,0.33275962,1
36,251,0.0,0.9524197,0.0,0.31747323,1
36,252,0.9911316,0.0,0.0,0.33037722,1
36,258,0.0,0.0,1.1730132,0.3910044,1
36,267,0.98829406,0.0,0.0,0.32943135,1
36,272,0.966835,0.0,0.0,0.32227835,1
36,290,0.0,0.0,0.86335766,0.2877859,1
36,291,0.0,1.0073177,0.0,0.33577257,1
36,292,0.0,1.0141206,0.0,0.3380402,1
36,293,0.0,0.0,1.1455857,0.3818619,1
36,304,0.0,0.98009723,0.0,0.32669908,1
36,310,1.105923,0.0,0.0,0.36864102,1
36,323,0.0,0.0,0.710616,0.236872,1
36,336,0.9628761,0.0,0.0,0.3209587,1
36,340,0.0,0.0,0.96036965,0.32012323,1
36,343,0.0,0.0,0.6910107,0.2303369,1
36,345,0.0,0.0,1.0312184,0.34373948,1
36,349,0.0,0.99845874,0.0,0.33281958,1
36,350,0.0,0.0,1.0318861,0.34396204,1
36,351,0.0,0.0,0.8868092,0.29560307,1
36,358,0.99666846,0.0,0.0,0.33222282,1
36,360,1.0108786,0.0,0.0,0.33695954,1
36,363,0.0,0.0,1.0749794,0.3583265,1
36,366,0.9664374,0.0,0.0,0.32214582,1
36,381,0.0,0.0,0.788014,0.26267135,1
36,391,0.0,0.0,0.8014064,0.26713547,1
36,395,1.0016999,0.0,0.0,0.33389997,1
36,396,0.97387415,0.0,0.0,0.32462472,1
36,399,0.0,1.0115658,0.0,0.3371886,1
36,418,0.9743099,0.0,0.0,0.32476997,1
36,420,0.9911821,0.0,0.0,0.33039403,1
36,423,0.0,0.9723253,0.0,0.32410845,1
36,426,0.0,0.94905657,0.0,0.3163522,1
36,439,1.0415183,0.0,0.0,0.3471728,1
36,445,0.0,0.97104806,0.0,0.3236827,1
36,447,0.0,0.9454379,0.0,0.31514597,1
36,458,0.0,1.103906,0.0,0.36796868,1
36,462,0.9710125,0.0,0.0,0.32367083,1
36,473,1.0333765,0.0,1.1337245,0.722367,2
36,474,0.0,0.9794234,0.0,0.3264745,1
36,477,0.9823596,0.0,0.0,0.3274532,1
36,479,0.0,0.97007436,0.0,0.32335812,1
36,485,0.0,1.0272338,0.0,0.34241128,1
36,487,1.0185097,0.0,0.0,0.33950326,1
36,489,0.0,0.96688414,0.0,0.3222947,1
36,495,0.0,1.096303,0.0,0.36543435,1
36,503,0.0,0.0,1.0560614,0.35202047,1
36,508,0.0,0.0,0.71870214,0.23956738,1
37,42,0.0,0.0,0.6667214,0.22224048,1
37,44,0.0,0.0,1.0168766,0.33895886,1
37,45,0.0,0.0,0.5918778,0.19729261,1
37,48,0.9758275,0.0,0.0,0.32527584,1
37,49,0.0,0.0,0.6724765,0.22415882,1
37,50,0.97352034,0.0,0.0,0.3245068,1
37,51,0.0,1.009544,0.0,0.33651468,1
37,57,0.0,0.99456227,0.0,0.33152077,1
37,67,0.0,0.0,0.97165966,0.32388657,1
37,69,1.0008961,0.0,0.0,0.33363205,1
37,72,0.0,1.0189118,0.0,0.33963728,1
37,80,0.0,0.0,1.6128446,0.5376149,1
37,91,0.965271,0.0,0.0,0.32175702,1
37,92,0.0,0.0,1.0001549,0.33338496,1
37,94,0.97925115,0.93961114,0.0,0.6396208,2
37,96,0.0,1.0728106,0.0,0.35760355,1
37,100,0.0,1.0544046,0.0,0.3514682,1
37,101,0.0,0.0,0.85348696,0.28449565,1
37,104,0.0,1.1855803,0.0,0.39519343,1
37,105,0.0,0.0,1.1989828,0.39966094,1
37,110,0.0,0.0,0.7071713,0.23572378,1
37,113,0.0,1.0393418,0.0,0.3464473,1
37,119,0.0,0.9526152,0.0,0.3175384,1
37,120,0.0,0.0,1.4936912,0.4978971,1
37,124,0.0,0.0,1.8861957,0.6287319,1
37,130,0.0,0.99078655,0.0,0.33026218,1
37,145,0.0,1.0180851,0.0,0.33936173,1
37,147,0.98377836,0.0,0.0,0.32792613,1
37,150,0.0,0.9652523,0.0,0.32175076,1
37,151,0.0,0.0,0.76188165,0.25396055,1
37,168,1.0256599,0.0,0.0,0.34188664,1
37,175,1.0343297,0.0,0.0,0.34477657,1
37,177,0.0,0.0,1.3355514,0.4451838,1
37,179,0.0,1.0170732,0.0,0.3390244,1
37,182,0.97006637,0.0,0.0,0.32335547,1
37,186,0.0,0.0,1.0409989,0.34699965,1
37,189,0.97213364,0.0,0.0,0.32404456,1
37,191,1.0133367,0.0,0.0,0.3377789,1
37,206,0.0,0.0,0.7223727,0.2407909,1
37,212,0.99039876,0.0,0.0,0.33013293,1
37,216,0.0,0.0,1.1720221,0.39067405,1
37,218,0.0,1.0099804,0.0,0.33666015,1
37,232,0.9837755,0.0,0.0,0.32792518,1
37,247,0.99886036,0.0,0.0,0.33295345,1
37,249,0.0,0.94397986,0.0,0.31465995,1
37,268,1.0118679,0.0,0.0,0.3372893,1
37,271,0.99680233,0.0,0.0,0.33226746,1
37,277,0.0,1.0332218,0.0,0.3444073,1
37,282,0.0,0.97934353,0.0,0.32644784,1
37,285,0.0,0.9680437,0.0,0.32268125,1
37,286,0.0,1.014046,0.0,0.33801532,1
37,287,0.0,0.0,0.9793862,0.3264621,1
37,294,1.0240228,0.0,0.0,0.34134096,1
37,317,0.0,0.0,0.7583128,0.25277096,1
37,321,0.9763512,0.0,0.0,0.32545042,1
37,324,0.0,0.96199405,0.0,0.3206647,1
37,328,0.0,0.0,0.75967276,0.25322425,1
37,343,0.9793799,0.0,0.0,0.32645997,1
37,355,1.0566764,0.0,0.0,0.35222548,1
37,359,0.0,0.9412986,0.7640869,0.5684619,2
37,361,0.0,0.0,0.6738226,0.22460753,1
37,365,1.0715442,0.0,0.0,0.3571814,1
37,366,1.06651,0.0,0.0,0.35550332,1
37,370,0.0,0.95708466,0.0,0.31902823,1
37,377,0.0,0.0,1.3550893,0.45169646,1
37,387,1.0111,0.0,1.462479,0.82452637,2
37,396,0.0,0.94120944,0.0,0.3137365,1
37,412,0.0,0.0,0.8304491,0.27681637,1
37,416,0.0,1.075259,0.0,0.35841966,1
37,419,0.9955169,0.0,0.0,0.33183897,1
37,426,1.0102983,0.95583457,0.0,0.6553776,2
37,428,0.0,1.0445796,0.0,0.34819323,1
37,449,0.97398406,0.0,0.0,0.32466137,1
37,454,0.0,0.0,1.2683175,0.4227725,1
37,455,0.0,0.0,0.89114004,0.2970467,1
37,469,0.96798074,0.0,0.0,0.32266027,1
37,472,0.0,0.0,2.0058198,0.66860664,1
37,473,0.0,1.1062182,0.0,0.36873943,1
37,479,0.0,0.93004143,0.0,0.31001383,1
37,486,1.0825214,0.0,0.0,0.3608405,1
37,487,0.96601945,0.0,0.0,0.3220065,1
37,491,0.9798117,0.0,0.0,0.32660392,1
37,504,0.0,0.0,1.4878459,0.49594864,1
38,42,1.0261723,0.0,0.0,0.34205744,1
38,44,0.0,0.0,1.0896418,0.36321396,1
38,46,0.0,0.93903536,0.0,0.3130118,1
38,47,1.0499961,0.0,0.0,0.3499987,1
38,62,0.0,1.0863478,0.0,0.36211595,1
38,64,0.98993045,0.0,0.0,0.32997683,1
38,70,0.0,1.1395475,0.0,0.37984917,1
38,72,1.0232013,0.0,0.0,0.34106714,1
38,75,0.97197175,0.0,0.0,0.32399058,1
38,85,0.972548,0.94957983,0.0,0.6407093,2
38,87,1.0489136,0.0,0.0,0.34963787,1
38,96,0.0,0.0,1.5711092,0.5237031,1
38,99,0.0,1.049836,1.2045244,0.7514535,2
38,105,0.0,0.9398914,0.0,0.31329715,1
38,107,0.0,0.0,0.7967638,0.26558793,1
38,109,0.0,1.0547078,0.0,0.35156927,1
38,115,0.0,0.0,1.0175279,0.339176,1
38,116,0.0,0.0,1.1456465,0.38188216,1
38,119,0.98745036,0.0,0.0,0.32915014,1
38,126,1.0174335,0.0,0.0,0.33914453,1
38,127,0.0,0.96889746,0.0,0.32296583,1
38,135,0.99536407,0.0,0.0,0.33178803,1
38,148,0.0,0.9565153,0.0,0.31883845,1
38,151,0.99636376,0.0,0.0,0.33212125,1
38,159,0.98978937,0.0,0.0,0.3299298,1
38,187,0.0,0.99356264,0.0,0.33118755,1
38,200,0.0,0.0,0.9947035,0.33156782,1
38,204,1.0535569,0.0,0.0,0.35118565,1
38,205,0.0,0.0,0.9527862,0.31759542,1
38,215,0.0,0.0,0.7730663,0.25768876,1
38,217,0.9666559,0.0,0.0,0.32221866,1
38,220,0.9859024,0.0,0.0,0.32863414,1
38,246,0.0,0.0,0.94894415,0.31631473,1
38,248,0.0,0.96576476,0.0,0.3219216,1
38,252,0.0,0.0,1.262092,0.42069733,1
38,255,0.0,0.9864921,0.0,0.32883072,1
38,257,0.0,0.0,1.4816625,0.4938875,1
38,259,0.9941081,0.0,0.0,0.33136937,1
38,263,0.0,1.023843,0.0,0.34128103,1
38,268,0.0,0.0,0.85615176,0.28538394,1
38,279,0.0,0.0,0.70776534,0.23592179,1
38,286,0.0,0.0,1.1528261,0.38427538,1
38,288,0.9843897,0.0,0.0,0.32812992,1
38,303,0.9670978,0.0,0.0,0.32236594,1
38,305,0.0,0.9899341,0.0,0.32997805,1
38,314,0.0,0.0,0.6854403,0.2284801,1
38,318,0.0,0.94545877,0.0,0.31515294,1
38,326,1.0897517,0.0,0.0,0.36325058,1
38,327,0.0,0.0,1.197342,0.399114,1
38,330,0.0,0.0,0.68208575,0.22736192,1
38,335,0.0,0.0,0.9563127,0.31877092,1
38,340,0.0,0.99202764,0.0,0.3306759,1
38,343,0.0,0.0,0.6907695,0.2302565,1
38,344,0.9747851,1.1764238,0.0,0.7170696,2
38,359,1.0199463,0.0,0.0,0.33998212,1
38,362,1.0153472,0.0,0.0,0.3384491,1
38,369,0.96202654,0.0,0.0,0.32067552,1
38,370,0.0,0.0,0.7725765,0.2575255,1
38,373,1.0019218,0.0,0.0,0.33397394,1
38,393,0.0,0.96193355,0.0,0.32064453,1
38,394,0.0,0.9460632,0.0,0.3153544,1
38,403,0.0,0.0,1.3399174,0.44663915,1
38,407,0.0,0.97492355,0.0,0.32497454,1
38,410,0.0,0.0,1.54045,0.51348335,1
38,418,0.0,1.0065659,0.0,0.335522,1
38,425,0.0,0.0,0.83536315,0.2784544,1
38,436,1.0092562,0.0,0.0,0.33641875,1
38,442,0.0,0.0,1.8867718,0.62892395,1
38,447,0.9717571,0.0,0.0,0.32391906,1
38,448,0.0,0.0,0.7489306,0.24964353,1
38,454,0.0,0.0,0.73200965,0.24400322,1
38,455,0.9894611,0.0,0.0,0.3298204,1
38,460,0.0,0.9877035,0.0,0.3292345,1
38,464,0.9723776,0.0,0.0,0.3241259,1
38,465,0.0,1.049418,0.8504358,0.6332846,2
38,476,0.0,0.0,1.9029287,0.6343096,1
38,477,0.0,0.9943688,0.0,0.33145627,1
38,478,0.0,0.0,1.3767924,0.45893082,1
38,479,0.0,0.0,0.85663813,0.28554606,1
38,480,0.9731901,0.0,0.0,0.32439673,1
38,483,0.99891955,0.0,0.0,0.33297318,1
38,490,0.0,0.9878298,0.0,0.32927662,1
38,494,0.0,0.9821303,0.0,0.32737678,1
38,498,0.0,1.0361071,0.0,0.34536904,1
38,509,0.0,0.9734446,0.0,0.32448155,1
39,41,0.0,1.1575589,0.0,0.385853,1
39,52,0.99868387,1.0393313,0.0,0.6793384,2
39,54,1.0592458,0.0,0.0,0.35308194,1
39,58,0.0,0.9799409,0.0,0.32664698,1
39,61,0.0,0.9407697,0.0,0.3135899,1
39,66,0.0,0.0,0.71093124,0.23697709,1
39,72,0.0,0.94346094,1.4636922,0.8023844,2
39,74,0.0,0.0,0.6106087,0.20353624,1
39,97,1.0628996,0.0,0.0,0.35429987,1
39,110,0.0,1.0545158,0.0,0.35150528,1
39,118,0.0,0.9515754,0.0,0.3171918,1
39,126,0.0,1.0148265,0.0,0.33827552,1
39,128,0.0,0.0,0.79118603,0.26372868,1
39,151,0.9657902,0.0,0.0,0.32193008,1
39,155,0.0,0.985175,0.0,0.32839167,1
39,158,0.0,0.0,1.5461683,0.51538944,1
39,161,0.9884448,0.0,0.0,0.3294816,1
39,178,0.0,1.0307602,0.0,0.34358674,1
39,179,0.0,0.0,0.6818947,0.22729824,1
39,198,0.0,0.0,0.65063494,0.21687832,1
39,205,0.0,1.1090386,0.0,0.36967954,1
39,207,0.9683061,0.0,0.0,0.32276872,1
39,218,0.0,0.0,0.9971506,0.33238354,1
39,220,0.99095774,0.0,0.0,0.33031926,1
39,221,0.9730635,0.0,0.0,0.32435453,1
39,235,0.0,0.0,0.65526944,0.21842316,1
39,243,0.0,0.970564,0.0,0.32352135,1
39,246,0.956278,0.0,0.0,0.31875935,1
39,255,0.99728715,0.0,0.0,0.33242905,1
39,266,0.0,0.95140976,0.0,0.3171366,1
39,269,1.0337322,0.0,0.0,0.3445774,1
39,277,0.9849477,0.0,0.0,0.3283159,1
39,284,0.9606518,0.0,0.0,0.32021728,1
39,291,0.0,0.0,0.72756773,0.24252258,1
39,296,0.0,0.0,0.847386,0.282462,1
39,301,0.0,1.0132887,0.0,0.33776292,1
39,311,0.0,0.93994945,0.0,0.3133165,1
39,314,0.0,0.0,0.55237865,0.18412623,1
39,321,0.0,0.0,0.76934975,0.25644994,1
39,323,0.0,0.0,0.81216055,0.27072018,1
39,326,0.0,0.0,0.4465662,0.1488554,1
39,334,0.0,1.0410144,0.0,0.34700483,1
39,337,0.0,0.0,0.5520633,0.1840211,1
39,338,0.0,0.96283555,0.0,0.3209452,1
39,340,0.0,0.0,0.87065524,0.2902184,1
39,342,1.0144862,0.0,0.0,0.33816206,1
39,343,0.0,0.0,0.62315345,0.20771782,1
39,348,0.9938734,0.0,0.0,0.33129114,1
39,355,0.9654385,0.0,0.0,0.32181284,1
39,358,1.0477116,0.0,0.0,0.3492372,1
39,369,0.0,1.2324854,0.0,0.41082847,1
39,370,0.0,0.0,0.63989687,0.21329896,1
39,373,0.0,0.0,0.63781935,0.21260646,1
39,376,0.0,0.9933028,0.0,0.33110094,1
39,380,0.0,1.0630002,0.0,0.3543334,1
39,388,0.0,1.0156692,0.0,0.3385564,1
39,390,0.0,0.97272575,0.0,0.32424194,1
39,391,0.9820714,0.0,0.0,0.32735714,1
39,393,0.96464103,0.0,0.0,0.32154703,1
39,407,0.99897116,0.0,0.0,0.3329904,1
39,415,1.0025581,0.0,0.0,0.33418605,1
39,416,0.0,0.0,0.6747834,0.22492781,1
39,420,0.0,1.174187,0.0,0.39139566,1
39,422,0.0,1.1081766,0.0,0.36939222,1
39,429,0.99129796,0.0,0.0,0.33043265,1
39,439,0.0,0.0,0.7570712,0.25235707,1
39,445,0.0,0.0,1.0456133,0.34853777,1
39,457,0.96570307,1.0003697,0.0,0.6553576,2
39,458,0.9654811,0.0,0.0,0.32182705,1
39,461,0.0,0.0,0.7021589,0.23405299,1
39,463,0.972496,0.0,0.0,0.32416534,1
39,465,0.96992,0.0,0.0,0.32330668,1
39,467,1.0567771,0.9576832,0.0,0.6714868,2
39,469,0.96891236,0.0,0.0,0.3229708,1
39,472,0.9850067,0.0,0.0,0.32833558,1
39,480,0.0,0.0,0.8113332,0.2704444,1
39,494,0.0,0.0,0.77557737,0.2585258,1
39,500,1.0187933,0.9332641,0.0,0.6506858,2
39,501,0.0,1.0500208,0.0,0.35000694,1
39,506,0.0,1.0893346,0.84431547,0.6445501,2
39,508,0.0,0.0,0.6158352,0.2052784,1
39,510,0.0,0.0,1.2304121,0.4101374,1
40,44,0.0,0.9860282,0.0,0.32867607,1
40,47,0.0,0.94478524,0.0,0.3149284,1
40,52,0.0,1.0116581,0.0,0.33721936,1
40,66,0.9934353,0.0,0.0,0.3311451,1
40,69,0.0,1.1063468,1.3041584,0.8035018,2
40,70,1.1006237,0.0,0.0,0.36687458,1
40,79,0.0,0.9409999,0.0,0.31366664,1
40,80,0.0,0.9796919,0.0,0.32656398,1
40,90,0.0,0.96491116,0.0,0.32163706,1
40,108,0.0,0.9633736,0.0,0.32112455,1
40,126,1.0252994,0.0,0.0,0.34176648,1
40,130,0.0,0.0,0.83094305,0.27698103,1
40,131,0.0,0.966505,0.0,0.32216835,1
40,141,1.0458261,0.0,0.0,0.3486087,1
40,142,0.9646691,0.9790674,0.0,0.6479122,2
40,147,0.0,0.9663642,1.2183789,0.72824776,2
40,148,0.0,0.0,1.060824,0.353608,1
40,156,1.0096793,0.9890448,0.0,0.6662414,2
40,166,1.0062033,0.0,0.0,0.33540112,1
40,177,0.9809806,0.0,0.0,0.32699353,1
40,179,0.0,0.94618213,0.0,0.31539404,1
40,187,0.9849648,0.0,0.0,0.3283216,1
40,191,0.991487,0.0,0.0,0.3304957,1
40,194,0.0,0.9418914,0.0,0.3139638,1
40,207,0.0,1.1319098,0.0,0.3773033,1
40,213,0.0,0.0,0.9668433,0.32228112,1
40,216,0.0,1.0526389,0.0,0.35087964,1
40,225,0.0,0.93761605,0.0,0.31253868,1
40,226,0.0,0.0,1.4008895,0.46696317,1
40,227,0.0,0.0,0.64504594,0.21501532,1
40,231,0.0,0.0,0.6067342,0.20224474,1
40,235,0.0,0.0,0.7328687,0.24428956,1
40,236,0.0,0.9896651,0.46771285,0.48579267,2
40,237,0.0,0.9709944,0.0,0.3236648,1
40,238,0.0,0.0,0.89400375,0.29800126,1
40,250,0.0,0.97066826,0.0,0.3235561,1
40,279,0.0,0.0,0.72970784,0.24323595,1
40,280,0.0,0.0,0.8526637,0.28422123,1
40,283,0.9708572,0.0,0.0,0.32361907,1
40,291,0.0,0.0,0.8017481,0.26724938,1
40,302,0.0,0.0,1.0704302,0.35681006,1
40,304,0.0,0.0,0.8005812,0.26686043,1
40,308,1.0125233,0.0,0.0,0.33750778,1
40,309,0.0,1.1461802,0.0,0.38206005,1
40,317,0.0,0.94725764,0.0,0.31575257,1
40,325,0.0,0.0,0.53901714,0.17967239,1
40,326,0.0,0.0,0.6518352,0.2172784,1
40,328,0.96419704,0.0,0.0,0.32139903,1
40,331,0.96626836,0.0,0.0,0.32208946,1
40,334,0.9958224,0.0,0.0,0.33194083,1
40,339,0.0,0.0,0.81994385,0.27331463,1
40,343,0.0,1.1338688,0.0,0.37795627,1
40,350,0.0,1.0537703,0.0,0.3512568,1
40,357,1.0720806,0.0,0.0,0.3573602,1
40,372,0.0,0.0,0.8891474,0.2963825,1
40,375,0.0,0.949438,0.0,0.31647933,1
40,382,0.0,0.0,1.6489817,0.54966056,1
40,383,0.0,0.0,1.4541168,0.48470563,1
40,387,0.98277456,0.0,0.0,0.32759154,1
40,405,0.0,1.0472484,0.0,0.3490828,1
40,406,1.0219077,0.0,0.0,0.3406359,1
40,412,0.0,1.0127686,0.0,0.33758956,1
40,422,0.0,1.0634161,0.0,0.35447204,1
40,432,0.0,0.9521686,0.0,0.31738955,1
40,433,0.0,1.0007882,0.0,0.33359608,1
40,440,0.0,1.1383429,0.0,0.37944764,1
40,444,1.0068382,0.98012745,0.0,0.6623219,2
40,446,0.0,0.0,0.7841593,0.26138645,1
40,447,0.97008497,0.0,0.0,0.32336167,1
40,461,0.99870133,0.0,0.0,0.33290046,1
40,465,0.9807211,0.0,0.8350993,0.6052735,2
40,466,0.0,0.0,0.7264291,0.24214303,1
40,488,0.0,1.0883746,0.0,0.36279154,1
40,491,1.0229526,0.0,0.4601687,0.49437377,2
40,494,0.0,0.0,0.5625289,0.18750964,1
40,499,0.96086234,0.0,0.7299036,0.5635887,2
40,501,0.0,0.9444822,0.0,0.3148274,1
40,504,0.97270834,0.0,0.0,0.32423612,1
40,508,0.0,0.0,0.5279445,0.1759815,1
41,48,0.0,0.95647734,0.0,0.31882578,1
41,49,1.0141346,0.0,0.0,0.33804488,1
41,50,0.0,0.0,1.8918471,0.6306157,1
41,52,0.97657603,0.0,1.7756815,0.9174192,2
41,53,0.0,0.0,1.2892343,0.42974478,1
41,60,0.0,0.0,0.6708468,0.22361562,1
41,62,0.0,0.9752154,0.0,0.3250718,1
41,75,0.99024045,0.0,1.0564045,0.682215,2
41,79,0.0,0.9609856,0.0,0.32032853,1
41,80,0.0,1.1003194,0.0,0.36677313,1
41,82,0.0,1.0367637,0.0,0.3455879,1
41,83,0.0,0.96372455,0.0,0.32124153,1
41,89,0.0,0.0,0.94279236,0.31426412,1
41,95,0.0,0.0,0.6948733,0.23162442,1
41,104,0.0,0.0,1.427171,0.47572368,1
41,108,0.0,0.0,1.2117838,0.40392792,1
41,112,0.0,0.0,0.8226329,0.274211,1
41,114,0.0,0.0,1.2705406,0.42351353,1
41,121,0.0,0.0,1.0047516,0.3349172,1
41,127,0.0,0.97070694,0.68958616,0.55343103,2
41,131,0.0,0.9456659,0.80591965,0.5838618,2
41,139,0.0,1.098313,0.0,0.36610433,1
41,146,0.0,0.0,0.745459,0.24848634,1
41,149,0.0,0.9522032,0.0,0.31740108,1
41,151,0.0,0.0,0.8962501,0.29875004,1
41,153,0.0,1.0180228,0.0,0.33934093,1
41,155,0.0,0.0,1.045095,0.348365,1
41,158,0.0,0.94312674,0.0,0.31437558,1
41,174,0.0,0.0,1.013664,0.337888,1
41,175,0.0,0.0,1.9926044,0.6642015,1
41,178,1.061876,0.0,0.0,0.3539587,1
41,184,1.1020476,0.0,0.0,0.3673492,1
41,188,0.0,0.0,1.0804745,0.36015818,1
41,194,0.0,0.0,0.60514003,0.20171335,1
41,198,0.0,0.0,1.2796698,0.4265566,1
41,200,0.9526466,0.9382469,0.0,0.63029784,2
41,203,0.0,0.9885855,0.0,0.3295285,1
41,208,0.0,0.0,0.90557,0.30185667,1
41,219,0.0,0.0,0.98056453,0.32685485,1
41,227,0.97513306,0.0,0.0,0.32504436,1
41,228,0.9754188,0.0,0.0,0.3251396,1
41,229,0.0,0.0,0.7510126,0.25033754,1
41,233,0.0,0.0,0.674897,0.22496568,1
41,234,0.0,0.0,1.7027141,0.5675714,1
41,238,1.0967739,0.0,0.0,0.3655913,1
41,249,1.0499183,0.0,0.0,0.34997278,1
41,251,0.0,1.0445536,0.0,0.34818456,1
41,254,1.0454451,0.9330941,0.0,0.6595131,2
41,256,0.0,0.0,0.5683648,0.18945494,1
41,258,0.0,0.0,1.0781251,0.35937506,1
41,262,0.0,0.0,0.7698553,0.25661844,1
41,263,0.0,0.0,0.7930257,0.2643419,1
41,269,0.0,0.0,1.1220344,0.3740115,1
41,274,0.0,0.93436766,0.0,0.3114559,1
41,275,0.0,0.0,0.6302823,0.2100941,1
41,283,0.0,0.9801481,0.0,0.32671604,1
41,290,0.0,0.9426655,1.3095111,0.75072557,2
41,291,1.0133607,0.0,0.0,0.3377869,1
41,296,0.0,0.9769496,0.0,0.32564986,1
41,301,1.0062418,0.0,0.83835167,0.61486447,2
41,302,0.0,0.99125767,0.0,0.33041924,1
41,305,0.0,1.0177321,0.0,0.33924407,1
41,310,0.0,0.0,1.1019537,0.36731791,1
41,311,1.0211427,0.0,0.0,0.3403809,1
41,313,0.0,0.9355704,0.0,0.3118568,1
41,317,0.99920124,0.0,0.0,0.3330671,1
41,319,0.0,0.0,0.7702589,0.25675297,1
41,320,0.0,0.0,0.531814,0.17727134,1
41,327,0.9929303,0.0,0.0,0.33097678,1
41,329,0.0,0.9658496,0.0,0.32194987,1
41,333,1.0132589,0.0,0.0,0.337753,1
41,334,0.0,1.0037035,1.096291,0.69999814,2
41,338,0.0,1.0140816,0.0,0.3380272,1
41,339,0.95761436,0.0,0.0,0.3192048,1
41,340,1.0211282,0.0,0.0,0.34037608,1
41,342,0.0,0.0,0.97287685,0.3242923,1
41,346,0.9876253,0.0,0.0,0.32920843,1
41,347,0.9663026,0.0,0.0,0.32210088,1
41,353,0.976874,0.0,1.208826,0.72856665,2
41,356,0.0,0.9479737,0.0,0.31599125,1
41,357,0.0,0.0,0.54531074,0.18177025,1
41,360,0.0,0.0,0.7280145,0.24267152,1
41,362,0.0,1.1330985,0.0,0.3776995,1
41,363,0.0,0.0,0.9721737,0.3240579,1
41,368,0.9694003,1.078118,0.0,0.6825061,2
41,369,0.0,1.0685693,0.0,0.3561898,1
41,373,0.0,1.0401994,1.1377224,0.72597396,2
41,379,0.0,0.0,1.5360994,0.51203316,1
41,380,0.97921675,0.0,0.75588644,0.5783677,2
41,381,0.0,0.0,0.6624875,0.22082917,1
41,382,0.0,1.2754775,0.0,0.4251592,1
41,385,1.0292866,0.0,0.0,0.34309554,1
41,387,0.0,0.9876066,0.0,0.3292022,1
41,390,0.0,0.0,0.59135467,0.19711822,1
41,391,0.0,0.0,0.75427896,0.25142634,1
41,393,1.035547,0.0,0.0,0.34518236,1
41,394,0.0,0.0,1.2669961,0.42233205,1
41,414,0.0,0.0,0.7348181,0.24493937,1
41,418,0.0,0.0,0.9913151,0.33043838,1
41,420,0.0,0.9576536,0.0,0.31921786,1
41,423,0.0,0.0,0.8111733,0.2703911,1
41,428,0.0,0.0,0.39180002,0.1306,1
41,439,0.0,0.0,0.6108748,0.20362493,1
41,447,1.041881,0.0,0.0,0.34729367,1
41,462,0.0,1.0199414,0.0,0.33998048,1
41,467,0.99509096,0.0,0.0,0.331697,1
41,468,0.0,0.9906673,0.0,0.33022243,1
41,470,0.0,0.0,0.67504126,0.22501376,1
41,472,0.0,0.96575093,0.0,0.321917,1
41,477,0.0,0.0,0.76892185,0.2563073,1
41,493,1.0061258,0.0,0.0,0.33537528,1
41,495,0.0,0.0,0.671304,0.223768,1
41,499,0.0,0.94200826,0.0,0.31400275,1
41,506,0.0,0.9989797,0.0,0.33299324,1
41,509,0.9770177,0.0,0.0,0.32567257,1
42,45,0.0,0.0,1.4397206,0.4799069,1
42,57,0.0,1.0903513,0.0,0.36345047,1
42,61,1.0083945,0.0,0.0,0.3361315,1
42,73,0.0,0.9425887,0.0,0.31419623,1
42,78,0.0,0.95738095,0.0,0.319127,1
42,80,0.0,0.0,0.9514111,0.31713706,1
42,89,1.0262089,0.0,0.0,0.34206963,1
42,90,0.0,0.0,1.102317,0.367439,1
42,100,0.0,0.0,0.65048116,0.21682706,1
42,102,0.0,0.0,0.76222146,0.25407383,1
42,105,0.0,0.0,0.98422164,0.3280739,1
42,108,0.0,1.0665638,0.0,0.3555213,1
42,109,0.0,0.0,1.5352345,0.51174486,1
42,110,0.0,0.0,0.92016286,0.30672097,1
42,117,0.0,0.99094707,0.0,0.3303157,1
42,119,0.96198034,0.0,0.0,0.3206601,1
42,123,1.0281769,0.0,0.0,0.34272563,1
42,126,1.0510014,0.0,0.0,0.3503338,1
42,137,0.97900444,0.0,0.0,0.32633483,1
42,139,0.0,0.0,1.3318169,0.44393897,1
42,140,0.96797174,0.0,0.0,0.32265726,1
42,153,0.0,0.0,0.9233685,0.3077895,1
42,156,0.0,0.95059216,0.0,0.31686407,1
42,162,0.0,0.9542923,1.2391498,0.7311474,2
42,165,0.9941572,0.0,0.0,0.33138573,1
42,173,0.0,0.9552521,0.0,0.31841737,1
42,177,0.0,0.0,1.2156017,0.40520057,1
42,180,0.0,0.9860726,0.0,0.3286909,1
42,183,0.0,0.0,1.177709,0.39256966,1
42,188,0.0,0.0,1.0607237,0.35357457,1
42,206,0.0,0.0,1.2350225,0.4116742,1
42,215,0.0,0.9690865,0.0,0.32302886,1
42,216,0.0,0.0,0.7170641,0.23902136,1
42,217,0.0,0.98142827,0.0,0.32714278,1
42,218,0.0,0.97795004,0.0,0.32598335,1
42,222,0.0,0.0,0.7644062,0.25480208,1
42,223,0.0,0.98302466,0.0,0.3276749,1
42,225,0.0,0.98387825,0.0,0.32795942,1
42,228,0.997535,0.0,0.0,0.33251166,1
42,230,0.0,0.9558874,0.95745975,0.6377824,2
42,232,0.0,0.98047847,0.0,0.32682616,1
42,235,1.0212954,0.0,0.0,0.3404318,1
42,241,0.0,0.94914776,0.0,0.3163826,1
42,243,0.98374164,0.0,0.0,0.32791388,1
42,248,0.0,0.0,1.6032321,0.5344107,1
42,258,1.024893,0.0,0.0,0.34163103,1
42,261,1.0352612,0.0,0.0,0.34508705,1
42,263,0.96682507,0.0,0.91138357,0.62606955,2
42,264,0.0,0.99286693,0.0,0.33095565,1
42,291,1.0939801,1.0123239,0.0,0.70210135,2
42,293,1.010702,0.0,0.0,0.33690068,1
42,305,0.0,0.0,1.1288551,0.37628505,1
42,310,0.0,0.9802615,0.0,0.32675385,1
42,317,0.0,0.9820191,0.0,0.3273397,1
42,321,0.9861395,0.0,0.0,0.32871318,1
42,328,0.0,0.0,1.2852018,0.4284006,1
42,332,1.0378404,0.0,0.0,0.3459468,1
42,334,0.0,0.0,0.86470807,0.28823602,1
42,337,0.97311884,0.95088583,0.0,0.6413349,2
42,355,0.0,0.0,0.9499641,0.3166547,1
42,356,1.0475396,0.0,0.0,0.34917986,1
42,357,0.96719676,0.0,0.0,0.32239893,1
42,359,0.0,0.0,0.8131585,0.27105284,1
42,368,0.0,1.0011591,0.0,0.3337197,1
42,377,0.0,0.0,0.7208202,0.2402734,1
42,382,0.0,0.98936427,0.0,0.3297881,1
42,391,0.0,1.0235914,0.0,0.34119713,1
42,401,0.980166,0.0,0.0,0.32672203,1
42,411,0.0,0.9680109,0.0,0.3226703,1
42,412,0.0,1.103098,0.0,0.36769935,1
42,414,0.0,1.0974065,0.0,0.36580217,1
42,420,0.0,0.97756964,0.0,0.32585657,1
42,433,0.96826285,0.0,0.0,0.3227543,1
42,438,0.995956,0.0,0.0,0.33198535,1
42,444,0.9886162,0.0,0.8906598,0.6264254,2
42,445,0.0,1.0371468,0.0,0.3457156,1
42,448,0.0,0.0,0.8077713,0.26925713,1
42,454,0.0,0.0,1.2567464,0.41891548,1
42,460,0.0,0.0,1.2955608,0.43185362,1
42,467,0.0,1.1548264,0.0,0.38494214,1
42,470,0.0,0.98007953,0.0,0.32669318,1
42,472,0.0,1.0172307,0.63158405,0.54960495,2
42,491,1.0399516,0.0,0.0,0.34665054,1
42,494,0.0,1.077754,0.0,0.35925135,1
42,502,0.0,0.0,0.86966276,0.2898876,1
42,504,0.9828554,0.0,0.0,0.32761848,1
42,510,0.0,0.935517,0.0,0.311839,1
43,53,1.0489974,0.0,0.0,0.34966582,1
43,65,1.0090841,0.0,0.0,0.33636138,1
43,67,0.0,1.0377281,0.0,0.34590936,1
43,69,0.99274075,0.0,0.0,0.3309136,1
43,71,0.97971547,0.0,0.0,0.32657182,1
43,80,1.0454384,0.0,0.0,0.34847948,1
43,103,0.0,0.9496334,0.0,0.31654447,1
43,107,0.97474355,0.0,0.0,0.32491452,1
43,116,0.0,1.0452291,0.0,0.3484097,1
43,130,0.96929806,0.0,0.0,0.32309937,1
43,131,0.9862851,0.0,0.0,0.3287617,1
43,147,0.9943388,0.0,0.0,0.3314463,1
43,163,0.0,1.0187744,0.0,0.33959147,1
43,165,0.0,0.96169806,0.0,0.32056603,1
43,184,0.96306694,0.0,0.0,0.32102233,1
43,193,0.0,1.0709633,0.0,0.35698777,1
43,194,0.0,1.1284229,0.0,0.37614095,1
43,207,0.0,1.031561,0.0,0.34385368,1
43,210,1.0278167,0.0,0.0,0.34260556,1
43,229,0.0,0.96871364,0.0,0.32290456,1
43,230,0.9924092,0.0,0.0,0.3308031,1
43,236,0.9816807,0.0,0.0,0.3272269,1
43,246,0.9785104,0.0,0.0,0.32617015,1
43,248,1.060585,0.0,0.0,0.35352835,1
43,252,0.99350405,0.0,0.0,0.33116803,1
43,263,1.0135524,0.9623239,0.0,0.6586255,2
43,288,0.0,1.0265716,0.0,0.34219056,1
43,299,0.9655107,0.0,0.0,0.32183692,1
43,307,0.0,0.9511244,0.0,0.3170415,1
43,312,0.9946305,0.0,0.0,0.3315435,1
43,317,0.0,0.977558,0.0,0.3258527,1
43,333,0.9934918,0.0,0.0,0.33116394,1
43,346,1.013175,0.0,0.0,0.337725,1
43,360,0.0,1.0250447,0.0,0.34168157,1
43,368,0.0,0.9503142,0.0,0.31677142,1
43,384,0.9638674,0.0,0.0,0.32128915,1
43,393,0.0,0.9551866,0.0,0.31839556,1
43,396,0.0,1.0399508,0.0,0.3466503,1
43,402,0.98240805,0.0,0.0,0.32746935,1
43,405,0.0,0.97463036,0.0,0.3248768,1
43,412,0.0,1.106939,0.0,0.36897966,1
43,413,0.0,0.9679179,0.0,0.32263932,1
43,421,0.97681767,0.0,0.0,0.3256059,1
43,423,1.0030711,0.9770201,0.0,0.66003036,2
43,427,0.0,1.0287913,0.0,0.34293044,1
43,433,0.0,0.9967621,0.0,0.33225405,1
43,444,0.9683478,0.0,0.0,0.3227826,1
43,470,0.0,0.9908997,0.0,0.3302999,1
43,471,0.0,0.97302383,0.0,0.3243413,1
43,473,0.0,1.0129452,0.0,0.3376484,1
43,476,1.007711,0.0,0.0,0.3359037,1
43,482,1.0846375,0.0,0.0,0.36154586,1
43,491,1.0607307,0.0,0.0,0.3535769,1
43,496,0.0,0.9527911,0.0,0.31759703,1
43,498,1.0743064,0.0,0.0,0.35810214,1
43,504,1.0022386,0.0,0.0,0.33407956,1
43,505,0.0,0.97245014,0.0,0.32415006,1
43,509,1.0012194,0.0,0.0,0.33373982,1
44,52,0.0,0.95463103,0.0,0.31821036,1
44,53,1.0141482,0.0,0.0,0.3380494,1
44,59,1.0888609,0.99879277,0.0,0.6958846,2
44,67,0.0,0.0,0.67253405,0.22417802,1
44,71,0.0,0.9559255,0.0,0.31864184,1
44,80,0.0,0.0,1.0080001,0.33600006,1
44,87,0.9944759,0.0,0.0,0.33149198,1
44,90,0.0,1.0584296,0.0,0.35280988,1
44,96,0.0,0.0,0.5677944,0.1892648,1
44,98,0.0,0.98639363,0.0,0.32879788,1
44,100,0.97841054,0.0,0.0,0.32613686,1
44,101,0.96424687,0.0,0.0,0.32141563,1
44,103,0.0,0.94931436,0.0,0.31643814,1
44,105,0.0,0.0,0.6953002,0.23176675,1
44,110,0.0,0.0,0.8125034,0.27083448,1
44,115,0.0,1.0626558,0.5635987,0.5420848,2
44,116,1.0225319,0.985605,0.53594494,0.84802735,3
44,118,0.98472,0.0,0.0,0.32824,1
44,120,0.0,0.0,0.78439957,0.26146653,1
44,124,0.0,0.0,0.7933412,0.2644471,1
44,149,0.9780127,0.0,0.0,0.32600424,1
44,151,0.0,0.0,0.65591806,0.21863936,1
44,152,0.0,0.0,1.1066397,0.3688799,1
44,159,0.0,0.9902351,0.0,0.33007836,1
44,171,0.0,1.002032,0.0,0.3340107,1
44,177,0.0,0.0,1.2759144,0.42530483,1
44,182,0.99919546,0.0,0.0,0.33306515,1
44,184,0.0,0.96697724,0.0,0.32232577,1
44,187,0.0,1.0740334,0.0,0.35801113,1
44,204,0.0,0.0,0.60371274,0.20123759,1
44,205,1.0541624,0.0,0.0,0.35138747,1
44,206,0.0,0.0,0.97234374,0.3241146,1
44,208,0.0,1.0026968,0.0,0.33423227,1
44,213,0.9732489,0.0,0.0,0.3244163,1
44,216,0.0,0.0,0.9728986,0.32429954,1
44,235,0.0,0.97460556,0.0,0.32486853,1
44,256,1.0086483,0.0,0.0,0.3362161,1
44,267,1.0241205,0.0,0.0,0.3413735,1
44,268,0.0,0.0,0.8385602,0.2795201,1
44,272,0.0,0.0,0.75671643,0.2522388,1
44,294,0.0,1.1177647,0.0,0.37258825,1
44,297,0.98636305,0.0,0.0,0.32878768,1
44,304,0.99217314,0.0,0.0,0.3307244,1
44,310,0.0,0.98715025,0.0,0.3290501,1
44,316,0.0,0.94934624,0.0,0.31644875,1
44,319,0.0,0.9831941,0.0,0.32773137,1
44,323,0.0,0.990822,0.0,0.33027402,1
44,330,1.0536345,0.0,0.0,0.35121152,1
44,351,0.98551506,0.0,0.0,0.32850504,1
44,358,0.0,0.9551204,0.0,0.31837347,1
44,359,0.0,0.0,1.1254641,0.3751547,1
44,361,0.0,0.0,1.0220042,0.34066808,1
44,363,0.0,0.95463574,0.0,0.3182119,1
44,380,0.0,1.0914196,0.0,0.36380655,1
44,385,1.0551786,0.0,0.0,0.35172623,1
44,386,0.96693337,0.0,0.0,0.32231113,1
44,387,0.0,0.0,1.1335715,0.37785718,1
44,391,0.0,0.93682986,0.0,0.31227663,1
44,403,0.0,0.0,0.6292564,0.20975214,1
44,406,0.0,0.0,0.7533742,0.25112474,1
44,410,0.0,0.99927646,0.0,0.33309215,1
44,412,0.0,0.95621073,0.96016645,0.6387924,2
44,418,1.0387968,0.0,0.0,0.3462656,1
44,431,0.9624655,0.0,0.0,0.32082185,1
44,436,0.0,0.0,0.77088195,0.25696066,1
44,442,0.0,0.0,1.5456809,0.51522696,1
44,444,0.971617,0.0,0.0,0.32387233,1
44,448,0.0,0.0,0.6859549,0.22865164,1
44,453,0.9618241,0.0,0.0,0.32060805,1
44,454,0.0,0.0,1.1965034,0.39883447,1
44,455,0.0,0.9566103,1.0916426,0.682751,2
44,462,0.9793527,0.0,0.0,0.3264509,1
44,467,0.0,1.0853778,0.0,0.36179262,1
44,468,0.0,0.9626088,0.0,0.32086962,1
44,472,0.0,0.0,0.9494518,0.31648394,1
44,476,0.0,0.0,1.5850871,0.5283624,1
44,479,0.97543675,0.0,0.0,0.3251456,1
44,491,0.0,0.9508837,0.0,0.31696123,1
44,494,0.0,0.9755686,0.0,0.32518953,1
44,505,0.0,1.0142667,0.0,0.33808893,1
44,510,0.9976446,0.0,0.0,0.3325482,1
44,511,1.025644,0.0,0.0,0.34188133,1
45,49,0.0,0.0,0.8650324,0.28834414,1
45,57,0.9580122,0.0,0.0,0.31933743,1
45,58,0.0,0.0,0.78359747,0.26119918,1
45,59,1.045952,0.0,0.0,0.34865066,1
45,62,0.0,0.0,0.45923695,0.15307899,1
45,67,0.0,0.0,0.8706135,0.29020452,1
45,76,0.0,0.9436749,0.0,0.31455833,1
45,78,0.0,0.0,0.8340271,0.27800906,1
45,80,0.0,0.0,0.9267175,0.30890584,1
45,88,0.0,0.0,0.818599,0.27286634,1
45,90,0.0,0.9483564,1.6813812,0.8765793,2
45,92,0.0,0.0,0.81342316,0.27114105,1
45,100,0.0,0.0,0.6740466,0.2246822,1
45,105,1.0458423,0.0,1.4824532,0.8427652,2
45,109,0.0,0.0,1.2266958,0.4088986,1
45,110,0.0,0.0,0.9053453,0.30178177,1
45,113,0.9937146,0.0,0.0,0.3312382,1
45,116,0.0,0.0,0.73320127,0.24440043,1
45,130,0.9601945,0.0,0.0,0.32006484,1
45,137,0.0,0.0,0.6876648,0.22922161,1
45,139,0.0,0.0,1.1541545,0.38471818,1
45,143,0.0,0.0,0.9894686,0.32982287,1
45,145,1.0454448,0.0,0.0,0.34848163,1
45,153,0.0,0.0,0.99737626,0.33245876,1
45,154,0.0,1.0149076,0.0,0.33830255,1
45,159,0.0,0.0,0.8807681,0.29358938,1
45,162,0.0,0.0,0.87486655,0.2916222,1
45,166,0.0,0.0,0.6909624,0.2303208,1
45,171,0.0,0.0,1.0815973,0.36053246,1
45,177,0.0,0.0,1.1388882,0.37962943,1
45,183,0.0,0.0,0.7096769,0.23655897,1
45,186,0.0,0.0,1.0330677,0.3443559,1
45,188,0.0,0.0,0.7738678,0.25795594,1
45,199,0.0,1.0010031,0.0,0.33366773,1
45,200,0.0,0.9531388,0.0,0.31771296,1
45,206,0.0,0.0,0.9997244,0.33324146,1
45,209,0.9859312,0.0,0.0,0.32864374,1
45,210,0.0,0.9908158,0.0,0.33027196,1
45,211,0.0,0.0,1.0800576,0.3600192,1
45,216,0.0,0.0,1.212844,0.40428135,1
45,218,0.0,0.942503,0.0,0.31416768,1
45,222,0.0,0.0,0.7695742,0.25652474,1
45,225,0.0,0.9603122,0.0,0.32010406,1
45,230,0.0,0.0,0.6791577,0.22638589,1
45,232,0.0,0.0,0.5180638,0.17268793,1
45,235,0.0,0.9962057,0.0,0.33206856,1
45,236,0.9980657,0.96780074,0.0,0.6552888,2
45,243,0.97008145,0.0,0.0,0.3233605,1
45,247,1.0340874,0.0,0.0,0.3446958,1
45,248,0.0,0.0,0.9712169,0.323739,1
45,250,1.0004127,0.0,0.0,0.3334709,1
45,253,0.0,1.023271,0.0,0.34109032,1
45,258,1.0004293,0.0,0.0,0.33347642,1
45,261,0.0,0.9519839,0.0,0.31732798,1
45,265,0.0,1.0153925,0.0,0.3384642,1
45,271,0.0,0.0,0.9980269,0.33267564,1
45,272,0.0,0.0,0.5566177,0.18553923,1
45,279,0.0,0.9898931,0.0,0.32996437,1
45,288,0.99589854,0.0,0.0,0.3319662,1
45,305,0.0,0.0,1.7719047,0.59063494,1
45,307,0.0,0.97527003,0.0,0.32509002,1
45,313,1.0003939,0.0,0.0,0.33346462,1
45,320,0.9986707,0.0,0.0,0.33289024,1
45,323,0.0,0.957383,0.0,0.31912768,1
45,324,1.011924,0.0,0.0,0.33730802,1
45,326,0.0,1.0852855,0.0,0.36176187,1
45,329,0.0,0.0,0.8940578,0.2980193,1
45,332,0.9758513,0.0,0.0,0.32528377,1
45,337,1.0072663,0.9454543,0.0,0.6509069,2
45,355,0.0,0.0,1.0620596,0.35401988,1
45,358,0.0,0.0,0.666605,0.22220168,1
45,359,0.9667272,0.0,1.4710493,0.81259215,2
45,367,0.0,1.0105507,0.0,0.33685026,1
45,370,0.0,1.0128168,0.0,0.3376056,1
45,376,0.0,1.0809678,0.0,0.3603226,1
45,377,0.0,0.0,0.67122716,0.2237424,1
45,381,0.0,0.9645063,0.0,0.32150212,1
45,383,1.034259,0.0,0.0,0.344753,1
45,395,0.0,0.95819044,0.0,0.31939682,1
45,407,0.9785564,0.0,0.0,0.32618546,1
45,409,0.0,0.9743316,0.0,0.32477722,1
45,412,0.0,0.0,0.879114,0.293038,1
45,413,0.0,0.9811,0.0,0.32703334,1
45,421,1.0451999,0.0,0.0,0.34839997,1
45,428,0.9819523,0.0,0.0,0.32731745,1
45,440,0.0,0.97638714,0.0,0.3254624,1
45,444,0.0,1.0906113,0.0,0.36353713,1
45,448,0.9914825,0.0,0.89512384,0.6288688,2
45,450,0.0,0.0,1.2054875,0.40182918,1
45,454,0.9872597,0.0,0.9915354,0.65959835,2
45,455,0.0,0.0,0.71388,0.23796001,1
45,460,0.0,0.0,1.1827128,0.3942376,1
45,462,0.0,0.0,0.93492097,0.31164032,1
45,464,0.0,0.9443731,0.0,0.31479102,1
45,468,0.98904884,0.0,0.0,0.32968295,1
45,469,0.0,0.0,0.6473593,0.21578644,1
45,472,0.0,0.0,0.7642904,0.25476348,1
45,475,0.96397203,0.9582836,0.0,0.6407519,2
45,488,1.0090263,0.0,0.0,0.3363421,1
45,492,0.9670978,0.0,0.0,0.32236594,1
45,502,0.0,0.0,0.8116326,0.2705442,1
45,508,1.0476943,0.0,0.0,0.34923145,1
45,511,1.0031223,0.0,0.0,0.33437413,1
46,49,1.0197513,0.0,0.0,0.33991712,1
46,52,0.0,0.0,0.6487346,0.21624488,1
46,64,0.0,0.0,0.9406971,0.3135657,1
46,71,0.0,1.0076935,0.0,0.33589786,1
46,75,0.0,0.0,1.3730297,0.4576766,1
46,82,1.0121847,0.0,0.0,0.33739492,1
46,84,0.0,0.0,1.8857588,0.6285863,1
46,100,0.974502,0.0,0.0,0.32483402,1
46,103,0.9798301,0.0,0.0,0.32661003,1
46,105,0.0,0.9709099,0.0,0.32363665,1
46,107,1.019643,1.0057513,0.0,0.67513144,2
46,112,0.0,0.9405471,0.0,0.31351572,1
46,114,0.0,0.0,0.9258799,0.30862665,1
46,123,0.0,0.0,0.80292094,0.26764032,1
46,130,0.0,0.9681567,0.0,0.32271892,1
46,131,0.9675793,0.0,0.0,0.32252645,1
46,135,0.0,0.95804316,0.0,0.31934774,1
46,138,1.0451686,0.0,0.0,0.34838957,1
46,141,1.0621502,0.0,0.0,0.3540501,1
46,144,0.0,0.0,0.7955231,0.2651744,1
46,158,0.0,0.9586217,0.0,0.31954056,1
46,163,0.0,1.0008266,0.0,0.33360887,1
46,169,0.0,0.0,1.6203046,0.5401015,1
46,179,1.0072981,0.0,0.0,0.33576605,1
46,182,0.0,1.0731207,0.0,0.3577069,1
46,184,0.0,0.0,1.7587984,0.58626616,1
46,192,0.0,1.0350939,0.0,0.34503132,1
46,197,0.0,0.0,0.8020888,0.26736295,1
46,206,0.97806853,0.0,0.0,0.32602286,1
46,215,0.0,0.0,1.0214789,0.34049296,1
46,219,0.0,0.0,1.114743,0.37158102,1
46,222,0.0,0.96609384,0.0,0.3220313,1
46,225,0.0,0.9629719,0.0,0.32099065,1
46,228,0.0,0.972203,0.0,0.32406768,1
46,231,0.0,0.95578647,0.0,0.3185955,1
46,238,0.9882472,0.0,0.0,0.32941574,1
46,253,1.0485295,0.0,0.0,0.34950984,1
46,255,0.0,0.98966396,0.0,0.329888,1
46,259,0.96518964,0.0,0.0,0.3217299,1
46,282,0.0,0.0,1.6682568,0.5560856,1
46,290,0.0,0.0,0.76958716,0.25652906,1
46,293,0.0,1.0439483,0.0,0.34798276,1
46,295,0.0,0.9733546,0.0,0.32445154,1
46,301,1.0478284,0.0,0.0,0.34927616,1
46,306,0.0,0.0,1.0039641,0.3346547,1
46,325,0.9874586,0.0,0.0,0.32915288,1
46,336,0.96773434,0.0,0.0,0.32257813,1
46,341,0.0,0.0,1.0145137,0.33817124,1
46,345,0.0,0.9601803,0.0,0.3200601,1
46,347,0.9929342,0.0,0.0,0.3309781,1
46,349,0.0,0.96588117,0.9942395,0.6533736,2
46,350,0.0,1.021098,0.883422,0.63484,2
46,351,0.0,0.0,1.1928061,0.39760205,1
46,353,0.0,1.0319191,0.0,0.34397304,1
46,356,0.0,0.0,1.2348689,0.41162297,1
46,359,1.0165296,0.0,0.0,0.3388432,1
46,363,0.0,0.0,1.0696027,0.35653424,1
46,364,0.0,1.031648,0.0,0.34388268,1
46,365,0.9878125,0.0,0.0,0.32927084,1
46,371,0.0,0.0,0.5815759,0.19385862,1
46,384,0.9717793,0.0,0.0,0.32392645,1
46,391,0.0,0.0,0.83282924,0.27760977,1
46,394,0.0,0.0,0.92924464,0.30974823,1
46,398,0.9892993,0.0,0.0,0.32976645,1
46,405,0.9803914,0.0,0.0,0.32679713,1
46,428,0.98690176,0.0,0.0,0.32896727,1
46,434,0.0,1.0539879,0.0,0.3513293,1
46,435,0.9798736,0.0,0.0,0.32662454,1
46,437,0.0,0.0,0.6979869,0.2326623,1
46,448,0.0,0.0,1.3691883,0.4563961,1
46,456,0.0,1.0448787,0.0,0.34829292,1
46,458,0.0,1.0196564,0.0,0.33988547,1
46,459,0.0,0.0,0.9747217,0.32490724,1
46,461,1.0339842,0.0,0.0,0.3446614,1
46,463,0.0,0.9956704,0.0,0.33189014,1
46,466,0.0,0.9837827,0.0,0.3279276,1
46,483,0.0,0.0,1.5509582,0.5169861,1
46,485,0.9634612,0.0,0.0,0.32115376,1
46,494,0.9933545,0.0,0.0,0.33111817,1
46,497,1.0131981,0.0,0.0,0.33773273,1
46,503,0.0,0.0,0.6136924,0.20456414,1
46,504,0.0,0.0,1.3045301,0.4348434,1
46,505,0.0,1.0403063,0.0,0.3467688,1
47,49,0.0,0.0,1.0196315,0.3398772,1
47,58,0.0,0.0,1.7448033,0.58160114,1
47,62,1.0312141,0.0,0.0,0.34373805,1
47,63,0.98582155,0.0,0.8975364,0.62778604,2
47,65,0.0,1.0300707,0.0,0.3433569,1
47,72,0.99209064,0.0,0.0,0.33069688,1
47,82,0.0,0.0,0.80002904,0.26667637,1
47,98,1.0557126,0.0,0.0,0.3519042,1
47,103,0.0,0.0,1.4191784,0.47305948,1
47,106,0.0,0.0,0.83005285,0.27668428,1
47,113,0.0,0.98202896,0.0,0.327343,1
47,116,0.0,0.0,1.5846441,0.5282147,1
47,117,1.0673227,0.0,0.0,0.35577425,1
47,125,0.0,0.0,0.74434,0.24811333,1
47,131,0.98678637,0.9774489,0.0,0.6547451,2
47,137,0.0,0.0,0.8057073,0.2685691,1
47,143,0.0,0.0,0.7451484,0.2483828,1
47,146,0.9808535,0.0,0.0,0.32695118,1
47,148,0.0,0.0,1.2448204,0.41494012,1
47,150,0.0,1.08028,0.0,0.36009333,1
47,163,0.0,0.0,1.6714995,0.5571665,1
47,175,0.9644287,0.0,0.0,0.32147625,1
47,179,0.0,0.0,1.0470152,0.34900507,1
47,185,0.0,0.9574692,0.0,0.3191564,1
47,186,0.0,0.0,0.8505856,0.28352854,1
47,192,1.0101771,0.0,0.0,0.3367257,1
47,193,0.0,0.9414566,0.0,0.31381887,1
47,201,0.9667197,0.0,0.0,0.3222399,1
47,202,0.0,0.0,0.90831023,0.30277008,1
47,204,0.0,0.0,1.2271807,0.40906024,1
47,205,0.0,0.0,0.7675855,0.25586185,1
47,213,0.0,0.0,0.82966566,0.27655524,1
47,214,0.98558056,0.0,0.0,0.32852685,1
47,221,0.0,0.9955483,0.0,0.33184946,1
47,223,0.0,0.0,1.0337707,0.34459025,1
47,224,0.0,0.9948825,0.7946232,0.59650195,2
47,227,0.0,1.0270034,0.0,0.34233448,1
47,231,0.0,0.95460093,0.0,0.31820032,1
47,242,0.97534436,0.0,0.78620595,0.5871835,2
47,243,0.0,0.0,0.7896204,0.2632068,1
47,246,0.0,0.95404,0.0,0.31801334,1
47,248,0.0,0.0,0.7690609,0.25635365,1
47,251,0.0,0.0,1.3815234,0.4605078,1
47,257,1.0095428,0.0,0.0,0.3365143,1
47,264,0.996893,0.0,0.0,0.33229768,1
47,266,0.96706605,0.0,0.0,0.32235536,1
47,267,0.0,0.0,1.8019881,0.6006627,1
47,273,0.0,1.0157589,0.0,0.3385863,1
47,277,1.0020578,0.0,0.0,0.33401927,1
47,278,0.0,0.9852276,0.0,0.3284092,1
47,283,0.96915436,0.0,0.0,0.32305145,1
47,286,0.0,0.9539134,0.0,0.31797114,1
47,298,0.0,0.93554926,0.0,0.31184977,1
47,303,0.0,0.0,0.79287744,0.26429248,1
47,310,0.0,0.9943336,0.0,0.33144456,1
47,314,0.0,0.99380434,0.0,0.33126813,1
47,321,0.0,0.0,0.64432245,0.21477416,1
47,325,0.0,0.9605798,0.0,0.3201933,1
47,327,0.0,0.0,0.86441123,0.28813708,1
47,328,0.0,0.0,0.77927727,0.2597591,1
47,332,0.96905464,0.0,0.0,0.32301822,1
47,333,1.0168688,0.0,0.0,0.3389563,1
47,335,0.0,0.0,1.0643544,0.35478482,1
47,336,0.98754823,0.0,1.4879658,0.82517135,2
47,344,1.0109378,0.9459833,0.0,0.65230703,2
47,346,1.0161915,0.0,0.0,0.3387305,1
47,352,0.0,0.0,0.7683761,0.2561254,1
47,359,0.9698522,0.9461818,0.0,0.638678,2
47,364,0.0,0.9878252,0.0,0.32927507,1
47,368,0.0,0.97142637,0.0,0.3238088,1
47,373,1.0131036,0.0,0.0,0.3377012,1
47,374,0.0,1.0633131,0.0,0.3544377,1
47,376,0.0,0.95197475,0.0,0.31732494,1
47,380,0.9656679,0.0,0.0,0.3218893,1
47,382,1.0345004,0.0,0.0,0.34483346,1
47,396,1.0003605,0.0,0.0,0.3334535,1
47,400,0.0,0.0,1.2791306,0.42637688,1
47,404,0.0,0.0,1.1314524,0.37715083,1
47,410,0.0,0.0,0.8625207,0.2875069,1
47,415,0.0,0.0,0.7368728,0.24562427,1
47,419,0.0,0.9423181,0.0,0.31410605,1
47,421,0.0,1.0057055,0.0,0.33523518,1
47,427,0.0,0.9807873,0.0,0.3269291,1
47,432,0.9656355,0.0,0.0,0.3218785,1
47,433,0.973362,0.0,0.0,0.324454,1
47,438,0.9658351,0.0,1.9269276,0.96425426,2
47,444,0.0,0.0,0.931841,0.3106137,1
47,461,0.98246276,0.0,0.0,0.3274876,1
47,465,0.0,0.9738214,0.0,0.32460713,1
47,474,0.0,0.0,0.7524425,0.25081417,1
47,476,0.0,1.0013512,0.0,0.33378375,1
47,480,1.0166,0.0,0.0,0.33886668,1
47,481,0.99189496,0.0,0.0,0.33063167,1
47,483,0.9884822,0.0,0.0,0.32949406,1
47,490,0.0,0.0,1.8768747,0.6256249,1
47,491,0.0,0.0,1.4755107,0.4918369,1
47,496,1.0311935,1.0129431,0.0,0.6813789,2
47,502,0.0,0.0,1.2800939,0.42669797,1
47,506,0.0,1.0169585,0.0,0.33898616,1
47,507,0.0,1.0354548,0.0,0.3451516,1
47,510,1.109098,0.0,0.0,0.36969933,1
48,49,0.0,0.0,1.1747228,0.39157426,1
48,67,0.9807147,0.0,1.2902868,0.7570005,2
48,69,0.9953384,0.0,0.0,0.33177948,1
48,80,0.0,0.0,1.1639736,0.3879912,1
48,83,0.9819924,0.0,0.0,0.32733083,1
48,88,0.0,0.0,0.6906562,0.23021874,1
48,92,0.0,0.0,1.2806981,0.42689937,1
48,101,0.0,0.0,1.0079302,0.33597672,1
48,102,0.0,0.95987505,1.1360945,0.69865656,2
48,104,0.0,0.9478138,0.0,0.31593794,1
48,105,0.0,0.0,0.71294314,0.23764771,1
48,110,0.0,0.94269663,0.0,0.31423223,1
48,111,0.0,0.94742364,0.9507289,0.6327175,2
48,114,1.0074685,0.0,0.0,0.33582282,1
48,118,0.9687886,0.0,0.0,0.32292956,1
48,120,0.0,0.0,0.7414629,0.2471543,1
48,124,0.0,0.0,1.2853087,0.42843625,1
48,132,0.9932582,0.0,0.0,0.33108607,1
48,135,0.98729384,0.0,0.0,0.32909796,1
48,143,0.0,1.0016059,0.0,0.33386862,1
48,149,0.0,0.98792785,0.0,0.32930928,1
48,151,0.0,0.0,0.66820985,0.22273663,1
48,152,0.0,0.0,0.78790444,0.2626348,1
48,154,0.0,0.97359216,0.0,0.32453072,1
48,161,0.0,0.9549125,0.0,0.31830418,1
48,163,0.0,1.0398481,0.0,0.34661603,1
48,164,0.99359715,0.0,0.0,0.33119905,1
48,166,0.0,0.9405625,0.0,0.31352085,1
48,178,0.97572184,0.0,0.0,0.3252406,1
48,180,0.0,1.0341574,0.0,0.34471914,1
48,182,0.0,0.96012676,0.0,0.32004225,1
48,186,0.0,0.0,1.1662346,0.3887449,1
48,192,0.9629096,0.0,0.0,0.32096988,1
48,193,0.958768,0.0,0.0,0.31958935,1
48,203,0.0,0.0,1.9760199,0.6586733,1
48,204,1.0635746,0.0,0.978786,0.68078685,2
48,214,0.9811889,0.0,0.0,0.32706296,1
48,216,0.0,0.0,1.343288,0.44776267,1
48,222,0.0,0.9583943,0.0,0.31946477,1
48,226,0.99979824,0.0,0.0,0.33326608,1
48,235,0.96958214,0.0,0.0,0.32319406,1
48,239,0.0,0.0,1.0265092,0.34216973,1
48,240,0.98935914,0.0,0.0,0.3297864,1
48,259,1.0032812,0.0,0.0,0.3344271,1
48,267,0.0,0.0,0.6759025,0.22530083,1
48,271,0.0,0.0,0.9140251,0.30467504,1
48,280,0.0,0.95817274,0.0,0.31939092,1
48,287,0.0,0.0,1.8596894,0.6198965,1
48,301,1.0365973,0.0,0.0,0.34553242,1
48,303,0.0,0.0,0.8461837,0.28206125,1
48,311,0.96416193,0.0,0.0,0.32138732,1
48,316,0.0,0.0,1.831117,0.61037236,1
48,317,0.0,0.0,1.8953049,0.63176835,1
48,329,0.0,0.0,1.4802411,0.4934137,1
48,352,1.0366384,0.0,0.0,0.34554613,1
48,361,0.0,0.0,1.2463808,0.4154603,1
48,364,0.0,1.0310714,0.0,0.34369048,1
48,366,1.0186017,0.0,0.0,0.3395339,1
48,369,0.0,0.9722122,0.0,0.32407075,1
48,377,0.0,0.0,0.8079098,0.26930326,1
48,379,0.0,0.9419744,0.0,0.3139915,1
48,386,1.0047795,0.0,0.0,0.3349265,1
48,387,0.0,0.0,1.2423321,0.41411072,1
48,394,0.0,1.0345486,0.0,0.34484956,1
48,396,0.0,0.9465578,0.0,0.31551927,1
48,397,0.0,1.0734028,0.0,0.35780093,1
48,404,0.0,0.9640939,0.0,0.32136464,1
48,406,0.0,0.0,1.5500829,0.5166943,1
48,412,0.0,0.9679002,0.0,0.32263342,1
48,413,0.969852,0.0,0.0,0.323284,1
48,419,0.0,0.9626556,0.0,0.3208852,1
48,421,0.972398,0.0,0.0,0.32413268,1
48,427,0.0,0.9570361,0.0,0.31901205,1
48,434,0.0,0.9772431,0.0,0.32574773,1
48,439,0.9770793,0.0,0.0,0.3256931,1
48,441,0.0,0.0,1.2291754,0.40972516,1
48,442,0.0,1.0869795,0.0,0.3623265,1
48,445,0.99447525,0.0,0.0,0.33149177,1
48,452,0.0,1.0132991,0.0,0.33776638,1
48,462,0.97835255,0.0,0.0,0.32611752,1
48,475,1.0010794,0.0,0.0,0.33369315,1
48,495,0.0,0.98993707,0.0,0.32997903,1
48,501,0.0,0.0,1.1882532,0.3960844,1
48,502,0.0,1.023055,0.0,0.34101832,1
48,503,1.0724359,0.0,0.0,0.35747862,1
49,52,0.96507716,0.0,0.0,0.3216924,1
49,67,0.0,0.9459452,1.1371208,0.69435537,2
49,70,0.97530764,0.0,0.0,0.32510257,1
49,73,0.0,0.0,0.76962197,0.25654066,1
49,74,0.98074305,0.0,0.0,0.32691437,1
49,78,0.0,0.0,0.6828248,0.22760826,1
49,80,0.0,0.0,0.86025196,0.28675067,1
49,81,0.0,0.0,0.7065933,0.23553109,1
49,88,0.0,0.0,0.630958,0.21031934,1
49,90,0.0,0.0,0.8759878,0.29199594,1
49,92,0.0,0.0,0.871314,0.290438,1
49,93,0.0,0.96338636,0.0,0.3211288,1
49,97,0.0,1.0160674,0.0,0.33868915,1
49,102,0.0,0.0,1.0121745,0.3373915,1
49,103,0.9637508,0.0,0.0,0.32125026,1
49,105,0.0,0.9582231,0.0,0.3194077,1
49,106,0.0,0.0,0.7628098,0.25426996,1
49,111,0.0,0.0,0.6346841,0.21156137,1
49,112,0.0,0.9639832,0.0,0.32132775,1
49,122,0.0,0.0,0.71362054,0.23787352,1
49,124,0.0,0.0,0.7992205,0.26640683,1
49,132,0.0,0.97023165,0.0,0.32341057,1
49,134,0.9847913,0.0,0.0,0.32826376,1
49,135,0.0,0.0,0.7017317,0.23391056,1
49,140,0.0,0.0,1.0606904,0.3535635,1
49,141,1.0198781,0.0,0.0,0.33995938,1
49,143,0.0,0.96758235,1.4237454,0.79710925,2
49,149,0.0,0.0,1.0613213,0.35377377,1
49,152,0.0,0.0,0.7869014,0.2623005,1
49,156,0.0,0.0,0.92846096,0.309487,1
49,157,1.0010492,0.0,0.0,0.33368307,1
49,159,1.0234747,0.0,0.89584965,0.6397748,2
49,162,0.0,0.0,0.6535367,0.21784556,1
49,163,0.9674487,0.0,0.0,0.3224829,1
49,171,0.0,0.98405653,0.0,0.32801884,1
49,173,0.0,0.0,0.7900269,0.26334232,1
49,177,0.0,0.0,0.68618447,0.22872816,1
49,178,1.0074801,0.0,0.0,0.33582672,1
49,185,0.0,0.0,1.0118358,0.3372786,1
49,186,0.0,0.0,1.4995748,0.49985826,1
49,187,0.0,0.0,0.66400325,0.22133443,1
49,190,0.976565,0.0,0.0,0.32552168,1
49,195,0.9670978,0.987189,0.0,0.65142894,2
49,196,0.0,0.0,0.81884384,0.27294797,1
49,203,0.0,0.0,0.7829016,0.2609672,1
49,204,0.0,0.0,1.1083802,0.36946008,1
49,207,0.0,1.0326798,0.0,0.3442266,1
49,212,0.0,0.9606792,0.0,0.3202264,1
49,213,1.028477,0.0,0.0,0.34282565,1
49,214,0.0,0.0,0.89321226,0.29773742,1
49,216,0.0,0.0,1.4260678,0.47535595,1
49,217,1.0775294,0.0,0.0,0.3591765,1
49,229,1.0223418,0.0,0.0,0.34078062,1
49,230,0.0,1.0007814,0.0,0.33359382,1
49,231,0.0,0.94420165,0.0,0.3147339,1
49,239,0.0,0.0,0.563846,0.18794867,1
49,253,0.96934086,0.0,0.0,0.32311362,1
49,254,1.0215262,0.0,0.0,0.34050876,1
49,266,0.9780685,0.0,0.0,0.32602283,1
49,267,0.0,0.0,1.0778743,0.35929143,1
49,269,0.0,0.98861843,0.0,0.32953948,1
49,270,0.0,0.9483706,0.0,0.31612355,1
49,271,0.0,0.0,1.0243269,0.34144232,1
49,272,0.0,0.0,0.5667764,0.18892547,1
49,274,0.0,0.96640944,0.88893807,0.6184492,2
49,275,0.99489665,0.0,0.0,0.33163223,1
49,287,0.0,0.0,1.1008615,0.36695385,1
49,296,1.0106393,0.0,0.0,0.3368798,1
49,303,0.98069805,0.0,0.873129,0.61794233,2
49,311,0.0,0.0,0.82626355,0.2754212,1
49,315,0.99763256,0.0,0.0,0.3325442,1
49,316,0.0,0.0,0.7849402,0.26164675,1
49,317,0.0,0.0,1.1836224,0.3945408,1
49,329,0.0,0.0,1.0709344,0.35697815,1
49,332,0.0,1.1613467,0.0,0.38711557,1
49,335,1.0096408,0.0,0.0,0.33654696,1
49,339,0.0,0.0,0.67610306,0.2253677,1
49,344,0.0,0.0,0.80045336,0.2668178,1
49,345,0.0,0.9481303,0.0,0.31604344,1
49,347,0.0,0.0,0.6516832,0.21722774,1
49,348,0.0,1.0288873,0.0,0.34296244,1
49,350,1.0309491,0.0,0.0,0.34364972,1
49,351,0.0,1.0197406,0.0,0.33991355,1
49,354,0.0,1.0465907,0.0,0.34886357,1
49,361,0.0,0.0,0.97014934,0.32338312,1
49,365,0.0,0.9304234,0.0,0.31014115,1
49,366,0.0,0.0,1.1441681,0.38138938,1
49,368,0.0,0.96491814,0.0,0.3216394,1
49,378,0.0,0.0,0.66231245,0.22077082,1
49,382,0.0,0.94683504,0.0,0.3156117,1
49,391,1.0016955,0.0,0.0,0.3338985,1
49,392,0.9712995,0.0,0.0,0.32376653,1
49,395,0.0,1.02126,0.0,0.34042,1
49,397,0.0,0.0,0.5701357,0.19004524,1
49,406,0.0,0.0,0.87534463,0.29178154,1
49,407,0.0,0.0,0.5890838,0.19636127,1
49,411,0.0,0.0,0.9556305,0.3185435,1
49,421,0.0,0.0,0.6744114,0.2248038,1
49,425,1.040488,0.0,0.0,0.34682935,1
49,426,0.0,0.0,1.0535952,0.3511984,1
49,428,1.0489122,0.0,0.0,0.3496374,1
49,437,0.0,1.008682,0.0,0.33622736,1
49,438,0.0,0.0,0.6823008,0.2274336,1
49,441,0.0,0.0,0.85494554,0.28498185,1
49,446,0.0,0.94575924,0.0,0.31525308,1
49,449,0.0,0.0,1.4359298,0.47864327,1
49,457,0.0,0.0,0.70187235,0.23395745,1
49,466,0.0,1.0105284,0.0,0.33684283,1
49,476,0.96824986,0.0,0.0,0.32274997,1
49,480,1.0243045,0.0,0.0,0.34143484,1
49,481,0.0,0.96475947,0.0,0.3215865,1
49,490,1.0967151,0.0,0.0,0.3655717,1
49,499,0.9746656,0.0,0.0,0.32488853,1
49,501,0.0,0.0,0.535291,0.17843035,1
49,502,0.0,0.0,0.98160505,0.3272017,1
49,503,0.0,0.93845856,0.0,0.31281954,1
49,507,0.0,0.9864607,0.0,0.32882023,1
50,52,0.0,0.0,1.7983848,0.5994616,1
50,53,0.0,0.0,0.71524876,0.23841625,1
50,58,0.0,0.9585554,0.0,0.31951848,1
50,72,1.031458,0.0,0.0,0.34381935,1
50,75,0.0,0.0,1.5722578,0.52408594,1
50,76,0.0,1.0136853,0.0,0.33789513,1
50,78,0.0,0.9554425,0.0,0.31848085,1
50,82,0.0,0.9994731,0.0,0.33315772,1
50,84,0.0,0.0,0.90530825,0.30176944,1
50,95,1.0674105,0.0,0.0,0.3558035,1
50,99,1.0256423,0.0,0.0,0.34188077,1
50,104,0.0,0.0,1.3160337,0.4386779,1
50,108,0.0,0.94778997,1.2605559,0.73611534,2
50,109,0.0,1.0381423,0.0,0.34604746,1
50,114,0.0,0.0,1.0596571,0.35321903,1
50,117,1.0145366,0.0,0.0,0.33817887,1
50,121,0.0,0.0,0.8908013,0.29693377,1
50,126,0.0,0.96023595,0.0,0.32007867,1
50,127,0.0,0.0,0.7669802,0.25566006,1
50,146,0.0,0.0,0.62912804,0.20970935,1
50,151,0.0,0.0,0.90574306,0.30191436,1
50,153,1.1079786,0.0,0.0,0.3693262,1
50,155,0.0,0.0,0.77746016,0.2591534,1
50,165,1.0089756,0.0,0.0,0.33632523,1
50,169,0.9657558,0.0,0.0,0.3219186,1
50,174,0.9925173,0.0,1.0975201,0.6966791,2
50,175,1.0139436,0.0,1.9535426,0.9891621,2
50,186,0.0,1.1198978,0.0,0.3732993,1
50,188,0.0,0.0,1.1366897,0.37889656,1
50,191,0.9675708,1.0162767,0.0,0.66128254,2
50,198,0.0,0.0,1.1024365,0.36747885,1
50,202,0.98481905,0.0,0.0,0.32827303,1
50,204,0.0,0.9335105,0.0,0.31117016,1
50,207,0.0,0.9312505,0.0,0.31041685,1
50,208,0.0,0.0,0.8741103,0.2913701,1
50,209,0.0,0.0,0.7416562,0.24721873,1
50,212,0.0,0.9705213,0.0,0.3235071,1
50,219,0.0,0.0,1.3884329,0.46281096,1
50,227,0.9783446,0.0,0.0,0.3261149,1
50,234,0.0,0.0,1.4313203,0.47710678,1
50,235,0.0,1.1106856,0.0,0.37022853,1
50,238,0.9986772,0.0,0.0,0.33289242,1
50,241,0.98416257,0.0,0.0,0.3280542,1
50,245,0.0,1.0134289,0.0,0.33780965,1
50,248,0.0,1.1740309,0.0,0.39134365,1
50,258,0.0,0.0,1.2339098,0.41130328,1
50,260,0.0,0.96598434,0.0,0.32199478,1
50,263,0.0,0.0,0.8173735,0.27245784,1
50,267,0.0,0.94869715,0.0,0.31623238,1
50,269,0.0,0.0,1.0577048,0.35256827,1
50,276,0.0,0.9322794,0.0,0.3107598,1
50,286,0.0,1.014433,0.0,0.33814436,1
50,290,0.0,0.0,1.3220364,0.4406788,1
50,301,0.0,0.0,1.0054418,0.33514726,1
50,302,0.9844999,0.0,0.0,0.32816663,1
50,306,0.0,0.0,0.6354268,0.21180895,1
50,308,0.0,0.0,0.8225549,0.27418497,1
50,310,0.0,0.0,0.95530945,0.3184365,1
50,312,0.9568125,0.0,0.0,0.3189375,1
50,314,0.9631518,0.0,0.0,0.3210506,1
50,320,0.0,0.0,0.75326675,0.25108892,1
50,334,0.0,0.0,1.5583702,0.51945674,1
50,337,1.1230944,0.0,0.0,0.37436482,1
50,340,0.98712003,0.0,0.0,0.32904002,1
50,342,0.0,0.0,0.74345213,0.24781738,1
50,344,0.0,1.1163738,0.0,0.3721246,1
50,350,0.0,0.0,1.1708208,0.39027363,1
50,351,0.0,0.0,0.7875783,0.2625261,1
50,355,1.0697829,0.0,0.0,0.3565943,1
50,359,1.0538695,0.0,0.0,0.35128984,1
50,360,0.0,0.0,0.9869731,0.32899106,1
50,361,0.0,1.0338303,0.0,0.3446101,1
50,363,1.0137739,0.0,1.3792845,0.79768616,2
50,366,1.0217645,0.0,0.0,0.34058818,1
50,373,0.0,0.0,0.795337,0.26511234,1
50,374,0.0,1.0028065,0.0,0.33426887,1
50,375,0.9802688,0.0,0.72760826,0.56929237,2
50,377,0.971681,0.0,0.0,0.32389367,1
50,379,0.0,0.0,0.92113864,0.30704623,1
50,381,0.97512144,0.0,0.7870996,0.587407,2
50,390,0.0,0.0,0.7260285,0.2420095,1
50,391,0.0,0.0,1.0817674,0.36058915,1
50,394,0.0,0.0,1.8161441,0.60538137,1
50,402,0.9585195,0.0,0.0,0.31950653,1
50,403,0.0,0.951835,0.0,0.31727833,1
50,408,0.9753725,0.0,0.0,0.32512417,1
50,413,1.099949,0.0,0.0,0.3666497,1
50,414,0.0,0.0,1.1537392,0.38457975,1
50,432,0.0,1.1194179,0.0,0.37313932,1
50,438,1.0244802,0.0,0.0,0.34149343,1
50,453,0.0,0.958362,0.0,0.319454,1
50,489,1.0274816,0.0,0.0,0.34249386,1
50,492,1.00378,0.0,0.0,0.33459336,1
50,493,0.0,0.979587,0.0,0.32652903,1
50,494,0.0,0.94840187,0.0,0.31613398,1
51,52,0.96891236,0.0,0.0,0.3229708,1
51,56,0.97539693,0.0,0.0,0.3251323,1
51,57,0.0,0.0,0.621287,0.20709567,1
51,58,0.0,1.0225753,0.0,0.34085843,1
51,72,0.0,1.0085689,0.0,0.33618963,1
51,73,0.0,0.0,0.69410783,0.23136929,1
51,77,0.0,1.0701865,0.0,0.35672885,1
51,84,1.0291151,0.0,0.0,0.34303838,1
51,98,0.996899,0.0,0.0,0.33229968,1
51,103,1.0464257,0.0,0.0,0.3488086,1
51,106,0.0,0.94788593,0.0,0.315962,1
51,111,0.0,0.9762659,0.0,0.325422,1
51,113,0.0,0.0,0.8104557,0.2701519,1
51,128,0.0,0.94879395,0.0,0.31626466,1
51,132,0.0,0.0,0.880184,0.29339468,1
51,135,0.0,0.0,1.3425462,0.44751543,1
51,136,0.0,0.0,1.0995916,0.36653054,1
51,144,1.032056,0.0,0.0,0.34401867,1
51,153,0.0,0.9675087,0.0,0.3225029,1
51,156,0.0,0.0,1.2331086,0.41103622,1
51,167,0.9838029,0.0,0.0,0.32793432,1
51,172,0.0,1.0199674,0.0,0.33998916,1
51,177,0.99330926,0.0,0.0,0.3311031,1
51,180,0.0,1.044341,0.0,0.34811366,1
51,183,0.0,1.0083598,0.0,0.33611995,1
51,186,0.0,1.0738322,0.0,0.35794407,1
51,187,0.0,1.0132083,0.0,0.3377361,1
51,196,0.0,0.0,0.7610739,0.25369132,1
51,198,0.0,1.009467,0.0,0.33648902,1
51,199,0.0,0.0,0.8648651,0.28828838,1
51,211,0.0,0.95875937,0.0,0.31958646,1
51,212,0.97568136,0.0,0.0,0.32522714,1
51,214,0.0,0.9511343,0.0,0.3170448,1
51,226,0.0,1.2381668,0.0,0.4127223,1
51,235,1.0452007,1.0600932,0.0,0.70176464,2
51,240,0.0,0.0,1.0856211,0.36187372,1
51,252,0.9617492,0.0,0.0,0.32058308,1
51,254,0.0,0.0,0.72221714,0.24073905,1
51,259,0.0,0.0,0.85061425,0.2835381,1
51,263,0.9960319,0.0,0.0,0.33201063,1
51,275,1.0973557,0.0,0.0,0.36578524,1
51,276,0.97880054,0.0,0.0,0.32626686,1
51,279,1.0262454,0.0,0.0,0.3420818,1
51,284,0.0,0.0,0.77860105,0.2595337,1
51,311,0.0,0.0,0.6588483,0.2196161,1
51,312,0.0,0.9527988,1.7139369,0.8889119,2
51,316,0.0,0.9444885,0.0,0.31482953,1
51,319,0.0,1.0822778,0.0,0.36075926,1
51,322,0.97951114,0.0,0.0,0.32650372,1
51,329,0.0,1.0257851,0.0,0.34192836,1
51,331,0.0,0.0,1.3498656,0.4499552,1
51,342,0.9651122,0.0,0.0,0.3217041,1
51,351,1.0668716,0.0,0.0,0.3556239,1
51,358,0.98320866,0.0,0.0,0.32773623,1
51,364,0.0,0.9684576,0.0,0.3228192,1
51,366,0.0,0.0,0.9446987,0.31489956,1
51,369,0.0,0.0,0.74499625,0.24833208,1
51,376,0.0,0.9445276,0.0,0.31484255,1
51,377,0.99019325,0.0,0.0,0.33006442,1
51,385,0.0,0.97047025,0.0,0.32349008,1
51,392,0.0,0.0,1.1347818,0.3782606,1
51,398,0.0,0.0,0.8425843,0.28086144,1
51,399,0.0,1.0060996,0.8901886,0.63209605,2
51,401,0.0,1.038819,0.8375386,0.6254525,2
51,411,0.9813289,0.0,0.9053902,0.62890637,2
51,423,0.0,0.9798843,0.0,0.32662812,1
51,425,0.96871835,0.0,0.0,0.32290614,1
51,426,0.0,0.0,0.7702433,0.25674778,1
51,431,0.0,0.0,0.9082654,0.30275515,1
51,434,0.0,0.0,0.8454629,0.28182098,1
51,439,0.96930677,0.0,0.0,0.32310227,1
51,440,0.0,0.9438842,0.0,0.31462806,1
51,447,0.0,1.003277,0.0,0.33442566,1
51,449,0.0,0.0,1.3238511,0.4412837,1
51,457,1.0342962,0.9656135,0.7988464,0.9329187,3
51,479,0.9989814,0.0,0.0,0.3329938,1
51,480,0.97010994,0.0,0.0,0.32336998,1
51,494,0.9766123,0.0,0.0,0.32553744,1
51,498,0.0,0.95333433,0.0,0.3177781,1
51,500,0.0,0.0,1.2605848,0.42019495,1
51,502,0.0,1.0165552,0.0,0.33885175,1
52,53,0.97277963,0.0,0.8384096,0.6037297,2
52,64,0.0,0.9776948,0.59014356,0.5226128,2
52,67,0.0,1.0570828,0.0,0.35236093,1
52,70,0.9909998,0.0,0.0,0.3303333,1
52,75,0.0,0.0,1.1076072,0.36920244,1
52,76,0.9583414,0.0,0.0,0.31944716,1
52,77,0.0,1.0264128,0.0,0.34213763,1
52,84,0.0,0.0,1.1224427,0.3741476,1
52,101,0.0,0.93411124,0.0,0.31137043,1
52,104,0.0,0.0,0.8983489,0.29944965,1
52,108,0.0,0.0,0.9287086,0.30956954,1
52,112,0.0,0.0,0.7073738,0.23579127,1
52,114,0.0,0.0,0.7987537,0.26625124,1
52,115,0.97792125,0.0,0.0,0.32597375,1
52,117,0.0,0.9739624,0.0,0.32465416,1
52,120,0.0,0.991857,0.0,0.330619,1
52,121,0.0,0.0,1.3587985,0.45293283,1
52,127,0.0,0.0,0.82753736,0.2758458,1
52,133,0.9679269,0.0,0.0,0.32264233,1
52,138,0.0,0.9420606,0.0,0.31402022,1
52,139,1.0676253,0.0,0.0,0.3558751,1
52,141,0.9703245,0.0,0.8390911,0.60313857,2
52,142,0.9910708,0.0,0.0,0.33035696,1
52,144,0.0,0.0,1.0826665,0.36088884,1
52,155,0.0,0.0,1.3962882,0.4654294,1
52,163,0.0,0.9813462,0.0,0.32711542,1
52,165,0.0,1.021161,0.0,0.340387,1
52,172,0.99462384,0.0,0.0,0.3315413,1
52,174,0.0,0.0,1.626903,0.54230106,1
52,175,0.0,0.0,1.7750577,0.5916859,1
52,178,0.0,1.0632353,0.74201113,0.6017488,2
52,188,0.0,0.0,1.4890943,0.49636477,1
52,197,0.0,0.0,0.73050135,0.24350046,1
52,198,0.0,0.0,0.7649507,0.25498357,1
52,199,0.0,0.9779704,0.0,0.32599014,1
52,201,0.0,0.0,0.88848394,0.29616132,1
52,208,1.0159737,1.100921,0.0,0.7056316,2
52,209,0.0,0.0,0.75689304,0.2522977,1
52,219,0.0,0.0,0.8976215,0.29920718,1
52,225,0.0,0.99009126,0.5394444,0.50984526,2
52,229,0.0,1.0588673,0.77501214,0.6112932,2
52,234,0.0,0.0,1.5548353,0.5182785,1
52,237,0.0,1.0640647,0.0,0.35468826,1
52,239,0.0,0.9321415,0.0,0.31071383,1
52,241,0.0,0.968038,0.0,0.32267934,1
52,253,0.0,0.0,0.64922607,0.2164087,1
52,257,0.9650768,0.0,0.0,0.3216923,1
52,258,0.0,0.0,0.77535933,0.25845313,1
52,262,0.0,0.0,1.1019952,0.36733174,1
52,263,0.0,0.0,1.0752953,0.3584318,1
52,264,0.0,0.9908846,0.0,0.33029488,1
52,266,0.0,0.99077857,0.0,0.33025953,1
52,269,0.0,0.0,1.101713,0.36723766,1
52,272,0.0,0.9516066,0.0,0.3172022,1
52,277,1.0271899,0.0,0.0,0.34239662,1
52,290,0.0,0.0,1.1384776,0.37949252,1
52,291,0.97305936,0.0,0.0,0.32435313,1
52,301,0.0,0.0,1.0808324,0.36027747,1
52,306,0.0,0.0,0.6160922,0.20536408,1
52,307,0.0,0.0,0.6174954,0.20583181,1
52,310,0.0,0.0,1.1816071,0.39386904,1
52,315,0.9963601,0.0,0.90129393,0.6325514,2
52,316,0.0,0.95403916,0.0,0.31801307,1
52,320,0.0,0.0,0.65409887,0.21803296,1
52,331,0.0,0.96131325,0.0,0.32043776,1
52,334,0.0,0.0,1.5013933,0.50046444,1
52,342,0.0,0.0,0.6658763,0.22195879,1
52,345,0.97692436,0.0,0.0,0.32564145,1
52,349,0.96299297,0.0,0.92722577,0.63007295,2
52,353,0.9932379,0.0,0.9979549,0.663731,2
52,360,0.9826935,0.0,1.4935864,0.8254267,2
52,361,0.99264663,0.0,0.0,0.33088222,1
52,375,0.0,0.0,0.7999931,0.2666644,1
52,378,0.99172735,0.0,0.0,0.3305758,1
52,379,0.0,0.0,1.186104,0.39536804,1
52,380,0.0,0.0,0.6118545,0.20395151,1
52,381,0.0,0.0,0.64955705,0.21651903,1
52,388,0.0,0.9430888,0.0,0.31436294,1
52,389,0.0,0.9460284,0.0,0.3153428,1
52,390,0.0,0.0,0.7598405,0.25328016,1
52,391,0.0,0.0,1.0233516,0.3411172,1
52,394,0.0,0.0,1.4484026,0.4828009,1
52,396,0.0,0.0,0.65304863,0.21768288,1
52,397,0.9721227,0.0,0.0,0.32404092,1
52,409,0.0,0.0,0.68987286,0.22995763,1
52,414,0.0,0.0,0.8124472,0.27081573,1
52,418,0.0,0.0,0.86911255,0.2897042,1
52,423,0.0,1.0317794,0.7975985,0.60979265,2
52,431,1.0083563,0.0,0.0,0.3361188,1
52,433,0.0,1.0045227,0.0,0.3348409,1
52,436,0.0,0.9630724,0.0,0.32102415,1
52,441,0.0,0.99021864,0.0,0.33007288,1
52,451,0.0,0.9511337,0.0,0.3170446,1
52,456,0.0,0.0,1.0367953,0.34559843,1
52,463,0.0,0.0,0.59850615,0.19950205,1
52,479,0.0,1.0132027,0.0,0.33773422,1
52,483,0.0,0.0,0.8912455,0.29708183,1
52,486,0.0,1.063695,0.0,0.354565,1
52,489,0.9849692,0.0,0.0,0.32832307,1
52,493,0.965381,0.0,0.0,0.32179368,1
52,495,0.0,0.0,0.6639677,0.22132258,1
52,500,0.0,0.9537013,0.0,0.31790045,1
52,501,0.0,1.0502458,0.0,0.35008192,1
52,506,1.1371033,0.0,0.0,0.37903446,1
53,59,0.0,1.0311909,0.7078071,0.579666,2
53,84,0.98829806,0.0,0.0,0.3294327,1
53,86,0.0,0.0,0.85734713,0.2857824,1
53,87,0.958548,0.0,0.0,0.319516,1
53,89,0.0,0.9703649,0.0,0.32345498,1
53,93,0.9737954,0.0,0.0,0.3245985,1
53,95,0.0,0.0,1.6712306,0.5570769,1
53,104,0.0,0.0,1.7733473,0.5911158,1
53,108,0.0,0.0,0.67126566,0.22375523,1
53,114,0.9706884,0.0,0.0,0.3235628,1
53,119,1.0011138,0.0,0.0,0.3337046,1
53,121,0.0,0.0,0.71897656,0.23965886,1
53,123,0.0,0.9610472,0.0,0.32034907,1
53,127,0.0,1.1881338,0.0,0.3960446,1
53,146,0.0,0.953916,1.6461478,0.86668795,2
53,151,0.0,0.96855676,0.0,0.32285225,1
53,155,0.0,0.0,0.79322696,0.264409,1
53,157,0.9600832,0.0,0.0,0.32002774,1
53,163,0.96684396,0.0,0.0,0.32228133,1
53,170,1.008988,0.0,0.0,0.33632934,1
53,173,0.0,0.9620715,0.0,0.3206905,1
53,175,0.0,0.9485464,1.1532434,0.70059663,2
53,177,0.0,0.9410456,0.0,0.31368187,1
53,178,0.9970533,0.0,0.0,0.33235112,1
53,189,0.0,0.0,0.78460073,0.2615336,1
53,194,0.0,0.0,0.9301142,0.3100381,1
53,195,1.0252676,0.0,0.0,0.34175587,1
53,197,0.0,1.1116878,0.0,0.3705626,1
53,198,0.0,0.0,1.0273585,0.34245285,1
53,201,0.0,1.0452508,0.0,0.34841692,1
53,203,0.96882445,0.0,0.0,0.32294148,1
53,211,0.9817598,0.0,0.0,0.32725328,1
53,221,0.0,0.0,0.90068,0.3002267,1
53,225,0.0,0.0,1.0549366,0.35164556,1
53,229,0.0,0.0,1.1283581,0.37611938,1
53,232,0.0,0.96577394,0.0,0.32192466,1
53,233,0.0,0.0,1.0768912,0.35896373,1
53,234,0.0,0.0,1.4467294,0.48224315,1
53,244,1.0391109,0.0,0.0,0.3463703,1
53,253,0.0,0.0,0.8490142,0.28300476,1
53,261,0.97306037,0.0,0.0,0.32435346,1
53,266,1.0576867,0.0,0.0,0.35256225,1
53,269,0.0,1.0032551,0.0,0.3344184,1
53,275,0.0,0.0,1.0285904,0.3428635,1
53,280,0.9736096,0.0,0.0,0.32453656,1
53,293,0.0,0.98013675,0.0,0.32671225,1
53,296,0.0,1.0295811,0.8326274,0.6207362,2
53,297,0.0,0.9914707,0.0,0.33049023,1
53,301,0.0,0.0,0.89237934,0.29745978,1
53,308,0.0,1.0468966,0.7370157,0.59463745,2
53,310,0.0,0.0,0.8955576,0.2985192,1
53,316,0.9773755,0.0,0.0,0.32579184,1
53,319,0.0,0.0,0.9469225,0.31564084,1
53,327,0.9644309,0.0,0.0,0.321477,1
53,331,0.0,1.0947961,0.0,0.36493203,1
53,333,0.0,1.0656137,0.0,0.35520458,1
53,339,1.0750673,0.0,0.0,0.35835576,1
53,342,0.0,0.0,1.0657407,0.3552469,1
53,349,0.0,1.0106322,0.0,0.3368774,1
53,353,0.0,0.0,1.3268952,0.4422984,1
53,355,0.0,0.98055583,0.0,0.32685196,1
53,373,0.0,0.0,1.220879,0.40695965,1
53,374,1.0030502,0.0,0.0,0.33435008,1
53,376,0.9684846,0.0,0.0,0.3228282,1
53,379,0.0,0.0,0.8050844,0.26836148,1
53,395,0.0,0.0,0.67251104,0.22417036,1
53,402,0.9915293,0.0,0.0,0.33050978,1
53,404,0.0,0.989103,0.0,0.329701,1
53,416,0.0,0.9543163,0.0,0.31810546,1
53,418,0.0,0.0,1.148554,0.38285133,1
53,423,0.0,0.0,1.4206816,0.47356054,1
53,425,0.0,1.1999956,0.0,0.39999855,1
53,428,0.0,0.0,1.1357949,0.3785983,1
53,431,0.0,0.9482896,0.0,0.31609654,1
53,436,0.0,0.95904106,0.0,0.31968036,1
53,439,0.0,0.0,0.75288326,0.2509611,1
53,445,0.0,0.0,1.1720251,0.39067504,1
53,450,0.96687436,0.0,0.0,0.32229146,1
53,451,1.0209589,0.0,0.0,0.34031963,1
53,463,0.0,0.0,1.3277539,0.44258463,1
53,467,0.0,0.0,1.1895489,0.3965163,1
53,470,0.0,0.0,0.7236515,0.24121718,1
53,495,0.0,0.0,1.939587,0.646529,1
53,499,0.0,0.0,0.8263131,0.2754377,1
53,506,0.98807985,0.0,0.0,0.32935995,1
53,508,0.0,1.0097477,0.0,0.3365826,1
53,511,0.9963979,0.0,0.0,0.33213264,1
54,56,0.0,0.9667656,0.0,0.3222552,1
54,64,0.0,0.0,0.8155099,0.27183664,1
54,68,0.0,0.0,0.75738305,0.25246102,1
54,75,0.0,1.0174726,0.0,0.33915755,1
54,89,0.0,0.0,0.7226555,0.24088517,1
54,93,0.0,0.9949333,0.0,0.33164445,1
54,94,0.0,1.0775689,1.4034592,0.8270094,2
54,97,0.0,0.9693073,0.0,0.32310244,1
54,104,1.0033089,0.96321166,0.59308463,0.85320175,3
54,107,0.0,0.9781581,0.0,0.32605273,1
54,108,0.9760522,0.0,0.0,0.32535076,1
54,113,1.0596557,0.0,0.0,0.35321856,1
54,127,0.96450907,0.0,0.0,0.32150304,1
54,136,0.0,0.9807538,0.0,0.32691795,1
54,139,0.995929,0.0,0.0,0.33197635,1
54,141,0.0,0.0,0.9400739,0.31335798,1
54,144,0.0,0.0,0.58649254,0.19549751,1
54,148,0.0,0.9998562,0.0,0.3332854,1
54,153,0.96383995,0.0,0.0,0.32128,1
54,177,0.0,0.9729091,0.0,0.32430303,1
54,189,1.008759,0.0,0.0,0.33625302,1
54,192,0.0,0.94803476,0.0,0.3160116,1
54,196,0.0,0.9447308,0.0,0.3149103,1
54,198,0.0,0.0,0.64008576,0.21336192,1
54,199,1.0128766,0.0,0.0,0.33762556,1
54,202,0.0,1.0532254,0.0,0.35107514,1
54,219,0.0,0.0,0.9373608,0.31245363,1
54,221,0.9740074,0.0,0.0,0.32466915,1
54,223,0.97845817,0.0,0.0,0.32615274,1
54,243,0.0,0.9714126,0.0,0.3238042,1
54,258,0.9748051,0.9902194,0.0,0.6550082,2
54,266,0.0,0.0,0.5897588,0.19658628,1
54,267,0.0,0.96831864,0.0,0.3227729,1
54,282,0.9679593,0.0,0.0,0.3226531,1
54,296,0.0,0.97937864,0.0,0.32645956,1
54,298,1.0930718,0.0,0.0,0.3643573,1
54,299,0.0,1.0354592,0.0,0.34515306,1
54,302,0.0,0.9704439,0.0,0.32348132,1
54,306,0.0,0.0,1.1498892,0.38329643,1
54,308,0.9843273,0.0,1.2802393,0.7548556,2
54,310,1.0207181,0.0,0.0,0.34023938,1
54,315,0.0,0.9546784,0.9859296,0.64686936,2
54,318,0.0,1.0506545,0.0,0.35021818,1
54,326,1.0166346,0.0,0.0,0.3388782,1
54,338,0.9662936,0.0,0.0,0.32209787,1
54,346,0.0,0.0,0.79242605,0.26414204,1
54,349,1.0275563,0.0,0.0,0.34251878,1
54,350,0.0,0.0,0.813395,0.2711317,1
54,357,0.0,0.9446786,0.0,0.3148929,1
54,362,0.9900991,0.0,0.0,0.33003303,1
54,373,0.0,0.0,0.90707755,0.3023592,1
54,376,0.0,0.0,0.90341127,0.3011371,1
54,379,0.0,0.0,0.60877067,0.20292357,1
54,380,0.0,0.0,1.1099939,0.36999798,1
54,387,0.9671115,0.0,0.0,0.32237053,1
54,394,0.0,0.0,0.573192,0.191064,1
54,395,1.0095879,0.0,0.0,0.3365293,1
54,406,0.9712269,1.0555738,0.0,0.6756003,2
54,409,0.0,1.0020787,0.8000159,0.60069823,2
54,410,0.9670978,0.0,0.0,0.32236594,1
54,411,1.0033839,0.0,0.0,0.3344613,1
54,412,0.9688805,0.0,0.0,0.32296017,1
54,416,0.0,0.0,0.8433422,0.28111407,1
54,431,1.0001194,0.9609772,0.0,0.6536989,2
54,432,0.0,1.1162019,0.0,0.3720673,1
54,440,0.0,0.99993294,0.0,0.333311,1
54,451,0.0,0.9460284,0.0,0.3153428,1
54,453,0.0,0.0,0.68013674,0.22671226,1
54,459,0.0,0.0,1.1501288,0.3833763,1
54,464,0.0,0.9866699,0.0,0.32888997,1
54,477,0.0,0.0,0.9584591,0.31948638,1
54,483,0.0,0.9575913,0.0,0.31919712,1
54,485,0.0,0.0,1.0701324,0.3567108,1
54,487,0.0,0.0,0.923365,0.30778834,1
54,503,0.0,1.0583819,0.0,0.352794,1
54,508,0.0,0.0,0.5560627,0.18535423,1
54,509,1.0728447,0.0,0.0,0.35761493,1
55,58,0.0,1.0412267,0.0,0.34707558,1
55,81,1.085001,0.0,0.0,0.361667,1
55,84,0.0,0.0,0.60723126,0.20241043,1
55,87,0.9675675,0.9441933,0.0,0.63725364,2
55,89,0.9925918,0.0,0.0,0.33086395,1
55,100,0.9770112,0.0,0.0,0.32567042,1
55,105,0.9823722,0.0,0.0,0.32745743,1
55,107,0.9732493,0.0,0.0,0.32441646,1
55,114,0.0,0.0,0.6027302,0.20091008,1
55,120,0.9765116,0.0,0.0,0.3255039,1
55,122,0.0,0.9748797,1.6959023,0.8902607,2
55,123,0.9711646,0.0,0.0,0.32372153,1
55,124,0.0,0.99747896,0.0,0.332493,1
55,126,0.0,1.0344589,0.0,0.34481964,1
55,138,0.0,0.95143086,0.0,0.31714362,1
55,141,0.0,0.99323815,0.0,0.3310794,1
55,144,0.0,0.0,1.3579444,0.45264813,1
55,145,0.9643191,0.0,0.0,0.3214397,1
55,152,0.0,0.0,0.9030068,0.30100226,1
55,160,0.0,0.0,0.9556662,0.3185554,1
55,165,0.0,1.0831579,0.0,0.36105263,1
55,171,0.997219,0.0,0.0,0.33240634,1
55,181,0.0,0.9716993,0.0,0.32389978,1
55,182,0.0,0.0,1.7014558,0.56715196,1
55,184,0.9699343,0.0,0.8401344,0.60335624,2
55,194,1.025145,0.0,0.0,0.34171504,1
55,203,0.99731135,0.0,0.0,0.33243713,1
55,204,0.97097033,0.0,0.0,0.3236568,1
55,210,0.0,0.0,0.8272829,0.27576098,1
55,215,0.0,0.0,0.7629717,0.2543239,1
55,219,0.9759555,0.0,0.0,0.32531852,1
55,228,0.0,1.0863067,0.0,0.36210224,1
55,239,0.0,0.94686157,0.0,0.31562054,1
55,241,0.0,0.96593475,0.0,0.32197827,1
55,242,0.0,0.9531053,0.0,0.31770176,1
55,244,1.0325775,0.0,0.0,0.3441925,1
55,245,0.9708739,0.0,0.0,0.32362464,1
55,250,1.0449555,0.9872184,0.0,0.6773913,2
55,253,0.9751294,0.0,0.0,0.32504314,1
55,270,0.0,0.0,1.5900135,0.5300045,1
55,274,0.0,0.9501077,0.0,0.31670257,1
55,277,0.0,0.0,0.63578343,0.21192782,1
55,278,0.0,0.0,1.4247648,0.47492158,1
55,280,0.9748429,0.0,0.0,0.32494766,1
55,281,0.0,0.9706747,0.0,0.32355824,1
55,282,0.9710592,0.0,1.1061308,0.6923967,2
55,287,0.0,1.0455698,0.0,0.34852326,1
55,289,0.0,0.0,0.84497815,0.2816594,1
55,292,0.9825128,0.0,0.0,0.32750428,1
55,298,0.0,0.0,1.8826973,0.6275658,1
55,307,0.9961421,0.0,0.0,0.33204737,1
55,314,0.9759734,0.0,0.0,0.32532448,1
55,319,1.0541974,0.0,0.0,0.35139915,1
55,324,0.9533355,0.0,0.0,0.31777853,1
55,326,0.97032243,0.0,0.0,0.32344082,1
55,342,0.9688387,0.0,0.0,0.32294625,1
55,352,1.0579339,0.0,0.0,0.35264465,1
55,353,0.0,0.95973104,0.0,0.31991035,1
55,358,0.0,0.96755356,0.0,0.32251787,1
55,362,0.0,0.0,1.5282506,0.5094169,1
55,363,0.9789142,0.0,0.0,0.32630473,1
55,366,0.9904425,0.0,0.0,0.3301475,1
55,369,0.9940052,0.0,0.0,0.33133507,1
55,371,0.0,0.9589893,0.0,0.3196631,1
55,372,0.9857314,0.9700435,0.0,0.65192497,2
55,386,0.0,0.0,1.3097823,0.4365941,1
55,389,0.99392617,1.1443907,0.0,0.7127723,2
55,407,0.0,0.0,1.4371963,0.47906542,1
55,409,0.0,0.0,0.970253,0.32341766,1
55,420,0.0,1.0626546,0.0,0.3542182,1
55,421,0.0,0.0,1.271362,0.42378733,1
55,435,1.0206738,0.0,0.0,0.3402246,1
55,437,0.0,0.0,1.0910884,0.36369616,1
55,441,0.0,1.2156408,0.0,0.4052136,1
55,445,0.9676382,0.0,0.0,0.32254606,1
55,450,0.0,0.9631209,0.0,0.3210403,1
55,451,0.0,0.0,0.6398983,0.21329944,1
55,452,1.0079287,0.0,0.0,0.33597624,1
55,457,0.96513176,0.0,0.0,0.3217106,1
55,461,0.0,0.9998569,0.0,0.33328563,1
55,465,0.0,0.0,0.7515557,0.25051856,1
55,468,0.0,0.97672945,0.0,0.32557648,1
55,474,0.9849844,0.0,0.0,0.32832813,1
55,479,0.0,0.0,0.9167524,0.30558413,1
55,483,0.0,0.0,0.7317388,0.24391294,1
55,486,0.0,1.0328381,1.3112667,0.78136826,2
55,487,0.0,0.9595406,0.0,0.31984687,1
55,488,0.9651103,0.0,0.0,0.32170343,1
55,491,0.0,0.95639575,0.0,0.3187986,1
55,504,0.0,0.0,0.8559335,0.28531116,1
55,511,0.0,0.94098276,0.0,0.31366092,1
56,57,0.9587466,0.0,0.0,0.31958222,1
56,59,0.0,0.0,0.55081725,0.18360576,1
56,65,0.0,0.9680375,0.0,0.32267916,1
56,66,0.0,0.0,0.6638808,0.22129361,1
56,68,0.0,0.0,0.89938164,0.2997939,1
56,69,0.0,0.9584389,0.0,0.31947964,1
56,72,0.98295146,0.0,0.0,0.3276505,1
56,79,0.0,0.9753169,0.0,0.32510564,1
56,93,0.0,0.0,1.1620144,0.38733813,1
56,94,0.0,1.0995488,0.0,0.3665163,1
56,95,1.0409428,0.0,0.8621008,0.63434786,2
56,97,0.0,0.0,0.4687509,0.1562503,1
56,102,0.0,0.9527394,0.0,0.3175798,1
56,117,0.0,0.0,1.0047933,0.3349311,1
56,128,0.0,0.0,1.1809148,0.39363825,1
56,129,0.0,0.0,0.6551352,0.21837841,1
56,130,0.0,0.0,0.853568,0.28452268,1
56,131,0.0,0.0,0.7382415,0.2460805,1
56,154,1.0183198,0.0,0.0,0.33943996,1
56,157,1.0049386,0.0,0.0,0.33497953,1
56,160,0.0,1.1389416,0.0,0.37964723,1
56,164,0.0,0.0,1.251796,0.41726536,1
56,168,0.0,0.0,1.5657868,0.52192897,1
56,169,0.9668762,0.0,0.0,0.3222921,1
56,170,0.0,0.0,1.054513,0.35150433,1
56,188,0.97993016,0.0,0.0,0.3266434,1
56,189,0.0,0.0,0.7366718,0.24555728,1
56,194,0.0,0.9757016,0.7339466,0.56988275,2
56,195,0.0,0.0,0.62872595,0.20957533,1
56,198,0.9656121,0.0,0.7706308,0.57874763,2
56,200,0.0,0.974023,0.0,0.32467434,1
56,208,0.0,0.0,1.0457964,0.3485988,1
56,215,0.0,0.9816564,0.0,0.3272188,1
56,217,0.0,1.0575581,1.7833228,0.94696033,2
56,221,0.0,0.9608166,1.4803331,0.8137166,2
56,223,0.0,1.0443381,0.0,0.3481127,1
56,225,1.0943608,0.0,0.0,0.36478695,1
56,226,0.0,0.0,0.82249177,0.27416393,1
56,227,0.0,0.0,0.44961214,0.14987072,1
56,231,0.0,0.0,0.7212739,0.24042463,1
56,233,0.0,0.0,0.79064596,0.26354867,1
56,238,0.0,0.0,0.67514956,0.22504985,1
56,240,0.0,0.92798364,0.0,0.3093279,1
56,244,1.0102137,0.0,0.0,0.33673793,1
56,245,1.0311801,0.0,0.0,0.34372672,1
56,249,0.0,0.0,0.42074096,0.14024699,1
56,252,0.0,0.95614433,0.0,0.3187148,1
56,258,0.0,1.0340503,0.0,0.34468347,1
56,260,0.0,0.0,0.94860375,0.31620127,1
56,261,0.0,0.0,0.6554386,0.21847954,1
56,264,0.99106807,0.9677918,0.0,0.65295327,2
56,266,0.0,0.0,0.72081906,0.24027303,1
56,272,1.0316688,0.0,0.0,0.3438896,1
56,279,0.0,0.0,1.1791373,0.39304578,1
56,285,0.0,0.0,0.70458245,0.23486082,1
56,292,0.0,0.0,0.74450403,0.24816802,1
56,293,0.0,0.0,1.1608074,0.3869358,1
56,296,0.0,1.0785449,0.6950779,0.5912076,2
56,301,0.0,0.986017,0.0,0.32867235,1
56,304,0.0,0.0,0.7018563,0.2339521,1
56,305,0.0,0.97052014,0.0,0.3235067,1
56,308,0.9668214,0.0,0.0,0.3222738,1
56,311,0.0,0.9485271,0.0,0.3161757,1
56,314,1.01172,0.0,0.0,0.33723998,1
56,322,1.0047045,0.0,0.0,0.3349015,1
56,323,0.0,0.0,0.71140647,0.2371355,1
56,333,0.0,0.0,0.9933216,0.3311072,1
56,335,0.0,0.94285434,0.0,0.3142848,1
56,336,0.9753615,0.0,0.0,0.3251205,1
56,339,0.96770835,0.0,0.0,0.32256946,1
56,340,0.0,0.0,0.7938141,0.26460472,1
56,345,0.0,0.0,1.2504836,0.4168279,1
56,354,0.9711889,0.0,0.0,0.32372963,1
56,358,0.0,0.0,0.57752496,0.19250832,1
56,369,0.9798183,0.0,0.0,0.3266061,1
56,371,1.0745286,0.0,0.0,0.3581762,1
56,372,0.0,0.97525537,1.2771609,0.75080544,2
56,373,0.0,0.0,0.80276036,0.2675868,1
56,381,0.0,0.9492909,0.0,0.3164303,1
56,388,0.0,0.0,1.1570705,0.38569018,1
56,389,0.0,1.02784,0.89740795,0.6417493,2
56,395,0.0,0.0,1.075936,0.35864532,1
56,408,0.0,0.0,0.5506961,0.18356536,1
56,416,1.1276032,1.1465667,0.0,0.75805664,2
56,418,0.976997,0.0,0.0,0.32566568,1
56,419,0.0,1.0497324,0.76429176,0.60467476,2
56,421,0.0,0.94575995,0.0,0.31525332,1
56,424,0.0,0.0,1.151529,0.383843,1
56,427,0.0,1.1619554,0.0,0.38731846,1
56,435,0.0,0.0,1.5204475,0.50681585,1
56,445,0.0,0.0,1.120432,0.37347734,1
56,450,0.9737471,0.0,0.0,0.32458237,1
56,453,0.0,0.0,1.1136887,0.3712296,1
56,457,1.0267359,0.0,0.0,0.3422453,1
56,458,0.0,0.0,0.9697045,0.32323486,1
56,462,0.0,1.0382093,0.0,0.34606978,1
56,463,0.9794693,0.95886487,0.0,0.64611137,2
56,464,0.0,0.0,1.2123473,0.40411577,1
56,466,0.0,0.0,0.8090909,0.26969698,1
56,467,0.0,0.0,1.1874182,0.39580607,1
56,468,0.0,0.0,0.55777836,0.18592612,1
56,473,0.0,0.0,1.3563967,0.45213223,1
56,477,0.0,0.0,0.8118727,0.27062425,1
56,478,0.0,1.0698055,0.0,0.35660183,1
56,480,0.0,0.0,0.60806423,0.20268808,1
56,492,0.0,0.9517476,0.0,0.3172492,1
56,503,0.0,0.0,0.9637543,0.32125145,1
56,504,0.0,1.0205914,0.0,0.34019715,1
56,506,0.9860094,0.0,0.0,0.32866982,1
56,508,0.0,0.0,1.0392549,0.34641832,1
56,510,1.006438,0.0,0.0,0.33547935,1
57,70,0.0,0.0,0.6513363,0.21711211,1
57,79,1.0066504,0.0,0.0,0.33555016,1
57,81,0.0,0.0,0.857993,0.2859977,1
57,91,0.0,1.0516338,0.0,0.35054463,1
57,98,0.0,0.0,1.2012149,0.400405,1
57,104,0.0,1.0060953,0.0,0.33536512,1
57,108,0.0,0.9580901,0.0,0.3193634,1
57,113,0.0,0.0,1.2765381,0.42551273,1
57,120,0.0,0.94601697,0.0,0.315339,1
57,122,0.0,1.0036111,0.0,0.33453703,1
57,126,0.0,0.0,1.1799517,0.39331722,1
57,127,0.0,0.0,0.7507338,0.25024462,1
57,132,0.0,0.0,0.9074552,0.30248508,1
57,134,1.0030627,0.0,0.0,0.33435425,1
57,136,0.0,0.0,0.8861363,0.29537877,1
57,138,0.0,0.0,1.2603776,0.4201259,1
57,142,0.99295753,0.0,1.1198548,0.7042708,2
57,145,0.0,0.0,0.53714806,0.17904936,1
57,150,0.0,0.0,0.8671963,0.28906545,1
57,151,0.0,1.0448874,0.0,0.3482958,1
57,156,0.0,0.9525887,0.0,0.31752956,1
57,157,0.0,1.0370004,1.2484344,0.7618116,2
57,160,1.0440714,0.0,0.0,0.34802383,1
57,161,0.0,0.0,0.6850768,0.22835892,1
57,162,0.0,1.0009322,0.0,0.3336441,1
57,170,0.0,1.011677,0.0,0.33722568,1
57,172,0.0,0.0,0.76441926,0.25480643,1
57,175,0.9762582,0.94108224,0.0,0.63911355,2
57,176,0.0,0.0,1.4344679,0.47815597,1
57,180,0.0,0.0,1.3993523,0.46645078,1
57,185,0.9829102,0.0,0.56884223,0.51725084,2
57,190,0.0,0.96511936,0.0,0.32170647,1
57,193,0.0,0.0,1.4793943,0.49313146,1
57,197,0.0,0.0,0.7876007,0.26253358,1
57,200,0.0,1.00201,0.0,0.33400333,1
57,212,0.0,0.0,1.1290041,0.37633473,1
57,215,0.0,0.94374573,0.0,0.31458193,1
57,223,1.0317209,0.0,0.0,0.34390697,1
57,225,0.9814936,0.0,0.0,0.32716453,1
57,240,0.0,0.0,1.4796798,0.49322662,1
57,241,1.0082119,0.0,0.0,0.33607063,1
57,250,0.0,0.0,0.51451033,0.17150345,1
57,259,0.0,0.93727833,1.2430547,0.7267777,2
57,264,0.0,0.0,0.8291688,0.2763896,1
57,265,0.0,0.0,1.0565046,0.3521682,1
57,272,0.9576088,0.0,0.0,0.31920296,1
57,281,0.0,0.0,1.0835857,0.36119527,1
57,283,0.0,0.0,0.75760484,0.25253496,1
57,284,0.97904307,0.0,0.0,0.3263477,1
57,292,0.0,0.0,1.228452,0.409484,1
57,293,0.0,0.9413971,0.0,0.31379902,1
57,294,0.0,0.0,0.8261028,0.27536762,1
57,295,0.0,0.0,0.7237803,0.2412601,1
57,301,1.0252383,0.0,0.0,0.3417461,1
57,308,1.0585853,0.0,0.0,0.35286176,1
57,309,0.0,0.0,0.63891226,0.21297076,1
57,312,0.0,0.0,1.1341888,0.37806293,1
57,318,0.0,0.0,0.6801493,0.22671644,1
57,323,1.0035479,0.0,0.0,0.334516,1
57,331,0.0,0.0,1.4767649,0.49225497,1
57,332,0.0,0.0,0.77209884,0.2573663,1
57,333,0.0,0.9607152,0.0,0.3202384,1
57,338,0.0,0.0,0.84863365,0.2828779,1
57,344,0.96268904,0.993208,0.0,0.65196574,2
57,354,1.0308462,0.0,0.8416949,0.6241804,2
57,364,0.0,0.0,0.6580138,0.21933794,1
57,365,0.0,0.0,0.66738033,0.22246012,1
57,368,0.0,0.0,0.63107634,0.21035878,1
57,369,0.0,0.0,1.5173533,0.50578445,1
57,373,0.0,0.99517757,0.0,0.33172587,1
57,375,0.0,0.0,1.0480404,0.34934682,1
57,385,0.0,0.0,0.6212784,0.2070928,1
57,388,1.0034646,0.0,0.0,0.3344882,1
57,390,0.0,0.9417705,0.0,0.3139235,1
57,397,0.0,0.0,0.53658235,0.17886078,1
57,398,0.0,0.0,0.91731167,0.30577058,1
57,399,0.0,0.0,1.3680878,0.45602927,1
57,404,0.963005,0.0,0.0,0.32100168,1
57,405,0.0,0.0,0.74492514,0.24830839,1
57,412,0.0,0.9610205,0.0,0.3203402,1
57,414,0.0,0.96969163,0.0,0.32323056,1
57,417,0.0,0.0,0.5214559,0.17381863,1
57,419,1.0094817,0.0,0.0,0.3364939,1
57,420,0.0,1.0213133,0.6593257,0.560213,2
57,422,0.0,0.0,0.48135746,0.16045249,1
57,429,0.0,0.0,1.0367205,0.3455735,1
57,430,0.0,0.95438504,0.0,0.31812835,1
57,431,0.0,0.0,1.3374718,0.44582397,1
57,432,0.0,0.0,1.2775245,0.4258415,1
57,437,0.0,0.0,1.3441703,0.4480568,1
57,443,0.0,0.0,0.58321404,0.19440469,1
57,444,0.98807085,0.0,0.0,0.32935697,1
57,447,0.0,1.0556245,0.0,0.35187483,1
57,451,0.0,0.0,0.8619896,0.28732988,1
57,452,0.0,0.0,1.0337101,0.34457004,1
57,457,0.9658259,0.0,0.0,0.32194197,1
57,460,0.9654855,0.0,0.0,0.3218285,1
57,472,1.0108055,0.0,0.0,0.33693516,1
57,474,0.9501922,0.0,0.0,0.31673074,1
57,482,0.0,0.0,1.1094366,0.36981222,1
57,492,0.0,0.0,0.5007548,0.16691826,1
57,494,0.0,0.9788689,0.0,0.32628965,1
57,496,0.0,0.0,1.6505969,0.550199,1
57,497,0.0,1.0484611,0.66235524,0.5702721,2
57,505,0.0,0.0,0.567505,0.18916833,1
57,507,0.0,0.0,1.0616922,0.35389742,1
57,509,0.0,0.0,0.612226,0.20407534,1
58,61,0.0,0.0,0.75679326,0.25226444,1
58,69,0.9921684,0.0,0.0,0.3307228,1
58,70,0.0,0.9714484,0.0,0.32381615,1
58,102,0.0,0.0,0.729623,0.24320768,1
58,103,0.0,0.0,1.1356688,0.37855625,1
58,106,0.0,0.9833596,0.92009205,0.63448393,2
58,107,0.96842444,0.0,0.0,0.32280815,1
58,108,0.97472507,0.0,0.0,0.32490838,1
58,109,0.0,0.0,1.0824606,0.36082023,1
58,110,0.0,1.1458033,0.0,0.38193446,1
58,114,0.9998819,0.0,0.0,0.33329397,1
58,115,0.0,0.0,0.8785601,0.2928534,1
58,116,0.0,0.0,1.5840194,0.5280065,1
58,137,1.0660874,0.0,0.7445795,0.6035557,2
58,142,0.0,0.97925216,0.0,0.3264174,1
58,143,0.0,0.0,0.8167801,0.27226004,1
58,148,0.0,0.0,1.1531593,0.38438642,1
58,153,0.0,0.0,0.707895,0.235965,1
58,163,0.0,1.0844104,1.6538942,0.91276824,2
58,166,1.0135614,0.0,0.6684917,0.5606844,2
58,169,0.95785326,0.0,0.0,0.31928444,1
58,178,0.97153986,0.0,0.0,0.32384664,1
58,179,0.0,0.0,1.3007885,0.4335962,1
58,183,0.0,0.0,1.0179472,0.33931574,1
58,194,1.0554771,0.0,0.0,0.3518257,1
58,196,1.0025554,0.0,0.0,0.33418512,1
58,199,1.0678657,0.0,0.0,0.35595524,1
58,202,0.0,0.0,1.2413175,0.41377252,1
58,203,0.0,0.9596597,0.0,0.31988657,1
58,204,0.0,0.0,0.80212677,0.2673756,1
58,205,0.0,0.0,0.8675322,0.28917742,1
58,213,0.0,0.0,1.0899783,0.36332613,1
58,219,0.0,0.9961791,0.0,0.3320597,1
58,222,0.0,0.9786508,0.0,0.32621694,1
58,223,0.0,0.0,0.77328455,0.25776154,1
58,224,0.0,0.0,0.9815836,0.32719454,1
58,232,0.0,0.9461086,0.0,0.31536955,1
58,236,0.0,0.0,1.2126582,0.4042194,1
58,237,0.0,0.0,0.89689577,0.29896528,1
58,242,0.0,0.0,0.6591122,0.21970408,1
58,243,0.0,0.0,0.86419857,0.2880662,1
58,244,0.0,0.0,0.5422668,0.1807556,1
58,248,0.0,0.0,0.9107146,0.30357155,1
58,251,0.0,1.0202565,1.1881014,0.73611933,2
58,252,0.98934704,0.0,0.0,0.32978237,1
58,259,0.0,1.0165745,0.0,0.3388582,1
58,267,0.0,0.0,1.4465232,0.4821744,1
58,272,0.0,0.994204,0.0,0.33140135,1
58,290,0.0,1.1385623,0.0,0.37952077,1
58,292,0.0,0.9475071,0.0,0.3158357,1
58,304,0.0,0.9485558,0.0,0.3161853,1
58,307,0.9757433,0.0,0.0,0.32524776,1
58,312,0.0,1.0658417,0.0,0.35528058,1
58,313,0.0,0.95936304,0.0,0.31978768,1
58,321,0.0,0.0,1.2231562,0.40771875,1
58,322,0.9932527,0.0,0.0,0.33108425,1
58,327,0.0,0.0,0.70983887,0.23661296,1
58,328,0.0,0.0,0.85020554,0.28340185,1
58,335,1.0132645,0.0,0.89544225,0.6362356,2
58,336,0.0,0.0,1.4975982,0.4991994,1
58,337,0.0,1.0341618,0.0,0.3447206,1
58,339,0.97133976,0.9803078,0.6076558,0.8531012,3
58,344,0.0,0.0,1.0256561,0.3418854,1
58,345,0.97138435,0.0,0.0,0.32379478,1
58,349,0.96871626,0.0,0.0,0.32290542,1
58,352,0.0,0.0,0.79563653,0.26521218,1
58,369,0.0,1.0257952,0.0,0.34193176,1
58,394,1.0825884,0.9534156,0.0,0.678668,2
58,395,1.0678107,0.0,0.0,0.35593688,1
58,397,1.0097337,0.0,0.0,0.3365779,1
58,400,0.0,0.0,0.7866365,0.26221216,1
58,404,0.0,0.0,0.7871062,0.26236874,1
58,406,0.0,0.959099,0.0,0.31969967,1
58,408,0.0,0.9400171,0.0,0.31333905,1
58,410,0.0,0.958295,0.0,0.31943166,1
58,416,0.0,1.0789422,0.0,0.3596474,1
58,425,0.0,0.952049,0.0,0.31734967,1
58,438,0.0,0.0,1.0659854,0.3553285,1
58,442,0.0,0.94514906,0.0,0.3150497,1
58,443,0.96823436,0.0,0.0,0.3227448,1
58,444,0.0,0.0,0.9164802,0.3054934,1
58,450,0.0,0.0,0.73933,0.24644333,1
58,451,0.9830135,0.0,0.0,0.32767117,1
58,460,0.0,0.0,1.2440299,0.41467664,1
58,471,0.9968545,0.0,0.0,0.33228484,1
58,474,0.0,1.0491276,0.82245153,0.62385976,2
58,477,0.0,0.9669566,0.0,0.32231888,1
58,479,0.9657012,0.0,0.0,0.32190043,1
58,482,1.0138618,0.0,0.0,0.33795393,1
58,490,0.0,0.0,1.0993406,0.36644685,1
58,491,0.0,0.0,1.2111303,0.4037101,1
58,496,1.0154486,0.0,0.0,0.33848286,1
58,497,1.0025471,0.0,0.0,0.33418238,1
58,502,1.0209777,0.0,1.5145818,0.8451866,2
58,504,0.0,0.94350904,0.0,0.314503,1
58,506,0.97656024,0.0,0.988226,0.6549288,2
58,507,0.0,1.0455303,0.0,0.34851012,1
59,60,0.0,0.0,1.9478161,0.6492721,1
59,72,0.0,0.9789968,0.0,0.32633227,1
59,74,0.0,0.9699912,0.0,0.3233304,1
59,79,1.0211253,0.0,0.0,0.34037513,1
59,82,0.98188066,0.0,0.0,0.32729357,1
59,85,0.0,0.0,0.8429777,0.28099257,1
59,86,0.0,0.0,0.80201995,0.26734,1
59,87,0.0,0.9630252,0.0,0.3210084,1
59,95,0.98339957,1.0411476,0.7976207,0.9407226,3
59,97,0.0,1.0074493,0.719072,0.5755071,2
59,98,0.0,1.1516591,0.0,0.3838864,1
59,104,0.0,0.0,0.62167585,0.2072253,1
59,111,0.0,1.0456654,0.0,0.34855515,1
59,112,0.0,0.9588857,0.0,0.3196286,1
59,116,1.0015991,0.0,0.0,0.33386636,1
59,117,0.9625124,0.0,0.0,0.32083747,1
59,129,0.0,0.9729469,0.81385565,0.59560084,2
59,130,0.99828464,0.0,0.0,0.33276156,1
59,131,0.0,0.0,1.4390837,0.47969458,1
59,138,0.0,1.1067687,0.0,0.36892292,1
59,146,0.0,0.0,0.9395992,0.31319976,1
59,149,0.9929537,0.0,0.0,0.3309846,1
59,151,0.0,0.0,0.75381505,0.2512717,1
59,154,0.99812764,0.0,0.0,0.33270922,1
59,167,0.0,0.0,1.3248892,0.44162974,1
59,173,0.0,0.9819735,0.0,0.3273245,1
59,189,0.0,0.0,1.4295646,0.47652155,1
59,194,0.0,0.0,2.0546634,0.6848878,1
59,195,0.9825724,0.0,0.0,0.32752413,1
59,208,0.0,0.0,0.8466106,0.28220356,1
59,218,0.9974992,0.0,0.0,0.33249974,1
59,221,0.0,0.0,1.1994267,0.39980888,1
59,232,0.9962629,0.0,0.0,0.33208764,1
59,233,0.0,0.0,1.287218,0.42907268,1
59,251,0.0,1.0098754,0.0,0.33662516,1
59,259,0.0,0.95282656,0.0,0.31760886,1
59,262,1.055495,0.0,0.0,0.35183167,1
59,268,0.0,1.0039788,0.0,0.33465964,1
59,270,1.0916244,0.0,0.0,0.3638748,1
59,276,0.98068464,0.0,0.0,0.32689488,1
59,284,0.9993167,0.0,0.0,0.33310556,1
59,290,0.0,0.0,0.5780487,0.1926829,1
59,295,0.9644899,0.0,0.0,0.32149664,1
59,296,0.0,0.96969056,0.0,0.3232302,1
59,310,0.0,0.0,0.65981936,0.2199398,1
59,337,0.0,0.9465068,0.0,0.3155023,1
59,339,0.0,1.0238652,0.0,0.34128842,1
59,341,0.0,1.1553398,0.0,0.3851133,1
59,342,0.0,0.99226254,1.4828508,0.82503784,2
59,348,0.0,0.0,1.0726941,0.3575647,1
59,353,0.0,0.0,0.8035286,0.2678429,1
59,362,0.96746916,0.0,0.0,0.32248974,1
59,363,0.0,0.9857107,0.0,0.32857025,1
59,364,0.9925772,0.0,0.0,0.33085907,1
59,368,0.0,1.0036674,0.0,0.3345558,1
59,369,0.98788667,0.0,0.0,0.32929558,1
59,370,0.0,0.9949592,0.0,0.33165306,1
59,371,1.0067729,0.0,0.0,0.33559096,1
59,388,1.0809072,0.0,0.94898087,0.6766294,2
59,390,0.9878522,0.0,0.0,0.32928407,1
59,430,0.0,0.0,1.0506533,0.3502178,1
59,432,0.0,1.118275,0.0,0.37275836,1
59,435,0.0,0.99481744,0.0,0.33160582,1
59,441,0.0,0.94918156,0.0,0.31639385,1
59,443,0.0,1.038522,0.0,0.346174,1
59,453,0.0,0.0,0.6291983,0.20973277,1
59,457,0.0,0.95773584,0.0,0.31924528,1
59,458,0.0,0.0,1.5427502,0.5142501,1
59,469,0.0,1.0169073,0.0,0.3389691,1
59,499,0.0,0.0,0.726892,0.24229734,1
59,503,0.0,0.0,0.88382196,0.29460734,1
59,505,0.0,0.9993996,0.0,0.33313322,1
59,506,0.0,1.0355344,0.0,0.34517813,1
59,508,1.0571522,0.0,0.0,0.35238406,1
60,63,0.0,1.040602,0.0,0.34686732,1
60,75,0.0,0.9426452,0.0,0.31421506,1
60,83,0.0,0.0,0.77099586,0.25699863,1
60,85,0.0,0.0,1.3612862,0.45376205,1
60,89,0.0,1.0597827,0.0,0.35326093,1
60,104,0.96348745,0.0,0.0,0.3211625,1
60,114,0.0,0.0,0.97599125,0.32533044,1
60,130,1.106826,0.0,0.0,0.368942,1
60,131,0.0,0.0,1.7520775,0.58402586,1
60,133,0.9759062,0.0,0.0,0.32530206,1
60,138,1.0395856,0.0,0.0,0.34652853,1
60,139,0.9709951,0.0,0.0,0.32366505,1
60,151,0.0,0.0,1.0556248,0.35187495,1
60,160,0.0,0.93398637,0.0,0.3113288,1
60,167,0.0,0.0,1.4520726,0.48402423,1
60,168,0.0,0.0,0.68412286,0.22804096,1
60,173,0.9779314,0.0,0.0,0.32597715,1
60,175,0.0,0.0,0.65608454,0.21869485,1
60,177,0.9866994,0.0,0.0,0.3288998,1
60,181,0.9835102,0.0,0.0,0.32783675,1
60,187,0.96527237,0.0,0.0,0.32175747,1
60,189,0.0,0.0,1.4150846,0.4716949,1
60,192,0.0,0.9403224,0.0,0.3134408,1
60,193,0.0,0.9352528,0.0,0.31175095,1
60,194,0.0,1.1151185,1.6991303,0.938083,2
60,208,1.0494057,0.0,0.8273156,0.62557375,2
60,213,0.98061854,0.0,0.0,0.32687286,1
60,215,0.0,0.0,0.62179214,0.20726405,1
60,221,0.0,0.0,0.81868744,0.2728958,1
60,225,0.9829269,0.0,0.0,0.32764232,1
60,233,0.0,0.0,1.1219273,0.37397575,1
60,235,0.0,0.95287347,0.0,0.3176245,1
60,242,0.96827996,0.0,0.0,0.32276,1
60,249,0.9829239,0.0,0.0,0.3276413,1
60,255,0.0,0.9557354,0.0,0.31857848,1
60,267,1.0281515,0.0,0.0,0.34271717,1
60,269,0.0,0.97662127,0.0,0.32554042,1
60,270,0.0,1.0788792,0.76627266,0.6150507,2
60,272,0.98176533,0.0,0.0,0.32725513,1
60,277,1.0221136,0.0,0.0,0.34070453,1
60,281,0.95768166,0.0,0.0,0.31922722,1
60,283,0.9545956,0.0,0.0,0.31819856,1
60,290,0.0,0.0,0.89649403,0.29883134,1
60,297,0.0,0.0,0.6971437,0.23238122,1
60,306,0.9894685,0.0,0.0,0.32982284,1
60,309,0.0,0.0,0.59385455,0.19795153,1
60,310,0.0,0.0,0.806123,0.2687077,1
60,332,0.0,0.9335487,0.0,0.31118292,1
60,341,0.0,0.0,0.7289011,0.24296704,1
60,342,0.0,0.0,1.3134195,0.4378065,1
60,343,0.0,0.9291282,0.0,0.30970943,1
60,346,0.98384875,0.0,0.0,0.32794958,1
60,348,0.0,0.0,1.3101027,0.4367009,1
60,352,0.0,1.0619873,0.0,0.35399577,1
60,353,0.0,0.0,0.76026523,0.25342175,1
60,359,0.0,1.0210358,0.0,0.34034526,1
60,365,0.0,0.0,0.82890826,0.27630275,1
60,372,0.9686696,0.0,0.0,0.32288986,1
60,381,0.0,0.0,0.85447973,0.28482658,1
60,386,0.0,0.99024105,0.0,0.33008036,1
60,390,1.010534,0.0,0.0,0.33684468,1
60,398,0.0,1.0961624,0.0,0.3653875,1
60,412,1.0347391,0.0,0.0,0.34491307,1
60,422,0.0,1.0553083,0.0,0.35176945,1
60,430,0.0,0.0,0.94185936,0.31395313,1
60,433,0.0,0.9747844,0.9120746,0.628953,2
60,439,0.9585549,0.0,0.0,0.31951833,1
60,440,0.0,0.9448225,0.0,0.31494084,1
60,455,0.0,0.97140634,0.0,0.3238021,1
60,458,0.0,0.0,1.8062718,0.6020906,1
60,459,1.0031078,0.0,0.0,0.33436927,1
60,465,0.0,0.97499895,0.0,0.32499966,1
60,468,0.0,0.9383892,0.0,0.3127964,1
60,471,0.96190584,0.9915703,0.0,0.6511587,2
60,483,0.0,0.97975004,0.0,0.32658336,1
60,489,0.0,0.0,0.765252,0.255084,1
60,500,1.0158216,0.0,0.0,0.3386072,1
60,503,0.0,0.0,1.1546208,0.3848736,1
60,506,0.0,0.9367585,0.0,0.31225285,1
60,511,0.0,1.0150105,0.0,0.33833683,1
61,63,0.0,0.0,1.1114638,0.37048793,1
61,71,0.0,1.0079522,0.0,0.33598408,1
61,72,0.0,0.0,1.0031862,0.3343954,1
61,82,0.0,0.9331583,0.0,0.31105277,1
61,93,0.0,0.9465219,0.0,0.3155073,1
61,102,0.0,0.96379346,0.0,0.3212645,1
61,107,0.0,1.0095525,0.0,0.3365175,1
61,117,1.0357362,0.0,0.0,0.34524542,1
61,121,0.0,0.998018,0.0,0.3326727,1
61,122,0.0,1.0847682,0.0,0.3615894,1
61,123,1.0107176,0.0,0.0,0.3369059,1
61,128,0.9745674,0.0,0.0,0.3248558,1
61,137,0.0,0.0,1.1354231,0.37847435,1
61,148,0.0,0.0,0.8875389,0.2958463,1
61,152,0.0,1.0221809,0.0,0.34072697,1
61,156,0.0,0.94287145,0.0,0.3142905,1
61,161,1.0757496,0.0,0.0,0.3585832,1
61,163,0.0,0.0,1.2488433,0.4162811,1
61,166,0.0,0.0,1.8812948,0.6270983,1
61,179,0.0,0.0,1.0385222,0.3461741,1
61,191,0.0,1.1926366,0.0,0.39754555,1
61,192,0.0,0.0,1.3159156,0.43863854,1
61,193,0.9641155,0.0,0.0,0.32137185,1
61,195,0.0,0.0,0.73695344,0.24565116,1
61,196,0.0,0.98677707,0.0,0.3289257,1
61,202,0.0,0.0,1.0703428,0.35678095,1
61,207,0.0,0.0,1.5545087,0.5181696,1
61,209,0.0,1.0570371,0.0,0.3523457,1
61,213,0.0,0.0,1.5876952,0.5292318,1
61,220,0.0,0.0,1.8921392,0.6307131,1
61,222,1.0076879,0.0,0.0,0.335896,1
61,224,0.0,0.0,1.6275941,0.5425314,1
61,226,0.95919657,0.0,0.0,0.3197322,1
61,231,0.98794174,0.0,0.0,0.32931393,1
61,233,1.0391811,0.0,0.0,0.3463937,1
61,235,0.0,0.0,0.60946393,0.20315465,1
61,236,0.0,0.0,1.2130729,0.40435764,1
61,237,0.0,0.0,1.0732008,0.3577336,1
61,243,0.9923723,0.0,0.0,0.33079076,1
61,245,0.0,1.0174603,0.0,0.33915347,1
61,247,0.964419,0.0,0.0,0.321473,1
61,249,0.0,1.0302488,0.0,0.34341627,1
61,251,0.0,0.0,0.69608414,0.23202805,1
61,256,0.0,0.95843595,0.0,0.31947866,1
61,258,0.9575075,0.0,0.0,0.31916916,1
61,261,0.9804167,0.95793635,0.0,0.6461177,2
61,273,0.0,0.9614853,0.0,0.32049513,1
61,285,0.96981215,0.0,0.0,0.32327074,1
61,295,0.0,0.9728424,0.0,0.3242808,1
61,297,0.98606426,0.0,0.0,0.32868809,1
61,302,0.0,0.0,1.2569323,0.41897744,1
61,321,0.0,0.0,0.64967614,0.21655872,1
61,325,0.0,0.0,1.8130835,0.6043612,1
61,329,0.97304547,0.0,0.0,0.3243485,1
61,332,0.9680599,0.0,0.0,0.32268664,1
61,337,0.0,0.0,1.0716275,0.35720918,1
61,344,0.0,0.0,1.149534,0.383178,1
61,352,0.0,1.0678854,0.6318456,0.566577,2
61,354,0.0,1.0469941,0.0,0.34899804,1
61,369,0.0,1.0377821,0.0,0.34592736,1
61,371,0.0,1.0727195,0.0,0.35757315,1
61,374,0.0,0.9938388,0.0,0.3312796,1
61,378,0.0,0.9544832,0.0,0.31816107,1
61,382,1.0047382,0.0,0.0,0.33491275,1
61,384,0.98512286,0.0,0.0,0.3283743,1
61,390,0.0,1.0061276,0.0,0.33537588,1
61,393,0.9631174,0.0,0.0,0.32103914,1
61,401,1.0090907,0.0,0.0,0.33636355,1
61,420,0.0,0.9767107,0.0,0.32557023,1
61,425,1.0911498,0.0,0.0,0.3637166,1
61,432,0.9645456,0.0,0.0,0.3215152,1
61,447,1.073607,0.0,0.0,0.357869,1
61,450,0.0,0.98675656,0.0,0.32891887,1
61,454,0.0,1.0101553,0.0,0.33671844,1
61,460,0.0,0.94688624,0.0,0.31562877,1
61,461,0.0,0.0,0.9673511,0.32245037,1
61,473,0.0,0.9481018,0.0,0.31603396,1
61,474,0.0,1.0648302,0.0,0.3549434,1
61,480,1.001248,0.0,1.1525943,0.7179475,2
61,491,0.0,1.1053021,1.4947416,0.8666812,2
61,499,0.0,0.95325476,0.0,0.3177516,1
61,503,0.0,1.0044633,0.0,0.3348211,1
61,506,0.0,0.0,1.1043371,0.3681124,1
61,511,1.0710822,0.0,0.0,0.3570274,1
62,67,0.0,0.0,0.515746,0.17191534,1
62,72,0.98985535,0.0,0.0,0.3299518,1
62,79,0.0,0.96708214,0.0,0.32236072,1
62,80,0.0,0.951166,0.0,0.31705534,1
62,81,0.0,0.982447,0.0,0.32748234,1
62,83,0.0,0.0,0.8504705,0.28349018,1
62,100,0.0,0.0,1.2276869,0.40922898,1
62,101,0.95695734,0.0,0.701506,0.55282116,2
62,105,0.0,0.0,0.9369436,0.31231454,1
62,114,0.9718205,0.0,0.0,0.32394016,1
62,124,0.0,0.0,0.62793654,0.20931219,1
62,127,0.0,0.95727164,0.0,0.31909055,1
62,129,0.0,1.0774947,0.0,0.35916492,1
62,136,0.0,1.0741646,0.0,0.35805488,1
62,139,1.008217,0.0,0.0,0.33607233,1
62,154,0.9650536,0.0,0.0,0.32168454,1
62,157,1.0177912,0.0,0.0,0.33926374,1
62,170,0.0,1.0018435,0.0,0.33394784,1
62,171,0.0,0.0,0.87313884,0.2910463,1
62,178,0.0,0.9683255,0.0,0.3227752,1
62,192,1.0550792,0.0,0.0,0.3516931,1
62,194,0.0,1.2416245,0.0,0.41387483,1
62,199,0.0,0.9551961,0.0,0.3183987,1
62,204,1.0572172,0.0,0.0,0.35240576,1
62,206,0.96261907,0.0,0.0,0.32087302,1
62,211,0.0,0.0,0.82540303,0.27513435,1
62,222,0.0,0.0,1.4672332,0.48907775,1
62,223,0.0,0.9460284,0.0,0.3153428,1
62,224,1.0549401,0.0,0.0,0.35164672,1
62,227,0.98796374,0.0,0.0,0.32932127,1
62,232,0.0,0.0,1.7165532,0.57218444,1
62,244,0.9607334,0.97798556,0.0,0.6462397,2
62,246,0.985138,0.0,0.0,0.32837933,1
62,248,0.96117276,0.0,0.0,0.32039094,1
62,257,0.0,0.0,0.6455044,0.21516815,1
62,265,0.0,1.025042,0.0,0.3416807,1
62,278,0.0,0.97849476,0.0,0.32616493,1
62,279,0.0,0.0,0.5479052,0.18263507,1
62,280,1.0268338,0.0,0.0,0.34227794,1
62,284,1.0214958,0.0,0.0,0.34049863,1
62,295,0.9724463,0.0,0.0,0.32414877,1
62,304,0.9762619,0.0,0.0,0.32542065,1
62,322,0.0,0.0,0.74790686,0.2493023,1
62,329,0.0,0.0,0.5947005,0.19823352,1
62,330,0.0,1.0288604,0.0,0.3429535,1
62,338,0.0,0.9649691,0.0,0.32165638,1
62,343,0.0,1.1589404,0.0,0.3863135,1
62,351,0.0,0.0,0.7231722,0.2410574,1
62,352,0.96177876,0.0,0.0,0.32059294,1
62,359,0.0,0.0,0.57823825,0.19274609,1
62,375,0.9814012,0.0,0.0,0.32713374,1
62,377,0.0,1.0308282,1.011967,0.68093175,2
62,381,0.0,0.9728871,0.0,0.3242957,1
62,390,0.0,0.0,0.61729103,0.20576368,1
62,393,0.9972243,0.0,0.0,0.3324081,1
62,395,0.0,0.94631195,0.0,0.31543732,1
62,398,0.0,1.0097237,0.0,0.33657455,1
62,400,1.0830868,0.0,0.0,0.36102897,1
62,406,0.9709812,0.0,0.0,0.3236604,1
62,412,0.0,0.0,0.9550013,0.31833377,1
62,425,0.0,0.0,0.9839761,0.32799205,1
62,429,0.9593162,0.0,0.0,0.31977206,1
62,436,0.0,0.0,1.0821316,0.36071056,1
62,441,0.0,0.0,0.61731344,0.20577115,1
62,445,0.96989614,0.0,0.0,0.32329872,1
62,455,0.0,0.0,1.193021,0.3976737,1
62,460,0.0,1.0374204,0.0,0.3458068,1
62,462,0.0,0.0,0.883739,0.29457968,1
62,468,0.0,1.0202203,0.0,0.34007344,1
62,471,0.0,0.9484591,0.0,0.31615305,1
62,472,0.0,0.0,0.87869376,0.29289794,1
62,473,0.9865713,0.0,0.0,0.32885712,1
62,474,1.033017,0.0,0.0,0.344339,1
62,475,0.9832847,0.0,0.0,0.3277616,1
62,478,0.0,0.0,0.68923175,0.22974393,1
62,492,0.0,0.96752256,0.0,0.32250753,1
62,504,0.0,0.0,0.55756474,0.18585491,1
62,505,0.0,0.95809597,0.0,0.31936532,1
63,66,0.0,0.0,0.82611835,0.2753728,1
63,71,0.0,1.0174236,0.0,0.33914122,1
63,72,0.0,0.0,1.07412,0.35804003,1
63,74,0.0,0.0,0.8470871,0.28236237,1
63,77,0.0,0.98012733,0.0,0.32670912,1
63,82,0.0,0.0,0.85078484,0.28359497,1
63,88,0.0,0.96660554,0.0,0.32220185,1
63,96,0.0,0.95623,0.0,0.31874335,1
63,101,0.9669267,0.0,0.0,0.3223089,1
63,115,0.0,0.0,0.792133,0.26404434,1
63,117,0.95846885,0.0,0.0,0.31948963,1
63,122,1.0166053,0.0,0.0,0.33886844,1
63,125,0.0,0.0,0.60454607,0.20151536,1
63,133,1.0143248,0.9454143,0.0,0.6532464,2
63,147,0.0,0.0,0.78231555,0.26077187,1
63,148,0.0,0.0,1.0213327,0.34044427,1
63,151,1.0162387,0.0,0.0,0.33874625,1
63,157,1.1412735,0.0,0.0,0.3804245,1
63,158,0.0,0.0,0.64932346,0.21644115,1
63,163,0.0,0.0,1.0438793,0.34795976,1
63,166,0.0,0.0,0.7624763,0.2541588,1
63,179,0.0,0.0,1.5143303,0.5047768,1
63,191,0.9740476,0.0,0.0,0.32468253,1
63,192,0.0,0.0,0.9845218,0.32817394,1
63,195,0.0,0.99272615,0.63255763,0.5417613,2
63,196,0.9671061,0.0,0.0,0.3223687,1
63,197,1.086406,0.0,0.0,0.36213535,1
63,202,0.0,0.0,1.2380142,0.41267142,1
63,208,0.9726024,0.0,0.0,0.3242008,1
63,211,1.0001192,0.0,0.0,0.33337307,1
63,213,0.0,0.0,1.3365668,0.44552228,1
63,218,0.0,0.0,1.0550497,0.35168323,1
63,220,0.0,0.0,1.4344567,0.47815225,1
63,223,0.0,0.0,1.1675727,0.3891909,1
63,230,0.985983,0.0,0.0,0.32866102,1
63,231,0.0,1.0006135,0.0,0.33353782,1
63,235,0.0,0.0,1.2689366,0.42297888,1
63,236,0.0,1.0931611,1.2969286,0.7966966,2
63,237,0.9623415,0.0,1.3863647,0.7829021,2
63,242,0.0,0.0,0.6751255,0.22504184,1
63,244,0.0,0.0,0.5701765,0.19005883,1
63,251,0.0,0.0,1.3087283,0.4362428,1
63,252,0.0,0.0,0.9285486,0.3095162,1
63,257,0.0,0.9340134,0.6054706,0.51316136,2
63,281,0.0,0.9532094,0.0,0.31773648,1
63,283,0.9972504,1.0481795,0.0,0.68181,2
63,286,0.0,0.0,0.8686272,0.2895424,1
63,288,0.0,0.0,0.81504923,0.2716831,1
63,293,0.0,0.9981544,0.0,0.33271813,1
63,295,1.0594724,0.0,0.0,0.3531575,1
63,299,0.0,0.0,0.81765825,0.27255276,1
63,302,0.0,0.0,1.279931,0.42664367,1
63,309,0.0,0.974809,0.0,0.32493633,1
63,314,0.0,0.0,0.7881836,0.2627279,1
63,321,0.0,0.0,1.0787368,0.35957894,1
63,325,0.0,0.9512215,1.0652355,0.6721524,2
63,326,0.0,0.0,1.0114429,0.33714765,1
63,327,0.0,0.0,0.82615215,0.27538407,1
63,337,0.0,0.0,1.1348708,0.37829027,1
63,343,1.0957552,0.0,0.0,0.36525175,1
63,345,0.0,0.95776755,0.0,0.31925586,1
63,351,0.0,0.9539166,0.0,0.3179722,1
63,352,0.0,0.0,0.62725186,0.20908396,1
63,353,0.9801558,0.9571477,0.0,0.64576787,2
63,356,0.9921065,0.0,0.0,0.3307022,1
63,359,1.0363477,0.0,0.0,0.34544927,1
63,373,0.98843336,0.0,0.0,0.3294778,1
63,375,0.9934864,0.0,0.0,0.33116215,1
63,380,1.0473642,0.0,0.0,0.34912142,1
63,390,1.0076793,0.0,0.0,0.33589312,1
63,392,0.0,1.0155858,0.0,0.3385286,1
63,400,0.0,0.0,1.2693663,0.4231221,1
63,403,0.0,1.0166347,0.0,0.33887824,1
63,404,0.0,0.9977579,0.0,0.332586,1
63,411,0.0,0.97541267,0.0,0.32513756,1
63,415,0.0,0.0,0.82282424,0.27427477,1
63,417,0.0,0.95597565,0.0,0.31865856,1
63,419,0.0,0.0,0.7693578,0.25645262,1
63,436,1.0109684,0.0,0.0,0.3369895,1
63,438,0.0,0.0,0.7164045,0.23880151,1
63,444,0.0,0.97707456,0.0,0.32569152,1
63,455,0.0,0.97212607,0.0,0.32404202,1
63,461,0.0,0.0,0.7912599,0.2637533,1
63,464,0.0,1.1047355,0.0,0.36824518,1
63,466,0.0,0.0,0.81152743,0.27050915,1
63,469,0.0,0.0,0.84394634,0.28131545,1
63,474,0.0,0.0,1.1937072,0.39790243,1
63,476,0.9838535,0.0,0.0,0.3279512,1
63,478,0.0,0.0,0.90161514,0.3005384,1
63,480,0.0,0.0,0.7075897,0.23586324,1
63,484,1.0319324,0.0,0.0,0.34397745,1
63,490,0.0,0.0,0.80420256,0.26806754,1
63,491,0.0,0.0,1.9719472,0.65731573,1
63,494,1.0721807,0.0,0.79737383,0.6231849,2
63,506,0.0,0.9596058,1.2915412,0.75038236,2
63,507,0.9734431,0.0,0.0,0.32448104,1
63,510,0.0,0.0,1.0911733,0.36372444,1
64,66,1.0549948,0.0,0.0,0.35166496,1
64,77,0.0,1.0864842,0.0,0.3621614,1
64,84,0.0,0.9685255,0.9319257,0.63348377,2
64,102,1.0364999,0.0,0.0,0.34549996,1
64,114,0.0,1.0051814,0.577938,0.5277065,2
64,141,0.0,0.0,1.1940384,0.39801282,1
64,144,0.0,0.0,1.1003009,0.366767,1
64,152,0.0,1.1232518,0.0,0.37441728,1
64,157,1.0256094,0.0,0.0,0.3418698,1
64,168,0.0,0.98382145,0.0,0.3279405,1
64,178,0.0,0.0,1.2783041,0.4261014,1
64,182,0.0,0.0,0.78971946,0.26323983,1
64,186,0.0,0.9953296,0.0,0.33177656,1
64,189,1.0059694,0.0,0.0,0.33532315,1
64,197,0.0,0.0,1.0256402,0.34188008,1
64,198,0.97669613,0.0,0.0,0.3255654,1
64,205,0.98905975,0.0,0.0,0.32968658,1
64,215,0.0,0.0,0.68124014,0.22708005,1
64,219,0.0,0.0,1.2768092,0.4256031,1
64,220,1.0018656,0.0,0.0,0.33395523,1
64,233,0.0,1.06534,0.0,0.35511336,1
64,254,0.0,0.0,1.0370414,0.34568048,1
64,256,0.0,0.97654545,0.0,0.32551515,1
64,257,0.9788101,0.0,0.0,0.32627004,1
64,262,0.0,0.95168996,0.0,0.31723,1
64,264,0.0,1.0595516,0.86888677,0.6428128,2
64,265,0.0,0.0,1.255823,0.41860768,1
64,273,0.0,1.0096066,0.0,0.33653554,1
64,276,0.0,0.9670123,0.0,0.32233745,1
64,282,0.0,0.0,1.0420244,0.34734148,1
64,283,1.0147423,0.9512758,0.0,0.65533936,2
64,285,0.9830764,0.0,0.0,0.32769215,1
64,287,0.0,1.0085,0.0,0.33616668,1
64,291,1.0138522,1.1072117,0.0,0.70702136,2
64,292,0.0,0.0,0.7813251,0.26044172,1
64,300,0.0,0.95249546,0.0,0.3174985,1
64,303,0.9804952,0.0,0.0,0.32683176,1
64,306,0.0,0.0,1.618179,0.539393,1
64,308,0.0,0.0,0.82822067,0.27607358,1
64,309,1.0368203,0.0,0.0,0.34560677,1
64,313,0.0,1.0134535,0.0,0.33781785,1
64,315,0.0,0.0,1.3573412,0.45244706,1
64,316,0.0,0.9529079,0.0,0.31763598,1
64,317,0.98977673,0.0,0.0,0.3299256,1
64,327,1.0018156,0.0,0.0,0.33393854,1
64,349,0.0,0.0,0.89233667,0.29744557,1
64,362,0.0,0.0,0.94361377,0.31453794,1
64,363,0.0,0.0,1.0016632,0.33388776,1
64,368,0.0,0.98519665,0.90422285,0.6298065,2
64,371,0.0,0.0,0.8568538,0.28561795,1
64,393,0.9924669,0.0,0.0,0.33082232,1
64,394,0.0,0.9925444,0.0,0.33084816,1
64,397,1.0832542,0.0,0.0,0.36108476,1
64,399,0.9697584,0.0,0.0,0.3232528,1
64,404,0.9659244,0.0,0.0,0.3219748,1
64,409,0.0,0.0,1.246344,0.415448,1
64,417,0.0,1.0596701,0.0,0.35322338,1
64,436,0.990417,0.0,0.0,0.330139,1
64,437,1.0285167,0.95470375,0.851475,0.9448985,3
64,439,0.0,0.95819277,0.0,0.3193976,1
64,448,0.96735287,0.0,0.0,0.32245097,1
64,451,0.9666641,0.96615624,0.0,0.64427346,2
64,455,0.0,0.9555039,0.0,0.3185013,1
64,456,1.0010953,0.96567684,0.0,0.6555908,2
64,459,0.997034,0.0,0.93078727,0.6426071,2
64,463,1.008921,0.0,0.0,0.33630702,1
64,467,0.9927555,0.0,0.0,0.3309185,1
64,481,0.96290165,0.0,0.0,0.32096723,1
64,483,0.0,0.0,1.6392051,0.54640174,1
64,492,0.9834431,0.0,0.0,0.32781437,1
64,500,0.0,0.9353571,0.0,0.3117857,1
65,77,0.0,0.0,1.6628731,0.55429107,1
65,85,0.0,0.0,0.65928245,0.21976082,1
65,89,0.0,0.0,0.6560942,0.21869807,1
65,97,0.0,0.0,1.15395,0.38465,1
65,112,1.0163904,0.0,0.0,0.33879682,1
65,114,0.0,0.0,0.58057284,0.19352429,1
65,115,0.0,0.9774157,0.0,0.32580525,1
65,118,0.0,0.0,0.81321615,0.27107206,1
65,120,0.9727616,0.0,0.0,0.32425386,1
65,121,0.0,1.0135729,0.0,0.33785766,1
65,122,0.0,1.0003136,0.0,0.3334379,1
65,136,0.0,1.048567,0.0,0.34952235,1
65,139,0.97810245,0.0,0.0,0.32603416,1
65,140,1.0014219,0.0,0.0,0.33380732,1
65,146,0.99233264,0.0,0.0,0.33077756,1
65,148,0.0,1.0816524,0.0,0.36055082,1
65,152,0.0,0.97771406,0.0,0.3259047,1
65,160,0.0,0.0,0.75308424,0.2510281,1
65,164,0.0,0.0,0.9499951,0.31666505,1
65,167,0.0,0.0,0.74312526,0.24770842,1
65,168,0.0,0.0,0.6355147,0.21183823,1
65,169,0.0,0.9323655,0.0,0.3107885,1
65,176,0.97965676,0.0,0.0,0.32655227,1
65,189,0.0,0.0,0.72529465,0.24176489,1
65,193,0.0,0.95410126,0.0,0.31803375,1
65,195,0.0,1.0673394,0.0,0.35577983,1
65,196,1.0645595,0.0,0.0,0.35485315,1
65,200,0.9653659,0.0,0.0,0.32178864,1
65,235,0.0,0.96528053,0.0,0.32176018,1
65,236,1.0054528,0.0,0.0,0.33515093,1
65,237,1.0526152,0.0,0.0,0.35087174,1
65,256,0.0,0.0,0.84482974,0.28160992,1
65,257,0.0,0.96383643,0.0,0.3212788,1
65,266,1.0320374,0.0,0.0,0.34401247,1
65,267,0.0,1.0454069,0.0,0.348469,1
65,274,0.0,0.96920145,0.0,0.32306716,1
65,277,0.0,0.0,1.2625104,0.4208368,1
65,279,0.0,0.0,0.769919,0.25663966,1
65,283,1.0466977,0.0,0.0,0.34889925,1
65,285,0.0,0.0,0.97409225,0.32469743,1
65,286,0.0,0.9372829,0.0,0.31242764,1
65,289,0.0,0.9759802,1.6709962,0.8823255,2
65,294,0.0,0.95114964,0.0,0.3170499,1
65,296,1.0103104,0.0,0.0,0.33677015,1
65,303,0.99668705,1.0143692,0.0,0.6703521,2
65,304,0.0,0.0,1.0448236,0.34827456,1
65,310,0.0,0.98721594,0.0,0.329072,1
65,311,0.0,0.9770623,0.0,0.32568744,1
65,313,0.0,0.0,0.9136202,0.30454007,1
65,337,0.0,0.99601537,0.0,0.33200514,1
65,338,0.0,0.9570786,0.0,0.3190262,1
65,345,0.0,0.0,0.85229445,0.28409815,1
65,346,0.9787711,0.0,1.0077329,0.662168,2
65,348,0.0,0.0,0.81236833,0.27078944,1
65,351,0.0,0.961623,0.0,0.32054102,1
65,356,0.96461636,0.0,0.0,0.3215388,1
65,382,0.0,0.0,0.6524828,0.21749428,1
65,383,0.0,0.99241763,0.0,0.3308059,1
65,389,0.0,0.0,0.75250614,0.2508354,1
65,394,0.9710102,0.0,0.0,0.3236701,1
65,400,1.005868,0.0,0.0,0.33528933,1
65,413,0.0,0.9646273,0.0,0.32154244,1
65,417,0.0,1.063664,0.0,0.35455465,1
65,421,0.0,1.0168629,0.0,0.3389543,1
65,427,0.9798869,0.9903049,0.0,0.65673065,2
65,436,0.98347783,0.0,0.0,0.32782596,1
65,451,0.9693529,0.0,0.0,0.32311764,1
65,455,0.988061,1.0228028,0.0,0.67028797,2
65,458,0.0,0.0,0.8547276,0.28490922,1
65,459,1.007209,0.0,0.5685918,0.52526695,2
65,464,0.0,1.1037476,0.0,0.36791587,1
65,475,1.022898,0.0,0.0,0.340966,1
65,476,0.0,1.0209849,0.0,0.3403283,1
65,483,0.9668859,0.0,0.0,0.3222953,1
65,493,0.98000675,0.0,0.0,0.32666892,1
65,501,0.97726,0.0,0.0,0.32575333,1
65,504,0.9712227,1.0101805,0.0,0.66046774,2
66,72,0.0,0.0,1.289115,0.429705,1
66,99,0.9952599,0.0,0.0,0.3317533,1
66,102,1.0188528,0.0,0.0,0.3396176,1
66,109,0.98799855,0.0,0.0,0.32933286,1
66,128,0.0,0.0,1.3455739,0.44852465,1
66,146,0.0,0.9735899,0.0,0.32452998,1
66,158,0.0,0.0,0.9619464,0.32064882,1
66,159,0.0,0.98977304,0.0,0.32992435,1
66,162,0.0,0.9868522,0.0,0.32895076,1
66,166,0.0,1.0783815,0.0,0.35946053,1
66,179,0.0,0.0,0.7390513,0.24635044,1
66,186,0.9850069,0.0,0.0,0.32833564,1
66,191,0.97290593,0.0,0.0,0.324302,1
66,195,1.0385936,0.0,0.92742443,0.65533936,2
66,206,0.0,0.9634884,0.0,0.32116282,1
66,212,0.99516696,1.0072494,0.0,0.6674721,2
66,216,0.0,0.941671,0.0,0.31389034,1
66,218,0.0,0.0,0.7390928,0.24636428,1
66,220,0.0,1.0827209,0.0,0.36090696,1
66,221,0.0,0.93922037,1.0312178,0.6568127,2
66,231,0.0,0.94784427,0.0,0.3159481,1
66,235,0.0,0.0,1.1194791,0.3731597,1
66,236,0.0,0.0,0.6932671,0.23108904,1
66,246,0.9845229,0.0,0.0,0.3281743,1
66,249,0.0,0.9505366,0.0,0.31684554,1
66,257,0.0,1.0171084,0.0,0.33903617,1
66,265,0.0,1.0017048,0.0,0.3339016,1
66,268,1.0322756,0.0,0.0,0.34409186,1
66,270,0.0,1.1498715,0.0,0.3832905,1
66,271,0.9757433,0.0,0.0,0.32524776,1
66,284,1.0245448,1.0096867,0.0,0.6780772,2
66,288,0.98436093,0.0,0.0,0.32812032,1
66,300,0.0,0.9919439,0.0,0.33064798,1
66,302,1.0117363,0.0,0.0,0.33724543,1
66,305,0.0,0.97268325,0.0,0.32422775,1
66,311,0.0,0.9639369,0.0,0.3213123,1
66,319,0.96661466,0.0,0.0,0.3222049,1
66,321,1.0286418,0.0,0.60918534,0.5459424,2
66,324,0.98802024,0.0,0.0,0.3293401,1
66,325,0.0,0.0,0.88872373,0.29624125,1
66,326,0.0,0.0,0.7899607,0.26332024,1
66,337,0.0,0.0,1.763532,0.587844,1
66,340,0.0,0.0,1.070472,0.356824,1
66,345,0.0,0.95899403,0.0,0.3196647,1
66,356,0.0,0.93967086,0.0,0.31322363,1
66,367,1.0237685,0.0,0.0,0.3412562,1
66,384,0.0,1.1259618,0.0,0.3753206,1
66,385,0.0,1.1201601,0.0,0.3733867,1
66,387,0.0,0.9959991,0.0,0.33199972,1
66,388,0.98310506,0.0,1.5230631,0.8353894,2
66,391,0.0,0.95232546,0.0,0.31744182,1
66,397,0.9899278,0.0,0.0,0.32997596,1
66,399,1.0190798,0.0,0.0,0.33969328,1
66,410,1.0371336,0.0,0.0,0.3457112,1
66,427,0.0,0.9541764,0.0,0.31805882,1
66,435,0.0,0.0,1.5547792,0.51825976,1
66,449,0.0,1.0313817,0.0,0.34379393,1
66,460,0.0,1.2025046,0.0,0.4008349,1
66,464,0.0,0.0,0.90077835,0.30025947,1
66,466,0.0,0.0,0.7749965,0.2583322,1
66,467,1.0377275,0.0,0.7882404,0.608656,2
66,477,1.0691272,0.0,0.0,0.35637575,1
66,478,0.0,1.0059547,0.0,0.33531827,1
66,480,0.0,0.9616389,1.8402789,0.93397266,2
66,488,0.97004515,0.0,0.0,0.3233484,1
66,491,0.0,0.0,0.7406931,0.2468977,1
66,494,0.0,0.9905275,0.9567757,0.64910114,2
66,505,0.0,0.9885981,0.0,0.3295327,1
66,506,0.0,0.0,0.8193956,0.27313188,1
66,510,0.0,0.0,0.72922224,0.24307409,1
67,72,0.0,0.9428944,0.0,0.31429815,1
67,73,1.0478421,0.0,0.0,0.34928071,1
67,76,0.0,1.0394809,0.0,0.34649366,1
67,77,0.0,0.9844322,0.0,0.32814407,1
67,78,0.0,0.94321537,0.8706001,0.6046052,2
67,80,0.0,0.0,1.3915597,0.46385324,1
67,82,0.9689835,0.0,0.0,0.3229945,1
67,83,0.0,0.0,0.67444855,0.22481619,1
67,88,0.0,0.0,0.75302744,0.25100917,1
67,89,0.97958547,0.0,0.0,0.3265285,1
67,92,0.0,0.0,1.0436614,0.34788713,1
67,97,0.9667378,1.075033,0.0,0.6805903,2
67,100,0.0,0.0,0.721592,0.24053067,1
67,101,0.0,0.0,1.3335314,0.44451046,1
67,105,0.0,0.0,1.3785708,0.45952362,1
67,111,0.0,1.1025317,0.0,0.36751056,1
67,116,0.9763379,0.0,0.0,0.32544598,1
67,118,1.1386667,0.0,0.0,0.37955558,1
67,120,0.97009486,0.0,0.9583348,0.6428099,2
67,124,0.0,0.0,1.6133705,0.5377902,1
67,128,0.0,0.95238984,0.0,0.31746328,1
67,131,0.0,0.96929044,0.0,0.3230968,1
67,150,0.9654291,0.0,0.0,0.3218097,1
67,151,0.0,0.0,1.068199,0.35606635,1
67,152,0.0,0.0,0.7245231,0.24150771,1
67,159,0.0,0.0,0.8530555,0.28435183,1
67,161,0.0,0.0,0.7128527,0.23761758,1
67,171,0.0,0.0,1.0786433,0.3595478,1
67,176,0.9771645,0.0,0.0,0.3257215,1
67,186,0.0,0.0,0.801636,0.267212,1
67,190,0.9914047,0.0,0.0,0.33046824,1
67,203,0.0,0.0,1.1603092,0.38676974,1
67,216,0.0,0.0,1.3158109,0.43860364,1
67,219,0.9633479,0.0,0.0,0.32111597,1
67,222,0.0,1.0756342,1.0118742,0.6958362,2
67,225,0.0,0.9479396,0.0,0.31597987,1
67,227,0.0,0.947674,0.0,0.31589133,1
67,231,0.0,0.9524814,0.0,0.3174938,1
67,232,0.0,0.0,0.7373328,0.2457776,1
67,237,0.0,1.0378866,0.0,0.34596223,1
67,239,0.0,0.0,0.78563416,0.26187807,1
67,270,1.0606447,0.0,0.0,0.35354826,1
67,271,0.0,0.0,1.2470304,0.4156768,1
67,272,1.0049961,0.0,1.3956478,0.80021465,2
67,287,0.0,0.0,1.1240921,0.3746974,1
67,288,0.0,1.0063949,0.0,0.33546495,1
67,293,0.0,0.97987777,0.0,0.32662594,1
67,304,1.0502157,0.0,0.0,0.3500719,1
67,306,0.9642391,0.0,0.0,0.32141304,1
67,308,1.0013683,0.0,0.0,0.33378944,1
67,316,0.0,0.0,0.99150413,0.33050138,1
67,317,0.0,0.0,0.8837336,0.29457787,1
67,322,0.96420103,0.0,1.2607528,0.7416513,2
67,329,0.0,0.0,1.7421286,0.5807096,1
67,332,0.9697504,0.95640653,0.0,0.6420523,2
67,336,1.0077678,0.0,0.0,0.3359226,1
67,341,0.99025625,0.0,0.0,0.33008543,1
67,351,0.96211874,0.0,0.0,0.32070625,1
67,352,1.0560136,0.0,0.0,0.35200453,1
67,355,0.0,0.95981497,0.6500644,0.53662646,2
67,359,0.0,0.0,1.0950565,0.36501884,1
67,361,0.0,0.0,1.6828486,0.56094956,1
67,368,0.98949456,0.0,0.0,0.32983154,1
67,371,0.9989125,0.0,0.0,0.33297086,1
67,377,0.0,0.0,1.1315111,0.37717038,1
67,383,1.0021857,0.0,0.0,0.33406192,1
67,387,1.0267458,0.0,0.9619816,0.66290915,2
67,389,0.9980998,0.0,0.0,0.33269995,1
67,401,0.0,0.9772603,0.0,0.32575345,1
67,404,0.9952117,0.0,0.0,0.33173725,1
67,406,0.0,0.0,1.0062817,0.33542725,1
67,412,0.0,0.0,1.0346992,0.34489974,1
67,417,0.0,0.9630639,0.0,0.32102132,1
67,423,0.0,0.99380636,0.0,0.3312688,1
67,427,0.97305804,0.0,0.0,0.32435268,1
67,436,0.0,0.0,1.1917641,0.3972547,1
67,438,0.9796259,0.0,0.0,0.32654196,1
67,440,1.0069239,0.0,0.0,0.33564132,1
67,441,0.0,0.0,1.4947187,0.49823958,1
67,446,0.0,1.0046979,0.0,0.3348993,1
67,447,0.0,0.0,0.62949765,0.20983255,1
67,449,0.0,0.9843923,0.0,0.32813078,1
67,455,0.0,0.0,1.232554,0.41085133,1
67,464,0.0,0.97525257,0.0,0.3250842,1
67,470,0.0,1.0301683,0.0,0.34338945,1
67,472,0.0,0.0,0.97321236,0.32440412,1
67,478,0.9673083,0.0,0.0,0.3224361,1
67,486,0.0,1.190948,0.0,0.39698267,1
67,488,0.0,1.0531387,0.0,0.35104626,1
67,492,0.0,0.0,0.60110545,0.2003685,1
67,496,0.9623843,0.0,0.0,0.32079476,1
67,501,0.0,0.0,0.56913334,0.18971112,1
67,503,0.97536665,0.0,0.0,0.32512224,1
67,504,0.0,0.0,0.8419331,0.28064436,1
67,510,0.0,1.0981122,0.0,0.36603743,1
68,78,0.0,1.124903,0.0,0.37496766,1
68,81,0.0,1.0909463,0.0,0.36364877,1
68,82,0.9670978,0.0,0.790455,0.58585095,2
68,93,0.0,0.0,1.0895383,0.36317945,1
68,94,0.0,0.0,1.2665657,0.42218858,1
68,104,0.0,0.0,0.6605171,0.22017238,1
68,108,0.0,0.9868232,0.0,0.32894108,1
68,110,0.9960408,0.0,0.0,0.3320136,1
68,128,0.0,0.0,0.72444594,0.24148199,1
68,130,1.0139177,0.0,0.0,0.33797258,1
68,147,0.0,1.0083597,0.0,0.3361199,1
68,154,0.0,0.0,1.436462,0.47882068,1
68,161,0.99039656,0.0,0.0,0.3301322,1
68,169,0.0,0.9984305,0.0,0.33281016,1
68,192,0.0,0.94241357,0.0,0.31413788,1
68,198,0.0,0.0,1.5057933,0.50193113,1
68,199,0.0,0.96115285,0.0,0.3203843,1
68,215,0.0,0.9525895,0.0,0.31752986,1
68,217,0.0,0.0,1.1851324,0.39504415,1
68,223,0.0,0.0,0.7778608,0.25928694,1
68,227,0.0,1.0108944,0.0,0.33696482,1
68,235,0.0,0.9741955,0.0,0.32473183,1
68,239,0.9659164,0.0,0.0,0.32197213,1
68,251,1.1325277,0.0,0.0,0.37750924,1
68,258,0.0,0.0,0.91341895,0.30447298,1
68,259,0.0,0.0,0.8206125,0.27353752,1
68,260,0.0,0.0,1.7512088,0.5837363,1
68,261,0.0,0.0,0.8268937,0.27563125,1
68,265,0.0,0.98707217,0.0,0.32902408,1
68,266,0.0,0.0,1.0272026,0.34240088,1
68,269,0.0,0.97808886,0.0,0.32602963,1
68,272,0.9663016,0.0,0.0,0.32210055,1
68,277,1.0201875,0.0,0.0,0.3400625,1
68,293,0.0,0.0,1.1703111,0.3901037,1
68,299,0.0,1.078495,0.0,0.35949835,1
68,307,0.0,1.2071009,0.0,0.40236697,1
68,308,0.0,0.0,1.0930178,0.3643393,1
68,313,0.98478246,0.0,0.0,0.32826084,1
68,323,0.9998811,0.0,0.8097186,0.60319996,2
68,326,1.04957,0.0,0.0,0.34985667,1
68,333,0.0,0.0,0.8774038,0.29246795,1
68,343,1.0238147,0.0,0.0,0.34127158,1
68,345,1.0053449,0.0,0.0,0.33511496,1
68,350,0.0,0.0,0.78263587,0.26087862,1
68,354,0.9899781,0.0,0.0,0.3299927,1
68,358,0.0,0.0,1.3901246,0.46337485,1
68,360,0.0,0.9634275,0.0,0.3211425,1
68,364,0.9797135,0.0,0.0,0.32657117,1
68,373,0.9855358,0.0,1.2370783,0.7408714,2
68,374,0.0,0.9480401,1.0018045,0.64994824,2
68,375,0.0,1.0009848,0.0,0.33366162,1
68,377,0.0,0.99737513,0.0,0.33245838,1
68,379,0.0,1.002086,0.0,0.3340287,1
68,381,0.0,1.0563627,0.0,0.35212094,1
68,386,0.9958838,0.0,0.0,0.33196127,1
68,389,1.0525852,0.0,0.0,0.35086176,1
68,395,0.0,0.0,0.9722649,0.3240883,1
68,406,1.0228148,0.0,0.0,0.34093827,1
68,407,0.97223556,0.0,0.0,0.32407853,1
68,408,0.0,0.0,1.5201359,0.50671196,1
68,412,0.97294223,0.0,0.0,0.3243141,1
68,414,0.0,0.0,0.86316115,0.28772038,1
68,415,1.0429476,0.0,0.0,0.34764922,1
68,416,0.0,0.0,1.215652,0.40521735,1
68,439,0.0,0.0,0.68836194,0.22945398,1
68,440,0.9672604,0.0,0.0,0.32242015,1
68,444,1.019818,0.0,0.0,0.33993933,1
68,445,0.0,0.0,0.88236505,0.29412168,1
68,446,0.0,0.9668638,0.0,0.32228795,1
68,449,0.0,1.1014303,0.0,0.36714345,1
68,453,0.0,0.97806007,1.2522817,0.7434473,2
68,454,0.0,1.0227432,0.0,0.34091443,1
68,464,0.99535763,0.0,0.0,0.3317859,1
68,468,0.0,0.95444596,0.0,0.31814867,1
68,471,0.0,1.1422074,0.0,0.3807358,1
68,473,0.0,0.0,1.2979094,0.43263647,1
68,477,0.0,0.0,1.3534647,0.45115492,1
68,487,0.0,1.0032334,0.0,0.33441114,1
68,491,0.0,0.9524138,0.0,0.31747127,1
68,497,0.0,0.0,0.6853575,0.2284525,1
68,503,0.0,0.9706573,0.0,0.32355243,1
68,508,0.0,0.97436494,1.2948023,0.75638914,2
69,77,0.0,0.99892944,0.77698666,0.59197205,2
69,78,0.0,0.980254,0.0,0.32675135,1
69,79,0.0,0.9740786,0.0,0.32469288,1
69,85,0.98538667,1.1140046,0.0,0.69979715,2
69,86,0.0,0.0,0.79560983,0.2652033,1
69,94,1.094714,0.0,0.0,0.3649047,1
69,97,0.0,1.0114977,0.0,0.33716592,1
69,118,0.0,0.0,0.9291471,0.30971572,1
69,119,0.0,0.0,0.8469924,0.2823308,1
69,130,0.96065646,0.0,0.75585496,0.5721705,2
69,131,0.0,1.0487924,0.0,0.34959745,1
69,147,0.9960817,0.0,0.0,0.33202726,1
69,148,0.0,0.0,0.6779053,0.22596845,1
69,164,0.0,0.0,1.0373043,0.3457681,1
69,170,0.0,0.0,0.8295681,0.2765227,1
69,171,0.0,0.9415018,0.0,0.31383395,1
69,182,0.9817542,0.0,0.0,0.3272514,1
69,189,0.0,0.0,0.79113364,0.2637112,1
69,191,0.0,0.0,0.6796879,0.22656265,1
69,202,1.0210547,0.0,0.0,0.34035158,1
69,203,0.0,0.0,0.65609187,0.2186973,1
69,210,1.1077482,0.0,0.0,0.3692494,1
69,211,0.0,0.9681406,0.0,0.32271355,1
69,220,1.0602217,0.0,0.0,0.35340723,1
69,226,0.0,0.0,1.1443815,0.38146052,1
69,227,0.0,0.0,0.6407743,0.21359144,1
69,230,0.97720665,0.0,0.0,0.32573557,1
69,231,0.0,0.0,1.2507594,0.4169198,1
69,233,0.0,0.9932495,0.0,0.33108318,1
69,238,0.0,0.0,1.0642452,0.35474843,1
69,239,0.0,0.0,0.68333775,0.22777925,1
69,246,0.99460393,0.0,0.0,0.33153465,1
69,249,0.0,0.0,0.6044822,0.20149407,1
69,256,0.0,0.0,1.2040558,0.40135193,1
69,273,0.95695823,0.0,0.6178569,0.5249384,2
69,279,0.0,0.0,0.9826863,0.3275621,1
69,285,0.0,0.0,0.77953964,0.25984657,1
69,286,0.0,1.0074699,0.0,0.3358233,1
69,287,0.0,0.9485378,0.0,0.31617928,1
69,291,0.0,0.0,1.2609897,0.4203299,1
69,301,0.0,0.9686898,0.0,0.3228966,1
69,304,0.0,0.0,1.239747,0.41324902,1
69,305,0.0,0.9857291,0.0,0.3285764,1
69,313,0.0,0.0,1.6815844,0.56052816,1
69,316,0.0,0.0,0.70292145,0.23430716,1
69,328,0.9752391,0.0,0.0,0.3250797,1
69,332,0.0,0.9661819,0.0,0.32206064,1
69,342,1.0209063,0.0,0.0,0.3403021,1
69,345,1.0090512,0.0,0.0,0.3363504,1
69,353,0.994699,0.0,0.0,0.33156633,1
69,355,0.0,0.9607108,0.0,0.32023695,1
69,356,0.9876517,0.0,0.0,0.32921726,1
69,359,0.9996835,0.0,0.0,0.33322784,1
69,365,0.0,1.1477479,0.0,0.38258263,1
69,370,0.0,0.9586304,0.0,0.31954348,1
69,372,0.983742,0.0,1.059611,0.68111765,2
69,381,0.0,1.0538235,0.0,0.3512745,1
69,382,0.0,0.0,1.8893319,0.6297773,1
69,383,0.0,0.0,1.4256197,0.47520658,1
69,389,1.0285993,0.0,0.0,0.34286642,1
69,391,0.0,1.0137227,0.0,0.33790755,1
69,392,0.0,1.0149361,0.0,0.33831203,1
69,399,0.0,1.0848742,0.0,0.36162472,1
69,402,1.0353044,0.0,0.0,0.34510148,1
69,408,0.9609575,0.0,0.0,0.32031918,1
69,413,0.96790814,0.0,0.0,0.32263607,1
69,426,0.9819207,0.0,0.0,0.32730693,1
69,430,0.0,0.0,0.932298,0.310766,1
69,440,0.0,1.0092764,0.0,0.33642548,1
69,446,0.0,0.0,0.74782234,0.24927412,1
69,450,0.9930008,0.0,0.0,0.33100027,1
69,455,1.1282798,0.0,0.0,0.37609327,1
69,457,1.0169853,0.0,0.0,0.3389951,1
69,463,0.0,0.96542025,0.0,0.32180676,1
69,465,0.0,0.0,0.8202788,0.2734263,1
69,466,0.0,1.1293403,0.0,0.37644678,1
69,468,0.9778259,0.0,0.0,0.32594198,1
69,469,0.0,0.93440276,0.0,0.3114676,1
69,470,0.0,0.0,0.7897312,0.26324373,1
69,471,0.9693412,0.0,0.0,0.32311374,1
69,475,1.0238876,0.0,0.0,0.3412959,1
69,478,0.0,0.9806323,0.0,0.32687744,1
69,501,0.0,0.0,0.642191,0.21406367,1
69,504,1.1273793,0.0,0.0,0.3757931,1
69,508,0.0,0.0,0.7622699,0.25408998,1
70,88,0.0,1.0085802,0.0,0.3361934,1
70,90,0.0,0.9787508,0.0,0.32625028,1
70,93,0.0,0.9341593,0.0,0.31138644,1
70,98,0.0,0.0,0.82707405,0.27569136,1
70,109,0.9848903,0.0,0.0,0.32829678,1
70,113,0.0,0.0,0.6241617,0.20805392,1
70,125,0.9700598,0.0,0.0,0.3233533,1
70,126,0.0,0.0,1.4053589,0.468453,1
70,132,1.0297589,0.0,0.0,0.343253,1
70,133,0.0,0.0,0.9987861,0.33292872,1
70,142,0.0,0.0,1.284715,0.42823836,1
70,150,0.0,0.0,1.6079456,0.5359819,1
70,157,0.0,0.0,0.93687123,0.31229043,1
70,163,0.97657055,0.0,0.0,0.32552353,1
70,172,0.0,1.0041921,0.0,0.3347307,1
70,176,0.0,0.0,1.318383,0.439461,1
70,180,0.0,0.0,1.8395853,0.6131951,1
70,188,0.0,0.9973203,0.0,0.3324401,1
70,201,0.968124,0.0,0.0,0.322708,1
70,213,0.9884267,0.0,0.0,0.32947558,1
70,215,0.0,1.0804336,0.0,0.36014456,1
70,220,0.98617256,0.0,0.0,0.3287242,1
70,225,0.0,0.9802055,0.0,0.32673517,1
70,228,0.0,0.9552121,0.0,0.31840405,1
70,229,0.0,0.96332765,0.0,0.32110924,1
70,232,0.0,1.054279,0.0,0.35142633,1
70,236,1.019759,0.0,0.0,0.3399197,1
70,247,0.0,1.0999674,0.0,0.3666558,1
70,253,0.0,0.9448507,0.0,0.31495023,1
70,271,0.0,0.9745382,0.0,0.3248461,1
70,273,0.0,1.0316612,0.0,0.34388706,1
70,281,0.0,0.0,0.84791255,0.28263754,1
70,286,0.0,0.9526073,0.0,0.31753576,1
70,290,0.0,1.0340629,0.0,0.34468764,1
70,291,1.0007709,0.0,0.0,0.33359033,1
70,292,0.0,0.0,0.62436473,0.20812158,1
70,295,0.0,0.0,0.7882404,0.2627468,1
70,309,0.0,0.0,1.1923153,0.39743847,1
70,318,0.96745545,0.0,1.3874791,0.78497815,2
70,320,0.0,0.94653195,0.0,0.31551066,1
70,326,0.0,0.9938727,0.0,0.3312909,1
70,328,0.984568,0.0,0.0,0.32818934,1
70,330,0.0,0.0,0.89082205,0.29694068,1
70,331,1.0029287,0.0,0.0,0.33430958,1
70,332,0.0,0.0,1.7566552,0.58555174,1
70,340,0.96347475,0.9413021,0.0,0.6349256,2
70,343,0.9680183,0.0,0.0,0.32267278,1
70,349,1.0272768,0.0,0.0,0.34242558,1
70,351,0.0,0.9467953,0.0,0.31559843,1
70,353,0.9996823,0.0,0.0,0.33322746,1
70,354,0.0,0.95328337,0.0,0.31776112,1
70,369,0.0,0.0,0.6365591,0.21218638,1
70,375,0.0,0.0,1.1713302,0.3904434,1
70,390,1.0019195,0.0,0.0,0.33397317,1
70,395,0.0,0.9832302,0.0,0.3277434,1
70,397,0.0,0.0,1.0343684,0.34478948,1
70,400,0.0,1.0520365,0.0,0.35067886,1
70,401,0.9710228,0.0,0.0,0.32367426,1
70,405,0.0,0.0,0.8849048,0.29496828,1
70,406,0.0,1.0613548,0.0,0.35378492,1
70,413,0.0,0.9829117,0.0,0.32763726,1
70,416,0.0,0.0,0.69338506,0.23112836,1
70,420,0.0,1.0385056,0.0,0.34616852,1
70,422,0.0,0.0,0.84518033,0.28172678,1
70,431,0.0,0.9392499,0.0,0.3130833,1
70,437,0.0,0.0,0.70006293,0.23335432,1
70,444,0.95961154,0.9682523,0.95697224,0.96161205,3
70,464,0.96943897,0.0,0.0,0.32314634,1
70,477,0.989057,0.0,0.0,0.3296857,1
70,481,0.99966854,0.0,0.0,0.33322287,1
70,482,0.0,0.0,0.94744813,0.31581604,1
70,484,0.98284733,0.0,0.0,0.3276158,1
70,491,1.0028588,0.0,0.0,0.33428627,1
70,496,0.0,0.0,0.8002341,0.2667447,1
70,498,0.0,1.0245807,0.0,0.34152693,1
70,507,0.0,0.0,1.2295742,0.40985808,1
71,73,0.0,0.9378501,0.0,0.3126167,1
71,83,0.0,0.94894713,0.0,0.3163157,1
71,84,0.0,0.94252855,0.0,0.3141762,1
71,90,0.0,0.95865667,0.0,0.31955224,1
71,92,0.98138803,0.0,0.0,0.32712936,1
71,121,0.0,0.94200337,0.0,0.31400114,1
71,122,1.0344999,0.0,0.0,0.3448333,1
71,125,0.996148,0.0,0.0,0.33204934,1
71,140,0.98862123,0.0,0.0,0.32954043,1
71,148,0.9880483,0.0,0.0,0.32934946,1
71,150,0.9833392,0.0,0.0,0.32777974,1
71,155,0.0,1.0453951,0.0,0.34846506,1
71,180,0.0,1.0740713,0.0,0.35802376,1
71,182,0.0,1.0057416,0.0,0.33524722,1
71,192,0.98118466,0.0,0.0,0.32706156,1
71,195,0.0,0.9665822,0.0,0.32219407,1
71,204,0.98538905,0.0,0.0,0.32846302,1
71,210,0.96262807,0.0,0.0,0.32087603,1
71,227,0.0,1.0256155,0.0,0.34187183,1
71,229,0.99841607,0.0,0.0,0.33280537,1
71,239,0.9960954,0.0,0.0,0.33203182,1
71,245,0.0,0.93962777,0.0,0.31320927,1
71,246,1.1033512,0.0,0.0,0.36778376,1
71,251,1.023804,0.0,0.0,0.341268,1
71,258,0.0,0.9503005,0.0,0.31676686,1
71,264,0.98239,0.0,0.0,0.32746333,1
71,292,0.0,1.0229802,0.0,0.3409934,1
71,295,0.0,0.96885437,0.0,0.32295147,1
71,316,0.0,0.95548934,0.0,0.31849647,1
71,323,0.0,1.0548402,0.0,0.3516134,1
71,328,0.0,0.9960659,0.0,0.33202198,1
71,344,1.0126241,0.0,0.0,0.3375414,1
71,347,1.0064998,0.0,0.0,0.33549994,1
71,349,0.0,0.95802313,0.0,0.31934106,1
71,373,0.0,1.0107759,0.0,0.33692533,1
71,378,0.0,1.0256518,0.0,0.34188396,1
71,380,1.0353492,0.0,0.0,0.34511644,1
71,383,1.0323857,0.0,0.0,0.34412858,1
71,416,0.9814814,0.0,0.0,0.32716048,1
71,424,1.0524055,0.0,0.0,0.35080183,1
71,448,0.0,0.98414284,0.0,0.32804763,1
71,455,1.0225649,0.0,0.0,0.34085497,1
71,463,1.0816137,0.0,0.0,0.3605379,1
71,464,1.0025544,0.0,0.0,0.33418483,1
71,468,0.0,0.98609996,0.0,0.3287,1
71,482,0.0,1.0006902,0.0,0.33356342,1
71,484,0.99879,0.95879376,0.0,0.6525279,2
71,485,0.0,1.0354992,0.0,0.34516641,1
71,501,0.9775201,0.0,0.0,0.32584006,1
71,503,1.0247244,0.971985,0.0,0.6655698,2
71,507,0.0,1.0513933,0.0,0.35046443,1
72,74,0.0,0.0,0.8783369,0.29277897,1
72,75,0.0,1.0167185,0.0,0.33890617,1
72,76,0.0,0.9503644,0.0,0.31678814,1
72,102,0.97231376,0.0,0.0,0.3241046,1
72,104,0.98893195,0.0,0.0,0.329644,1
72,110,0.0,0.94338006,0.0,0.31446004,1
72,115,0.9896125,0.0,0.0,0.32987085,1
72,116,0.0,0.97505796,0.0,0.32501933,1
72,121,0.96996504,0.0,0.0,0.3233217,1
72,127,1.0036216,0.0,0.0,0.33454055,1
72,128,0.0,1.0880501,0.0,0.3626834,1
72,136,1.048282,0.0,0.0,0.34942734,1
72,145,1.0056586,0.0,0.0,0.33521956,1
72,151,0.0,0.94033456,0.0,0.31344485,1
72,154,0.0,1.0748205,0.0,0.3582735,1
72,158,0.0,0.0,1.9387304,0.64624345,1
72,165,0.9626239,0.0,0.0,0.32087463,1
72,170,0.97893745,0.0,0.0,0.32631248,1
72,179,0.0,0.0,1.720376,0.5734587,1
72,181,0.0,1.0082971,0.0,0.33609903,1
72,206,0.0,0.9627702,0.0,0.32092342,1
72,210,0.0,1.0023031,0.0,0.33410105,1
72,213,0.9648804,0.0,0.0,0.3216268,1
72,218,0.0,0.0,1.7898753,0.5966251,1
72,226,0.0,0.97839093,0.0,0.32613033,1
72,227,0.9845836,1.1437724,0.0,0.70945203,2
72,228,0.99113923,0.0,0.0,0.33037975,1
72,231,0.9720903,0.0,0.0,0.3240301,1
72,235,0.0,0.0,1.594323,0.53144103,1
72,236,0.0,0.0,0.7727304,0.25757682,1
72,239,0.0,0.95249176,0.0,0.31749725,1
72,242,1.0063602,0.9479972,0.0,0.6514525,2
72,244,1.0309113,0.0,0.4825211,0.5044775,2
72,246,0.99438244,0.0,0.0,0.33146083,1
72,251,1.0093789,1.173901,0.0,0.72775996,2
72,261,1.0044317,0.0,0.0,0.33481058,1
72,283,1.0078614,0.0,0.0,0.3359538,1
72,285,0.0,1.0980834,0.0,0.3660278,1
72,288,0.0,1.027593,0.0,0.34253103,1
72,292,0.0,0.94170314,0.0,0.31390107,1
72,297,0.0,0.9445962,0.0,0.3148654,1
72,307,1.0336864,0.0,0.0,0.34456214,1
72,314,0.9827565,0.0,0.7228675,0.56854135,2
72,318,0.96619,0.0,0.0,0.32206333,1
72,321,0.0,0.0,1.4457527,0.4819176,1
72,323,0.0,0.0,0.582938,0.19431268,1
72,324,0.0,0.94457656,0.0,0.31485885,1
72,325,0.0,0.0,0.8828712,0.29429042,1
72,326,0.0,0.0,1.0974602,0.36582005,1
72,327,0.98707443,0.0,0.0,0.32902482,1
72,336,1.0204301,0.0,0.0,0.34014338,1
72,337,0.0,0.0,1.070103,0.35670102,1
72,339,1.051336,0.0,0.0,0.35044536,1
72,340,0.0,0.0,1.2950127,0.4316709,1
72,342,0.0,1.1660428,0.0,0.38868093,1
72,343,0.0,0.0,0.7800721,0.26002404,1
72,352,0.0,0.0,0.57500005,0.19166669,1
72,359,1.0023345,0.0,0.0,0.3341115,1
72,360,0.0,1.0491407,0.0,0.34971356,1
72,370,0.0,0.0,0.91977865,0.30659288,1
72,375,1.0318373,0.0,0.0,0.3439458,1
72,396,0.0,0.9517237,0.0,0.31724125,1
72,414,0.0,0.9686176,0.0,0.32287255,1
72,416,0.0,0.0,0.73426425,0.24475476,1
72,419,0.0,1.0189724,0.0,0.3396575,1
72,427,0.0,0.99224937,0.0,0.3307498,1
72,432,0.0,1.0375167,0.0,0.3458389,1
72,441,0.0,0.97979033,0.0,0.3265968,1
72,461,0.0,0.0,1.2265843,0.40886146,1
72,474,0.0,1.0775434,0.0,0.35918114,1
72,480,0.0,1.0016756,0.933318,0.6449979,2
72,484,0.9681175,0.0,0.0,0.32270584,1
72,491,0.0,0.0,0.87524164,0.2917472,1
72,494,0.0,0.0,1.4567201,0.48557338,1
72,497,0.0,0.0,0.6127796,0.20425987,1
72,506,0.0,0.0,1.7108642,0.57028806,1
72,508,0.0,0.0,0.7479045,0.2493015,1
72,510,0.0,0.0,1.8288379,0.60961264,1
72,511,0.9668194,0.0,0.0,0.32227314,1
73,74,0.96364015,0.0,0.0,0.3212134,1
73,76,0.0,0.9737057,0.0,0.32456857,1
73,79,0.0,0.0,0.8720307,0.2906769,1
73,83,0.0,0.0,1.0348281,0.3449427,1
73,84,0.9967623,0.0,0.0,0.3322541,1
73,85,0.9672895,0.0,0.0,0.32242984,1
73,86,0.0,0.93390447,0.0,0.3113015,1
73,87,1.0053807,0.0,0.0,0.33512694,1
73,88,0.0,0.94110197,0.0,0.31370068,1
73,97,0.9657034,0.0,0.0,0.32190114,1
73,99,0.9620335,0.0,0.0,0.32067785,1
73,112,0.0,0.0,1.3793252,0.45977506,1
73,116,1.0342814,0.0,0.0,0.34476048,1
73,135,0.0,0.0,1.7199982,0.5733328,1
73,136,0.96745455,0.0,0.0,0.32248485,1
73,137,0.96083164,0.0,0.0,0.3202772,1
73,140,0.0,0.0,1.0025363,0.33417878,1
73,142,0.98201466,1.0556717,0.0,0.6792288,2
73,144,0.0,1.0597255,0.0,0.35324186,1
73,149,0.0,0.0,0.7832781,0.26109272,1
73,156,0.0,0.0,1.4735725,0.49119085,1
73,159,0.0,0.951115,0.0,0.31703836,1
73,163,0.0,1.0057415,0.0,0.33524716,1
73,167,0.9746996,0.0,0.0,0.32489988,1
73,180,0.0,1.0760642,0.0,0.3586881,1
73,181,1.0074645,0.0,1.6339633,0.880476,2
73,186,1.0118394,0.9814972,0.0,0.6644455,2
73,196,0.0,0.0,1.8789879,0.6263293,1
73,199,0.0,0.0,1.2399058,0.41330194,1
73,201,0.99496293,0.0,0.0,0.3316543,1
73,208,0.9749022,0.0,0.0,0.3249674,1
73,210,0.0,0.96961,0.8024699,0.5906933,2
73,215,0.9699242,0.0,0.0,0.32330808,1
73,218,0.0,0.9301663,0.0,0.31005543,1
73,219,0.9607158,0.0,0.0,0.3202386,1
73,228,0.0,0.0,1.7705687,0.5901896,1
73,238,0.96526104,0.0,0.0,0.32175368,1
73,239,0.95957327,0.0,0.0,0.31985778,1
73,240,0.0,0.0,0.73842406,0.24614136,1
73,241,0.97374403,0.0,0.803984,0.592576,2
73,242,0.0,1.1285077,0.0,0.37616926,1
73,253,1.0015348,0.0,0.0,0.33384496,1
73,257,0.9809019,0.0,0.0,0.3269673,1
73,259,0.0,0.0,0.8382221,0.27940738,1
73,262,0.0,0.0,0.7559581,0.25198603,1
73,265,1.0079204,0.0,0.0,0.33597347,1
73,268,1.0719852,0.0,0.0,0.35732841,1
73,269,0.0,0.0,1.007092,0.33569735,1
73,270,1.0510625,0.0,0.0,0.35035416,1
73,271,0.99898404,0.0,0.0,0.3329947,1
73,274,0.0,0.0,1.3636175,0.45453918,1
73,276,0.0,0.0,0.7695322,0.25651073,1
73,278,0.0,0.0,0.91762316,0.3058744,1
73,281,0.0,0.9765294,0.0,0.32550982,1
73,284,0.0,0.0,0.7896286,0.26320955,1
73,291,0.0,0.9416038,0.0,0.31386793,1
73,297,1.0334171,0.0,0.0,0.34447238,1
73,299,1.0579286,0.0,0.0,0.35264286,1
73,300,0.0,0.9506787,1.3659837,0.77222085,2
73,304,1.0605475,0.0,0.0,0.35351583,1
73,311,0.0,0.0,1.5527737,0.51759124,1
73,315,1.0221292,1.0007559,0.0,0.67429507,2
73,322,0.0,0.0,0.65597016,0.21865672,1
73,339,0.0,0.95286274,0.0,0.31762093,1
73,342,1.0817325,0.0,0.0,0.36057752,1
73,347,0.0,0.0,1.377893,0.45929766,1
73,348,0.0,0.9907761,0.0,0.33025873,1
73,351,1.000961,0.0,0.0,0.33365366,1
73,352,0.97050536,0.0,0.0,0.3235018,1
73,361,0.0,0.99934053,0.0,0.33311352,1
73,366,0.0,0.0,1.4844948,0.49483162,1
73,381,1.000662,0.0,0.0,0.333554,1
73,382,0.0,0.9360877,0.0,0.31202924,1
73,386,0.0,0.0,0.8414952,0.28049842,1
73,387,0.0,1.0721056,0.0,0.35736856,1
73,392,0.0,0.0,1.4592694,0.48642313,1
73,393,0.0,1.0340761,0.0,0.34469205,1
73,401,0.0,0.0,0.5677257,0.18924192,1
73,407,0.9693138,0.0,0.0,0.32310462,1
73,409,0.9573931,0.0,0.0,0.31913105,1
73,411,0.0,0.0,0.7801894,0.26006314,1
73,413,0.0,1.0659187,1.1930381,0.7529856,2
73,417,0.0,0.0,0.9587274,0.31957582,1
73,421,0.0,0.9536318,0.0,0.3178773,1
73,426,0.0,0.0,1.2461383,0.41537946,1
73,427,0.0,0.0,1.9880537,0.66268456,1
73,433,0.0,0.0,1.5434645,0.5144882,1
73,440,0.972676,0.0,0.0,0.32422534,1
73,441,0.0,0.0,1.0438048,0.34793493,1
73,442,0.0,0.9797926,0.0,0.32659754,1
73,447,0.99759203,0.0,0.0,0.33253068,1
73,449,0.0,0.0,1.08977,0.36325666,1
73,451,0.0,0.0,0.94994646,0.31664884,1
73,457,0.0,0.0,1.1803926,0.3934642,1
73,479,0.0,0.94399184,0.0,0.31466395,1
73,488,0.0,0.9973488,0.0,0.33244962,1
73,489,0.0,0.0,0.7884259,0.26280865,1
73,499,0.9968163,0.0,0.0,0.3322721,1
73,511,0.0,0.0,0.8090873,0.26969576,1
74,78,0.0,1.0336561,0.0,0.34455204,1
74,82,0.0,0.0,0.8092631,0.26975438,1
74,87,0.0,1.0412707,0.0,0.34709024,1
74,94,0.0,1.0066432,0.0,0.33554775,1
74,96,0.0,0.0,0.8620114,0.28733712,1
74,97,1.0592961,0.0,0.0,0.35309872,1
74,102,0.0,1.0082741,0.0,0.33609137,1
74,114,0.0,0.93670285,0.0,0.31223428,1
74,115,0.0,0.9529607,1.2592052,0.7373887,2
74,116,1.037554,0.0,0.0,0.34585136,1
74,128,1.0732738,0.0,0.0,0.35775793,1
74,133,1.0538136,0.0,0.0,0.3512712,1
74,137,0.0,0.9359557,0.0,0.31198525,1
74,158,0.0,0.0,1.0188375,0.33961248,1
74,167,1.043552,0.0,0.0,0.34785068,1
74,168,1.0309412,0.0,0.0,0.3436471,1
74,169,0.99712825,0.0,0.0,0.3323761,1
74,179,0.0,0.0,1.2627683,0.42092276,1
74,183,0.0,0.0,0.74372864,0.24790955,1
74,191,1.0527143,0.0,0.0,0.3509048,1
74,201,0.0,0.0,0.68049395,0.22683132,1
74,205,0.0,0.0,1.1871128,0.39570427,1
74,208,0.9970182,0.0,0.0,0.3323394,1
74,213,1.0116667,0.0,0.0,0.33722222,1
74,218,0.0,0.0,1.6114186,0.53713953,1
74,221,0.9725042,0.0,0.0,0.3241681,1
74,223,0.0,0.0,1.1542193,0.38473976,1
74,233,1.0196464,0.0,0.0,0.33988214,1
74,235,0.0,0.0,0.86876047,0.28958684,1
74,238,0.0,0.9678599,0.0,0.32261997,1
74,239,0.0,0.94552827,0.0,0.3151761,1
74,243,1.0296065,0.0,0.0,0.34320217,1
74,244,0.0,0.0,0.7892903,0.26309678,1
74,249,0.0,0.9433347,0.0,0.3144449,1
74,252,0.0,0.0,1.406752,0.46891734,1
74,261,0.97525084,0.0,0.0,0.3250836,1
74,268,1.0066448,0.0,0.0,0.33554828,1
74,269,1.0052114,0.0,0.0,0.33507046,1
74,272,0.98742366,0.0,0.0,0.32914123,1
74,275,0.97022325,0.0,0.0,0.32340777,1
74,283,0.0,0.9676646,0.0,0.3225549,1
74,285,0.9713127,0.0,0.0,0.3237709,1
74,286,0.0,0.0,1.4403031,0.48010105,1
74,292,0.9751526,0.0,0.0,0.3250509,1
74,307,0.0,1.024075,0.0,0.34135836,1
74,314,0.0,0.0,1.0240616,0.34135386,1
74,315,0.9660416,0.0,0.0,0.32201388,1
74,316,0.0,1.0322095,0.0,0.34406984,1
74,321,0.0,0.0,1.37942,0.45980668,1
74,326,0.0,0.0,0.679244,0.22641467,1
74,327,0.0,0.0,0.8069186,0.26897287,1
74,328,0.0,0.0,0.72718185,0.24239396,1
74,331,1.1224099,0.0,0.0,0.37413666,1
74,336,0.0,0.0,0.8902149,0.29673833,1
74,340,0.0,0.0,0.94386566,0.3146219,1
74,342,0.9804826,0.0,0.0,0.32682753,1
74,343,0.0,0.0,1.3625871,0.4541957,1
74,349,0.0,0.9364602,0.0,0.3121534,1
74,352,0.97219956,0.0,0.71220785,0.56146914,2
74,353,0.0,1.0555423,0.0,0.35184747,1
74,360,0.0,1.1405243,0.7609381,0.6338208,2
74,370,0.0,0.0,1.5152243,0.5050748,1
74,392,0.9692886,0.0,0.0,0.32309622,1
74,403,0.0,0.0,1.1356465,0.37854883,1
74,409,0.0,0.95406693,0.73251957,0.56219554,2
74,410,0.0,0.0,0.82983834,0.2766128,1
74,416,0.0,0.0,0.8476861,0.28256205,1
74,423,0.0,0.9891897,0.0,0.3297299,1
74,426,0.0,0.9959704,0.0,0.33199015,1
74,432,0.0,0.9400377,0.0,0.3133459,1
74,434,0.9922926,0.0,0.0,0.3307642,1
74,435,0.0,1.0373256,0.0,0.34577522,1
74,438,0.0,0.98523873,0.0,0.32841292,1
74,450,0.0,1.0454525,0.0,0.34848416,1
74,456,0.0,0.0,0.86587906,0.28862637,1
74,461,0.0,1.0150547,0.0,0.33835158,1
74,467,1.1057507,0.0,0.0,0.36858356,1
74,478,0.0,0.0,0.6852043,0.22840145,1
74,491,0.0,0.0,0.64318556,0.2143952,1
74,494,0.0,0.0,1.0237235,0.34124118,1
74,495,0.9715658,0.0,0.0,0.32385528,1
74,496,0.0,0.9770257,0.0,0.32567525,1
74,502,0.0,1.0132382,0.0,0.33774608,1
74,506,0.0,0.0,0.9516056,0.31720188,1
74,510,0.0,0.0,1.3234222,0.44114074,1
75,76,0.0,0.97234774,0.0,0.32411593,1
75,80,0.9749394,0.0,0.0,0.3249798,1
75,84,0.0,0.0,1.2680904,0.4226968,1
75,85,0.989838,0.0,0.0,0.329946,1
75,88,0.0,0.95918936,0.0,0.3197298,1
75,99,0.97654355,0.0,0.0,0.32551453,1
75,104,0.0,0.0,0.8741164,0.29137215,1
75,105,1.0510148,0.0,0.0,0.35033828,1
75,106,0.0,0.93890965,0.0,0.3129699,1
75,107,0.0,0.0,0.94717026,0.31572342,1
75,108,0.0,0.0,0.90553373,0.3018446,1
75,110,0.0,1.0398473,0.0,0.34661576,1
75,111,1.0645528,0.0,0.0,0.35485095,1
75,113,1.0190327,0.0,0.0,0.33967757,1
75,114,0.0,0.0,1.0184934,0.3394978,1
75,125,0.0,0.94690645,0.0,0.3156355,1
75,127,1.0295447,0.9676219,0.0,0.66572225,2
75,128,0.0,0.9603844,0.0,0.32012814,1
75,129,0.96556294,0.0,0.0,0.32185432,1
75,141,0.0,0.9367455,0.0,0.31224853,1
75,144,0.0,1.0407882,0.0,0.3469294,1
75,145,0.0,0.0,0.657057,0.219019,1
75,151,0.0,0.0,0.9955756,0.33185855,1
75,158,0.0,0.99353623,0.0,0.33117875,1
75,159,0.98120284,0.0,0.0,0.3270676,1
75,160,0.0,0.9705052,0.0,0.32350174,1
75,162,1.035481,0.0,0.0,0.34516034,1
75,165,0.0,0.0,0.64013743,0.21337914,1
75,168,0.998932,0.0,0.0,0.33297735,1
75,169,0.0,0.9413933,1.1187451,0.6867128,2
75,175,0.0,0.0,1.2019861,0.40066203,1
75,184,0.0,1.0242401,1.1453841,0.72320807,2
75,186,1.0099691,0.0,0.0,0.3366564,1
75,200,0.9743696,0.0,0.0,0.32478988,1
75,205,0.0,1.021106,0.0,0.3403687,1
75,208,0.0,1.038857,1.0431408,0.6939993,2
75,219,0.0,0.0,0.9130225,0.30434084,1
75,221,0.0,1.0695646,0.0,0.35652155,1
75,236,0.0,0.92526376,0.0,0.30842125,1
75,237,1.0251774,0.0,0.0,0.3417258,1
75,239,1.0604448,0.0,0.0,0.35348162,1
75,243,0.97264814,0.0,0.0,0.32421607,1
75,249,0.9670562,0.0,0.0,0.32235208,1
75,258,0.0,0.0,0.9721604,0.32405347,1
75,261,0.0,1.0363284,0.0,0.34544283,1
75,270,0.0,0.9723129,0.0,0.3241043,1
75,282,0.0,1.0960453,0.7104243,0.6021565,2
75,290,0.0,0.0,1.4790916,0.49303055,1
75,291,0.0,0.98355,0.0,0.32785,1
75,293,1.0322638,0.0,0.0,0.34408793,1
75,298,0.0,0.9344725,0.0,0.31149083,1
75,299,0.0,1.07937,0.0,0.35979003,1
75,301,0.0,0.0,0.7430941,0.24769804,1
75,305,0.0,0.96922797,0.0,0.323076,1
75,319,0.9941185,0.0,0.0,0.33137286,1
75,320,0.0,0.0,0.7026037,0.23420124,1
75,334,0.0,0.0,0.9147,0.3049,1
75,335,0.9642077,0.0,0.0,0.32140258,1
75,341,0.0,0.0,1.1251198,0.37503994,1
75,342,0.0,1.0193348,0.0,0.33977827,1
75,345,1.0300848,0.0,0.0,0.34336162,1
75,349,1.0048016,0.0,0.0,0.33493388,1
75,350,0.0,0.0,0.8534672,0.2844891,1
75,351,0.0,0.0,0.9718577,0.3239526,1
75,356,0.0,0.0,1.0875338,0.36251128,1
75,357,0.0,0.9874449,0.0,0.3291483,1
75,363,0.0,0.0,1.3490201,0.44967338,1
75,381,0.0,0.0,1.0941267,0.3647089,1
75,389,0.0,1.0587127,0.0,0.35290426,1
75,391,0.0,0.0,1.5596545,0.5198848,1
75,394,0.0,0.0,1.3399407,0.4466469,1
75,402,0.0,0.955978,0.0,0.31865934,1
75,403,0.0,0.9713363,0.0,0.32377878,1
75,406,1.021933,1.045821,0.0,0.6892513,2
75,425,0.0,0.9765483,0.0,0.3255161,1
75,426,0.97919375,0.0,0.0,0.32639793,1
75,428,0.97613335,0.0,0.0,0.3253778,1
75,444,0.0,0.9602805,0.0,0.3200935,1
75,448,0.0,0.0,1.103918,0.36797267,1
75,454,0.0,0.9513945,0.0,0.31713152,1
75,465,0.0,0.96649224,0.0,0.3221641,1
75,466,0.99011576,0.0,0.0,0.3300386,1
75,472,0.98131233,0.0,0.0,0.32710412,1
75,490,0.0,0.955749,0.0,0.318583,1
75,499,0.974526,0.0,0.0,0.324842,1
75,503,0.0,0.0,0.7786877,0.25956258,1
75,504,0.0,0.0,0.7262331,0.24207771,1
75,506,0.96975327,0.0,0.0,0.3232511,1
76,80,1.0594486,0.0,0.0,0.35314953,1
76,83,0.0,0.98113436,0.0,0.32704479,1
76,87,0.0,0.9478745,0.0,0.31595817,1
76,105,0.0,0.969384,0.0,0.323128,1
76,106,0.9813055,0.0,0.0,0.32710183,1
76,111,1.0029727,0.0,0.0,0.33432424,1
76,113,0.9622313,0.0,0.0,0.32074377,1
76,120,0.9682432,0.0,0.0,0.32274774,1
76,138,0.0,0.9505035,0.0,0.3168345,1
76,142,0.0,0.95912385,0.0,0.31970796,1
76,143,1.0218712,0.0,0.0,0.34062374,1
76,150,0.0,0.9510404,0.0,0.31701347,1
76,158,0.0,1.0205692,0.0,0.34018975,1
76,162,0.96768016,0.0,0.0,0.32256007,1
76,185,0.9899392,0.9451463,0.0,0.64502853,2
76,186,1.0334828,0.0,0.0,0.34449428,1
76,189,0.0,1.0088075,0.0,0.3362692,1
76,193,0.9791557,0.0,0.0,0.32638526,1
76,194,0.9720238,0.0,0.0,0.32400793,1
76,201,0.9872892,0.0,0.0,0.3290964,1
76,207,0.9803066,0.0,0.0,0.32676888,1
76,216,0.97114223,0.0,0.0,0.32371408,1
76,223,0.9849541,0.0,0.0,0.32831806,1
76,230,1.0210876,0.0,0.0,0.34036255,1
76,243,0.0,0.95234275,0.0,0.3174476,1
76,247,1.0122714,0.0,0.0,0.3374238,1
76,250,1.0001367,0.0,0.0,0.3333789,1
76,258,1.1161276,0.0,0.0,0.37204254,1
76,263,0.9768327,0.0,0.0,0.3256109,1
76,285,0.96252376,0.0,0.0,0.32084125,1
76,293,0.0,0.94136494,0.0,0.31378832,1
76,297,0.973841,0.0,0.0,0.3246137,1
76,303,0.0,0.94895595,0.0,0.31631866,1
76,312,0.0,0.94933033,0.0,0.31644344,1
76,322,0.0,0.9497932,0.0,0.31659776,1
76,333,1.0002679,0.0,0.0,0.33342263,1
76,337,1.001665,0.0,0.0,0.33388835,1
76,344,0.0,0.9593156,0.0,0.3197719,1
76,354,0.0,0.9772191,0.0,0.3257397,1
76,360,0.0,0.9379412,0.0,0.31264707,1
76,361,0.0,1.1182727,0.0,0.37275755,1
76,363,0.9695437,0.0,0.0,0.32318124,1
76,366,0.9738615,0.0,0.0,0.32462052,1
76,370,0.9650931,0.0,0.0,0.3216977,1
76,376,0.0,0.9408818,0.0,0.31362727,1
76,377,0.0,0.9567525,0.0,0.3189175,1
76,389,0.98462033,0.0,0.0,0.32820678,1
76,396,1.0511787,0.0,0.0,0.3503929,1
76,398,0.9702474,0.0,0.0,0.32341582,1
76,400,0.0,1.0300895,0.0,0.34336317,1
76,427,0.0,1.0944473,0.0,0.36481577,1
76,456,0.9753428,0.0,0.0,0.32511428,1
76,461,0.0,1.0801996,0.0,0.36006653,1
76,480,0.98900753,0.0,0.0,0.32966918,1
76,488,0.0,0.9791139,0.0,0.3263713,1
76,496,0.0,1.0218738,0.0,0.34062463,1
77,85,0.0,0.0,0.7755654,0.2585218,1
77,97,0.0,1.0324925,1.0175906,0.68336105,2
77,101,0.0,1.0362365,0.0,0.3454122,1
77,114,0.0,0.0,0.8392532,0.27975106,1
77,123,1.0427015,0.0,0.0,0.34756717,1
77,124,0.0,1.0330104,0.0,0.3443368,1
77,125,0.0,1.062445,0.0,0.35414836,1
77,129,1.042116,0.0,0.0,0.34737203,1
77,130,0.0,0.0,0.6838425,0.2279475,1
77,131,1.0226448,0.0,0.0,0.3408816,1
77,156,0.0,0.952081,0.0,0.31736034,1
77,160,0.0,1.1013812,0.8655888,0.6556567,2
77,164,0.0,0.0,1.4873638,0.49578795,1
77,167,0.0,0.0,1.1853329,0.39511096,1
77,168,1.0053083,0.0,1.3233933,0.7762339,2
77,170,0.0,0.0,0.94016993,0.31339,1
77,173,0.96906066,0.0,0.0,0.32302022,1
77,178,0.9776153,0.0,0.0,0.32587177,1
77,182,1.1394981,0.0,0.0,0.3798327,1
77,189,0.992585,0.0,0.0,0.3308617,1
77,208,1.0961835,0.0,0.0,0.36539453,1
77,210,0.0,0.0,0.88263994,0.29421332,1
77,214,0.0,1.0930396,0.0,0.36434656,1
77,215,0.0,0.0,0.7396846,0.24656153,1
77,222,0.0,1.0180581,0.0,0.3393527,1
77,227,0.0,0.0,0.61501276,0.20500426,1
77,231,1.0268828,0.0,0.0,0.34229428,1
77,249,0.0,0.0,0.6282261,0.2094087,1
77,261,0.97249305,0.0,0.0,0.32416436,1
77,270,0.0,0.0,0.8800444,0.29334813,1
77,272,0.0,1.0493376,0.0,0.34977922,1
77,277,0.0,0.0,1.1380937,0.37936458,1
77,279,0.9805167,0.0,1.5230011,0.834506,2
77,285,0.0,0.0,1.6127882,0.5375961,1
77,286,0.9887212,0.0,0.0,0.32957375,1
77,289,0.0,0.0,1.9777998,0.6592666,1
77,291,0.9604688,0.0,0.0,0.32015628,1
77,297,0.0,0.9447932,0.0,0.3149311,1
77,304,0.0,0.0,1.27136,0.4237867,1
77,313,0.0,0.0,0.91095024,0.30365008,1
77,315,0.9617265,0.0,0.0,0.3205755,1
77,317,0.0,0.9554247,0.0,0.31847492,1
77,335,1.0220537,0.0,0.0,0.3406846,1
77,339,0.0,0.96982515,0.0,0.32327506,1
77,341,0.9970767,0.0,0.0,0.3323589,1
77,342,1.0063233,0.0,0.0,0.3354411,1
77,345,0.0,0.0,1.3014411,0.4338137,1
77,346,0.0,0.0,0.7616228,0.25387427,1
77,348,0.0,0.0,1.3144867,0.43816227,1
77,361,1.0315316,0.0,0.0,0.34384388,1
77,372,0.0,0.9721651,0.0,0.32405505,1
77,378,1.0427732,0.0,0.0,0.3475911,1
77,382,0.0,0.0,0.91628975,0.30542994,1
77,385,0.9734286,0.0,0.0,0.3244762,1
77,389,0.0,0.0,0.9950873,0.3316958,1
77,399,0.0,0.95807296,0.0,0.31935766,1
77,412,0.9884207,0.0,0.0,0.32947358,1
77,416,0.0,1.028111,0.0,0.34270367,1
77,430,0.95905983,0.0,0.8242506,0.5944368,2
77,431,1.0722294,0.0,0.0,0.3574098,1
77,445,0.0,0.9659275,0.0,0.32197583,1
77,447,0.0,1.0859854,0.0,0.36199516,1
77,451,0.0,1.0506747,0.0,0.3502249,1
77,456,0.9759857,0.0,0.0,0.3253286,1
77,458,0.0,1.1239263,1.3606855,0.8282039,2
77,465,0.0,0.0,0.8967225,0.29890752,1
77,479,1.0644292,0.0,0.0,0.35480973,1
77,480,1.0762856,0.0,0.0,0.35876188,1
77,486,0.0,1.0805652,0.9269577,0.6691743,2
77,492,0.0,0.95757395,0.0,0.31919134,1
77,494,0.9916389,0.0,0.0,0.33054632,1
77,503,0.0,0.0,0.6492612,0.2164204,1
77,505,1.084045,0.0,0.0,0.36134836,1
77,506,0.0,0.94333714,0.0,0.31444573,1
77,508,0.0,0.9855902,0.0,0.32853007,1
77,511,0.97069,1.0043514,0.0,0.65834713,2
78,84,0.96687794,0.0,0.0,0.32229266,1
78,88,0.0,0.0,1.8716831,0.6238944,1
78,90,0.0,0.0,0.67315364,0.22438455,1
78,92,0.0,0.0,1.1038268,0.36794227,1
78,100,0.0,0.0,1.169504,0.3898347,1
78,105,0.9817902,0.0,0.8039182,0.5952362,2
78,108,0.9913951,0.0,0.0,0.33046505,1
78,111,0.97317183,0.0,0.0,0.32439062,1
78,115,0.0,0.98021233,0.0,0.32673746,1
78,123,1.0691978,0.0,0.0,0.35639927,1
78,131,0.0,0.9608997,0.0,0.32029992,1
78,141,0.0,1.0000108,0.0,0.33333695,1
78,142,0.96968526,0.0,0.0,0.32322842,1
78,143,0.0,0.0,0.9259849,0.30866164,1
78,152,0.9606281,0.0,0.0,0.32020938,1
78,153,0.98588854,0.0,0.6800605,0.5553163,2
78,155,0.0,0.9339428,0.0,0.31131428,1
78,159,0.0,0.0,1.458966,0.48632202,1
78,161,0.9679925,0.0,0.0,0.32266417,1
78,162,0.0,1.0926034,0.0,0.36420116,1
78,166,1.1088316,0.0,0.0,0.36961055,1
78,171,0.0,0.0,1.2157034,0.40523446,1
78,173,0.0,0.0,0.7586342,0.25287807,1
78,188,0.0,0.0,0.6331173,0.21103911,1
78,193,1.0066152,0.0,0.0,0.3355384,1
78,198,0.0,0.952771,0.0,0.31759036,1
78,202,1.0038612,0.0,0.0,0.33462042,1
78,206,1.0692302,0.0,0.0,0.3564101,1
78,208,1.057793,0.0,0.0,0.35259768,1
78,211,0.0,0.0,1.57171,0.52390337,1
78,214,0.96152496,0.0,0.0,0.32050833,1
78,216,0.0,0.0,0.6422509,0.21408364,1
78,222,0.0,0.0,0.8410657,0.28035524,1
78,232,0.0,1.0041045,0.0,0.3347015,1
78,247,0.9820563,0.0,0.79592264,0.59265965,2
78,254,0.0,0.98813003,0.0,0.3293767,1
78,264,0.0,0.93626,0.0,0.31208667,1
78,269,0.0,0.9796091,0.0,0.32653636,1
78,270,1.0264133,0.0,0.0,0.34213778,1
78,271,1.0932909,0.0,1.6208297,0.9047069,2
78,272,0.0,1.0171353,0.8534346,0.62352335,2
78,276,0.99552304,0.0,0.0,0.33184102,1
78,293,0.96825415,0.0,0.0,0.3227514,1
78,305,0.0,0.0,0.81832075,0.2727736,1
78,307,0.0,1.029377,0.0,0.34312567,1
78,315,1.089796,0.0,0.0,0.36326534,1
78,318,1.0001103,0.0,0.0,0.3333701,1
78,319,1.0612036,0.0,0.0,0.35373455,1
78,322,0.0,0.0,1.2796503,0.42655012,1
78,324,0.0,0.0,1.0231339,0.34104463,1
78,329,0.0,0.0,1.0258965,0.34196553,1
78,337,1.0153964,0.0,0.0,0.33846545,1
78,340,0.0,0.95563376,0.0,0.3185446,1
78,341,0.0,0.95603424,0.0,0.31867808,1
78,344,0.0,0.0,0.66686916,0.22228973,1
78,355,0.0,0.0,0.8858366,0.29527888,1
78,357,1.0174356,0.0,0.0,0.33914518,1
78,359,0.0,0.0,0.8348886,0.2782962,1
78,361,1.014655,0.0,0.7219601,0.5788717,2
78,370,0.0,0.9522218,0.0,0.31740728,1
78,377,0.0,0.9905014,0.0,0.33016714,1
78,387,0.0,1.0431517,0.0,0.34771726,1
78,388,0.9899084,0.0,0.0,0.32996947,1
78,421,0.9647988,0.0,0.0,0.3215996,1
78,423,0.9824185,0.0,0.0,0.32747284,1
78,436,0.0,0.0,0.88739246,0.2957975,1
78,442,0.99842703,0.0,0.0,0.33280903,1
78,443,0.0,0.949019,0.0,0.31633967,1
78,453,0.9660366,0.0,0.0,0.32201222,1
78,455,0.0,0.0,0.80252534,0.26750845,1
78,461,0.0,0.9592129,0.0,0.31973764,1
78,465,0.0,0.98719716,0.0,0.32906574,1
78,470,0.0,1.0385836,0.0,0.34619457,1
78,471,1.0582547,0.0,0.0,0.35275158,1
78,472,0.0,0.9933141,0.0,0.3311047,1
78,476,0.9707104,0.0,0.0,0.32357013,1
78,489,1.0990738,0.0,0.0,0.36635792,1
78,493,0.0,0.9862614,0.0,0.32875383,1
78,499,1.0089831,0.0,0.0,0.33632773,1
79,84,0.0,0.93923104,0.0,0.31307703,1
79,85,0.0,0.95975083,0.0,0.31991696,1
79,88,0.98294324,0.0,0.0,0.32764775,1
79,89,1.0349896,0.0,0.0,0.34499654,1
79,90,1.0248533,0.0,0.0,0.3416178,1
79,94,0.0,1.0237771,0.0,0.34125906,1
79,121,0.0,1.0261769,0.0,0.342059,1
79,131,0.0,1.0143752,0.0,0.33812508,1
79,133,0.0,1.0137867,0.0,0.3379289,1
79,136,0.0,0.0,1.1110971,0.3703657,1
79,149,0.0,1.0514268,0.0,0.3504756,1
79,152,0.0,0.9818206,0.0,0.32727355,1
79,161,0.0,0.0,1.2378207,0.41260692,1
79,166,0.0,1.0659678,0.0,0.3553226,1
79,167,0.0,1.0530452,0.0,0.35101506,1
79,172,1.0478092,0.0,0.0,0.34926975,1
79,173,0.0,0.9460284,0.0,0.3153428,1
79,185,0.0,0.0,0.8573144,0.2857715,1
79,194,0.0,0.9945175,0.0,0.33150584,1
79,195,0.9794888,0.0,0.0,0.32649627,1
79,211,1.01162,1.0298615,0.0,0.68049383,2
79,212,1.0130659,0.0,0.0,0.33768865,1
79,215,0.0,0.98799807,0.0,0.3293327,1
79,219,0.98459756,0.0,0.0,0.3281992,1
79,220,0.0,0.9613755,0.0,0.3204585,1
79,225,1.1278824,0.0,0.0,0.3759608,1
79,233,0.0,0.0,0.7238415,0.2412805,1
79,237,0.0,0.9632608,0.0,0.32108694,1
79,241,0.0,0.0,0.75956106,0.25318703,1
79,245,0.0,0.0,0.77187115,0.2572904,1
79,250,1.0041703,0.0,0.0,0.33472344,1
79,268,1.0070583,0.0,0.0,0.3356861,1
79,274,0.0,0.0,1.4923722,0.49745739,1
79,276,0.0,0.0,1.4150906,0.47169685,1
79,277,0.0,0.94464886,0.0,0.31488296,1
79,284,0.0,0.0,1.2467222,0.41557407,1
79,294,0.0,0.0,0.8693936,0.28979787,1
79,296,0.98880106,0.0,0.0,0.32960036,1
79,300,0.0,0.0,1.74684,0.58228004,1
79,310,1.0370163,0.0,0.0,0.3456721,1
79,311,0.0,0.0,1.0003287,0.3334429,1
79,317,0.98101425,0.0,0.0,0.32700476,1
79,336,1.0439441,1.0595489,0.0,0.70116436,2
79,338,1.0027837,0.0,0.0,0.33426124,1
79,344,0.0,0.9399584,0.0,0.31331947,1
79,351,0.96683395,0.0,0.0,0.322278,1
79,356,0.0,0.0,0.60140365,0.20046788,1
79,365,0.9866116,0.9563282,0.83620375,0.92638123,3
79,369,0.96521443,0.0,0.0,0.32173815,1
79,378,0.0,0.0,0.7614511,0.25381705,1
79,385,0.0,0.0,1.1814231,0.3938077,1
79,392,1.012862,0.0,0.0,0.33762068,1
79,395,0.96045476,0.0,0.0,0.3201516,1
79,397,0.0,1.0169063,0.0,0.33896875,1
79,398,0.0,1.0177757,0.0,0.33925855,1
79,405,0.96992433,0.0,0.0,0.3233081,1
79,413,0.0,0.0,1.7519156,0.58397186,1
79,415,0.0,1.0639101,0.0,0.35463673,1
79,417,0.0,0.0,1.5785311,0.52617705,1
79,419,1.0499953,0.0,0.0,0.34999844,1
79,426,0.0,0.0,0.93132234,0.31044078,1
79,427,0.0,0.0,1.0929923,0.36433077,1
79,429,0.0,0.0,0.6855739,0.22852463,1
79,433,0.0,0.0,0.6514346,0.21714488,1
79,434,0.0,0.0,0.67684656,0.22561553,1
79,440,0.9790058,0.0,0.0,0.32633528,1
79,444,0.0,1.0362015,0.0,0.3454005,1
79,447,0.0,0.0,0.9510739,0.31702465,1
79,451,0.0,0.0,1.0831833,0.3610611,1
79,457,0.0,0.0,1.6546398,0.55154663,1
79,465,0.0,0.9922945,0.0,0.33076483,1
79,468,0.9687283,0.0,0.0,0.32290944,1
79,469,0.98358846,0.0,0.0,0.32786283,1
79,475,0.0,1.0216883,0.0,0.3405628,1
79,488,0.97636867,0.0,0.8845935,0.62032074,2
79,489,0.0,0.0,1.0715278,0.35717595,1
79,503,0.98116,0.0,0.0,0.32705334,1
79,511,0.0,0.0,0.8845486,0.29484954,1
80,87,1.0090213,0.0,0.0,0.33634043,1
80,89,0.0,1.021333,0.0,0.34044433,1
80,92,0.0,0.0,0.6787157,0.22623858,1
80,101,0.0,0.0,0.7820715,0.2606905,1
80,102,0.0,0.0,0.9289494,0.30964983,1
80,105,0.0,0.0,1.571962,0.52398735,1
80,110,0.0,0.0,0.97649866,0.32549956,1
80,111,0.0,0.0,0.86162454,0.2872082,1
80,119,0.0,0.9778916,0.0,0.32596388,1
80,120,0.0,0.0,0.7263525,0.24211751,1
80,124,0.0,0.0,1.7992349,0.599745,1
80,129,1.0236188,0.0,0.0,0.34120628,1
80,147,0.0,1.1806735,0.0,0.39355785,1
80,152,0.0,0.0,0.6868783,0.22895944,1
80,162,0.0,0.0,1.1459098,0.38196993,1
80,177,0.0,0.0,1.5878091,0.5292697,1
80,178,1.0062506,0.0,0.0,0.33541688,1
80,186,0.0,0.0,1.0132669,0.33775565,1
80,187,0.0,0.0,0.73365784,0.24455261,1
80,201,1.0183475,0.9381767,0.0,0.6521747,2
80,203,0.0,0.0,0.61237854,0.20412618,1
80,204,0.0,0.0,0.7768565,0.25895217,1
80,206,0.0,0.0,1.3170534,0.43901783,1
80,207,0.97073066,1.0464982,0.0,0.67240965,2
80,210,1.0184389,0.0,0.0,0.33947966,1
80,216,0.0,0.0,1.5564576,0.5188192,1
80,222,0.0,0.0,0.68173826,0.22724609,1
80,230,0.0,0.0,1.0144191,0.3381397,1
80,232,0.0,0.0,0.554572,0.18485734,1
80,236,0.0,1.0556307,0.0,0.3518769,1
80,239,0.0,0.0,0.54245937,0.1808198,1
80,245,0.9943173,0.0,0.0,0.3314391,1
80,247,0.9888854,0.0,0.0,0.32962847,1
80,248,0.0,0.9736549,0.8744505,0.61603516,2
80,251,0.0,1.0602075,0.0,0.3534025,1
80,253,0.98576844,0.0,0.0,0.3285895,1
80,266,1.0059597,0.9866626,0.0,0.66420746,2
80,268,0.9960871,0.0,0.0,0.33202904,1
80,269,1.0434066,0.0,0.0,0.34780222,1
80,272,0.0,0.0,0.53657866,0.17885956,1
80,277,0.0,0.93609864,0.0,0.31203288,1
80,279,0.0,1.0800095,0.0,0.36000317,1
80,285,0.0,1.0065234,0.0,0.3355078,1
80,287,1.0315106,0.0,1.3653657,0.7989588,2
80,291,0.0,0.9836851,0.0,0.32789505,1
80,314,0.0,0.9404216,0.0,0.31347388,1
80,316,0.0,0.0,0.9368675,0.31228918,1
80,317,0.0,0.0,1.29972,0.43324003,1
80,328,0.0,0.9614307,0.80086523,0.587432,2
80,329,0.0,0.0,1.226665,0.40888834,1
80,336,0.0,0.9730678,0.0,0.32435596,1
80,341,1.0339856,0.0,0.0,0.3446619,1
80,342,0.9651516,0.0,0.0,0.3217172,1
80,343,0.0,0.95434225,0.0,0.3181141,1
80,359,0.0,0.0,1.186574,0.39552468,1
80,361,0.0,0.0,1.0300823,0.34336078,1
80,371,1.0739946,0.0,0.0,0.35799822,1
80,377,0.0,0.0,1.0574019,0.3524673,1
80,379,0.0,0.9302792,0.0,0.31009308,1
80,381,0.96966046,0.9609713,0.0,0.64354396,2
80,387,0.0,0.0,1.3126702,0.43755674,1
80,394,0.98610663,0.0,0.0,0.3287022,1
80,403,0.0,0.0,0.7234432,0.24114774,1
80,404,1.0091555,0.9863175,0.0,0.6651577,2
80,406,0.0,0.0,1.208327,0.4027757,1
80,412,0.0,0.0,0.84064066,0.28021356,1
80,417,1.0005351,0.0,0.0,0.3335117,1
80,419,0.99931383,0.0,0.0,0.3331046,1
80,422,0.0,0.9554799,0.0,0.3184933,1
80,433,1.0085229,0.0,0.0,0.3361743,1
80,436,0.0,0.0,0.65985745,0.2199525,1
80,439,0.0,0.9774178,0.0,0.32580596,1
80,441,0.0,0.0,1.1657878,0.38859594,1
80,454,0.0,0.0,1.6609075,0.55363584,1
80,455,0.0,0.0,0.942368,0.31412268,1
80,456,1.0825583,0.0,0.0,0.36085278,1
80,457,0.0,0.9612686,0.0,0.3204229,1
80,459,0.9898623,0.0,0.0,0.32995412,1
80,464,0.0,1.2097868,0.0,0.40326226,1
80,465,0.0,1.0567317,0.0,0.3522439,1
80,467,0.96580786,1.0471709,0.0,0.6709929,2
80,472,0.0,0.0,1.2357309,0.4119103,1
80,479,0.0,0.96638685,0.0,0.32212895,1
80,482,0.0,0.94602287,0.0,0.31534097,1
80,483,0.98430896,0.0,0.0,0.328103,1
80,491,0.97068083,0.0,0.0,0.3235603,1
80,494,0.0,1.092343,0.0,0.36411434,1
80,501,0.0,0.0,0.48709688,0.16236563,1
80,506,0.0,0.94577986,0.0,0.31525996,1
80,509,0.0,0.95078135,0.0,0.31692713,1
81,91,0.0,0.9484003,0.0,0.31613344,1
81,100,0.9740847,0.0,0.0,0.3246949,1
81,118,1.0023037,0.0,0.0,0.33410126,1
81,119,0.0,0.0,0.7889716,0.26299053,1
81,122,0.0,0.9525498,0.0,0.31751662,1
81,138,0.0,0.0,0.82502556,0.27500853,1
81,139,1.0103555,0.0,0.0,0.33678517,1
81,153,1.0609729,0.0,0.0,0.35365766,1
81,156,0.0,0.0,1.0239092,0.34130308,1
81,161,1.0222745,0.0,0.0,0.34075817,1
81,167,0.9694481,0.0,0.0,0.32314938,1
81,177,1.022429,0.0,0.0,0.34080967,1
81,178,0.0,1.0285782,0.0,0.3428594,1
81,187,0.0,1.0319086,0.0,0.34396955,1
81,192,0.0,0.9561101,0.0,0.31870338,1
81,195,0.0,0.9498592,0.0,0.31661975,1
81,204,0.0,1.0332206,0.0,0.3444069,1
81,211,1.0279899,0.0,0.0,0.3426633,1
81,216,0.9670978,0.0,0.0,0.32236594,1
81,222,0.0,0.9420373,0.0,0.31401244,1
81,228,0.0,0.95756626,0.0,0.31918877,1
81,231,0.97112304,0.0,0.0,0.3237077,1
81,240,0.0,0.0,1.1433867,0.3811289,1
81,242,0.97381055,0.0,0.0,0.32460353,1
81,243,0.0,0.9689214,0.0,0.32297382,1
81,250,1.0323366,0.0,0.0,0.34411222,1
81,259,0.0,0.0,0.7159211,0.23864037,1
81,264,0.0,0.0,1.2719421,0.4239807,1
81,265,0.0,0.0,1.2230747,0.40769157,1
81,268,0.0,0.96120596,0.0,0.320402,1
81,292,1.0351756,0.0,0.0,0.34505853,1
81,298,0.0,0.0,0.84211063,0.28070354,1
81,304,0.0,1.027231,0.0,0.34241033,1
81,308,0.99638456,0.0,0.0,0.3321282,1
81,312,0.0,0.0,0.79751205,0.26583737,1
81,319,0.9728708,0.0,0.0,0.32429028,1
81,321,0.0,0.956422,0.0,0.31880733,1
81,328,1.0006416,0.0,0.0,0.3335472,1
81,331,0.0,0.0,0.99262196,0.330874,1
81,335,0.0,0.9707179,0.0,0.32357264,1
81,336,1.0297153,0.0,0.0,0.34323844,1
81,338,0.9628283,0.0,0.0,0.32094276,1
81,342,1.0517921,0.0,0.0,0.35059738,1
81,345,0.0,0.9892875,0.0,0.32976252,1
81,347,0.0,1.1230783,0.0,0.37435946,1
81,349,1.0653341,0.0,0.0,0.35511136,1
81,351,0.0,0.99660414,0.0,0.3322014,1
81,354,0.0,0.0,2.083111,0.6943704,1
81,361,0.0,1.012615,0.0,0.33753833,1
81,362,0.0,0.0,1.0051666,0.33505556,1
81,366,0.0,0.0,1.2001165,0.40003884,1
81,368,0.0,0.0,1.2966113,0.43220377,1
81,369,0.0,0.0,1.2068433,0.4022811,1
81,373,0.0,1.0728073,0.0,0.35760245,1
81,388,0.9638175,0.0,0.0,0.3212725,1
81,393,0.0,0.0,0.85212743,0.28404248,1
81,399,0.0,1.0092177,1.1666831,0.7253003,2
81,407,1.0066856,0.0,0.7411957,0.5826271,2
81,410,0.96383154,0.0,0.0,0.3212772,1
81,421,0.0,0.0,0.986464,0.32882136,1
81,431,0.0,0.0,0.8072968,0.26909894,1
81,434,0.9815095,0.0,0.0,0.32716984,1
81,437,0.0,0.0,0.9348307,0.31161025,1
81,441,0.0,0.9841899,0.0,0.3280633,1
81,445,0.0,0.98702276,0.0,0.3290076,1
81,449,0.0,0.0,0.87307626,0.29102543,1
81,452,0.0,0.0,0.8695484,0.28984946,1
81,461,1.0096629,0.0,0.0,0.3365543,1
81,462,0.97065604,0.0,0.0,0.323552,1
81,478,0.0,1.1216285,0.0,0.37387618,1
81,481,0.96390456,0.0,0.0,0.32130152,1
81,482,0.0,0.0,0.7754053,0.25846845,1
81,487,0.0,1.0185368,0.0,0.3395123,1
81,495,1.0146828,0.0,0.0,0.3382276,1
81,496,0.0,0.0,0.98372203,0.32790735,1
81,499,1.0440017,0.0,0.0,0.3480006,1
81,507,1.0011361,0.0,0.0,0.33371204,1
82,83,0.98335373,0.0,0.0,0.3277846,1
82,86,0.96220607,0.0,0.0,0.32073537,1
82,91,0.98563415,0.0,0.85565966,0.61376464,2
82,93,0.0,0.0,1.2981153,0.4327051,1
82,108,0.0,0.94021887,0.0,0.3134063,1
82,127,0.9909044,0.0,0.0,0.33030146,1
82,136,0.0,0.99948287,0.0,0.33316097,1
82,139,0.0,0.9494645,0.0,0.31648818,1
82,148,0.0,1.1681801,0.0,0.3893934,1
82,153,1.0150675,0.0,0.0,0.33835584,1
82,154,0.0,0.0,1.6874936,0.56249785,1
82,156,0.0,1.0556681,0.0,0.35188937,1
82,168,0.9792314,0.0,0.0,0.32641047,1
82,174,1.0235591,0.0,0.0,0.34118637,1
82,179,0.0,0.0,1.3205767,0.44019222,1
82,186,0.0,0.9654842,0.0,0.32182807,1
82,194,0.98263776,0.0,0.0,0.32754594,1
82,195,0.0,1.1274204,0.0,0.3758068,1
82,197,0.0,1.0121648,0.0,0.33738828,1
82,207,0.0,0.9582169,0.0,0.31940565,1
82,218,0.0,0.0,1.1358702,0.37862343,1
82,223,0.0,0.0,2.1058567,0.7019522,1
82,224,0.0,0.9934875,0.0,0.3311625,1
82,234,0.9794342,0.0,0.0,0.32647806,1
82,235,0.0,0.0,0.58778465,0.19592822,1
82,241,1.0591916,0.0,0.0,0.35306388,1
82,251,0.0,0.0,0.94737506,0.3157917,1
82,260,0.0,0.0,0.8386489,0.27954966,1
82,261,0.0,0.0,1.6443123,0.5481041,1
82,262,0.0,0.9339621,0.0,0.31132072,1
82,266,0.0,0.0,1.2566274,0.4188758,1
82,268,0.9676453,0.0,0.0,0.32254845,1
82,275,0.0,1.0999109,0.0,0.36663696,1
82,289,0.991249,0.0,0.0,0.33041635,1
82,292,0.97170204,0.0,0.0,0.3239007,1
82,293,0.0,0.9663711,0.0,0.3221237,1
82,294,0.9743104,0.0,0.0,0.32477015,1
82,299,0.0,0.0,1.0173455,0.3391152,1
82,311,1.0159718,0.0,0.0,0.33865726,1
82,313,0.0,1.0072361,0.0,0.3357454,1
82,314,0.0,0.0,0.7044067,0.23480223,1
82,315,0.0,1.0585351,0.0,0.35284504,1
82,321,0.0,0.0,0.8758962,0.29196543,1
82,324,0.9727449,0.0,0.0,0.3242483,1
82,325,0.0,0.0,0.7748275,0.25827584,1
82,333,0.0,0.0,1.1232295,0.37440985,1
82,336,0.0,0.0,0.8388173,0.27960578,1
82,352,0.0,0.0,0.70473725,0.23491243,1
82,357,0.96982956,0.0,0.0,0.32327652,1
82,358,0.0,0.0,0.8791668,0.2930556,1
82,365,1.0234897,0.0,0.0,0.34116325,1
82,368,0.9679145,0.0,0.0,0.32263818,1
82,369,0.0,0.9146078,0.0,0.3048693,1
82,374,0.0,1.069451,0.0,0.35648367,1
82,381,1.0029708,0.0,0.0,0.3343236,1
82,387,0.0,0.9523653,0.0,0.3174551,1
82,391,0.0,0.99089175,0.0,0.33029726,1
82,392,0.9824914,0.0,0.0,0.32749712,1
82,394,1.0169389,0.0,0.0,0.33897966,1
82,398,1.0830017,0.0,0.0,0.3610006,1
82,400,0.0,0.0,0.7330852,0.24436174,1
82,402,0.0,1.0089891,0.0,0.3363297,1
82,404,0.0,0.9658329,0.0,0.3219443,1
82,408,0.0,0.96424687,0.8089332,0.59106004,2
82,409,0.0,0.0,0.72262394,0.24087465,1
82,415,0.0,0.0,1.500815,0.5002717,1
82,416,0.0,0.0,1.3334159,0.44447196,1
82,417,0.0,1.0370598,0.0,0.3456866,1
82,418,1.0522848,0.0,0.0,0.35076162,1
82,419,0.0,0.0,1.252269,0.417423,1
82,428,1.0057958,0.0,0.0,0.33526528,1
82,434,0.9767268,0.0,0.0,0.3255756,1
82,439,0.97091246,0.0,0.0,0.3236375,1
82,446,0.0,0.0,1.0391247,0.34637493,1
82,456,0.0,0.96760017,0.0,0.3225334,1
82,461,0.0,0.0,1.5082794,0.5027598,1
82,464,0.9686392,0.0,0.8967838,0.6218077,2
82,471,0.0,0.0,0.9739694,0.3246565,1
82,477,0.0,0.0,0.70983,0.23661,1
82,482,0.0,1.0480143,0.0,0.3493381,1
82,489,0.9687891,0.93866104,0.0,0.6358167,2
82,490,0.0,0.0,0.8267272,0.27557576,1
82,491,0.0,0.0,1.0241004,0.34136683,1
82,497,0.0,0.0,0.7507504,0.25025016,1
82,510,0.0,0.0,1.2158813,0.4052938,1
83,86,0.0,0.9653394,0.0,0.32177982,1
83,100,0.0,0.0,0.703474,0.23449133,1
83,101,0.0,0.0,0.7723963,0.25746545,1
83,114,0.0,0.0,0.99082905,0.33027637,1
83,116,0.0,1.0385748,0.0,0.3461916,1
83,118,0.0,0.0,0.73530066,0.24510023,1
83,124,1.0643398,0.98277426,0.0,0.6823714,2
83,126,0.0,0.94853115,0.0,0.31617707,1
83,146,0.0,1.0073329,0.0,0.33577764,1
83,149,0.0,0.9778569,0.0,0.3259523,1
83,151,0.0,0.0,0.6868459,0.22894864,1
83,159,0.0,0.9594365,0.0,0.31981218,1
83,160,0.0,0.0,0.7324214,0.24414048,1
83,165,0.0,1.0587898,0.0,0.35292995,1
83,170,0.0,0.9460284,0.0,0.3153428,1
83,175,0.983562,0.0,0.0,0.327854,1
83,178,0.98694927,0.0,0.0,0.3289831,1
83,179,0.0,0.94514084,0.0,0.31504697,1
83,181,0.0,0.0,0.97162306,0.32387435,1
83,210,0.0,0.0,1.5224961,0.50749874,1
83,215,0.99330425,0.0,0.0,0.33110142,1
83,222,0.0,0.0,0.7963302,0.2654434,1
83,226,1.0026349,0.0,0.0,0.33421165,1
83,228,0.0,0.0,1.20138,0.40046,1
83,229,1.0125599,0.0,0.0,0.33751997,1
83,232,0.0,0.0,1.1472447,0.3824149,1
83,235,0.0,0.987801,0.0,0.32926702,1
83,236,0.97598857,0.0,0.0,0.32532954,1
83,241,0.0,0.0,1.1544644,0.38482147,1
83,242,0.0,0.9859518,0.0,0.3286506,1
83,243,1.0604526,0.0,0.0,0.3534842,1
83,252,0.95877725,0.0,0.0,0.31959242,1
83,257,0.0,1.1098715,0.0,0.36995718,1
83,261,0.96592885,0.0,0.0,0.3219763,1
83,269,0.0,0.0,0.7577774,0.25259247,1
83,270,0.0,0.0,1.1192607,0.3730869,1
83,272,0.9902864,0.0,0.0,0.33009547,1
83,276,0.0,0.0,0.88647103,0.29549035,1
83,278,0.0,0.0,0.9759967,0.32533222,1
83,280,0.0,0.97102064,0.0,0.32367355,1
83,294,0.0,1.0982162,0.0,0.36607206,1
83,297,0.0,0.0,0.702226,0.23407534,1
83,298,0.0,0.9544433,0.0,0.31814778,1
83,300,0.0,0.0,0.78511226,0.2617041,1
83,310,0.0,0.0,0.6357378,0.2119126,1
83,312,0.0,0.9524562,0.0,0.3174854,1
83,314,0.0,0.9274464,0.0,0.30914882,1
83,322,0.0,1.0491865,1.0552025,0.701463,2
83,326,0.96098346,0.0,0.0,0.32032782,1
83,341,0.0,0.95849985,0.0,0.31949997,1
83,343,0.0,0.94632065,0.0,0.31544024,1
83,349,0.0,0.9822481,0.0,0.32741606,1
83,356,0.0,0.94452333,0.0,0.31484112,1
83,357,0.9732243,0.0,0.0,0.3244081,1
83,368,0.0,1.1724097,0.0,0.39080322,1
83,373,0.99389875,0.94601655,0.0,0.64663845,2
83,379,1.0015352,0.0,0.0,0.33384508,1
83,381,0.98469454,0.0,0.0,0.3282315,1
83,382,0.0,1.0148464,0.0,0.33828217,1
83,383,0.0,0.9410673,0.0,0.3136891,1
83,386,0.0,0.0,1.6476015,0.54920053,1
83,392,0.0,0.9838045,0.0,0.32793486,1
83,396,1.0072409,0.0,0.0,0.33574697,1
83,413,0.0,0.0,0.83635265,0.27878422,1
83,427,0.0,0.0,1.1153948,0.37179828,1
83,430,0.0,0.0,0.8740396,0.29134655,1
83,433,0.0,0.0,1.8786101,0.6262034,1
83,436,0.0,0.9892222,1.1279832,0.7057352,2
83,441,0.0,0.95105827,1.3391342,0.7633975,2
83,443,1.0004959,0.0,0.0,0.33349866,1
83,444,0.99420357,0.0,0.0,0.3314012,1
83,445,0.0,1.0234987,0.0,0.34116623,1
83,448,0.98091257,0.0,0.0,0.32697088,1
83,449,0.9931121,0.0,0.0,0.33103737,1
83,451,0.0,0.0,0.8763821,0.29212737,1
83,454,0.96466964,0.0,0.0,0.32155657,1
83,456,0.99184257,0.0,0.0,0.3306142,1
83,460,0.0,1.0063337,0.0,0.33544457,1
83,468,0.0,1.0160552,0.0,0.3386851,1
83,477,0.0,1.0721288,0.0,0.35737628,1
83,479,0.0,0.0,1.0254227,0.34180757,1
83,489,0.0,0.0,1.1700312,0.39001042,1
83,494,0.97273046,0.0,0.0,0.3242435,1
83,506,0.9728426,0.0,0.0,0.32428086,1
84,86,0.96332544,0.9701536,0.0,0.64449304,2
84,97,1.0638978,0.0,0.0,0.35463262,1
84,107,0.0,0.0,0.6075673,0.20252244,1
84,114,0.0,0.0,1.507205,0.5024017,1
84,119,1.0009559,0.0,0.0,0.333652,1
84,120,0.0,1.0979116,0.0,0.36597055,1
84,122,0.0,0.0,0.59321964,0.19773988,1
84,123,0.0,0.0,0.5186746,0.17289154,1
84,127,0.9663093,0.0,0.0,0.3221031,1
84,130,0.0,1.0406805,0.0,0.34689352,1
84,134,0.0,1.1502931,0.0,0.38343105,1
84,136,1.0519154,0.0,0.0,0.35063848,1
84,140,0.9881249,0.0,0.0,0.32937497,1
84,141,0.0,0.0,1.2340277,0.4113426,1
84,144,0.0,0.0,1.2699006,0.4233002,1
84,151,0.0,0.0,0.98327845,0.3277595,1
84,153,0.0,0.97628826,0.0,0.32542944,1
84,155,0.0,1.0315734,0.0,0.34385782,1
84,169,0.0,0.0,0.8971846,0.29906154,1
84,172,1.021691,0.0,0.0,0.34056365,1
84,173,0.0,0.98696154,0.0,0.32898718,1
84,178,0.0,0.0,0.69440496,0.23146832,1
84,184,0.0,0.0,1.0544076,0.35146922,1
84,197,0.0,0.0,0.8538913,0.28463045,1
84,206,1.0002266,0.0,0.0,0.3334089,1
84,210,0.0,0.0,0.64026535,0.21342179,1
84,212,1.0328788,0.0,0.0,0.34429294,1
84,213,0.0,0.9411054,0.0,0.3137018,1
84,215,1.014579,0.0,0.9113594,0.6419795,2
84,219,0.0,0.0,1.5250331,0.5083444,1
84,224,0.0,0.9591782,0.0,0.31972608,1
84,234,0.0,1.0504102,0.0,0.35013673,1
84,235,1.047913,0.0,0.0,0.34930432,1
84,241,0.0,0.0,0.5746051,0.19153504,1
84,243,0.9994448,0.0,0.0,0.33314827,1
84,247,0.97416395,0.0,0.0,0.32472134,1
84,250,0.0,0.9493309,0.0,0.31644365,1
84,253,0.0,0.0,0.58012444,0.19337481,1
84,254,0.0,0.0,0.61051184,0.20350395,1
84,256,0.0,1.036052,0.0,0.34535068,1
84,269,0.0,0.0,1.0590637,0.35302123,1
84,270,0.0,0.0,0.76666766,0.2555559,1
84,275,0.9714884,0.0,0.0,0.32382947,1
84,281,0.0,0.9935785,0.0,0.33119285,1
84,282,1.0046108,0.0,1.3862388,0.79694986,2
84,289,0.976632,0.0,0.0,0.325544,1
84,290,0.0,0.0,1.3695912,0.45653042,1
84,298,0.0,0.0,0.78048545,0.26016182,1
84,306,0.0,0.0,1.0708522,0.35695073,1
84,307,0.0,0.0,0.8657884,0.28859615,1
84,315,0.0,0.0,1.0431738,0.34772462,1
84,331,0.9706928,0.0,0.0,0.3235643,1
84,341,0.0,0.0,0.84044415,0.28014806,1
84,342,0.0,0.9809496,0.0,0.3269832,1
84,346,0.0,0.0,0.5604518,0.18681727,1
84,349,0.0,0.0,1.0342296,0.34474322,1
84,350,0.0,0.0,1.21997,0.40665668,1
84,351,0.9860135,0.0,1.1909553,0.7256563,2
84,353,0.0,0.0,0.71909803,0.23969935,1
84,356,0.0,0.0,1.1331819,0.37772733,1
84,360,0.99009925,0.0,1.009366,0.6664884,2
84,361,0.97843444,0.0,0.0,0.3261448,1
84,362,0.0,0.0,0.6312291,0.2104097,1
84,363,0.0,0.0,1.2659878,0.42199594,1
84,368,0.96546286,0.0,0.0,0.32182097,1
84,370,1.0353415,0.0,0.0,0.34511384,1
84,371,0.9603785,0.9854902,0.39007622,0.7786484,3
84,375,0.0,0.0,0.6386948,0.21289828,1
84,379,0.0,0.0,0.86228573,0.2874286,1
84,381,0.0,0.0,0.82054305,0.27351436,1
84,386,0.0,0.0,0.6234379,0.20781264,1
84,389,0.98956066,0.0,0.0,0.32985356,1
84,391,0.0,1.0273978,0.847312,0.62490326,2
84,392,1.0027536,0.0,0.0,0.33425122,1
84,393,0.0,0.0,1.1726147,0.39087158,1
84,394,0.0,0.9822744,1.3630114,0.78176194,2
84,409,0.0,0.0,0.88181835,0.29393947,1
84,414,0.0,0.0,0.7290415,0.24301384,1
84,418,0.0,1.0574279,0.0,0.35247597,1
84,426,0.0,1.0272546,0.0,0.3424182,1
84,432,0.0,0.94571847,0.0,0.3152395,1
84,441,0.0,0.960781,0.0,0.32026035,1
84,448,0.0,0.0,1.0088736,0.3362912,1
84,452,0.0,0.9928681,0.0,0.33095604,1
84,459,0.0,0.0,1.30999,0.43666336,1
84,460,0.994324,0.0,0.0,0.33144134,1
84,465,0.9865155,0.0,0.0,0.32883853,1
84,471,0.0,1.0121505,0.0,0.3373835,1
84,479,0.0,0.0,0.5952718,0.19842395,1
84,481,0.0,0.0,0.6702322,0.22341073,1
84,483,0.0,0.0,1.6133506,0.53778356,1
84,484,0.0,1.0308063,0.0,0.34360212,1
84,485,1.0431306,0.0,0.63314474,0.5587585,2
84,486,0.0,0.0,0.5375009,0.17916697,1
84,494,0.0,1.0579234,0.0,0.35264117,1
84,504,0.0,0.0,0.998185,0.33272833,1
85,96,1.0092891,0.0,0.0,0.33642972,1
85,99,0.9927476,0.0,0.0,0.33091587,1
85,100,0.0,1.0082362,0.0,0.33607873,1
85,102,0.9891644,0.0,0.0,0.32972148,1
85,104,0.0,0.98580027,0.8427769,0.60952574,2
85,105,1.0564649,0.0,0.0,0.35215497,1
85,107,0.0,0.0,1.2747697,0.42492324,1
85,109,0.0,0.97496134,0.0,0.3249871,1
85,114,0.0,0.0,1.2693324,0.4231108,1
85,123,0.0,1.1006935,0.0,0.36689782,1
85,131,0.0,0.0,1.1043758,0.3681253,1
85,137,0.0,0.98598534,0.0,0.3286618,1
85,140,0.0,0.96048623,0.0,0.3201621,1
85,151,0.0,0.0,1.0959712,0.36532375,1
85,165,0.0,0.0,0.6784566,0.22615221,1
85,167,0.0,0.0,0.9019843,0.30066144,1
85,168,0.0,0.0,0.87531304,0.29177102,1
85,169,0.0,0.99967694,0.0,0.33322567,1
85,170,1.003899,0.0,0.0,0.334633,1
85,186,0.9793373,0.0,0.0,0.32644576,1
85,189,0.0,0.0,1.0692043,0.35640144,1
85,194,0.0,0.0,0.75297195,0.25099066,1
85,200,1.0161344,0.9978082,0.0,0.67131424,2
85,208,0.0,0.0,1.0549494,0.35164982,1
85,215,0.0,0.0,1.056628,0.35220933,1
85,218,1.0155166,0.0,0.0,0.33850557,1
85,219,0.0,0.98154753,0.7041562,0.5619013,2
85,221,0.0,0.0,0.78691685,0.26230562,1
85,227,0.0,0.97458893,0.0,0.324863,1
85,231,1.0074967,0.0,0.0,0.33583224,1
85,234,0.99870384,0.0,0.0,0.3329013,1
85,246,0.9744061,0.0,0.0,0.32480204,1
85,249,0.96560967,0.0,0.0,0.3218699,1
85,252,0.0,0.9565058,0.0,0.31883526,1
85,256,0.0,0.99637806,0.0,0.33212602,1
85,258,0.0,0.98055744,0.89828205,0.62627983,2
85,259,0.9671869,0.0,0.0,0.32239565,1
85,260,0.0,0.9583252,0.0,0.31944174,1
85,264,0.0,0.98688084,0.0,0.3289603,1
85,267,1.0549095,0.0,0.0,0.3516365,1
85,280,1.0734849,0.0,0.0,0.35782832,1
85,286,0.0,0.9677254,0.0,0.32257515,1
85,290,0.0,0.0,0.9995645,0.33318818,1
85,292,1.0114812,0.0,0.0,0.3371604,1
85,293,1.0133678,0.0,1.2697406,0.76103616,2
85,301,0.0,0.9497068,0.0,0.31656894,1
85,327,0.0,0.93631685,0.0,0.31210563,1
85,338,0.98001754,0.0,0.0,0.32667252,1
85,345,0.0,0.0,1.5318638,0.5106213,1
85,346,1.1215748,0.0,0.0,0.37385827,1
85,347,0.9755167,0.0,0.0,0.32517225,1
85,348,0.0,0.0,1.5092807,0.5030936,1
85,350,0.0,0.0,1.287587,0.4291957,1
85,351,0.0,0.0,1.0158948,0.3386316,1
85,353,0.0,0.93598336,0.0,0.31199446,1
85,354,0.0,0.95804507,0.0,0.31934837,1
85,363,0.0,0.0,1.0752976,0.35843253,1
85,365,0.0,1.1162505,0.0,0.37208351,1
85,371,0.0,0.0,0.6275895,0.20919651,1
85,372,0.0,1.0380325,0.0,0.34601086,1
85,373,0.0,0.0,0.80522096,0.268407,1
85,385,0.0,0.93385464,0.0,0.3112849,1
85,389,0.0,0.0,0.77768373,0.25922793,1
85,391,0.0,0.0,0.8477183,0.28257278,1
85,392,0.0,0.9781116,0.0,0.32603723,1
85,393,1.0633104,0.0,0.0,0.3544368,1
85,394,0.0,1.0006886,0.0,0.33356285,1
85,399,0.0,0.9652375,0.0,0.32174584,1
85,418,0.0,0.9256975,0.0,0.30856586,1
85,420,0.0,0.9388575,0.0,0.31295252,1
85,424,0.0,0.0,0.99897957,0.3329932,1
85,436,1.099447,0.0,0.0,0.36648235,1
85,453,0.0,0.0,1.5641333,0.5213778,1
85,458,0.0,0.0,1.6947199,0.56490666,1
85,465,0.0,0.9934396,0.0,0.33114654,1
85,466,0.0,0.96674794,0.0,0.32224932,1
85,473,0.0,0.0,1.0748134,0.35827112,1
85,487,0.9771496,0.0,0.0,0.32571656,1
85,488,1.0084141,0.0,0.0,0.33613807,1
85,490,0.0,1.0693434,0.0,0.35644782,1
85,501,0.963664,0.0,0.0,0.32122135,1
85,503,0.0,0.0,1.9908935,0.6636312,1
85,508,0.0,0.0,0.8743466,0.2914489,1
86,90,0.9865989,0.0,0.0,0.3288663,1
86,95,0.0,0.0,0.9108222,0.3036074,1
86,97,0.0,0.0,0.71171224,0.23723742,1
86,113,0.0,0.9679662,0.0,0.3226554,1
86,118,0.0,0.0,1.1727492,0.3909164,1
86,120,0.0,0.9761939,0.0,0.32539797,1
86,122,0.0,0.9516347,0.0,0.31721157,1
86,129,0.0,0.0,1.6874776,0.56249255,1
86,134,0.0,0.9513542,0.0,0.31711808,1
86,156,0.0,1.0057867,0.0,0.33526224,1
86,160,0.0,0.97988755,0.0,0.3266292,1
86,164,0.0,1.0041184,0.0,0.33470616,1
86,165,0.0,1.0585083,0.0,0.3528361,1
86,173,0.0,1.0544075,0.0,0.35146916,1
86,179,1.0890245,0.0,0.0,0.3630082,1
86,181,1.0624706,0.0,0.0,0.35415685,1
86,183,0.9884744,0.0,0.0,0.3294915,1
86,187,1.0069401,0.0,0.0,0.33564672,1
86,188,0.0,0.98280084,0.0,0.3276003,1
86,189,0.0,0.0,1.4516401,0.48388004,1
86,191,1.0214992,0.0,0.0,0.34049973,1
86,213,0.0,0.95618093,0.0,0.318727,1
86,214,0.0,1.0517244,0.0,0.35057482,1
86,215,0.0,0.9825898,0.0,0.32752994,1
86,221,0.0,0.0,0.76790226,0.25596744,1
86,224,0.0,0.99575865,0.0,0.33191955,1
86,231,0.0,0.0,0.88867265,0.29622424,1
86,241,0.98206156,0.0,0.0,0.32735386,1
86,249,0.0,0.0,0.8921343,0.29737812,1
86,250,0.9592447,0.0,0.0,0.31974825,1
86,254,0.0,1.0919243,0.0,0.36397478,1
86,256,1.0008097,0.0,1.032329,0.6777129,2
86,257,1.0461468,0.0,0.0,0.3487156,1
86,266,0.0,1.017838,0.0,0.33927935,1
86,270,0.0,1.0276191,0.0,0.34253973,1
86,273,0.0,0.0,0.86512935,0.28837645,1
86,275,0.0,0.0,1.665297,0.555099,1
86,282,0.0,0.9384151,0.0,0.31280506,1
86,291,0.0,0.0,0.84228677,0.28076226,1
86,296,1.0018969,0.9711359,1.241195,1.0714093,3
86,311,0.97210157,0.0,0.0,0.32403386,1
86,313,0.0,0.0,1.3655815,0.45519385,1
86,319,0.0,0.0,1.3572835,0.45242783,1
86,320,0.0,1.0255369,0.0,0.34184563,1
86,321,0.0,0.95587236,0.0,0.31862414,1
86,329,0.9714604,0.0,0.0,0.32382014,1
86,330,1.000857,0.0,0.0,0.333619,1
86,333,0.0,0.9351211,0.0,0.31170705,1
86,339,0.9782782,0.0,0.0,0.32609275,1
86,351,0.97121704,0.0,0.0,0.32373902,1
86,357,0.0,0.0,0.9106761,0.3035587,1
86,360,0.0,1.0210366,0.0,0.34034556,1
86,372,0.0,0.0,1.2394251,0.4131417,1
86,373,0.0,0.0,0.622472,0.20749067,1
86,374,0.98035675,0.9491572,0.8845822,0.93803203,3
86,377,0.9947108,0.0,0.0,0.33157027,1
86,379,1.0031672,0.0,0.0,0.33438906,1
86,383,0.0,0.0,0.72525173,0.24175058,1
86,396,1.008854,0.0,0.0,0.3362847,1
86,400,0.9847368,0.0,0.0,0.3282456,1
86,409,1.0398622,0.0,0.0,0.34662074,1
86,418,0.0,0.0,0.8386998,0.27956662,1
86,423,0.0,0.0,1.2002535,0.4000845,1
86,426,0.0,0.98228014,0.0,0.32742673,1
86,430,0.0,0.0,1.0009642,0.33365473,1
86,439,0.0,0.0,1.1278452,0.3759484,1
86,448,0.0,0.9944918,0.0,0.33149728,1
86,449,0.0,0.9540623,0.0,0.31802076,1
86,452,1.0119659,0.0,0.0,0.33732197,1
86,454,0.0,1.0456953,0.0,0.3485651,1
86,461,1.0015873,0.0,0.0,0.33386242,1
86,467,0.0,0.0,0.8864736,0.29549122,1
86,470,0.0,0.0,1.3613328,0.4537776,1
86,477,0.0,0.0,0.65965146,0.21988383,1
86,487,0.0,1.2725822,0.0,0.42419407,1
86,500,0.9723365,0.0,0.0,0.32411218,1
86,508,0.0,0.0,0.564198,0.188066,1
87,100,1.0185887,0.0,0.0,0.33952957,1
87,103,0.982462,0.0,0.0,0.32748735,1
87,110,1.008724,0.0,0.0,0.33624133,1
87,119,0.964352,0.0,0.0,0.32145068,1
87,135,0.9604446,0.0,0.0,0.32014823,1
87,137,0.0,1.0623327,0.0,0.35411093,1
87,141,0.0,0.96433866,0.0,0.32144624,1
87,149,0.0,0.9650849,0.0,0.32169497,1
87,153,0.0,1.000136,0.0,0.33337867,1
87,163,0.0,0.9432718,0.0,0.31442395,1
87,167,0.0,0.9840881,0.0,0.3280294,1
87,178,0.9908406,0.0,0.0,0.3302802,1
87,185,0.0,1.1130004,0.0,0.37100014,1
87,201,1.0143193,0.0,0.0,0.33810645,1
87,204,0.9970773,0.9983755,0.0,0.66515094,2
87,218,0.0,1.0124183,0.0,0.33747277,1
87,232,0.0,0.964903,0.0,0.32163435,1
87,233,0.9684657,0.0,0.0,0.32282192,1
87,234,1.0306225,0.0,0.0,0.34354085,1
87,236,0.0,1.0617899,0.0,0.35392997,1
87,253,0.97770804,0.94326925,0.0,0.6403258,2
87,256,0.0,0.9948358,0.0,0.33161193,1
87,268,0.0,1.002905,0.0,0.33430168,1
87,270,0.99657834,0.0,0.0,0.33219278,1
87,271,0.96887773,0.0,0.0,0.32295924,1
87,288,0.0,0.9416758,0.0,0.31389195,1
87,289,0.9901046,0.0,0.0,0.33003488,1
87,291,0.9829165,0.0,0.0,0.32763883,1
87,297,1.0117217,0.0,0.0,0.33724058,1
87,308,0.0,1.0240694,0.0,0.3413565,1
87,319,0.0,1.0531585,0.0,0.35105285,1
87,320,0.96262777,0.0,0.0,0.32087594,1
87,321,0.0,0.9855875,0.0,0.32852918,1
87,326,0.9677908,0.0,0.0,0.32259694,1
87,350,1.1302891,0.0,0.0,0.37676305,1
87,352,1.0428934,0.0,0.0,0.34763116,1
87,367,0.0,0.97878134,0.0,0.32626045,1
87,386,1.0579638,0.0,0.0,0.35265464,1
87,395,0.0,1.2221715,0.0,0.40739053,1
87,398,1.040988,0.0,0.0,0.346996,1
87,413,0.0,0.97910076,0.0,0.32636693,1
87,415,0.98258275,0.0,0.0,0.32752758,1
87,418,0.0,0.9708,0.0,0.3236,1
87,423,0.96443367,0.9982709,0.0,0.6542349,2
87,429,0.0,0.95786726,0.0,0.3192891,1
87,439,0.0,0.9522217,0.0,0.31740725,1
87,453,0.9756807,0.0,0.0,0.3252269,1
87,461,0.0,0.94559234,0.0,0.31519747,1
87,463,0.0,0.9539683,0.0,0.31798944,1
87,464,0.0,1.0158508,0.0,0.33861694,1
87,473,0.0,0.96085864,0.0,0.3202862,1
87,475,0.9593609,0.0,0.0,0.31978697,1
87,476,0.0,0.9766595,0.0,0.32555318,1
87,493,1.0645647,0.0,0.0,0.3548549,1
87,496,1.0202904,0.0,0.0,0.3400968,1
87,499,1.0804865,0.0,0.0,0.3601622,1
87,503,0.9894547,0.0,0.0,0.32981825,1
88,90,0.0,1.0218266,0.0,0.3406089,1
88,92,0.0,0.0,1.3919395,0.46397984,1
88,96,0.0,0.9657211,0.0,0.32190704,1
88,100,0.0,0.0,1.6746604,0.55822015,1
88,102,0.0,0.9882591,0.0,0.3294197,1
88,105,0.0,0.0,0.87118554,0.2903952,1
88,107,1.0620385,0.0,0.0,0.35401285,1
88,113,0.0,0.9934532,0.0,0.33115107,1
88,117,1.0065037,0.0,0.0,0.33550125,1
88,119,0.0,1.1516325,0.0,0.38387752,1
88,120,1.0371186,0.0,0.0,0.3457062,1
88,124,0.0,0.0,0.61894614,0.20631538,1
88,126,0.96178746,0.0,0.0,0.32059583,1
88,128,0.0,1.0253109,0.0,0.3417703,1
88,129,1.0521827,0.0,0.0,0.35072756,1
88,141,0.0,1.017849,0.0,0.339283,1
88,143,0.0,0.0,0.79075587,0.2635853,1
88,153,0.0,0.0,0.72946936,0.24315646,1
88,157,1.0133028,1.0055346,0.0,0.67294586,2
88,159,0.0,0.0,0.93496984,0.31165662,1
88,171,0.0,0.0,0.7792069,0.25973564,1
88,172,0.0,0.9568654,0.0,0.31895512,1
88,173,0.0,0.9527305,0.0,0.31757683,1
88,188,0.0,0.0,0.89655054,0.29885018,1
88,196,0.9913389,0.0,0.0,0.3304463,1
88,203,0.0,0.0,0.7797447,0.2599149,1
88,211,0.0,0.0,1.357683,0.452561,1
88,213,0.0,1.0013335,0.0,0.33377784,1
88,215,1.0937856,0.0,0.0,0.36459523,1
88,216,0.0,0.0,0.6317497,0.21058324,1
88,222,0.0,0.0,1.1582036,0.38606787,1
88,225,0.0,0.9525744,0.0,0.3175248,1
88,229,0.0,1.0182605,0.0,0.33942017,1
88,236,0.9907368,0.0,0.0,0.3302456,1
88,247,0.0,0.0,0.89946455,0.29982153,1
88,258,1.0183148,1.0036752,0.0,0.6739967,2
88,271,0.0,0.0,1.1318471,0.37728238,1
88,273,0.0,0.0,0.7782865,0.25942886,1
88,275,0.0,0.9426812,0.0,0.31422707,1
88,280,0.0,1.0719516,0.0,0.3573172,1
88,292,0.0,0.9474038,0.0,0.31580126,1
88,295,0.98962414,0.0,0.0,0.32987472,1
88,296,1.0450945,0.0,0.0,0.34836483,1
88,305,0.0,0.0,0.89970773,0.2999026,1
88,310,1.0404131,0.0,0.0,0.34680438,1
88,316,1.0239303,0.0,0.0,0.3413101,1
88,320,0.9719941,0.0,0.0,0.32399803,1
88,322,0.0,0.0,0.7774141,0.25913805,1
88,324,0.0,0.0,0.979371,0.32645702,1
88,329,0.0,0.0,1.1384602,0.37948674,1
88,344,0.0,0.0,0.7422055,0.24740183,1
88,354,0.96889585,0.0,0.0,0.3229653,1
88,355,0.0,0.0,1.2702285,0.42340952,1
88,359,0.0,0.0,0.72572297,0.24190766,1
88,369,1.0931596,0.0,0.0,0.36438653,1
88,376,1.0069748,0.0,0.0,0.33565828,1
88,377,0.0,0.0,0.74108833,0.24702945,1
88,382,0.95798755,0.0,0.0,0.3193292,1
88,394,1.0660567,0.0,0.0,0.35535225,1
88,401,0.0,1.0011473,0.0,0.33371577,1
88,407,0.979029,0.0,0.0,0.326343,1
88,420,1.0298115,0.96679217,0.0,0.6655346,2
88,422,1.0058951,0.0,0.0,0.3352984,1
88,429,0.0,0.97306967,0.0,0.32435656,1
88,432,1.0086536,0.0,0.0,0.33621788,1
88,433,0.9874872,0.0,0.0,0.32916242,1
88,436,0.0,0.9637085,0.0,0.3212362,1
88,441,0.0,0.0,0.65309936,0.2176998,1
88,444,0.0,0.97767466,0.0,0.32589155,1
88,460,0.98518515,0.0,0.0,0.32839507,1
88,466,1.0783386,0.0,0.0,0.35944623,1
88,481,0.97114015,0.95925045,0.0,0.64346355,2
88,490,1.030635,0.0,0.0,0.34354502,1
88,500,1.0342718,0.0,0.0,0.3447573,1
88,505,0.0,0.9767592,0.0,0.3255864,1
89,94,0.0,0.0,0.92476016,0.3082534,1
89,97,0.0,1.0019777,0.0,0.33399257,1
89,103,0.0,0.9520434,0.0,0.31734782,1
89,105,0.9612409,0.0,0.0,0.32041365,1
89,112,0.0,0.0,1.1781919,0.39273065,1
89,114,0.0,0.977329,0.8818422,0.61972374,2
89,118,0.9993282,0.0,0.8225876,0.6073053,2
89,119,0.0,0.0,1.268914,0.42297134,1
89,122,0.0,0.9582899,0.87742275,0.61190426,2
89,129,0.0,1.0106646,0.0,0.3368882,1
89,138,0.9687118,0.0,0.0,0.32290393,1
89,140,0.98876995,0.98624706,0.0,0.658339,2
89,146,0.0,0.9470615,0.0,0.31568718,1
89,153,0.97594225,0.0,0.0,0.3253141,1
89,155,1.0287855,0.0,0.0,0.3429285,1
89,160,0.0,0.0,1.2486274,0.41620916,1
89,179,0.0,1.0950904,0.0,0.36503014,1
89,181,0.0,0.0,0.7212273,0.2404091,1
89,182,0.0,1.0656894,0.0,0.35522982,1
89,184,0.0,0.98207945,0.0,0.32735983,1
89,187,0.99314845,0.0,0.0,0.3310495,1
89,188,0.98290503,0.0,0.0,0.32763502,1
89,196,0.0,0.0,0.8150276,0.27167588,1
89,210,0.0,0.9481317,1.0030272,0.65038633,2
89,228,0.9858541,0.0,0.8369256,0.6075933,2
89,229,0.0,0.0,0.84594893,0.281983,1
89,234,0.0,0.0,0.71222854,0.23740952,1
89,245,1.0161984,0.0,0.0,0.3387328,1
89,247,0.0,0.0,0.5567238,0.18557459,1
89,256,0.9748638,0.9908512,1.3580103,1.1079085,3
89,264,0.9888326,0.95370156,0.0,0.6475114,2
89,269,0.0,0.0,1.3188066,0.43960223,1
89,273,0.0,0.0,0.6103045,0.20343482,1
89,274,1.0326895,0.0,0.0,0.34422982,1
89,275,0.0,0.0,0.8535995,0.28453317,1
89,279,0.0,0.9828911,0.0,0.32763037,1
89,287,1.0435005,0.0,0.0,0.3478335,1
89,290,0.0,0.0,0.756638,0.25221267,1
89,301,0.0,0.93231475,0.0,0.31077158,1
89,307,0.0,0.0,1.338587,0.4461957,1
89,310,0.9645145,0.0,0.0,0.32150483,1
89,314,0.0,1.1561451,0.0,0.3853817,1
89,315,0.0,0.0,0.7877372,0.26257908,1
89,319,0.0,0.9687268,1.1120144,0.6935804,2
89,323,1.0451006,0.0,0.0,0.34836686,1
89,326,0.0,0.9624647,0.0,0.32082158,1
89,327,0.96637064,0.0,0.0,0.32212356,1
89,331,0.0,1.0117606,0.0,0.33725354,1
89,339,0.9968012,0.0,0.0,0.33226708,1
89,346,0.0,0.0,1.5569854,0.51899517,1
89,352,0.99424565,0.0,0.0,0.33141524,1
89,353,0.0,0.0,0.97761303,0.32587102,1
89,355,0.96760714,0.0,0.0,0.32253572,1
89,357,0.0,0.0,0.7314716,0.24382387,1
89,362,0.0,0.93633884,0.0,0.31211296,1
89,379,0.0,0.0,1.7438,0.5812667,1
89,380,0.0,0.0,1.2816367,0.42721224,1
89,391,0.0,0.9821079,0.0,0.3273693,1
89,393,0.0,0.0,1.0147215,0.3382405,1
89,396,1.0189811,0.0,0.0,0.33966038,1
89,403,0.9790395,0.0,0.0,0.32634652,1
89,413,1.0596378,0.0,0.0,0.3532126,1
89,416,0.0,0.9676908,0.0,0.32256362,1
89,418,0.0,0.0,1.4625397,0.48751324,1
89,421,0.0,0.0,0.8136443,0.27121478,1
89,432,1.014763,0.0,0.0,0.33825433,1
89,439,0.0,0.0,0.90176594,0.30058867,1
89,445,1.0215898,0.0,0.0,0.34052992,1
89,449,0.0,0.9962786,0.0,0.33209288,1
89,452,0.9803403,0.0,0.0,0.3267801,1
89,459,0.0,0.0,0.9035777,0.30119258,1
89,462,1.061312,0.9553596,0.0,0.67222387,2
89,468,0.0,1.0837637,0.0,0.36125457,1
89,470,0.0,0.0,1.4634281,0.4878094,1
89,477,0.0,0.0,1.280821,0.42694032,1
89,480,1.0496838,0.0,0.0,0.3498946,1
89,485,0.0,0.0,1.07027,0.35675666,1
89,487,0.0,0.0,1.7074977,0.56916595,1
89,504,0.0,1.1473517,0.0,0.38245058,1
89,508,0.0,0.0,0.8213268,0.2737756,1
90,92,0.0,0.98595923,0.0,0.3286531,1
90,101,0.9999098,0.0,0.0,0.33330327,1
90,102,0.0,1.025618,0.93751675,0.6543783,2
90,103,0.0,1.1012149,0.0,0.36707163,1
90,105,0.0,0.0,0.8671682,0.28905606,1
90,109,0.0,0.0,1.3269922,0.44233072,1
90,111,0.0,0.0,0.6942318,0.23141061,1
90,117,1.0069968,0.0,0.0,0.33566558,1
90,121,0.0,1.0714772,0.0,0.35715908,1
90,122,0.9682551,0.0,0.0,0.3227517,1
90,125,0.0,1.0639558,0.0,0.35465193,1
90,137,0.0,0.0,0.8188579,0.27295265,1
90,138,0.99383175,0.0,0.0,0.33127725,1
90,139,0.0,0.0,1.4195735,0.4731912,1
90,143,0.0,0.0,1.5390269,0.51300895,1
90,153,0.0,0.0,1.0758616,0.35862052,1
90,158,0.9907596,0.0,0.0,0.3302532,1
90,159,0.0,0.0,1.311351,0.43711698,1
90,162,0.0,0.0,0.8153739,0.2717913,1
90,169,1.0433308,0.0,0.0,0.34777695,1
90,171,0.0,1.006814,1.2574594,0.7547578,2
90,173,0.0,0.95840174,0.9522137,0.6368718,2
90,177,0.0,0.0,1.0774595,0.35915315,1
90,183,0.0,0.94397235,0.0,0.31465745,1
90,186,0.0,0.0,1.2856678,0.42855594,1
90,187,0.0,0.98282087,0.0,0.32760698,1
90,188,0.9791751,1.038149,0.0,0.67244136,2
90,198,0.0,1.0044646,0.0,0.33482155,1
90,205,0.9727554,1.0775936,0.0,0.6834496,2
90,206,0.0,0.0,0.8334188,0.27780628,1
90,211,0.0,1.0209087,0.9406558,0.65385485,2
90,213,1.0210997,0.0,0.0,0.34036657,1
90,215,0.0,0.95247954,0.0,0.3174932,1
90,216,0.0,0.0,1.408557,0.46951902,1
90,219,0.9653904,0.0,0.0,0.3217968,1
90,225,0.96385634,0.0,0.0,0.32128546,1
90,230,0.9641354,0.0,0.72556025,0.5632319,2
90,244,1.0557704,0.0,0.0,0.35192347,1
90,248,0.0,0.0,1.0290121,0.34300405,1
90,273,1.0111743,0.0,0.0,0.33705813,1
90,287,1.0825775,0.0,0.0,0.36085916,1
90,297,0.9665001,0.0,0.0,0.3221667,1
90,305,0.0,0.0,1.5634999,0.5211667,1
90,317,0.97349,0.0,0.0,0.3244967,1
90,319,0.0,1.0624775,0.0,0.35415918,1
90,323,0.0,0.99890673,0.0,0.33296892,1
90,325,0.0,0.95422417,0.0,0.31807473,1
90,329,1.0042331,0.9460284,0.82629657,0.92551947,3
90,330,0.0,0.9422567,0.0,0.31408557,1
90,332,0.97204196,0.0,0.0,0.324014,1
90,344,0.0,0.0,0.9220955,0.30736518,1
90,345,0.9675279,0.0,0.0,0.32250932,1
90,352,0.0,0.95513934,0.0,0.3183798,1
90,355,0.0,0.0,1.094896,0.36496532,1
90,359,0.0,0.0,1.4979028,0.49930093,1
90,361,0.0,0.0,0.7404889,0.24682963,1
90,365,1.0716277,0.0,0.0,0.35720927,1
90,367,0.98385286,0.0,0.0,0.32795095,1
90,375,1.0112146,0.0,0.0,0.33707154,1
90,379,1.0062671,1.0013965,0.0,0.6692212,2
90,396,0.0,1.0101022,0.0,0.33670074,1
90,401,0.0,1.0503178,0.0,0.35010594,1
90,412,0.0,0.0,0.7095829,0.23652765,1
90,413,0.0,0.9453054,0.0,0.3151018,1
90,441,0.0,0.97786796,0.0,0.325956,1
90,449,0.0,0.0,0.69749266,0.23249756,1
90,450,0.0,0.0,1.3403175,0.44677252,1
90,458,1.1528766,0.0,0.0,0.38429222,1
90,460,0.0,0.0,1.0037657,0.3345886,1
90,462,0.0,0.0,0.74582,0.24860667,1
90,475,0.0,1.0726614,0.0,0.3575538,1
90,485,0.9705649,0.0,0.0,0.32352164,1
90,486,0.97726816,0.0,0.0,0.32575607,1
90,494,0.0,1.0101966,0.0,0.3367322,1
90,495,0.0,0.9307907,0.0,0.31026357,1
90,496,0.9686121,0.0,0.0,0.3228707,1
90,502,0.0,0.0,1.0105002,0.33683342,1
90,507,1.0478846,0.0,0.0,0.34929487,1
91,93,1.024765,0.0,1.0329376,0.6859009,2
91,94,0.9775629,0.0,0.0,0.3258543,1
91,96,0.9681011,0.0,0.0,0.32270038,1
91,100,0.9797918,0.0,0.0,0.32659727,1
91,101,0.97851545,0.0,0.0,0.32617182,1
91,102,0.0,0.0,0.589142,0.19638067,1
91,114,1.0023549,0.0,0.0,0.3341183,1
91,119,0.0,0.0,0.5967052,0.19890174,1
91,122,0.0,0.0,0.65748155,0.21916053,1
91,123,0.96068674,0.0,0.0,0.32022893,1
91,125,0.0,0.0,1.0797056,0.35990188,1
91,141,0.0,1.0600982,0.0,0.35336608,1
91,142,1.0077982,0.0,0.0,0.33593273,1
91,148,0.0,0.0,0.5272606,0.17575353,1
91,164,0.0,0.0,0.56922716,0.18974239,1
91,165,0.0,1.0407025,0.0,0.34690082,1
91,170,0.0,1.0921928,0.7428358,0.6116762,2
91,178,1.0080478,0.0,0.0,0.33601594,1
91,179,0.0,0.9414261,0.0,0.3138087,1
91,190,1.0133172,0.0,0.0,0.33777243,1
91,194,0.0,1.0174,0.0,0.33913335,1
91,197,0.0,0.9716358,0.0,0.32387862,1
91,221,0.0,1.056228,0.0,0.35207602,1
91,223,0.0,0.0,0.62966245,0.20988749,1
91,231,0.99200755,0.0,0.8266631,0.6062236,2
91,234,0.0,0.98611146,0.0,0.32870382,1
91,241,1.0174129,0.0,0.0,0.33913764,1
91,251,0.0,0.0,0.57526857,0.19175619,1
91,260,0.0,0.9849704,0.0,0.32832348,1
91,261,0.0,0.0,1.4600981,0.4866994,1
91,263,0.0,1.0800164,0.0,0.36000547,1
91,266,0.0,0.0,0.8359866,0.2786622,1
91,276,0.0,0.9528646,0.0,0.31762153,1
91,278,0.0,1.0707959,0.0,0.35693198,1
91,285,0.0,0.0,0.7589432,0.25298107,1
91,294,0.9738726,0.0,0.0,0.3246242,1
91,297,0.998517,0.0,0.0,0.332839,1
91,299,0.9661066,0.0,1.0696135,0.67857337,2
91,306,1.0620229,0.0,0.0,0.35400766,1
91,308,0.0,0.9655639,0.0,0.32185465,1
91,322,0.0,1.0730753,0.0,0.35769176,1
91,324,0.98684996,0.0,0.0,0.32895,1
91,329,0.0,0.9752518,0.0,0.32508394,1
91,332,0.0,0.0,0.6718586,0.22395287,1
91,352,1.0585003,0.0,0.0,0.35283345,1
91,361,0.0,0.96182156,0.0,0.3206072,1
91,366,0.970968,0.0,0.0,0.32365602,1
91,370,0.0,0.9776511,0.0,0.32588372,1
91,371,0.0,0.9910668,0.0,0.3303556,1
91,374,0.0,0.96433544,0.0,0.32144517,1
91,381,1.031456,0.0,0.0,0.34381866,1
91,384,0.0,0.94062847,1.1650945,0.7019077,2
91,385,1.0114278,0.0,0.0,0.3371426,1
91,390,0.0,0.9471279,0.0,0.3157093,1
91,398,0.0,0.9595883,0.0,0.31986278,1
91,400,0.0,0.9977937,0.0,0.3325979,1
91,404,0.0,0.0,1.0039549,0.33465165,1
91,405,0.0,0.9532234,0.0,0.31774116,1
91,406,0.0,0.0,0.6870228,0.2290076,1
91,407,0.0,0.9929946,0.0,0.3309982,1
91,414,0.0,0.96730274,0.0,0.32243425,1
91,415,0.0,0.0,1.6753991,0.5584664,1
91,419,0.0,0.0,0.88158035,0.29386014,1
91,424,0.0,0.9396471,0.0,0.3132157,1
91,428,0.9727973,0.0,0.0,0.32426578,1
91,441,0.9628589,0.0,0.0,0.32095298,1
91,446,0.0,0.0,1.3937036,0.46456787,1
91,450,0.0,1.0439527,0.0,0.34798425,1
91,459,0.0,0.94252723,0.0,0.31417575,1
91,461,0.0,0.0,0.756614,0.2522047,1
91,471,1.0059451,0.0,1.2952161,0.7670537,2
91,480,1.0636525,0.0,0.0,0.35455084,1
91,485,0.0,0.97038156,0.0,0.32346052,1
91,490,0.0,0.0,0.76306796,0.254356,1
91,491,0.0,1.1624432,0.3794786,0.51397395,2
91,493,0.0,1.0288626,0.0,0.34295422,1
91,495,0.0,0.9935756,0.0,0.33119187,1
91,506,0.9631715,0.0,0.0,0.32105717,1
92,100,0.0,0.0,1.1437496,0.38124987,1
92,101,0.0,0.0,0.7833043,0.26110142,1
92,105,0.0,0.0,1.1400814,0.38002715,1
92,113,0.0,1.068447,0.0,0.35614902,1
92,114,1.0712932,0.0,0.0,0.35709774,1
92,120,0.0,0.0,0.82978207,0.27659404,1
92,124,0.0,0.0,1.441288,0.48042935,1
92,133,0.9829288,0.0,0.0,0.32764295,1
92,134,1.0037479,0.0,0.0,0.33458266,1
92,140,1.0191636,0.0,0.0,0.3397212,1
92,141,1.0035466,0.0,0.0,0.33451554,1
92,143,0.9809187,0.0,0.0,0.3269729,1
92,145,0.0,0.9531705,0.0,0.3177235,1
92,148,1.0387938,0.0,0.0,0.3462646,1
92,180,1.0248479,0.0,0.0,0.34161597,1
92,181,0.0,0.9708635,0.0,0.32362118,1
92,184,1.0854986,0.0,0.0,0.36183286,1
92,186,0.0,0.0,0.8872471,0.29574904,1
92,188,0.0,0.9736653,0.0,0.3245551,1
92,202,1.0048892,0.0,0.0,0.33496308,1
92,203,0.0,0.0,1.3225794,0.4408598,1
92,204,0.97862667,0.0,0.0,0.3262089,1
92,207,1.0402367,0.0,0.0,0.34674558,1
92,211,0.0,0.0,1.0853584,0.36178613,1
92,216,0.0,0.0,0.7435003,0.24783343,1
92,222,0.0,0.0,1.033814,0.34460467,1
92,231,1.016175,0.0,0.0,0.33872503,1
92,232,0.98183006,0.0,0.0,0.3272767,1
92,247,0.0,0.0,0.9506987,0.31689957,1
92,248,0.0,0.98662347,0.0,0.3288745,1
92,252,0.0,0.971652,0.0,0.323884,1
92,254,1.0028342,0.0,0.0,0.33427808,1
92,259,1.0060546,0.0,0.0,0.33535156,1
92,270,0.0,1.054976,0.0,0.35165867,1
92,271,0.0,0.0,1.1869291,0.39564306,1
92,274,0.96976584,0.0,0.0,0.3232553,1
92,305,0.0,0.0,0.91339034,0.30446345,1
92,306,1.1443186,0.0,0.0,0.38143954,1
92,312,0.0,1.0202018,0.0,0.34006727,1
92,317,0.0,0.0,0.742051,0.24735034,1
92,321,0.0,1.0427228,0.0,0.3475743,1
92,324,0.0,0.9663885,0.7380335,0.5681407,2
92,327,0.0,0.98211,0.0,0.32737002,1
92,329,0.0,0.95141554,0.8227278,0.59138113,2
92,337,0.0,0.9992925,0.0,0.33309752,1
92,342,0.0,0.9788585,0.0,0.32628617,1
92,346,0.0,0.9624865,0.0,0.32082886,1
92,347,0.0,1.0205555,0.0,0.34018517,1
92,358,0.0,0.0,0.85563415,0.28521138,1
92,361,0.0,0.0,0.5943679,0.19812265,1
92,365,0.0,0.95362365,0.0,0.31787455,1
92,366,0.0,0.9439165,0.0,0.31463885,1
92,367,1.0209866,0.95344025,0.0,0.6581423,2
92,377,0.9854059,0.0,1.2668247,0.75074357,2
92,387,0.0,0.97998655,0.7162628,0.56541646,2
92,390,1.0158064,0.0,0.0,0.33860216,1
92,406,0.0,1.0327301,0.0,0.34424338,1
92,434,0.0,0.9590594,0.0,0.31968647,1
92,437,0.9931368,0.0,0.0,0.33104563,1
92,448,0.0,0.9633855,0.0,0.32112852,1
92,461,0.0,0.9522205,0.0,0.31740683,1
92,470,0.0,0.94724,0.0,0.31574667,1
92,472,0.0,0.0,0.92515904,0.30838636,1
92,476,0.97791934,0.0,0.0,0.32597312,1
92,479,0.9700844,0.0,0.0,0.3233615,1
92,484,0.95914423,0.0,0.0,0.31971475,1
92,485,0.9807218,0.0,0.0,0.32690728,1
92,491,0.9592033,0.0,0.0,0.31973445,1
92,492,0.0,0.99617773,0.0,0.33205926,1
92,495,0.0,1.0560088,0.0,0.35200295,1
92,500,0.0,1.0910479,0.0,0.36368263,1
92,501,0.0,0.0,0.69856834,0.23285612,1
92,504,0.0,0.0,0.6813334,0.22711115,1
92,505,1.0647217,0.0,0.0,0.35490724,1
93,95,1.003126,0.0,0.0,0.33437535,1
93,96,0.0,0.96055716,0.0,0.32018572,1
93,98,1.0020782,0.0,0.0,0.33402607,1
93,99,1.0086325,0.99483234,0.0,0.66782165,2
93,106,1.0412533,0.0,0.0,0.34708446,1
93,111,0.0,1.000611,0.0,0.33353698,1
93,115,0.9889253,0.0,0.0,0.32964176,1
93,117,0.0,0.0,0.7918197,0.26393992,1
93,125,0.0,0.0,0.68408984,0.22802995,1
93,135,0.0,0.94248796,0.0,0.31416267,1
93,139,1.0260191,0.0,0.0,0.3420064,1
93,154,0.98715335,0.0,1.3808706,0.78934133,2
93,164,0.0,0.0,1.623184,0.54106134,1
93,166,0.9888323,0.0,0.0,0.32961076,1
93,168,0.0,0.0,1.3618162,0.45393872,1
93,170,0.0,0.0,1.5827825,0.5275942,1
93,176,0.0,0.98554486,0.0,0.32851496,1
93,177,0.0,0.99647284,0.0,0.3321576,1
93,179,0.0,1.0700537,0.0,0.35668457,1
93,182,1.0466338,0.0,0.0,0.34887797,1
93,188,0.0,1.0026164,0.0,0.33420548,1
93,196,0.0,0.95563215,0.0,0.31854406,1
93,208,0.9740686,0.0,0.0,0.32468954,1
93,213,0.99520713,0.9453534,0.0,0.64685357,2
93,217,0.0,0.0,1.6870663,0.56235546,1
93,223,0.0,1.0013475,1.2847625,0.7620367,2
93,231,0.0,0.0,1.0049474,0.33498248,1
93,240,0.0,1.1047589,0.0,0.36825296,1
93,241,1.0386736,0.0,0.0,0.34622455,1
93,245,0.0,1.0299437,0.0,0.3433146,1
93,260,0.0,0.0,1.4697702,0.48992342,1
93,261,0.0,0.0,1.7427114,0.5809038,1
93,262,0.9697112,0.0,0.0,0.32323706,1
93,266,0.0,0.0,1.2794094,0.4264698,1
93,275,0.95908207,0.0,0.0,0.31969404,1
93,277,0.0,0.0,0.5288864,0.17629546,1
93,279,0.0,0.0,0.93464607,0.3115487,1
93,285,0.0,0.0,1.4640366,0.4880122,1
93,293,0.0,0.0,0.81164217,0.2705474,1
93,294,0.98660874,0.0,0.0,0.32886958,1
93,298,0.99619406,0.0,0.0,0.3320647,1
93,304,0.0,0.0,0.6053857,0.20179525,1
93,314,0.0,1.0415097,1.3214962,0.7876687,2
93,323,0.0,0.0,0.9732369,0.32441232,1
93,328,0.9875206,0.0,0.0,0.32917354,1
93,333,0.0,0.0,0.8730398,0.29101327,1
93,340,1.0778056,0.0,0.0,0.35926855,1
93,343,0.0,0.0,0.76120025,0.25373343,1
93,345,0.0,0.0,0.9315509,0.31051698,1
93,355,0.0,1.0982482,0.0,0.36608276,1
93,358,0.0,0.0,0.826086,0.275362,1
93,362,0.0,0.9248972,0.0,0.30829906,1
93,370,0.0,1.0258267,0.0,0.34194225,1
93,384,0.0,0.0,0.53164065,0.17721355,1
93,387,1.0876648,0.0,0.0,0.36255497,1
93,389,0.0,0.0,0.6763321,0.22544405,1
93,392,0.99056464,0.0,0.0,0.3301882,1
93,395,0.0,0.0,0.6466379,0.21554598,1
93,406,1.0407531,0.0,0.0,0.34691772,1
93,408,0.0,0.0,0.7250748,0.24169162,1
93,415,0.0,0.0,1.1683145,0.38943815,1
93,416,0.0,0.0,0.73808604,0.24602869,1
93,419,0.0,0.0,1.6389626,0.5463209,1
93,424,0.0,0.0,1.0179632,0.33932108,1
93,426,1.0126576,0.0,0.0,0.33755255,1
93,430,1.0255452,0.0,0.0,0.34184843,1
93,446,0.0,0.0,1.089893,0.36329767,1
93,448,0.0,0.9412014,0.0,0.31373382,1
93,456,0.0,0.96660113,0.0,0.3222004,1
93,461,0.0,0.0,0.88218147,0.2940605,1
93,464,0.0,0.0,0.75012195,0.25004065,1
93,468,0.0,0.0,0.4869166,0.16230553,1
93,471,0.0,0.0,1.7466668,0.5822223,1
93,473,0.0,0.0,0.8274894,0.2758298,1
93,477,0.0,0.0,0.8658731,0.28862438,1
93,480,1.0572311,0.0,0.0,0.35241038,1
93,491,0.0,0.9281813,0.0,0.30939376,1
93,497,0.0,0.96653765,0.63332826,0.53328866,2
93,500,0.9761486,0.0,0.0,0.3253829,1
93,503,0.0,0.94555813,0.0,0.31518605,1
93,511,0.0,0.9958847,0.0,0.33196157,1
94,104,0.97762567,0.9489188,0.71368885,0.88007784,3
94,114,0.9807344,0.0,0.0,0.32691148,1
94,115,0.0,1.0712616,0.0,0.35708722,1
94,129,0.0,0.0,0.9722677,0.32408923,1
94,134,0.0,1.03211,0.0,0.34403667,1
94,135,1.0631968,0.0,0.0,0.35439894,1
94,140,0.0,0.9809558,0.0,0.32698527,1
94,145,0.0,0.96841586,0.0,0.3228053,1
94,171,0.97582686,0.0,0.0,0.32527563,1
94,189,0.0,0.0,0.72960365,0.24320123,1
94,196,0.0,0.95349187,0.0,0.31783062,1
94,198,0.0,0.0,0.9864021,0.3288007,1
94,202,0.0,0.95258826,0.0,0.31752944,1
94,206,0.9699977,0.0,0.0,0.32333258,1
94,212,0.98212427,0.0,0.0,0.32737476,1
94,213,0.0,1.0161108,0.0,0.3387036,1
94,216,1.0246289,0.0,0.0,0.34154296,1
94,219,0.0,0.0,0.721568,0.24052267,1
94,223,0.0,0.9536877,0.0,0.31789592,1
94,225,1.0191288,0.0,0.0,0.3397096,1
94,231,0.0,0.9846359,0.7613549,0.5819969,2
94,233,0.9685828,0.0,0.0,0.32286096,1
94,237,0.0,0.976575,0.0,0.32552502,1
94,244,1.0141413,0.0,0.0,0.33804712,1
94,247,0.0,0.0,0.62055534,0.20685178,1
94,258,0.0,1.0008247,0.0,0.33360824,1
94,266,0.0,0.0,0.9001895,0.3000632,1
94,273,0.0,0.0,0.5989971,0.19966571,1
94,286,0.9770322,0.0,0.0,0.3256774,1
94,295,0.0,1.0195777,0.0,0.33985925,1
94,301,0.9757103,0.9537025,0.0,0.6431376,2
94,303,0.0,0.99857974,0.0,0.33285993,1
94,306,0.9673159,0.0,0.78393656,0.58375084,2
94,308,0.0,0.0,1.4487135,0.48290452,1
94,314,0.0,0.9781062,0.0,0.3260354,1
94,315,0.0,0.0,0.7375599,0.2458533,1
94,325,0.0,0.9487261,0.0,0.31624204,1
94,327,0.0,0.9846206,0.0,0.32820687,1
94,333,0.95962137,1.0020518,0.0,0.6538911,2
94,350,0.0,1.0266465,0.8388727,0.62183976,2
94,354,1.0000774,0.0,0.0,0.33335912,1
94,356,1.0442718,0.0,0.0,0.34809062,1
94,357,0.0,0.0,0.73354614,0.24451539,1
94,371,0.0,0.0,0.656063,0.21868768,1
94,373,0.96471184,0.0,1.2941918,0.75296795,2
94,374,0.0,0.9356729,1.137969,0.69121397,2
94,379,0.0,0.9582996,0.0,0.3194332,1
94,380,0.0,0.0,0.74961805,0.24987268,1
94,385,1.0498507,0.0,0.0,0.34995025,1
94,395,0.0,0.0,1.005476,0.33515868,1
94,411,0.0,0.98144835,0.0,0.32714945,1
94,413,0.9790512,0.0,0.0,0.3263504,1
94,416,0.0,0.0,0.8724726,0.2908242,1
94,420,0.0,1.1015316,0.0,0.36717722,1
94,422,0.9688212,0.0,0.0,0.3229404,1
94,435,1.0304959,0.0,0.0,0.34349865,1
94,439,0.0,0.0,1.1569351,0.38564503,1
94,446,0.9663001,0.0,0.0,0.32210004,1
94,453,0.0,0.0,1.4799982,0.49333274,1
94,459,0.0,0.0,0.70850533,0.23616844,1
94,462,0.9772024,0.0,0.0,0.32573414,1
94,470,0.0,0.0,0.93480325,0.3116011,1
94,471,0.964987,1.0367831,0.8130192,0.9382631,3
94,477,0.0,0.0,1.7649578,0.5883193,1
94,483,0.0,1.0485879,0.0,0.34952933,1
94,484,0.0,0.97455126,0.0,0.32485044,1
94,497,1.0666658,0.0,0.0,0.35555527,1
94,499,0.0,1.0649005,0.0,0.35496685,1
94,503,0.0,0.0,0.6582893,0.21942978,1
94,508,0.0,0.0,1.1105496,0.3701832,1
95,97,0.0,0.939597,0.6221553,0.5205841,2
95,104,0.0,0.0,1.668885,0.55629504,1
95,118,1.0125282,0.0,0.0,0.3375094,1
95,121,0.9811633,0.99015623,0.0,0.6571065,2
95,128,0.0,0.0,0.8864601,0.29548672,1
95,132,0.0,0.0,0.82188517,0.27396172,1
95,146,0.0,0.0,1.2392861,0.41309536,1
95,154,0.0,0.9427364,0.0,0.31424546,1
95,161,0.0,1.0145137,0.0,0.33817124,1
95,166,0.98503673,0.0,0.0,0.3283456,1
95,174,0.98175037,0.0,0.0,0.32725012,1
95,175,0.0,0.96217114,0.64771825,0.5366298,2
95,178,0.0,0.97998935,0.0,0.32666314,1
95,182,1.0237304,0.0,0.0,0.34124348,1
95,189,0.0,0.0,0.9595568,0.3198523,1
95,194,0.0,0.0,1.131704,0.37723467,1
95,197,0.0,0.9508551,0.0,0.3169517,1
95,202,0.9697032,0.0,0.0,0.3232344,1
95,206,0.99090326,0.0,0.0,0.3303011,1
95,208,0.0,0.0,1.1595445,0.38651484,1
95,212,1.0085809,0.0,0.0,0.33619365,1
95,216,1.0200039,0.0,0.0,0.3400013,1
95,221,0.0,0.0,1.5337445,0.5112482,1
95,226,0.0,1.0909724,0.0,0.36365747,1
95,229,0.0,0.0,0.75085306,0.25028437,1
95,230,0.98648727,0.0,0.0,0.3288291,1
95,233,0.0,0.0,1.2633827,0.42112756,1
95,234,0.0,0.0,1.064102,0.35470068,1
95,239,0.0,1.0568813,0.0,0.3522938,1
95,243,0.96284926,0.0,0.0,0.32094976,1
95,254,0.98682874,0.0,0.0,0.32894292,1
95,279,0.98825073,0.0,0.0,0.32941693,1
95,285,0.0,0.9399563,0.0,0.3133188,1
95,287,0.97291327,0.0,0.0,0.32430443,1
95,289,1.0304506,0.0,0.0,0.34348354,1
95,295,0.0,0.9535761,0.0,0.3178587,1
95,296,0.0,0.0,0.99541795,0.331806,1
95,302,0.9935142,0.0,0.0,0.3311714,1
95,303,1.0055087,0.0,0.0,0.33516955,1
95,308,0.0,0.0,0.78150415,0.26050138,1
95,309,0.0,0.0,0.6989214,0.2329738,1
95,326,0.0,0.9735899,0.0,0.32452998,1
95,338,0.0,0.9338102,0.0,0.31127006,1
95,342,1.0678737,0.93367875,0.8188755,0.9401427,3
95,348,0.0,0.9559981,0.0,0.31866604,1
95,353,0.0,0.0,0.68287647,0.22762549,1
95,363,0.99702144,0.0,0.0,0.33234048,1
95,373,0.97943366,0.0,1.061548,0.68032724,2
95,382,0.9786206,0.0,0.0,0.32620686,1
95,388,1.0027977,0.0,0.8026808,0.6018262,2
95,395,0.0,0.0,0.8457527,0.28191757,1
95,409,0.0,0.9770729,0.0,0.32569098,1
95,410,0.0,1.2091863,0.0,0.4030621,1
95,422,0.0,0.95199776,0.0,0.3173326,1
95,423,0.0,0.0,0.9245665,0.30818886,1
95,427,0.9665474,0.0,0.0,0.32218248,1
95,428,0.0,0.0,0.705306,0.235102,1
95,435,0.0,1.0065135,0.0,0.3355045,1
95,436,0.0,0.9938051,0.0,0.33126837,1
95,438,1.0605936,0.0,0.0,0.3535312,1
95,441,0.0,0.9374812,0.0,0.31249374,1
95,442,0.0,0.96209806,0.0,0.32069936,1
95,445,0.0,0.0,1.1047827,0.36826092,1
95,453,0.0,0.0,0.99823123,0.33274376,1
95,458,0.0,0.95539683,0.0,0.31846562,1
95,461,0.97014505,0.0,0.0,0.3233817,1
95,463,0.0,0.0,0.6682104,0.2227368,1
95,467,0.0,0.99400043,1.9187222,0.97090757,2
95,468,0.0,0.0,0.5911483,0.19704944,1
95,473,0.0,0.0,0.79785,0.26595002,1
95,477,0.0,0.0,0.61819565,0.20606522,1
95,480,0.99001557,0.0,0.0,0.3300052,1
95,485,0.0,0.9372094,0.0,0.31240314,1
95,495,0.0,0.0,1.370648,0.4568827,1
95,501,0.0,0.9586762,0.0,0.31955874,1
95,503,0.0,0.0,0.73708075,0.2456936,1
95,511,0.0,1.0039736,0.0,0.33465788,1
96,99,0.0,0.0,1.7149284,0.5716428,1
96,103,0.0,0.0,1.0657257,0.3552419,1
96,107,0.0,0.0,0.73868984,0.24622995,1
96,109,0.0,1.0134248,0.0,0.33780825,1
96,110,0.0,0.0,0.85459113,0.2848637,1
96,111,0.0,1.0058506,0.0,0.33528352,1
96,115,0.9883571,0.0,1.685491,0.89128274,2
96,116,0.0,0.0,1.5737047,0.52456826,1
96,119,0.0,1.0002573,0.0,0.33341908,1
96,123,0.0,0.9858852,0.0,0.32862842,1
96,125,1.0966794,0.0,0.0,0.36555982,1
96,139,0.0,1.0037434,0.0,0.33458114,1
96,142,0.0,0.0,0.5972412,0.19908041,1
96,147,0.0,1.0769117,1.1437953,0.7402357,2
96,160,1.0536102,0.0,0.0,0.3512034,1
96,164,1.0373127,0.0,0.0,0.34577093,1
96,169,0.0,0.9503976,0.0,0.31679922,1
96,180,0.0,1.0019573,0.0,0.33398578,1
96,191,0.9738757,0.0,0.0,0.32462525,1
96,200,0.0,0.0,0.66980284,0.22326761,1
96,205,0.0,0.0,1.2884809,0.42949364,1
96,206,0.0,0.0,0.84812933,0.28270978,1
96,214,0.0,0.94450736,0.0,0.3148358,1
96,230,0.0,0.0,0.63270384,0.21090129,1
96,233,1.0044451,0.0,0.0,0.33481503,1
96,235,0.0,0.0,0.9226488,0.3075496,1
96,236,0.0,0.0,0.89502466,0.29834157,1
96,237,0.986728,0.0,0.0,0.32890934,1
96,242,0.0,0.0,0.74879867,0.24959956,1
96,243,0.0,0.0,0.635934,0.211978,1
96,244,0.0,0.0,0.4784323,0.15947744,1
96,246,1.0060353,0.0,1.6393468,0.8817941,2
96,251,0.0,0.96087563,0.0,0.32029188,1
96,252,0.0,0.0,1.5402268,0.51340896,1
96,257,0.0,0.0,1.2080632,0.40268776,1
96,268,0.0,0.0,0.671814,0.22393802,1
96,272,1.0442079,0.0,0.0,0.3480693,1
96,280,0.0,0.0,0.8922853,0.29742843,1
96,281,0.0,0.9497884,0.0,0.31659615,1
96,286,0.0,0.0,1.5593989,0.51979965,1
96,310,0.0,0.9566637,0.0,0.31888792,1
96,311,1.054896,0.0,0.0,0.351632,1
96,314,0.0,0.0,0.77384466,0.25794822,1
96,316,0.0,1.0516983,0.0,0.35056612,1
96,321,0.0,0.0,0.7480275,0.2493425,1
96,322,0.0,1.0371578,0.0,0.34571928,1
96,325,0.0,0.95250744,0.0,0.3175025,1
96,326,0.0,0.0,1.0862914,0.36209714,1
96,327,0.0,0.0,1.400198,0.46673268,1
96,328,0.0,0.0,0.7930212,0.2643404,1
96,330,0.9978516,0.0,0.48047066,0.49277413,2
96,335,0.0,0.0,1.452697,0.48423237,1
96,343,0.0,0.0,1.069381,0.35646033,1
96,345,0.9665903,0.0,0.0,0.32219678,1
96,354,1.0082039,0.0,0.0,0.33606797,1
96,355,0.0,0.9815235,0.0,0.3271745,1
96,359,1.013173,0.0,0.0,0.33772433,1
96,368,0.0,0.9656891,0.0,0.32189637,1
96,370,0.0,0.0,1.716076,0.57202536,1
96,371,0.0,0.929703,0.0,0.309901,1
96,380,0.98982877,0.0,0.0,0.32994294,1
96,386,0.0,0.9459734,0.0,0.3153245,1
96,390,1.0457481,0.0,0.0,0.3485827,1
96,394,0.98033315,0.0,0.0,0.32677773,1
96,396,0.0,0.987778,0.0,0.32925934,1
96,403,0.0,0.0,1.7639277,0.5879759,1
96,405,0.0,0.0,0.73872906,0.24624303,1
96,407,0.9956581,0.0,0.0,0.33188605,1
96,410,0.0,0.0,1.8644,0.6214667,1
96,425,0.0,0.0,1.2898716,0.4299572,1
96,428,0.0,0.9886045,0.0,0.32953483,1
96,438,0.99866277,0.0,0.66397536,0.5542127,2
96,442,0.0,0.0,1.4943916,0.49813053,1
96,443,0.0,0.96083784,0.0,0.3202793,1
96,444,0.98843956,0.0,0.0,0.32947987,1
96,448,0.0,0.0,0.71498626,0.23832875,1
96,450,0.0,0.94435316,0.0,0.3147844,1
96,454,0.0,0.0,0.9648115,0.32160383,1
96,457,0.0,1.0987742,0.0,0.36625808,1
96,460,0.0,0.0,0.80064666,0.26688224,1
96,462,0.0,0.9824317,0.0,0.32747725,1
96,465,1.0435314,0.0,0.98846483,0.6773321,2
96,466,1.0103735,0.0,0.0,0.33679116,1
96,474,0.0,0.0,0.7486464,0.2495488,1
96,475,0.0,1.0388296,0.0,0.34627652,1
96,476,0.0,0.0,1.188627,0.396209,1
96,478,0.0,0.0,0.8377178,0.27923927,1
96,484,0.97252136,0.0,0.0,0.3241738,1
96,494,0.0,0.0,0.9996578,0.3332193,1
96,499,0.0,1.0392865,0.0,0.34642884,1
96,504,0.99744594,0.0,0.0,0.33248198,1
96,506,1.0922302,0.0,0.0,0.36407673,1
97,110,1.0066811,0.0,0.0,0.33556038,1
97,113,0.95684665,0.0,0.0,0.3189489,1
97,130,0.0,0.0,1.108086,0.369362,1
97,163,1.0034525,0.0,0.0,0.3344842,1
97,164,0.0,0.0,0.6790054,0.22633514,1
97,167,0.0,0.0,0.90803254,0.3026775,1
97,168,0.96453446,0.0,0.54529834,0.50327766,2
97,169,1.0021697,0.0,0.0,0.3340566,1
97,172,0.0,1.0182872,0.0,0.33942908,1
97,189,0.0,0.0,0.7008985,0.23363285,1
97,193,0.9814157,0.0,0.0,0.32713857,1
97,201,0.0,0.9604934,0.0,0.32016447,1
97,204,0.97994155,0.0,0.0,0.3266472,1
97,213,0.9981061,0.0,0.0,0.33270204,1
97,215,0.9655035,0.0,0.5931263,0.5195433,2
97,221,1.0430822,0.0,0.6752332,0.57277185,2
97,227,0.0,0.0,0.7411315,0.24704383,1
97,233,0.0,0.9870309,0.0,0.3290103,1
97,244,0.0,0.0,0.76057035,0.25352347,1
97,247,0.0,0.0,0.79756445,0.26585484,1
97,263,0.0,0.98034734,0.0,0.32678246,1
97,265,0.9669518,0.0,0.0,0.32231727,1
97,269,1.0440121,0.0,0.0,0.34800404,1
97,277,0.0,0.0,1.2530067,0.4176689,1
97,279,0.0,0.0,0.7373231,0.24577437,1
97,282,0.0,1.0596339,0.0,0.35321128,1
97,285,0.0,0.0,0.7317066,0.2439022,1
97,289,0.0,0.9539641,0.9193924,0.6244522,2
97,305,0.0,0.9534119,0.0,0.31780398,1
97,306,0.0,0.9642048,0.0,0.3214016,1
97,313,0.0,0.0,0.7697409,0.2565803,1
97,317,0.0,1.0099769,0.0,0.33665895,1
97,332,0.9590813,0.0,0.0,0.31969377,1
97,335,1.0366689,0.0,0.0,0.34555632,1
97,345,0.0,0.97662205,0.0,0.3255407,1
97,348,0.0,0.0,0.9113144,0.3037715,1
97,349,0.98741156,0.0,0.0,0.3291372,1
97,352,0.96734583,0.0,0.0,0.3224486,1
97,370,1.017218,0.0,0.0,0.33907267,1
97,372,0.0,0.0,0.6526734,0.21755782,1
97,384,0.0,0.9887285,0.0,0.3295762,1
97,388,0.96651804,0.0,0.0,0.3221727,1
97,389,0.0,0.0,1.3550404,0.45168015,1
97,405,1.0005431,0.0,0.0,0.3335144,1
97,430,0.0,0.0,0.813782,0.27126068,1
97,431,0.96974266,0.0,0.0,0.32324755,1
97,441,0.0,0.9389544,0.0,0.31298482,1
97,453,0.0,0.0,0.59273046,0.19757682,1
97,458,0.0,1.1557524,0.6188743,0.59154224,2
97,463,1.0478088,0.99748755,0.0,0.68176544,2
97,464,0.9699596,0.0,0.0,0.32331988,1
97,468,0.0,0.99341035,0.0,0.3311368,1
97,472,1.0412383,0.0,0.0,0.34707946,1
97,486,0.0,0.0,0.84245807,0.28081936,1
97,488,0.0,0.9746329,0.0,0.32487765,1
97,503,0.0,0.0,0.45996225,0.15332076,1
97,510,0.0,0.9686993,0.0,0.32289976,1
97,511,0.0,1.0671933,0.0,0.3557311,1
98,109,0.9719855,0.0,0.0,0.32399517,1
98,111,0.0,0.9430196,0.0,0.31433988,1
98,113,0.0,0.0,1.1134617,0.37115392,1
98,123,1.0069621,0.0,0.0,0.33565402,1
98,132,0.0,0.0,0.85769254,0.28589752,1
98,136,0.0,0.0,0.8294584,0.27648616,1
98,140,0.0,0.94429517,0.0,0.31476507,1
98,142,0.0,0.0,1.2959883,0.4319961,1
98,149,0.9764605,0.0,0.0,0.32548684,1
98,150,0.0,0.0,0.8955572,0.29851907,1
98,157,0.0,0.0,1.6344743,0.5448248,1
98,172,0.0,0.0,1.2611789,0.42039296,1
98,176,0.0,0.0,1.5404083,0.51346946,1
98,180,0.0,0.0,1.0614859,0.35382864,1
98,185,0.97144204,0.0,0.0,0.32381403,1
98,193,0.0,0.0,1.0463217,0.34877393,1
98,194,0.96673626,0.0,0.0,0.32224542,1
98,200,0.9552778,0.0,0.0,0.31842595,1
98,212,0.0,0.9796093,2.0282004,1.0026033,2
98,214,1.1651288,0.0,0.0,0.3883763,1
98,216,0.0,0.99424344,0.0,0.3314145,1
98,217,1.0129274,0.0,0.0,0.3376425,1
98,218,0.0,1.0364072,0.0,0.3454691,1
98,222,1.0043445,0.0,0.0,0.3347815,1
98,233,0.0,0.0,0.721466,0.24048868,1
98,238,0.96924543,0.0,0.0,0.32308182,1
98,244,0.9719826,0.0,0.0,0.32399422,1
98,250,0.0,0.0,0.9277427,0.30924758,1
98,252,0.9779356,0.9874419,0.0,0.65512586,2
98,259,0.0,0.0,0.81278944,0.2709298,1
98,262,1.0001462,0.0,0.0,0.33338207,1
98,274,0.0,0.9756914,0.0,0.32523048,1
98,281,1.0229588,0.97656876,1.1771092,1.0588789,3
98,283,0.0,0.0,2.054943,0.68498105,1
98,289,0.0,1.0363109,0.0,0.345437,1
98,291,0.0,0.9388579,0.0,0.31295264,1
98,294,0.0,0.0,1.6252551,0.54175174,1
98,296,0.9787233,1.0079572,0.0,0.66222686,2
98,301,0.0,1.0222659,0.0,0.3407553,1
98,307,0.98476225,0.0,0.0,0.3282541,1
98,319,0.0,0.95264685,0.0,0.31754896,1
98,323,0.0,0.9544859,0.0,0.31816196,1
98,328,0.97413397,0.0,0.0,0.32471132,1
98,338,0.0,0.0,1.382237,0.46074566,1
98,352,0.0,0.9874802,0.0,0.3291601,1
98,364,0.0,0.0,0.7181097,0.23936991,1
98,365,0.0,0.0,1.0131667,0.33772224,1
98,372,1.0367093,0.0,0.0,0.3455698,1
98,375,0.0,0.0,0.75477403,0.25159135,1
98,377,0.0,0.9884421,0.0,0.3294807,1
98,381,0.0,0.9289005,0.0,0.3096335,1
98,385,0.0,0.0,0.96128154,0.32042718,1
98,397,0.0,1.0541133,0.0,0.3513711,1
98,417,0.97401565,0.0,0.0,0.3246719,1
98,418,0.0,1.0366019,0.0,0.34553397,1
98,420,0.0,0.0,0.9246902,0.30823007,1
98,428,0.9864721,0.93170226,0.0,0.6393915,2
98,429,0.97541565,0.0,1.5261157,0.8338438,2
98,432,0.0,1.0170501,0.7907835,0.60261124,2
98,452,0.0,0.9726394,0.0,0.32421315,1
98,455,1.0191079,0.0,0.0,0.33970267,1
98,461,0.9818575,0.0,0.0,0.32728583,1
98,471,0.0,0.95112014,0.0,0.31704006,1
98,473,0.9845647,0.9358865,0.0,0.6401504,2
98,477,1.053375,0.0,0.0,0.351125,1
98,482,0.0,0.0,0.7723718,0.2574573,1
98,488,0.0,0.96427244,0.9293535,0.63120866,2
98,496,0.0,0.0,0.78771824,0.26257277,1
98,504,0.0,1.0247762,0.0,0.34159207,1
98,507,0.0,0.0,1.3784801,0.45949337,1
98,508,0.9714734,0.0,0.0,0.32382447,1
98,509,0.0,0.0,1.7120743,0.57069147,1
99,101,0.0,1.0144638,0.0,0.3381546,1
99,103,0.0,0.0,0.93458515,0.31152838,1
99,107,0.0,0.0,0.81067675,0.27022558,1
99,109,0.997953,0.0,0.0,0.33265102,1
99,110,0.0,0.0,1.2021943,0.40073144,1
99,111,0.0,0.9719451,0.0,0.3239817,1
99,113,0.97191775,0.0,0.0,0.32397258,1
99,115,0.0,0.0,1.0913526,0.3637842,1
99,116,0.0,0.0,0.9975671,0.3325224,1
99,124,0.98764473,0.0,0.0,0.32921493,1
99,142,0.0,0.0,0.90521264,0.30173755,1
99,147,0.0,0.0,0.6396524,0.21321747,1
99,169,1.118873,0.0,0.0,0.37295768,1
99,183,1.0601207,0.0,0.0,0.3533736,1
99,186,1.0828346,0.0,0.0,0.36094487,1
99,187,0.0,0.9571325,0.0,0.31904417,1
99,192,0.0,0.9682043,0.0,0.32273477,1
99,194,0.9780319,0.0,0.0,0.32601064,1
99,201,1.0399554,0.0,0.0,0.3466518,1
99,203,1.0242194,0.0,0.0,0.34140646,1
99,205,0.0,0.0,0.8711668,0.29038894,1
99,206,0.0,0.0,1.1362885,0.37876284,1
99,208,0.9753518,0.97221166,0.0,0.64918786,2
99,223,0.97875327,0.0,0.0,0.3262511,1
99,230,0.0,0.0,0.7882404,0.2627468,1
99,231,0.9741446,0.0,0.0,0.32471487,1
99,246,0.0,0.0,1.7125838,0.5708613,1
99,252,0.0,0.0,0.59394795,0.19798265,1
99,271,0.97595435,0.0,0.0,0.32531813,1
99,273,0.9694651,0.0,0.0,0.32315505,1
99,278,1.0555426,0.0,0.0,0.35184753,1
99,279,0.96151185,0.0,0.0,0.32050395,1
99,286,0.0,0.0,0.88302124,0.29434043,1
99,292,1.0035114,0.0,0.0,0.33450383,1
99,296,0.0,1.0968752,0.0,0.36562508,1
99,302,0.0,1.0066049,0.0,0.335535,1
99,304,0.9815014,0.0,0.0,0.32716715,1
99,306,1.0299994,0.0,0.0,0.34333313,1
99,314,0.0,1.0113399,0.0,0.33711332,1
99,327,0.0,0.0,0.6640087,0.22133623,1
99,332,0.0,0.9470308,0.0,0.31567693,1
99,335,0.0,0.98140365,0.97051275,0.6506388,2
99,343,0.0,0.0,0.71646583,0.23882195,1
99,356,0.0,1.03296,0.0,0.34432003,1
99,370,0.0,0.0,1.0724118,0.3574706,1
99,395,0.9605584,0.95485514,0.0,0.6384712,2
99,403,0.0,0.0,1.2730231,0.42434105,1
99,410,0.0,0.0,1.022114,0.34070468,1
99,413,0.9660643,0.0,0.0,0.32202142,1
99,417,0.0,0.98464656,0.0,0.32821554,1
99,418,1.0306674,0.95555544,0.0,0.6620743,2
99,425,0.0,0.0,1.5780711,0.52602375,1
99,442,0.0,0.0,1.351594,0.45053133,1
99,448,0.0,0.0,0.8057079,0.2685693,1
99,449,0.9747789,1.104323,0.0,0.693034,2
99,452,0.9663827,0.0,0.0,0.32212758,1
99,453,0.0,0.9480225,0.0,0.3160075,1
99,454,0.0,0.0,0.9683598,0.32278663,1
99,459,0.0,0.0,0.63588965,0.21196322,1
99,460,0.0,0.0,0.7715985,0.25719953,1
99,465,1.0444193,0.0,0.0,0.34813976,1
99,466,0.97928506,0.0,0.0,0.32642835,1
99,476,0.0,0.9814664,1.3421297,0.7745321,2
99,479,0.0,0.0,0.82997996,0.27666,1
99,485,0.0,1.0214039,0.0,0.340468,1
99,493,0.0,0.973277,0.0,0.32442567,1
99,498,0.0,0.9790258,0.0,0.32634193,1
99,506,0.965276,0.0,0.0,0.3217587,1
99,511,0.0,0.9674246,0.0,0.32247487,1
100,101,0.0,0.0,0.71785724,0.23928575,1
100,104,0.9946685,0.96174604,0.0,0.65213823,2
100,105,0.0,0.0,1.0978858,0.36596197,1
100,112,0.99094427,0.0,0.0,0.33031476,1
100,118,0.96553016,0.0,0.0,0.3218434,1
100,124,0.0,0.0,0.75403154,0.25134385,1
100,133,0.9623343,0.0,0.0,0.3207781,1
100,153,0.98715705,0.0,0.0,0.32905236,1
100,157,0.0,0.9409803,0.0,0.31366012,1
100,165,0.0,1.0947895,0.0,0.36492985,1
100,171,0.0,0.0,0.8207323,0.27357745,1
100,179,0.9790017,0.0,0.0,0.3263339,1
100,188,0.0,0.0,0.7735574,0.2578525,1
100,190,1.0339223,0.0,0.0,0.3446408,1
100,197,0.0,0.9667437,0.0,0.32224792,1
100,202,0.0,0.9357317,0.0,0.31191057,1
100,204,0.9889445,1.124387,0.0,0.7044438,2
100,210,0.9793197,0.0,0.0,0.32643992,1
100,211,0.0,0.0,0.988181,0.32939368,1
100,213,0.0,1.021525,0.0,0.34050834,1
100,222,0.0,0.0,1.8707273,0.6235758,1
100,231,0.0,0.94580215,0.0,0.31526738,1
100,232,0.0,0.0,1.2007357,0.40024525,1
100,234,1.0160651,0.0,0.0,0.33868837,1
100,247,0.0,0.0,0.845602,0.28186733,1
100,256,0.0,1.1060226,0.0,0.36867422,1
100,259,0.0,0.9376093,0.0,0.31253645,1
100,260,0.0,1.1786529,0.0,0.3928843,1
100,271,0.0,0.0,0.81379575,0.27126527,1
100,276,0.9728349,0.9773827,0.0,0.6500726,2
100,305,0.0,0.0,0.7655838,0.2551946,1
100,322,0.0,0.0,0.8185659,0.2728553,1
100,329,0.0,0.0,1.1832371,0.39441237,1
100,330,1.0327734,0.0,0.0,0.3442578,1
100,341,0.0,1.0144169,0.0,0.338139,1
100,348,0.0,1.0118341,0.0,0.33727807,1
100,351,0.0,0.0,0.7800743,0.2600248,1
100,352,0.99402475,0.0,0.0,0.3313416,1
100,355,0.0,0.0,0.77188027,0.25729343,1
100,359,0.0,0.0,0.6593435,0.21978116,1
100,365,0.98832244,0.0,0.0,0.32944083,1
100,373,0.0,0.9671293,0.0,0.32237643,1
100,377,0.0,0.0,1.1678095,0.38926983,1
100,380,0.0,1.001693,0.0,0.33389768,1
100,385,0.98042625,0.0,0.0,0.32680875,1
100,389,0.98353964,0.0,0.0,0.32784656,1
100,394,0.0,0.9459837,0.0,0.3153279,1
100,395,0.97554857,0.0,0.0,0.32518286,1
100,403,0.0,0.97985,0.0,0.32661667,1
100,404,0.9799246,0.0,0.0,0.32664156,1
100,411,0.0,1.027829,0.0,0.3426097,1
100,417,0.0,1.0376371,0.0,0.34587905,1
100,418,1.0316818,0.0,0.0,0.34389395,1
100,424,0.9826977,0.0,0.0,0.3275659,1
100,430,0.0,1.0914488,0.0,0.36381626,1
100,434,0.0,0.9905072,0.0,0.33016908,1
100,436,0.0,0.0,0.7649784,0.2549928,1
100,437,1.0402732,1.1966074,0.0,0.74562687,2
100,441,0.0,0.0,0.840734,0.28024468,1
100,455,0.0,0.0,0.91588676,0.3052956,1
100,457,0.0,1.0058328,0.0,0.33527762,1
100,472,0.0,0.0,0.78480786,0.26160264,1
100,487,0.0,0.93245775,0.0,0.31081927,1
100,494,0.0,1.0502754,0.0,0.35009181,1
100,506,0.0,1.1194811,0.0,0.37316036,1
100,508,0.9719645,0.0,0.0,0.32398817,1
101,102,0.0,0.9839951,0.0,0.32799837,1
101,105,0.0,0.0,0.96116096,0.320387,1
101,110,0.95953727,0.0,0.0,0.31984577,1
101,118,1.0043051,0.0,0.0,0.33476838,1
101,120,0.0,0.0,1.8912091,0.63040304,1
101,124,0.0,0.0,1.510242,0.50341403,1
101,128,0.0,1.0516708,0.0,0.35055694,1
101,133,0.0,1.0855507,0.0,0.36185023,1
101,143,1.0385866,0.0,0.0,0.34619555,1
101,151,0.0,0.0,0.7744354,0.25814515,1
101,156,0.9624919,0.0,0.0,0.32083064,1
101,164,0.0,1.009534,0.0,0.33651134,1
101,184,0.0,0.9521534,0.0,0.31738448,1
101,188,0.98759437,0.0,0.0,0.32919812,1
101,198,0.97664005,0.98038423,0.0,0.6523414,2
101,203,0.0,0.0,1.3969741,0.46565804,1
101,210,1.058936,0.0,0.0,0.35297868,1
101,214,0.0,0.95345914,0.0,0.3178197,1
101,222,0.0,0.0,0.93089974,0.31029993,1
101,224,0.99150014,0.0,0.0,0.33050007,1
101,226,1.01905,0.0,0.0,0.33968335,1
101,227,0.97621423,0.0,0.0,0.32540476,1
101,228,1.0225954,0.0,0.0,0.34086514,1
101,232,0.0,0.0,1.112522,0.37084067,1
101,238,0.977096,0.0,0.0,0.32569867,1
101,239,0.0,0.0,1.4621298,0.48737663,1
101,244,0.998418,0.94548166,0.0,0.64796656,2
101,253,0.9818064,0.0,0.0,0.3272688,1
101,258,0.0,0.9903217,0.0,0.33010724,1
101,270,0.0,0.9989702,0.0,0.33299008,1
101,271,0.0,1.0375628,0.77968824,0.6057504,2
101,272,0.0,1.0744479,1.0700899,0.71484596,2
101,278,0.0,0.9594486,0.0,0.3198162,1
101,285,0.0,0.999004,0.0,0.33300135,1
101,287,0.0,0.0,0.8017659,0.2672553,1
101,293,0.0,1.0262201,0.0,0.34207338,1
101,300,1.0000886,0.0,0.0,0.33336288,1
101,320,1.0061047,0.0,0.0,0.33536825,1
101,322,0.0,0.0,1.0025235,0.3341745,1
101,326,1.0005642,0.95425886,0.0,0.65160775,2
101,329,0.0,0.0,1.058492,0.35283065,1
101,333,0.9879348,0.9574885,0.0,0.64847445,2
101,335,0.0,0.9749126,0.0,0.32497087,1
101,340,0.9775698,0.0,0.0,0.32585663,1
101,344,0.0,0.97154516,0.0,0.3238484,1
101,350,1.0015779,0.96022016,0.0,0.6539327,2
101,353,1.0033216,0.0,0.0,0.33444056,1
101,356,0.9673209,0.0,0.0,0.32244033,1
101,359,1.0064582,0.0,0.0,0.33548605,1
101,361,0.0,0.0,1.3263478,0.44211596,1
101,362,0.97131693,0.0,0.0,0.3237723,1
101,372,0.99581033,0.0,0.0,0.33193678,1
101,377,0.0,0.0,1.4838566,0.49461886,1
101,380,1.088517,0.0,0.0,0.36283898,1
101,387,0.0,0.0,1.1723305,0.39077684,1
101,390,0.0,1.0058486,0.0,0.3352829,1
101,392,0.0,1.0314002,0.0,0.34380007,1
101,406,0.0,0.0,1.0040542,0.33468473,1
101,412,0.0,0.0,1.3762132,0.45873773,1
101,419,0.96693915,0.0,0.0,0.32231307,1
101,425,1.0814552,0.0,0.0,0.36048508,1
101,428,0.0,1.0119127,0.0,0.33730423,1
101,433,0.0,0.993247,0.0,0.33108234,1
101,436,0.0,0.0,1.720434,0.573478,1
101,441,0.0,0.0,1.2368324,0.41227746,1
101,446,0.9615166,0.0,0.0,0.32050556,1
101,453,0.0,0.97475076,0.0,0.32491693,1
101,455,0.0,0.0,1.4161754,0.47205848,1
101,458,0.98457,0.0,0.0,0.32819003,1
101,463,0.9799953,0.0,0.0,0.3266651,1
101,464,0.0,0.99396735,0.0,0.33132246,1
101,472,0.0,0.0,1.0610574,0.35368583,1
101,475,1.0012171,0.0,0.0,0.33373904,1
101,479,0.0,0.9894607,0.0,0.32982025,1
101,501,0.0,0.0,1.125014,0.37500465,1
101,502,0.9885622,0.0,0.0,0.32952076,1
101,504,0.0,0.0,1.342513,0.44750434,1
102,103,0.0,0.98800755,0.7825257,0.5901778,2
102,106,0.0,0.0,1.2142433,0.40474778,1
102,109,1.0202829,0.0,1.2815381,0.76727366,2
102,111,0.0,0.0,1.6684096,0.55613655,1
102,119,0.0,1.0665339,0.0,0.3555113,1
102,125,0.0,0.97001314,0.0,0.32333773,1
102,139,0.0,0.0,1.759605,0.58653504,1
102,143,0.0,0.0,0.74388754,0.24796252,1
102,151,0.0,1.106554,0.0,0.36885136,1
102,153,0.0,0.0,1.3161716,0.4387239,1
102,156,1.0086612,0.0,0.0,0.33622038,1
102,159,0.0,0.0,0.7212553,0.24041843,1
102,161,0.9883018,0.0,0.0,0.32943395,1
102,162,0.0,0.0,1.545164,0.5150547,1
102,171,0.0,1.0227524,0.0,0.34091747,1
102,177,0.0,0.0,0.7583051,0.25276837,1
102,183,0.0,0.0,0.7877989,0.26259965,1
102,186,0.0,0.0,0.8209053,0.27363512,1
102,187,0.0,0.0,0.872776,0.29092532,1
102,193,0.0,1.0232514,0.0,0.34108382,1
102,200,0.9952635,0.0,0.0,0.3317545,1
102,201,0.98115873,0.0,0.0,0.32705292,1
102,204,0.0,0.0,1.5738574,0.52461916,1
102,206,0.0,0.9476466,0.9254013,0.6243493,2
102,211,0.0,1.0998521,0.0,0.36661738,1
102,214,0.0,0.0,0.79395556,0.26465186,1
102,216,0.0,0.0,1.3005347,0.43351158,1
102,218,1.0546943,0.0,0.0,0.35156476,1
102,222,0.0,1.1552337,0.0,0.38507792,1
102,224,0.0,0.0,1.2201215,0.40670717,1
102,230,1.0584296,0.0,0.80677414,0.6217346,2
102,243,0.0,0.0,0.7761405,0.2587135,1
102,246,1.0059015,0.0,0.0,0.3353005,1
102,248,0.0,0.0,1.6196798,0.53989327,1
102,249,0.0,1.1383332,0.0,0.37944442,1
102,258,0.0,0.98145163,0.0,0.32715055,1
102,267,1.0291258,0.0,1.3654443,0.79819006,2
102,271,0.9960654,0.0,0.0,0.3320218,1
102,287,0.0,0.0,1.0209354,0.34031183,1
102,300,1.0244774,0.0,0.0,0.34149247,1
102,303,0.0,0.0,0.90282285,0.30094096,1
102,311,0.0,0.9674689,0.0,0.32248965,1
102,316,0.0,0.0,1.0710238,0.35700795,1
102,317,0.0,0.0,1.7194678,0.57315594,1
102,320,1.0245886,0.0,0.0,0.34152955,1
102,329,0.0,1.0905077,1.0847416,0.7250831,2
102,343,0.9843785,0.0,0.0,0.3281262,1
102,344,0.0,0.0,0.9867382,0.32891273,1
102,348,1.0208766,0.0,0.0,0.34029222,1
102,352,0.0,1.030942,0.0,0.34364733,1
102,355,0.0,0.0,1.2024709,0.40082365,1
102,358,0.0,1.038792,0.0,0.346264,1
102,361,0.0,0.0,0.7210651,0.24035504,1
102,366,0.0,1.1088663,0.0,0.3696221,1
102,367,0.0,0.9585049,0.0,0.31950164,1
102,372,1.0841131,0.0,0.0,0.36137104,1
102,384,0.0,1.0549114,0.0,0.35163713,1
102,387,0.0,0.0,0.75759256,0.25253087,1
102,388,0.98323756,0.0,0.0,0.32774585,1
102,394,0.0,1.1205891,0.0,0.37352973,1
102,396,0.0,1.0237828,0.0,0.34126097,1
102,401,0.0,0.9523838,0.0,0.31746128,1
102,406,0.0,0.0,1.0450238,0.3483413,1
102,422,0.0,0.9441062,0.0,0.3147021,1
102,424,0.0,1.0867801,0.0,0.36226004,1
102,427,0.0,0.9693221,0.0,0.32310736,1
102,431,1.0145018,0.0,0.0,0.33816728,1
102,438,0.0,1.056117,0.0,0.35203904,1
102,449,0.0,0.0,0.77199966,0.25733322,1
102,460,0.0,0.0,1.1797214,0.39324045,1
102,463,1.0005218,0.0,0.0,0.33350727,1
102,470,0.99626493,0.0,0.0,0.33208832,1
102,473,0.0,1.0854211,0.0,0.36180705,1
102,479,0.9509105,0.0,0.0,0.31697017,1
102,491,0.98892033,0.0,0.0,0.32964012,1
102,497,0.9975438,0.0,0.0,0.3325146,1
102,501,1.0551049,0.0,0.0,0.35170162,1
102,502,0.0,0.0,1.6982403,0.5660801,1
102,510,0.0,0.93277496,0.0,0.310925,1
103,106,0.0,0.0,1.016771,0.33892366,1
103,116,0.0,0.0,1.3611302,0.45371008,1
103,122,0.0,0.94861335,0.0,0.31620446,1
103,128,0.9675484,0.0,0.0,0.32251614,1
103,133,0.0,0.95013595,0.0,0.316712,1
103,134,0.0,1.0159265,0.0,0.33864218,1
103,137,0.0,0.96717674,0.0,0.32239226,1
103,140,0.0,1.0086855,0.0,0.3362285,1
103,147,0.0,0.0,1.0448703,0.3482901,1
103,148,0.0,0.0,1.03414,0.34471333,1
103,163,0.0,0.0,0.9960689,0.33202296,1
103,172,0.0,0.9701584,0.0,0.32338613,1
103,179,0.0,1.058185,0.0,0.35272834,1
103,184,0.97047836,0.0,0.0,0.3234928,1
103,187,0.0,0.0,1.0169188,0.33897293,1
103,191,1.0248694,0.98533124,0.0,0.67006695,2
103,193,0.96900755,1.1413563,0.0,0.7034546,2
103,202,0.0,0.0,0.80363065,0.2678769,1
103,203,0.0,0.9729814,0.0,0.32432714,1
103,204,0.0,0.0,1.8868557,0.6289519,1
103,211,0.0,1.0316166,0.0,0.3438722,1
103,214,0.0,0.0,1.2077154,0.4025718,1
103,238,0.9782175,0.0,0.0,0.3260725,1
103,241,1.061537,0.0,0.0,0.3538457,1
103,242,0.0,0.0,1.3313503,0.44378346,1
103,243,0.0,0.0,1.5333992,0.5111331,1
103,245,0.0,0.95067316,0.0,0.31689107,1
103,246,0.0,0.0,0.9664155,0.32213852,1
103,257,0.9989402,0.0,0.0,0.3329801,1
103,263,0.0,1.0259808,0.0,0.34199363,1
103,264,1.0339226,0.0,0.0,0.34464085,1
103,267,0.0,0.0,1.7776982,0.5925661,1
103,268,0.0,0.0,0.9994088,0.33313626,1
103,275,1.0101147,0.0,0.0,0.3367049,1
103,276,0.9909651,0.0,0.0,0.33032173,1
103,277,0.0,0.9841915,0.0,0.32806385,1
103,289,0.0,1.0891733,0.0,0.3630578,1
103,293,0.9699612,0.0,0.0,0.32332042,1
103,303,0.0,0.9723603,1.4543022,0.8088875,2
103,311,0.97565657,0.0,0.0,0.32521886,1
103,314,0.0,0.9677937,0.0,0.32259792,1
103,320,0.0,0.9619407,0.0,0.3206469,1
103,326,0.0,1.0251573,0.0,0.34171912,1
103,328,1.0241132,0.0,0.0,0.34137106,1
103,335,0.0,0.0,1.8463931,0.6154644,1
103,336,0.0,0.9384912,1.0203999,0.65296376,2
103,348,1.0176009,0.0,0.0,0.33920032,1
103,358,0.0,0.94682026,0.0,0.31560677,1
103,375,0.9696231,0.0,0.0,0.3232077,1
103,386,0.97882557,0.0,0.0,0.3262752,1
103,392,0.9702834,0.0,0.0,0.3234278,1
103,404,0.0,0.0,1.1090729,0.36969098,1
103,406,0.0,0.0,0.9984645,0.33282152,1
103,410,0.0,0.0,1.2786689,0.42622298,1
103,426,0.0,0.939501,0.0,0.313167,1
103,427,0.0,0.95131564,0.0,0.31710523,1
103,438,0.0,0.0,1.2940695,0.43135652,1
103,442,0.0,0.0,0.9677084,0.3225695,1
103,443,0.9747254,0.0,0.0,0.3249085,1
103,448,0.96935683,0.0,0.0,0.32311895,1
103,453,0.0,1.048379,0.0,0.34945965,1
103,470,0.9755697,0.0,0.0,0.32518992,1
103,474,1.0122079,0.0,0.0,0.33740264,1
103,476,0.0,0.0,0.7895074,0.26316914,1
103,479,0.0,0.0,1.1005322,0.36684406,1
103,489,0.9790563,0.0,0.0,0.32635212,1
103,490,0.0,0.0,1.3791845,0.45972818,1
103,498,0.96982706,0.0,0.0,0.3232757,1
103,502,0.0,0.0,1.0121729,0.337391,1
104,108,0.0,0.0,0.6009356,0.20031187,1
104,114,0.0,0.9760026,0.0,0.3253342,1
104,121,0.0,0.0,0.63913375,0.21304458,1
104,146,0.0,0.0,1.4233066,0.47443554,1
104,148,0.0,0.9240064,0.0,0.30800214,1
104,159,0.0,0.9651207,0.0,0.3217069,1
104,160,0.0,1.0685275,0.0,0.35617584,1
104,165,0.0,0.0,0.65877295,0.21959099,1
104,166,0.0,0.9641732,0.0,0.32139108,1
104,169,0.0,0.9906607,0.0,0.33022025,1
104,175,0.0,0.0,1.1995564,0.39985213,1
104,178,0.0,0.0,0.87025213,0.29008406,1
104,188,0.991775,0.0,0.7439684,0.57858115,2
104,189,0.9797942,0.0,0.6784753,0.55275655,2
104,194,0.0,0.0,0.8042877,0.2680959,1
104,198,0.0,0.0,1.3251033,0.4417011,1
104,202,0.0,0.96658826,0.0,0.3221961,1
104,208,0.0,0.0,1.134391,0.37813032,1
104,219,1.0102905,0.0,1.0380473,0.6827793,2
104,221,0.0,0.0,0.73597395,0.24532466,1
104,223,0.0,0.9274881,0.0,0.3091627,1
104,229,0.0,0.0,0.80612224,0.26870742,1
104,233,0.0,0.0,0.93341446,0.31113815,1
104,234,0.0,0.0,1.7191453,0.5730485,1
104,244,1.0191737,0.0,0.0,0.3397246,1
104,253,0.0,0.0,1.0289629,0.34298763,1
104,258,0.0,0.0,0.73909783,0.24636595,1
104,264,0.9638222,0.0,0.0,0.32127407,1
104,271,0.0,1.0199863,0.0,0.33999544,1
104,290,0.0,0.0,1.2678478,0.42261595,1
104,301,0.0,0.0,0.94167703,0.31389236,1
104,304,0.98669606,0.0,0.0,0.3288987,1
104,306,0.0,0.0,0.6881142,0.22937141,1
104,308,0.0,0.0,1.7881356,0.59604526,1
104,310,0.0,0.0,0.8423004,0.28076681,1
104,327,0.9602982,0.0,0.0,0.3200994,1
104,334,0.9751283,0.9399857,0.0,0.63837135,2
104,336,0.0,1.078795,0.0,0.35959834,1
104,342,0.0,0.0,0.99426883,0.33142295,1
104,350,0.0,1.2577205,0.77864105,0.67878723,2
104,351,0.0,0.0,0.5879968,0.19599894,1
104,353,0.0,1.2235965,1.0918809,0.7718258,2
104,363,0.9743681,0.0,1.1585834,0.7109839,2
104,366,1.0216433,0.0,0.0,0.34054777,1
104,369,0.0,0.989018,0.0,0.3296727,1
104,371,0.0,0.0,0.43508115,0.14502706,1
104,373,0.0,0.0,1.5815518,0.52718395,1
104,374,0.0,0.0,0.68807936,0.22935979,1
104,379,0.0,0.0,0.81683856,0.27227953,1
104,391,0.0,0.0,1.1539319,0.38464397,1
104,394,0.0,0.0,0.99952716,0.33317572,1
104,395,0.9681664,0.0,0.8904032,0.6195232,2
104,402,0.0,0.98256963,0.0,0.32752323,1
104,412,0.96864825,0.0,0.0,0.32288277,1
104,414,0.0,0.0,0.66780925,0.22260308,1
104,415,0.9704516,0.9581426,0.0,0.64286476,2
104,416,0.0,0.0,0.805667,0.26855567,1
104,418,0.0,0.0,0.6824821,0.22749405,1
104,419,1.0022016,0.0,0.0,0.3340672,1
104,420,1.0066898,0.0,0.0,0.33556327,1
104,423,0.0,0.0,0.8712565,0.29041883,1
104,427,1.064306,0.0,0.0,0.3547687,1
104,428,0.0,0.0,0.56644166,0.1888139,1
104,432,0.9952204,0.0,0.0,0.33174014,1
104,440,0.0,1.0307033,0.0,0.3435678,1
104,445,0.0,0.0,0.7622543,0.25408477,1
104,447,1.0225685,0.0,0.0,0.34085616,1
104,451,0.0,0.9743756,0.0,0.32479188,1
104,453,0.0,0.0,1.4964375,0.49881253,1
104,454,1.01813,0.0,0.0,0.33937666,1
104,460,1.0298533,0.0,0.0,0.34328446,1
104,462,0.0,1.0009527,0.0,0.33365092,1
104,463,0.9772373,0.0,0.649568,0.54226846,2
104,466,0.0,0.9392952,0.0,0.3130984,1
104,467,0.0,0.0,1.1801853,0.39339513,1
104,468,0.0,0.0,0.44044033,0.14681345,1
104,471,1.016071,0.0,0.0,0.33869034,1
104,473,0.0,0.0,0.682004,0.22733466,1
104,474,0.99098843,0.0,0.0,0.33032948,1
104,477,0.0,0.0,1.0483453,0.34944844,1
104,480,0.0,1.0997034,0.0,0.36656782,1
104,495,0.0,0.0,1.5049537,0.5016513,1
104,503,0.0,0.0,1.1864594,0.39548647,1
104,508,0.0,0.0,0.8377634,0.2792545,1
105,108,0.0,0.96640384,0.0,0.3221346,1
105,110,0.0,0.0,0.75753796,0.25251266,1
105,112,0.0,0.94714594,0.0,0.3157153,1
105,120,0.0,0.0,0.8813896,0.29379654,1
105,124,0.0,0.0,1.8042172,0.60140574,1
105,132,1.0130172,0.0,0.0,0.3376724,1
105,138,0.0,1.011712,0.0,0.33723733,1
105,143,1.0288053,0.0,0.0,0.3429351,1
105,149,0.0,1.1202269,0.0,0.37340897,1
105,162,0.96030164,0.0,0.0,0.32010055,1
105,164,0.0,0.94088596,0.0,0.31362867,1
105,170,0.96743107,0.9644695,0.0,0.6439669,2
105,171,0.0,0.0,1.2846255,0.42820853,1
105,177,0.0,0.0,0.9223166,0.30743888,1
105,203,0.0,0.0,0.63801247,0.21267083,1
105,206,0.0,0.0,0.73825383,0.24608462,1
105,211,0.0,1.009417,1.108772,0.70606303,2
105,216,0.0,0.0,1.0014883,0.33382946,1
105,222,0.0,0.9960158,1.5146143,0.83687675,2
105,230,0.0,0.0,0.6334829,0.21116096,1
105,232,0.0,0.0,1.10681,0.36893666,1
105,239,0.9707767,0.0,0.0,0.32359225,1
105,252,0.0,0.9520765,0.0,0.31735885,1
105,260,0.0,1.0076424,0.0,0.33588082,1
105,271,0.0,0.0,0.5674303,0.18914345,1
105,287,0.0,0.0,0.61369425,0.20456475,1
105,294,0.0,0.9714833,0.0,0.32382777,1
105,305,0.0,0.0,1.1419811,0.38066038,1
105,321,0.9706618,0.0,0.0,0.32355395,1
105,323,1.0003572,0.95331323,0.0,0.6512235,2
105,329,0.0,0.0,1.370672,0.45689067,1
105,331,0.0,0.97902995,0.0,0.32634333,1
105,345,0.0,1.0736212,0.0,0.35787374,1
105,349,0.9685002,0.9649895,0.0,0.64449656,2
105,355,0.0,0.0,0.79012364,0.26337457,1
105,357,1.0647503,0.0,0.0,0.35491678,1
105,359,0.0,0.0,1.6296475,0.5432159,1
105,361,0.0,0.9609528,0.7777728,0.57957524,2
105,363,0.0,1.0630904,0.0,0.3543635,1
105,367,1.0368922,0.0,0.0,0.34563074,1
105,368,0.9915902,0.0,0.0,0.33053008,1
105,373,1.0180321,0.0,0.0,0.33934402,1
105,376,1.1076027,0.0,0.0,0.36920092,1
105,377,0.0,0.0,1.6985415,0.5661805,1
105,381,0.0,0.9935458,0.0,0.33118194,1
105,383,0.985461,0.0,0.0,0.328487,1
105,387,0.0,0.0,0.92095375,0.3069846,1
105,388,0.0,1.0069511,0.0,0.33565038,1
105,389,0.9560171,0.0,0.0,0.31867236,1
105,390,0.9807237,0.0,0.0,0.3269079,1
105,402,0.0,0.99715453,0.0,0.33238485,1
105,406,1.0358001,0.0,0.0,0.3452667,1
105,412,0.0,0.0,1.6339165,0.5446389,1
105,416,0.0,1.0056734,0.0,0.33522448,1
105,418,0.97308147,0.0,0.0,0.3243605,1
105,422,1.0516177,0.0,0.0,0.35053927,1
105,425,0.0,0.0,0.79506916,0.26502305,1
105,436,0.0,0.0,1.4221339,0.47404465,1
105,437,0.99213517,0.0,0.0,0.33071172,1
105,441,0.96837234,0.0,0.9510228,0.6397984,2
105,442,0.0,1.0196269,0.0,0.33987564,1
105,444,0.95458996,0.0,0.0,0.31819665,1
105,445,0.99648297,0.0,0.0,0.332161,1
105,454,0.0,0.0,0.9605017,0.32016724,1
105,455,0.0,0.0,1.7537199,0.5845733,1
105,459,0.0,1.0143677,0.0,0.33812258,1
105,462,0.0,0.0,0.9771364,0.32571214,1
105,469,0.0,1.161531,0.0,0.387177,1
105,472,0.0,0.0,1.6259655,0.5419885,1
105,481,0.0,0.98842126,0.0,0.32947376,1
105,484,0.97488457,0.0,0.0,0.32496154,1
105,504,0.0,0.0,0.8078779,0.26929265,1
105,509,0.0,0.98192835,0.0,0.32730946,1
106,109,0.0,0.9745211,0.85604054,0.61018723,2
106,111,0.0,1.0273701,0.74205524,0.58980846,2
106,113,1.0408708,0.94795716,0.0,0.66294265,2
106,120,1.0946481,0.0,0.0,0.3648827,1
106,125,0.0,0.99279183,0.0,0.33093062,1
106,128,0.9597024,0.0,0.0,0.3199008,1
106,139,0.0,0.0,0.96630853,0.32210284,1
106,144,1.0079806,0.0,0.0,0.33599353,1
106,147,0.0,0.9486932,0.0,0.31623107,1
106,148,0.0,0.94264436,0.80684966,0.5831647,2
106,149,0.96372515,0.0,0.0,0.32124174,1
106,150,0.0,1.08089,0.0,0.3602967,1
106,153,0.0,0.0,1.2641932,0.42139775,1
106,159,0.0,0.0,1.0561882,0.35206276,1
106,163,0.0,0.0,1.2415259,0.41384196,1
106,164,0.9925096,0.0,0.0,0.33083653,1
106,173,0.0,0.0,0.9745184,0.32483947,1
106,179,0.0,0.93724877,0.0,0.31241626,1
106,182,0.0,0.9347954,0.0,0.31159848,1
106,191,0.0,0.98145,0.0,0.32715002,1
106,202,0.0,0.0,0.9506474,0.3168825,1
106,204,0.0,0.99063766,1.0186687,0.6697688,2
106,207,0.0,0.0,1.0917178,0.36390597,1
106,210,0.9852084,0.0,0.0,0.32840282,1
106,213,0.0,0.0,0.9263052,0.3087684,1
106,214,0.0,0.0,1.1174732,0.3724911,1
106,223,0.97460043,0.0,0.0,0.32486683,1
106,224,0.0,0.0,1.4134797,0.4711599,1
106,238,0.0,0.95151675,0.0,0.31717226,1
106,239,0.0,0.96457285,0.0,0.3215243,1
106,243,0.0,0.0,1.3149118,0.43830395,1
106,247,0.96744716,0.0,0.0,0.3224824,1
106,256,0.0,0.94464177,0.0,0.3148806,1
106,257,1.0799718,0.0,0.0,0.3599906,1
106,258,0.0,0.9481848,0.0,0.31606162,1
106,267,0.0,0.0,1.4850498,0.49501663,1
106,275,0.9629499,0.0,0.0,0.3209833,1
106,278,1.0074486,0.0,0.0,0.3358162,1
106,285,0.96901846,0.0,0.0,0.32300615,1
106,297,0.0,0.9553528,0.0,0.31845093,1
106,303,0.0,0.0,0.80914843,0.26971614,1
106,305,1.0094129,0.0,0.0,0.33647096,1
106,327,1.0088035,0.0,0.0,0.33626783,1
106,329,0.0,0.0,0.74842983,0.24947661,1
106,335,0.0,1.064927,0.6929023,0.5859431,2
106,338,0.97670287,0.0,0.0,0.32556763,1
106,339,0.0,0.0,1.5079726,0.50265753,1
106,344,0.0,0.0,1.8609862,0.6203288,1
106,345,1.0214198,0.0,0.0,0.34047326,1
106,355,0.0,0.0,0.82210714,0.27403572,1
106,358,0.9753633,0.0,0.0,0.3251211,1
106,379,0.0,0.9952474,0.0,0.33174914,1
106,383,0.0,0.0,0.7434276,0.2478092,1
106,387,1.0271822,0.0,0.0,0.34239408,1
106,389,0.9743481,0.0,0.0,0.32478273,1
106,396,0.0,1.0172707,0.0,0.33909023,1
106,412,0.9785088,0.0,0.0,0.3261696,1
106,418,0.0,0.9541289,0.0,0.318043,1
106,449,0.0,0.97048235,0.0,0.32349414,1
106,455,1.0459609,0.0,0.0,0.34865364,1
106,460,0.0,0.0,0.8168863,0.27229545,1
106,473,0.96834654,0.0,0.0,0.3227822,1
106,475,0.9751562,0.0,0.0,0.32505208,1
106,479,1.0257877,0.0,0.0,0.34192926,1
106,486,0.99344,0.0,0.0,0.33114666,1
106,502,0.0,0.0,1.5492163,0.51640546,1
106,505,0.9982294,0.0,0.0,0.33274314,1
107,114,0.0,0.0,1.0262362,0.34207875,1
107,115,0.9848134,0.0,0.0,0.32827115,1
107,136,0.0,1.0299538,0.0,0.34331796,1
107,142,0.0,1.056602,0.0,0.3522007,1
107,151,0.0,0.0,0.9298824,0.3099608,1
107,158,0.0,0.9986358,0.0,0.33287862,1
107,165,0.0,0.0,1.1304858,0.3768286,1
107,167,0.0,0.0,0.75952286,0.2531743,1
107,168,0.0,0.0,0.7475166,0.2491722,1
107,169,0.0,0.9891485,0.78319836,0.5907823,2
107,179,1.0372721,1.070209,0.0,0.7024937,2
107,188,0.0,1.1018273,0.0,0.36727577,1
107,190,0.0,1.0941118,0.0,0.36470395,1
107,208,0.0,1.1097208,0.76804155,0.62592083,2
107,215,0.0,0.0,1.2519877,0.41732925,1
107,219,0.0,0.0,0.7155542,0.23851806,1
107,224,0.97049737,0.0,0.0,0.32349914,1
107,229,0.0,0.94699746,0.0,0.31566584,1
107,237,0.0,0.9318343,0.0,0.31061143,1
107,242,1.0254779,0.0,0.0,0.34182596,1
107,246,0.0,0.0,0.8570503,0.28568345,1
107,248,0.99183035,0.0,0.0,0.33061013,1
107,252,0.9967219,0.0,0.0,0.33224064,1
107,253,0.0,0.0,0.7418308,0.24727695,1
107,270,1.0101429,0.0,0.0,0.33671433,1
107,274,0.0,1.0208336,0.0,0.34027788,1
107,290,0.0,0.0,1.0224197,0.34080657,1
107,293,0.0,0.0,0.7345375,0.24484584,1
107,302,0.0,0.9848683,0.0,0.32828945,1
107,312,0.99353886,0.0,0.0,0.33117962,1
107,314,0.0,0.9656178,0.0,0.3218726,1
107,316,0.99245536,0.0,0.0,0.33081847,1
107,322,0.0,0.95502925,0.0,0.3183431,1
107,326,0.0,0.0,0.5799344,0.19331148,1
107,338,1.0111179,0.0,0.0,0.33703932,1
107,341,0.0,0.0,0.7886226,0.26287422,1
107,345,0.0,0.0,0.96376,0.32125336,1
107,346,0.0,0.94756335,0.0,0.31585446,1
107,348,0.0,0.0,1.3229939,0.44099796,1
107,350,0.0,0.0,1.0410281,0.3470094,1
107,351,0.0,0.0,1.3428543,0.4476181,1
107,363,0.0,0.0,1.2777585,0.4259195,1
107,369,0.0,0.9785615,0.0,0.3261872,1
107,370,0.0,0.0,0.78688693,0.26229566,1
107,371,0.0,0.0,0.6721691,0.22405636,1
107,372,1.0124156,0.0,0.0,0.3374719,1
107,386,0.9773338,0.0,0.0,0.32577795,1
107,391,0.0,0.0,0.887252,0.29575068,1
107,397,0.97878665,0.0,0.0,0.32626224,1
107,400,0.0,1.002469,0.0,0.33415633,1
107,404,0.99490666,0.0,0.0,0.33163556,1
107,405,0.9661455,0.0,0.0,0.32204852,1
107,406,0.9766923,0.0,0.0,0.32556412,1
107,408,0.0,1.189796,0.0,0.39659867,1
107,409,1.0168923,0.0,0.0,0.3389641,1
107,413,0.0,0.9581942,0.0,0.31939808,1
107,417,0.9840549,0.0,0.0,0.3280183,1
107,424,0.0,0.0,0.9107681,0.30358937,1
107,425,0.0,0.0,0.7950279,0.2650093,1
107,431,0.0,0.95972705,0.0,0.31990904,1
107,433,0.0,1.0049646,0.0,0.3349882,1
107,448,0.0,0.0,0.80941325,0.26980442,1
107,453,0.0,0.98810726,0.7735469,0.58721805,2
107,456,0.0,0.98132455,0.0,0.3271082,1
107,458,0.0,0.0,0.8030288,0.2676763,1
107,459,0.0,0.0,0.8543018,0.28476727,1
107,462,0.0,0.949303,0.0,0.31643432,1
107,466,0.98646533,0.0,0.0,0.32882178,1
107,468,0.0,0.0,0.52100605,0.17366868,1
107,485,0.0,1.0740085,0.0,0.35800284,1
107,488,1.0136876,0.0,0.0,0.33789587,1
107,497,0.99109685,0.0,0.0,0.33036563,1
107,499,0.0,1.0147698,0.0,0.3382566,1
107,502,1.0629481,0.0,0.0,0.35431606,1
107,503,0.0,0.0,1.2689503,0.42298347,1
107,507,0.9956569,0.0,0.0,0.33188564,1
108,127,0.0,0.0,0.99528164,0.33176056,1
108,131,0.0,0.0,1.008663,0.33622104,1
108,132,0.0,0.98695976,0.0,0.3289866,1
108,142,0.98074216,0.0,0.0,0.32691407,1
108,145,0.0,0.0,1.233064,0.41102135,1
108,151,0.0,0.0,0.6452414,0.21508047,1
108,166,1.0145001,0.0,0.0,0.3381667,1
108,171,0.9901106,0.0,0.0,0.33003688,1
108,173,1.0136871,0.0,0.0,0.33789572,1
108,175,0.0,0.0,1.5246099,0.5082033,1
108,178,0.0,0.95687294,0.0,0.31895766,1
108,184,0.0,0.9432629,0.0,0.31442097,1
108,190,0.0,0.99515545,0.0,0.3317185,1
108,191,1.0268236,0.0,0.0,0.34227455,1
108,192,1.0321251,0.0,0.0,0.3440417,1
108,193,0.9890481,0.0,0.0,0.3296827,1
108,198,0.0,0.0,0.9935717,0.3311906,1
108,207,0.0,1.0282073,0.0,0.34273577,1
108,208,0.0,0.0,1.0196756,0.33989188,1
108,209,0.0,0.0,0.9798098,0.3266033,1
108,213,1.007596,0.0,0.0,0.33586535,1
108,217,0.0,1.0464096,0.0,0.34880322,1
108,225,1.006524,1.0335087,0.0,0.6800109,2
108,230,0.0,0.95366186,0.0,0.3178873,1
108,233,0.0,0.0,0.7600088,0.25333628,1
108,234,0.0,0.0,0.6770586,0.22568619,1
108,238,0.0,0.9454511,0.0,0.31515038,1
108,243,0.0,0.97808605,0.0,0.3260287,1
108,258,0.0,0.0,1.2710004,0.4236668,1
108,261,0.9799026,0.0,0.0,0.32663423,1
108,263,0.0,1.0787561,0.797104,0.6252867,2
108,265,0.0,0.9457418,0.0,0.31524727,1
108,275,0.97553957,0.0,0.0,0.32517987,1
108,276,1.0759236,0.0,0.0,0.3586412,1
108,288,0.0,0.9677141,0.0,0.32257137,1
108,292,1.0601805,0.0,0.0,0.35339352,1
108,294,1.0451143,0.0,0.0,0.34837145,1
108,311,1.00251,0.0,0.0,0.33416998,1
108,318,0.9614573,0.0,0.0,0.32048577,1
108,320,0.0,0.0,1.1176956,0.3725652,1
108,322,0.0,0.9504137,0.0,0.3168046,1
108,334,0.0,0.0,0.941263,0.31375435,1
108,337,1.0085224,1.0926732,0.0,0.70039856,2
108,342,0.0,0.0,0.7769312,0.2589771,1
108,352,0.97082,0.0,0.0,0.32360667,1
108,357,0.98834,0.0,0.0,0.32944667,1
108,363,0.0,0.0,0.5954755,0.19849184,1
108,372,1.0052819,0.0,0.0,0.33509398,1
108,373,1.0579072,0.0,0.0,0.35263574,1
108,375,0.0,0.96435994,0.74448884,0.5696163,2
108,381,0.0,0.0,0.8056224,0.2685408,1
108,383,0.0,0.9612032,0.0,0.32040107,1
108,388,0.0,1.0138644,0.0,0.33795482,1
108,392,1.002548,0.0,0.0,0.33418268,1
108,394,0.0,0.0,0.61345273,0.20448425,1
108,396,0.0,0.0,0.8536232,0.28454107,1
108,400,0.9760008,0.0,0.0,0.3253336,1
108,401,0.0,0.9535438,0.0,0.31784794,1
108,404,0.0,1.0144217,0.0,0.33814058,1
108,405,0.0,0.99121237,0.0,0.33040413,1
108,409,0.9721302,0.0,0.0,0.3240434,1
108,412,0.0,1.0877352,0.0,0.3625784,1
108,414,0.0,0.996985,0.0,0.33232835,1
108,421,0.97130144,1.0660381,0.0,0.6791132,2
108,433,0.0,0.95536447,0.0,0.31845483,1
108,440,0.0,0.0,1.4138762,0.47129208,1
108,443,0.0,1.0933552,0.0,0.36445174,1
108,459,0.0,1.0181316,0.0,0.33937722,1
108,484,0.97894233,0.0,0.0,0.32631412,1
108,488,0.0,0.0,0.92146075,0.30715358,1
108,508,0.0,1.0385047,0.0,0.34616825,1
109,110,0.0,0.0,0.76256156,0.2541872,1
109,111,0.0,0.0,0.721003,0.24033433,1
109,113,0.9611112,0.0,0.0,0.3203704,1
109,116,0.0,0.0,0.68968546,0.22989516,1
109,128,1.010659,0.0,0.0,0.33688635,1
109,131,0.0,0.93597686,0.0,0.3119923,1
109,137,0.0,0.0,0.9833626,0.32778755,1
109,139,0.0,0.0,2.0076115,0.6692039,1
109,140,0.0,0.9437997,0.0,0.3145999,1
109,143,0.0,0.9416857,0.9214495,0.62104505,2
109,149,0.0,0.94574904,0.0,0.31524968,1
109,153,0.0,0.0,1.5164225,0.5054742,1
109,154,0.0,0.95082706,0.0,0.31694236,1
109,161,0.9954012,0.0,0.0,0.3318004,1
109,162,0.0,0.0,1.3842987,0.4614329,1
109,166,1.0007644,0.0,1.0690972,0.68995386,2
109,176,0.0,1.0743821,0.0,0.35812736,1
109,177,0.0,0.0,0.85358125,0.2845271,1
109,183,0.0,0.0,1.3313502,0.4437834,1
109,190,0.96897894,0.0,0.0,0.32299298,1
109,194,0.98324066,0.0,0.0,0.3277469,1
109,205,0.0,0.97085655,0.0,0.32361886,1
109,206,0.97378343,0.0,1.0394957,0.6710931,2
109,207,0.0,0.0,1.3262453,0.44208178,1
109,210,0.0,0.967303,0.0,0.32243434,1
109,214,1.005622,0.0,0.0,0.33520734,1
109,215,0.9803901,0.0,0.0,0.3267967,1
109,224,0.0,0.0,1.2457184,0.41523945,1
109,225,0.97950053,0.0,0.0,0.32650018,1
109,230,0.0,0.0,1.0337925,0.34459752,1
109,235,0.0,0.9476148,0.0,0.3158716,1
109,236,0.0,0.0,0.5978686,0.19928955,1
109,237,0.0,0.9524684,0.0,0.31748948,1
109,243,0.0,0.0,0.8273347,0.27577823,1
109,248,0.0,0.0,1.905962,0.63532066,1
109,249,0.97393167,0.0,0.0,0.3246439,1
109,255,0.0,0.98047894,0.0,0.32682633,1
109,261,0.9911162,0.0,0.0,0.3303721,1
109,275,0.9668443,0.0,0.0,0.32228145,1
109,276,0.98739237,0.0,0.0,0.3291308,1
109,286,1.0338434,1.3090681,0.0,0.7809705,2
109,290,0.9706848,0.0,0.0,0.3235616,1
109,304,0.9778027,0.0,0.0,0.32593423,1
109,305,0.0,0.0,1.107415,0.36913833,1
109,319,0.9693781,0.0,0.0,0.32312605,1
109,335,1.003806,0.0,0.0,0.334602,1
109,336,0.96949726,0.0,0.0,0.32316577,1
109,344,0.0,0.0,1.4985031,0.49950105,1
109,355,0.96641034,0.0,1.4446043,0.8036716,2
109,361,0.0,0.96445185,0.0,0.32148397,1
109,367,0.0,1.0606253,0.0,0.3535418,1
109,387,1.0726227,0.0,0.0,0.3575409,1
109,395,0.0,1.0296273,0.0,0.34320912,1
109,399,0.974099,0.0,0.0,0.32469967,1
109,408,0.9722348,0.0,0.0,0.32407826,1
109,412,0.9917831,0.0,0.0,0.33059436,1
109,418,1.0406437,0.0,0.0,0.34688124,1
109,421,0.0,0.94348955,0.0,0.31449652,1
109,426,0.0,1.0319517,0.0,0.3439839,1
109,435,0.0,0.98688006,0.0,0.32896003,1
109,438,0.0,0.9536305,0.0,0.31787685,1
109,440,1.0000218,0.0,0.0,0.33334062,1
109,442,0.9623754,0.0,0.0,0.3207918,1
109,443,0.96847755,0.0,0.0,0.32282585,1
109,448,0.0,0.9433697,0.0,0.31445658,1
109,449,0.0,0.0,0.7186824,0.23956081,1
109,450,0.0,0.9663929,0.8059272,0.5907734,2
109,454,0.0,0.0,0.752104,0.25070134,1
109,460,0.0,0.0,1.7475095,0.5825032,1
109,470,0.99364316,0.0,0.0,0.3312144,1
109,473,0.0,0.93365717,0.0,0.31121907,1
109,475,0.0,1.0173532,0.0,0.33911774,1
109,477,1.0337424,0.0,0.0,0.34458083,1
109,483,0.0,1.096344,0.0,0.365448,1
109,494,0.0,1.0936327,0.0,0.36454424,1
109,502,0.0,0.0,1.8452876,0.61509585,1
109,507,0.0,0.9527765,0.0,0.31759217,1
110,114,0.9684967,0.0,0.0,0.32283223,1
110,115,0.0,0.0,0.9651315,0.32171053,1
110,116,0.0,0.0,0.6126217,0.20420724,1
110,119,0.0,0.9682904,0.0,0.32276347,1
110,139,0.0,0.0,1.0534993,0.35116646,1
110,148,0.96714157,0.0,0.0,0.32238054,1
110,153,0.0,0.0,0.81142515,0.27047506,1
110,158,0.9595363,0.0,0.0,0.31984544,1
110,162,0.0,0.0,0.8197972,0.27326575,1
110,174,0.0,0.9797856,0.0,0.32659522,1
110,177,0.0,0.0,1.5710833,0.52369446,1
110,179,0.0,1.0387958,0.0,0.3462653,1
110,181,0.0,0.9463322,0.0,0.31544408,1
110,183,0.0,0.0,0.8290691,0.27635637,1
110,184,0.0,0.9475406,0.0,0.31584686,1
110,187,0.0,0.0,0.8014288,0.26714295,1
110,198,0.0,0.93904525,0.0,0.3130151,1
110,206,0.0,1.1409408,1.9272234,1.0227214,2
110,211,0.9839475,0.0,0.0,0.32798252,1
110,217,0.0,1.0130624,0.0,0.33768746,1
110,220,0.9677026,0.0,0.0,0.32256755,1
110,228,0.99627876,0.0,0.0,0.33209294,1
110,230,0.0,0.0,1.4909347,0.49697825,1
110,246,0.97629786,0.0,0.96046346,0.6455871,2
110,248,0.0,0.0,0.92071503,0.30690503,1
110,251,0.96194595,0.0,0.0,0.32064867,1
110,255,0.0,1.0275453,0.0,0.3425151,1
110,261,1.0560364,0.0,0.0,0.35201213,1
110,265,0.0,0.9541305,0.0,0.3180435,1
110,266,1.0230554,0.0,0.0,0.3410185,1
110,270,0.0,1.2595227,0.0,0.4198409,1
110,291,0.0,1.0391754,0.0,0.3463918,1
110,292,0.0,0.93942285,0.0,0.31314096,1
110,301,0.9665669,0.0,0.0,0.32218897,1
110,314,1.0023715,0.0,0.0,0.33412385,1
110,316,1.0203568,0.0,0.0,0.34011894,1
110,320,1.016192,0.0,0.0,0.33873066,1
110,324,0.98782694,0.0,0.0,0.32927567,1
110,328,0.0,0.0,0.82458454,0.2748615,1
110,343,0.0,0.0,0.8323721,0.2774574,1
110,347,0.0,0.96921015,0.0,0.32307005,1
110,348,0.0,1.0217907,0.0,0.3405969,1
110,354,0.9754748,0.0,0.0,0.32515827,1
110,357,0.0,1.083897,0.0,0.361299,1
110,359,0.0,0.0,1.0945184,0.3648395,1
110,362,0.9828581,0.0,0.0,0.32761937,1
110,367,1.0639138,0.0,0.0,0.35463795,1
110,369,0.0,0.98529744,0.0,0.3284325,1
110,370,0.0,0.0,0.7131966,0.2377322,1
110,378,0.0,0.9572204,0.0,0.31907347,1
110,383,1.061892,0.0,0.0,0.35396403,1
110,403,0.0,0.0,0.82841736,0.27613914,1
110,405,0.0,0.94349384,0.0,0.31449795,1
110,412,0.0,0.0,0.8101793,0.27005976,1
110,420,0.0,0.94199693,0.0,0.313999,1
110,425,0.0,0.0,1.3429457,0.44764858,1
110,433,1.000017,0.0,0.0,0.33333904,1
110,438,1.0083805,0.0,0.0,0.33612686,1
110,442,0.0,1.0058229,0.0,0.3352743,1
110,446,0.97852594,0.0,0.0,0.32617533,1
110,447,0.0,1.0114223,0.0,0.33714077,1
110,448,0.0,0.0,1.5969338,0.5323113,1
110,454,1.0059645,0.0,1.7126925,0.906219,2
110,460,0.0,0.0,1.475536,0.49184534,1
110,462,0.0,0.0,1.2516849,0.4172283,1
110,467,0.0,1.035874,0.0,0.34529135,1
110,476,0.0,0.0,0.7278434,0.24261448,1
110,477,0.0,1.1124203,0.0,0.37080678,1
110,482,1.0279374,0.0,0.0,0.34264582,1
110,489,0.0,0.978597,0.0,0.326199,1
110,493,0.0,1.0043503,0.0,0.33478343,1
110,503,0.9745216,0.0,0.0,0.32484055,1
111,113,0.0,0.9368573,0.0,0.31228578,1
111,121,0.97250205,0.0,0.0,0.32416737,1
111,132,0.0,0.9565594,0.0,0.31885314,1
111,133,1.0074466,0.0,0.0,0.33581555,1
111,137,1.0319061,0.0,0.0,0.34396872,1
111,139,0.0,0.0,1.1980188,0.39933962,1
111,142,0.0,0.9500708,0.0,0.31669027,1
111,143,1.1002598,0.0,0.0,0.36675328,1
111,147,0.0,0.98168355,0.0,0.32722786,1
111,159,0.97989446,0.0,0.0,0.3266315,1
111,162,0.0,0.0,1.5687685,0.5229229,1
111,164,0.9593838,0.0,0.0,0.3197946,1
111,174,1.0033405,0.0,0.0,0.33444685,1
111,183,0.0,0.0,0.73623544,0.24541181,1
111,186,1.0280633,0.0,0.0,0.3426878,1
111,187,0.0,0.0,0.7433084,0.24776947,1
111,204,0.0,0.0,0.8687897,0.28959656,1
111,206,0.0,0.0,0.85843813,0.28614604,1
111,216,0.0,0.0,0.7186619,0.23955397,1
111,224,0.0,0.0,0.8933186,0.29777288,1
111,225,0.0,0.94247705,0.0,0.31415904,1
111,230,0.0,0.0,1.08092,0.36030668,1
111,232,0.0,0.9474398,0.0,0.31581327,1
111,240,0.0,0.96597725,0.0,0.32199243,1
111,241,0.0,1.2093344,0.0,0.40311146,1
111,243,0.966785,0.0,0.0,0.3222617,1
111,248,0.0,0.0,1.2843031,0.42810103,1
111,251,0.0,1.1077971,0.0,0.36926574,1
111,255,0.9940978,0.0,0.0,0.33136594,1
111,267,0.0,0.0,0.97960514,0.32653505,1
111,269,0.975861,0.0,0.0,0.325287,1
111,287,0.0,0.0,0.86458683,0.2881956,1
111,295,1.0836188,0.0,0.0,0.36120626,1
111,296,0.0,0.9935745,0.0,0.3311915,1
111,302,0.0,1.1274033,0.0,0.3758011,1
111,304,0.9787184,0.0,0.0,0.32623947,1
111,306,0.0,1.0535771,0.0,0.35119236,1
111,316,0.0,0.0,0.95686114,0.31895372,1
111,317,1.0209366,0.0,1.5668784,0.8626051,2
111,325,0.0,1.0508767,0.0,0.35029227,1
111,329,0.0,0.0,0.7123031,0.23743437,1
111,355,0.0,0.0,0.85128194,0.28376067,1
111,361,0.0,0.9543546,0.0,0.3181182,1
111,362,0.0,0.9882446,0.0,0.32941487,1
111,363,0.0,1.0035683,0.0,0.33452278,1
111,370,0.0,0.9396198,0.0,0.3132066,1
111,376,0.9766323,1.1032807,0.0,0.69330436,2
111,380,0.0,0.94092304,0.0,0.313641,1
111,397,0.0,0.94898045,0.0,0.31632683,1
111,401,0.0,0.9952727,0.0,0.33175758,1
111,404,1.0660733,0.0,0.0,0.35535777,1
111,406,0.0,0.0,0.8786394,0.29287982,1
111,409,0.9748963,0.0,0.0,0.32496545,1
111,411,0.9783139,0.0,0.0,0.32610464,1
111,417,0.0,1.0038702,0.0,0.33462343,1
111,422,0.98301864,0.0,0.0,0.3276729,1
111,441,0.0,1.0357054,0.0,0.34523517,1
111,449,0.0,0.0,0.6101061,0.20336871,1
111,460,0.0,0.0,0.6697869,0.2232623,1
111,461,0.0,0.96320266,0.0,0.32106757,1
111,463,1.0159475,0.0,0.0,0.33864915,1
111,472,1.0525631,0.0,0.0,0.35085437,1
111,475,0.0,0.96343046,0.0,0.3211435,1
111,483,0.97685486,0.0,0.0,0.3256183,1
111,495,0.0,0.9885549,0.0,0.32951832,1
111,499,0.0,0.9751694,0.0,0.3250565,1
111,502,0.0,0.0,1.0551549,0.3517183,1
111,509,1.0116925,0.0,0.0,0.33723086,1
112,118,0.0,0.0,0.8264056,0.27546853,1
112,121,0.0,0.0,1.1799678,0.3933226,1
112,130,0.0,0.99429655,0.0,0.3314322,1
112,135,0.0,0.0,1.1777767,0.39259225,1
112,136,0.0,0.973542,0.0,0.324514,1
112,140,0.0,0.0,1.0586549,0.35288498,1
112,147,0.0,1.0059907,0.0,0.33533025,1
112,149,0.0,0.9597891,0.0,0.31992972,1
112,155,0.0,0.0,1.2128024,0.4042675,1
112,156,0.0,1.2683535,0.96000427,0.74278593,2
112,158,0.96748036,1.0077081,0.0,0.6583961,2
112,160,0.0,0.0,0.82762176,0.27587393,1
112,163,1.0154593,0.0,0.0,0.33848643,1
112,164,0.0,0.9844543,0.0,0.32815143,1
112,169,0.0,0.95652336,0.0,0.31884113,1
112,174,0.0,0.0,0.99146944,0.3304898,1
112,175,0.0,0.97161627,0.0,0.3238721,1
112,181,0.0,0.0,1.1315869,0.37719566,1
112,183,0.0,0.9498053,0.0,0.31660178,1
112,195,0.0,0.9478992,0.0,0.31596643,1
112,196,0.0,0.0,1.93615,0.64538336,1
112,198,0.0,0.9283571,0.0,0.30945238,1
112,199,0.0,0.0,0.93723303,0.312411,1
112,201,0.0,0.0,0.7899479,0.26331598,1
112,211,0.9585264,0.0,0.0,0.3195088,1
112,228,0.0,1.0858749,1.2010688,0.76231456,2
112,229,0.0,0.0,1.0652857,0.35509524,1
112,230,0.9993713,0.0,0.0,0.33312377,1
112,241,0.0,0.94899654,0.0,0.3163322,1
112,243,0.96042746,0.0,0.0,0.3201425,1
112,256,0.0,0.0,0.9212419,0.30708063,1
112,262,0.0,0.96984506,1.1063037,0.6920496,2
112,263,0.0,0.0,0.84929305,0.28309768,1
112,265,0.9730608,0.0,0.0,0.3243536,1
112,267,0.9784542,0.0,0.0,0.3261514,1
112,269,0.95705473,0.0,1.309185,0.7554133,2
112,270,0.0,0.96670175,0.0,0.32223392,1
112,275,0.0,0.0,1.249493,0.41649768,1
112,276,0.0,0.946919,0.0,0.31563967,1
112,279,0.0,0.9941136,0.0,0.33137122,1
112,290,0.0,1.005942,0.0,0.335314,1
112,295,1.0150299,0.0,0.0,0.33834332,1
112,307,0.0,0.0,1.0550708,0.35169026,1
112,310,0.0,0.97263396,0.0,0.32421133,1
112,314,1.0865103,0.0,0.0,0.3621701,1
112,319,0.0,0.0,1.4508313,0.48361045,1
112,326,0.96216583,0.0,0.0,0.32072195,1
112,338,0.0,0.98366916,0.0,0.32788974,1
112,345,0.0,0.99952435,0.0,0.3331748,1
112,346,0.0,0.93262434,0.0,0.3108748,1
112,347,0.0,0.0,1.4373524,0.47911748,1
112,349,0.9581957,0.0,0.0,0.31939858,1
112,356,0.0,0.94760495,0.0,0.31586832,1
112,366,0.0,0.0,1.372848,0.45761603,1
112,373,1.0284752,1.0034617,0.0,0.6773123,2
112,379,0.0,0.0,1.3028162,0.43427205,1
112,380,0.0,0.0,0.8443581,0.28145272,1
112,384,0.99511266,0.0,0.0,0.33170423,1
112,385,0.97240186,0.0,0.0,0.32413396,1
112,390,1.0506418,0.0,0.0,0.35021394,1
112,392,0.0,0.0,1.3904451,0.46348172,1
112,399,0.0,0.9381421,0.0,0.31271404,1
112,404,0.0,1.0799483,0.0,0.3599828,1
112,418,0.0,0.0,1.4752612,0.49175376,1
112,420,1.0140609,0.0,0.0,0.3380203,1
112,421,0.0,0.9352952,0.0,0.31176507,1
112,423,0.0,0.0,0.77925384,0.2597513,1
112,427,0.0,0.0,1.1276522,0.37588406,1
112,428,0.0,0.0,0.5047393,0.16824643,1
112,433,0.0,1.0638314,0.92609054,0.66330737,2
112,435,1.0454259,0.0,0.0,0.3484753,1
112,437,1.0168482,0.0,0.0,0.3389494,1
112,438,0.0,0.96045583,0.0,0.32015195,1
112,447,0.9888883,0.0,0.0,0.32962945,1
112,458,0.0,1.0095276,0.0,0.3365092,1
112,459,0.9668879,0.0,0.0,0.32229596,1
112,460,0.9798167,0.0,0.0,0.32660556,1
112,462,0.0,0.9720582,0.0,0.3240194,1
112,463,0.9582533,0.9498305,0.0,0.63602793,2
112,487,0.9648362,0.0,0.6120832,0.5256398,2
112,493,0.970223,0.0,0.0,0.32340768,1
112,504,1.0258476,0.0,0.0,0.3419492,1
112,506,0.0,0.94784045,0.0,0.31594682,1
112,508,0.0,0.97096705,0.0,0.3236557,1
112,510,1.0209315,1.006204,0.0,0.67571187,2
113,124,0.0,0.952276,0.0,0.31742534,1
113,132,0.0,0.0,1.7640343,0.58801144,1
113,133,0.9696521,0.0,0.0,0.3232174,1
113,136,0.0,0.0,1.4059118,0.4686373,1
113,137,0.9563844,0.0,0.0,0.31879482,1
113,142,0.96786505,0.0,0.0,0.3226217,1
113,149,0.9675116,0.0,0.0,0.32250386,1
113,150,0.0,0.0,0.73000306,0.24333435,1
113,157,0.0,0.0,0.6887257,0.22957525,1
113,158,1.0747198,0.0,0.0,0.35823995,1
113,161,0.0,0.0,0.88531375,0.2951046,1
113,164,1.034921,0.0,0.0,0.34497368,1
113,172,0.0,0.0,0.69463277,0.23154426,1
113,173,0.9939261,0.0,0.0,0.33130872,1
113,174,1.0236194,0.0,0.0,0.3412065,1
113,175,0.9804619,0.0,0.0,0.32682064,1
113,176,0.0,0.0,1.1400948,0.3800316,1
113,180,0.0,0.0,0.8474833,0.28249443,1
113,186,1.1101686,0.0,0.0,0.3700562,1
113,190,0.0,0.0,1.0657393,0.35524642,1
113,193,0.0,0.0,1.0602413,0.3534138,1
113,196,0.99003935,0.0,0.0,0.33001313,1
113,209,0.95569223,0.0,0.0,0.3185641,1
113,210,0.0,1.0056328,0.0,0.33521092,1
113,212,1.0142143,0.0,0.8194827,0.61123234,2
113,213,0.0,1.0963548,0.0,0.36545163,1
113,215,1.0763448,1.0713496,0.0,0.71589816,2
113,224,0.0,1.053899,0.0,0.3512997,1
113,227,0.0,1.0504977,0.0,0.3501659,1
113,237,0.0,1.0388273,0.0,0.34627578,1
113,240,0.0,0.0,0.7285508,0.24285027,1
113,241,0.0,1.0333844,0.0,0.3444615,1
113,247,1.0813426,0.0,0.0,0.36044753,1
113,249,1.0091076,0.0,0.0,0.33636922,1
113,250,0.98601866,0.0,1.155797,0.7139386,2
113,259,0.0,0.98762614,0.7439319,0.57718605,2
113,275,0.9953563,0.0,0.0,0.33178544,1
113,278,0.0,0.993843,0.0,0.331281,1
113,279,0.965023,0.0,0.0,0.32167435,1
113,282,0.96000385,0.0,0.0,0.3200013,1
113,283,0.0,0.0,1.0055976,0.3351992,1
113,284,0.0,0.0,0.8582006,0.2860669,1
113,292,1.0722295,0.0,0.0,0.35740983,1
113,294,0.0,0.0,1.5426913,0.5142305,1
113,304,0.99522334,0.0,0.0,0.33174112,1
113,309,0.0,0.0,0.4879415,0.16264717,1
113,312,0.0,0.0,1.1316898,0.37722993,1
113,318,0.0,0.0,1.4499774,0.4833258,1
113,319,1.008275,0.0,0.0,0.3360917,1
113,324,0.0,1.0064697,1.4911433,0.8325377,2
113,333,0.9744186,0.0,0.0,0.3248062,1
113,334,0.0,0.9595175,0.0,0.31983918,1
113,335,1.0892752,0.0,0.0,0.36309177,1
113,338,0.0,0.0,1.9485065,0.64950216,1
113,357,0.0,0.0,0.9493112,0.31643707,1
113,358,0.0,0.96154225,0.0,0.32051408,1
113,364,0.0,0.0,1.8590915,0.6196972,1
113,369,0.0,0.91235906,1.2299542,0.7141045,2
113,375,0.0,0.0,0.99548745,0.33182916,1
113,376,0.0,0.0,1.1407369,0.38024566,1
113,387,1.0024363,0.0,0.0,0.33414543,1
113,398,0.0,0.0,1.8619056,0.6206352,1
113,399,0.0,0.0,1.0086834,0.33622783,1
113,401,0.0,1.0002674,0.5354065,0.5118913,2
113,404,0.0,0.9740472,0.0,0.3246824,1
113,406,0.0,1.0069379,0.0,0.33564597,1
113,407,0.9755583,0.0,0.0,0.3251861,1
113,410,1.0136007,0.0,0.0,0.3378669,1
113,420,0.0,0.0,1.6014597,0.5338199,1
113,422,0.0,0.0,0.80275434,0.2675848,1
113,428,0.98705167,0.0,0.0,0.32901722,1
113,429,0.0,0.0,1.9749271,0.65830904,1
113,434,0.0,0.0,1.2192509,0.40641698,1
113,443,0.0,0.0,1.6098111,0.5366037,1
113,445,0.0,0.93905705,0.0,0.31301904,1
113,448,0.0,0.953985,0.0,0.317995,1
113,453,1.0335507,0.0,0.0,0.34451693,1
113,460,0.96665037,0.0,0.0,0.3222168,1
113,470,0.97149974,1.1028816,0.0,0.6914605,2
113,482,0.0,0.0,1.0916339,0.36387798,1
113,492,0.0,1.1647618,0.0,0.38825393,1
113,496,0.9863717,0.0,1.2313766,0.73924947,2
113,498,0.0,0.0,1.0793195,0.35977316,1
113,500,0.0,0.0,1.3361601,0.4453867,1
113,504,0.0,1.0146416,0.0,0.3382139,1
113,507,0.0,0.0,0.76941895,0.256473,1
113,509,0.0,0.0,0.69845635,0.23281878,1
113,511,0.0,0.0,0.9038719,0.30129063,1
114,122,0.0,0.0,0.68055964,0.22685322,1
114,126,0.9511298,0.0,0.0,0.31704327,1
114,130,0.0,0.9921738,0.0,0.3307246,1
114,131,0.0,0.0,0.9336253,0.31120843,1
114,140,0.0,1.0078347,0.0,0.3359449,1
114,141,0.0,0.97001576,0.0,0.3233386,1
114,145,0.0,1.1722676,0.0,0.39075586,1
114,146,0.0,0.9514462,0.0,0.31714875,1
114,151,0.0,0.0,1.4874028,0.49580094,1
114,157,0.0,0.95035523,0.0,0.3167851,1
114,160,0.0,0.0,1.2288746,0.40962487,1
114,167,0.0,0.0,0.9169684,0.30565614,1
114,169,0.0,0.0,0.5494941,0.1831647,1
114,182,0.0,0.9443398,0.0,0.31477994,1
114,183,0.0,1.1765325,0.0,0.39217752,1
114,190,1.0021446,0.0,0.0,0.3340482,1
114,197,0.0,0.9372421,0.0,0.31241405,1
114,205,0.980254,0.0,0.0,0.32675135,1
114,206,0.0,0.9549662,0.0,0.31832206,1
114,210,0.0,0.0,1.7488854,0.5829618,1
114,214,0.0,0.9348734,0.0,0.31162447,1
114,215,0.0,0.0,1.1454786,0.38182622,1
114,219,0.0,0.0,1.2872064,0.4290688,1
114,221,0.0,1.0167378,0.0,0.3389126,1
114,223,0.0,0.98368216,0.0,0.32789406,1
114,224,0.0,1.0677203,0.0,0.35590678,1
114,227,0.0,1.0974996,0.0,0.36583322,1
114,228,0.0,0.9514344,0.6486932,0.53337586,2
114,241,0.0,0.0,1.0039003,0.33463344,1
114,249,0.0,0.95166093,0.0,0.31722033,1
114,256,0.0,0.0,0.56906486,0.1896883,1
114,258,0.0,0.0,0.79897106,0.2663237,1
114,264,0.9808037,0.0,0.0,0.32693458,1
114,269,0.0,0.0,1.3685883,0.45619613,1
114,270,0.0,0.0,1.4333438,0.47778127,1
114,273,0.0,0.96967936,0.0,0.32322645,1
114,277,0.0,0.0,0.49161005,0.16387002,1
114,278,0.0,0.9366526,0.0,0.31221753,1
114,282,0.0,0.0,0.9372344,0.3124115,1
114,285,0.0,0.0,0.71973974,0.23991325,1
114,286,1.0071714,0.0,0.0,0.33572382,1
114,289,0.0,0.0,0.85941356,0.2864712,1
114,290,0.0,0.94138515,1.6722833,0.87122285,2
114,296,1.0319995,0.9549152,0.0,0.6623049,2
114,298,0.0,0.0,0.7243266,0.2414422,1
114,299,0.0,0.9977774,0.0,0.3325925,1
114,304,0.0,0.93533707,0.0,0.31177902,1
114,307,0.9866219,0.0,0.7475507,0.5780576,2
114,310,0.0,0.9708216,0.0,0.3236072,1
114,334,0.0,1.0614308,0.0,0.35381028,1
114,339,0.96999824,0.0,0.0,0.32333276,1
114,341,0.0,0.0,0.723388,0.24112934,1
114,345,0.0,0.0,0.8059882,0.26866275,1
114,346,0.0,0.0,0.81731117,0.27243707,1
114,348,0.0,0.0,1.0186311,0.3395437,1
114,350,0.0,0.0,1.3961859,0.4653953,1
114,351,0.0,0.0,1.2171978,0.4057326,1
114,352,0.0,0.9503805,0.0,0.3167935,1
114,353,0.0,0.0,0.8101038,0.2700346,1
114,363,0.0,0.0,1.322827,0.44094235,1
114,367,0.0,0.96697426,0.0,0.32232475,1
114,371,0.0,0.94765484,0.49566743,0.4811074,2
114,379,0.0,0.0,1.1977977,0.3992659,1
114,381,0.0,0.0,0.83013,0.27671,1
114,383,0.0,0.95484316,0.0,0.31828105,1
114,386,0.0,0.0,1.3671073,0.45570242,1
114,390,0.9639514,0.0,0.0,0.32131714,1
114,393,0.0,0.0,0.7129366,0.23764554,1
114,394,0.0,0.0,1.0507075,0.35023582,1
114,395,0.97376627,0.0,0.0,0.32458878,1
114,413,0.98731107,0.0,0.0,0.3291037,1
114,414,0.0,0.0,0.69024324,0.23008108,1
114,422,1.0259672,0.0,0.0,0.3419891,1
114,429,0.0,0.98897,0.0,0.32965666,1
114,430,0.0,0.0,0.60439026,0.20146343,1
114,433,0.0,0.0,0.94618016,0.3153934,1
114,435,1.0323098,0.0,0.0,0.34410328,1
114,439,0.0,0.96023077,0.0,0.32007694,1
114,451,1.0153806,0.0,0.0,0.3384602,1
114,452,0.0,1.007388,0.0,0.335796,1
114,453,0.0,0.93475264,0.0,0.31158423,1
114,454,0.9813478,0.0,0.0,0.32711595,1
114,458,0.0,0.9532116,0.8621623,0.60512465,2
114,459,0.0,0.0,1.1919935,0.39733118,1
114,462,0.9707277,0.0,0.0,0.3235759,1
114,478,0.0,1.0798872,0.0,0.3599624,1
114,479,0.9771241,0.0,0.9018529,0.62632567,2
114,480,0.0,0.99833786,0.0,0.3327793,1
114,486,0.0,0.0,0.6603227,0.22010759,1
114,487,0.0,0.0,0.5690603,0.18968678,1
114,495,1.0296406,0.0,0.0,0.34321353,1
114,503,0.0,0.0,1.3989305,0.4663102,1
114,504,0.96678376,0.0,0.0,0.32226127,1
114,505,1.0756916,0.0,0.0,0.35856387,1
114,506,0.9599135,0.0,0.0,0.31997117,1
114,509,0.0,0.96643144,0.0,0.32214382,1
115,116,0.0,0.0,1.4353445,0.47844815,1
115,128,0.0,0.96774065,0.0,0.32258022,1
115,133,0.0,1.0513217,0.0,0.3504406,1
115,142,0.0,1.0057552,0.0,0.33525175,1
115,160,0.9908433,0.0,0.0,0.3302811,1
115,162,0.0,0.9984647,0.0,0.33282158,1
115,179,0.0,0.0,0.96678525,0.32226175,1
115,180,1.0380639,0.0,0.0,0.3460213,1
115,183,0.0,0.0,0.9238701,0.3079567,1
115,187,0.0,0.960222,0.0,0.32007402,1
115,189,0.0,0.94647247,0.0,0.31549084,1
115,194,0.99766296,0.0,0.0,0.33255434,1
115,199,1.0585437,0.0,0.0,0.3528479,1
115,200,0.0,1.0458231,0.0,0.34860772,1
115,202,0.0,1.142674,0.0,0.38089132,1
115,205,0.0,0.0,1.7964059,0.598802,1
115,206,0.0,0.0,1.0219729,0.34065765,1
115,218,0.0,0.0,0.8549394,0.28497982,1
115,226,0.0,0.9713905,0.0,0.32379684,1
115,228,1.0512681,0.0,0.0,0.3504227,1
115,229,1.0850149,0.0,0.0,0.36167166,1
115,230,0.0,0.0,0.5726558,0.19088528,1
115,236,0.0,0.0,1.0482943,0.34943146,1
115,238,0.98634803,0.0,0.0,0.32878268,1
115,244,0.0,0.0,0.8490086,0.28300288,1
115,246,0.0,0.0,1.0809599,0.36031997,1
115,248,1.0143473,0.0,0.0,0.33811578,1
115,252,0.0,1.0592462,1.2042903,0.7545122,2
115,256,0.98881966,0.0,0.0,0.32960656,1
115,264,0.0,1.0344884,0.0,0.3448295,1
115,273,0.9735051,0.0,0.0,0.3245017,1
115,276,0.0,1.0533826,0.0,0.35112756,1
115,286,0.0,0.0,1.7729992,0.5909997,1
115,290,0.9693606,0.0,0.0,0.3231202,1
115,292,0.0,0.94138837,0.0,0.31379613,1
115,294,0.0,1.0045576,0.0,0.33485255,1
115,300,0.9899005,0.0,0.0,0.32996684,1
115,307,0.0,0.96607965,0.0,0.32202655,1
115,314,0.0,0.0,0.87136066,0.29045355,1
115,316,0.0,1.0298117,0.0,0.3432706,1
115,321,0.0,0.0,1.2105944,0.4035315,1
115,324,0.9767557,0.0,0.0,0.32558525,1
115,327,0.0,0.0,1.7060724,0.56869084,1
115,328,0.0,0.0,1.3919337,0.4639779,1
115,330,0.0,0.0,0.5986491,0.1995497,1
115,336,0.0,0.0,0.6910676,0.23035586,1
115,337,0.0,0.0,0.7814651,0.2604884,1
115,343,0.0,0.0,1.7283453,0.57611513,1
115,344,1.0064411,0.0,0.0,0.3354804,1
115,350,0.98147625,0.0,0.0,0.32715875,1
115,352,0.0,0.0,0.491502,0.163834,1
115,370,0.0,0.0,1.847435,0.6158117,1
115,375,0.0,0.99102277,0.0,0.33034092,1
115,387,0.0,1.0294306,0.0,0.34314355,1
115,389,0.0,0.9512608,0.0,0.31708694,1
115,400,0.0,0.0,0.85125643,0.28375214,1
115,403,0.0,0.0,1.8554555,0.6184852,1
115,409,0.9952689,0.0,0.0,0.3317563,1
115,410,0.0,0.0,1.2794098,0.42646992,1
115,425,0.0,0.0,0.7551752,0.25172508,1
115,431,0.0,1.049685,0.0,0.349895,1
115,436,0.0,0.9519467,0.0,0.31731558,1
115,438,0.0,0.0,0.73458326,0.2448611,1
115,442,0.0,0.0,0.810644,0.27021468,1
115,444,0.0,0.0,0.79771495,0.265905,1
115,446,0.98758674,0.0,0.0,0.3291956,1
115,447,0.0,1.1056014,0.0,0.36853382,1
115,448,0.0,0.0,0.900778,0.30025935,1
115,450,0.0,0.0,0.670883,0.22362767,1
115,454,0.0,0.0,1.3681418,0.45604727,1
115,460,0.0,0.0,1.0354127,0.34513757,1
115,462,0.0,0.0,0.6081745,0.20272484,1
115,467,0.99454707,0.0,0.0,0.3315157,1
115,472,0.9790395,0.0,0.0,0.32634652,1
115,476,0.0,0.0,0.7011499,0.23371664,1
115,478,0.0,0.0,0.7118413,0.23728043,1
115,481,0.9662942,0.0,0.0,0.32209808,1
115,488,0.99173343,0.0,0.0,0.33057782,1
115,492,0.0,0.94718385,0.0,0.31572795,1
115,493,0.0,1.2147855,0.0,0.4049285,1
115,495,0.9919173,0.0,0.0,0.33063912,1
115,496,0.0,0.9867882,0.0,0.32892942,1
115,498,1.0381368,0.0,0.0,0.3460456,1
115,506,0.96217144,0.0,0.9702843,0.6441519,2
116,124,0.9701824,0.0,0.0,0.32339415,1
116,137,0.0,0.0,0.64496976,0.21498993,1
116,138,0.0,0.9712968,0.0,0.3237656,1
116,147,0.0,0.0,0.88597876,0.29532626,1
116,148,0.0,0.0,1.0349673,0.34498912,1
116,150,0.9687922,0.0,0.0,0.32293075,1
116,151,0.0,1.0031154,0.0,0.3343718,1
116,153,0.0,0.0,0.6260517,0.20868391,1
116,156,1.040314,0.0,0.0,0.34677133,1
116,163,0.0,1.12908,0.8031003,0.64406013,2
116,171,0.0,0.0,0.62355524,0.20785175,1
116,175,0.0,0.9968862,0.0,0.33229542,1
116,182,0.0,0.941782,0.0,0.31392735,1
116,183,1.0268182,0.0,0.75561416,0.5941441,2
116,187,0.0,0.0,0.54125863,0.18041955,1
116,202,0.0,0.0,0.9784353,0.3261451,1
116,204,1.0432365,0.0,0.8950158,0.6460841,2
116,205,0.0,0.0,1.1638956,0.3879652,1
116,206,0.0,0.0,0.8082524,0.26941746,1
116,213,0.0,0.0,0.83556694,0.2785223,1
116,216,0.0,0.96084493,0.0,0.32028165,1
116,220,0.0,0.94407237,0.0,0.3146908,1
116,225,0.0,1.0220689,0.0,0.34068963,1
116,226,0.0,1.0000226,0.0,0.33334088,1
116,229,0.0,0.9299629,0.0,0.30998763,1
116,231,0.97327083,0.0,0.0,0.3244236,1
116,232,1.0438869,0.0,0.0,0.34796232,1
116,235,0.0,1.1405144,0.0,0.38017148,1
116,236,0.0,0.0,1.0921644,0.3640548,1
116,237,0.0,0.0,0.7861729,0.26205766,1
116,242,0.0,0.0,0.6402548,0.21341828,1
116,243,0.0,0.0,0.76194817,0.25398272,1
116,244,0.0,0.0,0.46028486,0.15342829,1
116,246,0.0,0.0,1.361209,0.45373636,1
116,250,0.97616583,0.0,0.0,0.3253886,1
116,254,0.0,1.08712,0.0,0.36237335,1
116,257,0.0,1.0822605,0.0,0.3607535,1
116,265,0.96379614,0.0,0.0,0.3212654,1
116,267,0.0,0.0,0.87128574,0.29042858,1
116,268,0.0,0.0,0.9385178,0.31283927,1
116,280,0.0,0.0,0.544569,0.18152301,1
116,281,0.0,0.97136706,0.0,0.32378903,1
116,282,0.0,0.9616074,0.0,0.3205358,1
116,285,0.0,1.1658635,0.0,0.38862118,1
116,286,0.0,0.0,1.0002078,0.3334026,1
116,287,0.0,1.0631828,0.0,0.3543943,1
116,289,1.0288284,0.0,0.0,0.3429428,1
116,290,0.9842954,0.0,0.0,0.32809848,1
116,294,0.98462296,0.0,0.0,0.32820767,1
116,297,0.95541465,0.0,0.0,0.31847155,1
116,300,0.0,0.9932354,0.0,0.33107847,1
116,303,0.0,0.0,0.70675033,0.23558345,1
116,308,0.0,0.9683812,0.0,0.32279375,1
116,312,0.9697045,0.0,0.0,0.32323486,1
116,324,0.0,0.95160687,0.0,0.3172023,1
116,327,0.0,0.0,1.579824,0.526608,1
116,328,0.0,0.0,1.1190829,0.37302765,1
116,330,0.99234843,0.0,0.5405087,0.5109524,2
116,335,0.0,0.0,1.6431437,0.5477146,1
116,336,0.0,0.0,0.9237502,0.30791676,1
116,340,0.9715011,0.0,0.0,0.3238337,1
116,343,0.0,0.96851844,0.0,0.3228395,1
116,352,0.0,0.0,0.5048637,0.1682879,1
116,357,0.9672927,0.0,0.0,0.3224309,1
116,370,0.0,0.0,0.7357354,0.24524514,1
116,375,0.9880399,0.0,0.0,0.32934666,1
116,380,0.0,1.0346918,0.0,0.34489727,1
116,385,0.99136096,0.0,0.0,0.33045366,1
116,400,0.0,0.0,1.1055766,0.36852556,1
116,403,0.0,0.0,1.0740961,0.35803205,1
116,410,0.0,0.0,1.2020526,0.4006842,1
116,414,0.0,1.0076025,0.0,0.3358675,1
116,423,0.0,0.97485095,0.0,0.32495034,1
116,424,0.0,0.9649701,0.0,0.3216567,1
116,425,0.0,0.0,0.71585923,0.23861974,1
116,438,0.0,0.0,1.227914,0.40930468,1
116,442,0.0,0.0,1.4890778,0.4963593,1
116,444,0.0,0.0,0.89571816,0.29857272,1
116,448,0.0,0.0,0.7002395,0.23341316,1
116,450,0.0,0.0,0.7832271,0.2610757,1
116,452,0.96222407,0.0,0.0,0.32074136,1
116,453,0.97036123,1.0189267,0.0,0.663096,2
116,454,0.0,0.0,0.92869824,0.30956608,1
116,460,0.0,0.0,1.2070296,0.4023432,1
116,462,0.0,0.94294715,0.5404747,0.494474,2
116,472,0.0,1.1077754,0.0,0.3692585,1
116,474,0.0,0.0,1.2478378,0.41594595,1
116,476,0.0,0.0,1.0835824,0.36119413,1
116,478,0.0,0.0,0.70629185,0.23543063,1
116,489,0.99451166,0.0,0.0,0.3315039,1
116,490,0.0,0.0,0.73821384,0.24607128,1
116,491,0.0,0.0,0.89260966,0.29753655,1
116,498,0.0,1.0189619,0.0,0.33965397,1
116,500,0.0,1.0742763,0.0,0.35809213,1
116,502,0.0,0.0,0.91937995,0.30646,1
116,503,1.03806,0.0,0.0,0.34601998,1
116,510,0.0,0.9836033,0.0,0.32786778,1
117,120,1.062725,0.0,0.0,0.35424167,1
117,135,0.0,1.065101,0.0,0.3550337,1
117,143,1.025796,0.0,0.0,0.34193203,1
117,156,0.0,0.9619963,0.0,0.32066545,1
117,158,0.0,0.0,0.8886638,0.2962213,1
117,164,0.0,0.0,1.0274947,0.34249824,1
117,167,0.0,1.054078,0.0,0.35135934,1
117,168,0.0,0.0,1.073917,0.35797235,1
117,170,0.0,0.0,0.89338094,0.29779366,1
117,171,1.1174053,0.0,0.0,0.37246844,1
117,175,0.0,0.9336919,0.0,0.31123066,1
117,179,1.0805095,0.0,0.0,0.36016986,1
117,182,0.0,0.97638434,0.0,0.32546145,1
117,190,0.0,1.0658602,0.0,0.35528672,1
117,192,1.00777,0.99518615,0.0,0.667652,2
117,197,0.97720563,0.0,0.0,0.3257352,1
117,198,0.0,1.0203338,0.0,0.34011126,1
117,199,0.0,0.9793416,0.0,0.32644722,1
117,217,0.0,0.0,1.6270025,0.5423342,1
117,222,0.96917534,0.0,0.0,0.32305846,1
117,235,0.0,0.0,0.71979165,0.23993056,1
117,237,0.99166584,0.0,0.0,0.3305553,1
117,238,0.0,0.0,0.70490015,0.23496673,1
117,242,0.0,0.9986319,0.0,0.3328773,1
117,252,0.9658144,0.0,0.0,0.32193816,1
117,256,0.0,0.9857847,0.0,0.32859492,1
117,258,1.0550817,0.0,0.0,0.35169393,1
117,259,0.0,0.0,0.7156815,0.2385605,1
117,261,0.9831537,0.0,0.0,0.3277179,1
117,274,0.0,1.0128509,0.0,0.33761698,1
117,279,0.0,0.0,1.1175014,0.37250048,1
117,288,0.97871894,0.0,0.0,0.32623965,1
117,293,0.0,0.0,1.5417225,0.51390755,1
117,295,0.9779977,0.0,0.0,0.32599926,1
117,304,0.0,0.0,1.2305954,0.41019845,1
117,312,0.0,0.9972958,0.0,0.33243194,1
117,314,0.0,0.0,0.8804764,0.29349214,1
117,316,0.0,0.96921045,0.0,0.32307017,1
117,317,0.9809819,0.0,0.0,0.32699397,1
117,319,0.0,1.0109881,0.0,0.33699605,1
117,320,0.9821056,0.9573714,0.0,0.64649236,2
117,321,0.0,0.0,0.8041985,0.26806617,1
117,323,0.0,0.0,0.8894431,0.29648104,1
117,325,1.1001987,0.0,0.0,0.36673293,1
117,326,0.0,0.0,0.8644997,0.28816658,1
117,332,1.0346584,0.0,0.0,0.34488615,1
117,340,0.0,0.0,1.4902078,0.49673593,1
117,343,0.0,0.93135655,0.8604649,0.5972738,2
117,345,0.0,0.0,1.6263571,0.542119,1
117,370,0.0,0.0,0.7302498,0.2434166,1
117,379,1.0032383,0.0,0.0,0.33441278,1
117,383,0.9645399,0.0,0.0,0.3215133,1
117,384,0.97292876,0.0,0.0,0.3243096,1
117,388,0.0,0.0,0.7716711,0.25722373,1
117,392,0.0,0.9661088,0.0,0.32203627,1
117,401,0.9607736,0.0,0.0,0.32025787,1
117,433,1.0837296,0.0,0.0,0.36124322,1
117,435,0.0,0.0,0.75165516,0.25055173,1
117,439,0.0,0.9305364,0.0,0.31017882,1
117,442,1.0730892,0.0,0.0,0.3576964,1
117,448,0.9602878,0.0,0.0,0.32009596,1
117,453,0.0,0.9634884,0.0,0.32116282,1
117,458,1.0768958,0.0,0.6799549,0.58561695,2
117,465,0.0,0.0,0.8193064,0.27310213,1
117,466,0.0,0.0,0.69160765,0.2305359,1
117,467,0.0,0.9603464,0.0,0.32011548,1
117,473,0.98798686,0.0,0.837954,0.608647,2
117,479,0.0,0.97321916,0.0,0.3244064,1
117,491,1.064367,0.0,0.0,0.35478902,1
117,493,0.9648518,0.0,0.0,0.32161728,1
117,494,0.0,0.0,0.91253346,0.30417782,1
117,501,0.9535292,0.0,0.0,0.31784308,1
117,503,0.0,0.9763092,0.0,0.3254364,1
117,508,0.0,0.0,0.74327433,0.24775812,1
117,510,1.0241003,0.0,0.0,0.34136677,1
118,119,0.0,0.94715935,0.67579633,0.5409852,2
118,120,1.0573449,0.0,0.0,0.3524483,1
118,129,0.0,0.0,0.7706239,0.25687465,1
118,134,0.0,1.0087864,0.0,0.33626217,1
118,135,0.0,1.0535073,0.0,0.3511691,1
118,147,0.0,1.0133576,0.0,0.3377859,1
118,149,1.0417141,0.0,0.0,0.34723803,1
118,153,0.0,1.0545813,0.0,0.3515271,1
118,157,0.96258956,0.0,0.0,0.3208632,1
118,160,0.0,0.0,0.9463347,0.31544492,1
118,170,0.0,1.1124692,0.0,0.3708231,1
118,177,0.0,0.94231534,0.0,0.31410512,1
118,189,0.0,0.0,0.7705197,0.2568399,1
118,190,1.0512809,0.0,0.0,0.35042697,1
118,193,0.9667842,0.0,0.0,0.3222614,1
118,199,0.0,1.0375608,0.0,0.34585363,1
118,220,0.0,0.951202,0.0,0.31706733,1
118,228,0.0,0.0,0.76241386,0.25413796,1
118,232,0.0,0.96944976,0.0,0.32314992,1
118,256,0.0,0.0,1.7443458,0.5814486,1
118,262,0.0,0.9860689,0.0,0.32868963,1
118,269,0.0,0.9617009,0.0,0.32056698,1
118,273,1.0300884,0.0,0.7857427,0.60527706,2
118,274,0.9827429,0.0,0.0,0.327581,1
118,275,0.0,0.0,1.359964,0.45332134,1
118,277,0.9975583,0.9932183,0.0,0.6635922,2
118,282,1.0377347,0.0,0.0,0.3459116,1
118,291,0.0,0.0,0.86490035,0.28830013,1
118,298,1.00787,0.0,0.0,0.33595666,1
118,303,0.0,0.97722733,0.0,0.32574245,1
118,304,0.96635956,0.0,0.0,0.32211986,1
118,307,0.0,0.94927704,0.0,0.31642568,1
118,310,0.0,1.0816263,0.0,0.36054212,1
118,313,0.0,0.0,1.1963019,0.39876732,1
118,314,1.0031345,0.0,0.0,0.33437818,1
118,319,0.0,0.0,1.7736226,0.59120756,1
118,323,1.0334908,0.0,0.0,0.34449694,1
118,351,0.97072804,0.0,0.0,0.32357603,1
118,352,1.0176724,0.97104615,0.0,0.6629062,2
118,353,0.0,0.0,0.85880685,0.28626895,1
118,355,0.0,0.96355826,0.0,0.3211861,1
118,363,0.0,0.9555406,0.0,0.31851354,1
118,366,0.0,1.0785728,0.0,0.35952425,1
118,369,0.0,0.94936043,0.0,0.3164535,1
118,372,0.0,0.0,0.6382298,0.21274327,1
118,379,0.0,0.0,0.68348503,0.22782835,1
118,383,0.0,0.0,0.96177787,0.32059264,1
118,386,0.0,0.0,0.679323,0.22644101,1
118,405,0.0,0.9866217,0.0,0.3288739,1
118,414,1.0423998,0.0,0.0,0.3474666,1
118,418,0.0,0.0,0.7606133,0.25353777,1
118,427,0.0,0.0,0.75472814,0.25157607,1
118,430,0.0,1.0976169,1.8057086,0.9677752,2
118,432,0.9854515,0.0,0.0,0.32848385,1
118,433,0.0,0.0,0.878236,0.29274535,1
118,440,0.0,0.98552114,0.0,0.32850707,1
118,448,0.96972644,0.0,0.0,0.32324216,1
118,462,0.99764204,1.0101391,0.0,0.6692604,2
118,470,0.0,0.0,0.721154,0.24038467,1
118,475,0.0,0.94112986,0.0,0.31370997,1
118,479,0.9904145,0.0,0.0,0.33013818,1
118,480,1.0540249,0.0,0.0,0.35134166,1
118,484,0.0,1.0011202,0.0,0.33370674,1
118,494,0.0,0.96764416,0.0,0.32254806,1
118,499,0.0,0.0,0.7881324,0.2627108,1
119,122,0.0,0.0,0.975882,0.32529402,1
119,133,0.0,0.0,1.2785887,0.42619622,1
119,136,1.0163147,0.0,0.0,0.33877158,1
119,137,0.9735228,0.0,0.0,0.3245076,1
119,147,0.0,0.94395494,0.0,0.31465167,1
119,149,0.0,0.0,0.7009454,0.23364846,1
119,150,0.0,0.9526333,0.0,0.31754446,1
119,151,0.9861664,0.0,0.0,0.32872215,1
119,153,0.0,0.96110636,0.0,0.3203688,1
119,156,0.0,0.0,1.0808064,0.3602688,1
119,158,0.9622606,0.0,0.0,0.32075354,1
119,160,0.0,0.0,0.88691205,0.29563737,1
119,161,0.0,0.0,1.1955773,0.39852577,1
119,172,0.0,0.0,0.7535898,0.25119662,1
119,177,0.0,0.94227815,0.0,0.31409273,1
119,179,1.0117795,0.0,0.0,0.33725986,1
119,181,0.0,1.070868,1.0667177,0.7125286,2
119,185,0.0,1.0591501,0.0,0.35305005,1
119,190,0.9824904,0.0,0.0,0.32749683,1
119,191,0.0,0.0,0.6386589,0.2128863,1
119,194,0.96965295,0.0,0.0,0.32321766,1
119,210,0.0,0.0,0.9129905,0.30433017,1
119,219,1.099814,0.0,0.0,0.3666047,1
119,220,0.0,0.97172344,0.0,0.32390782,1
119,228,0.0,0.0,0.71137714,0.23712572,1
119,231,0.0,1.110678,0.85282636,0.65450144,2
119,235,1.0807397,0.0,0.0,0.3602466,1
119,247,0.0,0.0,0.5409309,0.18031031,1
119,255,1.0453062,0.99303,0.6683768,0.90223765,3
119,256,0.0,1.0101879,1.063616,0.69126797,2
119,261,1.0489264,0.0,0.0,0.34964213,1
119,266,1.0301883,0.0,0.0,0.34339613,1
119,270,0.0,0.95279515,0.85970855,0.60416794,2
119,278,0.0,0.0,0.84777623,0.2825921,1
119,280,0.0,0.9813793,0.0,0.32712644,1
119,281,0.9716297,0.0,0.0,0.32387656,1
119,285,0.0,0.0,0.92538244,0.30846083,1
119,297,0.96799856,0.0,0.0,0.3226662,1
119,298,0.0,0.0,0.8316714,0.27722383,1
119,310,0.0,0.9503786,0.0,0.31679288,1
119,326,0.9864885,0.0,0.0,0.32882953,1
119,329,0.0,1.0065181,0.0,0.33550605,1
119,332,0.0,0.0,0.9916638,0.3305546,1
119,340,1.0467982,0.0,0.0,0.34893274,1
119,346,0.0,0.0,1.0626476,0.35421586,1
119,352,1.0604074,0.0,0.0,0.35346913,1
119,354,0.0,0.0,0.75894535,0.25298178,1
119,361,1.0415107,0.0,0.0,0.34717023,1
119,364,0.0,0.0,0.90321696,0.30107233,1
119,366,0.0,0.0,0.8233507,0.27445024,1
119,369,0.0,0.0,0.93109375,0.3103646,1
119,372,0.0,1.0145184,0.0,0.3381728,1
119,376,0.0,0.0,1.1598904,0.38663015,1
119,379,0.0,0.0,0.7682934,0.2560978,1
119,384,0.0,0.0,0.5531135,0.18437117,1
119,386,0.0,0.95113194,0.0,0.317044,1
119,392,0.0,1.0646721,0.0,0.3548907,1
119,399,0.0,0.0,0.8640526,0.28801754,1
119,405,0.0,0.0,0.77964294,0.259881,1
119,407,0.97998166,0.0,0.76579386,0.5819252,2
119,413,0.0,0.0,0.7178711,0.23929039,1
119,420,0.0,0.9403548,0.0,0.31345162,1
119,421,0.0,0.0,0.8253843,0.27512813,1
119,422,0.0,0.0,0.9879448,0.32931495,1
119,424,0.9891017,0.0,0.0,0.3297006,1
119,438,1.0377936,0.0,0.0,0.34593123,1
119,443,0.0,0.0,0.5913119,0.19710396,1
119,445,1.0191075,0.0,0.0,0.3397025,1
119,446,0.96854204,0.0,0.9050662,0.6245361,2
119,447,0.0,0.0,0.8238365,0.2746122,1
119,452,0.0,1.0523401,0.0,0.35078007,1
119,457,0.991005,0.0,0.0,0.33033502,1
119,462,0.9681474,0.0,0.0,0.32271582,1
119,469,0.98000616,0.0,0.0,0.32666874,1
119,470,0.0,0.0,0.8618669,0.28728896,1
119,471,0.0,0.0,0.78974366,0.2632479,1
119,476,0.0,0.94413435,0.0,0.31471145,1
119,477,0.0,0.9475361,0.68009526,0.54254377,2
119,479,0.0,1.0573846,0.7737549,0.6103798,2
119,480,0.0,1.039021,0.0,0.34634036,1
119,482,0.0,0.0,1.503068,0.5010227,1
119,487,0.0,0.0,1.0022624,0.33408746,1
119,490,1.0038903,0.0,0.0,0.3346301,1
119,499,0.9825253,0.0,0.0,0.32750845,1
119,500,0.0,0.0,0.75725156,0.2524172,1
119,507,0.0,0.0,0.6728181,0.22427271,1
120,124,0.0,0.0,1.5043609,0.50145364,1
120,126,1.0041683,0.0,0.0,0.33472276,1
120,135,0.9734676,0.0,0.0,0.3244892,1
120,144,0.0,0.9535709,0.0,0.31785697,1
120,147,0.9651284,0.0,0.0,0.32170948,1
120,149,0.9798867,0.0,0.0,0.32662892,1
120,151,0.0,0.0,0.7890714,0.2630238,1
120,157,0.98054403,0.0,0.0,0.32684803,1
120,165,0.0,0.9551542,0.0,0.31838474,1
120,172,0.0,0.9667934,0.0,0.3222645,1
120,173,0.0,1.0932753,0.0,0.36442512,1
120,194,1.0351924,0.0,0.0,0.34506413,1
120,200,0.0,1.0656903,0.0,0.3552301,1
120,203,0.0,0.0,0.9306531,0.3102177,1
120,209,0.0,0.95737237,0.0,0.31912413,1
120,216,0.0,0.0,0.5402861,0.18009537,1
120,217,0.9656327,0.0,0.0,0.32187757,1
120,228,0.0,0.9701606,0.0,0.32338688,1
120,232,0.0,0.0,0.8628382,0.28761274,1
120,239,0.0,0.0,1.0884901,0.36283004,1
120,252,0.9739519,0.0,0.0,0.32465065,1
120,253,1.0898722,0.9584884,0.0,0.68278694,2
120,256,0.0,1.0860226,0.0,0.36200756,1
120,262,0.9873313,0.0,0.0,0.32911044,1
120,272,0.0,0.0,0.8398452,0.2799484,1
120,273,1.0136951,0.0,0.0,0.33789837,1
120,275,0.0,1.0445154,0.0,0.3481718,1
120,287,0.0,0.0,0.7416138,0.2472046,1
120,299,0.0,0.977565,0.0,0.32585502,1
120,305,1.0381708,0.0,0.0,0.34605694,1
120,309,0.0,0.9381029,0.0,0.312701,1
120,310,1.016411,0.0,0.0,0.33880365,1
120,315,0.0,0.9434942,0.0,0.31449807,1
120,325,1.019852,0.0,0.0,0.33995068,1
120,329,0.0,0.0,0.6036499,0.20121664,1
120,338,1.0176646,0.9457667,0.0,0.6544771,2
120,339,1.0112064,0.0,0.0,0.3370688,1
120,344,0.0,1.0284064,0.0,0.34280214,1
120,347,0.9761377,0.0,0.0,0.32537925,1
120,349,0.0,0.9702768,0.0,0.3234256,1
120,352,0.9951457,0.0,0.0,0.33171523,1
120,361,0.0,0.0,0.92577446,0.30859149,1
120,369,0.98393685,0.0,0.0,0.32797897,1
120,374,0.98270243,0.0,0.0,0.3275675,1
120,377,0.0,0.0,1.6308872,0.54362905,1
120,384,0.0,0.9636812,0.0,0.32122707,1
120,387,0.0,0.0,1.564245,0.521415,1
120,392,0.0,1.0281905,0.0,0.34273016,1
120,394,1.0195659,0.0,0.0,0.3398553,1
120,399,0.0,1.0551401,0.0,0.3517134,1
120,403,0.0,0.0,0.5957373,0.1985791,1
120,406,0.0,0.0,0.72872514,0.24290839,1
120,412,0.0,0.0,1.1258044,0.37526816,1
120,416,0.0,1.0753345,0.0,0.35844487,1
120,421,0.0,0.95028216,0.0,0.31676072,1
120,431,1.001595,0.0,0.0,0.33386502,1
120,433,1.0652168,0.0,0.0,0.35507226,1
120,435,0.0,0.9772064,0.0,0.32573548,1
120,436,0.0,0.0,1.4455068,0.4818356,1
120,439,1.0355551,0.0,0.0,0.34518504,1
120,441,0.0,0.0,0.721283,0.24042767,1
120,448,0.9823243,0.0,0.0,0.32744145,1
120,455,0.0,0.95489115,0.99735254,0.6507479,2
120,458,0.96672255,0.0,0.0,0.32224086,1
120,466,0.96084994,0.0,0.0,0.32028332,1
120,468,0.0,0.94335765,0.0,0.31445256,1
120,472,0.0,0.9678163,1.6363053,0.86804056,2
120,474,0.0,1.0154501,0.0,0.3384834,1
120,484,0.0,0.9465091,0.0,0.31550306,1
120,491,0.9703882,0.0,0.0,0.32346272,1
120,501,0.0,0.0,0.7972269,0.2657423,1
120,504,0.0,0.0,1.7694854,0.5898285,1
120,505,0.99724215,0.0,0.0,0.33241406,1
121,136,0.98588014,0.0,0.0,0.32862672,1
121,137,1.0163021,0.0,0.0,0.33876738,1
121,140,0.0,1.0337952,0.0,0.3445984,1
121,146,0.0,0.95565754,0.0,0.31855252,1
121,149,0.0,1.0278434,0.0,0.34261447,1
121,155,0.9780757,0.0,1.7790651,0.919047,2
121,174,0.0,0.0,1.5758331,0.52527773,1
121,175,0.0,0.0,1.2063217,0.40210724,1
121,183,0.9700537,0.0,0.0,0.32335123,1
121,188,0.0,0.0,1.1150376,0.3716792,1
121,194,0.9618568,0.0,0.0,0.32061893,1
121,195,0.0,1.0414052,0.0,0.34713507,1
121,199,0.0,1.00185,0.67856985,0.56013995,2
121,201,0.0,0.0,1.1090299,0.36967665,1
121,205,0.0,0.9626454,0.0,0.3208818,1
121,218,0.0,0.9522026,0.0,0.31740087,1
121,229,0.0,0.0,1.5354272,0.5118091,1
121,234,0.0,0.0,1.4879868,0.4959956,1
121,238,0.0,1.0215281,0.0,0.34050938,1
121,240,1.0419126,0.0,0.0,0.3473042,1
121,252,1.0112845,0.0,0.0,0.33709484,1
121,262,0.0,0.0,1.357134,0.452378,1
121,263,0.0,0.0,0.99975014,0.33325005,1
121,265,1.0190806,0.0,0.0,0.33969355,1
121,266,0.0,0.9985109,0.0,0.332837,1
121,269,0.0,0.0,0.7065059,0.23550197,1
121,275,0.0,0.0,0.980285,0.32676166,1
121,276,0.0,1.0193614,0.0,0.33978713,1
121,280,0.0,0.9415089,0.0,0.3138363,1
121,281,1.0452217,0.0,0.0,0.34840724,1
121,289,0.0,0.95912343,0.0,0.3197078,1
121,290,0.97976506,0.0,0.0,0.32658836,1
121,295,0.98174334,0.0,0.0,0.3272478,1
121,301,0.0,0.94216096,0.8260601,0.589407,2
121,310,0.0,0.0,1.1597146,0.38657153,1
121,317,0.96319294,0.0,0.0,0.32106432,1
121,319,0.0,0.0,0.9373245,0.31244153,1
121,330,1.0060526,0.0,0.0,0.33535087,1
121,332,0.0,0.9483132,0.0,0.3161044,1
121,334,0.0,0.0,0.97314316,0.32438105,1
121,337,0.98744214,0.0,0.0,0.3291474,1
121,342,0.0,0.9831395,0.0,0.3277132,1
121,346,0.0,0.969335,0.0,0.32311168,1
121,353,0.0,0.0,0.7549851,0.25166172,1
121,374,0.0,1.0159423,0.0,0.33864745,1
121,379,0.0,0.0,0.7409509,0.24698363,1
121,380,0.9943696,0.0,0.0,0.33145654,1
121,383,0.0,0.95698345,0.0,0.3189945,1
121,386,1.1004803,0.0,0.0,0.36682677,1
121,397,0.0,1.054114,0.0,0.35137135,1
121,403,1.016063,0.0,0.0,0.33868766,1
121,417,0.0,0.9708857,0.0,0.32362857,1
121,418,0.0,0.0,1.1927074,0.39756915,1
121,423,0.0,0.0,1.0542395,0.3514132,1
121,428,0.0,0.97864485,0.0,0.32621497,1
121,432,0.96762985,0.0,0.0,0.3225433,1
121,438,0.9973363,0.0,0.0,0.33244544,1
121,441,0.0,0.9673566,0.0,0.32245222,1
121,445,1.0023485,0.0,0.0,0.3341162,1
121,448,0.0,0.9529354,0.0,0.31764513,1
121,454,0.0,0.97057176,0.0,0.32352394,1
121,455,0.0,0.99581164,0.0,0.33193722,1
121,459,0.0,0.9938006,0.0,0.33126688,1
121,461,1.0265722,0.0,0.0,0.34219074,1
121,463,0.98739207,0.0,0.0,0.3291307,1
121,473,0.0,1.0256147,0.0,0.3418716,1
121,480,0.9649191,0.0,0.0,0.32163972,1
121,487,1.0285361,0.0,0.0,0.34284538,1
121,495,0.0,0.0,0.8762519,0.29208398,1
122,131,0.98715305,0.0,0.0,0.32905102,1
122,137,0.0,0.93551165,0.0,0.31183723,1
122,140,0.9611885,0.0,0.0,0.32039618,1
122,141,0.9781522,0.0,1.0409346,0.67302895,2
122,144,0.0,0.0,1.5458397,0.5152799,1
122,148,0.9833156,0.0,0.0,0.32777187,1
122,151,0.0,0.0,0.91214335,0.3040478,1
122,155,0.98788524,0.0,0.0,0.3292951,1
122,157,1.0068846,0.0,0.0,0.3356282,1
122,160,0.95750993,0.0,1.526795,0.8281017,2
122,165,0.0,0.93576616,0.0,0.31192207,1
122,171,0.96029127,0.0,0.0,0.3200971,1
122,188,0.96805847,1.0471452,0.0,0.6717346,2
122,194,0.0,0.9717861,0.0,0.3239287,1
122,198,0.9916778,0.0,0.0,0.33055928,1
122,209,1.0018889,0.0,0.0,0.33396298,1
122,210,1.0246825,0.0,0.8011817,0.6086214,2
122,229,0.9915568,0.0,0.0,0.33051896,1
122,239,0.0,0.0,0.6623041,0.22076803,1
122,240,0.0,0.9819919,0.0,0.32733065,1
122,241,0.0,0.93105066,0.0,0.31035024,1
122,254,0.0,0.0,0.72894293,0.24298099,1
122,258,0.97277564,0.0,0.0,0.32425857,1
122,264,1.0136424,0.0,0.0,0.33788082,1
122,270,0.0,0.0,1.0773944,0.35913146,1
122,277,1.0441768,0.0,0.6384667,0.5608812,2
122,278,0.9620478,0.0,0.0,0.32068262,1
122,281,0.9668732,0.0,0.0,0.32229108,1
122,283,0.96957123,0.0,0.0,0.32319042,1
122,287,0.0,0.0,0.7812736,0.26042455,1
122,288,0.97376186,0.9499617,0.0,0.6412412,2
122,289,0.0,0.0,0.95088243,0.3169608,1
122,298,0.0,0.0,1.2551305,0.41837686,1
122,305,0.9944015,0.0,0.0,0.33146718,1
122,311,0.0,1.0995765,0.0,0.3665255,1
122,315,0.0,0.0,1.0776172,0.35920572,1
122,316,0.0,0.0,0.66562504,0.22187501,1
122,346,0.0,0.0,1.0386635,0.34622118,1
122,353,0.0,0.0,0.8994375,0.2998125,1
122,357,1.0626932,0.0,0.0,0.3542311,1
122,362,0.0,0.0,0.9140233,0.30467445,1
122,363,0.9818651,0.9895235,0.0,0.6571295,2
122,374,0.0,1.1740707,0.0,0.39135692,1
122,379,0.0,0.0,0.68354857,0.22784953,1
122,380,0.0,0.0,0.7990917,0.26636392,1
122,384,1.0165071,0.0,0.0,0.33883572,1
122,386,0.0,0.0,0.7987485,0.2662495,1
122,398,0.0,0.9555905,0.0,0.31853017,1
122,402,0.0,1.0025958,0.0,0.3341986,1
122,405,1.0332047,0.0,0.0,0.34440157,1
122,406,0.0,0.0,0.913769,0.3045897,1
122,407,0.0,0.0,0.691763,0.23058766,1
122,408,0.0,1.0425957,0.0,0.3475319,1
122,409,0.0,0.0,1.4209743,0.47365808,1
122,412,1.0584676,0.0,0.0,0.35282254,1
122,421,0.0,0.0,1.2682959,0.4227653,1
122,422,0.9665448,0.0,0.0,0.3221816,1
122,427,0.0,0.94949466,0.0,0.31649822,1
122,435,0.96993566,0.0,0.0,0.3233119,1
122,441,1.0492017,0.0,0.0,0.34973392,1
122,443,0.0,0.9498677,0.0,0.31662259,1
122,446,0.9892132,0.0,0.0,0.32973775,1
122,455,0.0,1.0205892,0.0,0.34019643,1
122,459,0.0,0.0,1.0256157,0.34187192,1
122,469,0.0,1.1125243,0.0,0.37084144,1
122,473,0.0,0.94715655,0.0,0.31571886,1
122,474,1.0324126,0.0,0.0,0.34413755,1
122,485,0.0,0.0,0.89037967,0.29679322,1
122,486,0.0,0.0,1.1206739,0.37355798,1
122,487,0.0,0.0,1.0750773,0.3583591,1
122,493,0.0,1.0183549,0.0,0.33945164,1
122,497,1.0430614,0.0,0.0,0.34768713,1
122,502,1.011155,0.0,0.0,0.3370517,1
122,503,0.9632692,0.0,0.0,0.32108974,1
122,504,0.0,0.0,0.9188957,0.30629858,1
123,144,1.0870231,0.0,0.0,0.36234105,1
123,145,1.0705062,0.0,0.0,0.35683542,1
123,151,0.984804,0.0,0.0,0.328268,1
123,157,0.0,0.9958987,0.0,0.33196625,1
123,158,0.9869404,0.0,0.0,0.32898015,1
123,160,0.0,0.9512569,0.0,0.31708562,1
123,161,0.9830368,0.0,0.0,0.32767895,1
123,165,0.0,0.9579794,0.0,0.31932646,1
123,166,0.0,0.95183337,0.0,0.3172778,1
123,169,0.0,0.0,1.0200016,0.34000057,1
123,181,0.0,0.9558139,0.0,0.31860465,1
123,182,0.0,0.0,0.67762655,0.22587553,1
123,183,1.0265455,0.0,0.0,0.34218186,1
123,184,0.0,0.0,1.1556259,0.38520867,1
123,194,1.0377167,0.0,0.0,0.3459056,1
123,197,1.0495026,0.0,0.0,0.3498342,1
123,215,0.0,0.0,0.56568897,0.18856299,1
123,223,0.0,0.9544001,0.0,0.31813338,1
123,225,0.9719029,0.0,0.0,0.32396764,1
123,233,0.0,1.1638985,0.0,0.38796616,1
123,241,0.0,0.0,0.712324,0.23744135,1
123,245,0.0,0.0,1.1351901,0.37839672,1
123,247,0.0,0.9529248,0.0,0.31764162,1
123,264,0.0,0.0,0.6490305,0.2163435,1
123,271,0.0,1.048841,0.0,0.34961367,1
123,276,1.0103056,0.0,0.0,0.33676857,1
123,282,0.0,0.0,1.079025,0.35967502,1
123,284,0.0,0.0,0.742745,0.24758166,1
123,288,0.0,0.93677276,0.0,0.3122576,1
123,289,0.0,0.9438342,0.0,0.3146114,1
123,291,0.0,0.9768111,0.0,0.32560372,1
123,292,0.0,0.0,0.695694,0.23189801,1
123,297,0.9810526,0.0,0.78799194,0.5896815,2
123,299,1.0164214,0.0,0.0,0.33880717,1
123,301,0.0,0.961539,0.0,0.320513,1
123,306,0.9674261,0.0,0.0,0.32247537,1
123,308,0.9925669,0.0,0.0,0.33085564,1
123,311,0.0,0.0,0.82866514,0.27622172,1
123,316,0.0,1.0399824,0.0,0.34666082,1
123,318,0.9624424,0.0,0.0,0.32081413,1
123,320,0.0,0.0,0.8145644,0.27152148,1
123,323,1.0236014,0.0,0.0,0.34120047,1
123,330,0.0,0.0,0.77297014,0.25765672,1
123,331,1.020801,0.0,0.0,0.340267,1
123,340,0.9958364,0.0,0.0,0.33194548,1
123,341,0.96500874,0.0,1.2712059,0.7454049,2
123,349,0.0,0.0,1.0932127,0.36440426,1
123,350,0.9942803,0.0,0.0,0.33142677,1
123,353,0.0,1.0205055,0.0,0.34016854,1
123,356,0.0,0.0,1.4169924,0.4723308,1
123,358,0.9947434,0.0,0.0,0.33158115,1
123,359,0.9879297,0.0,0.0,0.3293099,1
123,360,0.0,0.0,0.5907862,0.19692874,1
123,362,0.0,0.0,0.6393598,0.21311992,1
123,381,0.0,0.0,0.8784847,0.29282826,1
123,386,0.0,1.0915285,0.0,0.36384284,1
123,388,0.96342283,0.0,0.0,0.32114094,1
123,390,0.0,0.0,0.74143624,0.24714541,1
123,395,1.0572841,0.0,0.0,0.35242805,1
123,396,0.0,0.0,1.3264493,0.44214976,1
123,401,0.9595816,0.0,0.0,0.31986055,1
123,402,0.0,0.94388926,0.0,0.31462976,1
123,411,0.0,0.0,0.8039907,0.2679969,1
123,416,0.0,0.96120423,0.0,0.32040143,1
123,424,0.9741008,0.0,0.0,0.3247003,1
123,434,0.0,0.9987724,0.0,0.33292413,1
123,437,0.0,0.0,0.6277775,0.20925918,1
123,439,0.0,0.9475813,0.0,0.31586045,1
123,440,0.0,0.0,1.0172012,0.33906707,1
123,443,1.0630727,0.0,0.0,0.35435757,1
123,447,0.99441534,0.0,0.0,0.3314718,1
123,448,0.0,0.0,0.64400214,0.21466738,1
123,451,0.0,0.0,0.7195563,0.2398521,1
123,454,0.0,0.95729005,0.0,0.31909668,1
123,456,0.0,0.0,0.85040826,0.28346944,1
123,462,0.96742237,0.0,0.0,0.32247412,1
123,473,0.98117614,0.0,0.0,0.32705873,1
123,476,0.0,0.9588445,0.0,0.31961483,1
123,483,0.0,1.1302394,0.0,0.37674648,1
123,485,0.0,1.0867404,0.0,0.3622468,1
123,504,0.0,0.9542127,0.0,0.31807092,1
123,509,0.0,0.9414594,0.0,0.31381983,1
124,129,1.1057568,0.0,0.0,0.3685856,1
124,148,0.9773444,0.0,0.0,0.32578146,1
124,151,0.0,0.95407945,0.84073395,0.59827113,2
124,159,0.0,0.9926452,0.0,0.33088174,1
124,177,0.0,0.0,0.7459529,0.24865097,1
124,181,0.0,1.0631968,0.0,0.35439894,1
124,183,1.0004698,0.0,0.0,0.33348995,1
124,186,0.0,0.0,0.76386046,0.25462016,1
124,194,1.0161499,0.0,0.0,0.33871663,1
124,197,0.0,0.9428383,0.0,0.31427944,1
124,202,0.0,0.9406705,0.0,0.31355685,1
124,203,0.0,0.0,1.083582,0.361194,1
124,214,1.0371903,0.0,0.0,0.34573013,1
124,216,0.0,0.0,1.1176934,0.3725645,1
124,222,0.0,0.0,1.1238047,0.37460157,1
124,227,0.0,0.996498,0.0,0.33216602,1
124,229,1.0289451,0.94464445,0.0,0.6578632,2
124,232,0.0,0.0,0.90236783,0.3007893,1
124,238,1.017436,0.0,0.0,0.33914536,1
124,239,0.0,0.0,0.6706024,0.22353414,1
124,245,0.0,1.0277995,0.0,0.34259984,1
124,248,0.0,0.95925015,0.0,0.31975007,1
124,249,0.0,0.9503281,0.0,0.31677604,1
124,270,0.96917593,0.0,0.0,0.32305866,1
124,271,0.0,0.0,0.6879041,0.22930138,1
124,272,0.96944463,1.0875274,0.7009052,0.91929245,3
124,280,0.0,0.994221,0.0,0.331407,1
124,282,0.97751284,0.0,0.0,0.3258376,1
124,285,0.0,0.97741824,0.0,0.32580608,1
124,287,0.0,0.0,0.9878705,0.32929018,1
124,308,0.0,0.9747471,0.0,0.3249157,1
124,315,0.9706496,0.0,0.0,0.32354987,1
124,316,0.0,0.0,0.73985523,0.24661842,1
124,317,0.0,0.0,0.8371974,0.27906582,1
124,327,0.9634568,0.0,0.0,0.32115227,1
124,329,0.0,0.99791926,1.230497,0.7428054,2
124,337,0.0,1.0197599,0.0,0.33991998,1
124,342,0.9936385,0.0,0.0,0.33121285,1
124,359,0.0,0.0,0.9734133,0.32447112,1
124,361,0.0,0.0,1.0315412,0.3438471,1
124,374,0.9923107,0.0,0.0,0.33077025,1
124,377,0.0,0.0,1.9454263,0.64847547,1
124,387,0.0,0.0,1.5271012,0.50903374,1
124,406,0.0,0.0,0.9115465,0.30384886,1
124,412,0.0,0.0,1.1497597,0.38325322,1
124,424,0.98588204,0.0,0.0,0.32862735,1
124,432,0.0,0.93303114,0.0,0.3110104,1
124,436,0.0,0.0,1.119245,0.37308168,1
124,439,1.0979631,0.0,0.0,0.36598772,1
124,441,0.9943243,0.0,1.2430223,0.74578226,2
124,442,0.0,1.0783049,0.0,0.35943496,1
124,447,0.0,0.9918113,0.0,0.33060378,1
124,448,1.0312935,0.0,0.0,0.3437645,1
124,454,1.0313528,0.0,0.8050033,0.6121187,2
124,455,0.0,1.0296947,1.354463,0.7947192,2
124,456,1.0424215,0.0,0.0,0.34747383,1
124,457,0.9666571,0.0,0.0,0.32221904,1
124,458,0.972425,0.0,0.0,0.32414168,1
124,472,0.0,0.0,1.7985437,0.5995146,1
124,473,0.9657566,0.0,0.0,0.32191887,1
124,476,0.964439,0.0,0.0,0.32147968,1
124,477,0.9887152,0.0,0.0,0.32957172,1
124,486,1.0791613,0.0,0.0,0.35972044,1
124,490,1.0148044,0.0,0.0,0.33826813,1
124,495,0.99080026,0.9976698,0.0,0.6628234,2
124,501,0.0,0.0,0.72907,0.24302334,1
124,504,0.0,0.0,1.4591812,0.48639375,1
124,511,0.0,0.97925377,0.0,0.32641792,1
125,136,0.0,0.96782076,0.0,0.32260692,1
125,144,1.0172722,0.0,0.0,0.33909076,1
125,145,0.97246855,0.9878247,0.0,0.65343106,2
125,148,0.0,0.0,0.7349035,0.24496785,1
125,151,0.97386587,0.0,0.0,0.32462198,1
125,152,1.0192986,1.0392615,0.0,0.6861867,2
125,160,0.0,1.0373589,0.0,0.3457863,1
125,164,0.9701699,0.0,0.0,0.32338998,1
125,168,0.0,1.1125277,0.0,0.37084258,1
125,170,0.0,0.0,0.80561745,0.26853916,1
125,172,0.96755564,0.0,0.0,0.32251856,1
125,187,0.0,1.0432539,0.0,0.34775132,1
125,198,0.0,1.1229181,0.0,0.37430605,1
125,200,0.0,0.0,1.2407283,0.4135761,1
125,201,0.9911693,0.0,0.0,0.33038977,1
125,222,0.9715065,0.0,0.0,0.3238355,1
125,223,0.0,0.0,0.63669133,0.21223044,1
125,226,1.0082526,0.0,0.0,0.33608422,1
125,231,1.0029898,0.0,0.0,0.33432993,1
125,232,0.0,0.97361845,0.0,0.32453948,1
125,235,0.0,0.0,0.55810314,0.18603438,1
125,238,0.0,1.0797741,0.0,0.35992473,1
125,242,0.0,0.0,1.1730682,0.39102274,1
125,243,0.0,0.9665074,0.0,0.32216913,1
125,246,0.99469864,0.0,0.0,0.3315662,1
125,251,0.0,0.0,0.74484694,0.24828231,1
125,252,0.0,0.0,0.6438217,0.21460724,1
125,257,0.0,0.0,1.0895334,0.36317784,1
125,278,0.9980333,0.0,0.0,0.33267778,1
125,283,1.0224274,0.0,0.0,0.34080917,1
125,285,0.0,0.0,1.1850805,0.39502686,1
125,291,0.97095233,0.0,0.0,0.32365078,1
125,299,0.0,0.0,1.66296,0.55432004,1
125,313,0.0,0.94883555,0.0,0.31627852,1
125,327,0.0,0.97979045,0.0,0.32659683,1
125,332,0.0,0.0,1.2015694,0.40052316,1
125,362,1.007758,0.0,0.0,0.33591935,1
125,370,0.9742768,0.0,0.0,0.32475895,1
125,384,0.0,0.0,1.0963058,0.3654353,1
125,387,0.9720007,0.0,0.0,0.32400024,1
125,389,0.0,0.98704755,0.0,0.32901585,1
125,390,1.0113816,0.0,0.0,0.3371272,1
125,394,0.0,0.99337757,0.0,0.33112586,1
125,396,0.0,0.9524719,0.0,0.31749064,1
125,402,0.0,0.9628431,0.0,0.3209477,1
125,404,0.0,0.0,1.510959,0.50365305,1
125,405,0.0,0.0,0.9099272,0.30330908,1
125,406,0.0,0.0,0.774694,0.25823134,1
125,410,0.0,0.0,0.9940692,0.3313564,1
125,415,0.0,0.0,1.159283,0.3864277,1
125,419,0.0,0.0,1.6188492,0.5396164,1
125,428,1.0723315,0.0,0.0,0.35744387,1
125,436,1.0514803,0.0,0.0,0.35049343,1
125,437,0.0,0.95911175,0.0,0.31970394,1
125,438,0.0,0.0,0.8885113,0.29617044,1
125,444,0.9911764,0.9479142,0.0,0.64636356,2
125,446,0.0,0.0,0.8370014,0.27900046,1
125,459,1.156652,0.0,0.0,0.38555068,1
125,463,1.0261446,0.0,0.0,0.34204823,1
125,464,1.0260415,0.0,0.0,0.34201384,1
125,465,0.0,0.0,0.6626736,0.22089121,1
125,466,0.0,0.0,0.8613906,0.2871302,1
125,470,0.0,1.0320026,0.0,0.34400088,1
125,471,0.0,0.9868112,0.0,0.32893708,1
125,472,0.99481297,0.0,0.0,0.33160433,1
125,473,0.0,1.002105,0.0,0.334035,1
125,478,0.0,0.0,0.8241681,0.2747227,1
125,481,0.0,0.95098156,0.0,0.31699386,1
125,484,1.0234289,0.0,0.0,0.34114298,1
125,490,0.0,0.0,1.5514598,0.51715326,1
125,491,0.0,0.0,0.63111275,0.21037093,1
125,492,0.0,0.0,0.7149514,0.23831713,1
125,511,0.0,1.0137937,0.0,0.33793125,1
126,133,0.0,0.0,1.0376867,0.3458956,1
126,134,0.99724895,0.0,0.0,0.33241633,1
126,139,0.9701731,0.0,0.0,0.32339105,1
126,140,0.95001805,0.0,0.0,0.31667268,1
126,142,0.0,0.0,1.1599574,0.38665247,1
126,150,0.0,0.0,1.5827936,0.5275979,1
126,152,0.0,0.0,0.8003714,0.26679048,1
126,157,0.0,0.0,1.6085067,0.53616893,1
126,159,0.0,1.1354595,0.0,0.3784865,1
126,176,0.0,0.0,1.521127,0.50704235,1
126,180,0.0,0.0,1.4972696,0.4990899,1
126,182,0.0,1.0044054,0.9503708,0.6515921,2
126,188,0.0,0.97924644,0.0,0.32641548,1
126,191,0.0,0.94631755,0.0,0.3154392,1
126,192,1.005308,0.0,0.0,0.33510268,1
126,195,0.0,0.96783644,0.0,0.32261217,1
126,216,0.0,1.1296074,0.0,0.37653583,1
126,222,0.9686627,0.0,0.0,0.32288757,1
126,226,1.0236865,0.0,0.0,0.34122884,1
126,228,0.96730393,0.0,0.0,0.32243466,1
126,230,0.9913883,0.0,0.0,0.33046278,1
126,236,0.9830784,0.0,0.0,0.3276928,1
126,238,0.9847588,0.0,0.0,0.32825294,1
126,248,0.0,0.9719716,0.0,0.32399052,1
126,258,1.0217276,0.0,0.0,0.34057587,1
126,278,1.0171434,0.0,0.0,0.3390478,1
126,280,0.9949978,0.0,0.0,0.33166593,1
126,281,0.0,1.1317661,1.1504663,0.76074415,2
126,284,0.971317,1.1210737,0.0,0.69746363,2
126,288,0.0,0.98509395,0.0,0.32836467,1
126,289,1.0639045,0.0,0.0,0.35463485,1
126,291,1.0285387,0.0,0.0,0.34284624,1
126,292,0.0,0.0,0.8431423,0.28104743,1
126,295,0.0,0.0,1.5230577,0.5076859,1
126,301,0.0,0.9737633,0.0,0.32458776,1
126,309,0.0,0.0,1.8702431,0.6234144,1
126,317,0.950343,0.0,0.0,0.316781,1
126,318,0.0,0.0,0.94651866,0.31550622,1
126,332,1.0410206,0.0,1.3072351,0.7827519,2
126,333,0.98636293,0.0,0.0,0.32878765,1
126,340,0.980692,0.0,0.0,0.32689735,1
126,349,0.0,0.952063,0.0,0.31735435,1
126,352,0.0,0.9533711,0.0,0.3177904,1
126,361,1.0210719,0.0,0.0,0.3403573,1
126,365,0.0,0.0,0.84266967,0.2808899,1
126,371,0.9591913,0.0,0.0,0.31973046,1
126,375,0.0,0.0,0.8858691,0.2952897,1
126,379,1.0194179,0.0,0.0,0.33980596,1
126,380,1.0369381,0.0,0.0,0.34564602,1
126,383,0.0,1.0011925,0.0,0.33373082,1
126,397,0.0,0.0,0.9500911,0.31669706,1
126,400,0.9797825,0.0,0.0,0.32659417,1
126,405,0.0,0.9445732,1.0525508,0.66570807,2
126,407,0.0,0.94538105,0.7638786,0.5697532,2
126,410,0.0,1.0752351,0.0,0.35841173,1
126,416,0.0,0.0,0.8305271,0.2768424,1
126,417,0.0,0.0,0.8453,0.28176668,1
126,421,0.0,0.95801884,0.0,0.31933963,1
126,423,0.0,0.96083874,0.0,0.3202796,1
126,425,1.0892875,0.0,0.0,0.36309585,1
126,429,0.9903477,0.0,0.0,0.3301159,1
126,430,0.99686015,0.0,0.0,0.33228672,1
126,432,1.0176953,0.0,1.1025962,0.70676386,2
126,433,1.0431604,1.0085747,0.0,0.68391174,2
126,437,0.0,0.0,1.0869355,0.36231184,1
126,442,0.0,0.95177007,0.0,0.3172567,1
126,445,0.97913796,0.0,0.0,0.32637933,1
126,448,0.99146205,0.0,0.0,0.33048737,1
126,458,0.0,1.0075057,0.0,0.33583522,1
126,459,0.0,0.96428174,0.0,0.32142726,1
126,466,0.0,0.96469986,0.0,0.32156664,1
126,482,0.0,0.0,0.81214523,0.2707151,1
126,485,1.0547528,0.0,0.0,0.3515843,1
126,489,0.0,0.96349174,0.0,0.32116392,1
126,490,0.984302,0.0,0.0,0.32810068,1
126,492,0.0,0.0,0.86997765,0.28999257,1
126,496,0.0,0.0,0.77548414,0.25849473,1
126,498,0.9898888,0.0,0.0,0.32996294,1
126,501,0.9557399,0.0,0.0,0.31857997,1
126,507,0.0,0.0,0.9312689,0.31042296,1
127,133,1.0350173,0.0,0.0,0.34500575,1
127,135,0.0,1.0262828,0.0,0.34209427,1
127,138,0.0,0.0,1.3340615,0.4446872,1
127,145,0.0,0.0,0.7913253,0.2637751,1
127,158,0.0,1.0797881,0.0,0.35992938,1
127,169,0.9548879,0.0,0.0,0.318296,1
127,174,0.0,0.0,0.7854343,0.26181144,1
127,175,0.0,0.9874256,0.71254814,0.5666579,2
127,177,0.9961199,0.0,0.0,0.33203998,1
127,178,0.9785355,0.94846964,0.0,0.64233506,2
127,181,1.0372484,0.0,0.0,0.34574947,1
127,190,0.0,0.9918087,0.0,0.3306029,1
127,193,0.0,0.0,1.3595183,0.45317277,1
127,194,1.0936673,0.0,0.0,0.36455578,1
127,197,0.0,0.0,0.966672,0.32222402,1
127,198,0.0,0.0,0.73484427,0.24494809,1
127,200,0.0,1.1463022,0.0,0.38210076,1
127,201,0.0,0.9969998,0.0,0.33233327,1
127,209,0.0,0.0,0.92504036,0.3083468,1
127,220,0.0,1.031575,0.0,0.34385833,1
127,221,0.0,0.9443582,0.0,0.31478608,1
127,227,0.978695,0.0,0.0,0.32623166,1
127,240,0.0,0.0,0.8772105,0.29240352,1
127,249,1.092974,0.0,0.0,0.36432466,1
127,254,0.97317165,0.0,0.0,0.32439056,1
127,258,0.0,0.0,0.7922267,0.26407558,1
127,263,0.0,0.0,1.3475857,0.44919524,1
127,265,0.0,0.0,0.78358716,0.26119572,1
127,281,0.0,0.0,0.7332265,0.24440883,1
127,291,0.0,0.99711084,0.0,0.33237028,1
127,296,0.0,0.98770523,0.0,0.32923508,1
127,301,0.0,0.9698044,0.0,0.32326815,1
127,302,0.0,0.9460759,0.0,0.31535864,1
127,312,0.0,0.0,0.7414778,0.24715927,1
127,320,0.0,0.0,0.81493664,0.27164555,1
127,322,0.9804666,0.0,0.0,0.32682222,1
127,330,0.9849394,0.0,0.0,0.32831314,1
127,331,0.0,0.93194777,1.1927245,0.7082241,2
127,334,0.0,0.0,1.4374304,0.47914347,1
127,335,0.97956955,0.0,0.0,0.32652318,1
127,337,0.9622112,0.0,0.0,0.32073706,1
127,359,0.9905468,0.0,0.0,0.33018228,1
127,361,0.96130353,0.0,0.0,0.3204345,1
127,364,0.96015215,0.0,0.0,0.32005072,1
127,365,0.0,1.0100197,0.0,0.33667323,1
127,366,0.0,0.9560684,0.0,0.31868947,1
127,368,0.0,0.97048694,0.0,0.32349566,1
127,369,0.0,0.0,0.7925214,0.2641738,1
127,375,0.0,0.0,0.9362896,0.31209654,1
127,381,0.9694728,0.0,0.0,0.3231576,1
127,383,0.0,0.940978,0.0,0.31365934,1
127,387,0.97049123,0.0,0.0,0.3234971,1
127,388,0.0,1.0083376,0.0,0.33611256,1
127,393,0.0,0.9401104,0.0,0.31337014,1
127,394,0.0,0.0,0.7950017,0.26500058,1
127,396,0.0,0.0,0.7587528,0.25291762,1
127,399,0.0,0.0,0.9200942,0.30669808,1
127,415,0.0,0.942546,0.0,0.314182,1
127,417,0.9890704,0.0,0.0,0.32969016,1
127,426,0.98299074,0.0,0.0,0.3276636,1
127,430,0.0,0.9325795,0.0,0.31085986,1
127,431,0.0,0.0,1.1091158,0.3697053,1
127,433,0.9643378,0.0,0.0,0.32144594,1
127,438,0.9844711,0.0,0.0,0.32815704,1
127,440,0.9841006,0.0,0.77981913,0.58797324,2
127,441,1.0238533,0.0,0.0,0.34128445,1
127,446,1.0136812,0.0,0.0,0.33789372,1
127,447,0.0,0.99368095,0.0,0.331227,1
127,452,0.0,1.011433,1.0856605,0.6990312,2
127,459,0.0,0.9564001,0.0,0.31880003,1
127,465,0.0,1.0233392,0.0,0.34111306,1
127,472,1.0515696,0.0,0.0,0.3505232,1
127,481,0.0,0.0,0.96318334,0.32106113,1
127,482,0.0,1.085747,0.0,0.36191568,1
127,484,0.9686189,0.0,0.0,0.322873,1
127,485,0.9751576,0.0,0.0,0.32505256,1
127,487,0.96939,0.0,0.0,0.32313,1
127,490,0.0,1.0010966,0.0,0.33369887,1
127,492,1.0108849,0.0,0.0,0.33696163,1
127,495,0.9805001,0.0,0.0,0.32683337,1
127,501,0.0,0.98900235,0.0,0.32966745,1
128,132,0.0,0.9652086,1.1447402,0.70331633,2
128,141,0.0,1.100574,0.0,0.366858,1
128,142,1.0126255,0.0,0.0,0.33754182,1
128,144,0.0,0.9482478,0.0,0.3160826,1
128,149,0.9617035,0.0,0.0,0.32056785,1
128,151,0.9765922,0.0,0.0,0.32553074,1
128,157,0.0,0.9485108,0.0,0.31617028,1
128,162,0.0,1.052662,0.0,0.35088736,1
128,166,1.1039838,0.0,0.0,0.3679946,1
128,168,0.0,0.97234243,0.0,0.32411414,1
128,170,1.1822857,0.0,0.0,0.39409524,1
128,180,0.95505315,0.0,0.0,0.31835106,1
128,192,0.0,1.1742933,0.0,0.3914311,1
128,193,1.026042,0.0,0.0,0.342014,1
128,195,0.0,0.0,0.79796606,0.2659887,1
128,198,0.0,0.0,0.78351706,0.26117235,1
128,202,0.0,0.95219165,0.0,0.31739724,1
128,208,0.0,0.0,0.83375996,0.27792,1
128,209,0.0,0.9532382,0.0,0.31774607,1
128,212,0.993953,0.0,0.0,0.33131766,1
128,215,1.0032912,0.0,0.0,0.33443043,1
128,217,0.0,0.0,0.9171669,0.3057223,1
128,221,0.0,0.0,1.1063348,0.3687783,1
128,225,0.9620582,0.0,0.0,0.32068607,1
128,226,0.0,0.0,0.7544028,0.25146762,1
128,233,0.0,0.96669286,0.0,0.32223096,1
128,235,0.9687185,0.0,0.0,0.3229062,1
128,245,0.0,0.9519396,0.0,0.3173132,1
128,247,0.0,0.93843037,0.0,0.31281012,1
128,251,0.0,1.0285676,0.0,0.34285587,1
128,259,0.0,0.943458,0.0,0.31448603,1
128,261,1.0118318,0.0,0.0,0.33727726,1
128,263,1.0785017,0.0,0.0,0.3595006,1
128,266,0.0,0.0,0.77887064,0.25962356,1
128,271,0.97718173,0.0,0.0,0.32572725,1
128,275,0.9821789,0.0,0.0,0.327393,1
128,276,0.9909556,0.0,0.0,0.33031854,1
128,279,0.0,0.9780073,0.0,0.32600245,1
128,285,0.0,0.962791,0.0,0.32093036,1
128,296,0.0,0.0,1.2077236,0.40257454,1
128,302,0.0,0.956366,0.0,0.31878868,1
128,304,0.97069496,0.0,0.0,0.323565,1
128,311,0.98170525,0.0,0.0,0.3272351,1
128,322,0.9501254,0.0,0.0,0.31670848,1
128,325,0.0,0.0,0.9685558,0.32285196,1
128,328,1.0447898,0.0,0.0,0.34826326,1
128,331,1.0740007,0.0,0.0,0.35800025,1
128,333,0.0,0.0,0.88965243,0.2965508,1
128,337,0.0,0.0,0.7796144,0.25987148,1
128,339,1.029605,0.0,0.0,0.3432017,1
128,340,0.0,0.0,0.7244245,0.24147484,1
128,351,0.9994548,0.0,0.0,0.3331516,1
128,358,0.0,0.0,0.8739287,0.2913096,1
128,372,0.0,0.9446582,0.9558466,0.63350165,2
128,373,0.0,0.0,0.73873466,0.24624489,1
128,374,0.0,0.0,0.7953045,0.2651015,1
128,375,0.0,0.9468984,0.0,0.31563282,1
128,385,0.9647698,0.0,0.0,0.32158995,1
128,386,0.98374224,0.0,0.0,0.3279141,1
128,387,1.0495964,0.0,0.0,0.3498655,1
128,388,0.0,0.0,0.7909432,0.26364774,1
128,392,0.9766535,0.0,0.0,0.32555118,1
128,397,0.0,0.9462313,0.0,0.31541044,1
128,408,0.0,0.0,0.8464056,0.28213522,1
128,418,0.984482,0.0,0.0,0.32816067,1
128,426,1.0540521,0.0,0.0,0.35135072,1
128,435,0.0,0.94432604,1.1979266,0.71408427,2
128,440,0.99542147,0.0,0.0,0.33180717,1
128,443,0.97213197,0.0,0.0,0.324044,1
128,445,0.0,0.0,1.7707509,0.5902503,1
128,449,0.0,1.046806,0.0,0.34893534,1
128,454,0.0,0.94465584,0.0,0.3148853,1
128,464,0.0,0.9984676,1.098692,0.6990533,2
128,467,0.0,0.0,1.6179957,0.5393319,1
128,470,0.99503624,0.0,0.0,0.33167875,1
128,473,0.0,0.0,0.8616986,0.28723288,1
128,480,0.0,0.0,1.7310523,0.5770174,1
128,488,0.0,1.0394897,0.0,0.34649658,1
128,492,0.0,0.9517717,0.0,0.31725723,1
128,495,0.0,1.0057391,0.0,0.33524638,1
128,508,0.0,0.0,0.8450569,0.28168565,1
129,133,0.0,1.0515286,0.0,0.35050952,1
129,136,1.0542221,0.0,0.0,0.35140738,1
129,153,0.0,1.0364696,0.0,0.34548986,1
129,160,0.0,0.9409375,0.0,0.31364584,1
129,168,1.0011525,0.0,0.0,0.33371753,1
129,179,1.027116,0.0,0.0,0.342372,1
129,185,1.0159189,0.0,0.0,0.33863962,1
129,189,0.0,0.0,1.3990811,0.4663604,1
129,197,0.9695101,0.0,0.0,0.32317004,1
129,198,0.0,0.0,0.695968,0.23198932,1
129,217,0.0,0.0,0.6214743,0.20715812,1
129,221,0.0,0.0,0.7387095,0.2462365,1
129,231,0.0,0.0,1.1290218,0.3763406,1
129,235,0.0,0.9463419,0.0,0.3154473,1
129,250,0.96700317,0.0,0.0,0.3223344,1
129,251,0.0,1.0288283,0.0,0.34294277,1
129,255,1.0381935,0.0,0.0,0.3460645,1
129,260,0.9846057,0.0,0.0,0.32820192,1
129,264,0.0,0.967237,0.0,0.32241234,1
129,266,0.0,0.0,1.0756471,0.35854906,1
129,269,0.0,0.9959635,0.0,0.33198786,1
129,271,0.0,1.0610696,0.0,0.35368988,1
129,273,1.0745573,0.0,0.66536564,0.5799743,2
129,275,0.0,0.0,0.9326606,0.31088686,1
129,279,0.97660434,0.0,0.0,0.3255348,1
129,282,0.97665095,0.0,0.0,0.32555032,1
129,284,0.0,0.95952743,0.0,0.3198425,1
129,289,0.0,0.98764783,0.0,0.32921594,1
129,291,0.0,0.0,0.9466206,0.3155402,1
129,296,0.0,0.0,1.2816598,0.42721996,1
129,300,0.0,0.98854446,0.0,0.32951483,1
129,313,0.0,0.0,1.0216844,0.34056148,1
129,319,0.0,0.0,0.8106297,0.2702099,1
129,329,0.0,1.0937599,0.0,0.36458665,1
129,336,1.0022532,0.0,0.0,0.3340844,1
129,341,0.0,1.0362407,0.0,0.34541357,1
129,343,0.0,0.9400659,0.0,0.31335533,1
129,348,0.98777753,0.0,0.0,0.3292592,1
129,361,1.0051976,0.0,0.0,0.3350659,1
129,366,1.0979722,0.0,0.0,0.36599073,1
129,367,0.0,1.0057325,0.0,0.33524418,1
129,372,0.0,0.0,1.1870023,0.39566743,1
129,373,0.0,0.0,0.67450583,0.22483528,1
129,374,0.0,0.0,1.402078,0.46735936,1
129,378,1.0064974,0.0,0.0,0.33549914,1
129,380,1.0357302,0.0,0.0,0.34524342,1
129,381,0.0,0.96446747,0.0,0.32148916,1
129,395,0.0,1.0067558,0.0,0.3355853,1
129,397,0.0,0.94000214,0.0,0.31333405,1
129,398,0.9710518,0.0,0.0,0.32368395,1
129,401,0.0,1.0651462,0.0,0.35504875,1
129,408,0.0,0.0,0.6902928,0.23009759,1
129,410,0.973828,0.0,0.0,0.32460934,1
129,417,1.0311812,0.0,0.0,0.34372708,1
129,423,0.0,0.0,0.7953439,0.26511464,1
129,429,0.0,0.9656799,0.0,0.3218933,1
129,439,0.0,0.0,1.098229,0.36607635,1
129,443,0.0,0.993857,0.0,0.3312857,1
129,445,0.0,0.0,0.744502,0.24816734,1
129,453,0.0,0.0,0.7318813,0.24396044,1
129,456,1.0180185,0.0,0.0,0.3393395,1
129,467,0.0,0.0,0.8515878,0.2838626,1
129,469,1.0246693,0.0,0.0,0.34155643,1
129,470,0.0,1.0301983,1.2212254,0.7504746,2
129,471,0.0,0.0,0.7611882,0.2537294,1
129,473,0.0,0.9375456,0.0,0.3125152,1
129,476,0.0,0.9746638,0.0,0.32488793,1
129,477,0.0,0.0,0.98097765,0.32699257,1
129,479,0.9933632,0.0,0.0,0.3311211,1
129,492,0.0,0.95636284,0.0,0.31878763,1
129,498,0.0,0.0,0.79712516,0.2657084,1
129,502,0.0,1.0759562,0.0,0.35865209,1
129,508,0.0,0.0,1.030268,0.34342265,1
130,131,0.0,0.0,0.6149207,0.20497356,1
130,138,0.0,0.9707717,0.0,0.32359058,1
130,141,1.0461197,0.0,0.0,0.34870657,1
130,147,0.0,0.0,0.6791978,0.22639927,1
130,148,0.0,0.0,0.5701059,0.19003531,1
130,161,0.0,0.9469887,0.0,0.31566292,1
130,162,1.0165654,0.0,0.0,0.33885515,1
130,164,0.9825886,0.0,0.8690033,0.61719733,2
130,167,0.9671052,0.0,0.0,0.3223684,1
130,168,0.0,0.0,0.7204579,0.24015264,1
130,170,0.0,0.0,0.99195725,0.33065242,1
130,181,0.0,1.021402,0.0,0.34046733,1
130,191,0.0,0.0,1.0031924,0.3343975,1
130,196,0.0,1.0986476,0.0,0.36621588,1
130,211,0.0,1.0887194,0.0,0.36290646,1
130,226,0.963974,0.9579018,1.3572608,1.0930455,3
130,227,0.0,0.0,0.72576416,0.2419214,1
130,231,0.0,0.0,0.7023828,0.23412761,1
130,233,0.97209835,0.0,0.0,0.32403278,1
130,236,1.0132846,0.0,0.0,0.33776152,1
130,237,0.0,1.0141124,0.0,0.33803746,1
130,238,0.0,0.0,1.3111323,0.4370441,1
130,240,1.0192705,0.0,0.0,0.33975685,1
130,243,0.9976975,0.0,0.0,0.33256584,1
130,244,0.0,0.9574498,0.0,0.31914994,1
130,249,0.0,0.0,0.84021246,0.28007084,1
130,255,0.0,0.9971044,0.0,0.33236814,1
130,272,0.97087616,0.0,0.0,0.3236254,1
130,279,0.0,0.0,0.8795248,0.29317495,1
130,285,0.0,0.0,0.75323385,0.25107795,1
130,288,0.0,0.0,1.2633064,0.42110214,1
130,306,0.0,0.96138793,0.0,0.32046264,1
130,308,0.0,1.0643866,0.0,0.35479555,1
130,313,0.0,0.0,0.9545171,0.3181724,1
130,319,1.052317,0.0,0.0,0.35077235,1
130,326,0.0,0.994055,0.0,0.33135167,1
130,328,0.0,0.9940888,0.0,0.33136296,1
130,342,0.0,1.0320145,0.0,0.34400484,1
130,352,0.9514241,0.0,0.0,0.31714138,1
130,353,0.0,0.9541786,0.0,0.31805953,1
130,362,1.0005819,0.0,0.0,0.3335273,1
130,363,1.0204182,0.0,0.0,0.3401394,1
130,372,0.0,0.0,1.3283695,0.44278985,1
130,380,0.96104705,0.0,0.0,0.32034904,1
130,381,0.98303574,0.0,0.0,0.3276786,1
130,383,0.9878902,0.0,0.0,0.32929674,1
130,389,0.0,0.0,0.89516103,0.29838702,1
130,390,0.9694301,0.0,0.0,0.32314336,1
130,393,0.0,1.0029774,0.0,0.3343258,1
130,400,0.0,1.0389087,0.0,0.34630293,1
130,419,0.0,0.0,0.5696351,0.18987837,1
130,420,0.9928269,0.0,0.0,0.3309423,1
130,426,0.0,1.0144786,0.0,0.33815953,1
130,428,0.97217155,0.0,0.0,0.3240572,1
130,430,0.0,0.0,0.76506996,0.25502333,1
130,434,0.0,0.95984685,0.0,0.31994897,1
130,435,0.0,0.9815551,0.84055066,0.6073686,2
130,438,0.0,0.9564338,0.0,0.31881127,1
130,444,0.9589168,0.0,0.0,0.31963894,1
130,464,0.98535866,0.0,0.0,0.3284529,1
130,465,0.0,0.0,0.5843433,0.19478111,1
130,466,0.0,0.0,1.0531921,0.35106406,1
130,468,0.0,0.0,0.76921684,0.25640562,1
130,469,0.0,0.0,0.7882984,0.26276615,1
130,480,0.0,1.0238128,0.0,0.34127092,1
130,499,0.0,0.0,0.8191447,0.27304825,1
130,507,0.0,1.0458617,0.0,0.3486206,1
130,508,1.035661,0.0,0.0,0.34522033,1
131,145,0.0,0.0,0.6409599,0.21365331,1
131,146,0.0,0.0,0.774031,0.25801033,1
131,151,0.0,0.0,1.31535,0.43845004,1
131,154,1.0562359,0.0,0.0,0.35207865,1
131,166,1.029672,0.0,0.0,0.34322402,1
131,167,0.0,0.0,0.94166726,0.3138891,1
131,168,0.0,0.0,0.80932945,0.2697765,1
131,170,0.0,1.0351884,0.0,0.34506282,1
131,175,0.0,0.0,0.9905193,0.3301731,1
131,176,0.0,0.9736604,0.0,0.3245535,1
131,178,1.0438154,0.0,0.0,0.34793848,1
131,184,0.0,1.0396979,0.0,0.34656596,1
131,189,0.0,0.0,0.85996217,0.28665406,1
131,193,0.9781204,0.0,0.0,0.32604015,1
131,194,0.0,1.0410812,1.3892022,0.8100945,2
131,201,1.0110946,0.0,0.0,0.33703154,1
131,208,0.0,0.0,1.3659425,0.45531416,1
131,212,0.9724252,0.0,0.0,0.32414174,1
131,215,0.96792096,0.0,0.0,0.32264033,1
131,216,1.0097044,0.0,0.0,0.33656812,1
131,221,0.0,0.0,0.9034694,0.30115646,1
131,222,1.0308316,0.0,0.0,0.34361053,1
131,226,0.0,0.0,0.84816253,0.28272086,1
131,233,0.0,0.0,1.3725015,0.45750052,1
131,237,0.0,1.0189178,0.0,0.33963928,1
131,238,0.0,0.0,0.64114857,0.2137162,1
131,241,0.0,0.0,0.9093251,0.3031084,1
131,257,0.9868836,0.0,0.0,0.3289612,1
131,260,0.9930892,0.0,0.0,0.33102974,1
131,271,0.0,0.97145134,0.0,0.32381713,1
131,275,1.0058348,0.0,0.0,0.33527827,1
131,276,0.0,0.0,0.7405458,0.24684861,1
131,290,0.0,0.0,0.8261682,0.2753894,1
131,297,0.0,0.0,0.7120143,0.23733811,1
131,299,0.9946192,0.0,0.0,0.33153975,1
131,305,0.0,0.95094556,0.0,0.31698185,1
131,308,1.0042578,0.0,0.0,0.33475262,1
131,309,0.0,0.9969687,0.0,0.3323229,1
131,310,0.0,0.9677891,0.84169626,0.6031618,2
131,320,0.0,0.0,0.7238333,0.24127778,1
131,325,0.0,0.93171406,0.0,0.31057137,1
131,340,1.0552759,0.0,0.0,0.35175866,1
131,341,0.0,0.0,1.0260077,0.34200257,1
131,342,0.0,0.0,1.4536967,0.4845656,1
131,343,0.0,0.99053985,0.0,0.33017996,1
131,346,0.0,0.9446851,0.0,0.31489503,1
131,348,1.1096601,0.0,0.76753706,0.6257324,2
131,352,0.9628632,0.0,0.0,0.3209544,1
131,358,1.0187452,0.0,0.0,0.33958173,1
131,381,0.0,0.0,1.2364784,0.4121595,1
131,382,0.0,0.9818195,0.0,0.3272732,1
131,384,0.9612844,0.0,0.0,0.32042813,1
131,388,0.0,0.0,1.2232046,0.40773487,1
131,398,0.9798601,0.0,0.0,0.32662004,1
131,402,0.0,0.9558267,0.0,0.3186089,1
131,403,0.96943057,0.0,0.0,0.32314354,1
131,416,0.97047114,0.0,0.0,0.32349038,1
131,426,0.0,0.9733976,0.0,0.32446587,1
131,429,0.0,0.94654095,0.0,0.31551367,1
131,432,0.9622847,1.0607247,0.0,0.6743365,2
131,433,0.0,0.9647883,0.0,0.32159612,1
131,435,0.0,0.0,1.342847,0.44761568,1
131,436,0.9736773,0.0,0.0,0.3245591,1
131,440,0.0,0.0,0.64112717,0.21370906,1
131,449,1.0406941,0.0,0.0,0.34689805,1
131,458,0.0,0.0,1.6272734,0.5424245,1
131,466,0.0,0.9693162,0.0,0.3231054,1
131,476,0.0,1.0478017,0.0,0.34926724,1
131,479,1.0421413,0.0,0.0,0.34738046,1
131,488,0.0,0.0,0.91285914,0.3042864,1
131,490,0.0,0.9526259,0.0,0.31754196,1
131,496,0.0,1.0197312,0.0,0.3399104,1
131,503,0.0,0.0,1.1108477,0.3702826,1
131,504,0.0,0.99896646,0.0,0.33298883,1
132,136,0.0,0.0,1.4796379,0.49321264,1
132,146,0.9691403,0.0,0.0,0.32304677,1
132,159,0.0,1.0107906,0.0,0.33693022,1
132,160,0.0,1.0429046,0.0,0.34763488,1
132,180,1.0088906,0.0,0.0,0.3362969,1
132,190,0.0,0.0,0.9886485,0.3295495,1
132,193,0.0,0.0,0.75339067,0.25113022,1
132,198,0.0,0.0,0.8127338,0.27091128,1
132,200,0.96413875,0.0,0.0,0.3213796,1
132,208,0.0,0.9689415,0.0,0.32298052,1
132,210,1.0251926,0.0,0.0,0.3417309,1
132,212,0.0,0.0,0.79169047,0.26389682,1
132,213,0.0,1.0636367,0.0,0.35454556,1
132,214,0.9626538,0.0,0.0,0.32088462,1
132,215,0.9703483,0.0,0.0,0.32344943,1
132,220,0.97647786,0.0,0.0,0.32549262,1
132,222,1.0349746,0.0,0.0,0.34499153,1
132,223,0.97386503,0.0,0.0,0.32462168,1
132,232,1.0549916,0.0,0.0,0.3516639,1
132,233,0.0,0.0,1.1378595,0.3792865,1
132,250,0.0,0.0,1.0375243,0.34584147,1
132,253,0.0,0.96306723,0.0,0.32102242,1
132,254,0.0,0.9860026,0.0,0.32866755,1
132,259,1.0027388,0.0,0.97290534,0.65854806,2
132,263,1.03611,0.0,0.0,0.34537002,1
132,272,0.0,0.9872741,0.0,0.32909137,1
132,283,0.0,0.0,0.82818377,0.27606127,1
132,284,0.0,0.0,1.2424425,0.4141475,1
132,288,1.0266118,0.0,0.0,0.34220394,1
132,290,0.97411495,0.0,0.0,0.324705,1
132,291,1.0320815,0.962094,0.0,0.6647252,2
132,294,0.0,0.0,1.4979119,0.499304,1
132,296,0.0,0.9480849,0.82780373,0.5919629,2
132,299,0.0,0.9405392,0.0,0.31351307,1
132,301,0.0,0.966785,0.0,0.3222617,1
132,302,0.0,1.0173004,0.0,0.33910012,1
132,305,0.0,0.0,0.70663595,0.23554532,1
132,309,0.95954216,0.0,0.0,0.3198474,1
132,312,1.0233923,0.0,0.9883514,0.6705813,2
132,318,0.0,0.9617401,0.0,0.32058004,1
132,324,0.0,0.0,1.288094,0.42936468,1
132,334,1.028717,0.95409966,0.0,0.6609389,2
132,338,0.0,0.0,1.6293584,0.5431195,1
132,340,0.0,1.0071667,0.0,0.33572227,1
132,352,0.955775,0.0,0.0,0.31859168,1
132,356,0.0,1.0486237,0.0,0.34954125,1
132,357,0.9654945,0.0,1.0155439,0.66034615,2
132,363,0.97031415,0.0,0.0,0.32343805,1
132,364,0.0,0.0,1.3514276,0.45047587,1
132,374,0.99730814,0.0,0.0,0.33243605,1
132,376,0.0,0.0,0.84018534,0.28006178,1
132,378,0.0,1.0344927,0.0,0.34483093,1
132,389,1.0489861,0.0,0.0,0.34966204,1
132,398,0.0,0.0,1.7573678,0.5857893,1
132,401,0.0,0.0,0.77773875,0.25924626,1
132,402,0.98704714,0.0,0.0,0.32901573,1
132,414,1.0211803,0.0,0.0,0.34039342,1
132,420,0.0,0.0,1.2229798,0.40765995,1
132,422,1.0033098,0.0,0.0,0.33443663,1
132,428,1.0268017,0.0,0.0,0.34226725,1
132,429,0.9720265,0.0,1.8354088,0.93581176,2
132,434,0.0,0.0,1.5974758,0.5324919,1
132,440,0.0,0.96300954,0.0,0.3210032,1
132,443,0.0,0.0,1.2529334,0.41764447,1
132,445,0.0,0.0,0.9633457,0.32111526,1
132,450,0.0,0.93518174,0.0,0.31172726,1
132,451,1.0587286,0.0,0.0,0.35290954,1
132,454,0.0,1.1057974,0.0,0.36859915,1
132,456,0.0,0.96338874,0.0,0.3211296,1
132,457,0.0,0.94763124,0.0,0.31587708,1
132,459,0.9739694,0.0,0.0,0.3246565,1
132,467,0.0,0.0,0.9832781,0.3277594,1
132,475,0.9701258,0.0,0.0,0.32337528,1
132,480,0.0,0.0,0.8923315,0.29744384,1
132,488,0.0,0.0,0.7634605,0.25448686,1
132,491,0.0,0.95652825,0.0,0.31884277,1
132,498,0.0,0.0,1.3156838,0.4385613,1
132,500,0.0,0.0,1.1300273,0.37667578,1
132,503,0.97016764,0.0,0.0,0.32338923,1
132,509,0.0,0.0,0.61420006,0.20473336,1
132,511,0.0,0.0,0.86090565,0.28696856,1
133,140,0.0,0.9705786,0.0,0.3235262,1
133,148,0.0,0.98466164,0.0,0.32822055,1
133,149,0.0,0.0,0.9802492,0.32674974,1
133,150,0.0,0.95892113,1.3805877,0.7798363,2
133,161,0.0,0.0,1.0953395,0.3651132,1
133,162,1.0075648,0.0,0.0,0.33585495,1
133,166,0.0,1.0106684,0.0,0.33688948,1
133,168,0.0,0.96462905,0.0,0.32154304,1
133,170,1.0139097,0.0,0.0,0.3379699,1
133,172,0.0,0.0,0.71865886,0.23955296,1
133,174,1.1141019,0.0,0.0,0.3713673,1
133,180,0.0,0.0,1.1762276,0.39207587,1
133,185,0.0,0.97057116,0.79364526,0.5880722,2
133,187,1.0091704,0.0,0.0,0.33639014,1
133,190,0.0,0.0,0.7619112,0.2539704,1
133,191,0.0,0.0,1.2903627,0.43012092,1
133,195,0.0,1.0021812,0.0,0.3340604,1
133,203,0.0,0.9773923,0.0,0.32579744,1
133,208,1.0252868,0.0,0.0,0.34176227,1
133,209,1.0063387,0.0,0.0,0.33544624,1
133,213,0.9949797,0.0,0.0,0.3316599,1
133,214,0.0,0.0,1.0850555,0.36168516,1
133,216,0.0,1.1313076,0.0,0.37710255,1
133,224,1.0343934,0.0,0.0,0.34479782,1
133,239,1.0204979,0.0,0.0,0.34016597,1
133,241,0.0,0.9578613,0.0,0.31928712,1
133,244,0.9706337,0.9782569,0.0,0.6496302,2
133,248,0.98761857,0.0,0.0,0.3292062,1
133,249,0.9642322,0.0,0.0,0.32141075,1
133,250,0.0,0.0,0.8135017,0.27116725,1
133,255,0.9738685,0.0,1.4603467,0.81140506,2
133,257,0.0,0.9462964,0.0,0.31543213,1
133,264,0.0,1.0517851,0.0,0.35059506,1
133,268,1.0390598,0.0,0.0,0.34635326,1
133,272,1.0172235,1.230923,0.0,0.7493822,2
133,274,0.0,0.0,0.6858812,0.22862707,1
133,275,0.0,0.9572831,0.0,0.31909436,1
133,294,0.99899405,0.0,0.0,0.33299804,1
133,298,0.9670978,0.0,0.0,0.32236594,1
133,309,0.0,0.0,0.6813633,0.2271211,1
133,311,0.0,0.9309547,0.0,0.31031823,1
133,315,0.9765657,0.0,0.0,0.32552192,1
133,318,0.0,0.0,1.2476484,0.4158828,1
133,332,0.0,0.0,1.6764159,0.55880535,1
133,335,0.0,0.9490932,0.0,0.3163644,1
133,341,0.0,1.0058204,0.0,0.33527347,1
133,345,0.9711014,0.0,0.0,0.3237005,1
133,349,1.0291357,0.0,0.0,0.34304523,1
133,351,0.0,0.9858584,0.0,0.32861948,1
133,364,0.0,0.0,0.88355565,0.29451856,1
133,369,0.0,0.0,0.6987349,0.23291163,1
133,376,0.0,0.0,1.0008855,0.3336285,1
133,378,0.0,0.0,0.86690885,0.28896964,1
133,388,0.9939068,0.0,0.0,0.3313023,1
133,390,1.0259187,0.0,0.0,0.34197292,1
133,401,0.0,0.98743445,0.0,0.32914484,1
133,404,1.0363448,0.0,0.0,0.34544826,1
133,405,0.0,0.0,0.9871513,0.32905045,1
133,407,0.0,0.0,0.973112,0.32437068,1
133,412,1.0026537,0.0,0.0,0.3342179,1
133,413,0.0,0.0,0.7395118,0.24650393,1
133,422,0.0,0.0,1.3356594,0.4452198,1
133,430,0.0,0.9574725,0.0,0.3191575,1
133,446,0.0,1.0102998,0.0,0.3367666,1
133,447,0.0,0.0,0.9869726,0.32899088,1
133,465,0.0,0.97255486,0.0,0.32418495,1
133,470,0.0,0.99264526,0.0,0.33088177,1
133,482,0.0,0.0,1.6005495,0.5335165,1
133,492,0.0,0.0,1.3019621,0.43398738,1
133,506,0.0,1.0744401,0.0,0.35814673,1
133,507,0.0,0.0,0.8430324,0.2810108,1
133,510,0.0,1.1180611,0.0,0.37268704,1
133,511,0.0,0.0,0.758767,0.25292236,1
134,138,0.0,0.99339026,0.0,0.3311301,1
134,139,0.0,0.9803448,0.0,0.3267816,1
134,140,0.0,0.9671695,0.0,0.32238984,1
134,160,1.0571904,0.0,0.0,0.35239682,1
134,165,1.0006719,0.0,0.0,0.3335573,1
134,166,0.0,1.1072778,0.0,0.36909258,1
134,174,0.0,0.9782912,0.0,0.32609707,1
134,184,1.061604,0.0,0.0,0.353868,1
134,193,0.0,0.9551922,0.0,0.3183974,1
134,218,1.0626892,0.0,0.0,0.35422975,1
134,224,1.0012602,0.0,0.0,0.3337534,1
134,226,0.99554276,0.0,0.0,0.3318476,1
134,232,1.0271887,0.0,0.0,0.34239623,1
134,234,1.048968,0.0,0.0,0.349656,1
134,248,1.0790836,0.0,0.0,0.35969454,1
134,250,0.0,0.9799389,0.0,0.32664633,1
134,258,0.0,0.99731547,0.0,0.3324385,1
134,278,0.9673489,0.0,0.0,0.32244962,1
134,288,1.0095866,0.0,0.0,0.33652887,1
134,289,0.0,1.0690197,0.0,0.3563399,1
134,296,1.1332518,0.0,0.0,0.3777506,1
134,300,0.97935057,0.0,0.0,0.3264502,1
134,316,0.98593163,0.0,0.0,0.3286439,1
134,319,0.0,1.0240586,0.0,0.34135288,1
134,323,1.0173364,0.0,0.0,0.33911213,1
134,347,0.0,0.949041,0.0,0.316347,1
134,350,1.0401529,0.0,0.0,0.34671766,1
134,357,0.9669501,0.0,0.0,0.3223167,1
134,359,0.9818482,0.0,0.0,0.32728273,1
134,364,0.99713033,0.0,0.0,0.33237678,1
134,367,0.9974984,0.0,0.0,0.33249947,1
134,371,0.0,0.9862406,0.0,0.32874689,1
134,376,1.0105805,0.0,0.0,0.33686018,1
134,393,0.0,1.0929995,0.0,0.36433315,1
134,399,0.96372193,0.0,0.0,0.32124066,1
134,406,0.96257216,0.0,0.0,0.3208574,1
134,414,0.0,0.9982655,0.0,0.33275518,1
134,416,1.0015817,0.0,0.0,0.33386058,1
134,421,0.9664532,0.0,0.0,0.32215106,1
134,422,0.0,0.9560176,0.0,0.31867254,1
134,424,0.0,0.969258,0.0,0.32308602,1
134,434,0.0,1.0208253,0.0,0.3402751,1
134,435,0.0,1.0165156,0.0,0.33883855,1
134,444,1.089667,0.0,0.0,0.36322233,1
134,448,0.0,0.94952875,0.0,0.3165096,1
134,457,0.0,0.949193,0.0,0.31639767,1
134,467,0.97472215,0.0,0.0,0.3249074,1
134,469,0.96346277,0.0,0.0,0.32115427,1
134,470,0.0,0.957042,0.0,0.319014,1
134,480,0.0,0.98224974,0.0,0.3274166,1
134,484,0.0,1.0915219,0.0,0.36384064,1
134,488,0.0,0.9559137,0.0,0.3186379,1
134,490,0.9812786,0.0,0.0,0.3270929,1
135,140,0.0,0.0,0.8382014,0.27940047,1
135,143,0.0,1.0464405,0.7477003,0.5980469,2
135,149,0.0,0.0,0.8152445,0.2717482,1
135,150,1.006307,0.0,0.0,0.3354357,1
135,155,0.0,0.0,0.8363736,0.27879122,1
135,156,0.0,0.0,1.4430209,0.48100698,1
135,171,0.0,1.030848,0.0,0.343616,1
135,172,1.0206491,0.0,0.0,0.34021637,1
135,177,0.0,0.9672165,0.0,0.32240552,1
135,181,0.0,0.0,0.77964675,0.25988227,1
135,187,0.9658119,0.0,0.0,0.32193732,1
135,192,1.0703812,0.0,0.0,0.35679373,1
135,196,0.0,0.0,1.8868605,0.6289535,1
135,199,0.0,0.0,1.6375414,0.5458472,1
135,200,0.98427415,0.0,0.0,0.32809138,1
135,206,0.0,1.1409916,0.0,0.38033053,1
135,207,0.0,0.9452139,0.0,0.3150713,1
135,208,0.0,0.95092535,0.0,0.31697512,1
135,217,0.0,1.0348591,0.0,0.34495303,1
135,223,0.99291956,0.0,0.0,0.3309732,1
135,228,0.0,0.0,1.0162613,0.3387538,1
135,253,1.0150964,0.0,0.0,0.3383655,1
135,257,0.9748342,0.0,0.0,0.32494473,1
135,259,0.0,0.0,0.8974234,0.29914114,1
135,260,1.0864412,0.0,0.0,0.36214706,1
135,262,0.0,0.0,1.0143467,0.33811557,1
135,270,1.0422647,0.0,0.0,0.3474216,1
135,274,0.0,0.0,1.0307826,0.3435942,1
135,280,0.98521453,0.0,0.0,0.32840484,1
135,284,0.0,0.0,0.8428672,0.28095573,1
135,295,0.992307,0.0,0.0,0.330769,1
135,303,0.0,0.952389,0.0,0.317463,1
135,309,0.97862923,0.0,0.0,0.32620975,1
135,311,0.0,0.0,1.2550786,0.41835952,1
135,312,0.0,1.0727624,0.0,0.35758746,1
135,316,0.0,1.0335048,0.0,0.3445016,1
135,323,0.0,0.9811826,0.0,0.32706088,1
135,345,0.0,0.966643,0.0,0.32221434,1
135,347,0.9821375,0.0,1.4933072,0.8251482,2
135,350,0.0,0.9915931,0.0,0.33053106,1
135,353,0.9798776,0.0,0.0,0.32662588,1
135,354,1.0221474,0.0,0.0,0.34071583,1
135,356,0.0,1.0622118,0.0,0.3540706,1
135,358,0.998134,0.0,0.0,0.33271134,1
135,366,0.0,0.9453649,1.5523278,0.83256423,2
135,369,0.0,1.0076238,0.0,0.33587462,1
135,382,0.0,0.9935693,0.0,0.33118978,1
135,383,0.9670012,0.0,0.0,0.32233375,1
135,384,0.0,0.95449287,0.0,0.3181643,1
135,385,0.9892083,0.0,0.0,0.3297361,1
135,388,0.0,0.94802016,0.0,0.31600672,1
135,392,0.0,0.0,1.195259,0.39841968,1
135,396,0.98598284,0.0,0.0,0.32866096,1
135,401,0.0,0.0,0.72626776,0.24208926,1
135,406,0.99961627,0.0,0.0,0.33320543,1
135,411,0.0,0.0,1.0076143,0.33587143,1
135,412,0.0,0.94403774,0.0,0.31467927,1
135,426,0.0,0.0,1.1772472,0.39241573,1
135,427,0.0,1.01636,1.0318071,0.6827224,2
135,431,0.9880639,0.0,0.0,0.32935464,1
135,436,0.9848402,0.0,0.0,0.3282801,1
135,449,0.0,0.0,1.3717097,0.4572366,1
135,457,0.0,0.0,1.1726706,0.3908902,1
135,460,0.966961,0.0,0.0,0.32232034,1
135,463,1.0520784,0.0,0.0,0.3506928,1
135,473,0.0,0.94908607,0.0,0.31636202,1
135,483,0.0,0.9787168,0.0,0.32623893,1
135,486,0.0,1.0577663,0.0,0.35258877,1
135,489,0.0,1.0467803,0.0,0.34892678,1
135,490,0.9803245,0.0,0.0,0.32677484,1
135,491,0.9765082,0.0,0.0,0.32550275,1
135,500,0.0,0.0,1.0383468,0.3461156,1
135,511,0.0,0.0,1.176857,0.39228567,1
136,138,1.0142514,0.0,0.0,0.3380838,1
136,144,1.0046278,0.0,0.0,0.33487594,1
136,145,1.0247746,0.0,0.0,0.34159154,1
136,148,0.0,0.99831367,0.0,0.33277124,1
136,156,0.0,0.98748887,0.0,0.32916296,1
136,161,0.0,0.0,1.3164032,0.43880105,1
136,172,0.0,0.0,0.75669867,0.2522329,1
136,185,0.0,0.0,0.87843794,0.29281265,1
136,190,0.0,0.0,0.99731255,0.33243752,1
136,192,1.024603,0.0,0.0,0.34153435,1
136,193,0.0,0.0,0.7704628,0.25682095,1
136,197,0.0,1.0234426,0.0,0.34114754,1
136,202,0.0,1.0088124,0.0,0.3362708,1
136,203,1.0776511,0.0,0.0,0.35921705,1
136,208,0.0,0.9593692,0.0,0.31978974,1
136,210,0.0,0.9492808,0.0,0.31642693,1
136,212,0.0,0.0,0.93472666,0.31157556,1
136,214,0.997352,0.0,0.0,0.3324507,1
136,215,0.97068,0.0,0.0,0.32356,1
136,218,0.0,1.020795,0.0,0.340265,1
136,230,0.0,0.9509903,0.0,0.31699678,1
136,240,0.0,0.0,0.91917306,0.30639103,1
136,245,0.0,0.0,0.8299678,0.27665594,1
136,250,1.0154433,0.0,0.9355071,0.65031683,2
136,255,0.0,0.0,0.71625674,0.23875225,1
136,262,0.0,1.0159028,0.0,0.33863425,1
136,265,1.1610079,0.0,0.0,0.38700265,1
136,274,0.0,0.95230293,0.9804009,0.64423466,2
136,275,0.0,0.9472889,0.0,0.31576297,1
136,281,0.0,0.0,0.77469236,0.2582308,1
136,283,0.0,0.0,0.6556268,0.21854226,1
136,284,0.0,0.0,1.755127,0.58504236,1
136,290,0.9741378,0.0,0.0,0.3247126,1
136,294,0.0,0.0,1.3316281,0.44387603,1
136,300,0.0,0.0,0.7211857,0.24039523,1
136,304,0.9631932,0.0,0.0,0.3210644,1
136,311,0.0,0.99260956,0.8609166,0.6178421,2
136,312,0.0,0.0,1.194051,0.39801702,1
136,324,0.0,0.0,0.9243007,0.30810022,1
136,331,0.0,0.0,0.9284058,0.30946863,1
136,338,0.0,0.0,0.9455249,0.31517497,1
136,339,0.0,1.0091205,0.0,0.3363735,1
136,351,0.98786634,0.0,0.0,0.32928878,1
136,354,0.9611294,0.0,0.0,0.3203765,1
136,358,0.0,0.9994127,0.0,0.33313757,1
136,359,1.0636883,0.0,0.0,0.35456276,1
136,361,1.0111316,0.0,0.0,0.33704388,1
136,364,0.0,0.0,1.4051217,0.4683739,1
136,365,0.0,0.0,0.7164644,0.23882148,1
136,376,0.0,0.0,0.9598529,0.31995097,1
136,377,0.0,1.0183377,0.0,0.33944592,1
136,378,0.0,0.0,0.742663,0.24755435,1
136,382,0.0,0.9604239,0.0,0.32014132,1
136,385,0.0,0.0,1.0392218,0.34640726,1
136,391,0.9685946,0.0,0.0,0.3228649,1
136,398,0.0,0.0,1.5003749,0.500125,1
136,399,0.0,0.0,0.8858203,0.29527345,1
136,401,0.0,0.0,0.5631476,0.18771587,1
136,406,0.0,0.9474261,0.0,0.3158087,1
136,408,0.98424035,0.0,0.0,0.32808012,1
136,410,0.0,1.0846084,0.0,0.36153615,1
136,411,0.0,0.0,0.7886902,0.26289675,1
136,413,0.0,0.0,1.0168921,0.33896405,1
136,417,0.0,1.0180693,0.7703767,0.59614867,2
136,418,0.0,1.1285031,0.0,0.3761677,1
136,420,0.0,0.0,0.9129079,0.30430263,1
136,421,0.0,0.95917773,0.0,0.31972593,1
136,425,0.0,1.0499146,0.0,0.34997153,1
136,426,0.0,0.0,0.8530351,0.28434503,1
136,427,0.9682403,0.0,0.0,0.32274678,1
136,429,0.0,0.0,1.5669875,0.5223292,1
136,431,1.0325238,0.0,0.0,0.3441746,1
136,434,0.0,0.0,1.610909,0.53696966,1
136,443,0.0,0.0,1.0392604,0.34642014,1
136,446,0.9931103,0.0,0.0,0.33103678,1
136,447,0.0,0.0,0.94206464,0.31402156,1
136,449,0.9954853,0.0,0.89376515,0.62975013,2
136,451,0.0,0.0,0.7506185,0.25020617,1
136,452,1.0276642,0.0,0.0,0.34255475,1
136,457,0.0,0.0,1.2071033,0.40236777,1
136,482,0.0,0.0,1.0298927,0.34329757,1
136,485,0.0,0.94026273,0.0,0.31342092,1
136,486,0.98641,0.0,0.0,0.32880336,1
136,487,1.0204246,0.0,0.0,0.34014153,1
136,488,0.0,0.0,0.75964975,0.2532166,1
136,489,0.0,0.0,0.6548805,0.21829352,1
136,500,0.0,0.0,1.3773019,0.45910066,1
136,509,0.0,0.9716512,0.52725977,0.499637,2
136,511,0.98537457,0.0,1.2201638,0.7351795,2
137,139,0.0,0.0,0.6708876,0.2236292,1
137,140,1.0007008,0.0,0.0,0.33356696,1
137,143,0.0,0.0,1.2357863,0.41192877,1
137,148,0.0,0.0,0.5880836,0.19602787,1
137,158,1.0204895,0.0,0.0,0.34016317,1
137,163,0.0,0.0,0.660611,0.22020367,1
137,166,0.0,0.0,1.168974,0.38965803,1
137,169,0.0,1.0515934,0.0,0.35053116,1
137,170,0.0,1.1737461,0.0,0.3912487,1
137,173,0.0,0.0,0.76214945,0.25404984,1
137,178,1.0112466,0.9388217,0.0,0.65002275,2
137,181,1.0468355,0.0,0.0,0.3489452,1
137,187,0.0,0.9590836,0.0,0.31969455,1
137,192,0.0,0.0,1.0529969,0.35099897,1
137,202,0.0,0.0,0.74567115,0.24855706,1
137,207,0.0,0.0,1.3275696,0.4425232,1
137,213,0.0,0.0,0.77702373,0.25900793,1
137,215,0.0,0.98478496,0.0,0.32826167,1
137,216,0.9728085,0.0,0.0,0.3242695,1
137,220,0.0,0.0,1.1232018,0.37440062,1
137,223,0.0,1.0005965,0.0,0.33353218,1
137,224,0.0,0.0,1.0081332,0.3360444,1
137,230,0.0,1.040421,0.0,0.346807,1
137,232,0.0,1.001314,0.0,0.33377135,1
137,236,0.0,1.0182115,0.5601773,0.5261296,2
137,237,0.0,0.0,1.026224,0.3420747,1
137,238,0.0,1.0424407,0.0,0.34748024,1
137,248,0.0,0.9636765,0.0,0.32122552,1
137,268,0.0,1.0348357,0.0,0.34494525,1
137,275,0.0,0.95842403,0.0,0.3194747,1
137,279,0.0,1.0602932,0.0,0.35343108,1
137,283,1.0275906,0.0,0.0,0.34253022,1
137,288,0.0,1.0734178,0.0,0.35780594,1
137,290,0.9976367,0.0,0.0,0.33254558,1
137,293,1.0007749,0.0,0.0,0.33359164,1
137,297,0.0,0.9986116,0.0,0.33287054,1
137,309,0.0,0.9717332,0.0,0.32391107,1
137,311,0.0,0.9444491,0.0,0.3148164,1
137,313,0.0,0.96120197,0.0,0.32040066,1
137,315,0.0,0.9460284,0.0,0.3153428,1
137,322,0.9919622,0.0,0.0,0.33065408,1
137,324,0.9757646,0.0,0.0,0.32525486,1
137,325,0.0,0.0,0.71297485,0.23765829,1
137,335,1.0452443,0.0,0.0,0.34841478,1
137,339,1.0097513,0.0,0.0,0.3365838,1
137,344,0.0,0.0,1.080676,0.36022532,1
137,351,0.0,1.0058098,0.0,0.33526993,1
137,378,0.0,0.0,0.8162465,0.27208218,1
137,388,0.9690213,0.96044457,0.0,0.64315534,2
137,392,0.99684936,0.0,0.0,0.33228314,1
137,399,0.0,1.0025904,0.0,0.3341968,1
137,400,0.0,0.0,1.1106732,0.37022442,1
137,402,0.9671731,0.0,0.0,0.32239103,1
137,412,0.0,0.97742164,0.0,0.3258072,1
137,426,0.9892591,0.0,0.0,0.32975304,1
137,427,0.9908507,0.0,0.0,0.33028358,1
137,431,0.9899911,0.0,0.0,0.32999706,1
137,440,0.0,1.0047652,0.0,0.33492172,1
137,450,0.0,0.0,1.0466535,0.34888452,1
137,455,1.0576705,0.0,0.0,0.35255682,1
137,472,1.0213721,0.0,0.0,0.34045738,1
137,474,0.0,0.0,0.69329286,0.23109762,1
137,478,1.0393941,0.0,0.0,0.34646472,1
137,491,0.0,0.0,0.64361423,0.21453808,1
137,493,0.0,0.9762965,0.0,0.32543218,1
137,496,0.9805107,0.0,0.0,0.3268369,1
137,502,0.0,0.0,0.83966464,0.2798882,1
138,145,0.0,0.0,0.9430325,0.31434417,1
138,151,0.0,0.95229876,0.0,0.31743294,1
138,156,0.96622884,0.0,0.93233144,0.63285345,2
138,157,0.99861705,0.0,0.0,0.33287236,1
138,169,1.0034826,0.0,0.0,0.3344942,1
138,174,0.0,0.0,0.8492962,0.28309876,1
138,177,0.0,0.9660734,0.0,0.32202446,1
138,193,0.0,0.0,0.95020103,0.3167337,1
138,196,0.0,0.9354014,0.0,0.31180048,1
138,197,0.0,0.0,1.8037888,0.6012629,1
138,198,0.9921026,0.0,0.0,0.33070087,1
138,200,0.9818991,0.0,0.0,0.3272997,1
138,207,1.0501218,0.0,0.0,0.3500406,1
138,209,0.0,0.0,1.3133386,0.43777955,1
138,217,0.9931291,0.0,0.0,0.33104303,1
138,222,0.0,0.9757658,0.0,0.32525527,1
138,224,1.0671158,0.0,0.0,0.35570526,1
138,229,0.0,0.9596956,0.0,0.31989855,1
138,240,0.0,0.0,1.4492129,0.48307097,1
138,241,0.0,1.114773,0.0,0.37159103,1
138,242,0.9750277,0.0,0.0,0.32500923,1
138,248,0.96761245,0.0,0.0,0.32253748,1
138,254,0.0,0.0,0.650847,0.21694902,1
138,255,0.0,0.98736393,0.0,0.32912132,1
138,259,0.0,0.0,0.885756,0.29525203,1
138,260,0.0,1.090971,0.0,0.363657,1
138,263,0.0,0.0,0.9283472,0.30944908,1
138,264,0.0,0.0,1.6533183,0.5511061,1
138,265,0.0,0.0,1.4299301,0.47664338,1
138,267,0.9949652,0.0,0.0,0.33165509,1
138,269,0.0,0.0,1.0521804,0.3507268,1
138,276,0.0,0.96459067,0.0,0.32153022,1
138,281,0.0,0.0,0.5409324,0.18031082,1
138,292,0.0,0.0,0.81377167,0.27125722,1
138,307,0.0,0.0,0.82540905,0.27513635,1
138,308,1.0354009,0.0,0.0,0.34513363,1
138,312,0.0,0.0,0.93473756,0.3115792,1
138,318,0.0,0.95217985,0.0,0.3173933,1
138,329,0.9953588,0.0,0.0,0.33178627,1
138,331,0.0,0.0,1.5924917,0.5308306,1
138,334,0.0,1.0703504,0.9086616,0.6596707,2
138,338,0.9664503,0.0,0.0,0.3221501,1
138,344,0.9855982,0.0,0.0,0.32853276,1
138,349,0.0,0.0,1.3095777,0.4365259,1
138,354,0.0,0.0,1.1742666,0.3914222,1
138,355,0.0,0.96237147,0.0,0.3207905,1
138,356,0.0,0.97983,0.0,0.32661003,1
138,360,0.9793834,0.0,0.788931,0.58943814,2
138,361,0.0,0.9861331,0.0,0.32871103,1
138,368,0.9699522,0.0,0.49480027,0.48825085,2
138,369,0.0,0.0,1.5717137,0.52390456,1
138,370,0.0,0.9756228,0.0,0.3252076,1
138,375,0.0,0.0,1.2215781,0.4071927,1
138,388,0.0,0.968539,0.0,0.32284635,1
138,392,0.0,0.0,1.1905265,0.39684218,1
138,393,0.0,1.0789108,1.1152196,0.7313768,2
138,394,0.0,0.0,0.82957363,0.27652454,1
138,396,0.0,0.0,0.91760015,0.30586672,1
138,399,0.0,0.0,0.72058046,0.24019349,1
138,401,0.0,0.0,0.5457099,0.1819033,1
138,404,0.9935034,0.0,0.0,0.33116782,1
138,405,0.0,0.9364092,0.0,0.3121364,1
138,411,0.0,0.0,0.6718056,0.22393522,1
138,414,0.0,0.0,0.66107273,0.22035758,1
138,431,0.0,0.0,1.7810868,0.59369564,1
138,432,0.0,0.9829877,0.5840801,0.522356,2
138,433,0.9747079,0.0,0.0,0.32490265,1
138,434,0.0,0.94027156,0.0,0.31342387,1
138,437,1.0327959,0.0,1.2024037,0.7450665,2
138,440,0.0,0.0,0.61831945,0.20610648,1
138,449,0.0,0.0,0.97775537,0.32591847,1
138,451,0.0,0.0,0.80904645,0.26968217,1
138,452,0.9910597,0.0,1.6683421,0.88646734,2
138,456,0.0,0.0,0.77865225,0.25955075,1
138,458,0.97857314,0.0,0.0,0.32619107,1
138,463,0.0,0.9606301,0.0,0.32021004,1
138,472,0.0,0.9653788,0.0,0.32179296,1
138,477,0.0,0.9832336,0.0,0.32774454,1
138,481,0.0,0.0,1.7598268,0.58660895,1
138,486,1.0176102,0.0,0.0,0.33920342,1
138,487,0.0,0.9448434,0.0,0.3149478,1
138,492,1.0340347,0.0,0.0,0.34467825,1
138,496,0.0,0.0,1.1500844,0.38336146,1
138,500,0.0,0.9659477,0.0,0.32198256,1
138,505,0.0,0.0,0.72854084,0.24284695,1
138,509,1.0062543,0.0,0.0,0.3354181,1
139,140,0.9871371,0.0,0.0,0.3290457,1
139,142,0.0,1.0481069,0.0,0.349369,1
139,143,0.0,0.0,0.72531897,0.241773,1
139,153,0.0,1.1128653,1.8154634,0.9761096,2
139,159,0.0,0.0,0.6862807,0.22876024,1
139,162,0.0,0.0,1.6794121,0.5598041,1
139,177,0.975824,0.0,1.0021385,0.65932083,2
139,183,0.0,0.0,1.1577501,0.3859167,1
139,193,0.0,0.9969439,0.0,0.33231464,1
139,197,1.0033737,0.0,0.0,0.33445793,1
139,206,0.0,0.0,1.3018792,0.43395972,1
139,211,0.0,0.9992009,0.0,0.33306697,1
139,216,0.0,0.0,0.8638838,0.28796127,1
139,224,0.0,0.0,1.2060812,0.40202707,1
139,230,0.0,0.0,1.2447683,0.41492277,1
139,243,0.0,0.0,0.8763304,0.29211015,1
139,248,0.0,0.9732347,1.956631,0.9766219,2
139,251,0.0,1.0442669,0.0,0.34808898,1
139,266,0.0,1.1174091,0.0,0.37246972,1
139,267,0.96813715,0.0,0.8035482,0.5905618,2
139,273,0.0,1.0833648,0.0,0.36112162,1
139,279,0.0,1.0931672,0.0,0.36438906,1
139,281,1.0274837,0.0,0.0,0.34249458,1
139,283,0.0,1.0173315,0.0,0.3391105,1
139,294,0.0,0.9662623,0.0,0.32208744,1
139,305,0.0,0.0,0.94629616,0.31543207,1
139,311,0.98824596,0.0,0.0,0.32941532,1
139,315,0.9724631,0.0,0.0,0.32415438,1
139,317,0.0,0.0,0.8717432,0.29058108,1
139,328,0.0,1.0797013,0.0,0.35990044,1
139,329,0.0,0.0,0.835095,0.27836502,1
139,330,0.0,0.9447631,0.0,0.31492105,1
139,333,0.0,0.9602155,0.0,0.32007185,1
139,334,0.0,0.9469987,0.0,0.31566626,1
139,335,1.1126467,0.0,0.0,0.37088224,1
139,337,0.9837145,0.0,0.0,0.32790485,1
139,344,0.0,0.0,1.1844077,0.39480257,1
139,355,0.97072387,0.0,1.6191149,0.8632796,2
139,358,0.97779787,0.0,0.0,0.32593262,1
139,359,0.0,0.0,0.80797154,0.26932386,1
139,360,1.0171697,0.0,0.0,0.33905658,1
139,364,0.0,0.93112385,0.0,0.31037462,1
139,381,0.0,0.9463229,0.0,0.31544098,1
139,387,0.0,0.96736854,0.0,0.32245618,1
139,389,0.0,1.0046172,0.0,0.33487242,1
139,397,0.0,1.0027609,0.0,0.33425364,1
139,414,1.0036981,0.0,0.0,0.33456606,1
139,417,0.9861925,0.0,0.0,0.32873085,1
139,425,0.96611494,0.0,0.0,0.32203832,1
139,426,0.9700211,0.0,0.0,0.3233404,1
139,430,0.9842545,0.0,0.0,0.32808483,1
139,433,0.968058,0.0,0.0,0.32268602,1
139,434,0.97301275,0.0,0.0,0.3243376,1
139,438,0.0,1.155082,0.0,0.38502735,1
139,449,0.0,0.0,0.7503856,0.25012854,1
139,451,0.0,0.96631825,0.0,0.3221061,1
139,452,0.0,0.96557903,0.0,0.3218597,1
139,454,0.0,0.0,0.8076144,0.2692048,1
139,460,0.0,0.0,1.8099508,0.60331696,1
139,461,1.0145618,0.0,0.0,0.33818728,1
139,462,0.0,0.0,0.5920589,0.19735298,1
139,473,0.98553,0.0,0.0,0.32851002,1
139,480,1.020995,0.0,0.0,0.34033167,1
139,485,1.1556237,0.0,0.0,0.3852079,1
139,491,0.99766326,0.0,0.0,0.33255443,1
139,492,0.0,1.0578495,0.0,0.35261652,1
139,497,0.0,1.0680141,0.0,0.35600471,1
139,502,0.0,0.0,1.6677319,0.55591065,1
139,507,0.9657218,0.0,0.0,0.32190728,1
140,141,0.0,1.026278,0.0,0.3420927,1
140,149,0.0,0.0,1.965748,0.65524936,1
140,156,0.0,0.0,0.75343204,0.25114402,1
140,160,0.98412937,0.0,0.0,0.32804313,1
140,180,0.0,1.1664063,0.0,0.3888021,1
140,181,0.0,0.0,0.8539257,0.28464192,1
140,185,0.0,0.0,1.4009542,0.46698475,1
140,190,0.0,0.0,0.83550483,0.27850163,1
140,191,0.0,0.0,0.867959,0.2893197,1
140,192,0.0,0.9437622,0.0,0.3145874,1
140,194,0.0,0.96241486,0.0,0.32080495,1
140,196,0.0,0.0,1.0784793,0.3594931,1
140,199,0.0,0.0,1.069553,0.35651767,1
140,202,0.98388666,0.0,0.0,0.32796222,1
140,207,0.97063017,0.0,0.0,0.3235434,1
140,210,0.97144604,0.0,0.0,0.32381535,1
140,214,0.0,0.0,0.9349465,0.31164885,1
140,225,0.0,0.0,0.8097349,0.26991165,1
140,226,0.0,1.1226586,0.0,0.37421954,1
140,227,0.0,0.9563202,0.0,0.31877342,1
140,228,0.0,0.0,0.82208866,0.27402955,1
140,235,0.9867584,0.0,0.0,0.32891947,1
140,250,0.0,0.0,0.74796385,0.24932128,1
140,254,1.0501081,0.0,0.0,0.35003603,1
140,255,0.0,0.0,0.8177424,0.2725808,1
140,262,0.0,0.0,0.7654144,0.25513816,1
140,273,0.0,0.98961174,0.0,0.32987058,1
140,274,0.0,0.0,1.4658736,0.48862454,1
140,295,0.0,0.96938634,0.0,0.3231288,1
140,300,0.0,0.0,0.8338384,0.27794614,1
140,311,0.0,0.0,1.2243798,0.4081266,1
140,319,0.0,0.95115894,0.9263863,0.6258484,2
140,325,0.0,1.0126911,0.0,0.33756372,1
140,347,0.0,0.0,1.2617513,0.42058378,1
140,353,1.0336659,0.0,0.0,0.34455532,1
140,355,0.9901775,0.0,0.0,0.33005917,1
140,357,0.0,1.0083439,0.0,0.33611465,1
140,366,0.0,0.0,1.6526275,0.55087584,1
140,369,1.0491122,0.0,0.0,0.3497041,1
140,376,0.97782683,0.0,0.0,0.32594228,1
140,377,1.0265374,0.0,0.0,0.34217915,1
140,378,0.0,0.0,1.157664,0.38588798,1
140,379,0.9770785,0.0,0.69695055,0.5580097,2
140,389,0.9621605,0.0,0.0,0.3207202,1
140,394,0.0,1.046505,0.0,0.348835,1
140,401,0.0,1.0564498,0.0,0.35214993,1
140,403,0.97030073,0.0,0.0,0.32343358,1
140,410,0.0,1.0121603,0.0,0.3373868,1
140,411,0.0,0.0,0.8879636,0.29598787,1
140,418,0.0,0.0,0.78565127,0.26188377,1
140,426,0.0,0.94371593,1.8880092,0.9439084,2
140,427,0.0,0.0,0.8249799,0.2749933,1
140,428,0.0,0.0,0.62121004,0.20707002,1
140,435,0.0,1.0178952,0.0,0.33929843,1
140,439,0.0,0.9689123,0.0,0.32297078,1
140,449,0.0,0.0,1.1221555,0.37405187,1
140,457,0.0,0.0,1.3530185,0.45100617,1
140,459,0.9806546,0.0,0.0,0.32688487,1
140,465,0.98473996,0.0,0.0,0.32824665,1
140,466,0.0,1.2149135,0.0,0.40497118,1
140,483,1.0150462,0.0,0.0,0.33834875,1
140,484,0.0,1.0665737,0.0,0.3555246,1
140,485,1.0852002,0.0,0.0,0.3617334,1
140,491,0.0,1.0101662,0.0,0.33672208,1
140,493,1.0135648,0.0,0.0,0.33785495,1
140,498,0.0,0.99872166,0.0,0.33290723,1
140,499,0.0,0.96229494,0.0,0.320765,1
140,505,0.0,0.9615972,0.0,0.3205324,1
140,508,0.9971061,0.0,0.0,0.3323687,1
141,144,0.0,0.94688785,1.7761165,0.9076682,2
141,146,1.0032237,0.0,0.0,0.3344079,1
141,157,0.0,0.9671365,0.0,0.32237884,1
141,161,1.0398791,0.0,0.0,0.34662637,1
141,166,0.9716283,0.0,0.0,0.3238761,1
141,178,1.0020301,0.0,1.2978424,0.7666242,2
141,186,0.0,0.9630876,0.0,0.32102922,1
141,188,0.9745454,0.0,0.9112252,0.6285902,2
141,195,1.0382526,0.0,0.0,0.3460842,1
141,197,0.0,0.0,0.70144767,0.2338159,1
141,209,0.0,1.0248294,0.0,0.3416098,1
141,219,0.0,0.0,0.96711993,0.32237333,1
141,220,0.0,0.96550673,0.0,0.32183558,1
141,224,0.9972668,0.0,0.0,0.3324223,1
141,240,0.993366,0.0,0.0,0.331122,1
141,245,0.0,0.986789,0.0,0.32892966,1
141,249,0.0,1.0071917,0.0,0.33573055,1
141,254,0.0,0.0,1.2033473,0.40111578,1
141,257,0.96305215,0.0,0.0,0.32101738,1
141,269,0.0,0.0,0.7516961,0.25056538,1
141,302,0.0,0.93939596,0.0,0.313132,1
141,306,0.0,0.94305164,1.3254387,0.7561635,2
141,307,0.0,0.0,1.2101598,0.4033866,1
141,308,0.0,0.0,0.826288,0.27542934,1
141,313,0.9612855,0.0,0.0,0.3204285,1
141,315,0.0,0.0,2.0498595,0.68328655,1
141,320,0.96861756,0.0,0.0,0.32287252,1
141,329,0.9984529,0.9394446,0.0,0.6459658,2
141,337,0.9710037,0.0,0.0,0.3236679,1
141,344,0.9711906,0.0,0.0,0.3237302,1
141,346,0.0,0.0,0.7373255,0.24577516,1
141,347,0.9740082,0.0,0.0,0.32466942,1
141,356,0.0,1.0096176,0.0,0.3365392,1
141,359,0.0,0.95323455,0.0,0.31774485,1
141,365,1.036651,0.0,0.0,0.34555036,1
141,374,0.0,0.9535264,0.0,0.31784213,1
141,379,0.0,0.0,0.78182334,0.26060778,1
141,380,0.0,0.0,1.2551862,0.4183954,1
141,381,0.9724437,0.0,0.0,0.3241479,1
141,393,1.003593,0.0,1.4562624,0.8199518,2
141,398,0.0,0.9789005,0.0,0.32630017,1
141,399,1.0168943,0.0,0.0,0.3389648,1
141,400,1.0141046,0.0,0.0,0.33803487,1
141,403,1.0344267,0.0,0.0,0.3448089,1
141,406,0.99843687,0.0,0.0,0.3328123,1
141,409,0.0,0.0,2.0484774,0.6828258,1
141,415,0.0,0.9937828,0.0,0.33126095,1
141,420,1.0612535,0.0,0.0,0.35375118,1
141,421,0.0,0.0,1.0892061,0.3630687,1
141,431,0.0,1.005011,0.0,0.33500367,1
141,444,0.0,0.9483944,0.0,0.31613147,1
141,459,0.0,0.0,1.2026563,0.40088543,1
141,472,0.0,0.94427717,0.0,0.31475908,1
141,476,0.98681253,0.0,0.0,0.32893753,1
141,483,0.0,0.0,1.7030278,0.56767595,1
141,485,0.0,1.010472,1.8816518,0.96404135,2
141,487,0.0,0.0,0.818696,0.27289867,1
141,493,0.0,0.9687637,0.0,0.32292125,1
142,143,0.96473193,0.0,0.0,0.3215773,1
142,148,1.0478698,0.0,0.0,0.34928995,1
142,150,0.0,0.0,1.0216733,0.34055778,1
142,156,0.9901676,0.0,0.0,0.3300559,1
142,157,0.0,0.0,1.6297061,0.5432354,1
142,171,0.0,1.0839251,0.0,0.3613084,1
142,172,0.0,0.0,0.97249615,0.3241654,1
142,176,0.0,0.0,1.1725315,0.39084384,1
142,180,0.0,0.0,1.6910315,0.5636772,1
142,193,1.0172296,0.0,0.0,0.33907652,1
142,200,0.0,0.952922,0.0,0.31764066,1
142,206,0.0,0.98733544,0.0,0.3291118,1
142,212,0.0,0.0,1.2849958,0.42833194,1
142,216,0.9728344,0.9695784,0.0,0.64747095,2
142,222,0.9654874,0.0,0.0,0.32182914,1
142,223,1.0511892,0.0,0.0,0.3503964,1
142,230,0.0,0.9844977,0.0,0.32816592,1
142,242,0.0,1.201973,0.0,0.40065765,1
142,246,0.0,0.0,0.85030055,0.28343353,1
142,254,0.0,0.9463212,0.0,0.31544042,1
142,260,0.0,0.94045365,0.0,0.31348455,1
142,270,0.0,0.0,0.69457436,0.2315248,1
142,276,0.9680029,0.0,0.0,0.32266766,1
142,281,0.9937808,0.0,1.540918,0.8448996,2
142,283,0.0,0.0,0.80681396,0.268938,1
142,284,0.0,0.9546997,0.0,0.31823325,1
142,292,0.0,0.0,0.7898707,0.26329023,1
142,293,0.9653872,0.0,0.0,0.32179576,1
142,294,0.0,1.0125688,0.0,0.33752295,1
142,295,0.0,0.0,0.8131592,0.27105308,1
142,299,1.0008034,0.0,0.0,0.33360112,1
142,309,0.9965013,0.0,0.8539147,0.6168053,2
142,316,1.0169743,0.0,0.0,0.33899146,1
142,329,0.99619794,0.0,0.0,0.332066,1
142,330,0.0,0.0,0.89048445,0.29682815,1
142,331,0.0,0.93154764,0.0,0.31051588,1
142,332,0.0,0.0,0.96992654,0.32330886,1
142,337,0.9675058,0.0,0.0,0.32250196,1
142,343,0.0,1.0124305,0.0,0.33747685,1
142,358,0.0,0.93567073,0.0,0.31189024,1
142,361,0.9647208,0.0,0.0,0.32157362,1
142,365,0.0,1.1103164,0.9126479,0.6743214,2
142,380,0.0,0.9428332,0.0,0.31427774,1
142,385,0.9684338,0.9735485,1.1525517,1.0315113,3
142,393,0.0,1.048375,0.0,0.34945834,1
142,398,1.063257,0.0,0.0,0.354419,1
142,400,0.99432653,0.0,0.0,0.33144218,1
142,405,0.0,0.0,0.79169494,0.2638983,1
142,411,0.98753667,0.0,0.0,0.3291789,1
142,421,0.0,0.99006486,0.0,0.33002162,1
142,422,0.0,1.1065569,0.0,0.36885232,1
142,423,0.0,1.0003933,0.0,0.33346444,1
142,425,0.0,0.0,0.8918935,0.29729784,1
142,432,0.0,0.0,0.7624584,0.2541528,1
142,437,0.0,0.0,0.87566304,0.2918877,1
142,442,0.0,0.0,0.7486252,0.24954174,1
142,443,0.0,0.9608198,0.0,0.32027328,1
142,449,1.0536873,0.0,0.0,0.35122913,1
142,450,0.0,0.95152366,0.0,0.31717455,1
142,451,0.0,0.0,0.92114973,0.30704993,1
142,476,0.0,0.0,0.98026633,0.32675546,1
142,479,0.0,0.95924836,0.79495895,0.5847358,2
142,482,0.0,0.0,0.8901375,0.29671252,1
142,488,0.0,1.0590568,0.0,0.35301894,1
142,490,1.0519416,0.0,0.0,0.3506472,1
142,492,0.0,1.1124499,0.7570591,0.62316966,2
142,501,0.97568214,0.0,0.0,0.32522738,1
142,505,0.0,0.0,0.8738883,0.29129612,1
142,507,0.0,0.0,1.5958194,0.5319398,1
142,509,0.0,0.0,0.7646903,0.25489676,1
143,149,0.0,0.9741719,0.0,0.32472396,1
143,153,0.98908824,0.0,0.0,0.3296961,1
143,159,0.0,0.0,1.2100986,0.4033662,1
143,163,0.0,1.061269,0.0,0.35375637,1
143,171,1.0291284,0.0,0.0,0.34304282,1
143,173,0.0,0.0,1.2049327,0.40164423,1
143,179,0.9730422,0.0,0.0,0.3243474,1
143,186,0.0,0.0,1.109578,0.36985934,1
143,191,0.0,0.9838075,0.0,0.32793584,1
143,192,0.0,0.0,0.8053635,0.2684545,1
143,196,0.0,0.0,0.8286008,0.2762003,1
143,199,0.0,0.0,0.9030495,0.3010165,1
143,202,0.0,0.0,0.6782688,0.2260896,1
143,207,0.0,1.0752984,0.8899737,0.65509075,2
143,211,0.0,0.0,1.0005759,0.3335253,1
143,214,0.0,1.2040228,0.0,0.40134093,1
143,216,0.0,0.0,0.8833922,0.29446408,1
143,224,1.0038561,0.0,0.7652086,0.58968824,2
143,234,0.0,1.0210723,0.0,0.34035742,1
143,239,0.99392855,0.0,0.0,0.33130953,1
143,240,0.0,1.013121,0.0,0.337707,1
143,246,0.0,0.9923758,0.0,0.33079195,1
143,254,0.99866366,0.0,0.0,0.3328879,1
143,258,1.0150138,0.9760512,0.0,0.66368836,2
143,262,0.0,0.0,0.71811825,0.23937276,1
143,270,0.0,0.9454707,0.0,0.3151569,1
143,271,0.0,0.0,0.77630967,0.2587699,1
143,274,1.1148934,1.0250142,0.0,0.71330255,2
143,287,0.0,1.0439942,0.0,0.34799808,1
143,300,0.0,0.9562518,0.0,0.31875062,1
143,305,0.0,0.0,0.9665768,0.32219228,1
143,328,0.0,0.97205085,0.0,0.32401696,1
143,329,0.9894128,0.0,0.0,0.32980427,1
143,344,0.0,0.9576403,1.2582856,0.738642,2
143,347,0.0,0.0,0.7623247,0.25410825,1
143,349,1.0055498,0.0,0.0,0.33518326,1
143,350,1.01014,0.0,0.0,0.3367133,1
143,355,0.0,0.0,0.8471151,0.2823717,1
143,358,0.0,0.9617596,0.0,0.32058656,1
143,362,0.0,1.0324885,0.0,0.34416282,1
143,364,0.0,0.97223186,0.0,0.3240773,1
143,369,0.0,1.0794499,0.0,0.35981664,1
143,373,0.95779854,0.0,0.0,0.3192662,1
143,374,1.0140198,0.0,0.0,0.33800662,1
143,378,0.0,0.0,0.9051947,0.3017316,1
143,380,0.97663146,0.9729081,0.0,0.64984655,2
143,385,0.0,0.97511095,0.0,0.325037,1
143,399,0.9841085,0.0,0.0,0.3280362,1
143,404,0.0,0.9939094,0.0,0.33130315,1
143,406,0.0,0.999915,0.0,0.333305,1
143,411,0.0,0.0,0.979969,0.32665634,1
143,417,0.0,0.97454107,0.0,0.32484704,1
143,418,0.9666416,0.0,0.0,0.3222139,1
143,420,1.0473493,0.0,0.0,0.34911644,1
143,424,0.0,0.9494543,0.0,0.31648478,1
143,426,0.0,0.96626496,0.797632,0.58796567,2
143,429,0.0,1.0500046,0.0,0.35000154,1
143,430,1.0103799,0.0,0.0,0.3367933,1
143,449,0.0,0.0,0.9070676,0.3023559,1
143,450,0.0,1.026054,0.9083692,0.64480776,2
143,452,0.0,0.9261742,0.0,0.30872476,1
143,459,0.9648854,0.0,0.0,0.32162848,1
143,463,1.0310508,0.0,0.0,0.3436836,1
143,483,0.9749598,0.0,0.0,0.3249866,1
143,487,0.0,0.98089516,0.0,0.32696506,1
143,501,0.0,0.9385999,0.0,0.31286663,1
143,502,0.0,0.0,1.1098448,0.36994827,1
144,160,0.0,0.0,0.9583604,0.31945348,1
144,165,0.0,0.0,0.69306666,0.23102222,1
144,169,0.0,0.0,0.63222677,0.21074226,1
144,178,0.0,0.0,1.4132088,0.47106963,1
144,182,0.0,0.0,1.1221972,0.37406573,1
144,184,0.0,0.0,0.8283366,0.2761122,1
144,188,0.0,0.0,0.8539156,0.28463852,1
144,197,0.0,0.0,0.7342528,0.24475095,1
144,204,0.0,0.9839113,0.0,0.32797045,1
144,209,1.009726,0.0,0.0,0.33657536,1
144,210,1.036424,0.0,0.0,0.3454747,1
144,212,0.0,1.0204089,0.0,0.3401363,1
144,215,0.0,0.0,0.7627069,0.25423563,1
144,219,0.0,0.0,0.88652503,0.29550835,1
144,221,0.0,1.0470192,0.0,0.3490064,1
144,234,0.0,1.0164732,0.0,0.3388244,1
144,250,1.0220281,0.0,0.0,0.34067604,1
144,253,1.0140059,0.0,0.9886387,0.6675482,2
144,254,0.0,0.0,0.8956859,0.298562,1
144,261,0.0,0.95506406,0.0,0.3183547,1
144,266,0.0,0.9661001,0.0,0.32203338,1
144,270,0.0,0.0,0.7029301,0.23431003,1
144,274,0.0,0.9660726,0.0,0.32202423,1
144,282,0.0,0.0,0.9822554,0.32741848,1
144,290,0.0,0.0,0.79132235,0.26377413,1
144,291,0.0,1.0134315,0.0,0.33781052,1
144,292,0.0,0.0,0.72194606,0.24064869,1
144,294,0.0,0.965889,0.0,0.321963,1
144,298,0.98595804,0.0,0.96053034,0.64882946,2
144,301,0.996333,0.0,0.0,0.332111,1
144,305,0.0,0.9532883,0.0,0.3177628,1
144,306,0.0,0.0,1.1844586,0.39481956,1
144,308,0.0,0.0,1.0643743,0.35479146,1
144,315,0.0,0.0,1.9815044,0.6605015,1
144,317,0.0,0.97036606,0.0,0.32345536,1
144,318,0.9904289,0.0,0.0,0.33014297,1
144,319,0.9735078,0.0,0.0,0.32450262,1
144,346,0.0,0.0,0.54895663,0.18298554,1
144,348,0.0,1.0967597,0.0,0.36558658,1
144,349,0.0,1.0553362,0.8944904,0.6499422,2
144,353,0.0,0.0,1.0173019,0.33910066,1
144,360,1.0371182,0.0,0.0,0.34570608,1
144,362,0.0,0.0,1.0906656,0.3635552,1
144,368,0.9788708,0.0,0.0,0.32629028,1
144,378,1.0132396,0.0,0.0,0.33774656,1
144,379,0.0,0.0,0.96431816,0.3214394,1
144,380,0.0,0.0,0.85264117,0.28421372,1
144,390,0.9748918,0.0,0.0,0.32496393,1
144,393,0.0,0.0,0.81230235,0.27076745,1
144,397,0.97283006,0.0,0.48555523,0.48612845,2
144,401,1.0012728,0.0,0.0,0.3337576,1
144,407,1.0191855,0.0,0.58477217,0.5346526,2
144,409,0.0,1.172977,1.8797296,1.0175688,2
144,413,0.0,0.9843693,0.0,0.3281231,1
144,416,0.0,0.99720377,0.0,0.33240128,1
144,418,0.0,0.0,0.78447914,0.26149306,1
144,421,0.0,0.0,1.1613488,0.38711628,1
144,423,0.0,0.99173737,0.0,0.33057913,1
144,424,0.9944826,0.0,0.0,0.3314942,1
144,426,0.0,0.9793902,0.0,0.3264634,1
144,428,0.0,0.0,0.46749383,0.15583128,1
144,431,0.0,1.0023816,0.0,0.3341272,1
144,455,1.0135726,0.0,0.0,0.33785754,1
144,457,0.9655762,0.0,0.0,0.32185873,1
144,459,0.0,0.0,0.91789556,0.3059652,1
144,466,0.0,0.9939328,0.0,0.33131093,1
144,468,0.0,0.0,0.4247896,0.14159654,1
144,469,1.0140609,0.0,0.0,0.3380203,1
144,472,0.0,1.0899476,0.0,0.36331588,1
144,483,0.0,0.0,1.4280787,0.47602624,1
144,485,0.0,0.0,1.0827613,0.36092043,1
144,486,1.0407916,0.0,0.62505585,0.55528253,2
144,487,0.0,0.94262695,0.6701291,0.5375854,2
144,488,0.0,0.9853648,0.0,0.32845494,1
144,495,1.0027602,0.0,0.0,0.3342534,1
144,498,0.96217644,0.0,0.0,0.3207255,1
144,503,0.0,1.0601588,0.0,0.35338628,1
144,504,0.0,0.0,0.97826564,0.32608855,1
144,508,0.0,1.0403206,0.0,0.34677356,1
145,150,0.0,0.9645388,0.0,0.32151294,1
145,151,0.0,0.9723704,0.0,0.32412347,1
145,169,1.0609511,0.0,0.0,0.3536504,1
145,174,0.98677754,0.0,0.0,0.32892585,1
145,183,0.0,0.9450753,0.0,0.3150251,1
145,185,0.0,0.94655377,0.0,0.31551793,1
145,190,0.0,0.9819144,0.0,0.3273048,1
145,197,0.0,1.0803431,0.9976002,0.6926478,2
145,198,0.0,1.0353506,0.0,0.34511685,1
145,203,0.9803481,0.0,0.0,0.3267827,1
145,209,0.0,0.0,1.4637717,0.48792392,1
145,210,0.9661562,0.0,0.0,0.32205206,1
145,212,0.0,0.0,0.8424931,0.28083104,1
145,214,1.0286971,0.0,0.0,0.34289905,1
145,227,0.0,0.95599157,0.0,0.31866387,1
145,238,0.0,0.9730495,0.0,0.32434985,1
145,240,0.0,0.0,0.8722762,0.29075873,1
145,241,0.0,0.0,1.064428,0.35480934,1
145,242,0.9910295,0.0,0.0,0.3303432,1
145,245,0.0,0.0,0.6816073,0.22720245,1
145,250,1.0279102,0.0,0.0,0.34263676,1
145,258,0.0,0.0,0.79720724,0.26573575,1
145,261,0.9764205,0.0,0.0,0.32547352,1
145,273,0.0,0.9552837,0.0,0.31842792,1
145,278,1.0168421,0.96917063,0.0,0.66200423,2
145,281,0.0,0.0,0.87947166,0.29315722,1
145,283,0.969723,0.0,0.0,0.323241,1
145,284,0.0,0.0,0.7058065,0.23526883,1
145,285,1.0007306,0.0,0.0,0.3335769,1
145,292,0.0,0.0,0.6612804,0.2204268,1
145,295,0.0,1.0634737,0.0,0.35449123,1
145,303,1.0302655,0.0,0.0,0.34342182,1
145,306,0.0,0.99421126,0.0,0.33140376,1
145,307,0.9762528,0.0,0.0,0.3254176,1
145,320,0.0,0.9830051,1.1253848,0.70279664,2
145,321,0.0,1.0496137,0.0,0.34987125,1
145,327,0.0,1.035831,0.0,0.345277,1
145,328,1.0392853,0.0,0.0,0.34642845,1
145,330,0.0,0.0,0.6985993,0.23286644,1
145,331,0.0,0.0,1.0385653,0.34618843,1
145,334,0.0,1.0004034,0.7017577,0.56738704,2
145,336,0.97636175,0.0,0.0,0.32545394,1
145,341,0.0,0.0,0.8106844,0.27022815,1
145,356,0.0,0.0,1.0296849,0.3432283,1
145,359,1.0408936,0.0,0.0,0.34696454,1
145,369,0.96038723,0.0,0.0,0.3201291,1
145,371,0.0,1.0803971,0.0,0.3601324,1
145,374,0.0,0.9956351,0.0,0.33187836,1
145,377,1.0069032,0.0,0.0,0.3356344,1
145,379,0.9706095,0.9748916,0.0,0.6485004,2
145,380,0.971194,0.0,0.0,0.32373136,1
145,381,0.0,0.0,0.8703626,0.29012087,1
145,396,0.0,0.0,1.1377085,0.3792362,1
145,407,0.9756639,0.0,0.0,0.3252213,1
145,423,0.0,1.0001664,0.0,0.3333888,1
145,431,0.0,0.0,0.87140155,0.2904672,1
145,440,0.0,0.0,1.3441942,0.44806474,1
145,441,0.99279267,0.0,0.0,0.3309309,1
145,447,0.9822559,0.0,0.0,0.32741863,1
145,451,0.0,0.0,0.98640865,0.32880288,1
145,452,0.0,0.0,1.2391531,0.41305107,1
145,484,1.0084655,0.9770367,0.0,0.6618341,2
145,488,0.0,0.0,1.0756454,0.3585485,1
145,495,0.0,0.9854895,0.0,0.32849652,1
145,505,0.0,0.0,1.6786478,0.5595493,1
146,149,0.0,0.94789535,0.0,0.31596512,1
146,150,0.0,1.0635868,0.0,0.35452896,1
146,166,1.0589973,0.0,0.0,0.3529991,1
146,175,0.0,0.0,1.089422,0.36314067,1
146,181,0.0,0.9749122,0.0,0.32497075,1
146,192,0.0,1.097894,0.0,0.36596465,1
146,194,0.0,0.0,1.1363832,0.3787944,1
146,196,1.0527025,0.0,0.0,0.35090086,1
146,198,0.97889185,0.0,0.0,0.32629728,1
146,200,1.0351794,0.0,0.0,0.3450598,1
146,202,0.9816897,0.0,0.0,0.32722992,1
146,208,0.0,0.0,1.2558107,0.4186036,1
146,214,0.97958845,0.0,0.0,0.3265295,1
146,221,0.0,0.0,0.97365254,0.32455087,1
146,233,0.0,0.0,1.5162276,0.50540924,1
146,234,0.0,0.0,0.68047136,0.22682379,1
146,237,0.0,1.0103923,0.0,0.33679745,1
146,245,0.0,0.0,0.7635562,0.25451875,1
146,253,0.0,0.0,0.89445764,0.29815257,1
146,258,1.0605333,0.0,0.0,0.3535111,1
146,259,0.9963535,0.0,0.0,0.33211786,1
146,263,0.0,0.9719181,0.0,0.3239727,1
146,297,0.0,1.0759944,0.0,0.3586648,1
146,299,0.9707849,0.0,0.0,0.323595,1
146,301,0.0,1.200051,1.4675562,0.8892024,2
146,310,0.0,0.0,1.2943773,0.43145913,1
146,314,0.0,0.9808906,0.0,0.32696354,1
146,317,0.0,0.94740725,0.0,0.31580243,1
146,322,0.0,1.0019591,0.0,0.33398637,1
146,331,0.0,0.9385652,0.0,0.31285506,1
146,332,0.0,0.9389976,0.0,0.31299922,1
146,333,0.0,1.0567652,0.0,0.35225508,1
146,334,1.0726932,0.0,0.0,0.35756442,1
146,342,0.0,1.0161561,1.6085626,0.87490624,2
146,346,0.9664809,0.0,0.0,0.3221603,1
146,353,0.0,0.0,1.1462848,0.38209495,1
146,362,0.96800447,0.0,0.0,0.32266816,1
146,372,0.99803036,0.0,0.0,0.3326768,1
146,374,1.0268376,0.0,0.0,0.3422792,1
146,378,0.97345906,0.0,0.0,0.32448637,1
146,381,0.0,0.0,0.7408116,0.2469372,1
146,384,1.0014757,0.0,0.0,0.33382523,1
146,388,0.0,0.0,1.0521756,0.35072523,1
146,390,0.0,0.0,1.013473,0.33782434,1
146,391,0.0,0.0,0.799742,0.26658067,1
146,392,0.0,0.94966775,0.0,0.31655592,1
146,393,1.0959641,0.0,0.0,0.36532137,1
146,394,0.9849579,0.0,0.0,0.3283193,1
146,404,0.97944844,0.0,0.0,0.32648283,1
146,425,0.0,0.9722197,0.0,0.32407326,1
146,428,0.0,0.0,0.8041991,0.26806638,1
146,429,1.0537834,0.0,0.0,0.35126114,1
146,435,0.0,0.0,0.83775485,0.27925164,1
146,440,0.0,0.9380786,0.0,0.31269288,1
146,441,0.0,0.95792526,0.0,0.31930843,1
146,445,0.0,0.9768975,0.0,0.3256325,1
146,451,0.99015844,0.0,0.0,0.33005282,1
146,455,0.96629447,0.0,0.0,0.32209817,1
146,460,0.97475225,1.0018748,0.0,0.6588757,2
146,461,1.038637,0.0,0.0,0.34621236,1
146,463,0.0,0.0,1.1363989,0.37879965,1
146,467,0.0,0.0,0.92202336,0.30734113,1
146,470,0.0,0.96899915,0.0,0.32299972,1
146,476,0.9861352,0.0,0.0,0.32871175,1
146,478,0.0,1.1470153,0.0,0.38233846,1
146,480,0.0,1.1730376,0.0,0.39101255,1
146,482,0.0,1.0789391,0.0,0.35964638,1
146,488,0.0,0.99980766,0.0,0.33326924,1
146,493,0.0,1.0406134,0.0,0.34687114,1
146,495,0.0,0.0,1.292156,0.43071866,1
146,499,0.0,0.0,0.7819338,0.2606446,1
146,503,0.95883703,0.0,0.55775744,0.5055315,2
146,507,0.99616796,0.0,0.0,0.332056,1
146,509,1.063271,0.0,0.0,0.3544237,1
147,148,0.0,1.000125,1.7607101,0.92027843,2
147,153,0.0,1.0575056,0.0,0.35250187,1
147,154,0.96632266,0.0,0.0,0.32210755,1
147,162,1.0077657,0.0,0.0,0.33592188,1
147,166,0.96814495,0.0,0.0,0.32271498,1
147,173,0.0,0.0,0.7710008,0.25700027,1
147,191,0.0,0.0,0.628358,0.20945267,1
147,199,1.0352678,0.0,0.0,0.3450893,1
147,202,0.0,0.0,1.4419336,0.48064455,1
147,204,0.0,0.9862666,0.0,0.32875556,1
147,210,0.0,0.93806845,0.0,0.31268948,1
147,213,0.0,0.0,1.5958904,0.53196347,1
147,220,0.0,0.0,0.77603453,0.2586782,1
147,226,0.0,0.0,0.79993933,0.26664644,1
147,228,1.0834931,0.0,0.0,0.3611644,1
147,235,0.0,0.0,0.9505915,0.31686383,1
147,236,0.0,0.92966765,1.1646248,0.69809747,2
147,237,0.0,0.0,1.0362773,0.34542578,1
147,239,1.006542,0.0,0.0,0.335514,1
147,242,0.0,0.0,1.7491462,0.58304876,1
147,243,0.0,0.0,0.6911293,0.23037645,1
147,246,0.0,0.0,1.0086601,0.33622003,1
147,248,0.0,1.1647108,0.0,0.38823694,1
147,249,0.0,0.0,0.5638351,0.18794504,1
147,251,0.0,1.0573897,0.8352086,0.6308661,2
147,262,0.97824365,0.0,0.0,0.32608122,1
147,264,0.97760123,0.9883502,0.0,0.6553172,2
147,265,0.9711539,0.0,0.0,0.32371798,1
147,268,0.0,0.0,0.7832992,0.26109976,1
147,269,0.9727264,0.0,0.0,0.32424214,1
147,279,0.0,0.0,0.79890466,0.26630157,1
147,280,0.0,0.0,1.6611056,0.5537019,1
147,288,0.0,0.0,1.3367132,0.44557106,1
147,298,1.0535204,0.0,0.0,0.3511735,1
147,300,0.0,0.9678579,0.0,0.32261932,1
147,302,0.0,1.0146421,1.0538081,0.6894834,2
147,307,0.0,0.9400011,0.0,0.3133337,1
147,326,0.0,0.0,1.2363331,0.41211104,1
147,335,0.0,0.0,1.7075244,0.5691748,1
147,339,0.0,0.943476,0.65427953,0.5325852,2
147,355,0.0,0.9520926,0.0,0.31736422,1
147,361,0.0,0.941607,0.0,0.313869,1
147,362,0.0,1.0793363,0.0,0.35977876,1
147,381,0.9763396,0.0,0.0,0.32544655,1
147,382,0.0,0.0,0.9551375,0.31837916,1
147,383,0.0,0.0,1.2619554,0.4206518,1
147,389,1.0897378,0.0,0.0,0.36324593,1
147,397,0.9759679,0.0,0.0,0.32532263,1
147,399,0.9837486,0.0,0.0,0.3279162,1
147,400,0.0,1.0851856,0.0,0.36172855,1
147,404,0.0,0.9894565,0.88379306,0.62441653,2
147,410,0.0,0.0,0.89335096,0.29778367,1
147,415,0.97831017,0.0,0.0,0.3261034,1
147,429,1.0342654,0.0,0.0,0.34475514,1
147,430,0.0,1.017172,0.0,0.33905733,1
147,432,0.0,0.9500679,0.0,0.3166893,1
147,438,0.0,1.0619252,0.0,0.35397506,1
147,460,1.0002214,0.0,0.0,0.33340713,1
147,461,0.0,1.0085967,0.0,0.3361989,1
147,464,0.0,0.9790176,0.0,0.32633922,1
147,465,0.0,0.0,1.3888872,0.4629624,1
147,469,0.0,0.0,0.91150993,0.30383664,1
147,471,1.0847318,0.0,0.0,0.36157727,1
147,474,0.0,0.0,1.496786,0.49892867,1
147,475,1.066201,0.0,0.0,0.35540032,1
147,479,0.0,0.9588934,0.0,0.31963116,1
147,487,0.96418697,0.0,0.0,0.32139567,1
147,490,0.0,0.0,0.7765735,0.25885785,1
147,491,0.0,0.0,0.7269534,0.2423178,1
147,496,0.0,0.9951309,0.0,0.3317103,1
147,497,0.9946638,0.0,0.0,0.3315546,1
147,499,0.0,0.0,0.7879606,0.26265353,1
147,504,0.9719343,0.0,0.0,0.32397813,1
147,511,0.0,0.9571933,0.0,0.31906444,1
148,150,0.97686774,0.0,0.0,0.3256226,1
148,153,0.0,0.0,0.5645672,0.18818907,1
148,162,0.0,0.9683623,0.0,0.32278743,1
148,163,0.0,0.0,1.169274,0.389758,1
148,166,0.0,0.0,0.8084582,0.26948607,1
148,173,0.0,0.0,1.1726426,0.39088088,1
148,180,0.9751364,0.0,0.0,0.32504547,1
148,187,0.97779787,0.0,0.0,0.32593262,1
148,189,0.0,0.9460344,0.0,0.3153448,1
148,192,0.0,0.0,1.0117269,0.3372423,1
148,195,0.0,0.9505535,0.5064736,0.4856757,2
148,197,0.0,1.0549734,0.0,0.3516578,1
148,202,0.0,0.977001,1.8937796,0.95692694,2
148,207,0.0,0.0,1.3002721,0.43342406,1
148,209,0.98572206,0.0,0.0,0.32857403,1
148,211,0.0,0.0,0.55958325,0.18652776,1
148,213,0.0,0.0,2.0147097,0.67156994,1
148,214,0.973699,0.0,0.79929036,0.5909965,2
148,220,0.0,0.0,1.2686313,0.42287713,1
148,224,0.0,0.0,0.7433367,0.24777889,1
148,226,0.0,0.0,0.91675097,0.30558366,1
148,227,0.0,0.0,0.419073,0.139691,1
148,228,0.9954122,0.0,0.0,0.33180407,1
148,229,1.0172108,0.0,0.0,0.3390703,1
148,235,0.0,0.0,0.83118576,0.27706194,1
148,236,0.0,0.9865215,1.2230146,0.73651206,2
148,237,1.0010499,0.0,1.2300147,0.7436882,2
148,238,0.0,0.0,0.56598246,0.18866083,1
148,242,0.0,0.0,1.3261001,0.44203338,1
148,244,1.0416613,0.0,0.0,0.34722042,1
148,246,0.0,0.9383881,0.0,0.31279606,1
148,248,0.9705826,0.97380364,0.0,0.64812875,2
148,251,0.0,0.0,1.0430255,0.34767517,1
148,267,0.0,0.9503706,0.8199866,0.5901191,2
148,268,0.0,0.0,0.7072052,0.23573506,1
148,273,0.962781,0.0,0.0,0.32092702,1
148,280,0.0,0.0,0.7693433,0.2564478,1
148,288,0.0,0.0,0.74825287,0.24941763,1
148,299,0.0,0.0,0.71184057,0.23728019,1
148,300,1.0075167,0.0,0.0,0.3358389,1
148,302,0.0,0.0,1.6739175,0.55797255,1
148,303,0.0,0.0,0.7393435,0.24644785,1
148,307,1.0040733,0.0,0.0,0.3346911,1
148,315,0.0,0.99618816,0.0,0.33206272,1
148,325,0.0,0.0,0.8954611,0.29848704,1
148,326,0.0,0.0,0.8660199,0.2886733,1
148,335,0.0,0.0,1.3856392,0.46187973,1
148,339,0.0,0.9626993,1.1549988,0.70589936,2
148,344,0.0,0.0,0.87370694,0.29123566,1
148,351,0.0,1.0035415,0.0,0.33451384,1
148,354,0.0,0.95112926,0.0,0.3170431,1
148,374,0.0,0.93731666,0.0,0.3124389,1
148,382,0.0,0.0,0.7787865,0.2595955,1
148,383,0.0,1.0074408,1.5482483,0.8518964,2
148,384,0.0,0.0,0.52725416,0.17575139,1
148,385,0.96485955,0.0,0.0,0.32161987,1
148,401,1.0112449,0.0,0.0,0.33708164,1
148,404,0.0,0.0,1.1857989,0.3952663,1
148,409,0.0,0.9737324,0.0,0.32457748,1
148,415,0.0,1.0635514,0.86336523,0.6423056,2
148,416,0.9994127,0.0,0.0,0.33313757,1
148,417,0.0,0.94478226,0.0,0.31492743,1
148,429,1.0019102,0.0,0.0,0.33397007,1
148,436,0.0,0.95210916,0.0,0.31736973,1
148,437,0.0,0.97464967,0.0,0.32488322,1
148,438,0.0,0.0,0.7344572,0.24481907,1
148,444,0.0,1.0439075,0.0,0.34796917,1
148,446,0.99039185,0.0,0.8181592,0.6028504,2
148,448,0.98563135,0.0,0.0,0.32854378,1
148,455,0.97159505,0.0,0.0,0.32386503,1
148,464,0.0,1.1702924,0.0,0.39009747,1
148,465,0.0,0.0,0.92062986,0.30687663,1
148,469,0.0,0.0,0.62457037,0.20819013,1
148,471,0.0,1.035592,0.0,0.34519732,1
148,474,0.0,0.0,1.4443221,0.48144072,1
148,477,0.0,0.95847535,0.0,0.3194918,1
148,490,0.0,1.1092455,1.165869,0.75837153,2
148,491,0.0,0.0,1.4663888,0.4887963,1
148,493,0.9813052,0.0,0.0,0.32710174,1
148,496,0.0,1.0045314,0.0,0.3348438,1
148,497,1.0311753,0.0,0.0,0.3437251,1
148,499,0.0,0.0,0.9228287,0.30760956,1
148,502,1.0400592,0.0,0.0,0.34668642,1
148,503,0.0,1.1769673,0.0,0.39232242,1
148,506,0.0,0.9444615,0.0,0.31482053,1
149,151,0.95903534,0.0,0.0,0.31967846,1
149,156,0.0,0.0,0.79682064,0.26560688,1
149,159,0.9831775,0.0,0.0,0.32772583,1
149,178,0.0,0.97757095,0.0,0.32585698,1
149,179,0.9656481,0.9819067,0.0,0.64918494,2
149,181,0.0,0.0,0.7839305,0.26131016,1
149,182,0.96273607,1.0453043,0.9546708,0.9875704,3
149,184,0.0,0.9856819,0.0,0.32856065,1
149,185,1.0296792,0.0,1.8749012,0.96819353,2
149,190,0.0,0.94413024,0.83472663,0.5929523,2
149,191,0.0,0.0,0.9466963,0.31556544,1
149,197,0.98254913,0.0,0.0,0.32751638,1
149,199,0.0,0.0,0.80821395,0.26940465,1
149,204,0.0,0.93083483,0.0,0.3102783,1
149,214,0.0,0.0,1.081703,0.36056766,1
149,216,0.0,1.0119666,0.0,0.3373222,1
149,250,0.0,0.0,0.7495519,0.24985063,1
149,255,0.0,0.0,0.95672154,0.3189072,1
149,262,1.0222386,0.0,0.0,0.34074622,1
149,266,0.0,0.9493641,0.0,0.3164547,1
149,274,0.0,0.0,1.8247781,0.6082594,1
149,281,0.0,0.9540144,0.0,0.31800482,1
149,295,0.0,0.95934623,0.0,0.31978208,1
149,298,1.0040352,1.0870658,0.0,0.6970337,2
149,299,1.0538383,0.0,0.0,0.35127944,1
149,300,0.0,0.0,1.001269,0.33375633,1
149,311,0.0,0.0,1.2015787,0.40052626,1
149,325,0.0,0.99185735,0.0,0.33061913,1
149,347,0.0,0.0,0.76910436,0.25636813,1
149,358,0.96628255,0.0,0.0,0.3220942,1
149,362,0.0,0.0,0.76851755,0.25617254,1
149,366,0.0,0.9610882,1.4573513,0.8061465,2
149,368,0.0,0.0,0.7455818,0.24852727,1
149,372,1.0317999,0.0,0.0,0.3439333,1
149,378,0.0,0.0,1.3504152,0.45013842,1
149,386,0.0,1.0044374,0.0,0.3348125,1
149,392,0.0,1.0516367,0.0,0.3505456,1
149,395,0.974238,0.0,0.0,0.324746,1
149,397,0.0,0.0,0.80386806,0.26795602,1
149,407,0.0,0.0,1.2113066,0.40376887,1
149,411,0.0,0.0,0.84469664,0.28156555,1
149,413,0.0,0.0,0.771948,0.257316,1
149,422,0.0,0.0,0.69989586,0.23329863,1
149,426,1.0009071,0.0,1.8761891,0.95903206,2
149,427,0.0,0.0,0.7507693,0.25025645,1
149,428,0.9811431,0.0,0.0,0.3270477,1
149,449,0.96527946,0.0,1.2864583,0.75057924,2
149,451,0.9873435,0.0,0.0,0.3291145,1
149,453,1.0612462,0.0,0.0,0.35374874,1
149,457,0.0,0.0,1.7038825,0.56796086,1
149,462,1.0130427,0.0,0.0,0.3376809,1
149,470,0.0,0.9536023,0.0,0.31786746,1
149,475,0.0,1.0183716,0.0,0.3394572,1
149,478,0.0,1.1398226,0.0,0.37994087,1
149,479,1.0453057,0.0,0.0,0.34843525,1
149,488,0.0,0.96599466,0.0,0.32199824,1
149,489,0.9772286,0.0,0.0,0.32574287,1
149,492,0.0,0.0,0.7184873,0.23949578,1
149,495,0.0,0.9387443,0.0,0.3129148,1
149,511,0.0,0.0,1.0421939,0.34739798,1
150,157,0.0,0.0,1.2733928,0.4244643,1
150,161,0.0,1.0753505,0.0,0.35845017,1
150,172,0.0,0.0,0.80011374,0.2667046,1
150,175,0.0,0.99030626,0.0,0.3301021,1
150,176,0.0,0.0,1.6176703,0.53922343,1
150,180,0.0,0.0,1.3317503,0.44391677,1
150,189,0.0,0.97697914,0.0,0.32565972,1
150,191,0.0,0.0,1.4104527,0.47015092,1
150,193,0.0,0.9753907,0.0,0.32513022,1
150,194,0.97498775,0.0,0.0,0.32499593,1
150,199,1.0366518,0.0,0.0,0.34555063,1
150,204,0.0,0.93914527,0.0,0.31304842,1
150,206,0.0,1.0629419,0.0,0.35431397,1
150,214,0.0,0.0,1.0751632,0.35838777,1
150,227,0.0,1.085737,0.0,0.36191234,1
150,240,0.96430945,0.0,0.0,0.3214365,1
150,244,0.0,0.9696978,0.0,0.3232326,1
150,250,0.0,0.0,0.9920654,0.33068848,1
150,255,0.0,0.0,1.3597274,0.45324248,1
150,257,0.0,0.99651706,0.0,0.33217236,1
150,260,0.0,0.9446224,0.0,0.31487414,1
150,264,0.9808191,0.0,0.0,0.3269397,1
150,269,0.0,1.006275,0.0,0.33542502,1
150,276,0.982516,0.0,0.0,0.32750535,1
150,281,1.0010453,0.0,0.85033894,0.61712813,2
150,283,0.0,0.0,0.69715,0.23238334,1
150,295,0.0,0.0,0.8114506,0.27048355,1
150,297,0.97983795,0.97482866,0.0,0.65155554,2
150,298,0.0,0.94126976,0.0,0.3137566,1
150,303,0.0,0.93242157,0.0,0.3108072,1
150,309,0.0,0.0,1.5328257,0.5109419,1
150,314,0.0,0.94141185,0.0,0.31380397,1
150,318,1.0119895,0.0,1.1880634,0.733351,2
150,322,0.9710461,0.0,0.0,0.32368204,1
150,327,0.0,0.9891129,0.0,0.3297043,1
150,331,1.0138097,0.0,0.0,0.33793658,1
150,332,0.0,0.0,1.1812894,0.39376315,1
150,336,0.0,0.96966755,0.0,0.32322252,1
150,348,0.9937692,0.0,0.0,0.33125642,1
150,349,0.0,0.94246554,0.0,0.3141552,1
150,361,0.97595805,0.0,0.0,0.32531935,1
150,365,0.0,0.0,0.8783117,0.29277056,1
150,375,0.0,0.0,1.1282088,0.3760696,1
150,377,1.0952288,1.012538,0.0,0.7025889,2
150,380,0.0,0.96154284,0.0,0.3205143,1
150,386,0.97945905,0.0,0.0,0.32648635,1
150,390,0.0,0.95739573,0.0,0.3191319,1
150,397,0.0,0.0,0.88066083,0.29355362,1
150,405,0.0,0.0,1.1630448,0.3876816,1
150,416,0.0,0.0,0.7807563,0.26025212,1
150,421,0.99600196,0.947213,0.0,0.64773834,2
150,423,0.9843977,0.0,0.0,0.32813257,1
150,424,0.98099124,0.0,0.0,0.3269971,1
150,427,0.0,0.9530238,0.0,0.3176746,1
150,437,0.0,0.0,0.58461225,0.19487076,1
150,444,0.0,0.0,0.79131037,0.26377013,1
150,445,0.9673192,0.95304424,0.0,0.64012116,2
150,447,0.0,0.0,0.7919138,0.26397127,1
150,473,1.0107418,0.0,0.0,0.33691394,1
150,482,0.0,0.0,0.80826634,0.2694221,1
150,489,0.98940766,0.0,0.0,0.32980257,1
150,492,0.0,0.0,1.8406585,0.61355287,1
150,495,0.96668553,0.0,0.0,0.32222852,1
150,496,0.0,0.0,0.8447668,0.28158894,1
150,499,1.0204728,0.0,0.0,0.3401576,1
150,500,0.0,1.0140345,0.0,0.3380115,1
150,505,1.0016563,0.0,0.0,0.33388543,1
150,507,0.0,0.0,1.0767382,0.35891277,1
150,509,0.0,0.0,0.71194977,0.2373166,1
151,152,0.9917731,0.0,0.0,0.33059105,1
151,167,0.0,0.0,0.92388994,0.3079633,1
151,168,0.0,0.9447477,0.0,0.3149159,1
151,175,0.0,0.9330866,0.78847414,0.5738536,2
151,177,0.0,0.9987393,0.0,0.3329131,1
151,194,0.0,0.0,0.6982295,0.23274317,1
151,197,0.98951185,0.0,0.0,0.3298373,1
151,203,0.0,0.0,0.61589986,0.20529996,1
151,204,1.0709816,0.0,0.0,0.35699388,1
151,208,0.0,0.0,0.966616,0.32220533,1
151,210,0.0,0.0,0.697793,0.23259768,1
151,215,0.0,0.0,0.83364874,0.27788293,1
151,217,1.05511,0.0,0.0,0.35170335,1
151,218,0.9740814,0.0,0.0,0.3246938,1
151,219,0.96692365,0.0,0.0,0.32230788,1
151,222,0.0,1.0829413,0.0,0.36098045,1
151,232,0.0,0.0,0.5136425,0.17121416,1
151,239,0.0,0.0,0.5890796,0.19635987,1
151,246,1.0028998,0.0,0.0,0.33429992,1
151,249,0.0,1.0869597,0.0,0.36231992,1
151,258,0.0,0.0,0.7015579,0.23385262,1
151,260,0.99016047,0.0,0.0,0.3300535,1
151,270,0.0,1.0264965,0.77669555,0.6010641,2
151,271,0.0,0.0,0.58503586,0.19501196,1
151,272,0.0,0.0,0.7652053,0.25506845,1
151,279,0.0,1.0635297,0.0,0.35450992,1
151,280,0.0,1.0808027,0.0,0.36026758,1
151,282,0.0,1.0031519,0.0,0.33438396,1
151,287,0.0,0.0,0.8092064,0.2697355,1
151,290,0.0,0.0,1.3092892,0.43642974,1
151,295,0.987509,0.0,0.0,0.3291697,1
151,297,0.0,0.0,0.54040974,0.18013659,1
151,301,1.0020119,0.0,0.0,0.33400398,1
151,305,0.0,1.1328954,0.0,0.37763178,1
151,316,0.0,0.0,0.55081195,0.18360399,1
151,324,0.0,0.9457998,0.0,0.3152666,1
151,326,0.0,1.113236,0.0,0.37107867,1
151,331,0.0,1.1073471,0.0,0.3691157,1
151,334,0.0,0.9499891,0.0,0.31666303,1
151,336,0.0,1.1127454,0.0,0.37091514,1
151,338,0.9984422,0.0,0.0,0.33281407,1
151,341,0.0,0.0,0.8630453,0.28768176,1
151,342,0.0,0.0,0.91776556,0.30592185,1
151,344,0.974908,0.0,0.0,0.32496935,1
151,346,0.0,0.0,0.6012197,0.20040658,1
151,347,1.0683744,0.0,0.0,0.35612482,1
151,348,0.0,0.0,0.8973681,0.2991227,1
151,350,0.0,0.0,0.8190299,0.27301,1
151,351,0.0,0.0,0.9781637,0.32605457,1
151,353,0.0,0.0,0.84050673,0.28016892,1
151,356,0.99272746,0.0,0.0,0.33090916,1
151,357,0.9935538,0.0,0.0,0.33118463,1
151,361,0.0,0.0,0.850763,0.2835877,1
151,363,0.0,0.0,1.051425,0.350475,1
151,371,0.0,1.0020643,0.0,0.33402145,1
151,375,0.99018276,0.0,0.0,0.33006093,1
151,377,0.0,0.0,0.623318,0.20777267,1
151,381,0.0,0.0,1.0362159,0.3454053,1
151,386,0.0,0.0,0.66106457,0.22035486,1
151,387,0.0,0.0,0.75631213,0.25210404,1
151,391,0.0,0.0,0.82104087,0.2736803,1
151,393,0.9709647,0.9722634,0.0,0.64774275,2
151,403,0.9917381,0.0,0.0,0.33057937,1
151,406,0.0,0.0,0.81503385,0.27167797,1
151,407,0.96755636,0.0,0.0,0.3225188,1
151,416,0.0,0.9595978,0.0,0.31986594,1
151,419,0.0,0.94586104,0.0,0.31528702,1
151,420,0.988839,0.0,0.0,0.329613,1
151,423,0.0,0.9840405,0.0,0.3280135,1
151,436,0.968486,0.0,0.88173515,0.6167404,2
151,439,0.0,1.017209,0.0,0.3390697,1
151,447,1.0411,1.0101216,0.0,0.68374056,2
151,448,1.0252686,0.9449992,0.7672657,0.91251117,3
151,450,0.0,1.0471753,0.0,0.34905845,1
151,454,0.0,1.01795,0.0,0.3393167,1
151,457,0.0,0.99103355,0.0,0.33034453,1
151,458,0.0,0.0,0.92324394,0.307748,1
151,472,0.0,0.97236663,0.68793064,0.55343246,2
151,486,0.0,0.0,0.54252535,0.18084179,1
151,492,0.0,0.9613668,0.0,0.3204556,1
151,501,0.0,0.0,0.44770017,0.1492334,1
151,503,0.0,0.0,1.1670381,0.3890127,1
151,504,0.0,0.0,1.0941185,0.36470616,1
151,510,0.9767563,0.0,0.0,0.32558542,1
152,162,0.97505355,0.0,0.0,0.32501787,1
152,165,0.0,1.0464745,0.0,0.34882483,1
152,172,0.96745676,0.0,0.0,0.3224856,1
152,177,0.9648934,0.0,0.78044224,0.5817785,2
152,182,0.0,0.0,1.1047673,0.3682558,1
152,186,0.0,0.0,0.93277484,0.31092495,1
152,187,0.0,0.0,1.187451,0.395817,1
152,191,0.0,1.0842365,0.0,0.36141217,1
152,204,0.0,0.0,1.2945019,0.43150064,1
152,211,0.96979016,0.0,0.0,0.3232634,1
152,216,0.0,0.0,1.2097024,0.40323412,1
152,218,0.9642769,0.0,0.0,0.32142565,1
152,232,1.019495,0.0,0.0,0.33983168,1
152,233,0.9659219,0.0,0.0,0.32197398,1
152,239,0.0,0.0,0.83376145,0.27792048,1
152,241,0.0,0.9463772,0.0,0.31545907,1
152,246,0.0,0.95218766,0.0,0.3173959,1
152,251,0.0,1.0080059,0.0,0.33600196,1
152,266,1.0099502,0.0,0.0,0.33665007,1
152,268,0.0,0.0,1.0164106,0.33880353,1
152,272,0.0,0.0,0.693536,0.23117867,1
152,276,0.0,0.97683936,0.0,0.32561314,1
152,278,0.0,0.0,1.0160708,0.33869028,1
152,283,0.95366824,0.0,0.0,0.31788942,1
152,284,1.1167376,0.0,0.0,0.37224588,1
152,287,0.0,0.0,1.2495055,0.41650185,1
152,290,0.0,0.98538345,0.0,0.32846117,1
152,293,0.972583,0.0,0.0,0.32419434,1
152,298,0.9895972,0.0,0.982184,0.6572604,2
152,303,0.0,0.0,1.4722761,0.49075872,1
152,309,0.97369534,0.0,0.0,0.3245651,1
152,310,0.0,0.98077685,0.0,0.32692564,1
152,316,0.0,0.0,0.86134845,0.28711617,1
152,317,0.0,0.0,0.96700203,0.32233402,1
152,319,0.9642053,0.0,0.0,0.32140177,1
152,323,0.97315484,0.0,0.0,0.32438496,1
152,324,0.0,0.9806376,0.0,0.3268792,1
152,329,0.0,0.94843495,0.0,0.316145,1
152,335,0.0,0.0,0.69209987,0.23069996,1
152,344,0.96187466,0.0,0.0,0.3206249,1
152,348,0.0,1.009565,0.0,0.3365217,1
152,349,1.0132601,0.93555045,0.0,0.64960355,2
152,357,0.973976,0.0,0.0,0.3246587,1
152,359,0.0,0.0,0.74034584,0.24678195,1
152,361,0.0,0.0,1.2044262,0.4014754,1
152,362,0.0,0.0,0.71692747,0.23897582,1
152,365,0.0,0.9533366,0.0,0.3177789,1
152,369,0.0,1.0137556,0.0,0.33791852,1
152,376,0.0,0.9787895,0.0,0.3262632,1
152,382,0.0,1.0606413,0.0,0.3535471,1
152,386,0.0,0.97706854,0.0,0.32568952,1
152,387,0.0,0.0,0.86872876,0.28957626,1
152,390,0.0,0.9683839,0.0,0.32279465,1
152,397,0.0,0.0,0.6794598,0.22648661,1
152,401,0.96418923,0.0,0.0,0.3213964,1
152,406,1.0004796,0.0,1.2179527,0.73947746,2
152,407,0.0,0.0,1.411398,0.47046602,1
152,408,0.0,0.9599786,0.0,0.31999287,1
152,417,0.0,0.0,0.76576155,0.25525385,1
152,422,0.9857757,0.0,0.0,0.3285919,1
152,429,0.9676429,0.0,0.0,0.32254764,1
152,441,0.998195,0.0,0.0,0.33273166,1
152,442,0.0,0.0,0.96627533,0.3220918,1
152,446,0.0,1.1218964,0.0,0.37396547,1
152,450,0.9715419,0.0,0.0,0.3238473,1
152,467,0.0,0.9481828,0.0,0.31606096,1
152,476,0.0,0.0,0.9675054,0.3225018,1
152,479,0.0,0.0,0.9690174,0.3230058,1
152,485,0.0,0.9632359,0.0,0.32107866,1
152,491,0.0,1.0022924,0.0,0.33409747,1
152,504,0.0,0.94571674,0.0,0.31523892,1
153,159,0.0,0.0,1.2486304,0.41621014,1
153,162,0.0,0.0,0.86676073,0.28892025,1
153,170,0.0,1.1698973,0.0,0.38996577,1
153,171,0.0,0.0,1.0557374,0.35191247,1
153,173,0.0,0.0,0.98882604,0.32960868,1
153,174,0.0,0.9992631,0.0,0.3330877,1
153,178,0.9642643,0.0,0.0,0.32142144,1
153,181,1.0068743,0.0,0.0,0.33562478,1
153,184,0.0,0.9544136,0.0,0.31813788,1
153,185,0.0,1.1018674,0.0,0.36728916,1
153,189,0.98330814,0.0,0.0,0.3277694,1
153,196,0.0,0.940081,0.0,0.31336033,1
153,204,0.96690524,0.0,0.0,0.32230175,1
153,206,1.0588138,0.0,0.7048298,0.5878812,2
153,207,0.0,0.0,1.0213213,0.34044045,1
153,214,0.0,1.1857268,0.0,0.39524227,1
153,216,0.0,0.0,0.84833884,0.28277963,1
153,224,0.0,0.0,1.0462731,0.3487577,1
153,231,0.0,0.9579747,0.0,0.3193249,1
153,248,0.0,0.0,1.0058175,0.33527252,1
153,259,0.9811397,0.0,0.0,0.32704657,1
153,273,0.0,0.0,0.6465125,0.21550417,1
153,281,0.0,0.9614263,0.0,0.32047546,1
153,283,0.0,1.1624231,0.0,0.3874744,1
153,292,1.0050538,0.0,0.0,0.33501792,1
153,304,0.96045136,0.0,0.0,0.32015046,1
153,305,0.0,0.0,0.9223265,0.3074422,1
153,314,0.9855612,0.0,0.0,0.32852042,1
153,319,1.0153569,0.9736059,0.0,0.6629876,2
153,321,0.96877706,0.0,0.0,0.3229257,1
153,329,1.0634083,0.0,1.0829154,0.7154412,2
153,330,0.9938841,0.0,0.0,0.33129472,1
153,339,0.0,0.0,0.8511777,0.28372592,1
153,344,0.0,0.0,1.46009,0.4866967,1
153,345,1.059268,0.0,0.0,0.35308933,1
153,351,0.9729106,0.0,0.0,0.32430354,1
153,355,0.0,0.0,1.7788454,0.5929485,1
153,359,0.0,0.0,0.9856292,0.32854307,1
153,375,0.0,0.99889886,0.0,0.3329663,1
153,382,0.0,0.97418934,0.0,0.3247298,1
153,386,0.0,0.95138264,0.0,0.31712756,1
153,392,0.9706443,0.0,0.0,0.3235481,1
153,400,0.0,1.0244786,0.0,0.34149286,1
153,427,1.0307164,0.0,0.0,0.34357214,1
153,429,0.0,0.97909546,0.0,0.32636517,1
153,438,0.0,1.1187694,0.0,0.37292314,1
153,440,0.0,1.2273095,0.0,0.40910316,1
153,443,0.0,0.946608,0.0,0.31553602,1
153,452,0.0,0.9341984,0.0,0.31139946,1
153,460,0.0,0.0,1.5629054,0.5209685,1
153,462,0.0,0.0,0.76117164,0.2537239,1
153,473,0.0,1.0161977,0.0,0.33873257,1
153,479,0.0,0.99087363,0.0,0.3302912,1
153,482,0.9781392,0.0,0.0,0.3260464,1
153,492,1.011114,0.0,0.0,0.337038,1
153,502,0.0,0.0,1.0871776,0.36239254,1
153,503,1.0040501,0.0,0.0,0.3346834,1
153,511,0.0,0.9590247,0.0,0.3196749,1
154,159,0.0,0.98404926,0.0,0.32801643,1
154,163,0.0,1.0477781,0.0,0.34925938,1
154,174,0.0,0.94689196,0.0,0.31563067,1
154,179,0.0,0.0,0.60921764,0.20307255,1
154,180,0.0,1.0175562,0.0,0.33918542,1
154,186,0.0,1.1063906,0.0,0.36879689,1
154,198,0.0,0.0,0.6456046,0.21520154,1
154,217,0.0,0.0,0.7879639,0.26265466,1
154,218,0.0,0.0,0.71465784,0.23821929,1
154,223,0.0,0.0,1.5628617,0.5209539,1
154,239,1.0172142,0.0,0.0,0.3390714,1
154,241,0.96571225,0.0,0.0,0.3219041,1
154,243,0.98224586,0.0,0.0,0.3274153,1
154,245,0.98737735,0.0,0.0,0.3291258,1
154,250,1.0683246,0.0,0.0,0.3561082,1
154,259,0.0,0.0,0.7753546,0.25845155,1
154,260,0.0,0.0,1.5838493,0.5279498,1
154,261,0.0,0.0,1.4826567,0.49421892,1
154,263,0.9734687,0.0,0.0,0.3244896,1
154,266,0.0,0.0,1.0656346,0.35521156,1
154,274,0.9744223,0.0,0.0,0.32480744,1
154,284,1.0119958,0.0,0.0,0.33733195,1
154,307,0.0,0.9355244,0.0,0.3118415,1
154,308,0.0,0.9655869,0.0,0.3218623,1
154,309,0.0,0.9825202,0.0,0.32750675,1
154,314,1.0579298,0.0,0.5633362,0.54042196,2
154,316,0.0,0.9668578,0.0,0.32228595,1
154,321,0.0,0.0,0.56514883,0.18838295,1
154,323,0.0,1.0099441,0.0,0.33664805,1
154,328,0.9991809,0.0,0.0,0.33306032,1
154,331,0.9671527,0.0,0.0,0.32238424,1
154,333,0.0,0.0,0.9784177,0.32613924,1
154,339,0.0,1.0544271,0.0,0.35147572,1
154,340,0.9737893,0.0,0.0,0.32459643,1
154,342,0.98865044,0.0,0.0,0.32955015,1
154,345,0.9945194,0.971078,0.0,0.65519917,2
154,348,0.96851015,0.0,0.0,0.32283673,1
154,358,0.0,0.9418554,1.4984951,0.81345016,2
154,359,0.0,0.9846865,0.0,0.32822883,1
154,365,0.0,0.9315249,0.0,0.3105083,1
154,372,0.0,1.0057151,0.0,0.3352384,1
154,376,0.9696546,0.0,0.0,0.32321823,1
154,378,0.0,1.0088859,0.0,0.3362953,1
154,380,0.0,0.9637204,0.0,0.32124013,1
154,395,0.0,1.012031,0.0,0.33734366,1
154,396,0.0,0.9494235,0.0,0.3164745,1
154,398,0.0,0.98631537,0.0,0.3287718,1
154,399,0.0,1.0400629,0.0,0.34668764,1
154,408,0.0,0.0,1.6063714,0.53545713,1
154,415,0.0,0.0,0.834924,0.278308,1
154,416,0.0,0.0,1.2984399,0.4328133,1
154,419,0.0,0.0,0.753056,0.25101867,1
154,426,0.0,1.197129,0.0,0.39904302,1
154,431,0.98046136,0.0,0.0,0.32682046,1
154,432,0.9829179,0.0,0.0,0.3276393,1
154,434,0.9715811,0.0,0.0,0.32386038,1
154,439,1.0428663,0.0,0.0,0.34762213,1
154,446,0.0,0.0,0.6923398,0.23077993,1
154,447,1.0299026,0.0,0.0,0.34330088,1
154,449,0.9690557,0.0,0.0,0.32301858,1
154,459,0.0,1.0524583,0.0,0.35081944,1
154,461,0.0,0.0,1.0019225,0.33397418,1
154,463,0.0,0.9529015,0.0,0.31763384,1
154,464,0.0,0.0,0.7929255,0.2643085,1
154,468,0.9915117,1.0412396,0.0,0.6775838,2
154,471,0.0,0.0,0.9562086,0.3187362,1
154,477,0.0,0.0,0.62790716,0.2093024,1
154,487,0.9700833,0.0,0.0,0.3233611,1
154,491,0.0,0.9782391,0.0,0.32607973,1
154,497,0.0,0.98616016,1.0322024,0.67278755,2
154,499,0.95321685,0.0,0.0,0.31773895,1
154,506,0.97422194,0.0,0.0,0.32474065,1
154,510,0.0,0.0,0.75019884,0.25006628,1
155,174,0.97294194,0.0,1.5323833,0.83510846,2
155,175,0.0,0.0,1.1358567,0.37861893,1
155,178,0.0,0.97413415,0.0,0.32471138,1
155,188,0.0,0.0,1.1287857,0.37626192,1
155,190,0.0,1.0920936,0.0,0.3640312,1
155,196,0.0,0.0,0.8658031,0.28860104,1
155,198,0.99126554,0.0,0.0,0.33042186,1
155,199,0.0,0.0,1.6147398,0.53824663,1
155,201,0.0,0.9576234,1.7680849,0.90856946,2
155,210,0.97912693,0.0,0.0,0.32637566,1
155,211,1.0553663,0.0,0.0,0.35178876,1
155,222,0.99159247,0.0,0.0,0.33053082,1
155,225,0.0,0.0,1.3964058,0.46546862,1
155,229,0.0,0.0,1.2273569,0.40911898,1
155,234,0.0,0.0,1.3567777,0.45225924,1
155,245,0.0,0.0,0.83325356,0.2777512,1
155,248,0.0,0.95387584,0.0,0.31795862,1
155,262,0.0,0.0,2.0866413,0.6955471,1
155,263,0.0,0.0,1.2554429,0.41848096,1
155,264,0.9635894,0.0,0.0,0.32119647,1
155,269,0.0,0.95233536,0.0,0.31744513,1
155,275,0.0,0.0,0.70199144,0.23399715,1
155,278,0.0,0.9592395,0.0,0.3197465,1
155,295,0.9724155,0.0,0.0,0.32413852,1
155,300,1.0250095,0.0,0.0,0.34166986,1
155,301,0.0,0.0,1.088454,0.362818,1
155,303,0.981058,0.0,0.0,0.32701933,1
155,305,1.012464,0.0,0.0,0.33748803,1
155,310,0.0,0.0,1.1397656,0.37992188,1
155,313,1.0510055,0.0,0.0,0.35033518,1
155,321,0.0,0.94217235,0.0,0.31405747,1
155,324,0.0,1.0084705,0.0,0.33615685,1
155,329,0.0,1.0875033,0.0,0.3625011,1
155,331,0.0,0.97554034,0.0,0.3251801,1
155,332,1.0013573,0.0,0.0,0.33378577,1
155,334,0.0,0.0,0.9152815,0.30509382,1
155,335,0.98233676,0.0,0.0,0.3274456,1
155,347,0.0,0.0,0.8135879,0.27119598,1
155,352,0.0,0.9926956,0.0,0.33089855,1
155,353,0.0,0.0,0.7687998,0.2562666,1
155,360,0.0,0.0,0.9937547,0.33125156,1
155,362,0.0,1.0851521,0.0,0.3617174,1
155,363,0.98841065,0.0,0.0,0.32947022,1
155,364,0.0,1.1178911,0.0,0.37263036,1
155,379,0.0,0.0,0.8316589,0.27721965,1
155,380,0.0,1.0324899,0.0,0.3441633,1
155,390,0.0,0.98085296,0.8258031,0.60221875,2
155,392,0.0,0.0,0.7819647,0.26065493,1
155,397,0.0,0.9464226,0.0,0.3154742,1
155,401,0.0,0.0,0.6562495,0.21874985,1
155,402,0.0,1.4729269,0.0,0.49097562,1
155,404,1.0727243,0.9600039,0.0,0.67757607,2
155,407,0.0,1.0733845,0.0,0.35779485,1
155,412,1.0250291,0.0,0.0,0.34167635,1
155,415,0.0,0.98229736,0.0,0.32743245,1
155,416,1.0091517,0.0,0.0,0.3363839,1
155,418,0.0,1.0382065,1.1401542,0.72612023,2
155,423,0.0,0.0,0.97049874,0.3234996,1
155,428,0.0,0.0,0.5252846,0.17509487,1
155,432,1.0221765,0.0,0.0,0.3407255,1
155,456,0.0,0.98803717,1.120143,0.7027267,2
155,458,1.1004242,0.0,0.0,0.36680806,1
155,459,0.9814398,0.0,0.0,0.32714662,1
155,463,0.0,0.0,1.0014516,0.3338172,1
155,468,0.0,0.96145874,0.0,0.32048625,1
155,473,0.96241546,0.0,0.0,0.32080516,1
155,475,0.0,0.9457729,0.0,0.31525764,1
155,484,0.0,0.9426211,0.0,0.31420705,1
155,485,1.0625905,0.0,0.0,0.35419685,1
155,486,0.96939754,0.0,0.0,0.32313251,1
155,495,0.0,1.0515789,0.7534175,0.6016655,2
155,496,0.0,0.9474065,0.0,0.31580216,1
155,498,0.9548599,0.0,0.0,0.31828666,1
156,158,0.0,1.0137867,0.0,0.3379289,1
156,161,0.0,0.0,0.77480805,0.25826937,1
156,166,0.9782347,0.0,0.0,0.32607824,1
156,167,1.110248,0.0,0.0,0.37008268,1
156,180,0.0,0.9827701,0.0,0.32759005,1
156,181,0.0,0.0,1.3630961,0.45436537,1
156,193,1.0117774,0.0,0.0,0.33725914,1
156,196,0.0,0.0,1.536343,0.51211435,1
156,199,0.0,0.0,0.83655834,0.2788528,1
156,208,0.9840421,0.0,0.0,0.32801405,1
156,228,0.0,0.0,0.7968789,0.2656263,1
156,234,1.0723811,0.0,0.0,0.35746038,1
156,235,1.097137,0.0,0.0,0.36571234,1
156,240,0.0,0.0,1.3671255,0.4557085,1
156,248,0.9805235,0.0,0.0,0.32684118,1
156,259,0.0,1.0298352,1.0546453,0.69482684,2
156,269,0.0,0.0,0.70671964,0.23557322,1
156,273,0.0,0.9393381,0.0,0.3131127,1
156,274,0.0,0.0,0.81602055,0.27200687,1
156,276,1.0525318,0.0,0.0,0.35084397,1
156,277,0.0,0.9592295,0.0,0.3197432,1
156,293,0.9700782,0.0,0.0,0.3233594,1
156,297,0.9881798,0.0,0.0,0.32939327,1
156,298,0.9863759,0.0,0.0,0.32879198,1
156,309,1.0369833,0.0,0.0,0.3456611,1
156,311,0.0,0.0,0.97908723,0.32636243,1
156,312,0.0,0.0,1.0400561,0.34668538,1
156,315,0.0,0.9541914,0.0,0.3180638,1
156,322,0.0,0.9942845,0.0,0.33142817,1
156,326,0.97052985,0.94964844,0.0,0.6400595,2
156,331,0.9937539,0.9455242,1.4190813,1.1194532,3
156,332,0.0,1.0578463,0.0,0.35261545,1
156,338,0.0,0.9802017,0.0,0.32673392,1
156,344,0.97093326,0.0,0.0,0.32364443,1
156,350,1.0493089,0.0,0.0,0.34976965,1
156,354,0.0,0.0,1.0478168,0.34927225,1
156,366,0.0,0.0,1.6896168,0.5632056,1
156,369,0.0,0.0,1.0341552,0.34471843,1
156,371,0.0,0.9383559,0.0,0.31278533,1
156,374,0.0,0.98824805,0.0,0.32941604,1
156,382,0.0,0.95763683,0.0,0.3192123,1
156,392,0.0,0.9423878,1.4802959,0.8075613,2
156,397,0.9878439,0.0,0.0,0.3292813,1
156,399,0.0,0.93599945,0.89054406,0.60884786,2
156,401,0.0,0.0,0.6281211,0.2093737,1
156,407,0.0,0.0,0.6676484,0.22254947,1
156,411,0.0,0.0,0.8369778,0.2789926,1
156,422,0.0,0.0,0.65591025,0.21863675,1
156,427,0.0,0.0,1.023379,0.34112632,1
156,431,0.0,0.0,0.8664086,0.28880286,1
156,438,0.0,0.9894862,0.0,0.32982874,1
156,442,1.0279728,0.9493331,0.0,0.65910196,2
156,444,1.019753,0.0,0.0,0.33991766,1
156,447,1.0664321,0.0,0.0,0.3554774,1
156,449,0.0,0.0,1.2883015,0.42943382,1
156,452,0.0,0.0,0.83532405,0.27844137,1
156,469,0.97386426,0.0,0.0,0.32462144,1
156,481,0.9956731,0.0,0.0,0.33189106,1
156,482,0.0,0.0,0.9365859,0.3121953,1
156,487,0.0,1.0182301,0.0,0.33941004,1
156,495,0.0,0.99343425,0.0,0.33114475,1
156,497,0.0,0.0,0.7562335,0.25207785,1
156,500,0.0,0.0,0.83248854,0.2774962,1
156,511,0.97796726,0.0,0.0,0.3259891,1
157,161,0.0,0.0,0.7327815,0.24426052,1
157,162,0.0,1.0835242,0.0,0.36117476,1
157,172,0.9592304,0.0,1.5218906,0.82704043,2
157,176,0.0,0.0,1.4809064,0.49363548,1
157,180,0.0,0.0,1.1695642,0.38985476,1
157,189,0.9987446,0.0,0.0,0.3329149,1
157,196,0.97533786,0.0,0.0,0.32511264,1
157,198,0.97330225,0.0,0.0,0.3244341,1
157,203,0.0,0.95785433,0.0,0.3192848,1
157,204,0.0,1.1447608,0.0,0.38158697,1
157,206,0.0,0.9819624,0.0,0.3273208,1
157,212,0.0,0.0,1.6067113,0.53557044,1
157,213,0.0,0.94035107,0.0,0.31345037,1
157,217,0.9731274,0.0,0.0,0.3243758,1
157,219,0.0,0.94948024,0.0,0.31649342,1
157,220,0.9611354,0.0,0.0,0.32037848,1
157,241,0.0,1.051604,0.0,0.35053468,1
157,242,0.9654339,0.0,0.0,0.32181132,1
157,244,0.97214293,0.0,0.0,0.32404765,1
157,255,0.0,0.0,0.75995576,0.2533186,1
157,258,1.0611354,0.984951,0.0,0.68202883,2
157,259,0.0,0.0,0.665494,0.22183135,1
157,270,0.0,0.0,0.73231554,0.24410519,1
157,275,0.0,1.0226644,0.0,0.34088814,1
157,280,1.0663981,1.0557226,0.0,0.7073736,2
157,281,0.0,0.0,1.3656111,0.4552037,1
157,283,0.9751972,0.9674514,1.3824584,1.108369,3
157,286,0.0,1.0297071,0.0,0.3432357,1
157,287,0.0,0.99441534,0.0,0.3314718,1
157,290,0.0,1.0266234,0.0,0.3422078,1
157,294,0.0,0.0,0.8972565,0.2990855,1
157,303,1.0346398,0.0,0.0,0.34487996,1
157,309,0.0,0.9838,1.5337889,0.8391963,2
157,317,0.97745264,0.0,0.0,0.32581756,1
157,332,0.0,0.0,0.875319,0.29177302,1
157,338,0.0,0.0,0.7623784,0.25412613,1
157,339,0.0,0.9788181,0.0,0.32627273,1
157,343,1.0053252,0.0,0.0,0.3351084,1
157,358,0.0,0.9479472,0.0,0.3159824,1
157,359,0.0,1.0136789,0.0,0.33789298,1
157,365,0.0,0.0,1.5285137,0.50950456,1
157,374,0.9847431,0.0,0.0,0.32824773,1
157,375,0.9612779,0.95478874,0.0,0.6386889,2
157,380,1.0104468,0.0,0.0,0.3368156,1
157,384,1.0939176,1.0151881,0.0,0.70303524,2
157,385,0.0,0.0,1.0882027,0.36273426,1
157,402,1.0171703,0.0,0.0,0.3390568,1
157,405,0.0,0.95817935,0.8612322,0.6064706,2
157,411,0.0,0.9506896,0.0,0.31689656,1
157,412,0.0,1.0571927,0.0,0.35239756,1
157,416,0.0,0.0,0.6962312,0.23207706,1
157,425,1.0713831,0.0,0.0,0.35712773,1
157,429,0.97042435,0.0,0.87203336,0.61415255,2
157,437,0.0,0.0,0.5583611,0.18612038,1
157,447,0.0,0.0,0.782899,0.26096636,1
157,451,0.9605093,0.0,0.0,0.32016978,1
157,465,0.99521744,0.0,0.0,0.33173916,1
157,467,0.97684157,0.0,0.0,0.32561386,1
157,476,0.97138196,0.0,0.0,0.323794,1
157,478,0.9751945,0.0,0.0,0.32506484,1
157,482,0.0,0.0,0.866898,0.288966,1
157,485,0.97396237,0.0,0.0,0.32465413,1
157,492,0.0,0.0,0.84818083,0.28272694,1
157,498,1.013309,0.0,0.0,0.3377697,1
157,504,0.0,0.9981486,0.0,0.33271623,1
157,507,0.0,0.0,1.5619552,0.52065176,1
157,508,0.0,1.023607,0.0,0.34120235,1
157,509,0.0,0.0,1.0989586,0.36631954,1
158,159,1.0139837,0.0,0.0,0.33799458,1
158,164,0.0,1.0703027,0.0,0.3567676,1
158,171,0.9644302,0.0,0.0,0.32147676,1
158,179,0.0,0.0,1.2227098,0.40756994,1
158,200,0.0,1.1054931,0.0,0.3684977,1
158,209,0.97983515,0.0,0.0,0.32661173,1
158,218,0.0,0.0,1.6909714,0.56365716,1
158,221,0.0,0.9335184,0.0,0.3111728,1
158,223,0.0,0.0,0.70154977,0.23384993,1
158,228,0.0,0.95093346,0.0,0.31697783,1
158,231,0.99503595,0.0,0.0,0.33167866,1
158,235,0.0,0.0,1.3956738,0.4652246,1
158,240,0.9550453,0.0,0.0,0.31834844,1
158,242,0.0,0.9564315,0.0,0.31881052,1
158,250,0.9729933,0.0,0.0,0.3243311,1
158,252,0.0,0.0,0.8682841,0.28942806,1
158,259,0.0,0.9640962,0.0,0.32136542,1
158,266,1.0164688,0.0,0.0,0.33882293,1
158,268,0.9854461,1.0119328,0.0,0.665793,2
158,299,0.0,0.0,0.826244,0.27541468,1
158,308,0.9853197,0.0,0.0,0.3284399,1
158,314,0.9718396,0.0,0.89943874,0.62375945,2
158,316,0.97974414,0.0,0.0,0.3265814,1
158,319,1.0219617,0.0,0.0,0.3406539,1
158,321,0.0,0.0,1.2647012,0.42156708,1
158,323,0.0,0.0,0.6117713,0.20392376,1
158,326,1.0069847,0.0,0.9308507,0.6459452,2
158,329,0.9842408,0.0,0.0,0.32808027,1
158,335,0.99643064,0.0,0.0,0.33214355,1
158,340,0.0,0.0,1.8984402,0.63281345,1
158,343,0.0,0.0,0.98670524,0.32890177,1
158,348,0.0,0.9378987,0.0,0.31263292,1
158,370,0.0,0.0,1.0001262,0.33337542,1
158,381,0.0,0.929269,0.0,0.30975634,1
158,384,0.0,0.9902146,0.0,0.33007154,1
158,388,0.0,0.0,0.7754195,0.25847316,1
158,389,0.0,0.92501247,0.0,0.3083375,1
158,395,0.0,1.0113302,0.0,0.3371101,1
158,407,1.0080975,0.0,0.0,0.3360325,1
158,408,0.97828263,0.0,0.0,0.3260942,1
158,413,0.0,1.09202,0.0,0.3640067,1
158,415,0.0,1.056011,0.0,0.35200366,1
158,416,0.0,0.9493145,0.86281246,0.6040423,2
158,443,0.0,0.97382104,0.0,0.324607,1
158,455,0.0,1.1558003,0.0,0.38526678,1
158,458,0.0,1.0087243,0.0,0.33624145,1
158,460,0.0,1.0569304,0.0,0.35231015,1
158,461,0.0,0.0,1.1218951,0.37396502,1
158,462,1.0295193,0.0,0.0,0.34317312,1
158,464,0.96208996,0.0,0.0,0.32069665,1
158,466,0.0,0.0,0.82717586,0.2757253,1
158,468,0.9771877,0.0,0.0,0.32572925,1
158,477,0.0,0.98832285,0.0,0.32944095,1
158,488,0.0,0.97047,0.0,0.32349002,1
158,490,1.0082345,0.0,0.0,0.33607817,1
158,494,0.0,0.0,1.6303303,0.54344344,1
158,497,0.0,0.0,1.0158063,0.33860213,1
158,506,0.0,0.0,0.9283714,0.30945715,1
158,508,0.0,0.0,0.7252458,0.2417486,1
158,510,0.0,0.0,1.8719933,0.6239978,1
159,163,0.0,0.96071863,0.0,0.32023954,1
159,165,0.0,0.9863086,0.0,0.32876953,1
159,166,0.0,1.0162843,0.0,0.33876145,1
159,168,0.9784866,0.0,0.0,0.32616222,1
159,169,0.0,0.93732065,0.0,0.31244022,1
159,170,1.0597143,1.0029358,0.0,0.68755007,2
159,171,0.0,0.0,1.7021407,0.56738025,1
159,172,0.97914016,0.0,0.0,0.32638007,1
159,173,0.0,0.97205716,1.6335838,0.868547,2
159,186,0.0,0.0,0.8611354,0.28704515,1
159,189,0.97317594,0.0,0.0,0.324392,1
159,194,0.0,0.9587421,0.0,0.3195807,1
159,196,1.0361831,1.0297726,0.0,0.6886519,2
159,200,0.98056847,0.0,0.0,0.32685617,1
159,207,0.0,0.0,0.6654662,0.22182207,1
159,211,0.0,0.0,0.91200274,0.3040009,1
159,214,0.0,0.0,0.8569604,0.28565347,1
159,216,0.0,0.0,1.1593285,0.38644284,1
159,236,0.0,0.99556386,0.0,0.33185464,1
159,238,0.997672,0.0,0.0,0.33255735,1
159,255,1.0008947,0.0,0.0,0.33363158,1
159,258,0.9808114,0.0,0.0,0.32693714,1
159,268,0.0,0.0,1.2804445,0.42681485,1
159,271,0.9852453,0.0,1.1983132,0.7278528,2
159,272,0.0,0.0,1.1237347,0.37457824,1
159,280,0.0,1.0586585,0.0,0.35288617,1
159,298,1.0237868,0.0,0.0,0.34126228,1
159,303,0.0,0.0,1.1269548,0.3756516,1
159,329,0.0,0.0,1.0482069,0.3494023,1
159,332,0.0,0.95573634,0.0,0.31857878,1
159,339,0.0,0.0,1.1053089,0.3684363,1
159,343,0.95221376,0.0,0.0,0.3174046,1
159,344,0.0,0.0,1.0245165,0.3415055,1
159,355,0.0,0.0,0.8989883,0.29966277,1
159,358,0.0,0.94195795,0.0,0.313986,1
159,359,0.0,0.0,1.0952038,0.36506793,1
159,361,0.0,0.0,1.0790187,0.3596729,1
159,362,0.97164947,0.0,0.0,0.32388318,1
159,370,0.96663636,0.0,0.0,0.32221213,1
159,385,0.0,0.9836386,0.0,0.32787955,1
159,390,0.0,0.9726732,0.0,0.3242244,1
159,399,0.95985985,0.0,0.0,0.3199533,1
159,400,0.0,1.0254995,0.0,0.34183317,1
159,410,0.0,0.9600127,0.0,0.32000422,1
159,419,0.9906428,0.0,0.0,0.33021426,1
159,421,1.0524029,0.0,0.0,0.35080096,1
159,425,0.0,1.0332577,0.0,0.34441924,1
159,430,0.0,0.9571698,0.0,0.3190566,1
159,434,0.0,0.97281176,0.0,0.3242706,1
159,445,0.0,0.95648545,0.0,0.3188285,1
159,450,0.9902772,0.0,0.0,0.3300924,1
159,454,0.0,1.107763,0.0,0.36925435,1
159,489,1.0049456,0.0,0.0,0.3349819,1
159,491,0.0,1.0121294,0.0,0.33737648,1
159,502,0.0,0.0,0.61033696,0.20344566,1
159,505,0.0,0.9738115,0.0,0.32460386,1
160,166,0.0,0.9417191,0.0,0.31390637,1
160,167,0.0,0.0,0.8142803,0.27142677,1
160,176,0.0,0.9572777,0.0,0.31909257,1
160,180,1.035031,0.0,0.0,0.34501034,1
160,181,0.96949214,0.0,0.0,0.32316405,1
160,184,1.0107725,0.0,0.0,0.33692417,1
160,201,0.0,0.94860744,0.0,0.3162025,1
160,203,0.0,1.0387956,0.0,0.3462652,1
160,205,0.0,0.9430927,0.0,0.31436425,1
160,210,0.0,0.0,1.389553,0.46318433,1
160,212,1.0089834,0.0,0.0,0.3363278,1
160,213,0.97937095,0.0,0.0,0.326457,1
160,215,0.0,0.0,0.7039846,0.23466155,1
160,219,0.0,0.9446128,0.0,0.31487095,1
160,221,0.0,1.0004046,0.0,0.3334682,1
160,223,0.0,0.9702146,0.0,0.32340488,1
160,234,1.0625004,0.0,0.0,0.3541668,1
160,253,0.0,0.9582963,0.0,0.3194321,1
160,256,0.9902737,0.0,1.0776354,0.68930304,2
160,259,0.0,1.0051672,0.0,0.33505577,1
160,270,0.0,0.0,1.3834348,0.46114492,1
160,274,0.97867644,0.0,0.0,0.3262255,1
160,275,0.0,0.0,0.6867447,0.2289149,1
160,277,0.0,0.0,0.8745448,0.29151493,1
160,286,1.0039808,0.0,0.0,0.33466026,1
160,289,0.0,0.0,1.3345976,0.44486588,1
160,290,0.0,0.0,0.9158768,0.30529228,1
160,292,0.0,0.96988845,0.0,0.32329616,1
160,311,1.124784,0.0,0.0,0.374928,1
160,315,0.0,0.0,0.7758474,0.2586158,1
160,318,1.0358404,0.0,0.0,0.34528014,1
160,319,0.0,0.0,0.9245759,0.30819198,1
160,330,1.0175427,0.0,0.0,0.33918092,1
160,335,0.0,0.96918887,0.0,0.32306296,1
160,344,0.9628122,0.0,0.0,0.3209374,1
160,346,0.0,0.0,1.1484432,0.3828144,1
160,348,0.0,0.0,0.8681585,0.28938618,1
160,350,0.0,1.0066613,0.0,0.33555377,1
160,352,0.9822835,0.0,0.0,0.32742783,1
160,353,0.0,0.0,1.3142837,0.4380946,1
160,379,0.0,0.0,1.1324307,0.3774769,1
160,386,0.0,0.0,1.1917803,0.39726013,1
160,389,0.0,0.9370204,0.0,0.31234014,1
160,409,0.96524626,0.0,0.7846485,0.58329827,2
160,415,0.9743454,0.0,0.0,0.3247818,1
160,416,0.0,0.97420436,0.0,0.3247348,1
160,430,0.0,0.0,1.0113975,0.3371325,1
160,433,0.0,0.0,0.8841576,0.29471922,1
160,442,0.0,0.97114205,0.0,0.32371402,1
160,448,1.0238314,0.0,0.0,0.34127712,1
160,459,0.0,0.0,1.041301,0.34710035,1
160,473,0.9564849,0.0,0.0,0.3188283,1
160,474,0.0,0.96068186,0.0,0.3202273,1
160,477,0.9658208,0.0,0.0,0.32194027,1
160,480,0.0,0.945819,0.0,0.31527302,1
160,485,0.0,0.0,0.7504408,0.25014693,1
160,486,0.0,0.0,1.1466156,0.38220522,1
160,487,0.0,0.967514,1.0341555,0.6672232,2
160,492,0.0,0.9494739,0.0,0.3164913,1
160,494,0.98831296,0.0,0.0,0.32943767,1
160,499,1.0216508,0.0,0.0,0.34055027,1
160,504,0.0,1.140507,0.0,0.380169,1
160,506,0.9848425,0.0,0.0,0.32828084,1
161,162,0.9859665,0.0,0.0,0.3286555,1
161,163,0.0,1.0303787,0.0,0.34345958,1
161,172,0.0,0.0,1.527952,0.50931734,1
161,175,0.0,1.0928342,0.0,0.36427808,1
161,176,0.0,0.9607229,0.0,0.32024097,1
161,180,0.99647963,0.0,0.0,0.33215988,1
161,196,1.041616,0.0,0.0,0.34720534,1
161,199,0.97903335,0.0,0.0,0.32634446,1
161,212,0.0,0.0,0.846259,0.28208634,1
161,214,0.98482186,0.0,0.0,0.32827395,1
161,222,0.9945574,0.0,0.0,0.33151913,1
161,225,0.0,1.1102066,0.0,0.37006888,1
161,228,0.0,1.0649639,0.0,0.35498798,1
161,232,0.0,0.9613293,0.0,0.3204431,1
161,237,0.0,0.9653998,0.0,0.32179993,1
161,240,0.0,0.0,0.78635705,0.26211902,1
161,241,0.0,0.9994594,0.0,0.33315313,1
161,247,0.0,0.9834733,0.0,0.32782444,1
161,255,0.0,0.0,1.103561,0.3678537,1
161,258,0.0,1.055574,0.0,0.35185802,1
161,265,0.0,0.9675478,0.0,0.32251593,1
161,272,0.0,0.959752,0.0,0.31991735,1
161,274,0.0,0.0,1.1104083,0.3701361,1
161,276,1.0032356,0.0,0.0,0.33441186,1
161,278,0.0,0.0,0.8839752,0.29465842,1
161,283,0.0,0.0,0.6264409,0.20881364,1
161,294,0.0,0.0,1.1892369,0.3964123,1
161,300,0.0,0.0,1.2006158,0.40020525,1
161,313,0.0,0.97968507,0.0,0.3265617,1
161,320,1.0258849,0.0,0.0,0.34196162,1
161,322,0.0,0.0,0.71001685,0.23667228,1
161,324,0.0,0.0,0.64469254,0.21489751,1
161,325,1.0320206,0.0,0.0,0.34400687,1
161,336,0.9754869,0.0,0.0,0.3251623,1
161,341,1.0361637,0.0,0.0,0.3453879,1
161,345,0.99103403,0.0,0.0,0.33034468,1
161,348,1.0167357,0.0,0.0,0.3389119,1
161,357,0.0,1.0463424,0.0,0.3487808,1
161,362,0.0,0.9429523,0.0,0.31431744,1
161,364,0.0,0.9597811,1.0910057,0.6835956,2
161,365,0.0,0.0,1.1156942,0.37189806,1
161,369,0.0,0.98582333,0.0,0.3286078,1
161,376,0.0,0.0,0.9614777,0.32049257,1
161,378,0.0,0.0,0.7710452,0.25701508,1
161,385,0.0,0.0,1.7459337,0.5819779,1
161,388,1.0013429,0.0,0.0,0.33378097,1
161,399,0.0,0.0,0.75718766,0.2523959,1
161,404,0.0,0.99342716,0.0,0.3311424,1
161,413,0.0,0.0,1.7437649,0.58125496,1
161,417,0.0,0.0,1.2433047,0.4144349,1
161,422,0.0,0.0,0.64172024,0.21390675,1
161,427,0.0,0.0,1.1956158,0.3985386,1
161,429,0.0,0.94647676,1.0320345,0.6595038,2
161,437,1.00717,0.0,0.0,0.33572334,1
161,442,1.0082453,0.0,0.0,0.3360818,1
161,447,0.0,0.0,1.94369,0.64789665,1
161,451,0.0,0.0,0.9271269,0.3090423,1
161,457,0.0,0.0,0.9715697,0.3238566,1
161,458,0.0,1.0140114,0.0,0.3380038,1
161,462,0.0,1.0247587,0.0,0.34158623,1
161,476,0.97383124,0.0,0.0,0.3246104,1
161,482,0.0,0.0,1.6770422,0.5590141,1
161,489,0.0,0.0,1.1516601,0.3838867,1
161,490,0.9800136,0.0,0.0,0.3266712,1
161,491,0.96234,0.95025724,0.0,0.6375325,2
161,492,0.0,0.0,0.72059846,0.24019949,1
161,497,0.0,0.9954252,0.0,0.33180842,1
161,500,0.0,0.0,1.1574569,0.38581896,1
161,505,0.0,0.0,0.74267054,0.24755685,1
161,507,0.0,0.0,0.6675631,0.22252104,1
161,511,0.0,0.9732115,1.4030997,0.79210377,2
162,168,0.9714489,0.0,0.0,0.3238163,1
162,169,1.0328895,0.0,0.0,0.34429651,1
162,174,0.0,0.95099413,0.0,0.31699806,1
162,177,0.0,0.0,1.0415792,0.3471931,1
162,182,0.98661435,0.0,0.0,0.32887146,1
162,183,0.0,0.0,1.3191687,0.4397229,1
162,184,1.0159737,0.0,0.0,0.33865792,1
162,199,0.95972455,0.0,0.0,0.3199082,1
162,200,0.9620984,0.0,0.0,0.32069948,1
162,202,0.0,0.9644052,0.0,0.3214684,1
162,204,0.0,0.0,0.6801029,0.22670096,1
162,206,0.0,0.0,1.4457656,0.48192188,1
162,216,0.0,0.0,0.75906664,0.25302222,1
162,219,0.0,1.1416261,0.0,0.38054204,1
162,224,0.0,0.0,0.94929576,0.31643194,1
162,227,0.9814776,0.0,0.0,0.32715923,1
162,230,0.0,0.0,1.5628226,0.5209409,1
162,241,0.0,0.986337,0.0,0.328779,1
162,243,0.0,0.0,0.82931596,0.27643865,1
162,248,1.0218297,0.94411933,1.9618387,1.3092626,3
162,249,0.97081405,0.0,0.0,0.3236047,1
162,254,0.0,0.932026,0.0,0.31067535,1
162,255,1.0248901,0.0,0.0,0.34163004,1
162,262,0.0,0.98605126,0.0,0.32868376,1
162,267,0.0,0.0,0.8942725,0.29809085,1
162,269,0.0,0.9640276,0.0,0.32134253,1
162,281,1.002491,0.0,0.0,0.33416367,1
162,290,0.0,0.96314347,0.0,0.32104784,1
162,297,0.0,1.0581795,0.0,0.35272652,1
162,305,0.98859465,0.0,0.0,0.32953155,1
162,306,0.0,0.0,0.84223163,0.2807439,1
162,311,0.0,1.035399,0.0,0.345133,1
162,312,1.0250133,0.0,0.0,0.3416711,1
162,317,0.0,0.0,1.0693859,0.35646197,1
162,327,0.0,1.0661979,0.0,0.3553993,1
162,328,0.0,0.0,0.88058275,0.2935276,1
162,329,0.0,0.0,0.77157915,0.25719306,1
162,339,0.0,0.95873606,0.0,0.3195787,1
162,345,0.9652821,0.0,0.0,0.3217607,1
162,351,0.97774786,0.0,0.0,0.32591596,1
162,355,0.0,0.0,1.1979984,0.39933282,1
162,360,0.0,0.9418508,0.0,0.31395027,1
162,364,0.0,0.95423776,0.0,0.31807926,1
162,384,0.0,0.97038835,0.0,0.32346278,1
162,392,0.0,0.9440855,0.0,0.31469518,1
162,406,1.070367,0.0,0.0,0.356789,1
162,410,1.1061105,0.0,0.0,0.36870348,1
162,420,0.0,0.9511219,0.0,0.31704065,1
162,421,0.96461064,0.0,0.0,0.3215369,1
162,436,0.98032284,0.0,0.0,0.3267743,1
162,442,0.9888838,0.9563242,0.0,0.6484027,2
162,452,0.0,0.97581565,0.0,0.3252719,1
162,454,0.0,0.0,0.9826087,0.32753623,1
162,460,0.0,0.0,1.1791767,0.3930589,1
162,465,0.9789,0.0,0.0,0.32630002,1
162,466,1.1069857,0.9965341,0.0,0.7011733,2
162,469,0.9651974,0.0,0.0,0.32173246,1
162,471,0.0,0.9721556,0.0,0.32405186,1
162,475,0.96665204,0.0,0.0,0.32221735,1
162,476,1.0193639,0.0,0.0,0.33978796,1
162,488,0.99990225,0.0,0.0,0.33330077,1
162,491,0.0,0.9466422,0.0,0.3155474,1
162,502,0.0,1.0368277,1.2170495,0.7512924,2
162,503,0.0,0.9670617,0.0,0.3223539,1
163,177,0.9982029,0.0,0.0,0.33273432,1
163,179,0.0,0.0,1.2844106,0.4281369,1
163,183,0.0,0.0,0.7286474,0.24288248,1
163,192,0.0,0.0,0.62742555,0.20914185,1
163,198,1.0091987,0.0,0.0,0.33639956,1
163,202,0.0,0.0,1.2966352,0.43221173,1
163,207,0.9746379,0.0,0.8326728,0.6024369,2
163,212,0.9811812,0.0,0.0,0.3270604,1
163,213,0.0,0.0,1.4389485,0.4796495,1
163,214,1.0453383,0.95873797,0.0,0.66802543,2
163,220,0.0,0.0,1.3643773,0.45479244,1
163,222,1.0729249,0.0,0.0,0.35764164,1
163,223,0.0,0.0,0.7974798,0.2658266,1
163,224,0.0,0.0,1.2413073,0.4137691,1
163,226,0.0,0.99313265,0.0,0.33104423,1
163,231,0.0,0.9798573,0.0,0.32661912,1
163,232,0.0,0.9575349,0.0,0.3191783,1
163,236,0.97083676,0.0,1.1210749,0.6973039,2
163,237,0.0,0.0,0.86396253,0.28798753,1
163,239,0.0,1.0030935,0.0,0.3343645,1
163,242,0.0,0.0,0.7552215,0.25174052,1
163,243,0.0,0.0,0.9302883,0.3100961,1
163,246,0.96962345,0.0,0.0,0.32320783,1
163,247,0.99037665,0.0,0.0,0.33012557,1
163,250,0.0,0.9946537,0.0,0.33155125,1
163,251,0.0,0.0,1.5723238,0.52410793,1
163,265,0.0,0.95426846,0.0,0.3180895,1
163,266,0.9670072,0.0,0.0,0.32233575,1
163,267,0.0,0.0,1.6488023,0.5496008,1
163,272,0.0,0.9761595,0.0,0.32538652,1
163,283,0.9893104,0.0,0.0,0.32977015,1
163,298,0.0,1.05799,0.0,0.35266334,1
163,302,0.0,0.0,1.095522,0.36517403,1
163,311,0.99750334,0.0,0.0,0.3325011,1
163,318,0.0,0.95983005,0.0,0.31994337,1
163,321,0.0,0.0,0.92022836,0.3067428,1
163,324,0.9705086,0.0,0.0,0.32350287,1
163,325,0.0,0.0,0.86239266,0.28746423,1
163,327,1.0670795,0.0,0.0,0.3556932,1
163,335,1.0239583,0.0,0.0,0.34131944,1
163,336,0.0,0.0,1.4209583,0.47365278,1
163,339,0.0,0.0,0.74638474,0.24879491,1
163,344,0.96903646,0.0,1.2808682,0.74996823,2
163,350,0.9722787,1.0223798,0.0,0.6648862,2
163,352,0.0,0.0,0.9282704,0.30942348,1
163,360,0.98273456,0.0,0.0,0.3275782,1
163,378,0.0,1.03863,0.0,0.34621,1
163,384,1.0137402,0.0,0.0,0.3379134,1
163,390,0.96128994,0.0,0.0,0.32042998,1
163,400,1.0072818,0.0,0.6268378,0.5447065,2
163,404,0.0,0.0,1.0771484,0.3590495,1
163,418,1.0400238,0.0,0.0,0.34667462,1
163,422,0.0,0.0,0.57979226,0.1932641,1
163,434,0.0,1.0126476,0.0,0.3375492,1
163,438,0.0,0.0,0.9561435,0.3187145,1
163,444,0.9966108,0.0,0.0,0.33220363,1
163,452,0.0,0.9296189,0.0,0.30987298,1
163,463,0.9702501,0.0,0.0,0.3234167,1
163,465,1.0159302,0.0,0.0,0.3386434,1
163,471,0.0,1.0122377,0.0,0.33741257,1
163,490,0.0,0.0,1.4716779,0.4905593,1
163,491,0.0,0.9404695,1.4730372,0.80450225,2
163,492,0.0,0.94618076,0.0,0.3153936,1
163,493,0.9758118,0.0,0.0,0.3252706,1
163,502,0.0,1.0090787,1.2582957,0.7557915,2
163,504,1.0249568,0.0,0.0,0.34165227,1
163,505,0.0,0.9805793,0.0,0.32685977,1
163,506,0.0,0.0,0.9378945,0.31263152,1
164,168,0.0,0.0,1.8865944,0.6288648,1
164,170,0.0,0.0,1.9318302,0.6439434,1
164,186,0.9775617,0.0,0.0,0.3258539,1
164,217,0.0,0.0,1.4336063,0.47786877,1
164,223,0.0,1.0187942,0.0,0.33959806,1
164,227,0.0,0.0,0.56292146,0.18764049,1
164,231,0.0,0.0,1.0931685,0.3643895,1
164,236,1.134147,0.0,0.0,0.37804902,1
164,238,0.0,0.0,0.75287956,0.25095987,1
164,240,1.0875125,0.0,0.0,0.36250418,1
164,243,0.0,1.1692379,0.0,0.38974595,1
164,246,0.9899553,0.9947353,0.0,0.6615635,2
164,248,0.96754575,0.0,0.0,0.32251525,1
164,249,0.0,0.0,0.52554023,0.17518008,1
164,267,0.0,0.95353234,0.0,0.31784412,1
164,270,0.0,0.94405043,0.0,0.3146835,1
164,272,1.0303893,0.0,0.0,0.34346312,1
164,277,0.0,0.0,0.8806496,0.2935499,1
164,278,0.9899775,0.0,0.0,0.3299925,1
164,279,0.0,0.0,1.795604,0.5985347,1
164,285,0.0,0.97378325,1.9392011,0.97099483,2
164,288,0.99545634,0.0,0.0,0.3318188,1
164,289,0.0,1.0093254,1.337694,0.7823398,2
164,291,0.0,0.0,0.5735972,0.19119906,1
164,293,0.0,0.0,0.7930077,0.2643359,1
164,299,0.0,0.9643447,0.0,0.32144824,1
164,304,0.0,0.0,1.5214344,0.5071448,1
164,312,0.0,0.93912834,0.0,0.3130428,1
164,313,0.0,0.0,0.9103479,0.3034493,1
164,314,0.0,0.0,1.1092119,0.36973733,1
164,318,0.0,0.96458185,0.0,0.3215273,1
164,320,0.9798404,0.0,0.0,0.3266135,1
164,323,0.0,0.0,0.61093825,0.2036461,1
164,326,1.0012586,0.0,0.6833307,0.56152976,2
164,336,0.0,1.0229306,0.0,0.3409769,1
164,344,0.0,0.9741876,0.0,0.3247292,1
164,345,0.0,0.0,1.5633459,0.5211153,1
164,349,0.97050655,0.0,0.0,0.32350218,1
164,350,0.0,0.952783,0.0,0.31759435,1
164,357,1.0607079,0.0,0.0,0.35356933,1
164,362,1.0074811,0.0,0.0,0.33582705,1
164,364,1.002807,0.0,0.0,0.33426902,1
164,375,0.0,1.0951431,0.0,0.3650477,1
164,380,1.010666,0.0,0.0,0.33688867,1
164,382,0.0,0.0,1.2467306,0.41557688,1
164,387,0.9670978,0.0,0.0,0.32236594,1
164,389,0.0,0.0,1.0701681,0.3567227,1
164,403,0.0,1.043762,0.0,0.34792066,1
164,405,0.96938455,0.0,0.0,0.3231282,1
164,406,0.99747497,0.0,0.0,0.33249167,1
164,413,0.0,0.94189376,0.0,0.3139646,1
164,419,0.0,0.0,0.9757504,0.32525015,1
164,424,0.0,0.0,0.88533133,0.29511046,1
164,434,0.97977316,0.0,0.0,0.32659107,1
164,448,0.0,0.9730522,0.0,0.32435074,1
164,458,0.0,0.0,0.93921363,0.31307122,1
164,463,0.0,1.0935919,0.0,0.36453065,1
164,465,0.0,0.0,1.021903,0.34063435,1
164,467,0.99231607,0.0,0.0,0.33077204,1
164,468,0.0,0.0,0.48452547,0.1615085,1
164,471,0.0,0.0,1.1481129,0.38270432,1
164,472,0.98645633,0.0,0.0,0.3288188,1
164,477,0.0,0.0,0.7908727,0.26362425,1
164,481,0.98361963,0.0,0.0,0.32787323,1
164,483,1.0105546,0.0,0.0,0.33685154,1
164,484,0.0,0.96250975,0.0,0.3208366,1
164,495,0.0,0.9664053,0.0,0.3221351,1
164,500,0.97316784,0.0,0.0,0.32438928,1
164,503,0.0,0.0,0.6681573,0.2227191,1
164,506,0.0,0.96230465,0.0,0.32076824,1
164,508,0.0,0.0,0.8902782,0.29675943,1
165,168,0.0,0.0,0.60060656,0.2002022,1
165,169,0.9714004,0.0,1.4918935,0.82109797,2
165,178,0.0,0.0,1.3607213,0.4535738,1
165,179,0.0,1.1123959,0.0,0.37079865,1
165,183,0.0,0.93051517,0.0,0.31017172,1
165,184,0.9742785,0.0,1.0988412,0.6910399,2
165,191,0.96377194,0.0,0.0,0.32125732,1
165,204,0.99634856,0.0,0.0,0.3321162,1
165,215,0.0,0.0,1.527099,0.509033,1
165,219,0.0,0.0,0.69611615,0.23203872,1
165,221,0.0,1.0517551,0.0,0.35058504,1
165,227,1.0429903,0.0,0.0,0.34766346,1
165,234,0.96711653,0.0,0.0,0.3223722,1
165,242,1.0242711,0.0,0.0,0.34142372,1
165,249,0.0,1.0629817,0.0,0.35432726,1
165,252,0.0,0.9488066,0.0,0.31626886,1
165,253,0.0,0.0,1.6991106,0.56637025,1
165,254,0.9621152,0.0,0.0,0.3207051,1
165,256,0.0,0.9480939,0.0,0.3160313,1
165,261,1.0542868,1.0994041,0.0,0.717897,2
165,265,0.0,0.9801397,0.0,0.32671323,1
165,277,0.0,0.0,0.7802487,0.2600829,1
165,281,0.988083,0.0,0.0,0.32936102,1
165,282,0.0,0.0,0.75482064,0.25160688,1
165,291,0.9903179,0.0,0.0,0.33010596,1
165,292,0.0,0.0,0.71443516,0.23814505,1
165,306,0.0,0.0,1.0164613,0.33882043,1
165,308,0.0,0.0,1.0858269,0.3619423,1
165,316,0.0,0.94446373,0.0,0.31482124,1
165,323,1.138149,0.0,0.0,0.37938303,1
165,326,0.0,1.0281948,0.0,0.3427316,1
165,328,0.0,0.98099214,0.0,0.3269974,1
165,331,0.98628956,0.0,0.0,0.3287632,1
165,337,1.021158,0.0,0.0,0.340386,1
165,348,0.0,0.0,1.4812881,0.4937627,1
165,350,1.1170655,0.0,0.0,0.3723552,1
165,356,0.0,0.0,0.67268026,0.22422676,1
165,363,0.0,0.0,0.9914384,0.33047947,1
165,366,0.0,0.9502968,0.0,0.3167656,1
165,371,0.0,0.0,1.1171677,0.37238926,1
165,372,0.9798885,0.0,0.0,0.32662952,1
165,374,0.970245,0.0,0.0,0.323415,1
165,378,0.0,0.99885035,0.0,0.33295012,1
165,389,0.0,1.0735352,1.252981,0.7755054,2
165,391,0.0,0.0,1.4864503,0.49548346,1
165,395,0.0,0.0,1.0529943,0.3509981,1
165,400,0.0,1.0008955,0.0,0.33363184,1
165,408,0.0,0.98704803,0.0,0.32901603,1
165,417,1.0061724,0.0,0.0,0.3353908,1
165,424,0.0,0.0,1.676877,0.558959,1
165,426,0.0,0.98071474,0.0,0.32690492,1
165,434,0.0,1.0924742,0.0,0.3641581,1
165,438,1.0408937,0.0,0.0,0.34696457,1
165,439,0.0,1.0266727,0.0,0.34222424,1
165,441,1.0087707,0.0,0.0,0.33625692,1
165,445,1.0393395,0.0,0.0,0.3464465,1
165,453,0.0,0.0,1.0863634,0.36212116,1
165,454,0.0,1.0205259,0.0,0.34017533,1
165,460,0.9843933,0.0,0.0,0.3281311,1
165,461,0.0,0.9551842,0.0,0.31839475,1
165,463,0.0,0.9467352,0.0,0.3155784,1
165,468,0.0,0.0,0.96889573,0.32296526,1
165,469,1.0525872,0.0,0.0,0.35086238,1
165,472,1.0903676,0.0,0.0,0.36345586,1
165,475,0.97736114,0.0,0.0,0.32578707,1
165,477,0.0,0.9364034,0.0,0.31213447,1
165,487,0.0,0.9690726,0.0,0.3230242,1
165,491,0.0,0.9485856,0.0,0.31619522,1
165,503,0.0,0.0,0.9741138,0.32470462,1
166,170,0.9907392,0.0,0.0,0.33024642,1
166,174,0.0,1.0027899,0.0,0.3342633,1
166,178,1.0369021,0.0,0.0,0.34563404,1
166,179,0.0,0.0,0.6245936,0.20819788,1
166,192,0.0,0.0,1.1949093,0.39830312,1
166,196,1.0065541,0.0,0.0,0.33551806,1
166,202,0.0,0.0,1.1629423,0.38764745,1
166,207,0.0,0.0,1.8626103,0.6208701,1
166,211,0.0,0.0,0.7818915,0.26063052,1
166,213,0.0,0.0,1.4240676,0.47468922,1
166,217,0.0,0.964945,0.0,0.32164836,1
166,219,0.0,0.94641083,0.0,0.31547028,1
166,220,0.0,0.0,1.4651355,0.4883785,1
166,223,0.0,0.95963186,0.0,0.3198773,1
166,224,0.0,0.0,0.9547878,0.3182626,1
166,233,0.0,0.99579895,0.0,0.331933,1
166,236,0.0,0.0,1.4115443,0.47051477,1
166,237,0.0,0.0,1.0900143,0.3633381,1
166,244,0.97324944,0.0,0.0,0.3244165,1
166,248,0.0,0.939401,0.0,0.31313366,1
166,250,0.0,1.0397097,0.0,0.3465699,1
166,261,0.98546904,0.0,0.0,0.3284897,1
166,270,0.0,1.0026357,0.0,0.33421192,1
166,276,0.9906585,0.0,0.0,0.3302195,1
166,278,0.97945285,0.0,0.0,0.3264843,1
166,286,0.0,1.0075166,0.0,0.33583888,1
166,292,0.9836799,0.93874663,0.0,0.6408089,2
166,302,0.0,0.0,0.8070766,0.26902553,1
166,305,0.97756326,0.0,0.79191244,0.5898253,2
166,308,0.9652104,0.0,0.0,0.3217368,1
166,311,0.0,0.9764868,0.0,0.3254956,1
166,325,0.0,0.0,1.2398957,0.41329858,1
166,334,0.0,1.0351659,0.0,0.3450553,1
166,335,0.0,0.9494349,0.0,0.3164783,1
166,337,0.0,0.0,1.4452541,0.48175138,1
166,344,0.0,0.0,0.9296679,0.30988932,1
166,351,0.0,1.0051261,0.0,0.33504206,1
166,356,1.07057,0.0,0.0,0.35685667,1
166,361,0.9583152,0.0,0.0,0.3194384,1
166,363,0.9632584,0.0,0.0,0.32108614,1
166,365,0.965997,1.0203917,0.0,0.6621296,2
166,372,0.9654625,0.0,0.0,0.32182086,1
166,373,0.97091717,0.9496909,0.0,0.6402027,2
166,381,0.0,1.0122879,0.0,0.33742929,1
166,385,0.0,1.0974078,0.0,0.36580262,1
166,393,0.96820724,0.0,0.0,0.32273576,1
166,399,0.963542,0.0,0.0,0.32118067,1
166,400,0.0,0.0,0.9124776,0.30415922,1
166,419,0.0,1.0383328,0.0,0.34611094,1
166,430,0.0,1.058936,0.0,0.35297868,1
166,436,0.98218715,0.0,0.0,0.32739574,1
166,442,0.0,0.9766989,0.0,0.3255663,1
166,443,0.9671961,0.0,0.0,0.32239872,1
166,450,0.9930772,0.0,1.0565771,0.6832181,2
166,461,0.9686417,0.0,0.0,0.32288057,1
166,466,0.0,0.98440313,0.0,0.3281344,1
166,473,0.9881515,0.0,0.0,0.32938385,1
166,474,0.0,0.0,0.8453883,0.2817961,1
166,476,0.0,0.94570476,0.0,0.31523493,1
166,477,0.0,0.95806247,0.0,0.31935418,1
166,479,1.0065663,0.0,0.0,0.33552212,1
166,480,0.0,0.0,1.4327546,0.4775849,1
166,489,1.0134419,0.0,0.0,0.33781397,1
166,491,0.0,0.0,1.0503386,0.3501129,1
166,502,0.0,0.0,0.69656324,0.23218775,1
166,506,0.0,0.0,0.88694346,0.29564783,1
166,509,0.0,0.95900315,0.0,0.31966773,1
166,511,0.96146923,0.0,0.0,0.32048976,1
167,168,0.0,0.0,0.7704464,0.2568155,1
167,169,0.0,0.0,0.78979045,0.2632635,1
167,171,0.98614717,0.0,0.0,0.32871574,1
167,175,0.9667057,0.0,0.0,0.32223523,1
167,189,0.0,0.9936026,0.0,0.33120087,1
167,191,0.9848026,0.94953924,0.0,0.64478064,2
167,194,0.0,0.0,0.90290594,0.30096865,1
167,202,0.0,1.0866486,0.0,0.3622162,1
167,204,0.0,0.97725254,0.0,0.32575086,1
167,207,0.0,0.94544065,0.0,0.3151469,1
167,215,0.0,0.0,1.2713625,0.42378753,1
167,216,0.9915226,0.0,0.0,0.33050755,1
167,228,0.9649091,0.0,0.0,0.32163638,1
167,230,0.0,0.9535742,0.0,0.31785807,1
167,243,0.9675066,0.0,0.0,0.3225022,1
167,260,0.0,0.9526315,0.0,0.31754383,1
167,261,0.9665934,0.0,0.0,0.3221978,1
167,263,1.0138466,0.0,0.0,0.3379489,1
167,268,1.0064706,0.0,0.0,0.3354902,1
167,270,0.0,0.0,1.2175338,0.40584463,1
167,276,1.0304486,0.0,0.0,0.34348285,1
167,277,0.0,1.1147966,1.2319149,0.7822372,2
167,284,0.0,0.9448709,0.0,0.31495696,1
167,289,0.0,0.0,1.3407477,0.44691592,1
167,290,0.0,0.0,0.9084005,0.30280018,1
167,292,1.0258119,0.0,0.0,0.3419373,1
167,295,0.99275076,0.0,0.0,0.33091694,1
167,297,0.0,0.0,0.7716092,0.25720307,1
167,310,0.0,0.0,0.7355136,0.24517122,1
167,312,1.017532,0.0,0.0,0.33917734,1
167,321,0.9848948,0.0,0.0,0.32829827,1
167,328,1.0869858,0.0,0.0,0.36232862,1
167,331,1.1343287,0.0,0.0,0.37810957,1
167,340,0.0,0.95937175,0.0,0.3197906,1
167,341,0.99686563,0.0,0.0,0.33228856,1
167,342,0.0,0.0,1.1316583,0.37721944,1
167,344,0.0,0.9497999,0.0,0.31659997,1
167,348,0.0,0.0,1.9318999,0.6439667,1
167,353,0.0,0.0,0.8897593,0.29658645,1
167,362,0.0,0.9706781,0.0,0.32355937,1
167,367,0.0,1.0068041,0.0,0.3356014,1
167,369,0.0,0.9839121,0.0,0.3279707,1
167,372,0.9735884,0.0,0.0,0.32452947,1
167,381,0.9707925,0.0,0.7282028,0.56633174,2
167,382,0.9680488,0.0,0.0,0.32268295,1
167,386,0.0,0.0,1.0879271,0.36264238,1
167,389,0.0,0.0,1.0509524,0.35031748,1
167,399,0.9771277,0.0,0.0,0.32570922,1
167,407,1.0053643,1.0019066,0.0,0.66909033,2
167,421,0.0,0.9614214,0.0,0.3204738,1
167,430,0.0,0.0,1.06108,0.35369334,1
167,431,0.0,1.0079799,0.0,0.3359933,1
167,433,0.0,0.0,0.82367766,0.27455923,1
167,434,0.9854861,0.0,0.0,0.32849538,1
167,449,0.0,1.0115356,0.0,0.33717856,1
167,458,0.0,0.0,1.2443638,0.41478795,1
167,465,0.99839526,0.0,0.0,0.33279842,1
167,467,1.0216601,0.9678894,0.0,0.6631832,2
167,482,0.0,0.9633775,0.0,0.32112584,1
167,486,0.0,0.0,1.0225925,0.34086418,1
167,488,0.0,0.951533,0.0,0.31717768,1
167,491,0.9878546,0.0,0.0,0.32928488,1
167,503,0.0,0.0,0.9605607,0.3201869,1
167,504,0.0,0.94792765,0.0,0.3159759,1
167,507,0.9739367,0.0,0.0,0.32464558,1
168,170,0.0,0.0,1.4107007,0.47023356,1
168,172,0.0,0.94239146,0.0,0.31413049,1
168,186,1.0262307,0.0,0.0,0.3420769,1
168,191,1.0429666,0.0,0.0,0.34765553,1
168,200,0.0,0.0,0.68104243,0.22701415,1
168,203,1.0840993,0.0,0.0,0.36136645,1
168,206,1.0107954,0.0,0.0,0.3369318,1
168,215,0.0,0.9890233,0.79111737,0.5933802,2
168,217,0.0,0.0,1.5432764,0.5144255,1
168,221,0.0,0.0,0.7396701,0.2465567,1
168,227,0.0,0.0,0.4314289,0.14380965,1
168,232,0.0,0.97161496,0.0,0.32387167,1
168,238,0.0,0.0,0.5178772,0.17262575,1
168,241,0.0,0.98500276,0.0,0.32833427,1
168,249,0.0,0.0,0.4330426,0.14434753,1
168,251,0.0,0.94773024,0.0,0.3159101,1
168,254,0.0,1.0346925,0.0,0.3448975,1
168,257,0.0,0.0,0.91627216,0.30542406,1
168,260,0.0,0.0,0.63234645,0.21078216,1
168,262,0.0,0.9868026,0.0,0.3289342,1
168,268,0.9961496,0.0,0.0,0.33204988,1
168,271,0.0,0.9912757,0.0,0.33042526,1
168,275,0.97820204,0.0,0.0,0.32606736,1
168,277,0.0,0.0,0.8100364,0.27001214,1
168,279,0.0,0.0,1.8236952,0.6078984,1
168,285,0.0,0.0,1.6179379,0.53931266,1
168,289,0.0,0.9402797,1.0351263,0.6584687,2
168,293,0.0,0.0,0.9959074,0.33196914,1
168,294,0.9997573,0.0,0.0,0.33325243,1
168,304,0.0,1.1306777,1.087095,0.7392576,2
168,313,0.0,0.0,0.6718495,0.22394983,1
168,314,0.0,0.0,1.6255099,0.5418366,1
168,315,1.1221046,0.0,0.0,0.37403488,1
168,319,1.0071267,0.0,0.0,0.33570892,1
168,321,0.9832588,0.0,0.0,0.32775295,1
168,322,0.0,0.9672115,0.0,0.32240385,1
168,323,0.0,0.0,0.7778708,0.25929028,1
168,326,0.0,0.95572233,1.0990022,0.6849082,2
168,329,0.0,0.9950637,0.0,0.33168793,1
168,342,0.0,0.97326064,0.0,0.3244202,1
168,345,0.0,0.0,1.7964371,0.5988124,1
168,348,0.9583886,0.0,0.9251794,0.627856,2
168,355,0.0,0.9538415,0.0,0.31794718,1
168,362,0.0,1.0532204,0.0,0.35107347,1
168,366,1.0580722,0.0,0.0,0.35269076,1
168,371,0.0,0.0,0.47573343,0.15857781,1
168,374,0.9670978,0.0,0.0,0.32236594,1
168,382,0.0,0.0,0.8177298,0.2725766,1
168,388,0.0,0.0,0.77680296,0.25893432,1
168,389,0.0,0.0,1.3105838,0.43686128,1
168,411,0.0,1.0157446,0.0,0.33858153,1
168,413,0.0,0.98221874,0.0,0.32740626,1
168,417,1.01221,0.0,0.0,0.33740336,1
168,418,0.0,0.938525,0.0,0.31284168,1
168,419,0.0,0.0,1.0284301,0.34281003,1
168,423,1.0104951,0.0,0.0,0.3368317,1
168,424,0.0,0.0,1.33281,0.44427,1
168,434,0.98714757,0.0,0.0,0.3290492,1
168,435,0.0,0.0,0.84064496,0.280215,1
168,437,0.0,1.0192256,0.0,0.3397419,1
168,439,0.0,0.95011145,0.0,0.31670383,1
168,440,0.9854053,1.13789,0.0,0.7077651,2
168,458,0.0,0.0,1.6219921,0.5406641,1
168,465,1.0544455,0.0,1.2243506,0.75959873,2
168,466,0.0,0.0,1.0714606,0.35715353,1
168,468,0.0,0.0,0.4328676,0.1442892,1
168,472,0.0,1.112322,0.0,0.370774,1
168,473,0.0,0.0,0.79952174,0.26650727,1
168,477,0.98963445,0.0,0.0,0.32987815,1
168,478,0.96748865,0.0,0.0,0.32249624,1
168,485,0.0,0.992091,0.0,0.330697,1
168,494,0.0,0.0,0.8306334,0.27687782,1
168,495,0.97144127,0.0,0.0,0.32381377,1
168,499,0.0,0.9796379,0.0,0.32654598,1
168,503,0.0,0.0,1.3636434,0.45454782,1
168,506,1.0843244,0.0,0.0,0.36144146,1
168,508,0.0,0.0,0.77185225,0.2572841,1
168,509,0.9966026,0.0,0.0,0.33220088,1
169,170,0.0,0.9798898,0.0,0.32662994,1
169,176,0.97815174,0.0,0.0,0.32605058,1
169,182,0.0,0.0,0.73474795,0.24491599,1
169,184,0.0,0.0,2.0016894,0.66722983,1
169,199,0.0,1.1145971,0.0,0.37153238,1
169,201,0.9636217,0.0,0.0,0.32120723,1
169,208,0.9837122,0.0,0.0,0.32790408,1
169,215,0.0,0.0,1.4505022,0.48350072,1
169,228,0.0,0.96788675,0.0,0.32262892,1
169,229,1.0148517,0.0,0.0,0.3382839,1
169,232,1.0018482,0.0,0.0,0.33394942,1
169,241,0.0,0.95408344,0.0,0.31802782,1
169,248,0.0,1.1382303,0.0,0.37941012,1
169,251,0.96523947,0.0,0.0,0.3217465,1
169,253,0.0,0.0,0.9173947,0.30579823,1
169,264,0.0,1.1537226,0.0,0.38457423,1
169,269,1.0231589,0.0,0.0,0.34105298,1
169,272,0.9658274,0.0,0.0,0.32194248,1
169,277,0.0,0.0,0.67490345,0.22496782,1
169,282,0.0,0.0,1.5121859,0.504062,1
169,290,0.0,0.0,0.6314605,0.21048683,1
169,292,0.0,0.9667543,0.7970597,0.587938,2
169,299,0.0,0.93882483,0.0,0.3129416,1
169,310,0.0,0.9954467,0.0,0.33181557,1
169,322,0.0,0.9426817,0.0,0.31422725,1
169,339,0.0,1.0244358,0.0,0.3414786,1
169,341,0.0,0.0,1.2695892,0.4231964,1
169,348,0.0,0.0,0.95754087,0.3191803,1
169,349,0.0,0.0,0.6833897,0.22779658,1
169,351,0.0,0.9429243,0.0,0.3143081,1
169,353,0.0,0.9653138,0.0,0.32177126,1
169,356,0.0,0.0,1.120703,0.37356767,1
169,360,0.97650427,0.0,0.0,0.32550144,1
169,363,1.02327,0.0,0.67993236,0.5677341,2
169,379,1.017189,0.0,0.0,0.33906302,1
169,381,0.0,0.0,0.7565193,0.25217313,1
169,389,0.0,0.0,0.9770049,0.3256683,1
169,391,0.0,0.0,0.9443977,0.31479925,1
169,399,0.0,1.0016272,0.0,0.33387575,1
169,408,0.0,1.0600858,0.0,0.35336193,1
169,412,1.032702,0.0,0.0,0.344234,1
169,417,1.0447084,0.0,0.0,0.34823614,1
169,424,0.0,0.0,1.0346756,0.34489188,1
169,434,0.0,1.012733,0.0,0.33757767,1
169,436,0.98521256,0.0,0.0,0.3284042,1
169,440,0.99794436,0.0,0.0,0.33264813,1
169,448,0.0,0.0,1.071166,0.35705537,1
169,463,0.0,0.95669967,0.0,0.3188999,1
169,477,0.0,0.9635699,0.0,0.32118997,1
169,483,0.0,0.0,0.7008704,0.23362347,1
169,486,0.996789,0.0,0.70605,0.567613,2
169,503,0.0,0.0,0.59702575,0.19900858,1
169,504,0.0,0.0,1.0638942,0.3546314,1
170,175,0.0,0.97751933,0.0,0.3258398,1
170,176,0.96974653,0.0,0.0,0.32324886,1
170,194,0.0,1.0380588,0.0,0.3460196,1
170,199,0.0,1.1930763,0.0,0.39769208,1
170,215,0.0,1.0543435,0.0,0.35144782,1
170,217,0.0,0.0,1.2832972,0.42776573,1
170,218,0.97115946,0.0,0.0,0.32371983,1
170,220,1.0775385,0.0,0.0,0.3591795,1
170,222,0.0,1.0569154,0.0,0.35230514,1
170,227,0.98166084,0.0,0.8449911,0.608884,2
170,231,0.0,0.9931439,1.0134202,0.6688547,2
170,234,1.0365872,0.0,0.0,0.34552908,1
170,235,0.96963644,0.0,0.0,0.32321215,1
170,236,0.0,0.9512542,0.0,0.31708473,1
170,238,0.9707309,0.0,0.0,0.323577,1
170,242,0.99163556,0.0,0.0,0.3305452,1
170,244,0.0,1.0500906,0.0,0.35003018,1
170,249,0.0,0.0,0.7820077,0.26066923,1
170,257,1.0124106,0.9349249,0.9185202,0.9552853,3
170,261,0.0,0.0,0.74780315,0.24926773,1
170,265,0.0,1.021379,0.0,0.34045967,1
170,266,0.0,0.0,0.69797885,0.23265962,1
170,277,0.0,0.0,0.6768157,0.22560523,1
170,279,0.0,0.97720987,1.5346011,0.8372704,2
170,283,1.1489204,0.0,0.0,0.3829735,1
170,285,0.0,0.0,1.8093197,0.6031066,1
170,286,0.0,0.97790754,0.0,0.3259692,1
170,289,0.0,0.0,0.80068797,0.266896,1
170,292,0.97002023,0.0,0.0,0.3233401,1
170,304,0.0,0.0,1.2789114,0.4263038,1
170,309,0.0,1.0082804,0.0,0.3360935,1
170,313,0.96073544,0.0,0.0,0.32024515,1
170,314,0.0,0.0,0.74640244,0.24880081,1
170,321,1.0277206,0.0,0.0,0.34257352,1
170,326,0.0,0.0,0.51193714,0.17064571,1
170,338,0.977454,0.0,0.0,0.325818,1
170,345,0.0,0.0,0.9586037,0.31953457,1
170,351,0.9789866,0.0,0.0,0.32632887,1
170,382,0.0,1.1295785,0.9362684,0.6886157,2
170,386,0.0,0.9642937,0.0,0.32143125,1
170,393,0.0,0.97282434,0.0,0.32427478,1
170,394,0.980791,0.0,0.0,0.32693034,1
170,406,0.0,0.0,0.8704418,0.29014727,1
170,419,0.0,0.9804675,1.183121,0.7211962,2
170,420,0.96823233,0.0,0.0,0.32274413,1
170,426,0.9914832,0.0,0.0,0.3304944,1
170,430,0.0,0.98404014,0.0,0.3280134,1
170,441,1.0838206,0.0,0.0,0.36127353,1
170,459,0.0,0.9715034,0.0,0.32383448,1
170,463,0.0,1.0226781,0.0,0.34089273,1
170,465,0.0,0.0,0.94215554,0.31405187,1
170,471,0.0,0.0,1.1897678,0.39658928,1
170,484,0.98639685,0.0,0.0,0.32879895,1
170,492,1.0238308,0.0,0.0,0.34127694,1
170,496,0.0,0.9788984,0.0,0.3262995,1
170,506,0.9938559,0.0,0.0,0.3312853,1
170,508,0.0,0.0,0.5535639,0.1845213,1
171,173,0.0,0.0,1.1229748,0.37432492,1
171,177,0.99753076,0.0,0.0,0.33251026,1
171,202,1.0149761,0.0,0.0,0.33832538,1
171,208,0.0,0.9543118,0.0,0.31810394,1
171,211,0.0,0.0,1.0882399,0.36274666,1
171,216,0.0,0.0,1.0213578,0.3404526,1
171,222,0.0,0.0,0.8498575,0.28328586,1
171,226,0.98120314,0.0,0.0,0.32706773,1
171,232,0.9630087,0.0,0.7667174,0.5765754,2
171,242,0.0,1.1692877,0.0,0.38976258,1
171,258,1.0587089,0.0,0.0,0.35290298,1
171,261,0.0,0.9851548,0.0,0.32838494,1
171,266,0.0,0.9766595,0.0,0.32555318,1
171,268,0.0,0.0,1.6461513,0.54871714,1
171,270,0.0,1.1270394,0.0,0.37567982,1
171,271,0.0,0.0,0.8236019,0.274534,1
171,272,0.0,0.0,1.1743375,0.39144585,1
171,277,1.0256139,0.0,0.0,0.34187132,1
171,283,1.0981224,0.0,0.0,0.3660408,1
171,289,0.0,0.95175403,0.0,0.31725135,1
171,303,0.0,0.0,0.8617918,0.28726393,1
171,305,0.0,0.0,0.8935343,0.29784477,1
171,308,1.0068774,0.0,0.0,0.33562583,1
171,318,0.0,0.96783686,0.0,0.3226123,1
171,322,0.0,0.0,0.8055098,0.26850328,1
171,329,1.0296408,0.9807815,1.322495,1.1109724,3
171,333,0.96353054,0.0,0.0,0.32117686,1
171,335,0.0,0.0,0.6642929,0.22143096,1
171,359,0.0,0.0,1.8483617,0.6161206,1
171,361,0.0,0.0,1.3923556,0.46411854,1
171,363,0.0,0.98004806,0.0,0.3266827,1
171,365,0.0,0.985588,0.0,0.32852936,1
171,370,0.0,0.95785993,0.0,0.31928664,1
171,379,0.0,0.94706756,0.0,0.3156892,1
171,381,1.0494782,0.0,0.0,0.34982607,1
171,387,0.0,1.0358361,0.0,0.3452787,1
171,392,0.9671047,1.0482614,0.0,0.6717887,2
171,398,0.0,0.97262555,0.0,0.32420853,1
171,407,1.025451,0.0,0.0,0.341817,1
171,412,0.0,0.0,1.2522432,0.4174144,1
171,419,0.0,1.0660852,0.0,0.35536176,1
171,425,0.0,0.0,1.032282,0.344094,1
171,435,0.9804503,0.0,0.0,0.32681677,1
171,436,0.9971252,0.0,1.1887658,0.7286303,2
171,442,0.0,0.0,0.8273421,0.2757807,1
171,455,0.0,0.0,1.6234368,0.5411456,1
171,457,0.0,0.9482219,0.0,0.31607398,1
171,460,0.0,0.0,0.6949226,0.23164088,1
171,462,0.0,0.0,1.0611979,0.35373265,1
171,467,0.0,1.0072287,0.0,0.33574292,1
171,472,0.9877466,0.0,0.0,0.32924888,1
171,474,0.0,0.0,0.64094543,0.21364848,1
171,475,0.9766554,1.0770756,0.0,0.684577,2
171,476,0.99595547,0.0,0.0,0.33198518,1
171,485,1.0077326,0.0,0.0,0.3359109,1
171,490,1.0027317,0.0,0.0,0.3342439,1
171,492,0.0,0.99417907,0.0,0.33139303,1
172,176,0.0,0.0,0.817447,0.27248234,1
172,180,0.0,0.0,0.66631126,0.22210376,1
172,212,0.0,0.0,1.2277349,0.40924498,1
172,214,0.0,1.0057981,0.0,0.33526605,1
172,217,0.0,1.0070562,0.0,0.33568543,1
172,228,0.0,0.9727028,0.0,0.32423428,1
172,233,0.0,0.0,0.7283119,0.24277064,1
172,247,0.0,1.0570054,0.0,0.35233516,1
172,253,0.0,0.98235005,0.0,0.32745004,1
172,255,0.9692248,0.99167067,0.8857626,0.94888604,3
172,259,0.0,0.9491289,0.0,0.31637633,1
172,260,1.0084071,0.0,0.0,0.33613572,1
172,265,0.9710184,0.0,0.0,0.3236728,1
172,269,1.0025699,0.0,0.0,0.33418998,1
172,270,0.0,0.0,0.6016943,0.20056477,1
172,279,0.9992,0.0,0.0,0.33306667,1
172,282,0.0,0.9756917,0.0,0.32523057,1
172,283,0.0,0.0,1.2181267,0.40604222,1
172,287,0.98059916,0.98072743,0.0,0.6537756,2
172,294,0.0,0.0,1.2568768,0.41895896,1
172,296,1.0051959,0.0,0.0,0.3350653,1
172,309,0.0,1.0336847,0.0,0.34456158,1
172,311,0.96548766,0.0,0.0,0.32182923,1
172,313,0.0,1.123376,0.0,0.37445867,1
172,318,0.0,1.0734181,0.0,0.35780606,1
172,324,0.981856,0.0,0.0,0.32728535,1
172,328,0.0,0.93701667,0.0,0.3123389,1
172,336,0.98975134,0.0,0.0,0.32991713,1
172,338,0.0,0.0,0.72988486,0.24329495,1
172,341,0.97048247,0.0,0.0,0.32349417,1
172,355,0.96668583,0.0,0.0,0.3222286,1
172,360,0.98524886,0.0,0.0,0.3284163,1
172,362,0.0,0.94962716,0.0,0.3165424,1
172,364,0.0,0.0,0.8082288,0.2694096,1
172,365,0.0,0.0,1.6859463,0.56198215,1
172,369,1.0375003,0.0,0.0,0.34583342,1
172,371,0.0,0.95016646,0.0,0.31672215,1
172,376,0.0,0.0,0.798288,0.266096,1
172,378,0.0,0.99498546,0.0,0.33166182,1
172,385,0.0,0.0,1.6156132,0.53853774,1
172,411,0.0,0.95862836,0.0,0.3195428,1
172,413,0.9696425,0.0,0.75045425,0.57336557,2
172,416,0.98824173,0.0,0.0,0.32941392,1
172,428,0.0,0.9948168,0.0,0.3316056,1
172,429,0.0,1.023665,1.1095276,0.7110642,2
172,437,0.0,1.0259042,0.0,0.34196806,1
172,440,0.96266514,0.0,0.0,0.3208884,1
172,447,0.0,0.0,1.7550448,0.58501494,1
172,449,0.0,0.98637307,0.0,0.32879102,1
172,463,0.98047525,0.0,0.0,0.32682508,1
172,465,0.9826359,0.0,0.0,0.32754532,1
172,482,0.0,0.0,1.3716244,0.45720813,1
172,484,0.9610347,0.0,0.0,0.32034492,1
172,489,0.0,0.0,0.9436704,0.3145568,1
172,490,0.0,1.0168868,0.0,0.3389623,1
172,499,0.0,0.9492762,0.0,0.3164254,1
172,501,0.98626953,0.0,0.0,0.3287565,1
172,507,0.0,0.0,1.1798381,0.39327937,1
172,509,0.0,0.0,0.93374735,0.31124914,1
173,174,0.98987854,0.0,0.0,0.3299595,1
173,185,0.99167454,0.0,0.0,0.33055818,1
173,186,0.0,1.0691442,0.0,0.35638142,1
173,188,0.0,0.94469666,0.0,0.3148989,1
173,191,0.9613438,0.0,0.6638756,0.5417398,2
173,192,0.0,0.9579428,1.2103038,0.7227489,2
173,194,0.9690028,0.0,0.0,0.32300094,1
173,196,0.0,0.0,0.7900908,0.2633636,1
173,202,0.0,0.0,1.4056329,0.4685443,1
173,207,0.0,0.0,1.4154438,0.4718146,1
173,211,0.0,0.0,0.83178437,0.27726147,1
173,213,0.0,0.0,1.2204995,0.40683317,1
173,214,0.0,0.0,0.92652816,0.30884272,1
173,220,0.0,0.0,0.87744826,0.29248276,1
173,221,0.0,0.95431685,0.0,0.31810564,1
173,225,0.977696,0.0,0.0,0.32589868,1
173,234,0.9667009,0.0,0.0,0.32223365,1
173,236,0.0,0.0,0.600908,0.20030266,1
173,237,0.0,0.0,0.9575375,0.31917918,1
173,268,0.0,1.038316,1.2017974,0.74670446,2
173,271,0.0,0.0,0.66141766,0.22047256,1
173,272,1.0127599,0.0,0.0,0.33758664,1
173,276,0.9757295,1.001461,0.0,0.6590635,2
173,277,0.97063124,0.0,0.0,0.32354376,1
173,285,0.97282887,0.0,0.0,0.3242763,1
173,288,0.0,0.0,0.8719774,0.29065913,1
173,290,1.0150099,0.0,0.0,0.33833665,1
173,302,1.0971686,0.0,1.0169741,0.70471424,2
173,303,0.0,0.0,0.87341136,0.29113713,1
173,311,0.0,0.9542016,0.0,0.3180672,1
173,314,0.97126734,0.0,0.0,0.3237558,1
173,338,0.0,1.0556962,0.0,0.35189876,1
173,339,0.0,0.0,1.6518048,0.5506016,1
173,341,0.0,1.0118132,0.0,0.33727106,1
173,344,0.0,0.0,1.2982302,0.4327434,1
173,352,0.0,0.9724542,0.0,0.3241514,1
173,355,0.9705438,0.0,0.0,0.3235146,1
173,365,0.0,1.0024358,0.0,0.33414528,1
173,378,1.0290868,0.0,0.85585296,0.6283133,2
173,383,0.0,0.0,1.1773787,0.39245957,1
173,387,0.9868676,0.0,0.0,0.3289559,1
173,395,0.97666425,0.0,0.0,0.32555476,1
173,398,0.0,0.99532056,0.0,0.33177352,1
173,399,0.0,1.0583422,0.0,0.35278076,1
173,400,0.0,0.9580944,0.0,0.31936482,1
173,404,1.0137172,0.0,0.0,0.33790573,1
173,410,0.996287,0.0,0.0,0.33209568,1
173,422,0.0,0.9596059,0.0,0.31986862,1
173,425,0.0,0.96384716,0.0,0.3212824,1
173,437,0.0,0.982914,0.0,0.327638,1
173,438,0.9742577,0.0,0.0,0.32475257,1
173,445,0.0,1.023213,0.0,0.341071,1
173,451,1.0196836,0.0,0.0,0.33989453,1
173,454,1.0123825,0.0,0.0,0.33746085,1
173,469,0.0,0.0,1.0715202,0.3571734,1
173,474,0.0,0.0,1.2697928,0.42326427,1
173,477,1.0068517,0.0,0.0,0.33561724,1
173,481,0.0,0.9981439,0.0,0.33271465,1
173,494,1.0095891,0.0,0.0,0.3365297,1
173,495,1.0059344,0.9769649,0.0,0.66096646,2
173,499,0.0,0.0,1.3704379,0.45681262,1
173,509,0.9796655,0.0,0.0,0.3265552,1
174,175,0.0,0.0,1.0521636,0.3507212,1
174,181,0.9884276,0.0,0.0,0.32947588,1
174,186,1.0676868,0.0,0.0,0.3558956,1
174,188,0.0,0.0,1.143302,0.38110065,1
174,196,0.0,0.0,0.80609894,0.26869965,1
174,199,0.0,0.0,0.7422794,0.24742648,1
174,201,0.0,0.0,0.9973905,0.3324635,1
174,209,0.0,0.95506626,0.87551516,0.61019385,2
174,220,0.0,0.9492677,0.0,0.31642258,1
174,229,0.0,0.0,0.7052577,0.2350859,1
174,234,0.0,0.0,1.4032555,0.46775183,1
174,241,0.98538154,0.0,0.0,0.3284605,1
174,244,0.0,0.99198467,0.0,0.33066157,1
174,245,1.1864046,1.0012423,0.0,0.7292156,2
174,255,1.0058588,0.0,0.0,0.33528626,1
174,262,0.9733584,0.0,1.3207061,0.7646882,2
174,263,0.0,0.0,1.4944594,0.49815315,1
174,269,0.0,0.0,1.5821141,0.5273714,1
174,272,1.0621408,0.0,0.0,0.35404694,1
174,276,0.0,0.9459323,0.0,0.31531078,1
174,290,0.97747874,0.0,0.80307215,0.59351695,2
174,305,0.0,1.0699915,0.0,0.35666382,1
174,307,0.0,0.0,1.3480997,0.44936657,1
174,310,0.0,0.0,0.81401783,0.2713393,1
174,312,0.96495473,0.0,0.0,0.32165158,1
174,315,1.0247304,0.0,0.0,0.3415768,1
174,324,0.98102987,1.0350947,0.0,0.67204154,2
174,334,0.0,0.0,1.5924213,0.53080714,1
174,335,0.0,0.96339095,0.0,0.32113034,1
174,340,0.0,0.9406424,0.0,0.3135475,1
174,342,0.9688179,0.9530145,0.0,0.6406108,2
174,347,0.0,0.9549334,0.71921605,0.55804986,2
174,355,1.027742,0.0,0.0,0.34258068,1
174,360,0.0,0.0,0.98441696,0.328139,1
174,363,0.9809365,0.0,0.0,0.32697886,1
174,364,0.0,0.9375395,0.0,0.31251317,1
174,365,0.0,0.95827484,0.0,0.31942496,1
174,376,0.9846138,0.0,0.0,0.3282046,1
174,379,0.0,0.0,0.92719734,0.3090658,1
174,387,1.08739,0.0,0.0,0.36246333,1
174,392,0.0,0.0,1.1173139,0.37243795,1
174,393,0.0,0.96220577,0.93054885,0.63091826,2
174,394,0.0,0.955015,1.2141516,0.72305554,2
174,397,0.0,1.0546561,0.0,0.35155207,1
174,412,0.9811228,0.0,0.0,0.32704094,1
174,414,0.0,0.0,1.2046993,0.40156645,1
174,417,0.9923486,0.0,0.0,0.3307829,1
174,418,0.0,0.0,0.7668542,0.2556181,1
174,421,0.0,0.93937594,0.0,0.3131253,1
174,434,0.0,1.2078345,0.0,0.4026115,1
174,452,0.0,1.0157651,0.0,0.33858836,1
174,459,0.0,0.9971989,0.0,0.33239964,1
174,463,0.0,0.0,0.60947347,0.20315783,1
174,468,1.0204912,0.0,0.0,0.34016377,1
174,478,1.0131754,1.0324645,0.0,0.68188,2
174,479,0.0,0.9706411,0.0,0.32354704,1
174,481,0.0,0.0,0.7503385,0.25011283,1
174,488,0.0,1.0221503,0.0,0.34071678,1
174,491,0.0,0.9624435,0.0,0.3208145,1
174,501,0.0,1.2063882,0.0,0.4021294,1
175,184,0.0,0.95602876,0.0,0.31867626,1
175,188,0.0,0.0,1.0189458,0.3396486,1
175,190,0.0,1.0293461,0.0,0.3431154,1
175,193,0.96034175,0.0,0.0,0.32011393,1
175,194,1.0135255,0.0,0.7258589,0.5797948,2
175,198,0.0,0.0,0.8798698,0.29328996,1
175,201,0.0,0.97261965,0.67032725,0.54764897,2
175,208,0.0,0.0,1.2090054,0.4030018,1
175,209,0.0,0.0,0.7170465,0.2390155,1
175,213,0.0,0.9593378,0.0,0.31977928,1
175,229,0.0,0.0,0.6008599,0.20028663,1
175,233,0.0,0.0,0.96339226,0.32113075,1
175,234,0.0,0.0,1.4484692,0.48282307,1
175,243,1.0474417,0.0,0.0,0.34914726,1
175,245,0.0,0.0,0.68081784,0.22693929,1
175,258,0.0,0.0,0.9978654,0.3326218,1
175,262,0.0,0.0,0.90916336,0.30305445,1
175,263,0.0,0.99798304,0.8271067,0.6083633,2
175,269,0.0,0.0,0.7405144,0.24683814,1
175,278,0.97014046,0.0,0.0,0.32338017,1
175,279,0.0,0.9396348,0.0,0.31321162,1
175,282,1.0632983,0.0,0.0,0.3544328,1
175,290,0.0,0.0,1.1316906,0.37723023,1
175,294,0.9992861,0.0,0.0,0.33309537,1
175,301,0.0,0.0,1.4245278,0.4748426,1
175,310,0.0,0.0,1.5862256,0.5287419,1
175,313,0.99687785,0.0,0.0,0.33229262,1
175,319,0.9886711,0.0,0.0,0.32955706,1
175,320,0.0,0.0,0.853919,0.2846397,1
175,322,1.0135002,0.0,0.0,0.3378334,1
175,329,1.0286134,0.0,0.0,0.34287116,1
175,333,0.0,0.9350592,0.0,0.3116864,1
175,334,0.0,0.0,1.2708173,0.42360577,1
175,342,0.0,0.0,1.4503292,0.48344308,1
175,346,0.99849,0.0,0.0,0.33283,1
175,353,0.0,0.0,1.024418,0.3414727,1
175,356,0.9751604,0.0,0.0,0.32505348,1
175,360,0.0,0.0,1.0460246,0.34867486,1
175,363,0.0,0.0,0.7810629,0.2603543,1
175,366,1.0216737,0.0,0.0,0.3405579,1
175,368,0.0,0.95116335,0.0,0.31705445,1
175,373,0.97482795,0.0,0.0,0.32494265,1
175,375,0.0,1.0274602,0.0,0.34248674,1
175,379,0.0,0.0,0.81655777,0.27218592,1
175,380,0.0,0.95718473,0.0,0.31906158,1
175,381,0.0,0.0,1.0107241,0.33690804,1
175,390,0.0,0.0,1.1005648,0.36685497,1
175,391,0.0,0.0,0.91688454,0.30562818,1
175,394,0.0,0.0,0.8729319,0.2909773,1
175,395,0.9693004,0.0,0.0,0.32310015,1
175,396,0.0,0.0,0.67781514,0.22593838,1
175,397,0.96720445,0.0,0.0,0.3224015,1
175,403,0.0,1.0630734,0.0,0.3543578,1
175,404,1.0321058,0.0,0.0,0.34403527,1
175,412,0.0,1.0847465,0.0,0.36158216,1
175,414,0.0,0.94951355,0.0,0.31650454,1
175,418,0.0,0.9983245,0.0,0.33277485,1
175,436,0.0,0.9956618,0.0,0.33188727,1
175,438,0.0,0.9631721,0.0,0.32105738,1
175,445,0.99447376,0.0,0.0,0.33149126,1
175,447,0.0,0.9619587,0.0,0.3206529,1
175,448,0.0,1.0035611,0.0,0.3345204,1
175,456,1.0156796,0.0,0.6581282,0.55793595,2
175,463,0.0,0.0,0.57743394,0.19247799,1
175,466,0.0,0.96947867,0.0,0.32315958,1
175,469,0.0,0.95868963,0.0,0.3195632,1
175,482,0.97235125,0.0,0.0,0.3241171,1
175,495,0.9863854,0.0,0.5825558,0.5229804,2
175,498,0.0,0.9536119,0.0,0.31787065,1
175,505,0.0,1.0229149,0.0,0.34097165,1
175,508,0.98862255,0.0,0.0,0.32954085,1
175,509,0.0,1.0182626,0.0,0.33942088,1
176,177,1.0762565,0.0,0.0,0.3587522,1
176,178,0.0,1.0319667,0.0,0.3439889,1
176,180,0.0,0.0,1.5735091,0.52450305,1
176,184,0.98359466,0.0,0.0,0.3278649,1
176,191,0.96446455,0.0,0.0,0.3214882,1
176,193,0.0,0.0,1.023307,0.34110233,1
176,196,0.9730693,0.0,0.0,0.32435644,1
176,201,0.9629746,0.0,0.0,0.32099155,1
176,205,1.0135694,1.1584108,0.0,0.7239934,2
176,212,0.0,0.0,1.1452569,0.3817523,1
176,221,1.0282626,0.0,0.0,0.34275422,1
176,227,0.97330797,0.0,0.0,0.324436,1
176,237,0.0,1.0593309,0.0,0.3531103,1
176,240,0.96324366,0.0,0.0,0.32108122,1
176,250,0.0,0.9649992,0.0,0.32166642,1
176,259,0.0,0.0,0.79159826,0.2638661,1
176,266,0.0,0.9415865,0.0,0.31386217,1
176,271,0.99450654,0.0,0.0,0.3315022,1
176,275,0.0,0.9693113,0.0,0.3231038,1
176,279,0.0,1.0593137,0.0,0.35310456,1
176,281,0.0,0.0,0.8654559,0.28848532,1
176,283,0.0,0.0,1.1322854,0.37742847,1
176,287,0.96551543,0.0,0.0,0.3218385,1
176,292,0.0,0.9928042,0.0,0.33093476,1
176,294,0.0,0.0,0.8584624,0.28615415,1
176,295,0.0,0.0,0.8429361,0.2809787,1
176,297,0.9811621,0.0,0.0,0.32705402,1
176,301,0.0,1.0350175,0.0,0.34500584,1
176,309,0.0,0.0,1.4267184,0.4755728,1
176,315,0.0,0.9317677,0.0,0.31058925,1
176,318,0.0,0.0,1.1732038,0.39106795,1
176,332,0.0,0.0,0.91545,0.30515,1
176,338,0.0,0.0,1.2124256,0.40414187,1
176,340,0.0,0.9665883,0.0,0.32219613,1
176,346,0.9945879,0.0,0.0,0.33152932,1
176,351,1.0126941,1.00602,0.0,0.67290473,2
176,364,1.0777872,0.0,0.0,0.3592624,1
176,369,0.0,0.0,0.6896587,0.22988623,1
176,372,0.0,1.0170945,0.0,0.33903152,1
176,375,0.0,0.0,1.3738766,0.45795888,1
176,376,0.98939025,0.0,0.0,0.32979676,1
176,379,0.0,0.982147,0.0,0.32738233,1
176,381,0.0,0.9541454,0.0,0.31804848,1
176,388,0.0,0.9562323,0.0,0.31874412,1
176,395,0.9776946,0.0,0.0,0.3258982,1
176,397,0.0,0.0,0.8302717,0.27675724,1
176,405,0.0,0.0,1.2075794,0.40252647,1
176,406,1.0351379,0.9841768,0.0,0.67310494,2
176,409,0.9785695,0.0,0.0,0.32618985,1
176,420,0.0,0.0,0.8972475,0.29908252,1
176,421,0.0,0.9452641,0.0,0.31508803,1
176,429,0.0,0.0,0.9916187,0.33053958,1
176,432,0.0,0.0,0.96155727,0.3205191,1
176,435,0.0,1.0088023,0.0,0.33626744,1
176,437,0.0,0.0,0.7217452,0.24058174,1
176,443,0.0,0.0,0.6825568,0.22751895,1
176,444,0.9639899,0.0,0.8119691,0.59198636,2
176,445,0.98027843,0.9495997,0.0,0.6432927,2
176,452,0.0,0.9472635,0.0,0.3157545,1
176,462,0.0,0.95719314,0.0,0.31906438,1
176,471,0.0,0.95537484,0.0,0.3184583,1
176,473,0.9853085,0.0,0.0,0.3284362,1
176,475,0.9672963,0.9487509,0.0,0.6386824,2
176,476,1.0078982,0.0,0.0,0.33596608,1
176,478,0.0,0.9574227,0.0,0.3191409,1
176,481,0.98990476,0.0,0.0,0.32996827,1
176,496,0.0,0.0,1.4733642,0.4911214,1
176,500,0.96662563,0.0,0.0,0.32220855,1
176,507,0.0,0.0,1.6100242,0.53667474,1
176,509,0.0,0.0,0.9175095,0.3058365,1
177,179,0.0,0.95383716,0.0,0.31794572,1
177,181,0.96584713,0.0,0.0,0.32194906,1
177,185,1.0234262,0.0,0.0,0.34114206,1
177,186,0.0,0.0,1.3237692,0.4412564,1
177,187,0.0,0.0,0.7441821,0.2480607,1
177,189,1.0287434,0.0,0.0,0.34291446,1
177,204,0.0,0.0,0.6841864,0.22806214,1
177,206,0.0,0.0,1.8154474,0.60514915,1
177,212,1.0999745,0.0,0.0,0.36665818,1
177,214,1.0487292,0.0,0.0,0.3495764,1
177,216,0.0,0.0,1.5323701,0.51079005,1
177,219,0.96847063,0.0,0.0,0.32282355,1
177,222,0.9775193,0.0,0.0,0.32583976,1
177,224,0.0,1.0356395,0.0,0.34521317,1
177,230,0.0,0.0,1.104717,0.36823902,1
177,233,1.008096,0.0,0.0,0.336032,1
177,245,0.9881378,0.0,0.0,0.32937926,1
177,248,0.0,1.1112791,1.1461132,0.7524641,2
177,249,0.0,1.0564737,0.0,0.35215792,1
177,258,0.9854022,0.0,0.0,0.32846743,1
177,287,0.0,0.98708093,1.0027906,0.6632905,2
177,288,0.0,1.1805499,0.0,0.39351663,1
177,302,0.0,1.0202118,0.0,0.3400706,1
177,317,0.0,0.0,0.8546301,0.2848767,1
177,318,0.0,0.9704044,0.0,0.32346815,1
177,328,0.0,0.0,1.0688759,0.35629198,1
177,330,0.0,0.945901,0.0,0.31530035,1
177,332,1.0081257,1.0042773,0.0,0.67080104,2
177,335,1.0323564,0.9463607,0.0,0.65957236,2
177,337,0.0,0.9379831,0.0,0.31266105,1
177,340,1.011214,0.0,0.0,0.33707136,1
177,341,0.0,0.95720935,0.0,0.3190698,1
177,355,0.9875744,0.98836756,0.0,0.6586473,2
177,356,0.0,1.0605074,0.0,0.35350248,1
177,359,0.0,0.0,1.2992626,0.43308756,1
177,361,0.0,0.0,0.78763753,0.26254585,1
177,377,0.98400414,0.0,0.0,0.32800138,1
177,387,0.0,0.0,0.7494945,0.2498315,1
177,390,0.0,0.954562,0.0,0.31818736,1
177,412,0.0,0.0,0.7476405,0.2492135,1
177,414,0.9807321,0.0,0.0,0.3269107,1
177,435,0.0,0.9915841,0.0,0.33052805,1
177,448,0.0,0.0,1.1467358,0.38224527,1
177,454,0.0,0.0,1.9294738,0.64315796,1
177,456,0.0,1.0011026,0.0,0.33370087,1
177,459,0.0,0.9819817,0.0,0.32732725,1
177,460,0.0,0.0,0.98297167,0.32765722,1
177,467,0.0,0.9820467,0.0,0.32734892,1
177,469,0.0,0.9368578,0.0,0.31228596,1
177,470,0.9740167,0.0,0.0,0.32467225,1
177,472,0.0,0.0,0.8845327,0.29484424,1
177,473,0.9639839,0.0,0.0,0.32132798,1
177,476,0.0,0.9886192,0.0,0.32953975,1
177,480,0.0,0.96556264,0.0,0.32185423,1
177,483,0.0,0.9933,0.0,0.33110002,1
177,493,0.0,0.961244,0.0,0.32041466,1
177,503,0.0,1.0373925,0.0,0.3457975,1
177,506,0.0,0.94856447,0.0,0.31618816,1
177,507,0.0,0.94502836,0.0,0.31500947,1
177,510,0.0,1.0736392,0.0,0.35787973,1
177,511,0.9682765,0.0,0.0,0.32275885,1
178,184,0.0,0.0,0.8045397,0.2681799,1
178,185,0.9607321,0.0,0.0,0.32024404,1
178,187,0.0,0.946675,0.0,0.31555834,1
178,188,0.0,0.0,0.95408785,0.31802928,1
178,200,0.9996011,0.0,0.0,0.3332004,1
178,204,1.0501717,0.0,0.0,0.35005724,1
178,215,0.0,0.0,0.85836893,0.28612298,1
178,219,0.0,0.0,0.858622,0.28620735,1
178,222,0.0,0.9570439,0.0,0.31901464,1
178,223,0.0,0.99901444,0.0,0.33300483,1
178,243,0.9992462,1.039596,0.0,0.67961407,2
178,248,0.0,0.9444712,0.0,0.31482375,1
178,253,0.0,0.0,1.7357569,0.5785856,1
178,257,0.9779771,0.0,0.0,0.32599238,1
178,265,0.974999,0.0,0.0,0.3249997,1
178,266,0.0,1.0010393,0.0,0.33367977,1
178,290,0.0,0.0,0.6694752,0.2231584,1
178,292,0.0,0.0,0.6986906,0.23289686,1
178,293,0.0,1.0068194,0.0,0.33560646,1
178,295,0.972734,0.0,0.0,0.32424468,1
178,306,0.0,0.9480239,1.786607,0.91154367,2
178,308,0.0,0.0,1.6643827,0.55479425,1
178,315,0.0,0.0,1.8680694,0.62268984,1
178,317,0.0,1.021109,0.0,0.34036967,1
178,333,0.0,0.0,0.8132218,0.27107394,1
178,336,0.0,0.9762041,0.0,0.32540137,1
178,337,0.0,0.9665789,0.0,0.32219297,1
178,342,1.071266,0.0,0.0,0.35708869,1
178,346,0.0,1.0167462,0.0,0.3389154,1
178,348,0.0,0.0,0.7117138,0.23723793,1
178,353,0.0,0.0,0.64461917,0.21487306,1
178,356,1.0245132,0.0,0.0,0.34150442,1
178,363,0.0,0.0,1.0503525,0.3501175,1
178,391,0.0,0.0,1.252823,0.41760767,1
178,396,1.0191147,0.0,0.0,0.33970493,1
178,403,1.0664599,0.0,0.0,0.35548663,1
178,409,0.0,0.0,1.3858024,0.46193415,1
178,423,0.9645646,0.0,0.0,0.32152155,1
178,425,0.96242213,0.0,0.0,0.3208074,1
178,426,0.0,1.0197295,0.0,0.33990985,1
178,432,0.9583739,0.0,0.0,0.31945798,1
178,439,0.0,1.1700798,0.0,0.39002663,1
178,448,0.0,1.046973,0.0,0.348991,1
178,453,0.0,0.0,0.85758114,0.2858604,1
178,456,0.96235913,0.0,0.0,0.3207864,1
178,458,0.978165,0.0,0.0,0.326055,1
178,468,0.0,0.0,0.69251233,0.23083745,1
178,469,1.0074899,0.0,0.0,0.33582997,1
178,471,1.0305094,0.0,0.0,0.34350312,1
178,483,0.0,0.0,0.8951193,0.2983731,1
178,485,0.0,0.0,0.79068834,0.2635628,1
178,495,0.0,0.0,0.8404943,0.28016478,1
178,510,0.9911212,0.0,0.0,0.33037373,1
179,182,1.0375468,0.0,0.0,0.34584892,1
179,183,0.0,0.0,0.6702918,0.2234306,1
179,185,1.0140003,0.0,0.0,0.33800012,1
179,187,1.1406693,0.0,0.0,0.38022313,1
179,189,1.0750954,0.0,0.0,0.35836515,1
179,194,0.9770493,0.0,0.0,0.32568312,1
179,205,0.0,0.0,0.668957,0.22298567,1
179,210,0.99464697,0.0,0.0,0.331549,1
179,217,0.9670978,0.0,0.0,0.32236594,1
179,218,0.0,0.0,1.8723178,0.62410593,1
179,220,0.0,0.0,0.7482424,0.24941413,1
179,223,0.0,0.0,1.672693,0.5575644,1
179,224,0.0,0.0,0.62439686,0.2081323,1
179,235,0.0,0.98155916,1.4072121,0.79625714,2
179,236,0.0,0.0,1.1470586,0.3823529,1
179,240,0.0,0.9606393,0.0,0.3202131,1
179,244,0.0,0.0,0.42706668,0.14235556,1
179,250,0.0,1.0057765,0.0,0.33525884,1
179,251,0.0,0.0,1.3122984,0.43743283,1
179,252,1.1309863,0.0,0.7786666,0.636551,2
179,253,1.0942148,0.0,0.0,0.3647383,1
179,263,0.97892696,0.0,0.0,0.326309,1
179,277,0.0,0.9910873,0.0,0.33036244,1
179,286,0.0,0.0,0.78709835,0.26236612,1
179,299,0.97352153,0.0,0.6777014,0.55040765,2
179,300,0.97177255,0.0,0.0,0.32392418,1
179,302,0.0,0.9848023,0.0,0.32826746,1
179,308,0.0,0.9606286,0.0,0.32020956,1
179,311,0.9866694,0.0,0.0,0.32888982,1
179,314,0.0,1.0099767,0.8490449,0.6196739,2
179,321,0.0,0.0,1.9518468,0.65061563,1
179,325,0.9763778,0.943092,1.0523294,0.9905998,3
179,326,0.9935212,0.0,0.99246573,0.66199565,2
179,327,0.0,0.0,0.64421827,0.21473943,1
179,328,0.0,0.0,0.63613254,0.21204418,1
179,330,0.9654504,0.0,0.0,0.3218168,1
179,332,1.0271192,0.0,0.0,0.34237307,1
179,333,0.0,1.0262877,0.0,0.3420959,1
179,336,0.0,0.0,1.0746971,0.35823238,1
179,337,0.0,0.0,1.0292507,0.3430836,1
179,340,0.0,0.0,0.7765441,0.25884804,1
179,343,0.0,0.0,0.97318214,0.32439405,1
179,352,0.0,0.0,0.92973,0.30991,1
179,358,0.0,0.0,0.4471348,0.14904493,1
179,370,0.0,0.9453226,0.93418574,0.62650275,2
179,374,1.0382458,0.0,0.0,0.34608194,1
179,376,0.9686891,0.0,0.0,0.32289636,1
179,386,0.99041396,0.0,0.0,0.330138,1
179,391,1.0158678,0.0,0.0,0.33862263,1
179,400,0.0,0.0,0.85257256,0.28419086,1
179,403,0.0,0.0,0.63992125,0.21330708,1
179,406,0.0,1.0366126,0.0,0.34553754,1
179,408,0.0,0.0,0.42354107,0.14118037,1
179,414,0.9852053,0.0,0.0,0.32840177,1
179,415,0.0,0.0,0.61313576,0.20437859,1
179,416,0.0,0.0,0.8136543,0.27121812,1
179,430,1.0305603,0.0,0.0,0.3435201,1
179,434,0.0,0.9635347,0.0,0.32117826,1
179,436,0.0,1.0088822,0.0,0.33629405,1
179,438,0.0,0.0,0.64712507,0.21570836,1
179,446,0.0,0.0,0.563648,0.18788266,1
179,453,0.0,1.066504,0.0,0.35550135,1
179,454,0.0,0.9778638,0.0,0.32595462,1
179,461,0.0,1.0311195,1.2035508,0.7448901,2
179,477,0.0,1.0002425,0.0,0.33341417,1
179,480,0.0,0.0,0.5526803,0.18422678,1
179,482,0.97719693,0.0,0.0,0.32573232,1
179,484,0.0,1.0596143,0.0,0.3532048,1
179,490,0.0,0.0,0.71487665,0.23829222,1
179,491,0.0,0.0,1.6804461,0.5601487,1
179,494,0.0,0.0,1.1086451,0.36954838,1
179,497,0.0,0.0,0.52785367,0.17595123,1
179,506,0.0,0.0,1.8107499,0.60358334,1
179,510,0.0,0.0,1.7432053,0.58106846,1
180,182,0.0,0.0,0.74919605,0.24973202,1
180,186,0.0,1.0713775,0.0,0.35712585,1
180,187,0.0,0.96981704,0.0,0.32327235,1
180,193,0.0,0.9622088,0.9434069,0.63520527,2
180,195,0.9656046,0.0,0.0,0.3218682,1
180,204,0.0,1.0997621,0.0,0.36658737,1
180,205,0.0,1.0158089,0.0,0.338603,1
180,211,1.0099063,0.96116686,0.0,0.6570244,2
180,212,0.0,0.0,0.7387709,0.24625698,1
180,214,1.0417484,0.0,0.0,0.34724948,1
180,219,0.96795326,0.0,0.0,0.3226511,1
180,229,1.0070884,0.0,0.0,0.33569616,1
180,239,0.0,0.9409066,0.0,0.31363553,1
180,265,0.0,0.0,0.7911844,0.26372814,1
180,276,1.0145637,0.0,0.0,0.3381879,1
180,277,0.0,0.9996061,0.0,0.33320203,1
180,278,0.0,0.9946848,0.0,0.33156163,1
180,281,0.0,0.0,1.0313017,0.34376726,1
180,283,0.0,0.0,0.6342668,0.21142226,1
180,287,0.0,0.96719515,0.0,0.3223984,1
180,292,0.0,0.0,0.85309684,0.28436562,1
180,293,1.0122355,0.0,0.0,0.33741185,1
180,295,0.0,0.0,0.8491428,0.28304762,1
180,297,0.0,0.9738056,0.0,0.3246019,1
180,306,1.0072064,0.0,0.0,0.3357355,1
180,307,1.0051494,0.0,0.0,0.3350498,1
180,309,0.0,0.0,0.7807079,0.26023597,1
180,318,0.0,0.0,1.466403,0.488801,1
180,323,1.0331501,1.029599,0.0,0.687583,2
180,330,0.0,0.0,0.669817,0.22327232,1
180,332,0.0,0.0,1.8476254,0.6158751,1
180,343,0.99692994,0.0,0.0,0.33231,1
180,353,0.96456087,0.0,0.0,0.3215203,1
180,368,0.0,0.0,0.8313587,0.27711958,1
180,369,0.0,0.0,1.255447,0.41848236,1
180,371,0.96883607,0.0,0.0,0.32294536,1
180,375,0.0,0.0,1.2720771,0.4240257,1
180,376,1.1015493,0.0,0.0,0.3671831,1
180,385,1.0527239,0.0,0.0,0.35090798,1
180,397,0.0,0.0,0.88763106,0.29587704,1
180,399,0.0,0.9638029,0.83690065,0.6002345,2
180,401,0.0,0.95770526,0.0,0.3192351,1
180,405,0.0,0.0,1.0700729,0.35669097,1
180,407,0.0,0.0,0.80318666,0.2677289,1
180,422,0.0,0.0,0.9769067,0.32563558,1
180,432,0.0,0.0,0.9705991,0.32353306,1
180,437,0.0,0.0,1.2030867,0.40102893,1
180,438,0.0,0.9431242,0.0,0.31437474,1
180,444,0.0,0.0,0.9883692,0.32945642,1
180,463,0.96591485,0.0,0.0,0.32197163,1
180,475,0.0,0.95423096,0.0,0.318077,1
180,478,0.0,0.9607463,0.0,0.32024878,1
180,481,0.9655112,0.0,0.0,0.32183707,1
180,482,0.0,0.0,1.4169735,0.4723245,1
180,487,0.0,1.0267082,0.0,0.3422361,1
180,492,0.0,0.9693005,0.0,0.32310018,1
180,496,0.0,0.0,1.5482496,0.51608324,1
180,497,0.0,0.9763468,0.0,0.32544893,1
180,498,0.9823117,0.0,0.0,0.32743725,1
180,507,0.0,0.9628745,1.8375452,0.9334732,2
180,509,0.0,0.0,0.6939141,0.2313047,1
181,184,1.0117832,0.0,0.0,0.33726108,1
181,193,0.97132283,0.0,0.0,0.32377428,1
181,196,0.0,0.0,1.2801641,0.4267214,1
181,206,0.0,1.0932742,0.0,0.36442477,1
181,210,0.0,0.0,1.4087753,0.4695918,1
181,217,0.0,0.94784784,0.0,0.3159493,1
181,225,0.987992,0.94640946,0.0,0.64480054,2
181,228,0.0,0.0,1.6349452,0.5449817,1
181,235,0.9716526,0.0,0.0,0.32388422,1
181,249,1.0343984,0.95256853,0.0,0.66232234,2
181,254,1.0514505,0.0,0.0,0.3504835,1
181,256,0.0,0.9826402,0.0,0.32754675,1
181,269,0.0,0.0,1.0547583,0.3515861,1
181,270,0.0,0.0,0.907294,0.30243134,1
181,274,0.0,0.0,0.88824785,0.29608262,1
181,278,0.0,0.0,1.4683623,0.48945412,1
181,280,0.0,0.9604985,0.0,0.32016617,1
181,281,0.9904539,0.0,0.0,0.33015132,1
181,282,0.0,1.0219649,0.0,0.34065497,1
181,288,0.0,0.97581327,0.0,0.3252711,1
181,292,0.96782357,0.0,0.0,0.32260787,1
181,295,0.0,0.9532604,0.0,0.3177535,1
181,298,0.0,0.0,1.2275327,0.4091776,1
181,302,0.9817922,0.0,0.0,0.32726407,1
181,307,0.0,0.0,1.0808455,0.36028183,1
181,308,0.0,0.98567903,0.0,0.3285597,1
181,311,0.9826682,0.0,0.7987789,0.5938157,2
181,312,0.0,0.9502795,0.0,0.31675982,1
181,313,1.0492657,0.0,0.0,0.34975526,1
181,316,0.0,0.9519358,0.0,0.31731194,1
181,317,0.0,0.9585538,0.0,0.31951794,1
181,322,0.0,0.0,0.7067474,0.23558247,1
181,324,0.9667944,0.0,0.0,0.3222648,1
181,329,0.9877269,0.0,0.0,0.32924232,1
181,333,0.0,0.95265865,0.0,0.3175529,1
181,337,0.9868767,0.0,0.0,0.32895893,1
181,339,0.0,0.9517184,0.0,0.31723946,1
181,340,0.9989529,0.0,0.0,0.33298433,1
181,342,0.98566836,1.2655417,0.0,0.75040334,2
181,353,0.0,1.0059198,0.0,0.3353066,1
181,354,0.0,0.0,0.8624459,0.28748196,1
181,355,1.0396309,0.0,0.0,0.34654364,1
181,359,0.0,0.9892636,0.0,0.32975453,1
181,362,0.0,0.0,0.88043875,0.2934796,1
181,364,0.9705215,0.0,0.0,0.3235072,1
181,366,0.0,0.0,1.3226804,0.44089347,1
181,372,0.0,0.9476299,0.0,0.31587666,1
181,374,0.0,0.9679935,0.0,0.3226645,1
181,386,0.0,0.0,1.0891255,0.36304185,1
181,392,0.0,0.0,1.00996,0.33665335,1
181,393,0.0,0.0,0.7279131,0.2426377,1
181,407,0.0,0.0,0.8729898,0.2909966,1
181,410,0.9736898,0.0,0.0,0.32456326,1
181,415,0.9686281,0.0,0.0,0.32287604,1
181,421,0.0,0.0,1.228681,0.40956032,1
181,426,0.9706254,0.0,0.0,0.32354182,1
181,427,0.0,0.0,1.6667807,0.5555936,1
181,433,0.0,0.0,1.2816412,0.42721376,1
181,434,0.0,1.1309638,0.0,0.37698793,1
181,441,0.0,0.9530559,1.1596568,0.7042376,2
181,451,0.0,0.0,0.66049033,0.22016345,1
181,468,0.9877556,0.0,0.0,0.3292519,1
181,471,0.0,1.0383961,0.0,0.34613204,1
181,477,1.0005807,0.0,0.0,0.3335269,1
181,479,0.0,0.0,1.1153955,0.37179852,1
181,480,0.0,0.9415321,0.0,0.31384403,1
181,482,1.045227,0.0,0.0,0.34840903,1
181,485,0.9884396,0.0,0.0,0.32947987,1
181,486,0.0,1.0599225,0.0,0.3533075,1
181,508,0.98836344,0.0,0.0,0.32945448,1
182,183,1.0251901,0.0,0.0,0.34173006,1
182,184,0.0,0.0,1.0815114,0.3605038,1
182,185,0.0,0.0,0.74447757,0.2481592,1
182,187,0.0,0.9517793,0.0,0.3172598,1
182,188,0.0,1.1426022,0.0,0.38086742,1
182,190,0.0,0.96003705,0.0,0.32001236,1
182,197,0.0,0.0,0.9306477,0.3102159,1
182,199,1.0130162,0.0,0.0,0.33767208,1
182,201,0.0,1.0774039,0.0,0.35913464,1
182,212,0.99400187,0.0,0.0,0.33133397,1
182,215,0.0,0.0,0.68374753,0.22791585,1
182,230,0.0,1.0521992,0.0,0.3507331,1
182,247,0.9944656,0.0,0.0,0.33148855,1
182,248,0.0,0.9489067,0.0,0.31630224,1
182,254,0.0,0.0,0.74567723,0.24855909,1
182,259,1.0016049,0.0,0.0,0.33386832,1
182,260,1.0758154,0.0,0.0,0.35860515,1
182,264,0.0,0.0,1.1382037,0.37940127,1
182,265,0.0,0.0,0.77646583,0.25882196,1
182,270,0.0,0.0,0.7683711,0.25612372,1
182,273,0.0,1.1776158,0.0,0.3925386,1
182,274,0.0,0.0,0.79363364,0.26454455,1
182,278,0.0,0.0,0.9751136,0.32503787,1
182,282,0.0,0.0,1.0873767,0.3624589,1
182,288,0.0,1.0411179,0.0,0.3470393,1
182,289,1.0681901,0.9557552,0.0,0.6746484,2
182,291,1.0214806,0.0,0.0,0.34049353,1
182,292,0.0,0.0,0.97181106,0.32393703,1
182,294,0.0,0.97049415,0.0,0.32349807,1
182,295,0.0,0.0,1.1642579,0.38808596,1
182,297,0.9809484,0.0,0.0,0.3269828,1
182,298,0.0,0.0,1.5886003,0.52953345,1
182,311,0.0,0.0,0.79773897,0.265913,1
182,314,0.0,0.97474706,0.0,0.3249157,1
182,317,0.0,0.97084045,0.0,0.3236135,1
182,319,0.0,0.9790361,0.0,0.32634538,1
182,321,0.9806196,0.0,0.0,0.3268732,1
182,332,0.0,1.0324346,0.0,0.34414488,1
182,349,0.0,0.0,1.104954,0.36831802,1
182,355,0.0,1.1105273,0.0,0.37017578,1
182,356,0.0,0.0,0.6925715,0.23085718,1
182,362,0.0,0.0,2.0144296,0.67147654,1
182,368,0.0,0.0,0.79559016,0.26519674,1
182,383,0.0,0.94880974,0.0,0.31626993,1
182,384,1.0033406,0.0,0.0,0.33444688,1
182,397,0.0,0.0,1.0807409,0.360247,1
182,402,0.9803763,0.0,0.0,0.32679212,1
182,407,0.0,0.0,1.7315718,0.57719064,1
182,411,0.9910465,0.0,0.0,0.33034885,1
182,421,0.0,0.0,1.1752257,0.39174193,1
182,430,0.95822865,0.0,0.0,0.31940955,1
182,431,0.99598587,0.0,0.0,0.3319953,1
182,432,0.0,0.0,0.6702469,0.22341564,1
182,434,1.0484965,0.0,0.0,0.34949884,1
182,437,0.0,0.0,1.8633006,0.6211002,1
182,442,0.0,1.0018804,0.0,0.33396015,1
182,451,0.0,0.0,0.7737284,0.25790948,1
182,462,0.9984654,1.1088377,0.0,0.7024344,2
182,472,0.0,1.1192976,0.0,0.3730992,1
182,479,1.1071662,0.9392454,0.0,0.6821372,2
182,480,0.98990256,0.0,0.0,0.32996753,1
182,483,0.0,0.0,0.7778248,0.25927496,1
182,488,0.0,1.004626,0.0,0.33487535,1
182,500,0.9732565,0.0,0.0,0.32441884,1
182,505,1.1284093,0.0,0.0,0.37613642,1
183,186,0.0,1.0148537,0.0,0.33828458,1
183,197,0.0,1.0974596,0.0,0.36581987,1
183,205,0.9863891,0.97171444,1.269116,1.0757399,3
183,206,0.0,0.0,1.2520721,0.4173574,1
183,217,1.0024354,0.0,0.0,0.33414516,1
183,218,0.0,0.0,0.6808795,0.22695982,1
183,223,0.0,0.9654447,0.0,0.3218149,1
183,230,0.0,0.0,0.8828627,0.29428756,1
183,237,0.0,0.93454945,0.0,0.3115165,1
183,243,0.0,0.0,1.2448545,0.4149515,1
183,248,0.0,0.0,1.6935753,0.5645251,1
183,251,0.0,0.9496263,0.0,0.31654212,1
183,267,0.0,0.0,0.8821424,0.29404747,1
183,275,1.0109875,0.0,0.0,0.33699584,1
183,289,1.0137857,0.0,0.0,0.3379286,1
183,290,0.9680069,0.0,0.0,0.32266897,1
183,299,0.0,1.0135695,0.0,0.3378565,1
183,304,0.9550802,0.0,0.0,0.3183601,1
183,312,0.0,0.95757276,0.0,0.31919092,1
183,320,0.0,1.0945861,0.0,0.36486205,1
183,321,0.0,0.9690261,0.9340198,0.63434863,2
183,324,0.0,0.96058625,0.0,0.32019544,1
183,328,0.0,0.0,1.2762437,0.42541456,1
183,330,1.0125364,0.0,0.0,0.33751214,1
183,331,0.0,0.96432465,0.0,0.32144156,1
183,333,0.0,1.057321,0.0,0.35244033,1
183,334,0.9946391,0.0,0.0,0.33154637,1
183,335,0.0,1.0069613,0.0,0.33565378,1
183,336,0.0,0.0,1.3494788,0.4498263,1
183,338,0.0,0.99578446,0.0,0.33192816,1
183,343,0.0,0.0,0.70608884,0.23536295,1
183,351,1.0017704,0.0,0.0,0.33392346,1
183,370,0.0,0.0,0.7725419,0.25751397,1
183,377,0.0,0.98985654,0.0,0.32995218,1
183,386,1.0323466,0.0,0.0,0.34411556,1
183,395,1.0460935,0.0,0.0,0.34869784,1
183,403,0.0,0.0,0.87478316,0.2915944,1
183,414,0.9718576,0.0,0.0,0.32395256,1
183,418,1.0591141,0.0,0.0,0.35303804,1
183,425,0.0,0.93958503,0.0,0.31319502,1
183,429,0.0,1.0288761,0.0,0.3429587,1
183,444,0.0,0.0,1.25994,0.41998002,1
183,445,0.0,0.9747819,0.0,0.3249273,1
183,447,0.0,1.0050368,0.0,0.3350123,1
183,449,1.0375171,0.0,0.0,0.34583902,1
183,454,0.0,0.0,0.9355695,0.3118565,1
183,457,0.0,0.97111315,0.0,0.3237044,1
183,460,0.0,0.0,1.5667543,0.5222515,1
183,462,0.98301584,0.0,0.0,0.32767195,1
183,465,0.0,0.990283,0.0,0.33009434,1
183,473,0.96345514,0.0,0.0,0.32115173,1
183,474,0.0,1.0041512,0.0,0.3347171,1
183,479,0.97894263,0.0,0.0,0.3263142,1
183,480,1.0216156,0.0,0.0,0.34053856,1
183,481,0.968586,0.0,0.0,0.32286203,1
183,495,0.99397665,0.0,0.0,0.33132556,1
183,502,0.0,0.0,1.3022404,0.43408012,1
183,511,0.98533666,0.0,0.0,0.32844555,1
184,212,0.0,1.075496,0.0,0.35849866,1
184,214,0.0,0.9901465,0.0,0.33004886,1
184,215,0.0,0.0,1.3826635,0.46088785,1
184,221,0.98194605,0.0,0.0,0.32731536,1
184,227,1.0289623,0.0,0.0,0.34298742,1
184,246,0.96517825,0.0,0.0,0.32172608,1
184,253,0.0,0.0,0.74576503,0.24858835,1
184,256,0.0,1.0227724,0.0,0.34092414,1
184,259,0.9883091,0.0,0.0,0.32943636,1
184,270,0.0,0.0,0.73817664,0.24605888,1
184,278,0.99123627,0.0,0.0,0.3304121,1
184,281,0.0,1.0328852,0.0,0.34429508,1
184,282,0.0,0.0,1.8205726,0.60685754,1
184,287,0.95796436,0.0,0.0,0.31932145,1
184,290,0.0,0.0,0.6351217,0.21170723,1
184,292,0.0,0.0,0.78747666,0.26249224,1
184,295,0.0,0.0,0.73282546,0.24427515,1
184,298,0.0,0.0,0.7325926,0.24419753,1
184,310,0.0,0.9661212,0.0,0.3220404,1
184,311,1.0287455,0.0,0.0,0.34291518,1
184,313,0.9754394,0.0,0.0,0.3251465,1
184,314,0.0,1.1128966,0.0,0.37096554,1
184,319,0.0,1.0070999,0.0,0.33569998,1
184,322,0.0,0.96809846,0.0,0.3226995,1
184,341,0.0,0.0,1.4520944,0.4840315,1
184,343,0.99244905,0.0,0.0,0.33081636,1
184,349,0.0,0.0,0.9148306,0.30494356,1
184,356,0.0,0.0,1.2797815,0.42659384,1
184,362,0.0,0.0,0.91642505,0.30547503,1
184,363,1.0132667,0.0,0.66635543,0.55987406,2
184,364,0.0,1.1294246,0.0,0.37647486,1
184,374,0.9879954,0.0,0.0,0.32933182,1
184,376,0.96526074,0.0,0.0,0.3217536,1
184,381,0.0,0.0,0.84759426,0.28253144,1
184,391,0.0,0.0,0.95346767,0.31782258,1
184,403,0.99363065,0.0,0.0,0.33121023,1
184,412,0.0,1.0001893,0.0,0.33339643,1
184,413,0.99095905,0.0,0.0,0.3303197,1
184,423,0.96004,0.0,0.0,0.32001334,1
184,425,0.0,0.95946425,0.0,0.31982142,1
184,437,0.0,0.0,0.82971513,0.27657172,1
184,448,0.0,0.0,1.2083292,0.40277642,1
184,450,0.0,0.9750346,0.0,0.32501155,1
184,459,0.0,0.9939297,0.0,0.3313099,1
184,463,0.0,1.0244584,0.0,0.34148616,1
184,466,0.98493695,0.9599643,0.0,0.6483004,2
184,472,0.0,0.9393764,0.0,0.3131255,1
184,483,0.0,0.0,1.0209183,0.3403061,1
184,486,0.0,0.0,0.7788463,0.25961545,1
184,489,0.0,0.9828953,0.0,0.32763177,1
184,491,1.0523497,0.0,0.0,0.35078323,1
184,504,0.0,0.0,1.171783,0.39059433,1
184,511,0.0,1.0264896,0.0,0.3421632,1
185,189,0.96732306,0.0,0.0,0.32244104,1
185,190,0.0,0.0,0.78035074,0.26011693,1
185,195,0.0,1.0477021,0.0,0.34923404,1
185,199,0.0,0.0,0.7556463,0.2518821,1
185,210,0.9857338,0.0,0.0,0.32857794,1
185,214,0.0,0.0,0.88024557,0.2934152,1
185,217,0.97617006,0.0,0.0,0.32539004,1
185,218,0.0,1.117432,0.0,0.37247735,1
185,225,0.9684104,0.0,0.0,0.32280347,1
185,231,0.0,1.0195737,0.0,0.3398579,1
185,236,0.0,0.93740374,0.0,0.31246793,1
185,246,0.0,0.9898709,0.0,0.32995698,1
185,254,0.9668027,0.0,0.0,0.3222676,1
185,257,0.99458075,0.0,0.0,0.33152694,1
185,266,1.0447651,0.0,0.0,0.34825504,1
185,269,0.0,0.9437403,0.0,0.3145801,1
185,274,0.0,0.0,1.581424,0.52714133,1
185,282,0.0,1.0518192,0.0,0.3506064,1
185,284,0.0,0.0,0.9007724,0.30025747,1
185,292,0.0,0.0,0.7403116,0.24677055,1
185,295,0.0,0.9780024,0.0,0.3260008,1
185,300,0.0,0.0,0.79972583,0.26657528,1
185,304,0.0,1.0202652,0.0,0.34008843,1
185,308,0.9992133,0.0,0.0,0.3330711,1
185,311,0.0,0.0,1.0705324,0.35684416,1
185,312,0.0,1.0567704,0.0,0.35225683,1
185,319,0.96593606,0.0,0.0,0.3219787,1
185,330,0.98640686,0.0,0.0,0.3288023,1
185,343,0.0,0.946844,0.0,0.31561467,1
185,346,0.96750945,0.0,0.0,0.32250315,1
185,348,1.0463401,0.0,0.0,0.34878004,1
185,356,1.0050324,0.0,0.0,0.33501083,1
185,361,1.029799,0.0,0.0,0.34326634,1
185,365,0.9717028,0.0,0.0,0.32390094,1
185,366,0.0,0.0,0.8050895,0.26836318,1
185,368,0.0,0.0,0.9436224,0.3145408,1
185,376,0.0,1.0071015,0.0,0.3357005,1
185,377,0.98011446,0.0,0.0,0.32670483,1
185,378,0.0,0.9387404,1.227279,0.72200644,2
185,386,0.0,0.98071176,0.0,0.32690394,1
185,397,0.0,0.0,0.8332489,0.27774966,1
185,407,0.0,0.0,0.86512554,0.2883752,1
185,411,0.0,0.0,1.2944857,0.43149525,1
185,413,0.0,0.0,0.74692625,0.24897543,1
185,417,0.0,0.0,0.81447417,0.2714914,1
185,420,0.0,1.0000097,0.0,0.33333656,1
185,422,0.0,0.0,0.72262216,0.24087405,1
185,423,0.0,0.96072876,0.0,0.32024294,1
185,426,0.0,0.0,1.6052839,0.5350946,1
185,428,0.0,0.9584092,0.0,0.31946975,1
185,430,0.0,0.96025985,0.0,0.32008663,1
185,431,1.0421323,0.0,0.0,0.34737742,1
185,434,0.0,0.0,0.89133286,0.29711097,1
185,435,0.0,0.94181836,0.0,0.31393945,1
185,446,0.0,0.95667493,0.0,0.31889164,1
185,449,1.0294582,0.0,1.4465555,0.8253379,2
185,451,0.0,0.0,0.63335454,0.21111819,1
185,457,0.0,0.0,1.685421,0.56180704,1
185,476,0.0,1.1243119,0.0,0.37477064,1
185,479,0.96519524,0.0,0.0,0.32173175,1
185,501,0.0,0.95662326,0.0,0.31887442,1
186,198,0.0,0.99610776,0.0,0.33203593,1
186,203,0.0,0.0,0.7346785,0.24489284,1
186,204,0.0,0.0,0.9724631,0.32415438,1
186,207,0.0,0.97695893,0.0,0.325653,1
186,216,0.0,0.0,1.941294,0.647098,1
186,263,1.0424054,0.0,0.0,0.34746847,1
186,267,0.0,0.0,0.7025546,0.23418486,1
186,271,0.0,0.0,0.9295029,0.3098343,1
186,272,1.0154321,0.0,0.0,0.33847737,1
186,278,0.0,0.99878913,0.0,0.33292973,1
186,286,0.0,1.029724,0.0,0.34324133,1
186,287,0.0,0.0,1.7630233,0.58767444,1
186,292,1.0080473,0.0,0.0,0.3360158,1
186,303,0.0,0.0,0.9008268,0.30027562,1
186,306,0.0,1.0498431,0.0,0.3499477,1
186,307,0.98218304,0.0,0.0,0.32739437,1
186,313,0.0,0.9885199,0.0,0.32950664,1
186,315,0.992081,0.0,0.0,0.33069366,1
186,316,0.0,0.0,0.7211409,0.24038032,1
186,317,0.0,0.0,1.5270431,0.50901437,1
186,319,0.9641534,0.0,0.0,0.3213845,1
186,338,0.0,0.98662865,0.0,0.32887623,1
186,342,1.0076358,0.0,0.0,0.3358786,1
186,358,0.0,0.9984071,0.0,0.33280239,1
186,359,0.0,0.0,0.7889628,0.2629876,1
186,361,0.0,0.0,1.1659019,0.38863397,1
186,364,0.0,0.9303718,0.0,0.31012395,1
186,372,0.0,0.9448965,0.0,0.31496552,1
186,385,0.0,1.0212083,0.0,0.34040278,1
186,399,0.0,0.9375736,0.0,0.31252456,1
186,402,0.0,0.93967396,0.0,0.31322467,1
186,406,0.0,0.0,0.88204193,0.29401398,1
186,409,0.0,1.0634286,0.0,0.3544762,1
186,410,1.043492,0.0,0.0,0.34783065,1
186,438,0.0,0.0,0.8014466,0.26714888,1
186,439,0.9784113,0.0,0.0,0.32613713,1
186,449,1.0005738,0.0,0.0,0.33352458,1
186,454,0.0,0.0,0.6743341,0.22477804,1
186,457,0.0,0.9957707,0.0,0.33192357,1
186,473,1.0430822,0.0,0.0,0.3476941,1
186,480,0.0,1.011943,0.0,0.33731434,1
186,481,0.0,0.9444242,0.0,0.31480807,1
186,493,0.0,1.0170219,0.0,0.33900732,1
186,502,0.0,0.0,0.69536227,0.23178743,1
186,506,1.0366366,0.0,0.0,0.34554553,1
187,197,0.0,0.99319977,0.0,0.3310666,1
187,204,0.0,0.0,1.325496,0.441832,1
187,205,1.0020148,0.0,0.0,0.33400494,1
187,206,0.0,0.0,0.9818206,0.32727355,1
187,209,0.9722892,0.0,0.0,0.3240964,1
187,214,0.97871757,0.0,0.82243794,0.6003852,2
187,216,0.0,0.0,0.82497215,0.27499074,1
187,224,0.0,0.94979185,0.0,0.31659728,1
187,230,0.0,0.0,0.8073372,0.2691124,1
187,239,0.0,0.0,0.7510405,0.25034684,1
187,243,0.0,0.0,0.787822,0.26260734,1
187,248,0.0,0.0,0.7475843,0.24919477,1
187,259,0.97379273,0.0,0.0,0.3245976,1
187,267,0.9713226,0.0,0.91901916,0.63011396,2
187,268,0.0,0.0,0.8128833,0.2709611,1
187,281,0.9831005,0.0,0.0,0.32770017,1
187,285,1.0154469,0.0,0.0,0.33848232,1
187,287,0.0,0.0,0.9193723,0.30645746,1
187,301,0.96985096,0.0,0.0,0.32328367,1
187,303,0.96465534,0.0,0.99547064,0.6533754,2
187,306,0.0,0.95398206,0.0,0.31799403,1
187,317,0.0,0.0,0.94943917,0.31647974,1
187,335,0.0,0.0,0.6534973,0.21783243,1
187,336,0.0,0.0,0.8401936,0.28006455,1
187,343,0.0,0.94733447,0.0,0.31577817,1
187,348,0.0,0.94947356,0.0,0.3164912,1
187,358,0.98099107,0.0,0.0,0.32699704,1
187,361,0.0,0.0,0.7860985,0.26203284,1
187,365,1.0166997,0.0,0.0,0.3388999,1
187,368,0.0,0.9829054,0.0,0.32763514,1
187,378,1.1282275,0.0,0.0,0.37607583,1
187,379,1.0062352,0.0,0.0,0.33541176,1
187,387,0.0,0.0,0.75511247,0.25170416,1
187,391,0.0,0.9688818,0.0,0.32296062,1
187,392,0.9773798,0.0,0.0,0.32579327,1
187,402,0.0,0.9344354,0.0,0.3114785,1
187,406,0.0,0.0,1.065058,0.35501933,1
187,407,0.0,0.9490765,0.0,0.31635883,1
187,412,0.9781026,0.0,0.0,0.32603422,1
187,418,0.0,1.0189215,0.0,0.3396405,1
187,419,1.0100957,0.0,0.0,0.3366986,1
187,429,0.9946838,0.0,0.0,0.33156127,1
187,430,1.0109099,0.0,0.0,0.33696997,1
187,432,0.0,0.9522754,0.0,0.31742513,1
187,438,0.0,1.0079619,0.0,0.3359873,1
187,439,0.0,0.97568667,0.0,0.3252289,1
187,442,0.0,0.0,0.7726835,0.25756118,1
187,451,0.0,1.0211087,0.0,0.34036958,1
187,454,0.0,0.0,0.71241,0.23747,1
187,459,1.0541376,0.0,0.0,0.35137922,1
187,460,1.0284778,0.0,0.0,0.34282595,1
187,476,0.0,0.0,0.7863939,0.2621313,1
187,477,1.0108379,0.0,0.0,0.33694598,1
187,478,0.96083593,0.0,0.0,0.32027864,1
187,479,0.0,0.0,0.8523421,0.28411406,1
187,480,0.0,0.9905213,0.0,0.3301738,1
187,481,0.0,1.021253,0.0,0.34041768,1
187,493,0.9743048,0.0,0.0,0.32476828,1
187,494,0.0,1.0126245,0.0,0.33754152,1
187,500,0.0,0.94904506,0.0,0.31634837,1
187,502,0.0,0.0,0.7631989,0.25439966,1
188,190,0.0,1.1460048,0.0,0.3820016,1
188,201,0.0,0.0,0.7096922,0.23656407,1
188,210,0.98720044,0.0,0.0,0.3290668,1
188,211,0.9836776,0.0,0.7597997,0.5811591,2
188,213,0.0,0.99992883,0.0,0.33330962,1
188,219,0.0,0.9531673,0.68203974,0.54506904,2
188,222,0.0,0.0,0.6150206,0.20500687,1
188,226,0.0,1.0006797,0.0,0.33355993,1
188,227,1.0255622,0.0,0.0,0.34185407,1
188,229,0.0,0.0,0.70280546,0.23426849,1
188,234,0.0,0.0,1.1137455,0.37124848,1
188,235,0.0,0.95353943,0.0,0.31784648,1
188,244,1.0571201,0.0,0.0,0.35237336,1
188,250,0.9659054,0.0,0.0,0.3219685,1
188,262,0.0,0.0,0.7654828,0.25516093,1
188,263,0.0,0.0,0.7807777,0.26025924,1
188,268,0.0,0.9835756,0.0,0.32785854,1
188,273,0.0,0.0,0.58495104,0.19498369,1
188,287,0.9986119,0.0,0.0,0.33287066,1
188,290,0.0,0.0,0.7500776,0.25002587,1
188,302,1.0417912,0.0,0.0,0.34726375,1
188,305,0.0,0.0,0.9337785,0.3112595,1
188,308,0.0,0.0,0.7822609,0.26075363,1
188,311,0.0,0.99909073,0.0,0.33303025,1
188,314,1.1355801,0.0,0.0,0.3785267,1
188,315,0.0,0.0,0.9983124,0.33277082,1
188,316,1.0026481,0.0,0.0,0.33421606,1
188,321,0.0,0.97002006,0.0,0.32334003,1
188,334,0.0,0.0,0.86086047,0.2869535,1
188,341,0.0,0.9621,0.0,0.32070002,1
188,349,0.9714528,0.0,0.0,0.3238176,1
188,353,1.0235624,0.0,0.74163955,0.58840066,2
188,354,1.0620987,0.0,0.0,0.35403293,1
188,355,0.0,0.9775881,1.1918658,0.7231513,2
188,379,0.0,0.0,0.85552794,0.28517598,1
188,380,0.0,0.0,0.8040765,0.26802552,1
188,383,1.0140132,0.0,0.0,0.3380044,1
188,394,0.97364765,0.0,0.8325085,0.6020521,2
188,403,0.0,0.9482203,0.0,0.31607345,1
188,408,0.0,1.0493134,0.0,0.34977114,1
188,409,0.0,0.0,0.88907593,0.29635864,1
188,413,0.0,1.022824,0.0,0.34094137,1
188,418,0.0,0.9974087,0.0,0.33246958,1
188,420,1.0197617,0.0,0.0,0.33992058,1
188,427,0.9984749,0.0,0.0,0.33282498,1
188,435,1.0217774,0.0,0.0,0.34059247,1
188,437,0.9739902,0.0,0.0,0.3246634,1
188,452,1.0141956,0.0,0.0,0.3380652,1
188,453,0.0,0.99209464,0.0,0.33069822,1
188,460,1.0565966,0.0,0.0,0.3521989,1
188,463,0.96858364,0.0,0.0,0.32286122,1
188,472,0.9850254,0.0,0.0,0.3283418,1
188,482,0.0,0.94174093,0.0,0.31391364,1
188,483,0.0,0.9655627,0.0,0.32185423,1
188,485,0.0,0.0,0.7202746,0.24009155,1
188,486,1.0856982,0.0,0.0,0.36189944,1
188,499,0.0,0.95299006,0.0,0.31766337,1
188,504,0.96405,0.0,0.0,0.32135,1
189,194,0.0,0.0,1.2757348,0.42524493,1
189,197,0.0,0.95436597,0.0,0.318122,1
189,199,0.98211306,0.0,0.0,0.32737103,1
189,201,0.0,0.9507385,0.0,0.31691283,1
189,203,1.1604073,0.0,0.0,0.38680243,1
189,208,0.0,1.1944422,0.7603466,0.6515963,2
189,221,1.00495,0.0,1.2584664,0.75447214,2
189,222,0.0,1.0289366,0.0,0.3429789,1
189,226,0.0,1.0504544,0.0,0.35015148,1
189,232,0.0,0.9546989,0.0,0.31823298,1
189,233,0.0,0.0,0.8431493,0.2810498,1
189,244,0.9649335,0.0,0.0,0.3216445,1
189,249,0.0,0.0,0.63401926,0.21133976,1
189,254,0.98200023,0.0,0.0,0.32733342,1
189,255,0.0,0.9641558,0.0,0.32138526,1
189,273,0.0,0.0,0.581435,0.19381168,1
189,291,0.0,0.0,0.78175485,0.26058495,1
189,296,0.0,0.0,0.79007137,0.26335713,1
189,303,0.0,0.9804735,0.0,0.32682452,1
189,313,0.0,0.0,1.0956658,0.36522195,1
189,315,0.97854316,0.0,0.0,0.32618105,1
189,318,0.0,0.98898077,0.0,0.32966027,1
189,332,0.9955486,0.0,0.0,0.33184955,1
189,335,0.0,1.1427093,0.0,0.3809031,1
189,338,0.9744406,0.0,0.0,0.32481354,1
189,350,0.0,1.1197784,0.0,0.37325948,1
189,351,0.0,0.9441429,0.0,0.3147143,1
189,364,0.0,1.0021721,0.0,0.3340574,1
189,367,0.0,0.9444841,0.0,0.31482804,1
189,370,0.0,0.9715018,0.0,0.32383394,1
189,372,0.0,0.0,0.9104633,0.30348778,1
189,373,0.0,0.0,0.99152786,0.3305093,1
189,374,0.0,0.0,0.7859716,0.26199055,1
189,375,0.97750956,0.0,0.0,0.32583654,1
189,377,0.0,1.0481844,0.0,0.3493948,1
189,381,0.0,1.0229707,0.0,0.34099025,1
189,387,0.0,1.0784682,0.0,0.3594894,1
189,391,0.9909546,0.0,0.0,0.3303182,1
189,395,0.0,1.0410471,0.0,0.3470157,1
189,403,0.0,1.0349799,0.0,0.34499332,1
189,407,0.0,1.0778259,0.0,0.3592753,1
189,418,0.0,0.9346502,0.0,0.31155008,1
189,425,1.087606,0.0,0.0,0.36253533,1
189,427,1.0024929,0.0,0.0,0.33416432,1
189,429,1.0108678,0.0,0.0,0.33695596,1
189,430,0.0,0.0,0.835888,0.27862936,1
189,435,1.0054353,0.0,0.0,0.33514512,1
189,438,0.0,0.95755315,0.0,0.3191844,1
189,439,0.0,0.0,1.086755,0.3622517,1
189,440,0.9823037,0.0,0.0,0.32743457,1
189,453,0.0,0.0,1.1074837,0.36916125,1
189,458,0.0,0.0,1.333726,0.44457537,1
189,459,0.0,0.9462014,0.0,0.31540048,1
189,467,0.0,0.0,0.7867705,0.26225686,1
189,469,0.0,0.92986727,0.0,0.30995578,1
189,470,0.0,0.0,0.9609713,0.32032377,1
189,473,0.99120826,0.0,0.8691604,0.6201229,2
189,476,0.0,1.0221153,0.0,0.34070513,1
189,477,1.0216888,0.0,0.8818668,0.63451856,2
189,480,0.99236625,0.0,0.0,0.33078876,1
189,503,0.0,0.9483547,0.9068769,0.6184106,2
189,508,0.0,0.0,0.97663295,0.32554433,1
189,509,0.99829125,0.0,0.0,0.33276376,1
190,191,0.0,0.0,1.1013814,0.36712715,1
190,198,0.0,0.9643269,0.0,0.3214423,1
190,203,0.9650161,0.0,0.0,0.32167205,1
190,212,0.9955101,0.0,0.0,0.3318367,1
190,214,0.0,0.0,0.7563028,0.25210094,1
190,215,0.0,0.94349337,0.0,0.3144978,1
190,226,0.0,1.0141288,0.0,0.33804294,1
190,243,0.0,0.9350633,0.0,0.31168777,1
190,250,0.0,0.0,1.8167493,0.60558313,1
190,255,0.0,0.0,0.9763687,0.32545626,1
190,280,0.0,0.9947306,0.0,0.33157688,1
190,283,0.0,1.1077583,0.0,0.36925277,1
190,284,0.0,0.0,0.80560225,0.2685341,1
190,291,0.9733411,0.0,0.0,0.32444704,1
190,302,0.0,0.9509509,0.0,0.31698364,1
190,305,0.0,0.0,0.8752462,0.29174876,1
190,318,0.0,0.0,1.3562045,0.45206818,1
190,320,0.0,1.0093753,0.0,0.33645844,1
190,321,0.0,0.99313897,0.0,0.33104634,1
190,324,0.0,0.0,1.211724,0.403908,1
190,326,0.9690764,0.0,0.0,0.32302547,1
190,330,0.9873214,0.0,0.0,0.32910714,1
190,338,0.0,0.0,1.1315091,0.3771697,1
190,339,1.0233102,0.0,0.0,0.3411034,1
190,342,1.0341449,0.0,0.0,0.34471497,1
190,357,0.0,0.98103696,0.0,0.32701233,1
190,358,1.0323544,0.0,0.0,0.34411812,1
190,364,0.0,0.0,1.4095515,0.4698505,1
190,370,1.061984,0.0,0.0,0.35399467,1
190,371,0.99373657,0.0,0.0,0.33124554,1
190,376,0.0,0.0,1.0181223,0.33937413,1
190,377,0.9715433,0.0,0.0,0.32384777,1
190,378,0.0,0.0,1.4076928,0.46923095,1
190,382,0.9698969,0.0,0.0,0.323299,1
190,398,0.0,0.0,1.7176123,0.5725374,1
190,402,0.0,1.0110577,0.0,0.33701926,1
190,409,0.0,1.0126426,0.0,0.33754754,1
190,410,0.97166777,0.0,0.0,0.32388926,1
190,411,0.9668808,0.0,0.0,0.3222936,1
190,413,0.0,0.94577545,0.0,0.3152585,1
190,414,0.0,0.97265977,0.0,0.32421994,1
190,415,0.0,0.9461872,0.0,0.31539574,1
190,420,0.0,0.0,1.3672271,0.45574236,1
190,429,0.0,0.0,1.0799018,0.3599673,1
190,432,0.0,0.9499377,0.0,0.31664592,1
190,434,0.0,0.0,1.4746846,0.49156153,1
190,440,1.0759832,0.0,0.0,0.35866106,1
190,443,0.0,0.0,1.0829915,0.36099717,1
190,444,0.0,1.0037545,0.0,0.33458483,1
190,447,0.0,0.95038074,0.0,0.3167936,1
190,449,0.0,0.0,0.66034335,0.22011445,1
190,450,1.0165044,0.0,0.0,0.33883482,1
190,457,0.0,0.0,0.7468407,0.2489469,1
190,472,0.0,0.9656903,0.0,0.3218968,1
190,479,0.98625666,0.0,0.0,0.32875222,1
190,493,0.9771776,0.0,0.0,0.32572588,1
190,495,1.0152951,0.97095,0.0,0.6620817,2
190,498,0.0,0.0,0.79498136,0.2649938,1
190,499,1.0979886,1.1242987,0.0,0.7407625,2
190,500,0.0,0.0,1.0731379,0.35771263,1
190,505,1.0825574,0.0,0.0,0.36085248,1
190,511,0.0,0.0,1.1627648,0.38758826,1
191,192,0.0,0.0,0.67868346,0.22622782,1
191,197,0.9826861,0.0,0.0,0.32756203,1
191,202,0.0,0.0,0.48319662,0.16106555,1
191,203,0.0,0.95155776,0.0,0.31718594,1
191,204,0.0,1.0813217,0.0,0.36044058,1
191,212,0.9747438,0.0,0.0,0.3249146,1
191,214,0.0,0.0,1.7748175,0.59160584,1
191,220,0.96995634,0.0,0.0,0.32331878,1
191,245,0.0,1.0239534,0.0,0.34131783,1
191,249,0.0,0.0,0.8804855,0.29349518,1
191,250,0.0,0.0,1.3712234,0.4570745,1
191,252,0.9991476,0.0,0.0,0.3330492,1
191,255,0.0,0.0,1.7038407,0.5679469,1
191,284,0.0,0.9567363,0.0,0.31891212,1
191,288,0.0,0.0,1.1415639,0.3805213,1
191,292,0.0,0.9615423,0.0,0.3205141,1
191,294,0.9748514,0.0,0.0,0.3249505,1
191,295,1.0299932,0.0,0.0,0.34333107,1
191,302,0.0,0.0,0.6795051,0.2265017,1
191,321,0.9689475,0.0,0.0,0.32298252,1
191,328,1.101345,0.0,0.0,0.367115,1
191,335,0.0,0.969095,0.0,0.32303166,1
191,338,0.0,1.072291,0.0,0.35743034,1
191,344,0.0,0.96781355,0.0,0.32260454,1
191,357,0.98181653,0.0,0.0,0.32727218,1
191,363,0.0,1.0245174,0.0,0.34150583,1
191,364,0.0,0.0,0.72528887,0.24176297,1
191,372,0.0,0.0,0.6247464,0.2082488,1
191,376,0.0,0.0,0.9130447,0.30434823,1
191,378,0.0,0.0,1.4070959,0.469032,1
191,380,1.0063207,0.0,0.0,0.33544025,1
191,383,0.0,0.0,0.6460479,0.2153493,1
191,387,1.0132103,0.0,0.0,0.3377368,1
191,392,0.9890363,0.0,0.0,0.32967877,1
191,403,0.0,1.0239894,0.0,0.3413298,1
191,408,0.0,0.9737948,0.0,0.32459828,1
191,410,0.0,1.0416744,0.0,0.3472248,1
191,413,0.0,0.0,0.7767194,0.25890648,1
191,417,1.1250464,0.0,0.0,0.37501547,1
191,429,0.0,0.95690084,0.0,0.31896695,1
191,434,1.0069674,0.0,0.0,0.3356558,1
191,443,0.0,0.9567712,0.0,0.31892374,1
191,445,0.0,0.9502627,0.0,0.31675425,1
191,454,0.0,1.1417401,0.0,0.38058004,1
191,457,0.96502596,0.0,0.67424953,0.54642516,2
191,463,0.9814487,0.9341794,0.0,0.6385427,2
191,469,0.0,0.0,1.1310104,0.3770035,1
191,474,1.0166663,0.0,0.599908,0.5388581,2
191,478,1.0360448,0.0,0.0,0.3453483,1
191,484,0.0,1.0023683,0.0,0.33412278,1
191,487,0.9731009,0.0,0.0,0.324367,1
191,489,0.98678464,0.0,0.0,0.32892823,1
191,491,0.0,1.1502781,0.0,0.38342604,1
191,492,0.9925086,0.0,1.6687596,0.8870894,2
191,496,0.0,0.9632385,0.0,0.3210795,1
191,498,0.0,1.007385,0.0,0.33579502,1
191,499,0.0,0.0,0.6298579,0.20995264,1
191,511,0.0,0.0,0.885008,0.29500267,1
192,195,0.0,0.0,0.87517875,0.29172626,1
192,202,0.0,0.0,1.6568549,0.55228496,1
192,204,1.0292742,0.0,0.0,0.34309143,1
192,207,0.0,0.0,1.2644999,0.42149997,1
192,213,0.0,0.0,1.4254633,0.47515446,1
192,220,0.0,0.0,1.7543645,0.5847882,1
192,224,1.0171841,0.0,0.81754434,0.6115762,2
192,226,0.99542916,0.0,0.0,0.33180973,1
192,233,0.0,0.9421903,0.0,0.31406343,1
192,236,0.0,0.0,0.87416095,0.291387,1
192,237,0.9705851,0.0,2.0290256,0.9998703,2
192,239,0.0,0.9716426,0.0,0.32388088,1
192,243,0.0,1.0580217,0.0,0.3526739,1
192,252,0.96779835,0.0,0.0,0.32259947,1
192,261,0.9670206,0.0,0.0,0.3223402,1
192,280,1.050247,0.0,0.0,0.35008234,1
192,284,1.0418575,0.0,0.0,0.34728584,1
192,286,0.98479337,0.0,0.0,0.32826447,1
192,288,0.0,0.0,0.81417733,0.27139246,1
192,293,0.0,1.0133832,0.0,0.3377944,1
192,302,0.0,0.0,1.8056107,0.60187024,1
192,306,0.96944255,0.9691333,0.0,0.64619195,2
192,313,0.9934004,0.0,0.0,0.33113348,1
192,314,0.9670978,0.0,0.0,0.32236594,1
192,321,0.0,0.97935873,0.0,0.3264529,1
192,323,1.0324283,0.0,0.0,0.34414276,1
192,325,0.0,0.0,1.0385426,0.3461809,1
192,332,0.0,1.0548068,0.0,0.3516023,1
192,337,0.0,0.0,0.71586615,0.23862205,1
192,339,0.0,0.0,1.0852662,0.36175543,1
192,344,1.0234541,0.0,0.7685161,0.5973234,2
192,345,0.0,1.0473962,0.0,0.34913206,1
192,347,1.0049031,0.0,0.0,0.3349677,1
192,363,0.0,0.9438825,0.0,0.31462753,1
192,378,0.0,0.0,0.8307365,0.27691218,1
192,383,0.0,0.0,0.9729945,0.32433152,1
192,398,0.96621686,0.0,0.0,0.3220723,1
192,400,1.0552503,0.0,0.83999056,0.631747,2
192,435,0.0,1.0289596,0.0,0.34298655,1
192,438,0.97992235,0.0,0.0,0.32664078,1
192,444,0.0,0.98237324,0.0,0.32745776,1
192,445,1.0837609,0.0,0.0,0.36125362,1
192,450,0.0,0.0,0.9592436,0.31974787,1
192,457,1.011197,0.0,0.0,0.33706567,1
192,458,0.0,0.9425449,0.0,0.31418163,1
192,469,0.0,0.0,1.231601,0.41053367,1
192,474,0.0,0.0,1.4529239,0.48430797,1
192,475,1.0031463,0.0,0.0,0.33438212,1
192,480,0.0,0.9551915,0.0,0.31839716,1
192,483,0.0,0.95839185,0.0,0.31946397,1
192,491,0.0,0.0,1.0932208,0.36440694,1
192,496,1.0023558,0.0,0.0,0.3341186,1
192,499,0.0,0.0,1.3160049,0.4386683,1
192,504,0.0,0.99748975,0.0,0.33249658,1
193,198,0.0,1.0634184,0.0,0.35447282,1
193,205,0.0,1.1050816,0.0,0.36836052,1
193,211,0.0,0.9693894,0.0,0.3231298,1
193,212,0.0,0.94851357,0.9952748,0.64792943,2
193,214,0.9551632,0.0,0.0,0.31838775,1
193,216,0.9656545,0.0,0.0,0.32188484,1
193,221,1.0020995,0.0,0.0,0.3340332,1
193,239,0.0,0.99907327,0.0,0.33302444,1
193,240,0.0,0.0,1.2536393,0.4178798,1
193,243,0.9976751,0.0,0.0,0.3325584,1
193,252,0.9982355,0.0,0.0,0.3327452,1
193,258,0.0,1.0207967,0.0,0.34026557,1
193,259,0.0,0.0,0.8754985,0.29183283,1
193,261,0.9743194,0.0,0.0,0.32477313,1
193,271,1.0328962,0.0,0.0,0.34429872,1
193,274,0.9855111,0.0,0.0,0.32850373,1
193,275,0.9910643,0.0,0.0,0.33035478,1
193,281,0.0,0.0,0.89923,0.29974335,1
193,282,0.9804546,0.0,0.0,0.32681823,1
193,283,0.0,0.0,0.7117648,0.23725495,1
193,285,1.006355,0.0,0.0,0.3354517,1
193,289,0.9633727,0.0,0.0,0.32112426,1
193,297,0.97892326,0.0,0.0,0.32630777,1
193,298,1.0256294,0.0,0.0,0.34187648,1
193,303,0.0,0.967679,0.0,0.32255968,1
193,304,0.9819688,0.0,0.0,0.32732296,1
193,312,0.0,0.0,1.0361022,0.3453674,1
193,313,0.96938735,0.0,0.0,0.32312912,1
193,330,0.0,0.97973,0.0,0.32657668,1
193,331,0.0,0.0,1.4888732,0.4962911,1
193,333,0.0,0.965653,0.0,0.32188433,1
193,338,0.0,0.0,0.8302661,0.2767554,1
193,340,0.9922253,0.0,0.0,0.33074176,1
193,351,0.98188967,0.0,0.0,0.32729656,1
193,356,0.9950773,0.0,0.0,0.33169246,1
193,359,0.0,0.97025776,0.0,0.32341927,1
193,361,0.973165,0.0,0.0,0.32438833,1
193,364,0.0,0.95854187,0.82965845,0.59606683,2
193,368,0.0,0.97675145,0.0,0.32558382,1
193,369,0.0,0.0,1.3056959,0.43523198,1
193,375,0.0,0.0,0.95813245,0.31937748,1
193,381,0.9631363,0.0,0.0,0.32104546,1
193,386,0.0,0.9642056,0.0,0.3214019,1
193,389,0.0,1.0211707,0.0,0.34039026,1
193,391,0.95361716,0.0,0.0,0.3178724,1
193,396,0.982537,0.0,0.0,0.32751232,1
193,398,0.0,0.0,1.1344763,0.37815878,1
193,399,0.0,0.0,1.7127105,0.57090354,1
193,401,0.0,0.95391446,0.0,0.3179715,1
193,411,0.0,1.0686105,0.0,0.35620353,1
193,414,0.0,1.0189623,0.0,0.3396541,1
193,420,0.0,0.0,1.057632,0.352544,1
193,421,0.9960215,0.0,0.0,0.33200717,1
193,429,0.0,0.0,0.7866498,0.26221663,1
193,431,0.0,0.0,1.1434495,0.38114986,1
193,432,0.0,0.0,1.2033856,0.40112853,1
193,438,0.0,1.01435,0.0,0.3381167,1
193,440,1.0500994,0.0,0.0,0.35003313,1
193,442,0.96134156,0.95005405,0.0,0.6371319,2
193,443,0.99131656,0.9444322,0.9659737,0.9672408,3
193,452,0.0,0.0,1.0715493,0.3571831,1
193,456,0.98288137,0.0,0.0,0.32762712,1
193,470,0.9834425,0.98719096,0.0,0.6568778,2
193,471,0.0,1.010214,0.0,0.336738,1
193,480,1.0144145,0.0,0.0,0.3381382,1
193,496,0.0,0.0,1.7145735,0.5715245,1
193,497,0.0,1.0742503,0.0,0.35808346,1
193,498,0.0,0.95514166,0.0,0.31838056,1
193,505,1.0655224,0.0,0.0,0.35517415,1
193,507,0.0,0.0,0.83956176,0.27985394,1
193,509,0.0,0.0,0.70349336,0.23449779,1
194,199,0.9790097,0.96269697,0.0,0.6472356,2
194,203,1.0030253,0.0,0.0,0.33434176,1
194,208,0.0,0.0,1.2235754,0.40785846,1
194,216,0.0,1.0079758,0.0,0.33599195,1
194,219,0.9651295,0.0,0.0,0.32170984,1
194,221,0.0,0.0,1.6523533,0.55078447,1
194,229,0.0,0.94843036,0.0,0.31614345,1
194,233,0.0,0.0,1.7045959,0.5681987,1
194,256,0.0,0.9549539,0.0,0.31831798,1
194,263,1.0598246,0.0,0.0,0.35327488,1
194,269,0.0,0.9357441,0.0,0.3119147,1
194,270,0.0,1.0507256,0.0,0.35024187,1
194,276,0.9682358,0.0,0.0,0.32274526,1
194,278,0.0,1.0582721,0.0,0.3527574,1
194,282,1.0133675,0.0,0.0,0.33778918,1
194,309,0.9990463,0.0,0.0,0.33301544,1
194,310,0.0,0.0,0.6181008,0.20603362,1
194,311,0.99337226,0.0,0.0,0.3311241,1
194,342,0.0,0.0,1.3355592,0.44518644,1
194,343,0.0,0.98766744,0.0,0.3292225,1
194,348,0.0,0.0,0.7619353,0.25397843,1
194,350,0.9769279,0.0,0.0,0.32564265,1
194,352,1.0316195,0.95870095,0.0,0.6634402,2
194,353,0.0,0.0,0.6556946,0.21856487,1
194,364,0.0,0.99397016,0.0,0.3313234,1
194,372,1.0349851,0.0,0.0,0.34499502,1
194,374,0.9734794,1.2303993,0.0,0.73462623,2
194,378,0.0,0.94948757,0.0,0.31649587,1
194,381,0.9679107,0.0,0.0,0.3226369,1
194,386,0.9811639,0.0,0.0,0.32705465,1
194,387,0.0,0.95012546,0.0,0.3167085,1
194,388,0.0,0.0,1.2102119,0.40340397,1
194,391,0.0,1.0143778,0.0,0.33812594,1
194,398,0.0,0.93750817,0.0,0.31250274,1
194,404,0.96170425,0.0,0.0,0.32056808,1
194,405,0.0,0.947525,0.0,0.31584167,1
194,408,0.0,0.93716085,0.0,0.31238696,1
194,412,0.0,0.9772359,0.0,0.3257453,1
194,414,0.0,0.97917247,0.0,0.32639083,1
194,419,0.0,1.1334395,0.0,0.3778132,1
194,426,1.0047367,0.0,0.0,0.33491224,1
194,435,0.0,0.0,0.69084406,0.23028135,1
194,451,0.0,1.088277,0.0,0.362759,1
194,453,0.0,0.0,0.710198,0.23673266,1
194,458,0.0,0.0,1.3038274,0.43460914,1
194,460,0.0,0.99008715,0.0,0.33002907,1
194,467,0.0,0.0,0.8425804,0.28086013,1
194,469,0.0,0.98967427,0.0,0.32989144,1
194,472,0.96784216,0.0,0.0,0.32261407,1
194,473,0.0,0.0,0.7674189,0.25580633,1
194,474,1.0102704,0.0,0.0,0.3367568,1
194,487,0.0,0.9520265,0.0,0.31734216,1
194,503,0.0,0.0,0.8527805,0.28426018,1
195,207,0.0,1.0472043,0.0,0.3490681,1
195,213,0.0,0.0,0.5492663,0.18308876,1
195,217,0.0,0.9713105,0.0,0.32377017,1
195,220,0.0,0.0,0.6907945,0.23026484,1
195,224,0.0,0.9658531,0.0,0.32195103,1
195,229,0.0,1.0601957,0.0,0.35339856,1
195,231,0.0,0.0,0.70711994,0.23570666,1
195,236,1.0560303,0.0,0.0,0.3520101,1
195,245,1.023044,0.0,0.0,0.34101468,1
195,251,0.99119127,0.0,0.0,0.3303971,1
195,255,0.9725294,0.0,0.0,0.3241765,1
195,261,0.0,0.94565785,0.0,0.31521928,1
195,264,0.9668007,0.0,0.0,0.3222669,1
195,268,0.966362,0.0,0.0,0.32212067,1
195,280,0.9716035,0.0,0.0,0.32386786,1
195,296,0.963274,0.0,0.8677529,0.6103423,2
195,300,0.98043764,0.0,0.0,0.32681257,1
195,302,0.0,0.0,0.8995824,0.2998608,1
195,307,0.0,0.9928306,0.0,0.33094352,1
195,314,0.98036337,0.0,0.0,0.3267878,1
195,323,0.0,1.081332,0.0,0.360444,1
195,325,0.0,0.0,1.2928168,0.43093893,1
195,333,0.0,0.0,1.2522633,0.4174211,1
195,337,0.0,0.0,1.058726,0.35290867,1
195,351,0.0,1.0544102,0.0,0.35147008,1
195,369,1.0042465,0.0,0.0,0.33474883,1
195,372,0.0,0.9564815,1.0968784,0.68445337,2
195,376,0.9990214,0.0,0.0,0.33300716,1
195,382,1.0466963,0.0,0.0,0.34889877,1
195,404,0.0,0.97396255,0.0,0.3246542,1
195,405,0.9816299,0.0,0.0,0.32720998,1
195,414,0.0,1.0144349,0.0,0.338145,1
195,415,0.0,0.0,0.7020366,0.23401222,1
195,420,1.0222269,0.0,0.0,0.34074232,1
195,422,0.9713288,0.0,0.0,0.32377627,1
195,423,0.0,0.0,0.8291858,0.27639526,1
195,430,0.0,0.9632382,0.0,0.3210794,1
195,431,0.0,0.96151435,0.0,0.32050478,1
195,432,0.0,0.9546211,0.0,0.31820703,1
195,435,0.0,0.0,0.66337484,0.22112495,1
195,436,0.0,1.0771807,0.0,0.35906026,1
195,437,0.0,1.1023481,0.0,0.36744937,1
195,441,0.9878032,0.0,0.0,0.32926774,1
195,444,0.0,0.9626539,0.0,0.32088464,1
195,445,0.0,0.9400648,0.8234596,0.5878415,2
195,446,0.0,0.0,0.6448312,0.21494374,1
195,461,0.0,0.0,0.7565271,0.25217572,1
195,464,0.0,0.0,1.6609974,0.5536658,1
195,465,0.9999531,0.0,0.0,0.3333177,1
195,467,0.0,0.0,0.6692489,0.22308296,1
195,469,0.0,0.0,0.77717733,0.25905913,1
195,474,0.0,0.0,0.59854287,0.1995143,1
195,480,0.0,0.0,1.0186721,0.33955738,1
195,487,0.96988374,0.97497827,0.0,0.64828736,2
195,489,0.9601721,0.0,0.0,0.3200574,1
195,491,0.0,0.0,0.74429375,0.24809793,1
195,493,0.0,1.0657703,0.0,0.35525677,1
195,494,0.0,0.9331918,0.0,0.31106395,1
195,499,0.0,0.0,0.82440007,0.27480003,1
195,505,0.0,1.0440555,0.0,0.3480185,1
196,198,1.1248703,0.0,0.0,0.3749568,1
196,199,0.0,0.0,1.1887289,0.39624298,1
196,205,0.96200246,0.0,0.0,0.3206675,1
196,211,0.0,0.9450961,0.0,0.31503204,1
196,213,0.0,0.93124676,0.0,0.3104156,1
196,217,1.0419898,0.990033,0.0,0.677341,2
196,222,1.015932,0.0,0.0,0.338644,1
196,223,1.0238398,0.0,0.0,0.34127995,1
196,224,0.9817799,0.0,0.0,0.32725996,1
196,228,0.0,0.9538158,1.56662,0.8401453,2
196,232,1.0238992,0.0,0.0,0.34129974,1
196,233,0.9622535,0.0,0.0,0.3207512,1
196,237,0.97833586,0.0,0.0,0.32611197,1
196,242,0.9631736,0.0,0.0,0.3210579,1
196,250,0.0,1.0210328,0.0,0.34034428,1
196,259,0.0,0.0,0.80038077,0.2667936,1
196,261,0.0,1.1086361,0.0,0.3695454,1
196,262,0.0,0.0,0.93744206,0.3124807,1
196,263,0.0,0.0,0.72687256,0.24229085,1
196,269,0.0,1.0341305,1.2100408,0.7480571,2
196,274,0.0,1.0239873,0.0,0.3413291,1
196,304,0.9691636,0.0,0.0,0.32305455,1
196,307,0.0,0.0,1.1224262,0.37414205,1
196,311,0.0,0.0,0.953625,0.31787503,1
196,313,1.0011129,0.0,0.0,0.33370432,1
196,315,0.0,1.0424579,0.0,0.347486,1
196,319,0.0,0.0,0.80518407,0.2683947,1
196,320,0.9708557,0.0,0.0,0.3236186,1
196,322,0.9779035,0.0,0.0,0.32596785,1
196,326,0.0,1.1617769,0.0,0.38725898,1
196,327,0.9875841,0.0,0.0,0.32919472,1
196,332,0.9721076,0.0,0.0,0.32403588,1
196,338,0.0,1.0169364,0.0,0.33897883,1
196,347,0.0,0.0,1.6496979,0.54989934,1
196,365,0.0,0.9407589,0.0,0.3135863,1
196,366,0.0,0.0,1.6994132,0.5664711,1
196,374,0.0,1.0979918,0.0,0.36599728,1
196,383,0.0,1.0915082,0.0,0.36383605,1
196,392,0.0,0.0,1.7845321,0.59484404,1
196,397,0.0,0.9547591,0.0,0.31825304,1
196,400,0.98588836,1.1224402,0.0,0.7027762,2
196,411,0.0,0.0,0.780935,0.26031166,1
196,418,0.9775621,0.0,0.7683797,0.58198065,2
196,426,0.0,0.0,0.8897797,0.29659325,1
196,427,0.0,0.0,1.1981753,0.39939177,1
196,429,1.0247447,0.0,0.0,0.34158158,1
196,433,0.0,1.0217674,0.0,0.34058914,1
196,435,0.96826595,0.0,0.0,0.32275534,1
196,437,0.9693703,0.0,0.0,0.32312346,1
196,449,0.0,0.0,1.0369178,0.3456393,1
196,457,0.0,0.0,0.75474477,0.2515816,1
196,476,0.9584676,0.0,0.0,0.3194892,1
196,478,0.0,0.9796739,0.0,0.326558,1
196,484,0.0,0.9960262,0.0,0.33200875,1
196,496,0.98083264,0.0,0.0,0.32694423,1
196,505,0.9752038,0.0,0.0,0.32506794,1
197,201,0.0,1.1755592,0.0,0.39185306,1
197,202,0.0,0.94754326,0.0,0.31584775,1
197,209,0.0,0.0,1.0974205,0.36580682,1
197,237,0.97398657,0.0,0.0,0.3246622,1
197,240,0.0,0.0,0.8747154,0.2915718,1
197,246,0.0,0.95467496,0.0,0.318225,1
197,254,0.0,0.0,0.9524325,0.31747752,1
197,256,0.0,1.0055976,0.0,0.3351992,1
197,260,0.0,0.9638977,0.0,0.32129925,1
197,264,0.0,0.0,1.6134782,0.53782606,1
197,265,0.0,0.0,1.4409894,0.4803298,1
197,267,0.0,0.9448991,0.0,0.31496638,1
197,286,0.9986128,0.0,0.0,0.33287096,1
197,292,0.0,0.0,1.0205641,0.34018803,1
197,293,0.0,1.0733327,0.0,0.35777757,1
197,295,1.0086292,0.9759383,0.563512,0.84935987,3
197,299,0.0,1.05457,0.0,0.35152334,1
197,301,0.0,0.95805234,0.0,0.31935078,1
197,322,0.97568816,0.0,0.0,0.3252294,1
197,326,1.0958302,0.0,0.0,0.36527675,1
197,328,0.9690647,0.0,0.0,0.3230216,1
197,329,0.0,0.9624191,0.0,0.32080638,1
197,331,0.0,0.0,0.99320686,0.33106896,1
197,334,0.0,0.0,0.7496409,0.2498803,1
197,347,1.015592,0.0,0.0,0.33853066,1
197,348,0.0,0.9720759,0.0,0.3240253,1
197,349,0.0,0.0,1.6912322,0.56374407,1
197,353,0.99961704,0.0,0.0,0.3332057,1
197,356,0.0,0.0,0.9267147,0.30890492,1
197,360,0.0,0.0,0.7869114,0.26230383,1
197,362,0.0,1.0243579,1.0631939,0.6958506,2
197,370,1.0359727,0.0,0.0,0.34532425,1
197,375,0.9689679,0.0,0.985944,0.6516373,2
197,380,0.0,1.0195444,0.0,0.33984813,1
197,382,0.9616659,0.0,0.0,0.32055533,1
197,385,1.000135,0.0,0.0,0.33337831,1
197,394,0.0,0.0,0.8965163,0.2988388,1
197,397,0.0,0.0,0.6128831,0.20429437,1
197,401,0.988563,0.0,0.0,0.329521,1
197,407,0.0,0.9516101,0.0,0.31720337,1
197,413,1.0168235,0.0,0.0,0.3389412,1
197,424,0.0,0.9891933,0.0,0.3297311,1
197,425,0.0,1.1068258,0.0,0.36894196,1
197,427,0.0,0.98482305,0.0,0.32827437,1
197,431,0.0,0.0,1.5372589,0.51241964,1
197,432,0.0,0.0,0.56276244,0.18758748,1
197,437,0.0,0.0,1.4796615,0.4932205,1
197,440,0.0,0.0,0.557832,0.185944,1
197,448,1.0542294,0.0,0.0,0.3514098,1
197,452,0.0,0.0,1.2175993,0.40586644,1
197,453,0.0,1.0174407,0.0,0.3391469,1
197,456,0.0,0.0,0.8317101,0.2772367,1
197,465,0.9995672,0.0,0.0,0.33318907,1
197,479,0.96562773,0.0,0.0,0.32187593,1
197,481,0.0,0.0,1.41432,0.47144002,1
197,483,0.0,0.0,1.1139652,0.37132174,1
197,491,0.99573493,0.0,0.0,0.33191165,1
197,492,0.9665149,0.0,0.0,0.32217163,1
197,493,1.0089343,0.0,0.0,0.33631143,1
197,505,0.0,0.0,0.75133437,0.2504448,1
198,201,0.0,0.9935745,0.0,0.3311915,1
198,202,0.9598348,0.0,0.0,0.31994495,1
198,213,1.0191702,0.0,0.0,0.3397234,1
198,219,0.0,0.0,0.64608383,0.21536128,1
198,224,1.0151309,0.0,0.0,0.33837697,1
198,226,0.0,0.94027007,0.0,0.31342337,1
198,227,0.0,1.0594252,0.0,0.35314175,1
198,230,0.9730816,0.0,0.0,0.32436055,1
198,234,0.0,0.0,1.425322,0.47510737,1
198,252,0.0,1.0150325,0.0,0.3383442,1
198,258,0.0,0.0,1.2733129,0.42443764,1
198,260,0.96420914,0.0,0.82520306,0.5964707,2
198,266,0.0,1.057319,0.80592114,0.6210801,2
198,285,1.0394577,0.0,0.0,0.3464859,1
198,293,0.0,0.0,0.8108042,0.27026808,1
198,296,0.0,0.0,0.7464594,0.24881981,1
198,297,0.0,0.99908745,0.0,0.33302915,1
198,300,0.96932703,0.0,0.0,0.32310903,1
198,308,0.0,0.0,1.1213573,0.3737858,1
198,310,0.96282184,0.0,0.0,0.3209406,1
198,315,0.0,0.97825444,0.0,0.32608482,1
198,317,1.0560948,0.0,0.0,0.3520316,1
198,350,0.0,0.9766939,0.0,0.32556465,1
198,357,0.0,0.0,0.64964336,0.21654779,1
198,358,0.0,0.0,0.6441673,0.21472244,1
198,365,0.9717191,0.0,0.0,0.32390636,1
198,368,1.0135237,0.0,0.0,0.33784124,1
198,373,0.96868765,0.0,1.8896717,0.95278645,2
198,374,0.0,0.0,1.1132481,0.37108272,1
198,382,1.0508561,0.0,0.0,0.35028538,1
198,384,0.9817449,0.0,0.0,0.3272483,1
198,391,0.97787946,0.0,0.0,0.32595983,1
198,393,1.0183172,0.0,0.0,0.3394391,1
198,394,0.0,0.0,1.0334786,0.34449288,1
198,395,0.0,0.0,1.0785612,0.3595204,1
198,400,1.0323173,0.0,0.0,0.34410578,1
198,401,0.99245036,0.0,0.0,0.3308168,1
198,404,0.0,0.93615985,0.0,0.3120533,1
198,405,1.0310708,0.0,0.0,0.34369028,1
198,408,0.0,0.0,0.87698895,0.29232967,1
198,414,0.0,0.0,0.8663216,0.2887739,1
198,416,0.0,0.94722176,1.1310998,0.6927739,2
198,419,0.95997095,0.0,0.0,0.31999034,1
198,439,0.0,0.0,1.0667558,0.35558528,1
198,442,1.0204394,0.0,0.0,0.34014648,1
198,445,0.0,0.0,1.0772454,0.3590818,1
198,453,0.0,0.0,1.3539865,0.45132884,1
198,458,0.0,0.9529632,0.0,0.3176544,1
198,468,0.0,0.0,0.5089496,0.16964987,1
198,473,0.0,0.0,1.0879469,0.36264896,1
198,477,0.9708669,0.0,1.4581754,0.8096808,2
198,493,0.0,1.0447814,0.0,0.3482605,1
198,496,0.9785725,0.0,0.0,0.32619083,1
198,497,1.0228319,0.9760631,0.0,0.6662984,2
198,498,0.0,1.0637803,0.8254113,0.6297306,2
198,500,0.9840721,0.0,0.0,0.32802403,1
198,501,0.0,0.9553073,0.0,0.3184358,1
198,503,0.0,0.0,0.75816596,0.252722,1
198,504,0.0,0.9482481,0.0,0.31608272,1
198,507,0.0,0.98095685,0.0,0.32698563,1
198,508,0.0,0.0,1.3596855,0.45322853,1
199,201,0.0,0.0,1.4518561,0.48395205,1
199,213,0.981003,0.0,0.0,0.327001,1
199,215,0.0,0.9525666,0.0,0.31752223,1
199,220,0.0,1.0279108,0.0,0.34263694,1
199,225,0.0,0.0,1.5722108,0.52407026,1
199,228,0.0,0.0,0.64282405,0.21427469,1
199,239,1.0410582,1.1407816,0.0,0.72727996,2
199,245,0.0,0.0,1.2678871,0.42262906,1
199,249,1.0076822,1.1676608,0.0,0.72511435,2
199,253,0.0,1.099987,0.0,0.36666235,1
199,257,0.0,1.0748596,0.0,0.35828656,1
199,258,1.0196477,0.0,0.0,0.33988258,1
199,262,0.0,0.0,1.9607731,0.65359104,1
199,263,0.0,0.0,0.71904457,0.23968153,1
199,269,0.0,1.1804473,0.0,0.39348245,1
199,274,0.0,0.0,1.2092693,0.40308976,1
199,277,1.0042441,0.0,0.0,0.33474803,1
199,281,0.9588364,0.0,0.0,0.31961215,1
199,284,0.0,0.0,1.252011,0.417337,1
199,290,0.9944257,0.0,0.0,0.33147526,1
199,293,1.0309966,0.0,0.0,0.34366554,1
199,299,0.9751226,0.0,0.0,0.32504088,1
199,304,0.9757615,0.0,0.0,0.32525384,1
199,310,0.96660703,0.0,0.0,0.32220235,1
199,311,0.0,0.0,1.5921245,0.5307082,1
199,319,1.0221175,0.0,0.0,0.34070584,1
199,325,0.9802712,0.0,0.0,0.32675707,1
199,328,0.0,0.9504791,0.0,0.31682637,1
199,347,0.0,1.0327508,1.2082235,0.74699146,2
199,349,0.0,0.0,0.7877332,0.26257774,1
199,352,0.0,1.0192876,0.0,0.33976254,1
199,360,0.0,0.0,1.001593,0.33386433,1
199,366,0.0,1.086762,1.1554998,0.7474206,2
199,374,0.0,1.2147685,0.0,0.40492284,1
199,390,0.0,0.0,0.70372355,0.23457453,1
199,392,0.0,0.0,0.8620915,0.28736383,1
199,395,0.9875522,0.0,0.0,0.3291841,1
199,396,0.0,0.0,0.7644129,0.2548043,1
199,401,0.0,0.0,0.7226367,0.24087891,1
199,405,0.0,1.0417618,0.0,0.34725392,1
199,407,0.0,0.98511326,0.0,0.3283711,1
199,411,0.0,0.0,1.6642061,0.5547354,1
199,426,0.0,0.0,1.6179079,0.53930265,1
199,429,0.0,0.9797128,0.0,0.32657093,1
199,431,1.1344167,0.0,0.0,0.3781389,1
199,434,0.0,0.0,0.93202215,0.31067407,1
199,437,0.97075707,0.0,0.0,0.3235857,1
199,449,0.0,0.0,1.4709144,0.4903048,1
199,456,0.0,0.0,1.3044976,0.43483254,1
199,457,0.0,0.0,1.1661445,0.38871485,1
199,458,1.0178728,0.0,0.0,0.33929095,1
199,459,0.0,0.98795915,0.0,0.32931972,1
199,462,0.0,0.9890234,0.0,0.32967448,1
199,463,0.0,0.0,0.56916386,0.18972129,1
199,504,0.0,0.9536589,0.0,0.3178863,1
199,511,0.0,0.0,0.69385785,0.23128596,1
200,201,0.9800101,0.0,0.0,0.32667005,1
200,209,1.0006061,0.0,0.0,0.33353537,1
200,212,0.0,0.9971847,0.0,0.3323949,1
200,214,1.0351515,0.0,0.0,0.3450505,1
200,216,0.9943764,0.0,0.0,0.3314588,1
200,217,1.010201,0.0,0.0,0.33673367,1
200,222,0.98995125,0.0,0.0,0.32998377,1
200,223,0.96526045,0.0,0.0,0.3217535,1
200,224,0.97140986,0.0,0.0,0.3238033,1
200,226,0.0,0.9737808,0.0,0.3245936,1
200,230,0.99856484,0.96995753,0.0,0.6561742,2
200,231,0.0,1.05077,0.0,0.35025668,1
200,235,0.0,0.0,0.6129446,0.20431487,1
200,236,1.0510999,0.0,0.0,0.35036665,1
200,242,0.997137,0.94263065,0.77820015,0.90598935,3
200,252,0.0,0.0,1.4289749,0.47632498,1
200,257,0.0,0.0,1.6924139,0.564138,1
200,264,0.0,0.99447304,0.0,0.33149102,1
200,265,0.0,0.9425358,0.0,0.31417862,1
200,266,0.99974203,0.0,0.0,0.33324736,1
200,269,0.98660743,0.0,0.0,0.32886916,1
200,279,0.0,0.0,0.7170177,0.23900591,1
200,280,0.9683033,0.0,0.0,0.3227678,1
200,285,0.0,0.0,0.8524365,0.2841455,1
200,292,0.0,0.0,0.6116793,0.20389311,1
200,299,0.0,0.0,1.1369256,0.3789752,1
200,306,1.005759,0.0,0.0,0.335253,1
200,314,0.0,0.0,0.8072951,0.26909837,1
200,326,0.0,0.0,0.515103,0.171701,1
200,331,0.0,0.9457495,0.0,0.31524986,1
200,332,0.0,0.0,0.7761279,0.2587093,1
200,340,0.0,0.0,0.65253156,0.21751052,1
200,343,0.0,0.0,0.59467995,0.19822666,1
200,345,0.0,0.9841057,0.0,0.32803524,1
200,357,0.0,0.98664886,0.0,0.32888296,1
200,381,0.0,0.96775067,0.0,0.32258356,1
200,384,0.0,0.0,0.8069568,0.26898563,1
200,385,0.0,0.9482364,0.0,0.3160788,1
200,387,0.0,0.98551464,0.0,0.3285049,1
200,389,0.0,1.2134097,0.0,0.4044699,1
200,393,0.0,1.1251506,0.0,0.3750502,1
200,399,0.0,1.0257021,0.0,0.3419007,1
200,400,1.0349022,0.0,0.0,0.34496742,1
200,403,0.0,0.0,0.87121457,0.29040486,1
200,405,0.0,0.0,0.8647878,0.2882626,1
200,406,0.0,0.0,0.64084315,0.21361439,1
200,410,0.0,0.0,1.1665974,0.3888658,1
200,419,0.0,0.0,1.2151965,0.4050655,1
200,424,0.9845974,0.0,0.0,0.32819915,1
200,428,0.0,1.0935899,0.0,0.36452997,1
200,429,0.9751938,0.0,0.0,0.3250646,1
200,433,0.9857424,0.0,0.0,0.3285808,1
200,436,0.9843569,0.0,0.0,0.32811898,1
200,439,0.0,1.0278069,0.0,0.3426023,1
200,445,0.95433027,0.0,0.0,0.3181101,1
200,446,0.0,0.9901647,0.0,0.3300549,1
200,450,0.97406346,0.0,0.0,0.32468784,1
200,455,0.0,1.0206038,0.0,0.34020126,1
200,458,1.0085039,0.0,0.0,0.336168,1
200,459,0.96484715,0.0,0.0,0.32161573,1
200,465,0.0,0.0,0.7442851,0.24809504,1
200,466,0.0,0.0,1.5154161,0.50513875,1
200,478,0.0,0.0,1.1294426,0.37648088,1
200,481,0.9823306,0.0,0.0,0.32744354,1
200,493,0.9979473,0.0,0.0,0.3326491,1
200,494,0.0,0.0,0.8759417,0.29198056,1
200,501,1.1098913,0.0,0.0,0.36996377,1
200,509,0.0,1.070047,0.0,0.35668236,1
200,510,0.0,0.0,0.6241393,0.20804644,1
201,222,0.9816008,0.9977487,0.0,0.6597832,2
201,225,0.0,0.0,1.9089797,0.63632655,1
201,229,0.0,0.0,0.83817023,0.2793901,1
201,232,1.0723411,0.0,0.0,0.35744703,1
201,233,0.9666076,0.9514956,0.0,0.6393677,2
201,245,0.96305376,0.0,1.0610651,0.6747063,2
201,248,0.0,1.0248446,0.0,0.3416149,1
201,252,0.0,0.9441151,0.0,0.31470504,1
201,262,0.9756161,0.0,1.8866398,0.95408535,2
201,265,0.9792379,0.0,0.0,0.32641265,1
201,272,1.0204681,0.0,0.0,0.34015605,1
201,275,0.9979764,0.0,0.0,0.33265883,1
201,285,1.0186558,0.0,0.0,0.33955193,1
201,288,0.99762386,0.0,0.0,0.3325413,1
201,290,0.0,0.9771711,0.0,0.3257237,1
201,301,0.0,0.0,1.2452755,0.41509184,1
201,304,0.99223024,0.0,0.0,0.33074343,1
201,306,1.0227313,0.0,0.0,0.34091043,1
201,310,0.0,0.0,1.2020419,0.40068063,1
201,316,0.0,1.0090454,0.0,0.33634847,1
201,340,0.0,0.9924873,0.0,0.3308291,1
201,341,1.0712309,0.0,0.0,0.35707697,1
201,347,0.0,0.0,0.8698023,0.2899341,1
201,349,0.0,0.0,0.7184745,0.2394915,1
201,350,0.0,0.9714925,0.0,0.32383084,1
201,353,0.0,0.0,0.8967451,0.29891503,1
201,360,0.0,0.0,1.3944228,0.4648076,1
201,366,0.0,0.99792796,0.0,0.33264267,1
201,379,0.0,0.0,0.7897135,0.26323783,1
201,380,0.0,1.2121451,0.0,0.40404838,1
201,386,0.9723083,0.0,0.0,0.32410276,1
201,390,0.0,0.0,1.056721,0.35224032,1
201,394,1.1222723,0.0,0.0,0.37409076,1
201,405,0.9943261,0.0,0.0,0.33144206,1
201,413,1.0064524,0.0,0.0,0.33548415,1
201,418,0.0,0.0,0.94845396,0.31615132,1
201,432,1.018957,0.0,0.0,0.33965236,1
201,443,0.9668194,0.0,0.0,0.32227314,1
201,456,0.0,0.0,1.5932903,0.5310968,1
201,463,0.0,0.9642601,1.2830575,0.7491059,2
201,471,0.0,1.0442101,0.0,0.34807003,1
201,495,0.0,0.9509552,0.0,0.31698507,1
201,497,0.97672194,0.0,0.0,0.32557398,1
201,499,0.0,0.0,0.7086267,0.2362089,1
201,508,0.0,0.98840547,0.0,0.3294685,1
202,207,0.0,0.0,1.5976701,0.5325567,1
202,211,0.0,0.0,0.6141864,0.20472881,1
202,213,0.0,0.0,2.0341547,0.6780516,1
202,214,0.0,0.0,0.84909856,0.28303286,1
202,218,1.0067178,0.0,0.0,0.3355726,1
202,220,0.0,0.0,1.5446901,0.51489675,1
202,224,0.0,0.0,0.780741,0.260247,1
202,230,1.0615684,0.0,0.0,0.35385615,1
202,231,0.0,0.9285121,0.0,0.30950403,1
202,234,0.95870465,0.0,0.0,0.31956822,1
202,236,0.0,0.0,1.6924242,0.5641414,1
202,237,0.0,0.0,1.8656332,0.6218778,1
202,242,0.0,0.0,1.0884666,0.36282223,1
202,243,0.0,0.0,0.62156737,0.20718913,1
202,244,0.96333814,0.0,0.0,0.32111272,1
202,248,1.0307612,0.0,0.0,0.3435871,1
202,251,1.004661,0.0,0.77035236,0.5916711,2
202,253,0.97619355,0.0,0.0,0.32539785,1
202,258,0.0,0.9466923,0.0,0.3155641,1
202,266,0.9673004,0.0,0.0,0.32243347,1
202,267,0.0,0.98494637,0.7430304,0.5759923,2
202,268,0.0,0.0,0.5833667,0.19445556,1
202,276,0.98156506,0.0,0.0,0.32718837,1
202,280,0.0,0.0,0.720174,0.240058,1
202,283,0.9583521,0.0,0.0,0.3194507,1
202,284,0.0,1.0669819,0.0,0.35566065,1
202,285,0.0,0.9368458,0.0,0.31228194,1
202,288,0.9915453,0.0,1.0043423,0.6652959,2
202,293,0.0,1.0054705,0.0,0.33515686,1
202,297,0.0,0.95932126,0.0,0.31977376,1
202,302,0.0,0.0,1.6346666,0.54488885,1
202,306,0.0,0.96549726,0.0,0.32183242,1
202,311,1.0491511,0.0,0.0,0.34971702,1
202,320,0.0,0.9687934,0.0,0.32293114,1
202,323,0.0,1.0734509,0.0,0.357817,1
202,325,0.0,0.0,0.83042186,0.2768073,1
202,326,0.0,0.0,0.7108121,0.23693737,1
202,328,0.0,0.9296364,0.0,0.30987883,1
202,335,0.0,0.0,1.1688615,0.3896205,1
202,336,0.0,1.0749108,0.0,0.3583036,1
202,337,0.0,0.0,0.9964967,0.33216557,1
202,339,0.0,0.0,1.292168,0.43072268,1
202,344,0.9936302,0.0,1.067066,0.6868987,2
202,347,1.0791469,0.0,0.0,0.35971564,1
202,348,0.0,1.005458,0.0,0.3351527,1
202,350,0.9809589,0.0,0.0,0.3269863,1
202,354,0.0,1.064342,0.0,0.35478067,1
202,358,0.0,0.9910285,0.0,0.33034283,1
202,359,0.0,0.9601501,0.0,0.32005006,1
202,368,0.0,0.96381515,0.0,0.32127172,1
202,378,0.0,0.0,0.7328054,0.24426846,1
202,383,0.0,0.0,1.2887853,0.4295951,1
202,384,0.0,1.0504549,0.0,0.35015163,1
202,393,0.9611942,0.0,0.0,0.3203981,1
202,400,0.0,0.0,0.71284187,0.23761396,1
202,404,0.0,0.0,0.6940163,0.23133877,1
202,406,0.0,0.96481955,0.0,0.32160652,1
202,431,0.0,1.116053,0.0,0.37201768,1
202,433,0.96497196,0.0,0.0,0.32165733,1
202,449,0.0,1.0068401,0.0,0.33561337,1
202,450,0.0,0.0,0.97619426,0.3253981,1
202,466,0.0,1.0729299,0.0,0.3576433,1
202,469,0.0,0.0,0.99478906,0.33159637,1
202,474,0.0,0.9999327,1.875271,0.95840126,2
202,484,0.9695367,0.0,0.0,0.32317892,1
202,490,0.0,0.0,0.71065855,0.23688619,1
202,491,0.0,0.0,1.4712764,0.49042547,1
202,499,0.0,0.0,1.2384337,0.41281125,1
202,502,0.9751845,0.0,0.77045363,0.5818794,2
202,509,0.99947697,0.0,0.0,0.333159,1
203,216,0.0,0.0,0.63243985,0.21081328,1
203,228,0.0,0.9462383,0.0,0.31541276,1
203,235,0.9917645,0.0,0.0,0.33058816,1
203,238,0.0,1.0896906,0.0,0.3632302,1
203,239,0.0,0.0,1.1870254,0.39567515,1
203,244,0.9822624,0.0,0.0,0.3274208,1
203,245,0.99375576,0.0,0.0,0.33125192,1
203,249,1.0302241,0.0,0.0,0.34340805,1
203,265,1.081121,0.0,0.0,0.36037368,1
203,268,0.0,0.95365775,0.0,0.31788594,1
203,271,0.0,0.0,1.3157177,0.4385726,1
203,272,0.0,0.9483729,0.0,0.31612432,1
203,281,0.0,0.9738454,0.0,0.32461515,1
203,283,0.0,0.9461963,0.0,0.31539878,1
203,284,0.0,0.94657403,0.0,0.3155247,1
203,287,0.0,0.0,1.160961,0.38698703,1
203,289,0.9738548,0.0,0.0,0.32461828,1
203,292,0.0,0.96997565,0.0,0.32332522,1
203,305,0.9791868,0.0,0.0,0.3263956,1
203,311,0.97288114,0.0,0.0,0.32429373,1
203,314,0.99500453,0.0,0.0,0.3316682,1
203,315,0.9735062,0.0,0.0,0.32450208,1
203,316,0.0,0.0,1.2340348,0.41134495,1
203,317,0.0,0.0,0.950117,0.31670567,1
203,322,0.0,0.0,0.96831226,0.32277077,1
203,327,0.0,0.99627435,0.0,0.33209145,1
203,329,0.0,0.0,1.1515999,0.38386664,1
203,336,0.0,1.1192977,0.0,0.37309927,1
203,338,0.9872557,0.0,0.0,0.32908523,1
203,347,0.0,1.0846114,0.0,0.36153716,1
203,358,0.0,0.9749651,0.0,0.32498837,1
203,361,0.0,0.0,0.94355804,0.31451935,1
203,369,0.9610026,0.0,0.0,0.3203342,1
203,377,0.0,0.0,0.89700675,0.29900226,1
203,380,0.0,0.0,0.7630754,0.25435847,1
203,386,0.9853224,0.0,0.0,0.32844082,1
203,387,0.0,0.0,0.9122195,0.30407318,1
203,394,0.9569917,0.0,0.0,0.31899723,1
203,398,0.0,1.0751472,0.0,0.3583824,1
203,406,0.0,0.0,0.95351636,0.3178388,1
203,415,0.0,0.9792717,0.0,0.3264239,1
203,422,0.0,1.0750023,0.0,0.35833412,1
203,431,0.9928811,0.0,0.0,0.3309604,1
203,439,1.0119721,0.0,0.0,0.33732402,1
203,441,0.99244106,0.0,1.0036657,0.6653689,2
203,445,0.0,1.1185671,0.0,0.37285572,1
203,457,0.9996208,0.0,0.0,0.33320695,1
203,465,0.9683289,0.0,0.0,0.32277632,1
203,466,0.0,0.96088725,0.0,0.32029575,1
203,472,0.0,0.9712111,0.0,0.32373703,1
203,474,0.993925,0.0,0.0,0.33130834,1
203,483,0.0,1.0068809,0.0,0.33562696,1
203,487,0.98245746,0.0,0.0,0.32748583,1
203,496,0.0,0.9774663,0.0,0.32582211,1
203,499,0.96811897,0.9456865,0.0,0.63793516,2
203,501,0.0,0.0,1.5572753,0.5190918,1
203,504,0.0,0.0,0.63254136,0.21084712,1
203,506,0.0,0.949583,0.0,0.31652766,1
203,511,0.9659945,0.0,0.0,0.32199818,1
204,213,0.0,1.0701004,0.0,0.35670015,1
204,214,0.0,0.0,1.1473056,0.3824352,1
204,216,0.0,0.0,1.2905844,0.43019482,1
204,219,1.0287583,0.0,0.0,0.34291944,1
204,227,0.0,0.9562027,0.0,0.31873423,1
204,228,0.0,0.93622094,0.0,0.31207365,1
204,239,0.0,0.0,0.7141415,0.23804717,1
204,243,1.0038172,0.0,1.035225,0.67968076,2
204,247,0.0,0.91843873,0.0,0.30614626,1
204,253,0.9841143,0.0,0.0,0.3280381,1
204,261,0.9751877,0.0,0.0,0.32506257,1
204,267,0.0,0.0,1.7979409,0.5993136,1
204,268,0.0,0.0,0.92712885,0.30904296,1
204,269,0.9670193,0.0,0.0,0.32233977,1
204,277,0.0,1.0040541,0.0,0.3346847,1
204,283,0.9968965,0.0,0.0,0.33229885,1
204,284,1.0460205,0.0,0.0,0.34867352,1
204,287,0.0,0.0,1.14844,0.38281333,1
204,288,1.0291691,0.0,0.0,0.34305638,1
204,300,0.0,1.1371961,0.0,0.37906536,1
204,303,0.0,0.0,1.86898,0.62299335,1
204,316,0.0,0.0,1.2228078,0.4076026,1
204,317,0.0,0.0,1.5080208,0.5026736,1
204,318,0.96334034,0.0,0.0,0.32111347,1
204,324,0.0,1.0791405,0.0,0.35971352,1
204,325,0.9741771,0.0,0.0,0.32472572,1
204,328,0.0,0.9753342,0.0,0.32511142,1
204,329,0.0,0.0,0.83780515,0.27926838,1
204,335,0.0,0.0,1.2821801,0.42739338,1
204,336,0.0,0.0,0.82473356,0.2749112,1
204,358,0.0,0.99397427,0.0,0.33132476,1
204,361,0.0,0.978475,1.0795598,0.6860116,2
204,363,0.0,0.993407,0.0,0.3311357,1
204,377,0.0,1.041545,0.0,0.34718168,1
204,387,0.0,0.0,0.87093735,0.29031247,1
204,391,1.0005553,0.0,0.0,0.33351845,1
204,404,0.0,0.0,0.7229017,0.24096724,1
204,406,0.0,0.0,1.620688,0.5402293,1
204,407,0.0,1.0163566,0.0,0.33878553,1
204,417,0.0,1.0133758,0.0,0.33779192,1
204,421,0.0,0.97862965,0.0,0.3262099,1
204,423,0.0,0.9468656,0.0,0.31562188,1
204,436,0.9641252,0.0,0.0,0.32137507,1
204,438,0.0,0.0,1.0919912,0.36399707,1
204,442,0.0,0.0,0.7144104,0.23813681,1
204,443,0.0,0.9672604,0.0,0.32242015,1
204,450,0.0,1.0134579,0.0,0.3378193,1
204,463,1.0263643,0.0,0.0,0.34212145,1
204,469,0.9747379,0.0,0.0,0.32491264,1
204,475,1.0112314,1.0125993,0.0,0.67461026,2
204,476,0.0,0.0,0.60793966,0.20264655,1
204,479,0.0,0.0,0.9582802,0.31942675,1
204,490,0.0,0.0,0.9369651,0.31232172,1
204,494,0.9754893,0.0,0.0,0.32516313,1
204,496,0.0,1.1138607,0.0,0.37128693,1
204,502,0.0,0.0,1.1992998,0.39976662,1
204,506,0.0,0.9639657,0.0,0.3213219,1
204,510,1.0346359,0.0,0.0,0.34487864,1
205,206,0.0,0.0,0.70601606,0.23533869,1
205,218,0.0,0.0,0.77952564,0.2598419,1
205,223,0.0,1.0498161,0.0,0.34993872,1
205,227,0.0,1.0512407,0.0,0.35041356,1
205,229,0.0,1.1222974,0.0,0.37409914,1
205,244,0.0,0.0,0.62756056,0.20918685,1
205,251,0.0,0.0,0.62107676,0.20702559,1
205,252,0.0,0.0,0.84258384,0.2808613,1
205,264,0.0,0.9482084,0.0,0.31606948,1
205,265,0.979157,0.0,0.0,0.32638568,1
205,273,0.0,0.9673038,0.0,0.3224346,1
205,275,0.9913749,0.0,0.0,0.3304583,1
205,285,1.0688868,0.0,0.0,0.3562956,1
205,286,0.0,0.0,1.5998901,0.5332967,1
205,291,0.0,0.9400636,0.0,0.31335455,1
205,294,0.9844534,0.0,0.0,0.32815114,1
205,297,0.97215295,0.0,0.0,0.324051,1
205,312,0.0,1.0180262,0.0,0.3393421,1
205,314,0.0,0.0,0.65014815,0.21671605,1
205,321,0.0,0.0,0.8024006,0.26746687,1
205,322,0.97808194,0.0,0.0,0.32602733,1
205,323,1.0189322,1.1262408,0.0,0.71505773,2
205,327,0.0,0.0,1.4618758,0.48729193,1
205,328,0.0,0.0,1.7333466,0.5777822,1
205,330,0.0,0.0,0.87429625,0.29143208,1
205,333,0.0,1.0222576,0.0,0.34075254,1
205,336,0.0,0.0,1.3626955,0.45423183,1
205,337,0.0,0.93842745,0.0,0.31280917,1
205,338,0.0,0.98588824,0.0,0.32862943,1
205,343,0.0,0.0,1.1931516,0.3977172,1
205,345,1.0147245,0.0,0.0,0.33824152,1
205,348,0.9902776,1.0020752,0.0,0.66411763,2
205,349,0.0,1.0066123,0.0,0.33553743,1
205,351,0.97554046,0.0,0.0,0.32518017,1
205,370,0.0,0.0,1.4619814,0.48732716,1
205,378,1.0817611,0.0,0.0,0.36058706,1
205,386,1.0004817,0.99813294,0.0,0.6662049,2
205,388,0.0,1.1189959,0.0,0.37299865,1
205,400,0.96639276,0.0,0.0,0.32213092,1
205,403,0.0,0.0,1.5967017,0.53223395,1
205,406,0.0,0.9748696,0.0,0.32495654,1
205,409,0.0,0.98108953,0.0,0.32702985,1
205,410,0.0,0.0,1.5256234,0.50854117,1
205,411,1.0018128,0.0,0.0,0.33393762,1
205,413,1.0035048,0.0,0.0,0.3345016,1
205,420,0.0,1.06336,0.0,0.35445333,1
205,429,1.0736088,0.0,0.0,0.3578696,1
205,438,0.0,0.0,1.1745684,0.39152282,1
205,444,0.0,0.0,1.4218358,0.47394526,1
205,448,0.0,0.0,0.6969139,0.23230463,1
205,452,1.0721911,0.0,0.0,0.35739705,1
205,454,0.0,0.0,1.0612228,0.35374093,1
205,457,0.0,0.9790028,0.0,0.32633427,1
205,469,0.0,0.9745768,0.0,0.32485893,1
205,477,1.1028548,0.0,0.0,0.3676183,1
205,483,0.0,1.1282599,0.0,0.37608665,1
205,491,0.0,0.0,0.52740324,0.17580108,1
206,216,0.0,0.0,0.8566339,0.28554463,1
206,220,0.0,1.0471356,0.0,0.34904522,1
206,222,0.0,1.0285009,0.0,0.34283364,1
206,230,0.0,0.0,1.6584817,0.55282724,1
206,243,0.0,0.0,0.7576365,0.2525455,1
206,248,0.0,0.0,1.5400968,0.5133656,1
206,252,0.0,1.0279853,0.0,0.3426618,1
206,280,0.0,0.9498243,0.0,0.3166081,1
206,286,0.0,1.0117671,0.0,0.33725572,1
206,296,0.0,0.9638957,0.0,0.32129857,1
206,302,0.9703182,0.0,0.0,0.32343942,1
206,310,0.0,0.97412145,0.0,0.32470715,1
206,312,0.0,1.0094624,0.0,0.33648747,1
206,315,0.9615025,0.0,0.0,0.32050085,1
206,316,0.0,0.9502539,0.0,0.3167513,1
206,318,1.0657171,0.0,0.0,0.35523903,1
206,327,0.0,1.015803,0.0,0.338601,1
206,328,0.0,0.0,1.1681231,0.38937438,1
206,335,0.9828578,0.0,0.0,0.32761928,1
206,343,0.9915669,0.0,0.85334647,0.61497116,2
206,346,0.0,0.9499133,0.0,0.31663778,1
206,347,0.0,0.9907993,0.0,0.33026645,1
206,359,1.033501,0.0,1.0377411,0.6904141,2
206,365,1.0475905,0.0,0.0,0.34919685,1
206,366,0.9917257,0.0,0.0,0.33057523,1
206,370,0.0,0.95203406,0.0,0.3173447,1
206,374,0.96103233,0.0,0.0,0.32034412,1
206,378,0.9715723,0.0,0.0,0.32385743,1
206,386,0.0,1.1124163,0.0,0.37080544,1
206,392,1.0067494,0.0,0.0,0.33558315,1
206,403,0.0,0.0,1.020802,0.34026736,1
206,405,0.9910901,0.0,0.0,0.3303634,1
206,419,0.0,0.95431,0.0,0.31810334,1
206,422,0.0,1.0664802,0.0,0.3554934,1
206,425,0.0,0.0,0.78802764,0.26267588,1
206,439,0.9764584,0.0,0.0,0.32548612,1
206,440,1.0150375,0.0,0.0,0.33834586,1
206,441,0.0,1.326395,0.0,0.4421317,1
206,442,0.0,0.0,0.76201224,0.2540041,1
206,444,0.0,0.0,0.80734324,0.26911443,1
206,448,0.0,0.0,1.6018319,0.533944,1
206,454,0.0,0.0,1.9555619,0.651854,1
206,460,0.0,0.0,1.4382468,0.47941563,1
206,463,0.0,1.1363949,0.0,0.3787983,1
206,469,1.0414516,0.0,0.0,0.34715053,1
206,476,0.0,0.0,0.82082087,0.27360696,1
206,493,0.0,1.1844081,0.0,0.3948027,1
206,499,0.95361835,0.0,0.0,0.3178728,1
206,502,0.0,0.0,0.7975705,0.26585686,1
207,211,1.0578661,0.0,0.8154985,0.62445486,2
207,213,0.0,0.0,1.8263721,0.60879076,1
207,214,0.0,1.1231499,0.0,0.3743833,1
207,220,0.0,0.0,1.4951876,0.4983959,1
207,224,0.0,0.0,1.2045289,0.40150964,1
207,225,0.0,0.94704056,0.0,0.3156802,1
207,234,0.0,0.9516314,0.0,0.3172105,1
207,236,0.0,0.0,1.3461792,0.44872642,1
207,237,0.0,0.0,1.094655,0.36488503,1
207,240,0.0,0.99338055,0.0,0.33112687,1
207,250,1.1813248,0.0,0.0,0.39377496,1
207,254,0.98942375,0.0,0.0,0.32980794,1
207,256,1.0481719,0.0,0.0,0.34939063,1
207,258,0.0,0.9783649,0.0,0.32612163,1
207,259,0.9940261,0.0,0.0,0.33134204,1
207,261,0.0,0.9835793,0.0,0.32785976,1
207,265,1.0558941,0.0,0.0,0.3519647,1
207,268,0.0,1.1188871,0.0,0.37296236,1
207,270,0.0,1.010194,0.0,0.3367313,1
207,284,0.0,1.0094974,0.0,0.33649915,1
207,285,0.9686026,0.0,0.0,0.32286754,1
207,287,0.0,0.9878504,0.0,0.32928348,1
207,291,0.0,1.0288104,0.0,0.3429368,1
207,298,0.0,0.9616326,0.0,0.3205442,1
207,302,0.0,0.0,1.0876794,0.3625598,1
207,305,0.0,0.0,0.7570013,0.25233376,1
207,309,0.99617374,0.0,0.0,0.33205792,1
207,311,1.046721,0.0,0.0,0.348907,1
207,312,0.96764004,0.0,0.0,0.3225467,1
207,315,1.0342546,0.0,0.0,0.34475154,1
207,325,0.0,0.0,0.9310078,0.31033593,1
207,337,0.0,0.0,0.8901756,0.2967252,1
207,339,0.0,0.0,1.2185651,0.40618837,1
207,341,0.96925396,0.0,0.0,0.32308465,1
207,344,0.0,0.0,1.7403668,0.5801223,1
207,349,0.9993632,0.0,0.0,0.33312106,1
207,353,1.0812557,0.0,0.0,0.36041856,1
207,355,0.9887438,0.0,0.8230017,0.60391515,2
207,367,0.0,0.9408626,0.0,0.31362087,1
207,378,0.0,0.0,0.9545176,0.31817254,1
207,383,0.0,0.0,1.0252634,0.3417545,1
207,385,0.0,0.9722019,0.0,0.3240673,1
207,395,0.0,0.9351639,0.0,0.31172132,1
207,404,0.0,0.9741816,0.0,0.3247272,1
207,408,1.0015264,0.0,0.0,0.33384213,1
207,414,0.99080694,0.0,0.0,0.33026898,1
207,421,0.0,1.0805576,0.0,0.36018586,1
207,433,0.0,1.0741689,0.0,0.3580563,1
207,435,0.98358864,0.0,0.0,0.3278629,1
207,442,0.0,0.9748355,0.0,0.32494518,1
207,450,0.0,0.0,0.85971904,0.28657302,1
207,460,0.0,0.0,0.7482725,0.24942416,1
207,474,0.0,0.0,1.0292138,0.34307128,1
207,479,0.9910439,0.0,0.0,0.33034799,1
207,480,0.0,0.0,0.7160003,0.23866677,1
207,482,0.0,1.015697,0.0,0.33856568,1
207,486,0.0,0.96363634,0.0,0.3212121,1
207,490,0.98560274,0.0,0.0,0.32853425,1
207,491,0.0,0.0,0.845077,0.28169233,1
207,499,0.0,0.0,1.0539736,0.35132453,1
207,502,0.0,0.0,1.0589573,0.3529858,1
207,505,0.0,1.033887,0.0,0.34462902,1
207,511,0.0,0.94066745,0.0,0.31355584,1
208,213,1.1081486,0.0,0.0,0.36938286,1
208,220,0.0,0.9547918,0.0,0.31826395,1
208,221,0.0,0.0,1.2956262,0.4318754,1
208,229,0.0,1.1018584,0.0,0.36728615,1
208,233,0.0,0.0,1.4661438,0.48871464,1
208,254,1.0425317,0.0,0.0,0.34751058,1
208,258,0.0,0.0,1.0942543,0.36475143,1
208,268,0.96671176,0.9441273,0.0,0.6369464,2
208,270,0.99668443,0.0,0.0,0.33222815,1
208,272,0.9667284,0.0,0.0,0.3222428,1
208,276,1.0410198,0.0,0.0,0.34700662,1
208,285,0.0,1.2669783,0.0,0.4223261,1
208,290,0.0,0.0,0.8060022,0.2686674,1
208,293,0.0,0.0,1.080176,0.36005867,1
208,294,1.035366,0.0,0.0,0.34512204,1
208,311,0.96833533,0.0,0.0,0.32277846,1
208,315,0.9978169,0.0,0.0,0.33260566,1
208,319,1.0254422,0.0,0.0,0.3418141,1
208,335,0.9675977,0.0,0.0,0.3225326,1
208,342,0.0,0.0,1.0833315,0.3611105,1
208,343,0.0,0.9552802,0.0,0.31842673,1
208,345,0.9776352,0.0,0.7812771,0.5863041,2
208,348,0.9818346,0.93638885,0.0,0.6394078,2
208,349,0.9664371,0.0,0.0,0.3221457,1
208,351,0.0,0.94096583,0.0,0.3136553,1
208,353,0.0,0.98395663,0.0,0.32798555,1
208,363,0.0,0.0,0.9054328,0.30181095,1
208,373,0.0,0.0,0.7776689,0.25922298,1
208,377,0.0,1.0161593,0.0,0.3387198,1
208,380,0.0,1.0365851,0.0,0.34552836,1
208,381,0.0,0.0,0.75677586,0.25225863,1
208,388,0.0,0.0,1.1304675,0.37682253,1
208,390,0.0,1.0281879,0.0,0.3427293,1
208,391,0.0,0.0,1.0314198,0.3438066,1
208,395,0.0,1.0929146,0.0,0.36430487,1
208,397,1.1217817,0.0,0.0,0.37392724,1
208,400,0.0,0.97228026,0.0,0.32409343,1
208,403,0.0,0.99069375,0.0,0.33023125,1
208,424,0.0,0.97217715,0.0,0.32405907,1
208,426,0.99378157,0.0,0.0,0.33126053,1
208,429,0.0,0.94395006,0.0,0.31465003,1
208,430,0.9787824,0.0,0.0,0.3262608,1
208,431,0.9970831,0.0,0.0,0.33236104,1
208,435,0.0,0.0,1.0967293,0.36557645,1
208,440,0.0,0.9521617,0.0,0.31738725,1
208,446,0.0,0.94578373,0.0,0.31526124,1
208,453,0.0,0.0,0.97856015,0.32618672,1
208,458,0.0,0.0,0.80205035,0.26735014,1
208,467,0.0,0.0,1.0032575,0.3344192,1
208,472,0.98939586,0.0,0.0,0.32979864,1
208,473,0.0,0.0,1.6256826,0.5418942,1
208,479,1.0169955,0.0,0.0,0.33899853,1
208,486,0.97519296,0.0,0.0,0.32506433,1
208,503,0.0,0.0,1.3133049,0.4377683,1
208,504,0.9612976,0.0,0.0,0.32043254,1
208,505,0.0,0.97963285,0.0,0.32654428,1
208,506,1.0052896,0.0,0.0,0.33509654,1
209,210,0.0,1.0175365,0.0,0.33917886,1
209,216,0.0,0.9772032,0.0,0.3257344,1
209,234,1.0331341,0.0,0.0,0.34437805,1
209,235,0.0,1.0522045,0.0,0.35073483,1
209,236,0.997506,0.0,0.0,0.332502,1
209,240,0.0,0.95250416,0.0,0.3175014,1
209,241,0.0,0.0,1.017407,0.33913565,1
209,245,0.0,0.9553464,1.0035567,0.6529677,2
209,249,0.0,1.0358379,0.0,0.3452793,1
209,251,0.0,1.0117401,0.0,0.33724672,1
209,258,0.98248285,0.0,0.0,0.3274943,1
209,263,0.0,0.0,1.0148052,0.3382684,1
209,269,0.98192686,0.0,0.7351101,0.5723457,2
209,284,0.0,1.118779,0.0,0.37292632,1
209,300,0.0,0.9974803,0.0,0.33249342,1
209,301,1.0468847,0.0,0.0,0.34896156,1
209,320,0.0,0.0,1.25189,0.41729665,1
209,322,0.9705001,0.0,0.0,0.32350004,1
209,325,0.99309886,0.0,0.0,0.33103296,1
209,326,0.0,1.044205,0.0,0.34806833,1
209,328,0.0,1.0210807,0.0,0.34036025,1
209,329,0.0,0.9469501,0.0,0.31565005,1
209,330,0.0,0.0,0.6509808,0.2169936,1
209,332,0.0,1.0562608,0.0,0.35208696,1
209,333,0.9683918,0.0,0.0,0.32279727,1
209,334,0.0,0.0,1.4479163,0.48263878,1
209,335,0.0,0.93838215,0.0,0.31279406,1
209,341,0.0,0.9596996,0.0,0.31989986,1
209,349,0.0,0.0,0.8019598,0.26731995,1
209,352,0.0,0.9604741,0.0,0.32015803,1
209,356,0.0,0.0,0.88456225,0.2948541,1
209,360,0.99712825,0.0,0.8898011,0.62897646,2
209,370,0.0,1.0000889,0.0,0.333363,1
209,379,1.004415,0.0,0.0,0.334805,1
209,387,0.0,0.97357863,0.0,0.32452622,1
209,390,0.0,0.0,0.91215575,0.30405194,1
209,391,0.9911179,0.0,0.0,0.33037263,1
209,394,0.0,0.0,0.7359063,0.24530211,1
209,396,0.0,0.0,1.3054943,0.43516478,1
209,401,0.0,0.0,0.8806656,0.2935552,1
209,406,0.0,0.9993634,0.0,0.33312115,1
209,427,1.0230558,0.0,0.0,0.34101862,1
209,431,0.0,0.0,1.0483563,0.3494521,1
209,440,0.0,0.0,0.99311596,0.33103865,1
209,442,0.97542655,0.0,0.0,0.3251422,1
209,447,0.0,0.9625211,0.0,0.32084036,1
209,449,0.0,0.9549361,0.0,0.31831205,1
209,452,0.0,0.0,1.0427372,0.3475791,1
209,456,0.0,0.0,0.7903002,0.2634334,1
209,464,0.9768819,0.0,0.0,0.32562733,1
209,466,0.96949196,0.0,0.0,0.323164,1
209,472,0.9861076,0.0,0.0,0.32870254,1
209,473,0.0,1.0389982,0.0,0.34633276,1
209,481,0.0,0.0,0.892822,0.29760736,1
209,482,0.97159827,0.96302783,0.0,0.6448754,2
209,488,0.9663165,0.0,0.8931277,0.61981475,2
209,495,0.0,0.957789,0.0,0.319263,1
209,498,1.0122404,0.0,0.0,0.3374135,1
209,502,1.0126202,0.0,0.0,0.3375401,1
209,503,0.9995665,0.0,0.0,0.33318883,1
209,505,0.0,0.0,1.1682719,0.38942397,1
209,510,0.0,1.1237534,0.0,0.3745845,1
210,213,0.0,0.9751603,0.0,0.32505345,1
210,228,0.0,0.0,1.2529348,0.41764495,1
210,229,0.96419907,0.0,0.0,0.3213997,1
210,235,0.98171335,0.0,0.0,0.32723778,1
210,241,0.0,0.0,0.8707768,0.29025894,1
210,253,0.0,0.96908736,0.0,0.32302913,1
210,256,0.0,0.0,0.7743409,0.25811365,1
210,257,1.00891,0.0,0.0,0.33630332,1
210,260,1.1310382,0.0,0.0,0.37701273,1
210,267,0.0,1.0196613,0.0,0.3398871,1
210,269,0.0,0.0,1.2791125,0.42637083,1
210,270,0.0,0.0,1.6763415,0.55878055,1
210,278,0.0,0.0,1.1413448,0.38044828,1
210,289,0.0,0.0,0.92867845,0.3095595,1
210,290,0.0,0.0,0.81434554,0.27144852,1
210,298,0.0,0.0,1.1278301,0.3759434,1
210,300,0.0,1.0587896,0.0,0.3529299,1
210,305,1.0425973,0.0,0.0,0.34753245,1
210,307,0.0,1.0184038,0.99622,0.6715413,2
210,308,0.0,0.9454511,0.0,0.31515038,1
210,309,0.0,0.9985205,0.0,0.33284017,1
210,317,1.0105577,0.0,0.0,0.33685255,1
210,321,0.0,0.94275546,0.0,0.31425184,1
210,325,0.97407085,0.0,0.0,0.32469028,1
210,326,0.99256647,0.0,0.0,0.3308555,1
210,334,0.9644305,0.0,0.0,0.32147685,1
210,344,1.0124885,0.0,0.0,0.33749616,1
210,346,0.0,0.0,1.1363062,0.37876874,1
210,350,0.9921819,0.0,0.0,0.3307273,1
210,358,0.0,0.95391613,0.0,0.31797206,1
210,360,0.0,0.9662278,0.0,0.32207596,1
210,379,0.0,0.0,0.83577645,0.27859217,1
210,380,0.9765538,0.0,0.0,0.32551795,1
210,384,1.0950524,0.0,0.0,0.36501747,1
210,386,0.0,0.0,1.8933537,0.63111794,1
210,393,0.0,0.0,0.79624003,0.26541334,1
210,398,0.0,0.94233006,0.0,0.31411004,1
210,399,0.0,0.98978835,0.0,0.32992947,1
210,413,0.0,0.9498671,0.0,0.31662238,1
210,416,0.9602417,0.0,0.0,0.32008058,1
210,417,0.0,0.99611366,0.0,0.3320379,1
210,427,1.0247475,0.0,0.8756749,0.6334741,2
210,429,0.96888745,1.1048595,0.0,0.691249,2
210,433,0.0,0.0,1.3074305,0.43581018,1
210,446,1.0159662,1.0147477,0.0,0.6769047,2
210,450,0.0,0.9600222,0.0,0.3200074,1
210,451,0.0,0.0,0.74994296,0.24998099,1
210,452,1.0179925,0.0,0.0,0.33933085,1
210,458,0.97052824,0.0,0.0,0.32350942,1
210,459,0.98022807,0.0,0.8160727,0.5987669,2
210,468,0.0,1.0500138,0.0,0.3500046,1
210,473,0.9840962,0.0,0.0,0.32803208,1
210,479,0.0,0.0,1.4022038,0.46740127,1
210,486,0.0,0.0,0.78499633,0.26166546,1
210,487,0.0,0.0,0.78188735,0.26062912,1
210,496,1.0061626,0.0,0.0,0.33538756,1
210,497,0.9654031,0.0,0.0,0.32180104,1
210,498,0.9994446,0.0,0.0,0.3331482,1
210,510,0.0,1.0056325,0.0,0.33521086,1
211,213,0.0,0.0,0.61167693,0.20389232,1
211,218,0.9723388,0.0,0.0,0.32411295,1
211,227,0.0,1.0676798,0.0,0.35589325,1
211,229,1.0026413,0.0,0.0,0.3342138,1
211,233,0.974376,0.0,0.0,0.32479203,1
211,236,0.0,0.0,0.598865,0.19962166,1
211,244,1.1388042,0.0,0.0,0.37960142,1
211,246,0.965027,0.0,0.0,0.32167566,1
211,247,0.0,0.0,0.81803113,0.27267706,1
211,271,0.0,0.0,0.81643075,0.2721436,1
211,280,0.0,0.0,0.7882239,0.26274133,1
211,283,0.96988666,0.0,0.0,0.32329556,1
211,286,1.0325096,0.0,0.0,0.34416986,1
211,287,0.9779893,0.0,0.0,0.32599646,1
211,294,0.0,1.0422163,0.0,0.34740543,1
211,301,1.0394237,0.949747,0.0,0.66305697,2
211,305,0.0,0.0,1.3669773,0.45565912,1
211,312,0.9578854,0.0,0.0,0.31929514,1
211,317,0.0,0.95232624,0.0,0.3174421,1
211,318,0.9605444,0.0,0.0,0.3201815,1
211,320,0.98708457,1.047652,0.0,0.67824554,2
211,324,0.0,0.0,0.8106293,0.2702098,1
211,325,0.0,1.0542952,0.0,0.35143173,1
211,326,0.0,0.9727439,0.0,0.324248,1
211,330,0.0,0.9618221,0.0,0.32060736,1
211,337,0.0,0.0,0.73983514,0.24661171,1
211,344,0.0,0.0,0.6411446,0.21371487,1
211,349,0.99025965,0.0,0.0,0.33008656,1
211,353,1.0067698,0.0,0.0,0.33558995,1
211,354,0.9572581,0.0,0.0,0.31908605,1
211,355,0.9878854,0.0,0.0,0.32929516,1
211,358,1.0587455,0.0,0.0,0.35291517,1
211,359,0.0,1.0306016,0.97536033,0.66865396,2
211,370,0.0,0.9743121,0.0,0.32477072,1
211,388,0.0,0.0,0.7098958,0.23663193,1
211,390,1.0138713,0.0,0.0,0.3379571,1
211,395,0.0,1.051621,0.0,0.35054034,1
211,410,0.0,1.0164261,0.0,0.33880872,1
211,416,1.044381,0.0,0.0,0.348127,1
211,419,0.0,0.9985608,0.0,0.33285362,1
211,435,1.1192858,0.0,0.0,0.37309527,1
211,436,0.0,0.0,0.8387476,0.27958256,1
211,446,0.9719184,0.9738323,0.0,0.6485836,2
211,450,0.0,0.0,0.9109378,0.30364594,1
211,455,0.0,0.0,0.8676094,0.28920314,1
211,462,0.0,0.0,0.8183214,0.2727738,1
211,469,0.0,0.0,0.75743717,0.25247908,1
211,472,0.0,0.0,0.7461408,0.2487136,1
211,474,0.0,0.0,0.84713584,0.2823786,1
211,475,0.0,0.95694804,0.0,0.3189827,1
211,480,0.0,1.0051004,0.0,0.33503348,1
211,486,0.9859246,0.0,0.0,0.32864153,1
211,491,0.0,1.036229,0.0,0.3454097,1
211,494,0.0,0.9424687,0.0,0.31415623,1
211,497,0.0,1.0549296,0.0,0.3516432,1
212,213,0.0,0.98253196,0.0,0.32751065,1
212,233,0.0,0.0,0.7455136,0.24850455,1
212,258,0.0,0.9997905,0.0,0.33326352,1
212,259,0.0,0.0,0.8137442,0.27124807,1
212,263,1.0007416,0.0,0.0,0.33358055,1
212,274,0.9756963,0.0,0.0,0.32523212,1
212,275,0.98747796,0.0,0.0,0.32915932,1
212,278,0.0,0.960928,0.0,0.32030934,1
212,281,0.0,0.0,1.4041132,0.46803772,1
212,283,0.0,0.0,1.6533285,0.55110955,1
212,284,0.0,0.0,0.75193244,0.25064415,1
212,287,0.0,0.96405596,0.0,0.321352,1
212,289,0.98032576,0.0,0.0,0.32677525,1
212,293,0.9623144,0.0,0.0,0.3207715,1
212,294,0.0,0.0,1.5125955,0.50419855,1
212,298,0.0,1.0048583,0.0,0.33495277,1
212,299,0.0,1.0059147,0.0,0.33530492,1
212,305,0.95824844,0.0,0.0,0.31941617,1
212,318,0.0,0.96919763,0.0,0.32306588,1
212,321,0.9798369,0.0,0.0,0.3266123,1
212,328,0.0,0.9624559,0.0,0.32081866,1
212,338,0.0,0.9541172,1.0085359,0.6542177,2
212,352,0.0,1.0008312,0.0,0.33361042,1
212,353,0.0,1.055734,0.0,0.35191137,1
212,358,0.9859385,0.0,0.0,0.32864618,1
212,359,0.0,0.9541394,0.0,0.31804648,1
212,365,0.0,0.0,0.96561104,0.32187036,1
212,370,0.97857064,0.0,0.0,0.32619023,1
212,371,0.0,1.0365837,0.0,0.3455279,1
212,373,1.0369806,0.0,0.0,0.3456602,1
212,378,0.0,1.0049248,0.0,0.33497494,1
212,381,0.0,0.9718097,0.0,0.32393658,1
212,385,0.0,0.0,1.3155718,0.43852395,1
212,402,0.0,1.0150433,0.0,0.33834776,1
212,403,0.0,1.0215352,0.0,0.34051174,1
212,404,0.0,0.94933486,0.0,0.31644496,1
212,411,1.0373529,0.0,0.0,0.3457843,1
212,418,1.0136727,0.0,0.0,0.33789092,1
212,429,0.0,0.0,1.3899362,0.4633121,1
212,432,0.0,0.0,0.93012756,0.31004253,1
212,446,0.0,1.0074263,0.0,0.33580875,1
212,451,0.0,0.0,0.7310369,0.24367897,1
212,473,1.0500531,0.0,0.0,0.35001773,1
212,474,0.9838758,0.0,0.0,0.3279586,1
212,482,0.0,0.0,0.7232411,0.24108037,1
212,488,0.0,0.0,0.96179175,0.32059726,1
212,493,0.0,1.0515504,0.0,0.3505168,1
212,497,0.0,1.0119122,0.0,0.3373041,1
212,503,0.0,0.9571083,0.0,0.31903613,1
212,505,0.0,0.0,0.87358135,0.29119378,1
212,507,0.0,0.0,1.0016593,0.33388644,1
212,509,0.0,0.0,1.3613954,0.45379847,1
213,214,0.0,0.0,0.6366902,0.21223007,1
213,218,0.97725844,0.9985827,0.0,0.65861374,2
213,220,0.0,0.0,1.7717704,0.5905901,1
213,224,0.0,1.1143802,1.053937,0.7227724,2
213,226,0.0,0.0,0.6569833,0.21899444,1
213,227,0.9939834,0.0,0.0,0.3313278,1
213,235,0.0,0.9381058,0.96267277,0.63359284,2
213,236,0.0,0.0,1.8591025,0.61970085,1
213,237,1.0140607,0.0,1.5670106,0.86035717,2
213,242,0.0,0.0,0.94016504,0.31338835,1
213,243,0.9648142,1.1275494,0.0,0.6974546,2
213,244,0.981007,0.0,0.0,0.32700235,1
213,246,0.0,0.0,0.58462965,0.19487655,1
213,251,0.0,0.0,0.84741133,0.28247046,1
213,257,0.0,1.2299232,0.0,0.40997443,1
213,267,0.9727167,0.0,0.0,0.3242389,1
213,273,0.0,0.95916176,0.0,0.3197206,1
213,277,0.9744778,0.0,0.0,0.32482594,1
213,280,0.9691172,0.0,0.842285,0.6038008,2
213,282,0.0,0.93802804,0.0,0.312676,1
213,285,0.0,0.95394844,0.0,0.31798282,1
213,286,0.99759203,0.0,0.0,0.33253068,1
213,288,0.0,0.0,0.73756707,0.24585569,1
213,302,0.0,0.0,1.8031434,0.6010478,1
213,304,0.9784399,0.0,0.0,0.32614666,1
213,308,0.0,0.94811,0.0,0.31603667,1
213,315,0.0,1.0336107,0.0,0.3445369,1
213,325,0.0,0.0,1.18529,0.39509666,1
213,326,0.0,0.0,1.041951,0.34731698,1
213,333,0.0,1.0522951,0.0,0.35076505,1
213,335,0.0,0.0,1.1179448,0.3726483,1
213,337,0.0,0.0,1.0902605,0.3634202,1
213,339,0.0,0.94220036,1.2361281,0.7261095,2
213,344,0.0,0.0,1.2244568,0.40815228,1
213,351,0.0,1.0939785,0.0,0.36465952,1
213,354,0.0,0.97400194,0.0,0.32466733,1
213,377,0.0,0.95517796,0.0,0.31839266,1
213,378,0.0,0.0,0.60632306,0.2021077,1
213,382,0.0,0.0,0.65466046,0.21822016,1
213,383,0.0,0.0,1.5651964,0.52173215,1
213,392,1.001443,0.0,0.0,0.33381435,1
213,400,0.0,0.0,0.623978,0.20799267,1
213,403,0.0,0.9886221,0.0,0.32954073,1
213,404,0.0,0.0,0.6360632,0.21202108,1
213,405,0.0,0.9731517,0.0,0.3243839,1
213,414,0.0,0.97617704,0.0,0.32539237,1
213,436,0.0,0.978759,0.0,0.326253,1
213,450,0.0,0.0,0.68090785,0.22696929,1
213,456,0.0,0.9650935,0.0,0.32169783,1
213,465,0.0,0.0,0.75497633,0.2516588,1
213,469,0.0,0.0,0.81043255,0.2701442,1
213,471,0.0,1.0005035,0.0,0.3335012,1
213,474,0.0,0.0,1.561985,0.5206617,1
213,476,0.0,1.0477271,0.0,0.3492424,1
213,478,1.0280657,0.0,0.0,0.34268856,1
213,480,0.0,0.0,0.7272417,0.24241391,1
213,490,0.0,0.0,0.61525923,0.20508641,1
213,491,0.0,0.0,1.6573949,0.55246496,1
213,492,1.0795872,0.0,0.0,0.35986242,1
213,499,0.0,0.0,1.0623089,0.35410297,1
213,504,0.99430114,0.0,0.0,0.3314337,1
213,506,0.9623082,0.0,0.67455953,0.5456226,2
214,217,0.0,0.9482363,0.0,0.31607878,1
214,220,0.0,1.1232222,0.0,0.3744074,1
214,222,0.9620895,0.0,0.0,0.3206965,1
214,224,0.0,0.97130895,0.0,0.32376966,1
214,234,0.0,1.1042765,0.0,0.36809218,1
214,243,0.0,0.0,0.9660894,0.32202983,1
214,250,0.0,0.0,0.9876311,0.32921037,1
214,255,0.0,0.0,1.3982128,0.46607095,1
214,263,0.0,0.95189625,0.0,0.31729877,1
214,267,0.0,0.0,0.92908466,0.3096949,1
214,268,0.0,0.0,0.8997401,0.29991338,1
214,269,0.0,0.9842904,0.0,0.3280968,1
214,278,0.0,0.0,0.76844287,0.25614762,1
214,288,1.02029,0.0,0.0,0.34009668,1
214,294,0.0,1.0766958,0.0,0.3588986,1
214,296,0.0,1.0874219,0.0,0.36247396,1
214,300,0.0,0.0,0.8023181,0.26743937,1
214,303,0.0,0.0,1.1819593,0.39398643,1
214,304,0.0,1.1706489,0.0,0.39021632,1
214,327,0.0,0.97534907,0.0,0.32511637,1
214,335,0.0,0.0,0.9502446,0.3167482,1
214,339,0.0,0.0,1.0958709,0.36529028,1
214,341,0.97331184,0.0,0.0,0.3244373,1
214,344,0.0,0.9428051,0.0,0.31426838,1
214,347,0.0,1.0389813,0.0,0.34632713,1
214,348,0.0,1.0329745,0.0,0.34432483,1
214,355,0.0,0.94649976,0.0,0.31549993,1
214,360,0.0,0.9358611,0.0,0.31195372,1
214,364,0.0,0.9394036,0.0,0.31313455,1
214,374,1.0460488,0.0,0.0,0.34868294,1
214,378,0.0,0.0,1.5348597,0.5116199,1
214,383,0.0,1.0189935,0.0,0.33966452,1
214,388,1.0840439,0.0,0.0,0.36134797,1
214,406,0.96826404,0.0,0.7504701,0.5729114,2
214,429,1.0167516,0.0,0.0,0.33891723,1
214,442,1.0829486,0.0,0.0,0.36098287,1
214,448,0.0,0.9635435,0.0,0.32118118,1
214,451,0.0,1.0486306,0.0,0.34954354,1
214,457,0.0,0.0,0.81354,0.27118,1
214,479,0.9711775,0.0,0.0,0.32372585,1
214,489,0.98871416,0.0,0.0,0.3295714,1
214,492,0.0,0.0,1.3615533,0.4538511,1
214,502,0.0,0.0,0.7034786,0.23449287,1
214,511,0.0,0.9464046,0.0,0.3154682,1
215,219,0.0,0.0,0.8760295,0.29200983,1
215,222,0.9638078,0.0,0.0,0.32126927,1
215,223,0.97733575,0.0,0.0,0.3257786,1
215,236,0.96666175,0.0,0.0,0.3222206,1
215,253,0.0,1.0774586,0.9520751,0.6765113,2
215,263,0.9902266,0.0,0.0,0.33007556,1
215,270,0.0,0.0,1.3585283,0.45284277,1
215,277,0.0,0.0,0.8639894,0.28799647,1
215,278,0.0,0.93998045,0.0,0.31332684,1
215,279,0.9943562,0.0,0.0,0.33145207,1
215,282,0.0,0.0,1.4155296,0.4718432,1
215,289,0.0,0.0,0.8432113,0.28107044,1
215,290,0.0,0.0,1.0471036,0.34903455,1
215,292,0.0,0.0,0.9386004,0.3128668,1
215,294,0.9643104,0.0,0.0,0.32143682,1
215,295,0.0,0.0,0.54691184,0.18230395,1
215,297,0.9747971,0.0,0.0,0.3249324,1
215,298,0.0,0.0,0.8457082,0.28190273,1
215,302,1.0038202,0.0,0.0,0.33460674,1
215,306,0.0,0.0,0.858267,0.286089,1
215,308,0.0,0.0,0.79498005,0.26499337,1
215,315,0.0,0.9655461,0.0,0.3218487,1
215,319,0.0,0.9654074,0.0,0.32180247,1
215,329,0.0,0.9380496,0.0,0.31268322,1
215,331,0.97271144,0.0,0.0,0.32423717,1
215,335,1.0532793,0.0,0.0,0.3510931,1
215,341,0.0,0.0,1.010835,0.33694503,1
215,348,0.0,0.0,1.6397444,0.5465815,1
215,350,0.0,0.0,0.7566126,0.2522042,1
215,351,0.0,0.0,0.9213375,0.30711251,1
215,355,0.0,0.96598613,0.0,0.32199538,1
215,356,0.0,0.0,1.0865068,0.36216897,1
215,360,1.0397387,0.0,0.0,0.34657955,1
215,363,0.0,0.0,1.3176945,0.43923151,1
215,366,0.0,0.98703897,0.0,0.329013,1
215,371,0.0,0.0,0.8212708,0.27375695,1
215,381,1.0492233,0.0,0.0,0.3497411,1
215,386,0.0,0.0,0.7422291,0.2474097,1
215,387,0.96980625,0.0,0.0,0.32326877,1
215,389,0.0,0.0,0.99919105,0.3330637,1
215,391,0.0,0.0,0.9896083,0.32986945,1
215,401,0.0,0.99150956,0.0,0.3305032,1
215,413,0.0,1.1282766,0.0,0.3760922,1
215,414,0.9866395,0.0,0.0,0.32887983,1
215,417,0.0,0.0,0.5669841,0.1889947,1
215,419,0.0,0.9367408,0.0,0.31224695,1
215,422,0.0,1.0067064,0.0,0.3355688,1
215,424,0.0,0.0,1.1767383,0.3922461,1
215,426,1.1380372,0.0,0.0,0.37934574,1
215,434,0.96928835,0.0,0.0,0.32309613,1
215,437,0.0,0.0,0.7611195,0.2537065,1
215,443,0.9981502,0.0,0.0,0.33271676,1
215,448,0.0,0.0,0.868994,0.2896647,1
215,451,0.0,0.0,0.8478612,0.2826204,1
215,453,0.0,0.0,0.80707043,0.26902348,1
215,454,0.0,1.0303353,0.0,0.34344512,1
215,459,0.0,0.0,0.91622484,0.3054083,1
215,465,0.0,0.0,0.76268435,0.25422812,1
215,467,0.0,0.9939423,0.0,0.33131412,1
215,468,0.0,0.0,0.54338354,0.18112785,1
215,475,0.0,0.9677404,0.0,0.32258016,1
215,476,0.0,0.0,0.64300907,0.21433637,1
215,479,0.0,0.0,0.6761986,0.22539954,1
215,486,0.0,0.0,0.8593766,0.28645888,1
215,490,0.97113127,0.0,0.0,0.32371044,1
215,495,0.0,0.96282923,0.0,0.3209431,1
215,496,0.0,0.99679625,0.0,0.33226544,1
215,500,0.9673702,0.0,0.0,0.32245675,1
215,503,0.0,0.0,1.4671651,0.48905504,1
215,504,0.0,0.0,0.67107546,0.22369182,1
215,505,0.0,0.0,0.57772315,0.19257438,1
215,509,0.9664532,0.0,0.0,0.32215106,1
216,226,0.9781414,0.0,0.0,0.32604715,1
216,239,0.0,0.0,0.5787667,0.19292223,1
216,247,0.0,0.9958798,0.0,0.33195996,1
216,251,0.9704545,0.9612289,0.0,0.6438945,2
216,254,0.0,0.95305115,0.0,0.31768373,1
216,262,0.9818939,0.0,0.0,0.327298,1
216,265,0.0,0.99632764,0.0,0.3321092,1
216,268,0.0,0.0,0.8410487,0.28034958,1
216,270,0.0,0.9534173,0.0,0.31780577,1
216,271,0.0,0.0,0.7285627,0.24285424,1
216,272,0.0,0.0,0.66145825,0.22048609,1
216,277,1.0298357,0.0,0.0,0.3432786,1
216,281,1.0419943,0.0,0.0,0.34733146,1
216,287,0.99131846,0.0,1.7567036,0.9160074,2
216,292,0.96927,0.0,0.0,0.32309002,1
216,298,0.0,1.0242968,0.0,0.34143227,1
216,303,0.0,0.0,1.2450814,0.41502714,1
216,305,0.0,0.0,0.79464185,0.26488063,1
216,306,0.0,0.955226,0.0,0.31840867,1
216,308,0.98956084,0.0,0.0,0.32985362,1
216,312,0.95651317,0.0,0.0,0.31883773,1
216,316,0.0,0.0,0.9476917,0.31589723,1
216,317,0.0,0.0,1.6576318,0.55254394,1
216,329,0.0,0.0,1.2847692,0.4282564,1
216,343,0.0,1.2136444,0.0,0.40454814,1
216,346,0.9792078,0.0,0.0,0.3264026,1
216,349,0.0,1.0066513,0.0,0.33555043,1
216,350,0.0,1.2168185,0.0,0.40560615,1
216,352,0.96325195,0.0,0.0,0.321084,1
216,355,0.0,0.0,0.8947944,0.2982648,1
216,359,0.0,0.0,1.4818652,0.49395508,1
216,360,0.0,0.99433017,0.0,0.3314434,1
216,361,0.0,0.0,1.7217767,0.5739256,1
216,363,0.97763914,0.0,0.0,0.32587972,1
216,365,1.0019283,0.0,0.0,0.33397612,1
216,366,0.0,0.9593379,0.0,0.3197793,1
216,387,0.0,0.97821355,1.0118121,0.6633419,2
216,390,1.0490489,0.0,0.0,0.349683,1
216,403,1.0251311,0.0,0.0,0.3417104,1
216,406,0.0,0.0,1.2015109,0.40050364,1
216,410,0.0,1.0340712,0.0,0.3446904,1
216,422,0.9864519,0.0,0.0,0.3288173,1
216,431,0.0,1.0190668,0.0,0.33968896,1
216,440,0.0,1.001781,0.0,0.333927,1
216,441,0.0,0.0,0.70838434,0.23612812,1
216,454,0.0,0.0,0.9366265,0.31220883,1
216,455,0.0,0.0,0.71777284,0.23925762,1
216,472,0.0,0.98957664,0.7922579,0.5939449,2
216,486,1.0015491,0.0,0.0,0.33384973,1
216,488,0.9689587,0.0,0.0,0.32298625,1
216,501,0.0,0.9535168,0.0,0.31783894,1
217,224,0.0,0.9634393,0.0,0.32114643,1
217,225,0.0,0.96313727,0.0,0.32104576,1
217,227,0.0,0.0,0.5351033,0.17836778,1
217,229,0.0,0.93343633,0.0,0.31114545,1
217,237,0.98426753,0.0,0.0,0.32808918,1
217,238,0.9740585,0.0,0.5455833,0.5065473,2
217,249,0.0,0.0,0.47837567,0.15945856,1
217,259,0.0,0.0,1.0099794,0.3366598,1
217,260,0.0,0.0,1.143623,0.38120767,1
217,261,0.0,0.0,0.6500602,0.21668673,1
217,265,0.0,1.0718141,0.0,0.35727137,1
217,266,1.0424656,0.0,0.95166,0.6647085,2
217,270,0.0,1.0406866,0.0,0.34689555,1
217,278,1.070235,0.0,0.0,0.356745,1
217,279,0.0,0.0,1.3586851,0.45289505,1
217,282,0.0,1.034559,0.0,0.344853,1
217,285,0.0,0.96136385,1.0106865,0.6573502,2
217,286,0.0,0.939243,0.0,0.31308103,1
217,289,0.97752863,0.0,0.0,0.3258429,1
217,291,1.0749091,0.0,0.0,0.35830304,1
217,293,0.0,0.0,1.5127425,0.50424755,1
217,304,0.0,0.0,0.72717524,0.24239175,1
217,309,1.0054523,0.0,0.0,0.33515078,1
217,310,0.0,0.98796576,0.0,0.32932192,1
217,314,0.0,0.0,1.1201152,0.37337172,1
217,315,0.0,0.9509406,0.0,0.3169802,1
217,317,1.0023462,0.0,0.0,0.3341154,1
217,321,0.0,0.0,0.7083793,0.23612645,1
217,323,1.0365766,0.0,1.372725,0.8031006,2
217,326,0.0,0.0,0.80171335,0.26723778,1
217,328,0.0,1.0446433,0.0,0.34821445,1
217,334,0.0,1.0335257,0.0,0.3445086,1
217,335,0.98549736,0.0,0.0,0.32849914,1
217,337,0.0,1.0019896,0.0,0.33399653,1
217,340,0.0,0.0,1.2311956,0.41039854,1
217,343,1.0344093,0.0,1.0288305,0.68774664,2
217,345,0.0,0.0,1.5227878,0.50759596,1
217,346,0.0,0.98696357,0.0,0.32898787,1
217,351,0.0,1.107137,0.0,0.36904567,1
217,356,1.004817,0.0,0.0,0.334939,1
217,358,0.0,0.0,0.95322144,0.3177405,1
217,364,0.0,0.9503796,0.0,0.3167932,1
217,365,0.0,0.9831813,0.0,0.3277271,1
217,366,0.0,1.0097151,0.0,0.3365717,1
217,369,0.0,0.95168626,0.0,0.31722876,1
217,389,0.0,0.0,0.6065576,0.20218587,1
217,391,0.96290773,0.0,0.0,0.32096925,1
217,402,1.0897774,0.0,0.0,0.36325914,1
217,408,0.0,0.0,0.8672163,0.2890721,1
217,414,1.0691801,0.0,0.0,0.3563934,1
217,419,0.0,0.98042834,1.0373658,0.67259806,2
217,424,0.0,0.0,0.9275317,0.30917725,1
217,427,1.0006949,0.0,0.0,0.33356497,1
217,428,0.973379,0.0,0.0,0.32445967,1
217,435,0.0,0.0,1.0539733,0.35132444,1
217,437,0.97968173,1.1411293,0.0,0.706937,2
217,445,0.0,0.0,0.7616808,0.2538936,1
217,451,0.0,1.0207162,0.0,0.34023875,1
217,455,0.9657521,0.0,0.0,0.32191738,1
217,458,0.0,1.0189506,0.0,0.3396502,1
217,464,0.0,0.0,0.78782,0.26260668,1
217,466,0.0,0.0,0.8325734,0.27752447,1
217,470,0.9915181,0.0,0.0,0.33050603,1
217,471,0.0,0.0,0.8847875,0.29492918,1
217,473,0.0,0.0,1.260091,0.42003033,1
217,476,0.987181,0.0,0.0,0.32906035,1
217,489,0.0,1.0237923,0.0,0.3412641,1
217,494,0.0,0.0,0.7642321,0.25474405,1
217,499,0.0,0.95199025,0.0,0.3173301,1
217,506,0.0,0.94948184,0.0,0.31649396,1
217,508,0.0,0.0,1.0823611,0.36078703,1
218,219,0.0,1.2688588,0.0,0.42295295,1
218,223,0.0,0.0,1.3368293,0.44560978,1
218,235,0.0,1.0007147,1.0150001,0.6719049,2
218,236,0.0,0.9253017,0.0,0.3084339,1
218,240,1.009273,0.0,0.0,0.33642435,1
218,244,0.9990205,0.0,0.5782804,0.52576697,2
218,248,1.0024184,0.0,0.0,0.33413947,1
218,249,0.0,0.9510298,0.0,0.31700993,1
218,251,0.0,0.0,0.7546857,0.2515619,1
218,252,0.0,0.0,0.966121,0.32204035,1
218,253,0.99869275,0.0,0.0,0.3328976,1
218,264,0.9647267,0.0,0.0,0.32157558,1
218,282,0.0,0.96970385,0.0,0.32323462,1
218,283,0.9669568,0.0,0.0,0.32231894,1
218,286,0.0,0.0,0.8493291,0.28310972,1
218,289,0.0,0.9624861,0.0,0.3208287,1
218,310,0.0,0.9807984,0.0,0.32693282,1
218,313,0.0,1.0063856,0.0,0.33546185,1
218,314,0.0,0.0,0.95671856,0.3189062,1
218,321,0.0,0.0,1.5691288,0.5230429,1
218,322,0.0,0.97556734,0.0,0.3251891,1
218,324,0.0,0.94879436,0.0,0.3162648,1
218,326,0.0,0.0,0.64103794,0.21367931,1
218,328,0.0,0.0,0.78076035,0.26025346,1
218,333,0.96535987,0.0,0.0,0.32178664,1
218,336,0.0,0.0,0.91593534,0.3053118,1
218,337,0.0,0.9608889,0.0,0.32029632,1
218,339,0.0,0.94399136,0.0,0.3146638,1
218,340,0.0,0.0,0.9940806,0.33136022,1
218,342,0.0,1.1345049,0.0,0.3781683,1
218,343,0.0,0.0,1.0956609,0.3652203,1
218,344,1.0381949,0.0,0.0,0.34606498,1
218,352,0.0,1.0194272,0.9634836,0.6609703,2
218,358,0.0,1.0017283,0.0,0.33390945,1
218,367,0.99118346,0.0,0.0,0.3303945,1
218,370,0.0,0.0,1.0373492,0.34578308,1
218,371,0.0,1.0211712,0.0,0.3403904,1
218,377,0.0,0.94712245,0.0,0.3157075,1
218,379,0.97561413,0.0,0.0,0.32520473,1
218,393,0.982571,0.0,0.0,0.32752368,1
218,403,0.0,0.9561692,0.0,0.31872308,1
218,411,0.96236426,1.0925008,0.0,0.684955,2
218,416,0.0,0.0,1.0259176,0.34197256,1
218,422,1.0469613,0.0,0.0,0.3489871,1
218,428,0.0,0.959197,0.0,0.31973234,1
218,429,1.0027492,0.0,0.0,0.33424973,1
218,435,1.0397714,0.0,0.0,0.3465905,1
218,439,0.0,1.0006347,0.0,0.3335449,1
218,442,1.0008214,0.0,0.0,0.33360714,1
218,453,0.97743285,0.0,0.0,0.32581097,1
218,454,1.0009978,0.9474983,0.0,0.6494987,2
218,455,0.9694393,0.0,0.0,0.32314646,1
218,460,0.0,0.9935129,0.0,0.33117098,1
218,461,0.0,1.0288647,0.84822017,0.625695,2
218,491,0.0,0.0,0.8500912,0.28336376,1
218,494,0.0,0.963372,1.0491074,0.6708265,2
218,501,0.0,1.0197465,0.0,0.3399155,1
218,506,0.0,0.0,1.5466009,0.5155337,1
218,510,0.0,0.0,1.7952824,0.5984275,1
219,221,0.0,1.1366763,0.0,0.37889212,1
219,233,1.0246416,0.0,0.0,0.34154722,1
219,234,0.98067605,0.0,0.0,0.32689202,1
219,241,1.0240678,0.0,0.0,0.34135592,1
219,258,0.0,0.0,0.6736105,0.22453684,1
219,266,0.0,0.9478391,0.0,0.31594637,1
219,269,0.0,0.0,0.9443106,0.31477022,1
219,272,1.0025257,0.0,0.0,0.33417523,1
219,274,0.0,0.97863424,0.0,0.32621142,1
219,282,0.9657626,0.0,0.70481473,0.55685914,2
219,288,0.0,1.1515135,0.0,0.38383782,1
219,290,0.0,0.0,1.1391006,0.37970018,1
219,293,0.97735536,0.0,0.0,0.32578513,1
219,296,0.0,0.9937326,0.0,0.3312442,1
219,301,1.0095836,0.0,0.0,0.33652788,1
219,304,0.0,0.9460354,0.0,0.31534514,1
219,306,0.0,0.0,1.6638415,0.5546138,1
219,308,0.0,0.0,1.5022227,0.5007409,1
219,312,0.0,0.9950183,0.0,0.3316728,1
219,315,0.0,0.0,1.1342722,0.37809074,1
219,334,0.0,0.97262555,0.0,0.32420853,1
219,336,0.0,1.0505503,0.0,0.35018346,1
219,338,0.97704,0.0,0.0,0.32568002,1
219,340,0.0,1.0281624,0.0,0.3427208,1
219,347,0.9731004,0.0,0.0,0.3243668,1
219,350,0.0,0.0,1.7932323,0.5977441,1
219,351,0.0,0.0,1.1376976,0.37923253,1
219,356,0.0,1.1353832,0.0,0.3784611,1
219,359,0.97236913,0.0,0.0,0.32412305,1
219,363,0.0,0.0,1.7171513,0.57238376,1
219,371,1.0099523,0.0,0.67458385,0.5615121,2
219,373,0.0,0.0,0.9741369,0.3247123,1
219,379,1.0075977,0.0,1.1205668,0.7093882,2
219,380,0.0,0.0,0.67546517,0.22515506,1
219,381,0.98755175,0.0,0.0,0.32918394,1
219,385,0.0,1.0238515,0.0,0.34128386,1
219,390,0.0,1.0269582,0.0,0.34231943,1
219,391,0.0,0.0,0.96930057,0.3231002,1
219,393,0.0,0.0,0.66370386,0.22123462,1
219,394,0.0,0.0,1.6936388,0.5645463,1
219,404,0.0,0.9522976,0.0,0.31743255,1
219,408,0.0,1.0143777,0.0,0.3381259,1
219,409,0.0,0.0,0.7035714,0.2345238,1
219,414,0.0,0.0,1.3354264,0.44514215,1
219,425,0.0,0.93592,0.0,0.31197333,1
219,430,0.0,1.1518205,0.0,0.3839402,1
219,439,0.0,0.9679957,0.0,0.32266524,1
219,453,0.0,0.0,0.8338224,0.2779408,1
219,456,1.0023546,0.0,0.0,0.33411822,1
219,459,0.0,0.0,1.5542552,0.5180851,1
219,468,1.0247386,0.0,0.0,0.34157953,1
219,474,1.0454092,0.0,0.0,0.34846973,1
219,481,0.0,1.0465393,0.0,0.34884644,1
219,483,0.0,0.0,1.0819702,0.36065674,1
219,485,0.0,0.0,0.7563247,0.25210825,1
219,490,0.0,0.9510764,0.0,0.31702548,1
219,492,1.0081072,0.0,0.0,0.33603573,1
219,501,0.0,0.9762352,0.0,0.32541174,1
219,503,0.0,0.0,1.0210246,0.34034154,1
219,510,1.0295504,0.0,0.0,0.3431835,1
220,224,0.0,0.0,1.1409459,0.3803153,1
220,226,0.0,1.0605463,0.0,0.35351545,1
220,235,0.0,0.0,0.6454909,0.21516363,1
220,236,0.0,0.0,1.2781862,0.42606208,1
220,237,0.0,0.0,1.6122748,0.5374249,1
220,239,0.0,1.0302457,0.0,0.34341523,1
220,244,0.0,1.0401678,0.0,0.3467226,1
220,251,0.0,0.0,0.8793704,0.29312348,1
220,252,0.0,0.99359274,0.0,0.3311976,1
220,259,0.9627094,0.95838743,0.0,0.6403656,2
220,284,0.9802554,0.0,0.0,0.32675183,1
220,288,0.0,0.0,0.67980915,0.22660306,1
220,296,0.0,1.235213,0.0,0.41173768,1
220,298,0.98992735,0.0,0.0,0.32997578,1
220,302,0.0,0.95074046,1.7342458,0.89499545,2
220,303,0.9938033,0.0,0.0,0.33126777,1
220,311,0.979181,0.0,0.0,0.32639366,1
220,312,0.0,1.0220914,0.0,0.34069714,1
220,325,0.0,0.0,1.6472596,0.5490866,1
220,326,0.0,0.0,0.62332326,0.20777443,1
220,334,0.97594213,0.0,0.0,0.32531404,1
220,337,0.0,0.0,0.8824571,0.29415238,1
220,339,0.0,0.0,0.776883,0.25896102,1
220,344,0.97743315,0.0,0.92252654,0.6333199,2
220,352,0.0,0.9720117,0.0,0.3240039,1
220,353,1.0169204,0.0,0.0,0.3389735,1
220,380,0.9573091,0.0,0.0,0.31910306,1
220,383,1.1418154,0.0,0.9152226,0.6856794,2
220,384,0.95508355,1.0146831,0.0,0.6565889,2
220,390,0.0,0.98246455,0.0,0.32748818,1
220,400,0.0,0.0,0.7934394,0.26447982,1
220,415,0.0,0.0,0.7736319,0.2578773,1
220,434,1.0377952,0.0,0.0,0.34593174,1
220,441,0.96474195,0.0,0.0,0.32158065,1
220,443,0.9606259,0.0,0.0,0.32020864,1
220,447,0.9612536,0.9873504,0.0,0.6495347,2
220,452,0.0,0.9678096,0.0,0.32260323,1
220,454,0.0,0.98535836,0.0,0.3284528,1
220,457,0.0,1.0228575,0.0,0.34095252,1
220,469,0.0,0.0,0.7647946,0.25493154,1
220,474,0.0,1.0630208,1.2286459,0.76388896,2
220,475,0.98828334,0.0,0.0,0.32942778,1
220,480,0.0,0.0,0.8253957,0.2751319,1
220,485,0.0,0.9439034,0.0,0.31463447,1
220,491,0.0,0.0,1.6861823,0.5620608,1
220,493,0.0,1.0218058,0.0,0.34060192,1
220,499,0.0,0.0,1.2158498,0.40528327,1
220,500,0.9706686,0.0,0.0,0.3235562,1
220,506,0.9604415,0.0,0.75652844,0.5723233,2
221,227,0.9633515,0.0,0.0,0.32111716,1
221,228,0.9684239,0.0,0.0,0.32280797,1
221,229,0.0,0.9530126,0.0,0.31767088,1
221,233,0.0,0.0,1.4138278,0.47127593,1
221,234,0.0,1.0080081,0.0,0.3360027,1
221,241,0.9766967,0.0,0.0,0.32556558,1
221,256,1.0307134,0.0,0.0,0.34357116,1
221,268,0.9904211,0.0,0.0,0.33014038,1
221,282,0.97538084,0.0,0.0,0.32512695,1
221,287,0.9669202,0.0,0.0,0.32230675,1
221,291,0.0,1.010098,0.0,0.33669934,1
221,292,0.0,0.9847672,0.0,0.32825574,1
221,293,0.0,0.0,0.82042605,0.27347535,1
221,294,0.0,0.9867407,0.0,0.32891357,1
221,295,0.9931316,0.0,0.0,0.33104387,1
221,297,0.97630554,0.0,0.0,0.3254352,1
221,298,0.0,0.94639534,0.0,0.31546512,1
221,302,0.0,0.9780388,0.0,0.32601294,1
221,305,0.0,0.9393413,0.0,0.31311378,1
221,312,0.99244136,0.0,0.0,0.3308138,1
221,322,0.0,0.98554546,0.0,0.32851517,1
221,324,0.97813845,0.0,0.0,0.32604617,1
221,326,0.0,0.0,0.58428454,0.19476151,1
221,340,0.0,0.9828064,0.0,0.32760215,1
221,341,0.98626006,0.0,0.0,0.32875335,1
221,349,0.9942911,0.0,0.0,0.33143038,1
221,364,1.0357386,0.0,0.0,0.3452462,1
221,372,0.0,0.0,0.873358,0.29111934,1
221,373,0.0,0.0,0.8577762,0.28592542,1
221,388,0.0,1.0185212,1.8200424,0.94618785,2
221,389,0.0,0.0,0.73866534,0.24622178,1
221,395,0.0,0.0,0.8022182,0.26740608,1
221,398,0.0,1.1382697,0.0,0.37942323,1
221,408,0.96894354,0.0,0.0,0.32298118,1
221,415,1.015522,0.0,0.0,0.33850735,1
221,419,0.98327947,0.0,0.0,0.32775983,1
221,423,0.9908661,0.0,0.0,0.3302887,1
221,435,0.0,0.0,1.2664031,0.42213437,1
221,444,0.0,1.0254314,0.0,0.34181046,1
221,445,0.0,0.0,0.8532328,0.28441095,1
221,453,0.0,0.0,1.2625748,0.42085826,1
221,458,0.0,0.0,1.1218632,0.37395442,1
221,460,0.0,1.1329408,0.0,0.37764692,1
221,463,0.9649652,0.0,0.0,0.3216551,1
221,467,0.0,0.0,1.487372,0.4957907,1
221,473,0.0,0.0,1.2962257,0.43207523,1
221,475,0.0,0.96110916,0.0,0.32036972,1
221,476,0.0,1.0883815,0.0,0.36279386,1
221,478,0.0,1.0867283,0.0,0.3622428,1
221,480,0.0,0.0,0.79729575,0.26576525,1
221,487,0.0,0.9785166,0.0,0.3261722,1
221,489,0.98996305,1.0454509,0.0,0.6784713,2
221,496,0.98970735,0.0,0.0,0.32990247,1
221,503,0.0,0.0,1.0130115,0.3376705,1
221,504,0.97483647,0.0,0.0,0.3249455,1
221,507,0.0,1.0197583,0.0,0.33991945,1
221,508,0.0,0.0,0.6964012,0.23213373,1
222,230,0.0,1.0124477,0.0,0.33748257,1
222,232,0.0,0.0,1.8038362,0.6012788,1
222,242,1.036597,0.0,0.0,0.34553236,1
222,243,0.97431326,0.0,0.0,0.3247711,1
222,247,0.0,0.0,0.7349938,0.24499795,1
222,258,1.047569,0.0,0.0,0.3491897,1
222,269,0.0,0.966038,0.0,0.32201266,1
222,276,0.98888016,0.0,0.0,0.32962674,1
222,288,1.0119437,0.0,0.0,0.33731458,1
222,289,0.0,0.9830659,0.0,0.32768863,1
222,291,1.0149151,0.0,0.0,0.33830506,1
222,292,0.0,0.93836945,0.0,0.31278983,1
222,295,1.0398043,0.9580375,0.0,0.6659473,2
222,305,0.0,1.105771,0.0,0.36859033,1
222,317,0.0,0.992991,0.0,0.330997,1
222,322,0.0,0.0,1.0047964,0.33493215,1
222,329,0.0,0.0,1.3403085,0.44676954,1
222,334,0.0,1.0111054,0.0,0.33703515,1
222,345,0.0,0.9389102,0.0,0.31297007,1
222,347,0.0,1.02564,0.0,0.34188002,1
222,349,0.0,0.9959496,0.0,0.3319832,1
222,355,0.0,0.9787951,0.7369126,0.5719026,2
222,359,0.0,0.0,0.6333306,0.2111102,1
222,362,1.013692,0.0,0.0,0.33789736,1
222,366,0.0,0.955037,0.0,0.31834567,1
222,373,0.9761547,0.0,0.0,0.3253849,1
222,377,0.0,0.0,1.8352398,0.6117466,1
222,382,0.0,0.9945828,0.0,0.3315276,1
222,394,0.0,1.2346075,0.0,0.41153583,1
222,412,0.0,0.0,1.0832204,0.36107346,1
222,416,0.0,0.94160986,0.0,0.31386995,1
222,418,0.9713451,0.0,0.0,0.32378173,1
222,419,0.0,0.9916556,0.0,0.33055186,1
222,424,0.0,0.9433764,0.0,0.31445882,1
222,425,1.0209905,0.0,0.81100684,0.6106658,2
222,426,1.0194907,0.0,0.0,0.33983025,1
222,428,0.9561316,0.0,0.0,0.31871054,1
222,436,0.0,0.0,1.0318128,0.3439376,1
222,440,0.9947736,0.0,0.0,0.33159122,1
222,441,0.0,0.0,0.9468816,0.31562722,1
222,442,1.0093393,0.0,0.0,0.33644646,1
222,455,0.0,0.0,1.0402011,0.3467337,1
222,462,0.0,0.0,0.9345754,0.31152514,1
222,470,0.0,0.9283184,0.0,0.30943948,1
222,472,0.0,0.0,1.0008751,0.33362505,1
222,473,0.99821,0.0,0.0,0.33273667,1
222,476,0.0,1.0218487,0.0,0.34061623,1
222,486,0.0,0.94927907,0.0,0.31642637,1
222,500,0.0,1.0198638,0.0,0.3399546,1
222,504,0.9823293,0.0,0.0,0.32744312,1
223,235,1.0346259,0.0,0.80476403,0.61313,2
223,238,0.9873037,0.0,0.0,0.32910123,1
223,247,0.0,1.0639248,0.0,0.35464162,1
223,251,0.0,0.0,1.2273117,0.40910393,1
223,260,0.0,0.0,0.84741795,0.28247267,1
223,261,0.0,0.0,1.3846195,0.46153983,1
223,266,0.0,0.0,0.89430964,0.2981032,1
223,270,0.0,0.9568614,0.0,0.3189538,1
223,273,0.0,1.0695851,0.0,0.35652837,1
223,282,0.0,0.9802979,0.0,0.32676598,1
223,286,0.0,1.0397894,0.0,0.34659648,1
223,292,0.0,0.0,0.795963,0.26532102,1
223,299,0.0,0.0,1.0001599,0.33338663,1
223,303,0.98190325,0.0,0.0,0.32730108,1
223,314,0.0,0.0,0.9841698,0.3280566,1
223,317,0.0,1.1451479,0.0,0.38171598,1
223,318,0.0,0.9758367,0.0,0.3252789,1
223,321,0.0,0.0,1.141546,0.38051534,1
223,325,0.0,0.0,0.9213741,0.3071247,1
223,332,1.0299194,0.0,0.0,0.34330648,1
223,333,0.0,0.0,0.9208789,0.30695963,1
223,336,0.0,0.0,1.071869,0.35728967,1
223,343,0.0,0.0,0.7867621,0.26225406,1
223,347,0.0,1.0516287,0.0,0.3505429,1
223,351,0.0,0.99516004,0.0,0.33172002,1
223,352,0.0,0.0,0.842503,0.28083435,1
223,357,0.0,0.9548916,0.0,0.3182972,1
223,358,0.96925807,0.0,0.72497797,0.56474537,2
223,368,1.0417341,0.0,0.0,0.3472447,1
223,387,0.0,1.0002437,0.0,0.33341455,1
223,400,0.0,0.0,0.9934873,0.33116245,1
223,404,1.0553535,0.0,0.0,0.35178453,1
223,405,0.99044,0.0,0.0,0.33014667,1
223,408,0.0,0.0,0.78653073,0.26217693,1
223,414,0.9873644,0.0,0.0,0.32912147,1
223,415,0.0,0.0,1.2883244,0.42944145,1
223,416,0.0,0.0,1.3429365,0.44764552,1
223,418,0.9892817,0.0,0.0,0.32976058,1
223,419,0.0,0.97639316,1.4038742,0.79342246,2
223,430,1.0115519,0.0,0.0,0.33718395,1
223,437,1.0036259,0.0,0.0,0.33454198,1
223,438,0.0,0.0,0.850394,0.28346467,1
223,446,0.0,0.0,0.8598625,0.28662086,1
223,461,0.0,0.0,1.2839147,0.42797157,1
223,463,0.0,0.9616093,0.0,0.32053643,1
223,464,0.0,0.0,0.8430036,0.2810012,1
223,471,0.0,0.9465708,0.7183859,0.5549856,2
223,480,1.0402288,0.0,0.0,0.34674296,1
223,481,1.0041075,0.0,0.0,0.3347025,1
223,490,0.0,0.0,0.90112764,0.30037588,1
223,491,0.97113806,0.0,1.3906235,0.78725386,2
223,494,0.0,0.0,0.73350066,0.24450022,1
223,497,0.0,0.0,0.6899429,0.22998098,1
223,498,0.98609257,0.0,0.0,0.32869753,1
223,506,0.0,0.0,0.7729987,0.25766623,1
223,510,0.0,0.0,1.3607068,0.45356894,1
224,230,0.97448754,0.0,0.0,0.3248292,1
224,236,0.0,0.0,0.60883963,0.20294654,1
224,248,1.0780754,0.0,0.9209297,0.66633505,2
224,252,0.976569,0.0,0.0,0.32552302,1
224,260,1.0080718,0.0,0.0,0.33602393,1
224,267,0.0,0.0,0.94517773,0.31505924,1
224,271,0.97285825,0.0,0.0,0.3242861,1
224,278,0.0,0.9884406,0.0,0.3294802,1
224,302,0.0,0.0,0.864465,0.28815502,1
224,303,0.9781838,0.0,0.0,0.32606128,1
224,304,0.0,1.053315,0.0,0.35110503,1
224,312,0.0,0.94959307,0.0,0.31653103,1
224,313,1.0480542,0.0,0.0,0.3493514,1
224,320,0.962066,0.0,0.0,0.32068866,1
224,325,0.0,0.0,1.0464219,0.3488073,1
224,329,0.9764097,0.0,0.0,0.3254699,1
224,335,0.0,0.9715762,0.0,0.32385874,1
224,339,0.0,0.0,0.6816185,0.22720617,1
224,344,0.0,0.0,1.789501,0.59650034,1
224,352,0.0,0.0,0.68772423,0.22924142,1
224,354,0.0,0.9808981,0.0,0.32696605,1
224,355,0.0,0.0,1.091416,0.36380535,1
224,365,1.0702747,0.0,0.0,0.35675824,1
224,374,1.0549905,0.0,0.0,0.35166353,1
224,382,0.0,0.9641938,0.0,0.32139796,1
224,386,0.0,0.9366174,0.0,0.3122058,1
224,400,0.0,1.0698217,0.0,0.35660726,1
224,403,1.0328623,0.0,0.0,0.34428746,1
224,405,0.9860709,0.0,0.0,0.3286903,1
224,423,0.0,0.9746033,0.0,0.32486778,1
224,429,0.0,0.95681864,0.0,0.31893957,1
224,433,0.979494,0.0,0.0,0.326498,1
224,438,0.9645378,0.0,0.0,0.3215126,1
224,456,0.0,1.019896,0.0,0.33996534,1
224,458,0.98181915,0.0,0.0,0.32727307,1
224,460,0.0,0.0,0.76798475,0.25599492,1
224,461,0.0,0.0,0.75026274,0.2500876,1
224,474,0.0,1.011526,0.0,0.33717534,1
224,476,0.0,0.9714464,0.0,0.32381546,1
224,481,0.99155855,0.0,0.0,0.33051953,1
224,483,1.0321085,0.0,0.0,0.3440362,1
224,487,0.0,0.9557099,0.0,0.31856996,1
224,491,0.0,0.0,0.787207,0.26240236,1
224,501,1.02159,0.0,0.0,0.34053,1
224,502,0.9702035,0.0,1.4387239,0.80297583,2
224,507,0.9845299,0.0,0.0,0.32817665,1
225,229,0.0,0.0,1.0486647,0.3495549,1
225,239,0.0,0.9755038,0.0,0.32516795,1
225,240,0.0,1.1289401,0.0,0.3763134,1
225,245,0.0,0.0,1.1071799,0.36905998,1
225,250,0.0,1.059727,0.0,0.35324234,1
225,253,0.0,0.0,0.81899154,0.2729972,1
225,262,0.0,0.0,1.7038909,0.56796366,1
225,265,0.0,0.9938193,0.0,0.3312731,1
225,270,0.0,1.0453151,0.0,0.34843838,1
225,272,0.0,1.0069859,0.0,0.33566198,1
225,274,0.0,0.0,0.73841965,0.24613988,1
225,287,0.97913474,0.0,0.0,0.32637826,1
225,301,0.0,0.0,1.046149,0.34871635,1
225,310,0.0,0.0,0.9368741,0.31229138,1
225,311,0.0,0.0,0.70719826,0.23573276,1
225,314,0.9668417,0.0,0.0,0.3222806,1
225,318,1.0027074,0.0,0.0,0.3342358,1
225,323,0.9627419,0.0,0.0,0.32091397,1
225,339,1.1186295,0.0,0.0,0.3728765,1
225,347,0.0,0.0,0.8521393,0.28404644,1
225,353,0.0,0.0,1.0591073,0.35303578,1
225,360,0.0,0.0,1.0823904,0.3607968,1
225,364,0.0,0.9653948,0.0,0.32179826,1
225,372,0.0,0.9608334,0.0,0.3202778,1
225,379,0.0,0.0,0.7276951,0.24256504,1
225,383,0.96802336,0.0,0.0,0.32267445,1
225,388,0.0,0.9725633,0.0,0.3241878,1
225,395,0.97472006,0.0,0.0,0.3249067,1
225,408,0.9859182,0.0,0.0,0.32863942,1
225,411,0.0,0.0,1.0024472,0.3341491,1
225,412,1.0093269,0.0,0.0,0.33644232,1
225,415,0.988844,0.0,0.0,0.32961467,1
225,418,0.0,0.0,1.040948,0.3469827,1
225,423,0.0,0.0,0.86376375,0.28792125,1
225,426,0.0,0.0,1.0325851,0.34419507,1
225,428,0.0,0.0,1.2689342,0.4229781,1
225,441,0.0,0.9596832,0.0,0.3198944,1
225,447,0.97374034,0.0,0.0,0.32458013,1
225,449,0.0,0.9320429,0.0,0.310681,1
225,454,0.9975761,0.0,0.0,0.33252537,1
225,456,0.99960136,0.0,1.5117888,0.83713007,2
225,463,0.0,0.0,1.4187461,0.47291538,1
225,468,0.9743896,0.0,0.0,0.32479656,1
225,490,0.0,0.973682,0.0,0.32456067,1
225,495,1.0079144,0.0,1.2195048,0.7424731,2
225,499,0.0,0.0,0.8593621,0.28645405,1
225,501,0.0,1.0237824,0.0,0.3412608,1
226,227,0.0,0.0,0.5962081,0.19873604,1
226,231,0.97043735,0.0,0.750862,0.57376647,2
226,232,1.0303726,0.0,0.0,0.34345755,1
226,235,0.0,0.0,0.68066555,0.22688852,1
226,236,0.0,0.0,0.55150783,0.18383595,1
226,238,0.0,0.0,1.3597689,0.4532563,1
226,239,0.0,1.1061572,0.0,0.36871907,1
226,240,0.9824971,0.0,0.0,0.32749903,1
226,248,1.0157459,0.0,0.0,0.33858198,1
226,251,0.9949186,0.0,0.0,0.33163953,1
226,258,0.99299216,0.0,0.0,0.3309974,1
226,261,0.0,0.958679,0.0,0.3195597,1
226,277,0.0,1.0068793,0.0,0.33562645,1
226,279,0.0,0.0,0.80169946,0.26723316,1
226,280,0.0,0.0,1.0000402,0.33334672,1
226,291,0.0,0.0,0.6825373,0.22751245,1
226,293,0.97133887,0.0,0.0,0.32377964,1
226,304,0.0,0.0,0.7193705,0.23979017,1
226,307,1.0145785,1.0214316,0.0,0.67867005,2
226,313,0.0,0.0,1.1797304,0.3932435,1
226,323,1.0241692,0.0,0.0,0.34138975,1
226,325,0.0,0.97500026,0.65911114,0.54470384,2
226,326,0.973688,0.0,0.6277254,0.5338045,2
226,337,0.0,0.0,0.7559675,0.2519892,1
226,344,0.99419683,0.0,0.0,0.33139896,1
226,347,0.97860813,0.0,0.0,0.32620272,1
226,348,0.0,1.0020881,0.0,0.33402938,1
226,360,0.0,1.0122074,0.0,0.33740246,1
226,362,0.9784402,0.0,0.0,0.32614675,1
226,363,1.0071797,0.0,0.0,0.3357266,1
226,364,0.9653536,0.0,0.0,0.32178456,1
226,372,0.0,0.0,1.6273003,0.54243344,1
226,379,0.97283286,0.0,0.0,0.32427764,1
226,382,0.0,0.0,0.9471448,0.31571496,1
226,383,0.96840584,0.0,0.84064317,0.6030164,2
226,388,0.0,0.0,0.85077614,0.28359205,1
226,393,0.9942104,0.0,0.0,0.3314035,1
226,413,0.0,0.0,0.77924937,0.2597498,1
226,433,1.0612149,0.0,0.0,0.3537383,1
226,434,0.0,0.9744006,0.0,0.3248002,1
226,435,0.0,0.0,1.2308455,0.41028184,1
226,452,0.0,0.9447787,0.0,0.31492624,1
226,453,0.0,0.9639662,0.0,0.32132208,1
226,462,0.0,1.0185947,0.0,0.3395316,1
226,464,0.9956757,0.0,0.0,0.3318919,1
226,465,0.0,0.0,0.8418696,0.2806232,1
226,466,0.0,0.0,0.94671506,0.3155717,1
226,475,1.045477,0.0,0.0,0.34849235,1
226,480,0.0,0.0,0.8221822,0.27406073,1
226,482,1.070536,0.0,0.0,0.35684535,1
226,484,0.0,0.9369742,0.0,0.31232476,1
226,497,0.0,1.0193304,0.0,0.3397768,1
226,498,1.0222855,0.0,0.0,0.34076184,1
226,499,0.0,0.97831875,0.75231916,0.5768793,2
226,502,0.0,0.9390555,0.0,0.3130185,1
226,510,1.0278231,0.0,0.0,0.3426077,1
227,229,0.9701004,0.0,0.0,0.32336682,1
227,231,0.0,0.0,0.6125354,0.20417848,1
227,237,0.0,0.9635307,0.0,0.32117692,1
227,238,0.0,0.9677819,0.0,0.322594,1
227,243,0.0,1.0178754,0.0,0.3392918,1
227,246,0.0,0.9560776,0.0,0.31869254,1
227,249,0.0,0.0,1.4371711,0.47905704,1
227,273,0.0,0.96749765,0.0,0.32249922,1
227,277,0.0,0.0,0.7515037,0.25050125,1
227,279,0.0,0.0,0.8080343,0.26934478,1
227,285,0.0,0.0,0.7374925,0.24583083,1
227,286,0.99785835,0.0,0.0,0.33261946,1
227,289,0.0,0.0,0.56672686,0.18890896,1
227,293,0.0,0.98512715,0.0,0.32837573,1
227,297,0.0,0.9513272,0.0,0.31710908,1
227,313,0.98474383,0.0,0.8167088,0.60048425,2
227,317,1.0182058,0.0,0.0,0.33940193,1
227,325,0.979951,0.0,0.0,0.32665035,1
227,327,0.9880867,0.0,0.0,0.32936224,1
227,329,0.97069615,0.0,0.0,0.3235654,1
227,330,0.0,1.0180475,0.0,0.33934915,1
227,332,0.9860035,0.0,0.0,0.32866785,1
227,367,0.9970211,0.0,0.0,0.33234036,1
227,372,0.0,0.0,0.668698,0.22289935,1
227,383,0.0,0.9493668,0.5565097,0.50195885,2
227,389,0.0,0.0,0.68148595,0.22716199,1
227,409,1.0736872,0.0,0.0,0.35789573,1
227,423,0.0,1.0994189,0.0,0.36647296,1
227,427,1.0073426,0.0,0.0,0.33578086,1
227,428,0.9774496,0.0,0.0,0.32581654,1
227,433,1.0131993,0.0,0.0,0.33773312,1
227,441,0.0,0.9738413,0.0,0.32461378,1
227,442,0.0,0.9515132,0.0,0.31717107,1
227,446,0.0,0.9550367,0.5164282,0.4904883,2
227,448,0.0,0.9479794,0.0,0.31599313,1
227,455,0.0,0.9957383,0.0,0.3319128,1
227,465,0.0,0.0,0.44515163,0.14838389,1
227,470,0.0,0.0,0.5243911,0.17479704,1
227,471,0.0,0.0,0.5538507,0.18461691,1
227,478,1.0327272,0.0,0.0,0.34424242,1
227,484,0.0,1.0078807,0.0,0.33596024,1
227,496,0.0,1.0520825,0.0,0.35069418,1
227,497,0.0,1.0604734,0.0,0.35349116,1
228,229,1.0173386,0.0,0.0,0.33911288,1
228,231,0.9672476,0.0,0.0,0.3224159,1
228,234,0.9998129,1.0189828,0.0,0.6729319,2
228,249,0.9869486,0.0,0.0,0.3289829,1
228,256,1.0769352,0.0,0.0,0.3589784,1
228,259,0.9955397,0.0,0.0,0.3318466,1
228,260,1.0872633,0.0,0.0,0.36242113,1
228,261,0.0,0.968617,0.0,0.32287234,1
228,262,1.0030595,0.0,0.0,0.33435318,1
228,269,0.0,0.0,1.4964955,0.49883184,1
228,270,0.0,0.0,0.7749992,0.2583331,1
228,278,0.0,0.0,0.8151848,0.27172828,1
228,280,0.99066937,0.0,0.0,0.33022314,1
228,281,0.0,0.9473478,0.0,0.3157826,1
228,289,0.9662308,0.0,0.0,0.32207695,1
228,293,0.0,0.99407876,0.0,0.3313596,1
228,300,0.0,0.0,0.7898304,0.26327682,1
228,307,0.0,0.9385993,1.4415045,0.793368,2
228,311,0.0,0.0,0.6813652,0.22712174,1
228,328,0.9796502,0.0,0.0,0.32655007,1
228,338,0.0,0.9918463,0.0,0.33061546,1
228,340,0.99250257,0.0,0.0,0.3308342,1
228,345,0.0,0.97992814,0.0,0.32664272,1
228,346,0.0,0.0,0.8881666,0.29605556,1
228,347,0.0,0.0,1.444694,0.4815647,1
228,356,0.9950392,0.0,0.0,0.33167976,1
228,357,1.087537,0.0,0.0,0.36251235,1
228,362,0.0,0.9597742,0.0,0.31992474,1
228,366,0.0,0.0,0.9419411,0.31398037,1
228,380,0.97817534,0.0,0.0,0.32605845,1
228,386,0.0,0.0,1.1942232,0.3980744,1
228,388,0.0,1.0454035,0.0,0.34846783,1
228,392,0.0,0.0,1.2636578,0.4212193,1
228,393,0.0,0.0,0.92179704,0.3072657,1
228,397,0.0,0.9780261,0.0,0.3260087,1
228,401,0.96963966,0.0,0.0,0.32321322,1
228,407,0.0,1.0565535,0.0,0.3521845,1
228,421,0.0,0.0,0.807923,0.26930767,1
228,423,0.9643712,0.0,0.0,0.3214571,1
228,424,1.0345954,0.0,0.0,0.34486514,1
228,427,0.0,0.0,1.441476,0.480492,1
228,428,0.9842333,0.0,0.0,0.3280778,1
228,431,0.0,0.9798404,0.0,0.3266135,1
228,433,0.0,0.0,1.2954743,0.43182477,1
228,438,0.96447194,0.0,0.0,0.32149065,1
228,441,0.0,0.0,0.8277576,0.2759192,1
228,444,0.99331826,0.0,0.0,0.3311061,1
228,456,0.0,0.99223524,0.0,0.3307451,1
228,458,0.0,1.145237,0.0,0.38174567,1
228,474,0.9852682,0.0,0.0,0.32842273,1
228,479,0.0,0.0,0.7760854,0.25869513,1
228,487,0.0,0.95448273,0.70503163,0.55317146,2
228,491,0.0,0.97075564,0.0,0.3235852,1
228,498,0.0,0.95667607,0.0,0.31889203,1
228,508,0.9695298,0.0,0.0,0.32317662,1
228,511,0.0,1.1081461,0.0,0.36938202,1
229,234,1.0348628,0.0,1.3272439,0.7873689,2
229,237,0.0,0.9532046,0.0,0.31773487,1
229,240,0.9712733,0.0,0.0,0.32375777,1
229,244,0.0,1.018581,0.0,0.339527,1
229,257,0.0,0.9870571,0.0,0.32901904,1
229,262,0.0,0.0,0.9384115,0.31280383,1
229,269,0.0,0.0,0.6058934,0.20196447,1
229,273,0.98131967,0.0,0.0,0.32710657,1
229,275,0.0,0.0,1.4968503,0.4989501,1
229,290,0.0,0.0,0.58247584,0.19415861,1
229,308,0.0,0.0,0.5940719,0.19802397,1
229,309,0.95933336,0.0,0.0,0.3197778,1
229,310,0.0,0.9382367,0.757503,0.5652466,2
229,318,0.9598252,0.0,0.0,0.31994176,1
229,319,0.0,0.0,1.4130726,0.47102422,1
229,321,0.9697999,0.0,0.0,0.32326663,1
229,326,1.0007282,0.0,0.0,0.33357608,1
229,338,1.0353822,0.0,0.0,0.3451274,1
229,345,0.0,0.94736844,0.0,0.3157895,1
229,350,1.006755,0.9978345,0.0,0.6681965,2
229,353,0.0,0.0,1.1428093,0.38093644,1
229,371,0.9759288,0.0,0.0,0.3253096,1
229,379,0.0,0.0,1.165635,0.388545,1
229,388,0.0,1.1506538,0.0,0.3835513,1
229,394,0.9858193,0.0,0.0,0.32860643,1
229,398,0.0,0.9472807,0.0,0.31576025,1
229,418,0.0,0.0,1.9011536,0.6337179,1
229,420,0.9923187,0.95892817,0.0,0.65041566,2
229,423,0.0,0.0,1.6828898,0.5609633,1
229,428,0.0,0.0,1.1578826,0.38596088,1
229,433,0.0,0.93248665,0.0,0.3108289,1
229,438,0.9632947,0.0,0.0,0.32109824,1
229,444,0.0,0.9575616,0.0,0.31918722,1
229,446,0.96921384,0.0,0.0,0.3230713,1
229,458,0.0,0.9515094,0.0,0.31716982,1
229,467,1.0799962,0.0,0.0,0.35999876,1
229,470,0.0,0.0,0.8082264,0.26940882,1
229,482,0.9756892,0.0,0.0,0.32522973,1
229,489,0.9584905,0.0,0.0,0.31949684,1
229,490,1.003444,0.93430537,0.0,0.64591646,2
229,494,1.0204448,0.0,0.0,0.34014827,1
229,495,0.0,0.0,1.3647103,0.45490345,1
229,498,0.0,0.9730573,0.0,0.32435244,1
229,499,0.0,0.0,0.75398993,0.25133,1
229,500,0.0,1.2701066,0.0,0.42336887,1
229,505,0.0,0.99814904,0.0,0.33271635,1
230,233,0.0,1.018711,0.0,0.33957034,1
230,240,1.0405842,0.0,0.0,0.34686142,1
230,248,0.0,0.0,1.4256557,0.4752186,1
230,253,0.0,1.0175009,0.0,0.33916697,1
230,268,0.0,0.9619252,0.0,0.32064176,1
230,278,0.97439945,0.0,0.0,0.32479984,1
230,284,1.0292832,0.0,0.0,0.3430944,1
230,294,0.0,1.0419532,0.0,0.34731776,1
230,302,0.98249537,0.0,0.0,0.32749847,1
230,303,0.9902437,0.0,0.0,0.33008122,1
230,310,0.0,1.0262638,0.0,0.34208795,1
230,312,0.9707872,0.0,0.0,0.32359576,1
230,317,0.0,0.989091,0.70561683,0.56490266,2
230,323,0.9755264,0.0,0.0,0.32517546,1
230,328,0.0,0.0,0.74698806,0.24899602,1
230,332,0.9869141,0.0,0.0,0.3289714,1
230,343,0.0,0.0,0.68291616,0.22763872,1
230,350,0.0,0.96038157,0.0,0.3201272,1
230,359,0.0,0.0,0.7253616,0.2417872,1
230,365,0.0,0.95622176,0.0,0.3187406,1
230,367,0.0,0.95087,0.0,0.31695667,1
230,368,0.0,1.0848622,0.0,0.36162075,1
230,370,0.0,0.0,0.6208794,0.20695981,1
230,378,0.97732663,0.0,0.0,0.32577556,1
230,380,0.0,1.0223842,0.0,0.34079474,1
230,394,0.0,0.9766191,0.0,0.3255397,1
230,403,0.0,0.0,0.8099411,0.26998037,1
230,411,0.0,0.9422593,0.0,0.31408644,1
230,421,0.9756203,0.9855646,0.0,0.65372837,2
230,427,0.97325796,0.0,0.0,0.32441932,1
230,431,0.97302794,1.0597624,0.0,0.6775968,2
230,444,0.0,0.99029386,0.0,0.33009797,1
230,448,0.0,0.0,1.0065464,0.33551547,1
230,453,1.0564868,0.0,0.0,0.3521623,1
230,454,0.0,0.0,1.2224724,0.40749082,1
230,460,0.0,0.0,1.0109794,0.33699316,1
230,467,0.0,0.9862307,0.0,0.32874358,1
230,469,0.968807,0.0,0.0,0.32293567,1
230,479,0.0,0.93503165,0.0,0.31167722,1
230,480,0.9739459,0.0,0.0,0.32464865,1
230,481,0.98141724,0.9392829,0.0,0.6402334,2
230,495,0.0,0.9611078,0.0,0.32036927,1
230,502,0.0,0.0,0.64731586,0.21577196,1
231,238,0.0,0.0,0.6834716,0.22782388,1
231,245,0.0,0.9412513,0.0,0.31375045,1
231,246,0.0,1.0173831,0.0,0.33912772,1
231,247,0.0,0.0,0.48651996,0.16217333,1
231,249,0.0,0.0,0.50689846,0.16896616,1
231,256,0.0,0.0,0.9035257,0.30117524,1
231,259,0.0,0.0,0.8026601,0.2675534,1
231,261,0.9665458,0.0,0.70978385,0.55877656,2
231,266,0.0,0.0,1.9000953,0.63336515,1
231,273,0.0,0.0,0.5424333,0.1808111,1
231,275,0.0,0.0,0.7050682,0.23502272,1
231,279,0.9889195,0.0,0.0,0.32963985,1
231,285,0.0,0.0,0.90989476,0.30329826,1
231,291,0.0,0.0,0.8285866,0.27619553,1
231,292,0.9691342,0.0,0.0,0.32304475,1
231,296,0.0,0.0,1.0883392,0.36277974,1
231,304,0.0,0.0,0.5868693,0.1956231,1
231,306,0.0,1.0443553,0.0,0.34811842,1
231,313,0.0,0.0,1.365883,0.45529434,1
231,318,0.0,0.9564271,0.0,0.31880903,1
231,325,0.0,0.0,0.8792068,0.29306895,1
231,333,0.0,0.0,0.9802173,0.3267391,1
231,342,0.9873728,0.0,0.0,0.32912427,1
231,352,1.0360595,0.0,0.0,0.3453532,1
231,354,0.0,0.9345047,0.0,0.31150156,1
231,355,0.9758735,0.0,0.0,0.32529116,1
231,357,0.0,0.0,0.6534753,0.2178251,1
231,367,0.9924662,0.0,0.0,0.33082208,1
231,372,0.0,0.0,1.5584102,0.5194701,1
231,374,0.0,0.0,1.4502711,0.4834237,1
231,382,0.0,0.0,0.82370913,0.27456972,1
231,383,0.0,0.0,0.854825,0.28494167,1
231,384,0.0,1.03638,0.0,0.34546003,1
231,392,0.0,0.979602,0.0,0.326534,1
231,401,0.0,1.123465,0.0,0.37448832,1
231,414,0.971456,0.0,0.0,0.32381868,1
231,415,0.0,0.0,1.00957,0.33652335,1
231,423,0.0,0.0,0.9820253,0.3273418,1
231,424,0.0,0.9317422,0.0,0.31058073,1
231,439,0.0,0.0,1.1402344,0.38007814,1
231,445,0.9731471,0.0,0.0,0.32438236,1
231,446,0.0,1.0121763,1.2226171,0.74493116,2
231,456,0.98530155,0.0,0.0,0.32843387,1
231,457,0.98220384,0.0,0.0,0.32740128,1
231,461,0.0,0.0,0.9482873,0.31609577,1
231,464,0.0,0.0,0.6976506,0.2325502,1
231,470,0.0,0.0,1.4467826,0.48226088,1
231,471,0.0,0.0,1.8877305,0.6292435,1
231,477,0.0,0.99045956,1.2730615,0.75450706,2
231,483,1.0199236,0.0,0.0,0.33997452,1
231,489,0.0,0.982287,0.0,0.327429,1
231,498,0.0,0.0,0.884314,0.29477134,1
231,500,0.0,1.0034415,0.0,0.3344805,1
231,508,0.0,0.0,1.2055032,0.40183443,1
232,241,0.0,0.9575484,0.0,0.3191828,1
232,247,0.0,0.9526838,0.0,0.31756127,1
232,251,0.0,0.9661316,0.0,0.3220439,1
232,262,0.9714719,0.0,0.0,0.323824,1
232,268,0.9654429,0.0,0.0,0.3218143,1
232,269,0.0,1.0062954,0.0,0.3354318,1
232,272,0.97754323,0.0,0.0,0.32584774,1
232,290,0.98143834,0.0,0.0,0.3271461,1
232,304,0.9907289,0.0,0.0,0.330243,1
232,317,0.0,1.0229422,0.0,0.34098074,1
232,322,1.016414,0.0,0.83250564,0.61630654,2
232,326,0.9730209,0.0,0.0,0.3243403,1
232,329,0.0,0.0,0.7667347,0.25557825,1
232,330,1.0037673,0.0,0.0,0.3345891,1
232,334,0.9897004,0.0,0.0,0.32990015,1
232,339,0.0,0.9440125,0.0,0.31467086,1
232,346,0.9893286,0.0,0.0,0.32977623,1
232,350,1.0051049,0.0,0.0,0.33503497,1
232,351,0.0,0.0,0.728767,0.24292234,1
232,355,0.0,1.0652322,0.0,0.3550774,1
232,359,0.0,0.0,0.5507243,0.18357478,1
232,361,0.0,1.0904102,0.0,0.36347008,1
232,362,0.0,1.0382967,0.0,0.3460989,1
232,372,0.9741141,0.0,0.0,0.3247047,1
232,373,1.0145558,0.0,0.0,0.33818528,1
232,375,0.9733902,0.0,0.0,0.32446343,1
232,376,0.98903704,0.0,0.0,0.329679,1
232,377,0.0,0.0,1.6699324,0.55664414,1
232,381,0.9880905,0.0,0.0,0.32936352,1
232,388,0.0,0.9700713,0.0,0.3233571,1
232,389,0.96615976,0.0,0.0,0.32205325,1
232,399,0.0,0.97598255,0.0,0.32532752,1
232,401,0.9735455,0.0,0.0,0.32451516,1
232,403,0.0,0.0,0.5699718,0.18999061,1
232,412,0.0,0.0,1.3322501,0.4440834,1
232,425,0.0,0.0,0.96458477,0.32152826,1
232,434,0.97341466,0.0,0.0,0.32447156,1
232,436,0.0,0.0,1.3422127,0.44740424,1
232,441,0.0,0.0,0.8273505,0.2757835,1
232,444,1.1044574,0.0,0.0,0.36815247,1
232,453,0.98569304,0.0,0.0,0.32856435,1
232,455,0.0,0.0,1.1133037,0.37110123,1
232,458,0.0,0.0,0.53115845,0.17705283,1
232,462,0.0,0.0,0.849746,0.28324866,1
232,472,0.0,0.0,0.9278727,0.30929092,1
232,478,0.0,0.96387416,0.0,0.3212914,1
232,494,0.9734329,0.0,0.0,0.32447764,1
232,497,0.9631953,0.0,0.0,0.32106513,1
232,500,0.0,0.9644783,0.0,0.3214928,1
232,503,1.0055549,0.0,0.0,0.335185,1
232,504,0.0,0.0,0.711399,0.23713301,1
232,507,0.953485,0.0,0.0,0.31782836,1
233,240,1.0348884,0.0,0.0,0.3449628,1
233,244,0.0,1.078872,0.0,0.359624,1
233,245,0.0,0.0,1.0547673,0.35158908,1
233,248,0.0,0.948103,0.0,0.31603435,1
233,250,0.0,0.0,0.83183455,0.27727818,1
233,255,0.0,0.0,0.57880545,0.19293515,1
233,263,0.0,0.96756077,0.0,0.32252026,1
233,264,0.0,1.0312136,0.0,0.3437379,1
233,269,0.99588263,0.0,0.0,0.3319609,1
233,275,0.0,1.0471411,0.0,0.34904703,1
233,276,0.0,0.0,0.6137157,0.2045719,1
233,283,0.0,0.0,0.6992172,0.2330724,1
233,284,0.0,0.0,1.0415193,0.3471731,1
233,288,0.0,0.9591344,0.0,0.31971148,1
233,294,0.0,0.0,1.3048593,0.4349531,1
233,296,0.9718242,0.0,0.0,0.3239414,1
233,301,0.0,0.0,0.8820362,0.29401207,1
233,306,0.0,0.98864526,0.0,0.32954842,1
233,310,0.0,0.0,0.9442842,0.3147614,1
233,313,0.0,1.0440556,0.0,0.34801853,1
233,314,0.0,1.019597,0.0,0.33986568,1
233,319,0.9850386,0.0,0.0,0.3283462,1
233,327,0.98440564,0.0,0.0,0.32813522,1
233,329,0.9787757,0.0,0.0,0.32625857,1
233,338,0.0,0.0,0.8472323,0.28241077,1
233,342,0.0,0.0,1.4897933,0.49659777,1
233,345,1.0070106,0.0,0.0,0.3356702,1
233,349,0.9999253,0.0,0.0,0.33330846,1
233,353,0.0,0.9875404,0.0,0.32918015,1
233,354,0.97056437,0.0,0.0,0.32352147,1
233,356,0.0,0.0,0.7381573,0.24605243,1
233,365,0.0,0.0,0.88236946,0.29412317,1
233,375,0.0,1.035142,0.0,0.34504732,1
233,381,1.0184845,0.0,0.81864536,0.61237663,2
233,385,0.0,0.0,0.7568168,0.25227228,1
233,388,0.0,0.0,1.2037101,0.4012367,1
233,390,1.0585645,0.0,0.87259173,0.6437188,2
233,394,0.0,0.98659915,0.0,0.3288664,1
233,397,0.9937672,0.0,0.0,0.33125573,1
233,413,0.0,1.059271,0.6821849,0.58048534,2
233,420,0.0,0.0,0.558894,0.186298,1
233,423,0.9979306,1.0123981,0.0,0.6701096,2
233,429,0.0,0.0,1.1975276,0.39917588,1
233,434,0.0,0.0,0.83000654,0.27666885,1
233,435,0.0,0.0,0.973522,0.32450736,1
233,447,0.0,0.0,0.70604587,0.23534863,1
233,453,0.97470486,0.0,0.0,0.32490164,1
233,455,1.0092945,0.0,0.0,0.3364315,1
233,458,0.0,0.0,0.7990408,0.26634693,1
233,463,0.0,0.9792543,0.0,0.3264181,1
233,467,0.0,0.0,0.97720015,0.3257334,1
233,473,0.0,0.0,0.7657954,0.25526515,1
233,476,0.0,0.9435106,0.0,0.31450355,1
233,479,0.0,0.9519506,0.0,0.3173169,1
233,488,0.0,0.0,1.1120374,0.37067914,1
233,489,0.0,0.0,0.8011906,0.26706356,1
233,498,0.0,0.95109254,0.0,0.31703085,1
233,502,1.0049729,0.0,0.0,0.33499098,1
233,503,0.0,0.0,0.77144754,0.2571492,1
233,508,0.0,1.0292597,0.0,0.34308657,1
233,509,0.0,0.0,0.58681196,0.195604,1
233,511,1.0819238,0.0,0.0,0.3606413,1
234,236,0.0,1.1440127,0.0,0.38133758,1
234,241,1.0438826,0.0,0.0,0.3479609,1
234,250,1.0044075,0.0,0.0,0.3348025,1
234,258,0.0,0.0,0.64234054,0.21411352,1
234,262,0.0,0.0,1.1309079,0.3769693,1
234,263,0.0,0.0,0.72912705,0.24304235,1
234,264,1.011128,0.0,0.0,0.33704266,1
234,269,0.0,0.0,0.98134154,0.32711387,1
234,272,0.96384835,0.0,0.0,0.3212828,1
234,275,0.0,0.0,0.60544306,0.20181435,1
234,276,1.0079427,0.0,0.0,0.3359809,1
234,277,0.0,0.95358133,0.0,0.31786045,1
234,278,0.0,1.0614837,0.0,0.35382792,1
234,283,0.0,1.0250825,0.0,0.34169418,1
234,290,0.0,0.0,1.0314728,0.34382427,1
234,294,0.0,1.0372354,0.0,0.34574515,1
234,296,0.0,0.0,0.59524554,0.19841519,1
234,301,1.0130507,0.0,0.95155656,0.6548691,2
234,302,0.0,1.0706309,0.0,0.35687697,1
234,308,0.0,0.0,1.0483993,0.34946644,1
234,309,0.97042805,0.0,0.0,0.32347602,1
234,310,0.0,0.0,0.8785119,0.29283732,1
234,318,0.9796804,0.0,0.0,0.32656014,1
234,319,0.0,0.0,0.6306086,0.21020287,1
234,327,0.9720024,0.0,0.0,0.3240008,1
234,334,0.0,0.97786933,1.0871121,0.6883272,2
234,338,0.999858,0.0,0.0,0.33328602,1
234,342,0.0,0.9500991,0.0,0.3166997,1
234,344,1.0008873,0.0,0.0,0.3336291,1
234,348,0.0,0.9403403,0.0,0.31344676,1
234,352,0.0,0.9927222,0.0,0.3309074,1
234,353,0.0,0.0,0.7516559,0.25055197,1
234,357,0.0,0.0,0.6786554,0.22621846,1
234,360,0.96158427,0.0,0.0,0.3205281,1
234,365,0.9834725,0.0,0.0,0.32782418,1
234,370,0.9604133,0.0,0.0,0.32013777,1
234,373,0.0,0.0,1.2201558,0.4067186,1
234,374,0.0,0.0,0.9068712,0.3022904,1
234,378,0.0,0.96492404,0.0,0.32164136,1
234,379,0.0,0.9732084,1.0381795,0.67046267,2
234,380,0.0,0.0,0.6484675,0.21615583,1
234,390,0.0,0.9846324,0.0,0.3282108,1
234,392,0.9635614,0.0,0.0,0.32118714,1
234,394,0.0,0.0,1.3444656,0.44815522,1
234,399,1.0549154,0.0,0.0,0.3516385,1
234,403,0.0,1.014609,0.0,0.338203,1
234,414,0.0,0.0,0.9219081,0.3073027,1
234,415,0.0,0.9469523,0.0,0.31565076,1
234,416,0.0,0.0,0.75476456,0.2515882,1
234,418,0.0,0.0,1.1209815,0.3736605,1
234,423,0.0,0.0,1.1896772,0.3965591,1
234,429,0.0,1.0279747,0.0,0.34265825,1
234,432,0.9535618,0.0,0.0,0.31785393,1
234,439,1.0184165,0.0,0.6899618,0.56945944,2
234,445,0.0,0.0,0.6649166,0.22163886,1
234,451,0.0,0.9792139,0.0,0.32640463,1
234,456,0.0,0.9803864,0.0,0.32679546,1
234,457,1.0053391,0.0,0.0,0.33511305,1
234,463,0.0,0.0,0.60244507,0.20081502,1
234,467,0.0,0.0,1.0049033,0.3349678,1
234,470,0.0,0.0,0.80861676,0.26953894,1
234,477,0.0,0.0,0.82493913,0.2749797,1
234,483,0.0,1.0597596,0.0,0.35325322,1
234,491,0.0,1.0295147,0.0,0.34317157,1
234,492,0.9758381,0.0,0.0,0.32527938,1
234,493,1.0022224,0.0,0.0,0.33407414,1
234,494,1.0158038,0.0,0.0,0.3386013,1
234,495,0.0,0.0,1.1877805,0.39592683,1
234,498,0.0,0.0,0.6525017,0.21750057,1
234,499,1.0495533,0.0,0.0,0.3498511,1
234,506,0.9914373,0.0,0.0,0.33047912,1
234,511,0.96579826,0.0,0.0,0.32193276,1
235,236,0.0,0.0,1.173982,0.39132735,1
235,242,0.0,0.0,0.58354354,0.19451451,1
235,243,1.02938,0.0,0.0,0.34312665,1
235,244,0.0,0.0,0.38634458,0.12878153,1
235,251,0.0,0.0,0.8496553,0.28321844,1
235,252,0.0,0.0,1.4083667,0.46945557,1
235,257,0.0,0.0,0.9114576,0.3038192,1
235,276,0.0,0.93325424,0.0,0.31108475,1
235,279,0.0,0.9667385,1.0632361,0.6766583,2
235,280,0.0,0.0,1.0781046,0.3593682,1
235,285,0.0,1.1016237,0.0,0.36720788,1
235,286,0.0,0.0,0.73967075,0.24655692,1
235,299,0.0,0.0,1.1784734,0.39282447,1
235,302,1.00638,0.0,0.0,0.33546,1
235,304,0.9783646,0.0,0.5438365,0.5074004,2
235,310,0.0,1.1245899,0.0,0.37486333,1
235,314,0.0,0.0,0.9532521,0.3177507,1
235,316,0.0,0.97823656,0.0,0.32607886,1
235,321,0.9630591,0.0,1.4380714,0.80037683,2
235,322,0.0,0.94785887,0.0,0.31595296,1
235,323,0.0,1.0259361,0.0,0.34197873,1
235,325,0.0,0.0,0.7146725,0.23822418,1
235,326,0.0,0.0,2.0123196,0.6707732,1
235,328,1.0427214,0.0,0.0,0.34757382,1
235,335,0.0,0.0,0.7007906,0.23359686,1
235,337,0.0,0.0,1.1598464,0.38661548,1
235,338,0.0,0.94354784,0.0,0.31451595,1
235,339,0.0,1.0055618,0.0,0.3351873,1
235,340,0.0,0.0,1.3814834,0.4604945,1
235,343,0.0,0.9699332,0.70532906,0.5584208,2
235,351,0.9714931,0.0,0.0,0.32383105,1
235,370,0.0,0.0,1.0568196,0.3522732,1
235,372,0.0,0.97090167,0.0,0.3236339,1
235,382,0.0,0.0,1.0046245,0.33487484,1
235,388,0.0,0.0,0.9612803,0.32042676,1
235,405,0.0,0.0,0.6105129,0.20350431,1
235,410,0.0,0.965964,0.0,0.32198802,1
235,419,0.0,0.0,0.9337822,0.31126076,1
235,424,0.99360275,0.0,0.0,0.33120093,1
235,426,0.97626096,0.0,0.0,0.32542032,1
235,430,1.0363327,0.0,0.0,0.34544426,1
235,435,0.0,0.0,0.73646736,0.24548912,1
235,447,0.95767796,0.0,0.0,0.319226,1
235,449,0.9585296,0.0,0.0,0.31950986,1
235,453,0.0,1.0790874,0.0,0.3596958,1
235,459,1.0075344,0.0,0.0,0.3358448,1
235,461,0.0,0.0,0.8969849,0.29899496,1
235,465,0.0,0.0,1.3504218,0.4501406,1
235,466,0.0,0.0,1.4468864,0.48229548,1
235,478,0.0,0.0,0.7273224,0.2424408,1
235,480,0.0,0.0,0.729842,0.24328068,1
235,481,1.0401394,0.0,0.0,0.34671316,1
235,490,0.0,0.0,0.55240315,0.1841344,1
235,491,0.0,0.0,1.2472272,0.4157424,1
235,494,0.0,0.0,2.068573,0.68952435,1
235,495,0.998911,0.0,0.0,0.33297035,1
235,497,0.0,0.0,0.5202606,0.17342019,1
235,506,0.0,1.0117149,1.0385592,0.6834247,2
235,510,0.0,0.0,1.589824,0.5299413,1
235,511,0.9848829,0.0,0.0,0.3282943,1
236,237,0.0,0.0,1.393174,0.46439135,1
236,243,0.0,0.0,0.51960707,0.17320237,1
236,244,0.0,0.0,0.46399418,0.15466473,1
236,246,0.0,1.0926455,1.0936066,0.7287507,2
236,247,1.0354012,0.0,0.0,0.34513375,1
236,248,1.0896674,0.0,0.0,0.36322248,1
236,251,0.97284013,0.0,0.0,0.32428005,1
236,267,0.0,1.0139333,0.0,0.33797777,1
236,269,1.0619135,0.0,0.0,0.35397118,1
236,272,1.0359212,0.0,0.0,0.34530708,1
236,278,0.0,1.0514158,0.0,0.35047194,1
236,279,0.0,1.0570974,0.0,0.35236582,1
236,280,0.9951763,0.0,1.0039976,0.6663913,2
236,287,0.99652946,0.0,0.0,0.3321765,1
236,288,0.0,0.0,0.5143893,0.1714631,1
236,296,1.0103922,0.0,0.0,0.33679742,1
236,301,0.0,1.138384,0.0,0.37946135,1
236,302,0.0,0.0,0.789706,0.26323533,1
236,307,0.96020275,0.0,0.0,0.32006758,1
236,308,0.0,0.9784385,0.0,0.3261462,1
236,321,0.0,0.0,1.1013494,0.36711645,1
236,323,0.0,1.0771645,0.0,0.35905486,1
236,325,0.0,0.0,0.81989574,0.2732986,1
236,326,0.0,0.0,1.3768499,0.45894998,1
236,327,0.0,0.0,0.8299844,0.2766615,1
236,334,0.0,1.1297002,0.0,0.37656674,1
236,335,0.0,0.0,1.0729845,0.3576615,1
236,337,0.0,0.0,1.7791601,0.5930534,1
236,338,0.9701909,0.0,0.0,0.32339698,1
236,339,0.0,0.0,0.5404122,0.1801374,1
236,344,0.0,0.0,0.7518118,0.25060394,1
236,352,0.0,0.0,0.46621904,0.15540636,1
236,357,0.0,0.9804524,0.0,0.32681748,1
236,360,0.9747921,0.0,0.0,0.32493073,1
236,370,0.0,0.0,0.74009776,0.24669926,1
236,380,1.0062523,0.0,0.0,0.33541745,1
236,381,0.0,1.0127101,0.0,0.33757004,1
236,383,0.0,0.0,0.6357899,0.21192996,1
236,388,0.0,0.0,0.639612,0.21320401,1
236,400,0.0,0.0,0.7375185,0.2458395,1
236,405,0.0,0.93752146,0.0,0.31250715,1
236,422,0.0,1.0308528,0.0,0.34361762,1
236,424,0.9624461,0.0,0.0,0.32081538,1
236,450,1.016759,0.0,1.0795312,0.69876343,2
236,460,0.0,0.0,1.0426965,0.3475655,1
236,462,0.0,0.0,0.45402336,0.15134113,1
236,464,0.0,0.9631104,0.0,0.32103682,1
236,465,0.0,0.0,0.73882955,0.24627653,1
236,469,0.0,0.0,0.5518463,0.18394879,1
236,472,0.9763021,0.0,0.0,0.32543403,1
236,473,1.037745,0.0,0.0,0.34591502,1
236,474,0.0,0.0,1.5989848,0.532995,1
236,479,0.0,1.0160611,0.0,0.33868703,1
236,480,0.0,0.0,0.7733095,0.25776985,1
236,481,0.9758872,0.0,0.0,0.32529575,1
236,491,0.0,0.0,1.4681447,0.48938155,1
236,493,0.9897341,0.0,0.0,0.32991138,1
236,494,0.0,0.0,0.71181667,0.23727223,1
236,499,0.0,0.0,0.69237864,0.23079288,1
236,506,0.0,0.0,1.28189,0.4272967,1
237,238,0.0,0.9424929,0.0,0.3141643,1
237,239,0.99039614,1.0450853,0.0,0.67849386,2
237,241,1.0149101,0.0,0.0,0.3383034,1
237,242,0.9680956,0.0,0.0,0.32269853,1
237,255,0.0,0.94998515,0.0,0.31666172,1
237,262,0.0,0.99229854,0.0,0.3307662,1
237,273,0.0,0.986689,0.0,0.32889634,1
237,281,1.0079027,0.0,0.0,0.3359676,1
237,288,0.0,0.0,0.94777507,0.31592503,1
237,293,0.0,1.0924689,0.0,0.3641563,1
237,295,1.0044882,0.0,0.0,0.33482942,1
237,302,0.0,0.0,1.5610662,0.5203554,1
237,317,1.0465052,0.0,0.0,0.34883508,1
237,325,0.0,0.0,0.7484072,0.24946907,1
237,326,0.0,0.0,0.57310504,0.19103502,1
237,337,0.0,0.0,0.86955965,0.28985322,1
237,339,0.0,0.0,0.80705166,0.26901722,1
237,343,0.991096,1.0721022,0.0,0.68773276,2
237,353,0.97695476,0.0,0.0,0.3256516,1
237,367,0.96569496,0.0,0.0,0.32189834,1
237,371,0.0,0.946237,0.0,0.31541234,1
237,374,0.0,0.9466202,0.0,0.31554008,1
237,378,0.0,1.0029908,0.70627826,0.5697564,2
237,383,0.0,0.0,0.92719495,0.30906498,1
237,389,0.0,0.9519059,0.0,0.317302,1
237,390,1.0312198,0.0,0.0,0.34373996,1
237,391,0.9877075,0.0,0.0,0.32923585,1
237,396,0.0,1.0183638,0.0,0.33945462,1
237,400,0.0,0.0,1.2658579,0.42195266,1
237,417,1.0032331,0.0,0.0,0.33441103,1
237,422,0.9981893,0.0,0.0,0.33272976,1
237,425,1.0072092,0.0,0.0,0.3357364,1
237,432,0.0,0.9561599,0.0,0.31871998,1
237,433,1.0286988,0.0,0.0,0.34289962,1
237,437,0.973076,0.0,0.0,0.32435867,1
237,444,0.0,0.9367096,0.0,0.31223655,1
237,450,0.0,0.0,1.2765045,0.42550153,1
237,454,1.0072927,0.0,0.0,0.33576426,1
237,458,0.0,1.04823,0.0,0.34941003,1
237,462,0.0,0.97306895,0.0,0.32435632,1
237,464,0.0,1.068368,0.0,0.35612267,1
237,466,0.0,0.9990896,0.0,0.33302987,1
237,468,0.96178603,0.0,0.0,0.32059535,1
237,469,0.0,0.9574117,1.188308,0.7152399,2
237,471,1.0688274,0.0,0.0,0.3562758,1
237,474,0.0,0.0,1.8271644,0.6090548,1
237,484,1.0330212,0.0,0.0,0.3443404,1
237,491,0.0,0.0,1.3691679,0.4563893,1
237,493,0.97757,0.0,0.0,0.3258567,1
237,499,0.0,0.0,1.2230883,0.4076961,1
237,502,0.0,1.0802488,0.0,0.36008295,1
238,240,0.0,0.9449038,0.0,0.31496793,1
238,245,0.0,0.9631396,0.0,0.32104653,1
238,253,0.98779875,0.0,0.0,0.32926625,1
238,263,0.0,1.0422597,0.0,0.34741992,1
238,265,0.0,1.02571,0.0,0.34190333,1
238,273,0.0,1.0187038,0.0,0.33956796,1
238,279,0.0,0.0,0.6875779,0.22919264,1
238,280,1.1110114,0.0,0.0,0.37033713,1
238,285,0.0,0.0,0.588703,0.19623433,1
238,288,0.0,0.9488377,0.0,0.31627923,1
238,289,0.96814793,0.0,0.0,0.322716,1
238,290,1.0032501,0.0,0.0,0.33441672,1
238,299,0.0,0.0,0.5941784,0.19805947,1
238,304,0.0,0.0,0.78815544,0.2627185,1
238,309,0.96294814,0.0,0.0,0.32098272,1
238,313,0.97257125,0.0,0.9375998,0.6367237,2
238,317,0.98438525,0.0,0.0,0.32812843,1
238,321,0.0,0.99210864,0.0,0.3307029,1
238,327,0.9853018,0.0,0.0,0.32843393,1
238,339,0.9695198,0.0,0.0,0.32317328,1
238,353,0.0,1.0518981,0.0,0.35063273,1
238,360,0.0,1.0175922,0.0,0.3391974,1
238,368,0.0,0.95246583,0.0,0.3174886,1
238,369,0.9649735,0.0,0.0,0.32165784,1
238,372,0.0,0.9571201,1.0126518,0.6565907,2
238,379,0.9729633,0.0,0.0,0.3243211,1
238,380,0.97796327,0.0,0.0,0.32598776,1
238,382,0.0,0.0,0.8941452,0.2980484,1
238,383,0.97108895,0.0,0.60405916,0.5250494,2
238,384,0.0,0.0,0.93637395,0.31212467,1
238,388,0.0,0.0,0.7338977,0.24463257,1
238,397,0.0,1.0630726,0.0,0.35435754,1
238,398,0.0,1.0525044,0.0,0.35083482,1
238,408,0.9700805,0.95045537,0.0,0.6401787,2
238,425,1.0185676,0.0,0.0,0.33952254,1
238,428,0.9795099,0.0,0.0,0.3265033,1
238,435,0.0,0.0,0.8628935,0.28763118,1
238,436,1.0466397,0.0,0.0,0.3488799,1
238,443,0.0,1.2797443,0.0,0.42658144,1
238,446,0.0,0.0,0.6666124,0.22220413,1
238,447,0.0,0.9987753,0.0,0.3329251,1
238,463,0.0,0.9316894,0.0,0.31056315,1
238,465,0.0,0.0,0.56274503,0.18758169,1
238,466,0.0,0.0,0.6402113,0.21340376,1
238,470,0.96419954,0.0,0.0,0.32139987,1
238,476,0.9801558,0.0,0.0,0.32671863,1
238,483,0.0,0.97028005,0.0,0.3234267,1
238,489,0.97296894,0.0,0.0,0.324323,1
238,493,0.9721928,0.0,0.0,0.32406428,1
238,494,0.0,1.0533715,0.0,0.35112387,1
239,246,1.00318,0.0,0.0,0.33439335,1
239,255,0.0,1.0074108,0.0,0.3358036,1
239,262,0.0,1.0908651,0.0,0.3636217,1
239,271,0.9807773,0.0,0.0,0.32692578,1
239,272,0.0,0.0,0.80789006,0.2692967,1
239,273,0.9910262,0.0,0.0,0.33034208,1
239,287,0.0,0.0,1.0150367,0.3383456,1
239,303,0.0,0.0,0.8915829,0.2971943,1
239,306,0.9670765,0.0,0.0,0.32235885,1
239,316,0.0,0.0,1.0028678,0.33428928,1
239,317,0.0,0.0,0.7861928,0.26206428,1
239,320,1.0443999,0.0,0.0,0.3481333,1
239,322,0.0,0.0,0.8701707,0.2900569,1
239,324,0.0,0.945582,0.0,0.315194,1
239,329,1.0182528,0.0,0.81138664,0.60987985,2
239,335,0.9770275,0.0,0.0,0.32567585,1
239,354,1.0767139,0.0,0.0,0.35890466,1
239,355,1.1181011,0.0,0.0,0.3727004,1
239,357,0.9849338,0.0,0.0,0.32831126,1
239,358,0.0,1.0228786,0.0,0.34095955,1
239,361,0.0,0.0,1.0495735,0.34985787,1
239,380,0.0,0.96813,0.0,0.32271,1
239,387,0.0,0.0,1.0091927,0.3363976,1
239,390,0.97512245,0.0,0.0,0.32504082,1
239,394,0.0,0.95692223,0.0,0.31897408,1
239,396,1.0128796,0.97689515,0.0,0.6632583,2
239,398,1.0116869,0.0,0.0,0.33722898,1
239,400,0.98323816,0.0,0.0,0.32774606,1
239,406,0.0,0.0,1.3374015,0.4458005,1
239,407,0.0,0.99112684,0.0,0.3303756,1
239,414,0.0,0.94170475,0.0,0.3139016,1
239,418,0.0,1.0041807,0.0,0.3347269,1
239,424,1.0079997,0.0,0.0,0.3359999,1
239,431,0.97818494,0.0,0.0,0.32606167,1
239,436,0.0,0.0,0.7850944,0.26169813,1
239,441,0.0,0.0,0.9591629,0.31972098,1
239,444,1.0637251,0.0,0.0,0.35457504,1
239,452,0.0,0.98668104,0.0,0.3288937,1
239,477,0.0,1.0359886,0.0,0.34532952,1
239,493,0.99630034,0.0,0.0,0.33210012,1
239,501,0.0,0.0,1.488045,0.496015,1
239,510,0.0,0.9693952,0.0,0.32313174,1
240,246,0.966453,0.0,0.0,0.322151,1
240,251,1.0223508,0.0,0.0,0.3407836,1
240,254,0.96950936,0.0,0.0,0.3231698,1
240,259,0.0,0.0,1.2299615,0.40998718,1
240,264,0.0,0.0,0.97153044,0.32384348,1
240,265,0.0,0.0,0.86675316,0.28891772,1
240,268,1.0828935,0.0,0.0,0.3609645,1
240,270,0.0,1.0279583,0.0,0.34265277,1
240,279,0.0,1.0705316,0.0,0.3568439,1
240,281,0.0,0.0,0.7149808,0.23832694,1
240,284,0.0,0.94236064,0.0,0.31412023,1
240,290,0.0,0.99683726,0.0,0.3322791,1
240,312,0.0,0.0,1.8736076,0.6245359,1
240,319,1.0666251,0.0,0.0,0.3555417,1
240,327,0.0,1.0552125,0.0,0.3517375,1
240,331,0.999917,0.0,2.07636,1.0254257,2
240,343,1.0021297,0.0,0.0,0.33404323,1
240,345,0.0,0.98436606,0.0,0.32812202,1
240,346,0.97240645,0.0,0.0,0.32413548,1
240,353,0.9906802,0.0,0.0,0.33022675,1
240,354,0.0,0.0,1.3123626,0.4374542,1
240,364,0.0,0.9575915,0.0,0.31919718,1
240,369,0.0,0.90982133,1.2895626,0.733128,2
240,370,0.0,1.0083119,0.0,0.33610398,1
240,372,0.0,0.9658681,0.0,0.32195604,1
240,381,0.9908443,0.0,0.0,0.33028144,1
240,387,0.0,1.0608747,0.0,0.3536249,1
240,392,0.0,0.0,1.4048779,0.46829265,1
240,393,0.96946883,0.0,0.0,0.3231563,1
240,397,0.0,1.0711445,0.0,0.35704815,1
240,399,0.0,0.0,1.6302143,0.5434048,1
240,406,0.0,1.0048862,0.0,0.33496207,1
240,410,0.9809895,0.0,0.0,0.3269965,1
240,420,1.0047805,0.0,0.0,0.33492684,1
240,429,0.9810095,0.0,0.0,0.32700318,1
240,431,0.0,0.0,1.8293717,0.60979056,1
240,432,0.0,0.0,0.8468389,0.28227964,1
240,437,0.0,0.0,0.82810575,0.27603525,1
240,442,0.0,1.0464429,0.0,0.3488143,1
240,448,0.9687549,0.0,0.0,0.3229183,1
240,449,0.0,0.0,0.99691874,0.33230627,1
240,451,0.0,0.0,0.9848066,0.3282689,1
240,452,0.0,0.0,1.6553413,0.55178046,1
240,464,1.0032387,0.0,0.0,0.3344129,1
240,465,0.0,1.0261259,0.0,0.34204197,1
240,466,0.9864298,0.0,0.0,0.32880995,1
240,468,0.9895858,0.0,0.0,0.32986194,1
240,471,0.0,0.9531359,0.0,0.31771198,1
240,473,0.0,0.9861497,0.0,0.32871658,1
240,481,0.0,0.0,0.8265741,0.2755247,1
240,482,0.0,0.0,0.905798,0.3019327,1
240,483,0.0,0.9349586,0.0,0.31165287,1
240,487,0.0,0.9741153,0.0,0.32470512,1
240,490,1.0170567,0.0,0.0,0.3390189,1
240,496,0.0,0.0,1.0659777,0.3553259,1
240,501,0.0,0.9649348,0.0,0.32164496,1
240,502,1.0235952,0.0,0.0,0.3411984,1
240,505,0.0,0.0,0.9994983,0.33316612,1
240,508,1.0014784,0.0,0.0,0.33382615,1
241,245,0.0,0.0,0.82973826,0.27657944,1
241,251,0.0,1.095986,0.0,0.36532867,1
241,257,1.006502,0.0,0.0,0.3355007,1
241,263,0.9949904,0.0,0.0,0.3316635,1
241,265,0.0,1.0240514,0.0,0.3413505,1
241,269,0.0,0.0,0.6584374,0.21947913,1
241,270,0.0,0.0,0.8232236,0.27440786,1
241,272,0.97141874,1.0348256,0.0,0.66874814,2
241,274,1.0037963,0.0,0.0,0.33459878,1
241,276,0.0,0.0,1.8133651,0.60445505,1
241,282,1.1560886,0.0,0.0,0.38536286,1
241,285,0.9662976,0.0,0.0,0.3220992,1
241,290,0.0,1.0057087,0.68576175,0.5638235,2
241,297,0.0,0.9498718,1.0201688,0.6566802,2
241,301,0.9982026,0.0,0.0,0.33273423,1
241,303,0.0,0.9463443,0.0,0.3154481,1
241,310,0.0,0.0,0.72548014,0.24182671,1
241,311,0.0,0.0,0.6983122,0.23277074,1
241,314,0.98692536,0.0,0.0,0.32897514,1
241,315,0.9932866,0.0,0.0,0.33109555,1
241,320,0.0,0.0,1.0073406,0.3357802,1
241,322,0.0,1.1210557,0.0,0.37368524,1
241,330,0.0,0.0,0.730821,0.24360701,1
241,341,0.0,0.0,1.3069377,0.4356459,1
241,344,0.9875926,0.0,0.0,0.32919753,1
241,348,0.9737189,0.0,0.0,0.32457298,1
241,355,0.0,0.98451304,0.0,0.328171,1
241,356,0.0,0.9278397,1.0079862,0.64527535,2
241,358,0.98082364,0.0,0.0,0.32694122,1
241,362,0.0,1.1801186,0.0,0.39337286,1
241,368,0.0,0.9900317,0.0,0.3300106,1
241,371,0.0,0.98033744,0.0,0.32677916,1
241,377,0.0,0.94302547,0.0,0.31434184,1
241,381,0.0,0.0,1.4280572,0.47601908,1
241,382,0.0,0.9437093,0.0,0.31456977,1
241,386,0.0,0.0,0.9792438,0.32641461,1
241,387,0.0,0.94948936,0.0,0.31649646,1
241,396,0.0,0.0,1.1808376,0.39361256,1
241,404,0.0,0.9615946,0.0,0.32053155,1
241,417,0.0,0.0,0.7609832,0.2536611,1
241,425,0.0,0.9986346,0.0,0.3328782,1
241,430,1.0335838,0.0,0.0,0.34452793,1
241,433,0.0,0.0,0.9867883,0.32892942,1
241,436,0.0,1.1348562,0.0,0.3782854,1
241,440,0.0,0.0,0.81205297,0.27068433,1
241,450,0.0,0.9659783,0.0,0.32199278,1
241,451,0.0,0.0,1.5404226,0.5134742,1
241,460,0.0,0.9906742,0.0,0.33022475,1
241,461,0.0,0.96773905,0.0,0.32257968,1
241,462,0.98098755,0.0,0.0,0.32699585,1
241,468,0.99384433,0.0,0.0,0.33128145,1
241,474,1.0780832,0.0,0.0,0.35936105,1
241,479,0.0,0.0,0.8519612,0.28398708,1
241,488,0.0,0.0,1.6696291,0.55654305,1
241,489,0.0,0.0,0.997565,0.33252168,1
241,492,0.98493373,0.0,0.0,0.32831126,1
241,505,0.0,0.0,1.6423554,0.54745185,1
242,243,0.0,0.0,0.74730706,0.24910235,1
242,244,1.0086854,0.0,0.0,0.33622846,1
242,246,0.0,0.98001707,0.0,0.32667238,1
242,251,0.0,0.0,0.96755844,0.32251948,1
242,257,0.0,0.0,0.94254017,0.31418008,1
242,268,0.0,0.0,0.8168782,0.27229273,1
242,280,0.0,0.0,0.91474354,0.30491453,1
242,283,1.0295851,0.0,0.0,0.34319505,1
242,285,0.0,0.0,0.800684,0.26689467,1
242,288,0.0,0.0,1.0531697,0.35105658,1
242,302,0.0,0.0,0.8270094,0.2756698,1
242,308,1.0574782,0.0,0.0,0.35249275,1
242,318,0.0,1.04057,0.0,0.34685668,1
242,319,0.0,0.95830107,0.0,0.3194337,1
242,320,0.0,0.9504046,0.0,0.31680155,1
242,326,0.0,0.0,0.5969396,0.19897988,1
242,330,0.0,1.0822394,0.0,0.36074647,1
242,332,0.99438184,0.0,0.0,0.33146062,1
242,333,0.9750123,0.0,0.0,0.3250041,1
242,334,0.9888956,0.0,0.0,0.32963187,1
242,335,0.0,0.0,1.4915038,0.49716794,1
242,336,0.9754472,0.0,0.0,0.32514906,1
242,338,0.97776777,0.0,0.0,0.3259226,1
242,342,0.0,1.037283,0.0,0.345761,1
242,359,1.0270572,0.0,0.0,0.3423524,1
242,365,0.9683627,0.0,0.0,0.32278758,1
242,367,0.0,1.0285933,0.0,0.34286445,1
242,373,0.0,0.9843824,0.0,0.32812747,1
242,376,0.0,0.9699227,0.0,0.32330757,1
242,378,0.0,0.9572108,0.0,0.31907028,1
242,380,0.975986,0.0,0.0,0.32532868,1
242,383,0.0,0.0,0.8219399,0.27397996,1
242,384,0.0,0.0,0.69252855,0.23084286,1
242,385,0.0,1.1742902,0.0,0.39143008,1
242,387,0.0,1.0043349,0.0,0.3347783,1
242,390,0.9728968,0.0,0.0,0.32429895,1
242,402,1.116262,0.0,0.0,0.37208733,1
242,404,0.0,0.0,1.3794127,0.45980424,1
242,410,0.0,0.0,1.124341,0.37478036,1
242,417,0.9596853,0.0,0.0,0.31989512,1
242,428,0.0,0.96165663,0.0,0.32055223,1
242,438,0.9673593,0.0,0.0,0.3224531,1
242,442,0.0,0.93950176,0.0,0.31316727,1
242,457,0.0,0.9846301,0.0,0.32821006,1
242,465,0.0,1.0061272,1.0406187,0.68224865,2
242,469,0.0,0.0,0.76383954,0.2546132,1
242,474,0.0,0.0,0.88352853,0.29450953,1
242,475,0.0,0.99946314,0.0,0.33315438,1
242,476,0.99650735,0.0,0.0,0.33216912,1
242,481,1.0063149,0.0,0.0,0.3354383,1
242,484,0.96277624,0.0,0.0,0.3209254,1
242,489,0.0,0.96063584,0.0,0.32021195,1
242,490,0.0,0.0,1.3698523,0.45661744,1
242,491,0.0,0.0,0.56424326,0.18808109,1
242,509,0.0,1.0028434,0.0,0.33428115,1
243,246,0.9786227,0.0,0.80215687,0.59359324,2
243,248,0.0,0.0,0.9227216,0.30757388,1
243,263,0.9800344,0.0,0.0,0.32667816,1
243,265,1.0387193,0.0,0.0,0.34623978,1
243,267,0.0,0.0,1.4441273,0.48137578,1
243,282,0.9891836,0.0,0.0,0.3297279,1
243,293,0.0,1.0082419,0.0,0.33608064,1
243,297,0.9679965,0.0,0.0,0.3226655,1
243,299,0.0,0.98320055,0.0,0.32773352,1
243,304,1.0216359,0.0,0.0,0.3405453,1
243,312,0.9717987,0.0,0.0,0.32393292,1
243,315,0.0,1.0118394,0.0,0.3372798,1
243,320,0.0,1.0100807,0.0,0.33669358,1
243,334,0.0,0.96312255,0.0,0.32104087,1
243,335,0.0,0.9410852,1.0964684,0.67918456,2
243,336,0.0,0.0,1.0227906,0.3409302,1
243,337,0.99914086,0.0,0.0,0.33304697,1
243,338,0.0,1.1088889,0.0,0.36962962,1
243,345,0.9825362,0.0,0.0,0.3275121,1
243,349,0.9696368,0.0,0.0,0.32321227,1
243,351,0.0,1.1052737,0.0,0.3684246,1
243,352,0.966214,0.0,0.0,0.32207134,1
243,361,0.9620597,0.0,0.0,0.32068658,1
243,370,0.9681871,0.0,0.0,0.32272905,1
243,406,0.0,1.0021976,0.7374965,0.57989806,2
243,408,0.0,1.0031247,0.0,0.3343749,1
243,410,0.0,0.0,0.65646124,0.21882042,1
243,425,0.9990326,0.0,0.0,0.33301088,1
243,428,1.0146351,0.0,0.0,0.33821172,1
243,436,0.0,0.99722385,0.0,0.33240795,1
243,444,0.0,1.0526453,0.0,0.3508818,1
243,460,0.0,0.0,1.0855097,0.36183655,1
243,468,0.9899157,0.0,0.0,0.3299719,1
243,472,0.0,0.9565168,0.0,0.31883895,1
243,474,0.0,0.95616573,0.0,0.31872192,1
243,497,0.0,0.94545954,0.0,0.31515318,1
243,498,0.0,1.014949,0.0,0.33831632,1
243,502,0.0,0.0,1.2055837,0.40186125,1
243,510,0.0,1.0799555,0.0,0.35998517,1
244,251,0.0,0.0,0.46654794,0.15551598,1
244,252,0.0,0.0,0.54350895,0.18116966,1
244,265,0.973075,0.9963431,0.0,0.6564727,2
244,267,0.0,0.95800084,0.0,0.3193336,1
244,281,0.0,0.979643,0.0,0.32654768,1
244,286,0.0,0.0,0.8931231,0.2977077,1
244,306,0.0,0.97191733,0.0,0.32397246,1
244,312,0.0,0.9538648,0.0,0.31795496,1
244,314,0.0,0.0,0.6482514,0.21608381,1
244,320,0.0,0.9518412,0.0,0.3172804,1
244,321,0.0,0.0,0.87183946,0.29061317,1
244,325,0.96564764,0.0,0.0,0.32188255,1
244,326,0.0,0.0,0.438103,0.14603433,1
244,328,0.0,0.0,0.59439874,0.19813292,1
244,337,0.0,0.0,0.47196904,0.15732302,1
244,343,0.0,0.0,0.7162157,0.23873858,1
244,344,0.0,0.94762456,0.0,0.31587487,1
244,346,0.9686052,0.0,0.0,0.3228684,1
244,350,0.0,1.1351619,0.0,0.3783873,1
244,358,0.9632578,0.0,0.0,0.32108593,1
244,370,0.0,0.0,0.800056,0.26668534,1
244,375,0.98207253,1.0288259,0.0,0.67029953,2
244,388,0.0,0.0,0.59142995,0.19714332,1
244,391,0.0,0.9528026,0.0,0.31760088,1
244,397,0.0,0.9787007,0.0,0.32623357,1
244,403,0.0,0.0,0.7661995,0.25539985,1
244,409,0.0,0.9514802,0.0,0.31716007,1
244,411,1.0351921,0.0,0.0,0.34506404,1
244,417,1.0420567,0.0,0.0,0.34735224,1
244,427,0.9728808,0.0,0.0,0.3242936,1
244,430,0.0,0.960734,0.0,0.32024467,1
244,435,1.1437085,0.0,0.0,0.38123617,1
244,437,0.9759309,0.0,0.0,0.32531032,1
244,449,0.0,0.9570525,0.0,0.31901753,1
244,454,0.0,0.9641335,0.0,0.32137784,1
244,455,0.9758536,0.0,0.0,0.32528454,1
244,463,0.0,0.99463457,0.0,0.33154488,1
244,466,0.0,0.9530385,0.0,0.31767952,1
244,477,0.0,0.95738107,0.0,0.31912702,1
244,479,0.0,0.9461371,0.0,0.31537902,1
244,489,0.0,0.9546187,0.0,0.31820625,1
244,491,0.0,0.0,0.3366248,0.11220827,1
244,492,0.98604983,0.0,0.0,0.3286833,1
244,494,0.0,0.0,0.42797545,0.14265849,1
244,506,0.0,0.0,0.9575488,0.31918293,1
245,262,0.0,0.0,1.0157037,0.3385679,1
245,276,0.0,0.0,0.82033265,0.27344424,1
245,277,0.0,0.9534393,0.0,0.3178131,1
245,280,0.9596129,0.0,0.0,0.31987098,1
245,284,0.0,0.0,1.8061748,0.6020583,1
245,289,0.0,0.98642737,0.0,0.32880914,1
245,292,0.0,0.0,0.8414677,0.28048924,1
245,297,0.0,0.0,0.76952463,0.25650823,1
245,301,0.0,0.0,1.4559814,0.48532712,1
245,305,0.0,0.95084876,0.0,0.3169496,1
245,310,1.0225374,0.0,1.178904,0.7338138,2
245,311,0.0,0.0,1.2315953,0.41053176,1
245,314,0.0,1.0917758,0.0,0.36392528,1
245,320,0.0,0.0,0.8121991,0.27073306,1
245,328,0.0,0.9688471,0.0,0.32294905,1
245,330,0.0,0.0,0.5976881,0.19922936,1
245,332,0.9648742,0.0,0.0,0.32162476,1
245,336,0.0,1.0201582,0.0,0.34005272,1
245,341,0.9693576,0.0,1.0248183,0.6647253,2
245,342,0.0,0.0,1.0218991,0.34063303,1
245,345,0.97839934,0.0,0.0,0.32613313,1
245,349,0.0,0.0,1.0568067,0.3522689,1
245,356,0.0,0.0,1.6697763,0.5565921,1
245,360,0.0,0.0,1.589104,0.52970135,1
245,369,1.0237143,0.0,0.0,0.3412381,1
245,378,0.0,0.9915911,0.0,0.33053038,1
245,380,0.0,0.95355177,0.0,0.3178506,1
245,381,0.0,0.0,0.92769367,0.30923122,1
245,389,0.0,0.98291177,0.0,0.32763726,1
245,390,0.0,0.0,1.6537347,0.5512449,1
245,394,1.0249269,0.0,0.0,0.34164232,1
245,396,1.0171005,0.0,1.7774005,0.9315003,2
245,401,0.0,0.0,0.82304007,0.2743467,1
245,403,0.0,0.9395023,0.0,0.31316745,1
245,404,1.0417612,0.0,0.0,0.34725374,1
245,407,0.95735246,0.0,0.0,0.3191175,1
245,410,1.0047711,0.0,0.0,0.3349237,1
245,411,0.0,0.0,0.977911,0.32597035,1
245,412,0.9732531,0.0,0.0,0.3244177,1
245,417,1.002306,0.95172155,0.0,0.6513425,2
245,426,0.0,0.0,0.75253725,0.25084576,1
245,431,0.9878503,0.0,0.0,0.32928345,1
245,434,0.9610829,0.0,1.4665421,0.80920833,2
245,440,0.0,0.0,0.7477168,0.24923894,1
245,451,0.0,0.0,0.8551443,0.28504813,1
245,456,1.0595031,0.0,1.8716928,0.9770653,2
245,457,0.0,0.93724567,0.0,0.31241524,1
245,463,0.0,0.0,0.80748963,0.26916322,1
245,477,0.0,0.9717037,0.0,0.32390124,1
245,485,0.99475944,0.0,0.0,0.33158648,1
245,486,0.0,0.989348,0.0,0.32978266,1
245,487,0.9855651,0.0,0.0,0.32852173,1
245,488,0.0,0.0,0.8739414,0.29131383,1
245,503,0.0,1.0171702,0.0,0.33905673,1
246,251,1.0310532,0.0,0.0,0.3436844,1
246,252,0.0,1.0100747,0.6030334,0.53770274,2
246,257,0.0,0.9405857,0.0,0.31352857,1
246,266,0.0,1.0089116,0.0,0.3363039,1
246,268,0.0,0.0,0.909603,0.30320102,1
246,276,0.0,0.9485017,0.0,0.31616724,1
246,280,0.0,0.0,1.092718,0.36423934,1
246,286,0.0,0.0,0.85565984,0.28521997,1
246,296,0.0,0.957465,0.0,0.319155,1
246,303,1.0000623,0.0,0.0,0.33335412,1
246,313,0.9875913,0.0,0.0,0.3291971,1
246,321,0.0,0.96501637,0.0,0.32167214,1
246,324,0.98102254,0.0,0.0,0.32700753,1
246,326,0.0,0.0,0.67124766,0.22374922,1
246,327,0.0,0.0,0.9162191,0.3054064,1
246,335,0.0,0.0,1.580451,0.526817,1
246,340,0.0,0.943008,0.0,0.314336,1
246,343,1.029899,0.0,0.0,0.3432997,1
246,348,0.0,0.95186216,0.0,0.3172874,1
246,349,0.99122417,0.9709268,0.0,0.65405035,2
246,357,0.97731566,0.0,0.0,0.3257719,1
246,370,0.0,0.0,0.97365725,0.32455242,1
246,376,0.0,1.0720998,0.0,0.35736662,1
246,382,1.0747086,0.0,0.0,0.3582362,1
246,383,0.97790647,0.0,0.0,0.32596883,1
246,390,1.0587766,0.0,0.0,0.35292554,1
246,393,1.0084867,0.0,0.0,0.33616227,1
246,403,0.0,0.0,1.0043335,0.33477783,1
246,410,0.0,0.0,0.8461683,0.2820561,1
246,424,0.0,1.0842305,0.0,0.3614102,1
246,425,0.0,1.0566078,1.7060264,0.9208782,2
246,427,0.96136236,1.0499928,0.0,0.67045176,2
246,442,0.0,0.0,1.4583248,0.48610827,1
246,460,0.0,0.0,1.3296145,0.44320485,1
246,462,0.0,0.0,0.86750627,0.28916878,1
246,464,0.9620235,1.0107069,0.0,0.6575768,2
246,465,0.0,0.0,0.8314935,0.27716452,1
246,470,0.0,1.0102698,0.0,0.3367566,1
246,474,0.0,0.94539344,0.7617244,0.56903934,2
246,476,0.0,0.0,1.1172729,0.3724243,1
246,481,1.030687,0.0,0.0,0.34356233,1
246,482,0.98767513,0.0,0.0,0.32922506,1
246,490,0.0,1.158275,0.0,0.38609168,1
246,495,0.0,1.1746283,0.0,0.39154276,1
246,502,0.0,1.0122956,0.0,0.33743188,1
246,506,0.0,1.0430881,0.0,0.34769604,1
247,251,0.0,0.931001,0.0,0.31033367,1
247,255,0.98571295,0.0,0.0,0.328571,1
247,258,0.0,1.1012923,0.0,0.36709744,1
247,265,0.96001023,0.0,0.0,0.32000342,1
247,270,0.9791765,0.0,0.0,0.32639217,1
247,271,0.0,0.97088075,0.0,0.32362694,1
247,274,0.0,0.98258173,0.0,0.32752725,1
247,275,0.0,0.0,0.77853036,0.25951013,1
247,292,0.0,0.96178484,0.0,0.32059497,1
247,304,0.9781361,0.0,0.0,0.3260454,1
247,311,0.0,1.021617,0.0,0.34053904,1
247,318,0.0,1.1171569,0.0,0.37238562,1
247,319,0.0,0.0,0.7693169,0.25643897,1
247,320,0.9580728,0.0,0.0,0.3193576,1
247,324,0.0,0.0,0.74264246,0.24754749,1
247,328,0.9734844,0.0,0.0,0.3244948,1
247,329,0.0,0.0,0.4989723,0.16632411,1
247,332,0.9818716,0.0,0.0,0.32729053,1
247,335,0.9684832,0.0,0.0,0.32282776,1
247,337,0.9646844,0.0,0.0,0.3215615,1
247,347,0.0,1.007548,0.0,0.33584934,1
247,351,0.0,1.1119337,0.0,0.37064457,1
247,353,0.0,0.0,0.47991017,0.15997006,1
247,358,1.016856,0.0,0.0,0.338952,1
247,360,1.0150052,0.0,0.0,0.3383351,1
247,370,0.0,0.9403046,0.0,0.31343487,1
247,375,0.0,1.0763075,0.0,0.35876918,1
247,377,0.0,0.97741103,0.0,0.3258037,1
247,379,0.0,0.0,0.55760384,0.18586795,1
247,380,0.0,0.0,0.8015871,0.2671957,1
247,381,0.99249613,0.0,0.0,0.33083206,1
247,388,0.9763208,0.0,0.0,0.3254403,1
247,389,1.003744,0.0,0.0,0.33458135,1
247,399,0.0,1.0330467,0.0,0.3443489,1
247,411,0.0,0.9495421,0.0,0.31651405,1
247,414,0.0,0.9506119,0.0,0.31687063,1
247,418,0.0,0.0,0.750049,0.25001633,1
247,423,0.0,0.0,0.61970764,0.20656922,1
247,424,0.9865554,0.0,0.0,0.32885182,1
247,428,0.0,0.0,1.0678812,0.35596043,1
247,439,0.0,0.0,0.7154946,0.2384982,1
247,440,1.0023661,0.0,0.0,0.33412203,1
247,443,0.0,0.98423064,0.0,0.3280769,1
247,450,0.0,0.94660676,0.0,0.3155356,1
247,455,0.99456507,0.0,0.0,0.3315217,1
247,457,0.0,0.0,0.6327564,0.21091881,1
247,470,0.0,0.9858946,0.6267496,0.53754807,2
247,471,0.0,0.94886154,0.0,0.3162872,1
247,477,0.0,0.0,0.5120043,0.17066811,1
247,498,0.0,0.0,0.58484167,0.19494723,1
247,500,0.975867,0.0,0.65778106,0.54454935,2
247,504,0.9935961,0.0,0.0,0.3311987,1
247,511,0.0,0.0,0.73509884,0.24503295,1
248,267,0.0,0.0,1.0770097,0.35900325,1
248,279,0.0,0.954392,0.0,0.31813067,1
248,303,1.017407,0.0,0.0,0.33913565,1
248,305,0.9745487,0.0,0.0,0.32484958,1
248,317,0.0,0.0,1.0406543,0.3468848,1
248,324,0.99137807,0.0,0.0,0.33045936,1
248,328,0.0,0.0,1.2666199,0.42220664,1
248,330,0.0,1.0432825,0.0,0.34776086,1
248,331,0.0,0.94222784,0.0,0.31407595,1
248,333,1.0422853,0.0,0.0,0.34742844,1
248,336,0.0,0.0,1.052727,0.350909,1
248,340,0.0,0.9524681,0.0,0.3174894,1
248,343,1.0210986,0.0,0.0,0.3403662,1
248,344,0.0,0.0,0.79739,0.26579666,1
248,354,0.99050254,0.0,0.0,0.33016753,1
248,355,0.0,0.0,0.9937385,0.33124617,1
248,364,1.0578991,0.94314986,0.0,0.6670164,2
248,371,0.97603625,0.0,0.0,0.32534543,1
248,376,1.0184577,0.0,0.0,0.33948588,1
248,383,0.0,0.9642618,0.0,0.3214206,1
248,392,0.0,0.9583173,0.0,0.3194391,1
248,405,0.9799812,0.0,0.0,0.3266604,1
248,407,0.0,1.0370567,0.0,0.34568557,1
248,418,0.0,0.93636304,0.0,0.31212103,1
248,423,1.01117,0.0,0.0,0.3370567,1
248,432,0.0,0.9504926,0.0,0.31683087,1
248,442,0.0,0.9846165,0.0,0.32820553,1
248,444,0.0,0.0,1.1047621,0.36825404,1
248,449,0.0,0.0,0.820871,0.27362368,1
248,454,0.0,0.0,1.1205313,0.37351045,1
248,460,0.0,0.0,1.6370327,0.5456776,1
248,481,0.97313714,0.0,0.0,0.32437906,1
248,501,0.9889554,0.0,0.0,0.3296518,1
248,502,0.0,0.0,1.7942715,0.5980905,1
249,256,0.0,0.0,0.6789952,0.22633174,1
249,261,0.0,0.98149204,0.0,0.32716402,1
249,275,0.0,0.0,0.7359859,0.24532863,1
249,279,0.0,0.0,0.70807344,0.23602448,1
249,280,0.0,1.0381259,0.0,0.34604198,1
249,282,0.0,1.0687463,0.0,0.3562488,1
249,285,0.0,0.0,0.66199875,0.22066626,1
249,288,0.0,0.0,1.2166007,0.40553355,1
249,295,0.0,1.0144787,0.0,0.33815956,1
249,313,0.0,0.0,0.70860773,0.23620258,1
249,319,0.0,0.0,0.5922977,0.19743256,1
249,322,0.96565264,0.0,0.0,0.3218842,1
249,326,0.0,0.98823845,0.0,0.32941282,1
249,330,1.0334046,0.0,0.0,0.3444682,1
249,333,0.98132473,0.0,0.0,0.32710826,1
249,336,0.0,0.9819274,0.0,0.32730913,1
249,351,1.0270586,0.0,0.0,0.34235287,1
249,352,0.0,1.2320274,0.0,0.41067582,1
249,357,0.0,0.0,0.7977672,0.26592243,1
249,364,0.9976683,0.0,0.0,0.33255613,1
249,366,0.0,1.0542705,0.0,0.3514235,1
249,370,0.0,0.96770203,0.0,0.32256734,1
249,371,0.0,0.93766344,0.0,0.31255448,1
249,372,1.0079687,0.0,0.592806,0.53359157,2
249,374,0.0,1.0817769,0.0,0.3605923,1
249,378,0.0,0.94426286,0.0,0.3147543,1
249,383,0.0,0.0,0.6366746,0.21222487,1
249,395,1.062943,0.0,0.0,0.35431433,1
249,410,0.9811627,0.0,0.0,0.32705426,1
249,411,0.0,1.0947404,0.0,0.36491346,1
249,419,0.9738497,0.0,0.0,0.32461658,1
249,420,0.0,1.0268841,0.0,0.3422947,1
249,422,0.0,1.030476,0.0,0.343492,1
249,423,0.0,0.0,0.5825579,0.19418597,1
249,426,0.0,1.1310413,0.0,0.37701377,1
249,427,0.0,1.0963106,0.0,0.36543688,1
249,453,1.0043621,0.0,0.0,0.33478737,1
249,456,0.0,0.94508356,0.0,0.31502786,1
249,462,1.0396864,0.0,0.0,0.34656215,1
249,466,0.0,0.0,0.6312356,0.21041188,1
249,469,0.0,0.0,1.239097,0.41303235,1
249,470,0.0,0.0,0.57256013,0.19085339,1
249,474,0.0,0.0,0.47892115,0.15964039,1
249,488,0.9707998,0.0,0.0,0.32359993,1
249,494,0.0,1.0197711,0.0,0.3399237,1
249,503,0.9741749,0.0,0.0,0.32472497,1
249,506,1.0123066,0.0,0.0,0.33743554,1
250,254,1.031611,0.0,0.0,0.34387034,1
250,255,0.0,0.0,1.2929746,0.43099153,1
250,269,0.0,0.9531542,0.0,0.3177181,1
250,272,0.9781486,0.0,0.0,0.32604954,1
250,273,0.9761783,0.0,0.0,0.32539278,1
250,278,0.0,1.0029424,0.0,0.33431417,1
250,283,0.0,0.0,1.0223563,0.34078544,1
250,284,0.0,0.0,1.1228567,0.37428558,1
250,293,0.0,0.93382907,0.0,0.31127638,1
250,294,0.0,0.0,1.4482448,0.48274827,1
250,302,0.9703023,0.0,0.0,0.3234341,1
250,305,0.0,0.0,1.1285046,0.37616822,1
250,309,0.0,1.1497871,0.0,0.38326237,1
250,311,0.0,0.9760887,0.0,0.32536292,1
250,318,0.9894867,0.0,0.93741864,0.6423018,2
250,320,1.0197854,0.0,0.0,0.33992848,1
250,324,0.0,0.0,0.7742157,0.2580719,1
250,326,0.0,1.1570555,0.0,0.38568518,1
250,330,0.0,0.9939683,0.0,0.3313228,1
250,338,0.0,0.0,1.6790773,0.55969244,1
250,353,1.0006264,0.0,0.0,0.33354217,1
250,354,1.0284438,0.0,0.0,0.34281462,1
250,364,0.0,0.0,1.054557,0.351519,1
250,365,0.0,0.0,0.9073704,0.3024568,1
250,373,0.0,0.9817607,0.0,0.32725358,1
250,376,0.0,0.9547378,0.8065154,0.5870844,2
250,378,0.0,0.0,1.3609184,0.45363948,1
250,381,0.96909153,0.0,0.0,0.32303053,1
250,392,0.0,1.0029017,0.0,0.33430058,1
250,395,0.0,1.0735381,0.0,0.35784602,1
250,398,0.0,0.0,1.3295487,0.44318292,1
250,403,0.0,0.9866135,0.0,0.3288712,1
250,407,1.0143437,0.0,0.0,0.3381146,1
250,410,0.99031603,0.0,0.0,0.33010536,1
250,420,0.0,0.0,1.3501229,0.450041,1
250,429,0.0,0.0,1.6864451,0.5621484,1
250,431,0.9792053,0.0,0.0,0.32640177,1
250,434,0.0,0.0,1.3132362,0.43774542,1
250,435,0.0,1.0178089,0.0,0.33926964,1
250,439,1.0211914,0.0,0.0,0.34039712,1
250,443,0.0,0.0,0.8170297,0.27234325,1
250,448,0.0,1.2114733,0.0,0.40382445,1
250,452,0.98471624,0.9538244,0.0,0.6461803,2
250,461,0.0,1.0523925,0.0,0.3507975,1
250,468,0.9623229,0.0,0.0,0.32077432,1
250,470,0.96864545,0.0,0.0,0.32288182,1
250,475,0.0,0.9734089,0.0,0.32446963,1
250,484,0.0,1.35402,0.0,0.45134002,1
250,491,0.0,0.98129016,0.0,0.32709673,1
250,492,0.0,0.0,0.86180824,0.2872694,1
250,499,1.0809426,0.0,0.0,0.36031422,1
250,502,0.9736689,0.0,0.0,0.3245563,1
250,508,0.96414095,0.0,0.0,0.32138032,1
250,509,0.0,0.0,0.77055496,0.25685167,1
250,511,0.0,0.0,0.9493253,0.31644177,1
251,267,0.0,0.0,0.85183793,0.28394598,1
251,269,1.0127804,0.0,0.0,0.3375935,1
251,271,0.0,1.0371116,0.0,0.3457039,1
251,279,0.9774638,0.0,0.0,0.32582128,1
251,283,1.0140017,0.0,0.0,0.3380006,1
251,286,0.0,0.0,0.7916152,0.26387173,1
251,287,0.97120535,0.9384135,0.0,0.63653964,2
251,290,0.0,1.0028733,0.0,0.3342911,1
251,292,0.0,1.0341282,0.0,0.3447094,1
251,299,0.0,0.0,0.94490594,0.31496865,1
251,302,0.0,0.0,0.9587432,0.3195811,1
251,303,0.0,0.95530915,0.0,0.31843638,1
251,314,0.0,0.0,0.77743405,0.2591447,1
251,321,0.0,0.0,1.0089993,0.33633313,1
251,324,0.0,0.938274,0.0,0.31275803,1
251,326,0.0,0.9434516,0.7698449,0.57109886,2
251,328,0.0,1.1181381,0.0,0.3727127,1
251,332,0.0,0.0,0.7228442,0.24094807,1
251,336,0.0,0.9443425,1.1786844,0.70767564,2
251,342,0.0,1.1729581,0.0,0.39098606,1
251,344,1.014724,0.0,0.0,0.33824134,1
251,347,0.0,0.9427399,0.0,0.31424665,1
251,352,0.0,0.0,0.91117346,0.3037245,1
251,353,1.0844951,0.0,0.0,0.36149836,1
251,362,1.0337831,1.1106008,0.0,0.71479464,2
251,364,0.9574044,0.0,0.0,0.3191348,1
251,370,0.0,1.0199062,0.0,0.33996874,1
251,384,0.0,0.0,0.67285717,0.22428572,1
251,387,0.0,1.0147411,0.0,0.33824703,1
251,393,1.0024142,0.0,0.0,0.3341381,1
251,396,0.96407866,0.0,0.0,0.32135957,1
251,400,0.0,0.0,0.66162497,0.22054166,1
251,404,0.0,0.0,1.7087623,0.56958747,1
251,405,0.0,0.0,0.79844743,0.26614916,1
251,406,1.0640857,0.0,0.0,0.35469526,1
251,407,1.0285747,0.0,0.0,0.34285825,1
251,410,0.0,0.0,1.0087261,0.33624205,1
251,413,0.97446156,0.0,0.0,0.32482052,1
251,415,0.0,0.0,1.1398377,0.37994593,1
251,422,0.0,0.0,0.5062322,0.16874407,1
251,424,0.0,0.9910729,0.0,0.33035764,1
251,427,0.0,1.06242,0.0,0.35414,1
251,432,1.0575013,0.0,0.0,0.35250044,1
251,435,1.0010387,0.0,0.0,0.33367956,1
251,436,0.98053235,0.0,0.0,0.32684413,1
251,438,0.0,0.0,1.1375788,0.37919295,1
251,445,0.0,1.0213569,0.0,0.3404523,1
251,446,0.0,0.0,1.1065124,0.36883748,1
251,450,1.0012405,0.0,0.0,0.33374685,1
251,460,1.0323912,0.0,0.0,0.3441304,1
251,461,0.0,1.0410637,0.91994613,0.65366995,2
251,463,1.0402257,0.0,0.0,0.3467419,1
251,467,0.0,0.95318884,0.0,0.31772962,1
251,474,0.0,0.9783683,0.0,0.32612276,1
251,484,0.9811278,0.0,0.0,0.3270426,1
251,490,0.0,0.0,1.6959301,0.56531006,1
251,491,0.0,0.0,1.3908854,0.46362847,1
251,504,0.9899484,0.0,0.0,0.32998282,1
251,506,0.0,0.0,0.95371956,0.31790653,1
251,510,0.0,0.0,1.3250667,0.4416889,1
252,256,0.99626595,0.0,0.0,0.33208865,1
252,257,1.0399262,0.0,1.7959933,0.94530654,2
252,264,0.0,1.0419643,0.0,0.34732145,1
252,275,0.9777357,0.0,0.0,0.3259119,1
252,279,0.0,0.0,0.68347037,0.22782347,1
252,281,1.0132504,0.0,0.0,0.33775014,1
252,285,1.0189726,0.0,0.0,0.33965755,1
252,286,0.0,0.0,1.750463,0.5834877,1
252,288,0.0,0.95932454,0.0,0.31977487,1
252,290,0.0,1.0186483,0.0,0.33954942,1
252,296,0.0,1.0350217,0.0,0.34500724,1
252,299,1.012982,0.9778249,0.9008684,0.96389186,3
252,310,1.0320474,0.0,0.0,0.3440158,1
252,311,0.0,1.004918,0.0,0.33497268,1
252,312,1.0327715,1.0346693,0.0,0.68914694,2
252,314,0.0,0.0,1.5094467,0.5031489,1
252,321,0.0,0.0,1.05703,0.35234332,1
252,325,0.96362686,0.9374468,0.0,0.6336912,2
252,326,0.0,0.0,1.1853367,0.39511225,1
252,327,0.0,0.0,1.160951,0.3869837,1
252,340,0.0,0.0,1.1105485,0.37018284,1
252,343,0.0,0.0,1.374082,0.45802733,1
252,350,1.0096473,0.0,0.0,0.3365491,1
252,369,0.0,0.97758055,0.0,0.3258602,1
252,370,0.0,0.0,1.5842161,0.52807206,1
252,372,0.0,0.96473646,0.0,0.32157883,1
252,374,1.0511639,0.0,0.0,0.350388,1
252,378,1.004349,0.0,0.0,0.33478302,1
252,379,1.0187638,0.0,0.0,0.33958793,1
252,384,1.1043425,0.0,0.0,0.36811417,1
252,390,0.0,0.9532652,0.0,0.31775507,1
252,397,1.0036077,0.0,0.0,0.33453593,1
252,402,0.0,0.9870647,0.0,0.32902157,1
252,403,1.0953315,0.0,1.6235148,0.9062821,2
252,404,0.95859885,0.0,0.0,0.31953296,1
252,405,0.0,0.0,0.9868036,0.32893455,1
252,408,0.0,1.0904166,0.0,0.3634722,1
252,410,0.0,0.0,1.6438601,0.54795337,1
252,419,0.0,0.0,1.1876127,0.3958709,1
252,427,0.0,0.98556423,0.0,0.32852143,1
252,428,0.0,0.9902653,0.0,0.33008844,1
252,430,0.9832588,0.0,0.0,0.32775295,1
252,442,0.0,0.0,0.66135377,0.22045127,1
252,451,0.95924884,0.0,0.0,0.31974962,1
252,456,1.0727028,0.0,0.0,0.3575676,1
252,461,0.0,0.94629765,0.0,0.31543255,1
252,462,1.0020304,0.0,0.0,0.33401012,1
252,465,0.0,0.0,0.86356413,0.28785473,1
252,466,0.0,0.0,1.5520587,0.51735294,1
252,467,1.0470452,0.0,0.0,0.3490151,1
252,470,0.0,1.0450395,0.0,0.34834653,1
252,478,0.0,0.0,1.560758,0.5202527,1
252,486,0.9709822,0.0,0.0,0.32366073,1
252,489,0.9628283,0.0,0.0,0.32094276,1
252,490,0.0,0.97990793,0.0,0.326636,1
252,491,0.0,0.96436083,0.0,0.32145363,1
252,494,1.0874624,0.0,1.7320286,0.93983036,2
252,495,0.95774996,0.0,0.0,0.31925,1
252,510,0.9640512,0.0,1.3407835,0.76827824,2
253,260,0.99324346,0.0,0.0,0.33108115,1
253,282,0.0,1.0245292,0.0,0.34150976,1
253,287,0.0,0.95269156,0.0,0.31756386,1
253,290,0.0,0.0,0.61532,0.20510668,1
253,292,0.0,0.9467776,0.9347093,0.62716234,2
253,296,1.0158576,0.0,0.0,0.3386192,1
253,302,0.0,1.0988309,0.0,0.36627698,1
253,306,0.0,0.0,1.0907882,0.36359608,1
253,308,0.0,1.0120599,1.20202,0.7380267,2
253,309,0.97055924,0.0,0.0,0.32351977,1
253,312,0.9771284,0.0,0.0,0.32570946,1
253,315,0.0,0.0,0.97528976,0.3250966,1
253,320,0.96314406,0.0,0.0,0.32104802,1
253,327,1.1035887,0.0,0.0,0.3678629,1
253,329,0.96409905,0.9590223,0.0,0.64104044,2
253,340,0.0,0.94732785,0.0,0.31577596,1
253,348,0.0,0.0,1.0274175,0.34247252,1
253,352,0.96731687,0.0,0.0,0.32243896,1
253,353,0.0,0.0,0.84092027,0.28030676,1
253,363,0.0,0.0,0.7035917,0.23453057,1
253,366,0.0,0.96955025,0.0,0.32318342,1
253,369,0.9662421,0.0,0.0,0.3220807,1
253,379,1.0326834,0.0,0.0,0.3442278,1
253,389,1.0239807,0.0,1.1116129,0.7118646,2
253,391,0.0,0.0,1.4341351,0.47804505,1
253,393,0.0,1.1005158,0.0,0.36683863,1
253,395,0.0,0.0,1.2029121,0.4009707,1
253,399,0.0,1.0316749,0.0,0.34389162,1
253,406,1.038449,0.0,0.0,0.34614968,1
253,414,0.9650598,0.0,0.0,0.32168663,1
253,422,0.0,0.9799747,0.0,0.32665825,1
253,424,0.0,0.0,1.2184451,0.40614837,1
253,425,1.0014185,0.0,0.0,0.33380616,1
253,428,0.0,0.0,0.8812831,0.29376104,1
253,431,0.0,0.9649185,0.0,0.3216395,1
253,436,0.0,0.9713186,0.0,0.32377288,1
253,437,1.0159602,0.0,0.0,0.33865342,1
253,442,1.0127224,0.0,0.0,0.33757412,1
253,443,0.0,0.93928856,0.0,0.3130962,1
253,450,0.97385865,0.0,0.0,0.32461956,1
253,453,0.0,0.0,0.8588087,0.28626958,1
253,455,0.983032,0.0,0.0,0.32767734,1
253,463,0.0,0.0,1.0233799,0.34112665,1
253,468,0.0,0.0,1.4788041,0.4929347,1
253,473,0.0,0.9461007,0.0,0.31536692,1
253,475,0.0,1.1962397,0.0,0.39874658,1
253,476,0.99593174,0.0,0.0,0.33197725,1
253,489,0.9716771,0.0,0.0,0.32389238,1
253,493,0.9684322,0.0,0.0,0.32281074,1
253,495,0.0,0.0,1.0902638,0.3634213,1
253,498,0.97881955,0.0,0.0,0.3262732,1
253,502,0.9699342,0.0,0.0,0.32331142,1
253,507,0.9600864,0.0,0.0,0.3200288,1
254,264,0.0,1.0141871,0.9737844,0.66265714,2
254,265,0.0,0.0,1.1508825,0.3836275,1
254,266,1.0524807,0.0,0.0,0.35082692,1
254,268,0.9692726,0.0,0.0,0.32309088,1
254,270,0.9656078,0.0,0.0,0.32186928,1
254,273,0.9906074,0.0,0.0,0.33020246,1
254,284,0.99633366,0.0,0.0,0.33211124,1
254,289,0.0,1.1799982,0.0,0.39333272,1
254,290,0.0,1.0380139,0.0,0.34600466,1
254,291,0.9966989,0.0,0.0,0.33223298,1
254,298,0.0,0.9567717,0.7052342,0.554002,2
254,300,0.0,0.9780776,0.0,0.32602587,1
254,305,0.0,1.0023277,0.0,0.33410925,1
254,311,1.0370626,0.0,0.0,0.34568757,1
254,315,1.040233,0.9871568,0.89942694,0.9756056,3
254,320,0.0,0.9682828,0.0,0.32276094,1
254,322,0.0,0.97998637,0.0,0.32666212,1
254,337,0.98192066,0.0,0.0,0.3273069,1
254,339,1.1018649,0.0,0.0,0.36728832,1
254,340,0.0,1.1248835,0.0,0.3749612,1
254,349,0.0,0.0,0.9460706,0.31535688,1
254,357,0.0,0.9421878,0.0,0.3140626,1
254,359,0.9977529,0.0,0.0,0.33258432,1
254,360,0.0,1.044523,0.0,0.34817433,1
254,362,0.0,0.0,0.9510255,0.3170085,1
254,365,0.0,1.0072095,0.0,0.3357365,1
254,366,0.0,0.0,0.6143062,0.20476875,1
254,370,0.0,1.0720605,0.0,0.3573535,1
254,375,0.0,0.0,0.63303393,0.21101132,1
254,380,0.0,0.0,0.785764,0.26192135,1
254,393,0.0,0.0,0.6874,0.22913334,1
254,397,0.0,0.0,0.7549543,0.25165144,1
254,401,1.0460117,0.0,0.0,0.34867057,1
254,406,0.0,1.1015456,0.0,0.36718187,1
254,409,0.0,0.0,1.3196188,0.43987295,1
254,421,0.0,0.0,0.88947535,0.2964918,1
254,426,1.0129706,0.0,0.0,0.33765686,1
254,431,1.0184534,0.0,0.69075197,0.5697351,2
254,437,0.0,0.0,0.7888982,0.2629661,1
254,438,1.0739747,0.0,0.0,0.35799158,1
254,440,0.0,1.1198555,0.0,0.37328517,1
254,450,0.9846557,0.0,0.0,0.32821858,1
254,451,0.0,0.9716847,0.0,0.32389492,1
254,467,0.98037344,1.102246,0.0,0.69420654,2
254,470,0.0,1.0495034,0.0,0.3498345,1
254,477,0.0,1.1303514,0.0,0.37678382,1
254,483,0.0,0.0,1.3619756,0.45399186,1
254,485,1.1216502,0.0,0.942715,0.6881218,2
254,507,0.0,1.1103247,0.0,0.37010825,1
255,260,0.97027636,0.0,0.0,0.32342547,1
255,269,1.0638608,0.0,0.0,0.35462028,1
255,274,0.0,0.0,0.7982644,0.26608813,1
255,277,1.006463,0.0,0.0,0.3354877,1
255,282,0.0,0.93911767,0.0,0.31303924,1
255,300,0.0,0.0,1.0853704,0.36179015,1
255,307,0.99357826,0.0,0.0,0.33119276,1
255,310,0.0,1.0361452,0.0,0.34538174,1
255,312,0.9615102,0.0,0.0,0.3205034,1
255,313,0.0,1.0940915,0.0,0.3646972,1
255,315,1.0739355,0.0,0.0,0.35797852,1
255,316,0.98369783,0.0,0.0,0.32789928,1
255,333,0.0,0.96153176,0.0,0.3205106,1
255,336,1.0266216,0.0,0.0,0.3422072,1
255,345,1.0233759,0.0,0.0,0.3411253,1
255,356,0.0,1.0802202,0.0,0.36007342,1
255,364,0.0,0.0,0.82004166,0.27334723,1
255,365,0.0,0.0,1.2940205,0.4313402,1
255,366,0.0,0.943158,0.0,0.314386,1
255,368,0.0,1.0040468,0.0,0.3346823,1
255,371,0.0,1.1409271,0.0,0.38030905,1
255,376,0.0,0.0,0.91913223,0.3063774,1
255,378,0.0,0.0,1.5447276,0.5149092,1
255,380,0.98792773,0.0,0.0,0.32930925,1
255,385,0.0,0.0,0.8166361,0.27221203,1
255,389,0.0,1.0262327,0.0,0.34207758,1
255,393,0.0,1.0473249,0.0,0.3491083,1
255,405,0.0,1.0411025,0.0,0.3470342,1
255,407,1.0037973,0.0,0.0,0.3345991,1
255,411,1.0001849,0.0,0.0,0.33339497,1
255,413,0.0,0.0,0.95956355,0.31985453,1
255,417,1.016542,0.0,0.84154105,0.61936104,2
255,429,0.0,0.0,0.6575088,0.2191696,1
255,437,0.0,1.0638473,0.0,0.35461578,1
255,438,0.9632504,0.0,0.0,0.3210835,1
255,439,0.0,1.0045341,0.0,0.3348447,1
255,447,0.0,1.0375049,1.6533749,0.89695996,2
255,455,0.0,0.95289403,0.0,0.31763136,1
255,457,0.0,0.0,0.8780398,0.29267994,1
255,460,0.9981264,1.0617722,0.0,0.6866329,2
255,466,0.9803143,0.0,0.0,0.32677144,1
255,472,0.9896279,0.0,0.0,0.32987598,1
255,477,0.0,1.0152876,0.0,0.3384292,1
255,481,0.0,0.9749394,0.0,0.3249798,1
255,482,0.0,0.0,0.7530935,0.25103116,1
255,492,0.0,0.0,1.5548604,0.5182868,1
255,498,0.0,0.95113784,0.0,0.31704596,1
255,500,0.0,0.9489877,0.8187294,0.58923906,2
255,510,0.0,0.93552804,0.0,0.31184268,1
255,511,0.0,0.0,1.3768175,0.45893916,1
256,259,0.9976742,0.95074093,0.0,0.64947176,2
256,260,1.0226681,0.0,0.0,0.3408894,1
256,266,0.0,0.0,0.6240454,0.20801513,1
256,273,0.0,0.9525594,0.8457395,0.59943295,2
256,274,0.0,1.0573285,0.0,0.35244283,1
256,275,0.0,0.0,1.0781196,0.3593732,1
256,282,0.97230256,0.0,0.0,0.32410085,1
256,291,0.0,0.0,0.90396756,0.30132252,1
256,308,0.0,1.0280468,0.0,0.3426823,1
256,313,1.0271598,0.0,1.3503221,0.792494,2
256,315,0.96639496,1.0755485,0.0,0.68064785,2
256,319,0.0,0.0,1.4095457,0.46984857,1
256,322,0.0,0.0,0.7845949,0.26153165,1
256,335,0.0,0.9762087,0.0,0.32540292,1
256,336,0.97401714,0.0,0.0,0.3246724,1
256,352,0.9488581,0.0,0.0,0.31628603,1
256,353,0.0,0.0,0.6755521,0.22518405,1
256,354,0.0,0.99297434,0.0,0.33099145,1
256,355,0.0,0.9837314,0.0,0.32791048,1
256,358,0.989962,0.0,0.0,0.32998735,1
256,363,1.0178788,0.0,0.0,0.33929294,1
256,364,1.036906,0.0,0.0,0.34563535,1
256,366,1.0037893,0.9456825,0.0,0.64982396,2
256,377,0.9824776,0.0,0.0,0.32749254,1
256,378,0.9740997,0.0,0.0,0.3246999,1
256,379,0.0,0.9471204,0.79676396,0.5812948,2
256,383,0.0,0.0,1.1828866,0.39429554,1
256,405,0.98908126,0.0,0.0,0.32969376,1
256,416,1.0067598,0.0,0.0,0.3355866,1
256,417,0.0,0.9629302,0.0,0.32097673,1
256,418,0.0,0.0,0.7859123,0.26197076,1
256,425,0.9738059,0.0,0.0,0.32460198,1
256,430,0.0,0.0,1.3069202,0.43564007,1
256,433,0.0,0.0,0.7644338,0.2548113,1
256,439,0.0,0.96417755,0.0,0.32139254,1
256,463,0.0,1.0568256,0.0,0.35227522,1
256,470,0.0,0.0,1.1953449,0.39844832,1
256,477,0.0,0.0,0.69046867,0.23015623,1
256,479,1.0248904,0.0,0.0,0.34163016,1
256,499,0.97320455,0.0,0.0,0.32440153,1
256,500,0.9656202,0.0,0.0,0.32187343,1
256,505,0.9729669,0.0,0.0,0.3243223,1
256,508,0.0,0.0,0.6334073,0.21113577,1
257,272,0.0,0.9704239,0.0,0.32347465,1
257,274,0.0,0.95028126,0.0,0.31676042,1
257,275,1.0068386,0.0,0.0,0.33561286,1
257,279,0.0,0.0,1.3139815,0.43799385,1
257,285,0.97146535,1.0727983,1.1331944,1.0591527,3
257,286,0.0,0.0,0.9402618,0.3134206,1
257,291,0.99100393,0.0,0.0,0.33033466,1
257,292,0.0,0.0,0.7076637,0.23588791,1
257,296,0.9783127,0.0,0.0,0.32610422,1
257,299,0.97194654,0.0,0.78117824,0.5843749,2
257,300,0.0,1.036724,0.0,0.34557468,1
257,303,0.0,1.0022737,0.0,0.33409125,1
257,314,0.0,0.0,0.92007446,0.3066915,1
257,326,0.0,0.0,0.6880829,0.22936097,1
257,327,0.0,0.0,0.8553843,0.28512812,1
257,335,0.0,0.0,0.71731484,0.23910496,1
257,351,0.0,1.1097221,0.0,0.36990738,1
257,370,0.0,0.0,0.67938143,0.22646049,1
257,377,0.9930493,0.0,0.0,0.33101645,1
257,392,0.0,0.9757362,0.0,0.3252454,1
257,400,1.0042508,0.0,0.0,0.33475026,1
257,403,0.0,0.0,1.0033422,0.33444738,1
257,405,0.0,0.0,1.1058583,0.36861944,1
257,410,0.0,0.0,1.6735352,0.5578451,1
257,419,0.0,0.0,1.493979,0.497993,1
257,424,0.0,0.94184065,0.0,0.3139469,1
257,427,0.0,0.94313115,0.0,0.31437707,1
257,442,0.0,0.0,0.8463241,0.28210804,1
257,445,0.0,0.96064895,0.0,0.32021633,1
257,446,0.9738269,0.0,0.0,0.32460898,1
257,447,1.0050982,0.0,0.0,0.33503276,1
257,452,1.0549115,0.0,0.0,0.35163718,1
257,465,0.0,0.0,1.0130678,0.33768928,1
257,466,0.0,0.0,1.4039797,0.46799323,1
257,473,1.0168239,0.0,0.0,0.3389413,1
257,476,0.0,1.1717061,0.0,0.3905687,1
257,478,0.0,0.0,1.8269775,0.6089925,1
257,480,0.98713124,0.0,0.0,0.32904375,1
257,490,0.0,0.9673547,0.0,0.3224516,1
257,494,0.0,0.0,0.97291905,0.32430637,1
257,501,0.0,0.9379644,0.0,0.3126548,1
257,504,0.0,0.99807435,0.0,0.33269146,1
257,505,0.0,0.96128094,0.0,0.320427,1
257,506,0.0,0.9774254,0.0,0.32580847,1
257,510,1.012634,0.0,0.0,0.33754468,1
258,263,1.0394677,0.0,0.0,0.34648925,1
258,264,0.98627526,0.0,0.0,0.32875842,1
258,277,0.96462035,0.0,0.0,0.32154012,1
258,280,0.98439807,0.0,0.0,0.3281327,1
258,293,0.0,0.0,0.8662949,0.28876498,1
258,297,0.0,0.9986185,0.0,0.33287284,1
258,318,0.9923266,0.0,0.0,0.33077556,1
258,320,0.0,0.0,0.8573919,0.2857973,1
258,324,0.0,1.018654,0.0,0.33955133,1
258,325,0.98510325,0.0,0.0,0.32836777,1
258,326,1.0024555,0.0,0.0,0.33415183,1
258,329,0.0,0.95353925,0.0,0.31784642,1
258,334,0.0,0.0,0.7827475,0.26091585,1
258,342,0.0,0.94103265,0.0,0.31367755,1
258,346,0.98271435,0.0,0.0,0.32757145,1
258,350,0.0,0.0,0.9760977,0.3253659,1
258,363,0.0,0.0,0.6363021,0.21210071,1
258,373,0.0,0.0,0.98289865,0.3276329,1
258,375,0.0,0.0,0.81519157,0.27173054,1
258,379,0.9812709,0.0,0.0,0.32709032,1
258,385,0.0,1.0464325,0.0,0.34881085,1
258,389,0.0,0.9713485,0.0,0.32378286,1
258,391,0.0,0.0,0.67212063,0.22404021,1
258,393,1.0753019,0.0,0.0,0.35843396,1
258,394,0.0,0.0,1.0593356,0.35311186,1
258,402,0.0,0.9460284,0.0,0.3153428,1
258,406,0.0,0.9918803,0.0,0.3306268,1
258,407,0.0,0.94213676,0.0,0.3140456,1
258,408,0.0,0.0,0.8219189,0.273973,1
258,411,0.0,1.0243964,0.0,0.34146547,1
258,414,0.99682784,0.0,0.8127388,0.6031889,2
258,424,0.0,0.9554122,0.0,0.31847075,1
258,429,0.9658874,0.0,0.0,0.32196248,1
258,436,0.0,0.95588845,0.0,0.3186295,1
258,440,0.0,0.0,0.93735284,0.31245095,1
258,443,0.0,1.1019832,0.0,0.36732775,1
258,448,0.99030584,1.00964,0.0,0.6666486,2
258,450,0.0,0.950159,0.0,0.31671968,1
258,451,0.9573157,0.0,0.0,0.31910524,1
258,453,0.0,0.0,0.85860026,0.2862001,1
258,461,0.9599285,0.0,0.0,0.31997618,1
258,473,0.0,0.9442172,1.0584013,0.66753954,2
258,481,0.0,0.0,0.71447176,0.23815726,1
258,487,0.0,1.0218426,0.0,0.3406142,1
258,490,0.0,0.9986386,0.0,0.33287954,1
258,497,0.0,1.0361943,0.0,0.34539813,1
258,498,1.0153552,0.0,0.0,0.33845174,1
258,503,0.0,0.0,0.7923533,0.26411778,1
258,508,0.0,0.0,0.6761522,0.22538409,1
258,509,0.0,0.0,0.6549865,0.21832883,1
259,266,0.0,0.0,1.1402507,0.38008356,1
259,267,0.9749382,0.0,0.0,0.32497942,1
259,268,0.0,1.0254638,0.0,0.34182128,1
259,269,0.97912824,0.95891196,0.0,0.6460134,2
259,270,0.0,0.9364673,0.0,0.31215578,1
259,283,0.0,0.0,0.70151573,0.23383859,1
259,292,0.0,0.9364524,0.0,0.3121508,1
259,299,1.0671479,0.0,0.0,0.35571596,1
259,301,1.0659578,0.0,0.0,0.35531926,1
259,302,1.053993,0.0,0.0,0.351331,1
259,306,1.0516866,0.0,0.0,0.3505622,1
259,312,0.0,0.0,0.9974425,0.33248085,1
259,313,0.0,0.9796384,0.0,0.32654613,1
259,323,0.0,0.0,0.6150729,0.2050243,1
259,330,1.0563166,0.0,0.0,0.35210556,1
259,331,0.0,0.0,1.1977167,0.3992389,1
259,335,0.0,1.1200467,0.0,0.37334892,1
259,347,0.0,0.99454087,0.0,0.33151364,1
259,349,0.0,1.0111736,0.0,0.3370579,1
259,354,0.0,0.95396,0.7576481,0.570536,2
259,358,0.0,0.0,1.1271697,0.37572324,1
259,359,0.99106866,0.9757583,0.0,0.655609,2
259,369,0.0,0.0,0.95004606,0.31668204,1
259,373,0.0,0.9501458,0.0,0.31671527,1
259,374,0.0,0.0,0.86766714,0.2892224,1
259,381,0.0,0.9501607,0.0,0.31672025,1
259,382,0.9714278,0.0,0.0,0.32380927,1
259,384,0.0,1.0428503,0.0,0.34761676,1
259,392,0.0,0.0,1.092673,0.3642243,1
259,399,0.0,0.94345915,0.762169,0.5685427,2
259,400,0.0,0.9805467,0.0,0.32684892,1
259,406,0.99811983,0.0,0.0,0.33270663,1
259,408,0.972368,0.0,0.95654464,0.6429709,2
259,413,0.9810972,0.0,0.0,0.32703242,1
259,416,1.0018485,0.0,0.0,0.3339495,1
259,431,0.0,0.0,1.0073745,0.33579153,1
259,432,0.0,0.0,0.7182408,0.2394136,1
259,433,0.0,0.96461433,0.0,0.32153812,1
259,449,0.0,0.0,0.8131362,0.27104542,1
259,450,1.0755225,0.0,0.0,0.3585075,1
259,451,0.0,0.9453649,0.7053947,0.5502532,2
259,452,0.0,0.0,0.8746311,0.29154372,1
259,465,0.0,1.0727746,0.0,0.35759157,1
259,470,0.0,0.9703389,0.0,0.3234463,1
259,471,0.0,0.0,0.8798294,0.2932765,1
259,477,0.0,1.0202972,0.0,0.34009907,1
259,496,0.0,0.0,0.8191813,0.27306044,1
259,497,0.0,0.0,0.87908083,0.29302695,1
259,498,0.0,0.0,0.8252013,0.2750671,1
259,500,0.98678356,0.0,0.0,0.32892787,1
259,505,0.0,0.0,0.6894169,0.22980563,1
259,507,0.0,0.0,0.66775453,0.22258484,1
259,508,0.0,0.0,0.8749874,0.29166248,1
259,509,0.0,0.0,0.6450994,0.21503314,1
260,261,0.0,0.0,1.4496701,0.48322338,1
260,266,0.0,0.0,0.7855052,0.26183507,1
260,280,0.0,0.9559933,0.0,0.31866443,1
260,286,0.0,0.9879212,0.0,0.32930708,1
260,292,0.0,0.0,0.7454273,0.24847578,1
260,293,0.0,0.0,0.9629806,0.32099354,1
260,295,0.0,0.95846814,0.0,0.3194894,1
260,296,0.9848973,0.0,0.0,0.3282991,1
260,297,0.99899614,0.0,0.0,0.33299872,1
260,300,1.044031,0.0,0.0,0.34801036,1
260,314,0.0,0.0,0.6847698,0.22825661,1
260,323,0.0,0.0,1.0441786,0.34805954,1
260,333,0.0,0.0,0.96789235,0.3226308,1
260,334,0.984227,0.0,0.0,0.32807568,1
260,340,0.96676034,0.0,0.0,0.32225347,1
260,341,0.0,1.0027821,0.0,0.3342607,1
260,343,0.0,0.0,1.0088941,0.33629805,1
260,358,0.97842103,0.0,1.2085164,0.7289791,2
260,368,0.9989303,0.97924453,0.0,0.65939164,2
260,373,0.0,1.0116616,0.0,0.33722055,1
260,382,0.0,1.0110639,0.0,0.33702132,1
260,385,1.0451205,0.0,0.0,0.3483735,1
260,391,0.0,1.0633758,0.0,0.35445863,1
260,394,0.0,1.0692587,0.0,0.35641956,1
260,395,0.0,0.0,0.9634642,0.32115474,1
260,401,1.0609418,0.0,0.0,0.3536473,1
260,402,0.9731306,0.0,0.0,0.32437688,1
260,405,1.0825169,0.0,0.0,0.36083898,1
260,407,0.0,0.9722365,0.0,0.32407886,1
260,408,0.0,0.0,1.1079373,0.36931247,1
260,412,0.96603185,0.0,0.0,0.32201064,1
260,416,0.0,0.0,0.73263896,0.24421299,1
260,419,0.0,0.0,0.7984288,0.26614293,1
260,421,0.0,0.99519044,0.0,0.33173016,1
260,424,1.005173,0.0,0.9451122,0.6500951,2
260,427,0.0,0.9564939,0.0,0.31883132,1
260,438,0.0,1.0060259,0.0,0.335342,1
260,442,0.0,0.9968201,0.0,0.33227336,1
260,450,0.0,1.013518,0.0,0.33783934,1
260,460,1.094857,0.0,0.0,0.36495233,1
260,469,1.15851,1.0564505,0.0,0.7383202,2
260,471,0.97141427,0.0,0.7461226,0.57251227,2
260,473,0.0,0.0,1.218482,0.40616068,1
260,477,0.0,0.0,0.72067654,0.24022552,1
260,479,1.0213226,0.0,0.0,0.34044087,1
260,485,0.0,1.0034542,0.0,0.33448476,1
260,496,0.0,0.95889,0.0,0.31963003,1
261,262,0.0,1.0129353,0.0,0.3376451,1
261,266,0.0,0.0,1.1324638,0.37748796,1
261,270,0.0,1.206926,0.0,0.40230867,1
261,272,0.96584827,0.0,0.0,0.32194942,1
261,276,1.0041531,0.0,0.0,0.33471772,1
261,292,0.0,0.0,0.9046713,0.30155712,1
261,294,0.0,0.9704428,0.0,0.32348093,1
261,298,0.0,0.9782207,0.0,0.3260736,1
261,299,0.0,0.0,0.65265054,0.21755019,1
261,305,0.0,0.9729372,0.0,0.32431242,1
261,314,0.0,0.0,0.56872183,0.18957394,1
261,333,0.0,0.0,1.2620859,0.4206953,1
261,352,1.0120828,0.0,0.0,0.33736095,1
261,356,0.97244585,0.0,0.0,0.32414863,1
261,357,0.0,0.992425,0.0,0.33080834,1
261,366,0.0,1.0043074,0.0,0.33476913,1
261,369,0.0,0.971567,0.0,0.32385567,1
261,373,0.97987056,0.0,0.0,0.32662353,1
261,385,1.0527878,0.0,0.0,0.35092926,1
261,395,0.0,0.0,0.8536783,0.28455943,1
261,403,0.0,0.95352685,0.0,0.3178423,1
261,409,0.0,1.0152378,0.0,0.3384126,1
261,415,0.97792494,0.0,1.4546678,0.81086427,2
261,419,0.0,1.0066727,1.3260348,0.7775692,2
261,426,0.0,0.95962685,0.0,0.31987563,1
261,439,0.0,0.98048574,0.0,0.3268286,1
261,446,0.0,0.0,0.99775755,0.33258587,1
261,449,0.9863196,0.0,0.0,0.3287732,1
261,451,0.0,0.9511435,0.0,0.31704783,1
261,456,0.0,1.0146964,0.0,0.33823213,1
261,460,0.0,1.0163794,0.0,0.33879313,1
261,461,0.0,0.0,0.70973,0.23657668,1
261,462,1.0025303,0.0,0.0,0.33417678,1
261,464,1.0339202,0.0,1.0457668,0.693229,2
261,471,0.96592164,0.0,1.4382838,0.80140185,2
261,473,0.0,0.0,0.6626608,0.22088693,1
261,477,0.0,0.0,0.64917433,0.21639144,1
261,489,0.0,0.94065595,0.0,0.313552,1
261,490,0.96735173,0.0,0.0,0.32245058,1
261,503,0.0,0.9661532,0.0,0.32205108,1
261,507,0.0,0.99458593,0.0,0.33152866,1
262,263,0.9617898,0.0,1.0613341,0.6743747,2
262,264,0.0,0.95419645,0.0,0.3180655,1
262,271,0.0,0.99202967,0.0,0.33067656,1
262,290,0.0,1.0263829,0.0,0.34212765,1
262,299,0.9647631,0.0,0.0,0.3215877,1
262,301,0.0,0.0,1.2269694,0.4089898,1
262,307,0.0,1.199187,0.0,0.399729,1
262,310,0.0,0.0,1.1557482,0.38524944,1
262,315,0.0,0.9492734,0.0,0.3164245,1
262,324,0.98416823,1.021284,0.0,0.6684841,2
262,326,0.0,0.9707332,0.0,0.32357776,1
262,334,0.0,0.0,0.7656594,0.25521982,1
262,342,1.0059409,0.0,0.0,0.33531365,1
262,347,0.0,0.0,0.9734024,0.32446748,1
262,356,0.0,0.9840414,0.0,0.3280138,1
262,360,0.0,1.0343955,1.1902262,0.74154055,2
262,368,1.015763,0.0,0.0,0.3385877,1
262,372,1.0195293,0.0,0.0,0.33984312,1
262,374,0.0,1.0152259,0.0,0.33840865,1
262,379,0.0,0.0,0.76750654,0.25583553,1
262,380,0.0,0.98239464,0.0,0.32746488,1
262,381,0.0,0.958897,0.0,0.31963235,1
262,390,0.9684771,0.0,0.9273929,0.6319567,2
262,392,0.0,0.0,0.8209478,0.27364928,1
262,401,0.0,0.0,0.5830082,0.19433609,1
262,411,0.0,0.0,0.8044121,0.2681374,1
262,417,0.0,0.9355438,0.0,0.31184793,1
262,418,0.0,1.0748127,0.96896464,0.6812591,2
262,420,0.9851832,0.0,0.0,0.3283944,1
262,423,0.0,0.0,0.7542927,0.25143093,1
262,426,1.0237662,0.0,0.781759,0.60184175,2
262,428,0.0,0.0,0.5649245,0.18830816,1
262,432,0.0,0.94468236,0.0,0.31489414,1
262,439,1.0125093,0.0,0.0,0.33750314,1
262,443,1.034277,0.0,0.0,0.344759,1
262,448,0.0,0.9615155,0.0,0.32050517,1
262,451,1.0096105,0.9941469,0.0,0.66791916,2
262,456,0.0,1.0329981,1.3126546,0.78188425,2
262,463,0.0,0.0,1.0550079,0.3516693,1
262,466,0.9707159,0.0,0.0,0.32357198,1
262,468,1.0121735,1.0489801,0.0,0.68705124,2
262,477,0.0,0.9876351,0.0,0.3292117,1
262,484,0.0,0.97314006,0.0,0.32438004,1
262,492,0.0,1.007839,0.0,0.33594632,1
262,495,0.0,0.0,0.7524788,0.25082627,1
262,496,0.98548645,0.0,0.0,0.3284955,1
262,500,0.9828213,0.0,0.0,0.3276071,1
262,502,0.0,0.9533899,0.0,0.31779665,1
263,269,0.0,0.0,0.84837276,0.28279093,1
263,276,0.974855,0.0,0.0,0.32495168,1
263,280,0.0,0.94691277,0.0,0.3156376,1
263,282,1.0254275,0.0,0.0,0.34180915,1
263,304,1.0150932,0.0,0.0,0.33836442,1
263,314,0.0,1.0279531,0.0,0.34265107,1
263,322,0.0,0.94685686,0.0,0.31561896,1
263,334,0.0,0.0,1.7947018,0.59823394,1
263,349,0.0,0.0,0.5662051,0.18873504,1
263,357,0.97354823,0.0,0.0,0.3245161,1
263,358,1.0075428,0.0,0.0,0.33584762,1
263,360,0.0,0.0,0.69711316,0.23237106,1
263,368,0.0,0.9636168,0.0,0.32120562,1
263,386,0.9851431,0.0,0.0,0.32838106,1
263,387,0.98896414,0.0,0.0,0.32965472,1
263,390,0.0,0.9925591,0.0,0.33085304,1
263,392,0.0,0.0,0.9784496,0.32614988,1
263,394,0.0,0.97698957,0.59338063,0.52345675,2
263,396,0.0,0.0,0.78693,0.26231003,1
263,399,0.0,0.9943365,0.0,0.33144552,1
263,412,0.0,1.1342268,0.0,0.3780756,1
263,413,1.0048708,0.0,0.0,0.33495694,1
263,414,0.9748355,0.0,0.0,0.32494518,1
263,422,0.0,0.9542448,0.0,0.31808162,1
263,425,0.0,0.9658504,0.0,0.32195014,1
263,426,1.0275912,0.0,0.0,0.34253043,1
263,430,1.1544027,0.0,0.0,0.3848009,1
263,443,0.0,1.01636,0.0,0.3387867,1
263,447,0.0,1.0020593,0.0,0.33401978,1
263,456,0.0,0.0,0.70032364,0.23344122,1
263,462,1.0097438,0.0,0.0,0.3365813,1
263,468,0.0,0.96865153,0.0,0.32288384,1
263,485,0.0,1.1377976,0.0,0.37926587,1
263,490,0.0,1.0606863,0.0,0.35356212,1
263,493,0.0,1.0042579,0.0,0.33475265,1
263,496,0.9598536,0.0,0.0,0.3199512,1
263,509,0.0,1.0131654,0.0,0.3377218,1
264,265,0.0,0.0,1.8959302,0.6319767,1
264,269,0.0,0.97985494,0.0,0.3266183,1
264,280,1.0057064,0.0,0.0,0.33523548,1
264,292,0.0,0.0,0.8291183,0.2763728,1
264,295,0.0,0.0,0.70568067,0.2352269,1
264,296,0.9565355,0.0,0.0,0.31884518,1
264,298,0.0,0.0,1.1307398,0.37691328,1
264,299,0.0,0.9751406,0.0,0.32504687,1
264,303,1.0039585,0.0,0.0,0.33465284,1
264,311,0.0,0.0,0.79038435,0.26346147,1
264,312,0.0,0.9661967,0.0,0.3220656,1
264,316,0.0,1.0212628,0.0,0.34042093,1
264,320,0.0,0.96008545,0.0,0.32002848,1
264,322,0.0,0.94827855,0.0,0.31609285,1
264,331,0.0,0.0,1.0553154,0.3517718,1
264,341,0.0,0.9828289,0.0,0.32760966,1
264,344,1.074717,0.0,0.0,0.35823902,1
264,349,1.0423043,0.0,1.549097,0.8638004,2
264,353,0.9745191,0.0,0.0,0.3248397,1
264,354,0.0,0.0,1.5286944,0.5095648,1
264,357,0.9849382,0.0,0.0,0.32831275,1
264,362,1.0710173,0.0,1.4801942,0.85040385,2
264,363,0.0,1.0319862,0.0,0.34399542,1
264,366,0.0,0.0,0.73660016,0.24553339,1
264,368,0.0,0.0,0.8659045,0.28863484,1
264,369,1.0144125,0.0,1.0352329,0.68321514,2
264,371,0.9825757,0.0,0.0,0.32752526,1
264,393,0.0,0.0,1.0336618,0.34455395,1
264,394,0.0,0.99504924,0.0,0.3316831,1
264,397,0.0,0.0,0.6259238,0.20864128,1
264,399,0.9844335,0.0,0.0,0.3281445,1
264,406,1.0534854,0.0,0.0,0.3511618,1
264,421,0.0,0.0,0.8235046,0.27450156,1
264,431,0.0,0.0,1.2467402,0.4155801,1
264,434,0.0,0.93507963,0.0,0.31169322,1
264,437,0.0,0.0,1.8625638,0.6208546,1
264,440,0.0,0.96223444,0.0,0.3207448,1
264,441,0.99272305,0.0,0.0,0.3309077,1
264,446,0.9619716,0.0,0.0,0.3206572,1
264,451,0.0,1.1267699,0.8940633,0.67361104,2
264,452,0.0,0.0,1.2308171,0.41027236,1
264,454,0.9825903,0.0,0.0,0.32753012,1
264,479,0.0,0.0,0.9416991,0.3138997,1
264,481,0.0,0.0,1.4349138,0.4783046,1
264,484,1.0343301,0.0,0.0,0.34477672,1
264,486,0.0,0.9582612,0.0,0.3194204,1
264,491,0.0,0.947446,0.0,0.31581533,1
264,493,0.0,0.93377304,0.0,0.3112577,1
264,497,1.0611618,0.0,0.0,0.3537206,1
264,498,1.0673995,0.0,0.0,0.35579985,1
264,500,0.0,0.93052346,0.0,0.3101745,1
264,507,0.0,1.0768739,0.0,0.35895798,1
264,510,0.97318465,0.0,0.0,0.32439488,1
265,282,0.9737707,0.0,0.0,0.32459024,1
265,286,0.97682905,0.0,0.0,0.32560968,1
265,292,0.0,0.0,0.9814255,0.32714185,1
265,295,0.0,0.0,0.69145715,0.23048572,1
265,304,0.9843248,0.0,0.0,0.32810828,1
265,307,0.0,1.0290824,0.0,0.34302747,1
265,311,0.0,0.0,0.6611271,0.2203757,1
265,312,0.0,1.00023,0.0,0.33341,1
265,316,1.0263722,0.0,0.0,0.34212407,1
265,331,0.0,0.0,1.1134912,0.37116373,1
265,334,0.9930087,0.0,0.0,0.3310029,1
265,337,0.0,1.015271,0.0,0.33842367,1
265,347,0.0,0.9949242,0.0,0.3316414,1
265,349,0.0,0.0,1.2875115,0.4291705,1
265,351,0.97275347,0.0,0.0,0.32425117,1
265,354,0.0,0.0,1.2096148,0.40320492,1
265,360,0.9867429,0.0,0.0,0.3289143,1
265,361,0.98625726,0.0,0.0,0.32875243,1
265,362,0.0,0.0,1.2087034,0.40290114,1
265,365,0.0,0.93337214,0.0,0.31112406,1
265,368,0.0,0.0,1.5764735,0.5254912,1
265,369,0.0,0.0,1.2469716,0.41565722,1
265,375,0.0,0.0,0.77727723,0.25909242,1
265,387,0.971357,0.0,0.0,0.32378566,1
265,389,0.0,0.9976081,0.0,0.33253604,1
265,404,0.0,0.9639449,0.0,0.321315,1
265,407,1.00463,0.0,0.0,0.33487666,1
265,408,0.0,1.0363923,0.0,0.3454641,1
265,413,0.0,0.94358486,0.0,0.3145283,1
265,431,0.0,0.0,1.4218619,0.47395396,1
265,432,0.0,0.0,0.9144166,0.30480555,1
265,437,0.0,0.0,1.5475003,0.51583344,1
265,441,0.0,1.0474032,0.0,0.34913442,1
265,449,0.0,1.0899223,0.69020754,0.59337664,2
265,452,0.0,0.0,1.0823525,0.36078417,1
265,460,0.0,1.0950975,0.0,0.36503252,1
265,470,0.9816603,0.0,0.0,0.3272201,1
265,471,1.0748593,0.0,0.0,0.35828644,1
265,473,1.003194,0.0,0.0,0.334398,1
265,481,0.0,0.0,0.9836299,0.32787663,1
265,487,0.96997654,0.0,0.0,0.3233255,1
265,496,0.0,0.0,1.0038073,0.33460245,1
265,500,0.0,1.0062912,0.0,0.33543038,1
265,504,0.96807593,0.0,0.0,0.32269198,1
266,273,0.99440634,0.0,0.51965845,0.50468826,2
266,283,0.9545051,0.0,0.0,0.31816837,1
266,291,0.0,0.0,0.7872639,0.2624213,1
266,293,0.0,0.9571707,0.0,0.31905693,1
266,296,0.0,0.0,1.0211691,0.3403897,1
266,302,0.970614,0.0,0.0,0.323538,1
266,306,0.96761614,0.0,0.0,0.32253873,1
266,312,0.0,0.9483434,0.0,0.3161145,1
266,317,0.97706634,0.0,0.0,0.32568878,1
266,325,0.0,0.0,0.84068424,0.28022808,1
266,333,0.0,0.0,1.1530343,0.3843448,1
266,336,0.0,0.97468966,0.0,0.32489657,1
266,357,0.0,0.0,0.652312,0.21743733,1
266,358,0.0,0.0,1.0180894,0.33936316,1
266,359,1.0341312,0.0,0.0,0.3447104,1
266,367,0.9896959,0.0,0.0,0.32989866,1
266,372,0.0,0.0,0.7407337,0.24691123,1
266,373,0.0,1.0991552,0.0,0.36638507,1
266,374,0.0,0.0,1.8906238,0.63020796,1
266,381,0.0,1.104975,0.0,0.368325,1
266,387,0.0,1.0046651,0.0,0.3348884,1
266,388,0.0,0.93968725,0.0,0.31322908,1
266,389,0.0,1.0757464,0.0,0.35858214,1
266,392,0.0,1.0747706,0.0,0.35825688,1
266,400,0.9801403,0.0,0.0,0.32671344,1
266,408,0.0,0.0,0.82411015,0.27470338,1
266,415,0.0,0.0,1.078602,0.359534,1
266,416,0.0,0.0,0.9316052,0.31053507,1
266,423,0.0,0.9484003,0.0,0.31613344,1
266,425,0.0,0.9573642,0.0,0.31912142,1
266,431,1.0648875,0.0,0.0,0.35496253,1
266,433,0.0,1.0066406,0.0,0.33554685,1
266,439,0.0,0.0,1.4534293,0.48447645,1
266,445,0.0,0.0,0.9328432,0.31094775,1
266,446,0.0,0.0,1.1194967,0.37316558,1
266,461,1.0140597,0.0,1.3070374,0.77369905,2
266,464,0.9815462,0.0,0.70674,0.5627621,2
266,470,0.0,0.0,1.4735025,0.49116752,1
266,471,0.0,0.0,1.9050715,0.63502383,1
266,477,0.0,0.0,1.6643771,0.5547924,1
266,479,0.0,1.0350908,0.0,0.34503028,1
266,480,0.0,1.2128606,0.0,0.40428686,1
266,481,0.0,0.98843306,0.0,0.3294777,1
266,487,0.0,0.99626887,0.0,0.33208963,1
266,497,0.0,0.0,0.6554695,0.21848983,1
266,498,0.0,0.0,1.2395464,0.41318214,1
266,500,0.9870679,0.0,0.0,0.32902265,1
266,508,0.0,0.0,1.4491341,0.4830447,1
266,509,1.0170323,0.0,0.0,0.33901078,1
267,268,0.0,1.019536,0.0,0.33984536,1
267,279,0.0,0.93613374,0.0,0.3120446,1
267,293,1.0365392,0.0,0.0,0.34551308,1
267,303,0.0,0.0,0.8995409,0.29984698,1
267,304,0.0,1.0832161,0.0,0.36107203,1
267,306,1.0423967,0.0,0.0,0.34746557,1
267,313,0.0,1.0718281,0.0,0.35727605,1
267,314,0.9826679,0.0,0.0,0.32755598,1
267,315,0.9900951,0.9991834,0.0,0.66309285,2
267,316,0.0,0.0,0.70153195,0.23384398,1
267,317,0.0,0.0,1.1378132,0.3792711,1
267,330,1.0723803,0.0,0.0,0.3574601,1
267,335,0.0,0.0,0.8782437,0.2927479,1
267,336,0.9642383,0.0,1.7107891,0.89167583,2
267,342,0.9696175,0.0,0.0,0.32320583,1
267,344,0.0,1.2142724,0.0,0.40475747,1
267,352,0.0,1.0415928,0.67719525,0.5729294,2
267,354,0.0,0.99854034,0.0,0.3328468,1
267,356,0.0,0.9613389,0.0,0.3204463,1
267,358,0.0,1.0998526,0.0,0.36661753,1
267,360,1.0441514,0.0,0.0,0.34805048,1
267,375,0.0,0.9822859,0.0,0.32742864,1
267,388,0.96893436,0.0,0.0,0.32297814,1
267,392,1.0050057,0.0,0.0,0.33500192,1
267,404,0.0,0.0,1.1095088,0.36983627,1
267,406,0.0,0.0,0.917234,0.30574468,1
267,409,0.9903999,0.981999,0.0,0.6574663,2
267,421,0.0,0.9600003,0.0,0.3200001,1
267,438,0.0,0.0,1.3972366,0.46574554,1
267,444,0.0,0.0,0.8794481,0.29314938,1
267,449,0.0,0.9742214,0.0,0.32474047,1
267,453,0.99634606,0.0,0.0,0.33211535,1
267,459,0.0,1.1202265,0.0,0.37340885,1
267,471,1.0189989,0.0,0.0,0.3396663,1
267,483,0.0,1.1595939,0.0,0.38653132,1
267,485,0.99091834,0.0,0.0,0.3303061,1
267,487,0.9676602,0.0,0.0,0.3225534,1
267,489,0.0,0.97244596,0.0,0.32414865,1
267,490,0.0,0.0,1.5080172,0.50267243,1
267,491,0.0,0.0,0.6072857,0.20242856,1
267,492,1.0644413,0.9508932,0.0,0.6717782,2
267,496,0.9804329,0.0,0.0,0.326811,1
267,501,0.972705,0.0,0.0,0.32423502,1
267,502,0.0,0.0,1.801793,0.6005977,1
267,506,0.96171457,0.0,0.0,0.32057154,1
268,271,0.0,1.0944033,0.0,0.3648011,1
268,272,0.0,0.0,1.0434325,0.34781083,1
268,279,0.0,0.94156,0.0,0.31385332,1
268,285,0.0,0.9382775,0.0,0.31275916,1
268,288,0.0,0.0,0.78030485,0.26010162,1
268,303,0.0,0.0,1.7165627,0.5721876,1
268,316,0.98905957,0.0,0.0,0.32968652,1
268,329,0.0,0.0,0.6711212,0.22370706,1
268,335,0.0,0.0,1.6167495,0.5389165,1
268,336,1.0484416,0.9428232,0.0,0.66375494,2
268,345,0.0,0.9511937,0.0,0.31706458,1
268,349,0.0,0.9478212,0.0,0.3159404,1
268,354,0.0,1.0844643,0.0,0.3614881,1
268,355,0.0,0.9705025,0.0,0.32350084,1
268,357,0.0,0.9470957,0.0,0.31569856,1
268,359,0.0,0.0,1.0402594,0.34675312,1
268,361,0.0,0.0,1.3233715,0.44112384,1
268,367,0.0,1.0339229,0.0,0.34464097,1
268,381,0.0,0.9898209,0.0,0.32994032,1
268,382,1.0757152,0.0,0.0,0.35857174,1
268,406,0.0,0.0,0.75506693,0.251689,1
268,407,0.9821835,0.0,0.0,0.32739452,1
268,410,1.0831444,0.0,0.0,0.36104816,1
268,433,0.0,1.1248293,0.0,0.3749431,1
268,440,0.9867756,0.0,0.0,0.3289252,1
268,442,0.0,1.1883359,1.570715,0.91968364,2
268,455,0.0,0.0,0.7589089,0.25296965,1
268,465,0.9677482,0.0,0.0,0.32258275,1
268,466,0.0,1.1457765,0.0,0.38192552,1
268,469,0.0,0.0,0.704161,0.23472033,1
268,470,0.97908497,0.0,0.0,0.32636166,1
268,474,0.0,0.0,1.0645554,0.3548518,1
268,476,0.0,0.0,1.1484967,0.38283226,1
268,479,0.0,0.0,0.7754743,0.25849146,1
268,482,0.9688847,1.0042214,0.0,0.6577021,2
268,494,0.0,0.94689,0.0,0.31563002,1
268,495,0.986683,0.0,0.0,0.32889435,1
268,505,0.9836569,0.0,0.0,0.32788563,1
268,511,0.0,0.9885463,0.0,0.32951546,1
269,287,1.016561,0.0,0.0,0.3388537,1
269,290,0.0,0.0,1.3580267,0.45267558,1
269,301,0.96160215,0.0,0.0,0.32053405,1
269,303,0.97145146,0.0,0.0,0.32381716,1
269,307,1.0578505,0.0,2.036861,1.0315704,2
269,310,0.0,0.94326556,0.0,0.31442186,1
269,318,0.9740245,0.0,0.0,0.32467484,1
269,334,0.0,0.0,1.0235406,0.3411802,1
269,343,0.97364783,1.08726,0.0,0.6869693,2
269,346,0.0,0.0,0.8861291,0.29537636,1
269,347,0.0,0.0,0.7324002,0.2441334,1
269,350,0.0,0.0,1.0693709,0.35645697,1
269,351,0.0,0.0,0.8650606,0.28835356,1
269,354,0.0,0.0,0.7569483,0.25231612,1
269,364,1.0079428,0.0,0.0,0.33598095,1
269,365,0.9589071,0.0,0.0,0.31963572,1
269,379,0.0,0.94986206,1.4636272,0.80449647,2
269,380,0.0,0.0,0.8066461,0.26888204,1
269,383,0.0,0.97147757,0.0,0.32382587,1
269,384,1.0298952,0.97564197,0.0,0.6685124,2
269,386,0.0,0.0,0.6802811,0.22676037,1
269,389,0.9690466,0.0,0.0,0.32301554,1
269,392,0.0,0.0,1.4072667,0.4690889,1
269,393,0.0,0.0,1.7688504,0.58961684,1
269,394,0.0,0.0,1.4400443,0.48001477,1
269,396,0.0,1.021363,0.0,0.34045434,1
269,397,0.0,0.9994532,0.0,0.33315107,1
269,414,0.0,0.0,1.2560964,0.4186988,1
269,417,0.9727554,0.0,0.0,0.3242518,1
269,418,0.0,0.0,0.8066473,0.26888245,1
269,421,0.0,0.0,0.88847375,0.29615793,1
269,433,0.0,0.0,0.7468434,0.2489478,1
269,460,0.95422465,0.0,0.0,0.31807488,1
269,479,0.0,0.0,0.7238067,0.2412689,1
269,481,0.0,0.0,0.9786059,0.32620198,1
269,482,1.081138,0.0,0.0,0.36037934,1
269,483,0.0,0.9439997,0.0,0.31466657,1
269,485,0.0,0.98432255,0.89798415,0.62743556,2
269,487,0.0,0.0,0.8488077,0.28293592,1
269,496,1.0115856,0.0,0.0,0.33719522,1
269,501,0.97348994,0.0,0.0,0.32449666,1
269,504,0.0,1.0622791,0.0,0.35409304,1
269,508,0.9640731,0.0,0.0,0.32135773,1
270,277,0.0,0.0,0.7640978,0.2546993,1
270,278,0.97222537,0.0,1.742265,0.9048301,2
270,282,0.9876604,0.0,1.0031232,0.66359454,2
270,286,1.0908798,0.0,0.0,0.3636266,1
270,288,0.96352696,0.0,0.0,0.32117566,1
270,289,0.0,0.0,1.1987127,0.3995709,1
270,290,0.0,0.0,0.91513824,0.30504608,1
270,298,0.0,1.1396735,1.5505365,0.8967367,2
270,305,0.0,1.038375,0.0,0.346125,1
270,309,0.0,0.0,0.51575,0.17191666,1
270,318,0.0,0.94051427,0.0,0.31350476,1
270,322,0.9656911,0.0,0.0,0.32189703,1
270,336,0.0,1.0223525,0.0,0.34078416,1
270,337,1.020768,0.0,0.0,0.34025604,1
270,343,0.0,0.9792209,0.0,0.326407,1
270,346,0.0,0.0,0.8461059,0.2820353,1
270,347,0.0,0.94276774,0.0,0.31425592,1
270,348,0.0,0.0,0.98745626,0.3291521,1
270,351,0.96126324,0.0,0.0,0.3204211,1
270,352,0.9591881,0.0,0.0,0.3197294,1
270,364,1.0066024,0.0,0.0,0.33553416,1
270,365,0.0,0.0,0.7432541,0.24775138,1
270,372,0.9617127,0.94848514,0.0,0.63673264,2
270,373,0.0,1.136025,0.0,0.37867498,1
270,385,0.0,0.0,0.72120595,0.24040198,1
270,386,0.0,0.98386264,1.9179649,0.9672759,2
270,407,0.0,0.0,0.70567906,0.23522636,1
270,413,0.0,0.0,0.8482219,0.28274065,1
270,417,0.0,0.0,0.92563915,0.3085464,1
270,419,0.0,1.093209,0.0,0.364403,1
270,433,0.0,1.1208586,1.1013709,0.74074316,2
270,437,0.0,0.0,0.77799624,0.2593321,1
270,441,0.0,0.97203344,0.0,0.32401115,1
270,443,0.9824931,0.0,0.0,0.32749772,1
270,451,0.0,0.0,1.3376706,0.4458902,1
270,454,0.0,0.94877464,0.0,0.31625822,1
270,459,0.0,0.0,0.77773446,0.25924483,1
270,465,0.0,0.0,0.90256035,0.30085346,1
270,475,0.98882973,0.0,0.0,0.32960993,1
270,479,0.95681345,0.0,1.3412372,0.7660169,2
270,486,0.970139,0.0,1.3026091,0.7575827,2
270,489,0.0,0.96065575,0.0,0.3202186,1
270,492,0.0,0.0,0.73419046,0.24473016,1
270,499,1.0212921,0.0,0.0,0.3404307,1
270,505,0.0,0.0,0.6915097,0.23050325,1
271,272,0.0,0.94653034,1.2504673,0.7323326,2
271,279,0.9832529,1.0480634,0.0,0.6771054,2
271,284,0.0,0.95998406,0.0,0.3199947,1
271,290,0.0,1.0059631,0.0,0.33532104,1
271,305,0.0,0.0,0.7132815,0.23776051,1
271,306,1.0871835,0.0,0.0,0.3623945,1
271,319,0.96824783,0.0,0.0,0.3227493,1
271,321,0.9941912,0.0,0.0,0.3313971,1
271,322,0.0,0.0,1.3014646,0.43382153,1
271,324,0.0,0.0,0.7425487,0.24751624,1
271,326,0.0,1.2936277,0.0,0.43120927,1
271,329,0.96734935,0.0,0.8462571,0.6045355,2
271,330,0.0,1.1830078,0.0,0.39433596,1
271,348,0.9576787,0.0,0.0,0.31922624,1
271,351,0.0,0.94304043,0.0,0.31434682,1
271,357,0.99964374,0.0,0.0,0.33321458,1
271,359,0.0,0.0,0.6283072,0.20943575,1
271,361,0.0,0.0,1.0320295,0.34400985,1
271,365,0.0,0.97296304,0.0,0.32432103,1
271,370,0.0,0.9443794,0.0,0.31479314,1
271,395,0.0,0.9553572,0.0,0.31845242,1
271,396,0.0,1.0253458,0.0,0.34178194,1
271,397,0.9723487,0.0,0.0,0.32411623,1
271,398,0.9734652,0.0,0.0,0.3244884,1
271,399,1.014459,0.0,0.0,0.338153,1
271,411,1.1120254,0.0,0.0,0.37067515,1
271,415,1.0188196,0.0,0.0,0.33960652,1
271,419,1.0153587,0.0,0.0,0.3384529,1
271,433,0.0,1.1519753,0.0,0.38399178,1
271,440,0.98856527,0.0,0.0,0.32952178,1
271,441,0.0,0.0,0.64964575,0.21654859,1
271,457,0.0,0.97974354,0.0,0.32658118,1
271,469,0.0,0.0,1.1177653,0.37258846,1
271,484,0.0,1.1048695,0.0,0.36828983,1
271,488,0.9752751,0.0,0.0,0.32509172,1
271,501,0.0,0.0,0.91055745,0.30351916,1
271,506,0.97510016,0.0,0.0,0.3250334,1
271,510,0.0,0.96240634,0.0,0.32080212,1
271,511,0.97111905,0.0,0.0,0.32370636,1
272,285,1.001319,0.0,0.0,0.33377302,1
272,290,1.0307558,0.0,0.0,0.34358525,1
272,302,0.0,0.93703824,0.0,0.3123461,1
272,303,0.0,0.0,0.7730373,0.2576791,1
272,306,0.98568255,1.0324259,0.0,0.6727028,2
272,315,1.08691,0.0,0.0,0.36230335,1
272,322,0.0,0.0,1.2509745,0.41699153,1
272,329,0.0,0.0,0.6551059,0.21836863,1
272,330,0.0,1.061582,0.0,0.35386068,1
272,359,0.0,0.0,0.84560895,0.28186965,1
272,361,0.0,0.0,1.5080458,0.502682,1
272,364,1.0009929,1.0296853,0.0,0.67689276,2
272,371,0.9824928,0.0,0.0,0.3274976,1
272,378,0.0,0.960677,0.0,0.3202257,1
272,387,0.0,0.0,0.6634587,0.2211529,1
272,388,0.0,0.95535207,0.0,0.3184507,1
272,406,0.0,0.0,0.66843677,0.22281227,1
272,408,0.0,1.0635303,0.0,0.35451013,1
272,412,0.9788612,0.0,0.7655643,0.5814752,2
272,420,0.9803065,0.0,0.0,0.32676885,1
272,428,0.0,1.0622431,0.0,0.35408103,1
272,436,0.0,0.0,1.0453135,0.34843785,1
272,441,0.0,0.0,0.7033246,0.23444155,1
272,447,0.0,0.9410031,0.0,0.3136677,1
272,455,0.0,1.067397,1.03883,0.7020757,2
272,462,0.0,0.97583205,0.0,0.32527736,1
272,465,0.9688833,0.0,0.0,0.3229611,1
272,467,1.0085948,0.0,0.0,0.33619827,1
272,468,0.99407136,0.0,0.0,0.33135712,1
272,478,0.98370874,0.0,0.0,0.3279029,1
272,482,0.0,0.9521898,0.0,0.3173966,1
272,490,0.0,1.032679,0.0,0.34422633,1
272,501,0.0,0.0,0.72217757,0.24072586,1
272,507,0.0,0.94730306,0.0,0.3157677,1
272,509,0.0,0.9574419,0.0,0.31914732,1
273,275,0.0,0.0,0.6181098,0.20603661,1
273,278,0.0,0.94549024,0.0,0.31516343,1
273,281,0.97649175,0.0,0.0,0.32549727,1
273,291,0.0,0.0,1.0661854,0.35539514,1
273,313,0.0,0.0,0.6563091,0.21876971,1
273,319,0.0,0.0,0.61250556,0.20416853,1
273,320,0.0,0.94871,0.0,0.31623667,1
273,328,0.962458,0.0,0.0,0.32081935,1
273,329,1.0798371,0.0,0.52244735,0.5340948,2
273,333,0.0,1.0410948,0.0,0.3470316,1
273,344,0.0,0.0,0.54280335,0.18093446,1
273,345,0.98091173,0.0,0.0,0.32697058,1
273,350,0.97726023,0.0,0.0,0.32575342,1
273,355,0.0,0.0,0.99680465,0.33226824,1
273,357,0.0,0.0,0.6993707,0.23312357,1
273,359,1.0408342,0.0,0.0,0.34694475,1
273,371,0.0,1.0793942,0.0,0.35979807,1
273,374,0.0,0.0,0.52369153,0.17456385,1
273,383,0.0,0.0,0.5594235,0.1864745,1
273,393,0.0,1.0331166,0.0,0.3443722,1
273,394,0.9780468,0.0,0.0,0.3260156,1
273,410,0.0,0.95668024,0.0,0.31889343,1
273,420,0.98817104,1.0274515,0.0,0.67187417,2
273,436,0.96614224,0.0,0.0,0.3220474,1
273,439,0.0,0.0,0.7298274,0.2432758,1
273,447,0.0,1.0083573,0.0,0.33611912,1
273,456,0.0,0.9572101,0.0,0.31907004,1
273,462,0.0,0.9518517,0.0,0.31728393,1
273,463,0.96441406,0.0,0.0,0.32147136,1
273,466,1.0257393,0.0,0.0,0.3419131,1
273,470,0.0,0.0,0.9331651,0.31105503,1
273,476,0.9680078,0.0,0.0,0.32266927,1
273,477,0.0,0.0,0.42751566,0.14250523,1
273,482,0.9679774,0.0,0.0,0.32265913,1
273,483,0.0,0.98004967,0.0,0.32668322,1
273,494,0.97895783,0.0,0.0,0.32631928,1
273,508,0.0,0.0,0.42272604,0.14090869,1
274,276,0.0,0.0,0.7693439,0.25644797,1
274,278,0.0,0.0,1.172825,0.39094168,1
274,281,0.0,0.9654633,0.0,0.3218211,1
274,284,0.95875883,0.0,1.0828398,0.68053293,2
274,287,0.0,1.0130345,0.0,0.33767816,1
274,289,0.95969003,0.0,0.0,0.3198967,1
274,297,1.012321,0.0,0.0,0.33744034,1
274,300,0.0,0.0,1.8052503,0.60175014,1
274,304,0.9618279,0.0,0.0,0.3206093,1
274,305,0.97823554,0.0,0.0,0.32607853,1
274,307,0.0,1.0014671,0.0,0.33382237,1
274,311,0.0,0.0,1.8806666,0.6268889,1
274,319,0.0,0.99458665,0.0,0.3315289,1
274,322,0.9789406,0.0,0.0,0.32631356,1
274,334,1.0062037,0.0,0.0,0.33540124,1
274,340,0.0,1.0178862,0.0,0.3392954,1
274,342,0.0,0.9564711,0.0,0.3188237,1
274,347,0.0,0.0,0.8826426,0.29421422,1
274,352,1.1044025,0.0,0.0,0.3681342,1
274,362,0.0,1.0535302,0.0,0.35117674,1
274,366,0.0,0.0,1.2295183,0.40983945,1
274,367,0.9966872,0.0,0.0,0.33222908,1
274,377,0.9751044,1.1001613,0.0,0.69175524,2
274,378,0.0,0.0,0.94211096,0.314037,1
274,385,0.0,0.0,0.69006073,0.23002025,1
274,386,0.9897346,0.0,0.0,0.32991153,1
274,407,0.0,0.0,0.8726496,0.2908832,1
274,408,1.0149593,0.0,0.0,0.33831978,1
274,411,0.0,0.0,1.0070552,0.33568507,1
274,413,0.0,1.0306038,1.6527461,0.89444995,2
274,417,0.0,0.9694196,1.5313075,0.8335757,2
274,423,0.9899514,0.0,0.0,0.3299838,1
274,426,0.0,0.0,1.9952868,0.6650956,1
274,427,0.0,0.97129774,1.4776291,0.816309,2
274,432,1.0442802,0.0,0.0,0.3480934,1
274,434,0.0,0.0,0.7415206,0.24717353,1
274,447,0.0,0.0,0.7846229,0.26154098,1
274,449,0.0,0.0,1.2301017,0.4100339,1
274,450,0.0,0.9338269,0.0,0.31127566,1
274,451,0.0,0.0,1.2277386,0.4092462,1
274,452,0.9737578,0.0,0.0,0.32458594,1
274,457,0.0,0.0,2.0858004,0.69526684,1
274,461,0.0,0.9900346,0.0,0.33001155,1
274,462,0.96093327,0.0,0.0,0.3203111,1
274,467,0.0,0.9364974,0.0,0.3121658,1
274,471,0.97269404,0.0,0.0,0.32423136,1
274,479,0.0,1.0364038,0.0,0.34546793,1
274,485,0.0,0.93563706,0.0,0.31187904,1
274,487,0.97955775,0.0,0.0,0.32651925,1
274,489,0.0,0.0,0.6955986,0.23186621,1
274,492,0.0,0.0,0.83546156,0.2784872,1
274,500,0.0,0.0,0.6818807,0.22729358,1
274,511,0.0,0.0,1.2461535,0.4153845,1
275,296,0.0,0.0,0.8537621,0.28458738,1
275,297,0.0,1.0414293,0.0,0.3471431,1
275,298,0.965353,0.0,0.0,0.32178435,1
275,304,1.0849657,0.0,0.0,0.36165524,1
275,309,0.0,1.0677272,0.0,0.35590908,1
275,313,0.0,0.0,0.83393407,0.27797803,1
275,315,0.0,0.9385924,0.0,0.31286412,1
275,319,0.0,0.0,2.0431345,0.6810448,1
275,325,1.1152264,0.0,0.0,0.37174213,1
275,335,0.0,0.96527004,0.0,0.3217567,1
275,339,0.0,0.9574183,0.0,0.31913945,1
275,342,1.0250487,0.0,0.0,0.3416829,1
275,345,0.0,1.0068663,0.0,0.33562213,1
275,347,0.0,0.9404615,0.0,0.31348717,1
275,351,0.0,1.068602,0.0,0.35620067,1
275,353,0.0,0.0,1.0202414,0.34008047,1
275,355,0.0,0.9796691,0.0,0.32655638,1
275,357,0.0,0.0,0.87204283,0.29068094,1
275,363,0.97926,0.0,0.0,0.32642,1
275,368,0.0,0.9467854,0.0,0.31559515,1
275,372,1.0417404,0.0,0.98873055,0.6768237,2
275,379,0.0,0.0,1.0240242,0.34134144,1
275,383,0.0,0.0,0.75912887,0.25304297,1
275,384,0.0,0.9918252,0.0,0.33060843,1
275,391,0.0,0.9961132,0.0,0.33203775,1
275,397,0.9610814,0.0,0.0,0.32036048,1
275,399,0.9759391,0.0,0.0,0.32531303,1
275,400,0.0,0.94578356,0.0,0.3152612,1
275,401,0.0,0.97614914,0.0,0.32538307,1
275,402,0.97818136,0.0,0.0,0.32606047,1
275,418,0.0,0.0,1.9028958,0.6342986,1
275,422,0.0,1.0506291,0.0,0.3502097,1
275,423,0.0,0.0,1.8495421,0.6165141,1
275,427,0.0,0.94952,0.0,0.31650668,1
275,428,0.0,1.1132144,1.0499212,0.7210452,2
275,430,0.0,0.0,1.0993118,0.3664373,1
275,459,0.0,0.9471947,0.0,0.31573159,1
275,470,0.97898877,0.0,1.0926833,0.69055736,2
275,479,0.9759272,0.0,0.0,0.32530907,1
275,480,0.9796917,0.0,0.0,0.3265639,1
275,495,1.0287926,0.0,0.8621886,0.6303271,2
275,499,0.0,0.0,1.0145258,0.33817527,1
275,504,0.0,0.9557607,0.0,0.31858692,1
275,505,1.0350196,0.0,0.0,0.34500656,1
276,284,0.0,0.0,0.81248885,0.27082962,1
276,297,0.0,0.0,1.4052511,0.46841705,1
276,300,0.0,0.0,1.1703098,0.39010328,1
276,308,1.0102214,0.0,0.0,0.33674046,1
276,310,0.0,0.0,0.73653823,0.24551275,1
276,311,0.0,0.0,0.7407444,0.2469148,1
276,322,0.0,0.9528869,0.0,0.31762898,1
276,325,0.0,0.96904314,0.0,0.32301438,1
276,330,0.0,0.0,0.78260976,0.26086992,1
276,337,1.006149,0.0,0.0,0.33538303,1
276,341,0.0,0.0,0.8830206,0.2943402,1
276,342,0.0,0.0,0.7676833,0.25589445,1
276,356,0.0,0.0,0.6020631,0.2006877,1
276,358,1.0403824,0.0,0.0,0.34679413,1
276,362,0.0,0.93692964,0.0,0.3123099,1
276,363,0.0,1.0120939,0.0,0.33736464,1
276,365,0.0,0.96199036,0.0,0.32066345,1
276,370,0.0,0.94774437,0.0,0.3159148,1
276,377,1.0139272,0.0,0.0,0.33797574,1
276,381,0.0,0.96386933,0.97667074,0.6468467,2
276,383,0.0,0.9737025,0.0,0.3245675,1
276,386,0.0,0.0,0.6426299,0.21420997,1
276,391,0.0,0.97264487,0.0,0.32421497,1
276,396,0.0,0.0,0.8164397,0.27214658,1
276,412,0.0,1.0413034,0.0,0.34710115,1
276,413,0.0,0.0,1.1446648,0.38155493,1
276,417,0.0,0.0,1.1352966,0.3784322,1
276,425,0.0,0.9381171,0.0,0.3127057,1
276,427,0.0,0.0,0.74630606,0.24876869,1
276,433,0.0,0.0,0.96100116,0.32033372,1
276,441,0.0,0.0,0.65708625,0.21902876,1
276,449,0.96282625,0.0,0.0,0.3209421,1
276,451,0.0,0.0,1.1376029,0.379201,1
276,457,0.0,0.0,0.7891414,0.26304716,1
276,459,0.9957251,0.0,0.0,0.33190838,1
276,465,0.0,0.0,0.56299764,0.18766588,1
276,479,0.0,1.0395281,0.0,0.3465094,1
276,488,0.0,0.0,1.7770966,0.59236556,1
276,489,0.0,1.0274211,1.4736365,0.8336859,2
276,491,0.0,1.0793849,0.0,0.35979497,1
276,493,0.0,0.9993362,0.0,0.33311206,1
276,495,0.0,0.9537048,0.0,0.3179016,1
276,505,0.0,0.0,1.1036516,0.3678839,1
276,508,0.0,0.9812813,0.0,0.32709378,1
277,278,0.0,1.0281878,0.0,0.34272927,1
277,279,0.0,0.0,0.72010916,0.2400364,1
277,282,0.0,0.0,0.66126925,0.22042309,1
277,285,0.0,0.0,0.9102793,0.30342644,1
277,289,1.0403984,0.9948711,1.6062611,1.2138436,3
277,304,0.0,1.079905,0.0,0.35996836,1
277,308,0.9703316,0.0,0.0,0.3234439,1
277,314,0.0,0.0,0.55974805,0.18658268,1
277,328,0.0,1.0645367,0.0,0.35484558,1
277,332,1.0137776,0.0,0.0,0.33792588,1
277,346,0.9736452,1.1151258,0.0,0.696257,2
277,348,0.0,1.0732104,1.0306845,0.7012983,2
277,363,0.0,0.0,0.45842052,0.15280685,1
277,366,0.9759824,0.0,0.0,0.3253275,1
277,373,0.9960737,0.0,0.0,0.33202457,1
277,374,0.9722682,0.0,0.0,0.3240894,1
277,378,0.0,0.9888291,0.0,0.3296097,1
277,389,0.0,0.0,1.0608677,0.35362256,1
277,401,0.0,0.97095275,0.0,0.32365093,1
277,403,0.99444646,0.0,0.0,0.33148217,1
277,407,0.98683274,0.0,0.0,0.32894427,1
277,415,0.0,1.0199233,0.0,0.33997446,1
277,418,0.0,1.070252,0.0,0.35675067,1
277,419,0.0,0.9692517,0.0,0.3230839,1
277,424,0.0,0.0,0.60315114,0.20105039,1
277,430,0.98920023,0.0,0.0,0.32973343,1
277,445,0.0,0.95938176,0.0,0.31979394,1
277,446,0.99632394,0.0,0.0,0.332108,1
277,451,0.9684506,0.0,0.0,0.32281688,1
277,458,0.0,0.0,0.6446731,0.21489105,1
277,467,0.0,1.1091455,0.0,0.36971518,1
277,482,1.0020915,0.0,0.0,0.3340305,1
277,485,0.9835427,0.96367157,0.0,0.64907146,2
277,486,0.0,0.0,0.7588557,0.25295192,1
277,497,0.96865344,0.0,0.0,0.3228845,1
277,503,0.0,0.0,0.5705743,0.19019143,1
277,504,0.0,0.9463677,0.0,0.3154559,1
278,285,0.0,0.945878,0.0,0.3152927,1
278,287,0.0,0.9709893,0.0,0.32366312,1
278,298,0.0,0.0,1.6872692,0.5624231,1
278,300,0.0,0.0,0.83529365,0.27843124,1
278,302,1.0321642,0.0,0.0,0.34405476,1
278,311,0.0,0.0,0.7881163,0.26270545,1
278,325,0.97774684,0.0,0.0,0.32591563,1
278,328,0.0,0.96827596,0.0,0.32275867,1
278,333,0.0,1.1411909,0.0,0.38039696,1
278,334,0.0,0.98127705,0.0,0.32709235,1
278,335,0.0,1.0011787,0.0,0.33372626,1
278,353,0.0,0.9568042,0.0,0.31893474,1
278,356,0.97219557,0.0,0.0,0.3240652,1
278,362,0.0,0.0,0.8538644,0.28462148,1
278,367,0.99046063,0.0,0.0,0.33015355,1
278,372,0.0,0.9717179,0.0,0.32390597,1
278,380,0.96060413,0.0,0.0,0.3202014,1
278,385,0.0,0.0,0.6960939,0.23203132,1
278,386,0.0,0.0,1.4811028,0.49370095,1
278,388,1.0099304,0.0,0.0,0.33664346,1
278,389,1.0406362,0.0,0.0,0.34687874,1
278,397,1.0018592,0.0,0.0,0.33395308,1
278,400,0.0,1.0371376,0.0,0.34571254,1
278,402,0.0,0.97568494,0.0,0.32522833,1
278,407,0.0,0.0,1.1725084,0.39083612,1
278,409,0.9636677,0.0,0.0,0.32122257,1
278,413,0.0,0.0,1.1787276,0.39290923,1
278,414,0.9670978,0.0,0.0,0.32236594,1
278,417,0.0,0.0,1.4129403,0.4709801,1
278,423,0.97741973,0.0,0.0,0.3258066,1
278,427,0.0,0.0,1.2199153,0.40663844,1
278,433,0.0,0.0,1.1136153,0.3712051,1
278,437,0.0,0.0,0.79648143,0.2654938,1
278,439,1.0356065,0.0,0.0,0.34520218,1
278,441,0.0,0.0,0.86473733,0.2882458,1
278,447,0.0,0.0,0.7093155,0.2364385,1
278,451,0.0,0.0,1.2682931,0.4227644,1
278,455,1.0215424,0.0,0.0,0.34051415,1
278,465,0.0,0.0,1.3381062,0.4460354,1
278,467,0.97158056,0.0,0.0,0.3238602,1
278,474,0.0,0.9530592,0.0,0.3176864,1
278,479,0.0,0.0,1.5359769,0.51199234,1
278,486,0.0,0.0,0.9047032,0.30156773,1
278,492,0.0,0.0,0.84956807,0.28318936,1
278,506,1.0248773,0.0,0.0,0.34162578,1
279,280,0.0,0.0,0.77162623,0.25720876,1
279,285,0.0,0.0,1.7824956,0.5941652,1
279,289,0.0,0.0,0.87472713,0.29157573,1
279,301,0.0,1.0543828,0.0,0.35146093,1
279,304,0.0,0.0,1.5029325,0.5009775,1
279,313,0.0,0.0,0.88,0.29333335,1
279,314,0.9671908,0.0,0.8496647,0.6056185,2
279,315,1.0512217,0.0,0.0,0.35040724,1
279,320,1.0018852,0.0,0.0,0.33396173,1
279,323,0.0,0.9756056,0.6031881,0.52626455,2
279,326,0.0,1.0033064,1.180799,0.72803515,2
279,328,0.9663349,0.0,0.0,0.32211164,1
279,336,1.0279636,0.0,0.0,0.34265456,1
279,338,0.9764872,0.0,0.0,0.32549575,1
279,341,0.9796029,0.0,0.0,0.3265343,1
279,345,0.0,0.0,1.4550923,0.48503077,1
279,351,0.9722228,0.0,0.0,0.32407427,1
279,357,0.9783861,0.0,0.0,0.32612872,1
279,370,0.0,1.0301528,0.0,0.34338427,1
279,382,0.0,0.0,1.3008004,0.43360016,1
279,389,0.0,0.0,1.0535413,0.35118043,1
279,391,0.0,0.9520118,0.0,0.31733727,1
279,394,0.0,0.940141,0.0,0.31338036,1
279,402,1.011496,0.0,0.0,0.33716533,1
279,411,0.9867149,0.0,0.0,0.328905,1
279,418,0.0,1.0602319,0.0,0.35341066,1
279,419,0.0,0.0,1.0295718,0.3431906,1
279,424,0.97016,0.0,0.0,0.32338667,1
279,435,0.0,0.0,0.810885,0.27029502,1
279,436,0.9750031,0.0,0.0,0.32500106,1
279,438,0.0,0.96515894,0.0,0.32171965,1
279,458,0.0,0.0,1.2266506,0.40888354,1
279,465,0.0,0.94229907,1.5103377,0.81754565,2
279,466,0.0,0.0,1.1442893,0.38142976,1
279,467,0.967473,0.0,0.0,0.322491,1
279,469,0.0,0.9898184,0.0,0.32993948,1
279,471,0.9643488,0.0,0.0,0.3214496,1
279,478,0.0,0.0,0.81180674,0.27060226,1
279,485,0.99948865,0.0,0.0,0.3331629,1
279,492,0.0,0.94710314,0.0,0.31570107,1
279,494,0.0,0.0,0.9087055,0.30290183,1
279,499,0.97924614,0.0,0.0,0.3264154,1
279,508,0.0,0.0,0.76267004,0.25422335,1
280,288,0.0,0.0,0.9005501,0.3001834,1
280,291,0.9695846,0.0,0.0,0.32319486,1
280,295,0.0,1.0923432,0.0,0.3641144,1
280,301,0.0,1.0618138,0.0,0.35393795,1
280,309,0.9951082,0.0,0.0,0.33170274,1
280,326,0.0,0.0,1.2198188,0.4066063,1
280,327,0.0,0.9688508,0.0,0.32295027,1
280,328,0.9790883,0.0,0.0,0.3263628,1
280,335,0.0,0.0,1.2147977,0.4049326,1
280,337,0.0,0.0,0.67362636,0.22454213,1
280,340,0.98497826,0.0,0.65820897,0.54772913,2
280,343,0.9744065,0.0,0.0,0.32480216,1
280,347,0.98999,0.0,0.0,0.32999668,1
280,369,1.030721,0.0,0.0,0.34357366,1
280,370,0.0,1.0874287,0.0,0.36247623,1
280,376,0.97286683,0.0,0.0,0.32428896,1
280,380,0.9842066,0.0,0.0,0.32806888,1
280,382,0.0,0.0,0.76595384,0.25531796,1
280,388,0.0,0.0,0.8631321,0.28771073,1
280,418,0.0,0.96056026,0.0,0.32018676,1
280,419,0.0,0.94186366,0.0,0.31395456,1
280,424,0.97311217,0.0,0.0,0.32437074,1
280,432,0.9630996,0.0,0.0,0.3210332,1
280,433,0.9775311,0.0,0.0,0.3258437,1
280,434,0.0,0.99675816,0.0,0.33225274,1
280,435,0.9918512,0.0,0.0,0.33061707,1
280,441,0.0,0.9566626,0.0,0.31888753,1
280,442,0.0,0.99698704,0.0,0.33232903,1
280,463,0.0,0.9577773,0.0,0.3192591,1
280,465,0.0,0.0,1.2142487,0.40474957,1
280,466,0.0,0.0,0.85445845,0.28481948,1
280,468,0.0,0.95592463,0.0,0.31864154,1
280,474,0.0,0.0,1.0861902,0.3620634,1
280,484,0.0,0.9497634,0.0,0.3165878,1
280,494,0.0,0.0,0.9422168,0.31407228,1
280,508,0.97785527,0.0,0.0,0.32595176,1
280,510,0.98861873,0.0,0.0,0.3295396,1
281,284,0.98993903,0.0,0.6512363,0.54705846,2
281,292,0.0,0.0,0.89391434,0.29797146,1
281,294,0.0,0.0,0.81098354,0.27032787,1
281,295,0.0,0.0,0.8601299,0.28670996,1
281,299,1.0099822,0.0,0.0,0.33666074,1
281,309,0.0,0.0,1.1801492,0.3933831,1
281,312,0.0,1.0063223,0.0,0.33544075,1
281,322,0.0,0.96894276,0.0,0.32298094,1
281,331,0.0,0.94265944,0.87244385,0.6050345,2
281,337,1.0065564,0.0,0.0,0.3355188,1
281,347,1.0327085,0.0,0.0,0.3442362,1
281,352,1.0411057,0.9406723,0.0,0.6605927,2
281,364,0.0,0.9608969,0.0,0.32029897,1
281,365,0.0,0.0,0.7889323,0.26297745,1
281,375,0.0,0.9897833,0.0,0.32992777,1
281,382,0.9646364,0.0,0.0,0.32154548,1
281,383,0.0,0.94747484,0.0,0.31582496,1
281,385,0.0,0.0,1.0013434,0.33378112,1
281,391,0.9719359,0.0,0.0,0.32397866,1
281,399,0.0,0.9917751,0.0,0.3305917,1
281,409,0.0,0.9493561,0.0,0.31645203,1
281,410,0.9881176,1.00439,0.0,0.6641692,2
281,429,0.9771627,0.0,0.68363005,0.55359757,2
281,431,0.0,0.0,0.7115457,0.2371819,1
281,432,0.0,0.0,0.9003376,0.30011255,1
281,437,0.0,0.0,0.73829365,0.24609789,1
281,439,0.97134334,0.0,0.0,0.32378113,1
281,443,0.0,0.97806686,0.0,0.3260223,1
281,448,0.9908055,0.0,0.0,0.3302685,1
281,451,1.1220908,0.0,0.76914227,0.630411,2
281,458,0.0,0.9478479,0.0,0.31594932,1
281,463,0.0,0.9689727,0.0,0.3229909,1
281,472,0.0,0.949468,0.0,0.31648934,1
281,473,0.98388547,0.0,0.0,0.32796183,1
281,477,0.97456646,0.0,0.0,0.3248555,1
281,483,0.9829899,0.0,0.0,0.3276633,1
281,488,0.0,0.0,0.82991326,0.27663776,1
281,491,1.0622306,0.0,0.0,0.35407686,1
281,493,0.0,1.0039345,0.0,0.33464485,1
281,505,0.0,0.0,0.77571326,0.2585711,1
281,509,0.0,0.0,0.8026391,0.2675464,1
282,289,0.99192333,0.0,0.0,0.33064112,1
282,298,0.0,0.0,1.1060083,0.36866945,1
282,303,0.0,1.0665085,0.0,0.35550284,1
282,329,0.96602935,0.0,0.0,0.3220098,1
282,340,0.0,1.0657095,0.0,0.3552365,1
282,341,0.0,0.0,1.0293999,0.3431333,1
282,346,0.0,0.9580282,0.0,0.31934273,1
282,349,0.0,0.0,1.005417,0.335139,1
282,351,0.0,0.0,0.7948492,0.26494974,1
282,352,0.99450445,0.0,0.0,0.33150148,1
282,356,1.0126141,0.0,1.0835917,0.6987353,2
282,361,1.0276839,0.0,0.0,0.3425613,1
282,362,0.0,0.0,1.0267013,0.34223378,1
282,363,0.0,0.0,1.0248893,0.3416298,1
282,370,0.99670625,0.0,0.0,0.33223543,1
282,371,0.0,0.0,0.79404587,0.26468197,1
282,377,0.0,0.97498095,0.0,0.32499367,1
282,381,0.0,0.0,0.79958886,0.26652962,1
282,386,1.0054669,0.0,0.0,0.33515567,1
282,391,0.0,0.0,0.6497164,0.21657214,1
282,409,0.0,0.0,0.81631804,0.27210602,1
282,411,0.0,1.0065713,0.0,0.33552378,1
282,414,0.97378504,0.0,0.0,0.32459503,1
282,428,0.0,1.0347556,0.0,0.34491855,1
282,437,0.0,0.0,0.9565602,0.3188534,1
282,443,1.012196,0.0,0.0,0.33739865,1
282,448,0.0,0.0,0.8220152,0.2740051,1
282,456,0.0,0.9729636,0.0,0.3243212,1
282,459,0.0,0.0,0.6952442,0.23174807,1
282,460,0.9717589,0.0,0.0,0.32391965,1
282,461,1.0028406,0.0,0.0,0.33428022,1
282,462,0.98253465,0.0,0.0,0.32751155,1
282,475,0.97869194,0.0,0.0,0.32623065,1
282,476,0.0,0.9674866,0.0,0.32249555,1
282,483,0.0,0.0,1.3985697,0.46618992,1
282,486,0.0,0.0,0.6420824,0.21402746,1
282,495,1.0445127,0.0,0.0,0.34817094,1
282,503,0.0,0.0,0.65125424,0.21708475,1
282,504,0.0,0.0,1.1299354,0.37664515,1
282,505,0.0,0.93885434,0.0,0.31295145,1
283,284,1.013769,0.0,0.5892423,0.5343371,2
283,291,0.9709798,0.0,0.0,0.32365996,1
283,294,0.0,0.0,1.5843675,0.52812254,1
283,297,0.0,0.9715006,0.0,0.32383353,1
283,309,0.0,0.9355578,0.0,0.3118526,1
283,319,0.0,1.1309335,0.0,0.37697786,1
283,324,0.0,0.9644723,0.0,0.32149076,1
283,327,0.0,1.0275402,0.0,0.3425134,1
283,330,0.0,0.94738954,0.0,0.31579652,1
283,333,1.0184495,0.0,0.0,0.3394832,1
283,338,0.0,0.0,1.408976,0.46965867,1
283,341,0.0,0.94470346,0.0,0.31490117,1
283,345,0.0,0.9619283,0.0,0.32064277,1
283,353,0.965783,0.0,0.0,0.32192767,1
283,355,1.054002,0.9753432,0.0,0.67644846,2
283,356,0.9891717,0.0,0.0,0.3297239,1
283,360,0.0,0.9444355,0.0,0.31481183,1
283,364,0.0,0.0,0.77464545,0.25821516,1
283,365,0.0,0.0,0.87055767,0.2901859,1
283,373,1.0250932,0.0,0.0,0.34169775,1
283,375,0.95792603,1.0104071,0.6579008,0.87541133,3
283,382,0.0,0.9563516,0.0,0.31878388,1
283,385,0.0,0.0,0.78579766,0.26193255,1
283,388,0.0,0.96173084,0.0,0.32057697,1
283,391,0.0,0.9769832,0.0,0.32566106,1
283,393,1.0438286,0.0,0.0,0.3479429,1
283,398,0.0,0.0,0.6660892,0.22202973,1
283,418,1.0506761,0.0,0.0,0.3502254,1
283,420,0.0,0.0,0.9153889,0.30512965,1
283,429,0.0,0.0,1.4415228,0.4805076,1
283,436,1.0183895,0.0,0.0,0.33946317,1
283,437,0.0,1.0392338,0.0,0.3464113,1
283,438,0.0,1.0162723,0.0,0.33875746,1
283,441,0.9836573,0.0,0.0,0.32788578,1
283,451,0.0,1.1132008,0.0,0.37106693,1
283,464,1.0464034,0.0,0.0,0.34880114,1
283,472,0.97071064,0.0,0.0,0.32357022,1
283,481,0.0,0.9625189,0.0,0.32083964,1
283,488,0.0,0.0,0.9072154,0.30240515,1
283,507,0.98923063,0.0,0.9059095,0.6317134,2
283,509,0.0,0.0,1.7988124,0.5996041,1
283,511,0.0,1.1059977,0.0,0.3686659,1
284,292,0.0,0.0,0.844492,0.28149736,1
284,294,0.0,0.9888916,1.1635102,0.7174673,2
284,295,1.0137916,0.0,0.0,0.33793053,1
284,297,0.0,0.0,0.642117,0.21403901,1
284,300,0.0,0.99303627,0.680412,0.5578161,2
284,305,0.0,0.0,0.7866081,0.2622027,1
284,311,0.0,0.0,1.4586583,0.48621947,1
284,312,0.0,0.0,0.69040704,0.23013568,1
284,319,1.0038856,0.0,0.0,0.33462855,1
284,322,1.0148544,0.0,0.0,0.33828482,1
284,330,0.96672386,0.0,0.0,0.3222413,1
284,336,0.9715795,0.9715865,0.0,0.647722,2
284,338,0.0,0.0,1.0415828,0.34719428,1
284,340,0.99325085,0.0,0.0,0.33108363,1
284,343,0.9657655,0.0,0.0,0.32192183,1
284,349,0.9946527,0.0,0.0,0.3315509,1
284,354,0.9810474,0.9962344,0.0,0.659094,2
284,356,0.0,0.0,1.1322123,0.3774041,1
284,359,0.0,1.0681809,0.0,0.35606033,1
284,360,1.0069747,0.0,0.0,0.33565825,1
284,364,0.0,0.96652216,0.0,0.32217407,1
284,365,0.0,0.0,0.64050704,0.21350235,1
284,367,0.0,0.94073653,0.0,0.31357884,1
284,369,0.0,0.9325369,0.0,0.31084564,1
284,373,0.0,1.0079949,0.0,0.3359983,1
284,382,0.9587324,0.0,0.0,0.3195775,1
284,385,0.96055835,0.0,0.61268663,0.524415,2
284,392,0.99575126,0.0,0.0,0.3319171,1
284,393,0.9678613,1.0646558,0.0,0.67750573,2
284,396,0.0,0.9520415,1.0072974,0.653113,2
284,397,0.0,1.123448,0.0,0.3744827,1
284,398,0.0,0.0,1.2045838,0.40152794,1
284,399,0.9734872,0.0,0.0,0.32449573,1
284,401,1.0123854,0.9525875,0.8516289,0.9388673,3
284,410,0.0,0.9467154,0.0,0.3155718,1
284,411,1.0129896,0.0,1.1130129,0.7086675,2
284,417,0.0,0.0,0.7674159,0.2558053,1
284,420,0.0,0.0,0.703319,0.23443967,1
284,421,0.0,0.9869467,0.0,0.32898223,1
284,426,0.0,0.0,1.0443164,0.3481055,1
284,429,0.0,0.0,1.5018247,0.50060827,1
284,433,0.0,1.0268363,0.0,0.34227878,1
284,434,0.0,0.0,1.997805,0.66593504,1
284,435,0.980871,0.0,0.0,0.32695702,1
284,437,0.0,0.96427894,0.0,0.32142633,1
284,439,0.0,0.9450491,0.0,0.3150164,1
284,440,0.0,0.0,0.6228063,0.20760211,1
284,449,0.9987309,0.95563585,1.1000814,1.0181494,3
284,451,0.0,0.0,0.9821222,0.32737407,1
284,456,0.0,0.0,1.0422149,0.34740496,1
284,457,0.0,1.0939747,1.2568883,0.783621,2
284,469,0.9925256,0.0,0.0,0.33084187,1
284,471,0.9822293,0.0,0.0,0.32740977,1
284,488,0.0,0.0,0.9896793,0.3298931,1
284,489,0.0,0.0,0.63814944,0.21271649,1
284,497,1.0043584,1.0368077,0.0,0.6803887,2
284,511,0.0,0.0,0.7694074,0.25646913,1
285,289,0.0,0.0,1.3453009,0.44843364,1
285,297,0.0,0.99211055,0.0,0.33070353,1
285,299,0.0,0.0,0.9525926,0.31753087,1
285,300,0.0,0.9627678,0.0,0.3209226,1
285,304,0.0,0.0,1.0204859,0.34016198,1
285,310,0.97232187,0.0,0.0,0.3241073,1
285,314,0.0,0.0,1.0735273,0.35784245,1
285,326,0.0,0.0,0.74186355,0.24728785,1
285,340,0.9724873,0.0,0.0,0.32416242,1
285,345,0.0,0.0,1.0044166,0.33480555,1
285,351,0.9682483,0.0,0.0,0.32274944,1
285,367,0.9786616,0.0,0.0,0.32622054,1
285,378,1.0241603,0.0,0.0,0.34138677,1
285,382,0.0,0.0,1.1053913,0.36846375,1
285,384,0.0,0.0,0.8584286,0.2861429,1
285,386,0.0,1.0962311,0.0,0.3654104,1
285,389,0.0,0.0,0.85435104,0.2847837,1
285,391,0.97057134,0.0,0.0,0.3235238,1
285,403,0.0,0.97330195,0.0,0.32443398,1
285,404,0.0,0.0,0.85136527,0.28378844,1
285,405,0.0,0.0,0.8434634,0.28115448,1
285,411,0.9888976,0.0,0.0,0.32963255,1
285,415,0.0,0.0,0.748514,0.24950467,1
285,419,0.0,1.0595186,1.36811,0.8092095,2
285,446,0.0,0.0,0.8527413,0.2842471,1
285,458,0.0,0.0,0.78486514,0.2616217,1
285,465,0.0,0.0,1.3205519,0.44018397,1
285,468,0.0,1.0000085,0.0,0.33333617,1
285,471,0.0,0.0,1.0148525,0.3382842,1
285,473,0.96636415,0.0,0.0,0.32212138,1
285,476,0.0,1.061337,0.0,0.35377902,1
285,482,0.0,0.9536759,0.0,0.317892,1
285,486,0.0,1.0238936,0.0,0.34129786,1
285,495,0.0,0.9392033,0.0,0.3130678,1
285,497,0.0,0.92607164,0.0,0.30869055,1
285,500,0.97814596,0.0,0.0,0.32604867,1
285,505,0.96761376,0.0,0.0,0.32253793,1
285,506,0.0,1.0148913,0.0,0.3382971,1
285,508,0.9624849,0.0,0.0,0.32082832,1
286,290,0.98892444,0.0,0.0,0.3296415,1
286,298,1.1033508,0.0,0.0,0.3677836,1
286,304,0.9829805,0.0,0.0,0.32766017,1
286,306,1.0101604,0.0,0.0,0.33672017,1
286,314,0.0,0.0,1.216994,0.40566468,1
286,318,0.0,1.0191609,0.0,0.3397203,1
286,321,0.0,0.0,1.0735354,0.35784516,1
286,326,0.0,0.0,0.7600915,0.25336385,1
286,327,0.0,0.0,1.592408,0.53080267,1
286,328,0.0,0.0,0.9291436,0.30971456,1
286,330,0.0,0.0,0.6306638,0.21022128,1
286,343,0.0,0.0,1.3327926,0.44426423,1
286,352,0.0,0.0,0.5894425,0.19648084,1
286,354,0.9932334,0.98299855,0.0,0.658744,2
286,361,0.967441,0.0,0.0,0.32248035,1
286,370,0.0,0.0,1.6959536,0.56531787,1
286,372,0.0,0.94543195,0.0,0.315144,1
286,375,0.0,1.1147639,0.0,0.37158796,1
286,386,0.0,0.9791171,0.0,0.32637239,1
286,390,0.9633823,0.0,0.0,0.32112744,1
286,400,0.0,0.0,0.902619,0.300873,1
286,403,0.0,0.0,1.7484009,0.5828003,1
286,405,0.0,0.0,0.7876905,0.26256353,1
286,407,1.020202,0.0,0.0,0.34006736,1
286,408,0.0,0.9423939,0.0,0.31413132,1
286,410,0.0,0.0,1.5112594,0.5037532,1
286,419,0.0,1.1354723,0.0,0.37849078,1
286,421,0.0,0.94976795,0.0,0.31658933,1
286,434,0.0,0.9472489,0.0,0.31574965,1
286,435,0.0,0.9651994,0.0,0.32173315,1
286,438,0.0,0.0,0.84508467,0.2816949,1
286,440,0.9900632,0.0,0.0,0.33002108,1
286,444,0.97944415,0.0,0.0,0.3264814,1
286,465,0.9798391,0.0,0.0,0.32661304,1
286,471,1.0143545,0.0,0.0,0.33811817,1
286,477,1.0079525,0.0,0.0,0.33598417,1
286,478,0.0,0.0,1.049296,0.34976536,1
286,479,0.984835,0.0,0.0,0.32827836,1
286,491,0.0,0.0,0.60707074,0.20235692,1
286,494,1.0480552,0.0,0.93237984,0.66014504,2
286,497,0.0,0.9622514,0.0,0.32075047,1
286,499,1.0173204,0.0,0.0,0.3391068,1
286,506,1.0269933,0.0,0.0,0.3423311,1
286,510,0.0,0.0,0.7641009,0.2547003,1
287,298,0.0,1.0094206,0.0,0.33647355,1
287,300,0.0,1.0683239,0.0,0.35610795,1
287,303,0.0,0.0,1.1525666,0.38418886,1
287,316,0.0,0.0,1.4978836,0.49929452,1
287,317,0.0,0.0,2.0372934,0.67909783,1
287,324,0.0,1.017319,0.0,0.33910632,1
287,329,0.0,0.0,0.91561663,0.30520555,1
287,345,1.018227,0.0,0.0,0.339409,1
287,347,0.0,0.99871796,0.0,0.332906,1
287,358,0.0,1.0000632,0.0,0.3333544,1
287,361,0.0,0.0,1.4811026,0.49370086,1
287,369,1.0098186,0.0,0.0,0.3366062,1
287,371,0.9770135,0.0,0.0,0.3256712,1
287,375,0.0,1.0004869,0.0,0.33349562,1
287,380,0.0,1.027219,0.0,0.34240636,1
287,387,0.0,0.0,0.9907221,0.33024073,1
287,389,0.0,0.9344965,0.0,0.31149885,1
287,404,1.1249045,0.0,0.0,0.37496817,1
287,406,0.0,0.0,1.6437416,0.5479139,1
287,409,0.0,1.0102867,0.0,0.33676225,1
287,411,0.9717191,0.0,0.0,0.32390636,1
287,413,0.980573,0.95264196,0.0,0.644405,2
287,419,1.0142045,0.0,0.0,0.3380682,1
287,438,1.1095347,0.0,0.0,0.3698449,1
287,440,0.9666,0.0,0.0,0.3222,1
287,441,0.0,0.0,0.8680708,0.28935695,1
287,443,0.0,1.0064175,0.0,0.33547252,1
287,445,0.97066265,0.0,0.0,0.32355422,1
287,450,0.0,0.9698424,0.0,0.3232808,1
287,461,0.0,0.9792407,0.0,0.32641357,1
287,462,0.9675399,0.0,0.0,0.3225133,1
287,463,0.0,0.9741055,0.0,0.32470185,1
287,468,1.0092748,0.0,0.0,0.33642495,1
287,478,0.9929452,0.0,0.0,0.33098173,1
287,487,0.0,0.98031425,0.0,0.32677144,1
287,501,0.0,0.0,0.6577459,0.21924864,1
287,507,0.97110033,0.0,0.0,0.32370013,1
287,510,0.9682291,0.0,0.0,0.32274306,1
288,293,1.0360559,0.0,0.0,0.345352,1
288,302,0.0,0.0,0.90975875,0.30325294,1
288,304,0.0,1.0582764,0.0,0.35275882,1
288,307,0.0,0.94588244,0.0,0.31529415,1
288,323,1.043891,0.0,0.0,0.34796366,1
288,326,0.0,0.0,0.52948505,0.17649502,1
288,330,0.0,0.98509645,0.0,0.3283655,1
288,331,0.9772076,0.0,0.0,0.32573587,1
288,335,0.0,0.0,0.6641151,0.2213717,1
288,337,0.0,0.0,0.6073373,0.20244578,1
288,341,0.96701425,0.0,0.0,0.3223381,1
288,342,0.0,0.9513285,0.0,0.31710953,1
288,356,0.0,0.97882855,0.0,0.32627618,1
288,367,0.9870833,0.0,0.0,0.32902777,1
288,372,0.0,0.9830765,0.0,0.32769218,1
288,379,0.0,1.0091214,0.0,0.3363738,1
288,383,0.0,1.0013134,0.7278778,0.5763971,2
288,384,1.0221756,0.0,0.0,0.34072518,1
288,389,1.0226463,0.0,0.0,0.34088212,1
288,405,1.0424978,0.0,0.0,0.34749925,1
288,421,1.0033311,0.0,0.0,0.3344437,1
288,428,0.0,0.948821,0.0,0.3162737,1
288,429,1.0588071,0.0,0.0,0.35293573,1
288,434,0.97113246,0.0,0.0,0.32371083,1
288,435,0.0,0.94783014,0.7549358,0.5675887,2
288,441,0.0,1.0031008,0.0,0.33436692,1
288,442,0.9950918,0.0,0.0,0.3316973,1
288,461,0.0,0.99921167,0.0,0.33307058,1
288,463,0.96195763,0.0,0.0,0.32065254,1
288,464,0.9692716,0.0,0.0,0.32309055,1
288,466,0.0,0.0,1.1617202,0.38724005,1
288,469,0.0,0.0,1.9243307,0.6414436,1
288,474,0.0,0.0,1.4325763,0.47752544,1
288,477,0.0,0.9611665,0.0,0.32038885,1
288,491,0.0,0.0,0.58067864,0.19355956,1
288,498,1.0578636,0.0,0.0,0.3526212,1
288,499,0.0,0.0,0.981548,0.32718268,1
288,500,0.0,1.0382375,0.0,0.34607917,1
288,501,0.9739525,0.0,0.0,0.32465082,1
289,291,0.97302765,0.0,0.0,0.32434255,1
289,301,0.0,0.9549468,0.0,0.31831563,1
289,304,0.0,0.0,0.9529038,0.3176346,1
289,310,0.96148944,0.0,0.0,0.3204965,1
289,313,0.0,0.0,0.8610683,0.28702277,1
289,321,0.97045094,0.0,0.0,0.32348365,1
289,329,0.9872812,0.0,0.0,0.32909375,1
289,332,0.0,0.95263016,0.0,0.3175434,1
289,336,0.0,0.96787506,0.0,0.32262504,1
289,345,0.0,0.0,0.81948304,0.27316102,1
289,346,0.0,0.0,0.9648555,0.3216185,1
289,348,1.0089333,0.0,1.2650311,0.75798815,2
289,352,0.0,0.9772313,0.0,0.3257438,1
289,354,0.99030435,0.0,0.0,0.33010146,1
289,367,0.99209297,0.0,0.0,0.33069766,1
289,368,0.9642598,0.0,0.0,0.32141995,1
289,370,1.03542,0.0,0.0,0.34513998,1
289,382,0.96308047,0.95307434,0.0,0.63871825,2
289,386,0.9837018,0.0,1.0022078,0.6619699,2
289,389,0.0,0.0,0.8474706,0.2824902,1
289,430,1.1084754,0.0,0.79889077,0.63578874,2
289,458,0.0,0.0,0.9768997,0.32563323,1
289,467,0.0,0.9636865,0.0,0.32122886,1
289,469,0.9823795,0.0,0.0,0.32745984,1
289,471,0.0,0.97888386,0.0,0.32629463,1
289,472,0.0,0.97026324,0.0,0.3234211,1
289,474,0.9702303,0.0,0.0,0.3234101,1
289,486,0.0,0.0,1.2243716,0.40812385,1
289,490,0.98172605,0.0,0.0,0.32724202,1
289,494,0.0,0.96533865,0.0,0.32177955,1
289,503,0.0,0.0,0.5668269,0.1889423,1
289,507,0.0,0.9481369,0.0,0.31604564,1
290,296,0.0,0.9498811,0.0,0.31662703,1
290,299,0.0,0.9460284,0.0,0.3153428,1
290,301,0.0,0.0,0.8304515,0.27681717,1
290,305,0.0,0.94412243,0.0,0.3147075,1
290,306,1.083174,0.0,0.0,0.361058,1
290,307,0.0,0.0,0.85303295,0.28434432,1
290,308,0.0,0.0,0.8375405,0.27918017,1
290,310,0.0,0.0,1.1910095,0.39700317,1
290,315,0.0,1.0858715,0.7905565,0.625476,2
290,319,0.95932066,0.0,0.0,0.31977355,1
290,332,0.0,0.97692364,0.0,0.3256412,1
290,334,0.0,0.0,0.774947,0.25831568,1
290,337,0.983051,0.0,0.0,0.3276837,1
290,341,0.0,0.0,0.78642935,0.26214314,1
290,342,0.0,0.0,0.9024958,0.30083194,1
290,346,0.0,0.0,0.7124809,0.23749363,1
290,348,0.0,0.0,1.0368527,0.3456176,1
290,350,0.0,0.0,0.9865973,0.32886577,1
290,351,0.0,0.0,1.1459377,0.38197923,1
290,353,0.0,0.0,1.1314121,0.3771374,1
290,361,0.99354714,0.0,0.0,0.3311824,1
290,363,0.0,0.0,1.4258627,0.47528756,1
290,364,1.1071905,0.0,0.0,0.3690635,1
290,369,0.0,1.0751134,0.0,0.35837114,1
290,371,0.0,1.0321481,0.0,0.3440494,1
290,372,0.0,1.0335784,0.0,0.34452614,1
290,379,0.0,0.0,1.1504326,0.38347754,1
290,381,0.0,0.0,0.81276804,0.2709227,1
290,386,0.0,0.0,0.9048435,0.30161452,1
290,387,0.98005235,0.0,0.0,0.32668412,1
290,388,1.0308301,0.0,0.0,0.34361005,1
290,390,0.0,0.0,0.5982776,0.19942588,1
290,391,0.0,0.0,1.1822479,0.39408264,1
290,393,0.0,0.0,0.70066637,0.23355547,1
290,394,0.0,0.0,1.2284251,0.40947506,1
290,410,0.0,0.94220865,0.0,0.31406957,1
290,414,0.0,0.0,0.76488066,0.25496024,1
290,416,0.0,1.0295533,0.0,0.34318444,1
290,433,0.0,0.0,0.60484743,0.20161581,1
290,446,0.98112905,0.0,0.0,0.32704303,1
290,448,0.0,0.0,0.7007453,0.23358177,1
290,454,0.9743922,0.0,0.0,0.3247974,1
290,456,0.0,0.9886553,0.0,0.3295518,1
290,459,1.0338516,0.0,0.8393629,0.6244049,2
290,462,0.0,1.0326442,0.0,0.34421474,1
290,470,0.0,0.95908684,0.0,0.31969562,1
290,471,0.9825317,0.0,0.0,0.3275106,1
290,478,1.0067724,0.0,0.0,0.3355908,1
290,486,1.0014417,0.0,1.0684512,0.6899643,2
290,487,0.0,0.0,0.57813454,0.19271152,1
290,503,0.0,0.0,1.0968548,0.3656183,1
290,506,0.0,1.0067105,0.0,0.3355702,1
290,507,0.9601711,0.0,0.0,0.32005703,1
290,509,1.0146015,0.0,0.0,0.3382005,1
291,294,0.0,0.97273,0.0,0.32424334,1
291,296,0.0,0.0,0.8056527,0.2685509,1
291,304,0.0,0.9585702,0.0,0.3195234,1
291,313,0.0,0.93578696,1.0150331,0.6502734,2
291,333,0.99288094,0.0,0.0,0.33096033,1
291,339,1.0632137,0.0,0.0,0.35440457,1
291,352,0.9853269,0.0,0.0,0.3284423,1
291,353,1.0641319,0.0,0.0,0.35471064,1
291,371,0.95621085,0.0,0.0,0.31873697,1
291,372,0.0,0.0,0.6475071,0.21583569,1
291,373,0.0,0.0,0.5666641,0.18888804,1
291,374,0.0,0.0,0.7715789,0.25719297,1
291,375,0.9695694,0.0,0.0,0.3231898,1
291,379,0.0,0.9324213,0.0,0.3108071,1
291,382,0.0,0.0,0.9802504,0.32675016,1
291,383,0.0,0.0,0.77914006,0.25971335,1
291,384,1.0056987,0.0,0.0,0.3352329,1
291,385,1.0377798,0.0,0.0,0.3459266,1
291,389,0.0,1.0612527,0.0,0.3537509,1
291,398,0.0,1.0083804,0.0,0.3361268,1
291,401,1.0280243,0.0,0.0,0.3426748,1
291,402,0.9954957,1.0009031,0.0,0.6654663,2
291,409,0.0,0.98095405,0.0,0.3269847,1
291,415,0.0,0.9832901,0.0,0.32776338,1
291,420,0.0,1.0074042,0.0,0.33580142,1
291,421,0.0,1.0670246,0.0,0.35567486,1
291,433,0.9857952,0.0,0.0,0.3285984,1
291,439,0.0,0.0,0.9313575,0.31045252,1
291,446,0.0,1.0178964,0.0,0.3392988,1
291,447,0.9980352,0.0,0.0,0.3326784,1
291,459,1.0248946,1.1631356,0.0,0.7293434,2
291,467,0.0,1.1300622,0.0,0.3766874,1
291,470,0.0,0.0,0.92981774,0.30993927,1
291,473,0.9672073,0.0,0.0,0.32240245,1
291,477,0.0,0.0,0.4904778,0.1634926,1
291,481,0.0,0.9408748,0.0,0.31362495,1
291,483,0.0,1.0139517,0.0,0.3379839,1
291,490,0.0,0.9525463,0.0,0.31751543,1
291,497,0.97404194,0.0,0.0,0.32468066,1
291,498,0.0,0.0,0.6307195,0.21023983,1
291,501,0.0,1.0285903,0.0,0.34286344,1
291,504,1.0267857,0.0,0.0,0.3422619,1
291,507,0.0,0.95577663,0.0,0.31859222,1
291,508,0.0,0.0,0.6887224,0.22957413,1
292,294,0.9688829,0.0,0.0,0.32296097,1
292,295,0.0,0.0,1.0017024,0.3339008,1
292,309,0.0,0.0,0.55492306,0.18497436,1
292,311,0.0,0.0,0.91741323,0.30580443,1
292,329,0.9921004,0.0,0.0,0.33070016,1
292,330,0.0,0.0,0.55379486,0.1845983,1
292,331,0.96589917,0.0,0.73465925,0.5668528,2
292,337,1.0049675,0.0,0.0,0.33498916,1
292,341,0.98941594,0.0,0.7898469,0.5930876,2
292,347,0.0,1.2589244,0.0,0.41964146,1
292,349,0.0,0.0,0.9981007,0.33270025,1
292,356,0.0,0.0,1.279861,0.42662033,1
292,362,0.0,0.0,0.8046796,0.26822653,1
292,368,0.0,0.0,0.6626861,0.22089538,1
292,372,0.9957486,0.0,0.0,0.3319162,1
292,375,0.0,0.0,0.93994886,0.3133163,1
292,395,0.0,0.0,0.79810745,0.26603583,1
292,397,0.0,0.0,0.6227053,0.20756844,1
292,406,0.0,1.004176,0.0,0.33472535,1
292,415,0.0,1.0262015,0.0,0.34206718,1
292,419,0.0,0.0,1.1806037,0.3935346,1
292,424,0.0,0.0,0.9919536,0.33065122,1
292,431,0.0,0.0,0.8201475,0.2733825,1
292,432,0.0,0.0,0.86563826,0.2885461,1
292,437,0.0,0.0,1.2553132,0.41843772,1
292,444,0.9829733,0.0,0.0,0.32765776,1
292,450,0.0,1.1277208,0.0,0.37590694,1
292,451,0.0,0.0,0.96115905,0.32038635,1
292,456,0.0,0.0,0.88386106,0.29462036,1
292,458,0.0,1.0090004,0.0,0.33633348,1
292,464,0.0,0.0,0.8556086,0.28520286,1
292,466,0.0,0.0,0.9331881,0.3110627,1
292,468,0.0,0.0,0.7307241,0.24357471,1
292,469,0.0,0.9860453,0.0,0.32868177,1
292,475,0.0,1.0923293,0.0,0.36410975,1
292,478,0.0,0.0,0.8595358,0.28651196,1
292,480,0.9746271,0.0,0.0,0.3248757,1
292,489,1.0908464,0.0,0.0,0.36361548,1
292,496,0.0,1.1257385,0.0,0.37524617,1
293,295,0.0,1.0218223,0.0,0.34060746,1
293,297,0.9727385,0.0,0.0,0.32424617,1
293,307,0.9894347,0.0,0.0,0.32981157,1
293,314,0.0,0.0,0.8672609,0.28908697,1
293,318,0.0,0.9901206,0.0,0.33004022,1
293,323,0.0,0.0,1.1351663,0.37838876,1
293,326,0.0,0.0,0.5134412,0.17114708,1
293,340,0.0,0.0,0.9223829,0.30746096,1
293,342,0.9672476,0.0,0.0,0.3224159,1
293,343,0.0,0.0,0.92768276,0.3092276,1
293,345,0.0,0.0,1.7401005,0.58003354,1
293,354,0.0,1.0680734,0.0,0.35602447,1
293,357,1.0393928,0.0,0.0,0.34646428,1
293,371,1.0246149,1.0368366,0.6963962,0.9192826,3
293,373,0.0,1.1778889,0.0,0.39262962,1
293,389,0.0,0.0,0.74611694,0.24870566,1
293,404,0.0,1.1318125,0.0,0.37727082,1
293,415,0.9776957,0.0,0.0,0.3258986,1
293,424,0.0,0.9422668,1.3985918,0.7802862,2
293,426,0.0,1.0229696,0.0,0.3409899,1
293,435,0.0,0.9460284,0.7410529,0.56236047,2
293,438,0.97813904,0.0,0.0,0.32604635,1
293,445,1.0083213,0.0,0.0,0.3361071,1
293,453,0.97713625,0.0,1.3025061,0.7598808,2
293,458,0.0,1.0364952,0.8466445,0.62771326,2
293,464,0.0,0.9804499,0.0,0.32681665,1
293,465,0.9689854,0.0,0.0,0.32299513,1
293,468,0.0,1.0430973,0.0,0.3476991,1
293,473,0.0,0.0,1.9108089,0.6369363,1
293,477,0.0,0.0,0.6776797,0.22589324,1
293,478,0.9685288,0.0,0.0,0.32284296,1
293,484,0.0,0.9813429,0.0,0.3271143,1
293,492,1.0896952,0.0,0.0,0.36323175,1
293,503,0.0,0.0,1.1189864,0.37299547,1
293,508,0.0,0.0,0.9865344,0.32884482,1
293,511,0.0,0.937224,0.0,0.312408,1
294,310,1.0108411,0.0,0.0,0.33694705,1
294,315,0.9879291,0.0,0.0,0.3293097,1
294,319,0.9708251,0.0,0.0,0.32360837,1
294,321,1.0120394,0.0,0.0,0.3373465,1
294,324,0.0,0.0,0.86063915,0.28687972,1
294,332,0.0,0.99585766,0.0,0.33195257,1
294,338,0.0,0.0,1.7997882,0.59992945,1
294,352,0.9794364,0.0,0.0,0.3264788,1
294,355,0.0,1.023775,0.0,0.34125835,1
294,357,0.97986233,0.0,0.0,0.3266208,1
294,363,0.0,0.9696357,0.0,0.3232119,1
294,364,0.0,0.0,1.0329837,0.3443279,1
294,365,0.0,0.0,1.3160498,0.43868327,1
294,366,1.0479503,0.0,0.0,0.34931678,1
294,367,1.0659728,0.0,0.0,0.35532427,1
294,373,0.9775975,0.0,0.0,0.32586583,1
294,382,0.0,1.0003128,0.0,0.33343762,1
294,385,0.0,0.0,1.3418889,0.44729632,1
294,387,0.9837272,0.0,0.0,0.32790908,1
294,396,1.0348483,0.9488028,0.0,0.6612171,2
294,398,0.0,0.0,1.0212293,0.34040976,1
294,413,0.0,0.0,0.8287569,0.27625233,1
294,420,0.0,0.0,1.0776899,0.35922998,1
294,421,0.0,0.9444184,0.0,0.31480613,1
294,426,0.97952735,0.0,0.0,0.32650912,1
294,429,0.0,0.9506813,2.0705838,1.0070884,2
294,431,1.0210626,0.0,0.0,0.3403542,1
294,434,1.0093682,0.0,1.0620512,0.69047314,2
294,443,0.0,0.0,0.8694222,0.2898074,1
294,447,0.0,0.0,0.98940325,0.32980108,1
294,459,0.0,1.0390856,0.0,0.34636188,1
294,462,1.006166,0.0,0.0,0.33538866,1
294,467,0.0,1.0189675,0.0,0.33965585,1
294,479,0.0,1.0573483,0.0,0.35244942,1
294,485,0.0,1.0029664,0.0,0.33432215,1
294,487,0.0,0.95620745,0.0,0.31873584,1
294,488,0.0,0.9372683,1.4192134,0.78549397,2
294,489,0.0,0.0,1.0576673,0.35255575,1
294,492,0.0,0.0,0.70313156,0.23437719,1
294,497,0.0,1.0310527,0.0,0.34368426,1
294,506,1.0041243,0.0,0.0,0.3347081,1
294,509,0.9893384,0.0,1.0556444,0.68166095,2
294,510,0.0,0.95004654,0.0,0.3166822,1
294,511,0.97583133,0.0,0.8008531,0.5922282,2
295,301,0.0,0.9572245,0.0,0.31907484,1
295,309,0.0,0.0,0.90402657,0.3013422,1
295,311,0.0,0.0,0.5722875,0.1907625,1
295,317,1.0207089,0.0,0.0,0.3402363,1
295,320,0.0,0.94869596,0.0,0.316232,1
295,323,0.0,0.9995762,0.0,0.33319208,1
295,325,0.96578354,0.0,0.0,0.32192785,1
295,330,0.0,0.0,0.86331654,0.28777218,1
295,341,0.0,0.0,0.7207932,0.2402644,1
295,346,0.0,1.0851246,0.0,0.36170822,1
295,349,0.0,0.0,0.5321987,0.17739958,1
295,350,0.0,0.92100745,0.0,0.30700248,1
295,353,0.96653867,0.9275971,0.0,0.6313786,2
295,356,0.0,0.0,0.75414264,0.2513809,1
295,362,0.0,0.0,0.8385003,0.27950013,1
295,370,0.0,0.9530456,0.0,0.31768188,1
295,371,0.0,0.9434164,0.0,0.31447214,1
295,373,0.0,0.9632776,0.0,0.32109255,1
295,374,0.0,0.9307723,0.0,0.31025743,1
295,375,0.9695166,0.0,0.6036339,0.52438354,2
295,380,0.0,1.0048734,0.0,0.3349578,1
295,394,0.0,0.9921727,0.0,0.33072424,1
295,410,0.0,0.9556731,0.0,0.3185577,1
295,420,0.96887404,0.0,0.0,0.32295802,1
295,426,0.98189336,0.0,0.0,0.3272978,1
295,432,0.98224175,0.0,1.3399619,0.7740679,2
295,437,0.0,0.0,1.1524829,0.38416097,1
295,447,0.97835946,0.0,0.0,0.32611984,1
295,448,0.0,0.0,0.63245946,0.21081983,1
295,451,0.0,0.0,0.6013493,0.20044976,1
295,460,0.0,0.9917087,0.0,0.33056957,1
295,469,0.0,1.1111102,0.0,0.3703701,1
295,478,1.0113581,0.0,0.0,0.3371194,1
295,484,0.0,1.1181723,0.0,0.37272412,1
295,493,1.0229996,0.0,0.0,0.3409999,1
295,496,1.0065142,0.0,0.0,0.33550474,1
295,497,0.0,0.96612227,0.0,0.32204077,1
295,508,1.0518144,0.0,0.0,0.35060483,1
295,510,0.9889319,0.0,0.0,0.32964396,1
296,305,0.0,0.9415837,0.0,0.31386125,1
296,309,0.9756847,0.0,0.0,0.32522824,1
296,325,0.0,0.0,1.1724985,0.39083284,1
296,327,0.9746264,0.9455111,0.0,0.6400459,2
296,328,0.0,0.98060286,0.0,0.32686764,1
296,333,0.0,1.0220942,1.0273618,0.683152,2
296,347,0.0,1.0728617,0.0,0.35762057,1
296,356,0.0,1.0165848,0.0,0.33886158,1
296,362,1.0150462,0.0,0.0,0.33834875,1
296,369,0.97081065,0.0,0.0,0.32360357,1
296,372,0.0,0.0,1.2672423,0.42241412,1
296,373,0.0,0.0,0.843317,0.28110567,1
296,374,0.0,0.0,1.5679199,0.52264,1
296,377,0.0,0.9649072,0.0,0.32163575,1
296,400,0.98638594,0.9549423,0.0,0.6471094,2
296,408,0.0,0.0,0.6742387,0.22474623,1
296,412,0.96074003,0.0,0.0,0.3202467,1
296,418,1.003871,0.0,0.0,0.33462366,1
296,422,1.0452579,0.94322515,0.0,0.66282773,2
296,423,0.0,0.0,1.1571741,0.38572472,1
296,424,0.99266934,0.0,0.0,0.3308898,1
296,428,0.0,0.94691825,0.0,0.31563944,1
296,439,0.0,0.0,1.2679262,0.42264208,1
296,445,0.0,0.0,1.3643523,0.45478413,1
296,449,0.0,0.96091896,0.0,0.32030633,1
296,454,0.0,1.242729,0.0,0.41424298,1
296,461,0.0,0.0,0.6885013,0.22950044,1
296,464,0.0,0.0,0.7945667,0.26485556,1
296,467,0.0,0.0,1.2821568,0.42738563,1
296,470,0.0,0.0,1.1702137,0.39007124,1
296,477,0.0,0.0,0.69100595,0.23033533,1
296,487,0.0,0.9548755,0.0,0.31829184,1
296,490,0.9597584,0.0,0.0,0.31991947,1
296,498,0.0,0.0,1.1672008,0.38906693,1
296,503,0.9985268,0.0,0.0,0.3328423,1
296,504,1.0290985,0.0,0.0,0.34303284,1
296,508,0.0,0.0,0.8332997,0.2777666,1
297,300,0.0,0.0,0.81017053,0.27005684,1
297,310,0.0,0.0,0.9824024,0.32746747,1
297,311,0.0,0.0,0.54157835,0.18052612,1
297,324,0.0,0.96481645,0.0,0.3216055,1
297,326,0.9808957,0.0,0.0,0.32696524,1
297,333,0.0,0.9391617,0.0,0.3130539,1
297,335,0.96539485,0.0,0.0,0.3217983,1
297,341,0.0,0.0,1.0904852,0.36349508,1
297,342,0.0,0.0,1.1839286,0.3946429,1
297,353,0.0,0.0,0.54705554,0.18235186,1
297,355,0.0,0.9817831,0.0,0.32726103,1
297,356,0.0,0.0,0.5894447,0.19648157,1
297,360,0.0,0.0,0.56721824,0.18907276,1
297,368,0.0,0.975233,0.0,0.32507768,1
297,371,1.0187938,0.0,0.0,0.33959794,1
297,381,0.0,0.0,1.1290172,0.37633908,1
297,386,1.1217208,0.9691789,0.63575524,0.908885,3
297,389,0.9666476,0.0,0.0,0.32221588,1
297,390,0.0,0.0,0.7019312,0.23397706,1
297,396,0.97020465,1.0450515,0.9693563,0.9948709,3
297,401,1.002518,0.0,0.0,0.3341727,1
297,404,0.0,0.9512289,0.0,0.31707633,1
297,413,0.0,0.0,0.7075239,0.2358413,1
297,416,0.0,0.94787115,0.0,0.31595707,1
297,423,0.98720545,0.0,0.0,0.32906848,1
297,425,0.0,1.0077423,0.0,0.3359141,1
297,433,0.0,0.0,0.6681018,0.2227006,1
297,436,0.0,0.0,0.87090087,0.2903003,1
297,440,0.9586521,0.0,0.0,0.3195507,1
297,441,0.0,1.077972,0.0,0.35932404,1
297,447,1.003943,0.0,0.0,0.33464766,1
297,451,0.0,0.0,0.7378026,0.24593422,1
297,452,1.0467919,0.0,0.0,0.34893066,1
297,458,0.0,0.9540027,0.0,0.3180009,1
297,469,0.9850971,0.0,0.0,0.3283657,1
297,471,0.989955,0.0,0.0,0.32998502,1
297,473,0.97294706,0.0,0.0,0.3243157,1
297,475,1.01648,0.0,0.0,0.33882666,1
297,479,0.9870335,0.0,0.0,0.32901117,1
297,486,0.0,0.99168354,0.0,0.3305612,1
297,488,0.0,0.0,0.7299139,0.24330464,1
297,489,0.0,0.0,0.758286,0.25276202,1
297,496,1.0193182,0.0,0.0,0.33977276,1
297,497,0.0,1.03805,0.0,0.3460167,1
297,499,0.0,0.0,0.5841581,0.19471937,1
297,505,1.0081614,0.0,0.0,0.33605382,1
298,300,0.0,1.0727869,0.0,0.35759565,1
298,302,1.0155555,0.0,0.0,0.3385185,1
298,310,0.96297616,0.0,0.0,0.32099205,1
298,317,0.0,0.98994607,0.0,0.32998204,1
298,322,0.0,1.0390624,0.0,0.34635413,1
298,342,0.0,0.95536315,0.0,0.31845438,1
298,348,0.0,0.97969204,0.0,0.326564,1
298,349,0.0,0.0,0.84750414,0.2825014,1
298,351,0.9822996,0.0,0.0,0.32743323,1
298,354,0.0,0.0,0.9647719,0.32159066,1
298,362,0.0,0.0,1.797106,0.5990354,1
298,366,0.0,0.9825463,0.0,0.32751545,1
298,368,0.0,0.9648433,0.60869277,0.52451205,2
298,381,0.96448636,0.0,0.0,0.32149547,1
298,386,0.0,0.0,1.2020303,0.4006768,1
298,387,0.97248256,0.0,0.0,0.32416087,1
298,393,0.0,0.0,0.8979632,0.2993211,1
298,407,0.0,0.0,1.3303233,0.44344112,1
298,421,1.0162337,0.0,1.4435563,0.81993,2
298,437,0.0,0.0,1.5891249,0.5297083,1
298,444,0.9791964,1.0807521,0.0,0.68664956,2
298,451,0.0,0.0,1.1021218,0.36737394,1
298,458,1.0512549,0.0,0.0,0.3504183,1
298,465,0.0,0.0,0.87168056,0.2905602,1
298,467,0.0,0.94896305,0.0,0.31632102,1
298,470,0.0,1.0398093,0.0,0.34660313,1
298,471,0.9945314,0.9406222,0.0,0.64505124,2
298,476,0.0,0.0,0.77013755,0.25671253,1
298,477,0.9724736,0.0,0.0,0.3241579,1
298,478,0.0,0.94307506,0.0,0.31435835,1
298,479,0.0,0.0,1.9301366,0.64337885,1
298,486,0.0,0.0,0.77572376,0.2585746,1
298,488,1.0495539,0.0,0.0,0.3498513,1
298,492,0.0,0.9552508,0.0,0.31841695,1
298,500,0.0,0.98293215,0.0,0.32764405,1
298,511,1.0052178,0.0,0.0,0.3350726,1
299,308,0.9739447,0.0,0.0,0.32464826,1
299,309,1.003877,0.0,0.0,0.3346257,1
299,314,0.0,0.0,0.8284032,0.2761344,1
299,315,0.0,1.0451659,0.0,0.34838864,1
299,318,0.0,0.97548187,0.0,0.32516062,1
299,321,1.0065811,0.0,0.0,0.33552703,1
299,326,0.0,0.0,0.79351145,0.26450384,1
299,330,0.9699928,0.0,0.0,0.32333094,1
299,332,0.0,0.0,0.8069791,0.26899305,1
299,334,0.0,0.9534958,0.0,0.31783193,1
299,348,0.9723279,0.0,0.0,0.32410932,1
299,350,0.98436666,0.0,0.0,0.32812223,1
299,352,0.0,1.028981,0.0,0.34299368,1
299,361,0.9731666,0.0,0.0,0.32438886,1
299,368,0.967014,0.0,0.0,0.322338,1
299,371,0.0,0.98202205,0.0,0.3273407,1
299,377,0.0,0.9696021,0.0,0.3232007,1
299,379,1.001436,1.020023,0.0,0.67381966,2
299,382,0.0,0.0,0.91275305,0.30425102,1
299,384,0.0,0.0,1.3692921,0.45643073,1
299,387,0.0,0.96738046,0.0,0.32246017,1
299,396,1.0463912,0.0,0.0,0.34879708,1
299,403,0.0,1.0293112,0.0,0.34310374,1
299,404,0.0,0.0,1.3347403,0.44491345,1
299,405,0.0,0.0,0.9154272,0.3051424,1
299,406,0.0,0.96169806,0.0,0.32056603,1
299,408,0.0,1.018123,0.0,0.33937436,1
299,410,1.0009729,0.0,0.0,0.33365762,1
299,414,0.98769563,0.0,0.0,0.3292319,1
299,415,0.0,0.0,1.5216106,0.5072036,1
299,419,0.0,0.0,1.5238444,0.50794816,1
299,443,1.020378,0.0,0.0,0.340126,1
299,446,0.0,0.0,1.4460229,0.48200762,1
299,448,0.0,0.95106655,0.0,0.3170222,1
299,449,1.1107813,0.0,0.0,0.37026045,1
299,451,1.0217928,0.0,0.0,0.3405976,1
299,461,0.986419,0.9765899,1.3184217,1.0938103,3
299,466,0.0,0.0,1.2379973,0.41266578,1
299,478,0.0,0.94222414,0.0,0.31407472,1
299,479,1.1312486,0.0,0.0,0.37708288,1
299,480,1.0396698,0.0,0.0,0.3465566,1
299,490,0.0,1.0015846,0.92799634,0.6431937,2
299,491,0.99852073,0.0,0.88691354,0.6284781,2
299,494,0.9662649,0.0,1.3519517,0.7727389,2
299,497,0.0,0.0,0.66112113,0.22037372,1
299,503,0.0,0.9801183,0.0,0.3267061,1
299,510,0.0,0.0,1.3823168,0.46077228,1
300,311,0.0,0.0,1.0345156,0.34483856,1
300,322,0.0,0.0,0.76220095,0.254067,1
300,328,0.0,1.0710163,0.0,0.35700545,1
300,337,0.0,0.97841644,0.0,0.32613882,1
300,341,1.0169307,0.95988435,0.0,0.6589384,2
300,347,0.0,0.9430686,0.0,0.3143562,1
300,354,0.98106486,0.0,0.0,0.32702163,1
300,361,0.98112303,0.0,0.0,0.32704103,1
300,362,0.99869937,0.0,0.0,0.3328998,1
300,365,0.0,0.0,0.8574115,0.28580385,1
300,366,0.0,0.0,0.64989454,0.21663152,1
300,370,0.0,1.045361,0.0,0.3484537,1
300,375,0.9714842,0.0,0.0,0.32382807,1
300,378,0.0,0.0,1.011648,0.33721602,1
300,384,1.0965321,0.0,0.0,0.3655107,1
300,385,0.0,0.0,0.8018587,0.26728624,1
300,393,0.0,1.0472587,0.0,0.34908625,1
300,401,1.1140027,0.0,0.0,0.37133425,1
300,405,0.9708903,0.0,0.0,0.3236301,1
300,413,0.0,0.0,1.8555775,0.61852586,1
300,417,0.0,0.0,1.3357811,0.44526038,1
300,424,0.0,1.0020376,0.0,0.33401257,1
300,426,0.0,0.0,1.3222866,0.44076222,1
300,427,0.0,0.0,1.7418197,0.5806066,1
300,433,0.0,0.0,1.1019691,0.36732304,1
300,435,0.9741111,0.0,0.0,0.3247037,1
300,444,1.0189985,0.0,0.0,0.3396662,1
300,447,0.0,0.0,1.1165805,0.37219352,1
300,449,0.0,1.0824841,0.0,0.36082804,1
300,450,0.0,0.9552036,0.0,0.31840122,1
300,451,0.0,0.0,0.8817943,0.29393142,1
300,454,0.0,0.95497066,0.0,0.31832355,1
300,457,0.0,0.0,1.8160676,0.60535586,1
300,467,0.9954113,1.0251002,0.0,0.6735039,2
300,470,0.0,1.0137609,0.0,0.3379203,1
300,473,0.97949445,0.0,0.0,0.32649815,1
300,489,0.0,0.0,1.1611818,0.3870606,1
300,492,0.0,0.0,0.8423004,0.28076681,1
300,497,1.0079567,0.0,0.0,0.3359856,1
300,498,0.9680921,0.0,0.0,0.32269737,1
300,499,0.0,0.0,0.819763,0.27325433,1
300,500,0.99327785,1.1241205,0.0,0.70579946,2
300,502,0.9798299,0.0,0.0,0.32660997,1
300,505,0.0,0.9863796,0.0,0.32879323,1
300,507,0.0,1.1064789,0.0,0.36882633,1
300,511,0.0,0.0,1.2410109,0.4136703,1
301,310,0.0,0.0,1.8188133,0.60627115,1
301,320,0.0,0.0,0.767202,0.25573403,1
301,325,1.0107056,0.0,0.0,0.33690187,1
301,334,0.0,0.937871,0.791737,0.57653606,2
301,338,0.0,1.1625915,0.0,0.3875305,1
301,342,0.0,0.0,1.3517381,0.45057938,1
301,343,0.0,1.0211065,0.0,0.34036884,1
301,347,0.99398476,0.0,0.0,0.33132827,1
301,353,0.0,0.0,1.0030789,0.33435965,1
301,356,0.0,0.0,0.80681527,0.26893842,1
301,360,0.0,0.0,1.7278663,0.57595545,1
301,365,0.0,0.9858362,0.0,0.3286121,1
301,371,1.0932066,0.0,0.0,0.36440223,1
301,372,1.0751808,0.0,0.0,0.3583936,1
301,376,1.0691767,0.0,0.0,0.35639223,1
301,381,0.0,0.0,0.8345112,0.2781704,1
301,390,0.0,0.0,1.9599675,0.6533225,1
301,391,0.0,0.0,1.1545175,0.38483918,1
301,396,0.0,0.0,0.9302558,0.31008527,1
301,398,0.9794902,0.0,0.0,0.32649675,1
301,401,0.9654716,0.0,0.0,0.3218239,1
301,404,0.0,1.0412362,0.0,0.34707874,1
301,413,1.010912,0.0,0.0,0.33697066,1
301,417,0.0,0.9567651,0.0,0.31892172,1
301,418,0.0,1.0334413,0.0,0.34448045,1
301,422,0.0,1.1044304,0.0,0.3681435,1
301,424,0.0,0.9598631,0.0,0.3199544,1
301,435,0.0,0.99040794,0.0,0.330136,1
301,445,0.0,1.0343994,0.0,0.34479982,1
301,448,0.0,1.1478348,0.0,0.3826116,1
301,456,0.0,0.0,1.512327,0.504109,1
301,461,0.0,0.94233406,0.0,0.31411135,1
301,463,0.0,0.0,1.3291781,0.44305938,1
301,471,0.0,0.9604758,0.0,0.3201586,1
301,482,1.0523374,0.0,0.0,0.35077915,1
301,488,0.0,0.9885219,0.0,0.3295073,1
301,495,0.0,0.0,0.81387913,0.27129304,1
301,497,0.9737115,0.0,0.0,0.3245705,1
301,500,1.002975,0.0,0.0,0.33432502,1
301,502,0.9884461,0.0,0.0,0.32948205,1
301,510,1.0754374,0.0,0.0,0.35847914,1
302,316,1.0255063,0.0,0.0,0.34183544,1
302,325,0.0,0.0,1.1624814,0.38749382,1
302,329,0.0,0.9683129,0.0,0.32277098,1
302,336,1.032209,0.0,0.0,0.3440697,1
302,339,0.0,0.0,1.2727929,0.4242643,1
302,340,0.0,1.212598,0.0,0.40419933,1
302,351,1.053109,0.0,0.0,0.35103637,1
302,368,0.0,0.95348054,0.0,0.31782687,1
302,376,0.0,1.0856403,0.0,0.36188012,1
302,383,0.0,0.0,1.593969,0.531323,1
302,384,0.0,0.0,0.6096149,0.20320497,1
302,398,0.0,1.0273707,0.0,0.3424569,1
302,404,0.0,0.0,0.89755297,0.29918432,1
302,415,1.0332439,0.0,1.2116193,0.74828774,2
302,416,1.0230141,0.0,0.0,0.3410047,1
302,419,0.9976929,0.0,0.0,0.3325643,1
302,420,0.0,0.9472454,0.0,0.31574848,1
302,444,0.0,0.98418295,0.0,0.32806098,1
302,446,0.0,0.0,1.053416,0.35113868,1
302,447,0.0,1.1265836,0.0,0.37552786,1
302,449,0.988097,0.0,0.0,0.32936567,1
302,451,0.96600705,0.0,0.0,0.32200235,1
302,455,0.0,1.0670946,0.0,0.3556982,1
302,456,0.0,1.068079,0.0,0.35602635,1
302,461,0.0,0.0,0.7864851,0.2621617,1
302,464,0.0,0.95700026,0.0,0.3190001,1
302,469,0.0,0.0,1.1679206,0.38930687,1
302,474,0.0,0.0,1.0478424,0.3492808,1
302,480,0.0,0.94676423,0.0,0.3155881,1
302,484,0.9629557,0.0,0.0,0.32098526,1
302,485,0.96376276,0.99634266,0.0,0.6533685,2
302,491,0.0,0.0,1.3599805,0.45332682,1
302,499,0.98795736,0.0,1.0588739,0.6822771,2
302,505,0.99385864,0.0,0.0,0.33128622,1
302,509,0.9771037,0.0,0.0,0.32570124,1
302,511,0.0,0.9878758,0.0,0.32929194,1
303,316,0.0,0.0,1.0647856,0.35492855,1
303,317,1.1175671,0.0,1.0804766,0.7326813,2
303,327,1.0287893,0.0,0.0,0.34292978,1
303,329,0.0,0.0,0.7727729,0.25759098,1
303,335,0.0,0.0,1.4363734,0.47879112,1
303,339,0.0,0.0,0.85026383,0.28342128,1
303,343,1.0071402,0.0,0.0,0.3357134,1
303,354,0.0,0.9376183,0.0,0.31253946,1
303,358,0.0,1.0315516,0.0,0.34385055,1
303,361,0.0,0.0,1.4181656,0.47272187,1
303,368,0.0,0.976282,0.0,0.32542735,1
303,381,0.0,0.96973324,0.0,0.32324442,1
303,382,0.9679288,0.0,0.0,0.32264295,1
303,384,1.0327905,0.0,0.0,0.34426352,1
303,393,1.0461456,0.0,0.0,0.3487152,1
303,394,0.9795319,0.0,0.0,0.32651064,1
303,400,0.0,1.0457071,0.0,0.34856904,1
303,403,0.99673176,0.0,0.0,0.33224392,1
303,405,0.0,1.0025308,0.0,0.33417696,1
303,406,0.0,0.0,1.4363829,0.4787943,1
303,425,0.0,0.9682885,0.0,0.32276285,1
303,427,0.9830612,0.9837078,0.0,0.6555897,2
303,433,0.98983026,0.0,0.0,0.32994342,1
303,436,0.0,0.9744259,0.0,0.32480866,1
303,442,0.0,0.0,0.8827201,0.29424006,1
303,443,0.0,0.95921993,0.0,0.31974,1
303,450,0.0,1.0054348,0.0,0.33514494,1
303,458,1.0125294,0.0,0.0,0.3375098,1
303,464,0.98082036,0.0,0.0,0.32694012,1
303,465,0.0,0.99315906,0.0,0.33105302,1
303,479,0.0,0.0,0.8526639,0.2842213,1
303,481,1.099154,0.0,0.0,0.36638469,1
303,497,1.0015471,0.9622583,0.0,0.6546018,2
303,510,0.0,0.97547245,0.0,0.3251575,1
304,313,0.0,0.0,0.83098614,0.2769954,1
304,314,0.0,0.9682567,0.5124341,0.49356362,2
304,326,0.0,0.0,0.6396181,0.21320604,1
304,330,0.0,0.99793243,0.0,0.33264416,1
304,333,0.0,1.097091,0.0,0.365697,1
304,345,0.0,0.0,1.4878302,0.4959434,1
304,348,0.0,1.0701405,0.0,0.3567135,1
304,352,1.0243367,0.0,0.0,0.34144557,1
304,356,1.158324,0.0,0.0,0.386108,1
304,361,0.9674117,0.0,0.0,0.32247058,1
304,366,0.0,0.9732673,0.0,0.32442245,1
304,370,0.9821652,0.0,0.0,0.3273884,1
304,381,0.96779615,0.0,0.0,0.32259873,1
304,382,0.0,0.0,1.5651494,0.5217165,1
304,383,0.973236,0.0,0.0,0.32441202,1
304,408,0.0,0.9912657,0.0,0.33042192,1
304,416,0.0,0.95150906,0.0,0.3171697,1
304,420,0.0,0.9425343,0.0,0.3141781,1
304,429,0.0,1.0973157,0.0,0.3657719,1
304,430,0.0,1.0037558,0.0,0.33458528,1
304,437,0.9746775,0.9613551,0.0,0.64534426,2
304,443,1.0574832,0.0,0.0,0.35249442,1
304,447,1.0077846,0.0,0.0,0.3359282,1
304,457,0.9602878,0.0,0.0,0.32009596,1
304,458,0.0,0.0,0.9669782,0.32232606,1
304,465,0.0,0.0,0.9992083,0.33306944,1
304,466,0.0,0.9574672,0.6112153,0.5228942,2
304,470,0.9868807,0.0,0.0,0.32896024,1
304,473,0.9957468,0.0,0.0,0.33191562,1
304,474,0.0,0.95820147,0.0,0.3194005,1
304,484,0.0,0.97780496,0.0,0.325935,1
304,486,1.0247653,0.0,0.0,0.34158844,1
304,494,0.0,0.0,0.5489669,0.18298897,1
304,506,0.9957558,0.0,0.0,0.3319186,1
304,508,0.0,1.0261041,0.6723832,0.56616247,2
304,511,0.0,0.9569227,0.0,0.31897426,1
305,310,0.9891559,0.0,0.0,0.32971865,1
305,318,0.0,0.9790238,0.0,0.32634127,1
305,322,0.96817154,0.0,0.0,0.32272387,1
305,325,0.96810204,0.0,0.0,0.32270068,1
305,334,0.0,0.9452492,0.0,0.3150831,1
305,338,0.0,0.0,0.9304616,0.31015387,1
305,341,0.0,0.96316457,0.0,0.32105488,1
305,349,0.0,0.9735068,0.0,0.3245023,1
305,354,0.0,0.97018224,0.0,0.3233941,1
305,355,0.0,0.0,1.0920392,0.36401308,1
305,356,0.0,0.9429193,0.0,0.31430644,1
305,358,0.0,0.0,0.75769097,0.25256366,1
305,359,0.0,0.0,1.1769673,0.39232242,1
305,361,0.0,0.9631464,0.0,0.3210488,1
305,365,0.0,1.0629637,0.0,0.35432124,1
305,368,0.0,1.0497143,0.0,0.34990478,1
305,374,1.0144194,0.0,0.0,0.33813983,1
305,379,0.96384126,0.0,0.0,0.32128042,1
305,382,0.0,1.0062002,0.0,0.33540007,1
305,385,1.0067968,0.0,0.0,0.33559895,1
305,389,0.0,0.9686426,0.0,0.32288086,1
305,391,0.98738414,0.0,0.0,0.32912806,1
305,398,0.0,0.0,0.8702414,0.2900805,1
305,402,0.97400224,0.0,0.0,0.32466742,1
305,411,1.0344788,0.0,0.0,0.34482628,1
305,412,0.0,0.0,0.7677966,0.2559322,1
305,415,0.0,1.0341241,0.0,0.34470806,1
305,419,0.0,1.1265064,0.0,0.37550217,1
305,420,0.0,0.0,0.7808321,0.2602774,1
305,424,0.97772235,0.0,0.0,0.32590747,1
305,429,1.0784397,0.0,0.85024834,0.64289606,2
305,432,1.0337235,0.0,0.0,0.3445745,1
305,434,0.0,0.0,1.0445855,0.34819517,1
305,438,0.0,0.96965784,0.0,0.3232193,1
305,441,0.0,1.0423245,0.0,0.34744152,1
305,446,1.0672296,0.0,0.0,0.35574323,1
305,450,0.0,0.94173485,1.1669916,0.7029088,2
305,451,0.0,0.9550467,0.0,0.3183489,1
305,459,0.9884351,0.0,0.0,0.32947838,1
305,460,0.0,0.0,0.7811743,0.26039144,1
305,462,0.0,0.0,0.9337245,0.3112415,1
305,469,0.9694309,0.0,0.0,0.32314366,1
305,472,0.0,0.0,0.7434866,0.24782887,1
305,473,1.0439713,0.0,0.0,0.34799045,1
305,485,0.9914506,0.0,0.0,0.33048356,1
305,488,0.0,0.9850335,0.0,0.32834452,1
306,308,0.0,0.0,1.6697277,0.5565759,1
306,315,0.0,0.0,1.6342733,0.5447578,1
306,333,0.0,0.0,0.76965845,0.25655282,1
306,336,0.0,0.9469248,0.0,0.3156416,1
306,344,1.0262495,0.0,0.0,0.3420832,1
306,350,0.0,0.9974731,0.84950256,0.6156586,2
306,351,0.0,0.0,0.75789434,0.25263146,1
306,355,0.98921895,0.0,0.0,0.32973966,1
306,360,0.0,0.99490476,0.0,0.33163494,1
306,361,0.0,1.0544782,0.0,0.35149273,1
306,363,0.0,0.0,1.0879668,0.3626556,1
306,371,0.0,0.0,0.656071,0.21869034,1
306,373,0.0,0.0,0.8101633,0.27005446,1
306,376,0.986374,0.0,0.0,0.32879135,1
306,391,0.0,1.0113645,0.92960465,0.6469897,2
306,392,0.98121655,0.0,0.0,0.3270722,1
306,394,0.0,0.0,0.7913071,0.26376903,1
306,395,0.0,0.0,0.83743113,0.27914372,1
306,398,1.0409962,0.0,0.0,0.34699875,1
306,400,0.0,0.9765738,0.0,0.32552463,1
306,409,0.0,0.0,1.252971,0.41765702,1
306,413,0.96761924,0.0,0.0,0.32253975,1
306,415,0.9704573,0.0,0.0,0.3234858,1
306,422,0.9608317,0.0,0.0,0.32027724,1
306,431,0.0,1.0026189,0.0,0.3342063,1
306,448,0.0,0.0,0.8564922,0.28549743,1
306,453,0.97465014,0.0,0.840351,0.6050004,2
306,459,0.0,0.0,1.3331419,0.44438064,1
306,462,0.9577698,0.0,0.0,0.3192566,1
306,468,0.0,0.0,0.55265737,0.18421912,1
306,470,0.0,1.0844536,0.0,0.36148453,1
306,483,0.0,0.0,1.3120617,0.4373539,1
306,485,0.0,0.0,0.7495132,0.24983774,1
306,488,0.0,0.9420914,0.0,0.31403047,1
306,490,0.0,1.0726336,0.0,0.35754454,1
306,493,0.99892974,0.0,0.0,0.33297658,1
306,501,0.0,0.9923288,0.0,0.33077627,1
306,509,0.0,0.9766004,0.0,0.32553348,1
307,315,0.0,1.0046113,0.8461606,0.6169239,2
307,318,0.0,0.94698197,0.0,0.31566066,1
307,319,0.0,1.2425698,0.0,0.41418993,1
307,331,0.0,1.0741736,0.0,0.35805786,1
307,339,0.9904115,0.0,0.0,0.3301372,1
307,346,0.0,0.0,1.1514723,0.3838241,1
307,347,0.0,0.0,0.6905617,0.23018724,1
307,354,0.0,0.0,0.96138364,0.3204612,1
307,360,0.9966188,0.0,0.0,0.33220628,1
307,370,0.97202873,0.0,0.0,0.3240096,1
307,377,0.0,1.071109,0.0,0.35703635,1
307,379,0.0,0.0,1.1094571,0.36981905,1
307,380,0.0,0.956818,0.9089322,0.6219168,2
307,381,0.0,0.93574685,0.0,0.31191564,1
307,386,0.0,0.94587564,0.0,0.31529188,1
307,389,0.96588624,0.0,0.0,0.3219621,1
307,392,0.0,0.0,1.2331634,0.41105446,1
307,393,0.0,0.0,2.0787125,0.6929042,1
307,394,0.0,0.0,0.7685597,0.25618657,1
307,401,1.0004965,0.0,0.0,0.33349884,1
307,405,0.0,0.9630928,0.0,0.32103094,1
307,407,0.96512485,0.0,0.0,0.3217083,1
307,409,1.0323542,0.0,0.0,0.3441181,1
307,414,0.0,0.0,0.88607466,0.29535824,1
307,417,0.9741141,0.0,0.0,0.3247047,1
307,421,0.0,0.0,1.4168931,0.47229773,1
307,423,0.0,0.9663434,0.0,0.32211447,1
307,425,0.9718395,0.0,0.0,0.3239465,1
307,426,0.0,1.1301384,0.0,0.3767128,1
307,428,0.0,0.94257486,0.0,0.31419164,1
307,430,0.0,1.0590044,0.0,0.35300148,1
307,445,0.9652323,0.0,0.0,0.3217441,1
307,447,0.9761765,0.0,0.0,0.3253922,1
307,454,1.1049862,0.0,0.0,0.36832875,1
307,459,0.0,0.0,0.82341194,0.27447066,1
307,472,0.0,0.9869865,0.0,0.32899553,1
307,481,0.0,0.0,0.80068964,0.26689655,1
307,485,0.0,0.0,1.3429728,0.4476576,1
307,487,0.0,0.0,1.0743477,0.3581159,1
307,488,0.9972438,0.0,0.0,0.33241463,1
307,493,0.9725406,0.0,0.0,0.32418022,1
307,503,0.97545177,0.0,0.0,0.3251506,1
308,314,0.0,1.1073287,0.0,0.36910957,1
308,315,0.0,0.0,1.5272615,0.5090872,1
308,323,0.99967265,0.0,0.0,0.33322424,1
308,329,0.0,1.0413321,0.0,0.34711072,1
308,333,0.0,0.0,0.943381,0.31446034,1
308,339,0.0,0.9787556,0.0,0.32625186,1
308,344,0.0,0.9999741,0.0,0.3333247,1
308,350,0.0,0.0,0.96725595,0.32241866,1
308,351,0.0,0.0,0.59732777,0.19910926,1
308,355,1.0224494,0.0,0.0,0.34081647,1
308,363,0.0,0.0,1.0562803,0.35209343,1
308,370,0.0,0.92771894,0.0,0.30923966,1
308,371,0.98195916,0.0,0.53432286,0.50542736,2
308,373,1.0491643,0.0,1.6059647,0.885043,2
308,374,0.989091,0.0,0.0,0.329697,1
308,379,0.0,0.0,0.7882404,0.2627468,1
308,380,0.0,0.0,0.6473678,0.21578926,1
308,391,0.0,0.0,1.0148835,0.3382945,1
308,394,0.0,0.94404626,0.8519318,0.5986594,2
308,395,0.0,0.0,1.2496706,0.4165569,1
308,404,0.9886686,0.0,0.0,0.32955623,1
308,409,0.0,0.0,0.7823332,0.26077774,1
308,414,0.0,0.0,0.78878623,0.26292875,1
308,416,0.0,0.0,0.9621685,0.32072285,1
308,418,0.0,0.0,0.6877167,0.22923891,1
308,423,0.0,0.0,0.6468139,0.21560465,1
308,424,0.0,0.0,0.6752881,0.22509603,1
308,426,0.0,0.9400643,0.0,0.3133548,1
308,428,0.0,0.0,0.47635075,0.15878358,1
308,429,0.0,0.9678804,0.0,0.32262683,1
308,432,0.0,0.9948714,0.0,0.3316238,1
308,441,0.9737386,0.0,0.0,0.32457954,1
308,447,1.0303228,0.0,0.0,0.34344095,1
308,453,0.0,1.0661235,1.6749855,0.913703,2
308,459,0.0,0.0,0.89692634,0.29897547,1
308,468,0.0,1.1692873,0.50875276,0.55934674,2
308,473,0.0,0.9908965,0.0,0.33029884,1
308,477,0.0,0.0,1.4335898,0.47786328,1
308,484,0.98277056,0.0,0.0,0.3275902,1
308,485,0.0,0.0,0.60728824,0.20242941,1
308,491,1.0647753,0.0,0.0,0.35492513,1
308,495,0.0,0.0,1.1009145,0.3669715,1
308,503,0.0,0.0,0.8596858,0.28656194,1
308,508,0.0,0.99177045,0.0,0.33059016,1
309,310,0.0,0.9388846,0.0,0.31296155,1
309,315,0.0,1.0652732,0.0,0.35509107,1
309,317,1.0178813,0.0,0.0,0.33929378,1
309,318,0.0,0.0,0.657121,0.21904033,1
309,320,0.9679376,0.0,0.0,0.32264587,1
309,325,0.0,1.0808908,0.0,0.36029693,1
309,332,0.0,0.0,0.7722709,0.25742364,1
309,353,0.9994428,0.0,0.0,0.33314762,1
309,356,0.0,0.0,0.456745,0.15224834,1
309,361,0.0,0.9503796,0.0,0.3167932,1
309,362,0.0,1.0579324,0.0,0.35264415,1
309,365,0.0,0.0,0.83245414,0.27748471,1
309,375,0.0,0.0,0.6426253,0.21420842,1
309,380,0.0,0.95728713,0.0,0.31909573,1
309,387,0.0,0.0,0.5986242,0.19954142,1
309,405,0.0,0.96466714,0.896283,0.62031674,2
309,416,0.0,0.0,0.9932244,0.3310748,1
309,422,1.0315056,1.2079883,0.0,0.746498,2
309,424,0.0,1.087934,0.0,0.36264467,1
309,425,0.0,0.984642,0.0,0.32821402,1
309,436,1.1497077,0.0,0.0,0.3832359,1
309,437,0.959858,0.0,0.55419976,0.50468594,2
309,444,0.9962504,0.0,0.62769014,0.5413135,2
309,449,0.98977214,0.0,0.0,0.32992405,1
309,453,0.96143126,0.0,0.0,0.3204771,1
309,455,0.0,0.97042316,0.0,0.3234744,1
309,476,0.0,0.995819,0.0,0.33193967,1
309,478,0.0,0.0,0.6571563,0.2190521,1
309,481,0.967573,0.0,0.0,0.32252434,1
309,484,0.98072326,0.0,0.0,0.32690775,1
309,492,0.0,0.0,0.83032125,0.27677375,1
309,496,0.0,0.0,0.5341871,0.17806236,1
309,508,0.0,0.95975494,0.0,0.31991833,1
310,319,0.0,0.0,0.7968371,0.26561236,1
310,320,0.0,0.0,0.7160911,0.23869704,1
310,321,0.0,0.94435817,0.0,0.31478608,1
310,341,0.0,0.0,0.9833082,0.3277694,1
310,342,0.0,0.0,1.955708,0.6519027,1
310,348,0.99018806,0.9542264,0.0,0.64813817,2
310,352,1.0095133,0.0,0.0,0.33650443,1
310,353,0.0,0.0,1.6276295,0.5425432,1
310,360,0.0,0.0,1.3180662,0.43935543,1
310,363,0.96890384,0.0,0.0,0.32296795,1
310,366,0.0,1.0243317,0.0,0.3414439,1
310,379,0.0,0.947903,0.76997054,0.57262456,2
310,381,0.0,0.0,1.382324,0.46077466,1
310,390,0.0,0.0,1.5863647,0.52878827,1
310,391,0.0,0.0,0.86257476,0.28752494,1
310,396,0.0,0.0,0.8391326,0.2797109,1
310,398,0.9702178,0.0,0.0,0.32340595,1
310,407,0.97468376,0.0,0.0,0.3248946,1
310,412,0.0,0.9370802,0.0,0.31236008,1
310,413,0.0,1.0238545,0.0,0.34128484,1
310,419,1.0221033,0.0,0.0,0.3407011,1
310,420,0.99344033,0.0,0.0,0.33114678,1
310,422,0.0,1.0200763,0.0,0.34002542,1
310,428,0.0,0.0,0.52831477,0.17610493,1
310,429,0.0,0.9539754,0.0,0.3179918,1
310,430,0.0,1.0266564,0.7694766,0.598711,2
310,433,0.0,0.0,0.8356576,0.27855253,1
310,439,1.0247982,0.0,0.0,0.3415994,1
310,449,0.9802849,0.0,0.0,0.32676166,1
310,456,0.0,0.0,0.957585,0.319195,1
310,462,1.0626136,0.0,0.0,0.35420454,1
310,463,0.0,0.0,0.9433851,0.3144617,1
310,464,0.0,0.9482917,0.0,0.31609726,1
310,467,0.0,1.037807,0.0,0.34593567,1
310,486,1.0360954,0.0,0.0,0.34536514,1
310,487,1.0629743,0.0,0.0,0.3543248,1
310,488,0.0,0.0,0.63751984,0.21250662,1
310,489,0.0,0.0,0.6693232,0.22310774,1
310,492,0.9856159,0.0,0.0,0.32853866,1
310,495,0.0,0.0,0.72060555,0.24020186,1
310,499,0.0,0.0,0.9561148,0.31870496,1
311,340,0.96992743,0.0,0.0,0.32330915,1
311,341,1.0471444,0.0,0.0,0.34904814,1
311,344,0.96444935,0.0,0.0,0.32148314,1
311,347,0.0,0.0,0.93362737,0.31120914,1
311,349,0.0,0.0,1.1400646,0.38002154,1
311,350,0.0,0.9479914,0.0,0.31599712,1
311,351,1.0398948,0.0,0.0,0.34663162,1
311,356,0.0,0.0,0.9886552,0.32955176,1
311,362,0.0,0.0,0.69074607,0.23024869,1
311,366,0.0,0.0,1.2905235,0.43017453,1
311,375,0.0,0.9458848,0.0,0.31529495,1
311,376,0.0,1.060541,0.0,0.3535137,1
311,377,0.0,0.9421037,0.0,0.31403458,1
311,384,0.0,1.0016098,0.0,0.33386993,1
311,386,1.076697,1.0144236,0.0,0.6970402,2
311,391,0.98624766,0.0,0.0,0.32874924,1
311,396,0.0,0.0,0.9298614,0.3099538,1
311,401,0.0,0.0,0.5668796,0.18895987,1
311,411,0.0,0.0,1.3940628,0.4646876,1
311,413,0.0,0.0,0.90825945,0.30275315,1
311,417,0.0,0.0,1.0999095,0.3666365,1
311,419,1.0129943,0.0,0.0,0.33766478,1
311,426,0.0,0.0,1.8846129,0.62820435,1
311,427,0.0,1.1176717,1.0309157,0.7161958,2
311,434,0.0,0.0,0.8724109,0.29080364,1
311,437,0.0,0.0,0.8532768,0.28442562,1
311,440,0.0,0.0,0.5136784,0.17122613,1
311,441,0.9744811,0.0,0.0,0.32482705,1
311,442,0.0,0.93822235,0.0,0.3127408,1
311,449,0.0,0.0,1.5120647,0.5040216,1
311,451,0.0,0.0,1.4730916,0.49103054,1
311,456,0.0,0.0,0.88715774,0.29571927,1
311,457,0.0,0.0,1.5806237,0.5268746,1
311,476,0.0,1.0059325,0.0,0.33531082,1
311,495,0.0,0.9453218,0.0,0.3151073,1
311,500,0.0,0.9788747,0.0,0.32629156,1
311,502,0.0,0.997805,0.0,0.33260167,1
311,505,0.0,0.0,0.5757752,0.19192508,1
311,511,0.0,0.0,0.6809529,0.2269843,1
312,318,0.0,1.002368,0.0,0.33412266,1
312,324,0.0,0.0,0.745457,0.24848567,1
312,331,0.0,0.0,1.7712113,0.5904038,1
312,338,1.023625,0.0,0.0,0.34120834,1
312,341,0.0,0.9554524,0.0,0.31848413,1
312,349,0.9784663,0.0,0.0,0.32615542,1
312,353,1.0383672,0.0,0.0,0.34612238,1
312,354,0.0,0.0,0.74132115,0.24710706,1
312,356,0.0,0.96902573,0.0,0.3230086,1
312,364,0.0,0.0,0.90711486,0.30237162,1
312,366,0.0,0.0,0.65543926,0.21847975,1
312,369,0.0,0.0,1.2237298,0.40790996,1
312,372,0.9787049,0.0,0.0,0.326235,1
312,377,0.0,1.0924278,0.0,0.36414263,1
312,379,0.9614933,0.0,0.0,0.32049778,1
312,382,0.0,0.9541,0.0,0.31803334,1
312,384,0.95449877,0.0,0.0,0.31816626,1
312,392,0.0,0.0,1.4283228,0.4761076,1
312,398,0.0,0.0,1.168566,0.38952202,1
312,399,0.0,0.0,1.5154693,0.50515646,1
312,401,0.0,0.0,0.88046604,0.29348868,1
312,403,0.97389436,0.0,0.0,0.32463145,1
312,411,0.0,1.0092748,0.0,0.33642495,1
312,420,0.0,0.9623681,0.0,0.32078937,1
312,429,0.0,1.1701968,0.73890764,0.63636816,2
312,431,0.0,0.0,1.4843255,0.49477518,1
312,443,0.0,0.0,0.9226319,0.307544,1
312,449,0.0,0.0,1.107527,0.36917567,1
312,450,1.012976,0.0,0.0,0.3376587,1
312,452,0.0,0.0,1.0660224,0.3553408,1
312,456,0.9685904,0.0,0.0,0.32286346,1
312,459,1.0441402,0.0,0.0,0.34804675,1
312,464,1.0396012,0.0,0.0,0.34653375,1
312,468,1.0611832,0.0,0.0,0.35372776,1
312,482,0.0,0.0,0.83829933,0.27943313,1
312,488,0.97820127,0.0,0.0,0.3260671,1
312,496,0.0,0.0,1.0120579,0.33735263,1
312,500,0.0,0.0,0.98853695,0.32951233,1
313,319,0.0,0.0,1.0182303,0.33941013,1
313,321,0.9717415,0.0,0.0,0.32391384,1
313,339,0.0,1.0129292,0.0,0.3376431,1
313,346,0.0,0.9487777,0.0,0.31625924,1
313,347,0.95577306,0.0,0.0,0.31859103,1
313,353,0.0,1.0410191,0.0,0.34700638,1
313,356,0.9936815,0.0,0.0,0.33122718,1
313,357,0.0,1.0401691,0.0,0.34672305,1
313,362,0.97109693,0.0,0.0,0.323699,1
313,364,1.1450324,0.0,0.0,0.38167748,1
313,372,0.0,0.0,1.713523,0.5711744,1
313,377,0.0,0.9823536,0.0,0.32745123,1
313,382,0.0,0.0,0.8204655,0.27348852,1
313,383,0.98442346,0.0,0.99199826,0.6588073,2
313,405,0.9631709,0.0,0.0,0.32105696,1
313,421,0.9696135,0.0,0.0,0.32320452,1
313,430,0.0,0.0,1.4342805,0.4780935,1
313,438,0.9706989,0.0,0.0,0.32356632,1
313,439,0.0,1.0279835,0.0,0.3426612,1
313,447,0.9737798,0.0,0.0,0.32459328,1
313,448,0.0,0.96801776,0.0,0.3226726,1
313,451,1.0181354,0.0,0.0,0.33937848,1
313,458,1.012675,0.0,0.0,0.33755836,1
313,459,0.0,1.0161793,0.0,0.33872646,1
313,470,0.0,0.0,0.9192439,0.30641463,1
313,473,0.0,0.98790354,0.0,0.32930118,1
313,474,0.9729883,0.0,0.0,0.32432944,1
313,478,1.0375195,0.0,0.0,0.34583983,1
313,481,0.9734372,0.0,0.0,0.32447907,1
313,482,0.9724803,0.0,0.0,0.3241601,1
313,492,0.9708046,0.0,0.0,0.32360154,1
313,496,1.0496953,0.0,0.0,0.34989843,1
313,498,0.9963302,0.9554706,0.0,0.6506003,2
313,499,0.0,1.061817,0.0,0.35393903,1
313,508,0.999269,0.95807505,0.6338516,0.8637319,3
314,316,1.0079006,0.0,0.0,0.33596689,1
314,321,0.0,0.0,1.204949,0.40164968,1
314,323,0.0,0.0,0.7425895,0.24752983,1
314,326,0.0,0.0,1.2058377,0.40194592,1
314,327,0.0,0.0,0.7110333,0.2370111,1
314,338,0.96803576,0.0,0.0,0.3226786,1
314,340,0.0,0.0,1.1434244,0.38114148,1
314,343,0.0,0.0,1.5856434,0.5285478,1
314,344,0.0,0.998018,0.0,0.3326727,1
314,345,0.0,0.0,1.0494986,0.34983286,1
314,359,0.0,0.9994649,0.0,0.33315498,1
314,370,0.97845894,0.0,1.1770935,0.7185175,2
314,371,0.0,0.0,0.50739163,0.16913055,1
314,375,1.030184,0.9935954,0.0,0.6745932,2
314,383,1.0693427,0.0,0.0,0.35644758,1
314,384,0.0,0.0,0.44471624,0.14823875,1
314,389,0.0,0.0,0.77922964,0.2597432,1
314,395,0.9677175,0.0,0.0,0.32257253,1
314,403,0.0,0.0,1.2690197,0.4230066,1
314,405,0.0,0.0,0.66234064,0.22078022,1
314,410,0.0,0.0,0.96464235,0.32154745,1
314,411,1.032588,0.0,0.0,0.34419602,1
314,414,0.0,0.96622336,0.0,0.32207447,1
314,419,0.0,0.0,1.1864909,0.39549696,1
314,424,0.0,0.0,1.1862853,0.39542842,1
314,431,1.0618364,0.9950316,0.0,0.6856227,2
314,434,0.9701358,0.0,0.0,0.32337862,1
314,435,0.99609995,0.0,0.0,0.33203334,1
314,441,0.0,0.99458134,0.0,0.3315271,1
314,454,0.9766493,0.0,0.0,0.32554978,1
314,458,0.0,1.0248111,0.0,0.34160373,1
314,465,0.0,0.0,0.87973547,0.29324517,1
314,466,0.0,0.0,0.9579568,0.31931895,1
314,468,0.0,1.0336587,0.0,0.34455293,1
314,474,0.97801566,0.0,0.0,0.32600522,1
314,478,0.0,0.0,0.6492793,0.21642643,1
314,484,0.0,1.0829347,0.0,0.36097825,1
314,494,0.0,0.0,1.342694,0.4475647,1
314,503,0.97318,0.0,0.0,0.32439333,1
314,506,1.037591,0.0,0.7035539,0.58038163,2
314,508,0.0,0.9533673,0.0,0.3177891,1
314,510,0.0,1.0773939,1.3546602,0.8106847,2
315,321,0.0,0.95599383,0.0,0.3186646,1
315,333,0.0,0.0,0.73234874,0.24411625,1
315,339,0.9689477,0.0,0.0,0.32298258,1
315,346,0.0,0.0,0.71983194,0.23994398,1
315,351,0.0,1.0348257,0.0,0.3449419,1
315,354,0.0,0.95078015,0.0,0.31692672,1
315,363,0.0,0.0,0.743514,0.247838,1
315,375,0.0,0.9744149,0.0,0.32480496,1
315,379,0.0,0.0,0.8570632,0.28568774,1
315,380,0.0,0.0,1.1438624,0.38128746,1
315,381,0.0,0.9649894,0.0,0.32166314,1
315,390,1.0124158,0.0,0.0,0.33747193,1
315,392,0.0,0.94957554,0.0,0.3165252,1
315,393,0.0,0.0,1.0296639,0.3432213,1
315,394,1.0251722,0.0,0.7986425,0.6079383,2
315,398,0.9882746,0.0,0.0,0.32942486,1
315,409,0.0,0.9599672,1.970119,0.9766954,2
315,412,0.97791624,0.0,0.0,0.32597208,1
315,413,0.0,1.019163,0.0,0.33972102,1
315,414,0.0,0.0,0.74145365,0.24715123,1
315,421,0.0,0.0,0.87019426,0.29006475,1
315,435,0.0,1.0421495,0.0,0.3473832,1
315,439,1.0151576,0.0,0.0,0.33838588,1
315,453,0.0,0.0,0.72756344,0.24252115,1
315,459,0.0,0.0,1.1673759,0.38912532,1
315,464,0.0,0.94772804,0.0,0.31590936,1
315,477,0.0,0.9945203,0.74954677,0.5813557,2
315,482,0.0,1.0357115,0.0,0.3452372,1
315,483,0.0,0.0,1.2578679,0.41928932,1
315,485,0.0,0.0,1.5605382,0.5201794,1
315,487,0.0,0.0,0.84148103,0.28049368,1
315,506,1.0298159,0.0,0.0,0.34327197,1
316,317,0.0,0.0,1.6530983,0.5510328,1
316,323,0.0,1.0016711,0.0,0.33389038,1
316,329,0.0,0.0,1.3263086,0.44210288,1
316,333,0.0,0.96827346,0.0,0.32275784,1
316,336,1.0476838,0.0,0.0,0.34922796,1
316,354,1.012813,0.0,0.0,0.33760434,1
316,361,0.0,0.0,0.9878754,0.32929182,1
316,366,1.0039879,0.0,0.0,0.33466265,1
316,375,1.0352637,0.0,0.0,0.3450879,1
316,376,1.0870537,0.9541077,0.0,0.68038714,2
316,386,0.987559,0.0,0.0,0.32918635,1
316,387,0.0,0.0,1.1318511,0.3772837,1
316,397,0.99357903,0.0,0.0,0.33119303,1
316,405,0.0,0.9438176,0.0,0.3146059,1
316,406,0.0,0.0,1.5350833,0.51169443,1
316,408,0.97800463,0.0,0.0,0.32600155,1
316,415,1.0572019,0.0,0.0,0.35240063,1
316,416,0.0,0.96092653,0.0,0.32030886,1
316,418,0.96888864,0.0,0.0,0.32296288,1
316,439,0.0,0.9635771,0.0,0.32119238,1
316,441,0.0,0.0,1.310952,0.436984,1
316,452,0.98631334,0.0,0.0,0.3287711,1
316,463,0.9751167,0.0,0.0,0.3250389,1
316,476,0.0,0.9681115,0.0,0.32270384,1
316,486,0.0,1.110675,0.0,0.370225,1
316,487,0.97268444,0.0,0.0,0.32422817,1
316,490,1.0022502,0.0,0.0,0.3340834,1
316,501,0.0,0.9591723,0.90412605,0.6210995,2
316,502,0.9938537,0.0,0.0,0.33128458,1
316,510,0.0,1.077821,0.0,0.35927367,1
317,329,0.0,0.0,0.9730701,0.3243567,1
317,332,0.0,0.99071556,0.0,0.33023852,1
317,337,0.0,1.0429033,0.0,0.34763443,1
317,348,0.9834928,0.0,0.0,0.32783094,1
317,361,0.0,0.9895714,1.2375016,0.74235773,2
317,365,0.0,0.943215,0.0,0.31440502,1
317,368,0.9964907,0.0,0.0,0.33216357,1
317,372,1.095371,0.0,0.0,0.3651237,1
317,379,0.983046,0.0,0.0,0.32768202,1
317,380,0.9828984,0.0,0.0,0.3276328,1
317,384,1.0011237,0.0,0.0,0.3337079,1
317,387,0.0,0.0,0.9704131,0.32347104,1
317,406,0.0,0.0,1.6871029,0.5623677,1
317,419,0.0,0.96775615,0.0,0.3225854,1
317,422,1.0103914,0.0,0.0,0.33679712,1
317,425,1.0035927,0.0,0.0,0.33453092,1
317,427,0.0,0.9625863,0.0,0.3208621,1
317,432,0.9725505,0.0,0.0,0.32418352,1
317,441,0.0,0.0,0.7826427,0.26088092,1
317,447,0.0,0.94974226,0.0,0.31658077,1
317,459,0.99913347,0.0,0.0,0.3330445,1
317,463,0.9833186,0.0,0.0,0.3277729,1
317,471,0.0,1.0153973,0.0,0.33846578,1
317,480,0.0,0.95996934,0.0,0.3199898,1
317,496,1.0191922,0.0,0.0,0.33973074,1
317,501,0.0,0.0,0.596066,0.19868867,1
317,502,0.0,0.0,1.0182302,0.33941007,1
317,508,0.0,1.1437659,0.0,0.38125533,1
317,510,1.0794489,0.0,0.0,0.3598163,1
318,319,0.9699296,0.0,0.0,0.32330987,1
318,324,0.0,0.0,0.96681863,0.3222729,1
318,332,0.0,0.0,1.3829803,0.46099347,1
318,338,0.0,0.0,0.94425833,0.3147528,1
318,344,0.0,0.98885626,0.0,0.32961875,1
318,364,0.0,0.0,1.2478721,0.4159574,1
318,369,0.0,0.0,1.22528,0.4084267,1
318,370,0.0,0.98181784,0.0,0.32727262,1
318,375,0.0,0.0,1.6018845,0.53396153,1
318,376,0.0,0.0,0.9042125,0.30140418,1
318,377,1.002288,0.0,0.0,0.334096,1
318,378,0.0,0.9647253,0.0,0.3215751,1
318,389,1.0020925,0.0,0.0,0.33403084,1
318,397,0.0,0.0,1.2230608,0.40768695,1
318,398,0.0,0.0,1.1099337,0.36997792,1
318,399,0.9722403,0.0,0.0,0.3240801,1
318,416,0.99232537,0.0,0.0,0.33077514,1
318,419,0.0,0.9507536,0.0,0.3169179,1
318,420,0.0,0.0,1.1174128,0.37247095,1
318,422,0.0,0.0,1.5012918,0.5004306,1
318,443,0.0,0.0,1.0427525,0.3475842,1
318,444,0.0,0.0,1.1335515,0.3778505,1
318,456,0.0,1.1183574,0.0,0.3727858,1
318,457,0.96827316,0.0,0.0,0.32275772,1
318,459,0.0,0.9525594,0.0,0.3175198,1
318,461,0.0,1.013493,0.0,0.337831,1
318,482,0.9585998,0.0,0.95183176,0.63681054,2
318,484,0.9714987,0.0,0.0,0.32383293,1
318,496,0.0,0.0,1.409937,0.46997902,1
318,497,0.0,0.9656839,0.0,0.32189465,1
318,498,0.0,0.0,0.88259304,0.29419768,1
318,499,0.9680159,0.0,0.0,0.32267198,1
318,500,0.0,0.0,0.7355469,0.2451823,1
318,507,0.0,0.0,0.91298044,0.30432683,1
318,511,1.0494101,0.0,0.0,0.3498034,1
319,324,1.027682,0.0,0.0,0.34256065,1
319,325,0.0,0.959868,0.0,0.319956,1
319,326,0.0,0.97372663,0.0,0.32457554,1
319,328,1.0357336,0.0,0.0,0.34524453,1
319,329,0.0,0.9992845,0.0,0.33309484,1
319,345,0.9959965,0.0,0.0,0.33199883,1
319,347,0.0,0.0,0.91260874,0.3042029,1
319,353,0.0,0.0,1.4631764,0.48772547,1
319,357,0.97134453,0.0,0.7416677,0.5710041,2
319,362,0.0,0.93774843,0.0,0.31258282,1
319,365,0.9552806,0.0,0.0,0.31842688,1
319,372,0.0,0.0,0.8410664,0.28035548,1
319,379,0.0,0.0,1.4897255,0.49657518,1
319,383,0.0,0.0,0.8497192,0.28323975,1
319,385,1.0674719,0.0,0.0,0.35582396,1
319,387,1.0102754,0.0,0.0,0.33675846,1
319,398,0.9797678,0.0,0.0,0.3265893,1
319,407,0.977977,0.962297,0.0,0.646758,2
319,418,0.0,0.0,1.8770728,0.62569094,1
319,423,0.0,0.0,1.4115367,0.47051224,1
319,427,0.0,0.0,0.8698893,0.28996313,1
319,428,0.0,0.0,1.0490389,0.34967965,1
319,430,0.0,0.0,1.7754436,0.5918145,1
319,433,0.0,0.0,0.9536873,0.31789577,1
319,437,0.0,1.1167822,0.0,0.37226075,1
319,453,0.99252856,0.0,0.0,0.33084285,1
319,457,0.0,0.97934353,0.0,0.32644784,1
319,470,0.0,0.0,1.0704432,0.35681438,1
319,479,0.0,0.93712234,0.0,0.31237411,1
319,495,1.0201808,0.0,0.76917183,0.5964509,2
319,499,1.024246,0.0,1.2780664,0.76743746,2
320,321,0.0,0.9946934,0.0,0.3315645,1
320,322,0.9650803,0.0,0.0,0.32169345,1
320,324,0.0,0.9787361,0.0,0.32624537,1
320,334,0.0,0.0,0.9510931,0.31703103,1
320,341,0.0,0.0,0.86499625,0.2883321,1
320,342,0.0,0.0,0.7374328,0.24581093,1
320,343,0.0,1.0707105,0.0,0.35690352,1
320,347,0.982757,0.0,0.0,0.32758567,1
320,349,0.0,0.0,0.5875741,0.19585805,1
320,356,0.0,0.0,0.7762673,0.25875577,1
320,360,0.0,0.0,0.76608765,0.25536257,1
320,363,0.0,0.96956664,0.0,0.3231889,1
320,367,0.9673677,0.0,0.0,0.3224559,1
320,375,0.0,0.94821715,0.6782272,0.5421481,2
320,381,0.0,0.0,1.357314,0.452438,1
320,386,0.0,0.9352987,0.0,0.31176624,1
320,390,0.0,0.0,1.1957449,0.39858162,1
320,391,0.0,0.0,0.6246524,0.20821747,1
320,395,0.0,0.97425336,0.0,0.32475114,1
320,396,0.0,0.0,1.425463,0.47515434,1
320,411,0.0,0.99582005,0.0,0.33194003,1
320,414,0.0,0.96860796,0.0,0.32286933,1
320,420,0.0,1.0152615,0.0,0.3384205,1
320,425,0.0,0.93970037,0.0,0.31323346,1
320,427,0.98677933,0.0,0.0,0.32892644,1
320,439,0.0,0.95087045,0.0,0.31695682,1
320,440,0.0,0.0,1.8884354,0.62947845,1
320,444,0.9593265,0.0,0.0,0.31977552,1
320,450,1.0981712,0.0,0.0,0.3660571,1
320,454,0.99013454,0.0,0.0,0.33004487,1
320,459,0.9744998,0.0,0.0,0.32483327,1
320,460,0.9700085,0.0,0.0,0.32333618,1
320,476,1.0198058,0.0,0.0,0.33993527,1
320,488,0.0,0.0,0.95815396,0.31938466,1
320,492,0.0,1.0057276,0.0,0.33524257,1
320,497,0.0,0.9929235,0.0,0.33097452,1
320,498,1.015791,0.0,0.0,0.33859703,1
320,504,0.9657314,0.0,0.0,0.32191047,1
321,323,0.0,0.0,0.4374049,0.14580163,1
321,325,0.0,0.0,0.7478439,0.24928132,1
321,326,0.0,0.0,1.4256295,0.47520983,1
321,328,0.977225,0.9918266,0.67492867,0.8813268,3
321,336,0.0,0.0,0.8766576,0.29221922,1
321,337,0.9984576,0.0,0.84490204,0.61445326,2
321,340,0.0,0.0,1.3065803,0.4355268,1
321,343,0.0,0.0,1.4722127,0.49073756,1
321,349,0.0,0.95495015,0.0,0.31831673,1
321,352,0.0,0.0,0.8157791,0.27192637,1
321,358,0.0,0.0,0.60024345,0.20008115,1
321,363,0.0,0.9715722,0.0,0.32385743,1
321,366,0.0,1.064528,0.0,0.35484266,1
321,370,0.0,0.0,1.49037,0.49679002,1
321,371,0.0,0.96020305,0.0,0.3200677,1
321,375,0.9761446,0.0,0.0,0.32538155,1
321,377,0.0,1.0897785,0.0,0.36325952,1
321,403,0.0,0.0,1.1006051,0.36686838,1
321,405,0.9865973,0.0,0.0,0.32886577,1
321,408,0.0,0.0,0.48266703,0.16088901,1
321,415,0.0,0.0,0.58457315,0.19485772,1
321,416,0.0,0.0,0.708763,0.23625433,1
321,438,0.96644366,0.9932674,0.0,0.65323704,2
321,441,0.98282456,0.0,0.0,0.3276082,1
321,442,0.96278554,0.0,0.0,0.3209285,1
321,444,0.9791728,0.0,0.0,0.32639095,1
321,446,0.96528864,0.0,0.66519725,0.5434953,2
321,449,0.9785033,0.0,0.0,0.32616776,1
321,460,0.0,0.96977705,0.0,0.32325903,1
321,461,0.0,0.0,0.8990414,0.29968047,1
321,465,1.0830826,0.0,0.7114729,0.5981852,2
321,466,0.0,0.0,0.6531311,0.21771038,1
321,474,0.98981977,0.0,0.0,0.32993993,1
321,484,0.0,0.9995666,0.0,0.3331889,1
321,491,0.0,0.0,1.1303319,0.3767773,1
321,494,0.0,0.0,1.3886433,0.4628811,1
321,497,0.0,0.0,0.5896587,0.1965529,1
321,500,0.0,0.9676787,0.0,0.3225596,1
321,505,0.0,0.95289105,0.0,0.31763035,1
321,506,0.0,0.0,1.7730429,0.5910143,1
321,510,0.0,0.0,1.6053463,0.5351155,1
322,329,0.0,0.0,0.9530004,0.31766683,1
322,332,0.0,0.9973202,0.0,0.33244008,1
322,342,0.9859762,0.0,0.0,0.32865876,1
322,356,0.0,0.9630263,0.0,0.32100877,1
322,360,0.96526825,0.0,0.0,0.3217561,1
322,361,0.0,0.0,0.75824875,0.2527496,1
322,371,0.0,1.054692,0.0,0.35156402,1
322,382,0.0,1.0585172,0.0,0.35283908,1
322,386,0.0,0.96589744,0.66704524,0.54431427,2
322,406,0.0,0.9592912,0.0,0.31976375,1
322,412,0.0,0.98806435,0.0,0.3293548,1
322,413,0.0,0.0,0.7604762,0.25349206,1
322,427,0.969252,0.0,0.9522711,0.6405077,2
322,428,0.0,0.94303894,0.0,0.3143463,1
322,429,0.9717033,0.0,0.0,0.32390112,1
322,430,0.0,0.0,0.8008471,0.26694906,1
322,433,0.0,0.0,0.96879345,0.32293117,1
322,436,0.0,0.96687424,1.1066453,0.6911732,2
322,439,0.96210074,0.0,0.0,0.32070026,1
322,440,0.9691373,0.0,0.0,0.3230458,1
322,441,0.0,0.0,0.9357522,0.31191742,1
322,443,0.0,1.106498,0.0,0.36883268,1
322,450,0.0,1.0399456,0.0,0.34664854,1
322,454,0.9880838,0.0,0.0,0.32936126,1
322,455,0.0,0.0,0.7097023,0.23656744,1
322,470,0.0,0.93372995,0.0,0.31124333,1
322,478,0.0,1.1829674,0.0,0.39432248,1
322,479,0.9937751,0.0,0.0,0.3312584,1
322,481,0.0,1.0126426,0.0,0.33754754,1
322,486,0.0,0.94006425,0.0,0.31335476,1
322,489,0.0,0.0,0.9013935,0.3004645,1
322,493,0.0,0.9494975,0.0,0.31649917,1
322,494,0.98105687,0.0,0.0,0.32701898,1
322,495,0.9844874,0.0,0.0,0.3281625,1
322,499,0.0,1.1247468,0.0,0.3749156,1
322,501,0.0,0.0,0.7304026,0.24346754,1
323,326,0.0,0.0,0.42757487,0.14252496,1
323,332,1.0100293,1.0536143,0.0,0.68788123,2
323,334,0.9739303,0.0,0.0,0.32464343,1
323,339,0.0,1.0050864,0.0,0.33502883,1
323,340,0.0,0.0,0.5731821,0.1910607,1
323,341,1.0094293,0.0,0.0,0.33647645,1
323,343,0.0,0.0,0.865642,0.28854734,1
323,345,0.0,0.0,0.83448225,0.27816075,1
323,347,1.0693891,0.0,0.0,0.35646304,1
323,348,0.0,0.96792245,0.0,0.32264084,1
323,349,0.0,1.142517,0.0,0.380839,1
323,359,0.0,0.9467348,0.0,0.31557828,1
323,365,1.0333536,0.0,0.0,0.3444512,1
323,369,0.96681464,0.0,0.0,0.32227156,1
323,375,1.0154258,0.95435226,0.0,0.6565927,2
323,378,0.0,0.98489076,0.0,0.32829693,1
323,382,0.0,0.9457959,0.0,0.3152653,1
323,398,0.96819496,0.0,0.0,0.32273167,1
323,416,0.0,0.0,0.59086776,0.19695592,1
323,419,0.0,1.0041537,0.63035,0.5448346,2
323,424,0.0,0.0,0.9491547,0.3163849,1
323,428,0.9725879,0.0,0.0,0.32419598,1
323,432,0.0,0.969922,0.0,0.32330734,1
323,435,0.0,0.0,0.6201762,0.2067254,1
323,445,0.9670202,0.0,0.0,0.32234007,1
323,448,1.002349,0.0,0.0,0.33411634,1
323,465,0.0,1.0242289,0.0,0.34140965,1
323,469,1.0983546,0.0,0.0,0.3661182,1
323,473,0.0,0.0,0.9685168,0.32283896,1
323,484,0.996585,0.0,0.0,0.332195,1
323,486,0.0,0.9699087,0.0,0.32330292,1
323,494,0.0,0.0,0.4513419,0.15044731,1
323,498,0.9807022,0.0,0.0,0.32690075,1
323,502,0.0,1.0006036,0.0,0.33353454,1
323,503,0.0,0.9427485,0.0,0.31424952,1
323,507,0.0,1.0085603,0.0,0.33618677,1
323,510,0.0,0.0,0.5370103,0.17900345,1
324,338,0.0,0.0,1.1786357,0.3928786,1
324,342,0.9804618,0.0,0.0,0.3268206,1
324,344,1.0393147,0.0,0.0,0.34643826,1
324,349,0.9714484,0.0,0.0,0.32381615,1
324,357,0.977516,0.0,1.1083773,0.69529784,2
324,363,0.0,1.0275859,0.0,0.34252864,1
324,364,1.0309358,0.0,1.8069043,0.94594675,2
324,369,0.0,0.0,0.58014756,0.19338253,1
324,370,1.0268385,0.0,0.0,0.34227952,1
324,373,1.0114653,0.0,0.0,0.3371551,1
324,376,0.0,0.0,1.4133766,0.47112554,1
324,385,0.0,1.0796394,0.0,0.35987982,1
324,394,0.0,1.0473332,0.0,0.34911108,1
324,398,0.0,0.0,1.3616563,0.45388544,1
324,406,1.0226352,0.0,0.0,0.34087843,1
324,408,0.98630923,0.0,0.0,0.32876974,1
324,420,0.0,0.0,1.378538,0.45951268,1
324,426,1.0371884,0.0,0.0,0.34572947,1
324,429,0.0,0.0,1.1331447,0.37771493,1
324,434,0.0,0.0,0.8746365,0.2915455,1
324,438,1.0271205,0.0,0.0,0.3423735,1
324,443,0.0,1.0313995,1.9050976,0.97883236,2
324,448,1.0145544,0.0,0.0,0.3381848,1
324,450,0.0,0.9689777,0.0,0.32299256,1
324,480,0.0,0.97410315,0.0,0.32470107,1
324,482,0.0,0.0,0.6870954,0.2290318,1
324,496,0.0,0.0,0.5889016,0.19630054,1
324,498,0.0,0.0,1.3240515,0.44135052,1
324,500,0.0,0.0,1.5911759,0.530392,1
324,502,0.0,1.1140485,0.0,0.3713495,1
324,504,0.0,0.9478623,0.0,0.31595412,1
324,511,0.0,0.0,1.0453345,0.34844482,1
325,333,0.0,0.0,0.7791974,0.25973248,1
325,337,0.0,0.0,1.2370745,0.41235816,1
325,346,0.0,1.0146489,0.0,0.3382163,1
325,350,0.96010244,0.0,0.0,0.32003415,1
325,352,0.0,0.0,0.48843753,0.16281252,1
325,361,0.0,1.0471727,0.0,0.34905756,1
325,362,0.0,0.9469297,0.0,0.31564325,1
325,363,0.0,0.980805,0.0,0.326935,1
325,372,0.0,0.0,1.1094996,0.3698332,1
325,374,0.0,0.0,0.78918886,0.26306295,1
325,379,1.0434487,0.0,0.0,0.34781623,1
325,380,0.9617907,0.0,0.0,0.3205969,1
325,383,0.0,0.9614979,0.0,0.3204993,1
325,384,0.9878993,0.0,0.0,0.32929978,1
325,400,0.0,0.0,0.69537705,0.23179236,1
325,411,0.0,0.9691942,0.0,0.32306474,1
325,415,0.0,0.0,0.82383806,0.2746127,1
325,420,0.0,0.94310635,0.0,0.31436878,1
325,431,0.9682957,0.0,0.0,0.32276523,1
325,445,0.0,0.0,0.88240516,0.29413506,1
325,446,0.0,0.0,0.833687,0.2778957,1
325,457,0.0,0.9364063,0.0,0.31213546,1
325,461,0.0,1.1047279,1.3341359,0.8129546,2
325,464,0.0,1.0018137,0.9202754,0.64069635,2
325,467,0.0,0.0,0.719159,0.23971967,1
325,469,0.9776513,0.0,0.0,0.32588378,1
325,471,1.0067141,0.0,0.0,0.33557138,1
325,473,0.9754369,0.0,0.0,0.32514566,1
325,478,0.0,0.9725865,0.0,0.3241955,1
325,480,0.0,0.0,1.4897391,0.4965797,1
325,486,0.9761553,0.0,0.0,0.3253851,1
325,491,0.0,0.0,1.5759867,0.52532893,1
325,493,1.05291,0.0,0.0,0.35097,1
325,497,0.968862,0.0,0.0,0.322954,1
325,498,0.0,0.0,0.66920793,0.22306931,1
325,499,0.0,1.2957138,0.69157124,0.6624284,2
325,506,0.0,0.0,0.7422621,0.24742071,1
325,510,1.0444382,0.0,0.0,0.34814608,1
326,335,0.0,0.0,0.76416534,0.2547218,1
326,337,0.0,0.0,0.987385,0.32912832,1
326,340,0.0,0.0,1.2491304,0.4163768,1
326,343,0.0,0.0,0.75589734,0.2519658,1
326,345,0.0,0.0,0.7877688,0.2625896,1
326,347,0.98131233,0.0,0.0,0.32710412,1
326,362,1.0261737,0.0,0.0,0.3420579,1
326,363,0.0,0.9958755,0.0,0.3319585,1
326,370,0.97429943,0.9691222,1.1937115,1.045711,3
326,371,0.0,0.93668425,0.0,0.31222808,1
326,375,1.0442431,0.0,0.0,0.34808105,1
326,382,0.0,0.0,0.9494111,0.31647038,1
326,383,0.0,0.0,0.5789775,0.19299251,1
326,388,0.0,0.0,1.1429057,0.38096857,1
326,393,1.0165809,0.0,0.0,0.33886033,1
326,394,0.9676847,0.0,0.0,0.32256156,1
326,403,0.0,0.0,0.6842937,0.2280979,1
326,405,0.0,0.0,0.5458206,0.1819402,1
326,419,0.0,0.0,0.6501701,0.21672337,1
326,434,0.0,1.0397013,0.0,0.34656712,1
326,435,0.0,0.0,0.7648116,0.2549372,1
326,443,0.9754215,0.0,0.0,0.3251405,1
326,445,0.9648384,0.0,0.0,0.3216128,1
326,454,0.0,0.9927571,0.0,0.33091903,1
326,461,0.0,0.0,0.60372144,0.20124048,1
326,464,1.0292568,0.0,0.0,0.34308562,1
326,465,0.0,0.0,1.5179037,0.5059679,1
326,466,0.0,0.0,1.131322,0.37710735,1
326,467,0.9589365,0.0,0.0,0.31964552,1
326,469,0.0,0.0,0.41652086,0.13884029,1
326,474,0.0,0.0,0.7501924,0.25006413,1
326,478,0.0,0.0,0.44606245,0.14868748,1
326,491,0.0,0.9896698,0.9061597,0.6319432,2
326,494,0.0,0.0,1.9172965,0.6390989,1
326,497,0.0,0.0,0.47258633,0.15752879,1
326,498,0.9698714,0.0,0.0,0.32329047,1
326,506,0.0,0.0,1.0261256,0.34204185,1
326,508,0.0,0.0,0.9366942,0.31223142,1
326,510,0.98284686,0.0,1.2676259,0.7501576,2
327,328,0.0,0.0,1.2318035,0.4106012,1
327,330,0.0,0.94730943,0.6965433,0.5479509,2
327,331,0.97398484,0.0,0.0,0.3246616,1
327,335,0.0,0.0,0.76894873,0.25631624,1
327,337,0.0,0.0,0.71821785,0.23940596,1
327,339,0.9701941,0.0,0.0,0.32339805,1
327,343,0.0,0.0,0.91454667,0.3048489,1
327,347,0.0,1.0880514,0.0,0.36268383,1
327,349,0.0,0.98307055,0.0,0.32769018,1
327,350,0.0,1.030138,0.0,0.34337935,1
327,364,0.0,1.1557637,0.0,0.3852546,1
327,370,0.0,0.0,1.0246516,0.34155056,1
327,375,0.0,1.0440811,0.0,0.34802705,1
327,388,0.0,1.1234038,0.0,0.37446794,1
327,400,0.0,0.0,1.3492442,0.4497481,1
327,401,1.0222039,0.0,0.0,0.34073466,1
327,403,0.0,0.0,1.2358279,0.41194266,1
327,410,0.0,0.0,1.3152848,0.43842828,1
327,437,0.9674358,0.9945685,0.0,0.6540015,2
327,438,0.0,0.0,1.2281272,0.40937576,1
327,442,0.0,0.0,0.9477496,0.31591654,1
327,444,0.9710933,0.0,0.84469837,0.60526395,2
327,446,1.0284258,0.0,0.0,0.3428086,1
327,448,0.0,0.9779596,0.0,0.32598653,1
327,450,0.0,0.0,0.82817984,0.27605996,1
327,454,0.9621386,0.0,0.8010815,0.58774006,2
327,458,1.0280977,0.0,0.0,0.34269926,1
327,462,0.0,0.0,0.7017947,0.23393157,1
327,463,0.0,0.9433692,0.0,0.3144564,1
327,474,0.0,0.0,0.97845453,0.32615152,1
327,476,0.0,0.0,0.7372965,0.2457655,1
327,478,0.9672167,0.0,1.1440636,0.70376015,2
327,482,0.9667082,0.0,0.0,0.32223606,1
327,483,0.0,0.9455634,0.0,0.3151878,1
327,486,1.008087,0.0,0.0,0.33602902,1
327,491,0.0,0.0,0.7494156,0.2498052,1
328,330,0.0,0.0,0.63351434,0.21117145,1
328,331,0.9750278,0.0,0.0,0.3250093,1
328,335,1.0374576,0.0,0.0,0.3458192,1
328,336,0.0,0.0,1.2073938,0.4024646,1
328,340,0.9887529,0.0,0.0,0.3295843,1
328,343,0.0,0.0,0.9492445,0.31641483,1
328,347,0.0,0.9429611,0.0,0.3143204,1
328,354,0.0,0.9713717,0.0,0.32379058,1
328,356,0.0,1.0474777,0.0,0.34915924,1
328,357,1.0716597,0.0,0.0,0.3572199,1
328,370,0.0,0.0,0.8240038,0.27466795,1
328,378,0.0,0.98174417,0.0,0.32724807,1
328,392,0.9801919,0.0,0.0,0.32673064,1
328,398,1.016911,0.0,0.0,0.33897036,1
328,400,0.0,0.95797175,0.78164303,0.57987165,2
328,403,0.0,0.0,1.3407755,0.44692516,1
328,408,0.9943709,0.0,0.0,0.33145696,1
328,410,0.0,0.0,0.8886244,0.29620814,1
328,434,0.9799091,0.0,0.0,0.32663637,1
328,438,0.0,0.0,1.3040305,0.43467686,1
328,444,0.9923512,0.0,1.8672553,0.9532022,2
328,445,0.0,0.99386626,0.0,0.33128875,1
328,454,0.0,0.0,1.7047551,0.5682517,1
328,460,0.0,0.0,0.8698993,0.28996643,1
328,465,0.96337944,0.0,0.0,0.3211265,1
328,470,0.9716769,0.0,0.0,0.3238923,1
328,474,1.0287218,0.9499589,0.0,0.65956026,2
328,489,1.0513585,0.0,0.0,0.35045284,1
328,499,0.9651915,0.0,0.0,0.3217305,1
328,502,0.0,1.013506,0.69740343,0.5703032,2
328,508,0.9649443,0.0,0.0,0.32164812,1
328,509,0.9800277,0.0,0.0,0.3266759,1
329,331,0.0,0.9791936,0.0,0.3263979,1
329,348,0.9632592,0.0,0.0,0.3210864,1
329,354,0.0,1.0067283,0.0,0.33557612,1
329,355,0.0,0.0,1.1580616,0.38602054,1
329,359,0.0,0.94504714,1.2645113,0.7365195,2
329,361,0.0,0.0,1.3009536,0.4336512,1
329,362,0.0,0.94523793,0.0,0.31507933,1
329,369,0.0,1.1089959,0.0,0.36966532,1
329,372,0.0,0.9823874,0.0,0.3274625,1
329,377,0.0,0.0,0.9887237,0.32957458,1
329,387,0.0,1.039021,0.85510665,0.6313759,2
329,389,0.0,0.9672636,0.0,0.3224212,1
329,392,1.0691208,0.0,0.0,0.3563736,1
329,396,0.9628362,0.0,0.0,0.3209454,1
329,400,0.97292054,0.0,0.0,0.32430685,1
329,402,0.0,1.0447669,0.0,0.34825563,1
329,406,0.9988292,0.0,1.0804436,0.693091,2
329,409,0.9954939,0.0,0.0,0.3318313,1
329,412,0.0,0.0,0.73587894,0.24529299,1
329,414,0.9903447,0.0,0.0,0.3301149,1
329,421,1.0026504,0.0,0.0,0.3342168,1
329,423,0.0,0.98599166,0.0,0.3286639,1
329,427,0.0,0.9439077,0.0,0.3146359,1
329,436,0.0,0.93492085,0.8319798,0.5889669,2
329,441,0.0,0.0,1.6157172,0.53857243,1
329,452,0.0,0.9246361,0.0,0.30821204,1
329,455,0.0,0.0,1.0638336,0.35461122,1
329,459,0.0,1.172093,0.0,0.3906977,1
329,470,1.053739,0.0,0.0,0.35124633,1
329,472,0.0,0.0,0.59348935,0.19782978,1
329,473,0.0,0.9396298,0.0,0.31320995,1
329,475,0.0,0.9929909,0.0,0.330997,1
329,485,0.0,0.96618414,0.0,0.3220614,1
329,501,0.0,0.0,0.6976436,0.23254786,1
330,340,0.0,1.0450515,0.0,0.3483505,1
330,351,1.0022389,0.0,0.0,0.33407962,1
330,356,0.0,0.0,0.56567997,0.18856,1
330,373,0.0,1.0409567,0.0,0.34698558,1
330,376,1.0623294,0.0,0.0,0.35410982,1
330,377,1.0231426,0.0,0.0,0.34104753,1
330,396,0.0,0.0,0.6073025,0.20243417,1
330,401,0.97030044,0.0,0.0,0.3234335,1
330,405,0.9628361,0.0,0.0,0.32094538,1
330,411,0.0,1.0334755,0.0,0.34449184,1
330,418,0.9846556,0.0,0.0,0.32821855,1
330,420,0.0,1.0084367,0.0,0.33614558,1
330,442,0.0,0.9884604,0.0,0.32948682,1
330,448,0.0,0.0,0.61412257,0.20470753,1
330,449,0.97487557,0.0,0.0,0.32495853,1
330,451,0.0,0.96776927,0.5338102,0.5005265,2
330,454,0.0,0.0,0.5938275,0.1979425,1
330,459,0.0,0.94699514,0.0,0.31566507,1
330,462,0.97452617,0.0,0.0,0.32484207,1
330,476,0.0,0.0,0.70889866,0.23629956,1
330,479,0.0,1.0252693,0.0,0.34175643,1
330,484,0.0,0.9881952,0.0,0.3293984,1
330,488,0.98249304,0.0,0.7199209,0.5674713,2
330,495,1.0011699,0.0,0.0,0.3337233,1
330,499,0.0,1.0295511,0.0,0.34318373,1
330,505,0.0,0.0,0.7910643,0.26368812,1
330,509,0.0,1.1096811,0.0,0.36989373,1
331,333,0.0,0.9505898,0.0,0.31686327,1
331,337,1.0088836,0.0,0.0,0.33629453,1
331,350,0.971883,0.0,0.0,0.32396102,1
331,352,1.051834,0.0,0.0,0.35061133,1
331,354,0.0,0.0,1.2037462,0.40124875,1
331,357,0.96161336,0.0,0.0,0.3205378,1
331,362,0.0,0.9366538,0.0,0.31221795,1
331,366,0.0,0.0,0.71697414,0.23899138,1
331,369,0.0,0.0,1.4277033,0.4759011,1
331,381,1.069949,0.0,0.0,0.3566497,1
331,383,0.0,0.9523837,0.0,0.31746125,1
331,392,0.0,0.0,1.2737103,0.42457008,1
331,396,1.0030777,0.0,0.0,0.33435926,1
331,397,0.0,0.95367557,0.0,0.31789187,1
331,399,0.0,0.0,1.6210325,0.5403442,1
331,402,0.0,0.929694,0.0,0.30989802,1
331,407,0.0,1.038847,0.0,0.34628233,1
331,413,0.0,0.9641493,0.0,0.32138312,1
331,415,0.0,0.9755615,0.0,0.32518718,1
331,423,1.0102471,1.049872,0.0,0.6867064,2
331,426,0.9690446,0.0,0.0,0.3230149,1
331,431,0.0,0.9904095,1.9580545,0.98282135,2
331,432,0.0,0.0,0.893813,0.2979377,1
331,436,0.0,1.0052584,0.0,0.33508617,1
331,437,0.0,0.0,0.82267445,0.27422482,1
331,440,0.9977257,0.0,0.0,0.33257526,1
331,449,0.0,0.0,1.0499843,0.34999478,1
331,451,0.0,0.0,0.84874934,0.28291646,1
331,452,0.0,0.0,1.8235874,0.6078625,1
331,456,0.97965306,0.0,0.0,0.32655102,1
331,461,0.0,0.9458083,0.0,0.31526944,1
331,464,1.0176872,0.0,0.0,0.33922908,1
331,480,0.96532345,0.0,0.0,0.32177448,1
331,481,0.96688014,0.0,0.887116,0.6179987,2
331,482,0.0,0.0,0.81075275,0.27025092,1
331,496,0.0,0.0,1.0844551,0.36148506,1
331,497,0.0,0.0,0.7039614,0.2346538,1
331,505,0.0,0.0,0.9867519,0.32891732,1
331,508,1.0375053,0.0,0.0,0.3458351,1
332,333,0.97270185,0.0,0.0,0.32423395,1
332,346,0.99200344,0.0,0.0,0.33066782,1
332,354,0.0,0.996779,0.0,0.33225968,1
332,357,0.0,1.0498906,0.0,0.34996355,1
332,359,0.0,0.94196653,0.0,0.31398886,1
332,360,0.0,0.9879549,0.0,0.3293183,1
332,369,0.0,0.0,0.78650874,0.2621696,1
332,374,0.9903156,0.0,0.0,0.33010522,1
332,375,1.152711,0.0,0.8381394,0.66361684,2
332,383,1.035612,0.0,0.0,0.345204,1
332,384,0.0,0.0,0.7665424,0.25551414,1
332,397,0.0,0.0,0.82483315,0.2749444,1
332,404,1.0295004,0.0,1.1043379,0.71127945,2
332,405,0.0,0.0,1.3997703,0.4665901,1
332,407,0.0,0.0,0.94062984,0.3135433,1
332,409,0.0,1.0328768,0.0,0.34429228,1
332,410,0.0,0.0,0.63739854,0.21246618,1
332,419,0.0,0.0,0.66319215,0.22106406,1
332,422,0.0,0.0,1.139828,0.37994266,1
332,432,0.97588325,0.0,0.0,0.32529444,1
332,444,0.0,0.0,0.96622044,0.3220735,1
332,445,0.96267354,0.0,0.0,0.3208912,1
332,446,0.0,0.0,0.81154823,0.2705161,1
332,456,0.0,1.049031,0.0,0.34967703,1
332,475,0.95844775,0.0,0.0,0.3194826,1
332,480,0.0,1.0101099,0.0,0.3367033,1
332,481,0.0,1.0489029,0.0,0.3496343,1
332,482,0.0,1.0646023,1.421021,0.8285411,2
332,490,0.0,0.0,0.82372195,0.27457398,1
332,496,1.0877343,0.0,0.79533195,0.62768877,2
332,498,1.0063808,0.0,0.0,0.33546028,1
332,500,0.977105,0.0,0.0,0.32570168,1
332,503,0.0,1.0920922,0.0,0.36403072,1
332,507,0.0,0.0,1.2309264,0.4103088,1
333,335,0.0,0.97240037,0.0,0.32413346,1
333,346,1.0359691,0.0,0.0,0.34532306,1
333,349,0.99680877,0.0,0.0,0.3322696,1
333,356,1.0928835,0.0,0.0,0.3642945,1
333,358,0.0,0.0,0.81322265,0.27107424,1
333,362,0.96799695,0.0,0.0,0.32266566,1
333,363,1.0343889,0.0,0.0,0.3447963,1
333,372,0.0,0.0,0.95913655,0.3197122,1
333,373,0.0,0.0,0.8801195,0.29337317,1
333,374,0.0,0.0,0.83106506,0.2770217,1
333,375,0.0,1.0229468,0.0,0.3409823,1
333,379,1.0086352,0.0,0.0,0.33621174,1
333,382,0.974536,0.0,0.0,0.32484534,1
333,383,1.0206327,0.0,0.0,0.3402109,1
333,395,0.0,0.0,1.1972417,0.39908057,1
333,408,0.0,0.0,0.7268626,0.24228755,1
333,416,0.0,1.0306305,0.0,0.3435435,1
333,418,0.98287386,0.0,0.0,0.32762462,1
333,423,0.9634924,0.0,1.1142957,0.6925961,2
333,427,1.0346085,0.0,0.0,0.3448695,1
333,428,0.0,0.0,0.63885176,0.21295059,1
333,429,0.0,0.9519665,0.0,0.3173222,1
333,445,0.0,0.0,1.1526921,0.3842307,1
333,447,0.0,0.98879373,0.0,0.32959792,1
333,453,0.0,0.0,0.6617909,0.22059697,1
333,454,0.0,0.9555648,0.0,0.31852162,1
333,455,0.99404275,0.0,0.0,0.33134758,1
333,464,1.0302348,0.0,1.8050661,0.94510037,2
333,471,0.0,0.0,1.005888,0.335296,1
333,477,0.0,0.0,1.0474519,0.34915063,1
333,484,0.0,1.0047969,0.0,0.3349323,1
333,485,1.0161328,0.0,0.0,0.33871096,1
333,491,1.0038606,0.0,0.0,0.3346202,1
333,498,0.0,0.0,0.7867161,0.2622387,1
333,501,1.0699092,0.0,0.0,0.3566364,1
334,335,1.0306225,0.0,0.0,0.34354085,1
334,336,1.0199114,0.0,0.0,0.33997047,1
334,360,0.0,0.0,1.03357,0.34452337,1
334,361,0.98321867,0.0,0.0,0.32773957,1
334,365,0.0,1.01227,0.0,0.33742332,1
334,366,0.0,0.9539356,0.0,0.31797856,1
334,388,0.9689827,0.0,0.0,0.32299423,1
334,390,0.0,0.0,0.70451516,0.2348384,1
334,391,0.0,0.0,0.74912727,0.2497091,1
334,394,0.0,0.0,1.379482,0.45982736,1
334,396,0.0,0.0,0.8448085,0.28160286,1
334,399,0.988375,0.0,0.0,0.32945836,1
334,400,0.9928153,0.0,0.0,0.33093846,1
334,402,1.0325562,0.0,0.0,0.3441854,1
334,409,1.0254633,0.0,0.0,0.34182113,1
334,410,0.0,0.9376289,0.0,0.31254297,1
334,414,0.999073,0.0,1.2511322,0.7500684,2
334,418,0.99547106,0.0,0.0,0.3318237,1
334,434,0.9720634,0.0,0.0,0.32402116,1
334,435,0.0,0.9357666,0.0,0.3119222,1
334,437,1.0088881,0.0,0.0,0.33629605,1
334,440,0.0,0.0,0.6431581,0.21438603,1
334,444,0.0,0.983199,0.0,0.327733,1
334,449,0.9660877,0.0,0.0,0.32202923,1
334,456,0.0,0.0,0.7599225,0.25330752,1
334,479,0.0,0.9477485,0.0,0.31591618,1
334,481,0.0,0.0,0.7774138,0.25913793,1
334,485,0.9966367,0.0,0.0,0.33221224,1
334,487,1.0071056,0.0,0.0,0.33570188,1
334,498,0.9631515,0.0,0.0,0.32105052,1
334,501,0.0,0.9583065,0.0,0.3194355,1
334,507,0.9781293,0.0,0.0,0.32604313,1
335,339,0.0,0.0,0.5882413,0.19608043,1
335,341,0.96713704,0.0,0.0,0.32237902,1
335,352,0.0,0.95039856,0.0,0.31679952,1
335,355,0.0,1.1992137,0.0,0.39973792,1
335,360,0.9957716,0.0,0.0,0.33192387,1
335,375,0.98132914,0.0,0.0,0.32710972,1
335,388,0.9751201,0.0,0.0,0.32504004,1
335,397,1.005815,1.0142395,0.0,0.6733515,2
335,404,0.0,0.0,0.6964636,0.23215453,1
335,406,0.0,0.0,0.79942006,0.26647335,1
335,407,0.0,1.1865551,0.0,0.3955184,1
335,410,0.0,0.0,1.1763602,0.3921201,1
335,416,0.0,0.97265404,0.0,0.32421803,1
335,425,0.0,0.0,0.7742627,0.25808758,1
335,428,0.0,0.9623075,0.0,0.3207692,1
335,433,1.021779,0.0,0.0,0.34059298,1
335,438,0.0,0.0,0.79057217,0.26352406,1
335,442,0.0,0.0,1.5933418,0.531114,1
335,443,1.005303,0.0,0.0,0.335101,1
335,463,0.98624367,0.0,0.0,0.3287479,1
335,465,0.0,0.0,1.1018752,0.36729175,1
335,473,1.0188252,0.0,0.0,0.3396084,1
335,474,0.0,0.985006,1.2977917,0.76093256,2
335,476,0.0,0.0,0.9784627,0.32615423,1
335,478,0.0,0.0,0.5968437,0.1989479,1
335,479,0.0,0.0,0.8409119,0.28030398,1
335,485,1.0368557,0.9498029,0.0,0.6622195,2
335,490,0.0,0.0,0.91274047,0.30424684,1
335,491,0.0,0.0,0.6458082,0.21526942,1
335,509,1.0161117,0.0,0.0,0.33870393,1
336,337,0.0,0.937623,0.0,0.312541,1
336,338,0.9668078,0.0,0.0,0.32226926,1
336,347,0.0,1.0065311,0.0,0.33551037,1
336,352,0.0,0.0,1.1104506,0.3701502,1
336,355,0.9709205,0.0,0.0,0.32364017,1
336,358,0.0,1.0238832,0.0,0.3412944,1
336,373,0.0,0.9491412,0.0,0.3163804,1
336,403,0.0,0.0,0.74934834,0.24978279,1
336,404,0.0,0.0,0.7683192,0.2561064,1
336,405,0.9713852,0.0,0.0,0.32379508,1
336,408,0.0,0.93385804,0.0,0.31128603,1
336,410,0.0,0.0,0.9529502,0.31765008,1
336,434,0.98875654,0.0,0.0,0.32958552,1
336,438,1.0066792,0.0,1.4399762,0.8155518,2
336,440,1.0249325,0.0,0.0,0.34164417,1
336,444,0.0,0.0,1.4808561,0.4936187,1
336,445,0.0,1.0285255,0.0,0.34284183,1
336,449,0.97653145,0.0,0.0,0.3255105,1
336,454,0.0,1.0355722,0.0,0.34519073,1
336,460,0.9658425,0.0,0.0,0.32194752,1
336,472,0.0,1.1481056,0.0,0.38270187,1
336,485,0.96299976,0.0,0.0,0.32099992,1
336,486,0.0,1.1070683,0.0,0.3690228,1
336,488,0.0,0.9668389,0.0,0.32227963,1
336,490,0.0,0.0,1.1525478,0.38418263,1
336,491,0.0,0.0,0.8400655,0.28002185,1
336,502,0.0,0.0,1.3448657,0.44828856,1
336,507,0.9640852,0.0,0.0,0.32136175,1
336,510,0.0,0.0,0.70081776,0.23360592,1
337,340,0.0,0.0,0.7629414,0.25431383,1
337,346,0.0,0.97570384,0.0,0.32523462,1
337,348,0.98655856,0.0,0.0,0.32885286,1
337,353,0.0,0.98531264,0.0,0.32843757,1
337,359,0.9680504,0.0,0.0,0.32268348,1
337,362,0.0,0.94236016,0.0,0.31412005,1
337,363,0.0,0.98383,0.0,0.32794333,1
337,369,0.0,1.0255439,0.0,0.341848,1
337,386,0.0,0.9584558,0.0,0.31948528,1
337,388,0.0,0.0,1.1518629,0.3839543,1
337,400,0.9805075,0.0,0.916418,0.6323085,2
337,404,0.0,1.0208496,0.0,0.34028322,1
337,406,0.0,1.0541093,0.0,0.3513698,1
337,409,0.0,0.9758488,0.0,0.32528293,1
337,432,0.0,0.97248197,0.0,0.32416067,1
337,435,0.0,0.0,0.92800796,0.309336,1
337,450,0.0,0.0,1.4904222,0.49680743,1
337,456,0.96989816,0.0,0.0,0.3232994,1
337,462,0.0,0.0,0.5291705,0.17639017,1
337,464,0.0,0.0,0.81338316,0.27112773,1
337,469,0.0,0.0,0.65306634,0.21768878,1
337,472,0.0,1.0991699,0.0,0.36638996,1
337,474,0.0,0.0,1.2691921,0.42306405,1
337,480,0.0,0.0,1.7724447,0.59081495,1
337,486,0.0,1.1253223,0.0,0.37510747,1
337,488,0.99746543,0.0,0.0,0.33248848,1
337,489,0.9956006,0.0,0.0,0.33186686,1
337,491,0.0,0.0,1.319094,0.43969798,1
337,494,0.0,0.0,0.8324045,0.27746817,1
337,504,0.0,0.9378669,0.0,0.3126223,1
337,506,0.0,0.0,1.0906076,0.36353588,1
338,349,0.0,0.9749415,0.0,0.3249805,1
338,352,0.0,0.956566,0.0,0.31885535,1
338,357,0.0,0.0,1.0808367,0.3602789,1
338,358,0.0,0.95308155,0.0,0.31769386,1
338,364,0.967316,0.0,1.362051,0.77645564,2
338,365,0.9852163,0.9386756,0.0,0.64129734,2
338,372,0.98920465,0.0,0.0,0.3297349,1
338,375,0.0,0.0,0.7526338,0.25087795,1
338,376,0.0,0.0,0.8100932,0.2700311,1
338,398,0.0,0.0,1.7753702,0.5917901,1
338,399,0.0,1.0674736,0.0,0.35582456,1
338,410,0.0,0.97473884,0.0,0.32491297,1
338,411,0.9872081,0.0,0.0,0.32906938,1
338,420,0.0,0.0,1.7597638,0.58658797,1
338,429,0.0,0.0,2.0657365,0.68857884,1
338,434,0.0,0.0,1.3898044,0.46326813,1
338,435,0.96113294,0.0,0.0,0.32037765,1
338,440,1.0074344,0.0,0.0,0.33581147,1
338,441,1.0157694,0.0,0.0,0.3385898,1
338,443,0.0,0.0,1.3626877,0.45422924,1
338,463,0.0,0.945473,0.0,0.31515768,1
338,483,0.9891027,0.0,0.0,0.32970092,1
338,488,0.0,0.0,0.76504654,0.25501552,1
338,496,0.0,0.0,0.7392888,0.2464296,1
338,498,0.0,0.0,0.8158495,0.27194983,1
338,501,0.0,0.9585969,0.0,0.3195323,1
338,506,0.0,1.0405731,0.0,0.34685773,1
338,507,0.0,0.0,0.79077744,0.26359248,1
338,509,0.0,0.0,0.9460868,0.31536227,1
339,340,0.96299344,0.0,0.0,0.32099783,1
339,342,0.0,0.96323967,0.0,0.3210799,1
339,344,0.0,0.0,1.3106014,0.43686712,1
339,352,1.0084718,0.0,0.0,0.3361573,1
339,354,0.9994413,0.0,0.0,0.3331471,1
339,361,0.0,0.9855847,0.0,0.32852823,1
339,362,0.0,1.0269457,0.0,0.34231526,1
339,365,0.9751096,0.0,0.0,0.32503653,1
339,370,0.9797352,0.0,0.0,0.3265784,1
339,376,0.0,0.0,0.80361176,0.2678706,1
339,378,0.0,0.0,0.827631,0.275877,1
339,383,0.0,0.990372,1.535894,0.8420887,2
339,385,0.97675616,0.0,0.0,0.3255854,1
339,390,1.0400025,0.0,0.0,0.3466675,1
339,392,1.026348,0.0,0.0,0.342116,1
339,402,0.97320217,0.0,0.0,0.32440072,1
339,403,1.0002352,1.0169116,0.0,0.6723823,2
339,408,0.98153967,0.0,0.0,0.3271799,1
339,411,1.0244545,0.0,0.0,0.34148484,1
339,416,1.029275,0.0,0.0,0.34309167,1
339,435,0.0,0.9676639,0.0,0.32255465,1
339,448,0.9853281,0.0,0.0,0.3284427,1
339,454,0.99642056,0.0,0.0,0.3321402,1
339,461,0.0,0.96436685,0.0,0.32145563,1
339,462,0.96748203,0.0,0.0,0.32249403,1
339,474,0.0,0.0,0.7464521,0.24881737,1
339,499,0.0,0.0,0.77879894,0.25959966,1
339,506,1.0643784,0.0,0.0,0.3547928,1
339,507,0.0,0.96747833,0.0,0.32249278,1
339,511,0.0,0.99054766,0.0,0.33018255,1
340,343,0.0,0.0,1.3856053,0.46186846,1
340,344,0.0,1.0262276,0.0,0.34207588,1
340,347,0.0,0.9648318,0.0,0.32161063,1
340,355,0.97790253,0.0,0.0,0.32596752,1
340,362,0.0,0.967523,0.0,0.32250768,1
340,370,0.0,0.0,1.2122396,0.40407988,1
340,384,0.97504234,0.0,0.0,0.3250141,1
340,387,0.0,0.9961298,0.0,0.3320433,1
340,388,0.0,0.0,1.2417215,0.41390717,1
340,396,0.9851032,0.0,0.0,0.32836774,1
340,403,0.0,0.0,0.835706,0.27856869,1
340,407,0.0,0.96028185,0.0,0.32009396,1
340,420,0.0,0.94518185,0.0,0.31506062,1
340,428,0.0,0.9521882,0.0,0.31739607,1
340,435,0.0,0.0,1.0122522,0.33741742,1
340,447,0.98441386,0.0,0.0,0.32813796,1
340,453,0.98886925,0.0,0.0,0.3296231,1
340,456,0.9806219,0.0,0.0,0.32687396,1
340,457,1.033901,0.0,0.0,0.34463367,1
340,465,0.0,0.0,0.77385885,0.25795296,1
340,466,0.0,0.0,1.2229694,0.4076565,1
340,467,1.0237775,0.0,0.0,0.34125918,1
340,472,0.0,1.0117545,0.0,0.3372515,1
340,473,0.0,0.0,0.77300525,0.25766844,1
340,477,0.9694438,0.0,0.0,0.32314795,1
340,482,1.0462708,0.0,0.0,0.34875697,1
340,494,0.0,0.0,1.7250465,0.57501554,1
340,497,0.0,0.0,0.8335327,0.27784425,1
340,498,1.0005425,0.0,0.0,0.33351418,1
340,501,0.0,0.98844457,0.0,0.32948154,1
340,507,0.0,0.94601494,0.0,0.3153383,1
340,508,0.0,0.0,0.72246426,0.24082142,1
340,509,0.0,0.99108684,0.0,0.3303623,1
340,510,0.0,0.0,1.3588322,0.4529441,1
341,342,0.0,0.0,1.2058914,0.4019638,1
341,347,0.0,1.1011536,0.0,0.3670512,1
341,349,0.0,0.0,0.9524362,0.31747875,1
341,356,0.0,0.0,1.8123032,0.60410106,1
341,358,0.9878981,0.0,0.0,0.3292994,1
341,360,0.0,0.0,0.74382377,0.24794126,1
341,368,1.0113559,0.0,0.0,0.33711863,1
341,370,0.0,0.9731583,0.0,0.32438612,1
341,381,0.0,0.0,1.8613752,0.6204584,1
341,382,0.0,1.1899077,0.0,0.3966359,1
341,389,1.0067549,0.0,0.0,0.33558497,1
341,390,0.0,0.0,0.997898,0.33263266,1
341,391,0.0,0.0,0.8677589,0.289253,1
341,395,0.0,0.9944607,0.0,0.3314869,1
341,396,0.0,0.0,1.2818018,0.42726728,1
341,399,1.0582342,0.0,0.0,0.35274476,1
341,412,0.0,0.99867415,0.0,0.3328914,1
341,415,1.0368521,0.0,0.0,0.34561738,1
341,419,0.98047084,0.0,0.0,0.32682362,1
341,423,0.0,0.9460284,0.0,0.3153428,1
341,434,1.1382687,0.0,0.0,0.3794229,1
341,437,0.0,1.0279527,0.0,0.3426509,1
341,440,0.0,0.0,0.75824654,0.25274885,1
341,448,0.0,0.0,1.040648,0.34688267,1
341,451,0.0,0.0,1.0169607,0.33898693,1
341,457,0.0,0.9652191,0.0,0.3217397,1
341,460,1.0270234,0.96796507,0.0,0.66499615,2
341,469,0.0,0.9842103,0.0,0.3280701,1
341,478,0.9618396,0.0,0.0,0.3206132,1
341,488,0.0,1.0463544,0.87578094,0.6407118,2
341,490,1.001925,0.0,0.0,0.33397502,1
341,497,0.0,1.0263542,0.0,0.34211808,1
341,500,0.969957,0.0,0.0,0.32331902,1
341,503,0.0,0.0,0.64076936,0.21358979,1
341,505,0.0,0.0,0.80525076,0.26841694,1
342,353,0.0,0.0,1.4581333,0.48604447,1
342,360,0.0,0.0,0.8678553,0.28928512,1
342,367,0.9805933,0.0,0.0,0.32686445,1
342,370,0.9639246,0.99910504,0.0,0.65434325,2
342,381,0.0,0.0,1.6372552,0.54575175,1
342,382,0.0,0.97182065,0.0,0.32394022,1
342,390,0.0,0.0,1.3205179,0.44017264,1
342,391,0.0,0.0,0.70159286,0.23386429,1
342,394,0.0,1.012299,0.0,0.33743298,1
342,396,0.0,0.0,0.8649563,0.28831878,1
342,403,0.0,0.9767144,0.0,0.32557148,1
342,411,0.9768971,0.0,0.0,0.3256324,1
342,415,1.0048195,0.0,0.0,0.33493984,1
342,428,0.0,0.0,0.53215337,0.17738447,1
342,430,0.0,0.0,0.70631725,0.23543909,1
342,432,0.9616459,0.0,0.0,0.32054865,1
342,434,0.0,1.1656201,0.0,0.38854003,1
342,439,0.0,1.0676624,0.0,0.35588747,1
342,447,0.99218726,0.0,0.0,0.3307291,1
342,457,0.9847626,0.0,0.0,0.32825422,1
342,461,0.9803629,0.0,0.0,0.32678765,1
342,463,0.0,0.0,0.6348105,0.2116035,1
342,478,0.0,0.98448133,0.0,0.32816046,1
342,479,1.0183269,1.0275747,0.0,0.6819672,2
342,480,0.0,0.9925812,0.0,0.3308604,1
342,488,0.0,1.1028812,0.7554561,0.6194458,2
342,489,0.0,0.9994191,0.0,0.33313972,1
342,499,0.9571818,0.0,0.8305906,0.59592414,2
342,503,0.0,0.0,0.61626387,0.2054213,1
343,350,0.0,1.1010302,0.0,0.3670101,1
343,355,0.9884176,0.0,0.0,0.32947254,1
343,357,0.9651968,0.0,0.0,0.32173228,1
343,358,0.9871933,0.0,0.0,0.32906443,1
343,362,0.9934522,0.0,0.0,0.33115074,1
343,365,0.9926092,0.0,0.0,0.33086973,1
343,370,0.0,0.0,1.7999392,0.59997976,1
343,390,1.0678325,0.0,0.0,0.35594416,1
343,400,0.0,1.0218712,0.0,0.34062374,1
343,401,1.0183709,0.0,0.0,0.33945698,1
343,402,0.9752202,0.0,0.0,0.32507342,1
343,403,0.0,0.0,1.7542803,0.5847601,1
343,410,0.0,0.99783933,0.8628727,0.62023735,2
343,424,0.0,0.0,0.7532203,0.25107345,1
343,437,0.98061126,0.0,0.0,0.32687044,1
343,438,0.97783554,0.0,0.0,0.3259452,1
343,439,0.0,0.99702245,0.0,0.33234084,1
343,440,0.0,0.93296427,0.0,0.3109881,1
343,449,0.0,0.97491175,0.0,0.3249706,1
343,451,0.95809656,0.0,0.0,0.31936553,1
343,454,0.0,0.0,0.9987313,0.33291045,1
343,466,0.0,0.0,0.7437093,0.24790311,1
343,473,0.0,0.0,0.89847004,0.29949003,1
343,475,0.0,1.0868196,0.0,0.36227322,1
343,477,0.0,0.98781097,0.0,0.32927033,1
343,478,0.0,0.0,0.66264087,0.2208803,1
343,481,0.9894258,0.0,0.0,0.3298086,1
343,484,1.0228025,0.0,0.0,0.34093416,1
343,488,0.0,1.0033624,0.0,0.33445415,1
343,494,0.0,0.0,1.0318489,0.34394965,1
343,497,0.0,0.0,0.6148005,0.20493351,1
343,506,0.0,0.0,0.8014805,0.26716018,1
343,507,1.0113903,0.0,0.0,0.33713013,1
343,510,0.0,0.0,1.0812441,0.3604147,1
344,348,0.0,0.9739877,0.0,0.32466257,1
344,350,0.0,1.0441436,0.0,0.34804785,1
344,352,0.0,0.0,0.5959669,0.19865564,1
344,354,0.0,0.9516022,0.0,0.31720075,1
344,355,0.0,0.0,1.3603116,0.4534372,1
344,357,0.9715051,0.0,0.0,0.32383505,1
344,369,0.9791789,0.0,0.0,0.32639298,1
344,371,0.9650119,0.0,0.0,0.32167065,1
344,373,0.98139846,0.0,0.0,0.32713282,1
344,375,0.0,0.94642264,0.0,0.3154742,1
344,378,0.0,0.0,0.87832814,0.29277605,1
344,383,0.0,0.0,0.80191267,0.26730424,1
344,413,0.0,0.98357195,0.0,0.32785732,1
344,422,0.96948355,0.0,0.0,0.32316118,1
344,427,0.9722842,0.0,0.0,0.32409474,1
344,447,0.9871502,0.0,0.0,0.32905006,1
344,449,0.0,1.0206467,0.0,0.34021556,1
344,460,0.0,0.0,0.92433584,0.30811197,1
344,465,0.0,0.9762687,0.0,0.3254229,1
344,483,0.9706068,1.0377035,0.0,0.6694368,2
344,487,0.0,0.9741178,0.0,0.32470596,1
344,492,1.0219685,0.0,0.0,0.34065616,1
344,498,1.0099994,0.0,0.0,0.33666646,1
344,501,0.9665133,0.0,0.0,0.3221711,1
344,502,0.0,0.0,1.539278,0.5130927,1
345,348,0.0,0.0,0.8672307,0.28907692,1
345,350,0.0,0.95596594,0.0,0.3186553,1
345,352,0.0,0.9438491,0.0,0.31461638,1
345,367,0.98813206,0.0,0.0,0.32937735,1
345,371,0.0,0.0,0.55053073,0.18351024,1
345,382,0.0,0.0,0.8023706,0.2674569,1
345,386,0.0,0.9579945,0.0,0.31933153,1
345,389,0.0,0.0,0.82618403,0.27539468,1
345,392,0.0,0.9668485,0.0,0.32228285,1
345,394,0.9588896,0.0,0.0,0.31962988,1
345,398,0.0,1.0305653,0.0,0.34352177,1
345,404,0.0,1.0139117,0.0,0.33797058,1
345,424,0.0,0.0,1.0071442,0.33571476,1
345,431,0.97760206,0.0,0.0,0.32586735,1
345,435,0.0,0.0,0.7635058,0.25450194,1
345,436,1.015253,0.0,0.0,0.33841765,1
345,440,0.9863416,0.0,0.0,0.32878053,1
345,444,0.97562903,1.0225657,0.0,0.6660649,2
345,449,0.0,0.97386235,0.0,0.32462078,1
345,453,0.0,0.0,1.0102538,0.33675128,1
345,458,0.0,0.0,1.6652505,0.5550835,1
345,463,0.0,0.9620727,0.0,0.3206909,1
345,465,0.0,0.0,0.75869846,0.2528995,1
345,468,0.9769275,0.0,0.0,0.32564253,1
345,473,0.0,0.0,1.1348411,0.37828037,1
345,475,0.0,1.0857115,0.0,0.36190385,1
345,478,0.9805984,0.9452388,0.0,0.6419458,2
345,483,0.0,0.99321514,0.0,0.33107173,1
345,503,0.0,0.0,1.4516654,0.48388848,1
345,506,1.0055752,0.0,0.0,0.33519173,1
345,508,0.0,0.0,1.323832,0.44127735,1
346,347,0.0,0.9398708,0.0,0.31329027,1
346,349,0.9679341,0.0,0.0,0.3226447,1
346,350,0.0,0.0,0.6848855,0.22829518,1
346,353,0.0,0.0,0.63341814,0.21113938,1
346,355,0.0,1.009993,0.0,0.33666432,1
346,356,1.008331,0.0,0.0,0.33611032,1
346,357,0.9634057,1.037144,0.0,0.6668499,2
346,365,0.0,0.9952594,0.0,0.33175313,1
346,374,0.0,1.016726,0.0,0.33890867,1
346,379,0.0,0.0,0.81824946,0.27274984,1
346,383,1.0511559,0.0,0.0,0.3503853,1
346,386,0.0,0.0,0.7114837,0.23716125,1
346,393,0.0,0.0,1.1508558,0.3836186,1
346,408,0.0,0.9443132,0.0,0.3147711,1
346,411,0.96851885,0.0,0.0,0.32283962,1
346,414,1.054874,0.99411637,0.0,0.6829968,2
346,416,0.0,0.9503154,0.0,0.3167718,1
346,421,0.0,0.0,0.9290637,0.3096879,1
346,432,0.0,0.98237103,0.0,0.327457,1
346,441,0.0,0.9443821,0.0,0.31479403,1
346,455,1.0434115,0.0,0.0,0.34780383,1
346,459,0.0,0.0,1.4873359,0.49577865,1
346,477,0.0,0.0,0.5429039,0.18096797,1
346,479,0.9846664,0.0,0.0,0.32822216,1
346,482,1.0067266,0.0,0.0,0.33557555,1
346,485,0.0,0.0,0.86075056,0.28691685,1
346,487,0.0,0.0,1.938646,0.6462153,1
346,499,0.0,1.2205272,0.0,0.4068424,1
346,501,1.0231998,0.0,0.0,0.3410666,1
346,504,0.0,0.94148904,0.0,0.3138297,1
346,507,1.0478716,0.0,0.0,0.34929055,1
346,508,0.0,0.955991,0.0,0.3186637,1
347,348,0.0,0.9785239,0.0,0.32617465,1
347,356,1.0033107,0.0,0.0,0.3344369,1
347,366,0.0,0.0,1.2451283,0.41504276,1
347,370,0.0,0.9497929,0.0,0.31659764,1
347,379,0.0,0.0,0.65250045,0.21750015,1
347,392,0.0,0.0,0.855031,0.28501034,1
347,393,1.0151356,0.0,0.0,0.33837855,1
347,411,0.0,0.9840824,0.0,0.3280275,1
347,415,0.0,1.0263294,0.0,0.3421098,1
347,418,0.0,0.0,0.7876803,0.26256013,1
347,425,0.9925958,0.0,0.0,0.33086526,1
347,426,0.0,0.0,1.0536416,0.35121387,1
347,427,0.0,0.0,1.0436177,0.34787259,1
347,443,0.0,0.9460305,0.0,0.3153435,1
347,449,0.0,0.0,0.6416296,0.21387653,1
347,457,0.0,0.0,0.7696312,0.25654376,1
347,464,0.98757887,0.0,0.0,0.32919297,1
347,469,1.011069,0.0,0.0,0.33702302,1
347,470,0.9737484,0.0,0.0,0.32458282,1
347,475,0.0,1.1401789,0.0,0.38005966,1
347,483,0.96751386,0.0,0.0,0.32250464,1
347,491,0.9664684,0.0,0.0,0.32215613,1
347,499,0.0,0.0,0.7166865,0.2388955,1
347,501,0.9838421,0.0,0.0,0.32794738,1
348,349,0.0,1.0240328,0.0,0.3413443,1
348,351,0.0,0.0,0.8589227,0.28630757,1
348,361,1.0854506,0.0,0.0,0.36181688,1
348,363,0.0,0.0,0.9848916,0.3282972,1
348,371,0.0,0.0,0.76650995,0.25550333,1
348,372,0.9659784,0.0,0.0,0.3219928,1
348,389,0.0,0.0,1.3716711,0.4572237,1
348,390,0.0,1.0978581,0.0,0.3659527,1
348,391,0.0,0.0,0.76891243,0.25630414,1
348,400,1.0203885,0.0,0.0,0.3401295,1
348,403,0.0,0.97094536,0.0,0.32364845,1
348,410,0.98073363,0.0,0.0,0.3269112,1
348,416,0.970063,0.0,0.0,0.32335433,1
348,417,0.0,1.0378,0.0,0.34593332,1
348,422,0.9753421,0.0,0.0,0.32511404,1
348,424,0.0,0.0,1.1532884,0.38442945,1
348,425,1.0000174,0.0,0.0,0.33333915,1
348,430,0.0,0.0,0.8588937,0.28629792,1
348,434,0.9836635,0.0,0.0,0.32788783,1
348,449,1.0366606,0.0,0.0,0.34555352,1
348,453,0.0,0.99034196,0.9661696,0.65217054,2
348,458,0.0,0.0,1.5637317,0.52124393,1
348,459,0.0,1.0215927,0.0,0.34053093,1
348,462,0.0,0.95827246,0.0,0.31942415,1
348,467,0.0,1.0053246,0.0,0.33510822,1
348,468,0.0,0.0,0.75792176,0.2526406,1
348,486,0.0,0.0,0.8749657,0.29165524,1
348,491,0.0,1.0571235,0.0,0.35237452,1
348,492,0.9831255,0.0,0.0,0.3277085,1
348,503,0.0,1.0917419,1.5569359,0.8828926,2
349,350,0.0,1.0650879,0.0,0.3550293,1
349,354,1.0591288,0.0,0.0,0.35304293,1
349,356,0.0,0.0,1.4947546,0.49825153,1
349,358,1.0029855,0.0,0.0,0.3343285,1
349,359,0.0,0.97628456,0.0,0.3254282,1
349,360,0.0,0.0,1.4531634,0.48438781,1
349,362,0.0,0.0,1.3865526,0.4621842,1
349,364,0.0,1.0534401,0.0,0.3511467,1
349,368,0.0,0.0,0.48606062,0.1620202,1
349,375,0.0,0.0,0.9798004,0.32660013,1
349,378,0.0,1.0264901,0.0,0.34216338,1
349,388,0.0,0.96879035,0.0,0.32293013,1
349,390,0.9799791,0.0,0.79434454,0.5914413,2
349,396,0.0,0.96117115,1.2577318,0.73963434,2
349,401,0.0,0.0,0.51925904,0.17308635,1
349,402,0.9959638,0.0,0.0,0.33198795,1
349,409,0.0,0.96460783,0.0,0.32153594,1
349,410,0.0,0.93702036,0.0,0.31234014,1
349,431,0.0,0.0,0.6457328,0.21524428,1
349,437,0.0,0.0,1.4041853,0.46806177,1
349,440,0.0,0.0,0.5301522,0.1767174,1
349,451,0.0,0.0,0.8629202,0.2876401,1
349,453,0.9864162,0.0,0.0,0.32880542,1
349,455,0.0,0.98330647,0.0,0.32776883,1
349,456,0.0,0.0,1.4511544,0.48371813,1
349,464,0.9777426,0.0,0.0,0.3259142,1
349,465,0.0,0.95764244,0.0,0.31921417,1
349,472,0.9954518,0.0,0.0,0.33181727,1
349,474,0.0,0.9804658,0.0,0.32682195,1
349,481,0.0,0.0,0.8502057,0.2834019,1
349,483,0.0,0.0,1.2072761,0.40242538,1
349,487,0.97625434,0.0,0.0,0.3254181,1
349,499,0.9831324,0.0,0.0,0.3277108,1
349,501,0.0,0.95404977,0.0,0.3180166,1
349,504,0.0,0.0,0.65891767,0.21963923,1
349,506,0.98646414,0.0,0.0,0.3288214,1
349,507,0.0,1.0140725,0.0,0.3380242,1
350,351,0.0,0.0,1.4710405,0.49034685,1
350,363,0.0,0.0,1.3758332,0.45861107,1
350,367,0.0,1.0380815,0.0,0.3460272,1
350,369,0.0,0.97829944,0.0,0.3260998,1
350,371,0.0,0.0,0.65620583,0.21873528,1
350,373,0.0,0.0,0.8713319,0.29044396,1
350,379,0.0,0.0,0.8184619,0.27282065,1
350,381,0.96120197,0.0,0.0,0.32040066,1
350,393,0.0,0.0,0.7743088,0.25810295,1
350,394,0.0,0.0,1.5559237,0.51864123,1
350,397,1.0173582,0.0,0.0,0.3391194,1
350,414,0.0,0.0,1.2812624,0.4270875,1
350,416,0.0,0.0,0.7676884,0.25589615,1
350,419,0.0,0.94979984,0.0,0.31659997,1
350,431,0.0,0.9500007,0.0,0.3166669,1
350,453,0.0,0.0,0.9613798,0.32045996,1
350,459,0.0,0.0,1.4243098,0.47476995,1
350,466,0.96130097,0.0,0.0,0.32043368,1
350,473,0.96728534,0.0,0.0,0.32242846,1
350,474,0.0,0.9448999,0.0,0.31496665,1
350,480,0.0,1.0564718,0.0,0.3521573,1
350,503,0.0,0.0,1.2100463,0.40334877,1
350,507,1.002623,0.0,0.0,0.33420765,1
351,353,0.0,1.0304246,0.0,0.34347486,1
351,363,0.0,0.0,1.2445774,0.41485915,1
351,366,0.96255964,0.0,0.0,0.32085323,1
351,371,0.0,0.0,0.6304661,0.21015537,1
351,383,0.0,0.9378602,0.0,0.31262007,1
351,386,1.0408909,0.0,0.0,0.34696364,1
351,388,1.019559,0.0,0.0,0.33985302,1
351,391,1.0527449,0.0,0.0,0.35091496,1
351,392,1.0978248,1.0880015,0.0,0.7286088,2
351,393,0.0,0.0,0.7482137,0.24940458,1
351,394,0.0,0.0,0.99158955,0.33052987,1
351,403,0.0,0.9562757,0.0,0.31875858,1
351,419,1.0566622,0.0,0.0,0.35222074,1
351,425,0.0,0.0,1.0921867,0.36406225,1
351,436,0.0,1.0937208,0.0,0.3645736,1
351,437,0.0,1.0555282,0.0,0.35184273,1
351,443,0.96203846,0.0,0.0,0.3206795,1
351,448,0.0,0.0,1.0390124,0.3463375,1
351,451,1.0313406,0.0,0.0,0.34378022,1
351,456,0.9944594,0.0,0.0,0.33148646,1
351,457,0.977666,0.0,0.0,0.3258887,1
351,459,0.0,0.0,1.2790877,0.42636257,1
351,462,1.0568446,0.0,0.0,0.35228154,1
351,471,0.0,1.0246263,0.0,0.3415421,1
351,478,0.0,0.9823267,0.0,0.32744223,1
351,479,0.96228814,0.0,0.7790461,0.5804448,2
351,482,0.0,0.9930615,0.0,0.3310205,1
351,495,0.97723347,0.0,0.0,0.3257445,1
351,497,0.0,0.9469053,0.0,0.31563511,1
351,503,0.0,0.0,0.9404819,0.31349397,1
351,509,1.0013047,0.0,0.0,0.33376825,1
352,356,1.0072246,0.0,0.0,0.33574152,1
352,363,0.96056414,0.0,0.0,0.32018805,1
352,370,0.95335376,0.0,0.0,0.3177846,1
352,377,1.0252163,0.0,0.0,0.3417388,1
352,391,0.0,0.9717128,0.0,0.32390428,1
352,398,0.95205957,0.0,0.0,0.3173532,1
352,414,0.9864658,0.0,0.0,0.32882196,1
352,416,0.0,0.0,0.6046784,0.20155947,1
352,420,0.0,0.9500197,0.0,0.31667325,1
352,424,0.0,0.95094705,0.0,0.31698236,1
352,443,0.9836368,0.0,0.0,0.32787895,1
352,448,1.0389004,0.0,0.0,0.34630013,1
352,449,0.96207833,0.0,0.0,0.32069278,1
352,468,0.0,0.97393584,0.0,0.32464528,1
352,473,0.0,0.98262906,0.0,0.32754302,1
352,480,0.95807356,0.0,0.0,0.31935787,1
352,483,0.94936347,0.0,0.0,0.3164545,1
352,490,0.0,0.0,0.65146726,0.21715575,1
352,491,0.98996264,0.0,0.5650644,0.5183424,2
352,495,0.98651713,0.0,0.0,0.32883906,1
352,502,0.0,0.0,0.5939546,0.19798487,1
352,506,0.0,0.0,1.3653437,0.45511457,1
352,510,0.0,0.9596315,0.58972096,0.5164508,2
353,354,0.0,1.0154632,0.0,0.33848774,1
353,371,0.9975012,0.0,0.0,0.3325004,1
353,379,0.0,0.0,1.7482527,0.5827509,1
353,380,0.0,0.0,0.68169695,0.22723232,1
353,382,0.962618,0.0,0.0,0.32087266,1
353,390,0.0,0.0,0.708549,0.23618302,1
353,401,1.0039488,0.0,0.0,0.33464962,1
353,402,0.0,0.9461909,0.0,0.31539696,1
353,409,0.0,0.0,0.69603723,0.23201242,1
353,418,0.0,0.0,1.4776801,0.49256003,1
353,423,0.0,0.0,0.9776407,0.32588023,1
353,428,0.0,0.0,1.1061666,0.3687222,1
353,430,0.0,0.0,1.2306429,0.4102143,1
353,433,0.0,0.0,0.6957566,0.23191887,1
353,441,0.9672074,0.0,0.0,0.32240248,1
353,445,1.0236117,0.0,0.0,0.3412039,1
353,454,0.9664897,0.0,0.0,0.32216322,1
353,455,0.0,0.94805557,0.0,0.31601852,1
353,463,0.0,0.9383988,0.83962214,0.59267366,2
353,478,1.0401015,0.0,0.0,0.34670052,1
353,483,0.0,0.9853439,0.0,0.32844797,1
353,486,0.0,0.99629265,0.6837873,0.56002665,2
353,487,0.0,0.0,0.7777069,0.25923565,1
353,493,0.9912275,0.0,0.0,0.33040917,1
353,495,0.0,0.0,1.1830827,0.3943609,1
353,499,0.0,0.0,1.0628701,0.35429007,1
353,509,0.0,0.954247,0.0,0.31808233,1
354,362,1.006916,0.0,0.92695004,0.6446221,2
354,366,0.0,0.0,1.0660475,0.35534918,1
354,368,0.0,0.0,0.8320549,0.27735165,1
354,369,0.0,1.0467631,1.2482957,0.7650196,2
354,373,0.0,1.1607329,0.0,0.38691097,1
354,389,0.0,0.97678435,0.0,0.32559478,1
354,390,1.0345892,0.0,0.0,0.34486306,1
354,393,0.0,0.0,1.4660064,0.4886688,1
354,399,0.0,0.0,1.029437,0.34314567,1
354,407,0.0,0.9557708,0.0,0.31859028,1
354,416,1.0339803,0.0,0.0,0.3446601,1
354,421,0.0,0.0,1.2872912,0.42909706,1
354,426,0.0,0.9824491,0.0,0.32748306,1
354,431,0.0,0.0,0.9665677,0.32218924,1
354,437,0.0,0.0,1.0235722,0.34119076,1
354,452,0.0,0.0,1.1172193,0.37240645,1
354,463,0.95531696,0.0,0.0,0.318439,1
354,466,0.9910078,0.0,0.0,0.33033594,1
354,481,0.0,0.0,0.9536843,0.31789476,1
354,482,0.0,1.0379436,0.0,0.3459812,1
354,490,0.99495304,0.99133676,0.0,0.6620966,2
354,491,0.0,0.9695357,0.0,0.3231786,1
354,496,0.0,0.0,0.9401295,0.31337652,1
354,497,0.0,0.0,0.7276166,0.24253887,1
354,502,0.97471744,0.0,0.0,0.3249058,1
355,357,0.0,1.0259194,0.0,0.34197316,1
355,359,0.0,0.0,0.9011001,0.3003667,1
355,360,0.0,0.9990944,0.0,0.33303148,1
355,361,0.0,0.94226015,0.0,0.31408674,1
355,362,0.0,1.0510211,0.0,0.35034037,1
355,387,1.0196191,0.0,0.0,0.33987305,1
355,388,1.0499663,0.0,0.0,0.3499888,1
355,396,1.0133047,0.0,0.0,0.33776826,1
355,403,1.0067797,0.0,0.0,0.33559322,1
355,415,0.9758974,0.0,0.0,0.32529914,1
355,425,0.987848,0.0,0.0,0.32928267,1
355,433,0.9682191,0.0,0.0,0.32273972,1
355,438,1.0030271,0.0,0.0,0.33434236,1
355,440,0.0,0.95217,0.0,0.31739002,1
355,460,0.0,0.0,0.8643263,0.28810877,1
355,472,0.97167665,0.0,0.0,0.32389224,1
355,478,0.0,0.94686437,0.0,0.31562147,1
355,479,0.0,0.96239984,0.0,0.32079995,1
355,483,0.9805954,0.0,0.0,0.32686514,1
355,487,0.96873564,0.0,0.0,0.3229119,1
355,493,0.0,1.0630792,0.0,0.35435975,1
355,499,0.0,0.938208,0.0,0.312736,1
355,502,0.0,0.0,0.96822155,0.32274053,1
356,360,0.0,0.0,1.2240136,0.40800452,1
356,363,0.9900523,0.0,0.7866978,0.59225005,2
356,375,0.0,0.0,0.88691795,0.29563934,1
356,377,0.9981105,0.0,0.0,0.3327035,1
356,381,0.0,0.0,1.2866395,0.42887983,1
356,390,0.0,0.0,1.0467496,0.34891653,1
356,391,0.0,0.0,0.94462466,0.3148749,1
356,396,0.0,0.0,1.6922736,0.5640912,1
356,418,0.9614899,0.0,0.0,0.32049665,1
356,421,0.9713819,0.0,0.0,0.32379398,1
356,434,0.0,0.0,0.69652313,0.23217438,1
356,437,0.0,0.0,0.9447946,0.31493154,1
356,440,0.0,0.0,0.83571905,0.27857304,1
356,447,0.0,0.949754,0.0,0.31658468,1
356,448,0.0,0.0,0.8863883,0.2954628,1
356,451,0.0,0.0,1.2989697,0.43298993,1
356,456,0.0,1.1633753,1.2677635,0.8103796,2
356,457,1.0113412,0.0,0.0,0.33711374,1
356,471,0.965543,0.0,0.0,0.32184768,1
356,478,0.0,1.1811905,0.0,0.39373016,1
356,481,0.0,1.1593996,0.58076346,0.5800544,2
356,483,0.9698062,0.9319994,0.0,0.6339352,2
356,488,0.0,0.0,0.7345155,0.2448385,1
356,491,0.97485846,0.0,0.0,0.32495284,1
356,493,0.0,0.95330656,0.0,0.31776887,1
356,498,0.0,1.1909245,0.0,0.39697486,1
356,505,0.0,0.0,0.7903201,0.26344004,1
357,364,0.9657107,0.0,1.1204805,0.69539714,2
357,365,1.0012912,0.9682405,0.0,0.6565106,2
357,373,0.0,0.0,0.66998386,0.22332796,1
357,374,0.0,0.0,1.0238564,0.34128547,1
357,376,0.0,0.0,1.0078408,0.33594692,1
357,378,0.0,0.96232563,0.0,0.3207752,1
357,381,1.0189831,0.9997825,0.0,0.6729219,2
357,398,0.0,0.0,0.9359812,0.31199375,1
357,418,0.0,0.0,0.8114368,0.27047893,1
357,420,0.0,0.0,0.9254302,0.30847675,1
357,423,0.0,0.0,0.78425527,0.26141843,1
357,428,0.96045417,1.0651019,0.0,0.6751853,2
357,429,0.0,0.0,0.8655122,0.28850406,1
357,439,0.0,0.0,1.200744,0.40024802,1
357,440,0.0,0.9937756,0.0,0.33125854,1
357,443,0.0,0.0,1.2387604,0.41292012,1
357,444,1.0491254,0.0,0.0,0.3497085,1
357,454,1.0065273,0.0,0.0,0.33550912,1
357,462,0.0,1.0510144,0.0,0.35033816,1
357,467,0.0,0.96842957,0.0,0.32280988,1
357,470,0.0,0.0,1.4093962,0.46979874,1
357,474,1.0679259,0.0,0.0,0.35597533,1
357,477,0.0,0.0,0.8400366,0.2800122,1
357,478,1.0399544,0.0,0.0,0.3466515,1
357,481,1.0042346,0.0,0.0,0.33474487,1
357,483,0.98352593,0.0,0.0,0.327842,1
357,498,0.0,0.0,1.4723066,0.49076888,1
357,508,0.0,0.0,0.6259059,0.2086353,1
358,359,0.0,1.0350901,0.0,0.34503004,1
358,374,0.0,0.0,0.79587865,0.26529288,1
358,377,0.9733107,0.0,0.0,0.3244369,1
358,378,1.0648361,0.0,0.0,0.3549454,1
358,380,0.0,1.0179001,0.0,0.33930004,1
358,382,0.9588834,0.0,0.0,0.31962782,1
358,387,1.003886,0.0,0.0,0.33462867,1
358,405,0.96580094,0.0,0.0,0.32193366,1
358,406,0.0,0.9519946,0.0,0.31733155,1
358,408,0.0,0.0,1.663504,0.55450135,1
358,411,0.0,0.95280886,0.0,0.31760296,1
358,415,1.0025759,0.0,0.0,0.33419198,1
358,416,0.0,0.0,0.7222499,0.24074998,1
358,437,0.98596174,0.0,0.0,0.32865393,1
358,445,0.0,0.0,0.76880616,0.25626874,1
358,448,0.0,0.94898677,0.0,0.31632894,1
358,449,1.0009755,0.0,0.0,0.33365852,1
358,461,0.0,0.0,0.7347283,0.24490944,1
358,471,0.0,0.0,0.7354729,0.24515764,1
358,472,0.0,0.9988508,0.0,0.3329503,1
358,473,0.0,0.0,0.63657266,0.2121909,1
358,477,0.0,0.0,0.58647007,0.19549003,1
358,497,0.0,0.0,0.837857,0.27928567,1
358,499,0.98278093,0.96134865,0.0,0.6480432,2
358,505,1.0324984,0.0,0.0,0.34416613,1
358,508,0.0,0.0,0.7458673,0.24862245,1
359,361,0.0,0.0,1.2971586,0.43238622,1
359,364,0.0,0.9889367,0.0,0.32964557,1
359,372,0.0,1.0535992,0.0,0.35119975,1
359,377,0.0,0.0,0.62974006,0.20991336,1
359,380,1.0799351,0.0,0.0,0.35997838,1
359,381,0.96049994,0.0,0.0,0.32016665,1
359,384,0.0,0.9735534,0.0,0.32451782,1
359,391,0.9675308,0.0,0.0,0.32251027,1
359,396,0.0,0.97642237,0.0,0.32547414,1
359,398,0.0,1.1234081,0.0,0.37446937,1
359,408,1.0281839,0.0,0.0,0.342728,1
359,412,0.0,0.0,1.3943481,0.4647827,1
359,416,0.0,1.003131,0.0,0.33437702,1
359,425,0.0,0.0,0.9771364,0.32571214,1
359,426,0.0,0.99574953,0.0,0.3319165,1
359,436,0.0,0.0,0.9327074,0.31090248,1
359,441,0.0,0.0,0.76342547,0.25447518,1
359,442,0.0,0.9967879,0.91611123,0.6376331,2
359,448,0.0,0.0,0.9972625,0.33242083,1
359,450,0.0,0.0,0.6999051,0.2333017,1
359,454,0.0,0.0,1.072321,0.35744035,1
359,455,0.0,1.0235672,1.7817037,0.93509036,2
359,462,0.0,0.0,0.9533126,0.31777087,1
359,472,0.0,0.0,0.84892493,0.282975,1
359,473,0.0,0.95974225,0.0,0.3199141,1
359,474,0.9860314,0.0,0.0,0.32867715,1
359,476,0.0,0.0,0.8823485,0.29411617,1
359,504,1.0017816,0.0,0.0,0.3339272,1
359,507,0.0,1.0701592,0.0,0.35671973,1
360,362,0.0,0.9745816,0.0,0.32486054,1
360,363,0.98347116,0.0,0.0,0.32782373,1
360,364,0.0,1.0249537,0.0,0.34165126,1
360,370,1.0367901,0.0,0.0,0.34559673,1
360,375,0.0,0.0,0.9997953,0.33326513,1
360,377,0.0,1.039388,0.0,0.34646267,1
360,381,0.0,0.0,0.8902075,0.29673585,1
360,388,1.0021323,0.0,0.0,0.3340441,1
360,390,0.0,0.0,1.6590208,0.55300695,1
360,393,0.98823977,0.0,0.0,0.32941326,1
360,394,0.0,0.0,0.8896422,0.2965474,1
360,396,0.97560894,0.0,1.5889854,0.85486484,2
360,412,0.0,0.9436006,0.0,0.31453353,1
360,413,1.0696267,0.0,0.0,0.35654223,1
360,414,1.016016,0.0,0.676688,0.5642347,2
360,420,0.9884954,0.0,0.0,0.32949847,1
360,422,0.9731521,0.0,0.0,0.32438403,1
360,440,0.0,0.0,0.64781165,0.21593723,1
360,450,0.0,1.036976,0.0,0.34565866,1
360,456,0.0,0.0,2.018825,0.6729417,1
360,463,0.0,0.96757,0.8772478,0.61493933,2
360,477,0.0,0.95127106,0.0,0.31709036,1
360,481,0.0,0.0,0.6477877,0.21592924,1
360,483,0.0,0.0,0.7436359,0.24787864,1
360,487,0.99993515,0.0,0.0,0.33331174,1
360,498,0.0,1.0697464,0.0,0.35658213,1
360,509,0.96772563,0.0,0.0,0.3225752,1
361,366,0.0,1.0323461,0.0,0.34411538,1
361,368,0.98047304,0.0,0.0,0.32682437,1
361,377,0.96350604,0.0,0.56755865,0.5103549,2
361,383,0.990041,0.0,0.0,0.3300137,1
361,387,0.0,0.0,1.0534858,0.35116193,1
361,394,0.0,0.95323974,0.0,0.31774658,1
361,406,0.0,0.0,1.4182974,0.4727658,1
361,407,0.0,0.96444523,0.0,0.32148176,1
361,412,0.0,0.0,1.0391234,0.34637448,1
361,436,0.0,0.0,1.1466155,0.3822052,1
361,438,0.0,1.0536478,0.0,0.35121593,1
361,441,0.0,0.0,0.80513126,0.2683771,1
361,442,0.0,0.0,0.9538304,0.31794348,1
361,447,0.9634224,0.0,0.0,0.32114083,1
361,455,0.0,0.0,1.2590874,0.41969582,1
361,460,0.0,0.9415108,0.0,0.31383693,1
361,469,0.0,0.93919915,0.0,0.3130664,1
361,471,0.9968404,0.0,0.0,0.33228016,1
361,472,0.0,0.0,0.6609937,0.22033124,1
361,476,0.0,0.0,0.65587085,0.21862362,1
361,478,0.0,1.2019212,0.0,0.40064043,1
361,495,0.0,0.97014517,0.0,0.32338172,1
361,496,0.0,1.1033624,0.0,0.36778748,1
361,501,0.0,0.0,0.5547942,0.1849314,1
361,506,0.9595975,0.0,0.0,0.31986585,1
361,508,0.0,1.0527085,0.0,0.35090286,1
362,363,0.0,0.9413414,0.0,0.3137805,1
362,364,0.0,0.9867423,0.0,0.3289141,1
362,366,0.0,0.0,0.78272414,0.26090807,1
362,368,0.0,0.0,0.9345032,0.3115011,1
362,378,0.9662193,0.0,0.0,0.3220731,1
362,380,1.0057007,0.0,0.0,0.33523357,1
362,381,1.0362817,0.0,0.0,0.34542724,1
362,382,0.9867554,0.0,0.0,0.32891846,1
362,390,0.987334,0.0,0.0,0.32911134,1
362,397,0.0,0.0,0.7403026,0.24676755,1
362,399,0.96616304,0.0,0.0,0.32205436,1
362,404,1.0305676,1.2148036,0.0,0.7484571,2
362,406,1.0015811,0.0,0.0,0.33386037,1
362,407,0.0,1.0178566,1.4783251,0.8320606,2
362,415,0.96334815,0.0,0.0,0.32111606,1
362,417,1.0239953,0.0,0.0,0.34133178,1
362,421,1.0068285,0.0,1.5469736,0.85126746,2
362,424,0.0,0.96524423,0.0,0.32174808,1
362,427,0.0,1.0311428,0.0,0.3437143,1
362,430,0.0,1.0035753,0.0,0.3345251,1
362,433,0.9698572,0.0,0.0,0.32328576,1
362,437,0.0,1.1619016,1.8217049,0.9945355,2
362,461,0.0,0.98044103,0.0,0.3268137,1
362,463,1.1246252,0.0,0.0,0.37487507,1
362,479,0.0,0.0,0.94721234,0.31573746,1
362,483,0.0,0.0,0.9472535,0.3157512,1
362,485,0.0,0.981096,0.0,0.32703203,1
362,495,0.0,0.93411666,0.0,0.31137222,1
362,499,0.0,0.94077146,0.0,0.3135905,1
362,504,0.0,0.0,0.76821434,0.25607145,1
363,371,0.0,0.0,1.0857621,0.3619207,1
363,381,0.0,0.0,0.7448976,0.24829921,1
363,388,0.0,1.0492646,0.0,0.34975487,1
363,391,0.0,0.0,1.4609276,0.48697588,1
363,394,0.0,0.0,0.8933841,0.2977947,1
363,399,0.9968664,0.0,0.0,0.3322888,1
363,403,0.0,0.975278,0.0,0.32509267,1
363,405,0.0,0.9698144,0.0,0.32327148,1
363,412,1.069794,0.0,0.0,0.35659802,1
363,413,0.9742088,0.0,0.0,0.32473627,1
363,421,0.968654,0.0,0.0,0.32288468,1
363,428,0.0,0.9508474,0.0,0.31694913,1
363,441,0.0,0.96633065,0.0,0.32211024,1
363,443,0.9870301,0.0,0.0,0.32901004,1
363,459,0.0,0.0,1.0719965,0.35733217,1
363,467,0.0,1.0274433,0.0,0.3424811,1
363,475,0.0,0.94608533,0.0,0.3153618,1
363,483,0.0,0.0,0.672571,0.22419034,1
363,491,0.0,0.9345834,0.0,0.31152782,1
363,496,0.0,1.0608149,0.0,0.35360497,1
363,502,1.0030668,0.0,0.0,0.3343556,1
363,503,0.0,0.0,1.3381766,0.44605887,1
363,506,0.0,0.9460284,0.0,0.3153428,1
364,369,0.0,0.0,0.99472165,0.3315739,1
364,372,0.0,0.9928603,0.0,0.33095345,1
364,376,1.0029484,0.0,1.9615239,0.98815745,2
364,378,0.0,1.0150964,0.0,0.3383655,1
364,383,0.0,1.0325263,0.0,0.34417543,1
364,387,1.027498,0.0,0.0,0.34249935,1
364,397,0.0,1.1371286,0.0,0.37904286,1
364,398,0.0,0.0,1.5142119,0.5047373,1
364,399,0.0,0.0,0.84608996,0.28203,1
364,404,1.0176374,0.0,0.0,0.33921248,1
364,409,1.0069972,0.0,0.0,0.33566576,1
364,412,0.0,1.0509801,0.0,0.35032672,1
364,420,0.0,0.0,1.7053897,0.56846327,1
364,421,0.0,1.0998563,0.0,0.36661875,1
364,422,0.0,0.0,0.9171086,0.30570287,1
364,429,0.0,0.0,1.4369102,0.47897005,1
364,434,0.0,0.0,0.7813719,0.2604573,1
364,443,0.0,0.0,2.0171657,0.67238855,1
364,447,0.0,0.94598716,0.8364361,0.5941411,2
364,451,0.0,0.96063375,0.0,0.32021126,1
364,463,0.98837924,0.94671357,0.0,0.645031,2
364,465,0.0,0.9483859,0.0,0.31612864,1
364,467,1.0295581,0.0,0.0,0.34318602,1
364,474,0.9573622,0.0,0.0,0.31912073,1
364,482,0.0,0.0,1.3366185,0.44553953,1
364,483,0.0,0.94074875,0.0,0.31358293,1
364,496,0.0,0.0,0.8954313,0.2984771,1
364,498,0.0,0.0,1.5509344,0.51697814,1
364,500,0.0,0.0,1.7442744,0.58142483,1
364,509,0.0,0.0,0.61704737,0.20568246,1
364,511,0.0,0.0,1.0965182,0.36550605,1
365,372,0.9767043,0.0,0.0,0.3255681,1
365,374,0.97750556,0.0,0.0,0.3258352,1
365,379,0.95745456,0.0,0.0,0.31915152,1
365,385,0.0,0.0,1.451373,0.483791,1
365,396,0.0,1.012149,0.0,0.337383,1
365,400,0.9852729,0.0,0.0,0.3284243,1
365,408,0.0,0.94505125,0.0,0.3150171,1
365,412,0.0,1.059785,0.0,0.35326168,1
365,413,0.0,0.0,0.83289343,0.27763116,1
365,415,0.0,0.99607563,0.0,0.33202523,1
365,417,0.0,0.0,0.7925443,0.26418144,1
365,426,0.0,1.0058196,0.0,0.3352732,1
365,429,0.0,0.0,1.0149558,0.3383186,1
365,441,0.0,1.0019788,0.0,0.33399293,1
365,447,0.0,0.0,1.4509124,0.48363745,1
365,460,0.0,1.0465561,0.0,0.34885204,1
365,468,1.0701318,0.0,0.0,0.3567106,1
365,478,0.96521795,0.0,0.0,0.32173932,1
365,479,0.0,0.96980715,0.0,0.32326907,1
365,482,0.0,0.0,0.7821539,0.260718,1
365,487,0.9631574,0.0,0.0,0.3210525,1
365,489,0.0,0.0,0.93303055,0.31101018,1
365,492,0.0,0.97691387,0.9271844,0.63469946,2
365,507,0.0,0.0,0.8636103,0.2878701,1
365,509,0.0,0.95554847,0.77656794,0.5773722,2
366,368,0.0,0.0,0.7206996,0.24023321,1
366,369,0.0,1.0036397,0.728082,0.5772406,2
366,377,0.9937714,0.0,0.0,0.33125713,1
366,378,1.0521653,0.0,0.0,0.35072178,1
366,387,0.0,0.94967157,0.0,0.3165572,1
366,390,0.0,0.9543172,0.0,0.31810576,1
366,392,0.0,0.0,1.1880856,0.39602852,1
366,396,1.0148638,0.0,0.0,0.33828795,1
366,407,0.0,0.0,0.6416552,0.21388507,1
366,408,0.96867764,0.0,0.0,0.32289255,1
366,411,0.0,0.0,0.801087,0.26702902,1
366,415,0.0,0.9622344,0.0,0.3207448,1
366,421,0.0,0.0,0.9698356,0.32327855,1
366,422,0.0,1.1009637,0.0,0.3669879,1
366,426,0.97593737,0.0,1.4266291,0.8008555,2
366,427,0.0,0.0,1.0694001,0.3564667,1
366,430,1.0400461,0.9541513,0.0,0.66473246,2
366,431,0.9646007,0.0,0.0,0.32153356,1
366,438,1.0274011,0.0,0.0,0.34246704,1
366,439,0.0,0.9606953,0.0,0.3202318,1
366,441,1.0354246,0.0,0.0,0.34514153,1
366,449,0.0,0.0,1.2780122,0.42600405,1
366,457,0.0,0.0,1.026006,0.342002,1
366,460,0.0,0.9926655,0.0,0.3308885,1
366,474,0.97008383,0.0,0.0,0.32336128,1
366,489,0.0,1.0768931,0.0,0.35896438,1
366,495,0.0,0.945122,0.0,0.31504068,1
366,500,0.0,0.0,1.0869969,0.3623323,1
366,510,0.0,0.9503697,0.0,0.31678993,1
366,511,0.0,0.0,0.94935703,0.31645235,1
367,368,0.0,1.029155,0.0,0.34305167,1
367,371,0.0,0.9878145,0.0,0.3292715,1
367,381,0.0,0.93136495,0.0,0.310455,1
367,386,0.0,0.94888955,0.0,0.31629652,1
367,388,0.0,0.94011277,0.0,0.31337094,1
367,391,0.9874905,0.0,0.0,0.3291635,1
367,393,1.0242691,0.0,0.0,0.34142303,1
367,400,0.0,0.95961434,0.0,0.31987146,1
367,416,1.0245863,0.0,0.0,0.34152877,1
367,422,1.0126581,0.9445125,0.0,0.65239024,2
367,433,1.0354903,0.0,0.0,0.34516343,1
367,435,0.99973655,0.0,0.0,0.33324552,1
367,438,0.0,1.1667948,0.0,0.3889316,1
367,441,0.9927992,0.0,0.0,0.3309331,1
367,442,0.0,0.9583787,0.0,0.31945956,1
367,452,0.9792022,0.0,0.0,0.32640076,1
367,456,0.0,0.9884377,0.0,0.32947925,1
367,458,0.0,1.0463957,0.0,0.34879857,1
367,461,0.9669654,0.0,0.0,0.3223218,1
367,464,0.0,1.0269282,0.0,0.34230942,1
367,495,0.0,0.9870699,0.0,0.3290233,1
368,369,0.0,0.0,0.89037174,0.2967906,1
368,371,0.97548085,0.0,0.0,0.3251603,1
368,381,0.0,1.0240527,0.0,0.3413509,1
368,389,1.1136277,0.0,0.0,0.37120923,1
368,397,0.0,0.0,0.97691953,0.32563984,1
368,407,0.0,0.0,0.7811922,0.2603974,1
368,410,1.0091625,0.0,0.0,0.33638752,1
368,423,1.0132971,0.0,0.0,0.3377657,1
368,424,1.0178881,0.0,0.0,0.33929604,1
368,431,0.0,0.0,0.6195772,0.20652574,1
368,432,0.0,0.0,0.76541287,0.25513762,1
368,433,0.0,0.9827768,0.0,0.32759228,1
368,436,0.96709806,0.95777017,0.0,0.6416228,2
368,437,0.0,0.0,0.8599026,0.2866342,1
368,443,0.0,0.99051577,0.0,0.33017194,1
368,445,0.0,1.0187529,0.0,0.33958432,1
368,449,0.0,0.0,0.635562,0.21185401,1
368,450,0.9670981,0.0,0.0,0.32236606,1
368,453,0.98358566,0.0,0.0,0.3278619,1
368,460,1.0172212,0.0,0.0,0.33907375,1
368,462,0.0,1.2238086,0.0,0.40793622,1
368,471,1.0077237,0.0,0.0,0.3359079,1
368,479,0.9839276,0.0,0.0,0.32797587,1
368,481,0.0,0.95511127,0.0,0.31837043,1
368,482,0.0,0.0,0.7493444,0.24978147,1
368,496,0.0,0.0,0.72528034,0.24176012,1
368,497,0.0,0.9973833,0.0,0.33246112,1
368,499,0.96994025,0.0,0.0,0.32331342,1
369,375,0.0,0.0,1.310975,0.43699166,1
369,376,0.0,0.0,0.82295877,0.2743196,1
369,380,1.0307388,0.0,0.0,0.34357962,1
369,392,0.0,0.0,0.84062946,0.28020984,1
369,397,0.0,0.0,0.5733202,0.19110674,1
369,398,0.0,0.0,0.7630872,0.2543624,1
369,399,0.0,0.0,1.467578,0.4891927,1
369,420,0.0,1.1151677,0.70989525,0.60835433,2
369,422,1.1975439,1.0116578,1.1776502,1.1289507,3
369,426,0.0,1.0212001,0.0,0.34040004,1
369,431,0.0,0.0,1.1653765,0.38845885,1
369,432,0.0,0.0,0.65669304,0.21889769,1
369,436,0.0,0.9958523,0.0,0.33195078,1
369,437,0.0,0.0,0.92035973,0.3067866,1
369,443,0.0,0.0,0.8349234,0.2783078,1
369,444,0.0,0.0,0.66082615,0.22027539,1
369,449,0.0,0.0,0.8398368,0.2799456,1
369,452,0.0,1.0415744,1.0676701,0.7030815,2
369,462,0.0,1.0095875,0.0,0.3365292,1
369,463,1.0179566,0.0,0.0,0.33931887,1
369,481,0.0,0.0,0.8023305,0.2674435,1
369,482,0.0,0.0,1.2821594,0.4273865,1
369,484,1.0003674,0.0,0.0,0.3334558,1
369,487,0.0,0.9365848,0.0,0.31219494,1
369,492,1.0220424,0.0,0.0,0.3406808,1
369,496,0.0,0.0,1.9866313,0.66221046,1
369,497,0.0,0.0,0.6448446,0.2149482,1
369,498,0.0,0.91741395,0.93086755,0.6160939,2
369,499,0.0,1.0041912,0.0,0.3347304,1
369,500,0.9883085,0.0,0.5776647,0.5219911,2
369,501,0.0,1.0053582,0.0,0.33511943,1
369,502,0.0,0.9577553,0.0,0.31925178,1
369,507,0.0,0.0,0.82913554,0.2763785,1
370,388,0.0,0.0,0.6758497,0.22528324,1
370,395,1.0329242,1.0396221,0.0,0.69084877,2
370,397,0.0,1.0861833,0.0,0.3620611,1
370,399,0.0,0.95529926,0.0,0.3184331,1
370,402,0.0,1.021154,0.0,0.3403847,1
370,403,0.0,0.0,1.74536,0.5817867,1
370,410,0.0,0.0,1.1260266,0.37534222,1
370,411,1.0509586,0.0,0.0,0.35031956,1
370,425,0.0,0.0,0.8413109,0.280437,1
370,430,1.0283575,0.0,0.0,0.34278584,1
370,432,0.0,0.9482604,0.0,0.31608683,1
370,440,1.00504,1.0207376,0.0,0.67525923,2
370,448,0.0,0.94127995,0.0,0.31375998,1
370,454,0.0,0.0,0.763475,0.2544917,1
370,456,0.96625876,0.0,0.0,0.32208627,1
370,468,0.96586126,0.0,0.0,0.32195377,1
370,474,0.95778,0.0,0.0,0.31926,1
370,492,0.9836323,0.0,0.0,0.32787746,1
370,494,0.0,0.0,1.3944463,0.46481544,1
370,499,0.0,0.93796086,0.0,0.31265363,1
370,500,0.97848713,0.0,0.0,0.3261624,1
370,505,0.0,1.0192689,0.0,0.3397563,1
370,506,0.0,0.0,0.99415183,0.33138394,1
370,510,0.0,0.0,1.122247,0.37408233,1
371,382,1.0293224,0.0,0.0,0.34310746,1
371,389,0.0,0.95709604,0.0,0.319032,1
371,391,0.0,0.0,0.7442343,0.24807811,1
371,393,0.0,1.060884,0.0,0.353628,1
371,401,1.0577583,0.0,0.0,0.35258612,1
371,404,0.0,1.071799,0.0,0.35726637,1
371,414,0.0,0.96208113,0.0,0.32069373,1
371,424,0.0,0.9413415,0.86402,0.6017872,2
371,430,0.0,0.9461735,0.0,0.31539118,1
371,439,0.0,1.0819843,0.0,0.36066145,1
371,450,1.0077295,0.0,0.0,0.33590984,1
371,453,0.0,1.0056055,0.5753554,0.52698696,2
371,456,0.0,1.0299476,0.0,0.3433159,1
371,457,0.9872631,0.0,0.0,0.3290877,1
371,459,0.0,0.0,0.6029812,0.20099375,1
371,484,0.0,1.0195487,0.0,0.33984956,1
371,491,0.98126996,0.0,0.0,0.32709,1
371,502,0.0,0.9959847,0.0,0.3319949,1
371,503,0.0,0.9516709,0.7373279,0.5629996,2
371,509,0.0,1.0371768,0.0,0.34572563,1
372,374,0.0,0.0,0.79840946,0.2661365,1
372,383,0.0,0.0,0.84526837,0.28175613,1
372,388,0.9799405,0.0,0.0,0.32664683,1
372,392,0.99847907,0.9896814,0.0,0.6627202,2
372,396,0.9741258,0.0,0.0,0.3247086,1
372,398,0.0,1.020176,0.0,0.34005868,1
372,410,0.0,0.94340944,0.0,0.3144698,1
372,421,0.0,0.94711524,0.0,0.3157051,1
372,423,0.0,0.0,1.2472451,0.41574836,1
372,426,0.0,0.9555162,0.0,0.3185054,1
372,430,0.0,0.0,0.89983404,0.2999447,1
372,435,0.0,1.0530967,1.1440495,0.73238206,2
372,439,0.0,0.0,0.6716012,0.22386706,1
372,445,0.0,0.0,0.90507865,0.3016929,1
372,450,0.979494,0.9475189,0.0,0.6423377,2
372,452,0.9813892,0.0,0.0,0.32712975,1
372,454,0.0,0.9575084,0.0,0.31916946,1
372,458,0.0,0.95691985,0.0,0.3189733,1
372,464,0.0,0.0,1.0567168,0.35223895,1
372,466,0.0,1.1148392,0.0,0.3716131,1
372,467,0.0,0.0,1.2412938,0.4137646,1
372,470,0.0,0.0,0.77683824,0.2589461,1
372,471,0.99199855,0.0,0.0,0.33066618,1
372,480,0.0,0.0,0.85211957,0.28403986,1
372,482,0.99746716,0.0,0.0,0.33248907,1
372,494,0.9721897,0.0,0.0,0.32406324,1
372,495,0.0,0.98621213,0.0,0.32873738,1
372,499,0.0,0.0,0.8974671,0.2991557,1
372,502,1.0205752,0.0,0.0,0.34019172,1
372,503,0.0,1.023586,0.0,0.34119534,1
372,509,0.96805954,0.0,0.0,0.32268652,1
373,374,0.0,0.0,1.0735551,0.3578517,1
373,387,1.0177252,0.0,0.0,0.33924174,1
373,394,0.0,0.0,0.78488624,0.26162875,1
373,395,0.0,0.0,1.537886,0.5126287,1
373,399,0.9723886,0.0,0.0,0.32412955,1
373,406,1.0353011,0.0,0.0,0.34510037,1
373,410,0.0,1.0001413,0.0,0.33338043,1
373,414,0.0,0.0,0.736169,0.24538967,1
373,416,0.0,0.0,0.8493522,0.2831174,1
373,425,0.9705879,0.0,0.0,0.3235293,1
373,426,1.0297188,0.0,0.0,0.3432396,1
373,439,0.0,0.0,1.3421108,0.44737026,1
373,443,1.002287,0.0,0.0,0.3340957,1
373,445,0.0,0.0,1.2245198,0.4081733,1
373,453,0.0,0.0,1.6539655,0.55132186,1
373,463,0.0,0.9977571,0.0,0.3325857,1
373,467,0.0,0.0,0.84787273,0.28262424,1
373,468,0.0,1.1344233,0.0,0.3781411,1
373,470,0.0,0.0,0.79269564,0.2642319,1
373,473,0.0,0.0,1.1099333,0.36997777,1
373,477,0.0,0.0,1.7622783,0.5874261,1
373,488,0.0,1.0201522,0.0,0.34005076,1
373,495,0.0,0.0,0.78251827,0.26083943,1
373,496,0.0,0.9594346,0.0,0.31981155,1
373,498,0.0,0.0,0.81513995,0.27171332,1
373,500,0.96312225,0.0,0.0,0.32104075,1
373,503,0.0,0.0,0.9501402,0.3167134,1
373,507,0.96540874,0.0,0.0,0.3218029,1
373,508,0.0,0.0,1.1692513,0.38975045,1
373,510,0.9710341,0.0,0.0,0.32367805,1
374,384,1.09688,0.0,0.0,0.36562666,1
374,402,0.9809611,0.0,0.0,0.32698703,1
374,408,0.0,0.0,0.9320642,0.31068808,1
374,411,0.0,1.0826486,0.0,0.36088288,1
374,416,0.0,0.0,1.0530468,0.35101563,1
374,418,0.0,0.0,0.88163537,0.29387847,1
374,419,0.0,0.9576356,0.0,0.31921187,1
374,423,0.0,0.0,0.9817604,0.32725346,1
374,439,0.98864675,0.0,1.804907,0.93118465,2
374,443,0.9838709,0.0,0.0,0.32795697,1
374,445,0.0,0.0,1.1399332,0.37997776,1
374,448,0.0,1.08243,0.0,0.36081,1
374,453,0.9671878,0.0,0.7132969,0.5601616,2
374,459,1.0015776,0.0,0.0,0.3338592,1
374,461,0.0,0.0,0.83200014,0.27733338,1
374,462,1.0249801,0.0,0.0,0.34166002,1
374,467,0.0,0.0,0.93229294,0.3107643,1
374,470,0.0,0.0,1.821621,0.607207,1
374,471,0.0,0.0,1.0026762,0.33422542,1
374,476,0.9766193,0.0,0.0,0.32553977,1
374,477,0.9651951,1.021636,1.6084898,1.1984403,3
374,494,0.99319935,0.0,0.0,0.33106646,1
374,498,0.0,0.0,1.546377,0.515459,1
374,499,0.0,1.0012107,0.0,0.3337369,1
374,501,0.0,0.97685474,0.0,0.32561827,1
374,508,0.0,0.0,1.6399338,0.5466446,1
375,380,0.96218693,0.0,0.0,0.320729,1
375,383,0.9673389,0.0,0.0,0.32244632,1
375,393,0.9666816,0.0,0.0,0.3222272,1
375,394,0.0,0.0,0.8247487,0.27491623,1
375,396,0.0,0.0,0.89538056,0.2984602,1
375,397,0.0,0.0,1.3253142,0.4417714,1
375,398,0.0,0.0,0.71783173,0.23927724,1
375,399,0.0,0.0,0.675895,0.22529833,1
375,409,0.0,0.97628313,0.0,0.3254277,1
375,413,0.0,1.1759697,0.0,0.39198992,1
375,414,0.0,0.94721216,0.0,0.3157374,1
375,416,0.0,0.9639819,0.0,0.32132733,1
375,420,0.0,0.0,0.78451973,0.2615066,1
375,422,0.0,0.0,0.7057288,0.23524295,1
375,425,0.0,0.972082,0.0,0.32402736,1
375,432,0.0,0.0,0.615344,0.20511466,1
375,433,1.0599706,0.0,0.0,0.35332355,1
375,437,0.0,0.0,1.0478342,0.34927806,1
375,440,0.0,0.0,0.67658633,0.22552878,1
375,443,0.0,1.0737169,0.6568093,0.57684207,2
375,444,0.0,0.0,0.8345087,0.27816957,1
375,456,0.0,0.0,1.0448385,0.34827954,1
375,463,0.0,1.1582859,0.0,0.3860953,1
375,481,0.0,0.9527699,0.7541564,0.56897545,2
375,493,0.99874574,0.0,0.0,0.33291525,1
375,496,0.0,0.0,1.5889386,0.5296462,1
375,500,0.0,0.99031526,0.0,0.3301051,1
375,507,0.0,0.0,0.83292794,0.27764267,1
375,509,0.0,0.0,0.6495811,0.21652703,1
376,380,0.0,0.9411804,0.0,0.3137268,1
376,385,0.0,0.99049145,0.0,0.33016384,1
376,398,0.0,0.0,0.9235326,0.30784422,1
376,399,0.9730649,0.0,0.0,0.32435498,1
376,405,0.9777102,0.0,0.0,0.32590342,1
376,407,0.9676539,0.0,0.0,0.3225513,1
376,408,0.0,0.94766825,0.0,0.31588942,1
376,417,0.9856166,0.0,0.0,0.3285389,1
376,418,0.9722927,0.0,0.0,0.32409757,1
376,420,0.0,0.0,1.2033,0.4011,1
376,422,0.0,0.0,0.83420783,0.2780693,1
376,423,1.0039874,0.0,0.0,0.3346625,1
376,429,0.0,0.0,0.88555896,0.29518634,1
376,443,0.0,0.0,1.6712317,0.5570773,1
376,446,0.0,1.07747,0.0,0.35915667,1
376,447,0.0,0.0,0.8485729,0.28285766,1
376,449,1.0125144,0.0,0.0,0.3375048,1
376,455,0.0,1.0248668,0.0,0.3416223,1
376,457,0.0,0.96512914,0.0,0.32170972,1
376,459,0.0,0.9660445,0.0,0.32201484,1
376,460,0.0,0.9924993,0.0,0.3308331,1
376,466,1.0156555,0.0,0.0,0.33855185,1
376,470,0.0,0.0,0.6732233,0.22440778,1
376,478,0.96587163,0.0,0.0,0.32195723,1
376,482,0.0,0.0,1.2786918,0.4262306,1
376,486,0.0,1.0136573,0.0,0.3378858,1
376,487,0.0,0.0,0.7894595,0.2631532,1
376,488,0.0,0.981794,0.0,0.32726467,1
376,491,0.0,0.9285672,0.0,0.3095224,1
376,492,0.0,0.0,0.816195,0.272065,1
376,496,0.0,0.0,0.6965249,0.23217498,1
376,498,0.0,0.0,1.3896323,0.4632108,1
376,500,0.0,0.0,1.3570007,0.45233357,1
376,502,0.97105706,0.0,0.0,0.3236857,1
376,503,0.9695808,0.0,0.0,0.3231936,1
376,511,0.0,1.0860265,0.801619,0.62921524,2
377,384,0.9736021,0.0,0.0,0.32453406,1
377,387,0.0,0.0,1.1360545,0.37868485,1
377,388,0.0,0.97732335,0.0,0.32577446,1
377,396,1.0051156,0.0,0.0,0.33503854,1
377,403,0.0,0.0,0.7935112,0.26450375,1
377,412,0.0,0.0,1.2291956,0.40973186,1
377,436,0.0,0.0,1.2547803,0.4182601,1
377,437,0.97982377,0.0,0.0,0.32660794,1
377,441,0.0,0.0,1.098564,0.36618802,1
377,443,0.9858004,0.94166535,0.0,0.6424886,2
377,452,1.0529457,0.0,0.0,0.35098192,1
377,455,0.0,0.0,1.1622225,0.3874075,1
377,462,0.0,0.0,0.7535366,0.25117886,1
377,472,0.0,0.0,1.6993871,0.5664624,1
377,479,1.0134487,0.0,0.0,0.33781624,1
377,501,0.0,0.0,0.7736543,0.25788477,1
377,502,0.97890615,0.0,0.0,0.32630205,1
377,504,0.0,0.0,1.4481962,0.48273206,1
378,396,0.0,0.99646723,0.0,0.33215576,1
378,404,0.9933518,0.0,0.0,0.33111727,1
378,408,0.0,1.0533639,0.0,0.3511213,1
378,411,0.9768991,0.0,0.0,0.32563305,1
378,413,0.0,0.0,0.7852576,0.26175255,1
378,426,0.0,0.0,0.91850895,0.30616966,1
378,429,0.9733536,0.0,0.0,0.3244512,1
378,430,0.97753507,0.0,0.0,0.32584503,1
378,431,0.97277135,0.0,0.0,0.32425714,1
378,433,0.0,0.9603408,0.0,0.3201136,1
378,441,1.0147251,0.0,0.0,0.3382417,1
378,447,0.0,0.0,0.8366212,0.27887374,1
378,449,0.0,0.0,0.7275465,0.2425155,1
378,457,0.0,0.98558134,1.2891443,0.7582419,2
378,463,0.9928406,0.0,0.0,0.33094686,1
378,465,0.0,1.0211426,0.0,0.34038088,1
378,467,1.0869439,0.0,0.0,0.36231464,1
378,477,0.9750079,0.0,0.0,0.32500264,1
378,479,1.0106887,0.0,0.0,0.33689624,1
378,486,1.0731046,0.0,0.0,0.35770154,1
378,491,0.0,0.9426655,0.0,0.31422186,1
378,492,0.0,0.0,0.71010375,0.23670125,1
378,499,0.0,1.2312064,0.0,0.41040215,1
378,500,0.99906766,0.0,0.8236039,0.6075572,2
378,502,0.0,1.0288159,0.6911971,0.5733377,2
378,511,0.0,0.0,1.4135367,0.4711789,1
379,380,0.0,0.0,1.1471362,0.38237876,1
379,393,0.0,0.0,0.8821947,0.2940649,1
379,394,0.0,0.0,0.92926735,0.3097558,1
379,396,0.0,1.0183724,0.0,0.33945748,1
379,397,0.0,0.9862177,0.0,0.32873923,1
379,398,0.0,0.9738188,0.0,0.32460627,1
379,414,0.0,0.0,0.79721487,0.2657383,1
379,417,0.966712,0.0,0.0,0.32223734,1
379,418,0.0,0.0,1.898679,0.632893,1
379,419,1.0019062,0.0,0.0,0.33396873,1
379,423,1.0031838,0.0,0.9553737,0.65285254,2
379,426,0.0,1.0166286,0.0,0.33887622,1
379,427,1.0170246,0.0,0.0,0.3390082,1
379,428,0.0,0.0,0.9250135,0.30833784,1
379,430,0.987625,0.0,0.858382,0.6153357,2
379,432,0.98453206,0.0,0.0,0.32817736,1
379,445,0.988182,0.0,0.0,0.329394,1
379,446,0.0,1.1018207,0.0,0.36727357,1
379,447,0.9634273,0.0,0.0,0.32114244,1
379,452,0.9869991,0.0,0.0,0.3289997,1
379,453,0.0,0.95367914,0.0,0.31789306,1
379,457,0.0,0.940706,0.0,0.31356868,1
379,459,0.0,0.0,0.82438934,0.27479646,1
379,470,0.0,0.0,0.6911141,0.23037139,1
379,473,0.0,1.0073482,0.0,0.33578274,1
379,477,0.0,0.0,0.8427631,0.28092104,1
379,479,0.0,1.0564842,0.0,0.3521614,1
379,483,0.0,1.1758307,0.0,0.39194357,1
379,485,0.0,0.0,1.0074525,0.33581752,1
379,486,0.0,0.0,0.5152299,0.1717433,1
379,487,0.0,0.0,1.0531217,0.35104057,1
379,495,0.0,0.0,0.6974791,0.23249304,1
379,508,0.9644532,0.0,0.0,0.32148442,1
379,510,0.0,1.0633144,0.0,0.35443816,1
380,385,0.0,0.971569,0.0,0.32385635,1
380,393,0.0,0.0,0.799985,0.26666167,1
380,409,0.0,0.0,1.0861208,0.36204028,1
380,418,0.0,1.0874134,1.1621236,0.7498457,2
380,422,1.0019993,0.0,0.0,0.33399975,1
380,423,0.0,0.98352444,0.73562884,0.5730511,2
380,425,1.0664985,0.0,0.0,0.3554995,1
380,434,0.9987456,0.0,0.0,0.33291522,1
380,457,0.97468066,0.0,0.0,0.32489356,1
380,459,0.0,0.0,0.75461483,0.25153828,1
380,464,0.9688621,0.0,0.0,0.32295406,1
380,470,0.0,0.0,0.8408207,0.2802736,1
380,477,0.0,0.0,0.84456015,0.28152007,1
380,483,0.992902,0.0,0.0,0.33096734,1
380,484,0.98779124,0.0,0.0,0.32926375,1
380,485,0.0,0.0,1.5012144,0.50040483,1
380,487,0.0,0.0,1.1129827,0.37099427,1
380,495,0.0,0.94798154,0.0,0.31599385,1
380,501,0.0,0.0,0.6362964,0.2120988,1
380,508,0.0,1.1145805,0.0,0.37152684,1
381,389,0.0,1.0189726,0.0,0.33965755,1
381,390,0.0,0.0,1.1543206,0.38477355,1
381,391,0.0,0.0,0.89849794,0.29949933,1
381,396,0.0,0.0,1.3304901,0.4434967,1
381,398,0.97419834,0.0,0.0,0.32473278,1
381,407,0.99479735,0.0,0.0,0.33159912,1
381,409,0.0,0.9565186,0.0,0.31883955,1
381,411,0.0,0.972698,0.0,0.32423267,1
381,425,0.0,0.98225147,0.0,0.32741717,1
381,428,0.0,0.9731018,0.0,0.32436728,1
381,433,0.0,1.0049456,0.0,0.3349819,1
381,440,0.9761835,0.0,0.9594322,0.64520526,2
381,450,0.0,1.1013063,0.0,0.36710212,1
381,451,0.0,0.0,0.78321713,0.2610724,1
381,462,0.0,1.0777336,0.0,0.35924456,1
381,469,0.0,0.9569928,0.0,0.31899762,1
381,477,0.0,1.0704268,0.0,0.35680896,1
381,482,0.0,0.948919,0.0,0.31630635,1
381,485,0.96967953,0.0,0.0,0.3232265,1
381,488,0.0,0.0,1.0710219,0.35700732,1
381,505,0.0,0.0,0.6892368,0.22974561,1
381,508,0.9883865,0.0,0.0,0.32946217,1
382,383,0.0,0.0,1.2970835,0.4323612,1
382,384,0.0,0.0,0.5883849,0.19612831,1
382,400,0.0,0.9732032,0.0,0.32440108,1
382,401,0.0,0.992704,0.0,0.33090132,1
382,423,0.99516034,0.0,0.0,0.3317201,1
382,446,0.0,0.0,1.0305974,0.3435325,1
382,450,1.0040951,0.0,0.0,0.33469838,1
382,454,1.0502695,0.0,0.0,0.35008985,1
382,461,0.0,1.0478733,0.75718397,0.60168576,2
382,465,0.0,0.0,1.2652841,0.42176136,1
382,475,1.0162932,0.0,0.0,0.3387644,1
382,481,1.0267336,0.0,0.0,0.34224457,1
382,486,0.0,0.98438865,0.0,0.32812956,1
382,491,1.0014387,0.0,0.0,0.33381292,1
382,494,0.0,0.0,0.8711463,0.29038212,1
382,497,0.9610183,0.0,0.0,0.32033944,1
382,499,0.0,0.9755411,0.0,0.32518038,1
382,508,0.0,0.0,0.85428876,0.28476292,1
383,401,1.0291288,0.0,0.0,0.34304294,1
383,408,1.0093418,0.0,0.0,0.3364473,1
383,424,1.0038999,0.0,0.0,0.33463332,1
383,429,0.0,0.9612511,0.0,0.32041705,1
383,430,0.0,0.0,0.7906085,0.26353619,1
383,437,0.0,0.95827305,0.0,0.31942436,1
383,442,0.0,0.98153275,0.0,0.32717758,1
383,446,0.0,0.0,0.7899456,0.2633152,1
383,452,1.0588883,0.0,0.0,0.3529628,1
383,453,0.98560303,0.0,0.0,0.32853436,1
383,454,1.0326303,0.0,0.0,0.34421012,1
383,458,0.0,0.9489083,0.0,0.31630278,1
383,469,0.0,0.0,0.81584257,0.27194753,1
383,471,0.0,0.95512325,0.0,0.31837443,1
383,474,0.0,0.0,0.7829133,0.26097113,1
383,477,0.0,0.95117635,0.0,0.3170588,1
383,490,0.9818452,0.0,0.0,0.32728174,1
383,499,0.0,0.0,0.99209785,0.3306993,1
384,391,0.97591466,0.0,0.0,0.3253049,1
384,395,0.0,0.9683883,0.0,0.3227961,1
384,397,0.0,0.9585164,0.0,0.31950548,1
384,404,0.0,0.0,1.251718,0.41723937,1
384,405,0.0,0.9848989,0.80150545,0.59546816,2
384,410,0.0,0.0,0.504935,0.16831169,1
384,413,0.99381495,0.93809533,0.0,0.64397013,2
384,414,0.989598,0.0,0.0,0.329866,1
384,415,0.0,0.0,1.1628304,0.38761014,1
384,416,0.0,1.0237283,0.0,0.34124276,1
384,419,0.0,0.0,0.6748368,0.2249456,1
384,427,0.0,1.0399249,0.0,0.34664163,1
384,429,1.0016689,0.0,0.0,0.33388966,1
384,442,1.0454139,0.0,0.0,0.34847128,1
384,446,0.0,0.0,1.0472734,0.34909114,1
384,458,1.0250895,0.0,0.0,0.3416965,1
384,459,0.972097,0.0,0.0,0.32403234,1
384,460,0.0,1.117621,0.0,0.37254032,1
384,461,0.0,0.0,0.515263,0.17175435,1
384,463,0.0,0.945592,0.0,0.31519735,1
384,465,0.0,0.0,0.48043713,0.16014571,1
384,468,0.0,0.99405926,0.0,0.3313531,1
384,470,0.0,0.94561297,0.0,0.31520432,1
384,475,0.95426196,0.0,0.0,0.31808734,1
384,479,1.0046039,0.0,0.0,0.33486795,1
384,490,0.0,0.0,0.68712074,0.22904025,1
384,494,0.0,0.0,0.4187976,0.1395992,1
384,498,0.0,0.95061654,0.0,0.31687218,1
384,500,0.99010164,0.0,0.0,0.3300339,1
384,503,0.0,0.96249855,0.0,0.32083285,1
384,505,0.96220636,0.0,0.0,0.32073545,1
384,508,0.0,0.9712178,0.0,0.3237393,1
384,510,0.0,0.0,0.4651242,0.1550414,1
385,390,0.0,1.0836885,0.0,0.3612295,1
385,395,0.0,0.95200473,0.0,0.31733492,1
385,399,1.0141926,0.98186696,0.0,0.6653532,2
385,413,0.0,0.0,1.5774916,0.52583057,1
385,417,0.0,0.0,1.1849322,0.39497742,1
385,427,0.0,0.0,0.7410454,0.24701515,1
385,429,0.0,0.0,0.93728423,0.3124281,1
385,439,0.0,0.93761724,0.0,0.3125391,1
385,446,0.9658018,1.0325298,0.0,0.6661105,2
385,447,0.9839917,0.0,1.6940498,0.8926805,2
385,448,0.9676093,0.0,0.0,0.32253644,1
385,451,0.0,0.0,0.84870064,0.2829002,1
385,453,1.0181118,0.0,0.0,0.3393706,1
385,454,1.0272194,0.0,0.0,0.34240648,1
385,465,0.0,0.979937,0.0,0.32664567,1
385,476,0.0,0.9652727,0.0,0.32175758,1
385,480,0.0,0.9874564,0.0,0.32915214,1
385,482,0.0,0.0,1.0835133,0.3611711,1
385,488,0.0,0.0,0.9793345,0.32644483,1
385,489,0.0,0.0,1.1863465,0.39544886,1
385,492,0.0,0.0,0.78558815,0.26186273,1
385,504,0.0,0.97068053,0.0,0.32356018,1
385,505,0.0,1.0177491,0.85975856,0.6258359,2
385,507,0.0,0.0,0.80465025,0.26821676,1
385,509,0.0,0.97269607,0.7176469,0.5634477,2
385,510,0.9892801,0.0,0.0,0.32976004,1
386,395,0.9944677,0.0,0.0,0.33148924,1
386,397,0.9667892,0.0,0.0,0.32226306,1
386,423,1.0463363,0.0,0.0,0.34877878,1
386,427,0.0,0.0,1.0353132,0.34510443,1
386,430,0.0,0.0,1.0002905,0.33343017,1
386,433,0.0,0.0,1.7045816,0.5681939,1
386,451,0.0,0.0,0.9817263,0.3272421,1
386,452,0.97306454,0.0,0.0,0.32435486,1
386,462,0.9898516,0.0,0.0,0.32995054,1
386,465,0.0,0.0,0.8347898,0.27826327,1
386,469,0.0,0.9398493,0.0,0.31328312,1
386,474,0.99155277,0.0,0.0,0.3305176,1
386,475,0.96349514,0.0,0.0,0.32116506,1
386,478,0.9593701,0.0,0.0,0.31979004,1
386,479,0.0,0.0,1.1788799,0.39295995,1
386,481,0.0,0.940959,0.0,0.313653,1
386,486,0.0,0.97621834,1.5234705,0.83322966,2
386,489,0.0,0.0,0.9362593,0.31208646,1
387,392,0.0,1.0481997,0.0,0.3493999,1
387,403,0.0,0.0,0.7441212,0.24804041,1
387,406,0.0,0.0,1.2449867,0.41499555,1
387,408,1.0271792,0.0,0.0,0.3423931,1
387,412,0.0,0.0,0.74746674,0.24915558,1
387,415,0.9797781,1.0201656,0.0,0.6666479,2
387,436,0.0,0.0,0.90638554,0.30212852,1
387,441,1.039446,0.0,0.99324554,0.6775639,2
387,454,0.0,0.0,0.8113048,0.27043495,1
387,455,0.0,0.0,0.8343921,0.2781307,1
387,472,0.0,1.0534155,1.4331617,0.8288591,2
387,485,1.0893276,0.0,0.0,0.3631092,1
387,489,0.0,0.9625604,0.0,0.32085347,1
387,499,0.9838862,0.0,0.0,0.32796207,1
387,500,1.0766344,0.0,0.0,0.35887814,1
387,501,0.0,0.0,1.0167538,0.33891794,1
387,504,0.0,0.0,1.0931381,0.36437938,1
387,509,0.0,0.970524,0.0,0.32350802,1
388,390,0.0,0.9334921,0.0,0.31116405,1
388,408,0.99295294,0.0,0.0,0.33098432,1
388,409,0.9664781,0.0,0.0,0.32215938,1
388,420,0.0,1.1348097,0.0,0.3782699,1
388,428,0.0,0.9728392,0.0,0.32427973,1
388,435,0.0,0.0,1.7275002,0.57583344,1
388,438,0.0,0.955314,0.0,0.318438,1
388,442,1.030691,0.0,0.0,0.34356368,1
388,443,0.0,1.0294603,0.0,0.34315345,1
388,449,0.97722924,0.0,0.0,0.32574308,1
388,458,0.0,0.9481868,0.97146726,0.6398847,2
388,464,0.0,0.0,0.70021015,0.23340338,1
388,466,0.0,0.0,0.96405226,0.32135075,1
388,467,0.0,0.0,0.8350184,0.27833948,1
388,469,0.0,1.037564,0.0,0.3458547,1
388,473,0.0,0.0,0.8546646,0.2848882,1
388,477,0.9677789,0.0,0.0,0.32259297,1
388,480,0.0,0.0,0.8875037,0.29583457,1
388,482,1.0443904,0.0,0.0,0.34813017,1
388,493,0.0,0.97360426,0.0,0.32453477,1
388,494,0.0,0.0,1.0389824,0.34632748,1
388,498,0.0,1.0211582,0.0,0.3403861,1
388,500,0.0,1.0241275,0.0,0.34137583,1
388,503,0.0,0.0,0.5822663,0.19408876,1
389,393,0.0,0.95833975,0.0,0.3194466,1
389,395,0.0,0.0,0.8391612,0.27972043,1
389,396,0.9982792,0.0,0.0,0.33275974,1
389,399,0.9685912,0.0,0.0,0.32286376,1
389,402,0.9785349,1.0817844,0.0,0.6867731,2
389,406,1.057238,0.0,0.0,0.35241267,1
389,407,0.0,0.937998,0.0,0.312666,1
389,409,0.96819496,0.0,0.0,0.32273167,1
389,418,1.0004649,0.0,0.0,0.33348832,1
389,420,0.0,0.9649518,0.0,0.32165062,1
389,424,0.0,0.0,1.724248,0.57474935,1
389,428,0.0,1.0091329,0.0,0.33637762,1
389,429,1.0640243,0.0,0.0,0.3546748,1
389,433,0.9869693,0.0,0.0,0.32898977,1
389,434,0.97461057,0.0,0.0,0.3248702,1
389,439,0.0,1.0065062,0.0,0.3355021,1
389,444,1.043233,0.0,0.0,0.34774435,1
389,450,0.9673312,0.9864913,0.0,0.6512742,2
389,453,0.0,0.0,0.85133463,0.28377822,1
389,458,0.0,0.0,1.2061684,0.40205616,1
389,468,0.0,0.0,1.155948,0.385316,1
389,481,0.0,1.0813622,0.0,0.36045408,1
389,488,0.0,0.954914,0.0,0.31830466,1
389,490,0.0,0.9361475,0.0,0.31204918,1
389,503,1.0006304,0.0,0.9984971,0.6663759,2
389,505,0.9616388,0.0,0.0,0.32054627,1
390,391,0.0,0.0,0.88123095,0.29374367,1
390,396,0.0,0.0,1.5207837,0.5069279,1
390,400,0.9903872,0.0,0.0,0.3301291,1
390,401,0.0,0.0,0.7447011,0.2482337,1
390,403,0.0,1.0809366,0.0,0.3603122,1
390,420,1.0551155,1.0556923,0.0,0.7036026,2
390,425,0.0,0.9856335,0.0,0.3285445,1
390,436,0.0,0.9422474,0.0,0.31408247,1
390,440,0.0,0.0,0.7046551,0.23488504,1
390,444,0.9718314,0.0,0.0,0.3239438,1
390,453,0.0,1.0298084,0.0,0.34326947,1
390,456,0.0,0.0,1.4616601,0.48722005,1
390,463,1.0104815,0.0,0.9909745,0.667152,2
390,474,0.0,0.99833393,0.0,0.33277798,1
390,481,1.0839664,0.0,0.0,0.36132213,1
390,484,0.0,0.9529413,0.0,0.3176471,1
390,502,0.0,0.97022945,0.0,0.32340983,1
390,510,0.0,0.9823577,0.0,0.32745257,1
391,395,0.0,0.0,0.7809198,0.2603066,1
391,398,1.0109389,0.0,0.0,0.33697963,1
391,402,0.0,1.0403327,0.0,0.34677756,1
391,407,0.96088344,0.0,0.0,0.3202945,1
391,409,0.0,1.0014735,0.0,0.33382452,1
391,414,0.97585964,0.0,0.0,0.32528657,1
391,418,0.0,1.0757396,0.0,0.35857987,1
391,424,0.0,0.0,0.93595564,0.31198522,1
391,425,0.0,0.9576524,0.0,0.31921747,1
391,443,0.9744702,0.0,0.0,0.3248234,1
391,445,0.0,1.1290936,0.0,0.37636456,1
391,448,0.0,0.0,0.7219888,0.24066293,1
391,451,1.0036191,0.0,0.0,0.3345397,1
391,453,0.0,0.0,1.0847468,0.36158228,1
391,459,0.0,0.94845945,0.0,0.31615317,1
391,461,1.0032831,0.0,0.0,0.3344277,1
391,463,0.0,0.0,0.65225625,0.21741876,1
391,468,0.0,0.0,0.6466425,0.2155475,1
391,469,1.003593,0.0,0.0,0.334531,1
391,472,0.0,0.9950016,0.0,0.3316672,1
391,473,0.0,1.1124104,0.0,0.37080348,1
391,477,0.977901,0.0,0.0,0.325967,1
391,479,1.0491657,0.0,0.0,0.3497219,1
391,489,0.0,1.006124,0.0,0.33537468,1
391,492,0.0,0.99534756,0.0,0.33178252,1
391,503,0.0,0.0,1.1424928,0.38083094,1
391,504,0.0,1.058555,0.0,0.3528517,1
392,398,0.0,0.97124875,0.0,0.3237496,1
392,401,0.0,0.0,0.6105631,0.20352104,1
392,407,1.0000341,0.0,0.0,0.3333447,1
392,418,1.0474613,0.0,0.0,0.34915376,1
392,424,0.0,1.0528336,0.0,0.35094452,1
392,427,0.0,0.0,0.78456295,0.26152098,1
392,431,0.0,0.0,1.0662684,0.35542282,1
392,449,0.0,0.0,1.0819159,0.36063862,1
392,452,0.0,0.0,0.7907192,0.26357308,1
392,464,0.9665752,1.0301245,0.0,0.66556656,2
392,466,0.0,1.0026778,0.0,0.33422595,1
392,478,0.0,1.0901272,0.0,0.36337575,1
392,482,0.0,0.96432453,0.0,0.32144153,1
392,483,0.968842,0.0,0.0,0.32294735,1
392,487,1.0873232,0.9684687,0.0,0.685264,2
392,495,0.9708104,0.0,0.0,0.32360348,1
392,504,1.0535433,0.0,0.0,0.35118112,1
393,394,0.0,0.0,0.8911571,0.29705238,1
393,397,0.0,0.9974685,0.0,0.3324895,1
393,400,1.0577908,0.0,0.0,0.35259694,1
393,403,0.978739,0.0,0.0,0.32624635,1
393,404,0.9664147,0.0,0.0,0.32213825,1
393,409,0.0,0.0,0.7080713,0.23602377,1
393,412,0.0,0.9510086,0.0,0.3170029,1
393,414,0.0,0.0,0.95404196,0.318014,1
393,421,0.0,0.95174515,1.5691168,0.8402874,2
393,425,0.9649472,0.0,0.0,0.32164907,1
393,430,0.0,0.9507066,0.0,0.31690222,1
393,431,0.0,0.9868456,0.0,0.32894856,1
393,432,0.0,0.9456871,0.0,0.31522906,1
393,437,0.9993611,0.0,0.0,0.33312038,1
393,439,0.0,1.2173077,0.0,0.40576923,1
393,443,1.0065088,0.0,0.0,0.33550295,1
393,447,0.9967683,0.9543996,0.0,0.6503893,2
393,448,0.96071035,0.0,0.0,0.3202368,1
393,459,0.0,0.0,1.0198697,0.33995658,1
393,460,0.0,0.9513787,0.0,0.31712624,1
393,464,1.0551549,0.0,0.0,0.3517183,1
393,475,0.0,1.0047202,0.0,0.33490676,1
393,481,0.0,0.0,1.210127,0.4033757,1
393,483,1.0050576,0.0,0.7945902,0.5998826,2
393,485,0.0,0.0,1.2928,0.43093333,1
393,487,0.0,0.0,1.0359304,0.34531015,1
393,498,0.96909875,0.0,0.0,0.32303292,1
393,508,0.0,0.9413533,0.0,0.31378445,1
394,398,1.0539242,0.0,0.0,0.35130808,1
394,405,0.95633626,0.0,0.0,0.31877875,1
394,406,0.0,0.9531525,0.0,0.3177175,1
394,407,0.0,0.94614124,0.0,0.31538042,1
394,412,1.0610553,0.0,0.0,0.3536851,1
394,414,0.0,0.0,1.9368817,0.64562726,1
394,416,0.0,0.0,0.72023994,0.24007998,1
394,418,0.0,1.0096724,0.0,0.33655748,1
394,420,0.996515,0.0,0.0,0.33217168,1
394,424,1.0015177,0.9540955,0.0,0.6518711,2
394,427,0.9648379,0.0,0.0,0.32161266,1
394,428,1.00108,0.0,0.0,0.33369336,1
394,434,0.0,0.99360543,0.0,0.33120182,1
394,448,0.0,0.0,0.71820843,0.23940282,1
394,459,0.0,0.0,0.81976324,0.27325442,1
394,466,0.9574242,0.0,0.0,0.31914142,1
394,479,0.0,1.1214242,0.0,0.3738081,1
394,481,0.0,0.0,0.91292804,0.30430937,1
394,483,0.0,0.0,0.6784472,0.22614907,1
394,494,0.0,0.9869713,0.0,0.32899046,1
394,498,0.0,0.9860549,0.0,0.328685,1
394,500,0.0,1.0154696,0.0,0.33848986,1
394,502,0.0,1.059713,0.0,0.3532377,1
395,398,0.0,1.0149268,0.0,0.33830893,1
395,410,1.0561404,0.0,0.0,0.35204682,1
395,423,0.0,0.9376669,0.0,0.31255564,1
395,424,0.0,1.0195248,1.391132,0.80355227,2
395,427,1.0364039,0.0,0.0,0.34546798,1
395,430,1.0055908,0.0,0.0,0.33519694,1
395,445,0.0,0.0,0.882318,0.294106,1
395,449,0.0,0.9725655,0.0,0.3241885,1
395,453,0.0,0.0,1.5897005,0.5299002,1
395,454,1.015768,0.0,0.0,0.33858937,1
395,462,0.9616233,0.0,0.0,0.3205411,1
395,464,0.0,0.0,0.79647803,0.26549268,1
395,467,0.0,1.1082913,0.0,0.36943042,1
395,468,0.0,0.0,1.4697485,0.48991618,1
395,473,0.0,0.0,0.9921339,0.3307113,1
395,477,0.0,0.0,1.1814332,0.39381108,1
395,484,0.0,0.9454101,0.0,0.3151367,1
395,489,0.0,1.0268521,0.0,0.34228405,1
395,494,1.0934094,0.0,0.0,0.36446983,1
395,495,0.9675968,0.0,0.0,0.3225323,1
395,499,1.0208944,0.0,0.0,0.34029815,1
395,503,0.0,0.0,0.8018981,0.26729938,1
395,508,0.0,0.0,0.5599415,0.18664716,1
396,401,0.0,0.0,0.6222812,0.20742707,1
396,403,1.0104582,0.0,0.0,0.3368194,1
396,406,1.0027786,0.0,0.0,0.33425957,1
396,412,0.0,0.9823894,0.0,0.32746315,1
396,426,0.96312034,0.0,0.0,0.32104012,1
396,434,0.0,0.96175677,0.0,0.3205856,1
396,440,0.0,0.0,1.5476913,0.51589715,1
396,447,0.0,0.98221534,0.0,0.32740512,1
396,449,1.0028594,0.0,0.0,0.33428645,1
396,451,1.00967,0.0,0.91558635,0.6417521,2
396,455,0.9609926,0.0,0.0,0.32033086,1
396,456,1.101834,0.0,1.467069,0.85630107,2
396,457,0.0,1.1413896,0.0,0.3804632,1
396,461,0.99537534,0.0,0.0,0.3317918,1
396,466,0.0,0.9432033,0.0,0.3144011,1
396,479,0.0,0.9438389,0.0,0.31461298,1
396,481,0.0,0.0,0.7248166,0.24160555,1
396,485,0.0,1.0092506,0.0,0.3364169,1
396,488,0.0,0.0,0.89117926,0.29705977,1
396,501,0.0,1.0004449,0.0,0.33348164,1
396,505,0.0,0.0,0.81638145,0.27212715,1
396,509,0.9910764,0.98999673,0.0,0.6603577,2
397,409,1.0070846,0.0,0.0,0.33569488,1
397,415,0.0,1.0242695,0.0,0.34142315,1
397,416,1.0606804,0.0,0.0,0.35356015,1
397,422,0.98283815,0.0,0.0,0.32761273,1
397,423,0.0,0.97945863,0.0,0.32648623,1
397,431,0.0,1.0566016,0.0,0.35220057,1
397,434,0.9644899,0.0,0.0,0.32149664,1
397,437,0.0,0.0,0.8684797,0.28949326,1
397,449,0.0,0.0,0.6577308,0.21924362,1
397,453,0.99111414,0.0,0.0,0.33037138,1
397,455,0.0,0.97039264,0.0,0.3234642,1
397,458,0.0,0.9879361,0.0,0.32931203,1
397,470,0.9700279,0.0,0.0,0.32334265,1
397,473,0.0,1.0089538,0.0,0.33631796,1
397,486,0.9895688,0.0,0.0,0.32985628,1
397,489,0.96990836,0.0,0.0,0.3233028,1
397,496,1.0224088,0.0,0.7369658,0.5864582,2
397,501,1.0057433,0.0,0.0,0.33524776,1
397,506,0.98323786,0.0,0.0,0.32774597,1
397,508,0.0,0.9604414,0.0,0.32014716,1
397,511,1.0457591,0.0,0.0,0.34858638,1
398,399,0.0,0.0,0.9372299,0.31240997,1
398,401,0.0,1.0169009,0.77215624,0.5963524,2
398,405,1.0165266,0.0,0.0,0.3388422,1
398,420,0.0,0.0,1.6934023,0.56446743,1
398,424,1.0293595,0.0,0.0,0.34311983,1
398,426,0.0,1.0410037,0.0,0.34700125,1
398,429,0.0,0.0,1.7170918,0.572364,1
398,434,0.0,0.0,1.8982781,0.6327594,1
398,435,0.0,0.9429503,0.0,0.31431678,1
398,438,0.0,0.9465001,0.0,0.31550005,1
398,443,0.0,0.0,1.5153849,0.5051283,1
398,444,1.0016651,0.0,0.0,0.33388838,1
398,449,0.0,0.0,0.6940537,0.23135124,1
398,458,0.9683061,0.0,0.0,0.32276872,1
398,460,0.974028,0.0,0.0,0.324676,1
398,464,0.0,1.0045438,0.0,0.33484793,1
398,473,0.0,1.0774578,0.0,0.35915262,1
398,477,0.9941083,0.0,0.0,0.33136946,1
398,483,0.0,0.93902135,0.0,0.31300712,1
398,486,1.0197637,0.0,0.0,0.33992124,1
398,494,1.0697421,0.0,0.0,0.3565807,1
398,496,0.0,0.0,0.8819511,0.2939837,1
398,498,0.0,0.0,0.96843,0.32281,1
398,499,1.0033048,0.0,0.0,0.33443496,1
398,500,0.0,0.0,0.99591684,0.3319723,1
398,506,0.9788385,0.0,0.0,0.32627952,1
398,511,0.0,0.0,0.7788272,0.25960907,1
399,406,1.0279366,0.0,0.0,0.34264553,1
399,418,1.0265156,0.0,0.0,0.34217188,1
399,420,0.9857933,0.0,0.0,0.32859778,1
399,422,0.0,0.0,0.98319185,0.32773063,1
399,431,0.0,0.0,0.9355932,0.3118644,1
399,432,0.0,0.0,0.94267094,0.31422365,1
399,443,0.0,0.0,0.77355754,0.25785252,1
399,445,0.0,0.99241966,0.0,0.33080655,1
399,449,0.0,0.0,0.58898413,0.19632804,1
399,452,0.0,0.0,0.92565286,0.30855095,1
399,462,0.0,0.9659142,0.0,0.32197142,1
399,463,0.0,1.0550972,0.0,0.35169908,1
399,471,0.96663266,0.0,0.0,0.3222109,1
399,473,0.0,0.96963054,0.0,0.32321018,1
399,476,1.0115871,0.0,0.0,0.33719572,1
399,482,0.0,0.0,1.3754714,0.45849046,1
399,484,0.972477,0.0,0.0,0.32415903,1
399,496,0.0,0.0,1.5519919,0.51733065,1
399,505,0.0,0.9710926,0.0,0.32369754,1
399,509,0.9946039,0.0,0.0,0.33153462,1
400,429,0.97649944,0.0,0.0,0.32549983,1
400,438,0.0,1.0253441,1.2662983,0.76388085,2
400,444,0.0,1.0995955,0.0,0.36653185,1
400,450,0.0,0.0,1.4137629,0.47125432,1
400,462,0.9770303,0.0,0.0,0.32567677,1
400,470,0.96766406,0.0,0.0,0.3225547,1
400,471,1.0122796,0.0,0.0,0.33742654,1
400,473,0.0,1.1487576,0.0,0.3829192,1
400,474,0.0,0.0,1.0144039,0.33813465,1
400,478,0.0,0.0,0.82277507,0.27425838,1
400,490,0.0,0.0,0.7540177,0.25133926,1
400,491,0.0,0.0,1.3532882,0.45109606,1
400,496,0.971946,0.0,0.0,0.323982,1
400,509,1.0801327,0.0,0.0,0.36004424,1
401,429,0.0,0.0,0.6322655,0.21075517,1
401,431,0.0,0.0,0.6965693,0.23218977,1
401,434,0.0,0.0,1.1004616,0.36682054,1
401,435,0.9742053,0.0,0.0,0.3247351,1
401,444,0.0,1.0251509,0.0,0.34171697,1
401,449,0.0,0.0,0.7481814,0.2493938,1
401,450,1.0300862,0.0,0.0,0.34336206,1
401,452,0.0,0.0,0.76574695,0.255249,1
401,456,0.0,0.0,0.60450405,0.20150135,1
401,458,1.032132,0.0,0.0,0.34404403,1
401,470,0.0,1.0159647,0.0,0.33865494,1
401,475,0.0,1.0824624,0.0,0.36082083,1
401,478,0.9664067,0.0,0.0,0.32213557,1
401,484,0.0,0.949658,0.0,0.31655267,1
401,485,0.0,0.9580877,0.0,0.31936258,1
401,487,0.0,1.0051218,0.0,0.33504063,1
401,496,0.0,0.956057,0.0,0.31868568,1
401,498,0.0,0.98770493,0.0,0.329235,1
401,502,1.0799036,0.0,0.0,0.3599679,1
402,407,0.0,0.9541001,0.0,0.31803337,1
402,415,0.0,1.0110677,0.0,0.3370226,1
402,421,0.9667794,0.0,0.0,0.3222598,1
402,426,0.0,0.99345237,0.0,0.3311508,1
402,427,1.0515171,0.0,0.0,0.3505057,1
402,432,0.0,1.1469584,0.0,0.38231945,1
402,443,1.0123132,0.0,0.0,0.33743775,1
402,448,0.0,0.96269697,0.0,0.320899,1
402,451,0.9952242,0.9645074,0.0,0.6532439,2
402,454,0.99798965,0.0,0.0,0.33266324,1
402,455,1.017199,0.0,0.0,0.33906636,1
402,459,0.0,0.97289854,0.0,0.3242995,1
402,469,0.0,1.1889424,0.0,0.39631414,1
402,473,0.0,0.98798096,0.0,0.329327,1
402,483,0.0,1.1512021,0.0,0.38373405,1
402,484,0.9615333,0.0,0.0,0.3205111,1
402,492,0.0,0.9382729,0.0,0.31275764,1
402,493,0.0,1.1289291,0.0,0.37630972,1
403,406,0.0,0.0,0.77926856,0.2597562,1
403,410,0.0,0.0,1.6765774,0.55885917,1
403,417,0.9612725,0.0,0.0,0.32042417,1
403,422,0.9870475,0.0,0.0,0.32901585,1
403,425,0.0,0.0,1.0077362,0.33591208,1
403,438,0.0,0.0,0.74994725,0.24998242,1
403,442,0.0,0.0,0.9443281,0.31477606,1
403,444,0.0,0.0,0.7710022,0.25700074,1
403,446,0.0,0.98272353,0.0,0.32757452,1
403,449,0.9836555,0.0,0.0,0.32788518,1
403,454,0.0,0.0,1.3085369,0.43617898,1
403,455,0.9807486,0.0,0.0,0.32691622,1
403,456,0.96603537,0.0,0.0,0.3220118,1
403,476,0.0,0.0,0.8142968,0.27143228,1
403,478,1.0161402,1.0463669,0.86303073,0.9751793,3
403,483,0.9850665,0.0,0.0,0.3283555,1
403,484,0.0,1.0141507,0.0,0.33805025,1
403,493,0.9861956,0.0,0.0,0.3287319,1
403,494,0.0,0.0,0.9320946,0.3106982,1
403,500,0.0,1.025611,0.0,0.34187037,1
403,501,0.0,0.0,0.59945387,0.19981796,1
403,510,0.0,0.0,0.7280815,0.24269384,1
404,405,0.0,1.0698961,0.87748855,0.64912826,2
404,410,1.0507909,0.0,0.7549749,0.601922,2
404,414,0.0,0.9390581,0.0,0.3130194,1
404,415,0.0,0.0,1.2789094,0.42630315,1
404,419,0.0,0.97264475,0.7622979,0.57831424,2
404,422,0.0,0.0,0.7567695,0.2522565,1
404,433,0.0,0.9460284,0.0,0.3153428,1
404,436,1.0121706,0.0,0.0,0.33739018,1
404,438,0.0,0.0,1.0328965,0.34429884,1
404,446,0.0,0.0,1.3008406,0.43361354,1
404,458,0.0,1.0111092,0.0,0.33703643,1
404,461,0.0,0.0,0.7215939,0.24053131,1
404,467,1.0095806,0.0,0.0,0.33652687,1
404,472,0.0,1.0942515,0.0,0.3647505,1
404,490,0.0,0.0,1.9355352,0.64517844,1
404,491,0.0,0.0,0.6462028,0.21540093,1
404,493,0.0,1.0002614,0.0,0.3334205,1
404,502,0.9651112,0.0,0.0,0.32170373,1
404,507,0.9849013,0.0,0.0,0.32830045,1
405,410,0.0,0.0,0.9389608,0.31298694,1
405,414,0.0,1.0118988,0.0,0.3372996,1
405,415,0.97465575,0.0,0.0,0.32488525,1
405,416,1.0656796,0.0,0.0,0.35522652,1
405,419,0.0,0.0,0.7207054,0.24023513,1
405,422,0.0,0.0,0.7432995,0.2477665,1
405,429,0.0,1.1219678,0.0,0.37398928,1
405,436,0.0,0.9987847,0.0,0.33292824,1
405,446,0.0,0.942896,0.0,0.3142987,1
405,463,0.97245187,0.0,0.0,0.32415062,1
405,465,0.0,0.0,0.7291075,0.24303584,1
405,476,0.0,0.947963,0.0,0.31598768,1
405,477,0.0,0.97166616,0.0,0.32388872,1
405,482,0.0,0.0,0.7892979,0.2630993,1
405,483,0.0,1.046613,0.0,0.348871,1
405,489,0.0,0.9430067,0.0,0.31433558,1
405,492,0.0,0.0,0.71813977,0.23937993,1
405,494,0.0,0.0,0.8225861,0.27419537,1
405,496,0.0,0.0,0.72239894,0.24079965,1
405,500,0.9826663,0.0,0.0,0.32755545,1
405,507,0.0,0.0,1.1465466,0.3821822,1
405,509,0.0,0.9425458,0.0,0.31418192,1
405,510,0.0,0.0,0.7688442,0.2562814,1
406,424,0.0,1.0746428,0.0,0.35821426,1
406,429,0.0,0.94817847,0.0,0.3160595,1
406,432,0.0,1.046964,0.0,0.34898803,1
406,441,0.0,0.0,1.1285594,0.37618646,1
406,448,0.0,1.1546733,0.0,0.38489112,1
406,453,0.0,0.9546157,0.0,0.31820524,1
406,461,0.0,0.94862664,0.0,0.3162089,1
406,468,1.0153203,0.0,0.0,0.33844012,1
406,474,0.0,1.0628569,0.0,0.35428566,1
406,501,0.0,0.0,0.79703903,0.2656797,1
406,502,0.0,0.99995476,0.0,0.33331826,1
406,507,0.0,0.95822746,0.0,0.31940916,1
407,418,0.0,0.96723336,0.0,0.32241112,1
407,421,0.0,0.0,1.1518437,0.3839479,1
407,423,0.0,0.98732483,0.0,0.3291083,1
407,425,0.0,0.9556175,0.0,0.31853917,1
407,436,0.0,0.9451764,0.0,0.31505883,1
407,437,0.0,0.0,0.8987663,0.29958877,1
407,450,0.0,1.0082281,0.0,0.33607602,1
407,451,0.0,0.0,0.5190485,0.17301618,1
407,465,0.0,0.94135314,0.0,0.3137844,1
407,472,0.97315496,0.0,0.0,0.324385,1
407,479,0.0,0.0,0.85015017,0.2833834,1
407,482,0.0,0.0,0.8383495,0.27944985,1
407,486,0.0,0.94873405,0.0,0.3162447,1
407,494,1.01595,0.0,0.0,0.33865,1
407,496,0.0,1.2353277,0.0,0.41177592,1
408,416,0.0,0.0,0.9352412,0.31174707,1
408,423,1.085738,0.0,0.0,0.36191267,1
408,424,1.0228267,0.0,0.0,0.34094223,1
408,435,0.9667064,0.0,0.66257584,0.5430941,2
408,439,0.99407583,0.0,0.0,0.3313586,1
408,445,0.0,0.0,0.68180287,0.22726762,1
408,460,0.0,0.95461535,0.0,0.31820512,1
408,461,0.0,0.0,0.5599106,0.18663687,1
408,462,0.0,0.988276,0.0,0.32942533,1
408,466,0.0,0.9836475,0.0,0.32788253,1
408,471,1.0186372,0.0,0.64283526,0.5538242,2
408,473,0.0,0.0,0.5887242,0.19624141,1
408,474,0.9601075,0.0,0.0,0.32003585,1
408,477,0.0,0.0,0.605421,0.201807,1
408,491,0.0,0.9940958,0.0,0.3313653,1
408,497,0.99323726,0.0,1.0515409,0.6815927,2
408,508,0.0,0.0,0.79384017,0.2646134,1
409,410,0.0,0.96309394,0.0,0.32103133,1
409,413,0.0,1.1884298,0.0,0.3961433,1
409,416,0.0,1.1740305,0.0,0.39134353,1
409,421,0.9875713,0.0,1.017942,0.6685044,2
409,427,1.0122285,0.0,0.0,0.3374095,1
409,432,1.0181242,0.0,0.0,0.33937475,1
409,438,0.0,1.0344794,0.0,0.34482646,1
409,445,0.0,0.98337275,0.0,0.32779092,1
409,448,0.96383315,0.0,0.0,0.32127774,1
409,451,1.0242424,0.0,0.0,0.34141415,1
409,452,1.0262864,0.0,0.0,0.34209546,1
409,457,1.0233098,0.0,0.0,0.3411033,1
409,459,0.0,0.0,0.94198674,0.3139956,1
409,466,0.992967,0.0,0.0,0.330989,1
409,470,0.9719667,0.0,0.0,0.3239889,1
409,481,1.0066277,0.0,0.0,0.33554256,1
409,483,0.0,0.0,1.6530927,0.55103093,1
409,485,0.0,0.0,1.5873492,0.5291164,1
409,487,0.0,0.0,0.73734283,0.24578094,1
409,496,0.0,1.1271634,0.0,0.37572116,1
409,503,1.0802529,0.9446821,0.0,0.6749784,2
409,504,0.0,0.0,0.8348179,0.27827263,1
410,412,1.0143887,0.0,0.0,0.33812958,1
410,413,1.0594641,0.0,0.0,0.35315472,1
410,419,0.0,0.0,0.89719087,0.29906362,1
410,421,1.0176979,0.0,0.0,0.33923265,1
410,425,0.0,0.0,0.5971126,0.19903754,1
410,437,0.98784566,0.0,0.0,0.3292819,1
410,438,0.0,0.0,1.3338437,0.4446146,1
410,439,1.0056661,0.97842664,0.0,0.6613643,2
410,442,0.0,0.96763927,0.97700644,0.64821523,2
410,444,0.0,0.0,0.6614772,0.22049241,1
410,455,0.0,0.9549665,0.0,0.31832218,1
410,457,0.0,1.0038315,0.0,0.33461052,1
410,462,0.9617135,0.0,0.0,0.32057118,1
410,465,0.0,0.0,0.81564397,0.27188134,1
410,476,0.0,0.0,0.7466954,0.24889848,1
410,478,0.0,1.0750002,1.0502435,0.70841455,2
410,480,0.0,0.96780914,0.0,0.32260305,1
410,484,0.0,0.9751871,0.0,0.3250624,1
410,487,0.98479116,0.0,0.0,0.32826373,1
410,490,0.0,0.0,1.0603456,0.35344857,1
410,491,0.0,0.0,0.6663344,0.22211146,1
410,494,0.0,0.0,0.7620655,0.25402182,1
410,497,0.0,1.1140833,0.0,0.3713611,1
411,415,1.0302497,0.0,0.0,0.34341657,1
411,419,1.0041733,0.0,0.0,0.33472443,1
411,426,0.0,0.0,1.618683,0.53956103,1
411,431,0.0,0.0,0.8398197,0.27993992,1
411,434,0.0,0.0,1.0137417,0.33791393,1
411,448,0.0,0.9544805,0.0,0.31816018,1
411,449,0.0,0.0,1.8337686,0.61125624,1
411,450,0.0,0.96538097,0.0,0.32179368,1
411,452,0.0,0.9711614,0.79249704,0.5878862,2
411,456,0.0,0.0,0.9160649,0.30535498,1
411,457,0.0,0.0,1.1067713,0.36892378,1
411,468,0.0,0.95508075,0.0,0.31836027,1
411,470,0.98418623,0.0,0.0,0.3280621,1
411,488,0.9686844,0.0,0.0,0.3228948,1
411,494,0.0,1.0058317,0.0,0.33527726,1
411,505,0.0,0.9621205,0.0,0.32070684,1
411,508,0.0,0.97914517,0.0,0.32638174,1
412,414,0.0,0.9384036,0.0,0.3128012,1
412,417,1.0201241,0.0,0.0,0.34004137,1
412,423,0.0,0.96956277,0.0,0.3231876,1
412,425,0.0,0.0,1.0232937,0.34109792,1
412,427,0.9807797,0.0,0.0,0.3269266,1
412,436,0.0,0.0,1.8241825,0.60806084,1
412,443,0.0,0.94678134,0.0,0.31559378,1
412,446,0.97411585,0.0,0.0,0.3247053,1
412,455,0.0,0.0,1.9504567,0.65015227,1
412,460,0.0,1.0292779,0.0,0.34309265,1
412,462,0.0,1.0198194,1.1786069,0.73280877,2
412,463,0.0,1.0176145,0.0,0.33920485,1
412,467,1.0836898,0.0,0.0,0.36122996,1
412,469,0.0,0.96856725,0.0,0.32285577,1
412,472,0.0,0.0,1.4599257,0.48664188,1
412,473,0.0,0.973086,0.0,0.324362,1
412,481,0.0,0.9740035,0.0,0.32466784,1
412,486,1.0207257,0.0,0.0,0.3402419,1
412,491,0.0,0.94686663,0.0,0.3156222,1
412,503,0.9664267,0.0,0.0,0.32214224,1
412,504,0.0,0.0,1.0118446,0.33728155,1
412,505,0.0,0.9790423,0.0,0.32634744,1
412,509,0.0,0.95527667,0.0,0.31842557,1
413,416,0.0,1.017532,0.0,0.33917734,1
413,417,0.0,0.0,1.7096746,0.5698916,1
413,423,0.0,1.0095308,0.0,0.33651027,1
413,426,0.0,0.0,0.89917344,0.2997245,1
413,427,0.0,0.0,1.6557469,0.55191565,1
413,428,0.0,0.9669145,0.0,0.32230484,1
413,429,0.98372966,0.94586915,0.0,0.6431996,2
413,433,0.0,0.0,1.1231018,0.3743673,1
413,437,0.0,1.0045297,0.0,0.33484325,1
413,441,1.0485488,0.0,0.0,0.34951627,1
413,447,0.0,0.0,1.3698224,0.45660746,1
413,449,0.0,0.9517189,0.0,0.31723964,1
413,451,0.0,0.0,1.3272622,0.44242072,1
413,457,0.0,0.0,1.5277008,0.5092336,1
413,465,0.0,0.0,0.77261573,0.2575386,1
413,466,1.0405436,0.0,0.0,0.34684786,1
413,474,0.98570144,0.0,0.0,0.32856715,1
413,476,0.0,0.9395819,0.0,0.31319398,1
413,479,0.0,0.97773105,0.0,0.32591036,1
413,487,1.0068672,0.0,0.0,0.3356224,1
413,488,0.0,0.0,0.86669236,0.28889745,1
413,489,0.0,0.0,1.1606807,0.38689357,1
413,492,1.00201,0.0,1.0272874,0.6764325,2
413,505,0.0,0.0,0.84925735,0.2830858,1
413,510,0.0,0.98516923,0.0,0.32838976,1
413,511,0.0,0.0,1.0082871,0.3360957,1
414,416,0.0,0.0,0.81467,0.27155668,1
414,417,0.0,0.9469413,0.0,0.31564713,1
414,434,0.0,1.0285661,0.0,0.3428554,1
414,449,0.9612655,0.0,0.0,0.32042184,1
414,452,0.971994,0.93938553,0.0,0.63712656,2
414,459,0.995028,0.0,0.7265124,0.5738468,2
414,472,0.0,1.0510038,0.0,0.3503346,1
414,481,0.0,0.0,1.0413228,0.34710762,1
414,490,1.0003047,0.0,0.0,0.3334349,1
414,491,0.9916418,0.0,0.0,0.33054727,1
414,494,0.0,1.1034821,0.0,0.3678274,1
415,416,0.9860782,0.0,0.0,0.32869273,1
415,419,0.0,0.0,1.199232,0.399744,1
415,422,0.0,0.9670662,0.0,0.32235542,1
415,440,1.0062155,0.0,0.0,0.33540517,1
415,446,0.0,0.986606,1.8517451,0.9461171,2
415,447,0.9913609,0.0,0.0,0.33045363,1
415,458,0.0,1.0562754,0.0,0.3520918,1
415,459,0.0,0.9654522,0.0,0.3218174,1
415,461,0.0,0.0,1.4259325,0.47531086,1
415,465,0.0,1.1538758,0.0,0.3846253,1
415,471,0.0,0.0,1.1477853,0.38259512,1
415,475,0.0,1.1423607,0.0,0.3807869,1
415,490,0.0,0.0,1.0965225,0.36550748,1
415,491,0.0,0.0,1.0407342,0.3469114,1
415,499,0.98159474,0.0,0.0,0.32719827,1
415,500,0.98142445,0.0,0.0,0.3271415,1
415,509,0.0,1.0911257,0.0,0.3637086,1
415,510,0.0,0.0,0.77520096,0.25840032,1
416,419,0.0,0.94378066,0.0,0.31459355,1
416,431,0.0,0.9664794,0.0,0.32215983,1
416,442,0.0,1.056566,0.0,0.35218868,1
416,446,0.96394193,0.0,0.0,0.32131398,1
416,451,0.0,1.1036296,0.0,0.36787653,1
416,453,0.0,0.0,0.90638226,0.30212742,1
416,461,0.0,0.0,1.0361096,0.34536988,1
416,462,0.0,0.9869384,0.0,0.3289795,1
416,467,1.0138546,0.0,0.0,0.33795154,1
416,474,0.0,1.0953468,0.0,0.3651156,1
416,477,0.0,0.0,0.99956906,0.3331897,1
416,486,1.0399135,0.0,0.0,0.34663785,1
416,497,0.0,0.0,0.8159678,0.2719893,1
416,498,0.97176415,0.0,0.0,0.32392138,1
416,504,0.0,0.9569424,0.0,0.3189808,1
416,508,0.0,0.0,1.3464103,0.44880342,1
416,510,0.0,0.0,0.95984054,0.31994686,1
417,425,0.9711894,0.0,0.0,0.3237298,1
417,426,0.0,0.0,0.8029903,0.26766345,1
417,427,0.0,0.0,1.3135775,0.43785918,1
417,433,0.0,0.0,0.8435056,0.28116855,1
417,446,0.0,1.0006918,0.0,0.33356392,1
417,447,0.0,0.0,0.9150422,0.30501407,1
417,448,0.0,0.96305233,0.0,0.32101744,1
417,450,0.0,1.2004285,0.0,0.40014285,1
417,451,0.0,0.0,1.3692228,0.4564076,1
417,456,0.9712183,0.0,0.0,0.32373944,1
417,457,0.0,0.0,1.1986748,0.39955828,1
417,465,0.0,0.0,0.730423,0.24347433,1
417,467,1.0429531,0.0,0.0,0.34765106,1
417,471,0.0,0.97046715,0.0,0.32348907,1
417,478,1.0056356,0.0,0.0,0.33521187,1
417,484,0.97825915,0.0,0.0,0.3260864,1
417,487,0.0,0.94728816,0.0,0.31576273,1
417,488,1.0358378,0.0,0.9000897,0.6453092,2
417,489,0.0,0.0,1.0996625,0.3665542,1
417,490,0.0,1.0823051,0.0,0.36076838,1
417,492,1.0248349,0.0,1.0508001,0.6918783,2
417,494,0.9905142,0.0,0.0,0.3301714,1
417,505,0.0,0.0,0.93836343,0.31278783,1
417,507,1.0035837,0.0,0.0,0.3345279,1
417,510,0.9995325,0.0,0.0,0.3331775,1
418,423,0.0,0.0,1.8710592,0.62368643,1
418,428,0.0,0.0,1.2247218,0.40824062,1
418,432,0.0,1.1281061,0.0,0.3760354,1
418,439,0.0,0.0,0.7677131,0.25590438,1
418,452,0.0,1.0536311,0.0,0.35121036,1
418,464,0.96642154,0.0,0.0,0.3221405,1
418,470,0.0,0.0,1.2284456,0.40948188,1
418,477,0.0,0.0,0.9695081,0.32316938,1
418,484,0.0,0.9607576,0.0,0.32025254,1
418,485,0.0,0.9263558,0.75517243,0.56050944,2
418,487,0.0,0.0,0.842086,0.28069535,1
418,494,1.0291889,0.0,0.0,0.34306297,1
418,495,1.0267737,0.0,1.1012949,0.7093562,2
418,499,0.0,0.0,0.88209987,0.2940333,1
418,505,1.0066783,0.0,0.0,0.33555946,1
419,424,0.0,0.0,0.8208549,0.2736183,1
419,438,0.0,1.0266918,0.0,0.34223062,1
419,439,0.9989986,0.0,0.0,0.33299953,1
419,445,0.0,0.93537647,0.0,0.31179217,1
419,446,1.0386196,0.0,0.7972137,0.61194444,2
419,451,0.0,0.98058033,0.0,0.32686013,1
419,456,0.97564214,0.0,0.0,0.32521406,1
419,459,0.9800988,0.0,0.0,0.3266996,1
419,462,0.96107715,0.0,0.0,0.32035905,1
419,464,0.0,0.0,0.76091874,0.25363958,1
419,465,0.0,0.0,0.7773445,0.25911486,1
419,466,0.0,0.0,1.4424077,0.4808026,1
419,468,0.0,0.0,0.48461923,0.16153975,1
419,469,0.9984292,0.0,0.0,0.33280975,1
419,478,0.9722643,0.9992943,1.1075412,1.0263666,3
419,480,0.0,0.9631057,0.0,0.32103524,1
419,489,0.0,0.9681056,0.0,0.32270187,1
419,490,0.9699024,0.0,0.91738164,0.6290947,2
419,491,0.0,0.0,0.786835,0.26227835,1
419,494,0.0,0.0,0.8650351,0.28834504,1
419,496,0.0,0.96411455,0.0,0.32137153,1
419,498,0.9665384,0.0,0.0,0.3221795,1
419,504,0.0,1.0688838,0.0,0.3562946,1
419,510,0.0,0.0,0.8144939,0.27149796,1
420,429,0.0,0.0,1.509487,0.5031624,1
420,434,0.0,0.0,0.9767888,0.32559627,1
420,435,0.0,0.96031696,0.0,0.32010567,1
420,436,1.0451369,0.0,0.0,0.348379,1
420,443,0.0,0.0,1.9776715,0.65922385,1
420,446,0.9655264,0.0,0.0,0.32184213,1
420,463,1.0572098,0.0,0.0,0.35240328,1
420,466,1.0673681,0.0,0.0,0.3557894,1
420,477,1.0191118,0.0,0.0,0.33970392,1
420,483,1.0158899,0.0,0.0,0.33862996,1
420,496,0.0,0.0,0.9579226,0.31930754,1
420,498,0.0,0.0,1.2696972,0.4232324,1
420,500,0.0,0.0,0.85850346,0.28616783,1
420,501,0.0,1.1085169,0.0,0.36950564,1
420,502,0.0,0.946727,0.0,0.31557566,1
420,507,0.0,1.0582306,0.0,0.35274357,1
420,509,0.0,0.0,0.77321815,0.2577394,1
421,437,0.0,0.0,0.79959154,0.2665305,1
421,442,1.034848,1.0639478,0.0,0.6995986,2
421,451,0.9876475,0.0,0.0,0.32921582,1
421,458,1.0930839,0.0,0.0,0.3643613,1
421,463,0.0,0.9525974,0.0,0.31753248,1
421,466,0.9995949,0.0,0.0,0.3331983,1
421,479,0.0,0.964162,0.78234136,0.5821678,2
421,482,0.9915047,0.0,0.0,0.3305016,1
421,483,0.9933172,0.0,0.7727834,0.5887002,2
421,485,0.0,0.0,0.91655767,0.30551922,1
421,487,0.0,0.0,1.0680614,0.35602045,1
421,489,0.98456055,0.0,0.0,0.32818687,1
421,504,0.9766399,0.0,0.0,0.32554665,1
422,440,0.0,0.94682026,0.0,0.31560677,1
422,444,0.0,0.0,0.8887556,0.2962519,1
422,448,1.0464605,1.0402633,0.0,0.69557464,2
422,453,1.0182129,0.0,0.0,0.3394043,1
422,457,0.9796385,1.1198149,0.0,0.69981784,2
422,463,0.9774764,0.9591346,0.0,0.645537,2
422,468,1.1154982,0.0,0.0,0.37183273,1
422,470,1.0125858,0.0,0.0,0.3375286,1
422,482,0.0,0.0,1.0853002,0.36176676,1
422,490,0.0,0.0,0.6795557,0.22651857,1
422,492,0.9676438,0.0,0.0,0.32254794,1
422,494,0.9769288,0.947856,0.0,0.64159495,2
422,496,0.0,0.0,0.98088527,0.32696176,1
422,498,0.0,0.0,0.80007195,0.26669067,1
422,501,1.1225808,0.0,0.0,0.3741936,1
422,507,0.0,0.0,0.754035,0.251345,1
423,428,0.0,0.0,1.0397352,0.34657842,1
423,430,0.0,0.9403287,0.0,0.31344292,1
423,439,0.99129313,0.0,0.7717364,0.5876765,2
423,453,1.0220599,0.0,0.0,0.34068665,1
423,463,0.0,0.0,0.7091864,0.23639546,1
423,464,0.0,0.0,0.8108827,0.27029425,1
423,467,0.0,0.0,1.0515785,0.35052618,1
423,470,0.0,0.0,1.0758883,0.35862944,1
423,475,0.96609294,0.0,0.0,0.322031,1
423,477,1.0291711,0.0,0.67316896,0.5674467,2
423,481,0.99218494,0.0,0.0,0.33072832,1
423,495,0.0,0.0,1.4363991,0.4787997,1
423,498,0.0,0.0,0.8012842,0.26709473,1
423,499,1.0284098,0.0,0.84740686,0.6252723,2
423,500,0.0,0.9398725,0.0,0.31329083,1
423,501,1.0054804,0.0,0.0,0.33516014,1
423,506,0.9942742,0.0,0.0,0.33142474,1
423,508,0.96365356,0.0,0.0,0.32121786,1
424,425,0.0,1.08871,0.0,0.36290333,1
424,429,0.0,0.94703037,0.0,0.3156768,1
424,445,0.9989935,0.0,0.0,0.33299786,1
424,449,0.0,1.1078575,0.0,0.36928582,1
424,453,1.0901177,0.9662601,1.2677797,1.1080525,3
424,455,0.98729914,0.0,0.0,0.3290997,1
424,458,0.0,0.0,0.71929044,0.23976348,1
424,464,0.0,0.98872656,0.0,0.32957554,1
424,468,0.0,0.0,1.4075762,0.4691921,1
424,473,0.0,0.0,1.2321502,0.41071674,1
424,476,0.0,1.1468632,0.0,0.38228774,1
424,482,0.0,0.95215905,0.0,0.31738636,1
424,490,0.98622304,0.0,0.0,0.328741,1
424,502,0.0,1.1017971,0.0,0.3672657,1
424,503,0.0,0.0,1.366313,0.45543766,1
425,427,0.97953045,0.0,0.0,0.32651016,1
425,434,0.989677,0.0,0.0,0.32989234,1
425,439,0.0,0.96296906,0.0,0.3209897,1
425,442,0.0,0.0,1.2469418,0.41564727,1
425,447,0.0,1.028579,0.0,0.3428597,1
425,448,0.0,0.0,0.79798466,0.2659949,1
425,454,0.0,0.94565034,0.6756416,0.54043067,2
425,455,0.0,0.0,1.1675513,0.38918376,1
425,460,0.0,0.0,0.81332445,0.27110815,1
425,461,1.0425669,0.0,0.0,0.34752232,1
425,462,0.0,0.0,1.1575719,0.3858573,1
425,468,0.0,0.943745,0.0,0.3145817,1
425,469,1.0787818,0.0,0.0,0.35959396,1
425,472,0.0,1.0620755,0.0,0.3540252,1
425,476,0.0,0.0,1.1012301,0.36707672,1
425,484,1.0166066,0.0,0.0,0.33886886,1
425,485,0.9678351,1.0288969,0.0,0.6655774,2
425,490,0.0,1.0741192,0.0,0.35803974,1
425,492,0.0,0.96663284,0.0,0.32221097,1
425,498,1.0311389,0.0,0.0,0.343713,1
425,502,0.0,0.9762579,0.0,0.3254193,1
425,504,0.0,0.96967775,0.0,0.32322592,1
425,508,0.0,0.9616442,0.0,0.32054806,1
426,427,0.0,0.0,0.9903945,0.3301315,1
426,434,0.0,0.0,0.82236415,0.2741214,1
426,441,0.0,0.9787136,0.0,0.32623786,1
426,449,0.0,0.0,1.5666682,0.52222276,1
426,451,0.0,0.0,0.6791159,0.22637197,1
426,453,0.982817,0.0,0.0,0.32760566,1
426,455,0.97177136,0.0,0.0,0.3239238,1
426,457,0.0,0.0,2.0037735,0.6679245,1
426,461,0.0,0.981356,0.0,0.3271187,1
426,468,0.0,0.9878884,0.0,0.32929614,1
426,487,0.9868525,0.0,0.0,0.32895085,1
426,507,0.0,0.95063394,0.0,0.316878,1
426,511,0.0,0.0,1.0576242,0.35254142,1
427,429,0.0,0.9527125,0.0,0.31757084,1
427,430,0.0,0.0,0.7463955,0.24879852,1
427,432,0.9882147,0.0,0.0,0.3294049,1
427,433,0.0,0.0,1.7653614,0.5884538,1
427,441,0.0,0.0,1.0200671,0.3400224,1
427,447,0.0,0.0,0.8084081,0.26946938,1
427,451,0.0,0.0,0.8717838,0.2905946,1
427,457,0.0,0.0,1.2039357,0.40131193,1
427,463,0.0,0.9757565,0.0,0.32525218,1
427,472,0.96187574,0.0,0.0,0.32062525,1
427,476,0.0,1.0111941,0.0,0.3370647,1
427,482,0.9629526,0.0,0.0,0.3209842,1
427,489,0.0,0.0,1.1784685,0.39282283,1
427,495,0.0,0.9425293,0.0,0.31417644,1
427,511,0.0,0.0,0.91855145,0.30618382,1
428,430,0.0,0.0,0.6252138,0.2084046,1
428,433,0.0,0.96274316,0.0,0.3209144,1
428,444,0.9615896,0.0,0.0,0.32052988,1
428,445,0.0,0.0,0.6369853,0.21232843,1
428,446,0.0,0.9749923,0.0,0.32499743,1
428,459,0.9698794,0.0,0.0,0.32329315,1
428,463,0.0,0.0,1.0904424,0.3634808,1
428,467,0.97009444,0.97956586,0.0,0.6498868,2
428,469,1.0109191,0.0,0.0,0.33697304,1
428,476,1.017615,0.0,0.0,0.339205,1
428,484,0.0,0.9653046,0.0,0.32176822,1
428,495,0.0,0.0,1.5392934,0.5130978,1
428,499,0.0,0.0,0.8065862,0.26886207,1
428,506,0.979374,0.0,0.0,0.326458,1
428,509,0.0,1.1030784,0.0,0.3676928,1
428,510,0.0,0.9525336,0.0,0.3175112,1
429,434,0.0,0.0,1.6427473,0.54758245,1
429,443,0.0,0.0,1.2169312,0.40564376,1
429,447,0.0,0.0,0.7922971,0.26409906,1
429,448,0.98714066,0.0,0.0,0.3290469,1
429,483,0.0,1.0107023,0.0,0.33690077,1
429,486,0.0,1.0160146,0.0,0.33867154,1
429,488,0.0,0.0,1.088939,0.36297965,1
429,489,0.0,0.0,0.80469954,0.26823318,1
429,498,0.9843207,0.0,0.0,0.3281069,1
429,500,0.0,0.0,0.89062345,0.2968745,1
429,504,0.96452487,0.0,0.0,0.3215083,1
429,509,0.0,0.0,0.9781213,0.32604045,1
429,511,0.0,0.0,0.91511536,0.30503845,1
430,431,0.0,0.9574162,0.0,0.31913874,1
430,433,0.0,0.0,1.3775098,0.45916995,1
430,436,0.0,0.0,0.74171364,0.24723789,1
430,437,0.0,1.0811878,0.0,0.36039597,1
430,447,0.9541138,0.0,0.0,0.31803793,1
430,449,0.0,0.99787176,0.0,0.33262393,1
430,458,0.0,0.0,0.7322735,0.24409118,1
430,459,0.97328115,0.0,0.0,0.32442707,1
430,462,0.99823505,0.0,0.0,0.33274502,1
430,473,0.9871325,0.0,0.0,0.32904416,1
430,475,0.0,1.0475101,0.0,0.34917006,1
430,477,0.0,0.93969405,0.0,0.31323135,1
430,479,0.94874585,0.0,0.0,0.31624863,1
430,480,1.0474797,0.0,0.0,0.34915993,1
430,481,0.0,0.95019895,0.0,0.316733,1
430,486,0.0,0.0,0.7496698,0.24988994,1
430,499,0.0,0.0,0.97999173,0.3266639,1
430,505,0.9803599,0.0,0.0,0.32678664,1
430,506,0.0,0.95098597,0.0,0.31699532,1
431,432,0.0,0.0,0.8988999,0.29963332,1
431,435,0.0,0.9743858,0.0,0.32479528,1
431,436,1.0312365,0.0,0.0,0.34374553,1
431,437,0.0,0.0,0.9676546,0.32255155,1
431,449,0.0,0.9552207,1.0547658,0.66999555,2
431,451,0.0,0.0,0.6947726,0.23159087,1
431,452,0.0,0.0,1.8764575,0.62548584,1
431,458,0.0,1.0727777,0.0,0.35759258,1
431,474,0.0,1.0509561,0.0,0.35031873,1
431,481,0.0,0.0,1.1185848,0.3728616,1
431,482,0.0,1.0400256,0.0,0.34667522,1
431,485,0.9698677,0.0,0.0,0.32328925,1
431,496,0.0,1.0212042,1.0088003,0.67666817,2
431,505,0.0,0.95792204,0.7361054,0.5646758,2
431,506,0.99101985,0.0,0.0,0.33033997,1
431,510,0.9909719,0.0,0.0,0.330324,1
432,435,0.98130184,0.0,0.0,0.32710063,1
432,437,0.0,0.0,1.003055,0.33435166,1
432,451,0.0,0.0,0.67080283,0.22360095,1
432,452,0.0,0.0,0.75932956,0.25310987,1
432,463,0.0,0.9713308,0.0,0.32377696,1
432,469,0.0,1.1220989,0.0,0.37403297,1
432,470,0.0,0.96085334,0.0,0.32028446,1
432,472,0.0,1.0214754,0.0,0.34049183,1
432,474,0.98381585,0.0,0.0,0.32793862,1
432,496,0.0,1.0799186,1.0531152,0.7110113,2
432,497,0.0,0.0,0.7386095,0.24620317,1
432,500,0.99015963,0.0,0.0,0.3300532,1
432,507,0.0,0.9468224,0.0,0.3156075,1
432,508,0.0,0.9428297,0.0,0.31427658,1
433,436,0.0,0.0,0.73470914,0.24490306,1
433,441,0.0,1.0618635,1.0287538,0.6968725,2
433,449,0.0,0.9631054,0.0,0.32103515,1
433,451,0.0,0.0,0.9080538,0.3026846,1
433,458,1.0154363,0.0,0.0,0.33847877,1
433,462,0.0,1.0963217,0.0,0.36544058,1
433,463,0.96061593,0.0,0.0,0.32020533,1
433,465,0.0,0.9470992,0.0,0.31569976,1
433,468,0.9969059,0.0,0.0,0.33230197,1
433,482,0.99953204,0.0,0.0,0.33317736,1
433,483,0.969694,0.0,0.0,0.32323134,1
433,486,0.0,0.9673825,0.7045901,0.5573242,2
433,489,0.0,0.0,1.5897775,0.5299258,1
433,493,0.98207754,0.0,0.0,0.3273592,1
433,507,1.0220779,0.0,0.0,0.34069264,1
434,442,0.0,1.0634673,0.0,0.3544891,1
434,443,0.0,0.0,0.69081885,0.23027295,1
434,449,0.0,0.0,0.998977,0.33299235,1
434,451,0.0,1.0073357,0.0,0.33577856,1
434,454,0.0,0.9887921,0.0,0.32959738,1
434,456,0.0,0.0,0.9334496,0.3111499,1
434,457,0.0,0.0,0.92813385,0.30937797,1
434,463,0.9980445,0.0,0.0,0.3326815,1
434,466,0.0,0.95838404,0.0,0.31946135,1
434,475,0.9920178,0.0,0.0,0.33067262,1
434,480,0.9843729,0.0,0.0,0.3281243,1
434,487,0.9747991,0.0,0.0,0.32493305,1
434,488,1.016887,0.0,0.0,0.33896232,1
434,489,0.0,0.98225963,0.0,0.32741988,1
434,500,0.0,0.0,0.7973612,0.26578707,1
434,511,0.0,0.0,0.90774786,0.30258262,1
435,437,1.0194786,0.0,0.0,0.3398262,1
435,455,0.0,0.94363034,0.0,0.31454346,1
435,458,0.98261815,0.954158,0.86204314,0.9329398,3
435,463,1.0178607,0.0,0.0,0.3392869,1
435,464,0.0,0.0,0.89006823,0.29668942,1
435,466,0.0,0.93756145,1.1406008,0.6927208,2
435,467,0.0,0.0,1.1551454,0.38504848,1
435,469,0.0,0.9867233,0.0,0.3289078,1
435,473,0.0,0.0,0.8082601,0.26942003,1
435,474,0.0,0.9427032,0.0,0.3142344,1
435,480,0.0,0.0,1.0645944,0.3548648,1
435,484,0.0,1.0216309,0.0,0.34054363,1
435,485,1.0276294,0.0,0.0,0.34254313,1
435,494,0.0,0.0,0.708721,0.23624033,1
435,502,1.037575,0.0,0.0,0.34585834,1
435,503,0.0,0.96528333,0.0,0.32176113,1
435,508,0.96627617,0.0,0.72465044,0.5636422,2
436,437,0.9820501,0.0,0.0,0.32735005,1
436,441,0.0,0.0,0.8880778,0.29602593,1
436,450,1.0901871,0.0,0.0,0.3633957,1
436,453,0.0,0.9536334,0.0,0.31787783,1
436,455,0.0,0.0,1.847437,0.61581236,1
436,472,0.0,0.0,1.312537,0.43751234,1
436,482,0.0,0.9965629,0.0,0.33218765,1
436,485,0.0,1.0124767,0.0,0.33749223,1
436,497,1.0207367,0.0,0.0,0.34024557,1
436,501,0.9735535,0.0,0.6582436,0.5439324,2
436,504,0.0,0.0,1.0736389,0.35787964,1
437,442,1.0234748,0.0,0.0,0.34115827,1
437,445,0.0,1.0303097,0.0,0.34343657,1
437,451,0.0,1.0666476,1.408904,0.82518387,2
437,452,0.0,0.0,0.8147125,0.27157086,1
437,457,0.0,1.118048,0.0,0.37268266,1
437,458,0.9651071,0.0,0.0,0.32170236,1
437,460,1.002062,0.0,0.0,0.33402067,1
437,466,0.0,0.95593715,0.0,0.31864572,1
437,473,0.9740775,0.0,0.0,0.32469252,1
437,479,0.9732261,0.0,1.1420978,0.705108,2
437,481,0.0,0.99634343,0.7786835,0.59167564,2
437,483,0.0,0.0,0.6959332,0.23197775,1
437,490,1.0412127,0.0,0.0,0.3470709,1
437,491,0.97035056,0.0,0.0,0.3234502,1
437,496,0.0,0.0,0.9436514,0.31455046,1
437,499,0.0,0.98263496,0.0,0.327545,1
437,505,0.0,0.0,0.688555,0.22951834,1
437,506,0.0,0.9916549,0.0,0.33055162,1
438,442,0.0,0.9638777,0.0,0.32129258,1
438,444,0.0,0.0,1.2992237,0.43307456,1
438,445,1.0242571,0.0,0.0,0.34141904,1
438,469,0.0,0.9914125,0.0,0.33047086,1
438,478,0.9681272,0.0,0.0,0.32270908,1
438,481,0.0,0.98963344,0.0,0.32987782,1
438,490,0.0,0.0,1.9108338,0.63694465,1
438,491,0.0,0.0,1.1090549,0.369685,1
438,498,0.0,1.0167437,0.0,0.33891457,1
438,502,0.96548355,0.0,0.72844994,0.5646445,2
438,508,0.96311235,0.0,0.0,0.32103747,1
438,511,0.9676815,0.0,0.0,0.32256052,1
439,441,0.96887845,0.0,0.0,0.32295948,1
439,445,0.0,0.0,1.0901951,0.36339837,1
439,453,0.0,0.0,0.678783,0.226261,1
439,456,1.0387526,0.0,0.0,0.34625086,1
439,457,0.97022873,0.0,0.0,0.3234096,1
439,470,0.9717914,0.0,1.9551547,0.97564876,2
439,471,0.0,0.0,0.86361265,0.28787088,1
439,474,0.96169174,1.0312058,0.0,0.6642992,2
439,477,0.0,0.0,1.6240848,0.54136163,1
439,480,0.0,1.0330848,0.0,0.3443616,1
439,492,0.0,1.0466522,0.0,0.34888408,1
439,494,1.018083,0.0,0.0,0.339361,1
439,495,1.0039409,0.0,0.0,0.334647,1
439,498,0.0,0.0,1.4660363,0.48867878,1
439,499,1.04008,0.0,0.0,0.34669334,1
439,508,0.0,0.0,1.2096657,0.4032219,1
440,442,0.9842151,0.0,0.0,0.3280717,1
440,451,0.0,0.0,0.5489445,0.18298149,1
440,453,0.0,0.9452693,0.0,0.31508976,1
440,456,0.0,0.0,0.61322176,0.20440726,1
440,457,0.0,0.96404976,0.0,0.32134992,1
440,462,0.0,0.96144307,0.0,0.32048103,1
440,465,0.9590902,0.0,0.0,0.31969672,1
440,479,0.0,0.99225265,0.0,0.33075088,1
440,486,0.9803519,0.0,0.0,0.32678398,1
440,488,0.0,0.0,0.91038054,0.30346018,1
440,492,0.0,0.9743451,0.0,0.32478172,1
440,493,0.0,0.94379,0.0,0.31459668,1
440,505,0.9677918,0.0,0.83486784,0.6008866,2
441,449,0.97898614,0.0,0.0,0.32632872,1
441,455,0.0,0.0,0.8521195,0.28403986,1
441,458,0.0,0.9442615,0.0,0.31475383,1
441,464,0.9738186,0.0,0.0,0.3246062,1
441,474,0.9828341,0.0,0.0,0.3276114,1
441,479,0.0,0.0,0.81993806,0.2733127,1
441,486,0.0,1.0798551,0.0,0.3599517,1
441,489,0.0,0.95593303,0.7227264,0.55955315,2
441,500,0.0,0.981473,0.0,0.32715768,1
441,501,0.0,0.0,0.9765085,0.32550284,1
441,511,0.96821666,0.0,0.0,0.3227389,1
442,443,0.0,0.9437564,0.0,0.31458548,1
442,454,0.0,0.0,0.71058196,0.23686066,1
442,455,0.0,1.0689106,0.8146348,0.6278485,2
442,458,0.9934889,0.0,0.0,0.331163,1
442,474,0.0,0.0,0.8027023,0.26756746,1
442,476,0.0,0.0,2.0541375,0.6847125,1
442,478,0.0,0.0,0.90779066,0.3025969,1
442,479,0.0,0.0,0.8861138,0.2953713,1
442,481,0.98095477,0.0,0.0,0.32698494,1
442,489,1.0106541,0.0,0.0,0.3368847,1
442,490,0.98846096,0.0,0.0,0.329487,1
442,498,0.9867288,0.0,0.0,0.3289096,1
442,502,0.0,1.0003027,0.0,0.33343422,1
442,508,0.0,0.9811004,0.0,0.32703346,1
442,511,0.9680846,0.0,0.0,0.32269487,1
443,450,0.0,0.94838583,0.0,0.3161286,1
443,452,0.0,0.977095,0.0,0.32569835,1
443,477,0.9919616,0.0,0.0,0.33065388,1
443,479,0.9641962,0.0,0.0,0.32139874,1
443,482,0.0,0.0,0.75124085,0.25041363,1
443,493,0.0,0.9683596,0.0,0.32278654,1
443,494,0.9768262,0.0,0.0,0.32560873,1
443,496,0.0,1.0137017,0.927758,0.64715326,2
443,498,0.0,0.0,1.6507818,0.5502606,1
443,500,0.0,0.0,1.2794946,0.42649823,1
443,505,0.98068506,0.0,0.0,0.32689503,1
443,511,0.982426,0.0,0.6797997,0.55407524,2
444,445,0.0,0.9802205,0.0,0.32674018,1
444,454,0.0,0.0,1.0495206,0.34984022,1
444,460,0.0,0.0,0.6924016,0.23080054,1
444,465,1.013104,0.0,0.0,0.33770132,1
444,473,0.0,0.9764878,0.0,0.32549596,1
444,474,0.0,0.9632312,0.0,0.32107708,1
444,476,0.0,0.955641,0.0,0.318547,1
444,496,0.0,0.0,0.920028,0.306676,1
444,498,0.98420507,0.0,0.0,0.32806838,1
444,502,0.0,0.0,0.89752287,0.2991743,1
444,507,0.0,0.0,0.87577075,0.29192358,1
444,508,0.0,0.9539101,0.0,0.31797004,1
445,446,0.97958887,0.0,0.0,0.32652962,1
445,447,1.0630623,0.9699323,0.0,0.6776649,2
445,448,0.9940492,0.0,0.0,0.33134973,1
445,461,1.064983,0.0,0.0,0.35499436,1
445,463,0.0,0.0,0.8599091,0.28663638,1
445,464,0.0,0.0,1.1225864,0.37419546,1
445,467,0.0,0.0,1.388744,0.46291468,1
445,468,0.0,0.97931886,0.0,0.32643962,1
445,471,0.0,0.980852,0.0,0.32695067,1
445,476,1.069336,0.0,0.0,0.35644537,1
445,477,0.0,0.0,0.91024643,0.30341548,1
445,480,0.0,0.0,1.0484263,0.34947544,1
445,495,0.0,0.0,1.0067507,0.33558357,1
445,498,0.9641719,0.0,1.0388639,0.6676786,2
445,502,0.9775818,0.0,0.0,0.32586062,1
445,506,0.0,0.9757127,0.0,0.32523757,1
445,508,0.0,0.0,1.0463042,0.3487681,1
446,452,1.0935489,0.0,0.0,0.36451632,1
446,454,1.0674013,0.0,0.0,0.35580045,1
446,455,0.0,0.9465735,0.0,0.31552452,1
446,458,1.0137889,0.0,0.0,0.33792967,1
446,459,0.9859486,1.0278953,0.0,0.67128134,2
446,461,0.0,0.0,1.843952,0.61465067,1
446,463,1.0406573,0.0,0.0,0.34688577,1
446,471,0.0,0.0,1.3041167,0.4347056,1
446,472,0.9817553,0.0,0.0,0.3272518,1
446,482,0.98973846,0.0,0.0,0.32991284,1
446,489,0.0,0.9634732,0.0,0.32115775,1
446,490,0.0,0.0,0.81045854,0.27015287,1
446,491,0.0,1.0732126,0.7032001,0.5921376,2
446,497,0.97127277,0.0,0.80959255,0.5936218,2
446,498,0.98179287,0.0,0.0,0.3272643,1
446,507,0.0,1.1118652,0.0,0.37062174,1
446,509,0.0,1.0715297,0.0,0.3571766,1
446,510,0.0,0.0,0.9916748,0.33055827,1
447,455,0.0,1.0019248,0.0,0.33397493,1
447,457,0.0,0.0,0.7168951,0.23896503,1
447,461,1.0103081,0.0,0.0,0.3367694,1
447,465,0.0,1.1194726,0.0,0.37315756,1
447,481,0.0,0.972284,0.0,0.32409468,1
447,482,0.0,0.0,1.388384,0.46279466,1
447,483,0.0,0.9657193,0.0,0.32190645,1
447,485,0.0,0.9615081,0.0,0.3205027,1
447,489,0.0,0.0,1.053015,0.35100502,1
447,492,0.0,0.0,1.0015879,0.33386263,1
447,498,0.0,0.93738085,0.0,0.3124603,1
447,500,0.0,0.0,0.80494773,0.2683159,1
447,511,1.073428,0.0,1.2139134,0.7624472,2
448,454,1.056846,0.0,1.3175764,0.79147416,2
448,457,0.0,1.0604824,0.0,0.35349414,1
448,459,0.0,0.0,0.8733171,0.29110572,1
448,460,0.0,0.0,1.0042189,0.33473966,1
448,462,0.0,0.0,0.91663927,0.30554643,1
448,476,0.0,0.0,0.8197178,0.27323928,1
448,483,1.0033062,0.0,0.0,0.3344354,1
448,492,0.0,1.1025405,0.0,0.3675135,1
448,493,1.0127461,0.0,0.0,0.33758205,1
448,504,0.0,1.0077412,0.85397255,0.62057126,2
449,452,0.0,0.0,0.8608392,0.28694642,1
449,456,0.9955341,0.0,0.0,0.33184472,1
449,457,0.0,0.0,1.2066953,0.40223178,1
449,462,1.1210431,0.0,0.0,0.37368104,1
449,464,0.0,0.96717554,0.0,0.32239187,1
449,485,0.0,0.9507371,0.0,0.31691238,1
449,487,0.9859114,0.0,0.0,0.32863715,1
449,494,0.9770125,0.0,0.0,0.32567084,1
449,500,0.0,0.0,0.6753791,0.22512637,1
449,505,1.0040115,0.0,0.0,0.3346705,1
449,511,1.0584501,0.0,0.73155767,0.59666926,2
450,455,0.98225784,0.0,0.0,0.32741928,1
450,460,0.0,0.0,0.81551945,0.27183983,1
450,462,0.0,0.0,0.92166674,0.30722225,1
450,467,0.0,0.95429313,0.0,0.3180977,1
450,468,0.9838488,0.0,0.0,0.3279496,1
450,474,0.0,0.0,1.4919822,0.49732742,1
450,478,0.0,0.9460284,0.0,0.3153428,1
450,480,0.0,0.0,0.86441416,0.28813806,1
450,481,1.0133444,0.0,0.0,0.3377815,1
450,488,0.97390074,0.0,0.0,0.3246336,1
450,489,0.9721949,0.0,0.0,0.32406497,1
450,490,0.9708598,0.0,0.0,0.32361996,1
450,491,0.98852384,0.0,0.6514202,0.546648,2
450,498,0.9637784,0.0,0.0,0.32125947,1
450,499,0.0,0.0,0.8454483,0.28181612,1
451,452,0.0,0.0,0.71777695,0.23925899,1
451,457,0.0,0.0,0.83165276,0.2772176,1
451,466,0.9839351,0.0,0.0,0.32797837,1
451,476,0.0,0.0,0.58275044,0.19425015,1
451,479,0.0,0.935483,1.2311747,0.7222192,2
451,488,0.0,0.0,1.0499916,0.34999722,1
451,489,0.0,0.0,0.8901735,0.2967245,1
451,491,0.9881749,0.0,0.0,0.32939166,1
451,492,0.0,0.0,0.5419038,0.1806346,1
451,493,0.99677896,0.0,0.0,0.33225965,1
451,498,0.95872027,0.0,0.0,0.31957343,1
451,504,0.0,1.0660462,0.0,0.35534877,1
451,505,0.0,0.0,1.6170213,0.5390071,1
452,456,0.0,0.93611336,0.0,0.3120378,1
452,458,0.96469593,0.0,0.0,0.32156533,1
452,459,0.9697858,0.0,0.0,0.32326195,1
452,461,1.0154643,0.0,0.0,0.3384881,1
452,472,0.98013484,0.0,0.0,0.32671162,1
452,473,1.042397,0.0,0.0,0.3474657,1
452,481,0.0,0.0,1.3311694,0.44372314,1
452,485,1.0171963,0.0,0.0,0.33906543,1
452,494,0.0,0.9464874,0.0,0.31549582,1
452,496,0.0,0.0,0.9258914,0.30863047,1
452,503,1.0688365,0.0,0.0,0.35627884,1
452,505,0.0,0.0,0.9658697,0.32195657,1
452,508,0.0,0.97457147,0.0,0.32485718,1
452,509,0.97311485,0.0,0.0,0.32437164,1
452,511,0.0,1.0027663,0.0,0.33425543,1
453,457,1.0146239,0.0,0.0,0.33820796,1
453,458,0.0,0.0,0.8402354,0.28007847,1
453,465,0.0,0.9655447,0.0,0.32184824,1
453,467,0.0,0.0,0.7904456,0.2634819,1
453,468,0.0,0.0,0.6896251,0.22987503,1
453,473,0.0,0.0,1.4262135,0.4754045,1
453,477,0.0,1.0543083,1.5642836,0.872864,2
453,480,1.0039653,1.0190884,0.0,0.6743512,2
453,482,1.0651455,0.0,0.0,0.3550485,1
453,484,0.0,0.9814172,0.0,0.32713908,1
453,501,0.9672524,0.0,0.0,0.32241747,1
453,503,0.9668235,1.0807136,1.6924073,1.2466482,3
453,508,0.0,0.0,1.3126622,0.4375541,1
453,510,0.0,1.0811517,0.0,0.36038393,1
454,460,0.0,0.0,0.9926885,0.33089617,1
454,470,0.9738245,0.0,0.0,0.32460818,1
454,472,0.0,0.0,0.79069126,0.26356375,1
454,476,0.0,0.0,0.78202534,0.26067513,1
454,479,0.0,0.9569318,0.0,0.3189773,1
454,482,0.98907316,0.0,0.0,0.32969105,1
454,491,0.0,1.0244558,0.0,0.34148526,1
455,458,0.0,0.9756797,0.0,0.32522658,1
455,462,0.0,0.0,0.8237324,0.27457747,1
455,464,0.9780162,0.0,0.0,0.3260054,1
455,466,1.0627164,0.0,0.0,0.3542388,1
455,472,0.0,0.0,1.419793,0.47326434,1
455,476,0.0,0.0,0.7139579,0.23798597,1
455,485,0.9768411,0.0,0.0,0.3256137,1
455,493,0.0,1.010847,0.0,0.336949,1
455,504,0.0,0.0,0.9397372,0.31324574,1
455,511,0.0,1.0197163,0.0,0.33990544,1
456,457,0.9808632,0.0,0.0,0.32695442,1
456,463,0.0,0.0,1.0822332,0.36074442,1
456,483,0.0,1.0802538,0.0,0.36008462,1
456,485,0.0,0.97594684,0.0,0.32531562,1
456,493,0.0,0.94028187,0.0,0.3134273,1
456,494,0.96690154,0.0,0.0,0.32230052,1
456,495,1.1759316,0.0,0.0,0.3919772,1
456,500,0.0,0.94874907,0.0,0.3162497,1
456,509,1.0545795,0.0,0.0,0.3515265,1
457,460,1.0009604,0.0,0.0,0.33365345,1
457,474,0.98238945,0.0,0.0,0.32746315,1
457,481,0.95876646,0.0,0.0,0.31958884,1
457,486,0.0,0.9491582,0.0,0.31638607,1
457,492,0.0,0.0,0.7682032,0.25606775,1
457,494,1.0415049,0.0,0.0,0.3471683,1
457,500,0.0,0.0,0.8599304,0.28664348,1
457,511,0.0,0.0,1.4902233,0.49674112,1
458,466,0.0,0.9613476,0.0,0.3204492,1
458,475,0.9781671,0.0,0.0,0.3260557,1
458,503,0.99013454,0.0,1.6124548,0.8675298,2
458,508,0.0,0.0,0.7120387,0.23734623,1
458,511,0.0,1.1040766,0.0,0.36802554,1
459,461,0.9760804,0.0,0.0,0.32536015,1
459,481,0.983656,0.0,0.0,0.32788533,1
459,483,0.0,0.0,0.896868,0.298956,1
459,485,0.0,0.0,1.0490992,0.34969974,1
459,487,0.0,0.0,1.1628891,0.38762972,1
459,489,0.0,0.9906849,0.0,0.33022833,1
459,491,0.0,1.0320235,0.0,0.34400785,1
459,496,0.97216153,0.0,0.0,0.32405385,1
459,498,0.97427404,0.0,0.0,0.32475802,1
459,509,0.9833555,0.0,0.0,0.3277852,1
460,462,0.0,0.0,1.0159515,0.33865052,1
460,469,1.0156096,0.0,0.0,0.33853656,1
460,482,0.0,0.97997254,0.0,0.32665753,1
460,486,1.0334098,0.0,0.0,0.34446996,1
460,488,0.0,0.96600664,0.0,0.32200223,1
460,489,0.0,0.9756739,0.0,0.32522464,1
460,502,0.0,0.0,1.4846447,0.49488157,1
460,504,0.96991456,0.0,0.0,0.32330486,1
460,505,0.0,0.9442337,0.0,0.3147446,1
460,509,0.0,1.0386139,0.0,0.34620464,1
461,468,0.0,0.96239203,0.0,0.32079735,1
461,471,0.0,0.9489136,0.91733277,0.6220821,2
461,485,1.0001973,0.0,0.0,0.33339912,1
461,490,0.0,0.9525492,0.0,0.31751642,1
461,491,0.0,0.0,0.8878857,0.29596192,1
461,494,0.0,0.0,0.860062,0.28668734,1
461,497,0.0,0.0,1.0838675,0.3612892,1
461,498,0.95930594,0.0,0.0,0.31976867,1
461,499,0.0,0.95259506,0.0,0.3175317,1
461,507,0.981676,0.0,0.0,0.32722533,1
461,508,0.0,0.0,0.9235678,0.30785593,1
461,510,0.0,0.0,1.501373,0.5004577,1
462,474,0.0,0.0,0.5533203,0.1844401,1
462,488,1.007911,0.0,0.0,0.33597034,1
462,504,0.0,1.02833,0.0,0.34277666,1
462,505,0.98794746,0.98538554,0.0,0.65777767,2
462,507,0.9893376,0.0,0.0,0.3297792,1
463,467,0.9584338,0.0,0.0,0.31947795,1
463,495,0.0,1.0316708,1.5372701,0.8563137,2
463,499,0.0,0.0,0.68526727,0.22842243,1
463,504,1.0150901,0.0,0.0,0.33836338,1
464,467,0.0,0.0,0.8814354,0.2938118,1
464,468,0.0,0.0,0.7038438,0.2346146,1
464,472,0.9990313,0.0,0.0,0.33301044,1
464,477,0.0,0.97208476,0.0,0.32402825,1
464,480,0.0,0.0,0.9304104,0.3101368,1
464,482,0.0,0.94244325,0.0,0.31414777,1
464,483,0.97503227,0.0,0.0,0.32501078,1
464,491,0.0,0.0,0.45976338,0.15325446,1
464,494,0.0,0.983853,0.0,0.327951,1
465,466,0.0,0.0,1.0408422,0.3469474,1
465,474,1.069741,0.0,0.0,0.35658035,1
465,476,0.0,0.0,0.7281151,0.24270503,1
465,478,0.0,0.0,0.57404053,0.19134685,1
465,479,0.0,0.0,0.881626,0.29387534,1
465,486,0.0,0.98475695,0.63644946,0.5404022,2
465,487,0.9952253,0.0,0.0,0.33174178,1
465,494,0.0,0.0,1.2290428,0.40968093,1
465,499,0.96861315,0.0,0.0,0.32287106,1
465,508,0.97473514,0.0,0.0,0.3249117,1
466,469,0.0,0.0,0.6860574,0.2286858,1
466,476,0.98702645,0.0,0.0,0.32900882,1
466,478,1.0246514,0.0,1.2536858,0.7594458,2
466,491,0.0,0.0,0.69067204,0.23022401,1
466,494,0.0,0.0,1.4818416,0.4939472,1
466,502,1.0431832,0.0,0.0,0.34772775,1
466,503,1.0165707,1.0197217,0.0,0.67876416,2
466,510,0.0,0.0,0.9161941,0.30539805,1
467,474,1.0053192,0.0,0.0,0.33510643,1
467,480,0.0,0.0,1.0563526,0.35211754,1
467,485,0.0,0.999262,0.0,0.33308733,1
467,495,0.0,0.0,0.86354935,0.28784978,1
467,506,0.9876402,0.0,0.0,0.3292134,1
467,508,0.0,0.0,0.636665,0.21222167,1
467,510,0.0,0.95102113,0.0,0.31700706,1
468,473,0.0,0.0,0.54858863,0.18286288,1
468,477,0.0,0.0,0.45263103,0.15087701,1
468,478,1.0543826,0.0,0.0,0.35146087,1
468,482,0.0,0.9507978,0.0,0.31693262,1
468,492,0.9947013,0.0,0.0,0.3315671,1
468,502,1.0940593,0.0,0.0,0.36468646,1
468,503,0.0,0.0,0.41387227,0.13795742,1
468,508,1.0474166,0.0,0.0,0.34913886,1
469,471,1.0448055,0.0,0.0,0.3482685,1
469,474,0.0,0.0,1.2466857,0.4155619,1
469,481,0.0,1.0063816,0.0,0.33546054,1
469,487,0.0,1.0791143,0.0,0.3597048,1
469,488,0.0,0.95764273,0.0,0.31921425,1
469,491,0.0,0.0,0.5886895,0.19622985,1
469,492,0.0,1.0289589,0.0,0.34298632,1
469,493,0.0,0.9581609,0.0,0.31938696,1
469,496,0.0,0.9716782,0.0,0.32389274,1
469,497,0.0,1.0363905,0.0,0.3454635,1
469,498,0.0,0.9752217,0.0,0.3250739,1
469,499,0.0,0.0,0.8625836,0.28752786,1
470,471,0.0,0.0,0.79930353,0.26643452,1
470,477,0.0,0.0,1.4859297,0.49530992,1
470,488,0.0,0.93414986,0.0,0.3113833,1
470,495,1.0187386,0.0,0.0,0.33957955,1
470,498,0.0,0.0,1.4021208,0.4673736,1
470,501,0.0,1.00587,0.0,0.33529,1
470,506,1.0105717,0.0,0.0,0.33685726,1
470,508,0.0,0.0,1.2830307,0.42767692,1
471,477,0.0,0.0,1.3349265,0.4449755,1
471,490,0.0,0.9460284,0.0,0.3153428,1
471,497,0.97209275,0.0,0.0,0.32403094,1
471,508,0.0,1.0664376,0.78087634,0.6157713,2
472,488,0.0,0.9597752,0.0,0.31992507,1
472,492,1.0305481,0.0,0.0,0.34351605,1
472,504,0.0,0.0,1.6242744,0.5414248,1
472,508,0.0,1.0389055,0.0,0.34630185,1
473,477,0.0,0.0,0.8477928,0.2825976,1
473,479,1.0837984,0.0,0.0,0.36126614,1
473,496,0.96936065,0.0,0.0,0.32312024,1
473,503,0.0,0.0,1.126596,0.375532,1
473,504,0.0,1.2144188,0.0,0.40480626,1
473,508,0.0,0.0,0.9458631,0.3152877,1
473,510,0.9697748,0.0,0.0,0.32325828,1
474,487,1.0740124,0.0,0.0,0.35800415,1
474,491,0.0,0.0,1.2183326,0.40611088,1
474,496,0.0,0.9523788,0.0,0.3174596,1
474,499,0.0,0.0,1.3293843,0.4431281,1
474,500,0.99909526,0.0,0.0,0.33303177,1
474,502,0.0,0.99254626,0.0,0.33084875,1
474,503,0.0,1.0045756,0.0,0.33485854,1
474,507,0.0,1.1767147,0.0,0.39223823,1
475,481,0.0,1.0252513,0.0,0.34175044,1
475,487,0.0,0.99127764,0.0,0.3304259,1
476,479,0.0,0.0,1.1453307,0.3817769,1
476,482,1.0176159,1.0046563,0.0,0.67409074,2
476,490,0.97334385,0.97392297,0.0,0.649089,2
476,497,1.0381446,0.0,0.0,0.3460482,1
476,498,1.009113,0.0,0.0,0.336371,1
476,502,0.98297966,0.0,0.0,0.3276599,1
476,503,0.9869092,0.0,0.0,0.32896975,1
477,487,0.0,0.0,0.529709,0.17656967,1
477,489,0.0,0.94754374,0.0,0.31584793,1
477,494,0.0,1.0778248,0.0,0.35927495,1
477,498,0.0,0.0,0.9781384,0.32604614,1
477,499,0.9880863,0.0,0.0,0.3293621,1
477,503,0.0,0.0,0.79319674,0.26439893,1
477,505,1.02774,0.0,0.0,0.34258002,1
477,508,0.0,0.0,1.7339009,0.577967,1
478,479,0.0,0.98279345,0.0,0.32759783,1
478,481,0.0,0.9891357,0.0,0.3297119,1
478,491,0.0,0.0,0.47693455,0.1589782,1
478,494,0.0,0.0,0.54513806,0.18171269,1
478,497,0.0,1.080106,0.0,0.36003536,1
479,488,0.0,1.0285306,0.0,0.34284353,1
479,494,0.99959517,0.0,0.0,0.3331984,1
479,497,1.0014466,0.0,0.0,0.33381554,1
479,505,1.0685972,0.0,0.8921146,0.65357065,2
480,491,0.0,0.0,0.85454804,0.28484935,1
480,492,0.0,0.9795208,0.0,0.32650694,1
480,507,0.0,0.96643555,0.0,0.3221452,1
481,483,0.97020775,0.0,0.0,0.32340258,1
481,485,0.0,0.94477713,0.0,0.31492573,1
481,487,0.0,0.96913916,0.0,0.3230464,1
481,490,1.0365629,0.0,0.0,0.34552097,1
481,501,1.0383141,0.0,0.0,0.3461047,1
481,504,0.97455096,0.0,0.0,0.32485032,1
482,490,0.0,1.1284934,0.0,0.3761645,1
482,496,0.0,0.0,0.99026674,0.3300889,1
482,498,1.1886599,0.0,0.0,0.39621997,1
482,500,0.0,0.0,1.0429149,0.3476383,1
482,502,0.9947993,0.0,0.0,0.33159977,1
482,503,1.007687,0.0,0.0,0.33589566,1
482,507,0.0,0.0,1.2004007,0.40013358,1
483,485,0.0,0.9890251,0.75614065,0.5817219,2
483,491,1.1079607,0.0,0.0,0.36932024,1
483,496,0.9839367,0.0,0.0,0.3279789,1
483,504,0.0,0.0,1.0485588,0.3495196,1
483,510,0.0,1.0061941,0.0,0.33539805,1
484,498,1.025586,0.0,0.0,0.34186202,1
484,505,0.0,0.97005665,0.0,0.32335222,1
484,509,1.0468113,0.0,0.0,0.34893712,1
484,510,1.01785,0.0,0.0,0.33928335,1
485,486,0.98002243,0.0,0.0,0.32667416,1
485,487,0.0,0.0,1.1869817,0.39566058,1
485,498,0.97541577,0.0,0.0,0.3251386,1
485,503,1.0065701,0.0,0.0,0.33552337,1
485,509,0.98906493,0.0,0.0,0.3296883,1
486,507,1.0241606,0.0,0.0,0.34138688,1
486,509,0.9972208,1.0185777,0.0,0.6719328,2
487,495,0.0,0.95586914,0.0,0.31862307,1
487,497,0.0,0.9459085,0.0,0.31530285,1
487,500,0.0,0.9272791,0.0,0.30909306,1
488,489,0.0,0.0,1.2036064,0.40120214,1
488,496,0.0,1.1276975,0.0,0.37589917,1
488,500,0.9630341,0.0,0.0,0.32101136,1
488,505,0.0,0.0,1.4105829,0.4701943,1
488,509,0.0,0.0,0.7027172,0.23423907,1
489,499,1.0010569,0.0,0.0,0.33368564,1
489,505,0.0,0.0,0.80406564,0.26802188,1
489,511,0.97922516,0.0,0.0,0.3264084,1
490,491,0.99563396,0.0,1.2034943,0.7330428,2
490,494,0.0,1.042294,0.0,0.34743136,1
490,501,0.0,0.95714515,0.0,0.3190484,1
491,494,0.0,0.9521611,0.7331354,0.56176555,2
491,499,0.0,0.0,0.6194188,0.20647293,1
491,502,0.0,1.1329584,0.0,0.37765282,1
491,505,0.0,0.9562623,0.0,0.3187541,1
491,506,0.0,0.0,1.0238336,0.3412779,1
491,510,0.0,0.0,0.9818006,0.32726687,1
492,493,1.0521636,0.0,0.0,0.3507212,1
492,497,0.0,1.0612493,0.0,0.35374975,1
492,501,0.99342066,0.0,0.0,0.33114022,1
492,504,0.0,0.9943534,0.0,0.33145115,1
492,511,0.0,0.0,0.6867198,0.2289066,1
493,498,0.0,0.9953291,0.0,0.33177638,1
493,501,1.0129123,0.0,0.0,0.33763742,1
493,508,0.9699517,0.0,0.0,0.32331723,1
493,510,0.96806014,0.0,0.0,0.32268673,1
494,497,0.0,0.0,0.6876221,0.22920737,1
494,506,0.0,0.0,0.78813803,0.2627127,1
494,510,0.0,0.0,1.8470132,0.6156711,1
495,499,0.0,0.0,0.74215984,0.24738662,1
495,508,1.0109103,0.0,0.0,0.3369701,1
496,497,0.96937454,0.0,0.0,0.32312486,1
496,498,0.0,0.0,0.8135526,0.2711842,1
496,507,0.0,0.0,1.2878987,0.42929956,1
496,508,0.96548474,0.0,0.0,0.32182825,1
496,509,0.0,0.0,0.5972255,0.19907516,1
497,503,1.0520475,0.0,0.0,0.3506825,1
497,508,0.0,0.0,0.54491377,0.18163793,1
497,510,0.0,0.0,0.87117964,0.29039323,1
498,500,0.0,1.2357755,0.867378,0.7010512,2
498,502,0.0,0.971267,0.0,0.32375568,1
498,508,0.0,0.0,0.9427538,0.31425127,1
499,504,0.9822893,0.0,0.0,0.32742977,1
499,506,0.98670316,0.0,0.0,0.32890105,1
500,511,0.0,0.0,1.8452972,0.6150991,1
501,502,0.0,1.0097054,0.0,0.33656847,1
501,504,0.0,0.0,0.67196465,0.22398822,1
501,509,0.0,0.9845672,0.0,0.32818907,1
501,510,0.98203665,0.0,0.0,0.32734555,1
502,503,0.0,1.0623313,0.0,0.35411045,1
502,505,0.0,0.96025467,0.0,0.3200849,1
502,507,0.0,0.98619735,0.0,0.32873246,1
503,507,0.96494734,0.0,0.0,0.32164913,1
503,508,0.0,0.9721059,0.8773509,0.6164856,2
503,509,0.96985406,0.0,0.0,0.3232847,1
503,510,0.0,0.9900936,0.0,0.33003122,1
504,505,0.9739359,0.0,0.0,0.3246453,1
504,508,0.0,0.9610935,0.0,0.3203645,1
506,510,0.0,0.0,1.3014144,0.4338048,1
507,509,0.0,0.0,0.92701197,0.309004,1
508,511,0.0,0.9778999,0.0,0.32596666,1
