element_a,element_b,name_a,name_b,parent_a,parent_b,same_coarse_family,centroid_distance_raw,visual_distance,visual_similarity,cophenetic_distance_raw,cophenetic_distance_percentile,fused_mean_similarity,fused_distance_percentile,stability_a,stability_b,pair_stability,images,support_a,support_b,observed,expected,pearson_residual,adjusted_residual,log_lift,p_value_upper,q_value_bh,passes_support,significant_positive,unexpected_score,unexpected_score_adjusted,visual_bridge_index,unexpected_score_cophenetic,visual_bridge_index_cophenetic,unexpected_score_fused,visual_bridge_index_fused
F000,F001,red brick corner,shaded_corner,C000,C001,False,0.06816844558498728,0.6451612903225806,0.3548387096774194,0.2803388833999634,0.7880893300248138,0.015667724609375,0.8253101736972704,0.4043114334344864,0.3675737664103508,0.3855052222607133,378818,8223,77047,800,1672.4587559197294,-21.333749792549447,-24.166218735412976,-0.7371125154785249,1.0,1.0,True,False,0.0,0.0,0.0,0.0,0.0,0.0,0.0
F000,F002,red brick corner,shaded patches,C000,C002,False,0.06620850570412248,0.5012406947890818,0.49875930521091816,0.2803388833999634,0.7880893300248138,0.033286927238343256,0.34739454094292804,0.4043114334344864,0.5684704088738987,0.4794153584073987,378818,8223,15998,327,347.2684877698525,-1.08764873556524,-1.1236299473313782,-0.060048938283036056,0.8757844466109332,1.0,True,False,0.0,0.0,0.0,0.0,0.0,0.0,0.0
F000,F003,red brick corner,building facade,C000,C003,False,0.06851285294569098,0.6660049627791563,0.33399503722084367,0.2613743543624878,0.11538461538461539,0.023482852511935763,0.6198511166253102,0.4043114334344864,0.6305155009031296,0.5049006099944894,378818,8223,814,15,17.66949300191649,-0.6350629004262498,-0.6427599386284865,-0.1589039550620185,0.7725929640007997,1.0,False,False,0.0,0.0,0.0,0.0,0.0,0.0,0.0
F000,F004,red brick corner,highlighted_buildings,C000,C004,False,0.07078042059160668,0.8248138957816377,0.17518610421836234,0.2803388833999634,0.7880893300248138,0.028938462999131945,0.45905707196029777,0.4043114334344864,0.7429166615009308,0.5480599422816855,378818,8223,36706,680,796.7769166195905,-4.137029636867324,-4.4013381275898915,-0.15837424505950978,0.9999968553376567,1.0,True,False,0.0,0.0,0.0,0.0,0.0,0.0,0.0
F000,F005,red brick corner,palm_trees_and_buildings,C000,C005,False,0.06394732237402001,0.3270471464019851,0.6729528535980149,0.27533864974975586,0.31042183622828784,0.016654685691550927,0.8059553349875931,0.4043114334344864,0.3401900368432204,0.3708675254537841,378818,8223,1192,46,25.874736680939133,3.956431054050175,4.00638714437662,0.5670457045079926,0.0001832476531412994,0.0010290453168046226,False,False,1.2939394861633078,1.3102774829499715,0.18545067953884226,1.2281625927088755,0.17602336881873418,3.1887067155223248,0.45701351073001495
F000,F006,red brick corner,small alley entrance,C000,C006,False,0.06587941432694605,0.47245657568238214,0.5275434243176178,0.2803388833999634,0.7880893300248138,0.02327097198109568,0.6243176178660049,0.4043114334344864,0.8267045550876193,0.5781402111030634,378818,8223,5123,95,111.20492954400267,-1.5366859747235584,-1.564252075168995,-0.15673458961112538,0.9493632973388638,1.0,False,False,0.0,0.0,0.0,0.0,0.0,0.0,0.0
F000,F007,red brick corner,roof_and_eaves,C000,C007,False,0.06954117380473007,0.7404466501240695,0.2595533498759305,0.27533864974975586,0.31042183622828784,0.017585523200757576,0.7866004962779156,0.4043114334344864,0.7774307294325395,0.5606461741712757,378818,8223,116971,1911,2539.0887787803113,-12.464707492489731,-15.157882841958903,-0.2841138956512121,1.0,1.0,True,False,0.0,0.0,0.0,0.0,0.0,0.0,0.0
F000,F008,red brick corner,stone_wall_and_retaining_wall,C000,C008,False,0.06884379770102812,0.6908188585607941,0.30918114143920594,0.27533864974975586,0.31042183622828784,0.015026177300347223,0.8397022332506203,0.4043114334344864,0.44401784539222716,0.4236997658024176,378818,8223,58622,1091,1272.507394052025,-5.088199890519886,-5.595468677630811,-0.15382923091819445,0.9999999947283644,1.0,True,False,0.0,0.0,0.0,0.0,0.0,0.0,0.0
F000,F009,red brick corner,highlighted road,C000,C009,False,0.0631153851872489,0.27791563275434245,0.7220843672456576,0.2803388833999634,0.7880893300248138,0.03877286557798033,0.24367245657568237,0.4043114334344864,1.0,0.635854883943252,378818,8223,31159,405,676.3682216790121,-10.43439783941445,-11.012119329706868,-0.5123557300096819,1.0,1.0,True,False,0.0,0.0,0.0,0.0,0.0,0.0,0.0
F000,F010,red brick corner,green_wall,C000,C004,False,0.06599637632428793,0.4843672456575682,0.5156327543424317,0.2803388833999634,0.7880893300248138,0.02456341367779356,0.5875930521091811,0.4043114334344864,0.6875132593241605,0.5272281018520989,378818,8223,122045,3109,2649.2300656251814,8.932658491159856,10.969486773164215,0.1600041687801983,1.4780004839082016e-27,1.8978655895279838e-26,True,True,4.326687189762788,5.313260094594677,0.07750077852579332,7.039732845638635,0.1260975781751637,5.248768066269612,0.09401733788374927
F000,F011,red brick corner,road_edge,C000,C010,False,0.06374134967381383,0.31265508684863524,0.6873449131513647,0.2803388833999634,0.7880893300248138,0.020915278682002315,0.6823821339950372,0.4043114334344864,0.384821442887187,0.3944460789386122,378818,8223,60886,577,1321.6520281507214,-20.48305887579555,-22.605178883715368,-0.8283075700050017,1.0,1.0,True,False,0.0,0.0,0.0,0.0,0.0,0.0,0.0
F000,F012,red brick corner,bamboo,C000,C011,False,0.06754140895603976,0.6034739454094293,0.39652605459057066,0.27533864974975586,0.31042183622828784,0.016584608289930556,0.8074441687344913,0.4043114334344864,0.27633877843618393,0.3342557817346896,378818,8223,27187,672,590.1480420676947,3.3693690874141833,3.5357802451332163,0.12978180096430694,0.0002791685976786451,0.001546164540989419,True,True,2.0333264567224054,2.133751254631261,0.07831993547027159,1.0459257390459413,0.04028710496435434,2.720577421946837,0.10479155839649003
F000,F013,red brick corner,tree-lined_driveway,C000,C012,False,0.06048562053784278,0.1598014888337469,0.8401985111662531,0.2803388833999634,0.7880893300248138,0.05864307133838384,0.10074441687344914,0.4043114334344864,0.5153925527225841,0.45648559864767596,378818,8223,210391,4349,4566.956145167336,-3.2251929189847597,-4.890239135483515,-0.04889551176254096,0.9999995046298669,1.0,True,False,0.0,0.0,0.0,0.0,0.0,0.0,0.0
F000,F014,red brick corner,road_edge,C000,C013,False,0.06183063806506687,0.21786600496277916,0.7821339950372208,0.2803388833999634,0.7880893300248138,0.041122248143325615,0.20496277915632755,0.4043114334344864,0.6375317871570587,0.5077020688607841,378818,8223,1332,36,28.91371582131789,1.317851910710801,1.3347392806946416,0.21585117049792468,0.10983678681158436,0.4217732613564839,False,False,0.2871151309191274,0.2907943147518351,0.04702663218292255,1.038585029383996,0.17011000434278134,0.2701105901357622,0.04424145578940094
F000,F015,red brick corner,tree_shade_street,C000,C014,False,0.0694692944255756,0.7359801488833747,0.2640198511166253,0.2803388833999634,0.7880893300248138,0.018050158465350116,0.7746898263027295,0.4043114334344864,0.8839921777447065,0.5978362188165214,378818,8223,15105,559,327.88414225300806,12.763492825988367,13.169533227930607,0.5328594392415293,1.433316567877368e-33,1.9928042764419128e-32,True,True,9.393677350342804,9.692515025816919,0.3921739694268923,10.05877251000969,0.41994083846925484,9.887748040381062,0.41280078642979023
F000,F016,red brick corner,construction scaffolding,C000,C015,False,0.061251915300373785,0.19404466501240694,0.8059553349875931,0.2803388833999634,0.7880893300248138,0.016386809172453703,0.8109181141439206,0.4043114334344864,0.3196994091073672,0.35952486195582906,378818,8223,10329,218,224.21153957837274,-0.4148301144952084,-0.4252440720414644,-0.02803151882596588,0.6741127794212222,1.0,True,False,0.0,0.0,0.0,0.0,0.0,0.0,0.0
F000,F017,red brick corner,building facade,C000,C011,False,0.06894917413109326,0.7017369727047147,0.2982630272952853,0.27533864974975586,0.31042183622828784,0.014190249972873263,0.8575682382133996,0.4043114334344864,0.43739699572324753,0.4205289601452011,378818,8223,30807,352,668.7273598403455,-12.247883157864397,-12.919473181362196,-0.6410732304244001,1.0,1.0,True,False,0.0,0.0,0.0,0.0,0.0,0.0,0.0
F000,F018,red brick corner,small alley flowerbed,C000,C013,False,0.05122626204376229,0.04466501240694789,0.9553349875930521,0.2803388833999634,0.7880893300248138,0.03543528804072627,0.3012406947890819,0.4043114334344864,0.2877193056046963,0.34106920833726667,378818,8223,22621,102,491.0339081036276,-17.55624829649207,-18.304878119805846,-1.5676681276497308,1.0,1.0,False,False,0.0,0.0,0.0,0.0,0.0,0.0,0.0
F000,F019,red brick corner,road_and_building,C000,C016,False,0.06979063126852826,0.7558312655086848,0.24416873449131515,0.2803388833999634,0.7880893300248138,0.025980066370081017,0.5449131513647643,0.4043114334344864,0.45704154421885806,0.42986872633658485,378818,8223,13367,216,290.1573869245918,-4.35349051398059,-4.481292388536565,-0.2945546615705413,0.9999987462929787,1.0,True,False,0.0,0.0,0.0,0.0,0.0,0.0,0.0
F000,F020,red brick corner,advertising_wall,C000,C013,False,0.06504659872811873,0.4079404466501241,0.5920595533498759,0.2803388833999634,0.7880893300248138,0.030721513051835316,0.41687344913151364,0.4043114334344864,0.6375811781202044,0.507721734867268,378818,8223,8894,86,193.06200338949046,-7.705254034899281,-7.883352807010455,-0.8054534781584082,1.0,1.0,False,False,0.0,0.0,0.0,0.0,0.0,0.0,0.0
F000,F021,red brick corner,road_and_building,C000,C017,False,0.06048630836104105,0.16029776674937965,0.8397022332506203,0.2803388833999634,0.7880893300248138,0.07913226845823688,0.06104218362282878,0.4043114334344864,0.7211538553237915,0.5399729150362714,378818,8223,169116,2517,3670.999973602099,-19.046431020963407,-25.88168682180392,-0.3773339451089979,1.0,1.0,True,False,0.0,0.0,0.0,0.0,0.0,0.0,0.0
F000,F022,red brick corner,tree_canopy_and_road,C000,C005,False,0.06558170108234139,0.4471464019851117,0.5528535980148883,0.27533864974975586,0.31042183622828784,0.013320734471450617,0.8734491315136477,0.4043114334344864,0.5876411199569702,0.487432070708165,378818,8223,107423,2482,2331.83040140648,3.1098077376747293,3.7146070146912895,0.06239817692115873,0.00011600016779260155,0.0006817969045769235,True,True,1.3905393407667153,1.660973161407867,0.02790112030072656,0.9653522282459271,0.019369756657163666,2.7162588676464137,0.05450163343982103
F000,F023,red brick corner,street_corner_cafe,C000,C018,False,0.06595437294262843,0.4784119106699752,0.5215880893300249,0.2803388833999634,0.7880893300248138,0.030979368421766493,0.40595533498759306,0.4043114334344864,0.48124999552965164,0.441106422003731,378818,8223,8214,79,178.30124756479364,-7.4366529376074135,-7.601559835880302,-0.8105178184865172,1.0,1.0,False,False,0.0,0.0,0.0,0.0,0.0,0.0,0.0
F000,F024,red brick corner,road_edge,C000,C018,False,0.06816865595475076,0.6456575682382134,0.3543424317617866,0.2803388833999634,0.7880893300248138,0.019050880714699073,0.7419354838709677,0.4043114334344864,0.4875000019868215,0.44396151252401006,378818,8223,9323,197,202.37430375536536,-0.3777848391301956,-0.3867412513923776,-0.02684800959793184,0.6604612075825428,1.0,True,False,0.0,0.0,0.0,0.0,0.0,0.0,0.0
F000,F025,red brick corner,shaded alley,C000,C019,False,0.06504653176705945,0.4074441687344913,0.5925558312655087,0.2613743543624878,0.11538461538461539,0.05211944580078125,0.13101736972704714,0.4043114334344864,0.7079328984022141,0.5350003410544986,378818,8223,17421,307,378.15754003241665,-3.6591864891712027,-3.787673434810387,-0.20815712104888714,0.9999572568924646,1.0,True,False,0.0,0.0,0.0,0.0,0.0,0.0,0.0
F000,F026,red brick corner,tree_shadows,C000,C016,False,0.07023879024755951,0.7885856079404466,0.21141439205955337,0.2803388833999634,0.7880893300248138,0.016149054633246528,0.8138957816377171,0.4043114334344864,0.7362637281417846,0.545600442916631,378818,8223,208,3,4.515054722848439,-0.7130119528714184,-0.7210759751408828,-0.35968136469318246,0.8312509898145576,1.0,False,False,0.0,0.0,0.0,0.0,0.0,0.0,0.0
F000,F027,red brick corner,car_top_heat,C000,C020,False,0.06497738840953503,0.40099255583126553,0.5990074441687345,0.2803388833999634,0.7880893300248138,0.04876316918267144,0.1444168734491315,0.4043114334344864,0.9444444179534912,0.6179398647295505,378818,8223,94699,1666,2055.6306115337707,-8.593706791783536,-10.03253420377246,-0.21010025382009515,1.0,1.0,True,False,0.0,0.0,0.0,0.0,0.0,0.0,0.0
F000,F028,red brick corner,red_car_street,C000,C021,False,0.06361758135050417,0.3062034739454094,0.6937965260545906,0.27533864974975586,0.31042183622828784,0.02284756413212529,0.6377171215880894,0.4043114334344864,0.6187312696129084,0.5001601008956379,378818,8223,158116,3504,3432.223041143768,1.2251726755192587,1.6228352173732359,0.02069402119772506,0.053632427469464436,0.22201842664977475,True,False,0.3751521294269889,0.49691778120063845,0.006336581180643355,0.38032035163141253,0.006423876059144925,0.7813135920805199,0.013196931632296129
F000,F029,red brick corner,electric_bike_parking,C000,C022,False,0.06942639216863843,0.7320099255583127,0.2679900744416873,0.2803388833999634,0.7880893300248138,0.018284267849392362,0.7652605459057072,0.4043114334344864,0.39830395206809044,0.4012964512717134,378818,8223,125824,3551,2731.260795421548,15.685346628771889,19.40525104691826,0.2624236681611776,7.364131998675238e-81,2.090998606947786e-79,True,True,11.481829418083642,14.204836374295004,0.192096729795403,12.361454315875811,0.20681329282379654,12.003376923854221,0.20082247955560095
F000,F030,red brick corner,stone_wall_and_shadows,C000,C012,False,0.06296929539064117,0.2729528535980149,0.7270471464019851,0.2803388833999634,0.7880893300248138,0.04508599175347222,0.16997518610421836,0.4043114334344864,0.38914142847061156,0.3966539155910308,378818,8223,10570,101,229.44292509859616,-8.479550912023324,-8.695266746631836,-0.8177723279013803,1.0,1.0,False,False,0.0,0.0,0.0,0.0,0.0,0.0,0.0
F000,F031,red brick corner,road_edge,C000,C001,False,0.06804176547735857,0.6372208436724566,0.36277915632754343,0.2803388833999634,0.7880893300248138,0.025081634521484375,0.5707196029776674,0.4043114334344864,0.5565476566553116,0.47436123454274104,378818,8223,2681,28,58.196450538253195,-3.9582903523751725,-4.0161957799356385,-0.7224751698990497,0.9999968983298172,1.0,False,False,0.0,0.0,0.0,0.0,0.0,0.0,0.0
F000,F032,red brick corner,tree-lined walk,C000,C012,False,0.06416638441779947,0.3444168734491315,0.6555831265508685,0.2803388833999634,0.7880893300248138,0.051953421698676214,0.13200992555831265,0.4043114334344864,0.42500001192092896,0.41452667468984983,378818,8223,325,4,7.054773004450686,-1.1501048154285909,-1.163292027478411,-0.5181021527592156,0.9233602930341117,1.0,False,False,0.0,0.0,0.0,0.0,0.0,0.0,0.0
F000,F033,red brick corner,zebra_crossing,C000,C023,False,0.06712970013274762,0.569727047146402,0.430272952853598,0.2803388833999634,0.7880893300248138,0.020380655924479168,0.7027295285359801,0.4043114334344864,1.0,0.635854883943252,378818,8223,44394,1000,963.6602854141039,1.1706296813247041,1.259653415953747,0.036997602058306135,0.10747026304251615,0.4134733784231156,True,False,0.6669393916430573,0.7176586210992066,0.0210785345721764,0.9225607612623474,0.029157415418655155,0.822636044047534,0.025999307451395278
F000,F034,red brick corner,red_door_street,C000,C018,False,0.06883426794897458,0.6898263027295285,0.3101736972704715,0.2803388833999634,0.7880893300248138,0.031839865225332754,0.38312655086848635,0.4043114334344864,0.8333333730697632,0.5804534525650025,378818,8223,15775,317,342.4278281391064,-1.374120256583897,-1.4191423615150593,-0.07704219310453758,0.9273617419551541,1.0,True,False,0.0,0.0,0.0,0.0,0.0,0.0,0.0
F000,F035,red brick corner,small alley entrance,C000,C010,False,0.06595602127366725,0.47890818858560796,0.5210918114143921,0.2803388833999634,0.7880893300248138,0.028317406063988096,0.47543424317617866,0.4043114334344864,0.3212707968694823,0.3604073478759001,378818,8223,65633,1587,1424.6951280034211,4.300021102548911,4.781348132542005,0.1078517155061918,1.2797709348844881e-06,8.958396544191417e-06,True,True,2.0593153171015874,2.289826773152871,0.05165106970892064,3.3888007498003323,0.08499678621530152,2.0443772785319387,0.05127639873693883
F000,F036,red brick corner,pedestrian walk,C000,C024,False,0.0645865919948684,0.371712158808933,0.6282878411910671,0.2803388833999634,0.7880893300248138,0.03431495787605407,0.3270471464019851,0.4043114334344864,0.6076337546110153,0.4956543900037188,378818,8223,191641,4140,4159.9500102951815,-0.30931363748068463,-0.44489044962146523,-0.004806690482727397,0.6758304893014251,1.0,True,False,0.0,0.0,0.0,0.0,0.0,0.0,0.0
F000,F037,red brick corner,street_corner_shops,C000,C003,False,0.06715080599763473,0.5722084367245658,0.4277915632754342,0.2613743543624878,0.11538461538461539,0.02935528996014836,0.45062034739454093,0.4043114334344864,0.6591791060160507,0.5162495997513341,378818,8223,5196,53,112.78954009577159,-5.6297719117053715,-5.731322348475286,-0.7502651894445369,0.9999999999325939,1.0,False,False,0.0,0.0,0.0,0.0,0.0,0.0,0.0
F000,F038,red brick corner,red-yellow hotspot,C000,C000,True,0.03590612431785503,0.0019851116625310174,0.998014888337469,0.10450217127799988,0.005459057071960298,0.25679990980360246,0.001488833746898263,0.4043114334344864,0.5312499850988388,0.4634548985471629,378818,8223,4115,13,89.32427973327562,-8.075658643321242,-8.209460618019119,-1.8951656289678103,1.0,1.0,False,False,0.0,0.0,0.0,0.0,0.0,0.0,0.0
F000,F039,red brick corner,red car corner,C000,C017,False,0.05162716442891924,0.04764267990074442,0.9523573200992556,0.2803388833999634,0.7880893300248138,0.20722834269205728,0.007444168734491315,0.4043114334344864,0.30280448123812675,0.34989614724911317,378818,8223,1373,23,29.80370256957167,-1.2462644574341897,-1.2623030365262295,-0.25426948091532964,0.9168925038322875,1.0,False,False,0.0,0.0,0.0,0.0,0.0,0.0,0.0
F000,F040,red brick corner,cobblestone,C000,C013,False,0.062338122215369204,0.2411910669975186,0.7588089330024814,0.2803388833999634,0.7880893300248138,0.04077058368259006,0.2109181141439206,0.4043114334344864,0.45202021673321724,0.4275008090855201,378818,8223,77947,1202,1691.9950503935927,-11.9122047333401,-13.513947893213833,-0.34180107836713725,1.0,1.0,True,False,0.0,0.0,0.0,0.0,0.0,0.0,0.0
F000,F041,red brick corner,concrete_wall,C000,C011,False,0.06816327196997374,0.6446650124069478,0.35533498759305215,0.27533864974975586,0.31042183622828784,0.029712677001953125,0.44168734491315137,0.4043114334344864,0.511904776096344,0.45493840660629287,378818,8223,8967,307,194.6466139412594,8.053093453264768,8.240045240935041,0.454723944827311,1.4491197780778466e-14,1.397811230911454e-13,True,True,5.191547590963243,5.3120688674812,0.2931446175338347,2.499856057080453,0.14115624193026452,3.556949465709997,0.20084581185920933
F000,F042,red brick corner,Red-yellow glow street,C000,C025,False,0.06946149093740844,0.7349875930521091,0.26501240694789086,0.2803388833999634,0.7880893300248138,0.018117975305627892,0.771712158808933,0.4043114334344864,0.9285714626312256,0.6127251089214383,378818,8223,66510,2000,1443.7321616185081,14.639985127686707,16.301566381000466,0.3258193450235946,3.360569592819816e-55,6.391422923702594e-54,True,True,10.760207431317127,11.981449037350714,0.2394731761687065,11.537616070851856,0.2567747493287683,11.29785452781778,0.25143875012987077
F000,F043,red brick corner,tree_shadows,C000,C015,False,0.06618988268051951,0.4987593052109181,0.501240694789082,0.2803388833999634,0.7880893300248138,0.027375645107693143,0.5012406947890818,0.4043114334344864,0.7320646420121193,0.544042374065315,378818,8223,16390,287,355.77762936291305,-3.646346064362759,-3.769009816009519,-0.21448742444455837,0.9999545707403649,1.0,True,False,0.0,0.0,0.0,0.0,0.0,0.0,0.0
F000,F044,red brick corner,road_and_buildings,C000,C026,False,0.07124060966313506,0.8471464019851117,0.1528535980148883,0.2803388833999634,0.7880893300248138,0.02158280360845872,0.6650124069478908,0.4043114334344864,0.8246913684739007,0.5774358400105859,378818,8223,21673,380,470.45567792449145,-4.1703881282265485,-4.342446177091972,-0.21327781021565606,0.9999966112698779,1.0,True,False,0.0,0.0,0.0,0.0,0.0,0.0,0.0
F000,F045,red brick corner,underpass glow,C000,C027,False,0.0682891672044564,0.6535980148883375,0.34640198511166254,0.27533864974975586,0.31042183622828784,0.028477986653645832,0.46997518610421835,0.4043114334344864,0.7119318172335625,0.5365092483203998,378818,8223,85507,1143,1856.0999239740456,-16.551970882660825,-19.018041651619274,-0.48465308255397355,1.0,1.0,True,False,0.0,0.0,0.0,0.0,0.0,0.0,0.0
F000,F046,red brick corner,window_heat_zone,C000,C021,False,0.07114067716847897,0.8426799007444169,0.1573200992555831,0.27533864974975586,0.31042183622828784,0.012208572541824494,0.8903225806451613,0.4043114334344864,0.739260733127594,0.5467097645850555,378818,8223,39968,682,867.5851305904155,-6.30067570030895,-6.7354038003625565,-0.2405272595090972,0.9999999999985156,1.0,True,False,0.0,0.0,0.0,0.0,0.0,0.0,0.0
F000,F047,red brick corner,underpass,C000,C008,False,0.06532154452513925,0.4297766749379653,0.5702233250620348,0.27533864974975586,0.31042183622828784,0.018521061650028935,0.7578163771712159,0.4043114334344864,0.3610449731349945,0.3820662385274643,378818,8223,10970,208,238.12572264253546,-1.9522449940442028,-2.002997347421329,-0.1349572691630168,0.9807657032448254,1.0,True,False,0.0,0.0,0.0,0.0,0.0,0.0,0.0
F000,F048,red brick corner,shaded path,C000,C028,False,0.0773644334909315,0.9861042183622829,0.013895781637717097,0.2803388833999634,0.7880893300248138,0.013361855158730158,0.8719602977667493,0.4043114334344864,0.6641156588281903,0.5181790752115661,378818,8223,155,3,3.3645840482764813,-0.19876136571084296,-0.200995249175144,-0.09909108764297982,0.6563637449383006,1.0,False,False,0.0,0.0,0.0,0.0,0.0,0.0,0.0
F000,F049,red brick corner,red_wall_yellow_wall,C000,C029,False,0.0684642497450748,0.6635235732009925,0.33647642679900747,0.2803388833999634,0.7880893300248138,0.028267137932054924,0.47692307692307695,0.4043114334344864,1.0,0.635854883943252,378818,8223,349,5,7.575740857087045,-0.9358141587708533,-0.9465743049245161,-0.3841165196694792,0.8762257270622612,1.0,False,False,0.0,0.0,0.0,0.0,0.0,0.0,0.0
F000,F050,red brick corner,greenery_and_water,C000,C030,False,0.06895987667687026,0.7027295285359801,0.29727047146401986,0.2803388833999634,0.7880893300248138,0.043295966254340276,0.18511166253101738,0.4043114334344864,0.688131312529246,0.5274650295136674,378818,8223,1487,12,32.27829986959437,-3.5692438100981825,-3.6157236305090987,-0.9640380627934052,0.999988274850997,1.0,False,False,0.0,0.0,0.0,0.0,0.0,0.0,0.0
F000,F051,red brick corner,zebra_crossing,C000,C020,False,0.06739431548147252,0.5915632754342431,0.40843672456575686,0.2803388833999634,0.7880893300248138,0.01487002902560764,0.8431761786600497,0.4043114334344864,0.8715151250362396,0.5936021643013422,378818,8223,19455,269,422.309565543348,-7.460257082638953,-7.74403611024414,-0.45035348766581723,1.0,1.0,True,False,0.0,0.0,0.0,0.0,0.0,0.0,0.0
F000,F052,red brick corner,palm_tree_street,C000,C026,False,0.06682431478749451,0.5444168734491315,0.4555831265508685,0.2803388833999634,0.7880893300248138,0.03632759753568673,0.2883374689826303,0.4043114334344864,0.6043684764040841,0.49432083206916516,378818,8223,90021,1546,1954.0852942574006,-9.23164693781965,-10.689640595630209,-0.23418373209296406,1.0,1.0,True,False,0.0,0.0,0.0,0.0,0.0,0.0,0.0
F000,F053,red brick corner,road_marking,C000,C030,False,0.06283864988821683,0.2655086848635236,0.7344913151364765,0.2803388833999634,0.7880893300248138,0.030858018663194445,0.4114143920595533,0.4043114334344864,0.5154761910438538,0.4565226365716049,378818,8223,86968,1666,1887.813842003284,-5.1051565132067696,-5.88043519443782,-0.12495866501761768,0.9999999988550234,1.0,True,False,0.0,0.0,0.0,0.0,0.0,0.0,0.0
F000,F054,red brick corner,highlighted_lane,C000,C023,False,0.06989152940765898,0.7652605459057072,0.23473945409429275,0.2803388833999634,0.7880893300248138,0.013588987750771605,0.8679900744416873,0.4043114334344864,0.8999999761581421,0.6032249003908094,378818,8223,245062,4714,5319.559329282136,-8.302690916882112,-14.126757506392705,-0.1208415894884759,1.0,1.0,True,False,0.0,0.0,0.0,0.0,0.0,0.0,0.0
F000,F055,red brick corner,small alley entrance,C000,C014,False,0.061382841470642935,0.19702233250620346,0.8029776674937965,0.2803388833999634,0.7880893300248138,0.05994805230034722,0.0967741935483871,0.4043114334344864,0.8571428656578064,0.5886872350172467,378818,8223,535,26,11.613241715018821,4.221688780170576,4.27128015406752,0.7828455221480388,0.0001535173005489564,0.0008718052898780172,False,False,0.8317669705844757,0.8415375787418388,0.15423805076564337,3.3270678823379027,0.6169522030625735,0.4085505271132815,0.07575924407884246
F000,F056,red brick corner,stone_wall_street,C000,C021,False,0.05729912439645189,0.09330024813895782,0.9066997518610422,0.27533864974975586,0.31042183622828784,0.06541358100043403,0.07841191066997519,0.4043114334344864,0.4911375728746255,0.44561478442986424,378818,8223,8534,217,185.2474855999451,2.33293135791861,2.3856940270679803,0.15781070349653978,0.010716285384822779,0.048879860984714904,True,True,0.21766307458496215,0.2225858447090721,0.01472377779521066,0.724192835919648,0.04898788835587376,0.18292960523629798,0.012374238785336618
F000,F057,red brick corner,streetlight illumination,C000,C027,False,0.06524021561554613,0.41985111662531016,0.5801488833746898,0.27533864974975586,0.31042183622828784,0.019506157769097223,0.7280397022332507,0.4043114334344864,0.2642857193946838,0.32688490030089956,378818,8223,119269,2550,2588.9714506702426,-0.7659191736037845,-0.9355209497764746,-0.015164363404561215,0.828277759656003,1.0,True,False,0.0,0.0,0.0,0.0,0.0,0.0,0.0
F000,F058,red brick corner,shaded alley,C000,C031,False,0.07743202487299178,0.9866004962779157,0.013399503722084316,0.2803388833999634,0.7880893300248138,0.018384862829137733,0.7627791563275435,0.4043114334344864,0.875,0.594787780855639,378818,8223,169922,2362,3688.4958106531367,-21.841438369296174,-29.736950454629177,-0.4456339025960205,1.0,1.0,True,False,0.0,0.0,0.0,0.0,0.0,0.0,0.0
F000,F059,red brick corner,road_edge,C000,C024,False,0.07218914426797296,0.890818858560794,0.10918114143920599,0.2803388833999634,0.7880893300248138,0.01458740234375,0.8496277915632754,0.4043114334344864,0.7857142686843872,0.5636251078879593,378818,8223,1891,34,41.04792538897307,-1.1000582736624054,-1.114980632479617,-0.1858882655476135,0.8862457352674363,1.0,False,False,0.0,0.0,0.0,0.0,0.0,0.0,0.0
F000,F060,red brick corner,street_corner_shop,C000,C031,False,0.06621007785654597,0.5017369727047146,0.4982630272952854,0.2803388833999634,0.7880893300248138,0.07353874489113137,0.06799007444168735,0.4043114334344864,0.3880471537510554,0.39609582296871265,378818,8223,35651,397,773.8760380974505,-13.547614366768027,-14.390978446250733,-0.6668626588498012,1.0,1.0,True,False,0.0,0.0,0.0,0.0,0.0,0.0,0.0
F000,F061,red brick corner,sunlit street,C000,C014,False,0.06152382921856938,0.2054590570719603,0.7945409429280397,0.2803388833999634,0.7880893300248138,0.015184699164496527,0.8357320099255583,0.4043114334344864,0.8258823394775391,0.5778526391065381,378818,8223,9753,208,211.70831111510012,-0.254863245403155,-0.2610574156136447,-0.01762935059769978,0.6127554128571833,1.0,True,False,0.0,0.0,0.0,0.0,0.0,0.0,0.0
F000,F062,red brick corner,shaded alley,C000,C005,False,0.07066801250611716,0.8158808933002482,0.18411910669975184,0.27533864974975586,0.31042183622828784,0.03816350301106771,0.254590570719603,0.4043114334344864,0.5,0.44961730028685865,378818,8223,6655,124,144.4600441372902,-1.7022866554719807,-1.7363863116264044,-0.15215243086895958,0.96480872728015,1.0,False,False,0.0,0.0,0.0,0.0,0.0,0.0,0.0
F000,F063,red brick corner,blue_wall_graffiti,C000,C013,False,0.06888525460082652,0.6957816377171215,0.30421836228287846,0.2803388833999634,0.7880893300248138,0.008792453342013888,0.937468982630273,0.4043114334344864,0.11488095670938492,0.21551724822272716,378818,8223,39,1,0.8465727605340824,0.16675172139101696,0.16860002516990114,0.10790243951129497,0.5751162219427499,1.0,False,False,0.11602278580159095,0.11730880163186172,0.07507653607684145,0.13141525239153098,0.08503676126249946,0.1563245666042834,0.10115519019197827
F001,F002,shaded_corner,shaded patches,C001,C002,False,0.06753484256659238,0.6029776674937966,0.39702233250620345,0.2774387001991272,0.45186104218362283,0.020656912667410713,0.6913151364764268,0.3675737664103508,0.5684704088738987,0.45711575042062486,378818,77047,15998,2831,3253.7997296854955,-7.412066235631513,-8.48564706684638,-0.1391705091341954,1.0,1.0,True,False,0.0,0.0,0.0,0.0,0.0,0.0,0.0
F001,F003,shaded_corner,building facade,C001,C003,False,0.06527095352074318,0.4253101736972705,0.5746898263027296,0.2803388833999634,0.7880893300248138,0.02707061767578125,0.5116625310173697,0.3675737664103508,0.6305155009031296,0.4814155766560449,378818,77047,814,218,165.5577559672455,4.0757402802966185,4.571403814965537,0.2744503591783163,5.8634380162350155e-06,3.9271398806411266e-05,True,True,1.7334538065579166,1.9442645505833573,0.11672652993340797,3.212047426854109,0.2162913996899088,2.0854035875860117,0.14042596541580352
F001,F004,shaded_corner,highlighted_buildings,C001,C004,False,0.06815354320801809,0.6441687344913152,0.3558312655086848,0.2774387001991272,0.45186104218362283,0.0407220458984375,0.2129032258064516,0.3675737664103508,0.7429166615009308,0.5225673883786672,378818,77047,36706,6283,7465.556499427165,-13.686449713373028,-16.136076150251082,-0.17243979795393816,1.0,1.0,True,False,0.0,0.0,0.0,0.0,0.0,0.0,0.0
F001,F005,shaded_corner,palm_trees_and_buildings,C001,C005,False,0.06507653138852242,0.4094292803970223,0.5905707196029777,0.2803388833999634,0.7880893300248138,0.01930694580078125,0.7334987593052109,0.3675737664103508,0.3401900368432204,0.3536169299365325,378818,77047,1192,143,242.43838465965186,-6.386359614076921,-7.166608962182661,-0.5264728149174375,0.9999999999999907,1.0,False,False,0.0,0.0,0.0,0.0,0.0,0.0,0.0
F001,F006,shaded_corner,small alley entrance,C001,C006,False,0.06240321900618034,0.24416873449131513,0.7558312655086848,0.2721763849258423,0.21861042183622828,0.029814317491319443,0.43970223325062036,0.3675737664103508,0.8267045550876193,0.5512484984307436,378818,77047,5123,1011,1041.9562454793595,-0.9590108944509279,-1.081822923832481,-0.030145325421154907,0.8643399447650684,1.0,True,False,0.0,0.0,0.0,0.0,0.0,0.0,0.0
F001,F007,shaded_corner,roof_and_eaves,C001,C007,False,0.06776394923623884,0.6198511166253102,0.38014888337468977,0.2803388833999634,0.7880893300248138,0.020014537464488637,0.7121588089330024,0.3675737664103508,0.7774307294325395,0.5345681821252224,378818,77047,116971,26809,23790.486822167903,19.570026405987452,26.37296102838704,0.11944949831673475,3.928779222287297e-151,1.980104728032798e-149,True,True,12.130502720138129,16.347309342161495,0.07404090491196115,15.422928998862567,0.09413687510023562,13.93696669607543,0.0850670124488905
F001,F008,shaded_corner,stone_wall_and_retaining_wall,C001,C008,False,0.06645483297663389,0.5156327543424317,0.4843672456575683,0.2803388833999634,0.7880893300248138,0.03956787109375,0.23027295285359803,0.3675737664103508,0.44401784539222716,0.40399172242043496,378818,77047,58622,11137,11923.005860333986,-7.198349107720557,-8.772355776770672,-0.06819394139653404,1.0,1.0,True,False,0.0,0.0,0.0,0.0,0.0,0.0,0.0
F001,F009,shaded_corner,highlighted road,C001,C009,False,0.06281469879868683,0.26253101736972706,0.7374689826302729,0.2774387001991272,0.45186104218362283,0.027997334798177082,0.48535980148883373,0.3675737664103508,1.0,0.6062786211061304,378818,77047,31159,6932,6337.363781552091,7.469594726428187,8.735979042295126,0.08967872980955569,2.7758850344527817e-18,2.97669373907277e-17,True,True,1.96100030286874,2.293465465694353,0.023543448173327524,3.3752188577731337,0.040522324313449355,3.625441013621224,0.0435264504981367
F001,F010,shaded_corner,green_wall,C001,C004,False,0.06712650764280904,0.5692307692307692,0.4307692307692308,0.2774387001991272,0.45186104218362283,0.01641478105024858,0.8099255583126551,0.3675737664103508,0.6875132593241605,0.5027045237381875,378818,77047,122045,20010,24822.47706022417,-30.545420864093185,-41.568343516541525,-0.21551258281411909,1.0,1.0,True,False,0.0,0.0,0.0,0.0,0.0,0.0,0.0
F001,F011,shaded_corner,road_edge,C001,C010,False,0.05861268710229439,0.11662531017369727,0.8833746898263027,0.2591095566749573,0.08610421836228288,0.060552024841308595,0.09280397022332507,0.3675737664103508,0.384821442887187,0.3760987465513665,378818,77047,60886,14235,12383.47608086205,16.638265191805722,20.348490778305546,0.13933545941523393,8.172613690151032e-90,2.4963619999006792e-88,True,True,1.940442838746573,2.373149048586503,0.016250041172496264,1.4326248192448103,0.011997370823098307,1.5440970674281242,0.012930883826624688
F001,F012,shaded_corner,bamboo,C001,C011,False,0.06680946326507758,0.543424317617866,0.456575682382134,0.2803388833999634,0.7880893300248138,0.0205047607421875,0.6982630272952853,0.3675737664103508,0.27633877843618393,0.31870815112736534,378818,77047,27187,5066,5529.507016562043,-6.233229338445906,-7.248711429462669,-0.08753884044493253,0.9999999999998846,1.0,True,False,0.0,0.0,0.0,0.0,0.0,0.0,0.0
F001,F013,shaded_corner,tree-lined_driveway,C001,C012,False,0.062926962463141,0.2689826302729528,0.7310173697270472,0.2774387001991272,0.45186104218362283,0.0561859130859375,0.1086848635235732,0.3675737664103508,0.5153925527225841,0.4352525494285881,378818,77047,210391,26148,42790.98505614833,-80.45537828754871,-135.18873592499625,-0.49254730801982854,1.0,1.0,True,False,0.0,0.0,0.0,0.0,0.0,0.0,0.0
F001,F014,shaded_corner,road_edge,C001,C013,False,0.06191804531810836,0.22233250620347395,0.777667493796526,0.2591095566749573,0.08610421836228288,0.0472426520453559,0.15781637717121588,0.3675737664103508,0.6375317871570587,0.48408672798543256,378818,77047,1332,209,270.9126915827653,-3.7615341525367114,-4.221879826980645,-0.25891677033048455,0.9999942133597498,1.0,True,False,0.0,0.0,0.0,0.0,0.0,0.0,0.0
F001,F015,shaded_corner,tree_shade_street,C001,C014,False,0.06582037694470694,0.4694789081885856,0.5305210918114144,0.2774387001991272,0.45186104218362283,0.024759737650553386,0.5806451612903226,0.3675737664103508,0.8839921777447065,0.5700283626723411,378818,77047,15105,2237,3072.17432909735,-15.067951336268983,-17.229238366364637,-0.3171891281998694,1.0,1.0,True,False,0.0,0.0,0.0,0.0,0.0,0.0,0.0
F001,F016,shaded_corner,construction scaffolding,C001,C015,False,0.06099657438142534,0.18312655086848637,0.8168734491315136,0.2774387001991272,0.45186104218362283,0.02578137715657552,0.5508684863523573,0.3675737664103508,0.3196994091073672,0.34280186102872684,378818,77047,10329,2191,2100.7936872059936,1.9680912451312436,2.235755192442437,0.042033044296372404,0.013399558056215422,0.06070451469961863,True,False,0.36040976151534937,0.40942613697829244,0.007697366424496982,0.8893037611374677,0.018993095201909217,1.0841594452087744,0.02315467948832425
F001,F017,shaded_corner,building facade,C001,C011,False,0.06585035496535305,0.47096774193548385,0.5290322580645161,0.2803388833999634,0.7880893300248138,0.046857357025146484,0.16029776674937965,0.3675737664103508,0.43739699572324753,0.4009684041599365,378818,77047,30807,5456,6265.77123843112,-10.229986955698335,-11.958311906210254,-0.13837392035552862,1.0,1.0,True,False,0.0,0.0,0.0,0.0,0.0,0.0,0.0
F001,F018,shaded_corner,small alley flowerbed,C001,C013,False,0.05308356309556663,0.05508684863523573,0.9449131513647643,0.2591095566749573,0.08610421836228288,0.03189798990885417,0.38213399503722084,0.3675737664103508,0.2877193056046963,0.3252046568394877,378818,77047,22621,3513,4600.837835055357,-16.037833354595467,-18.530701078228372,-0.2697344032686956,1.0,1.0,True,False,0.0,0.0,0.0,0.0,0.0,0.0,0.0
F001,F019,shaded_corner,road_and_building,C001,C016,False,0.07224134219448312,0.8933002481389578,0.10669975186104219,0.27367761731147766,0.2682382133995037,0.008513895670572917,0.9409429280397023,0.3675737664103508,0.45704154421885806,0.4098737388690919,378818,77047,13367,2488,2718.686147437556,-4.424273628844418,-5.046830097050431,-0.08865250571814254,0.9999998383758257,1.0,True,False,0.0,0.0,0.0,0.0,0.0,0.0,0.0
F001,F020,shaded_corner,advertising_wall,C001,C013,False,0.06282977637126692,0.2640198511166253,0.7359801488833747,0.2591095566749573,0.08610421836228288,0.0401871817452567,0.21786600496277916,0.3675737664103508,0.6375811781202044,0.48410547924392705,378818,77047,8894,1436,1808.9320412440802,-8.768364045731495,-9.941538551670813,-0.23080340723043058,1.0,1.0,True,False,0.0,0.0,0.0,0.0,0.0,0.0,0.0
F001,F021,shaded_corner,road_and_building,C001,C017,False,0.06663677520059746,0.5315136476426799,0.46848635235732006,0.2721763849258423,0.21861042183622828,0.018225012885199652,0.7662531017369727,0.3675737664103508,0.7211538553237915,0.5148565225018629,378818,77047,169116,29899,34396.1492114947,-24.248360786498935,-36.51509051770692,-0.14011739514362875,1.0,1.0,True,False,0.0,0.0,0.0,0.0,0.0,0.0,0.0
F001,F022,shaded_corner,tree_canopy_and_road,C001,C005,False,0.06443526950237895,0.3607940446650124,0.6392059553349876,0.2803388833999634,0.7880893300248138,0.00959260728624132,0.9260545905707196,0.3675737664103508,0.5876411199569702,0.4647595719941444,378818,77047,107423,20197,21848.539090011564,-11.173202140105314,-14.789994666243787,-0.07859810862898918,1.0,1.0,True,False,0.0,0.0,0.0,0.0,0.0,0.0,0.0
F001,F023,shaded_corner,street_corner_cafe,C001,C018,False,0.06478047700487727,0.3880893300248139,0.6119106699751862,0.2721763849258423,0.21861042183622828,0.015740108489990235,0.8233250620347394,0.3675737664103508,0.48124999552965164,0.420588722437726,378818,77047,8214,2062,1670.6282647603862,9.5752372927117,10.846404002466143,0.210419833277187,2.3229709113905272e-26,2.838248095371699e-25,True,True,3.7160474257570963,4.209373662495545,0.08166169212047654,2.0932466637416893,0.045999968515434676,7.88353283801921,0.17324392228627952
F001,F024,shaded_corner,road_edge,C001,C018,False,0.06365940230572731,0.30818858560794044,0.6918114143920595,0.2721763849258423,0.21861042183622828,0.0308135986328125,0.41240694789081883,0.3675737664103508,0.4875000019868215,0.42331101078917077,378818,77047,9323,2384,1896.1854531727638,11.202484243805092,12.708706247692469,0.22888159432306449,2.5455511571543783e-35,3.61396558649523e-34,True,True,3.4524777743935293,3.916678203383138,0.07053869482611565,2.448979806151932,0.0500359018855136,4.6199823357826455,0.09439235974315958
F001,F025,shaded_corner,shaded alley,C001,C019,False,0.06622722745287006,0.5037220843672456,0.49627791563275436,0.2803388833999634,0.7880893300248138,0.02402801513671875,0.6,0.3675737664103508,0.7079328984022141,0.5101152436768559,378818,77047,17421,2432,3543.2207207682845,-18.668147665648274,-21.414120322369723,-0.37625769116470725,1.0,1.0,True,False,0.0,0.0,0.0,0.0,0.0,0.0,0.0
F001,F026,shaded_corner,tree_shadows,C001,C016,False,0.06817960823926728,0.6461538461538462,0.3538461538461538,0.27367761731147766,0.2682382133995037,0.0355389404296875,0.2987593052109181,0.3675737664103508,0.7362637281417846,0.5202222905877855,378818,77047,208,57,42.30468457148287,2.2593560781599034,2.5320945832157618,0.2951373986003129,0.00880594356010272,0.04081099360268295,False,False,1.4598916197340914,1.6361226537701845,0.19070416524943296,0.606045637838922,0.07916712850792512,0.6750036521351175,0.08817504414758727
F001,F027,shaded_corner,car_top_heat,C001,C020,False,0.06739755950784117,0.5930521091811415,0.4069478908188585,0.2774387001991272,0.45186104218362283,0.052785491943359374,0.1260545905707196,0.3675737664103508,0.9444444179534912,0.5891969041605669,378818,77047,94699,15763,19260.631366513735,-25.202218665648807,-32.60467828194182,-0.2003920054243473,1.0,1.0,True,False,0.0,0.0,0.0,0.0,0.0,0.0,0.0
F001,F028,shaded_corner,red_car_street,C001,C021,False,0.06141590301716051,0.19801488833746897,0.8019851116625311,0.2803388833999634,0.7880893300248138,0.0502410888671875,0.13895781637717122,0.3675737664103508,0.6187312696129084,0.4768955684082994,378818,77047,158116,17490,32158.882238964357,-81.79872783531813,-120.0700517059208,-0.6090463587525187,1.0,1.0,True,False,0.0,0.0,0.0,0.0,0.0,0.0,0.0
F001,F029,shaded_corner,electric_bike_parking,C001,C022,False,0.06826552836977527,0.6516129032258065,0.34838709677419355,0.2591095566749573,0.08610421836228288,0.035341072082519534,0.3037220843672457,0.3675737664103508,0.39830395206809044,0.3826304794939836,378818,77047,125824,22336,25591.07995924164,-20.347795037731615,-27.896744586118682,-0.13604127782511327,1.0,1.0,True,False,0.0,0.0,0.0,0.0,0.0,0.0,0.0
F001,F030,shaded_corner,stone_wall_and_shadows,C001,C012,False,0.06581627135405625,0.4684863523573201,0.5315136476426798,0.2774387001991272,0.45186104218362283,0.023310394287109376,0.6228287841191067,0.3675737664103508,0.38914142847061156,0.3782038875120757,378818,77047,10570,2439,2149.810172695067,6.237103560636453,7.0876789860412375,0.12618100216977662,1.5842567663609876e-12,1.4132131154795358e-11,True,True,2.9219978963974254,3.3204808748500887,0.059114077443309744,2.8183041151163724,0.05701627914420924,3.884647627096153,0.07858916016033234
F001,F031,shaded_corner,road_edge,C001,C001,True,0.031345671058614716,0.0,1.0,0.09345473349094391,0.002977667493796526,0.2698818206787109,0.0004962779156327543,0.3675737664103508,0.5565476566553116,0.452296714937935,378818,77047,2681,229,545.282977577623,-13.544558353250213,-15.229410851281775,-0.8663183902653379,1.0,1.0,True,False,0.0,0.0,0.0,0.0,0.0,0.0,0.0
F001,F032,shaded_corner,tree-lined walk,C001,C012,False,0.0695194367178877,0.7389578163771712,0.2610421836228288,0.2774387001991272,0.45186104218362283,0.048563385009765626,0.14590570719602977,0.3675737664103508,0.42500001192092896,0.3952453100369691,378818,77047,325,39,66.101069642942,-3.333359761905813,-3.736324135015211,-0.5224199662151302,0.9999731127988488,1.0,False,False,0.0,0.0,0.0,0.0,0.0,0.0,0.0
F001,F033,shaded_corner,zebra_crossing,C001,C023,False,0.06893509612653566,0.7007444168734491,0.2992555831265509,0.2721763849258423,0.21861042183622828,0.0098907470703125,0.9225806451612903,0.3675737664103508,1.0,0.6062786211061304,378818,77047,44394,8556,9029.202725319283,-4.979921939204208,-5.938340543368164,-0.05382821806749121,0.9999999988714598,1.0,True,False,0.0,0.0,0.0,0.0,0.0,0.0,0.0
F001,F034,shaded_corner,red_door_street,C001,C018,False,0.06542034981434793,0.4347394540942928,0.5652605459057072,0.2721763849258423,0.21861042183622828,0.04280497233072917,0.19255583126550868,0.3675737664103508,0.8333333730697632,0.5534541413836334,378818,77047,15775,2971,3208.4442265151074,-4.191933331600531,-4.797628502598421,-0.07687510582025625,0.9999993820119881,1.0,True,False,0.0,0.0,0.0,0.0,0.0,0.0,0.0
F001,F035,shaded_corner,small alley entrance,C001,C010,False,0.06703363421314176,0.5627791563275434,0.4372208436724566,0.2591095566749573,0.08610421836228288,0.02621089390345982,0.5379652605459057,0.3675737664103508,0.3212707968694823,0.3436432988477592,378818,77047,65633,13218,13348.95847346219,-1.133469694697964,-1.3966922358825462,-0.00985845669976567,0.919646327123091,1.0,True,False,0.0,0.0,0.0,0.0,0.0,0.0,0.0
F001,F036,shaded_corner,pedestrian walk,C001,C024,False,0.06428791579623176,0.35086848635235734,0.6491315136476427,0.2721763849258423,0.21861042183622828,0.0273895263671875,0.5007444168734492,0.3675737664103508,0.6076337546110153,0.4725994369235259,378818,77047,191641,36260,38977.461807517066,-13.764380563957785,-21.939246774975523,-0.07226741002104685,1.0,1.0,True,False,0.0,0.0,0.0,0.0,0.0,0.0,0.0
F001,F037,shaded_corner,street_corner_shops,C001,C003,False,0.06633980383180976,0.511166253101737,0.488833746898263,0.2803388833999634,0.7880893300248138,0.0236114501953125,0.6133995037220844,0.3675737664103508,0.6591791060160507,0.49223667756205214,378818,77047,5196,1137,1056.8035626606973,2.466936332350456,2.7831268641474005,0.07311101350874243,0.003030999112627476,0.014963478926467148,True,True,1.261014601648124,1.4226405310530137,0.037371882835734345,1.9441662013759424,0.057618009653539935,1.5132175219777488,0.044846259402881214
F001,F038,shaded_corner,red-yellow hotspot,C001,C000,False,0.06737010196668766,0.5890818858560795,0.41091811414392054,0.2803388833999634,0.7880893300248138,0.04559249877929687,0.16823821339950373,0.3675737664103508,0.5312499850988388,0.4418976781204252,378818,77047,4115,460,836.9412356329425,-13.029452499484034,-14.678235944232714,-0.5980382391336555,1.0,1.0,True,False,0.0,0.0,0.0,0.0,0.0,0.0,0.0
F001,F039,shaded_corner,red car corner,C001,C017,False,0.07212625750863651,0.8878411910669975,0.11215880893300245,0.2721763849258423,0.21861042183622828,0.01996612548828125,0.7146401985111662,0.3675737664103508,0.30280448123812675,0.33362101800490723,378818,77047,1373,161,279.25159575310573,-7.076347932257342,-7.942799916817139,-0.5493969087243351,1.0,1.0,False,False,0.0,0.0,0.0,0.0,0.0,0.0,0.0
F001,F040,shaded_corner,cobblestone,C001,C013,False,0.06147938282849781,0.20297766749379653,0.7970223325062035,0.2591095566749573,0.08610421836228288,0.03129620552062988,0.3965260545905707,0.3675737664103508,0.45202021673321724,0.40761596332608435,378818,77047,77947,12464,15853.477155256614,-26.91971424981852,-33.84321114305707,-0.24053578961232014,1.0,1.0,True,False,0.0,0.0,0.0,0.0,0.0,0.0,0.0
F001,F041,shaded_corner,concrete_wall,C001,C011,False,0.04586607640374677,0.019851116625310174,0.9801488833746899,0.2803388833999634,0.7880893300248138,0.1846539815266927,0.012903225806451613,0.3675737664103508,0.511904776096344,0.43377732374247097,378818,77047,8967,1511,1823.779358425418,-7.3240607251618215,-8.304812284411067,-0.1880825017189024,1.0,1.0,True,False,0.0,0.0,0.0,0.0,0.0,0.0,0.0
F001,F042,shaded_corner,Red-yellow glow street,C001,C025,False,0.06561428739142969,0.4481389578163772,0.5518610421836228,0.27367761731147766,0.2682382133995037,0.05491860707600912,0.11464019851116625,0.3675737664103508,0.9285714626312256,0.584224708396117,378818,77047,66510,12932,13527.329667544836,-5.118603491476245,-6.316132275319328,-0.04500549751745889,0.999999999891359,1.0,True,False,0.0,0.0,0.0,0.0,0.0,0.0,0.0
F001,F043,shaded_corner,tree_shadows,C001,C015,False,0.06820126297090147,0.6486352357320099,0.3513647642679901,0.2774387001991272,0.45186104218362283,0.014657211303710938,0.8476426799007444,0.3675737664103508,0.7320646420121193,0.5187366940175331,378818,77047,16390,3761,3333.527789070213,7.403819927402418,8.480789012976906,0.12063669467022026,3.369529638882317e-17,3.5015318309210055e-16,True,True,4.8023784839280195,5.500938580625715,0.07824921088534882,3.3454977885359316,0.054511022579273226,6.275793764765921,0.10225681116463334
F001,F044,shaded_corner,road_and_buildings,C001,C026,False,0.06977167740573278,0.753349875930521,0.24665012406947895,0.27367761731147766,0.2682382133995037,0.013508945041232638,0.8689826302729529,0.3675737664103508,0.8246913684739007,0.550576890575747,378818,77047,21673,5033,4408.026099604559,9.41325454077932,10.861974974785525,0.13257515136853884,5.8537969099521906e-27,7.422172685826174e-26,True,True,7.091474140398515,8.1828674996151,0.09987547383495879,2.5249945802934106,0.035561721744265626,8.179954690275231,0.11520550374506774
F001,F045,shaded_corner,underpass glow,C001,C027,False,0.0701766353661924,0.7831265508684864,0.21687344913151363,0.2803388833999634,0.7880893300248138,0.035160064697265625,0.3066997518610422,0.3675737664103508,0.7119318172335625,0.5115539653720866,378818,77047,85507,13135,17391.08972910474,-32.273597432521385,-41.09362796811587,-0.28066825181946997,1.0,1.0,True,False,0.0,0.0,0.0,0.0,0.0,0.0,0.0
F001,F046,shaded_corner,window_heat_zone,C001,C021,False,0.062240861580630455,0.2337468982630273,0.7662531017369727,0.2803388833999634,0.7880893300248138,0.03381541859019886,0.3379652605459057,0.3675737664103508,0.739260733127594,0.5212800130783712,378818,77047,39968,7290,8129.007850735709,-9.305661551559488,-11.02388796175245,-0.10892825598834396,1.0,1.0,True,False,0.0,0.0,0.0,0.0,0.0,0.0,0.0
F001,F047,shaded_corner,underpass,C001,C008,False,0.06346104299855354,0.29727047146401986,0.7027295285359801,0.2803388833999634,0.7880893300248138,0.015348307291666667,0.832258064516129,0.3675737664103508,0.3610449731349945,0.3642947441547213,378818,77047,10970,1895,2231.165335332534,-7.116837521685271,-8.091781255412933,-0.16326543793563716,1.0,1.0,True,False,0.0,0.0,0.0,0.0,0.0,0.0,0.0
F001,F048,shaded_corner,shaded path,C001,C028,False,0.07592087271964428,0.971712158808933,0.028287841191066976,0.2774387001991272,0.45186104218362283,0.01541748046875,0.8307692307692308,0.3675737664103508,0.6641156588281903,0.49407640507068284,378818,77047,155,31,31.525125522018488,-0.0935265068480877,-0.10480923739191361,-0.0165332214444969,0.5735577721921532,1.0,False,False,0.0,0.0,0.0,0.0,0.0,0.0,0.0
F001,F049,shaded_corner,red_wall_yellow_wall,C001,C029,False,0.07021230202709454,0.7861042183622828,0.21389578163771716,0.2774387001991272,0.45186104218362283,0.023809120871803976,0.6094292803970224,0.3675737664103508,1.0,0.6062786211061304,378818,77047,349,118,70.98237940119002,5.580657513499375,6.2554923430713405,0.5054619831884275,3.0107229076916765e-09,2.3414055268604846e-08,False,False,4.386978412597027,4.917468918821341,0.3973457972061881,2.521681720119693,0.2283985785077237,3.40101609259416,0.30804333268257517
F001,F050,shaded_corner,greenery_and_water,C001,C030,False,0.06565777015892073,0.4511166253101737,0.5488833746898263,0.2774387001991272,0.45186104218362283,0.0360937754313151,0.28982630272952853,0.3675737664103508,0.688131312529246,0.5029304309059784,378818,77047,1487,597,302.43781710478385,16.93787572856873,19.014678269970748,0.6792267234342599,2.6039843009340234e-68,6.730297885491015e-67,True,True,7.640957338595026,8.577837492507896,0.30641046729615,7.653566179087757,0.30691609512997203,4.909041898503294,0.19685776996804358
F001,F051,shaded_corner,zebra_crossing,C001,C020,False,0.06735443692089937,0.5861042183622829,0.4138957816377171,0.2774387001991272,0.45186104218362283,0.01129547119140625,0.9037220843672457,0.3675737664103508,0.8715151250362396,0.5659912516931321,378818,77047,19455,3428,3956.9117227798047,-8.408238308812344,-9.672296800406912,-0.1434673584723705,1.0,1.0,True,False,0.0,0.0,0.0,0.0,0.0,0.0,0.0
F001,F052,shaded_corner,palm_tree_street,C001,C026,False,0.0673642243473889,0.5875930521091811,0.4124069478908189,0.27367761731147766,0.2682382133995037,0.020462883843315974,0.6992555831265509,0.3675737664103508,0.6043684764040841,0.4713279083308503,378818,77047,90021,19502,18309.182739468557,8.815347468470435,11.311869315212826,0.0631126311166911,1.1979108355478434e-29,1.6099921629763014e-28,True,True,5.179836924401486,6.646775815986097,0.0370845435444974,2.3646130554383475,0.016929219413683146,6.164180934528458,0.044131859674152736
F001,F053,shaded_corner,road_marking,C001,C030,False,0.06240417966540565,0.24466501240694788,0.7553349875930522,0.2774387001991272,0.45186104218362283,0.0240325927734375,0.5990074441687345,0.3675737664103508,0.5154761910438538,0.435287864564188,378818,77047,86968,16242,17688.23946063809,-10.874214678244162,-13.880635065321504,-0.085296984688841,1.0,1.0,True,False,0.0,0.0,0.0,0.0,0.0,0.0,0.0
F001,F054,shaded_corner,highlighted_lane,C001,C023,False,0.07187811425617949,0.8769230769230769,0.12307692307692308,0.2721763849258423,0.21861042183622828,0.021104261610243057,0.6774193548387096,0.3675737664103508,0.8999999761581421,0.5751663941901284,378818,77047,245062,52552,49842.647165657385,12.135705148901181,22.882299334577837,0.052931652066691016,1.542035687998866e-117,5.865554616991913e-116,True,True,10.642079899805651,20.066016339552874,0.04641698719694443,2.6529916218813745,0.011571410786787788,8.220961552481445,0.03585692559356488
F001,F055,shaded_corner,small alley entrance,C001,C014,False,0.06271420935833413,0.25905707196029776,0.7409429280397022,0.2774387001991272,0.45186104218362283,0.0513665771484375,0.1344913151364764,0.3675737664103508,0.8571428656578064,0.5613049362704743,378818,77047,535,75,108.8125300276122,-3.2414416933721193,-3.634302595962943,-0.37007837121894144,0.9999402214904753,1.0,False,False,0.0,0.0,0.0,0.0,0.0,0.0,0.0
F001,F056,shaded_corner,stone_wall_street,C001,C021,False,0.06470922903046047,0.38362282878411913,0.6163771712158809,0.2803388833999634,0.7880893300248138,0.008992894490559896,0.9344913151364764,0.3675737664103508,0.4911375728746255,0.4248873821227976,378818,77047,8534,1486,1735.71239487036,-5.993785784494113,-6.792427736313153,-0.15528159257387855,0.999999999997916,1.0,True,False,0.0,0.0,0.0,0.0,0.0,0.0,0.0
F001,F057,shaded_corner,streetlight illumination,C001,C027,False,0.06258976188635205,0.256575682382134,0.743424317617866,0.2803388833999634,0.7880893300248138,0.010072021484375,0.9215880893300248,0.3675737664103508,0.2642857193946838,0.3116801201334038,378818,77047,119269,24085,24257.87223152015,-1.1099384236733039,-1.5023824045858267,-0.007151804784490217,0.9341121315143355,1.0,True,False,0.0,0.0,0.0,0.0,0.0,0.0,0.0
F001,F058,shaded_corner,shaded alley,C001,C031,False,0.07342863113101329,0.9315136476426799,0.06848635235732015,0.2774387001991272,0.45186104218362283,0.026379776000976563,0.5330024813895782,0.3675737664103508,0.875,0.5671217202762181,378818,77047,169922,36647,34560.0798642092,11.225829988623008,16.9373195500941,0.05863149090867592,1.7993463334072133e-64,4.0305357868321575e-63,True,True,10.457013840518801,15.777344315397826,0.05461603396306933,5.0725152380353595,0.02649328658677391,5.983395239593603,0.03125073014189476
F001,F059,shaded_corner,road_edge,C001,C024,False,0.06748134352198688,0.6,0.4,0.2721763849258423,0.21861042183622828,0.02859344482421875,0.4669975186104218,0.3675737664103508,0.7857142686843872,0.5374085532094502,378818,77047,1891,417,384.60653136862555,1.6517682973187628,1.8552899200860107,0.08076454342528054,0.034828111582493736,0.15002878835535763,True,False,0.9910609783912576,1.1131739520516064,0.04845872605516832,0.3610937642525633,0.017655970907610955,0.7713716961672237,0.03771684137130967
F001,F060,shaded_corner,street_corner_shop,C001,C031,False,0.0697810952726606,0.7543424317617866,0.2456575682382134,0.2774387001991272,0.45186104218362283,0.015108235677083333,0.8372208436724565,0.3675737664103508,0.3880471537510554,0.37767175410545584,378818,77047,35651,5724,7250.982257970846,-17.932282408154386,-21.109312702189353,-0.23645068796321714,1.0,1.0,True,False,0.0,0.0,0.0,0.0,0.0,0.0,0.0
F001,F061,shaded_corner,sunlit street,C001,C014,False,0.05885804184834354,0.11910669975186104,0.8808933002481389,0.2774387001991272,0.45186104218362283,0.04431854248046875,0.17518610421836228,0.3675737664103508,0.8258823394775391,0.550974302607255,378818,77047,9753,2336,1983.6422530080408,7.911378252538297,8.980323904564104,0.1634673767611331,7.298548214728481e-19,7.996670217876423e-18,True,True,0.9422981541484821,1.0696167429753771,0.019470059763112627,3.5748436223008038,0.07386453922630853,1.385963535060059,0.028637212901578155
F001,F062,shaded_corner,shaded alley,C001,C005,False,0.072042794524676,0.8843672456575682,0.11563275434243181,0.2803388833999634,0.7880893300248138,0.021764373779296874,0.6605459057071961,0.3675737664103508,0.5,0.42870372427257425,378818,77047,6655,811,1353.5465183808583,-14.746888202349842,-16.669595961278613,-0.5119684221909702,1.0,1.0,True,False,0.0,0.0,0.0,0.0,0.0,0.0,0.0
F001,F063,shaded_corner,blue_wall_graffiti,C001,C013,False,0.05442864226254553,0.06799007444168735,0.9320099255583126,0.2591095566749573,0.08610421836228288,0.143157958984375,0.02481389578163772,0.3675737664103508,0.11488095670938492,0.205492642073854,378818,77047,39,14,7.932128357153039,2.154475296010487,2.414014390620184,0.5420994351208709,0.01772440941833725,0.07922928910724589,False,False,0.1464829357585294,0.16412901812157085,0.03685738094866468,0.185509411343831,0.046677048135717665,0.0534609254593173,0.013451598886373968
F002,F003,shaded patches,building facade,C002,C003,False,0.06596264207611371,0.47990074441687347,0.5200992555831265,0.2803388833999634,0.7880893300248138,0.029033456529889787,0.45607940446650125,0.5684704088738987,0.6305155009031296,0.5986897398483901,378818,15998,814,117,34.37632847435972,14.092068463637613,14.414877990981358,1.2146300017134242,2.039575874404009e-30,2.7595872233546863e-29,False,False,6.762794146073237,6.9177106785503595,0.5829018420133406,11.105808794171974,0.9572369442783709,6.4271021925970055,0.5539677278286039
F002,F004,shaded patches,highlighted_buildings,C002,C004,False,0.07269738248361196,0.9116625310173697,0.08833746898263029,0.27199676632881165,0.16997518610421836,0.026312255859375,0.533498759305211,0.5684704088738987,0.7429166615009308,0.6498662464866642,378818,15998,36706,1832,1550.144364840108,7.158806919317009,7.697344415735294,0.16701059098313864,3.1216170171326194e-14,2.9684810879902644e-13,True,True,6.526416035129204,7.017380492161656,0.15225729808239488,1.2168195383950748,0.02838765628373448,3.819214609561184,0.08909994308033452
F002,F005,shaded patches,palm_trees_and_buildings,C002,C005,False,0.06439432513030521,0.3593052109181141,0.6406947890818859,0.2803388833999634,0.7880893300248138,0.019269579932803198,0.7344913151364765,0.5684704088738987,0.3401900368432204,0.4397589900605696,378818,15998,1192,63,50.33978322043831,1.7843722952473862,1.826160528857811,0.22236072354324343,0.043279225749212474,0.18253330357826852,False,False,0.6411342639003015,0.6561489939915907,0.07989536667260955,1.4062447666763518,0.17524011364102757,1.3106059538293457,0.16332202026997533
F002,F006,shaded patches,small alley entrance,C002,C006,False,0.06451644552700628,0.36575682382133995,0.63424317617866,0.2774387001991272,0.45186104218362283,0.019071790907118056,0.7409429280397022,0.5684704088738987,0.8267045550876193,0.6855341541080017,378818,15998,5123,474,216.35126630730323,17.51653864518038,18.0208002239999,0.7830499082315729,1.0527749303167453e-55,2.0605769509888917e-54,True,True,6.406793539204933,6.591230652649094,0.2864058473283718,7.915041407660911,0.3538297476153088,12.978755432880549,0.5801952918063218
F002,F007,shaded patches,roof_and_eaves,C002,C007,False,0.06069116561685678,0.16923076923076924,0.8307692307692307,0.2803388833999634,0.7880893300248138,0.07152686181006493,0.06947890818858561,0.5684704088738987,0.7774307294325395,0.6647904667123687,378818,15998,116971,2643,4939.844616676082,-32.67946753019355,-40.16387386699159,-0.6253312925340608,1.0,1.0,True,False,0.0,0.0,0.0,0.0,0.0,0.0,0.0
F002,F008,shaded patches,stone_wall_and_retaining_wall,C002,C008,False,0.06878893508732523,0.6863523573200992,0.31364764267990075,0.2803388833999634,0.7880893300248138,0.010226985386439732,0.9200992555831266,0.5684704088738987,0.44401784539222716,0.5024052210292275,378818,15998,58622,1667,2475.6868892185694,-16.252962893339433,-18.063795869078557,-0.395394333464505,1.0,1.0,True,False,0.0,0.0,0.0,0.0,0.0,0.0,0.0
F002,F009,shaded patches,highlighted road,C002,C009,False,0.053294217781650347,0.05657568238213399,0.943424317617866,0.24984999001026154,0.06873449131513648,0.10221899123418898,0.04665012406947891,0.5684704088738987,1.0,0.7539697665516162,378818,15998,31159,471,1315.8870011456688,-23.291064066618507,-24.842598234494144,-1.0267270403994173,1.0,1.0,True,False,0.0,0.0,0.0,0.0,0.0,0.0,0.0
F002,F010,shaded patches,green_wall,C002,C004,False,0.06836813623779878,0.658560794044665,0.34143920595533495,0.27199676632881165,0.16997518610421836,0.04316775829761059,0.18660049627791564,0.5684704088738987,0.6875132593241605,0.6251647331977647,378818,15998,122045,6147,5154.126546257042,13.829814678654829,17.164300414909288,0.1761508252185369,1.789832862527053e-64,4.0305357868321575e-63,True,True,9.10777373626549,11.303735310463834,0.11600602732754267,2.350725323791205,0.029941269298932448,2.5806502824685933,0.032869831405543365
F002,F011,shaded patches,road_edge,C002,C010,False,0.06189378964393857,0.22084367245657568,0.7791563275434243,0.2774387001991272,0.45186104218362283,0.026894660223098027,0.5181141439205955,0.5684704088738987,0.384821442887187,0.4677174392531487,378818,15998,60886,1336,2571.298692247992,-24.36103395925839,-27.17146283835336,-0.6545512777604598,1.0,1.0,True,False,0.0,0.0,0.0,0.0,0.0,0.0,0.0
F002,F012,shaded patches,bamboo,C002,C011,False,0.06501496677313784,0.40496277915632756,0.5950372208436725,0.2803388833999634,0.7880893300248138,0.025629656655447825,0.5548387096774193,0.5684704088738987,0.27633877843618393,0.3963463363843939,378818,15998,27187,672,1148.1440322265573,-14.052065292173403,-14.903250637105828,-0.5353353117814514,1.0,1.0,True,False,0.0,0.0,0.0,0.0,0.0,0.0,0.0
F002,F013,shaded patches,tree-lined_driveway,C002,C012,False,0.06475554730656373,0.38759305210918116,0.6124069478908188,0.27199676632881165,0.16997518610421836,0.024573288954697646,0.5870967741935483,0.5684704088738987,0.5153925527225841,0.5412812717772246,378818,15998,210391,7741,8885.098432492648,-12.137584568261754,-18.599909727965702,-0.13783634518615454,1.0,1.0,True,False,0.0,0.0,0.0,0.0,0.0,0.0,0.0
F002,F014,shaded patches,road_edge,C002,C013,False,0.06378627373079526,0.315136476426799,0.684863523573201,0.2774387001991272,0.45186104218362283,0.02249872116815476,0.6481389578163772,0.5684704088738987,0.6375317871570587,0.6020115910140605,378818,15998,1332,57,56.25217386713408,0.09970822437911933,0.10206221322055095,0.013090986146655582,0.47826588571723927,1.0,False,False,0.03142169850160832,0.032163526250645086,0.004125447247209079,0.04505426218222737,0.00591530664343916,0.0646247846348039,0.00848477811788198
F002,F015,shaded patches,tree_shade_street,C002,C014,False,0.06874576233268227,0.6833746898263028,0.3166253101736972,0.24984999001026154,0.06873449131513648,0.025480452037992932,0.5602977667493797,0.5684704088738987,0.8839921777447065,0.7088888451117434,378818,15998,15105,324,637.9047194167119,-12.428534939840297,-12.96059529570162,-0.676686902534167,1.0,1.0,True,False,0.0,0.0,0.0,0.0,0.0,0.0,0.0
F002,F016,shaded patches,construction scaffolding,C002,C015,False,0.04384188283031841,0.01588089330024814,0.9841191066997519,0.20566336810588837,0.03449131513647643,0.16367903209867932,0.018858560794044667,0.5684704088738987,0.3196994091073672,0.4263093405169641,378818,15998,10329,163,436.2077356408618,-13.08116158590152,-13.55247049604229,-0.9824511838531964,1.0,1.0,False,False,0.0,0.0,0.0,0.0,0.0,0.0,0.0
F002,F017,shaded patches,building facade,C002,C011,False,0.06724318260805448,0.5791563275434243,0.4208436724565757,0.2803388833999634,0.7880893300248138,0.028972625732421875,0.4575682382133995,0.5684704088738987,0.43739699572324753,0.4986454140960382,378818,15998,30807,971,1301.0215618054053,-9.149557022875152,-9.754118031926469,-0.29244802236841333,1.0,1.0,True,False,0.0,0.0,0.0,0.0,0.0,0.0,0.0
F002,F018,shaded patches,small alley flowerbed,C002,C013,False,0.05485415005386278,0.07096774193548387,0.9290322580645162,0.2774387001991272,0.45186104218362283,0.019525982084728423,0.7260545905707196,0.5684704088738987,0.2877193056046963,0.40442540881850625,378818,15998,22621,595,955.3156344207508,-11.657613816657783,-12.284258865611115,-0.4731636546335773,1.0,1.0,True,False,0.0,0.0,0.0,0.0,0.0,0.0,0.0
F002,F019,shaded patches,road_and_building,C002,C016,False,0.0697731760836387,0.7538461538461538,0.24615384615384617,0.2774387001991272,0.45186104218362283,0.021241324288504466,0.6739454094292804,0.5684704088738987,0.45704154421885806,0.5097201129192885,378818,15998,13367,536,564.5066126741601,-1.1998061896777388,-1.2481907071878253,-0.051770872855269254,0.898677659383196,1.0,True,False,0.0,0.0,0.0,0.0,0.0,0.0,0.0
F002,F020,shaded patches,advertising_wall,C002,C013,False,0.06387243266925874,0.3186104218362283,0.6813895781637718,0.2774387001991272,0.45186104218362283,0.020773439991230866,0.688833746898263,0.5684704088738987,0.6375811781202044,0.6020349101308783,378818,15998,8894,347,375.60573151223014,-1.476002023121669,-1.5262129093019652,-0.0791056396859038,0.9411339139552736,1.0,True,False,0.0,0.0,0.0,0.0,0.0,0.0,0.0
F002,F021,shaded patches,road_and_building,C002,C017,False,0.06671532886367434,0.5359801488833746,0.46401985111662536,0.2774387001991272,0.45186104218362283,0.01992767576187376,0.7161290322580646,0.5684704088738987,0.7211538553237915,0.6402769924000894,378818,15998,169116,8197,7141.998975761448,12.483690400283312,17.14455145538968,0.13776651801445292,9.925635709358071e-66,2.4108532036223942e-64,True,True,6.691010239357804,9.189139241598438,0.07384011883653059,5.640893354569704,0.062251322408019547,8.93993312536418,0.09865860322325339
F002,F022,shaded patches,tree_canopy_and_road,C002,C005,False,0.061226498934984226,0.19255583126550868,0.8074441687344913,0.2803388833999634,0.7880893300248138,0.03483030531141493,0.31464019851116626,0.5684704088738987,0.5876411199569702,0.5779762864798647,378818,15998,107423,3508,4536.61957457143,-15.271742878863503,-18.436229533290895,-0.25710376005113084,1.0,1.0,True,False,0.0,0.0,0.0,0.0,0.0,0.0,0.0
F002,F023,shaded patches,street_corner_cafe,C002,C018,False,0.06256910068476469,0.25508684863523573,0.7449131513647642,0.2774387001991272,0.45186104218362283,0.01843418393816267,0.7602977667493797,0.5684704088738987,0.48124999552965164,0.5230452960588624,378818,15998,8214,278,346.8884055139935,-3.698718168965517,-3.8210314614763146,-0.22102541885102459,0.9999643221647291,1.0,True,False,0.0,0.0,0.0,0.0,0.0,0.0,0.0
F002,F024,shaded patches,road_edge,C002,C018,False,0.06281570576337023,0.26352357320099257,0.7364764267990074,0.2774387001991272,0.45186104218362283,0.029976163591657366,0.43622828784119105,0.5684704088738987,0.4875000019868215,0.5264307413663024,378818,15998,9323,246,393.7229857081765,-7.444794115513908,-7.702519972332266,-0.46955470929791704,1.0,1.0,True,False,0.0,0.0,0.0,0.0,0.0,0.0,0.0
F002,F025,shaded patches,shaded alley,C002,C019,False,0.0675948902415613,0.6069478908188586,0.3930521091811414,0.2803388833999634,0.7880893300248138,0.024201420375279017,0.5945409429280397,0.5684704088738987,0.7079328984022141,0.6343807249672635,378818,15998,17421,673,735.712553257765,-2.312066917957777,-2.418758743365466,-0.08903087637233521,0.9931606829736488,1.0,True,False,0.0,0.0,0.0,0.0,0.0,0.0,0.0
F002,F026,shaded patches,tree_shadows,C002,C016,False,0.06628730363086305,0.5066997518610422,0.4933002481389578,0.2774387001991272,0.45186104218362283,0.03288955688476562,0.3588089330024814,0.5684704088738987,0.7362637281417846,0.6469498764013958,378818,15998,208,9,8.784123246519437,0.07283777451762949,0.07444663147298516,0.02298603512952794,0.5178920192330152,1.0,False,False,0.036906882274193406,0.03772208969425204,0.011647018296401006,0.032912552703871785,0.01038649378929786,0.026134844156945967,0.008247594738783474
F002,F027,shaded patches,car_top_heat,C002,C020,False,0.06800375897772432,0.6347394540942928,0.3652605459057072,0.2637636065483093,0.13746898263027296,0.018499510628836497,0.7588089330024814,0.5684704088738987,0.9444444179534912,0.732726896212151,378818,15998,94699,2498,3999.2677275103083,-23.73930003718949,-28.00929610939443,-0.4705457395093264,1.0,1.0,True,False,0.0,0.0,0.0,0.0,0.0,0.0,0.0
F002,F028,shaded patches,red_car_street,C002,C021,False,0.06390634708432487,0.3230769230769231,0.676923076923077,0.2803388833999634,0.7880893300248138,0.017516499473935083,0.7875930521091812,0.5684704088738987,0.6187312696129084,0.5930686451161589,378818,15998,158116,8283,6677.453996378208,19.647952591682316,26.30259460340994,0.2154539317309743,1.8554489964000038e-150,9.12337847985953e-149,True,True,6.3478000680819795,8.497761333409366,0.06960819332846863,15.48434179433822,0.16979694470907553,15.474590949379571,0.1696900196809212
F002,F029,shaded patches,electric_bike_parking,C002,C022,False,0.06745075171183793,0.5970223325062035,0.4029776674937965,0.2774387001991272,0.45186104218362283,0.03211471012660435,0.3791563275434243,0.5684704088738987,0.39830395206809044,0.4758403203683323,378818,15998,125824,4314,5313.718862356065,-13.714456451123025,-17.14778039817981,-0.20840458951425642,1.0,1.0,True,False,0.0,0.0,0.0,0.0,0.0,0.0,0.0
F002,F030,shaded patches,stone_wall_and_shadows,C002,C012,False,0.06324236116212342,0.2863523573200993,0.7136476426799008,0.27199676632881165,0.16997518610421836,0.03464028494698661,0.3176178660049628,0.5684704088738987,0.38914142847061156,0.4703353983621279,378818,15998,10570,1027,446.385493825531,27.481019840450855,28.48046471511716,0.8325815505113285,3.3710459178473317e-134,1.4158392854958793e-132,True,True,7.869254812873521,8.155448208745709,0.23841168965014223,4.671091461714351,0.14151820399510173,8.728462877364043,0.2644427753485113
F002,F031,shaded patches,road_edge,C002,C001,False,0.06366364985064303,0.3086848635235732,0.6913151364764267,0.2774387001991272,0.45186104218362283,0.03134713854108538,0.39503722084367243,0.5684704088738987,0.5565476566553116,0.562477443046968,378818,15998,2681,96,113.22228088422409,-1.6185447754081814,-1.6597249176915412,-0.16421633525592538,0.958920628453721,1.0,False,False,0.0,0.0,0.0,0.0,0.0,0.0,0.0
F002,F032,shaded patches,tree-lined walk,C002,C012,False,0.06614134827579084,0.49379652605459057,0.5062034739454094,0.27199676632881165,0.16997518610421836,0.02620833260672433,0.5384615384615384,0.5684704088738987,0.42500001192092896,0.49152815844883424,378818,15998,325,14,13.72519257268662,0.0741769962858889,0.07582715142187925,0.019134131882805952,0.5078836103882398,1.0,False,False,0.036628343079136205,0.03744318395273938,0.009448367852799962,0.01260824874834588,0.0032523276277225998,0.03994145953855556,0.010302994090741665
F002,F033,shaded patches,zebra_crossing,C002,C023,False,0.0629976521631843,0.2739454094292804,0.7260545905707196,0.2774387001991272,0.45186104218362283,0.03725215366908482,0.2719602977667494,0.5684704088738987,1.0,0.7539697665516162,378818,15998,44394,2181,1874.81907406723,7.071286776325991,7.690138401958832,0.15123389580105157,2.7617854804414044e-14,2.638748591739275e-13,True,True,1.93714655113248,2.1066781130924443,0.041429831504804206,3.195239012329933,0.06833670577015258,1.9231092572836939,0.041129615334479536
F002,F034,shaded patches,red_door_street,C002,C018,False,0.0678615376218814,0.6248138957816377,0.3751861042183623,0.2774387001991272,0.45186104218362283,0.0235550290062314,0.6158808933002481,0.5684704088738987,0.8333333730697632,0.6882770977718446,378818,15998,15775,535,666.1997317973274,-5.083124190535129,-5.305619624966685,-0.21913887745223537,0.9999999805309715,1.0,True,False,0.0,0.0,0.0,0.0,0.0,0.0,0.0
F002,F035,shaded patches,small alley entrance,C002,C010,False,0.06736389228916982,0.5870967741935483,0.41290322580645167,0.2774387001991272,0.45186104218362283,0.009911206303810587,0.9220843672456576,0.5684704088738987,0.3212707968694823,0.42735575491110195,378818,15998,65633,3347,2771.770966532741,10.92602342639811,12.278521493913804,0.18854697075844068,2.3340565438457555e-33,3.22291643314592e-32,True,True,6.41463310840147,7.208680360942942,0.11069531831624581,4.937044332374928,0.08519703070747406,10.074715397641533,0.17385621422788228
F002,F036,shaded patches,pedestrian walk,C002,C024,False,0.06386803688909613,0.31811414392059556,0.6818858560794044,0.2774387001991272,0.45186104218362283,0.03141885874222736,0.3915632754342432,0.5684704088738987,0.6076337546110153,0.5877259641442651,378818,15998,191641,7456,8093.2603994530355,-7.083618678806818,-10.29706270550745,-0.08200730855279215,1.0,1.0,True,False,0.0,0.0,0.0,0.0,0.0,0.0,0.0
F002,F037,shaded patches,street_corner_shops,C002,C003,False,0.06562462542918143,0.4496277915632754,0.5503722084367246,0.2803388833999634,0.7880893300248138,0.031483191948432424,0.3880893300248139,0.5684704088738987,0.6591791060160507,0.6121468908016076,378818,15998,5196,211,219.43415571593746,-0.5693633405864454,-0.5858112458802239,-0.039103210868895615,0.7304537724002734,1.0,True,False,0.0,0.0,0.0,0.0,0.0,0.0,0.0
F002,F038,shaded patches,red-yellow hotspot,C002,C000,False,0.06985514167156455,0.7612903225806451,0.2387096774193549,0.2803388833999634,0.7880893300248138,0.023572921752929688,0.6153846153846154,0.5684704088738987,0.5312499850988388,0.5495451721591132,378818,15998,4115,217,173.78205365109366,3.278397904408319,3.3682359158921304,0.22152386571859528,0.0006336444556451591,0.0033616505857385283,True,True,2.49581259819472,2.5642054069372344,0.1686439751922209,2.5836704080399056,0.1745805949186746,2.0174756334820425,0.13632237890375096
F002,F039,shaded patches,red car corner,C002,C017,False,0.07107681221563507,0.8372208436724565,0.16277915632754347,0.2774387001991272,0.45186104218362283,0.022867475237165178,0.6367245657568238,0.5684704088738987,0.30280448123812675,0.41489201879318754,378818,15998,1373,39,57.9836596993807,-2.493027842007039,-2.5520237661818226,-0.39244672193514507,0.9971236144223343,1.0,False,False,0.0,0.0,0.0,0.0,0.0,0.0,0.0
F002,F040,shaded patches,cobblestone,C002,C013,False,0.061839317025108156,0.21885856079404467,0.7811414392059554,0.2774387001991272,0.45186104218362283,0.02450493403843471,0.5885856079404467,0.5684704088738987,0.45202021673321724,0.5069123370224878,378818,15998,77947,3506,3291.8079552713966,3.7332415563793497,4.2803605320163225,0.06302956399646369,1.1155571952140111e-05,7.301828914128074e-05,True,True,0.8170518741257039,0.9367935457167237,0.013794559663742177,1.6869064203887831,0.028480604475821434,2.197332251050079,0.037098294243079866
F002,F041,shaded patches,concrete_wall,C002,C011,False,0.06596245912414093,0.4794044665012407,0.5205955334987593,0.2803388833999634,0.7880893300248138,0.04282451811290923,0.19205955334987593,0.5684704088738987,0.511904776096344,0.53944667704231,378818,15998,8967,832,378.68862092086437,23.294612648380575,24.089429712060944,0.7863994600440682,3.68325326272901e-98,1.1786410440732831e-96,True,True,11.167541349049943,11.548580199429713,0.3770034135992903,18.3582356752498,0.6197530235980051,4.473952900706344,0.15103552905064735
F002,F042,shaded patches,Red-yellow glow street,C002,C025,False,0.06819568628418338,0.6481389578163772,0.3518610421836228,0.2774387001991272,0.45186104218362283,0.038284710475376675,0.25260545905707193,0.5684704088738987,0.9285714626312256,0.7265434598360975,378818,15998,66510,2746,2808.807870798114,-1.1850946955841275,-1.333662450824882,-0.022610769881478122,0.9108495587434803,1.0,True,False,0.0,0.0,0.0,0.0,0.0,0.0,0.0
F002,F043,shaded patches,tree_shadows,C002,C015,False,0.06729621721440986,0.5836228287841191,0.4163771712158809,0.20566336810588837,0.03449131513647643,0.01888486317225865,0.7468982630272953,0.5684704088738987,0.7320646420121193,0.6451023844063465,378818,15998,16390,403,692.1720192810268,-10.991304714593847,-11.482139025326113,-0.5403801227984016,1.0,1.0,True,False,0.0,0.0,0.0,0.0,0.0,0.0,0.0
F002,F044,shaded patches,road_and_buildings,C002,C026,False,0.06896264986667802,0.7032258064516129,0.2967741935483871,0.2774387001991272,0.45186104218362283,0.03659893217540923,0.284863523573201,0.5684704088738987,0.8246913684739007,0.6846989407258736,378818,15998,21673,690,915.280303470268,-7.446396615217168,-7.8362503297829305,-0.2823605196846919,1.0,1.0,True,False,0.0,0.0,0.0,0.0,0.0,0.0,0.0
F002,F045,shaded patches,underpass glow,C002,C027,False,0.06711162788161242,0.5682382133995038,0.43176178660049624,0.2803388833999634,0.7880893300248138,0.05767754146030971,0.1032258064516129,0.5684704088738987,0.7119318172335625,0.6361699232383601,378818,15998,85507,3787,3611.0770501929687,2.927548650078604,3.3995729877327165,0.047561637875370405,0.00037127926920271456,0.0020229702884126287,True,True,1.663545014560795,1.931767280870452,0.027026340132654647,2.3071698542554953,0.03748281932808347,0.30219857033069464,0.004909588425844687
F002,F046,shaded patches,window_heat_zone,C002,C021,False,0.06389983984475536,0.3220843672456576,0.6779156327543424,0.2803388833999634,0.7880893300248138,0.01910667914848823,0.7404466501240695,0.5684704088738987,0.739260733127594,0.6482652630100285,378818,15998,39968,1181,1687.9030669081194,-12.338181871474804,-13.330052099931304,-0.3569983337379874,1.0,1.0,True,False,0.0,0.0,0.0,0.0,0.0,0.0,0.0
F002,F047,shaded patches,underpass,C002,C008,False,0.06555385190397499,0.4436724565756824,0.5563275434243176,0.2803388833999634,0.7880893300248138,0.017042886643182664,0.8,0.5684704088738987,0.3610449731349945,0.4530379492933413,378818,15998,10970,472,463.2780385303761,0.40522227198182253,0.4201878900878289,0.01863167439695195,0.3438693234467567,1.0,True,False,0.17978596086935453,0.18642579341861987,0.008266360749813918,0.31935134883728744,0.014683423792734341,0.32417781758545805,0.014905339517561561
F002,F048,shaded patches,shaded path,C002,C028,False,0.07450977514293608,0.9543424317617866,0.04565756823821343,0.27199676632881165,0.16997518610421836,0.0268673020966199,0.5191066997518611,0.5684704088738987,0.6641156588281903,0.6144347810090343,378818,15998,155,8,6.545861073127465,0.5683586953156567,0.5808720730437519,0.18762580089799863,0.33246748405440263,1.0,False,False,0.5424088194005002,0.5543508667310842,0.1790592630902488,0.09660687501022949,0.031891730425590334,0.2950388066005841,0.09739781029245984
F002,F049,shaded patches,red_wall_yellow_wall,C002,C029,False,0.07053352023816603,0.8059553349875931,0.19404466501240691,0.2637636065483093,0.13746898263027296,0.019479825899198458,0.7285359801488833,0.5684704088738987,1.0,0.7539697665516162,378818,15998,349,31,14.738745254977324,4.235686386686115,4.330051532093046,0.7261463313131505,9.790234800401193e-05,0.0005788009782289972,False,False,3.413774040683996,3.4898281330615917,0.585241509703502,0.5822754983186372,0.09982259740632393,3.0858499333276512,0.529023729214742
F002,F050,shaded patches,greenery_and_water,C002,C030,False,0.06885421523900359,0.6928039702233251,0.30719602977667493,0.2637636065483093,0.13746898263027296,0.028949828374953496,0.45806451612903226,0.5684704088738987,0.688131312529246,0.6254456719751389,378818,15998,1487,64,62.79803494026155,0.1516766807647096,0.15528946617383216,0.01881093873122255,0.45616966863904795,1.0,False,False,0.10508220662408665,0.10758515869909166,0.0130322930366187,0.020850838993461324,0.0025859206097015616,0.0694777053825444,0.00861662354785033
F002,F051,shaded patches,zebra_crossing,C002,C020,False,0.06578233271314717,0.4645161290322581,0.5354838709677419,0.2637636065483093,0.13746898263027296,0.028312955583844866,0.4759305210918114,0.5684704088738987,0.8715151250362396,0.7038682827554726,378818,15998,19455,809,821.6111430819021,-0.43996820507207235,-0.4615715548095837,-0.015458823360290638,0.6829649672776859,1.0,True,False,0.0,0.0,0.0,0.0,0.0,0.0,0.0
F002,F052,shaded patches,palm_tree_street,C002,C026,False,0.06886178747943848,0.6933002481389579,0.30669975186104215,0.2774387001991272,0.45186104218362283,0.01821499779110863,0.7667493796526055,0.5684704088738987,0.6043684764040841,0.5861446876769633,378818,15998,90021,3445,3801.7094171871454,-5.785289758444427,-6.770382433137466,-0.09851329153041861,0.9999999999963533,1.0,True,False,0.0,0.0,0.0,0.0,0.0,0.0,0.0
F002,F053,shaded patches,road_marking,C002,C030,False,0.06278502024200851,0.26054590570719605,0.739454094292804,0.2637636065483093,0.13746898263027296,0.03309326171875,0.3543424317617866,0.5684704088738987,0.5154761910438538,0.5413251897773274,378818,15998,86968,3007,3672.7770697274154,-10.985796482085235,-12.788986370457835,-0.19997502930153796,1.0,1.0,True,False,0.0,0.0,0.0,0.0,0.0,0.0,0.0
F002,F054,shaded patches,highlighted_lane,C002,C023,False,0.07178165110861895,0.8749379652605459,0.1250620347394541,0.2774387001991272,0.45186104218362283,0.022722516741071428,0.6431761786600496,0.5684704088738987,0.8999999761581421,0.7152785152883583,378818,15998,245062,9996,10349.301976146857,-3.4728860761227662,-5.971979728293114,-0.03473235505916052,0.9999999987026069,1.0,True,False,0.0,0.0,0.0,0.0,0.0,0.0,0.0
F002,F055,shaded patches,small alley entrance,C002,C014,False,0.06529049031223923,0.4272952853598015,0.5727047146401985,0.24984999001026154,0.06873449131513648,0.03505074637276786,0.3086848635235732,0.5684704088738987,0.8571428656578064,0.6980403679615086,378818,15998,535,44,22.59377854273028,4.503452436566513,4.604914723905481,0.6559259350740514,2.6965086646539546e-05,0.00017148774346821365,False,False,1.9243039939869815,1.9676583510087442,0.2802740596023614,0.3095425123893112,0.045084735487720164,1.3901476007664373,0.2024744077499057
F002,F056,shaded patches,stone_wall_street,C002,C021,False,0.062272588621522094,0.23622828784119107,0.7637717121588089,0.2803388833999634,0.7880893300248138,0.040943327404203866,0.20843672456575682,0.5684704088738987,0.4911375728746255,0.5283911211076248,378818,15998,8534,247,360.40244127786957,-5.973495514227076,-6.173699585841217,-0.3771970940334939,0.9999999999707071,1.0,True,False,0.0,0.0,0.0,0.0,0.0,0.0,0.0
F002,F057,shaded patches,streetlight illumination,C002,C027,False,0.05088793724877086,0.04119106699751861,0.9588089330024814,0.2803388833999634,0.7880893300248138,0.13987394060407365,0.02630272952853598,0.5684704088738987,0.2642857193946838,0.38760625764276346,378818,15998,119269,2139,5036.892286005417,-40.83202391104363,-50.40523585054338,-0.856316387738773,1.0,1.0,True,False,0.0,0.0,0.0,0.0,0.0,0.0,0.0
F002,F058,shaded patches,shaded alley,C002,C031,False,0.07107191323195197,0.8367245657568239,0.16327543424317614,0.27199676632881165,0.16997518610421836,0.05147570655459449,0.13399503722084366,0.5684704088738987,0.875,0.7052741366055197,378818,15998,169922,2874,7176.037453341711,-50.784576908915874,-69.87972717814868,-0.9149382718213535,1.0,1.0,True,False,0.0,0.0,0.0,0.0,0.0,0.0,0.0
F002,F059,shaded patches,road_edge,C002,C024,False,0.06416193643185768,0.34292803970223323,0.6570719602977668,0.2774387001991272,0.45186104218362283,0.032376153128487725,0.37022332506203476,0.5684704088738987,0.7857142686843872,0.6683227600322093,378818,15998,1891,148,79.85950509215508,7.62503736720242,7.810840626808868,0.6140745769491927,1.4235414586225332e-12,1.2754931469257898e-11,False,False,2.6148391169910035,2.678556264578128,0.2105833909041648,3.445457331433153,0.2774763783187295,2.822966687807943,0.22734473171419242
F002,F060,shaded patches,street_corner_shop,C002,C031,False,0.06919162130385628,0.7205955334987593,0.27940446650124073,0.27199676632881165,0.16997518610421836,0.02252242678687686,0.6461538461538462,0.5684704088738987,0.3880471537510554,0.4696736357889541,378818,15998,35651,2033,1505.590278181079,13.592355666660664,14.592388889057736,0.3002413731127432,1.6461632616115871e-44,2.6902205660926684e-43,True,True,9.794590783122224,10.515210256531926,0.2163525924365772,2.3103631840353733,0.051033583271024585,8.782752892303813,0.19400211801131098
F002,F061,shaded patches,sunlit street,C002,C014,False,0.062316921490251545,0.2401985111662531,0.7598014888337469,0.24984999001026154,0.06873449131513648,0.01602870396205357,0.8178660049627792,0.5684704088738987,0.8258823394775391,0.6851931634251239,378818,15998,9753,222,411.88247126588493,-9.356172501818838,-9.685704474925064,-0.6170241454282459,1.0,1.0,True,False,0.0,0.0,0.0,0.0,0.0,0.0,0.0
F002,F062,shaded patches,shaded alley,C002,C005,False,0.06910604134690447,0.7141439205955334,0.28585607940446656,0.2803388833999634,0.7880893300248138,0.03584834507533482,0.29379652605459056,0.5684704088738987,0.5,0.5331371347382861,378818,15998,6655,857,281.0497125268599,34.35527479716765,35.41695778944395,1.1137121483776025,9.940469973026248e-184,6.910340505386523e-182,True,True,24.534610636786226,25.29280509132002,0.7953507600572555,27.07502549771823,0.8777046608554008,10.093460387058684,0.3272047602181343
F002,F063,shaded patches,blue_wall_graffiti,C002,C013,False,0.07238037468282112,0.9042183622828784,0.09578163771712156,0.2774387001991272,0.45186104218362283,0.015160424368722098,0.8362282878411911,0.5684704088738987,0.11488095670938492,0.25555121684783405,378818,15998,39,2,1.6470231087223943,0.2750403598642593,0.28105279275910067,0.15220844977395595,0.49456237183231055,1.0,False,False,0.24869654375815406,0.25413309598366324,0.1376296751802222,0.12428002365082287,0.06877706874401335,0.2299965292165146,0.12728101134943712
F003,F004,building facade,highlighted_buildings,C003,C004,False,0.07128626038811482,0.850620347394541,0.14937965260545905,0.2803388833999634,0.7880893300248138,0.02266063690185547,0.6436724565756824,0.6305155009031296,0.7429166615009308,0.6844125005839243,378818,814,36706,94,78.87345374295836,1.7032341283426347,1.7942048759133797,0.17443585788026109,0.04401065126197275,0.1852306324512256,False,False,1.44880560594505,1.5261871748464184,0.14837869002817247,1.3423006430809448,0.1374710383691586,1.0963248955138447,0.11227955715667426
F003,F005,building facade,palm_trees_and_buildings,C003,C005,False,0.06385693204281145,0.3176178660049628,0.6823821339950372,0.27533864974975586,0.31042183622828784,0.035519917805989586,0.2992555831265509,0.6305155009031296,0.3401900368432204,0.4631361478900748,378818,814,1192,1,2.561356640919914,-0.9755894339251213,-0.9781781999845481,-0.7133930563128663,0.9233232003271031,1.0,False,False,0.0,0.0,0.0,0.0,0.0,0.0,0.0
F003,F006,building facade,small alley entrance,C003,C006,False,0.06469349166817019,0.3816377171215881,0.6183622828784119,0.2803388833999634,0.7880893300248138,0.041169696384006076,0.20397022332506204,0.6305155009031296,0.8267045550876193,0.721976479291375,378818,814,5123,23,11.00824670422208,3.6142950946769408,3.642896232988016,0.7139365380626765,0.0009507063699819369,0.004939752685266971,False,False,1.3793513289362618,1.3902666020683794,0.2724651105559297,2.8483873996759215,0.5626457679620498,0.7372085776239319,0.1456217951085658
F003,F007,building facade,roof_and_eaves,C003,C007,False,0.06958455016980078,0.743424317617866,0.256575682382134,0.27533864974975586,0.31042183622828784,0.017168045043945312,0.796029776674938,0.6305155009031296,0.7774307294325395,0.7001300777610137,378818,814,116971,112,251.3460131250363,-8.789386191342606,-10.583189722399196,-0.8058646200666573,1.0,1.0,False,False,0.0,0.0,0.0,0.0,0.0,0.0,0.0
F003,F008,building facade,stone_wall_and_retaining_wall,C003,C008,False,0.0641609212661124,0.3424317617866005,0.6575682382133995,0.27533864974975586,0.31042183622828784,0.03795337677001953,0.26004962779156326,0.6305155009031296,0.44401784539222716,0.5291125912293229,378818,814,58622,65,125.96631627852953,-5.432037259317101,-5.914753159549495,-0.6579258555909981,0.9999999999502425,1.0,False,False,0.0,0.0,0.0,0.0,0.0,0.0,0.0
F003,F009,building facade,highlighted road,C003,C009,False,0.0649806441176147,0.40148883374689825,0.5985111662531017,0.2803388833999634,0.7880893300248138,0.018063863118489582,0.773697270471464,0.6305155009031296,1.0,0.7940500619628019,378818,814,31159,71,66.95412044834195,0.4944521786178695,0.516689210061712,0.05824977998185042,0.3203077678635363,1.0,False,False,0.19851702853690145,0.20744494835728286,0.023386636230926548,0.3896724861762664,0.045906030079989314,0.3825563009753144,0.045067695777521
F003,F010,building facade,green_wall,C003,C004,False,0.06969436582373865,0.7478908188585608,0.2521091811414392,0.2803388833999634,0.7880893300248138,0.016595667058771305,0.8069478908188585,0.6305155009031296,0.6875132593241605,0.6583978790065445,378818,814,122045,279,262.24896916197224,1.0343907858222028,1.2577426890012808,0.061803206111356396,0.11158178180931363,0.42765945271402334,True,False,0.7736113718283174,0.940654209590536,0.04622205042670674,0.8151923413824606,0.04870644729768434,0.8346994629016882,0.04987196681740223
F003,F011,building facade,road_edge,C003,C010,False,0.059892340150319134,0.13945409429280398,0.860545905707196,0.2803388833999634,0.7880893300248138,0.035445054372151695,0.3007444168734491,0.6305155009031296,0.384821442887187,0.4925808408985065,378818,814,60886,113,130.83117486497474,-1.558921828926929,-1.7034879003477759,-0.14591934853504668,0.9620804750636684,1.0,False,False,0.0,0.0,0.0,0.0,0.0,0.0,0.0
F003,F012,building facade,bamboo,C003,C011,False,0.06662572664833341,0.5300248138957816,0.4699751861042184,0.27533864974975586,0.31042183622828784,0.018548011779785156,0.7563275434243176,0.6305155009031296,0.27633877843618393,0.41741572000183397,378818,814,27187,58,58.419130030779954,-0.05483669053144247,-0.05697830093418173,-0.007139071985899623,0.5421413274089306,1.0,False,False,0.0,0.0,0.0,0.0,0.0,0.0,0.0
F003,F013,building facade,tree-lined_driveway,C003,C012,False,0.06763798022133288,0.609925558312655,0.39007444168734495,0.2803388833999634,0.7880893300248138,0.025506106289950283,0.5593052109181141,0.6305155009031296,0.5153925527225841,0.5700552548144984,378818,814,210391,414,452.0858934897497,-1.7912395534398948,-2.6892405420543315,-0.08790459041796989,0.9967165055355129,1.0,True,False,0.0,0.0,0.0,0.0,0.0,0.0,0.0
F003,F014,building facade,road_edge,C003,C013,False,0.06912915806044624,0.715136476426799,0.284863523573201,0.2803388833999634,0.7880893300248138,0.011090596516927084,0.9081885856079405,0.6305155009031296,0.6375317871570587,0.634013938428013,378818,814,1332,6,2.8621871188803065,1.8547186118402839,1.8599849975270348,0.6592104864501881,0.0701116409953388,0.2832566497927916,False,False,1.3263769328346646,1.3301431173381921,0.47142546450358364,1.461683948189762,0.5195167506118603,1.6844342727879502,0.5986874393071188
F003,F015,building facade,tree_shade_street,C003,C014,False,0.06910236716504689,0.7136476426799008,0.2863523573200992,0.2803388833999634,0.7880893300248138,0.01925937334696452,0.7349875930521091,0.6305155009031296,0.8839921777447065,0.7465726828281034,378818,814,15105,30,32.457459782798075,-0.43134935737014396,-0.4406883596325316,-0.07749094876122303,0.695111296944241,1.0,False,False,0.0,0.0,0.0,0.0,0.0,0.0,0.0
F003,F016,building facade,construction scaffolding,C003,C015,False,0.061438920614446654,0.1990074441687345,0.8009925558312655,0.2803388833999634,0.7880893300248138,0.0344689687093099,0.3250620347394541,0.6305155009031296,0.3196994091073672,0.44897152813042185,378818,814,10329,20,22.19484290609211,-0.46588357962731436,-0.4728756764924906,-0.1017128277789775,0.7115199388944538,1.0,False,False,0.0,0.0,0.0,0.0,0.0,0.0,0.0
F003,F017,building facade,building facade,C003,C011,False,0.06739491374883293,0.5920595533498759,0.4079404466501241,0.27533864974975586,0.31042183622828784,0.031026124954223633,0.40496277915632756,0.6305155009031296,0.43739699572324753,0.5251529166366378,378818,814,30807,43,66.19774667518439,-2.851177126279903,-2.9778961507757877,-0.4274102312755382,0.9993581984754571,1.0,False,False,0.0,0.0,0.0,0.0,0.0,0.0,0.0
F003,F018,building facade,small alley flowerbed,C003,C013,False,0.054225667224172956,0.06650124069478908,0.9334987593052109,0.2803388833999634,0.7880893300248138,0.04316584269205729,0.1870967741935484,0.6305155009031296,0.2877193056046963,0.4259242680252508,378818,814,22621,29,48.607758871014575,-2.8123874974178507,-2.9034333818969005,-0.5096267807834934,0.9992879771175759,1.0,False,False,0.0,0.0,0.0,0.0,0.0,0.0,0.0
F003,F019,building facade,road_and_building,C003,C016,False,0.07544558945685968,0.9662531017369727,0.03374689826302735,0.2803388833999634,0.7880893300248138,0.004796346028645833,0.9729528535980149,0.6305155009031296,0.45704154421885806,0.5368163356183315,378818,814,13367,37,28.722864277832628,1.5444227965985073,1.5741041431525076,0.2493895068914228,0.07361828719212812,0.2962364610365874,False,False,1.4923033176065974,1.5209830107781301,0.2409733845744914,1.217143127046367,0.1965412094012801,1.5026505671123442,0.24264423238741162
F003,F020,building facade,advertising_wall,C003,C013,False,0.058511976097383504,0.11364764267990074,0.8863523573200993,0.2803388833999634,0.7880893300248138,0.040337562561035156,0.2163771712158809,0.6305155009031296,0.6375811781202044,0.6340384971662747,378818,814,8894,52,19.111330506998083,7.523169433802665,7.6212537999700825,0.9847056832973423,1.9516349364511557e-10,1.619134169500218e-09,False,False,0.8549904716331564,0.8661375286318357,0.11190947964024386,5.928929558748701,0.7760360422214291,1.627842120664001,0.21306783023208004
F003,F021,building facade,road_and_building,C003,C017,False,0.0617378806769558,0.21339950372208435,0.7866004962779156,0.2803388833999634,0.7880893300248138,0.06054899427625868,0.09330024813895782,0.6305155009031296,0.7211538553237915,0.67431349112835,378818,814,169116,216,363.3946222196411,-7.732009702211386,-10.403343537691734,-0.5192737788845662,1.0,1.0,True,False,0.0,0.0,0.0,0.0,0.0,0.0,0.0
F003,F022,building facade,tree_canopy_and_road,C003,C005,False,0.05066357979541609,0.03970223325062035,0.9602977667493796,0.27533864974975586,0.31042183622828784,0.12319925096299914,0.030272952853598014,0.6305155009031296,0.5876411199569702,0.6087009406111881,378818,814,107423,154,230.82937452813752,-5.056869663420832,-5.980846757165371,-0.4036484623637057,0.9999999998120637,1.0,False,False,0.0,0.0,0.0,0.0,0.0,0.0,0.0
F003,F023,building facade,street_corner_cafe,C003,C018,False,0.06538634907477944,0.43424317617866004,0.56575682382134,0.2803388833999634,0.7880893300248138,0.03304564952850342,0.3553349875930521,0.6305155009031296,0.48124999552965164,0.550849872461642,378818,814,8214,29,17.65015389976189,2.701566886309741,2.73427699850752,0.4857112233451397,0.007377532714690396,0.03434897448687261,False,False,1.173136985370235,1.1873411283841588,0.21091678433101602,2.129076037449066,0.38278383259160387,0.9599612360286721,0.17259019152115138
F003,F024,building facade,road_edge,C003,C018,False,0.06505136610178708,0.4084367245657568,0.5915632754342433,0.2803388833999634,0.7880893300248138,0.024429957071940105,0.5890818858560795,0.6305155009031296,0.4875000019868215,0.5544152847306768,378818,814,9323,15,20.033161043033857,-1.124517155459558,-1.1398393302639795,-0.2812011671496226,0.8995248911647242,1.0,False,False,0.0,0.0,0.0,0.0,0.0,0.0,0.0
F003,F025,building facade,shaded alley,C003,C019,False,0.07148510853672677,0.8640198511166253,0.13598014888337473,0.19689877331256866,0.03052109181141439,0.0254486083984375,0.5607940446650124,0.6305155009031296,0.7079328984022141,0.6681037838853155,378818,814,17421,33,37.43405540391428,-0.7247157102374604,-0.7427749354595157,-0.12430382926450524,0.7935556898046046,1.0,False,False,0.0,0.0,0.0,0.0,0.0,0.0,0.0
F003,F026,building facade,tree_shadows,C003,C016,False,0.07124294636375336,0.8476426799007444,0.15235732009925562,0.2803388833999634,0.7880893300248138,0.03453826904296875,0.3210918114143921,0.6305155009031296,0.7362637281417846,0.6813410991171184,378818,814,208,2,0.44694813868401184,2.3230437658959877,2.3261793042414203,0.9708016829670474,0.07435122734745521,0.29858978950691173,False,False,1.9691110432507926,1.9717688593768465,0.8228929402023408,1.8307660050832895,0.7650784479164621,0.7459103307864536,0.3117164709080296
F003,F027,building facade,car_top_heat,C003,C020,False,0.07042727758258949,0.7970223325062035,0.20297766749379653,0.2803388833999634,0.7880893300248138,0.03765857219696045,0.2645161290322581,0.6305155009031296,0.9444444179534912,0.7716779414115128,378818,814,94699,114,203.4881816597944,-6.27330045281819,-7.251498896894291,-0.5774872361315152,0.9999999999999956,1.0,False,False,0.0,0.0,0.0,0.0,0.0,0.0,0.0
F003,F028,building facade,red_car_street,C003,C021,False,0.0631173546066534,0.27890818858560795,0.721091811414392,0.27533864974975586,0.31042183622828784,0.027800559997558594,0.49230769230769234,0.6305155009031296,0.6187312696129084,0.6245955942723358,378818,814,158116,318,339.75794180846736,-1.180410332460116,-1.548145247241573,-0.06608150734458453,0.9437376680140118,1.0,True,False,0.0,0.0,0.0,0.0,0.0,0.0,0.0
F003,F029,building facade,electric_bike_parking,C003,C022,False,0.06728917611668009,0.5821339950372209,0.41786600496277915,0.2803388833999634,0.7880893300248138,0.019448280334472656,0.7300248138957817,0.6305155009031296,0.39830395206809044,0.5011355264296358,378818,814,125824,119,270.36924327777456,-9.20574619406619,-11.276795951369271,-0.8183198359389563,1.0,1.0,False,False,0.0,0.0,0.0,0.0,0.0,0.0,0.0
F003,F030,building facade,stone_wall_and_shadows,C003,C012,False,0.06811492027896633,0.6426799007444168,0.35732009925558317,0.2803388833999634,0.7880893300248138,0.01708641052246094,0.7990074441687345,0.6305155009031296,0.38914142847061156,0.495337968153368,378818,814,10570,49,22.71270108600964,5.515838868772709,5.600453663268592,0.7572730801004015,7.283231986291524e-07,5.151928310303057e-06,False,False,3.544918776705041,3.5992990044331643,0.48668418795534485,4.346973758615912,0.5967988343421526,4.407196316984646,0.6050668282688072
F003,F031,building facade,road_edge,C003,C001,False,0.07148728502547733,0.864516129032258,0.13548387096774195,0.2803388833999634,0.7880893300248138,0.002810955047607422,0.9806451612903225,0.6305155009031296,0.5565476566553116,0.5923781938191908,378818,814,2681,4,5.7609036529415185,-0.7336523084247354,-0.7370536412296317,-0.3302471314228034,0.8274312757494136,1.0,False,False,0.0,0.0,0.0,0.0,0.0,0.0,0.0
F003,F032,building facade,tree-lined walk,C003,C012,False,0.07005059651648957,0.7761786600496278,0.22382133995037223,0.2803388833999634,0.7880893300248138,0.023153305053710938,0.6297766749379653,0.6305155009031296,0.42500001192092896,0.5176573146398692,378818,814,325,1,0.6983564666937685,0.3609569761443051,0.3615000399923589,0.22451410117727144,0.5031202914570765,1.0,False,False,0.2801671020792522,0.28058861664915596,0.1742630542140211,0.2844663414973481,0.1769371675779191,0.22732228423182294,0.14139374411610792
F003,F033,building facade,zebra_crossing,C003,C023,False,0.06784272664708976,0.6233250620347395,0.3766749379652605,0.2803388833999634,0.7880893300248138,0.01776123046875,0.7821339950372208,0.6305155009031296,1.0,0.7940500619628019,378818,814,44394,136,95.3933445612405,4.157556716566936,4.429669248243971,0.35308803492241203,1.5741776577166102e-05,0.00010139112325740212,False,False,2.591509298267033,2.761123858955051,0.22008862127173673,3.2765260872994015,0.2782649128817818,3.251766444322328,0.27616215535370786
F003,F034,building facade,red_door_street,C003,C018,False,0.07145333128290153,0.8600496277915632,0.13995037220843676,0.2803388833999634,0.7880893300248138,0.0058441162109375,0.9672456575682382,0.6305155009031296,0.8333333730697632,0.7248652351578024,378818,814,15775,47,33.89714849875138,2.2505270438279577,2.301373130814293,0.3227560425751718,0.016796256549309278,0.07541481782496104,False,False,1.935564946379082,1.9792951045663374,0.27758621428425445,1.7736163501731,0.25436059335452743,2.1768125103824763,0.31218438063474435
F003,F035,building facade,small alley entrance,C003,C010,False,0.06522804911376587,0.41836228287841193,0.5816377171215881,0.2803388833999634,0.7880893300248138,0.03096076420375279,0.4074441687344913,0.6305155009031296,0.3212707968694823,0.450073568890364,378818,814,65633,194,141.03147685696032,4.460256525777214,4.910675045780676,0.31791001942788855,1.5075952110591787e-06,1.044437094671926e-05,True,True,1.8660031023474897,2.0544412226268536,0.13300156147777173,3.5150805771385683,0.2505414942191002,1.8173055124878872,0.12953058359816202
F003,F036,building facade,pedestrian walk,C003,C024,False,0.06435811861505399,0.3553349875930521,0.644665012406948,0.2803388833999634,0.7880893300248138,0.0336613655090332,0.341439205955335,0.6305155009031296,0.6076337546110153,0.6189689016050917,378818,814,191641,468,411.79609733433995,2.7696529906236633,3.944400039789123,0.1277943276074628,4.482359897168025e-05,0.0002755011448991079,True,True,0.9841546110603191,1.4015833392005022,0.045409795814860224,2.182733969781825,0.10071334602513692,0.9456681178903625,0.04363399374388804
F003,F037,building facade,street_corner_shops,C003,C003,True,0.04347896165245755,0.015384615384615385,0.9846153846153847,0.13233011960983276,0.014392059553349877,0.19105928594415839,0.01141439205955335,0.6305155009031296,0.6591791060160507,0.6446880208399931,378818,814,5196,8,11.165108310587142,-0.9472336244381148,-0.9548226693422422,-0.31653602702507,0.8691682204058245,1.0,False,False,0.0,0.0,0.0,0.0,0.0,0.0,0.0
F003,F038,building facade,red-yellow hotspot,C003,C000,False,0.07007625735941188,0.7791563275434243,0.22084367245657566,0.2613743543624878,0.11538461538461539,0.020572662353515625,0.6957816377171215,0.6305155009031296,0.5312499850988388,0.5787584560586346,378818,814,4115,19,8.842267262907253,3.415977197553588,3.438374788714988,0.7358654951527802,0.0018610839580464132,0.009333197162740222,False,False,2.6615802482179323,2.6790314730930676,0.5733542567691637,0.3941512151023371,0.08490755713301311,2.3767742089181785,0.512001699356922
F003,F039,building facade,red car corner,C003,C017,False,0.0691517194497753,0.7181141439205956,0.2818858560794044,0.2803388833999634,0.7880893300248138,0.03844261169433594,0.2506203473945409,0.6305155009031296,0.30280448123812675,0.4369472727498935,378818,814,1373,0,2.950287473140136,-1.717640088359647,-1.7226107978305716,-1.9316047336796984,1.0,1.0,False,False,0.0,0.0,0.0,0.0,0.0,0.0,0.0
F003,F040,building facade,cobblestone,C003,C013,False,0.06314033591072586,0.2803970223325062,0.7196029776674938,0.2803388833999634,0.7880893300248138,0.019839227199554443,0.7176178660049628,0.6305155009031296,0.45202021673321724,0.5338593011008478,378818,814,77947,240,167.49166618270516,5.602622022761832,6.29336608211277,0.35880571742830447,1.0971350687919486e-09,8.639938666736595e-09,True,True,1.5709585324369404,1.7646411098728112,0.10060805476277519,4.415366636300639,0.28277095745714514,4.020541660006754,0.25748539325127956
F003,F041,building facade,concrete_wall,C003,C011,False,0.06629778200585061,0.5081885856079404,0.49181141439205955,0.27533864974975586,0.31042183622828784,0.01888386408487956,0.747394540942928,0.6305155009031296,0.511904776096344,0.5681231348177002,378818,814,8967,62,19.268192113363146,9.73488405510308,9.862777155309434,1.1510923697016542,2.5445757587176044e-15,2.527026960381621e-14,False,False,4.947156959020126,5.0121507727230075,0.5849720032627761,3.021920583854579,0.35732420707115864,7.275799199496396,0.860320153236075
F003,F042,building facade,Red-yellow glow street,C003,C025,False,0.06978240437392969,0.7548387096774194,0.2451612903225806,0.2803388833999634,0.7880893300248138,0.014313538869222006,0.854590570719603,0.6305155009031296,0.9285714626312256,0.7651657996050784,378818,814,66510,129,142.91596492246936,-1.164053530677539,-1.2834035425391144,-0.10206837222702064,0.9095061140196127,1.0,False,False,0.0,0.0,0.0,0.0,0.0,0.0,0.0
F003,F043,building facade,tree_shadows,C003,C015,False,0.0704295594884763,0.7975186104218362,0.20248138957816375,0.2803388833999634,0.7880893300248138,0.03777015209197998,0.2620347394540943,0.6305155009031296,0.7320646420121193,0.6793953962544503,378818,814,16390,44,35.21865381264882,1.4797035743963831,1.5144177371695058,0.2198161210899557,0.08004960104492745,0.3189327978390785,False,False,1.1800911384888277,1.2077763293456059,0.17530744743997959,1.166138598581368,0.17323473959843655,0.38773374058624827,0.057599460017616184
F003,F044,building facade,road_and_buildings,C003,C026,False,0.05909366140051119,0.12456575682382134,0.8754342431761787,0.2803388833999634,0.7880893300248138,0.09792550404866536,0.04813895781637717,0.6305155009031296,0.8246913684739007,0.7210968667826875,378818,814,21673,40,46.57070677739706,-0.9628434323859186,-0.9926935979784035,-0.15034889664134404,0.8582281745596628,1.0,False,False,0.0,0.0,0.0,0.0,0.0,0.0,0.0
F003,F045,building facade,underpass glow,C003,C027,False,0.06766868316215781,0.6124069478908188,0.38759305210918116,0.27533864974975586,0.31042183622828784,0.05227947235107422,0.12952853598014888,0.6305155009031296,0.7119318172335625,0.6699880941866765,378818,814,85507,194,183.73651199256636,0.7571767071564822,0.8614199111794635,0.054211839593679347,0.20554561044370176,0.7360675879542072,True,False,0.4637002762437216,0.5275395386577955,0.03319970722511182,0.2350441837848038,0.01682853879198334,0.09807599035624906,0.007021980215359954
F003,F046,building facade,window_heat_zone,C003,C021,False,0.06759312845265342,0.605955334987593,0.394044665012407,0.27533864974975586,0.31042183622828784,0.03916116194291548,0.23722084367245658,0.6305155009031296,0.739260733127594,0.6827264103914245,378818,814,39968,27,85.88280387943551,-6.353826837005997,-6.725327929618242,-1.14460262215535,0.9999999999999971,1.0,False,False,0.0,0.0,0.0,0.0,0.0,0.0,0.0
F003,F047,building facade,underpass,C003,C008,False,0.061605445368566596,0.20893300248138957,0.7910669975186104,0.27533864974975586,0.31042183622828784,0.04106330871582031,0.2064516129032258,0.6305155009031296,0.3610449731349945,0.47712100360890425,378818,814,10970,25,23.572216737325046,0.2940776869407992,0.29875123556645555,0.05762010916642492,0.4107698723351721,1.0,False,False,0.06144253409532331,0.06241899264192446,0.012038742411446595,0.09128813557393048,0.017886540091116024,0.0607128127877779,0.01189576447306837
F003,F048,building facade,shaded path,C003,C028,False,0.07110969191613851,0.8397022332506203,0.16029776674937968,0.2803388833999634,0.7880893300248138,0.04676328386579241,0.16129032258064516,0.6305155009031296,0.6641156588281903,0.6470975330533013,378818,814,155,0,0.3330623148847204,-0.5771155126010047,-0.577854032507972,-0.5105003487314665,1.0,1.0,False,False,0.0,0.0,0.0,0.0,0.0,0.0,0.0
F003,F049,building facade,red_wall_yellow_wall,C003,C029,False,0.07078465817277217,0.8253101736972704,0.17468982630272956,0.2803388833999634,0.7880893300248138,0.026246157559481533,0.5364764267990074,0.6305155009031296,1.0,0.7940500619628019,378818,814,349,6,0.7499274057726929,6.062555062518102,6.071868754810056,1.6487167026556677,0.00012449897328826182,0.0007254044223963463,False,False,5.003488371696081,5.011175056699316,1.3607026682463401,4.777834957458435,1.2993360415966253,3.2524178772119448,0.8844976454445542
F003,F050,building facade,greenery_and_water,C003,C030,False,0.06867544336489362,0.674937965260546,0.32506203473945405,0.2803388833999634,0.7880893300248138,0.010344187418619791,0.9176178660049628,0.6305155009031296,0.688131312529246,0.6586937522145672,378818,814,1487,13,3.195249433765027,5.485095158679353,5.501799493061984,1.2956416275675477,2.817274962451112e-05,0.00017860460139312712,False,False,3.7020989656595136,3.7133733551187587,0.8744777238173027,4.322744968725961,1.021081342221968,5.0332213143415,1.18890390539573
F003,F051,building facade,zebra_crossing,C003,C020,False,0.06542648194879169,0.43573200992555833,0.5642679900744416,0.2803388833999634,0.7880893300248138,0.04091911315917969,0.20893300248138957,0.6305155009031296,0.8715151250362396,0.7412852322870584,378818,814,19455,62,41.80469249085313,3.123474421931159,3.2103553730800507,0.3902685432528908,0.001549653479452034,0.007829828106705013,False,False,1.3609977878191355,1.3988545992874861,0.1700524967623018,2.46157686452937,0.3075664747819308,0.6525968891478997,0.08153997851586453
F003,F052,building facade,palm_tree_street,C003,C026,False,0.0669296805553464,0.5533498759305211,0.4466501240694789,0.2803388833999634,0.7880893300248138,0.04206964704725477,0.1990074441687345,0.6305155009031296,0.6043684764040841,0.6173035660272685,378818,814,90021,74,193.4361461176607,-8.587504268048304,-9.845832950453074,-0.9567298357747317,1.0,1.0,False,False,0.0,0.0,0.0,0.0,0.0,0.0,0.0
F003,F053,building facade,road_marking,C003,C030,False,0.06094031207260988,0.1791563275434243,0.8208436724565757,0.2803388833999634,0.7880893300248138,0.038311767578125,0.2521091811414392,0.6305155009031296,0.5154761910438538,0.570101507452535,378818,814,86968,121,186.87589290899587,-4.818921752538618,-5.496065015195806,-0.43320245898902116,0.9999999968807899,1.0,False,False,0.0,0.0,0.0,0.0,0.0,0.0,0.0
F003,F054,building facade,highlighted_lane,C003,C023,False,0.07147421699845648,0.8630272952853598,0.13697270471464018,0.2803388833999634,0.7880893300248138,0.013885921902126737,0.8640198511166253,0.6305155009031296,0.8999999761581421,0.7533020216222412,378818,814,245062,443,526.5865613566409,-3.642516883798833,-6.136585266835063,-0.17266698635232763,0.9999999993532479,1.0,True,False,0.0,0.0,0.0,0.0,0.0,0.0,0.0
F003,F055,building facade,small alley entrance,C003,C014,False,0.06751472861977988,0.601985111662531,0.398014888337469,0.2803388833999634,0.7880893300248138,0.02032299041748047,0.7037220843672457,0.6305155009031296,0.8571428656578064,0.7351475112423191,378818,814,535,1,1.1496021836343573,-0.13952889107425176,-0.13977759578343704,-0.09506904990718547,0.683885838347752,1.0,False,False,0.0,0.0,0.0,0.0,0.0,0.0,0.0
F003,F056,building facade,stone_wall_street,C003,C021,False,0.05982686235562696,0.13796526054590572,0.8620347394540943,0.27533864974975586,0.31042183622828784,0.030274709065755207,0.4280397022332506,0.6305155009031296,0.4911375728746255,0.5564798763418061,378818,814,8534,11,18.337766420814216,-1.7135258664889839,-1.7350221649645556,-0.49351667159231316,0.9756450910895891,1.0,False,False,0.0,0.0,0.0,0.0,0.0,0.0,0.0
F003,F057,building facade,streetlight illumination,C003,C027,False,0.06074967527830914,0.17220843672456576,0.8277915632754342,0.27533864974975586,0.31042183622828784,0.046764373779296875,0.1607940446650124,0.6305155009031296,0.2642857193946838,0.40821102722205216,378818,814,119269,123,256.2839305418433,-8.325629944935589,-10.06906766781698,-0.7319938380181907,1.0,1.0,False,False,0.0,0.0,0.0,0.0,0.0,0.0,0.0
F003,F058,building facade,shaded alley,C003,C031,False,0.07351355250697167,0.9344913151364764,0.06550868486352357,0.2803388833999634,0.7880893300248138,0.022778828938802082,0.6421836228287842,0.6305155009031296,0.875,0.742765819952856,378818,814,169922,170,365.12654625704164,-10.211620182791545,-13.76611606486503,-0.7628771503326951,1.0,1.0,False,False,0.0,0.0,0.0,0.0,0.0,0.0,0.0
F003,F059,building facade,road_edge,C003,C024,False,0.07108887540268137,0.8387096774193549,0.16129032258064513,0.2803388833999634,0.7880893300248138,0.02742481231689453,0.5002481389578164,0.6305155009031296,0.7857142686843872,0.7038501443391715,378818,814,1891,3,4.063360241593588,-0.5275185728138935,-0.5294085692917149,-0.26529627874336364,0.7720811591829888,1.0,False,False,0.0,0.0,0.0,0.0,0.0,0.0,0.0
F003,F060,building facade,street_corner_shop,C003,C031,False,0.06870479449973353,0.6774193548387096,0.32258064516129037,0.2803388833999634,0.7880893300248138,0.031172434488932293,0.40248138957816376,0.6305155009031296,0.3880471537510554,0.4946410269290048,378818,814,35651,83,76.60648121261397,0.7304780805226638,0.768309610067164,0.07965929240015858,0.23689491616156483,0.8363925586369784,False,False,0.49483999003148194,0.5204678003680788,0.05396274646462355,0.5756819810769181,0.06277863837789172,0.29400383290515153,0.032061382698029085
F003,F061,building facade,sunlit street,C003,C014,False,0.05757633612730129,0.0977667493796526,0.9022332506203474,0.2803388833999634,0.7880893300248138,0.05611495971679688,0.10918114143920596,0.6305155009031296,0.8258823394775391,0.7216173618772826,378818,814,9753,7,20.95714036819792,-3.048810525765977,-3.0921520439005206,-1.0511544537363473,0.9998907969558544,1.0,False,False,0.0,0.0,0.0,0.0,0.0,0.0,0.0
F003,F062,building facade,shaded alley,C003,C005,False,0.07390033723452744,0.943424317617866,0.05657568238213395,0.27533864974975586,0.31042183622828784,0.021805286407470703,0.6600496277915633,0.6305155009031296,0.5,0.5614781834154955,378818,814,6655,96,14.30019164876009,21.60479296294796,21.82053265250678,1.874902878418165,4.970605606387691e-48,8.420790674350911e-47,False,False,20.382487058344456,20.586021127749575,1.76882896867143,6.706599502890297,0.5820107942682691,14.260235553707588,1.2375289470452404
F003,F063,building facade,blue_wall_graffiti,C003,C013,False,0.06331618493057793,0.288833746898263,0.711166253101737,0.2803388833999634,0.7880893300248138,0.022489070892333984,0.6486352357320099,0.6305155009031296,0.11488095670938492,0.26913606960764025,378818,814,39,1,0.08380277600325223,3.1648983725835786,3.1684631338768408,0.943657173622921,0.08047418012521239,0.3199920061783593,False,False,0.9141294555055299,0.9151590788666607,0.272560037244933,2.494222638046016,0.7436861497335973,2.052864601968604,0.6120892932631056
F004,F005,highlighted_buildings,palm_trees_and_buildings,C004,C005,False,0.07023602178972514,0.7880893300248138,0.21191066997518615,0.2803388833999634,0.7880893300248138,0.02997411092122396,0.43672456575682383,0.7429166615009308,0.3401900368432204,0.5027254185412192,378818,36706,1192,119,115.50019270467612,0.3256512711091372,0.3432161483184166,0.029724519019372574,0.3797642554361747,1.0,False,False,0.25664229207012895,0.2704849843819581,0.02342557627928717,0.25664229207012895,0.02342557627928717,0.14221990996329567,0.012981427661065938
F004,F006,highlighted_buildings,small alley entrance,C004,C006,False,0.0682866503735681,0.6531017369727047,0.3468982630272953,0.2774387001991272,0.45186104218362283,0.003835720486111111,0.9771712158808933,0.7429166615009308,0.8267045550876193,0.7836916409617412,378818,36706,5123,435,496.398898679577,-2.755784014321046,-2.9196608924924794,-0.13189178593084425,0.998623433465925,1.0,True,False,0.0,0.0,0.0,0.0,0.0,0.0,0.0
F004,F007,highlighted_buildings,roof_and_eaves,C004,C007,False,0.0721707750742246,0.8903225806451613,0.10967741935483866,0.2803388833999634,0.7880893300248138,0.03740622780539773,0.2699751861042184,0.7429166615009308,0.7774307294325395,0.7599777905032855,378818,36706,116971,6357,11334.037785955261,-46.74967648730604,-59.16987997112156,-0.5782192872184483,1.0,1.0,True,False,0.0,0.0,0.0,0.0,0.0,0.0,0.0
F004,F008,highlighted_buildings,stone_wall_and_retaining_wall,C004,C008,False,0.07549851899922186,0.9667493796526054,0.033250620347394566,0.2803388833999634,0.7880893300248138,0.004315185546875,0.9751861042183623,0.7429166615009308,0.44401784539222716,0.5743415842037122,378818,36706,58622,6645,5680.245215380473,12.800690548764408,14.6511369329493,0.15685750986121494,4.3105692238935664e-47,7.241756296141191e-46,True,True,12.37505964714296,14.163977541134111,0.15164190035218197,10.088087638430709,0.12361772985588551,12.483055547554372,0.15296526395895155
F004,F009,highlighted_buildings,highlighted road,C004,C009,False,0.05417528468518387,0.06550868486352357,0.9344913151364764,0.27199676632881165,0.16997518610421836,0.12386436462402343,0.02977667493796526,0.7429166615009308,1.0,0.8619261345967709,378818,36706,31159,1445,3019.186664836412,-28.64911737957169,-31.46881491895767,-0.7366977901643353,1.0,1.0,True,False,0.0,0.0,0.0,0.0,0.0,0.0,0.0
F004,F010,highlighted_buildings,green_wall,C004,C004,True,0.04673655384036405,0.02183622828784119,0.9781637717121588,0.12254428118467331,0.013895781637717122,0.2082547274502841,0.0064516129032258064,0.7429166615009308,0.6875132593241605,0.7146782880112765,378818,36706,122045,5947,11825.68877402869,-54.05890519299614,-69.09369971241442,-0.6873454967034122,1.0,1.0,True,False,0.0,0.0,0.0,0.0,0.0,0.0,0.0
F004,F011,highlighted_buildings,road_edge,C004,C010,False,0.06806714925453426,0.6387096774193548,0.3612903225806452,0.2774387001991272,0.45186104218362283,0.011272684733072916,0.9047146401985111,0.7429166615009308,0.384821442887187,0.5346870688764785,378818,36706,60886,4346,5899.618064611502,-20.227039098569165,-23.233309219279484,-0.30560143812557733,1.0,1.0,True,False,0.0,0.0,0.0,0.0,0.0,0.0,0.0
F004,F012,highlighted_buildings,bamboo,C004,C011,False,0.06501333661997649,0.40397022332506205,0.596029776674938,0.2803388833999634,0.7880893300248138,0.014208221435546875,0.8560794044665012,0.7429166615009308,0.27633877843618393,0.4530967697071512,378818,36706,27187,1681,2634.3152173339176,-18.5738808481574,-20.28639871714338,-0.4491268010871904,1.0,1.0,True,False,0.0,0.0,0.0,0.0,0.0,0.0,0.0
F004,F013,highlighted_buildings,tree-lined_driveway,C004,C012,False,0.07113289832122335,0.8421836228287841,0.15781637717121588,0.2571783661842346,0.07841191066997519,0.029820528897372158,0.4392059553349876,0.7429166615009308,0.5153925527225841,0.6187840613906476,378818,36706,210391,19903,20386.074700779795,-3.383354370472059,-5.339339190807185,-0.023980985639985283,0.9999999536855221,1.0,True,False,0.0,0.0,0.0,0.0,0.0,0.0,0.0
F004,F014,highlighted_buildings,road_edge,C004,C013,False,0.0687072930246784,0.6784119106699752,0.3215880893300248,0.2774387001991272,0.45186104218362283,0.02653774685329861,0.5285359801488834,0.7429166615009308,0.6375317871570587,0.6882099875150346,378818,36706,1332,89,129.0656515793864,-3.5266866257373213,-3.717597144233473,-0.3699490893999453,0.9999617478835685,1.0,False,False,0.0,0.0,0.0,0.0,0.0,0.0,0.0
F004,F015,highlighted_buildings,tree_shade_street,C004,C014,False,0.06998912467341459,0.7707196029776675,0.2292803970223325,0.27199676632881165,0.16997518610421836,0.024102020263671874,0.5965260545905707,0.7429166615009308,0.8839921777447065,0.8103903488338412,378818,36706,15105,629,1463.6161164464202,-21.81590205759979,-23.428238841022864,-0.8440811524042074,1.0,1.0,True,False,0.0,0.0,0.0,0.0,0.0,0.0,0.0
F004,F016,highlighted_buildings,construction scaffolding,C004,C015,False,0.06584106614688086,0.4704714640198511,0.5295285359801489,0.27199676632881165,0.16997518610421836,0.0227783203125,0.6426799007444168,0.7429166615009308,0.3196994091073672,0.4873499950732179,378818,36706,10329,1087,1000.8401765491608,2.723468991846797,2.9057353084499487,0.08254220466658674,0.002127586389683738,0.010616866736639642,True,True,1.2813144438068307,1.367065544620621,0.038833751872915254,0.4629221487382273,0.014030126599655562,1.7503187813605965,0.053048215902347304
F004,F017,highlighted_buildings,building facade,C004,C011,False,0.06846878253836552,0.6640198511166253,0.3359801488833747,0.2803388833999634,0.7880893300248138,0.027874755859375,0.49081885856079405,0.7429166615009308,0.43739699572324753,0.5700434332691255,378818,36706,30807,3131,2985.0792253799978,2.6707866420684123,2.932166242097846,0.04771834960969641,0.0018335764880616245,0.009218180049706322,True,True,1.7734553484305389,1.9470165915270063,0.031685931403361685,2.1048184553869174,0.03760632217379548,1.310872451119434,0.023421065887836105
F004,F018,highlighted_buildings,small alley flowerbed,C004,C013,False,0.05712244098570498,0.09032258064516129,0.9096774193548387,0.2774387001991272,0.45186104218362283,0.04389241536458333,0.1791563275434243,0.7429166615009308,0.2877193056046963,0.46233263563067556,378818,36706,22621,1649,2191.8874657487236,-11.595799250997823,-12.583499585706923,-0.28451890534992863,1.0,1.0,True,False,0.0,0.0,0.0,0.0,0.0,0.0,0.0
F004,F019,highlighted_buildings,road_and_building,C004,C016,False,0.07214567174051892,0.8893300248138958,0.11066997518610422,0.2774387001991272,0.45186104218362283,0.04412434895833333,0.17568238213399504,0.7429166615009308,0.45704154421885806,0.5827038511957031,378818,36706,13367,940,1295.210634130374,-9.869968310263145,-10.574188807080343,-0.3204029271073374,1.0,1.0,True,False,0.0,0.0,0.0,0.0,0.0,0.0,0.0
F004,F020,highlighted_buildings,advertising_wall,C004,C013,False,0.07002328475066782,0.7741935483870968,0.22580645161290325,0.2774387001991272,0.45186104218362283,0.009249441964285714,0.9305210918114144,0.7429166615009308,0.6375811781202044,0.6882366455550682,378818,36706,8894,1040,861.7942230833804,6.07043746051309,6.46412304545321,0.18786010732568373,1.771095915495897e-10,1.4754253577023672e-09,True,True,4.699693517816586,5.004482357770227,0.1454400830908519,2.7429941974179495,0.08488666388091069,5.64867009352955,0.17480779217650472
F004,F021,highlighted_buildings,road_and_building,C004,C017,False,0.07174773068587317,0.8744416873449131,0.12555831265508688,0.2774387001991272,0.45186104218362283,0.0073540581597222225,0.9568238213399504,0.7429166615009308,0.7211538553237915,0.7319543801533511,378818,36706,169116,15573,16386.686736110743,-6.356406468433671,-8.989928846222892,-0.050928981030910446,1.0,1.0,True,False,0.0,0.0,0.0,0.0,0.0,0.0,0.0
F004,F022,highlighted_buildings,tree_canopy_and_road,C004,C005,False,0.05628296204201692,0.08138957816377171,0.9186104218362283,0.2803388833999634,0.7880893300248138,0.09720340304904514,0.04913151364764268,0.7429166615009308,0.5876411199569702,0.6607332131799493,378818,36706,107423,8966,10408.87349070002,-14.142506574298457,-17.582124373708467,-0.14921128699926103,1.0,1.0,True,False,0.0,0.0,0.0,0.0,0.0,0.0,0.0
F004,F023,highlighted_buildings,street_corner_cafe,C004,C018,False,0.06869364313802591,0.6764267990074442,0.3235732009925558,0.2774387001991272,0.45186104218362283,0.022125244140625,0.654590570719603,0.7429166615009308,0.48124999552965164,0.5979369866685174,378818,36706,8214,908,795.9048514062162,3.973344681352429,4.227144262468316,0.13168722399445237,1.7980259435836943e-05,0.00011470950323622556,True,True,2.687676824160477,2.8593536624041267,0.08907676739674372,1.7953996686706635,0.05950432627640143,2.6009139626321858,0.08620121511100878
F004,F024,highlighted_buildings,road_edge,C004,C018,False,0.0680672177704207,0.6392059553349876,0.3607940446650124,0.2774387001991272,0.45186104218362283,0.04748484293619792,0.1543424317617866,0.7429166615009308,0.4875000019868215,0.6018071734017023,378818,36706,9323,594,903.3626649208854,-10.292878146892205,-10.966762241893727,-0.41895671338512513,1.0,1.0,True,False,0.0,0.0,0.0,0.0,0.0,0.0,0.0
F004,F025,highlighted_buildings,shaded alley,C004,C019,False,0.07131280259178086,0.8516129032258064,0.1483870967741936,0.2803388833999634,0.7880893300248138,0.024317474365234376,0.5920595533498759,0.7429166615009308,0.7079328984022141,0.7252138618694837,378818,36706,17421,1277,1688.027564688056,-10.004172712472053,-10.77791586198395,-0.2789518425704233,1.0,1.0,True,False,0.0,0.0,0.0,0.0,0.0,0.0,0.0
F004,F026,highlighted_buildings,tree_shadows,C004,C016,False,0.07196668489753445,0.8799007444168735,0.12009925558312651,0.2774387001991272,0.45186104218362283,0.0204296875,0.6997518610421837,0.7429166615009308,0.7362637281417846,0.73958271403226,378818,36706,208,33,20.154396042426708,2.8613411059934704,3.0117538445768774,0.48361725866994254,0.003345613027272613,0.016213355439859585,False,False,2.5176961691942545,2.650044449843575,0.4255351859165301,1.2929285741970495,0.21852779852058693,2.002228763995431,0.33841207678641144
F004,F027,highlighted_buildings,car_top_heat,C004,C020,False,0.06848749616823824,0.6650124069478908,0.33498759305210923,0.27199676632881165,0.16997518610421836,0.053778076171875,0.1205955334987593,0.7429166615009308,0.9444444179534912,0.8376416262096801,378818,36706,94699,6596,9175.967071258494,-26.93321759517858,-32.725325941090006,-0.330103074591261,1.0,1.0,True,False,0.0,0.0,0.0,0.0,0.0,0.0,0.0
F004,F028,highlighted_buildings,red_car_street,C004,C021,False,0.06826159604233518,0.6511166253101737,0.34888337468982633,0.2803388833999634,0.7880893300248138,0.018467203776041666,0.7593052109181141,0.7429166615009308,0.6187312696129084,0.6779865553143766,378818,36706,158116,17234,15320.829253097794,15.456551151730762,21.30862079384567,0.11766726239753032,3.8518617050788264e-100,1.2942255329064858e-98,True,True,10.064017424849013,13.874397261302986,0.07661511080176664,12.18114304166176,0.09273231398872364,11.736239832331545,0.08934536549291383
F004,F029,highlighted_buildings,electric_bike_parking,C004,C022,False,0.06835264766991547,0.6570719602977667,0.3429280397022333,0.2774387001991272,0.45186104218362283,0.0185302734375,0.7568238213399504,0.7429166615009308,0.39830395206809044,0.5439730161809982,378818,36706,125824,11827,12191.859267511047,-3.3043832455528586,-4.254819886078142,-0.03038213746654733,0.999990221004892,1.0,True,False,0.0,0.0,0.0,0.0,0.0,0.0,0.0
F004,F030,highlighted_buildings,stone_wall_and_shadows,C004,C012,False,0.06780143642681909,0.6208436724565757,0.3791563275434243,0.2571783661842346,0.07841191066997519,0.02561279296875,0.5553349875930521,0.7429166615009308,0.38914142847061156,0.5376798777070703,378818,36706,10570,1059,1024.1921450406264,1.0876434286678645,1.1608128888508105,0.033404877550656846,0.12654391006266064,0.47863512699122673,True,False,0.6752565405774186,0.720683336949064,0.020739206856512017,0.08528419936949012,0.002619340274443564,0.6040064499649331,0.018550897260141443
F004,F031,highlighted_buildings,road_edge,C004,C001,False,0.06890865955883524,0.6977667493796526,0.30223325062034745,0.2774387001991272,0.45186104218362283,0.0246429443359375,0.5856079404466501,0.7429166615009308,0.5565476566553116,0.6430151841508336,378818,36706,2681,242,259.77853745070195,-1.1030479636855974,-1.1648426098706426,-0.07075064509522978,0.8852464956241933,1.0,True,False,0.0,0.0,0.0,0.0,0.0,0.0,0.0
F004,F032,highlighted_buildings,tree-lined walk,C004,C012,False,0.05861998009540631,0.11712158808933003,0.88287841191067,0.2571783661842346,0.07841191066997519,0.07734336853027343,0.062034739454094295,0.7429166615009308,0.42500001192092896,0.5619071008575638,378818,36706,325,24,31.49124381629173,-1.334931634969963,-1.4053224325340774,-0.26678911706444,0.937743502542069,1.0,False,False,0.0,0.0,0.0,0.0,0.0,0.0,0.0
F004,F033,highlighted_buildings,zebra_crossing,C004,C023,False,0.07139136672237241,0.8570719602977668,0.14292803970223322,0.2774387001991272,0.45186104218362283,0.00503692626953125,0.971712158808933,0.7429166615009308,1.0,0.8619261345967709,378818,36706,44394,4485,4301.607009170631,2.7961944386833997,3.131587340530302,0.041745067196822166,0.000941855548336378,0.0049064102983104345,True,True,2.396539848936095,2.683995700791976,0.035778526575142376,1.2634913332115312,0.01886296956958143,2.717096134462579,0.04056418936544804
F004,F034,highlighted_buildings,red_door_street,C004,C018,False,0.07010828630940255,0.7801488833746898,0.2198511166253102,0.2774387001991272,0.45186104218362283,0.034051513671875,0.33349875930521095,0.7429166615009308,0.8333333730697632,0.7868273301292338,378818,36706,15775,1114,1528.5365267753907,-10.602905571750098,-11.397031265440772,-0.316231942141136,1.0,1.0,True,False,0.0,0.0,0.0,0.0,0.0,0.0,0.0
F004,F035,highlighted_buildings,small alley entrance,C004,C010,False,0.07073584188508979,0.8218362282878412,0.1781637717121588,0.2774387001991272,0.45186104218362283,0.030212838309151786,0.4297766749379653,0.7429166615009308,0.3212707968694823,0.48854623921182677,378818,36706,65633,6638,6359.584016599,3.4912408395884675,4.040407905883623,0.04284444693196678,2.9835486123711053e-05,0.00018796356257937962,True,True,2.869228203651862,3.320553594115772,0.03521111866964615,1.5775557242904714,0.019359736442459433,1.5004538794459619,0.018413543941976793
F004,F036,highlighted_buildings,pedestrian walk,C004,C024,False,0.06694091821259583,0.5538461538461539,0.4461538461538461,0.2774387001991272,0.45186104218362283,0.03144618443080357,0.3910669975186104,0.7429166615009308,0.6076337546110153,0.671878888186622,378818,36706,191641,18484,18569.272172916808,-0.6257630119457701,-0.936762565937775,-0.0046025636692977046,0.8269698054768476,1.0,True,False,0.0,0.0,0.0,0.0,0.0,0.0,0.0
F004,F037,highlighted_buildings,street_corner_shops,C004,C003,False,0.07089433420100458,0.8287841191066998,0.1712158808933002,0.2803388833999634,0.7880893300248138,0.02720766934481534,0.5057071960297767,0.7429166615009308,0.6591791060160507,0.6997964995429832,378818,36706,5196,292,503.4723165213902,-9.424660716957389,-9.98608788908652,-0.5440566723539608,1.0,1.0,True,False,0.0,0.0,0.0,0.0,0.0,0.0,0.0
F004,F038,highlighted_buildings,red-yellow hotspot,C004,C000,False,0.07229905969833565,0.8992555831265509,0.10074441687344915,0.2803388833999634,0.7880893300248138,0.033626556396484375,0.3424317617866005,0.7429166615009308,0.5312499850988388,0.6282312196572601,378818,36706,4115,284,398.72759478166296,-5.745525313412686,-6.07899851054538,-0.3387984136864529,0.9999999999205457,1.0,True,False,0.0,0.0,0.0,0.0,0.0,0.0,0.0
F004,F039,highlighted_buildings,red car corner,C004,C017,False,0.07021438307981251,0.7866004962779156,0.21339950372208438,0.2774387001991272,0.45186104218362283,0.021945953369140625,0.6570719602977667,0.7429166615009308,0.30280448123812675,0.4742978961464518,378818,36706,1373,171,133.03839310698012,3.291213776583535,3.469565842817753,0.2501942412950967,0.0004705010437121951,0.002522686447137727,False,False,2.5888703900173216,2.729162213829349,0.19680291436859965,1.4871712871361333,0.1130530306199432,2.1625642879387597,0.16439562058298166
F004,F040,highlighted_buildings,cobblestone,C004,C013,False,0.06398820871804264,0.32903225806451614,0.6709677419354838,0.2774387001991272,0.45186104218362283,0.036600494384765626,0.2843672456575682,0.7429166615009308,0.45202021673321724,0.5794940468601631,378818,36706,77947,8522,7552.763020764589,11.15262363094123,13.168392453552944,0.120730066954659,7.188183654846707e-39,1.0734354257904417e-37,True,True,3.669572936632276,4.3328259040722585,0.039724086546371676,5.039436136958804,0.05455321387703078,3.171440863786265,0.034331676607950175
F004,F041,highlighted_buildings,concrete_wall,C004,C011,False,0.07225882341833795,0.8937965260545906,0.10620347394540941,0.2803388833999634,0.7880893300248138,0.010548655192057292,0.9146401985111663,0.7429166615009308,0.511904776096344,0.6166867821381268,378818,36706,8967,731,868.8676409251937,-4.6771956035567674,-4.981016883898279,-0.17266887739400227,0.9999998461308713,1.0,True,False,0.0,0.0,0.0,0.0,0.0,0.0,0.0
F004,F042,highlighted_buildings,Red-yellow glow street,C004,C025,False,0.07065727235623119,0.8148883374689826,0.1851116625310174,0.2774387001991272,0.45186104218362283,0.029979197184244792,0.43523573200992555,0.7429166615009308,0.9285714626312256,0.8305728209994754,378818,36706,66510,5972,6444.561926835578,-5.886566140317298,-6.8220728564938,-0.07614864463539726,0.9999999999971896,1.0,True,False,0.0,0.0,0.0,0.0,0.0,0.0,0.0
F004,F043,highlighted_buildings,tree_shadows,C004,C015,False,0.07388279079820691,0.9424317617866005,0.057568238213399514,0.27199676632881165,0.16997518610421836,0.0181640625,0.7687344913151365,0.7429166615009308,0.7320646420121193,0.7374706908389769,378818,36706,16390,1054,1588.1276496892967,-13.403010467792223,-14.419073819507666,-0.4098038091956482,1.0,1.0,True,False,0.0,0.0,0.0,0.0,0.0,0.0,0.0
F004,F044,highlighted_buildings,road_and_buildings,C004,C026,False,0.07273968918687022,0.9136476426799007,0.08635235732009927,0.2774387001991272,0.45186104218362283,0.025580512152777776,0.5568238213399503,0.7429166615009308,0.8246913684739007,0.7827368384299185,378818,36706,21673,1584,2100.029929939971,-11.260616016164999,-12.203537552607232,-0.28192076033670355,1.0,1.0,True,False,0.0,0.0,0.0,0.0,0.0,0.0,0.0
F004,F045,highlighted_buildings,underpass glow,C004,C027,False,0.07237359585458847,0.9027295285359801,0.0972704714640199,0.2803388833999634,0.7880893300248138,0.00755615234375,0.9538461538461539,0.7429166615009308,0.7119318172335625,0.7272592446132596,378818,36706,85507,8200,8285.297799998943,-0.9370953190416393,-1.1206383301192142,-0.01034781272950082,0.8702288989800462,1.0,True,False,0.0,0.0,0.0,0.0,0.0,0.0,0.0
F004,F046,highlighted_buildings,window_heat_zone,C004,C021,False,0.06339975562255346,0.29379652605459056,0.7062034739454095,0.2803388833999634,0.7880893300248138,0.03963567560369318,0.22779156327543423,0.7429166615009308,0.739260733127594,0.7410864428890078,378818,36706,39968,3177,3872.744716460147,-11.179965976851868,-12.438918336218865,-0.1979978597016564,1.0,1.0,True,False,0.0,0.0,0.0,0.0,0.0,0.0,0.0
F004,F047,highlighted_buildings,underpass,C004,C008,False,0.06822170041739639,0.6496277915632754,0.35037220843672456,0.2803388833999634,0.7880893300248138,0.0011993408203125,0.9851116625310173,0.7429166615009308,0.3610449731349945,0.5179057115857513,378818,36706,10970,1103,1062.95059896837,1.228399086416595,1.3117502780242263,0.03696804350505433,0.09806747222570382,0.38166800001355,True,False,0.7980021856671577,0.8521494361953906,0.024015468460603533,0.9680882130171478,0.02913412063822644,1.2101102662714347,0.03641765079778305
F004,F048,highlighted_buildings,shaded path,C004,C028,False,0.05251932499137868,0.05310173697270471,0.9468982630272953,0.19650520384311676,0.029528535980148884,0.20472913469587053,0.00794044665012407,0.7429166615009308,0.6641156588281903,0.7024119789034996,378818,36706,155,16,15.01890089700067,0.2531592514410795,0.2664484798845076,0.06130168715143492,0.43385747317145906,1.0,False,False,0.013443195982231019,0.014148877095604124,0.003255226067098529,0.0074754220648854735,0.0018101490746949766,0.0020101975300532366,0.0004867627763885651
F004,F049,highlighted_buildings,red_wall_yellow_wall,C004,C029,False,0.0767332369826258,0.9796526054590571,0.02034739454094292,0.27199676632881165,0.16997518610421836,0.008241965553977272,0.9454094292803971,0.7429166615009308,1.0,0.8619261345967709,378818,36706,349,35,33.816751051956345,0.2034745922456414,0.2142105765907944,0.03389909266103572,0.4413319491984146,1.0,False,False,0.19933441443816186,0.20985194947405864,0.03320933444808164,0.03458563168443284,0.0057620045838236884,0.19236679812801336,0.03204852184579308
F004,F050,highlighted_buildings,greenery_and_water,C004,C030,False,0.06944198887445241,0.7339950372208437,0.2660049627791563,0.27199676632881165,0.16997518610421836,0.039328511555989584,0.23424317617866006,0.7429166615009308,0.688131312529246,0.7149994527120151,378818,36706,1487,162,144.08455247638707,1.4925158443583288,1.5736334791775286,0.11681352709904297,0.06487426581028659,0.26475004022983356,False,False,1.0954992227324905,1.155039164120876,0.08574054917096008,0.2536906584083015,0.019855401008149982,0.3496116518794696,0.0273627716083118
F004,F051,highlighted_buildings,zebra_crossing,C004,C020,False,0.06760262868578054,0.607940446650124,0.39205955334987597,0.27199676632881165,0.16997518610421836,0.0240301513671875,0.5995037220843672,0.7429166615009308,0.8715151250362396,0.8046509225369032,378818,36706,19455,2699,1885.1143029106327,18.745393960161703,20.25227294164047,0.35881291272862076,1.7815455869312995e-82,5.130851290362143e-81,True,True,11.396083176773242,12.31217585782113,0.21813688242806967,3.186251826975376,0.06098929161764397,11.237933451054756,0.21510967671274137
F004,F052,highlighted_buildings,palm_tree_street,C004,C026,False,0.07012658424093615,0.7816377171215881,0.21836228287841186,0.2774387001991272,0.45186104218362283,0.04076605902777778,0.2119106699751861,0.7429166615009308,0.6043684764040841,0.6700711983114378,378818,36706,90021,7841,8722.686952573531,-9.440375537196068,-11.377289571825134,-0.10655450477094403,1.0,1.0,True,False,0.0,0.0,0.0,0.0,0.0,0.0,0.0
F004,F053,highlighted_buildings,road_marking,C004,C030,False,0.0679398113096794,0.6287841191066997,0.37121588089330027,0.27199676632881165,0.16997518610421836,0.0187060546875,0.7503722084367246,0.7429166615009308,0.5154761910438538,0.6188342677434047,378818,36706,86968,8625,8426.863052970028,2.158402815591581,2.587608265555027,0.023239014276005013,0.0050007693757955635,0.023889931425601554,True,True,1.3571694130791727,1.627046983850233,0.014612323120445832,0.3668749202680479,0.00395005577644254,1.6196054874314991,0.01743791046417845
F004,F054,highlighted_buildings,highlighted_lane,C004,C023,False,0.07617936316433539,0.9746898263027295,0.02531017369727051,0.2774387001991272,0.45186104218362283,0.005116102430555556,0.9712158808933002,0.7429166615009308,0.8999999761581421,0.8176949172144365,378818,36706,245062,21703,23745.560591101796,-13.255122171420117,-23.473236710359554,-0.08994310901127117,1.0,1.0,True,False,0.0,0.0,0.0,0.0,0.0,0.0,0.0
F004,F055,highlighted_buildings,small alley entrance,C004,C014,False,0.0748794199710755,0.9602977667493796,0.03970223325062039,0.27199676632881165,0.16997518610421836,0.0005755615234375,0.9861042183622829,0.7429166615009308,0.8571428656578064,0.797988543892604,378818,36706,535,34,51.83943212835715,-2.477712477573798,-2.6090858851564698,-0.4167907233374507,0.9976641802705444,1.0,False,False,0.0,0.0,0.0,0.0,0.0,0.0,0.0
F004,F056,highlighted_buildings,stone_wall_street,C004,C021,False,0.06799372574844861,0.6332506203473945,0.36674937965260546,0.2803388833999634,0.7880893300248138,0.053232828776041664,0.1250620347394541,0.7429166615009308,0.4911375728746255,0.6040482480544802,378818,36706,8534,870,826.9116145484111,1.4984100427653007,1.5948104824762583,0.05076546787504337,0.058270350540143526,0.23974087079373335,True,False,0.9488690891158926,1.0099147273646183,0.03214726402409694,1.1808809667053584,0.04000772356603914,0.18739420882226093,0.006348832706953315
F004,F057,highlighted_buildings,streetlight illumination,C004,C027,False,0.07257525834753152,0.9096774193548387,0.0903225806451613,0.2803388833999634,0.7880893300248138,0.01611572265625,0.8153846153846154,0.7429166615009308,0.2642857193946838,0.4431052519831719,378818,36706,119269,8421,11556.705103770148,-29.1687754514482,-37.081252665317706,-0.316521101325853,1.0,1.0,True,False,0.0,0.0,0.0,0.0,0.0,0.0,0.0
F004,F058,highlighted_buildings,shaded alley,C004,C031,False,0.07802910119890338,0.9900744416873449,0.00992555831265507,0.2571783661842346,0.07841191066997519,0.0045562744140625,0.9746898263027295,0.7429166615009308,0.875,0.8062580720918796,378818,36706,169922,11041,16464.785020775147,-42.269239588587546,-59.89702508210517,-0.39959332519981794,1.0,1.0,True,False,0.0,0.0,0.0,0.0,0.0,0.0,0.0
F004,F059,highlighted_buildings,road_edge,C004,C024,False,0.07033080743132616,0.7910669975186104,0.20893300248138957,0.2774387001991272,0.45186104218362283,0.01834716796875,0.7640198511166253,0.7429166615009308,0.7857142686843872,0.7640158515270807,378818,36706,1891,223,183.23059094340817,2.937988872689039,3.0993270192075344,0.19594090905852385,0.0014352814403914313,0.007288482075136336,True,True,2.324146036261205,2.4517753194128087,0.15500238661999355,1.3275627139371564,0.08853806337359105,2.2446818210941815,0.1497027441665496
F004,F060,highlighted_buildings,street_corner_shop,C004,C031,False,0.07138977818718922,0.856575682382134,0.143424317617866,0.2571783661842346,0.07841191066997519,0.023502604166666666,0.6181141439205955,0.7429166615009308,0.3880471537510554,0.5369233613558573,378818,36706,35651,3529,3454.4441024449734,1.2685071459715866,1.4024456468954383,0.02134993950704388,0.08209160036546635,0.3257808392456302,True,False,1.086572374167225,1.2013008369933134,0.018287839002063395,0.09946606901414923,0.001674089549435699,0.7840822085893852,0.013196699581152929
F004,F061,highlighted_buildings,sunlit street,C004,C014,False,0.05085820400701357,0.040694789081885854,0.9593052109181142,0.27199676632881165,0.16997518610421836,0.147620849609375,0.02382133995037221,0.7429166615009308,0.8258823394775391,0.7833018258865683,378818,36706,9753,707,945.02800289321,-7.742936791731539,-8.254678498162859,-0.2900058751633902,1.0,1.0,True,False,0.0,0.0,0.0,0.0,0.0,0.0,0.0
F004,F062,highlighted_buildings,shaded alley,C004,C005,False,0.07414456173302231,0.9498759305210918,0.05012406947890824,0.2803388833999634,0.7880893300248138,0.007196044921875,0.9575682382133995,0.7429166615009308,0.5,0.6094738146552856,378818,36706,6655,557,644.8437772228352,-3.459264302777754,-3.672510346609692,-0.14632065941625508,0.999917232013026,1.0,True,False,0.0,0.0,0.0,0.0,0.0,0.0,0.0
F004,F063,highlighted_buildings,blue_wall_graffiti,C004,C013,False,0.06963516442907344,0.7444168734491315,0.25558312655086846,0.2774387001991272,0.45186104218362283,0.0,0.9947890818858561,0.7429166615009308,0.11488095670938492,0.29214204905930474,378818,36706,39,3,3.7789492579550075,-0.4007039630395647,-0.42167375450690886,-0.20094451048036013,0.7424113124054317,1.0,False,False,0.0,0.0,0.0,0.0,0.0,0.0,0.0
F005,F006,palm_trees_and_buildings,small alley entrance,C005,C006,False,0.05914671094151418,0.12555831265508685,0.8744416873449131,0.2803388833999634,0.7880893300248138,0.04089977123119213,0.20942928039702233,0.3401900368432204,0.8267045550876193,0.530317502118981,378818,1192,5123,11,16.120184362939458,-1.2752654586854764,-1.2860002192894646,-0.36827084683288186,0.9282725068405961,1.0,False,False,0.0,0.0,0.0,0.0,0.0,0.0,0.0
F005,F007,palm_trees_and_buildings,roof_and_eaves,C005,C007,False,0.0648044086629517,0.3900744416873449,0.609925558312655,0.26061704754829407,0.10198511166253102,0.02016737966826468,0.7076923076923077,0.3401900368432204,0.7774307294325395,0.5142705401719093,378818,1192,116971,273,368.06443199636766,-4.955142312465048,-5.969410156941119,-0.2983139238625437,0.9999999996512043,1.0,True,False,0.0,0.0,0.0,0.0,0.0,0.0,0.0
F005,F008,palm_trees_and_buildings,stone_wall_and_retaining_wall,C005,C008,False,0.045319484505826964,0.017866004962779156,0.9821339950372209,0.22664237022399902,0.044913151364764266,0.14784138997395832,0.0228287841191067,0.3401900368432204,0.44401784539222716,0.3886520901565166,378818,1192,58622,203,184.4617309631538,1.3649477932669014,1.4869870251481434,0.09551706086136313,0.07529502454313128,0.30177886576332535,True,False,0.02438616404844092,0.026566517570884945,0.0017065082833791925,0.06130410684399731,0.004289972212383803,0.031160098506341175,0.002180538362095635
F005,F009,palm_trees_and_buildings,highlighted road,C005,C009,False,0.062241250712946186,0.23424317617866006,0.7657568238213399,0.2803388833999634,0.7880893300248138,0.025682025485568576,0.5528535980148883,0.3401900368432204,1.0,0.5832581219693562,378818,1192,31159,50,98.04583731501671,-4.852227853852005,-5.072984526846802,-0.6685484571053375,0.9999999897611693,1.0,False,False,0.0,0.0,0.0,0.0,0.0,0.0,0.0
F005,F010,palm_trees_and_buildings,green_wall,C005,C004,False,0.06574701707063613,0.456575682382134,0.543424317617866,0.2803388833999634,0.7880893300248138,0.030301180752840908,0.4253101736972705,0.3401900368432204,0.6875132593241605,0.4836167501438393,378818,1192,122045,494,384.0304315000871,5.611638689767169,6.826751787123794,0.25152421960499965,1.380428410475899e-11,1.1792134218302594e-10,True,True,2.562137764062429,3.116928855659499,0.11483984220178643,4.422472575359932,0.19822355371351832,2.386687025871198,0.10697580952927281
F005,F011,palm_trees_and_buildings,road_edge,C005,C010,False,0.06067036575013626,0.16724565756823823,0.8327543424317618,0.2803388833999634,0.7880893300248138,0.035971747504340276,0.2913151364764268,0.3401900368432204,0.384821442887187,0.3618182151769772,378818,1192,60886,79,191.58570078507358,-8.13395357783334,-8.892700337687335,-0.8821846090348743,1.0,1.0,False,False,0.0,0.0,0.0,0.0,0.0,0.0,0.0
F005,F012,palm_trees_and_buildings,bamboo,C005,C011,False,0.060568193330728805,0.16426799007444168,0.8357320099255583,0.26061704754829407,0.10198511166253102,0.04271888732910156,0.19305210918114143,0.3401900368432204,0.27633877843618393,0.30660675011717525,378818,1192,27187,41,85.54742382885713,-4.816362053068349,-5.006965945833648,-0.7292051569001935,0.9999999884343992,1.0,False,False,0.0,0.0,0.0,0.0,0.0,0.0,0.0
F005,F013,palm_trees_and_buildings,tree-lined_driveway,C005,C012,False,0.061729648337918115,0.21240694789081885,0.7875930521091812,0.2803388833999634,0.7880893300248138,0.03455514618844697,0.3205955334987593,0.3401900368432204,0.5153925527225841,0.41872593841248634,378818,1192,210391,651,662.0225860439577,-0.4283976644619585,-0.6434878147048825,-0.01677725285617665,0.749602530664576,1.0,True,False,0.0,0.0,0.0,0.0,0.0,0.0,0.0
F005,F014,palm_trees_and_buildings,road_edge,C005,C013,False,0.06142958748135272,0.19851116625310175,0.8014888337468983,0.2803388833999634,0.7880893300248138,0.015454892758969907,0.8292803970223325,0.3401900368432204,0.6375317871570587,0.46570587516337386,378818,1192,1332,10,4.191310866959859,2.8372865415387523,2.846766606599772,0.8056632112087739,0.010716715553196423,0.048879860984714904,False,False,0.5632330603550874,0.5651149591265057,0.15993314366427275,2.2360352496096962,0.6349345803471628,2.352906109633377,0.6681207076574993
F005,F015,palm_trees_and_buildings,tree_shade_street,C005,C014,False,0.062005696125927975,0.22630272952853597,0.773697270471464,0.2803388833999634,0.7880893300248138,0.04396353827582465,0.1771712158808933,0.3401900368432204,0.8839921777447065,0.5483842918210644,378818,1192,15105,38,47.5298428268984,-1.3823007667420895,-1.4129351402259334,-0.22116430198327006,0.9355492379477033,1.0,False,False,0.0,0.0,0.0,0.0,0.0,0.0,0.0
F005,F016,palm_trees_and_buildings,construction scaffolding,C005,C015,False,0.0644653124215711,0.36228287841191065,0.6377171215880894,0.2803388833999634,0.7880893300248138,0.0005993313259548611,0.9856079404466501,0.3401900368432204,0.3196994091073672,0.3297856178837868,378818,1192,10329,20,32.50153899761891,-2.19286308675259,-2.226887833067141,-0.47612931052616186,0.9932009452278115,1.0,False,False,0.0,0.0,0.0,0.0,0.0,0.0,0.0
F005,F017,palm_trees_and_buildings,building facade,C005,C011,False,0.06726001444479637,0.5801488833746898,0.41985111662531016,0.26061704754829407,0.10198511166253102,0.03402010599772135,0.33449131513647645,0.3401900368432204,0.43739699572324753,0.3857435677885057,378818,1192,30807,45,96.93822363245674,-5.27520769659923,-5.512418317431992,-0.7615062474655261,0.9999999996357886,1.0,False,False,0.0,0.0,0.0,0.0,0.0,0.0,0.0
F005,F018,palm_trees_and_buildings,small alley flowerbed,C005,C013,False,0.05362742658568264,0.05955334987593052,0.9404466501240695,0.2803388833999634,0.7880893300248138,0.025379604763454862,0.5627791563275434,0.3401900368432204,0.2877193056046963,0.31285658243701286,378818,1192,22621,21,71.17991225337761,-5.9477290154844225,-6.143348238139629,-1.204157609388581,0.9999999999997722,1.0,False,False,0.0,0.0,0.0,0.0,0.0,0.0,0.0
F005,F019,palm_trees_and_buildings,road_and_building,C005,C016,False,0.06922084851994226,0.721091811414392,0.27890818858560795,0.2803388833999634,0.7880893300248138,0.019382052951388888,0.7325062034739455,0.3401900368432204,0.45704154421885806,0.3943107654714688,378818,1192,13367,17,42.061000269258585,-3.8641911619064104,-3.9404254467192654,-0.8887374663949056,0.9999971700707431,1.0,False,False,0.0,0.0,0.0,0.0,0.0,0.0,0.0
F005,F020,palm_trees_and_buildings,advertising_wall,C005,C013,False,0.06345396210867801,0.2967741935483871,0.7032258064516129,0.2803388833999634,0.7880893300248138,0.046252296084449404,0.16575682382133994,0.3401900368432204,0.6375811781202044,0.46572391443349376,378818,1192,8894,65,27.98612526331906,6.996698568356503,7.091465579636588,0.8326330067741938,8.450321673375682e-10,6.680724899421716e-09,False,False,2.0764395751251556,2.1045639784727936,0.2471039891071801,5.5140234871216505,0.6561891884652207,1.1597505319260901,0.1380146026117026
F005,F021,palm_trees_and_buildings,road_and_building,C005,C017,False,0.06660575167112309,0.5270471464019851,0.47295285359801487,0.2803388833999634,0.7880893300248138,0.02464690031828704,0.5851116625310173,0.3401900368432204,0.7211538553237915,0.4953073355122363,378818,1192,169116,740,532.1454418744621,9.010406398346703,12.129479999290892,0.32946964313687793,7.373884019685265e-34,1.032343762755937e-32,True,True,4.748908980170818,6.392807820966217,0.1736460352413719,7.101005141724349,0.2596515103232566,5.272093867816755,0.19277653064931963
F005,F022,palm_trees_and_buildings,tree_canopy_and_road,C005,C005,True,0.03595983958078641,0.0024813895781637717,0.9975186104218362,0.1055605560541153,0.006699751861042184,0.1552208794487847,0.02183622828784119,0.3401900368432204,0.5876411199569702,0.44711257446950986,378818,1192,107423,178,338.02041085692866,-8.70370010392642,-10.29916668174588,-0.6399957872673094,1.0,1.0,False,False,0.0,0.0,0.0,0.0,0.0,0.0,0.0
F005,F023,palm_trees_and_buildings,street_corner_cafe,C005,C018,False,0.06015425717071639,0.1488833746898263,0.8511166253101737,0.2803388833999634,0.7880893300248138,0.01993417739868164,0.7156327543424318,0.3401900368432204,0.48124999552965164,0.4046188993485498,378818,1192,8214,17,25.846417012919133,-1.7400720623231016,-1.762021780712696,-0.40913140807291615,0.974866406704637,1.0,False,False,0.0,0.0,0.0,0.0,0.0,0.0,0.0
F005,F024,palm_trees_and_buildings,road_edge,C005,C018,False,0.05878004916054911,0.11811414392059554,0.8818858560794045,0.2803388833999634,0.7880893300248138,0.057755364312065974,0.10272952853598015,0.3401900368432204,0.4875000019868215,0.4072378219627529,378818,1192,9323,32,29.336029438939015,0.4918455595239395,0.49879668827945284,0.08552338455137899,0.3337054358564203,1.0,False,False,0.05809391720431643,0.058914943826555724,0.010101521351478016,0.3876182374809012,0.06740006683255079,0.05052706244240966,0.008785776973764491
F005,F025,palm_trees_and_buildings,shaded alley,C005,C019,False,0.06597081047670109,0.480893300248139,0.519106699751861,0.27533864974975586,0.31042183622828784,0.02578277587890625,0.5488833746898263,0.3401900368432204,0.7079328984022141,0.4907460838254107,378818,1192,17421,61,54.81743739737816,0.8350436117366993,0.8562803459077653,0.1059489923466762,0.21326273089083628,0.7609516203113733,False,False,0.4015668782991869,0.41177948148120325,0.050950160587557934,0.25921577128600765,0.03288888075079204,0.45834155562322054,0.05815364046423021
F005,F026,palm_trees_and_buildings,tree_shadows,C005,C016,False,0.06954252645745075,0.741439205955335,0.25856079404466503,0.2803388833999634,0.7880893300248138,0.017744954427083334,0.7836228287841192,0.3401900368432204,0.7362637281417846,0.5004693644998468,378818,1192,208,3,0.654498994239978,2.8992197316825803,2.904585606706155,1.1090964898483597,0.028563708170932213,0.12491200796659292,False,False,2.1495951757487717,2.1535736458655066,0.8223276207610171,2.2848441359364453,0.8740671096174666,2.2718947674078387,0.8691133287695088
F005,F027,palm_trees_and_buildings,car_top_heat,C005,C020,False,0.06738681260839674,0.5900744416873449,0.4099255583126551,0.2803388833999634,0.7880893300248138,0.030722300211588543,0.4163771712158809,0.3401900368432204,0.9444444179534912,0.5668250006306814,378818,1192,94699,215,297.98269353621,-4.807197960242792,-5.559566859896921,-0.32575104350491,0.9999999964958801,1.0,True,False,0.0,0.0,0.0,0.0,0.0,0.0,0.0
F005,F028,palm_trees_and_buildings,red_car_street,C005,C021,False,0.061776976788334444,0.21488833746898264,0.7851116625310174,0.24508796632289886,0.05905707196029777,0.04027207692464193,0.2173697270471464,0.3401900368432204,0.6187312696129084,0.4587877651002344,378818,1192,158116,440,497.5325142944633,-2.579304526090426,-3.3845316157707224,-0.12275491926505419,0.99970261149869,1.0,True,False,0.0,0.0,0.0,0.0,0.0,0.0,0.0
F005,F029,palm_trees_and_buildings,electric_bike_parking,C005,C022,False,0.0651556738084704,0.4153846153846154,0.5846153846153845,0.2803388833999634,0.7880893300248138,0.02143096923828125,0.6684863523573201,0.3401900368432204,0.39830395206809044,0.3681019371435635,378818,1192,125824,261,395.9215454387067,-6.780734487577816,-8.310376842546908,-0.4160438702455091,1.0,1.0,True,False,0.0,0.0,0.0,0.0,0.0,0.0,0.0
F005,F030,palm_trees_and_buildings,stone_wall_and_shadows,C005,C012,False,0.06068503747042755,0.16823821339950373,0.8317617866004963,0.2803388833999634,0.7880893300248138,0.014628092447916666,0.8486352357320099,0.3401900368432204,0.38914142847061156,0.36384342358855515,378818,1192,10570,51,33.25987677459889,3.0760707087657453,3.124821436874934,0.42230878799009774,0.002175527715740972,0.010829293518355062,False,False,0.5175126403332941,0.5257143757323091,0.07104847599436384,2.4242185039801507,0.3328170497907073,2.610461991061749,0.358386117847676
F005,F031,palm_trees_and_buildings,road_edge,C005,C001,False,0.06697389645762175,0.5568238213399503,0.44317617866004966,0.2803388833999634,0.7880893300248138,0.020537058512369793,0.6972704714640199,0.3401900368432204,0.5565476566553116,0.43512293414916486,378818,1192,2681,17,8.436114440179717,2.9484897602778117,2.963641619664344,0.6721000125995735,0.005903591044077284,0.027938120997323485,False,False,1.6417893354996052,1.6502262517436197,0.3742412973383233,2.3236733197623645,0.5296748486392668,2.055894845255745,0.46863549265627835
F005,F032,palm_trees_and_buildings,tree-lined walk,C005,C012,False,0.06495583038076554,0.39851116625310173,0.6014888337468982,0.2803388833999634,0.7880893300248138,0.039876302083333336,0.22332506203473945,0.3401900368432204,0.42500001192092896,0.38023778049235185,378818,1192,325,3,1.0226546784999657,1.955320780801977,1.9592424388802363,0.8323076579800139,0.08414626628124872,0.3332787285324114,False,False,0.7792171647563214,0.7807799892907343,0.3316838954630031,1.5409674441258259,0.6559327845519911,0.4366721346704167,0.18587515935037532
F005,F033,palm_trees_and_buildings,zebra_crossing,C005,C023,False,0.05709734841940539,0.08933002481389578,0.9106699751861043,0.2803388833999634,0.7880893300248138,0.07733917236328125,0.06253101736972705,0.3401900368432204,1.0,0.5832581219693562,378818,1192,44394,180,139.6914824533153,3.4104513835208037,3.6354839686625655,0.2527215578473938,0.0002605097663453306,0.0014467980411905963,False,False,0.30465570671649855,0.3247578731311473,0.022575623033514087,2.6877403459211098,0.19916716320677982,0.21325899470154902,0.01580293612345986
F005,F034,palm_trees_and_buildings,red_door_street,C005,C018,False,0.06153759971519783,0.2074441687344913,0.7925558312655087,0.2803388833999634,0.7880893300248138,0.06835174560546875,0.07245657568238213,0.3401900368432204,0.8333333730697632,0.5324393964455372,378818,1192,15775,30,49.638084779498335,-2.7873507511302282,-2.8517514966151274,-0.4970542109300866,0.9991285610281151,1.0,False,False,0.0,0.0,0.0,0.0,0.0,0.0,0.0
F005,F035,palm_trees_and_buildings,small alley entrance,C005,C010,False,0.06645633875138937,0.5161290322580645,0.4838709677419355,0.2803388833999634,0.7880893300248138,0.01610165550595238,0.8163771712158809,0.3401900368432204,0.3212707968694823,0.33059510617019117,378818,1192,65633,309,206.52275235073307,7.130886112674504,7.854926274874165,0.40212939016162297,6.364345245300386e-14,5.995570100245596e-13,True,True,3.680457348477163,4.054155496709247,0.2075506529866441,5.619775259020899,0.3169138816757604,5.821492632927821,0.32828925400291303
F005,F036,palm_trees_and_buildings,pedestrian walk,C005,C024,False,0.06240859048730505,0.2456575682382134,0.7543424317617866,0.2803388833999634,0.7880893300248138,0.03006117684500558,0.43424317617866004,0.3401900368432204,0.6076337546110153,0.454654758435789,378818,1192,191641,564,603.0232776689597,-1.5891200444093376,-2.2642769940873495,-0.06684422732077493,0.9890900456127166,1.0,True,False,0.0,0.0,0.0,0.0,0.0,0.0,0.0
F005,F037,palm_trees_and_buildings,street_corner_shops,C005,C003,False,0.06702917196806986,0.5622828784119107,0.4377171215880893,0.27533864974975586,0.31042183622828784,0.013954856178977272,0.862531017369727,0.3401900368432204,0.6591791060160507,0.4735463698117444,378818,1192,5196,22,16.349888336879452,1.3973320982462483,1.4092320262100484,0.28917127932538883,0.10308800886932987,0.39889717059610175,False,False,0.7856959142992553,0.7923870400476352,0.16259605929313428,0.4337623957583267,0.08976507951267033,1.2052422763037118,0.24941919775063315
F005,F038,palm_trees_and_buildings,red-yellow hotspot,C005,C000,False,0.06719304963968935,0.5741935483870968,0.4258064516129032,0.27533864974975586,0.31042183622828784,0.04001935323079427,0.21985111662531018,0.3401900368432204,0.5312499850988388,0.42511875047301106,378818,1192,4115,27,12.948381544699565,3.9049781197841558,3.9325486962920078,0.7153272371141661,0.000383077157026272,0.0020760310445294737,False,False,2.242213242972838,2.2580440901289593,0.4107362845365212,1.2121904783746846,0.2220531944490873,0.8585138000319509,0.15726549183204744
F005,F039,palm_trees_and_buildings,red car corner,C005,C017,False,0.0687210754491273,0.6799007444168734,0.3200992555831266,0.2803388833999634,0.7880893300248138,0.033579508463541664,0.34292803970223323,0.3401900368432204,0.30280448123812675,0.3209533729822614,378818,1192,1373,15,4.320322687939855,5.138070248690514,5.15551777873469,1.1679991503982254,4.3334455519953126e-05,0.00026716288173769267,False,False,3.493377786950871,3.5052403756161414,0.7941234918340292,4.049258339910936,0.9204876679068893,1.761988358235804,0.4005396590199373
F005,F040,palm_trees_and_buildings,cobblestone,C005,C013,False,0.060084415415478654,0.14590570719602977,0.8540942928039702,0.2803388833999634,0.7880893300248138,0.03237509727478027,0.3707196029776675,0.3401900368432204,0.45202021673321724,0.3921387180378312,378818,1192,77947,163,245.27035146165176,-5.253162385833419,-5.903774361028018,-0.407584578940257,0.9999999997642166,1.0,False,False,0.0,0.0,0.0,0.0,0.0,0.0,0.0
F005,F041,palm_trees_and_buildings,concrete_wall,C005,C011,False,0.06378497639753922,0.31464019851116626,0.6853598014888338,0.26061704754829407,0.10198511166253102,0.017187330457899306,0.7955334987593052,0.3401900368432204,0.511904776096344,0.4173067272887363,378818,1192,8967,28,28.215829237259054,-0.040631594608830465,-0.04118599454121217,-0.007544424815844444,0.5425224114831451,1.0,False,False,0.0,0.0,0.0,0.0,0.0,0.0,0.0
F005,F042,palm_trees_and_buildings,Red-yellow glow street,C005,C025,False,0.0677314713167745,0.6158808933002481,0.3841191066997519,0.2803388833999634,0.7880893300248138,0.0322723388671875,0.37220843672456577,0.3401900368432204,0.9285714626312256,0.5620415999586504,378818,1192,66510,338,209.28234666779298,8.897578233322676,9.814752449557911,0.4784535435538905,2.383766071253697e-20,2.6998159548581195e-19,True,True,5.479848430547613,6.044718506154524,0.29467039580663923,7.012086468742635,0.3770641325873837,3.311753684859557,0.17808444549152253
F005,F043,palm_trees_and_buildings,tree_shadows,C005,C015,False,0.06502948282854193,0.40595533498759306,0.5940446650124069,0.2803388833999634,0.7880893300248138,0.005995909372965495,0.9652605459057072,0.3401900368432204,0.7320646420121193,0.49904017627614095,378818,1192,16390,35,51.57326209419827,-2.3077868661355927,-2.3631098782552256,-0.3831189169776761,0.9947824865543922,1.0,False,False,0.0,0.0,0.0,0.0,0.0,0.0,0.0
F005,F044,palm_trees_and_buildings,road_and_buildings,C005,C026,False,0.07471900081119726,0.9593052109181142,0.04069478908188584,0.2803388833999634,0.7880893300248138,0.012256763599537037,0.888833746898263,0.3401900368432204,0.8246913684739007,0.5296713953248958,378818,1192,21673,49,68.1969072219377,-2.324603707869655,-2.3978705202136523,-0.32773151003676443,0.9948849572775107,1.0,False,False,0.0,0.0,0.0,0.0,0.0,0.0,0.0
F005,F045,palm_trees_and_buildings,underpass glow,C005,C027,False,0.06781851659232477,0.6218362282878412,0.37816377171215876,0.26061704754829407,0.10198511166253102,0.02877648671468099,0.4640198511166253,0.3401900368432204,0.7119318172335625,0.4921301770208229,378818,1192,85507,383,269.058872598451,6.946353059751583,7.906636398939042,0.3525528031150589,2.097601446769989e-14,2.0136973888991892e-13,True,True,4.319493987031629,4.916632956759613,0.2192301053613741,0.7084245924461292,0.0359551369926276,3.223245712589444,0.16359149921219854
F005,F046,palm_trees_and_buildings,window_heat_zone,C005,C021,False,0.05582467822389194,0.07990074441687345,0.9200992555831266,0.24508796632289886,0.05905707196029777,0.0812082001657197,0.05905707196029777,0.3401900368432204,0.739260733127594,0.5014869250931896,378818,1192,39968,88,125.76449904703578,-3.3674774442765427,-3.5661535582440234,-0.35537635348444246,0.9999237529373007,1.0,False,False,0.0,0.0,0.0,0.0,0.0,0.0,0.0
F005,F047,palm_trees_and_buildings,underpass,C005,C008,False,0.05733394642666783,0.09429280397022333,0.9057071960297767,0.22664237022399902,0.044913151364764266,0.03537156846788195,0.3027295285359802,0.3401900368432204,0.3610449731349945,0.3504624126962167,378818,1192,10970,34,34.51852868659884,-0.08825648968749035,-0.08970394435241485,-0.014917988419776304,0.5595455902334416,1.0,False,False,0.0,0.0,0.0,0.0,0.0,0.0,0.0
F005,F048,palm_trees_and_buildings,shaded path,C005,C028,False,0.07652832650941363,0.9776674937965261,0.022332506203473934,0.2803388833999634,0.7880893300248138,0.019698370070684524,0.7230769230769231,0.3401900368432204,0.6641156588281903,0.47531624256375005,378818,1192,155,1,0.48772761589998365,0.7335205256268686,0.7348266943707025,0.41781341976149544,0.38651290860058923,1.0,False,False,0.7171391739379311,0.7184161726601905,0.40848259897277717,0.5780796996007282,0.32927429805521324,0.5303917646840435,0.302111241981389
F005,F049,palm_trees_and_buildings,red_wall_yellow_wall,C005,C029,False,0.0702635475409105,0.7890818858560794,0.2109181141439206,0.2803388833999634,0.7880893300248138,0.029429927016749527,0.4476426799007444,0.3401900368432204,1.0,0.5832581219693562,378818,1192,349,1,1.0981737932199631,-0.09368283694274875,-0.0938737067203574,-0.06339649003069885,0.6672658711186035,1.0,False,False,0.0,0.0,0.0,0.0,0.0,0.0,0.0
F005,F050,palm_trees_and_buildings,greenery_and_water,C005,C030,False,0.06881435348159615,0.688833746898263,0.31116625310173696,0.2803388833999634,0.7880893300248138,0.016986423068576388,0.8014888337468983,0.3401900368432204,0.688131312529246,0.48383407957924773,378818,1192,1487,1,4.679038482859843,-1.7008108670976803,-1.7068441509485253,-1.239154309863976,0.9908650359340833,1.0,False,False,0.0,0.0,0.0,0.0,0.0,0.0,0.0
F005,F051,palm_trees_and_buildings,zebra_crossing,C005,C020,False,0.0624863108274627,0.2506203473945409,0.749379652605459,0.2803388833999634,0.7880893300248138,0.009831619262695313,0.9235732009925558,0.3401900368432204,0.8715151250362396,0.5445004706109098,378818,1192,19455,94,61.21768236989794,4.1898764041481344,4.308574645360739,0.42602935842433315,3.587543179608621e-05,0.0002232249089534253,False,False,1.0500682799477954,1.0798164743956193,0.10677162580857977,3.3019968882318795,0.335749191651534,3.869657562342272,0.39346929827676624
F005,F052,palm_trees_and_buildings,palm_tree_street,C005,C026,False,0.06729461237930942,0.5831265508684863,0.4168734491315137,0.2803388833999634,0.7880893300248138,0.010259698938440394,0.9196029776674938,0.3401900368432204,0.6043684764040841,0.4534315099932804,378818,1192,90021,153,283.2627594253705,-7.739725053527718,-8.878268679257397,-0.6144379678952389,1.0,1.0,False,False,0.0,0.0,0.0,0.0,0.0,0.0,0.0
F005,F053,palm_trees_and_buildings,road_marking,C005,C030,False,0.0623196316093153,0.24069478908188585,0.7593052109181142,0.2803388833999634,0.7880893300248138,0.017508951822916667,0.7880893300248138,0.3401900368432204,0.5154761910438538,0.4187599126265688,378818,1192,86968,433,273.6560987070308,9.632363877167752,10.991377423521163,0.4581941487415175,1.3929388408616447e-25,1.671526609033974e-24,True,True,2.318459791774868,2.6455672706738285,0.11028494398989379,7.591163194512352,0.36109791970299243,7.591163194512352,0.36109791970299243
F005,F054,palm_trees_and_buildings,highlighted_lane,C005,C023,False,0.06103036670619557,0.18610421836228289,0.8138957816377171,0.2803388833999634,0.7880893300248138,0.09285510027850116,0.0511166253101737,0.3401900368432204,0.8999999761581421,0.5533272314355546,378818,1192,245062,448,771.1193871463341,-11.635959618338607,-19.613028460397985,-0.5425827251195278,1.0,1.0,True,False,0.0,0.0,0.0,0.0,0.0,0.0,0.0
F005,F055,palm_trees_and_buildings,small alley entrance,C005,C014,False,0.06193392229504952,0.2238213399503722,0.7761786600496278,0.2803388833999634,0.7880893300248138,0.03165791829427083,0.38461538461538464,0.3401900368432204,0.8571428656578064,0.5399920953569901,378818,1192,535,1,1.6834469322999435,-0.5267506536524198,-0.5279536058164451,-0.37543968157841257,0.8149802116023537,1.0,False,False,0.0,0.0,0.0,0.0,0.0,0.0,0.0
F005,F056,palm_trees_and_buildings,stone_wall_street,C005,C021,False,0.06430526134230617,0.3523573200992556,0.6476426799007444,0.24508796632289886,0.05905707196029777,0.0321754879421658,0.375682382133995,0.3401900368432204,0.4911375728746255,0.40875433821711143,378818,1192,8534,8,26.853338542519097,-3.638221387259179,-3.6857064165193947,-1.1687724252902616,0.9999952351077065,1.0,False,False,0.0,0.0,0.0,0.0,0.0,0.0,0.0
F005,F057,palm_trees_and_buildings,streetlight illumination,C005,C027,False,0.05967801519968467,0.13300248138957815,0.8669975186104218,0.26061704754829407,0.10198511166253102,0.06042429606119792,0.09429280397022333,0.3401900368432204,0.2642857193946838,0.2998455746180265,378818,1192,119269,109,375.2953872308074,-13.746021865483876,-16.632841150564197,-1.2331202631152987,1.0,1.0,False,False,0.0,0.0,0.0,0.0,0.0,0.0,0.0
F005,F058,palm_trees_and_buildings,shaded alley,C005,C031,False,0.06924975261308969,0.7230769230769231,0.27692307692307694,0.2803388833999634,0.7880893300248138,0.028182135687934026,0.47791563275434246,0.3401900368432204,0.875,0.5455880151156346,378818,1192,169922,157,534.681625477142,-16.333461257117907,-22.029886221607125,-1.2231807178908518,1.0,1.0,False,False,0.0,0.0,0.0,0.0,0.0,0.0,0.0
F005,F059,palm_trees_and_buildings,road_edge,C005,C024,False,0.06893077595930168,0.7002481389578163,0.29975186104218365,0.2803388833999634,0.7880893300248138,0.03717803955078125,0.2729528535980149,0.3401900368432204,0.7857142686843872,0.5170030618980759,378818,1192,1891,7,5.9502769139798,0.43033449492134407,0.43209239769425073,0.15077995825618382,0.38567672280772464,1.0,False,False,0.3013409291980231,0.3025718973432197,0.10558338516102996,0.3391420237891287,0.1188280762832853,0.11746102839044131,0.04115581987141494
F005,F060,palm_trees_and_buildings,street_corner_shop,C005,C031,False,0.06805327268796398,0.6382133995037221,0.36178660049627787,0.2803388833999634,0.7880893300248138,0.027976142035590276,0.48635235732009924,0.3401900368432204,0.3880471537510554,0.36333149537506154,378818,1192,35651,218,112.18049828677624,9.990955619466297,10.513646247378821,0.6622296493968864,2.4741166361126396e-21,2.833988146819933e-20,True,True,6.3763617501904015,6.709949912719188,0.4226438357937449,7.873765520452842,0.5218961207157596,4.859124817407926,0.3220769510714386
F005,F061,palm_trees_and_buildings,sunlit street,C005,C014,False,0.059453515351484965,0.12952853598014888,0.8704714640198511,0.2803388833999634,0.7880893300248138,0.020625813802083334,0.6923076923076923,0.3401900368432204,0.8258823394775391,0.530053717556088,378818,1192,9753,18,30.68908024433897,-2.29054172528022,-2.324266198215634,-0.5222973093009814,0.9952343548894345,1.0,False,False,0.0,0.0,0.0,0.0,0.0,0.0,0.0
F005,F062,palm_trees_and_buildings,shaded alley,C005,C005,True,0.042123183671473524,0.01141439205955335,0.9885856079404467,0.09228727221488953,0.0019851116625310174,0.21702035268147787,0.003970223325062035,0.3401900368432204,0.5,0.41242577322666224,378818,1192,6655,22,20.940821185899296,0.23145812526598944,0.23388637545753194,0.04821867216013612,0.43712409118270623,1.0,False,False,0.0026419537871552145,0.0026696707868601663,0.0005503868286268639,0.0004594702238530808,9.571944845684589e-05,0.0009189404477061616,0.00019143889691369177
F005,F063,palm_trees_and_buildings,blue_wall_graffiti,C005,C013,False,0.06915832726810554,0.7186104218362283,0.28138957816377175,0.2803388833999634,0.7880893300248138,0.0,0.9947890818858561,0.3401900368432204,0.11488095670938492,0.19769005259635616,378818,1192,39,0,0.12271856141999588,-0.3503120914555989,-0.3508821461438094,-0.21948657097727173,1.0,1.0,False,False,0.0,0.0,0.0,0.0,0.0,0.0,0.0
F006,F007,small alley entrance,roof_and_eaves,C006,C007,False,0.0649289666360917,0.3965260545905707,0.6034739454094293,0.2803388833999634,0.7880893300248138,0.021292098844894254,0.6724565756823822,0.8267045550876193,0.7774307294325395,0.8016891699948123,378818,5123,116971,1625,1581.874232481033,1.0843035046656317,1.3131019622497424,0.026889062829484906,0.09738170468728659,0.3797321405214115,True,False,0.42995459068379144,0.5206791403660269,0.010662213995413618,0.8545280225354953,0.021190983510283885,0.7291470217478566,0.018081727113623845
F006,F008,small alley entrance,stone_wall_and_retaining_wall,C006,C008,False,0.06513366761549393,0.4133995037220844,0.5866004962779157,0.2803388833999634,0.7880893300248138,0.028455691867404515,0.4704714640198511,0.8267045550876193,0.44401784539222716,0.6058643208887156,378818,5123,58622,491,792.7830937283867,-10.71809781879933,-11.737649998743832,-0.47871820917180957,1.0,1.0,True,False,0.0,0.0,0.0,0.0,0.0,0.0,0.0
F006,F009,small alley entrance,highlighted road,C006,C009,False,0.06059407762289796,0.16476426799007443,0.8352357320099255,0.2774387001991272,0.45186104218362283,0.037904456809714986,0.26054590570719605,0.8267045550876193,1.0,0.90923294874725,378818,5123,31159,187,421.3832420845894,-11.41794448722062,-12.000036829757196,-0.8109497528185889,1.0,1.0,False,False,0.0,0.0,0.0,0.0,0.0,0.0,0.0
F006,F010,small alley entrance,green_wall,C006,C004,False,0.06452439740486698,0.36823821339950374,0.6317617866004963,0.2774387001991272,0.45186104218362283,0.03161158706202651,0.38660049627791565,0.8267045550876193,0.6875132593241605,0.7539034044003378,378818,5123,122045,2092,1650.4932051803241,10.867521834132816,13.290068944017351,0.23698247403021228,4.7162839500409445e-39,7.148893566377852e-38,True,True,4.001836824281166,4.8939112439011785,0.08726600284387966,4.910609741924531,0.10708314769454505,4.201389334386831,0.09161754206924833
F006,F011,small alley entrance,road_edge,C006,C010,False,0.06526882255758684,0.4248138957816377,0.5751861042183624,0.2721763849258423,0.21861042183622828,0.019187079535590276,0.7369727047146402,0.8267045550876193,0.384821442887187,0.5640333675681144,378818,5123,60886,216,823.4006251022919,-21.167503407277657,-23.26343852677213,-1.3364593745900748,1.0,1.0,True,False,0.0,0.0,0.0,0.0,0.0,0.0,0.0
F006,F012,small alley entrance,bamboo,C006,C011,False,0.06355951324595803,0.3012406947890819,0.6987593052109181,0.2803388833999634,0.7880893300248138,0.011390580071343316,0.9022332506203474,0.8267045550876193,0.27633877843618393,0.47796498499423745,378818,5123,27187,254,367.6673257342576,-5.927999035380489,-6.194923340224309,-0.369236688333674,0.9999999999720689,1.0,True,False,0.0,0.0,0.0,0.0,0.0,0.0,0.0
F006,F013,small alley entrance,tree-lined_driveway,C006,C012,False,0.0642710869568209,0.35037220843672456,0.6496277915632754,0.2774387001991272,0.45186104218362283,0.019041119199810608,0.7424317617866005,0.8267045550876193,0.5153925527225841,0.6527460233459843,378818,5123,210391,2389,2845.253110992614,-8.553530046763191,-12.915490932158832,-0.17474360739309164,1.0,1.0,True,False,0.0,0.0,0.0,0.0,0.0,0.0,0.0
F006,F014,small alley entrance,road_edge,C006,C013,False,0.06630079942890486,0.5086848635235732,0.4913151364764268,0.2721763849258423,0.21861042183622828,0.030461817611882717,0.42233250620347396,0.8267045550876193,0.6375317871570587,0.7259823912850029,378818,5123,1332,35,18.013494606908857,4.002257751364621,4.03669577233915,0.6510327920965511,0.00021871666849574068,0.0012248133435761477,False,False,2.0358879380390755,2.0534060380385255,0.3311705269970049,0.8749352553231343,0.14232255330944454,1.6902835466061006,0.2749523107067816
F006,F015,small alley entrance,tree_shade_street,C006,C014,False,0.0649744169336605,0.40049627791563275,0.5995037220843673,0.2774387001991272,0.45186104218362283,0.02491364655671296,0.5751861042183622,0.8267045550876193,0.8839921777447065,0.8548686214871694,378818,5123,15105,205,204.27465167969842,0.05075038840621334,0.052147242518764514,0.0035359195264331573,0.48925749077174374,1.0,True,False,0.020325341659461125,0.020884776532329015,0.0014161226093456862,0.02293212339645521,0.0015977442822915084,0.02919091819493859,0.0020338117772387243
F006,F016,small alley entrance,construction scaffolding,C006,C015,False,0.06019234906515558,0.15037220843672455,0.8496277915632755,0.2774387001991272,0.45186104218362283,0.025580370867693866,0.5573200992555831,0.8267045550876193,0.3196994091073672,0.5140981985650999,378818,5123,10329,87,139.68572507114234,-4.457762721353374,-4.550677661166425,-0.47132935773027584,0.9999995590504785,1.0,False,False,0.0,0.0,0.0,0.0,0.0,0.0,0.0
F006,F017,small alley entrance,building facade,C006,C011,False,0.06576547862895828,0.4600496277915633,0.5399503722084367,0.2803388833999634,0.7880893300248138,0.04097059037950304,0.20794044665012407,0.8267045550876193,0.43739699572324753,0.6013302659487951,378818,5123,30807,207,416.62291918546634,-10.26992296200774,-10.788028626615343,-0.6982496089207761,1.0,1.0,True,False,0.0,0.0,0.0,0.0,0.0,0.0,0.0
F006,F018,small alley entrance,small alley flowerbed,C006,C013,False,0.045588578882397514,0.018858560794044667,0.9811414392059553,0.2721763849258423,0.21861042183622828,0.05608509205005787,0.11017369727047147,0.8267045550876193,0.2877193056046963,0.4877077614002562,378818,5123,22621,232,305.9183644916556,-4.226195417653233,-4.38809313012776,-0.2760611473733839,0.9999978273673701,1.0,True,False,0.0,0.0,0.0,0.0,0.0,0.0,0.0
F006,F019,small alley entrance,road_and_building,C006,C016,False,0.06719708332532327,0.575682382133995,0.42431761786600497,0.27367761731147766,0.2682382133995037,0.040898923520688656,0.20992555831265508,0.8267045550876193,0.45704154421885806,0.614685550887614,378818,5123,13367,279,180.7705573652783,7.305969103578964,7.4891864707192735,0.4330115853455624,2.009697743248405e-12,1.7848240750611386e-11,True,True,4.205917697345706,4.311392707709358,0.24927714094335104,1.959740099495995,0.11615025403438038,1.5337096430838222,0.09090019880951508
F006,F020,small alley entrance,advertising_wall,C006,C013,False,0.05562820561274161,0.07642679900744417,0.9235732009925558,0.2721763849258423,0.21861042183622828,0.049107142857142856,0.14292803970223325,0.8267045550876193,0.6375811781202044,0.7260105124515097,378818,5123,8894,35,120.279295070456,-7.7758552004334085,-7.922519203482161,-1.2244321759055785,1.0,1.0,False,False,0.0,0.0,0.0,0.0,0.0,0.0,0.0
F006,F021,small alley entrance,road_and_building,C006,C017,False,0.059081454441378696,0.12357320099255584,0.8764267990074441,0.21665197610855103,0.036972704714640196,0.07354246539834106,0.0674937965260546,0.8267045550876193,0.7211538553237915,0.7721276948246167,378818,5123,169116,1329,2287.0646801366356,-20.033443536639695,-27.10976233089022,-0.5426848615364258,1.0,1.0,True,False,0.0,0.0,0.0,0.0,0.0,0.0,0.0
F006,F022,small alley entrance,tree_canopy_and_road,C006,C005,False,0.06096160589520274,0.18014888337468982,0.8198511166253102,0.2803388833999634,0.7880893300248138,0.03632618468484761,0.288833746898263,0.8267045550876193,0.5876411199569702,0.6969975542462236,378818,5123,107423,1625,1452.7504738423202,4.519210002808676,5.375674845222502,0.11201270710556366,5.6862267698645354e-08,4.214497488252538e-07,True,True,0.8141306357417118,0.9684218207522423,0.020178964108843477,3.561541183354927,0.08827601929708936,1.3053003581313396,0.032353049893517644
F006,F023,small alley entrance,street_corner_cafe,C006,C018,False,0.06083726951106801,0.17568238213399504,0.824317617866005,0.1817552000284195,0.02481389578163772,0.03906970553927951,0.23821339950372208,0.8267045550876193,0.48124999552965164,0.6307547569699807,378818,5123,8214,22,111.08321674260463,-8.452237016792461,-8.603754423960115,-1.601255341816416,1.0,1.0,False,False,0.0,0.0,0.0,0.0,0.0,0.0,0.0
F006,F024,small alley entrance,road_edge,C006,C018,False,0.06331811167138024,0.2893300248138958,0.7106699751861042,0.1817552000284195,0.02481389578163772,0.023980176007306134,0.6024813895781638,0.8267045550876193,0.4875000019868215,0.6348373588941728,378818,5123,9323,20,126.08093860376223,-9.447407253742032,-9.631185425241453,-1.8204570482784985,1.0,1.0,False,False,0.0,0.0,0.0,0.0,0.0,0.0,0.0
F006,F025,small alley entrance,shaded alley,C006,C019,False,0.067287773954864,0.5816377171215881,0.41836228287841193,0.2803388833999634,0.7880893300248138,0.03013543023003472,0.4327543424317618,0.8267045550876193,0.7079328984022141,0.7650172232084002,378818,5123,17421,368,235.5954125727922,8.626201874495264,8.891985299417447,0.4452046977445114,9.129551769341837e-17,9.342729120301089e-16,True,True,5.017324365711389,5.171914030231885,0.2589478440479242,6.798217655929766,0.3508610719693717,3.733026319880829,0.1926642662199573
F006,F026,small alley entrance,tree_shadows,C006,C016,False,0.0633533767234216,0.29081885856079404,0.709181141439206,0.27367761731147766,0.2682382133995037,0.04076944986979167,0.21141439205955334,0.8267045550876193,0.7362637281417846,0.7801747097930092,378818,5123,208,2,2.8129180767545363,-0.4846946644622314,-0.4881390918538226,-0.28153866332456606,0.7732763194944351,1.0,False,False,0.0,0.0,0.0,0.0,0.0,0.0,0.0
F006,F027,small alley entrance,car_top_heat,C006,C020,False,0.06052678350654091,0.16129032258064516,0.8387096774193549,0.2774387001991272,0.45186104218362283,0.045962015787760414,0.16674937965260547,0.8267045550876193,0.9444444179534912,0.8836155851665511,378818,5123,94699,1066,1280.6756199547012,-5.998783037391844,-6.974039553027043,-0.1833958505719068,0.9999999999994942,1.0,True,False,0.0,0.0,0.0,0.0,0.0,0.0,0.0
F006,F028,small alley entrance,red_car_street,C006,C021,False,0.06597724007285241,0.4818858560794045,0.5181141439205955,0.2803388833999634,0.7880893300248138,0.014654512758608218,0.8481389578163772,0.8267045550876193,0.6187312696129084,0.7151978460287316,378818,5123,158116,2386,2138.30458953904,5.356525485818139,7.065638784503749,0.10958078752598674,1.1098728291569711e-12,1.0033648536235218e-11,True,True,2.5812338693446217,3.404831394418432,0.052805431606815445,4.221420581379258,0.08635944942494637,4.54307794305866,0.09293973492898826
F006,F029,small alley entrance,electric_bike_parking,C006,C022,False,0.06848261024521356,0.6645161290322581,0.3354838709677419,0.2721763849258423,0.21861042183622828,0.029576937357584637,0.44516129032258067,0.8267045550876193,0.39830395206809044,0.5738289740716228,378818,5123,125824,598,1701.599058122898,-26.753629160824133,-32.96089397200185,-1.045190983453957,1.0,1.0,True,False,0.0,0.0,0.0,0.0,0.0,0.0,0.0
F006,F030,small alley entrance,stone_wall_and_shadows,C006,C012,False,0.06575544469887487,0.45905707196029777,0.5409429280397022,0.2774387001991272,0.45186104218362283,0.01151123046875,0.9002481389578164,0.8267045550876193,0.38914142847061156,0.5671904367053077,378818,5123,10570,155,142.94492341968967,1.0082903377019814,1.029643298283352,0.08069457901513219,0.16169440701655186,0.5981209624685662,False,False,0.4628628101113314,0.4726650376734991,0.037043417165755474,0.45560712281769433,0.03646273657234633,0.907711500045357,0.07264514458235721
F006,F031,small alley entrance,road_edge,C006,C001,False,0.06237763575042005,0.24267990074441687,0.7573200992555831,0.2721763849258423,0.21861042183622828,0.031176249186197918,0.40198511166253104,0.8267045550876193,0.5565476566553116,0.678307071229754,378818,5123,2681,39,36.256891172014,0.45556227838999785,0.4603054513302593,0.07197494894221439,0.3448266593009376,1.0,False,False,0.11055580850258509,0.11170688124094133,0.017466873465381057,0.09959066185151069,0.015734473949898478,0.18312925334784033,0.02893285788744102
F006,F032,small alley entrance,tree-lined walk,C006,C012,False,0.06979196558949775,0.7563275434243176,0.24367245657568237,0.2774387001991272,0.45186104218362283,0.020782470703125,0.6880893300248139,0.8267045550876193,0.42500001192092896,0.5927473709493147,378818,5123,325,1,4.395184494928963,-1.619477146948836,-1.6312378429280925,-1.1827868576500393,0.9880506821879713,1.0,False,False,0.0,0.0,0.0,0.0,0.0,0.0,0.0
F006,F033,small alley entrance,zebra_crossing,C006,C023,False,0.04907111486922057,0.03424317617866005,0.96575682382134,0.26160186529159546,0.1228287841191067,0.11111895243326823,0.03722084367245657,0.8267045550876193,1.0,0.90923294874725,378818,5123,44394,679,600.3686783626966,3.209124469315622,3.438818334238638,0.12298082815187311,0.00038658870620577766,0.0020894445890371253,True,True,0.10989061458202379,0.11775606206573998,0.004211254165002107,0.39417285665291135,0.015105585591855382,0.11944632019785192,0.004577450179350116
F006,F034,small alley entrance,red_door_street,C006,C018,False,0.04219045005962758,0.011910669975186104,0.9880893300248139,0.1817552000284195,0.02481389578163772,0.19451508698640047,0.010421836228287842,0.8267045550876193,0.8333333730697632,0.8300123465487147,378818,5123,15775,40,213.335493561552,-11.867409895035973,-12.205295524900382,-1.6639050236163522,1.0,1.0,False,False,0.0,0.0,0.0,0.0,0.0,0.0,0.0
F006,F035,small alley entrance,small alley entrance,C006,C010,False,0.06659069346239342,0.5250620347394541,0.4749379652605459,0.2721763849258423,0.21861042183622828,0.02009824722532242,0.7086848635235732,0.8267045550876193,0.3212707968694823,0.5153600985608319,378818,5123,65633,1163,887.5973660174543,9.24400320104138,10.23601705007582,0.2701065993448532,3.0863192513917365e-23,3.6386079595355207e-22,True,True,4.853675129876814,5.374543939940555,0.14182272064856313,2.0208354392351007,0.05904811762352746,6.551085146941484,0.19142045849352377
F006,F036,small alley entrance,pedestrian walk,C006,C024,False,0.06662325059286467,0.5285359801488834,0.47146401985111663,0.26160186529159546,0.1228287841191067,0.018671368795727925,0.7518610421836228,0.8267045550876193,0.6076337546110153,0.7087549596030486,378818,5123,191641,3117,2591.6847747467123,10.318792978468283,14.779986875978512,0.1845303360692763,4.728352384582635e-50,8.289007310711818e-49,True,True,5.453853360828149,7.811754850082935,0.09753092204157779,1.2674447951220347,0.022665636812479344,7.758298442868212,0.13874117079154025
F006,F037,small alley entrance,street_corner_shops,C006,C003,False,0.06329612404620497,0.2883374689826303,0.7116625310173696,0.2803388833999634,0.7880893300248138,0.028778615624013574,0.46153846153846156,0.8267045550876193,0.6591791060160507,0.738204829002123,378818,5123,5196,43,70.26885734046428,-3.2530107178046186,-3.297924156603215,-0.48665809776215807,0.9998402400032594,1.0,False,False,0.0,0.0,0.0,0.0,0.0,0.0,0.0
F006,F038,small alley entrance,red-yellow hotspot,C006,C000,False,0.06927030858289186,0.7245657568238213,0.2754342431761787,0.2803388833999634,0.7880893300248138,0.024580213758680556,0.5866004962779157,0.8267045550876193,0.5312499850988388,0.6627116888749134,378818,5123,4115,55,55.649797528100564,-0.08710563690886276,-0.08818080630738923,-0.011640054514619235,0.5536577405651054,1.0,False,False,0.0,0.0,0.0,0.0,0.0,0.0,0.0
F006,F039,small alley entrance,red car corner,C006,C017,False,0.07132934565461653,0.8550868486352358,0.14491315136476424,0.21665197610855103,0.036972704714640196,0.011791229248046875,0.8957816377171216,0.8267045550876193,0.30280448123812675,0.5003297352151909,378818,5123,1373,5,18.567964035499898,-3.148709109478855,-3.175975125703634,-1.2432615589842664,0.9999515258042078,1.0,False,False,0.0,0.0,0.0,0.0,0.0,0.0,0.0
F006,F040,small alley entrance,cobblestone,C006,C013,False,0.0541125513376917,0.06501240694789082,0.9349875930521092,0.2721763849258423,0.21861042183622828,0.07638650470309788,0.06451612903225806,0.8267045550876193,0.45202021673321724,0.6112995764476232,378818,5123,77947,524,1054.1275256191627,-16.328029546456374,-18.44654361059895,-0.6984974994496177,1.0,1.0,True,False,0.0,0.0,0.0,0.0,0.0,0.0,0.0
F006,F041,small alley entrance,concrete_wall,C006,C011,False,0.07048522461098133,0.8029776674937965,0.1970223325062035,0.2803388833999634,0.7880893300248138,0.020783035843460647,0.6873449131513648,0.8267045550876193,0.511904776096344,0.6505336349259394,378818,5123,8967,253,121.26652112624004,11.962603315934867,12.189438290521077,0.7332583731391205,7.769346244310664e-27,9.728572688528136e-26,True,True,9.605703307782935,9.787846726582185,0.5887900981335469,9.427600032607726,0.5778731000222944,8.22243453725548,0.5040014128028198
F006,F042,small alley entrance,Red-yellow glow street,C006,C025,False,0.06872592068011868,0.6813895781637717,0.31861042183622834,0.27367761731147766,0.2682382133995037,0.027109640615957754,0.5096774193548387,0.8267045550876193,0.9285714626312256,0.8761588085967106,378818,5123,66510,1197,899.4576023314626,9.921069909057474,11.00115656409413,0.28564367559099785,1.880007662808032e-26,2.311033809890849e-25,True,True,6.760113640265961,7.496073430521706,0.19463462361609926,2.6612100674171537,0.07662054920939669,5.056545308487357,0.1455861314302505
F006,F043,small alley entrance,tree_shadows,C006,C015,False,0.06489539929679046,0.39503722084367243,0.6049627791563276,0.2774387001991272,0.45186104218362283,0.03936979505750868,0.2327543424317618,0.8267045550876193,0.7320646420121193,0.7779467682110431,378818,5123,16390,232,221.65253499041756,0.6950205010666857,0.7154151521368689,0.045525984545092456,0.2462464504147647,0.8633614678889837,True,False,0.27455896717076017,0.2826156134496018,0.017984458410865305,0.31405268795097635,0.020571418822980983,0.16176903970237003,0.010596370596351545
F006,F044,small alley entrance,road_and_buildings,C006,C026,False,0.07046321230891658,0.8019851116625311,0.19801488833746894,0.27367761731147766,0.2682382133995037,0.012791763117283951,0.8833746898263027,0.8267045550876193,0.8246913684739007,0.8256973482207727,378818,5123,21673,248,293.0979494110628,-2.634210066737449,-2.7314893275235423,-0.1667684668845416,0.9976281435950951,1.0,True,False,0.0,0.0,0.0,0.0,0.0,0.0,0.0
F006,F045,small alley entrance,underpass glow,C006,C027,False,0.06520869527908119,0.4173697270471464,0.5826302729528536,0.2803388833999634,0.7880893300248138,0.027076297336154513,0.511166253101737,0.8267045550876193,0.7119318172335625,0.767174866779923,378818,5123,85507,1175,1156.3662787935104,0.5479638193817795,0.6269878123428059,0.015978723270936038,0.2702565766236911,0.9377577598508801,True,False,0.22870350972708517,0.2616857320994043,0.006669035370152461,0.43184443929442473,0.012592661317243884,0.2801006123887012,0.008167784103753906
F006,F046,small alley entrance,window_heat_zone,C006,C021,False,0.062249287122162676,0.2347394540942928,0.7652605459057071,0.2803388833999634,0.7880893300248138,0.030374854502051768,0.4238213399503722,0.8267045550876193,0.739260733127594,0.7817609708050121,378818,5123,39968,564,540.513027364064,1.010238601346876,1.0754534176799941,0.042497024877771114,0.14640125981037588,0.5496181373886737,True,False,0.23714285778514757,0.2524513481700433,0.009975728420439572,0.7961582625006646,0.033491451863970484,0.4281606776924229,0.018011146027601257
F006,F047,small alley entrance,underpass,C006,C008,False,0.06648774265918188,0.5181141439205955,0.4818858560794045,0.2803388833999634,0.7880893300248138,0.013457121672453705,0.869727047146402,0.8267045550876193,0.3610449731349945,0.5463309655164964,378818,5123,10970,70,148.35438125960223,-6.432993271752845,-6.572798034476648,-0.7473558112688522,0.9999999999998962,1.0,False,False,0.0,0.0,0.0,0.0,0.0,0.0,0.0
F006,F048,small alley entrance,shaded path,C006,C028,False,0.07691008180140202,0.9811414392059553,0.018858560794044688,0.2774387001991272,0.45186104218362283,0.0330016121031746,0.3568238213399504,0.8267045550876193,0.6641156588281903,0.7409638589420406,378818,5123,155,5,2.096164912966121,2.005668828699251,2.019780520355629,0.7507127696183734,0.060425159042822946,0.24810004201696756,False,False,1.9678448011605059,1.9816903666218753,0.7365554072136596,0.9062836072112497,0.33921785446031216,0.7156704157988891,0.2678721991839258
F006,F049,small alley entrance,red_wall_yellow_wall,C006,C029,False,0.06577355290062566,0.4620347394540943,0.5379652605459058,0.2774387001991272,0.45186104218362283,0.03531762325402462,0.3042183622828784,0.8267045550876193,1.0,0.90923294874725,378818,5123,349,6,4.719751965323717,0.5892974065787446,0.5935957236701899,0.21935229235748552,0.3346373357179186,1.0,False,False,0.2722758737095837,0.2742618455270207,0.10134837924804914,0.26628054029277765,0.09911675543002013,0.17927509192693322,0.06673099514398939
F006,F050,small alley entrance,greenery_and_water,C006,C030,False,0.07209621884106504,0.8863523573200992,0.1136476426799008,0.2774387001991272,0.45186104218362283,0.0227813720703125,0.6411910669975186,0.8267045550876193,0.688131312529246,0.7542421962250255,378818,5123,1487,24,20.10965951987498,0.8675315008920427,0.8751760014865846,0.17291324292669497,0.21817005944767115,0.7770862894814576,False,False,0.7689385908651057,0.7757143119876129,0.15326206047993907,0.3920036881202009,0.07813275815620634,0.5562534487109276,0.11087042673016868
F006,F051,small alley entrance,zebra_crossing,C006,C020,False,0.062008206869826644,0.22679900744416873,0.7732009925558313,0.2774387001991272,0.45186104218362283,0.03485090467664931,0.31364764267990075,0.8267045550876193,0.8715151250362396,0.848814186789556,378818,5123,19455,287,263.1025056887476,1.473295542272533,1.5229813490238926,0.08678055200647868,0.06938765874955305,0.2808946185524075,True,False,0.33414196665932877,0.34541065831459994,0.01968174306052643,0.6657248591757524,0.039212750670917534,0.462095673804586,0.02721851556729257
F006,F052,small alley entrance,palm_tree_street,C006,C026,False,0.06744036632404245,0.5965260545905707,0.40347394540942927,0.27367761731147766,0.2682382133995037,0.024870695891203703,0.5766749379652606,0.8267045550876193,0.6043684764040841,0.7068480546727286,378818,5123,90021,1649,1217.4120105169236,12.36945483941987,14.263483717186496,0.303334285963204,2.0182152596651363e-43,3.229144415464218e-42,True,True,7.378702092795376,8.508539666530108,0.18094680482767803,3.3179604668518308,0.081365846929584,7.133154602186546,0.17492528054056727
F006,F053,small alley entrance,road_marking,C006,C030,False,0.06354615430080657,0.3002481389578164,0.6997518610421836,0.2774387001991272,0.45186104218362283,0.0482757568359375,0.14937965260545905,0.8267045550876193,0.5154761910438538,0.6527989852743108,378818,5123,86968,827,1176.124323553791,-10.180133923916689,-11.677369771268443,-0.35199576771217966,1.0,1.0,True,False,0.0,0.0,0.0,0.0,0.0,0.0,0.0
F006,F054,small alley entrance,highlighted_lane,C006,C023,False,0.06505238932859152,0.4089330024813896,0.5910669975186105,0.26160186529159546,0.1228287841191067,0.04787586353443287,0.1513647642679901,0.8267045550876193,0.8999999761581421,0.8625741010885296,378818,5123,245062,2593,3314.131392911636,-12.526494174362695,-21.22483362101773,-0.24533810895421693,1.0,1.0,True,False,0.0,0.0,0.0,0.0,0.0,0.0,0.0
F006,F055,small alley entrance,small alley entrance,C006,C014,False,0.05726982377934495,0.09280397022332507,0.9071960297766749,0.2774387001991272,0.45186104218362283,0.06059027777777778,0.09230769230769231,0.8267045550876193,0.8571428656578064,0.8417861435068671,378818,5123,535,8,7.2351498608830624,0.2843495756673611,0.28649402062264534,0.09429130527197177,0.43653841786589387,1.0,False,False,0.026388769553248894,0.026587782559024657,0.008750607486778523,0.1284864956055247,0.04260656746904729,0.026247653138525638,0.008703812794335856
F006,F056,small alley entrance,stone_wall_street,C006,C021,False,0.05894619335742579,0.1205955334987593,0.8794044665012407,0.2803388833999634,0.7880893300248138,0.03969997829861111,0.22580645161290322,0.8267045550876193,0.4911375728746255,0.6372014349247265,378818,5123,8534,61,115.41078301453469,-5.064793953287345,-5.157814263519082,-0.6337836084318957,0.9999999938927601,1.0,False,False,0.0,0.0,0.0,0.0,0.0,0.0,0.0
F006,F057,small alley entrance,streetlight illumination,C006,C027,False,0.06524375871340142,0.42084367245657567,0.5791563275434244,0.2803388833999634,0.7880893300248138,0.018864949544270832,0.7478908188585608,0.8267045550876193,0.2642857193946838,0.46742508284022743,378818,5123,119269,919,1612.951567771331,-17.278995747992386,-21.017458951288848,-0.5623009501215945,1.0,1.0,True,False,0.0,0.0,0.0,0.0,0.0,0.0,0.0
F006,F058,small alley entrance,shaded alley,C006,C031,False,0.07662368288380532,0.9786600496277915,0.021339950372208483,0.2774387001991272,0.45186104218362283,0.004129480432581018,0.975682382133995,0.8267045550876193,0.875,0.8505095447446,378818,5123,169922,1279,2297.9647376840594,-21.25629041397973,-28.819988491235375,-0.5857720180817532,1.0,1.0,True,False,0.0,0.0,0.0,0.0,0.0,0.0,0.0
F006,F059,small alley entrance,road_edge,C006,C024,False,0.06487285887739398,0.3935483870967742,0.6064516129032258,0.26160186529159546,0.1228287841191067,0.025777180989583332,0.5513647642679901,0.8267045550876193,0.7857142686843872,0.8059488599897145,378818,5123,1891,4,25.573211938186674,-4.266012966304232,-4.305909891883745,-1.7568310279601027,0.9999999796156678,1.0,False,False,0.0,0.0,0.0,0.0,0.0,0.0,0.0
F006,F060,small alley entrance,street_corner_shop,C006,C031,False,0.06811088178394017,0.6421836228287842,0.35781637717121584,0.2774387001991272,0.45186104218362283,0.025313765914351853,0.5662531017369727,0.8267045550876193,0.3880471537510554,0.5663923989556916,378818,5123,35651,542,482.13145362680757,2.7265657869354203,2.8842613605954455,0.11693475899150037,0.0024231916018941065,0.012002836042797343,True,True,1.750955894935203,1.8522254097322615,0.07509358716377244,1.2320288580668488,0.052838262065390114,1.5439263339420917,0.06621466997980245
F006,F061,small alley entrance,sunlit street,C006,C014,False,0.06049253004846026,0.1607940446650124,0.8392059553349875,0.2774387001991272,0.45186104218362283,0.027335611979166667,0.5017369727047146,0.8267045550876193,0.8258823394775391,0.8262933450128357,378818,5123,9753,26,131.89610578166824,-9.220702352223721,-9.405544934180359,-1.60865349755301,1.0,1.0,False,False,0.0,0.0,0.0,0.0,0.0,0.0,0.0
F006,F062,small alley entrance,shaded alley,C006,C005,False,0.06893013260604684,0.6997518610421837,0.3002481389578163,0.2803388833999634,0.7880893300248138,0.023978339301215276,0.6034739454094293,0.8267045550876193,0.5,0.6429247837374211,378818,5123,6655,272,89.99985481154539,19.184515250179746,19.48747733836517,1.1022903676910214,2.4258728849748223e-56,4.890559736109242e-55,True,True,13.424400249505432,13.636398534538408,0.7713297362006651,15.11911177036498,0.8687032773664227,11.577355108793338,0.6652035171773112
F006,F063,small alley entrance,blue_wall_graffiti,C006,C013,False,0.06004439058635994,0.14392059553349876,0.8560794044665012,0.2721763849258423,0.21861042183622828,0.062357584635416664,0.08635235732009926,0.8267045550876193,0.11488095670938492,0.30817626482984073,378818,5123,39,0,0.5274221393914756,-0.7262383488851822,-0.7312360963614518,-0.7202000683290397,1.0,1.0,False,False,0.0,0.0,0.0,0.0,0.0,0.0,0.0
F007,F008,roof_and_eaves,stone_wall_and_retaining_wall,C007,C008,False,0.06800113945284737,0.6337468982630273,0.3662531017369727,0.26061704754829407,0.10198511166253102,0.02053735906427557,0.6967741935483871,0.7774307294325395,0.44401784539222716,0.5875313756935401,378818,116971,58622,14594,18101.235849405257,-26.068188824326036,-34.1042999552241,-0.2153630915438034,1.0,1.0,True,False,0.0,0.0,0.0,0.0,0.0,0.0,0.0
F007,F009,roof_and_eaves,highlighted road,C007,C009,False,0.06754170491909058,0.6044665012406948,0.3955334987593052,0.2803388833999634,0.7880893300248138,0.039897340716737686,0.22233250620347395,0.7774307294325395,1.0,0.8817203238173313,378818,116971,31159,10481,9621.24130585136,8.76518370492119,11.005011905677108,0.08558654120006594,4.555530020374768e-28,5.963602935763333e-27,True,True,5.298259926845662,6.652161042736832,0.05173419711249643,6.907747753555756,0.06744983991350109,1.9487852604489793,0.019028670202297537
F007,F010,roof_and_eaves,green_wall,C007,C004,False,0.051198263173454696,0.044168734491315136,0.9558312655086849,0.2803388833999634,0.7880893300248138,0.11088770086115057,0.03771712158808933,0.7774307294325395,0.6875132593241605,0.7310909209468579,378818,116971,122045,15667,37684.91913003078,-113.42074051824257,-165.70058177029048,-0.8776847560495113,1.0,1.0,True,False,0.0,0.0,0.0,0.0,0.0,0.0,0.0
F007,F011,roof_and_eaves,road_edge,C007,C010,False,0.061769963564616844,0.2143920595533499,0.78560794044665,0.2803388833999634,0.7880893300248138,0.024199803670247395,0.5955334987593052,0.7774307294325395,0.384821442887187,0.5469661918666163,378818,116971,60886,22611,18800.31124708963,27.792074069603537,36.488841073242035,0.18455860606988322,3.8789676969160245e-284,4.344443820545948e-282,True,True,5.958399999041553,7.822917788407226,0.039567899663617644,21.90263703351385,0.14544866820792782,16.551111108448755,0.1099108323989379
F007,F012,roof_and_eaves,bamboo,C007,C011,False,0.06452139179669959,0.36774193548387096,0.6322580645161291,0.21906466782093048,0.04119106699751861,0.040711923079057175,0.21339950372208435,0.7774307294325395,0.27633877843618393,0.46350216621946805,378818,116971,27187,6405,8394.77157104467,-21.716947427987034,-27.111992426313943,-0.2705116428336423,1.0,1.0,True,False,0.0,0.0,0.0,0.0,0.0,0.0,0.0
F007,F013,roof_and_eaves,tree-lined_driveway,C007,C012,False,0.0645168960353312,0.36625310173697273,0.6337468982630272,0.2803388833999634,0.7880893300248138,0.053748895314114156,0.12208436724565756,0.7774307294325395,0.5153925527225841,0.6329944772327932,378818,116971,210391,55691,64964.2985840166,-36.38286262806455,-65.62921996114603,-0.1540180308964403,1.0,1.0,True,False,0.0,0.0,0.0,0.0,0.0,0.0,0.0
F007,F014,roof_and_eaves,road_edge,C007,C013,False,0.06371857708448721,0.31215880893300246,0.6878411910669975,0.2803388833999634,0.7880893300248138,0.020058988320707072,0.7101736972704714,0.7774307294325395,0.6375317871570587,0.7040147742241939,378818,116971,1332,547,411.29347602278665,6.691520551436613,8.06270228545821,0.2848405098091869,2.2940231333046862e-15,2.2894805132387363e-14,True,True,2.088817085287161,2.5168435422100317,0.08891547427790499,5.273515948228954,0.2244797665394485,4.752141890375084,0.20228623798359624
F007,F015,roof_and_eaves,tree_shade_street,C007,C014,False,0.06374920024407704,0.31315136476426797,0.686848635235732,0.2803388833999634,0.7880893300248138,0.03504585497307055,0.30918114143920594,0.7774307294325395,0.8839921777447065,0.8290010154135677,378818,116971,15105,2855,4664.105071564709,-26.48985788444865,-32.516698837038604,-0.4907562138360952,1.0,1.0,True,False,0.0,0.0,0.0,0.0,0.0,0.0,0.0
F007,F016,roof_and_eaves,construction scaffolding,C007,C015,False,0.0634732431068084,0.2977667493796526,0.7022332506203475,0.2803388833999634,0.7880893300248138,0.032810326778527465,0.3617866004962779,0.7774307294325395,0.3196994091073672,0.49854201911322615,378818,116971,10329,2490,3189.3771124920145,-12.383929729314108,-15.102625293508371,-0.2474988997937567,1.0,1.0,True,False,0.0,0.0,0.0,0.0,0.0,0.0,0.0
F007,F017,roof_and_eaves,building facade,C007,C011,False,0.06127316651280611,0.1945409429280397,0.8054590570719603,0.21906466782093048,0.04119106699751861,0.09459131414240057,0.05012406947890819,0.7774307294325395,0.43739699572324753,0.5831345174457826,378818,116971,30807,7078,9512.551138013505,-24.961483877078404,-31.324211366291017,-0.2956026389501724,1.0,1.0,True,False,0.0,0.0,0.0,0.0,0.0,0.0,0.0
F007,F018,roof_and_eaves,small alley flowerbed,C007,C013,False,0.05117189212779859,0.04367245657568238,0.9563275434243176,0.2803388833999634,0.7880893300248138,0.035091978130918564,0.30818858560794044,0.7774307294325395,0.2877193056046963,0.47295013439905353,378818,116971,22621,8750,6984.887178011604,21.119944465704318,26.197139672011996,0.22529042049841025,5.549730178288153e-146,2.663870485578313e-144,True,True,0.9223598575592953,1.1440934447330302,0.009838986106134045,16.64440288413819,0.17754897655160073,6.508925813003663,0.0694319360444232
F007,F019,roof_and_eaves,road_and_building,C007,C016,False,0.07349169563989781,0.9330024813895782,0.0669975186104218,0.2803388833999634,0.7880893300248138,0.013405539772727272,0.8714640198511167,0.7774307294325395,0.45704154421885806,0.5960856826858376,378818,116971,13367,3688,4127.447367865308,-6.8401574016955795,-8.37640660615285,-0.11256040672313036,1.0,1.0,True,False,0.0,0.0,0.0,0.0,0.0,0.0,0.0
F007,F020,roof_and_eaves,advertising_wall,C007,C013,False,0.06370916250594824,0.31116625310173696,0.688833746898263,0.2803388833999634,0.7880893300248138,0.0202741746778612,0.7052109181141439,0.7774307294325395,0.6375811781202044,0.7040420444678347,378818,116971,8894,3717,2746.2794112212196,18.52345013240956,22.546122308575722,0.30262229716662337,3.596525695530004e-107,1.3427029263312017e-105,True,True,5.763872572218756,7.015592400732991,0.09416584631437858,14.5981334045987,0.23849340342461434,13.062939274518108,0.21341254802668577
F007,F021,roof_and_eaves,road_and_building,C007,C017,False,0.06653776821795648,0.5196029776674937,0.48039702233250625,0.2803388833999634,0.7880893300248138,0.031031136560921716,0.40397022332506205,0.7774307294325395,0.7211538553237915,0.7487637596581871,378818,116971,169116,45707,52219.45006837056,-28.498910640834524,-46.07159053548362,-0.1332022088717293,1.0,1.0,True,False,0.0,0.0,0.0,0.0,0.0,0.0,0.0
F007,F022,roof_and_eaves,tree_canopy_and_road,C007,C005,False,0.06550567563071036,0.4401985111662531,0.5598014888337469,0.26061704754829407,0.10198511166253102,0.03291736949573864,0.3583126550868486,0.7774307294325395,0.5876411199569702,0.6759069939959949,378818,116971,107423,30435,33169.95426035722,-15.016808109538138,-21.33943627536614,-0.08604985751596593,1.0,1.0,True,False,0.0,0.0,0.0,0.0,0.0,0.0,0.0
F007,F023,roof_and_eaves,street_corner_cafe,C007,C018,False,0.06707436225269683,0.56575682382134,0.43424317617866004,0.2803388833999634,0.7880893300248138,0.008009910583496094,0.9488833746898263,0.7774307294325395,0.48124999552965164,0.6116686480963557,378818,116971,8214,2609,2536.3097688071844,1.4433607891661029,1.755197873574786,0.028251337028214276,0.04091328521806592,0.17364459578867558,True,False,0.8165912157068771,0.9930151741316408,0.01598338670578872,1.1374972373180006,0.022264577270870604,1.3695810565189026,0.02680722401883161
F007,F024,roof_and_eaves,road_edge,C007,C018,False,0.0624017740421765,0.24367245657568237,0.7563275434243176,0.2803388833999634,0.7880893300248138,0.029867692427201706,0.43821339950372207,0.7774307294325395,0.4875000019868215,0.6156277139172497,378818,116971,9323,3560,2878.7455532736035,12.697192677710332,15.46356625297692,0.21237268527876488,2.810457641699476e-52,5.198057436390957e-51,True,True,3.093956131392443,3.7680451762837057,0.0517493739314509,10.006522070572707,0.16736864725691247,5.564079967453212,0.09306455637774162
F007,F025,roof_and_eaves,shaded alley,C007,C019,False,0.06678925344598474,0.5404466501240694,0.45955334987593055,0.27533864974975586,0.31042183622828784,0.030213165283203124,0.4292803970223325,0.7774307294325395,0.7079328984022141,0.7418684449375949,378818,116971,17421,4851,5379.236971316041,-7.202254371953307,-8.86915851000827,-0.10335154740536132,1.0,1.0,True,False,0.0,0.0,0.0,0.0,0.0,0.0,0.0
F007,F026,roof_and_eaves,tree_shadows,C007,C016,False,0.06709165656420195,0.5672456575682382,0.4327543424317618,0.2803388833999634,0.7880893300248138,0.018574940074573863,0.7553349875930521,0.7774307294325395,0.7362637281417846,0.7565672787161686,378818,116971,208,65,64.22600826782254,0.09657858899709627,0.11619596530198305,0.011887039406550202,0.4797904219790633,1.0,False,False,0.05478378522267049,0.06591165674449956,0.006742871484708129,0.07611255549746346,0.00936804892188671,0.07294918732187619,0.008978696762664717
F007,F027,roof_and_eaves,car_top_heat,C007,C020,False,0.07019317023787654,0.7846153846153846,0.2153846153846154,0.2803388833999634,0.7880893300248138,0.02804296666925604,0.48287841191067,0.7774307294325395,0.9444444179534912,0.856878120130321,378818,116971,94699,27862,29241.051716127535,-8.064622787263444,-11.200570713603438,-0.04830900302853537,1.0,1.0,True,False,0.0,0.0,0.0,0.0,0.0,0.0,0.0
F007,F028,roof_and_eaves,red_car_street,C007,C021,False,0.0645959462395436,0.3727047146401985,0.6272952853598015,0.26061704754829407,0.10198511166253102,0.03079547304095644,0.4143920595533499,0.7774307294325395,0.6187312696129084,0.693556560244285,378818,116971,158116,39873,48822.88232343764,-40.504718437541314,-63.82762952207963,-0.20249740123481563,1.0,1.0,True,False,0.0,0.0,0.0,0.0,0.0,0.0,0.0
F007,F029,roof_and_eaves,electric_bike_parking,C007,C022,False,0.07312529486505395,0.9240694789081886,0.07593052109181142,0.2803388833999634,0.7880893300248138,0.006460016424005682,0.9632754342431762,0.7774307294325395,0.39830395206809044,0.5564653915493387,378818,116971,125824,29661,38851.79453985819,-46.6280781692242,-68.62757252914233,-0.2699172279910898,1.0,1.0,True,False,0.0,0.0,0.0,0.0,0.0,0.0,0.0
F007,F030,roof_and_eaves,stone_wall_and_shadows,C007,C012,False,0.06577490584066233,0.4630272952853598,0.5369727047146402,0.2803388833999634,0.7880893300248138,0.011902410333806818,0.894789081885856,0.7774307294325395,0.38914142847061156,0.5500277307448489,378818,116971,10570,1946,3263.792823994636,-23.06672014798603,-28.139856644217762,-0.5170102582431464,1.0,1.0,True,False,0.0,0.0,0.0,0.0,0.0,0.0,0.0
F007,F031,roof_and_eaves,road_edge,C007,C001,False,0.06736473360339024,0.5880893300248139,0.4119106699751861,0.2803388833999634,0.7880893300248138,0.027958436445756393,0.48734491315136474,0.7774307294325395,0.5565476566553116,0.6577820692885368,378818,116971,2681,934,827.8361931059242,3.689812335413567,4.453869445616949,0.1205925245971983,5.732202160945926e-06,3.852039852155662e-05,True,True,2.1699392642506585,2.6192730982908605,0.07091917699636724,2.907901731333372,0.09503768191580689,1.7982112721469592,0.05877015342652542
F007,F032,roof_and_eaves,tree-lined walk,C007,C012,False,0.06631358491111455,0.5096774193548387,0.4903225806451613,0.2803388833999634,0.7880893300248138,0.036955399946732956,0.27692307692307694,0.7774307294325395,0.42500001192092896,0.5748113336361121,378818,116971,325,51,100.35313791847273,-4.926622571882782,-5.928251211270154,-0.6720835709561727,0.9999999999054539,1.0,False,False,0.0,0.0,0.0,0.0,0.0,0.0,0.0
F007,F033,roof_and_eaves,zebra_crossing,C007,C023,False,0.06495813425043856,0.3990074441687345,0.6009925558312654,0.2803388833999634,0.7880893300248138,0.019130880182439632,0.7389578163771712,0.7774307294325395,1.0,0.8817203238173313,378818,116971,44394,16150,13707.92986077747,20.857977586850524,26.701134244214686,0.16394004703342768,2.1410476598517834e-153,1.1358821269108409e-151,True,True,8.322488327457977,10.653951331190376,0.06541329916371011,16.437949582093612,0.1291994018308105,15.413165571623042,0.12114477917259246
F007,F034,roof_and_eaves,red_door_street,C007,C018,False,0.07045241917670522,0.7995037220843673,0.20049627791563274,0.2803388833999634,0.7880893300248138,0.019512176513671875,0.7270471464019851,0.7774307294325395,0.8333333730697632,0.8048968704660893,378818,116971,15775,6248,4870.986925119714,19.730113429177685,24.241348812199703,0.24894222101771063,9.72254817130231e-125,3.843266100655972e-123,True,True,15.774299123774318,19.381048603699117,0.19903023228760885,15.549091873714223,0.1961887081767367,14.344722666871121,0.1809927314098988
F007,F035,roof_and_eaves,small alley entrance,C007,C010,False,0.0663328100740936,0.5101736972704715,0.48982630272952854,0.2803388833999634,0.7880893300248138,0.034101610059862016,0.33101736972704715,0.7774307294325395,0.3212707968694823,0.49976573507556005,378818,116971,65633,17633,20266.08461847114,-18.496088308612453,-24.467277405802182,-0.1391729499177992,1.0,1.0,True,False,0.0,0.0,0.0,0.0,0.0,0.0,0.0
F007,F036,roof_and_eaves,pedestrian walk,C007,C024,False,0.06547577548850649,0.43870967741935485,0.5612903225806452,0.2803388833999634,0.7880893300248138,0.021581674551034904,0.6660049627791563,0.7774307294325395,0.6076337546110153,0.6873086301473846,378818,116971,191641,59421,59174.69447333548,1.0125259081766376,1.7325514320951207,0.0041536719363685914,0.04190021435308674,0.1770876983979515,True,False,0.44420491455491196,0.7600870798868917,0.0018222560753100917,0.7979608646076924,0.0032734645334755947,0.6743472797881129,0.00276636612337799
F007,F037,roof_and_eaves,street_corner_shops,C007,C003,False,0.06581878917909832,0.46898263027295284,0.5310173697270472,0.27533864974975586,0.31042183622828784,0.0331814348205062,0.35186104218362285,0.7774307294325395,0.6591791060160507,0.7158673712474592,378818,116971,5196,1864,1604.4150911519516,6.480687373113617,7.848941344897031,0.1499220681632213,5.31380872591979e-15,5.225677264124047e-14,True,True,3.039329810219537,3.6810171567879375,0.07031084586314844,2.011746874383408,0.04653908369036969,2.2803014131700023,0.052751735150235186
F007,F038,roof_and_eaves,red-yellow hotspot,C007,C000,False,0.07097013420288603,0.8307692307692308,0.16923076923076918,0.27533864974975586,0.31042183622828784,0.016103484413840553,0.8158808933002482,0.7774307294325395,0.5312499850988388,0.6426585900977407,378818,116971,4115,1425,1270.6251154908161,4.33079800424199,5.237578862663452,0.11462020338426253,1.1757967270513099e-07,8.589947898036664e-07,True,True,3.5978937266010376,4.351219362828099,0.09522293819615657,1.3443742688106026,0.03558061400340259,3.5334153444038865,0.09351643392740824
F007,F039,roof_and_eaves,red car corner,C007,C017,False,0.0719698059935466,0.8803970223325062,0.11960297766749384,0.2803388833999634,0.7880893300248138,0.032537286931818184,0.36774193548387096,0.7774307294325395,0.30280448123812675,0.48519017789357466,378818,116971,1373,626,423.95341034480936,9.812788939107312,11.824202310889326,0.38934652644579953,1.8266937038096917e-30,2.4882530451894176e-29,True,True,8.63915016276743,10.409992505964102,0.3427795225383863,7.733354260695986,0.30683984317415863,3.608573996962044,0.14317904520910046
F007,F040,roof_and_eaves,cobblestone,C007,C013,False,0.061005256590654214,0.18461538461538463,0.8153846153846154,0.2803388833999634,0.7880893300248138,0.0357666015625,0.29478908188585606,0.7774307294325395,0.45202021673321724,0.5928021649869033,378818,116971,77947,24325,24068.387819480595,1.6540695496842641,2.2323887963909153,0.01060513820517617,0.0129817094203161,0.05894397790846229,True,False,0.30536668609555645,0.4121333162567844,0.0019578716686479082,1.3035545632251173,0.008357796262937844,0.4876016439267756,0.0031262789547764984
F007,F041,roof_and_eaves,concrete_wall,C007,C011,False,0.05920206569268511,0.12655086848635236,0.8734491315136477,0.21906466782093048,0.04119106699751861,0.08164457841352983,0.05806451612903226,0.7774307294325395,0.511904776096344,0.6308490338270968,378818,116971,8967,1633,2768.820269892138,-21.58550591678461,-26.275746649189507,-0.5278769480965878,1.0,1.0,True,False,0.0,0.0,0.0,0.0,0.0,0.0,0.0
F007,F042,roof_and_eaves,Red-yellow glow street,C007,C025,False,0.0703470767314009,0.7920595533498759,0.20794044665012412,0.2803388833999634,0.7880893300248138,0.024090275619969223,0.5970223325062035,0.7774307294325395,0.9285714626312256,0.8496469793529745,378818,116971,66510,20248,20536.883701408064,-2.0158386516980897,-2.670363885565868,-0.014166103869129953,0.9962898235421547,1.0,True,False,0.0,0.0,0.0,0.0,0.0,0.0,0.0
F007,F043,roof_and_eaves,tree_shadows,C007,C015,False,0.07018775094779629,0.7836228287841192,0.21637717121588085,0.2803388833999634,0.7880893300248138,0.014551336115056818,0.8511166253101737,0.7774307294325395,0.7320646420121193,0.7544067527741602,378818,116971,16390,3627,5060.885939950055,-20.15585992521299,-24.785443401571914,-0.33309664119498955,1.0,1.0,True,False,0.0,0.0,0.0,0.0,0.0,0.0,0.0
F007,F044,roof_and_eaves,road_and_buildings,C007,C026,False,0.07006551840075048,0.7781637717121588,0.22183622828784122,0.2803388833999634,0.7880893300248138,0.024854563703440656,0.577667493796526,0.7774307294325395,0.8246913684739007,0.8007124403613222,378818,116971,21673,6882,6692.164794175567,2.320563430954359,2.8745997879769614,0.027969838215952492,0.002111706332193333,0.010563771627051511,True,True,1.8057783919287516,2.236909413175124,0.02176511480030447,1.828811279580904,0.022042731060512435,1.3405140613552722,0.016157266344103572
F007,F045,roof_and_eaves,underpass glow,C007,C027,False,0.060200527017964314,0.15186104218362284,0.8481389578163772,0.1958921253681183,0.028535980148883373,0.10775123942982066,0.04168734491315137,0.7774307294325395,0.7119318172335625,0.7439608000278791,378818,116971,85507,15415,26402.756196907223,-67.62143484569573,-92.432870196011,-0.5381138465872604,1.0,1.0,True,False,0.0,0.0,0.0,0.0,0.0,0.0,0.0
F007,F046,roof_and_eaves,window_heat_zone,C007,C021,False,0.06359136644448181,0.3032258064516129,0.6967741935483871,0.26061704754829407,0.10198511166253102,0.03067956088988249,0.4173697270471464,0.7774307294325395,0.739260733127594,0.7581055408030067,378818,116971,39968,13721,12341.274511770824,12.41974505405377,15.794837724691705,0.10597413602681886,1.510026465681517e-55,2.9271282257826324e-54,True,True,3.765987209938885,4.789402406842001,0.03213409285974508,1.266629086157841,0.010807784096035373,5.183625603205569,0.04423039622757056
F007,F047,roof_and_eaves,underpass,C007,C008,False,0.0633821614302053,0.29181141439205954,0.7081885856079404,0.26061704754829407,0.10198511166253102,0.038042704264322914,0.2575682382133995,0.7774307294325395,0.3610449731349945,0.5297994496243748,378818,116971,10970,4112,3387.3043783558333,12.451696476104944,15.198494075935727,0.19384908053306904,9.802944298765801e-51,1.7489146642753854e-49,True,True,3.6335471602728076,4.435094052928142,0.056567374368955134,1.2698876555035068,0.019769720123844012,3.2071615241183458,0.04992936615218999
F007,F048,roof_and_eaves,shaded path,C007,C028,False,0.07772172984620514,0.9880893300248139,0.011910669975186083,0.2803388833999634,0.7880893300248138,0.020087304053368508,0.7096774193548387,0.7774307294325395,0.6641156588281903,0.7185429152600223,378818,116971,155,43,47.86072731496392,-0.7026056064955342,-0.8452621218382608,-0.10592712713695575,0.8240215294317594,1.0,False,False,0.0,0.0,0.0,0.0,0.0,0.0,0.0
F007,F049,roof_and_eaves,red_wall_yellow_wall,C007,C029,False,0.07053150647093143,0.8054590570719603,0.1945409429280397,0.2803388833999634,0.7880893300248138,0.02467358801975723,0.5841191066997519,0.7774307294325395,1.0,0.8817203238173313,378818,116971,349,93,107.76383118014455,-1.4222061722062573,-1.7114083048003763,-0.1466096931432457,0.9630115995666473,1.0,False,False,0.0,0.0,0.0,0.0,0.0,0.0,0.0
F007,F050,roof_and_eaves,greenery_and_water,C007,C030,False,0.06969886681211972,0.7483870967741936,0.25161290322580643,0.2803388833999634,0.7880893300248138,0.024854602235736267,0.5771712158808933,0.7774307294325395,0.688131312529246,0.7314194612156437,378818,116971,1487,460,459.1542033377506,0.03947177756275371,0.04756983815527013,0.0018383807787630698,0.4908235701771452,1.0,True,False,0.029540169014706005,0.03560065307104088,0.0013758204537839748,0.03110728673431905,0.0014488082762658832,0.02278197384887472,0.0010610604693307444
F007,F051,roof_and_eaves,zebra_crossing,C007,C020,False,0.0600335970672109,0.143424317617866,0.856575682382134,0.2803388833999634,0.7880893300248138,0.043033391779119315,0.18957816377171216,0.7774307294325395,0.8715151250362396,0.8231297828218918,378818,116971,19455,5986,6007.293225242729,-0.27472743579363373,-0.33926697375946285,-0.0035505631240245424,0.6354906340810142,1.0,True,False,0.0,0.0,0.0,0.0,0.0,0.0,0.0
F007,F052,roof_and_eaves,palm_tree_street,C007,C026,False,0.06765124534039124,0.6114143920595534,0.3885856079404466,0.2803388833999634,0.7880893300248138,0.027177444612136996,0.5062034739454094,0.7774307294325395,0.6043684764040841,0.6854594265577355,378818,116971,90021,28855,27796.584087873332,6.3483468347450165,8.745215976917597,0.03736948976226498,1.3807424949773033e-18,1.5046361458779694e-17,True,True,3.8814706205488143,5.346950909956566,0.022848243864570947,5.003064403759348,0.029450496150112547,3.2135552215582712,0.018916565537225944
F007,F053,roof_and_eaves,road_marking,C007,C030,False,0.06400000222724044,0.32952853598014886,0.6704714640198511,0.2803388833999634,0.7880893300248138,0.0036632191051136362,0.9776674937965261,0.7774307294325395,0.5154761910438538,0.6330458365776765,378818,116971,86968,26280,26853.882149211495,-3.5020244734246857,-4.798942654490822,-0.021601796863939978,0.9999992438139835,1.0,True,False,0.0,0.0,0.0,0.0,0.0,0.0,0.0
F007,F054,roof_and_eaves,highlighted_lane,C007,C023,False,0.0679285879022789,0.628287841191067,0.37171215880893305,0.2803388833999634,0.7880893300248138,0.032413598262902465,0.369727047146402,0.7774307294325395,0.8999999761581421,0.8364733336777047,378818,116971,245062,65782,75669.97133715927,-35.9455732574729,-72.76038864547453,-0.14003416402657587,1.0,1.0,True,False,0.0,0.0,0.0,0.0,0.0,0.0,0.0
F007,F055,roof_and_eaves,small alley entrance,C007,C014,False,0.06525061728664988,0.4228287841191067,0.5771712158808933,0.2803388833999634,0.7880893300248138,0.017262406782670454,0.7930521091811414,0.7774307294325395,0.8571428656578064,0.8163144022227256,378818,116971,535,188,165.19670395810124,1.7741769659216633,2.135476303460188,0.1289389742761941,0.019209613000971605,0.08511336221968958,False,False,0.7501730893127827,0.9029408489072357,0.05451910971876793,1.3982099364186606,0.10161542985141252,1.4070147848847732,0.10225532550538868
F007,F056,roof_and_eaves,stone_wall_street,C007,C021,False,0.060957073837243136,0.17965260545905706,0.820347394540943,0.26061704754829407,0.10198511166253102,0.03564915512547349,0.29627791563275435,0.7774307294325395,0.4911375728746255,0.6179202549938358,378818,116971,8534,1870,2635.119012296142,-14.904893478359307,-18.132915414200724,-0.3429122988755224,1.0,1.0,True,False,0.0,0.0,0.0,0.0,0.0,0.0,0.0
F007,F057,roof_and_eaves,streetlight illumination,C007,C027,False,0.06333976200412388,0.2903225806451613,0.7096774193548387,0.1958921253681183,0.028535980148883373,0.053764204545454546,0.12109181141439206,0.7774307294325395,0.2642857193946838,0.45328119264713873,378818,116971,119269,42236,36827.74894276407,28.18183429021126,40.95112237928967,0.13701959110785564,0.0,0.0,True,True,8.181822858448431,11.889035529471196,0.03977988128937745,0.8041962638645893,0.003909988331861885,3.412589363181909,0.016591950486509566
F007,F058,roof_and_eaves,shaded alley,C007,C031,False,0.07565991751812018,0.9682382133995037,0.03176178660049633,0.2803388833999634,0.7880893300248138,0.022237951105291195,0.6531017369727047,0.7774307294325395,0.875,0.8247738406699573,378818,116971,169922,54573,52468.32585040838,9.188323205763817,14.882552859495211,0.03932921703910722,2.5778499750043015e-50,4.558724166323397e-49,True,True,8.896485644885958,14.409856391501318,0.03808005084034649,7.241219479281856,0.0309949363067505,6.000909845550959,0.025685979962017418
F007,F059,roof_and_eaves,road_edge,C007,C024,False,0.07461033317176485,0.9568238213399504,0.043176178660049636,0.2803388833999634,0.7880893300248138,0.002779180353338068,0.9811414392059553,0.7774307294325395,0.7857142686843872,0.7815615247879449,378818,116971,1891,463,583.9008732425598,-5.003338376975819,-6.0330577669006695,-0.2317807891244117,0.9999999996935699,1.0,True,False,0.0,0.0,0.0,0.0,0.0,0.0,0.0
F007,F060,roof_and_eaves,street_corner_shop,C007,C031,False,0.06917355354510284,0.7196029776674938,0.2803970223325062,0.2803388833999634,0.7880893300248138,0.034121889056581436,0.33052109181141437,0.7774307294325395,0.3880471537510554,0.549253840946883,378818,116971,35651,11530,11008.276061327604,4.972572320935683,6.283976923691461,0.046302920011930995,1.9908429674503576e-10,1.6448932058934103e-09,True,True,3.578277848812278,4.521968505882193,0.033319719115285334,3.918831188906136,0.03649083721039524,1.6435400326268808,0.01530409167640002
F007,F061,roof_and_eaves,sunlit street,C007,C014,False,0.059940750088696225,0.14094292803970224,0.8590570719602978,0.2803388833999634,0.7880893300248138,0.022889570756392044,0.6357320099255583,0.7774307294325395,0.8258823394775391,0.8012904027913198,378818,116971,9753,4172,3011.520474211891,21.14679584684764,25.76910733003067,0.3259042690922007,7.689537585836214e-139,3.4449128384546234e-137,True,True,2.9804913253125207,3.6319734400638763,0.0459339019464938,16.665564171113672,0.2568416770810991,13.4436950272019,0.2071877760333048
F007,F062,roof_and_eaves,shaded alley,C007,C005,False,0.07338851717624327,0.9300248138957816,0.06997518610421838,0.26061704754829407,0.10198511166253102,0.0024525035511363635,0.9816377171215881,0.7774307294325395,0.5,0.6234704200812335,378818,116971,6655,1060,2054.923485684418,-21.947843504702465,-26.633699185266764,-0.6617414074537464,1.0,1.0,True,False,0.0,0.0,0.0,0.0,0.0,0.0,0.0
F007,F063,roof_and_eaves,blue_wall_graffiti,C007,C013,False,0.06943465643717743,0.7334987593052109,0.2665012406947891,0.2803388833999634,0.7880893300248138,0.03858531605113636,0.24665012406947892,0.7774307294325395,0.11488095670938492,0.2988511100405771,378818,116971,39,18,12.042376550216726,1.7167891060418115,2.065048398159061,0.38865769727454635,0.03219954266505082,0.13930102577841727,False,False,1.259262679270371,1.5147104379548844,0.2850799387453,1.3529831763743903,0.30629698425408414,0.4234462460063426,0.09586246925332484
F008,F009,stone_wall_and_retaining_wall,highlighted road,C008,C009,False,0.06182585734009033,0.2173697270471464,0.7826302729528536,0.2803388833999634,0.7880893300248138,0.03387107849121094,0.33647642679900747,0.44401784539222716,1.0,0.6663466405649744,378818,58622,31159,3708,4821.848217349756,-16.04054966919545,-18.212291403316026,-0.26263350925617207,1.0,1.0,True,False,0.0,0.0,0.0,0.0,0.0,0.0,0.0
F008,F010,stone_wall_and_retaining_wall,green_wall,C008,C004,False,0.06675026898991916,0.537468982630273,0.462531017369727,0.2803388833999634,0.7880893300248138,0.022501720081676137,0.6476426799007444,0.44401784539222716,0.6875132593241605,0.55251077463132,378818,58622,122045,16434,18886.436204193044,-17.84525305231112,-23.575999612109708,-0.13908769316976066,1.0,1.0,True,False,0.0,0.0,0.0,0.0,0.0,0.0,0.0
F008,F011,stone_wall_and_retaining_wall,road_edge,C008,C010,False,0.06419476429228127,0.34640198511166254,0.6535980148883375,0.2803388833999634,0.7880893300248138,0.021582285563151043,0.6655086848635235,0.44401784539222716,0.384821442887187,0.41336132853896335,378818,58622,60886,9377,9422.094757904852,-0.46457124565324115,-0.551578446573522,-0.004797299691311825,0.7112486047015556,1.0,True,False,0.0,0.0,0.0,0.0,0.0,0.0,0.0
F008,F012,stone_wall_and_retaining_wall,bamboo,C008,C011,False,0.051389448772538086,0.04714640198511166,0.9528535980148883,0.26061704754829407,0.10198511166253102,0.14037685394287108,0.025806451612903226,0.44401784539222716,0.27633877843618393,0.35028466851912665,378818,58622,27187,2945,4207.1821138383075,-19.4592620167627,-21.968725909375237,-0.3566333473128901,1.0,1.0,True,False,0.0,0.0,0.0,0.0,0.0,0.0,0.0
F008,F013,stone_wall_and_retaining_wall,tree-lined_driveway,C008,C012,False,0.0648572966360235,0.3920595533498759,0.6079404466501241,0.2803388833999634,0.7880893300248138,0.024330971457741477,0.5910669975186105,0.44401784539222716,0.5153925527225841,0.4783758885971173,378818,58622,210391,33930,32557.95976431954,7.6039325592919464,12.403792211293778,0.04127707942939049,1.0314454746205474e-35,1.4852814834535882e-34,True,True,2.9811944028985793,4.863025234204509,0.016183073324674186,5.992578116206258,0.032530025872889376,4.4944335871546945,0.024397519404667035
F008,F014,stone_wall_and_retaining_wall,road_edge,C008,C013,False,0.0655654701120291,0.44516129032258067,0.5548387096774193,0.2803388833999634,0.7880893300248138,0.02062437269422743,0.6933002481389579,0.44401784539222716,0.6375317871570587,0.5320483911286014,378818,58622,1332,297,206.1266993648665,6.329496702106474,6.89669207151633,0.3645004444869478,3.415622085561058e-11,2.893232825416426e-10,True,True,2.817646919002237,3.070140341513721,0.16226148819096387,4.98820881535736,0.28725891108946555,4.388241634165134,0.2527082486095613
F008,F015,stone_wall_and_retaining_wall,tree_shade_street,C008,C014,False,0.06503735172990845,0.40694789081885857,0.5930521091811414,0.2803388833999634,0.7880893300248138,0.03327611287434896,0.34838709677419355,0.44401784539222716,0.8839921777447065,0.6265048300737891,378818,58622,15105,3556,2337.495340770502,25.20297549753503,27.976571280087736,0.4194830449705298,4.0351852280433214e-154,2.198630653982523e-152,True,True,10.256297721081253,11.385006674775159,0.1707077403850295,19.86219607448418,0.3305901118675937,8.780391463657365,0.14614248018328135
F008,F016,stone_wall_and_retaining_wall,construction scaffolding,C008,C015,False,0.06341082158102378,0.29528535980148884,0.7047146401985112,0.2803388833999634,0.7880893300248138,0.002398681640625,0.9821339950372209,0.44401784539222716,0.3196994091073672,0.3767655010812712,378818,58622,10329,2768,1598.4104187235032,29.254275032975187,32.262584764272354,0.5489832483108128,1.7231238938327265e-196,1.2865991740617692e-194,True,True,8.63835912884379,9.526668950244193,0.16210671600244844,23.054982011099053,0.4326478403561145,28.73161801005355,0.5391751108720092
F008,F017,stone_wall_and_retaining_wall,building facade,C008,C011,False,0.0699976052347594,0.771712158808933,0.22828784119106704,0.26061704754829407,0.10198511166253102,0.020772647857666016,0.6893300248138958,0.44401784539222716,0.43739699572324753,0.4406949870625596,378818,58622,30807,5825,4767.376296796879,15.317625918165643,17.382692834181913,0.20034384771511538,1.1080913783450609e-64,2.5677151939582103e-63,True,True,11.820798165135272,13.414435412979094,0.15460778322431978,1.5621697896690023,0.020432089680127153,10.558899454259096,0.13810302951677184
F008,F018,stone_wall_and_retaining_wall,small alley flowerbed,C008,C013,False,0.05641162168007831,0.08238213399503722,0.9176178660049628,0.2803388833999634,0.7880893300248138,0.017746480305989583,0.7831265508684864,0.44401784539222716,0.2877193056046963,0.35742482587579866,378818,58622,22621,2679,3500.594644393878,-13.88630460707786,-15.57627626803874,-0.26744546518588896,1.0,1.0,True,False,0.0,0.0,0.0,0.0,0.0,0.0,0.0
F008,F019,stone_wall_and_retaining_wall,road_and_building,C008,C016,False,0.07329556486158835,0.9275434243176178,0.07245657568238217,0.2803388833999634,0.7880893300248138,0.02626063028971354,0.535483870967742,0.44401784539222716,0.45704154421885806,0.4504826319835135,378818,58622,13367,577,2068.5402330406687,-32.794648954390986,-36.31704395180082,-1.2761316808060927,1.0,1.0,True,False,0.0,0.0,0.0,0.0,0.0,0.0,0.0
F008,F020,stone_wall_and_retaining_wall,advertising_wall,C008,C013,False,0.06579130002653699,0.4655086848635236,0.5344913151364764,0.2803388833999634,0.7880893300248138,0.02466583251953125,0.5846153846153846,0.44401784539222716,0.6375811781202044,0.5320690001978794,378818,58622,8894,1956,1376.344492605948,15.624509478177393,17.197773311159068,0.3513628813209374,1.437181603446347e-60,3.049850644787195e-59,True,True,7.273344858824017,8.005712836658663,0.1635624727935679,12.313509206623175,0.2769053377358057,9.134328618011399,0.20541214600300958
F008,F021,stone_wall_and_retaining_wall,road_and_building,C008,C017,False,0.06621491858666659,0.5027295285359802,0.4972704714640198,0.2803388833999634,0.7880893300248138,0.030295817057291667,0.4258064516129032,0.44401784539222716,0.7211538553237915,0.565866752016027,378818,58622,169116,27211,26170.662830171746,6.430825932327149,9.401292189433192,0.038981528803167735,3.0596995618100338e-21,3.484945941587021e-20,True,True,3.232966089055783,4.726307190022742,0.019597165596828246,5.068065300513902,0.030720926917831445,2.7382871711844636,0.016598586458123035
F008,F022,stone_wall_and_retaining_wall,tree_canopy_and_road,C008,C005,False,0.06485736060365314,0.3925558312655087,0.6074441687344914,0.22664237022399902,0.044913151364764266,0.0240631103515625,0.5975186104218362,0.44401784539222716,0.5876411199569702,0.5108063663925589,378818,58622,107423,13757,16623.68500440845,-22.233934613682546,-28.571792373419576,-0.18927443309728814,1.0,1.0,True,False,0.0,0.0,0.0,0.0,0.0,0.0,0.0
F008,F023,stone_wall_and_retaining_wall,street_corner_cafe,C008,C018,False,0.06294100807413783,0.2699751861042184,0.7300248138957817,0.2803388833999634,0.7880893300248138,0.028869152069091797,0.46054590570719606,0.44401784539222716,0.48124999552965164,0.4622592196052934,378818,58622,8214,1460,1271.1146460833434,5.297926426244743,5.826033186179505,0.13849137501905118,5.770019733038717e-09,4.422950487378728e-08,True,True,1.430308672891881,1.5728843936881645,0.03738923474459745,4.175239287779976,0.10914357495297929,2.4399383243449737,0.06378163574078387
F008,F024,stone_wall_and_retaining_wall,road_edge,C008,C018,False,0.06450039131682327,0.36476426799007444,0.6352357320099256,0.2803388833999634,0.7880893300248138,0.03909250895182292,0.23771712158808933,0.44401784539222716,0.4875000019868215,0.4652512230084892,378818,58622,9323,2053,1442.7321457797675,16.066735343582707,17.69479108432614,0.3526605103758331,5.520393055092273e-64,1.2096861303332634e-62,True,True,5.860570956592203,6.454427517111521,0.12863795291624683,12.662022692610092,0.27792798534829927,3.8193380791941025,0.08383344142432957
F008,F025,stone_wall_and_retaining_wall,shaded alley,C008,C019,False,0.0668728715275648,0.5503722084367245,0.4496277915632755,0.27533864974975586,0.31042183622828784,0.030286865234375,0.4267990074441687,0.44401784539222716,0.7079328984022141,0.5606557234442769,378818,58622,17421,2185,2695.8958180445493,-9.839675931902171,-10.957477970457113,-0.21007136373440224,1.0,1.0,True,False,0.0,0.0,0.0,0.0,0.0,0.0,0.0
F008,F026,stone_wall_and_retaining_wall,tree_shadows,C008,C016,False,0.06495147527184268,0.3970223325062035,0.6029776674937966,0.2803388833999634,0.7880893300248138,0.03884765625,0.2421836228287841,0.44401784539222716,0.7362637281417846,0.5717641421162782,378818,58622,208,22,32.187953053973146,-1.7957267636247176,-1.9537378835482626,-0.37349129267850634,0.9836225383183415,1.0,False,False,0.0,0.0,0.0,0.0,0.0,0.0,0.0
F008,F027,stone_wall_and_retaining_wall,car_top_heat,C008,C020,False,0.06582245404764614,0.46997518610421835,0.5300248138957817,0.2803388833999634,0.7880893300248138,0.03489227294921875,0.31265508684863524,0.44401784539222716,0.9444444179534912,0.647572525322396,378818,58622,94699,15304,14654.648876241361,5.364038518773576,6.736957872135384,0.04335516995644546,1.0003786294081464e-11,8.581971561220524e-11,True,True,2.520965001130807,3.1662030297331056,0.02037585406886047,4.227341522487563,0.03416774684408704,1.6770939289465772,0.013555214428069798
F008,F028,stone_wall_and_retaining_wall,red_car_street,C008,C021,False,0.05845484882589584,0.11215880893300248,0.8878411910669975,0.24508796632289886,0.05905707196029777,0.054558881123860675,0.11662531017369727,0.44401784539222716,0.6187312696129084,0.5241447559694943,378818,58622,158116,22718,24468.415312894318,-11.190208596120238,-15.94619719485215,-0.07422397870408123,1.0,1.0,True,False,0.0,0.0,0.0,0.0,0.0,0.0,0.0
F008,F029,stone_wall_and_retaining_wall,electric_bike_parking,C008,C022,False,0.06887732836349779,0.6947890818858561,0.3052109181141439,0.2803388833999634,0.7880893300248138,0.022929954528808593,0.6347394540942928,0.44401784539222716,0.39830395206809044,0.420540203320066,378818,58622,125824,15964,19471.235601264987,-25.134380478870835,-33.453006641958225,-0.19859645057922515,1.0,1.0,True,False,0.0,0.0,0.0,0.0,0.0,0.0,0.0
F008,F030,stone_wall_and_retaining_wall,stone_wall_and_shadows,C008,C012,False,0.06468476718451303,0.38064516129032255,0.6193548387096774,0.2803388833999634,0.7880893300248138,0.0313671875,0.3930521091811414,0.44401784539222716,0.38914142847061156,0.41567503969131275,378818,58622,10570,997,1635.7051143293086,-15.792390995389656,-17.42207070854658,-0.4948827360467341,1.0,1.0,True,False,0.0,0.0,0.0,0.0,0.0,0.0,0.0
F008,F031,stone_wall_and_retaining_wall,road_edge,C008,C001,False,0.06597576271968376,0.4813895781637717,0.5186104218362283,0.2803388833999634,0.7880893300248138,0.018168258666992187,0.7682382133995037,0.44401784539222716,0.5565476566553116,0.4971087319351617,378818,58622,2681,256,414.88414489279813,-7.8004048172212075,-8.51463814686779,-0.4820750778138773,1.0,1.0,True,False,0.0,0.0,0.0,0.0,0.0,0.0,0.0
F008,F032,stone_wall_and_retaining_wall,tree-lined walk,C008,C012,False,0.07131865124540154,0.8531017369727047,0.14689826302729525,0.2803388833999634,0.7880893300248138,0.01312847137451172,0.8774193548387097,0.44401784539222716,0.42500001192092896,0.43440486827935265,378818,58622,325,55,50.29367664683304,0.6636285627765482,0.7221347204032335,0.08861114937170765,0.25602326680386234,0.894528433061675,False,False,0.5661426796093729,0.6160543843042969,0.0755943254441516,0.5229985894239,0.06983350134107778,0.5822805454039391,0.07774913751324027
F008,F033,stone_wall_and_retaining_wall,zebra_crossing,C008,C023,False,0.057564557845173385,0.09727047146401985,0.9027295285359802,0.2803388833999634,0.7880893300248138,0.08470802307128907,0.055583126550868486,0.44401784539222716,1.0,0.6663466405649744,378818,58622,44394,4979,6869.961480183096,-22.814215060546942,-26.410638154612183,-0.321901792832216,1.0,1.0,True,False,0.0,0.0,0.0,0.0,0.0,0.0,0.0
F008,F034,stone_wall_and_retaining_wall,red_door_street,C008,C018,False,0.07085277844989764,0.8267990074441688,0.1732009925558312,0.2803388833999634,0.7880893300248138,0.012830607096354167,0.8823821339950372,0.44401784539222716,0.8333333730697632,0.6082884914280997,378818,58622,15775,2546,2441.177689550127,2.121553714500715,2.3572035188707168,0.042034486626171506,0.009758619412314198,0.04491638524024069,True,True,1.7540985053886806,1.9489335297462107,0.03475407182094379,1.6719738454725237,0.0331269304031565,1.8720210939862387,0.03709048001058706
F008,F035,stone_wall_and_retaining_wall,small alley entrance,C008,C010,False,0.0641500942196007,0.3409429280397022,0.6590570719602977,0.2803388833999634,0.7880893300248138,0.027953992571149555,0.4878411910669975,0.44401784539222716,0.3212707968694823,0.3776903056916227,378818,58622,65633,8340,10156.69193649721,-18.026239983542524,-21.563872452331786,-0.19705885313417942,1.0,1.0,True,False,0.0,0.0,0.0,0.0,0.0,0.0,0.0
F008,F036,stone_wall_and_retaining_wall,pedestrian walk,C008,C024,False,0.0656451837382086,0.45062034739454093,0.5493796526054591,0.2803388833999634,0.7880893300248138,0.026001249040876116,0.5444168734491315,0.44401784539222716,0.6076337546110153,0.5194229784192959,378818,58622,191641,28230,29656.40149623302,-8.282902694339304,-12.81676438930858,-0.049291910066840756,1.0,1.0,True,False,0.0,0.0,0.0,0.0,0.0,0.0,0.0
F008,F037,stone_wall_and_retaining_wall,street_corner_shops,C008,C003,False,0.06714012091015105,0.5707196029776674,0.42928039702233256,0.27533864974975586,0.31042183622828784,0.025638857754794034,0.5538461538461539,0.44401784539222716,0.6591791060160507,0.5410058099325933,378818,58622,5196,903,804.079827252137,3.4884723316125963,3.8206842213135253,0.11595592260303651,8.971139677614184e-05,0.0005335049436598878,True,True,1.9909395440965187,2.1805393818910934,0.06617831811091414,1.0828979868107589,0.03599525041597982,1.932076983662361,0.06422174174937408
F008,F038,stone_wall_and_retaining_wall,red-yellow hotspot,C008,C000,False,0.07086018830955594,0.8272952853598015,0.17270471464019854,0.27533864974975586,0.31042183622828784,0.014569473266601563,0.8501240694789082,0.44401784539222716,0.5312499850988388,0.48567939399179705,378818,58622,4115,824,636.7953212360553,7.418511373463853,8.11325758088228,0.25754398124714317,2.7838382506384742e-15,2.7510872123956688e-14,True,True,6.1372994836547115,6.712059745573578,0.21306492145855466,2.302867922631087,0.0799472755682819,6.306655078284655,0.21894433740762095
F008,F039,stone_wall_and_retaining_wall,red car corner,C008,C017,False,0.07146887322542418,0.8610421836228288,0.1389578163771712,0.2803388833999634,0.7880893300248138,0.02698040008544922,0.5141439205955335,0.44401784539222716,0.30280448123812675,0.36667505142082424,378818,58622,1373,394,212.47144011108236,12.453593379903642,13.57031490332011,0.6164610675520938,1.3988079053388048e-35,1.9999976859312273e-34,True,True,10.723069237783037,11.684613576804164,0.5307989837235151,9.814544063169718,0.48582638971351116,6.40293932584624,0.3169497101657415
F008,F040,stone_wall_and_retaining_wall,cobblestone,C008,C013,False,0.06188597348776251,0.22034739454094293,0.7796526054590571,0.2803388833999634,0.7880893300248138,0.023695898056030274,0.6119106699751861,0.44401784539222716,0.45202021673321724,0.44800116373466115,378818,58622,77947,10357,12062.28065720214,-15.526771128898252,-18.95016820192663,-0.1524138383433261,1.0,1.0,True,False,0.0,0.0,0.0,0.0,0.0,0.0,0.0
F008,F041,stone_wall_and_retaining_wall,concrete_wall,C008,C011,False,0.06623119491457093,0.5047146401985112,0.4952853598014888,0.26061704754829407,0.10198511166253102,0.05970840454101563,0.09826302729528535,0.44401784539222716,0.511904776096344,0.4767545025778877,378818,58622,8967,564,1387.6412261296982,-22.110546621716495,-24.33930445882476,-0.8997805002331226,1.0,1.0,True,False,0.0,0.0,0.0,0.0,0.0,0.0,0.0
F008,F042,stone_wall_and_retaining_wall,Red-yellow glow street,C008,C025,False,0.0707056010248097,0.8198511166253102,0.18014888337468982,0.2803388833999634,0.7880893300248138,0.024159876505533855,0.596029776674938,0.44401784539222716,0.9285714626312256,0.6421077013478547,378818,58622,66510,7916,10292.40748855651,-23.424073720923825,-28.060341626414495,-0.26250587574292245,1.0,1.0,True,False,0.0,0.0,0.0,0.0,0.0,0.0,0.0
F008,F043,stone_wall_and_retaining_wall,tree_shadows,C008,C015,False,0.06950855790238748,0.7384615384615385,0.2615384615384615,0.2803388833999634,0.7880893300248138,0.0205963134765625,0.6942928039702233,0.44401784539222716,0.7320646420121193,0.5701313577010594,378818,58622,16390,2488,2536.348800743365,-0.9600220702181702,-1.0675603331606918,-0.019242561867336444,0.859704637988273,1.0,True,False,0.0,0.0,0.0,0.0,0.0,0.0,0.0
F008,F044,stone_wall_and_retaining_wall,road_and_buildings,C008,C026,False,0.06694725243235831,0.5543424317617865,0.44565756823821345,0.2803388833999634,0.7880893300248138,0.02661777072482639,0.5280397022332506,0.44401784539222716,0.8246913684739007,0.6051261724164215,378818,58622,21673,3652,3353.891858359423,5.147535016143066,5.766324848071776,0.08514137492381596,6.1399562504434085e-09,4.6886938639749667e-08,True,True,2.8534970784276945,3.196518538608523,0.04719747681881013,4.056717422151459,0.0670990091211016,2.7181028571594155,0.044958026262501324
F008,F045,stone_wall_and_retaining_wall,underpass glow,C008,C027,False,0.06599020280272291,0.4833746898263027,0.5166253101736973,0.26061704754829407,0.10198511166253102,0.07239809036254882,0.0684863523573201,0.44401784539222716,0.7119318172335625,0.5622369887816162,378818,58622,85507,8958,13232.188950894624,-37.156762829983556,-45.92992937308038,-0.39008740169457756,1.0,1.0,True,False,0.0,0.0,0.0,0.0,0.0,0.0,0.0
F008,F046,stone_wall_and_retaining_wall,window_heat_zone,C008,C021,False,0.06280520202091872,0.26153846153846155,0.7384615384615385,0.24508796632289886,0.05905707196029777,0.04637319391424006,0.16526054590570718,0.44401784539222716,0.739260733127594,0.5729266601462988,378818,58622,39968,4325,6185.038979140379,-23.65107171388,-27.200016184960866,-0.3576864043585646,1.0,1.0,True,False,0.0,0.0,0.0,0.0,0.0,0.0,0.0
F008,F047,stone_wall_and_retaining_wall,underpass,C008,C008,True,0.03973925732343319,0.006947890818858561,0.9930521091811414,0.10883043706417084,0.008436724565756825,0.15671641031901043,0.020843672456575684,0.44401784539222716,0.3610449731349945,0.40038782581528976,378818,58622,10970,740,1697.6050240484876,-23.241710644743343,-25.654052131841475,-0.8299425828693684,1.0,1.0,True,False,0.0,0.0,0.0,0.0,0.0,0.0,0.0
F008,F048,stone_wall_and_retaining_wall,shaded path,C008,C028,False,0.07516907043065509,0.961786600496278,0.038213399503722045,0.2803388833999634,0.7880893300248138,0.04007699148995536,0.21885856079404467,0.44401784539222716,0.6641156588281903,0.5430278113726151,378818,58622,155,46,23.986215016181912,4.494836087777393,4.890007282203752,0.6413420057916291,5.9714586990555685e-06,3.98624527725034e-05,False,False,4.323073120651408,4.703143480352789,0.6168341475057952,3.542332360987841,0.5054347916610953,0.9837333571760944,0.14036318836432182
F008,F049,stone_wall_and_retaining_wall,red_wall_yellow_wall,C008,C029,False,0.07075856248427521,0.8233250620347394,0.17667493796526057,0.2803388833999634,0.7880893300248138,0.027597462047230115,0.4957816377171216,0.44401784539222716,1.0,0.6663466405649744,378818,58622,349,55,54.00767122998379,0.13502925053786932,0.1469382229783591,0.018041572474994855,0.4642132749113814,1.0,False,False,0.11117296607559564,0.12097792154893187,0.014854078777179387,0.10641511159014216,0.014218370764412817,0.06694502297138037,0.008944680348645092
F008,F050,stone_wall_and_retaining_wall,greenery_and_water,C008,C030,False,0.06864715557751981,0.6724565756823822,0.32754342431761785,0.2803388833999634,0.7880893300248138,0.034413655598958336,0.32555831265508683,0.44401784539222716,0.688131312529246,0.5527590639113583,378818,58622,1487,248,230.11291438104843,1.179150092514252,1.285079301713204,0.07470223588282883,0.10659588455057377,0.4108935052656916,True,False,0.792927233427698,0.8641600267103681,0.05023400973758465,0.9292756064082541,0.05887203502825418,0.3838821144860294,0.024319933865576036
F008,F051,stone_wall_and_retaining_wall,zebra_crossing,C008,C020,False,0.06523968008659711,0.41935483870967744,0.5806451612903225,0.2803388833999634,0.7880893300248138,0.037048873901367185,0.27543424317617865,0.44401784539222716,0.8715151250362396,0.622067735898052,378818,58622,19455,4454,3010.656858966575,26.305039787476442,29.376115390987383,0.39159047772980865,2.8838590881383722e-171,1.761775733844533e-169,True,True,11.031145717328831,12.319016131704387,0.16421536162862943,20.730721182388383,0.3086082772381817,7.2453087255828414,0.10785742686850809
F008,F052,stone_wall_and_retaining_wall,palm_tree_street,C008,C026,False,0.07226259300741548,0.8942928039702234,0.10570719602977663,0.2803388833999634,0.7880893300248138,0.026458740234375,0.5300248138957816,0.44401784539222716,0.6043684764040841,0.5180254711072849,378818,58622,90021,10529,13930.72943207556,-28.821251750292436,-35.90364843552024,-0.2799522001256786,1.0,1.0,True,False,0.0,0.0,0.0,0.0,0.0,0.0,0.0
F008,F053,stone_wall_and_retaining_wall,road_marking,C008,C030,False,0.06211261130443839,0.2292803970223325,0.7707196029776675,0.2803388833999634,0.7880893300248138,0.0253240966796875,0.56575682382134,0.44401784539222716,0.5154761910438538,0.47841470263599134,378818,58622,86968,15143,13458.278371143926,14.522232916863944,17.995985379015412,0.11793983683292845,4.245141068080516e-71,1.1410939191000427e-69,True,True,3.329663328829351,4.126126672508744,0.02704129261380295,11.444816809915604,0.09294712699289845,8.216052369838659,0.06672526748860469
F008,F054,stone_wall_and_retaining_wall,highlighted_lane,C008,C023,False,0.06880291256859139,0.6873449131513648,0.3126550868486352,0.2803388833999634,0.7880893300248138,0.04508599175347222,0.16997518610421836,0.44401784539222716,0.8999999761581421,0.6321519202429066,378818,58622,245062,30012,37923.28918900369,-40.625082980497815,-74.36348033165878,-0.23396463671754278,1.0,1.0,True,False,0.0,0.0,0.0,0.0,0.0,0.0,0.0
F008,F055,stone_wall_and_retaining_wall,small alley entrance,C008,C014,False,0.06869881006850237,0.676923076923077,0.32307692307692304,0.2803388833999634,0.7880893300248138,0.0132366943359375,0.8759305210918115,0.44401784539222716,0.8571428656578064,0.6169171163152295,378818,58622,535,74,82.79112924940209,-0.966168250803216,-1.0516383915771055,-0.1115429265128333,0.8676119829885646,1.0,False,False,0.0,0.0,0.0,0.0,0.0,0.0,0.0
F008,F056,stone_wall_and_retaining_wall,stone_wall_street,C008,C021,False,0.06675066894364366,0.5384615384615384,0.46153846153846156,0.24508796632289886,0.05905707196029777,0.040283203125,0.21687344913151366,0.44401784539222716,0.4911375728746255,0.46698377584125894,378818,58622,8534,1265,1320.6345738586867,-1.5309233055528109,-1.6842557693158133,-0.04302359206511773,0.9559800356815853,1.0,True,False,0.0,0.0,0.0,0.0,0.0,0.0,0.0
F008,F057,stone_wall_and_retaining_wall,streetlight illumination,C008,C027,False,0.062292353122106826,0.23771712158808933,0.7622828784119107,0.26061704754829407,0.10198511166253102,0.06230010986328125,0.08684863523573201,0.44401784539222716,0.2642857193946838,0.34256032416723664,378818,58622,119269,9462,18456.85083074194,-66.20871580939202,-87.00166556760148,-0.6681260913855935,1.0,1.0,True,False,0.0,0.0,0.0,0.0,0.0,0.0,0.0
F008,F058,stone_wall_and_retaining_wall,shaded alley,C008,C031,False,0.07509291472889001,0.9607940446650124,0.03920595533498761,0.2803388833999634,0.7880893300248138,0.0173858642578125,0.7905707196029776,0.44401784539222716,0.875,0.6233102074554843,378818,58622,169922,25338,26295.39114825589,-5.904044063850654,-8.647819385910825,-0.03708771868198101,1.0,1.0,True,False,0.0,0.0,0.0,0.0,0.0,0.0,0.0
F008,F059,stone_wall_and_retaining_wall,road_edge,C008,C024,False,0.06747959086733574,0.5995037220843672,0.4004962779156328,0.2803388833999634,0.7880893300248138,0.042087554931640625,0.19851116625310175,0.44401784539222716,0.7857142686843872,0.5906531610642333,378818,58622,1891,344,292.63182319741935,3.002848178145078,3.2743630716730188,0.1614716740915239,0.0007399355250318774,0.003884661506417356,True,True,1.8002186596522352,1.9629928489235764,0.09680286962906247,2.3665126088805875,0.12725410345277416,0.5960988939245813,0.032053930340749166
F008,F060,stone_wall_and_retaining_wall,street_corner_shop,C008,C031,False,0.06741394045159727,0.5935483870967742,0.40645161290322585,0.2803388833999634,0.7880893300248138,0.01331024169921875,0.8739454094292805,0.44401784539222716,0.3880471537510554,0.41509018432038347,378818,58622,35651,4208,5516.984203496138,-17.623149904160755,-20.139693591740016,-0.2708157064930397,1.0,1.0,True,False,0.0,0.0,0.0,0.0,0.0,0.0,0.0
F008,F061,stone_wall_and_retaining_wall,sunlit street,C008,C014,False,0.0625869616579217,0.25607940446650124,0.7439205955334988,0.2803388833999634,0.7880893300248138,0.016688995361328125,0.8049627791563275,0.44401784539222716,0.8258823394775391,0.6055629586775506,378818,58622,9753,1459,1509.274548727885,-1.294088735128051,-1.4260498545414997,-0.03386642288940623,0.9255789401648169,1.0,True,False,0.0,0.0,0.0,0.0,0.0,0.0,0.0
F008,F062,stone_wall_and_retaining_wall,shaded alley,C008,C005,False,0.06913746257497146,0.7156327543424318,0.2843672456575682,0.22664237022399902,0.044913151364764266,0.05252132415771484,0.12803970223325062,0.44401784539222716,0.5,0.4711782281643684,378818,58622,6655,562,1029.8597479528428,-14.578963225412807,-15.998605371029052,-0.6052721560217174,1.0,1.0,True,False,0.0,0.0,0.0,0.0,0.0,0.0,0.0
F008,F063,stone_wall_and_retaining_wall,blue_wall_graffiti,C008,C013,False,0.07206535146983147,0.8853598014888338,0.11464019851116625,0.2803388833999634,0.7880893300248138,0.02158050537109375,0.6669975186104219,0.44401784539222716,0.11488095670938492,0.2258521526899817,378818,58622,39,12,6.035241197619965,2.4279826057486993,2.6410383467454874,0.6485193893255755,0.012311510711156597,0.05602710066296094,False,False,2.1496381978440096,2.3382691863989824,0.5741729977949512,1.9134671850763942,0.5110912110416942,1.6194583732636487,0.432560823450905
F009,F010,highlighted road,green_wall,C009,C004,False,0.0556804843388351,0.07741935483870968,0.9225806451612903,0.27199676632881165,0.16997518610421836,0.07848699165113045,0.06153846153846154,1.0,0.6875132593241605,0.8291641932236102,378818,31159,122045,3808,10038.594140193973,-62.18605609395783,-78.84454149866693,-0.9692514742820684,1.0,1.0,True,False,0.0,0.0,0.0,0.0,0.0,0.0,0.0
F009,F011,highlighted road,road_edge,C009,C010,False,0.05975352156354437,0.1359801488833747,0.8640198511166253,0.2774387001991272,0.45186104218362283,0.012588077121310763,0.886848635235732,1.0,0.384821442887187,0.6203397801908137,378818,31159,60886,6144,5008.069505672909,16.05153553611864,18.289538997562765,0.204407026226366,2.3700436566566545e-71,6.456767583540291e-70,True,True,2.1826901920081925,2.4870142358968725,0.027795297859069125,7.253063575998025,0.09236357190030087,14.235282383644668,0.18127809224144717
F009,F012,highlighted road,bamboo,C009,C011,False,0.06040662550342238,0.15831265508684864,0.8416873449131513,0.2803388833999634,0.7880893300248138,0.025331417719523113,0.5652605459057072,1.0,0.27633877843618393,0.525679349448106,378818,31159,27187,1692,2236.2182710430866,-11.508428463485203,-12.468831036651693,-0.27880300824641324,1.0,1.0,True,False,0.0,0.0,0.0,0.0,0.0,0.0,0.0
F009,F013,highlighted road,tree-lined_driveway,C009,C012,False,0.062301184236504825,0.23870967741935484,0.7612903225806451,0.27199676632881165,0.16997518610421836,0.035644300056226326,0.29727047146401986,1.0,0.5153925527225841,0.7179084570630048,378818,31159,210391,17536,17305.337045758122,1.7534275215619999,2.744955180165007,0.013240577047286622,0.0030696759230260063,0.015093821123952265,True,True,0.4185601180502838,0.6552473655877759,0.0031606538758039036,0.29803916929775925,0.002250569547739786,0.5212422260127235,0.0039360325813025746
F009,F014,highlighted road,road_edge,C009,C013,False,0.05849486282161513,0.11265508684863523,0.8873449131513648,0.2774387001991272,0.45186104218362283,0.02978035255714699,0.44069478908188586,1.0,0.6375317871570587,0.7984558767753286,378818,31159,1332,70,109.56128800637774,-3.7795653425468894,-3.9522529165037765,-0.44542466451047485,0.999989422763534,1.0,False,False,0.0,0.0,0.0,0.0,0.0,0.0,0.0
F009,F015,highlighted road,tree_shade_street,C009,C014,False,0.05203585333719784,0.05012406947890819,0.9498759305210918,0.17627860605716705,0.023325062034739455,0.11426273981730144,0.03424317617866005,1.0,0.8839921777447065,0.9402085820416162,378818,31159,15105,543,1242.4348763786304,-19.843143223588925,-21.1389956948569,-0.8272009912829811,1.0,1.0,True,False,0.0,0.0,0.0,0.0,0.0,0.0,0.0
F009,F016,highlighted road,construction scaffolding,C009,C015,False,0.05941961426235452,0.12903225806451613,0.8709677419354839,0.24984999001026154,0.06873449131513648,0.03356986575656467,0.34392059553349874,1.0,0.3196994091073672,0.56541967520362,378818,31159,10329,433,849.5935013647714,-14.292457188680672,-15.126830179061036,-0.6734545488196462,1.0,1.0,True,False,0.0,0.0,0.0,0.0,0.0,0.0,0.0
F009,F017,highlighted road,building facade,C009,C011,False,0.0663936710267686,0.513151364764268,0.48684863523573196,0.2803388833999634,0.7880893300248138,0.023379961649576824,0.6223325062034739,1.0,0.43739699572324753,0.6613599592682093,378818,31159,30807,2413,2533.974924633993,-2.4032237304447093,-2.617284982955805,-0.04890850914839188,0.9958955602253949,1.0,True,False,0.0,0.0,0.0,0.0,0.0,0.0,0.0
F009,F018,highlighted road,small alley flowerbed,C009,C013,False,0.04938602433161434,0.03573200992555831,0.9642679900744416,0.2774387001991272,0.45186104218362283,0.011291821797688803,0.9042183622828784,1.0,0.2877193056046963,0.53639472928497,378818,31159,22621,2716,1860.6500720662693,19.829486642342495,21.346153971164608,0.3781496720491402,9.490994343887971e-91,2.9436683995812538e-89,True,True,0.708547413522908,0.7627409855701498,0.013512047835006497,8.960172500175107,0.17087110491351967,17.930185936649146,0.3419298771580811
F009,F019,highlighted road,road_and_building,C009,C016,False,0.06517263802710026,0.4163771712158809,0.5836228287841191,0.2774387001991272,0.45186104218362283,0.027577718098958332,0.4977667493796526,1.0,0.45704154421885806,0.6760484777135868,378818,31159,13367,1199,1099.4787813673056,3.0013888103644724,3.189781809891085,0.08661391334542107,0.0008516915056369136,0.00444821263047673,True,True,1.249709782578557,1.3281523267983228,0.03606405622670386,1.3562106758495545,0.03913745315186396,1.4939915517595859,0.043113526097001156
F009,F020,highlighted road,advertising_wall,C009,C013,False,0.061157504614860844,0.19057071960297767,0.8094292803970223,0.2774387001991272,0.45186104218362283,0.027578808012462798,0.49627791563275436,1.0,0.6375811781202044,0.7984868052261129,378818,31159,8894,1065,731.560131778321,12.327996741262849,13.02235564749285,0.3753367937131164,6.617089133134436e-35,9.328707477202115e-34,True,True,2.349355210245625,2.4816796866686124,0.07152820287138298,5.570541455543337,0.16960007477706823,6.1181125266813146,0.1862713616442265
F009,F021,highlighted road,road_and_building,C009,C017,False,0.06436725510757212,0.3563275434243176,0.6436724565756824,0.2774387001991272,0.45186104218362283,0.022982350102177373,0.632258064516129,1.0,0.7211538553237915,0.8492077810075644,378818,31159,169116,10141,13910.33542228722,-31.959206259448084,-44.83818181559763,-0.31603214702999516,1.0,1.0,True,False,0.0,0.0,0.0,0.0,0.0,0.0,0.0
F009,F022,highlighted road,tree_canopy_and_road,C009,C005,False,0.06246712697858123,0.24813895781637718,0.7518610421836228,0.2803388833999634,0.7880893300248138,0.02864858839246962,0.4655086848635236,1.0,0.5876411199569702,0.7665775368199685,378818,31159,107423,7389,8835.887568700537,-15.392518872912232,-18.982878539430132,-0.17881807338390093,1.0,1.0,True,False,0.0,0.0,0.0,0.0,0.0,0.0,0.0
F009,F023,highlighted road,street_corner_cafe,C009,C018,False,0.06160290180603378,0.20843672456575682,0.7915632754342432,0.2774387001991272,0.45186104218362283,0.032149712244669594,0.37866004962779154,1.0,0.48124999552965164,0.693721843053577,378818,31159,8214,683,675.627942705996,0.2836187250199235,0.29931821350990945,0.01084433367129683,0.38820645725040515,1.0,True,False,0.059116558068668924,0.06238890802687939,0.00226035739054326,0.12815625267029299,0.004900131914499138,0.1073950804914152,0.004106315926153589
F009,F024,highlighted road,road_edge,C009,C018,False,0.05927452859016905,0.12853598014888337,0.8714640198511167,0.2774387001991272,0.45186104218362283,0.024779849582248263,0.5801488833746898,1.0,0.4875000019868215,0.6982120036112395,378818,31159,9323,542,766.8467628254201,-8.119557188288823,-8.581858655748265,-0.34675071655605844,1.0,1.0,True,False,0.0,0.0,0.0,0.0,0.0,0.0,0.0
F009,F025,highlighted road,shaded alley,C009,C019,False,0.06537095174648626,0.43325062034739453,0.5667493796526055,0.2803388833999634,0.7880893300248138,0.01840667724609375,0.7617866004962779,1.0,0.7079328984022141,0.8413874841012398,378818,31159,17421,935,1432.9333321014312,-13.154011183299783,-14.057860536603226,-0.4267466314482188,1.0,1.0,True,False,0.0,0.0,0.0,0.0,0.0,0.0,0.0
F009,F026,highlighted road,tree_shadows,C009,C016,False,0.06491453937061975,0.39602977667493794,0.6039702233250621,0.2774387001991272,0.45186104218362283,0.008034006754557291,0.9483870967741935,1.0,0.7362637281417846,0.8580581146646098,378818,31159,208,13,17.10866959859352,-0.9933289637371674,-1.0371709734087808,-0.2657016861458641,0.8809473109807239,1.0,False,False,0.0,0.0,0.0,0.0,0.0,0.0,0.0
F009,F027,highlighted road,car_top_heat,C009,C020,False,0.0658850992274583,0.47295285359801487,0.5270471464019851,0.2637636065483093,0.13746898263027296,0.02368275324503581,0.6124069478908188,1.0,0.9444444179534912,0.971825302178067,378818,31159,94699,6750,7789.297607294268,-11.77580970078137,-14.193644887579007,-0.14319830223810043,1.0,1.0,True,False,0.0,0.0,0.0,0.0,0.0,0.0,0.0
F009,F028,highlighted road,red_car_street,C009,C021,False,0.05915321388642534,0.1260545905707196,0.8739454094292805,0.2803388833999634,0.7880893300248138,0.027927822536892362,0.48833746898263025,1.0,0.6187312696129084,0.7865947302219284,378818,31159,158116,11305,13005.550010823139,-14.911627516752027,-20.39272241485571,-0.14012530168175233,1.0,1.0,True,False,0.0,0.0,0.0,0.0,0.0,0.0,0.0
F009,F029,highlighted road,electric_bike_parking,C009,C022,False,0.06729156048390712,0.5826302729528536,0.41736972704714637,0.2774387001991272,0.45186104218362283,0.020235856374104817,0.7062034739454094,1.0,0.39830395206809044,0.6311132640565325,378818,31159,125824,9565,10349.429055641496,-7.710729641046478,-9.849034537312825,-0.07881678971919502,1.0,1.0,True,False,0.0,0.0,0.0,0.0,0.0,0.0,0.0
F009,F030,highlighted road,stone_wall_and_shadows,C009,C012,False,0.0634068786524055,0.29478908188585606,0.7052109181141439,0.27199676632881165,0.16997518610421836,0.015708287556966145,0.824317617866005,1.0,0.38914142847061156,0.6238120137273822,378818,31159,10570,515,869.4165271977572,-12.019876900325151,-12.725742078366794,-0.5232599578388226,1.0,1.0,True,False,0.0,0.0,0.0,0.0,0.0,0.0,0.0
F009,F031,highlighted road,road_edge,C009,C001,False,0.06495180133254555,0.398014888337469,0.601985111662531,0.2774387001991272,0.45186104218362283,0.03057750066121419,0.41985111662531016,1.0,0.5565476566553116,0.7460212172956688,378818,31159,2681,112,220.52088073956358,-7.307830246952479,-7.655414628943509,-0.6753039583944926,1.0,1.0,False,False,0.0,0.0,0.0,0.0,0.0,0.0,0.0
F009,F032,highlighted road,tree-lined walk,C009,C012,False,0.07090258911933449,0.8292803970223325,0.17071960297766753,0.27199676632881165,0.16997518610421836,0.02173296610514323,0.6620347394540943,1.0,0.42500001192092896,0.6519202496632,378818,31159,325,25,26.732296247802374,-0.3350456872568892,-0.3498874791596084,-0.06572517883230426,0.6657052256294296,1.0,False,False,0.0,0.0,0.0,0.0,0.0,0.0,0.0
F009,F033,highlighted road,zebra_crossing,C009,C023,False,0.06460438681250241,0.3741935483870968,0.6258064516129032,0.2774387001991272,0.45186104218362283,0.021129926045735676,0.6764267990074442,1.0,1.0,1.0,378818,31159,44394,4436,3651.54941423058,12.981563456658531,14.422202109257528,0.1945772839208078,4.260999174213553e-45,7.099317632408697e-44,True,True,4.857617293459321,5.396694982818946,0.07280956430585067,5.865862792698557,0.0879218942977149,8.781077415099542,0.13161728932211467
F009,F034,highlighted road,red_door_street,C009,C018,False,0.06403480307318142,0.33200992555831266,0.6679900744416873,0.2774387001991272,0.45186104218362283,0.025879753960503474,0.5478908188585608,1.0,0.8333333730697632,0.9128709509398156,378818,31159,15775,1384,1297.5445332587153,2.4001109791553104,2.559208003345504,0.06448013679938189,0.005795611360199607,0.02749165294626449,True,True,0.7968606675210435,0.8496824586789787,0.021408045418752596,1.084516648397474,0.02913606181431127,1.3149987697208252,0.03532807495112537
F009,F035,highlighted road,small alley entrance,C009,C010,False,0.060832794834067734,0.17468982630272953,0.8253101736972704,0.2774387001991272,0.45186104218362283,0.021238781156994048,0.6744416873449132,1.0,0.3212707968694823,0.5668075483525976,378818,31159,65633,3297,5398.525537329271,-28.602045407457997,-32.83597455239762,-0.49305387562660896,1.0,1.0,True,False,0.0,0.0,0.0,0.0,0.0,0.0,0.0
F009,F036,highlighted road,pedestrian walk,C009,C024,False,0.06066213641941019,0.16674937965260547,0.8332506203473945,0.2774387001991272,0.45186104218362283,0.032246180943080356,0.3732009925558313,1.0,0.6076337546110153,0.7795086623065938,378818,31159,191641,13777,15763.089185307985,-15.818965548367585,-23.49119632127032,-0.13466597191013732,1.0,1.0,True,False,0.0,0.0,0.0,0.0,0.0,0.0,0.0
F009,F037,highlighted road,street_corner_shops,C009,C003,False,0.062371638643194664,0.2421836228287841,0.7578163771712159,0.2803388833999634,0.7880893300248138,0.02959557735558712,0.4446650124069479,1.0,0.6591791060160507,0.81189845794659,378818,31159,5196,178,427.387727087942,-12.063242373503023,-12.679470820397752,-0.8742722400622371,1.0,1.0,False,False,0.0,0.0,0.0,0.0,0.0,0.0,0.0
F009,F038,highlighted road,red-yellow hotspot,C009,C000,False,0.06871209414744132,0.678908188585608,0.321091811414392,0.2803388833999634,0.7880893300248138,0.017160733540852863,0.7965260545905707,1.0,0.5312499850988388,0.7288689766335502,378818,31159,4115,185,338.47199710679007,-8.341953652672744,-8.755430053025016,-0.6028626175162797,1.0,1.0,False,False,0.0,0.0,0.0,0.0,0.0,0.0,0.0
F009,F039,highlighted road,red car corner,C009,C017,False,0.06902027037873618,0.707196029776675,0.29280397022332505,0.2774387001991272,0.45186104218362283,0.017083485921223957,0.7995037220843673,1.0,0.30280448123812675,0.5502767315070907,378818,31159,1373,95,112.93366999456204,-1.6875531231781071,-1.7647529235402368,-0.17209201326916054,0.9677033921707574,1.0,False,False,0.0,0.0,0.0,0.0,0.0,0.0,0.0
F009,F040,highlighted road,cobblestone,C009,C013,False,0.05813846599661075,0.10570719602977667,0.8942928039702234,0.2774387001991272,0.45186104218362283,0.031252543131510414,0.39950372208436724,1.0,0.45202021673321724,0.6723244876792881,378818,31159,77947,6069,6411.391678853697,-4.276092062965747,-5.0085288235033065,-0.05487811174509817,0.9999997739585497,1.0,True,False,0.0,0.0,0.0,0.0,0.0,0.0,0.0
F009,F041,highlighted road,concrete_wall,C009,C011,False,0.06465284959369716,0.3791563275434243,0.6208436724565757,0.2803388833999634,0.7880893300248138,0.023483382331000432,0.6193548387096774,1.0,0.511904776096344,0.7154752099802928,378818,31159,8967,284,737.5646167816735,-16.700871335900516,-17.643267830028627,-0.953298123815964,1.0,1.0,True,False,0.0,0.0,0.0,0.0,0.0,0.0,0.0
F009,F042,highlighted road,Red-yellow glow street,C009,C025,False,0.06723487646363964,0.577667493796526,0.42233250620347396,0.2774387001991272,0.45186104218362283,0.035222530364990234,0.3057071960297767,1.0,0.9285714626312256,0.9636241293321922,378818,31159,66510,3105,5470.661610588726,-31.983994066449323,-36.770068331909215,-0.5663162211253028,1.0,1.0,True,False,0.0,0.0,0.0,0.0,0.0,0.0,0.0
F009,F043,highlighted road,tree_shadows,C009,C015,False,0.07222738478679898,0.892803970223325,0.10719602977667497,0.24984999001026154,0.06873449131513648,0.021956682205200195,0.656575682382134,1.0,0.7320646420121193,0.8556077617764575,378818,31159,16390,471,1348.1302630814798,-23.88901078398677,-25.494153160054825,-1.0509256343440743,1.0,1.0,True,False,0.0,0.0,0.0,0.0,0.0,0.0,0.0
F009,F044,highlighted road,road_and_buildings,C009,C026,False,0.06982918506389499,0.7583126550868486,0.24168734491315136,0.2774387001991272,0.45186104218362283,0.020583117449725116,0.6947890818858561,1.0,0.8246913684739007,0.90812519427329,378818,31159,21673,1415,1782.6740202419103,-8.708171552575608,-9.361770367822643,-0.23091210823564057,1.0,1.0,True,False,0.0,0.0,0.0,0.0,0.0,0.0,0.0
F009,F045,highlighted road,underpass glow,C009,C027,False,0.0693927123944826,0.7300248138957817,0.26997518610421833,0.2803388833999634,0.7880893300248138,0.009592692057291666,0.9255583126550868,1.0,0.7119318172335625,0.8437605212579944,378818,31159,85507,7309,7033.226016187193,3.2883346290742814,3.9009027733134123,0.03845829002877002,5.2477945023385486e-05,0.0003177043158172527,True,True,2.4005658756170067,2.847755821113662,0.028075506021002828,2.5915014347245453,0.030308568022673343,3.0435454507312825,0.03559539002662833
F009,F046,highlighted road,window_heat_zone,C009,C021,False,0.06319591022117979,0.2838709677419355,0.7161290322580645,0.2803388833999634,0.7880893300248138,0.022833448467832623,0.6387096774193548,1.0,0.739260733127594,0.8598027291929201,378818,31159,39968,4209,3287.496665945124,16.071790044834646,17.73837372368059,0.2470654126091198,3.8601462413115666e-66,9.607475089486566e-65,True,True,4.562314593372416,5.035409315109328,0.07013469777291143,12.66600624873321,0.19470961549542543,10.265207835087935,0.1578030699890507
F009,F047,highlighted road,underpass,C009,C008,False,0.06083301433151639,0.17518610421836228,0.8248138957816378,0.2803388833999634,0.7880893300248138,0.03797213236490885,0.25955334987593054,1.0,0.3610449731349945,0.6008701799348962,378818,31159,10970,705,902.3178148873601,-6.568807446418524,-6.958339706281732,-0.24661400638377784,0.9999999999997417,1.0,True,False,0.0,0.0,0.0,0.0,0.0,0.0,0.0
F009,F048,highlighted road,shaded path,C009,C028,False,0.07389045614663013,0.9429280397022333,0.05707196029776673,0.27199676632881165,0.16997518610421836,0.04719007582891555,0.15831265508684864,1.0,0.6641156588281903,0.8149329167656626,378818,31159,155,14,12.749248979721132,0.35029066558886146,0.365725653167981,0.09020777937647698,0.39812787670908906,1.0,False,False,0.3302988906296957,0.3448529732105032,0.08505944457335299,0.059540721074037246,0.015333084087564945,0.055455445321512066,0.014281033062578738
F009,F049,highlighted road,red_wall_yellow_wall,C009,C029,False,0.06608253831491348,0.49181141439205955,0.5081885856079404,0.2637636065483093,0.13746898263027296,0.044364004424124054,0.17369727047146402,1.0,1.0,1.0,378818,31159,349,31,28.70637350917855,0.4280884694693397,0.4470660276451939,0.07560058951269114,0.35448017780046764,1.0,False,False,0.21053879565464798,0.2198721753828224,0.037181232857110134,0.058848886373700796,0.010392736126558534,0.07435779866713096,0.013131616044388039
F009,F050,highlighted road,greenery_and_water,C009,C030,False,0.06577212286022074,0.46153846153846156,0.5384615384615384,0.2637636065483093,0.13746898263027296,0.029079013400607638,0.45558312655086847,1.0,0.688131312529246,0.8295368060123951,378818,31159,1487,117,122.31053698609887,-0.4801826913741624,-0.5022252614148472,-0.044204484523421406,0.7055157622048156,1.0,False,False,0.0,0.0,0.0,0.0,0.0,0.0,0.0
F009,F051,highlighted road,zebra_crossing,C009,C020,False,0.06461344397786588,0.375682382133995,0.624317617866005,0.2637636065483093,0.13746898263027296,0.024282264709472656,0.5930521091811415,1.0,0.8715151250362396,0.9335497442751723,378818,31159,19455,1601,1600.236380003062,0.019089089888297515,0.02045840813178463,0.00047692919622116205,0.4958470014956642,1.0,True,False,0.007171434762005567,0.007685863501618344,0.0001791738965456177,0.0026241577662820905,6.556297139119697e-05,0.011320825020603243,0.00028284386574902663
F009,F052,highlighted road,palm_tree_street,C009,C026,False,0.06590393669648659,0.47344913151364765,0.5265508684863524,0.2774387001991272,0.45186104218362283,0.02957548918547454,0.4456575682382134,1.0,0.6043684764040841,0.7774113945679495,378818,31159,90021,8961,7404.517047764361,18.088227002303565,21.624842656947404,0.19077987377600036,5.717669939464803e-100,1.8896430488460726e-98,True,True,8.563855364862333,10.238262975051029,0.0903245655495307,8.173365104514836,0.08620599259208354,8.061155259587395,0.08502249461580562
F009,F053,highlighted road,road_marking,C009,C030,False,0.06014494387373291,0.14739454094292803,0.852605459057072,0.2637636065483093,0.13746898263027296,0.03081334431966146,0.4129032258064516,1.0,0.5154761910438538,0.717966706083126,378818,31159,86968,5392,7153.397969473467,-20.82578103305289,-24.76707642626403,-0.2826482794289923,1.0,1.0,True,False,0.0,0.0,0.0,0.0,0.0,0.0,0.0
F009,F054,highlighted road,highlighted_lane,C009,C023,False,0.06598467422236874,0.48287841191067,0.5171215880893301,0.2774387001991272,0.45186104218362283,0.034840901692708336,0.3141439205955335,1.0,0.8999999761581421,0.9486832854847512,378818,31159,245062,19473,20157.13840947368,-4.818696067821734,-8.46498501566652,-0.03452872698661505,1.0,1.0,True,False,0.0,0.0,0.0,0.0,0.0,0.0,0.0
F009,F055,highlighted road,small alley entrance,C009,C014,False,0.06173810829709952,0.2138957816377171,0.7861042183622828,0.17627860605716705,0.023325062034739455,0.020383707682291665,0.7012406947890819,1.0,0.8571428656578064,0.9258201043711496,378818,31159,535,59,44.00547228484391,2.260369549517901,2.361154094588797,0.2903641582467898,0.013804573804158737,0.062399149751533656,False,False,0.4834835115842259,0.5050409006291671,0.06210766858777488,0.052723259963941116,0.006772762003771276,1.585063113384017,0.2036151640708258
F009,F056,highlighted road,stone_wall_street,C009,C021,False,0.060000673298880515,0.14193548387096774,0.8580645161290322,0.2803388833999634,0.7880893300248138,0.02278349134657118,0.6401985111662531,1.0,0.4911375728746255,0.70081208099934,378818,31159,8534,619,701.9489728576783,-3.130821021418992,-3.305552530584159,-0.1256600609990197,0.9996400151544761,1.0,True,False,0.0,0.0,0.0,0.0,0.0,0.0,0.0
F009,F057,highlighted road,streetlight illumination,C009,C027,False,0.06103672539533597,0.18759305210918115,0.8124069478908189,0.2803388833999634,0.7880893300248138,0.03105328877766927,0.40347394540942927,1.0,0.2642857193946838,0.5140872682674449,378818,31159,119269,4359,9810.259203628128,-55.037233020685285,-69.40650999625281,-0.8111222894848071,1.0,1.0,True,False,0.0,0.0,0.0,0.0,0.0,0.0,0.0
F009,F058,highlighted road,shaded alley,C009,C031,False,0.07065126806893617,0.8138957816377171,0.18610421836228286,0.27199676632881165,0.16997518610421836,0.03656811184353299,0.2863523573200993,1.0,0.875,0.9354143466934853,378818,31159,169922,18066,13976.63151698177,34.590352499178316,48.62316459251789,0.2566368636555506,0.0,0.0,True,True,28.152941984442897,39.57418855172672,0.2088756607419866,5.8795016034583485,0.04362189866105513,9.905028978672899,0.07348857088300383
F009,F059,highlighted road,road_edge,C009,C024,False,0.06973611994871796,0.75136476426799,0.24863523573200996,0.2774387001991272,0.45186104218362283,0.0118408203125,0.8952853598014888,1.0,0.7857142686843872,0.88640525082176,378818,31159,1891,90,155.54083755259782,-5.255206310566628,-5.499389013720822,-0.5447679014687842,0.999999998810489,1.0,False,False,0.0,0.0,0.0,0.0,0.0,0.0,0.0
F009,F060,highlighted road,street_corner_shop,C009,C031,False,0.06577424135575165,0.46253101736972707,0.537468982630273,0.27199676632881165,0.16997518610421836,0.017688327365451388,0.7841191066997518,1.0,0.3880471537510554,0.6229343093385172,378818,31159,35651,2384,2932.4095185550846,-10.127276647844587,-11.106908908259307,-0.20700548131056795,1.0,1.0,True,False,0.0,0.0,0.0,0.0,0.0,0.0,0.0
F009,F061,highlighted road,sunlit street,C009,C014,False,0.039868697453975095,0.007444168734491315,0.9925558312655087,0.17627860605716705,0.023325062034739455,0.12470601399739584,0.029280397022332507,1.0,0.8258823394775391,0.908780688327794,378818,31159,9753,392,802.2156470917432,-14.483271022011133,-15.31681695585228,-0.7154640008006296,1.0,1.0,True,False,0.0,0.0,0.0,0.0,0.0,0.0,0.0
F009,F062,highlighted road,shaded alley,C009,C005,False,0.06897617881204206,0.7042183622828784,0.2957816377171216,0.2803388833999634,0.7880893300248138,0.03327051798502604,0.34987593052109184,1.0,0.5,0.7071067811865476,378818,31159,6655,291,547.3951739357686,-10.958708230049988,-11.541069665700956,-0.6310439744211231,1.0,1.0,True,False,0.0,0.0,0.0,0.0,0.0,0.0,0.0
F009,F063,highlighted road,blue_wall_graffiti,C009,C013,False,0.06484682843737975,0.3915632754342432,0.6084367245657568,0.2774387001991272,0.45186104218362283,0.0203857421875,0.7002481389578163,1.0,0.11488095670938492,0.33894093395366826,378818,31159,39,1,3.207875549736285,-1.2327239517695134,-1.2868448331095912,-0.904993976393664,0.9648345824854108,1.0,False,False,0.0,0.0,0.0,0.0,0.0,0.0,0.0
F010,F011,green_wall,road_edge,C004,C010,False,0.062292809734450616,0.23821339950372208,0.7617866004962779,0.2774387001991272,0.45186104218362283,0.021147294477982956,0.6751861042183623,0.6875132593241605,0.384821442887187,0.5143635333664277,378818,122045,60886,13178,19615.83628549858,-45.965978993643446,-60.94312911802683,-0.39777598923918095,1.0,1.0,True,False,0.0,0.0,0.0,0.0,0.0,0.0,0.0
F010,F012,green_wall,bamboo,C004,C011,False,0.06907688221225453,0.7101736972704714,0.2898263027295286,0.2803388833999634,0.7880893300248138,0.007111982865767045,0.9593052109181142,0.6875132593241605,0.27633877843618393,0.43587449367945114,378818,122045,27187,8605,8758.9222661014,-1.6446599338645504,-2.0734228995265473,-0.017728417687227452,0.981349999751224,1.0,True,False,0.0,0.0,0.0,0.0,0.0,0.0,0.0
F010,F013,green_wall,tree-lined_driveway,C004,C012,False,0.06338476964355243,0.29280397022332505,0.707196029776675,0.2571783661842346,0.07841191066997519,0.047326269228596334,0.15632754342431762,0.6875132593241605,0.5153925527225841,0.5952639866090532,378818,122045,210391,53648,67782.33767930775,-54.28966869259286,-98.89325937252815,-0.23385552163714216,1.0,1.0,True,False,0.0,0.0,0.0,0.0,0.0,0.0,0.0
F010,F014,green_wall,road_edge,C004,C013,False,0.06615570539555776,0.49528535980148886,0.5047146401985112,0.2774387001991272,0.45186104218362283,0.018022171174636996,0.7751861042183623,0.6875132593241605,0.6375317871570587,0.6620510228910657,378818,122045,1332,360,429.1346768105,-3.337329843680123,-4.060729527386283,-0.17544330204469655,0.9999834483837489,1.0,True,False,0.0,0.0,0.0,0.0,0.0,0.0,0.0
F010,F015,green_wall,tree_shade_street,C004,C014,False,0.06621994813084811,0.5032258064516129,0.49677419354838714,0.27199676632881165,0.16997518610421836,0.04970446499911221,0.14044665012406948,0.6875132593241605,0.8839921777447065,0.7795872903904513,378818,122045,15105,4223,4866.425895812765,-9.223451716327848,-11.433242700217024,-0.14179833670506667,1.0,1.0,True,False,0.0,0.0,0.0,0.0,0.0,0.0,0.0
F010,F016,green_wall,construction scaffolding,C004,C015,False,0.06429218627087983,0.35136476426799007,0.64863523573201,0.27199676632881165,0.16997518610421836,0.027254393606474907,0.5027295285359802,0.6875132593241605,0.3196994091073672,0.4688257488229654,378818,122045,10329,2818,3327.726784366107,-8.836161067788154,-10.88194974062412,-0.16623483643852674,1.0,1.0,True,False,0.0,0.0,0.0,0.0,0.0,0.0,0.0
F010,F017,green_wall,building facade,C004,C011,False,0.06870536655909404,0.6779156327543424,0.3220843672456576,0.2803388833999634,0.7880893300248138,0.02133742245760831,0.6704714640198511,0.6875132593241605,0.43739699572324753,0.5483759970570246,378818,122045,30807,6665,9925.189180556363,-32.72452904263431,-41.46983194526185,-0.39818129343788305,1.0,1.0,True,False,0.0,0.0,0.0,0.0,0.0,0.0,0.0
F010,F018,green_wall,small alley flowerbed,C004,C013,False,0.05533472525718159,0.07444168734491315,0.9255583126550868,0.2774387001991272,0.45186104218362283,0.018203041770241478,0.7672456575682383,0.6875132593241605,0.2877193056046963,0.44475930295696897,378818,122045,22621,5689,7287.879522620361,-18.729024082798354,-23.459857804676087,-0.24765886278966884,1.0,1.0,True,False,0.0,0.0,0.0,0.0,0.0,0.0,0.0
F010,F019,green_wall,road_and_building,C004,C016,False,0.07142829544548171,0.8590570719602978,0.1409429280397022,0.2774387001991272,0.45186104218362283,0.019512060916785038,0.7275434243176179,0.6875132593241605,0.45704154421885806,0.5605551906034361,378818,122045,13367,5154,4306.488907602067,12.914682227109235,15.970720281584992,0.1796310889205031,4.7079271257982035e-56,9.397208995652651e-55,True,True,11.094449099318158,13.719760202195346,0.1543133572810873,5.835641770611891,0.08116829104819756,9.395992131484933,0.13068941754712535
F010,F020,green_wall,advertising_wall,C004,C013,False,0.06451829179369821,0.36674937965260546,0.6332506203473945,0.2774387001991272,0.45186104218362283,0.01962240640219156,0.7245657568238213,0.6875132593241605,0.6375811781202044,0.6620766676550079,378818,122045,8894,1242,2865.408269934375,-30.327352489272325,-37.27636888322417,-0.8357598436016925,1.0,1.0,True,False,0.0,0.0,0.0,0.0,0.0,0.0,0.0
F010,F021,green_wall,road_and_building,C004,C017,False,0.06842057626006787,0.6605459057071961,0.33945409429280393,0.2774387001991272,0.45186104218362283,0.009594233349116162,0.9250620347394541,0.6875132593241605,0.7211538553237915,0.7041326846183494,378818,122045,169116,59359,54484.63964225565,20.882408717729046,34.09060129570653,0.08568417826887006,2.0476582635549467e-254,1.9657519330127487e-252,True,True,13.79378957980018,22.51840710897538,0.05659833313938763,9.435946966497417,0.03871734209121896,19.317523498683347,0.07926318029437907
F010,F022,green_wall,tree_canopy_and_road,C004,C005,False,0.06345308459080871,0.29627791563275435,0.7037220843672456,0.2803388833999634,0.7880893300248138,0.04905246002505524,0.143424317617866,0.6875132593241605,0.5876411199569702,0.6356186448606715,378818,122045,107423,39748,34608.80959986062,27.624942148606337,39.64202326935275,0.13844939508691728,0.0,0.0,True,True,8.184660279264508,11.745056025708978,0.041019498196967555,21.77092214986941,0.1091104910163894,3.962088476896889,0.01985701001494744
F010,F023,green_wall,street_corner_cafe,C004,C018,False,0.05972029383263813,0.1344913151364764,0.8655086848635236,0.2774387001991272,0.45186104218362283,0.03286517750133167,0.36029776674937963,0.6875132593241605,0.48124999552965164,0.5752093123171151,378818,122045,8214,2405,2646.3305069980834,-4.691267349820316,-5.7609020131981845,-0.09560510692490079,0.9999999970476046,1.0,True,False,0.0,0.0,0.0,0.0,0.0,0.0,0.0
F010,F024,green_wall,road_edge,C004,C018,False,0.06575263333323979,0.458560794044665,0.541439205955335,0.2774387001991272,0.45186104218362283,0.01068115234375,0.9141439205955335,0.6875132593241605,0.4875000019868215,0.5789323926733538,378818,122045,9323,2550,3003.6205644927118,-8.276947493007626,-10.179378738694334,-0.16369544936703928,1.0,1.0,True,False,0.0,0.0,0.0,0.0,0.0,0.0,0.0
F010,F025,green_wall,shaded alley,C004,C019,False,0.06719508047170128,0.5746898263027296,0.4253101736972704,0.2803388833999634,0.7880893300248138,0.02681524103338068,0.5210918114143921,0.6875132593241605,0.7079328984022141,0.6976483744432477,378818,122045,17421,5318,5612.57898251931,-3.932063519950045,-4.889715705925961,-0.05390809850713739,0.9999995657641433,1.0,True,False,0.0,0.0,0.0,0.0,0.0,0.0,0.0
F010,F026,green_wall,tree_shadows,C004,C016,False,0.06665218985252658,0.5320099255583126,0.4679900744416874,0.2774387001991272,0.45186104218362283,0.034270130504261365,0.32754342431761785,0.6875132593241605,0.7362637281417846,0.7114710643848533,378818,122045,208,68,67.01202160404205,0.12068994464297683,0.14663255562493355,0.01452806540957264,0.46766004541009915,1.0,False,False,0.06420824846514697,0.07800997500244602,0.007729074997053036,0.05453508416745926,0.006564666776881334,0.03953119774906437,0.004758572292961757
F010,F027,green_wall,car_top_heat,C004,C020,False,0.07056491978461321,0.8074441687344913,0.19255583126550868,0.27199676632881165,0.16997518610421836,0.020764437588778408,0.6898263027295285,0.6875132593241605,0.9444444179534912,0.8058027426347681,378818,122045,94699,26666,30509.47804750566,-22.004272569234196,-30.86115908426472,-0.13464568322407366,1.0,1.0,True,False,0.0,0.0,0.0,0.0,0.0,0.0,0.0
F010,F028,green_wall,red_car_street,C004,C021,False,0.06046633544619649,0.1588089330024814,0.8411910669975187,0.2803388833999634,0.7880893300248138,0.024907198819247158,0.575682382133995,0.6875132593241605,0.6187312696129084,0.6522161848784087,378818,122045,158116,58879,50940.734653580344,35.171671616319124,55.96870151821599,0.14482027587081872,0.0,0.0,True,True,5.5855756413013005,8.88832976964224,0.022998753488169724,27.7184191199577,0.11413131418504224,20.24771169971721,0.08337048139461524
F010,F029,green_wall,electric_bike_parking,C004,C022,False,0.06569135485635241,0.45409429280397023,0.5459057071960298,0.2774387001991272,0.45186104218362283,0.025347449562766335,0.5647642679900744,0.6875132593241605,0.39830395206809044,0.5232965204241541,378818,122045,125824,40597,40537.11829955282,0.29741830089127286,0.4420464767719441,0.0014760984534204818,0.33052115454574627,1.0,True,False,0.13505595301018097,0.2007307822562426,0.0006702878833150079,0.13439174340521287,0.0006669913855282128,0.1679712289897114,0.0008336476625272994
F010,F030,green_wall,stone_wall_and_shadows,C004,C012,False,0.06496671255355624,0.4,0.6,0.2571783661842346,0.07841191066997519,0.052318781072443185,0.12903225806451613,0.6875132593241605,0.38914142847061156,0.5172425850854605,378818,122045,10570,5140,3405.370520936175,29.725182974871196,36.61927099451809,0.4116497844750428,5.736927661355884e-276,5.782823082646731e-274,True,True,11.89007318994848,14.647708397807236,0.16465991379001713,2.3308083920742675,0.032278246127571596,3.835507480628541,0.053116101222586164
F010,F031,green_wall,road_edge,C004,C001,False,0.07002662776926441,0.7751861042183623,0.22481389578163768,0.2774387001991272,0.45186104218362283,0.017333290793678978,0.7920595533498759,0.6875132593241605,0.5565476566553116,0.618574080766659,378818,122045,2681,1003,863.7462976944073,4.738202865659851,5.775584987989534,0.14939137328021612,6.544589286268192e-09,4.9788271702327075e-08,True,True,3.67298902042714,4.477153226421664,0.11580611665692188,2.1410092849544884,0.06750414162364109,3.752938845455643,0.11832686439465256
F010,F032,green_wall,tree-lined walk,C004,C012,False,0.07070447749439303,0.8193548387096774,0.1806451612903226,0.2571783661842346,0.07841191066997519,0.022404063831676136,0.6496277915632754,0.6875132593241605,0.42500001192092896,0.5405489278581218,378818,122045,325,66,104.7062837563157,-3.7826408051002827,-4.596439342512615,-0.45872108238185816,0.9999993724355093,1.0,False,False,0.0,0.0,0.0,0.0,0.0,0.0,0.0
F010,F033,green_wall,zebra_crossing,C004,C023,False,0.0641211844918007,0.3389578163771712,0.6610421836228288,0.2774387001991272,0.45186104218362283,0.033518010919744316,0.3444168734491315,0.6875132593241605,1.0,0.8291641932236102,378818,122045,44394,13434,14302.556187931936,-7.262582643703683,-9.388532735917739,-0.06264720871827717,1.0,1.0,True,False,0.0,0.0,0.0,0.0,0.0,0.0,0.0
F010,F034,green_wall,red_door_street,C004,C018,False,0.06608184361736875,0.4913151364764268,0.5086848635235732,0.2774387001991272,0.45186104218362283,0.03313746596827651,0.3533498759305211,0.6875132593241605,0.8333333730697632,0.7569199055532821,378818,122045,15775,4655,5082.281926941169,-5.993563999994884,-7.436378207722099,-0.08780941876657752,0.9999999999999694,1.0,True,False,0.0,0.0,0.0,0.0,0.0,0.0,0.0
F010,F035,green_wall,small alley entrance,C004,C010,False,0.06594821428460625,0.47692307692307695,0.523076923076923,0.2774387001991272,0.45186104218362283,0.028399182604504872,0.47245657568238214,0.6875132593241605,0.3212707968694823,0.4699765235428341,378818,122045,65633,27711,21145.192374702365,45.15255534927358,60.316650042983355,0.2704112749702284,0.0,0.0,True,True,21.534295628115093,28.76640232819206,0.12896537729349353,20.402680717376473,0.1221883205262496,21.33262168362702,0.12775758499834114
F010,F036,green_wall,pedestrian walk,C004,C024,False,0.0643354842629052,0.3533498759305211,0.6466501240694789,0.2774387001991272,0.45186104218362283,0.02153763213714996,0.6674937965260546,0.6875132593241605,0.6076337546110153,0.6463406710922626,378818,122045,191641,57257,61741.5905395203,-18.048199786378856,-31.186239132263744,-0.07540724065440366,1.0,1.0,True,False,0.0,0.0,0.0,0.0,0.0,0.0,0.0
F010,F037,green_wall,street_corner_shops,C004,C003,False,0.06190754237943937,0.2218362282878412,0.7781637717121588,0.2803388833999634,0.7880893300248138,0.05743364066131844,0.10372208436724566,0.6875132593241605,0.6591791060160507,0.6731971298627776,378818,122045,5196,1518,1674.0118473778964,-3.8131010613392364,-4.6635587413744695,-0.0977986828968497,0.9999988026616844,1.0,True,False,0.0,0.0,0.0,0.0,0.0,0.0,0.0
F010,F038,green_wall,red-yellow hotspot,C004,C000,False,0.069262696546744,0.7240694789081886,0.2759305210918114,0.2803388833999634,0.7880893300248138,0.03670501708984375,0.2813895781637717,0.6875132593241605,0.5312499850988388,0.6043520569760761,378818,122045,4115,1351,1325.742638945351,0.6936787016055439,0.8471691477914227,0.01886522608054455,0.2029866358701546,0.7294493010948871,True,False,0.5022715760012351,0.6134093233884297,0.013659734417625061,0.5466807832007958,0.014867483382582999,0.19519395722597685,0.0053084780087686145
F010,F039,green_wall,red car corner,C004,C017,False,0.07102377787654357,0.832258064516129,0.16774193548387095,0.2774387001991272,0.45186104218362283,0.04038169167258523,0.21588089330024815,0.6875132593241605,0.30280448123812675,0.456269762129802,378818,122045,1373,285,442.34377722283523,-7.4811714989041045,-9.103284765049509,-0.43897503140185445,1.0,1.0,True,False,0.0,0.0,0.0,0.0,0.0,0.0,0.0
F010,F040,green_wall,cobblestone,C004,C013,False,0.061090388230919106,0.18957816377171216,0.8104218362282878,0.2774387001991272,0.45186104218362283,0.022564497860995205,0.6451612903225806,0.6875132593241605,0.45202021673321724,0.557467391411074,378818,122045,77947,26719,25112.432922933967,10.13805091466653,13.817187762010429,0.06201066658572797,2.2605465657470713e-43,3.588395178382752e-42,True,True,1.9219530766266077,2.6194370844109103,0.011755868305582177,4.5809902520118495,0.028020204429928197,6.540678009462278,0.04000688166821159
F010,F041,green_wall,concrete_wall,C004,C011,False,0.06661057490967695,0.5275434243176179,0.4724565756823821,0.2803388833999634,0.7880893300248138,0.02899609190044981,0.45707196029776676,0.6875132593241605,0.511904776096344,0.5932464252548025,378818,122045,8967,4357,2888.926912131947,27.313628622769826,33.57541253741707,0.41084031625216666,2.5663250416457713e-232,2.3516869472535795e-230,True,True,14.409125174195696,17.712488102865684,0.2167361072834011,21.52557928186525,0.3237788695823527,12.484293777454596,0.18778358871873227
F010,F042,green_wall,Red-yellow glow street,C004,C025,False,0.06749795975337729,0.6009925558312655,0.39900744416873446,0.2774387001991272,0.45186104218362283,0.02142091230912642,0.6689826302729529,0.6875132593241605,0.9285714626312256,0.7990026237685312,378818,122045,66510,24725,21427.73825425402,22.525023754680817,30.13207634432322,0.1431255029659643,5.574059449641889e-196,4.0133228037421604e-194,True,True,13.537371596485594,18.109153574677627,0.08601736183215027,10.178180709000936,0.06467283893325583,15.068849638367118,0.09574847543331012
F010,F043,green_wall,tree_shadows,C004,C015,False,0.06658234137894549,0.5240694789081886,0.47593052109181144,0.27199676632881165,0.16997518610421836,0.017987164584073154,0.7761786600496278,0.6875132593241605,0.7320646420121193,0.7094393195092353,378818,122045,16390,4881,5280.418433126198,-5.496597480161268,-6.825562051902118,-0.07864747857562794,0.9999999999969804,1.0,True,False,0.0,0.0,0.0,0.0,0.0,0.0,0.0
F010,F044,green_wall,road_and_buildings,C004,C026,False,0.07131393794246103,0.8521091811414392,0.1478908188585608,0.2774387001991272,0.45186104218362283,0.020931590687144886,0.6818858560794044,0.6875132593241605,0.8246913684739007,0.7529848940556468,378818,122045,21673,7252,6982.459347232708,3.225670985951865,4.0350891719343025,0.03787343484301183,2.960241707714915e-05,0.0001870798521239269,True,True,2.7486238624711423,3.4383365301296265,0.03227230155109247,1.4575550534536839,0.01711352973923686,2.1995394216862842,0.02582535954059467
F010,F045,green_wall,underpass glow,C004,C027,False,0.06844578574018044,0.6620347394540943,0.3379652605459057,0.2803388833999634,0.7880893300248138,0.03580934351140803,0.29429280397022334,0.6875132593241605,0.7119318172335625,0.6996160118828179,378818,122045,85507,25293,27548.062169696266,-13.586668906576113,-18.754443115253,-0.08540289866069871,1.0,1.0,True,False,0.0,0.0,0.0,0.0,0.0,0.0,0.0
F010,F046,green_wall,window_heat_zone,C004,C021,False,0.06543297329097257,0.43672456575682383,0.5632754342431762,0.2803388833999634,0.7880893300248138,0.033475954670551394,0.34491315136476425,0.6875132593241605,0.739260733127594,0.7129176362827059,378818,122045,39968,9359,12876.61768976131,-30.999003693837388,-39.81065718778439,-0.3190600435232362,1.0,1.0,True,False,0.0,0.0,0.0,0.0,0.0,0.0,0.0
F010,F047,green_wall,underpass,C004,C008,False,0.06096441743780557,0.18064516129032257,0.8193548387096774,0.2803388833999634,0.7880893300248138,0.05886424671519886,0.09925558312655088,0.6875132593241605,0.3610449731349945,0.4982200379778437,378818,122045,10970,2772,3534.2397932516405,-12.821640963754488,-15.803918010285308,-0.24289024769863485,1.0,1.0,True,False,0.0,0.0,0.0,0.0,0.0,0.0,0.0
F010,F048,green_wall,shaded path,C004,C028,False,0.0720826053132555,0.8858560794044665,0.11414392059553347,0.19650520384311676,0.029528535980148884,0.03764888218470982,0.2650124069478908,0.6875132593241605,0.6641156588281903,0.6757131944613641,378818,122045,155,35,49.93684302224287,-2.113723984123853,-2.5678946098595685,-0.35118922388265755,0.9968431606078473,1.0,False,False,0.0,0.0,0.0,0.0,0.0,0.0,0.0
F010,F049,green_wall,red_wall_yellow_wall,C004,C029,False,0.06994195201828471,0.7682382133995037,0.2317617866004963,0.27199676632881165,0.16997518610421836,0.023187432407347625,0.628287841191067,0.6875132593241605,1.0,0.8291641932236102,378818,122045,349,113,112.43844009524362,0.05295886706574536,0.06435449482241541,0.004959944572720473,0.49447765851278824,1.0,False,False,0.04068502541825003,0.049439582126600025,0.0038104189571073407,0.009001693285368628,0.0008430675018147702,0.03327341226066185,0.0031162728680218946
F010,F050,green_wall,greenery_and_water,C004,C030,False,0.06984098194740326,0.7598014888337469,0.24019851116625313,0.27199676632881165,0.16997518610421836,0.01744114268909801,0.7890818858560794,0.6875132593241605,0.688131312529246,0.6878222165065581,378818,122045,1487,262,479.0715198327429,-9.917510530659033,-12.069708545271158,-0.6026419561906718,1.0,1.0,True,False,0.0,0.0,0.0,0.0,0.0,0.0,0.0
F010,F051,green_wall,zebra_crossing,C004,C020,False,0.06662371959164878,0.5295285359801489,0.47047146401985107,0.27199676632881165,0.16997518610421836,0.041791534423828124,0.2,0.6875132593241605,0.8715151250362396,0.7740660205460309,378818,122045,19455,4923,6267.879232243452,-16.987246045638326,-21.18417976812003,-0.24149816586839729,1.0,1.0,True,False,0.0,0.0,0.0,0.0,0.0,0.0,0.0
F010,F052,green_wall,palm_tree_street,C004,C026,False,0.06615178087149907,0.49429280397022335,0.5057071960297767,0.2774387001991272,0.45186104218362283,0.03408412740688131,0.3315136476426799,0.6875132593241605,0.6043684764040841,0.6446016917797757,378818,122045,90021,24472,29002.351907776294,-26.602063722252105,-37.00618765051522,-0.16984412864526136,1.0,1.0,True,False,0.0,0.0,0.0,0.0,0.0,0.0,0.0
F010,F053,green_wall,road_marking,C004,C030,False,0.06067735114092827,0.16774193548387098,0.832258064516129,0.27199676632881165,0.16997518610421836,0.0332275390625,0.35136476426799007,0.6875132593241605,0.5154761910438538,0.5953122846108281,378818,122045,86968,25159,28018.757186828505,-17.084596503705885,-23.641783366014415,-0.10765647163063051,1.0,1.0,True,False,0.0,0.0,0.0,0.0,0.0,0.0,0.0
F010,F054,green_wall,highlighted_lane,C004,C023,False,0.0735582746904595,0.9364764267990074,0.06352357320099256,0.2774387001991272,0.45186104218362283,0.017005072699652776,0.8009925558312655,0.6875132593241605,0.8999999761581421,0.7866142110336878,378818,122045,245062,85147,78952.4040304315,22.046025550715644,45.06392611061736,0.07553352354013367,0.0,0.0,True,True,20.645583232853806,42.201304501605435,0.07073536422840308,9.961740081353149,0.034130656666646005,17.658702351789106,0.06050179007135272
F010,F055,green_wall,small alley entrance,C004,C014,False,0.07451858341286702,0.9553349875930521,0.04466501240694787,0.27199676632881165,0.16997518610421836,0.0005232377485795454,0.9866004962779157,0.6875132593241605,0.8571428656578064,0.767656879911103,378818,122045,535,155,172.36265172193507,-1.322496314287646,-1.6074645872117803,-0.10585162687410411,0.9519462293330072,1.0,False,False,0.0,0.0,0.0,0.0,0.0,0.0,0.0
F010,F056,green_wall,stone_wall_street,C004,C021,False,0.06774003962341275,0.6178660049627791,0.3821339950372209,0.2803388833999634,0.7880893300248138,0.02082304521040483,0.6863523573200992,0.6875132593241605,0.4911375728746255,0.5810882837431772,378818,122045,8534,2753,2749.425924850456,0.06816205386733128,0.08373953615142825,0.0012988548227269876,0.4707664225320795,1.0,True,False,0.042115015913065726,0.051739812659319186,0.0008025182403449625,0.05371778736542038,0.00102361362704241,0.04678318635162241,0.0008914720693952475
F010,F057,green_wall,streetlight illumination,C004,C027,False,0.06748619576163926,0.6004962779156328,0.39950372208436724,0.2803388833999634,0.7880893300248138,0.017136452414772727,0.7975186104218362,0.6875132593241605,0.2642857193946838,0.4262627550395056,378818,122045,119269,28505,38425.27309948313,-50.607530646705285,-74.26100507683807,-0.2986313578105113,1.0,1.0,True,False,0.0,0.0,0.0,0.0,0.0,0.0,0.0
F010,F058,green_wall,shaded alley,C004,C031,False,0.07604858891011308,0.9732009925558313,0.026799007444168743,0.2571783661842346,0.07841191066997519,0.01308001893939394,0.8784119106699751,0.6875132593241605,0.875,0.7756120821058943,378818,122045,169922,36840,54744.31122597131,-76.5223185914288,-125.16370620011126,-0.3960848085779399,1.0,1.0,True,False,0.0,0.0,0.0,0.0,0.0,0.0,0.0
F010,F059,green_wall,road_edge,C004,C024,False,0.06676700336991084,0.5389578163771712,0.4610421836228288,0.2774387001991272,0.45186104218362283,0.028611269864169033,0.4665012406947891,0.6875132593241605,0.7857142686843872,0.7349754946667965,378818,122045,1891,645,609.2294848713631,1.4492213971249666,1.7646617395808954,0.057009818904094144,0.04142612411604612,0.1754518197856071,True,False,0.7810691996415453,0.9510782378088598,0.030725887508608555,0.6548466908596934,0.025760516184703583,0.6760635798002326,0.02659515125054516
F010,F060,green_wall,street_corner_shop,C004,C031,False,0.06642891352551945,0.5141439205955335,0.4858560794044665,0.2571783661842346,0.07841191066997519,0.025290518095999054,0.567741935483871,0.6875132593241605,0.3880471537510554,0.5165148240339784,378818,122045,35651,12017,11485.79606829665,4.956564137345339,6.325332026836025,0.045209242226781875,1.5097703517572995e-10,1.2629448253704215e-09,True,True,2.5483873182579506,3.2521310073459664,0.02324405704563078,0.38865366436752535,0.0035449430629436907,2.814049316686386,0.02566718268359229
F010,F061,green_wall,sunlit street,C004,C014,False,0.06038928236641983,0.15732009925558313,0.8426799007444169,0.27199676632881165,0.16997518610421836,0.03885373202237216,0.2411910669975186,0.6875132593241605,0.8258823394775391,0.7535284062545126,378818,122045,9753,1235,3142.155032231837,-34.022967761416155,-41.867412283160974,-0.9335922478623978,1.0,1.0,True,False,0.0,0.0,0.0,0.0,0.0,0.0,0.0
F010,F062,green_wall,shaded alley,C004,C005,False,0.06947078249530134,0.7364764267990075,0.2635235732009925,0.2803388833999634,0.7880893300248138,0.02992040460759943,0.43722084367245656,0.6875132593241605,0.5,0.5863076237454876,378818,122045,6655,3106,2144.062518148557,20.774382564896623,25.457566334095038,0.3705611131862232,3.684500331810893e-135,1.6147723193327742e-133,True,True,15.299843040350666,18.74889748873302,0.27290952455005224,16.372069237248553,0.29203525942417985,9.082993071798473,0.16201704253948518
F010,F063,green_wall,blue_wall_graffiti,C004,C013,False,0.06956896605998802,0.7419354838709677,0.25806451612903225,0.2774387001991272,0.45186104218362283,0.033025568181818184,0.3558312655086849,0.6875132593241605,0.11488095670938492,0.28103768605215035,378818,122045,39,11,12.564754050757884,-0.44143736274140927,-0.5362057885097538,-0.1275710383789437,0.7568962635443486,1.0,False,False,0.0,0.0,0.0,0.0,0.0,0.0,0.0
F011,F012,road_edge,bamboo,C010,C011,False,0.06118609760089512,0.19106699751861042,0.8089330024813896,0.2803388833999634,0.7880893300248138,0.03499754269917806,0.31017369727047145,0.384821442887187,0.27633877843618393,0.326099812087488,378818,60886,27187,4735,4369.664804734727,5.526719853373997,6.261621120621446,0.08028659653368614,2.9669615381957827e-10,2.411852605243023e-09,True,True,1.0559737685106645,1.1963891471162564,0.015340118940679486,4.355548946480351,0.06327301007220525,1.7142431306991306,0.024902790488116045
F011,F013,road_edge,tree-lined_driveway,C010,C012,False,0.06103657298856863,0.1870967741935484,0.8129032258064516,0.2774387001991272,0.45186104218362283,0.03847989169034091,0.24962779156327544,0.384821442887187,0.5153925527225841,0.44534717445159056,378818,60886,210391,35300,33815.358367342626,8.073551832415864,13.216659268936516,0.04296725322183377,2.794205926305167e-40,4.2675145056297095e-39,True,True,1.5105355041294197,2.472794314833284,0.008039034473762448,3.6481235451189304,0.019415227820585433,2.015382913997608,0.010725820531306395
F011,F014,road_edge,road_edge,C010,C013,False,0.054079997291029164,0.06451612903225806,0.935483870967742,0.23827536404132843,0.05235732009925558,0.06854721351906105,0.07196029776674938,0.384821442887187,0.6375317871570587,0.49531394309087073,378818,60886,1332,50,214.08737705177685,-11.214492948096066,-12.262870164013735,-1.4467436713641013,1.0,1.0,False,False,0.0,0.0,0.0,0.0,0.0,0.0,0.0
F011,F015,road_edge,tree_shade_street,C010,C014,False,0.0622673160898667,0.23573200992555832,0.7642679900744417,0.2774387001991272,0.45186104218362283,0.0260772705078125,0.5421836228287841,0.384821442887187,0.8839921777447065,0.5832487851172128,378818,60886,15105,1646,2427.7701429182353,-15.8662866754502,-17.674974565193548,-0.38852730567231797,1.0,1.0,True,False,0.0,0.0,0.0,0.0,0.0,0.0,0.0
F011,F016,road_edge,construction scaffolding,C010,C015,False,0.060148272897892104,0.14789081885856079,0.8521091811414392,0.2774387001991272,0.45186104218362283,0.0197853512234158,0.719106699751861,0.384821442887187,0.3196994091073672,0.35075231703137494,378818,60886,10329,1705,1660.1415297055578,1.1009609184287033,1.2184916331065352,0.026654331487917553,0.11436621866882939,0.4374996144902467,True,False,0.16282201175769406,0.1802037253924305,0.003941930909875648,0.4974813480046324,0.01204405400483818,0.7917083726070426,0.019167308350368503
F011,F017,road_edge,building facade,C010,C011,False,0.06410796277303675,0.3369727047146402,0.6630272952853598,0.2803388833999634,0.7880893300248138,0.02675350507100423,0.5235732009925558,0.384821442887187,0.43739699572324753,0.41026789175944645,378818,60886,30807,4753,4951.493862488055,-2.8208432920375652,-3.212516649040646,-0.04090910716394372,0.9993923486297861,1.0,True,False,0.0,0.0,0.0,0.0,0.0,0.0,0.0
F011,F018,road_edge,small alley flowerbed,C010,C013,False,0.047809770098787965,0.02729528535980149,0.9727047146401985,0.23827536404132843,0.05235732009925558,0.03936428493923611,0.23325062034739455,0.384821442887187,0.2877193056046963,0.3327469884601493,378818,60886,22621,3491,3635.7887059221052,-2.40123888961093,-2.703044231258153,-0.040632131927887914,0.9967794518853206,1.0,True,False,0.0,0.0,0.0,0.0,0.0,0.0,0.0
F011,F019,road_edge,road_and_building,C010,C016,False,0.06444170804388902,0.36129032258064514,0.6387096774193548,0.27367761731147766,0.2682382133995037,0.029876708984375,0.43771712158808934,0.384821442887187,0.45704154421885806,0.4193797640631806,378818,60886,13367,1757,2148.4279046930187,-8.444839322369994,-9.385117755159794,-0.20107672409014937,1.0,1.0,True,False,0.0,0.0,0.0,0.0,0.0,0.0,0.0
F011,F020,road_edge,advertising_wall,C010,C013,False,0.06351033920712768,0.2987593052109181,0.7012406947890819,0.23827536404132843,0.05235732009925558,0.0237274169921875,0.6104218362282878,0.384821442887187,0.6375811781202044,0.49533312923923195,378818,60886,8894,1276,1429.4993479718494,-4.059892686867647,-4.484574184839926,-0.1135520306085688,0.9999974789432754,1.0,True,False,0.0,0.0,0.0,0.0,0.0,0.0,0.0
F011,F021,road_edge,road_and_building,C010,C017,False,0.06323919231074904,0.2858560794044665,0.7141439205955336,0.2721763849258423,0.21861042183622828,0.03457549766257957,0.3196029776674938,0.384821442887187,0.7211538553237915,0.5267973682065611,378818,60886,169116,19127,27181.38202514136,-48.85358708919524,-71.6734127110852,-0.3514235592167076,1.0,1.0,True,False,0.0,0.0,0.0,0.0,0.0,0.0,0.0
F011,F022,road_edge,tree_canopy_and_road,C010,C005,False,0.057563136489608265,0.0967741935483871,0.9032258064516129,0.2803388833999634,0.7880893300248138,0.02604816578052662,0.5429280397022332,0.384821442887187,0.5876411199569702,0.47553854069011464,378818,60886,107423,14798,17265.696925700468,-18.780180559776237,-24.219309376754193,-0.15422483086967764,1.0,1.0,True,False,0.0,0.0,0.0,0.0,0.0,0.0,0.0
F011,F023,road_edge,street_corner_cafe,C010,C018,False,0.053955264049512966,0.06352357320099256,0.9364764267990074,0.2721763849258423,0.21861042183622828,0.038147290547688804,0.25508684863523573,0.384821442887187,0.48124999552965164,0.4303432556334221,378818,60886,8214,1368,1320.2054918192905,1.3153981582470622,1.4516606039359685,0.03554919217560119,0.07592025658252713,0.3036810263301085,True,False,0.08355879119385805,0.09221466863712356,0.002258211711402954,0.28755974625698805,0.007771423897445322,0.3355407708878362,0.009068131403602487
F011,F024,road_edge,road_edge,C010,C018,False,0.05716450657583285,0.09181141439205956,0.9081885856079405,0.2721763849258423,0.21861042183622828,0.034377098083496094,0.3260545905707196,0.384821442887187,0.4875000019868215,0.43312868084678385,378818,60886,9323,1463,1498.4509131033901,-0.9158116531469178,-1.012196415518276,-0.023934645005788797,0.8477084835927685,1.0,True,False,0.0,0.0,0.0,0.0,0.0,0.0,0.0
F011,F025,road_edge,shaded alley,C010,C019,False,0.06461617386580935,0.3761786600496278,0.6238213399503723,0.2803388833999634,0.7880893300248138,0.02757689158121745,0.4982630272952854,0.384821442887187,0.7079328984022141,0.5219461269426648,378818,60886,17421,2139,2800.0121588731263,-12.491928491271363,-13.960472920039582,-0.26923015746297846,1.0,1.0,True,False,0.0,0.0,0.0,0.0,0.0,0.0,0.0
F011,F026,road_edge,tree_shadows,C010,C016,False,0.06165740795948042,0.2109181141439206,0.7890818858560794,0.27367761731147766,0.2682382133995037,0.04916432698567708,0.14193548387096774,0.384821442887187,0.7362637281417846,0.532287582241988,378818,60886,208,28,33.431061881959145,-0.9393115563216885,-1.0255965182615938,-0.17442678728761202,0.8700648349507921,1.0,False,False,0.0,0.0,0.0,0.0,0.0,0.0,0.0
F011,F027,road_edge,car_top_heat,C010,C020,False,0.057151881310043444,0.0913151364764268,0.9086848635235731,0.2774387001991272,0.45186104218362283,0.08280587196350098,0.05657568238213399,0.384821442887187,0.9444444179534912,0.6028618943370131,378818,60886,94699,10053,15220.616005575237,-41.886504567928434,-52.79428272725012,-0.4147628421010732,1.0,1.0,True,False,0.0,0.0,0.0,0.0,0.0,0.0,0.0
F011,F028,road_edge,red_car_street,C010,C021,False,0.062308511607818945,0.23970223325062034,0.7602977667493797,0.2803388833999634,0.7880893300248138,0.014440324571397569,0.852605459057072,0.384821442887187,0.6187312696129084,0.48795600204512346,378818,60886,158116,18693,25413.393175614674,-42.156384245333214,-60.28692497318457,-0.3071201300528623,1.0,1.0,True,False,0.0,0.0,0.0,0.0,0.0,0.0,0.0
F011,F029,road_edge,electric_bike_parking,C010,C022,False,0.05252034352873146,0.05359801488833747,0.9464019851116625,0.23827536404132843,0.05235732009925558,0.12260524431864421,0.03076923076923077,0.384821442887187,0.39830395206809044,0.39150466350033625,378818,60886,125824,7608,20223.220818440517,-88.70941083505183,-118.48885334726519,-0.9775901700231989,1.0,1.0,True,False,0.0,0.0,0.0,0.0,0.0,0.0,0.0
F011,F030,road_edge,stone_wall_and_shadows,C010,C012,False,0.05953049717246463,0.13101736972704714,0.8689826302729529,0.2774387001991272,0.45186104218362283,0.04652455647786458,0.16426799007444168,0.384821442887187,0.38914142847061156,0.38697540747603304,378818,60886,10570,1221,1698.876558136097,-11.59404055505956,-12.835935595904429,-0.3301818415762561,1.0,1.0,True,False,0.0,0.0,0.0,0.0,0.0,0.0,0.0
F011,F031,road_edge,road_edge,C010,C001,False,0.06284330973637779,0.2660049627791563,0.7339950372208437,0.2591095566749573,0.08610421836228288,0.03694725036621094,0.27741935483870966,0.384821442887187,0.5565476566553116,0.46278663795487845,378818,60886,2681,222,430.90710050736766,-10.06378560493878,-11.024306030238785,-0.6621250914329843,1.0,1.0,True,False,0.0,0.0,0.0,0.0,0.0,0.0,0.0
F011,F032,road_edge,tree-lined walk,C010,C012,False,0.06528156830577367,0.426302729528536,0.573697270471464,0.2774387001991272,0.45186104218362283,0.025782267252604168,0.5501240694789082,0.384821442887187,0.42500001192092896,0.4044120643780098,378818,60886,325,39,52.23603419056116,-1.8313560250693695,-1.9998930366968228,-0.2889983107140869,0.983856893460325,1.0,False,False,0.0,0.0,0.0,0.0,0.0,0.0,0.0
F011,F033,road_edge,zebra_crossing,C010,C023,False,0.062469281985794066,0.24863523573200993,0.75136476426799,0.2721763849258423,0.21861042183622828,0.028026580810546875,0.4838709677419355,0.384821442887187,1.0,0.6203397801908137,378818,60886,44394,5207,7135.2815441716075,-22.82784355131411,-26.520339631292934,-0.3150218874514732,1.0,1.0,True,False,0.0,0.0,0.0,0.0,0.0,0.0,0.0
F011,F034,road_edge,red_door_street,C010,C018,False,0.06433627665298643,0.35384615384615387,0.6461538461538461,0.2721763849258423,0.21861042183622828,0.03407711452907986,0.33200992555831266,0.384821442887187,0.8333333730697632,0.5662901650485842,378818,60886,15775,2561,2535.456736480315,0.5072806324600276,0.5656296418074597,0.010022047715169305,0.28905573237187476,1.0,True,False,0.17949930071662518,0.2001458732549473,0.0035462630376752926,0.11089683305143531,0.0021909240786759697,0.16842220502022753,0.0033274193158552186
F011,F035,road_edge,small alley entrance,C010,C010,True,0.03400607303219307,0.0004962779156327543,0.9995037220843672,0.10111936181783676,0.004962779156327543,0.1766942342122396,0.016377171215880892,0.384821442887187,0.3212707968694823,0.35161326995554437,378818,60886,65633,4846,10548.946560089542,-55.525791233771045,-66.65875405409714,-0.777816604836256,1.0,1.0,True,False,0.0,0.0,0.0,0.0,0.0,0.0,0.0
F011,F036,road_edge,pedestrian walk,C010,C024,False,0.05842629797324745,0.11116625310173697,0.888833746898263,0.2721763849258423,0.21861042183622828,0.022396450950985865,0.6501240694789082,0.384821442887187,0.6076337546110153,0.4835602322321076,378818,60886,191641,32250,30801.74101019487,8.251988243145792,12.814311354347344,0.04594609959366141,6.856890942868374e-38,1.009014024877565e-36,True,True,0.9173426136301029,1.4245189793418387,0.005107655736466579,1.8039706308216978,0.010044296213899677,5.364816177926048,0.029870665244514365
F011,F037,road_edge,street_corner_shops,C010,C003,False,0.06276577295458219,0.26004962779156326,0.7399503722084367,0.2803388833999634,0.7880893300248138,0.024364471435546875,0.5905707196029777,0.384821442887187,0.6591791060160507,0.5036529109398482,378818,60886,5196,1142,835.1336420127872,10.618698490581654,11.671266389877964,0.3127838329907163,2.935533372122734e-29,3.919228661059227e-28,True,True,2.7613885901065935,3.035108480543947,0.08133931934845427,8.368482979177998,0.2465016013842469,6.27109240882986,0.18472097332950493
F011,F038,road_edge,red-yellow hotspot,C010,C000,False,0.06701123198068626,0.5602977667493797,0.4397022332506203,0.2803388833999634,0.7880893300248138,0.009666363398234049,0.9245657568238214,0.384821442887187,0.5312499850988388,0.45214642075275985,378818,60886,4115,670,661.3885559820283,0.3348479501261148,0.3675081478880189,0.012926505394264062,0.3630510368737571,1.0,True,False,0.1876145586562698,0.20591399452385775,0.007242692104279964,0.26389009667507207,0.010187240975727707,0.3095889484292565,0.011951404242934963
F011,F039,road_edge,red car corner,C010,C017,False,0.07001986983060512,0.773697270471464,0.22630272952853603,0.2721763849258423,0.21861042183622828,0.0028476715087890625,0.9801488833746899,0.384821442887187,0.30280448123812675,0.341358546667228,378818,60886,1373,146,220.67715367273993,-5.027002133560746,-5.4972456441259,-0.4119385522798167,0.9999999971749438,1.0,False,False,0.0,0.0,0.0,0.0,0.0,0.0,0.0
F011,F040,road_edge,cobblestone,C010,C013,False,0.057871320549889006,0.10024813895781638,0.8997518610421836,0.23827536404132843,0.05235732009925558,0.03709491093953451,0.27444168734491314,0.384821442887187,0.45202021673321724,0.417069624903871,378818,60886,77947,7807,12528.129714005143,-42.17963451295803,-51.66251687076502,-0.47293159233800064,1.0,1.0,True,False,0.0,0.0,0.0,0.0,0.0,0.0,0.0
F011,F041,road_edge,concrete_wall,C010,C011,False,0.06251147198086104,0.25260545905707193,0.7473945409429281,0.2803388833999634,0.7880893300248138,0.03457450866699219,0.3200992555831266,0.384821442887187,0.511904776096344,0.44383773449115105,378818,60886,8967,1015,1441.2323648823447,-11.227405816174095,-12.403062567978036,-0.35046431965575864,1.0,1.0,True,False,0.0,0.0,0.0,0.0,0.0,0.0,0.0
F011,F042,road_edge,Red-yellow glow street,C010,C025,False,0.06435351218471216,0.3548387096774194,0.6451612903225806,0.27367761731147766,0.2682382133995037,0.036673651801215276,0.2823821339950372,0.384821442887187,0.9285714626312256,0.5977743805764963,378818,60886,66510,6688,10689.903489274533,-38.70612713113975,-46.53193114298831,-0.46895683512441927,1.0,1.0,True,False,0.0,0.0,0.0,0.0,0.0,0.0,0.0
F011,F043,road_edge,tree_shadows,C010,C015,False,0.06585549034166359,0.47196029776674936,0.5280397022332506,0.2774387001991272,0.45186104218362283,0.02667999267578125,0.5260545905707196,0.384821442887187,0.7320646420121193,0.5307675308699618,378818,60886,16390,2820,2634.3033857947617,3.6180210584896697,4.037598512141693,0.06810561138518473,3.253194537337956e-05,0.00020431277841972956,True,True,1.7075622960911543,1.9055861960529774,0.0321431446289383,1.6348427661314364,0.03077427253906238,1.9032765866000247,0.035827269512801886
F011,F044,road_edge,road_and_buildings,C010,C026,False,0.06702524512145107,0.5612903225806452,0.43870967741935485,0.27367761731147766,0.2682382133995037,0.03217343930844908,0.3761786600496278,0.384821442887187,0.8246913684739007,0.5633461834012327,378818,60886,21673,3334,3483.4202123447144,-2.531666037332568,-2.8460795903087903,-0.04383541447382272,0.997944710954804,1.0,True,False,0.0,0.0,0.0,0.0,0.0,0.0,0.0
F011,F045,road_edge,underpass glow,C010,C027,False,0.06304262231447151,0.27543424317617865,0.7245657568238213,0.2803388833999634,0.7880893300248138,0.047738234202067055,0.15186104218362284,0.384821442887187,0.7119318172335625,0.5234182162908706,378818,60886,85507,13106,13743.220232407119,-5.435572636037913,-6.742858421168736,-0.04747371906321229,0.999999999993916,1.0,True,False,0.0,0.0,0.0,0.0,0.0,0.0,0.0
F011,F046,road_edge,window_heat_zone,C010,C021,False,0.05790188327545853,0.10074441687344914,0.8992555831265509,0.2803388833999634,0.7880893300248138,0.03570209849964489,0.29528535980148884,0.384821442887187,0.739260733127594,0.5333698360349978,378818,60886,39968,6606,6423.907121625688,2.271921567459971,2.6221196309904036,0.027949663138392103,0.0045599423926720355,0.02193996148836951,True,True,0.2288834134959673,0.26416391319655186,0.0028157725146866486,1.7904771459684534,0.02202683129715467,0.67086517748818,0.008253126336150522
F011,F047,road_edge,underpass,C010,C008,False,0.061969705376998814,0.22531017369727047,0.7746898263027295,0.2803388833999634,0.7880893300248138,0.014087147182888456,0.8590570719602978,0.384821442887187,0.3610449731349945,0.37274367534402814,378818,60886,10970,1845,1763.1670617552493,1.9488634600729493,2.158788649647724,0.04535504421860599,0.016351679110259965,0.07358255599616985,True,False,0.4390987647012997,0.48639704562782465,0.0102189528909415,1.5358784985587313,0.035743826411487004,1.6741849376606825,0.038962571485065496
F011,F048,road_edge,shaded path,C010,C028,False,0.07330554045978226,0.9280397022332506,0.07196029776674939,0.2774387001991272,0.45186104218362283,0.015931810651506697,0.8193548387096774,0.384821442887187,0.6641156588281903,0.5055353064566698,378818,60886,155,30,24.91257015242148,1.0192698226063421,1.1128218471968463,0.182482744114891,0.15763904126320438,0.5874312517312755,False,False,0.9459228626669279,1.032742855711217,0.16935123151108988,0.4605683243092181,0.08245684293628201,0.835143661103261,0.14951811937155585
F011,F049,road_edge,red_wall_yellow_wall,C010,C029,False,0.06525293899803923,0.42332506203473946,0.5766749379652605,0.2774387001991272,0.45186104218362283,0.02725098349831321,0.5037220843672456,0.384821442887187,1.0,0.6203397801908137,378818,60886,349,40,56.0934644077103,-2.1487872189626698,-2.346611357999133,-0.33459153460105,0.9940236002295587,1.0,False,False,0.0,0.0,0.0,0.0,0.0,0.0,0.0
F011,F050,road_edge,greenery_and_water,C010,C030,False,0.07003118455685975,0.775682382133995,0.22431761786600501,0.2774387001991272,0.45186104218362283,0.021284315321180556,0.6734491315136476,0.384821442887187,0.688131312529246,0.5145946799019188,378818,60886,1487,215,238.99994720419832,-1.5524277020389765,-1.6979036938683585,-0.10559228686538251,0.9599536549259704,1.0,True,False,0.0,0.0,0.0,0.0,0.0,0.0,0.0
F011,F051,road_edge,zebra_crossing,C010,C020,False,0.06489554632375664,0.3955334987593052,0.6044665012406948,0.2774387001991272,0.45186104218362283,0.046701240539550784,0.16277915632754342,0.384821442887187,0.8715151250362396,0.5791180431608507,378818,60886,19455,2272,3126.929369776515,-15.288722606605694,-17.134342096461488,-0.3193308324297874,1.0,1.0,True,False,0.0,0.0,0.0,0.0,0.0,0.0,0.0
F011,F052,road_edge,palm_tree_street,C010,C026,False,0.06099433754946764,0.1826302729528536,0.8173697270471464,0.27367761731147766,0.2682382133995037,0.056816948784722224,0.10719602977667494,0.384821442887187,0.6043684764040841,0.4822592136241157,378818,60886,90021,12835,14468.738565749252,-13.582109463863697,-16.979848075992123,-0.1198101481355656,1.0,1.0,True,False,0.0,0.0,0.0,0.0,0.0,0.0,0.0
F011,F053,road_edge,road_marking,C010,C030,False,0.06028839228710765,0.1533498759305211,0.8466501240694789,0.2774387001991272,0.45186104218362283,0.01714769999186198,0.7970223325062035,0.384821442887187,0.5154761910438538,0.4453833086359289,378818,60886,86968,12155,13978.041296876072,-15.419608495973556,-19.1759289058277,-0.1397416469638581,1.0,1.0,True,False,0.0,0.0,0.0,0.0,0.0,0.0,0.0
F011,F054,road_edge,highlighted_lane,C010,C023,False,0.06854303676715959,0.6679900744416873,0.33200992555831266,0.2721763849258423,0.21861042183622828,0.029372745090060763,0.4496277915632754,0.384821442887187,0.8999999761581421,0.5885059807883095,378818,60886,245062,40271,39387.89849479169,4.449684511088908,8.174016240890895,0.02217270424503593,1.3026087170278906e-16,1.3262925118829432e-15,True,True,2.9723450878043027,5.46016171724027,0.014811146359215068,0.9727474080072773,0.004847184228257234,2.0007018198742186,0.009969464042681167
F011,F055,road_edge,small alley entrance,C010,C014,False,0.06006746840009314,0.1444168734491315,0.8555831265508684,0.2774387001991272,0.45186104218362283,0.01918512980143229,0.7379652605459057,0.384821442887187,0.8571428656578064,0.5743230400418351,378818,60886,535,36,85.98854859061608,-5.390762740883779,-5.8885005279089775,-0.8626997583499043,0.9999999999785665,1.0,False,False,0.0,0.0,0.0,0.0,0.0,0.0,0.0
F011,F056,road_edge,stone_wall_street,C010,C021,False,0.059055893198715285,0.12258064516129032,0.8774193548387097,0.2803388833999634,0.7880893300248138,0.026679144965277776,0.5265508684863524,0.384821442887187,0.4911375728746255,0.43474161228219727,378818,60886,8534,895,1371.6378947146122,-12.86971205317816,-14.209024707635955,-0.42674308808639727,1.0,1.0,True,False,0.0,0.0,0.0,0.0,0.0,0.0,0.0
F011,F057,road_edge,streetlight illumination,C010,C027,False,0.06173234311389383,0.2129032258064516,0.7870967741935484,0.2803388833999634,0.7880893300248138,0.016547648111979167,0.8084367245657568,0.384821442887187,0.2642857193946838,0.3189087829959226,378818,60886,119269,21670,19169.66019038166,18.058922258206877,23.81469704311625,0.12259697532699676,1.7774888480029487e-123,6.891187533796046e-122,True,True,3.8448028033601735,5.070225822082814,0.026101291521231567,14.232043943440456,0.09661736814852151,14.599495959612407,0.09911189717502616
F011,F058,road_edge,shaded alley,C010,C031,False,0.07257766129986425,0.9101736972704715,0.08982630272952852,0.2774387001991272,0.45186104218362283,0.03856658935546875,0.24813895781637718,0.384821442887187,0.875,0.5802747302151703,378818,60886,169922,36598,27310.927389933953,56.19667459933433,82.60540557113706,0.2927020556406912,0.0,0.0,True,True,51.14873509438172,75.18526740320861,0.26640971218115517,25.393087951709134,0.13226065591109148,13.944584267824895,0.07263078303739236
F011,F059,road_edge,road_edge,C010,C024,False,0.051943850438617455,0.04962779156327544,0.9503722084367245,0.2721763849258423,0.21861042183622828,0.10700575510660808,0.04317617866004963,0.384821442887187,0.7857142686843872,0.5498724384547536,378818,60886,1891,247,303.9333558595421,-3.2657098849089587,-3.5736489599096166,-0.20704161701467297,0.9998912483176344,1.0,True,False,0.0,0.0,0.0,0.0,0.0,0.0,0.0
F011,F060,road_edge,street_corner_shop,C010,C031,False,0.06645069864295665,0.515136476426799,0.48486352357320095,0.2774387001991272,0.45186104218362283,0.0348716311984592,0.31315136476426797,0.384821442887187,0.3880471537510554,0.3864309325283721,378818,60886,35651,2861,5730.051861315988,-37.90173775176035,-43.467961716963345,-0.6944658740974243,1.0,1.0,True,False,0.0,0.0,0.0,0.0,0.0,0.0,0.0
F011,F061,road_edge,sunlit street,C010,C014,False,0.053703620612340616,0.06054590570719603,0.939454094292804,0.2774387001991272,0.45186104218362283,0.02902069091796875,0.456575682382134,0.384821442887187,0.8258823394775391,0.5637528124389201,378818,60886,9753,1405,1567.5632044939787,-4.105912795699631,-4.540683207719175,-0.10944811873988794,0.9999980521290337,1.0,True,False,0.0,0.0,0.0,0.0,0.0,0.0,0.0
F011,F062,road_edge,shaded alley,C010,C005,False,0.06706742187197884,0.5647642679900744,0.4352357320099256,0.2803388833999634,0.7880893300248138,0.008994420369466146,0.9339950372208436,0.384821442887187,0.5,0.4386464652126967,378818,60886,6655,935,1069.6332539636448,-4.1165642134597,-4.53347484117457,-0.13445731040241343,0.9999981478126528,1.0,True,False,0.0,0.0,0.0,0.0,0.0,0.0,0.0
F011,F063,road_edge,blue_wall_graffiti,C010,C013,False,0.05614690159628247,0.0803970223325062,0.9196029776674938,0.23827536404132843,0.05235732009925558,0.03447532653808594,0.3245657568238213,0.384821442887187,0.11488095670938492,0.21025854446648767,378818,60886,39,10,6.26832410286734,1.4904870110124453,1.627039744218561,0.43912174846662655,0.08477465741159401,0.33445344293889145,False,False,0.11983071751067798,0.1308091506518148,0.035304081018160544,0.07803790553936128,0.02299123794701196,0.4837610447653296,0.14252388262887034
F012,F013,bamboo,tree-lined_driveway,C011,C012,False,0.06507860887642153,0.4099255583126551,0.5900744416873449,0.2803388833999634,0.7880893300248138,0.02085078846324574,0.6843672456575682,0.27633877843618393,0.5153925527225841,0.37738965067217384,378818,27187,210391,14680,15099.335609712316,-3.412579871842034,-5.312065532417446,-0.02816377443575159,0.9999999461824466,1.0,True,False,0.0,0.0,0.0,0.0,0.0,0.0,0.0
F012,F014,bamboo,road_edge,C011,C013,False,0.059763835704184115,0.13647642679900746,0.8635235732009925,0.2803388833999634,0.7880893300248138,0.0311790042453342,0.40099255583126553,0.27633877843618393,0.6375317871570587,0.4197317658662718,378818,27187,1332,67,95.5949400503672,-2.9246354361461684,-3.040939422874387,-0.35320906374970706,0.9994126512313558,1.0,False,False,0.0,0.0,0.0,0.0,0.0,0.0,0.0
F012,F015,bamboo,tree_shade_street,C011,C014,False,0.06579128022725836,0.4650124069478908,0.5349875930521092,0.2803388833999634,0.7880893300248138,0.016562461853027344,0.8079404466501241,0.27633877843618393,0.8839921777447065,0.49424823575316296,378818,27187,15105,780,1084.0552323279253,-9.234784734886778,-9.782138784342122,-0.32899051785548455,1.0,1.0,True,False,0.0,0.0,0.0,0.0,0.0,0.0,0.0
F012,F016,bamboo,construction scaffolding,C011,C015,False,0.05900739760992614,0.12109181141439206,0.8789081885856079,0.2803388833999634,0.7880893300248138,0.041217803955078125,0.20297766749379653,0.27633877843618393,0.3196994091073672,0.29722944702619836,378818,27187,10329,484,741.2913932284105,-9.449977615587644,-9.945004215428133,-0.42595063110736,1.0,1.0,True,False,0.0,0.0,0.0,0.0,0.0,0.0,0.0
F012,F017,bamboo,building facade,C011,C011,True,0.037667938144505024,0.0034739454094292804,0.9965260545905708,0.10654101520776749,0.007444168734491315,0.21077561378479004,0.005459057071960298,0.27633877843618393,0.43739699572324753,0.34766327313913814,378818,27187,30807,672,2210.95594454329,-32.72925675428169,-35.442644046897975,-1.1904042645592552,1.0,1.0,True,False,0.0,0.0,0.0,0.0,0.0,0.0,0.0
F012,F018,bamboo,small alley flowerbed,C011,C013,False,0.049047571070739586,0.03325062034739454,0.9667493796526054,0.2803388833999634,0.7880893300248138,0.034172375996907554,0.32952853598014886,0.27633877843618393,0.2877193056046963,0.28197163233791595,378818,27187,22621,1484,1623.4633174769942,-3.461296089410535,-3.704930612737956,-0.08979163850222999,0.9999159862440715,1.0,True,False,0.0,0.0,0.0,0.0,0.0,0.0,0.0
F012,F019,bamboo,road_and_building,C011,C016,False,0.06842503568775865,0.6610421836228287,0.33895781637717126,0.2803388833999634,0.7880893300248138,0.024876912434895832,0.5761786600496278,0.27633877843618393,0.45704154421885806,0.35538472395986065,378818,27187,13367,716,959.3224952351788,-7.855972368207898,-8.301791573511226,-0.2923701193007069,1.0,1.0,True,False,0.0,0.0,0.0,0.0,0.0,0.0,0.0
F012,F020,bamboo,advertising_wall,C011,C013,False,0.0658091968504742,0.4665012406947891,0.533498759305211,0.2803388833999634,0.7880893300248138,0.023255484444754466,0.6258064516129033,0.27633877843618393,0.6375811781202044,0.41974802431415953,378818,27187,8894,480,638.3043519579323,-6.2658349599642875,-6.581261585344544,-0.2847710006154008,0.9999999999968615,1.0,True,False,0.0,0.0,0.0,0.0,0.0,0.0,0.0
F012,F021,bamboo,road_and_building,C011,C017,False,0.06403983227489907,0.3325062034739454,0.6674937965260546,0.2803388833999634,0.7880893300248138,0.04725837707519531,0.15732009925558313,0.27633877843618393,0.7211538553237915,0.4464109938663261,378818,27187,169116,11486,12137.112523692116,-5.910148042693073,-8.244864623044203,-0.05513667157141486,1.0,1.0,True,False,0.0,0.0,0.0,0.0,0.0,0.0,0.0
F012,F022,bamboo,tree_canopy_and_road,C011,C005,False,0.061935182926123926,0.22431761786600496,0.7756823821339951,0.26061704754829407,0.10198511166253102,0.032975090874565974,0.3573200992555831,0.27633877843618393,0.5876411199569702,0.40297398085705255,378818,27187,107423,6125,7709.530964737684,-18.046240963049335,-22.129534912616712,-0.23006181799377307,1.0,1.0,True,False,0.0,0.0,0.0,0.0,0.0,0.0,0.0
F012,F023,bamboo,street_corner_cafe,C011,C018,False,0.061468902771542065,0.20148883374689827,0.7985111662531017,0.2803388833999634,0.7880893300248138,0.0305783748626709,0.41935483870967744,0.27633877843618393,0.48124999552965164,0.3646752471543454,378818,27187,8214,410,589.5021303105977,-7.393105738723872,-7.758152679464454,-0.36275021869669205,1.0,1.0,True,False,0.0,0.0,0.0,0.0,0.0,0.0,0.0
F012,F024,bamboo,road_edge,C011,C018,False,0.05774350283887253,0.09925558312655088,0.9007444168734491,0.2803388833999634,0.7880893300248138,0.03057416280110677,0.42084367245657567,0.27633877843618393,0.4875000019868215,0.367035631835215,378818,27187,9323,854,669.0928123795596,7.148429047275737,7.512643553260991,0.24384671763817178,2.6023961245537934e-13,2.428903049583541e-12,True,True,0.7095214935261278,0.7456718167008429,0.02420314815267214,5.633600658597454,0.19217299633221677,3.008371132550782,0.10262134816732986
F012,F025,bamboo,shaded alley,C011,C019,False,0.06214765972241724,0.23076923076923078,0.7692307692307692,0.27533864974975586,0.31042183622828784,0.03156890869140625,0.38759305210918116,0.27633877843618393,0.7079328984022141,0.44230002527611834,378818,27187,17421,836,1250.269857820906,-11.716056428719726,-12.450180246240228,-0.40228800654608815,1.0,1.0,True,False,0.0,0.0,0.0,0.0,0.0,0.0,0.0
F012,F026,bamboo,tree_shadows,C011,C016,False,0.06503576064501092,0.4064516129032258,0.5935483870967742,0.2803388833999634,0.7880893300248138,0.0388519287109375,0.24168734491315136,0.27633877843618393,0.7362637281417846,0.45106343150556044,378818,27187,208,6,14.927738386243526,-2.310704700440278,-2.3990254946252483,-0.8643649062253984,0.9977424631933307,1.0,False,False,0.0,0.0,0.0,0.0,0.0,0.0,0.0
F012,F027,bamboo,car_top_heat,C011,C020,False,0.06774746156922588,0.6193548387096774,0.38064516129032255,0.2803388833999634,0.7880893300248138,0.020684242248535156,0.6903225806451613,0.27633877843618393,0.9444444179534912,0.5108684926261753,378818,27187,94699,8532,6796.355276148441,21.053426853774845,25.232432074866882,0.2274223559739229,2.0386017343732518e-134,8.74430020531165e-133,True,True,13.03954179330571,15.62782889798207,0.14085513660320387,16.591981063917842,0.17922913215215364,14.533655957121988,0.15699478767232097
F012,F028,bamboo,red_car_street,C011,C021,False,0.05737651411501205,0.09528535980148883,0.9047146401985111,0.26061704754829407,0.10198511166253102,0.057408650716145836,0.10421836228287841,0.27633877843618393,0.6187312696129084,0.41349660606237176,378818,27187,158116,8673,11347.664820573467,-25.108231014081213,-34.14282383039982,-0.2687836408175618,1.0,1.0,True,False,0.0,0.0,0.0,0.0,0.0,0.0,0.0
F012,F029,bamboo,electric_bike_parking,C011,C022,False,0.06164484364896943,0.20992555831265508,0.7900744416873449,0.2803388833999634,0.7880893300248138,0.0609281063079834,0.09032258064516129,0.27633877843618393,0.39830395206809044,0.3317632100773087,378818,27187,125824,8875,9030.133436109161,-1.6325193140447434,-2.0734314086283567,-0.017327841129281544,0.9813413350262218,1.0,True,False,0.0,0.0,0.0,0.0,0.0,0.0,0.0
F012,F030,bamboo,stone_wall_and_shadows,C011,C012,False,0.06152232036799479,0.20496277915632755,0.7950372208436725,0.2803388833999634,0.7880893300248138,0.023197174072265625,0.6277915632754343,0.27633877843618393,0.38914142847061156,0.3279250935541232,378818,27187,10570,914,758.5874747240099,5.642650917276861,5.940177751239186,0.18626044711030007,4.214293670601847e-09,3.242754213715009e-08,True,True,1.1565334138140664,1.2175153405765675,0.03817645888662726,4.446912980960623,0.14678987097327867,3.542408640374804,0.11693273726775663
F012,F031,bamboo,road_edge,C011,C001,False,0.06641236726665854,0.5136476426799007,0.4863523573200993,0.2803388833999634,0.7880893300248138,0.03878664970397949,0.24317617866004962,0.27633877843618393,0.5565476566553116,0.3921679481824713,378818,27187,2681,163,192.40993564191774,-2.1202170712325215,-2.208481443667232,-0.1654104349452953,0.9890555899062827,1.0,False,False,0.0,0.0,0.0,0.0,0.0,0.0,0.0
F012,F032,bamboo,tree-lined walk,C011,C012,False,0.06391649875367074,0.3240694789081886,0.6759305210918114,0.2803388833999634,0.7880893300248138,0.00809478759765625,0.9473945409429281,0.27633877843618393,0.42500001192092896,0.3427010127349978,378818,27187,325,16,23.324591228505508,-1.5166185789306252,-1.5748308062182148,-0.3673579112359877,0.9600375438867574,1.0,False,False,0.0,0.0,0.0,0.0,0.0,0.0,0.0
F012,F033,bamboo,zebra_crossing,C011,C023,False,0.06303727065780793,0.2749379652605459,0.7250620347394541,0.2803388833999634,0.7880893300248138,0.01978588104248047,0.7186104218362283,0.27633877843618393,1.0,0.525679349448106,378818,27187,44394,2446,3186.0673938408418,-13.111240728151357,-14.483766959447438,-0.2642858536025026,1.0,1.0,True,False,0.0,0.0,0.0,0.0,0.0,0.0,0.0
F012,F034,bamboo,red_door_street,C011,C018,False,0.06285336917359116,0.2665012406947891,0.7334987593052109,0.2803388833999634,0.7880893300248138,0.04736137390136719,0.15583126550868487,0.27633877843618393,0.8333333730697632,0.47987740762011616,378818,27187,15775,975,1132.139774245152,-4.67020668059233,-4.95157683871795,-0.14935611064530388,0.9999998025990059,1.0,True,False,0.0,0.0,0.0,0.0,0.0,0.0,0.0
F012,F035,bamboo,small alley entrance,C011,C010,False,0.063629893841347,0.30719602977667493,0.6928039702233251,0.2803388833999634,0.7880893300248138,0.027235848563058034,0.5042183622828784,0.27633877843618393,0.3212707968694823,0.2979590232802694,378818,27187,65633,3346,4710.3473726169295,-19.87918113061424,-22.692611076440603,-0.341952777548531,1.0,1.0,True,False,0.0,0.0,0.0,0.0,0.0,0.0,0.0
F012,F036,bamboo,pedestrian walk,C011,C024,False,0.06035395722884322,0.15583126550868487,0.8441687344913151,0.2803388833999634,0.7880893300248138,0.050297328404017856,0.13846153846153847,0.27633877843618393,0.6076337546110153,0.4097716064904936,378818,27187,191641,13774,13753.686115760074,0.17321417070582545,0.2557664841177138,0.0014758341783273887,0.40150598028447254,1.0,True,False,0.026992183425126152,0.03985641489477029,0.0002299811076897271,0.1365082397423577,0.0011630891688257535,0.02398350055926814,0.00020434627084533075
F012,F037,bamboo,street_corner_shops,C011,C003,False,0.0668280839261943,0.5449131513647643,0.45508684863523574,0.27533864974975586,0.31042183622828784,0.011772849343039772,0.896774193548387,0.27633877843618393,0.6591791060160507,0.42679825319128384,378818,27187,5196,443,372.906387764045,3.629765181133399,3.7935757950650473,0.1720304637608983,0.00011897147031607409,0.0006952072004556677,True,True,1.9779067835654947,2.067169341429986,0.09374166213869298,1.1267583726049335,0.05340201244786198,3.255079743080919,0.1542724804049346
F012,F038,bamboo,red-yellow hotspot,C011,C000,False,0.06788523217069872,0.6258064516129033,0.37419354838709673,0.27533864974975586,0.31042183622828784,0.025630950927734375,0.5543424317617865,0.27633877843618393,0.5312499850988388,0.38315136946963146,378818,27187,4115,603,295.32520893938516,17.903653099671356,18.68463098232989,0.7129772709733394,6.712513371830301e-62,1.4396198891074347e-60,True,True,11.204221617213689,11.692962614748383,0.446185776028477,5.55768487039426,0.22132371364457756,9.924754596691267,0.3952335541822432
F012,F039,bamboo,red car corner,C011,C017,False,0.06970140856561453,0.7488833746898264,0.25111662531017365,0.2803388833999634,0.7880893300248138,0.0186614990234375,0.7528535980148884,0.27633877843618393,0.30280448123812675,0.2892691142350775,378818,27187,1373,40,98.53742694380942,-5.897025693145564,-6.131865742843355,-0.8941958545166931,0.9999999999983045,1.0,False,False,0.0,0.0,0.0,0.0,0.0,0.0,0.0
F012,F040,bamboo,cobblestone,C011,C013,False,0.05891423486288696,0.12009925558312655,0.8799007444168735,0.2803388833999634,0.7880893300248138,0.03248262405395508,0.36923076923076925,0.27633877843618393,0.45202021673321724,0.3534270993012793,378818,27187,77947,3616,5594.09819227175,-26.447389023806494,-30.80201262044278,-0.4362948163768059,1.0,1.0,True,False,0.0,0.0,0.0,0.0,0.0,0.0,0.0
F012,F041,bamboo,concrete_wall,C011,C011,True,0.059272290729269206,0.12803970223325062,0.8719602977667493,0.14232690632343292,0.017121588089330026,0.06654548645019531,0.07642679900744417,0.27633877843618393,0.511904776096344,0.37611054292868734,378818,27187,8967,311,643.5434139877196,-13.108694008817993,-13.769953799468997,-0.7263667986290994,1.0,1.0,True,False,0.0,0.0,0.0,0.0,0.0,0.0,0.0
F012,F042,bamboo,Red-yellow glow street,C011,C025,False,0.0661890345291829,0.4982630272952854,0.5017369727047146,0.2803388833999634,0.7880893300248138,0.033649047215779625,0.3419354838709677,0.27633877843618393,0.9285714626312256,0.5065573054198443,378818,27187,66510,3218,4773.287884947389,-22.511372528947632,-25.73338254383002,-0.394224683113473,1.0,1.0,True,False,0.0,0.0,0.0,0.0,0.0,0.0,0.0
F012,F043,bamboo,tree_shadows,C011,C015,False,0.06943272181994724,0.7325062034739455,0.26749379652605454,0.2803388833999634,0.7880893300248138,0.007419109344482422,0.9558312655086849,0.27633877843618393,0.7320646420121193,0.4497753315933982,378818,27187,16390,1230,1176.2770776467855,1.5664077092613495,1.6621889712833402,0.04464117927983151,0.05050400152735024,0.21079931072285316,True,False,1.147403364203351,1.2175637328110225,0.03269994075286914,1.2344692021374803,0.035181237070160014,1.4972214630458358,0.042669434884841435
F012,F044,bamboo,road_and_buildings,C011,C026,False,0.06634073999748955,0.5116625310173697,0.4883374689826303,0.2803388833999634,0.7880893300248138,0.023581822713216145,0.6148883374689826,0.27633877843618393,0.8246913684739007,0.47738266134301793,378818,27187,21673,1605,1555.427279062769,1.2569497078363483,1.3436373567648445,0.031363545704226836,0.09216997622217116,0.3622118363818656,True,False,0.6431340688730893,0.6874888907317889,0.016047551176703655,0.9905886531236332,0.024717275721246757,0.7728837161336156,0.01928507847520449
F012,F045,bamboo,underpass glow,C011,C027,False,0.0477002634844375,0.02630272952853598,0.973697270471464,0.21906466782093048,0.04119106699751861,0.17737555503845215,0.01588089330024814,0.27633877843618393,0.7119318172335625,0.4435474819048973,378818,27187,85507,2528,6136.6640682332945,-46.06597635840689,-54.33786379622191,-0.8867365157846876,1.0,1.0,True,False,0.0,0.0,0.0,0.0,0.0,0.0,0.0
F012,F046,bamboo,window_heat_zone,C011,C021,False,0.062988438553055,0.27344913151364764,0.7265508684863524,0.26061704754829407,0.10198511166253102,0.030576099048961292,0.42034739454094294,0.27633877843618393,0.739260733127594,0.4519805393358403,378818,27187,39968,1474,2868.4223452951023,-26.035911408062216,-28.57297728101599,-0.6656175205403072,1.0,1.0,True,False,0.0,0.0,0.0,0.0,0.0,0.0,0.0
F012,F047,bamboo,underpass,C011,C008,False,0.05695944413709841,0.08883374689826302,0.9111662531017369,0.26061704754829407,0.10198511166253102,0.06084871292114258,0.09081885856079404,0.27633877843618393,0.3610449731349945,0.3158650452909426,378818,27187,10970,433,787.2946639283244,-12.626877217859644,-13.299895041314185,-0.5973456809095737,1.0,1.0,True,False,0.0,0.0,0.0,0.0,0.0,0.0,0.0
F012,F048,bamboo,shaded path,C011,C028,False,0.07234538914883819,0.9012406947890819,0.09875930521091814,0.2803388833999634,0.7880893300248138,0.01901599339076451,0.7439205955334988,0.27633877843618393,0.6641156588281903,0.428393405529221,378818,27187,155,8,11.124035816671858,-0.936666127307864,-0.9723997425791907,-0.31300884403605017,0.8740286716226289,1.0,False,False,0.0,0.0,0.0,0.0,0.0,0.0,0.0
F012,F049,bamboo,red_wall_yellow_wall,C011,C029,False,0.06896772038727637,0.7037220843672457,0.2962779156327543,0.2803388833999634,0.7880893300248138,0.026978839527476917,0.5146401985111663,0.27633877843618393,1.0,0.525679349448106,378818,27187,349,25,25.047022580764377,-0.009395684117670087,-0.00975662710702258,-0.001842324652340261,0.5334886141904415,1.0,False,False,0.0,0.0,0.0,0.0,0.0,0.0,0.0
F012,F050,bamboo,greenery_and_water,C011,C030,False,0.06354307072708405,0.2997518610421836,0.7002481389578163,0.2803388833999634,0.7880893300248138,0.028028488159179688,0.4833746898263027,0.27633877843618393,0.688131312529246,0.4360703685278555,378818,27187,1487,86,106.71897586703905,-2.005614496939984,-2.085800045498453,-0.21472883271885992,0.9858290747864209,1.0,False,False,0.0,0.0,0.0,0.0,0.0,0.0,0.0
F012,F051,bamboo,zebra_crossing,C011,C020,False,0.06567672962806471,0.4521091811414392,0.5478908188585607,0.2803388833999634,0.7880893300248138,0.00917224884033203,0.9320099255583126,0.27633877843618393,0.8715151250362396,0.4907478222480183,378818,27187,19455,944,1396.2459149248452,-12.103018437500547,-12.89773562365499,-0.3912447766931092,1.0,1.0,True,False,0.0,0.0,0.0,0.0,0.0,0.0,0.0
F012,F052,bamboo,palm_tree_street,C011,C026,False,0.0678346376849554,0.6223325062034739,0.3776674937965261,0.2803388833999634,0.7880893300248138,0.015090306599934896,0.8377171215880893,0.27633877843618393,0.6043684764040841,0.40866911615002455,378818,27187,90021,6088,6460.624698403983,-4.635903432281931,-5.5109249651301395,-0.0594016585957262,0.9999999858771507,1.0,True,False,0.0,0.0,0.0,0.0,0.0,0.0,0.0
F012,F053,bamboo,road_marking,C011,C030,False,0.05885812472835372,0.1196029776674938,0.8803970223325062,0.2803388833999634,0.7880893300248138,0.020145416259765625,0.7081885856079404,0.27633877843618393,0.5154761910438538,0.3774202709791772,378818,27187,86968,4967,6241.5170768020525,-16.13245926831042,-19.076872811036864,-0.22838668419115032,1.0,1.0,True,False,0.0,0.0,0.0,0.0,0.0,0.0,0.0
F012,F054,bamboo,highlighted_lane,C011,C023,False,0.07123065680036951,0.8461538461538461,0.15384615384615385,0.2803388833999634,0.7880893300248138,0.034776263766818576,0.315136476426799,0.27633877843618393,0.8999999761581421,0.49870321234591586,378818,27187,245062,17080,17587.603001969284,-3.8275498433436375,-6.685758333685276,-0.029285245742385998,0.999999999987139,1.0,True,False,0.0,0.0,0.0,0.0,0.0,0.0,0.0
F012,F055,bamboo,small alley entrance,C011,C014,False,0.06321211634485933,0.284863523573201,0.715136476426799,0.2803388833999634,0.7880893300248138,0.04371337890625,0.18064516129032257,0.27633877843618393,0.8571428656578064,0.48668451017180353,378818,27187,535,35,38.39586556077061,-0.5480349520733523,-0.5692280605988645,-0.09135526470969162,0.7386656468310351,1.0,False,False,0.0,0.0,0.0,0.0,0.0,0.0,0.0
F012,F056,bamboo,stone_wall_street,C011,C021,False,0.06475055993142265,0.38660049627791565,0.6133995037220843,0.26061704754829407,0.10198511166253102,0.018735249837239582,0.7498759305210918,0.27633877843618393,0.4911375728746255,0.3684024388251064,378818,27187,8534,470,612.4678816740493,-5.756722665329913,-6.043580203662885,-0.26451658022659286,0.9999999998472021,1.0,True,False,0.0,0.0,0.0,0.0,0.0,0.0,0.0
F012,F057,bamboo,streetlight illumination,C011,C027,False,0.06073617141556021,0.17121588089330025,0.8287841191066998,0.21906466782093048,0.04119106699751861,0.04640254974365234,0.16476426799007443,0.27633877843618393,0.2642857193946838,0.27024506074238436,378818,27187,119269,7861,8559.694373023458,-7.551932794916608,-9.469671032331046,-0.08514546909656283,1.0,1.0,True,False,0.0,0.0,0.0,0.0,0.0,0.0,0.0
F012,F058,bamboo,shaded alley,C011,C031,False,0.07240584885035092,0.9052109181141439,0.09478908188585611,0.2803388833999634,0.7880893300248138,0.024729410807291668,0.5821339950372209,0.27633877843618393,0.875,0.49172800523425647,378818,27187,169922,14654,12194.95750993881,22.267726950129692,31.124134328142112,0.18368390837806114,1.5284139466688062e-211,1.2838677152017973e-209,True,True,20.156989556841964,28.173906210685466,0.166272679345699,17.5489580133032,0.1447593282900055,12.962800849876988,0.10692864740817158
F012,F059,bamboo,road_edge,C011,C024,False,0.06568998520580063,0.45359801488833745,0.5464019851116626,0.2803388833999634,0.7880893300248138,0.032596588134765625,0.36674937965260546,0.27633877843618393,0.7857142686843872,0.465964935599368,378818,27187,1891,99,135.71323696339667,-3.151458357381297,-3.2792113209086753,-0.31406393251858444,0.9997390441366469,1.0,False,False,0.0,0.0,0.0,0.0,0.0,0.0,0.0
F012,F060,bamboo,street_corner_shop,C011,C031,False,0.06516059515107092,0.41588089330024813,0.5841191066997519,0.2803388833999634,0.7880893300248138,0.028330485026041668,0.4739454094292804,0.27633877843618393,0.3880471537510554,0.3274637024819769,378818,27187,35651,1716,2558.6000058075383,-16.657900341277717,-18.165776065927023,-0.3993683025326455,1.0,1.0,True,False,0.0,0.0,0.0,0.0,0.0,0.0,0.0
F012,F061,bamboo,sunlit street,C011,C014,False,0.05516871688822246,0.07344913151364764,0.9265508684863524,0.2803388833999634,0.7880893300248138,0.04927520751953125,0.141439205955335,0.27633877843618393,0.8258823394775391,0.4777272410311567,378818,27187,9753,839,699.9530407741977,5.255657356545753,5.526651360996375,0.18107914971250963,4.1318739671781096e-08,3.073748309162756e-07,True,True,0.38602346837159873,0.40592774264390247,0.01330010628161361,4.141927484960127,0.14270654577839467,0.7433560032831462,0.025611691150404587
F012,F062,bamboo,shaded alley,C011,C005,False,0.07119993449838824,0.8441687344913151,0.15583126550868487,0.26061704754829407,0.10198511166253102,0.00022482872009277344,0.988833746898263,0.27633877843618393,0.5,0.37171143272448853,378818,27187,6655,314,477.61586038678206,-7.486624142041189,-7.8398163474791795,-0.41886901272668764,1.0,1.0,True,False,0.0,0.0,0.0,0.0,0.0,0.0,0.0
F012,F063,bamboo,blue_wall_graffiti,C011,C013,False,0.06511283180035503,0.4114143920595533,0.5885856079404467,0.2803388833999634,0.7880893300248138,0.0058441162109375,0.9672456575682382,0.27633877843618393,0.11488095670938492,0.1781742496620978,378818,27187,39,2,2.798950947420661,-0.4775539838652403,-0.49569664737480384,-0.27731379133802986,0.7800625768854366,1.0,False,False,0.0,0.0,0.0,0.0,0.0,0.0,0.0
F013,F014,tree-lined_driveway,road_edge,C012,C013,False,0.06878030374698633,0.6858560794044665,0.31414392059553353,0.2774387001991272,0.45186104218362283,0.005960098420730745,0.96575682382134,0.5153925527225841,0.6375317871570587,0.5732182265286647,378818,210391,1332,672,739.7769166195905,-2.49190464507559,-3.7437356238699406,-0.09602221637060034,0.9999154282745225,1.0,True,False,0.0,0.0,0.0,0.0,0.0,0.0,0.0
F013,F015,tree-lined_driveway,tree_shade_street,C012,C014,False,0.06553886333873396,0.4426799007444169,0.5573200992555831,0.27199676632881165,0.16997518610421836,0.01711354111180161,0.798014888337469,0.5153925527225841,0.8839921777447065,0.6749836924508922,378818,210391,15105,9268,8389.13688103522,9.595389303807508,14.686129878951688,0.0996243146164614,1.409634759054574e-49,2.4289091232940352e-48,True,True,4.247685984613547,6.501254517133948,0.044101681706145694,1.6309780826571074,0.01693366141743823,7.657263523832493,0.07950168630435232
F013,F016,tree-lined_driveway,construction scaffolding,C012,C015,False,0.06087651981581476,0.17866004962779156,0.8213399503722084,0.27199676632881165,0.16997518610421836,0.046651204427083336,0.16327543424317617,0.5153925527225841,0.3196994091073672,0.40591956661849615,378818,210391,10329,5869,5736.603432255067,1.7480317330310633,2.658038244863696,0.022814996899782444,0.004021750198776524,0.019396766508931754,True,True,0.31230343617428424,0.4748852447399159,0.004076128478373042,0.2971220191380343,0.003877983344007686,0.28541064028149865,0.0037251285260686967
F013,F017,tree-lined_driveway,building facade,C012,C011,False,0.06794796670193132,0.6297766749379653,0.3702233250620347,0.2803388833999634,0.7880893300248138,0.013407880609685724,0.8709677419354839,0.5153925527225841,0.43739699572324753,0.47479590792149184,378818,210391,30807,17922,17109.84044316796,6.208953099214037,9.715073053464685,0.04637392171740711,1.139220001650701e-22,1.3199238639815018e-21,True,True,3.9102538376687908,6.118326404390415,0.029205214223022146,4.893209688115082,0.03654679289689453,5.407797860605775,0.040390189882902966
F013,F018,tree-lined_driveway,small alley flowerbed,C012,C013,False,0.05179773134446807,0.04913151364764268,0.9508684863523573,0.2774387001991272,0.45186104218362283,0.02725300644383286,0.5032258064516129,0.5153925527225841,0.2877193056046963,0.3850823124777009,378818,210391,22621,10260,12563.433656795612,-20.550459307616286,-31.783416662148966,-0.20252872974317918,1.0,1.0,True,False,0.0,0.0,0.0,0.0,0.0,0.0,0.0
F013,F019,tree-lined_driveway,road_and_building,C012,C016,False,0.07010504328141605,0.7796526054590571,0.22034739454094288,0.2774387001991272,0.45186104218362283,0.01537161162405303,0.8312655086848635,0.5153925527225841,0.45704154421885806,0.48534091953515424,378818,210391,13367,6141,7423.872405746295,-14.889092024363787,-22.734102509282973,-0.1896991446407428,1.0,1.0,True,False,0.0,0.0,0.0,0.0,0.0,0.0,0.0
F013,F020,tree-lined_driveway,advertising_wall,C012,C013,False,0.05998273431170554,0.141439205955335,0.858560794044665,0.2774387001991272,0.45186104218362283,0.03466559075689935,0.31712158808933,0.5153925527225841,0.6375811781202044,0.5732404303250468,378818,210391,8894,5934,4939.621543854832,14.148319820470117,21.47201447420317,0.1833928435980688,4.851327305450976e-105,1.7158378680331874e-103,True,True,2.001127121009421,3.036984677492756,0.02593893817640179,6.393074539224835,0.0828680814372415,4.486737650263228,0.05815782980603769
F013,F021,tree-lined_driveway,road_and_building,C012,C017,False,0.06770265040443124,0.6133995037220844,0.3866004962779156,0.2774387001991272,0.45186104218362283,0.023618601789378156,0.6129032258064516,0.5153925527225841,0.7211538553237915,0.6096534477890386,378818,210391,169116,88125,93925.00978306205,-18.925096454237533,-38.14705297313134,-0.06374008412466123,1.0,1.0,True,False,0.0,0.0,0.0,0.0,0.0,0.0,0.0
F013,F022,tree-lined_driveway,tree_canopy_and_road,C012,C005,False,0.06577595191936951,0.4640198511166253,0.5359801488833746,0.2803388833999634,0.7880893300248138,0.014533765388257576,0.8516129032258064,0.5153925527225841,0.5876411199569702,0.5503324966775823,378818,210391,107423,54592,59661.453238758455,-20.754592346447147,-36.7737114081936,-0.08879800737544986,1.0,1.0,True,False,0.0,0.0,0.0,0.0,0.0,0.0,0.0
F013,F023,tree-lined_driveway,street_corner_cafe,C012,C018,False,0.06320601583193025,0.2843672456575682,0.7156327543424318,0.2774387001991272,0.45186104218362283,0.02215576171875,0.6540942928039702,0.5153925527225841,0.48124999552965164,0.49802877797749734,378818,210391,8214,4552,4561.957652487474,-0.14742846405856563,-0.22353753977914972,-0.0021849045993280877,0.5929479196621663,1.0,True,False,0.0,0.0,0.0,0.0,0.0,0.0,0.0
F013,F024,tree-lined_driveway,road_edge,C012,C018,False,0.06301063255314303,0.27444168734491314,0.7255583126550869,0.2774387001991272,0.45186104218362283,0.030957771070075756,0.4084367245657568,0.5153925527225841,0.4875000019868215,0.5012523022154141,378818,210391,9323,4249,5177.883028261593,-12.908771408825912,-19.602199478753473,-0.1976915218775455,1.0,1.0,True,False,0.0,0.0,0.0,0.0,0.0,0.0,0.0
F013,F025,tree-lined_driveway,shaded alley,C012,C019,False,0.06253227123391952,0.25359801488833744,0.7464019851116626,0.2803388833999634,0.7880893300248138,0.059840947931463065,0.09727047146401985,0.5153925527225841,0.7079328984022141,0.6040391905032445,378818,210391,17421,8975,9675.4156639864,-7.120672866459409,-10.933342161275776,-0.07514123358105644,1.0,1.0,True,False,0.0,0.0,0.0,0.0,0.0,0.0,0.0
F013,F026,tree-lined_driveway,tree_shadows,C012,C016,False,0.0678960168351104,0.6267990074441687,0.3732009925558313,0.2774387001991272,0.45186104218362283,0.020666087757457385,0.6908188585607941,0.5153925527225841,0.7362637281417846,0.6160071771692608,378818,210391,208,116,115.52071971236848,0.04459227444263572,0.06689409167738125,0.004122479639650754,0.5021823478723824,1.0,False,False,0.027950393360322043,0.041929150267261794,0.002583966146341887,0.020149511602987506,0.0018627879463533558,0.030805184131091276,0.002847886679103648
F013,F027,tree-lined_driveway,car_top_heat,C012,C020,False,0.07058315023734958,0.8084367245657568,0.19156327543424323,0.27199676632881165,0.16997518610421836,0.029105099764737217,0.45409429280397023,0.5153925527225841,0.9444444179534912,0.6976816032214445,378818,210391,94699,54137,52594.69536558453,6.7251068918424615,11.645904647823581,0.028902333828703726,1.1158217154201476e-31,1.530269781147631e-30,True,True,5.436823387995717,9.414977008091618,0.023365708092783308,1.143101295511684,0.004912679571380162,3.053832658082309,0.013124384840329484
F013,F028,tree-lined_driveway,red_car_street,C012,C021,False,0.06084151521159899,0.1761786600496278,0.8238213399503722,0.2803388833999634,0.7880893300248138,0.023488593823982006,0.6188585607940447,0.5153925527225841,0.6187312696129084,0.564703009107515,378818,210391,158116,79597,87815.7409521195,-27.734421210845063,-54.492928726333545,-0.09826377488866557,1.0,1.0,True,False,0.0,0.0,0.0,0.0,0.0,0.0,0.0
F013,F029,tree-lined_driveway,electric_bike_parking,C012,C022,False,0.0667504627122098,0.5379652605459057,0.46203473945409435,0.2774387001991272,0.45186104218362283,0.01561338251287287,0.826302729528536,0.5153925527225841,0.39830395206809044,0.45308154963082187,378818,210391,125824,75837,69881.14921677428,22.530134752700953,41.3459386160517,0.08178980758308044,0.0,0.0,True,True,12.120429812371132,22.242678640099275,0.04400007514643136,10.180490169892911,0.0369576276944887,18.616711842802523,0.06758314125351311
F013,F030,tree-lined_driveway,stone_wall_and_shadows,C012,C012,True,0.035482360769704215,0.001488833746898263,0.9985111662531018,0.11056943982839584,0.009181141439205955,0.17854863947088068,0.013895781637717122,0.5153925527225841,0.38914142847061156,0.44783992027239083,378818,210391,10570,2803,5870.451958460263,-40.035199824455624,-60.89701134125058,-0.7391481576123141,1.0,1.0,True,False,0.0,0.0,0.0,0.0,0.0,0.0,0.0
F013,F031,tree-lined_driveway,road_edge,C012,C001,False,0.06762407320475686,0.6089330024813896,0.3910669975186104,0.2774387001991272,0.45186104218362283,0.024035193703391335,0.5985111662531017,0.5153925527225841,0.5565476566553116,0.5355749410449983,378818,210391,2681,1024,1488.9954305233648,-12.050414971097382,-18.13648627305641,-0.3742327366773739,1.0,1.0,True,False,0.0,0.0,0.0,0.0,0.0,0.0,0.0
F013,F032,tree-lined_driveway,tree-lined walk,C012,C012,True,0.04775416449651679,0.026799007444168736,0.9732009925558313,0.11056943982839584,0.009181141439205955,0.16497369246049362,0.017866004962779156,0.5153925527225841,0.42500001192092896,0.4680190605638367,378818,210391,325,114,180.50112455057572,-4.94981575204366,-7.426501695337683,-0.4579284212388372,0.9999999999999616,1.0,False,False,0.0,0.0,0.0,0.0,0.0,0.0,0.0
F013,F033,tree-lined_driveway,zebra_crossing,C012,C023,False,0.06488360208142153,0.3945409429280397,0.6054590570719602,0.2774387001991272,0.45186104218362283,0.016023115678267044,0.818362282878412,0.5153925527225841,1.0,0.7179084570630048,378818,210391,44394,20323,24655.898225533107,-27.594216905386467,-44.044687428032425,-0.19325857773757024,1.0,1.0,True,False,0.0,0.0,0.0,0.0,0.0,0.0,0.0
F013,F034,tree-lined_driveway,red_door_street,C012,C018,False,0.0633930316515499,0.29330024813895783,0.7066997518610422,0.2774387001991272,0.45186104218362283,0.0668191620797822,0.07593052109181142,0.5153925527225841,0.8333333730697632,0.6553577758868409,378818,210391,15775,8390,8761.246891647177,-3.96624800491291,-6.076101360115202,-0.04329518846302326,0.9999999993816552,1.0,True,False,0.0,0.0,0.0,0.0,0.0,0.0,0.0
F013,F035,tree-lined_driveway,small alley entrance,C012,C010,False,0.06180619851002446,0.21588089330024815,0.7841191066997518,0.2774387001991272,0.45186104218362283,0.06699777578378653,0.0749379652605459,0.5153925527225841,0.3212707968694823,0.4069159324894778,378818,210391,65633,28787,36451.78556193211,-40.14584520526351,-66.2162079540152,-0.23606289537310726,1.0,1.0,True,False,0.0,0.0,0.0,0.0,0.0,0.0,0.0
F013,F036,tree-lined_driveway,pedestrian walk,C012,C024,False,0.06388401202233886,0.3205955334987593,0.6794044665012406,0.2774387001991272,0.45186104218362283,0.024947228369774758,0.5746898263027296,0.5153925527225841,0.6076337546110153,0.5596158610237736,378818,210391,191641,110460,106435.1261846058,12.337006103096522,26.321323053418897,0.03711763756251969,5.468867086184003e-153,2.826983601473577e-151,True,True,3.955189053399679,8.438498606704023,0.011899748816569588,5.57461243517091,0.016772014392394133,7.089951894484255,0.021331128683572113
F013,F037,tree-lined_driveway,street_corner_shops,C012,C003,False,0.0656886504504308,0.4531017369727047,0.5468982630272953,0.2803388833999634,0.7880893300248138,0.034603150422908055,0.3186104218362283,0.5153925527225841,0.6591791060160507,0.5828687692362692,378818,210391,5196,2177,2885.796440507051,-13.19437068950117,-19.92492236218222,-0.28179674207056526,1.0,1.0,True,False,0.0,0.0,0.0,0.0,0.0,0.0,0.0
F013,F038,tree-lined_driveway,red-yellow hotspot,C012,C000,False,0.06987188065076186,0.7622828784119107,0.23771712158808933,0.2803388833999634,0.7880893300248138,0.037529251792214134,0.2669975186104218,0.5153925527225841,0.5312499850988388,0.5232612024160833,378818,210391,4115,1941,2285.4219308480588,-7.204562310476458,-10.863960897217648,-0.16330854361477465,1.0,1.0,True,False,0.0,0.0,0.0,0.0,0.0,0.0,0.0
F013,F039,tree-lined_driveway,red car corner,C012,C017,False,0.07229057578750663,0.8977667493796526,0.10223325062034738,0.2774387001991272,0.45186104218362283,0.024200266057794743,0.5950372208436725,0.5153925527225841,0.30280448123812675,0.3950483192739288,378818,210391,1373,653,762.54782771674,-3.96707330873235,-5.960292384423085,-0.1549781800259364,0.9999999987805432,1.0,True,False,0.0,0.0,0.0,0.0,0.0,0.0,0.0
F013,F040,tree-lined_driveway,cobblestone,C012,C013,False,0.06153013102604124,0.2064516129032258,0.7935483870967742,0.2774387001991272,0.45186104218362283,0.03135256333784624,0.3940446650124069,0.5153925527225841,0.45202021673321724,0.48266743559551284,378818,210391,77947,39805,43290.83432413454,-16.753623987070092,-28.19309640369986,-0.08394739019952815,1.0,1.0,True,False,0.0,0.0,0.0,0.0,0.0,0.0,0.0
F013,F041,tree-lined_driveway,concrete_wall,C012,C011,False,0.06861758354836445,0.6699751861042184,0.33002481389578164,0.2803388833999634,0.7880893300248138,0.017440680301550663,0.7895781637717122,0.5153925527225841,0.511904776096344,0.5136457040637813,378818,210391,8967,3286,4980.16487336927,-24.00677446840777,-36.437165979907775,-0.41574022211226197,1.0,1.0,True,False,0.0,0.0,0.0,0.0,0.0,0.0,0.0
F013,F042,tree-lined_driveway,Red-yellow glow street,C012,C025,False,0.06832800862155086,0.6550868486352357,0.3449131513647643,0.2774387001991272,0.45186104218362283,0.02283633839000355,0.6382133995037221,0.5153925527225841,0.9285714626312256,0.6917939118775555,378818,210391,66510,30690,36938.8609041809,-32.51315453407671,-53.70215710054215,-0.1853245132552088,1.0,1.0,True,False,0.0,0.0,0.0,0.0,0.0,0.0,0.0
F013,F043,tree-lined_driveway,tree_shadows,C012,C015,False,0.07255626097890434,0.9081885856079405,0.09181141439205953,0.27199676632881165,0.16997518610421836,0.026732358065518467,0.5245657568238213,0.5153925527225841,0.7320646420121193,0.6142480481080675,378818,210391,16390,8655,9102.81055810442,-4.693605417830048,-7.196476016176706,-0.0504431879237499,0.9999999999996835,1.0,True,False,0.0,0.0,0.0,0.0,0.0,0.0,0.0
F013,F044,tree-lined_driveway,road_and_buildings,C012,C026,False,0.07108393927406044,0.8382133995037221,0.1617866004962779,0.2774387001991272,0.45186104218362283,0.02325177433514836,0.6267990074441687,0.5153925527225841,0.8246913684739007,0.651950757040779,378818,210391,21673,11425,12036.925761183471,-5.577517553364323,-8.614753111758427,-0.052172910311164236,1.0,1.0,True,False,0.0,0.0,0.0,0.0,0.0,0.0,0.0
F013,F045,tree-lined_driveway,underpass glow,C012,C027,False,0.0704361079974952,0.7985111662531017,0.2014888337468983,0.2803388833999634,0.7880893300248138,0.025507840243252842,0.5588089330024814,0.5153925527225841,0.7119318172335625,0.6057428139470034,378818,210391,85507,48363,47489.56817521871,4.008020200944307,6.831088369267196,0.018224798860439134,4.216370580692121e-12,3.6957404742066585e-11,True,True,3.200448885022029,5.454700340521547,0.014552705392777452,3.1586779548881183,0.014362769523760468,2.239717491942079,0.010184180405386831
F013,F046,tree-lined_driveway,window_heat_zone,C012,C021,False,0.06464196275792429,0.3781637717121588,0.6218362282878411,0.2803388833999634,0.7880893300248138,0.02937253841683884,0.4501240694789082,0.5153925527225841,0.739260733127594,0.6172596506934498,378818,210391,39968,20431,22197.750603192035,-11.858254433028915,-18.803608331329222,-0.08293565654183463,1.0,1.0,True,False,0.0,0.0,0.0,0.0,0.0,0.0,0.0
F013,F047,tree-lined_driveway,underpass,C012,C008,False,0.06714001803661142,0.5702233250620348,0.42977667493796523,0.2803388833999634,0.7880893300248138,0.014061667702414772,0.8595533498759306,0.5153925527225841,0.3610449731349945,0.43136978377223134,378818,210391,10970,5866,6092.607188676357,-2.903167501204112,-4.418369895132237,-0.037899959331891275,0.999995120016392,1.0,True,False,0.0,0.0,0.0,0.0,0.0,0.0,0.0
F013,F048,tree-lined_driveway,shaded path,C012,C028,False,0.07778580230503544,0.9890818858560794,0.010918114143920632,0.2571783661842346,0.07841191066997519,0.02008839396687297,0.709181141439206,0.5153925527225841,0.6641156588281903,0.5850472328850909,378818,210391,155,66,86.08515170873612,-2.164766167500102,-3.2471977191288937,-0.26392639487723923,0.9995435795017499,1.0,False,False,0.0,0.0,0.0,0.0,0.0,0.0,0.0
F013,F049,tree-lined_driveway,red_wall_yellow_wall,C012,C029,False,0.07068815119334365,0.8178660049627792,0.18213399503722083,0.27199676632881165,0.16997518610421836,0.030975846219653925,0.4064516129032258,0.5153925527225841,1.0,0.7179084570630048,378818,210391,349,157,193.83043836354133,-2.645427713922811,-3.9692177032434492,-0.21013454237713083,0.999969335245462,1.0,False,False,0.0,0.0,0.0,0.0,0.0,0.0,0.0
F013,F050,tree-lined_driveway,greenery_and_water,C012,C030,False,0.06885356068620412,0.6923076923076923,0.3076923076923077,0.27199676632881165,0.16997518610421836,0.009373520359848484,0.9280397022332506,0.5153925527225841,0.688131312529246,0.5955314884813316,378818,210391,1487,633,825.8620683283266,-6.711089956958346,-10.084537703465934,-0.26577301709768386,1.0,1.0,True,False,0.0,0.0,0.0,0.0,0.0,0.0,0.0
F013,F051,tree-lined_driveway,zebra_crossing,C012,C020,False,0.06405554361880589,0.33349875930521095,0.666501240694789,0.27199676632881165,0.16997518610421836,0.026944385875355113,0.5176178660049627,0.5153925527225841,0.8715151250362396,0.6702032565041516,378818,210391,19455,10876,10805.075009635233,0.6823157439026758,1.0506132880288594,0.006542292959350766,0.14842082603037396,0.5561642849019217,True,False,0.22755145404595442,0.3503782280671929,0.0021818465849546974,0.11597674555169551,0.001112027463313964,0.3531788193004917,0.003386407720398436
F013,F052,tree-lined_driveway,palm_tree_street,C012,C026,False,0.06773396732765202,0.6163771712158809,0.38362282878411913,0.2774387001991272,0.45186104218362283,0.019399700742779358,0.7315136476426799,0.5153925527225841,0.6043684764040841,0.5581102147774754,378818,210391,90021,45450,49996.58994820732,-20.33366178023855,-34.925564455366505,-0.09534098103546025,1.0,1.0,True,False,0.0,0.0,0.0,0.0,0.0,0.0,0.0
F013,F053,tree-lined_driveway,road_marking,C012,C030,False,0.06243283098137676,0.24764267990074443,0.7523573200992556,0.27199676632881165,0.16997518610421836,0.030608437278053978,0.41786600496277915,0.5153925527225841,0.5154761910438538,0.5154343701867448,378818,210391,86968,46602,48300.990153582985,-7.730593639519815,-13.208611703821292,-0.03580822446240466,1.0,1.0,True,False,0.0,0.0,0.0,0.0,0.0,0.0,0.0
F013,F054,tree-lined_driveway,highlighted_lane,C012,C023,False,0.07147284455411977,0.862531017369727,0.13746898263027296,0.2774387001991272,0.45186104218362283,0.019112635140467172,0.7399503722084367,0.5153925527225841,0.8999999761581421,0.6810677537238198,378818,210391,245062,130692,136104.51256804058,-14.67109926449122,-37.02799498971214,-0.04057950335313803,1.0,1.0,True,False,0.0,0.0,0.0,0.0,0.0,0.0,0.0
F013,F055,tree-lined_driveway,small alley entrance,C012,C014,False,0.058177097648455106,0.10620347394540942,0.8937965260545906,0.27199676632881165,0.16997518610421836,0.06161055131392045,0.08784119106699752,0.5153925527225841,0.8571428656578064,0.6646540826470021,378818,210391,535,261,297.1326204140247,-2.0961593380787953,-3.1458648213326206,-0.12942562505331184,0.9992619021185504,1.0,True,False,0.0,0.0,0.0,0.0,0.0,0.0,0.0
F013,F056,tree-lined_driveway,stone_wall_street,C012,C021,False,0.06734679432062424,0.5851116625310173,0.4148883374689827,0.2803388833999634,0.7880893300248138,0.03564672759084991,0.2967741935483871,0.5153925527225841,0.4911375728746255,0.5031189197613497,378818,210391,8534,4399,4739.681836660348,-4.948509235786114,-7.506389381217512,-0.07458459903232818,0.999999999999969,1.0,True,False,0.0,0.0,0.0,0.0,0.0,0.0,0.0
F013,F057,tree-lined_driveway,streetlight illumination,C012,C027,False,0.06155133070953112,0.20794044665012407,0.792059553349876,0.2803388833999634,0.7880893300248138,0.027603704279119318,0.49528535980148886,0.5153925527225841,0.2642857193946838,0.3690675975576163,378818,210391,119269,68594,66240.58038160806,9.14402289919602,16.567302501508607,0.03491153653773136,4.969283929006934e-62,1.0772125162234384e-60,True,True,1.901412205837783,3.4450122819514175,0.007259520500897985,7.206306880358948,0.027513409440157517,4.528900671661354,0.017291172935313102
F013,F058,tree-lined_driveway,shaded alley,C012,C031,False,0.07746271306980915,0.9870967741935484,0.012903225806451646,0.23196737468242645,0.047890818858560794,0.013735915675307766,0.8665012406947891,0.5153925527225841,0.875,0.6715418703493187,378818,210391,169922,93986,94372.65257194747,-1.2586292557181464,-2.5418910814731,-0.004105477046189807,0.9945379347725813,1.0,True,False,0.0,0.0,0.0,0.0,0.0,0.0,0.0
F013,F059,tree-lined_driveway,road_edge,C012,C024,False,0.06983055438828409,0.7588089330024814,0.24119106699751858,0.2774387001991272,0.45186104218362283,0.015206076882102272,0.8347394540942928,0.5153925527225841,0.7857142686843872,0.6363578259499955,378818,210391,1891,1011,1050.2388508465806,-1.2107995201696276,-1.8204040510434245,-0.038059206558825075,0.967245574517627,1.0,True,False,0.0,0.0,0.0,0.0,0.0,0.0,0.0
F013,F060,tree-lined_driveway,street_corner_shop,C012,C031,False,0.0618691903281485,0.21935483870967742,0.7806451612903226,0.23196737468242645,0.047890818858560794,0.08000622373638731,0.06054590570719603,0.5153925527225841,0.3880471537510554,0.4472098088688234,378818,210391,35651,16806,19800.14028108485,-21.27835304914619,-33.528137464843056,-0.163948558263403,1.0,1.0,True,False,0.0,0.0,0.0,0.0,0.0,0.0,0.0
F013,F061,tree-lined_driveway,sunlit street,C012,C014,False,0.0597328973179285,0.1349875930521092,0.8650124069478908,0.27199676632881165,0.16997518610421836,0.020534446022727273,0.6977667493796526,0.5153925527225841,0.8258823394775391,0.652421341766062,378818,210391,9753,5910,5416.699900743893,6.70260791797982,10.183957112909512,0.0871513717316159,8.0870757888254e-25,9.647067923237874e-24,True,True,0.9047689100201047,1.374707858417562,0.01176435390124046,1.1392770282422273,0.014813570629319327,4.676856939295099,0.060811329357147365
F013,F062,tree-lined_driveway,shaded alley,C012,C005,False,0.07221381072089442,0.8918114143920596,0.10818858560794042,0.2803388833999634,0.7880893300248138,0.015369068492542614,0.8317617866004963,0.5153925527225841,0.5,0.507637938260422,378818,210391,6655,3457,3696.107642720251,-3.932974698358569,-5.9508462902949715,-0.06686976120746216,0.9999999986636526,1.0,True,False,0.0,0.0,0.0,0.0,0.0,0.0,0.0
F013,F063,tree-lined_driveway,blue_wall_graffiti,C012,C013,False,0.05946359128706009,0.13002481389578163,0.8699751861042184,0.2774387001991272,0.45186104218362283,0.026813853870738636,0.5220843672456575,0.5153925527225841,0.11488095670938492,0.2433285629301718,378818,210391,39,18,21.66013494606909,-0.7864416736340524,-1.1794994677453519,-0.1805242194003186,0.9095798265081181,1.0,False,False,0.0,0.0,0.0,0.0,0.0,0.0,0.0
F014,F015,road_edge,tree_shade_street,C013,C014,False,0.0660495631081679,0.48883374689826303,0.5111662531017369,0.2774387001991272,0.45186104218362283,0.01951881691261574,0.7265508684863523,0.6375317871570587,0.8839921777447065,0.7507150677257272,378818,1332,15105,58,53.11220691730593,0.6706804369860181,0.6856710850503634,0.08724997109558451,0.26473886828877496,0.9217850750780143,False,False,0.3278512309832396,0.33517916564496675,0.042650730287419725,0.3030543612286697,0.039424862869741784,0.48728345396899775,0.06339154227490607
F014,F016,road_edge,construction scaffolding,C013,C015,False,0.06261052476488409,0.2575682382133995,0.7424317617866005,0.2774387001991272,0.45186104218362283,0.026778044524016203,0.5230769230769231,0.6375317871570587,0.3196994091073672,0.451462662510728,378818,1332,10329,47,36.31883384633254,1.772363196345605,1.800197143102673,0.2547202074826738,0.04731428794481635,0.19789544501400366,False,False,0.456504465957007,0.4636736065857506,0.06560783507866388,0.800861881028622,0.11509813841834964,0.9270822873192396,0.13323826237555247
F014,F017,road_edge,building facade,C013,C011,False,0.0687500997430872,0.6838709677419355,0.31612903225806455,0.2803388833999634,0.7880893300248138,0.012190077039930556,0.8913151364764268,0.6375317871570587,0.43739699572324753,0.5280667461415937,378818,1332,30807,134,108.32358546848354,2.467021107294854,2.5784338170280416,0.21183610991007737,0.006937646347781867,0.032375682956315384,False,False,1.687124112085513,1.7633160297094994,0.14486856548689162,1.9442330116050757,0.1669457779340957,2.198893254938738,0.18881273121513595
F014,F018,road_edge,small alley flowerbed,C013,C013,True,0.03541135146728164,0.0009925558312655087,0.9990074441687344,0.1580396294593811,0.019602977667493797,0.09953011406792535,0.04714640198511166,0.6375317871570587,0.2877193056046963,0.42828752386889574,378818,1332,22621,30,79.53996906166022,-5.55473087260384,-5.7384883251589764,-0.9647994395661127,0.9999999999775572,1.0,False,False,0.0,0.0,0.0,0.0,0.0,0.0,0.0
F014,F019,road_edge,road_and_building,C013,C016,False,0.06974254736604212,0.7518610421836228,0.24813895781637718,0.27367761731147766,0.2682382133995037,0.01012561939380787,0.9210918114143921,0.6375317871570587,0.45704154421885806,0.5397948800154281,378818,1332,13367,31,47.00105063645339,-2.3339670284783622,-2.380453751309451,-0.41076428362657086,0.995250260951158,1.0,False,False,0.0,0.0,0.0,0.0,0.0,0.0,0.0
F014,F020,road_edge,advertising_wall,C013,C013,True,0.05421545665111939,0.06600496277915632,0.9339950372208436,0.1580396294593811,0.019602977667493797,0.07582225496806795,0.06501240694789082,0.6375317871570587,0.6375811781202044,0.637556482160347,378818,1332,8894,90,31.27308628417868,10.501511356338684,10.645722984014315,1.0467302625352375,2.1273620988006152e-18,2.3057860167645375e-17,False,False,0.6931518662000222,0.7026705493170738,0.06908939201845488,0.2058608925932397,0.02051902996036818,0.6827285298661874,0.06805045379261346
F014,F021,road_edge,road_and_building,C013,C017,False,0.06655808268430023,0.5220843672456575,0.47791563275434246,0.2721763849258423,0.21861042183622828,0.01580791708863812,0.822332506203474,0.6375317871570587,0.7211538553237915,0.6780549433488261,378818,1332,169116,526,594.6457454503218,-2.8150393342148217,-3.790205786064563,-0.1225549943128393,0.9999371033896893,1.0,True,False,0.0,0.0,0.0,0.0,0.0,0.0,0.0
F014,F022,road_edge,tree_canopy_and_road,C013,C005,False,0.060194216699529644,0.15086848635235733,0.8491315136476427,0.2803388833999634,0.7880893300248138,0.04395925262827932,0.17766749379652605,0.6375317871570587,0.5876411199569702,0.6120783392778597,378818,1332,107423,350,377.72079468240685,-1.4263306963277813,-1.6881029027427459,-0.0761174315338152,0.9579618821261106,1.0,True,False,0.0,0.0,0.0,0.0,0.0,0.0,0.0
F014,F023,road_edge,street_corner_cafe,C013,C018,False,0.06123970322055757,0.19305210918114143,0.8069478908188585,0.2721763849258423,0.21861042183622828,0.034669982062445745,0.31662531017369727,0.6375317871570587,0.48124999552965164,0.5539062824335407,378818,1332,8214,32,28.882070017792184,0.5801659013119443,0.5875931952467796,0.10085546437374894,0.30297726420952864,1.0,False,False,0.11200225092324881,0.11343610568287704,0.0194703601197957,0.12683031242079973,0.02204805561123395,0.18369520845509701,0.031933392690050535
F014,F024,road_edge,road_edge,C013,C018,False,0.056850500665423936,0.08635235732009926,0.9136476426799007,0.2721763849258423,0.21861042183622828,0.03983490555374711,0.2238213399503722,0.6375317871570587,0.4875000019868215,0.5574914775184711,378818,1332,9323,39,32.781536252237224,1.086096603960356,1.1016503625676857,0.1712978955940767,0.15540255108339157,0.5801695240446618,False,False,0.09378700202933098,0.09513010575026169,0.014791977088520768,0.23743203674666838,0.0374475052154793,0.2430915972139556,0.03834012452254521
F014,F025,road_edge,shaded alley,C013,C019,False,0.06424564187972791,0.3488833746898263,0.6511166253101737,0.2803388833999634,0.7880893300248138,0.0275787353515625,0.4967741935483871,0.6375317871570587,0.7079328984022141,0.6718107813258433,378818,1332,17421,51,61.255727024587,-1.3103674707616206,-1.3439417349423768,-0.18160490887525457,0.9238375093178602,1.0,False,False,0.0,0.0,0.0,0.0,0.0,0.0,0.0
F014,F026,road_edge,tree_shadows,C013,C016,False,0.06678221348334203,0.5399503722084368,0.4600496277915632,0.27367761731147766,0.2682382133995037,0.019666883680555556,0.7235732009925558,0.6375317871570587,0.7362637281417846,0.6851215442687164,378818,1332,208,1,0.7313696814829285,0.31411346282914165,0.31475317469500824,0.1973379960930653,0.5194668810084752,1.0,False,False,0.169605681170276,0.16995109383035684,0.10655272444131765,0.08425723407402037,0.052933591507842076,0.22728408377413822,0.14278848551051573
F014,F027,road_edge,car_top_heat,C013,C020,False,0.06648007701180839,0.5176178660049627,0.48238213399503727,0.2774387001991272,0.45186104218362283,0.0346726311577691,0.31563275434243176,0.6375317871570587,0.9444444179534912,0.7759596237230372,378818,1332,94699,264,332.9806608978454,-3.7802267024017153,-4.372676170140516,-0.23174362406362944,0.9999968053657107,1.0,True,False,0.0,0.0,0.0,0.0,0.0,0.0,0.0
F014,F028,road_edge,red_car_street,C013,C021,False,0.05721387485550786,0.09230769230769231,0.9076923076923077,0.2803388833999634,0.7880893300248138,0.04316428855613426,0.18759305210918115,0.6375317871570587,0.6187312696129084,0.6280611849862029,378818,1332,158116,481,555.9675411411284,-3.179424731620002,-4.172775527742031,-0.14470261098592085,0.9999883633462846,1.0,True,False,0.0,0.0,0.0,0.0,0.0,0.0,0.0
F014,F029,road_edge,electric_bike_parking,C013,C022,False,0.05715135290324708,0.09081885856079404,0.9091811414392059,0.18481694161891937,0.026799007444168736,0.10671774546305339,0.04367245657568238,0.6375317871570587,0.39830395206809044,0.5039160945967981,378818,1332,125824,92,442.4223980909038,-16.659935076300517,-20.42197794246712,-1.5661859365723694,1.0,1.0,False,False,0.0,0.0,0.0,0.0,0.0,0.0,0.0
F014,F030,road_edge,stone_wall_and_shadows,C013,C012,False,0.06252363247165324,0.2531017369727047,0.7468982630272953,0.2774387001991272,0.45186104218362283,0.030853610568576387,0.4119106699751861,0.6375317871570587,0.38914142847061156,0.4980863683636802,378818,1332,10570,30,37.16623814074305,-1.175484571904473,-1.1943355073108006,-0.21103746957171632,0.9027082552167307,1.0,False,False,0.0,0.0,0.0,0.0,0.0,0.0,0.0
F014,F031,road_edge,road_edge,C013,C001,False,0.05037347034367171,0.039205955334987594,0.9607940446650124,0.2591095566749573,0.08610421836228288,0.11771032545301649,0.03325062034739454,0.6375317871570587,0.5565476566553116,0.5956650251488113,378818,1332,2681,5,9.426933250267938,-1.4418422841902119,-1.4495204221313178,-0.5905035012877172,0.9586009902012745,1.0,False,False,0.0,0.0,0.0,0.0,0.0,0.0,0.0
F014,F032,road_edge,tree-lined walk,C013,C012,False,0.06382028676819361,0.3161290322580645,0.6838709677419355,0.2774387001991272,0.45186104218362283,0.034576416015625,0.31910669975186107,0.6375317871570587,0.42500001192092896,0.5205295545324214,378818,1332,325,2,1.1427651273170758,0.8019020810540997,0.803659390250524,0.4199098565880235,0.31670846417820253,1.0,False,False,0.25350452884936053,0.25406006530500436,0.1327456965987945,0.36234831007432144,0.18974090542103988,0.25589232660932315,0.13399604852908145
F014,F033,road_edge,zebra_crossing,C013,C023,False,0.06679592154558668,0.5409429280397022,0.45905707196029777,0.2721763849258423,0.21861042183622828,0.012990315755208334,0.8799007444168735,0.6375317871570587,1.0,0.7984558767753286,378818,1332,44394,64,156.0982001911208,-7.371437630437731,-7.859285866963616,-0.8870180666564964,1.0,1.0,False,False,0.0,0.0,0.0,0.0,0.0,0.0,0.0
F014,F034,road_edge,red_door_street,C013,C018,False,0.06651806487982398,0.5186104218362283,0.4813895781637717,0.2721763849258423,0.21861042183622828,0.035039265950520836,0.3096774193548387,0.6375317871570587,0.8333333730697632,0.7288871755153784,378818,1332,15775,198,55.468061179774985,19.13774219138308,19.583543412989822,1.2660079081710287,1.6135538076440823e-53,3.040116332906981e-52,True,True,9.925032550866163,10.156229710458742,0.6565648953045782,4.183709893451239,0.2767625228532695,5.926526614105728,0.3920540618852218
F014,F035,road_edge,small alley entrance,C013,C010,False,0.059554678278283084,0.13200992555831265,0.8679900744416873,0.23827536404132843,0.05235732009925558,0.04670291476779514,0.16228287841191066,0.6375317871570587,0.3212707968694823,0.4525708179827478,378818,1332,65633,228,230.77878031138962,-0.18291792924216987,-0.20152800630732118,-0.012087613714948138,0.5910935137804498,1.0,True,False,0.0,0.0,0.0,0.0,0.0,0.0,0.0
F014,F036,road_edge,pedestrian walk,C013,C024,False,0.06396696548542959,0.32754342431761785,0.6724565756823822,0.2721763849258423,0.21861042183622828,0.027692522321428572,0.49429280397022335,0.6375317871570587,0.6076337546110153,0.6224032724159749,378818,1332,191641,527,673.8481592743746,-5.6570170004033935,-8.061963947194084,-0.24559766897946092,0.9999999999999999,1.0,True,False,0.0,0.0,0.0,0.0,0.0,0.0,0.0
F014,F037,road_edge,street_corner_shops,C013,C003,False,0.061020982019340794,0.18560794044665013,0.8143920595533498,0.2803388833999634,0.7880893300248138,0.028778076171875,0.4620347394540943,0.6375317871570587,0.6591791060160507,0.6482650950922817,378818,1332,5196,23,18.27017723550623,1.1065562284042165,1.1161867826447243,0.224731128107931,0.158560175729407,0.5897736425654696,False,False,0.2053856225425196,0.20717312988046,0.04171188184236536,0.8720651566778639,0.17710820418629997,0.5112674186820474,0.10383358822257259
F014,F038,road_edge,red-yellow hotspot,C013,C000,False,0.06819004539907216,0.6471464019851116,0.35285359801488836,0.2803388833999634,0.7880893300248138,0.027978473239474826,0.4858560794044665,0.6375317871570587,0.5312499850988388,0.5819697177922778,378818,1332,4115,21,14.46916461203005,1.716907938101679,1.7293505342979174,0.36206054239879815,0.06133487155644413,0.2512260465138031,False,False,1.1110907946821784,1.1191429760419276,0.23430617731416017,1.3530768266528368,0.28533605028748954,0.8341701595044883,0.17590931563693468
F014,F039,road_edge,red car corner,C013,C017,False,0.070843484679159,0.826302729528536,0.173697270471464,0.2721763849258423,0.21861042183622828,0.03377109103732639,0.339454094292804,0.6375317871570587,0.30280448123812675,0.4393716901245562,378818,1332,1373,8,4.827743137865677,1.4437641972842465,1.44893545134809,0.467138441280361,0.11525522413131507,0.44006540122865756,False,False,1.1929862970115486,1.197259318359588,0.38599776909766803,0.31562190020035263,0.10212133170421787,0.4900916679615011,0.15857205649417716
F014,F040,road_edge,cobblestone,C013,C013,True,0.04792570931399048,0.027791563275434243,0.9722084367245658,0.1580396294593811,0.019602977667493797,0.11195972230699328,0.03672456575682382,0.6375317871570587,0.45202021673321724,0.5368214382874896,378818,1332,77947,134,274.0772719353357,-8.461184471288162,-9.5108779349611,-0.7136685229689862,1.0,1.0,False,False,0.0,0.0,0.0,0.0,0.0,0.0,0.0
F014,F041,road_edge,concrete_wall,C013,C011,False,0.06937019513881917,0.7290322580645161,0.2709677419354839,0.2803388833999634,0.7880893300248138,0.032106752748842594,0.3801488833746898,0.6375317871570587,0.511904776096344,0.571275386095827,378818,1332,8967,14,31.529768912776056,-3.1218770648140644,-3.1650604380151033,-0.7925170994565561,0.9998603247035363,1.0,False,False,0.0,0.0,0.0,0.0,0.0,0.0,0.0
F014,F042,road_edge,Red-yellow glow street,C013,C025,False,0.06222532441266674,0.2327543424317618,0.7672456575682383,0.27367761731147766,0.2682382133995037,0.04010511327672888,0.21836228287841192,0.6375317871570587,0.9285714626312256,0.7694113490677982,378818,1332,66510,220,233.86248805494986,-0.9064855844216759,-1.0001127326155408,-0.06097131611390155,0.8501011181146293,1.0,True,False,0.0,0.0,0.0,0.0,0.0,0.0,0.0
F014,F043,road_edge,tree_shadows,C013,C015,False,0.06698712409458828,0.5588089330024814,0.44119106699751864,0.2774387001991272,0.45186104218362283,0.023479885525173612,0.6203473945409429,0.6375317871570587,0.7320646420121193,0.6831650456049979,378818,1332,16390,66,57.630524420698066,1.1024831504009074,1.1291215556361944,0.13451104447370757,0.1446042516510681,0.5438846480010323,False,False,0.6160774329287453,0.6309632117351637,0.07516597323940184,0.4981691853300378,0.060780300741097144,0.6839225498764934,0.08344357597624538
F014,F044,road_edge,road_and_buildings,C013,C026,False,0.06884996130761137,0.6913151364764268,0.30868486352357316,0.27367761731147766,0.2682382133995037,0.020959736388406636,0.6799007444168734,0.6375317871570587,0.8246913684739007,0.7250978982152454,378818,1332,21673,116,76.2066110902861,4.558422776618545,4.702966916070716,0.41790337421033014,6.798289227815836e-06,4.4935577322218774e-05,False,False,3.151306663935302,3.2512322154275473,0.28890292817617363,1.2227431815197634,0.11209765447180318,3.09927503918978,0.28413281521992667
F014,F045,road_edge,underpass glow,C013,C027,False,0.06557187798591649,0.4466501240694789,0.5533498759305211,0.2803388833999634,0.7880893300248138,0.026675754123263888,0.5270471464019851,0.6375317871570587,0.7119318172335625,0.6737055467894603,378818,1332,85507,307,300.6597468969268,0.36565284050844016,0.41627888742582775,0.02083424269226285,0.34881961403919814,1.0,True,False,0.16331888657945218,0.18593101671625062,0.009305617083392836,0.2881671020979667,0.016419244364919802,0.19271628616375358,0.010980628158403548
F014,F046,road_edge,window_heat_zone,C013,C021,False,0.06683472576819835,0.545409429280397,0.45459057071960296,0.2803388833999634,0.7880893300248138,0.012790179011797664,0.8838709677419355,0.6375317871570587,0.739260733127594,0.6865145419915535,378818,1332,39968,85,140.5354972572581,-4.684655373027063,-4.961962884788744,-0.5004952363484096,0.9999999565103159,1.0,False,False,0.0,0.0,0.0,0.0,0.0,0.0,0.0
F014,F047,road_edge,underpass,C013,C008,False,0.06656753115754847,0.5230769230769231,0.4769230769230769,0.2803388833999634,0.7880893300248138,0.020382351345486112,0.7022332506203474,0.6375317871570587,0.3610449731349945,0.479768326348067,378818,1332,10970,68,38.572718297440986,4.738163293404817,4.81676472058997,0.5614092635653539,7.988841801152699e-06,5.26323695134766e-05,False,False,2.4784238765502122,2.519538469231677,0.2936602301726467,3.734095935447568,0.4424406503929439,3.327295811497675,0.39424025208187385
F014,F048,road_edge,shaded path,C013,C028,False,0.07385530385131102,0.9409429280397023,0.05905707196029775,0.2774387001991272,0.45186104218362283,0.01850128173828125,0.7583126550868486,0.6375317871570587,0.6641156588281903,0.650687976569203,378818,1332,155,2,0.5450110607204515,1.970865711212701,1.9747412904878063,0.8722632620919106,0.10386425877441931,0.40113093043913667,False,False,1.8544721530815291,1.8581188519924967,0.8207499478542246,0.8905574342725381,0.3941417866673373,1.4945324102893336,0.6614482702116324
F014,F049,road_edge,red_wall_yellow_wall,C013,C029,False,0.07054200232687394,0.8064516129032258,0.19354838709677424,0.2774387001991272,0.45186104218362283,0.014969565651633522,0.8416873449131513,0.6375317871570587,1.0,0.7984558767753286,378818,1332,349,1,1.2271539367189521,-0.20505518030717623,-0.20551105935906117,-0.14100982241639998,0.7076730655031156,1.0,False,False,0.0,0.0,0.0,0.0,0.0,0.0,0.0
F014,F050,road_edge,greenery_and_water,C013,C030,False,0.0690162849760065,0.7062034739454094,0.2937965260545906,0.2774387001991272,0.45186104218362283,0.006128381799768518,0.9642679900744416,0.6375317871570587,0.688131312529246,0.6623485377620326,378818,1332,1487,11,5.22858998252459,2.524001656945459,2.5334247051620156,0.6968776112725477,0.017936753291725078,0.08000109432769414,False,False,1.7824587383788526,1.78911332776454,0.49213738999545176,1.140498019180566,0.314891843704047,2.433814004687358,0.6719767735496576
F014,F051,road_edge,zebra_crossing,C013,C020,False,0.06194311178078407,0.2248138957816377,0.7751861042183623,0.2774387001991272,0.45186104218362283,0.011749776204427083,0.8977667493796526,0.6375317871570587,0.8715151250362396,0.7453982795786165,378818,1332,19455,220,68.40767862139603,18.328409393445195,18.851143777746007,1.1631300771930868,2.7801193849797816e-52,5.1895561852955925e-51,True,True,4.120481119221178,4.237999072614859,0.2614878039545748,8.281894170090249,0.5255731688755859,16.454636522452784,1.044219508507342
F014,F052,road_edge,palm_tree_street,C013,C026,False,0.065014578784255,0.4044665012406948,0.5955334987593053,0.27367761731147766,0.2682382133995037,0.03277324158468364,0.36377171215880894,0.6375317871570587,0.6043684764040841,0.6207286966648831,378818,1332,90021,354,316.531875465263,2.1059750881688513,2.416220138612105,0.11170602363188781,0.009153764266629203,0.042325662297074476,True,True,0.851796375611719,0.9772801056917446,0.04518134454590003,0.564902995114275,0.029963824204980328,0.7660941635869817,0.0406354914750242
F014,F053,road_edge,road_marking,C013,C030,False,0.059092876850978006,0.12406947890818859,0.8759305210918114,0.2774387001991272,0.45186104218362283,0.014707777235243056,0.8471464019851117,0.6375317871570587,0.5154761910438538,0.5732647358010969,378818,1332,86968,445,305.79691566926596,7.960352649161093,9.085149282963,0.37464230276284033,2.197059177521332e-18,2.368594279081821e-17,True,True,0.9876368051068354,1.1271897373403226,0.046481675280749424,3.5969732441990945,0.1692862613724894,6.7435841052694725,0.3173768788169571
F014,F054,road_edge,highlighted_lane,C013,C023,False,0.06460304706398302,0.373697270471464,0.6263027295285359,0.2721763849258423,0.21861042183622828,0.035970052083333336,0.2923076923076923,0.6375317871570587,0.8999999761581421,0.7574817444938264,378818,1332,245062,557,861.6871004017761,-10.379567846575311,-17.498557327678828,-0.43600979760701136,1.0,1.0,True,False,0.0,0.0,0.0,0.0,0.0,0.0,0.0
F014,F055,road_edge,small alley entrance,C013,C014,False,0.06509943633931,0.4104218362282878,0.5895781637717121,0.2774387001991272,0.45186104218362283,0.03964572482638889,0.22679900744416873,0.6375317871570587,0.8571428656578064,0.7392265031718925,378818,1332,535,9,1.881167209583494,5.190331447622697,5.203149312672528,1.383701006947008,0.00014319168339492095,0.0008200978230800018,False,False,2.1302253633667343,2.1354860950770123,0.5679011080621218,2.3453085772012234,0.6252405790696033,1.177162020627083,0.3138220149750782
F014,F056,road_edge,stone_wall_street,C013,C021,False,0.06424207154811458,0.34838709677419355,0.6516129032258065,0.2803388833999634,0.7880893300248138,0.013986940737123843,0.8610421836228288,0.6375317871570587,0.4911375728746255,0.5595675245890706,378818,1332,8534,12,30.007254143150536,-3.2872623504722633,-3.3307842423710805,-0.8922358517845151,0.9999460362471471,1.0,False,False,0.0,0.0,0.0,0.0,0.0,0.0,0.0
F014,F057,road_edge,streetlight illumination,C013,C027,False,0.0666234545912283,0.5290322580645161,0.47096774193548385,0.2803388833999634,0.7880893300248138,0.02094455295138889,0.680893300248139,0.6375317871570587,0.2642857193946838,0.41047600052351624,378818,1332,119269,297,419.37370452301633,-5.975682428929867,-7.2319836943320945,-0.3445397375547338,0.999999999999966,1.0,True,False,0.0,0.0,0.0,0.0,0.0,0.0,0.0
F014,F058,road_edge,shaded alley,C013,C031,False,0.068042726183189,0.6377171215880894,0.36228287841191065,0.2774387001991272,0.45186104218362283,0.02238181785300926,0.6516129032258065,0.6375317871570587,0.875,0.746887082337368,378818,1332,169922,268,597.4798029660682,-13.479295152467735,-18.183677905200458,-0.800706065127114,1.0,1.0,True,False,0.0,0.0,0.0,0.0,0.0,0.0,0.0
F014,F059,road_edge,road_edge,C013,C024,False,0.07278215393538644,0.9146401985111663,0.08535980148883371,0.2721763849258423,0.21861042183622828,0.016791449652777776,0.8029776674937965,0.6375317871570587,0.7857142686843872,0.7077554817231434,378818,1332,1891,9,6.649134940789509,0.911685668240217,0.9155796107371442,0.28430043652229947,0.22573299160675106,0.7997850809827947,False,False,0.8338643605790174,0.837425916917398,0.2600326076975672,0.1993039885160375,0.06215103835636373,0.7320632313710527,0.2282869013861442
F014,F060,road_edge,street_corner_shop,C013,C031,False,0.06513906882154341,0.4138957816377171,0.5861042183622829,0.2774387001991272,0.45186104218362283,0.03850075050636574,0.2491315136476427,0.6375317871570587,0.3880471537510554,0.4973855601363195,378818,1332,35651,251,125.35606016609559,11.22196420490487,11.811246382484601,0.6923041152354653,3.4076552041929206e-26,4.113672390211334e-25,True,True,4.6447236460995835,4.888625053594122,0.2865417529063911,5.070768440975625,0.31282525901830827,2.7957449284676152,0.17247477213310353
F014,F061,road_edge,sunlit street,C013,C014,False,0.05386677493518052,0.0630272952853598,0.9369727047146402,0.2774387001991272,0.45186104218362283,0.04764404296875,0.1533498759305211,0.6375317871570587,0.8258823394775391,0.7256212812952554,378818,1332,9753,22,34.29350242068751,-2.0992768181415946,-2.1305802080490053,-0.43591534808798005,0.9905650748665953,1.0,False,False,0.0,0.0,0.0,0.0,0.0,0.0,0.0
F014,F062,road_edge,shaded alley,C013,C005,False,0.06532695151761041,0.430272952853598,0.569727047146402,0.2803388833999634,0.7880893300248138,0.036568535698784724,0.2858560794044665,0.6375317871570587,0.5,0.5645935649460853,378818,1332,6655,19,23.400313607061968,-0.9096467884075582,-0.9193604195988659,-0.20347711491606799,0.8478702822983678,1.0,False,False,0.0,0.0,0.0,0.0,0.0,0.0,0.0
F014,F063,road_edge,blue_wall_graffiti,C013,C013,True,0.07239208776046227,0.9047146401985111,0.09528535980148889,0.1580396294593811,0.019602977667493797,0.005594889322916667,0.9687344913151364,0.6375317871570587,0.11488095670938492,0.27062938059502495,378818,1332,39,0,0.1371318152780491,-0.3703131313875449,-0.3709845085521591,-0.2423684671053448,1.0,1.0,False,False,0.0,0.0,0.0,0.0,0.0,0.0,0.0
F015,F016,tree_shade_street,construction scaffolding,C014,C015,False,0.06063933969823718,0.1662531017369727,0.8337468982630273,0.24984999001026154,0.06873449131513648,0.06454785664876302,0.08089330024813896,0.8839921777447065,0.3196994091073672,0.5316124310816268,378818,15105,10329,350,411.8588477844242,-3.0480888778860087,-3.1540311909027827,-0.16253325355142073,0.9994268012737726,1.0,True,False,0.0,0.0,0.0,0.0,0.0,0.0,0.0
F015,F017,tree_shade_street,building facade,C014,C011,False,0.06680557464164229,0.5419354838709678,0.4580645161290322,0.2803388833999634,0.7880893300248138,0.013639132181803385,0.8674937965260546,0.8839921777447065,0.43739699572324753,0.6218163095226642,378818,15105,30807,1368,1228.399218094177,3.9830713406948512,4.241038558602125,0.10759642545519293,1.5690741206154413e-05,0.00010138632779361313,True,True,2.1585676943120484,2.2983692833714744,0.0583103208918465,3.1390160243292424,0.08479559485004783,3.455289679173499,0.09333923161075794
F015,F018,tree_shade_street,small alley flowerbed,C014,C013,False,0.05361959286173698,0.05905707196029777,0.9409429280397023,0.2774387001991272,0.45186104218362283,0.03277545505099826,0.36277915632754343,0.8839921777447065,0.2877193056046963,0.5043229278356182,378818,15105,22621,420,901.9904149222053,-16.04861063501175,-16.89051662462766,-0.7637135901528205,1.0,1.0,True,False,0.0,0.0,0.0,0.0,0.0,0.0,0.0
F015,F019,tree_shade_street,road_and_building,C014,C016,False,0.06994289038046268,0.7692307692307693,0.23076923076923073,0.2774387001991272,0.45186104218362283,0.01898490058051215,0.7449131513647642,0.8839921777447065,0.45704154421885806,0.6356265806224846,378818,15105,13367,308,532.9961485462676,-9.745700227304596,-10.126260438426062,-0.5477300081505647,1.0,1.0,True,False,0.0,0.0,0.0,0.0,0.0,0.0,0.0
F015,F020,tree_shade_street,advertising_wall,C014,C013,False,0.06030328906078968,0.15384615384615385,0.8461538461538461,0.2774387001991272,0.45186104218362283,0.029806591215587798,0.4401985111662531,0.8839921777447065,0.6375811781202044,0.7507441469205838,378818,15105,8894,244,354.639615857747,-5.875123973767517,-6.067522599997761,-0.37329568735089524,0.9999999999371539,1.0,True,False,0.0,0.0,0.0,0.0,0.0,0.0,0.0
F015,F021,tree_shade_street,road_and_building,C014,C017,False,0.06536623209069675,0.4327543424317618,0.5672456575682382,0.2774387001991272,0.45186104218362283,0.022513919406467013,0.6466501240694789,0.8839921777447065,0.7211538553237915,0.7984324436398295,378818,15105,169116,5787,6743.336325095428,-11.645904965336173,-15.974327249438307,-0.15292853128560416,1.0,1.0,True,False,0.0,0.0,0.0,0.0,0.0,0.0,0.0
F015,F022,tree_shade_street,tree_canopy_and_road,C014,C005,False,0.0655687543661787,0.4461538461538462,0.5538461538461539,0.2803388833999634,0.7880893300248138,0.016053023161711515,0.8168734491315136,0.8839921777447065,0.5876411199569702,0.7207427789184574,378818,15105,107423,3072,4283.387840598915,-18.509279362900838,-22.31717458064845,-0.3323694087854017,1.0,1.0,True,False,0.0,0.0,0.0,0.0,0.0,0.0,0.0
F015,F023,tree_shade_street,street_corner_cafe,C014,C018,False,0.06329247825779852,0.2878411910669975,0.7121588089330024,0.2774387001991272,0.45186104218362283,0.031026522318522137,0.4044665012406948,0.8839921777447065,0.48124999552965164,0.6522432303887001,378818,15105,8214,329,327.5252759900533,0.08148700209405095,0.08407829782740024,0.0044856875821758305,0.4745210383733,1.0,True,False,0.023455315739230546,0.024201197389524635,0.0012911656564079314,0.036820801690636916,0.002026907465792106,0.03295876263357396,0.0018143103620214896
F015,F024,tree_shade_street,road_edge,C014,C018,False,0.06455975337829281,0.3707196029776675,0.6292803970223325,0.2774387001991272,0.45186104218362283,0.01928106943766276,0.7339950372208437,0.8839921777447065,0.4875000019868215,0.6564649178797592,378818,15105,9323,320,371.7455743919244,-2.683800989170194,-2.773298694777164,-0.1496715063266081,0.997863662004521,1.0,True,False,0.0,0.0,0.0,0.0,0.0,0.0,0.0
F015,F025,tree_shade_street,shaded alley,C014,C019,False,0.0653427901048843,0.4317617866004963,0.5682382133995036,0.2803388833999634,0.7880893300248138,0.01990331013997396,0.7166253101736972,0.8839921777447065,0.7079328984022141,0.7910797333743895,378818,15105,17421,631,694.6454629927828,-2.414826028934287,-2.523156556558979,-0.09602318114440081,0.9949813228939905,1.0,True,False,0.0,0.0,0.0,0.0,0.0,0.0,0.0
F015,F026,tree_shade_street,tree_shadows,C014,C016,False,0.07043960350608443,0.7990074441687345,0.20099255583126552,0.2774387001991272,0.45186104218362283,0.021819559733072917,0.6595533498759305,0.8839921777447065,0.7362637281417846,0.8067536032981153,378818,15105,208,4,8.293798077176904,-1.490956210298065,-1.5220168821382118,-0.6699693122878537,0.9678241329139265,1.0,False,False,0.0,0.0,0.0,0.0,0.0,0.0,0.0
F015,F027,tree_shade_street,car_top_heat,C014,C020,False,0.06872254470443069,0.680893300248139,0.319106699751861,0.2637636065483093,0.13746898263027296,0.022034247716267902,0.6555831265508685,0.8839921777447065,0.9444444179534912,0.9137184893530055,378818,15105,94699,3085,3776.0306928393056,-11.245520965429394,-13.251958355699582,-0.20209206328341273,1.0,1.0,True,False,0.0,0.0,0.0,0.0,0.0,0.0,0.0
F015,F028,tree_shade_street,red_car_street,C014,C021,False,0.0631597439432169,0.2813895781637717,0.7186104218362284,0.2803388833999634,0.7880893300248138,0.03677018483479818,0.2803970223325062,0.8839921777447065,0.6187312696129084,0.739563115943367,378818,15105,158116,6361,6304.722003706265,0.7087705363880834,0.9476612940851361,0.00888601906511499,0.1737901680046605,0.6370199612679919,True,False,0.19944064224915298,0.26666201178475046,0.00250043315628794,0.5585744971634126,0.007002976811614195,0.1987371479202318,0.0024916132862481235
F015,F029,tree_shade_street,electric_bike_parking,C014,C022,False,0.06754719009070474,0.6049627791563276,0.39503722084367243,0.2774387001991272,0.45186104218362283,0.02750547726949056,0.4992555831265509,0.8839921777447065,0.39830395206809044,0.5933781071062485,378818,15105,125824,5935,5017.109852224551,12.95877362318465,16.18301415643553,0.16799757524620937,1.1017330012058397e-57,2.2664221739091562e-56,True,True,7.839575705539498,9.79012121920343,0.10163228001247109,5.8555649547938575,0.07591155943507376,6.469740081848019,0.08387372739339287
F015,F030,tree_shade_street,stone_wall_and_shadows,C014,C012,False,0.06317320115344972,0.2823821339950372,0.7176178660049628,0.27199676632881165,0.16997518610421836,0.043290201822916666,0.18560794044665013,0.8839921777447065,0.38914142847061156,0.5865134088871471,378818,15105,10570,183,421.4684888257686,-11.615781780074585,-12.023443522958605,-0.8327159727243824,1.0,1.0,False,False,0.0,0.0,0.0,0.0,0.0,0.0,0.0
F015,F031,tree_shade_street,road_edge,C014,C001,False,0.0672302146618724,0.5771712158808933,0.42282878411910674,0.2774387001991272,0.45186104218362283,0.03267192840576172,0.3652605459057072,0.8839921777447065,0.5565476566553116,0.7014155508865213,378818,15105,2681,42,106.90227233130422,-6.277206763796925,-6.429008906693406,-0.9270772635677262,0.9999999999998975,1.0,False,False,0.0,0.0,0.0,0.0,0.0,0.0,0.0
F015,F032,tree_shade_street,tree-lined walk,C014,C012,False,0.06915011505265223,0.71712158808933,0.28287841191067,0.27199676632881165,0.16997518610421836,0.029671986897786457,0.4441687344913151,0.8839921777447065,0.42500001192092896,0.6129410135400537,378818,15105,325,16,12.95905949558891,0.8447363473933287,0.8624677747870989,0.2037079331588266,0.22901135794642816,0.8099770133684195,False,False,0.6057786709594839,0.618494260331195,0.14608335653325283,0.1435842178571787,0.03462529384957722,0.3752054744005107,0.09048069487699742
F015,F033,tree_shade_street,zebra_crossing,C014,C023,False,0.06580943794592374,0.4669975186104218,0.5330024813895782,0.2774387001991272,0.45186104218362283,0.019632975260416668,0.7240694789081886,0.8839921777447065,1.0,0.9402085820416162,378818,15105,44394,1256,1770.167653068228,-12.220741307826797,-13.273927887851151,-0.34302660258355305,1.0,1.0,True,False,0.0,0.0,0.0,0.0,0.0,0.0,0.0
F015,F034,tree_shade_street,red_door_street,C014,C018,False,0.0706535594065414,0.8143920595533499,0.18560794044665008,0.2774387001991272,0.45186104218362283,0.018686082628038194,0.75136476426799,0.8839921777447065,0.8333333730697632,0.8582891023701058,378818,15105,15775,486,629.0128109012771,-5.702236128621528,-5.944519901039004,-0.2577093025667172,0.9999999996998106,1.0,True,False,0.0,0.0,0.0,0.0,0.0,0.0,0.0
F015,F035,tree_shade_street,small alley entrance,C014,C010,False,0.06743111538565016,0.5955334987593052,0.40446650124069483,0.2774387001991272,0.45186104218362283,0.02843475341796875,0.47146401985111663,0.8839921777447065,0.3212707968694823,0.5329173213270806,378818,15105,65633,2611,2617.0521596122676,-0.118305295267849,-0.13278662378054107,-0.0023148219333147535,0.5563027277284303,1.0,True,False,0.0,0.0,0.0,0.0,0.0,0.0,0.0
F015,F036,tree_shade_street,pedestrian walk,C014,C024,False,0.06447043069675915,0.36277915632754343,0.6372208436724566,0.2774387001991272,0.45186104218362283,0.025095985049293154,0.5702233250620348,0.8839921777447065,0.6076337546110153,0.7329007340764396,378818,15105,191641,8070,7641.498833212783,4.901880653669791,7.116838550040455,0.05455624188737173,5.725850778333043e-13,5.319500077935215e-12,True,True,1.778300127956634,2.581840684903014,0.019791867404302103,2.21496890082697,0.024651840316849607,2.7951666853928487,0.031109241651905768
F015,F037,tree_shade_street,street_corner_shops,C014,C003,False,0.06686771276303644,0.5493796526054591,0.45062034739454093,0.2803388833999634,0.7880893300248138,0.018259453051017994,0.7657568238213399,0.8839921777447065,0.6591791060160507,0.7633538979077381,378818,15105,5196,89,207.18545581255378,-8.210779738116226,-8.437597475614634,-0.841786078173726,1.0,1.0,False,False,0.0,0.0,0.0,0.0,0.0,0.0,0.0
F015,F038,tree_shade_street,red-yellow hotspot,C014,C000,False,0.07122292664970113,0.8456575682382134,0.15434243176178664,0.2803388833999634,0.7880893300248138,0.011091232299804688,0.9076923076923077,0.8839921777447065,0.5312499850988388,0.6852888670147541,378818,15105,4115,152,164.0816302287642,-0.9431821182566016,-0.9678378332246648,-0.07624208346908597,0.8433471945178816,1.0,False,False,0.0,0.0,0.0,0.0,0.0,0.0,0.0
F015,F039,tree_shade_street,red car corner,C014,C017,False,0.07343120508124211,0.9320099255583126,0.06799007444168736,0.2774387001991272,0.45186104218362283,0.01678784688313802,0.8034739454094293,0.8839921777447065,0.30280448123812675,0.5173749054607769,378818,15105,1373,48,54.747042115210995,-0.9118703425406112,-0.9323025547468787,-0.13025100464503012,0.8418588720866019,1.0,False,False,0.0,0.0,0.0,0.0,0.0,0.0,0.0
F015,F040,tree_shade_street,cobblestone,C014,C013,False,0.062220922320673555,0.2317617866004963,0.7682382133995037,0.2774387001991272,0.45186104218362283,0.034623146057128906,0.31811414392059556,0.8839921777447065,0.45202021673321724,0.6321252532327996,378818,15105,77947,2867,3108.060955392827,-4.323964399867679,-4.95156593512392,-0.08071933377621862,0.9999997241363973,1.0,True,False,0.0,0.0,0.0,0.0,0.0,0.0,0.0
F015,F041,tree_shade_street,concrete_wall,C014,C011,False,0.06611531830413399,0.49330024813895784,0.5066997518610421,0.2803388833999634,0.7880893300248138,0.02787568834092882,0.49032258064516127,0.8839921777447065,0.511904776096344,0.6726959326614986,378818,15105,8967,291,357.55041999060234,-3.5195096015403315,-3.635125233273334,-0.20563380865599482,0.9999186061796779,1.0,True,False,0.0,0.0,0.0,0.0,0.0,0.0,0.0
F015,F042,tree_shade_street,Red-yellow glow street,C014,C025,False,0.0674651726450855,0.598014888337469,0.40198511166253104,0.2774387001991272,0.45186104218362283,0.03926965925428602,0.23523573200992556,0.8839921777447065,0.9285714626312256,0.9060076762605074,378818,15105,66510,2235,2652.021683235749,-8.097856968531255,-9.101839408739254,-0.17104584942187795,1.0,1.0,True,False,0.0,0.0,0.0,0.0,0.0,0.0,0.0
F015,F043,tree_shade_street,tree_shadows,C014,C015,False,0.04950387876807586,0.03672456575682382,0.9632754342431762,0.24984999001026154,0.06873449131513648,0.147705078125,0.023325062034739455,0.8839921777447065,0.7320646420121193,0.804449760483644,378818,15105,16390,260,653.535338869853,-15.393919078367405,-16.06160531187624,-0.920558523773135,1.0,1.0,True,False,0.0,0.0,0.0,0.0,0.0,0.0,0.0
F015,F044,tree_shade_street,road_and_buildings,C014,C026,False,0.06671225502502176,0.5349875930521092,0.4650124069478908,0.2774387001991272,0.45186104218362283,0.05256017049153646,0.12754342431761787,0.8839921777447065,0.8246913684739007,0.8538271012239572,378818,15105,21673,512,864.189835224303,-11.98042543497028,-12.592169902576185,-0.523070159621981,1.0,1.0,True,False,0.0,0.0,0.0,0.0,0.0,0.0,0.0
F015,F045,tree_shade_street,underpass glow,C014,C027,False,0.07056608932873368,0.8079404466501241,0.1920595533498759,0.2803388833999634,0.7880893300248138,0.024807055791219074,0.5796526054590571,0.8839921777447065,0.7119318172335625,0.7933108832746739,378818,15105,85507,3538,3409.508616274834,2.2005341356271897,2.5521991295585824,0.03698809047465579,0.005649369393782374,0.026861152589304875,True,True,1.7779005324074764,2.062024904675619,0.029884174338828597,1.7342174726431647,0.029149919441068678,1.2755453451178946,0.021440243014589556
F015,F046,tree_shade_street,window_heat_zone,C014,C021,False,0.0637090151032231,0.31066997518610423,0.6893300248138958,0.2803388833999634,0.7880893300248138,0.02850428494540128,0.4694789081885856,0.8839921777447065,0.739260733127594,0.8083939048499872,378818,15105,39968,1504,1593.6851997529157,-2.2465676974821602,-2.424188499842475,-0.05790214207239559,0.9929425815005136,1.0,True,False,0.0,0.0,0.0,0.0,0.0,0.0,0.0
F015,F047,tree_shade_street,underpass,C014,C008,False,0.06365808596225242,0.3076923076923077,0.6923076923076923,0.2803388833999634,0.7880893300248138,0.0261741214328342,0.5409429280397022,0.8839921777447065,0.3610449731349945,0.5649432998676795,378818,15105,10970,315,437.41810051264724,-5.85325252797301,-6.061968613019549,-0.32787322578033673,0.9999999999125011,1.0,True,False,0.0,0.0,0.0,0.0,0.0,0.0,0.0
F015,F048,tree_shade_street,shaded path,C014,C028,False,0.07535409430219642,0.9642679900744416,0.03573200992555836,0.27199676632881165,0.16997518610421836,0.03228977748325893,0.371712158808933,0.8839921777447065,0.6641156588281903,0.766206922131282,378818,15105,155,7,6.1804745286654805,0.3296488353977369,0.33649276569989633,0.1157139982913632,0.42323718907055446,1.0,False,False,0.3178698199393562,0.32446920285602904,0.11157930455589016,0.05603212214576917,0.019668508394437664,0.12253448025454337,0.0430123001092958
F015,F049,tree_shade_street,red_wall_yellow_wall,C014,C029,False,0.06949631592924661,0.7369727047146402,0.26302729528535984,0.2637636065483093,0.13746898263027296,0.037988200332179214,0.25856079404466503,0.8839921777447065,1.0,0.9402085820416162,378818,15105,349,7,13.916036196801631,-1.8539562558520173,-1.8929317164529937,-0.6534381911974818,0.9864695872488524,1.0,False,False,0.0,0.0,0.0,0.0,0.0,0.0,0.0
F015,F050,tree_shade_street,greenery_and_water,C014,C030,False,0.0681325955385718,0.6431761786600496,0.3568238213399504,0.2637636065483093,0.13746898263027296,0.038070466783311635,0.256575682382134,0.8839921777447065,0.688131312529246,0.7799376241322452,378818,15105,1487,40,59.29268144597142,-2.5054863890836088,-2.5620135723949846,-0.3895812955079467,0.9972021235129319,1.0,False,False,0.0,0.0,0.0,0.0,0.0,0.0,0.0
F015,F051,tree_shade_street,zebra_crossing,C014,C020,False,0.06530592561667292,0.428287841191067,0.571712158808933,0.2637636065483093,0.13746898263027296,0.022902170817057293,0.6352357320099256,0.8839921777447065,0.8715151250362396,0.8777314813302731,378818,15105,19455,989,775.7492384205608,7.656493389330861,8.022576248095122,0.24272611289614007,6.250289971402504e-15,6.116788632207499e-14,True,True,3.27918302481019,3.43597186208739,0.10395664289298703,1.052530356746724,0.03336731179763315,4.863678182800745,0.15418830000350336
F015,F052,tree_shade_street,palm_tree_street,C014,C026,False,0.0660046544784308,0.484863523573201,0.5151364764267989,0.2774387001991272,0.45186104218362283,0.04403425146032263,0.17667493796526054,0.8839921777447065,0.6043684764040841,0.7309288649497272,378818,15105,90021,2722,3589.4999841612594,-14.47946440634063,-16.92414667320611,-0.27660162226330354,1.0,1.0,True,False,0.0,0.0,0.0,0.0,0.0,0.0,0.0
F015,F053,tree_shade_street,road_marking,C014,C030,False,0.0647436357433467,0.38610421836228287,0.6138957816377171,0.2637636065483093,0.13746898263027296,0.012110265096028645,0.8918114143920596,0.8839921777447065,0.5154761910438538,0.6750384586795056,378818,15105,86968,3172,3467.764572961158,-5.022516240287432,-5.839721320444733,-0.08913442518315981,0.999999998252828,1.0,True,False,0.0,0.0,0.0,0.0,0.0,0.0,0.0
F015,F054,tree_shade_street,highlighted_lane,C014,C023,False,0.07198557447372601,0.8813895781637717,0.11861042183622827,0.2774387001991272,0.45186104218362283,0.017452663845486112,0.7885856079404466,0.8839921777447065,0.8999999761581421,0.8919601666521998,378818,15105,245062,9151,9771.609348024645,-6.278201708516456,-10.782742896998789,-0.06561454298794286,1.0,1.0,True,False,0.0,0.0,0.0,0.0,0.0,0.0,0.0
F015,F055,tree_shade_street,small alley entrance,C014,C014,True,0.055075215358867856,0.07245657568238213,0.9275434243176178,0.14745263755321503,0.018114143920595533,0.09316991170247396,0.050620347394540945,0.8839921777447065,0.8571428656578064,0.8704640075564197,378818,15105,535,30,21.332605631200206,1.876577933282765,1.9164999596117647,0.3343221600644147,0.04072794815264808,0.1732226655606298,False,False,0.13597041104679092,0.1388630243688921,0.024223838893004734,0.03399260276169773,0.006055959723251183,0.09499302689570324,0.016923503884153993
F015,F056,tree_shade_street,stone_wall_street,C014,C021,False,0.05947192519838618,0.13052109181141439,0.8694789081885856,0.2803388833999634,0.7880893300248138,0.040671454535590276,0.2138957816377171,0.8839921777447065,0.4911375728746255,0.6589095329540238,378818,15105,8534,610,340.2849653395562,14.621225502327801,15.092699443221292,0.5830266153564159,9.92707057648501e-43,1.563513615796389e-41,True,True,1.9083783161847203,1.969915609710769,0.07609727039143294,11.522831810271239,0.45947705468287264,3.127418457321728,0.12470693360725321
F015,F057,tree_shade_street,streetlight illumination,C014,C027,False,0.06663510845559073,0.5305210918114144,0.4694789081885856,0.2803388833999634,0.7880893300248138,0.026862462361653645,0.5196029776674937,0.8839921777447065,0.2642857193946838,0.48334926154338226,378818,15105,119269,2917,4755.735590705827,-26.663087139717746,-32.87391089334124,-0.48872942789532964,1.0,1.0,True,False,0.0,0.0,0.0,0.0,0.0,0.0,0.0
F015,F058,tree_shade_street,shaded alley,C014,C031,False,0.07174644456719008,0.8739454094292805,0.12605459057071955,0.27199676632881165,0.16997518610421836,0.027679867214626737,0.4947890818858561,0.8839921777447065,0.875,0.8794845965260667,378818,15105,169922,5209,6775.474792644489,-19.030646569462476,-26.15405925343869,-0.2628993553789439,1.0,1.0,True,False,0.0,0.0,0.0,0.0,0.0,0.0,0.0
F015,F059,tree_shade_street,road_edge,C014,C024,False,0.0683541518932645,0.6575682382133995,0.3424317617866005,0.2774387001991272,0.45186104218362283,0.024729092915852863,0.5826302729528536,0.8839921777447065,0.7857142686843872,0.8334058239893701,378818,15105,1891,73,75.40178924971886,-0.27659483803985624,-0.2829867284805873,-0.03215485168252317,0.6277784676752773,1.0,False,False,0.0,0.0,0.0,0.0,0.0,0.0,0.0
F015,F060,tree_shade_street,street_corner_shop,C014,C031,False,0.06988968955735776,0.7647642679900745,0.23523573200992554,0.27199676632881165,0.16997518610421836,0.013789706759982638,0.8655086848635236,0.8839921777447065,0.3880471537510554,0.5856881836882407,378818,15105,35651,811,1421.5490156222777,-16.19345862217959,-17.363508278378355,-0.5609696923097535,1.0,1.0,True,False,0.0,0.0,0.0,0.0,0.0,0.0,0.0
F015,F061,tree_shade_street,sunlit street,C014,C014,True,0.04328850822785064,0.01488833746898263,0.9851116625310173,0.14745263755321503,0.018114143920595533,0.1437559763590495,0.024317617866004962,0.8839921777447065,0.8258823394775391,0.8544434023594791,378818,15105,9753,137,388.8914069553189,-12.773184305774565,-13.206823374617898,-1.040961108190242,1.0,1.0,False,False,0.0,0.0,0.0,0.0,0.0,0.0,0.0
F015,F062,tree_shade_street,shaded alley,C014,C005,False,0.0700239227163066,0.7746898263027295,0.22531017369727047,0.2803388833999634,0.7880893300248138,0.04106887181599935,0.2054590570719603,0.8839921777447065,0.5,0.6648278640914153,378818,15105,6655,220,265.3616644404437,-2.7846453413532384,-2.867173110093914,-0.18707842012290352,0.9985305259666996,1.0,True,False,0.0,0.0,0.0,0.0,0.0,0.0,0.0
F015,F063,tree_shade_street,blue_wall_graffiti,C014,C013,False,0.06907722942438746,0.7106699751861042,0.2893300248138958,0.2774387001991272,0.45186104218362283,0.027872721354166668,0.4913151364764268,0.8839921777447065,0.11488095670938492,0.3186751749084395,378818,15105,39,0,1.5550871394706693,-1.2470313305890393,-1.27272636244449,-1.4134654312444965,1.0,1.0,False,False,0.0,0.0,0.0,0.0,0.0,0.0,0.0
F016,F017,construction scaffolding,building facade,C015,C011,False,0.06144088027888682,0.19950372208436726,0.8004962779156327,0.2803388833999634,0.7880893300248138,0.02832794189453125,0.47444168734491315,0.3196994091073672,0.43739699572324753,0.37394593336211035,378818,10329,30807,1244,839.9957314594343,13.93950699487308,14.745812184781357,0.3924972475448239,5.587366197020562e-44,9.011304202554763e-43,True,True,2.7809835294982523,2.941844416020896,0.07830466179306164,10.985576728465732,0.3093228928541838,6.613483219403804,0.18621705640340033
F016,F018,construction scaffolding,small alley flowerbed,C015,C013,False,0.04872679451941592,0.032754342431761785,0.9672456575682382,0.2774387001991272,0.45186104218362283,0.03857421875,0.24714640198511167,0.3196994091073672,0.2877193056046963,0.3032881336132415,378818,10329,22621,544,616.7930483767931,-2.9310293796844586,-3.0647341850561918,-0.12547592562662527,0.99915078131579,1.0,True,False,0.0,0.0,0.0,0.0,0.0,0.0,0.0
F016,F019,construction scaffolding,road_and_building,C015,C016,False,0.06531505086950869,0.4292803970223325,0.5707196029776676,0.2774387001991272,0.45186104218362283,0.026379903157552082,0.5325062034739454,0.3196994091073672,0.45704154421885806,0.38225111069071804,378818,10329,13367,204,364.4698588768221,-8.40548275291166,-8.676925202026585,-0.5792467962701842,1.0,1.0,True,False,0.0,0.0,0.0,0.0,0.0,0.0,0.0
F016,F020,construction scaffolding,advertising_wall,C015,C013,False,0.06288051299970389,0.2669975186104218,0.7330024813895781,0.2774387001991272,0.45186104218362283,0.018670218331473216,0.7523573200992556,0.3196994091073672,0.6375811781202044,0.45148015006532505,378818,10329,8894,358,242.50728846042162,7.416383516767866,7.609457493359228,0.3888372234846411,5.876922237067645e-13,5.4348051513432896e-12,True,True,1.9801559960402537,2.0317062686983944,0.1038185738137652,3.3511747851201696,0.1757003930435562,5.579770427503764,0.29254453141573994
F016,F021,construction scaffolding,road_and_building,C015,C017,False,0.0637796816455339,0.3141439205955335,0.6858560794044666,0.2774387001991272,0.45186104218362283,0.0345071863245081,0.3235732009925558,0.3196994091073672,0.7211538553237915,0.480158787717684,378818,10329,169116,4154,4611.183111678959,-6.732618326605789,-9.174881807864253,-0.10440080640009694,1.0,1.0,True,False,0.0,0.0,0.0,0.0,0.0,0.0,0.0
F016,F022,construction scaffolding,tree_canopy_and_road,C015,C005,False,0.058436649381337545,0.11166253101736973,0.8883374689826302,0.2803388833999634,0.7880893300248138,0.04223463270399305,0.19702233250620346,0.3196994091073672,0.5876411199569702,0.4334380218871377,378818,10329,107423,2295,2929.037603809745,-11.715276478731875,-14.033609603159492,-0.24389391146842923,1.0,1.0,True,False,0.0,0.0,0.0,0.0,0.0,0.0,0.0
F016,F023,construction scaffolding,street_corner_cafe,C015,C018,False,0.061004027491487645,0.18411910669975187,0.8158808933002482,0.2774387001991272,0.45186104218362283,0.029378890991210938,0.4481389578163772,0.3196994091073672,0.48124999552965164,0.39224397918101017,378818,10329,8214,335,223.966142052384,7.419322434591817,7.60548587008569,0.40189707551456966,6.889079418538559e-13,6.31290186716988e-12,True,True,1.3660390189744736,1.4003152644177626,0.07399693052898529,3.3525027675909924,0.1816016313925636,3.324887423541643,0.1801057365705491
F016,F024,construction scaffolding,road_edge,C015,C018,False,0.0575832919996185,0.09826302729528535,0.9017369727047146,0.2774387001991272,0.45186104218362283,0.008992513020833334,0.9354838709677419,0.3196994091073672,0.4875000019868215,0.3947828043051358,378818,10329,9323,304,254.20457053255126,3.123185681693214,3.2063526884973714,0.17856676055698958,0.0009891072441917908,0.0051129236007452575,True,True,0.3068936798884647,0.3150659217481288,0.017546510466642153,1.4112459370628643,0.08068736252463475,2.9216898312613937,0.1670463243920225
F016,F025,construction scaffolding,shaded alley,C015,C019,False,0.06392895519113868,0.3245657568238213,0.6754342431761786,0.2803388833999634,0.7880893300248138,0.013071695963541666,0.8789081885856079,0.3196994091073672,0.7079328984022141,0.47573703798091405,378818,10329,17421,443,475.00781113885824,-1.4686070211957638,-1.5245128812643058,-0.06968550731194406,0.9404131329988181,1.0,True,False,0.0,0.0,0.0,0.0,0.0,0.0,0.0
F016,F026,construction scaffolding,tree_shadows,C015,C016,False,0.06574751055434463,0.45707196029776676,0.5429280397022332,0.2774387001991272,0.45186104218362283,0.02397613525390625,0.6044665012406948,0.3196994091073672,0.7362637281417846,0.48516294049949427,378818,10329,208,4,5.671409489517393,-0.7018387789998071,-0.7118018135353423,-0.3158498574373487,0.820905969345767,1.0,False,False,0.0,0.0,0.0,0.0,0.0,0.0,0.0
F016,F027,construction scaffolding,car_top_heat,C015,C020,False,0.06219825139564462,0.23126550868486354,0.7687344913151365,0.2637636065483093,0.13746898263027296,0.041669209798177086,0.20099255583126552,0.3196994091073672,0.9444444179534912,0.5494891467121825,378818,10329,94699,2124,2582.100034845229,-9.015167350539947,-10.554591371641695,-0.1952601763499907,1.0,1.0,True,False,0.0,0.0,0.0,0.0,0.0,0.0,0.0
F016,F028,construction scaffolding,red_car_street,C015,C021,False,0.05651078443041898,0.08337468982630274,0.9166253101736973,0.2803388833999634,0.7880893300248138,0.025178485446506076,0.5687344913151364,0.3196994091073672,0.6187312696129084,0.4447561368789619,378818,10329,158116,4342,4311.252802137174,0.46827804631823056,0.6220401723737741,0.007105715059999048,0.27018547615993926,0.9377577598508801,True,False,0.0390425368642495,0.0518624064311633,0.0005924367891215087,0.3690449317882631,0.005599938220981879,0.26632587646684475,0.004041265240078863
F016,F029,construction scaffolding,electric_bike_parking,C015,C022,False,0.06680713126576404,0.5424317617866005,0.45756823821339954,0.2774387001991272,0.45186104218362283,0.019937992095947266,0.715136476426799,0.3196994091073672,0.39830395206809044,0.3568438567795411,378818,10329,125824,3152,3430.7664788895986,-4.759320704426229,-5.904833134657899,-0.0847336399980093,0.9999999987060414,1.0,True,False,0.0,0.0,0.0,0.0,0.0,0.0,0.0
F016,F030,construction scaffolding,stone_wall_and_shadows,C015,C012,False,0.05329756575430643,0.05707196029776675,0.9429280397022333,0.27199676632881165,0.16997518610421836,0.08009287516276041,0.060049627791563275,0.3196994091073672,0.38914142847061156,0.35271558618985255,378818,10329,10570,134,288.20576107787906,-9.083417376834255,-9.341074620245477,-0.7638438426682079,1.0,1.0,False,False,0.0,0.0,0.0,0.0,0.0,0.0,0.0
F016,F031,construction scaffolding,road_edge,C015,C001,False,0.06107097057235048,0.18858560794044665,0.8114143920595533,0.2774387001991272,0.45186104218362283,0.030274709065755207,0.4280397022332506,0.3196994091073672,0.5565476566553116,0.4218150743783264,378818,10329,2681,34,73.10119635286603,-4.57328011767113,-4.653423134229529,-0.7577019563597841,0.999999919697748,1.0,False,False,0.0,0.0,0.0,0.0,0.0,0.0,0.0
F016,F032,construction scaffolding,tree-lined walk,C015,C012,False,0.06063046499959424,0.16575682382133994,0.8342431761786601,0.27199676632881165,0.16997518610421836,0.058759053548177086,0.09975186104218363,0.3196994091073672,0.42500001192092896,0.36860853582322944,378818,10329,325,8,8.861577327370927,-0.2894268021084541,-0.293580759573871,-0.09654763067719606,0.6628509018358659,1.0,False,False,0.0,0.0,0.0,0.0,0.0,0.0,0.0
F016,F033,construction scaffolding,zebra_crossing,C015,C023,False,0.06230817179466901,0.2392059553349876,0.7607940446650124,0.2774387001991272,0.45186104218362283,0.010191599527994791,0.9205955334987593,0.3196994091073672,1.0,0.56541967520362,378818,10329,44394,1043,1210.464196527092,-4.813333970067045,-5.194156694452464,-0.1488364513858063,0.9999999464045334,1.0,True,False,0.0,0.0,0.0,0.0,0.0,0.0,0.0
F016,F034,construction scaffolding,red_door_street,C015,C018,False,0.061903907863680226,0.22133995037220844,0.7786600496277916,0.2774387001991272,0.45186104218362283,0.022584279378255207,0.6446650124069478,0.3196994091073672,0.8333333730697632,0.5161551965832103,378818,10329,15775,412,430.12733027469653,-0.8740480903738925,-0.9052615285037915,-0.04300684735665108,0.8236370792949093,1.0,True,False,0.0,0.0,0.0,0.0,0.0,0.0,0.0
F016,F035,construction scaffolding,small alley entrance,C015,C010,False,0.05330064129396345,0.05756823821339951,0.9424317617866005,0.2774387001991272,0.45186104218362283,0.07091340564546131,0.07047146401985112,0.3196994091073672,0.3212707968694823,0.3204841398924859,378818,10329,65633,1570,1789.5750914687264,-5.19048701820991,-5.7879584147209595,-0.13086352951738803,0.9999999981297683,1.0,True,False,0.0,0.0,0.0,0.0,0.0,0.0,0.0
F016,F036,construction scaffolding,pedestrian walk,C015,C024,False,0.06289015602833785,0.2674937965260546,0.7325062034739453,0.2774387001991272,0.45186104218362283,0.02004205612909226,0.7116625310173698,0.3196994091073672,0.6076337546110153,0.4407495346598026,378818,10329,191641,4636,5225.358586445206,-8.153077409043666,-11.760156310673372,-0.11965933585785711,1.0,1.0,True,False,0.0,0.0,0.0,0.0,0.0,0.0,0.0
F016,F037,construction scaffolding,street_corner_shops,C015,C003,False,0.06098457848894289,0.18213399503722083,0.8178660049627792,0.2803388833999634,0.7880893300248138,0.03880263819839015,0.24267990074441687,0.3196994091073672,0.6591791060160507,0.45906336239048084,378818,10329,5196,111,141.67617167082872,-2.5772274777036523,-2.6312026763475687,-0.2430423433055323,0.9971476408075788,1.0,False,False,0.0,0.0,0.0,0.0,0.0,0.0,0.0
F016,F038,construction scaffolding,red-yellow hotspot,C015,C000,False,0.06617641171773667,0.4967741935483871,0.5032258064516129,0.2803388833999634,0.7880893300248138,0.03761927286783854,0.2660049627791563,0.3196994091073672,0.5312499850988388,0.4121168600341369,378818,10329,4115,101,112.20120216040421,-1.0574647040058989,-1.0780528820785835,-0.10468128941386722,0.8709139995891313,1.0,False,False,0.0,0.0,0.0,0.0,0.0,0.0,0.0
F016,F039,construction scaffolding,red car corner,C015,C017,False,0.0609839189170821,0.18163771712158808,0.818362282878412,0.2774387001991272,0.45186104218362283,0.0650494893391927,0.07990074441687345,0.3196994091073672,0.30280448123812675,0.31113729080084884,378818,10329,1373,45,37.4367559091701,1.2361153879535405,1.2555960597244245,0.18179187092637103,0.12207468289551696,0.46434445418370224,False,False,0.22452517716674728,0.2280636019152056,0.033020260426328434,0.5585523874599001,0.08214466425730066,0.09876653968264021,0.014525305815953219
F016,F040,construction scaffolding,cobblestone,C015,C013,False,0.05652906192755058,0.08387096774193549,0.9161290322580645,0.2774387001991272,0.45186104218362283,0.02285321553548177,0.6372208436724566,0.3196994091073672,0.45202021673321724,0.3801454934550634,378818,10329,77947,2300,2125.333439804867,3.7887524465628237,4.310462137958547,0.0789625581630578,1.0235184806985874e-05,6.721215821134698e-05,True,True,0.3177663342278498,0.3615226309255556,0.006622666168514526,1.7119896290796284,0.03568010382504423,2.4142720304648466,0.05031658793119912
F016,F041,construction scaffolding,concrete_wall,C015,C011,False,0.060199605177981626,0.1513647642679901,0.8486352357320099,0.2803388833999634,0.7880893300248138,0.03697035047743055,0.27642679900744416,0.3196994091073672,0.511904776096344,0.40454376084329896,378818,10329,8967,150,244.49773506010803,-6.0434367225903465,-6.2013800845925635,-0.4872858816604442,0.9999999999886284,1.0,False,False,0.0,0.0,0.0,0.0,0.0,0.0,0.0
F016,F042,construction scaffolding,Red-yellow glow street,C015,C025,False,0.062123743048961545,0.22977667493796525,0.7702233250620347,0.2774387001991272,0.45186104218362283,0.051657782660590276,0.1325062034739454,0.3196994091073672,0.9285714626312256,0.5448520422253793,378818,10329,66510,732,1813.4877170567397,-25.39593940213226,-28.358972873055087,-0.9068195185683989,1.0,1.0,True,False,0.0,0.0,0.0,0.0,0.0,0.0,0.0
F016,F043,construction scaffolding,tree_shadows,C015,C015,True,0.039926204829858446,0.00794044665012407,0.9920595533498759,0.10455134510993958,0.005955334987593052,0.17476399739583334,0.01687344913151365,0.3196994091073672,0.7320646420121193,0.48377746276534095,378818,10329,16390,291,446.89616121726,-7.374492006247447,-7.644322618577476,-0.4284044630258558,0.9999999999999999,1.0,True,False,0.0,0.0,0.0,0.0,0.0,0.0,0.0
F016,F044,construction scaffolding,road_and_buildings,C015,C026,False,0.05747571933236844,0.09578163771712159,0.9042183622828784,0.2774387001991272,0.45186104218362283,0.06834962632921007,0.07295285359801489,0.3196994091073672,0.8246913684739007,0.513471852390228,378818,10329,21673,540,590.9445089726465,-2.0956754695121607,-2.1883637509218574,-0.09007322785999662,0.987263603409804,1.0,True,False,0.0,0.0,0.0,0.0,0.0,0.0,0.0
F016,F045,construction scaffolding,underpass glow,C015,C027,False,0.0664594187723042,0.5166253101736973,0.4833746898263027,0.2803388833999634,0.7880893300248138,0.022480010986328125,0.6491315136476427,0.3196994091073672,0.7119318172335625,0.4770787998793324,378818,10329,85507,2002,2331.4673616354025,-6.8233512457915175,-7.862330981087702,-0.15231587256174492,0.9999999999999999,1.0,True,False,0.0,0.0,0.0,0.0,0.0,0.0,0.0
F016,F046,construction scaffolding,window_heat_zone,C015,C021,False,0.05976812125162906,0.1369727047146402,0.8630272952853598,0.2803388833999634,0.7880893300248138,0.02474420720880682,0.5811414392059553,0.3196994091073672,0.739260733127594,0.486149379879447,378818,10329,39968,602,1089.7831465241884,-14.775995399838662,-15.840568791978034,-0.5931050435780402,1.0,1.0,True,False,0.0,0.0,0.0,0.0,0.0,0.0,0.0
F016,F047,construction scaffolding,underpass,C015,C008,False,0.06172060161849872,0.2119106699751861,0.788089330024814,0.2803388833999634,0.7880893300248138,0.025372823079427082,0.563771712158809,0.3196994091073672,0.3610449731349945,0.33974382197832975,378818,10329,10970,245,299.11231778848946,-3.128808532923418,-3.2193082121873,-0.19919241767711038,0.9995828255100581,1.0,True,False,0.0,0.0,0.0,0.0,0.0,0.0,0.0
F016,F048,construction scaffolding,shaded path,C015,C028,False,0.07045802513220696,0.8004962779156327,0.19950372208436729,0.27199676632881165,0.16997518610421836,0.025011335100446428,0.571712158808933,0.3196994091073672,0.6641156588281903,0.46077910511037967,378818,10329,155,1,4.226290725361519,-1.5693644672174138,-1.5915311722673593,-1.1476755849222589,0.986238235218261,1.0,False,False,0.0,0.0,0.0,0.0,0.0,0.0,0.0
F016,F049,construction scaffolding,red_wall_yellow_wall,C015,C029,False,0.06677808620402162,0.539454094292804,0.460545905707196,0.2637636065483093,0.13746898263027296,0.023219253077651516,0.6272952853598015,0.3196994091073672,1.0,0.56541967520362,378818,10329,349,12,9.51597073000755,0.8052489369911162,0.8168320569007049,0.22154775227830995,0.24742710295805323,0.8659948603531863,False,False,0.4343948359847858,0.44064339744469794,0.11951484204790219,0.11069675213227752,0.030455944109723007,0.5051288617155191,0.13897586048624505
F016,F050,construction scaffolding,greenery_and_water,C015,C030,False,0.05231873533939518,0.05161290322580645,0.9483870967741935,0.2637636065483093,0.13746898263027296,0.10431861877441406,0.0456575682382134,0.3196994091073672,0.688131312529246,0.4690364314249768,378818,10329,1487,27,40.54512457169406,-2.127226251966094,-2.1610768461311602,-0.4004860561259989,0.9909101941724816,1.0,False,False,0.0,0.0,0.0,0.0,0.0,0.0,0.0
F016,F051,construction scaffolding,zebra_crossing,C015,C020,False,0.06319470797020676,0.2833746898263027,0.7166253101736972,0.2637636065483093,0.13746898263027296,0.026017252604166666,0.5439205955334988,0.3196994091073672,0.8715151250362396,0.5278473931944905,378818,10329,19455,613,530.467652012312,3.5833955316361883,3.7303178411231563,0.14447916376219394,0.00014094011732342454,0.0008118150757829253,True,True,1.0154435973023639,1.0570776611817976,0.0409417382174753,0.4926057380958929,0.019861403653661402,1.9490826315996341,0.07858519279571442
F016,F052,construction scaffolding,palm_tree_street,C015,C026,False,0.06550192947098142,0.43970223325062036,0.5602977667493796,0.2774387001991272,0.45186104218362283,0.017855326334635418,0.7796526054590571,0.3196994091073672,0.6043684764040841,0.43956369821620334,378818,10329,90021,2177,2454.547854114641,-5.602116320274487,-6.505393224107928,-0.11996882382304189,0.9999999999797913,1.0,True,False,0.0,0.0,0.0,0.0,0.0,0.0,0.0
F016,F053,construction scaffolding,road_marking,C015,C030,False,0.05372273849582634,0.06104218362282878,0.9389578163771712,0.2637636065483093,0.13746898263027296,0.038130696614583334,0.2555831265508685,0.3196994091073672,0.5154761910438538,0.40595250176053405,378818,10329,86968,2150,2371.3035600209073,-4.544591204860477,-5.249678950148831,-0.09795028828431993,0.9999999476065812,1.0,True,False,0.0,0.0,0.0,0.0,0.0,0.0,0.0
F016,F054,construction scaffolding,highlighted_lane,C015,C023,False,0.06638490456106175,0.5121588089330025,0.4878411910669975,0.2774387001991272,0.45186104218362283,0.0428983900282118,0.19106699751861042,0.3196994091073672,0.8999999761581421,0.5364041951498912,378818,10329,245062,5322,6681.956501538998,-16.63693023836098,-28.387969428956104,-0.2275425419147137,1.0,1.0,True,False,0.0,0.0,0.0,0.0,0.0,0.0,0.0
F016,F055,construction scaffolding,small alley entrance,C015,C014,False,0.06631342930508173,0.509181141439206,0.490818858560794,0.24984999001026154,0.06873449131513648,0.019185384114583332,0.7374689826302729,0.3196994091073672,0.8571428656578064,0.5234769027105171,378818,10329,535,11,14.587519600441373,-0.9392983430397017,-0.9530439166618347,-0.2715208501715054,0.8637550385190996,1.0,False,False,0.0,0.0,0.0,0.0,0.0,0.0,0.0
F016,F056,construction scaffolding,stone_wall_street,C015,C021,False,0.06234919914364813,0.24168734491315136,0.7583126550868486,0.2803388833999634,0.7880893300248138,0.0033971998426649305,0.9781637717121588,0.3196994091073672,0.4911375728746255,0.39625293921741994,378818,10329,8534,180,232.6913874208723,-3.4542159054535717,-3.542417755311898,-0.25612874386389833,0.9998960141265443,1.0,False,False,0.0,0.0,0.0,0.0,0.0,0.0,0.0
F016,F057,construction scaffolding,streetlight illumination,C015,C027,False,0.06016587380494345,0.14937965260545905,0.850620347394541,0.2803388833999634,0.7880893300248138,0.020624796549479168,0.6928039702233251,0.3196994091073672,0.2642857193946838,0.290675056250095,378818,10329,119269,1712,3252.0352807944714,-27.005551202692107,-33.07966750270607,-0.6414804874764514,1.0,1.0,True,False,0.0,0.0,0.0,0.0,0.0,0.0,0.0
F016,F058,construction scaffolding,shaded alley,C015,C031,False,0.07128173969179445,0.8501240694789082,0.14987593052109183,0.27199676632881165,0.16997518610421836,0.01978768242730035,0.7181141439205956,0.3196994091073672,0.875,0.528901676088237,378818,10329,169922,3974,4633.159823450839,-9.68393995396669,-13.222232681756417,-0.1534480604479168,1.0,1.0,True,False,0.0,0.0,0.0,0.0,0.0,0.0,0.0
F016,F059,construction scaffolding,road_edge,C015,C024,False,0.06760008444668446,0.6074441687344914,0.39255583126550864,0.2774387001991272,0.45186104218362283,0.022181193033854168,0.6535980148883375,0.3196994091073672,0.7857142686843872,0.501190969018423,378818,10329,1891,41,51.560746849410535,-1.4707370484568296,-1.4949414314933585,-0.22671781816252626,0.9454576056965742,1.0,False,False,0.0,0.0,0.0,0.0,0.0,0.0,0.0
F016,F060,construction scaffolding,street_corner_shop,C015,C031,False,0.05808815282263199,0.10471464019851116,0.8952853598014888,0.27199676632881165,0.16997518610421836,0.05555386013454861,0.11215880893300248,0.3196994091073672,0.3880471537510554,0.3522193148593758,378818,10329,35651,668,972.074133224926,-9.75281046037196,-10.389503522410722,-0.37490990558247883,1.0,1.0,True,False,0.0,0.0,0.0,0.0,0.0,0.0,0.0
F016,F061,construction scaffolding,sunlit street,C015,C014,False,0.05900909128354881,0.12158808933002481,0.8784119106699751,0.24984999001026154,0.06873449131513648,0.035491943359375,0.2997518610421836,0.3196994091073672,0.8258823394775391,0.5138424816256235,378818,10329,9753,109,265.9291189964574,-9.623223872104441,-9.885233408926092,-0.8891836889785206,1.0,1.0,False,False,0.0,0.0,0.0,0.0,0.0,0.0,0.0
F016,F062,construction scaffolding,shaded alley,C015,C005,False,0.07039101053368277,0.7955334987593052,0.20446650124069476,0.2803388833999634,0.7880893300248138,0.004795074462890625,0.973697270471464,0.3196994091073672,0.5,0.39981208655277495,378818,10329,6655,97,181.45783727278007,-6.269776951294686,-6.413620572826414,-0.6239226188985249,0.9999999999991036,1.0,False,False,0.0,0.0,0.0,0.0,0.0,0.0,0.0
F016,F063,construction scaffolding,blue_wall_graffiti,C015,C013,False,0.05575775141843346,0.07890818858560794,0.921091811414392,0.2774387001991272,0.45186104218362283,0.059343973795572914,0.09875930521091811,0.3196994091073672,0.11488095670938492,0.19164387278929476,378818,10329,39,0,1.0633892792845112,-1.0312076799968624,-1.0456129704245292,-1.1400032600324235,1.0,1.0,False,False,0.0,0.0,0.0,0.0,0.0,0.0,0.0
F017,F018,building facade,small alley flowerbed,C011,C013,False,0.055371136599488585,0.0749379652605459,0.9250620347394541,0.2803388833999634,0.7880893300248138,0.028177261352539062,0.47890818858560796,0.43739699572324753,0.2877193056046963,0.35474999631158993,378818,30807,22621,1782,1839.6305006625873,-1.3436528937348333,-1.445691111951165,-0.03181962007271827,0.9280989814916567,1.0,True,False,0.0,0.0,0.0,0.0,0.0,0.0,0.0
F017,F019,building facade,road_and_building,C011,C016,False,0.06739527569208552,0.5925558312655087,0.4074441687344913,0.2803388833999634,0.7880893300248138,0.026682535807291668,0.5255583126550869,0.43739699572324753,0.45704154421885806,0.4471113936839927,378818,30807,13367,550,1087.058083301216,-16.289017229856153,-17.30269901958852,-0.6808632153059974,1.0,1.0,True,False,0.0,0.0,0.0,0.0,0.0,0.0,0.0
F017,F020,building facade,advertising_wall,C011,C013,False,0.0648635505942838,0.3930521091811414,0.6069478908188586,0.2803388833999634,0.7880893300248138,0.030448096139090403,0.4228287841191067,0.43739699572324753,0.6375811781202044,0.5280872009805446,378818,30807,8894,1481,723.2957726401596,28.17356123949796,29.745347060703082,0.7163010964092409,1.3579909075170022e-154,7.604749082095213e-153,True,True,11.073677668328726,11.691471400534413,0.28154365675241627,22.203283001649012,0.5645092511651982,11.912592643202116,0.30287272165790236
F017,F021,building facade,road_and_building,C011,C017,False,0.0668588477821483,0.5483870967741935,0.4516129032258065,0.2803388833999634,0.7880893300248138,0.025383419460720487,0.5622828784119107,0.43739699572324753,0.7211538553237915,0.5616320234574093,378818,30807,169116,15276,13753.191801867915,12.985044919987297,18.208564883230824,0.10500841715341772,5.593497762093096e-74,1.5447248614218741e-72,True,True,7.1208310851543235,9.985342032739483,0.05758526101961616,10.233375351334901,0.08275601312140314,7.301268433918416,0.059044435054502374
F017,F022,building facade,tree_canopy_and_road,C011,C005,False,0.06107814166650356,0.1890818858560794,0.8109181141439206,0.26061704754829407,0.10198511166253102,0.03497558169894748,0.31066997518610423,0.43739699572324753,0.5876411199569702,0.5069836885271787,378818,30807,107423,6997,8736.069460796478,-18.606251603906156,-22.93461828097661,-0.22196466000132564,1.0,1.0,True,False,0.0,0.0,0.0,0.0,0.0,0.0,0.0
F017,F023,building facade,street_corner_cafe,C011,C018,False,0.06533554382095783,0.4307692307692308,0.5692307692307692,0.2803388833999634,0.7880893300248138,0.016301631927490234,0.8124069478908189,0.43739699572324753,0.48124999552965164,0.45879984986538075,378818,30807,8214,733,667.9954437223153,2.515110370927829,2.65298958294641,0.09279801673769053,0.004638702498830329,0.02226577199438558,True,True,1.0834321597842955,1.1428262818846076,0.03997453028700516,1.9821316471629737,0.07313312683843799,2.043293140054023,0.07538975354818829
F017,F024,building facade,road_edge,C011,C018,False,0.06512135555118337,0.4129032258064516,0.5870967741935484,0.2803388833999634,0.7880893300248138,0.02383104960123698,0.6084367245657568,0.43739699572324753,0.4875000019868215,0.4617694622689042,378818,30807,9323,910,758.1837742662703,5.513545302768178,5.824520958369621,0.18240884328367798,7.931017720833795e-09,6.010876588421402e-08,True,True,2.2765606411429897,2.4049634924881014,0.07531719980745413,4.345166223720033,0.14375446309403506,3.354643444761184,0.11098423913934949
F017,F025,building facade,shaded alley,C011,C019,False,0.06784986462101084,0.6238213399503723,0.37617866004962774,0.27533864974975586,0.31042183622828784,0.04262561798095703,0.1935483870967742,0.43739699572324753,0.7079328984022141,0.5564599922139771,378818,30807,17421,1150,1416.7456324673062,-7.086819574063775,-7.56994375004279,-0.20851866202892297,0.9999999999999978,1.0,True,False,0.0,0.0,0.0,0.0,0.0,0.0,0.0
F017,F026,building facade,tree_shadows,C011,C016,False,0.0659364353139828,0.47543424317617866,0.5245657568238213,0.2803388833999634,0.7880893300248138,0.014391136169433594,0.8531017369727047,0.43739699572324753,0.7362637281417846,0.5674852797643428,378818,30807,208,17,16.915394727811243,0.020571045210057856,0.02146811268962854,0.004846311401606194,0.5278952552996453,1.0,False,False,0.009780179310786811,0.010206675909014461,0.0023041023934187266,0.016211821237504653,0.0038193263055834423,0.017549194400044394,0.004134396674620868
F017,F027,building facade,car_top_heat,C011,C020,False,0.06673015304372129,0.5369727047146402,0.4630272952853598,0.2803388833999634,0.7880893300248138,0.027878880500793457,0.48933002481389576,0.43739699572324753,0.9444444179534912,0.6427263422643016,378818,30807,94699,7989,7701.302717927871,3.2783375014436733,3.9494541001637775,0.03667375892788215,4.266022900879902e-05,0.00026381294994398414,True,True,1.760377755117645,2.120749050311269,0.01969280752355756,2.5836228051079666,0.028902198102966178,1.6041889709297577,0.0179455713661994
F017,F028,building facade,red_car_street,C011,C021,False,0.05374312519837991,0.06253101736972705,0.9374689826302729,0.26061704754829407,0.10198511166253102,0.10754235585530598,0.04218362282878412,0.43739699572324753,0.6187312696129084,0.5202222587401627,378818,30807,158116,6263,12858.627657608668,-58.16460995011281,-79.50404653747437,-0.7193147484280628,1.0,1.0,True,False,0.0,0.0,0.0,0.0,0.0,0.0,0.0
F017,F029,building facade,electric_bike_parking,C011,C022,False,0.06696744987684339,0.5563275434243177,0.44367245657568233,0.2803388833999634,0.7880893300248138,0.03079700469970703,0.4138957816377171,0.43739699572324753,0.39830395206809044,0.41739304261005494,378818,30807,125824,10633,10232.512626115971,3.9591110549145077,5.054475796015306,0.038390369014589046,2.400561017967398e-07,1.7471231091055145e-06,True,True,2.202562527324647,2.8119441028948677,0.021357619685039367,3.1201331787614084,0.030255040196112856,1.638659364664367,0.015889611790653728
F017,F030,building facade,stone_wall_and_shadows,C011,C012,False,0.06553018271964303,0.44168734491315137,0.5583126550868487,0.2803388833999634,0.7880893300248138,0.029854583740234374,0.43870967741935485,0.43739699572324753,0.38914142847061156,0.4125642879897611,378818,30807,10570,271,859.5948186200234,-20.07564651567831,-21.243833536537608,-1.1530804980053442,1.0,1.0,True,False,0.0,0.0,0.0,0.0,0.0,0.0,0.0
F017,F031,building facade,road_edge,C011,C001,False,0.07251923524245177,0.9066997518610422,0.09330024813895776,0.2803388833999634,0.7880893300248138,0.01326596736907959,0.8754342431761787,0.43739699572324753,0.5565476566553116,0.4933885618838835,378818,30807,2681,110,218.0296791599132,-7.316195103131532,-7.66030035136836,-0.6819063157490723,1.0,1.0,False,False,0.0,0.0,0.0,0.0,0.0,0.0,0.0
F017,F032,building facade,tree-lined walk,C011,C012,False,0.06773624824958349,0.6173697270471464,0.38263027295285357,0.2803388833999634,0.7880893300248138,0.01123809814453125,0.9057071960297767,0.43739699572324753,0.42500001192092896,0.4311539497633748,378818,30807,325,40,26.43030426220507,2.639483968669315,2.7550129877592786,0.4080497690904614,0.005973300627144666,0.02820181279701088,False,False,1.6295374972826937,1.7008616162642891,0.2519175745650293,2.0801491524798372,0.32157966913928177,2.390599624229032,0.36957361220351964
F017,F033,building facade,zebra_crossing,C011,C023,False,0.06449385644103617,0.36327543424317615,0.6367245657568239,0.2803388833999634,0.7880893300248138,0.03709602355957031,0.273697270471464,0.43739699572324753,1.0,0.6613599592682093,378818,30807,44394,1844,3610.298238204098,-29.39628816618327,-32.64204246204785,-0.6717206284631718,1.0,1.0,True,False,0.0,0.0,0.0,0.0,0.0,0.0,0.0
F017,F034,building facade,red_door_street,C011,C018,False,0.06899029921073868,0.7052109181141439,0.29478908188585606,0.2803388833999634,0.7880893300248138,0.03492291768391927,0.31166253101736974,0.43739699572324753,0.8333333730697632,0.6037362949306879,378818,30807,15775,1322,1282.8863068808769,1.0920304270325845,1.163829211202709,0.030021747881656066,0.12553069881068762,0.4756952797036583,True,False,0.7701117800562296,0.8207450665603224,0.021171664387014028,0.8606175276068209,0.023659819174228203,0.34034496683695437,0.009356653930362288
F017,F035,building facade,small alley entrance,C011,C010,False,0.06906427926437303,0.709181141439206,0.29081885856079404,0.2803388833999634,0.7880893300248138,0.01593072073800223,0.8198511166253102,0.43739699572324753,0.3212707968694823,0.37486381709138755,378818,30807,65633,3805,5337.538952742478,-20.976884797216844,-24.06988771733627,-0.33841095948451555,1.0,1.0,True,False,0.0,0.0,0.0,0.0,0.0,0.0,0.0
F017,F036,building facade,pedestrian walk,C011,C024,False,0.06510240127306478,0.4109181141439206,0.5890818858560793,0.2803388833999634,0.7880893300248138,0.023961884634835378,0.6049627791563276,0.43739699572324753,0.6076337546110153,0.5155358171523052,378818,30807,191641,15494,15585.015197271512,-0.7290550115911821,-1.0821005217963464,-0.005856847679491306,0.8617120335739425,1.0,True,False,0.0,0.0,0.0,0.0,0.0,0.0,0.0
F017,F037,building facade,street_corner_shops,C011,C003,False,0.06577533701337586,0.4635235732009926,0.5364764267990074,0.27533864974975586,0.31042183622828784,0.032865350896661934,0.3598014888337469,0.43739699572324753,0.6591791060160507,0.5369571310774787,378818,30807,5196,443,422.5595721428232,0.9943654136223963,1.0446320293920832,0.047184800130376535,0.1541272169932055,0.5764758245979634,True,False,0.46091180958973604,0.48421157094402273,0.021871267157206793,0.30867273757856517,0.014647192298536239,0.35777415626612274,0.016977161337232254
F017,F038,building facade,red-yellow hotspot,C011,C000,False,0.06909196908127006,0.7121588089330024,0.28784119106699757,0.27533864974975586,0.31042183622828784,0.03563284873962402,0.2977667493796526,0.43739699572324753,0.5312499850988388,0.4820447566982262,378818,30807,4115,181,334.64831396607343,-8.399114046552901,-8.810964290832668,-0.6133175084018583,1.0,1.0,False,False,0.0,0.0,0.0,0.0,0.0,0.0,0.0
F017,F039,building facade,red car corner,C011,C017,False,0.06834749924105217,0.656575682382134,0.34342431761786596,0.2803388833999634,0.7880893300248138,0.03395223617553711,0.33548387096774196,0.43739699572324753,0.30280448123812675,0.36393099673577284,378818,30807,1373,102,111.6578700061771,-0.9139799865344522,-0.9553079582010049,-0.09004463385503396,0.8425965772505455,1.0,False,False,0.0,0.0,0.0,0.0,0.0,0.0,0.0
F017,F040,building facade,cobblestone,C011,C013,False,0.06079381461004731,0.17369727047146402,0.826302729528536,0.2803388833999634,0.7880893300248138,0.030521512031555176,0.42133995037220845,0.43739699572324753,0.45202021673321724,0.4446484957865937,378818,30807,77947,4904,6338.962850234149,-18.023185577123677,-21.099634761332542,-0.2566408898997944,1.0,1.0,True,False,0.0,0.0,0.0,0.0,0.0,0.0,0.0
F017,F041,building facade,concrete_wall,C011,C011,True,0.04287714830465998,0.013399503722084368,0.9866004962779157,0.14232690632343292,0.017121588089330026,0.17806402842203775,0.01488833746898263,0.43739699572324753,0.511904776096344,0.4731866557299799,378818,30807,8967,55,729.2324255975165,-24.967591452248683,-26.36311952052212,-2.576294905920366,1.0,1.0,False,False,0.0,0.0,0.0,0.0,0.0,0.0,0.0
F017,F042,building facade,Red-yellow glow street,C011,C025,False,0.06769550464671786,0.6129032258064516,0.3870967741935484,0.2803388833999634,0.7880893300248138,0.026830593744913738,0.5205955334987593,0.43739699572324753,0.9285714626312256,0.6373024149250024,378818,30807,66510,3109,5408.860112243874,-31.27148795844084,-35.932756934941935,-0.5536688656031165,1.0,1.0,True,False,0.0,0.0,0.0,0.0,0.0,0.0,0.0
F017,F043,building facade,tree_shadows,C011,C015,False,0.06952718040008055,0.739454094292804,0.26054590570719605,0.2803388833999634,0.7880893300248138,0.009217262268066406,0.9310173697270472,0.43739699572324753,0.7320646420121193,0.5658647144780418,378818,30807,16390,1032,1332.9005749462804,-8.241839253662823,-8.791172798757447,-0.2557494565368297,1.0,1.0,True,False,0.0,0.0,0.0,0.0,0.0,0.0,0.0
F017,F044,building facade,road_and_buildings,C011,C026,False,0.07364653432117081,0.9384615384615385,0.06153846153846154,0.2803388833999634,0.7880893300248138,0.0213825437757704,0.6699751861042184,0.43739699572324753,0.8246913684739007,0.6005976414950177,378818,30807,21673,1630,1762.535336230063,-3.1569141216727017,-3.392142034168388,-0.07815023020646664,0.999708772489052,1.0,True,False,0.0,0.0,0.0,0.0,0.0,0.0,0.0
F017,F045,building facade,underpass glow,C011,C027,False,0.06380792786421,0.31563275434243176,0.6843672456575682,0.21906466782093048,0.04119106699751861,0.08284664154052734,0.05607940446650124,0.43739699572324753,0.7119318172335625,0.5580294239713103,378818,30807,85507,4684,6953.7723893795965,-27.21899420307624,-32.273156630802404,-0.3950970165819371,1.0,1.0,True,False,0.0,0.0,0.0,0.0,0.0,0.0,0.0
F017,F046,building facade,window_heat_zone,C011,C021,False,0.06616659434945427,0.49627791563275436,0.5037220843672456,0.26061704754829407,0.10198511166253102,0.03278394178910689,0.36228287841191065,0.43739699572324753,0.739260733127594,0.5686390979577249,378818,30807,39968,2022,3250.3581561594224,-21.545640276326115,-23.767812216877097,-0.4745846395856386,1.0,1.0,True,False,0.0,0.0,0.0,0.0,0.0,0.0,0.0
F017,F047,building facade,underpass,C011,C008,False,0.06898549496062378,0.7047146401985112,0.29528535980148884,0.26061704754829407,0.10198511166253102,0.030275980631510418,0.4272952853598015,0.43739699572324753,0.3610449731349945,0.39739147772722455,378818,30807,10970,636,892.1244238658142,-8.575081963098302,-9.078991891036463,-0.33818149643350254,1.0,1.0,True,False,0.0,0.0,0.0,0.0,0.0,0.0,0.0
F017,F048,building facade,shaded path,C011,C028,False,0.07813072137689732,0.9905707196029777,0.009429280397022288,0.2803388833999634,0.7880893300248138,0.007964542933872767,0.9498759305210918,0.43739699572324753,0.6641156588281903,0.5389640006384616,378818,30807,155,14,12.605222032743956,0.3928527779063568,0.40995571085408933,0.10113787019689952,0.3816940392543744,1.0,False,False,0.3891484589087286,0.40609012350608553,0.1001842128600553,0.30960308253860774,0.07970567636361113,0.3731613979715965,0.09606842856420132
F017,F049,building facade,red_wall_yellow_wall,C011,C029,False,0.07171865177179354,0.8724565756823821,0.1275434243176179,0.2803388833999634,0.7880893300248138,0.014551682905717329,0.850620347394541,0.43739699572324753,1.0,0.6613599592682093,378818,30807,349,26,28.38208057695252,-0.4471305394604622,-0.46671603818901475,-0.0860766205757839,0.7073881340813306,1.0,False,False,0.0,0.0,0.0,0.0,0.0,0.0,0.0
F017,F050,building facade,greenery_and_water,C011,C030,False,0.07072579482416942,0.8208436724565756,0.17915632754342437,0.2803388833999634,0.7880893300248138,0.008691151936848959,0.9389578163771712,0.43739699572324753,0.688131312529246,0.5486224282358381,378818,30807,1487,76,120.9288075012275,-4.085639151586987,-4.271026944267739,-0.46203740372242474,0.9999978886448374,1.0,False,False,0.0,0.0,0.0,0.0,0.0,0.0,0.0
F017,F051,building facade,zebra_crossing,C011,C020,False,0.06718669087238953,0.573697270471464,0.426302729528536,0.2803388833999634,0.7880893300248138,0.019425106048583985,0.7305210918114144,0.43739699572324753,0.8715151250362396,0.6174124208486752,378818,30807,19455,1586,1582.1586751421528,0.09657306569643738,0.1034481875528268,0.002424193379255098,0.4628219266099489,1.0,True,False,0.055403704191107496,0.05934794283427681,0.0013907531247736443,0.07610820264314767,0.0019104809361077397,0.07054866139213689,0.0017709243941754365
F017,F052,building facade,palm_tree_street,C011,C026,False,0.06902153156579657,0.7076923076923077,0.29230769230769227,0.2803388833999634,0.7880893300248138,0.013290193345811632,0.8749379652605459,0.43739699572324753,0.6043684764040841,0.5141487682461009,378818,30807,90021,8093,7320.8689845783465,9.024220126386405,10.783180864240359,0.1002639401535313,7.448588160113669e-27,9.385221081743222e-26,True,True,6.386371166365764,7.6311741500777925,0.070956019185576,7.111891593400303,0.0790169414212445,7.895632795443787,0.08772472778693581
F017,F053,building facade,road_marking,C011,C030,False,0.06725863586716961,0.5796526054590571,0.42034739454094294,0.2803388833999634,0.7880893300248138,0.0,0.9947890818858561,0.43739699572324753,0.5154761910438538,0.47483443149106663,378818,30807,86968,7995,7072.5867725398475,10.968225732579372,13.037372643053422,0.12258189730079178,3.7022826467450513e-38,5.4880895704691355e-37,True,True,6.357760623152708,7.557147020886549,0.07105491615251851,8.6439416691494,0.09660548531695153,10.911071206429455,0.12194313307168096
F017,F054,building facade,highlighted_lane,C011,C023,False,0.07152303916542435,0.8655086848635236,0.13449131513647639,0.2803388833999634,0.7880893300248138,0.030777719285753038,0.4153846153846154,0.43739699572324753,0.8999999761581421,0.6274211390466261,378818,30807,245062,17395,19929.425301859996,-17.952796496269045,-31.521655590910957,-0.13601083410986087,1.0,1.0,True,False,0.0,0.0,0.0,0.0,0.0,0.0,0.0
F017,F055,building facade,small alley entrance,C011,C014,False,0.06242536508946539,0.24714640198511167,0.7528535980148883,0.2803388833999634,0.7880893300248138,0.06349639892578125,0.08337468982630274,0.43739699572324753,0.8571428656578064,0.6123003465165928,378818,30807,535,27,43.50834701624527,-2.502749006129466,-2.6130181913076163,-0.4701933161686987,0.9978957709361194,1.0,False,False,0.0,0.0,0.0,0.0,0.0,0.0,0.0
F017,F056,building facade,stone_wall_street,C011,C021,False,0.0651407702747128,0.4143920595533499,0.5856079404466501,0.26061704754829407,0.10198511166253102,0.029677073160807293,0.4426799007444169,0.43739699572324753,0.4911375728746255,0.46348904934439256,378818,30807,8534,669,694.0191279189479,-0.9497000207241745,-1.0021956701919286,-0.03668853868382233,0.8467309648887565,1.0,True,False,0.0,0.0,0.0,0.0,0.0,0.0,0.0
F017,F057,building facade,streetlight illumination,C011,C027,False,0.06850876749029665,0.6655086848635235,0.33449131513647645,0.21906466782093048,0.04119106699751861,0.053417205810546875,0.12357320099255584,0.43739699572324753,0.2642857193946838,0.33999673480166237,378818,30807,119269,7007,9699.433720150573,-27.338320534869336,-34.45844689709997,-0.32513804845501826,1.0,1.0,True,False,0.0,0.0,0.0,0.0,0.0,0.0,0.0
F017,F058,building facade,shaded alley,C011,C031,False,0.07699585419202916,0.9826302729528535,0.017369727047146455,0.2803388833999634,0.7880893300248138,0.008844375610351562,0.9369727047146402,0.43739699572324753,0.875,0.6186455942281022,378818,30807,169922,15088,13818.738956438185,10.797339184059842,15.169987755820834,0.08787111571225004,4.91794026631172e-52,9.013243251713116e-51,True,True,10.609792349597264,14.906489209193673,0.08634481841700004,8.50926780361639,0.06925028871020003,10.116812099009916,0.08233283695520004
F017,F059,building facade,road_edge,C011,C024,False,0.0669888186369938,0.5593052109181141,0.44069478908188586,0.2803388833999634,0.7880893300248138,0.038214683532714844,0.25359801488833744,0.43739699572324753,0.7857142686843872,0.5862329405786061,378818,30807,1891,241,153.78370879947627,7.033029668021989,7.356095747306989,0.4480763006360699,4.6483587963401086e-12,4.056749494987731e-11,True,True,3.9336101418663927,4.114302683481378,0.2506114098346654,5.542655639116088,0.3531241515682774,1.7835623624611592,0.11363126035981722
F017,F060,building facade,street_corner_shop,C011,C031,False,0.07111594589084785,0.8406947890818859,0.15930521091811412,0.2803388833999634,0.7880893300248138,0.017837365468343098,0.7801488833746898,0.43739699572324753,0.3880471537510554,0.41198380945089186,378818,30807,35651,2473,2899.2823915442245,-7.91684486262351,-8.678265317453691,-0.15900154509281247,1.0,1.0,True,False,0.0,0.0,0.0,0.0,0.0,0.0,0.0
F017,F061,building facade,sunlit street,C011,C014,False,0.06021187970445753,0.1523573200992556,0.8476426799007444,0.2803388833999634,0.7880893300248138,0.00773468017578125,0.9523573200992556,0.43739699572324753,0.8258823394775391,0.6010311590162051,378818,30807,9753,988,793.1530999054955,6.918548469415234,7.313025792770846,0.21954217871521894,8.368370967085571e-13,7.599385526866896e-12,True,True,1.0540915037769116,1.1141930116033,0.03344885799780259,5.452434228005653,0.17301884853586486,6.588930279309099,0.20908260096997774
F017,F062,building facade,shaded alley,C011,C005,False,0.0730692470278668,0.9235732009925558,0.0764267990074442,0.26061704754829407,0.10198511166253102,0.03147697448730469,0.388833746898263,0.43739699572324753,0.5,0.4676521120038097,378818,30807,6655,226,541.2113072768453,-13.54934675438359,-14.262160133292625,-0.871988271211015,1.0,1.0,True,False,0.0,0.0,0.0,0.0,0.0,0.0,0.0
F017,F063,building facade,blue_wall_graffiti,C011,C013,False,0.06537807874027865,0.4337468982630273,0.5662531017369727,0.2803388833999634,0.7880893300248138,0.06250381469726562,0.08535980148883375,0.43739699572324753,0.11488095670938492,0.22416196227392687,378818,30807,39,1,3.1716365114646083,-1.2193978653243636,-1.2722897599146568,-0.8951723704977625,0.9634188788893502,1.0,False,False,0.0,0.0,0.0,0.0,0.0,0.0,0.0
F018,F019,small alley flowerbed,road_and_building,C013,C016,False,0.05425483950692856,0.06699751861042183,0.9330024813895782,0.27367761731147766,0.2682382133995037,0.038569132486979164,0.24764267990074443,0.2877193056046963,0.45704154421885806,0.36262884018669544,378818,22621,13367,703,798.2062811165256,-3.36983029959544,-3.538167252257162,-0.12692539351291826,0.9998522466698881,1.0,True,False,0.0,0.0,0.0,0.0,0.0,0.0,0.0
F018,F020,small alley flowerbed,advertising_wall,C013,C013,True,0.040655162787558125,0.009429280397022333,0.9905707196029777,0.1142597422003746,0.010173697270471464,0.09232221330915179,0.05161290322580645,0.2877193056046963,0.6375811781202044,0.42830411372688143,378818,22621,8894,291,531.1024660918964,-10.41855435197299,-10.872667636779001,-0.6008559600368357,1.0,1.0,True,False,0.0,0.0,0.0,0.0,0.0,0.0,0.0
F018,F021,small alley flowerbed,road_and_building,C013,C017,False,0.04699979547545047,0.0228287841191067,0.9771712158808933,0.2721763849258423,0.21861042183622828,0.07474305894639757,0.06600496277915632,0.2877193056046963,0.7211538553237915,0.4555105778002426,378818,22621,169116,5138,10098.709765639436,-49.36406019722619,-68.42179949164074,-0.6756959716774358,1.0,1.0,True,False,0.0,0.0,0.0,0.0,0.0,0.0,0.0
F018,F022,small alley flowerbed,tree_canopy_and_road,C013,C005,False,0.05228084340908303,0.0511166253101737,0.9488833746898263,0.2803388833999634,0.7880893300248138,0.006928620515046296,0.9602977667493796,0.2877193056046963,0.5876411199569702,0.41118815033848616,378818,22621,107423,6672,6414.731303686731,3.2121640035102055,3.9136473949494506,0.039319548185792266,4.958979009476063e-05,0.00030203328347745445,True,True,0.16419498380225864,0.20005244748376844,0.0020098826119784633,2.5314721774561817,0.03098731638661941,3.0846339190035965,0.03775847431241093
F018,F023,small alley flowerbed,street_corner_cafe,C013,C018,False,0.04807258501601097,0.029280397022332507,0.9707196029776675,0.2721763849258423,0.21861042183622828,0.0238339106241862,0.6074441687344914,0.2877193056046963,0.48124999552965164,0.37210874020379386,378818,22621,8214,428,490.496475880238,-2.821873771068869,-2.9421677895880722,-0.13614621229760432,0.9987381436815504,1.0,True,False,0.0,0.0,0.0,0.0,0.0,0.0,0.0
F018,F024,small alley flowerbed,road_edge,C013,C018,False,0.048532256047207456,0.03225806451612903,0.967741935483871,0.2721763849258423,0.21861042183622828,0.017986721462673612,0.7766749379652605,0.2877193056046963,0.4875000019868215,0.3745172386605673,378818,22621,9323,339,556.7200687401338,-9.227414381803406,-9.635198055687091,-0.4954863113798599,1.0,1.0,True,False,0.0,0.0,0.0,0.0,0.0,0.0,0.0
F018,F025,small alley flowerbed,shaded alley,C013,C019,False,0.05165120089884713,0.04813895781637717,0.9518610421836229,0.2803388833999634,0.7880893300248138,0.03777147928873698,0.26153846153846155,0.2877193056046963,0.7079328984022141,0.45131581175824653,378818,22621,17421,953,1040.2896404077949,-2.7063600101654015,-2.8574471127362795,-0.087595548618465,0.9981741176731237,1.0,True,False,0.0,0.0,0.0,0.0,0.0,0.0,0.0
F018,F026,small alley flowerbed,tree_shadows,C013,C016,False,0.05361246932565409,0.058560794044665014,0.941439205955335,0.27367761731147766,0.2682382133995037,0.0081512451171875,0.9464019851116625,0.2877193056046963,0.7362637281417846,0.4602578501262951,378818,22621,208,16,12.420655829448442,1.0156198861420824,1.04765927111112,0.24453312304714156,0.18112751070651434,0.6572059848163754,False,False,0.05947550698003262,0.061351758804522157,0.014320053855862384,0.27242806375175954,0.06559312804316626,0.9611846763637475,0.23142663307736921
F018,F027,small alley flowerbed,car_top_heat,C013,C020,False,0.04970731272815188,0.03722084367245657,0.9627791563275434,0.2774387001991272,0.45186104218362283,0.048410892486572266,0.14739454094292803,0.2877193056046963,0.9444444179534912,0.5212819698740885,378818,22621,94699,3096,5654.9215691968175,-34.0285686802411,-40.520840796737566,-0.602342213438952,1.0,1.0,True,False,0.0,0.0,0.0,0.0,0.0,0.0,0.0
F018,F028,small alley flowerbed,red_car_street,C013,C021,False,0.04829096008417828,0.030272952853598014,0.969727047146402,0.2803388833999634,0.7880893300248138,0.029276423984103732,0.45161290322580644,0.2877193056046963,0.6187312696129084,0.42192526737437536,378818,22621,158116,6583,9441.848159274374,-29.42134912108143,-39.7506609336232,-0.36063817609691395,1.0,1.0,True,False,0.0,0.0,0.0,0.0,0.0,0.0,0.0
F018,F029,small alley flowerbed,electric_bike_parking,C013,C022,False,0.05799375145238713,0.1022332506203474,0.8977667493796526,0.18481694161891937,0.026799007444168736,0.04391161600748698,0.17866004962779156,0.2877193056046963,0.39830395206809044,0.3385258284217575,378818,22621,125824,3005,7513.541341752504,-52.01321707185704,-65.63621218759633,-0.9163295056028974,1.0,1.0,True,False,0.0,0.0,0.0,0.0,0.0,0.0,0.0
F018,F030,small alley flowerbed,stone_wall_and_shadows,C013,C012,False,0.04920153598682752,0.034739454094292806,0.9652605459057072,0.2774387001991272,0.45186104218362283,0.02685724894205729,0.5200992555831265,0.2877193056046963,0.38914142847061156,0.3346094762280111,378818,22621,10570,670,631.1842890253367,1.5450034562605057,1.6160104388531806,0.05963397606931831,0.05630324586111935,0.23259701568855864,True,False,0.05367257664428556,0.05613932045643804,0.002071651774120239,0.6981268719231715,0.026946270576235398,0.8035551474744466,0.031015586561114437
F018,F031,small alley flowerbed,road_edge,C013,C001,False,0.049056821012201546,0.0337468982630273,0.9662531017369727,0.2591095566749573,0.08610421836228288,0.048415184020996094,0.14689826302729528,0.2877193056046963,0.5565476566553116,0.4001618488921541,378818,22621,2681,80,160.0950878786119,-6.330191942447827,-6.551319131332266,-0.6906290305594334,0.9999999999997906,1.0,False,False,0.0,0.0,0.0,0.0,0.0,0.0,0.0
F018,F032,small alley flowerbed,tree-lined walk,C013,C012,False,0.05031810779518286,0.03870967741935484,0.9612903225806452,0.2774387001991272,0.45186104218362283,0.05424626668294271,0.11811414392059554,0.2877193056046963,0.42500001192092896,0.3496865858334822,378818,22621,325,24,19.40727473351319,1.04252910923901,1.0755835935328364,0.20758788812450552,0.16784627304282196,0.6163535272392151,False,False,0.04035596551892943,0.04163549394320657,0.00803566018546473,0.47107828980750305,0.09380087947263636,0.12313743325006671,0.024519065694110328
F018,F033,small alley flowerbed,zebra_crossing,C013,C023,False,0.055809975778573724,0.0794044665012407,0.9205955334987593,0.2721763849258423,0.21861042183622828,0.03387324015299479,0.3359801488833747,0.2877193056046963,1.0,0.53639472928497,378818,22621,44394,2674,2650.9740139064143,0.4472141154267091,0.49085327064520284,0.00864672996772955,0.3148903660609731,1.0,True,False,0.03551079824728211,0.038975942085971445,0.0006865889800678551,0.09776566642454856,0.0018902652857493134,0.15025506508381242,0.002905129621912112
F018,F034,small alley flowerbed,red_door_street,C013,C018,False,0.05219660344238783,0.050620347394540945,0.9493796526054591,0.2721763849258423,0.21861042183622828,0.05734803941514757,0.10521091811414392,0.2877193056046963,0.8333333730697632,0.4896591666014755,378818,22621,15775,1155,941.9992582189864,6.939941913576002,7.310746192577566,0.20375329742813747,7.552960191923283e-13,6.889940156976171e-12,True,True,0.35130227056315244,0.37007251198159397,0.010314062698595545,1.517143629245771,0.04454259430128762,0.7301576603861599,0.02143707149119858
F018,F035,small alley flowerbed,small alley entrance,C013,C010,False,0.04761012342250881,0.025806451612903226,0.9741935483870968,0.23827536404132843,0.05235732009925558,0.04813494001116071,0.15037220843672455,0.2877193056046963,0.3212707968694823,0.3040325814552692,378818,22621,65633,2910,3919.2543464143732,-16.121257098770624,-18.284510253428557,-0.2977040973780491,1.0,1.0,True,False,0.0,0.0,0.0,0.0,0.0,0.0,0.0
F018,F036,small alley flowerbed,pedestrian walk,C013,C024,False,0.05105748619554947,0.04168734491315137,0.9583126550868486,0.2721763849258423,0.21861042183622828,0.025438217889694942,0.5612903225806452,0.2877193056046963,0.6076337546110153,0.4181243378932345,378818,22621,191641,12057,11443.78319140062,5.732304340210685,8.40984330098566,0.05219655223863004,2.11106727679961e-17,2.2282259843078607e-16,True,True,0.2389645481775174,0.3505840383537447,0.0021759356764490937,1.2531414699071,0.011410710303283639,3.2174869522472873,0.02929741964361815
F018,F037,small alley flowerbed,street_corner_shops,C013,C003,False,0.04851924752192952,0.03176178660049628,0.9682382133995038,0.2803388833999634,0.7880893300248138,0.044805353338068184,0.17121588089330025,0.2877193056046963,0.6591791060160507,0.4354980535571457,378818,22621,5196,374,310.27753697026014,3.617573689117389,3.7565231610506022,0.18651446194619895,0.000143148821036941,0.0008200978230800018,True,True,0.11490060352531657,0.11931388700111094,0.005924032538241555,2.8509712249719175,0.14699005735511855,0.6193860658786597,0.031934237901458384
F018,F038,small alley flowerbed,red-yellow hotspot,C013,C000,False,0.060345892063967344,0.15533498759305212,0.8446650124069479,0.2803388833999634,0.7880893300248138,0.032222747802734375,0.373697270471464,0.2877193056046963,0.5312499850988388,0.3909614774055663,378818,22621,4115,107,245.72595547202087,-8.849774578166535,-9.17642518771376,-0.8287587849639021,1.0,1.0,False,False,0.0,0.0,0.0,0.0,0.0,0.0,0.0
F018,F039,small alley flowerbed,red car corner,C013,C017,False,0.05514269848999993,0.07295285359801489,0.9270471464019852,0.2721763849258423,0.21861042183622828,0.016489664713541668,0.8089330024813896,0.2877193056046963,0.30280448123812675,0.295165538428564,378818,22621,1373,30,81.98827141265727,-5.741554776524765,-5.931814743484328,-0.9949294349258478,0.999999999995722,1.0,False,False,0.0,0.0,0.0,0.0,0.0,0.0,0.0
F018,F040,small alley flowerbed,cobblestone,C013,C013,True,0.03870362529685441,0.005459057071960298,0.9945409429280397,0.134534552693367,0.015384615384615385,0.07666707038879395,0.06352357320099256,0.2877193056046963,0.45202021673321724,0.3606313115603879,378818,22621,77947,4855,4654.581057394316,2.9376392867123817,3.399329066760195,0.042152759500771034,0.00036800444796915386,0.002010560886465621,True,True,0.016036740522995634,0.01855713138181744,0.00023011431985532575,0.04519445056480587,0.0006485039923195544,0.18660934426758555,0.0026776939037710633
F018,F041,small alley flowerbed,concrete_wall,C013,C011,False,0.058027579647465466,0.1032258064516129,0.896774193548387,0.2803388833999634,0.7880893300248138,0.030780368381076388,0.4148883374689826,0.2877193056046963,0.511904776096344,0.3837771315674862,378818,22621,8967,427,535.4616385705009,-4.687183755690755,-4.8919666332563505,-0.22610830030158943,0.9999998064305606,1.0,True,False,0.0,0.0,0.0,0.0,0.0,0.0,0.0
F018,F042,small alley flowerbed,Red-yellow glow street,C013,C025,False,0.05366146168985632,0.060049627791563275,0.9399503722084367,0.27367761731147766,0.2682382133995037,0.036667717827690974,0.28287841191067,0.2877193056046963,0.9285714626312256,0.5168829039856062,378818,22621,66510,3032,3971.624130849115,-14.909740720739599,-16.934151527443845,-0.2699136353311277,1.0,1.0,True,False,0.0,0.0,0.0,0.0,0.0,0.0,0.0
F018,F043,small alley flowerbed,tree_shadows,C013,C015,False,0.0545731943095072,0.0684863523573201,0.9315136476426799,0.2774387001991272,0.45186104218362283,0.020232518513997395,0.7066997518610422,0.2877193056046963,0.7320646420121193,0.45894349375220206,378818,22621,16390,929,978.7237934839421,-1.5894035577554315,-1.6757460891834957,-0.05211340320243413,0.9555537007678164,1.0,True,False,0.0,0.0,0.0,0.0,0.0,0.0,0.0
F018,F044,small alley flowerbed,road_and_buildings,C013,C026,False,0.058569900608710576,0.11612903225806452,0.8838709677419355,0.27367761731147766,0.2682382133995037,0.015053077980324073,0.8392059553349875,0.2877193056046963,0.8246913684739007,0.4871135677390822,378818,22621,21673,1437,1294.196508613635,3.9695265737362098,4.216007078595801,0.10462918228649966,1.734244117238045e-05,0.00011134510001120698,True,True,0.46097727953065665,0.48960082203048017,0.012150485684883831,1.0647787161808542,0.028065544925981668,3.3312503405399156,0.0878054328766605
F018,F045,small alley flowerbed,underpass glow,C013,C027,False,0.04712044007117218,0.02382133995037221,0.9761786600496278,0.2803388833999634,0.7880893300248138,0.035967508951822914,0.29280397022332505,0.2877193056046963,0.7119318172335625,0.4525886963815271,378818,22621,85507,3997,5106.024125041577,-15.520280369974179,-18.189480352581707,-0.24484979667792617,1.0,1.0,True,False,0.0,0.0,0.0,0.0,0.0,0.0,0.0
F018,F046,small alley flowerbed,window_heat_zone,C013,C021,False,0.049449163675666374,0.036228287841191066,0.963771712158809,0.2803388833999634,0.7880893300248138,0.03128040198123816,0.3990074441687345,0.2877193056046963,0.739260733127594,0.4611936521639148,378818,22621,39968,2042,2386.676789381708,-7.055295920592034,-7.69301171978759,-0.15593686028134512,0.9999999999999992,1.0,True,False,0.0,0.0,0.0,0.0,0.0,0.0,0.0
F018,F047,small alley flowerbed,underpass,C013,C008,False,0.055662095156210824,0.07692307692307693,0.9230769230769231,0.2803388833999634,0.7880893300248138,0.02617645263671875,0.5404466501240694,0.2877193056046963,0.3610449731349945,0.3223035975015899,378818,22621,10970,530,655.0701656204299,-4.8866340262862265,-5.113997602618927,-0.21168538079485116,0.9999999392658654,1.0,True,False,0.0,0.0,0.0,0.0,0.0,0.0,0.0
F018,F048,small alley flowerbed,shaded path,C013,C028,False,0.05990376588783365,0.13995037220843673,0.8600496277915632,0.2774387001991272,0.45186104218362283,0.03871372767857143,0.24516129032258063,0.2877193056046963,0.6641156588281903,0.43712572127392857,378818,22621,155,9,9.2557771805986,-0.08407276878356128,-0.08671891183702762,-0.02656784226932402,0.5825307815845189,1.0,False,False,0.0,0.0,0.0,0.0,0.0,0.0,0.0
F018,F049,small alley flowerbed,red_wall_yellow_wall,C013,C029,False,0.06048048930006151,0.15930521091811414,0.8406947890818859,0.2774387001991272,0.45186104218362283,0.01831378358783144,0.7647642679900745,0.2877193056046963,1.0,0.53639472928497,378818,22621,349,13,20.84042732921878,-1.7174591808043738,-1.7719692150422681,-0.4579135850281105,0.9768156651065475,1.0,False,False,0.0,0.0,0.0,0.0,0.0,0.0,0.0
F018,F050,small alley flowerbed,greenery_and_water,C013,C030,False,0.05620423377551712,0.08089330024813896,0.9191066997518611,0.2774387001991272,0.45186104218362283,0.025978936089409724,0.545409429280397,0.2877193056046963,0.688131312529246,0.4449591704929373,378818,22621,1487,97,88.79574624225882,0.8706487963093575,0.899635667892651,0.0878985257210922,0.1977888522795584,0.713313642568139,False,False,0.07042965449053364,0.07277449819677524,0.007110401832525076,0.39341227247626304,0.039717919438736704,0.47486006309875134,0.0479406847481292
F018,F051,small alley flowerbed,zebra_crossing,C013,C020,False,0.046663260023898555,0.020843672456575684,0.9791563275434243,0.2774387001991272,0.45186104218362283,0.0468902587890625,0.1598014888337469,0.2877193056046963,0.8715151250362396,0.5007511623545341,378818,22621,19455,1527,1161.7493228938436,10.716052081990734,11.346268081943267,0.2732752130574213,8.012022961157177e-28,1.0353998903649275e-26,True,True,0.22336187962462076,0.23649789550452469,0.005696059031469824,4.842166461862314,0.12348242257507797,1.7124410771220924,0.04366978590793531
F018,F052,small alley flowerbed,palm_tree_street,C013,C026,False,0.05306270154904191,0.05459057071960298,0.9454094292803971,0.27367761731147766,0.2682382133995037,0.04703041359230324,0.15930521091811414,0.2877193056046963,0.6043684764040841,0.41699937453232633,378818,22621,90021,6256,5375.576242417203,12.008236708517538,14.18299031711071,0.1516621382054403,1.6546991577157287e-44,2.6902205660926684e-43,True,True,0.6555364952540592,0.7742575359216765,0.00827932268119029,3.2210679607710815,0.04068158099257592,1.9129746816050273,0.024160568915109846
F018,F053,small alley flowerbed,road_marking,C013,C030,False,0.047157671398776774,0.024317617866004962,0.975682382133995,0.2774387001991272,0.45186104218362283,0.013427734375,0.8704714640198511,0.2877193056046963,0.5154761910438538,0.38511355694508,378818,22621,86968,4256,5193.267289305154,-13.005981219934718,-15.280873435898581,-0.19901208214152422,1.0,1.0,True,False,0.0,0.0,0.0,0.0,0.0,0.0,0.0
F018,F054,small alley flowerbed,highlighted_lane,C013,C023,False,0.055412724558391045,0.07543424317617867,0.9245657568238214,0.2721763849258423,0.21861042183622828,0.029180456090856483,0.45359801488833745,0.2877193056046963,0.8999999761581421,0.5088687140947691,378818,22621,245062,15227,14633.801725366799,4.903670677177942,8.510391997119497,0.03973479737296904,6.152254320242495e-18,6.527865636636247e-17,True,True,0.3699046863181376,0.6419749794353169,0.0029973643675887318,1.0719935152838131,0.008686440815281818,2.224295284834064,0.01802362521036908
F018,F055,small alley flowerbed,small alley entrance,C013,C014,False,0.051059914433445756,0.042679900744416875,0.9573200992555831,0.2774387001991272,0.45186104218362283,0.0611572265625,0.08982630272952853,0.2877193056046963,0.8571428656578064,0.4966050242507455,378818,22621,535,11,31.947359945937098,-3.7060545540524794,-3.8246200779551955,-1.0372720468729453,0.9999964396152776,1.0,False,False,0.0,0.0,0.0,0.0,0.0,0.0,0.0
F018,F056,small alley flowerbed,stone_wall_street,C013,C021,False,0.04801886341392087,0.028784119106699754,0.9712158808933002,0.2803388833999634,0.7880893300248138,0.037975311279296875,0.25905707196029776,0.2877193056046963,0.4911375728746255,0.37591190646727746,378818,22621,8534,110,509.60517715631255,-17.70166797129844,-18.464247891303625,-1.5296014132163986,1.0,1.0,False,False,0.0,0.0,0.0,0.0,0.0,0.0,0.0
F018,F057,small alley flowerbed,streetlight illumination,C013,C027,False,0.05126625132310354,0.04516129032258064,0.9548387096774194,0.2803388833999634,0.7880893300248138,0.021581013997395832,0.6665012406947891,0.2877193056046963,0.2642857193946838,0.2757537010911658,378818,22621,119269,8624,7122.111539050415,17.796446575104376,22.172186355347772,0.1913325428569,7.301047939552334e-106,2.62837725823884e-104,True,True,0.8037104904885847,1.001324545080222,0.008640824516118063,14.025189658196402,0.1507871355120383,11.861353722265598,0.12752337719941276
F018,F058,small alley flowerbed,shaded alley,C013,C031,False,0.06053760605634589,0.1617866004962779,0.8382133995037221,0.2774387001991272,0.45186104218362283,0.03957706027560764,0.2292803970223325,0.2877193056046963,0.875,0.5017513252639292,378818,22621,169922,10663,10146.839806978549,5.124117809270533,7.116049313123139,0.049615111901180516,6.236427157260344e-13,5.7409302050396584e-12,True,True,0.8290136009043145,1.1512814273340661,0.008027060287734415,2.3153892135686456,0.022419136171724495,1.1748597656987525,0.011375772555010122
F018,F059,small alley flowerbed,road_edge,C013,C024,False,0.0621256426173498,0.23027295285359803,0.7697270471464019,0.2721763849258423,0.21861042183622828,0.010793050130208334,0.9109181141439205,0.2877193056046963,0.7857142686843872,0.4754631045513139,378818,22621,1891,54,112.9204816033029,-5.544723923673064,-5.732396314779517,-0.732901287101487,0.9999999999172527,1.0,False,False,0.0,0.0,0.0,0.0,0.0,0.0,0.0
F018,F060,small alley flowerbed,street_corner_shop,C013,C031,False,0.05136167148748796,0.04665012406947891,0.9533498759305211,0.2774387001991272,0.45186104218362283,0.04796240064832899,0.15086848635235733,0.2877193056046963,0.3880471537510554,0.3341386802199537,378818,22621,35651,2326,2128.8884662291653,4.272042678851319,4.6287926709336205,0.08853015886050955,2.527940807512298e-06,1.73344512515129e-05,True,True,0.1992913209985231,0.21593375239094806,0.004129942894733448,1.930369657118673,0.040003329847391536,0.6445166125909683,0.013356411063818812
F018,F061,small alley flowerbed,sunlit street,C013,C014,False,0.045188787980000554,0.01687344913151365,0.9831265508684863,0.2774387001991272,0.45186104218362283,0.023261515299479167,0.6253101736972705,0.2877193056046963,0.8258823394775391,0.4874651712949958,378818,22621,9753,332,582.397386079859,-10.375763936612277,-10.840605909707806,-0.5613713006083626,1.0,1.0,True,False,0.0,0.0,0.0,0.0,0.0,0.0,0.0
F018,F062,small alley flowerbed,shaded alley,C013,C005,False,0.058559259588291813,0.11563275434243177,0.8843672456575682,0.2803388833999634,0.7880893300248138,0.01978302001953125,0.7203473945409429,0.2877193056046963,0.5,0.3792883504701247,378818,22621,6655,300,397.40127185086243,-4.885961061048589,-5.083564163708649,-0.28075615986081187,0.99999994764636,1.0,True,False,0.0,0.0,0.0,0.0,0.0,0.0,0.0
F018,F063,small alley flowerbed,blue_wall_graffiti,C013,C013,True,0.053225252868015424,0.05607940446650124,0.9439205955334987,0.09218884259462357,0.001488833746898263,0.050351460774739586,0.13796526054590572,0.2877193056046963,0.11488095670938492,0.1818061305116728,378818,22621,39,2,2.328872968021583,-0.21550397133576013,-0.22225279751180027,-0.12358765594524249,0.6850209118743215,1.0,False,False,0.0,0.0,0.0,0.0,0.0,0.0,0.0
F019,F020,road_and_building,advertising_wall,C016,C013,False,0.06723807678567198,0.5786600496277916,0.4213399503722084,0.27367761731147766,0.2682382133995037,0.024323962983630952,0.5915632754342431,0.45704154421885806,0.6375811781202044,0.539815789147499,378818,13367,8894,230,313.8343426130754,-4.732294131836622,-4.875632149734018,-0.31020634238163003,0.9999998550306581,1.0,True,False,0.0,0.0,0.0,0.0,0.0,0.0,0.0
F019,F021,road_and_building,road_and_building,C016,C017,False,0.06819103956129983,0.6476426799007444,0.3523573200992556,0.27367761731147766,0.2682382133995037,0.027045921043113427,0.5126550868486353,0.45704154421885806,0.7211538553237915,0.5741056276126969,378818,13367,169116,5248,5967.4396992751135,-9.313231090199528,-12.744257837001848,-0.1284594373478369,1.0,1.0,True,False,0.0,0.0,0.0,0.0,0.0,0.0,0.0
F019,F022,road_and_building,tree_canopy_and_road,C016,C005,False,0.06999216466948277,0.7712158808933003,0.2287841191066997,0.2803388833999634,0.7880893300248138,0.007193530047381365,0.9588089330024814,0.45704154421885806,0.5876411199569702,0.5182435768165707,378818,13367,107423,2363,3790.535932822622,-23.186582375676494,-27.890177293355812,-0.47249574369304886,1.0,1.0,True,False,0.0,0.0,0.0,0.0,0.0,0.0,0.0
F019,F023,road_and_building,street_corner_cafe,C016,C018,False,0.07131470221719552,0.852605459057072,0.14739454094292803,0.27367761731147766,0.2682382133995037,0.0160369873046875,0.8173697270471464,0.45704154421885806,0.48124999552965164,0.46898959595303447,378818,13367,8214,259,289.83981225812926,-1.811476505527347,-1.8646319042176787,-0.11229530079948374,0.9725359845668466,1.0,True,False,0.0,0.0,0.0,0.0,0.0,0.0,0.0
F019,F024,road_and_building,road_edge,C016,C018,False,0.06322711969543476,0.2853598014888337,0.7146401985111663,0.27367761731147766,0.2682382133995037,0.05135409037272135,0.1349875930521092,0.45704154421885806,0.4875000019868215,0.4720251621627318,378818,13367,9323,263,328.9720683811223,-3.6373122708987298,-3.749658888095654,-0.22343821265971187,0.9999519764983329,1.0,True,False,0.0,0.0,0.0,0.0,0.0,0.0,0.0
F019,F025,road_and_building,shaded alley,C016,C019,False,0.06875053328475939,0.6843672456575682,0.31563275434243176,0.2803388833999634,0.7880893300248138,0.0284210205078125,0.47196029776674936,0.45704154421885806,0.7079328984022141,0.5688187277939079,378818,13367,17421,607,614.7186960492902,-0.3113190728734741,-0.32451061926898594,-0.012625632712113751,0.6331891515971364,1.0,True,False,0.0,0.0,0.0,0.0,0.0,0.0,0.0
F019,F026,road_and_building,tree_shadows,C016,C016,True,0.04057386677490993,0.008436724565756825,0.9915632754342432,0.09476013481616974,0.0034739454094292804,0.23790639241536457,0.0019851116625310174,0.45704154421885806,0.7362637281417846,0.5800888822087997,378818,13367,208,0,7.339503402689418,-2.709151786572583,-2.759006693737695,-2.752322671422408,1.0,1.0,False,False,0.0,0.0,0.0,0.0,0.0,0.0,0.0
F019,F027,road_and_building,car_top_heat,C016,C020,False,0.06995759263549826,0.7702233250620347,0.22977667493796528,0.2774387001991272,0.45186104218362283,0.02383263905843099,0.607940446650124,0.45704154421885806,0.9444444179534912,0.6570010161410287,378818,13367,94699,2672,3341.5559265927172,-11.582771570045658,-13.616886235346595,-0.2235718005843169,1.0,1.0,True,False,0.0,0.0,0.0,0.0,0.0,0.0,0.0
F019,F028,road_and_building,red_car_street,C016,C021,False,0.06659125610441782,0.5255583126550869,0.4744416873449131,0.2803388833999634,0.7880893300248138,0.025481330023871526,0.5598014888337469,0.45704154421885806,0.6187312696129084,0.5317761699440642,378818,13367,158116,6460,5579.292884709808,11.790763406846525,15.727302744404401,0.1465550559113057,2.2891356954351637e-55,4.395140535235514e-54,True,True,6.196733721017603,8.265614692964894,0.07702322789581774,9.292174833782768,0.11549847582489003,6.600486909639146,0.08204173849526195
F019,F029,road_and_building,electric_bike_parking,C016,C022,False,0.07283113340788323,0.9161290322580645,0.08387096774193548,0.27367761731147766,0.2682382133995037,0.01978270212809245,0.721091811414392,0.45704154421885806,0.39830395206809044,0.42666316143027166,378818,13367,125824,3366,4439.834981442275,-16.115884016364586,-20.07772394638067,-0.27685619086579094,1.0,1.0,True,False,0.0,0.0,0.0,0.0,0.0,0.0,0.0
F019,F030,road_and_building,stone_wall_and_shadows,C016,C012,False,0.06662126102159008,0.5280397022332506,0.4719602977667494,0.2774387001991272,0.45186104218362283,0.036214192708333336,0.2893300248138958,0.45704154421885806,0.38914142847061156,0.42172716225984375,378818,13367,10570,518,372.9738027232074,7.509435566640215,7.754477732004515,0.3280921655212712,1.1388628443221585e-13,1.0678825554202195e-12,True,True,3.9652801205484804,4.094672112582036,0.1732456893869144,3.3932213813528116,0.14825206784472328,2.172705178834365,0.0949269143915142
F019,F031,road_and_building,road_edge,C016,C001,False,0.07038616177195334,0.7935483870967742,0.20645161290322578,0.27367761731147766,0.2682382133995037,0.02503061294555664,0.5712158808933002,0.45704154421885806,0.5565476566553116,0.5043465082947739,378818,13367,2681,71,94.60196453178044,-2.426599343658223,-2.4793652155006365,-0.28525217717514206,0.9957397461621137,1.0,False,False,0.0,0.0,0.0,0.0,0.0,0.0,0.0
F019,F032,road_and_building,tree-lined walk,C016,C012,False,0.06695968882845073,0.5558312655086849,0.4441687344913151,0.2774387001991272,0.45186104218362283,0.03867340087890625,0.2456575682382134,0.45704154421885806,0.42500001192092896,0.4407296923754678,378818,13367,325,2,11.467974066702215,-2.7958489778619278,-2.8477393673107265,-1.5659435224691058,0.9998908959775212,1.0,False,False,0.0,0.0,0.0,0.0,0.0,0.0,0.0
F019,F033,road_and_building,zebra_crossing,C016,C023,False,0.06016947325278131,0.1498759305210918,0.8501240694789082,0.27367761731147766,0.2682382133995037,0.11720021565755208,0.0337468982630273,0.45704154421885806,1.0,0.6760484777135868,378818,13367,44394,1747,1566.4899714374712,4.560763218013388,4.942017321587243,0.10902963162087846,5.977059723454068e-07,4.288168114762776e-06,True,True,0.6835486311861256,0.7406894447242418,0.016340917493551013,1.2233709773380825,0.029245913593590474,0.15391161232005482,0.0036794118859651294
F019,F034,road_and_building,red_door_street,C016,C018,False,0.07136174160265267,0.8560794044665012,0.14392059553349879,0.27367761731147766,0.2682382133995037,0.023184458414713543,0.6287841191066997,0.45704154421885806,0.8333333730697632,0.6171450167318168,378818,13367,15775,464,556.6378181606999,-3.9264671040795713,-4.0835547801534755,-0.18185108044068224,0.9999873951062854,1.0,True,False,0.0,0.0,0.0,0.0,0.0,0.0,0.0
F019,F035,road_and_building,small alley entrance,C016,C010,False,0.06471111361940486,0.38411910669975186,0.6158808933002482,0.27367761731147766,0.2682382133995037,0.05430003574916294,0.11761786600496278,0.45704154421885806,0.3212707968694823,0.3831893802203439,378818,13367,65633,2468,2315.930898214974,3.159935240162979,3.538287856438189,0.06358308354185117,0.00023215851776904253,0.0012964863485384758,True,True,1.2137915016804695,1.3591239706616172,0.024423477251311568,0.8476153832794492,0.01705541273169755,0.37166483966184916,0.0074785066002078055
F019,F036,road_and_building,pedestrian walk,C016,C024,False,0.06936809603126318,0.7285359801488833,0.2714640198511167,0.27367761731147766,0.2682382133995037,0.02132688249860491,0.6709677419354839,0.45704154421885806,0.6076337546110153,0.5269856445169272,378818,13367,191641,5902,6762.258517282706,-10.461238330363813,-15.152081986395045,-0.13605488152838124,1.0,1.0,True,False,0.0,0.0,0.0,0.0,0.0,0.0,0.0
F019,F037,road_and_building,street_corner_shops,C016,C003,False,0.06776653856378097,0.6203473945409429,0.3796526054590571,0.2803388833999634,0.7880893300248138,0.03521034934303977,0.3062034739454094,0.45704154421885806,0.6591791060160507,0.5488827165528007,378818,13367,5196,117,183.34644077102988,-4.899834235432085,-5.023201777136502,-0.4476625145578301,0.9999999662553911,1.0,False,False,0.0,0.0,0.0,0.0,0.0,0.0,0.0
F019,F038,road_and_building,red-yellow hotspot,C016,C000,False,0.07643895838532996,0.9771712158808933,0.022828784119106715,0.2803388833999634,0.7880893300248138,0.012737909952799479,0.884863523573201,0.45704154421885806,0.5312499850988388,0.4927507621057715,378818,13367,4115,166,145.20219472147573,1.7259607586352337,1.766862643476125,0.13343053304194713,0.04449278890918427,0.18664995472773618,False,False,1.6865591730783003,1.7265273176200944,0.13038447620823518,1.3602112579219607,0.1051551793898819,1.527239718435048,0.11806781161974776
F019,F039,road_and_building,red car corner,C016,C017,False,0.07119516380583266,0.8436724565756824,0.15632754342431765,0.27367761731147766,0.2682382133995037,0.050664265950520836,0.13647642679900746,0.45704154421885806,0.30280448123812675,0.37201374665657677,378818,13367,1373,34,48.447779672560436,-2.0756980190271497,-2.117155654858752,-0.34979468482077625,0.9890327793609968,1.0,False,False,0.0,0.0,0.0,0.0,0.0,0.0,0.0
F019,F040,road_and_building,cobblestone,C016,C013,False,0.06608604561099304,0.49230769230769234,0.5076923076923077,0.27367761731147766,0.2682382133995037,0.013116200764973959,0.8779156327543425,0.45704154421885806,0.45202021673321724,0.45452394642514987,378818,13367,77947,2713,2750.443614083808,-0.7139641207435166,-0.8156459405482044,-0.013704670694812782,0.7955724629926841,1.0,True,False,0.0,0.0,0.0,0.0,0.0,0.0,0.0
F019,F041,road_and_building,concrete_wall,C016,C011,False,0.0695694424934682,0.7424317617866005,0.25756823821339947,0.2803388833999634,0.7880893300248138,0.012390984429253472,0.8878411910669975,0.45704154421885806,0.511904776096344,0.4836959265489858,378818,13367,8967,576,316.41022601882696,14.593596184167279,15.037110201223902,0.5983568046189308,3.664189446404355e-42,5.682312249193214e-41,True,True,10.834749325813524,11.164028218873925,0.44423909663023353,11.50105743943307,0.47155861326792164,12.956795818101867,0.5312458180959143
F019,F042,road_and_building,Red-yellow glow street,C016,C025,False,0.07204248548084465,0.8838709677419355,0.11612903225806448,0.20008252561092377,0.0315136476426799,0.029774771796332464,0.4411910669975186,0.45704154421885806,0.9285714626312256,0.651456625723109,378818,13367,66510,1941,2346.876785158044,-8.378168050800804,-9.394484820422795,-0.18983757284756506,1.0,1.0,True,False,0.0,0.0,0.0,0.0,0.0,0.0,0.0
F019,F043,road_and_building,tree_shadows,C016,C015,False,0.06992169383255865,0.7672456575682383,0.23275434243176174,0.2774387001991272,0.45186104218362283,0.03327655792236328,0.34789081885856077,0.45704154421885806,0.7320646420121193,0.5784323248689033,378818,13367,16390,560,578.3387537023056,-0.7625681643125236,-0.7937491175792055,-0.03219470525994049,0.79199286613412,1.0,True,False,0.0,0.0,0.0,0.0,0.0,0.0,0.0
F019,F044,road_and_building,road_and_buildings,C016,C026,False,0.0747852399811572,0.9598014888337469,0.04019851116625306,0.2461954951286316,0.06426799007444169,0.0343733893500434,0.32655086848635234,0.45704154421885806,0.8246913684739007,0.613936655161813,378818,13367,21673,267,764.7550829158065,-17.999254491852074,-18.873293192438677,-1.0510896536311474,1.0,1.0,True,False,0.0,0.0,0.0,0.0,0.0,0.0,0.0
F019,F045,road_and_building,underpass glow,C016,C027,False,0.07459197344472447,0.9563275434243176,0.04367245657568242,0.2803388833999634,0.7880893300248138,0.02817535400390625,0.4803970223325062,0.45704154421885806,0.7119318172335625,0.5704230159512896,378818,13367,85507,2799,3017.2063339123274,-3.972508612145595,-4.596382139909274,-0.07505622093772986,0.9999982956499652,1.0,True,False,0.0,0.0,0.0,0.0,0.0,0.0,0.0
F019,F046,road_and_building,window_heat_zone,C016,C021,False,0.06439375806739983,0.3588089330024814,0.6411910669975186,0.2803388833999634,0.7880893300248138,0.043602220939867424,0.18163771712158808,0.45704154421885806,0.739260733127594,0.581268326204861,378818,13367,39968,1269,1410.3138076860128,-3.7629350271631195,-4.050777891157112,-0.1055435843014028,0.9999812302117662,1.0,True,False,0.0,0.0,0.0,0.0,0.0,0.0,0.0
F019,F047,road_and_building,underpass,C016,C008,False,0.061484256353451186,0.20347394540942929,0.7965260545905707,0.2803388833999634,0.7880893300248138,0.07074207729763454,0.07096774193548387,0.45704154421885806,0.3610449731349945,0.40621737044847556,378818,13367,10970,205,387.08823234376405,-9.255010068303477,-9.562207250409278,-0.6344974853092321,1.0,1.0,True,False,0.0,0.0,0.0,0.0,0.0,0.0,0.0
F019,F048,road_and_building,shaded path,C016,C028,False,0.07735655872730804,0.9856079404466501,0.014392059553349879,0.2774387001991272,0.45186104218362283,0.037518455868675596,0.2674937965260546,0.45704154421885806,0.6641156588281903,0.5509341578181194,378818,13367,155,5,5.469341477965672,-0.20068800554178212,-0.20436684368710198,-0.08188852388363989,0.641885222632075,1.0,False,False,0.0,0.0,0.0,0.0,0.0,0.0,0.0
F019,F049,road_and_building,red_wall_yellow_wall,C016,C029,False,0.07330846005984608,0.9285359801488834,0.07146401985111661,0.2774387001991272,0.45186104218362283,0.020055481881806343,0.711166253101737,0.45704154421885806,1.0,0.6760484777135868,378818,13367,349,3,12.31483984393561,-2.654367236507737,-2.7037174754191886,-1.2978408936956038,0.9996603437914959,1.0,False,False,0.0,0.0,0.0,0.0,0.0,0.0,0.0
F019,F050,road_and_building,greenery_and_water,C016,C030,False,0.06867215733216582,0.6744416873449132,0.32555831265508683,0.2774387001991272,0.45186104218362283,0.03217739529079861,0.3751861042183623,0.45704154421885806,0.688131312529246,0.5608070949120706,378818,13367,1487,60,52.47039211441906,1.0394777685743084,1.0603992661657784,0.13291024693235695,0.16082395227075807,0.5959946466504564,False,False,0.7010671401947817,0.7151774703321553,0.0896402112064879,0.4696995078346937,0.06005696269573747,0.38999761441299113,0.04986607775725154
F019,F051,road_and_building,zebra_crossing,C016,C020,False,0.06854561411779453,0.6684863523573201,0.3315136476426799,0.2774387001991272,0.45186104218362283,0.0248199462890625,0.5791563275434243,0.45704154421885806,0.8715151250362396,0.6311248834871385,378818,13367,19455,488,686.4905706698204,-7.5756969306029465,-7.919018698825657,-0.3409810952738776,1.0,1.0,True,False,0.0,0.0,0.0,0.0,0.0,0.0,0.0
F019,F052,road_and_building,palm_tree_street,C016,C026,False,0.04247702750028849,0.012903225806451613,0.9870967741935484,0.2461954951286316,0.06426799007444169,0.21063444349500868,0.005955334987593052,0.45704154421885806,0.6043684764040841,0.5255677898548589,378818,13367,90021,1013,3176.4876721803084,-38.386705230106685,-44.76101802353653,-1.1425237880363819,1.0,1.0,True,False,0.0,0.0,0.0,0.0,0.0,0.0,0.0
F019,F053,road_and_building,road_marking,C016,C030,False,0.06523509932694338,0.41885856079404465,0.5811414392059553,0.2774387001991272,0.45186104218362283,0.03165283203125,0.38610421836228287,0.45704154421885806,0.5154761910438538,0.4853802986965355,378818,13367,86968,2513,3068.75928810141,-10.032411043956445,-11.63699707340564,-0.1997600541032339,1.0,1.0,True,False,0.0,0.0,0.0,0.0,0.0,0.0,0.0
F019,F054,road_and_building,highlighted_lane,C016,C023,False,0.06984687921001545,0.7607940446650124,0.23920595533498756,0.27367761731147766,0.2682382133995037,0.03384455928096065,0.337468982630273,0.45704154421885806,0.8999999761581421,0.6413558909842901,378818,13367,245062,8975,8647.275879182087,3.5242665647086193,6.038479130794311,0.0371964790411683,6.780396728270362e-10,5.40287739296168e-09,True,True,2.6812410142423393,4.594038961542273,0.028298859737027796,0.9453429668610465,0.00997751708275507,1.1893306521101048,0.012552657939451338
F019,F055,road_and_building,small alley entrance,C016,C014,False,0.07254593532837875,0.9076923076923077,0.09230769230769231,0.2774387001991272,0.45186104218362283,0.031180826822916667,0.4,0.45704154421885806,0.8571428656578064,0.6258992721967498,378818,13367,535,9,18.878049617494415,-2.2734878714596136,-2.316326019786587,-0.7128491638595112,0.9963172169388992,1.0,False,False,0.0,0.0,0.0,0.0,0.0,0.0,0.0
F019,F056,road_and_building,stone_wall_street,C016,C021,False,0.06456859318890895,0.37121588089330027,0.6287841191066997,0.2803388833999634,0.7880893300248138,0.05276192559136285,0.1270471464019851,0.45704154421885806,0.4911375728746255,0.4737829405228947,378818,13367,8534,212,301.1313559545745,-5.136325328779787,-5.289328091439176,-0.35026360773193155,0.9999999890097377,1.0,True,False,0.0,0.0,0.0,0.0,0.0,0.0,0.0
F019,F057,road_and_building,streetlight illumination,C016,C027,False,0.06621324236667987,0.5022332506203474,0.4977667493796526,0.2803388833999634,0.7880893300248138,0.06497955322265625,0.0803970223325062,0.45704154421885806,0.2642857193946838,0.3475479151241424,378818,13367,119269,4090,4208.534766035405,-1.827175600773165,-2.247429429812019,-0.028566137710337045,0.9881343639436146,1.0,True,False,0.0,0.0,0.0,0.0,0.0,0.0,0.0
F019,F058,road_and_building,shaded alley,C016,C031,False,0.0790083612225417,0.9955334987593052,0.004466501240694809,0.2774387001991272,0.45186104218362283,0.017985026041666668,0.777667493796526,0.45704154421885806,0.875,0.6323854451135801,378818,13367,169922,5601,5995.880274960535,-5.099633486837006,-6.991805823429966,-0.06812158065370555,0.9999999999988619,1.0,True,False,0.0,0.0,0.0,0.0,0.0,0.0,0.0
F019,F059,road_and_building,road_edge,C016,C024,False,0.07353573884658535,0.9349875930521092,0.06501240694789079,0.27367761731147766,0.2682382133995037,0.021586100260416668,0.6632754342431761,0.45704154421885806,0.7857142686843872,0.5992529204553809,378818,13367,1891,45,66.7259660311812,-2.65969392400006,-2.714679063552664,-0.3903472462127544,0.9983050178617023,1.0,False,False,0.0,0.0,0.0,0.0,0.0,0.0,0.0
F019,F060,road_and_building,street_corner_shop,C016,C031,False,0.07464823981730373,0.9578163771712159,0.04218362282878407,0.2774387001991272,0.45186104218362283,0.020183987087673612,0.707196029776675,0.45704154421885806,0.3880471537510554,0.42113379154386915,378818,13367,35651,1208,1257.983826006156,-1.4092627327825877,-1.5074907801935615,-0.04052776254643167,0.9367058045771168,1.0,True,False,0.0,0.0,0.0,0.0,0.0,0.0,0.0
F019,F061,road_and_building,sunlit street,C016,C014,False,0.07035727193899334,0.7930521091811414,0.20694789081885856,0.2774387001991272,0.45186104218362283,0.009114583333333334,0.9330024813895782,0.45704154421885806,0.8258823394775391,0.6143798009195107,378818,13367,9753,308,344.14508022322065,-1.9484012982841645,-2.0097518450338274,-0.11079329118020098,0.9805267643325708,1.0,True,False,0.0,0.0,0.0,0.0,0.0,0.0,0.0
F019,F062,road_and_building,shaded alley,C016,C005,False,0.05402158095725669,0.06401985111662531,0.9359801488833747,0.2803388833999634,0.7880893300248138,0.19843641916910806,0.009429280397022333,0.45704154421885806,0.5,0.4780384630021198,378818,13367,6655,209,234.82882281201,-1.685500604001062,-1.7313216978175312,-0.11626004275805589,0.9630615685016537,1.0,True,False,0.0,0.0,0.0,0.0,0.0,0.0,0.0
F019,F063,road_and_building,blue_wall_graffiti,C016,C013,False,0.06887210519993708,0.6937965260545905,0.3062034739454095,0.27367761731147766,0.2682382133995037,0.055155436197916664,0.11364764267990074,0.45704154421885806,0.11488095670938492,0.2291405024341988,378818,13367,39,2,1.3761568880042658,0.5317915229821786,0.5414569342452876,0.28706525578669034,0.4022525441279686,1.0,False,False,0.36895511123031544,0.3756609399875494,0.1991648772157782,0.1426468080257407,0.07700187134129337,0.06043685298407885,0.03262428961546009
F020,F021,advertising_wall,road_and_building,C013,C017,False,0.06680883959818733,0.5429280397022332,0.45707196029776676,0.2721763849258423,0.21861042183622828,0.025918143136160716,0.5459057071960298,0.6375811781202044,0.7211538553237915,0.6780812080298867,378818,8894,169116,2745,3970.555000026398,-19.449444328368283,-26.45328988806243,-0.3690685947385681,1.0,1.0,True,False,0.0,0.0,0.0,0.0,0.0,0.0,0.0
F020,F022,advertising_wall,tree_canopy_and_road,C013,C005,False,0.0622507591351743,0.23523573200992556,0.7647642679900745,0.2803388833999634,0.7880893300248138,0.034942142547123016,0.31116625310173696,0.6375811781202044,0.5876411199569702,0.6121020483334797,378818,8894,107423,2297,2522.1086695985937,-4.482397051504972,-5.358992904908625,-0.09347197718837238,0.9999999700310982,1.0,True,False,0.0,0.0,0.0,0.0,0.0,0.0,0.0
F020,F023,advertising_wall,street_corner_cafe,C013,C018,False,0.06356250694883063,0.30173697270471467,0.6982630272952853,0.2721763849258423,0.21861042183622828,0.009251185825892858,0.9300248138957816,0.6375811781202044,0.48124999552965164,0.5539277381754216,378818,8894,8214,291,192.8506987524352,7.067675537041944,7.2309495563637505,0.41053437381858277,8.94716184589761e-12,7.7414069876951e-11,True,True,2.1325790206062045,2.1818448289176975,0.12387339914724484,1.5450675305543307,0.0897470926387522,6.573113626013202,0.38180715460844866
F020,F024,advertising_wall,road_edge,C013,C018,False,0.06727379514909362,0.5806451612903226,0.4193548387096774,0.2721763849258423,0.21861042183622828,0.021753946940104168,0.6615384615384615,0.6375811781202044,0.4875000019868215,0.5575130721340619,378818,8894,9323,194,218.88812569624463,-1.6822134082823514,-1.7236559651448482,-0.12041026160534639,0.9625936682599946,1.0,True,False,0.0,0.0,0.0,0.0,0.0,0.0,0.0
F020,F025,advertising_wall,shaded alley,C013,C019,False,0.06943442748590639,0.7330024813895781,0.26699751861042187,0.2803388833999634,0.7880893300248138,0.031349836077008926,0.3945409429280397,0.6375811781202044,0.7079328984022141,0.6718368041372359,378818,8894,17421,315,409.0153424599676,-4.64867230432581,-4.816265732699494,-0.26081568693471824,0.999999750745179,1.0,True,False,0.0,0.0,0.0,0.0,0.0,0.0,0.0
F020,F026,advertising_wall,tree_shadows,C013,C016,False,0.062405882316902854,0.24516129032258063,0.7548387096774194,0.27367761731147766,0.2682382133995037,0.028152901785714286,0.480893300248139,0.6375811781202044,0.7362637281417846,0.685148082676886,378818,8894,208,6,4.883484945277152,0.5052422455813937,0.5114196325406618,0.18846625308823334,0.3633448675092243,1.0,False,False,0.12386584085221265,0.1253802970099687,0.046204629789373335,0.13552527728870636,0.05055385101448641,0.24296761090241714,0.09063215843300154
F020,F027,advertising_wall,car_top_heat,C013,C020,False,0.06743896467106167,0.596029776674938,0.40397022332506205,0.2774387001991272,0.45186104218362283,0.014902387346540178,0.8426799007444169,0.6375811781202044,0.9444444179534912,0.7759896807740666,378818,8894,94699,2134,2223.3708693884664,-1.8953526512598429,-2.214693687416889,-0.04101688516144432,0.9872934527581689,1.0,True,False,0.0,0.0,0.0,0.0,0.0,0.0,0.0
F020,F028,advertising_wall,red_car_street,C013,C021,False,0.04741934096680625,0.025310173697270472,0.9746898263027295,0.2803388833999634,0.7880893300248138,0.09618314107259114,0.04962779156327544,0.6375811781202044,0.6187312696129084,0.6280855131426039,378818,8894,158116,1426,3712.293776958856,-37.52415019208675,-49.74867411856694,-0.9565607411674107,1.0,1.0,True,False,0.0,0.0,0.0,0.0,0.0,0.0,0.0
F020,F029,advertising_wall,electric_bike_parking,C013,C022,False,0.0632645776289475,0.286848635235732,0.713151364764268,0.18481694161891937,0.026799007444168736,0.05729784284319196,0.10570719602977667,0.6375811781202044,0.39830395206809044,0.5039356139523248,378818,8894,125824,1332,2954.1327392045782,-29.844986501331046,-36.95643372563849,-0.7963174815430987,1.0,1.0,True,False,0.0,0.0,0.0,0.0,0.0,0.0,0.0
F020,F030,advertising_wall,stone_wall_and_shadows,C013,C012,False,0.06308668433251509,0.27692307692307694,0.7230769230769231,0.2774387001991272,0.45186104218362283,0.031448800223214286,0.3905707196029777,0.6375811781202044,0.38914142847061156,0.49810566190284544,378818,8894,10570,160,248.16555707490141,-5.596650709600461,-5.744229515175429,-0.43781490679034923,0.9999999996226843,1.0,False,False,0.0,0.0,0.0,0.0,0.0,0.0,0.0
F020,F031,advertising_wall,road_edge,C013,C001,False,0.06313973354875874,0.27990074441687346,0.7200992555831265,0.2591095566749573,0.08610421836228288,0.03018951416015625,0.430272952853598,0.6375811781202044,0.5565476566553116,0.5956880984293145,378818,8894,2681,38,62.94530354946175,-3.1441780170326497,-3.1930658730971646,-0.49951993199419037,0.99976287242652,1.0,False,False,0.0,0.0,0.0,0.0,0.0,0.0,0.0
F020,F032,advertising_wall,tree-lined walk,C013,C012,False,0.06535582024135371,0.432258064516129,0.567741935483871,0.2774387001991272,0.45186104218362283,0.007710048130580357,0.9528535980148883,0.6375811781202044,0.42500001192092896,0.5205497174157785,378818,8894,325,6,7.630445226995549,-0.5902435828698651,-0.5975525823666326,-0.2238135086267511,0.7759054993515866,1.0,False,False,0.0,0.0,0.0,0.0,0.0,0.0,0.0
F020,F033,advertising_wall,zebra_crossing,C013,C023,False,0.06209879916099914,0.22878411910669974,0.7712158808933003,0.2721763849258423,0.21861042183622828,0.0012850080217633928,0.9846153846153847,0.6375811781202044,1.0,0.7984868052261129,378818,8894,44394,1149,1042.295339714586,3.3051257635495634,3.5596971456704347,0.09742213116558844,0.00023418458822935996,0.0013041882040618498,True,True,0.7561602863505452,0.8144021757588439,0.02228863646021651,0.7225349373913561,0.02129749319029365,3.2542776748795705,0.09592332914765632
F020,F034,advertising_wall,red_door_street,C013,C018,False,0.06895441570792958,0.7022332506203474,0.29776674937965264,0.2721763849258423,0.21861042183622828,0.007709503173828125,0.9533498759305211,0.6375811781202044,0.8333333730697632,0.728915409199657,378818,8894,15775,986,370.3700721718609,31.98908228753202,33.06713183101893,0.9783115339723516,7.121363421793329e-170,4.101905330952958e-168,True,True,22.46379723913539,23.220839474387983,0.6870028886207828,6.993146773031193,0.21386909712894336,30.496787629949882,0.9326731795339392
F020,F035,advertising_wall,small alley entrance,C013,C010,False,0.06528719745681785,0.4267990074441687,0.5732009925558312,0.23827536404132843,0.05235732009925558,0.026720942283163265,0.5250620347394541,0.6375811781202044,0.3212707968694823,0.4525883484621112,378818,8894,65633,1052,1540.9508048719965,-12.455775682195592,-13.862580499097259,-0.38155576745697184,1.0,1.0,True,False,0.0,0.0,0.0,0.0,0.0,0.0,0.0
F020,F036,advertising_wall,pedestrian walk,C013,C024,False,0.05801266144675417,0.10272952853598015,0.8972704714640198,0.2721763849258423,0.21861042183622828,0.022831819495376274,0.6392059553349876,0.6375811781202044,0.6076337546110153,0.6224273814112731,378818,8894,191641,4316,4499.4035499897045,-2.7341999081234842,-3.9362058514830127,-0.04161107451751537,0.9999604103324434,1.0,True,False,0.0,0.0,0.0,0.0,0.0,0.0,0.0
F020,F037,advertising_wall,street_corner_shops,C013,C003,False,0.06393632590003642,0.3250620347394541,0.6749379652605458,0.2803388833999634,0.7880893300248138,0.01429481010932427,0.8550868486352358,0.6375811781202044,0.6591791060160507,0.6482902058537802,378818,8894,5196,178,121.99321045990423,5.070757575241206,5.166904173154603,0.37653299758803227,7.258591108026764e-07,5.151928310303057e-06,False,False,1.648310775078407,1.679564383829412,0.12239658234251173,3.996209940190092,0.2967416378013872,4.335938115206252,0.32196841431472933
F020,F038,advertising_wall,red-yellow hotspot,C013,C000,False,0.06417192953194774,0.34540942928039703,0.6545905707196029,0.2803388833999634,0.7880893300248138,0.0501014164515904,0.13995037220843673,0.6375811781202044,0.5312499850988388,0.5819922605805499,378818,8894,4115,105,96.61317572026672,0.8532560275543214,0.8681795647560003,0.08283389454545537,0.20555855754871957,0.7360675879542072,False,False,0.2947226775075969,0.29987740797527357,0.028611608240018332,0.6724419710949192,0.065280508455674,0.11941349864531943,0.011592634373110875
F020,F039,advertising_wall,red car corner,C013,C017,False,0.0754160844585337,0.96575682382134,0.03424317617866002,0.2721763849258423,0.21861042183622828,0.00025694710867745537,0.9880893300248139,0.6375811781202044,0.30280448123812675,0.43938870933136437,378818,8894,1373,82,32.23569629743043,8.76494921503807,8.88579613637693,0.924332180941237,5.673102604933475e-14,5.369471761289148e-13,False,False,8.464809514870515,8.581518253791318,0.8926801112216612,1.9161092452725905,0.2020686479923647,8.660552797588485,0.913322765386602
F020,F040,advertising_wall,cobblestone,C013,C013,True,0.04064970161699894,0.008933002481389578,0.9910669975186104,0.134534552693367,0.015384615384615385,0.14857755388532365,0.022332506203473945,0.6375811781202044,0.45202021673321724,0.5368422322423179,378818,8894,77947,1017,1830.0625049496064,-19.00601081782091,-21.581150171450574,-0.5872746610411217,1.0,1.0,True,False,0.0,0.0,0.0,0.0,0.0,0.0,0.0
F020,F041,advertising_wall,concrete_wall,C013,C011,False,0.06792628839474661,0.6277915632754343,0.3722084367245657,0.2803388833999634,0.7880893300248138,0.0,0.9947890818858561,0.6375811781202044,0.511904776096344,0.5712975146356463,378818,8894,8967,113,210.52985338605873,-6.721724794992602,-6.88400390638287,-0.6201967717885009,0.9999999999999795,1.0,False,False,0.0,0.0,0.0,0.0,0.0,0.0,0.0
F020,F042,advertising_wall,Red-yellow glow street,C013,C025,False,0.06338249327468586,0.2923076923076923,0.7076923076923076,0.27367761731147766,0.2682382133995037,0.037511189778645836,0.2679900744416873,0.6375811781202044,0.9285714626312256,0.7694411524692568,378818,8894,66510,1180,1561.5412678383816,-9.655278060465033,-10.76086072022502,-0.28005539339598795,1.0,1.0,True,False,0.0,0.0,0.0,0.0,0.0,0.0,0.0
F020,F043,advertising_wall,tree_shadows,C013,C015,False,0.06420319159839936,0.34689826302729526,0.6531017369727048,0.2774387001991272,0.45186104218362283,0.04675892421177456,0.1617866004962779,0.6375811781202044,0.7320646420121193,0.6831915082275487,378818,8894,16390,330,384.8092223706371,-2.7940289678190187,-2.8906386992495925,-0.1534395276122825,0.9985519718454057,1.0,True,False,0.0,0.0,0.0,0.0,0.0,0.0,0.0
F020,F044,advertising_wall,road_and_buildings,C013,C026,False,0.06865083233675513,0.6729528535980149,0.32704714640198507,0.27367761731147766,0.2682382133995037,0.027068607390873016,0.5121588089330025,0.6375811781202044,0.8246913684739007,0.7251259851206225,378818,8894,21673,656,508.8450443220755,6.523521793817986,6.7988210410996155,0.25379702016988054,3.629781548356459e-11,3.0617738918354066e-10,True,True,4.390022606658655,4.575286020710213,0.17079342895799407,1.7498578310464623,0.06807805925648656,3.3410791519703036,0.1299843795609512
F020,F045,advertising_wall,underpass glow,C013,C027,False,0.06455366592960553,0.369727047146402,0.630272952853598,0.2803388833999634,0.7880893300248138,0.013872419084821428,0.864516129032258,0.6375811781202044,0.7119318172335625,0.6737316429952157,378818,8894,85507,1917,2007.558400076026,-2.0211318557557103,-2.324364593451647,-0.04614603085048606,0.9905483559505082,1.0,True,False,0.0,0.0,0.0,0.0,0.0,0.0,0.0
F020,F046,advertising_wall,window_heat_zone,C013,C021,False,0.056944378073886505,0.08833746898263027,0.9116625310173697,0.2803388833999634,0.7880893300248138,0.05848951463575487,0.10124069478908189,0.6375811781202044,0.739260733127594,0.6865411343579476,378818,8894,39968,634,938.3804148694096,-9.936358153918263,-10.631566782732028,-0.3918508302369496,1.0,1.0,True,False,0.0,0.0,0.0,0.0,0.0,0.0,0.0
F020,F047,advertising_wall,underpass,C013,C008,False,0.06327228959753134,0.2873449131513648,0.7126550868486352,0.2803388833999634,0.7880893300248138,0.021756490071614582,0.6610421836228287,0.6375811781202044,0.3610449731349945,0.4797869103318549,378818,8894,10970,373,257.55687427735745,7.193355173685538,7.387050773391472,0.3697380010097343,2.1854978397306427e-12,1.924001591658068e-11,True,True,2.0669740176495917,2.1226314629248946,0.10624233378890133,5.669006459460364,0.2913865735004755,4.755111211587661,0.24441241555581442
F020,F048,advertising_wall,shaded path,C013,C028,False,0.06916583232226253,0.719106699751861,0.28089330024813897,0.2774387001991272,0.45186104218362283,0.038174064791932395,0.2540942928039702,0.6375811781202044,0.6641156588281903,0.6507131811818118,378818,8894,155,6,3.6391354159517237,1.2375762577029514,1.2526199168789518,0.4513152476004308,0.1589942107102583,0.5902989480513456,False,False,0.8899493783680281,0.9007673744702736,0.3245438182496398,0.5592124975873635,0.20393177813409044,0.31446106399201545,0.11467662867068018
F020,F049,advertising_wall,red_wall_yellow_wall,C013,C029,False,0.07043151523467302,0.798014888337469,0.20198511166253097,0.2774387001991272,0.45186104218362283,0.014201969295353084,0.856575682382134,0.6375811781202044,1.0,0.7984868052261129,378818,8894,349,22,8.193924259142912,4.823077928000144,4.88295702497792,0.9508908885355398,3.5550103287769874e-05,0.00022257455971473313,False,False,3.8488879941559464,3.896672405044415,0.7588250862358055,2.179361019078973,0.42967054789658016,4.131331267358933,0.8145100117182837
F020,F050,advertising_wall,greenery_and_water,C013,C030,False,0.06548514768312749,0.4392059553349876,0.5607940446650124,0.2774387001991272,0.45186104218362283,0.021586100260416668,0.6632754342431761,0.6375811781202044,0.688131312529246,0.6623741940503112,378818,8894,1487,57,34.9122217001304,3.7382065244889846,3.790319565211309,0.48472794148078646,0.00030118956505638194,0.001663556611379907,False,False,1.641842567827668,1.6647309256635276,0.21289539861563078,1.6891498960532112,0.21902967281303032,2.4794605558211056,0.3215081358754695
F020,F051,advertising_wall,zebra_crossing,C013,C020,False,0.06074535586646416,0.171712158808933,0.828287841191067,0.2774387001991272,0.45186104218362283,0.03216814313616071,0.3771712158808933,0.6375811781202044,0.8715151250362396,0.7454271528259371,378818,8894,19455,851,456.77019043445665,18.445931160272867,19.16494966066347,0.621725057580367,5.800286046968753e-67,1.4616720838361257e-65,True,True,3.1673906607714204,3.2908548796970525,0.10675775182273299,8.33499767812826,0.28093333246993757,6.957274283775374,0.23449679591120542
F020,F052,advertising_wall,palm_tree_street,C013,C026,False,0.06484274190207175,0.3910669975186104,0.6089330024813896,0.27367761731147766,0.2682382133995037,0.03311786954365079,0.35384615384615387,0.6375811781202044,0.6043684764040841,0.6207527407949391,378818,8894,90021,2423,2113.5394147057427,6.731318915232342,7.8014909244904915,0.1366122444189605,8.444185404316172e-15,8.223902306812272e-14,True,True,2.6323966775201417,3.0509056320091847,0.05342454024920142,1.805596959644209,0.036644624371438284,2.381851308466829,0.04833971725593987
F020,F053,advertising_wall,road_marking,C013,C030,False,0.058248660628614474,0.1076923076923077,0.8923076923076922,0.2774387001991272,0.45186104218362283,0.027744838169642856,0.49330024813895784,0.6375811781202044,0.5154761910438538,0.5732869413990309,378818,8894,86968,2732,2041.8601861579966,15.272990509026288,17.608323661183032,0.2911108479689282,3.024153797873137e-65,7.257969114895529e-64,True,True,1.644783593279754,1.896281009665865,0.03135039901203843,6.901269408669198,0.13154165115419808,7.534170007926615,0.14360505353901473
F020,F054,advertising_wall,highlighted_lane,C013,C023,False,0.06970158689865029,0.749379652605459,0.250620347394541,0.2721763849258423,0.21861042183622828,0.04384794689360119,0.17965260545905706,0.6375811781202044,0.8999999761581421,0.7575110857981315,378818,8894,245062,2703,5753.637440670718,-40.217896318955354,-68.49147092905567,-0.7553719211130838,1.0,1.0,True,False,0.0,0.0,0.0,0.0,0.0,0.0,0.0
F020,F055,advertising_wall,small alley entrance,C013,C014,False,0.06574990157144578,0.4575682382133995,0.5424317617866006,0.2774387001991272,0.45186104218362283,0.0102783203125,0.9186104218362283,0.6375811781202044,0.8571428656578064,0.7392551373534257,378818,8894,535,7,12.560886758284981,-1.5690395872067704,-1.5889098896561462,-0.5547189997977074,0.9681696108281915,1.0,False,False,0.0,0.0,0.0,0.0,0.0,0.0,0.0
F020,F056,advertising_wall,stone_wall_street,C013,C021,False,0.04669648968402549,0.021339950372208438,0.9786600496277915,0.2803388833999634,0.7880893300248138,0.1055145263671875,0.04466501240694789,0.6375811781202044,0.4911375728746255,0.5595891996210268,378818,8894,8534,47,200.36375251440006,-10.834606626508815,-11.08969122502367,-1.4418971189884617,1.0,1.0,False,False,0.0,0.0,0.0,0.0,0.0,0.0,0.0
F020,F057,advertising_wall,streetlight illumination,C013,C027,False,0.06355586923002068,0.3007444168734491,0.6992555831265509,0.2803388833999634,0.7880893300248138,0.01397705078125,0.8620347394540943,0.6375811781202044,0.2642857193946838,0.4104919004462917,378818,8894,119269,2628,2800.23252854933,-3.2547537002232376,-3.9790759506640896,-0.06346765902699043,0.9999698669868704,1.0,True,False,0.0,0.0,0.0,0.0,0.0,0.0,0.0
F020,F058,advertising_wall,shaded alley,C013,C031,False,0.0716735008706227,0.8699751861042183,0.1300248138957817,0.2774387001991272,0.45186104218362283,0.015588306245349702,0.8277915632754342,0.6375811781202044,0.875,0.7469160132539527,378818,8894,169922,2393,3989.478504189347,-25.2758058431363,-34.444011695267655,-0.5110291136156169,1.0,1.0,True,False,0.0,0.0,0.0,0.0,0.0,0.0,0.0
F020,F059,advertising_wall,road_edge,C013,C024,False,0.06562016159928952,0.4491315136476427,0.5508684863523573,0.2721763849258423,0.21861042183622828,0.028523036411830356,0.46898263027295284,0.6375811781202044,0.7857142686843872,0.7077828968643185,378818,8894,1891,91,44.397452074611024,6.994080686493965,7.095382191822445,0.711957925811326,2.938165527225313e-10,2.3981140497515106e-09,False,False,3.1412620452987783,3.186759743721743,0.31976274087307693,1.5289789292310627,0.1556414224912601,3.2801023566931993,0.3338959006906715
F020,F060,advertising_wall,street_corner_shop,C013,C031,False,0.06703480884449325,0.5632754342431762,0.43672456575682383,0.2774387001991272,0.45186104218362283,0.015072595505487351,0.8387096774193549,0.6375811781202044,0.3880471537510554,0.49740482652944773,378818,8894,35651,1464,837.0246239619025,21.671120518877242,23.041056438416703,0.5588185012552342,4.0519320810934046e-99,1.317531463787791e-97,True,True,12.206809820806784,12.978461070770699,0.31476873395766297,9.792335102946764,0.25250831036868027,18.175778499703494,0.4686864849237449
F020,F061,advertising_wall,sunlit street,C013,C014,False,0.06202863377486371,0.22779156327543423,0.7722084367245657,0.2774387001991272,0.45186104218362283,0.036383928571428574,0.2878411910669975,0.6375811781202044,0.8258823394775391,0.7256493884740481,378818,8894,9753,336,228.9837916888849,7.072080380799967,7.250526380137737,0.38276574652750966,6.095588734500416e-12,5.2968564175658786e-11,True,True,1.6109602455519527,1.6516087387013505,0.08719080776979003,3.1955976112746254,0.17295692913811292,2.035636040131008,0.11017574838012685
F020,F062,advertising_wall,shaded alley,C013,C005,False,0.0670367389108688,0.563771712158809,0.43622828784119105,0.2803388833999634,0.7880893300248138,0.03982325962611607,0.22431761786600496,0.6375811781202044,0.5,0.5646154346633664,378818,8894,6655,40,156.2480399558627,-9.299901526947835,-9.494793688839744,-1.3533377010535392,1.0,1.0,False,False,0.0,0.0,0.0,0.0,0.0,0.0,0.0
F020,F063,advertising_wall,blue_wall_graffiti,C013,C013,True,0.06449863122837236,0.36426799007444166,0.6357320099255583,0.1142597422003746,0.010173697270471464,0.004111153738839286,0.9761786600496278,0.6375811781202044,0.11488095670938492,0.2706398635130195,378818,8894,39,1,0.915653427239466,0.08814585161505972,0.08920366762734558,0.057873897568362975,0.604110724670046,1.0,False,False,0.03210871220121778,0.03249404071388171,0.0210816083450017,0.0008967692099795157,0.0005887915137227995,0.08604609931852232,0.05649526378013398
F021,F022,road_and_building,tree_canopy_and_road,C017,C005,False,0.06573003154368617,0.45607940446650125,0.5439205955334987,0.2803388833999634,0.7880893300248138,0.034195417239342205,0.32853598014888336,0.7211538553237915,0.5876411199569702,0.65098360901313,378818,169116,107423,42382,47956.92936449694,-25.45737882403024,-40.42420721914141,-0.1235781879602097,1.0,1.0,True,False,0.0,0.0,0.0,0.0,0.0,0.0,0.0
F021,F023,road_and_building,street_corner_cafe,C017,C018,False,0.052829104810436664,0.054094292803970226,0.9459057071960297,0.21665197610855103,0.036972704714640196,0.10971556769476996,0.03970223325062035,0.7211538553237915,0.48124999552965164,0.5891139869760059,378818,169116,8214,2553,3666.982096943651,-18.396017601088815,-24.997553848793896,-0.36204038237523334,1.0,1.0,True,False,0.0,0.0,0.0,0.0,0.0,0.0,0.0
F021,F024,road_and_building,road_edge,C017,C018,False,0.0575085253237804,0.09627791563275434,0.9037220843672457,0.21665197610855103,0.036972704714640196,0.0435579087999132,0.18312655086848637,0.7211538553237915,0.4875000019868215,0.5929270662595462,378818,169116,9323,3416,4162.073787412425,-11.564500894903416,-15.738065863557217,-0.19751694661643784,1.0,1.0,True,False,0.0,0.0,0.0,0.0,0.0,0.0,0.0
F021,F025,road_and_building,shaded alley,C017,C019,False,0.07035690357013466,0.7925558312655087,0.20744416873449134,0.2803388833999634,0.7880893300248138,0.02390196058485243,0.6054590570719603,0.7211538553237915,0.7079328984022141,0.7145127983411512,378818,169116,17421,6310,7777.269918536078,-16.637820247642033,-22.894591752625473,-0.20905474152214806,1.0,1.0,True,False,0.0,0.0,0.0,0.0,0.0,0.0,0.0
F021,F026,road_and_building,tree_shadows,C017,C016,False,0.0638956498785967,0.3215880893300248,0.6784119106699752,0.27367761731147766,0.2682382133995037,0.02749565972222222,0.4997518610421836,0.7211538553237915,0.7362637281417846,0.7286696275298676,378818,169116,208,76,92.85759388413433,-1.749390944025372,-2.351903947903943,-0.1991464743644056,0.9926347413660112,1.0,False,False,0.0,0.0,0.0,0.0,0.0,0.0,0.0
F021,F027,road_and_building,car_top_heat,C017,C020,False,0.07039087916376953,0.7950372208436725,0.20496277915632755,0.2774387001991272,0.45186104218362283,0.013990614149305556,0.8600496277915632,0.7211538553237915,0.9444444179534912,0.825281608389642,378818,169116,94699,41771,42276.54463093095,-2.4587238860276557,-3.8158242967879095,-0.012029969823077004,0.9999334219888776,1.0,True,False,0.0,0.0,0.0,0.0,0.0,0.0,0.0
F021,F028,road_and_building,red_car_street,C017,C021,False,0.06341481881956178,0.29578163771712157,0.7042183622828784,0.2803388833999634,0.7880893300248138,0.02817817970558449,0.4784119106699752,0.7211538553237915,0.6187312696129084,0.6679823654040076,378818,169116,158116,68532,70587.84285857588,-7.737932920578435,-13.6254411891152,-0.0295569302426409,1.0,1.0,True,False,0.0,0.0,0.0,0.0,0.0,0.0,0.0
F021,F029,road_and_building,electric_bike_parking,C017,C022,False,0.07170319725048714,0.8714640198511167,0.12853598014888334,0.2721763849258423,0.21861042183622828,0.028676986694335938,0.4645161290322581,0.7211538553237915,0.39830395206809044,0.535946294533889,378818,169116,125824,58614,56171.70140806403,10.304809551680883,16.94781077413184,0.04256010858842228,1.2603064909602736e-64,2.887247597472627e-63,True,True,8.980270755708005,14.769407304900996,0.037089603315766516,2.252738763034952,0.009304083291910677,4.786750243361443,0.01976985689268648
F021,F030,road_and_building,stone_wall_and_shadows,C017,C012,False,0.06695191297509923,0.5548387096774193,0.44516129032258067,0.2774387001991272,0.45186104218362283,0.019022962782118055,0.743424317617866,0.7211538553237915,0.38914142847061156,0.5297460159432905,378818,169116,10570,4464,4718.772919977403,-3.708845356169662,-5.055886016706823,-0.055497519378915436,0.9999998062988158,1.0,True,False,0.0,0.0,0.0,0.0,0.0,0.0,0.0
F021,F031,road_and_building,road_edge,C017,C001,False,0.06367250413706853,0.3096774193548387,0.6903225806451613,0.2721763849258423,0.21861042183622828,0.05375247531467014,0.12158808933002481,0.7211538553237915,0.5565476566553116,0.633527022524217,378818,169116,2681,1305,1196.8808134777123,3.1251964110623507,4.215344139513905,0.08644959326243569,1.4155398558350427e-05,9.175975399882464e-05,True,True,0.9678027595547926,1.3053968948172094,0.026771486945786536,0.6832005057434072,0.018898782050671425,0.37998666040212203,0.010511240868137341
F021,F032,road_and_building,tree-lined walk,C017,C012,False,0.06868413146466916,0.6754342431761786,0.3245657568238214,0.2774387001991272,0.45186104218362283,0.029374864366319444,0.4486352357320099,0.7211538553237915,0.42500001192092896,0.5536157486103834,378818,169116,325,139,145.0899904439599,-0.5055893126902946,-0.6798259003728407,-0.04272978518716043,0.7687205731492558,1.0,False,False,0.0,0.0,0.0,0.0,0.0,0.0,0.0
F021,F033,road_and_building,zebra_crossing,C017,C023,False,0.06690896594537257,0.5528535980148883,0.4471464019851117,0.26160186529159546,0.1228287841191067,0.028374565972222224,0.47295285359801487,0.7211538553237915,1.0,0.8492077810075644,378818,169116,44394,17589,19818.846263905096,-15.839290985697287,-22.65769707728369,-0.11935641159635751,1.0,1.0,True,False,0.0,0.0,0.0,0.0,0.0,0.0,0.0
F021,F034,road_and_building,red_door_street,C017,C018,False,0.062502593178791,0.2511166253101737,0.7488833746898262,0.21665197610855103,0.036972704714640196,0.08499103122287327,0.05508684863523573,0.7211538553237915,0.8333333730697632,0.775217114593866,378818,169116,15775,3767,7042.4449207799,-39.030900508619894,-53.58685695714767,-0.6256147437938906,1.0,1.0,True,False,0.0,0.0,0.0,0.0,0.0,0.0,0.0
F021,F035,road_and_building,small alley entrance,C017,C010,False,0.06836401825520651,0.6580645161290323,0.3419354838709677,0.2721763849258423,0.21861042183622828,0.010734921409970238,0.9136476426799007,0.7211538553237915,0.3212707968694823,0.4813373803948472,378818,169116,65633,29829,29300.58874710283,3.086980486494565,4.563122784497929,0.017873162799983022,2.5957119289541755e-06,1.7738831351768194e-05,True,True,2.031432320144811,3.002829187217992,0.011761694229666247,0.6748461063527821,0.003907259659251872,2.8204124444846124,0.01632977305943858
F021,F036,road_and_building,pedestrian walk,C017,C024,False,0.06097409997320146,0.18114143920595532,0.8188585607940446,0.26160186529159546,0.1228287841191067,0.03380251687670511,0.3384615384615385,0.7211538553237915,0.6076337546110153,0.6619648213935574,378818,169116,191641,80331,85554.43341129513,-17.858081592923764,-34.145801329366215,-0.06299684268367374,1.0,1.0,True,False,0.0,0.0,0.0,0.0,0.0,0.0,0.0
F021,F037,road_and_building,street_corner_shops,C017,C003,False,0.06278895151957578,0.26104218362282877,0.7389578163771713,0.2803388833999634,0.7880893300248138,0.056391552241161616,0.10818858560794045,0.7211538553237915,0.6591791060160507,0.689470487876287,378818,169116,5196,2197,2319.654124144048,-2.546657489449728,-3.446537956833754,-0.054313265715171886,0.9997364301994272,1.0,True,False,0.0,0.0,0.0,0.0,0.0,0.0,0.0
F021,F038,road_and_building,red-yellow hotspot,C017,C000,False,0.07519895140319692,0.9622828784119106,0.037717121588089375,0.2803388833999634,0.7880893300248138,0.020984331766764324,0.678908188585608,0.7211538553237915,0.5312499850988388,0.6189612062922315,378818,169116,4115,1535,1837.062494390446,-7.04749601679108,-9.524013478541667,-0.1795839011803926,1.0,1.0,True,False,0.0,0.0,0.0,0.0,0.0,0.0,0.0
F021,F039,road_and_building,red car corner,C017,C017,True,0.03811234351353521,0.003970223325062035,0.996029776674938,0.0896933451294899,0.0004962779156327543,0.2619912889268663,0.0009925558312655087,0.7211538553237915,0.30280448123812675,0.4672992821032318,378818,169116,1373,546,612.9494057832521,-2.70417262842507,-3.64113114602924,-0.11556348497272889,0.9998848736434607,1.0,True,False,0.0,0.0,0.0,0.0,0.0,0.0,0.0
F021,F040,road_and_building,cobblestone,C017,C013,False,0.0591460122951301,0.1250620347394541,0.8749379652605459,0.2721763849258423,0.21861042183622828,0.0561060905456543,0.10967741935483871,0.7211538553237915,0.45202021673321724,0.5709431862991758,378818,169116,77947,25985,34797.93687733951,-47.24370091997443,-71.2496104366627,-0.29203377830819305,1.0,1.0,True,False,0.0,0.0,0.0,0.0,0.0,0.0,0.0
F021,F041,road_and_building,concrete_wall,C017,C011,False,0.06877605323643696,0.6853598014888338,0.3146401985111662,0.2803388833999634,0.7880893300248138,0.014257219102647569,0.8555831265508684,0.7211538553237915,0.511904776096344,0.6075871154332856,378818,169116,8967,3844,4003.1444440338105,-2.5153061398388985,-3.4214185026130775,-0.04056150182854931,0.9997053141845279,1.0,True,False,0.0,0.0,0.0,0.0,0.0,0.0,0.0
F021,F042,road_and_building,Red-yellow glow street,C017,C025,False,0.07031777618757107,0.7905707196029776,0.20942928039702235,0.27367761731147766,0.2682382133995037,0.01565339830186632,0.8258064516129032,0.7211538553237915,0.9285714626312256,0.8183171085955373,378818,169116,66510,31979,29692.10850593161,13.27165365900307,19.645461365533095,0.0741969295310912,6.406080785202405e-86,1.8992145386717718e-84,True,True,10.492180783519547,15.531126528681995,0.05865791997172619,3.5599646663479696,0.019902451817148777,10.959817215176729,0.06127230309664305
F021,F043,road_and_building,tree_shadows,C017,C015,False,0.06796334509769449,0.630272952853598,0.36972704714640203,0.2774387001991272,0.45186104218362283,0.019385443793402776,0.7320099255583127,0.7211538553237915,0.7320646420121193,0.7265887687910343,378818,169116,16390,5924,7316.999825773854,-16.28487914038539,-22.377028546538185,-0.21117242049972829,1.0,1.0,True,False,0.0,0.0,0.0,0.0,0.0,0.0,0.0
F021,F044,road_and_building,road_and_buildings,C017,C026,False,0.07132252767008501,0.8535980148883374,0.14640198511166258,0.27367761731147766,0.2682382133995037,0.026737166039737654,0.5240694789081886,0.7211538553237915,0.8246913684739007,0.7711869811058839,378818,169116,21673,7200,9675.4934242829,-25.166638797885803,-34.83627226574681,-0.29549744510180936,1.0,1.0,True,False,0.0,0.0,0.0,0.0,0.0,0.0,0.0
F021,F045,road_and_building,underpass glow,C017,C027,False,0.06909437083215501,0.7126550868486352,0.2873449131513648,0.2803388833999634,0.7880893300248138,0.03147262997097439,0.3900744416873449,0.7211538553237915,0.7119318172335625,0.7165279999592874,378818,169116,85507,37912,38172.95327043594,-1.3356259971774833,-2.040090511056965,-0.006859460450201237,0.9795355504799257,1.0,True,False,0.0,0.0,0.0,0.0,0.0,0.0,0.0
F021,F046,road_and_building,window_heat_zone,C017,C021,False,0.06192244579010632,0.2228287841191067,0.7771712158808933,0.2803388833999634,0.7880893300248138,0.026162735139480746,0.541439205955335,0.7211538553237915,0.739260733127594,0.7301511677621676,378818,169116,39968,15410,17842.943809428274,-18.21372708458957,-25.883549191053202,-0.14658705189839935,1.0,1.0,True,False,0.0,0.0,0.0,0.0,0.0,0.0,0.0
F021,F047,road_and_building,underpass,C017,C008,False,0.06336911286937483,0.2913151364764268,0.7086848635235732,0.2803388833999634,0.7880893300248138,0.023712158203125,0.6114143920595534,0.7211538553237915,0.3610449731349945,0.5102636321761291,378818,169116,10970,4496,4897.345215908431,-5.73505690079671,-7.822260573205175,-0.08549604016952238,0.9999999999999992,1.0,True,False,0.0,0.0,0.0,0.0,0.0,0.0,0.0
F021,F048,road_and_building,shaded path,C017,C028,False,0.0764202290341007,0.9766749379652605,0.023325062034739497,0.2774387001991272,0.45186104218362283,0.02238343253968254,0.6511166253101737,0.7211538553237915,0.6641156588281903,0.6920473739165905,378818,169116,155,67,69.19676467327318,-0.26408311938913875,-0.3550119344740348,-0.03202630092360868,0.6675933075509617,1.0,False,False,0.0,0.0,0.0,0.0,0.0,0.0,0.0
F021,F049,road_and_building,red_wall_yellow_wall,C017,C029,False,0.07328256455838929,0.9265508684863524,0.07344913151364763,0.2774387001991272,0.45186104218362283,0.024999291005760732,0.573697270471464,0.7211538553237915,1.0,0.8492077810075644,378818,169116,349,112,155.80432819982155,-3.5093546952867296,-4.718900891721238,-0.32885170701709066,0.9999993591562976,1.0,False,False,0.0,0.0,0.0,0.0,0.0,0.0,0.0
F021,F050,road_and_building,greenery_and_water,C017,C030,False,0.06932432153134482,0.7260545905707196,0.27394540942928036,0.2774387001991272,0.45186104218362283,0.03157778139467592,0.3870967741935484,0.7211538553237915,0.688131312529246,0.7044491102978885,378818,169116,1487,601,663.8425101235949,-2.439051632071048,-3.2846454506425253,-0.0993713095673026,0.9995530620380623,1.0,True,False,0.0,0.0,0.0,0.0,0.0,0.0,0.0
F021,F051,road_and_building,zebra_crossing,C017,C020,False,0.06626900157705794,0.5057071960297767,0.49429280397022335,0.2774387001991272,0.45186104218362283,0.03141547309027778,0.3920595533498759,0.7211538553237915,0.8715151250362396,0.7927777067960983,378818,169116,19455,7152,8685.310043345353,-16.452705243686566,-22.70384350297742,-0.19422871864116892,1.0,1.0,True,False,0.0,0.0,0.0,0.0,0.0,0.0,0.0
F021,F052,road_and_building,palm_tree_street,C017,C026,False,0.07068064490597513,0.8173697270471464,0.1826302729528536,0.27367761731147766,0.2682382133995037,0.02380182713638117,0.609925558312655,0.7211538553237915,0.6043684764040841,0.6601838053110445,378818,169116,90021,34801,40188.141630017584,-26.872584142304905,-41.365839259954086,-0.14392391988443476,1.0,1.0,True,False,0.0,0.0,0.0,0.0,0.0,0.0,0.0
F021,F053,road_and_building,road_marking,C017,C030,False,0.06440596741883202,0.3598014888337469,0.6401985111662531,0.2774387001991272,0.45186104218362283,0.025899251302083332,0.5464019851116625,0.7211538553237915,0.5154761910438538,0.6097029133101616,378818,169116,86968,39863,38825.188581324015,5.266979861841318,8.065114852466664,0.026379013864153606,3.9174862618461113e-16,3.968669499438071e-15,True,True,1.8950671959478689,2.9018403315326706,0.00949120846228852,2.3799430095317717,0.011919648696432684,2.8778882520532463,0.014413545540661597
F021,F054,road_and_building,highlighted_lane,C017,C023,False,0.07378282080490943,0.9404466501240695,0.05955334987593053,0.26160186529159546,0.1228287841191067,0.0254031522774402,0.5617866004962779,0.7211538553237915,0.8999999761581421,0.8056292277454714,378818,169116,245062,107483,109403.2099636237,-5.805420557942724,-13.131241770326397,-0.017707453913927525,1.0,1.0,True,False,0.0,0.0,0.0,0.0,0.0,0.0,0.0
F021,F055,road_and_building,small alley entrance,C017,C014,False,0.06100831383530073,0.18511166253101738,0.8148883374689826,0.2774387001991272,0.45186104218362283,0.03324924045138889,0.35086848635235734,0.7211538553237915,0.8571428656578064,0.7862136364452157,378818,169116,535,164,238.84044580774938,-4.84264272406369,-6.513325229969072,-0.37497642759279814,0.9999999999872783,1.0,False,False,0.0,0.0,0.0,0.0,0.0,0.0,0.0
F021,F056,road_and_building,stone_wall_street,C017,C021,False,0.06071010975753408,0.17022332506203475,0.8297766749379653,0.2803388833999634,0.7880893300248138,0.0674121997974537,0.07394540942928039,0.7211538553237915,0.4911375728746255,0.5951350722087431,378818,169116,8534,2875,3809.839933688473,-15.145509618083745,-20.58946989390457,-0.2814918344274859,1.0,1.0,True,False,0.0,0.0,0.0,0.0,0.0,0.0,0.0
F021,F057,road_and_building,streetlight illumination,C017,C027,False,0.06391136399791644,0.3235732009925558,0.6764267990074442,0.2803388833999634,0.7880893300248138,0.033251953125,0.35037220843672456,0.7211538553237915,0.2642857193946838,0.43656690832963735,378818,169116,119269,48364,53245.34790849432,-21.154313087692508,-34.34930822973257,-0.09615375447334264,1.0,1.0,True,False,0.0,0.0,0.0,0.0,0.0,0.0,0.0
F021,F058,road_and_building,shaded alley,C017,C031,False,0.07449325905661039,0.9533498759305211,0.04665012406947888,0.2774387001991272,0.45186104218362283,0.02277911150896991,0.6416873449131514,0.7211538553237915,0.875,0.7943611416782153,378818,169116,169922,62438,75858.40417298017,-48.72633472354571,-88.19164220101266,-0.1946930184733848,1.0,1.0,True,False,0.0,0.0,0.0,0.0,0.0,0.0,0.0
F021,F059,road_and_building,road_edge,C017,C024,False,0.06684015953472691,0.5464019851116625,0.4535980148883375,0.26160186529159546,0.1228287841191067,0.03697331746419271,0.27593052109181143,0.7211538553237915,0.7857142686843872,0.7527422361238003,378818,169116,1891,1026,844.2005290139329,6.257052589421059,8.430822164080187,0.19492807545139598,2.7306275431760484e-17,2.8523031746336337e-16,True,True,3.418865955807735,4.606617966576817,0.10650908738063869,0.7685461617278968,0.02394277849837246,1.726511781497821,0.05378660543472763
F021,F060,road_and_building,street_corner_shop,C017,C031,False,0.0633298917146171,0.28982630272952853,0.7101736972704715,0.2774387001991272,0.45186104218362283,0.0640835232204861,0.08287841191066997,0.7211538553237915,0.3880471537510554,0.529000662546842,378818,169116,35651,15256,15915.702305592658,-5.2291981425387695,-7.384329827315554,-0.042331961563682796,0.9999999999999339,1.0,True,False,0.0,0.0,0.0,0.0,0.0,0.0,0.0
F021,F061,road_and_building,sunlit street,C017,C014,False,0.05570669764599527,0.07841191066997519,0.9215880893300248,0.2774387001991272,0.45186104218362283,0.06778428819444444,0.07344913151364764,0.7211538553237915,0.8258823394775391,0.7717436317573729,378818,169116,9753,4199,4354.0390055382795,-2.3496047763641115,-3.1994264671102286,-0.036253280050998975,0.9993437999018816,1.0,True,False,0.0,0.0,0.0,0.0,0.0,0.0,0.0
F021,F062,road_and_building,shaded alley,C017,C005,False,0.07140827997875115,0.8580645161290322,0.14193548387096777,0.2803388833999634,0.7880893300248138,0.05435413784450955,0.11712158808933003,0.7211538553237915,0.5,0.6004805805868294,378818,169116,6655,2787,2970.996573552471,-3.3756597083243887,-4.577420502026891,-0.06392058593401521,0.9999978838922564,1.0,True,False,0.0,0.0,0.0,0.0,0.0,0.0,0.0
F021,F063,road_and_building,blue_wall_graffiti,C017,C013,False,0.07294300935123679,0.919106699751861,0.08089330024813901,0.2721763849258423,0.21861042183622828,0.015590667724609375,0.8267990074441688,0.7211538553237915,0.11488095670938492,0.2878312784154261,378818,169116,39,17,17.41079885327519,-0.09845094146117499,-0.1323291961549546,-0.023202937904725992,0.6131211266565797,1.0,False,False,0.0,0.0,0.0,0.0,0.0,0.0,0.0
F022,F023,tree_canopy_and_road,street_corner_cafe,C005,C018,False,0.06289962033586413,0.2679900744416873,0.7320099255583127,0.2803388833999634,0.7880893300248138,0.037071439954969615,0.2749379652605459,0.5876411199569702,0.48124999552965164,0.5317915816862198,378818,107423,8214,2180,2329.2782338748425,-3.093041905853058,-3.6945356819147084,-0.06621887615266707,0.9999040832290065,1.0,True,False,0.0,0.0,0.0,0.0,0.0,0.0,0.0
F022,F024,tree_canopy_and_road,road_edge,C005,C018,False,0.060778043046803405,0.17270471464019851,0.8272952853598015,0.2803388833999634,0.7880893300248138,0.02757814195421007,0.49727047146401987,0.5876411199569702,0.4875000019868215,0.535233637906439,378818,107423,9323,2436,2643.761988606666,-4.040684265262785,-4.833700592942504,-0.08182942175441651,0.9999994774194122,1.0,True,False,0.0,0.0,0.0,0.0,0.0,0.0,0.0
F022,F025,tree_canopy_and_road,shaded alley,C005,C019,False,0.06706895226930766,0.5652605459057072,0.4347394540942928,0.27533864974975586,0.31042183622828784,0.03453216552734375,0.3215880893300248,0.5876411199569702,0.7079328984022141,0.6449887450734788,378818,107423,17421,4072,4940.145618740397,-12.35158531598675,-14.940307750854926,-0.19323895321901768,1.0,1.0,True,False,0.0,0.0,0.0,0.0,0.0,0.0,0.0
F022,F026,tree_canopy_and_road,tree_shadows,C005,C016,False,0.07069622034630901,0.8188585607940446,0.18114143920595538,0.2803388833999634,0.7880893300248138,0.020941840277777776,0.6813895781637717,0.5876411199569702,0.7362637281417846,0.6577680759879827,378818,107423,208,56,58.983427397853326,-0.3884637258399712,-0.45907489493807746,-0.05145710447367422,0.7012169120806373,1.0,False,False,0.0,0.0,0.0,0.0,0.0,0.0,0.0
F022,F027,tree_canopy_and_road,car_top_heat,C005,C020,False,0.06808037693334566,0.6401985111662531,0.35980148883374685,0.2803388833999634,0.7880893300248138,0.018088870578342013,0.7727047146401985,0.5876411199569702,0.9444444179534912,0.7449794463629842,378818,107423,94699,24933,26854.190342063997,-11.723691001351636,-15.993493460744896,-0.07422821177221216,1.0,1.0,True,False,0.0,0.0,0.0,0.0,0.0,0.0,0.0
F022,F028,tree_canopy_and_road,red_car_street,C005,C021,False,0.06205117090576192,0.228287841191067,0.7717121588089331,0.24508796632289886,0.05905707196029777,0.03170818752712674,0.38411910669975186,0.5876411199569702,0.6187312696129084,0.6029858507690935,378818,107423,158116,40343,44837.613492495075,-21.226144024326338,-32.85466814130752,-0.10562823405964622,1.0,1.0,True,False,0.0,0.0,0.0,0.0,0.0,0.0,0.0
F022,F029,tree_canopy_and_road,electric_bike_parking,C005,C022,False,0.06431462573398511,0.35285359801488836,0.6471464019851116,0.2803388833999634,0.7880893300248138,0.026180585225423176,0.5399503722084368,0.5876411199569702,0.39830395206809044,0.483797251414867,378818,107423,125824,33024,35680.43638897835,-14.063206118192674,-20.330981434990452,-0.07736684120479749,1.0,1.0,True,False,0.0,0.0,0.0,0.0,0.0,0.0,0.0
F022,F030,tree_canopy_and_road,stone_wall_and_shadows,C005,C012,False,0.060869538635714475,0.1781637717121588,0.8218362282878412,0.2803388833999634,0.7880893300248138,0.03693779839409722,0.27791563275434245,0.5876411199569702,0.38914142847061156,0.47820027692184097,378818,107423,10570,3695,2997.378978823604,12.74232653053338,15.268896247653966,0.20921083168084778,7.28441804194572e-51,1.3111952475502296e-49,True,True,2.2702209550677335,2.7203641453636593,0.037273790855297445,10.042091578405461,0.16487682417329344,3.541291740495629,0.058142960665645047
F022,F031,tree_canopy_and_road,road_edge,C005,C001,False,0.06736106026851188,0.5866004962779157,0.41339950372208434,0.2803388833999634,0.7880893300248138,0.016786151462131076,0.8044665012406947,0.5876411199569702,0.5565476566553116,0.5718831071699484,378818,107423,2681,950,760.2623502579075,6.881320326458263,8.158829529950843,0.22266713896453566,8.348527013326813e-16,8.415315229433427e-15,True,True,4.0365859185477255,4.785973451316078,0.13061665422138022,5.423095125764625,0.17548159636510302,5.535791686942354,0.17912825422407558
F022,F032,tree_canopy_and_road,tree-lined walk,C005,C012,False,0.059871701181607145,0.13846153846153847,0.8615384615384616,0.2803388833999634,0.7880893300248138,0.05535888671875,0.11315136476426799,0.5876411199569702,0.42500001192092896,0.49974741918987475,378818,107423,325,47,92.16160530914581,-4.704292915169509,-5.5602528584085995,-0.6682244935242094,0.9999999990213565,1.0,False,False,0.0,0.0,0.0,0.0,0.0,0.0,0.0
F022,F033,tree_canopy_and_road,zebra_crossing,C005,C023,False,0.06585471785704393,0.47146401985111663,0.5285359801488834,0.2803388833999634,0.7880893300248138,0.020782470703125,0.6880893300248139,0.5876411199569702,1.0,0.7665775368199685,378818,107423,44394,15377,12588.991711059136,24.848408998416076,31.24488861378226,0.20004292729286535,2.2154989336758305e-207,1.7865783401161898e-205,True,True,11.715130793297902,14.730840785654166,0.09431304264427895,19.582765999744282,0.1576516965464368,17.097925099902675,0.13764740381715027
F022,F034,tree_canopy_and_road,red_door_street,C005,C018,False,0.06377042010310849,0.31364764267990075,0.6863523573200992,0.2803388833999634,0.7880893300248138,0.03370383933738426,0.3404466501240695,0.5876411199569702,0.8333333730697632,0.6997863650059462,378818,107423,15775,4941,4473.382534620847,6.991537713752874,8.43767480897292,0.09941232122463788,3.415017459245894e-17,3.5306026655588325e-16,True,True,2.1928793226262115,2.646456813533938,0.031180440205444734,5.509956272674721,0.07834578963013644,2.380245593863261,0.0338445917419859
F022,F035,tree_canopy_and_road,small alley entrance,C005,C010,False,0.06471218017724122,0.38461538461538464,0.6153846153846154,0.2803388833999634,0.7880893300248138,0.010736011323474702,0.913151364764268,0.5876411199569702,0.3212707968694823,0.4345019342670995,378818,107423,65633,20270,18611.82351155436,12.154477390554282,15.793010566272262,0.08534271144370012,9.92506956504597e-56,1.9616608081502626e-54,True,True,4.674798996367032,6.07423483318164,0.03282411978603851,9.578813943523672,0.06725768028416663,11.098877617181081,0.07793081342749787
F022,F036,tree_canopy_and_road,pedestrian walk,C005,C024,False,0.06268496514735215,0.25856079404466503,0.741439205955335,0.2803388833999634,0.7880893300248138,0.018900553385416668,0.7459057071960298,0.5876411199569702,0.6076337546110153,0.5975538302808173,378818,107423,191641,50994,54344.437547846195,-14.37222402088861,-24.156101697488428,-0.06363368006352092,1.0,1.0,True,False,0.0,0.0,0.0,0.0,0.0,0.0,0.0
F022,F037,tree_canopy_and_road,street_corner_shops,C005,C003,False,0.05923385930709983,0.1270471464019851,0.8729528535980149,0.27533864974975586,0.31042183622828784,0.07717417707346906,0.0630272952853598,0.5876411199569702,0.6591791060160507,0.6223831200406278,378818,107423,5196,1455,1473.4513882656051,-0.4806856325716608,-0.5718393452481426,-0.01259732955274439,0.7210302820792657,1.0,True,False,0.0,0.0,0.0,0.0,0.0,0.0,0.0
F022,F038,tree_canopy_and_road,red-yellow hotspot,C005,C000,False,0.06743037847298339,0.5950372208436725,0.4049627791563275,0.27533864974975586,0.31042183622828784,0.015290154351128472,0.8327543424317618,0.5876411199569702,0.5312499850988388,0.5587345847722381,378818,107423,4115,810,1166.907710298877,-10.448108535513725,-12.411469455624976,-0.3648895962482472,1.0,1.0,True,False,0.0,0.0,0.0,0.0,0.0,0.0,0.0
F022,F039,tree_canopy_and_road,red car corner,C005,C017,False,0.06599345457209448,0.4838709677419355,0.5161290322580645,0.2803388833999634,0.7880893300248138,0.04576449924045139,0.16774193548387098,0.5876411199569702,0.30280448123812675,0.4218297814080487,378818,107423,1373,393,389.34733565986835,0.18511480811705686,0.21910053366283205,0.009325852395131208,0.42338597178729215,1.0,True,False,0.089571681346963,0.10601638725620906,0.004512509223450585,0.14588700510664332,0.007349604765989259,0.03105151620028051,0.0015643365307962027
F022,F040,tree_canopy_and_road,cobblestone,C005,C013,False,0.058513492883745334,0.1141439205955335,0.8858560794044665,0.2803388833999634,0.7880893300248138,0.03961997561984592,0.228287841191067,0.5876411199569702,0.45202021673321724,0.515388849708936,378818,107423,77947,20242,22103.75584317535,-12.522461011441106,-16.60078541967862,-0.08798580749533245,1.0,1.0,True,False,0.0,0.0,0.0,0.0,0.0,0.0,0.0
F022,F041,tree_canopy_and_road,concrete_wall,C005,C011,False,0.0640310965551985,0.33101736972704715,0.6689826302729529,0.26061704754829407,0.10198511166253102,0.017187895598234953,0.7950372208436725,0.5876411199569702,0.511904776096344,0.5484672241224425,378818,107423,8967,2765,2542.8095840218784,4.40624257202296,5.268465204143432,0.0837552317361377,9.173852694195833e-08,6.74981278521854e-07,True,True,1.4585428265703795,1.7439534943740294,0.027724436510175608,0.4493711407199595,0.008541786660931167,3.5031268488242095,0.06658852667061668
F022,F042,tree_canopy_and_road,Red-yellow glow street,C005,C025,False,0.0638892410573069,0.3210918114143921,0.6789081885856079,0.2803388833999634,0.7880893300248138,0.023512593022099248,0.6168734491315137,0.5876411199569702,0.9285714626312256,0.7386926114837588,378818,107423,66510,19332,18860.518058803966,3.4331142311370906,4.467101413021116,0.024690361964477152,4.2120363758447044e-06,2.8494850113097063e-05,True,True,1.1023448672683362,1.4343496844787407,0.007927873047650977,2.705600694315484,0.019458210818654946,2.1177970170240217,0.015230828745332556
F022,F043,tree_canopy_and_road,tree_shadows,C005,C015,False,0.06436983329740452,0.3568238213399504,0.6431761786600496,0.2803388833999634,0.7880893300248138,0.03776719835069445,0.2630272952853598,0.5876411199569702,0.7320646420121193,0.6558896905066433,378818,107423,16390,4158,4647.780649282769,-7.184206563739241,-8.67754854939892,-0.11134296605480722,1.0,1.0,True,False,0.0,0.0,0.0,0.0,0.0,0.0,0.0
F022,F044,tree_canopy_and_road,road_and_buildings,C005,C026,False,0.06881404218207701,0.6883374689826303,0.31166253101736974,0.2803388833999634,0.7880893300248138,0.026200188530815974,0.5389578163771712,0.5876411199569702,0.8246913684739007,0.6961483745501741,378818,107423,21673,5714,6145.902990354207,-5.509261165757614,-6.703477960066892,-0.07286022673690355,0.9999999999929474,1.0,True,False,0.0,0.0,0.0,0.0,0.0,0.0,0.0
F022,F045,tree_canopy_and_road,underpass glow,C005,C027,False,0.06950223761288991,0.7374689826302729,0.26253101736972706,0.26061704754829407,0.10198511166253102,0.014590369330512153,0.8491315136476427,0.5876411199569702,0.7119318172335625,0.6468078620518861,378818,107423,85507,24397,24247.576569751174,0.9595873903072282,1.2883963019433644,0.006143370507015483,0.09959433711573666,0.38611958389485596,True,False,0.7076659364747102,0.9501523100187789,0.004530545197729532,0.0978636271504394,0.0006265323271422738,0.814815893208768,0.005216529497520344
F022,F046,tree_canopy_and_road,window_heat_zone,C005,C021,False,0.05461489831677287,0.06947890818858561,0.9305210918114144,0.24508796632289886,0.05905707196029777,0.09186122393367266,0.052109181141439205,0.5876411199569702,0.739260733127594,0.6591054582957951,378818,107423,39968,6010,11333.892433833662,-50.00802798513167,-62.46907804904967,-0.634333741863843,1.0,1.0,True,False,0.0,0.0,0.0,0.0,0.0,0.0,0.0
F022,F047,tree_canopy_and_road,underpass,C005,C008,False,0.06594146218148181,0.4759305210918114,0.5240694789081886,0.22664237022399902,0.044913151364764266,0.020385177047164353,0.7007444168734491,0.5876411199569702,0.3610449731349945,0.460613582483064,378818,107423,10970,2891,3110.808646896399,-3.9410153289184637,-4.7250133189643835,-0.07326802585248357,0.9999990716420486,1.0,True,False,0.0,0.0,0.0,0.0,0.0,0.0,0.0
F022,F048,tree_canopy_and_road,shaded path,C005,C028,False,0.06918217318590958,0.7200992555831266,0.2799007444168734,0.2803388833999634,0.7880893300248138,0.042592366536458336,0.19404466501240694,0.5876411199569702,0.6641156588281903,0.6247092680077341,378818,107423,155,29,43.953996378208004,-2.255579231385831,-2.665389999647735,-0.41006460184399407,0.9978902730135258,1.0,False,False,0.0,0.0,0.0,0.0,0.0,0.0,0.0
F022,F049,tree_canopy_and_road,red_wall_yellow_wall,C005,C029,False,0.07015813459228477,0.7821339950372208,0.2178660049627792,0.2803388833999634,0.7880893300248138,0.018751202207623108,0.749379652605459,0.5876411199569702,1.0,0.7665775368199685,378818,107423,349,118,98.96738539351351,1.913164903208399,2.261342585127677,0.17508315513369488,0.014909078908366078,0.06724094648605372,False,False,1.496351308911383,1.7686729102537067,0.13693848758843827,1.5077448467964951,0.13798116642794414,1.4336868505432667,0.13120375397115597
F022,F050,tree_canopy_and_road,greenery_and_water,C005,C030,False,0.06576974278929239,0.4610421836228288,0.5389578163771712,0.2803388833999634,0.7880893300248138,0.029712253146701388,0.4421836228287841,0.5876411199569702,0.688131312529246,0.6359042814544859,378818,107423,1487,472,421.67479106061484,2.4507373378306,2.9011129434580822,0.11261832182751044,0.0022248889682479666,0.011047724531989904,True,True,1.1298932937194182,1.3375354463883664,0.051921797011293895,1.9313999466377134,0.08875329779756158,1.0836759146437045,0.049797977542586504
F022,F051,tree_canopy_and_road,zebra_crossing,C005,C020,False,0.06257135401030478,0.2555831265508685,0.7444168734491314,0.2803388833999634,0.7880893300248138,0.03029268052842882,0.426302729528536,0.5876411199569702,0.8715151250362396,0.7156382634653731,378818,107423,19455,4881,5516.93548089056,-8.561780781606062,-10.385479104589878,-0.12246061585634399,1.0,1.0,True,False,0.0,0.0,0.0,0.0,0.0,0.0,0.0
F022,F052,tree_canopy_and_road,palm_tree_street,C005,C026,False,0.06390575338618562,0.3225806451612903,0.6774193548387097,0.2803388833999634,0.7880893300248138,0.05284504831573109,0.12555831265508685,0.5876411199569702,0.6043684764040841,0.5959461119436754,378818,107423,90021,16217,25527.630373952663,-58.273866450990944,-78.85089153617415,-0.4536900899540618,1.0,1.0,True,False,0.0,0.0,0.0,0.0,0.0,0.0,0.0
F022,F053,tree_canopy_and_road,road_marking,C005,C030,False,0.061927197540163945,0.22332506203473945,0.7766749379652605,0.2803388833999634,0.7880893300248138,0.01838294135199653,0.7632754342431762,0.5876411199569702,0.5154761910438538,0.550377149067949,378818,107423,86968,22053,24661.878432387057,-16.612720798123462,-22.360938638136073,-0.11180762263191406,1.0,1.0,True,False,0.0,0.0,0.0,0.0,0.0,0.0,0.0
F022,F054,tree_canopy_and_road,highlighted_lane,C005,C023,False,0.06736825064459295,0.5885856079404467,0.4114143920595533,0.2803388833999634,0.7880893300248138,0.03961153383608217,0.22878411910669974,0.5876411199569702,0.8999999761581421,0.7272392962091756,378818,107423,245062,63571,69493.25329313813,-22.465477629330906,-44.667138635508636,-0.08907161115116381,1.0,1.0,True,False,0.0,0.0,0.0,0.0,0.0,0.0,0.0
F022,F055,tree_canopy_and_road,small alley entrance,C005,C014,False,0.06148637020454177,0.2044665012406948,0.7955334987593052,0.2803388833999634,0.7880893300248138,0.04060601128472222,0.21488833746898264,0.5876411199569702,0.8571428656578064,0.7097128951472421,378818,107423,535,171,151.71218104736312,1.5659319849246407,1.8513715902740058,0.1193077912181907,0.03680734017278383,0.15787999529432384,False,False,0.3201806341384377,0.3785434715597471,0.024394446641138743,1.234094288863687,0.09402519724788427,0.33650052082996,0.025637852901973488
F022,F056,tree_canopy_and_road,stone_wall_street,C005,C021,False,0.06250869327474609,0.2521091811414392,0.7478908188585608,0.24508796632289886,0.05905707196029777,0.03277432477032697,0.36327543424317615,0.5876411199569702,0.4911375728746255,0.5372267988261503,378818,107423,8534,2222,2420.0219683330783,-4.025350658703287,-4.810224634123937,-0.08535051789889338,0.9999994174836028,1.0,True,False,0.0,0.0,0.0,0.0,0.0,0.0,0.0
F022,F057,tree_canopy_and_road,streetlight illumination,C005,C027,False,0.06267253780550032,0.25806451612903225,0.7419354838709677,0.26061704754829407,0.10198511166253102,0.029095119900173612,0.45508684863523574,0.5876411199569702,0.2642857193946838,0.39408775181896427,378818,107423,119269,25695,33821.607703435424,-44.18879630205308,-63.071274081888035,-0.27479878344830416,1.0,1.0,True,False,0.0,0.0,0.0,0.0,0.0,0.0,0.0
F022,F058,tree_canopy_and_road,shaded alley,C005,C031,False,0.07040929215785148,0.7965260545905707,0.2034739454094293,0.2803388833999634,0.7880893300248138,0.015853740550853587,0.8208436724565756,0.5876411199569702,0.875,0.7170676257943521,378818,107423,169922,39713,48185.490145663614,-38.596945074288826,-61.40687297553845,-0.1933771376611935,1.0,1.0,True,False,0.0,0.0,0.0,0.0,0.0,0.0,0.0
F022,F059,tree_canopy_and_road,road_edge,C005,C024,False,0.06885231641728459,0.6918114143920595,0.3081885856079405,0.2803388833999634,0.7880893300248138,0.007994757758246528,0.9493796526054591,0.5876411199569702,0.7857142686843872,0.6794983537992312,378818,107423,1891,507,536.2387558141377,-1.2626407135557467,-1.4954788574035829,-0.05601477697729515,0.9365003975869628,1.0,True,False,0.0,0.0,0.0,0.0,0.0,0.0,0.0
F022,F060,tree_canopy_and_road,street_corner_shop,C005,C031,False,0.06891899362307824,0.6987593052109181,0.3012406947890819,0.2803388833999634,0.7880893300248138,0.008662188494646991,0.939454094292804,0.5876411199569702,0.3880471537510554,0.4775274484533688,378818,107423,35651,11828,10109.702741158024,17.089490075984816,21.21316439924725,0.15696678731200892,2.049924802003426e-97,6.457263126310792e-96,True,True,11.94144021190403,14.822896016942993,0.1096820032433293,13.46804478444858,0.12370385024886855,16.054791421260177,0.14746309100825453
F022,F061,tree_canopy_and_road,sunlit street,C005,C014,False,0.05135895015914959,0.046153846153846156,0.9538461538461538,0.2803388833999634,0.7880893300248138,0.056915961371527775,0.10669975186104218,0.5876411199569702,0.8258823394775391,0.6966508615678758,378818,107423,9753,1562,2765.6988817849206,-22.888398702758224,-27.396374354950105,-0.5711870303376586,1.0,1.0,True,False,0.0,0.0,0.0,0.0,0.0,0.0,0.0
F022,F062,tree_canopy_and_road,shaded alley,C005,C005,True,0.04544749150091124,0.01836228287841191,0.9816377171215881,0.1055605560541153,0.006699751861042184,0.19284375508626303,0.010918114143920596,0.5876411199569702,0.5,0.5420521745906801,378818,107423,6655,1051,1887.1861025611242,-19.248441896617205,-22.943416864492573,-0.5851340785033998,1.0,1.0,True,False,0.0,0.0,0.0,0.0,0.0,0.0,0.0
F022,F063,tree_canopy_and_road,blue_wall_graffiti,C005,C013,False,0.06473193190613065,0.38511166253101736,0.6148883374689826,0.2803388833999634,0.7880893300248138,0.023586697048611112,0.6138957816377171,0.5876411199569702,0.11488095670938492,0.2598245062776627,378818,107423,39,4,11.059392637097497,-2.1227639284910302,-2.508059672320072,-0.9434209250442118,0.9984291204692602,1.0,False,False,0.0,0.0,0.0,0.0,0.0,0.0,0.0
F023,F024,street_corner_cafe,road_edge,C018,C018,True,0.04145248236741858,0.009925558312655087,0.9900744416873449,0.1143508106470108,0.011166253101736972,0.11390399932861328,0.03573200992555831,0.48124999552965164,0.4875000019868215,0.4843649179873198,378818,8214,9323,153,202.1528068887962,-3.4570720863271793,-3.5389883659242787,-0.2777936368704428,0.9999003011991339,1.0,False,False,0.0,0.0,0.0,0.0,0.0,0.0,0.0
F023,F025,street_corner_cafe,shaded alley,C018,C019,False,0.06479219309586652,0.38957816377171217,0.6104218362282878,0.2803388833999634,0.7880893300248138,0.014118289947509766,0.8580645161290322,0.48124999552965164,0.7079328984022141,0.5836888761929242,378818,8214,17421,268,377.7436499849532,-5.646519264404074,-5.8447175043763995,-0.342687650700117,0.999999999655077,1.0,True,False,0.0,0.0,0.0,0.0,0.0,0.0,0.0
F023,F026,street_corner_cafe,tree_shadows,C018,C016,False,0.06425823897497822,0.34987593052109184,0.6501240694789081,0.27367761731147766,0.2682382133995037,0.020865631103515626,0.6833746898263028,0.48124999552965164,0.7362637281417846,0.5952536567522105,378818,8214,208,5,4.510113035811393,0.23067587135617423,0.23328193658376448,0.09328961535796859,0.4708992086331372,1.0,False,False,0.08070793513950514,0.08161973463600693,0.032639790981324,0.06187608360695393,0.025023839752348398,0.1576380520384377,0.06375176195926688
F023,F027,street_corner_cafe,car_top_heat,C018,C020,False,0.06455121237868124,0.36873449131513647,0.6312655086848635,0.2774387001991272,0.45186104218362283,0.05361592769622803,0.12307692307692308,0.48124999552965164,0.9444444179534912,0.674176439753068,378818,8214,94699,914,2053.38074220338,-25.14398636049873,-29.353438076581174,-0.8091088597272609,1.0,1.0,True,False,0.0,0.0,0.0,0.0,0.0,0.0,0.0
F023,F028,street_corner_cafe,red_car_street,C018,C021,False,0.05711715935259053,0.08982630272952853,0.9101736972704715,0.2803388833999634,0.7880893300248138,0.04046789805094401,0.2153846153846154,0.48124999552965164,0.6187312696129084,0.5456779459857873,378818,8214,158116,3132,3428.4665037036257,-5.063206920817675,-6.706524636847073,-0.09042749711294187,0.999999999992474,1.0,True,False,0.0,0.0,0.0,0.0,0.0,0.0,0.0
F023,F029,street_corner_cafe,electric_bike_parking,C018,C022,False,0.06394643335868984,0.32655086848635234,0.6734491315136477,0.2721763849258423,0.21861042183622828,0.050583720207214355,0.13746898263027296,0.48124999552965164,0.39830395206809044,0.43781705671685645,378818,8214,125824,1995,2728.271454893907,-14.038509148547067,-17.367642102735388,-0.31295684588001466,1.0,1.0,True,False,0.0,0.0,0.0,0.0,0.0,0.0,0.0
F023,F030,street_corner_cafe,stone_wall_and_shadows,C018,C012,False,0.06611180969137195,0.49280397022332506,0.5071960297766749,0.2774387001991272,0.45186104218362283,0.019605255126953124,0.7250620347394541,0.48124999552965164,0.38914142847061156,0.43275201988192274,378818,8214,10570,199,229.19180186791547,-1.9942954265888237,-2.0450045438638136,-0.1409241821227045,0.9827918775811246,1.0,True,False,0.0,0.0,0.0,0.0,0.0,0.0,0.0
F023,F031,street_corner_cafe,road_edge,C018,C001,False,0.06654994326388325,0.5200992555831265,0.47990074441687347,0.2721763849258423,0.21861042183622828,0.013153076171875,0.8769230769230769,0.48124999552965164,0.5565476566553116,0.5175312138194245,378818,8214,2681,59,58.13275504331896,0.11374474204459536,0.1154073009837555,0.014682812344848396,0.47219333553229065,1.0,False,False,0.0591585556638888,0.06002325133050906,0.007636519770422391,0.024865786040021962,0.003209815800449488,0.09974538917756824,0.012875696979328593
F023,F032,street_corner_cafe,tree-lined walk,C018,C012,False,0.06680211416936765,0.541439205955335,0.458560794044665,0.2774387001991272,0.45186104218362283,0.015964269638061523,0.8188585607940446,0.48124999552965164,0.42500001192092896,0.4522513171203031,378818,8214,325,3,7.0470516184553,-1.5245266386001164,-1.5419882834743053,-0.7683940043831916,0.9726193125433293,1.0,False,False,0.0,0.0,0.0,0.0,0.0,0.0,0.0
F023,F033,street_corner_cafe,zebra_crossing,C018,C023,False,0.06105333443388962,0.1880893300248139,0.8119106699751861,0.26160186529159546,0.1228287841191067,0.0487823486328125,0.14392059553349876,0.48124999552965164,1.0,0.693721843053577,378818,8214,44394,794,962.605567845245,-5.434351523237199,-5.847550638145798,-0.192450043743771,0.9999999991202773,1.0,True,False,0.0,0.0,0.0,0.0,0.0,0.0,0.0
F023,F034,street_corner_cafe,red_door_street,C018,C018,True,0.04206927991096537,0.010918114143920596,0.9890818858560794,0.1143508106470108,0.011166253101736972,0.21193695068359375,0.004962779156327543,0.48124999552965164,0.8333333730697632,0.6332785185560403,378818,8214,15775,305,342.05304394194576,-2.0034437882082448,-2.0690601220426164,-0.11447673992227163,0.9832611220269615,1.0,True,False,0.0,0.0,0.0,0.0,0.0,0.0,0.0
F023,F035,street_corner_cafe,small alley entrance,C018,C010,False,0.06358702772761342,0.3027295285359802,0.6972704714640199,0.2721763849258423,0.21861042183622828,0.056651524135044644,0.1076923076923077,0.48124999552965164,0.3212707968694823,0.3932067770998435,378818,8214,65633,1539,1423.1358119202362,3.071326938464731,3.415077428476663,0.07824365815827056,0.0003770420914368607,0.0020488324968644506,True,True,0.9297813560612833,1.0338447798366077,0.023686665745183643,0.6714240776147463,0.01710487911598917,0.33075828568081717,0.008426240109352215
F023,F036,street_corner_cafe,pedestrian walk,C018,C024,False,0.060149278887898304,0.14838709677419354,0.8516129032258064,0.26160186529159546,0.1228287841191067,0.04291173389979771,0.1900744416873449,0.48124999552965164,0.6076337546110153,0.5407621858915586,378818,8214,191641,3987,4155.396982191976,-2.612330038617404,-3.7573078994632825,-0.04136381708828134,0.9999178509202841,1.0,True,False,0.0,0.0,0.0,0.0,0.0,0.0,0.0
F023,F037,street_corner_cafe,street_corner_shops,C018,C003,False,0.06434711878162769,0.3543424317617866,0.6456575682382134,0.2803388833999634,0.7880893300248138,0.03139495849609375,0.3925558312655087,0.48124999552965164,0.6591791060160507,0.5632316946190654,378818,8214,5196,104,112.66609295228844,-0.8164446093673997,-0.8311616334124048,-0.07966951727187999,0.809460065304293,1.0,False,False,0.0,0.0,0.0,0.0,0.0,0.0,0.0
F023,F038,street_corner_cafe,red-yellow hotspot,C018,C000,False,0.06638642453768538,0.5126550868486353,0.48734491315136474,0.2803388833999634,0.7880893300248138,0.036869049072265625,0.27990074441687346,0.48124999552965164,0.5312499850988388,0.505632329814801,378818,8214,4115,49,89.22651510751865,-4.2585862244099,-4.329092267835005,-0.5947936534409338,0.9999990831431069,1.0,False,False,0.0,0.0,0.0,0.0,0.0,0.0,0.0
F023,F039,street_corner_cafe,red car corner,C018,C017,False,0.06788876290537789,0.6263027295285359,0.37369727047146406,0.21665197610855103,0.036972704714640196,0.017760753631591797,0.7826302729528536,0.48124999552965164,0.30280448123812675,0.3817389883705973,378818,8214,1373,27,29.771082683505007,-0.5078695442626514,-0.514399235037838,-0.0960068852637447,0.721890006816255,1.0,False,False,0.0,0.0,0.0,0.0,0.0,0.0,0.0
F023,F040,street_corner_cafe,cobblestone,C018,C013,False,0.06011892037365868,0.14640198511166252,0.8535980148883375,0.2721763849258423,0.21861042183622828,0.0321502685546875,0.3781637717121588,0.48124999552965164,0.45202021673321724,0.46640618272292766,378818,8214,77947,1491,1690.1431769345702,-4.843994963258206,-5.495263230713927,-0.12532670962864517,0.9999999886316802,1.0,True,False,0.0,0.0,0.0,0.0,0.0,0.0,0.0
F023,F041,street_corner_cafe,concrete_wall,C018,C011,False,0.0659527214657634,0.4774193548387097,0.5225806451612903,0.2803388833999634,0.7880893300248138,0.03147697448730469,0.388833746898263,0.48124999552965164,0.511904776096344,0.49634078132667364,378818,8214,8967,153,194.43357496211902,-2.9714387040654615,-3.0403834488946027,-0.23895829228519322,0.9992683957034768,1.0,False,False,0.0,0.0,0.0,0.0,0.0,0.0,0.0
F023,F042,street_corner_cafe,Red-yellow glow street,C018,C025,False,0.06136339619895189,0.1965260545905707,0.8034739454094293,0.27367761731147766,0.2682382133995037,0.03372351328531901,0.3399503722084367,0.48124999552965164,0.9285714626312256,0.6684871070112268,378818,8214,66510,1097,1442.1520096721908,-9.08876525711917,-10.120181805818723,-0.2734482272030602,1.0,1.0,True,False,0.0,0.0,0.0,0.0,0.0,0.0,0.0
F023,F043,street_corner_cafe,tree_shadows,C018,C015,False,0.06520882368648419,0.41786600496277915,0.5821339950372209,0.2774387001991272,0.45186104218362283,0.041704654693603516,0.20049627791563276,0.48124999552965164,0.7320646420121193,0.59355379343051,378818,8214,16390,385,355.38823392763805,1.5707706840637956,1.6235919839498472,0.07992446108532564,0.0565539391330393,0.23315489016811294,True,False,0.65637167046239,0.6784438960227153,0.03339771525252813,0.7097700783325488,0.03611475028197965,0.3149336756137834,0.016024556962020625
F023,F044,street_corner_cafe,road_and_buildings,C018,C026,False,0.06411875965405762,0.3384615384615385,0.6615384615384615,0.27367761731147766,0.2682382133995037,0.03657107883029514,0.2853598014888337,0.48124999552965164,0.8246913684739007,0.6299862834946544,378818,8214,21673,602,469.9407683900976,6.091821995542771,6.343075779631197,0.24741760503984747,5.907912725661284e-10,4.726330180529027e-09,True,True,2.0618474446452457,2.1468871869520973,0.08374134324425607,1.6340594484321924,0.06636685633947273,1.738361115353396,0.07060303865901355
F023,F045,street_corner_cafe,underpass glow,C018,C027,False,0.06804019345239405,0.6367245657568238,0.3632754342431762,0.2803388833999634,0.7880893300248138,0.013938426971435547,0.8630272952853598,0.48124999552965164,0.7119318172335625,0.5853351039029426,378818,8214,85507,1436,1854.068439197715,-9.709223590914187,-11.155661030580399,-0.25544242222283425,1.0,1.0,True,False,0.0,0.0,0.0,0.0,0.0,0.0,0.0
F023,F046,street_corner_cafe,window_heat_zone,C018,C021,False,0.06120962349450149,0.19205955334987593,0.8079404466501241,0.2803388833999634,0.7880893300248138,0.02387358925559304,0.605955334987593,0.48124999552965164,0.739260733127594,0.5964639339582081,378818,8214,39968,566,866.6355664197583,-10.212265659835605,-10.916749410164295,-0.4257182467416626,1.0,1.0,True,False,0.0,0.0,0.0,0.0,0.0,0.0,0.0
F023,F047,street_corner_cafe,underpass,C018,C008,False,0.06568605091866823,0.45260545905707195,0.547394540942928,0.2803388833999634,0.7880893300248138,0.0269775390625,0.5163771712158809,0.48124999552965164,0.3610449731349945,0.41683676866037056,378818,8214,10970,204,237.86509616755276,-2.1957705380655246,-2.252826450000941,-0.15323554029638808,0.990136273705225,1.0,True,False,0.0,0.0,0.0,0.0,0.0,0.0,0.0
F023,F048,street_corner_cafe,shaded path,C018,C028,False,0.06914608371921711,0.7166253101736972,0.28337468982630276,0.2774387001991272,0.45186104218362283,0.024281093052455356,0.5935483870967742,0.48124999552965164,0.6641156588281903,0.5653367649837027,378818,8214,155,3,3.360901541109451,-0.19686152345170424,-0.19907163730642743,-0.09813774758342536,0.6556356782714401,1.0,False,False,0.0,0.0,0.0,0.0,0.0,0.0,0.0
F023,F049,street_corner_cafe,red_wall_yellow_wall,C018,C029,False,0.06460639453699521,0.3751861042183623,0.6248138957816377,0.2774387001991272,0.45186104218362283,0.06188600713556463,0.08734491315136476,0.48124999552965164,1.0,0.693721843053577,378818,8214,349,9,7.567449276433538,0.5207571590104405,0.5267385150989863,0.16345444107818574,0.3466230432192705,1.0,False,False,0.1953808497329494,0.19762497142175367,0.06132583496531435,0.23530987259504024,0.07385869409513059,0.04548548882671838,0.014276913960179003
F023,F050,street_corner_cafe,greenery_and_water,C018,C030,False,0.07062953246727999,0.8119106699751861,0.18808933002481387,0.2774387001991272,0.45186104218362283,0.024582386016845703,0.5861042183622829,0.48124999552965164,0.688131312529246,0.5754678019476962,378818,8214,1487,67,32.24297155890164,6.121038472578916,6.200673277132369,0.7234392677175057,3.6406123224335457e-08,2.7183238674170476e-07,False,False,4.969736447215437,5.034392794733774,0.587368060538878,2.76585882346556,0.32689402146738905,3.5875664695363274,0.424010806538151
F023,F051,street_corner_cafe,zebra_crossing,C018,C020,False,0.05872666055029336,0.11761786600496278,0.8823821339950372,0.2774387001991272,0.45186104218362283,0.07238883972167968,0.06898263027295286,0.48124999552965164,0.8715151250362396,0.647623849180768,378818,8214,19455,797,421.8473514986088,18.265449039963414,18.960014091288997,0.6356537513738458,3.153425176575892e-65,7.479182536443527e-64,True,True,2.1483431377028928,2.2300363968414354,0.07476423775464093,8.253444839149722,0.28722716656371544,1.259998717893258,0.04384906771263751
F023,F052,street_corner_cafe,palm_tree_street,C018,C026,False,0.06690804422940773,0.5523573200992555,0.44764267990074447,0.27367761731147766,0.2682382133995037,0.015590243869357638,0.8272952853598015,0.48124999552965164,0.6043684764040841,0.5393072654505294,378818,8214,90021,1789,1951.9465653691218,-3.688172696105682,-4.270609797355561,-0.08714698384472742,0.9999923217885184,1.0,True,False,0.0,0.0,0.0,0.0,0.0,0.0,0.0
F023,F053,street_corner_cafe,road_marking,C018,C030,False,0.05082937341240913,0.0401985111662531,0.9598014888337469,0.2774387001991272,0.45186104218362283,0.106298828125,0.044168734491315136,0.48124999552965164,0.5154761910438538,0.4980691865950919,378818,8214,86968,1441,1885.7476466271403,-10.241695782936556,-11.7968757456063,-0.2689052453565095,1.0,1.0,True,False,0.0,0.0,0.0,0.0,0.0,0.0,0.0
F023,F054,street_corner_cafe,highlighted_lane,C018,C023,False,0.0712115463175908,0.8451612903225807,0.1548387096774193,0.26160186529159546,0.1228287841191067,0.02618249257405599,0.539454094292804,0.48124999552965164,0.8999999761581421,0.6581223172806043,378818,8214,245062,4155,5313.737119144285,-15.895891392537365,-27.04601178452973,-0.2459567099239916,1.0,1.0,True,False,0.0,0.0,0.0,0.0,0.0,0.0,0.0
F023,F055,street_corner_cafe,small alley entrance,C018,C014,False,0.06527354346195141,0.4258064516129032,0.5741935483870968,0.2774387001991272,0.45186104218362283,0.03542766571044922,0.30173697270471467,0.48124999552965164,0.8571428656578064,0.6422616291404089,378818,8214,535,5,11.60053112576488,-1.9379383028968777,-1.9606790873096809,-0.7885012540922387,0.9905700532900841,1.0,False,False,0.0,0.0,0.0,0.0,0.0,0.0,0.0
F023,F056,street_corner_cafe,stone_wall_street,C018,C021,False,0.06351723020871099,0.2992555831265509,0.7007444168734491,0.2803388833999634,0.7880893300248138,0.010340372721354166,0.9181141439205955,0.48124999552965164,0.4911375728746255,0.4861686484650748,378818,8214,8534,251,185.04473388276165,4.848541440552394,4.958138122021302,0.3041469835582153,1.3734942036688707e-06,9.581191399987693e-06,True,True,1.4509530961057535,1.4837505149274666,0.0910176829208952,3.8210837754824816,0.23969499250146195,4.451514473956292,0.2792416474355823
F023,F057,street_corner_cafe,streetlight illumination,C018,C027,False,0.06732325468963042,0.5846153846153846,0.41538461538461535,0.2803388833999634,0.7880893300248138,0.02086639404296875,0.68287841191067,0.48124999552965164,0.2642857193946838,0.3566335672328705,378818,8214,119269,2281,2586.1378445586006,-6.000262347441579,-7.328845084131961,-0.12552578151206728,0.9999999999999432,1.0,True,False,0.0,0.0,0.0,0.0,0.0,0.0,0.0
F023,F058,street_corner_cafe,shaded alley,C018,C031,False,0.06498914756531529,0.40297766749379654,0.5970223325062034,0.2774387001991272,0.45186104218362283,0.08753236134847005,0.05310173697270471,0.48124999552965164,0.875,0.6489173646069623,378818,8214,169922,2392,3684.45878495742,-21.2926566697729,-28.989436382940706,-0.4319204966903392,1.0,1.0,True,False,0.0,0.0,0.0,0.0,0.0,0.0,0.0
F023,F059,street_corner_cafe,road_edge,C018,C024,False,0.060722791887325274,0.1707196029776675,0.8292803970223325,0.26160186529159546,0.1228287841191067,0.0658721923828125,0.07692307692307693,0.48124999552965164,0.7857142686843872,0.6149186842924395,378818,8214,1891,17,41.0029988015353,-3.7485015364358616,-3.7993040593481266,-0.8635648039744951,0.9999938335034024,1.0,False,False,0.0,0.0,0.0,0.0,0.0,0.0,0.0
F023,F060,street_corner_cafe,street_corner_shop,C018,C031,False,0.06546030613696888,0.43771712158808934,0.5622828784119107,0.2774387001991272,0.45186104218362283,0.022634506225585938,0.6441687344913152,0.48124999552965164,0.3880471537510554,0.4321431371756232,378818,8214,35651,519,773.0290376909228,-9.136617822630221,-9.705271352855707,-0.39809639941681163,1.0,1.0,True,False,0.0,0.0,0.0,0.0,0.0,0.0,0.0
F023,F061,street_corner_cafe,sunlit street,C018,C014,False,0.060003785491012165,0.14292803970223325,0.8570719602977668,0.2774387001991272,0.45186104218362283,0.00611419677734375,0.9647642679900744,0.48124999552965164,0.8258823394775391,0.6304410140382555,378818,8214,9753,174,211.4765982609063,-2.5770865556945437,-2.6396877508001193,-0.19455114137483331,0.9969882504851789,1.0,False,False,0.0,0.0,0.0,0.0,0.0,0.0,0.0
F023,F062,street_corner_cafe,shaded alley,C018,C005,False,0.06823960811413811,0.6506203473945409,0.3493796526054591,0.2803388833999634,0.7880893300248138,0.03709602355957031,0.273697270471464,0.48124999552965164,0.5,0.49053541948041407,378818,8214,6655,108,144.30193391021547,-3.0219946145410836,-3.0824928046822606,-0.28861666261544705,0.999432539308795,1.0,False,False,0.0,0.0,0.0,0.0,0.0,0.0,0.0
F023,F063,street_corner_cafe,blue_wall_graffiti,C018,C013,False,0.06464809701544033,0.37866004962779154,0.6213399503722085,0.2721763849258423,0.21861042183622828,0.060699462890625,0.0913151364764268,0.48124999552965164,0.11488095670938492,0.23513072938863944,378818,8214,39,1,0.845646194214636,0.16785063658424862,0.16970906021892768,0.10859076863430031,0.574713597240303,1.0,False,False,0.06355833037904798,0.06426204116478501,0.04111898584018418,0.036693898469162045,0.023739073738664657,0.015327303787345781,0.00991598085792122
F024,F025,road_edge,shaded alley,C018,C019,False,0.0644583502120113,0.3617866004962779,0.638213399503722,0.2803388833999634,0.7880893300248138,0.02194048563639323,0.6575682382133995,0.4875000019868215,0.7079328984022141,0.5874668410877465,378818,9323,17421,285,428.74410138905756,-6.942101404162707,-7.196551411508449,-0.40778372891921083,0.9999999999999907,1.0,True,False,0.0,0.0,0.0,0.0,0.0,0.0,0.0
F024,F026,road_edge,tree_shadows,C018,C016,False,0.06283201205201155,0.2645161290322581,0.7354838709677419,0.27367761731147766,0.2682382133995037,0.034052530924479164,0.33300248138957816,0.4875000019868215,0.7362637281417846,0.5991064754548598,378818,9323,208,1,5.1190386940430495,-1.8205460367267692,-1.8438745751833474,-1.3206954902845451,0.9943973626078041,1.0,False,False,0.0,0.0,0.0,0.0,0.0,0.0,0.0
F024,F027,road_edge,car_top_heat,C018,C020,False,0.0743207696224894,0.9508684863523573,0.04913151364764268,0.2774387001991272,0.45186104218362283,0.015738646189371746,0.8238213399503722,0.4875000019868215,0.9444444179534912,0.6785400913938464,378818,9323,94699,2459,2330.6146408037635,2.659379185777722,3.1092516773547096,0.05361153745498537,0.0010310458964734044,0.005289029331527692,True,True,2.528719861017427,2.9564894361348006,0.05097752147084465,1.2016698504469558,0.02422496518747602,2.1908533242635326,0.044166328622965614
F024,F028,road_edge,red_car_street,C018,C021,False,0.05794396140009663,0.10124069478908189,0.8987593052109181,0.2803388833999634,0.7880893300248138,0.03807025485568576,0.25707196029776674,0.4875000019868215,0.6187312696129084,0.5492098826182951,378818,9323,158116,3158,3891.3553949389943,-11.756120880829936,-15.595045970888542,-0.20878877784190114,1.0,1.0,True,False,0.0,0.0,0.0,0.0,0.0,0.0,0.0
F024,F029,road_edge,electric_bike_parking,C018,C022,False,0.060356247959430856,0.15632754342431762,0.8436724565756824,0.2721763849258423,0.21861042183622828,0.03852017720540365,0.24863523573200993,0.4875000019868215,0.39830395206809044,0.4406508566025407,378818,9323,125824,2748,3096.624637688811,-6.2648949555126885,-7.762192937656206,-0.11941883651519948,0.9999999999999989,1.0,True,False,0.0,0.0,0.0,0.0,0.0,0.0,0.0
F024,F030,road_edge,stone_wall_and_shadows,C018,C012,False,0.06559377282712119,0.4476426799007444,0.5523573200992555,0.2774387001991272,0.45186104218362283,0.021103922526041666,0.6779156327543424,0.4875000019868215,0.38914142847061156,0.4355530359813575,378818,9323,10570,112,260.1357644040146,-9.184592460539571,-9.432253033179576,-0.8401706723252761,1.0,1.0,False,False,0.0,0.0,0.0,0.0,0.0,0.0,0.0
F024,F031,road_edge,road_edge,C018,C001,False,0.061876526268822646,0.21985111662531018,0.7801488833746898,0.2721763849258423,0.21861042183622828,0.04361724853515625,0.18114143920595532,0.4875000019868215,0.5565476566553116,0.5208809688645049,378818,9323,2681,44,65.98145547466065,-2.7061103332509937,-2.7497817300276006,-0.40143385455683067,0.9985272256546938,1.0,False,False,0.0,0.0,0.0,0.0,0.0,0.0,0.0
F024,F032,road_edge,tree-lined walk,C018,C012,False,0.060564334031404106,0.16377171215880892,0.8362282878411911,0.2774387001991272,0.45186104218362283,0.04076512654622396,0.21240694789081885,0.4875000019868215,0.42500001192092896,0.4551785437120823,378818,9323,325,11,7.998497959442265,1.0612908593584744,1.075056398856664,0.30245759814195206,0.18138884845960676,0.6572059848163754,False,False,0.17380942113563105,0.17606382710803925,0.04953399870314847,0.47955599376967295,0.13666880551277785,0.22542555226075783,0.06424409528771984
F024,F033,road_edge,zebra_crossing,C018,C023,False,0.05570457932173892,0.07791563275434243,0.9220843672456576,0.26160186529159546,0.1228287841191067,0.0644518534342448,0.08138957816377171,0.4875000019868215,1.0,0.6982120036112395,378818,9323,44394,1208,1092.5702104968614,3.4921527038056674,3.763312285716098,0.10038947752791444,0.00010874824709843507,0.000641042298685512,True,True,0.27209328759180634,0.29322085799376046,0.007821909663465293,0.42893687056670105,0.012330717463106116,0.28422483544621807,0.008170657228078396
F024,F034,road_edge,red_door_street,C018,C018,True,0.03908819290281686,0.0064516129032258064,0.9935483870967742,0.09574612975120544,0.003970223325062035,0.22163497077094185,0.0034739454094292804,0.4875000019868215,0.8333333730697632,0.6373774556941861,378818,9323,15775,303,388.2347855698515,-4.325832012939828,-4.474210032345379,-0.2475157154302169,0.9999984451411332,1.0,True,False,0.0,0.0,0.0,0.0,0.0,0.0,0.0
F024,F035,road_edge,small alley entrance,C018,C010,False,0.06259382678048911,0.25707196029776674,0.7429280397022333,0.2721763849258423,0.21861042183622828,0.025009881882440476,0.5722084367245658,0.4875000019868215,0.3212707968694823,0.3957518339972417,378818,9323,65633,1682,1615.2782048371514,1.6601374857294247,1.8487122970082137,0.040464081339375,0.0337583675207906,0.14573205336598255,True,False,0.42677479782026895,0.4752520942184887,0.010402180711561414,0.36292335606144493,0.008845869890816222,0.9499446754570852,0.02315388872669944
F024,F036,road_edge,pedestrian walk,C018,C024,False,0.060597599458856975,0.16526054590570718,0.8347394540942928,0.26160186529159546,0.1228287841191067,0.04333396185012091,0.18362282878411912,0.4875000019868215,0.6076337546110153,0.5442623049414039,378818,9323,191641,4103,4716.431222909155,-8.932214101843908,-12.86644695712832,-0.13931815542325968,1.0,1.0,True,False,0.0,0.0,0.0,0.0,0.0,0.0,0.0
F024,F037,road_edge,street_corner_shops,C018,C003,False,0.06415060236233235,0.341439205955335,0.6585607940446649,0.2803388833999634,0.7880893300248138,0.022239916252367424,0.652605459057072,0.4875000019868215,0.6591791060160507,0.5668772490517642,378818,9323,5196,95,127.87752429926772,-2.9073813318983506,-2.964227470876032,-0.29584908404889093,0.9991456934520049,1.0,False,False,0.0,0.0,0.0,0.0,0.0,0.0,0.0
F024,F038,road_edge,red-yellow hotspot,C018,C000,False,0.06710156604001412,0.567741935483871,0.432258064516129,0.2803388833999634,0.7880893300248138,0.009441375732421875,0.9275434243176178,0.4875000019868215,0.5312499850988388,0.5089050685453848,378818,9323,4115,79,101.27328954801514,-2.2132827763724476,-2.253300276281071,-0.2469906663779027,0.9913372755378306,1.0,False,False,0.0,0.0,0.0,0.0,0.0,0.0,0.0
F024,F039,road_edge,red car corner,C018,C017,False,0.06907849729785437,0.711166253101737,0.288833746898263,0.21665197610855103,0.036972704714640196,0.038960774739583336,0.2401985111662531,0.4875000019868215,0.30280448123812675,0.38420981924620984,378818,9323,1373,41,33.79057753327455,1.2402312450527913,1.2580606560074268,0.190822818288478,0.12248593326676709,0.4650313398602683,False,False,0.8820106075238957,0.894690282907515,0.1357067486885305,0.045854703601207414,0.00705523571339534,0.29790169856354887,0.045835356849440866
F024,F040,road_edge,cobblestone,C018,C013,False,0.06350915684987858,0.29826302729528537,0.7017369727047147,0.2721763849258423,0.21861042183622828,0.011316617329915365,0.9032258064516129,0.4875000019868215,0.45202021673321724,0.4694250276194558,378818,9323,77947,1208,1918.3351398296807,-16.21814049678234,-18.42623663930118,-0.46233838275720773,1.0,1.0,True,False,0.0,0.0,0.0,0.0,0.0,0.0,0.0
F024,F041,road_edge,concrete_wall,C018,C011,False,0.06603696173221354,0.48734491315136474,0.5126550868486353,0.2803388833999634,0.7880893300248138,0.0375665028889974,0.2665012406947891,0.4875000019868215,0.511904776096344,0.4995533798945125,378818,9323,8967,102,220.68471139175014,-7.989298623309318,-8.186928669597833,-0.7691353520072255,1.0,1.0,False,False,0.0,0.0,0.0,0.0,0.0,0.0,0.0
F024,F042,road_edge,Red-yellow glow street,C018,C025,False,0.06688089985010283,0.5508684863523573,0.4491315136476427,0.27367761731147766,0.2682382133995037,0.028175777859157987,0.47990074441687347,0.4875000019868215,0.9285714626312256,0.6728139340691661,378818,9323,66510,1573,1636.8618439461693,-1.5784667629978923,-1.7602308884521465,-0.03978387733637795,0.9624812745941901,1.0,True,False,0.0,0.0,0.0,0.0,0.0,0.0,0.0
F024,F043,road_edge,tree_shadows,C018,C015,False,0.06702531894987994,0.5617866004962779,0.43821339950372207,0.2774387001991272,0.45186104218362283,0.0212860107421875,0.6729528535980149,0.4875000019868215,0.7320646420121193,0.5973956096552685,378818,9323,16390,333,403.37040478541144,-3.5037897170324075,-3.6270447439945195,-0.19145118091035687,0.9999125869034577,1.0,True,False,0.0,0.0,0.0,0.0,0.0,0.0,0.0
F024,F044,road_edge,road_and_buildings,C018,C026,False,0.06730311590249848,0.5841191066997519,0.41588089330024813,0.27367761731147766,0.2682382133995037,0.026648627387152776,0.5275434243176179,0.4875000019868215,0.8246913684739007,0.6340639114233999,378818,9323,21673,791,533.3890654615145,11.154297895910837,11.631767222582697,0.3937418045237845,5.737950429488164e-28,7.463037461837508e-27,True,True,6.51543852282236,6.794337479394459,0.22999211112878132,2.9920089393249665,0.10561659818615658,5.884376507867604,0.20771589985547542
F024,F045,road_edge,underpass glow,C018,C027,False,0.06915020879292319,0.7176178660049628,0.2823821339950372,0.2803388833999634,0.7880893300248138,0.030431111653645832,0.42332506203473946,0.4875000019868215,0.7119318172335625,0.5891237241156081,378818,9323,85507,1552,2104.392507747784,-12.041605805839865,-13.856258645319215,-0.304397865802023,1.0,1.0,True,False,0.0,0.0,0.0,0.0,0.0,0.0,0.0
F024,F046,road_edge,window_heat_zone,C018,C021,False,0.05902599776624298,0.12208436724565756,0.8779156327543425,0.2803388833999634,0.7880893300248138,0.05123057509913589,0.13548387096774195,0.4875000019868215,0.739260733127594,0.6003245862602007,378818,9323,39968,844,983.6429736707337,-4.45246322830861,-4.766749691350351,-0.15302644869546939,0.999999479386123,1.0,True,False,0.0,0.0,0.0,0.0,0.0,0.0,0.0
F024,F047,road_edge,underpass,C018,C008,False,0.06242351590357237,0.24665012406947892,0.753349875930521,0.2803388833999634,0.7880893300248138,0.032567342122395836,0.36724565756823824,0.4875000019868215,0.3610449731349945,0.41953477224258984,378818,9323,10970,170,269.9800695848666,-6.084817851736884,-6.2522902826461975,-0.46146311894039527,0.9999999999906444,1.0,False,False,0.0,0.0,0.0,0.0,0.0,0.0,0.0
F024,F048,road_edge,shaded path,C018,C028,False,0.07147107877355968,0.8620347394540943,0.13796526054590574,0.2774387001991272,0.45186104218362283,0.015757242838541668,0.8228287841191066,0.4875000019868215,0.6641156588281903,0.5689959446237047,378818,9323,155,1,3.8146682575801574,-1.441115627218364,-1.4594799819652604,-1.0565553322620183,0.978999080215025,1.0,False,False,0.0,0.0,0.0,0.0,0.0,0.0,0.0
F024,F049,road_edge,red_wall_yellow_wall,C018,C029,False,0.06972973602861846,0.7503722084367246,0.24962779156327541,0.2774387001991272,0.45186104218362283,0.030955227938565342,0.4089330024813896,0.4875000019868215,1.0,0.6982120036112395,378818,9323,349,11,8.589156270293387,0.8226096658584626,0.8333057961153004,0.23526495103750023,0.24449413800757686,0.8587111188558797,False,False,0.6172634316516107,0.6252895105341609,0.17653628087776693,0.3717052609251267,0.10630706596508385,0.3363922405297137,0.09620760280640207
F024,F050,road_edge,greenery_and_water,C018,C030,False,0.06296861234066398,0.27245657568238213,0.7275434243176179,0.2774387001991272,0.45186104218362283,0.0257826911078559,0.5493796526054591,0.4875000019868215,0.688131312529246,0.5791925553951824,378818,9323,1487,37,36.596204509817376,0.06674879674441382,0.06771859651104055,0.010826272914010336,0.495880932443791,1.0,False,False,0.018186148591902325,0.01845037691541502,0.002949689245554181,0.03016118086143364,0.004891970961889038,0.03667043076727846,0.005947734052510889
F024,F051,road_edge,zebra_crossing,C018,C020,False,0.0614777907599344,0.20248138957816378,0.7975186104218362,0.2774387001991272,0.45186104218362283,0.023502604166666666,0.6181141439205955,0.4875000019868215,0.8715151250362396,0.6518156374211282,378818,9323,19455,282,478.80239323369005,-8.993986247290225,-9.349993086806107,-0.5286531487518735,1.0,1.0,True,False,0.0,0.0,0.0,0.0,0.0,0.0,0.0
F024,F052,road_edge,palm_tree_street,C018,C026,False,0.06772592259146049,0.6143920595533499,0.38560794044665014,0.27367761731147766,0.2682382133995037,0.008525707103587963,0.9404466501240695,0.4875000019868215,0.6043684764040841,0.5427979674314959,378818,9323,90021,1766,2215.485491713699,-9.549512975398958,-11.07415594950248,-0.2266970339859373,1.0,1.0,True,False,0.0,0.0,0.0,0.0,0.0,0.0,0.0
F024,F053,road_edge,road_marking,C018,C030,False,0.05167876640988708,0.048635235732009924,0.9513647642679901,0.2774387001991272,0.45186104218362283,0.0668975830078125,0.07543424317617867,0.4875000019868215,0.5154761910438538,0.5012929723804612,378818,9323,86968,1498,2140.348832420846,-13.884449301010395,-16.01675604766457,-0.35673779327804717,1.0,1.0,True,False,0.0,0.0,0.0,0.0,0.0,0.0,0.0
F024,F054,road_edge,highlighted_lane,C018,C023,False,0.05827719239028719,0.10818858560794045,0.8918114143920596,0.26160186529159546,0.1228287841191067,0.07407972547743055,0.06699751861042183,0.4875000019868215,0.8999999761581421,0.6623820575508017,378818,9323,245062,3111,6031.162790574894,-37.601618369467886,-64.07308746579886,-0.6619178006965835,1.0,1.0,True,False,0.0,0.0,0.0,0.0,0.0,0.0,0.0
F024,F055,road_edge,small alley entrance,C018,C014,False,0.07300044569242976,0.9215880893300248,0.07841191066997522,0.2774387001991272,0.45186104218362283,0.011507161458333333,0.9009925558312655,0.4875000019868215,0.8571428656578064,0.6464187100565473,378818,9323,535,11,13.166758179389575,-0.5971329206056254,-0.6050459432073961,-0.17261943869747096,0.7658034860288915,1.0,False,False,0.0,0.0,0.0,0.0,0.0,0.0,0.0
F024,F056,road_edge,stone_wall_street,C018,C021,False,0.05841390049339834,0.10967741935483871,0.8903225806451613,0.2803388833999634,0.7880893300248138,0.03317091200086805,0.35285359801488836,0.4875000019868215,0.4911375728746255,0.48931540722951145,378818,9323,8534,212,210.02825103347783,0.1360544540378373,0.1393384712343285,0.00932213506211465,0.45439071061152564,1.0,True,False,0.014922101410601511,0.015282283941829577,0.0010224277164899939,0.10722306352957103,0.007346675175502761,0.04800730363320215,0.0032893488978478994
F024,F057,road_edge,streetlight illumination,C018,C027,False,0.06600806629539616,0.48535980148883373,0.5146401985111663,0.2803388833999634,0.7880893300248138,0.016308085123697916,0.8119106699751861,0.4875000019868215,0.2642857193946838,0.3589419016080414,378818,9323,119269,2955,2935.3010865375986,0.36359336100932255,0.4447664455293466,0.0066874826420346735,0.3319443699041982,1.0,True,False,0.17647360152214264,0.21587175371101783,0.0032458352475979706,0.2865440482793073,0.005270333714913678,0.2952053293356088,0.0054296385123418
F024,F058,road_edge,shaded alley,C018,C031,False,0.06889176470672621,0.6962779156327543,0.3037220843672457,0.2774387001991272,0.45186104218362283,0.03557120429144965,0.29826302729528537,0.4875000019868215,0.875,0.653117525211557,378818,9323,169922,4401,4181.910062351842,3.3879351406943,4.6195085596244265,0.0510577415941125,2.0839551403082617e-06,1.4338749361301896e-05,True,True,2.3589444180615895,3.216461791142963,0.035550377894064435,1.530875903524645,0.02307100432825778,1.0104957913435604,0.015228636574720403
F024,F059,road_edge,road_edge,C018,C024,False,0.07532597056751038,0.963771712158809,0.03622828784119103,0.26160186529159546,0.1228287841191067,0.0,0.9947890818858561,0.4875000019868215,0.7857142686843872,0.6188987861877843,378818,9323,1891,55,46.53895274247792,1.2402687966368757,1.2589629351934213,0.16540698053743977,0.11965862854906435,0.45601473564255907,False,False,1.1953359816718674,1.2133528635958433,0.1594145688355871,0.15234070827177504,0.02031673830422647,1.2338058574980733,0.16454505830635138
F024,F060,road_edge,street_corner_shop,C018,C031,False,0.06770393304362975,0.6138957816377171,0.3861042183622829,0.2774387001991272,0.45186104218362283,0.0443672604031033,0.17320099255583127,0.4875000019868215,0.3880471537510554,0.43494021224142976,378818,9323,35651,532,877.3983100063883,-11.66062453358783,-12.404943859392494,-0.4999478693055959,1.0,1.0,True,False,0.0,0.0,0.0,0.0,0.0,0.0,0.0
F024,F061,road_edge,sunlit street,C018,C014,False,0.05674990306337143,0.084863523573201,0.915136476426799,0.2774387001991272,0.45186104218362283,0.011989339192708334,0.8937965260545906,0.4875000019868215,0.8258823394775391,0.6345215852405504,378818,9323,9753,272,240.02877107212436,2.0636102647147654,2.1169080750270197,0.12479890147508584,0.020058256617500263,0.08867860820368538,True,False,0.17512523834552104,0.17964827832735503,0.010590874517240535,0.9324650848748357,0.05639176168390355,1.8444476857326513,0.11154482459386084
F024,F062,road_edge,shaded alley,C018,C005,False,0.06833122867582607,0.6560794044665013,0.34392059553349874,0.2803388833999634,0.7880893300248138,0.052449544270833336,0.12853598014888337,0.4875000019868215,0.5,0.49371044245935364,378818,9323,6655,81,163.78462744642545,-6.4686422062208395,-6.608034227408691,-0.7009974364897853,0.9999999999998918,1.0,False,False,0.0,0.0,0.0,0.0,0.0,0.0,0.0
F024,F063,road_edge,blue_wall_graffiti,C018,C013,False,0.060792307805869805,0.17320099255583127,0.8267990074441687,0.2721763849258423,0.21861042183622828,0.044361114501953125,0.17468982630272953,0.4875000019868215,0.11488095670938492,0.2366526286016555,378818,9323,39,1,0.9598197551330718,0.041012641039734926,0.04152891082052075,0.027152135397470002,0.6216280208209576,1.0,False,False,0.007103430135418109,0.007192848573876795,0.004702776800852125,0.00896579075831426,0.005935739772995303,0.007164491139447491,0.004743201816332229
F025,F026,shaded alley,tree_shadows,C019,C016,False,0.0672865367626253,0.5811414392059553,0.4188585607940447,0.2803388833999634,0.7880893300248138,0.01079254150390625,0.9116625310173697,0.7079328984022141,0.7362637281417846,0.7219593583103091,378818,17421,208,9,9.565458874710282,-0.182830278222988,-0.18723621013805555,-0.05781785057470751,0.6207570308028614,1.0,False,False,0.0,0.0,0.0,0.0,0.0,0.0,0.0
F025,F027,shaded alley,car_top_heat,C019,C020,False,0.06872946851522145,0.6818858560794044,0.31811414392059556,0.2803388833999634,0.7880893300248138,0.025001335144042968,0.5732009925558312,0.7079328984022141,0.9444444179534912,0.817681645985531,378818,17421,94699,3276,4354.997067193217,-16.35032278335926,-19.329203311470692,-0.2846629614220836,1.0,1.0,True,False,0.0,0.0,0.0,0.0,0.0,0.0,0.0
F025,F028,shaded alley,red_car_street,C019,C021,False,0.06772753023165169,0.6148883374689826,0.38511166253101736,0.27533864974975586,0.31042183622828784,0.030515098571777345,0.4218362282878412,0.7079328984022141,0.6187312696129084,0.6618309610687219,378818,17421,158116,5742,7271.404304969668,-17.935486516961003,-24.057350161370223,-0.23612354182486708,1.0,1.0,True,False,0.0,0.0,0.0,0.0,0.0,0.0,0.0
F025,F029,shaded alley,electric_bike_parking,C019,C022,False,0.06963794089055962,0.7449131513647642,0.2550868486352358,0.2803388833999634,0.7880893300248138,0.00872344970703125,0.9379652605459057,0.7079328984022141,0.39830395206809044,0.5310108014274473,378818,17421,125824,4401,5786.366814670897,-18.212174362330305,-22.816259669094155,-0.27364561583587643,1.0,1.0,True,False,0.0,0.0,0.0,0.0,0.0,0.0,0.0
F025,F030,shaded alley,stone_wall_and_shadows,C019,C012,False,0.06250497656976961,0.25161290322580643,0.7483870967741936,0.2803388833999634,0.7880893300248138,0.04330810546875,0.18461538461538463,0.7079328984022141,0.38914142847061156,0.5248676207822102,378818,17421,10570,399,486.09086685426774,-3.950152684898012,-4.10186578899023,-0.19720989565800298,0.9999889590226629,1.0,True,False,0.0,0.0,0.0,0.0,0.0,0.0,0.0
F025,F031,shaded alley,road_edge,C019,C001,False,0.06715359082146359,0.5727047146401986,0.42729528535980144,0.2803388833999634,0.7880893300248138,0.0184326171875,0.7607940446650124,0.7079328984022141,0.5565476566553116,0.6276929151065471,378818,17421,2681,233,123.29324636104937,9.880154138408745,10.151458741715027,0.6345692711651797,6.081983122233797e-20,6.811821096901852e-19,True,True,5.658410856438557,5.813788281855654,0.36342081336209303,7.78644405548044,0.5000972717669009,7.51676242887375,0.4827765224298861
F025,F032,shaded alley,tree-lined walk,C019,C012,False,0.06952829644571754,0.7399503722084367,0.26004962779156326,0.2803388833999634,0.7880893300248138,0.031837844848632814,0.38362282878411913,0.7079328984022141,0.42500001192092896,0.548517538698772,378818,17421,325,11,14.946029491734818,-1.02069834198943,-1.0454571699390722,-0.2950049441205237,0.8846958139947807,1.0,False,False,0.0,0.0,0.0,0.0,0.0,0.0,0.0
F025,F033,shaded alley,zebra_crossing,C019,C023,False,0.06483972529634512,0.3905707196029777,0.6094292803970223,0.2803388833999634,0.7880893300248138,0.04065074920654297,0.2143920595533499,0.7079328984022141,1.0,0.8413874841012398,378818,17421,44394,3001,2041.5816407879245,21.233649730183995,23.137354062862652,0.38514246396927704,1.9371594699441217e-106,7.100569984376999e-105,True,True,8.293241854915536,9.036773026041145,0.15042536930214442,16.734012789842275,0.30352666639365355,4.552325897488579,0.08257148607182516
F025,F034,shaded alley,red_door_street,C019,C018,False,0.06964111763224419,0.745409429280397,0.254590570719603,0.2803388833999634,0.7880893300248138,0.010911051432291667,0.9101736972704715,0.7079328984022141,0.8333333730697632,0.7680781927203577,378818,17421,15775,640,725.4572776372822,-3.17280318428656,-3.318194668090789,-0.12524204552686108,0.9996572908684758,1.0,True,False,0.0,0.0,0.0,0.0,0.0,0.0,0.0
F025,F035,shaded alley,small alley entrance,C019,C010,False,0.06983133283963097,0.7593052109181141,0.2406947890818859,0.2803388833999634,0.7880893300248138,0.011098371233258929,0.9071960297766749,0.7079328984022141,0.3212707968694823,0.47690477707798395,378818,17421,65633,3207,3018.3161650185575,3.4344115011063177,3.8671375098657954,0.06062706131053525,6.418009659201795e-05,0.00038623007381942745,True,True,2.6077665492271294,2.936337662577998,0.04603444357574141,2.706623058936393,0.04777954012959304,3.1156844784230016,0.05500062931794464
F025,F036,shaded alley,pedestrian walk,C019,C024,False,0.06281504518148745,0.2630272952853598,0.7369727047146402,0.2803388833999634,0.7880893300248138,0.04290766034807478,0.19057071960297767,0.7079328984022141,0.6076337546110153,0.655868832213268,378818,17421,191641,9390,8813.14473177093,6.144710296621069,8.94979181339538,0.06339748159589298,1.8211420518428208e-19,2.0172650420412782e-18,True,True,1.6162265296323406,2.354039534044442,0.016675268112071106,4.842580620860673,0.049962878796167766,1.1710018629789034,0.012081703688745858
F025,F037,shaded alley,street_corner_shops,C019,C003,False,0.046797333450328826,0.022332506203473945,0.9776674937965261,0.19689877331256866,0.03052109181141439,0.1626521023837003,0.01935483870967742,0.7079328984022141,0.6591791060160507,0.6831212008773575,378818,17421,5196,238,238.9525207355511,-0.061619565340816695,-0.06352434155003245,-0.003985843594417811,0.5347158427987793,1.0,True,False,0.0,0.0,0.0,0.0,0.0,0.0,0.0
F025,F038,shaded alley,red-yellow hotspot,C019,C000,False,0.059938896716455,0.14044665012406948,0.8595533498759305,0.2613743543624878,0.11538461538461539,0.11394338607788086,0.03523573200992556,0.7079328984022141,0.5312499850988388,0.6132612344891482,378818,17421,4115,50,189.23972725688853,-10.12178264855313,-10.41960328905148,-1.3236799402252766,1.0,1.0,False,False,0.0,0.0,0.0,0.0,0.0,0.0,0.0
F025,F039,shaded alley,red car corner,C019,C017,False,0.07693902668398063,0.9816377171215881,0.018362282878411906,0.2803388833999634,0.7880893300248138,0.0113311767578125,0.9027295285359801,0.7079328984022141,0.30280448123812675,0.46299595468220445,378818,17421,1373,28,63.14122612969817,-4.422424272955209,-4.535982065705574,-0.80335738266083,0.9999998594624844,1.0,False,False,0.0,0.0,0.0,0.0,0.0,0.0,0.0
F025,F040,shaded alley,cobblestone,C019,C013,False,0.06133841334193644,0.1955334987593052,0.8044665012406949,0.2803388833999634,0.7880893300248138,0.025002288818359374,0.5727047146401986,0.7079328984022141,0.45202021673321724,0.5656854091881313,378818,17421,77947,2991,3584.609725514627,-9.914711197453538,-11.390103373238395,-0.1810141465733652,1.0,1.0,True,False,0.0,0.0,0.0,0.0,0.0,0.0,0.0
F025,F041,shaded alley,concrete_wall,C019,C011,False,0.07086055792829538,0.8277915632754342,0.17220843672456576,0.27533864974975586,0.31042183622828784,0.014869944254557291,0.8436724565756824,0.7079328984022141,0.511904776096344,0.6019918868621248,378818,17421,8967,367,412.3724506227265,-2.2343305046734327,-2.315110785786769,-0.11641539034381632,0.9912357895873019,1.0,True,False,0.0,0.0,0.0,0.0,0.0,0.0,0.0
F025,F042,shaded alley,Red-yellow glow street,C019,C025,False,0.06962247901022474,0.7439205955334988,0.25607940446650124,0.2803388833999634,0.7880893300248138,0.021703338623046874,0.6625310173697271,0.7079328984022141,0.9285714626312256,0.810781281798061,378818,17421,66510,3251,3058.647450754716,3.4780292935822237,3.92174582620429,0.0609801620464694,5.142639607436586e-05,0.00031227594724675173,True,True,2.5873776233646417,2.9174674905609086,0.045364398465338775,2.740997775785891,0.04805781505200665,2.3043022863187437,0.04040124880001819
F025,F043,shaded alley,tree_shadows,C019,C015,False,0.06986711345014082,0.7617866004962779,0.2382133995037221,0.2803388833999634,0.7880893300248138,0.020953655242919922,0.6803970223325062,0.7079328984022141,0.7320646420121193,0.7198976620585865,378818,17421,16390,513,753.7397642139497,-8.768738465538739,-9.178337176364773,-0.3844602777650158,1.0,1.0,True,False,0.0,0.0,0.0,0.0,0.0,0.0,0.0
F025,F044,shaded alley,road_and_buildings,C019,C026,False,0.07257234145102849,0.9091811414392059,0.09081885856079408,0.2803388833999634,0.7880893300248138,0.008073255750868055,0.9478908188585607,0.7079328984022141,0.8246913684739007,0.7640851724585531,378818,17421,21673,653,996.6932220749806,-10.88654858536674,-11.479043191603127,-0.4226020216055292,1.0,1.0,True,False,0.0,0.0,0.0,0.0,0.0,0.0,0.0
F025,F045,shaded alley,underpass glow,C019,C027,False,0.06934395639591293,0.7275434243176179,0.27245657568238213,0.27533864974975586,0.31042183622828784,0.022931289672851563,0.6337468982630273,0.7079328984022141,0.7119318172335625,0.7099295421652146,378818,17421,85507,4899,3932.2773653839045,15.416288015809693,17.93714844262778,0.21978727406451934,8.730563332119427e-69,2.2858202178639958e-67,True,True,11.216018973288838,13.050054400442841,0.15990478599433516,4.785552433691793,0.06822676919471804,9.770024712748873,0.13928950321607503
F025,F046,shaded alley,window_heat_zone,C019,C021,False,0.05240278205641895,0.05260545905707196,0.9473945409429281,0.27533864974975586,0.31042183622828784,0.12112704190340909,0.03176178660049628,0.7079328984022141,0.739260733127594,0.7234272551390107,378818,17421,39968,956,1838.0397130020222,-20.57361904923693,-22.271256054093374,-0.6534461123903162,1.0,1.0,True,False,0.0,0.0,0.0,0.0,0.0,0.0,0.0
F025,F047,shaded alley,underpass,C019,C008,False,0.06720053355443822,0.5761786600496278,0.4238213399503722,0.27533864974975586,0.31042183622828784,0.011753082275390625,0.8972704714640198,0.7079328984022141,0.3610449731349945,0.5055646489668816,378818,17421,10970,265,504.4859800748645,-10.662414051828941,-11.077942482417054,-0.6429158259799973,1.0,1.0,True,False,0.0,0.0,0.0,0.0,0.0,0.0,0.0
F025,F048,shaded alley,shaded path,C019,C028,False,0.07887236564219438,0.9950372208436724,0.00496277915632759,0.2803388833999634,0.7880893300248138,0.022509656633649552,0.6471464019851116,0.7079328984022141,0.6641156588281903,0.685674356548746,378818,17421,155,4,7.128106372981221,-1.1716406390374,-1.1997914243567405,-0.5277622359329969,0.9293267708445765,1.0,False,False,0.0,0.0,0.0,0.0,0.0,0.0,0.0
F025,F049,shaded alley,red_wall_yellow_wall,C019,C029,False,0.07265024958357715,0.9111662531017369,0.08883374689826307,0.2803388833999634,0.7880893300248138,0.02472131902521307,0.5831265508684863,0.7079328984022141,1.0,0.8413874841012398,378818,17421,349,9,16.04973628497062,-1.7597011622167265,-1.802442946103792,-0.5550783686467594,0.9807741267976023,1.0,False,False,0.0,0.0,0.0,0.0,0.0,0.0,0.0
F025,F050,shaded alley,greenery_and_water,C019,C030,False,0.06800849545567919,0.6357320099255583,0.36426799007444166,0.2803388833999634,0.7880893300248138,0.04376932779947917,0.18014888337468982,0.7079328984022141,0.688131312529246,0.6979618861801473,378818,17421,1487,63,68.38383339756822,-0.6510508211406336,-0.6678691909929034,-0.08138160594704338,0.764614488189736,1.0,False,False,0.0,0.0,0.0,0.0,0.0,0.0,0.0
F025,F051,shaded alley,zebra_crossing,C019,C020,False,0.06671795731840785,0.5364764267990074,0.4635235732009926,0.2803388833999634,0.7880893300248138,0.013668365478515625,0.8669975186104218,0.7079328984022141,0.8715151250362396,0.785477070619043,378818,17421,19455,741,894.692319266772,-5.1382509330042865,-5.40115190484511,-0.18836341547538302,0.9999999869179714,1.0,True,False,0.0,0.0,0.0,0.0,0.0,0.0,0.0
F025,F052,shaded alley,palm_tree_street,C019,C026,False,0.07028039157873824,0.7895781637717122,0.2104218362282878,0.2803388833999634,0.7880893300248138,0.013989935980902778,0.860545905707196,0.7079328984022141,0.6043684764040841,0.6541042173871633,378818,17421,90021,3708,4139.8662180783385,-6.712063863859012,-7.870412652396889,-0.11015676020355596,0.9999999999999999,1.0,True,False,0.0,0.0,0.0,0.0,0.0,0.0,0.0
F025,F053,shaded alley,road_marking,C019,C030,False,0.06165642644628617,0.21042183622828783,0.7895781637717122,0.2803388833999634,0.7880893300248138,0.03165618896484375,0.38511166253101736,0.7079328984022141,0.5154761910438538,0.6040882004997357,378818,17421,86968,2698,3999.465516422134,-20.579351601922816,-24.00433065650127,-0.3935896771117036,1.0,1.0,True,False,0.0,0.0,0.0,0.0,0.0,0.0,0.0
F025,F054,shaded alley,highlighted_lane,C019,C023,False,0.07359553018792134,0.937468982630273,0.062531017369727,0.2803388833999634,0.7880893300248138,0.011431206597222222,0.9017369727047146,0.7079328984022141,0.8999999761581421,0.7982102427829131,378818,17421,245062,10143,11269.858090164671,-10.61475570037754,-18.289049234776545,-0.10534299503785562,1.0,1.0,True,False,0.0,0.0,0.0,0.0,0.0,0.0,0.0
F025,F055,shaded alley,small alley entrance,C019,C014,False,0.06498156463407787,0.40198511166253104,0.598014888337469,0.2803388833999634,0.7880893300248138,0.028056640625,0.4818858560794045,0.7079328984022141,0.8571428656578064,0.7789734483471888,378818,17421,535,15,24.603463932548085,-1.936108901511095,-1.983622982668033,-0.48216581797148467,0.9867612242135677,1.0,False,False,0.0,0.0,0.0,0.0,0.0,0.0,0.0
F025,F056,shaded alley,stone_wall_street,C019,C021,False,0.060701298937352814,0.169727047146402,0.830272952853598,0.27533864974975586,0.31042183622828784,0.06307118733723958,0.08387096774193549,0.7079328984022141,0.4911375728746255,0.589654513659789,378818,17421,8534,136,392.4597405614306,-12.945583860381666,-13.405775159804275,-1.0573825506772614,1.0,1.0,False,False,0.0,0.0,0.0,0.0,0.0,0.0,0.0
F025,F057,shaded alley,streetlight illumination,C019,C027,False,0.06422091617625356,0.34739454094292804,0.652605459057072,0.27533864974975586,0.31042183622828784,0.0394287109375,0.2317617866004963,0.7079328984022141,0.2642857193946838,0.43254659325602457,378818,17421,119269,5285,5484.916896768369,-2.69938279717946,-3.3388165529926215,-0.03712587531568983,0.9996059752001749,1.0,True,False,0.0,0.0,0.0,0.0,0.0,0.0,0.0
F025,F058,shaded alley,shaded alley,C019,C031,False,0.07412409526531674,0.9478908188585607,0.052109181141439254,0.2803388833999634,0.7880893300248138,0.025296529134114582,0.5667493796526054,0.7079328984022141,0.875,0.7870459237566365,378818,17421,169922,6333,7814.336071675581,-16.757435477082073,-23.103631867040928,-0.21017098159871858,1.0,1.0,True,False,0.0,0.0,0.0,0.0,0.0,0.0,0.0
F025,F059,shaded alley,road_edge,C019,C024,False,0.06830045579476371,0.6540942928039702,0.34590570719602975,0.2803388833999634,0.7880893300248138,0.04729766845703125,0.15682382133995038,0.7079328984022141,0.7857142686843872,0.745810283883049,378818,17421,1891,61,86.96289775037089,-2.784108534332306,-2.857559616401324,-0.35217750291672706,0.9988808329043154,1.0,False,False,0.0,0.0,0.0,0.0,0.0,0.0,0.0
F025,F060,shaded alley,street_corner_shop,C019,C031,False,0.07046048606998959,0.8009925558312655,0.1990074441687345,0.2803388833999634,0.7880893300248138,0.027217610677083334,0.5052109181141439,0.7079328984022141,0.3880471537510554,0.5241291312946784,378818,17421,35651,2166,1639.5104535687321,13.00267350278121,13.986777318071107,0.27841034625475886,2.4605169215233706e-41,3.786566499077188e-40,True,True,10.415044681632194,11.20330451184455,0.22300461481646688,10.247268249338244,0.21941222325188936,6.569092618278546,0.14065594664384343
F025,F061,shaded alley,sunlit street,C019,C014,False,0.062410320210839566,0.24615384615384617,0.7538461538461538,0.2803388833999634,0.7880893300248138,0.02301971435546875,0.6317617866004963,0.7079328984022141,0.8258823394775391,0.7646366969519155,378818,17421,9753,219,448.518848101199,-10.837472452632593,-11.241243053870416,-0.7157126322996512,1.0,1.0,True,False,0.0,0.0,0.0,0.0,0.0,0.0,0.0
F025,F062,shaded alley,shaded alley,C019,C005,False,0.07413873990815113,0.9483870967741935,0.05161290322580647,0.27533864974975586,0.31042183622828784,0.01834716796875,0.7640198511166253,0.7079328984022141,0.5,0.5949507956134751,378818,17421,6655,369,306.04869620767755,3.5984002014906014,3.716897865522465,0.18677411930334042,0.00016687685133397098,0.0009423633957683068,True,True,3.4126763201233445,3.5250579756890477,0.17713416475865187,1.1170219980309535,0.057978765074064235,2.749249186200884,0.14269913482257696
F025,F063,shaded alley,blue_wall_graffiti,C019,C013,False,0.07058576361790612,0.8089330024813896,0.19106699751861045,0.2803388833999634,0.7880893300248138,0.010791015625,0.9121588089330025,0.7079328984022141,0.11488095670938492,0.28518065967820144,378818,17421,39,2,1.793523539008178,0.15417608283790235,0.157856264991546,0.08620143351521366,0.5408212428065321,1.0,False,False,0.12471812160088379,0.12769514240010918,0.06973118443166167,0.12150452582957266,0.06793442998618326,0.14063307208737694,0.0786293969235547
F026,F027,tree_shadows,car_top_heat,C016,C020,False,0.06932763569987095,0.7265508684863523,0.2734491315136477,0.2774387001991272,0.45186104218362283,0.049639892578125,0.14094292803970224,0.7362637281417846,0.9444444179534912,0.8338825865702768,378818,208,94699,47,51.99698008014403,-0.692976580479287,-0.8003913975608273,-0.1000259346195417,0.8098976144983241,1.0,False,False,0.0,0.0,0.0,0.0,0.0,0.0,0.0
F026,F028,tree_shadows,red_car_street,C016,C021,False,0.0641528998398561,0.3419354838709677,0.6580645161290323,0.2803388833999634,0.7880893300248138,0.03345489501953125,0.34590570719602975,0.7362637281417846,0.6187312696129084,0.6749439912193452,378818,208,158116,83,86.81775417218823,-0.40973558815599415,-0.536950864366218,-0.044707179981906923,0.7273000109898831,1.0,False,False,0.0,0.0,0.0,0.0,0.0,0.0,0.0
F026,F029,tree_shadows,electric_bike_parking,C016,C022,False,0.07229534685786833,0.8982630272952854,0.1017369727047146,0.27367761731147766,0.2682382133995037,0.007196044921875,0.9575682382133995,0.7362637281417846,0.39830395206809044,0.5415318574961763,378818,208,125824,38,69.08698108326426,-3.740076118628384,-4.577826445585872,-0.5919192551485905,0.9999995044345017,1.0,False,False,0.0,0.0,0.0,0.0,0.0,0.0,0.0
F026,F030,tree_shadows,stone_wall_and_shadows,C016,C012,False,0.06467901574012717,0.37965260545905705,0.620347394540943,0.2774387001991272,0.45186104218362283,0.03195159912109375,0.3816377171215881,0.7362637281417846,0.38914142847061156,0.5352669604040512,378818,208,10570,10,5.803736886842758,1.7418423829348935,1.7671468815546045,0.5102326429721504,0.06821886632997744,0.27671878173286624,False,False,0.6612949989802449,0.6709019178110532,0.19371115229463776,0.787070714472566,0.23055425380950023,0.6647527506088998,0.1947240210648058
F026,F031,tree_shadows,road_edge,C016,C001,False,0.06620033045196821,0.5007444168734492,0.49925558312655083,0.27367761731147766,0.2682382133995037,0.034894561767578124,0.31215880893300246,0.7362637281417846,0.5565476566553116,0.6401295592125188,378818,208,2681,0,1.472073660702501,-1.2132904271865417,-1.217939557636374,-1.3722327893401862,1.0,1.0,False,False,0.0,0.0,0.0,0.0,0.0,0.0,0.0
F026,F032,tree_shadows,tree-lined walk,C016,C012,False,0.06601308840294536,0.4858560794044665,0.5141439205955335,0.2774387001991272,0.45186104218362283,0.035247421264648436,0.3052109181141439,0.7362637281417846,0.42500001192092896,0.5593854603376871,378818,208,325,0,0.17844980967113494,-0.4224332014308711,-0.4227300412063354,-0.3052024056348865,1.0,1.0,False,False,0.0,0.0,0.0,0.0,0.0,0.0,0.0
F026,F033,tree_shadows,zebra_crossing,C016,C023,False,0.055194117806770596,0.07394540942928039,0.9260545905707196,0.27367761731147766,0.2682382133995037,0.10467529296875,0.04516129032258064,0.7362637281417846,1.0,0.8580581146646098,378818,208,44394,43,24.375694924739584,3.772259614184703,4.0159366087288895,0.5588697187672554,0.00015274704530377216,0.0008698814783401262,False,False,0.27894128164442716,0.29696007677449354,0.041325850171871494,1.0118641793880059,0.1499102148852117,0.1703601116083414,0.02523927762174702
F026,F034,tree_shadows,red_door_street,C016,C018,False,0.06845320802199506,0.6625310173697271,0.3374689826302729,0.27367761731147766,0.2682382133995037,0.04101104736328125,0.2074441687344913,0.7362637281417846,0.8333333730697632,0.7832963270955077,378818,208,15775,8,8.661679223268166,-0.2248259566258693,-0.22972137637208062,-0.07496331970595413,0.6395332494821,1.0,False,False,0.0,0.0,0.0,0.0,0.0,0.0,0.0
F026,F035,tree_shadows,small alley entrance,C016,C010,False,0.06402727576024869,0.33002481389578164,0.6699751861042184,0.27367761731147766,0.2682382133995037,0.02281494140625,0.6397022332506204,0.7362637281417846,0.3212707968694823,0.48635381631709956,378818,208,65633,35,36.037527255832615,-0.17283115111868969,-0.19013214124777103,-0.02880717992444987,0.6037737767157182,1.0,False,False,0.0,0.0,0.0,0.0,0.0,0.0,0.0
F026,F036,tree_shadows,pedestrian walk,C016,C024,False,0.06463761849360984,0.37766749379652603,0.6223325062034739,0.27367761731147766,0.2682382133995037,0.02312534877232143,0.630272952853598,0.7362637281417846,0.6076337546110153,0.6688637331435279,378818,208,191641,87,105.2255383851876,-1.7767232604337557,-2.528293803532162,-0.18920768229876028,0.9953674188604493,1.0,False,False,0.0,0.0,0.0,0.0,0.0,0.0,0.0
F026,F037,tree_shadows,street_corner_shops,C016,C003,False,0.06478969209104832,0.3890818858560794,0.6109181141439206,0.2803388833999634,0.7880893300248138,0.03728415749289773,0.2709677419354839,0.7362637281417846,0.6591791060160507,0.6966560601247549,378818,208,5196,0,2.8530006493883606,-1.6890827834621844,-1.7012522326824178,-1.9030028417178506,1.0,1.0,False,False,0.0,0.0,0.0,0.0,0.0,0.0,0.0
F026,F038,tree_shadows,red-yellow hotspot,C016,C000,False,0.0710391551735427,0.8337468982630273,0.16625310173697272,0.2803388833999634,0.7880893300248138,0.03668975830078125,0.2818858560794045,0.7362637281417846,0.5312499850988388,0.6254119399277077,378818,208,4115,3,2.259449128605293,0.4926671591533175,0.49550041404972306,0.23773189977229944,0.39357486866748304,1.0,False,False,0.41075971582013565,0.41312193330200236,0.19820823405333154,0.3882657313823663,0.18735397361707767,0.13887590392014112,0.06701326008469781
F026,F039,tree_shadows,red car corner,C016,C017,False,0.07257138877703014,0.9086848635235732,0.09131513647642675,0.27367761731147766,0.2682382133995037,0.0,0.9947890818858561,0.7362637281417846,0.30280448123812675,0.4721694147807779,378818,208,1373,1,0.753881811318364,0.2834601923847277,0.2840529033136639,0.17922091968658146,0.5302046559002802,1.0,False,False,0.2575759862314821,0.25811457368105145,0.16285533694597057,0.07603485557515896,0.04807389930054456,0.28198310453359143,0.17828701414975312
F026,F040,tree_shadows,cobblestone,C016,C013,False,0.06294147666595692,0.2704714640198511,0.7295285359801489,0.27367761731147766,0.2682382133995037,0.02805929183959961,0.4813895781637717,0.7362637281417846,0.45202021673321724,0.5768934823409396,378818,208,77947,53,42.798853275187554,1.559311664491954,1.7501559800998945,0.21155550249622368,0.0506932097218364,0.21115188181657477,False,False,0.4217493087583697,0.47336725020071585,0.05721972648160888,0.4182669750163281,0.05674727002442129,0.7506363843956304,0.10184061410488186
F026,F041,tree_shadows,concrete_wall,C016,C011,False,0.07034499134151317,0.7915632754342432,0.2084367245657568,0.2803388833999634,0.7880893300248138,0.0052754720052083336,0.969727047146402,0.7362637281417846,0.511904776096344,0.6139193097649558,378818,208,8967,2,4.923567517910976,-1.3175684265597947,-1.3338094001537837,-0.7744630806865245,0.9586133645686352,1.0,False,False,0.0,0.0,0.0,0.0,0.0,0.0,0.0
F026,F042,tree_shadows,Red-yellow glow street,C016,C025,False,0.04840247908027727,0.031265508684863524,0.9687344913151364,0.20008252561092377,0.0315136476426799,0.1780512491861979,0.015384615384615385,0.7362637281417846,0.9285714626312256,0.826845503660107,378818,208,66510,13,36.519067203775954,-3.8918872953411987,-4.287485792127782,-1.0087434242948057,0.9999995697395103,1.0,False,False,0.0,0.0,0.0,0.0,0.0,0.0,0.0
F026,F043,tree_shadows,tree_shadows,C016,C015,False,0.07192500960453928,0.8784119106699751,0.12158808933002485,0.2774387001991272,0.45186104218362283,0.025716400146484374,0.5518610421836229,0.7362637281417846,0.7320646420121193,0.7341611829623137,378818,208,16390,8,8.999361170799698,-0.33313221350890687,-0.34067459840352937,-0.1111583876701869,0.6812839736015641,1.0,False,False,0.0,0.0,0.0,0.0,0.0,0.0,0.0
F026,F044,tree_shadows,road_and_buildings,C016,C026,False,0.07414453740801746,0.9493796526054591,0.05062034739454091,0.2461954951286316,0.06426799007444169,0.017905680338541667,0.7786600496277916,0.7362637281417846,0.8246913684739007,0.7792241920775717,378818,208,21673,4,11.900131461546177,-2.29012104996074,-2.359229254274283,-1.013629677516114,0.9979870135248395,1.0,False,False,0.0,0.0,0.0,0.0,0.0,0.0,0.0
F026,F045,tree_shadows,underpass glow,C016,C027,False,0.07595852579960166,0.9722084367245658,0.027791563275434195,0.2803388833999634,0.7880893300248138,0.01330718994140625,0.8744416873449131,0.7362637281417846,0.7119318172335625,0.7239955620990631,378818,208,85507,66,46.949870386306884,2.7802300690526174,3.1604618632066033,0.33752815419428345,0.0014836064786715353,0.007514951409552299,False,False,2.702963129168277,3.0726276873557,0.3281477191397525,2.191069652434519,0.2660023369034849,2.431149072789435,0.2951486886800632
F026,F046,tree_shadows,window_heat_zone,C016,C021,False,0.06619257157193875,0.4997518610421836,0.5002481389578164,0.2803388833999634,0.7880893300248138,0.02642156427556818,0.5320099255583126,0.7362637281417846,0.739260733127594,0.7377607087947631,378818,208,39968,12,21.945483055187452,-2.1230162061576388,-2.2453474682959573,-0.585360749422162,0.9944011751377938,1.0,False,False,0.0,0.0,0.0,0.0,0.0,0.0,0.0
F026,F047,tree_shadows,underpass,C016,C008,False,0.04316337739447796,0.014392059553349877,0.9856079404466501,0.2803388833999634,0.7880893300248138,0.1800994873046875,0.013399503722084368,0.7362637281417846,0.3610449731349945,0.5155815337531219,378818,208,10970,0,6.023367421822616,-2.454254962676579,-2.4912623901076074,-2.568537898910482,1.0,1.0,False,False,0.0,0.0,0.0,0.0,0.0,0.0,0.0
F026,F048,tree_shadows,shaded path,C016,C028,False,0.07349428090168238,0.9334987593052109,0.06650124069478913,0.2774387001991272,0.45186104218362283,0.015826416015625,0.8218362282878412,0.7362637281417846,0.6641156588281903,0.6992598021380758,378818,208,155,0,0.08510683230469514,-0.29173075310068897,-0.2918702101706705,-0.1571863514610511,1.0,1.0,False,False,0.0,0.0,0.0,0.0,0.0,0.0,0.0
F026,F049,tree_shadows,red_wall_yellow_wall,C016,C029,False,0.07040025101638177,0.796029776674938,0.20397022332506198,0.2774387001991272,0.45186104218362283,0.025116521661931818,0.569727047146402,0.7362637281417846,1.0,0.8580581146646098,378818,208,349,0,0.19162764176992644,-0.4377529460436862,-0.43807444008811136,-0.3244396224452866,1.0,1.0,False,False,0.0,0.0,0.0,0.0,0.0,0.0,0.0
F026,F050,tree_shadows,greenery_and_water,C016,C030,False,0.06987549308111879,0.7637717121588089,0.2362282878411911,0.2774387001991272,0.45186104218362283,0.011749267578125,0.8982630272952854,0.7362637281417846,0.688131312529246,0.7117907878118979,378818,208,1487,2,0.8164765137876236,1.309800139392962,1.3127371699344936,0.6413318719669272,0.1969928034692779,0.7117159351148105,False,False,1.0003882950500091,1.0026315158953776,0.489831141914194,0.5918476560383582,0.2897928880525495,1.1765450383629088,0.5760847088139645
F026,F051,tree_shadows,zebra_crossing,C016,C020,False,0.06406286374029162,0.33449131513647645,0.6655086848635235,0.2774387001991272,0.45186104218362283,0.0185638427734375,0.7558312655086848,0.7362637281417846,0.8715151250362396,0.801039933518383,378818,208,19455,28,10.682280145082863,5.298570634763486,5.441592819905846,0.9355736917660505,3.4744317174346002e-06,2.358402135470759e-05,False,False,1.7723258599655534,1.820165538767514,0.3129412745659147,2.3942176491077687,0.4227493034009871,4.004825348260441,0.7071358474241662
F026,F052,tree_shadows,palm_tree_street,C016,C026,False,0.05854872463602729,0.11513647642679901,0.884863523573201,0.2461954951286316,0.06426799007444169,0.08505774603949653,0.05459057071960298,0.7362637281417846,0.6043684764040841,0.6670641555417598,378818,208,90021,15,49.42840097355458,-4.8969827233411705,-5.610043469791943,-1.1697499747100755,0.9999999999327983,1.0,False,False,0.0,0.0,0.0,0.0,0.0,0.0,0.0
F026,F053,tree_shadows,road_marking,C016,C030,False,0.06470755983589507,0.38312655086848635,0.6168734491315137,0.2774387001991272,0.45186104218362283,0.035107421875,0.3076923076923077,0.7362637281417846,0.5154761910438538,0.616057158213647,378818,208,86968,55,47.752070915320814,1.0488607410522066,1.1952863902423765,0.13994427336366955,0.13352323186532633,0.5040877068174118,False,False,0.40184639806069655,0.45794595199360527,0.0536163667676193,0.47393930755733704,0.06323536520973753,0.3227263818622174,0.043059776419590634
F026,F054,tree_shadows,highlighted_lane,C016,C023,False,0.07125690749139375,0.8491315136476427,0.15086848635235728,0.27367761731147766,0.2682382133995037,0.03933376736111111,0.2337468982630273,0.7362637281417846,0.8999999761581421,0.8140253913568735,378818,208,245062,84,134.55774540808514,-4.358462842092086,-7.336867986713362,-0.4689508963826102,0.9999999999996972,1.0,False,False,0.0,0.0,0.0,0.0,0.0,0.0,0.0
F026,F055,tree_shadows,small alley entrance,C016,C014,False,0.06750463825215959,0.6014888337468982,0.3985111662531018,0.2774387001991272,0.45186104218362283,0.01525390625,0.8342431761786601,0.7362637281417846,0.8571428656578064,0.7944074532753009,378818,208,535,0,0.2937558405355606,-0.5419924727665141,-0.5425238513584499,-0.4621678099126756,1.0,1.0,False,False,0.0,0.0,0.0,0.0,0.0,0.0,0.0
F026,F056,tree_shadows,stone_wall_street,C016,C021,False,0.061456600748447866,0.20099255583126552,0.7990074441687345,0.2803388833999634,0.7880893300248138,0.025895182291666666,0.547394540942928,0.7362637281417846,0.4911375728746255,0.6013374929564755,378818,208,8534,5,4.685817463795279,0.1451407483066736,0.1468438890471462,0.05882060362122755,0.5042480327748129,1.0,False,False,0.029172209957420748,0.029514528567788693,0.011822503457368317,0.11438387509230652,0.04635589009950836,0.07944925329144466,0.032198077317227784
F026,F057,tree_shadows,streetlight illumination,C016,C027,False,0.06166172800945436,0.21141439205955334,0.7885856079404466,0.2803388833999634,0.7880893300248138,0.040001220703125,0.22133995037220844,0.7362637281417846,0.2642857193946838,0.44111675218264323,378818,208,119269,31,65.48778569128183,-4.261722408412482,-5.15002659154538,-0.7394821137845369,0.9999999883709207,1.0,False,False,0.0,0.0,0.0,0.0,0.0,0.0,0.0
F026,F058,tree_shadows,shaded alley,C016,C031,False,0.07667810601877983,0.9791563275434243,0.0208436724565757,0.2774387001991272,0.45186104218362283,0.010793050130208334,0.9109181141439205,0.7362637281417846,0.875,0.8026398707540398,378818,208,169922,73,93.30014941211874,-2.101638737469192,-2.8309160853954034,-0.24388104267185004,0.9982933807025164,1.0,False,False,0.0,0.0,0.0,0.0,0.0,0.0,0.0
F026,F059,tree_shadows,road_edge,C016,C024,False,0.06687261401313807,0.5498759305210918,0.45012406947890815,0.27367761731147766,0.2682382133995037,0.0604248046875,0.09379652605459057,0.7362637281417846,0.7857142686843872,0.7605872183489298,378818,208,1891,0,1.0383033541172806,-1.0189717140908676,-1.0218037633697628,-1.1238272715423117,1.0,1.0,False,False,0.0,0.0,0.0,0.0,0.0,0.0,0.0
F026,F060,tree_shadows,street_corner_shop,C016,C031,False,0.07408818553921011,0.9468982630272953,0.053101736972704705,0.2774387001991272,0.45186104218362283,0.00479736328125,0.9722084367245658,0.7362637281417846,0.3880471537510554,0.5345138390309089,378818,208,35651,23,19.57512050641733,0.7740928802579636,0.8135313760750097,0.15751915852497694,0.23837797972924335,0.840157355129641,False,False,0.7329872037380618,0.770331446923632,0.14915461760082185,0.3497824156202858,0.07117677113498337,0.7525796289952114,0.1531414548637369
F026,F061,tree_shadows,sunlit street,C016,C014,False,0.06387686280681833,0.3200992555831266,0.6799007444168734,0.2774387001991272,0.45186104218362283,0.0,0.9947890818858561,0.7362637281417846,0.8258823394775391,0.7797866440701533,378818,208,9753,3,5.355141519146398,-1.0177275535710837,-1.0313690516848142,-0.51455719891061,0.9052445473801646,1.0,False,False,0.0,0.0,0.0,0.0,0.0,0.0,0.0
F026,F062,tree_shadows,shaded alley,C016,C005,False,0.06747703303888843,0.5990074441687345,0.4009925558312655,0.2803388833999634,0.7880893300248138,0.058275604248046876,0.10173697270471464,0.7362637281417846,0.5,0.6067387115314897,378818,208,6655,2,3.654103025727394,-0.8653108755218385,-0.8732519387690004,-0.5078057948435633,0.8818107383447849,1.0,False,False,0.0,0.0,0.0,0.0,0.0,0.0,0.0
F026,F063,tree_shadows,blue_wall_graffiti,C016,C013,False,0.0610320540923253,0.18660049627791564,0.8133995037220844,0.27367761731147766,0.2682382133995037,0.0553955078125,0.11265508684863523,0.7362637281417846,0.11488095670938492,0.29083101877094664,378818,208,39,0,0.021413977160536193,-0.14633515353644932,-0.1463826868485327,-0.04193620970014164,1.0,1.0,False,False,0.0,0.0,0.0,0.0,0.0,0.0,0.0
F027,F028,car_top_heat,red_car_street,C020,C021,False,0.0647071853669,0.3826302729528536,0.6173697270471463,0.2803388833999634,0.7880893300248138,0.019407192866007488,0.7310173697270471,0.9444444179534912,0.6187312696129084,0.7644326613896006,378818,94699,158116,36181,39526.70433823102,-16.828377933056604,-25.457691386944465,-0.0884412137960881,1.0,1.0,True,False,0.0,0.0,0.0,0.0,0.0,0.0,0.0
F027,F029,car_top_heat,electric_bike_parking,C020,C022,False,0.06957906803803648,0.7429280397022332,0.2570719602977668,0.2774387001991272,0.45186104218362283,0.04002046585083008,0.21935483870967742,0.9444444179534912,0.39830395206809044,0.6133318385503258,378818,94699,125824,42705,31454.173180788664,63.43738947912743,89.63344469698919,0.3057801546484355,0.0,0.0,True,True,47.129415409555214,66.59119936049271,0.22717265087280789,28.664884923446913,0.1381701393585114,13.915298337356985,0.06707435650352779
F027,F030,car_top_heat,stone_wall_and_shadows,C020,C012,False,0.0715268144721572,0.8660049627791563,0.13399503722084372,0.27199676632881165,0.16997518610421836,0.017806816101074218,0.7811414392059554,0.9444444179534912,0.38914142847061156,0.6062362987429216,378818,94699,10570,1101,2642.3465358034728,-29.985093262650434,-35.11681344585715,-0.875183682280884,1.0,1.0,True,False,0.0,0.0,0.0,0.0,0.0,0.0,0.0
F027,F031,car_top_heat,road_edge,C020,C001,False,0.06968317892213818,0.7464019851116626,0.25359801488833744,0.2774387001991272,0.45186104218362283,0.020346522331237793,0.7032258064516129,0.9444444179534912,0.5565476566553116,0.7250022949296128,378818,94699,2681,500,670.211074975318,-6.574791945930391,-7.618840490493402,-0.2927308567760623,0.9999999999999988,1.0,True,False,0.0,0.0,0.0,0.0,0.0,0.0,0.0
F027,F032,car_top_heat,tree-lined walk,C020,C012,False,0.06841434442182384,0.6600496277915633,0.3399503722084367,0.27199676632881165,0.16997518610421836,0.01641225814819336,0.8104218362282879,0.9444444179534912,0.42500001192092896,0.6335525936249402,378818,94699,325,75,81.24528137522505,-0.6928718805554561,-0.800394149132092,-0.0794754316757767,0.80559956310232,1.0,False,False,0.0,0.0,0.0,0.0,0.0,0.0,0.0
F027,F033,car_top_heat,zebra_crossing,C020,C023,False,0.06595314994885117,0.47791563275434246,0.5220843672456575,0.2774387001991272,0.45186104218362283,0.018890380859375,0.7464019851116626,0.9444444179534912,1.0,0.971825302178067,378818,94699,44394,8256,11097.855450374585,-26.976304307835132,-33.152297303338905,-0.2957961707970464,1.0,1.0,True,False,0.0,0.0,0.0,0.0,0.0,0.0,0.0
F027,F034,car_top_heat,red_door_street,C020,C018,False,0.07339609223896458,0.9305210918114144,0.0694789081885856,0.2774387001991272,0.45186104218362283,0.0058441162109375,0.9672456575682382,0.9444444179534912,0.8333333730697632,0.8871510877466656,378818,94699,15775,3861,3943.5209652128465,-1.314081260503419,-1.549969253816467,-0.021145043422417464,0.9407906116047091,1.0,True,False,0.0,0.0,0.0,0.0,0.0,0.0,0.0
F027,F035,car_top_heat,small alley entrance,C020,C010,False,0.05693247864174683,0.08784119106699752,0.9121588089330025,0.2774387001991272,0.45186104218362283,0.13797977992466517,0.026799007444168736,0.9444444179534912,0.3212707968694823,0.5508379169545725,378818,94699,65633,4814,16407.29708461583,-90.50830758660922,-114.93911856866848,-1.226124456138742,1.0,1.0,True,False,0.0,0.0,0.0,0.0,0.0,0.0,0.0
F027,F036,car_top_heat,pedestrian walk,C020,C024,False,0.06991663812768065,0.7667493796526055,0.23325062034739452,0.2774387001991272,0.45186104218362283,0.02351025172642299,0.6173697270471464,0.9444444179534912,0.6076337546110153,0.7575462412965264,378818,94699,191641,32396,47907.46759393693,-70.86818049626063,-116.41392614604794,-0.39123143639040225,1.0,1.0,True,False,0.0,0.0,0.0,0.0,0.0,0.0,0.0
F027,F037,car_top_heat,street_corner_shops,C020,C003,False,0.06719659761755596,0.5751861042183622,0.42481389578163775,0.2803388833999634,0.7880893300248138,0.028941067782315342,0.458560794044665,0.9444444179534912,0.6591791060160507,0.7890234642318514,378818,94699,5196,826,1298.9245600789825,-13.121996097706461,-15.256804412072976,-0.4524768820987573,1.0,1.0,True,False,0.0,0.0,0.0,0.0,0.0,0.0,0.0
F027,F038,car_top_heat,red-yellow hotspot,C020,C000,False,0.07237990714093565,0.9037220843672457,0.09627791563275434,0.2803388833999634,0.7880893300248138,0.0030355453491210938,0.9796526054590571,0.9444444179534912,0.5312499850988388,0.7083333134651184,378818,94699,4115,1131,1028.6902549509264,3.1898825262155692,3.703488491195433,0.09477185327774963,0.0001310416133977875,0.0007591376224423552,True,True,2.8827672854781894,3.3469243386932424,0.08564741678351467,2.5139123829430887,0.07468868635487166,3.1249767279154015,0.09284349298773091
F027,F039,car_top_heat,red car corner,C020,C017,False,0.07020215741804704,0.7851116625310174,0.21488833746898262,0.2774387001991272,0.45186104218362283,0.030124425888061523,0.43325062034739453,0.9444444179534912,0.30280448123812675,0.5347728508784374,378818,94699,1373,132,343.2300656251815,-11.401528371508501,-13.189129390200307,-0.9532740109644036,1.0,1.0,False,False,0.0,0.0,0.0,0.0,0.0,0.0,0.0
F027,F040,car_top_heat,cobblestone,C020,C013,False,0.0643910576010513,0.3583126550868486,0.6416873449131514,0.2774387001991272,0.45186104218362283,0.02889007329940796,0.4600496277915633,0.9444444179534912,0.45202021673321724,0.6533819484006382,378818,94699,77947,11793,19485.618299552818,-55.108309420109,-71.40141497715209,-0.5021537977453306,1.0,1.0,True,False,0.0,0.0,0.0,0.0,0.0,0.0,0.0
F027,F041,car_top_heat,concrete_wall,C020,C011,False,0.06592451600412433,0.47444168734491315,0.5255583126550869,0.2803388833999634,0.7880893300248138,0.0313269297281901,0.3955334987593052,0.9444444179534912,0.511904776096344,0.6953169121400139,378818,94699,8967,1083,2241.6198095127475,-24.471465123476808,-28.59739459344996,-0.7272252199044117,1.0,1.0,True,False,0.0,0.0,0.0,0.0,0.0,0.0,0.0
F027,F042,car_top_heat,Red-yellow glow street,C020,C025,False,0.0723137344883726,0.8997518610421836,0.10024813895781637,0.2774387001991272,0.45186104218362283,0.007944107055664062,0.9503722084367245,0.9444444179534912,0.9285714626312256,0.9364743106743344,378818,94699,66510,12901,16626.53435158836,-28.892671858992603,-36.74312121873163,-0.2536863623910125,1.0,1.0,True,False,0.0,0.0,0.0,0.0,0.0,0.0,0.0
F027,F043,car_top_heat,tree_shadows,C020,C015,False,0.0687220094874395,0.6803970223325062,0.3196029776674938,0.2637636065483093,0.13746898263027296,0.05496072769165039,0.1141439205955335,0.9444444179534912,0.7320646420121193,0.8315012716343054,378818,94699,16390,4223,4097.262036122887,1.9643530862607885,2.3189350091749255,0.030223188350760634,0.010618766716633365,0.04865325841075651,True,True,1.3365399907015092,1.5777964752252223,0.020563767359252024,0.2700376202949074,0.0041547509544221815,0.2242189626997426,0.0034497932112530745
F027,F044,car_top_heat,road_and_buildings,C020,C026,False,0.07386654846526183,0.9419354838709677,0.058064516129032295,0.2774387001991272,0.45186104218362283,0.026279449462890625,0.5349875930521092,0.9444444179534912,0.8246913684739007,0.8825390413401558,378818,94699,21673,5302,5417.935333062315,-1.5750665392992549,-1.8730808043294438,-0.02162868238078325,0.9702329102427167,1.0,True,False,0.0,0.0,0.0,0.0,0.0,0.0,0.0
F027,F045,car_top_heat,underpass glow,C020,C027,False,0.0701203939960099,0.7811414392059554,0.21885856079404464,0.2803388833999634,0.7880893300248138,0.03540945053100586,0.3022332506203474,0.9444444179534912,0.7119318172335625,0.8199878235374738,378818,94699,85507,18645,21375.508537081132,-18.676062166470093,-24.507613945051887,-0.1366643666188845,1.0,1.0,True,False,0.0,0.0,0.0,0.0,0.0,0.0,0.0
F027,F046,car_top_heat,window_heat_zone,C020,C021,False,0.06701429537373402,0.5607940446650124,0.43920595533498763,0.2803388833999634,0.7880893300248138,0.01201629638671875,0.8923076923076924,0.9444444179534912,0.739260733127594,0.8355780471114364,378818,94699,39968,9382,9991.419710784598,-6.096813290222563,-7.443531751311229,-0.062930485414134,0.9999999999999688,1.0,True,False,0.0,0.0,0.0,0.0,0.0,0.0,0.0
F027,F047,car_top_heat,underpass,C020,C008,False,0.06754146747285335,0.603970223325062,0.396029776674938,0.2803388833999634,0.7880893300248138,0.028777917226155598,0.46253101736972707,0.9444444179534912,0.3610449731349945,0.58394084418502,378818,94699,10970,2929,2742.3407282652884,3.564419904636415,4.176712245334798,0.06583761452880435,1.7531066540930693e-05,0.00011219882586195644,True,True,2.152803485827552,2.522609827579379,0.03976395875015131,2.809081294572023,0.05188592152443737,1.6486547648243866,0.0304519388292038
F027,F048,car_top_heat,shaded path,C020,C028,False,0.07271658218745276,0.9126550868486353,0.08734491315136472,0.27199676632881165,0.16997518610421836,0.03198896135602679,0.38114143920595533,0.9444444179534912,0.6641156588281903,0.7919724280906435,378818,94699,155,36,38.74774957895348,-0.4414219326195799,-0.5098088462273729,-0.07258184642816096,0.723224264485548,1.0,False,False,0.0,0.0,0.0,0.0,0.0,0.0,0.0
F027,F049,car_top_heat,red_wall_yellow_wall,C020,C029,False,0.07410806281087619,0.9473945409429281,0.052605459057071924,0.2509765028953552,0.07320099255583126,0.039981842041015625,0.2218362282878412,0.9444444179534912,1.0,0.971825302178067,378818,94699,349,55,87.24493292293397,-3.452163618322616,-3.9880088175047628,-0.4580510954583214,0.9999892534068711,1.0,False,False,0.0,0.0,0.0,0.0,0.0,0.0,0.0
F027,F050,car_top_heat,greenery_and_water,C020,C030,False,0.06988292987985906,0.7642679900744417,0.23573200992555832,0.2509765028953552,0.07320099255583126,0.026231765747070312,0.5369727047146402,0.9444444179534912,0.688131312529246,0.8061648571708244,378818,94699,1487,148,371.7284104767989,-11.604014419316213,-13.42539002659034,-0.9189227142634911,1.0,1.0,False,False,0.0,0.0,0.0,0.0,0.0,0.0,0.0
F027,F051,car_top_heat,zebra_crossing,C020,C020,True,0.03863541448423023,0.004962779156327543,0.9950372208436724,0.11518855392932892,0.011910669975186104,0.1991983413696289,0.008933002481389578,0.9444444179534912,0.8715151250362396,0.9072472623284765,378818,94699,19455,1680,4863.467535861549,-45.64859496593791,-54.11786184445164,-1.062763102087999,1.0,1.0,True,False,0.0,0.0,0.0,0.0,0.0,0.0,0.0
F027,F052,car_top_heat,palm_tree_street,C020,C026,False,0.06946290237271738,0.7354838709677419,0.2645161290322581,0.2774387001991272,0.45186104218362283,0.023282368977864582,0.6233250620347395,0.9444444179534912,0.6043684764040841,0.75550806344267,378818,94699,90021,20253,22503.942999012717,-15.004971949023844,-19.84352140732563,-0.10538513821550013,1.0,1.0,True,False,0.0,0.0,0.0,0.0,0.0,0.0,0.0
F027,F053,car_top_heat,road_marking,C020,C030,False,0.06772763038208561,0.6153846153846154,0.3846153846153846,0.2509765028953552,0.07320099255583126,0.002158927917480469,0.9826302729528535,0.9444444179534912,0.5154761910438538,0.6977382110930253,378818,94699,86968,17897,21740.73732504791,-26.068531471535977,-34.293879117126394,-0.19454975646089848,1.0,1.0,True,False,0.0,0.0,0.0,0.0,0.0,0.0,0.0
F027,F054,car_top_heat,highlighted_lane,C020,C023,False,0.0721428748855931,0.888833746898263,0.111166253101737,0.2774387001991272,0.45186104218362283,0.018783993191189237,0.7483870967741936,0.9444444179534912,0.8999999761581421,0.9219544205874998,378818,94699,245062,58063,61261.941982693534,-12.924417651917679,-25.11506129235615,-0.05362972396117542,1.0,1.0,True,False,0.0,0.0,0.0,0.0,0.0,0.0,0.0
F027,F055,car_top_heat,small alley entrance,C020,C014,False,0.06487453936899575,0.3940446650124069,0.605955334987593,0.2637636065483093,0.13746898263027296,0.0460357666015625,0.1662531017369727,0.9444444179534912,0.8571428656578064,0.899735402693022,378818,94699,535,154,133.74223241767814,1.7516901992408767,2.0240851690503057,0.14054822370892395,0.025468875490967796,0.11210753927901981,False,False,0.6902441777653876,0.7975799623950087,0.05538227772947177,0.24080306957306347,0.019321021323757785,0.2912239289060514,0.02336657813523053
F027,F056,car_top_heat,stone_wall_street,C020,C021,False,0.0666003896504166,0.5265508684863524,0.47344913151364765,0.2803388833999634,0.7880893300248138,0.0320746103922526,0.38064516129032255,0.9444444179534912,0.4911375728746255,0.6810669123872236,378818,94699,8534,2195,2133.376096172832,1.3341832830284222,1.5582169219119035,0.028469721600403886,0.06143573458894092,0.2512260465138031,True,False,0.7025153663985886,0.8204804735228435,0.014990756634257332,1.0514556096521759,0.02243668382205527,0.5078504109592058,0.010836861770476318
F027,F057,car_top_heat,streetlight illumination,C020,C027,False,0.0666841228963803,0.5344913151364764,0.4655086848635236,0.2803388833999634,0.7880893300248138,0.013846588134765626,0.8650124069478908,0.9444444179534912,0.2642857193946838,0.4996030148299066,378818,94699,119269,31180,29815.518351820665,7.902172700723564,11.023429573458197,0.04474712174231341,2.1244394947166125e-28,2.7992614518618893e-27,True,True,4.223642679245299,5.891927370031999,0.023916947948621113,6.2276179894536074,0.03526472919443856,6.835477427970805,0.03870681548230882
F027,F058,car_top_heat,shaded alley,C020,C031,False,0.0746351482948661,0.9573200992555831,0.042679900744416854,0.27199676632881165,0.16997518610421836,0.03942044576009115,0.23225806451612904,0.9444444179534912,0.875,0.9090593301370955,378818,94699,169922,51949,42478.03292874151,45.952815769480324,71.45406832369048,0.20127325209829142,0.0,0.0,True,True,43.99155415351243,68.4044157798506,0.19268292967623035,7.810838412430278,0.03421145848320834,10.672912049685753,0.046747335971216074
F027,F059,car_top_heat,road_edge,C020,C024,False,0.06387685396583023,0.3196029776674938,0.6803970223325062,0.2774387001991272,0.45186104218362283,0.11421060562133789,0.034739454094292806,0.9444444179534912,0.7857142686843872,0.8614310507320821,378818,94699,1891,308,472.7225448632325,-7.576173046243501,-8.770031569974561,-0.4278439310373024,1.0,1.0,True,False,0.0,0.0,0.0,0.0,0.0,0.0,0.0
F027,F060,car_top_heat,street_corner_shop,C020,C031,False,0.07125002093541426,0.8481389578163772,0.15186104218362284,0.27199676632881165,0.16997518610421836,0.030723730723063152,0.41588089330024813,0.9444444179534912,0.3880471537510554,0.6053833234099899,378818,94699,35651,5250,8912.232388640456,-38.79293583061355,-47.06301911273893,-0.5291575496983326,1.0,1.0,True,False,0.0,0.0,0.0,0.0,0.0,0.0,0.0
F027,F061,car_top_heat,sunlit street,C020,C014,False,0.06411327762119004,0.3379652605459057,0.6620347394540943,0.2637636065483093,0.13746898263027296,0.01906280517578125,0.741439205955335,0.9444444179534912,0.8258823394775391,0.8831760670477502,378818,94699,9753,2269,2438.108397700215,-3.4248272429520985,-4.006518328061311,-0.07186800487999906,0.9999741542808315,1.0,True,False,0.0,0.0,0.0,0.0,0.0,0.0,0.0
F027,F062,car_top_heat,shaded alley,C020,C005,False,0.0781669604274476,0.9915632754342432,0.008436724565756837,0.2803388833999634,0.7880893300248138,0.00022482872009277344,0.988833746898263,0.9444444179534912,0.5,0.6871842612987769,378818,94699,6655,1217,1663.6533770834544,-10.950632363818753,-12.757115776801,-0.3125169359047096,1.0,1.0,True,False,0.0,0.0,0.0,0.0,0.0,0.0,0.0
F027,F063,car_top_heat,blue_wall_graffiti,C020,C013,False,0.06745648940224654,0.5975186104218362,0.4024813895781638,0.2774387001991272,0.45186104218362283,0.03957176208496094,0.22977667493796525,0.9444444179534912,0.11488095670938492,0.3293913755600399,378818,94699,39,17,9.749433765027005,2.322107000099827,2.6814467446782917,0.5349784193073605,0.008616338654832249,0.040024282783736896,False,False,1.3875021479504674,1.602214332800329,0.31965956171020443,1.049269689126994,0.24173590609397105,0.5335660253331116,0.12292556235201384
F028,F029,red_car_street,electric_bike_parking,C021,C022,False,0.06410001674622526,0.3359801488833747,0.6640198511166253,0.2803388833999634,0.7880893300248138,0.026305993398030598,0.5344913151364764,0.6187312696129084,0.39830395206809044,0.4964303676800288,378818,158116,125824,45790,52518.0629853914,-29.358624117199973,-47.066021310161965,-0.13709004175267717,1.0,1.0,True,False,0.0,0.0,0.0,0.0,0.0,0.0,0.0
F028,F030,red_car_street,stone_wall_and_shadows,C021,C012,False,0.06296557996492208,0.2714640198511166,0.7285359801488833,0.2803388833999634,0.7880893300248138,0.009474054972330729,0.9270471464019852,0.6187312696129084,0.38914142847061156,0.490687242647088,378818,158116,10570,5617,4411.844526923219,18.143997511059702,24.109581868112013,0.2414805381303101,1.3420448800860473e-126,5.411124956506943e-125,True,True,4.925442500520922,6.544884010847281,0.06555327759666482,14.299090842462931,0.1903082355091476,16.82034111695262,0.22386384378531973
F028,F031,red_car_street,road_edge,C021,C001,False,0.06148461116963556,0.20397022332506204,0.796029776674938,0.2803388833999634,0.7880893300248138,0.04833571116129557,0.1488833746898263,0.6187312696129084,0.5565476566553116,0.5868163581585213,378818,158116,2681,630,1119.0307641136376,-14.618915897786573,-19.22069285091276,-0.574151760482824,1.0,1.0,True,False,0.0,0.0,0.0,0.0,0.0,0.0,0.0
F028,F032,red_car_street,tree-lined walk,C021,C012,False,0.06656514306776272,0.5225806451612903,0.4774193548387097,0.2803388833999634,0.7880893300248138,0.026978810628255207,0.515136476426799,0.6187312696129084,0.42500001192092896,0.512797032910037,378818,158116,325,139,135.65274089404411,0.2873922451016779,0.3766803960739239,0.024287250915390753,0.3733029550970643,1.0,False,False,0.1501856248595865,0.1968458843999215,0.01269204725255904,0.2264907618965084,0.019140523302054846,0.14804622849406535,0.012511248858647942
F028,F033,red_car_street,zebra_crossing,C021,C023,False,0.06055577349442429,0.16327543424317617,0.8367245657568239,0.2803388833999634,0.7880893300248138,0.0539555549621582,0.11985111662531017,0.6187312696129084,1.0,0.7865947302219284,378818,158116,44394,20889,18529.747013077522,17.33164434913488,24.166733299312178,0.11984226973521891,3.465929368072568e-128,1.425982368578428e-126,True,True,2.829831757253288,3.9458338736842213,0.01956729863170572,13.65888398333806,0.0944464140642817,2.0772169281965627,0.014363229846677601
F028,F034,red_car_street,red_door_street,C021,C018,False,0.06843466066013393,0.6615384615384615,0.3384615384615385,0.2803388833999634,0.7880893300248138,0.016984303792317707,0.8019851116625311,0.6187312696129084,0.8333333730697632,0.7180594793819395,378818,158116,15775,6261,6584.375346472449,-3.985195368948356,-5.3333180394673985,-0.05035563207346025,0.999999956943527,1.0,True,False,0.0,0.0,0.0,0.0,0.0,0.0,0.0
F028,F035,red_car_street,small alley entrance,C021,C010,False,0.06340519692876796,0.29429280397022334,0.7057071960297767,0.2803388833999634,0.7880893300248138,0.031088329496837798,0.40297766749379654,0.6187312696129084,0.3212707968694823,0.44584783058416416,378818,158116,65633,27547,27394.757978765527,0.9198156769227813,1.325339768747888,0.005541855431911178,0.0932718465047978,0.36582887656356494,True,False,0.2706951346973744,0.39003795675806335,0.0016309281742547537,0.7248969205723954,0.004367477134429256,0.37066517601057,0.002233243975539393
F028,F036,red_car_street,pedestrian walk,C021,C024,False,0.06183393453193108,0.21836228287841192,0.781637717121588,0.2803388833999634,0.7880893300248138,0.022011847723098027,0.6560794044665013,0.6187312696129084,0.6076337546110153,0.6131574059327115,378818,158116,191641,79253,79989.6212851554,-2.604518482195034,-4.85431664461871,-0.009251567293512813,0.9999994059041203,1.0,True,False,0.0,0.0,0.0,0.0,0.0,0.0,0.0
F028,F037,red_car_street,street_corner_shops,C021,C003,False,0.06283252868288773,0.2650124069478908,0.7349875930521093,0.27533864974975586,0.31042183622828784,0.025509574196555397,0.5583126550868487,0.6187312696129084,0.6591791060160507,0.6386350484960976,378818,158116,5196,1298,2168.7742821090865,-18.698140404208186,-24.66658887567738,-0.5131829272889857,1.0,1.0,True,False,0.0,0.0,0.0,0.0,0.0,0.0,0.0
F028,F038,red_car_street,red-yellow hotspot,C021,C000,False,0.06704688977577587,0.5642679900744417,0.4357320099255583,0.27533864974975586,0.31042183622828784,0.05066076914469401,0.1369727047146402,0.6187312696129084,0.5312499850988388,0.5733244960422005,378818,158116,4115,1627,1717.5723962430507,-2.185437203658264,-2.8788672959559447,-0.05415786741241382,0.9981434287510766,1.0,True,False,0.0,0.0,0.0,0.0,0.0,0.0,0.0
F028,F039,red_car_street,red car corner,C021,C017,False,0.06628912563513954,0.5071960297766749,0.4928039702233251,0.2803388833999634,0.7880893300248138,0.024284203847249348,0.5925558312655087,0.6187312696129084,0.30280448123812675,0.4328447771672245,378818,158116,1373,645,573.0806561462233,3.0042622575084685,3.943101011977891,0.11812664516439014,4.853397896814943e-05,0.0002973997009112135,True,True,1.5237498894162058,1.9999251782835754,0.05991336543821673,2.3676270297386837,0.09309434864568314,1.7801931193375244,0.06999663241999099
F028,F040,red_car_street,cobblestone,C021,C013,False,0.06000247136407031,0.1424317617866005,0.8575682382133996,0.2803388833999634,0.7880893300248138,0.032637437184651695,0.36625310173697273,0.6187312696129084,0.45202021673321724,0.5288468990076859,378818,158116,77947,40404,32534.535982978632,43.62875754503018,64.13713850739104,0.21662362597888646,0.0,0.0,True,True,6.214120801699088,9.135165633558923,0.030854084692774397,34.38335830347788,0.17071876826524648,15.979167775797656,0.07933907492427703
F028,F041,red_car_street,concrete_wall,C021,C011,False,0.05971851527077804,0.13399503722084366,0.8660049627791564,0.26061704754829407,0.10198511166253102,0.044962035285101995,0.1707196029776675,0.6187312696129084,0.511904776096344,0.562789029774926,378818,158116,8967,4545,3742.763469528903,13.113126266102062,17.386803410441807,0.19417991619915206,5.2956610763917124e-67,1.3513990797475561e-65,True,True,1.7570938421079685,2.3297453701336415,0.026019145098645682,1.3373436464932873,0.01980346043619144,2.2386677099449677,0.03315031819975599
F028,F042,red_car_street,Red-yellow glow street,C021,C025,False,0.06308049825622189,0.27642679900744416,0.7235732009925558,0.2803388833999634,0.7880893300248138,0.030024263593885634,0.4347394540942928,0.6187312696129084,0.9285714626312256,0.7579816620473965,378818,158116,66510,31077,27760.811682654996,19.903209067758095,28.718281595244097,0.11284069934531216,2.6535606985991778e-180,1.7256704414115942e-178,True,True,5.501780372576307,7.938502654367722,0.03119219331778604,15.685506699553276,0.08892855114657851,8.652710244841733,0.04905630403299923
F028,F043,red_car_street,tree_shadows,C021,C015,False,0.06410338595415531,0.33647642679900747,0.6635235732009925,0.2803388833999634,0.7880893300248138,0.022930463155110676,0.63424317617866,0.6187312696129084,0.7320646420121193,0.6730165565503406,378818,158116,16390,7494,6841.072071548871,7.89410979894225,10.573510251929935,0.0911518779403119,3.271940697289031e-26,3.97363400345463e-25,True,True,2.6561818579071197,3.557736948292058,0.03067045818537542,6.221263702590716,0.07183582241648402,5.006785271984216,0.05781245657951296
F028,F044,red_car_street,road_and_buildings,C021,C026,False,0.06423724363542986,0.34789081885856077,0.6521091811414392,0.2803388833999634,0.7880893300248138,0.03923705772117332,0.23622828784119107,0.6187312696129084,0.8246913684739007,0.714326492197135,378818,158116,21673,8079,9046.15954891267,-10.168713289527151,-13.720521366890495,-0.11306558952619328,1.0,1.0,True,False,0.0,0.0,0.0,0.0,0.0,0.0,0.0
F028,F045,red_car_street,underpass glow,C021,C027,False,0.06978810371499124,0.7553349875930521,0.24466501240694793,0.26061704754829407,0.10198511166253102,0.007418632507324219,0.9563275434243176,0.6187312696129084,0.7119318172335625,0.6636975795908459,378818,158116,85507,33961,35690.02743269855,-9.152261975917721,-13.626714814365288,-0.04965778547857907,1.0,1.0,True,False,0.0,0.0,0.0,0.0,0.0,0.0,0.0
F028,F046,red_car_street,window_heat_zone,C021,C021,True,0.04824098156716921,0.02977667493796526,0.9702233250620348,0.16661420464515686,0.02109181141439206,0.11014597343676018,0.039205955334987594,0.6187312696129084,0.739260733127594,0.6763162958135828,378818,158116,39968,10096,16682.36537862509,-50.993756410760085,-70.63828706730737,-0.502193338329731,1.0,1.0,True,False,0.0,0.0,0.0,0.0,0.0,0.0,0.0
F028,F047,red_car_street,underpass,C021,C008,False,0.06253948530324484,0.2540942928039702,0.7459057071960298,0.24508796632289886,0.05905707196029777,0.037470499674479164,0.2689826302729528,0.6187312696129084,0.3610449731349945,0.47264131708429125,378818,158116,10970,4302,4578.801746485119,-4.0906554974703315,-5.438581058326495,-0.062350280300452275,0.9999999767608393,1.0,True,False,0.0,0.0,0.0,0.0,0.0,0.0,0.0
F028,F048,red_car_street,shaded path,C021,C028,False,0.0753903798366948,0.9647642679900744,0.03523573200992558,0.2803388833999634,0.7880893300248138,0.0256087893531436,0.5558312655086849,0.6187312696129084,0.6641156588281903,0.6410219378122556,378818,158116,155,53,64.69592258023641,-1.454105876829712,-1.9054453322539076,-0.1977152759621811,0.9774571486330645,1.0,False,False,0.0,0.0,0.0,0.0,0.0,0.0,0.0
F028,F049,red_car_street,red_wall_yellow_wall,C021,C029,False,0.06414396483385532,0.3404466501240695,0.6595533498759305,0.2803388833999634,0.7880893300248138,0.02910330801299124,0.45459057071960296,0.6187312696129084,1.0,0.7865947302219284,378818,158116,349,142,145.67017406775813,-0.30408944272665117,-0.39857778158995133,-0.025429519050089874,0.6737935781528188,1.0,False,False,0.0,0.0,0.0,0.0,0.0,0.0,0.0
F028,F050,red_car_street,greenery_and_water,C021,C030,False,0.0659314307067358,0.4749379652605459,0.5250620347394541,0.2803388833999634,0.7880893300248138,0.028675503200954862,0.4650124069478908,0.6187312696129084,0.688131312529246,0.6525092801344801,378818,158116,1487,577,620.6634637213649,-1.7526294053325706,-2.3006775248332216,-0.07288583150393817,0.9902028718647018,1.0,True,False,0.0,0.0,0.0,0.0,0.0,0.0,0.0
F028,F051,red_car_street,zebra_crossing,C021,C020,False,0.06144392187083568,0.20049627791563276,0.7995037220843673,0.2803388833999634,0.7880893300248138,0.017206827799479168,0.794044665012407,0.6187312696129084,0.8715151250362396,0.7343253092468794,378818,158116,19455,8847,8120.381766441932,8.0633974698412,10.84621695328891,0.08569619303322498,1.702066201063638e-27,2.17175029199006e-26,True,True,1.6166811800574914,2.174626128599861,0.01718176773470119,6.354677509730931,0.06753625535323139,6.402697742801946,0.0680466048899057
F028,F052,red_car_street,palm_tree_street,C021,C026,False,0.06525586917575597,0.4238213399503722,0.5761786600496278,0.2803388833999634,0.7880893300248138,0.01765547858344184,0.7861042183622828,0.6187312696129084,0.6043684764040841,0.6115077061816294,378818,158116,90021,31627,37574.1396554546,-30.680583461266256,-46.03563891321219,-0.17230235027850463,1.0,1.0,True,False,0.0,0.0,0.0,0.0,0.0,0.0,0.0
F028,F053,red_car_street,road_marking,C021,C030,False,0.05672462999943557,0.08436724565756824,0.9156327543424317,0.2803388833999634,0.7880893300248138,0.028777058919270834,0.4632754342431762,0.6187312696129084,0.5154761910438538,0.564748827479783,378818,158116,86968,33136,36299.83867714839,-16.605883371644495,-24.786147729926025,-0.09119167730806066,1.0,1.0,True,False,0.0,0.0,0.0,0.0,0.0,0.0,0.0
F028,F054,red_car_street,highlighted_lane,C021,C023,False,0.06455319652519245,0.36923076923076925,0.6307692307692307,0.2803388833999634,0.7880893300248138,0.04662888138382523,0.16377171215880892,0.6187312696129084,0.8999999761581421,0.7462292730119306,378818,158116,245062,98816,102287.17535069611,-10.853403776388967,-23.929643201671066,-0.034524595285769004,1.0,1.0,True,False,0.0,0.0,0.0,0.0,0.0,0.0,0.0
F028,F055,red_car_street,small alley entrance,C021,C014,False,0.06561683340918985,0.4486352357320099,0.5513647642679901,0.2803388833999634,0.7880893300248138,0.014987691243489584,0.8401985111662531,0.6187312696129084,0.8571428656578064,0.728245215231862,378818,158116,535,278,223.30528116404184,3.660124826484045,4.798598169174997,0.21864166607337804,1.1835821431864395e-06,8.343012589733783e-06,True,True,1.6420609643382513,2.152820220811016,0.09809035539966936,2.884505322310999,0.17230916413127756,3.075231429894535,0.1837024023137613
F028,F056,red_car_street,stone_wall_street,C021,C021,True,0.04976764478898277,0.03771712158808933,0.9622828784119106,0.16661420464515686,0.02109181141439206,0.0978237787882487,0.048635235732009924,0.6187312696129084,0.4911375728746255,0.5512550897899441,378818,158116,8534,2056,3562.032279353146,-25.23395678636476,-33.43834551333796,-0.5494660977364363,1.0,1.0,True,False,0.0,0.0,0.0,0.0,0.0,0.0,0.0
F028,F057,red_car_street,streetlight illumination,C021,C027,False,0.06590397341199426,0.4739454094292804,0.5260545905707197,0.26061704754829407,0.10198511166253102,0.007195027669270834,0.9583126550868486,0.6187312696129084,0.2642857193946838,0.40437833609335894,378818,158116,119269,39766,49782.05154982076,-44.891090551987794,-71.05217474764221,-0.22463970283885953,1.0,1.0,True,False,0.0,0.0,0.0,0.0,0.0,0.0,0.0
F028,F058,red_car_street,shaded alley,C021,C031,False,0.07334823306689102,0.9290322580645162,0.07096774193548383,0.2803388833999634,0.7880893300248138,0.019886122809516057,0.71712158808933,0.6187312696129084,0.875,0.7357919956830835,378818,158116,169922,61886,70924.26165599312,-33.938097909444195,-59.87552514509814,-0.13631755797644735,1.0,1.0,True,False,0.0,0.0,0.0,0.0,0.0,0.0,0.0
F028,F059,red_car_street,road_edge,C021,C024,False,0.06903232434321852,0.7081885856079404,0.2918114143920596,0.2803388833999634,0.7880893300248138,0.018135706583658855,0.7707196029776675,0.6187312696129084,0.7857142686843872,0.697241699137443,378818,158116,1891,664,789.2902554788843,-4.4596309854684995,-5.857296374984772,-0.17273253266274624,0.9999999985166023,1.0,True,False,0.0,0.0,0.0,0.0,0.0,0.0,0.0
F028,F060,red_car_street,street_corner_shop,C021,C031,False,0.06544975182789595,0.43722084367245656,0.5627791563275435,0.2803388833999634,0.7880893300248138,0.02687941657172309,0.5186104218362283,0.6187312696129084,0.3880471537510554,0.48999684500011426,378818,158116,35651,14252,14880.479586503281,-5.1520813503135,-7.091806086489564,-0.04315152974078264,0.9999999999994249,1.0,True,False,0.0,0.0,0.0,0.0,0.0,0.0,0.0
F028,F061,red_car_street,sunlit street,C021,C014,False,0.05808053525719821,0.10421836228287841,0.8957816377171216,0.2803388833999634,0.7880893300248138,0.027814610799153646,0.49181141439205955,0.6187312696129084,0.8258823394775391,0.7148421003660996,378818,158116,9753,2665,4070.8344059680376,-22.033954571107994,-29.246097153483216,-0.42357915231242066,1.0,1.0,True,False,0.0,0.0,0.0,0.0,0.0,0.0,0.0
F028,F062,red_car_street,shaded alley,C021,C005,False,0.06752934046669208,0.6024813895781638,0.3975186104218362,0.24508796632289886,0.05905707196029777,0.05081780751546224,0.1359801488833747,0.6187312696129084,0.5,0.5562064677855285,378818,158116,6655,3897,2777.7507404611183,21.236364929228518,28.06987521805159,0.3385138223455172,1.9070003725867362e-170,1.1307390444514296e-168,True,True,12.794514652150582,16.911577426657384,0.20394827807814286,1.2541575318005924,0.019991635165814665,2.887724064818171,0.04603115996162368
F028,F063,red_car_street,blue_wall_graffiti,C021,C013,False,0.06954218968880996,0.7409429280397022,0.2590570719602978,0.2803388833999634,0.7880893300248138,0.01378631591796875,0.8660049627791563,0.6187312696129084,0.11488095670938492,0.26660915250445416,378818,158116,39,16,16.278328907285292,-0.06898479927192706,-0.09038312596205596,-0.016727726811254316,0.59627966342341,1.0,False,False,0.0,0.0,0.0,0.0,0.0,0.0,0.0
F029,F030,electric_bike_parking,stone_wall_and_shadows,C022,C012,False,0.06862251117836124,0.6704714640198511,0.32952853598014886,0.2774387001991272,0.45186104218362283,0.010970115661621094,0.9091811414392059,0.39830395206809044,0.38914142847061156,0.39369603614116655,378818,125824,10570,2007,3510.814375240881,-25.379922876535534,-31.49887351187924,-0.5591002664247379,1.0,1.0,True,False,0.0,0.0,0.0,0.0,0.0,0.0,0.0
F029,F031,electric_bike_parking,road_edge,C022,C001,False,0.06893888971501878,0.7012406947890819,0.2987593052109181,0.2591095566749573,0.08610421836228288,0.03451216220855713,0.3225806451612903,0.39830395206809044,0.5565476566553116,0.4708238855028972,378818,125824,2681,390,890.4913282895744,-16.77187858579779,-20.59603420757744,-0.8249067255843068,1.0,1.0,True,False,0.0,0.0,0.0,0.0,0.0,0.0,0.0
F029,F032,electric_bike_parking,tree-lined walk,C022,C012,False,0.06859155792158594,0.6694789081885856,0.3305210918114144,0.2774387001991272,0.45186104218362283,0.0265350341796875,0.5290322580645161,0.39830395206809044,0.42500001192092896,0.4114355166694917,378818,125824,325,141,107.94840794260041,3.1811508439608867,3.8943076689668588,0.26602516002327653,8.414934145287385e-05,0.0005019084981331175,False,False,2.129713393798132,2.6071568463703683,0.17809823368307692,1.4374381356954775,0.12020640605518276,1.6829314142244691,0.14073589110908824
F029,F033,electric_bike_parking,zebra_crossing,C022,C023,False,0.05126669416868397,0.0456575682382134,0.9543424317617866,0.2721763849258423,0.21861042183622828,0.13422584533691406,0.02729528535980149,0.39830395206809044,1.0,0.6311132640565325,378818,125824,44394,6120,14745.4203760117,-71.03161535861355,-92.50770260311297,-0.8793226673186296,1.0,1.0,True,False,0.0,0.0,0.0,0.0,0.0,0.0,0.0
F029,F034,electric_bike_parking,red_door_street,C022,C018,False,0.0688255755493756,0.6893300248138958,0.3106699751861042,0.2721763849258423,0.21861042183622828,0.05336125691731771,0.12406947890818859,0.39830395206809044,0.8333333730697632,0.5761249655100177,378818,125824,15775,3396,5239.649647060066,-25.46990178752387,-31.83634185710043,-0.43360456687519133,1.0,1.0,True,False,0.0,0.0,0.0,0.0,0.0,0.0,0.0
F029,F035,electric_bike_parking,small alley entrance,C022,C010,False,0.07071937527577189,0.820347394540943,0.17965260545905704,0.23827536404132843,0.05235732009925558,0.02826976776123047,0.47642679900744417,0.39830395206809044,0.3212707968694823,0.35771976193268873,378818,125824,65633,15394,21799.931872297515,-43.38651303746355,-58.388752110133915,-0.34791947748292246,1.0,1.0,True,False,0.0,0.0,0.0,0.0,0.0,0.0,0.0
F029,F036,electric_bike_parking,pedestrian walk,C022,C024,False,0.06572278415319731,0.45558312655086847,0.5444168734491315,0.2721763849258423,0.21861042183622828,0.037639890398297994,0.2655086848635236,0.39830395206809044,0.6076337546110153,0.49195825622865574,378818,125824,191641,51114,63653.356450855026,-49.70093895604938,-86.51935542332964,-0.2193916972586552,1.0,1.0,True,False,0.0,0.0,0.0,0.0,0.0,0.0,0.0
F029,F037,electric_bike_parking,street_corner_shops,C022,C003,False,0.06823510718141527,0.6501240694789082,0.3498759305210918,0.2803388833999634,0.7880893300248138,0.018391002308238636,0.7622828784119107,0.39830395206809044,0.6591791060160507,0.5123998858771377,378818,125824,5196,800,1725.8459312915436,-22.286286581470875,-27.459739519715296,-0.7685257428159675,1.0,1.0,True,False,0.0,0.0,0.0,0.0,0.0,0.0,0.0
F029,F038,electric_bike_parking,red-yellow hotspot,C022,C000,False,0.07099147453970242,0.8317617866004963,0.16823821339950373,0.2803388833999634,0.7880893300248138,0.025292277336120605,0.5672456575682382,0.39830395206809044,0.5312499850988388,0.4599988789127444,378818,125824,4115,853,1366.792919027079,-13.897502298566279,-17.098896844383752,-0.47124255026736395,1.0,1.0,True,False,0.0,0.0,0.0,0.0,0.0,0.0,0.0
F029,F039,electric_bike_parking,red car corner,C022,C017,False,0.07336807597806652,0.9295285359801488,0.07047146401985116,0.2721763849258423,0.21861042183622828,0.012815475463867188,0.88287841191067,0.39830395206809044,0.30280448123812675,0.34728694415580014,378818,125824,1373,184,456.04050493904725,-12.738898091000474,-15.616364880773853,-0.906027961948013,1.0,1.0,False,False,0.0,0.0,0.0,0.0,0.0,0.0,0.0
F029,F040,electric_bike_parking,cobblestone,C022,C013,False,0.05373506008283963,0.06153846153846154,0.9384615384615385,0.18481694161891937,0.026799007444168736,0.10819363594055176,0.04119106699751861,0.39830395206809044,0.45202021673321724,0.42431290192441146,378818,125824,77947,10025,25890.014012005766,-98.59941023882527,-135.38142321421572,-0.9487447999946484,1.0,1.0,True,False,0.0,0.0,0.0,0.0,0.0,0.0,0.0
F029,F041,electric_bike_parking,concrete_wall,C022,C011,False,0.0723783913404251,0.9032258064516129,0.09677419354838712,0.2803388833999634,0.7880893300248138,0.008845011393229166,0.9364764267990074,0.39830395206809044,0.511904776096344,0.4515458951221955,378818,125824,8967,1355,2978.379612373224,-29.746101963317063,-36.837621940998226,-0.7873768708643911,1.0,1.0,True,False,0.0,0.0,0.0,0.0,0.0,0.0,0.0
F029,F042,electric_bike_parking,Red-yellow glow street,C022,C025,False,0.07166165931408411,0.8684863523573201,0.13151364764267992,0.27367761731147766,0.2682382133995037,0.01970958709716797,0.7225806451612903,0.39830395206809044,0.9285714626312256,0.608155969586474,378818,125824,66510,19528,22091.226499268778,-17.245550812981442,-23.24130116065356,-0.12332823485870804,1.0,1.0,True,False,0.0,0.0,0.0,0.0,0.0,0.0,0.0
F029,F043,electric_bike_parking,tree_shadows,C022,C015,False,0.06683675999293609,0.5459057071960298,0.4540942928039702,0.2774387001991272,0.45186104218362283,0.0539555549621582,0.11985111662531017,0.39830395206809044,0.7320646420121193,0.5399854072868442,378818,125824,16390,4132,5443.921249782217,-17.780822619706367,-22.24415440896556,-0.27570890980820767,1.0,1.0,True,False,0.0,0.0,0.0,0.0,0.0,0.0,0.0
F029,F044,electric_bike_parking,road_and_buildings,C022,C026,False,0.072932115241386,0.9186104218362283,0.08138957816377168,0.27367761731147766,0.2682382133995037,0.014390203687879775,0.8535980148883374,0.39830395206809044,0.8246913684739007,0.5731298555297887,378818,125824,21673,5903,7198.664139507627,-15.270965043740086,-19.24505331891503,-0.19841953218276331,1.0,1.0,True,False,0.0,0.0,0.0,0.0,0.0,0.0,0.0
F029,F045,electric_bike_parking,underpass glow,C022,C027,False,0.07006454640015174,0.777667493796526,0.222332506203474,0.2803388833999634,0.7880893300248138,0.02709054946899414,0.5106699751861042,0.39830395206809044,0.7119318172335625,0.532508456653174,378818,125824,85507,25490,28401.060055224407,-17.273641023217078,-24.021196589325992,-0.10813824144931963,1.0,1.0,True,False,0.0,0.0,0.0,0.0,0.0,0.0,0.0
F029,F046,electric_bike_parking,window_heat_zone,C022,C021,False,0.06845670850745195,0.6630272952853598,0.33697270471464025,0.2803388833999634,0.7880893300248138,0.014800331809303978,0.8451612903225807,0.39830395206809044,0.739260733127594,0.5426329068656587,378818,125824,39968,14168,13275.32913430724,7.747627146281592,10.023973042252349,0.06507616714819583,1.0163494425701534e-23,1.2052708683655466e-22,True,True,5.136888271678514,6.646167734217934,0.04314727509180627,6.10582228699512,0.05128583296840446,6.547994555889604,0.05499985739621713
F029,F047,electric_bike_parking,underpass,C022,C008,False,0.06280781965768008,0.2620347394540943,0.7379652605459057,0.2803388833999634,0.7880893300248138,0.040018558502197266,0.22084367245657568,0.39830395206809044,0.3610449731349945,0.3792171405329483,378818,125824,10970,2698,3643.6739542471582,-15.66648884336657,-19.454156132097342,-0.3004336523516808,1.0,1.0,True,False,0.0,0.0,0.0,0.0,0.0,0.0,0.0
F029,F048,electric_bike_parking,shaded path,C022,C028,False,0.07831839610426092,0.9925558312655087,0.007444168734491274,0.2774387001991272,0.45186104218362283,0.012205941336495536,0.890818858560794,0.39830395206809044,0.6641156588281903,0.5143149730870878,378818,125824,155,32,51.4830868649325,-2.7153478786628606,-3.3233338002364747,-0.4696783237421854,0.9998036325644742,1.0,False,False,0.0,0.0,0.0,0.0,0.0,0.0,0.0
F029,F049,electric_bike_parking,red_wall_yellow_wall,C022,C029,False,0.06922571229158442,0.7215880893300248,0.27841191066997517,0.2774387001991272,0.45186104218362283,0.027878414500843395,0.48982630272952854,0.39830395206809044,1.0,0.6311132640565325,378818,125824,349,74,115.91998268297705,-3.893515794281574,-4.766523156967102,-0.4464050677119475,0.999999727463105,1.0,False,False,0.0,0.0,0.0,0.0,0.0,0.0,0.0
F029,F050,electric_bike_parking,greenery_and_water,C022,C030,False,0.07103894358662967,0.8332506203473945,0.1667493796526055,0.2774387001991272,0.45186104218362283,0.037768046061197914,0.26253101736972706,0.39830395206809044,0.688131312529246,0.5235316812975132,378818,125824,1487,555,493.9054849558363,2.749035177471002,3.370497247433607,0.11651260883140792,0.00045927558479794296,0.0024690655438737415,True,True,2.290635266984522,2.8084689223032386,0.09708420358706396,1.2421819002914876,0.05264750885409276,0.7217070019266303,0.030588173732910565
F029,F051,electric_bike_parking,zebra_crossing,C022,C020,False,0.06714491792924482,0.571712158808933,0.428287841191067,0.2774387001991272,0.45186104218362283,0.03975334167480469,0.2248138957816377,0.39830395206809044,0.8715151250362396,0.5891756262686452,378818,125824,19455,3563,6461.9577739178185,-36.06283224123632,-45.307288770612864,-0.5952664978368273,1.0,1.0,True,False,0.0,0.0,0.0,0.0,0.0,0.0,0.0
F029,F052,electric_bike_parking,palm_tree_street,C022,C026,False,0.0705481041045317,0.8069478908188585,0.19305210918114146,0.27367761731147766,0.2682382133995037,0.01638560824924045,0.8114143920595533,0.39830395206809044,0.6043684764040841,0.4906346427405195,378818,125824,90021,25172,29900.38040431025,-27.34475597130274,-38.322394394988365,-0.1721357961157226,1.0,1.0,True,False,0.0,0.0,0.0,0.0,0.0,0.0,0.0
F029,F053,electric_bike_parking,road_marking,C022,C030,False,0.060141160047633986,0.14689826302729528,0.8531017369727047,0.2774387001991272,0.45186104218362283,0.062408447265625,0.0858560794044665,0.39830395206809044,0.5154761910438538,0.4531183113600387,378818,125824,86968,29617,28886.329667544836,4.299077678328132,5.993360017691291,0.024979632446894,1.1103095644941823e-09,8.70966568879483e-09,True,True,0.6315270435658198,0.8804141762960903,0.0036694646175089943,1.9425857201576993,0.011287322750817362,0.3691019545165096,0.002144653306854919
F029,F054,electric_bike_parking,highlighted_lane,C022,C023,False,0.07073603892925574,0.822332506203474,0.17766749379652602,0.2721763849258423,0.21861042183622828,0.0387672848171658,0.24416873449131513,0.39830395206809044,0.8999999761581421,0.5987266048581565,378818,125824,245062,83821,81397.0853760909,8.495968465711988,17.49569416233609,0.029343928943007754,4.1732453893879947e-69,1.1070082506587103e-67,True,True,6.986511041034622,14.387278028283326,0.024130466629560223,1.8573072501965908,0.006414888684563233,2.0744498685510164,0.007164869995017278
F029,F055,electric_bike_parking,small alley entrance,C022,C014,False,0.06942303610217526,0.7315136476426799,0.2684863523573201,0.2774387001991272,0.45186104218362283,0.02625885009765625,0.5359801488833746,0.39830395206809044,0.8571428656578064,0.5842973479988358,378818,125824,535,198,177.69968692089606,1.5228579837840275,1.8647727536463914,0.10788434198940802,0.035305816871362576,0.15176231729779735,True,False,1.113991398559631,1.3641067190445564,0.0789188685322022,0.6881201956503012,0.04874873120662829,0.8162216488767988,0.05782386568166782
F029,F056,electric_bike_parking,stone_wall_street,C022,C021,False,0.06774222180139007,0.6188585607940447,0.38114143920595533,0.2803388833999634,0.7880893300248138,0.0152891476949056,0.8337468982630273,0.39830395206809044,0.4911375728746255,0.4422917999297445,378818,125824,8534,3530,2834.5591180989286,13.062233946747014,16.166831331323426,0.21937671406702036,4.1569742533406476e-57,8.465111206802773e-56,True,True,8.083675301038971,10.004981970302884,0.13576315753924287,10.294207199719235,0.17288844761212324,10.890597037486344,0.18290465490451324
F029,F057,electric_bike_parking,streetlight illumination,C022,C027,False,0.05688216837962686,0.08684863523573201,0.913151364764268,0.2803388833999634,0.7880893300248138,0.04856414794921875,0.14491315136476426,0.39830395206809044,0.2642857193946838,0.3244472938861733,378818,125824,119269,44482,39615.072821249254,24.4525760836449,36.148465124855555,0.11587355938028902,1.332385500626201e-283,1.4137311417170636e-281,True,True,2.1236728608624604,3.13944486196016,0.010063460492084654,19.270814303140494,0.09131871577960246,3.543499859267648,0.016791602649649823
F029,F058,electric_bike_parking,shaded alley,C022,C031,False,0.0734054572987159,0.9310173697270472,0.06898263027295282,0.2774387001991272,0.45186104218362283,0.03687477111816406,0.27890818858560795,0.39830395206809044,0.875,0.5903524015870344,378818,125824,169922,65823,56439.41345976168,39.49822848692038,65.08598452023561,0.15380032375857905,0.0,0.0,True,True,36.77353679477054,60.59618211412507,0.14319077288888055,17.847710688506705,0.06949637458173014,11.016379359627422,0.04289616970338533
F029,F059,electric_bike_parking,road_edge,C022,C024,False,0.05978760498840834,0.13746898263027296,0.862531017369727,0.2721763849258423,0.21861042183622828,0.10746073722839355,0.042679900744416875,0.39830395206809044,0.7857142686843872,0.5594221111229702,378818,125824,1891,499,628.0936597521766,-5.1510137397210505,-6.3188639853328015,-0.22987743992455917,0.9999999999500034,1.0,True,False,0.0,0.0,0.0,0.0,0.0,0.0,0.0
F029,F060,electric_bike_parking,street_corner_shop,C022,C031,False,0.0723437811844361,0.9007444168734491,0.09925558312655092,0.2774387001991272,0.45186104218362283,0.011239369710286459,0.9052109181141439,0.39830395206809044,0.3880471537510554,0.39314210525943327,378818,125824,35651,6409,11841.44212788199,-49.92209587966624,-64.1822553212785,-0.6138663823052962,1.0,1.0,True,False,0.0,0.0,0.0,0.0,0.0,0.0,0.0
F029,F061,electric_bike_parking,sunlit street,C022,C014,False,0.06361454673398499,0.3052109181141439,0.6947890818858561,0.2774387001991272,0.45186104218362283,0.0197845458984375,0.7196029776674938,0.39830395206809044,0.8258823394775391,0.5735435465220964,378818,125824,9753,4172,3239.4486851205593,16.384650667615187,20.312373731463595,0.2529578848007896,1.58557481588687e-88,4.770923625116313e-87,True,True,5.000774273242352,6.199558235657623,0.07720550826426086,7.40358532648319,0.1143018134546496,11.790443408457579,0.1820292471271191
F029,F062,electric_bike_parking,shaded alley,C022,C005,False,0.07620442512292495,0.9751861042183623,0.02481389578163773,0.2803388833999634,0.7880893300248138,0.01978302001953125,0.7203473945409429,0.39830395206809044,0.5,0.4462644687111503,378818,125824,6655,1173,2210.451245716941,-22.0661835447975,-27.241784444339746,-0.633432114539411,1.0,1.0,True,False,0.0,0.0,0.0,0.0,0.0,0.0,0.0
F029,F063,electric_bike_parking,blue_wall_graffiti,C022,C013,False,0.0741440583531526,0.9488833746898263,0.05111662531017369,0.18481694161891937,0.026799007444168736,0.0364227294921875,0.286848635235732,0.39830395206809044,0.11488095670938492,0.21391011914986915,378818,125824,39,7,12.953808953112048,-1.6542309840809235,-2.024315158710085,-0.584359238953791,0.9893537771794707,1.0,False,False,0.0,0.0,0.0,0.0,0.0,0.0,0.0
F030,F031,stone_wall_and_shadows,road_edge,C012,C001,False,0.06468414200883153,0.3801488833746898,0.6198511166253102,0.2774387001991272,0.45186104218362283,0.0359710693359375,0.29181141439205954,0.38914142847061156,0.5565476566553116,0.4653769978445641,378818,10570,2681,68,74.80682016166074,-0.7869980917915421,-0.8010515892401595,-0.09473695863218973,0.8038228464085404,1.0,False,False,0.0,0.0,0.0,0.0,0.0,0.0,0.0
F030,F032,stone_wall_and_shadows,tree-lined walk,C012,C012,True,0.04400217438453076,0.016377171215880892,0.9836228287841191,0.0927647277712822,0.0024813895781637717,0.15540428161621095,0.021339950372208438,0.38914142847061156,0.42500001192092896,0.4066756837320585,378818,10570,325,12,9.06833888569181,0.9735312478939482,0.9878268013704558,0.26726902907212474,0.2008764975077459,0.7231553910278852,False,False,0.015943687930769373,0.01617780865767992,0.004377110649816435,0.0024157102925408142,0.0006631985833055205,0.020775108515851005,0.005703507816427476
F030,F033,stone_wall_and_shadows,zebra_crossing,C012,C023,False,0.06292737428852462,0.2694789081885856,0.7305210918114144,0.2774387001991272,0.45186104218362283,0.0,0.9947890818858561,0.38914142847061156,1.0,0.6238120137273822,378818,10570,44394,1794,1238.7071892043145,15.777483030955034,17.031340764089016,0.3702546200135211,9.283791719869418e-59,1.9294973306450255e-57,True,True,4.251698901145699,4.589587114094459,0.0997758107530233,7.129229925401766,0.1673036384726109,15.695267858833434,0.3683252535072472
F030,F034,stone_wall_and_shadows,red_door_street,C012,C018,False,0.06889466190828064,0.6967741935483871,0.3032258064516129,0.2774387001991272,0.45186104218362283,0.011507161458333333,0.9009925558312655,0.38914142847061156,0.8333333730697632,0.5694598661789966,378818,10570,15775,384,440.1632182208871,-2.6769799057795898,-2.773485583728997,-0.13633711724728023,0.997813546306105,1.0,True,False,0.0,0.0,0.0,0.0,0.0,0.0,0.0
F030,F035,stone_wall_and_shadows,small alley entrance,C012,C010,False,0.05373683261028067,0.062034739454094295,0.9379652605459057,0.2774387001991272,0.45186104218362283,0.07440359933035715,0.06650124069478908,0.38914142847061156,0.3212707968694823,0.35358135813371444,378818,10570,65633,3376,1831.3301110295708,36.09544186295234,40.263518253463324,0.611524142235063,1.6489796209919932e-301,1.9554958328940344e-299,True,True,2.2391713314486563,2.497736864358767,0.03793574083344064,16.310123978272014,0.27632393623078155,2.4003916673129595,0.04066711417344836
F030,F036,stone_wall_and_shadows,pedestrian walk,C012,C024,False,0.06370327050088657,0.31017369727047145,0.6898263027295286,0.2774387001991272,0.45186104218362283,0.011717878069196429,0.8987593052109181,0.38914142847061156,0.6076337546110153,0.48626686835141414,378818,10570,191641,4394,5347.278561208813,-13.036272247738856,-18.809922912433628,-0.1963274934527826,1.0,1.0,True,False,0.0,0.0,0.0,0.0,0.0,0.0,0.0
F030,F037,stone_wall_and_shadows,street_corner_shops,C012,C003,False,0.06274354565004643,0.25955334987593054,0.7404466501240694,0.2803388833999634,0.7880893300248138,0.03283247514204545,0.36129032258064514,0.38914142847061156,0.6591791060160507,0.5064720119938185,378818,10570,5196,224,144.981811846322,6.562514951614911,6.702146561100322,0.4338246328771069,2.865003911891616e-10,2.3479056448672755e-09,True,True,1.7033227393025303,1.7395645912930364,0.11260063672194884,5.171848011496018,0.34189256427237996,2.370973143809258,0.15673664155559988
F030,F038,stone_wall_and_shadows,red-yellow hotspot,C012,C000,False,0.07241978905940888,0.9057071960297767,0.09429280397022333,0.2803388833999634,0.7880893300248138,0.02086334228515625,0.6838709677419355,0.38914142847061156,0.5312499850988388,0.4546772240571912,378818,10570,4115,138,114.81912158345169,2.1633300308581926,2.2061702771430314,0.18316707009525868,0.017445600094584787,0.07815628842373985,False,False,1.959343576335584,1.9981442956754503,0.16589573346096628,1.7048973146415929,0.14435201355398053,1.4794386017481833,0.12526264148449948
F030,F039,stone_wall_and_shadows,red car corner,C012,C017,False,0.06802734904708373,0.6362282878411911,0.3637717121588089,0.2774387001991272,0.45186104218362283,0.006834793090820313,0.9612903225806452,0.38914142847061156,0.30280448123812675,0.3432692359887602,378818,10570,1373,16,38.31024396939955,-3.604515194644318,-3.662518756694259,-0.8553238507054762,0.9999874461514,1.0,False,False,0.0,0.0,0.0,0.0,0.0,0.0,0.0
F030,F040,stone_wall_and_shadows,cobblestone,C012,C013,False,0.06032306248484835,0.1543424317617866,0.8456575682382134,0.2774387001991272,0.45186104218362283,0.01816387176513672,0.7692307692307693,0.38914142847061156,0.45202021673321724,0.4194040925374472,378818,10570,77947,2376,2174.922495763137,4.311631076624413,4.9069458338348335,0.08840592046996767,6.326847261028543e-07,4.523022722777852e-06,True,True,0.665467625225902,0.7573499525174359,0.01364478474747392,1.948258111794803,0.03994719135876207,3.316639289711087,0.06800455420766745
F030,F041,stone_wall_and_shadows,concrete_wall,C012,C011,False,0.06478256743625045,0.38858560794044666,0.6114143920595534,0.2803388833999634,0.7880893300248138,0.05012054443359375,0.13945409429280398,0.38914142847061156,0.511904776096344,0.44632203150982797,378818,10570,8967,644,250.20244550153373,24.895866112034,25.55487001748517,0.9442080625695765,4.970856423632236e-103,1.7278011293176875e-101,True,True,9.674175268348696,9.930254701583568,0.36690566401587016,19.62016644462034,0.744120299434485,3.4718304602886123,0.13167368018960346
F030,F042,stone_wall_and_shadows,Red-yellow glow street,C012,C025,False,0.06413241357363449,0.339454094292804,0.6605459057071961,0.2774387001991272,0.45186104218362283,0.028777058919270834,0.4632754342431762,0.38914142847061156,0.9285714626312256,0.6011203085950102,378818,10570,66510,1887,1855.8006747303455,0.7242350477904147,0.8089986900309456,0.0166675794267638,0.21272385775924788,0.7603746405011413,True,False,0.24584455220280083,0.2746179176085195,0.005657878078365479,0.32725360348048266,0.0075314298104558015,0.33552030625923185,0.007721680096716629
F030,F043,stone_wall_and_shadows,tree_shadows,C012,C015,False,0.06361816935706426,0.3066997518610422,0.6933002481389579,0.27199676632881165,0.16997518610421836,0.040819549560546876,0.21042183622828783,0.38914142847061156,0.7320646420121193,0.5337384008345502,378818,10570,16390,515,457.32330565073465,2.6970481163271414,2.7966470413557762,0.11865398930348148,0.003183047659142886,0.015537588573443242,True,True,0.8271839880348255,0.8577309536267343,0.036391149076700526,0.4584312555047374,0.020168233913867198,0.5675178170336019,0.024967390305050196
F030,F044,stone_wall_and_shadows,road_and_buildings,C012,C026,False,0.070776378495945,0.824317617866005,0.175682382133995,0.2774387001991272,0.45186104218362283,0.016145155164930557,0.8143920595533499,0.38914142847061156,0.8246913684739007,0.5664994061561911,378818,10570,21673,501,604.7326420603034,-4.218263778389571,-4.406271787395447,-0.1880093090463219,0.9999972774253241,1.0,True,False,0.0,0.0,0.0,0.0,0.0,0.0,0.0
F030,F045,stone_wall_and_shadows,underpass glow,C012,C027,False,0.07062738754674719,0.8114143920595533,0.18858560794044665,0.2803388833999634,0.7880893300248138,0.0082763671875,0.9436724565756823,0.38914142847061156,0.7119318172335625,0.5263479498696151,378818,10570,85507,2230,2385.866009534922,-3.191011664942734,-3.678104396216354,-0.06754593512436216,0.9998990028572919,1.0,True,False,0.0,0.0,0.0,0.0,0.0,0.0,0.0
F030,F046,stone_wall_and_shadows,window_heat_zone,C012,C021,False,0.06417853562851372,0.34590570719602975,0.6540942928039702,0.2803388833999634,0.7880893300248138,0.0234161376953125,0.6208436724565757,0.38914142847061156,0.739260733127594,0.5363552719061345,378818,10570,39968,915,1115.2103648717855,-5.995261882758659,-6.429308257060069,-0.19777621545825405,0.9999999999822031,1.0,True,False,0.0,0.0,0.0,0.0,0.0,0.0,0.0
F030,F047,stone_wall_and_shadows,underpass,C012,C008,False,0.06460480093666078,0.3746898263027295,0.6253101736972705,0.2803388833999634,0.7880893300248138,0.028782145182291666,0.4610421836228288,0.38914142847061156,0.3610449731349945,0.37483003693392203,378818,10570,10970,392,306.09131561858203,4.9103399976756705,5.054022835899761,0.2470208959785261,6.648175925038203e-07,4.735944404550183e-06,True,True,1.8398544408164421,1.8936909385133098,0.09255621660733857,3.8697865589622653,0.19467453241384589,2.2638738748589073,0.11388705328240732
F030,F048,stone_wall_and_shadows,shaded path,C012,C028,False,0.06992930112138017,0.7677419354838709,0.23225806451612907,0.2571783661842346,0.07841191066997519,0.039664786202566964,0.22630272952853597,0.38914142847061156,0.6641156588281903,0.508364943860317,378818,10570,155,3,4.324900083945325,-0.6370816384321711,-0.6462915650708086,-0.32102705809056165,0.8098619801702519,1.0,False,False,0.0,0.0,0.0,0.0,0.0,0.0,0.0
F030,F049,stone_wall_and_shadows,red_wall_yellow_wall,C012,C029,False,0.06571097538134109,0.45508684863523574,0.5449131513647643,0.27199676632881165,0.16997518610421836,0.0376708984375,0.2640198511166253,0.38914142847061156,1.0,0.6238120137273822,378818,10570,349,15,9.738000834173667,1.6862263485523603,1.7110415272923667,0.4147336544116269,0.0676308614752838,0.2748867272866374,False,False,0.7673794350483942,0.7786724965395039,0.18873983180916223,0.286616637409024,0.07049443009229886,0.44519722949372487,0.10949791769081166
F030,F050,stone_wall_and_shadows,greenery_and_water,C012,C030,False,0.06982819126612945,0.7578163771712159,0.24218362282878414,0.27199676632881165,0.16997518610421836,0.0040771484375,0.9766749379652605,0.38914142847061156,0.688131312529246,0.5174750254195729,378818,10570,1487,79,41.49113822468837,5.823126316052006,5.917725320817866,0.6382984202896976,8.247784290401147e-08,6.09067147598854e-07,False,False,4.4128604886408995,4.484549163716567,0.48371299641804877,0.9897869792793111,0.10849489277876995,5.687301533493969,0.6234100700397642
F030,F051,stone_wall_and_shadows,zebra_crossing,C012,C020,False,0.06814208349104618,0.6436724565756824,0.3563275434243176,0.27199676632881165,0.16997518610421836,0.0174114990234375,0.7900744416873449,0.38914142847061156,0.8715151250362396,0.5823595458909778,378818,10570,19455,808,542.8447169881051,11.380529705615443,11.851017293918352,0.3974367225920931,6.511638428017957e-29,8.636488862423816e-28,True,True,7.3253335127460195,7.628173414497321,0.2558190715642406,1.9344076546765703,0.06755438088724164,8.991465653270364,0.31400459670799613
F030,F052,stone_wall_and_shadows,palm_tree_street,C012,C026,False,0.06695384638272388,0.5553349875930521,0.4446650124069479,0.2774387001991272,0.45186104218362283,0.026217990451388888,0.537468982630273,0.38914142847061156,0.6043684764040841,0.48495856754004496,378818,10570,90021,1621,2511.8182610118843,-17.7744022496761,-20.647073360623597,-0.43785429007811577,1.0,1.0,True,False,0.0,0.0,0.0,0.0,0.0,0.0,0.0
F030,F053,stone_wall_and_shadows,road_marking,C012,C030,False,0.06313292878526076,0.2794044665012407,0.7205955334987593,0.27199676632881165,0.16997518610421836,0.0109375,0.9096774193548387,0.38914142847061156,0.5154761910438538,0.4478762567109303,378818,10570,86968,1891,2426.631680648755,-10.873373954234124,-12.564473966897726,-0.2493400167324688,1.0,1.0,True,False,0.0,0.0,0.0,0.0,0.0,0.0,0.0
F030,F054,stone_wall_and_shadows,highlighted_lane,C012,C023,False,0.0688419501679255,0.6903225806451613,0.3096774193548387,0.2774387001991272,0.45186104218362283,0.03229166666666667,0.37121588089330027,0.38914142847061156,0.8999999761581421,0.5918000307077517,378818,10570,245062,7307,6837.862350785866,5.673356968805269,9.683744208397046,0.06635293743465051,7.490546655097724e-23,8.779617474812215e-22,True,True,3.916446423626863,6.684907292248283,0.04580493100327487,2.5635689926040683,0.0299823074611659,2.106040204797192,0.02463126411966183
F030,F055,stone_wall_and_shadows,small alley entrance,C012,C014,False,0.05780035602219493,0.09975186104218363,0.9002481389578164,0.27199676632881165,0.16997518610421836,0.065616455078125,0.07791563275434243,0.38914142847061156,0.8571428656578064,0.5775377036570619,378818,10570,535,18,14.927880934908057,0.7951315062383675,0.8070313119088932,0.18159440923579492,0.24245457716425403,0.8530339049967472,False,False,0.0793158475205518,0.08050287528222708,0.018114380276126444,0.13515262575019396,0.030866543505339832,0.06195317443147578,0.014149043300257968
F030,F056,stone_wall_and_shadows,stone_wall_street,C012,C021,False,0.06556378004861141,0.4446650124069479,0.5553349875930521,0.2803388833999634,0.7880893300248138,0.005755360921223958,0.9682382133995037,0.38914142847061156,0.4911375728746255,0.4371749954926755,378818,10570,8534,170,238.12062784767355,-4.414485885531784,-4.5286889713835095,-0.336139662881771,0.9999991638816721,1.0,False,False,0.0,0.0,0.0,0.0,0.0,0.0,0.0
F030,F057,stone_wall_and_shadows,streetlight illumination,C012,C027,False,0.06554787164311532,0.4431761786600496,0.5568238213399503,0.2803388833999634,0.7880893300248138,0.052080078125,0.1315136476426799,0.38914142847061156,0.2642857193946838,0.3206938140495237,378818,10570,119269,1432,3327.9129555617737,-32.86490756147002,-40.27008722896279,-0.8430744308591323,1.0,1.0,True,False,0.0,0.0,0.0,0.0,0.0,0.0,0.0
F030,F058,stone_wall_and_shadows,shaded alley,C012,C031,False,0.060374017737111936,0.15682382133995038,0.8431761786600496,0.23196737468242645,0.047890818858560794,0.11055450439453125,0.03821339950372209,0.38914142847061156,0.875,0.5835227072803466,378818,10570,169922,1402,4741.262400413919,-48.49573564184736,-66.23664473141517,-1.2181525226197296,1.0,1.0,True,False,0.0,0.0,0.0,0.0,0.0,0.0,0.0
F030,F059,stone_wall_and_shadows,road_edge,C012,C024,False,0.06458782128313612,0.37220843672456577,0.6277915632754343,0.2774387001991272,0.45186104218362283,0.030584716796875,0.41836228287841193,0.38914142847061156,0.7857142686843872,0.5529502444936473,378818,10570,1891,87,52.76378102413296,4.713221399264057,4.792355778915557,0.49638222368134194,6.703418165081078e-06,4.445424677895873e-05,False,False,1.7543007689568453,1.783755252698098,0.18475765149429602,2.12972113351361,0.22429578891407534,1.971834064307494,0.20766760027958872
F030,F060,stone_wall_and_shadows,street_corner_shop,C012,C031,False,0.04187156269060787,0.010421836228287842,0.9895781637717121,0.23196737468242645,0.047890818858560794,0.20767618815104166,0.006947890818858561,0.38914142847061156,0.3880471537510554,0.38859390592833637,378818,10570,35651,717,994.7549218886114,-8.80650761906766,-9.384492495364501,-0.3272259596135844,1.0,1.0,True,False,0.0,0.0,0.0,0.0,0.0,0.0,0.0
F030,F061,stone_wall_and_shadows,sunlit street,C012,C014,False,0.0568205872146851,0.0858560794044665,0.9141439205955335,0.27199676632881165,0.16997518610421836,0.0670599365234375,0.07444168734491315,0.38914142847061156,0.8258823394775391,0.5669083112223176,378818,10570,9753,134,272.13387431431454,-8.373535975558209,-8.60433469040575,-0.7065655763093617,1.0,1.0,False,False,0.0,0.0,0.0,0.0,0.0,0.0,0.0
F030,F062,stone_wall_and_shadows,shaded alley,C012,C005,False,0.06765296571537055,0.6119106699751861,0.38808933002481394,0.2803388833999634,0.7880893300248138,0.0147491455078125,0.8466501240694789,0.38914142847061156,0.5,0.44110170509226754,378818,10570,6655,450,185.69167779778152,19.396109074850745,19.84759347518362,0.8835814081678549,2.599971001143013e-64,5.759935756378367e-63,True,True,11.868686098903705,12.14495422079474,0.5406728914496104,15.285866605887335,0.6963410799853864,16.42171815468753,0.7480843088507992
F030,F063,stone_wall_and_shadows,blue_wall_graffiti,C012,C013,False,0.06525002211113809,0.42233250620347396,0.577667493796526,0.2774387001991272,0.45186104218362283,0.0,0.9947890818858561,0.38914142847061156,0.11488095670938492,0.2114354265442774,378818,10570,39,3,1.0882006662830173,1.832684944651666,1.8588943218209963,0.7901612494956303,0.09460265862764063,0.37032807726858935,False,False,0.774002425756113,0.7850714977020684,0.333710780804358,0.8281189290845369,0.3570430856902091,1.8231349734760618,0.7860437839275389
F031,F032,road_edge,tree-lined walk,C001,C012,False,0.06296003759635609,0.2709677419354839,0.7290322580645161,0.2774387001991272,0.45186104218362283,0.030353546142578125,0.42431761786600497,0.5565476566553116,0.42500001192092896,0.4863463382334368,378818,2681,325,2,2.3001150948476576,-0.1978850821685518,-0.19867404544099218,-0.1133697897649382,0.6703649899556154,1.0,False,False,0.0,0.0,0.0,0.0,0.0,0.0,0.0
F031,F033,road_edge,zebra_crossing,C001,C023,False,0.06699394215664038,0.5598014888337469,0.4401985111662531,0.2721763849258423,0.21861042183622828,0.024730682373046875,0.5816377171215881,0.5565476566553116,1.0,0.7460212172956688,378818,2681,44394,485,314.18864467897515,9.636548161027225,10.29271110309578,0.4335955673149644,3.345908110059976e-22,3.854486142789092e-21,True,True,5.394554007761147,5.761874999648655,0.2427274441346302,2.1066498585272915,0.09478850987704308,5.604979873312113,0.25219553592711574
F031,F034,road_edge,red_door_street,C001,C018,False,0.06604885462273104,0.48833746898263025,0.5116625310173697,0.2721763849258423,0.21861042183622828,0.038968404134114586,0.23970223325062034,0.5565476566553116,0.8333333730697632,0.681021098053976,378818,2681,15775,116,111.64404806529785,0.4122543922494039,0.4226133998704312,0.038107084644494485,0.34951685229617857,1.0,False,False,0.20131926648804638,0.20637795805087059,0.01860911726559929,0.0901231065934801,0.008330605849081796,0.09881829848955935,0.009134353291955749
F031,F035,road_edge,small alley entrance,C001,C010,False,0.07001718382200361,0.7727047146401985,0.22729528535980148,0.2591095566749573,0.08610421836228288,0.008605412074497767,0.9399503722084367,0.5565476566553116,0.3212707968694823,0.4228504571943786,378818,2681,65633,540,464.5029354465733,3.502965293456665,3.8662716346785264,0.1504509187235025,8.148975287930009e-05,0.00048748766114145093,True,True,2.7067577974749515,2.9874863201957647,0.1162541342195997,0.301620088543291,0.012954458758574533,3.2926135314178278,0.14141639705325743
F031,F036,road_edge,pedestrian walk,C001,C024,False,0.06499040323587138,0.40347394540942927,0.5965260545905707,0.2721763849258423,0.21861042183622828,0.024021625518798828,0.6004962779156328,0.5565476566553116,0.6076337546110153,0.5815300011464836,378818,2681,191641,1177,1356.2964827436922,-4.868491906302231,-6.950646742699171,-0.14173284682626197,0.9999999999984892,1.0,True,False,0.0,0.0,0.0,0.0,0.0,0.0,0.0
F031,F037,road_edge,street_corner_shops,C001,C003,False,0.06685660755404609,0.547394540942928,0.45260545905707195,0.2803388833999634,0.7880893300248138,0.017985777421431107,0.7771712158808933,0.5565476566553116,0.6591791060160507,0.6056934759177914,378818,2681,5196,84,36.77353240870286,7.787853764381139,7.869707176098505,0.8184680464873467,9.535874998896409e-12,8.21552307597229e-11,False,False,4.2630286362840675,4.307834747015708,0.44802494058339626,6.137524455502357,0.6450259344029313,6.052495779166682,0.6360898068482308
F031,F038,road_edge,red-yellow hotspot,C001,C000,False,0.07052062717903396,0.8044665012406947,0.19553349875930526,0.2803388833999634,0.7880893300248138,0.023383498191833496,0.6213399503722085,0.5565476566553116,0.5312499850988388,0.5437517211972096,378818,2681,4115,28,29.122995739378805,-0.20809425246489321,-0.20997786013506298,-0.03864685552507037,0.6086563054439151,1.0,False,False,0.0,0.0,0.0,0.0,0.0,0.0,0.0
F031,F039,road_edge,red car corner,C001,C017,False,0.07374826887152894,0.939454094292804,0.06054590570719598,0.2721763849258423,0.21861042183622828,0.01708984375,0.7985111662531017,0.5565476566553116,0.30280448123812675,0.41051811708840175,378818,2681,1373,8,9.71710161607949,-0.5508427335219835,-0.5538061724770602,-0.18399678184798374,0.754634527613044,1.0,False,False,0.0,0.0,0.0,0.0,0.0,0.0,0.0
F031,F040,road_edge,cobblestone,C001,C013,False,0.06403357410020302,0.3315136476426799,0.6684863523573201,0.2591095566749573,0.08610421836228288,0.03226417303085327,0.3727047146401985,0.5565476566553116,0.45202021673321724,0.5015683327161894,378818,2681,77947,378,551.6525270710473,-7.39346977438682,-8.325592348951934,-0.37760825238873136,1.0,1.0,True,False,0.0,0.0,0.0,0.0,0.0,0.0,0.0
F031,F041,road_edge,concrete_wall,C001,C011,False,0.060077519005075616,0.14540942928039702,0.854590570719603,0.2803388833999634,0.7880893300248138,0.05156262715657552,0.1334987593052109,0.5565476566553116,0.511904776096344,0.5337596870943723,378818,2681,8967,28,63.4619447861506,-4.451494702023313,-4.521155742315966,-0.8083842065164197,0.9999998565159506,1.0,False,False,0.0,0.0,0.0,0.0,0.0,0.0,0.0
F031,F042,road_edge,Red-yellow glow street,C001,C025,False,0.06924234722090084,0.7220843672456576,0.2779156327543424,0.27367761731147766,0.2682382133995037,0.027278423309326172,0.5022332506203474,0.5565476566553116,0.9285714626312256,0.7188840459798811,378818,2681,66510,536,470.7097075640545,3.0093453947581192,3.3261167337978867,0.129763328154303,0.0005765426164233195,0.0030748939542577037,True,True,2.1730012651975503,2.4017368971096404,0.0937000707019905,0.8072214321919421,0.03480748330888376,1.5113933198487428,0.06517145811025044
F031,F043,road_edge,tree_shadows,C001,C015,False,0.06794708656482458,0.6292803970223325,0.3707196029776675,0.2774387001991272,0.45186104218362283,0.03776693344116211,0.26352357320099257,0.5565476566553116,0.7320646420121193,0.6383015439680955,378818,2681,16390,76,115.9965735524711,-3.7136434737129624,-3.810187442955662,-0.42057112017396486,0.9999788384375297,1.0,False,False,0.0,0.0,0.0,0.0,0.0,0.0,0.0
F031,F044,road_edge,road_and_buildings,C001,C026,False,0.06966157571850154,0.7459057071960298,0.2540942928039702,0.27367761731147766,0.2682382133995037,0.022982279459635418,0.6327543424317618,0.5565476566553116,0.8246913684739007,0.6774806628886255,378818,2681,21673,100,153.38582907887164,-4.310556804728995,-4.455209088707631,-0.4260532303464254,0.9999991024924866,1.0,False,False,0.0,0.0,0.0,0.0,0.0,0.0,0.0
F031,F045,road_edge,underpass glow,C001,C027,False,0.0702337697344066,0.7875930521091812,0.21240694789081882,0.2803388833999634,0.7880893300248138,0.017536640167236328,0.7870967741935484,0.5565476566553116,0.7119318172335625,0.6294632511749171,378818,2681,85507,660,605.1567428158113,2.2294066982782264,2.542623940181585,0.0866837293727182,0.006242639678924338,0.029267817657468526,True,True,1.7558652258896006,2.0025529494134866,0.06827150298486541,1.7569716311989196,0.06831452220539777,1.7547588205802813,0.06822848376433303
F031,F046,road_edge,window_heat_zone,C001,C021,False,0.0646880111900321,0.38114143920595533,0.6188585607940447,0.2803388833999634,0.7880893300248138,0.02558864246715199,0.5563275434243177,0.5565476566553116,0.739260733127594,0.6414310786666406,378818,2681,39968,313,282.86461572575746,1.791791293078118,1.9012563708575354,0.10106489690743667,0.032130952715621844,0.13930102577841727,True,False,0.6829259122004936,0.7246475894881326,0.038520020260501914,1.4120915997062289,0.07964816689280864,0.9968228484072309,0.05622518582294616
F031,F047,road_edge,underpass,C001,C008,False,0.06394420933459594,0.3260545905707196,0.6739454094292804,0.2803388833999634,0.7880893300248138,0.01858234405517578,0.7548387096774194,0.5565476566553116,0.3610449731349945,0.44826190307169883,378818,2681,10970,80,77.6377310476271,0.26809759903468366,0.27303337062509453,0.029784132234441634,0.40816628444056824,1.0,False,False,0.08741445288624673,0.08902378387130874,0.009711253041205039,0.21128485720450502,0.02347255681801157,0.2023704457229548,0.02248221594470756
F031,F048,road_edge,shaded path,C001,C028,False,0.07067898740323716,0.8168734491315136,0.1831265508684864,0.2774387001991272,0.45186104218362283,0.054600306919642856,0.11563275434243177,0.5565476566553116,0.6641156588281903,0.6079572465798296,378818,2681,155,2,1.0969779683119598,0.8621828772027231,0.8654260494222601,0.4481776584083508,0.29999573959755044,1.0,False,False,0.7042943006827207,0.7069435619598213,0.36610442964771484,0.389586853445697,0.2025140238118131,0.0996965808378335,0.051824017076499126
F031,F049,road_edge,red_wall_yellow_wall,C001,C029,False,0.07183044467187406,0.8759305210918115,0.12406947890818854,0.2774387001991272,0.45186104218362283,0.01864181865345348,0.753349875930521,0.5565476566553116,1.0,0.7460212172956688,378818,2681,349,3,2.4699697480056386,0.3372522385606408,0.338607591097014,0.16421120158932329,0.4489465082820953,1.0,False,False,0.295409529061802,0.2965967237152505,0.14383760337724844,0.15239114799477094,0.0742006446883766,0.25406893207694925,0.12370848834371848
F031,F050,road_edge,greenery_and_water,C001,C030,False,0.06827992114077182,0.652605459057072,0.347394540942928,0.2774387001991272,0.45186104218362283,0.013038158416748047,0.8794044665012407,0.5565476566553116,0.688131312529246,0.6188520578129281,378818,2681,1487,11,10.523911218579899,0.14675718068164198,0.14756899588741204,0.04228037459732115,0.4825712338129232,1.0,False,False,0.09577453726866463,0.09630433230369571,0.027592403273189736,0.06631385261073698,0.01910485412945951,0.12905892018256557,0.03718155026622982
F031,F051,road_edge,zebra_crossing,C001,C020,False,0.06663532117388768,0.5310173697270472,0.46898263027295284,0.2774387001991272,0.45186104218362283,0.017355632781982423,0.7915632754342432,0.5565476566553116,0.8715151250362396,0.6964479166302244,378818,2681,19455,131,137.68842821618824,-0.5700006477605196,-0.5873076727005474,-0.049611324055084546,0.7334891377811834,1.0,False,False,0.0,0.0,0.0,0.0,0.0,0.0,0.0
F031,F052,road_edge,palm_tree_street,C001,C026,False,0.06665467046105576,0.5325062034739454,0.4674937965260546,0.27367761731147766,0.2682382133995037,0.0269822014702691,0.5136476426799007,0.5565476566553116,0.6043684764040841,0.5799653949151052,378818,2681,90021,643,637.1035721639415,0.23360598632311358,0.26850021288965986,0.009205297060277926,0.4015210613875838,1.0,True,False,0.12439663688570762,0.14297802899781886,0.004901877789418469,0.06266205241074088,0.0024692124372606545,0.11999116419078042,0.004728279135179977
F031,F053,road_edge,road_marking,C001,C030,False,0.06404931647584838,0.33300248138957816,0.6669975186104218,0.2774387001991272,0.45186104218362283,0.008273124694824219,0.9449131513647643,0.5565476566553116,0.5154761910438538,0.5356183960498954,378818,2681,86968,611,615.4966448268034,-0.1812490507325829,-0.2072301289822036,-0.007326561681724598,0.5895485392950796,1.0,True,False,0.0,0.0,0.0,0.0,0.0,0.0,0.0
F031,F054,road_edge,highlighted_lane,C001,C023,False,0.07235822568191737,0.9017369727047146,0.09826302729528535,0.2721763849258423,0.21861042183622828,0.030177752176920574,0.4312655086848635,0.5565476566553116,0.8999999761581421,0.7077378594653887,378818,2681,245062,1537,1734.371708841713,-4.739295747191435,-8.00413085458271,-0.1207757469356529,0.9999999999999992,1.0,True,False,0.0,0.0,0.0,0.0,0.0,0.0,0.0
F031,F055,road_edge,small alley entrance,C001,C014,False,0.06455586614687336,0.37022332506203476,0.6297766749379652,0.2774387001991272,0.45186104218362283,0.03921241760253906,0.23672456575682382,0.5565476566553116,0.8571428656578064,0.6906814412597683,378818,2681,535,1,3.7863433099799906,-1.4319393737327546,-1.4380474757660002,-1.0499688860573377,0.9776849877466023,1.0,False,False,0.0,0.0,0.0,0.0,0.0,0.0,0.0
F031,F056,road_edge,stone_wall_street,C001,C021,False,0.06382641391077168,0.31662531017369727,0.6833746898263027,0.2803388833999634,0.7880893300248138,0.017686208089192707,0.7851116625310174,0.5565476566553116,0.4911375728746255,0.5228206817626385,378818,2681,8534,27,60.397483752092036,-4.297385601799407,-4.362082313657592,-0.795005851490088,0.999999623883611,1.0,False,False,0.0,0.0,0.0,0.0,0.0,0.0,0.0
F031,F057,road_edge,streetlight illumination,C001,C027,False,0.06629288585001543,0.5076923076923077,0.49230769230769234,0.2803388833999634,0.7880893300248138,0.04155254364013672,0.20198511166253103,0.5565476566553116,0.2642857193946838,0.3835200096690843,378818,2681,119269,891,844.0997761458009,1.6142768662372664,1.9571555716781714,0.054042559845062454,0.026829820492713808,0.11784078020329203,True,False,0.8195559474743045,0.9936328286981485,0.027436991921339398,1.2721943739874833,0.04259036478112118,0.3260598930811749,0.010915792484833955
F031,F058,road_edge,shaded alley,C001,C031,False,0.07235990807515184,0.9022332506203474,0.09776674937965257,0.2774387001991272,0.45186104218362283,0.042414347330729164,0.19503722084367245,0.5565476566553116,0.875,0.6978389495961068,378818,2681,169922,863,1202.5850989129344,-9.792435415415065,-13.233741870775246,-0.33165055479956157,1.0,1.0,True,False,0.0,0.0,0.0,0.0,0.0,0.0,0.0
F031,F059,road_edge,road_edge,C001,C024,False,0.06685462302011053,0.5468982630272953,0.4531017369727047,0.2721763849258423,0.21861042183622828,0.048343658447265625,0.14838709677419354,0.5565476566553116,0.7857142686843872,0.661277124235322,378818,2681,1891,9,13.38313121340591,-1.1981345831689274,-1.2054077666811158,-0.3793827227741138,0.9177916219470293,1.0,False,False,0.0,0.0,0.0,0.0,0.0,0.0,0.0
F031,F060,road_edge,street_corner_shop,C001,C031,False,0.06989180506641719,0.7657568238213399,0.23424317617866008,0.2774387001991272,0.45186104218362283,0.023830731709798176,0.6089330024813896,0.5565476566553116,0.3880471537510554,0.46472221174795736,378818,2681,35651,427,252.31200998896568,10.997502924358471,11.595736355431798,0.5253081193648316,9.179998788614463e-27,1.1423998492497998e-25,True,True,8.42141290932264,8.879514241405094,0.4022582770123747,4.969343132818059,0.23736627428371174,6.696742475527467,0.31987745035267906
F031,F061,road_edge,sunlit street,C001,C014,False,0.058188911631515565,0.10669975186104218,0.8933002481389578,0.2774387001991272,0.45186104218362283,0.019781494140625,0.7215880893300248,0.5565476566553116,0.8258823394775391,0.6779696753610968,378818,2681,9753,52,69.02468467707448,-2.0491646778937005,-2.0834468991130275,-0.2808686951230893,0.9868985429508431,1.0,False,False,0.0,0.0,0.0,0.0,0.0,0.0,0.0
F031,F062,road_edge,shaded alley,C001,C005,False,0.069801216234216,0.7568238213399504,0.2431761786600496,0.2803388833999634,0.7880893300248138,0.030798912048339844,0.4133995037220844,0.5565476566553116,0.5,0.5275166616588104,378818,2681,6655,20,47.09927986526512,-3.948667967350306,-3.997983755097733,-0.8423927460975842,0.9999976609240803,1.0,False,False,0.0,0.0,0.0,0.0,0.0,0.0,0.0
F031,F063,road_edge,blue_wall_graffiti,C001,C013,False,0.0706338163817955,0.8129032258064516,0.18709677419354842,0.2591095566749573,0.08610421836228288,0.029233455657958984,0.45260545905707195,0.5565476566553116,0.11488095670938492,0.2528571281394465,378818,2681,39,0,0.27601381138171893,-0.5253701660560095,-0.5272656340434653,-0.43956221977495963,1.0,1.0,False,False,0.0,0.0,0.0,0.0,0.0,0.0,0.0
F032,F033,tree-lined walk,zebra_crossing,C012,C023,False,0.06438207530854098,0.3578163771712159,0.642183622828784,0.2774387001991272,0.45186104218362283,0.017988204956054688,0.775682382133995,0.42500001192092896,1.0,0.6519202496632,378818,325,44394,44,38.087023319905605,0.9581150239883145,1.020164106958552,0.14257315264585896,0.1743212001327701,0.6374840965486555,False,False,0.3428292467968113,0.3650314248720179,0.051015008961620006,0.43293485327114656,0.06442325334196257,0.7431929441656255,0.11059148267269357
F032,F034,tree-lined walk,red_door_street,C012,C018,False,0.06831066958213733,0.654590570719603,0.345409429280397,0.2774387001991272,0.45186104218362283,0.06264750162760417,0.084863523573201,0.42500001192092896,0.8333333730697632,0.5951190582469673,378818,325,15775,15,13.533873786356509,0.39852933799382306,0.4072699542185872,0.0993660605546337,0.37919531701249237,1.0,False,False,0.2608735468058822,0.2665950717688916,0.06504408628861631,0.18007988200663816,0.04489965167989776,0.03382060386945099,0.008432554022254275
F032,F035,tree-lined walk,small alley entrance,C012,C010,False,0.06714369328932207,0.5712158808933002,0.4287841191066998,0.2774387001991272,0.45186104218362283,0.03546360560825893,0.3002481389578164,0.42500001192092896,0.3212707968694823,0.3695133184330117,378818,325,65633,69,56.30863633723846,1.691300525375199,1.8608930537981687,0.20163839021097738,0.0395159660444836,0.16842322948346497,False,False,0.9660977194574957,1.0629716649735446,0.11517905068627045,0.7642328180417463,0.09111253314496025,0.5078098351622806,0.06054155140329594
F032,F036,tree-lined walk,pedestrian walk,C012,C024,False,0.06945266816589934,0.7344913151364765,0.2655086848635235,0.2774387001991272,0.45186104218362283,0.005267415727887835,0.9702233250620348,0.42500001192092896,0.6076337546110153,0.5081774817455417,378818,325,191641,124,164.41490372685564,-3.1518893105754984,-4.485861119601225,-0.2811238899700321,0.9999974460710407,1.0,False,False,0.0,0.0,0.0,0.0,0.0,0.0,0.0
F032,F037,tree-lined walk,street_corner_shops,C012,C003,False,0.06940896597835398,0.7305210918114144,0.26947890818858555,0.2803388833999634,0.7880893300248138,0.021414323286576706,0.6694789081885856,0.42500001192092896,0.6591791060160507,0.529293045405708,378818,325,5196,1,4.457813514669313,-1.6377236443469922,-1.6497779940127422,-1.19549971178198,0.988786113898818,1.0,False,False,0.0,0.0,0.0,0.0,0.0,0.0,0.0
F032,F038,tree-lined walk,red-yellow hotspot,C012,C000,False,0.07165671909878898,0.8674937965260546,0.13250620347394537,0.2803388833999634,0.7880893300248138,0.029451370239257812,0.4471464019851117,0.42500001192092896,0.5312499850988388,0.4751644452187051,378818,325,4115,3,3.530389263445771,-0.2822821569841622,-0.28394939644408107,-0.14109999422432196,0.6863819892144902,1.0,False,False,0.0,0.0,0.0,0.0,0.0,0.0,0.0
F032,F039,tree-lined walk,red car corner,C012,C017,False,0.0698726847918167,0.7627791563275435,0.23722084367245655,0.2774387001991272,0.45186104218362283,0.04765892028808594,0.15285359801488835,0.42500001192092896,0.30280448123812675,0.3587365441879522,378818,325,1373,0,1.1779403301849436,-1.085329595185234,-1.0877670894404552,-1.2107142278921985,1.0,1.0,False,False,0.0,0.0,0.0,0.0,0.0,0.0,0.0
F032,F040,tree-lined walk,cobblestone,C012,C013,False,0.06498487280510058,0.40248138957816376,0.5975186104218362,0.2774387001991272,0.45186104218362283,0.028326988220214844,0.4749379652605459,0.42500001192092896,0.45202021673321724,0.4383019478625645,378818,325,77947,41,66.87320824248056,-3.16391060720253,-3.5516907763095507,-0.48455400783525904,0.9999344461467368,1.0,False,False,0.0,0.0,0.0,0.0,0.0,0.0,0.0
F032,F041,tree-lined walk,concrete_wall,C012,C011,False,0.07067196976879388,0.8163771712158809,0.18362282878411906,0.2803388833999634,0.7880893300248138,0.025183995564778645,0.5682382133995038,0.42500001192092896,0.511904776096344,0.46643277751818285,378818,325,8967,3,7.6930742467358995,-1.692027678681687,-1.7131491382037223,-0.8505262248392739,0.9834760053739502,1.0,False,False,0.0,0.0,0.0,0.0,0.0,0.0,0.0
F032,F042,tree-lined walk,Red-yellow glow street,C012,C025,False,0.06968755033648649,0.747394540942928,0.252605459057072,0.2774387001991272,0.45186104218362283,0.027128855387369793,0.5086848635235732,0.42500001192092896,0.9285714626312256,0.6282060829757264,378818,325,66510,33,57.061042505899934,-3.1852578107806,-3.5095718862538945,-0.5413005546624219,0.9999333045479516,1.0,False,False,0.0,0.0,0.0,0.0,0.0,0.0,0.0
F032,F043,tree-lined walk,tree_shadows,C012,C015,False,0.07045766154027992,0.8,0.19999999999999996,0.27199676632881165,0.16997518610421836,0.016183853149414062,0.8133995037220844,0.42500001192092896,0.7320646420121193,0.5577880256710799,378818,325,16390,16,14.061501829374528,0.5169511926877638,0.5287370919602314,0.1249791958354682,0.3345932585054884,1.0,False,False,0.41356095415021105,0.4229896735681852,0.09998335666837456,0.0878688751839003,0.021243362071289257,0.4204878435807667,0.10165801586815502
F032,F044,tree-lined walk,road_and_buildings,C012,C026,False,0.07252582036019437,0.9071960297766749,0.0928039702233251,0.2774387001991272,0.45186104218362283,0.009195963541666666,0.9315136476426799,0.42500001192092896,0.8246913684739007,0.5920252033760852,378818,325,21673,15,18.593955408665902,-0.8334638960446041,-0.8587477502337687,-0.20853179028947125,0.8360491588275496,1.0,False,False,0.0,0.0,0.0,0.0,0.0,0.0,0.0
F032,F045,tree-lined walk,underpass glow,C012,C027,False,0.07105323292821686,0.8357320099255583,0.1642679900744417,0.2803388833999634,0.7880893300248138,0.03304862976074219,0.3548387096774194,0.42500001192092896,0.7119318172335625,0.5500645696744635,378818,325,85507,76,73.3591724786045,0.3083279003787138,0.3505498276387518,0.03513053538900001,0.38390531735824346,1.0,False,False,0.2576794958996298,0.29296571203159205,0.029359712950409934,0.24298992843741812,0.02768600009813003,0.10940667432793072,0.012465673847709682
F032,F046,tree-lined walk,window_heat_zone,C012,C021,False,0.06607921703067136,0.49081885856079405,0.509181141439206,0.2803388833999634,0.7880893300248138,0.017657886851917614,0.7856079404466502,0.42500001192092896,0.739260733127594,0.5605228098765492,378818,325,39968,32,34.28981727373039,-0.391037350668148,-0.4136334044638346,-0.06808464755022062,0.6865017976291985,1.0,False,False,0.0,0.0,0.0,0.0,0.0,0.0,0.0
F032,F047,tree-lined walk,underpass,C012,C008,False,0.06690401175414068,0.5518610421836229,0.44813895781637714,0.2803388833999634,0.7880893300248138,0.034482320149739586,0.3240694789081886,0.42500001192092896,0.3610449731349945,0.3917194377183294,378818,325,10970,8,9.411511596597839,-0.46010267655597187,-0.4671126920872635,-0.1536307056655848,0.7259248112931176,1.0,False,False,0.0,0.0,0.0,0.0,0.0,0.0,0.0
F032,F048,tree-lined walk,shaded path,C012,C028,False,0.04525802799798645,0.017369727047146403,0.9826302729528535,0.2571783661842346,0.07841191066997519,0.2135162353515625,0.004466501240694789,0.42500001192092896,0.6641156588281903,0.5312712705566305,378818,325,155,0,0.13297942547608615,-0.3646634413758612,-0.36489414779835266,-0.2358298199964077,1.0,1.0,False,False,0.0,0.0,0.0,0.0,0.0,0.0,0.0
F032,F049,tree-lined walk,red_wall_yellow_wall,C012,C029,False,0.07144983172441596,0.8595533498759306,0.14044665012406943,0.27199676632881165,0.16997518610421836,0.015533100474964489,0.8287841191066998,0.42500001192092896,1.0,0.6519202496632,378818,325,349,0,0.2994181902655101,-0.5471911825546077,-0.5476776797286694,-0.4692761024942037,1.0,1.0,False,False,0.0,0.0,0.0,0.0,0.0,0.0,0.0
F032,F050,tree-lined walk,greenery_and_water,C012,C030,False,0.073445109638691,0.9325062034739454,0.06749379652605458,0.27199676632881165,0.16997518610421836,0.0092926025390625,0.9292803970223326,0.42500001192092896,0.688131312529246,0.540791841680414,378818,325,1487,1,1.275744552793162,-0.2441322088782097,-0.24471745361554612,-0.16875469323013909,0.721629700369261,1.0,False,False,0.0,0.0,0.0,0.0,0.0,0.0,0.0
F032,F051,tree-lined walk,zebra_crossing,C012,C020,False,0.06307093905057676,0.27593052109181143,0.7240694789081885,0.27199676632881165,0.16997518610421836,0.051616668701171875,0.13300248138957815,0.42500001192092896,0.8715151250362396,0.6085999823608867,378818,325,19455,29,16.691062726691975,3.0128573104490934,3.0946603563756576,0.5400006234831174,0.0030357454766493375,0.014963478926467148,False,False,0.8313392876474919,0.853911244736906,0.14900265342759964,0.5121109820490395,0.09178670647293682,0.40071749836246,0.07182142287517392
F032,F052,tree-lined walk,palm_tree_street,C012,C026,False,0.0696865844208688,0.7468982630272953,0.25310173697270466,0.2774387001991272,0.45186104218362283,0.035975138346354164,0.2903225806451613,0.42500001192092896,0.6043684764040841,0.5068102304377541,378818,325,90021,77,77.23187652117903,-0.026385084082978565,-0.030231747486487187,-0.0029874881220955745,0.5335049361692561,1.0,False,False,0.0,0.0,0.0,0.0,0.0,0.0,0.0
F032,F053,tree-lined walk,road_marking,C012,C030,False,0.0661661702771957,0.4957816377171216,0.5042183622828784,0.27199676632881165,0.16997518610421836,0.03129425048828125,0.39727047146401984,0.42500001192092896,0.5154761910438538,0.4680570342795768,378818,325,86968,70,74.61261080518877,-0.5339993071998825,-0.6086420482468958,-0.06337575503046758,0.7479465548011717,1.0,False,False,0.0,0.0,0.0,0.0,0.0,0.0,0.0
F032,F054,tree-lined walk,highlighted_lane,C012,C023,False,0.06862566145642401,0.6709677419354839,0.3290322580645161,0.2774387001991272,0.45186104218362283,0.035973442925347224,0.29081885856079404,0.42500001192092896,0.8999999761581421,0.6184658443245239,378818,325,245062,202,210.24647720013306,-0.5687273301422451,-0.9575215789169823,-0.0399159946565571,0.8450572632615829,1.0,True,False,0.0,0.0,0.0,0.0,0.0,0.0,0.0
F032,F055,tree-lined walk,small alley entrance,C012,C014,False,0.06085608561197685,0.1771712158808933,0.8228287841191066,0.27199676632881165,0.16997518610421836,0.0485565185546875,0.14640198511166252,0.42500001192092896,0.8571428656578064,0.6035608735848497,378818,325,535,1,0.45899350083681345,0.7985446681968923,0.7994511096840284,0.44733608925087687,0.3684098540960874,1.0,False,False,0.1414791297996479,0.14163972514004872,0.07925507883998166,0.13573277858929805,0.07603603502155103,0.11690852462435891,0.06549089147841622
F032,F056,tree-lined walk,stone_wall_street,C012,C021,False,0.06666820085308388,0.5339950372208436,0.4660049627791564,0.2803388833999634,0.7880893300248138,0.030580520629882812,0.41885856079404465,0.42500001192092896,0.4911375728746255,0.45687358681207646,378818,325,8534,3,7.321589787180123,-1.5971321211236074,-1.6161232515034492,-0.8041248629930624,0.9778733574831359,1.0,False,False,0.0,0.0,0.0,0.0,0.0,0.0,0.0
F032,F057,tree-lined walk,streetlight illumination,C012,C027,False,0.06833040980035718,0.6555831265508685,0.3444168734491315,0.2803388833999634,0.7880893300248138,0.0079132080078125,0.9508684863523573,0.42500001192092896,0.2642857193946838,0.3351439002775851,378818,325,119269,104,102.32466514262786,0.16561949594954092,0.20017179621377162,0.01616181386914511,0.44132260687840125,1.0,False,False,0.10857734697237893,0.1312292520091277,0.01059541246706734,0.1305229576019211,0.012736953064120315,0.15748235942398034,0.015367759490462547
F032,F058,tree-lined walk,shaded alley,C012,C031,False,0.07714456498149386,0.9841191066997519,0.01588089330024811,0.23196737468242645,0.047890818858560794,0.03926849365234375,0.23573200992555832,0.42500001192092896,0.875,0.609815554434956,378818,325,169922,140,145.78148345643555,-0.47883744480535106,-0.6450957048236725,-0.04032524566757672,0.7579802823653456,1.0,False,False,0.0,0.0,0.0,0.0,0.0,0.0,0.0
F032,F059,tree-lined walk,road_edge,C012,C024,False,0.07291343200690988,0.9181141439205955,0.08188585607940446,0.2774387001991272,0.45186104218362283,0.016632080078125,0.8064516129032258,0.42500001192092896,0.7857142686843872,0.5778655324184931,378818,325,1891,0,1.622348990808251,-1.2737146426135844,-1.277452101856972,-1.4456706703810172,1.0,1.0,False,False,0.0,0.0,0.0,0.0,0.0,0.0,0.0
F032,F060,tree-lined walk,street_corner_shop,C012,C031,False,0.06852577329937681,0.6669975186104219,0.3330024813895781,0.23196737468242645,0.047890818858560794,0.043163299560546875,0.18858560794044665,0.42500001192092896,0.3880471537510554,0.4061034904677392,378818,325,35651,29,30.586125791277077,-0.28679752020979593,-0.3014558669406284,-0.05237134026394345,0.6459771606413729,1.0,False,False,0.0,0.0,0.0,0.0,0.0,0.0,0.0
F032,F061,tree-lined walk,sunlit street,C012,C014,False,0.056370581675298376,0.08188585607940446,0.9181141439205955,0.27199676632881165,0.16997518610421836,0.08597259521484375,0.05359801488833747,0.42500001192092896,0.8258823394775391,0.5924525332237501,378818,325,9753,5,8.367408623666247,-1.1641269155426877,-1.17991305862569,-0.47763451074105095,0.9223215274677541,1.0,False,False,0.0,0.0,0.0,0.0,0.0,0.0,0.0
F032,F062,tree-lined walk,shaded alley,C012,C005,False,0.07386418150984701,0.941439205955335,0.058560794044664966,0.2803388833999634,0.7880893300248138,0.0,0.9947890818858561,0.42500001192092896,0.5,0.4609772293296758,378818,325,6655,4,5.709535977699053,-0.7154476114682563,-0.7221249472919017,-0.3220087745897094,0.8235157994219262,1.0,False,False,0.0,0.0,0.0,0.0,0.0,0.0,0.0
F032,F063,tree-lined walk,blue_wall_graffiti,C012,C013,False,0.06976905130647827,0.7528535980148884,0.24714640198511162,0.2774387001991272,0.45186104218362283,0.04225921630859375,0.1965260545905707,0.42500001192092896,0.11488095670938492,0.2209624582841536,378818,325,39,0,0.033459339313337805,-0.18291894192056163,-0.18300663756946847,-0.06477475444479441,1.0,1.0,False,False,0.0,0.0,0.0,0.0,0.0,0.0,0.0
F033,F034,zebra_crossing,red_door_street,C023,C018,False,0.058416526517120045,0.11017369727047147,0.8898263027295286,0.26160186529159546,0.1228287841191067,0.03327369689941406,0.34937965260545906,1.0,0.8333333730697632,0.9128709509398156,378818,44394,15775,2113,1848.6855165277257,6.147371256756048,6.68331180926661,0.13360006021431545,2.8840348561802404e-11,2.4532549662697737e-10,True,True,0.6772786198510385,0.7363251720383064,0.014719212589368749,0.7550741369960903,0.01640993295436381,2.1477664341222122,0.046677142625745946
F033,F035,zebra_crossing,small alley entrance,C023,C010,False,0.0712110075984103,0.8446650124069479,0.1553349875930521,0.2721763849258423,0.21861042183622828,0.007450648716517857,0.9548387096774194,1.0,0.3212707968694823,0.5668075483525976,378818,44394,65633,10875,7691.586466324198,36.29820047848685,42.48796526532193,0.34632048419419004,0.0,0.0,True,True,30.659819957510976,35.88809770797912,0.2925247960786657,7.935164918497993,0.07570926714021871,34.65892690849067,0.3306802042628395
F033,F036,zebra_crossing,pedestrian walk,C023,C024,False,0.05840811601299207,0.1086848635235732,0.8913151364764268,0.2024528682231903,0.03300248138957816,0.06153133937290737,0.08833746898263027,1.0,0.6076337546110153,0.7795086623065938,378818,44394,191641,12990,22458.569957077012,-63.181996134010014,-95.66397367234134,-0.5474762185073805,1.0,1.0,True,False,0.0,0.0,0.0,0.0,0.0,0.0,0.0
F033,F037,zebra_crossing,street_corner_shops,C023,C003,False,0.06356808658089748,0.3022332506203474,0.6977667493796527,0.2803388833999634,0.7880893300248138,0.02698308771306818,0.513151364764268,1.0,0.6591791060160507,0.81189845794659,378818,44394,5196,555,608.9236097545523,-2.185231994098178,-2.341869255034902,-0.09264499934460574,0.9915628801085565,1.0,True,False,0.0,0.0,0.0,0.0,0.0,0.0,0.0
F033,F038,zebra_crossing,red-yellow hotspot,C023,C000,False,0.0665678510755888,0.5235732009925558,0.4764267990074442,0.2803388833999634,0.7880893300248138,0.0447385311126709,0.171712158808933,1.0,0.5312499850988388,0.7288689766335502,378818,44394,4115,446,482.24031065049707,-1.6502895763983223,-1.7660292264361224,-0.07803944963682939,0.9644145218186657,1.0,True,False,0.0,0.0,0.0,0.0,0.0,0.0,0.0
F033,F039,zebra_crossing,red car corner,C023,C017,False,0.07141795988951759,0.858560794044665,0.141439205955335,0.26160186529159546,0.1228287841191067,0.042266845703125,0.19602977667493796,1.0,0.30280448123812675,0.5502767315070907,378818,44394,1373,143,160.90302467147814,-1.4113811281682798,-1.5048693012687404,-0.11756946068039184,0.9409503177418784,1.0,False,False,0.0,0.0,0.0,0.0,0.0,0.0,0.0
F033,F040,zebra_crossing,cobblestone,C023,C013,False,0.05841137206093543,0.10918114143920596,0.890818858560794,0.2721763849258423,0.21861042183622828,0.023720741271972656,0.6109181141439206,1.0,0.45202021673321724,0.6723244876792881,378818,44394,77947,9875,9134.674482205175,7.745976609223501,9.250545242447437,0.07792465236361366,2.405595368636582e-20,2.70931858277729e-19,True,True,0.845714567756412,1.0099850885054273,0.008507902491312658,1.6933512140759066,0.017035141124651026,4.732157422309742,0.04760558166729947
F033,F041,zebra_crossing,concrete_wall,C023,C011,False,0.06543276512231025,0.43622828784119105,0.563771712158809,0.2803388833999634,0.7880893300248138,0.007794698079427083,0.9513647642679901,1.0,0.511904776096344,0.7154752099802928,378818,44394,8967,1521,1050.8502711064416,14.503264577394331,15.621893982157475,0.36962137985754523,9.657234965320686e-50,1.6783608353522848e-48,True,True,6.326734274704524,6.814712064673161,0.16123930168475545,11.429868063971313,0.29129466561478007,13.797894885789049,0.35164475691658276
F033,F042,zebra_crossing,Red-yellow glow street,C023,C025,False,0.06797787063779287,0.632258064516129,0.367741935483871,0.27367761731147766,0.2682382133995037,0.0211331049601237,0.6759305210918114,1.0,0.9285714626312256,0.9636241293321922,378818,44394,66510,8209,7794.362833867451,4.696538840153918,5.505131264807862,0.051827114596562016,2.2863262600045447e-08,1.713469791884447e-07,True,True,2.9694245570005418,3.480663638394648,0.03276811116427792,1.2597911876442645,0.013902012625033136,3.1745339455531694,0.035031528575939185
F033,F043,zebra_crossing,tree_shadows,C023,C015,False,0.0658162352652433,0.46799007444168733,0.5320099255583126,0.2774387001991272,0.45186104218362283,0.019559860229492188,0.7255583126550869,1.0,0.7320646420121193,0.8556077617764575,378818,44394,16390,2093,1920.7578837330855,3.9300949291532437,4.276352377312153,0.08585718717533954,1.2425566586893034e-05,8.080626528766567e-05,True,True,1.8392454184573244,2.0012904673972014,0.04018031141754103,1.775856790567756,0.0387955180760033,2.8515130453707407,0.062294395856251315
F033,F044,zebra_crossing,road_and_buildings,C023,C026,False,0.06799194243397792,0.6327543424317618,0.36724565756823824,0.27367761731147766,0.2682382133995037,0.032172309027777776,0.3766749379652605,1.0,0.8246913684739007,0.90812519427329,378818,44394,21673,2530,2539.8770966532743,-0.1959850538984837,-0.21482359524086275,-0.0038956215881926766,0.5883738265041514,1.0,True,False,0.0,0.0,0.0,0.0,0.0,0.0,0.0
F033,F045,zebra_crossing,underpass glow,C023,C027,False,0.07465216629134233,0.9583126550868486,0.0416873449131514,0.2803388833999634,0.7880893300248138,0.020010948181152344,0.7126550868486352,1.0,0.7119318172335625,0.8437605212579944,378818,44394,85507,8828,10020.637240046672,-11.914085044976519,-14.410459713969432,-0.1267114614663503,1.0,1.0,True,False,0.0,0.0,0.0,0.0,0.0,0.0,0.0
F033,F046,zebra_crossing,window_heat_zone,C023,C021,False,0.06385407205700173,0.31712158808933,0.68287841191067,0.2803388833999634,0.7880893300248138,0.026814374056729404,0.5215880893300248,1.0,0.739260733127594,0.8598027291929201,378818,44394,39968,4716,4683.883532461498,0.46927209272602216,0.5280831349015613,0.006832675327835998,0.3011593692903905,1.0,True,False,0.14881631129127948,0.16746656238317503,0.0021667888508621353,0.3698283291557931,0.005384758521391347,0.24476673422086812,0.0035638420692583788
F033,F047,zebra_crossing,underpass,C023,C008,False,0.05556876140646807,0.07593052109181142,0.9240694789081886,0.2803388833999634,0.7880893300248138,0.08212979634602864,0.05756823821339951,1.0,0.3610449731349945,0.6008701799348962,378818,44394,10970,766,1285.5835255980444,-14.491229124945344,-15.65136929538334,-0.5175221542972599,1.0,1.0,True,False,0.0,0.0,0.0,0.0,0.0,0.0,0.0
F033,F048,zebra_crossing,shaded path,C023,C028,False,0.07166051360191135,0.8679900744416873,0.1320099255583127,0.2774387001991272,0.45186104218362283,0.043940680367606025,0.1781637717121588,1.0,0.6641156588281903,0.8149329167656626,378818,44394,155,4,18.164580352570365,-3.323464375504966,-3.5379028842297635,-1.4225502322178005,0.9999932844447644,1.0,False,False,0.0,0.0,0.0,0.0,0.0,0.0,0.0
F033,F049,zebra_crossing,red_wall_yellow_wall,C023,C029,False,0.06511850840094371,0.41240694789081883,0.5875930521091812,0.2774387001991272,0.45186104218362283,0.04595114968039773,0.16724565756823823,1.0,1.0,1.0,378818,44394,349,63,40.8996035035294,3.455735674775973,3.679651386136995,0.4277686023226739,0.00034842257433143693,0.0019139507080440786,False,False,1.4251694023517785,1.517513797458979,0.17641474368741536,1.5615123235153963,0.19329196645895513,0.5779567853099271,0.07154244118250179
F033,F050,zebra_crossing,greenery_and_water,C023,C030,False,0.07394490147765029,0.9439205955334987,0.05607940446650128,0.2774387001991272,0.45186104218362283,0.0074920654296875,0.9543424317617866,1.0,0.688131312529246,0.8295368060123951,378818,44394,1487,195,174.26278054369118,1.5708987858348693,1.6752062159988945,0.11213086482735755,0.052748052916805885,0.21880673802526884,True,False,1.4828037174481,1.5812616490470954,0.10584263270552559,0.7098279625323317,0.05066756944184072,1.4991753673252872,0.1070112422148926
F033,F051,zebra_crossing,zebra_crossing,C023,C020,False,0.06475471294297476,0.3870967741935484,0.6129032258064516,0.2774387001991272,0.45186104218362283,0.03165435791015625,0.38560794044665014,1.0,0.8715151250362396,0.9335497442751723,378818,44394,19455,2422,2279.9478113500413,2.974989768465111,3.2508738081681807,0.06042823261519618,0.0006516476365555812,0.003448088281616934,True,True,1.1516089426316558,1.258402764452199,0.02339157391555981,1.3442819772642598,0.02730516416681693,1.1471796774676881,0.02330160632357689
F033,F052,zebra_crossing,palm_tree_street,C023,C026,False,0.06551959720299803,0.4411910669975186,0.5588089330024815,0.27367761731147766,0.2682382133995037,0.0179848141140408,0.7781637717121588,1.0,0.6043684764040841,0.7774113945679495,378818,44394,90021,10219,10549.636696249914,-3.219083936142555,-3.923894093455964,-0.03184115692895217,0.9999595147394253,1.0,True,False,0.0,0.0,0.0,0.0,0.0,0.0,0.0
F033,F053,zebra_crossing,road_marking,C023,C030,False,0.06416864788063319,0.34491315136476425,0.6550868486352357,0.2774387001991272,0.45186104218362283,0.0021575927734375,0.9833746898263027,1.0,0.5154761910438538,0.717966706083126,378818,44394,86968,10442,10191.85305872477,2.4778135298183983,3.004485319340486,0.024246278389664765,0.0013860218680116553,0.007056111328059336,True,True,0.854630473063914,1.036286499722897,0.008362860288246655,1.1196274039204226,0.010955948622228174,2.436619111332584,0.023843176490878776
F033,F054,zebra_crossing,highlighted_lane,C023,C023,True,0.04561559492714149,0.01935483870967742,0.9806451612903225,0.10735145211219788,0.00794044665012407,0.1784447564019097,0.014392059553349877,1.0,0.8999999761581421,0.9486832854847512,378818,44394,245062,16997,28719.021873300637,-69.16998878085903,-123.8917490018196,-0.5245108217573917,1.0,1.0,True,False,0.0,0.0,0.0,0.0,0.0,0.0,0.0
F033,F055,zebra_crossing,small alley entrance,C023,C014,False,0.06406849854058143,0.3349875930521092,0.6650124069478909,0.2774387001991272,0.45186104218362283,0.008990478515625,0.9359801488833747,1.0,0.8571428656578064,0.9258201043711496,378818,44394,535,39,62.69709992661384,-2.9927571252560243,-3.1874573050204273,-0.4699577409557613,0.9997263615174639,1.0,False,False,0.0,0.0,0.0,0.0,0.0,0.0,0.0
F033,F056,zebra_crossing,stone_wall_street,C023,C021,False,0.057979276622313065,0.10173697270471464,0.8982630272952854,0.2803388833999634,0.7880893300248138,0.010490099589029947,0.9156327543424317,1.0,0.4911375728746255,0.70081208099934,378818,44394,8534,727,1000.1066369602289,-8.635929726657793,-9.296574233014516,-0.3187477329668997,1.0,1.0,True,False,0.0,0.0,0.0,0.0,0.0,0.0,0.0
F033,F057,zebra_crossing,streetlight illumination,C023,C027,False,0.06179961614577054,0.2153846153846154,0.7846153846153846,0.2803388833999634,0.7880893300248138,0.0,0.9947890818858561,1.0,0.2642857193946838,0.5140872682674449,378818,44394,119269,12803,13977.234413359449,-9.932170808232636,-12.770732696964593,-0.08774709349408734,1.0,1.0,True,False,0.0,0.0,0.0,0.0,0.0,0.0,0.0
F033,F058,zebra_crossing,shaded alley,C023,C031,False,0.07106544593191512,0.8362282878411911,0.16377171215880892,0.2774387001991272,0.45186104218362283,0.0269775390625,0.5163771712158809,1.0,0.875,0.9354143466934853,378818,44394,169922,13686,19913.30208173846,-44.12942742380503,-63.24767211891032,-0.3750031177202111,1.0,1.0,True,False,0.0,0.0,0.0,0.0,0.0,0.0,0.0
F033,F059,zebra_crossing,road_edge,C023,C024,False,0.05476243019751179,0.07047146401985112,0.9295285359801488,0.2024528682231903,0.03300248138957816,0.10836601257324219,0.040694789081885854,1.0,0.7857142686843872,0.88640525082176,378818,44394,1891,87,221.60788030135845,-9.042278634546415,-9.647850755356153,-0.9315244177779737,1.0,1.0,False,False,0.0,0.0,0.0,0.0,0.0,0.0,0.0
F033,F060,zebra_crossing,street_corner_shop,C023,C031,False,0.0672045963304875,0.5766749379652606,0.4233250620347394,0.2774387001991272,0.45186104218362283,0.014984130859375,0.8409429280397023,1.0,0.3880471537510554,0.6229343093385172,378818,44394,35651,5698,4177.9706719321675,23.516315273391655,26.296492806316643,0.3102576706818106,1.1732652637702628e-140,5.3756881176382954e-139,True,True,13.561269651454642,15.16452835778657,0.17891782299367937,10.6261067277534,0.14019335441974617,19.77587902271075,0.2609089940299395
F033,F061,zebra_crossing,sunlit street,C023,C014,False,0.06436110458355929,0.3558312655086849,0.6441687344913152,0.2774387001991272,0.45186104218362283,0.0082763671875,0.9436724565756823,1.0,0.8258823394775391,0.908780688327794,378818,44394,9753,1197,1142.962272120121,1.598384032705327,1.7234989253544946,0.046175309702669046,0.0445330497143061,0.18664995472773618,True,False,0.5687550131264116,0.6132748037117483,0.016430618886756183,0.7222474748278909,0.020864823565399586,1.5083509866943816,0.043574367940260636
F033,F062,zebra_crossing,shaded alley,C023,C005,False,0.07289474249828241,0.9176178660049628,0.08238213399503724,0.2803388833999634,0.7880893300248138,0.0143890380859375,0.8540942928039702,1.0,0.5,0.7071067811865476,378818,44394,6655,945,779.9050467506823,5.911707424145291,6.347864537606573,0.19190081249363083,3.6524052187984504e-10,2.9571280807621185e-09,True,True,5.424688350989897,5.8249139106871235,0.17609161404502402,4.658953543197381,0.15123498274932295,5.049155571689353,0.16390138873525492
F033,F063,zebra_crossing,blue_wall_graffiti,C023,C013,False,0.07201606725272634,0.88287841191067,0.11712158808933004,0.2721763849258423,0.21861042183622828,0.011688232421875,0.8992555831265509,1.0,0.11488095670938492,0.33894093395366826,378818,44394,39,5,4.570442798388672,0.20092864963564103,0.21386033068773072,0.08131994148869336,0.48788601019344213,1.0,False,False,0.17739556709767015,0.1888126691282744,0.07179562079820619,0.0439250968558312,0.017777386712540658,0.1806862099949288,0.07312741140323194
F034,F035,red_door_street,small alley entrance,C018,C010,False,0.06800849514493244,0.6352357320099256,0.36476426799007444,0.2721763849258423,0.21861042183622828,0.00959196544828869,0.9265508684863524,0.8333333730697632,0.3212707968694823,0.5174221456645013,378818,15775,65633,2817,2733.134579138267,1.6041775060843158,1.8021998351163457,0.030217895522725788,0.036985246967598535,0.15797088535313272,True,False,1.019030872351327,1.1448217314882991,0.019195486982178166,0.3506899213052809,0.0066059468872261586,1.4863520614686936,0.027998417340411436
F034,F036,red_door_street,pedestrian walk,C018,C024,False,0.0695041011580254,0.7379652605459057,0.2620347394540943,0.26160186529159546,0.1228287841191067,0.02132361275809152,0.6714640198511166,0.8333333730697632,0.6076337546110153,0.7115908138256439,378818,15775,191641,5635,7980.446480895839,-26.254994570598665,-38.15370272993833,-0.34797113635706245,1.0,1.0,True,False,0.0,0.0,0.0,0.0,0.0,0.0,0.0
F034,F037,red_door_street,street_corner_shops,C018,C003,False,0.06987287915789292,0.7632754342431762,0.23672456575682377,0.2803388833999634,0.7880893300248138,0.029213645241477272,0.4531017369727047,0.8333333730697632,0.6591791060160507,0.7411585173722735,378818,15775,5196,188,216.37540982741052,-1.9290264877683692,-1.9841430063961114,-0.1402250335053846,0.9799819749729919,1.0,False,False,0.0,0.0,0.0,0.0,0.0,0.0,0.0
F034,F038,red_door_street,red-yellow hotspot,C018,C000,False,0.06807100545200333,0.6397022332506204,0.36029776674937963,0.2803388833999634,0.7880893300248138,0.04736455281575521,0.15533498759305212,0.8333333730697632,0.5312499850988388,0.6653633158099992,378818,15775,4115,212,171.3596634795601,3.1045809990068394,3.1886761246963617,0.21226375458930594,0.0011268095684275872,0.005751007822658268,True,True,1.9860073983721171,2.039803238081196,0.13578559784894062,2.446687159515067,0.1672828001428376,0.48225005096235274,0.03297198768558449
F034,F039,red_door_street,red car corner,C018,C017,False,0.07725953084851955,0.9851116625310173,0.01488833746898266,0.21665197610855103,0.036972704714640196,0.0032984415690104165,0.9786600496277915,0.8333333730697632,0.30280448123812675,0.5023316431709315,378818,15775,1373,77,57.17541141128457,2.6217998495403236,2.683018676658222,0.2954469990560124,0.006014392789698015,0.0283294763178299,False,False,2.582765608604239,2.6430729891645512,0.2910482844298683,0.09693503165794248,0.010923474654924527,2.5658507708652696,0.28914217475853915
F034,F040,red_door_street,cobblestone,C018,C013,False,0.06576232316292015,0.4595533498759305,0.5404466501240694,0.2721763849258423,0.21861042183622828,0.0271300474802653,0.5076923076923077,0.8333333730697632,0.45202021673321724,0.613745494407916,378818,15775,77947,2257,3245.9226462311717,-17.35774241903358,-19.89546410945363,-0.3632956595542468,1.0,1.0,True,False,0.0,0.0,0.0,0.0,0.0,0.0,0.0
F034,F041,red_door_street,concrete_wall,C018,C011,False,0.07395113417516945,0.9444168734491315,0.0555831265508685,0.2803388833999634,0.7880893300248138,0.0,0.9947890818858561,0.8333333730697632,0.511904776096344,0.6531365353085741,378818,15775,8967,377,373.40998843771945,0.18578167831627931,0.1920615737798976,0.009555472867270286,0.43137383045062566,1.0,True,False,0.17545535177959282,0.18138619101893058,0.009024349809635412,0.14641255839516204,0.007530566210037327,0.18481358520346497,0.009505680080617017
F034,F042,red_door_street,Red-yellow glow street,C018,C025,False,0.06910939706228651,0.7146401985111662,0.2853598014888338,0.27367761731147766,0.2682382133995037,0.030078676011827257,0.4337468982630273,0.8333333730697632,0.9285714626312256,0.8796644752920302,378818,15775,66510,2892,2769.6552170171426,2.324730430277096,2.615363424339873,0.0432178264321115,0.004761523955970967,0.02280102682954268,True,True,1.6613458161781727,1.8690438367490902,0.03088519606066529,0.6235815372529877,0.011592672549159437,1.0083446134303633,0.01874559816459824
F034,F043,red_door_street,tree_shadows,C018,C015,False,0.06881357666220168,0.6878411910669975,0.3121588089330025,0.2774387001991272,0.45186104218362283,0.03896951675415039,0.2392059553349876,0.8333333730697632,0.7320646420121193,0.781059471124362,378818,15775,16390,464,682.523665718102,-8.364492957534107,-8.735338695778104,-0.3855679503770827,1.0,1.0,True,False,0.0,0.0,0.0,0.0,0.0,0.0,0.0
F034,F044,red_door_street,road_and_buildings,C018,C026,False,0.07261124194393405,0.9106699751861043,0.08933002481389574,0.27367761731147766,0.2682382133995037,0.019716333459924767,0.7220843672456576,0.8333333730697632,0.8246913684739007,0.829001109668663,378818,15775,21673,1169,902.5219894513988,8.870180988791962,9.331709146177799,0.2585846813518059,1.740052735707001e-19,1.938091886842715e-18,True,True,8.077807500959429,8.498107336593678,0.23548530535015574,2.379321500963799,0.06936229293828838,6.405019026646305,0.18671995601333877
F034,F045,red_door_street,underpass glow,C018,C027,False,0.06928113692560144,0.7255583126550869,0.27444168734491314,0.2803388833999634,0.7880893300248138,0.03641955057779948,0.2873449131513648,0.8333333730697632,0.7119318172335625,0.7702444694062599,378818,15775,85507,3010,3560.7413718461107,-9.229485391207502,-10.714312556468133,-0.16800300611664573,1.0,1.0,True,False,0.0,0.0,0.0,0.0,0.0,0.0,0.0
F034,F046,red_door_street,window_heat_zone,C018,C021,False,0.0677359850101227,0.6168734491315137,0.38312655086848635,0.2803388833999634,0.7880893300248138,0.011226191665187027,0.9062034739454095,0.8333333730697632,0.739260733127594,0.7848889350189897,378818,15775,39968,1088,1664.3749769018368,-14.127962352395322,-15.25902497743157,-0.42494942997278007,1.0,1.0,True,False,0.0,0.0,0.0,0.0,0.0,0.0,0.0
F034,F047,red_door_street,underpass,C018,C008,False,0.07219806388421414,0.8913151364764268,0.1086848635235732,0.2803388833999634,0.7880893300248138,0.023583306206597224,0.6143920595533499,0.8333333730697632,0.3610449731349945,0.5485169325485467,378818,15775,10970,577,456.8202936502489,5.622875196962123,5.828747532302728,0.23332443561128421,1.0789564298708099e-08,8.146727200822295e-08,True,True,5.011753773570209,5.195250902241042,0.20796560117015706,4.431327946787023,0.18388049813931479,3.454649872873006,0.1433526805393399
F034,F048,red_door_street,shaded path,C018,C028,False,0.07848636294774082,0.9930521091811414,0.006947890818858604,0.2774387001991272,0.45186104218362283,0.01815432593936012,0.7702233250620347,0.8333333730697632,0.6641156588281903,0.743928586680028,378818,15775,155,12,6.45461672887772,2.1827115086193283,2.230082360966479,0.586322927729856,0.029350055923749445,0.12779635581485718,False,False,2.167546267368375,2.2145879922054212,0.5822492200433954,0.9862822970709173,0.26493648918016566,1.6811753158199492,0.4515995949561967
F034,F049,red_door_street,red_wall_yellow_wall,C018,C029,False,0.070760269308789,0.8238213399503722,0.1761786600496278,0.2774387001991272,0.45186104218362283,0.05221141468394886,0.13052109181141439,0.8333333730697632,1.0,0.9128709509398156,378818,15775,349,14,14.53329831211822,-0.139890465436262,-0.14296310064195855,-0.03611897884043067,0.5942263265072447,1.0,False,False,0.0,0.0,0.0,0.0,0.0,0.0,0.0
F034,F050,red_door_street,greenery_and_water,C018,C030,False,0.072991834992533,0.9210918114143921,0.07890818858560789,0.2774387001991272,0.45186104218362283,0.005196465386284722,0.9707196029776675,0.8333333730697632,0.688131312529246,0.7572600529441125,378818,15775,1487,47,61.9226779086527,-1.896364865734025,-1.9409379747649107,-0.2731989263340991,0.9809708699324958,1.0,False,False,0.0,0.0,0.0,0.0,0.0,0.0,0.0
F034,F051,red_door_street,zebra_crossing,C018,C020,False,0.06697621225649561,0.5578163771712159,0.4421836228287841,0.2774387001991272,0.45186104218362283,0.04124908447265625,0.20248138957816378,0.8333333730697632,0.8715151250362396,0.8522104428060983,378818,15775,19455,1249,810.1585061955873,15.417809901839014,16.169887803110143,0.4326518622783002,1.1916147591974923e-51,2.164230049137067e-50,True,True,8.60030686335834,9.01982823359593,0.24134029439246127,6.966707650433957,0.195498521391758,3.1218195731763365,0.08760395027769056
F034,F052,red_door_street,palm_tree_street,C018,C026,False,0.07196596270664422,0.8794044665012407,0.12059553349875929,0.27367761731147766,0.2682382133995037,0.03091148093894676,0.4094292803970223,0.8333333730697632,0.6043684764040841,0.7096762790306923,378818,15775,90021,3567,3748.716468066459,-2.967925464575062,-3.4722233334864443,-0.049681805933131644,0.9997667357289614,1.0,True,False,0.0,0.0,0.0,0.0,0.0,0.0,0.0
F034,F053,red_door_street,road_marking,C018,C030,False,0.05878112159045955,0.11861042183622829,0.8813895781637717,0.2774387001991272,0.45186104218362283,0.055863444010416666,0.11066997518610422,0.8333333730697632,0.5154761910438538,0.6554109497252303,378818,15775,86968,3323,3621.581339851855,-4.961506225853443,-5.774105195324433,-0.08603037187462584,0.9999999973575389,1.0,True,False,0.0,0.0,0.0,0.0,0.0,0.0,0.0
F034,F054,red_door_street,highlighted_lane,C018,C023,False,0.06935652112059192,0.7280397022332507,0.27196029776674935,0.26160186529159546,0.1228287841191067,0.06288288257740161,0.08436724565756824,0.8333333730697632,0.8999999761581421,0.8660254129611734,378818,15775,245062,5140,10205.04054717569,-50.138987434686506,-86.19258835087314,-0.6857804127143922,1.0,1.0,True,False,0.0,0.0,0.0,0.0,0.0,0.0,0.0
F034,F055,red_door_street,small alley entrance,C018,C014,False,0.07052547697477572,0.8049627791563275,0.19503722084367248,0.2774387001991272,0.45186104218362283,0.023262532552083333,0.6248138957816377,0.8333333730697632,0.8571428656578064,0.8451542790764907,378818,15775,535,52,22.278838386771483,6.2967943212062725,6.4366826189066675,0.8349812055577521,2.2471103987553814e-08,1.690363643242854e-07,False,False,5.068685056573982,5.18128992946234,0.6721287917690689,2.845276044396184,0.3772954777470637,3.934324590768584,0.5217078599489875
F034,F056,red_door_street,stone_wall_street,C018,C021,False,0.0671136237178282,0.5687344913151364,0.4312655086848636,0.2803388833999634,0.7880893300248138,0.011589898003472222,0.8997518610421836,0.8333333730697632,0.4911375728746255,0.6397509908119786,378818,15775,8534,282,355.3787042854352,-3.892461618934391,-4.021683280648868,-0.23091140390852785,0.9999857369490485,1.0,True,False,0.0,0.0,0.0,0.0,0.0,0.0,0.0
F034,F057,red_door_street,streetlight illumination,C018,C027,False,0.0720286001001404,0.8833746898263027,0.11662531017369726,0.2803388833999634,0.7880893300248138,0.0119873046875,0.8942928039702234,0.8333333730697632,0.2642857193946838,0.4692953334493545,378818,15775,119269,5209,4966.681823461398,3.438371692760698,4.243206256153418,0.04763124012106313,1.2312440399703596e-05,8.032970823884288e-05,True,True,3.037370527600021,3.748341010398553,0.04207623196798629,2.7097440437240636,0.03753767211525968,3.0749110622108082,0.04259627528444455
F034,F058,red_door_street,shaded alley,C018,C031,False,0.07709826153606775,0.9831265508684863,0.016873449131513674,0.2774387001991272,0.45186104218362283,0.017785814073350694,0.7816377171215881,0.8333333730697632,0.875,0.8539125841888283,378818,15775,169922,4442,7076.008927770064,-31.312883091951345,-43.0733841616987,-0.4655634157524399,1.0,1.0,True,False,0.0,0.0,0.0,0.0,0.0,0.0,0.0
F034,F059,red_door_street,road_edge,C018,C024,False,0.07451837860732527,0.9548387096774194,0.04516129032258065,0.26160186529159546,0.1228287841191067,0.0032971700032552085,0.9791563275434243,0.8333333730697632,0.7857142686843872,0.8091736042357057,378818,15775,1891,67,78.74632409230819,-1.323691665332559,-1.3555302393546174,-0.16043343010987704,0.9240103785704046,1.0,False,False,0.0,0.0,0.0,0.0,0.0,0.0,0.0
F034,F060,red_door_street,street_corner_shop,C018,C031,False,0.07271677699324601,0.913151364764268,0.08684863523573205,0.2774387001991272,0.45186104218362283,0.017189449734157987,0.7945409429280397,0.8333333730697632,0.3880471537510554,0.5686586353388894,378818,15775,35651,2766,1484.603490330449,33.2566345490573,35.692464726710924,0.6220985230714169,6.993280574165621e-231,6.129762451094736e-229,True,True,30.36834122593818,32.59262287699657,0.5680701153604998,15.02737754685691,0.28110208697594297,26.42375777322121,0.4942827471153044
F034,F061,red_door_street,sunlit street,C018,C014,False,0.06473783339220568,0.38560794044665014,0.6143920595533499,0.2774387001991272,0.45186104218362283,0.028531646728515624,0.4684863523573201,0.8333333730697632,0.8258823394775391,0.8295994911495335,378818,15775,9753,371,406.14114165641547,-1.743722510128247,-1.8045833389814603,-0.0903822165128341,0.967741631258184,1.0,True,False,0.0,0.0,0.0,0.0,0.0,0.0,0.0
F034,F062,red_door_street,shaded alley,C018,C005,False,0.07021001430309702,0.7856079404466502,0.21439205955334983,0.2803388833999634,0.7880893300248138,0.045262654622395836,0.1687344913151365,0.8333333730697632,0.5,0.6454972397577557,378818,15775,6655,172,277.1320924560079,-6.315269636049306,-6.508430938644305,-0.4758995923092801,0.9999999999987237,1.0,False,False,0.0,0.0,0.0,0.0,0.0,0.0,0.0
F034,F063,red_door_street,blue_wall_graffiti,C018,C013,False,0.057369253014596645,0.09478908188585608,0.9052109181141439,0.2721763849258423,0.21861042183622828,0.06535847981770833,0.07890818858560794,0.8333333730697632,0.11488095670938492,0.30940933269071436,378818,15775,39,3,1.6240648543627811,1.0796830414483731,1.1029462117151514,0.49943133151272484,0.22072450767850665,0.7847982495235791,False,False,0.10234216422661999,0.10454725877796224,0.04734063737912181,0.2360299651404508,0.10918089406022595,0.08519583304729098,0.03940922169256737
F035,F036,small alley entrance,pedestrian walk,C010,C024,False,0.06495175133099557,0.3975186104218362,0.6024813895781638,0.2721763849258423,0.21861042183622828,0.019233470060387437,0.7359801488833747,0.3212707968694823,0.6076337546110153,0.44183139380161335,378818,65633,191641,29869,33203.210388629894,-18.29797212648482,-28.629006523426572,-0.10582373548687436,1.0,1.0,True,False,0.0,0.0,0.0,0.0,0.0,0.0,0.0
F035,F037,small alley entrance,street_corner_shops,C010,C003,False,0.06615412783623502,0.4947890818858561,0.505210918114144,0.2803388833999634,0.7880893300248138,0.018782182173295456,0.7488833746898264,0.3212707968694823,0.6591791060160507,0.46019017445996124,378818,65633,5196,953,900.245152025511,1.7582554821807699,1.9471316525348066,0.05691705757994846,0.02753230550011771,0.12066332149616804,True,False,0.8699656157489963,0.9634194826685867,0.028161938663627102,1.385662384964299,0.044855725775165334,1.3167282990624227,0.04262423815788696
F035,F038,small alley entrance,red-yellow hotspot,C010,C000,False,0.07233326600059274,0.9002481389578164,0.09975186104218359,0.2803388833999634,0.7880893300248138,0.008992876325334822,0.9349875930521092,0.3212707968694823,0.5312499850988388,0.4131284377159294,378818,65633,4115,809,712.9539647007269,3.59706841499912,3.9777242214700164,0.12629885867374147,4.8859559460560284e-05,0.00029848749052269555,True,True,3.2382541463069003,3.5809388276658116,0.11370031247353202,2.8348112372300758,0.09953478291508756,3.3632143393837928,0.11808786587659004
F035,F039,small alley entrance,red car corner,C010,C017,False,0.07164110668013865,0.8669975186104218,0.13300248138957815,0.2721763849258423,0.21861042183622828,0.028006417410714284,0.484863523573201,0.3212707968694823,0.30280448123812675,0.3119010051010147,378818,65633,1373,157,237.8823313570105,-5.244119357994168,-5.777970051273992,-0.4144503607436119,0.9999999995245575,1.0,False,False,0.0,0.0,0.0,0.0,0.0,0.0,0.0
F035,F040,small alley entrance,cobblestone,C010,C013,False,0.06247854566191968,0.24962779156327544,0.7503722084367246,0.23827536404132843,0.05235732009925558,0.03661496298653739,0.2833746898263027,0.3212707968694823,0.45202021673321724,0.3810785945589135,378818,65633,77947,12066,13504.890081780697,-12.381751745518251,-15.279934211228314,-0.1126558531627545,1.0,1.0,True,False,0.0,0.0,0.0,0.0,0.0,0.0,0.0
F035,F041,small alley entrance,concrete_wall,C010,C011,False,0.06739233953590185,0.5905707196029777,0.4094292803970223,0.2803388833999634,0.7880893300248138,0.018159412202380952,0.7697270471464019,0.3212707968694823,0.511904776096344,0.4055367496759897,378818,65633,8967,2276,1553.5985908800533,18.327750966177646,20.399772935376184,0.38174348256492724,5.531703404693674e-84,1.616219429545282e-82,True,True,10.823833076799703,12.047508582182461,0.22544652320211583,14.443904979796576,0.3008479654159327,14.107365632030534,0.2938382836020854
F035,F042,small alley entrance,Red-yellow glow street,C010,C025,False,0.06797099449111625,0.6312655086848635,0.36873449131513647,0.27367761731147766,0.2682382133995037,0.02835182916550409,0.47344913151364765,0.3212707968694823,0.9285714626312256,0.5461894302801863,378818,65633,66510,11784,11523.34585473763,2.428149025545702,2.941124033722649,0.022366667562167864,0.0016976291225346684,0.00855605077757473,True,True,1.532806729773763,1.8566301592532057,0.014119305776217133,0.6513223564801249,0.005999594946576541,1.1496050473303223,0.01058947933216285
F035,F043,small alley entrance,tree_shadows,C010,C015,False,0.0636126905893657,0.3047146401985112,0.6952853598014888,0.2774387001991272,0.45186104218362283,0.03892408098493304,0.24069478908188585,0.3212707968694823,0.7320646420121193,0.48496493780396727,378818,65633,16390,2970,2839.68784482258,2.445398414113227,2.7495923571071863,0.04486009628470409,0.0032082914714458284,0.015622984556605775,True,True,0.7451486978985218,0.8378410457884926,0.013669528098664174,1.104980275955381,0.020270529859664058,0.5885946555061613,0.010797591413439942
F035,F044,small alley entrance,road_and_buildings,C010,C026,False,0.07328770441452019,0.9270471464019852,0.07295285359801484,0.27367761731147766,0.2682382133995037,0.023982941158234128,0.6009925558312655,0.3212707968694823,0.8246913684739007,0.5147322149632699,378818,65633,21673,3654,3755.006385652213,-1.648327449338584,-1.8670276970138358,-0.027263847550922687,0.9700026488423559,1.0,True,False,0.0,0.0,0.0,0.0,0.0,0.0,0.0
F035,F045,small alley entrance,underpass glow,C010,C027,False,0.06601978258770494,0.48635235732009924,0.5136476426799008,0.2803388833999634,0.7880893300248138,0.03841332026890346,0.2511166253101737,0.3212707968694823,0.7119318172335625,0.47824983245095365,378818,65633,85507,13316,14814.715591656151,-12.313246286963338,-15.389976188911994,-0.10665086535323556,1.0,1.0,True,False,0.0,0.0,0.0,0.0,0.0,0.0,0.0
F035,F046,small alley entrance,window_heat_zone,C010,C021,False,0.06120502048778389,0.19156327543424317,0.8084367245657569,0.2803388833999634,0.7880893300248138,0.026438031877790178,0.5315136476426799,0.3212707968694823,0.739260733127594,0.4873426770007115,378818,65633,39968,5998,6924.749468082298,-11.136797235008405,-12.950487725883825,-0.14366463772351,1.0,1.0,True,False,0.0,0.0,0.0,0.0,0.0,0.0,0.0
F035,F047,small alley entrance,underpass,C010,C008,False,0.06366384185293755,0.30918114143920594,0.6908188585607941,0.2803388833999634,0.7880893300248138,0.03220476422991071,0.3746898263027295,0.3212707968694823,0.3610449731349945,0.3405777535670827,378818,65633,10970,1317,1900.6330480600182,-13.38723038885589,-14.941221182816259,-0.3667140480825494,1.0,1.0,True,False,0.0,0.0,0.0,0.0,0.0,0.0,0.0
F035,F048,small alley entrance,shaded path,C010,C028,False,0.07589258247001059,0.9712158808933002,0.028784119106699757,0.2774387001991272,0.45186104218362283,0.03215120276626276,0.37766749379652603,0.3212707968694823,0.6641156588281903,0.4619101286237767,378818,65633,155,22,26.854888099298343,-0.936844584663515,-1.0305538071462248,-0.1953799276115551,0.8739047962444573,1.0,False,False,0.0,0.0,0.0,0.0,0.0,0.0,0.0
F035,F049,small alley entrance,red_wall_yellow_wall,C010,C029,False,0.07015873851808843,0.7826302729528536,0.2173697270471464,0.2774387001991272,0.45186104218362283,0.026443976860541802,0.5310173697270472,0.3212707968694823,1.0,0.5668075483525976,378818,65633,349,86,60.4668125590653,3.283571635980635,3.6129412213223486,0.3498147542256776,0.0003451368290225874,0.001901081550026055,False,False,2.5698225657277725,2.827597174206126,0.27377561658257743,1.4837181015187932,0.15806765941562256,1.743633573448774,0.18575771068063276
F035,F050,small alley entrance,greenery_and_water,C010,C030,False,0.06606138629204893,0.49032258064516127,0.5096774193548388,0.2774387001991272,0.45186104218362283,0.026032947358630952,0.543424317617866,0.3212707968694823,0.688131312529246,0.47018772328413,378818,65633,1487,210,257.63366841068796,-2.967650278700999,-3.270250600502037,-0.20399189224957393,0.9996448639295371,1.0,True,False,0.0,0.0,0.0,0.0,0.0,0.0,0.0
F035,F051,small alley entrance,zebra_crossing,C010,C020,False,0.06581563507967468,0.4674937965260546,0.5325062034739454,0.2774387001991272,0.45186104218362283,0.026311165945870536,0.5339950372208436,0.3212707968694823,0.8715151250362396,0.5291430418178049,378818,65633,19455,4029,3370.7215998183824,11.338305722194773,12.802979198410547,0.17836712757499212,3.3057523662143855e-36,4.829273021947972e-35,True,True,5.300587588241924,5.98531335230905,0.08338552564548019,5.123338640227464,0.08059715615733515,6.054598986144702,0.09524716092838288
F035,F052,small alley entrance,palm_tree_street,C010,C026,False,0.06864675055997552,0.6719602977667494,0.32803970223325063,0.27367761731147766,0.2682382133995037,0.033802214122953866,0.3389578163771712,0.3212707968694823,0.6043684764040841,0.4406426466164334,378818,65633,90021,15695,15596.79923604475,0.786316022909108,0.9904449538169965,0.006276273692966428,0.1622087978153701,0.5989247919336742,True,False,0.5283731488927703,0.6655396860884433,0.004217406739591337,0.21092000515254236,0.00168353644220762,0.26652796210765295,0.0021273920259533845
F035,F053,small alley entrance,road_marking,C010,C030,False,0.0622337721046181,0.23325062034739455,0.7667493796526055,0.2774387001991272,0.45186104218362283,0.04358171735491071,0.18213399503722083,0.3212707968694823,0.5154761910438538,0.40694894847376667,378818,65633,86968,13291,15067.84456915986,-14.475176683253462,-18.13733946727903,-0.1254714240058268,1.0,1.0,True,False,0.0,0.0,0.0,0.0,0.0,0.0,0.0
F035,F054,small alley entrance,highlighted_lane,C010,C023,False,0.07125030121639263,0.8486352357320099,0.15136476426799006,0.2721763849258423,0.21861042183622828,0.0275176517547123,0.4987593052109181,0.3212707968694823,0.8999999761581421,0.5377208472086993,378818,65633,245062,40065,42458.79088638871,-11.617224925516352,-21.50182478921435,-0.05803014051853824,1.0,1.0,True,False,0.0,0.0,0.0,0.0,0.0,0.0,0.0
F035,F055,small alley entrance,small alley entrance,C010,C014,False,0.07104372961106886,0.8342431761786601,0.16575682382133994,0.2774387001991272,0.45186104218362283,0.012540108816964286,0.8873449131513648,0.3212707968694823,0.8571428656578064,0.5247618235741573,378818,65633,535,121,92.69267827822331,2.9401945306006985,3.2359157812920416,0.2652451034215278,0.001035543644117395,0.005298619255179361,False,False,2.4528372237914513,2.6995406592317233,0.22127891754421253,1.3285593648198193,0.11985392886615437,2.6089666604039943,0.23536389325940035
F035,F056,small alley entrance,stone_wall_street,C010,C021,False,0.06111165703328215,0.1900744416873449,0.8099255583126551,0.2803388833999634,0.7880893300248138,0.015077136811755952,0.8382133995037221,0.3212707968694823,0.4911375728746255,0.39722557748711795,378818,65633,8534,2005,1478.578161544594,13.690261818454307,15.229085942002099,0.3044743763334233,1.085866113218958e-48,1.8551746476689994e-47,True,True,2.6021688716962776,2.8946600078346423,0.05787279708967798,10.789149264369945,0.23995300725433058,11.475360898942592,0.25521450204821433
F035,F057,small alley entrance,streetlight illumination,C010,C027,False,0.07104786991359614,0.8352357320099255,0.1647642679900745,0.2803388833999634,0.7880893300248138,0.019325474330357143,0.7330024813895781,0.3212707968694823,0.2642857193946838,0.2913885441659546,378818,65633,119269,19305,20664.229991711058,-9.455474665412662,-12.56328501158492,-0.06803835250072104,1.0,1.0,True,False,0.0,0.0,0.0,0.0,0.0,0.0,0.0
F035,F058,small alley entrance,shaded alley,C010,C031,False,0.07221701944600388,0.8923076923076924,0.10769230769230764,0.2774387001991272,0.45186104218362283,0.060642060779389884,0.09181141439205956,0.3212707968694823,0.875,0.5301999125431812,378818,65633,169922,12842,29440.234165219183,-96.7366975758419,-143.27016206791066,-0.829619247867733,1.0,1.0,True,False,0.0,0.0,0.0,0.0,0.0,0.0,0.0
F035,F059,small alley entrance,road_edge,C010,C024,False,0.0661828932865149,0.49727047146401987,0.5027295285359801,0.2721763849258423,0.21861042183622828,0.06576865059988839,0.07741935483870968,0.3212707968694823,0.7857142686843872,0.5024211870651512,378818,65633,1891,264,327.6296348114398,-3.5153440952501955,-3.875866187658457,-0.21556750708740136,0.9999696135560973,1.0,True,False,0.0,0.0,0.0,0.0,0.0,0.0,0.0
F035,F060,small alley entrance,street_corner_shop,C010,C031,False,0.05772325485173348,0.09875930521091811,0.9012406947890819,0.2774387001991272,0.45186104218362283,0.1200730460030692,0.03225806451612903,0.3212707968694823,0.3880471537510554,0.3530838686608836,378818,65633,35651,6120,6176.797520181195,-0.7226827558066328,-0.8350730919440721,-0.00923708882599739,0.8001196179251271,1.0,True,False,0.0,0.0,0.0,0.0,0.0,0.0,0.0
F035,F061,small alley entrance,sunlit street,C010,C014,False,0.06055274210370433,0.16277915632754342,0.8372208436724566,0.2774387001991272,0.45186104218362283,0.012332371303013392,0.8883374689826302,0.3212707968694823,0.8258823394775391,0.5151037539412631,378818,65633,9753,1450,1689.7788621448822,-5.833053481896495,-6.49941225220033,-0.1529851979297929,0.9999999999840321,1.0,True,False,0.0,0.0,0.0,0.0,0.0,0.0,0.0
F035,F062,small alley entrance,shaded alley,C010,C005,False,0.07167492295770639,0.8704714640198511,0.1295285359801489,0.2803388833999634,0.7880893300248138,0.03135463169642857,0.3935483870967742,0.3212707968694823,0.5,0.4007934610678437,378818,65633,6655,1701,1153.0276148440676,16.13759524782328,17.906131872395143,0.38868547656683783,5.101572823333918e-65,1.1959035827722299e-63,True,True,14.047316161132523,15.586776825896317,0.33833961583038885,12.71786662706867,0.3063188768179347,6.35092458140142,0.15296654239082005
F035,F063,small alley entrance,blue_wall_graffiti,C010,C013,False,0.05232406825893343,0.052109181141439205,0.9478908188585607,0.23827536404132843,0.05235732009925558,0.19579206194196427,0.009925558312655087,0.3212707968694823,0.11488095670938492,0.19211427981061843,378818,65633,39,2,6.757036360468615,-1.8300305636036533,-2.0127737200058933,-1.0656807988087162,0.9945067704662052,1.0,False,False,0.0,0.0,0.0,0.0,0.0,0.0,0.0
F036,F037,pedestrian walk,street_corner_shops,C024,C003,False,0.06406060971699111,0.33399503722084367,0.6660049627791563,0.2803388833999634,0.7880893300248138,0.03270250791079038,0.36476426799007444,0.6076337546110153,0.6591791060160507,0.6328818808827327,378818,191641,5196,2814,2628.614891583821,3.6158579712730052,5.179632358443674,0.06813737949963955,1.1760047717550196e-07,8.589947898036664e-07,True,True,1.2076786177006116,1.729971502348681,0.022757546602112863,2.849619086045425,0.05369834175951742,1.3189357860474733,0.024854081355947924
F036,F038,pedestrian walk,red-yellow hotspot,C024,C000,False,0.06655571590502227,0.5210918114143921,0.4789081885856079,0.2803388833999634,0.7880893300248138,0.038346290588378906,0.25161290322580643,0.6076337546110153,0.5312499850988388,0.5681596809723948,378818,191641,4115,2169,2081.745627187726,1.912376378114914,2.735480214935973,0.041049786467074016,0.0032587757822144002,0.01583058307697405,True,True,0.9965236709779949,1.4254363402892167,0.021390707588301597,1.5071234185838627,0.03235089871449803,0.48117857255794605,0.010328655949779914
F036,F039,pedestrian walk,red car corner,C024,C017,False,0.07060196544521923,0.8099255583126551,0.19007444168734489,0.26160186529159546,0.1228287841191067,0.015547071184430803,0.828287841191067,0.6076337546110153,0.30280448123812675,0.4289454788755369,378818,191641,1373,509,694.5897317445317,-7.041898559483768,-10.036140182219684,-0.3106110949917658,1.0,1.0,True,False,0.0,0.0,0.0,0.0,0.0,0.0,0.0
F036,F040,pedestrian walk,cobblestone,C024,C013,False,0.06053927993509012,0.16228287841191066,0.8377171215880893,0.2721763849258423,0.21861042183622828,0.02000917707170759,0.713151364764268,0.6076337546110153,0.45202021673321724,0.5240827620268479,378818,191641,77947,43210,39432.76461783759,19.021529536361953,30.36400566005423,0.09147378153154755,3.971092380575741e-203,3.0791239381694974e-201,True,True,3.086868564957994,4.927558238629148,0.01484462856616181,4.1583045959143625,0.019997121967566596,13.56522974876036,0.06523465213937163
F036,F041,pedestrian walk,concrete_wall,C024,C011,False,0.06756837623207312,0.6054590570719603,0.39454094292803965,0.2803388833999634,0.7880893300248138,0.01336088634672619,0.8724565756823821,0.6076337546110153,0.511904776096344,0.5577191238452673,378818,191641,8967,4745,4536.333666826814,3.098131794884276,4.460569213538684,0.04496746206710133,4.2659756109493085e-06,2.8763233550748516e-05,True,True,1.875791955215294,2.7006920300333475,0.027225957182066315,2.4416046105589233,0.03543837705337812,2.702985456777448,0.03923215797219064
F036,F042,pedestrian walk,Red-yellow glow street,C024,C025,False,0.06533705185281431,0.4312655086848635,0.5687344913151364,0.27367761731147766,0.2682382133995037,0.022868792215983074,0.6362282878411911,0.6076337546110153,0.9285714626312256,0.7511533560220933,378818,191641,66510,30924,33646.877682686674,-14.844164131650853,-23.257765405517233,-0.08438637386292577,1.0,1.0,True,False,0.0,0.0,0.0,0.0,0.0,0.0,0.0
F036,F043,pedestrian walk,tree_shadows,C024,C015,False,0.06697515317059186,0.5573200992555831,0.4426799007444169,0.2774387001991272,0.45186104218362283,0.031282969883510044,0.39851116625310173,0.6076337546110153,0.7320646420121193,0.6669536618415052,378818,191641,16390,7584,8291.570067948196,-7.770537582986349,-11.301705507412125,-0.08919295355435293,1.0,1.0,True,False,0.0,0.0,0.0,0.0,0.0,0.0,0.0
F036,F044,pedestrian walk,road_and_buildings,C024,C026,False,0.06876654280386908,0.684863523573201,0.315136476426799,0.27367761731147766,0.2682382133995037,0.017013307601686508,0.8004962779156327,0.6076337546110153,0.8246913684739007,0.707891455394888,378818,191641,21673,10223,10964.197564529668,-7.0785704270603595,-10.371153511419015,-0.06999180769425298,1.0,1.0,True,False,0.0,0.0,0.0,0.0,0.0,0.0,0.0
F036,F045,pedestrian walk,underpass glow,C024,C027,False,0.06441265054397256,0.36029776674937963,0.6397022332506204,0.2803388833999634,0.7880893300248138,0.04714686529976981,0.1588089330024814,0.6076337546110153,0.7119318172335625,0.6577186352329335,378818,191641,85507,43148,43257.30822452999,-0.5255609568740605,-0.8496943136639942,-0.0025300995977388125,0.8033323098129806,1.0,True,False,0.0,0.0,0.0,0.0,0.0,0.0,0.0
F036,F046,pedestrian walk,window_heat_zone,C024,C021,False,0.06296600112538621,0.2719602977667494,0.7280397022332505,0.2803388833999634,0.7880893300248138,0.022935248040533686,0.6332506203473945,0.6076337546110153,0.739260733127594,0.6702236752807317,378818,191641,39968,17798,20219.491914322974,-17.02934343553647,-25.615211823797527,-0.12755762962289982,1.0,1.0,True,False,0.0,0.0,0.0,0.0,0.0,0.0,0.0
F036,F047,pedestrian walk,underpass,C024,C008,False,0.06618531713431364,0.4977667493796526,0.5022332506203474,0.2803388833999634,0.7880893300248138,0.020466395786830356,0.6987593052109181,0.6076337546110153,0.3610449731349945,0.46838351018097324,378818,191641,10970,5247,5549.635365795712,-4.0624446187205665,-5.864851855502465,-0.05607054498171677,0.9999999978826948,1.0,True,False,0.0,0.0,0.0,0.0,0.0,0.0,0.0
F036,F048,pedestrian walk,shaded path,C024,C028,False,0.07398089336446145,0.9449131513647643,0.05508684863523572,0.2774387001991272,0.45186104218362283,0.01805893255739796,0.7741935483870968,0.6076337546110153,0.6641156588281903,0.6352472678176124,378818,191641,155,72,78.41326177742346,-0.7242428352371318,-1.0305321953971558,-0.08476273523082242,0.8667027126007238,1.0,False,False,0.0,0.0,0.0,0.0,0.0,0.0,0.0
F036,F049,pedestrian walk,red_wall_yellow_wall,C024,C029,False,0.07132911389628474,0.854590570719603,0.14540942928039702,0.2774387001991272,0.45186104218362283,0.02405761124251725,0.598014888337469,0.6076337546110153,1.0,0.7795086623065938,378818,191641,349,121,176.5563120020696,-4.181111834159352,-5.95086941293627,-0.3765535660995791,0.9999999992704016,1.0,False,False,0.0,0.0,0.0,0.0,0.0,0.0,0.0
F036,F050,pedestrian walk,greenery_and_water,C024,C030,False,0.04795843677484725,0.028287841191066997,0.971712158808933,0.2774387001991272,0.45186104218362283,0.13249551682245164,0.027791563275434243,0.6076337546110153,0.688131312529246,0.6466311259888066,378818,191641,1487,440,752.2614210517979,-11.3850236408624,-16.228429230405087,-0.5358378943073043,1.0,1.0,True,False,0.0,0.0,0.0,0.0,0.0,0.0,0.0
F036,F051,pedestrian walk,zebra_crossing,C024,C020,False,0.06086149348862043,0.17766749379652605,0.822332506203474,0.2774387001991272,0.45186104218362283,0.05560193743024554,0.11166253101736973,0.6076337546110153,0.8715151250362396,0.7277101123566023,378818,191641,19455,6586,9842.129083095313,-32.82139871720072,-47.93957697332558,-0.40170075893072515,1.0,1.0,True,False,0.0,0.0,0.0,0.0,0.0,0.0,0.0
F036,F052,pedestrian walk,palm_tree_street,C024,C026,False,0.06671393467836784,0.535483870967742,0.46451612903225803,0.27367761731147766,0.2682382133995037,0.020842173742869542,0.684863523573201,0.6076337546110153,0.6043684764040841,0.6059989162415659,378818,191641,90021,45038,45540.90476429314,-2.356594841486291,-3.8396565246587855,-0.011104227435427393,0.9999393292875264,1.0,True,False,0.0,0.0,0.0,0.0,0.0,0.0,0.0
F036,F053,pedestrian walk,road_marking,C024,C030,False,0.05463417233044874,0.06997518610421836,0.9300248138957816,0.2774387001991272,0.45186104218362283,0.061252920968191966,0.08883374689826302,0.6076337546110153,0.5154761910438538,0.559661266639529,378818,191641,86968,30121,43996.41645328364,-66.15114636193255,-107.21642406493287,-0.37888034836682355,1.0,1.0,True,False,0.0,0.0,0.0,0.0,0.0,0.0,0.0
F036,F054,pedestrian walk,highlighted_lane,C024,C023,False,0.055003102432515945,0.07196029776674938,0.9280397022332506,0.2024528682231903,0.03300248138957816,0.11025643727136036,0.03870967741935484,0.6076337546110153,0.8999999761581421,0.7395068388208429,378818,191641,245062,114119,123974.90811418676,-27.991730514975806,-67.01575343533109,-0.08283707929417261,1.0,1.0,True,False,0.0,0.0,0.0,0.0,0.0,0.0,0.0
F036,F055,pedestrian walk,small alley entrance,C024,C014,False,0.06542071943311685,0.43523573200992555,0.5647642679900744,0.2774387001991272,0.45186104218362283,0.020247105189732145,0.7057071960297767,0.6076337546110153,0.8571428656578064,0.7216847910949059,378818,191641,535,230,270.65222613497775,-2.4710329183372592,-3.51782240964471,-0.1624295207926107,0.9998184940857147,1.0,True,False,0.0,0.0,0.0,0.0,0.0,0.0,0.0
F036,F056,pedestrian walk,stone_wall_street,C024,C021,False,0.06033697010693733,0.15483870967741936,0.8451612903225807,0.2803388833999634,0.7880893300248138,0.0342559814453125,0.32803970223325063,0.6076337546110153,0.4911375728746255,0.5462890877880958,378818,191641,8534,4343,4317.2824258614955,0.39140355911058033,0.563197981558166,0.005938531606283229,0.29039987577148163,1.0,True,False,0.060604422055831796,0.08720484875739345,0.0009195145712954677,0.30846096866878486,0.004680093394926931,0.1283959069836693,0.001948074139827898
F036,F057,pedestrian walk,streetlight illumination,C024,C027,False,0.06451846722116551,0.36724565756823824,0.6327543424317618,0.2803388833999634,0.7880893300248138,0.023125130789620536,0.6307692307692307,0.6076337546110153,0.2642857193946838,0.40073547879600696,378818,191641,119269,58517,60337.234315687216,-7.4102796514976195,-12.735872725422292,-0.030631829594380093,1.0,1.0,True,False,0.0,0.0,0.0,0.0,0.0,0.0,0.0
F036,F058,pedestrian walk,shaded alley,C024,C031,False,0.07072905845842582,0.8213399503722084,0.17866004962779158,0.2774387001991272,0.45186104218362283,0.03220530918666294,0.3741935483870968,0.6076337546110153,0.875,0.7291635860934351,378818,191641,169922,86889,85962.18237253773,3.1611169892410045,6.055908425035222,0.010723920252744126,7.119868277074592e-10,5.651045057709598e-09,True,True,2.5963516710639514,4.973959525277068,0.008807984128184381,1.4283856172227962,0.0048457217816990205,1.1828695830708276,0.0040128217719945765
F036,F059,pedestrian walk,road_edge,C024,C024,True,0.04709446798504767,0.023325062034739455,0.9766749379652605,0.11747424304485321,0.01240694789081886,0.16006946563720703,0.020347394540942927,0.6076337546110153,0.7857142686843872,0.6909605713296109,378818,191641,1891,349,956.6417936845662,-19.645946718391258,-28.018709625341994,-1.0074479835734356,1.0,1.0,True,False,0.0,0.0,0.0,0.0,0.0,0.0,0.0
F036,F060,pedestrian walk,street_corner_shop,C024,C031,False,0.06594512836365155,0.47642679900744417,0.5235732009925558,0.2774387001991272,0.45186104218362283,0.023978097098214284,0.603970223325062,0.6076337546110153,0.3880471537510554,0.48558269017734945,378818,191641,35651,15464,18035.556100818863,-19.148344592954928,-28.62083288558215,-0.15382579650096267,1.0,1.0,True,False,0.0,0.0,0.0,0.0,0.0,0.0,0.0
F036,F061,pedestrian walk,sunlit street,C024,C014,False,0.05641925780339932,0.08287841191066997,0.91712158808933,0.2774387001991272,0.45186104218362283,0.02589787074497768,0.5468982630272953,0.6076337546110153,0.8258823394775391,0.7084024186884642,378818,191641,9753,4661,4933.964787840071,-3.8860519694803592,-5.600940591352427,-0.056906929937414086,0.9999999899669176,1.0,True,False,0.0,0.0,0.0,0.0,0.0,0.0,0.0
F036,F062,pedestrian walk,shaded alley,C024,C005,False,0.06865551155714761,0.6734491315136476,0.3265508684863524,0.2803388833999634,0.7880893300248138,0.03301348005022321,0.3563275434243176,0.6076337546110153,0.5,0.551195861110647,378818,191641,6655,3647,3366.7113363145363,4.830616854731875,6.933296736760355,0.07995709625744452,2.1480908819075023e-12,1.899364569265581e-11,True,True,3.253174725494369,4.669222665897668,0.05384703703292913,3.8069576006522166,0.063013334420259,1.7212818370707126,0.028490915688756904
F036,F063,pedestrian walk,blue_wall_graffiti,C024,C013,False,0.06762578636661423,0.6094292803970224,0.3905707196029776,0.2721763849258423,0.21861042183622828,0.02081298828125,0.686848635235732,0.6076337546110153,0.11488095670938492,0.2642073940271715,378818,191641,39,15,19.729788447222678,-1.064830548342895,-1.5149257507164717,-0.2663161698207669,0.95356266811052,1.0,False,False,0.0,0.0,0.0,0.0,0.0,0.0,0.0
F037,F038,street_corner_shops,red-yellow hotspot,C003,C000,False,0.07080218945013778,0.8258064516129032,0.17419354838709677,0.2613743543624878,0.11538461538461539,0.01945738358931108,0.7290322580645161,0.6591791060160507,0.5312499850988388,0.5917675981738886,378818,5196,4115,54,56.44277727035146,-0.32514694867984595,-0.3291924838690899,-0.04384615437497578,0.6474303557228694,1.0,False,False,0.0,0.0,0.0,0.0,0.0,0.0,0.0
F037,F039,street_corner_shops,red car corner,C003,C017,False,0.07284043155299623,0.9166253101736973,0.0833746898263027,0.2803388833999634,0.7880893300248138,0.012752186168323864,0.8843672456575682,0.6591791060160507,0.30280448123812675,0.4467688297544966,378818,5196,1373,37,18.832547555818362,4.186388181143815,4.223052402730673,0.6625508555885992,0.00011890951221909884,0.0006952072004556677,False,False,3.8373493650484494,3.8709567185327804,0.6073108835097483,3.299247856901428,0.5221492598881863,3.702304585011552,0.5859382752649547
F037,F040,street_corner_shops,cobblestone,C003,C013,False,0.06311721986283884,0.27841191066997517,0.7215880893300248,0.2803388833999634,0.7880893300248138,0.00911491567438299,0.9325062034739454,0.6591791060160507,0.45202021673321724,0.5458592147865451,378818,5196,77947,712,1069.1482770090122,-10.922689524784895,-12.341081987342424,-0.4063052481994714,1.0,1.0,True,False,0.0,0.0,0.0,0.0,0.0,0.0,0.0
F037,F041,street_corner_shops,concrete_wall,C003,C011,False,0.06655753589922583,0.5215880893300248,0.47841191066997524,0.27533864974975586,0.31042183622828784,0.028014674331202652,0.4843672456575682,0.6591791060160507,0.511904776096344,0.5808932196820124,378818,5196,8967,97,122.99450395704534,-2.3438978557334744,-2.3885761759676014,-0.2363442747018679,0.9940056126778656,1.0,False,False,0.0,0.0,0.0,0.0,0.0,0.0,0.0
F037,F042,street_corner_shops,Red-yellow glow street,C003,C025,False,0.06871220989490563,0.6794044665012406,0.32059553349875936,0.2803388833999634,0.7880893300248138,0.018092299952651516,0.7722084367245657,0.6591791060160507,0.9285714626312256,0.7823649446449322,378818,5196,66510,1038,912.2743903404802,4.162564811372833,4.616185656031032,0.12904390131823623,3.023105441051387e-06,2.058979922013377e-05,True,True,2.8280651249475968,3.1362571529064427,0.08767300293035503,3.2804729133796813,0.10169812173367698,3.214367665754902,0.09964878930579432
F037,F043,street_corner_shops,tree_shadows,C003,C015,False,0.06570922954087273,0.45459057071960296,0.545409429280397,0.2803388833999634,0.7880893300248138,0.0296730561689897,0.4436724565756824,0.6591791060160507,0.7320646420121193,0.6946666223934391,378818,5196,16390,179,224.81096463209246,-3.055348064825413,-3.145311292039751,-0.2273063051347843,0.9994845400840403,1.0,False,False,0.0,0.0,0.0,0.0,0.0,0.0,0.0
F037,F044,street_corner_shops,road_and_buildings,C003,C026,False,0.07107857069597877,0.8377171215880893,0.1622828784119107,0.2803388833999634,0.7880893300248138,0.030959158232717804,0.4079404466501241,0.6591791060160507,0.8246913684739007,0.7373054448529316,378818,5196,21673,267,297.27443785670164,-1.755889996160972,-1.8209114656034562,-0.10721671361685256,0.9694748164096592,1.0,True,False,0.0,0.0,0.0,0.0,0.0,0.0,0.0
F037,F045,street_corner_shops,underpass glow,C003,C027,False,0.07111176403793602,0.8401985111662531,0.1598014888337469,0.27533864974975586,0.31042183622828784,0.0068669752641157674,0.9607940446650124,0.6591791060160507,0.7119318172335625,0.6850478660855766,378818,5196,85507,1141,1172.8438775348584,-0.9298348994226527,-1.0640339383242725,-0.027514500449194866,0.8602098944630272,1.0,True,False,0.0,0.0,0.0,0.0,0.0,0.0,0.0
F037,F046,street_corner_shops,window_heat_zone,C003,C021,False,0.06644104825834575,0.5146401985111663,0.48535980148883373,0.27533864974975586,0.31042183622828784,0.024256871751517303,0.5940446650124069,0.6591791060160507,0.739260733127594,0.6980725099700014,378818,5196,39968,421,548.2150478593942,-5.4332915457826925,-5.784596596618675,-0.26375949081302763,0.999999999129197,1.0,True,False,0.0,0.0,0.0,0.0,0.0,0.0,0.0
F037,F047,street_corner_shops,underpass,C003,C008,False,0.06402889389103225,0.33052109181141437,0.6694789081885857,0.27533864974975586,0.31042183622828784,0.025833592270359848,0.5483870967741935,0.6591791060160507,0.3610449731349945,0.48784557251523225,378818,5196,10970,152,150.4683515566842,0.12486378980614944,0.12758984972473764,0.01009437353992567,0.4607436463321771,1.0,False,False,0.04127011613443946,0.04217113643507457,0.0033364033635684843,0.03876044691004788,0.0031335139698379687,0.06847369118401743,0.005535624199314077
F037,F048,street_corner_shops,shaded path,C003,C028,False,0.07471187368940273,0.9588089330024814,0.04119106699751862,0.2803388833999634,0.7880893300248138,0.05223014137961648,0.13002481389578163,0.6591791060160507,0.6641156588281903,0.6616427784519582,378818,5196,155,4,2.126034137765365,1.285217286486089,1.2943863839394767,0.5386026210695184,0.16510964418100885,0.6085211017713233,False,False,1.2322778151320712,1.2410692276779498,0.5164170044200047,1.0128660302431312,0.42446697878828543,0.16711013849099518,0.07003170556834433
F037,F049,street_corner_shops,red_wall_yellow_wall,C003,C029,False,0.06889778530683809,0.6972704714640199,0.3027295285359801,0.2803388833999634,0.7880893300248138,0.031869115908283834,0.3826302729528536,0.6591791060160507,1.0,0.81189845794659,378818,5196,349,4,4.787005897291047,-0.35970461134571674,-0.3623636806384903,-0.16117469590880731,0.7058002503863194,1.0,False,False,0.0,0.0,0.0,0.0,0.0,0.0,0.0
F037,F050,street_corner_shops,greenery_and_water,C003,C030,False,0.06910135473515924,0.713151364764268,0.286848635235732,0.2803388833999634,0.7880893300248138,0.024415912050189392,0.5895781637717121,0.6591791060160507,0.688131312529246,0.6734996536114031,378818,5196,1487,25,20.396211373271598,1.0193905979031213,1.0284737073898613,0.19911058363187725,0.1777916868985766,0.6469820230821849,False,False,0.7269797961224741,0.7334574280492461,0.1419959844560832,0.8033708533350652,0.1569169264552958,0.6010104368778699,0.1173912522851961
F037,F051,street_corner_shops,zebra_crossing,C003,C020,False,0.0636145702534735,0.3057071960297767,0.6942928039702233,0.2803388833999634,0.7880893300248138,0.03335384022105824,0.34689826302729526,0.6591791060160507,0.8715151250362396,0.7579475977934458,378818,5196,19455,232,266.8515751627431,-2.13347484215939,-2.2056401519632036,-0.1396743281126179,0.9885978915659637,1.0,True,False,0.0,0.0,0.0,0.0,0.0,0.0,0.0
F037,F052,street_corner_shops,palm_tree_street,C003,C026,False,0.0690813766994725,0.7116625310173698,0.28833746898263024,0.2803388833999634,0.7880893300248138,0.02027715817846433,0.7042183622828784,0.6591791060160507,0.6043684764040841,0.6311791124398262,378818,5196,90021,992,1234.7594781662963,-6.908519869406796,-7.967140673104116,-0.21880931821040184,1.0,1.0,True,False,0.0,0.0,0.0,0.0,0.0,0.0,0.0
F037,F053,street_corner_shops,road_marking,C003,C030,False,0.059058115198444124,0.12307692307692308,0.8769230769230769,0.2803388833999634,0.7880893300248138,0.06436601118607954,0.08188585607940446,0.6591791060160507,0.5154761910438538,0.5829160615258825,378818,5196,86968,929,1192.8834638269566,-7.640348472918987,-8.764903346941308,-0.24990099147633202,1.0,1.0,True,False,0.0,0.0,0.0,0.0,0.0,0.0,0.0
F037,F054,street_corner_shops,highlighted_lane,C003,C023,False,0.06904403808846839,0.7086848635235732,0.2913151364764268,0.2803388833999634,0.7880893300248138,0.028194851345486112,0.4774193548387097,0.6591791060160507,0.8999999761581421,0.770234496564774,378818,5196,245062,2900,3361.3559862519733,-7.957541377801271,-13.484538339852705,-0.14761006240789623,1.0,1.0,True,False,0.0,0.0,0.0,0.0,0.0,0.0,0.0
F037,F055,street_corner_shops,small alley entrance,C003,C014,False,0.06602724721479501,0.486848635235732,0.513151364764268,0.2803388833999634,0.7880893300248138,0.038714599609375,0.24466501240694788,0.6591791060160507,0.8571428656578064,0.7516719150748874,378818,5196,535,4,7.338246862609485,-1.23231657734093,-1.2417314807406008,-0.5549377981175246,0.9356550715896137,1.0,False,False,0.0,0.0,0.0,0.0,0.0,0.0,0.0
F037,F056,street_corner_shops,stone_wall_street,C003,C021,False,0.06511440157504218,0.4119106699751861,0.5880893300248139,0.27533864974975586,0.31042183622828784,0.017330285274621212,0.7925558312655087,0.6591791060160507,0.4911375728746255,0.5689882478737048,378818,5196,8534,87,117.05532472057821,-2.777959036928523,-2.829255555649399,-0.2952702780919577,0.9986368989305674,1.0,False,False,0.0,0.0,0.0,0.0,0.0,0.0,0.0
F037,F057,street_corner_shops,streetlight illumination,C003,C027,False,0.06359745879532565,0.3042183622828784,0.6957816377171215,0.27533864974975586,0.31042183622828784,0.025377308238636365,0.5632754342431762,0.6591791060160507,0.2642857193946838,0.4173866603563134,378818,5196,119269,1515,1635.9352617879827,-2.9899910772494094,-3.6372573111189523,-0.07677483771680307,0.9998814065349294,1.0,True,False,0.0,0.0,0.0,0.0,0.0,0.0,0.0
F037,F058,street_corner_shops,shaded alley,C003,C031,False,0.07355997928006497,0.9369727047146402,0.06302729528535977,0.2803388833999634,0.7880893300248138,0.03128699100378788,0.398014888337469,0.6591791060160507,0.875,0.7594614656215576,378818,5196,169922,1549,2330.709501660428,-16.192030659463267,-21.95584057542069,-0.4084549340715212,1.0,1.0,True,False,0.0,0.0,0.0,0.0,0.0,0.0,0.0
F037,F059,street_corner_shops,road_edge,C003,C024,False,0.0700678262828074,0.7786600496277916,0.22133995037220844,0.2803388833999634,0.7880893300248138,0.028453480113636364,0.47096774193548385,0.6591791060160507,0.7857142686843872,0.7196710562579473,378818,5196,1891,39,25.93761648073745,2.5648229941102425,2.5890628180707753,0.4015128092195071,0.009282335396594737,0.04282194086850112,False,False,1.9971251998803823,2.0159997824084597,0.3126419839530554,2.021309635060578,0.31642796081418223,1.2079488940003078,0.18909958111628397
F037,F060,street_corner_shops,street_corner_shop,C003,C031,False,0.06907304702203897,0.7096774193548387,0.29032258064516125,0.2803388833999634,0.7880893300248138,0.020057447028882576,0.7106699751861042,0.6591791060160507,0.3880471537510554,0.5057594051539661,378818,5196,35651,617,489.00156803530984,5.788279895674183,6.123653062926162,0.23229140319592195,1.8775834201226535e-09,1.4671349515377013e-08,True,True,4.107811538865549,4.345818302721793,0.16485196355839624,4.561681624977966,0.18306637631519804,4.113556729828997,0.16508252574519117
F037,F061,street_corner_shops,sunlit street,C003,C014,False,0.05953350987333947,0.1315136476426799,0.8684863523573201,0.2803388833999634,0.7880893300248138,0.04212369051846591,0.19801488833746897,0.6591791060160507,0.8258823394775391,0.7378376394649765,378818,5196,9753,123,133.77555448790713,-0.9316466945210766,-0.9504157616886679,-0.08365290920971168,0.8400443355644537,1.0,False,False,0.0,0.0,0.0,0.0,0.0,0.0,0.0
F037,F062,street_corner_shops,shaded alley,C003,C005,False,0.07285898603969188,0.91712158808933,0.08287841191067002,0.27533864974975586,0.31042183622828784,0.010464408180930397,0.9161290322580645,0.6591791060160507,0.5,0.5740989052489347,378818,5196,6655,96,91.28230443115163,0.49378354686820325,0.5016303806448691,0.05012349148740461,0.3221475664017098,1.0,False,False,0.45285955067614864,0.46005605133087746,0.04596933611351053,0.1532811953181445,0.015559426265693094,0.4523694429373217,0.04591958574975132
F037,F063,street_corner_shops,blue_wall_graffiti,C003,C013,False,0.07060160245830917,0.8094292803970223,0.19057071960297767,0.2803388833999634,0.7880893300248138,0.011774236505681818,0.8962779156327544,0.6591791060160507,0.11488095670938492,0.27518562161196025,378818,5196,39,0,0.5349376217603177,-0.7313942997865909,-0.7364994687207347,-0.7274883366304278,1.0,1.0,False,False,0.0,0.0,0.0,0.0,0.0,0.0,0.0
F038,F039,red-yellow hotspot,red car corner,C000,C017,False,0.07269774345391693,0.9121588089330025,0.0878411910669975,0.2803388833999634,0.7880893300248138,0.02158355712890625,0.6645161290322581,0.5312499850988388,0.30280448123812675,0.4010796381588281,378818,4115,1373,49,14.91453679603398,8.826007969260374,8.890453717841835,1.1666616575992002,1.4208635009385716e-12,1.2754931469257898e-11,False,False,8.05072091687373,8.109505674140593,1.0641807080234889,6.955682707288076,0.9194336041029925,5.865024650540765,0.7752654885981782
F038,F040,red-yellow hotspot,cobblestone,C000,C013,False,0.06531081705159374,0.4287841191066998,0.5712158808933002,0.2803388833999634,0.7880893300248138,0.04468095302581787,0.17220843672456576,0.5312499850988388,0.45202021673321724,0.4900364613004787,378818,4115,77947,881,846.7176982086385,1.1781501827996028,1.329220218879045,0.03966731753210075,0.09556383564093714,0.37336568343435905,True,False,0.505172088307125,0.569948520650866,0.01700871580532757,0.928487588231151,0.031261389697754834,0.20288740120668097,0.00683104674126003
F038,F041,red-yellow hotspot,concrete_wall,C000,C011,False,0.06855850472277081,0.6689826302729529,0.3310173697270471,0.27533864974975586,0.31042183622828784,0.028927961985270183,0.4595533498759305,0.5312499850988388,0.511904776096344,0.5214876841050105,378818,4115,8967,101,97.40615546251762,0.364138069333578,0.3705434451914009,0.03604937592174725,0.36944348180963665,1.0,False,False,0.2436020434052919,0.24788712859454515,0.024116406323828932,0.11303640812315287,0.011190513468512608,0.16734086957959962,0.01656661146577566
F038,F042,red-yellow hotspot,Red-yellow glow street,C000,C025,False,0.06934206093450482,0.7270471464019851,0.2729528535980149,0.2803388833999634,0.7880893300248138,0.02645556131998698,0.5305210918114144,0.5312499850988388,0.9285714626312256,0.7023557330057508,378818,4115,66510,681,722.480584343933,-1.5432339733755693,-1.708939426633849,-0.059086116365512635,0.9589397287538575,1.0,True,False,0.0,0.0,0.0,0.0,0.0,0.0,0.0
F038,F043,red-yellow hotspot,tree_shadows,C000,C015,False,0.07139391774414049,0.8575682382133996,0.14243176178660044,0.2803388833999634,0.7880893300248138,0.008318901062011719,0.9419354838709677,0.5312499850988388,0.7320646420121193,0.623625953725729,378818,4115,16390,229,178.04024623961902,3.8191632939593516,3.9259413284043836,0.2510889845657318,9.093305609605238e-05,0.000539179532616593,True,True,3.275193137450005,3.3667625883289207,0.2153259381288261,3.0098418415917867,0.1978805496230184,3.5974054252778407,0.23650962417159255
F038,F044,red-yellow hotspot,road_and_buildings,C000,C026,False,0.0705042366748654,0.8039702233250621,0.19602977667493793,0.2803388833999634,0.7880893300248138,0.043568399217393666,0.1826302729528536,0.5312499850988388,0.8246913684739007,0.6619042810051169,378818,4115,21673,212,235.42808155895443,-1.526889453656288,-1.5811452099991823,-0.10458503106175347,0.9486094596090144,1.0,True,False,0.0,0.0,0.0,0.0,0.0,0.0,0.0
F038,F045,red-yellow hotspot,underpass glow,C000,C027,False,0.07302254438424516,0.9220843672456576,0.07791563275434243,0.27533864974975586,0.31042183622828784,0.03450822830200195,0.3230769230769231,0.5312499850988388,0.7119318172335625,0.6149908676531053,378818,4115,85507,613,928.8399838444847,-10.363266287954618,-11.841832966217526,-0.4152943752528974,1.0,1.0,True,False,0.0,0.0,0.0,0.0,0.0,0.0,0.0
F038,F046,red-yellow hotspot,window_heat_zone,C000,C021,False,0.06892145409029948,0.6992555831265509,0.3007444168734491,0.27533864974975586,0.31042183622828784,0.049133040688254616,0.1424317617866005,0.5312499850988388,0.739260733127594,0.6266835353335772,378818,4115,39968,126,434.1618402504633,-14.789484420863616,-15.723011706295656,-1.2343260418710076,1.0,1.0,False,False,0.0,0.0,0.0,0.0,0.0,0.0,0.0
F038,F047,red-yellow hotspot,underpass,C000,C008,False,0.06463476152753943,0.3771712158808933,0.6228287841191067,0.27533864974975586,0.31042183622828784,0.04511181513468424,0.16923076923076924,0.5312499850988388,0.3610449731349945,0.43795563313876495,378818,4115,10970,112,119.16421606153878,-0.6562899365186157,-0.6696501860725589,-0.06173639937162161,0.7609670778950633,1.0,False,False,0.0,0.0,0.0,0.0,0.0,0.0,0.0
F038,F048,red-yellow hotspot,shaded path,C000,C028,False,0.07662164052211116,0.9781637717121588,0.021836228287841153,0.2803388833999634,0.7880893300248138,0.015929085867745534,0.820347394540943,0.5312499850988388,0.6641156588281903,0.5939793210679827,378818,4115,155,2,1.6837241102587521,0.2437421405090069,0.24512670845892384,0.13525900511253344,0.5028935983439509,1.0,False,False,0.23841973148548515,0.2397740656935677,0.13230545859890988,0.1920905802125573,0.10659617871895935,0.19995322990639622,0.11095937243226689
F038,F049,red-yellow hotspot,red_wall_yellow_wall,C000,C029,False,0.07303919358408087,0.9230769230769231,0.07692307692307687,0.2803388833999634,0.7880893300248138,0.02722289345481179,0.5047146401985112,0.5312499850988388,1.0,0.7288689766335502,378818,4115,349,3,3.791094932130997,-0.4062994856547706,-0.4087121653565567,-0.20377896081415836,0.7313811339564658,1.0,False,False,0.0,0.0,0.0,0.0,0.0,0.0,0.0
F038,F050,red-yellow hotspot,greenery_and_water,C000,C030,False,0.07173242977059062,0.8729528535980149,0.1270471464019851,0.2803388833999634,0.7880893300248138,0.021881103515625,0.658560794044665,0.5312499850988388,0.688131312529246,0.6046236428781183,378818,4115,1487,4,16.152888722288804,-3.023809455198046,-3.0463487885697718,-1.3085063014355058,0.9999242987724397,1.0,False,False,0.0,0.0,0.0,0.0,0.0,0.0,0.0
F038,F051,red-yellow hotspot,zebra_crossing,C000,C020,False,0.07096387266554723,0.830272952853598,0.16972704714640197,0.2803388833999634,0.7880893300248138,0.0093505859375,0.9285359801488834,0.5312499850988388,0.8715151250362396,0.6804354467463574,378818,4115,19455,225,211.33453267796145,0.9400246758284222,0.9704183999339848,0.0625146952603288,0.17454921691213185,0.6374840965486555,True,False,0.7804770633553103,0.8057121504166534,0.05190426063053602,0.7408234169804141,0.049267164304417924,0.8728467337344804,0.058047143837258154
F038,F052,red-yellow hotspot,palm_tree_street,C000,C026,False,0.07183466608738376,0.8764267990074441,0.12357320099255586,0.2803388833999634,0.7880893300248138,0.005895402696397569,0.9662531017369727,0.5312499850988388,0.6043684764040841,0.5666310475820026,378818,4115,90021,653,977.8743750296976,-10.389004256361304,-11.963659223738572,-0.40354986027651507,1.0,1.0,True,False,0.0,0.0,0.0,0.0,0.0,0.0,0.0
F038,F053,red-yellow hotspot,road_marking,C000,C030,False,0.06495933377895925,0.39950372208436724,0.6004962779156328,0.2803388833999634,0.7880893300248138,0.03687286376953125,0.2794044665012407,0.5312499850988388,0.5154761910438538,0.523303658319769,378818,4115,86968,996,944.7104414256978,1.6687051396891255,1.9115523814026747,0.052841547611334264,0.0297362276149393,0.1291987820511156,True,False,0.6666539143671196,0.7636722913296046,0.02111039495142634,1.3150887155465663,0.04164385985449072,0.46624366930271843,0.014764164419444758
F038,F054,red-yellow hotspot,highlighted_lane,C000,C023,False,0.07640924025148328,0.9761786600496278,0.023821339950372167,0.2803388833999634,0.7880893300248138,0.01409149169921875,0.858560794044665,0.5312499850988388,0.8999999761581421,0.6914658154406248,378818,4115,245062,2106,2662.043857472454,-10.777088380054444,-18.236070252877926,-0.2342542007530662,1.0,1.0,True,False,0.0,0.0,0.0,0.0,0.0,0.0,0.0
F038,F055,red-yellow hotspot,small alley entrance,C000,C014,False,0.07206383579646927,0.884863523573201,0.11513647642679903,0.2803388833999634,0.7880893300248138,0.0280548095703125,0.4823821339950372,0.5312499850988388,0.8571428656578064,0.6748015520197665,378818,4115,535,5,5.811563864441499,-0.3366481204665991,-0.33873044318476225,-0.13763539266337635,0.6905187536801892,1.0,False,False,0.0,0.0,0.0,0.0,0.0,0.0,0.0
F038,F056,red-yellow hotspot,stone_wall_street,C000,C021,False,0.04928411586974553,0.03523573200992556,0.9647642679900744,0.27533864974975586,0.31042183622828784,0.18614705403645834,0.01240694789081886,0.5312499850988388,0.4911375728746255,0.5108001842904177,378818,4115,8534,6,92.70259068998833,-9.005050213721072,-9.15809436335407,-2.662973341506501,1.0,1.0,False,False,0.0,0.0,0.0,0.0,0.0,0.0,0.0
F038,F057,red-yellow hotspot,streetlight illumination,C000,C027,False,0.07181509302546077,0.8754342431761787,0.12456575682382132,0.27533864974975586,0.31042183622828784,0.009889984130859375,0.9230769230769231,0.5312499850988388,0.2642857193946838,0.37470226112242994,378818,4115,119269,959,1295.5876832674267,-9.351145499893944,-11.359038800845168,-0.30069321601799476,1.0,1.0,True,False,0.0,0.0,0.0,0.0,0.0,0.0,0.0
F038,F058,red-yellow hotspot,shaded alley,C000,C031,False,0.07565642603769884,0.967741935483871,0.032258064516129004,0.2803388833999634,0.7880893300248138,0.027129491170247395,0.5081885856079404,0.5312499850988388,0.875,0.6817944976028216,378818,4115,169922,1392,1845.8178597637916,-10.562997120690778,-14.302387747905414,-0.28209261682639225,1.0,1.0,True,False,0.0,0.0,0.0,0.0,0.0,0.0,0.0
F038,F059,red-yellow hotspot,road_edge,C000,C024,False,0.0715408505471189,0.8665012406947891,0.13349875930521093,0.2803388833999634,0.7880893300248138,0.0184323787689209,0.7612903225806451,0.5312499850988388,0.7857142686843872,0.6460732880490616,378818,4115,1891,13,20.541434145156778,-1.6639434489218605,-1.677244539962725,-0.4438038628947702,0.9705078785569056,1.0,False,False,0.0,0.0,0.0,0.0,0.0,0.0,0.0
F038,F060,red-yellow hotspot,street_corner_shop,C000,C031,False,0.07354051680421426,0.9354838709677419,0.06451612903225812,0.2803388833999634,0.7880893300248138,0.020834604899088543,0.6853598014888338,0.5312499850988388,0.3880471537510554,0.45403749255749243,378818,4115,35651,300,387.2674080957082,-4.434519846050701,-4.684683902544839,-0.2549579422269704,0.9999994682112572,1.0,True,False,0.0,0.0,0.0,0.0,0.0,0.0,0.0
F038,F061,red-yellow hotspot,sunlit street,C000,C014,False,0.06665608084669768,0.5330024813895782,0.4669975186104218,0.2803388833999634,0.7880893300248138,0.010433769226074219,0.91712158808933,0.5312499850988388,0.8258823394775391,0.6623820502858125,378818,4115,9753,54,105.94426611195878,-5.046600034388624,-5.140837832230873,-0.6694208236066584,0.9999999942281825,1.0,False,False,0.0,0.0,0.0,0.0,0.0,0.0,0.0
F038,F062,red-yellow hotspot,shaded alley,C000,C005,False,0.07680183639361829,0.9806451612903225,0.01935483870967747,0.27533864974975586,0.31042183622828784,0.0,0.9947890818858561,0.5312499850988388,0.5,0.5153881959740826,378818,4115,6655,178,72.29150937917417,12.43272207669376,12.61206141887087,0.8969892822257399,9.355225660185733e-27,1.1570634926953643e-25,False,False,12.192088746177106,12.367957004312078,0.8796281993439513,3.8593884163632493,0.2784450600656081,12.367936180016201,0.8923151445267969
F038,F063,red-yellow hotspot,blue_wall_graffiti,C000,C013,False,0.0673924051963707,0.5910669975186105,0.40893300248138953,0.2803388833999634,0.7880893300248138,0.0692596435546875,0.07146401985111663,0.5312499850988388,0.11488095670938492,0.24704353167002993,378818,4115,39,2,0.4236467116134925,2.4218745149325223,2.4352588996601034,0.9957163590664035,0.06711298892961645,0.27333290036789243,False,False,1.431490097908007,1.4394011660025725,0.5885350787335418,1.9086534638773425,0.784713438311389,0.1730768884120512,0.07115789365040304
F039,F040,red car corner,cobblestone,C017,C013,False,0.060073987465968065,0.14491315136476426,0.8550868486352358,0.2721763849258423,0.21861042183622828,0.0875692367553711,0.05260545905707196,0.30280448123812675,0.45202021673321724,0.36996452159233795,378818,1373,77947,402,282.5135843597717,7.1088420645271855,7.991198089106424,0.35220019909612654,1.266709248366311e-14,1.227733579185809e-13,True,True,1.0301647061250314,1.1580296982724942,0.051038440762317096,1.554066962493412,0.0769946340952078,0.37396390016867576,0.018527653153443877
F039,F041,red car corner,concrete_wall,C017,C011,False,0.06566126022653618,0.45161290322580644,0.5483870967741935,0.2803388833999634,0.7880893300248138,0.041063944498697914,0.20595533498759305,0.30280448123812675,0.511904776096344,0.3937093600223049,378818,1373,8967,22,32.50027981774889,-1.841862994827227,-1.8674419871091048,-0.3830007315458805,0.9799329734973722,1.0,False,False,0.0,0.0,0.0,0.0,0.0,0.0,0.0
F039,F042,red car corner,Red-yellow glow street,C017,C025,False,0.07166476602916658,0.8689826302729529,0.13101736972704714,0.27367761731147766,0.2682382133995037,0.03401947021484375,0.3349875930521092,0.30280448123812675,0.9285714626312256,0.5302599362902848,378818,1373,66510,286,241.06095803261724,2.8944121366276385,3.193537434440626,0.17061668069953898,0.0009836719136501575,0.005097898657888733,True,True,2.515193871580643,2.775128559655353,0.14826293196272594,0.776391940370838,0.04576591360699792,0.9695921549497052,0.05715447120207881
F039,F043,red car corner,tree_shadows,C017,C015,False,0.0679669299212912,0.6307692307692307,0.36923076923076925,0.2774387001991272,0.45186104218362283,0.0597991943359375,0.0977667493796526,0.30280448123812675,0.7320646420121193,0.4708210426024465,378818,1373,16390,49,59.404436959173005,-1.3499234483618021,-1.3826156398773155,-0.19077790557768032,0.9297592014889009,1.0,False,False,0.0,0.0,0.0,0.0,0.0,0.0,0.0
F039,F044,red car corner,road_and_buildings,C017,C026,False,0.07195603962975206,0.8789081885856079,0.12109181141439207,0.27367761731147766,0.2682382133995037,0.060160319010416664,0.09578163771712159,0.30280448123812675,0.8246913684739007,0.49972016370394773,378818,1373,21673,91,78.55231008030242,1.4044596954419226,1.4490727468428435,0.1462291860257503,0.0843410453394991,0.3333951909890788,False,False,1.2343911268623549,1.2736019030564147,0.12852202900824009,0.3767297594969524,0.039224255606410935,0.13452144973711716,0.014006070919587993
F039,F045,red car corner,underpass glow,C017,C027,False,0.07529100781317986,0.9632754342431762,0.03672456575682381,0.2803388833999634,0.7880893300248138,0.013936996459960938,0.8635235732009926,0.30280448123812675,0.7119318172335625,0.46430178181256826,378818,1373,85507,250,309.9142886557661,-3.403373457092671,-3.874794079525758,-0.21444889976513978,0.9999683640866376,1.0,True,False,0.0,0.0,0.0,0.0,0.0,0.0,0.0
F039,F046,red car corner,window_heat_zone,C017,C021,False,0.06686359318297506,0.5488833746898263,0.4511166253101737,0.2803388833999634,0.7880893300248138,0.03515347567471591,0.30719602977667493,0.30280448123812675,0.739260733127594,0.47312943556115633,378818,1373,39968,147,144.86128959025177,0.17769524630781364,0.1882241133614103,0.014605880031726493,0.4382318054514006,1.0,False,False,0.09753396645977265,0.1033130865398113,0.008016924722128784,0.14003972761131914,0.011510738208626138,0.054587274175948705,0.004486868357140793
F039,F047,red car corner,underpass,C017,C008,False,0.06707888800701403,0.5662531017369727,0.43374689826302726,0.2803388833999634,0.7880893300248138,0.032666524251302086,0.36575682382133995,0.30280448123812675,0.3610449731349945,0.33064487867465214,378818,1373,10970,70,39.76001668347333,4.795769134497206,4.875590969622942,0.5602538752133863,6.217399689375486e-06,4.1367253378815114e-05,False,False,2.7156191476234803,2.760818509349765,0.3172454945997389,3.7794944841595846,0.4415301011607233,1.7540852864141145,0.20491667793164553
F039,F048,red car corner,shaded path,C017,C028,False,0.07941365482271238,0.9970223325062034,0.0029776674937965764,0.2774387001991272,0.45186104218362283,0.027752467564174106,0.49280397022332506,0.30280448123812675,0.6641156588281903,0.44843862183534877,378818,1373,155,0,0.5617869267035885,-0.7495244670480001,-0.7510391457056589,-0.7531004492609131,1.0,1.0,False,False,0.0,0.0,0.0,0.0,0.0,0.0,0.0
F039,F049,red car corner,red_wall_yellow_wall,C017,C029,False,0.07528575986554188,0.9627791563275434,0.037220843672456594,0.2774387001991272,0.45186104218362283,0.018968061967329544,0.745409429280397,0.30280448123812675,1.0,0.5502767315070907,378818,1373,349,1,1.2649266930293703,-0.23555538646121968,-0.2360918953352463,-0.16264404772014018,0.7185521341505725,1.0,False,False,0.0,0.0,0.0,0.0,0.0,0.0,0.0
F039,F050,red car corner,greenery_and_water,C017,C030,False,0.0717062539843204,0.8719602977667493,0.12803970223325067,0.2774387001991272,0.45186104218362283,0.013189951578776041,0.8764267990074441,0.30280448123812675,0.688131312529246,0.4564748022773323,378818,1373,1487,8,5.389530064569265,1.1244580201707086,1.128717343726642,0.3668899543181238,0.17635665154483307,0.6429204512014167,False,False,0.9804827500942606,0.9841967111303771,0.3199134738148603,0.5080987728860695,0.1657832771248892,0.9855051432364622,0.32155218825102067
F039,F051,red car corner,zebra_crossing,C017,C020,False,0.07228508627491413,0.896774193548387,0.10322580645161294,0.2774387001991272,0.45186104218362283,0.0271514892578125,0.5066997518610422,0.30280448123812675,0.8715151250362396,0.5137107019790221,378818,1373,19455,199,70.51332038076332,15.301095415814462,15.738344179551987,1.0329467658886784,5.5453470401429565e-39,8.342850472334478e-38,True,True,13.721627501923937,14.113740909404685,0.9263200029582341,6.9139689211409765,0.4667484021546609,7.7530612503953185,0.5233938699614594
F039,F052,red car corner,palm_tree_street,C017,C026,False,0.07215483961544088,0.8898263027295286,0.11017369727047144,0.27367761731147766,0.2682382133995037,0.011991712782118056,0.8933002481389578,0.30280448123812675,0.6043684764040841,0.4277914012392205,378818,1373,90021,299,326.2749737340887,-1.5099843959113541,-1.7325242251830755,-0.08715736273691366,0.9621793181143298,1.0,True,False,0.0,0.0,0.0,0.0,0.0,0.0,0.0
F039,F053,red car corner,road_marking,C017,C030,False,0.07046304219996329,0.8014888337468983,0.19851116625310172,0.2774387001991272,0.45186104218362283,0.006475830078125,0.9627791563275434,0.30280448123812675,0.5154761910438538,0.3950803723543346,378818,1373,86968,522,315.20958349392055,11.647445885854438,13.293950209758163,0.5038022324040552,3.4074008749009324e-36,4.941956952374302e-35,True,True,9.335297819183582,10.654952649508404,0.40379186368861,5.263027036759536,0.22764860178853213,11.213918123353652,0.4850502882699092
F039,F054,red car corner,highlighted_lane,C017,C023,False,0.07038876523307236,0.794044665012407,0.205955334987593,0.26160186529159546,0.1228287841191067,0.028571234809027776,0.4674937965260546,0.30280448123812675,0.8999999761581421,0.5220383375719572,378818,1373,245062,529,888.2105021408697,-12.052886684858853,-20.3206517249745,-0.5178383730528233,1.0,1.0,True,False,0.0,0.0,0.0,0.0,0.0,0.0,0.0
F039,F055,red car corner,small alley entrance,C017,C014,False,0.06450578953971804,0.3652605459057072,0.6347394540942928,0.2774387001991272,0.45186104218362283,0.057196044921875,0.10620347394540942,0.30280448123812675,0.8571428656578064,0.5094572609969098,378818,1373,535,1,1.9390710050736766,-0.6743751757314196,-0.6760773060943592,-0.4861521230731932,0.8568649234916991,1.0,False,False,0.0,0.0,0.0,0.0,0.0,0.0,0.0
F039,F056,red car corner,stone_wall_street,C017,C021,False,0.06763936270306242,0.6104218362282878,0.38957816377171217,0.2803388833999634,0.7880893300248138,0.05276711781819662,0.12655086848635236,0.30280448123812675,0.4911375728746255,0.3856405813329993,378818,1373,8534,3,30.93090085476403,-5.022138191197124,-5.08890543675601,-2.195028544161197,0.999999999986876,1.0,False,False,0.0,0.0,0.0,0.0,0.0,0.0,0.0
F039,F057,red car corner,streetlight illumination,C017,C027,False,0.06469936508449245,0.38213399503722084,0.6178660049627791,0.2803388833999634,0.7880893300248138,0.03741302490234375,0.2694789081885856,0.30280448123812675,0.2642857193946838,0.28289026169161846,378818,1373,119269,368,432.28235458716324,-3.0917760019258482,-3.741980648451014,-0.16079424470936965,0.9999341583097958,1.0,True,False,0.0,0.0,0.0,0.0,0.0,0.0,0.0
F039,F058,red car corner,shaded alley,C017,C031,False,0.07775446745104596,0.9885856079404467,0.011414392059553302,0.2774387001991272,0.45186104218362283,0.017687479654947918,0.7846153846153846,0.30280448123812675,0.875,0.5147367493033317,378818,1373,169922,247,615.8706978021107,-14.863784034077353,-20.052453587032826,-0.9124379826727933,1.0,1.0,True,False,0.0,0.0,0.0,0.0,0.0,0.0,0.0
F039,F059,red car corner,road_edge,C017,C024,False,0.07823097087418686,0.9920595533498759,0.007940446650124056,0.26160186529159546,0.1228287841191067,0.025177001953125,0.5692307692307692,0.30280448123812675,0.7857142686843872,0.48776818421292095,378818,1373,1891,1,6.85380050578378,-2.2360020028557757,-2.245674251982129,-1.5897521470958902,0.998975415660624,1.0,False,False,0.0,0.0,0.0,0.0,0.0,0.0,0.0
F039,F060,red car corner,street_corner_shop,C017,C031,False,0.06124504947329235,0.1935483870967742,0.8064516129032258,0.2774387001991272,0.45186104218362283,0.11899566650390625,0.032754342431761785,0.30280448123812675,0.3880471537510554,0.3427862556864262,378818,1373,35651,86,129.21461757361055,-3.8016738087713873,-4.00152271960892,-0.40519237399173913,0.9999904446159787,1.0,False,False,0.0,0.0,0.0,0.0,0.0,0.0,0.0
F039,F061,red car corner,sunlit street,C017,C014,False,0.0614756018331255,0.20198511166253103,0.7980148883374689,0.2774387001991272,0.45186104218362283,0.012950897216796875,0.8803970223325062,0.30280448123812675,0.8258823394775391,0.5000808668297826,378818,1373,9753,27,35.34908320090386,-1.4042670695455375,-1.4252842182750574,-0.265131988849559,0.9395495671546124,1.0,False,False,0.0,0.0,0.0,0.0,0.0,0.0,0.0
F039,F062,red car corner,shaded alley,C017,C005,False,0.07586794832814904,0.9707196029776675,0.02928039702233254,0.2803388833999634,0.7880893300248138,0.023380279541015625,0.6218362282878412,0.30280448123812675,0.5,0.38910440837783294,378818,1373,6655,8,24.120593530402463,-3.282366205510374,-3.3175970098989302,-1.0635170646218672,0.9999619044339058,1.0,False,False,0.0,0.0,0.0,0.0,0.0,0.0,0.0
F039,F063,red car corner,blue_wall_graffiti,C017,C013,False,0.0742725597853407,0.9503722084367245,0.04962779156327546,0.2721763849258423,0.21861042183622828,0.0260772705078125,0.5421836228287841,0.30280448123812675,0.11488095670938492,0.18651130930998527,378818,1373,39,0,0.14135283962219325,-0.3759692003637974,-0.37667128828438623,-0.24897165888413725,1.0,1.0,False,False,0.0,0.0,0.0,0.0,0.0,0.0,0.0
F040,F041,cobblestone,concrete_wall,C013,C011,False,0.061003663509312855,0.18362282878411912,0.8163771712158809,0.2803388833999634,0.7880893300248138,0.027126312255859375,0.509181141439206,0.45202021673321724,0.511904776096344,0.48103150399723144,378818,77947,8967,2860,1845.0832563394558,23.62775361545931,26.831744125392806,0.43820107909464834,8.872187983541503e-143,4.1596118546092253e-141,True,True,4.338594956684836,4.926920757516297,0.08046372171961286,18.6207805167987,0.3453415948398519,12.030806555563897,0.22312372563330485
F040,F042,cobblestone,Red-yellow glow street,C013,C025,False,0.06460139394267715,0.3732009925558313,0.6267990074441687,0.27367761731147766,0.2682382133995037,0.0186229149500529,0.7543424317617866,0.45202021673321724,0.9285714626312256,0.6478680990686663,378818,77947,66510,12994,13685.34486217656,-5.909719483915705,-7.303233413907288,-0.051835885937437376,0.9999999999998992,1.0,True,False,0.0,0.0,0.0,0.0,0.0,0.0,0.0
F040,F043,cobblestone,tree_shadows,C013,C015,False,0.06314043198525533,0.28089330024813897,0.719106699751861,0.2774387001991272,0.45186104218362283,0.03248465061187744,0.36873449131513647,0.45202021673321724,0.7320646420121193,0.5752460500907792,378818,77947,16390,3874,3372.467332597712,8.636252876141825,9.907277964196984,0.13862375115880302,1.0443950632336943e-22,1.2170522817798425e-21,True,True,2.425865572156959,2.7828880038389543,0.03893848295577296,3.902386225174755,0.06263867267001992,3.18448431115304,0.05111535836773729
F040,F044,cobblestone,road_and_buildings,C013,C026,False,0.06461773671527363,0.3766749379652605,0.6233250620347395,0.27367761731147766,0.2682382133995037,0.03846920861138238,0.2501240694789082,0.45202021673321724,0.8246913684739007,0.6105548059884437,378818,77947,21673,4668,4459.517053043942,3.1219548845570833,3.607814539565399,0.04568523136472727,0.00017074092969493438,0.0009614908219692395,True,True,1.1759621624708814,1.3589733178809615,0.01720848169023722,0.8374276005474459,0.012254524840017413,0.7808760604549727,0.01142697598403104
F040,F045,cobblestone,underpass glow,C013,C027,False,0.06742043848805268,0.5940446650124069,0.40595533498759306,0.2803388833999634,0.7880893300248138,0.016131997108459473,0.8148883374689826,0.45202021673321724,0.7119318172335625,0.5672808601787902,378818,77947,85507,16462,17594.2382067378,-8.535963945733242,-10.884995796001514,-0.06651482474934306,1.0,1.0,True,False,0.0,0.0,0.0,0.0,0.0,0.0,0.0
F040,F046,cobblestone,window_heat_zone,C013,C021,False,0.05809763807328673,0.10521091811414392,0.894789081885856,0.2803388833999634,0.7880893300248138,0.04001903533935547,0.22034739454094293,0.45202021673321724,0.739260733127594,0.5780664294098837,378818,77947,39968,6619,8223.964267801424,-17.698023219978097,-20.99717580286512,-0.2170933215207014,1.0,1.0,True,False,0.0,0.0,0.0,0.0,0.0,0.0,0.0
F040,F047,cobblestone,underpass,C013,C008,False,0.061300344421262,0.19503722084367245,0.8049627791563275,0.2803388833999634,0.7880893300248138,0.015439510345458984,0.8297766749379653,0.45202021673321724,0.3610449731349945,0.4039797358864907,378818,77947,10970,2521,2257.227982830805,5.551891981005628,6.321886247416366,0.11049497225235373,2.353373877373173e-10,1.9364905048099253e-09,True,True,1.082825582399609,1.2330031241859214,0.021550632305297773,4.375386831680862,0.08707990865346785,4.606830467613603,0.09168615067292081
F040,F048,cobblestone,shaded path,C013,C028,False,0.07087988412019029,0.828287841191067,0.17171215880893298,0.2774387001991272,0.45186104218362283,0.02325303213936942,0.6263027295285359,0.45202021673321724,0.6641156588281903,0.5478993557574621,378818,77947,155,43,31.893376238721498,1.966671445562117,2.2072180827138568,0.2948069732729592,0.020134473606219325,0.08882078509877059,False,False,1.628970045976761,1.8282119007689464,0.24418503146033196,0.8886622090244702,0.13321178618611879,1.2317316944413854,0.18463841204490047
F040,F049,cobblestone,red_wall_yellow_wall,C013,C029,False,0.06655131735816726,0.5205955334987593,0.4794044665012407,0.2774387001991272,0.45186104218362283,0.019171194596724075,0.7384615384615385,0.45202021673321724,1.0,0.6723244876792881,378818,77947,349,77,71.81153746654066,0.6122680151496097,0.6873315589075427,0.06929424224191992,0.2646774377831368,0.9217850750780143,False,False,0.31874399399103753,0.35782173960000613,0.03607427300832457,0.2766600634212008,0.03131136851675836,0.45213638041817333,0.05117113273249471
F040,F050,cobblestone,greenery_and_water,C013,C030,False,0.06153108549249123,0.20694789081885856,0.7930521091811414,0.2774387001991272,0.45186104218362283,0.028177181879679363,0.4794044665012407,0.45202021673321724,0.688131312529246,0.5577179081133965,378818,77947,1487,247,305.9706481740572,-3.3712892681919815,-3.7903092354685133,-0.21371140425997032,0.9999551355570578,1.0,True,False,0.0,0.0,0.0,0.0,0.0,0.0,0.0
F040,F051,cobblestone,zebra_crossing,C013,C020,False,0.06180626459338261,0.2163771712158809,0.7836228287841192,0.2774387001991272,0.45186104218362283,0.021585416793823243,0.6640198511166253,0.45202021673321724,0.8715151250362396,0.6276483535429357,378818,77947,19455,4341,4003.133127253721,5.340053345023923,6.15203481190262,0.08101767982356811,5.773398054179296e-10,4.6371197120420165e-09,True,True,1.155465636938179,1.331159889821113,0.01753037637869762,2.412962069798651,0.036608733240376556,3.545901427117623,0.05379734769426012
F040,F052,cobblestone,palm_tree_street,C013,C026,False,0.06394374424796384,0.32555831265508683,0.6744416873449132,0.27367761731147766,0.2682382133995037,0.021536509195963543,0.6679900744416873,0.45202021673321724,0.6043684764040841,0.5226727175689376,378818,77947,90021,17587,18523.05562829644,-6.877733496298407,-8.838709770667343,-0.05185477691900129,1.0,1.0,True,False,0.0,0.0,0.0,0.0,0.0,0.0,0.0
F040,F053,cobblestone,road_marking,C013,C030,False,0.05494786973578339,0.07146401985111663,0.9285359801488834,0.2774387001991272,0.45186104218362283,0.03534126281738281,0.3032258064516129,0.45202021673321724,0.5154761910438538,0.4827065978381237,378818,77947,86968,15121,17894.858998252457,-20.73577351782753,-26.508201353507165,-0.16842383320882254,1.0,1.0,True,False,0.0,0.0,0.0,0.0,0.0,0.0,0.0
F040,F054,cobblestone,highlighted_lane,C013,C023,False,0.0674700416132096,0.5985111662531017,0.40148883374689825,0.2721763849258423,0.21861042183622828,0.01543781492445204,0.830272952853598,0.45202021673321724,0.8999999761581421,0.6378230038834393,378818,77947,245062,50746,50424.86817944237,1.4300820503065055,2.7005000409317064,0.0063482646869278,0.0034896093551393353,0.01687062940038585,True,True,0.8559200757665735,1.6162794289645845,0.0037995073014565396,0.31263084027792337,0.001387796821137318,1.18735844673091,0.005270792467111767
F040,F055,cobblestone,small alley entrance,C013,C014,False,0.05987499294590305,0.13895781637717122,0.8610421836228288,0.2774387001991272,0.45186104218362283,0.03750181198120117,0.2684863523573201,0.45202021673321724,0.8571428656578064,0.6224515273545183,378818,77947,535,24,110.08358895300645,-8.20463140551166,-9.212776420830018,-1.507098578547808,1.0,1.0,False,False,0.0,0.0,0.0,0.0,0.0,0.0,0.0
F040,F056,cobblestone,stone_wall_street,C013,C021,False,0.06021300891903481,0.15285359801488835,0.8471464019851116,0.2803388833999634,0.7880893300248138,0.03252307573954264,0.36823821339950374,0.45202021673321724,0.4911375728746255,0.471173123317337,378818,77947,8534,1388,1755.9875665887048,-8.781575244209451,-9.966549372195706,-0.23509208641914683,1.0,1.0,True,False,0.0,0.0,0.0,0.0,0.0,0.0,0.0
F040,F057,cobblestone,streetlight illumination,C013,C027,False,0.0631834967088599,0.28287841191067,0.71712158808933,0.2803388833999634,0.7880893300248138,0.011148738861083984,0.9066997518610422,0.45202021673321724,0.2642857193946838,0.3456334592603546,378818,77947,119269,20265,24541.23284268435,-27.29688918700237,-37.00354614540013,-0.1914551169185438,1.0,1.0,True,False,0.0,0.0,0.0,0.0,0.0,0.0,0.0
F040,F058,cobblestone,shaded alley,C013,C031,False,0.0712368953486912,0.8466501240694789,0.15334987593052107,0.2774387001991272,0.45186104218362283,0.020833492279052734,0.6858560794044665,0.45202021673321724,0.875,0.6289019714085535,378818,77947,169922,25890,34963.78243378086,-48.52652106174208,-73.32531951046165,-0.3004509324780305,1.0,1.0,True,False,0.0,0.0,0.0,0.0,0.0,0.0,0.0
F040,F059,cobblestone,road_edge,C013,C024,False,0.06387405688630475,0.31910669975186107,0.680893300248139,0.2721763849258423,0.21861042183622828,0.026978015899658203,0.5156327543424317,0.45202021673321724,0.7857142686843872,0.5959519561349707,378818,77947,1891,238,389.09919011240225,-7.660056502607854,-8.616744548090852,-0.49074918267088874,1.0,1.0,True,False,0.0,0.0,0.0,0.0,0.0,0.0,0.0
F040,F060,cobblestone,street_corner_shop,C013,C031,False,0.06202670122680403,0.22729528535980148,0.7727047146401985,0.2774387001991272,0.45186104218362283,0.0396422545115153,0.22729528535980148,0.45202021673321724,0.3880471537510554,0.41881399038386974,378818,77947,35651,5989,7335.682298623614,-15.723343216468235,-18.536682202735413,-0.20281064832306703,1.0,1.0,True,False,0.0,0.0,0.0,0.0,0.0,0.0,0.0
F040,F061,cobblestone,sunlit street,C013,C014,False,0.05679898551533995,0.08535980148883375,0.9146401985111663,0.2774387001991272,0.45186104218362283,0.014480495452880859,0.8521091811414392,0.45202021673321724,0.8258823394775391,0.6109955106928149,378818,77947,9753,1175,2006.8135384274242,-18.56831407727961,-21.108672008241715,-0.5351036910499489,1.0,1.0,True,False,0.0,0.0,0.0,0.0,0.0,0.0,0.0
F040,F062,cobblestone,shaded alley,C013,C005,False,0.06826645200047643,0.6521091811414392,0.34789081885856077,0.2803388833999634,0.7880893300248138,0.02315700054168701,0.6292803970223325,0.45202021673321724,0.5,0.47540520439579603,378818,77947,6655,1996,1369.3575410883327,16.93407148589619,19.17055387643995,0.37668889769493596,5.344624016141907e-75,1.496494724519734e-73,True,True,11.042863490058359,12.5012941903931,0.24564228862091605,13.345561051912233,0.29686450101218775,10.656279227849314,0.2370429390953741
F040,F063,cobblestone,blue_wall_graffiti,C013,C013,True,0.06227502622880778,0.23722084367245658,0.7627791563275435,0.134534552693367,0.015384615384615385,0.029674530029296875,0.4431761786600496,0.45202021673321724,0.11488095670938492,0.22787828977393945,378818,77947,39,5,8.024784989097666,-1.0677702257494108,-1.1981873465432513,-0.43822970939287986,0.926033875113034,1.0,False,False,0.0,0.0,0.0,0.0,0.0,0.0,0.0
F041,F042,concrete_wall,Red-yellow glow street,C011,C025,False,0.07320470748161287,0.9255583126550868,0.07444168734491319,0.2803388833999634,0.7880893300248138,0.0018983417087131077,0.9841191066997519,0.511904776096344,0.9285714626312256,0.689449176276027,378818,8967,66510,1706,1574.358055847399,3.31774140055225,3.6980060095823992,0.08027934441986702,0.00013164454785854931,0.0007604452965124224,True,True,3.0707631325210647,3.422720202417456,0.07430321456230868,2.61467659755681,0.06326729475868428,3.265052703372264,0.07900443671692124
F041,F043,concrete_wall,tree_shadows,C011,C015,False,0.06879258976953308,0.686848635235732,0.31315136476426797,0.2803388833999634,0.7880893300248138,0.017237345377604168,0.7935483870967742,0.511904776096344,0.7320646420121193,0.6121661430177793,378818,8967,16390,480,387.967652012312,4.672429356729782,4.8344659713276075,0.21261732587284068,1.6200557967558146e-06,1.1185042761163433e-05,True,True,3.20925172690522,3.320546354499955,0.14603592010323152,3.6822917213334456,0.16756144589879454,3.7077987798565366,0.16872213601522196
F041,F044,concrete_wall,road_and_buildings,C011,C026,False,0.07375841174209896,0.9399503722084367,0.06004962779156331,0.2803388833999634,0.7880893300248138,0.012658295808015045,0.8858560794044665,0.511904776096344,0.8246913684739007,0.6497410640610762,378818,8967,21673,462,513.0215327677143,-2.252608426700665,-2.347902467269596,-0.10464540487232886,0.9918544774706555,1.0,True,False,0.0,0.0,0.0,0.0,0.0,0.0,0.0
F041,F045,concrete_wall,underpass glow,C011,C027,False,0.07229900613976917,0.8987593052109181,0.10124069478908193,0.21906466782093048,0.04119106699751861,0.03327496846516927,0.3488833746898263,0.511904776096344,0.7119318172335625,0.6036897361201449,378818,8967,85507,1157,2024.035998817374,-19.272054416885776,-22.165650082736022,-0.5590780309380159,1.0,1.0,True,False,0.0,0.0,0.0,0.0,0.0,0.0,0.0
F041,F046,concrete_wall,window_heat_zone,C011,C021,False,0.0683951354059276,0.6595533498759305,0.3404466501240695,0.26061704754829407,0.10198511166253102,0.020383430249763256,0.7017369727047147,0.511904776096344,0.739260733127594,0.6151675382109333,378818,8967,39968,432,946.0824353647398,-16.713533485125883,-17.88467966311859,-0.7832757354291567,1.0,1.0,True,False,0.0,0.0,0.0,0.0,0.0,0.0,0.0
F041,F047,concrete_wall,underpass,C011,C008,False,0.06623118310567332,0.5042183622828784,0.4957816377171216,0.26061704754829407,0.10198511166253102,0.031177944607204862,0.40148883374689825,0.511904776096344,0.3610449731349945,0.4299077181598161,378818,8967,10970,304,259.67084457443946,2.750919373115309,2.8252722071565524,0.157332577409426,0.003136808222082735,0.015349042174074741,True,True,1.3870640610844436,1.42455412529581,0.07932997451512497,0.2805528194417846,0.016045580475254114,1.1044634108438138,0.06316727301450403
F041,F048,concrete_wall,shaded path,C011,C028,False,0.07584973977055086,0.969727047146402,0.03027295285359799,0.2803388833999634,0.7880893300248138,0.03271629696800595,0.36426799007444166,0.511904776096344,0.6641156588281903,0.5830642997427649,378818,8967,155,4,3.6690046407509675,0.17280160590693938,0.17491939781134855,0.07640008472136939,0.5010689427368833,1.0,False,False,0.16757039103829258,0.16962407112822583,0.07408722855858849,0.13618310182641177,0.06021009158190302,0.06294609366535657,0.027830105302970285
F041,F049,concrete_wall,red_wall_yellow_wall,C011,C029,False,0.07095537629307552,0.8297766749379653,0.17022332506203475,0.2803388833999634,0.7880893300248138,0.033687707149621215,0.3409429280397022,0.511904776096344,1.0,0.7154752099802928,378818,8967,349,26,8.261178191110243,6.171685347360605,6.248924173879858,1.1068143403856643,3.9901076990751746e-07,2.8728775433341257e-06,False,False,5.121120546296244,5.1852115229415,0.9184087231388738,4.86383937052538,0.8722685719763944,2.1041924732688515,0.37736052200742004
F041,F050,concrete_wall,greenery_and_water,C011,C030,False,0.07214174144715867,0.8883374689826302,0.11166253101736978,0.2803388833999634,0.7880893300248138,0.014785554673936632,0.8461538461538461,0.511904776096344,0.688131312529246,0.5935130204680997,378818,8967,1487,55,35.198773553527026,3.337554181124489,3.3844158195926077,0.4412666867998564,0.0010249596049814133,0.005271220825618697,False,False,2.9648744338525237,3.006503383161671,0.39199373169813545,2.6302908385239148,0.3477575675623682,2.8240843071053368,0.3733795042152631
F041,F051,concrete_wall,zebra_crossing,C011,C020,False,0.06899637895135949,0.7057071960297767,0.2942928039702233,0.2803388833999634,0.7880893300248138,0.017384847005208332,0.7910669975186104,0.511904776096344,0.8715151250362396,0.6679316993123275,378818,8967,19455,495,460.51925990845206,1.6067661725099063,1.6695623205574437,0.07212753310281322,0.05112457458100491,0.21250957186661013,True,False,1.1339064502774625,1.1782221438375609,0.05090091914253122,1.2662752763998666,0.056842939239338655,1.2710596918018813,0.05705771105006664
F041,F052,concrete_wall,palm_tree_street,C011,C026,False,0.06891717165309962,0.6982630272952853,0.30173697270471467,0.2803388833999634,0.7880893300248138,0.026780305085358797,0.5225806451612903,0.511904776096344,0.6043684764040841,0.5562185807695759,378818,8967,90021,1723,2130.886882355115,-8.836077994906669,-10.24188362798864,-0.21241577933746553,1.0,1.0,True,False,0.0,0.0,0.0,0.0,0.0,0.0,0.0
F041,F053,concrete_wall,road_marking,C011,C030,False,0.06760757323611032,0.6084367245657568,0.3915632754342432,0.2803388833999634,0.7880893300248138,0.0,0.9947890818858561,0.511904776096344,0.5154761910438538,0.5136873797936836,378818,8967,86968,1182,2058.6193264311623,-19.320707171250774,-22.277158994294783,-0.554647538567286,1.0,1.0,True,False,0.0,0.0,0.0,0.0,0.0,0.0,0.0
F041,F054,concrete_wall,highlighted_lane,C011,C023,False,0.06647087632934398,0.5171215880893301,0.48287841191066994,0.2803388833999634,0.7880893300248138,0.055820606372974535,0.11116625310173697,0.511904776096344,0.8999999761581421,0.6787593728869964,378818,8967,245062,5970,5800.862034011056,2.22072527427518,3.7822900828715516,0.028737952557805327,7.669723835433653e-05,0.0004601834301260192,True,True,1.1483849805432942,1.9559038542690605,0.014861015665128116,1.7501298935726977,0.022648073777565687,0.24686970790949894,0.0031946905076666965
F041,F055,concrete_wall,small alley entrance,C011,C014,False,0.0658070443463272,0.4660049627791563,0.5339950372208437,0.2803388833999634,0.7880893300248138,0.024704996744791666,0.5836228287841191,0.511904776096344,0.8571428656578064,0.6624013335789248,378818,8967,535,14,12.663983760011403,0.3754279178274578,0.38021985114920875,0.09666405201290816,0.38959125645371045,1.0,False,False,0.17495127287344064,0.17718433758268337,0.045045927960357696,0.2958707362332521,0.07617990798833656,0.21910830340699275,0.05641534747750868
F041,F056,concrete_wall,stone_wall_street,C011,C021,False,0.06723514066389247,0.5781637717121588,0.4218362282878412,0.26061704754829407,0.10198511166253102,0.0081939697265625,0.9459057071960297,0.511904776096344,0.4911375728746255,0.5014136708097288,378818,8967,8534,271,202.0082942204436,4.854139823650596,4.968913582852124,0.29318129455289615,1.2411557714806743e-06,8.718362492352053e-06,True,True,2.806487788860022,2.8728458183735603,0.16950680305415586,0.4950499919405446,0.02990012706234251,4.591558562718628,0.2773218597607047
F041,F057,concrete_wall,streetlight illumination,C011,C027,False,0.06901725711555759,0.7066997518610422,0.29330024813895783,0.21906466782093048,0.04119106699751861,0.02926025390625,0.4521091811414392,0.511904776096344,0.2642857193946838,0.3678166962118452,378818,8967,119269,1940,2823.2162225659818,-16.622447385676864,-20.3236600522361,-0.37510815499501704,1.0,1.0,True,False,0.0,0.0,0.0,0.0,0.0,0.0,0.0
F041,F058,concrete_wall,shaded alley,C011,C031,False,0.0692712292591286,0.7250620347394541,0.2749379652605459,0.2803388833999634,0.7880893300248138,0.019989013671875,0.7136476426799008,0.511904776096344,0.875,0.6692657761190998,378818,8967,169922,1477,4022.2232681657156,-40.13218428549877,-54.69458995778621,-1.0016076328727272,1.0,1.0,True,False,0.0,0.0,0.0,0.0,0.0,0.0,0.0
F041,F059,concrete_wall,road_edge,C011,C024,False,0.06868782074249635,0.6759305210918114,0.3240694789081886,0.2803388833999634,0.7880893300248138,0.048563639322916664,0.14540942928039702,0.511904776096344,0.7857142686843872,0.6342009829593328,378818,8967,1891,34,44.761856617161804,-1.6085447800285568,-1.6320038039765887,-0.2715053364748064,0.9608629358929621,1.0,False,False,0.0,0.0,0.0,0.0,0.0,0.0,0.0
F041,F060,concrete_wall,street_corner_shop,C011,C031,False,0.06524253360948962,0.42034739454094294,0.5796526054590571,0.2803388833999634,0.7880893300248138,0.0573524898952908,0.10471464019851116,0.511904776096344,0.3880471537510554,0.4456940557779042,378818,8967,35651,858,843.8947383704048,0.48555340775376843,0.5162985227368718,0.01656659558788908,0.30799628957702185,1.0,True,False,0.20410110985977264,0.21702473883778187,0.006963725291782656,0.3826594598079326,0.013055957217651543,0.05084455039009684,0.0017347650963000477
F041,F061,concrete_wall,sunlit street,C011,C014,False,0.06416302065487348,0.343424317617866,0.656575682382134,0.2803388833999634,0.7880893300248138,0.023982747395833334,0.6014888337468982,0.511904776096344,0.8258823394775391,0.6502100538073634,378818,8967,9753,94,230.86324039512377,-9.00760689424465,-9.235802324310798,-0.8953891102298303,1.0,1.0,False,False,0.0,0.0,0.0,0.0,0.0,0.0,0.0
F041,F062,concrete_wall,shaded alley,C011,C005,False,0.07275428745003147,0.9141439205955335,0.08585607940446649,0.26061704754829407,0.10198511166253102,0.0092926025390625,0.9292803970223326,0.511904776096344,0.5,0.505917372747934,378818,8967,6655,395,157.53048957546895,18.920192273238033,19.31859703058469,0.9173628008008037,4.149740431618266e-60,8.71445490639836e-59,True,True,17.295778743079136,17.65997802994392,0.8386016273325461,1.9295779216627373,0.09355734767472217,17.58216378741351,0.8524872677416898
F041,F063,concrete_wall,blue_wall_graffiti,C011,C013,False,0.06413756556663967,0.3399503722084367,0.6600496277915633,0.2803388833999634,0.7880893300248138,0.0,0.9947890818858561,0.511904776096344,0.11488095670938492,0.24250383589141733,378818,8967,39,0,0.923168909608308,-0.9608167929466617,-0.972443266281692,-1.046033192277882,1.0,1.0,False,False,0.0,0.0,0.0,0.0,0.0,0.0,0.0
F042,F043,Red-yellow glow street,tree_shadows,C025,C015,False,0.0637126802348715,0.31166253101736974,0.6883374689826303,0.2774387001991272,0.45186104218362283,0.1039427121480306,0.046153846153846156,0.9285714626312256,0.7320646420121193,0.8244842844917046,378818,66510,16390,952,2877.6322666821534,-35.89679767752749,-40.41879065194239,-1.105806737236902,1.0,1.0,True,False,0.0,0.0,0.0,0.0,0.0,0.0,0.0
F042,F044,Red-yellow glow street,road_and_buildings,C025,C026,False,0.07112779483021278,0.8416873449131513,0.15831265508684866,0.2461954951286316,0.06426799007444169,0.030908160739474826,0.4099255583126551,0.9285714626312256,0.8246913684739007,0.875091349656227,378818,66510,21673,2590,3805.181459170367,-19.699420406541776,-22.344448524035357,-0.3846441637135965,1.0,1.0,True,False,0.0,0.0,0.0,0.0,0.0,0.0,0.0
F042,F045,Red-yellow glow street,underpass glow,C025,C027,False,0.07047591800573126,0.8024813895781637,0.19751861042183627,0.2803388833999634,0.7880893300248138,0.0372458299001058,0.27245657568238213,0.9285714626312256,0.7119318172335625,0.8130679976621116,378818,66510,85507,12543,15012.672497083033,-20.156278950129906,-25.2281069744142,-0.17972537909207187,1.0,1.0,True,False,0.0,0.0,0.0,0.0,0.0,0.0,0.0
F042,F046,Red-yellow glow street,window_heat_zone,C025,C021,False,0.06800166517033614,0.63424317617866,0.36575682382134,0.2803388833999634,0.7880893300248138,0.021147294477982956,0.6751861042183623,0.9285714626312256,0.739260733127594,0.8285266563159703,378818,66510,39968,6527,7017.279221156334,-5.85273834346788,-6.8154391200752364,-0.0724227961346423,0.9999999999969736,1.0,True,False,0.0,0.0,0.0,0.0,0.0,0.0,0.0
F042,F047,Red-yellow glow street,underpass,C025,C008,False,0.05431058469336669,0.0674937965260546,0.9325062034739454,0.2803388833999634,0.7880893300248138,0.10871050092909071,0.0401985111662531,0.9285714626312256,0.3610449731349945,0.5790130039814421,378818,66510,10970,759,1926.0296501222224,-26.591963488422955,-29.720402402591088,-0.9308152325801159,1.0,1.0,True,False,0.0,0.0,0.0,0.0,0.0,0.0,0.0
F042,F048,Red-yellow glow street,shaded path,C025,C028,False,0.07675403602125108,0.9801488833746899,0.01985111662531014,0.2774387001991272,0.45186104218362283,0.03357514880952381,0.343424317617866,0.9285714626312256,0.6641156588281903,0.7852890223824555,378818,66510,155,21,27.213727964352273,-1.1911274039137751,-1.3121100436343929,-0.25387494967428886,0.9257680370084547,1.0,False,False,0.0,0.0,0.0,0.0,0.0,0.0,0.0
F042,F049,Red-yellow glow street,red_wall_yellow_wall,C025,C029,False,0.07314700452705186,0.9245657568238214,0.07543424317617864,0.2774387001991272,0.45186104218362283,0.027909018776633522,0.48883374689826303,0.9285714626312256,1.0,0.9636241293321922,378818,66510,349,47,61.274781029412544,-1.8235957486524244,-2.0093328931154426,-0.26276549618048783,0.9837251798090851,1.0,False,False,0.0,0.0,0.0,0.0,0.0,0.0,0.0
F042,F050,Red-yellow glow street,greenery_and_water,C025,C030,False,0.07212220253981637,0.8873449131513648,0.11265508684863523,0.2774387001991272,0.45186104218362283,0.026480780707465276,0.5295285359801489,0.9285714626312256,0.688131312529246,0.7993616824427019,378818,66510,1487,218,261.07621601930214,-2.665961611187379,-2.941921818835463,-0.17993968355675763,0.998812489693033,1.0,True,False,0.0,0.0,0.0,0.0,0.0,0.0,0.0
F042,F051,Red-yellow glow street,zebra_crossing,C025,C020,False,0.06717819834633647,0.5732009925558312,0.42679900744416877,0.2774387001991272,0.45186104218362283,0.02536163330078125,0.5642679900744417,0.9285714626312256,0.8715151250362396,0.8995910595154537,378818,66510,19455,3244,3415.7617906224095,-2.9388862091051275,-3.3231853903651323,-0.05158565450986925,0.9995993127846983,1.0,True,False,0.0,0.0,0.0,0.0,0.0,0.0,0.0
F042,F052,Red-yellow glow street,palm_tree_street,C025,C026,False,0.07210608144465402,0.886848635235732,0.11315136476426801,0.2461954951286316,0.06426799007444169,0.03017941227665654,0.4307692307692308,0.9285714626312256,0.6043684764040841,0.7491323782234658,378818,66510,90021,11670,15805.206484380362,-32.89251740623593,-41.48960054075941,-0.3033067544421601,1.0,1.0,True,False,0.0,0.0,0.0,0.0,0.0,0.0,0.0
F042,F053,Red-yellow glow street,road_marking,C025,C030,False,0.06658957008734756,0.5245657568238213,0.47543424317617866,0.2774387001991272,0.45186104218362283,0.010790252685546875,0.9126550868486353,0.9285714626312256,0.5154761910438538,0.6918500420388543,378818,66510,86968,14046,15269.183829701862,-9.89882893846966,-12.420596389904867,-0.08349615926579944,1.0,1.0,True,False,0.0,0.0,0.0,0.0,0.0,0.0,0.0
F042,F054,Red-yellow glow street,highlighted_lane,C025,C023,False,0.07005785547664628,0.7766749379652605,0.22332506203473945,0.27367761731147766,0.2682382133995037,0.02571501555266204,0.5523573200992555,0.9285714626312256,0.8999999761581421,0.914174104987247,378818,66510,245062,41513,43026.132918710304,-7.294758560409681,-13.520500391533504,-0.035800618623061095,1.0,1.0,True,False,0.0,0.0,0.0,0.0,0.0,0.0,0.0
F042,F055,Red-yellow glow street,small alley entrance,C025,C014,False,0.06317078853480146,0.2818858560794045,0.7181141439205956,0.2774387001991272,0.45186104218362283,0.03860956827799479,0.24615384615384617,0.9285714626312256,0.8571428656578064,0.8921425919928885,378818,66510,535,125,93.93125458663528,3.2056688333936534,3.533041360378873,0.2844336534946665,0.00039200718023832306,0.0021130654421402657,False,False,0.9036327034082358,0.9959143884343423,0.08017782391313676,1.4485168599528147,0.12852448710019546,0.7890877128353608,0.07001443778330252
F042,F056,Red-yellow glow street,stone_wall_street,C025,C021,False,0.06685789843062356,0.5478908188585608,0.45210918114143916,0.2803388833999634,0.7880893300248138,0.0341737535264757,0.32903225806451614,0.9285714626312256,0.4911375728746255,0.6753194313784708,378818,66510,8534,952,1498.3351899856923,-14.114148581511106,-15.722647973485547,-0.4533534384165344,1.0,1.0,True,False,0.0,0.0,0.0,0.0,0.0,0.0,0.0
F042,F057,Red-yellow glow street,streetlight illumination,C025,C027,False,0.05459617149171137,0.06898263027295286,0.9310173697270472,0.2803388833999634,0.7880893300248138,0.09795913696289063,0.04764267990074442,0.9285714626312256,0.2642857193946838,0.49538689628498167,378818,66510,119269,11817,20940.349165034397,-63.04669669750364,-83.88631867333308,-0.5721202732288205,1.0,1.0,True,False,0.0,0.0,0.0,0.0,0.0,0.0,0.0
F042,F058,Red-yellow glow street,shaded alley,C025,C031,False,0.07227446641749334,0.8962779156327544,0.10372208436724561,0.2774387001991272,0.45186104218362283,0.04436355166965061,0.17419354838709677,0.9285714626312256,0.875,0.9013878353973512,378818,66510,169922,20778,29833.61989134624,-52.428231535845896,-77.75684411345071,-0.36173390306564235,1.0,1.0,True,False,0.0,0.0,0.0,0.0,0.0,0.0,0.0
F042,F059,Red-yellow glow street,road_edge,C025,C024,False,0.07510450063934422,0.9612903225806452,0.03870967741935483,0.27367761731147766,0.2682382133995037,0.008693695068359375,0.9384615384615385,0.9285714626312256,0.7857142686843872,0.8541614880586019,378818,66510,1891,292,332.0074811650978,-2.195671043989327,-2.424248466952319,-0.12819769291553712,0.9936001110525249,1.0,True,False,0.0,0.0,0.0,0.0,0.0,0.0,0.0
F042,F060,Red-yellow glow street,street_corner_shop,C025,C031,False,0.06976624209988563,0.7523573200992556,0.2476426799007444,0.2774387001991272,0.45186104218362283,0.030971103244357638,0.40694789081885857,0.9285714626312256,0.3880471537510554,0.6002745314674791,378818,66510,35651,6834,6259.333004239503,7.263605133434875,8.405004434416133,0.08782980649344842,4.698222993141379e-17,4.832457935802561e-16,True,True,5.464826492450258,6.323566611699682,0.06607939783824705,3.282140185604195,0.03968686789691553,2.955908788792356,0.03574215450353732
F042,F061,Red-yellow glow street,sunlit street,C025,C014,False,0.05852564564544479,0.11464019851116625,0.8853598014888338,0.2774387001991272,0.45186104218362283,0.034051132202148435,0.33399503722084367,0.9285714626312256,0.8258823394775391,0.8757229995437809,378818,66510,9753,1652,1712.357992492437,-1.4586043489239386,-1.627513323551267,-0.03587402327423217,0.9500952613352439,1.0,True,False,0.0,0.0,0.0,0.0,0.0,0.0,0.0
F042,F062,Red-yellow glow street,shaded alley,C025,C005,False,0.07585584930009548,0.9702233250620348,0.02977667493796521,0.2803388833999634,0.7880893300248138,0.006593545277913411,0.9622828784119106,0.9285714626312256,0.5,0.6813851563657758,378818,66510,6655,914,1168.434578082351,-7.443444112909161,-8.270767528928399,-0.24547052807369427,1.0,1.0,True,False,0.0,0.0,0.0,0.0,0.0,0.0,0.0
F042,F063,Red-yellow glow street,blue_wall_graffiti,C025,C013,False,0.051058759772853235,0.04218362282878412,0.9578163771712159,0.27367761731147766,0.2682382133995037,0.12259674072265625,0.031265508684863524,0.9285714626312256,0.11488095670938492,0.3266116623761437,378818,66510,39,2,6.847325100707992,-1.8524294379628703,-2.040267945587904,-1.0780455832348497,0.9950047650730438,1.0,False,False,0.0,0.0,0.0,0.0,0.0,0.0,0.0
F043,F044,tree_shadows,road_and_buildings,C015,C026,False,0.07065846527163891,0.8153846153846154,0.18461538461538463,0.2774387001991272,0.45186104218362283,0.05325359768337674,0.12456575682382134,0.7320646420121193,0.8246913684739007,0.7769989648849803,378818,16390,21673,1121,937.7074743016435,5.985646528821749,6.302428712176056,0.17845124145764354,4.667295387191624e-10,3.763707000231326e-09,True,True,4.88060409273158,5.13890341146663,0.14550639688084782,2.7046804786561798,0.08063516394401213,0.7456065899425603,0.02222891394832185
F043,F045,tree_shadows,underpass glow,C015,C027,False,0.0683821141437546,0.6590570719602977,0.3409429280397023,0.2803388833999634,0.7880893300248138,0.032933950424194336,0.3578163771712159,0.7320646420121193,0.7119318172335625,0.7219280510688898,378818,16390,85507,2370,3699.5594982287007,-21.859124759775565,-25.397312099388017,-0.4452479967632029,1.0,1.0,True,False,0.0,0.0,0.0,0.0,0.0,0.0,0.0
F043,F046,tree_shadows,window_heat_zone,C015,C021,False,0.0678507597468575,0.6243176178660049,0.3756823821339951,0.2803388833999634,0.7880893300248138,0.019127932461825283,0.739454094292804,0.7320646420121193,0.739260733127594,0.735653888694044,378818,16390,39968,1330,1729.261861896742,-9.601242657568118,-10.378697722732335,-0.26242893551635516,1.0,1.0,True,False,0.0,0.0,0.0,0.0,0.0,0.0,0.0
F043,F047,tree_shadows,underpass,C015,C008,False,0.06529668837570954,0.4277915632754342,0.5722084367245658,0.2803388833999634,0.7880893300248138,0.053652445475260414,0.12258064516129032,0.7320646420121193,0.3610449731349945,0.5141091897723138,378818,16390,10970,407,474.6297694407341,-3.1042766608346017,-3.2206637308791004,-0.15354703286431912,0.9995403210357302,1.0,True,False,0.0,0.0,0.0,0.0,0.0,0.0,0.0
F043,F048,tree_shadows,shaded path,C015,C028,False,0.07541451074904336,0.9652605459057072,0.0347394540942928,0.27199676632881165,0.16997518610421836,0.015289579119001116,0.8332506203473945,0.7320646420121193,0.6641156588281903,0.6972629289118287,378818,16390,155,5,6.706254718624775,-0.6588762345630081,-0.673746573846749,-0.2702012675927452,0.804686870245434,1.0,False,False,0.0,0.0,0.0,0.0,0.0,0.0,0.0
F043,F049,tree_shadows,red_wall_yellow_wall,C015,C029,False,0.07295252311264275,0.9200992555831266,0.07990074441687345,0.2637636065483093,0.13746898263027296,0.029512232000177555,0.4461538461538462,0.7320646420121193,1.0,0.8556077617764575,378818,16390,349,29,15.099889656774494,3.5771023038128287,3.658772170200258,0.6371264223989849,0.0007068375948881161,0.0037205864002465847,False,False,3.2912891668828705,3.3664335501495177,0.5862195469616466,0.49174061446955514,0.087585121094054,1.5959379509318774,0.2842564038395471
F043,F050,tree_shadows,greenery_and_water,C015,C030,False,0.06139976934864895,0.19751861042183622,0.8024813895781637,0.2637636065483093,0.13746898263027296,0.08018048604329427,0.05955334987593052,0.7320646420121193,0.688131312529246,0.7097581299034568,378818,16390,1487,58,64.33677913932284,-0.7900215044225986,-0.8092763186412579,-0.10284626741874096,0.8075248443496013,1.0,False,False,0.0,0.0,0.0,0.0,0.0,0.0,0.0
F043,F051,tree_shadows,zebra_crossing,C015,C020,False,0.07061094496611675,0.8109181141439206,0.18908188585607943,0.2637636065483093,0.13746898263027296,0.019967174530029295,0.7141439205955334,0.7320646420121193,0.8715151250362396,0.7987524072062645,378818,16390,19455,954,841.7431325860967,3.869217362310095,4.061398557595533,0.12511891456498225,3.569501368416282e-05,0.00022278993061075,True,True,3.137618446657417,3.2934616591122086,0.10146119424276973,0.531897374372157,0.017199969893052152,2.76317805675644,0.08935291218809402
F043,F052,tree_shadows,palm_tree_street,C015,C026,False,0.07128896280764677,0.8511166253101737,0.14888337468982626,0.2774387001991272,0.45186104218362283,0.0223846435546875,0.6506203473945409,0.7320646420121193,0.6043684764040841,0.6651592232857978,378818,16390,90021,2450,3894.862942098844,-23.15157612872337,-27.10836884765639,-0.4634947711542561,1.0,1.0,True,False,0.0,0.0,0.0,0.0,0.0,0.0,0.0
F043,F053,tree_shadows,road_marking,C015,C030,False,0.06084303475025315,0.17667493796526054,0.8233250620347394,0.2637636065483093,0.13746898263027296,0.03902587890625,0.23870967741935484,0.7320646420121193,0.5154761910438538,0.6142978864217992,378818,16390,86968,3238,3762.771357221674,-8.554925027241692,-9.964500228164566,-0.15017836130825366,1.0,1.0,True,False,0.0,0.0,0.0,0.0,0.0,0.0,0.0
F043,F054,tree_shadows,highlighted_lane,C015,C023,False,0.07104398215025885,0.8347394540942928,0.16526054590570716,0.2774387001991272,0.45186104218362283,0.03727033403184679,0.2714640198511166,0.7320646420121193,0.8999999761581421,0.8117007825283441,378818,16390,245062,10497,10602.891573262094,-1.0283696256474806,-1.7693419184493957,-0.010036776107314863,0.9621425206212555,1.0,True,False,0.0,0.0,0.0,0.0,0.0,0.0,0.0
F043,F055,tree_shadows,small alley entrance,C015,C014,False,0.07018989595053385,0.7841191066997518,0.21588089330024818,0.24984999001026154,0.06873449131513648,0.031473541259765626,0.38957816377171217,0.7320646420121193,0.8571428656578064,0.7921388673086457,378818,16390,535,22,23.14739531912422,-0.2384855167608002,-0.24399041154319326,-0.04973766516439962,0.6260825125050639,1.0,False,False,0.0,0.0,0.0,0.0,0.0,0.0,0.0
F043,F056,tree_shadows,stone_wall_street,C015,C021,False,0.06853913068560875,0.6674937965260546,0.33250620347394544,0.2803388833999634,0.7880893300248138,0.007043679555257161,0.9598014888337469,0.7320646420121193,0.4911375728746255,0.5996202560497468,378818,16390,8534,362,369.2334049596376,-0.3764369855386017,-0.3892637625154297,-0.019757744502992208,0.6589799598134941,1.0,True,False,0.0,0.0,0.0,0.0,0.0,0.0,0.0
F043,F057,tree_shadows,streetlight illumination,C015,C027,False,0.06620004787164181,0.5002481389578164,0.4997518610421836,0.2803388833999634,0.7880893300248138,0.0345306396484375,0.3220843672456576,0.7320646420121193,0.2642857193946838,0.43985705696008176,378818,16390,119269,2931,5160.311574423602,-31.033646477102987,-38.33030640505357,-0.565579611568882,1.0,1.0,True,False,0.0,0.0,0.0,0.0,0.0,0.0,0.0
F043,F058,tree_shadows,shaded alley,C015,C031,False,0.0757985599979851,0.9692307692307692,0.03076923076923077,0.27199676632881165,0.16997518610421836,0.023534138997395832,0.6163771712158809,0.7320646420121193,0.875,0.8003477755080003,378818,16390,169922,6990,7351.872350310703,-4.220427286030519,-5.810460090435561,-0.0504709454501316,0.9999999971900266,1.0,True,False,0.0,0.0,0.0,0.0,0.0,0.0,0.0
F043,F059,tree_shadows,road_edge,C015,C024,False,0.07022851642226086,0.7870967741935484,0.2129032258064516,0.2774387001991272,0.45186104218362283,0.02855372428894043,0.46799007444168733,0.7320646420121193,0.7857142686843872,0.7584152126825054,378818,16390,1891,95,81.81630756722225,1.4575287326395938,1.493852311114278,0.14855701159246923,0.07770335254169428,0.31019793806743695,False,False,1.147216163755035,1.1758063351996253,0.1169287446082661,0.6586004521431018,0.06712712608185768,0.6821089800889018,0.06952320691399429
F043,F060,tree_shadows,street_corner_shop,C015,C031,False,0.06742826912532304,0.5945409429280397,0.4054590570719603,0.27199676632881165,0.16997518610421836,0.0395660400390625,0.23076923076923078,0.7320646420121193,0.3880471537510554,0.5329874301468921,378818,16390,35651,1285,1542.4818514431731,-6.555964478963164,-7.042113090447501,-0.18256906372360807,0.9999999999997664,1.0,True,False,0.0,0.0,0.0,0.0,0.0,0.0,0.0
F043,F061,tree_shadows,sunlit street,C015,C014,False,0.06681796640375412,0.5439205955334988,0.4560794044665012,0.24984999001026154,0.06873449131513648,0.019243621826171876,0.7354838709677419,0.7320646420121193,0.8258823394775391,0.7775598106858123,378818,16390,9753,79,421.9748533596608,-16.69625210065965,-17.293652398754237,-1.6703729046902767,1.0,1.0,False,False,0.0,0.0,0.0,0.0,0.0,0.0,0.0
F043,F062,tree_shadows,shaded alley,C015,C005,False,0.0693781532970804,0.7295285359801489,0.2704714640198511,0.2803388833999634,0.7880893300248138,0.042041778564453125,0.19950372208436726,0.7320646420121193,0.5,0.6050060503879773,378818,16390,6655,400,287.9362913061153,6.604147856489829,6.81191708885765,0.3282395323080303,6.176252081631378e-11,5.188051748570358e-10,True,True,4.817914317141463,4.96948790105248,0.23946010545548616,5.20465845960588,0.25868207310429386,1.3175520785652166,0.06548500843068397
F043,F063,tree_shadows,blue_wall_graffiti,C015,C013,False,0.06501578640874447,0.4054590570719603,0.5945409429280397,0.2774387001991272,0.45186104218362283,0.06521129608154297,0.0794044665012407,0.7320646420121193,0.11488095670938492,0.2900004938745202,378818,16390,39,0,1.6873802195249434,-1.2989920013321652,-1.3281058592444743,-1.4758517615217726,1.0,1.0,False,False,0.0,0.0,0.0,0.0,0.0,0.0,0.0
F044,F045,road_and_buildings,underpass glow,C026,C027,False,0.07151150242167612,0.8650124069478908,0.13498759305210917,0.2803388833999634,0.7880893300248138,0.01568836636013455,0.8248138957816377,0.8246913684739007,0.7119318172335625,0.7662401872875486,378818,21673,85507,3430,4892.041061934755,-20.90328410470195,-24.465725255729843,-0.3550057899369236,1.0,1.0,True,False,0.0,0.0,0.0,0.0,0.0,0.0,0.0
F044,F046,road_and_buildings,window_heat_zone,C026,C021,False,0.06888229356141665,0.6952853598014889,0.30471464019851113,0.2803388833999634,0.7880893300248138,0.020565456814236112,0.6962779156327543,0.8246913684739007,0.739260733127594,0.7808085204850256,378818,21673,39968,1786,2286.6560300724886,-10.469815556360519,-11.401002275243833,-0.247050739012387,1.0,1.0,True,False,0.0,0.0,0.0,0.0,0.0,0.0,0.0
F044,F047,road_and_buildings,underpass,C026,C008,False,0.07200891651866972,0.8823821339950372,0.11761786600496282,0.2803388833999634,0.7880893300248138,0.024515787760416668,0.5880893300248139,0.8246913684739007,0.3610449731349945,0.5456653488864043,378818,21673,10970,314,627.6175102555844,-12.518513928058404,-13.083571850123178,-0.6917431910646454,1.0,1.0,True,False,0.0,0.0,0.0,0.0,0.0,0.0,0.0
F044,F048,road_and_buildings,shaded path,C026,C028,False,0.07699397259977599,0.9821339950372209,0.017866004962779125,0.2774387001991272,0.45186104218362283,0.030150277273995534,0.432258064516129,0.8246913684739007,0.6641156588281903,0.7400611133575162,378818,21673,155,6,8.867886425671431,-0.9630567670300145,-0.9920491697246321,-0.365485325672962,0.8833291720489114,1.0,False,False,0.0,0.0,0.0,0.0,0.0,0.0,0.0
F044,F049,road_and_buildings,red_wall_yellow_wall,C026,C029,False,0.07450002767323242,0.9538461538461539,0.0461538461538461,0.2774387001991272,0.45186104218362283,0.01787597964508365,0.7791563275434243,0.8246913684739007,1.0,0.90812519427329,378818,21673,349,38,19.96704750038277,4.03561672443036,4.1581725130400295,0.6318420874713103,0.0001266648284062188,0.0007358971010574556,False,False,3.849357490995113,3.9662568585920286,0.6026801449726344,1.8235379789547608,0.28550482414026207,3.144376306379983,0.49230376046151725
F044,F050,road_and_buildings,greenery_and_water,C026,C030,False,0.07226949503133419,0.8957816377171216,0.1042183622828784,0.2774387001991272,0.45186104218362283,0.020655879267939815,0.6918114143920595,0.8246913684739007,0.688131312529246,0.7533232731168508,378818,21673,1487,83,85.07449751595753,-0.22491230830133413,-0.2320917621701307,-0.02454068068660565,0.6075367656832733,1.0,False,False,0.0,0.0,0.0,0.0,0.0,0.0,0.0
F044,F051,road_and_buildings,zebra_crossing,C026,C020,False,0.0706487112748511,0.8133995037220844,0.18660049627791564,0.2774387001991272,0.45186104218362283,0.022062174479166665,0.6550868486352357,0.8246913684739007,0.8715151250362396,0.847780042883671,378818,21673,19455,989,1113.062776847985,-3.7186188628478902,-3.9320835231033002,-0.11812009801621776,0.9999699493693018,1.0,True,False,0.0,0.0,0.0,0.0,0.0,0.0,0.0
F044,F052,road_and_buildings,palm_tree_street,C026,C026,True,0.0466600358755252,0.020347394540942927,0.9796526054590571,0.13998010754585266,0.016377171215880892,0.1901603039400077,0.011910669975186104,0.8246913684739007,0.6043684764040841,0.7059868737222885,378818,21673,90021,1634,5150.296799518503,-48.9969895136654,-57.79374061893765,-1.1478144738789737,1.0,1.0,True,False,0.0,0.0,0.0,0.0,0.0,0.0,0.0
F044,F053,road_and_buildings,road_marking,C026,C030,False,0.06659261188345068,0.5260545905707196,0.47394540942928043,0.2774387001991272,0.45186104218362283,0.027974446614583332,0.486848635235732,0.8246913684739007,0.5154761910438538,0.6520036544434928,378818,21673,86968,3902,4975.6280430180195,-15.220534129013336,-17.859026876352342,-0.24303471381613223,1.0,1.0,True,False,0.0,0.0,0.0,0.0,0.0,0.0,0.0
F044,F054,road_and_buildings,highlighted_lane,C026,C023,False,0.0727972505180478,0.915136476426799,0.08486352357320104,0.27367761731147766,0.2682382133995037,0.03987912778501158,0.2228287841191067,0.8246913684739007,0.8999999761581421,0.8615231929346627,378818,21673,245062,12458,14020.52892417995,-13.196108160239561,-22.871622622812552,-0.11815514777566392,1.0,1.0,True,False,0.0,0.0,0.0,0.0,0.0,0.0,0.0
F044,F055,road_and_buildings,small alley entrance,C026,C014,False,0.06737387844665861,0.5895781637717121,0.4104218362282879,0.2774387001991272,0.45186104218362283,0.0431640625,0.1880893300248139,0.8246913684739007,0.8571428656578064,0.8407605621441678,378818,21673,535,26,30.608511211188485,-0.8329895348898242,-0.8584971927889012,-0.16033672113703745,0.8289227734535278,1.0,False,False,0.0,0.0,0.0,0.0,0.0,0.0,0.0
F044,F056,road_and_buildings,stone_wall_street,C026,C021,False,0.06606068925813452,0.48982630272952854,0.5101736972704715,0.2803388833999634,0.7880893300248138,0.032107035319010414,0.37965260545905705,0.8246913684739007,0.4911375728746255,0.6364251072065943,378818,21673,8534,562,488.2486629463225,3.3377158939199014,3.4768795046055767,0.14054275844243982,0.00035561744889393837,0.0019481651548102711,True,True,1.6349010358803686,1.7030670327770245,0.06884153974326954,2.6304182826525078,0.11076024834074165,1.2671725354087962,0.05335742442107517
F044,F057,road_and_buildings,streetlight illumination,C026,C027,False,0.07112025995777188,0.8411910669975186,0.15880893300248144,0.2803388833999634,0.7880893300248138,0.018705919053819443,0.7508684863523574,0.8246913684739007,0.2642857193946838,0.4668556003687983,378818,21673,119269,5273,6823.638361957457,-18.771653232704622,-23.35611416233489,-0.2577718070343856,1.0,1.0,True,False,0.0,0.0,0.0,0.0,0.0,0.0,0.0
F044,F058,road_and_buildings,shaded alley,C026,C031,False,0.07765418955325444,0.9875930521091811,0.012406947890818865,0.2774387001991272,0.45186104218362283,0.012922498914930556,0.8818858560794045,0.8246913684739007,0.875,0.849473335317044,378818,21673,169922,8109,9721.606433696392,-16.35533223094245,-22.683081588771863,-0.18136609233387896,1.0,1.0,True,False,0.0,0.0,0.0,0.0,0.0,0.0,0.0
F044,F059,road_and_buildings,road_edge,C026,C024,False,0.0717453401857787,0.8734491315136477,0.12655086848635233,0.27367761731147766,0.2682382133995037,0.01518906487358941,0.8352357320099255,0.8246913684739007,0.7857142686843872,0.8049669406073751,378818,21673,1891,162,108.18821439319146,5.173535419642634,5.341540790501361,0.40219463676656214,3.4128562167181815e-07,2.466063846918944e-06,False,False,4.518820019141953,4.665564164408138,0.3512965561832007,1.3877398979239919,0.10788397080512498,4.321121643304492,0.33592733185018564
F044,F060,road_and_buildings,street_corner_shop,C026,C031,False,0.0682014731959058,0.6491315136476427,0.35086848635235734,0.2774387001991272,0.45186104218362283,0.054090146665219906,0.11910669975186104,0.8246913684739007,0.3880471537510554,0.5657023406875387,378818,21673,35651,1889,2039.6710900749172,-3.3361829625963813,-3.609980429710858,-0.07672142821580374,0.9998728938252984,1.0,True,False,0.0,0.0,0.0,0.0,0.0,0.0,0.0
F044,F061,road_and_buildings,sunlit street,C026,C014,False,0.059748792884222565,0.13548387096774195,0.864516129032258,0.2774387001991272,0.45186104218362283,0.061221483018663196,0.08933002481389578,0.8246913684739007,0.8258823394775391,0.8252866391394921,378818,21673,9753,296,557.9902987714416,-11.09103015208992,-11.572526975921408,-0.6331900297710005,1.0,1.0,True,False,0.0,0.0,0.0,0.0,0.0,0.0,0.0
F044,F062,road_and_buildings,shaded alley,C026,C005,False,0.0785388555668144,0.9935483870967742,0.006451612903225823,0.2803388833999634,0.7880893300248138,0.014191521538628472,0.8570719602977668,0.8246913684739007,0.5,0.6421414830369943,378818,21673,6655,155,380.7469945989895,-11.569210823968515,-12.021118677177405,-0.8968017132522175,1.0,1.0,False,False,0.0,0.0,0.0,0.0,0.0,0.0,0.0
F044,F063,road_and_buildings,blue_wall_graffiti,C026,C013,False,0.0713426175555212,0.8555831265508684,0.14441687344913157,0.27367761731147766,0.2682382133995037,0.04116482204861111,0.2044665012406948,0.8246913684739007,0.11488095670938492,0.30780080149384537,378818,21673,39,1,2.2312746490399085,-0.8242869462039762,-0.8489717166831307,-0.5993032965329791,0.8995168643137214,1.0,False,False,0.0,0.0,0.0,0.0,0.0,0.0,0.0
F045,F046,underpass glow,window_heat_zone,C027,C021,False,0.0656254419578973,0.4501240694789082,0.5498759305210918,0.26061704754829407,0.10198511166253102,0.039733539928089485,0.22531017369727047,0.7119318172335625,0.739260733127594,0.7254675989628645,378818,85507,39968,9732,9021.59817115343,7.4793237262118195,8.987200785232528,0.07579388026828485,2.527716678655819e-19,2.784632144355263e-18,True,True,3.3666236325926158,4.0453553906729045,0.0341166498279575,0.76277966537793,0.007729847342497537,1.6851677278909012,0.01707713232843738
F045,F047,underpass glow,underpass,C027,C008,False,0.06596808161493921,0.4803970223325062,0.5196029776674937,0.26061704754829407,0.10198511166253102,0.04751364390055338,0.15384615384615385,0.7119318172335625,0.3610449731349945,0.5069905362302529,378818,85507,10970,2050,2476.1542218162813,-8.564025467649316,-9.87664874962863,-0.1888248793603085,1.0,1.0,True,False,0.0,0.0,0.0,0.0,0.0,0.0,0.0
F045,F048,underpass glow,shaded path,C027,C028,False,0.07294990763033968,0.9196029776674938,0.08039702233250623,0.2803388833999634,0.7880893300248138,0.03931318010602679,0.2347394540942928,0.7119318172335625,0.6641156588281903,0.6876082226404933,378818,85507,155,38,34.986682259026765,0.5094405939749358,0.5790725398341039,0.08150076283089447,0.3098565555918087,1.0,False,False,0.46848308716404763,0.5325168319169203,0.07494834418146275,0.4014846963931504,0.06422988157591088,0.1195858069231487,0.0191314445751926
F045,F049,underpass glow,red_wall_yellow_wall,C027,C029,False,0.07297242913980369,0.9205955334987593,0.07940446650124067,0.2803388833999634,0.7880893300248138,0.017822699113325638,0.7806451612903226,0.7119318172335625,1.0,0.8437605212579944,378818,85507,349,57,78.77646521548607,-2.4535173931056478,-2.7895865669888047,-0.3211563551432844,0.998420823492316,1.0,False,False,0.0,0.0,0.0,0.0,0.0,0.0,0.0
F045,F050,underpass glow,greenery_and_water,C027,C030,False,0.07060628164824552,0.8104218362282879,0.1895781637717121,0.2803388833999634,0.7880893300248138,0.021883487701416016,0.6580645161290323,0.7119318172335625,0.688131312529246,0.6999304078437103,378818,85507,1487,252,335.6464291559535,-4.565689680677425,-5.198894509034253,-0.2861356173734739,0.9999999667739052,1.0,True,False,0.0,0.0,0.0,0.0,0.0,0.0,0.0
F045,F051,underpass glow,zebra_crossing,C027,C020,False,0.07062983321531588,0.8124069478908189,0.1875930521091811,0.2803388833999634,0.7880893300248138,0.009713554382324218,0.9240694789081886,0.7119318172335625,0.8715151250362396,0.7876924188498868,378818,85507,19455,4218,4391.392924834618,-2.6165571417629443,-3.0530182600355578,-0.0402807096951086,0.998944591334407,1.0,True,False,0.0,0.0,0.0,0.0,0.0,0.0,0.0
F045,F052,underpass glow,palm_tree_street,C027,C026,False,0.06759450223393128,0.6064516129032258,0.3935483870967742,0.2803388833999634,0.7880893300248138,0.032867431640625,0.3593052109181141,0.7119318172335625,0.6043684764040841,0.6559490435125575,378818,85507,90021,18653,20319.587894450633,-11.691514566441034,-15.217394329784227,-0.08557615217243637,1.0,1.0,True,False,0.0,0.0,0.0,0.0,0.0,0.0,0.0
F045,F053,underpass glow,road_marking,C027,C030,False,0.06160870097178805,0.20942928039702233,0.7905707196029776,0.2803388833999634,0.7880893300248138,0.08147697448730469,0.058560794044665014,0.7119318172335625,0.5154761910438538,0.6057919621705836,378818,85507,86968,17095,19630.46311421316,-18.096393202115667,-23.430309944947382,-0.13829279948628673,1.0,1.0,True,False,0.0,0.0,0.0,0.0,0.0,0.0,0.0
F045,F054,underpass glow,highlighted_lane,C027,C023,False,0.07458870703451573,0.9558312655086849,0.04416873449131509,0.2803388833999634,0.7880893300248138,0.00829315185546875,0.9424317617866005,0.7119318172335625,0.8999999761581421,0.8004615034693605,378818,85507,245062,53450,55315.524695236236,-7.931904640285438,-15.170039317282217,-0.0343066520773595,1.0,1.0,True,False,0.0,0.0,0.0,0.0,0.0,0.0,0.0
F045,F055,underpass glow,small alley entrance,C027,C014,False,0.06774021827124617,0.6183622828784119,0.3816377171215881,0.2803388833999634,0.7880893300248138,0.03129425048828125,0.39727047146401984,0.7119318172335625,0.8571428656578064,0.781170453855332,378818,85507,535,82,120.76048392631817,-3.527173055811911,-4.0112914173196454,-0.3851426981107387,0.9999887821606254,1.0,False,False,0.0,0.0,0.0,0.0,0.0,0.0,0.0
F045,F056,underpass glow,stone_wall_street,C027,C021,False,0.0655657589506506,0.4456575682382134,0.5543424317617867,0.26061704754829407,0.10198511166253102,0.01483917236328125,0.8441687344913151,0.7119318172335625,0.4911375728746255,0.5913175667679029,378818,85507,8534,1356,1926.2990090228025,-12.993937285255905,-14.93616667735402,-0.3509522283445132,1.0,1.0,True,False,0.0,0.0,0.0,0.0,0.0,0.0,0.0
F045,F057,underpass glow,streetlight illumination,C027,C027,True,0.048340653048572865,0.03076923076923077,0.9692307692307692,0.11991839855909348,0.013399503722084368,0.1429901123046875,0.025310173697270472,0.7119318172335625,0.2642857193946838,0.4337665414454377,378818,85507,119269,15136,26921.46197646363,-71.82858163419728,-98.6173819913716,-0.5758333382710741,1.0,1.0,True,False,0.0,0.0,0.0,0.0,0.0,0.0,0.0
F045,F058,underpass glow,shaded alley,C027,C031,False,0.07563435164896946,0.9672456575682382,0.032754342431761785,0.2803388833999634,0.7880893300248138,0.030877431233723957,0.4109181141439206,0.7119318172335625,0.875,0.7892656967583015,378818,85507,169922,36621,38354.88401818287,-8.853392261843466,-13.549101711359244,-0.04625940993685282,1.0,1.0,True,False,0.0,0.0,0.0,0.0,0.0,0.0,0.0
F045,F059,underpass glow,road_edge,C027,C024,False,0.07433221875429832,0.9518610421836228,0.048138957816377226,0.2803388833999634,0.7880893300248138,0.02495288848876953,0.5741935483870968,0.7119318172335625,0.7857142686843872,0.7479137564791914,378818,85507,1891,391,426.8375235601265,-1.7346293711727578,-1.976259315547374,-0.08758863885649099,0.9782894719306797,1.0,True,False,0.0,0.0,0.0,0.0,0.0,0.0,0.0
F045,F060,underpass glow,street_corner_shop,C027,C031,False,0.06874362739060604,0.68287841191067,0.31712158808933,0.2803388833999634,0.7880893300248138,0.044064839680989586,0.1761786600496278,0.7119318172335625,0.3880471537510554,0.5256073775569561,378818,85507,35651,10255,8047.162640106859,24.61193098140485,29.387239191926387,0.24243245303682973,1.2690324683377461e-180,8.527898187229654e-179,True,True,16.806956342636763,20.067911229821693,0.16555188852539837,19.396400197752307,0.1910584294900673,4.336097021537827,0.04271142472857298
F045,F061,underpass glow,sunlit street,C027,C014,False,0.0681100117198926,0.6416873449131514,0.3583126550868486,0.2803388833999634,0.7880893300248138,0.012588119506835938,0.8863523573200992,0.7119318172335625,0.8258823394775391,0.7667932672926585,378818,85507,9753,1069,2201.452335950245,-24.135999518016526,-27.789434951198782,-0.7221531427267291,1.0,1.0,True,False,0.0,0.0,0.0,0.0,0.0,0.0,0.0
F045,F062,underpass glow,shaded alley,C027,C005,False,0.0731698555133848,0.9250620347394541,0.07493796526054586,0.26061704754829407,0.10198511166253102,0.03799247741699219,0.25806451612903225,0.7119318172335625,0.5,0.5966287862790239,378818,85507,6655,2264,1502.1701318311168,19.6561489413107,22.53708256155647,0.41011037049731025,1.5163540949885098e-102,5.181304839825146e-101,True,True,18.183157134790644,20.848199451484497,0.3793775337999932,2.0046345446349125,0.04182515192913015,5.072554565499535,0.10583493432188651
F045,F063,underpass glow,blue_wall_graffiti,C027,C013,False,0.0652644292579572,0.42431761786600497,0.575682382133995,0.2803388833999634,0.7880893300248138,0.06430625915527344,0.08238213399503722,0.7119318172335625,0.11488095670938492,0.2859849791084186,378818,85507,39,5,8.80310069743254,-1.2817991812198095,-1.4567764147486346,-0.5255996606786596,0.9583936394198349,1.0,False,False,0.0,0.0,0.0,0.0,0.0,0.0,0.0
F046,F047,window_heat_zone,underpass,C021,C008,False,0.06398067893206956,0.32853598014888336,0.6714640198511166,0.24508796632289886,0.05905707196029777,0.033463911576704544,0.34540942928039703,0.739260733127594,0.3610449731349945,0.5166298205986647,378818,39968,10970,1140,1157.413216900992,-0.5118406696885169,-0.5491953861863114,-0.015152671373066176,0.7130442108711614,1.0,True,False,0.0,0.0,0.0,0.0,0.0,0.0,0.0
F046,F048,window_heat_zone,shaded path,C021,C028,False,0.07098097027774852,0.8312655086848635,0.16873449131513651,0.2803388833999634,0.7880893300248138,0.03784189595804586,0.26104218362282877,0.739260733127594,0.6641156588281903,0.7006815459442636,378818,39968,155,16,16.35360516131757,-0.08744034076964566,-0.09247230740444776,-0.021204209167760727,0.5753213711289311,1.0,False,False,0.0,0.0,0.0,0.0,0.0,0.0,0.0
F046,F049,window_heat_zone,red_wall_yellow_wall,C021,C029,False,0.06666305698533485,0.533498759305211,0.46650124069478904,0.2803388833999634,0.7880893300248138,0.027706682189436983,0.49379652605459057,0.739260733127594,1.0,0.8598027291929201,378818,39968,349,17,36.82198839548279,-3.2665822596975405,-3.455450941207961,-0.7573817732520914,0.9999529320301113,1.0,False,False,0.0,0.0,0.0,0.0,0.0,0.0,0.0
F046,F050,window_heat_zone,greenery_and_water,C021,C030,False,0.06619130583622897,0.4992555831265509,0.5007444168734492,0.2803388833999634,0.7880893300248138,0.016677394057765152,0.8054590570719603,0.739260733127594,0.688131312529246,0.7132380097754353,378818,39968,1487,127,156.88910241857567,-2.3862529814487505,-2.528025960191299,-0.21060473403610214,0.9958370940688831,1.0,False,False,0.0,0.0,0.0,0.0,0.0,0.0,0.0
F046,F051,window_heat_zone,zebra_crossing,C021,C020,False,0.06605993084510905,0.48933002481389576,0.5106699751861042,0.2803388833999634,0.7880893300248138,0.021126625754616477,0.676923076923077,0.739260733127594,0.8715151250362396,0.8026686179651459,378818,39968,19455,1513,2052.641215570538,-11.911010003789206,-12.930287994680917,-0.30494607117479555,1.0,1.0,True,False,0.0,0.0,0.0,0.0,0.0,0.0,0.0
F046,F052,window_heat_zone,palm_tree_street,C021,C026,False,0.06628137193329268,0.5062034739454094,0.49379652605459057,0.2803388833999634,0.7880893300248138,0.025510691633128156,0.5578163771712159,0.739260733127594,0.6043684764040841,0.6684204387551971,378818,39968,90021,8680,9497.857356303026,-8.391985850266503,-10.16236274131107,-0.09003974309315585,1.0,1.0,True,False,0.0,0.0,0.0,0.0,0.0,0.0,0.0
F046,F053,window_heat_zone,road_marking,C021,C030,False,0.05971058307718728,0.1334987593052109,0.8665012406947891,0.2803388833999634,0.7880893300248138,0.023279918323863637,0.6238213399503723,0.739260733127594,0.5154761910438538,0.6173097333599228,378818,39968,86968,9641,9175.744088190108,4.85703523394129,5.850832885778857,0.04945871798605642,3.0196698263081648e-09,2.3414055268604846e-08,True,True,0.6484081776328571,0.7810789311536042,0.006602677487964852,3.8277776434237065,0.038977887921517414,3.0299222278234255,0.030853403726289294
F046,F054,window_heat_zone,highlighted_lane,C021,C023,False,0.06984454565827561,0.7602977667493797,0.23970223325062034,0.2803388833999634,0.7880893300248138,0.016858804105508208,0.8024813895781637,0.739260733127594,0.8999999761581421,0.8156804779994954,378818,39968,245062,25414,25855.788309953594,-2.747484988497399,-4.888830504593551,-0.017233955593930567,0.9999994823354803,1.0,True,False,0.0,0.0,0.0,0.0,0.0,0.0,0.0
F046,F055,window_heat_zone,small alley entrance,C021,C014,False,0.06411093056927478,0.337468982630273,0.662531017369727,0.2803388833999634,0.7880893300248138,0.020274214311079546,0.7047146401985112,0.739260733127594,0.8571428656578064,0.7960226524799886,378818,39968,535,48,56.446314589063874,-1.1242152108106664,-1.1895079074362758,-0.16054517675768257,0.8983601692947273,1.0,False,False,0.0,0.0,0.0,0.0,0.0,0.0,0.0
F046,F056,window_heat_zone,stone_wall_street,C021,C021,True,0.04220758873630669,0.01240694789081886,0.9875930521091811,0.11761238425970078,0.012903225806451613,0.16088635993726325,0.019851116625310174,0.739260733127594,0.4911375728746255,0.6025601398946023,378818,39968,8534,480,900.3978480431236,-14.01016532310326,-14.983113708947757,-0.6285646465696728,1.0,1.0,True,False,0.0,0.0,0.0,0.0,0.0,0.0,0.0
F046,F057,window_heat_zone,streetlight illumination,C021,C027,False,0.06081520632263318,0.17419354838709677,0.8258064516129032,0.26061704754829407,0.10198511166253102,0.01818292791193182,0.7677419354838709,0.739260733127594,0.2642857193946838,0.442013636299682,378818,39968,119269,12363,12583.729896678617,-1.96768903765457,-2.5134663467868483,-0.017695851090840976,0.9941682314427325,1.0,True,False,0.0,0.0,0.0,0.0,0.0,0.0,0.0
F046,F058,window_heat_zone,shaded alley,C021,C031,False,0.07199892876576584,0.8818858560794045,0.1181141439205955,0.2803388833999634,0.7880893300248138,0.018638379646070076,0.7538461538461538,0.739260733127594,0.875,0.8042718082132712,378818,39968,169922,19543,17927.982556267125,12.06178289073756,17.17405042154419,0.0862520978456769,4.060667802498709e-66,9.98330035346024e-65,True,True,10.637115730442007,15.145552158354358,0.07606450514727933,9.505762397266125,0.0679743580044342,9.092728640709852,0.06502081222212566
F046,F059,window_heat_zone,road_edge,C021,C024,False,0.06797734622788593,0.6317617866004963,0.3682382133995037,0.2803388833999634,0.7880893300248138,0.019456343217329544,0.7295285359801489,0.739260733127594,0.7857142686843872,0.7621336538274841,378818,39968,1891,169,199.51398296807437,-2.1602908697551295,-2.2898650831030327,-0.16553435212397505,0.9912040898737877,1.0,False,False,0.0,0.0,0.0,0.0,0.0,0.0,0.0
F046,F060,window_heat_zone,street_corner_shop,C021,C031,False,0.06624913615900879,0.5052109181141439,0.49478908188585613,0.2803388833999634,0.7880893300248138,0.023872606682054924,0.6064516129032258,0.739260733127594,0.3880471537510554,0.5356006192771638,378818,39968,35651,3110,3761.4346942331144,-10.62170221470942,-11.799609942947832,-0.1901498864338853,1.0,1.0,True,False,0.0,0.0,0.0,0.0,0.0,0.0,0.0
F046,F061,window_heat_zone,sunlit street,C021,C014,False,0.05821931130381973,0.10719602977667494,0.892803970223325,0.2803388833999634,0.7880893300248138,0.019228709827769887,0.7364764267990075,0.739260733127594,0.8258823394775391,0.7813721160620579,378818,39968,9753,645,1029.011039602131,-11.971089911438803,-12.823558304607188,-0.46681403938944327,1.0,1.0,True,False,0.0,0.0,0.0,0.0,0.0,0.0,0.0
F046,F062,window_heat_zone,shaded alley,C021,C005,False,0.06248275619335348,0.2501240694789082,0.7498759305210918,0.24508796632289886,0.05905707196029777,0.08240890502929688,0.05707196029776675,0.739260733127594,0.5,0.6079723402950146,378818,39968,6655,154,702.1499506359254,-20.686377441319504,-22.067042741832722,-1.514664734954807,1.0,1.0,False,False,0.0,0.0,0.0,0.0,0.0,0.0,0.0
F046,F063,window_heat_zone,blue_wall_graffiti,C021,C013,False,0.06546761225893329,0.43821339950372207,0.5617866004962779,0.2803388833999634,0.7880893300248138,0.010464061390269886,0.9166253101736973,0.739260733127594,0.11488095670938492,0.29142234004856127,378818,39968,39,0,4.114778072847647,-2.0284915757398765,-2.1448975369238092,-2.22241095913479,1.0,1.0,False,False,0.0,0.0,0.0,0.0,0.0,0.0,0.0
F047,F048,underpass,shaded path,C008,C028,False,0.06865979679599798,0.6739454094292804,0.3260545905707196,0.2803388833999634,0.7880893300248138,0.0601287115187872,0.09627791563275434,0.3610449731349945,0.6641156588281903,0.48966888833185346,378818,10970,155,6,4.4885670691466615,0.7134031471450154,0.7241097901465487,0.26465346886828395,0.29379367494329645,1.0,False,False,0.4807947760907846,0.48801046899206607,0.17836199043331494,0.5622254082711089,0.20857057496914883,0.06868496801296922,0.02548028434761642
F047,F049,underpass,red_wall_yellow_wall,C008,C029,False,0.06688337613454437,0.5513647642679901,0.4486352357320099,0.2803388833999634,0.7880893300248138,0.0382578300707268,0.2531017369727047,0.3610449731349945,1.0,0.6008701799348962,378818,10970,349,25,10.106515529885064,4.684848952535005,4.756377004666894,0.8772099672495374,3.9718702884263334e-05,0.0002463781692759227,False,False,2.5830606383456036,2.6224986859478507,0.48366266680607245,3.692079472270763,0.6913198153807768,1.1857434073413662,0.22202336640062734
F047,F050,underpass,greenery_and_water,C008,C030,False,0.06397416294361302,0.32803970223325063,0.6719602977667494,0.2803388833999634,0.7880893300248138,0.03737046983506945,0.2704714640198511,0.3610449731349945,0.688131312529246,0.4984439298912869,378818,10970,1487,30,43.06128536658765,-1.9904094434879567,-2.0238439102045307,-0.3564421219726001,0.9860704794144945,1.0,False,False,0.0,0.0,0.0,0.0,0.0,0.0,0.0
F047,F051,underpass,zebra_crossing,C008,C020,False,0.061972968833715565,0.22580645161290322,0.7741935483870968,0.2803388833999634,0.7880893300248138,0.03692982991536458,0.27841191066997517,0.3610449731349945,0.8715151250362396,0.5609422028207991,378818,10970,19455,572,563.3875634209568,0.3628460577368344,0.3780520199947945,0.015157859440913477,0.3588653368514162,1.0,True,False,0.0819329807792852,0.08536658516011489,0.003422742454399817,0.2859551065439668,0.011945747291399801,0.1010206642135802,0.004220128608611643
F047,F052,underpass,palm_tree_street,C008,C026,False,0.06971766446862909,0.7498759305210918,0.2501240694789082,0.2803388833999634,0.7880893300248138,0.023848498309100116,0.6069478908188586,0.3610449731349945,0.6043684764040841,0.4671233245374824,378818,10970,90021,1876,2606.87287826872,-14.314689073183905,-16.637245094643067,-0.32893481476960384,1.0,1.0,True,False,0.0,0.0,0.0,0.0,0.0,0.0,0.0
F047,F053,underpass,road_marking,C008,C030,False,0.058501611829249796,0.11315136476426799,0.886848635235732,0.2803388833999634,0.7880893300248138,0.008393351236979167,0.941439205955335,0.3610449731349945,0.5154761910438538,0.4314047838714326,378818,10970,86968,3143,2518.462586255141,12.444879870450293,14.38820755359762,0.22148968419885326,5.949414620747215e-45,9.83116383231671e-44,True,True,1.4081551416688172,1.6280453212011203,0.025061860048306968,9.807677039342463,0.17455365682768187,11.716097823446256,0.20851907241946632
F047,F054,underpass,highlighted_lane,C008,C023,False,0.07243736956324615,0.9062034739454095,0.09379652605459055,0.2803388833999634,0.7880893300248138,0.006260483353226273,0.963771712158809,0.3610449731349945,0.8999999761581421,0.5700354964504509,378818,10970,245062,6137,7096.627245801414,-11.39138611972364,-19.45430725111415,-0.14527259578118945,1.0,1.0,True,False,0.0,0.0,0.0,0.0,0.0,0.0,0.0
F047,F055,underpass,small alley entrance,C008,C014,False,0.06941277348198703,0.7310173697270471,0.2689826302729529,0.2803388833999634,0.7880893300248138,0.011031087239583333,0.9086848635235732,0.3610449731349945,0.8571428656578064,0.5562976927008371,378818,10970,535,18,15.492796012861056,0.6369784920858325,0.6468628206684164,0.14563236043328698,0.2920648074630999,1.0,False,False,0.4656423418572859,0.47286795773924434,0.10645978507108274,0.5019959530681399,0.11477130936380134,0.5788127141484661,0.1323339215649372
F047,F056,underpass,stone_wall_street,C008,C021,False,0.0592563469241497,0.12754342431761787,0.8724565756823821,0.24508796632289886,0.05905707196029777,0.00039969550238715275,0.9875930521091811,0.3610449731349945,0.4911375728746255,0.42109708121062245,378818,10970,8534,270,247.1318152780491,1.454679645447414,1.493123472576005,0.0883290710698857,0.07353022250158935,0.2962364610365874,True,False,0.18553482326550144,0.19043808062135648,0.011265792191047458,0.08590912050036838,0.0052164563063604955,1.436631510888513,0.0872331768878772
F047,F057,underpass,streetlight illumination,C008,C027,False,0.05009951138781487,0.03821339950372209,0.961786600496278,0.26061704754829407,0.10198511166253102,0.1645050048828125,0.01836228287841191,0.3610449731349945,0.2642857193946838,0.30889970938609884,378818,10970,119269,1682,3453.851004968085,-30.14917272759211,-36.96251842305369,-0.7193538147714841,1.0,1.0,True,False,0.0,0.0,0.0,0.0,0.0,0.0,0.0
F047,F058,underpass,shaded alley,C008,C031,False,0.07001964151639162,0.7732009925558313,0.2267990074441687,0.2803388833999634,0.7880893300248138,0.054150899251302086,0.11861042183622829,0.3610449731349945,0.875,0.5620625868113979,378818,10970,169922,4411,4920.685764667994,-7.265904546418568,-9.929341786830717,-0.10933474286503235,1.0,1.0,True,False,0.0,0.0,0.0,0.0,0.0,0.0,0.0
F047,F059,underpass,road_edge,C008,C024,False,0.0688726175346529,0.6942928039702233,0.3057071960297767,0.2803388833999634,0.7880893300248138,0.0077940622965494795,0.9518610421836228,0.3610449731349945,0.7857142686843872,0.5326144825565077,378818,10970,1891,79,54.76051824358927,3.275590142853384,3.3323972365630836,0.36369832393195084,0.0010019723974738323,0.005166179931732087,False,False,2.2742186649389002,2.313659421316007,0.2525131291219847,2.5814576411172077,0.28662676843867885,3.117906647142824,0.3461902656583036
F047,F060,underpass,street_corner_shop,C008,C031,False,0.06735008463965172,0.5856079404466501,0.4143920595533499,0.2803388833999634,0.7880893300248138,0.005394829644097222,0.9692307692307692,0.3610449731349945,0.3880471537510554,0.3743026505398551,378818,10970,35651,1294,1032.3993844009524,8.141696202607205,8.680764375739832,0.22575473617012767,2.616467140422188e-17,2.7472904974432974e-16,True,True,4.767841944951117,5.083524547579653,0.13220376609466533,6.416383905578283,0.17791489877824454,7.891182473296214,0.2188084365956622
F047,F061,underpass,sunlit street,C008,C014,False,0.0596558413271884,0.1325062034739454,0.8674937965260546,0.2803388833999634,0.7880893300248138,0.032857259114583336,0.3607940446650124,0.3610449731349945,0.8258823394775391,0.5460592157168803,378818,10970,9753,196,282.43222338959606,-5.143024136598837,-5.287653231036802,-0.3645449443278341,0.9999999896978029,1.0,True,False,0.0,0.0,0.0,0.0,0.0,0.0,0.0
F047,F062,underpass,shaded alley,C008,C005,False,0.07146021355641423,0.860545905707196,0.13945409429280398,0.22664237022399902,0.044913151364764266,0.0356744130452474,0.29578163771712157,0.3610449731349945,0.5,0.4248793788447461,378818,10970,6655,228,192.71879900110343,2.5414485385673844,2.6020195620930275,0.1677129899711618,0.006078535630286485,0.028564866738129493,True,True,2.1870331344296994,2.239157280729186,0.14432472685359532,0.11414446289843587,0.007532518904411981,0.7517138109112461,0.04960642284010542
F047,F063,underpass,blue_wall_graffiti,C008,C013,False,0.0622735943241706,0.23672456575682382,0.7632754342431762,0.2803388833999634,0.7880893300248138,0.07132975260416667,0.06997518610421836,0.3610449731349945,0.11488095670938492,0.2036594999720424,378818,10970,39,0,1.1293813915917406,-1.0627235725209734,-1.0785075790114862,-1.1813476089839199,1.0,1.0,False,False,0.0,0.0,0.0,0.0,0.0,0.0,0.0
F048,F049,shaded path,red_wall_yellow_wall,C028,C029,False,0.07629429228233732,0.975682382133995,0.024317617866004948,0.27199676632881165,0.16997518610421836,0.05456533060445414,0.11612903225806452,0.6641156588281903,1.0,0.8149329167656626,378818,155,349,0,0.14279944458816635,-0.3778881376653233,-0.3781391997408776,-0.2512246713900246,1.0,1.0,False,False,0.0,0.0,0.0,0.0,0.0,0.0,0.0
F048,F050,shaded path,greenery_and_water,C028,C030,False,0.08236517933689133,0.9990074441687344,0.0009925558312655625,0.27199676632881165,0.16997518610421836,0.010277157738095238,0.919106699751861,0.6641156588281903,0.688131312529246,0.6760168488881527,378818,155,1487,0,0.6084320174859695,-0.7800205237594517,-0.7817148903464267,-0.7960936003691816,1.0,1.0,False,False,0.0,0.0,0.0,0.0,0.0,0.0,0.0
F048,F051,shaded path,zebra_crossing,C028,C020,False,0.07408415241551101,0.9464019851116625,0.053598014888337486,0.27199676632881165,0.16997518610421836,0.034122249058314735,0.33002481389578164,0.6641156588281903,0.8715151250362396,0.7607804160480046,378818,155,19455,16,7.9603529927300185,2.8495141478568033,2.9262251289585137,0.6679694832498771,0.006351617437808775,0.02970965372302202,False,False,2.696785846135446,2.769385270929968,0.6321676449416951,0.48434669758856336,0.11353823722733644,0.9404103763398384,0.22044650439760213
F048,F052,shaded path,palm_tree_street,C028,C026,False,0.07958655162013949,0.9975186104218362,0.002481389578163795,0.2774387001991272,0.45186104218362283,0.014960394965277778,0.8421836228287841,0.6641156588281903,0.6043684764040841,0.6335381353021206,378818,155,90021,43,36.83366418702385,1.0160257391818452,1.1638900872982831,0.1528654933544976,0.14281605303421172,0.5381629213401323,False,False,1.0135045835014933,1.161002022565533,0.15248617451242688,0.4591024493920943,0.06907396114107694,0.8556802379114598,0.1287408149988002
F048,F053,shaded path,road_marking,C028,C030,False,0.07147756231703507,0.8635235732009926,0.1364764267990074,0.27199676632881165,0.16997518610421836,0.020960780552455358,0.6794044665012406,0.6641156588281903,0.5154761910438538,0.585094701928957,378818,155,86968,40,35.584475922474645,0.7402049248025306,0.8434818063155235,0.11543923111135763,0.22497032651159904,0.7984862293087741,False,False,0.6391844015664533,0.7283664233196084,0.09968449733685474,0.1258164698485691,0.019621804791880887,0.5028985320370543,0.07842992922652535
F048,F054,shaded path,highlighted_lane,C028,C023,False,0.07610757980902076,0.9741935483870968,0.02580645161290318,0.2774387001991272,0.45186104218362283,0.04282924107142857,0.19156327543424317,0.6641156588281903,0.8999999761581421,0.7731132369269201,378818,155,245062,86,100.27139681852499,-1.4252070090271884,-2.398970520178878,-0.1527101397104774,0.9928360199019767,1.0,False,False,0.0,0.0,0.0,0.0,0.0,0.0,0.0
F048,F055,shaded path,small alley entrance,C028,C014,False,0.07595987766811647,0.9727047146401985,0.027295285359801524,0.27199676632881165,0.16997518610421836,0.016441127232142857,0.8094292803970223,0.6641156588281903,0.8571428656578064,0.7544812780554712,378818,155,535,0,0.21890459270678794,-0.46787241071342084,-0.4682983443447664,-0.3631205560668937,1.0,1.0,False,False,0.0,0.0,0.0,0.0,0.0,0.0,0.0
F048,F056,shaded path,stone_wall_street,C028,C021,False,0.06914034737154252,0.7161290322580646,0.28387096774193543,0.2803388833999634,0.7880893300248138,0.031001499720982144,0.4054590570719603,0.6641156588281903,0.4911375728746255,0.571114833273406,378818,155,8534,2,3.4918351292705205,-0.7983511673409052,-0.8076628169098167,-0.4679603254392466,0.8662991296941075,1.0,False,False,0.0,0.0,0.0,0.0,0.0,0.0,0.0
F048,F057,shaded path,streetlight illumination,C028,C027,False,0.07725238824500269,0.9846153846153847,0.01538461538461533,0.2803388833999634,0.7880893300248138,0.013979666573660714,0.8615384615384616,0.6641156588281903,0.2642857193946838,0.4189466370012805,378818,155,119269,18,48.80099414494559,-4.409104575132252,-5.327755885832445,-0.9801735139729282,0.9999999983253534,1.0,False,False,0.0,0.0,0.0,0.0,0.0,0.0,0.0
F048,F058,shaded path,shaded alley,C028,C031,False,0.07987863939221602,0.9985111662531018,0.0014888337468982327,0.2571783661842346,0.07841191066997519,0.0303192138671875,0.4248138957816377,0.6641156588281903,0.875,0.7622999419353688,378818,155,169922,25,69.52655364845387,-5.340030417778396,-7.1925396849192245,-1.0101960557896272,0.999999999999993,1.0,False,False,0.0,0.0,0.0,0.0,0.0,0.0,0.0
F048,F059,shaded path,road_edge,C028,C024,False,0.07324163394827414,0.9260545905707196,0.0739454094292804,0.2774387001991272,0.45186104218362283,0.03596714564732143,0.29330024813895783,0.6641156588281903,0.7857142686843872,0.7223608164885755,378818,155,1891,2,0.7737356725393196,1.3940802820580946,1.3978570417814398,0.6743366746343804,0.18157923290809577,0.6572059848163754,False,False,1.290994444824022,1.2944919305033085,0.6244725731353618,0.6299305691384095,0.3047064725829297,0.4088840926532675,0.19778311399946344
F048,F060,shaded path,street_corner_shop,C028,C031,False,0.07814977956531353,0.9910669975186104,0.008933002481389618,0.2571783661842346,0.07841191066997519,0.024836948939732144,0.5786600496277916,0.6641156588281903,0.3880471537510554,0.5076496736626414,378818,155,35651,10,14.587229223532145,-1.2010581611427535,-1.262161351371035,-0.36247338202585866,0.9258241887059053,1.0,False,False,0.0,0.0,0.0,0.0,0.0,0.0,0.0
F048,F061,shaded path,sunlit street,C028,C014,False,0.06514485880200775,0.4148883374689826,0.5851116625310173,0.27199676632881165,0.16997518610421836,0.04768851143973214,0.1523573200992556,0.6641156588281903,0.8258823394775391,0.7405952970392757,378818,155,9753,4,3.9906102666715944,0.004700386828017281,0.004763056881186992,0.002088787404608049,0.5672650976005333,1.0,False,False,0.0019501356765371943,0.001976136750705869,0.0008666135336239845,0.0007989491258540538,0.00035504202783040033,0.0007161383405465535,0.00031824205122316183
F048,F062,shaded path,shaded alley,C028,C005,False,0.08556600921250804,1.0,0.0,0.2803388833999634,0.7880893300248138,0.0005138942173549107,0.9870967741935484,0.6641156588281903,0.5,0.5762445916571324,378818,155,6655,4,2.723009466287241,0.7738612531635184,0.7809084159857816,0.333761856842961,0.2904222373876956,1.0,False,False,0.7738612531635184,0.7809084159857816,0.333761856842961,0.6098717965378001,0.263034158147207,0.7638759466710858,0.32945525223853567
F048,F063,shaded path,blue_wall_graffiti,C028,C013,False,0.07877742749241802,0.994044665012407,0.005955334987593042,0.2774387001991272,0.45186104218362283,0.0,0.9947890818858561,0.6641156588281903,0.11488095670938492,0.2762141239181407,378818,155,39,0,0.015957531057130336,-0.12632312162518125,-0.12635531086837737,-0.03141635951935028,1.0,1.0,False,False,0.0,0.0,0.0,0.0,0.0,0.0,0.0
F049,F050,red_wall_yellow_wall,greenery_and_water,C029,C030,False,0.0669800567157267,0.5583126550868487,0.4416873449131513,0.17389769852161407,0.022084367245657568,0.05820742520419034,0.1022332506203474,1.0,0.688131312529246,0.8295368060123951,378818,349,1487,7,1.3699533813071185,4.810155283245228,4.821839281648459,1.3889895197688111,0.0005227963782209131,0.00279564323207788,False,False,2.685570567568676,2.6920938917392143,0.7754904266699318,0.10622923578382762,0.030674954654943968,0.4917578105947975,0.14200091368356085
F049,F051,red_wall_yellow_wall,zebra_crossing,C029,C020,False,0.06994264780118563,0.7687344913151365,0.2312655086848635,0.2509765028953552,0.07320099255583126,0.0482667402787642,0.1498759305210918,1.0,0.8715151250362396,0.9335497442751723,378818,349,19455,35,17.923633512663073,4.033503510810433,4.143149805277596,0.655898426004998,0.00014615902675813752,0.0008347212406357088,False,False,3.1006932696006753,3.1849821580024793,0.5042117428693509,0.29525646046875376,0.048012415799373306,0.6045250919428042,0.09830338692481856
F049,F052,red_wall_yellow_wall,palm_tree_street,C029,C026,False,0.07146913559221717,0.8615384615384616,0.1384615384615384,0.2774387001991272,0.45186104218362283,0.0308834808041351,0.4104218362282878,1.0,0.6043684764040841,0.7774113945679495,378818,349,90021,42,82.93515355658919,-4.4949731026059085,-5.1504554600432,-0.6745656501005424,0.9999999896114584,1.0,False,False,0.0,0.0,0.0,0.0,0.0,0.0,0.0
F049,F053,red_wall_yellow_wall,road_marking,C029,C030,False,0.03858042622813734,0.004466501240694789,0.9955334987593052,0.17389769852161407,0.022084367245657568,0.22943226207386364,0.002977667493796526,1.0,0.5154761910438538,0.717966706083126,378818,349,86968,39,80.12246514157194,-4.594116348212963,-5.236450688849289,-0.7134766626100758,0.999999994922287,1.0,False,False,0.0,0.0,0.0,0.0,0.0,0.0,0.0
F049,F054,red_wall_yellow_wall,highlighted_lane,C029,C023,False,0.0743280767202546,0.9513647642679901,0.048635235732009896,0.2774387001991272,0.45186104218362283,0.027106236929845328,0.5101736972704715,1.0,0.8999999761581421,0.9486832854847512,378818,349,245062,151,225.77237090106595,-4.9762908391828935,-8.378456047294337,-0.4011538296534009,0.9999999999999999,1.0,False,False,0.0,0.0,0.0,0.0,0.0,0.0,0.0
F049,F055,red_wall_yellow_wall,small alley entrance,C029,C014,False,0.04738660747478244,0.02481389578163772,0.9751861042183623,0.2637636065483093,0.13746898263027296,0.16900579279119318,0.017369727047146403,1.0,0.8571428656578064,0.9258201043711496,378818,349,535,2,0.49288840551399354,2.146698782073717,2.1492036768742793,0.9234277342804397,0.08787641782143393,0.3460133951718961,False,False,0.053267959852945836,0.053330116051470956,0.02291383956030868,0.2951044975853199,0.12694267116411007,0.03728757189706208,0.016039687692216073
F049,F056,red_wall_yellow_wall,stone_wall_street,C029,C021,False,0.069951193687751,0.7697270471464019,0.23027295285359806,0.2803388833999634,0.7880893300248138,0.014825994318181818,0.8446650124069479,1.0,0.4911375728746255,0.70081208099934,378818,349,8534,14,7.862261033002656,2.1889441707674893,2.2150426303241515,0.5504198004040828,0.02864238376219279,0.12498494732593216,False,False,1.684889532933189,1.7049782231428083,0.42367300765594657,1.7250835450018722,0.4337799717328454,1.8489245551594375,0.4649203475373444
F049,F057,red_wall_yellow_wall,streetlight illumination,C029,C027,False,0.07197979574323307,0.8808933002481389,0.11910669975186106,0.2803388833999634,0.7880893300248138,0.008109907670454546,0.9468982630272953,1.0,0.2642857193946838,0.5140872682674449,378818,349,119269,72,109.88094810700653,-3.613762785475729,-4.367821065541342,-0.42035098559568607,0.99999783067198,1.0,False,False,0.0,0.0,0.0,0.0,0.0,0.0,0.0
F049,F058,red_wall_yellow_wall,shaded alley,C029,C031,False,0.07407438156258199,0.9459057071960297,0.05409429280397027,0.27199676632881165,0.16997518610421836,0.04742131088719224,0.15483870967741936,1.0,0.875,0.9354143466934853,378818,349,169922,48,156.54688531168003,-8.675512712969937,-11.688128181756417,-1.1749805953815151,1.0,1.0,False,False,0.0,0.0,0.0,0.0,0.0,0.0,0.0
F049,F059,red_wall_yellow_wall,road_edge,C029,C024,False,0.07226309391553713,0.894789081885856,0.10521091811414396,0.2774387001991272,0.45186104218362283,0.024852752685546875,0.5781637717121588,1.0,0.7857142686843872,0.88640525082176,378818,349,1891,4,1.7421532239756294,1.7106111230097616,1.7156849631431974,0.6966407319211276,0.0990195404994091,0.3846308162751613,False,False,1.5306361562216377,1.5351761729762703,0.6233465209199965,0.7729585248140883,0.31478480715344254,0.9890133788120954,0.40277243309583804
F049,F060,red_wall_yellow_wall,street_corner_shop,C029,C031,False,0.07192162515396863,0.8779156327543425,0.12208436724565752,0.27199676632881165,0.16997518610421836,0.027142842610677082,0.5071960297766749,1.0,0.3880471537510554,0.6229343093385172,378818,349,35651,48,32.84479354201754,2.644408770918938,2.779653789555221,0.37466215345075915,0.005238697364746082,0.02496740871708771,False,False,2.3215677993824326,2.4403015154953778,0.3289217615158278,0.4494838729725738,0.063683269259,1.3412336297167018,0.19002715673780438
F049,F061,red_wall_yellow_wall,sunlit street,C029,C014,False,0.05841753546633683,0.11066997518610422,0.8893300248138958,0.2637636065483093,0.13746898263027296,0.07665030739524148,0.06401985111662531,1.0,0.8258823394775391,0.908780688327794,378818,349,9753,7,8.985309568183139,-0.6623106117539923,-0.6713131589374352,-0.23484121996980065,0.795560936663672,1.0,False,False,0.0,0.0,0.0,0.0,0.0,0.0,0.0
F049,F062,red_wall_yellow_wall,shaded alley,C029,C005,False,0.07577402262324984,0.9687344913151364,0.03126550868486355,0.2803388833999634,0.7880893300248138,0.022240378639914772,0.6521091811414392,1.0,0.5,0.7071067811865476,378818,349,6655,18,6.131163249898368,4.793323235477931,4.838213141538268,1.0259904908031345,6.0442492081641116e-05,0.00036482653903170204,False,False,4.643457546229738,4.686943946542282,0.9939123762023417,3.777566897240176,0.8085721585088722,3.1257700900337477,0.6690578188165354
F049,F063,red_wall_yellow_wall,blue_wall_graffiti,C029,C013,False,0.07363851714122371,0.9379652605459057,0.06203473945409432,0.2774387001991272,0.45186104218362283,0.041204279119318184,0.20347394540942929,1.0,0.11488095670938492,0.33894093395366826,378818,349,39,0,0.03593018283186121,-0.18955258592765545,-0.18964947477324282,-0.06939579825386576,1.0,1.0,False,False,0.0,0.0,0.0,0.0,0.0,0.0,0.0
F050,F051,greenery_and_water,zebra_crossing,C030,C020,False,0.05322414721357373,0.055583126550868486,0.9444168734491315,0.2509765028953552,0.07320099255583126,0.1280541737874349,0.028784119106699754,0.688131312529246,0.8715151250362396,0.7744138731197147,378818,1487,19455,75,76.36803161412604,-0.15654540888902121,-0.1610432200211264,-0.017957420093230692,0.5805027743719524,1.0,False,False,0.0,0.0,0.0,0.0,0.0,0.0,0.0
F050,F052,greenery_and_water,palm_tree_street,C030,C026,False,0.07030305359365759,0.7900744416873449,0.20992555831265514,0.2774387001991272,0.45186104218362283,0.03676746509693287,0.28089330024813897,0.688131312529246,0.6043684764040841,0.6448913652075386,378818,1487,90021,228,353.3655396522868,-6.669082304309346,-7.653120100214094,-0.43738079915454764,0.9999999999999999,1.0,True,False,0.0,0.0,0.0,0.0,0.0,0.0,0.0
F050,F053,greenery_and_water,road_marking,C030,C030,True,0.0388663815776184,0.005955334987593052,0.994044665012407,0.09077230840921402,0.0009925558312655087,0.2330805460611979,0.0024813895781637717,0.688131312529246,0.5154761910438538,0.5955798081874364,378818,1487,86968,124,341.3813915917406,-11.765284742803678,-13.43047534526686,-1.0101581527946826,1.0,1.0,False,False,0.0,0.0,0.0,0.0,0.0,0.0,0.0
F050,F054,greenery_and_water,highlighted_lane,C030,C023,False,0.07350910539620516,0.9339950372208436,0.06600496277915635,0.2774387001991272,0.45186104218362283,0.04236320213035301,0.1955334987593052,0.688131312529246,0.8999999761581421,0.7869677025583657,378818,1487,245062,850,961.9584972203011,-3.6097646933084495,-6.086828240117562,-0.12366653362522305,0.9999999991952192,1.0,True,False,0.0,0.0,0.0,0.0,0.0,0.0,0.0
F050,F055,greenery_and_water,small alley entrance,C030,C014,False,0.07354172078772056,0.9359801488833747,0.06401985111662534,0.2637636065483093,0.13746898263027296,0.022782389322916666,0.6406947890818858,0.688131312529246,0.8571428656578064,0.7680018523221057,378818,1487,535,0,2.100071802290282,-1.4491624485509835,-1.4530395984125988,-1.6486862414715526,1.0,1.0,False,False,0.0,0.0,0.0,0.0,0.0,0.0,0.0
F050,F056,greenery_and_water,stone_wall_street,C030,C021,False,0.07010958755983578,0.7806451612903226,0.21935483870967742,0.2803388833999634,0.7880893300248138,0.014787462022569444,0.8456575682382134,0.688131312529246,0.4911375728746255,0.5813494152870924,378818,1487,8534,16,33.49908927242106,-3.0234232372918166,-3.064081154336044,-0.7229733572456094,0.9997542983278889,1.0,False,False,0.0,0.0,0.0,0.0,0.0,0.0,0.0
F050,F057,greenery_and_water,streetlight illumination,C030,C027,False,0.06924963982693001,0.7225806451612903,0.2774193548387097,0.2803388833999634,0.7880893300248138,0.021826171875,0.6590570719602977,0.688131312529246,0.2642857193946838,0.42645431053021354,378818,1487,119269,349,468.17469866796193,-5.507824488889543,-6.667134293661182,-0.29340535986463107,0.999999999996879,1.0,True,False,0.0,0.0,0.0,0.0,0.0,0.0,0.0
F050,F058,greenery_and_water,shaded alley,C030,C031,False,0.07714349379268962,0.9836228287841191,0.016377171215880892,0.27199676632881165,0.16997518610421836,0.030173407660590276,0.4317617866004963,0.688131312529246,0.875,0.775960629454285,378818,1487,169922,663,667.006356614522,-0.15512600844388538,-0.20930921364494887,-0.006020059474809306,0.5927323600144705,1.0,True,False,0.0,0.0,0.0,0.0,0.0,0.0,0.0
F050,F059,greenery_and_water,road_edge,C030,C024,False,0.07303516712933825,0.9225806451612903,0.07741935483870965,0.2774387001991272,0.45186104218362283,0.010492960611979166,0.915136476426799,0.688131312529246,0.7857142686843872,0.7353057805992986,378818,1487,1891,6,7.422870613328828,-0.5222512218072689,-0.5245895452117308,-0.19795141443306472,0.7512331607271143,1.0,False,False,0.0,0.0,0.0,0.0,0.0,0.0,0.0
F050,F060,greenery_and_water,street_corner_shop,C030,C031,False,0.07167559595160272,0.8709677419354839,0.12903225806451613,0.27199676632881165,0.16997518610421836,0.016187879774305556,0.8129032258064516,0.688131312529246,0.3880471537510554,0.5167469373242108,378818,1487,35651,145,139.94328938962775,0.42745663366438597,0.4499954189217488,0.035372313557497266,0.3389099214377522,1.0,False,False,0.3723009389980136,0.3919314938995877,0.030808144066207296,0.07265702085858669,0.006012415579872364,0.347480876398146,0.028754267795126808
F050,F061,greenery_and_water,sunlit street,C030,C014,False,0.061441127187129144,0.2,0.8,0.2637636065483093,0.13746898263027296,0.043168131510416666,0.18610421836228289,0.688131312529246,0.8258823394775391,0.7538670295611841,378818,1487,9753,33,38.2841126873591,-0.8540096492972649,-0.8669222260829115,-0.14646525712313538,0.828221759981719,1.0,False,False,0.0,0.0,0.0,0.0,0.0,0.0,0.0
F050,F062,greenery_and_water,shaded alley,C030,C005,False,0.07069578849373999,0.818362282878412,0.18163771712158805,0.2803388833999634,0.7880893300248138,0.016787211100260418,0.8039702233250621,0.688131312529246,0.5,0.5865711007751941,378818,1487,6655,39,26.12332307334921,2.519356281332131,2.5467820610214145,0.3945130330216027,0.010219716018617908,0.046931543265452624,False,False,2.0617461577750293,2.084190381451272,0.32285458632884506,1.9854778038488456,0.3109115118800521,2.025487432137991,0.3171767312630255
F050,F063,greenery_and_water,blue_wall_graffiti,C030,C013,False,0.06247618476231592,0.2491315136476427,0.7508684863523574,0.2774387001991272,0.45186104218362283,0.014984130859375,0.8409429280397023,0.688131312529246,0.11488095670938492,0.28116397977878416,378818,1487,39,0,0.15308934633517943,-0.3912663368284824,-0.3920562017326251,-0.2671058458976657,1.0,1.0,False,False,0.0,0.0,0.0,0.0,0.0,0.0,0.0
F051,F052,zebra_crossing,palm_tree_street,C020,C026,False,0.06633660987031147,0.5106699751861042,0.48933002481389576,0.2774387001991272,0.45186104218362283,0.03660956488715278,0.2838709677419355,0.8715151250362396,0.6043684764040841,0.7257522085955144,378818,19455,90021,5126,4623.218946829348,7.394463553667918,8.69508210994301,0.10322381700023349,4.317934541896257e-18,4.605796844689341e-17,True,True,3.7761305194661476,4.440317365325736,0.0527133040661242,3.3412700077492006,0.04664282152789707,2.0990735249121832,0.029302244825872733
F051,F053,zebra_crossing,road_marking,C020,C030,False,0.053437714022483554,0.05806451612903226,0.9419354838709677,0.2509765028953552,0.07320099255583126,0.12835113525390626,0.028287841191066997,0.8715151250362396,0.5154761910438538,0.6702576348619901,378818,19455,86968,3863,4466.4256714306075,-9.029084695099401,-10.56153959590915,-0.14512689435730397,1.0,1.0,True,False,0.0,0.0,0.0,0.0,0.0,0.0,0.0
F051,F054,zebra_crossing,highlighted_lane,C020,C023,False,0.07126115097897971,0.8496277915632754,0.1503722084367246,0.2774387001991272,0.45186104218362283,0.01902618408203125,0.7429280397022332,0.8715151250362396,0.8999999761581421,0.8856430385624199,378818,19455,245062,10341,12585.677581318734,-20.00855236233138,-34.57183132385793,-0.19643426818056595,1.0,1.0,True,False,0.0,0.0,0.0,0.0,0.0,0.0,0.0
F051,F055,zebra_crossing,small alley entrance,C020,C014,False,0.06603838805945765,0.4878411910669975,0.5121588089330025,0.2637636065483093,0.13746898263027296,0.03467041015625,0.3161290322580645,0.8715151250362396,0.8571428656578064,0.8642991216805,378818,19455,535,48,27.476057103939095,3.915467220476616,4.022893484513575,0.5502147570084703,0.00015852108783998543,0.0008976924524871084,False,False,1.9101261924210986,1.9625331490207663,0.2684174224016508,0.5382552953211031,0.07563746287411727,1.2377928632474462,0.17393885866719383
F051,F056,zebra_crossing,stone_wall_street,C020,C021,False,0.06308899873737013,0.27741935483870966,0.7225806451612904,0.2803388833999634,0.7880893300248138,0.0046761830647786455,0.9741935483870968,0.8715151250362396,0.4911375728746255,0.6542429390018852,378818,19455,8534,481,438.28162864489013,2.0405068328102844,2.1190145251600825,0.09290437097680368,0.019164790281932336,0.08510180001844843,True,False,0.566076089102208,0.5878556424637648,0.02577347065808102,1.6081016627805118,0.07321694347948597,1.9878485919635676,0.09050683882256359
F051,F057,zebra_crossing,streetlight illumination,C020,C027,False,0.06406930334203542,0.33548387096774196,0.6645161290322581,0.2803388833999634,0.7880893300248138,0.0205731201171875,0.6952853598014889,0.8715151250362396,0.2642857193946838,0.47992603782619503,378818,19455,119269,4115,6125.311877999461,-25.686168997038205,-31.860530965040873,-0.3977509657261699,1.0,1.0,True,False,0.0,0.0,0.0,0.0,0.0,0.0,0.0
F051,F058,zebra_crossing,shaded alley,C020,C031,False,0.0643011661748391,0.35186104218362285,0.6481389578163772,0.27199676632881165,0.16997518610421836,0.08561172485351562,0.054094292803970226,0.8715151250362396,0.875,0.8732558241470306,378818,19455,169922,2586,8726.703878907549,-65.73445027285236,-90.88481486393954,-1.216139419301739,1.0,1.0,True,False,0.0,0.0,0.0,0.0,0.0,0.0,0.0
F051,F059,zebra_crossing,road_edge,C020,C024,False,0.06925704075197062,0.7235732009925558,0.27642679900744416,0.2774387001991272,0.45186104218362283,0.041015243530273436,0.20694789081885856,0.8715151250362396,0.7857142686843872,0.827503395228824,378818,19455,1891,52,97.11630651130622,-4.578123034749703,-4.712183449203653,-0.6202313847769346,0.999999897256944,1.0,False,False,0.0,0.0,0.0,0.0,0.0,0.0,0.0
F051,F060,zebra_crossing,street_corner_shop,C020,C031,False,0.06781521723880911,0.6213399503722085,0.37866004962779154,0.27199676632881165,0.16997518610421836,0.043046061197916666,0.1890818858560794,0.8715151250362396,0.3880471537510554,0.5815401651832038,378818,19455,35651,3513,1830.9325454439863,39.31037943047347,42.405074471103575,0.6515142193160464,0.0,0.0,True,True,24.425109204443068,26.347966867405297,0.40481181269662037,6.681789059522165,0.11074125067778952,7.432880676431956,0.12318953725032937
F051,F061,zebra_crossing,sunlit street,C020,C014,False,0.058046600323339595,0.10372208436724566,0.8962779156327544,0.2637636065483093,0.13746898263027296,0.041585693359375,0.20148883374689827,0.8715151250362396,0.8258823394775391,0.8483919791906271,378818,19455,9753,491,500.8859531490056,-0.4417220933947516,-0.45947410943801437,-0.01991423048527429,0.6835475062531682,1.0,True,False,0.0,0.0,0.0,0.0,0.0,0.0,0.0
F051,F062,zebra_crossing,shaded alley,C020,C005,False,0.0713289655117292,0.8540942928039702,0.1459057071960298,0.2803388833999634,0.7880893300248138,0.018526077270507812,0.7573200992555831,0.8715151250362396,0.5,0.6601193547519417,378818,19455,6655,258,341.7816075265695,-4.531837668214318,-4.694302818888464,-0.28073811811531957,0.9999995584246271,1.0,True,False,0.0,0.0,0.0,0.0,0.0,0.0,0.0
F051,F063,zebra_crossing,blue_wall_graffiti,C020,C013,False,0.0678423289045206,0.6228287841191067,0.3771712158808933,0.2774387001991272,0.45186104218362283,0.029498291015625,0.4466501240694789,0.8715151250362396,0.11488095670938492,0.3164182222168351,378818,19455,39,0,2.002927527203037,-1.4152482210563053,-1.4531251675517418,-1.6106082382168596,1.0,1.0,False,False,0.0,0.0,0.0,0.0,0.0,0.0,0.0
F052,F053,palm_tree_street,road_marking,C026,C030,False,0.06416591196041478,0.34392059553349874,0.6560794044665013,0.2774387001991272,0.45186104218362283,0.018066236707899305,0.7732009925558313,0.6043684764040841,0.5154761910438538,0.5581554982294401,378818,90021,86968,18284,20666.774883981227,-16.57473750786595,-21.627210401252533,-0.12249781940467987,1.0,1.0,True,False,0.0,0.0,0.0,0.0,0.0,0.0,0.0
F052,F054,palm_tree_street,highlighted_lane,C026,C023,False,0.07226654948131389,0.8952853598014888,0.10471464019851118,0.27367761731147766,0.2682382133995037,0.023978810251494984,0.6029776674937966,0.6043684764040841,0.8999999761581421,0.7375171959720046,378818,90021,245062,57695,58235.6865354867,-2.240530987607077,-4.318451170882965,-0.009327742430423853,0.9999921587677123,1.0,True,False,0.0,0.0,0.0,0.0,0.0,0.0,0.0
F052,F055,palm_tree_street,small alley entrance,C026,C014,False,0.06524740188027765,0.42133995037220845,0.5786600496277916,0.2774387001991272,0.45186104218362283,0.03405558268229167,0.3325062034739454,0.6043684764040841,0.8571428656578064,0.71974309845822,378818,90021,535,84,127.1355505810178,-3.82562010940264,-4.38457117338072,-0.41242740731222777,0.9999982378043933,1.0,False,False,0.0,0.0,0.0,0.0,0.0,0.0,0.0
F052,F056,palm_tree_street,stone_wall_street,C026,C021,False,0.06524995591420367,0.4218362282878412,0.5781637717121588,0.2803388833999634,0.7880893300248138,0.03024574562355324,0.4287841191066998,0.6043684764040841,0.4911375728746255,0.5448192972197637,378818,90021,8534,1620,2027.9902591745904,-9.059763525549096,-10.495015483386428,-0.22455705806894352,1.0,1.0,True,False,0.0,0.0,0.0,0.0,0.0,0.0,0.0
F052,F057,palm_tree_street,streetlight illumination,C026,C027,False,0.06555652580855945,0.4441687344913151,0.5558312655086849,0.2803388833999634,0.7880893300248138,0.0433258056640625,0.18411910669975187,0.6043684764040841,0.2642857193946838,0.3996573001534219,378818,90021,119269,22916,28342.672864013854,-32.233928611863476,-44.60024605240707,-0.21252900996389265,1.0,1.0,True,False,0.0,0.0,0.0,0.0,0.0,0.0,0.0
F052,F058,palm_tree_street,shaded alley,C026,C031,False,0.07439954873190154,0.9523573200992556,0.047642679900744445,0.2774387001991272,0.45186104218362283,0.03810543484157986,0.25607940446650124,0.6043684764040841,0.875,0.7272017717618499,378818,90021,169922,38921,40379.6766837901,-7.259013806087711,-11.19557117379104,-0.03679219123113335,1.0,1.0,True,False,0.0,0.0,0.0,0.0,0.0,0.0,0.0
F052,F059,palm_tree_street,road_edge,C026,C024,False,0.06873052992024871,0.6823821339950372,0.3176178660049628,0.27367761731147766,0.2682382133995037,0.042165120442708336,0.19751861042183622,0.6043684764040841,0.7857142686843872,0.6891015421936975,378818,90021,1891,363,449.3707030816909,-4.074403886148408,-4.6780961995598265,-0.21318091801949693,0.9999992657947985,1.0,True,False,0.0,0.0,0.0,0.0,0.0,0.0,0.0
F052,F060,palm_tree_street,street_corner_shop,C026,C031,False,0.06982675377252749,0.7573200992555831,0.24267990074441692,0.2774387001991272,0.45186104218362283,0.013323748553240741,0.8729528535980149,0.6043684764040841,0.3880471537510554,0.4842762301470791,378818,90021,35651,9082,8471.980399558626,6.6275241405776395,7.975028690963488,0.06952617403569623,1.2601153822629882e-15,1.2638769207175046e-14,True,True,5.0191572399610305,6.039649519806591,0.05265356902157441,2.9947199652585312,0.03141616945880964,5.785516110806982,0.060693072024213236
F052,F061,palm_tree_street,sunlit street,C026,C014,False,0.06437648209769528,0.3573200992555831,0.6426799007444168,0.2774387001991272,0.45186104218362283,0.023982577853732638,0.601985111662531,0.6043684764040841,0.8258823394775391,0.7064964622693315,378818,90021,9753,2450,2317.6692052647973,2.748749703710674,3.189462202865559,0.05551434688242275,0.0007894812993897107,0.004134011167713394,True,True,0.9821835169586527,1.1396589508998523,0.019836391938136168,1.2420529058206295,0.025084770638434697,1.654706397320619,0.03341881030688774
F052,F062,palm_tree_street,shaded alley,C026,C005,False,0.05113692517091239,0.04317617866004963,0.9568238213399504,0.2803388833999634,0.7880893300248138,0.20362345377604166,0.008436724565756825,0.6043684764040841,0.5,0.5497128688706878,378818,90021,6655,428,1581.4711946106045,-29.005216433660323,-33.51530750284341,-1.3061362019132503,1.0,1.0,True,False,0.0,0.0,0.0,0.0,0.0,0.0,0.0
F052,F063,palm_tree_street,blue_wall_graffiti,C026,C013,False,0.07109678293757114,0.8392059553349875,0.16079404466501246,0.27367761731147766,0.2682382133995037,0.024378458658854168,0.5900744416873449,0.6043684764040841,0.11488095670938492,0.26349654414108453,378818,90021,39,2,9.267825182541484,-2.3873470422644436,-2.7343638522596296,-1.3628031078188836,0.9996663771663193,1.0,False,False,0.0,0.0,0.0,0.0,0.0,0.0,0.0
F053,F054,road_marking,highlighted_lane,C030,C023,False,0.0700599097927891,0.7771712158808933,0.22282878411910667,0.2774387001991272,0.45186104218362283,0.028618028428819445,0.4660049627791563,0.5154761910438538,0.8999999761581421,0.6811230135956047,378818,86968,245062,45897,56260.663474280525,-43.69290067813059,-83.77306901285532,-0.2035938338063622,1.0,1.0,True,False,0.0,0.0,0.0,0.0,0.0,0.0,0.0
F053,F055,road_marking,small alley entrance,C030,C014,False,0.06068811034261726,0.1687344913151365,0.8312655086848635,0.2637636065483093,0.13746898263027296,0.021298828125,0.6719602977667494,0.5154761910438538,0.8571428656578064,0.6647080107608901,378818,86968,535,81,122.82383624854151,-3.7738317726766972,-4.302533981614594,-0.4142106903682262,0.9999973994039865,1.0,False,False,0.0,0.0,0.0,0.0,0.0,0.0,0.0
F053,F056,road_marking,stone_wall_street,C030,C021,False,0.06425285931679638,0.34937965260545906,0.6506203473945409,0.2803388833999634,0.7880893300248138,0.0,0.9947890818858561,0.5154761910438538,0.4911375728746255,0.5031597413783571,378818,86968,8534,1596,1959.2123711122492,-8.205780111407336,-9.455893814203181,-0.20498397986844877,1.0,1.0,True,False,0.0,0.0,0.0,0.0,0.0,0.0,0.0
F053,F057,road_marking,streetlight illumination,C030,C027,False,0.06290554713804113,0.2684863523573201,0.7315136476426799,0.2803388833999634,0.7880893300248138,0.0,0.9947890818858561,0.5154761910438538,0.2642857193946838,0.3690975426372497,378818,86968,119269,25863,27381.450701920185,-9.176402820809997,-12.630279885300414,-0.057051354480834086,1.0,1.0,True,False,0.0,0.0,0.0,0.0,0.0,0.0,0.0
F053,F058,road_marking,shaded alley,C030,C031,False,0.06708275558874285,0.5667493796526054,0.4332506203473946,0.27199676632881165,0.16997518610421836,0.058758544921875,0.10024813895781638,0.5154761910438538,0.875,0.6715963573184209,378818,86968,169922,32579,39010.22785612088,-32.56151874934346,-49.956243755473665,-0.18015342532022574,1.0,1.0,True,False,0.0,0.0,0.0,0.0,0.0,0.0,0.0
F053,F059,road_marking,road_edge,C030,C024,False,0.06864261640545403,0.6714640198511166,0.3285359801488834,0.2774387001991272,0.45186104218362283,0.031298828125,0.39602977667493794,0.5154761910438538,0.7857142686843872,0.6364094581872861,378818,86968,1891,438,434.13060625419064,0.18570890232133397,0.21210664953903882,0.008863322506856607,0.42488439541826484,1.0,True,False,0.12469684607482126,0.142421983536635,0.005951402159690813,0.08391461814569458,0.004004990145157787,0.07354625511286575,0.0035101396329883733
F053,F060,road_marking,street_corner_shop,C030,C031,False,0.06575052332244335,0.45806451612903226,0.5419354838709678,0.27199676632881165,0.16997518610421836,0.00743408203125,0.9553349875930521,0.5154761910438538,0.3880471537510554,0.4472460941819422,378818,86968,35651,9225,8184.659039433184,11.499405852271682,13.764892616742419,0.11964874776887172,2.3832483601668788e-42,3.7245183675166105e-41,True,True,5.26746977749219,6.305208876056205,0.05480684575219285,1.9546136498278168,0.020337318169150652,10.985784747207438,0.11430463496529929
F053,F061,road_marking,sunlit street,C030,C014,False,0.057316214152223176,0.09379652605459057,0.9062034739454095,0.2637636065483093,0.13746898263027296,0.018995361328125,0.7444168734491315,0.5154761910438538,0.8258823394775391,0.6524742773506622,378818,86968,9753,2081,2239.067055947711,-3.3404718354814427,-3.8557295927026423,-0.07319378093856892,0.9999515369384865,1.0,True,False,0.0,0.0,0.0,0.0,0.0,0.0,0.0
F053,F062,road_marking,shaded alley,C030,C005,False,0.065532130660045,0.4421836228287841,0.5578163771712159,0.2803388833999634,0.7880893300248138,0.042449951171875,0.1945409429280397,0.5154761910438538,0.5,0.5076791265375472,378818,86968,6655,953,1527.8366920262501,-14.706387791775127,-16.904004572695303,-0.4717958685976152,1.0,1.0,True,False,0.0,0.0,0.0,0.0,0.0,0.0,0.0
F053,F063,road_marking,blue_wall_graffiti,C030,C013,False,0.06181897484818543,0.21687344913151366,0.7831265508684864,0.2774387001991272,0.45186104218362283,0.0122314453125,0.8893300248138958,0.5154761910438538,0.11488095670938492,0.24334830590745357,378818,86968,39,9,8.953513296622653,0.015535742261364912,0.01770065126984701,0.004905348772558327,0.5549721223529729,1.0,False,False,0.0033692900090404303,0.0038388012927658283,0.0010638399074977612,0.007019996689316503,0.0022165360086423606,0.013816402050801946,0.0043624739456201095
F054,F055,highlighted_lane,small alley entrance,C023,C014,False,0.0681810667139411,0.6466501240694789,0.35334987593052114,0.2774387001991272,0.45186104218362283,0.020623101128472224,0.6937965260545905,0.8999999761581421,0.8571428656578064,0.8783100583826575,378818,245062,535,232,346.0980470832959,-6.133080099031276,-10.328651443116382,-0.39927551774109415,1.0,1.0,True,False,0.0,0.0,0.0,0.0,0.0,0.0,0.0
F054,F056,highlighted_lane,stone_wall_street,C023,C021,False,0.06792129870340037,0.6272952853598015,0.3727047146401985,0.2803388833999634,0.7880893300248138,0.0293121337890625,0.4511166253101737,0.8999999761581421,0.4911375728746255,0.6648487075098595,378818,245062,8534,5270,5520.749035156724,-3.3747396026749157,-5.74442008513676,-0.04647887446460074,0.9999999947875234,1.0,True,False,0.0,0.0,0.0,0.0,0.0,0.0,0.0
F054,F057,highlighted_lane,streetlight illumination,C023,C027,False,0.06810869160596474,0.6411910669975186,0.3588089330024814,0.2803388833999634,0.7880893300248138,0.03949330647786458,0.23126550868486354,0.8999999761581421,0.2642857193946838,0.4877059986858403,378818,245062,119269,81033,77156.5756590236,13.955481957925615,28.373215521695048,0.04901936180091121,8.293051244296723e-179,5.224622283906936e-177,True,True,8.948130367066945,18.192652334506203,0.03143077689666366,10.998166426394976,0.038631635999924065,3.227421633942103,0.0113364876422951
F054,F058,highlighted_lane,shaded alley,C023,C031,False,0.07924294731179117,0.9965260545905708,0.0034739454094292466,0.2774387001991272,0.45186104218362283,0.013457121672453705,0.869727047146402,0.8999999761581421,0.875,0.8874119557107478,378818,245062,169922,117225,109924.62122708002,22.0190158831333,49.90065428439916,0.06430001238577407,0.0,0.0,True,True,21.942523023985938,49.727302135520354,0.06407663765292027,9.949535464810356,0.029054670609055727,19.15053366510725,0.055923459903756356
F054,F059,highlighted_lane,road_edge,C023,C024,False,0.07610320780286946,0.973697270471464,0.026302729528535962,0.2024528682231903,0.03300248138957816,0.013588799370659722,0.8684863523573201,0.8999999761581421,0.7857142686843872,0.8409178456205223,378818,245062,1891,1097,1223.3110411860048,-3.611377328342099,-6.092810076908336,-0.10893492808940791,0.9999999992469514,1.0,True,False,0.0,0.0,0.0,0.0,0.0,0.0,0.0
F054,F060,highlighted_lane,street_corner_shop,C023,C031,False,0.0711569876937118,0.8431761786600497,0.15682382133995032,0.2774387001991272,0.45186104218362283,0.018119246871383103,0.7712158808933003,0.8999999761581421,0.3880471537510554,0.5909673672244389,378818,245062,35651,19530,23063.068180498285,-23.26448681578029,-41.13524755634786,-0.1662768912983548,1.0,1.0,True,False,0.0,0.0,0.0,0.0,0.0,0.0,0.0
F054,F061,highlighted_lane,sunlit street,C023,C014,False,0.06449816030223214,0.36377171215880894,0.6362282878411911,0.2774387001991272,0.45186104218362283,0.031179979112413193,0.40049627791563275,0.8999999761581421,0.8258823394775391,0.8621450491879054,378818,245062,9753,5651,6309.335052716608,-8.288103847930254,-14.131138429111044,-0.11018853894736665,1.0,1.0,True,False,0.0,0.0,0.0,0.0,0.0,0.0,0.0
F054,F062,highlighted_lane,shaded alley,C023,C005,False,0.07790108583043336,0.9895781637717121,0.01042183622828785,0.2803388833999634,0.7880893300248138,0.025782267252604168,0.5501240694789082,0.8999999761581421,0.5,0.670820384364601,378818,245062,6655,3780,4305.200940821186,-8.004399978699979,-13.59050461913979,-0.13008366877726465,1.0,1.0,True,False,0.0,0.0,0.0,0.0,0.0,0.0,0.0
F054,F063,highlighted_lane,blue_wall_graffiti,C023,C013,False,0.06989326329842636,0.7662531017369727,0.2337468982630273,0.2721763849258423,0.21861042183622828,0.033172607421875,0.3523573200992556,0.8999999761581421,0.11488095670938492,0.3215475988084361,378818,245062,39,26,25.229577264015965,0.1533818967121672,0.2581395535862474,0.02950353652583744,0.47054219111584666,1.0,False,False,0.11752935410599809,0.19780023361645954,0.022607176375133004,0.033530881142287666,0.006449780565573892,0.05404523407724006,0.010395787063694581
F055,F056,small alley entrance,stone_wall_street,C014,C021,False,0.067864533722137,0.6253101736972705,0.3746898263027295,0.2803388833999634,0.7880893300248138,0.012711588541666667,0.8853598014888338,0.8571428656578064,0.4911375728746255,0.6488259139753715,378818,535,8534,19,12.05246318812728,2.0012113149511555,2.0255692612144975,0.4404975492800377,0.036906565613307345,0.1579695037716085,False,False,1.2513777949570501,1.2666090665658893,0.27544759905352234,1.5771332844379329,0.34715141848967734,1.771792052542363,0.38999882278689196
F055,F057,small alley entrance,streetlight illumination,C014,C027,False,0.06152419991004733,0.20595533498759305,0.7940446650124069,0.2803388833999634,0.7880893300248138,0.048349609375,0.14789081885856079,0.8571428656578064,0.2642857193946838,0.47595232836324497,378818,535,119269,127,168.44214108094124,-3.1931315309027872,-3.860368379672057,-0.2814399312380648,0.99996887144433,1.0,False,False,0.0,0.0,0.0,0.0,0.0,0.0,0.0
F055,F058,small alley entrance,shaded alley,C014,C031,False,0.07911052023939964,0.996029776674938,0.003970223325062028,0.27199676632881165,0.16997518610421836,0.03525594075520833,0.3047146401985112,0.8571428656578064,0.875,0.8660254080860333,378818,535,169922,158,239.97874968982467,-5.291939825385189,-7.131345151873228,-0.4168771334465371,0.9999999999998711,1.0,False,False,0.0,0.0,0.0,0.0,0.0,0.0,0.0
F055,F059,small alley entrance,road_edge,C014,C024,False,0.06576883594066842,0.46054590570719606,0.5394540942928039,0.2774387001991272,0.45186104218362283,0.044598388671875,0.17270471464019851,0.8571428656578064,0.7857142686843872,0.8206518018309369,378818,535,1891,3,2.670636031022813,0.20154347178942553,0.20219095932246675,0.09883076003062946,0.49968578945425296,1.0,False,False,0.09282002075463369,0.09311821848697228,0.0455161018900368,0.09106964320807541,0.04465777022723976,0.034807507782987634,0.0170685382087638
F055,F060,small alley entrance,street_corner_shop,C014,C031,False,0.07280129131278974,0.9156327543424317,0.08436724565756826,0.27199676632881165,0.16997518610421836,0.0129486083984375,0.8813895781637717,0.8571428656578064,0.3880471537510554,0.576725107288156,378818,535,35651,33,50.34946861025611,-2.445055557755793,-2.570736679355788,-0.4173242334664891,0.997362106528165,1.0,False,False,0.0,0.0,0.0,0.0,0.0,0.0,0.0
F055,F061,small alley entrance,sunlit street,C014,C014,True,0.04292061849307623,0.013895781637717122,0.9861042183622829,0.0959734171628952,0.004466501240694789,0.11252655029296875,0.036228287841191066,0.8571428656578064,0.8258823394775391,0.8413674317181234,378818,535,9753,9,13.774041888189052,-1.2863392622016074,-1.3041445065172148,-0.40715083651766343,0.9333558431392431,1.0,False,False,0.0,0.0,0.0,0.0,0.0,0.0,0.0
F055,F062,small alley entrance,shaded alley,C014,C005,False,0.07191637634528446,0.8774193548387097,0.1225806451612903,0.2803388833999634,0.7880893300248138,0.0082763671875,0.9436724565756823,0.8571428656578064,0.5,0.6546536739596771,378818,535,6655,21,9.398774609443057,3.7841491622415058,3.8205269832238793,0.7756419624779897,0.0006589454492084466,0.003477575983257142,False,False,3.3202857165473856,3.352204320764178,0.6805632703032684,2.982247577984869,0.6112751545484106,3.570997335981252,0.7319519561547877
F055,F063,small alley entrance,blue_wall_graffiti,C014,C013,False,0.06809210738354925,0.6406947890818858,0.3593052109181142,0.2774387001991272,0.45186104218362283,0.0,0.9947890818858561,0.8571428656578064,0.11488095670938492,0.3137983308486401,378818,535,39,0,0.05507922010041762,-0.2346896250378734,-0.23486730575148926,-0.10450274405768398,1.0,1.0,False,False,0.0,0.0,0.0,0.0,0.0,0.0,0.0
F056,F057,stone_wall_street,streetlight illumination,C021,C027,False,0.06255631718396763,0.254590570719603,0.745409429280397,0.26061704754829407,0.10198511166253102,0.0299774169921875,0.43573200992555833,0.4911375728746255,0.2642857193946838,0.360278568289774,378818,8534,119269,2887,2686.8882840836495,3.860536928808836,4.717377067919008,0.07182125197119434,1.4511970762516827e-06,1.0088321743873766e-05,True,True,0.9828562999895449,1.2009997200210678,0.018285013529142777,0.3937172897618937,0.007324698402025031,1.6821595153817162,0.03129481847677847
F056,F058,stone_wall_street,shaded alley,C021,C031,False,0.062380218135607075,0.24317617866004962,0.7568238213399504,0.2803388833999634,0.7880893300248138,0.06035274929470486,0.09478908188585608,0.4911375728746255,0.875,0.6555496749028995,378818,8534,169922,3244,3827.9974763606797,-9.438981806519877,-12.8564968370826,-0.16551116731991578,1.0,1.0,True,False,0.0,0.0,0.0,0.0,0.0,0.0,0.0
F056,F059,stone_wall_street,road_edge,C021,C024,False,0.06551958265761403,0.44069478908188586,0.5593052109181141,0.2803388833999634,0.7880893300248138,0.026974995930989582,0.5171215880893301,0.4911375728746255,0.7857142686843872,0.6212035084371396,378818,8534,1891,85,42.60038857710035,6.496135815898856,6.587020766250723,0.6849843631636688,3.823200749840512e-09,2.9530929929802577e-08,False,False,2.862813203234831,2.9028657272608647,0.30186903944880294,5.1195353229019265,0.5398288678431296,3.359292069561592,0.35422020169555485
F056,F060,stone_wall_street,street_corner_shop,C021,C031,False,0.06039876357281509,0.15781637717121588,0.8421836228287841,0.2803388833999634,0.7880893300248138,0.033376057942708336,0.34640198511166254,0.4911375728746255,0.3880471537510554,0.43655988965341286,378818,8534,35651,420,803.1446077007956,-13.519662302773439,-14.367316041182347,-0.6477126618189145,1.0,1.0,True,False,0.0,0.0,0.0,0.0,0.0,0.0,0.0
F056,F061,stone_wall_street,sunlit street,C021,C014,False,0.056915193087457974,0.08734491315136476,0.9126550868486353,0.2803388833999634,0.7880893300248138,0.015110270182291666,0.8367245657568239,0.4911375728746255,0.8258823394775391,0.636884485359014,378818,8534,9753,251,219.71527752113153,2.110581751572573,2.162784799547488,0.13283738745295248,0.01814196107435437,0.08073773405275587,True,False,0.1843485797899617,0.1889082504815672,0.011602670070332326,1.663326958559427,0.10468772768004393,1.7659755995788378,0.11114830533284263
F056,F062,stone_wall_street,shaded alley,C021,C005,False,0.07073993185128541,0.8228287841191066,0.17717121588089335,0.24508796632289886,0.05905707196029777,0.023075103759765625,0.6312655086848635,0.4911375728746255,0.5,0.4955489748120893,378818,8534,6655,46,149.923630872873,-8.487489810900296,-8.66114340358205,-1.1740032067457273,1.0,1.0,False,False,0.0,0.0,0.0,0.0,0.0,0.0,0.0
F056,F063,stone_wall_street,blue_wall_graffiti,C021,C013,False,0.06652849328664247,0.5191066997518611,0.4808933002481389,0.2803388833999634,0.7880893300248138,0.011993408203125,0.892803970223325,0.4911375728746255,0.11488095670938492,0.23753390125993012,378818,8534,39,0,0.8785907744616148,-0.9373317312785345,-0.9481191819422902,-1.014208980045279,1.0,1.0,False,False,0.0,0.0,0.0,0.0,0.0,0.0,0.0
F057,F058,streetlight illumination,shaded alley,C027,C031,False,0.07001280366735738,0.7722084367245657,0.22779156327543426,0.2803388833999634,0.7880893300248138,0.0256591796875,0.5533498759305211,0.2642857193946838,0.875,0.4808846061898305,378818,119269,169922,64002,53499.11307804803,45.40831626519763,73.87384268380217,0.179247723406962,0.0,0.0,True,True,35.06468491744293,57.04600457369537,0.13841660427852748,35.78580954299446,0.14126321824826582,25.12668617156097,0.09918670550807078
F057,F059,streetlight illumination,road_edge,C027,C024,False,0.07166658847807847,0.8694789081885856,0.13052109181141436,0.2803388833999634,0.7880893300248138,0.0082763671875,0.9436724565756823,0.2642857193946838,0.7857142686843872,0.45568965397287786,378818,119269,1891,457,595.3721285683363,-5.670931112444213,-6.8682501045262185,-0.26424920994877643,0.9999999999991587,1.0,True,False,0.0,0.0,0.0,0.0,0.0,0.0,0.0
F057,F060,streetlight illumination,street_corner_shop,C027,C031,False,0.06764002122492505,0.6109181141439206,0.3890818858560794,0.2803388833999634,0.7880893300248138,0.022542317708333332,0.6456575682382134,0.2642857193946838,0.3880471537510554,0.3202425973979058,378818,119269,35651,8847,11224.543498461002,-22.44109931165178,-28.484704752411133,-0.23801237552462012,1.0,1.0,True,False,0.0,0.0,0.0,0.0,0.0,0.0,0.0
F057,F061,streetlight illumination,sunlit street,C027,C014,False,0.06359408524492795,0.3037220843672457,0.6962779156327543,0.2803388833999634,0.7880893300248138,0.021007080078125,0.6784119106699752,0.2642857193946838,0.8258823394775391,0.46719258151664383,378818,119269,9753,2683,3070.684489649383,-6.996177647442277,-8.563075075620441,-0.13494140179952255,1.0,1.0,True,False,0.0,0.0,0.0,0.0,0.0,0.0,0.0
F057,F062,streetlight illumination,shaded alley,C027,C005,False,0.06973274054591651,0.7508684863523574,0.24913151364764263,0.26061704754829407,0.10198511166253102,0.012230682373046874,0.8898263027295286,0.2642857193946838,0.5,0.36351459351357807,378818,119269,6655,655,2095.294296997503,-31.465071690965726,-38.3515112678499,-1.162289596675594,1.0,1.0,True,False,0.0,0.0,0.0,0.0,0.0,0.0,0.0
F057,F063,streetlight illumination,blue_wall_graffiti,C027,C013,False,0.06134827861425584,0.19602977667493796,0.8039702233250621,0.2803388833999634,0.7880893300248138,0.0755615234375,0.06550868486352357,0.2642857193946838,0.11488095670938492,0.17424521884025776,378818,119269,39,2,12.278959817115343,-2.9333803554646942,-3.5440169172746234,-1.6315093223007457,0.9999925460700889,1.0,False,False,0.0,0.0,0.0,0.0,0.0,0.0,0.0
F058,F059,shaded alley,road_edge,C031,C024,False,0.07103320483677587,0.8327543424317618,0.16724565756823817,0.2774387001991272,0.45186104218362283,0.033869425455729164,0.3369727047146402,0.875,0.7857142686843872,0.8291561886031116,378818,169922,1891,610,848.2239545111373,-8.179564155329796,-11.042477187584943,-0.32945569797192764,1.0,1.0,True,False,0.0,0.0,0.0,0.0,0.0,0.0,0.0
F058,F060,shaded alley,street_corner_shop,C031,C031,True,0.03656401196556151,0.002977667493796526,0.9970223325062034,0.08956316858530045,0.0,0.2825859917534722,0.0,0.875,0.3880471537510554,0.5827016900028466,378818,169922,35651,3881,15991.555897555027,-95.76762524145992,-135.49739034831572,-1.4158704156732538,1.0,1.0,True,False,0.0,0.0,0.0,0.0,0.0,0.0,0.0
F058,F061,shaded alley,sunlit street,C031,C014,False,0.07050415067203426,0.8034739454094293,0.1965260545905707,0.27199676632881165,0.16997518610421836,0.015827433268229166,0.8213399503722084,0.875,0.8258823394775391,0.8500864938597993,378818,169922,9753,3605,4374.790178924972,-11.638412659463414,-15.878420274461943,-0.19351238684681024,1.0,1.0,True,False,0.0,0.0,0.0,0.0,0.0,0.0,0.0
F058,F062,shaded alley,shaded alley,C031,C005,False,0.07371101337435877,0.9389578163771712,0.06104218362282876,0.2803388833999634,0.7880893300248138,0.060251871744791664,0.09528535980148883,0.875,0.5,0.6614378277661477,378818,169922,6655,1826,2985.1562227771647,-21.21575243325297,-28.82417020567285,-0.49141799555641896,1.0,1.0,True,False,0.0,0.0,0.0,0.0,0.0,0.0,0.0
F058,F063,shaded alley,blue_wall_graffiti,C031,C013,False,0.08245840709042074,0.9995037220843672,0.0004962779156327812,0.2774387001991272,0.45186104218362283,0.006596883138020833,0.961786600496278,0.875,0.11488095670938492,0.31705021230195035,378818,169922,39,21,17.493778014772264,0.83829640352819,1.1289367947591182,0.17802690283964712,0.16647995925299533,0.6124518209015303,False,False,0.8378803755363646,1.128376528359734,0.1779385520193793,0.37879348655703077,0.08044342185384551,0.8062622481576339,0.17122388967902538
F059,F060,road_edge,street_corner_shop,C024,C031,False,0.06851434608397802,0.6665012406947891,0.3334987593052109,0.2774387001991272,0.45186104218362283,0.054852803548177086,0.11513647642679901,0.7857142686843872,0.3880471537510554,0.5521722427146881,378818,1891,35651,214,177.96419652709216,2.7012693486534762,2.8452245103884066,0.1839217369473283,0.0030799879141923917,0.015107677944067791,True,True,1.8003993723283467,1.896345666229097,0.12258406586613495,1.2205983831012357,0.0831070677372419,0.3110146346836757,0.021176100730411995
F059,F061,road_edge,sunlit street,C024,C014,False,0.06598465864224272,0.4823821339950372,0.5176178660049628,0.2774387001991272,0.45186104218362283,0.0021575927734375,0.9833746898263027,0.7857142686843872,0.8258823394775391,0.80554797397917,378818,1891,9753,87,48.68544525339345,5.4911614114232545,5.577173934499576,0.5760410418141548,2.954803950880767e-07,2.1427643039480673e-06,False,False,2.64883815975355,2.6903290641854034,0.27787190701903647,2.481241918164205,0.26029050549468385,5.3998691497445055,0.5664641808212147
F059,F062,road_edge,shaded alley,C024,C005,False,0.07399364581357055,0.9454094292803971,0.05459057071960294,0.2803388833999634,0.7880893300248138,0.00899505615234375,0.9334987593052109,0.7857142686843872,0.5,0.626783163735429,378818,1891,6655,17,33.220715488704336,-2.8142684110266045,-2.846428824480668,-0.6559114705053025,0.9993482768214677,1.0,False,False,0.0,0.0,0.0,0.0,0.0,0.0,0.0
F059,F063,road_edge,blue_wall_graffiti,C024,C013,False,0.07984249823071467,0.998014888337469,0.001985111662531014,0.2721763849258423,0.21861042183622828,0.0,0.9947890818858561,0.7857142686843872,0.11488095670938492,0.3004390235749629,378818,1891,39,0,0.19468187889699012,-0.4412276950702325,-0.4423552924142798,-0.3288459141472977,1.0,1.0,False,False,0.0,0.0,0.0,0.0,0.0,0.0,0.0
F060,F061,street_corner_shop,sunlit street,C031,C014,False,0.065194022371184,0.41687344913151364,0.5831265508684864,0.27199676632881165,0.16997518610421836,0.018465169270833335,0.7598014888337469,0.3880471537510554,0.8258823394775391,0.5661106704236566,378818,35651,9753,887,917.8661072071549,-1.0188076410538223,-1.0844712360922992,-0.03418759936136131,0.8649984676737607,1.0,True,False,0.0,0.0,0.0,0.0,0.0,0.0,0.0
F060,F062,street_corner_shop,shaded alley,C031,C005,False,0.07447452805120225,0.9528535980148883,0.04714640198511166,0.2803388833999634,0.7880893300248138,0.004796346028645833,0.9729528535980149,0.3880471537510554,0.5,0.440481074367024,378818,35651,6655,499,626.3097450490737,-5.087062387702751,-5.392345882657281,-0.2270354595746869,0.9999999883792328,1.0,True,False,0.0,0.0,0.0,0.0,0.0,0.0,0.0
F060,F063,street_corner_shop,blue_wall_graffiti,C031,C013,False,0.07229027345469677,0.8972704714640198,0.10272952853598016,0.2774387001991272,0.45186104218362283,0.0293731689453125,0.4491315136476427,0.3880471537510554,0.11488095670938492,0.2111379365989803,378818,35651,39,1,3.6703350949532494,-1.3938399413471985,-1.4645264962454212,-1.0225312829759525,0.9788245193487243,1.0,False,False,0.0,0.0,0.0,0.0,0.0,0.0,0.0
F061,F062,sunlit street,shaded alley,C014,C005,False,0.07038971360866042,0.7945409429280397,0.20545905707196033,0.2803388833999634,0.7880893300248138,0.0,0.9947890818858561,0.8258823394775391,0.5,0.6426049873279615,378818,9753,6655,49,171.3387827399965,-9.34622681705322,-9.553187957451266,-1.2445840580382501,1.0,1.0,False,False,0.0,0.0,0.0,0.0,0.0,0.0,0.0
F061,F063,sunlit street,blue_wall_graffiti,C014,C013,False,0.06222131477220074,0.23225806451612904,0.7677419354838709,0.2774387001991272,0.45186104218362283,0.01295013427734375,0.8808933002481389,0.8258823394775391,0.11488095670938492,0.30802297526088,378818,9753,39,0,1.0040890348399496,-1.0020424316564391,-1.0152471258218991,-1.1013346030321947,1.0,1.0,False,False,0.0,0.0,0.0,0.0,0.0,0.0,0.0
F062,F063,shaded alley,blue_wall_graffiti,C005,C013,False,0.07882694449940586,0.9945409429280397,0.0054590570719602605,0.2803388833999634,0.7880893300248138,0.0,0.9947890818858561,0.5,0.11488095670938492,0.23966743282034056,378818,6655,39,5,0.6851443173238864,5.2128501963535365,5.259515444235582,1.5348835382955253,0.0005849957738774854,0.003111745330176809,False,False,5.184392949624064,5.230803449254643,1.5265045214611577,4.1081916187639775,1.2096253393614362,5.185686460839039,1.5268853858627198
