{"type":"FeatureCollection","name":"road_activation_boundaries_joint","crs":{"type":"name","properties":{"name":"urn:ogc:def:crs:OGC:1.3:CRS84"}},"features":[{"type":"Feature","properties":{"boundary_score":0.0832,"activation_distance":0.0932},"geometry":{"type":"LineString","coordinates":[[114.17158,22.25054],[114.17182,22.25051]]}},{"type":"Feature","properties":{"boundary_score":0.0832,"activation_distance":0.0932},"geometry":{"type":"LineString","coordinates":[[114.17182,22.25051],[114.17158,22.25054]]}},{"type":"Feature","properties":{"boundary_score":0.1228,"activation_distance":0.11351},"geometry":{"type":"LineString","coordinates":[[114.16879,22.29983],[114.16863,22.3]]}},{"type":"Feature","properties":{"boundary_score":0.1228,"activation_distance":0.11351},"geometry":{"type":"LineString","coordinates":[[114.16863,22.3],[114.16879,22.29983]]}},{"type":"Feature","properties":{"boundary_score":0.0355,"activation_distance":0.06871},"geometry":{"type":"LineString","coordinates":[[114.16863,22.3],[114.16848,22.30017]]}},{"type":"Feature","properties":{"boundary_score":0.0355,"activation_distance":0.06871},"geometry":{"type":"LineString","coordinates":[[114.16848,22.30017],[114.16863,22.3]]}},{"type":"Feature","properties":{"boundary_score":0.1103,"activation_distance":0.10709},"geometry":{"type":"LineString","coordinates":[[114.18486,22.26431],[114.18497,22.2641]]}},{"type":"Feature","properties":{"boundary_score":0.1103,"activation_distance":0.10709},"geometry":{"type":"LineString","coordinates":[[114.18497,22.2641],[114.18486,22.26431]]}},{"type":"Feature","properties":{"boundary_score":0.0277,"activation_distance":0.06471},"geometry":{"type":"LineString","coordinates":[[114.23477,22.24527],[114.2347,22.24548]]}},{"type":"Feature","properties":{"boundary_score":0.0277,"activation_distance":0.06471},"geometry":{"type":"LineString","coordinates":[[114.2347,22.24548],[114.23477,22.24527]]}},{"type":"Feature","properties":{"boundary_score":0.132,"activation_distance":0.11821},"geometry":{"type":"LineString","coordinates":[[114.23345,22.24778],[114.23329,22.24795]]}},{"type":"Feature","properties":{"boundary_score":0.132,"activation_distance":0.11821},"geometry":{"type":"LineString","coordinates":[[114.23329,22.24795],[114.23345,22.24778]]}},{"type":"Feature","properties":{"boundary_score":0.0845,"activation_distance":0.09385},"geometry":{"type":"LineString","coordinates":[[114.23038,22.25205],[114.23041,22.25227]]}},{"type":"Feature","properties":{"boundary_score":0.0845,"activation_distance":0.09385},"geometry":{"type":"LineString","coordinates":[[114.23041,22.25227],[114.23038,22.25205]]}},{"type":"Feature","properties":{"boundary_score":0.1103,"activation_distance":0.10709},"geometry":{"type":"LineString","coordinates":[[114.18497,22.2641],[114.18486,22.26431]]}},{"type":"Feature","properties":{"boundary_score":0.1103,"activation_distance":0.10709},"geometry":{"type":"LineString","coordinates":[[114.18486,22.26431],[114.18497,22.2641]]}},{"type":"Feature","properties":{"boundary_score":0.1289,"activation_distance":0.11664},"geometry":{"type":"LineString","coordinates":[[114.25318,22.35166],[114.25339,22.35191]]}},{"type":"Feature","properties":{"boundary_score":0.1289,"activation_distance":0.11664},"geometry":{"type":"LineString","coordinates":[[114.25339,22.35191],[114.25318,22.35166]]}},{"type":"Feature","properties":{"boundary_score":0.0393,"activation_distance":0.07066},"geometry":{"type":"LineString","coordinates":[[114.26541,22.31506],[114.26511,22.31474]]}},{"type":"Feature","properties":{"boundary_score":0.0393,"activation_distance":0.07066},"geometry":{"type":"LineString","coordinates":[[114.26511,22.31474],[114.26541,22.31506]]}},{"type":"Feature","properties":{"boundary_score":0.1469,"activation_distance":0.12589},"geometry":{"type":"LineString","coordinates":[[114.23293,22.33366],[114.23272,22.33377]]}},{"type":"Feature","properties":{"boundary_score":0.1469,"activation_distance":0.12589},"geometry":{"type":"LineString","coordinates":[[114.23272,22.33377],[114.23293,22.33366]]}},{"type":"Feature","properties":{"boundary_score":0.1877,"activation_distance":0.14683},"geometry":{"type":"LineString","coordinates":[[114.23726,22.33384],[114.23704,22.33375]]}},{"type":"Feature","properties":{"boundary_score":0.1877,"activation_distance":0.14683},"geometry":{"type":"LineString","coordinates":[[114.23704,22.33375],[114.23726,22.33384]]}},{"type":"Feature","properties":{"boundary_score":0.0247,"activation_distance":0.06319},"geometry":{"type":"LineString","coordinates":[[114.2398,22.31531],[114.24004,22.31504]]}},{"type":"Feature","properties":{"boundary_score":0.0247,"activation_distance":0.06319},"geometry":{"type":"LineString","coordinates":[[114.24004,22.31504],[114.2398,22.31531]]}},{"type":"Feature","properties":{"boundary_score":0.0887,"activation_distance":0.09603},"geometry":{"type":"LineString","coordinates":[[114.2398,22.31531],[114.23962,22.31548]]}},{"type":"Feature","properties":{"boundary_score":0.0887,"activation_distance":0.09603},"geometry":{"type":"LineString","coordinates":[[114.23962,22.31548],[114.2398,22.31531]]}},{"type":"Feature","properties":{"boundary_score":0.0247,"activation_distance":0.06319},"geometry":{"type":"LineString","coordinates":[[114.24004,22.31504],[114.2398,22.31531]]}},{"type":"Feature","properties":{"boundary_score":0.0247,"activation_distance":0.06319},"geometry":{"type":"LineString","coordinates":[[114.2398,22.31531],[114.24004,22.31504]]}},{"type":"Feature","properties":{"boundary_score":0.0025,"activation_distance":0.05176},"geometry":{"type":"LineString","coordinates":[[114.18007,22.31143],[114.18032,22.3114]]}},{"type":"Feature","properties":{"boundary_score":0.0025,"activation_distance":0.05176},"geometry":{"type":"LineString","coordinates":[[114.18032,22.3114],[114.18007,22.31143]]}},{"type":"Feature","properties":{"boundary_score":0.02,"activation_distance":0.06074},"geometry":{"type":"LineString","coordinates":[[114.18007,22.31143],[114.18008,22.31166]]}},{"type":"Feature","properties":{"boundary_score":0.02,"activation_distance":0.06074},"geometry":{"type":"LineString","coordinates":[[114.18008,22.31166],[114.18007,22.31143]]}},{"type":"Feature","properties":{"boundary_score":0.1809,"activation_distance":0.14333},"geometry":{"type":"LineString","coordinates":[[114.24151,22.29792],[114.24174,22.29788]]}},{"type":"Feature","properties":{"boundary_score":0.1809,"activation_distance":0.14333},"geometry":{"type":"LineString","coordinates":[[114.24174,22.29788],[114.24151,22.29792]]}},{"type":"Feature","properties":{"boundary_score":0.0499,"activation_distance":0.0761},"geometry":{"type":"LineString","coordinates":[[114.22063,22.28616],[114.22079,22.28598]]}},{"type":"Feature","properties":{"boundary_score":0.0499,"activation_distance":0.0761},"geometry":{"type":"LineString","coordinates":[[114.22079,22.28598],[114.22063,22.28616]]}},{"type":"Feature","properties":{"boundary_score":0.0069,"activation_distance":0.05404},"geometry":{"type":"LineString","coordinates":[[114.24747,22.24007],[114.2473,22.24022]]}},{"type":"Feature","properties":{"boundary_score":0.0069,"activation_distance":0.05404},"geometry":{"type":"LineString","coordinates":[[114.2473,22.24022],[114.24747,22.24007]]}},{"type":"Feature","properties":{"boundary_score":0.2226,"activation_distance":0.16474},"geometry":{"type":"LineString","coordinates":[[114.25414,22.22917],[114.25436,22.2291]]}},{"type":"Feature","properties":{"boundary_score":0.2226,"activation_distance":0.16474},"geometry":{"type":"LineString","coordinates":[[114.25436,22.2291],[114.25414,22.22917]]}},{"type":"Feature","properties":{"boundary_score":0.0392,"activation_distance":0.07062},"geometry":{"type":"LineString","coordinates":[[114.17492,22.34024],[114.17515,22.34025]]}},{"type":"Feature","properties":{"boundary_score":0.0392,"activation_distance":0.07062},"geometry":{"type":"LineString","coordinates":[[114.17515,22.34025],[114.17492,22.34024]]}},{"type":"Feature","properties":{"boundary_score":0.3626,"activation_distance":0.23657},"geometry":{"type":"LineString","coordinates":[[114.17871,22.33681],[114.17895,22.33689]]}},{"type":"Feature","properties":{"boundary_score":0.3626,"activation_distance":0.23657},"geometry":{"type":"LineString","coordinates":[[114.17895,22.33689],[114.17871,22.33681]]}},{"type":"Feature","properties":{"boundary_score":0.0494,"activation_distance":0.07584},"geometry":{"type":"LineString","coordinates":[[114.23367,22.26679],[114.23369,22.26656]]}},{"type":"Feature","properties":{"boundary_score":0.0494,"activation_distance":0.07584},"geometry":{"type":"LineString","coordinates":[[114.23369,22.26656],[114.23367,22.26679]]}},{"type":"Feature","properties":{"boundary_score":0.4543,"activation_distance":0.28365},"geometry":{"type":"LineString","coordinates":[[114.19508,22.28387],[114.19503,22.28364]]}},{"type":"Feature","properties":{"boundary_score":0.4543,"activation_distance":0.28365},"geometry":{"type":"LineString","coordinates":[[114.19503,22.28364],[114.19508,22.28387]]}},{"type":"Feature","properties":{"boundary_score":0.0455,"activation_distance":0.07382},"geometry":{"type":"LineString","coordinates":[[114.20215,22.28878],[114.20195,22.2887]]}},{"type":"Feature","properties":{"boundary_score":0.0455,"activation_distance":0.07382},"geometry":{"type":"LineString","coordinates":[[114.20195,22.2887],[114.20215,22.28878]]}},{"type":"Feature","properties":{"boundary_score":0.0809,"activation_distance":0.09201},"geometry":{"type":"LineString","coordinates":[[114.23863,22.27517],[114.23848,22.27535]]}},{"type":"Feature","properties":{"boundary_score":0.0809,"activation_distance":0.09201},"geometry":{"type":"LineString","coordinates":[[114.23848,22.27535],[114.23863,22.27517]]}},{"type":"Feature","properties":{"boundary_score":0.038,"activation_distance":0.07001},"geometry":{"type":"LineString","coordinates":[[114.2071,22.29354],[114.20732,22.29346]]}},{"type":"Feature","properties":{"boundary_score":0.038,"activation_distance":0.07001},"geometry":{"type":"LineString","coordinates":[[114.20732,22.29346],[114.2071,22.29354]]}},{"type":"Feature","properties":{"boundary_score":0.123,"activation_distance":0.11363},"geometry":{"type":"LineString","coordinates":[[114.25728,22.31324],[114.25743,22.31341]]}},{"type":"Feature","properties":{"boundary_score":0.123,"activation_distance":0.11363},"geometry":{"type":"LineString","coordinates":[[114.25743,22.31341],[114.25728,22.31324]]}},{"type":"Feature","properties":{"boundary_score":0.0636,"activation_distance":0.08314},"geometry":{"type":"LineString","coordinates":[[114.24951,22.30299],[114.24931,22.30318]]}},{"type":"Feature","properties":{"boundary_score":0.0636,"activation_distance":0.08314},"geometry":{"type":"LineString","coordinates":[[114.24931,22.30318],[114.24951,22.30299]]}},{"type":"Feature","properties":{"boundary_score":0.1382,"activation_distance":0.12141},"geometry":{"type":"LineString","coordinates":[[114.25981,22.32401],[114.25994,22.32382]]}},{"type":"Feature","properties":{"boundary_score":0.1382,"activation_distance":0.12141},"geometry":{"type":"LineString","coordinates":[[114.25994,22.32382],[114.25981,22.32401]]}},{"type":"Feature","properties":{"boundary_score":0.129,"activation_distance":0.11669},"geometry":{"type":"LineString","coordinates":[[114.25995,22.32762],[114.26012,22.32747]]}},{"type":"Feature","properties":{"boundary_score":0.129,"activation_distance":0.11669},"geometry":{"type":"LineString","coordinates":[[114.26012,22.32747],[114.25995,22.32762]]}},{"type":"Feature","properties":{"boundary_score":0.129,"activation_distance":0.11669},"geometry":{"type":"LineString","coordinates":[[114.26012,22.32747],[114.25995,22.32762]]}},{"type":"Feature","properties":{"boundary_score":0.129,"activation_distance":0.11669},"geometry":{"type":"LineString","coordinates":[[114.25995,22.32762],[114.26012,22.32747]]}},{"type":"Feature","properties":{"boundary_score":0.025,"activation_distance":0.06332},"geometry":{"type":"LineString","coordinates":[[114.26835,22.28368],[114.26813,22.28378]]}},{"type":"Feature","properties":{"boundary_score":0.025,"activation_distance":0.06332},"geometry":{"type":"LineString","coordinates":[[114.26813,22.28378],[114.26835,22.28368]]}},{"type":"Feature","properties":{"boundary_score":0.1336,"activation_distance":0.11903},"geometry":{"type":"LineString","coordinates":[[114.26943,22.28252],[114.26935,22.28231]]}},{"type":"Feature","properties":{"boundary_score":0.1336,"activation_distance":0.11903},"geometry":{"type":"LineString","coordinates":[[114.26935,22.28231],[114.26943,22.28252]]}},{"type":"Feature","properties":{"boundary_score":0.1336,"activation_distance":0.11903},"geometry":{"type":"LineString","coordinates":[[114.26935,22.28231],[114.26943,22.28252]]}},{"type":"Feature","properties":{"boundary_score":0.1336,"activation_distance":0.11903},"geometry":{"type":"LineString","coordinates":[[114.26943,22.28252],[114.26935,22.28231]]}},{"type":"Feature","properties":{"boundary_score":0.3005,"activation_distance":0.20471},"geometry":{"type":"LineString","coordinates":[[114.18611,22.26314],[114.18583,22.26319]]}},{"type":"Feature","properties":{"boundary_score":0.3005,"activation_distance":0.20471},"geometry":{"type":"LineString","coordinates":[[114.18583,22.26319],[114.18611,22.26314]]}},{"type":"Feature","properties":{"boundary_score":0.1521,"activation_distance":0.12853},"geometry":{"type":"LineString","coordinates":[[114.1928,22.2574],[114.19298,22.25726]]}},{"type":"Feature","properties":{"boundary_score":0.1521,"activation_distance":0.12853},"geometry":{"type":"LineString","coordinates":[[114.19298,22.25726],[114.1928,22.2574]]}},{"type":"Feature","properties":{"boundary_score":0.0438,"activation_distance":0.07299},"geometry":{"type":"LineString","coordinates":[[114.19766,22.25786],[114.19786,22.25799]]}},{"type":"Feature","properties":{"boundary_score":0.0438,"activation_distance":0.07299},"geometry":{"type":"LineString","coordinates":[[114.19786,22.25799],[114.19766,22.25786]]}},{"type":"Feature","properties":{"boundary_score":0.1204,"activation_distance":0.1123},"geometry":{"type":"LineString","coordinates":[[114.17791,22.3311],[114.1779,22.33086]]}},{"type":"Feature","properties":{"boundary_score":0.1204,"activation_distance":0.1123},"geometry":{"type":"LineString","coordinates":[[114.1779,22.33086],[114.17791,22.3311]]}},{"type":"Feature","properties":{"boundary_score":0.0228,"activation_distance":0.06219},"geometry":{"type":"LineString","coordinates":[[114.23676,22.2775],[114.23671,22.27772]]}},{"type":"Feature","properties":{"boundary_score":0.0228,"activation_distance":0.06219},"geometry":{"type":"LineString","coordinates":[[114.23671,22.27772],[114.23676,22.2775]]}},{"type":"Feature","properties":{"boundary_score":0.2371,"activation_distance":0.17216},"geometry":{"type":"LineString","coordinates":[[114.23671,22.27772],[114.23666,22.27795]]}},{"type":"Feature","properties":{"boundary_score":0.2371,"activation_distance":0.17216},"geometry":{"type":"LineString","coordinates":[[114.23666,22.27795],[114.23671,22.27772]]}},{"type":"Feature","properties":{"boundary_score":0.044,"activation_distance":0.07308},"geometry":{"type":"LineString","coordinates":[[114.23431,22.26738],[114.23428,22.26715]]}},{"type":"Feature","properties":{"boundary_score":0.044,"activation_distance":0.07308},"geometry":{"type":"LineString","coordinates":[[114.23428,22.26715],[114.23431,22.26738]]}},{"type":"Feature","properties":{"boundary_score":0.044,"activation_distance":0.07308},"geometry":{"type":"LineString","coordinates":[[114.23428,22.26715],[114.23431,22.26738]]}},{"type":"Feature","properties":{"boundary_score":0.044,"activation_distance":0.07308},"geometry":{"type":"LineString","coordinates":[[114.23431,22.26738],[114.23428,22.26715]]}},{"type":"Feature","properties":{"boundary_score":0.1119,"activation_distance":0.1079},"geometry":{"type":"LineString","coordinates":[[114.24659,22.25987],[114.24665,22.25965]]}},{"type":"Feature","properties":{"boundary_score":0.1119,"activation_distance":0.1079},"geometry":{"type":"LineString","coordinates":[[114.24665,22.25965],[114.24659,22.25987]]}},{"type":"Feature","properties":{"boundary_score":0.0691,"activation_distance":0.08595},"geometry":{"type":"LineString","coordinates":[[114.24969,22.25733],[114.2498,22.25713]]}},{"type":"Feature","properties":{"boundary_score":0.0691,"activation_distance":0.08595},"geometry":{"type":"LineString","coordinates":[[114.2498,22.25713],[114.24969,22.25733]]}},{"type":"Feature","properties":{"boundary_score":0.0156,"activation_distance":0.0585},"geometry":{"type":"LineString","coordinates":[[114.25333,22.25603],[114.25355,22.256]]}},{"type":"Feature","properties":{"boundary_score":0.0156,"activation_distance":0.0585},"geometry":{"type":"LineString","coordinates":[[114.25355,22.256],[114.25333,22.25603]]}},{"type":"Feature","properties":{"boundary_score":0.0247,"activation_distance":0.06319},"geometry":{"type":"LineString","coordinates":[[114.25355,22.256],[114.25377,22.25598]]}},{"type":"Feature","properties":{"boundary_score":0.0247,"activation_distance":0.06319},"geometry":{"type":"LineString","coordinates":[[114.25377,22.25598],[114.25355,22.256]]}},{"type":"Feature","properties":{"boundary_score":0.0453,"activation_distance":0.07374},"geometry":{"type":"LineString","coordinates":[[114.25421,22.25495],[114.25414,22.25474]]}},{"type":"Feature","properties":{"boundary_score":0.0453,"activation_distance":0.07374},"geometry":{"type":"LineString","coordinates":[[114.25414,22.25474],[114.25421,22.25495]]}},{"type":"Feature","properties":{"boundary_score":0.0235,"activation_distance":0.06257},"geometry":{"type":"LineString","coordinates":[[114.29048,22.29484],[114.29031,22.29469]]}},{"type":"Feature","properties":{"boundary_score":0.0235,"activation_distance":0.06257},"geometry":{"type":"LineString","coordinates":[[114.29031,22.29469],[114.29048,22.29484]]}},{"type":"Feature","properties":{"boundary_score":0.0473,"activation_distance":0.07477},"geometry":{"type":"LineString","coordinates":[[114.28653,22.28718],[114.28669,22.28702]]}},{"type":"Feature","properties":{"boundary_score":0.0473,"activation_distance":0.07477},"geometry":{"type":"LineString","coordinates":[[114.28669,22.28702],[114.28653,22.28718]]}},{"type":"Feature","properties":{"boundary_score":0.0403,"activation_distance":0.07118},"geometry":{"type":"LineString","coordinates":[[114.28696,22.28602],[114.28689,22.2858]]}},{"type":"Feature","properties":{"boundary_score":0.0403,"activation_distance":0.07118},"geometry":{"type":"LineString","coordinates":[[114.28689,22.2858],[114.28696,22.28602]]}},{"type":"Feature","properties":{"boundary_score":0.0446,"activation_distance":0.0734},"geometry":{"type":"LineString","coordinates":[[114.28725,22.28452],[114.2873,22.2843]]}},{"type":"Feature","properties":{"boundary_score":0.0446,"activation_distance":0.0734},"geometry":{"type":"LineString","coordinates":[[114.2873,22.2843],[114.28725,22.28452]]}},{"type":"Feature","properties":{"boundary_score":0.0474,"activation_distance":0.07483},"geometry":{"type":"LineString","coordinates":[[114.16542,22.32109],[114.16524,22.32123]]}},{"type":"Feature","properties":{"boundary_score":0.0474,"activation_distance":0.07483},"geometry":{"type":"LineString","coordinates":[[114.16524,22.32123],[114.16542,22.32109]]}},{"type":"Feature","properties":{"boundary_score":0.6781,"activation_distance":0.39849},"geometry":{"type":"LineString","coordinates":[[114.15628,22.32354],[114.15613,22.32371]]}},{"type":"Feature","properties":{"boundary_score":0.6781,"activation_distance":0.39849},"geometry":{"type":"LineString","coordinates":[[114.15613,22.32371],[114.15628,22.32354]]}},{"type":"Feature","properties":{"boundary_score":0.109,"activation_distance":0.10642},"geometry":{"type":"LineString","coordinates":[[114.14942,22.32894],[114.14921,22.32904]]}},{"type":"Feature","properties":{"boundary_score":0.109,"activation_distance":0.10642},"geometry":{"type":"LineString","coordinates":[[114.14921,22.32904],[114.14942,22.32894]]}},{"type":"Feature","properties":{"boundary_score":0.0364,"activation_distance":0.06916},"geometry":{"type":"LineString","coordinates":[[114.29556,22.27423],[114.29558,22.27446]]}},{"type":"Feature","properties":{"boundary_score":0.0364,"activation_distance":0.06916},"geometry":{"type":"LineString","coordinates":[[114.29558,22.27446],[114.29556,22.27423]]}},{"type":"Feature","properties":{"boundary_score":0.0446,"activation_distance":0.0734},"geometry":{"type":"LineString","coordinates":[[114.2873,22.2843],[114.28725,22.28452]]}},{"type":"Feature","properties":{"boundary_score":0.0446,"activation_distance":0.0734},"geometry":{"type":"LineString","coordinates":[[114.28725,22.28452],[114.2873,22.2843]]}},{"type":"Feature","properties":{"boundary_score":0.0403,"activation_distance":0.07118},"geometry":{"type":"LineString","coordinates":[[114.28689,22.2858],[114.28696,22.28602]]}},{"type":"Feature","properties":{"boundary_score":0.0403,"activation_distance":0.07118},"geometry":{"type":"LineString","coordinates":[[114.28696,22.28602],[114.28689,22.2858]]}},{"type":"Feature","properties":{"boundary_score":0.0473,"activation_distance":0.07477},"geometry":{"type":"LineString","coordinates":[[114.28669,22.28702],[114.28653,22.28718]]}},{"type":"Feature","properties":{"boundary_score":0.0473,"activation_distance":0.07477},"geometry":{"type":"LineString","coordinates":[[114.28653,22.28718],[114.28669,22.28702]]}},{"type":"Feature","properties":{"boundary_score":0.0235,"activation_distance":0.06257},"geometry":{"type":"LineString","coordinates":[[114.29031,22.29469],[114.29048,22.29484]]}},{"type":"Feature","properties":{"boundary_score":0.0235,"activation_distance":0.06257},"geometry":{"type":"LineString","coordinates":[[114.29048,22.29484],[114.29031,22.29469]]}},{"type":"Feature","properties":{"boundary_score":0.0352,"activation_distance":0.06854},"geometry":{"type":"LineString","coordinates":[[114.18597,22.30381],[114.18616,22.30394]]}},{"type":"Feature","properties":{"boundary_score":0.0352,"activation_distance":0.06854},"geometry":{"type":"LineString","coordinates":[[114.18616,22.30394],[114.18597,22.30381]]}},{"type":"Feature","properties":{"boundary_score":0.0859,"activation_distance":0.09457},"geometry":{"type":"LineString","coordinates":[[114.28976,22.29883],[114.28987,22.29903]]}},{"type":"Feature","properties":{"boundary_score":0.0859,"activation_distance":0.09457},"geometry":{"type":"LineString","coordinates":[[114.28987,22.29903],[114.28976,22.29883]]}},{"type":"Feature","properties":{"boundary_score":0.0859,"activation_distance":0.09457},"geometry":{"type":"LineString","coordinates":[[114.28987,22.29903],[114.28976,22.29883]]}},{"type":"Feature","properties":{"boundary_score":0.0859,"activation_distance":0.09457},"geometry":{"type":"LineString","coordinates":[[114.28976,22.29883],[114.28987,22.29903]]}},{"type":"Feature","properties":{"boundary_score":0.01,"activation_distance":0.05561},"geometry":{"type":"LineString","coordinates":[[114.26932,22.32262],[114.26947,22.32243]]}},{"type":"Feature","properties":{"boundary_score":0.01,"activation_distance":0.05561},"geometry":{"type":"LineString","coordinates":[[114.26947,22.32243],[114.26932,22.32262]]}},{"type":"Feature","properties":{"boundary_score":0.0026,"activation_distance":0.05185},"geometry":{"type":"LineString","coordinates":[[114.29817,22.30881],[114.29823,22.30902]]}},{"type":"Feature","properties":{"boundary_score":0.0026,"activation_distance":0.05185},"geometry":{"type":"LineString","coordinates":[[114.29823,22.30902],[114.29817,22.30881]]}},{"type":"Feature","properties":{"boundary_score":0.0723,"activation_distance":0.08761},"geometry":{"type":"LineString","coordinates":[[114.19283,22.32932],[114.19293,22.32952]]}},{"type":"Feature","properties":{"boundary_score":0.0723,"activation_distance":0.08761},"geometry":{"type":"LineString","coordinates":[[114.19293,22.32952],[114.19283,22.32932]]}},{"type":"Feature","properties":{"boundary_score":0.0723,"activation_distance":0.08761},"geometry":{"type":"LineString","coordinates":[[114.19283,22.32932],[114.193,22.32948]]}},{"type":"Feature","properties":{"boundary_score":0.0723,"activation_distance":0.08761},"geometry":{"type":"LineString","coordinates":[[114.193,22.32948],[114.19283,22.32932]]}},{"type":"Feature","properties":{"boundary_score":0.1041,"activation_distance":0.10394},"geometry":{"type":"LineString","coordinates":[[114.22359,22.28186],[114.22343,22.28203]]}},{"type":"Feature","properties":{"boundary_score":0.1041,"activation_distance":0.10394},"geometry":{"type":"LineString","coordinates":[[114.22343,22.28203],[114.22359,22.28186]]}},{"type":"Feature","properties":{"boundary_score":0.0037,"activation_distance":0.05237},"geometry":{"type":"LineString","coordinates":[[114.19749,22.27086],[114.19771,22.27081]]}},{"type":"Feature","properties":{"boundary_score":0.0037,"activation_distance":0.05237},"geometry":{"type":"LineString","coordinates":[[114.19771,22.27081],[114.19749,22.27086]]}},{"type":"Feature","properties":{"boundary_score":0.0033,"activation_distance":0.05221},"geometry":{"type":"LineString","coordinates":[[114.19875,22.34217],[114.19859,22.34198]]}},{"type":"Feature","properties":{"boundary_score":0.0033,"activation_distance":0.05221},"geometry":{"type":"LineString","coordinates":[[114.19859,22.34198],[114.19875,22.34217]]}},{"type":"Feature","properties":{"boundary_score":0.0309,"activation_distance":0.06636},"geometry":{"type":"LineString","coordinates":[[114.20528,22.33775],[114.20551,22.33762]]}},{"type":"Feature","properties":{"boundary_score":0.0309,"activation_distance":0.06636},"geometry":{"type":"LineString","coordinates":[[114.20551,22.33762],[114.20528,22.33775]]}},{"type":"Feature","properties":{"boundary_score":0.0024,"activation_distance":0.05175},"geometry":{"type":"LineString","coordinates":[[114.20551,22.33762],[114.20574,22.33749]]}},{"type":"Feature","properties":{"boundary_score":0.0024,"activation_distance":0.05175},"geometry":{"type":"LineString","coordinates":[[114.20574,22.33749],[114.20551,22.33762]]}},{"type":"Feature","properties":{"boundary_score":0.0785,"activation_distance":0.09076},"geometry":{"type":"LineString","coordinates":[[114.20445,22.32261],[114.20442,22.32283]]}},{"type":"Feature","properties":{"boundary_score":0.0785,"activation_distance":0.09076},"geometry":{"type":"LineString","coordinates":[[114.20442,22.32283],[114.20445,22.32261]]}},{"type":"Feature","properties":{"boundary_score":0.0126,"activation_distance":0.05694},"geometry":{"type":"LineString","coordinates":[[114.20386,22.32264],[114.20402,22.32248]]}},{"type":"Feature","properties":{"boundary_score":0.0126,"activation_distance":0.05694},"geometry":{"type":"LineString","coordinates":[[114.20402,22.32248],[114.20386,22.32264]]}},{"type":"Feature","properties":{"boundary_score":0.046,"activation_distance":0.07409},"geometry":{"type":"LineString","coordinates":[[114.19754,22.32411],[114.19731,22.32411]]}},{"type":"Feature","properties":{"boundary_score":0.046,"activation_distance":0.07409},"geometry":{"type":"LineString","coordinates":[[114.19731,22.32411],[114.19754,22.32411]]}},{"type":"Feature","properties":{"boundary_score":0.4826,"activation_distance":0.29816},"geometry":{"type":"LineString","coordinates":[[114.19234,22.32406],[114.19213,22.32397]]}},{"type":"Feature","properties":{"boundary_score":0.4826,"activation_distance":0.29816},"geometry":{"type":"LineString","coordinates":[[114.19213,22.32397],[114.19234,22.32406]]}},{"type":"Feature","properties":{"boundary_score":0.0159,"activation_distance":0.05868},"geometry":{"type":"LineString","coordinates":[[114.27094,22.29767],[114.27073,22.29756]]}},{"type":"Feature","properties":{"boundary_score":0.0159,"activation_distance":0.05868},"geometry":{"type":"LineString","coordinates":[[114.27073,22.29756],[114.27094,22.29767]]}},{"type":"Feature","properties":{"boundary_score":0.0107,"activation_distance":0.05601},"geometry":{"type":"LineString","coordinates":[[114.27094,22.29767],[114.27072,22.29759]]}},{"type":"Feature","properties":{"boundary_score":0.0107,"activation_distance":0.05601},"geometry":{"type":"LineString","coordinates":[[114.27072,22.29759],[114.27094,22.29767]]}},{"type":"Feature","properties":{"boundary_score":0.1918,"activation_distance":0.14894},"geometry":{"type":"LineString","coordinates":[[114.20963,22.33116],[114.20982,22.33101]]}},{"type":"Feature","properties":{"boundary_score":0.1918,"activation_distance":0.14894},"geometry":{"type":"LineString","coordinates":[[114.20982,22.33101],[114.20963,22.33116]]}},{"type":"Feature","properties":{"boundary_score":0.0353,"activation_distance":0.06862},"geometry":{"type":"LineString","coordinates":[[114.22695,22.30826],[114.22716,22.30836]]}},{"type":"Feature","properties":{"boundary_score":0.0353,"activation_distance":0.06862},"geometry":{"type":"LineString","coordinates":[[114.22716,22.30836],[114.22695,22.30826]]}},{"type":"Feature","properties":{"boundary_score":0.0416,"activation_distance":0.07185},"geometry":{"type":"LineString","coordinates":[[114.22661,22.3088],[114.22684,22.30892]]}},{"type":"Feature","properties":{"boundary_score":0.0416,"activation_distance":0.07185},"geometry":{"type":"LineString","coordinates":[[114.22684,22.30892],[114.22661,22.3088]]}},{"type":"Feature","properties":{"boundary_score":0.0407,"activation_distance":0.07136},"geometry":{"type":"LineString","coordinates":[[114.19863,22.34236],[114.19859,22.34198]]}},{"type":"Feature","properties":{"boundary_score":0.0407,"activation_distance":0.07136},"geometry":{"type":"LineString","coordinates":[[114.19859,22.34198],[114.19863,22.34236]]}},{"type":"Feature","properties":{"boundary_score":0.0797,"activation_distance":0.0914},"geometry":{"type":"LineString","coordinates":[[114.1643,22.34172],[114.16408,22.34167]]}},{"type":"Feature","properties":{"boundary_score":0.0797,"activation_distance":0.0914},"geometry":{"type":"LineString","coordinates":[[114.16408,22.34167],[114.1643,22.34172]]}},{"type":"Feature","properties":{"boundary_score":0.0798,"activation_distance":0.09144},"geometry":{"type":"LineString","coordinates":[[114.23508,22.30208],[114.23494,22.3019]]}},{"type":"Feature","properties":{"boundary_score":0.0798,"activation_distance":0.09144},"geometry":{"type":"LineString","coordinates":[[114.23494,22.3019],[114.23508,22.30208]]}},{"type":"Feature","properties":{"boundary_score":0.0128,"activation_distance":0.05707},"geometry":{"type":"LineString","coordinates":[[114.2349,22.30199],[114.23503,22.30217]]}},{"type":"Feature","properties":{"boundary_score":0.0128,"activation_distance":0.05707},"geometry":{"type":"LineString","coordinates":[[114.23503,22.30217],[114.2349,22.30199]]}},{"type":"Feature","properties":{"boundary_score":0.0798,"activation_distance":0.09144},"geometry":{"type":"LineString","coordinates":[[114.23494,22.3019],[114.23508,22.30208]]}},{"type":"Feature","properties":{"boundary_score":0.0798,"activation_distance":0.09144},"geometry":{"type":"LineString","coordinates":[[114.23508,22.30208],[114.23494,22.3019]]}},{"type":"Feature","properties":{"boundary_score":0.0422,"activation_distance":0.07216},"geometry":{"type":"LineString","coordinates":[[114.20823,22.33962],[114.20812,22.33983]]}},{"type":"Feature","properties":{"boundary_score":0.0422,"activation_distance":0.07216},"geometry":{"type":"LineString","coordinates":[[114.20812,22.33983],[114.20823,22.33962]]}},{"type":"Feature","properties":{"boundary_score":0.3246,"activation_distance":0.2171},"geometry":{"type":"LineString","coordinates":[[114.23962,22.31506],[114.2396,22.31529]]}},{"type":"Feature","properties":{"boundary_score":0.3246,"activation_distance":0.2171},"geometry":{"type":"LineString","coordinates":[[114.2396,22.31529],[114.23962,22.31506]]}},{"type":"Feature","properties":{"boundary_score":0.1217,"activation_distance":0.11296},"geometry":{"type":"LineString","coordinates":[[114.23978,22.31523],[114.23987,22.31544]]}},{"type":"Feature","properties":{"boundary_score":0.1217,"activation_distance":0.11296},"geometry":{"type":"LineString","coordinates":[[114.23987,22.31544],[114.23978,22.31523]]}},{"type":"Feature","properties":{"boundary_score":0.0887,"activation_distance":0.09603},"geometry":{"type":"LineString","coordinates":[[114.23966,22.31549],[114.2398,22.31531]]}},{"type":"Feature","properties":{"boundary_score":0.0887,"activation_distance":0.09603},"geometry":{"type":"LineString","coordinates":[[114.2398,22.31531],[114.23966,22.31549]]}},{"type":"Feature","properties":{"boundary_score":0.0845,"activation_distance":0.09385},"geometry":{"type":"LineString","coordinates":[[114.23041,22.25227],[114.23038,22.25205]]}},{"type":"Feature","properties":{"boundary_score":0.0845,"activation_distance":0.09385},"geometry":{"type":"LineString","coordinates":[[114.23038,22.25205],[114.23041,22.25227]]}},{"type":"Feature","properties":{"boundary_score":0.132,"activation_distance":0.11821},"geometry":{"type":"LineString","coordinates":[[114.23329,22.24795],[114.23345,22.24778]]}},{"type":"Feature","properties":{"boundary_score":0.132,"activation_distance":0.11821},"geometry":{"type":"LineString","coordinates":[[114.23345,22.24778],[114.23329,22.24795]]}},{"type":"Feature","properties":{"boundary_score":0.0277,"activation_distance":0.06471},"geometry":{"type":"LineString","coordinates":[[114.2347,22.24548],[114.23477,22.24527]]}},{"type":"Feature","properties":{"boundary_score":0.0277,"activation_distance":0.06471},"geometry":{"type":"LineString","coordinates":[[114.23477,22.24527],[114.2347,22.24548]]}},{"type":"Feature","properties":{"boundary_score":0.1572,"activation_distance":0.13117},"geometry":{"type":"LineString","coordinates":[[114.22805,22.25673],[114.22812,22.25695]]}},{"type":"Feature","properties":{"boundary_score":0.1572,"activation_distance":0.13117},"geometry":{"type":"LineString","coordinates":[[114.22812,22.25695],[114.22805,22.25673]]}},{"type":"Feature","properties":{"boundary_score":0.1652,"activation_distance":0.13525},"geometry":{"type":"LineString","coordinates":[[114.16606,22.2394],[114.16594,22.23921]]}},{"type":"Feature","properties":{"boundary_score":0.1652,"activation_distance":0.13525},"geometry":{"type":"LineString","coordinates":[[114.16594,22.23921],[114.16606,22.2394]]}},{"type":"Feature","properties":{"boundary_score":0.5212,"activation_distance":0.31798},"geometry":{"type":"LineString","coordinates":[[114.16142,22.28423],[114.16135,22.28401]]}},{"type":"Feature","properties":{"boundary_score":0.5212,"activation_distance":0.31798},"geometry":{"type":"LineString","coordinates":[[114.16135,22.28401],[114.16142,22.28423]]}},{"type":"Feature","properties":{"boundary_score":0.0723,"activation_distance":0.08761},"geometry":{"type":"LineString","coordinates":[[114.19311,22.32917],[114.19294,22.32901]]}},{"type":"Feature","properties":{"boundary_score":0.0723,"activation_distance":0.08761},"geometry":{"type":"LineString","coordinates":[[114.19294,22.32901],[114.19311,22.32917]]}},{"type":"Feature","properties":{"boundary_score":0.0723,"activation_distance":0.08761},"geometry":{"type":"LineString","coordinates":[[114.19309,22.3294],[114.19292,22.32924]]}},{"type":"Feature","properties":{"boundary_score":0.0723,"activation_distance":0.08761},"geometry":{"type":"LineString","coordinates":[[114.19292,22.32924],[114.19309,22.3294]]}},{"type":"Feature","properties":{"boundary_score":0.1315,"activation_distance":0.11799},"geometry":{"type":"LineString","coordinates":[[114.18901,22.32893],[114.18875,22.32893]]}},{"type":"Feature","properties":{"boundary_score":0.1315,"activation_distance":0.11799},"geometry":{"type":"LineString","coordinates":[[114.18875,22.32893],[114.18901,22.32893]]}},{"type":"Feature","properties":{"boundary_score":0.3547,"activation_distance":0.23254},"geometry":{"type":"LineString","coordinates":[[114.27221,22.29789],[114.27232,22.29768]]}},{"type":"Feature","properties":{"boundary_score":0.3547,"activation_distance":0.23254},"geometry":{"type":"LineString","coordinates":[[114.27232,22.29768],[114.27221,22.29789]]}},{"type":"Feature","properties":{"boundary_score":0.0651,"activation_distance":0.0839},"geometry":{"type":"LineString","coordinates":[[114.27242,22.30224],[114.27242,22.30201]]}},{"type":"Feature","properties":{"boundary_score":0.0651,"activation_distance":0.0839},"geometry":{"type":"LineString","coordinates":[[114.27242,22.30201],[114.27242,22.30224]]}},{"type":"Feature","properties":{"boundary_score":0.0169,"activation_distance":0.05916},"geometry":{"type":"LineString","coordinates":[[114.16495,22.33894],[114.16515,22.33906]]}},{"type":"Feature","properties":{"boundary_score":0.0169,"activation_distance":0.05916},"geometry":{"type":"LineString","coordinates":[[114.16515,22.33906],[114.16495,22.33894]]}},{"type":"Feature","properties":{"boundary_score":0.0118,"activation_distance":0.05656},"geometry":{"type":"LineString","coordinates":[[114.16492,22.33907],[114.16507,22.33924]]}},{"type":"Feature","properties":{"boundary_score":0.0118,"activation_distance":0.05656},"geometry":{"type":"LineString","coordinates":[[114.16507,22.33924],[114.16492,22.33907]]}},{"type":"Feature","properties":{"boundary_score":0.144,"activation_distance":0.12437},"geometry":{"type":"LineString","coordinates":[[114.18532,22.30957],[114.18552,22.30936]]}},{"type":"Feature","properties":{"boundary_score":0.144,"activation_distance":0.12437},"geometry":{"type":"LineString","coordinates":[[114.18552,22.30936],[114.18532,22.30957]]}},{"type":"Feature","properties":{"boundary_score":0.082,"activation_distance":0.09258},"geometry":{"type":"LineString","coordinates":[[114.18524,22.30955],[114.1854,22.30939]]}},{"type":"Feature","properties":{"boundary_score":0.082,"activation_distance":0.09258},"geometry":{"type":"LineString","coordinates":[[114.1854,22.30939],[114.18524,22.30955]]}},{"type":"Feature","properties":{"boundary_score":0.1742,"activation_distance":0.1399},"geometry":{"type":"LineString","coordinates":[[114.18437,22.31036],[114.1842,22.31052]]}},{"type":"Feature","properties":{"boundary_score":0.1742,"activation_distance":0.1399},"geometry":{"type":"LineString","coordinates":[[114.1842,22.31052],[114.18437,22.31036]]}},{"type":"Feature","properties":{"boundary_score":0.2267,"activation_distance":0.16685},"geometry":{"type":"LineString","coordinates":[[114.18585,22.31019],[114.18565,22.31031]]}},{"type":"Feature","properties":{"boundary_score":0.2267,"activation_distance":0.16685},"geometry":{"type":"LineString","coordinates":[[114.18565,22.31031],[114.18585,22.31019]]}},{"type":"Feature","properties":{"boundary_score":0.0025,"activation_distance":0.05176},"geometry":{"type":"LineString","coordinates":[[114.18032,22.3114],[114.18007,22.31143]]}},{"type":"Feature","properties":{"boundary_score":0.0025,"activation_distance":0.05176},"geometry":{"type":"LineString","coordinates":[[114.18007,22.31143],[114.18032,22.3114]]}},{"type":"Feature","properties":{"boundary_score":0.0499,"activation_distance":0.07608},"geometry":{"type":"LineString","coordinates":[[114.18045,22.30686],[114.18024,22.30698]]}},{"type":"Feature","properties":{"boundary_score":0.0499,"activation_distance":0.07608},"geometry":{"type":"LineString","coordinates":[[114.18024,22.30698],[114.18045,22.30686]]}},{"type":"Feature","properties":{"boundary_score":0.1111,"activation_distance":0.10753},"geometry":{"type":"LineString","coordinates":[[114.18048,22.30688],[114.18029,22.30703]]}},{"type":"Feature","properties":{"boundary_score":0.1111,"activation_distance":0.10753},"geometry":{"type":"LineString","coordinates":[[114.18029,22.30703],[114.18048,22.30688]]}},{"type":"Feature","properties":{"boundary_score":0.0762,"activation_distance":0.08958},"geometry":{"type":"LineString","coordinates":[[114.18046,22.30173],[114.18044,22.30151]]}},{"type":"Feature","properties":{"boundary_score":0.0762,"activation_distance":0.08958},"geometry":{"type":"LineString","coordinates":[[114.18044,22.30151],[114.18046,22.30173]]}},{"type":"Feature","properties":{"boundary_score":0.1243,"activation_distance":0.11429},"geometry":{"type":"LineString","coordinates":[[114.1819,22.28195],[114.18213,22.2819]]}},{"type":"Feature","properties":{"boundary_score":0.1243,"activation_distance":0.11429},"geometry":{"type":"LineString","coordinates":[[114.18213,22.2819],[114.1819,22.28195]]}},{"type":"Feature","properties":{"boundary_score":0.1189,"activation_distance":0.1115},"geometry":{"type":"LineString","coordinates":[[114.18505,22.28322],[114.18523,22.28336]]}},{"type":"Feature","properties":{"boundary_score":0.1189,"activation_distance":0.1115},"geometry":{"type":"LineString","coordinates":[[114.18523,22.28336],[114.18505,22.28322]]}},{"type":"Feature","properties":{"boundary_score":0.1311,"activation_distance":0.11777},"geometry":{"type":"LineString","coordinates":[[114.18773,22.27971],[114.18794,22.27981]]}},{"type":"Feature","properties":{"boundary_score":0.1311,"activation_distance":0.11777},"geometry":{"type":"LineString","coordinates":[[114.18794,22.27981],[114.18773,22.27971]]}},{"type":"Feature","properties":{"boundary_score":0.7767,"activation_distance":0.44908},"geometry":{"type":"LineString","coordinates":[[114.1892,22.28685],[114.18895,22.28687]]}},{"type":"Feature","properties":{"boundary_score":0.7767,"activation_distance":0.44908},"geometry":{"type":"LineString","coordinates":[[114.18895,22.28687],[114.1892,22.28685]]}},{"type":"Feature","properties":{"boundary_score":0.0834,"activation_distance":0.09327},"geometry":{"type":"LineString","coordinates":[[114.18249,22.27047],[114.18267,22.27032]]}},{"type":"Feature","properties":{"boundary_score":0.0834,"activation_distance":0.09327},"geometry":{"type":"LineString","coordinates":[[114.18267,22.27032],[114.18249,22.27047]]}},{"type":"Feature","properties":{"boundary_score":0.0301,"activation_distance":0.06595},"geometry":{"type":"LineString","coordinates":[[114.17171,22.25039],[114.17146,22.25041]]}},{"type":"Feature","properties":{"boundary_score":0.0301,"activation_distance":0.06595},"geometry":{"type":"LineString","coordinates":[[114.17146,22.25041],[114.17171,22.25039]]}},{"type":"Feature","properties":{"boundary_score":0.1228,"activation_distance":0.11349},"geometry":{"type":"LineString","coordinates":[[114.16119,22.28385],[114.16126,22.28408]]}},{"type":"Feature","properties":{"boundary_score":0.1228,"activation_distance":0.11349},"geometry":{"type":"LineString","coordinates":[[114.16126,22.28408],[114.16119,22.28385]]}},{"type":"Feature","properties":{"boundary_score":0.2371,"activation_distance":0.17219},"geometry":{"type":"LineString","coordinates":[[114.16126,22.28408],[114.16133,22.28431]]}},{"type":"Feature","properties":{"boundary_score":0.2371,"activation_distance":0.17219},"geometry":{"type":"LineString","coordinates":[[114.16133,22.28431],[114.16126,22.28408]]}},{"type":"Feature","properties":{"boundary_score":0.0121,"activation_distance":0.05672},"geometry":{"type":"LineString","coordinates":[[114.15704,22.3312],[114.15686,22.33134]]}},{"type":"Feature","properties":{"boundary_score":0.0121,"activation_distance":0.05672},"geometry":{"type":"LineString","coordinates":[[114.15686,22.33134],[114.15704,22.3312]]}},{"type":"Feature","properties":{"boundary_score":0.0693,"activation_distance":0.08606},"geometry":{"type":"LineString","coordinates":[[114.25973,22.35382],[114.25975,22.35406]]}},{"type":"Feature","properties":{"boundary_score":0.0693,"activation_distance":0.08606},"geometry":{"type":"LineString","coordinates":[[114.25975,22.35406],[114.25973,22.35382]]}},{"type":"Feature","properties":{"boundary_score":0.1289,"activation_distance":0.11664},"geometry":{"type":"LineString","coordinates":[[114.25339,22.35191],[114.25318,22.35166]]}},{"type":"Feature","properties":{"boundary_score":0.1289,"activation_distance":0.11664},"geometry":{"type":"LineString","coordinates":[[114.25318,22.35166],[114.25339,22.35191]]}},{"type":"Feature","properties":{"boundary_score":0.0912,"activation_distance":0.09732},"geometry":{"type":"LineString","coordinates":[[114.25339,22.35191],[114.25332,22.35171]]}},{"type":"Feature","properties":{"boundary_score":0.0912,"activation_distance":0.09732},"geometry":{"type":"LineString","coordinates":[[114.25332,22.35171],[114.25339,22.35191]]}},{"type":"Feature","properties":{"boundary_score":0.4029,"activation_distance":0.25726},"geometry":{"type":"LineString","coordinates":[[114.18761,22.27954],[114.18788,22.27964]]}},{"type":"Feature","properties":{"boundary_score":0.4029,"activation_distance":0.25726},"geometry":{"type":"LineString","coordinates":[[114.18788,22.27964],[114.18761,22.27954]]}},{"type":"Feature","properties":{"boundary_score":0.082,"activation_distance":0.09258},"geometry":{"type":"LineString","coordinates":[[114.1854,22.30939],[114.18524,22.30955]]}},{"type":"Feature","properties":{"boundary_score":0.082,"activation_distance":0.09258},"geometry":{"type":"LineString","coordinates":[[114.18524,22.30955],[114.1854,22.30939]]}},{"type":"Feature","properties":{"boundary_score":0.071,"activation_distance":0.08692},"geometry":{"type":"LineString","coordinates":[[114.18094,22.30205],[114.1807,22.30207]]}},{"type":"Feature","properties":{"boundary_score":0.071,"activation_distance":0.08692},"geometry":{"type":"LineString","coordinates":[[114.1807,22.30207],[114.18094,22.30205]]}},{"type":"Feature","properties":{"boundary_score":0.1731,"activation_distance":0.13931},"geometry":{"type":"LineString","coordinates":[[114.18761,22.26671],[114.18792,22.26649]]}},{"type":"Feature","properties":{"boundary_score":0.1731,"activation_distance":0.13931},"geometry":{"type":"LineString","coordinates":[[114.18792,22.26649],[114.18761,22.26671]]}},{"type":"Feature","properties":{"boundary_score":0.0343,"activation_distance":0.06811},"geometry":{"type":"LineString","coordinates":[[114.22692,22.30835],[114.22714,22.30841]]}},{"type":"Feature","properties":{"boundary_score":0.0343,"activation_distance":0.06811},"geometry":{"type":"LineString","coordinates":[[114.22714,22.30841],[114.22692,22.30835]]}},{"type":"Feature","properties":{"boundary_score":0.11,"activation_distance":0.10694},"geometry":{"type":"LineString","coordinates":[[114.22768,22.30885],[114.22747,22.3091]]}},{"type":"Feature","properties":{"boundary_score":0.11,"activation_distance":0.10694},"geometry":{"type":"LineString","coordinates":[[114.22747,22.3091],[114.22768,22.30885]]}},{"type":"Feature","properties":{"boundary_score":0.0643,"activation_distance":0.0835},"geometry":{"type":"LineString","coordinates":[[114.23425,22.31554],[114.23437,22.31535]]}},{"type":"Feature","properties":{"boundary_score":0.0643,"activation_distance":0.0835},"geometry":{"type":"LineString","coordinates":[[114.23437,22.31535],[114.23425,22.31554]]}},{"type":"Feature","properties":{"boundary_score":0.0289,"activation_distance":0.06533},"geometry":{"type":"LineString","coordinates":[[114.19877,22.33927],[114.19853,22.3393]]}},{"type":"Feature","properties":{"boundary_score":0.0289,"activation_distance":0.06533},"geometry":{"type":"LineString","coordinates":[[114.19853,22.3393],[114.19877,22.33927]]}},{"type":"Feature","properties":{"boundary_score":0.1307,"activation_distance":0.11759},"geometry":{"type":"LineString","coordinates":[[114.19847,22.33942],[114.1987,22.33935]]}},{"type":"Feature","properties":{"boundary_score":0.1307,"activation_distance":0.11759},"geometry":{"type":"LineString","coordinates":[[114.1987,22.33935],[114.19847,22.33942]]}},{"type":"Feature","properties":{"boundary_score":0.1169,"activation_distance":0.11047},"geometry":{"type":"LineString","coordinates":[[114.17925,22.33821],[114.17924,22.33799]]}},{"type":"Feature","properties":{"boundary_score":0.1169,"activation_distance":0.11047},"geometry":{"type":"LineString","coordinates":[[114.17924,22.33799],[114.17925,22.33821]]}},{"type":"Feature","properties":{"boundary_score":0.2072,"activation_distance":0.15683},"geometry":{"type":"LineString","coordinates":[[114.17894,22.33659],[114.17895,22.33689]]}},{"type":"Feature","properties":{"boundary_score":0.2072,"activation_distance":0.15683},"geometry":{"type":"LineString","coordinates":[[114.17895,22.33689],[114.17894,22.33659]]}},{"type":"Feature","properties":{"boundary_score":0.2105,"activation_distance":0.15851},"geometry":{"type":"LineString","coordinates":[[114.20717,22.29362],[114.20738,22.29354]]}},{"type":"Feature","properties":{"boundary_score":0.2105,"activation_distance":0.15851},"geometry":{"type":"LineString","coordinates":[[114.20738,22.29354],[114.20717,22.29362]]}},{"type":"Feature","properties":{"boundary_score":0.0045,"activation_distance":0.05279},"geometry":{"type":"LineString","coordinates":[[114.18122,22.28101],[114.181,22.28093]]}},{"type":"Feature","properties":{"boundary_score":0.0045,"activation_distance":0.05279},"geometry":{"type":"LineString","coordinates":[[114.181,22.28093],[114.18122,22.28101]]}},{"type":"Feature","properties":{"boundary_score":0.3147,"activation_distance":0.21197},"geometry":{"type":"LineString","coordinates":[[114.17493,22.24928],[114.17471,22.2494]]}},{"type":"Feature","properties":{"boundary_score":0.3147,"activation_distance":0.21197},"geometry":{"type":"LineString","coordinates":[[114.17471,22.2494],[114.17493,22.24928]]}},{"type":"Feature","properties":{"boundary_score":0.3147,"activation_distance":0.21197},"geometry":{"type":"LineString","coordinates":[[114.17493,22.24928],[114.17473,22.2495]]}},{"type":"Feature","properties":{"boundary_score":0.3147,"activation_distance":0.21197},"geometry":{"type":"LineString","coordinates":[[114.17473,22.2495],[114.17493,22.24928]]}},{"type":"Feature","properties":{"boundary_score":0.1652,"activation_distance":0.13525},"geometry":{"type":"LineString","coordinates":[[114.16594,22.23921],[114.16606,22.2394]]}},{"type":"Feature","properties":{"boundary_score":0.1652,"activation_distance":0.13525},"geometry":{"type":"LineString","coordinates":[[114.16606,22.2394],[114.16594,22.23921]]}},{"type":"Feature","properties":{"boundary_score":0.0759,"activation_distance":0.08942},"geometry":{"type":"LineString","coordinates":[[114.18999,22.26338],[114.19013,22.26361]]}},{"type":"Feature","properties":{"boundary_score":0.0759,"activation_distance":0.08942},"geometry":{"type":"LineString","coordinates":[[114.19013,22.26361],[114.18999,22.26338]]}},{"type":"Feature","properties":{"boundary_score":0.2893,"activation_distance":0.19898},"geometry":{"type":"LineString","coordinates":[[114.18722,22.2405],[114.18718,22.24072]]}},{"type":"Feature","properties":{"boundary_score":0.2893,"activation_distance":0.19898},"geometry":{"type":"LineString","coordinates":[[114.18718,22.24072],[114.18722,22.2405]]}},{"type":"Feature","properties":{"boundary_score":0.0612,"activation_distance":0.08189},"geometry":{"type":"LineString","coordinates":[[114.18452,22.2642],[114.18465,22.26401]]}},{"type":"Feature","properties":{"boundary_score":0.0612,"activation_distance":0.08189},"geometry":{"type":"LineString","coordinates":[[114.18465,22.26401],[114.18452,22.2642]]}},{"type":"Feature","properties":{"boundary_score":0.1159,"activation_distance":0.10998},"geometry":{"type":"LineString","coordinates":[[114.19396,22.23892],[114.19376,22.239]]}},{"type":"Feature","properties":{"boundary_score":0.1159,"activation_distance":0.10998},"geometry":{"type":"LineString","coordinates":[[114.19376,22.239],[114.19396,22.23892]]}},{"type":"Feature","properties":{"boundary_score":0.4543,"activation_distance":0.28365},"geometry":{"type":"LineString","coordinates":[[114.19503,22.28364],[114.19508,22.28387]]}},{"type":"Feature","properties":{"boundary_score":0.4543,"activation_distance":0.28365},"geometry":{"type":"LineString","coordinates":[[114.19508,22.28387],[114.19503,22.28364]]}},{"type":"Feature","properties":{"boundary_score":0.0223,"activation_distance":0.06195},"geometry":{"type":"LineString","coordinates":[[114.19837,22.22469],[114.19857,22.22481]]}},{"type":"Feature","properties":{"boundary_score":0.0223,"activation_distance":0.06195},"geometry":{"type":"LineString","coordinates":[[114.19857,22.22481],[114.19837,22.22469]]}},{"type":"Feature","properties":{"boundary_score":0.4058,"activation_distance":0.25875},"geometry":{"type":"LineString","coordinates":[[114.21358,22.20926],[114.21373,22.20942]]}},{"type":"Feature","properties":{"boundary_score":0.4058,"activation_distance":0.25875},"geometry":{"type":"LineString","coordinates":[[114.21373,22.20942],[114.21358,22.20926]]}},{"type":"Feature","properties":{"boundary_score":0.0437,"activation_distance":0.0729},"geometry":{"type":"LineString","coordinates":[[114.20905,22.22059],[114.20887,22.22072]]}},{"type":"Feature","properties":{"boundary_score":0.0437,"activation_distance":0.0729},"geometry":{"type":"LineString","coordinates":[[114.20887,22.22072],[114.20905,22.22059]]}},{"type":"Feature","properties":{"boundary_score":0.4058,"activation_distance":0.25875},"geometry":{"type":"LineString","coordinates":[[114.21373,22.20942],[114.21358,22.20926]]}},{"type":"Feature","properties":{"boundary_score":0.4058,"activation_distance":0.25875},"geometry":{"type":"LineString","coordinates":[[114.21358,22.20926],[114.21373,22.20942]]}},{"type":"Feature","properties":{"boundary_score":0.2316,"activation_distance":0.16935},"geometry":{"type":"LineString","coordinates":[[114.21477,22.21426],[114.21479,22.21449]]}},{"type":"Feature","properties":{"boundary_score":0.2316,"activation_distance":0.16935},"geometry":{"type":"LineString","coordinates":[[114.21479,22.21449],[114.21477,22.21426]]}},{"type":"Feature","properties":{"boundary_score":0.0069,"activation_distance":0.05404},"geometry":{"type":"LineString","coordinates":[[114.2473,22.24022],[114.24747,22.24007]]}},{"type":"Feature","properties":{"boundary_score":0.0069,"activation_distance":0.05404},"geometry":{"type":"LineString","coordinates":[[114.24747,22.24007],[114.2473,22.24022]]}},{"type":"Feature","properties":{"boundary_score":0.2226,"activation_distance":0.16474},"geometry":{"type":"LineString","coordinates":[[114.25436,22.2291],[114.25414,22.22917]]}},{"type":"Feature","properties":{"boundary_score":0.2226,"activation_distance":0.16474},"geometry":{"type":"LineString","coordinates":[[114.25414,22.22917],[114.25436,22.2291]]}},{"type":"Feature","properties":{"boundary_score":0.0809,"activation_distance":0.09201},"geometry":{"type":"LineString","coordinates":[[114.23875,22.27541],[114.23889,22.27524]]}},{"type":"Feature","properties":{"boundary_score":0.0809,"activation_distance":0.09201},"geometry":{"type":"LineString","coordinates":[[114.23889,22.27524],[114.23875,22.27541]]}},{"type":"Feature","properties":{"boundary_score":0.1819,"activation_distance":0.14385},"geometry":{"type":"LineString","coordinates":[[114.24773,22.26768],[114.24759,22.26747]]}},{"type":"Feature","properties":{"boundary_score":0.1819,"activation_distance":0.14385},"geometry":{"type":"LineString","coordinates":[[114.24759,22.26747],[114.24773,22.26768]]}},{"type":"Feature","properties":{"boundary_score":0.0258,"activation_distance":0.06374},"geometry":{"type":"LineString","coordinates":[[114.25751,22.3133],[114.25736,22.31314]]}},{"type":"Feature","properties":{"boundary_score":0.0258,"activation_distance":0.06374},"geometry":{"type":"LineString","coordinates":[[114.25736,22.31314],[114.25751,22.3133]]}},{"type":"Feature","properties":{"boundary_score":0.0202,"activation_distance":0.06086},"geometry":{"type":"LineString","coordinates":[[114.17272,22.31492],[114.17285,22.31511]]}},{"type":"Feature","properties":{"boundary_score":0.0202,"activation_distance":0.06086},"geometry":{"type":"LineString","coordinates":[[114.17285,22.31511],[114.17272,22.31492]]}},{"type":"Feature","properties":{"boundary_score":0.0725,"activation_distance":0.08771},"geometry":{"type":"LineString","coordinates":[[114.18257,22.27717],[114.1828,22.27731]]}},{"type":"Feature","properties":{"boundary_score":0.0725,"activation_distance":0.08771},"geometry":{"type":"LineString","coordinates":[[114.1828,22.27731],[114.18257,22.27717]]}},{"type":"Feature","properties":{"boundary_score":0.2514,"activation_distance":0.17951},"geometry":{"type":"LineString","coordinates":[[114.16189,22.28335],[114.16212,22.28327]]}},{"type":"Feature","properties":{"boundary_score":0.2514,"activation_distance":0.17951},"geometry":{"type":"LineString","coordinates":[[114.16212,22.28327],[114.16189,22.28335]]}},{"type":"Feature","properties":{"boundary_score":0.1939,"activation_distance":0.14998},"geometry":{"type":"LineString","coordinates":[[114.16212,22.28327],[114.16236,22.28319]]}},{"type":"Feature","properties":{"boundary_score":0.1939,"activation_distance":0.14998},"geometry":{"type":"LineString","coordinates":[[114.16236,22.28319],[114.16212,22.28327]]}},{"type":"Feature","properties":{"boundary_score":0.0219,"activation_distance":0.06176},"geometry":{"type":"LineString","coordinates":[[114.17806,22.311],[114.17822,22.31084]]}},{"type":"Feature","properties":{"boundary_score":0.0219,"activation_distance":0.06176},"geometry":{"type":"LineString","coordinates":[[114.17822,22.31084],[114.17806,22.311]]}},{"type":"Feature","properties":{"boundary_score":0.2496,"activation_distance":0.17857},"geometry":{"type":"LineString","coordinates":[[114.16145,22.32701],[114.16126,22.32679]]}},{"type":"Feature","properties":{"boundary_score":0.2496,"activation_distance":0.17857},"geometry":{"type":"LineString","coordinates":[[114.16126,22.32679],[114.16145,22.32701]]}},{"type":"Feature","properties":{"boundary_score":0.038,"activation_distance":0.07},"geometry":{"type":"LineString","coordinates":[[114.16846,22.30004],[114.16821,22.30039]]}},{"type":"Feature","properties":{"boundary_score":0.038,"activation_distance":0.07},"geometry":{"type":"LineString","coordinates":[[114.16821,22.30039],[114.16846,22.30004]]}},{"type":"Feature","properties":{"boundary_score":0.0182,"activation_distance":0.05983},"geometry":{"type":"LineString","coordinates":[[114.16856,22.30022],[114.16871,22.30005]]}},{"type":"Feature","properties":{"boundary_score":0.0182,"activation_distance":0.05983},"geometry":{"type":"LineString","coordinates":[[114.16871,22.30005],[114.16856,22.30022]]}},{"type":"Feature","properties":{"boundary_score":0.0627,"activation_distance":0.08267},"geometry":{"type":"LineString","coordinates":[[114.16871,22.30005],[114.16887,22.29988]]}},{"type":"Feature","properties":{"boundary_score":0.0627,"activation_distance":0.08267},"geometry":{"type":"LineString","coordinates":[[114.16887,22.29988],[114.16871,22.30005]]}},{"type":"Feature","properties":{"boundary_score":0.0823,"activation_distance":0.09275},"geometry":{"type":"LineString","coordinates":[[114.16856,22.30022],[114.16853,22.29997]]}},{"type":"Feature","properties":{"boundary_score":0.0823,"activation_distance":0.09275},"geometry":{"type":"LineString","coordinates":[[114.16853,22.29997],[114.16856,22.30022]]}},{"type":"Feature","properties":{"boundary_score":0.2901,"activation_distance":0.19938},"geometry":{"type":"LineString","coordinates":[[114.17212,22.29899],[114.17213,22.29872]]}},{"type":"Feature","properties":{"boundary_score":0.2901,"activation_distance":0.19938},"geometry":{"type":"LineString","coordinates":[[114.17213,22.29872],[114.17212,22.29899]]}},{"type":"Feature","properties":{"boundary_score":0.0205,"activation_distance":0.06102},"geometry":{"type":"LineString","coordinates":[[114.18065,22.30212],[114.18089,22.3021]]}},{"type":"Feature","properties":{"boundary_score":0.0205,"activation_distance":0.06102},"geometry":{"type":"LineString","coordinates":[[114.18089,22.3021],[114.18065,22.30212]]}},{"type":"Feature","properties":{"boundary_score":0.0983,"activation_distance":0.10094},"geometry":{"type":"LineString","coordinates":[[114.16228,22.33485],[114.16207,22.33475]]}},{"type":"Feature","properties":{"boundary_score":0.0983,"activation_distance":0.10094},"geometry":{"type":"LineString","coordinates":[[114.16207,22.33475],[114.16228,22.33485]]}},{"type":"Feature","properties":{"boundary_score":0.024,"activation_distance":0.06283},"geometry":{"type":"LineString","coordinates":[[114.1914,22.30846],[114.19116,22.30856]]}},{"type":"Feature","properties":{"boundary_score":0.024,"activation_distance":0.06283},"geometry":{"type":"LineString","coordinates":[[114.19116,22.30856],[114.1914,22.30846]]}},{"type":"Feature","properties":{"boundary_score":0.0108,"activation_distance":0.05603},"geometry":{"type":"LineString","coordinates":[[114.16508,22.34264],[114.16494,22.34246]]}},{"type":"Feature","properties":{"boundary_score":0.0108,"activation_distance":0.05603},"geometry":{"type":"LineString","coordinates":[[114.16494,22.34246],[114.16508,22.34264]]}},{"type":"Feature","properties":{"boundary_score":0.0636,"activation_distance":0.08314},"geometry":{"type":"LineString","coordinates":[[114.24931,22.30318],[114.24951,22.30299]]}},{"type":"Feature","properties":{"boundary_score":0.0636,"activation_distance":0.08314},"geometry":{"type":"LineString","coordinates":[[114.24951,22.30299],[114.24931,22.30318]]}},{"type":"Feature","properties":{"boundary_score":0.1317,"activation_distance":0.1181},"geometry":{"type":"LineString","coordinates":[[114.26671,22.3097],[114.26684,22.30951]]}},{"type":"Feature","properties":{"boundary_score":0.1317,"activation_distance":0.1181},"geometry":{"type":"LineString","coordinates":[[114.26684,22.30951],[114.26671,22.3097]]}},{"type":"Feature","properties":{"boundary_score":0.0213,"activation_distance":0.06143},"geometry":{"type":"LineString","coordinates":[[114.25082,22.32975],[114.25095,22.32992]]}},{"type":"Feature","properties":{"boundary_score":0.0213,"activation_distance":0.06143},"geometry":{"type":"LineString","coordinates":[[114.25095,22.32992],[114.25082,22.32975]]}},{"type":"Feature","properties":{"boundary_score":0.0935,"activation_distance":0.09846},"geometry":{"type":"LineString","coordinates":[[114.25093,22.32875],[114.25072,22.32876]]}},{"type":"Feature","properties":{"boundary_score":0.0935,"activation_distance":0.09846},"geometry":{"type":"LineString","coordinates":[[114.25072,22.32876],[114.25093,22.32875]]}},{"type":"Feature","properties":{"boundary_score":0.0935,"activation_distance":0.09846},"geometry":{"type":"LineString","coordinates":[[114.25072,22.32876],[114.25093,22.32875]]}},{"type":"Feature","properties":{"boundary_score":0.0935,"activation_distance":0.09846},"geometry":{"type":"LineString","coordinates":[[114.25093,22.32875],[114.25072,22.32876]]}},{"type":"Feature","properties":{"boundary_score":0.0213,"activation_distance":0.06143},"geometry":{"type":"LineString","coordinates":[[114.25095,22.32992],[114.25082,22.32975]]}},{"type":"Feature","properties":{"boundary_score":0.0213,"activation_distance":0.06143},"geometry":{"type":"LineString","coordinates":[[114.25082,22.32975],[114.25095,22.32992]]}},{"type":"Feature","properties":{"boundary_score":0.0752,"activation_distance":0.0891},"geometry":{"type":"LineString","coordinates":[[114.23569,22.33333],[114.23547,22.3333]]}},{"type":"Feature","properties":{"boundary_score":0.0752,"activation_distance":0.0891},"geometry":{"type":"LineString","coordinates":[[114.23547,22.3333],[114.23569,22.33333]]}},{"type":"Feature","properties":{"boundary_score":0.3654,"activation_distance":0.23803},"geometry":{"type":"LineString","coordinates":[[114.19069,22.33395],[114.19079,22.33417]]}},{"type":"Feature","properties":{"boundary_score":0.3654,"activation_distance":0.23803},"geometry":{"type":"LineString","coordinates":[[114.19079,22.33417],[114.19069,22.33395]]}},{"type":"Feature","properties":{"boundary_score":0.3654,"activation_distance":0.23803},"geometry":{"type":"LineString","coordinates":[[114.19079,22.33417],[114.19069,22.33395]]}},{"type":"Feature","properties":{"boundary_score":0.3654,"activation_distance":0.23803},"geometry":{"type":"LineString","coordinates":[[114.19069,22.33395],[114.19079,22.33417]]}},{"type":"Feature","properties":{"boundary_score":0.025,"activation_distance":0.06332},"geometry":{"type":"LineString","coordinates":[[114.26813,22.28378],[114.26835,22.28368]]}},{"type":"Feature","properties":{"boundary_score":0.025,"activation_distance":0.06332},"geometry":{"type":"LineString","coordinates":[[114.26835,22.28368],[114.26813,22.28378]]}},{"type":"Feature","properties":{"boundary_score":0.1098,"activation_distance":0.10685},"geometry":{"type":"LineString","coordinates":[[114.17518,22.34016],[114.17493,22.34016]]}},{"type":"Feature","properties":{"boundary_score":0.1098,"activation_distance":0.10685},"geometry":{"type":"LineString","coordinates":[[114.17493,22.34016],[114.17518,22.34016]]}},{"type":"Feature","properties":{"boundary_score":0.061,"activation_distance":0.08178},"geometry":{"type":"LineString","coordinates":[[114.19027,22.26216],[114.19031,22.26192]]}},{"type":"Feature","properties":{"boundary_score":0.061,"activation_distance":0.08178},"geometry":{"type":"LineString","coordinates":[[114.19031,22.26192],[114.19027,22.26216]]}},{"type":"Feature","properties":{"boundary_score":0.0759,"activation_distance":0.08942},"geometry":{"type":"LineString","coordinates":[[114.19013,22.26361],[114.18999,22.26338]]}},{"type":"Feature","properties":{"boundary_score":0.0759,"activation_distance":0.08942},"geometry":{"type":"LineString","coordinates":[[114.18999,22.26338],[114.19013,22.26361]]}},{"type":"Feature","properties":{"boundary_score":0.1731,"activation_distance":0.13931},"geometry":{"type":"LineString","coordinates":[[114.18792,22.26649],[114.18761,22.26671]]}},{"type":"Feature","properties":{"boundary_score":0.1731,"activation_distance":0.13931},"geometry":{"type":"LineString","coordinates":[[114.18761,22.26671],[114.18792,22.26649]]}},{"type":"Feature","properties":{"boundary_score":0.4267,"activation_distance":0.26946},"geometry":{"type":"LineString","coordinates":[[114.1879,22.27945],[114.18767,22.2793]]}},{"type":"Feature","properties":{"boundary_score":0.4267,"activation_distance":0.26946},"geometry":{"type":"LineString","coordinates":[[114.18767,22.2793],[114.1879,22.27945]]}},{"type":"Feature","properties":{"boundary_score":0.0824,"activation_distance":0.09276},"geometry":{"type":"LineString","coordinates":[[114.179,22.33661],[114.17902,22.33684]]}},{"type":"Feature","properties":{"boundary_score":0.0824,"activation_distance":0.09276},"geometry":{"type":"LineString","coordinates":[[114.17902,22.33684],[114.179,22.33661]]}},{"type":"Feature","properties":{"boundary_score":0.0118,"activation_distance":0.05657},"geometry":{"type":"LineString","coordinates":[[114.17804,22.31517],[114.17819,22.31534]]}},{"type":"Feature","properties":{"boundary_score":0.0118,"activation_distance":0.05657},"geometry":{"type":"LineString","coordinates":[[114.17819,22.31534],[114.17804,22.31517]]}},{"type":"Feature","properties":{"boundary_score":0.0118,"activation_distance":0.05657},"geometry":{"type":"LineString","coordinates":[[114.17819,22.31534],[114.17804,22.31517]]}},{"type":"Feature","properties":{"boundary_score":0.0118,"activation_distance":0.05657},"geometry":{"type":"LineString","coordinates":[[114.17804,22.31517],[114.17819,22.31534]]}},{"type":"Feature","properties":{"boundary_score":0.7715,"activation_distance":0.44639},"geometry":{"type":"LineString","coordinates":[[114.16808,22.31097],[114.16784,22.31093]]}},{"type":"Feature","properties":{"boundary_score":0.7715,"activation_distance":0.44639},"geometry":{"type":"LineString","coordinates":[[114.16784,22.31093],[114.16808,22.31097]]}},{"type":"Feature","properties":{"boundary_score":0.3181,"activation_distance":0.21372},"geometry":{"type":"LineString","coordinates":[[114.16038,22.32],[114.16038,22.31972]]}},{"type":"Feature","properties":{"boundary_score":0.3181,"activation_distance":0.21372},"geometry":{"type":"LineString","coordinates":[[114.16038,22.31972],[114.16038,22.32]]}},{"type":"Feature","properties":{"boundary_score":0.2496,"activation_distance":0.17857},"geometry":{"type":"LineString","coordinates":[[114.1611,22.32692],[114.16129,22.32713]]}},{"type":"Feature","properties":{"boundary_score":0.2496,"activation_distance":0.17857},"geometry":{"type":"LineString","coordinates":[[114.16129,22.32713],[114.1611,22.32692]]}},{"type":"Feature","properties":{"boundary_score":0.0814,"activation_distance":0.09227},"geometry":{"type":"LineString","coordinates":[[114.16498,22.33936],[114.1652,22.33943]]}},{"type":"Feature","properties":{"boundary_score":0.0814,"activation_distance":0.09227},"geometry":{"type":"LineString","coordinates":[[114.1652,22.33943],[114.16498,22.33936]]}},{"type":"Feature","properties":{"boundary_score":0.0009,"activation_distance":0.05094},"geometry":{"type":"LineString","coordinates":[[114.16495,22.3422],[114.16494,22.34246]]}},{"type":"Feature","properties":{"boundary_score":0.0009,"activation_distance":0.05094},"geometry":{"type":"LineString","coordinates":[[114.16494,22.34246],[114.16495,22.3422]]}},{"type":"Feature","properties":{"boundary_score":0.0475,"activation_distance":0.07486},"geometry":{"type":"LineString","coordinates":[[114.15631,22.3427],[114.15608,22.3427]]}},{"type":"Feature","properties":{"boundary_score":0.0475,"activation_distance":0.07486},"geometry":{"type":"LineString","coordinates":[[114.15608,22.3427],[114.15631,22.3427]]}},{"type":"Feature","properties":{"boundary_score":0.0108,"activation_distance":0.05603},"geometry":{"type":"LineString","coordinates":[[114.16494,22.34246],[114.16508,22.34264]]}},{"type":"Feature","properties":{"boundary_score":0.0108,"activation_distance":0.05603},"geometry":{"type":"LineString","coordinates":[[114.16508,22.34264],[114.16494,22.34246]]}},{"type":"Feature","properties":{"boundary_score":0.0009,"activation_distance":0.05094},"geometry":{"type":"LineString","coordinates":[[114.16494,22.34246],[114.16495,22.3422]]}},{"type":"Feature","properties":{"boundary_score":0.0009,"activation_distance":0.05094},"geometry":{"type":"LineString","coordinates":[[114.16495,22.3422],[114.16494,22.34246]]}},{"type":"Feature","properties":{"boundary_score":0.024,"activation_distance":0.06283},"geometry":{"type":"LineString","coordinates":[[114.19116,22.30856],[114.1914,22.30846]]}},{"type":"Feature","properties":{"boundary_score":0.024,"activation_distance":0.06283},"geometry":{"type":"LineString","coordinates":[[114.1914,22.30846],[114.19116,22.30856]]}},{"type":"Feature","properties":{"boundary_score":0.0169,"activation_distance":0.05917},"geometry":{"type":"LineString","coordinates":[[114.15642,22.34255],[114.15619,22.34255]]}},{"type":"Feature","properties":{"boundary_score":0.0169,"activation_distance":0.05917},"geometry":{"type":"LineString","coordinates":[[114.15619,22.34255],[114.15642,22.34255]]}},{"type":"Feature","properties":{"boundary_score":0.2901,"activation_distance":0.19938},"geometry":{"type":"LineString","coordinates":[[114.17205,22.2987],[114.17203,22.29897]]}},{"type":"Feature","properties":{"boundary_score":0.2901,"activation_distance":0.19938},"geometry":{"type":"LineString","coordinates":[[114.17203,22.29897],[114.17205,22.2987]]}},{"type":"Feature","properties":{"boundary_score":0.2261,"activation_distance":0.16654},"geometry":{"type":"LineString","coordinates":[[114.19199,22.32401],[114.19219,22.32411]]}},{"type":"Feature","properties":{"boundary_score":0.2261,"activation_distance":0.16654},"geometry":{"type":"LineString","coordinates":[[114.19219,22.32411],[114.19199,22.32401]]}},{"type":"Feature","properties":{"boundary_score":0.1531,"activation_distance":0.12905},"geometry":{"type":"LineString","coordinates":[[114.19219,22.32411],[114.19241,22.32419]]}},{"type":"Feature","properties":{"boundary_score":0.1531,"activation_distance":0.12905},"geometry":{"type":"LineString","coordinates":[[114.19241,22.32419],[114.19219,22.32411]]}},{"type":"Feature","properties":{"boundary_score":0.138,"activation_distance":0.12129},"geometry":{"type":"LineString","coordinates":[[114.19742,22.32421],[114.19764,22.32421]]}},{"type":"Feature","properties":{"boundary_score":0.138,"activation_distance":0.12129},"geometry":{"type":"LineString","coordinates":[[114.19764,22.32421],[114.19742,22.32421]]}},{"type":"Feature","properties":{"boundary_score":0.1888,"activation_distance":0.14741},"geometry":{"type":"LineString","coordinates":[[114.18584,22.32513],[114.18604,22.32524]]}},{"type":"Feature","properties":{"boundary_score":0.1888,"activation_distance":0.14741},"geometry":{"type":"LineString","coordinates":[[114.18604,22.32524],[114.18584,22.32513]]}},{"type":"Feature","properties":{"boundary_score":0.3708,"activation_distance":0.24079},"geometry":{"type":"LineString","coordinates":[[114.18675,22.32901],[114.18647,22.32902]]}},{"type":"Feature","properties":{"boundary_score":0.3708,"activation_distance":0.24079},"geometry":{"type":"LineString","coordinates":[[114.18647,22.32902],[114.18675,22.32901]]}},{"type":"Feature","properties":{"boundary_score":0.3708,"activation_distance":0.24079},"geometry":{"type":"LineString","coordinates":[[114.18647,22.32902],[114.18675,22.32901]]}},{"type":"Feature","properties":{"boundary_score":0.3708,"activation_distance":0.24079},"geometry":{"type":"LineString","coordinates":[[114.18675,22.32901],[114.18647,22.32902]]}},{"type":"Feature","properties":{"boundary_score":0.3654,"activation_distance":0.23803},"geometry":{"type":"LineString","coordinates":[[114.19102,22.3341],[114.19094,22.33386]]}},{"type":"Feature","properties":{"boundary_score":0.3654,"activation_distance":0.23803},"geometry":{"type":"LineString","coordinates":[[114.19094,22.33386],[114.19102,22.3341]]}},{"type":"Feature","properties":{"boundary_score":0.0663,"activation_distance":0.08453},"geometry":{"type":"LineString","coordinates":[[114.18947,22.34202],[114.1892,22.34234]]}},{"type":"Feature","properties":{"boundary_score":0.0663,"activation_distance":0.08453},"geometry":{"type":"LineString","coordinates":[[114.1892,22.34234],[114.18947,22.34202]]}},{"type":"Feature","properties":{"boundary_score":0.1287,"activation_distance":0.11654},"geometry":{"type":"LineString","coordinates":[[114.20531,22.33758],[114.20487,22.33754]]}},{"type":"Feature","properties":{"boundary_score":0.1287,"activation_distance":0.11654},"geometry":{"type":"LineString","coordinates":[[114.20487,22.33754],[114.20531,22.33758]]}},{"type":"Feature","properties":{"boundary_score":0.213,"activation_distance":0.15981},"geometry":{"type":"LineString","coordinates":[[114.2315,22.28156],[114.2315,22.28179]]}},{"type":"Feature","properties":{"boundary_score":0.213,"activation_distance":0.15981},"geometry":{"type":"LineString","coordinates":[[114.2315,22.28179],[114.2315,22.28156]]}},{"type":"Feature","properties":{"boundary_score":0.3385,"activation_distance":0.22421},"geometry":{"type":"LineString","coordinates":[[114.22376,22.28194],[114.22354,22.28201]]}},{"type":"Feature","properties":{"boundary_score":0.3385,"activation_distance":0.22421},"geometry":{"type":"LineString","coordinates":[[114.22354,22.28201],[114.22376,22.28194]]}},{"type":"Feature","properties":{"boundary_score":0.213,"activation_distance":0.15981},"geometry":{"type":"LineString","coordinates":[[114.2315,22.28179],[114.2315,22.28156]]}},{"type":"Feature","properties":{"boundary_score":0.213,"activation_distance":0.15981},"geometry":{"type":"LineString","coordinates":[[114.2315,22.28156],[114.2315,22.28179]]}},{"type":"Feature","properties":{"boundary_score":0.0144,"activation_distance":0.05791},"geometry":{"type":"LineString","coordinates":[[114.20096,22.22603],[114.20074,22.2261]]}},{"type":"Feature","properties":{"boundary_score":0.0144,"activation_distance":0.05791},"geometry":{"type":"LineString","coordinates":[[114.20074,22.2261],[114.20096,22.22603]]}},{"type":"Feature","properties":{"boundary_score":0.0144,"activation_distance":0.05791},"geometry":{"type":"LineString","coordinates":[[114.20074,22.2261],[114.20096,22.22603]]}},{"type":"Feature","properties":{"boundary_score":0.0144,"activation_distance":0.05791},"geometry":{"type":"LineString","coordinates":[[114.20096,22.22603],[114.20074,22.2261]]}},{"type":"Feature","properties":{"boundary_score":0.1015,"activation_distance":0.10259},"geometry":{"type":"LineString","coordinates":[[114.19085,22.24297],[114.19091,22.24318]]}},{"type":"Feature","properties":{"boundary_score":0.1015,"activation_distance":0.10259},"geometry":{"type":"LineString","coordinates":[[114.19091,22.24318],[114.19085,22.24297]]}},{"type":"Feature","properties":{"boundary_score":0.077,"activation_distance":0.09001},"geometry":{"type":"LineString","coordinates":[[114.19213,22.24808],[114.19221,22.24829]]}},{"type":"Feature","properties":{"boundary_score":0.077,"activation_distance":0.09001},"geometry":{"type":"LineString","coordinates":[[114.19221,22.24829],[114.19213,22.24808]]}},{"type":"Feature","properties":{"boundary_score":0.2556,"activation_distance":0.18165},"geometry":{"type":"LineString","coordinates":[[114.19109,22.25115],[114.19112,22.25138]]}},{"type":"Feature","properties":{"boundary_score":0.2556,"activation_distance":0.18165},"geometry":{"type":"LineString","coordinates":[[114.19112,22.25138],[114.19109,22.25115]]}},{"type":"Feature","properties":{"boundary_score":0.1159,"activation_distance":0.10998},"geometry":{"type":"LineString","coordinates":[[114.19376,22.239],[114.19396,22.23892]]}},{"type":"Feature","properties":{"boundary_score":0.1159,"activation_distance":0.10998},"geometry":{"type":"LineString","coordinates":[[114.19396,22.23892],[114.19376,22.239]]}},{"type":"Feature","properties":{"boundary_score":0.2893,"activation_distance":0.19898},"geometry":{"type":"LineString","coordinates":[[114.18718,22.24072],[114.18722,22.2405]]}},{"type":"Feature","properties":{"boundary_score":0.2893,"activation_distance":0.19898},"geometry":{"type":"LineString","coordinates":[[114.18722,22.2405],[114.18718,22.24072]]}},{"type":"Feature","properties":{"boundary_score":0.1083,"activation_distance":0.10606},"geometry":{"type":"LineString","coordinates":[[114.16944,22.24804],[114.16931,22.24783]]}},{"type":"Feature","properties":{"boundary_score":0.1083,"activation_distance":0.10606},"geometry":{"type":"LineString","coordinates":[[114.16931,22.24783],[114.16944,22.24804]]}},{"type":"Feature","properties":{"boundary_score":0.1935,"activation_distance":0.14979},"geometry":{"type":"LineString","coordinates":[[114.17828,22.24814],[114.1785,22.24822]]}},{"type":"Feature","properties":{"boundary_score":0.1935,"activation_distance":0.14979},"geometry":{"type":"LineString","coordinates":[[114.1785,22.24822],[114.17828,22.24814]]}},{"type":"Feature","properties":{"boundary_score":0.1935,"activation_distance":0.14979},"geometry":{"type":"LineString","coordinates":[[114.1785,22.24822],[114.17828,22.24814]]}},{"type":"Feature","properties":{"boundary_score":0.1935,"activation_distance":0.14979},"geometry":{"type":"LineString","coordinates":[[114.17828,22.24814],[114.1785,22.24822]]}},{"type":"Feature","properties":{"boundary_score":0.0535,"activation_distance":0.07793},"geometry":{"type":"LineString","coordinates":[[114.19132,22.25704],[114.19154,22.25706]]}},{"type":"Feature","properties":{"boundary_score":0.0535,"activation_distance":0.07793},"geometry":{"type":"LineString","coordinates":[[114.19154,22.25706],[114.19132,22.25704]]}},{"type":"Feature","properties":{"boundary_score":0.2556,"activation_distance":0.18165},"geometry":{"type":"LineString","coordinates":[[114.19112,22.25138],[114.19109,22.25115]]}},{"type":"Feature","properties":{"boundary_score":0.2556,"activation_distance":0.18165},"geometry":{"type":"LineString","coordinates":[[114.19109,22.25115],[114.19112,22.25138]]}},{"type":"Feature","properties":{"boundary_score":0.077,"activation_distance":0.09001},"geometry":{"type":"LineString","coordinates":[[114.19221,22.24829],[114.19213,22.24808]]}},{"type":"Feature","properties":{"boundary_score":0.077,"activation_distance":0.09001},"geometry":{"type":"LineString","coordinates":[[114.19213,22.24808],[114.19221,22.24829]]}},{"type":"Feature","properties":{"boundary_score":0.1015,"activation_distance":0.10259},"geometry":{"type":"LineString","coordinates":[[114.19091,22.24318],[114.19085,22.24297]]}},{"type":"Feature","properties":{"boundary_score":0.1015,"activation_distance":0.10259},"geometry":{"type":"LineString","coordinates":[[114.19085,22.24297],[114.19091,22.24318]]}},{"type":"Feature","properties":{"boundary_score":0.0535,"activation_distance":0.07793},"geometry":{"type":"LineString","coordinates":[[114.19154,22.25706],[114.19132,22.25704]]}},{"type":"Feature","properties":{"boundary_score":0.0535,"activation_distance":0.07793},"geometry":{"type":"LineString","coordinates":[[114.19132,22.25704],[114.19154,22.25706]]}},{"type":"Feature","properties":{"boundary_score":0.101,"activation_distance":0.10231},"geometry":{"type":"LineString","coordinates":[[114.1983,22.21117],[114.19808,22.21122]]}},{"type":"Feature","properties":{"boundary_score":0.101,"activation_distance":0.10231},"geometry":{"type":"LineString","coordinates":[[114.19808,22.21122],[114.1983,22.21117]]}},{"type":"Feature","properties":{"boundary_score":0.101,"activation_distance":0.10231},"geometry":{"type":"LineString","coordinates":[[114.19808,22.21122],[114.1983,22.21117]]}},{"type":"Feature","properties":{"boundary_score":0.101,"activation_distance":0.10231},"geometry":{"type":"LineString","coordinates":[[114.1983,22.21117],[114.19808,22.21122]]}},{"type":"Feature","properties":{"boundary_score":0.2047,"activation_distance":0.15554},"geometry":{"type":"LineString","coordinates":[[114.20468,22.21699],[114.20456,22.21722]]}},{"type":"Feature","properties":{"boundary_score":0.2047,"activation_distance":0.15554},"geometry":{"type":"LineString","coordinates":[[114.20456,22.21722],[114.20468,22.21699]]}},{"type":"Feature","properties":{"boundary_score":0.2047,"activation_distance":0.15554},"geometry":{"type":"LineString","coordinates":[[114.20456,22.21722],[114.20468,22.21699]]}},{"type":"Feature","properties":{"boundary_score":0.2047,"activation_distance":0.15554},"geometry":{"type":"LineString","coordinates":[[114.20468,22.21699],[114.20456,22.21722]]}},{"type":"Feature","properties":{"boundary_score":0.2316,"activation_distance":0.16935},"geometry":{"type":"LineString","coordinates":[[114.21479,22.21449],[114.21477,22.21426]]}},{"type":"Feature","properties":{"boundary_score":0.2316,"activation_distance":0.16935},"geometry":{"type":"LineString","coordinates":[[114.21477,22.21426],[114.21479,22.21449]]}},{"type":"Feature","properties":{"boundary_score":0.1152,"activation_distance":0.1096},"geometry":{"type":"LineString","coordinates":[[114.21387,22.22435],[114.21404,22.22455]]}},{"type":"Feature","properties":{"boundary_score":0.1152,"activation_distance":0.1096},"geometry":{"type":"LineString","coordinates":[[114.21404,22.22455],[114.21387,22.22435]]}},{"type":"Feature","properties":{"boundary_score":0.1152,"activation_distance":0.1096},"geometry":{"type":"LineString","coordinates":[[114.21402,22.22477],[114.2138,22.22471]]}},{"type":"Feature","properties":{"boundary_score":0.1152,"activation_distance":0.1096},"geometry":{"type":"LineString","coordinates":[[114.2138,22.22471],[114.21402,22.22477]]}},{"type":"Feature","properties":{"boundary_score":0.0092,"activation_distance":0.05522},"geometry":{"type":"LineString","coordinates":[[114.20937,22.22521],[114.20935,22.22498]]}},{"type":"Feature","properties":{"boundary_score":0.0092,"activation_distance":0.05522},"geometry":{"type":"LineString","coordinates":[[114.20935,22.22498],[114.20937,22.22521]]}},{"type":"Feature","properties":{"boundary_score":0.1152,"activation_distance":0.1096},"geometry":{"type":"LineString","coordinates":[[114.21404,22.22455],[114.21387,22.22435]]}},{"type":"Feature","properties":{"boundary_score":0.1152,"activation_distance":0.1096},"geometry":{"type":"LineString","coordinates":[[114.21387,22.22435],[114.21404,22.22455]]}},{"type":"Feature","properties":{"boundary_score":0.4253,"activation_distance":0.26875},"geometry":{"type":"LineString","coordinates":[[114.22783,22.23112],[114.22804,22.23119]]}},{"type":"Feature","properties":{"boundary_score":0.4253,"activation_distance":0.26875},"geometry":{"type":"LineString","coordinates":[[114.22804,22.23119],[114.22783,22.23112]]}},{"type":"Feature","properties":{"boundary_score":0.1421,"activation_distance":0.12344},"geometry":{"type":"LineString","coordinates":[[114.22454,22.23672],[114.22438,22.23656]]}},{"type":"Feature","properties":{"boundary_score":0.1421,"activation_distance":0.12344},"geometry":{"type":"LineString","coordinates":[[114.22438,22.23656],[114.22454,22.23672]]}},{"type":"Feature","properties":{"boundary_score":0.1783,"activation_distance":0.14199},"geometry":{"type":"LineString","coordinates":[[114.22598,22.23609],[114.22592,22.23587]]}},{"type":"Feature","properties":{"boundary_score":0.1783,"activation_distance":0.14199},"geometry":{"type":"LineString","coordinates":[[114.22592,22.23587],[114.22598,22.23609]]}},{"type":"Feature","properties":{"boundary_score":0.1421,"activation_distance":0.12344},"geometry":{"type":"LineString","coordinates":[[114.22438,22.23656],[114.22454,22.23672]]}},{"type":"Feature","properties":{"boundary_score":0.1421,"activation_distance":0.12344},"geometry":{"type":"LineString","coordinates":[[114.22454,22.23672],[114.22438,22.23656]]}},{"type":"Feature","properties":{"boundary_score":0.4253,"activation_distance":0.26875},"geometry":{"type":"LineString","coordinates":[[114.22804,22.23119],[114.22783,22.23112]]}},{"type":"Feature","properties":{"boundary_score":0.4253,"activation_distance":0.26875},"geometry":{"type":"LineString","coordinates":[[114.22783,22.23112],[114.22804,22.23119]]}},{"type":"Feature","properties":{"boundary_score":0.204,"activation_distance":0.15517},"geometry":{"type":"LineString","coordinates":[[114.16278,22.26568],[114.16267,22.26592]]}},{"type":"Feature","properties":{"boundary_score":0.204,"activation_distance":0.15517},"geometry":{"type":"LineString","coordinates":[[114.16267,22.26592],[114.16278,22.26568]]}},{"type":"Feature","properties":{"boundary_score":0.204,"activation_distance":0.15517},"geometry":{"type":"LineString","coordinates":[[114.16267,22.26592],[114.16278,22.26568]]}},{"type":"Feature","properties":{"boundary_score":0.204,"activation_distance":0.15517},"geometry":{"type":"LineString","coordinates":[[114.16278,22.26568],[114.16267,22.26592]]}},{"type":"Feature","properties":{"boundary_score":0.0698,"activation_distance":0.08631},"geometry":{"type":"LineString","coordinates":[[114.16491,22.26965],[114.16468,22.26963]]}},{"type":"Feature","properties":{"boundary_score":0.0698,"activation_distance":0.08631},"geometry":{"type":"LineString","coordinates":[[114.16468,22.26963],[114.16491,22.26965]]}},{"type":"Feature","properties":{"boundary_score":0.0998,"activation_distance":0.10173},"geometry":{"type":"LineString","coordinates":[[114.16409,22.27536],[114.16389,22.27547]]}},{"type":"Feature","properties":{"boundary_score":0.0998,"activation_distance":0.10173},"geometry":{"type":"LineString","coordinates":[[114.16389,22.27547],[114.16409,22.27536]]}},{"type":"Feature","properties":{"boundary_score":0.0998,"activation_distance":0.10173},"geometry":{"type":"LineString","coordinates":[[114.16389,22.27547],[114.16409,22.27536]]}},{"type":"Feature","properties":{"boundary_score":0.0998,"activation_distance":0.10173},"geometry":{"type":"LineString","coordinates":[[114.16409,22.27536],[114.16389,22.27547]]}},{"type":"Feature","properties":{"boundary_score":0.1228,"activation_distance":0.11352},"geometry":{"type":"LineString","coordinates":[[114.20843,22.34087],[114.20832,22.34066]]}},{"type":"Feature","properties":{"boundary_score":0.1228,"activation_distance":0.11352},"geometry":{"type":"LineString","coordinates":[[114.20832,22.34066],[114.20843,22.34087]]}},{"type":"Feature","properties":{"boundary_score":0.0045,"activation_distance":0.05278},"geometry":{"type":"LineString","coordinates":[[114.2078,22.34318],[114.20802,22.34323]]}},{"type":"Feature","properties":{"boundary_score":0.0045,"activation_distance":0.05278},"geometry":{"type":"LineString","coordinates":[[114.20802,22.34323],[114.2078,22.34318]]}},{"type":"Feature","properties":{"boundary_score":0.1757,"activation_distance":0.14068},"geometry":{"type":"LineString","coordinates":[[114.2044,22.34648],[114.20417,22.34651]]}},{"type":"Feature","properties":{"boundary_score":0.1757,"activation_distance":0.14068},"geometry":{"type":"LineString","coordinates":[[114.20417,22.34651],[114.2044,22.34648]]}},{"type":"Feature","properties":{"boundary_score":0.0162,"activation_distance":0.05879},"geometry":{"type":"LineString","coordinates":[[114.21761,22.32429],[114.21769,22.32392]]}},{"type":"Feature","properties":{"boundary_score":0.0162,"activation_distance":0.05879},"geometry":{"type":"LineString","coordinates":[[114.21769,22.32392],[114.21761,22.32429]]}},{"type":"Feature","properties":{"boundary_score":0.1217,"activation_distance":0.11295},"geometry":{"type":"LineString","coordinates":[[114.21591,22.32874],[114.21578,22.32893]]}},{"type":"Feature","properties":{"boundary_score":0.1217,"activation_distance":0.11295},"geometry":{"type":"LineString","coordinates":[[114.21578,22.32893],[114.21591,22.32874]]}},{"type":"Feature","properties":{"boundary_score":0.041,"activation_distance":0.07153},"geometry":{"type":"LineString","coordinates":[[114.22721,22.30824],[114.22699,22.30815]]}},{"type":"Feature","properties":{"boundary_score":0.041,"activation_distance":0.07153},"geometry":{"type":"LineString","coordinates":[[114.22699,22.30815],[114.22721,22.30824]]}},{"type":"Feature","properties":{"boundary_score":0.0085,"activation_distance":0.05484},"geometry":{"type":"LineString","coordinates":[[114.22731,22.30827],[114.22709,22.30817]]}},{"type":"Feature","properties":{"boundary_score":0.0085,"activation_distance":0.05484},"geometry":{"type":"LineString","coordinates":[[114.22709,22.30817],[114.22731,22.30827]]}},{"type":"Feature","properties":{"boundary_score":0.11,"activation_distance":0.10694},"geometry":{"type":"LineString","coordinates":[[114.22747,22.3091],[114.22768,22.30885]]}},{"type":"Feature","properties":{"boundary_score":0.11,"activation_distance":0.10694},"geometry":{"type":"LineString","coordinates":[[114.22768,22.30885],[114.22747,22.3091]]}},{"type":"Feature","properties":{"boundary_score":0.1092,"activation_distance":0.10651},"geometry":{"type":"LineString","coordinates":[[114.21882,22.31102],[114.21867,22.3112]]}},{"type":"Feature","properties":{"boundary_score":0.1092,"activation_distance":0.10651},"geometry":{"type":"LineString","coordinates":[[114.21867,22.3112],[114.21882,22.31102]]}},{"type":"Feature","properties":{"boundary_score":0.0129,"activation_distance":0.0571},"geometry":{"type":"LineString","coordinates":[[114.23667,22.31231],[114.23691,22.31226]]}},{"type":"Feature","properties":{"boundary_score":0.0129,"activation_distance":0.0571},"geometry":{"type":"LineString","coordinates":[[114.23691,22.31226],[114.23667,22.31231]]}},{"type":"Feature","properties":{"boundary_score":0.1092,"activation_distance":0.10651},"geometry":{"type":"LineString","coordinates":[[114.21867,22.3112],[114.21882,22.31102]]}},{"type":"Feature","properties":{"boundary_score":0.1092,"activation_distance":0.10651},"geometry":{"type":"LineString","coordinates":[[114.21882,22.31102],[114.21867,22.3112]]}},{"type":"Feature","properties":{"boundary_score":0.0643,"activation_distance":0.0835},"geometry":{"type":"LineString","coordinates":[[114.23437,22.31535],[114.23425,22.31554]]}},{"type":"Feature","properties":{"boundary_score":0.0643,"activation_distance":0.0835},"geometry":{"type":"LineString","coordinates":[[114.23425,22.31554],[114.23437,22.31535]]}},{"type":"Feature","properties":{"boundary_score":0.0753,"activation_distance":0.08915},"geometry":{"type":"LineString","coordinates":[[114.23547,22.33339],[114.2357,22.33343]]}},{"type":"Feature","properties":{"boundary_score":0.0753,"activation_distance":0.08915},"geometry":{"type":"LineString","coordinates":[[114.2357,22.33343],[114.23547,22.33339]]}},{"type":"Feature","properties":{"boundary_score":0.2626,"activation_distance":0.18526},"geometry":{"type":"LineString","coordinates":[[114.24038,22.33563],[114.24031,22.33585]]}},{"type":"Feature","properties":{"boundary_score":0.2626,"activation_distance":0.18526},"geometry":{"type":"LineString","coordinates":[[114.24031,22.33585],[114.24038,22.33563]]}},{"type":"Feature","properties":{"boundary_score":0.0011,"activation_distance":0.05108},"geometry":{"type":"LineString","coordinates":[[114.24306,22.33746],[114.24321,22.33764]]}},{"type":"Feature","properties":{"boundary_score":0.0011,"activation_distance":0.05108},"geometry":{"type":"LineString","coordinates":[[114.24321,22.33764],[114.24306,22.33746]]}},{"type":"Feature","properties":{"boundary_score":0.1102,"activation_distance":0.10703},"geometry":{"type":"LineString","coordinates":[[114.24516,22.33665],[114.24523,22.33641]]}},{"type":"Feature","properties":{"boundary_score":0.1102,"activation_distance":0.10703},"geometry":{"type":"LineString","coordinates":[[114.24523,22.33641],[114.24516,22.33665]]}},{"type":"Feature","properties":{"boundary_score":0.2626,"activation_distance":0.18526},"geometry":{"type":"LineString","coordinates":[[114.24031,22.33585],[114.24038,22.33563]]}},{"type":"Feature","properties":{"boundary_score":0.2626,"activation_distance":0.18526},"geometry":{"type":"LineString","coordinates":[[114.24038,22.33563],[114.24031,22.33585]]}},{"type":"Feature","properties":{"boundary_score":0.0453,"activation_distance":0.07374},"geometry":{"type":"LineString","coordinates":[[114.24499,22.33833],[114.24477,22.33824]]}},{"type":"Feature","properties":{"boundary_score":0.0453,"activation_distance":0.07374},"geometry":{"type":"LineString","coordinates":[[114.24477,22.33824],[114.24499,22.33833]]}},{"type":"Feature","properties":{"boundary_score":0.0411,"activation_distance":0.07161},"geometry":{"type":"LineString","coordinates":[[114.24709,22.34209],[114.24707,22.34232]]}},{"type":"Feature","properties":{"boundary_score":0.0411,"activation_distance":0.07161},"geometry":{"type":"LineString","coordinates":[[114.24707,22.34232],[114.24709,22.34209]]}},{"type":"Feature","properties":{"boundary_score":0.0411,"activation_distance":0.07161},"geometry":{"type":"LineString","coordinates":[[114.24707,22.34232],[114.24709,22.34209]]}},{"type":"Feature","properties":{"boundary_score":0.0411,"activation_distance":0.07161},"geometry":{"type":"LineString","coordinates":[[114.24709,22.34209],[114.24707,22.34232]]}},{"type":"Feature","properties":{"boundary_score":0.0841,"activation_distance":0.09366},"geometry":{"type":"LineString","coordinates":[[114.24707,22.34232],[114.24685,22.34249]]}},{"type":"Feature","properties":{"boundary_score":0.0841,"activation_distance":0.09366},"geometry":{"type":"LineString","coordinates":[[114.24685,22.34249],[114.24707,22.34232]]}},{"type":"Feature","properties":{"boundary_score":0.0841,"activation_distance":0.09366},"geometry":{"type":"LineString","coordinates":[[114.24707,22.34232],[114.24678,22.34227]]}},{"type":"Feature","properties":{"boundary_score":0.0841,"activation_distance":0.09366},"geometry":{"type":"LineString","coordinates":[[114.24678,22.34227],[114.24707,22.34232]]}},{"type":"Feature","properties":{"boundary_score":0.0841,"activation_distance":0.09366},"geometry":{"type":"LineString","coordinates":[[114.24685,22.34249],[114.24707,22.34232]]}},{"type":"Feature","properties":{"boundary_score":0.0841,"activation_distance":0.09366},"geometry":{"type":"LineString","coordinates":[[114.24707,22.34232],[114.24685,22.34249]]}},{"type":"Feature","properties":{"boundary_score":0.2898,"activation_distance":0.19922},"geometry":{"type":"LineString","coordinates":[[114.25754,22.34411],[114.25753,22.34388]]}},{"type":"Feature","properties":{"boundary_score":0.2898,"activation_distance":0.19922},"geometry":{"type":"LineString","coordinates":[[114.25753,22.34388],[114.25754,22.34411]]}},{"type":"Feature","properties":{"boundary_score":0.2735,"activation_distance":0.19086},"geometry":{"type":"LineString","coordinates":[[114.27022,22.32663],[114.27038,22.32642]]}},{"type":"Feature","properties":{"boundary_score":0.2735,"activation_distance":0.19086},"geometry":{"type":"LineString","coordinates":[[114.27038,22.32642],[114.27022,22.32663]]}},{"type":"Feature","properties":{"boundary_score":0.1169,"activation_distance":0.11047},"geometry":{"type":"LineString","coordinates":[[114.17901,22.33807],[114.17903,22.33834]]}},{"type":"Feature","properties":{"boundary_score":0.1169,"activation_distance":0.11047},"geometry":{"type":"LineString","coordinates":[[114.17903,22.33834],[114.17901,22.33807]]}},{"type":"Feature","properties":{"boundary_score":0.1169,"activation_distance":0.11047},"geometry":{"type":"LineString","coordinates":[[114.17919,22.33825],[114.17918,22.33802]]}},{"type":"Feature","properties":{"boundary_score":0.1169,"activation_distance":0.11047},"geometry":{"type":"LineString","coordinates":[[114.17918,22.33802],[114.17919,22.33825]]}},{"type":"Feature","properties":{"boundary_score":0.4245,"activation_distance":0.26834},"geometry":{"type":"LineString","coordinates":[[114.18495,22.28326],[114.18501,22.2835]]}},{"type":"Feature","properties":{"boundary_score":0.4245,"activation_distance":0.26834},"geometry":{"type":"LineString","coordinates":[[114.18501,22.2835],[114.18495,22.28326]]}},{"type":"Feature","properties":{"boundary_score":0.4245,"activation_distance":0.26834},"geometry":{"type":"LineString","coordinates":[[114.18495,22.28326],[114.18517,22.28343]]}},{"type":"Feature","properties":{"boundary_score":0.4245,"activation_distance":0.26834},"geometry":{"type":"LineString","coordinates":[[114.18517,22.28343],[114.18495,22.28326]]}},{"type":"Feature","properties":{"boundary_score":0.0037,"activation_distance":0.05237},"geometry":{"type":"LineString","coordinates":[[114.19771,22.27081],[114.19749,22.27086]]}},{"type":"Feature","properties":{"boundary_score":0.0037,"activation_distance":0.05237},"geometry":{"type":"LineString","coordinates":[[114.19749,22.27086],[114.19771,22.27081]]}},{"type":"Feature","properties":{"boundary_score":0.0086,"activation_distance":0.05491},"geometry":{"type":"LineString","coordinates":[[114.24494,22.31608],[114.24518,22.31611]]}},{"type":"Feature","properties":{"boundary_score":0.0086,"activation_distance":0.05491},"geometry":{"type":"LineString","coordinates":[[114.24518,22.31611],[114.24494,22.31608]]}},{"type":"Feature","properties":{"boundary_score":1.0,"activation_distance":0.56368},"geometry":{"type":"LineString","coordinates":[[114.24386,22.31721],[114.24386,22.31698]]}},{"type":"Feature","properties":{"boundary_score":1.0,"activation_distance":0.56368},"geometry":{"type":"LineString","coordinates":[[114.24386,22.31698],[114.24386,22.31721]]}},{"type":"Feature","properties":{"boundary_score":0.1217,"activation_distance":0.11295},"geometry":{"type":"LineString","coordinates":[[114.21578,22.32893],[114.21591,22.32874]]}},{"type":"Feature","properties":{"boundary_score":0.1217,"activation_distance":0.11295},"geometry":{"type":"LineString","coordinates":[[114.21591,22.32874],[114.21578,22.32893]]}},{"type":"Feature","properties":{"boundary_score":0.0334,"activation_distance":0.06764},"geometry":{"type":"LineString","coordinates":[[114.24878,22.26433],[114.24896,22.26449]]}},{"type":"Feature","properties":{"boundary_score":0.0334,"activation_distance":0.06764},"geometry":{"type":"LineString","coordinates":[[114.24896,22.26449],[114.24878,22.26433]]}},{"type":"Feature","properties":{"boundary_score":0.0188,"activation_distance":0.06012},"geometry":{"type":"LineString","coordinates":[[114.23018,22.30991],[114.23027,22.30955]]}},{"type":"Feature","properties":{"boundary_score":0.0188,"activation_distance":0.06012},"geometry":{"type":"LineString","coordinates":[[114.23027,22.30955],[114.23018,22.30991]]}},{"type":"Feature","properties":{"boundary_score":0.0412,"activation_distance":0.07165},"geometry":{"type":"LineString","coordinates":[[114.26895,22.32241],[114.26901,22.32219]]}},{"type":"Feature","properties":{"boundary_score":0.0412,"activation_distance":0.07165},"geometry":{"type":"LineString","coordinates":[[114.26901,22.32219],[114.26895,22.32241]]}},{"type":"Feature","properties":{"boundary_score":0.0361,"activation_distance":0.06902},"geometry":{"type":"LineString","coordinates":[[114.23292,22.32172],[114.23306,22.32154]]}},{"type":"Feature","properties":{"boundary_score":0.0361,"activation_distance":0.06902},"geometry":{"type":"LineString","coordinates":[[114.23306,22.32154],[114.23292,22.32172]]}},{"type":"Feature","properties":{"boundary_score":0.0361,"activation_distance":0.06902},"geometry":{"type":"LineString","coordinates":[[114.23298,22.3215],[114.23284,22.32168]]}},{"type":"Feature","properties":{"boundary_score":0.0361,"activation_distance":0.06902},"geometry":{"type":"LineString","coordinates":[[114.23284,22.32168],[114.23298,22.3215]]}},{"type":"Feature","properties":{"boundary_score":0.1632,"activation_distance":0.13423},"geometry":{"type":"LineString","coordinates":[[114.20314,22.31702],[114.20297,22.31718]]}},{"type":"Feature","properties":{"boundary_score":0.1632,"activation_distance":0.13423},"geometry":{"type":"LineString","coordinates":[[114.20297,22.31718],[114.20314,22.31702]]}},{"type":"Feature","properties":{"boundary_score":0.073,"activation_distance":0.08796},"geometry":{"type":"LineString","coordinates":[[114.19966,22.32042],[114.19976,22.32021]]}},{"type":"Feature","properties":{"boundary_score":0.073,"activation_distance":0.08796},"geometry":{"type":"LineString","coordinates":[[114.19976,22.32021],[114.19966,22.32042]]}},{"type":"Feature","properties":{"boundary_score":0.1633,"activation_distance":0.13429},"geometry":{"type":"LineString","coordinates":[[114.20297,22.31729],[114.20315,22.31714]]}},{"type":"Feature","properties":{"boundary_score":0.1633,"activation_distance":0.13429},"geometry":{"type":"LineString","coordinates":[[114.20315,22.31714],[114.20297,22.31729]]}},{"type":"Feature","properties":{"boundary_score":0.252,"activation_distance":0.17982},"geometry":{"type":"LineString","coordinates":[[114.20359,22.31597],[114.20364,22.31579]]}},{"type":"Feature","properties":{"boundary_score":0.252,"activation_distance":0.17982},"geometry":{"type":"LineString","coordinates":[[114.20364,22.31579],[114.20359,22.31597]]}},{"type":"Feature","properties":{"boundary_score":0.0499,"activation_distance":0.0761},"geometry":{"type":"LineString","coordinates":[[114.22079,22.28598],[114.22063,22.28616]]}},{"type":"Feature","properties":{"boundary_score":0.0499,"activation_distance":0.0761},"geometry":{"type":"LineString","coordinates":[[114.22063,22.28616],[114.22079,22.28598]]}},{"type":"Feature","properties":{"boundary_score":0.0189,"activation_distance":0.0602},"geometry":{"type":"LineString","coordinates":[[114.18146,22.34511],[114.18141,22.34533]]}},{"type":"Feature","properties":{"boundary_score":0.0189,"activation_distance":0.0602},"geometry":{"type":"LineString","coordinates":[[114.18141,22.34533],[114.18146,22.34511]]}},{"type":"Feature","properties":{"boundary_score":0.126,"activation_distance":0.11515},"geometry":{"type":"LineString","coordinates":[[114.17849,22.27007],[114.17843,22.27046]]}},{"type":"Feature","properties":{"boundary_score":0.126,"activation_distance":0.11515},"geometry":{"type":"LineString","coordinates":[[114.17843,22.27046],[114.17849,22.27007]]}},{"type":"Feature","properties":{"boundary_score":0.083,"activation_distance":0.09308},"geometry":{"type":"LineString","coordinates":[[114.17854,22.2703],[114.17849,22.27007]]}},{"type":"Feature","properties":{"boundary_score":0.083,"activation_distance":0.09308},"geometry":{"type":"LineString","coordinates":[[114.17849,22.27007],[114.17854,22.2703]]}},{"type":"Feature","properties":{"boundary_score":0.3385,"activation_distance":0.22421},"geometry":{"type":"LineString","coordinates":[[114.2236,22.2821],[114.22383,22.28204]]}},{"type":"Feature","properties":{"boundary_score":0.3385,"activation_distance":0.22421},"geometry":{"type":"LineString","coordinates":[[114.22383,22.28204],[114.2236,22.2821]]}},{"type":"Feature","properties":{"boundary_score":0.4267,"activation_distance":0.26946},"geometry":{"type":"LineString","coordinates":[[114.18751,22.27986],[114.18774,22.27985]]}},{"type":"Feature","properties":{"boundary_score":0.4267,"activation_distance":0.26946},"geometry":{"type":"LineString","coordinates":[[114.18774,22.27985],[114.18751,22.27986]]}},{"type":"Feature","properties":{"boundary_score":0.0273,"activation_distance":0.06449},"geometry":{"type":"LineString","coordinates":[[114.25076,22.32559],[114.25061,22.32602]]}},{"type":"Feature","properties":{"boundary_score":0.0273,"activation_distance":0.06449},"geometry":{"type":"LineString","coordinates":[[114.25061,22.32602],[114.25076,22.32559]]}},{"type":"Feature","properties":{"boundary_score":0.0273,"activation_distance":0.06449},"geometry":{"type":"LineString","coordinates":[[114.25061,22.32602],[114.25076,22.32559]]}},{"type":"Feature","properties":{"boundary_score":0.0273,"activation_distance":0.06449},"geometry":{"type":"LineString","coordinates":[[114.25076,22.32559],[114.25061,22.32602]]}},{"type":"Feature","properties":{"boundary_score":0.0664,"activation_distance":0.08455},"geometry":{"type":"LineString","coordinates":[[114.24963,22.32509],[114.24962,22.32486]]}},{"type":"Feature","properties":{"boundary_score":0.0664,"activation_distance":0.08455},"geometry":{"type":"LineString","coordinates":[[114.24962,22.32486],[114.24963,22.32509]]}},{"type":"Feature","properties":{"boundary_score":0.2898,"activation_distance":0.19922},"geometry":{"type":"LineString","coordinates":[[114.25753,22.34388],[114.25754,22.34411]]}},{"type":"Feature","properties":{"boundary_score":0.2898,"activation_distance":0.19922},"geometry":{"type":"LineString","coordinates":[[114.25754,22.34411],[114.25753,22.34388]]}},{"type":"Feature","properties":{"boundary_score":0.0725,"activation_distance":0.08771},"geometry":{"type":"LineString","coordinates":[[114.1828,22.27731],[114.18257,22.27717]]}},{"type":"Feature","properties":{"boundary_score":0.0725,"activation_distance":0.08771},"geometry":{"type":"LineString","coordinates":[[114.18257,22.27717],[114.1828,22.27731]]}},{"type":"Feature","properties":{"boundary_score":0.3385,"activation_distance":0.22421},"geometry":{"type":"LineString","coordinates":[[114.22358,22.28211],[114.22373,22.28194]]}},{"type":"Feature","properties":{"boundary_score":0.3385,"activation_distance":0.22421},"geometry":{"type":"LineString","coordinates":[[114.22373,22.28194],[114.22358,22.28211]]}},{"type":"Feature","properties":{"boundary_score":0.1819,"activation_distance":0.14385},"geometry":{"type":"LineString","coordinates":[[114.24759,22.26747],[114.24773,22.26768]]}},{"type":"Feature","properties":{"boundary_score":0.1819,"activation_distance":0.14385},"geometry":{"type":"LineString","coordinates":[[114.24773,22.26768],[114.24759,22.26747]]}},{"type":"Feature","properties":{"boundary_score":0.0938,"activation_distance":0.09865},"geometry":{"type":"LineString","coordinates":[[114.25595,22.32065],[114.25602,22.32042]]}},{"type":"Feature","properties":{"boundary_score":0.0938,"activation_distance":0.09865},"geometry":{"type":"LineString","coordinates":[[114.25602,22.32042],[114.25595,22.32065]]}},{"type":"Feature","properties":{"boundary_score":0.1568,"activation_distance":0.13094},"geometry":{"type":"LineString","coordinates":[[114.25591,22.32039],[114.25585,22.3206]]}},{"type":"Feature","properties":{"boundary_score":0.1568,"activation_distance":0.13094},"geometry":{"type":"LineString","coordinates":[[114.25585,22.3206],[114.25591,22.32039]]}},{"type":"Feature","properties":{"boundary_score":0.1382,"activation_distance":0.12141},"geometry":{"type":"LineString","coordinates":[[114.25987,22.32374],[114.25974,22.32394]]}},{"type":"Feature","properties":{"boundary_score":0.1382,"activation_distance":0.12141},"geometry":{"type":"LineString","coordinates":[[114.25974,22.32394],[114.25987,22.32374]]}},{"type":"Feature","properties":{"boundary_score":0.4354,"activation_distance":0.27391},"geometry":{"type":"LineString","coordinates":[[114.24465,22.31961],[114.2444,22.31952]]}},{"type":"Feature","properties":{"boundary_score":0.4354,"activation_distance":0.27391},"geometry":{"type":"LineString","coordinates":[[114.2444,22.31952],[114.24465,22.31961]]}},{"type":"Feature","properties":{"boundary_score":0.1742,"activation_distance":0.1399},"geometry":{"type":"LineString","coordinates":[[114.1842,22.31052],[114.18437,22.31036]]}},{"type":"Feature","properties":{"boundary_score":0.1742,"activation_distance":0.1399},"geometry":{"type":"LineString","coordinates":[[114.18437,22.31036],[114.1842,22.31052]]}},{"type":"Feature","properties":{"boundary_score":0.0693,"activation_distance":0.08606},"geometry":{"type":"LineString","coordinates":[[114.25975,22.35406],[114.25973,22.35382]]}},{"type":"Feature","properties":{"boundary_score":0.0693,"activation_distance":0.08606},"geometry":{"type":"LineString","coordinates":[[114.25973,22.35382],[114.25975,22.35406]]}},{"type":"Feature","properties":{"boundary_score":0.1438,"activation_distance":0.12427},"geometry":{"type":"LineString","coordinates":[[114.27801,22.31567],[114.27781,22.31557]]}},{"type":"Feature","properties":{"boundary_score":0.1438,"activation_distance":0.12427},"geometry":{"type":"LineString","coordinates":[[114.27781,22.31557],[114.27801,22.31567]]}},{"type":"Feature","properties":{"boundary_score":0.0312,"activation_distance":0.06651},"geometry":{"type":"LineString","coordinates":[[114.28371,22.31316],[114.28376,22.31342]]}},{"type":"Feature","properties":{"boundary_score":0.0312,"activation_distance":0.06651},"geometry":{"type":"LineString","coordinates":[[114.28376,22.31342],[114.28371,22.31316]]}},{"type":"Feature","properties":{"boundary_score":0.0223,"activation_distance":0.06195},"geometry":{"type":"LineString","coordinates":[[114.19857,22.22481],[114.19837,22.22469]]}},{"type":"Feature","properties":{"boundary_score":0.0223,"activation_distance":0.06195},"geometry":{"type":"LineString","coordinates":[[114.19837,22.22469],[114.19857,22.22481]]}},{"type":"Feature","properties":{"boundary_score":0.3043,"activation_distance":0.20664},"geometry":{"type":"LineString","coordinates":[[114.28564,22.30887],[114.28588,22.30892]]}},{"type":"Feature","properties":{"boundary_score":0.3043,"activation_distance":0.20664},"geometry":{"type":"LineString","coordinates":[[114.28588,22.30892],[114.28564,22.30887]]}},{"type":"Feature","properties":{"boundary_score":0.4572,"activation_distance":0.28512},"geometry":{"type":"LineString","coordinates":[[114.28529,22.311],[114.28506,22.31091]]}},{"type":"Feature","properties":{"boundary_score":0.4572,"activation_distance":0.28512},"geometry":{"type":"LineString","coordinates":[[114.28506,22.31091],[114.28529,22.311]]}},{"type":"Feature","properties":{"boundary_score":0.0312,"activation_distance":0.06651},"geometry":{"type":"LineString","coordinates":[[114.28376,22.31342],[114.28371,22.31316]]}},{"type":"Feature","properties":{"boundary_score":0.0312,"activation_distance":0.06651},"geometry":{"type":"LineString","coordinates":[[114.28371,22.31316],[114.28376,22.31342]]}},{"type":"Feature","properties":{"boundary_score":0.1438,"activation_distance":0.12427},"geometry":{"type":"LineString","coordinates":[[114.27781,22.31557],[114.27801,22.31567]]}},{"type":"Feature","properties":{"boundary_score":0.1438,"activation_distance":0.12427},"geometry":{"type":"LineString","coordinates":[[114.27801,22.31567],[114.27781,22.31557]]}},{"type":"Feature","properties":{"boundary_score":0.0809,"activation_distance":0.09201},"geometry":{"type":"LineString","coordinates":[[114.23889,22.27524],[114.23875,22.27541]]}},{"type":"Feature","properties":{"boundary_score":0.0809,"activation_distance":0.09201},"geometry":{"type":"LineString","coordinates":[[114.23875,22.27541],[114.23889,22.27524]]}},{"type":"Feature","properties":{"boundary_score":0.0009,"activation_distance":0.05098},"geometry":{"type":"LineString","coordinates":[[114.1852,22.28324],[114.18501,22.28309]]}},{"type":"Feature","properties":{"boundary_score":0.0009,"activation_distance":0.05098},"geometry":{"type":"LineString","coordinates":[[114.18501,22.28309],[114.1852,22.28324]]}},{"type":"Feature","properties":{"boundary_score":0.0302,"activation_distance":0.06599},"geometry":{"type":"LineString","coordinates":[[114.2175,22.32393],[114.21761,22.32429]]}},{"type":"Feature","properties":{"boundary_score":0.0302,"activation_distance":0.06599},"geometry":{"type":"LineString","coordinates":[[114.21761,22.32429],[114.2175,22.32393]]}},{"type":"Feature","properties":{"boundary_score":0.0162,"activation_distance":0.05879},"geometry":{"type":"LineString","coordinates":[[114.21769,22.32392],[114.21761,22.32429]]}},{"type":"Feature","properties":{"boundary_score":0.0162,"activation_distance":0.05879},"geometry":{"type":"LineString","coordinates":[[114.21761,22.32429],[114.21769,22.32392]]}},{"type":"Feature","properties":{"boundary_score":0.3005,"activation_distance":0.20471},"geometry":{"type":"LineString","coordinates":[[114.18583,22.26319],[114.18611,22.26314]]}},{"type":"Feature","properties":{"boundary_score":0.3005,"activation_distance":0.20471},"geometry":{"type":"LineString","coordinates":[[114.18611,22.26314],[114.18583,22.26319]]}},{"type":"Feature","properties":{"boundary_score":0.0612,"activation_distance":0.08189},"geometry":{"type":"LineString","coordinates":[[114.18465,22.26401],[114.18452,22.2642]]}},{"type":"Feature","properties":{"boundary_score":0.0612,"activation_distance":0.08189},"geometry":{"type":"LineString","coordinates":[[114.18452,22.2642],[114.18465,22.26401]]}},{"type":"Feature","properties":{"boundary_score":0.0364,"activation_distance":0.06916},"geometry":{"type":"LineString","coordinates":[[114.29558,22.27446],[114.29556,22.27423]]}},{"type":"Feature","properties":{"boundary_score":0.0364,"activation_distance":0.06916},"geometry":{"type":"LineString","coordinates":[[114.29556,22.27423],[114.29558,22.27446]]}},{"type":"Feature","properties":{"boundary_score":0.0455,"activation_distance":0.07382},"geometry":{"type":"LineString","coordinates":[[114.20195,22.2887],[114.20215,22.28878]]}},{"type":"Feature","properties":{"boundary_score":0.0455,"activation_distance":0.07382},"geometry":{"type":"LineString","coordinates":[[114.20215,22.28878],[114.20195,22.2887]]}},{"type":"Feature","properties":{"boundary_score":0.0066,"activation_distance":0.0539},"geometry":{"type":"LineString","coordinates":[[114.23267,22.33391],[114.23287,22.33381]]}},{"type":"Feature","properties":{"boundary_score":0.0066,"activation_distance":0.0539},"geometry":{"type":"LineString","coordinates":[[114.23287,22.33381],[114.23267,22.33391]]}},{"type":"Feature","properties":{"boundary_score":0.0151,"activation_distance":0.05825},"geometry":{"type":"LineString","coordinates":[[114.23287,22.33381],[114.23307,22.3337]]}},{"type":"Feature","properties":{"boundary_score":0.0151,"activation_distance":0.05825},"geometry":{"type":"LineString","coordinates":[[114.23307,22.3337],[114.23287,22.33381]]}},{"type":"Feature","properties":{"boundary_score":0.1716,"activation_distance":0.13857},"geometry":{"type":"LineString","coordinates":[[114.23389,22.33332],[114.23411,22.33328]]}},{"type":"Feature","properties":{"boundary_score":0.1716,"activation_distance":0.13857},"geometry":{"type":"LineString","coordinates":[[114.23411,22.33328],[114.23389,22.33332]]}},{"type":"Feature","properties":{"boundary_score":0.0941,"activation_distance":0.0988},"geometry":{"type":"LineString","coordinates":[[114.18773,22.27978],[114.18751,22.2798]]}},{"type":"Feature","properties":{"boundary_score":0.0941,"activation_distance":0.0988},"geometry":{"type":"LineString","coordinates":[[114.18751,22.2798],[114.18773,22.27978]]}},{"type":"Feature","properties":{"boundary_score":0.1918,"activation_distance":0.14894},"geometry":{"type":"LineString","coordinates":[[114.20957,22.33085],[114.20933,22.33099]]}},{"type":"Feature","properties":{"boundary_score":0.1918,"activation_distance":0.14894},"geometry":{"type":"LineString","coordinates":[[114.20933,22.33099],[114.20957,22.33085]]}},{"type":"Feature","properties":{"boundary_score":0.1918,"activation_distance":0.14894},"geometry":{"type":"LineString","coordinates":[[114.20957,22.33085],[114.20942,22.33103]]}},{"type":"Feature","properties":{"boundary_score":0.1918,"activation_distance":0.14894},"geometry":{"type":"LineString","coordinates":[[114.20942,22.33103],[114.20957,22.33085]]}},{"type":"Feature","properties":{"boundary_score":0.0434,"activation_distance":0.07276},"geometry":{"type":"LineString","coordinates":[[114.18917,22.28652],[114.18905,22.28672]]}},{"type":"Feature","properties":{"boundary_score":0.0434,"activation_distance":0.07276},"geometry":{"type":"LineString","coordinates":[[114.18905,22.28672],[114.18917,22.28652]]}},{"type":"Feature","properties":{"boundary_score":0.2107,"activation_distance":0.15861},"geometry":{"type":"LineString","coordinates":[[114.18905,22.28672],[114.18901,22.28695]]}},{"type":"Feature","properties":{"boundary_score":0.2107,"activation_distance":0.15861},"geometry":{"type":"LineString","coordinates":[[114.18901,22.28695],[114.18905,22.28672]]}},{"type":"Feature","properties":{"boundary_score":0.3416,"activation_distance":0.2258},"geometry":{"type":"LineString","coordinates":[[114.20552,22.33747],[114.20531,22.33758]]}},{"type":"Feature","properties":{"boundary_score":0.3416,"activation_distance":0.2258},"geometry":{"type":"LineString","coordinates":[[114.20531,22.33758],[114.20552,22.33747]]}},{"type":"Feature","properties":{"boundary_score":0.0105,"activation_distance":0.05587},"geometry":{"type":"LineString","coordinates":[[114.22718,22.30813],[114.22697,22.30802]]}},{"type":"Feature","properties":{"boundary_score":0.0105,"activation_distance":0.05587},"geometry":{"type":"LineString","coordinates":[[114.22697,22.30802],[114.22718,22.30813]]}},{"type":"Feature","properties":{"boundary_score":0.0086,"activation_distance":0.05491},"geometry":{"type":"LineString","coordinates":[[114.24518,22.31611],[114.24494,22.31608]]}},{"type":"Feature","properties":{"boundary_score":0.0086,"activation_distance":0.05491},"geometry":{"type":"LineString","coordinates":[[114.24494,22.31608],[114.24518,22.31611]]}},{"type":"Feature","properties":{"boundary_score":0.4354,"activation_distance":0.27391},"geometry":{"type":"LineString","coordinates":[[114.2444,22.31952],[114.24465,22.31961]]}},{"type":"Feature","properties":{"boundary_score":0.4354,"activation_distance":0.27391},"geometry":{"type":"LineString","coordinates":[[114.24465,22.31961],[114.2444,22.31952]]}},{"type":"Feature","properties":{"boundary_score":0.0279,"activation_distance":0.06481},"geometry":{"type":"LineString","coordinates":[[114.23349,22.31988],[114.23332,22.32004]]}},{"type":"Feature","properties":{"boundary_score":0.0279,"activation_distance":0.06481},"geometry":{"type":"LineString","coordinates":[[114.23332,22.32004],[114.23349,22.31988]]}},{"type":"Feature","properties":{"boundary_score":0.061,"activation_distance":0.08178},"geometry":{"type":"LineString","coordinates":[[114.19031,22.26192],[114.19027,22.26216]]}},{"type":"Feature","properties":{"boundary_score":0.061,"activation_distance":0.08178},"geometry":{"type":"LineString","coordinates":[[114.19027,22.26216],[114.19031,22.26192]]}},{"type":"Feature","properties":{"boundary_score":1.0,"activation_distance":0.56368},"geometry":{"type":"LineString","coordinates":[[114.24386,22.31698],[114.24386,22.31721]]}},{"type":"Feature","properties":{"boundary_score":1.0,"activation_distance":0.56368},"geometry":{"type":"LineString","coordinates":[[114.24386,22.31721],[114.24386,22.31698]]}},{"type":"Feature","properties":{"boundary_score":0.0991,"activation_distance":0.10137},"geometry":{"type":"LineString","coordinates":[[114.21719,22.3373],[114.21729,22.3371]]}},{"type":"Feature","properties":{"boundary_score":0.0991,"activation_distance":0.10137},"geometry":{"type":"LineString","coordinates":[[114.21729,22.3371],[114.21719,22.3373]]}},{"type":"Feature","properties":{"boundary_score":0.1968,"activation_distance":0.15149},"geometry":{"type":"LineString","coordinates":[[114.21875,22.33619],[114.21884,22.33598]]}},{"type":"Feature","properties":{"boundary_score":0.1968,"activation_distance":0.15149},"geometry":{"type":"LineString","coordinates":[[114.21884,22.33598],[114.21875,22.33619]]}},{"type":"Feature","properties":{"boundary_score":0.0616,"activation_distance":0.08211},"geometry":{"type":"LineString","coordinates":[[114.20673,22.31288],[114.2069,22.31273]]}},{"type":"Feature","properties":{"boundary_score":0.0616,"activation_distance":0.08211},"geometry":{"type":"LineString","coordinates":[[114.2069,22.31273],[114.20673,22.31288]]}},{"type":"Feature","properties":{"boundary_score":0.0261,"activation_distance":0.06388},"geometry":{"type":"LineString","coordinates":[[114.20928,22.31038],[114.20914,22.31057]]}},{"type":"Feature","properties":{"boundary_score":0.0261,"activation_distance":0.06388},"geometry":{"type":"LineString","coordinates":[[114.20914,22.31057],[114.20928,22.31038]]}},{"type":"Feature","properties":{"boundary_score":0.0728,"activation_distance":0.08788},"geometry":{"type":"LineString","coordinates":[[114.20809,22.31151],[114.20791,22.31167]]}},{"type":"Feature","properties":{"boundary_score":0.0728,"activation_distance":0.08788},"geometry":{"type":"LineString","coordinates":[[114.20791,22.31167],[114.20809,22.31151]]}},{"type":"Feature","properties":{"boundary_score":0.2036,"activation_distance":0.15496},"geometry":{"type":"LineString","coordinates":[[114.20686,22.31261],[114.20669,22.31276]]}},{"type":"Feature","properties":{"boundary_score":0.2036,"activation_distance":0.15496},"geometry":{"type":"LineString","coordinates":[[114.20669,22.31276],[114.20686,22.31261]]}},{"type":"Feature","properties":{"boundary_score":0.4571,"activation_distance":0.28505},"geometry":{"type":"LineString","coordinates":[[114.27255,22.29211],[114.27277,22.2921]]}},{"type":"Feature","properties":{"boundary_score":0.4571,"activation_distance":0.28505},"geometry":{"type":"LineString","coordinates":[[114.27277,22.2921],[114.27255,22.29211]]}},{"type":"Feature","properties":{"boundary_score":0.0633,"activation_distance":0.08297},"geometry":{"type":"LineString","coordinates":[[114.20381,22.32256],[114.20398,22.32241]]}},{"type":"Feature","properties":{"boundary_score":0.0633,"activation_distance":0.08297},"geometry":{"type":"LineString","coordinates":[[114.20398,22.32241],[114.20381,22.32256]]}},{"type":"Feature","properties":{"boundary_score":0.1106,"activation_distance":0.10726},"geometry":{"type":"LineString","coordinates":[[114.16286,22.31028],[114.16263,22.3102]]}},{"type":"Feature","properties":{"boundary_score":0.1106,"activation_distance":0.10726},"geometry":{"type":"LineString","coordinates":[[114.16263,22.3102],[114.16286,22.31028]]}},{"type":"Feature","properties":{"boundary_score":0.0923,"activation_distance":0.09786},"geometry":{"type":"LineString","coordinates":[[114.16299,22.31022],[114.1628,22.31009]]}},{"type":"Feature","properties":{"boundary_score":0.0923,"activation_distance":0.09786},"geometry":{"type":"LineString","coordinates":[[114.1628,22.31009],[114.16299,22.31022]]}},{"type":"Feature","properties":{"boundary_score":0.1127,"activation_distance":0.10831},"geometry":{"type":"LineString","coordinates":[[114.23409,22.33316],[114.23383,22.33321]]}},{"type":"Feature","properties":{"boundary_score":0.1127,"activation_distance":0.10831},"geometry":{"type":"LineString","coordinates":[[114.23383,22.33321],[114.23409,22.33316]]}},{"type":"Feature","properties":{"boundary_score":0.1282,"activation_distance":0.11627},"geometry":{"type":"LineString","coordinates":[[114.23168,22.26084],[114.2319,22.26098]]}},{"type":"Feature","properties":{"boundary_score":0.1282,"activation_distance":0.11627},"geometry":{"type":"LineString","coordinates":[[114.2319,22.26098],[114.23168,22.26084]]}},{"type":"Feature","properties":{"boundary_score":0.1282,"activation_distance":0.11627},"geometry":{"type":"LineString","coordinates":[[114.2319,22.26098],[114.23168,22.26084]]}},{"type":"Feature","properties":{"boundary_score":0.1282,"activation_distance":0.11627},"geometry":{"type":"LineString","coordinates":[[114.23168,22.26084],[114.2319,22.26098]]}},{"type":"Feature","properties":{"boundary_score":0.0045,"activation_distance":0.05278},"geometry":{"type":"LineString","coordinates":[[114.20802,22.34323],[114.2078,22.34318]]}},{"type":"Feature","properties":{"boundary_score":0.0045,"activation_distance":0.05278},"geometry":{"type":"LineString","coordinates":[[114.2078,22.34318],[114.20802,22.34323]]}},{"type":"Feature","properties":{"boundary_score":0.0794,"activation_distance":0.09122},"geometry":{"type":"LineString","coordinates":[[114.16309,22.31017],[114.16287,22.31005]]}},{"type":"Feature","properties":{"boundary_score":0.0794,"activation_distance":0.09122},"geometry":{"type":"LineString","coordinates":[[114.16287,22.31005],[114.16309,22.31017]]}},{"type":"Feature","properties":{"boundary_score":0.0625,"activation_distance":0.08255},"geometry":{"type":"LineString","coordinates":[[114.16279,22.31033],[114.16258,22.31025]]}},{"type":"Feature","properties":{"boundary_score":0.0625,"activation_distance":0.08255},"geometry":{"type":"LineString","coordinates":[[114.16258,22.31025],[114.16279,22.31033]]}},{"type":"Feature","properties":{"boundary_score":0.021,"activation_distance":0.06125},"geometry":{"type":"LineString","coordinates":[[114.17218,22.32732],[114.17219,22.327]]}},{"type":"Feature","properties":{"boundary_score":0.021,"activation_distance":0.06125},"geometry":{"type":"LineString","coordinates":[[114.17219,22.327],[114.17218,22.32732]]}},{"type":"Feature","properties":{"boundary_score":0.1572,"activation_distance":0.13117},"geometry":{"type":"LineString","coordinates":[[114.22812,22.25695],[114.22805,22.25673]]}},{"type":"Feature","properties":{"boundary_score":0.1572,"activation_distance":0.13117},"geometry":{"type":"LineString","coordinates":[[114.22805,22.25673],[114.22812,22.25695]]}},{"type":"Feature","properties":{"boundary_score":0.0664,"activation_distance":0.08455},"geometry":{"type":"LineString","coordinates":[[114.24962,22.32486],[114.24963,22.32509]]}},{"type":"Feature","properties":{"boundary_score":0.0664,"activation_distance":0.08455},"geometry":{"type":"LineString","coordinates":[[114.24963,22.32509],[114.24962,22.32486]]}},{"type":"Feature","properties":{"boundary_score":0.1315,"activation_distance":0.11799},"geometry":{"type":"LineString","coordinates":[[114.18875,22.32893],[114.18901,22.32893]]}},{"type":"Feature","properties":{"boundary_score":0.1315,"activation_distance":0.11799},"geometry":{"type":"LineString","coordinates":[[114.18901,22.32893],[114.18875,22.32893]]}},{"type":"Feature","properties":{"boundary_score":0.0639,"activation_distance":0.08329},"geometry":{"type":"LineString","coordinates":[[114.20089,22.34727],[114.20064,22.34729]]}},{"type":"Feature","properties":{"boundary_score":0.0639,"activation_distance":0.08329},"geometry":{"type":"LineString","coordinates":[[114.20064,22.34729],[114.20089,22.34727]]}},{"type":"Feature","properties":{"boundary_score":0.1228,"activation_distance":0.11352},"geometry":{"type":"LineString","coordinates":[[114.20832,22.34066],[114.20843,22.34087]]}},{"type":"Feature","properties":{"boundary_score":0.1228,"activation_distance":0.11352},"geometry":{"type":"LineString","coordinates":[[114.20843,22.34087],[114.20832,22.34066]]}},{"type":"Feature","properties":{"boundary_score":0.0422,"activation_distance":0.07216},"geometry":{"type":"LineString","coordinates":[[114.20812,22.33983],[114.20823,22.33962]]}},{"type":"Feature","properties":{"boundary_score":0.0422,"activation_distance":0.07216},"geometry":{"type":"LineString","coordinates":[[114.20823,22.33962],[114.20812,22.33983]]}},{"type":"Feature","properties":{"boundary_score":0.0279,"activation_distance":0.06481},"geometry":{"type":"LineString","coordinates":[[114.23332,22.32004],[114.23349,22.31988]]}},{"type":"Feature","properties":{"boundary_score":0.0279,"activation_distance":0.06481},"geometry":{"type":"LineString","coordinates":[[114.23349,22.31988],[114.23332,22.32004]]}},{"type":"Feature","properties":{"boundary_score":0.2208,"activation_distance":0.16382},"geometry":{"type":"LineString","coordinates":[[114.20823,22.32946],[114.2082,22.32968]]}},{"type":"Feature","properties":{"boundary_score":0.2208,"activation_distance":0.16382},"geometry":{"type":"LineString","coordinates":[[114.2082,22.32968],[114.20823,22.32946]]}},{"type":"Feature","properties":{"boundary_score":0.3654,"activation_distance":0.23803},"geometry":{"type":"LineString","coordinates":[[114.19094,22.33386],[114.19102,22.3341]]}},{"type":"Feature","properties":{"boundary_score":0.3654,"activation_distance":0.23803},"geometry":{"type":"LineString","coordinates":[[114.19102,22.3341],[114.19094,22.33386]]}},{"type":"Feature","properties":{"boundary_score":0.1757,"activation_distance":0.14068},"geometry":{"type":"LineString","coordinates":[[114.20417,22.34651],[114.2044,22.34648]]}},{"type":"Feature","properties":{"boundary_score":0.1757,"activation_distance":0.14068},"geometry":{"type":"LineString","coordinates":[[114.2044,22.34648],[114.20417,22.34651]]}},{"type":"Feature","properties":{"boundary_score":0.2099,"activation_distance":0.15821},"geometry":{"type":"LineString","coordinates":[[114.17628,22.32655],[114.17629,22.32623]]}},{"type":"Feature","properties":{"boundary_score":0.2099,"activation_distance":0.15821},"geometry":{"type":"LineString","coordinates":[[114.17629,22.32623],[114.17628,22.32655]]}},{"type":"Feature","properties":{"boundary_score":0.1888,"activation_distance":0.14741},"geometry":{"type":"LineString","coordinates":[[114.18608,22.32513],[114.18588,22.32501]]}},{"type":"Feature","properties":{"boundary_score":0.1888,"activation_distance":0.14741},"geometry":{"type":"LineString","coordinates":[[114.18588,22.32501],[114.18608,22.32513]]}},{"type":"Feature","properties":{"boundary_score":0.1895,"activation_distance":0.14772},"geometry":{"type":"LineString","coordinates":[[114.1974,22.32424],[114.19763,22.32429]]}},{"type":"Feature","properties":{"boundary_score":0.1895,"activation_distance":0.14772},"geometry":{"type":"LineString","coordinates":[[114.19763,22.32429],[114.1974,22.32424]]}},{"type":"Feature","properties":{"boundary_score":0.0723,"activation_distance":0.08761},"geometry":{"type":"LineString","coordinates":[[114.19293,22.32915],[114.1931,22.32931]]}},{"type":"Feature","properties":{"boundary_score":0.0723,"activation_distance":0.08761},"geometry":{"type":"LineString","coordinates":[[114.1931,22.32931],[114.19293,22.32915]]}},{"type":"Feature","properties":{"boundary_score":0.0675,"activation_distance":0.08516},"geometry":{"type":"LineString","coordinates":[[114.18263,22.27023],[114.18245,22.27038]]}},{"type":"Feature","properties":{"boundary_score":0.0675,"activation_distance":0.08516},"geometry":{"type":"LineString","coordinates":[[114.18245,22.27038],[114.18263,22.27023]]}},{"type":"Feature","properties":{"boundary_score":0.2972,"activation_distance":0.20299},"geometry":{"type":"LineString","coordinates":[[114.25363,22.35071],[114.25348,22.35088]]}},{"type":"Feature","properties":{"boundary_score":0.2972,"activation_distance":0.20299},"geometry":{"type":"LineString","coordinates":[[114.25348,22.35088],[114.25363,22.35071]]}},{"type":"Feature","properties":{"boundary_score":0.1228,"activation_distance":0.11354},"geometry":{"type":"LineString","coordinates":[[114.25211,22.35165],[114.2519,22.35172]]}},{"type":"Feature","properties":{"boundary_score":0.1228,"activation_distance":0.11354},"geometry":{"type":"LineString","coordinates":[[114.2519,22.35172],[114.25211,22.35165]]}},{"type":"Feature","properties":{"boundary_score":0.0313,"activation_distance":0.06657},"geometry":{"type":"LineString","coordinates":[[114.22413,22.32722],[114.22406,22.32694]]}},{"type":"Feature","properties":{"boundary_score":0.0313,"activation_distance":0.06657},"geometry":{"type":"LineString","coordinates":[[114.22406,22.32694],[114.22413,22.32722]]}},{"type":"Feature","properties":{"boundary_score":0.0313,"activation_distance":0.06657},"geometry":{"type":"LineString","coordinates":[[114.22406,22.32694],[114.22413,22.32722]]}},{"type":"Feature","properties":{"boundary_score":0.0313,"activation_distance":0.06657},"geometry":{"type":"LineString","coordinates":[[114.22413,22.32722],[114.22406,22.32694]]}},{"type":"Feature","properties":{"boundary_score":0.0021,"activation_distance":0.0516},"geometry":{"type":"LineString","coordinates":[[114.22375,22.32699],[114.22374,22.32722]]}},{"type":"Feature","properties":{"boundary_score":0.0021,"activation_distance":0.0516},"geometry":{"type":"LineString","coordinates":[[114.22374,22.32722],[114.22375,22.32699]]}},{"type":"Feature","properties":{"boundary_score":0.3034,"activation_distance":0.20622},"geometry":{"type":"LineString","coordinates":[[114.16533,22.33911],[114.16514,22.33897]]}},{"type":"Feature","properties":{"boundary_score":0.3034,"activation_distance":0.20622},"geometry":{"type":"LineString","coordinates":[[114.16514,22.33897],[114.16533,22.33911]]}},{"type":"Feature","properties":{"boundary_score":0.4015,"activation_distance":0.25653},"geometry":{"type":"LineString","coordinates":[[114.21002,22.35793],[114.21008,22.35815]]}},{"type":"Feature","properties":{"boundary_score":0.4015,"activation_distance":0.25653},"geometry":{"type":"LineString","coordinates":[[114.21008,22.35815],[114.21002,22.35793]]}},{"type":"Feature","properties":{"boundary_score":0.0955,"activation_distance":0.0995},"geometry":{"type":"LineString","coordinates":[[114.21008,22.35815],[114.21013,22.35837]]}},{"type":"Feature","properties":{"boundary_score":0.0955,"activation_distance":0.0995},"geometry":{"type":"LineString","coordinates":[[114.21013,22.35837],[114.21008,22.35815]]}},{"type":"Feature","properties":{"boundary_score":0.3531,"activation_distance":0.23172},"geometry":{"type":"LineString","coordinates":[[114.21156,22.36407],[114.21162,22.36428]]}},{"type":"Feature","properties":{"boundary_score":0.3531,"activation_distance":0.23172},"geometry":{"type":"LineString","coordinates":[[114.21162,22.36428],[114.21156,22.36407]]}},{"type":"Feature","properties":{"boundary_score":0.034,"activation_distance":0.06797},"geometry":{"type":"LineString","coordinates":[[114.21162,22.36428],[114.21167,22.3645]]}},{"type":"Feature","properties":{"boundary_score":0.034,"activation_distance":0.06797},"geometry":{"type":"LineString","coordinates":[[114.21167,22.3645],[114.21162,22.36428]]}},{"type":"Feature","properties":{"boundary_score":0.0107,"activation_distance":0.05601},"geometry":{"type":"LineString","coordinates":[[114.27072,22.29759],[114.27094,22.29767]]}},{"type":"Feature","properties":{"boundary_score":0.0107,"activation_distance":0.05601},"geometry":{"type":"LineString","coordinates":[[114.27094,22.29767],[114.27072,22.29759]]}},{"type":"Feature","properties":{"boundary_score":0.0245,"activation_distance":0.06307},"geometry":{"type":"LineString","coordinates":[[114.15779,22.2677],[114.15757,22.26766]]}},{"type":"Feature","properties":{"boundary_score":0.0245,"activation_distance":0.06307},"geometry":{"type":"LineString","coordinates":[[114.15757,22.26766],[114.15779,22.2677]]}},{"type":"Feature","properties":{"boundary_score":0.0032,"activation_distance":0.05213},"geometry":{"type":"LineString","coordinates":[[114.18219,22.27703],[114.18244,22.27713]]}},{"type":"Feature","properties":{"boundary_score":0.0032,"activation_distance":0.05213},"geometry":{"type":"LineString","coordinates":[[114.18244,22.27713],[114.18219,22.27703]]}},{"type":"Feature","properties":{"boundary_score":0.0032,"activation_distance":0.05213},"geometry":{"type":"LineString","coordinates":[[114.18244,22.27713],[114.18219,22.27703]]}},{"type":"Feature","properties":{"boundary_score":0.0032,"activation_distance":0.05213},"geometry":{"type":"LineString","coordinates":[[114.18219,22.27703],[114.18244,22.27713]]}},{"type":"Feature","properties":{"boundary_score":0.0354,"activation_distance":0.06867},"geometry":{"type":"LineString","coordinates":[[114.18934,22.286],[114.18932,22.28576]]}},{"type":"Feature","properties":{"boundary_score":0.0354,"activation_distance":0.06867},"geometry":{"type":"LineString","coordinates":[[114.18932,22.28576],[114.18934,22.286]]}},{"type":"Feature","properties":{"boundary_score":0.1316,"activation_distance":0.11802},"geometry":{"type":"LineString","coordinates":[[114.25205,22.35175],[114.25227,22.35167]]}},{"type":"Feature","properties":{"boundary_score":0.1316,"activation_distance":0.11802},"geometry":{"type":"LineString","coordinates":[[114.25227,22.35167],[114.25205,22.35175]]}},{"type":"Feature","properties":{"boundary_score":0.2972,"activation_distance":0.20299},"geometry":{"type":"LineString","coordinates":[[114.25346,22.35101],[114.25362,22.35085]]}},{"type":"Feature","properties":{"boundary_score":0.2972,"activation_distance":0.20299},"geometry":{"type":"LineString","coordinates":[[114.25362,22.35085],[114.25346,22.35101]]}},{"type":"Feature","properties":{"boundary_score":0.0438,"activation_distance":0.07299},"geometry":{"type":"LineString","coordinates":[[114.19786,22.25799],[114.19766,22.25786]]}},{"type":"Feature","properties":{"boundary_score":0.0438,"activation_distance":0.07299},"geometry":{"type":"LineString","coordinates":[[114.19766,22.25786],[114.19786,22.25799]]}},{"type":"Feature","properties":{"boundary_score":0.1521,"activation_distance":0.12853},"geometry":{"type":"LineString","coordinates":[[114.19298,22.25726],[114.1928,22.2574]]}},{"type":"Feature","properties":{"boundary_score":0.1521,"activation_distance":0.12853},"geometry":{"type":"LineString","coordinates":[[114.1928,22.2574],[114.19298,22.25726]]}},{"type":"Feature","properties":{"boundary_score":0.0034,"activation_distance":0.05223},"geometry":{"type":"LineString","coordinates":[[114.15871,22.3035],[114.15858,22.30332]]}},{"type":"Feature","properties":{"boundary_score":0.0034,"activation_distance":0.05223},"geometry":{"type":"LineString","coordinates":[[114.15858,22.30332],[114.15871,22.3035]]}},{"type":"Feature","properties":{"boundary_score":0.0012,"activation_distance":0.05113},"geometry":{"type":"LineString","coordinates":[[114.15773,22.30226],[114.15758,22.30209]]}},{"type":"Feature","properties":{"boundary_score":0.0012,"activation_distance":0.05113},"geometry":{"type":"LineString","coordinates":[[114.15758,22.30209],[114.15773,22.30226]]}},{"type":"Feature","properties":{"boundary_score":0.0437,"activation_distance":0.0729},"geometry":{"type":"LineString","coordinates":[[114.20887,22.22072],[114.20905,22.22059]]}},{"type":"Feature","properties":{"boundary_score":0.0437,"activation_distance":0.0729},"geometry":{"type":"LineString","coordinates":[[114.20905,22.22059],[114.20887,22.22072]]}},{"type":"Feature","properties":{"boundary_score":0.0258,"activation_distance":0.06376},"geometry":{"type":"LineString","coordinates":[[114.22114,22.31324],[114.22092,22.31332]]}},{"type":"Feature","properties":{"boundary_score":0.0258,"activation_distance":0.06376},"geometry":{"type":"LineString","coordinates":[[114.22092,22.31332],[114.22114,22.31324]]}},{"type":"Feature","properties":{"boundary_score":0.0026,"activation_distance":0.05185},"geometry":{"type":"LineString","coordinates":[[114.29823,22.30902],[114.29817,22.30881]]}},{"type":"Feature","properties":{"boundary_score":0.0026,"activation_distance":0.05185},"geometry":{"type":"LineString","coordinates":[[114.29817,22.30881],[114.29823,22.30902]]}},{"type":"Feature","properties":{"boundary_score":0.1471,"activation_distance":0.12599},"geometry":{"type":"LineString","coordinates":[[114.25694,22.32164],[114.25672,22.3217]]}},{"type":"Feature","properties":{"boundary_score":0.1471,"activation_distance":0.12599},"geometry":{"type":"LineString","coordinates":[[114.25672,22.3217],[114.25694,22.32164]]}},{"type":"Feature","properties":{"boundary_score":0.1042,"activation_distance":0.10398},"geometry":{"type":"LineString","coordinates":[[114.20393,22.32235],[114.20375,22.32251]]}},{"type":"Feature","properties":{"boundary_score":0.1042,"activation_distance":0.10398},"geometry":{"type":"LineString","coordinates":[[114.20375,22.32251],[114.20393,22.32235]]}},{"type":"Feature","properties":{"boundary_score":0.116,"activation_distance":0.11},"geometry":{"type":"LineString","coordinates":[[114.2039,22.3223],[114.20371,22.32243]]}},{"type":"Feature","properties":{"boundary_score":0.116,"activation_distance":0.11},"geometry":{"type":"LineString","coordinates":[[114.20371,22.32243],[114.2039,22.3223]]}},{"type":"Feature","properties":{"boundary_score":0.01,"activation_distance":0.05561},"geometry":{"type":"LineString","coordinates":[[114.26947,22.32243],[114.26932,22.32262]]}},{"type":"Feature","properties":{"boundary_score":0.01,"activation_distance":0.05561},"geometry":{"type":"LineString","coordinates":[[114.26932,22.32262],[114.26947,22.32243]]}},{"type":"Feature","properties":{"boundary_score":0.1971,"activation_distance":0.15163},"geometry":{"type":"LineString","coordinates":[[114.25578,22.30054],[114.25577,22.30031]]}},{"type":"Feature","properties":{"boundary_score":0.1971,"activation_distance":0.15163},"geometry":{"type":"LineString","coordinates":[[114.25577,22.30031],[114.25578,22.30054]]}},{"type":"Feature","properties":{"boundary_score":0.1809,"activation_distance":0.14333},"geometry":{"type":"LineString","coordinates":[[114.24174,22.29788],[114.24151,22.29792]]}},{"type":"Feature","properties":{"boundary_score":0.1809,"activation_distance":0.14333},"geometry":{"type":"LineString","coordinates":[[114.24151,22.29792],[114.24174,22.29788]]}},{"type":"Feature","properties":{"boundary_score":0.3439,"activation_distance":0.22699},"geometry":{"type":"LineString","coordinates":[[114.27275,22.29198],[114.27251,22.29198]]}},{"type":"Feature","properties":{"boundary_score":0.3439,"activation_distance":0.22699},"geometry":{"type":"LineString","coordinates":[[114.27251,22.29198],[114.27275,22.29198]]}},{"type":"Feature","properties":{"boundary_score":0.0471,"activation_distance":0.07465},"geometry":{"type":"LineString","coordinates":[[114.19771,22.32417],[114.19748,22.32412]]}},{"type":"Feature","properties":{"boundary_score":0.0471,"activation_distance":0.07465},"geometry":{"type":"LineString","coordinates":[[114.19748,22.32412],[114.19771,22.32417]]}},{"type":"Feature","properties":{"boundary_score":0.7767,"activation_distance":0.44908},"geometry":{"type":"LineString","coordinates":[[114.18895,22.28687],[114.1892,22.28685]]}},{"type":"Feature","properties":{"boundary_score":0.7767,"activation_distance":0.44908},"geometry":{"type":"LineString","coordinates":[[114.1892,22.28685],[114.18895,22.28687]]}},{"type":"Feature","properties":{"boundary_score":0.0114,"activation_distance":0.05635},"geometry":{"type":"LineString","coordinates":[[114.27071,22.29761],[114.27094,22.29767]]}},{"type":"Feature","properties":{"boundary_score":0.0114,"activation_distance":0.05635},"geometry":{"type":"LineString","coordinates":[[114.27094,22.29767],[114.27071,22.29761]]}},{"type":"Feature","properties":{"boundary_score":0.1155,"activation_distance":0.10979},"geometry":{"type":"LineString","coordinates":[[114.15434,22.26627],[114.15446,22.26646]]}},{"type":"Feature","properties":{"boundary_score":0.1155,"activation_distance":0.10979},"geometry":{"type":"LineString","coordinates":[[114.15446,22.26646],[114.15434,22.26627]]}},{"type":"Feature","properties":{"boundary_score":0.1783,"activation_distance":0.14199},"geometry":{"type":"LineString","coordinates":[[114.22592,22.23587],[114.22598,22.23609]]}},{"type":"Feature","properties":{"boundary_score":0.1783,"activation_distance":0.14199},"geometry":{"type":"LineString","coordinates":[[114.22598,22.23609],[114.22592,22.23587]]}},{"type":"Feature","properties":{"boundary_score":0.0568,"activation_distance":0.07964},"geometry":{"type":"LineString","coordinates":[[114.22695,22.30832],[114.22718,22.30841]]}},{"type":"Feature","properties":{"boundary_score":0.0568,"activation_distance":0.07964},"geometry":{"type":"LineString","coordinates":[[114.22718,22.30841],[114.22695,22.30832]]}},{"type":"Feature","properties":{"boundary_score":0.0972,"activation_distance":0.10038},"geometry":{"type":"LineString","coordinates":[[114.26664,22.32996],[114.26688,22.32991]]}},{"type":"Feature","properties":{"boundary_score":0.0972,"activation_distance":0.10038},"geometry":{"type":"LineString","coordinates":[[114.26688,22.32991],[114.26664,22.32996]]}},{"type":"Feature","properties":{"boundary_score":0.0972,"activation_distance":0.10038},"geometry":{"type":"LineString","coordinates":[[114.26688,22.32991],[114.26664,22.32996]]}},{"type":"Feature","properties":{"boundary_score":0.0972,"activation_distance":0.10038},"geometry":{"type":"LineString","coordinates":[[114.26664,22.32996],[114.26688,22.32991]]}},{"type":"Feature","properties":{"boundary_score":0.0698,"activation_distance":0.08631},"geometry":{"type":"LineString","coordinates":[[114.16468,22.26963],[114.16491,22.26965]]}},{"type":"Feature","properties":{"boundary_score":0.0698,"activation_distance":0.08631},"geometry":{"type":"LineString","coordinates":[[114.16491,22.26965],[114.16468,22.26963]]}},{"type":"Feature","properties":{"boundary_score":0.0092,"activation_distance":0.05522},"geometry":{"type":"LineString","coordinates":[[114.20935,22.22498],[114.20937,22.22521]]}},{"type":"Feature","properties":{"boundary_score":0.0092,"activation_distance":0.05522},"geometry":{"type":"LineString","coordinates":[[114.20937,22.22521],[114.20935,22.22498]]}},{"type":"Feature","properties":{"boundary_score":0.1152,"activation_distance":0.1096},"geometry":{"type":"LineString","coordinates":[[114.2138,22.22471],[114.21402,22.22477]]}},{"type":"Feature","properties":{"boundary_score":0.1152,"activation_distance":0.1096},"geometry":{"type":"LineString","coordinates":[[114.21402,22.22477],[114.2138,22.22471]]}},{"type":"Feature","properties":{"boundary_score":0.0453,"activation_distance":0.07374},"geometry":{"type":"LineString","coordinates":[[114.25414,22.25474],[114.25421,22.25495]]}},{"type":"Feature","properties":{"boundary_score":0.0453,"activation_distance":0.07374},"geometry":{"type":"LineString","coordinates":[[114.25421,22.25495],[114.25414,22.25474]]}},{"type":"Feature","properties":{"boundary_score":0.0247,"activation_distance":0.06319},"geometry":{"type":"LineString","coordinates":[[114.25377,22.25598],[114.25355,22.256]]}},{"type":"Feature","properties":{"boundary_score":0.0247,"activation_distance":0.06319},"geometry":{"type":"LineString","coordinates":[[114.25355,22.256],[114.25377,22.25598]]}},{"type":"Feature","properties":{"boundary_score":0.0156,"activation_distance":0.0585},"geometry":{"type":"LineString","coordinates":[[114.25355,22.256],[114.25333,22.25603]]}},{"type":"Feature","properties":{"boundary_score":0.0156,"activation_distance":0.0585},"geometry":{"type":"LineString","coordinates":[[114.25333,22.25603],[114.25355,22.256]]}},{"type":"Feature","properties":{"boundary_score":0.0691,"activation_distance":0.08595},"geometry":{"type":"LineString","coordinates":[[114.2498,22.25713],[114.24969,22.25733]]}},{"type":"Feature","properties":{"boundary_score":0.0691,"activation_distance":0.08595},"geometry":{"type":"LineString","coordinates":[[114.24969,22.25733],[114.2498,22.25713]]}},{"type":"Feature","properties":{"boundary_score":0.1119,"activation_distance":0.1079},"geometry":{"type":"LineString","coordinates":[[114.24665,22.25965],[114.24659,22.25987]]}},{"type":"Feature","properties":{"boundary_score":0.1119,"activation_distance":0.1079},"geometry":{"type":"LineString","coordinates":[[114.24659,22.25987],[114.24665,22.25965]]}},{"type":"Feature","properties":{"boundary_score":0.0723,"activation_distance":0.08761},"geometry":{"type":"LineString","coordinates":[[114.19321,22.32892],[114.19337,22.32908]]}},{"type":"Feature","properties":{"boundary_score":0.0723,"activation_distance":0.08761},"geometry":{"type":"LineString","coordinates":[[114.19337,22.32908],[114.19321,22.32892]]}},{"type":"Feature","properties":{"boundary_score":0.0723,"activation_distance":0.08761},"geometry":{"type":"LineString","coordinates":[[114.19298,22.32905],[114.19297,22.32929]]}},{"type":"Feature","properties":{"boundary_score":0.0723,"activation_distance":0.08761},"geometry":{"type":"LineString","coordinates":[[114.19297,22.32929],[114.19298,22.32905]]}},{"type":"Feature","properties":{"boundary_score":0.2735,"activation_distance":0.19086},"geometry":{"type":"LineString","coordinates":[[114.27038,22.32642],[114.27022,22.32663]]}},{"type":"Feature","properties":{"boundary_score":0.2735,"activation_distance":0.19086},"geometry":{"type":"LineString","coordinates":[[114.27022,22.32663],[114.27038,22.32642]]}},{"type":"Feature","properties":{"boundary_score":0.0887,"activation_distance":0.09603},"geometry":{"type":"LineString","coordinates":[[114.23962,22.31548],[114.2398,22.31531]]}},{"type":"Feature","properties":{"boundary_score":0.0887,"activation_distance":0.09603},"geometry":{"type":"LineString","coordinates":[[114.2398,22.31531],[114.23962,22.31548]]}},{"type":"Feature","properties":{"boundary_score":0.0412,"activation_distance":0.07165},"geometry":{"type":"LineString","coordinates":[[114.26901,22.32219],[114.26895,22.32241]]}},{"type":"Feature","properties":{"boundary_score":0.0412,"activation_distance":0.07165},"geometry":{"type":"LineString","coordinates":[[114.26895,22.32241],[114.26901,22.32219]]}},{"type":"Feature","properties":{"boundary_score":0.1083,"activation_distance":0.10606},"geometry":{"type":"LineString","coordinates":[[114.16931,22.24783],[114.16944,22.24804]]}},{"type":"Feature","properties":{"boundary_score":0.1083,"activation_distance":0.10606},"geometry":{"type":"LineString","coordinates":[[114.16944,22.24804],[114.16931,22.24783]]}},{"type":"Feature","properties":{"boundary_score":0.2208,"activation_distance":0.16382},"geometry":{"type":"LineString","coordinates":[[114.2082,22.32968],[114.20823,22.32946]]}},{"type":"Feature","properties":{"boundary_score":0.2208,"activation_distance":0.16382},"geometry":{"type":"LineString","coordinates":[[114.20823,22.32946],[114.2082,22.32968]]}},{"type":"Feature","properties":{"boundary_score":0.1102,"activation_distance":0.10703},"geometry":{"type":"LineString","coordinates":[[114.24523,22.33641],[114.24516,22.33665]]}},{"type":"Feature","properties":{"boundary_score":0.1102,"activation_distance":0.10703},"geometry":{"type":"LineString","coordinates":[[114.24516,22.33665],[114.24523,22.33641]]}},{"type":"Feature","properties":{"boundary_score":0.0841,"activation_distance":0.09366},"geometry":{"type":"LineString","coordinates":[[114.24678,22.34227],[114.24707,22.34232]]}},{"type":"Feature","properties":{"boundary_score":0.0841,"activation_distance":0.09366},"geometry":{"type":"LineString","coordinates":[[114.24707,22.34232],[114.24678,22.34227]]}},{"type":"Feature","properties":{"boundary_score":0.4572,"activation_distance":0.28512},"geometry":{"type":"LineString","coordinates":[[114.28506,22.31091],[114.28529,22.311]]}},{"type":"Feature","properties":{"boundary_score":0.4572,"activation_distance":0.28512},"geometry":{"type":"LineString","coordinates":[[114.28529,22.311],[114.28506,22.31091]]}},{"type":"Feature","properties":{"boundary_score":0.3043,"activation_distance":0.20664},"geometry":{"type":"LineString","coordinates":[[114.28588,22.30892],[114.28564,22.30887]]}},{"type":"Feature","properties":{"boundary_score":0.3043,"activation_distance":0.20664},"geometry":{"type":"LineString","coordinates":[[114.28564,22.30887],[114.28588,22.30892]]}},{"type":"Feature","properties":{"boundary_score":0.0915,"activation_distance":0.09748},"geometry":{"type":"LineString","coordinates":[[114.25665,22.36056],[114.25669,22.36078]]}},{"type":"Feature","properties":{"boundary_score":0.0915,"activation_distance":0.09748},"geometry":{"type":"LineString","coordinates":[[114.25669,22.36078],[114.25665,22.36056]]}},{"type":"Feature","properties":{"boundary_score":0.0736,"activation_distance":0.08826},"geometry":{"type":"LineString","coordinates":[[114.26254,22.37571],[114.26236,22.37555]]}},{"type":"Feature","properties":{"boundary_score":0.0736,"activation_distance":0.08826},"geometry":{"type":"LineString","coordinates":[[114.26236,22.37555],[114.26254,22.37571]]}},{"type":"Feature","properties":{"boundary_score":0.1619,"activation_distance":0.13358},"geometry":{"type":"LineString","coordinates":[[114.2599,22.36857],[114.25986,22.36879]]}},{"type":"Feature","properties":{"boundary_score":0.1619,"activation_distance":0.13358},"geometry":{"type":"LineString","coordinates":[[114.25986,22.36879],[114.2599,22.36857]]}},{"type":"Feature","properties":{"boundary_score":0.023,"activation_distance":0.06229},"geometry":{"type":"LineString","coordinates":[[114.28002,22.39472],[114.28017,22.39454]]}},{"type":"Feature","properties":{"boundary_score":0.023,"activation_distance":0.06229},"geometry":{"type":"LineString","coordinates":[[114.28017,22.39454],[114.28002,22.39472]]}},{"type":"Feature","properties":{"boundary_score":0.2696,"activation_distance":0.18886},"geometry":{"type":"LineString","coordinates":[[114.32364,22.40089],[114.3235,22.40107]]}},{"type":"Feature","properties":{"boundary_score":0.2696,"activation_distance":0.18886},"geometry":{"type":"LineString","coordinates":[[114.3235,22.40107],[114.32364,22.40089]]}},{"type":"Feature","properties":{"boundary_score":0.0254,"activation_distance":0.06352},"geometry":{"type":"LineString","coordinates":[[114.33178,22.42051],[114.3319,22.4207]]}},{"type":"Feature","properties":{"boundary_score":0.0254,"activation_distance":0.06352},"geometry":{"type":"LineString","coordinates":[[114.3319,22.4207],[114.33178,22.42051]]}},{"type":"Feature","properties":{"boundary_score":0.0505,"activation_distance":0.07643},"geometry":{"type":"LineString","coordinates":[[114.32711,22.39638],[114.3273,22.39626]]}},{"type":"Feature","properties":{"boundary_score":0.0505,"activation_distance":0.07643},"geometry":{"type":"LineString","coordinates":[[114.3273,22.39626],[114.32711,22.39638]]}},{"type":"Feature","properties":{"boundary_score":0.0491,"activation_distance":0.07567},"geometry":{"type":"LineString","coordinates":[[114.21328,22.40068],[114.21345,22.40084]]}},{"type":"Feature","properties":{"boundary_score":0.0491,"activation_distance":0.07567},"geometry":{"type":"LineString","coordinates":[[114.21345,22.40084],[114.21328,22.40068]]}},{"type":"Feature","properties":{"boundary_score":0.1212,"activation_distance":0.1127},"geometry":{"type":"LineString","coordinates":[[114.27693,22.40545],[114.2767,22.40547]]}},{"type":"Feature","properties":{"boundary_score":0.1212,"activation_distance":0.1127},"geometry":{"type":"LineString","coordinates":[[114.2767,22.40547],[114.27693,22.40545]]}},{"type":"Feature","properties":{"boundary_score":0.013,"activation_distance":0.05719},"geometry":{"type":"LineString","coordinates":[[114.21507,22.38266],[114.21487,22.38283]]}},{"type":"Feature","properties":{"boundary_score":0.013,"activation_distance":0.05719},"geometry":{"type":"LineString","coordinates":[[114.21487,22.38283],[114.21507,22.38266]]}},{"type":"Feature","properties":{"boundary_score":0.0176,"activation_distance":0.05954},"geometry":{"type":"LineString","coordinates":[[114.19606,22.39134],[114.19623,22.39147]]}},{"type":"Feature","properties":{"boundary_score":0.0176,"activation_distance":0.05954},"geometry":{"type":"LineString","coordinates":[[114.19623,22.39147],[114.19606,22.39134]]}},{"type":"Feature","properties":{"boundary_score":0.0036,"activation_distance":0.05236},"geometry":{"type":"LineString","coordinates":[[114.19651,22.39117],[114.19672,22.39127]]}},{"type":"Feature","properties":{"boundary_score":0.0036,"activation_distance":0.05236},"geometry":{"type":"LineString","coordinates":[[114.19672,22.39127],[114.19651,22.39117]]}},{"type":"Feature","properties":{"boundary_score":0.0123,"activation_distance":0.05678},"geometry":{"type":"LineString","coordinates":[[114.19906,22.39362],[114.19914,22.39383]]}},{"type":"Feature","properties":{"boundary_score":0.0123,"activation_distance":0.05678},"geometry":{"type":"LineString","coordinates":[[114.19914,22.39383],[114.19906,22.39362]]}},{"type":"Feature","properties":{"boundary_score":0.1978,"activation_distance":0.15198},"geometry":{"type":"LineString","coordinates":[[114.24085,22.5077],[114.2407,22.50787]]}},{"type":"Feature","properties":{"boundary_score":0.1978,"activation_distance":0.15198},"geometry":{"type":"LineString","coordinates":[[114.2407,22.50787],[114.24085,22.5077]]}},{"type":"Feature","properties":{"boundary_score":0.0761,"activation_distance":0.08956},"geometry":{"type":"LineString","coordinates":[[114.23701,22.47568],[114.23716,22.47549]]}},{"type":"Feature","properties":{"boundary_score":0.0761,"activation_distance":0.08956},"geometry":{"type":"LineString","coordinates":[[114.23716,22.47549],[114.23701,22.47568]]}},{"type":"Feature","properties":{"boundary_score":0.008,"activation_distance":0.05462},"geometry":{"type":"LineString","coordinates":[[114.24073,22.48038],[114.24083,22.48058]]}},{"type":"Feature","properties":{"boundary_score":0.008,"activation_distance":0.05462},"geometry":{"type":"LineString","coordinates":[[114.24083,22.48058],[114.24073,22.48038]]}},{"type":"Feature","properties":{"boundary_score":0.0516,"activation_distance":0.07697},"geometry":{"type":"LineString","coordinates":[[114.23398,22.50621],[114.2339,22.50642]]}},{"type":"Feature","properties":{"boundary_score":0.0516,"activation_distance":0.07697},"geometry":{"type":"LineString","coordinates":[[114.2339,22.50642],[114.23398,22.50621]]}},{"type":"Feature","properties":{"boundary_score":0.0615,"activation_distance":0.08205},"geometry":{"type":"LineString","coordinates":[[114.23428,22.5093],[114.23429,22.50952]]}},{"type":"Feature","properties":{"boundary_score":0.0615,"activation_distance":0.08205},"geometry":{"type":"LineString","coordinates":[[114.23429,22.50952],[114.23428,22.5093]]}},{"type":"Feature","properties":{"boundary_score":0.074,"activation_distance":0.08845},"geometry":{"type":"LineString","coordinates":[[114.14946,22.44468],[114.14927,22.44457]]}},{"type":"Feature","properties":{"boundary_score":0.074,"activation_distance":0.08845},"geometry":{"type":"LineString","coordinates":[[114.14927,22.44457],[114.14946,22.44468]]}},{"type":"Feature","properties":{"boundary_score":0.053,"activation_distance":0.07771},"geometry":{"type":"LineString","coordinates":[[114.14827,22.44356],[114.14815,22.44337]]}},{"type":"Feature","properties":{"boundary_score":0.053,"activation_distance":0.07771},"geometry":{"type":"LineString","coordinates":[[114.14815,22.44337],[114.14827,22.44356]]}},{"type":"Feature","properties":{"boundary_score":0.4258,"activation_distance":0.26903},"geometry":{"type":"LineString","coordinates":[[114.20762,22.40498],[114.20743,22.40485]]}},{"type":"Feature","properties":{"boundary_score":0.4258,"activation_distance":0.26903},"geometry":{"type":"LineString","coordinates":[[114.20743,22.40485],[114.20762,22.40498]]}},{"type":"Feature","properties":{"boundary_score":0.4258,"activation_distance":0.26903},"geometry":{"type":"LineString","coordinates":[[114.20815,22.40449],[114.20799,22.40431]]}},{"type":"Feature","properties":{"boundary_score":0.4258,"activation_distance":0.26903},"geometry":{"type":"LineString","coordinates":[[114.20799,22.40431],[114.20815,22.40449]]}},{"type":"Feature","properties":{"boundary_score":0.3512,"activation_distance":0.2307},"geometry":{"type":"LineString","coordinates":[[114.2098,22.35781],[114.2098,22.35803]]}},{"type":"Feature","properties":{"boundary_score":0.3512,"activation_distance":0.2307},"geometry":{"type":"LineString","coordinates":[[114.2098,22.35803],[114.2098,22.35781]]}},{"type":"Feature","properties":{"boundary_score":0.1304,"activation_distance":0.11743},"geometry":{"type":"LineString","coordinates":[[114.2098,22.35803],[114.20973,22.35825]]}},{"type":"Feature","properties":{"boundary_score":0.1304,"activation_distance":0.11743},"geometry":{"type":"LineString","coordinates":[[114.20973,22.35825],[114.2098,22.35803]]}},{"type":"Feature","properties":{"boundary_score":0.0648,"activation_distance":0.08374},"geometry":{"type":"LineString","coordinates":[[114.19464,22.3859],[114.1948,22.38607]]}},{"type":"Feature","properties":{"boundary_score":0.0648,"activation_distance":0.08374},"geometry":{"type":"LineString","coordinates":[[114.1948,22.38607],[114.19464,22.3859]]}},{"type":"Feature","properties":{"boundary_score":0.215,"activation_distance":0.16084},"geometry":{"type":"LineString","coordinates":[[114.18843,22.38442],[114.1886,22.3846]]}},{"type":"Feature","properties":{"boundary_score":0.215,"activation_distance":0.16084},"geometry":{"type":"LineString","coordinates":[[114.1886,22.3846],[114.18843,22.38442]]}},{"type":"Feature","properties":{"boundary_score":0.215,"activation_distance":0.16084},"geometry":{"type":"LineString","coordinates":[[114.1886,22.3846],[114.18843,22.38442]]}},{"type":"Feature","properties":{"boundary_score":0.215,"activation_distance":0.16084},"geometry":{"type":"LineString","coordinates":[[114.18843,22.38442],[114.1886,22.3846]]}},{"type":"Feature","properties":{"boundary_score":0.0163,"activation_distance":0.05884},"geometry":{"type":"LineString","coordinates":[[114.1884,22.38534],[114.18861,22.38544]]}},{"type":"Feature","properties":{"boundary_score":0.0163,"activation_distance":0.05884},"geometry":{"type":"LineString","coordinates":[[114.18861,22.38544],[114.1884,22.38534]]}},{"type":"Feature","properties":{"boundary_score":0.012,"activation_distance":0.05665},"geometry":{"type":"LineString","coordinates":[[114.20097,22.40014],[114.20111,22.40034]]}},{"type":"Feature","properties":{"boundary_score":0.012,"activation_distance":0.05665},"geometry":{"type":"LineString","coordinates":[[114.20111,22.40034],[114.20097,22.40014]]}},{"type":"Feature","properties":{"boundary_score":0.0346,"activation_distance":0.06823},"geometry":{"type":"LineString","coordinates":[[114.19895,22.39373],[114.19905,22.39393]]}},{"type":"Feature","properties":{"boundary_score":0.0346,"activation_distance":0.06823},"geometry":{"type":"LineString","coordinates":[[114.19905,22.39393],[114.19895,22.39373]]}},{"type":"Feature","properties":{"boundary_score":0.0299,"activation_distance":0.06585},"geometry":{"type":"LineString","coordinates":[[114.20747,22.38077],[114.20768,22.38091]]}},{"type":"Feature","properties":{"boundary_score":0.0299,"activation_distance":0.06585},"geometry":{"type":"LineString","coordinates":[[114.20768,22.38091],[114.20747,22.38077]]}},{"type":"Feature","properties":{"boundary_score":0.1558,"activation_distance":0.13043},"geometry":{"type":"LineString","coordinates":[[114.20521,22.383],[114.20501,22.38281]]}},{"type":"Feature","properties":{"boundary_score":0.1558,"activation_distance":0.13043},"geometry":{"type":"LineString","coordinates":[[114.20501,22.38281],[114.20521,22.383]]}},{"type":"Feature","properties":{"boundary_score":0.2822,"activation_distance":0.19531},"geometry":{"type":"LineString","coordinates":[[114.21301,22.414],[114.21324,22.41399]]}},{"type":"Feature","properties":{"boundary_score":0.2822,"activation_distance":0.19531},"geometry":{"type":"LineString","coordinates":[[114.21324,22.41399],[114.21301,22.414]]}},{"type":"Feature","properties":{"boundary_score":0.5073,"activation_distance":0.31084},"geometry":{"type":"LineString","coordinates":[[114.20382,22.42023],[114.20404,22.4202]]}},{"type":"Feature","properties":{"boundary_score":0.5073,"activation_distance":0.31084},"geometry":{"type":"LineString","coordinates":[[114.20404,22.4202],[114.20382,22.42023]]}},{"type":"Feature","properties":{"boundary_score":0.1538,"activation_distance":0.12943},"geometry":{"type":"LineString","coordinates":[[114.16888,22.36626],[114.1691,22.36632]]}},{"type":"Feature","properties":{"boundary_score":0.1538,"activation_distance":0.12943},"geometry":{"type":"LineString","coordinates":[[114.1691,22.36632],[114.16888,22.36626]]}},{"type":"Feature","properties":{"boundary_score":0.0065,"activation_distance":0.05382},"geometry":{"type":"LineString","coordinates":[[114.16552,22.36368],[114.16531,22.36359]]}},{"type":"Feature","properties":{"boundary_score":0.0065,"activation_distance":0.05382},"geometry":{"type":"LineString","coordinates":[[114.16531,22.36359],[114.16552,22.36368]]}},{"type":"Feature","properties":{"boundary_score":0.1453,"activation_distance":0.12508},"geometry":{"type":"LineString","coordinates":[[114.16792,22.506],[114.16794,22.50624]]}},{"type":"Feature","properties":{"boundary_score":0.1453,"activation_distance":0.12508},"geometry":{"type":"LineString","coordinates":[[114.16794,22.50624],[114.16792,22.506]]}},{"type":"Feature","properties":{"boundary_score":0.1043,"activation_distance":0.10404},"geometry":{"type":"LineString","coordinates":[[114.28623,22.42296],[114.28601,22.423]]}},{"type":"Feature","properties":{"boundary_score":0.1043,"activation_distance":0.10404},"geometry":{"type":"LineString","coordinates":[[114.28601,22.423],[114.28623,22.42296]]}},{"type":"Feature","properties":{"boundary_score":0.0051,"activation_distance":0.05309},"geometry":{"type":"LineString","coordinates":[[114.2159,22.52319],[114.21595,22.52296]]}},{"type":"Feature","properties":{"boundary_score":0.0051,"activation_distance":0.05309},"geometry":{"type":"LineString","coordinates":[[114.21595,22.52296],[114.2159,22.52319]]}},{"type":"Feature","properties":{"boundary_score":0.0383,"activation_distance":0.07013},"geometry":{"type":"LineString","coordinates":[[114.2206,22.52312],[114.22079,22.52299]]}},{"type":"Feature","properties":{"boundary_score":0.0383,"activation_distance":0.07013},"geometry":{"type":"LineString","coordinates":[[114.22079,22.52299],[114.2206,22.52312]]}},{"type":"Feature","properties":{"boundary_score":0.5073,"activation_distance":0.31084},"geometry":{"type":"LineString","coordinates":[[114.20404,22.4202],[114.20382,22.42023]]}},{"type":"Feature","properties":{"boundary_score":0.5073,"activation_distance":0.31084},"geometry":{"type":"LineString","coordinates":[[114.20382,22.42023],[114.20404,22.4202]]}},{"type":"Feature","properties":{"boundary_score":0.024,"activation_distance":0.0628},"geometry":{"type":"LineString","coordinates":[[114.22395,22.40946],[114.22397,22.40968]]}},{"type":"Feature","properties":{"boundary_score":0.024,"activation_distance":0.0628},"geometry":{"type":"LineString","coordinates":[[114.22397,22.40968],[114.22395,22.40946]]}},{"type":"Feature","properties":{"boundary_score":0.1187,"activation_distance":0.11141},"geometry":{"type":"LineString","coordinates":[[114.22397,22.41104],[114.22397,22.41127]]}},{"type":"Feature","properties":{"boundary_score":0.1187,"activation_distance":0.11141},"geometry":{"type":"LineString","coordinates":[[114.22397,22.41127],[114.22397,22.41104]]}},{"type":"Feature","properties":{"boundary_score":0.1187,"activation_distance":0.11141},"geometry":{"type":"LineString","coordinates":[[114.22395,22.41111],[114.22406,22.4113]]}},{"type":"Feature","properties":{"boundary_score":0.1187,"activation_distance":0.11141},"geometry":{"type":"LineString","coordinates":[[114.22406,22.4113],[114.22395,22.41111]]}},{"type":"Feature","properties":{"boundary_score":0.0536,"activation_distance":0.07801},"geometry":{"type":"LineString","coordinates":[[114.22442,22.41095],[114.2243,22.41074]]}},{"type":"Feature","properties":{"boundary_score":0.0536,"activation_distance":0.07801},"geometry":{"type":"LineString","coordinates":[[114.2243,22.41074],[114.22442,22.41095]]}},{"type":"Feature","properties":{"boundary_score":0.1187,"activation_distance":0.11141},"geometry":{"type":"LineString","coordinates":[[114.22468,22.41081],[114.22466,22.41058]]}},{"type":"Feature","properties":{"boundary_score":0.1187,"activation_distance":0.11141},"geometry":{"type":"LineString","coordinates":[[114.22466,22.41058],[114.22468,22.41081]]}},{"type":"Feature","properties":{"boundary_score":0.0449,"activation_distance":0.07355},"geometry":{"type":"LineString","coordinates":[[114.22452,22.40991],[114.22445,22.40969]]}},{"type":"Feature","properties":{"boundary_score":0.0449,"activation_distance":0.07355},"geometry":{"type":"LineString","coordinates":[[114.22445,22.40969],[114.22452,22.40991]]}},{"type":"Feature","properties":{"boundary_score":0.0331,"activation_distance":0.06746},"geometry":{"type":"LineString","coordinates":[[114.22364,22.40971],[114.22351,22.4095]]}},{"type":"Feature","properties":{"boundary_score":0.0331,"activation_distance":0.06746},"geometry":{"type":"LineString","coordinates":[[114.22351,22.4095],[114.22364,22.40971]]}},{"type":"Feature","properties":{"boundary_score":0.0937,"activation_distance":0.0986},"geometry":{"type":"LineString","coordinates":[[114.24194,22.43011],[114.24176,22.43026]]}},{"type":"Feature","properties":{"boundary_score":0.0937,"activation_distance":0.0986},"geometry":{"type":"LineString","coordinates":[[114.24176,22.43026],[114.24194,22.43011]]}},{"type":"Feature","properties":{"boundary_score":0.2246,"activation_distance":0.16575},"geometry":{"type":"LineString","coordinates":[[114.22919,22.42389],[114.22899,22.42377]]}},{"type":"Feature","properties":{"boundary_score":0.2246,"activation_distance":0.16575},"geometry":{"type":"LineString","coordinates":[[114.22899,22.42377],[114.22919,22.42389]]}},{"type":"Feature","properties":{"boundary_score":0.0593,"activation_distance":0.0809},"geometry":{"type":"LineString","coordinates":[[114.17553,22.35945],[114.17535,22.3593]]}},{"type":"Feature","properties":{"boundary_score":0.0593,"activation_distance":0.0809},"geometry":{"type":"LineString","coordinates":[[114.17535,22.3593],[114.17553,22.35945]]}},{"type":"Feature","properties":{"boundary_score":0.0663,"activation_distance":0.08453},"geometry":{"type":"LineString","coordinates":[[114.17553,22.35945],[114.17541,22.35923]]}},{"type":"Feature","properties":{"boundary_score":0.0663,"activation_distance":0.08453},"geometry":{"type":"LineString","coordinates":[[114.17541,22.35923],[114.17553,22.35945]]}},{"type":"Feature","properties":{"boundary_score":0.2668,"activation_distance":0.18744},"geometry":{"type":"LineString","coordinates":[[114.20007,22.37993],[114.2002,22.38015]]}},{"type":"Feature","properties":{"boundary_score":0.2668,"activation_distance":0.18744},"geometry":{"type":"LineString","coordinates":[[114.2002,22.38015],[114.20007,22.37993]]}},{"type":"Feature","properties":{"boundary_score":0.0136,"activation_distance":0.05747},"geometry":{"type":"LineString","coordinates":[[114.20493,22.37888],[114.20513,22.379]]}},{"type":"Feature","properties":{"boundary_score":0.0136,"activation_distance":0.05747},"geometry":{"type":"LineString","coordinates":[[114.20513,22.379],[114.20493,22.37888]]}},{"type":"Feature","properties":{"boundary_score":0.418,"activation_distance":0.265},"geometry":{"type":"LineString","coordinates":[[114.21206,22.3645],[114.212,22.36428]]}},{"type":"Feature","properties":{"boundary_score":0.418,"activation_distance":0.265},"geometry":{"type":"LineString","coordinates":[[114.212,22.36428],[114.21206,22.3645]]}},{"type":"Feature","properties":{"boundary_score":0.0121,"activation_distance":0.05669},"geometry":{"type":"LineString","coordinates":[[114.21094,22.38627],[114.21098,22.3865]]}},{"type":"Feature","properties":{"boundary_score":0.0121,"activation_distance":0.05669},"geometry":{"type":"LineString","coordinates":[[114.21098,22.3865],[114.21094,22.38627]]}},{"type":"Feature","properties":{"boundary_score":0.0148,"activation_distance":0.0581},"geometry":{"type":"LineString","coordinates":[[114.21085,22.38631],[114.21091,22.38652]]}},{"type":"Feature","properties":{"boundary_score":0.0148,"activation_distance":0.0581},"geometry":{"type":"LineString","coordinates":[[114.21091,22.38652],[114.21085,22.38631]]}},{"type":"Feature","properties":{"boundary_score":0.0167,"activation_distance":0.05905},"geometry":{"type":"LineString","coordinates":[[114.21125,22.3864],[114.21124,22.38617]]}},{"type":"Feature","properties":{"boundary_score":0.0167,"activation_distance":0.05905},"geometry":{"type":"LineString","coordinates":[[114.21124,22.38617],[114.21125,22.3864]]}},{"type":"Feature","properties":{"boundary_score":0.0788,"activation_distance":0.09096},"geometry":{"type":"LineString","coordinates":[[114.20463,22.37891],[114.20483,22.37903]]}},{"type":"Feature","properties":{"boundary_score":0.0788,"activation_distance":0.09096},"geometry":{"type":"LineString","coordinates":[[114.20483,22.37903],[114.20463,22.37891]]}},{"type":"Feature","properties":{"boundary_score":0.0556,"activation_distance":0.07904},"geometry":{"type":"LineString","coordinates":[[114.1998,22.38737],[114.19962,22.38752]]}},{"type":"Feature","properties":{"boundary_score":0.0556,"activation_distance":0.07904},"geometry":{"type":"LineString","coordinates":[[114.19962,22.38752],[114.1998,22.38737]]}},{"type":"Feature","properties":{"boundary_score":0.0136,"activation_distance":0.05747},"geometry":{"type":"LineString","coordinates":[[114.16488,22.45487],[114.16467,22.45476]]}},{"type":"Feature","properties":{"boundary_score":0.0136,"activation_distance":0.05747},"geometry":{"type":"LineString","coordinates":[[114.16467,22.45476],[114.16488,22.45487]]}},{"type":"Feature","properties":{"boundary_score":0.0169,"activation_distance":0.05917},"geometry":{"type":"LineString","coordinates":[[114.17252,22.44376],[114.17271,22.44389]]}},{"type":"Feature","properties":{"boundary_score":0.0169,"activation_distance":0.05917},"geometry":{"type":"LineString","coordinates":[[114.17271,22.44389],[114.17252,22.44376]]}},{"type":"Feature","properties":{"boundary_score":0.0037,"activation_distance":0.05238},"geometry":{"type":"LineString","coordinates":[[114.16475,22.43853],[114.16478,22.43882]]}},{"type":"Feature","properties":{"boundary_score":0.0037,"activation_distance":0.05238},"geometry":{"type":"LineString","coordinates":[[114.16478,22.43882],[114.16475,22.43853]]}},{"type":"Feature","properties":{"boundary_score":0.0885,"activation_distance":0.09592},"geometry":{"type":"LineString","coordinates":[[114.16478,22.43882],[114.16482,22.43911]]}},{"type":"Feature","properties":{"boundary_score":0.0885,"activation_distance":0.09592},"geometry":{"type":"LineString","coordinates":[[114.16482,22.43911],[114.16478,22.43882]]}},{"type":"Feature","properties":{"boundary_score":0.1441,"activation_distance":0.12443},"geometry":{"type":"LineString","coordinates":[[114.16492,22.4391],[114.16489,22.43881]]}},{"type":"Feature","properties":{"boundary_score":0.1441,"activation_distance":0.12443},"geometry":{"type":"LineString","coordinates":[[114.16489,22.43881],[114.16492,22.4391]]}},{"type":"Feature","properties":{"boundary_score":0.0004,"activation_distance":0.05072},"geometry":{"type":"LineString","coordinates":[[114.19563,22.43857],[114.19543,22.43867]]}},{"type":"Feature","properties":{"boundary_score":0.0004,"activation_distance":0.05072},"geometry":{"type":"LineString","coordinates":[[114.19543,22.43867],[114.19563,22.43857]]}},{"type":"Feature","properties":{"boundary_score":0.0554,"activation_distance":0.07894},"geometry":{"type":"LineString","coordinates":[[114.19397,22.4393],[114.19375,22.43936]]}},{"type":"Feature","properties":{"boundary_score":0.0554,"activation_distance":0.07894},"geometry":{"type":"LineString","coordinates":[[114.19375,22.43936],[114.19397,22.4393]]}},{"type":"Feature","properties":{"boundary_score":0.0303,"activation_distance":0.06605},"geometry":{"type":"LineString","coordinates":[[114.18702,22.43926],[114.1868,22.43934]]}},{"type":"Feature","properties":{"boundary_score":0.0303,"activation_distance":0.06605},"geometry":{"type":"LineString","coordinates":[[114.1868,22.43934],[114.18702,22.43926]]}},{"type":"Feature","properties":{"boundary_score":0.0626,"activation_distance":0.08261},"geometry":{"type":"LineString","coordinates":[[114.17318,22.45733],[114.17299,22.45756]]}},{"type":"Feature","properties":{"boundary_score":0.0626,"activation_distance":0.08261},"geometry":{"type":"LineString","coordinates":[[114.17299,22.45756],[114.17318,22.45733]]}},{"type":"Feature","properties":{"boundary_score":0.0626,"activation_distance":0.08261},"geometry":{"type":"LineString","coordinates":[[114.17299,22.45756],[114.17318,22.45733]]}},{"type":"Feature","properties":{"boundary_score":0.0626,"activation_distance":0.08261},"geometry":{"type":"LineString","coordinates":[[114.17318,22.45733],[114.17299,22.45756]]}},{"type":"Feature","properties":{"boundary_score":0.0505,"activation_distance":0.07643},"geometry":{"type":"LineString","coordinates":[[114.3273,22.39626],[114.32711,22.39638]]}},{"type":"Feature","properties":{"boundary_score":0.0505,"activation_distance":0.07643},"geometry":{"type":"LineString","coordinates":[[114.32711,22.39638],[114.3273,22.39626]]}},{"type":"Feature","properties":{"boundary_score":0.0736,"activation_distance":0.08826},"geometry":{"type":"LineString","coordinates":[[114.26236,22.37555],[114.26254,22.37571]]}},{"type":"Feature","properties":{"boundary_score":0.0736,"activation_distance":0.08826},"geometry":{"type":"LineString","coordinates":[[114.26254,22.37571],[114.26236,22.37555]]}},{"type":"Feature","properties":{"boundary_score":0.1619,"activation_distance":0.13358},"geometry":{"type":"LineString","coordinates":[[114.25986,22.36879],[114.2599,22.36857]]}},{"type":"Feature","properties":{"boundary_score":0.1619,"activation_distance":0.13358},"geometry":{"type":"LineString","coordinates":[[114.2599,22.36857],[114.25986,22.36879]]}},{"type":"Feature","properties":{"boundary_score":0.0303,"activation_distance":0.06606},"geometry":{"type":"LineString","coordinates":[[114.26921,22.40116],[114.269,22.4012]]}},{"type":"Feature","properties":{"boundary_score":0.0303,"activation_distance":0.06606},"geometry":{"type":"LineString","coordinates":[[114.269,22.4012],[114.26921,22.40116]]}},{"type":"Feature","properties":{"boundary_score":0.0017,"activation_distance":0.05136},"geometry":{"type":"LineString","coordinates":[[114.20491,22.37895],[114.20472,22.37882]]}},{"type":"Feature","properties":{"boundary_score":0.0017,"activation_distance":0.05136},"geometry":{"type":"LineString","coordinates":[[114.20472,22.37882],[114.20491,22.37895]]}},{"type":"Feature","properties":{"boundary_score":0.013,"activation_distance":0.05716},"geometry":{"type":"LineString","coordinates":[[114.24418,22.40238],[114.24441,22.40237]]}},{"type":"Feature","properties":{"boundary_score":0.013,"activation_distance":0.05716},"geometry":{"type":"LineString","coordinates":[[114.24441,22.40237],[114.24418,22.40238]]}},{"type":"Feature","properties":{"boundary_score":0.0915,"activation_distance":0.09748},"geometry":{"type":"LineString","coordinates":[[114.25669,22.36078],[114.25665,22.36056]]}},{"type":"Feature","properties":{"boundary_score":0.0915,"activation_distance":0.09748},"geometry":{"type":"LineString","coordinates":[[114.25665,22.36056],[114.25669,22.36078]]}},{"type":"Feature","properties":{"boundary_score":0.185,"activation_distance":0.14544},"geometry":{"type":"LineString","coordinates":[[114.18136,22.39839],[114.18159,22.39838]]}},{"type":"Feature","properties":{"boundary_score":0.185,"activation_distance":0.14544},"geometry":{"type":"LineString","coordinates":[[114.18159,22.39838],[114.18136,22.39839]]}},{"type":"Feature","properties":{"boundary_score":0.0295,"activation_distance":0.06565},"geometry":{"type":"LineString","coordinates":[[114.27029,22.38604],[114.27051,22.38595]]}},{"type":"Feature","properties":{"boundary_score":0.0295,"activation_distance":0.06565},"geometry":{"type":"LineString","coordinates":[[114.27051,22.38595],[114.27029,22.38604]]}},{"type":"Feature","properties":{"boundary_score":0.0128,"activation_distance":0.05707},"geometry":{"type":"LineString","coordinates":[[114.23192,22.47256],[114.23216,22.47262]]}},{"type":"Feature","properties":{"boundary_score":0.0128,"activation_distance":0.05707},"geometry":{"type":"LineString","coordinates":[[114.23216,22.47262],[114.23192,22.47256]]}},{"type":"Feature","properties":{"boundary_score":0.0128,"activation_distance":0.05707},"geometry":{"type":"LineString","coordinates":[[114.23216,22.47262],[114.23192,22.47256]]}},{"type":"Feature","properties":{"boundary_score":0.0128,"activation_distance":0.05707},"geometry":{"type":"LineString","coordinates":[[114.23192,22.47256],[114.23216,22.47262]]}},{"type":"Feature","properties":{"boundary_score":0.0855,"activation_distance":0.09436},"geometry":{"type":"LineString","coordinates":[[114.2427,22.35559],[114.24247,22.35563]]}},{"type":"Feature","properties":{"boundary_score":0.0855,"activation_distance":0.09436},"geometry":{"type":"LineString","coordinates":[[114.24247,22.35563],[114.2427,22.35559]]}},{"type":"Feature","properties":{"boundary_score":0.0549,"activation_distance":0.07867},"geometry":{"type":"LineString","coordinates":[[114.31654,22.3945],[114.31633,22.39441]]}},{"type":"Feature","properties":{"boundary_score":0.0549,"activation_distance":0.07867},"geometry":{"type":"LineString","coordinates":[[114.31633,22.39441],[114.31654,22.3945]]}},{"type":"Feature","properties":{"boundary_score":0.0103,"activation_distance":0.05578},"geometry":{"type":"LineString","coordinates":[[114.30099,22.38975],[114.30083,22.38991]]}},{"type":"Feature","properties":{"boundary_score":0.0103,"activation_distance":0.05578},"geometry":{"type":"LineString","coordinates":[[114.30083,22.38991],[114.30099,22.38975]]}},{"type":"Feature","properties":{"boundary_score":0.0399,"activation_distance":0.07098},"geometry":{"type":"LineString","coordinates":[[114.2924,22.38906],[114.29258,22.38891]]}},{"type":"Feature","properties":{"boundary_score":0.0399,"activation_distance":0.07098},"geometry":{"type":"LineString","coordinates":[[114.29258,22.38891],[114.2924,22.38906]]}},{"type":"Feature","properties":{"boundary_score":0.1631,"activation_distance":0.13418},"geometry":{"type":"LineString","coordinates":[[114.19855,22.37313],[114.19864,22.37291]]}},{"type":"Feature","properties":{"boundary_score":0.1631,"activation_distance":0.13418},"geometry":{"type":"LineString","coordinates":[[114.19864,22.37291],[114.19855,22.37313]]}},{"type":"Feature","properties":{"boundary_score":0.0146,"activation_distance":0.058},"geometry":{"type":"LineString","coordinates":[[114.18133,22.38427],[114.18124,22.38448]]}},{"type":"Feature","properties":{"boundary_score":0.0146,"activation_distance":0.058},"geometry":{"type":"LineString","coordinates":[[114.18124,22.38448],[114.18133,22.38427]]}},{"type":"Feature","properties":{"boundary_score":0.0205,"activation_distance":0.06099},"geometry":{"type":"LineString","coordinates":[[114.17811,22.38623],[114.17791,22.38632]]}},{"type":"Feature","properties":{"boundary_score":0.0205,"activation_distance":0.06099},"geometry":{"type":"LineString","coordinates":[[114.17791,22.38632],[114.17811,22.38623]]}},{"type":"Feature","properties":{"boundary_score":0.0337,"activation_distance":0.06781},"geometry":{"type":"LineString","coordinates":[[114.15586,22.55219],[114.15601,22.5524]]}},{"type":"Feature","properties":{"boundary_score":0.0337,"activation_distance":0.06781},"geometry":{"type":"LineString","coordinates":[[114.15601,22.5524],[114.15586,22.55219]]}},{"type":"Feature","properties":{"boundary_score":0.2626,"activation_distance":0.18525},"geometry":{"type":"LineString","coordinates":[[114.16103,22.53296],[114.16107,22.53319]]}},{"type":"Feature","properties":{"boundary_score":0.2626,"activation_distance":0.18525},"geometry":{"type":"LineString","coordinates":[[114.16107,22.53319],[114.16103,22.53296]]}},{"type":"Feature","properties":{"boundary_score":0.0367,"activation_distance":0.06934},"geometry":{"type":"LineString","coordinates":[[114.15891,22.52932],[114.15886,22.5291]]}},{"type":"Feature","properties":{"boundary_score":0.0367,"activation_distance":0.06934},"geometry":{"type":"LineString","coordinates":[[114.15886,22.5291],[114.15891,22.52932]]}},{"type":"Feature","properties":{"boundary_score":0.0403,"activation_distance":0.07117},"geometry":{"type":"LineString","coordinates":[[114.17549,22.52895],[114.17572,22.52897]]}},{"type":"Feature","properties":{"boundary_score":0.0403,"activation_distance":0.07117},"geometry":{"type":"LineString","coordinates":[[114.17572,22.52897],[114.17549,22.52895]]}},{"type":"Feature","properties":{"boundary_score":0.2563,"activation_distance":0.18203},"geometry":{"type":"LineString","coordinates":[[114.16971,22.53105],[114.1695,22.53096]]}},{"type":"Feature","properties":{"boundary_score":0.2563,"activation_distance":0.18203},"geometry":{"type":"LineString","coordinates":[[114.1695,22.53096],[114.16971,22.53105]]}},{"type":"Feature","properties":{"boundary_score":0.0538,"activation_distance":0.07812},"geometry":{"type":"LineString","coordinates":[[114.27034,22.3939],[114.27054,22.39379]]}},{"type":"Feature","properties":{"boundary_score":0.0538,"activation_distance":0.07812},"geometry":{"type":"LineString","coordinates":[[114.27054,22.39379],[114.27034,22.3939]]}},{"type":"Feature","properties":{"boundary_score":0.0302,"activation_distance":0.06597},"geometry":{"type":"LineString","coordinates":[[114.26307,22.42059],[114.26302,22.42082]]}},{"type":"Feature","properties":{"boundary_score":0.0302,"activation_distance":0.06597},"geometry":{"type":"LineString","coordinates":[[114.26302,22.42082],[114.26307,22.42059]]}},{"type":"Feature","properties":{"boundary_score":0.0234,"activation_distance":0.0625},"geometry":{"type":"LineString","coordinates":[[114.24429,22.43431],[114.24444,22.43448]]}},{"type":"Feature","properties":{"boundary_score":0.0234,"activation_distance":0.0625},"geometry":{"type":"LineString","coordinates":[[114.24444,22.43448],[114.24429,22.43431]]}},{"type":"Feature","properties":{"boundary_score":0.3628,"activation_distance":0.23669},"geometry":{"type":"LineString","coordinates":[[114.24356,22.43377],[114.24326,22.43363]]}},{"type":"Feature","properties":{"boundary_score":0.3628,"activation_distance":0.23669},"geometry":{"type":"LineString","coordinates":[[114.24326,22.43363],[114.24356,22.43377]]}},{"type":"Feature","properties":{"boundary_score":0.4471,"activation_distance":0.27994},"geometry":{"type":"LineString","coordinates":[[114.26611,22.41895],[114.2661,22.41918]]}},{"type":"Feature","properties":{"boundary_score":0.4471,"activation_distance":0.27994},"geometry":{"type":"LineString","coordinates":[[114.2661,22.41918],[114.26611,22.41895]]}},{"type":"Feature","properties":{"boundary_score":0.1212,"activation_distance":0.1127},"geometry":{"type":"LineString","coordinates":[[114.2767,22.40547],[114.27693,22.40545]]}},{"type":"Feature","properties":{"boundary_score":0.1212,"activation_distance":0.1127},"geometry":{"type":"LineString","coordinates":[[114.27693,22.40545],[114.2767,22.40547]]}},{"type":"Feature","properties":{"boundary_score":0.2636,"activation_distance":0.18577},"geometry":{"type":"LineString","coordinates":[[114.28299,22.39552],[114.28326,22.39557]]}},{"type":"Feature","properties":{"boundary_score":0.2636,"activation_distance":0.18577},"geometry":{"type":"LineString","coordinates":[[114.28326,22.39557],[114.28299,22.39552]]}},{"type":"Feature","properties":{"boundary_score":0.023,"activation_distance":0.06229},"geometry":{"type":"LineString","coordinates":[[114.28017,22.39454],[114.28002,22.39472]]}},{"type":"Feature","properties":{"boundary_score":0.023,"activation_distance":0.06229},"geometry":{"type":"LineString","coordinates":[[114.28002,22.39472],[114.28017,22.39454]]}},{"type":"Feature","properties":{"boundary_score":0.0153,"activation_distance":0.05834},"geometry":{"type":"LineString","coordinates":[[114.1672,22.51342],[114.16699,22.51333]]}},{"type":"Feature","properties":{"boundary_score":0.0153,"activation_distance":0.05834},"geometry":{"type":"LineString","coordinates":[[114.16699,22.51333],[114.1672,22.51342]]}},{"type":"Feature","properties":{"boundary_score":0.0396,"activation_distance":0.07082},"geometry":{"type":"LineString","coordinates":[[114.16693,22.51339],[114.16711,22.51353]]}},{"type":"Feature","properties":{"boundary_score":0.0396,"activation_distance":0.07082},"geometry":{"type":"LineString","coordinates":[[114.16711,22.51353],[114.16693,22.51339]]}},{"type":"Feature","properties":{"boundary_score":0.4471,"activation_distance":0.27994},"geometry":{"type":"LineString","coordinates":[[114.2661,22.41918],[114.26611,22.41895]]}},{"type":"Feature","properties":{"boundary_score":0.4471,"activation_distance":0.27994},"geometry":{"type":"LineString","coordinates":[[114.26611,22.41895],[114.2661,22.41918]]}},{"type":"Feature","properties":{"boundary_score":0.5284,"activation_distance":0.32166},"geometry":{"type":"LineString","coordinates":[[114.26632,22.41904],[114.26653,22.41896]]}},{"type":"Feature","properties":{"boundary_score":0.5284,"activation_distance":0.32166},"geometry":{"type":"LineString","coordinates":[[114.26653,22.41896],[114.26632,22.41904]]}},{"type":"Feature","properties":{"boundary_score":0.5284,"activation_distance":0.32166},"geometry":{"type":"LineString","coordinates":[[114.26653,22.41896],[114.26632,22.41904]]}},{"type":"Feature","properties":{"boundary_score":0.5284,"activation_distance":0.32166},"geometry":{"type":"LineString","coordinates":[[114.26632,22.41904],[114.26653,22.41896]]}},{"type":"Feature","properties":{"boundary_score":0.0764,"activation_distance":0.08972},"geometry":{"type":"LineString","coordinates":[[114.28414,22.39613],[114.28427,22.39634]]}},{"type":"Feature","properties":{"boundary_score":0.0764,"activation_distance":0.08972},"geometry":{"type":"LineString","coordinates":[[114.28427,22.39634],[114.28414,22.39613]]}},{"type":"Feature","properties":{"boundary_score":0.2636,"activation_distance":0.18577},"geometry":{"type":"LineString","coordinates":[[114.28326,22.39557],[114.28299,22.39552]]}},{"type":"Feature","properties":{"boundary_score":0.2636,"activation_distance":0.18577},"geometry":{"type":"LineString","coordinates":[[114.28299,22.39552],[114.28326,22.39557]]}},{"type":"Feature","properties":{"boundary_score":0.0275,"activation_distance":0.06463},"geometry":{"type":"LineString","coordinates":[[114.17502,22.36618],[114.17482,22.36634]]}},{"type":"Feature","properties":{"boundary_score":0.0275,"activation_distance":0.06463},"geometry":{"type":"LineString","coordinates":[[114.17482,22.36634],[114.17502,22.36618]]}},{"type":"Feature","properties":{"boundary_score":0.0275,"activation_distance":0.06463},"geometry":{"type":"LineString","coordinates":[[114.17482,22.36634],[114.17502,22.36618]]}},{"type":"Feature","properties":{"boundary_score":0.0275,"activation_distance":0.06463},"geometry":{"type":"LineString","coordinates":[[114.17502,22.36618],[114.17482,22.36634]]}},{"type":"Feature","properties":{"boundary_score":0.0079,"activation_distance":0.05457},"geometry":{"type":"LineString","coordinates":[[114.1745,22.51563],[114.17427,22.51568]]}},{"type":"Feature","properties":{"boundary_score":0.0079,"activation_distance":0.05457},"geometry":{"type":"LineString","coordinates":[[114.17427,22.51568],[114.1745,22.51563]]}},{"type":"Feature","properties":{"boundary_score":0.0801,"activation_distance":0.09162},"geometry":{"type":"LineString","coordinates":[[114.17517,22.5186],[114.17537,22.51872]]}},{"type":"Feature","properties":{"boundary_score":0.0801,"activation_distance":0.09162},"geometry":{"type":"LineString","coordinates":[[114.17537,22.51872],[114.17517,22.5186]]}},{"type":"Feature","properties":{"boundary_score":0.0526,"activation_distance":0.07748},"geometry":{"type":"LineString","coordinates":[[114.17626,22.51974],[114.17638,22.51993]]}},{"type":"Feature","properties":{"boundary_score":0.0526,"activation_distance":0.07748},"geometry":{"type":"LineString","coordinates":[[114.17638,22.51993],[114.17626,22.51974]]}},{"type":"Feature","properties":{"boundary_score":0.0079,"activation_distance":0.05457},"geometry":{"type":"LineString","coordinates":[[114.17427,22.51568],[114.1745,22.51563]]}},{"type":"Feature","properties":{"boundary_score":0.0079,"activation_distance":0.05457},"geometry":{"type":"LineString","coordinates":[[114.1745,22.51563],[114.17427,22.51568]]}},{"type":"Feature","properties":{"boundary_score":0.0847,"activation_distance":0.09395},"geometry":{"type":"LineString","coordinates":[[114.19834,22.37077],[114.19811,22.37067]]}},{"type":"Feature","properties":{"boundary_score":0.0847,"activation_distance":0.09395},"geometry":{"type":"LineString","coordinates":[[114.19811,22.37067],[114.19834,22.37077]]}},{"type":"Feature","properties":{"boundary_score":0.1631,"activation_distance":0.13418},"geometry":{"type":"LineString","coordinates":[[114.19864,22.37291],[114.19855,22.37313]]}},{"type":"Feature","properties":{"boundary_score":0.1631,"activation_distance":0.13418},"geometry":{"type":"LineString","coordinates":[[114.19855,22.37313],[114.19864,22.37291]]}},{"type":"Feature","properties":{"boundary_score":0.0205,"activation_distance":0.06099},"geometry":{"type":"LineString","coordinates":[[114.17791,22.38632],[114.17811,22.38623]]}},{"type":"Feature","properties":{"boundary_score":0.0205,"activation_distance":0.06099},"geometry":{"type":"LineString","coordinates":[[114.17811,22.38623],[114.17791,22.38632]]}},{"type":"Feature","properties":{"boundary_score":0.0146,"activation_distance":0.058},"geometry":{"type":"LineString","coordinates":[[114.18124,22.38448],[114.18133,22.38427]]}},{"type":"Feature","properties":{"boundary_score":0.0146,"activation_distance":0.058},"geometry":{"type":"LineString","coordinates":[[114.18133,22.38427],[114.18124,22.38448]]}},{"type":"Feature","properties":{"boundary_score":0.0365,"activation_distance":0.06921},"geometry":{"type":"LineString","coordinates":[[114.19836,22.36827],[114.19827,22.36851]]}},{"type":"Feature","properties":{"boundary_score":0.0365,"activation_distance":0.06921},"geometry":{"type":"LineString","coordinates":[[114.19827,22.36851],[114.19836,22.36827]]}},{"type":"Feature","properties":{"boundary_score":0.0376,"activation_distance":0.06977},"geometry":{"type":"LineString","coordinates":[[114.20564,22.37851],[114.20586,22.37862]]}},{"type":"Feature","properties":{"boundary_score":0.0376,"activation_distance":0.06977},"geometry":{"type":"LineString","coordinates":[[114.20586,22.37862],[114.20564,22.37851]]}},{"type":"Feature","properties":{"boundary_score":0.0847,"activation_distance":0.09395},"geometry":{"type":"LineString","coordinates":[[114.19811,22.37067],[114.19834,22.37077]]}},{"type":"Feature","properties":{"boundary_score":0.0847,"activation_distance":0.09395},"geometry":{"type":"LineString","coordinates":[[114.19834,22.37077],[114.19811,22.37067]]}},{"type":"Feature","properties":{"boundary_score":0.2152,"activation_distance":0.16093},"geometry":{"type":"LineString","coordinates":[[114.20197,22.41253],[114.20176,22.41261]]}},{"type":"Feature","properties":{"boundary_score":0.2152,"activation_distance":0.16093},"geometry":{"type":"LineString","coordinates":[[114.20176,22.41261],[114.20197,22.41253]]}},{"type":"Feature","properties":{"boundary_score":0.1042,"activation_distance":0.10397},"geometry":{"type":"LineString","coordinates":[[114.20176,22.41113],[114.20199,22.4111]]}},{"type":"Feature","properties":{"boundary_score":0.1042,"activation_distance":0.10397},"geometry":{"type":"LineString","coordinates":[[114.20199,22.4111],[114.20176,22.41113]]}},{"type":"Feature","properties":{"boundary_score":0.1168,"activation_distance":0.11043},"geometry":{"type":"LineString","coordinates":[[114.16492,22.43626],[114.16502,22.43607]]}},{"type":"Feature","properties":{"boundary_score":0.1168,"activation_distance":0.11043},"geometry":{"type":"LineString","coordinates":[[114.16502,22.43607],[114.16492,22.43626]]}},{"type":"Feature","properties":{"boundary_score":0.1168,"activation_distance":0.11043},"geometry":{"type":"LineString","coordinates":[[114.16502,22.43607],[114.16492,22.43626]]}},{"type":"Feature","properties":{"boundary_score":0.1168,"activation_distance":0.11043},"geometry":{"type":"LineString","coordinates":[[114.16492,22.43626],[114.16502,22.43607]]}},{"type":"Feature","properties":{"boundary_score":0.0282,"activation_distance":0.06497},"geometry":{"type":"LineString","coordinates":[[114.15477,22.49964],[114.15487,22.49985]]}},{"type":"Feature","properties":{"boundary_score":0.0282,"activation_distance":0.06497},"geometry":{"type":"LineString","coordinates":[[114.15487,22.49985],[114.15477,22.49964]]}},{"type":"Feature","properties":{"boundary_score":0.0652,"activation_distance":0.08394},"geometry":{"type":"LineString","coordinates":[[114.15859,22.51276],[114.15845,22.51258]]}},{"type":"Feature","properties":{"boundary_score":0.0652,"activation_distance":0.08394},"geometry":{"type":"LineString","coordinates":[[114.15845,22.51258],[114.15859,22.51276]]}},{"type":"Feature","properties":{"boundary_score":0.1053,"activation_distance":0.10452},"geometry":{"type":"LineString","coordinates":[[114.15458,22.52248],[114.15436,22.52243]]}},{"type":"Feature","properties":{"boundary_score":0.1053,"activation_distance":0.10452},"geometry":{"type":"LineString","coordinates":[[114.15436,22.52243],[114.15458,22.52248]]}},{"type":"Feature","properties":{"boundary_score":0.1027,"activation_distance":0.1032},"geometry":{"type":"LineString","coordinates":[[114.16537,22.51923],[114.1653,22.51945]]}},{"type":"Feature","properties":{"boundary_score":0.1027,"activation_distance":0.1032},"geometry":{"type":"LineString","coordinates":[[114.1653,22.51945],[114.16537,22.51923]]}},{"type":"Feature","properties":{"boundary_score":0.0761,"activation_distance":0.08956},"geometry":{"type":"LineString","coordinates":[[114.23716,22.47549],[114.23701,22.47568]]}},{"type":"Feature","properties":{"boundary_score":0.0761,"activation_distance":0.08956},"geometry":{"type":"LineString","coordinates":[[114.23701,22.47568],[114.23716,22.47549]]}},{"type":"Feature","properties":{"boundary_score":0.4258,"activation_distance":0.26903},"geometry":{"type":"LineString","coordinates":[[114.20792,22.40447],[114.20812,22.40458]]}},{"type":"Feature","properties":{"boundary_score":0.4258,"activation_distance":0.26903},"geometry":{"type":"LineString","coordinates":[[114.20812,22.40458],[114.20792,22.40447]]}},{"type":"Feature","properties":{"boundary_score":0.1316,"activation_distance":0.11803},"geometry":{"type":"LineString","coordinates":[[114.20761,22.40484],[114.20742,22.4047]]}},{"type":"Feature","properties":{"boundary_score":0.1316,"activation_distance":0.11803},"geometry":{"type":"LineString","coordinates":[[114.20742,22.4047],[114.20761,22.40484]]}},{"type":"Feature","properties":{"boundary_score":0.012,"activation_distance":0.05665},"geometry":{"type":"LineString","coordinates":[[114.20111,22.40034],[114.20097,22.40014]]}},{"type":"Feature","properties":{"boundary_score":0.012,"activation_distance":0.05665},"geometry":{"type":"LineString","coordinates":[[114.20097,22.40014],[114.20111,22.40034]]}},{"type":"Feature","properties":{"boundary_score":0.3951,"activation_distance":0.25324},"geometry":{"type":"LineString","coordinates":[[114.20107,22.43274],[114.20131,22.43278]]}},{"type":"Feature","properties":{"boundary_score":0.3951,"activation_distance":0.25324},"geometry":{"type":"LineString","coordinates":[[114.20131,22.43278],[114.20107,22.43274]]}},{"type":"Feature","properties":{"boundary_score":0.005,"activation_distance":0.05304},"geometry":{"type":"LineString","coordinates":[[114.20106,22.43408],[114.20119,22.43427]]}},{"type":"Feature","properties":{"boundary_score":0.005,"activation_distance":0.05304},"geometry":{"type":"LineString","coordinates":[[114.20119,22.43427],[114.20106,22.43408]]}},{"type":"Feature","properties":{"boundary_score":0.005,"activation_distance":0.05304},"geometry":{"type":"LineString","coordinates":[[114.20119,22.43427],[114.20106,22.43408]]}},{"type":"Feature","properties":{"boundary_score":0.005,"activation_distance":0.05304},"geometry":{"type":"LineString","coordinates":[[114.20106,22.43408],[114.20119,22.43427]]}},{"type":"Feature","properties":{"boundary_score":0.0376,"activation_distance":0.06977},"geometry":{"type":"LineString","coordinates":[[114.20586,22.37862],[114.20564,22.37851]]}},{"type":"Feature","properties":{"boundary_score":0.0376,"activation_distance":0.06977},"geometry":{"type":"LineString","coordinates":[[114.20564,22.37851],[114.20586,22.37862]]}},{"type":"Feature","properties":{"boundary_score":0.047,"activation_distance":0.07461},"geometry":{"type":"LineString","coordinates":[[114.18799,22.37981],[114.18805,22.37958]]}},{"type":"Feature","properties":{"boundary_score":0.047,"activation_distance":0.07461},"geometry":{"type":"LineString","coordinates":[[114.18805,22.37958],[114.18799,22.37981]]}},{"type":"Feature","properties":{"boundary_score":0.0871,"activation_distance":0.09522},"geometry":{"type":"LineString","coordinates":[[114.1997,22.3876],[114.19988,22.38746]]}},{"type":"Feature","properties":{"boundary_score":0.0871,"activation_distance":0.09522},"geometry":{"type":"LineString","coordinates":[[114.19988,22.38746],[114.1997,22.3876]]}},{"type":"Feature","properties":{"boundary_score":0.0058,"activation_distance":0.05345},"geometry":{"type":"LineString","coordinates":[[114.21784,22.54401],[114.21769,22.54384]]}},{"type":"Feature","properties":{"boundary_score":0.0058,"activation_distance":0.05345},"geometry":{"type":"LineString","coordinates":[[114.21769,22.54384],[114.21784,22.54401]]}},{"type":"Feature","properties":{"boundary_score":0.0764,"activation_distance":0.08972},"geometry":{"type":"LineString","coordinates":[[114.28427,22.39634],[114.28414,22.39613]]}},{"type":"Feature","properties":{"boundary_score":0.0764,"activation_distance":0.08972},"geometry":{"type":"LineString","coordinates":[[114.28414,22.39613],[114.28427,22.39634]]}},{"type":"Feature","properties":{"boundary_score":0.2563,"activation_distance":0.18203},"geometry":{"type":"LineString","coordinates":[[114.1695,22.53096],[114.16971,22.53105]]}},{"type":"Feature","properties":{"boundary_score":0.2563,"activation_distance":0.18203},"geometry":{"type":"LineString","coordinates":[[114.16971,22.53105],[114.1695,22.53096]]}},{"type":"Feature","properties":{"boundary_score":0.0965,"activation_distance":0.10003},"geometry":{"type":"LineString","coordinates":[[114.20807,22.46483],[114.20791,22.46467]]}},{"type":"Feature","properties":{"boundary_score":0.0965,"activation_distance":0.10003},"geometry":{"type":"LineString","coordinates":[[114.20791,22.46467],[114.20807,22.46483]]}},{"type":"Feature","properties":{"boundary_score":0.0144,"activation_distance":0.0579},"geometry":{"type":"LineString","coordinates":[[114.21384,22.40062],[114.21368,22.40045]]}},{"type":"Feature","properties":{"boundary_score":0.0144,"activation_distance":0.0579},"geometry":{"type":"LineString","coordinates":[[114.21368,22.40045],[114.21384,22.40062]]}},{"type":"Feature","properties":{"boundary_score":0.0427,"activation_distance":0.07241},"geometry":{"type":"LineString","coordinates":[[114.15744,22.50894],[114.15764,22.50905]]}},{"type":"Feature","properties":{"boundary_score":0.0427,"activation_distance":0.07241},"geometry":{"type":"LineString","coordinates":[[114.15764,22.50905],[114.15744,22.50894]]}},{"type":"Feature","properties":{"boundary_score":0.008,"activation_distance":0.05458},"geometry":{"type":"LineString","coordinates":[[114.2141,22.38292],[114.21402,22.38268]]}},{"type":"Feature","properties":{"boundary_score":0.008,"activation_distance":0.05458},"geometry":{"type":"LineString","coordinates":[[114.21402,22.38268],[114.2141,22.38292]]}},{"type":"Feature","properties":{"boundary_score":0.0144,"activation_distance":0.0579},"geometry":{"type":"LineString","coordinates":[[114.21368,22.40045],[114.21384,22.40062]]}},{"type":"Feature","properties":{"boundary_score":0.0144,"activation_distance":0.0579},"geometry":{"type":"LineString","coordinates":[[114.21384,22.40062],[114.21368,22.40045]]}},{"type":"Feature","properties":{"boundary_score":0.0382,"activation_distance":0.0701},"geometry":{"type":"LineString","coordinates":[[114.22319,22.4097],[114.22329,22.40991]]}},{"type":"Feature","properties":{"boundary_score":0.0382,"activation_distance":0.0701},"geometry":{"type":"LineString","coordinates":[[114.22329,22.40991],[114.22319,22.4097]]}},{"type":"Feature","properties":{"boundary_score":0.0169,"activation_distance":0.05917},"geometry":{"type":"LineString","coordinates":[[114.22329,22.40991],[114.22339,22.41011]]}},{"type":"Feature","properties":{"boundary_score":0.0169,"activation_distance":0.05917},"geometry":{"type":"LineString","coordinates":[[114.22339,22.41011],[114.22329,22.40991]]}},{"type":"Feature","properties":{"boundary_score":0.0655,"activation_distance":0.08412},"geometry":{"type":"LineString","coordinates":[[114.22453,22.41098],[114.22443,22.41077]]}},{"type":"Feature","properties":{"boundary_score":0.0655,"activation_distance":0.08412},"geometry":{"type":"LineString","coordinates":[[114.22443,22.41077],[114.22453,22.41098]]}},{"type":"Feature","properties":{"boundary_score":0.0216,"activation_distance":0.06159},"geometry":{"type":"LineString","coordinates":[[114.22419,22.41819],[114.22427,22.41842]]}},{"type":"Feature","properties":{"boundary_score":0.0216,"activation_distance":0.06159},"geometry":{"type":"LineString","coordinates":[[114.22427,22.41842],[114.22419,22.41819]]}},{"type":"Feature","properties":{"boundary_score":0.0969,"activation_distance":0.10022},"geometry":{"type":"LineString","coordinates":[[114.19354,22.46585],[114.19344,22.46609]]}},{"type":"Feature","properties":{"boundary_score":0.0969,"activation_distance":0.10022},"geometry":{"type":"LineString","coordinates":[[114.19344,22.46609],[114.19354,22.46585]]}},{"type":"Feature","properties":{"boundary_score":0.0512,"activation_distance":0.07678},"geometry":{"type":"LineString","coordinates":[[114.19554,22.46337],[114.19566,22.46317]]}},{"type":"Feature","properties":{"boundary_score":0.0512,"activation_distance":0.07678},"geometry":{"type":"LineString","coordinates":[[114.19566,22.46317],[114.19554,22.46337]]}},{"type":"Feature","properties":{"boundary_score":0.0969,"activation_distance":0.10022},"geometry":{"type":"LineString","coordinates":[[114.19344,22.46609],[114.19354,22.46585]]}},{"type":"Feature","properties":{"boundary_score":0.0969,"activation_distance":0.10022},"geometry":{"type":"LineString","coordinates":[[114.19354,22.46585],[114.19344,22.46609]]}},{"type":"Feature","properties":{"boundary_score":0.0216,"activation_distance":0.06159},"geometry":{"type":"LineString","coordinates":[[114.22427,22.41842],[114.22419,22.41819]]}},{"type":"Feature","properties":{"boundary_score":0.0216,"activation_distance":0.06159},"geometry":{"type":"LineString","coordinates":[[114.22419,22.41819],[114.22427,22.41842]]}},{"type":"Feature","properties":{"boundary_score":0.093,"activation_distance":0.09823},"geometry":{"type":"LineString","coordinates":[[114.17836,22.36204],[114.17817,22.36193]]}},{"type":"Feature","properties":{"boundary_score":0.093,"activation_distance":0.09823},"geometry":{"type":"LineString","coordinates":[[114.17817,22.36193],[114.17836,22.36204]]}},{"type":"Feature","properties":{"boundary_score":0.0716,"activation_distance":0.08723},"geometry":{"type":"LineString","coordinates":[[114.20063,22.40694],[114.20042,22.40703]]}},{"type":"Feature","properties":{"boundary_score":0.0716,"activation_distance":0.08723},"geometry":{"type":"LineString","coordinates":[[114.20042,22.40703],[114.20063,22.40694]]}},{"type":"Feature","properties":{"boundary_score":0.0716,"activation_distance":0.08723},"geometry":{"type":"LineString","coordinates":[[114.20042,22.40703],[114.20063,22.40694]]}},{"type":"Feature","properties":{"boundary_score":0.0716,"activation_distance":0.08723},"geometry":{"type":"LineString","coordinates":[[114.20063,22.40694],[114.20042,22.40703]]}},{"type":"Feature","properties":{"boundary_score":0.1042,"activation_distance":0.10397},"geometry":{"type":"LineString","coordinates":[[114.20199,22.4111],[114.20176,22.41113]]}},{"type":"Feature","properties":{"boundary_score":0.1042,"activation_distance":0.10397},"geometry":{"type":"LineString","coordinates":[[114.20176,22.41113],[114.20199,22.4111]]}},{"type":"Feature","properties":{"boundary_score":0.2152,"activation_distance":0.16093},"geometry":{"type":"LineString","coordinates":[[114.20176,22.41261],[114.20197,22.41253]]}},{"type":"Feature","properties":{"boundary_score":0.2152,"activation_distance":0.16093},"geometry":{"type":"LineString","coordinates":[[114.20197,22.41253],[114.20176,22.41261]]}},{"type":"Feature","properties":{"boundary_score":0.0111,"activation_distance":0.0562},"geometry":{"type":"LineString","coordinates":[[114.20353,22.42162],[114.2035,22.42137]]}},{"type":"Feature","properties":{"boundary_score":0.0111,"activation_distance":0.0562},"geometry":{"type":"LineString","coordinates":[[114.2035,22.42137],[114.20353,22.42162]]}},{"type":"Feature","properties":{"boundary_score":0.0442,"activation_distance":0.07317},"geometry":{"type":"LineString","coordinates":[[114.18108,22.45268],[114.18112,22.45291]]}},{"type":"Feature","properties":{"boundary_score":0.0442,"activation_distance":0.07317},"geometry":{"type":"LineString","coordinates":[[114.18112,22.45291],[114.18108,22.45268]]}},{"type":"Feature","properties":{"boundary_score":0.0019,"activation_distance":0.05148},"geometry":{"type":"LineString","coordinates":[[114.18445,22.45705],[114.18468,22.45705]]}},{"type":"Feature","properties":{"boundary_score":0.0019,"activation_distance":0.05148},"geometry":{"type":"LineString","coordinates":[[114.18468,22.45705],[114.18445,22.45705]]}},{"type":"Feature","properties":{"boundary_score":0.2127,"activation_distance":0.15964},"geometry":{"type":"LineString","coordinates":[[114.18805,22.45705],[114.18828,22.45705]]}},{"type":"Feature","properties":{"boundary_score":0.2127,"activation_distance":0.15964},"geometry":{"type":"LineString","coordinates":[[114.18828,22.45705],[114.18805,22.45705]]}},{"type":"Feature","properties":{"boundary_score":0.1222,"activation_distance":0.1132},"geometry":{"type":"LineString","coordinates":[[114.20312,22.53123],[114.20289,22.53118]]}},{"type":"Feature","properties":{"boundary_score":0.1222,"activation_distance":0.1132},"geometry":{"type":"LineString","coordinates":[[114.20289,22.53118],[114.20312,22.53123]]}},{"type":"Feature","properties":{"boundary_score":0.2246,"activation_distance":0.16575},"geometry":{"type":"LineString","coordinates":[[114.22886,22.42396],[114.22907,22.42409]]}},{"type":"Feature","properties":{"boundary_score":0.2246,"activation_distance":0.16575},"geometry":{"type":"LineString","coordinates":[[114.22907,22.42409],[114.22886,22.42396]]}},{"type":"Feature","properties":{"boundary_score":0.0512,"activation_distance":0.07678},"geometry":{"type":"LineString","coordinates":[[114.19566,22.46317],[114.19554,22.46337]]}},{"type":"Feature","properties":{"boundary_score":0.0512,"activation_distance":0.07678},"geometry":{"type":"LineString","coordinates":[[114.19554,22.46337],[114.19566,22.46317]]}},{"type":"Feature","properties":{"boundary_score":0.0747,"activation_distance":0.08885},"geometry":{"type":"LineString","coordinates":[[114.22079,22.47459],[114.2207,22.47478]]}},{"type":"Feature","properties":{"boundary_score":0.0747,"activation_distance":0.08885},"geometry":{"type":"LineString","coordinates":[[114.2207,22.47478],[114.22079,22.47459]]}},{"type":"Feature","properties":{"boundary_score":0.0963,"activation_distance":0.09989},"geometry":{"type":"LineString","coordinates":[[114.21986,22.47492],[114.22,22.47533]]}},{"type":"Feature","properties":{"boundary_score":0.0963,"activation_distance":0.09989},"geometry":{"type":"LineString","coordinates":[[114.22,22.47533],[114.21986,22.47492]]}},{"type":"Feature","properties":{"boundary_score":0.0747,"activation_distance":0.08885},"geometry":{"type":"LineString","coordinates":[[114.2207,22.47478],[114.22079,22.47459]]}},{"type":"Feature","properties":{"boundary_score":0.0747,"activation_distance":0.08885},"geometry":{"type":"LineString","coordinates":[[114.22079,22.47459],[114.2207,22.47478]]}},{"type":"Feature","properties":{"boundary_score":0.0963,"activation_distance":0.09989},"geometry":{"type":"LineString","coordinates":[[114.22,22.47533],[114.21986,22.47492]]}},{"type":"Feature","properties":{"boundary_score":0.0963,"activation_distance":0.09989},"geometry":{"type":"LineString","coordinates":[[114.21986,22.47492],[114.22,22.47533]]}},{"type":"Feature","properties":{"boundary_score":0.0282,"activation_distance":0.06497},"geometry":{"type":"LineString","coordinates":[[114.15487,22.49985],[114.15477,22.49964]]}},{"type":"Feature","properties":{"boundary_score":0.0282,"activation_distance":0.06497},"geometry":{"type":"LineString","coordinates":[[114.15477,22.49964],[114.15487,22.49985]]}},{"type":"Feature","properties":{"boundary_score":0.1222,"activation_distance":0.1132},"geometry":{"type":"LineString","coordinates":[[114.20289,22.53118],[114.20312,22.53123]]}},{"type":"Feature","properties":{"boundary_score":0.1222,"activation_distance":0.1132},"geometry":{"type":"LineString","coordinates":[[114.20312,22.53123],[114.20289,22.53118]]}},{"type":"Feature","properties":{"boundary_score":0.0254,"activation_distance":0.06352},"geometry":{"type":"LineString","coordinates":[[114.3319,22.4207],[114.33178,22.42051]]}},{"type":"Feature","properties":{"boundary_score":0.0254,"activation_distance":0.06352},"geometry":{"type":"LineString","coordinates":[[114.33178,22.42051],[114.3319,22.4207]]}},{"type":"Feature","properties":{"boundary_score":0.2696,"activation_distance":0.18886},"geometry":{"type":"LineString","coordinates":[[114.3235,22.40107],[114.32364,22.40089]]}},{"type":"Feature","properties":{"boundary_score":0.2696,"activation_distance":0.18886},"geometry":{"type":"LineString","coordinates":[[114.32364,22.40089],[114.3235,22.40107]]}},{"type":"Feature","properties":{"boundary_score":0.0652,"activation_distance":0.08394},"geometry":{"type":"LineString","coordinates":[[114.15845,22.51258],[114.15859,22.51276]]}},{"type":"Feature","properties":{"boundary_score":0.0652,"activation_distance":0.08394},"geometry":{"type":"LineString","coordinates":[[114.15859,22.51276],[114.15845,22.51258]]}},{"type":"Feature","properties":{"boundary_score":0.1043,"activation_distance":0.10404},"geometry":{"type":"LineString","coordinates":[[114.28601,22.423],[114.28623,22.42296]]}},{"type":"Feature","properties":{"boundary_score":0.1043,"activation_distance":0.10404},"geometry":{"type":"LineString","coordinates":[[114.28623,22.42296],[114.28601,22.423]]}},{"type":"Feature","properties":{"boundary_score":0.013,"activation_distance":0.05716},"geometry":{"type":"LineString","coordinates":[[114.24441,22.40237],[114.24418,22.40238]]}},{"type":"Feature","properties":{"boundary_score":0.013,"activation_distance":0.05716},"geometry":{"type":"LineString","coordinates":[[114.24418,22.40238],[114.24441,22.40237]]}},{"type":"Feature","properties":{"boundary_score":0.0043,"activation_distance":0.0527},"geometry":{"type":"LineString","coordinates":[[114.20193,22.3983],[114.20181,22.3981]]}},{"type":"Feature","properties":{"boundary_score":0.0043,"activation_distance":0.0527},"geometry":{"type":"LineString","coordinates":[[114.20181,22.3981],[114.20193,22.3983]]}},{"type":"Feature","properties":{"boundary_score":0.0034,"activation_distance":0.05225},"geometry":{"type":"LineString","coordinates":[[114.19929,22.39392],[114.19921,22.3937]]}},{"type":"Feature","properties":{"boundary_score":0.0034,"activation_distance":0.05225},"geometry":{"type":"LineString","coordinates":[[114.19921,22.3937],[114.19929,22.39392]]}},{"type":"Feature","properties":{"boundary_score":0.1481,"activation_distance":0.12651},"geometry":{"type":"LineString","coordinates":[[114.21091,22.42416],[114.21073,22.4243]]}},{"type":"Feature","properties":{"boundary_score":0.1481,"activation_distance":0.12651},"geometry":{"type":"LineString","coordinates":[[114.21073,22.4243],[114.21091,22.42416]]}},{"type":"Feature","properties":{"boundary_score":0.0293,"activation_distance":0.06555},"geometry":{"type":"LineString","coordinates":[[114.15604,22.55201],[114.15615,22.55228]]}},{"type":"Feature","properties":{"boundary_score":0.0293,"activation_distance":0.06555},"geometry":{"type":"LineString","coordinates":[[114.15615,22.55228],[114.15604,22.55201]]}},{"type":"Feature","properties":{"boundary_score":0.0293,"activation_distance":0.06555},"geometry":{"type":"LineString","coordinates":[[114.15615,22.55228],[114.15604,22.55201]]}},{"type":"Feature","properties":{"boundary_score":0.0293,"activation_distance":0.06555},"geometry":{"type":"LineString","coordinates":[[114.15604,22.55201],[114.15615,22.55228]]}},{"type":"Feature","properties":{"boundary_score":0.0337,"activation_distance":0.06781},"geometry":{"type":"LineString","coordinates":[[114.15601,22.5524],[114.15586,22.55219]]}},{"type":"Feature","properties":{"boundary_score":0.0337,"activation_distance":0.06781},"geometry":{"type":"LineString","coordinates":[[114.15586,22.55219],[114.15601,22.5524]]}},{"type":"Feature","properties":{"boundary_score":0.0051,"activation_distance":0.05309},"geometry":{"type":"LineString","coordinates":[[114.21595,22.52296],[114.2159,22.52319]]}},{"type":"Feature","properties":{"boundary_score":0.0051,"activation_distance":0.05309},"geometry":{"type":"LineString","coordinates":[[114.2159,22.52319],[114.21595,22.52296]]}},{"type":"Feature","properties":{"boundary_score":0.0331,"activation_distance":0.06747},"geometry":{"type":"LineString","coordinates":[[114.15916,22.47957],[114.15939,22.47955]]}},{"type":"Feature","properties":{"boundary_score":0.0331,"activation_distance":0.06747},"geometry":{"type":"LineString","coordinates":[[114.15939,22.47955],[114.15916,22.47957]]}},{"type":"Feature","properties":{"boundary_score":0.062,"activation_distance":0.0823},"geometry":{"type":"LineString","coordinates":[[114.1856,22.36659],[114.18542,22.36644]]}},{"type":"Feature","properties":{"boundary_score":0.062,"activation_distance":0.0823},"geometry":{"type":"LineString","coordinates":[[114.18542,22.36644],[114.1856,22.36659]]}},{"type":"Feature","properties":{"boundary_score":0.0229,"activation_distance":0.06223},"geometry":{"type":"LineString","coordinates":[[114.1753,22.35944],[114.17549,22.35957]]}},{"type":"Feature","properties":{"boundary_score":0.0229,"activation_distance":0.06223},"geometry":{"type":"LineString","coordinates":[[114.17549,22.35957],[114.1753,22.35944]]}},{"type":"Feature","properties":{"boundary_score":0.0639,"activation_distance":0.08328},"geometry":{"type":"LineString","coordinates":[[114.17819,22.36204],[114.17838,22.36216]]}},{"type":"Feature","properties":{"boundary_score":0.0639,"activation_distance":0.08328},"geometry":{"type":"LineString","coordinates":[[114.17838,22.36216],[114.17819,22.36204]]}},{"type":"Feature","properties":{"boundary_score":0.0033,"activation_distance":0.05217},"geometry":{"type":"LineString","coordinates":[[114.17932,22.36281],[114.17949,22.36297]]}},{"type":"Feature","properties":{"boundary_score":0.0033,"activation_distance":0.05217},"geometry":{"type":"LineString","coordinates":[[114.17949,22.36297],[114.17932,22.36281]]}},{"type":"Feature","properties":{"boundary_score":0.1166,"activation_distance":0.11031},"geometry":{"type":"LineString","coordinates":[[114.24113,22.42887],[114.24072,22.42904]]}},{"type":"Feature","properties":{"boundary_score":0.1166,"activation_distance":0.11031},"geometry":{"type":"LineString","coordinates":[[114.24072,22.42904],[114.24113,22.42887]]}},{"type":"Feature","properties":{"boundary_score":0.1166,"activation_distance":0.11031},"geometry":{"type":"LineString","coordinates":[[114.24072,22.42904],[114.24113,22.42887]]}},{"type":"Feature","properties":{"boundary_score":0.1166,"activation_distance":0.11031},"geometry":{"type":"LineString","coordinates":[[114.24113,22.42887],[114.24072,22.42904]]}},{"type":"Feature","properties":{"boundary_score":0.1044,"activation_distance":0.10408},"geometry":{"type":"LineString","coordinates":[[114.24113,22.42995],[114.24098,22.43016]]}},{"type":"Feature","properties":{"boundary_score":0.1044,"activation_distance":0.10408},"geometry":{"type":"LineString","coordinates":[[114.24098,22.43016],[114.24113,22.42995]]}},{"type":"Feature","properties":{"boundary_score":0.1481,"activation_distance":0.12651},"geometry":{"type":"LineString","coordinates":[[114.21077,22.42449],[114.21095,22.42436]]}},{"type":"Feature","properties":{"boundary_score":0.1481,"activation_distance":0.12651},"geometry":{"type":"LineString","coordinates":[[114.21095,22.42436],[114.21077,22.42449]]}},{"type":"Feature","properties":{"boundary_score":0.0354,"activation_distance":0.06864},"geometry":{"type":"LineString","coordinates":[[114.1965,22.42544],[114.19645,22.42566]]}},{"type":"Feature","properties":{"boundary_score":0.0354,"activation_distance":0.06864},"geometry":{"type":"LineString","coordinates":[[114.19645,22.42566],[114.1965,22.42544]]}},{"type":"Feature","properties":{"boundary_score":0.1558,"activation_distance":0.13043},"geometry":{"type":"LineString","coordinates":[[114.20501,22.38281],[114.20521,22.383]]}},{"type":"Feature","properties":{"boundary_score":0.1558,"activation_distance":0.13043},"geometry":{"type":"LineString","coordinates":[[114.20521,22.383],[114.20501,22.38281]]}},{"type":"Feature","properties":{"boundary_score":0.0084,"activation_distance":0.05482},"geometry":{"type":"LineString","coordinates":[[114.2519,22.36492],[114.25175,22.3651]]}},{"type":"Feature","properties":{"boundary_score":0.0084,"activation_distance":0.05482},"geometry":{"type":"LineString","coordinates":[[114.25175,22.3651],[114.2519,22.36492]]}},{"type":"Feature","properties":{"boundary_score":0.2204,"activation_distance":0.16362},"geometry":{"type":"LineString","coordinates":[[114.25038,22.36568],[114.2506,22.36573]]}},{"type":"Feature","properties":{"boundary_score":0.2204,"activation_distance":0.16362},"geometry":{"type":"LineString","coordinates":[[114.2506,22.36573],[114.25038,22.36568]]}},{"type":"Feature","properties":{"boundary_score":0.0084,"activation_distance":0.05482},"geometry":{"type":"LineString","coordinates":[[114.25175,22.3651],[114.2519,22.36492]]}},{"type":"Feature","properties":{"boundary_score":0.0084,"activation_distance":0.05482},"geometry":{"type":"LineString","coordinates":[[114.2519,22.36492],[114.25175,22.3651]]}},{"type":"Feature","properties":{"boundary_score":0.2204,"activation_distance":0.16362},"geometry":{"type":"LineString","coordinates":[[114.2506,22.36573],[114.25038,22.36568]]}},{"type":"Feature","properties":{"boundary_score":0.2204,"activation_distance":0.16362},"geometry":{"type":"LineString","coordinates":[[114.25038,22.36568],[114.2506,22.36573]]}},{"type":"Feature","properties":{"boundary_score":0.0295,"activation_distance":0.06565},"geometry":{"type":"LineString","coordinates":[[114.27051,22.38595],[114.27029,22.38604]]}},{"type":"Feature","properties":{"boundary_score":0.0295,"activation_distance":0.06565},"geometry":{"type":"LineString","coordinates":[[114.27029,22.38604],[114.27051,22.38595]]}},{"type":"Feature","properties":{"boundary_score":0.1279,"activation_distance":0.11612},"geometry":{"type":"LineString","coordinates":[[114.15528,22.5518],[114.15527,22.55157]]}},{"type":"Feature","properties":{"boundary_score":0.1279,"activation_distance":0.11612},"geometry":{"type":"LineString","coordinates":[[114.15527,22.55157],[114.15528,22.5518]]}},{"type":"Feature","properties":{"boundary_score":0.0561,"activation_distance":0.07931},"geometry":{"type":"LineString","coordinates":[[114.21363,22.40069],[114.21347,22.40053]]}},{"type":"Feature","properties":{"boundary_score":0.0561,"activation_distance":0.07931},"geometry":{"type":"LineString","coordinates":[[114.21347,22.40053],[114.21363,22.40069]]}},{"type":"Feature","properties":{"boundary_score":0.0817,"activation_distance":0.09241},"geometry":{"type":"LineString","coordinates":[[114.22408,22.40986],[114.22411,22.40961]]}},{"type":"Feature","properties":{"boundary_score":0.0817,"activation_distance":0.09241},"geometry":{"type":"LineString","coordinates":[[114.22411,22.40961],[114.22408,22.40986]]}},{"type":"Feature","properties":{"boundary_score":0.1187,"activation_distance":0.11141},"geometry":{"type":"LineString","coordinates":[[114.22419,22.4112],[114.22408,22.411]]}},{"type":"Feature","properties":{"boundary_score":0.1187,"activation_distance":0.11141},"geometry":{"type":"LineString","coordinates":[[114.22408,22.411],[114.22419,22.4112]]}},{"type":"Feature","properties":{"boundary_score":0.052,"activation_distance":0.0772},"geometry":{"type":"LineString","coordinates":[[114.22357,22.40972],[114.22351,22.4095]]}},{"type":"Feature","properties":{"boundary_score":0.052,"activation_distance":0.0772},"geometry":{"type":"LineString","coordinates":[[114.22351,22.4095],[114.22357,22.40972]]}},{"type":"Feature","properties":{"boundary_score":0.0003,"activation_distance":0.05065},"geometry":{"type":"LineString","coordinates":[[114.16594,22.4385],[114.16573,22.43851]]}},{"type":"Feature","properties":{"boundary_score":0.0003,"activation_distance":0.05065},"geometry":{"type":"LineString","coordinates":[[114.16573,22.43851],[114.16594,22.4385]]}},{"type":"Feature","properties":{"boundary_score":0.4481,"activation_distance":0.28044},"geometry":{"type":"LineString","coordinates":[[114.17882,22.52264],[114.17896,22.52245]]}},{"type":"Feature","properties":{"boundary_score":0.4481,"activation_distance":0.28044},"geometry":{"type":"LineString","coordinates":[[114.17896,22.52245],[114.17882,22.52264]]}},{"type":"Feature","properties":{"boundary_score":0.3269,"activation_distance":0.21827},"geometry":{"type":"LineString","coordinates":[[114.17866,22.52261],[114.1788,22.52243]]}},{"type":"Feature","properties":{"boundary_score":0.3269,"activation_distance":0.21827},"geometry":{"type":"LineString","coordinates":[[114.1788,22.52243],[114.17866,22.52261]]}},{"type":"Feature","properties":{"boundary_score":0.0997,"activation_distance":0.10167},"geometry":{"type":"LineString","coordinates":[[114.16676,22.53619],[114.16662,22.53637]]}},{"type":"Feature","properties":{"boundary_score":0.0997,"activation_distance":0.10167},"geometry":{"type":"LineString","coordinates":[[114.16662,22.53637],[114.16676,22.53619]]}},{"type":"Feature","properties":{"boundary_score":0.0965,"activation_distance":0.10003},"geometry":{"type":"LineString","coordinates":[[114.20791,22.46467],[114.20807,22.46483]]}},{"type":"Feature","properties":{"boundary_score":0.0965,"activation_distance":0.10003},"geometry":{"type":"LineString","coordinates":[[114.20807,22.46483],[114.20791,22.46467]]}},{"type":"Feature","properties":{"boundary_score":0.0331,"activation_distance":0.06747},"geometry":{"type":"LineString","coordinates":[[114.15939,22.47955],[114.15916,22.47957]]}},{"type":"Feature","properties":{"boundary_score":0.0331,"activation_distance":0.06747},"geometry":{"type":"LineString","coordinates":[[114.15916,22.47957],[114.15939,22.47955]]}},{"type":"Feature","properties":{"boundary_score":0.0018,"activation_distance":0.05143},"geometry":{"type":"LineString","coordinates":[[114.18468,22.45697],[114.18445,22.45697]]}},{"type":"Feature","properties":{"boundary_score":0.0018,"activation_distance":0.05143},"geometry":{"type":"LineString","coordinates":[[114.18445,22.45697],[114.18468,22.45697]]}},{"type":"Feature","properties":{"boundary_score":0.0564,"activation_distance":0.07945},"geometry":{"type":"LineString","coordinates":[[114.18828,22.45697],[114.18805,22.45697]]}},{"type":"Feature","properties":{"boundary_score":0.0564,"activation_distance":0.07945},"geometry":{"type":"LineString","coordinates":[[114.18805,22.45697],[114.18828,22.45697]]}},{"type":"Feature","properties":{"boundary_score":0.0294,"activation_distance":0.06559},"geometry":{"type":"LineString","coordinates":[[114.18805,22.45697],[114.18783,22.45697]]}},{"type":"Feature","properties":{"boundary_score":0.0294,"activation_distance":0.06559},"geometry":{"type":"LineString","coordinates":[[114.18783,22.45697],[114.18805,22.45697]]}},{"type":"Feature","properties":{"boundary_score":0.0018,"activation_distance":0.05142},"geometry":{"type":"LineString","coordinates":[[114.18122,22.45297],[114.1812,22.45274]]}},{"type":"Feature","properties":{"boundary_score":0.0018,"activation_distance":0.05142},"geometry":{"type":"LineString","coordinates":[[114.1812,22.45274],[114.18122,22.45297]]}},{"type":"Feature","properties":{"boundary_score":0.2648,"activation_distance":0.18637},"geometry":{"type":"LineString","coordinates":[[114.17412,22.37812],[114.17427,22.37787]]}},{"type":"Feature","properties":{"boundary_score":0.2648,"activation_distance":0.18637},"geometry":{"type":"LineString","coordinates":[[114.17427,22.37787],[114.17412,22.37812]]}},{"type":"Feature","properties":{"boundary_score":0.1044,"activation_distance":0.10408},"geometry":{"type":"LineString","coordinates":[[114.24098,22.43016],[114.24113,22.42995]]}},{"type":"Feature","properties":{"boundary_score":0.1044,"activation_distance":0.10408},"geometry":{"type":"LineString","coordinates":[[114.24113,22.42995],[114.24098,22.43016]]}},{"type":"Feature","properties":{"boundary_score":0.375,"activation_distance":0.24296},"geometry":{"type":"LineString","coordinates":[[114.20758,22.46053],[114.20733,22.46052]]}},{"type":"Feature","properties":{"boundary_score":0.375,"activation_distance":0.24296},"geometry":{"type":"LineString","coordinates":[[114.20733,22.46052],[114.20758,22.46053]]}},{"type":"Feature","properties":{"boundary_score":0.1538,"activation_distance":0.12943},"geometry":{"type":"LineString","coordinates":[[114.1691,22.36632],[114.16888,22.36626]]}},{"type":"Feature","properties":{"boundary_score":0.1538,"activation_distance":0.12943},"geometry":{"type":"LineString","coordinates":[[114.16888,22.36626],[114.1691,22.36632]]}},{"type":"Feature","properties":{"boundary_score":0.0244,"activation_distance":0.06301},"geometry":{"type":"LineString","coordinates":[[114.16231,22.36123],[114.16215,22.36107]]}},{"type":"Feature","properties":{"boundary_score":0.0244,"activation_distance":0.06301},"geometry":{"type":"LineString","coordinates":[[114.16215,22.36107],[114.16231,22.36123]]}},{"type":"Feature","properties":{"boundary_score":0.0173,"activation_distance":0.05938},"geometry":{"type":"LineString","coordinates":[[114.15855,22.35564],[114.15844,22.35544]]}},{"type":"Feature","properties":{"boundary_score":0.0173,"activation_distance":0.05938},"geometry":{"type":"LineString","coordinates":[[114.15844,22.35544],[114.15855,22.35564]]}},{"type":"Feature","properties":{"boundary_score":0.0355,"activation_distance":0.06874},"geometry":{"type":"LineString","coordinates":[[114.15609,22.35288],[114.15599,22.35268]]}},{"type":"Feature","properties":{"boundary_score":0.0355,"activation_distance":0.06874},"geometry":{"type":"LineString","coordinates":[[114.15599,22.35268],[114.15609,22.35288]]}},{"type":"Feature","properties":{"boundary_score":0.2472,"activation_distance":0.17736},"geometry":{"type":"LineString","coordinates":[[114.15398,22.34976],[114.15387,22.34956]]}},{"type":"Feature","properties":{"boundary_score":0.2472,"activation_distance":0.17736},"geometry":{"type":"LineString","coordinates":[[114.15387,22.34956],[114.15398,22.34976]]}},{"type":"Feature","properties":{"boundary_score":0.0737,"activation_distance":0.08829},"geometry":{"type":"LineString","coordinates":[[114.16735,22.45077],[114.16731,22.45052]]}},{"type":"Feature","properties":{"boundary_score":0.0737,"activation_distance":0.08829},"geometry":{"type":"LineString","coordinates":[[114.16731,22.45052],[114.16735,22.45077]]}},{"type":"Feature","properties":{"boundary_score":0.003,"activation_distance":0.05201},"geometry":{"type":"LineString","coordinates":[[114.20247,22.43026],[114.2023,22.43042]]}},{"type":"Feature","properties":{"boundary_score":0.003,"activation_distance":0.05201},"geometry":{"type":"LineString","coordinates":[[114.2023,22.43042],[114.20247,22.43026]]}},{"type":"Feature","properties":{"boundary_score":0.0855,"activation_distance":0.09436},"geometry":{"type":"LineString","coordinates":[[114.24247,22.35563],[114.2427,22.35559]]}},{"type":"Feature","properties":{"boundary_score":0.0855,"activation_distance":0.09436},"geometry":{"type":"LineString","coordinates":[[114.2427,22.35559],[114.24247,22.35563]]}},{"type":"Feature","properties":{"boundary_score":0.0274,"activation_distance":0.06453},"geometry":{"type":"LineString","coordinates":[[114.25758,22.3786],[114.25733,22.37838]]}},{"type":"Feature","properties":{"boundary_score":0.0274,"activation_distance":0.06453},"geometry":{"type":"LineString","coordinates":[[114.25733,22.37838],[114.25758,22.3786]]}},{"type":"Feature","properties":{"boundary_score":0.0367,"activation_distance":0.06934},"geometry":{"type":"LineString","coordinates":[[114.15886,22.5291],[114.15891,22.52932]]}},{"type":"Feature","properties":{"boundary_score":0.0367,"activation_distance":0.06934},"geometry":{"type":"LineString","coordinates":[[114.15891,22.52932],[114.15886,22.5291]]}},{"type":"Feature","properties":{"boundary_score":0.0111,"activation_distance":0.0562},"geometry":{"type":"LineString","coordinates":[[114.2035,22.42137],[114.20353,22.42162]]}},{"type":"Feature","properties":{"boundary_score":0.0111,"activation_distance":0.0562},"geometry":{"type":"LineString","coordinates":[[114.20353,22.42162],[114.2035,22.42137]]}},{"type":"Feature","properties":{"boundary_score":0.003,"activation_distance":0.05203},"geometry":{"type":"LineString","coordinates":[[114.21402,22.38268],[114.21403,22.38294]]}},{"type":"Feature","properties":{"boundary_score":0.003,"activation_distance":0.05203},"geometry":{"type":"LineString","coordinates":[[114.21403,22.38294],[114.21402,22.38268]]}},{"type":"Feature","properties":{"boundary_score":0.3121,"activation_distance":0.21064},"geometry":{"type":"LineString","coordinates":[[114.24326,22.43371],[114.24356,22.43377]]}},{"type":"Feature","properties":{"boundary_score":0.3121,"activation_distance":0.21064},"geometry":{"type":"LineString","coordinates":[[114.24356,22.43377],[114.24326,22.43371]]}},{"type":"Feature","properties":{"boundary_score":0.0548,"activation_distance":0.07861},"geometry":{"type":"LineString","coordinates":[[114.22787,22.42648],[114.22801,22.42666]]}},{"type":"Feature","properties":{"boundary_score":0.0548,"activation_distance":0.07861},"geometry":{"type":"LineString","coordinates":[[114.22801,22.42666],[114.22787,22.42648]]}},{"type":"Feature","properties":{"boundary_score":0.0663,"activation_distance":0.0845},"geometry":{"type":"LineString","coordinates":[[114.1672,22.45053],[114.16723,22.45077]]}},{"type":"Feature","properties":{"boundary_score":0.0663,"activation_distance":0.0845},"geometry":{"type":"LineString","coordinates":[[114.16723,22.45077],[114.1672,22.45053]]}},{"type":"Feature","properties":{"boundary_score":0.0531,"activation_distance":0.07773},"geometry":{"type":"LineString","coordinates":[[114.18048,22.46571],[114.18061,22.46554]]}},{"type":"Feature","properties":{"boundary_score":0.0531,"activation_distance":0.07773},"geometry":{"type":"LineString","coordinates":[[114.18061,22.46554],[114.18048,22.46571]]}},{"type":"Feature","properties":{"boundary_score":0.0531,"activation_distance":0.07773},"geometry":{"type":"LineString","coordinates":[[114.18061,22.46554],[114.18048,22.46571]]}},{"type":"Feature","properties":{"boundary_score":0.0531,"activation_distance":0.07773},"geometry":{"type":"LineString","coordinates":[[114.18048,22.46571],[114.18061,22.46554]]}},{"type":"Feature","properties":{"boundary_score":0.0188,"activation_distance":0.06016},"geometry":{"type":"LineString","coordinates":[[114.19247,22.46153],[114.19268,22.46147]]}},{"type":"Feature","properties":{"boundary_score":0.0188,"activation_distance":0.06016},"geometry":{"type":"LineString","coordinates":[[114.19268,22.46147],[114.19247,22.46153]]}},{"type":"Feature","properties":{"boundary_score":0.0111,"activation_distance":0.0562},"geometry":{"type":"LineString","coordinates":[[114.19268,22.46147],[114.1929,22.46142]]}},{"type":"Feature","properties":{"boundary_score":0.0111,"activation_distance":0.0562},"geometry":{"type":"LineString","coordinates":[[114.1929,22.46142],[114.19268,22.46147]]}},{"type":"Feature","properties":{"boundary_score":0.375,"activation_distance":0.24296},"geometry":{"type":"LineString","coordinates":[[114.20733,22.46052],[114.20758,22.46053]]}},{"type":"Feature","properties":{"boundary_score":0.375,"activation_distance":0.24296},"geometry":{"type":"LineString","coordinates":[[114.20758,22.46053],[114.20733,22.46052]]}},{"type":"Feature","properties":{"boundary_score":0.0526,"activation_distance":0.07748},"geometry":{"type":"LineString","coordinates":[[114.17638,22.51993],[114.17626,22.51974]]}},{"type":"Feature","properties":{"boundary_score":0.0526,"activation_distance":0.07748},"geometry":{"type":"LineString","coordinates":[[114.17626,22.51974],[114.17638,22.51993]]}},{"type":"Feature","properties":{"boundary_score":0.0801,"activation_distance":0.09162},"geometry":{"type":"LineString","coordinates":[[114.17537,22.51872],[114.17517,22.5186]]}},{"type":"Feature","properties":{"boundary_score":0.0801,"activation_distance":0.09162},"geometry":{"type":"LineString","coordinates":[[114.17517,22.5186],[114.17537,22.51872]]}},{"type":"Feature","properties":{"boundary_score":0.0877,"activation_distance":0.0955},"geometry":{"type":"LineString","coordinates":[[114.17279,22.44371],[114.17261,22.44357]]}},{"type":"Feature","properties":{"boundary_score":0.0877,"activation_distance":0.0955},"geometry":{"type":"LineString","coordinates":[[114.17261,22.44357],[114.17279,22.44371]]}},{"type":"Feature","properties":{"boundary_score":0.0448,"activation_distance":0.07346},"geometry":{"type":"LineString","coordinates":[[114.18701,22.43946],[114.18723,22.43939]]}},{"type":"Feature","properties":{"boundary_score":0.0448,"activation_distance":0.07346},"geometry":{"type":"LineString","coordinates":[[114.18723,22.43939],[114.18701,22.43946]]}},{"type":"Feature","properties":{"boundary_score":0.0059,"activation_distance":0.05353},"geometry":{"type":"LineString","coordinates":[[114.19393,22.43951],[114.19415,22.43945]]}},{"type":"Feature","properties":{"boundary_score":0.0059,"activation_distance":0.05353},"geometry":{"type":"LineString","coordinates":[[114.19415,22.43945],[114.19393,22.43951]]}},{"type":"Feature","properties":{"boundary_score":0.0004,"activation_distance":0.05072},"geometry":{"type":"LineString","coordinates":[[114.1956,22.4388],[114.1958,22.4387]]}},{"type":"Feature","properties":{"boundary_score":0.0004,"activation_distance":0.05072},"geometry":{"type":"LineString","coordinates":[[114.1958,22.4387],[114.1956,22.4388]]}},{"type":"Feature","properties":{"boundary_score":0.3549,"activation_distance":0.2326},"geometry":{"type":"LineString","coordinates":[[114.17871,22.52238],[114.17857,22.52257]]}},{"type":"Feature","properties":{"boundary_score":0.3549,"activation_distance":0.2326},"geometry":{"type":"LineString","coordinates":[[114.17857,22.52257],[114.17871,22.52238]]}},{"type":"Feature","properties":{"boundary_score":0.2879,"activation_distance":0.19823},"geometry":{"type":"LineString","coordinates":[[114.15981,22.54108],[114.15958,22.54114]]}},{"type":"Feature","properties":{"boundary_score":0.2879,"activation_distance":0.19823},"geometry":{"type":"LineString","coordinates":[[114.15958,22.54114],[114.15981,22.54108]]}},{"type":"Feature","properties":{"boundary_score":0.2879,"activation_distance":0.19823},"geometry":{"type":"LineString","coordinates":[[114.15958,22.54114],[114.15981,22.54108]]}},{"type":"Feature","properties":{"boundary_score":0.2879,"activation_distance":0.19823},"geometry":{"type":"LineString","coordinates":[[114.15981,22.54108],[114.15958,22.54114]]}},{"type":"Feature","properties":{"boundary_score":0.1397,"activation_distance":0.12221},"geometry":{"type":"LineString","coordinates":[[114.16677,22.53637],[114.16691,22.53619]]}},{"type":"Feature","properties":{"boundary_score":0.1397,"activation_distance":0.12221},"geometry":{"type":"LineString","coordinates":[[114.16691,22.53619],[114.16677,22.53637]]}},{"type":"Feature","properties":{"boundary_score":0.3552,"activation_distance":0.23275},"geometry":{"type":"LineString","coordinates":[[114.17858,22.52232],[114.17844,22.52251]]}},{"type":"Feature","properties":{"boundary_score":0.3552,"activation_distance":0.23275},"geometry":{"type":"LineString","coordinates":[[114.17844,22.52251],[114.17858,22.52232]]}},{"type":"Feature","properties":{"boundary_score":0.1407,"activation_distance":0.12269},"geometry":{"type":"LineString","coordinates":[[114.22263,22.41476],[114.22255,22.41449]]}},{"type":"Feature","properties":{"boundary_score":0.1407,"activation_distance":0.12269},"geometry":{"type":"LineString","coordinates":[[114.22255,22.41449],[114.22263,22.41476]]}},{"type":"Feature","properties":{"boundary_score":0.3951,"activation_distance":0.25324},"geometry":{"type":"LineString","coordinates":[[114.20131,22.43278],[114.20107,22.43274]]}},{"type":"Feature","properties":{"boundary_score":0.3951,"activation_distance":0.25324},"geometry":{"type":"LineString","coordinates":[[114.20107,22.43274],[114.20131,22.43278]]}},{"type":"Feature","properties":{"boundary_score":0.0234,"activation_distance":0.0625},"geometry":{"type":"LineString","coordinates":[[114.24444,22.43448],[114.24429,22.43431]]}},{"type":"Feature","properties":{"boundary_score":0.0234,"activation_distance":0.0625},"geometry":{"type":"LineString","coordinates":[[114.24429,22.43431],[114.24444,22.43448]]}},{"type":"Feature","properties":{"boundary_score":0.2175,"activation_distance":0.16212},"geometry":{"type":"LineString","coordinates":[[114.19927,22.45958],[114.19905,22.45954]]}},{"type":"Feature","properties":{"boundary_score":0.2175,"activation_distance":0.16212},"geometry":{"type":"LineString","coordinates":[[114.19905,22.45954],[114.19927,22.45958]]}},{"type":"Feature","properties":{"boundary_score":0.0116,"activation_distance":0.05647},"geometry":{"type":"LineString","coordinates":[[114.19287,22.46134],[114.19265,22.4614]]}},{"type":"Feature","properties":{"boundary_score":0.0116,"activation_distance":0.05647},"geometry":{"type":"LineString","coordinates":[[114.19265,22.4614],[114.19287,22.46134]]}},{"type":"Feature","properties":{"boundary_score":0.0286,"activation_distance":0.06515},"geometry":{"type":"LineString","coordinates":[[114.19265,22.4614],[114.19243,22.46145]]}},{"type":"Feature","properties":{"boundary_score":0.0286,"activation_distance":0.06515},"geometry":{"type":"LineString","coordinates":[[114.19243,22.46145],[114.19265,22.4614]]}},{"type":"Feature","properties":{"boundary_score":0.0058,"activation_distance":0.05345},"geometry":{"type":"LineString","coordinates":[[114.21769,22.54384],[114.21784,22.54401]]}},{"type":"Feature","properties":{"boundary_score":0.0058,"activation_distance":0.05345},"geometry":{"type":"LineString","coordinates":[[114.21784,22.54401],[114.21769,22.54384]]}},{"type":"Feature","properties":{"boundary_score":0.2452,"activation_distance":0.17632},"geometry":{"type":"LineString","coordinates":[[114.15275,22.54595],[114.15258,22.54575]]}},{"type":"Feature","properties":{"boundary_score":0.2452,"activation_distance":0.17632},"geometry":{"type":"LineString","coordinates":[[114.15258,22.54575],[114.15275,22.54595]]}},{"type":"Feature","properties":{"boundary_score":0.0615,"activation_distance":0.08205},"geometry":{"type":"LineString","coordinates":[[114.23429,22.50952],[114.23428,22.5093]]}},{"type":"Feature","properties":{"boundary_score":0.0615,"activation_distance":0.08205},"geometry":{"type":"LineString","coordinates":[[114.23428,22.5093],[114.23429,22.50952]]}},{"type":"Feature","properties":{"boundary_score":0.0516,"activation_distance":0.07697},"geometry":{"type":"LineString","coordinates":[[114.2339,22.50642],[114.23398,22.50621]]}},{"type":"Feature","properties":{"boundary_score":0.0516,"activation_distance":0.07697},"geometry":{"type":"LineString","coordinates":[[114.23398,22.50621],[114.2339,22.50642]]}},{"type":"Feature","properties":{"boundary_score":0.008,"activation_distance":0.05462},"geometry":{"type":"LineString","coordinates":[[114.24083,22.48058],[114.24073,22.48038]]}},{"type":"Feature","properties":{"boundary_score":0.008,"activation_distance":0.05462},"geometry":{"type":"LineString","coordinates":[[114.24073,22.48038],[114.24083,22.48058]]}},{"type":"Feature","properties":{"boundary_score":0.1978,"activation_distance":0.15198},"geometry":{"type":"LineString","coordinates":[[114.2407,22.50787],[114.24085,22.5077]]}},{"type":"Feature","properties":{"boundary_score":0.1978,"activation_distance":0.15198},"geometry":{"type":"LineString","coordinates":[[114.24085,22.5077],[114.2407,22.50787]]}},{"type":"Feature","properties":{"boundary_score":0.1027,"activation_distance":0.1032},"geometry":{"type":"LineString","coordinates":[[114.1653,22.51945],[114.16537,22.51923]]}},{"type":"Feature","properties":{"boundary_score":0.1027,"activation_distance":0.1032},"geometry":{"type":"LineString","coordinates":[[114.16537,22.51923],[114.1653,22.51945]]}},{"type":"Feature","properties":{"boundary_score":0.2626,"activation_distance":0.18525},"geometry":{"type":"LineString","coordinates":[[114.16107,22.53319],[114.16103,22.53296]]}},{"type":"Feature","properties":{"boundary_score":0.2626,"activation_distance":0.18525},"geometry":{"type":"LineString","coordinates":[[114.16103,22.53296],[114.16107,22.53319]]}},{"type":"Feature","properties":{"boundary_score":0.185,"activation_distance":0.14544},"geometry":{"type":"LineString","coordinates":[[114.18159,22.39838],[114.18136,22.39839]]}},{"type":"Feature","properties":{"boundary_score":0.185,"activation_distance":0.14544},"geometry":{"type":"LineString","coordinates":[[114.18136,22.39839],[114.18159,22.39838]]}},{"type":"Feature","properties":{"boundary_score":0.0403,"activation_distance":0.07117},"geometry":{"type":"LineString","coordinates":[[114.17572,22.52897],[114.17549,22.52895]]}},{"type":"Feature","properties":{"boundary_score":0.0403,"activation_distance":0.07117},"geometry":{"type":"LineString","coordinates":[[114.17549,22.52895],[114.17572,22.52897]]}},{"type":"Feature","properties":{"boundary_score":0.1408,"activation_distance":0.12277},"geometry":{"type":"LineString","coordinates":[[114.19447,22.5262],[114.19433,22.52596]]}},{"type":"Feature","properties":{"boundary_score":0.1408,"activation_distance":0.12277},"geometry":{"type":"LineString","coordinates":[[114.19433,22.52596],[114.19447,22.5262]]}},{"type":"Feature","properties":{"boundary_score":0.1408,"activation_distance":0.12277},"geometry":{"type":"LineString","coordinates":[[114.19427,22.52599],[114.19442,22.52623]]}},{"type":"Feature","properties":{"boundary_score":0.1408,"activation_distance":0.12277},"geometry":{"type":"LineString","coordinates":[[114.19442,22.52623],[114.19427,22.52599]]}},{"type":"Feature","properties":{"boundary_score":0.0383,"activation_distance":0.07013},"geometry":{"type":"LineString","coordinates":[[114.22079,22.52299],[114.2206,22.52312]]}},{"type":"Feature","properties":{"boundary_score":0.0383,"activation_distance":0.07013},"geometry":{"type":"LineString","coordinates":[[114.2206,22.52312],[114.22079,22.52299]]}},{"type":"Feature","properties":{"boundary_score":0.3002,"activation_distance":0.20455},"geometry":{"type":"LineString","coordinates":[[114.21011,22.39643],[114.21021,22.39665]]}},{"type":"Feature","properties":{"boundary_score":0.3002,"activation_distance":0.20455},"geometry":{"type":"LineString","coordinates":[[114.21021,22.39665],[114.21011,22.39643]]}},{"type":"Feature","properties":{"boundary_score":0.0003,"activation_distance":0.05065},"geometry":{"type":"LineString","coordinates":[[114.16573,22.43851],[114.16594,22.4385]]}},{"type":"Feature","properties":{"boundary_score":0.0003,"activation_distance":0.05065},"geometry":{"type":"LineString","coordinates":[[114.16594,22.4385],[114.16573,22.43851]]}},{"type":"Feature","properties":{"boundary_score":0.0365,"activation_distance":0.06921},"geometry":{"type":"LineString","coordinates":[[114.19827,22.36851],[114.19836,22.36827]]}},{"type":"Feature","properties":{"boundary_score":0.0365,"activation_distance":0.06921},"geometry":{"type":"LineString","coordinates":[[114.19836,22.36827],[114.19827,22.36851]]}},{"type":"Feature","properties":{"boundary_score":0.2648,"activation_distance":0.18637},"geometry":{"type":"LineString","coordinates":[[114.17427,22.37787],[114.17412,22.37812]]}},{"type":"Feature","properties":{"boundary_score":0.2648,"activation_distance":0.18637},"geometry":{"type":"LineString","coordinates":[[114.17412,22.37812],[114.17427,22.37787]]}},{"type":"Feature","properties":{"boundary_score":0.0719,"activation_distance":0.08737},"geometry":{"type":"LineString","coordinates":[[114.20173,22.39826],[114.20186,22.39845]]}},{"type":"Feature","properties":{"boundary_score":0.0719,"activation_distance":0.08737},"geometry":{"type":"LineString","coordinates":[[114.20186,22.39845],[114.20173,22.39826]]}},{"type":"Feature","properties":{"boundary_score":0.1304,"activation_distance":0.11743},"geometry":{"type":"LineString","coordinates":[[114.20973,22.35825],[114.2098,22.35803]]}},{"type":"Feature","properties":{"boundary_score":0.1304,"activation_distance":0.11743},"geometry":{"type":"LineString","coordinates":[[114.2098,22.35803],[114.20973,22.35825]]}},{"type":"Feature","properties":{"boundary_score":0.3512,"activation_distance":0.2307},"geometry":{"type":"LineString","coordinates":[[114.2098,22.35803],[114.2098,22.35781]]}},{"type":"Feature","properties":{"boundary_score":0.3512,"activation_distance":0.2307},"geometry":{"type":"LineString","coordinates":[[114.2098,22.35781],[114.2098,22.35803]]}},{"type":"Feature","properties":{"boundary_score":0.2693,"activation_distance":0.1887},"geometry":{"type":"LineString","coordinates":[[114.21195,22.36416],[114.21177,22.36433]]}},{"type":"Feature","properties":{"boundary_score":0.2693,"activation_distance":0.1887},"geometry":{"type":"LineString","coordinates":[[114.21177,22.36433],[114.21195,22.36416]]}},{"type":"Feature","properties":{"boundary_score":0.0757,"activation_distance":0.08932},"geometry":{"type":"LineString","coordinates":[[114.21177,22.36433],[114.21154,22.36435]]}},{"type":"Feature","properties":{"boundary_score":0.0757,"activation_distance":0.08932},"geometry":{"type":"LineString","coordinates":[[114.21154,22.36435],[114.21177,22.36433]]}},{"type":"Feature","properties":{"boundary_score":0.0757,"activation_distance":0.08932},"geometry":{"type":"LineString","coordinates":[[114.21154,22.36435],[114.21177,22.36433]]}},{"type":"Feature","properties":{"boundary_score":0.0757,"activation_distance":0.08932},"geometry":{"type":"LineString","coordinates":[[114.21177,22.36433],[114.21154,22.36435]]}},{"type":"Feature","properties":{"boundary_score":0.2693,"activation_distance":0.1887},"geometry":{"type":"LineString","coordinates":[[114.21177,22.36433],[114.21195,22.36416]]}},{"type":"Feature","properties":{"boundary_score":0.2693,"activation_distance":0.1887},"geometry":{"type":"LineString","coordinates":[[114.21195,22.36416],[114.21177,22.36433]]}},{"type":"Feature","properties":{"boundary_score":0.0103,"activation_distance":0.05578},"geometry":{"type":"LineString","coordinates":[[114.30083,22.38991],[114.30099,22.38975]]}},{"type":"Feature","properties":{"boundary_score":0.0103,"activation_distance":0.05578},"geometry":{"type":"LineString","coordinates":[[114.30099,22.38975],[114.30083,22.38991]]}},{"type":"Feature","properties":{"boundary_score":0.0549,"activation_distance":0.07867},"geometry":{"type":"LineString","coordinates":[[114.31633,22.39441],[114.31654,22.3945]]}},{"type":"Feature","properties":{"boundary_score":0.0549,"activation_distance":0.07867},"geometry":{"type":"LineString","coordinates":[[114.31654,22.3945],[114.31633,22.39441]]}},{"type":"Feature","properties":{"boundary_score":0.1407,"activation_distance":0.12269},"geometry":{"type":"LineString","coordinates":[[114.22255,22.41449],[114.22263,22.41476]]}},{"type":"Feature","properties":{"boundary_score":0.1407,"activation_distance":0.12269},"geometry":{"type":"LineString","coordinates":[[114.22263,22.41476],[114.22255,22.41449]]}},{"type":"Feature","properties":{"boundary_score":0.1453,"activation_distance":0.12508},"geometry":{"type":"LineString","coordinates":[[114.16794,22.50624],[114.16792,22.506]]}},{"type":"Feature","properties":{"boundary_score":0.1453,"activation_distance":0.12508},"geometry":{"type":"LineString","coordinates":[[114.16792,22.506],[114.16794,22.50624]]}},{"type":"Feature","properties":{"boundary_score":0.0508,"activation_distance":0.07654},"geometry":{"type":"LineString","coordinates":[[114.1978,22.36977],[114.19796,22.36935]]}},{"type":"Feature","properties":{"boundary_score":0.0508,"activation_distance":0.07654},"geometry":{"type":"LineString","coordinates":[[114.19796,22.36935],[114.1978,22.36977]]}},{"type":"Feature","properties":{"boundary_score":0.0508,"activation_distance":0.07654},"geometry":{"type":"LineString","coordinates":[[114.19796,22.36935],[114.1978,22.36977]]}},{"type":"Feature","properties":{"boundary_score":0.0508,"activation_distance":0.07654},"geometry":{"type":"LineString","coordinates":[[114.1978,22.36977],[114.19796,22.36935]]}},{"type":"Feature","properties":{"boundary_score":0.0258,"activation_distance":0.06374},"geometry":{"type":"LineString","coordinates":[[114.27562,22.38481],[114.27586,22.38485]]}},{"type":"Feature","properties":{"boundary_score":0.0258,"activation_distance":0.06374},"geometry":{"type":"LineString","coordinates":[[114.27586,22.38485],[114.27562,22.38481]]}},{"type":"Feature","properties":{"boundary_score":0.0148,"activation_distance":0.05811},"geometry":{"type":"LineString","coordinates":[[114.26311,22.42525],[114.26352,22.42542]]}},{"type":"Feature","properties":{"boundary_score":0.0148,"activation_distance":0.05811},"geometry":{"type":"LineString","coordinates":[[114.26352,22.42542],[114.26311,22.42525]]}},{"type":"Feature","properties":{"boundary_score":0.0663,"activation_distance":0.08451},"geometry":{"type":"LineString","coordinates":[[114.25694,22.37864],[114.25717,22.37849]]}},{"type":"Feature","properties":{"boundary_score":0.0663,"activation_distance":0.08451},"geometry":{"type":"LineString","coordinates":[[114.25717,22.37849],[114.25694,22.37864]]}},{"type":"Feature","properties":{"boundary_score":0.0274,"activation_distance":0.06453},"geometry":{"type":"LineString","coordinates":[[114.25733,22.37838],[114.25758,22.3786]]}},{"type":"Feature","properties":{"boundary_score":0.0274,"activation_distance":0.06453},"geometry":{"type":"LineString","coordinates":[[114.25758,22.3786],[114.25733,22.37838]]}},{"type":"Feature","properties":{"boundary_score":0.0663,"activation_distance":0.08451},"geometry":{"type":"LineString","coordinates":[[114.25717,22.37849],[114.25694,22.37864]]}},{"type":"Feature","properties":{"boundary_score":0.0663,"activation_distance":0.08451},"geometry":{"type":"LineString","coordinates":[[114.25694,22.37864],[114.25717,22.37849]]}},{"type":"Feature","properties":{"boundary_score":0.0663,"activation_distance":0.08451},"geometry":{"type":"LineString","coordinates":[[114.25741,22.37866],[114.25764,22.37883]]}},{"type":"Feature","properties":{"boundary_score":0.0663,"activation_distance":0.08451},"geometry":{"type":"LineString","coordinates":[[114.25764,22.37883],[114.25741,22.37866]]}},{"type":"Feature","properties":{"boundary_score":0.0663,"activation_distance":0.08451},"geometry":{"type":"LineString","coordinates":[[114.25764,22.37883],[114.25741,22.37866]]}},{"type":"Feature","properties":{"boundary_score":0.0663,"activation_distance":0.08451},"geometry":{"type":"LineString","coordinates":[[114.25741,22.37866],[114.25764,22.37883]]}},{"type":"Feature","properties":{"boundary_score":0.236,"activation_distance":0.17163},"geometry":{"type":"LineString","coordinates":[[114.26113,22.42814],[114.26102,22.42834]]}},{"type":"Feature","properties":{"boundary_score":0.236,"activation_distance":0.17163},"geometry":{"type":"LineString","coordinates":[[114.26102,22.42834],[114.26113,22.42814]]}},{"type":"Feature","properties":{"boundary_score":0.0998,"activation_distance":0.10171},"geometry":{"type":"LineString","coordinates":[[114.23583,22.40963],[114.23596,22.40944]]}},{"type":"Feature","properties":{"boundary_score":0.0998,"activation_distance":0.10171},"geometry":{"type":"LineString","coordinates":[[114.23596,22.40944],[114.23583,22.40963]]}},{"type":"Feature","properties":{"boundary_score":0.0194,"activation_distance":0.06045},"geometry":{"type":"LineString","coordinates":[[114.23681,22.40819],[114.23686,22.40797]]}},{"type":"Feature","properties":{"boundary_score":0.0194,"activation_distance":0.06045},"geometry":{"type":"LineString","coordinates":[[114.23686,22.40797],[114.23681,22.40819]]}},{"type":"Feature","properties":{"boundary_score":0.4824,"activation_distance":0.29806},"geometry":{"type":"LineString","coordinates":[[114.2081,22.39233],[114.20779,22.3926]]}},{"type":"Feature","properties":{"boundary_score":0.4824,"activation_distance":0.29806},"geometry":{"type":"LineString","coordinates":[[114.20779,22.3926],[114.2081,22.39233]]}},{"type":"Feature","properties":{"boundary_score":0.4824,"activation_distance":0.29806},"geometry":{"type":"LineString","coordinates":[[114.20779,22.3926],[114.2081,22.39233]]}},{"type":"Feature","properties":{"boundary_score":0.4824,"activation_distance":0.29806},"geometry":{"type":"LineString","coordinates":[[114.2081,22.39233],[114.20779,22.3926]]}},{"type":"Feature","properties":{"boundary_score":0.0194,"activation_distance":0.06045},"geometry":{"type":"LineString","coordinates":[[114.23686,22.40797],[114.23681,22.40819]]}},{"type":"Feature","properties":{"boundary_score":0.0194,"activation_distance":0.06045},"geometry":{"type":"LineString","coordinates":[[114.23681,22.40819],[114.23686,22.40797]]}},{"type":"Feature","properties":{"boundary_score":0.0998,"activation_distance":0.10171},"geometry":{"type":"LineString","coordinates":[[114.23596,22.40944],[114.23583,22.40963]]}},{"type":"Feature","properties":{"boundary_score":0.0998,"activation_distance":0.10171},"geometry":{"type":"LineString","coordinates":[[114.23583,22.40963],[114.23596,22.40944]]}},{"type":"Feature","properties":{"boundary_score":0.001,"activation_distance":0.05103},"geometry":{"type":"LineString","coordinates":[[114.26447,22.42596],[114.26456,22.42575]]}},{"type":"Feature","properties":{"boundary_score":0.001,"activation_distance":0.05103},"geometry":{"type":"LineString","coordinates":[[114.26456,22.42575],[114.26447,22.42596]]}},{"type":"Feature","properties":{"boundary_score":0.3105,"activation_distance":0.20981},"geometry":{"type":"LineString","coordinates":[[114.2611,22.42839],[114.26121,22.42818]]}},{"type":"Feature","properties":{"boundary_score":0.3105,"activation_distance":0.20981},"geometry":{"type":"LineString","coordinates":[[114.26121,22.42818],[114.2611,22.42839]]}},{"type":"Feature","properties":{"boundary_score":0.363,"activation_distance":0.2368},"geometry":{"type":"LineString","coordinates":[[114.2072,22.39238],[114.20703,22.39221]]}},{"type":"Feature","properties":{"boundary_score":0.363,"activation_distance":0.2368},"geometry":{"type":"LineString","coordinates":[[114.20703,22.39221],[114.2072,22.39238]]}},{"type":"Feature","properties":{"boundary_score":0.0303,"activation_distance":0.06606},"geometry":{"type":"LineString","coordinates":[[114.269,22.4012],[114.26921,22.40116]]}},{"type":"Feature","properties":{"boundary_score":0.0303,"activation_distance":0.06606},"geometry":{"type":"LineString","coordinates":[[114.26921,22.40116],[114.269,22.4012]]}},{"type":"Feature","properties":{"boundary_score":0.062,"activation_distance":0.0823},"geometry":{"type":"LineString","coordinates":[[114.18539,22.36653],[114.18557,22.36667]]}},{"type":"Feature","properties":{"boundary_score":0.062,"activation_distance":0.0823},"geometry":{"type":"LineString","coordinates":[[114.18557,22.36667],[114.18539,22.36653]]}},{"type":"Feature","properties":{"boundary_score":0.001,"activation_distance":0.05103},"geometry":{"type":"LineString","coordinates":[[114.26456,22.42575],[114.26447,22.42596]]}},{"type":"Feature","properties":{"boundary_score":0.001,"activation_distance":0.05103},"geometry":{"type":"LineString","coordinates":[[114.26447,22.42596],[114.26456,22.42575]]}},{"type":"Feature","properties":{"boundary_score":0.0302,"activation_distance":0.06597},"geometry":{"type":"LineString","coordinates":[[114.26302,22.42082],[114.26307,22.42059]]}},{"type":"Feature","properties":{"boundary_score":0.0302,"activation_distance":0.06597},"geometry":{"type":"LineString","coordinates":[[114.26307,22.42059],[114.26302,22.42082]]}},{"type":"Feature","properties":{"boundary_score":0.0538,"activation_distance":0.07812},"geometry":{"type":"LineString","coordinates":[[114.27054,22.39379],[114.27034,22.3939]]}},{"type":"Feature","properties":{"boundary_score":0.0538,"activation_distance":0.07812},"geometry":{"type":"LineString","coordinates":[[114.27034,22.3939],[114.27054,22.39379]]}},{"type":"Feature","properties":{"boundary_score":0.5256,"activation_distance":0.32024},"geometry":{"type":"LineString","coordinates":[[114.26776,22.42781],[114.26794,22.42795]]}},{"type":"Feature","properties":{"boundary_score":0.5256,"activation_distance":0.32024},"geometry":{"type":"LineString","coordinates":[[114.26794,22.42795],[114.26776,22.42781]]}},{"type":"Feature","properties":{"boundary_score":0.0045,"activation_distance":0.0528},"geometry":{"type":"LineString","coordinates":[[114.2704,22.42782],[114.27049,22.42761]]}},{"type":"Feature","properties":{"boundary_score":0.0045,"activation_distance":0.0528},"geometry":{"type":"LineString","coordinates":[[114.27049,22.42761],[114.2704,22.42782]]}},{"type":"Feature","properties":{"boundary_score":0.0045,"activation_distance":0.0528},"geometry":{"type":"LineString","coordinates":[[114.27049,22.42761],[114.2704,22.42782]]}},{"type":"Feature","properties":{"boundary_score":0.0045,"activation_distance":0.0528},"geometry":{"type":"LineString","coordinates":[[114.2704,22.42782],[114.27049,22.42761]]}},{"type":"Feature","properties":{"boundary_score":0.5256,"activation_distance":0.32024},"geometry":{"type":"LineString","coordinates":[[114.26794,22.42795],[114.26776,22.42781]]}},{"type":"Feature","properties":{"boundary_score":0.5256,"activation_distance":0.32024},"geometry":{"type":"LineString","coordinates":[[114.26776,22.42781],[114.26794,22.42795]]}},{"type":"Feature","properties":{"boundary_score":0.0354,"activation_distance":0.06864},"geometry":{"type":"LineString","coordinates":[[114.19645,22.42566],[114.1965,22.42544]]}},{"type":"Feature","properties":{"boundary_score":0.0354,"activation_distance":0.06864},"geometry":{"type":"LineString","coordinates":[[114.1965,22.42544],[114.19645,22.42566]]}},{"type":"Feature","properties":{"boundary_score":0.0399,"activation_distance":0.07098},"geometry":{"type":"LineString","coordinates":[[114.29258,22.38891],[114.2924,22.38906]]}},{"type":"Feature","properties":{"boundary_score":0.0399,"activation_distance":0.07098},"geometry":{"type":"LineString","coordinates":[[114.2924,22.38906],[114.29258,22.38891]]}},{"type":"Feature","properties":{"boundary_score":0.0563,"activation_distance":0.07938},"geometry":{"type":"LineString","coordinates":[[113.93702,22.30582],[113.93709,22.30604]]}},{"type":"Feature","properties":{"boundary_score":0.0563,"activation_distance":0.07938},"geometry":{"type":"LineString","coordinates":[[113.93709,22.30604],[113.93702,22.30582]]}},{"type":"Feature","properties":{"boundary_score":0.0419,"activation_distance":0.07199},"geometry":{"type":"LineString","coordinates":[[113.93505,22.29894],[113.93491,22.29913]]}},{"type":"Feature","properties":{"boundary_score":0.0419,"activation_distance":0.07199},"geometry":{"type":"LineString","coordinates":[[113.93491,22.29913],[113.93505,22.29894]]}},{"type":"Feature","properties":{"boundary_score":0.0252,"activation_distance":0.06342},"geometry":{"type":"LineString","coordinates":[[113.96913,22.29897],[113.96891,22.29892]]}},{"type":"Feature","properties":{"boundary_score":0.0252,"activation_distance":0.06342},"geometry":{"type":"LineString","coordinates":[[113.96891,22.29892],[113.96913,22.29897]]}},{"type":"Feature","properties":{"boundary_score":0.1089,"activation_distance":0.10638},"geometry":{"type":"LineString","coordinates":[[113.96244,22.29745],[113.96221,22.2974]]}},{"type":"Feature","properties":{"boundary_score":0.1089,"activation_distance":0.10638},"geometry":{"type":"LineString","coordinates":[[113.96221,22.2974],[113.96244,22.29745]]}},{"type":"Feature","properties":{"boundary_score":0.1072,"activation_distance":0.1055},"geometry":{"type":"LineString","coordinates":[[114.1262,22.27316],[114.12598,22.27313]]}},{"type":"Feature","properties":{"boundary_score":0.1072,"activation_distance":0.1055},"geometry":{"type":"LineString","coordinates":[[114.12598,22.27313],[114.1262,22.27316]]}},{"type":"Feature","properties":{"boundary_score":0.4535,"activation_distance":0.28321},"geometry":{"type":"LineString","coordinates":[[113.93743,22.3124],[113.93735,22.31262]]}},{"type":"Feature","properties":{"boundary_score":0.4535,"activation_distance":0.28321},"geometry":{"type":"LineString","coordinates":[[113.93735,22.31262],[113.93743,22.3124]]}},{"type":"Feature","properties":{"boundary_score":0.4092,"activation_distance":0.26049},"geometry":{"type":"LineString","coordinates":[[113.93775,22.29557],[113.93786,22.29538]]}},{"type":"Feature","properties":{"boundary_score":0.4092,"activation_distance":0.26049},"geometry":{"type":"LineString","coordinates":[[113.93786,22.29538],[113.93775,22.29557]]}},{"type":"Feature","properties":{"boundary_score":0.0751,"activation_distance":0.08905},"geometry":{"type":"LineString","coordinates":[[114.14948,22.32872],[114.14926,22.32883]]}},{"type":"Feature","properties":{"boundary_score":0.0751,"activation_distance":0.08905},"geometry":{"type":"LineString","coordinates":[[114.14926,22.32883],[114.14948,22.32872]]}},{"type":"Feature","properties":{"boundary_score":0.1199,"activation_distance":0.11205},"geometry":{"type":"LineString","coordinates":[[114.13874,22.25254],[114.13888,22.25236]]}},{"type":"Feature","properties":{"boundary_score":0.1199,"activation_distance":0.11205},"geometry":{"type":"LineString","coordinates":[[114.13888,22.25236],[114.13874,22.25254]]}},{"type":"Feature","properties":{"boundary_score":0.0481,"activation_distance":0.07515},"geometry":{"type":"LineString","coordinates":[[114.12645,22.26446],[114.12641,22.26468]]}},{"type":"Feature","properties":{"boundary_score":0.0481,"activation_distance":0.07515},"geometry":{"type":"LineString","coordinates":[[114.12641,22.26468],[114.12645,22.26446]]}},{"type":"Feature","properties":{"boundary_score":0.0773,"activation_distance":0.09019},"geometry":{"type":"LineString","coordinates":[[114.13963,22.28899],[114.13984,22.28908]]}},{"type":"Feature","properties":{"boundary_score":0.0773,"activation_distance":0.09019},"geometry":{"type":"LineString","coordinates":[[114.13984,22.28908],[114.13963,22.28899]]}},{"type":"Feature","properties":{"boundary_score":0.1482,"activation_distance":0.12653},"geometry":{"type":"LineString","coordinates":[[113.93633,22.27946],[113.93655,22.27951]]}},{"type":"Feature","properties":{"boundary_score":0.1482,"activation_distance":0.12653},"geometry":{"type":"LineString","coordinates":[[113.93655,22.27951],[113.93633,22.27946]]}},{"type":"Feature","properties":{"boundary_score":0.1142,"activation_distance":0.10911},"geometry":{"type":"LineString","coordinates":[[113.94234,22.28411],[113.94248,22.2843]]}},{"type":"Feature","properties":{"boundary_score":0.1142,"activation_distance":0.10911},"geometry":{"type":"LineString","coordinates":[[113.94248,22.2843],[113.94234,22.28411]]}},{"type":"Feature","properties":{"boundary_score":0.0361,"activation_distance":0.06903},"geometry":{"type":"LineString","coordinates":[[114.14013,22.25231],[114.13997,22.25215]]}},{"type":"Feature","properties":{"boundary_score":0.0361,"activation_distance":0.06903},"geometry":{"type":"LineString","coordinates":[[114.13997,22.25215],[114.14013,22.25231]]}},{"type":"Feature","properties":{"boundary_score":0.0136,"activation_distance":0.05748},"geometry":{"type":"LineString","coordinates":[[114.02651,22.32902],[114.02667,22.32919]]}},{"type":"Feature","properties":{"boundary_score":0.0136,"activation_distance":0.05748},"geometry":{"type":"LineString","coordinates":[[114.02667,22.32919],[114.02651,22.32902]]}},{"type":"Feature","properties":{"boundary_score":0.2518,"activation_distance":0.17971},"geometry":{"type":"LineString","coordinates":[[114.12789,22.27037],[114.12812,22.27045]]}},{"type":"Feature","properties":{"boundary_score":0.2518,"activation_distance":0.17971},"geometry":{"type":"LineString","coordinates":[[114.12812,22.27045],[114.12789,22.27037]]}},{"type":"Feature","properties":{"boundary_score":0.0461,"activation_distance":0.07415},"geometry":{"type":"LineString","coordinates":[[114.12693,22.26949],[114.12671,22.26941]]}},{"type":"Feature","properties":{"boundary_score":0.0461,"activation_distance":0.07415},"geometry":{"type":"LineString","coordinates":[[114.12671,22.26941],[114.12693,22.26949]]}},{"type":"Feature","properties":{"boundary_score":0.0547,"activation_distance":0.07857},"geometry":{"type":"LineString","coordinates":[[114.09734,22.35001],[114.09744,22.35023]]}},{"type":"Feature","properties":{"boundary_score":0.0547,"activation_distance":0.07857},"geometry":{"type":"LineString","coordinates":[[114.09744,22.35023],[114.09734,22.35001]]}},{"type":"Feature","properties":{"boundary_score":0.2031,"activation_distance":0.15472},"geometry":{"type":"LineString","coordinates":[[114.15732,22.30211],[114.15744,22.30231]]}},{"type":"Feature","properties":{"boundary_score":0.2031,"activation_distance":0.15472},"geometry":{"type":"LineString","coordinates":[[114.15744,22.30231],[114.15732,22.30211]]}},{"type":"Feature","properties":{"boundary_score":0.2031,"activation_distance":0.15472},"geometry":{"type":"LineString","coordinates":[[114.15736,22.30208],[114.15752,22.30225]]}},{"type":"Feature","properties":{"boundary_score":0.2031,"activation_distance":0.15472},"geometry":{"type":"LineString","coordinates":[[114.15752,22.30225],[114.15736,22.30208]]}},{"type":"Feature","properties":{"boundary_score":0.0034,"activation_distance":0.05223},"geometry":{"type":"LineString","coordinates":[[114.15839,22.30335],[114.15853,22.30353]]}},{"type":"Feature","properties":{"boundary_score":0.0034,"activation_distance":0.05223},"geometry":{"type":"LineString","coordinates":[[114.15853,22.30353],[114.15839,22.30335]]}},{"type":"Feature","properties":{"boundary_score":0.0269,"activation_distance":0.06429},"geometry":{"type":"LineString","coordinates":[[114.15634,22.32322],[114.15618,22.32341]]}},{"type":"Feature","properties":{"boundary_score":0.0269,"activation_distance":0.06429},"geometry":{"type":"LineString","coordinates":[[114.15618,22.32341],[114.15634,22.32322]]}},{"type":"Feature","properties":{"boundary_score":0.2062,"activation_distance":0.15632},"geometry":{"type":"LineString","coordinates":[[114.15618,22.32341],[114.15602,22.3236]]}},{"type":"Feature","properties":{"boundary_score":0.2062,"activation_distance":0.15632},"geometry":{"type":"LineString","coordinates":[[114.15602,22.3236],[114.15618,22.32341]]}},{"type":"Feature","properties":{"boundary_score":0.1141,"activation_distance":0.10903},"geometry":{"type":"LineString","coordinates":[[113.93734,22.28915],[113.93742,22.28892]]}},{"type":"Feature","properties":{"boundary_score":0.1141,"activation_distance":0.10903},"geometry":{"type":"LineString","coordinates":[[113.93742,22.28892],[113.93734,22.28915]]}},{"type":"Feature","properties":{"boundary_score":0.1159,"activation_distance":0.10996},"geometry":{"type":"LineString","coordinates":[[113.93655,22.2904],[113.93632,22.29045]]}},{"type":"Feature","properties":{"boundary_score":0.1159,"activation_distance":0.10996},"geometry":{"type":"LineString","coordinates":[[113.93632,22.29045],[113.93655,22.2904]]}},{"type":"Feature","properties":{"boundary_score":0.0083,"activation_distance":0.05474},"geometry":{"type":"LineString","coordinates":[[113.94335,22.28542],[113.9435,22.28561]]}},{"type":"Feature","properties":{"boundary_score":0.0083,"activation_distance":0.05474},"geometry":{"type":"LineString","coordinates":[[113.9435,22.28561],[113.94335,22.28542]]}},{"type":"Feature","properties":{"boundary_score":0.1142,"activation_distance":0.10911},"geometry":{"type":"LineString","coordinates":[[113.94273,22.28415],[113.94259,22.28397]]}},{"type":"Feature","properties":{"boundary_score":0.1142,"activation_distance":0.10911},"geometry":{"type":"LineString","coordinates":[[113.94259,22.28397],[113.94273,22.28415]]}},{"type":"Feature","properties":{"boundary_score":0.2126,"activation_distance":0.15961},"geometry":{"type":"LineString","coordinates":[[113.93668,22.29567],[113.93657,22.29586]]}},{"type":"Feature","properties":{"boundary_score":0.2126,"activation_distance":0.15961},"geometry":{"type":"LineString","coordinates":[[113.93657,22.29586],[113.93668,22.29567]]}},{"type":"Feature","properties":{"boundary_score":0.0049,"activation_distance":0.05303},"geometry":{"type":"LineString","coordinates":[[113.93452,22.29668],[113.93431,22.2966]]}},{"type":"Feature","properties":{"boundary_score":0.0049,"activation_distance":0.05303},"geometry":{"type":"LineString","coordinates":[[113.93431,22.2966],[113.93452,22.29668]]}},{"type":"Feature","properties":{"boundary_score":0.0329,"activation_distance":0.06739},"geometry":{"type":"LineString","coordinates":[[113.93191,22.29244],[113.93186,22.29222]]}},{"type":"Feature","properties":{"boundary_score":0.0329,"activation_distance":0.06739},"geometry":{"type":"LineString","coordinates":[[113.93186,22.29222],[113.93191,22.29244]]}},{"type":"Feature","properties":{"boundary_score":0.0129,"activation_distance":0.0571},"geometry":{"type":"LineString","coordinates":[[113.94799,22.28914],[113.94777,22.28893]]}},{"type":"Feature","properties":{"boundary_score":0.0129,"activation_distance":0.0571},"geometry":{"type":"LineString","coordinates":[[113.94777,22.28893],[113.94799,22.28914]]}},{"type":"Feature","properties":{"boundary_score":0.0289,"activation_distance":0.06533},"geometry":{"type":"LineString","coordinates":[[113.94379,22.28553],[113.94364,22.28535]]}},{"type":"Feature","properties":{"boundary_score":0.0289,"activation_distance":0.06533},"geometry":{"type":"LineString","coordinates":[[113.94364,22.28535],[113.94379,22.28553]]}},{"type":"Feature","properties":{"boundary_score":0.0773,"activation_distance":0.09019},"geometry":{"type":"LineString","coordinates":[[114.13993,22.28892],[114.13975,22.28876]]}},{"type":"Feature","properties":{"boundary_score":0.0773,"activation_distance":0.09019},"geometry":{"type":"LineString","coordinates":[[114.13975,22.28876],[114.13993,22.28892]]}},{"type":"Feature","properties":{"boundary_score":0.0773,"activation_distance":0.09019},"geometry":{"type":"LineString","coordinates":[[114.14,22.28888],[114.13984,22.2887]]}},{"type":"Feature","properties":{"boundary_score":0.0773,"activation_distance":0.09019},"geometry":{"type":"LineString","coordinates":[[114.13984,22.2887],[114.14,22.28888]]}},{"type":"Feature","properties":{"boundary_score":0.6661,"activation_distance":0.39231},"geometry":{"type":"LineString","coordinates":[[114.03285,22.33391],[114.03294,22.33413]]}},{"type":"Feature","properties":{"boundary_score":0.6661,"activation_distance":0.39231},"geometry":{"type":"LineString","coordinates":[[114.03294,22.33413],[114.03285,22.33391]]}},{"type":"Feature","properties":{"boundary_score":0.0285,"activation_distance":0.06512},"geometry":{"type":"LineString","coordinates":[[113.99851,22.3177],[113.99837,22.31752]]}},{"type":"Feature","properties":{"boundary_score":0.0285,"activation_distance":0.06512},"geometry":{"type":"LineString","coordinates":[[113.99837,22.31752],[113.99851,22.3177]]}},{"type":"Feature","properties":{"boundary_score":0.0041,"activation_distance":0.05261},"geometry":{"type":"LineString","coordinates":[[114.04004,22.32271],[114.04006,22.32295]]}},{"type":"Feature","properties":{"boundary_score":0.0041,"activation_distance":0.05261},"geometry":{"type":"LineString","coordinates":[[114.04006,22.32295],[114.04004,22.32271]]}},{"type":"Feature","properties":{"boundary_score":0.1586,"activation_distance":0.13191},"geometry":{"type":"LineString","coordinates":[[114.04158,22.31886],[114.04179,22.31879]]}},{"type":"Feature","properties":{"boundary_score":0.1586,"activation_distance":0.13191},"geometry":{"type":"LineString","coordinates":[[114.04179,22.31879],[114.04158,22.31886]]}},{"type":"Feature","properties":{"boundary_score":0.2838,"activation_distance":0.19612},"geometry":{"type":"LineString","coordinates":[[114.0417,22.31863],[114.04149,22.31871]]}},{"type":"Feature","properties":{"boundary_score":0.2838,"activation_distance":0.19612},"geometry":{"type":"LineString","coordinates":[[114.04149,22.31871],[114.0417,22.31863]]}},{"type":"Feature","properties":{"boundary_score":0.1112,"activation_distance":0.10758},"geometry":{"type":"LineString","coordinates":[[114.04238,22.31915],[114.04217,22.31922]]}},{"type":"Feature","properties":{"boundary_score":0.1112,"activation_distance":0.10758},"geometry":{"type":"LineString","coordinates":[[114.04217,22.31922],[114.04238,22.31915]]}},{"type":"Feature","properties":{"boundary_score":0.6029,"activation_distance":0.3599},"geometry":{"type":"LineString","coordinates":[[114.1438,22.33967],[114.1437,22.33988]]}},{"type":"Feature","properties":{"boundary_score":0.6029,"activation_distance":0.3599},"geometry":{"type":"LineString","coordinates":[[114.1437,22.33988],[114.1438,22.33967]]}},{"type":"Feature","properties":{"boundary_score":0.04,"activation_distance":0.07104},"geometry":{"type":"LineString","coordinates":[[113.99839,22.31776],[113.99825,22.31758]]}},{"type":"Feature","properties":{"boundary_score":0.04,"activation_distance":0.07104},"geometry":{"type":"LineString","coordinates":[[113.99825,22.31758],[113.99839,22.31776]]}},{"type":"Feature","properties":{"boundary_score":0.0373,"activation_distance":0.06963},"geometry":{"type":"LineString","coordinates":[[113.99016,22.25723],[113.98996,22.25713]]}},{"type":"Feature","properties":{"boundary_score":0.0373,"activation_distance":0.06963},"geometry":{"type":"LineString","coordinates":[[113.98996,22.25713],[113.99016,22.25723]]}},{"type":"Feature","properties":{"boundary_score":0.0294,"activation_distance":0.06557},"geometry":{"type":"LineString","coordinates":[[113.97037,22.24222],[113.97015,22.24216]]}},{"type":"Feature","properties":{"boundary_score":0.0294,"activation_distance":0.06557},"geometry":{"type":"LineString","coordinates":[[113.97015,22.24216],[113.97037,22.24222]]}},{"type":"Feature","properties":{"boundary_score":0.0199,"activation_distance":0.0607},"geometry":{"type":"LineString","coordinates":[[114.12368,22.28125],[114.1239,22.28121]]}},{"type":"Feature","properties":{"boundary_score":0.0199,"activation_distance":0.0607},"geometry":{"type":"LineString","coordinates":[[114.1239,22.28121],[114.12368,22.28125]]}},{"type":"Feature","properties":{"boundary_score":0.0199,"activation_distance":0.0607},"geometry":{"type":"LineString","coordinates":[[114.1239,22.28121],[114.12368,22.28125]]}},{"type":"Feature","properties":{"boundary_score":0.0199,"activation_distance":0.0607},"geometry":{"type":"LineString","coordinates":[[114.12368,22.28125],[114.1239,22.28121]]}},{"type":"Feature","properties":{"boundary_score":0.1961,"activation_distance":0.15114},"geometry":{"type":"LineString","coordinates":[[113.89178,22.22829],[113.89156,22.22822]]}},{"type":"Feature","properties":{"boundary_score":0.1961,"activation_distance":0.15114},"geometry":{"type":"LineString","coordinates":[[113.89156,22.22822],[113.89178,22.22829]]}},{"type":"Feature","properties":{"boundary_score":0.0811,"activation_distance":0.09214},"geometry":{"type":"LineString","coordinates":[[113.96256,22.29731],[113.96234,22.29727]]}},{"type":"Feature","properties":{"boundary_score":0.0811,"activation_distance":0.09214},"geometry":{"type":"LineString","coordinates":[[113.96234,22.29727],[113.96256,22.29731]]}},{"type":"Feature","properties":{"boundary_score":0.0584,"activation_distance":0.08047},"geometry":{"type":"LineString","coordinates":[[113.93676,22.27929],[113.93654,22.27924]]}},{"type":"Feature","properties":{"boundary_score":0.0584,"activation_distance":0.08047},"geometry":{"type":"LineString","coordinates":[[113.93654,22.27924],[113.93676,22.27929]]}},{"type":"Feature","properties":{"boundary_score":0.0287,"activation_distance":0.06524},"geometry":{"type":"LineString","coordinates":[[113.93964,22.27987],[113.93946,22.27972]]}},{"type":"Feature","properties":{"boundary_score":0.0287,"activation_distance":0.06524},"geometry":{"type":"LineString","coordinates":[[113.93946,22.27972],[113.93964,22.27987]]}},{"type":"Feature","properties":{"boundary_score":0.0025,"activation_distance":0.05177},"geometry":{"type":"LineString","coordinates":[[114.11169,22.34881],[114.1119,22.34889]]}},{"type":"Feature","properties":{"boundary_score":0.0025,"activation_distance":0.05177},"geometry":{"type":"LineString","coordinates":[[114.1119,22.34889],[114.11169,22.34881]]}},{"type":"Feature","properties":{"boundary_score":0.2967,"activation_distance":0.20275},"geometry":{"type":"LineString","coordinates":[[114.1119,22.34889],[114.11211,22.34897]]}},{"type":"Feature","properties":{"boundary_score":0.2967,"activation_distance":0.20275},"geometry":{"type":"LineString","coordinates":[[114.11211,22.34897],[114.1119,22.34889]]}},{"type":"Feature","properties":{"boundary_score":0.0367,"activation_distance":0.06933},"geometry":{"type":"LineString","coordinates":[[113.94401,22.31992],[113.94378,22.31987]]}},{"type":"Feature","properties":{"boundary_score":0.0367,"activation_distance":0.06933},"geometry":{"type":"LineString","coordinates":[[113.94378,22.31987],[113.94401,22.31992]]}},{"type":"Feature","properties":{"boundary_score":0.0067,"activation_distance":0.05394},"geometry":{"type":"LineString","coordinates":[[113.94283,22.31949],[113.94255,22.31942]]}},{"type":"Feature","properties":{"boundary_score":0.0067,"activation_distance":0.05394},"geometry":{"type":"LineString","coordinates":[[113.94255,22.31942],[113.94283,22.31949]]}},{"type":"Feature","properties":{"boundary_score":0.0812,"activation_distance":0.09218},"geometry":{"type":"LineString","coordinates":[[113.94093,22.25168],[113.94105,22.25187]]}},{"type":"Feature","properties":{"boundary_score":0.0812,"activation_distance":0.09218},"geometry":{"type":"LineString","coordinates":[[113.94105,22.25187],[113.94093,22.25168]]}},{"type":"Feature","properties":{"boundary_score":0.1892,"activation_distance":0.14757},"geometry":{"type":"LineString","coordinates":[[113.94026,22.25464],[113.94038,22.25483]]}},{"type":"Feature","properties":{"boundary_score":0.1892,"activation_distance":0.14757},"geometry":{"type":"LineString","coordinates":[[113.94038,22.25483],[113.94026,22.25464]]}},{"type":"Feature","properties":{"boundary_score":0.0136,"activation_distance":0.05745},"geometry":{"type":"LineString","coordinates":[[113.90118,22.2567],[113.90141,22.25665]]}},{"type":"Feature","properties":{"boundary_score":0.0136,"activation_distance":0.05745},"geometry":{"type":"LineString","coordinates":[[113.90141,22.25665],[113.90118,22.2567]]}},{"type":"Feature","properties":{"boundary_score":0.0928,"activation_distance":0.0981},"geometry":{"type":"LineString","coordinates":[[114.10677,22.3372],[114.10672,22.33742]]}},{"type":"Feature","properties":{"boundary_score":0.0928,"activation_distance":0.0981},"geometry":{"type":"LineString","coordinates":[[114.10672,22.33742],[114.10677,22.3372]]}},{"type":"Feature","properties":{"boundary_score":0.6192,"activation_distance":0.36828},"geometry":{"type":"LineString","coordinates":[[114.11346,22.32981],[114.11365,22.32967]]}},{"type":"Feature","properties":{"boundary_score":0.6192,"activation_distance":0.36828},"geometry":{"type":"LineString","coordinates":[[114.11365,22.32967],[114.11346,22.32981]]}},{"type":"Feature","properties":{"boundary_score":0.0013,"activation_distance":0.05114},"geometry":{"type":"LineString","coordinates":[[114.1084,22.3333],[114.10821,22.33343]]}},{"type":"Feature","properties":{"boundary_score":0.0013,"activation_distance":0.05114},"geometry":{"type":"LineString","coordinates":[[114.10821,22.33343],[114.1084,22.3333]]}},{"type":"Feature","properties":{"boundary_score":0.0797,"activation_distance":0.09139},"geometry":{"type":"LineString","coordinates":[[113.87154,22.24866],[113.87169,22.24849]]}},{"type":"Feature","properties":{"boundary_score":0.0797,"activation_distance":0.09139},"geometry":{"type":"LineString","coordinates":[[113.87169,22.24849],[113.87154,22.24866]]}},{"type":"Feature","properties":{"boundary_score":0.0915,"activation_distance":0.09746},"geometry":{"type":"LineString","coordinates":[[113.88006,22.2411],[113.88026,22.24098]]}},{"type":"Feature","properties":{"boundary_score":0.0915,"activation_distance":0.09746},"geometry":{"type":"LineString","coordinates":[[113.88026,22.24098],[113.88006,22.2411]]}},{"type":"Feature","properties":{"boundary_score":0.1155,"activation_distance":0.10975},"geometry":{"type":"LineString","coordinates":[[114.12526,22.34509],[114.12541,22.34491]]}},{"type":"Feature","properties":{"boundary_score":0.1155,"activation_distance":0.10975},"geometry":{"type":"LineString","coordinates":[[114.12541,22.34491],[114.12526,22.34509]]}},{"type":"Feature","properties":{"boundary_score":0.0696,"activation_distance":0.0862},"geometry":{"type":"LineString","coordinates":[[114.12609,22.3443],[114.12629,22.34419]]}},{"type":"Feature","properties":{"boundary_score":0.0696,"activation_distance":0.0862},"geometry":{"type":"LineString","coordinates":[[114.12629,22.34419],[114.12609,22.3443]]}},{"type":"Feature","properties":{"boundary_score":0.157,"activation_distance":0.13106},"geometry":{"type":"LineString","coordinates":[[113.89197,22.23083],[113.89209,22.23103]]}},{"type":"Feature","properties":{"boundary_score":0.157,"activation_distance":0.13106},"geometry":{"type":"LineString","coordinates":[[113.89209,22.23103],[113.89197,22.23083]]}},{"type":"Feature","properties":{"boundary_score":0.157,"activation_distance":0.13106},"geometry":{"type":"LineString","coordinates":[[113.89209,22.23103],[113.89197,22.23083]]}},{"type":"Feature","properties":{"boundary_score":0.157,"activation_distance":0.13106},"geometry":{"type":"LineString","coordinates":[[113.89197,22.23083],[113.89209,22.23103]]}},{"type":"Feature","properties":{"boundary_score":0.0943,"activation_distance":0.09888},"geometry":{"type":"LineString","coordinates":[[114.13991,22.25219],[114.14008,22.25238]]}},{"type":"Feature","properties":{"boundary_score":0.0943,"activation_distance":0.09888},"geometry":{"type":"LineString","coordinates":[[114.14008,22.25238],[114.13991,22.25219]]}},{"type":"Feature","properties":{"boundary_score":0.0361,"activation_distance":0.06903},"geometry":{"type":"LineString","coordinates":[[114.13997,22.25215],[114.14013,22.25231]]}},{"type":"Feature","properties":{"boundary_score":0.0361,"activation_distance":0.06903},"geometry":{"type":"LineString","coordinates":[[114.14013,22.25231],[114.13997,22.25215]]}},{"type":"Feature","properties":{"boundary_score":0.1248,"activation_distance":0.11452},"geometry":{"type":"LineString","coordinates":[[113.89857,22.30399],[113.89878,22.30406]]}},{"type":"Feature","properties":{"boundary_score":0.1248,"activation_distance":0.11452},"geometry":{"type":"LineString","coordinates":[[113.89878,22.30406],[113.89857,22.30399]]}},{"type":"Feature","properties":{"boundary_score":0.0636,"activation_distance":0.08314},"geometry":{"type":"LineString","coordinates":[[113.93759,22.31005],[113.93763,22.31029]]}},{"type":"Feature","properties":{"boundary_score":0.0636,"activation_distance":0.08314},"geometry":{"type":"LineString","coordinates":[[113.93763,22.31029],[113.93759,22.31005]]}},{"type":"Feature","properties":{"boundary_score":0.0076,"activation_distance":0.0544},"geometry":{"type":"LineString","coordinates":[[113.93768,22.31101],[113.93766,22.31126]]}},{"type":"Feature","properties":{"boundary_score":0.0076,"activation_distance":0.0544},"geometry":{"type":"LineString","coordinates":[[113.93766,22.31126],[113.93768,22.31101]]}},{"type":"Feature","properties":{"boundary_score":0.1346,"activation_distance":0.11955},"geometry":{"type":"LineString","coordinates":[[113.93759,22.31005],[113.93752,22.31028]]}},{"type":"Feature","properties":{"boundary_score":0.1346,"activation_distance":0.11955},"geometry":{"type":"LineString","coordinates":[[113.93752,22.31028],[113.93759,22.31005]]}},{"type":"Feature","properties":{"boundary_score":0.0477,"activation_distance":0.07498},"geometry":{"type":"LineString","coordinates":[[113.93662,22.31109],[113.93649,22.3113]]}},{"type":"Feature","properties":{"boundary_score":0.0477,"activation_distance":0.07498},"geometry":{"type":"LineString","coordinates":[[113.93649,22.3113],[113.93662,22.31109]]}},{"type":"Feature","properties":{"boundary_score":0.0294,"activation_distance":0.06557},"geometry":{"type":"LineString","coordinates":[[113.97015,22.24216],[113.97037,22.24222]]}},{"type":"Feature","properties":{"boundary_score":0.0294,"activation_distance":0.06557},"geometry":{"type":"LineString","coordinates":[[113.97037,22.24222],[113.97015,22.24216]]}},{"type":"Feature","properties":{"boundary_score":0.0309,"activation_distance":0.06634},"geometry":{"type":"LineString","coordinates":[[113.9905,22.26622],[113.99055,22.26643]]}},{"type":"Feature","properties":{"boundary_score":0.0309,"activation_distance":0.06634},"geometry":{"type":"LineString","coordinates":[[113.99055,22.26643],[113.9905,22.26622]]}},{"type":"Feature","properties":{"boundary_score":0.2026,"activation_distance":0.15445},"geometry":{"type":"LineString","coordinates":[[114.15387,22.34956],[114.15376,22.34973]]}},{"type":"Feature","properties":{"boundary_score":0.2026,"activation_distance":0.15445},"geometry":{"type":"LineString","coordinates":[[114.15376,22.34973],[114.15387,22.34956]]}},{"type":"Feature","properties":{"boundary_score":0.0433,"activation_distance":0.07272},"geometry":{"type":"LineString","coordinates":[[114.14674,22.3693],[114.14652,22.36931]]}},{"type":"Feature","properties":{"boundary_score":0.0433,"activation_distance":0.07272},"geometry":{"type":"LineString","coordinates":[[114.14652,22.36931],[114.14674,22.3693]]}},{"type":"Feature","properties":{"boundary_score":0.1582,"activation_distance":0.1317},"geometry":{"type":"LineString","coordinates":[[114.15387,22.34956],[114.15373,22.34939]]}},{"type":"Feature","properties":{"boundary_score":0.1582,"activation_distance":0.1317},"geometry":{"type":"LineString","coordinates":[[114.15373,22.34939],[114.15387,22.34956]]}},{"type":"Feature","properties":{"boundary_score":0.9961,"activation_distance":0.56169},"geometry":{"type":"LineString","coordinates":[[114.15121,22.34714],[114.15113,22.34692]]}},{"type":"Feature","properties":{"boundary_score":0.9961,"activation_distance":0.56169},"geometry":{"type":"LineString","coordinates":[[114.15113,22.34692],[114.15121,22.34714]]}},{"type":"Feature","properties":{"boundary_score":0.2472,"activation_distance":0.17736},"geometry":{"type":"LineString","coordinates":[[114.15387,22.34956],[114.15398,22.34976]]}},{"type":"Feature","properties":{"boundary_score":0.2472,"activation_distance":0.17736},"geometry":{"type":"LineString","coordinates":[[114.15398,22.34976],[114.15387,22.34956]]}},{"type":"Feature","properties":{"boundary_score":0.0355,"activation_distance":0.06874},"geometry":{"type":"LineString","coordinates":[[114.15599,22.35268],[114.15609,22.35288]]}},{"type":"Feature","properties":{"boundary_score":0.0355,"activation_distance":0.06874},"geometry":{"type":"LineString","coordinates":[[114.15609,22.35288],[114.15599,22.35268]]}},{"type":"Feature","properties":{"boundary_score":0.0173,"activation_distance":0.05938},"geometry":{"type":"LineString","coordinates":[[114.15844,22.35544],[114.15855,22.35564]]}},{"type":"Feature","properties":{"boundary_score":0.0173,"activation_distance":0.05938},"geometry":{"type":"LineString","coordinates":[[114.15855,22.35564],[114.15844,22.35544]]}},{"type":"Feature","properties":{"boundary_score":0.0244,"activation_distance":0.06301},"geometry":{"type":"LineString","coordinates":[[114.16215,22.36107],[114.16231,22.36123]]}},{"type":"Feature","properties":{"boundary_score":0.0244,"activation_distance":0.06301},"geometry":{"type":"LineString","coordinates":[[114.16231,22.36123],[114.16215,22.36107]]}},{"type":"Feature","properties":{"boundary_score":0.0773,"activation_distance":0.09019},"geometry":{"type":"LineString","coordinates":[[114.13979,22.28889],[114.14,22.28896]]}},{"type":"Feature","properties":{"boundary_score":0.0773,"activation_distance":0.09019},"geometry":{"type":"LineString","coordinates":[[114.14,22.28896],[114.13979,22.28889]]}},{"type":"Feature","properties":{"boundary_score":0.1199,"activation_distance":0.11205},"geometry":{"type":"LineString","coordinates":[[114.13888,22.25236],[114.13874,22.25254]]}},{"type":"Feature","properties":{"boundary_score":0.1199,"activation_distance":0.11205},"geometry":{"type":"LineString","coordinates":[[114.13874,22.25254],[114.13888,22.25236]]}},{"type":"Feature","properties":{"boundary_score":0.0069,"activation_distance":0.05405},"geometry":{"type":"LineString","coordinates":[[113.94019,22.2793],[113.94,22.27918]]}},{"type":"Feature","properties":{"boundary_score":0.0069,"activation_distance":0.05405},"geometry":{"type":"LineString","coordinates":[[113.94,22.27918],[113.94019,22.2793]]}},{"type":"Feature","properties":{"boundary_score":0.008,"activation_distance":0.05459},"geometry":{"type":"LineString","coordinates":[[113.94019,22.2793],[113.94034,22.27913]]}},{"type":"Feature","properties":{"boundary_score":0.008,"activation_distance":0.05459},"geometry":{"type":"LineString","coordinates":[[113.94034,22.27913],[113.94019,22.2793]]}},{"type":"Feature","properties":{"boundary_score":0.0447,"activation_distance":0.07343},"geometry":{"type":"LineString","coordinates":[[113.9452,22.27446],[113.94541,22.27436]]}},{"type":"Feature","properties":{"boundary_score":0.0447,"activation_distance":0.07343},"geometry":{"type":"LineString","coordinates":[[113.94541,22.27436],[113.9452,22.27446]]}},{"type":"Feature","properties":{"boundary_score":0.0447,"activation_distance":0.07343},"geometry":{"type":"LineString","coordinates":[[113.94541,22.27436],[113.9452,22.27446]]}},{"type":"Feature","properties":{"boundary_score":0.0447,"activation_distance":0.07343},"geometry":{"type":"LineString","coordinates":[[113.9452,22.27446],[113.94541,22.27436]]}},{"type":"Feature","properties":{"boundary_score":0.008,"activation_distance":0.05459},"geometry":{"type":"LineString","coordinates":[[113.94034,22.27913],[113.94019,22.2793]]}},{"type":"Feature","properties":{"boundary_score":0.008,"activation_distance":0.05459},"geometry":{"type":"LineString","coordinates":[[113.94019,22.2793],[113.94034,22.27913]]}},{"type":"Feature","properties":{"boundary_score":0.1177,"activation_distance":0.11091},"geometry":{"type":"LineString","coordinates":[[114.13846,22.34088],[114.1386,22.34069]]}},{"type":"Feature","properties":{"boundary_score":0.1177,"activation_distance":0.11091},"geometry":{"type":"LineString","coordinates":[[114.1386,22.34069],[114.13846,22.34088]]}},{"type":"Feature","properties":{"boundary_score":0.0201,"activation_distance":0.06079},"geometry":{"type":"LineString","coordinates":[[114.14006,22.33962],[114.13985,22.33973]]}},{"type":"Feature","properties":{"boundary_score":0.0201,"activation_distance":0.06079},"geometry":{"type":"LineString","coordinates":[[114.13985,22.33973],[114.14006,22.33962]]}},{"type":"Feature","properties":{"boundary_score":0.1059,"activation_distance":0.10485},"geometry":{"type":"LineString","coordinates":[[113.93654,22.29048],[113.93677,22.29043]]}},{"type":"Feature","properties":{"boundary_score":0.1059,"activation_distance":0.10485},"geometry":{"type":"LineString","coordinates":[[113.93677,22.29043],[113.93654,22.29048]]}},{"type":"Feature","properties":{"boundary_score":0.0082,"activation_distance":0.0547},"geometry":{"type":"LineString","coordinates":[[114.14935,22.32958],[114.14956,22.32947]]}},{"type":"Feature","properties":{"boundary_score":0.0082,"activation_distance":0.0547},"geometry":{"type":"LineString","coordinates":[[114.14956,22.32947],[114.14935,22.32958]]}},{"type":"Feature","properties":{"boundary_score":0.043,"activation_distance":0.07257},"geometry":{"type":"LineString","coordinates":[[114.14956,22.32947],[114.14976,22.32935]]}},{"type":"Feature","properties":{"boundary_score":0.043,"activation_distance":0.07257},"geometry":{"type":"LineString","coordinates":[[114.14976,22.32935],[114.14956,22.32947]]}},{"type":"Feature","properties":{"boundary_score":0.1961,"activation_distance":0.15114},"geometry":{"type":"LineString","coordinates":[[113.89156,22.22822],[113.89178,22.22829]]}},{"type":"Feature","properties":{"boundary_score":0.1961,"activation_distance":0.15114},"geometry":{"type":"LineString","coordinates":[[113.89178,22.22829],[113.89156,22.22822]]}},{"type":"Feature","properties":{"boundary_score":0.0345,"activation_distance":0.06817},"geometry":{"type":"LineString","coordinates":[[114.15809,22.2864],[114.15788,22.2865]]}},{"type":"Feature","properties":{"boundary_score":0.0345,"activation_distance":0.06817},"geometry":{"type":"LineString","coordinates":[[114.15788,22.2865],[114.15809,22.2864]]}},{"type":"Feature","properties":{"boundary_score":0.0136,"activation_distance":0.05745},"geometry":{"type":"LineString","coordinates":[[113.90141,22.25665],[113.90118,22.2567]]}},{"type":"Feature","properties":{"boundary_score":0.0136,"activation_distance":0.05745},"geometry":{"type":"LineString","coordinates":[[113.90118,22.2567],[113.90141,22.25665]]}},{"type":"Feature","properties":{"boundary_score":0.1052,"activation_distance":0.1045},"geometry":{"type":"LineString","coordinates":[[113.93365,22.31832],[113.93373,22.31811]]}},{"type":"Feature","properties":{"boundary_score":0.1052,"activation_distance":0.1045},"geometry":{"type":"LineString","coordinates":[[113.93373,22.31811],[113.93365,22.31832]]}},{"type":"Feature","properties":{"boundary_score":0.2306,"activation_distance":0.16884},"geometry":{"type":"LineString","coordinates":[[113.93374,22.31925],[113.93396,22.31933]]}},{"type":"Feature","properties":{"boundary_score":0.2306,"activation_distance":0.16884},"geometry":{"type":"LineString","coordinates":[[113.93396,22.31933],[113.93374,22.31925]]}},{"type":"Feature","properties":{"boundary_score":0.0743,"activation_distance":0.08865},"geometry":{"type":"LineString","coordinates":[[114.11089,22.33963],[114.11084,22.33941]]}},{"type":"Feature","properties":{"boundary_score":0.0743,"activation_distance":0.08865},"geometry":{"type":"LineString","coordinates":[[114.11084,22.33941],[114.11089,22.33963]]}},{"type":"Feature","properties":{"boundary_score":0.0054,"activation_distance":0.05328},"geometry":{"type":"LineString","coordinates":[[114.11074,22.33948],[114.11079,22.33971]]}},{"type":"Feature","properties":{"boundary_score":0.0054,"activation_distance":0.05328},"geometry":{"type":"LineString","coordinates":[[114.11079,22.33971],[114.11074,22.33948]]}},{"type":"Feature","properties":{"boundary_score":0.0928,"activation_distance":0.0981},"geometry":{"type":"LineString","coordinates":[[114.10683,22.33738],[114.10689,22.33716]]}},{"type":"Feature","properties":{"boundary_score":0.0928,"activation_distance":0.0981},"geometry":{"type":"LineString","coordinates":[[114.10689,22.33716],[114.10683,22.33738]]}},{"type":"Feature","properties":{"boundary_score":0.0437,"activation_distance":0.07292},"geometry":{"type":"LineString","coordinates":[[114.12627,22.34449],[114.12645,22.34435]]}},{"type":"Feature","properties":{"boundary_score":0.0437,"activation_distance":0.07292},"geometry":{"type":"LineString","coordinates":[[114.12645,22.34435],[114.12627,22.34449]]}},{"type":"Feature","properties":{"boundary_score":0.0127,"activation_distance":0.05702},"geometry":{"type":"LineString","coordinates":[[114.13015,22.34207],[114.1303,22.34189]]}},{"type":"Feature","properties":{"boundary_score":0.0127,"activation_distance":0.05702},"geometry":{"type":"LineString","coordinates":[[114.1303,22.34189],[114.13015,22.34207]]}},{"type":"Feature","properties":{"boundary_score":0.1521,"activation_distance":0.12856},"geometry":{"type":"LineString","coordinates":[[114.12562,22.34522],[114.12578,22.34505]]}},{"type":"Feature","properties":{"boundary_score":0.1521,"activation_distance":0.12856},"geometry":{"type":"LineString","coordinates":[[114.12578,22.34505],[114.12562,22.34522]]}},{"type":"Feature","properties":{"boundary_score":0.0358,"activation_distance":0.06884},"geometry":{"type":"LineString","coordinates":[[114.12632,22.34461],[114.12651,22.34448]]}},{"type":"Feature","properties":{"boundary_score":0.0358,"activation_distance":0.06884},"geometry":{"type":"LineString","coordinates":[[114.12651,22.34448],[114.12632,22.34461]]}},{"type":"Feature","properties":{"boundary_score":0.0081,"activation_distance":0.05464},"geometry":{"type":"LineString","coordinates":[[114.13053,22.34219],[114.13037,22.34235]]}},{"type":"Feature","properties":{"boundary_score":0.0081,"activation_distance":0.05464},"geometry":{"type":"LineString","coordinates":[[114.13037,22.34235],[114.13053,22.34219]]}},{"type":"Feature","properties":{"boundary_score":0.4002,"activation_distance":0.25587},"geometry":{"type":"LineString","coordinates":[[114.13081,22.34239],[114.13095,22.34221]]}},{"type":"Feature","properties":{"boundary_score":0.4002,"activation_distance":0.25587},"geometry":{"type":"LineString","coordinates":[[114.13095,22.34221],[114.13081,22.34239]]}},{"type":"Feature","properties":{"boundary_score":0.0966,"activation_distance":0.10006},"geometry":{"type":"LineString","coordinates":[[114.13079,22.34211],[114.13064,22.34228]]}},{"type":"Feature","properties":{"boundary_score":0.0966,"activation_distance":0.10006},"geometry":{"type":"LineString","coordinates":[[114.13064,22.34228],[114.13079,22.34211]]}},{"type":"Feature","properties":{"boundary_score":0.0833,"activation_distance":0.09322},"geometry":{"type":"LineString","coordinates":[[114.12638,22.34431],[114.12618,22.34442]]}},{"type":"Feature","properties":{"boundary_score":0.0833,"activation_distance":0.09322},"geometry":{"type":"LineString","coordinates":[[114.12618,22.34442],[114.12638,22.34431]]}},{"type":"Feature","properties":{"boundary_score":0.1622,"activation_distance":0.13372},"geometry":{"type":"LineString","coordinates":[[114.12549,22.345],[114.12536,22.34519]]}},{"type":"Feature","properties":{"boundary_score":0.1622,"activation_distance":0.13372},"geometry":{"type":"LineString","coordinates":[[114.12536,22.34519],[114.12549,22.345]]}},{"type":"Feature","properties":{"boundary_score":0.0642,"activation_distance":0.08344},"geometry":{"type":"LineString","coordinates":[[114.04043,22.32292],[114.0403,22.32273]]}},{"type":"Feature","properties":{"boundary_score":0.0642,"activation_distance":0.08344},"geometry":{"type":"LineString","coordinates":[[114.0403,22.32273],[114.04043,22.32292]]}},{"type":"Feature","properties":{"boundary_score":0.2201,"activation_distance":0.16343},"geometry":{"type":"LineString","coordinates":[[114.09448,22.33787],[114.09462,22.33808]]}},{"type":"Feature","properties":{"boundary_score":0.2201,"activation_distance":0.16343},"geometry":{"type":"LineString","coordinates":[[114.09462,22.33808],[114.09448,22.33787]]}},{"type":"Feature","properties":{"boundary_score":0.3511,"activation_distance":0.23067},"geometry":{"type":"LineString","coordinates":[[114.09343,22.32904],[114.09366,22.329]]}},{"type":"Feature","properties":{"boundary_score":0.3511,"activation_distance":0.23067},"geometry":{"type":"LineString","coordinates":[[114.09366,22.329],[114.09343,22.32904]]}},{"type":"Feature","properties":{"boundary_score":0.0949,"activation_distance":0.09921},"geometry":{"type":"LineString","coordinates":[[114.13854,22.34509],[114.13852,22.34532]]}},{"type":"Feature","properties":{"boundary_score":0.0949,"activation_distance":0.09921},"geometry":{"type":"LineString","coordinates":[[114.13852,22.34532],[114.13854,22.34509]]}},{"type":"Feature","properties":{"boundary_score":0.0949,"activation_distance":0.09921},"geometry":{"type":"LineString","coordinates":[[114.1386,22.34535],[114.13862,22.34512]]}},{"type":"Feature","properties":{"boundary_score":0.0949,"activation_distance":0.09921},"geometry":{"type":"LineString","coordinates":[[114.13862,22.34512],[114.1386,22.34535]]}},{"type":"Feature","properties":{"boundary_score":0.6661,"activation_distance":0.39231},"geometry":{"type":"LineString","coordinates":[[114.03203,22.33393],[114.03187,22.33377]]}},{"type":"Feature","properties":{"boundary_score":0.6661,"activation_distance":0.39231},"geometry":{"type":"LineString","coordinates":[[114.03187,22.33377],[114.03203,22.33393]]}},{"type":"Feature","properties":{"boundary_score":0.5091,"activation_distance":0.31173},"geometry":{"type":"LineString","coordinates":[[114.03249,22.33403],[114.03235,22.33385]]}},{"type":"Feature","properties":{"boundary_score":0.5091,"activation_distance":0.31173},"geometry":{"type":"LineString","coordinates":[[114.03235,22.33385],[114.03249,22.33403]]}},{"type":"Feature","properties":{"boundary_score":0.0206,"activation_distance":0.06109},"geometry":{"type":"LineString","coordinates":[[113.9344,22.27436],[113.93439,22.27413]]}},{"type":"Feature","properties":{"boundary_score":0.0206,"activation_distance":0.06109},"geometry":{"type":"LineString","coordinates":[[113.93439,22.27413],[113.9344,22.27436]]}},{"type":"Feature","properties":{"boundary_score":0.1762,"activation_distance":0.1409},"geometry":{"type":"LineString","coordinates":[[113.93437,22.27018],[113.93442,22.26996]]}},{"type":"Feature","properties":{"boundary_score":0.1762,"activation_distance":0.1409},"geometry":{"type":"LineString","coordinates":[[113.93442,22.26996],[113.93437,22.27018]]}},{"type":"Feature","properties":{"boundary_score":0.07,"activation_distance":0.08644},"geometry":{"type":"LineString","coordinates":[[113.93374,22.27563],[113.93354,22.27581]]}},{"type":"Feature","properties":{"boundary_score":0.07,"activation_distance":0.08644},"geometry":{"type":"LineString","coordinates":[[113.93354,22.27581],[113.93374,22.27563]]}},{"type":"Feature","properties":{"boundary_score":0.0287,"activation_distance":0.06524},"geometry":{"type":"LineString","coordinates":[[113.93946,22.27972],[113.93964,22.27987]]}},{"type":"Feature","properties":{"boundary_score":0.0287,"activation_distance":0.06524},"geometry":{"type":"LineString","coordinates":[[113.93964,22.27987],[113.93946,22.27972]]}},{"type":"Feature","properties":{"boundary_score":0.2018,"activation_distance":0.15407},"geometry":{"type":"LineString","coordinates":[[113.99885,22.31693],[113.99897,22.31714]]}},{"type":"Feature","properties":{"boundary_score":0.2018,"activation_distance":0.15407},"geometry":{"type":"LineString","coordinates":[[113.99897,22.31714],[113.99885,22.31693]]}},{"type":"Feature","properties":{"boundary_score":0.0285,"activation_distance":0.06512},"geometry":{"type":"LineString","coordinates":[[113.99837,22.31752],[113.99851,22.3177]]}},{"type":"Feature","properties":{"boundary_score":0.0285,"activation_distance":0.06512},"geometry":{"type":"LineString","coordinates":[[113.99851,22.3177],[113.99837,22.31752]]}},{"type":"Feature","properties":{"boundary_score":0.2018,"activation_distance":0.15407},"geometry":{"type":"LineString","coordinates":[[113.99897,22.31714],[113.99885,22.31693]]}},{"type":"Feature","properties":{"boundary_score":0.2018,"activation_distance":0.15407},"geometry":{"type":"LineString","coordinates":[[113.99885,22.31693],[113.99897,22.31714]]}},{"type":"Feature","properties":{"boundary_score":0.0195,"activation_distance":0.06051},"geometry":{"type":"LineString","coordinates":[[114.13032,22.32051],[114.13015,22.32036]]}},{"type":"Feature","properties":{"boundary_score":0.0195,"activation_distance":0.06051},"geometry":{"type":"LineString","coordinates":[[114.13015,22.32036],[114.13032,22.32051]]}},{"type":"Feature","properties":{"boundary_score":0.2513,"activation_distance":0.17944},"geometry":{"type":"LineString","coordinates":[[114.11344,22.32918],[114.11363,22.32903]]}},{"type":"Feature","properties":{"boundary_score":0.2513,"activation_distance":0.17944},"geometry":{"type":"LineString","coordinates":[[114.11363,22.32903],[114.11344,22.32918]]}},{"type":"Feature","properties":{"boundary_score":0.0006,"activation_distance":0.05079},"geometry":{"type":"LineString","coordinates":[[114.11382,22.32887],[114.114,22.32872]]}},{"type":"Feature","properties":{"boundary_score":0.0006,"activation_distance":0.05079},"geometry":{"type":"LineString","coordinates":[[114.114,22.32872],[114.11382,22.32887]]}},{"type":"Feature","properties":{"boundary_score":0.141,"activation_distance":0.12287},"geometry":{"type":"LineString","coordinates":[[114.14947,22.32938],[114.1497,22.32929]]}},{"type":"Feature","properties":{"boundary_score":0.141,"activation_distance":0.12287},"geometry":{"type":"LineString","coordinates":[[114.1497,22.32929],[114.14947,22.32938]]}},{"type":"Feature","properties":{"boundary_score":0.1418,"activation_distance":0.12329},"geometry":{"type":"LineString","coordinates":[[114.14937,22.32932],[114.14957,22.32923]]}},{"type":"Feature","properties":{"boundary_score":0.1418,"activation_distance":0.12329},"geometry":{"type":"LineString","coordinates":[[114.14957,22.32923],[114.14937,22.32932]]}},{"type":"Feature","properties":{"boundary_score":0.059,"activation_distance":0.08077},"geometry":{"type":"LineString","coordinates":[[114.14929,22.3293],[114.14948,22.32918]]}},{"type":"Feature","properties":{"boundary_score":0.059,"activation_distance":0.08077},"geometry":{"type":"LineString","coordinates":[[114.14948,22.32918],[114.14929,22.3293]]}},{"type":"Feature","properties":{"boundary_score":0.0125,"activation_distance":0.05692},"geometry":{"type":"LineString","coordinates":[[114.15691,22.33141],[114.15709,22.33127]]}},{"type":"Feature","properties":{"boundary_score":0.0125,"activation_distance":0.05692},"geometry":{"type":"LineString","coordinates":[[114.15709,22.33127],[114.15691,22.33141]]}},{"type":"Feature","properties":{"boundary_score":0.0227,"activation_distance":0.06216},"geometry":{"type":"LineString","coordinates":[[114.1357,22.33427],[114.1355,22.33438]]}},{"type":"Feature","properties":{"boundary_score":0.0227,"activation_distance":0.06216},"geometry":{"type":"LineString","coordinates":[[114.1355,22.33438],[114.1357,22.33427]]}},{"type":"Feature","properties":{"boundary_score":0.6029,"activation_distance":0.3599},"geometry":{"type":"LineString","coordinates":[[114.14384,22.33991],[114.14394,22.33971]]}},{"type":"Feature","properties":{"boundary_score":0.6029,"activation_distance":0.3599},"geometry":{"type":"LineString","coordinates":[[114.14394,22.33971],[114.14384,22.33991]]}},{"type":"Feature","properties":{"boundary_score":0.0324,"activation_distance":0.06714},"geometry":{"type":"LineString","coordinates":[[114.1401,22.34004],[114.13991,22.34016]]}},{"type":"Feature","properties":{"boundary_score":0.0324,"activation_distance":0.06714},"geometry":{"type":"LineString","coordinates":[[114.13991,22.34016],[114.1401,22.34004]]}},{"type":"Feature","properties":{"boundary_score":0.1177,"activation_distance":0.11091},"geometry":{"type":"LineString","coordinates":[[114.13897,22.34084],[114.13879,22.34098]]}},{"type":"Feature","properties":{"boundary_score":0.1177,"activation_distance":0.11091},"geometry":{"type":"LineString","coordinates":[[114.13879,22.34098],[114.13897,22.34084]]}},{"type":"Feature","properties":{"boundary_score":0.0366,"activation_distance":0.0693},"geometry":{"type":"LineString","coordinates":[[114.12559,22.34512],[114.12575,22.34495]]}},{"type":"Feature","properties":{"boundary_score":0.0366,"activation_distance":0.0693},"geometry":{"type":"LineString","coordinates":[[114.12575,22.34495],[114.12559,22.34512]]}},{"type":"Feature","properties":{"boundary_score":0.0229,"activation_distance":0.06223},"geometry":{"type":"LineString","coordinates":[[114.13908,22.28085],[114.13928,22.28095]]}},{"type":"Feature","properties":{"boundary_score":0.0229,"activation_distance":0.06223},"geometry":{"type":"LineString","coordinates":[[114.13928,22.28095],[114.13908,22.28085]]}},{"type":"Feature","properties":{"boundary_score":0.0229,"activation_distance":0.06223},"geometry":{"type":"LineString","coordinates":[[114.13928,22.28095],[114.13908,22.28085]]}},{"type":"Feature","properties":{"boundary_score":0.0229,"activation_distance":0.06223},"geometry":{"type":"LineString","coordinates":[[114.13908,22.28085],[114.13928,22.28095]]}},{"type":"Feature","properties":{"boundary_score":0.0173,"activation_distance":0.05937},"geometry":{"type":"LineString","coordinates":[[114.15915,22.24297],[114.15922,22.24323]]}},{"type":"Feature","properties":{"boundary_score":0.0173,"activation_distance":0.05937},"geometry":{"type":"LineString","coordinates":[[114.15922,22.24323],[114.15915,22.24297]]}},{"type":"Feature","properties":{"boundary_score":0.0556,"activation_distance":0.07905},"geometry":{"type":"LineString","coordinates":[[114.15815,22.2434],[114.15787,22.24338]]}},{"type":"Feature","properties":{"boundary_score":0.0556,"activation_distance":0.07905},"geometry":{"type":"LineString","coordinates":[[114.15787,22.24338],[114.15815,22.2434]]}},{"type":"Feature","properties":{"boundary_score":0.1395,"activation_distance":0.12208},"geometry":{"type":"LineString","coordinates":[[114.14793,22.26299],[114.14812,22.26311]]}},{"type":"Feature","properties":{"boundary_score":0.1395,"activation_distance":0.12208},"geometry":{"type":"LineString","coordinates":[[114.14812,22.26311],[114.14793,22.26299]]}},{"type":"Feature","properties":{"boundary_score":0.1155,"activation_distance":0.10979},"geometry":{"type":"LineString","coordinates":[[114.15446,22.26646],[114.15434,22.26627]]}},{"type":"Feature","properties":{"boundary_score":0.1155,"activation_distance":0.10979},"geometry":{"type":"LineString","coordinates":[[114.15434,22.26627],[114.15446,22.26646]]}},{"type":"Feature","properties":{"boundary_score":0.0481,"activation_distance":0.07515},"geometry":{"type":"LineString","coordinates":[[114.12641,22.26468],[114.12645,22.26446]]}},{"type":"Feature","properties":{"boundary_score":0.0481,"activation_distance":0.07515},"geometry":{"type":"LineString","coordinates":[[114.12645,22.26446],[114.12641,22.26468]]}},{"type":"Feature","properties":{"boundary_score":0.2701,"activation_distance":0.18911},"geometry":{"type":"LineString","coordinates":[[114.09223,22.32921],[114.09211,22.32943]]}},{"type":"Feature","properties":{"boundary_score":0.2701,"activation_distance":0.18911},"geometry":{"type":"LineString","coordinates":[[114.09211,22.32943],[114.09223,22.32921]]}},{"type":"Feature","properties":{"boundary_score":0.2701,"activation_distance":0.18911},"geometry":{"type":"LineString","coordinates":[[114.09211,22.32943],[114.09223,22.32921]]}},{"type":"Feature","properties":{"boundary_score":0.2701,"activation_distance":0.18911},"geometry":{"type":"LineString","coordinates":[[114.09223,22.32921],[114.09211,22.32943]]}},{"type":"Feature","properties":{"boundary_score":0.3511,"activation_distance":0.23067},"geometry":{"type":"LineString","coordinates":[[114.09366,22.329],[114.09343,22.32904]]}},{"type":"Feature","properties":{"boundary_score":0.3511,"activation_distance":0.23067},"geometry":{"type":"LineString","coordinates":[[114.09343,22.32904],[114.09366,22.329]]}},{"type":"Feature","properties":{"boundary_score":0.0756,"activation_distance":0.08929},"geometry":{"type":"LineString","coordinates":[[114.10069,22.33165],[114.1009,22.33156]]}},{"type":"Feature","properties":{"boundary_score":0.0756,"activation_distance":0.08929},"geometry":{"type":"LineString","coordinates":[[114.1009,22.33156],[114.10069,22.33165]]}},{"type":"Feature","properties":{"boundary_score":0.0072,"activation_distance":0.05419},"geometry":{"type":"LineString","coordinates":[[113.97966,22.3034],[113.97948,22.30327]]}},{"type":"Feature","properties":{"boundary_score":0.0072,"activation_distance":0.05419},"geometry":{"type":"LineString","coordinates":[[113.97948,22.30327],[113.97966,22.3034]]}},{"type":"Feature","properties":{"boundary_score":0.2417,"activation_distance":0.17453},"geometry":{"type":"LineString","coordinates":[[114.13806,22.35177],[114.13785,22.35185]]}},{"type":"Feature","properties":{"boundary_score":0.2417,"activation_distance":0.17453},"geometry":{"type":"LineString","coordinates":[[114.13785,22.35185],[114.13806,22.35177]]}},{"type":"Feature","properties":{"boundary_score":0.2417,"activation_distance":0.17453},"geometry":{"type":"LineString","coordinates":[[114.13785,22.35185],[114.13806,22.35177]]}},{"type":"Feature","properties":{"boundary_score":0.2417,"activation_distance":0.17453},"geometry":{"type":"LineString","coordinates":[[114.13806,22.35177],[114.13785,22.35185]]}},{"type":"Feature","properties":{"boundary_score":0.0037,"activation_distance":0.05239},"geometry":{"type":"LineString","coordinates":[[114.13003,22.34196],[114.12988,22.34213]]}},{"type":"Feature","properties":{"boundary_score":0.0037,"activation_distance":0.05239},"geometry":{"type":"LineString","coordinates":[[114.12988,22.34213],[114.13003,22.34196]]}},{"type":"Feature","properties":{"boundary_score":0.0357,"activation_distance":0.06881},"geometry":{"type":"LineString","coordinates":[[114.12639,22.34417],[114.1262,22.3443]]}},{"type":"Feature","properties":{"boundary_score":0.0357,"activation_distance":0.06881},"geometry":{"type":"LineString","coordinates":[[114.1262,22.3443],[114.12639,22.34417]]}},{"type":"Feature","properties":{"boundary_score":0.0684,"activation_distance":0.0856},"geometry":{"type":"LineString","coordinates":[[114.12554,22.34492],[114.12539,22.34509]]}},{"type":"Feature","properties":{"boundary_score":0.0684,"activation_distance":0.0856},"geometry":{"type":"LineString","coordinates":[[114.12539,22.34509],[114.12554,22.34492]]}},{"type":"Feature","properties":{"boundary_score":0.0764,"activation_distance":0.08972},"geometry":{"type":"LineString","coordinates":[[114.12624,22.34404],[114.12605,22.34416]]}},{"type":"Feature","properties":{"boundary_score":0.0764,"activation_distance":0.08972},"geometry":{"type":"LineString","coordinates":[[114.12605,22.34416],[114.12624,22.34404]]}},{"type":"Feature","properties":{"boundary_score":0.1484,"activation_distance":0.12664},"geometry":{"type":"LineString","coordinates":[[114.12519,22.34494],[114.12504,22.34511]]}},{"type":"Feature","properties":{"boundary_score":0.1484,"activation_distance":0.12664},"geometry":{"type":"LineString","coordinates":[[114.12504,22.34511],[114.12519,22.34494]]}},{"type":"Feature","properties":{"boundary_score":0.0648,"activation_distance":0.08375},"geometry":{"type":"LineString","coordinates":[[114.13023,22.34224],[114.13038,22.34207]]}},{"type":"Feature","properties":{"boundary_score":0.0648,"activation_distance":0.08375},"geometry":{"type":"LineString","coordinates":[[114.13038,22.34207],[114.13023,22.34224]]}},{"type":"Feature","properties":{"boundary_score":0.0363,"activation_distance":0.06913},"geometry":{"type":"LineString","coordinates":[[113.96292,22.2371],[113.96277,22.23692]]}},{"type":"Feature","properties":{"boundary_score":0.0363,"activation_distance":0.06913},"geometry":{"type":"LineString","coordinates":[[113.96277,22.23692],[113.96292,22.2371]]}},{"type":"Feature","properties":{"boundary_score":0.4092,"activation_distance":0.26049},"geometry":{"type":"LineString","coordinates":[[113.93786,22.29538],[113.93775,22.29557]]}},{"type":"Feature","properties":{"boundary_score":0.4092,"activation_distance":0.26049},"geometry":{"type":"LineString","coordinates":[[113.93775,22.29557],[113.93786,22.29538]]}},{"type":"Feature","properties":{"boundary_score":0.0672,"activation_distance":0.08498},"geometry":{"type":"LineString","coordinates":[[113.93673,22.29587],[113.93684,22.29567]]}},{"type":"Feature","properties":{"boundary_score":0.0672,"activation_distance":0.08498},"geometry":{"type":"LineString","coordinates":[[113.93684,22.29567],[113.93673,22.29587]]}},{"type":"Feature","properties":{"boundary_score":0.0138,"activation_distance":0.05759},"geometry":{"type":"LineString","coordinates":[[113.93521,22.29934],[113.9352,22.29958]]}},{"type":"Feature","properties":{"boundary_score":0.0138,"activation_distance":0.05759},"geometry":{"type":"LineString","coordinates":[[113.9352,22.29958],[113.93521,22.29934]]}},{"type":"Feature","properties":{"boundary_score":0.0561,"activation_distance":0.07928},"geometry":{"type":"LineString","coordinates":[[113.93521,22.29934],[113.93513,22.29957]]}},{"type":"Feature","properties":{"boundary_score":0.0561,"activation_distance":0.07928},"geometry":{"type":"LineString","coordinates":[[113.93513,22.29957],[113.93521,22.29934]]}},{"type":"Feature","properties":{"boundary_score":0.0563,"activation_distance":0.07938},"geometry":{"type":"LineString","coordinates":[[113.93694,22.30587],[113.93702,22.30608]]}},{"type":"Feature","properties":{"boundary_score":0.0563,"activation_distance":0.07938},"geometry":{"type":"LineString","coordinates":[[113.93702,22.30608],[113.93694,22.30587]]}},{"type":"Feature","properties":{"boundary_score":0.0352,"activation_distance":0.06856},"geometry":{"type":"LineString","coordinates":[[114.14019,22.25228],[114.14002,22.2521]]}},{"type":"Feature","properties":{"boundary_score":0.0352,"activation_distance":0.06856},"geometry":{"type":"LineString","coordinates":[[114.14002,22.2521],[114.14019,22.25228]]}},{"type":"Feature","properties":{"boundary_score":0.066,"activation_distance":0.08435},"geometry":{"type":"LineString","coordinates":[[113.91994,22.22273],[113.91979,22.22255]]}},{"type":"Feature","properties":{"boundary_score":0.066,"activation_distance":0.08435},"geometry":{"type":"LineString","coordinates":[[113.91979,22.22255],[113.91994,22.22273]]}},{"type":"Feature","properties":{"boundary_score":0.0191,"activation_distance":0.06031},"geometry":{"type":"LineString","coordinates":[[113.95853,22.2343],[113.95862,22.23408]]}},{"type":"Feature","properties":{"boundary_score":0.0191,"activation_distance":0.06031},"geometry":{"type":"LineString","coordinates":[[113.95862,22.23408],[113.95853,22.2343]]}},{"type":"Feature","properties":{"boundary_score":0.0066,"activation_distance":0.05389},"geometry":{"type":"LineString","coordinates":[[114.0732,22.35095],[114.07341,22.35101]]}},{"type":"Feature","properties":{"boundary_score":0.0066,"activation_distance":0.05389},"geometry":{"type":"LineString","coordinates":[[114.07341,22.35101],[114.0732,22.35095]]}},{"type":"Feature","properties":{"boundary_score":0.1441,"activation_distance":0.12444},"geometry":{"type":"LineString","coordinates":[[113.93402,22.2697],[113.93425,22.26972]]}},{"type":"Feature","properties":{"boundary_score":0.1441,"activation_distance":0.12444},"geometry":{"type":"LineString","coordinates":[[113.93425,22.26972],[113.93402,22.2697]]}},{"type":"Feature","properties":{"boundary_score":0.1177,"activation_distance":0.11091},"geometry":{"type":"LineString","coordinates":[[114.1386,22.34069],[114.13846,22.34088]]}},{"type":"Feature","properties":{"boundary_score":0.1177,"activation_distance":0.11091},"geometry":{"type":"LineString","coordinates":[[114.13846,22.34088],[114.1386,22.34069]]}},{"type":"Feature","properties":{"boundary_score":0.07,"activation_distance":0.08644},"geometry":{"type":"LineString","coordinates":[[113.93354,22.27581],[113.93374,22.27563]]}},{"type":"Feature","properties":{"boundary_score":0.07,"activation_distance":0.08644},"geometry":{"type":"LineString","coordinates":[[113.93374,22.27563],[113.93354,22.27581]]}},{"type":"Feature","properties":{"boundary_score":0.1538,"activation_distance":0.12943},"geometry":{"type":"LineString","coordinates":[[114.16888,22.36618],[114.16909,22.36626]]}},{"type":"Feature","properties":{"boundary_score":0.1538,"activation_distance":0.12943},"geometry":{"type":"LineString","coordinates":[[114.16909,22.36626],[114.16888,22.36618]]}},{"type":"Feature","properties":{"boundary_score":0.1112,"activation_distance":0.10758},"geometry":{"type":"LineString","coordinates":[[114.04217,22.31922],[114.04238,22.31915]]}},{"type":"Feature","properties":{"boundary_score":0.1112,"activation_distance":0.10758},"geometry":{"type":"LineString","coordinates":[[114.04238,22.31915],[114.04217,22.31922]]}},{"type":"Feature","properties":{"boundary_score":0.1095,"activation_distance":0.10666},"geometry":{"type":"LineString","coordinates":[[114.13299,22.33701],[114.13313,22.33683]]}},{"type":"Feature","properties":{"boundary_score":0.1095,"activation_distance":0.10666},"geometry":{"type":"LineString","coordinates":[[114.13313,22.33683],[114.13299,22.33701]]}},{"type":"Feature","properties":{"boundary_score":0.1483,"activation_distance":0.12658},"geometry":{"type":"LineString","coordinates":[[114.13309,22.33719],[114.13324,22.33702]]}},{"type":"Feature","properties":{"boundary_score":0.1483,"activation_distance":0.12658},"geometry":{"type":"LineString","coordinates":[[114.13324,22.33702],[114.13309,22.33719]]}},{"type":"Feature","properties":{"boundary_score":0.0309,"activation_distance":0.06634},"geometry":{"type":"LineString","coordinates":[[113.99055,22.26643],[113.9905,22.26622]]}},{"type":"Feature","properties":{"boundary_score":0.0309,"activation_distance":0.06634},"geometry":{"type":"LineString","coordinates":[[113.9905,22.26622],[113.99055,22.26643]]}},{"type":"Feature","properties":{"boundary_score":0.0831,"activation_distance":0.09314},"geometry":{"type":"LineString","coordinates":[[114.09179,22.34456],[114.09158,22.34467]]}},{"type":"Feature","properties":{"boundary_score":0.0831,"activation_distance":0.09314},"geometry":{"type":"LineString","coordinates":[[114.09158,22.34467],[114.09179,22.34456]]}},{"type":"Feature","properties":{"boundary_score":0.0537,"activation_distance":0.07804},"geometry":{"type":"LineString","coordinates":[[113.96209,22.29751],[113.96231,22.29756]]}},{"type":"Feature","properties":{"boundary_score":0.0537,"activation_distance":0.07804},"geometry":{"type":"LineString","coordinates":[[113.96231,22.29756],[113.96209,22.29751]]}},{"type":"Feature","properties":{"boundary_score":0.0417,"activation_distance":0.07192},"geometry":{"type":"LineString","coordinates":[[113.99814,22.31765],[113.99827,22.31783]]}},{"type":"Feature","properties":{"boundary_score":0.0417,"activation_distance":0.07192},"geometry":{"type":"LineString","coordinates":[[113.99827,22.31783],[113.99814,22.31765]]}},{"type":"Feature","properties":{"boundary_score":0.0363,"activation_distance":0.06913},"geometry":{"type":"LineString","coordinates":[[113.96277,22.23692],[113.96292,22.2371]]}},{"type":"Feature","properties":{"boundary_score":0.0363,"activation_distance":0.06913},"geometry":{"type":"LineString","coordinates":[[113.96292,22.2371],[113.96277,22.23692]]}},{"type":"Feature","properties":{"boundary_score":0.0701,"activation_distance":0.08645},"geometry":{"type":"LineString","coordinates":[[114.13922,22.25785],[114.13936,22.25767]]}},{"type":"Feature","properties":{"boundary_score":0.0701,"activation_distance":0.08645},"geometry":{"type":"LineString","coordinates":[[114.13936,22.25767],[114.13922,22.25785]]}},{"type":"Feature","properties":{"boundary_score":0.1587,"activation_distance":0.13195},"geometry":{"type":"LineString","coordinates":[[114.15931,22.28609],[114.15911,22.28585]]}},{"type":"Feature","properties":{"boundary_score":0.1587,"activation_distance":0.13195},"geometry":{"type":"LineString","coordinates":[[114.15911,22.28585],[114.15931,22.28609]]}},{"type":"Feature","properties":{"boundary_score":0.0193,"activation_distance":0.0604},"geometry":{"type":"LineString","coordinates":[[113.96825,22.29909],[113.96844,22.2992]]}},{"type":"Feature","properties":{"boundary_score":0.0193,"activation_distance":0.0604},"geometry":{"type":"LineString","coordinates":[[113.96844,22.2992],[113.96825,22.29909]]}},{"type":"Feature","properties":{"boundary_score":0.0118,"activation_distance":0.05655},"geometry":{"type":"LineString","coordinates":[[113.96844,22.2992],[113.96863,22.29933]]}},{"type":"Feature","properties":{"boundary_score":0.0118,"activation_distance":0.05655},"geometry":{"type":"LineString","coordinates":[[113.96863,22.29933],[113.96844,22.2992]]}},{"type":"Feature","properties":{"boundary_score":0.1358,"activation_distance":0.12018},"geometry":{"type":"LineString","coordinates":[[113.96871,22.29898],[113.96893,22.29903]]}},{"type":"Feature","properties":{"boundary_score":0.1358,"activation_distance":0.12018},"geometry":{"type":"LineString","coordinates":[[113.96893,22.29903],[113.96871,22.29898]]}},{"type":"Feature","properties":{"boundary_score":0.1285,"activation_distance":0.11642},"geometry":{"type":"LineString","coordinates":[[113.94832,22.23446],[113.94813,22.23434]]}},{"type":"Feature","properties":{"boundary_score":0.1285,"activation_distance":0.11642},"geometry":{"type":"LineString","coordinates":[[113.94813,22.23434],[113.94832,22.23446]]}},{"type":"Feature","properties":{"boundary_score":0.0216,"activation_distance":0.06158},"geometry":{"type":"LineString","coordinates":[[113.95595,22.23603],[113.95603,22.23582]]}},{"type":"Feature","properties":{"boundary_score":0.0216,"activation_distance":0.06158},"geometry":{"type":"LineString","coordinates":[[113.95603,22.23582],[113.95595,22.23603]]}},{"type":"Feature","properties":{"boundary_score":0.019,"activation_distance":0.06025},"geometry":{"type":"LineString","coordinates":[[113.93255,22.22766],[113.93224,22.22765]]}},{"type":"Feature","properties":{"boundary_score":0.019,"activation_distance":0.06025},"geometry":{"type":"LineString","coordinates":[[113.93224,22.22765],[113.93255,22.22766]]}},{"type":"Feature","properties":{"boundary_score":0.1997,"activation_distance":0.15296},"geometry":{"type":"LineString","coordinates":[[113.93373,22.22819],[113.93395,22.22832]]}},{"type":"Feature","properties":{"boundary_score":0.1997,"activation_distance":0.15296},"geometry":{"type":"LineString","coordinates":[[113.93395,22.22832],[113.93373,22.22819]]}},{"type":"Feature","properties":{"boundary_score":0.019,"activation_distance":0.06025},"geometry":{"type":"LineString","coordinates":[[113.93224,22.22765],[113.93255,22.22766]]}},{"type":"Feature","properties":{"boundary_score":0.019,"activation_distance":0.06025},"geometry":{"type":"LineString","coordinates":[[113.93255,22.22766],[113.93224,22.22765]]}},{"type":"Feature","properties":{"boundary_score":0.1997,"activation_distance":0.15296},"geometry":{"type":"LineString","coordinates":[[113.93395,22.22832],[113.93373,22.22819]]}},{"type":"Feature","properties":{"boundary_score":0.1997,"activation_distance":0.15296},"geometry":{"type":"LineString","coordinates":[[113.93373,22.22819],[113.93395,22.22832]]}},{"type":"Feature","properties":{"boundary_score":0.1285,"activation_distance":0.11642},"geometry":{"type":"LineString","coordinates":[[113.94813,22.23434],[113.94832,22.23446]]}},{"type":"Feature","properties":{"boundary_score":0.1285,"activation_distance":0.11642},"geometry":{"type":"LineString","coordinates":[[113.94832,22.23446],[113.94813,22.23434]]}},{"type":"Feature","properties":{"boundary_score":0.066,"activation_distance":0.08435},"geometry":{"type":"LineString","coordinates":[[113.91979,22.22255],[113.91994,22.22273]]}},{"type":"Feature","properties":{"boundary_score":0.066,"activation_distance":0.08435},"geometry":{"type":"LineString","coordinates":[[113.91994,22.22273],[113.91979,22.22255]]}},{"type":"Feature","properties":{"boundary_score":0.0915,"activation_distance":0.09746},"geometry":{"type":"LineString","coordinates":[[113.88026,22.24098],[113.88006,22.2411]]}},{"type":"Feature","properties":{"boundary_score":0.0915,"activation_distance":0.09746},"geometry":{"type":"LineString","coordinates":[[113.88006,22.2411],[113.88026,22.24098]]}},{"type":"Feature","properties":{"boundary_score":0.0797,"activation_distance":0.09139},"geometry":{"type":"LineString","coordinates":[[113.87169,22.24849],[113.87154,22.24866]]}},{"type":"Feature","properties":{"boundary_score":0.0797,"activation_distance":0.09139},"geometry":{"type":"LineString","coordinates":[[113.87154,22.24866],[113.87169,22.24849]]}},{"type":"Feature","properties":{"boundary_score":0.0111,"activation_distance":0.0562},"geometry":{"type":"LineString","coordinates":[[114.13015,22.32036],[114.12994,22.32023]]}},{"type":"Feature","properties":{"boundary_score":0.0111,"activation_distance":0.0562},"geometry":{"type":"LineString","coordinates":[[114.12994,22.32023],[114.13015,22.32036]]}},{"type":"Feature","properties":{"boundary_score":0.1948,"activation_distance":0.15044},"geometry":{"type":"LineString","coordinates":[[114.12993,22.32031],[114.13013,22.32043]]}},{"type":"Feature","properties":{"boundary_score":0.1948,"activation_distance":0.15044},"geometry":{"type":"LineString","coordinates":[[114.13013,22.32043],[114.12993,22.32031]]}},{"type":"Feature","properties":{"boundary_score":0.2509,"activation_distance":0.17925},"geometry":{"type":"LineString","coordinates":[[114.15639,22.34215],[114.15616,22.34212]]}},{"type":"Feature","properties":{"boundary_score":0.2509,"activation_distance":0.17925},"geometry":{"type":"LineString","coordinates":[[114.15616,22.34212],[114.15639,22.34215]]}},{"type":"Feature","properties":{"boundary_score":0.0216,"activation_distance":0.06158},"geometry":{"type":"LineString","coordinates":[[113.95603,22.23582],[113.95595,22.23603]]}},{"type":"Feature","properties":{"boundary_score":0.0216,"activation_distance":0.06158},"geometry":{"type":"LineString","coordinates":[[113.95595,22.23603],[113.95603,22.23582]]}},{"type":"Feature","properties":{"boundary_score":0.0482,"activation_distance":0.07522},"geometry":{"type":"LineString","coordinates":[[113.98167,22.23692],[113.98174,22.23671]]}},{"type":"Feature","properties":{"boundary_score":0.0482,"activation_distance":0.07522},"geometry":{"type":"LineString","coordinates":[[113.98174,22.23671],[113.98167,22.23692]]}},{"type":"Feature","properties":{"boundary_score":0.0373,"activation_distance":0.06963},"geometry":{"type":"LineString","coordinates":[[113.98996,22.25713],[113.99016,22.25723]]}},{"type":"Feature","properties":{"boundary_score":0.0373,"activation_distance":0.06963},"geometry":{"type":"LineString","coordinates":[[113.99016,22.25723],[113.98996,22.25713]]}},{"type":"Feature","properties":{"boundary_score":0.0521,"activation_distance":0.07724},"geometry":{"type":"LineString","coordinates":[[113.99009,22.23903],[113.99032,22.23903]]}},{"type":"Feature","properties":{"boundary_score":0.0521,"activation_distance":0.07724},"geometry":{"type":"LineString","coordinates":[[113.99032,22.23903],[113.99009,22.23903]]}},{"type":"Feature","properties":{"boundary_score":0.0928,"activation_distance":0.09813},"geometry":{"type":"LineString","coordinates":[[113.96245,22.29738],[113.96222,22.29735]]}},{"type":"Feature","properties":{"boundary_score":0.0928,"activation_distance":0.09813},"geometry":{"type":"LineString","coordinates":[[113.96222,22.29735],[113.96245,22.29738]]}},{"type":"Feature","properties":{"boundary_score":0.0403,"activation_distance":0.07116},"geometry":{"type":"LineString","coordinates":[[114.15608,22.34279],[114.15632,22.3428]]}},{"type":"Feature","properties":{"boundary_score":0.0403,"activation_distance":0.07116},"geometry":{"type":"LineString","coordinates":[[114.15632,22.3428],[114.15608,22.34279]]}},{"type":"Feature","properties":{"boundary_score":0.0674,"activation_distance":0.08506},"geometry":{"type":"LineString","coordinates":[[114.15611,22.34287],[114.15636,22.34288]]}},{"type":"Feature","properties":{"boundary_score":0.0674,"activation_distance":0.08506},"geometry":{"type":"LineString","coordinates":[[114.15636,22.34288],[114.15611,22.34287]]}},{"type":"Feature","properties":{"boundary_score":0.0806,"activation_distance":0.09184},"geometry":{"type":"LineString","coordinates":[[114.15636,22.34263],[114.15611,22.34262]]}},{"type":"Feature","properties":{"boundary_score":0.0806,"activation_distance":0.09184},"geometry":{"type":"LineString","coordinates":[[114.15611,22.34262],[114.15636,22.34263]]}},{"type":"Feature","properties":{"boundary_score":0.0971,"activation_distance":0.10032},"geometry":{"type":"LineString","coordinates":[[113.93783,22.31026],[113.93788,22.31049]]}},{"type":"Feature","properties":{"boundary_score":0.0971,"activation_distance":0.10032},"geometry":{"type":"LineString","coordinates":[[113.93788,22.31049],[113.93783,22.31026]]}},{"type":"Feature","properties":{"boundary_score":0.0999,"activation_distance":0.10176},"geometry":{"type":"LineString","coordinates":[[113.94246,22.31359],[113.94227,22.31372]]}},{"type":"Feature","properties":{"boundary_score":0.0999,"activation_distance":0.10176},"geometry":{"type":"LineString","coordinates":[[113.94227,22.31372],[113.94246,22.31359]]}},{"type":"Feature","properties":{"boundary_score":0.239,"activation_distance":0.17314},"geometry":{"type":"LineString","coordinates":[[113.9602,22.31678],[113.96027,22.317]]}},{"type":"Feature","properties":{"boundary_score":0.239,"activation_distance":0.17314},"geometry":{"type":"LineString","coordinates":[[113.96027,22.317],[113.9602,22.31678]]}},{"type":"Feature","properties":{"boundary_score":0.0305,"activation_distance":0.06613},"geometry":{"type":"LineString","coordinates":[[113.95082,22.35973],[113.9507,22.35991]]}},{"type":"Feature","properties":{"boundary_score":0.0305,"activation_distance":0.06613},"geometry":{"type":"LineString","coordinates":[[113.9507,22.35991],[113.95082,22.35973]]}},{"type":"Feature","properties":{"boundary_score":0.0342,"activation_distance":0.06806},"geometry":{"type":"LineString","coordinates":[[113.94891,22.36252],[113.94878,22.3627]]}},{"type":"Feature","properties":{"boundary_score":0.0342,"activation_distance":0.06806},"geometry":{"type":"LineString","coordinates":[[113.94878,22.3627],[113.94891,22.36252]]}},{"type":"Feature","properties":{"boundary_score":0.4379,"activation_distance":0.27521},"geometry":{"type":"LineString","coordinates":[[113.94878,22.3627],[113.94866,22.36289]]}},{"type":"Feature","properties":{"boundary_score":0.4379,"activation_distance":0.27521},"geometry":{"type":"LineString","coordinates":[[113.94866,22.36289],[113.94878,22.3627]]}},{"type":"Feature","properties":{"boundary_score":0.0756,"activation_distance":0.08929},"geometry":{"type":"LineString","coordinates":[[114.1009,22.33156],[114.10069,22.33165]]}},{"type":"Feature","properties":{"boundary_score":0.0756,"activation_distance":0.08929},"geometry":{"type":"LineString","coordinates":[[114.10069,22.33165],[114.1009,22.33156]]}},{"type":"Feature","properties":{"boundary_score":0.086,"activation_distance":0.09465},"geometry":{"type":"LineString","coordinates":[[114.12981,22.28358],[114.12997,22.28341]]}},{"type":"Feature","properties":{"boundary_score":0.086,"activation_distance":0.09465},"geometry":{"type":"LineString","coordinates":[[114.12997,22.28341],[114.12981,22.28358]]}},{"type":"Feature","properties":{"boundary_score":0.0077,"activation_distance":0.05443},"geometry":{"type":"LineString","coordinates":[[114.12922,22.28432],[114.12944,22.28396]]}},{"type":"Feature","properties":{"boundary_score":0.0077,"activation_distance":0.05443},"geometry":{"type":"LineString","coordinates":[[114.12944,22.28396],[114.12922,22.28432]]}},{"type":"Feature","properties":{"boundary_score":0.0113,"activation_distance":0.05631},"geometry":{"type":"LineString","coordinates":[[114.14921,22.32921],[114.14942,22.32911]]}},{"type":"Feature","properties":{"boundary_score":0.0113,"activation_distance":0.05631},"geometry":{"type":"LineString","coordinates":[[114.14942,22.32911],[114.14921,22.32921]]}},{"type":"Feature","properties":{"boundary_score":0.0121,"activation_distance":0.05668},"geometry":{"type":"LineString","coordinates":[[114.14942,22.32911],[114.14963,22.32901]]}},{"type":"Feature","properties":{"boundary_score":0.0121,"activation_distance":0.05668},"geometry":{"type":"LineString","coordinates":[[114.14963,22.32901],[114.14942,22.32911]]}},{"type":"Feature","properties":{"boundary_score":0.0226,"activation_distance":0.06207},"geometry":{"type":"LineString","coordinates":[[113.94676,22.29513],[113.94674,22.29537]]}},{"type":"Feature","properties":{"boundary_score":0.0226,"activation_distance":0.06207},"geometry":{"type":"LineString","coordinates":[[113.94674,22.29537],[113.94676,22.29513]]}},{"type":"Feature","properties":{"boundary_score":0.0688,"activation_distance":0.08578},"geometry":{"type":"LineString","coordinates":[[114.10714,22.34238],[114.10704,22.34214]]}},{"type":"Feature","properties":{"boundary_score":0.0688,"activation_distance":0.08578},"geometry":{"type":"LineString","coordinates":[[114.10704,22.34214],[114.10714,22.34238]]}},{"type":"Feature","properties":{"boundary_score":0.0806,"activation_distance":0.09186},"geometry":{"type":"LineString","coordinates":[[113.9943,22.23933],[113.99405,22.23928]]}},{"type":"Feature","properties":{"boundary_score":0.0806,"activation_distance":0.09186},"geometry":{"type":"LineString","coordinates":[[113.99405,22.23928],[113.9943,22.23933]]}},{"type":"Feature","properties":{"boundary_score":0.0028,"activation_distance":0.05194},"geometry":{"type":"LineString","coordinates":[[113.88825,22.26207],[113.88829,22.26229]]}},{"type":"Feature","properties":{"boundary_score":0.0028,"activation_distance":0.05194},"geometry":{"type":"LineString","coordinates":[[113.88829,22.26229],[113.88825,22.26207]]}},{"type":"Feature","properties":{"boundary_score":0.0423,"activation_distance":0.07222},"geometry":{"type":"LineString","coordinates":[[114.15787,22.24344],[114.15815,22.2434]]}},{"type":"Feature","properties":{"boundary_score":0.0423,"activation_distance":0.07222},"geometry":{"type":"LineString","coordinates":[[114.15815,22.2434],[114.15787,22.24344]]}},{"type":"Feature","properties":{"boundary_score":0.1072,"activation_distance":0.1055},"geometry":{"type":"LineString","coordinates":[[114.12598,22.27313],[114.1262,22.27316]]}},{"type":"Feature","properties":{"boundary_score":0.1072,"activation_distance":0.1055},"geometry":{"type":"LineString","coordinates":[[114.1262,22.27316],[114.12598,22.27313]]}},{"type":"Feature","properties":{"boundary_score":0.0811,"activation_distance":0.09214},"geometry":{"type":"LineString","coordinates":[[113.96234,22.29727],[113.96256,22.29731]]}},{"type":"Feature","properties":{"boundary_score":0.0811,"activation_distance":0.09214},"geometry":{"type":"LineString","coordinates":[[113.96256,22.29731],[113.96234,22.29727]]}},{"type":"Feature","properties":{"boundary_score":0.0806,"activation_distance":0.09186},"geometry":{"type":"LineString","coordinates":[[113.99405,22.23928],[113.9943,22.23933]]}},{"type":"Feature","properties":{"boundary_score":0.0806,"activation_distance":0.09186},"geometry":{"type":"LineString","coordinates":[[113.9943,22.23933],[113.99405,22.23928]]}},{"type":"Feature","properties":{"boundary_score":0.0521,"activation_distance":0.07724},"geometry":{"type":"LineString","coordinates":[[113.99032,22.23903],[113.99009,22.23903]]}},{"type":"Feature","properties":{"boundary_score":0.0521,"activation_distance":0.07724},"geometry":{"type":"LineString","coordinates":[[113.99009,22.23903],[113.99032,22.23903]]}},{"type":"Feature","properties":{"boundary_score":0.1157,"activation_distance":0.10986},"geometry":{"type":"LineString","coordinates":[[113.93702,22.27887],[113.93728,22.2789]]}},{"type":"Feature","properties":{"boundary_score":0.1157,"activation_distance":0.10986},"geometry":{"type":"LineString","coordinates":[[113.93728,22.2789],[113.93702,22.27887]]}},{"type":"Feature","properties":{"boundary_score":0.1157,"activation_distance":0.10986},"geometry":{"type":"LineString","coordinates":[[113.93728,22.2789],[113.93702,22.27887]]}},{"type":"Feature","properties":{"boundary_score":0.1157,"activation_distance":0.10986},"geometry":{"type":"LineString","coordinates":[[113.93702,22.27887],[113.93728,22.2789]]}},{"type":"Feature","properties":{"boundary_score":0.0069,"activation_distance":0.05405},"geometry":{"type":"LineString","coordinates":[[113.94,22.27918],[113.94019,22.2793]]}},{"type":"Feature","properties":{"boundary_score":0.0069,"activation_distance":0.05405},"geometry":{"type":"LineString","coordinates":[[113.94019,22.2793],[113.94,22.27918]]}},{"type":"Feature","properties":{"boundary_score":0.0373,"activation_distance":0.06962},"geometry":{"type":"LineString","coordinates":[[114.13303,22.33669],[114.1329,22.33687]]}},{"type":"Feature","properties":{"boundary_score":0.0373,"activation_distance":0.06962},"geometry":{"type":"LineString","coordinates":[[114.1329,22.33687],[114.13303,22.33669]]}},{"type":"Feature","properties":{"boundary_score":0.2509,"activation_distance":0.17925},"geometry":{"type":"LineString","coordinates":[[114.15616,22.34212],[114.15639,22.34215]]}},{"type":"Feature","properties":{"boundary_score":0.2509,"activation_distance":0.17925},"geometry":{"type":"LineString","coordinates":[[114.15639,22.34215],[114.15616,22.34212]]}},{"type":"Feature","properties":{"boundary_score":0.0093,"activation_distance":0.05528},"geometry":{"type":"LineString","coordinates":[[113.86291,22.25202],[113.86301,22.25223]]}},{"type":"Feature","properties":{"boundary_score":0.0093,"activation_distance":0.05528},"geometry":{"type":"LineString","coordinates":[[113.86301,22.25223],[113.86291,22.25202]]}},{"type":"Feature","properties":{"boundary_score":0.0487,"activation_distance":0.07551},"geometry":{"type":"LineString","coordinates":[[113.86301,22.25223],[113.86306,22.25246]]}},{"type":"Feature","properties":{"boundary_score":0.0487,"activation_distance":0.07551},"geometry":{"type":"LineString","coordinates":[[113.86306,22.25246],[113.86301,22.25223]]}},{"type":"Feature","properties":{"boundary_score":0.0487,"activation_distance":0.07551},"geometry":{"type":"LineString","coordinates":[[113.86306,22.25246],[113.86301,22.25223]]}},{"type":"Feature","properties":{"boundary_score":0.0487,"activation_distance":0.07551},"geometry":{"type":"LineString","coordinates":[[113.86301,22.25223],[113.86306,22.25246]]}},{"type":"Feature","properties":{"boundary_score":0.0093,"activation_distance":0.05528},"geometry":{"type":"LineString","coordinates":[[113.86301,22.25223],[113.86291,22.25202]]}},{"type":"Feature","properties":{"boundary_score":0.0093,"activation_distance":0.05528},"geometry":{"type":"LineString","coordinates":[[113.86291,22.25202],[113.86301,22.25223]]}},{"type":"Feature","properties":{"boundary_score":0.0585,"activation_distance":0.08054},"geometry":{"type":"LineString","coordinates":[[114.0047,22.26098],[114.00452,22.26111]]}},{"type":"Feature","properties":{"boundary_score":0.0585,"activation_distance":0.08054},"geometry":{"type":"LineString","coordinates":[[114.00452,22.26111],[114.0047,22.26098]]}},{"type":"Feature","properties":{"boundary_score":0.0716,"activation_distance":0.08723},"geometry":{"type":"LineString","coordinates":[[113.93367,22.31811],[113.93359,22.31833]]}},{"type":"Feature","properties":{"boundary_score":0.0716,"activation_distance":0.08723},"geometry":{"type":"LineString","coordinates":[[113.93359,22.31833],[113.93367,22.31811]]}},{"type":"Feature","properties":{"boundary_score":0.1248,"activation_distance":0.11452},"geometry":{"type":"LineString","coordinates":[[113.89878,22.30406],[113.89857,22.30399]]}},{"type":"Feature","properties":{"boundary_score":0.1248,"activation_distance":0.11452},"geometry":{"type":"LineString","coordinates":[[113.89857,22.30399],[113.89878,22.30406]]}},{"type":"Feature","properties":{"boundary_score":0.3559,"activation_distance":0.23311},"geometry":{"type":"LineString","coordinates":[[114.13244,22.34023],[114.13252,22.34001]]}},{"type":"Feature","properties":{"boundary_score":0.3559,"activation_distance":0.23311},"geometry":{"type":"LineString","coordinates":[[114.13252,22.34001],[114.13244,22.34023]]}},{"type":"Feature","properties":{"boundary_score":0.0684,"activation_distance":0.0856},"geometry":{"type":"LineString","coordinates":[[114.14874,22.34041],[114.14853,22.34035]]}},{"type":"Feature","properties":{"boundary_score":0.0684,"activation_distance":0.0856},"geometry":{"type":"LineString","coordinates":[[114.14853,22.34035],[114.14874,22.34041]]}},{"type":"Feature","properties":{"boundary_score":0.0265,"activation_distance":0.0641},"geometry":{"type":"LineString","coordinates":[[114.14853,22.34035],[114.14831,22.34029]]}},{"type":"Feature","properties":{"boundary_score":0.0265,"activation_distance":0.0641},"geometry":{"type":"LineString","coordinates":[[114.14831,22.34029],[114.14853,22.34035]]}},{"type":"Feature","properties":{"boundary_score":0.2385,"activation_distance":0.17288},"geometry":{"type":"LineString","coordinates":[[114.14851,22.34049],[114.14873,22.34056]]}},{"type":"Feature","properties":{"boundary_score":0.2385,"activation_distance":0.17288},"geometry":{"type":"LineString","coordinates":[[114.14873,22.34056],[114.14851,22.34049]]}},{"type":"Feature","properties":{"boundary_score":0.0015,"activation_distance":0.05125},"geometry":{"type":"LineString","coordinates":[[114.13978,22.34061],[114.13997,22.34048]]}},{"type":"Feature","properties":{"boundary_score":0.0015,"activation_distance":0.05125},"geometry":{"type":"LineString","coordinates":[[114.13997,22.34048],[114.13978,22.34061]]}},{"type":"Feature","properties":{"boundary_score":0.0713,"activation_distance":0.08711},"geometry":{"type":"LineString","coordinates":[[114.13992,22.34035],[114.14011,22.34023]]}},{"type":"Feature","properties":{"boundary_score":0.0713,"activation_distance":0.08711},"geometry":{"type":"LineString","coordinates":[[114.14011,22.34023],[114.13992,22.34035]]}},{"type":"Feature","properties":{"boundary_score":0.0722,"activation_distance":0.08752},"geometry":{"type":"LineString","coordinates":[[114.13997,22.34021],[114.13978,22.34034]]}},{"type":"Feature","properties":{"boundary_score":0.0722,"activation_distance":0.08752},"geometry":{"type":"LineString","coordinates":[[114.13978,22.34034],[114.13997,22.34021]]}},{"type":"Feature","properties":{"boundary_score":0.1177,"activation_distance":0.11091},"geometry":{"type":"LineString","coordinates":[[114.13899,22.34087],[114.13879,22.34098]]}},{"type":"Feature","properties":{"boundary_score":0.1177,"activation_distance":0.11091},"geometry":{"type":"LineString","coordinates":[[114.13879,22.34098],[114.13899,22.34087]]}},{"type":"Feature","properties":{"boundary_score":0.0226,"activation_distance":0.06207},"geometry":{"type":"LineString","coordinates":[[113.94674,22.29537],[113.94676,22.29513]]}},{"type":"Feature","properties":{"boundary_score":0.0226,"activation_distance":0.06207},"geometry":{"type":"LineString","coordinates":[[113.94676,22.29513],[113.94674,22.29537]]}},{"type":"Feature","properties":{"boundary_score":0.1433,"activation_distance":0.12405},"geometry":{"type":"LineString","coordinates":[[114.12998,22.27439],[114.12995,22.2747]]}},{"type":"Feature","properties":{"boundary_score":0.1433,"activation_distance":0.12405},"geometry":{"type":"LineString","coordinates":[[114.12995,22.2747],[114.12998,22.27439]]}},{"type":"Feature","properties":{"boundary_score":0.1433,"activation_distance":0.12405},"geometry":{"type":"LineString","coordinates":[[114.12995,22.2747],[114.12998,22.27439]]}},{"type":"Feature","properties":{"boundary_score":0.1433,"activation_distance":0.12405},"geometry":{"type":"LineString","coordinates":[[114.12998,22.27439],[114.12995,22.2747]]}},{"type":"Feature","properties":{"boundary_score":0.0006,"activation_distance":0.05079},"geometry":{"type":"LineString","coordinates":[[114.114,22.32872],[114.11382,22.32887]]}},{"type":"Feature","properties":{"boundary_score":0.0006,"activation_distance":0.05079},"geometry":{"type":"LineString","coordinates":[[114.11382,22.32887],[114.114,22.32872]]}},{"type":"Feature","properties":{"boundary_score":0.2513,"activation_distance":0.17944},"geometry":{"type":"LineString","coordinates":[[114.11363,22.32903],[114.11344,22.32918]]}},{"type":"Feature","properties":{"boundary_score":0.2513,"activation_distance":0.17944},"geometry":{"type":"LineString","coordinates":[[114.11344,22.32918],[114.11363,22.32903]]}},{"type":"Feature","properties":{"boundary_score":0.0482,"activation_distance":0.07522},"geometry":{"type":"LineString","coordinates":[[113.98174,22.23671],[113.98167,22.23692]]}},{"type":"Feature","properties":{"boundary_score":0.0482,"activation_distance":0.07522},"geometry":{"type":"LineString","coordinates":[[113.98167,22.23692],[113.98174,22.23671]]}},{"type":"Feature","properties":{"boundary_score":0.0585,"activation_distance":0.08054},"geometry":{"type":"LineString","coordinates":[[114.00452,22.26111],[114.0047,22.26098]]}},{"type":"Feature","properties":{"boundary_score":0.0585,"activation_distance":0.08054},"geometry":{"type":"LineString","coordinates":[[114.0047,22.26098],[114.00452,22.26111]]}},{"type":"Feature","properties":{"boundary_score":0.1395,"activation_distance":0.12208},"geometry":{"type":"LineString","coordinates":[[114.14812,22.26311],[114.14793,22.26299]]}},{"type":"Feature","properties":{"boundary_score":0.1395,"activation_distance":0.12208},"geometry":{"type":"LineString","coordinates":[[114.14793,22.26299],[114.14812,22.26311]]}},{"type":"Feature","properties":{"boundary_score":0.1441,"activation_distance":0.12444},"geometry":{"type":"LineString","coordinates":[[113.93425,22.26972],[113.93402,22.2697]]}},{"type":"Feature","properties":{"boundary_score":0.1441,"activation_distance":0.12444},"geometry":{"type":"LineString","coordinates":[[113.93402,22.2697],[113.93425,22.26972]]}},{"type":"Feature","properties":{"boundary_score":0.1892,"activation_distance":0.14757},"geometry":{"type":"LineString","coordinates":[[113.94038,22.25483],[113.94026,22.25464]]}},{"type":"Feature","properties":{"boundary_score":0.1892,"activation_distance":0.14757},"geometry":{"type":"LineString","coordinates":[[113.94026,22.25464],[113.94038,22.25483]]}},{"type":"Feature","properties":{"boundary_score":0.0812,"activation_distance":0.09218},"geometry":{"type":"LineString","coordinates":[[113.94105,22.25187],[113.94093,22.25168]]}},{"type":"Feature","properties":{"boundary_score":0.0812,"activation_distance":0.09218},"geometry":{"type":"LineString","coordinates":[[113.94093,22.25168],[113.94105,22.25187]]}},{"type":"Feature","properties":{"boundary_score":0.1762,"activation_distance":0.1409},"geometry":{"type":"LineString","coordinates":[[113.93442,22.26996],[113.93437,22.27018]]}},{"type":"Feature","properties":{"boundary_score":0.1762,"activation_distance":0.1409},"geometry":{"type":"LineString","coordinates":[[113.93437,22.27018],[113.93442,22.26996]]}},{"type":"Feature","properties":{"boundary_score":0.0206,"activation_distance":0.06109},"geometry":{"type":"LineString","coordinates":[[113.93439,22.27413],[113.9344,22.27436]]}},{"type":"Feature","properties":{"boundary_score":0.0206,"activation_distance":0.06109},"geometry":{"type":"LineString","coordinates":[[113.9344,22.27436],[113.93439,22.27413]]}},{"type":"Feature","properties":{"boundary_score":0.0191,"activation_distance":0.06031},"geometry":{"type":"LineString","coordinates":[[113.95862,22.23408],[113.95853,22.2343]]}},{"type":"Feature","properties":{"boundary_score":0.0191,"activation_distance":0.06031},"geometry":{"type":"LineString","coordinates":[[113.95853,22.2343],[113.95862,22.23408]]}},{"type":"Feature","properties":{"boundary_score":0.1736,"activation_distance":0.13958},"geometry":{"type":"LineString","coordinates":[[114.12567,22.34522],[114.12581,22.34503]]}},{"type":"Feature","properties":{"boundary_score":0.1736,"activation_distance":0.13958},"geometry":{"type":"LineString","coordinates":[[114.12581,22.34503],[114.12567,22.34522]]}},{"type":"Feature","properties":{"boundary_score":0.0701,"activation_distance":0.08645},"geometry":{"type":"LineString","coordinates":[[114.13936,22.25767],[114.13922,22.25785]]}},{"type":"Feature","properties":{"boundary_score":0.0701,"activation_distance":0.08645},"geometry":{"type":"LineString","coordinates":[[114.13922,22.25785],[114.13936,22.25767]]}},{"type":"Feature","properties":{"boundary_score":0.2201,"activation_distance":0.16343},"geometry":{"type":"LineString","coordinates":[[114.09469,22.33804],[114.09452,22.33784]]}},{"type":"Feature","properties":{"boundary_score":0.2201,"activation_distance":0.16343},"geometry":{"type":"LineString","coordinates":[[114.09452,22.33784],[114.09469,22.33804]]}},{"type":"Feature","properties":{"boundary_score":0.0201,"activation_distance":0.06079},"geometry":{"type":"LineString","coordinates":[[114.13985,22.33973],[114.14006,22.33962]]}},{"type":"Feature","properties":{"boundary_score":0.0201,"activation_distance":0.06079},"geometry":{"type":"LineString","coordinates":[[114.14006,22.33962],[114.13985,22.33973]]}},{"type":"Feature","properties":{"boundary_score":0.0079,"activation_distance":0.05454},"geometry":{"type":"LineString","coordinates":[[113.93423,22.29671],[113.93445,22.2968]]}},{"type":"Feature","properties":{"boundary_score":0.0079,"activation_distance":0.05454},"geometry":{"type":"LineString","coordinates":[[113.93445,22.2968],[113.93423,22.29671]]}},{"type":"Feature","properties":{"boundary_score":0.0173,"activation_distance":0.05937},"geometry":{"type":"LineString","coordinates":[[114.15922,22.24323],[114.15915,22.24297]]}},{"type":"Feature","properties":{"boundary_score":0.0173,"activation_distance":0.05937},"geometry":{"type":"LineString","coordinates":[[114.15915,22.24297],[114.15922,22.24323]]}},{"type":"Feature","properties":{"boundary_score":0.0701,"activation_distance":0.08649},"geometry":{"type":"LineString","coordinates":[[113.88781,22.26991],[113.88774,22.26969]]}},{"type":"Feature","properties":{"boundary_score":0.0701,"activation_distance":0.08649},"geometry":{"type":"LineString","coordinates":[[113.88774,22.26969],[113.88781,22.26991]]}},{"type":"Feature","properties":{"boundary_score":0.0028,"activation_distance":0.05194},"geometry":{"type":"LineString","coordinates":[[113.88829,22.26229],[113.88825,22.26207]]}},{"type":"Feature","properties":{"boundary_score":0.0028,"activation_distance":0.05194},"geometry":{"type":"LineString","coordinates":[[113.88825,22.26207],[113.88829,22.26229]]}},{"type":"Feature","properties":{"boundary_score":0.0701,"activation_distance":0.08649},"geometry":{"type":"LineString","coordinates":[[113.88774,22.26969],[113.88781,22.26991]]}},{"type":"Feature","properties":{"boundary_score":0.0701,"activation_distance":0.08649},"geometry":{"type":"LineString","coordinates":[[113.88781,22.26991],[113.88774,22.26969]]}},{"type":"Feature","properties":{"boundary_score":0.1153,"activation_distance":0.10968},"geometry":{"type":"LineString","coordinates":[[114.11369,22.32935],[114.11352,22.32949]]}},{"type":"Feature","properties":{"boundary_score":0.1153,"activation_distance":0.10968},"geometry":{"type":"LineString","coordinates":[[114.11352,22.32949],[114.11369,22.32935]]}},{"type":"Feature","properties":{"boundary_score":0.068,"activation_distance":0.08538},"geometry":{"type":"LineString","coordinates":[[114.11352,22.32949],[114.11334,22.32963]]}},{"type":"Feature","properties":{"boundary_score":0.068,"activation_distance":0.08538},"geometry":{"type":"LineString","coordinates":[[114.11334,22.32963],[114.11352,22.32949]]}},{"type":"Feature","properties":{"boundary_score":0.0302,"activation_distance":0.06597},"geometry":{"type":"LineString","coordinates":[[113.93501,22.29952],[113.93522,22.29941]]}},{"type":"Feature","properties":{"boundary_score":0.0302,"activation_distance":0.06597},"geometry":{"type":"LineString","coordinates":[[113.93522,22.29941],[113.93501,22.29952]]}},{"type":"Feature","properties":{"boundary_score":0.0688,"activation_distance":0.08578},"geometry":{"type":"LineString","coordinates":[[114.10704,22.34214],[114.10714,22.34238]]}},{"type":"Feature","properties":{"boundary_score":0.0688,"activation_distance":0.08578},"geometry":{"type":"LineString","coordinates":[[114.10714,22.34238],[114.10704,22.34214]]}},{"type":"Feature","properties":{"boundary_score":0.0052,"activation_distance":0.05318},"geometry":{"type":"LineString","coordinates":[[114.15078,22.34517],[114.15092,22.34536]]}},{"type":"Feature","properties":{"boundary_score":0.0052,"activation_distance":0.05318},"geometry":{"type":"LineString","coordinates":[[114.15092,22.34536],[114.15078,22.34517]]}},{"type":"Feature","properties":{"boundary_score":0.9961,"activation_distance":0.56169},"geometry":{"type":"LineString","coordinates":[[114.15113,22.34692],[114.15121,22.34714]]}},{"type":"Feature","properties":{"boundary_score":0.9961,"activation_distance":0.56169},"geometry":{"type":"LineString","coordinates":[[114.15121,22.34714],[114.15113,22.34692]]}},{"type":"Feature","properties":{"boundary_score":0.1582,"activation_distance":0.1317},"geometry":{"type":"LineString","coordinates":[[114.15373,22.34939],[114.15387,22.34956]]}},{"type":"Feature","properties":{"boundary_score":0.1582,"activation_distance":0.1317},"geometry":{"type":"LineString","coordinates":[[114.15387,22.34956],[114.15373,22.34939]]}},{"type":"Feature","properties":{"boundary_score":0.051,"activation_distance":0.07668},"geometry":{"type":"LineString","coordinates":[[114.15102,22.34538],[114.15089,22.34519]]}},{"type":"Feature","properties":{"boundary_score":0.051,"activation_distance":0.07668},"geometry":{"type":"LineString","coordinates":[[114.15089,22.34519],[114.15102,22.34538]]}},{"type":"Feature","properties":{"boundary_score":0.4947,"activation_distance":0.30438},"geometry":{"type":"LineString","coordinates":[[113.97638,22.39566],[113.97636,22.39591]]}},{"type":"Feature","properties":{"boundary_score":0.4947,"activation_distance":0.30438},"geometry":{"type":"LineString","coordinates":[[113.97636,22.39591],[113.97638,22.39566]]}},{"type":"Feature","properties":{"boundary_score":0.2439,"activation_distance":0.17564},"geometry":{"type":"LineString","coordinates":[[113.98236,22.41432],[113.98239,22.41456]]}},{"type":"Feature","properties":{"boundary_score":0.2439,"activation_distance":0.17564},"geometry":{"type":"LineString","coordinates":[[113.98239,22.41456],[113.98236,22.41432]]}},{"type":"Feature","properties":{"boundary_score":0.1361,"activation_distance":0.12033},"geometry":{"type":"LineString","coordinates":[[114.0084,22.46299],[114.00836,22.46321]]}},{"type":"Feature","properties":{"boundary_score":0.1361,"activation_distance":0.12033},"geometry":{"type":"LineString","coordinates":[[114.00836,22.46321],[114.0084,22.46299]]}},{"type":"Feature","properties":{"boundary_score":0.025,"activation_distance":0.06334},"geometry":{"type":"LineString","coordinates":[[113.99729,22.47077],[113.99718,22.47057]]}},{"type":"Feature","properties":{"boundary_score":0.025,"activation_distance":0.06334},"geometry":{"type":"LineString","coordinates":[[113.99718,22.47057],[113.99729,22.47077]]}},{"type":"Feature","properties":{"boundary_score":0.3948,"activation_distance":0.2531},"geometry":{"type":"LineString","coordinates":[[114.03371,22.43483],[114.03391,22.43493]]}},{"type":"Feature","properties":{"boundary_score":0.3948,"activation_distance":0.2531},"geometry":{"type":"LineString","coordinates":[[114.03391,22.43493],[114.03371,22.43483]]}},{"type":"Feature","properties":{"boundary_score":0.0655,"activation_distance":0.08409},"geometry":{"type":"LineString","coordinates":[[114.12072,22.37476],[114.12031,22.37474]]}},{"type":"Feature","properties":{"boundary_score":0.0655,"activation_distance":0.08409},"geometry":{"type":"LineString","coordinates":[[114.12031,22.37474],[114.12072,22.37476]]}},{"type":"Feature","properties":{"boundary_score":0.1175,"activation_distance":0.11077},"geometry":{"type":"LineString","coordinates":[[114.11209,22.38194],[114.11201,22.38215]]}},{"type":"Feature","properties":{"boundary_score":0.1175,"activation_distance":0.11077},"geometry":{"type":"LineString","coordinates":[[114.11201,22.38215],[114.11209,22.38194]]}},{"type":"Feature","properties":{"boundary_score":0.0202,"activation_distance":0.06088},"geometry":{"type":"LineString","coordinates":[[114.10428,22.39215],[114.10419,22.39236]]}},{"type":"Feature","properties":{"boundary_score":0.0202,"activation_distance":0.06088},"geometry":{"type":"LineString","coordinates":[[114.10419,22.39236],[114.10428,22.39215]]}},{"type":"Feature","properties":{"boundary_score":0.0241,"activation_distance":0.06285},"geometry":{"type":"LineString","coordinates":[[114.10319,22.39245],[114.10302,22.39231]]}},{"type":"Feature","properties":{"boundary_score":0.0241,"activation_distance":0.06285},"geometry":{"type":"LineString","coordinates":[[114.10302,22.39231],[114.10319,22.39245]]}},{"type":"Feature","properties":{"boundary_score":0.1293,"activation_distance":0.11685},"geometry":{"type":"LineString","coordinates":[[114.10632,22.3593],[114.1061,22.35926]]}},{"type":"Feature","properties":{"boundary_score":0.1293,"activation_distance":0.11685},"geometry":{"type":"LineString","coordinates":[[114.1061,22.35926],[114.10632,22.3593]]}},{"type":"Feature","properties":{"boundary_score":0.1261,"activation_distance":0.11523},"geometry":{"type":"LineString","coordinates":[[114.10609,22.3594],[114.10633,22.35942]]}},{"type":"Feature","properties":{"boundary_score":0.1261,"activation_distance":0.11523},"geometry":{"type":"LineString","coordinates":[[114.10633,22.35942],[114.10609,22.3594]]}},{"type":"Feature","properties":{"boundary_score":0.1909,"activation_distance":0.14848},"geometry":{"type":"LineString","coordinates":[[113.97317,22.40852],[113.9734,22.40845]]}},{"type":"Feature","properties":{"boundary_score":0.1909,"activation_distance":0.14848},"geometry":{"type":"LineString","coordinates":[[113.9734,22.40845],[113.97317,22.40852]]}},{"type":"Feature","properties":{"boundary_score":0.0144,"activation_distance":0.05787},"geometry":{"type":"LineString","coordinates":[[113.97276,22.3986],[113.97295,22.39844]]}},{"type":"Feature","properties":{"boundary_score":0.0144,"activation_distance":0.05787},"geometry":{"type":"LineString","coordinates":[[113.97295,22.39844],[113.97276,22.3986]]}},{"type":"Feature","properties":{"boundary_score":0.0125,"activation_distance":0.05692},"geometry":{"type":"LineString","coordinates":[[114.1324,22.51696],[114.13263,22.51698]]}},{"type":"Feature","properties":{"boundary_score":0.0125,"activation_distance":0.05692},"geometry":{"type":"LineString","coordinates":[[114.13263,22.51698],[114.1324,22.51696]]}},{"type":"Feature","properties":{"boundary_score":0.0875,"activation_distance":0.09542},"geometry":{"type":"LineString","coordinates":[[114.02842,22.35568],[114.02865,22.3557]]}},{"type":"Feature","properties":{"boundary_score":0.0875,"activation_distance":0.09542},"geometry":{"type":"LineString","coordinates":[[114.02865,22.3557],[114.02842,22.35568]]}},{"type":"Feature","properties":{"boundary_score":0.0108,"activation_distance":0.05606},"geometry":{"type":"LineString","coordinates":[[114.03001,22.35584],[114.03023,22.35587]]}},{"type":"Feature","properties":{"boundary_score":0.0108,"activation_distance":0.05606},"geometry":{"type":"LineString","coordinates":[[114.03023,22.35587],[114.03001,22.35584]]}},{"type":"Feature","properties":{"boundary_score":0.1178,"activation_distance":0.11094},"geometry":{"type":"LineString","coordinates":[[113.98427,22.4237],[113.98416,22.42389]]}},{"type":"Feature","properties":{"boundary_score":0.1178,"activation_distance":0.11094},"geometry":{"type":"LineString","coordinates":[[113.98416,22.42389],[113.98427,22.4237]]}},{"type":"Feature","properties":{"boundary_score":0.0274,"activation_distance":0.06458},"geometry":{"type":"LineString","coordinates":[[113.98291,22.42629],[113.98283,22.4265]]}},{"type":"Feature","properties":{"boundary_score":0.0274,"activation_distance":0.06458},"geometry":{"type":"LineString","coordinates":[[113.98283,22.4265],[113.98291,22.42629]]}},{"type":"Feature","properties":{"boundary_score":0.021,"activation_distance":0.06126},"geometry":{"type":"LineString","coordinates":[[113.9824,22.42938],[113.98241,22.42961]]}},{"type":"Feature","properties":{"boundary_score":0.021,"activation_distance":0.06126},"geometry":{"type":"LineString","coordinates":[[113.98241,22.42961],[113.9824,22.42938]]}},{"type":"Feature","properties":{"boundary_score":0.2372,"activation_distance":0.17221},"geometry":{"type":"LineString","coordinates":[[114.09793,22.36051],[114.09817,22.36056]]}},{"type":"Feature","properties":{"boundary_score":0.2372,"activation_distance":0.17221},"geometry":{"type":"LineString","coordinates":[[114.09817,22.36056],[114.09793,22.36051]]}},{"type":"Feature","properties":{"boundary_score":0.216,"activation_distance":0.16133},"geometry":{"type":"LineString","coordinates":[[114.12308,22.3559],[114.12325,22.35574]]}},{"type":"Feature","properties":{"boundary_score":0.216,"activation_distance":0.16133},"geometry":{"type":"LineString","coordinates":[[114.12325,22.35574],[114.12308,22.3559]]}},{"type":"Feature","properties":{"boundary_score":0.3104,"activation_distance":0.20981},"geometry":{"type":"LineString","coordinates":[[114.02573,22.44784],[114.02595,22.44784]]}},{"type":"Feature","properties":{"boundary_score":0.3104,"activation_distance":0.20981},"geometry":{"type":"LineString","coordinates":[[114.02595,22.44784],[114.02573,22.44784]]}},{"type":"Feature","properties":{"boundary_score":0.131,"activation_distance":0.11774},"geometry":{"type":"LineString","coordinates":[[113.9914,22.42865],[113.99124,22.42847]]}},{"type":"Feature","properties":{"boundary_score":0.131,"activation_distance":0.11774},"geometry":{"type":"LineString","coordinates":[[113.99124,22.42847],[113.9914,22.42865]]}},{"type":"Feature","properties":{"boundary_score":0.3244,"activation_distance":0.21697},"geometry":{"type":"LineString","coordinates":[[114.02748,22.43743],[114.02724,22.4374]]}},{"type":"Feature","properties":{"boundary_score":0.3244,"activation_distance":0.21697},"geometry":{"type":"LineString","coordinates":[[114.02724,22.4374],[114.02748,22.43743]]}},{"type":"Feature","properties":{"boundary_score":0.0139,"activation_distance":0.05762},"geometry":{"type":"LineString","coordinates":[[114.02584,22.43731],[114.02561,22.43732]]}},{"type":"Feature","properties":{"boundary_score":0.0139,"activation_distance":0.05762},"geometry":{"type":"LineString","coordinates":[[114.02561,22.43732],[114.02584,22.43731]]}},{"type":"Feature","properties":{"boundary_score":0.0289,"activation_distance":0.06535},"geometry":{"type":"LineString","coordinates":[[114.09775,22.37175],[114.09763,22.37156]]}},{"type":"Feature","properties":{"boundary_score":0.0289,"activation_distance":0.06535},"geometry":{"type":"LineString","coordinates":[[114.09763,22.37156],[114.09775,22.37175]]}},{"type":"Feature","properties":{"boundary_score":0.3389,"activation_distance":0.22442},"geometry":{"type":"LineString","coordinates":[[114.15284,22.48353],[114.15293,22.48332]]}},{"type":"Feature","properties":{"boundary_score":0.3389,"activation_distance":0.22442},"geometry":{"type":"LineString","coordinates":[[114.15293,22.48332],[114.15284,22.48353]]}},{"type":"Feature","properties":{"boundary_score":0.4085,"activation_distance":0.26014},"geometry":{"type":"LineString","coordinates":[[114.11882,22.35126],[114.11863,22.3514]]}},{"type":"Feature","properties":{"boundary_score":0.4085,"activation_distance":0.26014},"geometry":{"type":"LineString","coordinates":[[114.11863,22.3514],[114.11882,22.35126]]}},{"type":"Feature","properties":{"boundary_score":0.0091,"activation_distance":0.05518},"geometry":{"type":"LineString","coordinates":[[114.00351,22.37211],[114.00356,22.37189]]}},{"type":"Feature","properties":{"boundary_score":0.0091,"activation_distance":0.05518},"geometry":{"type":"LineString","coordinates":[[114.00356,22.37189],[114.00351,22.37211]]}},{"type":"Feature","properties":{"boundary_score":0.1649,"activation_distance":0.1351},"geometry":{"type":"LineString","coordinates":[[114.0034,22.36485],[114.0035,22.36463]]}},{"type":"Feature","properties":{"boundary_score":0.1649,"activation_distance":0.1351},"geometry":{"type":"LineString","coordinates":[[114.0035,22.36463],[114.0034,22.36485]]}},{"type":"Feature","properties":{"boundary_score":0.5097,"activation_distance":0.31207},"geometry":{"type":"LineString","coordinates":[[114.01069,22.36633],[114.01093,22.3663]]}},{"type":"Feature","properties":{"boundary_score":0.5097,"activation_distance":0.31207},"geometry":{"type":"LineString","coordinates":[[114.01093,22.3663],[114.01069,22.36633]]}},{"type":"Feature","properties":{"boundary_score":0.0148,"activation_distance":0.05807},"geometry":{"type":"LineString","coordinates":[[114.06907,22.37408],[114.06887,22.37419]]}},{"type":"Feature","properties":{"boundary_score":0.0148,"activation_distance":0.05807},"geometry":{"type":"LineString","coordinates":[[114.06887,22.37419],[114.06907,22.37408]]}},{"type":"Feature","properties":{"boundary_score":0.377,"activation_distance":0.24397},"geometry":{"type":"LineString","coordinates":[[114.06321,22.41596],[114.06324,22.41619]]}},{"type":"Feature","properties":{"boundary_score":0.377,"activation_distance":0.24397},"geometry":{"type":"LineString","coordinates":[[114.06324,22.41619],[114.06321,22.41596]]}},{"type":"Feature","properties":{"boundary_score":0.073,"activation_distance":0.08793},"geometry":{"type":"LineString","coordinates":[[114.01504,22.36294],[114.01486,22.36312]]}},{"type":"Feature","properties":{"boundary_score":0.073,"activation_distance":0.08793},"geometry":{"type":"LineString","coordinates":[[114.01486,22.36312],[114.01504,22.36294]]}},{"type":"Feature","properties":{"boundary_score":0.0417,"activation_distance":0.0719},"geometry":{"type":"LineString","coordinates":[[114.01509,22.36297],[114.01495,22.36316]]}},{"type":"Feature","properties":{"boundary_score":0.0417,"activation_distance":0.0719},"geometry":{"type":"LineString","coordinates":[[114.01495,22.36316],[114.01509,22.36297]]}},{"type":"Feature","properties":{"boundary_score":0.0105,"activation_distance":0.05589},"geometry":{"type":"LineString","coordinates":[[114.10753,22.37138],[114.10736,22.37155]]}},{"type":"Feature","properties":{"boundary_score":0.0105,"activation_distance":0.05589},"geometry":{"type":"LineString","coordinates":[[114.10736,22.37155],[114.10753,22.37138]]}},{"type":"Feature","properties":{"boundary_score":0.0372,"activation_distance":0.06956},"geometry":{"type":"LineString","coordinates":[[113.98247,22.41456],[113.98246,22.4144]]}},{"type":"Feature","properties":{"boundary_score":0.0372,"activation_distance":0.06956},"geometry":{"type":"LineString","coordinates":[[113.98246,22.4144],[113.98247,22.41456]]}},{"type":"Feature","properties":{"boundary_score":0.1359,"activation_distance":0.12026},"geometry":{"type":"LineString","coordinates":[[113.98281,22.4119],[113.98304,22.4119]]}},{"type":"Feature","properties":{"boundary_score":0.1359,"activation_distance":0.12026},"geometry":{"type":"LineString","coordinates":[[113.98304,22.4119],[113.98281,22.4119]]}},{"type":"Feature","properties":{"boundary_score":0.0075,"activation_distance":0.05434},"geometry":{"type":"LineString","coordinates":[[113.98339,22.41269],[113.98316,22.4127]]}},{"type":"Feature","properties":{"boundary_score":0.0075,"activation_distance":0.05434},"geometry":{"type":"LineString","coordinates":[[113.98316,22.4127],[113.98339,22.41269]]}},{"type":"Feature","properties":{"boundary_score":0.0261,"activation_distance":0.0639},"geometry":{"type":"LineString","coordinates":[[113.97874,22.4055],[113.97886,22.4053]]}},{"type":"Feature","properties":{"boundary_score":0.0261,"activation_distance":0.0639},"geometry":{"type":"LineString","coordinates":[[113.97886,22.4053],[113.97874,22.4055]]}},{"type":"Feature","properties":{"boundary_score":0.0503,"activation_distance":0.07632},"geometry":{"type":"LineString","coordinates":[[113.98246,22.4144],[113.98244,22.41418]]}},{"type":"Feature","properties":{"boundary_score":0.0503,"activation_distance":0.07632},"geometry":{"type":"LineString","coordinates":[[113.98244,22.41418],[113.98246,22.4144]]}},{"type":"Feature","properties":{"boundary_score":0.282,"activation_distance":0.19523},"geometry":{"type":"LineString","coordinates":[[114.08313,22.50252],[114.08332,22.50264]]}},{"type":"Feature","properties":{"boundary_score":0.282,"activation_distance":0.19523},"geometry":{"type":"LineString","coordinates":[[114.08332,22.50264],[114.08313,22.50252]]}},{"type":"Feature","properties":{"boundary_score":0.0839,"activation_distance":0.09356},"geometry":{"type":"LineString","coordinates":[[114.09059,22.50426],[114.09082,22.50425]]}},{"type":"Feature","properties":{"boundary_score":0.0839,"activation_distance":0.09356},"geometry":{"type":"LineString","coordinates":[[114.09082,22.50425],[114.09059,22.50426]]}},{"type":"Feature","properties":{"boundary_score":0.0133,"activation_distance":0.05732},"geometry":{"type":"LineString","coordinates":[[114.08408,22.50264],[114.08389,22.5025]]}},{"type":"Feature","properties":{"boundary_score":0.0133,"activation_distance":0.05732},"geometry":{"type":"LineString","coordinates":[[114.08389,22.5025],[114.08408,22.50264]]}},{"type":"Feature","properties":{"boundary_score":0.022,"activation_distance":0.06176},"geometry":{"type":"LineString","coordinates":[[114.08389,22.5025],[114.0837,22.50236]]}},{"type":"Feature","properties":{"boundary_score":0.022,"activation_distance":0.06176},"geometry":{"type":"LineString","coordinates":[[114.0837,22.50236],[114.08389,22.5025]]}},{"type":"Feature","properties":{"boundary_score":0.033,"activation_distance":0.06743},"geometry":{"type":"LineString","coordinates":[[114.08364,22.50268],[114.08344,22.50256]]}},{"type":"Feature","properties":{"boundary_score":0.033,"activation_distance":0.06743},"geometry":{"type":"LineString","coordinates":[[114.08344,22.50256],[114.08364,22.50268]]}},{"type":"Feature","properties":{"boundary_score":0.1145,"activation_distance":0.10926},"geometry":{"type":"LineString","coordinates":[[114.08344,22.50256],[114.08325,22.50245]]}},{"type":"Feature","properties":{"boundary_score":0.1145,"activation_distance":0.10926},"geometry":{"type":"LineString","coordinates":[[114.08325,22.50245],[114.08344,22.50256]]}},{"type":"Feature","properties":{"boundary_score":0.2332,"activation_distance":0.17015},"geometry":{"type":"LineString","coordinates":[[114.07899,22.49808],[114.07886,22.49789]]}},{"type":"Feature","properties":{"boundary_score":0.2332,"activation_distance":0.17015},"geometry":{"type":"LineString","coordinates":[[114.07886,22.49789],[114.07899,22.49808]]}},{"type":"Feature","properties":{"boundary_score":0.0066,"activation_distance":0.0539},"geometry":{"type":"LineString","coordinates":[[114.13496,22.3759],[114.13479,22.37572]]}},{"type":"Feature","properties":{"boundary_score":0.0066,"activation_distance":0.0539},"geometry":{"type":"LineString","coordinates":[[114.13479,22.37572],[114.13496,22.3759]]}},{"type":"Feature","properties":{"boundary_score":0.0194,"activation_distance":0.06047},"geometry":{"type":"LineString","coordinates":[[114.11024,22.42502],[114.11006,22.42514]]}},{"type":"Feature","properties":{"boundary_score":0.0194,"activation_distance":0.06047},"geometry":{"type":"LineString","coordinates":[[114.11006,22.42514],[114.11024,22.42502]]}},{"type":"Feature","properties":{"boundary_score":0.0303,"activation_distance":0.06604},"geometry":{"type":"LineString","coordinates":[[113.96554,22.39383],[113.9655,22.39405]]}},{"type":"Feature","properties":{"boundary_score":0.0303,"activation_distance":0.06604},"geometry":{"type":"LineString","coordinates":[[113.9655,22.39405],[113.96554,22.39383]]}},{"type":"Feature","properties":{"boundary_score":0.409,"activation_distance":0.2604},"geometry":{"type":"LineString","coordinates":[[114.09564,22.36035],[114.09587,22.36035]]}},{"type":"Feature","properties":{"boundary_score":0.409,"activation_distance":0.2604},"geometry":{"type":"LineString","coordinates":[[114.09587,22.36035],[114.09564,22.36035]]}},{"type":"Feature","properties":{"boundary_score":0.0124,"activation_distance":0.05686},"geometry":{"type":"LineString","coordinates":[[113.97022,22.38064],[113.9705,22.38063]]}},{"type":"Feature","properties":{"boundary_score":0.0124,"activation_distance":0.05686},"geometry":{"type":"LineString","coordinates":[[113.9705,22.38063],[113.97022,22.38064]]}},{"type":"Feature","properties":{"boundary_score":0.193,"activation_distance":0.14953},"geometry":{"type":"LineString","coordinates":[[113.97709,22.38321],[113.97731,22.3833]]}},{"type":"Feature","properties":{"boundary_score":0.193,"activation_distance":0.14953},"geometry":{"type":"LineString","coordinates":[[113.97731,22.3833],[113.97709,22.38321]]}},{"type":"Feature","properties":{"boundary_score":0.193,"activation_distance":0.14953},"geometry":{"type":"LineString","coordinates":[[113.97736,22.38321],[113.97715,22.38312]]}},{"type":"Feature","properties":{"boundary_score":0.193,"activation_distance":0.14953},"geometry":{"type":"LineString","coordinates":[[113.97715,22.38312],[113.97736,22.38321]]}},{"type":"Feature","properties":{"boundary_score":0.0342,"activation_distance":0.06805},"geometry":{"type":"LineString","coordinates":[[114.0804,22.49177],[114.08048,22.49156]]}},{"type":"Feature","properties":{"boundary_score":0.0342,"activation_distance":0.06805},"geometry":{"type":"LineString","coordinates":[[114.08048,22.49156],[114.0804,22.49177]]}},{"type":"Feature","properties":{"boundary_score":0.1339,"activation_distance":0.11923},"geometry":{"type":"LineString","coordinates":[[114.08179,22.49833],[114.08193,22.49815]]}},{"type":"Feature","properties":{"boundary_score":0.1339,"activation_distance":0.11923},"geometry":{"type":"LineString","coordinates":[[114.08193,22.49815],[114.08179,22.49833]]}},{"type":"Feature","properties":{"boundary_score":0.2739,"activation_distance":0.19105},"geometry":{"type":"LineString","coordinates":[[114.10399,22.50172],[114.10422,22.5017]]}},{"type":"Feature","properties":{"boundary_score":0.2739,"activation_distance":0.19105},"geometry":{"type":"LineString","coordinates":[[114.10422,22.5017],[114.10399,22.50172]]}},{"type":"Feature","properties":{"boundary_score":0.2582,"activation_distance":0.18302},"geometry":{"type":"LineString","coordinates":[[114.10542,22.50224],[114.10526,22.50207]]}},{"type":"Feature","properties":{"boundary_score":0.2582,"activation_distance":0.18302},"geometry":{"type":"LineString","coordinates":[[114.10526,22.50207],[114.10542,22.50224]]}},{"type":"Feature","properties":{"boundary_score":0.1339,"activation_distance":0.11919},"geometry":{"type":"LineString","coordinates":[[114.1237,22.49983],[114.12346,22.49966]]}},{"type":"Feature","properties":{"boundary_score":0.1339,"activation_distance":0.11919},"geometry":{"type":"LineString","coordinates":[[114.12346,22.49966],[114.1237,22.49983]]}},{"type":"Feature","properties":{"boundary_score":0.2332,"activation_distance":0.17015},"geometry":{"type":"LineString","coordinates":[[114.07871,22.49798],[114.07885,22.49816]]}},{"type":"Feature","properties":{"boundary_score":0.2332,"activation_distance":0.17015},"geometry":{"type":"LineString","coordinates":[[114.07885,22.49816],[114.07871,22.49798]]}},{"type":"Feature","properties":{"boundary_score":0.5042,"activation_distance":0.30925},"geometry":{"type":"LineString","coordinates":[[114.06852,22.49265],[114.06829,22.49256]]}},{"type":"Feature","properties":{"boundary_score":0.5042,"activation_distance":0.30925},"geometry":{"type":"LineString","coordinates":[[114.06829,22.49256],[114.06852,22.49265]]}},{"type":"Feature","properties":{"boundary_score":0.4042,"activation_distance":0.2579},"geometry":{"type":"LineString","coordinates":[[114.06773,22.49303],[114.0675,22.49298]]}},{"type":"Feature","properties":{"boundary_score":0.4042,"activation_distance":0.2579},"geometry":{"type":"LineString","coordinates":[[114.0675,22.49298],[114.06773,22.49303]]}},{"type":"Feature","properties":{"boundary_score":0.309,"activation_distance":0.20908},"geometry":{"type":"LineString","coordinates":[[114.06078,22.49082],[114.06056,22.49093]]}},{"type":"Feature","properties":{"boundary_score":0.309,"activation_distance":0.20908},"geometry":{"type":"LineString","coordinates":[[114.06056,22.49093],[114.06078,22.49082]]}},{"type":"Feature","properties":{"boundary_score":0.3116,"activation_distance":0.21039},"geometry":{"type":"LineString","coordinates":[[114.06146,22.49408],[114.06145,22.49386]]}},{"type":"Feature","properties":{"boundary_score":0.3116,"activation_distance":0.21039},"geometry":{"type":"LineString","coordinates":[[114.06145,22.49386],[114.06146,22.49408]]}},{"type":"Feature","properties":{"boundary_score":0.4454,"activation_distance":0.27906},"geometry":{"type":"LineString","coordinates":[[114.13326,22.49615],[114.13305,22.49625]]}},{"type":"Feature","properties":{"boundary_score":0.4454,"activation_distance":0.27906},"geometry":{"type":"LineString","coordinates":[[114.13305,22.49625],[114.13326,22.49615]]}},{"type":"Feature","properties":{"boundary_score":0.4454,"activation_distance":0.27906},"geometry":{"type":"LineString","coordinates":[[114.13326,22.49615],[114.13307,22.49628]]}},{"type":"Feature","properties":{"boundary_score":0.4454,"activation_distance":0.27906},"geometry":{"type":"LineString","coordinates":[[114.13307,22.49628],[114.13326,22.49615]]}},{"type":"Feature","properties":{"boundary_score":0.1466,"activation_distance":0.1257},"geometry":{"type":"LineString","coordinates":[[114.13315,22.49644],[114.13333,22.4963]]}},{"type":"Feature","properties":{"boundary_score":0.1466,"activation_distance":0.1257},"geometry":{"type":"LineString","coordinates":[[114.13333,22.4963],[114.13315,22.49644]]}},{"type":"Feature","properties":{"boundary_score":0.0524,"activation_distance":0.07738},"geometry":{"type":"LineString","coordinates":[[114.13387,22.49589],[114.13405,22.49575]]}},{"type":"Feature","properties":{"boundary_score":0.0524,"activation_distance":0.07738},"geometry":{"type":"LineString","coordinates":[[114.13405,22.49575],[114.13387,22.49589]]}},{"type":"Feature","properties":{"boundary_score":0.0112,"activation_distance":0.05626},"geometry":{"type":"LineString","coordinates":[[114.13405,22.49575],[114.13423,22.4956]]}},{"type":"Feature","properties":{"boundary_score":0.0112,"activation_distance":0.05626},"geometry":{"type":"LineString","coordinates":[[114.13423,22.4956],[114.13405,22.49575]]}},{"type":"Feature","properties":{"boundary_score":0.1888,"activation_distance":0.1474},"geometry":{"type":"LineString","coordinates":[[114.13313,22.49642],[114.13333,22.4963]]}},{"type":"Feature","properties":{"boundary_score":0.1888,"activation_distance":0.1474},"geometry":{"type":"LineString","coordinates":[[114.13333,22.4963],[114.13313,22.49642]]}},{"type":"Feature","properties":{"boundary_score":0.0535,"activation_distance":0.07795},"geometry":{"type":"LineString","coordinates":[[114.05504,22.46995],[114.05509,22.47017]]}},{"type":"Feature","properties":{"boundary_score":0.0535,"activation_distance":0.07795},"geometry":{"type":"LineString","coordinates":[[114.05509,22.47017],[114.05504,22.46995]]}},{"type":"Feature","properties":{"boundary_score":0.0535,"activation_distance":0.07795},"geometry":{"type":"LineString","coordinates":[[114.05528,22.46987],[114.05523,22.46964]]}},{"type":"Feature","properties":{"boundary_score":0.0535,"activation_distance":0.07795},"geometry":{"type":"LineString","coordinates":[[114.05523,22.46964],[114.05528,22.46987]]}},{"type":"Feature","properties":{"boundary_score":0.1355,"activation_distance":0.12001},"geometry":{"type":"LineString","coordinates":[[114.05439,22.46674],[114.05433,22.46653]]}},{"type":"Feature","properties":{"boundary_score":0.1355,"activation_distance":0.12001},"geometry":{"type":"LineString","coordinates":[[114.05433,22.46653],[114.05439,22.46674]]}},{"type":"Feature","properties":{"boundary_score":0.0747,"activation_distance":0.08885},"geometry":{"type":"LineString","coordinates":[[114.05261,22.4595],[114.05256,22.45928]]}},{"type":"Feature","properties":{"boundary_score":0.0747,"activation_distance":0.08885},"geometry":{"type":"LineString","coordinates":[[114.05256,22.45928],[114.05261,22.4595]]}},{"type":"Feature","properties":{"boundary_score":0.0233,"activation_distance":0.06247},"geometry":{"type":"LineString","coordinates":[[114.05256,22.45928],[114.0525,22.45907]]}},{"type":"Feature","properties":{"boundary_score":0.0233,"activation_distance":0.06247},"geometry":{"type":"LineString","coordinates":[[114.0525,22.45907],[114.05256,22.45928]]}},{"type":"Feature","properties":{"boundary_score":0.0111,"activation_distance":0.05621},"geometry":{"type":"LineString","coordinates":[[114.05516,22.46884],[114.05524,22.46908]]}},{"type":"Feature","properties":{"boundary_score":0.0111,"activation_distance":0.05621},"geometry":{"type":"LineString","coordinates":[[114.05524,22.46908],[114.05516,22.46884]]}},{"type":"Feature","properties":{"boundary_score":0.1338,"activation_distance":0.11916},"geometry":{"type":"LineString","coordinates":[[114.05452,22.46663],[114.05446,22.46641]]}},{"type":"Feature","properties":{"boundary_score":0.1338,"activation_distance":0.11916},"geometry":{"type":"LineString","coordinates":[[114.05446,22.46641],[114.05452,22.46663]]}},{"type":"Feature","properties":{"boundary_score":0.0111,"activation_distance":0.05621},"geometry":{"type":"LineString","coordinates":[[114.05524,22.46908],[114.05516,22.46884]]}},{"type":"Feature","properties":{"boundary_score":0.0111,"activation_distance":0.05621},"geometry":{"type":"LineString","coordinates":[[114.05516,22.46884],[114.05524,22.46908]]}},{"type":"Feature","properties":{"boundary_score":0.001,"activation_distance":0.05101},"geometry":{"type":"LineString","coordinates":[[114.05494,22.46897],[114.05488,22.46874]]}},{"type":"Feature","properties":{"boundary_score":0.001,"activation_distance":0.05101},"geometry":{"type":"LineString","coordinates":[[114.05488,22.46874],[114.05494,22.46897]]}},{"type":"Feature","properties":{"boundary_score":0.0657,"activation_distance":0.08421},"geometry":{"type":"LineString","coordinates":[[114.05113,22.4558],[114.05125,22.45598]]}},{"type":"Feature","properties":{"boundary_score":0.0657,"activation_distance":0.08421},"geometry":{"type":"LineString","coordinates":[[114.05125,22.45598],[114.05113,22.4558]]}},{"type":"Feature","properties":{"boundary_score":0.0586,"activation_distance":0.08055},"geometry":{"type":"LineString","coordinates":[[114.05238,22.45917],[114.05243,22.45939]]}},{"type":"Feature","properties":{"boundary_score":0.0586,"activation_distance":0.08055},"geometry":{"type":"LineString","coordinates":[[114.05243,22.45939],[114.05238,22.45917]]}},{"type":"Feature","properties":{"boundary_score":0.039,"activation_distance":0.07053},"geometry":{"type":"LineString","coordinates":[[114.05243,22.45939],[114.05248,22.45961]]}},{"type":"Feature","properties":{"boundary_score":0.039,"activation_distance":0.07053},"geometry":{"type":"LineString","coordinates":[[114.05248,22.45961],[114.05243,22.45939]]}},{"type":"Feature","properties":{"boundary_score":0.0942,"activation_distance":0.09882},"geometry":{"type":"LineString","coordinates":[[114.05411,22.46643],[114.05416,22.46665]]}},{"type":"Feature","properties":{"boundary_score":0.0942,"activation_distance":0.09882},"geometry":{"type":"LineString","coordinates":[[114.05416,22.46665],[114.05411,22.46643]]}},{"type":"Feature","properties":{"boundary_score":0.4285,"activation_distance":0.27038},"geometry":{"type":"LineString","coordinates":[[114.05114,22.44279],[114.05135,22.44269]]}},{"type":"Feature","properties":{"boundary_score":0.4285,"activation_distance":0.27038},"geometry":{"type":"LineString","coordinates":[[114.05135,22.44269],[114.05114,22.44279]]}},{"type":"Feature","properties":{"boundary_score":0.4847,"activation_distance":0.29922},"geometry":{"type":"LineString","coordinates":[[114.04408,22.44426],[114.0443,22.44422]]}},{"type":"Feature","properties":{"boundary_score":0.4847,"activation_distance":0.29922},"geometry":{"type":"LineString","coordinates":[[114.0443,22.44422],[114.04408,22.44426]]}},{"type":"Feature","properties":{"boundary_score":0.0535,"activation_distance":0.07795},"geometry":{"type":"LineString","coordinates":[[114.04498,22.4441],[114.0452,22.44408]]}},{"type":"Feature","properties":{"boundary_score":0.0535,"activation_distance":0.07795},"geometry":{"type":"LineString","coordinates":[[114.0452,22.44408],[114.04498,22.4441]]}},{"type":"Feature","properties":{"boundary_score":0.0079,"activation_distance":0.05456},"geometry":{"type":"LineString","coordinates":[[114.0452,22.44408],[114.04543,22.44407]]}},{"type":"Feature","properties":{"boundary_score":0.0079,"activation_distance":0.05456},"geometry":{"type":"LineString","coordinates":[[114.04543,22.44407],[114.0452,22.44408]]}},{"type":"Feature","properties":{"boundary_score":0.4847,"activation_distance":0.29922},"geometry":{"type":"LineString","coordinates":[[114.04424,22.44411],[114.04399,22.44416]]}},{"type":"Feature","properties":{"boundary_score":0.4847,"activation_distance":0.29922},"geometry":{"type":"LineString","coordinates":[[114.04399,22.44416],[114.04424,22.44411]]}},{"type":"Feature","properties":{"boundary_score":0.2052,"activation_distance":0.15578},"geometry":{"type":"LineString","coordinates":[[114.15198,22.46759],[114.15209,22.46779]]}},{"type":"Feature","properties":{"boundary_score":0.2052,"activation_distance":0.15578},"geometry":{"type":"LineString","coordinates":[[114.15209,22.46779],[114.15198,22.46759]]}},{"type":"Feature","properties":{"boundary_score":0.0665,"activation_distance":0.08463},"geometry":{"type":"LineString","coordinates":[[114.1538,22.48004],[114.15388,22.48026]]}},{"type":"Feature","properties":{"boundary_score":0.0665,"activation_distance":0.08463},"geometry":{"type":"LineString","coordinates":[[114.15388,22.48026],[114.1538,22.48004]]}},{"type":"Feature","properties":{"boundary_score":0.2349,"activation_distance":0.17106},"geometry":{"type":"LineString","coordinates":[[114.1468,22.4874],[114.14659,22.48747]]}},{"type":"Feature","properties":{"boundary_score":0.2349,"activation_distance":0.17106},"geometry":{"type":"LineString","coordinates":[[114.14659,22.48747],[114.1468,22.4874]]}},{"type":"Feature","properties":{"boundary_score":0.4012,"activation_distance":0.25639},"geometry":{"type":"LineString","coordinates":[[114.13399,22.4956],[114.13381,22.49574]]}},{"type":"Feature","properties":{"boundary_score":0.4012,"activation_distance":0.25639},"geometry":{"type":"LineString","coordinates":[[114.13381,22.49574],[114.13399,22.4956]]}},{"type":"Feature","properties":{"boundary_score":0.2929,"activation_distance":0.20082},"geometry":{"type":"LineString","coordinates":[[114.14615,22.48667],[114.14618,22.48693]]}},{"type":"Feature","properties":{"boundary_score":0.2929,"activation_distance":0.20082},"geometry":{"type":"LineString","coordinates":[[114.14618,22.48693],[114.14615,22.48667]]}},{"type":"Feature","properties":{"boundary_score":0.3627,"activation_distance":0.23662},"geometry":{"type":"LineString","coordinates":[[114.14909,22.46362],[114.149,22.4634]]}},{"type":"Feature","properties":{"boundary_score":0.3627,"activation_distance":0.23662},"geometry":{"type":"LineString","coordinates":[[114.149,22.4634],[114.14909,22.46362]]}},{"type":"Feature","properties":{"boundary_score":0.2095,"activation_distance":0.15801},"geometry":{"type":"LineString","coordinates":[[114.10331,22.43182],[114.10353,22.43169]]}},{"type":"Feature","properties":{"boundary_score":0.2095,"activation_distance":0.15801},"geometry":{"type":"LineString","coordinates":[[114.10353,22.43169],[114.10331,22.43182]]}},{"type":"Feature","properties":{"boundary_score":0.1156,"activation_distance":0.10981},"geometry":{"type":"LineString","coordinates":[[114.13175,22.44522],[114.13194,22.4454]]}},{"type":"Feature","properties":{"boundary_score":0.1156,"activation_distance":0.10981},"geometry":{"type":"LineString","coordinates":[[114.13194,22.4454],[114.13175,22.44522]]}},{"type":"Feature","properties":{"boundary_score":0.0215,"activation_distance":0.06153},"geometry":{"type":"LineString","coordinates":[[114.12936,22.44357],[114.12916,22.44343]]}},{"type":"Feature","properties":{"boundary_score":0.0215,"activation_distance":0.06153},"geometry":{"type":"LineString","coordinates":[[114.12916,22.44343],[114.12936,22.44357]]}},{"type":"Feature","properties":{"boundary_score":0.0492,"activation_distance":0.07573},"geometry":{"type":"LineString","coordinates":[[114.08565,22.44153],[114.08542,22.44142]]}},{"type":"Feature","properties":{"boundary_score":0.0492,"activation_distance":0.07573},"geometry":{"type":"LineString","coordinates":[[114.08542,22.44142],[114.08565,22.44153]]}},{"type":"Feature","properties":{"boundary_score":0.0463,"activation_distance":0.07424},"geometry":{"type":"LineString","coordinates":[[114.07763,22.42542],[114.07748,22.42523]]}},{"type":"Feature","properties":{"boundary_score":0.0463,"activation_distance":0.07424},"geometry":{"type":"LineString","coordinates":[[114.07748,22.42523],[114.07763,22.42542]]}},{"type":"Feature","properties":{"boundary_score":0.1786,"activation_distance":0.14214},"geometry":{"type":"LineString","coordinates":[[114.09351,22.44447],[114.09329,22.44452]]}},{"type":"Feature","properties":{"boundary_score":0.1786,"activation_distance":0.14214},"geometry":{"type":"LineString","coordinates":[[114.09329,22.44452],[114.09351,22.44447]]}},{"type":"Feature","properties":{"boundary_score":0.0216,"activation_distance":0.06159},"geometry":{"type":"LineString","coordinates":[[114.06372,22.4296],[114.06378,22.42938]]}},{"type":"Feature","properties":{"boundary_score":0.0216,"activation_distance":0.06159},"geometry":{"type":"LineString","coordinates":[[114.06378,22.42938],[114.06372,22.4296]]}},{"type":"Feature","properties":{"boundary_score":0.066,"activation_distance":0.08436},"geometry":{"type":"LineString","coordinates":[[114.06425,22.42129],[114.06422,22.42107]]}},{"type":"Feature","properties":{"boundary_score":0.066,"activation_distance":0.08436},"geometry":{"type":"LineString","coordinates":[[114.06422,22.42107],[114.06425,22.42129]]}},{"type":"Feature","properties":{"boundary_score":0.3432,"activation_distance":0.22661},"geometry":{"type":"LineString","coordinates":[[114.03938,22.44567],[114.03947,22.4459]]}},{"type":"Feature","properties":{"boundary_score":0.3432,"activation_distance":0.22661},"geometry":{"type":"LineString","coordinates":[[114.03947,22.4459],[114.03938,22.44567]]}},{"type":"Feature","properties":{"boundary_score":0.3492,"activation_distance":0.2297},"geometry":{"type":"LineString","coordinates":[[114.03897,22.4391],[114.03886,22.43889]]}},{"type":"Feature","properties":{"boundary_score":0.3492,"activation_distance":0.2297},"geometry":{"type":"LineString","coordinates":[[114.03886,22.43889],[114.03897,22.4391]]}},{"type":"Feature","properties":{"boundary_score":0.2809,"activation_distance":0.19462},"geometry":{"type":"LineString","coordinates":[[114.0395,22.44403],[114.03949,22.4438]]}},{"type":"Feature","properties":{"boundary_score":0.2809,"activation_distance":0.19462},"geometry":{"type":"LineString","coordinates":[[114.03949,22.4438],[114.0395,22.44403]]}},{"type":"Feature","properties":{"boundary_score":0.0538,"activation_distance":0.07811},"geometry":{"type":"LineString","coordinates":[[114.12706,22.50667],[114.12704,22.50644]]}},{"type":"Feature","properties":{"boundary_score":0.0538,"activation_distance":0.07811},"geometry":{"type":"LineString","coordinates":[[114.12704,22.50644],[114.12706,22.50667]]}},{"type":"Feature","properties":{"boundary_score":0.0538,"activation_distance":0.07811},"geometry":{"type":"LineString","coordinates":[[114.12704,22.50644],[114.12706,22.50667]]}},{"type":"Feature","properties":{"boundary_score":0.0538,"activation_distance":0.07811},"geometry":{"type":"LineString","coordinates":[[114.12706,22.50667],[114.12704,22.50644]]}},{"type":"Feature","properties":{"boundary_score":0.342,"activation_distance":0.22599},"geometry":{"type":"LineString","coordinates":[[114.13017,22.50384],[114.12996,22.50403]]}},{"type":"Feature","properties":{"boundary_score":0.342,"activation_distance":0.22599},"geometry":{"type":"LineString","coordinates":[[114.12996,22.50403],[114.13017,22.50384]]}},{"type":"Feature","properties":{"boundary_score":0.1186,"activation_distance":0.11137},"geometry":{"type":"LineString","coordinates":[[114.12682,22.50745],[114.12668,22.50726]]}},{"type":"Feature","properties":{"boundary_score":0.1186,"activation_distance":0.11137},"geometry":{"type":"LineString","coordinates":[[114.12668,22.50726],[114.12682,22.50745]]}},{"type":"Feature","properties":{"boundary_score":0.0637,"activation_distance":0.08318},"geometry":{"type":"LineString","coordinates":[[114.1173,22.4906],[114.11744,22.49078]]}},{"type":"Feature","properties":{"boundary_score":0.0637,"activation_distance":0.08318},"geometry":{"type":"LineString","coordinates":[[114.11744,22.49078],[114.1173,22.4906]]}},{"type":"Feature","properties":{"boundary_score":0.0637,"activation_distance":0.08318},"geometry":{"type":"LineString","coordinates":[[114.11744,22.49078],[114.1173,22.4906]]}},{"type":"Feature","properties":{"boundary_score":0.0637,"activation_distance":0.08318},"geometry":{"type":"LineString","coordinates":[[114.1173,22.4906],[114.11744,22.49078]]}},{"type":"Feature","properties":{"boundary_score":0.1961,"activation_distance":0.15111},"geometry":{"type":"LineString","coordinates":[[114.13454,22.49604],[114.13472,22.49589]]}},{"type":"Feature","properties":{"boundary_score":0.1961,"activation_distance":0.15111},"geometry":{"type":"LineString","coordinates":[[114.13472,22.49589],[114.13454,22.49604]]}},{"type":"Feature","properties":{"boundary_score":0.342,"activation_distance":0.22599},"geometry":{"type":"LineString","coordinates":[[114.12998,22.50367],[114.13017,22.50384]]}},{"type":"Feature","properties":{"boundary_score":0.342,"activation_distance":0.22599},"geometry":{"type":"LineString","coordinates":[[114.13017,22.50384],[114.12998,22.50367]]}},{"type":"Feature","properties":{"boundary_score":0.0375,"activation_distance":0.06973},"geometry":{"type":"LineString","coordinates":[[114.01842,22.35928],[114.01857,22.3591]]}},{"type":"Feature","properties":{"boundary_score":0.0375,"activation_distance":0.06973},"geometry":{"type":"LineString","coordinates":[[114.01857,22.3591],[114.01842,22.35928]]}},{"type":"Feature","properties":{"boundary_score":0.1719,"activation_distance":0.13873},"geometry":{"type":"LineString","coordinates":[[114.01857,22.3591],[114.01871,22.35893]]}},{"type":"Feature","properties":{"boundary_score":0.1719,"activation_distance":0.13873},"geometry":{"type":"LineString","coordinates":[[114.01871,22.35893],[114.01857,22.3591]]}},{"type":"Feature","properties":{"boundary_score":0.1281,"activation_distance":0.11624},"geometry":{"type":"LineString","coordinates":[[114.02853,22.35616],[114.02875,22.35619]]}},{"type":"Feature","properties":{"boundary_score":0.1281,"activation_distance":0.11624},"geometry":{"type":"LineString","coordinates":[[114.02875,22.35619],[114.02853,22.35616]]}},{"type":"Feature","properties":{"boundary_score":0.0204,"activation_distance":0.06095},"geometry":{"type":"LineString","coordinates":[[114.04796,22.36579],[114.04818,22.36577]]}},{"type":"Feature","properties":{"boundary_score":0.0204,"activation_distance":0.06095},"geometry":{"type":"LineString","coordinates":[[114.04818,22.36577],[114.04796,22.36579]]}},{"type":"Feature","properties":{"boundary_score":0.0702,"activation_distance":0.08652},"geometry":{"type":"LineString","coordinates":[[113.92145,22.39153],[113.92126,22.39173]]}},{"type":"Feature","properties":{"boundary_score":0.0702,"activation_distance":0.08652},"geometry":{"type":"LineString","coordinates":[[113.92126,22.39173],[113.92145,22.39153]]}},{"type":"Feature","properties":{"boundary_score":0.1168,"activation_distance":0.11042},"geometry":{"type":"LineString","coordinates":[[114.1023,22.35371],[114.10228,22.35397]]}},{"type":"Feature","properties":{"boundary_score":0.1168,"activation_distance":0.11042},"geometry":{"type":"LineString","coordinates":[[114.10228,22.35397],[114.1023,22.35371]]}},{"type":"Feature","properties":{"boundary_score":0.0194,"activation_distance":0.06043},"geometry":{"type":"LineString","coordinates":[[114.00303,22.44944],[114.00291,22.44965]]}},{"type":"Feature","properties":{"boundary_score":0.0194,"activation_distance":0.06043},"geometry":{"type":"LineString","coordinates":[[114.00291,22.44965],[114.00303,22.44944]]}},{"type":"Feature","properties":{"boundary_score":0.0381,"activation_distance":0.07007},"geometry":{"type":"LineString","coordinates":[[114.03239,22.46902],[114.03217,22.4691]]}},{"type":"Feature","properties":{"boundary_score":0.0381,"activation_distance":0.07007},"geometry":{"type":"LineString","coordinates":[[114.03217,22.4691],[114.03239,22.46902]]}},{"type":"Feature","properties":{"boundary_score":0.1969,"activation_distance":0.15155},"geometry":{"type":"LineString","coordinates":[[114.03552,22.44732],[114.03529,22.44734]]}},{"type":"Feature","properties":{"boundary_score":0.1969,"activation_distance":0.15155},"geometry":{"type":"LineString","coordinates":[[114.03529,22.44734],[114.03552,22.44732]]}},{"type":"Feature","properties":{"boundary_score":0.0097,"activation_distance":0.05546},"geometry":{"type":"LineString","coordinates":[[114.14888,22.50235],[114.14875,22.50254]]}},{"type":"Feature","properties":{"boundary_score":0.0097,"activation_distance":0.05546},"geometry":{"type":"LineString","coordinates":[[114.14875,22.50254],[114.14888,22.50235]]}},{"type":"Feature","properties":{"boundary_score":0.0147,"activation_distance":0.05804},"geometry":{"type":"LineString","coordinates":[[113.91779,22.40631],[113.91771,22.40609]]}},{"type":"Feature","properties":{"boundary_score":0.0147,"activation_distance":0.05804},"geometry":{"type":"LineString","coordinates":[[113.91771,22.40609],[113.91779,22.40631]]}},{"type":"Feature","properties":{"boundary_score":0.132,"activation_distance":0.11821},"geometry":{"type":"LineString","coordinates":[[113.92836,22.37017],[113.92859,22.37011]]}},{"type":"Feature","properties":{"boundary_score":0.132,"activation_distance":0.11821},"geometry":{"type":"LineString","coordinates":[[113.92859,22.37011],[113.92836,22.37017]]}},{"type":"Feature","properties":{"boundary_score":0.0007,"activation_distance":0.05084},"geometry":{"type":"LineString","coordinates":[[114.0505,22.36929],[114.05037,22.3691]]}},{"type":"Feature","properties":{"boundary_score":0.0007,"activation_distance":0.05084},"geometry":{"type":"LineString","coordinates":[[114.05037,22.3691],[114.0505,22.36929]]}},{"type":"Feature","properties":{"boundary_score":0.021,"activation_distance":0.0613},"geometry":{"type":"LineString","coordinates":[[114.11324,22.51921],[114.11312,22.5194]]}},{"type":"Feature","properties":{"boundary_score":0.021,"activation_distance":0.0613},"geometry":{"type":"LineString","coordinates":[[114.11312,22.5194],[114.11324,22.51921]]}},{"type":"Feature","properties":{"boundary_score":0.0033,"activation_distance":0.05221},"geometry":{"type":"LineString","coordinates":[[114.11114,22.52638],[114.11112,22.52661]]}},{"type":"Feature","properties":{"boundary_score":0.0033,"activation_distance":0.05221},"geometry":{"type":"LineString","coordinates":[[114.11112,22.52661],[114.11114,22.52638]]}},{"type":"Feature","properties":{"boundary_score":0.0707,"activation_distance":0.08678},"geometry":{"type":"LineString","coordinates":[[114.13356,22.49085],[114.13332,22.49084]]}},{"type":"Feature","properties":{"boundary_score":0.0707,"activation_distance":0.08678},"geometry":{"type":"LineString","coordinates":[[114.13332,22.49084],[114.13356,22.49085]]}},{"type":"Feature","properties":{"boundary_score":0.1282,"activation_distance":0.11627},"geometry":{"type":"LineString","coordinates":[[114.13666,22.49145],[114.13686,22.49156]]}},{"type":"Feature","properties":{"boundary_score":0.1282,"activation_distance":0.11627},"geometry":{"type":"LineString","coordinates":[[114.13686,22.49156],[114.13666,22.49145]]}},{"type":"Feature","properties":{"boundary_score":0.1561,"activation_distance":0.13059},"geometry":{"type":"LineString","coordinates":[[114.13849,22.49121],[114.13867,22.49107]]}},{"type":"Feature","properties":{"boundary_score":0.1561,"activation_distance":0.13059},"geometry":{"type":"LineString","coordinates":[[114.13867,22.49107],[114.13849,22.49121]]}},{"type":"Feature","properties":{"boundary_score":0.1171,"activation_distance":0.11056},"geometry":{"type":"LineString","coordinates":[[114.05264,22.45904],[114.05269,22.45926]]}},{"type":"Feature","properties":{"boundary_score":0.1171,"activation_distance":0.11056},"geometry":{"type":"LineString","coordinates":[[114.05269,22.45926],[114.05264,22.45904]]}},{"type":"Feature","properties":{"boundary_score":0.1909,"activation_distance":0.14848},"geometry":{"type":"LineString","coordinates":[[113.9734,22.40845],[113.97317,22.40852]]}},{"type":"Feature","properties":{"boundary_score":0.1909,"activation_distance":0.14848},"geometry":{"type":"LineString","coordinates":[[113.97317,22.40852],[113.9734,22.40845]]}},{"type":"Feature","properties":{"boundary_score":0.0134,"activation_distance":0.05737},"geometry":{"type":"LineString","coordinates":[[114.0283,22.4375],[114.028,22.43748]]}},{"type":"Feature","properties":{"boundary_score":0.0134,"activation_distance":0.05737},"geometry":{"type":"LineString","coordinates":[[114.028,22.43748],[114.0283,22.4375]]}},{"type":"Feature","properties":{"boundary_score":0.0139,"activation_distance":0.05765},"geometry":{"type":"LineString","coordinates":[[114.02192,22.42481],[114.02183,22.4246]]}},{"type":"Feature","properties":{"boundary_score":0.0139,"activation_distance":0.05765},"geometry":{"type":"LineString","coordinates":[[114.02183,22.4246],[114.02192,22.42481]]}},{"type":"Feature","properties":{"boundary_score":0.0381,"activation_distance":0.07007},"geometry":{"type":"LineString","coordinates":[[114.03217,22.4691],[114.03239,22.46902]]}},{"type":"Feature","properties":{"boundary_score":0.0381,"activation_distance":0.07007},"geometry":{"type":"LineString","coordinates":[[114.03239,22.46902],[114.03217,22.4691]]}},{"type":"Feature","properties":{"boundary_score":0.0803,"activation_distance":0.0917},"geometry":{"type":"LineString","coordinates":[[114.01068,22.37809],[114.01072,22.37786]]}},{"type":"Feature","properties":{"boundary_score":0.0803,"activation_distance":0.0917},"geometry":{"type":"LineString","coordinates":[[114.01072,22.37786],[114.01068,22.37809]]}},{"type":"Feature","properties":{"boundary_score":0.275,"activation_distance":0.1916},"geometry":{"type":"LineString","coordinates":[[114.1035,22.49548],[114.10329,22.49557]]}},{"type":"Feature","properties":{"boundary_score":0.275,"activation_distance":0.1916},"geometry":{"type":"LineString","coordinates":[[114.10329,22.49557],[114.1035,22.49548]]}},{"type":"Feature","properties":{"boundary_score":0.0237,"activation_distance":0.06268},"geometry":{"type":"LineString","coordinates":[[114.10392,22.49533],[114.10391,22.49509]]}},{"type":"Feature","properties":{"boundary_score":0.0237,"activation_distance":0.06268},"geometry":{"type":"LineString","coordinates":[[114.10391,22.49509],[114.10392,22.49533]]}},{"type":"Feature","properties":{"boundary_score":0.1515,"activation_distance":0.12824},"geometry":{"type":"LineString","coordinates":[[114.0906,22.49081],[114.0908,22.49071]]}},{"type":"Feature","properties":{"boundary_score":0.1515,"activation_distance":0.12824},"geometry":{"type":"LineString","coordinates":[[114.0908,22.49071],[114.0906,22.49081]]}},{"type":"Feature","properties":{"boundary_score":0.0315,"activation_distance":0.06668},"geometry":{"type":"LineString","coordinates":[[114.08978,22.49144],[114.08985,22.49165]]}},{"type":"Feature","properties":{"boundary_score":0.0315,"activation_distance":0.06668},"geometry":{"type":"LineString","coordinates":[[114.08985,22.49165],[114.08978,22.49144]]}},{"type":"Feature","properties":{"boundary_score":0.4272,"activation_distance":0.26973},"geometry":{"type":"LineString","coordinates":[[114.06855,22.48227],[114.06871,22.48243]]}},{"type":"Feature","properties":{"boundary_score":0.4272,"activation_distance":0.26973},"geometry":{"type":"LineString","coordinates":[[114.06871,22.48243],[114.06855,22.48227]]}},{"type":"Feature","properties":{"boundary_score":0.1301,"activation_distance":0.11728},"geometry":{"type":"LineString","coordinates":[[114.05573,22.44389],[114.05557,22.44405]]}},{"type":"Feature","properties":{"boundary_score":0.1301,"activation_distance":0.11728},"geometry":{"type":"LineString","coordinates":[[114.05557,22.44405],[114.05573,22.44389]]}},{"type":"Feature","properties":{"boundary_score":0.04,"activation_distance":0.07104},"geometry":{"type":"LineString","coordinates":[[114.06109,22.4453],[114.0609,22.4455]]}},{"type":"Feature","properties":{"boundary_score":0.04,"activation_distance":0.07104},"geometry":{"type":"LineString","coordinates":[[114.0609,22.4455],[114.06109,22.4453]]}},{"type":"Feature","properties":{"boundary_score":0.0653,"activation_distance":0.08401},"geometry":{"type":"LineString","coordinates":[[113.92041,22.39159],[113.92056,22.3914]]}},{"type":"Feature","properties":{"boundary_score":0.0653,"activation_distance":0.08401},"geometry":{"type":"LineString","coordinates":[[113.92056,22.3914],[113.92041,22.39159]]}},{"type":"Feature","properties":{"boundary_score":0.0653,"activation_distance":0.08401},"geometry":{"type":"LineString","coordinates":[[113.92056,22.3914],[113.92041,22.39159]]}},{"type":"Feature","properties":{"boundary_score":0.0653,"activation_distance":0.08401},"geometry":{"type":"LineString","coordinates":[[113.92041,22.39159],[113.92056,22.3914]]}},{"type":"Feature","properties":{"boundary_score":0.0055,"activation_distance":0.0533},"geometry":{"type":"LineString","coordinates":[[114.14342,22.45728],[114.1433,22.45748]]}},{"type":"Feature","properties":{"boundary_score":0.0055,"activation_distance":0.0533},"geometry":{"type":"LineString","coordinates":[[114.1433,22.45748],[114.14342,22.45728]]}},{"type":"Feature","properties":{"boundary_score":0.0137,"activation_distance":0.05754},"geometry":{"type":"LineString","coordinates":[[114.14275,22.45808],[114.14251,22.45808]]}},{"type":"Feature","properties":{"boundary_score":0.0137,"activation_distance":0.05754},"geometry":{"type":"LineString","coordinates":[[114.14251,22.45808],[114.14275,22.45808]]}},{"type":"Feature","properties":{"boundary_score":0.0176,"activation_distance":0.05954},"geometry":{"type":"LineString","coordinates":[[114.14307,22.45653],[114.14291,22.45632]]}},{"type":"Feature","properties":{"boundary_score":0.0176,"activation_distance":0.05954},"geometry":{"type":"LineString","coordinates":[[114.14291,22.45632],[114.14307,22.45653]]}},{"type":"Feature","properties":{"boundary_score":0.0137,"activation_distance":0.05754},"geometry":{"type":"LineString","coordinates":[[114.14251,22.45808],[114.14275,22.45808]]}},{"type":"Feature","properties":{"boundary_score":0.0137,"activation_distance":0.05754},"geometry":{"type":"LineString","coordinates":[[114.14275,22.45808],[114.14251,22.45808]]}},{"type":"Feature","properties":{"boundary_score":0.0055,"activation_distance":0.0533},"geometry":{"type":"LineString","coordinates":[[114.1433,22.45748],[114.14342,22.45728]]}},{"type":"Feature","properties":{"boundary_score":0.0055,"activation_distance":0.0533},"geometry":{"type":"LineString","coordinates":[[114.14342,22.45728],[114.1433,22.45748]]}},{"type":"Feature","properties":{"boundary_score":0.241,"activation_distance":0.17419},"geometry":{"type":"LineString","coordinates":[[114.07263,22.42753],[114.07246,22.42769]]}},{"type":"Feature","properties":{"boundary_score":0.241,"activation_distance":0.17419},"geometry":{"type":"LineString","coordinates":[[114.07246,22.42769],[114.07263,22.42753]]}},{"type":"Feature","properties":{"boundary_score":0.1217,"activation_distance":0.11297},"geometry":{"type":"LineString","coordinates":[[114.06658,22.43651],[114.06657,22.43674]]}},{"type":"Feature","properties":{"boundary_score":0.1217,"activation_distance":0.11297},"geometry":{"type":"LineString","coordinates":[[114.06657,22.43674],[114.06658,22.43651]]}},{"type":"Feature","properties":{"boundary_score":0.2383,"activation_distance":0.17278},"geometry":{"type":"LineString","coordinates":[[113.97949,22.4524],[113.97926,22.45241]]}},{"type":"Feature","properties":{"boundary_score":0.2383,"activation_distance":0.17278},"geometry":{"type":"LineString","coordinates":[[113.97926,22.45241],[113.97949,22.4524]]}},{"type":"Feature","properties":{"boundary_score":0.017,"activation_distance":0.05921},"geometry":{"type":"LineString","coordinates":[[113.97995,22.45238],[113.9801,22.45255]]}},{"type":"Feature","properties":{"boundary_score":0.017,"activation_distance":0.05921},"geometry":{"type":"LineString","coordinates":[[113.9801,22.45255],[113.97995,22.45238]]}},{"type":"Feature","properties":{"boundary_score":0.1277,"activation_distance":0.11601},"geometry":{"type":"LineString","coordinates":[[113.98004,22.44928],[113.97995,22.44906]]}},{"type":"Feature","properties":{"boundary_score":0.1277,"activation_distance":0.11601},"geometry":{"type":"LineString","coordinates":[[113.97995,22.44906],[113.98004,22.44928]]}},{"type":"Feature","properties":{"boundary_score":0.1066,"activation_distance":0.10522},"geometry":{"type":"LineString","coordinates":[[113.98395,22.46632],[113.98394,22.46607]]}},{"type":"Feature","properties":{"boundary_score":0.1066,"activation_distance":0.10522},"geometry":{"type":"LineString","coordinates":[[113.98394,22.46607],[113.98395,22.46632]]}},{"type":"Feature","properties":{"boundary_score":0.021,"activation_distance":0.06129},"geometry":{"type":"LineString","coordinates":[[113.99564,22.44279],[113.99582,22.44294]]}},{"type":"Feature","properties":{"boundary_score":0.021,"activation_distance":0.06129},"geometry":{"type":"LineString","coordinates":[[113.99582,22.44294],[113.99564,22.44279]]}},{"type":"Feature","properties":{"boundary_score":0.0823,"activation_distance":0.09273},"geometry":{"type":"LineString","coordinates":[[114.0754,22.43448],[114.07558,22.43435]]}},{"type":"Feature","properties":{"boundary_score":0.0823,"activation_distance":0.09273},"geometry":{"type":"LineString","coordinates":[[114.07558,22.43435],[114.0754,22.43448]]}},{"type":"Feature","properties":{"boundary_score":0.0974,"activation_distance":0.1005},"geometry":{"type":"LineString","coordinates":[[114.07372,22.43816],[114.07351,22.43824]]}},{"type":"Feature","properties":{"boundary_score":0.0974,"activation_distance":0.1005},"geometry":{"type":"LineString","coordinates":[[114.07351,22.43824],[114.07372,22.43816]]}},{"type":"Feature","properties":{"boundary_score":0.1435,"activation_distance":0.12412},"geometry":{"type":"LineString","coordinates":[[114.03411,22.43476],[114.03389,22.43467]]}},{"type":"Feature","properties":{"boundary_score":0.1435,"activation_distance":0.12412},"geometry":{"type":"LineString","coordinates":[[114.03389,22.43467],[114.03411,22.43476]]}},{"type":"Feature","properties":{"boundary_score":0.2116,"activation_distance":0.15907},"geometry":{"type":"LineString","coordinates":[[114.04228,22.43501],[114.04243,22.43518]]}},{"type":"Feature","properties":{"boundary_score":0.2116,"activation_distance":0.15907},"geometry":{"type":"LineString","coordinates":[[114.04243,22.43518],[114.04228,22.43501]]}},{"type":"Feature","properties":{"boundary_score":0.0974,"activation_distance":0.1005},"geometry":{"type":"LineString","coordinates":[[114.07351,22.43824],[114.07372,22.43816]]}},{"type":"Feature","properties":{"boundary_score":0.0974,"activation_distance":0.1005},"geometry":{"type":"LineString","coordinates":[[114.07372,22.43816],[114.07351,22.43824]]}},{"type":"Feature","properties":{"boundary_score":0.1276,"activation_distance":0.11599},"geometry":{"type":"LineString","coordinates":[[114.01607,22.42627],[114.01623,22.42643]]}},{"type":"Feature","properties":{"boundary_score":0.1276,"activation_distance":0.11599},"geometry":{"type":"LineString","coordinates":[[114.01623,22.42643],[114.01607,22.42627]]}},{"type":"Feature","properties":{"boundary_score":0.2384,"activation_distance":0.17282},"geometry":{"type":"LineString","coordinates":[[114.03398,22.43444],[114.03419,22.43453]]}},{"type":"Feature","properties":{"boundary_score":0.2384,"activation_distance":0.17282},"geometry":{"type":"LineString","coordinates":[[114.03419,22.43453],[114.03398,22.43444]]}},{"type":"Feature","properties":{"boundary_score":0.2658,"activation_distance":0.18689},"geometry":{"type":"LineString","coordinates":[[114.03542,22.43513],[114.03563,22.43523]]}},{"type":"Feature","properties":{"boundary_score":0.2658,"activation_distance":0.18689},"geometry":{"type":"LineString","coordinates":[[114.03563,22.43523],[114.03542,22.43513]]}},{"type":"Feature","properties":{"boundary_score":0.2442,"activation_distance":0.17583},"geometry":{"type":"LineString","coordinates":[[113.98382,22.46457],[113.9838,22.46432]]}},{"type":"Feature","properties":{"boundary_score":0.2442,"activation_distance":0.17583},"geometry":{"type":"LineString","coordinates":[[113.9838,22.46432],[113.98382,22.46457]]}},{"type":"Feature","properties":{"boundary_score":0.1066,"activation_distance":0.10522},"geometry":{"type":"LineString","coordinates":[[113.98394,22.46607],[113.98395,22.46632]]}},{"type":"Feature","properties":{"boundary_score":0.1066,"activation_distance":0.10522},"geometry":{"type":"LineString","coordinates":[[113.98395,22.46632],[113.98394,22.46607]]}},{"type":"Feature","properties":{"boundary_score":0.1173,"activation_distance":0.11069},"geometry":{"type":"LineString","coordinates":[[114.13263,22.44347],[114.13269,22.44325]]}},{"type":"Feature","properties":{"boundary_score":0.1173,"activation_distance":0.11069},"geometry":{"type":"LineString","coordinates":[[114.13269,22.44325],[114.13263,22.44347]]}},{"type":"Feature","properties":{"boundary_score":0.4796,"activation_distance":0.29662},"geometry":{"type":"LineString","coordinates":[[114.13416,22.36919],[114.13421,22.36941]]}},{"type":"Feature","properties":{"boundary_score":0.4796,"activation_distance":0.29662},"geometry":{"type":"LineString","coordinates":[[114.13421,22.36941],[114.13416,22.36919]]}},{"type":"Feature","properties":{"boundary_score":0.0075,"activation_distance":0.05434},"geometry":{"type":"LineString","coordinates":[[113.98316,22.4127],[113.98339,22.41269]]}},{"type":"Feature","properties":{"boundary_score":0.0075,"activation_distance":0.05434},"geometry":{"type":"LineString","coordinates":[[113.98339,22.41269],[113.98316,22.4127]]}},{"type":"Feature","properties":{"boundary_score":0.1359,"activation_distance":0.12026},"geometry":{"type":"LineString","coordinates":[[113.98304,22.4119],[113.98281,22.4119]]}},{"type":"Feature","properties":{"boundary_score":0.1359,"activation_distance":0.12026},"geometry":{"type":"LineString","coordinates":[[113.98281,22.4119],[113.98304,22.4119]]}},{"type":"Feature","properties":{"boundary_score":0.0698,"activation_distance":0.08633},"geometry":{"type":"LineString","coordinates":[[113.97557,22.42089],[113.97536,22.42098]]}},{"type":"Feature","properties":{"boundary_score":0.0698,"activation_distance":0.08633},"geometry":{"type":"LineString","coordinates":[[113.97536,22.42098],[113.97557,22.42089]]}},{"type":"Feature","properties":{"boundary_score":0.0053,"activation_distance":0.05321},"geometry":{"type":"LineString","coordinates":[[113.98049,22.41985],[113.9803,22.41969]]}},{"type":"Feature","properties":{"boundary_score":0.0053,"activation_distance":0.05321},"geometry":{"type":"LineString","coordinates":[[113.9803,22.41969],[113.98049,22.41985]]}},{"type":"Feature","properties":{"boundary_score":0.1988,"activation_distance":0.15253},"geometry":{"type":"LineString","coordinates":[[113.9954,22.42302],[113.99523,22.42287]]}},{"type":"Feature","properties":{"boundary_score":0.1988,"activation_distance":0.15253},"geometry":{"type":"LineString","coordinates":[[113.99523,22.42287],[113.9954,22.42302]]}},{"type":"Feature","properties":{"boundary_score":0.51,"activation_distance":0.31223},"geometry":{"type":"LineString","coordinates":[[113.99517,22.42306],[113.995,22.42291]]}},{"type":"Feature","properties":{"boundary_score":0.51,"activation_distance":0.31223},"geometry":{"type":"LineString","coordinates":[[113.995,22.42291],[113.99517,22.42306]]}},{"type":"Feature","properties":{"boundary_score":0.216,"activation_distance":0.16133},"geometry":{"type":"LineString","coordinates":[[114.12329,22.35556],[114.12311,22.35572]]}},{"type":"Feature","properties":{"boundary_score":0.216,"activation_distance":0.16133},"geometry":{"type":"LineString","coordinates":[[114.12311,22.35572],[114.12329,22.35556]]}},{"type":"Feature","properties":{"boundary_score":0.1674,"activation_distance":0.13639},"geometry":{"type":"LineString","coordinates":[[114.12307,22.35514],[114.12279,22.35507]]}},{"type":"Feature","properties":{"boundary_score":0.1674,"activation_distance":0.13639},"geometry":{"type":"LineString","coordinates":[[114.12279,22.35507],[114.12307,22.35514]]}},{"type":"Feature","properties":{"boundary_score":0.1674,"activation_distance":0.13639},"geometry":{"type":"LineString","coordinates":[[114.12263,22.35514],[114.1229,22.35531]]}},{"type":"Feature","properties":{"boundary_score":0.1674,"activation_distance":0.13639},"geometry":{"type":"LineString","coordinates":[[114.1229,22.35531],[114.12263,22.35514]]}},{"type":"Feature","properties":{"boundary_score":0.216,"activation_distance":0.16133},"geometry":{"type":"LineString","coordinates":[[114.12318,22.35567],[114.12295,22.35568]]}},{"type":"Feature","properties":{"boundary_score":0.216,"activation_distance":0.16133},"geometry":{"type":"LineString","coordinates":[[114.12295,22.35568],[114.12318,22.35567]]}},{"type":"Feature","properties":{"boundary_score":0.1674,"activation_distance":0.13639},"geometry":{"type":"LineString","coordinates":[[114.12305,22.35532],[114.12279,22.35507]]}},{"type":"Feature","properties":{"boundary_score":0.1674,"activation_distance":0.13639},"geometry":{"type":"LineString","coordinates":[[114.12279,22.35507],[114.12305,22.35532]]}},{"type":"Feature","properties":{"boundary_score":0.0611,"activation_distance":0.08183},"geometry":{"type":"LineString","coordinates":[[114.12708,22.35853],[114.12694,22.35835]]}},{"type":"Feature","properties":{"boundary_score":0.0611,"activation_distance":0.08183},"geometry":{"type":"LineString","coordinates":[[114.12694,22.35835],[114.12708,22.35853]]}},{"type":"Feature","properties":{"boundary_score":0.0611,"activation_distance":0.08183},"geometry":{"type":"LineString","coordinates":[[114.12708,22.35853],[114.12685,22.35836]]}},{"type":"Feature","properties":{"boundary_score":0.0611,"activation_distance":0.08183},"geometry":{"type":"LineString","coordinates":[[114.12685,22.35836],[114.12708,22.35853]]}},{"type":"Feature","properties":{"boundary_score":0.0885,"activation_distance":0.09591},"geometry":{"type":"LineString","coordinates":[[114.13568,22.37186],[114.13587,22.372]]}},{"type":"Feature","properties":{"boundary_score":0.0885,"activation_distance":0.09591},"geometry":{"type":"LineString","coordinates":[[114.13587,22.372],[114.13568,22.37186]]}},{"type":"Feature","properties":{"boundary_score":0.4796,"activation_distance":0.29662},"geometry":{"type":"LineString","coordinates":[[114.13438,22.3693],[114.13434,22.36906]]}},{"type":"Feature","properties":{"boundary_score":0.4796,"activation_distance":0.29662},"geometry":{"type":"LineString","coordinates":[[114.13434,22.36906],[114.13438,22.3693]]}},{"type":"Feature","properties":{"boundary_score":0.2802,"activation_distance":0.19429},"geometry":{"type":"LineString","coordinates":[[114.13581,22.37179],[114.13559,22.37167]]}},{"type":"Feature","properties":{"boundary_score":0.2802,"activation_distance":0.19429},"geometry":{"type":"LineString","coordinates":[[114.13559,22.37167],[114.13581,22.37179]]}},{"type":"Feature","properties":{"boundary_score":0.2802,"activation_distance":0.19429},"geometry":{"type":"LineString","coordinates":[[114.13581,22.37179],[114.13565,22.3716]]}},{"type":"Feature","properties":{"boundary_score":0.2802,"activation_distance":0.19429},"geometry":{"type":"LineString","coordinates":[[114.13565,22.3716],[114.13581,22.37179]]}},{"type":"Feature","properties":{"boundary_score":0.4796,"activation_distance":0.29662},"geometry":{"type":"LineString","coordinates":[[114.13424,22.36934],[114.13419,22.36911]]}},{"type":"Feature","properties":{"boundary_score":0.4796,"activation_distance":0.29662},"geometry":{"type":"LineString","coordinates":[[114.13419,22.36911],[114.13424,22.36934]]}},{"type":"Feature","properties":{"boundary_score":0.1581,"activation_distance":0.13163},"geometry":{"type":"LineString","coordinates":[[114.121,22.3657],[114.12086,22.36541]]}},{"type":"Feature","properties":{"boundary_score":0.1581,"activation_distance":0.13163},"geometry":{"type":"LineString","coordinates":[[114.12086,22.36541],[114.121,22.3657]]}},{"type":"Feature","properties":{"boundary_score":0.122,"activation_distance":0.11312},"geometry":{"type":"LineString","coordinates":[[114.1208,22.36545],[114.12093,22.36575]]}},{"type":"Feature","properties":{"boundary_score":0.122,"activation_distance":0.11312},"geometry":{"type":"LineString","coordinates":[[114.12093,22.36575],[114.1208,22.36545]]}},{"type":"Feature","properties":{"boundary_score":0.2895,"activation_distance":0.19906},"geometry":{"type":"LineString","coordinates":[[114.1211,22.36555],[114.12122,22.36515]]}},{"type":"Feature","properties":{"boundary_score":0.2895,"activation_distance":0.19906},"geometry":{"type":"LineString","coordinates":[[114.12122,22.36515],[114.1211,22.36555]]}},{"type":"Feature","properties":{"boundary_score":0.2895,"activation_distance":0.19906},"geometry":{"type":"LineString","coordinates":[[114.1211,22.36555],[114.12102,22.36531]]}},{"type":"Feature","properties":{"boundary_score":0.2895,"activation_distance":0.19906},"geometry":{"type":"LineString","coordinates":[[114.12102,22.36531],[114.1211,22.36555]]}},{"type":"Feature","properties":{"boundary_score":0.1625,"activation_distance":0.13388},"geometry":{"type":"LineString","coordinates":[[114.10738,22.37091],[114.10756,22.37074]]}},{"type":"Feature","properties":{"boundary_score":0.1625,"activation_distance":0.13388},"geometry":{"type":"LineString","coordinates":[[114.10756,22.37074],[114.10738,22.37091]]}},{"type":"Feature","properties":{"boundary_score":0.2418,"activation_distance":0.1746},"geometry":{"type":"LineString","coordinates":[[114.08304,22.3542],[114.08316,22.35439]]}},{"type":"Feature","properties":{"boundary_score":0.2418,"activation_distance":0.1746},"geometry":{"type":"LineString","coordinates":[[114.08316,22.35439],[114.08304,22.3542]]}},{"type":"Feature","properties":{"boundary_score":0.2418,"activation_distance":0.1746},"geometry":{"type":"LineString","coordinates":[[114.08309,22.35415],[114.08323,22.35433]]}},{"type":"Feature","properties":{"boundary_score":0.2418,"activation_distance":0.1746},"geometry":{"type":"LineString","coordinates":[[114.08323,22.35433],[114.08309,22.35415]]}},{"type":"Feature","properties":{"boundary_score":0.0514,"activation_distance":0.07685},"geometry":{"type":"LineString","coordinates":[[114.11464,22.35807],[114.1147,22.35785]]}},{"type":"Feature","properties":{"boundary_score":0.0514,"activation_distance":0.07685},"geometry":{"type":"LineString","coordinates":[[114.1147,22.35785],[114.11464,22.35807]]}},{"type":"Feature","properties":{"boundary_score":0.2539,"activation_distance":0.1808},"geometry":{"type":"LineString","coordinates":[[114.13588,22.36065],[114.13574,22.36046]]}},{"type":"Feature","properties":{"boundary_score":0.2539,"activation_distance":0.1808},"geometry":{"type":"LineString","coordinates":[[114.13574,22.36046],[114.13588,22.36065]]}},{"type":"Feature","properties":{"boundary_score":0.2539,"activation_distance":0.1808},"geometry":{"type":"LineString","coordinates":[[114.13566,22.36048],[114.1358,22.36066]]}},{"type":"Feature","properties":{"boundary_score":0.2539,"activation_distance":0.1808},"geometry":{"type":"LineString","coordinates":[[114.1358,22.36066],[114.13566,22.36048]]}},{"type":"Feature","properties":{"boundary_score":0.2377,"activation_distance":0.17246},"geometry":{"type":"LineString","coordinates":[[114.10765,22.37052],[114.10748,22.37069]]}},{"type":"Feature","properties":{"boundary_score":0.2377,"activation_distance":0.17246},"geometry":{"type":"LineString","coordinates":[[114.10748,22.37069],[114.10765,22.37052]]}},{"type":"Feature","properties":{"boundary_score":0.2895,"activation_distance":0.19906},"geometry":{"type":"LineString","coordinates":[[114.1205,22.3656],[114.12073,22.36564]]}},{"type":"Feature","properties":{"boundary_score":0.2895,"activation_distance":0.19906},"geometry":{"type":"LineString","coordinates":[[114.12073,22.36564],[114.1205,22.3656]]}},{"type":"Feature","properties":{"boundary_score":0.2372,"activation_distance":0.17221},"geometry":{"type":"LineString","coordinates":[[114.09771,22.36083],[114.09792,22.36093]]}},{"type":"Feature","properties":{"boundary_score":0.2372,"activation_distance":0.17221},"geometry":{"type":"LineString","coordinates":[[114.09792,22.36093],[114.09771,22.36083]]}},{"type":"Feature","properties":{"boundary_score":0.409,"activation_distance":0.2604},"geometry":{"type":"LineString","coordinates":[[114.09561,22.36048],[114.09584,22.36048]]}},{"type":"Feature","properties":{"boundary_score":0.409,"activation_distance":0.2604},"geometry":{"type":"LineString","coordinates":[[114.09584,22.36048],[114.09561,22.36048]]}},{"type":"Feature","properties":{"boundary_score":0.2372,"activation_distance":0.17221},"geometry":{"type":"LineString","coordinates":[[114.09792,22.36093],[114.09771,22.36083]]}},{"type":"Feature","properties":{"boundary_score":0.2372,"activation_distance":0.17221},"geometry":{"type":"LineString","coordinates":[[114.09771,22.36083],[114.09792,22.36093]]}},{"type":"Feature","properties":{"boundary_score":0.0376,"activation_distance":0.06981},"geometry":{"type":"LineString","coordinates":[[113.99881,22.37556],[113.99915,22.37557]]}},{"type":"Feature","properties":{"boundary_score":0.0376,"activation_distance":0.06981},"geometry":{"type":"LineString","coordinates":[[113.99915,22.37557],[113.99881,22.37556]]}},{"type":"Feature","properties":{"boundary_score":0.0854,"activation_distance":0.09434},"geometry":{"type":"LineString","coordinates":[[114.11984,22.35202],[114.12001,22.3522]]}},{"type":"Feature","properties":{"boundary_score":0.0854,"activation_distance":0.09434},"geometry":{"type":"LineString","coordinates":[[114.12001,22.3522],[114.11984,22.35202]]}},{"type":"Feature","properties":{"boundary_score":0.0836,"activation_distance":0.09338},"geometry":{"type":"LineString","coordinates":[[114.11992,22.35196],[114.1201,22.35214]]}},{"type":"Feature","properties":{"boundary_score":0.0836,"activation_distance":0.09338},"geometry":{"type":"LineString","coordinates":[[114.1201,22.35214],[114.11992,22.35196]]}},{"type":"Feature","properties":{"boundary_score":0.0303,"activation_distance":0.06604},"geometry":{"type":"LineString","coordinates":[[113.9655,22.39405],[113.96554,22.39383]]}},{"type":"Feature","properties":{"boundary_score":0.0303,"activation_distance":0.06604},"geometry":{"type":"LineString","coordinates":[[113.96554,22.39383],[113.9655,22.39405]]}},{"type":"Feature","properties":{"boundary_score":0.0031,"activation_distance":0.05207},"geometry":{"type":"LineString","coordinates":[[113.96471,22.37838],[113.96493,22.37832]]}},{"type":"Feature","properties":{"boundary_score":0.0031,"activation_distance":0.05207},"geometry":{"type":"LineString","coordinates":[[113.96493,22.37832],[113.96471,22.37838]]}},{"type":"Feature","properties":{"boundary_score":0.0176,"activation_distance":0.05954},"geometry":{"type":"LineString","coordinates":[[114.14291,22.45632],[114.14307,22.45653]]}},{"type":"Feature","properties":{"boundary_score":0.0176,"activation_distance":0.05954},"geometry":{"type":"LineString","coordinates":[[114.14307,22.45653],[114.14291,22.45632]]}},{"type":"Feature","properties":{"boundary_score":0.2471,"activation_distance":0.1773},"geometry":{"type":"LineString","coordinates":[[114.15196,22.46795],[114.15184,22.46773]]}},{"type":"Feature","properties":{"boundary_score":0.2471,"activation_distance":0.1773},"geometry":{"type":"LineString","coordinates":[[114.15184,22.46773],[114.15196,22.46795]]}},{"type":"Feature","properties":{"boundary_score":0.0239,"activation_distance":0.06275},"geometry":{"type":"LineString","coordinates":[[114.15191,22.46922],[114.15171,22.46938]]}},{"type":"Feature","properties":{"boundary_score":0.0239,"activation_distance":0.06275},"geometry":{"type":"LineString","coordinates":[[114.15171,22.46938],[114.15191,22.46922]]}},{"type":"Feature","properties":{"boundary_score":0.1465,"activation_distance":0.12567},"geometry":{"type":"LineString","coordinates":[[114.07127,22.51345],[114.07122,22.51367]]}},{"type":"Feature","properties":{"boundary_score":0.1465,"activation_distance":0.12567},"geometry":{"type":"LineString","coordinates":[[114.07122,22.51367],[114.07127,22.51345]]}},{"type":"Feature","properties":{"boundary_score":0.1465,"activation_distance":0.12567},"geometry":{"type":"LineString","coordinates":[[114.07122,22.51367],[114.07127,22.51345]]}},{"type":"Feature","properties":{"boundary_score":0.1465,"activation_distance":0.12567},"geometry":{"type":"LineString","coordinates":[[114.07127,22.51345],[114.07122,22.51367]]}},{"type":"Feature","properties":{"boundary_score":0.0093,"activation_distance":0.05527},"geometry":{"type":"LineString","coordinates":[[114.07741,22.51119],[114.07757,22.51101]]}},{"type":"Feature","properties":{"boundary_score":0.0093,"activation_distance":0.05527},"geometry":{"type":"LineString","coordinates":[[114.07757,22.51101],[114.07741,22.51119]]}},{"type":"Feature","properties":{"boundary_score":0.1603,"activation_distance":0.13276},"geometry":{"type":"LineString","coordinates":[[113.93451,22.37076],[113.93472,22.3707]]}},{"type":"Feature","properties":{"boundary_score":0.1603,"activation_distance":0.13276},"geometry":{"type":"LineString","coordinates":[[113.93472,22.3707],[113.93451,22.37076]]}},{"type":"Feature","properties":{"boundary_score":0.0071,"activation_distance":0.05416},"geometry":{"type":"LineString","coordinates":[[113.93574,22.37019],[113.93594,22.37006]]}},{"type":"Feature","properties":{"boundary_score":0.0071,"activation_distance":0.05416},"geometry":{"type":"LineString","coordinates":[[113.93594,22.37006],[113.93574,22.37019]]}},{"type":"Feature","properties":{"boundary_score":0.0003,"activation_distance":0.05064},"geometry":{"type":"LineString","coordinates":[[114.09861,22.51317],[114.09868,22.51339]]}},{"type":"Feature","properties":{"boundary_score":0.0003,"activation_distance":0.05064},"geometry":{"type":"LineString","coordinates":[[114.09868,22.51339],[114.09861,22.51317]]}},{"type":"Feature","properties":{"boundary_score":0.0003,"activation_distance":0.05064},"geometry":{"type":"LineString","coordinates":[[114.09868,22.51339],[114.09861,22.51317]]}},{"type":"Feature","properties":{"boundary_score":0.0003,"activation_distance":0.05064},"geometry":{"type":"LineString","coordinates":[[114.09861,22.51317],[114.09868,22.51339]]}},{"type":"Feature","properties":{"boundary_score":0.0033,"activation_distance":0.05221},"geometry":{"type":"LineString","coordinates":[[114.11112,22.52661],[114.11114,22.52638]]}},{"type":"Feature","properties":{"boundary_score":0.0033,"activation_distance":0.05221},"geometry":{"type":"LineString","coordinates":[[114.11114,22.52638],[114.11112,22.52661]]}},{"type":"Feature","properties":{"boundary_score":0.021,"activation_distance":0.0613},"geometry":{"type":"LineString","coordinates":[[114.11312,22.5194],[114.11324,22.51921]]}},{"type":"Feature","properties":{"boundary_score":0.021,"activation_distance":0.0613},"geometry":{"type":"LineString","coordinates":[[114.11324,22.51921],[114.11312,22.5194]]}},{"type":"Feature","properties":{"boundary_score":0.0908,"activation_distance":0.0971},"geometry":{"type":"LineString","coordinates":[[114.05188,22.47648],[114.05211,22.47637]]}},{"type":"Feature","properties":{"boundary_score":0.0908,"activation_distance":0.0971},"geometry":{"type":"LineString","coordinates":[[114.05211,22.47637],[114.05188,22.47648]]}},{"type":"Feature","properties":{"boundary_score":0.0315,"activation_distance":0.06668},"geometry":{"type":"LineString","coordinates":[[114.08985,22.49165],[114.08978,22.49144]]}},{"type":"Feature","properties":{"boundary_score":0.0315,"activation_distance":0.06668},"geometry":{"type":"LineString","coordinates":[[114.08978,22.49144],[114.08985,22.49165]]}},{"type":"Feature","properties":{"boundary_score":0.0419,"activation_distance":0.07202},"geometry":{"type":"LineString","coordinates":[[114.0872,22.49307],[114.08724,22.49284]]}},{"type":"Feature","properties":{"boundary_score":0.0419,"activation_distance":0.07202},"geometry":{"type":"LineString","coordinates":[[114.08724,22.49284],[114.0872,22.49307]]}},{"type":"Feature","properties":{"boundary_score":0.0099,"activation_distance":0.05556},"geometry":{"type":"LineString","coordinates":[[114.11618,22.50207],[114.11598,22.50223]]}},{"type":"Feature","properties":{"boundary_score":0.0099,"activation_distance":0.05556},"geometry":{"type":"LineString","coordinates":[[114.11598,22.50223],[114.11618,22.50207]]}},{"type":"Feature","properties":{"boundary_score":0.0054,"activation_distance":0.05327},"geometry":{"type":"LineString","coordinates":[[114.11617,22.5016],[114.11593,22.50164]]}},{"type":"Feature","properties":{"boundary_score":0.0054,"activation_distance":0.05327},"geometry":{"type":"LineString","coordinates":[[114.11593,22.50164],[114.11617,22.5016]]}},{"type":"Feature","properties":{"boundary_score":0.1211,"activation_distance":0.11266},"geometry":{"type":"LineString","coordinates":[[114.13917,22.52594],[114.13935,22.52608]]}},{"type":"Feature","properties":{"boundary_score":0.1211,"activation_distance":0.11266},"geometry":{"type":"LineString","coordinates":[[114.13935,22.52608],[114.13917,22.52594]]}},{"type":"Feature","properties":{"boundary_score":0.0098,"activation_distance":0.05554},"geometry":{"type":"LineString","coordinates":[[114.13982,22.52721],[114.14,22.52729]]}},{"type":"Feature","properties":{"boundary_score":0.0098,"activation_distance":0.05554},"geometry":{"type":"LineString","coordinates":[[114.14,22.52729],[114.13982,22.52721]]}},{"type":"Feature","properties":{"boundary_score":0.1221,"activation_distance":0.11313},"geometry":{"type":"LineString","coordinates":[[114.13234,22.52461],[114.13249,22.52481]]}},{"type":"Feature","properties":{"boundary_score":0.1221,"activation_distance":0.11313},"geometry":{"type":"LineString","coordinates":[[114.13249,22.52481],[114.13234,22.52461]]}},{"type":"Feature","properties":{"boundary_score":0.0424,"activation_distance":0.07223},"geometry":{"type":"LineString","coordinates":[[114.07798,22.51089],[114.07818,22.51101]]}},{"type":"Feature","properties":{"boundary_score":0.0424,"activation_distance":0.07223},"geometry":{"type":"LineString","coordinates":[[114.07818,22.51101],[114.07798,22.51089]]}},{"type":"Feature","properties":{"boundary_score":0.0093,"activation_distance":0.05527},"geometry":{"type":"LineString","coordinates":[[114.07757,22.51101],[114.07741,22.51119]]}},{"type":"Feature","properties":{"boundary_score":0.0093,"activation_distance":0.05527},"geometry":{"type":"LineString","coordinates":[[114.07741,22.51119],[114.07757,22.51101]]}},{"type":"Feature","properties":{"boundary_score":0.2907,"activation_distance":0.19967},"geometry":{"type":"LineString","coordinates":[[114.01565,22.43416],[114.01544,22.43425]]}},{"type":"Feature","properties":{"boundary_score":0.2907,"activation_distance":0.19967},"geometry":{"type":"LineString","coordinates":[[114.01544,22.43425],[114.01565,22.43416]]}},{"type":"Feature","properties":{"boundary_score":0.1938,"activation_distance":0.14995},"geometry":{"type":"LineString","coordinates":[[114.01565,22.43416],[114.01546,22.43392]]}},{"type":"Feature","properties":{"boundary_score":0.1938,"activation_distance":0.14995},"geometry":{"type":"LineString","coordinates":[[114.01546,22.43392],[114.01565,22.43416]]}},{"type":"Feature","properties":{"boundary_score":0.2907,"activation_distance":0.19967},"geometry":{"type":"LineString","coordinates":[[114.01544,22.43425],[114.01565,22.43416]]}},{"type":"Feature","properties":{"boundary_score":0.2907,"activation_distance":0.19967},"geometry":{"type":"LineString","coordinates":[[114.01565,22.43416],[114.01544,22.43425]]}},{"type":"Feature","properties":{"boundary_score":0.0703,"activation_distance":0.08656},"geometry":{"type":"LineString","coordinates":[[114.02213,22.4448],[114.02227,22.44506]]}},{"type":"Feature","properties":{"boundary_score":0.0703,"activation_distance":0.08656},"geometry":{"type":"LineString","coordinates":[[114.02227,22.44506],[114.02213,22.4448]]}},{"type":"Feature","properties":{"boundary_score":0.1416,"activation_distance":0.12315},"geometry":{"type":"LineString","coordinates":[[114.0802,22.50187],[114.07998,22.50159]]}},{"type":"Feature","properties":{"boundary_score":0.1416,"activation_distance":0.12315},"geometry":{"type":"LineString","coordinates":[[114.07998,22.50159],[114.0802,22.50187]]}},{"type":"Feature","properties":{"boundary_score":0.017,"activation_distance":0.05921},"geometry":{"type":"LineString","coordinates":[[113.9801,22.45255],[113.97995,22.45238]]}},{"type":"Feature","properties":{"boundary_score":0.017,"activation_distance":0.05921},"geometry":{"type":"LineString","coordinates":[[113.97995,22.45238],[113.9801,22.45255]]}},{"type":"Feature","properties":{"boundary_score":0.1219,"activation_distance":0.11307},"geometry":{"type":"LineString","coordinates":[[113.99164,22.4394],[113.99165,22.43916]]}},{"type":"Feature","properties":{"boundary_score":0.1219,"activation_distance":0.11307},"geometry":{"type":"LineString","coordinates":[[113.99165,22.43916],[113.99164,22.4394]]}},{"type":"Feature","properties":{"boundary_score":0.0195,"activation_distance":0.06051},"geometry":{"type":"LineString","coordinates":[[114.10847,22.47089],[114.10853,22.47112]]}},{"type":"Feature","properties":{"boundary_score":0.0195,"activation_distance":0.06051},"geometry":{"type":"LineString","coordinates":[[114.10853,22.47112],[114.10847,22.47089]]}},{"type":"Feature","properties":{"boundary_score":0.297,"activation_distance":0.20293},"geometry":{"type":"LineString","coordinates":[[114.10966,22.47407],[114.10971,22.4743]]}},{"type":"Feature","properties":{"boundary_score":0.297,"activation_distance":0.20293},"geometry":{"type":"LineString","coordinates":[[114.10971,22.4743],[114.10966,22.47407]]}},{"type":"Feature","properties":{"boundary_score":0.2383,"activation_distance":0.17278},"geometry":{"type":"LineString","coordinates":[[113.97926,22.45241],[113.97949,22.4524]]}},{"type":"Feature","properties":{"boundary_score":0.2383,"activation_distance":0.17278},"geometry":{"type":"LineString","coordinates":[[113.97949,22.4524],[113.97926,22.45241]]}},{"type":"Feature","properties":{"boundary_score":0.0433,"activation_distance":0.0727},"geometry":{"type":"LineString","coordinates":[[113.97364,22.45249],[113.97341,22.45244]]}},{"type":"Feature","properties":{"boundary_score":0.0433,"activation_distance":0.0727},"geometry":{"type":"LineString","coordinates":[[113.97341,22.45244],[113.97364,22.45249]]}},{"type":"Feature","properties":{"boundary_score":0.0139,"activation_distance":0.05762},"geometry":{"type":"LineString","coordinates":[[114.02561,22.43732],[114.02584,22.43731]]}},{"type":"Feature","properties":{"boundary_score":0.0139,"activation_distance":0.05762},"geometry":{"type":"LineString","coordinates":[[114.02584,22.43731],[114.02561,22.43732]]}},{"type":"Feature","properties":{"boundary_score":0.3244,"activation_distance":0.21697},"geometry":{"type":"LineString","coordinates":[[114.02724,22.4374],[114.02748,22.43743]]}},{"type":"Feature","properties":{"boundary_score":0.3244,"activation_distance":0.21697},"geometry":{"type":"LineString","coordinates":[[114.02748,22.43743],[114.02724,22.4374]]}},{"type":"Feature","properties":{"boundary_score":0.0985,"activation_distance":0.10107},"geometry":{"type":"LineString","coordinates":[[114.14878,22.46371],[114.14887,22.46393]]}},{"type":"Feature","properties":{"boundary_score":0.0985,"activation_distance":0.10107},"geometry":{"type":"LineString","coordinates":[[114.14887,22.46393],[114.14878,22.46371]]}},{"type":"Feature","properties":{"boundary_score":0.3674,"activation_distance":0.23904},"geometry":{"type":"LineString","coordinates":[[114.15411,22.4734],[114.15416,22.47363]]}},{"type":"Feature","properties":{"boundary_score":0.3674,"activation_distance":0.23904},"geometry":{"type":"LineString","coordinates":[[114.15416,22.47363],[114.15411,22.4734]]}},{"type":"Feature","properties":{"boundary_score":0.005,"activation_distance":0.05307},"geometry":{"type":"LineString","coordinates":[[114.13892,22.48618],[114.13881,22.48639]]}},{"type":"Feature","properties":{"boundary_score":0.005,"activation_distance":0.05307},"geometry":{"type":"LineString","coordinates":[[114.13881,22.48639],[114.13892,22.48618]]}},{"type":"Feature","properties":{"boundary_score":0.2214,"activation_distance":0.16412},"geometry":{"type":"LineString","coordinates":[[114.13934,22.48393],[114.13932,22.48369]]}},{"type":"Feature","properties":{"boundary_score":0.2214,"activation_distance":0.16412},"geometry":{"type":"LineString","coordinates":[[114.13932,22.48369],[114.13934,22.48393]]}},{"type":"Feature","properties":{"boundary_score":0.3389,"activation_distance":0.22442},"geometry":{"type":"LineString","coordinates":[[114.15317,22.48367],[114.15327,22.48346]]}},{"type":"Feature","properties":{"boundary_score":0.3389,"activation_distance":0.22442},"geometry":{"type":"LineString","coordinates":[[114.15327,22.48346],[114.15317,22.48367]]}},{"type":"Feature","properties":{"boundary_score":0.0578,"activation_distance":0.08013},"geometry":{"type":"LineString","coordinates":[[114.13526,22.49101],[114.13504,22.49099]]}},{"type":"Feature","properties":{"boundary_score":0.0578,"activation_distance":0.08013},"geometry":{"type":"LineString","coordinates":[[114.13504,22.49099],[114.13526,22.49101]]}},{"type":"Feature","properties":{"boundary_score":0.0841,"activation_distance":0.09366},"geometry":{"type":"LineString","coordinates":[[114.13508,22.49082],[114.1353,22.49092]]}},{"type":"Feature","properties":{"boundary_score":0.0841,"activation_distance":0.09366},"geometry":{"type":"LineString","coordinates":[[114.1353,22.49092],[114.13508,22.49082]]}},{"type":"Feature","properties":{"boundary_score":0.0707,"activation_distance":0.08678},"geometry":{"type":"LineString","coordinates":[[114.13332,22.49084],[114.13356,22.49085]]}},{"type":"Feature","properties":{"boundary_score":0.0707,"activation_distance":0.08678},"geometry":{"type":"LineString","coordinates":[[114.13356,22.49085],[114.13332,22.49084]]}},{"type":"Feature","properties":{"boundary_score":0.0706,"activation_distance":0.08673},"geometry":{"type":"LineString","coordinates":[[114.1462,22.49144],[114.146,22.49135]]}},{"type":"Feature","properties":{"boundary_score":0.0706,"activation_distance":0.08673},"geometry":{"type":"LineString","coordinates":[[114.146,22.49135],[114.1462,22.49144]]}},{"type":"Feature","properties":{"boundary_score":0.0266,"activation_distance":0.06413},"geometry":{"type":"LineString","coordinates":[[114.13784,22.49719],[114.13784,22.49742]]}},{"type":"Feature","properties":{"boundary_score":0.0266,"activation_distance":0.06413},"geometry":{"type":"LineString","coordinates":[[114.13784,22.49742],[114.13784,22.49719]]}},{"type":"Feature","properties":{"boundary_score":0.0266,"activation_distance":0.06413},"geometry":{"type":"LineString","coordinates":[[114.13784,22.49742],[114.13784,22.49719]]}},{"type":"Feature","properties":{"boundary_score":0.0266,"activation_distance":0.06413},"geometry":{"type":"LineString","coordinates":[[114.13784,22.49719],[114.13784,22.49742]]}},{"type":"Feature","properties":{"boundary_score":0.0127,"activation_distance":0.05701},"geometry":{"type":"LineString","coordinates":[[114.13282,22.50133],[114.13251,22.50107]]}},{"type":"Feature","properties":{"boundary_score":0.0127,"activation_distance":0.05701},"geometry":{"type":"LineString","coordinates":[[114.13251,22.50107],[114.13282,22.50133]]}},{"type":"Feature","properties":{"boundary_score":0.0539,"activation_distance":0.07817},"geometry":{"type":"LineString","coordinates":[[114.09423,22.42998],[114.09397,22.43002]]}},{"type":"Feature","properties":{"boundary_score":0.0539,"activation_distance":0.07817},"geometry":{"type":"LineString","coordinates":[[114.09397,22.43002],[114.09423,22.42998]]}},{"type":"Feature","properties":{"boundary_score":0.0333,"activation_distance":0.0676},"geometry":{"type":"LineString","coordinates":[[114.09485,22.43063],[114.0947,22.43033]]}},{"type":"Feature","properties":{"boundary_score":0.0333,"activation_distance":0.0676},"geometry":{"type":"LineString","coordinates":[[114.0947,22.43033],[114.09485,22.43063]]}},{"type":"Feature","properties":{"boundary_score":0.3708,"activation_distance":0.24078},"geometry":{"type":"LineString","coordinates":[[114.13024,22.50378],[114.13005,22.50361]]}},{"type":"Feature","properties":{"boundary_score":0.3708,"activation_distance":0.24078},"geometry":{"type":"LineString","coordinates":[[114.13005,22.50361],[114.13024,22.50378]]}},{"type":"Feature","properties":{"boundary_score":0.3712,"activation_distance":0.24097},"geometry":{"type":"LineString","coordinates":[[114.12745,22.50716],[114.12755,22.50694]]}},{"type":"Feature","properties":{"boundary_score":0.3712,"activation_distance":0.24097},"geometry":{"type":"LineString","coordinates":[[114.12755,22.50694],[114.12745,22.50716]]}},{"type":"Feature","properties":{"boundary_score":0.1969,"activation_distance":0.15155},"geometry":{"type":"LineString","coordinates":[[114.03529,22.44734],[114.03552,22.44732]]}},{"type":"Feature","properties":{"boundary_score":0.1969,"activation_distance":0.15155},"geometry":{"type":"LineString","coordinates":[[114.03552,22.44732],[114.03529,22.44734]]}},{"type":"Feature","properties":{"boundary_score":0.04,"activation_distance":0.071},"geometry":{"type":"LineString","coordinates":[[114.03501,22.44654],[114.03526,22.44652]]}},{"type":"Feature","properties":{"boundary_score":0.04,"activation_distance":0.071},"geometry":{"type":"LineString","coordinates":[[114.03526,22.44652],[114.03501,22.44654]]}},{"type":"Feature","properties":{"boundary_score":0.3948,"activation_distance":0.2531},"geometry":{"type":"LineString","coordinates":[[114.03403,22.43488],[114.03383,22.43477]]}},{"type":"Feature","properties":{"boundary_score":0.3948,"activation_distance":0.2531},"geometry":{"type":"LineString","coordinates":[[114.03383,22.43477],[114.03403,22.43488]]}},{"type":"Feature","properties":{"boundary_score":0.0108,"activation_distance":0.05606},"geometry":{"type":"LineString","coordinates":[[114.03027,22.35579],[114.03005,22.35576]]}},{"type":"Feature","properties":{"boundary_score":0.0108,"activation_distance":0.05606},"geometry":{"type":"LineString","coordinates":[[114.03005,22.35576],[114.03027,22.35579]]}},{"type":"Feature","properties":{"boundary_score":0.4085,"activation_distance":0.26014},"geometry":{"type":"LineString","coordinates":[[114.11863,22.3514],[114.11882,22.35126]]}},{"type":"Feature","properties":{"boundary_score":0.4085,"activation_distance":0.26014},"geometry":{"type":"LineString","coordinates":[[114.11882,22.35126],[114.11863,22.3514]]}},{"type":"Feature","properties":{"boundary_score":0.2636,"activation_distance":0.18577},"geometry":{"type":"LineString","coordinates":[[114.11719,22.35494],[114.1169,22.35478]]}},{"type":"Feature","properties":{"boundary_score":0.2636,"activation_distance":0.18577},"geometry":{"type":"LineString","coordinates":[[114.1169,22.35478],[114.11719,22.35494]]}},{"type":"Feature","properties":{"boundary_score":0.0514,"activation_distance":0.07685},"geometry":{"type":"LineString","coordinates":[[114.1147,22.35785],[114.11464,22.35807]]}},{"type":"Feature","properties":{"boundary_score":0.0514,"activation_distance":0.07685},"geometry":{"type":"LineString","coordinates":[[114.11464,22.35807],[114.1147,22.35785]]}},{"type":"Feature","properties":{"boundary_score":0.0961,"activation_distance":0.0998},"geometry":{"type":"LineString","coordinates":[[114.10734,22.37194],[114.10751,22.37177]]}},{"type":"Feature","properties":{"boundary_score":0.0961,"activation_distance":0.0998},"geometry":{"type":"LineString","coordinates":[[114.10751,22.37177],[114.10734,22.37194]]}},{"type":"Feature","properties":{"boundary_score":0.0052,"activation_distance":0.05316},"geometry":{"type":"LineString","coordinates":[[114.10728,22.37188],[114.10744,22.37172]]}},{"type":"Feature","properties":{"boundary_score":0.0052,"activation_distance":0.05316},"geometry":{"type":"LineString","coordinates":[[114.10744,22.37172],[114.10728,22.37188]]}},{"type":"Feature","properties":{"boundary_score":0.0097,"activation_distance":0.05548},"geometry":{"type":"LineString","coordinates":[[114.12043,22.37551],[114.12065,22.37557]]}},{"type":"Feature","properties":{"boundary_score":0.0097,"activation_distance":0.05548},"geometry":{"type":"LineString","coordinates":[[114.12065,22.37557],[114.12043,22.37551]]}},{"type":"Feature","properties":{"boundary_score":0.0207,"activation_distance":0.0611},"geometry":{"type":"LineString","coordinates":[[114.10942,22.49566],[114.10925,22.49581]]}},{"type":"Feature","properties":{"boundary_score":0.0207,"activation_distance":0.0611},"geometry":{"type":"LineString","coordinates":[[114.10925,22.49581],[114.10942,22.49566]]}},{"type":"Feature","properties":{"boundary_score":0.2148,"activation_distance":0.16072},"geometry":{"type":"LineString","coordinates":[[114.13902,22.36508],[114.13885,22.36492]]}},{"type":"Feature","properties":{"boundary_score":0.2148,"activation_distance":0.16072},"geometry":{"type":"LineString","coordinates":[[114.13885,22.36492],[114.13902,22.36508]]}},{"type":"Feature","properties":{"boundary_score":0.2222,"activation_distance":0.16452},"geometry":{"type":"LineString","coordinates":[[114.12258,22.52173],[114.12276,22.52157]]}},{"type":"Feature","properties":{"boundary_score":0.2222,"activation_distance":0.16452},"geometry":{"type":"LineString","coordinates":[[114.12276,22.52157],[114.12258,22.52173]]}},{"type":"Feature","properties":{"boundary_score":0.0239,"activation_distance":0.06277},"geometry":{"type":"LineString","coordinates":[[114.12008,22.52534],[114.1203,22.52539]]}},{"type":"Feature","properties":{"boundary_score":0.0239,"activation_distance":0.06277},"geometry":{"type":"LineString","coordinates":[[114.1203,22.52539],[114.12008,22.52534]]}},{"type":"Feature","properties":{"boundary_score":0.0399,"activation_distance":0.07097},"geometry":{"type":"LineString","coordinates":[[114.03143,22.45494],[114.03159,22.45511]]}},{"type":"Feature","properties":{"boundary_score":0.0399,"activation_distance":0.07097},"geometry":{"type":"LineString","coordinates":[[114.03159,22.45511],[114.03143,22.45494]]}},{"type":"Feature","properties":{"boundary_score":0.0201,"activation_distance":0.06081},"geometry":{"type":"LineString","coordinates":[[114.02485,22.46547],[114.02498,22.46566]]}},{"type":"Feature","properties":{"boundary_score":0.0201,"activation_distance":0.06081},"geometry":{"type":"LineString","coordinates":[[114.02498,22.46566],[114.02485,22.46547]]}},{"type":"Feature","properties":{"boundary_score":0.2125,"activation_distance":0.15953},"geometry":{"type":"LineString","coordinates":[[114.01841,22.46394],[114.01811,22.46366]]}},{"type":"Feature","properties":{"boundary_score":0.2125,"activation_distance":0.15953},"geometry":{"type":"LineString","coordinates":[[114.01811,22.46366],[114.01841,22.46394]]}},{"type":"Feature","properties":{"boundary_score":0.0201,"activation_distance":0.06081},"geometry":{"type":"LineString","coordinates":[[114.02498,22.46566],[114.02485,22.46547]]}},{"type":"Feature","properties":{"boundary_score":0.0201,"activation_distance":0.06081},"geometry":{"type":"LineString","coordinates":[[114.02485,22.46547],[114.02498,22.46566]]}},{"type":"Feature","properties":{"boundary_score":0.4816,"activation_distance":0.29762},"geometry":{"type":"LineString","coordinates":[[114.01146,22.43692],[114.01152,22.43715]]}},{"type":"Feature","properties":{"boundary_score":0.4816,"activation_distance":0.29762},"geometry":{"type":"LineString","coordinates":[[114.01152,22.43715],[114.01146,22.43692]]}},{"type":"Feature","properties":{"boundary_score":0.1361,"activation_distance":0.12035},"geometry":{"type":"LineString","coordinates":[[114.00812,22.44148],[114.0079,22.44134]]}},{"type":"Feature","properties":{"boundary_score":0.1361,"activation_distance":0.12035},"geometry":{"type":"LineString","coordinates":[[114.0079,22.44134],[114.00812,22.44148]]}},{"type":"Feature","properties":{"boundary_score":0.0154,"activation_distance":0.05839},"geometry":{"type":"LineString","coordinates":[[114.03251,22.44355],[114.03274,22.44355]]}},{"type":"Feature","properties":{"boundary_score":0.0154,"activation_distance":0.05839},"geometry":{"type":"LineString","coordinates":[[114.03274,22.44355],[114.03251,22.44355]]}},{"type":"Feature","properties":{"boundary_score":0.0154,"activation_distance":0.05839},"geometry":{"type":"LineString","coordinates":[[114.03274,22.44355],[114.03251,22.44355]]}},{"type":"Feature","properties":{"boundary_score":0.0154,"activation_distance":0.05839},"geometry":{"type":"LineString","coordinates":[[114.03251,22.44355],[114.03274,22.44355]]}},{"type":"Feature","properties":{"boundary_score":0.0547,"activation_distance":0.07857},"geometry":{"type":"LineString","coordinates":[[114.09744,22.35023],[114.09734,22.35001]]}},{"type":"Feature","properties":{"boundary_score":0.0547,"activation_distance":0.07857},"geometry":{"type":"LineString","coordinates":[[114.09734,22.35001],[114.09744,22.35023]]}},{"type":"Feature","properties":{"boundary_score":0.1649,"activation_distance":0.1351},"geometry":{"type":"LineString","coordinates":[[114.0035,22.36463],[114.0034,22.36485]]}},{"type":"Feature","properties":{"boundary_score":0.1649,"activation_distance":0.1351},"geometry":{"type":"LineString","coordinates":[[114.0034,22.36485],[114.0035,22.36463]]}},{"type":"Feature","properties":{"boundary_score":0.3535,"activation_distance":0.23191},"geometry":{"type":"LineString","coordinates":[[114.13584,22.38098],[114.13562,22.38106]]}},{"type":"Feature","properties":{"boundary_score":0.3535,"activation_distance":0.23191},"geometry":{"type":"LineString","coordinates":[[114.13562,22.38106],[114.13584,22.38098]]}},{"type":"Feature","properties":{"boundary_score":0.3535,"activation_distance":0.23191},"geometry":{"type":"LineString","coordinates":[[114.13562,22.38106],[114.13584,22.38098]]}},{"type":"Feature","properties":{"boundary_score":0.3535,"activation_distance":0.23191},"geometry":{"type":"LineString","coordinates":[[114.13584,22.38098],[114.13562,22.38106]]}},{"type":"Feature","properties":{"boundary_score":0.0708,"activation_distance":0.08682},"geometry":{"type":"LineString","coordinates":[[114.13005,22.37001],[114.12998,22.37028]]}},{"type":"Feature","properties":{"boundary_score":0.0708,"activation_distance":0.08682},"geometry":{"type":"LineString","coordinates":[[114.12998,22.37028],[114.13005,22.37001]]}},{"type":"Feature","properties":{"boundary_score":0.0708,"activation_distance":0.08682},"geometry":{"type":"LineString","coordinates":[[114.12998,22.37028],[114.13005,22.37001]]}},{"type":"Feature","properties":{"boundary_score":0.0708,"activation_distance":0.08682},"geometry":{"type":"LineString","coordinates":[[114.13005,22.37001],[114.12998,22.37028]]}},{"type":"Feature","properties":{"boundary_score":0.2301,"activation_distance":0.16857},"geometry":{"type":"LineString","coordinates":[[114.11921,22.36195],[114.11945,22.36204]]}},{"type":"Feature","properties":{"boundary_score":0.2301,"activation_distance":0.16857},"geometry":{"type":"LineString","coordinates":[[114.11945,22.36204],[114.11921,22.36195]]}},{"type":"Feature","properties":{"boundary_score":0.1498,"activation_distance":0.12738},"geometry":{"type":"LineString","coordinates":[[114.12482,22.35132],[114.1249,22.35113]]}},{"type":"Feature","properties":{"boundary_score":0.1498,"activation_distance":0.12738},"geometry":{"type":"LineString","coordinates":[[114.1249,22.35113],[114.12482,22.35132]]}},{"type":"Feature","properties":{"boundary_score":0.1842,"activation_distance":0.14504},"geometry":{"type":"LineString","coordinates":[[114.12344,22.35676],[114.12321,22.35666]]}},{"type":"Feature","properties":{"boundary_score":0.1842,"activation_distance":0.14504},"geometry":{"type":"LineString","coordinates":[[114.12321,22.35666],[114.12344,22.35676]]}},{"type":"Feature","properties":{"boundary_score":0.0866,"activation_distance":0.09494},"geometry":{"type":"LineString","coordinates":[[114.06357,22.36676],[114.06368,22.36664]]}},{"type":"Feature","properties":{"boundary_score":0.0866,"activation_distance":0.09494},"geometry":{"type":"LineString","coordinates":[[114.06368,22.36664],[114.06357,22.36676]]}},{"type":"Feature","properties":{"boundary_score":0.0775,"activation_distance":0.09029},"geometry":{"type":"LineString","coordinates":[[114.03165,22.35687],[114.03146,22.35676]]}},{"type":"Feature","properties":{"boundary_score":0.0775,"activation_distance":0.09029},"geometry":{"type":"LineString","coordinates":[[114.03146,22.35676],[114.03165,22.35687]]}},{"type":"Feature","properties":{"boundary_score":0.0781,"activation_distance":0.09059},"geometry":{"type":"LineString","coordinates":[[114.02865,22.356],[114.02842,22.35598]]}},{"type":"Feature","properties":{"boundary_score":0.0781,"activation_distance":0.09059},"geometry":{"type":"LineString","coordinates":[[114.02842,22.35598],[114.02865,22.356]]}},{"type":"Feature","properties":{"boundary_score":0.4877,"activation_distance":0.30078},"geometry":{"type":"LineString","coordinates":[[114.01859,22.35881],[114.01845,22.35898]]}},{"type":"Feature","properties":{"boundary_score":0.4877,"activation_distance":0.30078},"geometry":{"type":"LineString","coordinates":[[114.01845,22.35898],[114.01859,22.35881]]}},{"type":"Feature","properties":{"boundary_score":0.0792,"activation_distance":0.09116},"geometry":{"type":"LineString","coordinates":[[114.01504,22.36338],[114.01525,22.36322]]}},{"type":"Feature","properties":{"boundary_score":0.0792,"activation_distance":0.09116},"geometry":{"type":"LineString","coordinates":[[114.01525,22.36322],[114.01504,22.36338]]}},{"type":"Feature","properties":{"boundary_score":0.0373,"activation_distance":0.06964},"geometry":{"type":"LineString","coordinates":[[114.01499,22.36335],[114.01512,22.36316]]}},{"type":"Feature","properties":{"boundary_score":0.0373,"activation_distance":0.06964},"geometry":{"type":"LineString","coordinates":[[114.01512,22.36316],[114.01499,22.36335]]}},{"type":"Feature","properties":{"boundary_score":0.2131,"activation_distance":0.15988},"geometry":{"type":"LineString","coordinates":[[113.99259,22.3732],[113.99241,22.37334]]}},{"type":"Feature","properties":{"boundary_score":0.2131,"activation_distance":0.15988},"geometry":{"type":"LineString","coordinates":[[113.99241,22.37334],[113.99259,22.3732]]}},{"type":"Feature","properties":{"boundary_score":0.2066,"activation_distance":0.15651},"geometry":{"type":"LineString","coordinates":[[113.97554,22.39442],[113.97532,22.39434]]}},{"type":"Feature","properties":{"boundary_score":0.2066,"activation_distance":0.15651},"geometry":{"type":"LineString","coordinates":[[113.97532,22.39434],[113.97554,22.39442]]}},{"type":"Feature","properties":{"boundary_score":0.1336,"activation_distance":0.11907},"geometry":{"type":"LineString","coordinates":[[113.97737,22.39501],[113.97708,22.39492]]}},{"type":"Feature","properties":{"boundary_score":0.1336,"activation_distance":0.11907},"geometry":{"type":"LineString","coordinates":[[113.97708,22.39492],[113.97737,22.39501]]}},{"type":"Feature","properties":{"boundary_score":0.4947,"activation_distance":0.30438},"geometry":{"type":"LineString","coordinates":[[113.97648,22.39579],[113.97651,22.39556]]}},{"type":"Feature","properties":{"boundary_score":0.4947,"activation_distance":0.30438},"geometry":{"type":"LineString","coordinates":[[113.97651,22.39556],[113.97648,22.39579]]}},{"type":"Feature","properties":{"boundary_score":0.4947,"activation_distance":0.30438},"geometry":{"type":"LineString","coordinates":[[113.97668,22.39582],[113.97673,22.3956]]}},{"type":"Feature","properties":{"boundary_score":0.4947,"activation_distance":0.30438},"geometry":{"type":"LineString","coordinates":[[113.97673,22.3956],[113.97668,22.39582]]}},{"type":"Feature","properties":{"boundary_score":0.018,"activation_distance":0.05973},"geometry":{"type":"LineString","coordinates":[[113.9706,22.41442],[113.97077,22.41458]]}},{"type":"Feature","properties":{"boundary_score":0.018,"activation_distance":0.05973},"geometry":{"type":"LineString","coordinates":[[113.97077,22.41458],[113.9706,22.41442]]}},{"type":"Feature","properties":{"boundary_score":0.018,"activation_distance":0.05973},"geometry":{"type":"LineString","coordinates":[[113.97077,22.41458],[113.9706,22.41442]]}},{"type":"Feature","properties":{"boundary_score":0.018,"activation_distance":0.05973},"geometry":{"type":"LineString","coordinates":[[113.9706,22.41442],[113.97077,22.41458]]}},{"type":"Feature","properties":{"boundary_score":0.4947,"activation_distance":0.30438},"geometry":{"type":"LineString","coordinates":[[113.97617,22.39562],[113.97618,22.39588]]}},{"type":"Feature","properties":{"boundary_score":0.4947,"activation_distance":0.30438},"geometry":{"type":"LineString","coordinates":[[113.97618,22.39588],[113.97617,22.39562]]}},{"type":"Feature","properties":{"boundary_score":0.0293,"activation_distance":0.06554},"geometry":{"type":"LineString","coordinates":[[113.97877,22.40523],[113.97865,22.40542]]}},{"type":"Feature","properties":{"boundary_score":0.0293,"activation_distance":0.06554},"geometry":{"type":"LineString","coordinates":[[113.97865,22.40542],[113.97877,22.40523]]}},{"type":"Feature","properties":{"boundary_score":0.302,"activation_distance":0.20547},"geometry":{"type":"LineString","coordinates":[[113.97685,22.39615],[113.97689,22.39592]]}},{"type":"Feature","properties":{"boundary_score":0.302,"activation_distance":0.20547},"geometry":{"type":"LineString","coordinates":[[113.97689,22.39592],[113.97685,22.39615]]}},{"type":"Feature","properties":{"boundary_score":0.2186,"activation_distance":0.16268},"geometry":{"type":"LineString","coordinates":[[113.96344,22.38147],[113.9635,22.38169]]}},{"type":"Feature","properties":{"boundary_score":0.2186,"activation_distance":0.16268},"geometry":{"type":"LineString","coordinates":[[113.9635,22.38169],[113.96344,22.38147]]}},{"type":"Feature","properties":{"boundary_score":0.0049,"activation_distance":0.053},"geometry":{"type":"LineString","coordinates":[[113.96398,22.38296],[113.96408,22.38316]]}},{"type":"Feature","properties":{"boundary_score":0.0049,"activation_distance":0.053},"geometry":{"type":"LineString","coordinates":[[113.96408,22.38316],[113.96398,22.38296]]}},{"type":"Feature","properties":{"boundary_score":0.159,"activation_distance":0.13209},"geometry":{"type":"LineString","coordinates":[[113.9622,22.38063],[113.96197,22.38062]]}},{"type":"Feature","properties":{"boundary_score":0.159,"activation_distance":0.13209},"geometry":{"type":"LineString","coordinates":[[113.96197,22.38062],[113.9622,22.38063]]}},{"type":"Feature","properties":{"boundary_score":0.0029,"activation_distance":0.05199},"geometry":{"type":"LineString","coordinates":[[113.96062,22.38058],[113.96039,22.38056]]}},{"type":"Feature","properties":{"boundary_score":0.0029,"activation_distance":0.05199},"geometry":{"type":"LineString","coordinates":[[113.96039,22.38056],[113.96062,22.38058]]}},{"type":"Feature","properties":{"boundary_score":0.0063,"activation_distance":0.05371},"geometry":{"type":"LineString","coordinates":[[113.98841,22.44565],[113.98864,22.44556]]}},{"type":"Feature","properties":{"boundary_score":0.0063,"activation_distance":0.05371},"geometry":{"type":"LineString","coordinates":[[113.98864,22.44556],[113.98841,22.44565]]}},{"type":"Feature","properties":{"boundary_score":0.3877,"activation_distance":0.24947},"geometry":{"type":"LineString","coordinates":[[113.96946,22.39396],[113.96952,22.39418]]}},{"type":"Feature","properties":{"boundary_score":0.3877,"activation_distance":0.24947},"geometry":{"type":"LineString","coordinates":[[113.96952,22.39418],[113.96946,22.39396]]}},{"type":"Feature","properties":{"boundary_score":0.1243,"activation_distance":0.11428},"geometry":{"type":"LineString","coordinates":[[113.96952,22.39418],[113.96928,22.39424]]}},{"type":"Feature","properties":{"boundary_score":0.1243,"activation_distance":0.11428},"geometry":{"type":"LineString","coordinates":[[113.96928,22.39424],[113.96952,22.39418]]}},{"type":"Feature","properties":{"boundary_score":0.3877,"activation_distance":0.24947},"geometry":{"type":"LineString","coordinates":[[113.96952,22.39418],[113.96946,22.39396]]}},{"type":"Feature","properties":{"boundary_score":0.3877,"activation_distance":0.24947},"geometry":{"type":"LineString","coordinates":[[113.96946,22.39396],[113.96952,22.39418]]}},{"type":"Feature","properties":{"boundary_score":0.0707,"activation_distance":0.08676},"geometry":{"type":"LineString","coordinates":[[113.96779,22.40034],[113.96774,22.40012]]}},{"type":"Feature","properties":{"boundary_score":0.0707,"activation_distance":0.08676},"geometry":{"type":"LineString","coordinates":[[113.96774,22.40012],[113.96779,22.40034]]}},{"type":"Feature","properties":{"boundary_score":0.4001,"activation_distance":0.25584},"geometry":{"type":"LineString","coordinates":[[113.96713,22.40179],[113.96733,22.4017]]}},{"type":"Feature","properties":{"boundary_score":0.4001,"activation_distance":0.25584},"geometry":{"type":"LineString","coordinates":[[113.96733,22.4017],[113.96713,22.40179]]}},{"type":"Feature","properties":{"boundary_score":0.183,"activation_distance":0.14439},"geometry":{"type":"LineString","coordinates":[[114.06093,22.45798],[114.06116,22.45793]]}},{"type":"Feature","properties":{"boundary_score":0.183,"activation_distance":0.14439},"geometry":{"type":"LineString","coordinates":[[114.06116,22.45793],[114.06093,22.45798]]}},{"type":"Feature","properties":{"boundary_score":0.183,"activation_distance":0.14439},"geometry":{"type":"LineString","coordinates":[[114.06116,22.45793],[114.06093,22.45798]]}},{"type":"Feature","properties":{"boundary_score":0.183,"activation_distance":0.14439},"geometry":{"type":"LineString","coordinates":[[114.06093,22.45798],[114.06116,22.45793]]}},{"type":"Feature","properties":{"boundary_score":0.1189,"activation_distance":0.11151},"geometry":{"type":"LineString","coordinates":[[114.06357,22.4214],[114.06381,22.42146]]}},{"type":"Feature","properties":{"boundary_score":0.1189,"activation_distance":0.11151},"geometry":{"type":"LineString","coordinates":[[114.06381,22.42146],[114.06357,22.4214]]}},{"type":"Feature","properties":{"boundary_score":0.1189,"activation_distance":0.11151},"geometry":{"type":"LineString","coordinates":[[114.06381,22.42146],[114.06357,22.4214]]}},{"type":"Feature","properties":{"boundary_score":0.1189,"activation_distance":0.11151},"geometry":{"type":"LineString","coordinates":[[114.06357,22.4214],[114.06381,22.42146]]}},{"type":"Feature","properties":{"boundary_score":0.0683,"activation_distance":0.08557},"geometry":{"type":"LineString","coordinates":[[114.06453,22.42119],[114.06451,22.42096]]}},{"type":"Feature","properties":{"boundary_score":0.0683,"activation_distance":0.08557},"geometry":{"type":"LineString","coordinates":[[114.06451,22.42096],[114.06453,22.42119]]}},{"type":"Feature","properties":{"boundary_score":0.1217,"activation_distance":0.11297},"geometry":{"type":"LineString","coordinates":[[114.06657,22.43674],[114.06658,22.43651]]}},{"type":"Feature","properties":{"boundary_score":0.1217,"activation_distance":0.11297},"geometry":{"type":"LineString","coordinates":[[114.06658,22.43651],[114.06657,22.43674]]}},{"type":"Feature","properties":{"boundary_score":0.5304,"activation_distance":0.3227},"geometry":{"type":"LineString","coordinates":[[113.94712,22.36623],[113.94697,22.36648]]}},{"type":"Feature","properties":{"boundary_score":0.5304,"activation_distance":0.3227},"geometry":{"type":"LineString","coordinates":[[113.94697,22.36648],[113.94712,22.36623]]}},{"type":"Feature","properties":{"boundary_score":0.5304,"activation_distance":0.3227},"geometry":{"type":"LineString","coordinates":[[113.94697,22.36648],[113.94712,22.36623]]}},{"type":"Feature","properties":{"boundary_score":0.5304,"activation_distance":0.3227},"geometry":{"type":"LineString","coordinates":[[113.94712,22.36623],[113.94697,22.36648]]}},{"type":"Feature","properties":{"boundary_score":0.012,"activation_distance":0.05666},"geometry":{"type":"LineString","coordinates":[[113.94909,22.36907],[113.94925,22.36925]]}},{"type":"Feature","properties":{"boundary_score":0.012,"activation_distance":0.05666},"geometry":{"type":"LineString","coordinates":[[113.94925,22.36925],[113.94909,22.36907]]}},{"type":"Feature","properties":{"boundary_score":0.0022,"activation_distance":0.05164},"geometry":{"type":"LineString","coordinates":[[113.94925,22.36925],[113.94941,22.36942]]}},{"type":"Feature","properties":{"boundary_score":0.0022,"activation_distance":0.05164},"geometry":{"type":"LineString","coordinates":[[113.94941,22.36942],[113.94925,22.36925]]}},{"type":"Feature","properties":{"boundary_score":0.1012,"activation_distance":0.10245},"geometry":{"type":"LineString","coordinates":[[113.94973,22.3691],[113.94952,22.36931]]}},{"type":"Feature","properties":{"boundary_score":0.1012,"activation_distance":0.10245},"geometry":{"type":"LineString","coordinates":[[113.94952,22.36931],[113.94973,22.3691]]}},{"type":"Feature","properties":{"boundary_score":0.1012,"activation_distance":0.10245},"geometry":{"type":"LineString","coordinates":[[113.94952,22.36931],[113.94973,22.3691]]}},{"type":"Feature","properties":{"boundary_score":0.1012,"activation_distance":0.10245},"geometry":{"type":"LineString","coordinates":[[113.94973,22.3691],[113.94952,22.36931]]}},{"type":"Feature","properties":{"boundary_score":0.0783,"activation_distance":0.09066},"geometry":{"type":"LineString","coordinates":[[113.94952,22.36931],[113.94936,22.36915]]}},{"type":"Feature","properties":{"boundary_score":0.0783,"activation_distance":0.09066},"geometry":{"type":"LineString","coordinates":[[113.94936,22.36915],[113.94952,22.36931]]}},{"type":"Feature","properties":{"boundary_score":0.2406,"activation_distance":0.17399},"geometry":{"type":"LineString","coordinates":[[113.94753,22.36722],[113.94732,22.36713]]}},{"type":"Feature","properties":{"boundary_score":0.2406,"activation_distance":0.17399},"geometry":{"type":"LineString","coordinates":[[113.94732,22.36713],[113.94753,22.36722]]}},{"type":"Feature","properties":{"boundary_score":0.0071,"activation_distance":0.05416},"geometry":{"type":"LineString","coordinates":[[113.93594,22.37006],[113.93574,22.37019]]}},{"type":"Feature","properties":{"boundary_score":0.0071,"activation_distance":0.05416},"geometry":{"type":"LineString","coordinates":[[113.93574,22.37019],[113.93594,22.37006]]}},{"type":"Feature","properties":{"boundary_score":0.1603,"activation_distance":0.13276},"geometry":{"type":"LineString","coordinates":[[113.93472,22.3707],[113.93451,22.37076]]}},{"type":"Feature","properties":{"boundary_score":0.1603,"activation_distance":0.13276},"geometry":{"type":"LineString","coordinates":[[113.93451,22.37076],[113.93472,22.3707]]}},{"type":"Feature","properties":{"boundary_score":0.1462,"activation_distance":0.12554},"geometry":{"type":"LineString","coordinates":[[113.98205,22.41486],[113.98185,22.41476]]}},{"type":"Feature","properties":{"boundary_score":0.1462,"activation_distance":0.12554},"geometry":{"type":"LineString","coordinates":[[113.98185,22.41476],[113.98205,22.41486]]}},{"type":"Feature","properties":{"boundary_score":0.2136,"activation_distance":0.16013},"geometry":{"type":"LineString","coordinates":[[113.97663,22.41834],[113.97642,22.41844]]}},{"type":"Feature","properties":{"boundary_score":0.2136,"activation_distance":0.16013},"geometry":{"type":"LineString","coordinates":[[113.97642,22.41844],[113.97663,22.41834]]}},{"type":"Feature","properties":{"boundary_score":0.3913,"activation_distance":0.25129},"geometry":{"type":"LineString","coordinates":[[113.99221,22.41873],[113.99233,22.41893]]}},{"type":"Feature","properties":{"boundary_score":0.3913,"activation_distance":0.25129},"geometry":{"type":"LineString","coordinates":[[113.99233,22.41893],[113.99221,22.41873]]}},{"type":"Feature","properties":{"boundary_score":0.3913,"activation_distance":0.25129},"geometry":{"type":"LineString","coordinates":[[113.99233,22.41893],[113.99221,22.41873]]}},{"type":"Feature","properties":{"boundary_score":0.3913,"activation_distance":0.25129},"geometry":{"type":"LineString","coordinates":[[113.99221,22.41873],[113.99233,22.41893]]}},{"type":"Feature","properties":{"boundary_score":0.0475,"activation_distance":0.07487},"geometry":{"type":"LineString","coordinates":[[113.99245,22.42076],[113.99221,22.42062]]}},{"type":"Feature","properties":{"boundary_score":0.0475,"activation_distance":0.07487},"geometry":{"type":"LineString","coordinates":[[113.99221,22.42062],[113.99245,22.42076]]}},{"type":"Feature","properties":{"boundary_score":0.0698,"activation_distance":0.08633},"geometry":{"type":"LineString","coordinates":[[113.97536,22.42098],[113.97557,22.42089]]}},{"type":"Feature","properties":{"boundary_score":0.0698,"activation_distance":0.08633},"geometry":{"type":"LineString","coordinates":[[113.97557,22.42089],[113.97536,22.42098]]}},{"type":"Feature","properties":{"boundary_score":0.0256,"activation_distance":0.06364},"geometry":{"type":"LineString","coordinates":[[113.99657,22.42379],[113.99676,22.4237]]}},{"type":"Feature","properties":{"boundary_score":0.0256,"activation_distance":0.06364},"geometry":{"type":"LineString","coordinates":[[113.99676,22.4237],[113.99657,22.42379]]}},{"type":"Feature","properties":{"boundary_score":0.228,"activation_distance":0.1675},"geometry":{"type":"LineString","coordinates":[[113.99697,22.42379],[113.99711,22.42364]]}},{"type":"Feature","properties":{"boundary_score":0.228,"activation_distance":0.1675},"geometry":{"type":"LineString","coordinates":[[113.99711,22.42364],[113.99697,22.42379]]}},{"type":"Feature","properties":{"boundary_score":0.1219,"activation_distance":0.11307},"geometry":{"type":"LineString","coordinates":[[113.99165,22.43916],[113.99164,22.4394]]}},{"type":"Feature","properties":{"boundary_score":0.1219,"activation_distance":0.11307},"geometry":{"type":"LineString","coordinates":[[113.99164,22.4394],[113.99165,22.43916]]}},{"type":"Feature","properties":{"boundary_score":0.0117,"activation_distance":0.05652},"geometry":{"type":"LineString","coordinates":[[113.99586,22.43925],[113.99589,22.43956]]}},{"type":"Feature","properties":{"boundary_score":0.0117,"activation_distance":0.05652},"geometry":{"type":"LineString","coordinates":[[113.99589,22.43956],[113.99586,22.43925]]}},{"type":"Feature","properties":{"boundary_score":0.0076,"activation_distance":0.05438},"geometry":{"type":"LineString","coordinates":[[113.99545,22.43926],[113.9954,22.43956]]}},{"type":"Feature","properties":{"boundary_score":0.0076,"activation_distance":0.05438},"geometry":{"type":"LineString","coordinates":[[113.9954,22.43956],[113.99545,22.43926]]}},{"type":"Feature","properties":{"boundary_score":0.0117,"activation_distance":0.05652},"geometry":{"type":"LineString","coordinates":[[113.99589,22.43956],[113.99586,22.43925]]}},{"type":"Feature","properties":{"boundary_score":0.0117,"activation_distance":0.05652},"geometry":{"type":"LineString","coordinates":[[113.99586,22.43925],[113.99589,22.43956]]}},{"type":"Feature","properties":{"boundary_score":0.0031,"activation_distance":0.0521},"geometry":{"type":"LineString","coordinates":[[113.99614,22.44265],[113.99625,22.44286]]}},{"type":"Feature","properties":{"boundary_score":0.0031,"activation_distance":0.0521},"geometry":{"type":"LineString","coordinates":[[113.99625,22.44286],[113.99614,22.44265]]}},{"type":"Feature","properties":{"boundary_score":0.0007,"activation_distance":0.05085},"geometry":{"type":"LineString","coordinates":[[113.99625,22.44286],[113.99635,22.44306]]}},{"type":"Feature","properties":{"boundary_score":0.0007,"activation_distance":0.05085},"geometry":{"type":"LineString","coordinates":[[113.99635,22.44306],[113.99625,22.44286]]}},{"type":"Feature","properties":{"boundary_score":0.4042,"activation_distance":0.25792},"geometry":{"type":"LineString","coordinates":[[113.97897,22.44794],[113.97875,22.44801]]}},{"type":"Feature","properties":{"boundary_score":0.4042,"activation_distance":0.25792},"geometry":{"type":"LineString","coordinates":[[113.97875,22.44801],[113.97897,22.44794]]}},{"type":"Feature","properties":{"boundary_score":0.0271,"activation_distance":0.06442},"geometry":{"type":"LineString","coordinates":[[113.98256,22.42965],[113.98255,22.42942]]}},{"type":"Feature","properties":{"boundary_score":0.0271,"activation_distance":0.06442},"geometry":{"type":"LineString","coordinates":[[113.98255,22.42942],[113.98256,22.42965]]}},{"type":"Feature","properties":{"boundary_score":0.052,"activation_distance":0.0772},"geometry":{"type":"LineString","coordinates":[[113.9826,22.42807],[113.98264,22.42784]]}},{"type":"Feature","properties":{"boundary_score":0.052,"activation_distance":0.0772},"geometry":{"type":"LineString","coordinates":[[113.98264,22.42784],[113.9826,22.42807]]}},{"type":"Feature","properties":{"boundary_score":0.1631,"activation_distance":0.1342},"geometry":{"type":"LineString","coordinates":[[113.98432,22.42392],[113.98443,22.42372]]}},{"type":"Feature","properties":{"boundary_score":0.1631,"activation_distance":0.1342},"geometry":{"type":"LineString","coordinates":[[113.98443,22.42372],[113.98432,22.42392]]}},{"type":"Feature","properties":{"boundary_score":0.0007,"activation_distance":0.05085},"geometry":{"type":"LineString","coordinates":[[113.99635,22.44306],[113.99625,22.44286]]}},{"type":"Feature","properties":{"boundary_score":0.0007,"activation_distance":0.05085},"geometry":{"type":"LineString","coordinates":[[113.99625,22.44286],[113.99635,22.44306]]}},{"type":"Feature","properties":{"boundary_score":0.0031,"activation_distance":0.0521},"geometry":{"type":"LineString","coordinates":[[113.99625,22.44286],[113.99614,22.44265]]}},{"type":"Feature","properties":{"boundary_score":0.0031,"activation_distance":0.0521},"geometry":{"type":"LineString","coordinates":[[113.99614,22.44265],[113.99625,22.44286]]}},{"type":"Feature","properties":{"boundary_score":0.4042,"activation_distance":0.25792},"geometry":{"type":"LineString","coordinates":[[113.97905,22.44778],[113.97883,22.44783]]}},{"type":"Feature","properties":{"boundary_score":0.4042,"activation_distance":0.25792},"geometry":{"type":"LineString","coordinates":[[113.97883,22.44783],[113.97905,22.44778]]}},{"type":"Feature","properties":{"boundary_score":0.041,"activation_distance":0.07156},"geometry":{"type":"LineString","coordinates":[[113.98046,22.44776],[113.98067,22.44768]]}},{"type":"Feature","properties":{"boundary_score":0.041,"activation_distance":0.07156},"geometry":{"type":"LineString","coordinates":[[113.98067,22.44768],[113.98046,22.44776]]}},{"type":"Feature","properties":{"boundary_score":0.4042,"activation_distance":0.25792},"geometry":{"type":"LineString","coordinates":[[113.97876,22.44812],[113.97898,22.44805]]}},{"type":"Feature","properties":{"boundary_score":0.4042,"activation_distance":0.25792},"geometry":{"type":"LineString","coordinates":[[113.97898,22.44805],[113.97876,22.44812]]}},{"type":"Feature","properties":{"boundary_score":0.0338,"activation_distance":0.06785},"geometry":{"type":"LineString","coordinates":[[113.94327,22.42725],[113.94339,22.42745]]}},{"type":"Feature","properties":{"boundary_score":0.0338,"activation_distance":0.06785},"geometry":{"type":"LineString","coordinates":[[113.94339,22.42745],[113.94327,22.42725]]}},{"type":"Feature","properties":{"boundary_score":0.0338,"activation_distance":0.06785},"geometry":{"type":"LineString","coordinates":[[113.94339,22.42745],[113.94327,22.42725]]}},{"type":"Feature","properties":{"boundary_score":0.0338,"activation_distance":0.06785},"geometry":{"type":"LineString","coordinates":[[113.94327,22.42725],[113.94339,22.42745]]}},{"type":"Feature","properties":{"boundary_score":0.021,"activation_distance":0.06129},"geometry":{"type":"LineString","coordinates":[[113.99582,22.44294],[113.99564,22.44279]]}},{"type":"Feature","properties":{"boundary_score":0.021,"activation_distance":0.06129},"geometry":{"type":"LineString","coordinates":[[113.99564,22.44279],[113.99582,22.44294]]}},{"type":"Feature","properties":{"boundary_score":0.0169,"activation_distance":0.05918},"geometry":{"type":"LineString","coordinates":[[113.96399,22.45072],[113.96386,22.4509]]}},{"type":"Feature","properties":{"boundary_score":0.0169,"activation_distance":0.05918},"geometry":{"type":"LineString","coordinates":[[113.96386,22.4509],[113.96399,22.45072]]}},{"type":"Feature","properties":{"boundary_score":0.0433,"activation_distance":0.0727},"geometry":{"type":"LineString","coordinates":[[113.97341,22.45244],[113.97364,22.45249]]}},{"type":"Feature","properties":{"boundary_score":0.0433,"activation_distance":0.0727},"geometry":{"type":"LineString","coordinates":[[113.97364,22.45249],[113.97341,22.45244]]}},{"type":"Feature","properties":{"boundary_score":0.0088,"activation_distance":0.05503},"geometry":{"type":"LineString","coordinates":[[113.9899,22.46063],[113.98979,22.46084]]}},{"type":"Feature","properties":{"boundary_score":0.0088,"activation_distance":0.05503},"geometry":{"type":"LineString","coordinates":[[113.98979,22.46084],[113.9899,22.46063]]}},{"type":"Feature","properties":{"boundary_score":0.0088,"activation_distance":0.05503},"geometry":{"type":"LineString","coordinates":[[113.98979,22.46084],[113.9899,22.46063]]}},{"type":"Feature","properties":{"boundary_score":0.0088,"activation_distance":0.05503},"geometry":{"type":"LineString","coordinates":[[113.9899,22.46063],[113.98979,22.46084]]}},{"type":"Feature","properties":{"boundary_score":0.0815,"activation_distance":0.09229},"geometry":{"type":"LineString","coordinates":[[113.98264,22.4637],[113.9824,22.4637]]}},{"type":"Feature","properties":{"boundary_score":0.0815,"activation_distance":0.09229},"geometry":{"type":"LineString","coordinates":[[113.9824,22.4637],[113.98264,22.4637]]}},{"type":"Feature","properties":{"boundary_score":0.3554,"activation_distance":0.23291},"geometry":{"type":"LineString","coordinates":[[113.99331,22.45884],[113.99326,22.45906]]}},{"type":"Feature","properties":{"boundary_score":0.3554,"activation_distance":0.23291},"geometry":{"type":"LineString","coordinates":[[113.99326,22.45906],[113.99331,22.45884]]}},{"type":"Feature","properties":{"boundary_score":0.1527,"activation_distance":0.12885},"geometry":{"type":"LineString","coordinates":[[113.9934,22.45915],[113.99345,22.45893]]}},{"type":"Feature","properties":{"boundary_score":0.1527,"activation_distance":0.12885},"geometry":{"type":"LineString","coordinates":[[113.99345,22.45893],[113.9934,22.45915]]}},{"type":"Feature","properties":{"boundary_score":0.0176,"activation_distance":0.05952},"geometry":{"type":"LineString","coordinates":[[113.99345,22.45893],[113.9935,22.45871]]}},{"type":"Feature","properties":{"boundary_score":0.0176,"activation_distance":0.05952},"geometry":{"type":"LineString","coordinates":[[113.9935,22.45871],[113.99345,22.45893]]}},{"type":"Feature","properties":{"boundary_score":0.2461,"activation_distance":0.17681},"geometry":{"type":"LineString","coordinates":[[113.997,22.47081],[113.99691,22.47102]]}},{"type":"Feature","properties":{"boundary_score":0.2461,"activation_distance":0.17681},"geometry":{"type":"LineString","coordinates":[[113.99691,22.47102],[113.997,22.47081]]}},{"type":"Feature","properties":{"boundary_score":0.0048,"activation_distance":0.05295},"geometry":{"type":"LineString","coordinates":[[113.99717,22.47079],[113.99728,22.47099]]}},{"type":"Feature","properties":{"boundary_score":0.0048,"activation_distance":0.05295},"geometry":{"type":"LineString","coordinates":[[113.99728,22.47099],[113.99717,22.47079]]}},{"type":"Feature","properties":{"boundary_score":0.0097,"activation_distance":0.05547},"geometry":{"type":"LineString","coordinates":[[114.00281,22.4339],[114.00261,22.43381]]}},{"type":"Feature","properties":{"boundary_score":0.0097,"activation_distance":0.05547},"geometry":{"type":"LineString","coordinates":[[114.00261,22.43381],[114.00281,22.4339]]}},{"type":"Feature","properties":{"boundary_score":0.0097,"activation_distance":0.05547},"geometry":{"type":"LineString","coordinates":[[114.00261,22.43381],[114.00281,22.4339]]}},{"type":"Feature","properties":{"boundary_score":0.0097,"activation_distance":0.05547},"geometry":{"type":"LineString","coordinates":[[114.00281,22.4339],[114.00261,22.43381]]}},{"type":"Feature","properties":{"boundary_score":0.1764,"activation_distance":0.14101},"geometry":{"type":"LineString","coordinates":[[114.00225,22.4347],[114.00248,22.43464]]}},{"type":"Feature","properties":{"boundary_score":0.1764,"activation_distance":0.14101},"geometry":{"type":"LineString","coordinates":[[114.00248,22.43464],[114.00225,22.4347]]}},{"type":"Feature","properties":{"boundary_score":0.1764,"activation_distance":0.14101},"geometry":{"type":"LineString","coordinates":[[114.00248,22.43464],[114.00225,22.4347]]}},{"type":"Feature","properties":{"boundary_score":0.1764,"activation_distance":0.14101},"geometry":{"type":"LineString","coordinates":[[114.00225,22.4347],[114.00248,22.43464]]}},{"type":"Feature","properties":{"boundary_score":0.0066,"activation_distance":0.05386},"geometry":{"type":"LineString","coordinates":[[114.01224,22.44272],[114.01203,22.44264]]}},{"type":"Feature","properties":{"boundary_score":0.0066,"activation_distance":0.05386},"geometry":{"type":"LineString","coordinates":[[114.01203,22.44264],[114.01224,22.44272]]}},{"type":"Feature","properties":{"boundary_score":0.092,"activation_distance":0.09773},"geometry":{"type":"LineString","coordinates":[[114.04251,22.36072],[114.0423,22.36063]]}},{"type":"Feature","properties":{"boundary_score":0.092,"activation_distance":0.09773},"geometry":{"type":"LineString","coordinates":[[114.0423,22.36063],[114.04251,22.36072]]}},{"type":"Feature","properties":{"boundary_score":0.2499,"activation_distance":0.17876},"geometry":{"type":"LineString","coordinates":[[114.04107,22.36004],[114.04087,22.35992]]}},{"type":"Feature","properties":{"boundary_score":0.2499,"activation_distance":0.17876},"geometry":{"type":"LineString","coordinates":[[114.04087,22.35992],[114.04107,22.36004]]}},{"type":"Feature","properties":{"boundary_score":0.1003,"activation_distance":0.10196},"geometry":{"type":"LineString","coordinates":[[114.05209,22.36264],[114.0519,22.36279]]}},{"type":"Feature","properties":{"boundary_score":0.1003,"activation_distance":0.10196},"geometry":{"type":"LineString","coordinates":[[114.0519,22.36279],[114.05209,22.36264]]}},{"type":"Feature","properties":{"boundary_score":0.0066,"activation_distance":0.0539},"geometry":{"type":"LineString","coordinates":[[114.13479,22.37572],[114.13496,22.3759]]}},{"type":"Feature","properties":{"boundary_score":0.0066,"activation_distance":0.0539},"geometry":{"type":"LineString","coordinates":[[114.13496,22.3759],[114.13479,22.37572]]}},{"type":"Feature","properties":{"boundary_score":0.0691,"activation_distance":0.08595},"geometry":{"type":"LineString","coordinates":[[114.11009,22.39891],[114.11006,22.39868]]}},{"type":"Feature","properties":{"boundary_score":0.0691,"activation_distance":0.08595},"geometry":{"type":"LineString","coordinates":[[114.11006,22.39868],[114.11009,22.39891]]}},{"type":"Feature","properties":{"boundary_score":0.0116,"activation_distance":0.05644},"geometry":{"type":"LineString","coordinates":[[114.10389,22.3952],[114.10376,22.39502]]}},{"type":"Feature","properties":{"boundary_score":0.0116,"activation_distance":0.05644},"geometry":{"type":"LineString","coordinates":[[114.10376,22.39502],[114.10389,22.3952]]}},{"type":"Feature","properties":{"boundary_score":0.5042,"activation_distance":0.30925},"geometry":{"type":"LineString","coordinates":[[114.06829,22.49256],[114.06852,22.49265]]}},{"type":"Feature","properties":{"boundary_score":0.5042,"activation_distance":0.30925},"geometry":{"type":"LineString","coordinates":[[114.06852,22.49265],[114.06829,22.49256]]}},{"type":"Feature","properties":{"boundary_score":0.0888,"activation_distance":0.09607},"geometry":{"type":"LineString","coordinates":[[114.07356,22.47219],[114.07376,22.47229]]}},{"type":"Feature","properties":{"boundary_score":0.0888,"activation_distance":0.09607},"geometry":{"type":"LineString","coordinates":[[114.07376,22.47229],[114.07356,22.47219]]}},{"type":"Feature","properties":{"boundary_score":0.275,"activation_distance":0.1916},"geometry":{"type":"LineString","coordinates":[[114.10329,22.49557],[114.1035,22.49548]]}},{"type":"Feature","properties":{"boundary_score":0.275,"activation_distance":0.1916},"geometry":{"type":"LineString","coordinates":[[114.1035,22.49548],[114.10329,22.49557]]}},{"type":"Feature","properties":{"boundary_score":0.0433,"activation_distance":0.07272},"geometry":{"type":"LineString","coordinates":[[114.14652,22.36931],[114.14674,22.3693]]}},{"type":"Feature","properties":{"boundary_score":0.0433,"activation_distance":0.07272},"geometry":{"type":"LineString","coordinates":[[114.14674,22.3693],[114.14652,22.36931]]}},{"type":"Feature","properties":{"boundary_score":0.2026,"activation_distance":0.15445},"geometry":{"type":"LineString","coordinates":[[114.15376,22.34973],[114.15387,22.34956]]}},{"type":"Feature","properties":{"boundary_score":0.2026,"activation_distance":0.15445},"geometry":{"type":"LineString","coordinates":[[114.15387,22.34956],[114.15376,22.34973]]}},{"type":"Feature","properties":{"boundary_score":0.4053,"activation_distance":0.25846},"geometry":{"type":"LineString","coordinates":[[114.06345,22.41617],[114.06341,22.41595]]}},{"type":"Feature","properties":{"boundary_score":0.4053,"activation_distance":0.25846},"geometry":{"type":"LineString","coordinates":[[114.06341,22.41595],[114.06345,22.41617]]}},{"type":"Feature","properties":{"boundary_score":0.2214,"activation_distance":0.16412},"geometry":{"type":"LineString","coordinates":[[114.13932,22.48369],[114.13934,22.48393]]}},{"type":"Feature","properties":{"boundary_score":0.2214,"activation_distance":0.16412},"geometry":{"type":"LineString","coordinates":[[114.13934,22.48393],[114.13932,22.48369]]}},{"type":"Feature","properties":{"boundary_score":0.0137,"activation_distance":0.05753},"geometry":{"type":"LineString","coordinates":[[114.05414,22.4729],[114.0542,22.47313]]}},{"type":"Feature","properties":{"boundary_score":0.0137,"activation_distance":0.05753},"geometry":{"type":"LineString","coordinates":[[114.0542,22.47313],[114.05414,22.4729]]}},{"type":"Feature","properties":{"boundary_score":0.0908,"activation_distance":0.0971},"geometry":{"type":"LineString","coordinates":[[114.05211,22.47637],[114.05188,22.47648]]}},{"type":"Feature","properties":{"boundary_score":0.0908,"activation_distance":0.0971},"geometry":{"type":"LineString","coordinates":[[114.05188,22.47648],[114.05211,22.47637]]}},{"type":"Feature","properties":{"boundary_score":0.0137,"activation_distance":0.05753},"geometry":{"type":"LineString","coordinates":[[114.0542,22.47313],[114.05414,22.4729]]}},{"type":"Feature","properties":{"boundary_score":0.0137,"activation_distance":0.05753},"geometry":{"type":"LineString","coordinates":[[114.05414,22.4729],[114.0542,22.47313]]}},{"type":"Feature","properties":{"boundary_score":0.236,"activation_distance":0.17159},"geometry":{"type":"LineString","coordinates":[[114.00286,22.43337],[114.00286,22.43361]]}},{"type":"Feature","properties":{"boundary_score":0.236,"activation_distance":0.17159},"geometry":{"type":"LineString","coordinates":[[114.00286,22.43361],[114.00286,22.43337]]}},{"type":"Feature","properties":{"boundary_score":0.0079,"activation_distance":0.05457},"geometry":{"type":"LineString","coordinates":[[114.1511,22.46183],[114.15131,22.4617]]}},{"type":"Feature","properties":{"boundary_score":0.0079,"activation_distance":0.05457},"geometry":{"type":"LineString","coordinates":[[114.15131,22.4617],[114.1511,22.46183]]}},{"type":"Feature","properties":{"boundary_score":0.0385,"activation_distance":0.07023},"geometry":{"type":"LineString","coordinates":[[114.1513,22.46163],[114.1511,22.46176]]}},{"type":"Feature","properties":{"boundary_score":0.0385,"activation_distance":0.07023},"geometry":{"type":"LineString","coordinates":[[114.1511,22.46176],[114.1513,22.46163]]}},{"type":"Feature","properties":{"boundary_score":0.1432,"activation_distance":0.12399},"geometry":{"type":"LineString","coordinates":[[114.08507,22.44198],[114.0853,22.44206]]}},{"type":"Feature","properties":{"boundary_score":0.1432,"activation_distance":0.12399},"geometry":{"type":"LineString","coordinates":[[114.0853,22.44206],[114.08507,22.44198]]}},{"type":"Feature","properties":{"boundary_score":0.4419,"activation_distance":0.27726},"geometry":{"type":"LineString","coordinates":[[114.0191,22.35805],[114.01909,22.35767]]}},{"type":"Feature","properties":{"boundary_score":0.4419,"activation_distance":0.27726},"geometry":{"type":"LineString","coordinates":[[114.01909,22.35767],[114.0191,22.35805]]}},{"type":"Feature","properties":{"boundary_score":0.2674,"activation_distance":0.1877},"geometry":{"type":"LineString","coordinates":[[114.14777,22.54056],[114.14799,22.54048]]}},{"type":"Feature","properties":{"boundary_score":0.2674,"activation_distance":0.1877},"geometry":{"type":"LineString","coordinates":[[114.14799,22.54048],[114.14777,22.54056]]}},{"type":"Feature","properties":{"boundary_score":0.0055,"activation_distance":0.05331},"geometry":{"type":"LineString","coordinates":[[114.13368,22.53597],[114.13383,22.53613]]}},{"type":"Feature","properties":{"boundary_score":0.0055,"activation_distance":0.05331},"geometry":{"type":"LineString","coordinates":[[114.13383,22.53613],[114.13368,22.53597]]}},{"type":"Feature","properties":{"boundary_score":0.0147,"activation_distance":0.05804},"geometry":{"type":"LineString","coordinates":[[113.91771,22.40609],[113.91779,22.40631]]}},{"type":"Feature","properties":{"boundary_score":0.0147,"activation_distance":0.05804},"geometry":{"type":"LineString","coordinates":[[113.91779,22.40631],[113.91771,22.40609]]}},{"type":"Feature","properties":{"boundary_score":0.0424,"activation_distance":0.07223},"geometry":{"type":"LineString","coordinates":[[114.07818,22.51101],[114.07798,22.51089]]}},{"type":"Feature","properties":{"boundary_score":0.0424,"activation_distance":0.07223},"geometry":{"type":"LineString","coordinates":[[114.07798,22.51089],[114.07818,22.51101]]}},{"type":"Feature","properties":{"boundary_score":0.0215,"activation_distance":0.06153},"geometry":{"type":"LineString","coordinates":[[114.12916,22.44343],[114.12936,22.44357]]}},{"type":"Feature","properties":{"boundary_score":0.0215,"activation_distance":0.06153},"geometry":{"type":"LineString","coordinates":[[114.12936,22.44357],[114.12916,22.44343]]}},{"type":"Feature","properties":{"boundary_score":0.0177,"activation_distance":0.05957},"geometry":{"type":"LineString","coordinates":[[114.04335,22.44155],[114.04338,22.44179]]}},{"type":"Feature","properties":{"boundary_score":0.0177,"activation_distance":0.05957},"geometry":{"type":"LineString","coordinates":[[114.04338,22.44179],[114.04335,22.44155]]}},{"type":"Feature","properties":{"boundary_score":0.5086,"activation_distance":0.31152},"geometry":{"type":"LineString","coordinates":[[114.04317,22.44312],[114.04317,22.44336]]}},{"type":"Feature","properties":{"boundary_score":0.5086,"activation_distance":0.31152},"geometry":{"type":"LineString","coordinates":[[114.04317,22.44336],[114.04317,22.44312]]}},{"type":"Feature","properties":{"boundary_score":0.0121,"activation_distance":0.0567},"geometry":{"type":"LineString","coordinates":[[114.06769,22.43962],[114.06792,22.43968]]}},{"type":"Feature","properties":{"boundary_score":0.0121,"activation_distance":0.0567},"geometry":{"type":"LineString","coordinates":[[114.06792,22.43968],[114.06769,22.43962]]}},{"type":"Feature","properties":{"boundary_score":0.5626,"activation_distance":0.33921},"geometry":{"type":"LineString","coordinates":[[114.07424,22.49712],[114.07402,22.49722]]}},{"type":"Feature","properties":{"boundary_score":0.5626,"activation_distance":0.33921},"geometry":{"type":"LineString","coordinates":[[114.07402,22.49722],[114.07424,22.49712]]}},{"type":"Feature","properties":{"boundary_score":0.0696,"activation_distance":0.08623},"geometry":{"type":"LineString","coordinates":[[113.98798,22.4707],[113.98815,22.47086]]}},{"type":"Feature","properties":{"boundary_score":0.0696,"activation_distance":0.08623},"geometry":{"type":"LineString","coordinates":[[113.98815,22.47086],[113.98798,22.4707]]}},{"type":"Feature","properties":{"boundary_score":0.2398,"activation_distance":0.17355},"geometry":{"type":"LineString","coordinates":[[114.14871,22.46397],[114.14864,22.46376]]}},{"type":"Feature","properties":{"boundary_score":0.2398,"activation_distance":0.17355},"geometry":{"type":"LineString","coordinates":[[114.14864,22.46376],[114.14871,22.46397]]}},{"type":"Feature","properties":{"boundary_score":0.2673,"activation_distance":0.18769},"geometry":{"type":"LineString","coordinates":[[114.14854,22.46457],[114.14851,22.46483]]}},{"type":"Feature","properties":{"boundary_score":0.2673,"activation_distance":0.18769},"geometry":{"type":"LineString","coordinates":[[114.14851,22.46483],[114.14854,22.46457]]}},{"type":"Feature","properties":{"boundary_score":0.2673,"activation_distance":0.18769},"geometry":{"type":"LineString","coordinates":[[114.14851,22.46483],[114.14854,22.46457]]}},{"type":"Feature","properties":{"boundary_score":0.2673,"activation_distance":0.18769},"geometry":{"type":"LineString","coordinates":[[114.14854,22.46457],[114.14851,22.46483]]}},{"type":"Feature","properties":{"boundary_score":0.0757,"activation_distance":0.08936},"geometry":{"type":"LineString","coordinates":[[114.10049,22.45837],[114.10067,22.45851]]}},{"type":"Feature","properties":{"boundary_score":0.0757,"activation_distance":0.08936},"geometry":{"type":"LineString","coordinates":[[114.10067,22.45851],[114.10049,22.45837]]}},{"type":"Feature","properties":{"boundary_score":0.0613,"activation_distance":0.08194},"geometry":{"type":"LineString","coordinates":[[114.10586,22.464],[114.10606,22.46412]]}},{"type":"Feature","properties":{"boundary_score":0.0613,"activation_distance":0.08194},"geometry":{"type":"LineString","coordinates":[[114.10606,22.46412],[114.10586,22.464]]}},{"type":"Feature","properties":{"boundary_score":0.0116,"activation_distance":0.05644},"geometry":{"type":"LineString","coordinates":[[114.10376,22.39502],[114.10389,22.3952]]}},{"type":"Feature","properties":{"boundary_score":0.0116,"activation_distance":0.05644},"geometry":{"type":"LineString","coordinates":[[114.10389,22.3952],[114.10376,22.39502]]}},{"type":"Feature","properties":{"boundary_score":0.0241,"activation_distance":0.06285},"geometry":{"type":"LineString","coordinates":[[114.10302,22.39231],[114.10319,22.39245]]}},{"type":"Feature","properties":{"boundary_score":0.0241,"activation_distance":0.06285},"geometry":{"type":"LineString","coordinates":[[114.10319,22.39245],[114.10302,22.39231]]}},{"type":"Feature","properties":{"boundary_score":0.0202,"activation_distance":0.06088},"geometry":{"type":"LineString","coordinates":[[114.10419,22.39236],[114.10428,22.39215]]}},{"type":"Feature","properties":{"boundary_score":0.0202,"activation_distance":0.06088},"geometry":{"type":"LineString","coordinates":[[114.10428,22.39215],[114.10419,22.39236]]}},{"type":"Feature","properties":{"boundary_score":0.1175,"activation_distance":0.11077},"geometry":{"type":"LineString","coordinates":[[114.11201,22.38215],[114.11209,22.38194]]}},{"type":"Feature","properties":{"boundary_score":0.1175,"activation_distance":0.11077},"geometry":{"type":"LineString","coordinates":[[114.11209,22.38194],[114.11201,22.38215]]}},{"type":"Feature","properties":{"boundary_score":0.0007,"activation_distance":0.05085},"geometry":{"type":"LineString","coordinates":[[114.01645,22.41405],[114.01658,22.41425]]}},{"type":"Feature","properties":{"boundary_score":0.0007,"activation_distance":0.05085},"geometry":{"type":"LineString","coordinates":[[114.01658,22.41425],[114.01645,22.41405]]}},{"type":"Feature","properties":{"boundary_score":0.0523,"activation_distance":0.07733},"geometry":{"type":"LineString","coordinates":[[114.03746,22.42568],[114.03766,22.42577]]}},{"type":"Feature","properties":{"boundary_score":0.0523,"activation_distance":0.07733},"geometry":{"type":"LineString","coordinates":[[114.03766,22.42577],[114.03746,22.42568]]}},{"type":"Feature","properties":{"boundary_score":0.2588,"activation_distance":0.1833},"geometry":{"type":"LineString","coordinates":[[114.02842,22.42645],[114.02822,22.42635]]}},{"type":"Feature","properties":{"boundary_score":0.2588,"activation_distance":0.1833},"geometry":{"type":"LineString","coordinates":[[114.02822,22.42635],[114.02842,22.42645]]}},{"type":"Feature","properties":{"boundary_score":0.1173,"activation_distance":0.11069},"geometry":{"type":"LineString","coordinates":[[114.13269,22.44325],[114.13263,22.44347]]}},{"type":"Feature","properties":{"boundary_score":0.1173,"activation_distance":0.11069},"geometry":{"type":"LineString","coordinates":[[114.13263,22.44347],[114.13269,22.44325]]}},{"type":"Feature","properties":{"boundary_score":0.0746,"activation_distance":0.08876},"geometry":{"type":"LineString","coordinates":[[113.98951,22.41586],[113.98928,22.41581]]}},{"type":"Feature","properties":{"boundary_score":0.0746,"activation_distance":0.08876},"geometry":{"type":"LineString","coordinates":[[113.98928,22.41581],[113.98951,22.41586]]}},{"type":"Feature","properties":{"boundary_score":0.0419,"activation_distance":0.07202},"geometry":{"type":"LineString","coordinates":[[114.08724,22.49284],[114.0872,22.49307]]}},{"type":"Feature","properties":{"boundary_score":0.0419,"activation_distance":0.07202},"geometry":{"type":"LineString","coordinates":[[114.0872,22.49307],[114.08724,22.49284]]}},{"type":"Feature","properties":{"boundary_score":0.5626,"activation_distance":0.33921},"geometry":{"type":"LineString","coordinates":[[114.07402,22.49722],[114.07424,22.49712]]}},{"type":"Feature","properties":{"boundary_score":0.5626,"activation_distance":0.33921},"geometry":{"type":"LineString","coordinates":[[114.07424,22.49712],[114.07402,22.49722]]}},{"type":"Feature","properties":{"boundary_score":0.026,"activation_distance":0.06382},"geometry":{"type":"LineString","coordinates":[[114.13883,22.38269],[114.13901,22.38289]]}},{"type":"Feature","properties":{"boundary_score":0.026,"activation_distance":0.06382},"geometry":{"type":"LineString","coordinates":[[114.13901,22.38289],[114.13883,22.38269]]}},{"type":"Feature","properties":{"boundary_score":0.026,"activation_distance":0.06382},"geometry":{"type":"LineString","coordinates":[[114.13901,22.38289],[114.13883,22.38269]]}},{"type":"Feature","properties":{"boundary_score":0.026,"activation_distance":0.06382},"geometry":{"type":"LineString","coordinates":[[114.13883,22.38269],[114.13901,22.38289]]}},{"type":"Feature","properties":{"boundary_score":0.0093,"activation_distance":0.05527},"geometry":{"type":"LineString","coordinates":[[113.98419,22.42346],[113.98404,22.42364]]}},{"type":"Feature","properties":{"boundary_score":0.0093,"activation_distance":0.05527},"geometry":{"type":"LineString","coordinates":[[113.98404,22.42364],[113.98419,22.42346]]}},{"type":"Feature","properties":{"boundary_score":0.0866,"activation_distance":0.09495},"geometry":{"type":"LineString","coordinates":[[113.98404,22.42364],[113.98388,22.42382]]}},{"type":"Feature","properties":{"boundary_score":0.0866,"activation_distance":0.09495},"geometry":{"type":"LineString","coordinates":[[113.98388,22.42382],[113.98404,22.42364]]}},{"type":"Feature","properties":{"boundary_score":0.2426,"activation_distance":0.17499},"geometry":{"type":"LineString","coordinates":[[113.98317,22.42477],[113.98307,22.42499]]}},{"type":"Feature","properties":{"boundary_score":0.2426,"activation_distance":0.17499},"geometry":{"type":"LineString","coordinates":[[113.98307,22.42499],[113.98317,22.42477]]}},{"type":"Feature","properties":{"boundary_score":0.1593,"activation_distance":0.13227},"geometry":{"type":"LineString","coordinates":[[113.98442,22.42372],[113.98447,22.42394]]}},{"type":"Feature","properties":{"boundary_score":0.1593,"activation_distance":0.13227},"geometry":{"type":"LineString","coordinates":[[113.98447,22.42394],[113.98442,22.42372]]}},{"type":"Feature","properties":{"boundary_score":0.2426,"activation_distance":0.17499},"geometry":{"type":"LineString","coordinates":[[113.98307,22.42499],[113.98317,22.42477]]}},{"type":"Feature","properties":{"boundary_score":0.2426,"activation_distance":0.17499},"geometry":{"type":"LineString","coordinates":[[113.98317,22.42477],[113.98307,22.42499]]}},{"type":"Feature","properties":{"boundary_score":0.0866,"activation_distance":0.09495},"geometry":{"type":"LineString","coordinates":[[113.98388,22.42382],[113.98404,22.42364]]}},{"type":"Feature","properties":{"boundary_score":0.0866,"activation_distance":0.09495},"geometry":{"type":"LineString","coordinates":[[113.98404,22.42364],[113.98388,22.42382]]}},{"type":"Feature","properties":{"boundary_score":0.0093,"activation_distance":0.05527},"geometry":{"type":"LineString","coordinates":[[113.98404,22.42364],[113.98419,22.42346]]}},{"type":"Feature","properties":{"boundary_score":0.0093,"activation_distance":0.05527},"geometry":{"type":"LineString","coordinates":[[113.98419,22.42346],[113.98404,22.42364]]}},{"type":"Feature","properties":{"boundary_score":0.1753,"activation_distance":0.14047},"geometry":{"type":"LineString","coordinates":[[114.14943,22.46512],[114.14911,22.46519]]}},{"type":"Feature","properties":{"boundary_score":0.1753,"activation_distance":0.14047},"geometry":{"type":"LineString","coordinates":[[114.14911,22.46519],[114.14943,22.46512]]}},{"type":"Feature","properties":{"boundary_score":0.0691,"activation_distance":0.08595},"geometry":{"type":"LineString","coordinates":[[114.11006,22.39868],[114.11009,22.39891]]}},{"type":"Feature","properties":{"boundary_score":0.0691,"activation_distance":0.08595},"geometry":{"type":"LineString","coordinates":[[114.11009,22.39891],[114.11006,22.39868]]}},{"type":"Feature","properties":{"boundary_score":0.2588,"activation_distance":0.1833},"geometry":{"type":"LineString","coordinates":[[114.02822,22.42635],[114.02842,22.42645]]}},{"type":"Feature","properties":{"boundary_score":0.2588,"activation_distance":0.1833},"geometry":{"type":"LineString","coordinates":[[114.02842,22.42645],[114.02822,22.42635]]}},{"type":"Feature","properties":{"boundary_score":0.0207,"activation_distance":0.06114},"geometry":{"type":"LineString","coordinates":[[114.01606,22.43338],[114.01599,22.43359]]}},{"type":"Feature","properties":{"boundary_score":0.0207,"activation_distance":0.06114},"geometry":{"type":"LineString","coordinates":[[114.01599,22.43359],[114.01606,22.43338]]}},{"type":"Feature","properties":{"boundary_score":0.3948,"activation_distance":0.2531},"geometry":{"type":"LineString","coordinates":[[114.03415,22.43423],[114.03438,22.4343]]}},{"type":"Feature","properties":{"boundary_score":0.3948,"activation_distance":0.2531},"geometry":{"type":"LineString","coordinates":[[114.03438,22.4343],[114.03415,22.43423]]}},{"type":"Feature","properties":{"boundary_score":0.1938,"activation_distance":0.14995},"geometry":{"type":"LineString","coordinates":[[114.01546,22.43392],[114.01565,22.43416]]}},{"type":"Feature","properties":{"boundary_score":0.1938,"activation_distance":0.14995},"geometry":{"type":"LineString","coordinates":[[114.01565,22.43416],[114.01546,22.43392]]}},{"type":"Feature","properties":{"boundary_score":0.0207,"activation_distance":0.06114},"geometry":{"type":"LineString","coordinates":[[114.01599,22.43359],[114.01606,22.43338]]}},{"type":"Feature","properties":{"boundary_score":0.0207,"activation_distance":0.06114},"geometry":{"type":"LineString","coordinates":[[114.01606,22.43338],[114.01599,22.43359]]}},{"type":"Feature","properties":{"boundary_score":0.0657,"activation_distance":0.08419},"geometry":{"type":"LineString","coordinates":[[114.01666,22.43457],[114.01686,22.4347]]}},{"type":"Feature","properties":{"boundary_score":0.0657,"activation_distance":0.08419},"geometry":{"type":"LineString","coordinates":[[114.01686,22.4347],[114.01666,22.43457]]}},{"type":"Feature","properties":{"boundary_score":0.1276,"activation_distance":0.11599},"geometry":{"type":"LineString","coordinates":[[114.01623,22.42643],[114.01607,22.42627]]}},{"type":"Feature","properties":{"boundary_score":0.1276,"activation_distance":0.11599},"geometry":{"type":"LineString","coordinates":[[114.01607,22.42627],[114.01623,22.42643]]}},{"type":"Feature","properties":{"boundary_score":0.0657,"activation_distance":0.08419},"geometry":{"type":"LineString","coordinates":[[114.01686,22.4347],[114.01666,22.43457]]}},{"type":"Feature","properties":{"boundary_score":0.0657,"activation_distance":0.08419},"geometry":{"type":"LineString","coordinates":[[114.01666,22.43457],[114.01686,22.4347]]}},{"type":"Feature","properties":{"boundary_score":0.0134,"activation_distance":0.05737},"geometry":{"type":"LineString","coordinates":[[114.028,22.43748],[114.0283,22.4375]]}},{"type":"Feature","properties":{"boundary_score":0.0134,"activation_distance":0.05737},"geometry":{"type":"LineString","coordinates":[[114.0283,22.4375],[114.028,22.43748]]}},{"type":"Feature","properties":{"boundary_score":0.5086,"activation_distance":0.31152},"geometry":{"type":"LineString","coordinates":[[114.04317,22.44336],[114.04317,22.44312]]}},{"type":"Feature","properties":{"boundary_score":0.5086,"activation_distance":0.31152},"geometry":{"type":"LineString","coordinates":[[114.04317,22.44312],[114.04317,22.44336]]}},{"type":"Feature","properties":{"boundary_score":0.0177,"activation_distance":0.05957},"geometry":{"type":"LineString","coordinates":[[114.04338,22.44179],[114.04335,22.44155]]}},{"type":"Feature","properties":{"boundary_score":0.0177,"activation_distance":0.05957},"geometry":{"type":"LineString","coordinates":[[114.04335,22.44155],[114.04338,22.44179]]}},{"type":"Feature","properties":{"boundary_score":0.1875,"activation_distance":0.14673},"geometry":{"type":"LineString","coordinates":[[114.02462,22.45204],[114.02451,22.45224]]}},{"type":"Feature","properties":{"boundary_score":0.1875,"activation_distance":0.14673},"geometry":{"type":"LineString","coordinates":[[114.02451,22.45224],[114.02462,22.45204]]}},{"type":"Feature","properties":{"boundary_score":0.2125,"activation_distance":0.15953},"geometry":{"type":"LineString","coordinates":[[114.01811,22.46366],[114.01841,22.46394]]}},{"type":"Feature","properties":{"boundary_score":0.2125,"activation_distance":0.15953},"geometry":{"type":"LineString","coordinates":[[114.01841,22.46394],[114.01811,22.46366]]}},{"type":"Feature","properties":{"boundary_score":0.0613,"activation_distance":0.08194},"geometry":{"type":"LineString","coordinates":[[114.10606,22.46412],[114.10586,22.464]]}},{"type":"Feature","properties":{"boundary_score":0.0613,"activation_distance":0.08194},"geometry":{"type":"LineString","coordinates":[[114.10586,22.464],[114.10606,22.46412]]}},{"type":"Feature","properties":{"boundary_score":0.0757,"activation_distance":0.08936},"geometry":{"type":"LineString","coordinates":[[114.10067,22.45851],[114.10049,22.45837]]}},{"type":"Feature","properties":{"boundary_score":0.0757,"activation_distance":0.08936},"geometry":{"type":"LineString","coordinates":[[114.10049,22.45837],[114.10067,22.45851]]}},{"type":"Feature","properties":{"boundary_score":0.2027,"activation_distance":0.15451},"geometry":{"type":"LineString","coordinates":[[114.09412,22.43879],[114.09431,22.43866]]}},{"type":"Feature","properties":{"boundary_score":0.2027,"activation_distance":0.15451},"geometry":{"type":"LineString","coordinates":[[114.09431,22.43866],[114.09412,22.43879]]}},{"type":"Feature","properties":{"boundary_score":0.2076,"activation_distance":0.15701},"geometry":{"type":"LineString","coordinates":[[114.09315,22.43882],[114.09307,22.43854]]}},{"type":"Feature","properties":{"boundary_score":0.2076,"activation_distance":0.15701},"geometry":{"type":"LineString","coordinates":[[114.09307,22.43854],[114.09315,22.43882]]}},{"type":"Feature","properties":{"boundary_score":0.0729,"activation_distance":0.0879},"geometry":{"type":"LineString","coordinates":[[114.08079,22.42624],[114.08061,22.4261]]}},{"type":"Feature","properties":{"boundary_score":0.0729,"activation_distance":0.0879},"geometry":{"type":"LineString","coordinates":[[114.08061,22.4261],[114.08079,22.42624]]}},{"type":"Feature","properties":{"boundary_score":0.0237,"activation_distance":0.06264},"geometry":{"type":"LineString","coordinates":[[114.0554,22.45231],[114.05562,22.45234]]}},{"type":"Feature","properties":{"boundary_score":0.0237,"activation_distance":0.06264},"geometry":{"type":"LineString","coordinates":[[114.05562,22.45234],[114.0554,22.45231]]}},{"type":"Feature","properties":{"boundary_score":0.0606,"activation_distance":0.0816},"geometry":{"type":"LineString","coordinates":[[114.14126,22.44765],[114.14134,22.44786]]}},{"type":"Feature","properties":{"boundary_score":0.0606,"activation_distance":0.0816},"geometry":{"type":"LineString","coordinates":[[114.14134,22.44786],[114.14126,22.44765]]}},{"type":"Feature","properties":{"boundary_score":0.0606,"activation_distance":0.0816},"geometry":{"type":"LineString","coordinates":[[114.14134,22.44786],[114.14126,22.44765]]}},{"type":"Feature","properties":{"boundary_score":0.0606,"activation_distance":0.0816},"geometry":{"type":"LineString","coordinates":[[114.14126,22.44765],[114.14134,22.44786]]}},{"type":"Feature","properties":{"boundary_score":0.0463,"activation_distance":0.07424},"geometry":{"type":"LineString","coordinates":[[114.07748,22.42523],[114.07763,22.42542]]}},{"type":"Feature","properties":{"boundary_score":0.0463,"activation_distance":0.07424},"geometry":{"type":"LineString","coordinates":[[114.07763,22.42542],[114.07748,22.42523]]}},{"type":"Feature","properties":{"boundary_score":0.0144,"activation_distance":0.05789},"geometry":{"type":"LineString","coordinates":[[114.08717,22.44355],[114.08738,22.44364]]}},{"type":"Feature","properties":{"boundary_score":0.0144,"activation_distance":0.05789},"geometry":{"type":"LineString","coordinates":[[114.08738,22.44364],[114.08717,22.44355]]}},{"type":"Feature","properties":{"boundary_score":0.0592,"activation_distance":0.08085},"geometry":{"type":"LineString","coordinates":[[114.08549,22.4418],[114.08527,22.4417]]}},{"type":"Feature","properties":{"boundary_score":0.0592,"activation_distance":0.08085},"geometry":{"type":"LineString","coordinates":[[114.08527,22.4417],[114.08549,22.4418]]}},{"type":"Feature","properties":{"boundary_score":0.1432,"activation_distance":0.12399},"geometry":{"type":"LineString","coordinates":[[114.0853,22.44206],[114.08507,22.44198]]}},{"type":"Feature","properties":{"boundary_score":0.1432,"activation_distance":0.12399},"geometry":{"type":"LineString","coordinates":[[114.08507,22.44198],[114.0853,22.44206]]}},{"type":"Feature","properties":{"boundary_score":0.0095,"activation_distance":0.05539},"geometry":{"type":"LineString","coordinates":[[114.07846,22.44587],[114.07846,22.4461]]}},{"type":"Feature","properties":{"boundary_score":0.0095,"activation_distance":0.05539},"geometry":{"type":"LineString","coordinates":[[114.07846,22.4461],[114.07846,22.44587]]}},{"type":"Feature","properties":{"boundary_score":0.04,"activation_distance":0.07104},"geometry":{"type":"LineString","coordinates":[[114.0609,22.4455],[114.06109,22.4453]]}},{"type":"Feature","properties":{"boundary_score":0.04,"activation_distance":0.07104},"geometry":{"type":"LineString","coordinates":[[114.06109,22.4453],[114.0609,22.4455]]}},{"type":"Feature","properties":{"boundary_score":0.309,"activation_distance":0.20908},"geometry":{"type":"LineString","coordinates":[[114.06056,22.49093],[114.06078,22.49082]]}},{"type":"Feature","properties":{"boundary_score":0.309,"activation_distance":0.20908},"geometry":{"type":"LineString","coordinates":[[114.06078,22.49082],[114.06056,22.49093]]}},{"type":"Feature","properties":{"boundary_score":0.2222,"activation_distance":0.16452},"geometry":{"type":"LineString","coordinates":[[114.12276,22.52157],[114.12258,22.52173]]}},{"type":"Feature","properties":{"boundary_score":0.2222,"activation_distance":0.16452},"geometry":{"type":"LineString","coordinates":[[114.12258,22.52173],[114.12276,22.52157]]}},{"type":"Feature","properties":{"boundary_score":0.0774,"activation_distance":0.09019},"geometry":{"type":"LineString","coordinates":[[114.14267,22.49577],[114.14245,22.49594]]}},{"type":"Feature","properties":{"boundary_score":0.0774,"activation_distance":0.09019},"geometry":{"type":"LineString","coordinates":[[114.14245,22.49594],[114.14267,22.49577]]}},{"type":"Feature","properties":{"boundary_score":0.2442,"activation_distance":0.17583},"geometry":{"type":"LineString","coordinates":[[113.9838,22.46432],[113.98382,22.46457]]}},{"type":"Feature","properties":{"boundary_score":0.2442,"activation_distance":0.17583},"geometry":{"type":"LineString","coordinates":[[113.98382,22.46457],[113.9838,22.46432]]}},{"type":"Feature","properties":{"boundary_score":0.1381,"activation_distance":0.12137},"geometry":{"type":"LineString","coordinates":[[114.11926,22.48007],[114.11947,22.48016]]}},{"type":"Feature","properties":{"boundary_score":0.1381,"activation_distance":0.12137},"geometry":{"type":"LineString","coordinates":[[114.11947,22.48016],[114.11926,22.48007]]}},{"type":"Feature","properties":{"boundary_score":0.0136,"activation_distance":0.05746},"geometry":{"type":"LineString","coordinates":[[114.12333,22.47998],[114.12355,22.47993]]}},{"type":"Feature","properties":{"boundary_score":0.0136,"activation_distance":0.05746},"geometry":{"type":"LineString","coordinates":[[114.12355,22.47993],[114.12333,22.47998]]}},{"type":"Feature","properties":{"boundary_score":0.2089,"activation_distance":0.15771},"geometry":{"type":"LineString","coordinates":[[114.13171,22.5356],[114.13179,22.53538]]}},{"type":"Feature","properties":{"boundary_score":0.2089,"activation_distance":0.15771},"geometry":{"type":"LineString","coordinates":[[114.13179,22.53538],[114.13171,22.5356]]}},{"type":"Feature","properties":{"boundary_score":0.0481,"activation_distance":0.07516},"geometry":{"type":"LineString","coordinates":[[114.10453,22.50067],[114.10449,22.50042]]}},{"type":"Feature","properties":{"boundary_score":0.0481,"activation_distance":0.07516},"geometry":{"type":"LineString","coordinates":[[114.10449,22.50042],[114.10453,22.50067]]}},{"type":"Feature","properties":{"boundary_score":0.0344,"activation_distance":0.06817},"geometry":{"type":"LineString","coordinates":[[113.96069,22.3765],[113.96041,22.3762]]}},{"type":"Feature","properties":{"boundary_score":0.0344,"activation_distance":0.06817},"geometry":{"type":"LineString","coordinates":[[113.96041,22.3762],[113.96069,22.3765]]}},{"type":"Feature","properties":{"boundary_score":0.0029,"activation_distance":0.05199},"geometry":{"type":"LineString","coordinates":[[113.96039,22.38056],[113.96062,22.38058]]}},{"type":"Feature","properties":{"boundary_score":0.0029,"activation_distance":0.05199},"geometry":{"type":"LineString","coordinates":[[113.96062,22.38058],[113.96039,22.38056]]}},{"type":"Feature","properties":{"boundary_score":0.159,"activation_distance":0.13209},"geometry":{"type":"LineString","coordinates":[[113.96197,22.38062],[113.9622,22.38063]]}},{"type":"Feature","properties":{"boundary_score":0.159,"activation_distance":0.13209},"geometry":{"type":"LineString","coordinates":[[113.9622,22.38063],[113.96197,22.38062]]}},{"type":"Feature","properties":{"boundary_score":0.1371,"activation_distance":0.12087},"geometry":{"type":"LineString","coordinates":[[113.94354,22.42301],[113.94332,22.42306]]}},{"type":"Feature","properties":{"boundary_score":0.1371,"activation_distance":0.12087},"geometry":{"type":"LineString","coordinates":[[113.94332,22.42306],[113.94354,22.42301]]}},{"type":"Feature","properties":{"boundary_score":0.0814,"activation_distance":0.09225},"geometry":{"type":"LineString","coordinates":[[114.11299,22.49782],[114.11277,22.49767]]}},{"type":"Feature","properties":{"boundary_score":0.0814,"activation_distance":0.09225},"geometry":{"type":"LineString","coordinates":[[114.11277,22.49767],[114.11299,22.49782]]}},{"type":"Feature","properties":{"boundary_score":0.0098,"activation_distance":0.05554},"geometry":{"type":"LineString","coordinates":[[114.14,22.52729],[114.13982,22.52721]]}},{"type":"Feature","properties":{"boundary_score":0.0098,"activation_distance":0.05554},"geometry":{"type":"LineString","coordinates":[[114.13982,22.52721],[114.14,22.52729]]}},{"type":"Feature","properties":{"boundary_score":0.1211,"activation_distance":0.11266},"geometry":{"type":"LineString","coordinates":[[114.13935,22.52608],[114.13917,22.52594]]}},{"type":"Feature","properties":{"boundary_score":0.1211,"activation_distance":0.11266},"geometry":{"type":"LineString","coordinates":[[114.13917,22.52594],[114.13935,22.52608]]}},{"type":"Feature","properties":{"boundary_score":0.2398,"activation_distance":0.17353},"geometry":{"type":"LineString","coordinates":[[114.12901,22.53191],[114.12885,22.53209]]}},{"type":"Feature","properties":{"boundary_score":0.2398,"activation_distance":0.17353},"geometry":{"type":"LineString","coordinates":[[114.12885,22.53209],[114.12901,22.53191]]}},{"type":"Feature","properties":{"boundary_score":0.2398,"activation_distance":0.17353},"geometry":{"type":"LineString","coordinates":[[114.12885,22.53209],[114.12901,22.53191]]}},{"type":"Feature","properties":{"boundary_score":0.2398,"activation_distance":0.17353},"geometry":{"type":"LineString","coordinates":[[114.12901,22.53191],[114.12885,22.53209]]}},{"type":"Feature","properties":{"boundary_score":0.0696,"activation_distance":0.08623},"geometry":{"type":"LineString","coordinates":[[113.98815,22.47086],[113.98798,22.4707]]}},{"type":"Feature","properties":{"boundary_score":0.0696,"activation_distance":0.08623},"geometry":{"type":"LineString","coordinates":[[113.98798,22.4707],[113.98815,22.47086]]}},{"type":"Feature","properties":{"boundary_score":0.3283,"activation_distance":0.21896},"geometry":{"type":"LineString","coordinates":[[114.00294,22.37619],[114.00319,22.37623]]}},{"type":"Feature","properties":{"boundary_score":0.3283,"activation_distance":0.21896},"geometry":{"type":"LineString","coordinates":[[114.00319,22.37623],[114.00294,22.37619]]}},{"type":"Feature","properties":{"boundary_score":0.0803,"activation_distance":0.0917},"geometry":{"type":"LineString","coordinates":[[114.01072,22.37786],[114.01068,22.37809]]}},{"type":"Feature","properties":{"boundary_score":0.0803,"activation_distance":0.0917},"geometry":{"type":"LineString","coordinates":[[114.01068,22.37809],[114.01072,22.37786]]}},{"type":"Feature","properties":{"boundary_score":0.0063,"activation_distance":0.05371},"geometry":{"type":"LineString","coordinates":[[113.98864,22.44556],[113.98841,22.44565]]}},{"type":"Feature","properties":{"boundary_score":0.0063,"activation_distance":0.05371},"geometry":{"type":"LineString","coordinates":[[113.98841,22.44565],[113.98864,22.44556]]}},{"type":"Feature","properties":{"boundary_score":0.0188,"activation_distance":0.06013},"geometry":{"type":"LineString","coordinates":[[113.99223,22.44498],[113.9924,22.44517]]}},{"type":"Feature","properties":{"boundary_score":0.0188,"activation_distance":0.06013},"geometry":{"type":"LineString","coordinates":[[113.9924,22.44517],[113.99223,22.44498]]}},{"type":"Feature","properties":{"boundary_score":0.0188,"activation_distance":0.06013},"geometry":{"type":"LineString","coordinates":[[113.9924,22.44517],[113.99223,22.44498]]}},{"type":"Feature","properties":{"boundary_score":0.0188,"activation_distance":0.06013},"geometry":{"type":"LineString","coordinates":[[113.99223,22.44498],[113.9924,22.44517]]}},{"type":"Feature","properties":{"boundary_score":0.0876,"activation_distance":0.09547},"geometry":{"type":"LineString","coordinates":[[113.98648,22.44977],[113.98629,22.44963]]}},{"type":"Feature","properties":{"boundary_score":0.0876,"activation_distance":0.09547},"geometry":{"type":"LineString","coordinates":[[113.98629,22.44963],[113.98648,22.44977]]}},{"type":"Feature","properties":{"boundary_score":0.0582,"activation_distance":0.08038},"geometry":{"type":"LineString","coordinates":[[113.98629,22.44963],[113.9861,22.4495]]}},{"type":"Feature","properties":{"boundary_score":0.0582,"activation_distance":0.08038},"geometry":{"type":"LineString","coordinates":[[113.9861,22.4495],[113.98629,22.44963]]}},{"type":"Feature","properties":{"boundary_score":0.0605,"activation_distance":0.08155},"geometry":{"type":"LineString","coordinates":[[113.96857,22.45267],[113.96878,22.45274]]}},{"type":"Feature","properties":{"boundary_score":0.0605,"activation_distance":0.08155},"geometry":{"type":"LineString","coordinates":[[113.96878,22.45274],[113.96857,22.45267]]}},{"type":"Feature","properties":{"boundary_score":0.0605,"activation_distance":0.08155},"geometry":{"type":"LineString","coordinates":[[113.96878,22.45274],[113.96857,22.45267]]}},{"type":"Feature","properties":{"boundary_score":0.0605,"activation_distance":0.08155},"geometry":{"type":"LineString","coordinates":[[113.96857,22.45267],[113.96878,22.45274]]}},{"type":"Feature","properties":{"boundary_score":0.1142,"activation_distance":0.10912},"geometry":{"type":"LineString","coordinates":[[113.99821,22.4862],[113.99832,22.48642]]}},{"type":"Feature","properties":{"boundary_score":0.1142,"activation_distance":0.10912},"geometry":{"type":"LineString","coordinates":[[113.99832,22.48642],[113.99821,22.4862]]}},{"type":"Feature","properties":{"boundary_score":0.1142,"activation_distance":0.10912},"geometry":{"type":"LineString","coordinates":[[113.99832,22.48642],[113.99821,22.4862]]}},{"type":"Feature","properties":{"boundary_score":0.1142,"activation_distance":0.10912},"geometry":{"type":"LineString","coordinates":[[113.99821,22.4862],[113.99832,22.48642]]}},{"type":"Feature","properties":{"boundary_score":0.0021,"activation_distance":0.05156},"geometry":{"type":"LineString","coordinates":[[114.00119,22.48867],[114.00127,22.48889]]}},{"type":"Feature","properties":{"boundary_score":0.0021,"activation_distance":0.05156},"geometry":{"type":"LineString","coordinates":[[114.00127,22.48889],[114.00119,22.48867]]}},{"type":"Feature","properties":{"boundary_score":0.0021,"activation_distance":0.05156},"geometry":{"type":"LineString","coordinates":[[114.00127,22.48889],[114.00119,22.48867]]}},{"type":"Feature","properties":{"boundary_score":0.0021,"activation_distance":0.05156},"geometry":{"type":"LineString","coordinates":[[114.00119,22.48867],[114.00127,22.48889]]}},{"type":"Feature","properties":{"boundary_score":0.0384,"activation_distance":0.07018},"geometry":{"type":"LineString","coordinates":[[114.02336,22.42986],[114.02329,22.42963]]}},{"type":"Feature","properties":{"boundary_score":0.0384,"activation_distance":0.07018},"geometry":{"type":"LineString","coordinates":[[114.02329,22.42963],[114.02336,22.42986]]}},{"type":"Feature","properties":{"boundary_score":0.0275,"activation_distance":0.0646},"geometry":{"type":"LineString","coordinates":[[114.12096,22.43667],[114.12112,22.43683]]}},{"type":"Feature","properties":{"boundary_score":0.0275,"activation_distance":0.0646},"geometry":{"type":"LineString","coordinates":[[114.12112,22.43683],[114.12096,22.43667]]}},{"type":"Feature","properties":{"boundary_score":0.0729,"activation_distance":0.0879},"geometry":{"type":"LineString","coordinates":[[114.08061,22.4261],[114.08079,22.42624]]}},{"type":"Feature","properties":{"boundary_score":0.0729,"activation_distance":0.0879},"geometry":{"type":"LineString","coordinates":[[114.08079,22.42624],[114.08061,22.4261]]}},{"type":"Feature","properties":{"boundary_score":0.0007,"activation_distance":0.05084},"geometry":{"type":"LineString","coordinates":[[114.05037,22.3691],[114.0505,22.36929]]}},{"type":"Feature","properties":{"boundary_score":0.0007,"activation_distance":0.05084},"geometry":{"type":"LineString","coordinates":[[114.0505,22.36929],[114.05037,22.3691]]}},{"type":"Feature","properties":{"boundary_score":0.0947,"activation_distance":0.09908},"geometry":{"type":"LineString","coordinates":[[114.04776,22.36606],[114.04764,22.36585]]}},{"type":"Feature","properties":{"boundary_score":0.0947,"activation_distance":0.09908},"geometry":{"type":"LineString","coordinates":[[114.04764,22.36585],[114.04776,22.36606]]}},{"type":"Feature","properties":{"boundary_score":0.0349,"activation_distance":0.06839},"geometry":{"type":"LineString","coordinates":[[114.04792,22.36602],[114.04785,22.3658]]}},{"type":"Feature","properties":{"boundary_score":0.0349,"activation_distance":0.06839},"geometry":{"type":"LineString","coordinates":[[114.04785,22.3658],[114.04792,22.36602]]}},{"type":"Feature","properties":{"boundary_score":0.0349,"activation_distance":0.06839},"geometry":{"type":"LineString","coordinates":[[114.04785,22.3658],[114.04792,22.36602]]}},{"type":"Feature","properties":{"boundary_score":0.0349,"activation_distance":0.06839},"geometry":{"type":"LineString","coordinates":[[114.04792,22.36602],[114.04785,22.3658]]}},{"type":"Feature","properties":{"boundary_score":0.0814,"activation_distance":0.09225},"geometry":{"type":"LineString","coordinates":[[114.11277,22.49767],[114.11299,22.49782]]}},{"type":"Feature","properties":{"boundary_score":0.0814,"activation_distance":0.09225},"geometry":{"type":"LineString","coordinates":[[114.11299,22.49782],[114.11277,22.49767]]}},{"type":"Feature","properties":{"boundary_score":0.132,"activation_distance":0.11821},"geometry":{"type":"LineString","coordinates":[[113.92855,22.36999],[113.92831,22.37005]]}},{"type":"Feature","properties":{"boundary_score":0.132,"activation_distance":0.11821},"geometry":{"type":"LineString","coordinates":[[113.92831,22.37005],[113.92855,22.36999]]}},{"type":"Feature","properties":{"boundary_score":0.2021,"activation_distance":0.15421},"geometry":{"type":"LineString","coordinates":[[114.10456,22.43191],[114.10448,22.43213]]}},{"type":"Feature","properties":{"boundary_score":0.2021,"activation_distance":0.15421},"geometry":{"type":"LineString","coordinates":[[114.10448,22.43213],[114.10456,22.43191]]}},{"type":"Feature","properties":{"boundary_score":0.2095,"activation_distance":0.15801},"geometry":{"type":"LineString","coordinates":[[114.10353,22.43169],[114.10331,22.43182]]}},{"type":"Feature","properties":{"boundary_score":0.2095,"activation_distance":0.15801},"geometry":{"type":"LineString","coordinates":[[114.10331,22.43182],[114.10353,22.43169]]}},{"type":"Feature","properties":{"boundary_score":0.2021,"activation_distance":0.15421},"geometry":{"type":"LineString","coordinates":[[114.10448,22.43213],[114.10456,22.43191]]}},{"type":"Feature","properties":{"boundary_score":0.2021,"activation_distance":0.15421},"geometry":{"type":"LineString","coordinates":[[114.10456,22.43191],[114.10448,22.43213]]}},{"type":"Feature","properties":{"boundary_score":0.2471,"activation_distance":0.17729},"geometry":{"type":"LineString","coordinates":[[114.05228,22.45954],[114.0522,22.45933]]}},{"type":"Feature","properties":{"boundary_score":0.2471,"activation_distance":0.17729},"geometry":{"type":"LineString","coordinates":[[114.0522,22.45933],[114.05228,22.45954]]}},{"type":"Feature","properties":{"boundary_score":0.1908,"activation_distance":0.14842},"geometry":{"type":"LineString","coordinates":[[114.05393,22.4596],[114.05417,22.45967]]}},{"type":"Feature","properties":{"boundary_score":0.1908,"activation_distance":0.14842},"geometry":{"type":"LineString","coordinates":[[114.05417,22.45967],[114.05393,22.4596]]}},{"type":"Feature","properties":{"boundary_score":0.1908,"activation_distance":0.14842},"geometry":{"type":"LineString","coordinates":[[114.05417,22.45967],[114.05393,22.4596]]}},{"type":"Feature","properties":{"boundary_score":0.1908,"activation_distance":0.14842},"geometry":{"type":"LineString","coordinates":[[114.05393,22.4596],[114.05417,22.45967]]}},{"type":"Feature","properties":{"boundary_score":0.1171,"activation_distance":0.11056},"geometry":{"type":"LineString","coordinates":[[114.05269,22.45926],[114.05264,22.45904]]}},{"type":"Feature","properties":{"boundary_score":0.1171,"activation_distance":0.11056},"geometry":{"type":"LineString","coordinates":[[114.05264,22.45904],[114.05269,22.45926]]}},{"type":"Feature","properties":{"boundary_score":0.2561,"activation_distance":0.18194},"geometry":{"type":"LineString","coordinates":[[114.054,22.46659],[114.05403,22.46681]]}},{"type":"Feature","properties":{"boundary_score":0.2561,"activation_distance":0.18194},"geometry":{"type":"LineString","coordinates":[[114.05403,22.46681],[114.054,22.46659]]}},{"type":"Feature","properties":{"boundary_score":0.0582,"activation_distance":0.08038},"geometry":{"type":"LineString","coordinates":[[113.9861,22.4495],[113.98629,22.44963]]}},{"type":"Feature","properties":{"boundary_score":0.0582,"activation_distance":0.08038},"geometry":{"type":"LineString","coordinates":[[113.98629,22.44963],[113.9861,22.4495]]}},{"type":"Feature","properties":{"boundary_score":0.0876,"activation_distance":0.09547},"geometry":{"type":"LineString","coordinates":[[113.98629,22.44963],[113.98648,22.44977]]}},{"type":"Feature","properties":{"boundary_score":0.0876,"activation_distance":0.09547},"geometry":{"type":"LineString","coordinates":[[113.98648,22.44977],[113.98629,22.44963]]}},{"type":"Feature","properties":{"boundary_score":0.0191,"activation_distance":0.06032},"geometry":{"type":"LineString","coordinates":[[114.0759,22.43],[114.07575,22.42983]]}},{"type":"Feature","properties":{"boundary_score":0.0191,"activation_distance":0.06032},"geometry":{"type":"LineString","coordinates":[[114.07575,22.42983],[114.0759,22.43]]}},{"type":"Feature","properties":{"boundary_score":0.0191,"activation_distance":0.06032},"geometry":{"type":"LineString","coordinates":[[114.07575,22.42983],[114.0759,22.43]]}},{"type":"Feature","properties":{"boundary_score":0.0191,"activation_distance":0.06032},"geometry":{"type":"LineString","coordinates":[[114.0759,22.43],[114.07575,22.42983]]}},{"type":"Feature","properties":{"boundary_score":0.241,"activation_distance":0.17419},"geometry":{"type":"LineString","coordinates":[[114.07246,22.42769],[114.07263,22.42753]]}},{"type":"Feature","properties":{"boundary_score":0.241,"activation_distance":0.17419},"geometry":{"type":"LineString","coordinates":[[114.07263,22.42753],[114.07246,22.42769]]}},{"type":"Feature","properties":{"boundary_score":0.4285,"activation_distance":0.27038},"geometry":{"type":"LineString","coordinates":[[114.05127,22.44256],[114.05106,22.44267]]}},{"type":"Feature","properties":{"boundary_score":0.4285,"activation_distance":0.27038},"geometry":{"type":"LineString","coordinates":[[114.05106,22.44267],[114.05127,22.44256]]}},{"type":"Feature","properties":{"boundary_score":0.2076,"activation_distance":0.15701},"geometry":{"type":"LineString","coordinates":[[114.09307,22.43854],[114.09315,22.43882]]}},{"type":"Feature","properties":{"boundary_score":0.2076,"activation_distance":0.15701},"geometry":{"type":"LineString","coordinates":[[114.09315,22.43882],[114.09307,22.43854]]}},{"type":"Feature","properties":{"boundary_score":0.0128,"activation_distance":0.05705},"geometry":{"type":"LineString","coordinates":[[114.06295,22.41018],[114.06276,22.4103]]}},{"type":"Feature","properties":{"boundary_score":0.0128,"activation_distance":0.05705},"geometry":{"type":"LineString","coordinates":[[114.06276,22.4103],[114.06295,22.41018]]}},{"type":"Feature","properties":{"boundary_score":0.0357,"activation_distance":0.06884},"geometry":{"type":"LineString","coordinates":[[114.06222,22.41013],[114.06241,22.41027]]}},{"type":"Feature","properties":{"boundary_score":0.0357,"activation_distance":0.06884},"geometry":{"type":"LineString","coordinates":[[114.06241,22.41027],[114.06222,22.41013]]}},{"type":"Feature","properties":{"boundary_score":0.0128,"activation_distance":0.05705},"geometry":{"type":"LineString","coordinates":[[114.06276,22.4103],[114.06295,22.41018]]}},{"type":"Feature","properties":{"boundary_score":0.0128,"activation_distance":0.05705},"geometry":{"type":"LineString","coordinates":[[114.06295,22.41018],[114.06276,22.4103]]}},{"type":"Feature","properties":{"boundary_score":0.0357,"activation_distance":0.06884},"geometry":{"type":"LineString","coordinates":[[114.06241,22.41027],[114.06222,22.41013]]}},{"type":"Feature","properties":{"boundary_score":0.0357,"activation_distance":0.06884},"geometry":{"type":"LineString","coordinates":[[114.06222,22.41013],[114.06241,22.41027]]}},{"type":"Feature","properties":{"boundary_score":0.1168,"activation_distance":0.11042},"geometry":{"type":"LineString","coordinates":[[114.10238,22.35399],[114.1024,22.35373]]}},{"type":"Feature","properties":{"boundary_score":0.1168,"activation_distance":0.11042},"geometry":{"type":"LineString","coordinates":[[114.1024,22.35373],[114.10238,22.35399]]}},{"type":"Feature","properties":{"boundary_score":0.3389,"activation_distance":0.22442},"geometry":{"type":"LineString","coordinates":[[114.15315,22.48331],[114.15307,22.48352]]}},{"type":"Feature","properties":{"boundary_score":0.3389,"activation_distance":0.22442},"geometry":{"type":"LineString","coordinates":[[114.15307,22.48352],[114.15315,22.48331]]}},{"type":"Feature","properties":{"boundary_score":0.0926,"activation_distance":0.09802},"geometry":{"type":"LineString","coordinates":[[114.15452,22.47987],[114.15451,22.47964]]}},{"type":"Feature","properties":{"boundary_score":0.0926,"activation_distance":0.09802},"geometry":{"type":"LineString","coordinates":[[114.15451,22.47964],[114.15452,22.47987]]}},{"type":"Feature","properties":{"boundary_score":0.0384,"activation_distance":0.07022},"geometry":{"type":"LineString","coordinates":[[114.15244,22.54485],[114.15241,22.54508]]}},{"type":"Feature","properties":{"boundary_score":0.0384,"activation_distance":0.07022},"geometry":{"type":"LineString","coordinates":[[114.15241,22.54508],[114.15244,22.54485]]}},{"type":"Feature","properties":{"boundary_score":0.0019,"activation_distance":0.05147},"geometry":{"type":"LineString","coordinates":[[114.15241,22.54602],[114.15244,22.54626]]}},{"type":"Feature","properties":{"boundary_score":0.0019,"activation_distance":0.05147},"geometry":{"type":"LineString","coordinates":[[114.15244,22.54626],[114.15241,22.54602]]}},{"type":"Feature","properties":{"boundary_score":0.0434,"activation_distance":0.07277},"geometry":{"type":"LineString","coordinates":[[114.15251,22.54696],[114.15251,22.54719]]}},{"type":"Feature","properties":{"boundary_score":0.0434,"activation_distance":0.07277},"geometry":{"type":"LineString","coordinates":[[114.15251,22.54719],[114.15251,22.54696]]}},{"type":"Feature","properties":{"boundary_score":0.0618,"activation_distance":0.08223},"geometry":{"type":"LineString","coordinates":[[114.15244,22.54485],[114.15236,22.54507]]}},{"type":"Feature","properties":{"boundary_score":0.0618,"activation_distance":0.08223},"geometry":{"type":"LineString","coordinates":[[114.15236,22.54507],[114.15244,22.54485]]}},{"type":"Feature","properties":{"boundary_score":0.1361,"activation_distance":0.12036},"geometry":{"type":"LineString","coordinates":[[114.15225,22.546],[114.15228,22.54624]]}},{"type":"Feature","properties":{"boundary_score":0.1361,"activation_distance":0.12036},"geometry":{"type":"LineString","coordinates":[[114.15228,22.54624],[114.15225,22.546]]}},{"type":"Feature","properties":{"boundary_score":0.0476,"activation_distance":0.07494},"geometry":{"type":"LineString","coordinates":[[114.1524,22.54693],[114.15243,22.54717]]}},{"type":"Feature","properties":{"boundary_score":0.0476,"activation_distance":0.07494},"geometry":{"type":"LineString","coordinates":[[114.15243,22.54717],[114.1524,22.54693]]}},{"type":"Feature","properties":{"boundary_score":0.0315,"activation_distance":0.06666},"geometry":{"type":"LineString","coordinates":[[113.96419,22.38313],[113.96409,22.38292]]}},{"type":"Feature","properties":{"boundary_score":0.0315,"activation_distance":0.06666},"geometry":{"type":"LineString","coordinates":[[113.96409,22.38292],[113.96419,22.38313]]}},{"type":"Feature","properties":{"boundary_score":0.2186,"activation_distance":0.16268},"geometry":{"type":"LineString","coordinates":[[113.96362,22.38164],[113.96355,22.38143]]}},{"type":"Feature","properties":{"boundary_score":0.2186,"activation_distance":0.16268},"geometry":{"type":"LineString","coordinates":[[113.96355,22.38143],[113.96362,22.38164]]}},{"type":"Feature","properties":{"boundary_score":0.0031,"activation_distance":0.05207},"geometry":{"type":"LineString","coordinates":[[113.96507,22.37818],[113.96485,22.37825]]}},{"type":"Feature","properties":{"boundary_score":0.0031,"activation_distance":0.05207},"geometry":{"type":"LineString","coordinates":[[113.96485,22.37825],[113.96507,22.37818]]}},{"type":"Feature","properties":{"boundary_score":0.1462,"activation_distance":0.12554},"geometry":{"type":"LineString","coordinates":[[113.98185,22.41476],[113.98205,22.41486]]}},{"type":"Feature","properties":{"boundary_score":0.1462,"activation_distance":0.12554},"geometry":{"type":"LineString","coordinates":[[113.98205,22.41486],[113.98185,22.41476]]}},{"type":"Feature","properties":{"boundary_score":0.0592,"activation_distance":0.08085},"geometry":{"type":"LineString","coordinates":[[114.08527,22.4417],[114.08549,22.4418]]}},{"type":"Feature","properties":{"boundary_score":0.0592,"activation_distance":0.08085},"geometry":{"type":"LineString","coordinates":[[114.08549,22.4418],[114.08527,22.4417]]}},{"type":"Feature","properties":{"boundary_score":0.053,"activation_distance":0.07771},"geometry":{"type":"LineString","coordinates":[[114.14815,22.44337],[114.14827,22.44356]]}},{"type":"Feature","properties":{"boundary_score":0.053,"activation_distance":0.07771},"geometry":{"type":"LineString","coordinates":[[114.14827,22.44356],[114.14815,22.44337]]}},{"type":"Feature","properties":{"boundary_score":0.074,"activation_distance":0.08845},"geometry":{"type":"LineString","coordinates":[[114.14927,22.44457],[114.14946,22.44468]]}},{"type":"Feature","properties":{"boundary_score":0.074,"activation_distance":0.08845},"geometry":{"type":"LineString","coordinates":[[114.14946,22.44468],[114.14927,22.44457]]}},{"type":"Feature","properties":{"boundary_score":0.395,"activation_distance":0.25318},"geometry":{"type":"LineString","coordinates":[[114.09703,22.44352],[114.09667,22.44339]]}},{"type":"Feature","properties":{"boundary_score":0.395,"activation_distance":0.25318},"geometry":{"type":"LineString","coordinates":[[114.09667,22.44339],[114.09703,22.44352]]}},{"type":"Feature","properties":{"boundary_score":0.395,"activation_distance":0.25318},"geometry":{"type":"LineString","coordinates":[[114.09667,22.44339],[114.09703,22.44352]]}},{"type":"Feature","properties":{"boundary_score":0.395,"activation_distance":0.25318},"geometry":{"type":"LineString","coordinates":[[114.09703,22.44352],[114.09667,22.44339]]}},{"type":"Feature","properties":{"boundary_score":0.0144,"activation_distance":0.05789},"geometry":{"type":"LineString","coordinates":[[114.08738,22.44364],[114.08717,22.44355]]}},{"type":"Feature","properties":{"boundary_score":0.0144,"activation_distance":0.05789},"geometry":{"type":"LineString","coordinates":[[114.08717,22.44355],[114.08738,22.44364]]}},{"type":"Feature","properties":{"boundary_score":0.0702,"activation_distance":0.08652},"geometry":{"type":"LineString","coordinates":[[113.92126,22.39173],[113.92145,22.39153]]}},{"type":"Feature","properties":{"boundary_score":0.0702,"activation_distance":0.08652},"geometry":{"type":"LineString","coordinates":[[113.92145,22.39153],[113.92126,22.39173]]}},{"type":"Feature","properties":{"boundary_score":0.3389,"activation_distance":0.22442},"geometry":{"type":"LineString","coordinates":[[114.15293,22.48332],[114.15284,22.48353]]}},{"type":"Feature","properties":{"boundary_score":0.3389,"activation_distance":0.22442},"geometry":{"type":"LineString","coordinates":[[114.15284,22.48353],[114.15293,22.48332]]}},{"type":"Feature","properties":{"boundary_score":0.1006,"activation_distance":0.10211},"geometry":{"type":"LineString","coordinates":[[114.09399,22.4302],[114.09404,22.43041]]}},{"type":"Feature","properties":{"boundary_score":0.1006,"activation_distance":0.10211},"geometry":{"type":"LineString","coordinates":[[114.09404,22.43041],[114.09399,22.4302]]}},{"type":"Feature","properties":{"boundary_score":0.0539,"activation_distance":0.07817},"geometry":{"type":"LineString","coordinates":[[114.09397,22.43002],[114.09423,22.42998]]}},{"type":"Feature","properties":{"boundary_score":0.0539,"activation_distance":0.07817},"geometry":{"type":"LineString","coordinates":[[114.09423,22.42998],[114.09397,22.43002]]}},{"type":"Feature","properties":{"boundary_score":0.0169,"activation_distance":0.05918},"geometry":{"type":"LineString","coordinates":[[113.96386,22.4509],[113.96399,22.45072]]}},{"type":"Feature","properties":{"boundary_score":0.0169,"activation_distance":0.05918},"geometry":{"type":"LineString","coordinates":[[113.96399,22.45072],[113.96386,22.4509]]}},{"type":"Feature","properties":{"boundary_score":0.0283,"activation_distance":0.06504},"geometry":{"type":"LineString","coordinates":[[113.99915,22.37557],[113.99883,22.37539]]}},{"type":"Feature","properties":{"boundary_score":0.0283,"activation_distance":0.06504},"geometry":{"type":"LineString","coordinates":[[113.99883,22.37539],[113.99915,22.37557]]}},{"type":"Feature","properties":{"boundary_score":0.0815,"activation_distance":0.09229},"geometry":{"type":"LineString","coordinates":[[113.9824,22.4637],[113.98264,22.4637]]}},{"type":"Feature","properties":{"boundary_score":0.0815,"activation_distance":0.09229},"geometry":{"type":"LineString","coordinates":[[113.98264,22.4637],[113.9824,22.4637]]}},{"type":"Feature","properties":{"boundary_score":0.0053,"activation_distance":0.05321},"geometry":{"type":"LineString","coordinates":[[113.9803,22.41969],[113.98049,22.41985]]}},{"type":"Feature","properties":{"boundary_score":0.0053,"activation_distance":0.05321},"geometry":{"type":"LineString","coordinates":[[113.98049,22.41985],[113.9803,22.41969]]}},{"type":"Feature","properties":{"boundary_score":0.0566,"activation_distance":0.07952},"geometry":{"type":"LineString","coordinates":[[114.04552,22.44395],[114.04526,22.44397]]}},{"type":"Feature","properties":{"boundary_score":0.0566,"activation_distance":0.07952},"geometry":{"type":"LineString","coordinates":[[114.04526,22.44397],[114.04552,22.44395]]}},{"type":"Feature","properties":{"boundary_score":0.0357,"activation_distance":0.06883},"geometry":{"type":"LineString","coordinates":[[114.04526,22.44397],[114.045,22.44399]]}},{"type":"Feature","properties":{"boundary_score":0.0357,"activation_distance":0.06883},"geometry":{"type":"LineString","coordinates":[[114.045,22.44399],[114.04526,22.44397]]}},{"type":"Feature","properties":{"boundary_score":0.2636,"activation_distance":0.18577},"geometry":{"type":"LineString","coordinates":[[114.11686,22.35492],[114.11719,22.35494]]}},{"type":"Feature","properties":{"boundary_score":0.2636,"activation_distance":0.18577},"geometry":{"type":"LineString","coordinates":[[114.11719,22.35494],[114.11686,22.35492]]}},{"type":"Feature","properties":{"boundary_score":0.1769,"activation_distance":0.14128},"geometry":{"type":"LineString","coordinates":[[114.07471,22.49577],[114.07487,22.49595]]}},{"type":"Feature","properties":{"boundary_score":0.1769,"activation_distance":0.14128},"geometry":{"type":"LineString","coordinates":[[114.07487,22.49595],[114.07471,22.49577]]}},{"type":"Feature","properties":{"boundary_score":0.1227,"activation_distance":0.11347},"geometry":{"type":"LineString","coordinates":[[114.0555,22.45308],[114.05575,22.45309]]}},{"type":"Feature","properties":{"boundary_score":0.1227,"activation_distance":0.11347},"geometry":{"type":"LineString","coordinates":[[114.05575,22.45309],[114.0555,22.45308]]}},{"type":"Feature","properties":{"boundary_score":0.1227,"activation_distance":0.11347},"geometry":{"type":"LineString","coordinates":[[114.05575,22.45309],[114.0555,22.45308]]}},{"type":"Feature","properties":{"boundary_score":0.1227,"activation_distance":0.11347},"geometry":{"type":"LineString","coordinates":[[114.0555,22.45308],[114.05575,22.45309]]}},{"type":"Feature","properties":{"boundary_score":0.2658,"activation_distance":0.18689},"geometry":{"type":"LineString","coordinates":[[114.03563,22.43523],[114.03542,22.43513]]}},{"type":"Feature","properties":{"boundary_score":0.2658,"activation_distance":0.18689},"geometry":{"type":"LineString","coordinates":[[114.03542,22.43513],[114.03563,22.43523]]}},{"type":"Feature","properties":{"boundary_score":0.2384,"activation_distance":0.17282},"geometry":{"type":"LineString","coordinates":[[114.03419,22.43453],[114.03398,22.43444]]}},{"type":"Feature","properties":{"boundary_score":0.2384,"activation_distance":0.17282},"geometry":{"type":"LineString","coordinates":[[114.03398,22.43444],[114.03419,22.43453]]}},{"type":"Feature","properties":{"boundary_score":0.3948,"activation_distance":0.2531},"geometry":{"type":"LineString","coordinates":[[114.03438,22.4343],[114.03415,22.43423]]}},{"type":"Feature","properties":{"boundary_score":0.3948,"activation_distance":0.2531},"geometry":{"type":"LineString","coordinates":[[114.03415,22.43423],[114.03438,22.4343]]}},{"type":"Feature","properties":{"boundary_score":0.216,"activation_distance":0.16133},"geometry":{"type":"LineString","coordinates":[[114.12313,22.35599],[114.12318,22.35567]]}},{"type":"Feature","properties":{"boundary_score":0.216,"activation_distance":0.16133},"geometry":{"type":"LineString","coordinates":[[114.12318,22.35567],[114.12313,22.35599]]}},{"type":"Feature","properties":{"boundary_score":0.1339,"activation_distance":0.11923},"geometry":{"type":"LineString","coordinates":[[114.08193,22.49815],[114.08179,22.49833]]}},{"type":"Feature","properties":{"boundary_score":0.1339,"activation_distance":0.11923},"geometry":{"type":"LineString","coordinates":[[114.08179,22.49833],[114.08193,22.49815]]}},{"type":"Feature","properties":{"boundary_score":0.0425,"activation_distance":0.07233},"geometry":{"type":"LineString","coordinates":[[113.95014,22.35998],[113.95001,22.36017]]}},{"type":"Feature","properties":{"boundary_score":0.0425,"activation_distance":0.07233},"geometry":{"type":"LineString","coordinates":[[113.95001,22.36017],[113.95014,22.35998]]}},{"type":"Feature","properties":{"boundary_score":0.2398,"activation_distance":0.17355},"geometry":{"type":"LineString","coordinates":[[114.14864,22.46376],[114.14871,22.46397]]}},{"type":"Feature","properties":{"boundary_score":0.2398,"activation_distance":0.17355},"geometry":{"type":"LineString","coordinates":[[114.14871,22.46397],[114.14864,22.46376]]}},{"type":"Feature","properties":{"boundary_score":0.1753,"activation_distance":0.14047},"geometry":{"type":"LineString","coordinates":[[114.14911,22.46519],[114.14943,22.46512]]}},{"type":"Feature","properties":{"boundary_score":0.1753,"activation_distance":0.14047},"geometry":{"type":"LineString","coordinates":[[114.14943,22.46512],[114.14911,22.46519]]}},{"type":"Feature","properties":{"boundary_score":0.0641,"activation_distance":0.08337},"geometry":{"type":"LineString","coordinates":[[114.00252,22.47043],[114.00259,22.47021]]}},{"type":"Feature","properties":{"boundary_score":0.0641,"activation_distance":0.08337},"geometry":{"type":"LineString","coordinates":[[114.00259,22.47021],[114.00252,22.47043]]}},{"type":"Feature","properties":{"boundary_score":0.1875,"activation_distance":0.14673},"geometry":{"type":"LineString","coordinates":[[114.02463,22.45222],[114.02475,22.45203]]}},{"type":"Feature","properties":{"boundary_score":0.1875,"activation_distance":0.14673},"geometry":{"type":"LineString","coordinates":[[114.02475,22.45203],[114.02463,22.45222]]}},{"type":"Feature","properties":{"boundary_score":0.0085,"activation_distance":0.05485},"geometry":{"type":"LineString","coordinates":[[114.02544,22.44855],[114.02546,22.44831]]}},{"type":"Feature","properties":{"boundary_score":0.0085,"activation_distance":0.05485},"geometry":{"type":"LineString","coordinates":[[114.02546,22.44831],[114.02544,22.44855]]}},{"type":"Feature","properties":{"boundary_score":0.0007,"activation_distance":0.05085},"geometry":{"type":"LineString","coordinates":[[114.01658,22.41425],[114.01645,22.41405]]}},{"type":"Feature","properties":{"boundary_score":0.0007,"activation_distance":0.05085},"geometry":{"type":"LineString","coordinates":[[114.01645,22.41405],[114.01658,22.41425]]}},{"type":"Feature","properties":{"boundary_score":0.033,"activation_distance":0.06741},"geometry":{"type":"LineString","coordinates":[[114.01572,22.42076],[114.01587,22.42057]]}},{"type":"Feature","properties":{"boundary_score":0.033,"activation_distance":0.06741},"geometry":{"type":"LineString","coordinates":[[114.01587,22.42057],[114.01572,22.42076]]}},{"type":"Feature","properties":{"boundary_score":0.033,"activation_distance":0.06741},"geometry":{"type":"LineString","coordinates":[[114.01587,22.42057],[114.01572,22.42076]]}},{"type":"Feature","properties":{"boundary_score":0.033,"activation_distance":0.06741},"geometry":{"type":"LineString","coordinates":[[114.01572,22.42076],[114.01587,22.42057]]}},{"type":"Feature","properties":{"boundary_score":0.2835,"activation_distance":0.196},"geometry":{"type":"LineString","coordinates":[[114.02193,22.42175],[114.02166,22.42173]]}},{"type":"Feature","properties":{"boundary_score":0.2835,"activation_distance":0.196},"geometry":{"type":"LineString","coordinates":[[114.02166,22.42173],[114.02193,22.42175]]}},{"type":"Feature","properties":{"boundary_score":0.2835,"activation_distance":0.196},"geometry":{"type":"LineString","coordinates":[[114.02166,22.42173],[114.02193,22.42175]]}},{"type":"Feature","properties":{"boundary_score":0.2835,"activation_distance":0.196},"geometry":{"type":"LineString","coordinates":[[114.02193,22.42175],[114.02166,22.42173]]}},{"type":"Feature","properties":{"boundary_score":0.0384,"activation_distance":0.07018},"geometry":{"type":"LineString","coordinates":[[114.02329,22.42963],[114.02336,22.42986]]}},{"type":"Feature","properties":{"boundary_score":0.0384,"activation_distance":0.07018},"geometry":{"type":"LineString","coordinates":[[114.02336,22.42986],[114.02329,22.42963]]}},{"type":"Feature","properties":{"boundary_score":0.0109,"activation_distance":0.05607},"geometry":{"type":"LineString","coordinates":[[114.03189,22.42533],[114.03213,22.42542]]}},{"type":"Feature","properties":{"boundary_score":0.0109,"activation_distance":0.05607},"geometry":{"type":"LineString","coordinates":[[114.03213,22.42542],[114.03189,22.42533]]}},{"type":"Feature","properties":{"boundary_score":0.0258,"activation_distance":0.06371},"geometry":{"type":"LineString","coordinates":[[114.02359,22.42985],[114.02353,22.42962]]}},{"type":"Feature","properties":{"boundary_score":0.0258,"activation_distance":0.06371},"geometry":{"type":"LineString","coordinates":[[114.02353,22.42962],[114.02359,22.42985]]}},{"type":"Feature","properties":{"boundary_score":0.0983,"activation_distance":0.10093},"geometry":{"type":"LineString","coordinates":[[114.03888,22.41732],[114.03894,22.41754]]}},{"type":"Feature","properties":{"boundary_score":0.0983,"activation_distance":0.10093},"geometry":{"type":"LineString","coordinates":[[114.03894,22.41754],[114.03888,22.41732]]}},{"type":"Feature","properties":{"boundary_score":0.3054,"activation_distance":0.20724},"geometry":{"type":"LineString","coordinates":[[114.12345,22.50367],[114.12352,22.5039]]}},{"type":"Feature","properties":{"boundary_score":0.3054,"activation_distance":0.20724},"geometry":{"type":"LineString","coordinates":[[114.12352,22.5039],[114.12345,22.50367]]}},{"type":"Feature","properties":{"boundary_score":0.1875,"activation_distance":0.14673},"geometry":{"type":"LineString","coordinates":[[114.02513,22.45232],[114.02488,22.45241]]}},{"type":"Feature","properties":{"boundary_score":0.1875,"activation_distance":0.14673},"geometry":{"type":"LineString","coordinates":[[114.02488,22.45241],[114.02513,22.45232]]}},{"type":"Feature","properties":{"boundary_score":0.1875,"activation_distance":0.14673},"geometry":{"type":"LineString","coordinates":[[114.02488,22.45241],[114.02513,22.45232]]}},{"type":"Feature","properties":{"boundary_score":0.1875,"activation_distance":0.14673},"geometry":{"type":"LineString","coordinates":[[114.02513,22.45232],[114.02488,22.45241]]}},{"type":"Feature","properties":{"boundary_score":0.1875,"activation_distance":0.14673},"geometry":{"type":"LineString","coordinates":[[114.02471,22.45226],[114.02486,22.45205]]}},{"type":"Feature","properties":{"boundary_score":0.1875,"activation_distance":0.14673},"geometry":{"type":"LineString","coordinates":[[114.02486,22.45205],[114.02471,22.45226]]}},{"type":"Feature","properties":{"boundary_score":0.1875,"activation_distance":0.14673},"geometry":{"type":"LineString","coordinates":[[114.02486,22.45205],[114.02471,22.45226]]}},{"type":"Feature","properties":{"boundary_score":0.1875,"activation_distance":0.14673},"geometry":{"type":"LineString","coordinates":[[114.02471,22.45226],[114.02486,22.45205]]}},{"type":"Feature","properties":{"boundary_score":0.0947,"activation_distance":0.09908},"geometry":{"type":"LineString","coordinates":[[114.04764,22.36585],[114.04776,22.36606]]}},{"type":"Feature","properties":{"boundary_score":0.0947,"activation_distance":0.09908},"geometry":{"type":"LineString","coordinates":[[114.04776,22.36606],[114.04764,22.36585]]}},{"type":"Feature","properties":{"boundary_score":0.0371,"activation_distance":0.06954},"geometry":{"type":"LineString","coordinates":[[114.00473,22.37561],[114.00451,22.37552]]}},{"type":"Feature","properties":{"boundary_score":0.0371,"activation_distance":0.06954},"geometry":{"type":"LineString","coordinates":[[114.00451,22.37552],[114.00473,22.37561]]}},{"type":"Feature","properties":{"boundary_score":0.3283,"activation_distance":0.21896},"geometry":{"type":"LineString","coordinates":[[114.00319,22.37623],[114.00294,22.37619]]}},{"type":"Feature","properties":{"boundary_score":0.3283,"activation_distance":0.21896},"geometry":{"type":"LineString","coordinates":[[114.00294,22.37619],[114.00319,22.37623]]}},{"type":"Feature","properties":{"boundary_score":0.125,"activation_distance":0.11466},"geometry":{"type":"LineString","coordinates":[[114.01626,22.41446],[114.01602,22.41455]]}},{"type":"Feature","properties":{"boundary_score":0.125,"activation_distance":0.11466},"geometry":{"type":"LineString","coordinates":[[114.01602,22.41455],[114.01626,22.41446]]}},{"type":"Feature","properties":{"boundary_score":0.125,"activation_distance":0.11466},"geometry":{"type":"LineString","coordinates":[[114.01602,22.41455],[114.01626,22.41446]]}},{"type":"Feature","properties":{"boundary_score":0.125,"activation_distance":0.11466},"geometry":{"type":"LineString","coordinates":[[114.01626,22.41446],[114.01602,22.41455]]}},{"type":"Feature","properties":{"boundary_score":0.1246,"activation_distance":0.11443},"geometry":{"type":"LineString","coordinates":[[114.06266,22.47793],[114.06246,22.47802]]}},{"type":"Feature","properties":{"boundary_score":0.1246,"activation_distance":0.11443},"geometry":{"type":"LineString","coordinates":[[114.06246,22.47802],[114.06266,22.47793]]}},{"type":"Feature","properties":{"boundary_score":0.3116,"activation_distance":0.21039},"geometry":{"type":"LineString","coordinates":[[114.06145,22.49386],[114.06146,22.49408]]}},{"type":"Feature","properties":{"boundary_score":0.3116,"activation_distance":0.21039},"geometry":{"type":"LineString","coordinates":[[114.06146,22.49408],[114.06145,22.49386]]}},{"type":"Feature","properties":{"boundary_score":0.3855,"activation_distance":0.24834},"geometry":{"type":"LineString","coordinates":[[114.12748,22.52676],[114.12757,22.52655]]}},{"type":"Feature","properties":{"boundary_score":0.3855,"activation_distance":0.24834},"geometry":{"type":"LineString","coordinates":[[114.12757,22.52655],[114.12748,22.52676]]}},{"type":"Feature","properties":{"boundary_score":0.1361,"activation_distance":0.12033},"geometry":{"type":"LineString","coordinates":[[114.00844,22.46322],[114.00848,22.463]]}},{"type":"Feature","properties":{"boundary_score":0.1361,"activation_distance":0.12033},"geometry":{"type":"LineString","coordinates":[[114.00848,22.463],[114.00844,22.46322]]}},{"type":"Feature","properties":{"boundary_score":0.0774,"activation_distance":0.09019},"geometry":{"type":"LineString","coordinates":[[114.14245,22.49594],[114.14267,22.49577]]}},{"type":"Feature","properties":{"boundary_score":0.0774,"activation_distance":0.09019},"geometry":{"type":"LineString","coordinates":[[114.14267,22.49577],[114.14245,22.49594]]}},{"type":"Feature","properties":{"boundary_score":0.0762,"activation_distance":0.08962},"geometry":{"type":"LineString","coordinates":[[114.02886,22.43602],[114.02872,22.4362]]}},{"type":"Feature","properties":{"boundary_score":0.0762,"activation_distance":0.08962},"geometry":{"type":"LineString","coordinates":[[114.02872,22.4362],[114.02886,22.43602]]}},{"type":"Feature","properties":{"boundary_score":0.1156,"activation_distance":0.10981},"geometry":{"type":"LineString","coordinates":[[114.13194,22.4454],[114.13175,22.44522]]}},{"type":"Feature","properties":{"boundary_score":0.1156,"activation_distance":0.10981},"geometry":{"type":"LineString","coordinates":[[114.13175,22.44522],[114.13194,22.4454]]}},{"type":"Feature","properties":{"boundary_score":0.005,"activation_distance":0.05307},"geometry":{"type":"LineString","coordinates":[[114.13881,22.48639],[114.13892,22.48618]]}},{"type":"Feature","properties":{"boundary_score":0.005,"activation_distance":0.05307},"geometry":{"type":"LineString","coordinates":[[114.13892,22.48618],[114.13881,22.48639]]}},{"type":"Feature","properties":{"boundary_score":0.0239,"activation_distance":0.06276},"geometry":{"type":"LineString","coordinates":[[114.15252,22.54514],[114.15256,22.54491]]}},{"type":"Feature","properties":{"boundary_score":0.0239,"activation_distance":0.06276},"geometry":{"type":"LineString","coordinates":[[114.15256,22.54491],[114.15252,22.54514]]}},{"type":"Feature","properties":{"boundary_score":0.041,"activation_distance":0.07156},"geometry":{"type":"LineString","coordinates":[[114.15262,22.54724],[114.15262,22.54701]]}},{"type":"Feature","properties":{"boundary_score":0.041,"activation_distance":0.07156},"geometry":{"type":"LineString","coordinates":[[114.15262,22.54701],[114.15262,22.54724]]}},{"type":"Feature","properties":{"boundary_score":0.1323,"activation_distance":0.1184},"geometry":{"type":"LineString","coordinates":[[114.15253,22.54607],[114.15251,22.54584]]}},{"type":"Feature","properties":{"boundary_score":0.1323,"activation_distance":0.1184},"geometry":{"type":"LineString","coordinates":[[114.15251,22.54584],[114.15253,22.54607]]}},{"type":"Feature","properties":{"boundary_score":0.0053,"activation_distance":0.0532},"geometry":{"type":"LineString","coordinates":[[114.15251,22.54537],[114.15252,22.54514]]}},{"type":"Feature","properties":{"boundary_score":0.0053,"activation_distance":0.0532},"geometry":{"type":"LineString","coordinates":[[114.15252,22.54514],[114.15251,22.54537]]}},{"type":"Feature","properties":{"boundary_score":0.0201,"activation_distance":0.06079},"geometry":{"type":"LineString","coordinates":[[114.15294,22.54739],[114.153,22.54716]]}},{"type":"Feature","properties":{"boundary_score":0.0201,"activation_distance":0.06079},"geometry":{"type":"LineString","coordinates":[[114.153,22.54716],[114.15294,22.54739]]}},{"type":"Feature","properties":{"boundary_score":0.0841,"activation_distance":0.09366},"geometry":{"type":"LineString","coordinates":[[114.1353,22.49092],[114.13508,22.49082]]}},{"type":"Feature","properties":{"boundary_score":0.0841,"activation_distance":0.09366},"geometry":{"type":"LineString","coordinates":[[114.13508,22.49082],[114.1353,22.49092]]}},{"type":"Feature","properties":{"boundary_score":0.0611,"activation_distance":0.08183},"geometry":{"type":"LineString","coordinates":[[114.12682,22.35846],[114.12702,22.3586]]}},{"type":"Feature","properties":{"boundary_score":0.0611,"activation_distance":0.08183},"geometry":{"type":"LineString","coordinates":[[114.12702,22.3586],[114.12682,22.35846]]}},{"type":"Feature","properties":{"boundary_score":0.2471,"activation_distance":0.1773},"geometry":{"type":"LineString","coordinates":[[114.15184,22.46773],[114.15196,22.46795]]}},{"type":"Feature","properties":{"boundary_score":0.2471,"activation_distance":0.1773},"geometry":{"type":"LineString","coordinates":[[114.15196,22.46795],[114.15184,22.46773]]}},{"type":"Feature","properties":{"boundary_score":0.0075,"activation_distance":0.05435},"geometry":{"type":"LineString","coordinates":[[113.95275,22.37207],[113.95251,22.37214]]}},{"type":"Feature","properties":{"boundary_score":0.0075,"activation_distance":0.05435},"geometry":{"type":"LineString","coordinates":[[113.95251,22.37214],[113.95275,22.37207]]}},{"type":"Feature","properties":{"boundary_score":0.0098,"activation_distance":0.05554},"geometry":{"type":"LineString","coordinates":[[113.9492,22.36281],[113.94934,22.36276]]}},{"type":"Feature","properties":{"boundary_score":0.0098,"activation_distance":0.05554},"geometry":{"type":"LineString","coordinates":[[113.94934,22.36276],[113.9492,22.36281]]}},{"type":"Feature","properties":{"boundary_score":0.2181,"activation_distance":0.16241},"geometry":{"type":"LineString","coordinates":[[113.9492,22.36281],[113.9493,22.36301]]}},{"type":"Feature","properties":{"boundary_score":0.2181,"activation_distance":0.16241},"geometry":{"type":"LineString","coordinates":[[113.9493,22.36301],[113.9492,22.36281]]}},{"type":"Feature","properties":{"boundary_score":0.1014,"activation_distance":0.10253},"geometry":{"type":"LineString","coordinates":[[113.94903,22.36262],[113.9492,22.36281]]}},{"type":"Feature","properties":{"boundary_score":0.1014,"activation_distance":0.10253},"geometry":{"type":"LineString","coordinates":[[113.9492,22.36281],[113.94903,22.36262]]}},{"type":"Feature","properties":{"boundary_score":0.6538,"activation_distance":0.38604},"geometry":{"type":"LineString","coordinates":[[113.9493,22.36301],[113.94934,22.36276]]}},{"type":"Feature","properties":{"boundary_score":0.6538,"activation_distance":0.38604},"geometry":{"type":"LineString","coordinates":[[113.94934,22.36276],[113.9493,22.36301]]}},{"type":"Feature","properties":{"boundary_score":0.096,"activation_distance":0.09976},"geometry":{"type":"LineString","coordinates":[[113.95342,22.37237],[113.95357,22.37254]]}},{"type":"Feature","properties":{"boundary_score":0.096,"activation_distance":0.09976},"geometry":{"type":"LineString","coordinates":[[113.95357,22.37254],[113.95342,22.37237]]}},{"type":"Feature","properties":{"boundary_score":0.1888,"activation_distance":0.14739},"geometry":{"type":"LineString","coordinates":[[113.94881,22.36296],[113.94894,22.36278]]}},{"type":"Feature","properties":{"boundary_score":0.1888,"activation_distance":0.14739},"geometry":{"type":"LineString","coordinates":[[113.94894,22.36278],[113.94881,22.36296]]}},{"type":"Feature","properties":{"boundary_score":0.2025,"activation_distance":0.15442},"geometry":{"type":"LineString","coordinates":[[113.94894,22.36278],[113.94907,22.36259]]}},{"type":"Feature","properties":{"boundary_score":0.2025,"activation_distance":0.15442},"geometry":{"type":"LineString","coordinates":[[113.94907,22.36259],[113.94894,22.36278]]}},{"type":"Feature","properties":{"boundary_score":0.0124,"activation_distance":0.05687},"geometry":{"type":"LineString","coordinates":[[113.95086,22.35999],[113.95099,22.3598]]}},{"type":"Feature","properties":{"boundary_score":0.0124,"activation_distance":0.05687},"geometry":{"type":"LineString","coordinates":[[113.95099,22.3598],[113.95086,22.35999]]}},{"type":"Feature","properties":{"boundary_score":0.2501,"activation_distance":0.17886},"geometry":{"type":"LineString","coordinates":[[113.95099,22.3598],[113.95112,22.35961]]}},{"type":"Feature","properties":{"boundary_score":0.2501,"activation_distance":0.17886},"geometry":{"type":"LineString","coordinates":[[113.95112,22.35961],[113.95099,22.3598]]}},{"type":"Feature","properties":{"boundary_score":0.0936,"activation_distance":0.09852},"geometry":{"type":"LineString","coordinates":[[113.96045,22.31702],[113.96039,22.31681]]}},{"type":"Feature","properties":{"boundary_score":0.0936,"activation_distance":0.09852},"geometry":{"type":"LineString","coordinates":[[113.96039,22.31681],[113.96045,22.31702]]}},{"type":"Feature","properties":{"boundary_score":0.3674,"activation_distance":0.23904},"geometry":{"type":"LineString","coordinates":[[114.15416,22.47363],[114.15411,22.4734]]}},{"type":"Feature","properties":{"boundary_score":0.3674,"activation_distance":0.23904},"geometry":{"type":"LineString","coordinates":[[114.15411,22.4734],[114.15416,22.47363]]}},{"type":"Feature","properties":{"boundary_score":0.1179,"activation_distance":0.11102},"geometry":{"type":"LineString","coordinates":[[114.01598,22.4618],[114.01572,22.46198]]}},{"type":"Feature","properties":{"boundary_score":0.1179,"activation_distance":0.11102},"geometry":{"type":"LineString","coordinates":[[114.01572,22.46198],[114.01598,22.4618]]}},{"type":"Feature","properties":{"boundary_score":0.046,"activation_distance":0.0741},"geometry":{"type":"LineString","coordinates":[[114.01627,22.46213],[114.01596,22.46216]]}},{"type":"Feature","properties":{"boundary_score":0.046,"activation_distance":0.0741},"geometry":{"type":"LineString","coordinates":[[114.01596,22.46216],[114.01627,22.46213]]}},{"type":"Feature","properties":{"boundary_score":0.046,"activation_distance":0.0741},"geometry":{"type":"LineString","coordinates":[[114.01596,22.46216],[114.01627,22.46213]]}},{"type":"Feature","properties":{"boundary_score":0.046,"activation_distance":0.0741},"geometry":{"type":"LineString","coordinates":[[114.01627,22.46213],[114.01596,22.46216]]}},{"type":"Feature","properties":{"boundary_score":0.1764,"activation_distance":0.14101},"geometry":{"type":"LineString","coordinates":[[114.00229,22.43444],[114.00249,22.43435]]}},{"type":"Feature","properties":{"boundary_score":0.1764,"activation_distance":0.14101},"geometry":{"type":"LineString","coordinates":[[114.00249,22.43435],[114.00229,22.43444]]}},{"type":"Feature","properties":{"boundary_score":0.0174,"activation_distance":0.05944},"geometry":{"type":"LineString","coordinates":[[114.0947,22.43033],[114.09445,22.43039]]}},{"type":"Feature","properties":{"boundary_score":0.0174,"activation_distance":0.05944},"geometry":{"type":"LineString","coordinates":[[114.09445,22.43039],[114.0947,22.43033]]}},{"type":"Feature","properties":{"boundary_score":0.0333,"activation_distance":0.0676},"geometry":{"type":"LineString","coordinates":[[114.0947,22.43033],[114.09485,22.43063]]}},{"type":"Feature","properties":{"boundary_score":0.0333,"activation_distance":0.0676},"geometry":{"type":"LineString","coordinates":[[114.09485,22.43063],[114.0947,22.43033]]}},{"type":"Feature","properties":{"boundary_score":0.0174,"activation_distance":0.05944},"geometry":{"type":"LineString","coordinates":[[114.09445,22.43039],[114.0947,22.43033]]}},{"type":"Feature","properties":{"boundary_score":0.0174,"activation_distance":0.05944},"geometry":{"type":"LineString","coordinates":[[114.0947,22.43033],[114.09445,22.43039]]}},{"type":"Feature","properties":{"boundary_score":0.1006,"activation_distance":0.10211},"geometry":{"type":"LineString","coordinates":[[114.09404,22.43041],[114.09399,22.4302]]}},{"type":"Feature","properties":{"boundary_score":0.1006,"activation_distance":0.10211},"geometry":{"type":"LineString","coordinates":[[114.09399,22.4302],[114.09404,22.43041]]}},{"type":"Feature","properties":{"boundary_score":0.1361,"activation_distance":0.12035},"geometry":{"type":"LineString","coordinates":[[114.0079,22.44134],[114.00812,22.44148]]}},{"type":"Feature","properties":{"boundary_score":0.1361,"activation_distance":0.12035},"geometry":{"type":"LineString","coordinates":[[114.00812,22.44148],[114.0079,22.44134]]}},{"type":"Feature","properties":{"boundary_score":0.0109,"activation_distance":0.05607},"geometry":{"type":"LineString","coordinates":[[114.03213,22.42542],[114.03189,22.42533]]}},{"type":"Feature","properties":{"boundary_score":0.0109,"activation_distance":0.05607},"geometry":{"type":"LineString","coordinates":[[114.03189,22.42533],[114.03213,22.42542]]}},{"type":"Feature","properties":{"boundary_score":0.1167,"activation_distance":0.11038},"geometry":{"type":"LineString","coordinates":[[114.12106,22.3656],[114.12097,22.36539]]}},{"type":"Feature","properties":{"boundary_score":0.1167,"activation_distance":0.11038},"geometry":{"type":"LineString","coordinates":[[114.12097,22.36539],[114.12106,22.3656]]}},{"type":"Feature","properties":{"boundary_score":0.0229,"activation_distance":0.06224},"geometry":{"type":"LineString","coordinates":[[114.12545,22.49444],[114.12569,22.49446]]}},{"type":"Feature","properties":{"boundary_score":0.0229,"activation_distance":0.06224},"geometry":{"type":"LineString","coordinates":[[114.12569,22.49446],[114.12545,22.49444]]}},{"type":"Feature","properties":{"boundary_score":0.076,"activation_distance":0.08951},"geometry":{"type":"LineString","coordinates":[[114.14883,22.46344],[114.14892,22.46365]]}},{"type":"Feature","properties":{"boundary_score":0.076,"activation_distance":0.08951},"geometry":{"type":"LineString","coordinates":[[114.14892,22.46365],[114.14883,22.46344]]}},{"type":"Feature","properties":{"boundary_score":0.0212,"activation_distance":0.06136},"geometry":{"type":"LineString","coordinates":[[114.15275,22.54726],[114.15275,22.54703]]}},{"type":"Feature","properties":{"boundary_score":0.0212,"activation_distance":0.06136},"geometry":{"type":"LineString","coordinates":[[114.15275,22.54703],[114.15275,22.54726]]}},{"type":"Feature","properties":{"boundary_score":0.1176,"activation_distance":0.11083},"geometry":{"type":"LineString","coordinates":[[114.15266,22.54608],[114.15262,22.54584]]}},{"type":"Feature","properties":{"boundary_score":0.1176,"activation_distance":0.11083},"geometry":{"type":"LineString","coordinates":[[114.15262,22.54584],[114.15266,22.54608]]}},{"type":"Feature","properties":{"boundary_score":0.1325,"activation_distance":0.11847},"geometry":{"type":"LineString","coordinates":[[114.15372,22.48017],[114.15364,22.47996]]}},{"type":"Feature","properties":{"boundary_score":0.1325,"activation_distance":0.11847},"geometry":{"type":"LineString","coordinates":[[114.15364,22.47996],[114.15372,22.48017]]}},{"type":"Feature","properties":{"boundary_score":0.1947,"activation_distance":0.15039},"geometry":{"type":"LineString","coordinates":[[114.1545,22.47972],[114.15447,22.47994]]}},{"type":"Feature","properties":{"boundary_score":0.1947,"activation_distance":0.15039},"geometry":{"type":"LineString","coordinates":[[114.15447,22.47994],[114.1545,22.47972]]}},{"type":"Feature","properties":{"boundary_score":0.2582,"activation_distance":0.18302},"geometry":{"type":"LineString","coordinates":[[114.10526,22.50207],[114.10542,22.50224]]}},{"type":"Feature","properties":{"boundary_score":0.2582,"activation_distance":0.18302},"geometry":{"type":"LineString","coordinates":[[114.10542,22.50224],[114.10526,22.50207]]}},{"type":"Feature","properties":{"boundary_score":0.2739,"activation_distance":0.19105},"geometry":{"type":"LineString","coordinates":[[114.10422,22.5017],[114.10399,22.50172]]}},{"type":"Feature","properties":{"boundary_score":0.2739,"activation_distance":0.19105},"geometry":{"type":"LineString","coordinates":[[114.10399,22.50172],[114.10422,22.5017]]}},{"type":"Feature","properties":{"boundary_score":0.0148,"activation_distance":0.05812},"geometry":{"type":"LineString","coordinates":[[114.03227,22.44317],[114.03227,22.44339]]}},{"type":"Feature","properties":{"boundary_score":0.0148,"activation_distance":0.05812},"geometry":{"type":"LineString","coordinates":[[114.03227,22.44339],[114.03227,22.44317]]}},{"type":"Feature","properties":{"boundary_score":0.1887,"activation_distance":0.14734},"geometry":{"type":"LineString","coordinates":[[114.12333,22.49969],[114.12341,22.49996]]}},{"type":"Feature","properties":{"boundary_score":0.1887,"activation_distance":0.14734},"geometry":{"type":"LineString","coordinates":[[114.12341,22.49996],[114.12333,22.49969]]}},{"type":"Feature","properties":{"boundary_score":0.0099,"activation_distance":0.05556},"geometry":{"type":"LineString","coordinates":[[114.11598,22.50223],[114.11618,22.50207]]}},{"type":"Feature","properties":{"boundary_score":0.0099,"activation_distance":0.05556},"geometry":{"type":"LineString","coordinates":[[114.11618,22.50207],[114.11598,22.50223]]}},{"type":"Feature","properties":{"boundary_score":0.0431,"activation_distance":0.07263},"geometry":{"type":"LineString","coordinates":[[114.11621,22.50253],[114.11646,22.50251]]}},{"type":"Feature","properties":{"boundary_score":0.0431,"activation_distance":0.07263},"geometry":{"type":"LineString","coordinates":[[114.11646,22.50251],[114.11621,22.50253]]}},{"type":"Feature","properties":{"boundary_score":0.228,"activation_distance":0.1675},"geometry":{"type":"LineString","coordinates":[[113.99711,22.42364],[113.99697,22.42379]]}},{"type":"Feature","properties":{"boundary_score":0.228,"activation_distance":0.1675},"geometry":{"type":"LineString","coordinates":[[113.99697,22.42379],[113.99711,22.42364]]}},{"type":"Feature","properties":{"boundary_score":0.0256,"activation_distance":0.06364},"geometry":{"type":"LineString","coordinates":[[113.99676,22.4237],[113.99657,22.42379]]}},{"type":"Feature","properties":{"boundary_score":0.0256,"activation_distance":0.06364},"geometry":{"type":"LineString","coordinates":[[113.99657,22.42379],[113.99676,22.4237]]}},{"type":"Feature","properties":{"boundary_score":0.0425,"activation_distance":0.07233},"geometry":{"type":"LineString","coordinates":[[113.95001,22.36017],[113.95014,22.35998]]}},{"type":"Feature","properties":{"boundary_score":0.0425,"activation_distance":0.07233},"geometry":{"type":"LineString","coordinates":[[113.95014,22.35998],[113.95001,22.36017]]}},{"type":"Feature","properties":{"boundary_score":0.0511,"activation_distance":0.0767},"geometry":{"type":"LineString","coordinates":[[114.05112,22.47572],[114.05109,22.47595]]}},{"type":"Feature","properties":{"boundary_score":0.0511,"activation_distance":0.0767},"geometry":{"type":"LineString","coordinates":[[114.05109,22.47595],[114.05112,22.47572]]}},{"type":"Feature","properties":{"boundary_score":0.0511,"activation_distance":0.0767},"geometry":{"type":"LineString","coordinates":[[114.05086,22.47591],[114.05081,22.47569]]}},{"type":"Feature","properties":{"boundary_score":0.0511,"activation_distance":0.0767},"geometry":{"type":"LineString","coordinates":[[114.05081,22.47569],[114.05086,22.47591]]}},{"type":"Feature","properties":{"boundary_score":0.2116,"activation_distance":0.15907},"geometry":{"type":"LineString","coordinates":[[114.04243,22.43518],[114.04228,22.43501]]}},{"type":"Feature","properties":{"boundary_score":0.2116,"activation_distance":0.15907},"geometry":{"type":"LineString","coordinates":[[114.04228,22.43501],[114.04243,22.43518]]}},{"type":"Feature","properties":{"boundary_score":0.0523,"activation_distance":0.07733},"geometry":{"type":"LineString","coordinates":[[114.03766,22.42577],[114.03746,22.42568]]}},{"type":"Feature","properties":{"boundary_score":0.0523,"activation_distance":0.07733},"geometry":{"type":"LineString","coordinates":[[114.03746,22.42568],[114.03766,22.42577]]}},{"type":"Feature","properties":{"boundary_score":0.0091,"activation_distance":0.05518},"geometry":{"type":"LineString","coordinates":[[114.00356,22.37189],[114.00351,22.37211]]}},{"type":"Feature","properties":{"boundary_score":0.0091,"activation_distance":0.05518},"geometry":{"type":"LineString","coordinates":[[114.00351,22.37211],[114.00356,22.37189]]}},{"type":"Feature","properties":{"boundary_score":0.1143,"activation_distance":0.10917},"geometry":{"type":"LineString","coordinates":[[114.00593,22.37561],[114.00614,22.3755]]}},{"type":"Feature","properties":{"boundary_score":0.1143,"activation_distance":0.10917},"geometry":{"type":"LineString","coordinates":[[114.00614,22.3755],[114.00593,22.37561]]}},{"type":"Feature","properties":{"boundary_score":0.1143,"activation_distance":0.10917},"geometry":{"type":"LineString","coordinates":[[114.00614,22.3755],[114.00593,22.37561]]}},{"type":"Feature","properties":{"boundary_score":0.1143,"activation_distance":0.10917},"geometry":{"type":"LineString","coordinates":[[114.00593,22.37561],[114.00614,22.3755]]}},{"type":"Feature","properties":{"boundary_score":0.4419,"activation_distance":0.27726},"geometry":{"type":"LineString","coordinates":[[114.01889,22.35786],[114.0191,22.35805]]}},{"type":"Feature","properties":{"boundary_score":0.4419,"activation_distance":0.27726},"geometry":{"type":"LineString","coordinates":[[114.0191,22.35805],[114.01889,22.35786]]}},{"type":"Feature","properties":{"boundary_score":0.1109,"activation_distance":0.1074},"geometry":{"type":"LineString","coordinates":[[114.12086,22.36528],[114.12097,22.36548]]}},{"type":"Feature","properties":{"boundary_score":0.1109,"activation_distance":0.1074},"geometry":{"type":"LineString","coordinates":[[114.12097,22.36548],[114.12086,22.36528]]}},{"type":"Feature","properties":{"boundary_score":0.4816,"activation_distance":0.29762},"geometry":{"type":"LineString","coordinates":[[114.01152,22.43715],[114.01146,22.43692]]}},{"type":"Feature","properties":{"boundary_score":0.4816,"activation_distance":0.29762},"geometry":{"type":"LineString","coordinates":[[114.01146,22.43692],[114.01152,22.43715]]}},{"type":"Feature","properties":{"boundary_score":0.7415,"activation_distance":0.43103},"geometry":{"type":"LineString","coordinates":[[114.0117,22.43721],[114.01184,22.437]]}},{"type":"Feature","properties":{"boundary_score":0.7415,"activation_distance":0.43103},"geometry":{"type":"LineString","coordinates":[[114.01184,22.437],[114.0117,22.43721]]}},{"type":"Feature","properties":{"boundary_score":0.7415,"activation_distance":0.43103},"geometry":{"type":"LineString","coordinates":[[114.01184,22.437],[114.0117,22.43721]]}},{"type":"Feature","properties":{"boundary_score":0.7415,"activation_distance":0.43103},"geometry":{"type":"LineString","coordinates":[[114.0117,22.43721],[114.01184,22.437]]}},{"type":"Feature","properties":{"boundary_score":0.0117,"activation_distance":0.05652},"geometry":{"type":"LineString","coordinates":[[114.11601,22.51063],[114.1159,22.51083]]}},{"type":"Feature","properties":{"boundary_score":0.0117,"activation_distance":0.05652},"geometry":{"type":"LineString","coordinates":[[114.1159,22.51083],[114.11601,22.51063]]}},{"type":"Feature","properties":{"boundary_score":0.0431,"activation_distance":0.07263},"geometry":{"type":"LineString","coordinates":[[114.11646,22.50251],[114.11621,22.50253]]}},{"type":"Feature","properties":{"boundary_score":0.0431,"activation_distance":0.07263},"geometry":{"type":"LineString","coordinates":[[114.11621,22.50253],[114.11646,22.50251]]}},{"type":"Feature","properties":{"boundary_score":0.0265,"activation_distance":0.06412},"geometry":{"type":"LineString","coordinates":[[114.15283,22.5473],[114.15284,22.54708]]}},{"type":"Feature","properties":{"boundary_score":0.0265,"activation_distance":0.06412},"geometry":{"type":"LineString","coordinates":[[114.15284,22.54708],[114.15283,22.5473]]}},{"type":"Feature","properties":{"boundary_score":0.1279,"activation_distance":0.11612},"geometry":{"type":"LineString","coordinates":[[114.15527,22.55157],[114.15528,22.5518]]}},{"type":"Feature","properties":{"boundary_score":0.1279,"activation_distance":0.11612},"geometry":{"type":"LineString","coordinates":[[114.15528,22.5518],[114.15527,22.55157]]}},{"type":"Feature","properties":{"boundary_score":0.0265,"activation_distance":0.06412},"geometry":{"type":"LineString","coordinates":[[114.15284,22.54708],[114.15283,22.5473]]}},{"type":"Feature","properties":{"boundary_score":0.0265,"activation_distance":0.06412},"geometry":{"type":"LineString","coordinates":[[114.15283,22.5473],[114.15284,22.54708]]}},{"type":"Feature","properties":{"boundary_score":0.1246,"activation_distance":0.11443},"geometry":{"type":"LineString","coordinates":[[114.06246,22.47802],[114.06266,22.47793]]}},{"type":"Feature","properties":{"boundary_score":0.1246,"activation_distance":0.11443},"geometry":{"type":"LineString","coordinates":[[114.06266,22.47793],[114.06246,22.47802]]}},{"type":"Feature","properties":{"boundary_score":0.2471,"activation_distance":0.17729},"geometry":{"type":"LineString","coordinates":[[114.0522,22.45933],[114.05228,22.45954]]}},{"type":"Feature","properties":{"boundary_score":0.2471,"activation_distance":0.17729},"geometry":{"type":"LineString","coordinates":[[114.05228,22.45954],[114.0522,22.45933]]}},{"type":"Feature","properties":{"boundary_score":0.2561,"activation_distance":0.18194},"geometry":{"type":"LineString","coordinates":[[114.05403,22.46681],[114.054,22.46659]]}},{"type":"Feature","properties":{"boundary_score":0.2561,"activation_distance":0.18194},"geometry":{"type":"LineString","coordinates":[[114.054,22.46659],[114.05403,22.46681]]}},{"type":"Feature","properties":{"boundary_score":0.0095,"activation_distance":0.05539},"geometry":{"type":"LineString","coordinates":[[114.07846,22.4461],[114.07846,22.44587]]}},{"type":"Feature","properties":{"boundary_score":0.0095,"activation_distance":0.05539},"geometry":{"type":"LineString","coordinates":[[114.07846,22.44587],[114.07846,22.4461]]}},{"type":"Feature","properties":{"boundary_score":0.0492,"activation_distance":0.07573},"geometry":{"type":"LineString","coordinates":[[114.08542,22.44142],[114.08565,22.44153]]}},{"type":"Feature","properties":{"boundary_score":0.0492,"activation_distance":0.07573},"geometry":{"type":"LineString","coordinates":[[114.08565,22.44153],[114.08542,22.44142]]}},{"type":"Feature","properties":{"boundary_score":0.0127,"activation_distance":0.05701},"geometry":{"type":"LineString","coordinates":[[114.13251,22.50107],[114.13282,22.50133]]}},{"type":"Feature","properties":{"boundary_score":0.0127,"activation_distance":0.05701},"geometry":{"type":"LineString","coordinates":[[114.13282,22.50133],[114.13251,22.50107]]}},{"type":"Feature","properties":{"boundary_score":0.1053,"activation_distance":0.10452},"geometry":{"type":"LineString","coordinates":[[114.15436,22.52243],[114.15458,22.52248]]}},{"type":"Feature","properties":{"boundary_score":0.1053,"activation_distance":0.10452},"geometry":{"type":"LineString","coordinates":[[114.15458,22.52248],[114.15436,22.52243]]}},{"type":"Feature","properties":{"boundary_score":0.0097,"activation_distance":0.05546},"geometry":{"type":"LineString","coordinates":[[114.14875,22.50254],[114.14888,22.50235]]}},{"type":"Feature","properties":{"boundary_score":0.0097,"activation_distance":0.05546},"geometry":{"type":"LineString","coordinates":[[114.14888,22.50235],[114.14875,22.50254]]}},{"type":"Feature","properties":{"boundary_score":0.2674,"activation_distance":0.1877},"geometry":{"type":"LineString","coordinates":[[114.14799,22.54048],[114.14777,22.54056]]}},{"type":"Feature","properties":{"boundary_score":0.2674,"activation_distance":0.1877},"geometry":{"type":"LineString","coordinates":[[114.14777,22.54056],[114.14799,22.54048]]}},{"type":"Feature","properties":{"boundary_score":0.2452,"activation_distance":0.17632},"geometry":{"type":"LineString","coordinates":[[114.15215,22.54605],[114.15218,22.54628]]}},{"type":"Feature","properties":{"boundary_score":0.2452,"activation_distance":0.17632},"geometry":{"type":"LineString","coordinates":[[114.15218,22.54628],[114.15215,22.54605]]}},{"type":"Feature","properties":{"boundary_score":0.0613,"activation_distance":0.08196},"geometry":{"type":"LineString","coordinates":[[114.15229,22.54696],[114.15232,22.54719]]}},{"type":"Feature","properties":{"boundary_score":0.0613,"activation_distance":0.08196},"geometry":{"type":"LineString","coordinates":[[114.15232,22.54719],[114.15229,22.54696]]}},{"type":"Feature","properties":{"boundary_score":0.2452,"activation_distance":0.17632},"geometry":{"type":"LineString","coordinates":[[114.15258,22.54575],[114.15275,22.54595]]}},{"type":"Feature","properties":{"boundary_score":0.2452,"activation_distance":0.17632},"geometry":{"type":"LineString","coordinates":[[114.15275,22.54595],[114.15258,22.54575]]}},{"type":"Feature","properties":{"boundary_score":0.0653,"activation_distance":0.084},"geometry":{"type":"LineString","coordinates":[[114.022,22.42445],[114.02208,22.42468]]}},{"type":"Feature","properties":{"boundary_score":0.0653,"activation_distance":0.084},"geometry":{"type":"LineString","coordinates":[[114.02208,22.42468],[114.022,22.42445]]}},{"type":"Feature","properties":{"boundary_score":0.0065,"activation_distance":0.05383},"geometry":{"type":"LineString","coordinates":[[114.02242,22.42561],[114.02248,22.42585]]}},{"type":"Feature","properties":{"boundary_score":0.0065,"activation_distance":0.05383},"geometry":{"type":"LineString","coordinates":[[114.02248,22.42585],[114.02242,22.42561]]}},{"type":"Feature","properties":{"boundary_score":0.0239,"activation_distance":0.06277},"geometry":{"type":"LineString","coordinates":[[114.1203,22.52539],[114.12008,22.52534]]}},{"type":"Feature","properties":{"boundary_score":0.0239,"activation_distance":0.06277},"geometry":{"type":"LineString","coordinates":[[114.12008,22.52534],[114.1203,22.52539]]}},{"type":"Feature","properties":{"boundary_score":0.0054,"activation_distance":0.05327},"geometry":{"type":"LineString","coordinates":[[114.11593,22.50164],[114.11617,22.5016]]}},{"type":"Feature","properties":{"boundary_score":0.0054,"activation_distance":0.05327},"geometry":{"type":"LineString","coordinates":[[114.11617,22.5016],[114.11593,22.50164]]}},{"type":"Feature","properties":{"boundary_score":0.0413,"activation_distance":0.07166},"geometry":{"type":"LineString","coordinates":[[114.14902,22.48933],[114.14922,22.48943]]}},{"type":"Feature","properties":{"boundary_score":0.0413,"activation_distance":0.07166},"geometry":{"type":"LineString","coordinates":[[114.14922,22.48943],[114.14902,22.48933]]}},{"type":"Feature","properties":{"boundary_score":0.2349,"activation_distance":0.17106},"geometry":{"type":"LineString","coordinates":[[114.14659,22.48778],[114.14682,22.48768]]}},{"type":"Feature","properties":{"boundary_score":0.2349,"activation_distance":0.17106},"geometry":{"type":"LineString","coordinates":[[114.14682,22.48768],[114.14659,22.48778]]}},{"type":"Feature","properties":{"boundary_score":0.024,"activation_distance":0.0628},"geometry":{"type":"LineString","coordinates":[[114.15384,22.48008],[114.15387,22.47986]]}},{"type":"Feature","properties":{"boundary_score":0.024,"activation_distance":0.0628},"geometry":{"type":"LineString","coordinates":[[114.15387,22.47986],[114.15384,22.48008]]}},{"type":"Feature","properties":{"boundary_score":0.1515,"activation_distance":0.12824},"geometry":{"type":"LineString","coordinates":[[114.0908,22.49071],[114.0906,22.49081]]}},{"type":"Feature","properties":{"boundary_score":0.1515,"activation_distance":0.12824},"geometry":{"type":"LineString","coordinates":[[114.0906,22.49081],[114.0908,22.49071]]}},{"type":"Feature","properties":{"boundary_score":0.0194,"activation_distance":0.06047},"geometry":{"type":"LineString","coordinates":[[114.11006,22.42514],[114.11024,22.42502]]}},{"type":"Feature","properties":{"boundary_score":0.0194,"activation_distance":0.06047},"geometry":{"type":"LineString","coordinates":[[114.11024,22.42502],[114.11006,22.42514]]}},{"type":"Feature","properties":{"boundary_score":0.0117,"activation_distance":0.05652},"geometry":{"type":"LineString","coordinates":[[114.1159,22.51083],[114.11601,22.51063]]}},{"type":"Feature","properties":{"boundary_score":0.0117,"activation_distance":0.05652},"geometry":{"type":"LineString","coordinates":[[114.11601,22.51063],[114.1159,22.51083]]}},{"type":"Feature","properties":{"boundary_score":0.3674,"activation_distance":0.23904},"geometry":{"type":"LineString","coordinates":[[114.15367,22.47353],[114.15362,22.47331]]}},{"type":"Feature","properties":{"boundary_score":0.3674,"activation_distance":0.23904},"geometry":{"type":"LineString","coordinates":[[114.15362,22.47331],[114.15367,22.47353]]}},{"type":"Feature","properties":{"boundary_score":0.1292,"activation_distance":0.11678},"geometry":{"type":"LineString","coordinates":[[114.15228,22.46775],[114.15216,22.46755]]}},{"type":"Feature","properties":{"boundary_score":0.1292,"activation_distance":0.11678},"geometry":{"type":"LineString","coordinates":[[114.15216,22.46755],[114.15228,22.46775]]}},{"type":"Feature","properties":{"boundary_score":0.1447,"activation_distance":0.12474},"geometry":{"type":"LineString","coordinates":[[114.13463,22.49583],[114.13445,22.49598]]}},{"type":"Feature","properties":{"boundary_score":0.1447,"activation_distance":0.12474},"geometry":{"type":"LineString","coordinates":[[114.13445,22.49598],[114.13463,22.49583]]}},{"type":"Feature","properties":{"boundary_score":0.4454,"activation_distance":0.27906},"geometry":{"type":"LineString","coordinates":[[114.13339,22.49691],[114.13321,22.49706]]}},{"type":"Feature","properties":{"boundary_score":0.4454,"activation_distance":0.27906},"geometry":{"type":"LineString","coordinates":[[114.13321,22.49706],[114.13339,22.49691]]}},{"type":"Feature","properties":{"boundary_score":0.0983,"activation_distance":0.10093},"geometry":{"type":"LineString","coordinates":[[114.03894,22.41754],[114.03888,22.41732]]}},{"type":"Feature","properties":{"boundary_score":0.0983,"activation_distance":0.10093},"geometry":{"type":"LineString","coordinates":[[114.03888,22.41732],[114.03894,22.41754]]}},{"type":"Feature","properties":{"boundary_score":0.0342,"activation_distance":0.06805},"geometry":{"type":"LineString","coordinates":[[114.03881,22.41882],[114.03857,22.41889]]}},{"type":"Feature","properties":{"boundary_score":0.0342,"activation_distance":0.06805},"geometry":{"type":"LineString","coordinates":[[114.03857,22.41889],[114.03881,22.41882]]}},{"type":"Feature","properties":{"boundary_score":0.0342,"activation_distance":0.06805},"geometry":{"type":"LineString","coordinates":[[114.03857,22.41889],[114.03881,22.41882]]}},{"type":"Feature","properties":{"boundary_score":0.0342,"activation_distance":0.06805},"geometry":{"type":"LineString","coordinates":[[114.03881,22.41882],[114.03857,22.41889]]}},{"type":"Feature","properties":{"boundary_score":0.0986,"activation_distance":0.10112},"geometry":{"type":"LineString","coordinates":[[114.03187,22.41987],[114.03209,22.41994]]}},{"type":"Feature","properties":{"boundary_score":0.0986,"activation_distance":0.10112},"geometry":{"type":"LineString","coordinates":[[114.03209,22.41994],[114.03187,22.41987]]}},{"type":"Feature","properties":{"boundary_score":0.0986,"activation_distance":0.10112},"geometry":{"type":"LineString","coordinates":[[114.03209,22.41994],[114.03187,22.41987]]}},{"type":"Feature","properties":{"boundary_score":0.0986,"activation_distance":0.10112},"geometry":{"type":"LineString","coordinates":[[114.03187,22.41987],[114.03209,22.41994]]}},{"type":"Feature","properties":{"boundary_score":0.0065,"activation_distance":0.05383},"geometry":{"type":"LineString","coordinates":[[114.02248,22.42585],[114.02242,22.42561]]}},{"type":"Feature","properties":{"boundary_score":0.0065,"activation_distance":0.05383},"geometry":{"type":"LineString","coordinates":[[114.02242,22.42561],[114.02248,22.42585]]}},{"type":"Feature","properties":{"boundary_score":0.0653,"activation_distance":0.084},"geometry":{"type":"LineString","coordinates":[[114.02208,22.42468],[114.022,22.42445]]}},{"type":"Feature","properties":{"boundary_score":0.0653,"activation_distance":0.084},"geometry":{"type":"LineString","coordinates":[[114.022,22.42445],[114.02208,22.42468]]}},{"type":"Feature","properties":{"boundary_score":0.0413,"activation_distance":0.07166},"geometry":{"type":"LineString","coordinates":[[114.14922,22.48943],[114.14902,22.48933]]}},{"type":"Feature","properties":{"boundary_score":0.0413,"activation_distance":0.07166},"geometry":{"type":"LineString","coordinates":[[114.14902,22.48933],[114.14922,22.48943]]}},{"type":"Feature","properties":{"boundary_score":0.0481,"activation_distance":0.07516},"geometry":{"type":"LineString","coordinates":[[114.10449,22.50042],[114.10453,22.50067]]}},{"type":"Feature","properties":{"boundary_score":0.0481,"activation_distance":0.07516},"geometry":{"type":"LineString","coordinates":[[114.10453,22.50067],[114.10449,22.50042]]}},{"type":"Feature","properties":{"boundary_score":0.0237,"activation_distance":0.06268},"geometry":{"type":"LineString","coordinates":[[114.10391,22.49509],[114.10392,22.49533]]}},{"type":"Feature","properties":{"boundary_score":0.0237,"activation_distance":0.06268},"geometry":{"type":"LineString","coordinates":[[114.10392,22.49533],[114.10391,22.49509]]}},{"type":"Feature","properties":{"boundary_score":0.0207,"activation_distance":0.0611},"geometry":{"type":"LineString","coordinates":[[114.10925,22.49581],[114.10942,22.49566]]}},{"type":"Feature","properties":{"boundary_score":0.0207,"activation_distance":0.0611},"geometry":{"type":"LineString","coordinates":[[114.10942,22.49566],[114.10925,22.49581]]}},{"type":"Feature","properties":{"boundary_score":0.0823,"activation_distance":0.09273},"geometry":{"type":"LineString","coordinates":[[114.07558,22.43435],[114.0754,22.43448]]}},{"type":"Feature","properties":{"boundary_score":0.0823,"activation_distance":0.09273},"geometry":{"type":"LineString","coordinates":[[114.0754,22.43448],[114.07558,22.43435]]}},{"type":"Feature","properties":{"boundary_score":0.0835,"activation_distance":0.09337},"geometry":{"type":"LineString","coordinates":[[113.99255,22.37335],[113.99271,22.37319]]}},{"type":"Feature","properties":{"boundary_score":0.0835,"activation_distance":0.09337},"geometry":{"type":"LineString","coordinates":[[113.99271,22.37319],[113.99255,22.37335]]}},{"type":"Feature","properties":{"boundary_score":0.1769,"activation_distance":0.14128},"geometry":{"type":"LineString","coordinates":[[114.07487,22.49595],[114.07471,22.49577]]}},{"type":"Feature","properties":{"boundary_score":0.1769,"activation_distance":0.14128},"geometry":{"type":"LineString","coordinates":[[114.07471,22.49577],[114.07487,22.49595]]}},{"type":"Feature","properties":{"boundary_score":0.1338,"activation_distance":0.11916},"geometry":{"type":"LineString","coordinates":[[114.05446,22.46641],[114.05452,22.46663]]}},{"type":"Feature","properties":{"boundary_score":0.1338,"activation_distance":0.11916},"geometry":{"type":"LineString","coordinates":[[114.05452,22.46663],[114.05446,22.46641]]}},{"type":"Feature","properties":{"boundary_score":0.131,"activation_distance":0.11774},"geometry":{"type":"LineString","coordinates":[[113.9912,22.42856],[113.99138,22.42876]]}},{"type":"Feature","properties":{"boundary_score":0.131,"activation_distance":0.11774},"geometry":{"type":"LineString","coordinates":[[113.99138,22.42876],[113.9912,22.42856]]}},{"type":"Feature","properties":{"boundary_score":0.0567,"activation_distance":0.07958},"geometry":{"type":"LineString","coordinates":[[114.00882,22.441],[114.00902,22.44112]]}},{"type":"Feature","properties":{"boundary_score":0.0567,"activation_distance":0.07958},"geometry":{"type":"LineString","coordinates":[[114.00902,22.44112],[114.00882,22.441]]}},{"type":"Feature","properties":{"boundary_score":0.0188,"activation_distance":0.06012},"geometry":{"type":"LineString","coordinates":[[114.01202,22.44275],[114.01225,22.44284]]}},{"type":"Feature","properties":{"boundary_score":0.0188,"activation_distance":0.06012},"geometry":{"type":"LineString","coordinates":[[114.01225,22.44284],[114.01202,22.44275]]}},{"type":"Feature","properties":{"boundary_score":0.0888,"activation_distance":0.09607},"geometry":{"type":"LineString","coordinates":[[114.07376,22.47229],[114.07356,22.47219]]}},{"type":"Feature","properties":{"boundary_score":0.0888,"activation_distance":0.09607},"geometry":{"type":"LineString","coordinates":[[114.07356,22.47219],[114.07376,22.47229]]}},{"type":"Feature","properties":{"boundary_score":0.0342,"activation_distance":0.06805},"geometry":{"type":"LineString","coordinates":[[114.08048,22.49156],[114.0804,22.49177]]}},{"type":"Feature","properties":{"boundary_score":0.0342,"activation_distance":0.06805},"geometry":{"type":"LineString","coordinates":[[114.0804,22.49177],[114.08048,22.49156]]}},{"type":"Feature","properties":{"boundary_score":0.0399,"activation_distance":0.07097},"geometry":{"type":"LineString","coordinates":[[114.03159,22.45511],[114.03143,22.45494]]}},{"type":"Feature","properties":{"boundary_score":0.0399,"activation_distance":0.07097},"geometry":{"type":"LineString","coordinates":[[114.03143,22.45494],[114.03159,22.45511]]}},{"type":"Feature","properties":{"boundary_score":0.1233,"activation_distance":0.11375},"geometry":{"type":"LineString","coordinates":[[114.05974,22.4396],[114.05975,22.43931]]}},{"type":"Feature","properties":{"boundary_score":0.1233,"activation_distance":0.11375},"geometry":{"type":"LineString","coordinates":[[114.05975,22.43931],[114.05974,22.4396]]}},{"type":"Feature","properties":{"boundary_score":0.0344,"activation_distance":0.06817},"geometry":{"type":"LineString","coordinates":[[114.05958,22.43931],[114.05959,22.43958]]}},{"type":"Feature","properties":{"boundary_score":0.0344,"activation_distance":0.06817},"geometry":{"type":"LineString","coordinates":[[114.05959,22.43958],[114.05958,22.43931]]}},{"type":"Feature","properties":{"boundary_score":0.0291,"activation_distance":0.06541},"geometry":{"type":"LineString","coordinates":[[114.02516,22.41662],[114.02535,22.41644]]}},{"type":"Feature","properties":{"boundary_score":0.0291,"activation_distance":0.06541},"geometry":{"type":"LineString","coordinates":[[114.02535,22.41644],[114.02516,22.41662]]}},{"type":"Feature","properties":{"boundary_score":0.0291,"activation_distance":0.06541},"geometry":{"type":"LineString","coordinates":[[114.02535,22.41644],[114.02516,22.41662]]}},{"type":"Feature","properties":{"boundary_score":0.0291,"activation_distance":0.06541},"geometry":{"type":"LineString","coordinates":[[114.02516,22.41662],[114.02535,22.41644]]}},{"type":"Feature","properties":{"boundary_score":0.0121,"activation_distance":0.05672},"geometry":{"type":"LineString","coordinates":[[113.95284,22.37219],[113.95307,22.37207]]}},{"type":"Feature","properties":{"boundary_score":0.0121,"activation_distance":0.05672},"geometry":{"type":"LineString","coordinates":[[113.95307,22.37207],[113.95284,22.37219]]}},{"type":"Feature","properties":{"boundary_score":0.0371,"activation_distance":0.06954},"geometry":{"type":"LineString","coordinates":[[114.00451,22.37552],[114.00473,22.37561]]}},{"type":"Feature","properties":{"boundary_score":0.0371,"activation_distance":0.06954},"geometry":{"type":"LineString","coordinates":[[114.00473,22.37561],[114.00451,22.37552]]}},{"type":"Feature","properties":{"boundary_score":0.2136,"activation_distance":0.16013},"geometry":{"type":"LineString","coordinates":[[113.97642,22.41844],[113.97663,22.41834]]}},{"type":"Feature","properties":{"boundary_score":0.2136,"activation_distance":0.16013},"geometry":{"type":"LineString","coordinates":[[113.97663,22.41834],[113.97642,22.41844]]}},{"type":"Feature","properties":{"boundary_score":0.1763,"activation_distance":0.14098},"geometry":{"type":"LineString","coordinates":[[114.01091,22.36655],[114.01069,22.36655]]}},{"type":"Feature","properties":{"boundary_score":0.1763,"activation_distance":0.14098},"geometry":{"type":"LineString","coordinates":[[114.01069,22.36655],[114.01091,22.36655]]}},{"type":"Feature","properties":{"boundary_score":0.1701,"activation_distance":0.1378},"geometry":{"type":"LineString","coordinates":[[114.01052,22.3667],[114.01074,22.3667]]}},{"type":"Feature","properties":{"boundary_score":0.1701,"activation_distance":0.1378},"geometry":{"type":"LineString","coordinates":[[114.01074,22.3667],[114.01052,22.3667]]}},{"type":"Feature","properties":{"boundary_score":0.1628,"activation_distance":0.13406},"geometry":{"type":"LineString","coordinates":[[114.08377,22.5026],[114.08365,22.50241]]}},{"type":"Feature","properties":{"boundary_score":0.1628,"activation_distance":0.13406},"geometry":{"type":"LineString","coordinates":[[114.08365,22.50241],[114.08377,22.5026]]}},{"type":"Feature","properties":{"boundary_score":0.3796,"activation_distance":0.24529},"geometry":{"type":"LineString","coordinates":[[114.07698,22.51062],[114.07675,22.51061]]}},{"type":"Feature","properties":{"boundary_score":0.3796,"activation_distance":0.24529},"geometry":{"type":"LineString","coordinates":[[114.07675,22.51061],[114.07698,22.51062]]}},{"type":"Feature","properties":{"boundary_score":0.3796,"activation_distance":0.24529},"geometry":{"type":"LineString","coordinates":[[114.07675,22.51061],[114.07698,22.51062]]}},{"type":"Feature","properties":{"boundary_score":0.3796,"activation_distance":0.24529},"geometry":{"type":"LineString","coordinates":[[114.07698,22.51062],[114.07675,22.51061]]}},{"type":"Feature","properties":{"boundary_score":0.0121,"activation_distance":0.0567},"geometry":{"type":"LineString","coordinates":[[114.06792,22.43968],[114.06769,22.43962]]}},{"type":"Feature","properties":{"boundary_score":0.0121,"activation_distance":0.0567},"geometry":{"type":"LineString","coordinates":[[114.06769,22.43962],[114.06792,22.43968]]}},{"type":"Feature","properties":{"boundary_score":0.0275,"activation_distance":0.0646},"geometry":{"type":"LineString","coordinates":[[114.12112,22.43683],[114.12096,22.43667]]}},{"type":"Feature","properties":{"boundary_score":0.0275,"activation_distance":0.0646},"geometry":{"type":"LineString","coordinates":[[114.12096,22.43667],[114.12112,22.43683]]}},{"type":"Feature","properties":{"boundary_score":0.1111,"activation_distance":0.10753},"geometry":{"type":"LineString","coordinates":[[114.10611,22.35936],[114.10633,22.35942]]}},{"type":"Feature","properties":{"boundary_score":0.1111,"activation_distance":0.10753},"geometry":{"type":"LineString","coordinates":[[114.10633,22.35942],[114.10611,22.35936]]}},{"type":"Feature","properties":{"boundary_score":0.1593,"activation_distance":0.13227},"geometry":{"type":"LineString","coordinates":[[113.98447,22.42394],[113.98442,22.42372]]}},{"type":"Feature","properties":{"boundary_score":0.1593,"activation_distance":0.13227},"geometry":{"type":"LineString","coordinates":[[113.98442,22.42372],[113.98447,22.42394]]}},{"type":"Feature","properties":{"boundary_score":0.0144,"activation_distance":0.05787},"geometry":{"type":"LineString","coordinates":[[113.97295,22.39844],[113.97276,22.3986]]}},{"type":"Feature","properties":{"boundary_score":0.0144,"activation_distance":0.05787},"geometry":{"type":"LineString","coordinates":[[113.97276,22.3986],[113.97295,22.39844]]}},{"type":"Feature","properties":{"boundary_score":0.1179,"activation_distance":0.11102},"geometry":{"type":"LineString","coordinates":[[114.01572,22.46198],[114.01598,22.4618]]}},{"type":"Feature","properties":{"boundary_score":0.1179,"activation_distance":0.11102},"geometry":{"type":"LineString","coordinates":[[114.01598,22.4618],[114.01572,22.46198]]}},{"type":"Feature","properties":{"boundary_score":0.0817,"activation_distance":0.09243},"geometry":{"type":"LineString","coordinates":[[114.09132,22.50421],[114.09132,22.50449]]}},{"type":"Feature","properties":{"boundary_score":0.0817,"activation_distance":0.09243},"geometry":{"type":"LineString","coordinates":[[114.09132,22.50449],[114.09132,22.50421]]}},{"type":"Feature","properties":{"boundary_score":0.4272,"activation_distance":0.26973},"geometry":{"type":"LineString","coordinates":[[114.06871,22.48243],[114.06855,22.48227]]}},{"type":"Feature","properties":{"boundary_score":0.4272,"activation_distance":0.26973},"geometry":{"type":"LineString","coordinates":[[114.06855,22.48227],[114.06871,22.48243]]}},{"type":"Feature","properties":{"boundary_score":0.297,"activation_distance":0.20293},"geometry":{"type":"LineString","coordinates":[[114.10971,22.4743],[114.10966,22.47407]]}},{"type":"Feature","properties":{"boundary_score":0.297,"activation_distance":0.20293},"geometry":{"type":"LineString","coordinates":[[114.10966,22.47407],[114.10971,22.4743]]}},{"type":"Feature","properties":{"boundary_score":0.0195,"activation_distance":0.06051},"geometry":{"type":"LineString","coordinates":[[114.10853,22.47112],[114.10847,22.47089]]}},{"type":"Feature","properties":{"boundary_score":0.0195,"activation_distance":0.06051},"geometry":{"type":"LineString","coordinates":[[114.10847,22.47089],[114.10853,22.47112]]}},{"type":"Feature","properties":{"boundary_score":0.1371,"activation_distance":0.12087},"geometry":{"type":"LineString","coordinates":[[113.94332,22.42306],[113.94354,22.42301]]}},{"type":"Feature","properties":{"boundary_score":0.1371,"activation_distance":0.12087},"geometry":{"type":"LineString","coordinates":[[113.94354,22.42301],[113.94332,22.42306]]}},{"type":"Feature","properties":{"boundary_score":0.0055,"activation_distance":0.05331},"geometry":{"type":"LineString","coordinates":[[114.13383,22.53613],[114.13368,22.53597]]}},{"type":"Feature","properties":{"boundary_score":0.0055,"activation_distance":0.05331},"geometry":{"type":"LineString","coordinates":[[114.13368,22.53597],[114.13383,22.53613]]}},{"type":"Feature","properties":{"boundary_score":0.2076,"activation_distance":0.15706},"geometry":{"type":"LineString","coordinates":[[114.11947,22.36194],[114.11925,22.36187]]}},{"type":"Feature","properties":{"boundary_score":0.2076,"activation_distance":0.15706},"geometry":{"type":"LineString","coordinates":[[114.11925,22.36187],[114.11947,22.36194]]}},{"type":"Feature","properties":{"boundary_score":0.0408,"activation_distance":0.07143},"geometry":{"type":"LineString","coordinates":[[113.96764,22.40021],[113.96768,22.40044]]}},{"type":"Feature","properties":{"boundary_score":0.0408,"activation_distance":0.07143},"geometry":{"type":"LineString","coordinates":[[113.96768,22.40044],[113.96764,22.40021]]}},{"type":"Feature","properties":{"boundary_score":0.3977,"activation_distance":0.25459},"geometry":{"type":"LineString","coordinates":[[114.02413,22.4342],[114.02391,22.43431]]}},{"type":"Feature","properties":{"boundary_score":0.3977,"activation_distance":0.25459},"geometry":{"type":"LineString","coordinates":[[114.02391,22.43431],[114.02413,22.4342]]}},{"type":"Feature","properties":{"boundary_score":0.0258,"activation_distance":0.06371},"geometry":{"type":"LineString","coordinates":[[114.02353,22.42962],[114.02359,22.42985]]}},{"type":"Feature","properties":{"boundary_score":0.0258,"activation_distance":0.06371},"geometry":{"type":"LineString","coordinates":[[114.02359,22.42985],[114.02353,22.42962]]}},{"type":"Feature","properties":{"boundary_score":0.0076,"activation_distance":0.05438},"geometry":{"type":"LineString","coordinates":[[113.9954,22.43956],[113.99545,22.43926]]}},{"type":"Feature","properties":{"boundary_score":0.0076,"activation_distance":0.05438},"geometry":{"type":"LineString","coordinates":[[113.99545,22.43926],[113.9954,22.43956]]}},{"type":"Feature","properties":{"boundary_score":0.0475,"activation_distance":0.07487},"geometry":{"type":"LineString","coordinates":[[113.99221,22.42062],[113.99245,22.42076]]}},{"type":"Feature","properties":{"boundary_score":0.0475,"activation_distance":0.07487},"geometry":{"type":"LineString","coordinates":[[113.99245,22.42076],[113.99221,22.42062]]}},{"type":"Feature","properties":{"boundary_score":0.0017,"activation_distance":0.05139},"geometry":{"type":"LineString","coordinates":[[113.97564,22.45641],[113.97583,22.45653]]}},{"type":"Feature","properties":{"boundary_score":0.0017,"activation_distance":0.05139},"geometry":{"type":"LineString","coordinates":[[113.97583,22.45653],[113.97564,22.45641]]}},{"type":"Feature","properties":{"boundary_score":0.0017,"activation_distance":0.05139},"geometry":{"type":"LineString","coordinates":[[113.97583,22.45653],[113.97564,22.45641]]}},{"type":"Feature","properties":{"boundary_score":0.0017,"activation_distance":0.05139},"geometry":{"type":"LineString","coordinates":[[113.97564,22.45641],[113.97583,22.45653]]}},{"type":"Feature","properties":{"boundary_score":0.0319,"activation_distance":0.06687},"geometry":{"type":"LineString","coordinates":[[113.98304,22.42542],[113.98328,22.42554]]}},{"type":"Feature","properties":{"boundary_score":0.0319,"activation_distance":0.06687},"geometry":{"type":"LineString","coordinates":[[113.98328,22.42554],[113.98304,22.42542]]}},{"type":"Feature","properties":{"boundary_score":0.1003,"activation_distance":0.10196},"geometry":{"type":"LineString","coordinates":[[114.0519,22.36279],[114.05209,22.36264]]}},{"type":"Feature","properties":{"boundary_score":0.1003,"activation_distance":0.10196},"geometry":{"type":"LineString","coordinates":[[114.05209,22.36264],[114.0519,22.36279]]}},{"type":"Feature","properties":{"boundary_score":0.0832,"activation_distance":0.09318},"geometry":{"type":"LineString","coordinates":[[114.12018,22.35208],[114.12008,22.35187]]}},{"type":"Feature","properties":{"boundary_score":0.0832,"activation_distance":0.09318},"geometry":{"type":"LineString","coordinates":[[114.12008,22.35187],[114.12018,22.35208]]}},{"type":"Feature","properties":{"boundary_score":0.0833,"activation_distance":0.09325},"geometry":{"type":"LineString","coordinates":[[114.12018,22.35208],[114.12,22.35192]]}},{"type":"Feature","properties":{"boundary_score":0.0833,"activation_distance":0.09325},"geometry":{"type":"LineString","coordinates":[[114.12,22.35192],[114.12018,22.35208]]}},{"type":"Feature","properties":{"boundary_score":0.0511,"activation_distance":0.0767},"geometry":{"type":"LineString","coordinates":[[114.05081,22.47569],[114.05086,22.47591]]}},{"type":"Feature","properties":{"boundary_score":0.0511,"activation_distance":0.0767},"geometry":{"type":"LineString","coordinates":[[114.05086,22.47591],[114.05081,22.47569]]}},{"type":"Feature","properties":{"boundary_score":0.0467,"activation_distance":0.07444},"geometry":{"type":"LineString","coordinates":[[114.05586,22.47145],[114.05602,22.47117]]}},{"type":"Feature","properties":{"boundary_score":0.0467,"activation_distance":0.07444},"geometry":{"type":"LineString","coordinates":[[114.05602,22.47117],[114.05586,22.47145]]}},{"type":"Feature","properties":{"boundary_score":0.0194,"activation_distance":0.06043},"geometry":{"type":"LineString","coordinates":[[114.00298,22.44968],[114.00311,22.44948]]}},{"type":"Feature","properties":{"boundary_score":0.0194,"activation_distance":0.06043},"geometry":{"type":"LineString","coordinates":[[114.00311,22.44948],[114.00298,22.44968]]}},{"type":"Feature","properties":{"boundary_score":0.0972,"activation_distance":0.10039},"geometry":{"type":"LineString","coordinates":[[114.00153,22.45041],[114.00174,22.45056]]}},{"type":"Feature","properties":{"boundary_score":0.0972,"activation_distance":0.10039},"geometry":{"type":"LineString","coordinates":[[114.00174,22.45056],[114.00153,22.45041]]}},{"type":"Feature","properties":{"boundary_score":0.0841,"activation_distance":0.09368},"geometry":{"type":"LineString","coordinates":[[114.00153,22.45041],[114.00176,22.45054]]}},{"type":"Feature","properties":{"boundary_score":0.0841,"activation_distance":0.09368},"geometry":{"type":"LineString","coordinates":[[114.00176,22.45054],[114.00153,22.45041]]}},{"type":"Feature","properties":{"boundary_score":0.0125,"activation_distance":0.05692},"geometry":{"type":"LineString","coordinates":[[114.13263,22.51698],[114.1324,22.51696]]}},{"type":"Feature","properties":{"boundary_score":0.0125,"activation_distance":0.05692},"geometry":{"type":"LineString","coordinates":[[114.1324,22.51696],[114.13263,22.51698]]}},{"type":"Feature","properties":{"boundary_score":0.0148,"activation_distance":0.05812},"geometry":{"type":"LineString","coordinates":[[114.03227,22.44339],[114.03227,22.44317]]}},{"type":"Feature","properties":{"boundary_score":0.0148,"activation_distance":0.05812},"geometry":{"type":"LineString","coordinates":[[114.03227,22.44317],[114.03227,22.44339]]}},{"type":"Feature","properties":{"boundary_score":0.0139,"activation_distance":0.05765},"geometry":{"type":"LineString","coordinates":[[114.02183,22.4246],[114.02192,22.42481]]}},{"type":"Feature","properties":{"boundary_score":0.0139,"activation_distance":0.05765},"geometry":{"type":"LineString","coordinates":[[114.02192,22.42481],[114.02183,22.4246]]}},{"type":"Feature","properties":{"boundary_score":0.3855,"activation_distance":0.24834},"geometry":{"type":"LineString","coordinates":[[114.12757,22.52655],[114.12748,22.52676]]}},{"type":"Feature","properties":{"boundary_score":0.3855,"activation_distance":0.24834},"geometry":{"type":"LineString","coordinates":[[114.12748,22.52676],[114.12757,22.52655]]}},{"type":"Feature","properties":{"boundary_score":0.1221,"activation_distance":0.11313},"geometry":{"type":"LineString","coordinates":[[114.13249,22.52481],[114.13234,22.52461]]}},{"type":"Feature","properties":{"boundary_score":0.1221,"activation_distance":0.11313},"geometry":{"type":"LineString","coordinates":[[114.13234,22.52461],[114.13249,22.52481]]}},{"type":"Feature","properties":{"boundary_score":0.0136,"activation_distance":0.05746},"geometry":{"type":"LineString","coordinates":[[114.12355,22.47993],[114.12333,22.47998]]}},{"type":"Feature","properties":{"boundary_score":0.0136,"activation_distance":0.05746},"geometry":{"type":"LineString","coordinates":[[114.12333,22.47998],[114.12355,22.47993]]}},{"type":"Feature","properties":{"boundary_score":0.1381,"activation_distance":0.12137},"geometry":{"type":"LineString","coordinates":[[114.11947,22.48016],[114.11926,22.48007]]}},{"type":"Feature","properties":{"boundary_score":0.1381,"activation_distance":0.12137},"geometry":{"type":"LineString","coordinates":[[114.11926,22.48007],[114.11947,22.48016]]}},{"type":"Feature","properties":{"boundary_score":0.2027,"activation_distance":0.15451},"geometry":{"type":"LineString","coordinates":[[114.09431,22.43866],[114.09412,22.43879]]}},{"type":"Feature","properties":{"boundary_score":0.2027,"activation_distance":0.15451},"geometry":{"type":"LineString","coordinates":[[114.09412,22.43879],[114.09431,22.43866]]}},{"type":"Feature","properties":{"boundary_score":0.1277,"activation_distance":0.11601},"geometry":{"type":"LineString","coordinates":[[113.97995,22.44906],[113.98004,22.44928]]}},{"type":"Feature","properties":{"boundary_score":0.1277,"activation_distance":0.11601},"geometry":{"type":"LineString","coordinates":[[113.98004,22.44928],[113.97995,22.44906]]}},{"type":"Feature","properties":{"boundary_score":0.0817,"activation_distance":0.09243},"geometry":{"type":"LineString","coordinates":[[114.09132,22.50449],[114.09132,22.50421]]}},{"type":"Feature","properties":{"boundary_score":0.0817,"activation_distance":0.09243},"geometry":{"type":"LineString","coordinates":[[114.09132,22.50421],[114.09132,22.50449]]}},{"type":"Feature","properties":{"boundary_score":0.5474,"activation_distance":0.33139},"geometry":{"type":"LineString","coordinates":[[114.09229,22.50467],[114.09229,22.50444]]}},{"type":"Feature","properties":{"boundary_score":0.5474,"activation_distance":0.33139},"geometry":{"type":"LineString","coordinates":[[114.09229,22.50444],[114.09229,22.50467]]}}]}