{"type":"FeatureCollection","name":"road_activation_boundaries_joint","crs":{"type":"name","properties":{"name":"urn:ogc:def:crs:OGC:1.3:CRS84"}},"features":[{"type":"Feature","properties":{"boundary_score":0.0975,"activation_distance":0.09489},"geometry":{"type":"LineString","coordinates":[[16.35608,48.20691],[16.3563,48.20699]]}},{"type":"Feature","properties":{"boundary_score":0.0975,"activation_distance":0.09489},"geometry":{"type":"LineString","coordinates":[[16.3563,48.20699],[16.35608,48.20691]]}},{"type":"Feature","properties":{"boundary_score":0.1783,"activation_distance":0.1478},"geometry":{"type":"LineString","coordinates":[[16.35634,48.21181],[16.35608,48.21184]]}},{"type":"Feature","properties":{"boundary_score":0.1783,"activation_distance":0.1478},"geometry":{"type":"LineString","coordinates":[[16.35608,48.21184],[16.35634,48.21181]]}},{"type":"Feature","properties":{"boundary_score":0.0143,"activation_distance":0.04041},"geometry":{"type":"LineString","coordinates":[[16.28554,48.18838],[16.28568,48.18859]]}},{"type":"Feature","properties":{"boundary_score":0.0143,"activation_distance":0.04041},"geometry":{"type":"LineString","coordinates":[[16.28568,48.18859],[16.28554,48.18838]]}},{"type":"Feature","properties":{"boundary_score":0.0387,"activation_distance":0.05638},"geometry":{"type":"LineString","coordinates":[[16.28611,48.18921],[16.28625,48.18942]]}},{"type":"Feature","properties":{"boundary_score":0.0387,"activation_distance":0.05638},"geometry":{"type":"LineString","coordinates":[[16.28625,48.18942],[16.28611,48.18921]]}},{"type":"Feature","properties":{"boundary_score":0.0538,"activation_distance":0.06629},"geometry":{"type":"LineString","coordinates":[[16.28538,48.18816],[16.28554,48.18838]]}},{"type":"Feature","properties":{"boundary_score":0.0538,"activation_distance":0.06629},"geometry":{"type":"LineString","coordinates":[[16.28554,48.18838],[16.28538,48.18816]]}},{"type":"Feature","properties":{"boundary_score":0.0063,"activation_distance":0.03516},"geometry":{"type":"LineString","coordinates":[[16.33721,48.20718],[16.33709,48.20698]]}},{"type":"Feature","properties":{"boundary_score":0.0063,"activation_distance":0.03516},"geometry":{"type":"LineString","coordinates":[[16.33709,48.20698],[16.33721,48.20718]]}},{"type":"Feature","properties":{"boundary_score":0.2657,"activation_distance":0.20495},"geometry":{"type":"LineString","coordinates":[[16.3027,48.20143],[16.30272,48.20166]]}},{"type":"Feature","properties":{"boundary_score":0.2657,"activation_distance":0.20495},"geometry":{"type":"LineString","coordinates":[[16.30272,48.20166],[16.3027,48.20143]]}},{"type":"Feature","properties":{"boundary_score":0.0346,"activation_distance":0.05371},"geometry":{"type":"LineString","coordinates":[[16.30291,48.20262],[16.30295,48.20289]]}},{"type":"Feature","properties":{"boundary_score":0.0346,"activation_distance":0.05371},"geometry":{"type":"LineString","coordinates":[[16.30295,48.20289],[16.30291,48.20262]]}},{"type":"Feature","properties":{"boundary_score":0.0319,"activation_distance":0.05192},"geometry":{"type":"LineString","coordinates":[[16.30295,48.20289],[16.30282,48.20264]]}},{"type":"Feature","properties":{"boundary_score":0.0319,"activation_distance":0.05192},"geometry":{"type":"LineString","coordinates":[[16.30282,48.20264],[16.30295,48.20289]]}},{"type":"Feature","properties":{"boundary_score":0.0104,"activation_distance":0.03788},"geometry":{"type":"LineString","coordinates":[[16.28888,48.20216],[16.28888,48.20189]]}},{"type":"Feature","properties":{"boundary_score":0.0104,"activation_distance":0.03788},"geometry":{"type":"LineString","coordinates":[[16.28888,48.20189],[16.28888,48.20216]]}},{"type":"Feature","properties":{"boundary_score":0.0099,"activation_distance":0.03751},"geometry":{"type":"LineString","coordinates":[[16.32448,48.20848],[16.32455,48.20869]]}},{"type":"Feature","properties":{"boundary_score":0.0099,"activation_distance":0.03751},"geometry":{"type":"LineString","coordinates":[[16.32455,48.20869],[16.32448,48.20848]]}},{"type":"Feature","properties":{"boundary_score":0.1662,"activation_distance":0.13987},"geometry":{"type":"LineString","coordinates":[[16.32723,48.21062],[16.32729,48.21093]]}},{"type":"Feature","properties":{"boundary_score":0.1662,"activation_distance":0.13987},"geometry":{"type":"LineString","coordinates":[[16.32729,48.21093],[16.32723,48.21062]]}},{"type":"Feature","properties":{"boundary_score":0.1859,"activation_distance":0.15277},"geometry":{"type":"LineString","coordinates":[[16.32393,48.20685],[16.32401,48.20709]]}},{"type":"Feature","properties":{"boundary_score":0.1859,"activation_distance":0.15277},"geometry":{"type":"LineString","coordinates":[[16.32401,48.20709],[16.32393,48.20685]]}},{"type":"Feature","properties":{"boundary_score":0.014,"activation_distance":0.04025},"geometry":{"type":"LineString","coordinates":[[16.33131,48.2044],[16.33159,48.20435]]}},{"type":"Feature","properties":{"boundary_score":0.014,"activation_distance":0.04025},"geometry":{"type":"LineString","coordinates":[[16.33159,48.20435],[16.33131,48.2044]]}},{"type":"Feature","properties":{"boundary_score":0.1099,"activation_distance":0.10301},"geometry":{"type":"LineString","coordinates":[[16.35153,48.21866],[16.35144,48.21843]]}},{"type":"Feature","properties":{"boundary_score":0.1099,"activation_distance":0.10301},"geometry":{"type":"LineString","coordinates":[[16.35144,48.21843],[16.35153,48.21866]]}},{"type":"Feature","properties":{"boundary_score":0.0056,"activation_distance":0.03474},"geometry":{"type":"LineString","coordinates":[[16.39343,48.24853],[16.39326,48.24872]]}},{"type":"Feature","properties":{"boundary_score":0.0056,"activation_distance":0.03474},"geometry":{"type":"LineString","coordinates":[[16.39326,48.24872],[16.39343,48.24853]]}},{"type":"Feature","properties":{"boundary_score":0.0192,"activation_distance":0.04365},"geometry":{"type":"LineString","coordinates":[[16.39973,48.2424],[16.39955,48.24254]]}},{"type":"Feature","properties":{"boundary_score":0.0192,"activation_distance":0.04365},"geometry":{"type":"LineString","coordinates":[[16.39955,48.24254],[16.39973,48.2424]]}},{"type":"Feature","properties":{"boundary_score":0.1911,"activation_distance":0.15617},"geometry":{"type":"LineString","coordinates":[[16.29841,48.12759],[16.29854,48.1274]]}},{"type":"Feature","properties":{"boundary_score":0.1911,"activation_distance":0.15617},"geometry":{"type":"LineString","coordinates":[[16.29854,48.1274],[16.29841,48.12759]]}},{"type":"Feature","properties":{"boundary_score":0.1911,"activation_distance":0.15617},"geometry":{"type":"LineString","coordinates":[[16.29863,48.12747],[16.29849,48.12766]]}},{"type":"Feature","properties":{"boundary_score":0.1911,"activation_distance":0.15617},"geometry":{"type":"LineString","coordinates":[[16.29849,48.12766],[16.29863,48.12747]]}},{"type":"Feature","properties":{"boundary_score":0.0408,"activation_distance":0.05779},"geometry":{"type":"LineString","coordinates":[[16.29808,48.13334],[16.29808,48.13357]]}},{"type":"Feature","properties":{"boundary_score":0.0408,"activation_distance":0.05779},"geometry":{"type":"LineString","coordinates":[[16.29808,48.13357],[16.29808,48.13334]]}},{"type":"Feature","properties":{"boundary_score":0.1627,"activation_distance":0.13758},"geometry":{"type":"LineString","coordinates":[[16.32408,48.15727],[16.32431,48.15724]]}},{"type":"Feature","properties":{"boundary_score":0.1627,"activation_distance":0.13758},"geometry":{"type":"LineString","coordinates":[[16.32431,48.15724],[16.32408,48.15727]]}},{"type":"Feature","properties":{"boundary_score":0.2342,"activation_distance":0.18438},"geometry":{"type":"LineString","coordinates":[[16.31809,48.15883],[16.31821,48.15863]]}},{"type":"Feature","properties":{"boundary_score":0.2342,"activation_distance":0.18438},"geometry":{"type":"LineString","coordinates":[[16.31821,48.15863],[16.31809,48.15883]]}},{"type":"Feature","properties":{"boundary_score":0.0283,"activation_distance":0.04956},"geometry":{"type":"LineString","coordinates":[[16.31931,48.15784],[16.31953,48.15777]]}},{"type":"Feature","properties":{"boundary_score":0.0283,"activation_distance":0.04956},"geometry":{"type":"LineString","coordinates":[[16.31953,48.15777],[16.31931,48.15784]]}},{"type":"Feature","properties":{"boundary_score":0.0084,"activation_distance":0.03655},"geometry":{"type":"LineString","coordinates":[[16.31953,48.15777],[16.31975,48.15771]]}},{"type":"Feature","properties":{"boundary_score":0.0084,"activation_distance":0.03655},"geometry":{"type":"LineString","coordinates":[[16.31975,48.15771],[16.31953,48.15777]]}},{"type":"Feature","properties":{"boundary_score":0.0186,"activation_distance":0.04325},"geometry":{"type":"LineString","coordinates":[[16.3193,48.15768],[16.31953,48.15762]]}},{"type":"Feature","properties":{"boundary_score":0.0186,"activation_distance":0.04325},"geometry":{"type":"LineString","coordinates":[[16.31953,48.15762],[16.3193,48.15768]]}},{"type":"Feature","properties":{"boundary_score":0.0407,"activation_distance":0.0577},"geometry":{"type":"LineString","coordinates":[[16.3345,48.15397],[16.3343,48.15409]]}},{"type":"Feature","properties":{"boundary_score":0.0407,"activation_distance":0.0577},"geometry":{"type":"LineString","coordinates":[[16.3343,48.15409],[16.3345,48.15397]]}},{"type":"Feature","properties":{"boundary_score":0.004,"activation_distance":0.0337},"geometry":{"type":"LineString","coordinates":[[16.33733,48.14965],[16.33742,48.14987]]}},{"type":"Feature","properties":{"boundary_score":0.004,"activation_distance":0.0337},"geometry":{"type":"LineString","coordinates":[[16.33742,48.14987],[16.33733,48.14965]]}},{"type":"Feature","properties":{"boundary_score":0.0085,"activation_distance":0.03662},"geometry":{"type":"LineString","coordinates":[[16.33742,48.14987],[16.33752,48.15009]]}},{"type":"Feature","properties":{"boundary_score":0.0085,"activation_distance":0.03662},"geometry":{"type":"LineString","coordinates":[[16.33752,48.15009],[16.33742,48.14987]]}},{"type":"Feature","properties":{"boundary_score":0.0098,"activation_distance":0.03747},"geometry":{"type":"LineString","coordinates":[[16.3363,48.14724],[16.33638,48.14746]]}},{"type":"Feature","properties":{"boundary_score":0.0098,"activation_distance":0.03747},"geometry":{"type":"LineString","coordinates":[[16.33638,48.14746],[16.3363,48.14724]]}},{"type":"Feature","properties":{"boundary_score":0.0165,"activation_distance":0.04187},"geometry":{"type":"LineString","coordinates":[[16.33412,48.15408],[16.33432,48.15396]]}},{"type":"Feature","properties":{"boundary_score":0.0165,"activation_distance":0.04187},"geometry":{"type":"LineString","coordinates":[[16.33432,48.15396],[16.33412,48.15408]]}},{"type":"Feature","properties":{"boundary_score":0.1726,"activation_distance":0.14405},"geometry":{"type":"LineString","coordinates":[[16.3256,48.12096],[16.32579,48.12108]]}},{"type":"Feature","properties":{"boundary_score":0.1726,"activation_distance":0.14405},"geometry":{"type":"LineString","coordinates":[[16.32579,48.12108],[16.3256,48.12096]]}},{"type":"Feature","properties":{"boundary_score":0.0478,"activation_distance":0.06236},"geometry":{"type":"LineString","coordinates":[[16.32392,48.11827],[16.32401,48.11849]]}},{"type":"Feature","properties":{"boundary_score":0.0478,"activation_distance":0.06236},"geometry":{"type":"LineString","coordinates":[[16.32401,48.11849],[16.32392,48.11827]]}},{"type":"Feature","properties":{"boundary_score":0.0072,"activation_distance":0.03575},"geometry":{"type":"LineString","coordinates":[[16.32248,48.1185],[16.3223,48.11864]]}},{"type":"Feature","properties":{"boundary_score":0.0072,"activation_distance":0.03575},"geometry":{"type":"LineString","coordinates":[[16.3223,48.11864],[16.32248,48.1185]]}},{"type":"Feature","properties":{"boundary_score":0.1165,"activation_distance":0.10733},"geometry":{"type":"LineString","coordinates":[[16.32255,48.11917],[16.32278,48.11921]]}},{"type":"Feature","properties":{"boundary_score":0.1165,"activation_distance":0.10733},"geometry":{"type":"LineString","coordinates":[[16.32278,48.11921],[16.32255,48.11917]]}},{"type":"Feature","properties":{"boundary_score":0.0478,"activation_distance":0.06236},"geometry":{"type":"LineString","coordinates":[[16.32368,48.11907],[16.3239,48.11902]]}},{"type":"Feature","properties":{"boundary_score":0.0478,"activation_distance":0.06236},"geometry":{"type":"LineString","coordinates":[[16.3239,48.11902],[16.32368,48.11907]]}},{"type":"Feature","properties":{"boundary_score":0.0494,"activation_distance":0.06339},"geometry":{"type":"LineString","coordinates":[[16.32148,48.11313],[16.3214,48.11292]]}},{"type":"Feature","properties":{"boundary_score":0.0494,"activation_distance":0.06339},"geometry":{"type":"LineString","coordinates":[[16.3214,48.11292],[16.32148,48.11313]]}},{"type":"Feature","properties":{"boundary_score":0.0058,"activation_distance":0.03485},"geometry":{"type":"LineString","coordinates":[[16.32016,48.10787],[16.32014,48.10765]]}},{"type":"Feature","properties":{"boundary_score":0.0058,"activation_distance":0.03485},"geometry":{"type":"LineString","coordinates":[[16.32014,48.10765],[16.32016,48.10787]]}},{"type":"Feature","properties":{"boundary_score":0.418,"activation_distance":0.30465},"geometry":{"type":"LineString","coordinates":[[16.32136,48.09988],[16.32145,48.09967]]}},{"type":"Feature","properties":{"boundary_score":0.418,"activation_distance":0.30465},"geometry":{"type":"LineString","coordinates":[[16.32145,48.09967],[16.32136,48.09988]]}},{"type":"Feature","properties":{"boundary_score":0.2449,"activation_distance":0.19136},"geometry":{"type":"LineString","coordinates":[[16.32111,48.09923],[16.32089,48.09927]]}},{"type":"Feature","properties":{"boundary_score":0.2449,"activation_distance":0.19136},"geometry":{"type":"LineString","coordinates":[[16.32089,48.09927],[16.32111,48.09923]]}},{"type":"Feature","properties":{"boundary_score":0.5189,"activation_distance":0.37073},"geometry":{"type":"LineString","coordinates":[[16.32114,48.0998],[16.32122,48.09958]]}},{"type":"Feature","properties":{"boundary_score":0.5189,"activation_distance":0.37073},"geometry":{"type":"LineString","coordinates":[[16.32122,48.09958],[16.32114,48.0998]]}},{"type":"Feature","properties":{"boundary_score":0.0143,"activation_distance":0.04045},"geometry":{"type":"LineString","coordinates":[[16.32115,48.11307],[16.32107,48.11286]]}},{"type":"Feature","properties":{"boundary_score":0.0143,"activation_distance":0.04045},"geometry":{"type":"LineString","coordinates":[[16.32107,48.11286],[16.32115,48.11307]]}},{"type":"Feature","properties":{"boundary_score":0.0079,"activation_distance":0.03625},"geometry":{"type":"LineString","coordinates":[[16.32107,48.11286],[16.32099,48.11265]]}},{"type":"Feature","properties":{"boundary_score":0.0079,"activation_distance":0.03625},"geometry":{"type":"LineString","coordinates":[[16.32099,48.11265],[16.32107,48.11286]]}},{"type":"Feature","properties":{"boundary_score":0.0058,"activation_distance":0.03485},"geometry":{"type":"LineString","coordinates":[[16.31986,48.10783],[16.31984,48.1076]]}},{"type":"Feature","properties":{"boundary_score":0.0058,"activation_distance":0.03485},"geometry":{"type":"LineString","coordinates":[[16.31984,48.1076],[16.31986,48.10783]]}},{"type":"Feature","properties":{"boundary_score":0.0158,"activation_distance":0.04139},"geometry":{"type":"LineString","coordinates":[[16.31979,48.10648],[16.31979,48.10625]]}},{"type":"Feature","properties":{"boundary_score":0.0158,"activation_distance":0.04139},"geometry":{"type":"LineString","coordinates":[[16.31979,48.10625],[16.31979,48.10648]]}},{"type":"Feature","properties":{"boundary_score":0.0114,"activation_distance":0.03855},"geometry":{"type":"LineString","coordinates":[[16.33272,48.08074],[16.33293,48.08084]]}},{"type":"Feature","properties":{"boundary_score":0.0114,"activation_distance":0.03855},"geometry":{"type":"LineString","coordinates":[[16.33293,48.08084],[16.33272,48.08074]]}},{"type":"Feature","properties":{"boundary_score":0.0099,"activation_distance":0.03756},"geometry":{"type":"LineString","coordinates":[[16.33602,48.07819],[16.33611,48.07798]]}},{"type":"Feature","properties":{"boundary_score":0.0099,"activation_distance":0.03756},"geometry":{"type":"LineString","coordinates":[[16.33611,48.07798],[16.33602,48.07819]]}},{"type":"Feature","properties":{"boundary_score":0.3051,"activation_distance":0.23078},"geometry":{"type":"LineString","coordinates":[[16.3874,48.16615],[16.38723,48.166]]}},{"type":"Feature","properties":{"boundary_score":0.3051,"activation_distance":0.23078},"geometry":{"type":"LineString","coordinates":[[16.38723,48.166],[16.3874,48.16615]]}},{"type":"Feature","properties":{"boundary_score":0.0732,"activation_distance":0.07897},"geometry":{"type":"LineString","coordinates":[[16.3874,48.16615],[16.3872,48.16606]]}},{"type":"Feature","properties":{"boundary_score":0.0732,"activation_distance":0.07897},"geometry":{"type":"LineString","coordinates":[[16.3872,48.16606],[16.3874,48.16615]]}},{"type":"Feature","properties":{"boundary_score":0.0187,"activation_distance":0.04333},"geometry":{"type":"LineString","coordinates":[[16.3872,48.16606],[16.38701,48.16593]]}},{"type":"Feature","properties":{"boundary_score":0.0187,"activation_distance":0.04333},"geometry":{"type":"LineString","coordinates":[[16.38701,48.16593],[16.3872,48.16606]]}},{"type":"Feature","properties":{"boundary_score":0.2029,"activation_distance":0.16385},"geometry":{"type":"LineString","coordinates":[[16.39987,48.177],[16.39982,48.17678]]}},{"type":"Feature","properties":{"boundary_score":0.2029,"activation_distance":0.16385},"geometry":{"type":"LineString","coordinates":[[16.39982,48.17678],[16.39987,48.177]]}},{"type":"Feature","properties":{"boundary_score":0.0566,"activation_distance":0.06813},"geometry":{"type":"LineString","coordinates":[[16.39982,48.17678],[16.39977,48.17656]]}},{"type":"Feature","properties":{"boundary_score":0.0566,"activation_distance":0.06813},"geometry":{"type":"LineString","coordinates":[[16.39977,48.17656],[16.39982,48.17678]]}},{"type":"Feature","properties":{"boundary_score":0.0169,"activation_distance":0.04211},"geometry":{"type":"LineString","coordinates":[[16.31579,48.11443],[16.31571,48.11418]]}},{"type":"Feature","properties":{"boundary_score":0.0169,"activation_distance":0.04211},"geometry":{"type":"LineString","coordinates":[[16.31571,48.11418],[16.31579,48.11443]]}},{"type":"Feature","properties":{"boundary_score":0.1078,"activation_distance":0.1016},"geometry":{"type":"LineString","coordinates":[[16.31568,48.19261],[16.3159,48.19256]]}},{"type":"Feature","properties":{"boundary_score":0.1078,"activation_distance":0.1016},"geometry":{"type":"LineString","coordinates":[[16.3159,48.19256],[16.31568,48.19261]]}},{"type":"Feature","properties":{"boundary_score":0.0079,"activation_distance":0.03624},"geometry":{"type":"LineString","coordinates":[[16.36397,48.15166],[16.36375,48.1517]]}},{"type":"Feature","properties":{"boundary_score":0.0079,"activation_distance":0.03624},"geometry":{"type":"LineString","coordinates":[[16.36375,48.1517],[16.36397,48.15166]]}},{"type":"Feature","properties":{"boundary_score":0.0607,"activation_distance":0.07082},"geometry":{"type":"LineString","coordinates":[[16.36375,48.1517],[16.36352,48.15174]]}},{"type":"Feature","properties":{"boundary_score":0.0607,"activation_distance":0.07082},"geometry":{"type":"LineString","coordinates":[[16.36352,48.15174],[16.36375,48.1517]]}},{"type":"Feature","properties":{"boundary_score":0.1494,"activation_distance":0.12885},"geometry":{"type":"LineString","coordinates":[[16.36352,48.15161],[16.36375,48.15157]]}},{"type":"Feature","properties":{"boundary_score":0.1494,"activation_distance":0.12885},"geometry":{"type":"LineString","coordinates":[[16.36375,48.15157],[16.36352,48.15161]]}},{"type":"Feature","properties":{"boundary_score":0.0749,"activation_distance":0.08011},"geometry":{"type":"LineString","coordinates":[[16.23615,48.20165],[16.23638,48.2016]]}},{"type":"Feature","properties":{"boundary_score":0.0749,"activation_distance":0.08011},"geometry":{"type":"LineString","coordinates":[[16.23638,48.2016],[16.23615,48.20165]]}},{"type":"Feature","properties":{"boundary_score":0.0407,"activation_distance":0.05772},"geometry":{"type":"LineString","coordinates":[[16.34,48.2371],[16.34024,48.2371]]}},{"type":"Feature","properties":{"boundary_score":0.0407,"activation_distance":0.05772},"geometry":{"type":"LineString","coordinates":[[16.34024,48.2371],[16.34,48.2371]]}},{"type":"Feature","properties":{"boundary_score":0.1969,"activation_distance":0.15996},"geometry":{"type":"LineString","coordinates":[[16.28143,48.18709],[16.28146,48.18732]]}},{"type":"Feature","properties":{"boundary_score":0.1969,"activation_distance":0.15996},"geometry":{"type":"LineString","coordinates":[[16.28146,48.18732],[16.28143,48.18709]]}},{"type":"Feature","properties":{"boundary_score":0.2005,"activation_distance":0.1623},"geometry":{"type":"LineString","coordinates":[[16.3287,48.22923],[16.3286,48.229]]}},{"type":"Feature","properties":{"boundary_score":0.2005,"activation_distance":0.1623},"geometry":{"type":"LineString","coordinates":[[16.3286,48.229],[16.3287,48.22923]]}},{"type":"Feature","properties":{"boundary_score":0.1679,"activation_distance":0.14098},"geometry":{"type":"LineString","coordinates":[[16.39999,48.17684],[16.40009,48.17706]]}},{"type":"Feature","properties":{"boundary_score":0.1679,"activation_distance":0.14098},"geometry":{"type":"LineString","coordinates":[[16.40009,48.17706],[16.39999,48.17684]]}},{"type":"Feature","properties":{"boundary_score":0.1679,"activation_distance":0.14098},"geometry":{"type":"LineString","coordinates":[[16.39999,48.17684],[16.40004,48.17707]]}},{"type":"Feature","properties":{"boundary_score":0.1679,"activation_distance":0.14098},"geometry":{"type":"LineString","coordinates":[[16.40004,48.17707],[16.39999,48.17684]]}},{"type":"Feature","properties":{"boundary_score":0.3108,"activation_distance":0.23451},"geometry":{"type":"LineString","coordinates":[[16.3872,48.1658],[16.38737,48.16594]]}},{"type":"Feature","properties":{"boundary_score":0.3108,"activation_distance":0.23451},"geometry":{"type":"LineString","coordinates":[[16.38737,48.16594],[16.3872,48.1658]]}},{"type":"Feature","properties":{"boundary_score":0.0528,"activation_distance":0.06561},"geometry":{"type":"LineString","coordinates":[[16.39994,48.17662],[16.39999,48.17684]]}},{"type":"Feature","properties":{"boundary_score":0.0528,"activation_distance":0.06561},"geometry":{"type":"LineString","coordinates":[[16.39999,48.17684],[16.39994,48.17662]]}},{"type":"Feature","properties":{"boundary_score":0.1029,"activation_distance":0.09838},"geometry":{"type":"LineString","coordinates":[[16.33317,48.15384],[16.33337,48.15373]]}},{"type":"Feature","properties":{"boundary_score":0.1029,"activation_distance":0.09838},"geometry":{"type":"LineString","coordinates":[[16.33337,48.15373],[16.33317,48.15384]]}},{"type":"Feature","properties":{"boundary_score":0.0054,"activation_distance":0.03458},"geometry":{"type":"LineString","coordinates":[[16.37293,48.24232],[16.373,48.24209]]}},{"type":"Feature","properties":{"boundary_score":0.0054,"activation_distance":0.03458},"geometry":{"type":"LineString","coordinates":[[16.373,48.24209],[16.37293,48.24232]]}},{"type":"Feature","properties":{"boundary_score":0.0467,"activation_distance":0.06165},"geometry":{"type":"LineString","coordinates":[[16.373,48.24209],[16.37291,48.24186]]}},{"type":"Feature","properties":{"boundary_score":0.0467,"activation_distance":0.06165},"geometry":{"type":"LineString","coordinates":[[16.37291,48.24186],[16.373,48.24209]]}},{"type":"Feature","properties":{"boundary_score":0.028,"activation_distance":0.04936},"geometry":{"type":"LineString","coordinates":[[16.21832,48.20886],[16.21809,48.20887]]}},{"type":"Feature","properties":{"boundary_score":0.028,"activation_distance":0.04936},"geometry":{"type":"LineString","coordinates":[[16.21809,48.20887],[16.21832,48.20886]]}},{"type":"Feature","properties":{"boundary_score":0.1952,"activation_distance":0.15883},"geometry":{"type":"LineString","coordinates":[[16.33734,48.14924],[16.33756,48.14919]]}},{"type":"Feature","properties":{"boundary_score":0.1952,"activation_distance":0.15883},"geometry":{"type":"LineString","coordinates":[[16.33756,48.14919],[16.33734,48.14924]]}},{"type":"Feature","properties":{"boundary_score":0.01,"activation_distance":0.0376},"geometry":{"type":"LineString","coordinates":[[16.29337,48.12122],[16.29348,48.12101]]}},{"type":"Feature","properties":{"boundary_score":0.01,"activation_distance":0.0376},"geometry":{"type":"LineString","coordinates":[[16.29348,48.12101],[16.29337,48.12122]]}},{"type":"Feature","properties":{"boundary_score":0.0257,"activation_distance":0.04789},"geometry":{"type":"LineString","coordinates":[[16.29593,48.11752],[16.29574,48.11739]]}},{"type":"Feature","properties":{"boundary_score":0.0257,"activation_distance":0.04789},"geometry":{"type":"LineString","coordinates":[[16.29574,48.11739],[16.29593,48.11752]]}},{"type":"Feature","properties":{"boundary_score":0.104,"activation_distance":0.09914},"geometry":{"type":"LineString","coordinates":[[16.2958,48.11763],[16.29566,48.11745]]}},{"type":"Feature","properties":{"boundary_score":0.104,"activation_distance":0.09914},"geometry":{"type":"LineString","coordinates":[[16.29566,48.11745],[16.2958,48.11763]]}},{"type":"Feature","properties":{"boundary_score":0.0408,"activation_distance":0.05779},"geometry":{"type":"LineString","coordinates":[[16.29794,48.13359],[16.29793,48.13336]]}},{"type":"Feature","properties":{"boundary_score":0.0408,"activation_distance":0.05779},"geometry":{"type":"LineString","coordinates":[[16.29793,48.13336],[16.29794,48.13359]]}},{"type":"Feature","properties":{"boundary_score":0.0687,"activation_distance":0.07602},"geometry":{"type":"LineString","coordinates":[[16.28823,48.19638],[16.28832,48.1966]]}},{"type":"Feature","properties":{"boundary_score":0.0687,"activation_distance":0.07602},"geometry":{"type":"LineString","coordinates":[[16.28832,48.1966],[16.28823,48.19638]]}},{"type":"Feature","properties":{"boundary_score":0.0911,"activation_distance":0.09067},"geometry":{"type":"LineString","coordinates":[[16.2728,48.20248],[16.27271,48.20223]]}},{"type":"Feature","properties":{"boundary_score":0.0911,"activation_distance":0.09067},"geometry":{"type":"LineString","coordinates":[[16.27271,48.20223],[16.2728,48.20248]]}},{"type":"Feature","properties":{"boundary_score":0.0609,"activation_distance":0.07093},"geometry":{"type":"LineString","coordinates":[[16.32084,48.11284],[16.32075,48.11261]]}},{"type":"Feature","properties":{"boundary_score":0.0609,"activation_distance":0.07093},"geometry":{"type":"LineString","coordinates":[[16.32075,48.11261],[16.32084,48.11284]]}},{"type":"Feature","properties":{"boundary_score":0.0058,"activation_distance":0.03485},"geometry":{"type":"LineString","coordinates":[[16.31966,48.10784],[16.31964,48.10761]]}},{"type":"Feature","properties":{"boundary_score":0.0058,"activation_distance":0.03485},"geometry":{"type":"LineString","coordinates":[[16.31964,48.10761],[16.31966,48.10784]]}},{"type":"Feature","properties":{"boundary_score":0.0139,"activation_distance":0.04014},"geometry":{"type":"LineString","coordinates":[[16.3196,48.10645],[16.3196,48.10622]]}},{"type":"Feature","properties":{"boundary_score":0.0139,"activation_distance":0.04014},"geometry":{"type":"LineString","coordinates":[[16.3196,48.10622],[16.3196,48.10645]]}},{"type":"Feature","properties":{"boundary_score":0.0027,"activation_distance":0.03282},"geometry":{"type":"LineString","coordinates":[[16.3155,48.09944],[16.31555,48.09967]]}},{"type":"Feature","properties":{"boundary_score":0.0027,"activation_distance":0.03282},"geometry":{"type":"LineString","coordinates":[[16.31555,48.09967],[16.3155,48.09944]]}},{"type":"Feature","properties":{"boundary_score":0.0023,"activation_distance":0.03258},"geometry":{"type":"LineString","coordinates":[[16.31555,48.09967],[16.3157,48.09983]]}},{"type":"Feature","properties":{"boundary_score":0.0023,"activation_distance":0.03258},"geometry":{"type":"LineString","coordinates":[[16.3157,48.09983],[16.31555,48.09967]]}},{"type":"Feature","properties":{"boundary_score":0.1635,"activation_distance":0.1381},"geometry":{"type":"LineString","coordinates":[[16.23095,48.20357],[16.23118,48.20353]]}},{"type":"Feature","properties":{"boundary_score":0.1635,"activation_distance":0.1381},"geometry":{"type":"LineString","coordinates":[[16.23118,48.20353],[16.23095,48.20357]]}},{"type":"Feature","properties":{"boundary_score":0.2639,"activation_distance":0.20378},"geometry":{"type":"LineString","coordinates":[[16.22537,48.2057],[16.22512,48.20569]]}},{"type":"Feature","properties":{"boundary_score":0.2639,"activation_distance":0.20378},"geometry":{"type":"LineString","coordinates":[[16.22512,48.20569],[16.22537,48.2057]]}},{"type":"Feature","properties":{"boundary_score":0.0314,"activation_distance":0.05162},"geometry":{"type":"LineString","coordinates":[[16.23252,48.20303],[16.23272,48.20289]]}},{"type":"Feature","properties":{"boundary_score":0.0314,"activation_distance":0.05162},"geometry":{"type":"LineString","coordinates":[[16.23272,48.20289],[16.23252,48.20303]]}},{"type":"Feature","properties":{"boundary_score":0.0295,"activation_distance":0.05036},"geometry":{"type":"LineString","coordinates":[[16.23661,48.20168],[16.23638,48.20172]]}},{"type":"Feature","properties":{"boundary_score":0.0295,"activation_distance":0.05036},"geometry":{"type":"LineString","coordinates":[[16.23638,48.20172],[16.23661,48.20168]]}},{"type":"Feature","properties":{"boundary_score":0.0442,"activation_distance":0.06001},"geometry":{"type":"LineString","coordinates":[[16.23638,48.20172],[16.23616,48.20176]]}},{"type":"Feature","properties":{"boundary_score":0.0442,"activation_distance":0.06001},"geometry":{"type":"LineString","coordinates":[[16.23616,48.20176],[16.23638,48.20172]]}},{"type":"Feature","properties":{"boundary_score":0.0155,"activation_distance":0.04121},"geometry":{"type":"LineString","coordinates":[[16.23282,48.20301],[16.23263,48.20314]]}},{"type":"Feature","properties":{"boundary_score":0.0155,"activation_distance":0.04121},"geometry":{"type":"LineString","coordinates":[[16.23263,48.20314],[16.23282,48.20301]]}},{"type":"Feature","properties":{"boundary_score":0.06,"activation_distance":0.07036},"geometry":{"type":"LineString","coordinates":[[16.26758,48.13907],[16.26735,48.13906]]}},{"type":"Feature","properties":{"boundary_score":0.06,"activation_distance":0.07036},"geometry":{"type":"LineString","coordinates":[[16.26735,48.13906],[16.26758,48.13907]]}},{"type":"Feature","properties":{"boundary_score":0.1294,"activation_distance":0.11573},"geometry":{"type":"LineString","coordinates":[[16.26667,48.13905],[16.26689,48.13905]]}},{"type":"Feature","properties":{"boundary_score":0.1294,"activation_distance":0.11573},"geometry":{"type":"LineString","coordinates":[[16.26689,48.13905],[16.26667,48.13905]]}},{"type":"Feature","properties":{"boundary_score":0.0279,"activation_distance":0.04932},"geometry":{"type":"LineString","coordinates":[[16.28042,48.13153],[16.28062,48.13173]]}},{"type":"Feature","properties":{"boundary_score":0.0279,"activation_distance":0.04932},"geometry":{"type":"LineString","coordinates":[[16.28062,48.13173],[16.28042,48.13153]]}},{"type":"Feature","properties":{"boundary_score":0.0122,"activation_distance":0.03904},"geometry":{"type":"LineString","coordinates":[[16.28795,48.13082],[16.28769,48.13086]]}},{"type":"Feature","properties":{"boundary_score":0.0122,"activation_distance":0.03904},"geometry":{"type":"LineString","coordinates":[[16.28769,48.13086],[16.28795,48.13082]]}},{"type":"Feature","properties":{"boundary_score":0.0163,"activation_distance":0.04176},"geometry":{"type":"LineString","coordinates":[[16.32345,48.14119],[16.32322,48.1412]]}},{"type":"Feature","properties":{"boundary_score":0.0163,"activation_distance":0.04176},"geometry":{"type":"LineString","coordinates":[[16.32322,48.1412],[16.32345,48.14119]]}},{"type":"Feature","properties":{"boundary_score":0.0886,"activation_distance":0.08906},"geometry":{"type":"LineString","coordinates":[[16.34919,48.22458],[16.34943,48.22455]]}},{"type":"Feature","properties":{"boundary_score":0.0886,"activation_distance":0.08906},"geometry":{"type":"LineString","coordinates":[[16.34943,48.22455],[16.34919,48.22458]]}},{"type":"Feature","properties":{"boundary_score":0.4137,"activation_distance":0.30187},"geometry":{"type":"LineString","coordinates":[[16.36378,48.23658],[16.36355,48.23652]]}},{"type":"Feature","properties":{"boundary_score":0.4137,"activation_distance":0.30187},"geometry":{"type":"LineString","coordinates":[[16.36355,48.23652],[16.36378,48.23658]]}},{"type":"Feature","properties":{"boundary_score":0.0443,"activation_distance":0.06006},"geometry":{"type":"LineString","coordinates":[[16.27185,48.19345],[16.27176,48.19304]]}},{"type":"Feature","properties":{"boundary_score":0.0443,"activation_distance":0.06006},"geometry":{"type":"LineString","coordinates":[[16.27176,48.19304],[16.27185,48.19345]]}},{"type":"Feature","properties":{"boundary_score":0.0194,"activation_distance":0.04377},"geometry":{"type":"LineString","coordinates":[[16.21722,48.20966],[16.21721,48.20943]]}},{"type":"Feature","properties":{"boundary_score":0.0194,"activation_distance":0.04377},"geometry":{"type":"LineString","coordinates":[[16.21721,48.20943],[16.21722,48.20966]]}},{"type":"Feature","properties":{"boundary_score":0.1155,"activation_distance":0.10664},"geometry":{"type":"LineString","coordinates":[[16.40311,48.22467],[16.40337,48.22481]]}},{"type":"Feature","properties":{"boundary_score":0.1155,"activation_distance":0.10664},"geometry":{"type":"LineString","coordinates":[[16.40337,48.22481],[16.40311,48.22467]]}},{"type":"Feature","properties":{"boundary_score":0.0195,"activation_distance":0.04381},"geometry":{"type":"LineString","coordinates":[[16.42481,48.23711],[16.425,48.23695]]}},{"type":"Feature","properties":{"boundary_score":0.0195,"activation_distance":0.04381},"geometry":{"type":"LineString","coordinates":[[16.425,48.23695],[16.42481,48.23711]]}},{"type":"Feature","properties":{"boundary_score":0.0192,"activation_distance":0.04365},"geometry":{"type":"LineString","coordinates":[[16.38619,48.25799],[16.3862,48.25777]]}},{"type":"Feature","properties":{"boundary_score":0.0192,"activation_distance":0.04365},"geometry":{"type":"LineString","coordinates":[[16.3862,48.25777],[16.38619,48.25799]]}},{"type":"Feature","properties":{"boundary_score":0.0067,"activation_distance":0.03547},"geometry":{"type":"LineString","coordinates":[[16.38568,48.25647],[16.38552,48.25665]]}},{"type":"Feature","properties":{"boundary_score":0.0067,"activation_distance":0.03547},"geometry":{"type":"LineString","coordinates":[[16.38552,48.25665],[16.38568,48.25647]]}},{"type":"Feature","properties":{"boundary_score":0.0281,"activation_distance":0.04948},"geometry":{"type":"LineString","coordinates":[[16.39089,48.21279],[16.39112,48.21275]]}},{"type":"Feature","properties":{"boundary_score":0.0281,"activation_distance":0.04948},"geometry":{"type":"LineString","coordinates":[[16.39112,48.21275],[16.39089,48.21279]]}},{"type":"Feature","properties":{"boundary_score":0.0107,"activation_distance":0.03803},"geometry":{"type":"LineString","coordinates":[[16.39105,48.21289],[16.39127,48.21285]]}},{"type":"Feature","properties":{"boundary_score":0.0107,"activation_distance":0.03803},"geometry":{"type":"LineString","coordinates":[[16.39127,48.21285],[16.39105,48.21289]]}},{"type":"Feature","properties":{"boundary_score":0.0504,"activation_distance":0.06408},"geometry":{"type":"LineString","coordinates":[[16.39132,48.2134],[16.39123,48.21318]]}},{"type":"Feature","properties":{"boundary_score":0.0504,"activation_distance":0.06408},"geometry":{"type":"LineString","coordinates":[[16.39123,48.21318],[16.39132,48.2134]]}},{"type":"Feature","properties":{"boundary_score":0.0809,"activation_distance":0.08401},"geometry":{"type":"LineString","coordinates":[[16.36161,48.21493],[16.36143,48.21508]]}},{"type":"Feature","properties":{"boundary_score":0.0809,"activation_distance":0.08401},"geometry":{"type":"LineString","coordinates":[[16.36143,48.21508],[16.36161,48.21493]]}},{"type":"Feature","properties":{"boundary_score":0.0585,"activation_distance":0.06937},"geometry":{"type":"LineString","coordinates":[[16.34147,48.21545],[16.34159,48.21567]]}},{"type":"Feature","properties":{"boundary_score":0.0585,"activation_distance":0.06937},"geometry":{"type":"LineString","coordinates":[[16.34159,48.21567],[16.34147,48.21545]]}},{"type":"Feature","properties":{"boundary_score":0.3473,"activation_distance":0.2584},"geometry":{"type":"LineString","coordinates":[[16.27804,48.21538],[16.27782,48.21548]]}},{"type":"Feature","properties":{"boundary_score":0.3473,"activation_distance":0.2584},"geometry":{"type":"LineString","coordinates":[[16.27782,48.21548],[16.27804,48.21538]]}},{"type":"Feature","properties":{"boundary_score":0.2054,"activation_distance":0.16552},"geometry":{"type":"LineString","coordinates":[[16.27801,48.21587],[16.27805,48.21562]]}},{"type":"Feature","properties":{"boundary_score":0.2054,"activation_distance":0.16552},"geometry":{"type":"LineString","coordinates":[[16.27805,48.21562],[16.27801,48.21587]]}},{"type":"Feature","properties":{"boundary_score":0.0424,"activation_distance":0.05881},"geometry":{"type":"LineString","coordinates":[[16.33412,48.18241],[16.334,48.18262]]}},{"type":"Feature","properties":{"boundary_score":0.0424,"activation_distance":0.05881},"geometry":{"type":"LineString","coordinates":[[16.334,48.18262],[16.33412,48.18241]]}},{"type":"Feature","properties":{"boundary_score":0.2558,"activation_distance":0.19852},"geometry":{"type":"LineString","coordinates":[[16.34482,48.1877],[16.3451,48.18778]]}},{"type":"Feature","properties":{"boundary_score":0.2558,"activation_distance":0.19852},"geometry":{"type":"LineString","coordinates":[[16.3451,48.18778],[16.34482,48.1877]]}},{"type":"Feature","properties":{"boundary_score":0.0061,"activation_distance":0.03507},"geometry":{"type":"LineString","coordinates":[[16.35449,48.19097],[16.35469,48.1908]]}},{"type":"Feature","properties":{"boundary_score":0.0061,"activation_distance":0.03507},"geometry":{"type":"LineString","coordinates":[[16.35469,48.1908],[16.35449,48.19097]]}},{"type":"Feature","properties":{"boundary_score":0.2437,"activation_distance":0.19055},"geometry":{"type":"LineString","coordinates":[[16.38465,48.24039],[16.38482,48.24023]]}},{"type":"Feature","properties":{"boundary_score":0.2437,"activation_distance":0.19055},"geometry":{"type":"LineString","coordinates":[[16.38482,48.24023],[16.38465,48.24039]]}},{"type":"Feature","properties":{"boundary_score":0.0039,"activation_distance":0.03359},"geometry":{"type":"LineString","coordinates":[[16.45444,48.17576],[16.45435,48.17597]]}},{"type":"Feature","properties":{"boundary_score":0.0039,"activation_distance":0.03359},"geometry":{"type":"LineString","coordinates":[[16.45435,48.17597],[16.45444,48.17576]]}},{"type":"Feature","properties":{"boundary_score":0.2855,"activation_distance":0.21793},"geometry":{"type":"LineString","coordinates":[[16.38295,48.28787],[16.38283,48.28806]]}},{"type":"Feature","properties":{"boundary_score":0.2855,"activation_distance":0.21793},"geometry":{"type":"LineString","coordinates":[[16.38283,48.28806],[16.38295,48.28787]]}},{"type":"Feature","properties":{"boundary_score":0.0267,"activation_distance":0.04854},"geometry":{"type":"LineString","coordinates":[[16.38216,48.28898],[16.38203,48.28917]]}},{"type":"Feature","properties":{"boundary_score":0.0267,"activation_distance":0.04854},"geometry":{"type":"LineString","coordinates":[[16.38203,48.28917],[16.38216,48.28898]]}},{"type":"Feature","properties":{"boundary_score":0.0158,"activation_distance":0.04143},"geometry":{"type":"LineString","coordinates":[[16.39134,48.25947],[16.39155,48.25955]]}},{"type":"Feature","properties":{"boundary_score":0.0158,"activation_distance":0.04143},"geometry":{"type":"LineString","coordinates":[[16.39155,48.25955],[16.39134,48.25947]]}},{"type":"Feature","properties":{"boundary_score":0.3425,"activation_distance":0.25526},"geometry":{"type":"LineString","coordinates":[[16.36247,48.23531],[16.36263,48.23548]]}},{"type":"Feature","properties":{"boundary_score":0.3425,"activation_distance":0.25526},"geometry":{"type":"LineString","coordinates":[[16.36263,48.23548],[16.36247,48.23531]]}},{"type":"Feature","properties":{"boundary_score":0.1104,"activation_distance":0.1033},"geometry":{"type":"LineString","coordinates":[[16.36307,48.23663],[16.3631,48.23686]]}},{"type":"Feature","properties":{"boundary_score":0.1104,"activation_distance":0.1033},"geometry":{"type":"LineString","coordinates":[[16.3631,48.23686],[16.36307,48.23663]]}},{"type":"Feature","properties":{"boundary_score":0.0365,"activation_distance":0.05495},"geometry":{"type":"LineString","coordinates":[[16.3631,48.23686],[16.36318,48.23707]]}},{"type":"Feature","properties":{"boundary_score":0.0365,"activation_distance":0.05495},"geometry":{"type":"LineString","coordinates":[[16.36318,48.23707],[16.3631,48.23686]]}},{"type":"Feature","properties":{"boundary_score":0.062,"activation_distance":0.07166},"geometry":{"type":"LineString","coordinates":[[16.26087,48.19483],[16.261,48.19465]]}},{"type":"Feature","properties":{"boundary_score":0.062,"activation_distance":0.07166},"geometry":{"type":"LineString","coordinates":[[16.261,48.19465],[16.26087,48.19483]]}},{"type":"Feature","properties":{"boundary_score":0.0282,"activation_distance":0.04955},"geometry":{"type":"LineString","coordinates":[[16.26061,48.19507],[16.26087,48.19483]]}},{"type":"Feature","properties":{"boundary_score":0.0282,"activation_distance":0.04955},"geometry":{"type":"LineString","coordinates":[[16.26087,48.19483],[16.26061,48.19507]]}},{"type":"Feature","properties":{"boundary_score":0.3356,"activation_distance":0.25074},"geometry":{"type":"LineString","coordinates":[[16.28166,48.1874],[16.28141,48.18741]]}},{"type":"Feature","properties":{"boundary_score":0.3356,"activation_distance":0.25074},"geometry":{"type":"LineString","coordinates":[[16.28141,48.18741],[16.28166,48.1874]]}},{"type":"Feature","properties":{"boundary_score":0.1729,"activation_distance":0.14425},"geometry":{"type":"LineString","coordinates":[[16.32414,48.15739],[16.32391,48.15742]]}},{"type":"Feature","properties":{"boundary_score":0.1729,"activation_distance":0.14425},"geometry":{"type":"LineString","coordinates":[[16.32391,48.15742],[16.32414,48.15739]]}},{"type":"Feature","properties":{"boundary_score":0.0247,"activation_distance":0.04724},"geometry":{"type":"LineString","coordinates":[[16.29797,48.18089],[16.29821,48.18083]]}},{"type":"Feature","properties":{"boundary_score":0.0247,"activation_distance":0.04724},"geometry":{"type":"LineString","coordinates":[[16.29821,48.18083],[16.29797,48.18089]]}},{"type":"Feature","properties":{"boundary_score":0.1458,"activation_distance":0.1265},"geometry":{"type":"LineString","coordinates":[[16.31448,48.17601],[16.31435,48.17583]]}},{"type":"Feature","properties":{"boundary_score":0.1458,"activation_distance":0.1265},"geometry":{"type":"LineString","coordinates":[[16.31435,48.17583],[16.31448,48.17601]]}},{"type":"Feature","properties":{"boundary_score":0.0022,"activation_distance":0.03252},"geometry":{"type":"LineString","coordinates":[[16.32017,48.18611],[16.31995,48.18618]]}},{"type":"Feature","properties":{"boundary_score":0.0022,"activation_distance":0.03252},"geometry":{"type":"LineString","coordinates":[[16.31995,48.18618],[16.32017,48.18611]]}},{"type":"Feature","properties":{"boundary_score":0.0007,"activation_distance":0.03151},"geometry":{"type":"LineString","coordinates":[[16.31995,48.18618],[16.31973,48.18625]]}},{"type":"Feature","properties":{"boundary_score":0.0007,"activation_distance":0.03151},"geometry":{"type":"LineString","coordinates":[[16.31973,48.18625],[16.31995,48.18618]]}},{"type":"Feature","properties":{"boundary_score":0.1681,"activation_distance":0.14108},"geometry":{"type":"LineString","coordinates":[[16.29735,48.19018],[16.29742,48.19039]]}},{"type":"Feature","properties":{"boundary_score":0.1681,"activation_distance":0.14108},"geometry":{"type":"LineString","coordinates":[[16.29742,48.19039],[16.29735,48.19018]]}},{"type":"Feature","properties":{"boundary_score":0.22,"activation_distance":0.17504},"geometry":{"type":"LineString","coordinates":[[16.31983,48.15801],[16.31961,48.15809]]}},{"type":"Feature","properties":{"boundary_score":0.22,"activation_distance":0.17504},"geometry":{"type":"LineString","coordinates":[[16.31961,48.15809],[16.31983,48.15801]]}},{"type":"Feature","properties":{"boundary_score":0.0742,"activation_distance":0.07966},"geometry":{"type":"LineString","coordinates":[[16.31886,48.15864],[16.31874,48.15883]]}},{"type":"Feature","properties":{"boundary_score":0.0742,"activation_distance":0.07966},"geometry":{"type":"LineString","coordinates":[[16.31874,48.15883],[16.31886,48.15864]]}},{"type":"Feature","properties":{"boundary_score":0.0552,"activation_distance":0.06716},"geometry":{"type":"LineString","coordinates":[[16.31874,48.15883],[16.31862,48.15904]]}},{"type":"Feature","properties":{"boundary_score":0.0552,"activation_distance":0.06716},"geometry":{"type":"LineString","coordinates":[[16.31862,48.15904],[16.31874,48.15883]]}},{"type":"Feature","properties":{"boundary_score":0.167,"activation_distance":0.14034},"geometry":{"type":"LineString","coordinates":[[16.31862,48.15876],[16.31856,48.159]]}},{"type":"Feature","properties":{"boundary_score":0.167,"activation_distance":0.14034},"geometry":{"type":"LineString","coordinates":[[16.31856,48.159],[16.31862,48.15876]]}},{"type":"Feature","properties":{"boundary_score":0.3078,"activation_distance":0.23254},"geometry":{"type":"LineString","coordinates":[[16.31847,48.15887],[16.31854,48.15865]]}},{"type":"Feature","properties":{"boundary_score":0.3078,"activation_distance":0.23254},"geometry":{"type":"LineString","coordinates":[[16.31854,48.15865],[16.31847,48.15887]]}},{"type":"Feature","properties":{"boundary_score":0.0366,"activation_distance":0.05502},"geometry":{"type":"LineString","coordinates":[[16.31645,48.16585],[16.31652,48.16563]]}},{"type":"Feature","properties":{"boundary_score":0.0366,"activation_distance":0.05502},"geometry":{"type":"LineString","coordinates":[[16.31652,48.16563],[16.31645,48.16585]]}},{"type":"Feature","properties":{"boundary_score":0.0109,"activation_distance":0.03817},"geometry":{"type":"LineString","coordinates":[[16.31663,48.1657],[16.31656,48.16592]]}},{"type":"Feature","properties":{"boundary_score":0.0109,"activation_distance":0.03817},"geometry":{"type":"LineString","coordinates":[[16.31656,48.16592],[16.31663,48.1657]]}},{"type":"Feature","properties":{"boundary_score":0.0109,"activation_distance":0.03817},"geometry":{"type":"LineString","coordinates":[[16.31683,48.16583],[16.31663,48.1657]]}},{"type":"Feature","properties":{"boundary_score":0.0109,"activation_distance":0.03817},"geometry":{"type":"LineString","coordinates":[[16.31663,48.1657],[16.31683,48.16583]]}},{"type":"Feature","properties":{"boundary_score":0.0442,"activation_distance":0.06001},"geometry":{"type":"LineString","coordinates":[[16.23627,48.20141],[16.23602,48.20146]]}},{"type":"Feature","properties":{"boundary_score":0.0442,"activation_distance":0.06001},"geometry":{"type":"LineString","coordinates":[[16.23602,48.20146],[16.23627,48.20141]]}},{"type":"Feature","properties":{"boundary_score":0.0467,"activation_distance":0.06161},"geometry":{"type":"LineString","coordinates":[[16.28763,48.20995],[16.28786,48.20991]]}},{"type":"Feature","properties":{"boundary_score":0.0467,"activation_distance":0.06161},"geometry":{"type":"LineString","coordinates":[[16.28786,48.20991],[16.28763,48.20995]]}},{"type":"Feature","properties":{"boundary_score":0.0442,"activation_distance":0.05996},"geometry":{"type":"LineString","coordinates":[[16.33328,48.2989],[16.33313,48.29914]]}},{"type":"Feature","properties":{"boundary_score":0.0442,"activation_distance":0.05996},"geometry":{"type":"LineString","coordinates":[[16.33313,48.29914],[16.33328,48.2989]]}},{"type":"Feature","properties":{"boundary_score":0.0358,"activation_distance":0.05449},"geometry":{"type":"LineString","coordinates":[[16.33762,48.29214],[16.33749,48.29236]]}},{"type":"Feature","properties":{"boundary_score":0.0358,"activation_distance":0.05449},"geometry":{"type":"LineString","coordinates":[[16.33749,48.29236],[16.33762,48.29214]]}},{"type":"Feature","properties":{"boundary_score":0.0006,"activation_distance":0.03145},"geometry":{"type":"LineString","coordinates":[[16.33532,48.29603],[16.33519,48.29622]]}},{"type":"Feature","properties":{"boundary_score":0.0006,"activation_distance":0.03145},"geometry":{"type":"LineString","coordinates":[[16.33519,48.29622],[16.33532,48.29603]]}},{"type":"Feature","properties":{"boundary_score":0.1336,"activation_distance":0.11854},"geometry":{"type":"LineString","coordinates":[[16.36584,48.25479],[16.36608,48.25478]]}},{"type":"Feature","properties":{"boundary_score":0.1336,"activation_distance":0.11854},"geometry":{"type":"LineString","coordinates":[[16.36608,48.25478],[16.36584,48.25479]]}},{"type":"Feature","properties":{"boundary_score":0.1459,"activation_distance":0.12655},"geometry":{"type":"LineString","coordinates":[[16.30753,48.20237],[16.30745,48.20213]]}},{"type":"Feature","properties":{"boundary_score":0.1459,"activation_distance":0.12655},"geometry":{"type":"LineString","coordinates":[[16.30745,48.20213],[16.30753,48.20237]]}},{"type":"Feature","properties":{"boundary_score":0.0048,"activation_distance":0.03417},"geometry":{"type":"LineString","coordinates":[[16.41125,48.28023],[16.41101,48.28025]]}},{"type":"Feature","properties":{"boundary_score":0.0048,"activation_distance":0.03417},"geometry":{"type":"LineString","coordinates":[[16.41101,48.28025],[16.41125,48.28023]]}},{"type":"Feature","properties":{"boundary_score":0.1443,"activation_distance":0.12548},"geometry":{"type":"LineString","coordinates":[[16.41079,48.2803],[16.41101,48.28025]]}},{"type":"Feature","properties":{"boundary_score":0.1443,"activation_distance":0.12548},"geometry":{"type":"LineString","coordinates":[[16.41101,48.28025],[16.41079,48.2803]]}},{"type":"Feature","properties":{"boundary_score":0.0377,"activation_distance":0.05573},"geometry":{"type":"LineString","coordinates":[[16.41101,48.28025],[16.41112,48.28047]]}},{"type":"Feature","properties":{"boundary_score":0.0377,"activation_distance":0.05573},"geometry":{"type":"LineString","coordinates":[[16.41112,48.28047],[16.41101,48.28025]]}},{"type":"Feature","properties":{"boundary_score":0.1443,"activation_distance":0.12548},"geometry":{"type":"LineString","coordinates":[[16.4109,48.28004],[16.41101,48.28025]]}},{"type":"Feature","properties":{"boundary_score":0.1443,"activation_distance":0.12548},"geometry":{"type":"LineString","coordinates":[[16.41101,48.28025],[16.4109,48.28004]]}},{"type":"Feature","properties":{"boundary_score":0.0864,"activation_distance":0.08758},"geometry":{"type":"LineString","coordinates":[[16.31171,48.20168],[16.3115,48.20179]]}},{"type":"Feature","properties":{"boundary_score":0.0864,"activation_distance":0.08758},"geometry":{"type":"LineString","coordinates":[[16.3115,48.20179],[16.31171,48.20168]]}},{"type":"Feature","properties":{"boundary_score":0.2532,"activation_distance":0.19682},"geometry":{"type":"LineString","coordinates":[[16.3218,48.09804],[16.32195,48.09786]]}},{"type":"Feature","properties":{"boundary_score":0.2532,"activation_distance":0.19682},"geometry":{"type":"LineString","coordinates":[[16.32195,48.09786],[16.3218,48.09804]]}},{"type":"Feature","properties":{"boundary_score":0.0952,"activation_distance":0.09337},"geometry":{"type":"LineString","coordinates":[[16.32077,48.09922],[16.321,48.09919]]}},{"type":"Feature","properties":{"boundary_score":0.0952,"activation_distance":0.09337},"geometry":{"type":"LineString","coordinates":[[16.321,48.09919],[16.32077,48.09922]]}},{"type":"Feature","properties":{"boundary_score":0.044,"activation_distance":0.05987},"geometry":{"type":"LineString","coordinates":[[16.31461,48.09918],[16.31459,48.09895]]}},{"type":"Feature","properties":{"boundary_score":0.044,"activation_distance":0.05987},"geometry":{"type":"LineString","coordinates":[[16.31459,48.09895],[16.31461,48.09918]]}},{"type":"Feature","properties":{"boundary_score":0.2856,"activation_distance":0.21803},"geometry":{"type":"LineString","coordinates":[[16.30116,48.18781],[16.30132,48.18816]]}},{"type":"Feature","properties":{"boundary_score":0.2856,"activation_distance":0.21803},"geometry":{"type":"LineString","coordinates":[[16.30132,48.18816],[16.30116,48.18781]]}},{"type":"Feature","properties":{"boundary_score":0.0942,"activation_distance":0.0927},"geometry":{"type":"LineString","coordinates":[[16.30291,48.1878],[16.30314,48.18775]]}},{"type":"Feature","properties":{"boundary_score":0.0942,"activation_distance":0.0927},"geometry":{"type":"LineString","coordinates":[[16.30314,48.18775],[16.30291,48.1878]]}},{"type":"Feature","properties":{"boundary_score":0.0734,"activation_distance":0.07908},"geometry":{"type":"LineString","coordinates":[[16.31314,48.08171],[16.31326,48.0819]]}},{"type":"Feature","properties":{"boundary_score":0.0734,"activation_distance":0.07908},"geometry":{"type":"LineString","coordinates":[[16.31326,48.0819],[16.31314,48.08171]]}},{"type":"Feature","properties":{"boundary_score":0.0734,"activation_distance":0.07908},"geometry":{"type":"LineString","coordinates":[[16.31326,48.0819],[16.31324,48.08213]]}},{"type":"Feature","properties":{"boundary_score":0.0734,"activation_distance":0.07908},"geometry":{"type":"LineString","coordinates":[[16.31324,48.08213],[16.31326,48.0819]]}},{"type":"Feature","properties":{"boundary_score":0.0575,"activation_distance":0.06872},"geometry":{"type":"LineString","coordinates":[[16.31066,48.09104],[16.31046,48.0914]]}},{"type":"Feature","properties":{"boundary_score":0.0575,"activation_distance":0.06872},"geometry":{"type":"LineString","coordinates":[[16.31046,48.0914],[16.31066,48.09104]]}},{"type":"Feature","properties":{"boundary_score":0.1311,"activation_distance":0.11686},"geometry":{"type":"LineString","coordinates":[[16.31032,48.0957],[16.31033,48.09596]]}},{"type":"Feature","properties":{"boundary_score":0.1311,"activation_distance":0.11686},"geometry":{"type":"LineString","coordinates":[[16.31033,48.09596],[16.31032,48.0957]]}},{"type":"Feature","properties":{"boundary_score":0.0052,"activation_distance":0.03443},"geometry":{"type":"LineString","coordinates":[[16.29365,48.12101],[16.29354,48.12123]]}},{"type":"Feature","properties":{"boundary_score":0.0052,"activation_distance":0.03443},"geometry":{"type":"LineString","coordinates":[[16.29354,48.12123],[16.29365,48.12101]]}},{"type":"Feature","properties":{"boundary_score":0.0078,"activation_distance":0.03617},"geometry":{"type":"LineString","coordinates":[[16.29664,48.14627],[16.29635,48.14629]]}},{"type":"Feature","properties":{"boundary_score":0.0078,"activation_distance":0.03617},"geometry":{"type":"LineString","coordinates":[[16.29635,48.14629],[16.29664,48.14627]]}},{"type":"Feature","properties":{"boundary_score":0.3447,"activation_distance":0.25668},"geometry":{"type":"LineString","coordinates":[[16.28186,48.18707],[16.28192,48.18728]]}},{"type":"Feature","properties":{"boundary_score":0.3447,"activation_distance":0.25668},"geometry":{"type":"LineString","coordinates":[[16.28192,48.18728],[16.28186,48.18707]]}},{"type":"Feature","properties":{"boundary_score":0.0094,"activation_distance":0.03722},"geometry":{"type":"LineString","coordinates":[[16.28554,48.18838],[16.2853,48.18846]]}},{"type":"Feature","properties":{"boundary_score":0.0094,"activation_distance":0.03722},"geometry":{"type":"LineString","coordinates":[[16.2853,48.18846],[16.28554,48.18838]]}},{"type":"Feature","properties":{"boundary_score":0.4406,"activation_distance":0.31948},"geometry":{"type":"LineString","coordinates":[[16.32496,48.20694],[16.32488,48.2067]]}},{"type":"Feature","properties":{"boundary_score":0.4406,"activation_distance":0.31948},"geometry":{"type":"LineString","coordinates":[[16.32488,48.2067],[16.32496,48.20694]]}},{"type":"Feature","properties":{"boundary_score":0.1134,"activation_distance":0.10526},"geometry":{"type":"LineString","coordinates":[[16.33951,48.20715],[16.33947,48.20741]]}},{"type":"Feature","properties":{"boundary_score":0.1134,"activation_distance":0.10526},"geometry":{"type":"LineString","coordinates":[[16.33947,48.20741],[16.33951,48.20715]]}},{"type":"Feature","properties":{"boundary_score":0.0391,"activation_distance":0.05668},"geometry":{"type":"LineString","coordinates":[[16.37352,48.1873],[16.37355,48.18711]]}},{"type":"Feature","properties":{"boundary_score":0.0391,"activation_distance":0.05668},"geometry":{"type":"LineString","coordinates":[[16.37355,48.18711],[16.37352,48.1873]]}},{"type":"Feature","properties":{"boundary_score":0.0164,"activation_distance":0.04179},"geometry":{"type":"LineString","coordinates":[[16.37365,48.18715],[16.37352,48.1873]]}},{"type":"Feature","properties":{"boundary_score":0.0164,"activation_distance":0.04179},"geometry":{"type":"LineString","coordinates":[[16.37352,48.1873],[16.37365,48.18715]]}},{"type":"Feature","properties":{"boundary_score":0.2031,"activation_distance":0.164},"geometry":{"type":"LineString","coordinates":[[16.37382,48.18537],[16.37383,48.18564]]}},{"type":"Feature","properties":{"boundary_score":0.2031,"activation_distance":0.164},"geometry":{"type":"LineString","coordinates":[[16.37383,48.18564],[16.37382,48.18537]]}},{"type":"Feature","properties":{"boundary_score":0.0178,"activation_distance":0.04271},"geometry":{"type":"LineString","coordinates":[[16.43381,48.20315],[16.43361,48.20303]]}},{"type":"Feature","properties":{"boundary_score":0.0178,"activation_distance":0.04271},"geometry":{"type":"LineString","coordinates":[[16.43361,48.20303],[16.43381,48.20315]]}},{"type":"Feature","properties":{"boundary_score":0.0329,"activation_distance":0.05262},"geometry":{"type":"LineString","coordinates":[[16.43361,48.20303],[16.43339,48.20291]]}},{"type":"Feature","properties":{"boundary_score":0.0329,"activation_distance":0.05262},"geometry":{"type":"LineString","coordinates":[[16.43339,48.20291],[16.43361,48.20303]]}},{"type":"Feature","properties":{"boundary_score":0.0433,"activation_distance":0.05937},"geometry":{"type":"LineString","coordinates":[[16.27569,48.11238],[16.2755,48.11227]]}},{"type":"Feature","properties":{"boundary_score":0.0433,"activation_distance":0.05937},"geometry":{"type":"LineString","coordinates":[[16.2755,48.11227],[16.27569,48.11238]]}},{"type":"Feature","properties":{"boundary_score":0.0269,"activation_distance":0.04868},"geometry":{"type":"LineString","coordinates":[[16.29682,48.11723],[16.2966,48.11717]]}},{"type":"Feature","properties":{"boundary_score":0.0269,"activation_distance":0.04868},"geometry":{"type":"LineString","coordinates":[[16.2966,48.11717],[16.29682,48.11723]]}},{"type":"Feature","properties":{"boundary_score":0.1028,"activation_distance":0.09836},"geometry":{"type":"LineString","coordinates":[[16.2956,48.11764],[16.29544,48.11747]]}},{"type":"Feature","properties":{"boundary_score":0.1028,"activation_distance":0.09836},"geometry":{"type":"LineString","coordinates":[[16.29544,48.11747],[16.2956,48.11764]]}},{"type":"Feature","properties":{"boundary_score":0.0282,"activation_distance":0.04953},"geometry":{"type":"LineString","coordinates":[[16.29966,48.11877],[16.29942,48.1188]]}},{"type":"Feature","properties":{"boundary_score":0.0282,"activation_distance":0.04953},"geometry":{"type":"LineString","coordinates":[[16.29942,48.1188],[16.29966,48.11877]]}},{"type":"Feature","properties":{"boundary_score":0.0058,"activation_distance":0.03483},"geometry":{"type":"LineString","coordinates":[[16.29987,48.11827],[16.29965,48.11819]]}},{"type":"Feature","properties":{"boundary_score":0.0058,"activation_distance":0.03483},"geometry":{"type":"LineString","coordinates":[[16.29965,48.11819],[16.29987,48.11827]]}},{"type":"Feature","properties":{"boundary_score":0.074,"activation_distance":0.0795},"geometry":{"type":"LineString","coordinates":[[16.32871,48.20611],[16.32847,48.20615]]}},{"type":"Feature","properties":{"boundary_score":0.074,"activation_distance":0.0795},"geometry":{"type":"LineString","coordinates":[[16.32847,48.20615],[16.32871,48.20611]]}},{"type":"Feature","properties":{"boundary_score":0.0094,"activation_distance":0.03721},"geometry":{"type":"LineString","coordinates":[[16.37077,48.19306],[16.37069,48.19328]]}},{"type":"Feature","properties":{"boundary_score":0.0094,"activation_distance":0.03721},"geometry":{"type":"LineString","coordinates":[[16.37069,48.19328],[16.37077,48.19306]]}},{"type":"Feature","properties":{"boundary_score":0.0267,"activation_distance":0.04851},"geometry":{"type":"LineString","coordinates":[[16.37089,48.19276],[16.37077,48.19306]]}},{"type":"Feature","properties":{"boundary_score":0.0267,"activation_distance":0.04851},"geometry":{"type":"LineString","coordinates":[[16.37077,48.19306],[16.37089,48.19276]]}},{"type":"Feature","properties":{"boundary_score":0.0585,"activation_distance":0.06936},"geometry":{"type":"LineString","coordinates":[[16.3558,48.12945],[16.35603,48.1294]]}},{"type":"Feature","properties":{"boundary_score":0.0585,"activation_distance":0.06936},"geometry":{"type":"LineString","coordinates":[[16.35603,48.1294],[16.3558,48.12945]]}},{"type":"Feature","properties":{"boundary_score":0.1022,"activation_distance":0.09798},"geometry":{"type":"LineString","coordinates":[[16.35596,48.12912],[16.35619,48.12908]]}},{"type":"Feature","properties":{"boundary_score":0.1022,"activation_distance":0.09798},"geometry":{"type":"LineString","coordinates":[[16.35619,48.12908],[16.35596,48.12912]]}},{"type":"Feature","properties":{"boundary_score":0.1075,"activation_distance":0.10145},"geometry":{"type":"LineString","coordinates":[[16.3304,48.12443],[16.33047,48.12464]]}},{"type":"Feature","properties":{"boundary_score":0.1075,"activation_distance":0.10145},"geometry":{"type":"LineString","coordinates":[[16.33047,48.12464],[16.3304,48.12443]]}},{"type":"Feature","properties":{"boundary_score":0.1038,"activation_distance":0.09903},"geometry":{"type":"LineString","coordinates":[[16.32547,48.11886],[16.32569,48.11886]]}},{"type":"Feature","properties":{"boundary_score":0.1038,"activation_distance":0.09903},"geometry":{"type":"LineString","coordinates":[[16.32569,48.11886],[16.32547,48.11886]]}},{"type":"Feature","properties":{"boundary_score":0.1441,"activation_distance":0.12538},"geometry":{"type":"LineString","coordinates":[[16.49053,48.15048],[16.4903,48.15054]]}},{"type":"Feature","properties":{"boundary_score":0.1441,"activation_distance":0.12538},"geometry":{"type":"LineString","coordinates":[[16.4903,48.15054],[16.49053,48.15048]]}},{"type":"Feature","properties":{"boundary_score":0.0042,"activation_distance":0.03382},"geometry":{"type":"LineString","coordinates":[[16.53612,48.13303],[16.53591,48.13311]]}},{"type":"Feature","properties":{"boundary_score":0.0042,"activation_distance":0.03382},"geometry":{"type":"LineString","coordinates":[[16.53591,48.13311],[16.53612,48.13303]]}},{"type":"Feature","properties":{"boundary_score":0.5359,"activation_distance":0.38187},"geometry":{"type":"LineString","coordinates":[[16.51687,48.14282],[16.51666,48.1429]]}},{"type":"Feature","properties":{"boundary_score":0.5359,"activation_distance":0.38187},"geometry":{"type":"LineString","coordinates":[[16.51666,48.1429],[16.51687,48.14282]]}},{"type":"Feature","properties":{"boundary_score":0.0642,"activation_distance":0.07306},"geometry":{"type":"LineString","coordinates":[[16.38425,48.12749],[16.38402,48.12749]]}},{"type":"Feature","properties":{"boundary_score":0.0642,"activation_distance":0.07306},"geometry":{"type":"LineString","coordinates":[[16.38402,48.12749],[16.38425,48.12749]]}},{"type":"Feature","properties":{"boundary_score":0.0664,"activation_distance":0.07452},"geometry":{"type":"LineString","coordinates":[[16.35565,48.12997],[16.35542,48.13001]]}},{"type":"Feature","properties":{"boundary_score":0.0664,"activation_distance":0.07452},"geometry":{"type":"LineString","coordinates":[[16.35542,48.13001],[16.35565,48.12997]]}},{"type":"Feature","properties":{"boundary_score":0.411,"activation_distance":0.30006},"geometry":{"type":"LineString","coordinates":[[16.33032,48.12471],[16.33025,48.12449]]}},{"type":"Feature","properties":{"boundary_score":0.411,"activation_distance":0.30006},"geometry":{"type":"LineString","coordinates":[[16.33025,48.12449],[16.33032,48.12471]]}},{"type":"Feature","properties":{"boundary_score":0.036,"activation_distance":0.05464},"geometry":{"type":"LineString","coordinates":[[16.34009,48.13249],[16.33986,48.13247]]}},{"type":"Feature","properties":{"boundary_score":0.036,"activation_distance":0.05464},"geometry":{"type":"LineString","coordinates":[[16.33986,48.13247],[16.34009,48.13249]]}},{"type":"Feature","properties":{"boundary_score":0.0295,"activation_distance":0.05034},"geometry":{"type":"LineString","coordinates":[[16.33986,48.13247],[16.33963,48.13244]]}},{"type":"Feature","properties":{"boundary_score":0.0295,"activation_distance":0.05034},"geometry":{"type":"LineString","coordinates":[[16.33963,48.13244],[16.33986,48.13247]]}},{"type":"Feature","properties":{"boundary_score":0.2628,"activation_distance":0.20309},"geometry":{"type":"LineString","coordinates":[[16.33988,48.13296],[16.33971,48.13282]]}},{"type":"Feature","properties":{"boundary_score":0.2628,"activation_distance":0.20309},"geometry":{"type":"LineString","coordinates":[[16.33971,48.13282],[16.33988,48.13296]]}},{"type":"Feature","properties":{"boundary_score":0.0079,"activation_distance":0.03625},"geometry":{"type":"LineString","coordinates":[[16.48802,48.14861],[16.48791,48.1484]]}},{"type":"Feature","properties":{"boundary_score":0.0079,"activation_distance":0.03625},"geometry":{"type":"LineString","coordinates":[[16.48791,48.1484],[16.48802,48.14861]]}},{"type":"Feature","properties":{"boundary_score":0.0032,"activation_distance":0.03318},"geometry":{"type":"LineString","coordinates":[[16.48791,48.1484],[16.4878,48.14819]]}},{"type":"Feature","properties":{"boundary_score":0.0032,"activation_distance":0.03318},"geometry":{"type":"LineString","coordinates":[[16.4878,48.14819],[16.48791,48.1484]]}},{"type":"Feature","properties":{"boundary_score":0.0734,"activation_distance":0.0791},"geometry":{"type":"LineString","coordinates":[[16.48795,48.14978],[16.48814,48.14965]]}},{"type":"Feature","properties":{"boundary_score":0.0734,"activation_distance":0.0791},"geometry":{"type":"LineString","coordinates":[[16.48814,48.14965],[16.48795,48.14978]]}},{"type":"Feature","properties":{"boundary_score":0.4479,"activation_distance":0.32427},"geometry":{"type":"LineString","coordinates":[[16.36358,48.23644],[16.3638,48.2365]]}},{"type":"Feature","properties":{"boundary_score":0.4479,"activation_distance":0.32427},"geometry":{"type":"LineString","coordinates":[[16.3638,48.2365],[16.36358,48.23644]]}},{"type":"Feature","properties":{"boundary_score":0.1988,"activation_distance":0.16118},"geometry":{"type":"LineString","coordinates":[[16.3629,48.2368],[16.363,48.23701]]}},{"type":"Feature","properties":{"boundary_score":0.1988,"activation_distance":0.16118},"geometry":{"type":"LineString","coordinates":[[16.363,48.23701],[16.3629,48.2368]]}},{"type":"Feature","properties":{"boundary_score":0.0245,"activation_distance":0.04708},"geometry":{"type":"LineString","coordinates":[[16.36499,48.2406],[16.36512,48.2408]]}},{"type":"Feature","properties":{"boundary_score":0.0245,"activation_distance":0.04708},"geometry":{"type":"LineString","coordinates":[[16.36512,48.2408],[16.36499,48.2406]]}},{"type":"Feature","properties":{"boundary_score":0.3425,"activation_distance":0.25526},"geometry":{"type":"LineString","coordinates":[[16.36239,48.23538],[16.36245,48.23563]]}},{"type":"Feature","properties":{"boundary_score":0.3425,"activation_distance":0.25526},"geometry":{"type":"LineString","coordinates":[[16.36245,48.23563],[16.36239,48.23538]]}},{"type":"Feature","properties":{"boundary_score":0.0262,"activation_distance":0.04818},"geometry":{"type":"LineString","coordinates":[[16.38293,48.25881],[16.38307,48.25863]]}},{"type":"Feature","properties":{"boundary_score":0.0262,"activation_distance":0.04818},"geometry":{"type":"LineString","coordinates":[[16.38307,48.25863],[16.38293,48.25881]]}},{"type":"Feature","properties":{"boundary_score":0.0161,"activation_distance":0.0416},"geometry":{"type":"LineString","coordinates":[[16.38528,48.25712],[16.38505,48.25703]]}},{"type":"Feature","properties":{"boundary_score":0.0161,"activation_distance":0.0416},"geometry":{"type":"LineString","coordinates":[[16.38505,48.25703],[16.38528,48.25712]]}},{"type":"Feature","properties":{"boundary_score":0.0507,"activation_distance":0.06423},"geometry":{"type":"LineString","coordinates":[[16.39787,48.26932],[16.39778,48.26911]]}},{"type":"Feature","properties":{"boundary_score":0.0507,"activation_distance":0.06423},"geometry":{"type":"LineString","coordinates":[[16.39778,48.26911],[16.39787,48.26932]]}},{"type":"Feature","properties":{"boundary_score":0.0617,"activation_distance":0.07147},"geometry":{"type":"LineString","coordinates":[[16.39623,48.26549],[16.39613,48.26528]]}},{"type":"Feature","properties":{"boundary_score":0.0617,"activation_distance":0.07147},"geometry":{"type":"LineString","coordinates":[[16.39613,48.26528],[16.39623,48.26549]]}},{"type":"Feature","properties":{"boundary_score":0.2386,"activation_distance":0.18722},"geometry":{"type":"LineString","coordinates":[[16.39623,48.26575],[16.3961,48.26556]]}},{"type":"Feature","properties":{"boundary_score":0.2386,"activation_distance":0.18722},"geometry":{"type":"LineString","coordinates":[[16.3961,48.26556],[16.39623,48.26575]]}},{"type":"Feature","properties":{"boundary_score":0.0371,"activation_distance":0.05534},"geometry":{"type":"LineString","coordinates":[[16.32706,48.21144],[16.32731,48.2114]]}},{"type":"Feature","properties":{"boundary_score":0.0371,"activation_distance":0.05534},"geometry":{"type":"LineString","coordinates":[[16.32731,48.2114],[16.32706,48.21144]]}},{"type":"Feature","properties":{"boundary_score":0.1073,"activation_distance":0.10132},"geometry":{"type":"LineString","coordinates":[[16.40309,48.22562],[16.40294,48.22544]]}},{"type":"Feature","properties":{"boundary_score":0.1073,"activation_distance":0.10132},"geometry":{"type":"LineString","coordinates":[[16.40294,48.22544],[16.40309,48.22562]]}},{"type":"Feature","properties":{"boundary_score":0.0311,"activation_distance":0.05142},"geometry":{"type":"LineString","coordinates":[[16.4034,48.22497],[16.4032,48.22486]]}},{"type":"Feature","properties":{"boundary_score":0.0311,"activation_distance":0.05142},"geometry":{"type":"LineString","coordinates":[[16.4032,48.22486],[16.4034,48.22497]]}},{"type":"Feature","properties":{"boundary_score":0.2051,"activation_distance":0.16531},"geometry":{"type":"LineString","coordinates":[[16.34595,48.20181],[16.34595,48.20157]]}},{"type":"Feature","properties":{"boundary_score":0.2051,"activation_distance":0.16531},"geometry":{"type":"LineString","coordinates":[[16.34595,48.20157],[16.34595,48.20181]]}},{"type":"Feature","properties":{"boundary_score":0.1752,"activation_distance":0.14577},"geometry":{"type":"LineString","coordinates":[[16.35525,48.2115],[16.35498,48.21152]]}},{"type":"Feature","properties":{"boundary_score":0.1752,"activation_distance":0.14577},"geometry":{"type":"LineString","coordinates":[[16.35498,48.21152],[16.35525,48.2115]]}},{"type":"Feature","properties":{"boundary_score":0.1778,"activation_distance":0.14745},"geometry":{"type":"LineString","coordinates":[[16.33128,48.21232],[16.33122,48.21202]]}},{"type":"Feature","properties":{"boundary_score":0.1778,"activation_distance":0.14745},"geometry":{"type":"LineString","coordinates":[[16.33122,48.21202],[16.33128,48.21232]]}},{"type":"Feature","properties":{"boundary_score":0.0191,"activation_distance":0.04359},"geometry":{"type":"LineString","coordinates":[[16.26028,48.21844],[16.26005,48.21832]]}},{"type":"Feature","properties":{"boundary_score":0.0191,"activation_distance":0.04359},"geometry":{"type":"LineString","coordinates":[[16.26005,48.21832],[16.26028,48.21844]]}},{"type":"Feature","properties":{"boundary_score":0.3665,"activation_distance":0.27097},"geometry":{"type":"LineString","coordinates":[[16.31519,48.17593],[16.31534,48.17614]]}},{"type":"Feature","properties":{"boundary_score":0.3665,"activation_distance":0.27097},"geometry":{"type":"LineString","coordinates":[[16.31534,48.17614],[16.31519,48.17593]]}},{"type":"Feature","properties":{"boundary_score":0.2141,"activation_distance":0.17118},"geometry":{"type":"LineString","coordinates":[[16.31278,48.17109],[16.313,48.17112]]}},{"type":"Feature","properties":{"boundary_score":0.2141,"activation_distance":0.17118},"geometry":{"type":"LineString","coordinates":[[16.313,48.17112],[16.31278,48.17109]]}},{"type":"Feature","properties":{"boundary_score":0.0537,"activation_distance":0.06622},"geometry":{"type":"LineString","coordinates":[[16.3193,48.1721],[16.31953,48.17213]]}},{"type":"Feature","properties":{"boundary_score":0.0537,"activation_distance":0.06622},"geometry":{"type":"LineString","coordinates":[[16.31953,48.17213],[16.3193,48.1721]]}},{"type":"Feature","properties":{"boundary_score":0.1471,"activation_distance":0.12734},"geometry":{"type":"LineString","coordinates":[[16.32698,48.18305],[16.32672,48.183]]}},{"type":"Feature","properties":{"boundary_score":0.1471,"activation_distance":0.12734},"geometry":{"type":"LineString","coordinates":[[16.32672,48.183],[16.32698,48.18305]]}},{"type":"Feature","properties":{"boundary_score":0.1471,"activation_distance":0.12734},"geometry":{"type":"LineString","coordinates":[[16.32672,48.18306],[16.32698,48.18305]]}},{"type":"Feature","properties":{"boundary_score":0.1471,"activation_distance":0.12734},"geometry":{"type":"LineString","coordinates":[[16.32698,48.18305],[16.32672,48.18306]]}},{"type":"Feature","properties":{"boundary_score":0.1038,"activation_distance":0.09901},"geometry":{"type":"LineString","coordinates":[[16.32668,48.18671],[16.32694,48.18677]]}},{"type":"Feature","properties":{"boundary_score":0.1038,"activation_distance":0.09901},"geometry":{"type":"LineString","coordinates":[[16.32694,48.18677],[16.32668,48.18671]]}},{"type":"Feature","properties":{"boundary_score":0.1022,"activation_distance":0.09795},"geometry":{"type":"LineString","coordinates":[[16.31351,48.25633],[16.31372,48.25623]]}},{"type":"Feature","properties":{"boundary_score":0.1022,"activation_distance":0.09795},"geometry":{"type":"LineString","coordinates":[[16.31372,48.25623],[16.31351,48.25633]]}},{"type":"Feature","properties":{"boundary_score":0.0211,"activation_distance":0.04487},"geometry":{"type":"LineString","coordinates":[[16.31509,48.26344],[16.31486,48.26345]]}},{"type":"Feature","properties":{"boundary_score":0.0211,"activation_distance":0.04487},"geometry":{"type":"LineString","coordinates":[[16.31486,48.26345],[16.31509,48.26344]]}},{"type":"Feature","properties":{"boundary_score":0.0505,"activation_distance":0.06412},"geometry":{"type":"LineString","coordinates":[[16.32623,48.2923],[16.32645,48.29237]]}},{"type":"Feature","properties":{"boundary_score":0.0505,"activation_distance":0.06412},"geometry":{"type":"LineString","coordinates":[[16.32645,48.29237],[16.32623,48.2923]]}},{"type":"Feature","properties":{"boundary_score":0.0035,"activation_distance":0.03334},"geometry":{"type":"LineString","coordinates":[[16.32584,48.30325],[16.32607,48.30334]]}},{"type":"Feature","properties":{"boundary_score":0.0035,"activation_distance":0.03334},"geometry":{"type":"LineString","coordinates":[[16.32607,48.30334],[16.32584,48.30325]]}},{"type":"Feature","properties":{"boundary_score":0.0226,"activation_distance":0.04582},"geometry":{"type":"LineString","coordinates":[[16.38277,48.2598],[16.38263,48.25998]]}},{"type":"Feature","properties":{"boundary_score":0.0226,"activation_distance":0.04582},"geometry":{"type":"LineString","coordinates":[[16.38263,48.25998],[16.38277,48.2598]]}},{"type":"Feature","properties":{"boundary_score":0.0946,"activation_distance":0.09295},"geometry":{"type":"LineString","coordinates":[[16.37065,48.27478],[16.37051,48.27496]]}},{"type":"Feature","properties":{"boundary_score":0.0946,"activation_distance":0.09295},"geometry":{"type":"LineString","coordinates":[[16.37051,48.27496],[16.37065,48.27478]]}},{"type":"Feature","properties":{"boundary_score":0.0004,"activation_distance":0.03129},"geometry":{"type":"LineString","coordinates":[[16.37298,48.24249],[16.37322,48.24247]]}},{"type":"Feature","properties":{"boundary_score":0.0004,"activation_distance":0.03129},"geometry":{"type":"LineString","coordinates":[[16.37322,48.24247],[16.37298,48.24249]]}},{"type":"Feature","properties":{"boundary_score":0.0272,"activation_distance":0.04884},"geometry":{"type":"LineString","coordinates":[[16.3989,48.25984],[16.39878,48.25964]]}},{"type":"Feature","properties":{"boundary_score":0.0272,"activation_distance":0.04884},"geometry":{"type":"LineString","coordinates":[[16.39878,48.25964],[16.3989,48.25984]]}},{"type":"Feature","properties":{"boundary_score":0.077,"activation_distance":0.08147},"geometry":{"type":"LineString","coordinates":[[16.3929,48.26651],[16.39305,48.26656]]}},{"type":"Feature","properties":{"boundary_score":0.077,"activation_distance":0.08147},"geometry":{"type":"LineString","coordinates":[[16.39305,48.26656],[16.3929,48.26651]]}},{"type":"Feature","properties":{"boundary_score":0.0779,"activation_distance":0.08202},"geometry":{"type":"LineString","coordinates":[[16.3932,48.26627],[16.39305,48.26656]]}},{"type":"Feature","properties":{"boundary_score":0.0779,"activation_distance":0.08202},"geometry":{"type":"LineString","coordinates":[[16.39305,48.26656],[16.3932,48.26627]]}},{"type":"Feature","properties":{"boundary_score":0.055,"activation_distance":0.06708},"geometry":{"type":"LineString","coordinates":[[16.40108,48.25137],[16.4012,48.25157]]}},{"type":"Feature","properties":{"boundary_score":0.055,"activation_distance":0.06708},"geometry":{"type":"LineString","coordinates":[[16.4012,48.25157],[16.40108,48.25137]]}},{"type":"Feature","properties":{"boundary_score":0.0473,"activation_distance":0.06205},"geometry":{"type":"LineString","coordinates":[[16.29984,48.11793],[16.30004,48.11805]]}},{"type":"Feature","properties":{"boundary_score":0.0473,"activation_distance":0.06205},"geometry":{"type":"LineString","coordinates":[[16.30004,48.11805],[16.29984,48.11793]]}},{"type":"Feature","properties":{"boundary_score":0.0229,"activation_distance":0.04603},"geometry":{"type":"LineString","coordinates":[[16.29978,48.11808],[16.3,48.11816]]}},{"type":"Feature","properties":{"boundary_score":0.0229,"activation_distance":0.04603},"geometry":{"type":"LineString","coordinates":[[16.3,48.11816],[16.29978,48.11808]]}},{"type":"Feature","properties":{"boundary_score":0.0478,"activation_distance":0.06236},"geometry":{"type":"LineString","coordinates":[[16.32391,48.11883],[16.32382,48.11862]]}},{"type":"Feature","properties":{"boundary_score":0.0478,"activation_distance":0.06236},"geometry":{"type":"LineString","coordinates":[[16.32382,48.11862],[16.32391,48.11883]]}},{"type":"Feature","properties":{"boundary_score":0.095,"activation_distance":0.09327},"geometry":{"type":"LineString","coordinates":[[16.32354,48.11798],[16.32345,48.11777]]}},{"type":"Feature","properties":{"boundary_score":0.095,"activation_distance":0.09327},"geometry":{"type":"LineString","coordinates":[[16.32345,48.11777],[16.32354,48.11798]]}},{"type":"Feature","properties":{"boundary_score":0.0041,"activation_distance":0.03371},"geometry":{"type":"LineString","coordinates":[[16.32468,48.31118],[16.32485,48.31099]]}},{"type":"Feature","properties":{"boundary_score":0.0041,"activation_distance":0.03371},"geometry":{"type":"LineString","coordinates":[[16.32485,48.31099],[16.32468,48.31118]]}},{"type":"Feature","properties":{"boundary_score":0.0135,"activation_distance":0.03992},"geometry":{"type":"LineString","coordinates":[[16.30116,48.18781],[16.30139,48.18778]]}},{"type":"Feature","properties":{"boundary_score":0.0135,"activation_distance":0.03992},"geometry":{"type":"LineString","coordinates":[[16.30139,48.18778],[16.30116,48.18781]]}},{"type":"Feature","properties":{"boundary_score":0.1548,"activation_distance":0.13241},"geometry":{"type":"LineString","coordinates":[[16.30277,48.1877],[16.303,48.18765]]}},{"type":"Feature","properties":{"boundary_score":0.1548,"activation_distance":0.13241},"geometry":{"type":"LineString","coordinates":[[16.303,48.18765],[16.30277,48.1877]]}},{"type":"Feature","properties":{"boundary_score":0.2941,"activation_distance":0.2236},"geometry":{"type":"LineString","coordinates":[[16.40311,48.22467],[16.40337,48.22467]]}},{"type":"Feature","properties":{"boundary_score":0.2941,"activation_distance":0.2236},"geometry":{"type":"LineString","coordinates":[[16.40337,48.22467],[16.40311,48.22467]]}},{"type":"Feature","properties":{"boundary_score":0.0125,"activation_distance":0.03921},"geometry":{"type":"LineString","coordinates":[[16.39701,48.185],[16.39688,48.18518]]}},{"type":"Feature","properties":{"boundary_score":0.0125,"activation_distance":0.03921},"geometry":{"type":"LineString","coordinates":[[16.39688,48.18518],[16.39701,48.185]]}},{"type":"Feature","properties":{"boundary_score":0.1515,"activation_distance":0.13024},"geometry":{"type":"LineString","coordinates":[[16.39628,48.18587],[16.39612,48.18602]]}},{"type":"Feature","properties":{"boundary_score":0.1515,"activation_distance":0.13024},"geometry":{"type":"LineString","coordinates":[[16.39612,48.18602],[16.39628,48.18587]]}},{"type":"Feature","properties":{"boundary_score":0.0151,"activation_distance":0.04092},"geometry":{"type":"LineString","coordinates":[[16.39723,48.185],[16.39703,48.18513]]}},{"type":"Feature","properties":{"boundary_score":0.0151,"activation_distance":0.04092},"geometry":{"type":"LineString","coordinates":[[16.39703,48.18513],[16.39723,48.185]]}},{"type":"Feature","properties":{"boundary_score":0.0944,"activation_distance":0.09285},"geometry":{"type":"LineString","coordinates":[[16.40051,48.18112],[16.40031,48.18123]]}},{"type":"Feature","properties":{"boundary_score":0.0944,"activation_distance":0.09285},"geometry":{"type":"LineString","coordinates":[[16.40031,48.18123],[16.40051,48.18112]]}},{"type":"Feature","properties":{"boundary_score":0.0572,"activation_distance":0.06847},"geometry":{"type":"LineString","coordinates":[[16.39923,48.20505],[16.39949,48.20512]]}},{"type":"Feature","properties":{"boundary_score":0.0572,"activation_distance":0.06847},"geometry":{"type":"LineString","coordinates":[[16.39949,48.20512],[16.39923,48.20505]]}},{"type":"Feature","properties":{"boundary_score":0.0895,"activation_distance":0.08966},"geometry":{"type":"LineString","coordinates":[[16.41123,48.19666],[16.41105,48.19681]]}},{"type":"Feature","properties":{"boundary_score":0.0895,"activation_distance":0.08966},"geometry":{"type":"LineString","coordinates":[[16.41105,48.19681],[16.41123,48.19666]]}},{"type":"Feature","properties":{"boundary_score":0.3037,"activation_distance":0.22987},"geometry":{"type":"LineString","coordinates":[[16.41093,48.19678],[16.41115,48.19689]]}},{"type":"Feature","properties":{"boundary_score":0.3037,"activation_distance":0.22987},"geometry":{"type":"LineString","coordinates":[[16.41115,48.19689],[16.41093,48.19678]]}},{"type":"Feature","properties":{"boundary_score":0.1458,"activation_distance":0.12652},"geometry":{"type":"LineString","coordinates":[[16.43942,48.19289],[16.43925,48.19274]]}},{"type":"Feature","properties":{"boundary_score":0.1458,"activation_distance":0.12652},"geometry":{"type":"LineString","coordinates":[[16.43925,48.19274],[16.43942,48.19289]]}},{"type":"Feature","properties":{"boundary_score":0.0801,"activation_distance":0.08349},"geometry":{"type":"LineString","coordinates":[[16.25894,48.10657],[16.25909,48.10673]]}},{"type":"Feature","properties":{"boundary_score":0.0801,"activation_distance":0.08349},"geometry":{"type":"LineString","coordinates":[[16.25909,48.10673],[16.25894,48.10657]]}},{"type":"Feature","properties":{"boundary_score":0.037,"activation_distance":0.05526},"geometry":{"type":"LineString","coordinates":[[16.27567,48.11221],[16.27586,48.11233]]}},{"type":"Feature","properties":{"boundary_score":0.037,"activation_distance":0.05526},"geometry":{"type":"LineString","coordinates":[[16.27586,48.11233],[16.27567,48.11221]]}},{"type":"Feature","properties":{"boundary_score":0.0014,"activation_distance":0.032},"geometry":{"type":"LineString","coordinates":[[16.27586,48.11233],[16.27606,48.11244]]}},{"type":"Feature","properties":{"boundary_score":0.0014,"activation_distance":0.032},"geometry":{"type":"LineString","coordinates":[[16.27606,48.11244],[16.27586,48.11233]]}},{"type":"Feature","properties":{"boundary_score":0.5861,"activation_distance":0.41472},"geometry":{"type":"LineString","coordinates":[[16.27684,48.11289],[16.27704,48.113]]}},{"type":"Feature","properties":{"boundary_score":0.5861,"activation_distance":0.41472},"geometry":{"type":"LineString","coordinates":[[16.27704,48.113],[16.27684,48.11289]]}},{"type":"Feature","properties":{"boundary_score":0.0051,"activation_distance":0.0344},"geometry":{"type":"LineString","coordinates":[[16.24493,48.0985],[16.24509,48.09867]]}},{"type":"Feature","properties":{"boundary_score":0.0051,"activation_distance":0.0344},"geometry":{"type":"LineString","coordinates":[[16.24509,48.09867],[16.24493,48.0985]]}},{"type":"Feature","properties":{"boundary_score":0.0508,"activation_distance":0.0643},"geometry":{"type":"LineString","coordinates":[[16.24336,48.09836],[16.24357,48.09845]]}},{"type":"Feature","properties":{"boundary_score":0.0508,"activation_distance":0.0643},"geometry":{"type":"LineString","coordinates":[[16.24357,48.09845],[16.24336,48.09836]]}},{"type":"Feature","properties":{"boundary_score":0.2049,"activation_distance":0.16521},"geometry":{"type":"LineString","coordinates":[[16.41471,48.21454],[16.41494,48.21443]]}},{"type":"Feature","properties":{"boundary_score":0.2049,"activation_distance":0.16521},"geometry":{"type":"LineString","coordinates":[[16.41494,48.21443],[16.41471,48.21454]]}},{"type":"Feature","properties":{"boundary_score":0.0024,"activation_distance":0.03264},"geometry":{"type":"LineString","coordinates":[[16.34971,48.18061],[16.34947,48.18068]]}},{"type":"Feature","properties":{"boundary_score":0.0024,"activation_distance":0.03264},"geometry":{"type":"LineString","coordinates":[[16.34947,48.18068],[16.34971,48.18061]]}},{"type":"Feature","properties":{"boundary_score":0.0182,"activation_distance":0.04295},"geometry":{"type":"LineString","coordinates":[[16.36355,48.18251],[16.36378,48.1826]]}},{"type":"Feature","properties":{"boundary_score":0.0182,"activation_distance":0.04295},"geometry":{"type":"LineString","coordinates":[[16.36378,48.1826],[16.36355,48.18251]]}},{"type":"Feature","properties":{"boundary_score":0.0071,"activation_distance":0.03573},"geometry":{"type":"LineString","coordinates":[[16.35966,48.18096],[16.35987,48.18103]]}},{"type":"Feature","properties":{"boundary_score":0.0071,"activation_distance":0.03573},"geometry":{"type":"LineString","coordinates":[[16.35987,48.18103],[16.35966,48.18096]]}},{"type":"Feature","properties":{"boundary_score":0.0031,"activation_distance":0.03307},"geometry":{"type":"LineString","coordinates":[[16.3596,48.18106],[16.35982,48.18113]]}},{"type":"Feature","properties":{"boundary_score":0.0031,"activation_distance":0.03307},"geometry":{"type":"LineString","coordinates":[[16.35982,48.18113],[16.3596,48.18106]]}},{"type":"Feature","properties":{"boundary_score":0.0034,"activation_distance":0.03328},"geometry":{"type":"LineString","coordinates":[[16.36373,48.18268],[16.36351,48.1826]]}},{"type":"Feature","properties":{"boundary_score":0.0034,"activation_distance":0.03328},"geometry":{"type":"LineString","coordinates":[[16.36351,48.1826],[16.36373,48.18268]]}},{"type":"Feature","properties":{"boundary_score":0.0383,"activation_distance":0.05616},"geometry":{"type":"LineString","coordinates":[[16.36198,48.18203],[16.36177,48.18195]]}},{"type":"Feature","properties":{"boundary_score":0.0383,"activation_distance":0.05616},"geometry":{"type":"LineString","coordinates":[[16.36177,48.18195],[16.36198,48.18203]]}},{"type":"Feature","properties":{"boundary_score":0.0795,"activation_distance":0.08311},"geometry":{"type":"LineString","coordinates":[[16.29844,48.08682],[16.29842,48.08657]]}},{"type":"Feature","properties":{"boundary_score":0.0795,"activation_distance":0.08311},"geometry":{"type":"LineString","coordinates":[[16.29842,48.08657],[16.29844,48.08682]]}},{"type":"Feature","properties":{"boundary_score":0.1113,"activation_distance":0.10389},"geometry":{"type":"LineString","coordinates":[[16.35964,48.18029],[16.35937,48.18061]]}},{"type":"Feature","properties":{"boundary_score":0.1113,"activation_distance":0.10389},"geometry":{"type":"LineString","coordinates":[[16.35937,48.18061],[16.35964,48.18029]]}},{"type":"Feature","properties":{"boundary_score":0.0335,"activation_distance":0.05299},"geometry":{"type":"LineString","coordinates":[[16.33894,48.18911],[16.33877,48.18926]]}},{"type":"Feature","properties":{"boundary_score":0.0335,"activation_distance":0.05299},"geometry":{"type":"LineString","coordinates":[[16.33877,48.18926],[16.33894,48.18911]]}},{"type":"Feature","properties":{"boundary_score":0.2576,"activation_distance":0.19969},"geometry":{"type":"LineString","coordinates":[[16.40121,48.18055],[16.40143,48.18049]]}},{"type":"Feature","properties":{"boundary_score":0.2576,"activation_distance":0.19969},"geometry":{"type":"LineString","coordinates":[[16.40143,48.18049],[16.40121,48.18055]]}},{"type":"Feature","properties":{"boundary_score":0.2356,"activation_distance":0.18527},"geometry":{"type":"LineString","coordinates":[[16.41566,48.27975],[16.41558,48.27997]]}},{"type":"Feature","properties":{"boundary_score":0.2356,"activation_distance":0.18527},"geometry":{"type":"LineString","coordinates":[[16.41558,48.27997],[16.41566,48.27975]]}},{"type":"Feature","properties":{"boundary_score":0.0478,"activation_distance":0.06236},"geometry":{"type":"LineString","coordinates":[[16.32391,48.11883],[16.32372,48.11869]]}},{"type":"Feature","properties":{"boundary_score":0.0478,"activation_distance":0.06236},"geometry":{"type":"LineString","coordinates":[[16.32372,48.11869],[16.32391,48.11883]]}},{"type":"Feature","properties":{"boundary_score":0.654,"activation_distance":0.45915},"geometry":{"type":"LineString","coordinates":[[16.32238,48.09821],[16.32227,48.0984]]}},{"type":"Feature","properties":{"boundary_score":0.654,"activation_distance":0.45915},"geometry":{"type":"LineString","coordinates":[[16.32227,48.0984],[16.32238,48.09821]]}},{"type":"Feature","properties":{"boundary_score":0.3181,"activation_distance":0.23931},"geometry":{"type":"LineString","coordinates":[[16.3217,48.09963],[16.32162,48.09984]]}},{"type":"Feature","properties":{"boundary_score":0.3181,"activation_distance":0.23931},"geometry":{"type":"LineString","coordinates":[[16.32162,48.09984],[16.3217,48.09963]]}},{"type":"Feature","properties":{"boundary_score":0.0271,"activation_distance":0.04882},"geometry":{"type":"LineString","coordinates":[[16.32162,48.09984],[16.32153,48.10005]]}},{"type":"Feature","properties":{"boundary_score":0.0271,"activation_distance":0.04882},"geometry":{"type":"LineString","coordinates":[[16.32153,48.10005],[16.32162,48.09984]]}},{"type":"Feature","properties":{"boundary_score":0.0103,"activation_distance":0.03779},"geometry":{"type":"LineString","coordinates":[[16.32032,48.10621],[16.32031,48.10644]]}},{"type":"Feature","properties":{"boundary_score":0.0103,"activation_distance":0.03779},"geometry":{"type":"LineString","coordinates":[[16.32031,48.10644],[16.32032,48.10621]]}},{"type":"Feature","properties":{"boundary_score":0.0359,"activation_distance":0.05453},"geometry":{"type":"LineString","coordinates":[[16.39222,48.19334],[16.39206,48.19318]]}},{"type":"Feature","properties":{"boundary_score":0.0359,"activation_distance":0.05453},"geometry":{"type":"LineString","coordinates":[[16.39206,48.19318],[16.39222,48.19334]]}},{"type":"Feature","properties":{"boundary_score":0.0655,"activation_distance":0.07394},"geometry":{"type":"LineString","coordinates":[[16.3363,48.07823],[16.33653,48.07822]]}},{"type":"Feature","properties":{"boundary_score":0.0655,"activation_distance":0.07394},"geometry":{"type":"LineString","coordinates":[[16.33653,48.07822],[16.3363,48.07823]]}},{"type":"Feature","properties":{"boundary_score":0.1474,"activation_distance":0.12754},"geometry":{"type":"LineString","coordinates":[[16.35707,48.07853],[16.35688,48.07842]]}},{"type":"Feature","properties":{"boundary_score":0.1474,"activation_distance":0.12754},"geometry":{"type":"LineString","coordinates":[[16.35688,48.07842],[16.35707,48.07853]]}},{"type":"Feature","properties":{"boundary_score":0.0241,"activation_distance":0.0468},"geometry":{"type":"LineString","coordinates":[[16.46518,48.12847],[16.4653,48.12867]]}},{"type":"Feature","properties":{"boundary_score":0.0241,"activation_distance":0.0468},"geometry":{"type":"LineString","coordinates":[[16.4653,48.12867],[16.46518,48.12847]]}},{"type":"Feature","properties":{"boundary_score":0.0013,"activation_distance":0.03192},"geometry":{"type":"LineString","coordinates":[[16.39474,48.15633],[16.39499,48.15632]]}},{"type":"Feature","properties":{"boundary_score":0.0013,"activation_distance":0.03192},"geometry":{"type":"LineString","coordinates":[[16.39499,48.15632],[16.39474,48.15633]]}},{"type":"Feature","properties":{"boundary_score":0.0826,"activation_distance":0.08514},"geometry":{"type":"LineString","coordinates":[[16.38146,48.16194],[16.38126,48.16205]]}},{"type":"Feature","properties":{"boundary_score":0.0826,"activation_distance":0.08514},"geometry":{"type":"LineString","coordinates":[[16.38126,48.16205],[16.38146,48.16194]]}},{"type":"Feature","properties":{"boundary_score":0.0826,"activation_distance":0.08514},"geometry":{"type":"LineString","coordinates":[[16.38145,48.16182],[16.38163,48.16168]]}},{"type":"Feature","properties":{"boundary_score":0.0826,"activation_distance":0.08514},"geometry":{"type":"LineString","coordinates":[[16.38163,48.16168],[16.38145,48.16182]]}},{"type":"Feature","properties":{"boundary_score":0.0024,"activation_distance":0.03265},"geometry":{"type":"LineString","coordinates":[[16.33447,48.07828],[16.3347,48.07829]]}},{"type":"Feature","properties":{"boundary_score":0.0024,"activation_distance":0.03265},"geometry":{"type":"LineString","coordinates":[[16.3347,48.07829],[16.33447,48.07828]]}},{"type":"Feature","properties":{"boundary_score":0.2133,"activation_distance":0.1707},"geometry":{"type":"LineString","coordinates":[[16.45764,48.17188],[16.45758,48.17165]]}},{"type":"Feature","properties":{"boundary_score":0.2133,"activation_distance":0.1707},"geometry":{"type":"LineString","coordinates":[[16.45758,48.17165],[16.45764,48.17188]]}},{"type":"Feature","properties":{"boundary_score":0.0359,"activation_distance":0.05459},"geometry":{"type":"LineString","coordinates":[[16.4556,48.17168],[16.45552,48.17189]]}},{"type":"Feature","properties":{"boundary_score":0.0359,"activation_distance":0.05459},"geometry":{"type":"LineString","coordinates":[[16.45552,48.17189],[16.4556,48.17168]]}},{"type":"Feature","properties":{"boundary_score":0.0105,"activation_distance":0.03795},"geometry":{"type":"LineString","coordinates":[[16.29554,48.11593],[16.29574,48.11606]]}},{"type":"Feature","properties":{"boundary_score":0.0105,"activation_distance":0.03795},"geometry":{"type":"LineString","coordinates":[[16.29574,48.11606],[16.29554,48.11593]]}},{"type":"Feature","properties":{"boundary_score":0.0325,"activation_distance":0.05235},"geometry":{"type":"LineString","coordinates":[[16.49049,48.13387],[16.49027,48.13387]]}},{"type":"Feature","properties":{"boundary_score":0.0325,"activation_distance":0.05235},"geometry":{"type":"LineString","coordinates":[[16.49027,48.13387],[16.49049,48.13387]]}},{"type":"Feature","properties":{"boundary_score":0.0062,"activation_distance":0.03513},"geometry":{"type":"LineString","coordinates":[[16.48898,48.13469],[16.4892,48.13464]]}},{"type":"Feature","properties":{"boundary_score":0.0062,"activation_distance":0.03513},"geometry":{"type":"LineString","coordinates":[[16.4892,48.13464],[16.48898,48.13469]]}},{"type":"Feature","properties":{"boundary_score":0.0048,"activation_distance":0.0342},"geometry":{"type":"LineString","coordinates":[[16.29698,48.11574],[16.29676,48.11567]]}},{"type":"Feature","properties":{"boundary_score":0.0048,"activation_distance":0.0342},"geometry":{"type":"LineString","coordinates":[[16.29676,48.11567],[16.29698,48.11574]]}},{"type":"Feature","properties":{"boundary_score":0.0329,"activation_distance":0.05258},"geometry":{"type":"LineString","coordinates":[[16.49422,48.13477],[16.4941,48.13495]]}},{"type":"Feature","properties":{"boundary_score":0.0329,"activation_distance":0.05258},"geometry":{"type":"LineString","coordinates":[[16.4941,48.13495],[16.49422,48.13477]]}},{"type":"Feature","properties":{"boundary_score":0.0137,"activation_distance":0.04},"geometry":{"type":"LineString","coordinates":[[16.3915,48.25962],[16.39129,48.25954]]}},{"type":"Feature","properties":{"boundary_score":0.0137,"activation_distance":0.04},"geometry":{"type":"LineString","coordinates":[[16.39129,48.25954],[16.3915,48.25962]]}},{"type":"Feature","properties":{"boundary_score":0.0077,"activation_distance":0.03607},"geometry":{"type":"LineString","coordinates":[[16.3901,48.26557],[16.39001,48.26581]]}},{"type":"Feature","properties":{"boundary_score":0.0077,"activation_distance":0.03607},"geometry":{"type":"LineString","coordinates":[[16.39001,48.26581],[16.3901,48.26557]]}},{"type":"Feature","properties":{"boundary_score":0.1161,"activation_distance":0.10704},"geometry":{"type":"LineString","coordinates":[[16.31658,48.16548],[16.31665,48.16523]]}},{"type":"Feature","properties":{"boundary_score":0.1161,"activation_distance":0.10704},"geometry":{"type":"LineString","coordinates":[[16.31665,48.16523],[16.31658,48.16548]]}},{"type":"Feature","properties":{"boundary_score":0.1007,"activation_distance":0.097},"geometry":{"type":"LineString","coordinates":[[16.31668,48.16556],[16.31689,48.16574]]}},{"type":"Feature","properties":{"boundary_score":0.1007,"activation_distance":0.097},"geometry":{"type":"LineString","coordinates":[[16.31689,48.16574],[16.31668,48.16556]]}},{"type":"Feature","properties":{"boundary_score":0.1161,"activation_distance":0.10704},"geometry":{"type":"LineString","coordinates":[[16.31676,48.16529],[16.31668,48.16556]]}},{"type":"Feature","properties":{"boundary_score":0.1161,"activation_distance":0.10704},"geometry":{"type":"LineString","coordinates":[[16.31668,48.16556],[16.31676,48.16529]]}},{"type":"Feature","properties":{"boundary_score":0.0376,"activation_distance":0.05566},"geometry":{"type":"LineString","coordinates":[[16.35842,48.18165],[16.3584,48.18142]]}},{"type":"Feature","properties":{"boundary_score":0.0376,"activation_distance":0.05566},"geometry":{"type":"LineString","coordinates":[[16.3584,48.18142],[16.35842,48.18165]]}},{"type":"Feature","properties":{"boundary_score":0.04,"activation_distance":0.05722},"geometry":{"type":"LineString","coordinates":[[16.35861,48.18055],[16.35887,48.18059]]}},{"type":"Feature","properties":{"boundary_score":0.04,"activation_distance":0.05722},"geometry":{"type":"LineString","coordinates":[[16.35887,48.18059],[16.35861,48.18055]]}},{"type":"Feature","properties":{"boundary_score":0.0401,"activation_distance":0.0573},"geometry":{"type":"LineString","coordinates":[[16.36326,48.1865],[16.36307,48.18664]]}},{"type":"Feature","properties":{"boundary_score":0.0401,"activation_distance":0.0573},"geometry":{"type":"LineString","coordinates":[[16.36307,48.18664],[16.36326,48.1865]]}},{"type":"Feature","properties":{"boundary_score":0.0304,"activation_distance":0.05097},"geometry":{"type":"LineString","coordinates":[[16.37358,48.18661],[16.37362,48.18638]]}},{"type":"Feature","properties":{"boundary_score":0.0304,"activation_distance":0.05097},"geometry":{"type":"LineString","coordinates":[[16.37362,48.18638],[16.37358,48.18661]]}},{"type":"Feature","properties":{"boundary_score":0.0077,"activation_distance":0.03612},"geometry":{"type":"LineString","coordinates":[[16.37355,48.18683],[16.37351,48.18653]]}},{"type":"Feature","properties":{"boundary_score":0.0077,"activation_distance":0.03612},"geometry":{"type":"LineString","coordinates":[[16.37351,48.18653],[16.37355,48.18683]]}},{"type":"Feature","properties":{"boundary_score":0.093,"activation_distance":0.09193},"geometry":{"type":"LineString","coordinates":[[16.3643,48.18827],[16.36448,48.18812]]}},{"type":"Feature","properties":{"boundary_score":0.093,"activation_distance":0.09193},"geometry":{"type":"LineString","coordinates":[[16.36448,48.18812],[16.3643,48.18827]]}},{"type":"Feature","properties":{"boundary_score":0.0588,"activation_distance":0.06957},"geometry":{"type":"LineString","coordinates":[[16.36814,48.18771],[16.3683,48.18754]]}},{"type":"Feature","properties":{"boundary_score":0.0588,"activation_distance":0.06957},"geometry":{"type":"LineString","coordinates":[[16.3683,48.18754],[16.36814,48.18771]]}},{"type":"Feature","properties":{"boundary_score":0.0173,"activation_distance":0.04237},"geometry":{"type":"LineString","coordinates":[[16.31693,48.2136],[16.31694,48.21334]]}},{"type":"Feature","properties":{"boundary_score":0.0173,"activation_distance":0.04237},"geometry":{"type":"LineString","coordinates":[[16.31694,48.21334],[16.31693,48.2136]]}},{"type":"Feature","properties":{"boundary_score":0.2668,"activation_distance":0.2057},"geometry":{"type":"LineString","coordinates":[[16.33677,48.22834],[16.33641,48.22844]]}},{"type":"Feature","properties":{"boundary_score":0.2668,"activation_distance":0.2057},"geometry":{"type":"LineString","coordinates":[[16.33641,48.22844],[16.33677,48.22834]]}},{"type":"Feature","properties":{"boundary_score":0.2045,"activation_distance":0.16494},"geometry":{"type":"LineString","coordinates":[[16.33704,48.22921],[16.33728,48.22915]]}},{"type":"Feature","properties":{"boundary_score":0.2045,"activation_distance":0.16494},"geometry":{"type":"LineString","coordinates":[[16.33728,48.22915],[16.33704,48.22921]]}},{"type":"Feature","properties":{"boundary_score":0.035,"activation_distance":0.05396},"geometry":{"type":"LineString","coordinates":[[16.4108,48.18816],[16.41062,48.18803]]}},{"type":"Feature","properties":{"boundary_score":0.035,"activation_distance":0.05396},"geometry":{"type":"LineString","coordinates":[[16.41062,48.18803],[16.4108,48.18816]]}},{"type":"Feature","properties":{"boundary_score":0.1296,"activation_distance":0.11588},"geometry":{"type":"LineString","coordinates":[[16.41649,48.18502],[16.41625,48.18512]]}},{"type":"Feature","properties":{"boundary_score":0.1296,"activation_distance":0.11588},"geometry":{"type":"LineString","coordinates":[[16.41625,48.18512],[16.41649,48.18502]]}},{"type":"Feature","properties":{"boundary_score":0.0024,"activation_distance":0.03264},"geometry":{"type":"LineString","coordinates":[[16.34953,48.18076],[16.34967,48.18095]]}},{"type":"Feature","properties":{"boundary_score":0.0024,"activation_distance":0.03264},"geometry":{"type":"LineString","coordinates":[[16.34967,48.18095],[16.34953,48.18076]]}},{"type":"Feature","properties":{"boundary_score":0.0048,"activation_distance":0.0342},"geometry":{"type":"LineString","coordinates":[[16.35271,48.18284],[16.35244,48.18275]]}},{"type":"Feature","properties":{"boundary_score":0.0048,"activation_distance":0.0342},"geometry":{"type":"LineString","coordinates":[[16.35244,48.18275],[16.35271,48.18284]]}},{"type":"Feature","properties":{"boundary_score":0.1311,"activation_distance":0.11689},"geometry":{"type":"LineString","coordinates":[[16.3479,48.18205],[16.34775,48.18222]]}},{"type":"Feature","properties":{"boundary_score":0.1311,"activation_distance":0.11689},"geometry":{"type":"LineString","coordinates":[[16.34775,48.18222],[16.3479,48.18205]]}},{"type":"Feature","properties":{"boundary_score":0.1235,"activation_distance":0.11189},"geometry":{"type":"LineString","coordinates":[[16.3487,48.18117],[16.34854,48.18135]]}},{"type":"Feature","properties":{"boundary_score":0.1235,"activation_distance":0.11189},"geometry":{"type":"LineString","coordinates":[[16.34854,48.18135],[16.3487,48.18117]]}},{"type":"Feature","properties":{"boundary_score":0.0024,"activation_distance":0.03264},"geometry":{"type":"LineString","coordinates":[[16.34975,48.18068],[16.34953,48.18076]]}},{"type":"Feature","properties":{"boundary_score":0.0024,"activation_distance":0.03264},"geometry":{"type":"LineString","coordinates":[[16.34953,48.18076],[16.34975,48.18068]]}},{"type":"Feature","properties":{"boundary_score":0.1919,"activation_distance":0.15668},"geometry":{"type":"LineString","coordinates":[[16.39642,48.2652],[16.39651,48.26541]]}},{"type":"Feature","properties":{"boundary_score":0.1919,"activation_distance":0.15668},"geometry":{"type":"LineString","coordinates":[[16.39651,48.26541],[16.39642,48.2652]]}},{"type":"Feature","properties":{"boundary_score":0.1013,"activation_distance":0.09733},"geometry":{"type":"LineString","coordinates":[[16.39625,48.26524],[16.39635,48.26545]]}},{"type":"Feature","properties":{"boundary_score":0.1013,"activation_distance":0.09733},"geometry":{"type":"LineString","coordinates":[[16.39635,48.26545],[16.39625,48.26524]]}},{"type":"Feature","properties":{"boundary_score":0.072,"activation_distance":0.07817},"geometry":{"type":"LineString","coordinates":[[16.3979,48.26905],[16.39798,48.26926]]}},{"type":"Feature","properties":{"boundary_score":0.072,"activation_distance":0.07817},"geometry":{"type":"LineString","coordinates":[[16.39798,48.26926],[16.3979,48.26905]]}},{"type":"Feature","properties":{"boundary_score":0.0598,"activation_distance":0.07021},"geometry":{"type":"LineString","coordinates":[[16.33546,48.19738],[16.33569,48.19745]]}},{"type":"Feature","properties":{"boundary_score":0.0598,"activation_distance":0.07021},"geometry":{"type":"LineString","coordinates":[[16.33569,48.19745],[16.33546,48.19738]]}},{"type":"Feature","properties":{"boundary_score":0.0967,"activation_distance":0.09433},"geometry":{"type":"LineString","coordinates":[[16.33578,48.1976],[16.33552,48.19754]]}},{"type":"Feature","properties":{"boundary_score":0.0967,"activation_distance":0.09433},"geometry":{"type":"LineString","coordinates":[[16.33552,48.19754],[16.33578,48.1976]]}},{"type":"Feature","properties":{"boundary_score":1.0,"activation_distance":0.68563},"geometry":{"type":"LineString","coordinates":[[16.45308,48.22873],[16.45288,48.22852]]}},{"type":"Feature","properties":{"boundary_score":1.0,"activation_distance":0.68563},"geometry":{"type":"LineString","coordinates":[[16.45288,48.22852],[16.45308,48.22873]]}},{"type":"Feature","properties":{"boundary_score":0.0184,"activation_distance":0.04312},"geometry":{"type":"LineString","coordinates":[[16.29853,48.11608],[16.29876,48.11609]]}},{"type":"Feature","properties":{"boundary_score":0.0184,"activation_distance":0.04312},"geometry":{"type":"LineString","coordinates":[[16.29876,48.11609],[16.29853,48.11608]]}},{"type":"Feature","properties":{"boundary_score":0.0281,"activation_distance":0.04945},"geometry":{"type":"LineString","coordinates":[[16.38248,48.25989],[16.38262,48.25971]]}},{"type":"Feature","properties":{"boundary_score":0.0281,"activation_distance":0.04945},"geometry":{"type":"LineString","coordinates":[[16.38262,48.25971],[16.38248,48.25989]]}},{"type":"Feature","properties":{"boundary_score":0.003,"activation_distance":0.03301},"geometry":{"type":"LineString","coordinates":[[16.43772,48.24392],[16.43788,48.24409]]}},{"type":"Feature","properties":{"boundary_score":0.003,"activation_distance":0.03301},"geometry":{"type":"LineString","coordinates":[[16.43788,48.24409],[16.43772,48.24392]]}},{"type":"Feature","properties":{"boundary_score":0.1061,"activation_distance":0.10053},"geometry":{"type":"LineString","coordinates":[[16.47587,48.21789],[16.4761,48.21785]]}},{"type":"Feature","properties":{"boundary_score":0.1061,"activation_distance":0.10053},"geometry":{"type":"LineString","coordinates":[[16.4761,48.21785],[16.47587,48.21789]]}},{"type":"Feature","properties":{"boundary_score":0.0262,"activation_distance":0.04823},"geometry":{"type":"LineString","coordinates":[[16.46767,48.21395],[16.46781,48.21421]]}},{"type":"Feature","properties":{"boundary_score":0.0262,"activation_distance":0.04823},"geometry":{"type":"LineString","coordinates":[[16.46781,48.21421],[16.46767,48.21395]]}},{"type":"Feature","properties":{"boundary_score":0.0339,"activation_distance":0.05323},"geometry":{"type":"LineString","coordinates":[[16.44668,48.20707],[16.44647,48.20721]]}},{"type":"Feature","properties":{"boundary_score":0.0339,"activation_distance":0.05323},"geometry":{"type":"LineString","coordinates":[[16.44647,48.20721],[16.44668,48.20707]]}},{"type":"Feature","properties":{"boundary_score":0.0611,"activation_distance":0.07103},"geometry":{"type":"LineString","coordinates":[[16.44198,48.21081],[16.44217,48.21068]]}},{"type":"Feature","properties":{"boundary_score":0.0611,"activation_distance":0.07103},"geometry":{"type":"LineString","coordinates":[[16.44217,48.21068],[16.44198,48.21081]]}},{"type":"Feature","properties":{"boundary_score":0.0339,"activation_distance":0.05323},"geometry":{"type":"LineString","coordinates":[[16.44644,48.20711],[16.44664,48.20699]]}},{"type":"Feature","properties":{"boundary_score":0.0339,"activation_distance":0.05323},"geometry":{"type":"LineString","coordinates":[[16.44664,48.20699],[16.44644,48.20711]]}},{"type":"Feature","properties":{"boundary_score":0.064,"activation_distance":0.07297},"geometry":{"type":"LineString","coordinates":[[16.44628,48.21629],[16.44638,48.21649]]}},{"type":"Feature","properties":{"boundary_score":0.064,"activation_distance":0.07297},"geometry":{"type":"LineString","coordinates":[[16.44638,48.21649],[16.44628,48.21629]]}},{"type":"Feature","properties":{"boundary_score":0.416,"activation_distance":0.30333},"geometry":{"type":"LineString","coordinates":[[16.44762,48.21779],[16.44738,48.2178]]}},{"type":"Feature","properties":{"boundary_score":0.416,"activation_distance":0.30333},"geometry":{"type":"LineString","coordinates":[[16.44738,48.2178],[16.44762,48.21779]]}},{"type":"Feature","properties":{"boundary_score":0.3742,"activation_distance":0.27601},"geometry":{"type":"LineString","coordinates":[[16.44739,48.21774],[16.44765,48.21774]]}},{"type":"Feature","properties":{"boundary_score":0.3742,"activation_distance":0.27601},"geometry":{"type":"LineString","coordinates":[[16.44765,48.21774],[16.44739,48.21774]]}},{"type":"Feature","properties":{"boundary_score":0.0003,"activation_distance":0.03124},"geometry":{"type":"LineString","coordinates":[[16.50697,48.25108],[16.50674,48.25109]]}},{"type":"Feature","properties":{"boundary_score":0.0003,"activation_distance":0.03124},"geometry":{"type":"LineString","coordinates":[[16.50674,48.25109],[16.50697,48.25108]]}},{"type":"Feature","properties":{"boundary_score":0.1733,"activation_distance":0.14452},"geometry":{"type":"LineString","coordinates":[[16.31959,48.20617],[16.31984,48.20614]]}},{"type":"Feature","properties":{"boundary_score":0.1733,"activation_distance":0.14452},"geometry":{"type":"LineString","coordinates":[[16.31984,48.20614],[16.31959,48.20617]]}},{"type":"Feature","properties":{"boundary_score":0.0054,"activation_distance":0.03457},"geometry":{"type":"LineString","coordinates":[[16.3212,48.20853],[16.32129,48.20879]]}},{"type":"Feature","properties":{"boundary_score":0.0054,"activation_distance":0.03457},"geometry":{"type":"LineString","coordinates":[[16.32129,48.20879],[16.3212,48.20853]]}},{"type":"Feature","properties":{"boundary_score":0.1073,"activation_distance":0.10132},"geometry":{"type":"LineString","coordinates":[[16.32129,48.20879],[16.32137,48.20904]]}},{"type":"Feature","properties":{"boundary_score":0.1073,"activation_distance":0.10132},"geometry":{"type":"LineString","coordinates":[[16.32137,48.20904],[16.32129,48.20879]]}},{"type":"Feature","properties":{"boundary_score":0.0043,"activation_distance":0.0339},"geometry":{"type":"LineString","coordinates":[[16.37102,48.21001],[16.37126,48.2099]]}},{"type":"Feature","properties":{"boundary_score":0.0043,"activation_distance":0.0339},"geometry":{"type":"LineString","coordinates":[[16.37126,48.2099],[16.37102,48.21001]]}},{"type":"Feature","properties":{"boundary_score":0.0183,"activation_distance":0.04301},"geometry":{"type":"LineString","coordinates":[[16.33892,48.21061],[16.33915,48.21053]]}},{"type":"Feature","properties":{"boundary_score":0.0183,"activation_distance":0.04301},"geometry":{"type":"LineString","coordinates":[[16.33915,48.21053],[16.33892,48.21061]]}},{"type":"Feature","properties":{"boundary_score":0.0371,"activation_distance":0.05534},"geometry":{"type":"LineString","coordinates":[[16.32731,48.2114],[16.32756,48.21137]]}},{"type":"Feature","properties":{"boundary_score":0.0371,"activation_distance":0.05534},"geometry":{"type":"LineString","coordinates":[[16.32756,48.21137],[16.32731,48.2114]]}},{"type":"Feature","properties":{"boundary_score":0.0184,"activation_distance":0.04308},"geometry":{"type":"LineString","coordinates":[[16.32731,48.2114],[16.32736,48.21167]]}},{"type":"Feature","properties":{"boundary_score":0.0184,"activation_distance":0.04308},"geometry":{"type":"LineString","coordinates":[[16.32736,48.21167],[16.32731,48.2114]]}},{"type":"Feature","properties":{"boundary_score":0.0185,"activation_distance":0.04319},"geometry":{"type":"LineString","coordinates":[[16.32728,48.21116],[16.32731,48.2114]]}},{"type":"Feature","properties":{"boundary_score":0.0185,"activation_distance":0.04319},"geometry":{"type":"LineString","coordinates":[[16.32731,48.2114],[16.32728,48.21116]]}},{"type":"Feature","properties":{"boundary_score":0.0085,"activation_distance":0.0366},"geometry":{"type":"LineString","coordinates":[[16.34043,48.21749],[16.34054,48.21772]]}},{"type":"Feature","properties":{"boundary_score":0.0085,"activation_distance":0.0366},"geometry":{"type":"LineString","coordinates":[[16.34054,48.21772],[16.34043,48.21749]]}},{"type":"Feature","properties":{"boundary_score":0.1143,"activation_distance":0.10591},"geometry":{"type":"LineString","coordinates":[[16.34182,48.2149],[16.34191,48.21515]]}},{"type":"Feature","properties":{"boundary_score":0.1143,"activation_distance":0.10591},"geometry":{"type":"LineString","coordinates":[[16.34191,48.21515],[16.34182,48.2149]]}},{"type":"Feature","properties":{"boundary_score":0.0425,"activation_distance":0.05889},"geometry":{"type":"LineString","coordinates":[[16.35122,48.21694],[16.35119,48.21672]]}},{"type":"Feature","properties":{"boundary_score":0.0425,"activation_distance":0.05889},"geometry":{"type":"LineString","coordinates":[[16.35119,48.21672],[16.35122,48.21694]]}},{"type":"Feature","properties":{"boundary_score":0.044,"activation_distance":0.05986},"geometry":{"type":"LineString","coordinates":[[16.36868,48.20556],[16.36849,48.2054]]}},{"type":"Feature","properties":{"boundary_score":0.044,"activation_distance":0.05986},"geometry":{"type":"LineString","coordinates":[[16.36849,48.2054],[16.36868,48.20556]]}},{"type":"Feature","properties":{"boundary_score":0.0687,"activation_distance":0.07602},"geometry":{"type":"LineString","coordinates":[[16.36951,48.2049],[16.36964,48.2051]]}},{"type":"Feature","properties":{"boundary_score":0.0687,"activation_distance":0.07602},"geometry":{"type":"LineString","coordinates":[[16.36964,48.2051],[16.36951,48.2049]]}},{"type":"Feature","properties":{"boundary_score":0.0145,"activation_distance":0.04053},"geometry":{"type":"LineString","coordinates":[[16.35342,48.21211],[16.35349,48.21187]]}},{"type":"Feature","properties":{"boundary_score":0.0145,"activation_distance":0.04053},"geometry":{"type":"LineString","coordinates":[[16.35349,48.21187],[16.35342,48.21211]]}},{"type":"Feature","properties":{"boundary_score":0.1711,"activation_distance":0.14304},"geometry":{"type":"LineString","coordinates":[[16.35663,48.20754],[16.35689,48.20751]]}},{"type":"Feature","properties":{"boundary_score":0.1711,"activation_distance":0.14304},"geometry":{"type":"LineString","coordinates":[[16.35689,48.20751],[16.35663,48.20754]]}},{"type":"Feature","properties":{"boundary_score":0.0097,"activation_distance":0.0374},"geometry":{"type":"LineString","coordinates":[[16.35704,48.20737],[16.35682,48.2073]]}},{"type":"Feature","properties":{"boundary_score":0.0097,"activation_distance":0.0374},"geometry":{"type":"LineString","coordinates":[[16.35682,48.2073],[16.35704,48.20737]]}},{"type":"Feature","properties":{"boundary_score":0.0733,"activation_distance":0.079},"geometry":{"type":"LineString","coordinates":[[16.35617,48.20711],[16.35595,48.20703]]}},{"type":"Feature","properties":{"boundary_score":0.0733,"activation_distance":0.079},"geometry":{"type":"LineString","coordinates":[[16.35595,48.20703],[16.35617,48.20711]]}},{"type":"Feature","properties":{"boundary_score":0.0367,"activation_distance":0.05508},"geometry":{"type":"LineString","coordinates":[[16.35698,48.20717],[16.35722,48.20715]]}},{"type":"Feature","properties":{"boundary_score":0.0367,"activation_distance":0.05508},"geometry":{"type":"LineString","coordinates":[[16.35722,48.20715],[16.35698,48.20717]]}},{"type":"Feature","properties":{"boundary_score":0.1631,"activation_distance":0.13784},"geometry":{"type":"LineString","coordinates":[[16.35178,48.20528],[16.35153,48.20528]]}},{"type":"Feature","properties":{"boundary_score":0.1631,"activation_distance":0.13784},"geometry":{"type":"LineString","coordinates":[[16.35153,48.20528],[16.35178,48.20528]]}},{"type":"Feature","properties":{"boundary_score":0.0008,"activation_distance":0.03157},"geometry":{"type":"LineString","coordinates":[[16.36383,48.21051],[16.36365,48.21044]]}},{"type":"Feature","properties":{"boundary_score":0.0008,"activation_distance":0.03157},"geometry":{"type":"LineString","coordinates":[[16.36365,48.21044],[16.36383,48.21051]]}},{"type":"Feature","properties":{"boundary_score":0.0713,"activation_distance":0.07772},"geometry":{"type":"LineString","coordinates":[[16.32808,48.20233],[16.32832,48.20233]]}},{"type":"Feature","properties":{"boundary_score":0.0713,"activation_distance":0.07772},"geometry":{"type":"LineString","coordinates":[[16.32832,48.20233],[16.32808,48.20233]]}},{"type":"Feature","properties":{"boundary_score":0.0958,"activation_distance":0.09379},"geometry":{"type":"LineString","coordinates":[[16.31958,48.2192],[16.31967,48.21946]]}},{"type":"Feature","properties":{"boundary_score":0.0958,"activation_distance":0.09379},"geometry":{"type":"LineString","coordinates":[[16.31967,48.21946],[16.31958,48.2192]]}},{"type":"Feature","properties":{"boundary_score":0.0014,"activation_distance":0.03195},"geometry":{"type":"LineString","coordinates":[[16.32061,48.21203],[16.32062,48.21178]]}},{"type":"Feature","properties":{"boundary_score":0.0014,"activation_distance":0.03195},"geometry":{"type":"LineString","coordinates":[[16.32062,48.21178],[16.32061,48.21203]]}},{"type":"Feature","properties":{"boundary_score":0.1116,"activation_distance":0.1041},"geometry":{"type":"LineString","coordinates":[[16.37538,48.23255],[16.37567,48.23262]]}},{"type":"Feature","properties":{"boundary_score":0.1116,"activation_distance":0.1041},"geometry":{"type":"LineString","coordinates":[[16.37567,48.23262],[16.37538,48.23255]]}},{"type":"Feature","properties":{"boundary_score":0.0237,"activation_distance":0.04654},"geometry":{"type":"LineString","coordinates":[[16.37233,48.22857],[16.37222,48.22835]]}},{"type":"Feature","properties":{"boundary_score":0.0237,"activation_distance":0.04654},"geometry":{"type":"LineString","coordinates":[[16.37222,48.22835],[16.37233,48.22857]]}},{"type":"Feature","properties":{"boundary_score":0.0527,"activation_distance":0.06554},"geometry":{"type":"LineString","coordinates":[[16.28603,48.18182],[16.2862,48.18198]]}},{"type":"Feature","properties":{"boundary_score":0.0527,"activation_distance":0.06554},"geometry":{"type":"LineString","coordinates":[[16.2862,48.18198],[16.28603,48.18182]]}},{"type":"Feature","properties":{"boundary_score":0.1062,"activation_distance":0.1006},"geometry":{"type":"LineString","coordinates":[[16.26551,48.18424],[16.26528,48.18441]]}},{"type":"Feature","properties":{"boundary_score":0.1062,"activation_distance":0.1006},"geometry":{"type":"LineString","coordinates":[[16.26528,48.18441],[16.26551,48.18424]]}},{"type":"Feature","properties":{"boundary_score":0.0016,"activation_distance":0.0321},"geometry":{"type":"LineString","coordinates":[[16.27123,48.17667],[16.27121,48.1769]]}},{"type":"Feature","properties":{"boundary_score":0.0016,"activation_distance":0.0321},"geometry":{"type":"LineString","coordinates":[[16.27121,48.1769],[16.27123,48.17667]]}},{"type":"Feature","properties":{"boundary_score":0.0096,"activation_distance":0.03731},"geometry":{"type":"LineString","coordinates":[[16.26462,48.17677],[16.26487,48.17682]]}},{"type":"Feature","properties":{"boundary_score":0.0096,"activation_distance":0.03731},"geometry":{"type":"LineString","coordinates":[[16.26487,48.17682],[16.26462,48.17677]]}},{"type":"Feature","properties":{"boundary_score":0.0096,"activation_distance":0.03731},"geometry":{"type":"LineString","coordinates":[[16.26478,48.17702],[16.26453,48.17697]]}},{"type":"Feature","properties":{"boundary_score":0.0096,"activation_distance":0.03731},"geometry":{"type":"LineString","coordinates":[[16.26453,48.17697],[16.26478,48.17702]]}},{"type":"Feature","properties":{"boundary_score":0.0016,"activation_distance":0.0321},"geometry":{"type":"LineString","coordinates":[[16.27123,48.17667],[16.27125,48.17644]]}},{"type":"Feature","properties":{"boundary_score":0.0016,"activation_distance":0.0321},"geometry":{"type":"LineString","coordinates":[[16.27125,48.17644],[16.27123,48.17667]]}},{"type":"Feature","properties":{"boundary_score":0.0296,"activation_distance":0.05041},"geometry":{"type":"LineString","coordinates":[[16.35173,48.22901],[16.35148,48.22904]]}},{"type":"Feature","properties":{"boundary_score":0.0296,"activation_distance":0.05041},"geometry":{"type":"LineString","coordinates":[[16.35148,48.22904],[16.35173,48.22901]]}},{"type":"Feature","properties":{"boundary_score":0.1453,"activation_distance":0.12618},"geometry":{"type":"LineString","coordinates":[[16.36011,48.22762],[16.36006,48.22784]]}},{"type":"Feature","properties":{"boundary_score":0.1453,"activation_distance":0.12618},"geometry":{"type":"LineString","coordinates":[[16.36006,48.22784],[16.36011,48.22762]]}},{"type":"Feature","properties":{"boundary_score":0.1688,"activation_distance":0.14155},"geometry":{"type":"LineString","coordinates":[[16.35197,48.23016],[16.35192,48.22992]]}},{"type":"Feature","properties":{"boundary_score":0.1688,"activation_distance":0.14155},"geometry":{"type":"LineString","coordinates":[[16.35192,48.22992],[16.35197,48.23016]]}},{"type":"Feature","properties":{"boundary_score":0.2184,"activation_distance":0.17401},"geometry":{"type":"LineString","coordinates":[[16.36719,48.221],[16.36743,48.22102]]}},{"type":"Feature","properties":{"boundary_score":0.2184,"activation_distance":0.17401},"geometry":{"type":"LineString","coordinates":[[16.36743,48.22102],[16.36719,48.221]]}},{"type":"Feature","properties":{"boundary_score":0.0161,"activation_distance":0.04158},"geometry":{"type":"LineString","coordinates":[[16.3624,48.21415],[16.36217,48.21438]]}},{"type":"Feature","properties":{"boundary_score":0.0161,"activation_distance":0.04158},"geometry":{"type":"LineString","coordinates":[[16.36217,48.21438],[16.3624,48.21415]]}},{"type":"Feature","properties":{"boundary_score":0.0904,"activation_distance":0.0902},"geometry":{"type":"LineString","coordinates":[[16.36266,48.2138],[16.3625,48.21397]]}},{"type":"Feature","properties":{"boundary_score":0.0904,"activation_distance":0.0902},"geometry":{"type":"LineString","coordinates":[[16.3625,48.21397],[16.36266,48.2138]]}},{"type":"Feature","properties":{"boundary_score":0.0044,"activation_distance":0.03395},"geometry":{"type":"LineString","coordinates":[[16.37073,48.21685],[16.37053,48.21674]]}},{"type":"Feature","properties":{"boundary_score":0.0044,"activation_distance":0.03395},"geometry":{"type":"LineString","coordinates":[[16.37053,48.21674],[16.37073,48.21685]]}},{"type":"Feature","properties":{"boundary_score":0.2435,"activation_distance":0.19043},"geometry":{"type":"LineString","coordinates":[[16.35735,48.21916],[16.35713,48.21907]]}},{"type":"Feature","properties":{"boundary_score":0.2435,"activation_distance":0.19043},"geometry":{"type":"LineString","coordinates":[[16.35713,48.21907],[16.35735,48.21916]]}},{"type":"Feature","properties":{"boundary_score":0.1374,"activation_distance":0.12096},"geometry":{"type":"LineString","coordinates":[[16.34549,48.22381],[16.34572,48.22347]]}},{"type":"Feature","properties":{"boundary_score":0.1374,"activation_distance":0.12096},"geometry":{"type":"LineString","coordinates":[[16.34572,48.22347],[16.34549,48.22381]]}},{"type":"Feature","properties":{"boundary_score":0.1201,"activation_distance":0.10968},"geometry":{"type":"LineString","coordinates":[[16.3397,48.22535],[16.33946,48.22539]]}},{"type":"Feature","properties":{"boundary_score":0.1201,"activation_distance":0.10968},"geometry":{"type":"LineString","coordinates":[[16.33946,48.22539],[16.3397,48.22535]]}},{"type":"Feature","properties":{"boundary_score":0.0775,"activation_distance":0.0818},"geometry":{"type":"LineString","coordinates":[[16.3385,48.22629],[16.33858,48.22654]]}},{"type":"Feature","properties":{"boundary_score":0.0775,"activation_distance":0.0818},"geometry":{"type":"LineString","coordinates":[[16.33858,48.22654],[16.3385,48.22629]]}},{"type":"Feature","properties":{"boundary_score":0.0672,"activation_distance":0.07507},"geometry":{"type":"LineString","coordinates":[[16.33952,48.22578],[16.33973,48.2259]]}},{"type":"Feature","properties":{"boundary_score":0.0672,"activation_distance":0.07507},"geometry":{"type":"LineString","coordinates":[[16.33973,48.2259],[16.33952,48.22578]]}},{"type":"Feature","properties":{"boundary_score":0.1344,"activation_distance":0.11904},"geometry":{"type":"LineString","coordinates":[[16.34019,48.22527],[16.34023,48.22551]]}},{"type":"Feature","properties":{"boundary_score":0.1344,"activation_distance":0.11904},"geometry":{"type":"LineString","coordinates":[[16.34023,48.22551],[16.34019,48.22527]]}},{"type":"Feature","properties":{"boundary_score":0.0576,"activation_distance":0.06876},"geometry":{"type":"LineString","coordinates":[[16.33157,48.22722],[16.33135,48.22729]]}},{"type":"Feature","properties":{"boundary_score":0.0576,"activation_distance":0.06876},"geometry":{"type":"LineString","coordinates":[[16.33135,48.22729],[16.33157,48.22722]]}},{"type":"Feature","properties":{"boundary_score":0.0491,"activation_distance":0.06322},"geometry":{"type":"LineString","coordinates":[[16.43351,48.20287],[16.43371,48.20299]]}},{"type":"Feature","properties":{"boundary_score":0.0491,"activation_distance":0.06322},"geometry":{"type":"LineString","coordinates":[[16.43371,48.20299],[16.43351,48.20287]]}},{"type":"Feature","properties":{"boundary_score":0.1814,"activation_distance":0.14981},"geometry":{"type":"LineString","coordinates":[[16.45065,48.19376],[16.45083,48.19389]]}},{"type":"Feature","properties":{"boundary_score":0.1814,"activation_distance":0.14981},"geometry":{"type":"LineString","coordinates":[[16.45083,48.19389],[16.45065,48.19376]]}},{"type":"Feature","properties":{"boundary_score":0.0131,"activation_distance":0.03963},"geometry":{"type":"LineString","coordinates":[[16.45094,48.19362],[16.45075,48.19375]]}},{"type":"Feature","properties":{"boundary_score":0.0131,"activation_distance":0.03963},"geometry":{"type":"LineString","coordinates":[[16.45075,48.19375],[16.45094,48.19362]]}},{"type":"Feature","properties":{"boundary_score":0.0101,"activation_distance":0.03765},"geometry":{"type":"LineString","coordinates":[[16.45075,48.19375],[16.45056,48.19389]]}},{"type":"Feature","properties":{"boundary_score":0.0101,"activation_distance":0.03765},"geometry":{"type":"LineString","coordinates":[[16.45056,48.19389],[16.45075,48.19375]]}},{"type":"Feature","properties":{"boundary_score":0.0413,"activation_distance":0.05807},"geometry":{"type":"LineString","coordinates":[[16.45056,48.19389],[16.45037,48.19402]]}},{"type":"Feature","properties":{"boundary_score":0.0413,"activation_distance":0.05807},"geometry":{"type":"LineString","coordinates":[[16.45037,48.19402],[16.45056,48.19389]]}},{"type":"Feature","properties":{"boundary_score":0.0858,"activation_distance":0.08723},"geometry":{"type":"LineString","coordinates":[[16.38424,48.22582],[16.38395,48.22571]]}},{"type":"Feature","properties":{"boundary_score":0.0858,"activation_distance":0.08723},"geometry":{"type":"LineString","coordinates":[[16.38395,48.22571],[16.38424,48.22582]]}},{"type":"Feature","properties":{"boundary_score":0.0165,"activation_distance":0.04184},"geometry":{"type":"LineString","coordinates":[[16.47266,48.16437],[16.47266,48.16413]]}},{"type":"Feature","properties":{"boundary_score":0.0165,"activation_distance":0.04184},"geometry":{"type":"LineString","coordinates":[[16.47266,48.16413],[16.47266,48.16437]]}},{"type":"Feature","properties":{"boundary_score":0.0604,"activation_distance":0.07059},"geometry":{"type":"LineString","coordinates":[[16.47266,48.16413],[16.47276,48.16391]]}},{"type":"Feature","properties":{"boundary_score":0.0604,"activation_distance":0.07059},"geometry":{"type":"LineString","coordinates":[[16.47276,48.16391],[16.47266,48.16413]]}},{"type":"Feature","properties":{"boundary_score":0.03,"activation_distance":0.0507},"geometry":{"type":"LineString","coordinates":[[16.47372,48.16419],[16.47353,48.164]]}},{"type":"Feature","properties":{"boundary_score":0.03,"activation_distance":0.0507},"geometry":{"type":"LineString","coordinates":[[16.47353,48.164],[16.47372,48.16419]]}},{"type":"Feature","properties":{"boundary_score":0.0228,"activation_distance":0.04601},"geometry":{"type":"LineString","coordinates":[[16.46354,48.14015],[16.46357,48.13992]]}},{"type":"Feature","properties":{"boundary_score":0.0228,"activation_distance":0.04601},"geometry":{"type":"LineString","coordinates":[[16.46357,48.13992],[16.46354,48.14015]]}},{"type":"Feature","properties":{"boundary_score":0.0283,"activation_distance":0.04955},"geometry":{"type":"LineString","coordinates":[[16.46439,48.13914],[16.46415,48.13919]]}},{"type":"Feature","properties":{"boundary_score":0.0283,"activation_distance":0.04955},"geometry":{"type":"LineString","coordinates":[[16.46415,48.13919],[16.46439,48.13914]]}},{"type":"Feature","properties":{"boundary_score":0.1079,"activation_distance":0.1017},"geometry":{"type":"LineString","coordinates":[[16.36686,48.19996],[16.36709,48.1999]]}},{"type":"Feature","properties":{"boundary_score":0.1079,"activation_distance":0.1017},"geometry":{"type":"LineString","coordinates":[[16.36709,48.1999],[16.36686,48.19996]]}},{"type":"Feature","properties":{"boundary_score":0.0134,"activation_distance":0.03983},"geometry":{"type":"LineString","coordinates":[[16.3738,48.18654],[16.37377,48.18685]]}},{"type":"Feature","properties":{"boundary_score":0.0134,"activation_distance":0.03983},"geometry":{"type":"LineString","coordinates":[[16.37377,48.18685],[16.3738,48.18654]]}},{"type":"Feature","properties":{"boundary_score":0.2439,"activation_distance":0.19069},"geometry":{"type":"LineString","coordinates":[[16.32434,48.23147],[16.32426,48.23125]]}},{"type":"Feature","properties":{"boundary_score":0.2439,"activation_distance":0.19069},"geometry":{"type":"LineString","coordinates":[[16.32426,48.23125],[16.32434,48.23147]]}},{"type":"Feature","properties":{"boundary_score":0.0457,"activation_distance":0.06097},"geometry":{"type":"LineString","coordinates":[[16.34423,48.05621],[16.34446,48.05622]]}},{"type":"Feature","properties":{"boundary_score":0.0457,"activation_distance":0.06097},"geometry":{"type":"LineString","coordinates":[[16.34446,48.05622],[16.34423,48.05621]]}},{"type":"Feature","properties":{"boundary_score":0.0533,"activation_distance":0.06598},"geometry":{"type":"LineString","coordinates":[[16.4258,48.09063],[16.42551,48.09062]]}},{"type":"Feature","properties":{"boundary_score":0.0533,"activation_distance":0.06598},"geometry":{"type":"LineString","coordinates":[[16.42551,48.09062],[16.4258,48.09063]]}},{"type":"Feature","properties":{"boundary_score":0.058,"activation_distance":0.06903},"geometry":{"type":"LineString","coordinates":[[16.40881,48.12214],[16.40858,48.12212]]}},{"type":"Feature","properties":{"boundary_score":0.058,"activation_distance":0.06903},"geometry":{"type":"LineString","coordinates":[[16.40858,48.12212],[16.40881,48.12214]]}},{"type":"Feature","properties":{"boundary_score":0.0011,"activation_distance":0.03176},"geometry":{"type":"LineString","coordinates":[[16.47643,48.16924],[16.476,48.16917]]}},{"type":"Feature","properties":{"boundary_score":0.0011,"activation_distance":0.03176},"geometry":{"type":"LineString","coordinates":[[16.476,48.16917],[16.47643,48.16924]]}},{"type":"Feature","properties":{"boundary_score":0.1071,"activation_distance":0.10116},"geometry":{"type":"LineString","coordinates":[[16.33146,48.08004],[16.33132,48.07981]]}},{"type":"Feature","properties":{"boundary_score":0.1071,"activation_distance":0.10116},"geometry":{"type":"LineString","coordinates":[[16.33132,48.07981],[16.33146,48.08004]]}},{"type":"Feature","properties":{"boundary_score":0.3618,"activation_distance":0.26789},"geometry":{"type":"LineString","coordinates":[[16.32817,48.12122],[16.32813,48.12144]]}},{"type":"Feature","properties":{"boundary_score":0.3618,"activation_distance":0.26789},"geometry":{"type":"LineString","coordinates":[[16.32813,48.12144],[16.32817,48.12122]]}},{"type":"Feature","properties":{"boundary_score":0.0258,"activation_distance":0.04793},"geometry":{"type":"LineString","coordinates":[[16.32545,48.11906],[16.32568,48.11908]]}},{"type":"Feature","properties":{"boundary_score":0.0258,"activation_distance":0.04793},"geometry":{"type":"LineString","coordinates":[[16.32568,48.11908],[16.32545,48.11906]]}},{"type":"Feature","properties":{"boundary_score":0.0257,"activation_distance":0.04785},"geometry":{"type":"LineString","coordinates":[[16.30287,48.09042],[16.30308,48.09032]]}},{"type":"Feature","properties":{"boundary_score":0.0257,"activation_distance":0.04785},"geometry":{"type":"LineString","coordinates":[[16.30308,48.09032],[16.30287,48.09042]]}},{"type":"Feature","properties":{"boundary_score":0.3504,"activation_distance":0.2604},"geometry":{"type":"LineString","coordinates":[[16.24407,48.09801],[16.24435,48.09795]]}},{"type":"Feature","properties":{"boundary_score":0.3504,"activation_distance":0.2604},"geometry":{"type":"LineString","coordinates":[[16.24435,48.09795],[16.24407,48.09801]]}},{"type":"Feature","properties":{"boundary_score":0.1352,"activation_distance":0.11957},"geometry":{"type":"LineString","coordinates":[[16.34579,48.18677],[16.34599,48.18667]]}},{"type":"Feature","properties":{"boundary_score":0.1352,"activation_distance":0.11957},"geometry":{"type":"LineString","coordinates":[[16.34599,48.18667],[16.34579,48.18677]]}},{"type":"Feature","properties":{"boundary_score":0.0255,"activation_distance":0.04772},"geometry":{"type":"LineString","coordinates":[[16.34038,48.18878],[16.34034,48.18903]]}},{"type":"Feature","properties":{"boundary_score":0.0255,"activation_distance":0.04772},"geometry":{"type":"LineString","coordinates":[[16.34034,48.18903],[16.34038,48.18878]]}},{"type":"Feature","properties":{"boundary_score":0.0027,"activation_distance":0.03282},"geometry":{"type":"LineString","coordinates":[[16.34034,48.18903],[16.34031,48.18928]]}},{"type":"Feature","properties":{"boundary_score":0.0027,"activation_distance":0.03282},"geometry":{"type":"LineString","coordinates":[[16.34031,48.18928],[16.34034,48.18903]]}},{"type":"Feature","properties":{"boundary_score":0.0264,"activation_distance":0.04831},"geometry":{"type":"LineString","coordinates":[[16.34123,48.19297],[16.34151,48.19308]]}},{"type":"Feature","properties":{"boundary_score":0.0264,"activation_distance":0.04831},"geometry":{"type":"LineString","coordinates":[[16.34151,48.19308],[16.34123,48.19297]]}},{"type":"Feature","properties":{"boundary_score":0.02,"activation_distance":0.04416},"geometry":{"type":"LineString","coordinates":[[16.35112,48.18775],[16.35127,48.18753]]}},{"type":"Feature","properties":{"boundary_score":0.02,"activation_distance":0.04416},"geometry":{"type":"LineString","coordinates":[[16.35127,48.18753],[16.35112,48.18775]]}},{"type":"Feature","properties":{"boundary_score":0.445,"activation_distance":0.32235},"geometry":{"type":"LineString","coordinates":[[16.37346,48.18527],[16.37349,48.18504]]}},{"type":"Feature","properties":{"boundary_score":0.445,"activation_distance":0.32235},"geometry":{"type":"LineString","coordinates":[[16.37349,48.18504],[16.37346,48.18527]]}},{"type":"Feature","properties":{"boundary_score":0.0276,"activation_distance":0.04914},"geometry":{"type":"LineString","coordinates":[[16.37452,48.19075],[16.37429,48.19069]]}},{"type":"Feature","properties":{"boundary_score":0.0276,"activation_distance":0.04914},"geometry":{"type":"LineString","coordinates":[[16.37429,48.19069],[16.37452,48.19075]]}},{"type":"Feature","properties":{"boundary_score":0.0524,"activation_distance":0.06535},"geometry":{"type":"LineString","coordinates":[[16.37854,48.18895],[16.37866,48.18875]]}},{"type":"Feature","properties":{"boundary_score":0.0524,"activation_distance":0.06535},"geometry":{"type":"LineString","coordinates":[[16.37866,48.18875],[16.37854,48.18895]]}},{"type":"Feature","properties":{"boundary_score":0.0828,"activation_distance":0.08523},"geometry":{"type":"LineString","coordinates":[[16.37733,48.19988],[16.37761,48.19971]]}},{"type":"Feature","properties":{"boundary_score":0.0828,"activation_distance":0.08523},"geometry":{"type":"LineString","coordinates":[[16.37761,48.19971],[16.37733,48.19988]]}},{"type":"Feature","properties":{"boundary_score":0.0019,"activation_distance":0.03227},"geometry":{"type":"LineString","coordinates":[[16.37346,48.19932],[16.37348,48.19956]]}},{"type":"Feature","properties":{"boundary_score":0.0019,"activation_distance":0.03227},"geometry":{"type":"LineString","coordinates":[[16.37348,48.19956],[16.37346,48.19932]]}},{"type":"Feature","properties":{"boundary_score":0.0046,"activation_distance":0.03408},"geometry":{"type":"LineString","coordinates":[[16.3745,48.20272],[16.37469,48.2029]]}},{"type":"Feature","properties":{"boundary_score":0.0046,"activation_distance":0.03408},"geometry":{"type":"LineString","coordinates":[[16.37469,48.2029],[16.3745,48.20272]]}},{"type":"Feature","properties":{"boundary_score":0.0805,"activation_distance":0.08378},"geometry":{"type":"LineString","coordinates":[[16.37701,48.20313],[16.37676,48.20324]]}},{"type":"Feature","properties":{"boundary_score":0.0805,"activation_distance":0.08378},"geometry":{"type":"LineString","coordinates":[[16.37676,48.20324],[16.37701,48.20313]]}},{"type":"Feature","properties":{"boundary_score":0.0721,"activation_distance":0.07824},"geometry":{"type":"LineString","coordinates":[[16.36378,48.20285],[16.36399,48.20311]]}},{"type":"Feature","properties":{"boundary_score":0.0721,"activation_distance":0.07824},"geometry":{"type":"LineString","coordinates":[[16.36399,48.20311],[16.36378,48.20285]]}},{"type":"Feature","properties":{"boundary_score":0.2804,"activation_distance":0.21459},"geometry":{"type":"LineString","coordinates":[[16.37293,48.19996],[16.37308,48.2002]]}},{"type":"Feature","properties":{"boundary_score":0.2804,"activation_distance":0.21459},"geometry":{"type":"LineString","coordinates":[[16.37308,48.2002],[16.37293,48.19996]]}},{"type":"Feature","properties":{"boundary_score":0.04,"activation_distance":0.05721},"geometry":{"type":"LineString","coordinates":[[16.35717,48.17509],[16.35701,48.17492]]}},{"type":"Feature","properties":{"boundary_score":0.04,"activation_distance":0.05721},"geometry":{"type":"LineString","coordinates":[[16.35701,48.17492],[16.35717,48.17509]]}},{"type":"Feature","properties":{"boundary_score":0.0146,"activation_distance":0.04063},"geometry":{"type":"LineString","coordinates":[[16.36297,48.17209],[16.36302,48.17234]]}},{"type":"Feature","properties":{"boundary_score":0.0146,"activation_distance":0.04063},"geometry":{"type":"LineString","coordinates":[[16.36302,48.17234],[16.36297,48.17209]]}},{"type":"Feature","properties":{"boundary_score":0.0111,"activation_distance":0.03829},"geometry":{"type":"LineString","coordinates":[[16.37534,48.17079],[16.3756,48.17074]]}},{"type":"Feature","properties":{"boundary_score":0.0111,"activation_distance":0.03829},"geometry":{"type":"LineString","coordinates":[[16.3756,48.17074],[16.37534,48.17079]]}},{"type":"Feature","properties":{"boundary_score":0.0957,"activation_distance":0.09372},"geometry":{"type":"LineString","coordinates":[[16.31033,48.09468],[16.31033,48.09493]]}},{"type":"Feature","properties":{"boundary_score":0.0957,"activation_distance":0.09372},"geometry":{"type":"LineString","coordinates":[[16.31033,48.09493],[16.31033,48.09468]]}},{"type":"Feature","properties":{"boundary_score":0.0764,"activation_distance":0.08108},"geometry":{"type":"LineString","coordinates":[[16.3095,48.09443],[16.30978,48.09443]]}},{"type":"Feature","properties":{"boundary_score":0.0764,"activation_distance":0.08108},"geometry":{"type":"LineString","coordinates":[[16.30978,48.09443],[16.3095,48.09443]]}},{"type":"Feature","properties":{"boundary_score":0.011,"activation_distance":0.03829},"geometry":{"type":"LineString","coordinates":[[16.42051,48.29884],[16.42075,48.29873]]}},{"type":"Feature","properties":{"boundary_score":0.011,"activation_distance":0.03829},"geometry":{"type":"LineString","coordinates":[[16.42075,48.29873],[16.42051,48.29884]]}},{"type":"Feature","properties":{"boundary_score":0.144,"activation_distance":0.12532},"geometry":{"type":"LineString","coordinates":[[16.37033,48.27491],[16.37047,48.27474]]}},{"type":"Feature","properties":{"boundary_score":0.144,"activation_distance":0.12532},"geometry":{"type":"LineString","coordinates":[[16.37047,48.27474],[16.37033,48.27491]]}},{"type":"Feature","properties":{"boundary_score":0.0455,"activation_distance":0.06083},"geometry":{"type":"LineString","coordinates":[[16.36528,48.28065],[16.36541,48.28046]]}},{"type":"Feature","properties":{"boundary_score":0.0455,"activation_distance":0.06083},"geometry":{"type":"LineString","coordinates":[[16.36541,48.28046],[16.36528,48.28065]]}},{"type":"Feature","properties":{"boundary_score":0.0524,"activation_distance":0.06537},"geometry":{"type":"LineString","coordinates":[[16.35579,48.17568],[16.35553,48.17579]]}},{"type":"Feature","properties":{"boundary_score":0.0524,"activation_distance":0.06537},"geometry":{"type":"LineString","coordinates":[[16.35553,48.17579],[16.35579,48.17568]]}},{"type":"Feature","properties":{"boundary_score":0.0642,"activation_distance":0.07306},"geometry":{"type":"LineString","coordinates":[[16.38424,48.12757],[16.38401,48.12755]]}},{"type":"Feature","properties":{"boundary_score":0.0642,"activation_distance":0.07306},"geometry":{"type":"LineString","coordinates":[[16.38401,48.12755],[16.38424,48.12757]]}},{"type":"Feature","properties":{"boundary_score":0.0642,"activation_distance":0.07306},"geometry":{"type":"LineString","coordinates":[[16.38407,48.12728],[16.38429,48.12725]]}},{"type":"Feature","properties":{"boundary_score":0.0642,"activation_distance":0.07306},"geometry":{"type":"LineString","coordinates":[[16.38429,48.12725],[16.38407,48.12728]]}},{"type":"Feature","properties":{"boundary_score":0.0067,"activation_distance":0.03542},"geometry":{"type":"LineString","coordinates":[[16.3841,48.12738],[16.38434,48.12737]]}},{"type":"Feature","properties":{"boundary_score":0.0067,"activation_distance":0.03542},"geometry":{"type":"LineString","coordinates":[[16.38434,48.12737],[16.3841,48.12738]]}},{"type":"Feature","properties":{"boundary_score":0.2005,"activation_distance":0.16232},"geometry":{"type":"LineString","coordinates":[[16.32513,48.12011],[16.3249,48.12015]]}},{"type":"Feature","properties":{"boundary_score":0.2005,"activation_distance":0.16232},"geometry":{"type":"LineString","coordinates":[[16.3249,48.12015],[16.32513,48.12011]]}},{"type":"Feature","properties":{"boundary_score":0.1064,"activation_distance":0.10073},"geometry":{"type":"LineString","coordinates":[[16.4467,48.23334],[16.44665,48.23311]]}},{"type":"Feature","properties":{"boundary_score":0.1064,"activation_distance":0.10073},"geometry":{"type":"LineString","coordinates":[[16.44665,48.23311],[16.4467,48.23334]]}},{"type":"Feature","properties":{"boundary_score":0.0655,"activation_distance":0.07395},"geometry":{"type":"LineString","coordinates":[[16.44625,48.23149],[16.44632,48.23179]]}},{"type":"Feature","properties":{"boundary_score":0.0655,"activation_distance":0.07395},"geometry":{"type":"LineString","coordinates":[[16.44632,48.23179],[16.44625,48.23149]]}},{"type":"Feature","properties":{"boundary_score":0.0505,"activation_distance":0.06409},"geometry":{"type":"LineString","coordinates":[[16.44211,48.29114],[16.44238,48.29102]]}},{"type":"Feature","properties":{"boundary_score":0.0505,"activation_distance":0.06409},"geometry":{"type":"LineString","coordinates":[[16.44238,48.29102],[16.44211,48.29114]]}},{"type":"Feature","properties":{"boundary_score":0.0286,"activation_distance":0.04975},"geometry":{"type":"LineString","coordinates":[[16.44803,48.29572],[16.44769,48.29574]]}},{"type":"Feature","properties":{"boundary_score":0.0286,"activation_distance":0.04975},"geometry":{"type":"LineString","coordinates":[[16.44769,48.29574],[16.44803,48.29572]]}},{"type":"Feature","properties":{"boundary_score":0.0055,"activation_distance":0.03463},"geometry":{"type":"LineString","coordinates":[[16.4489,48.29345],[16.44875,48.29328]]}},{"type":"Feature","properties":{"boundary_score":0.0055,"activation_distance":0.03463},"geometry":{"type":"LineString","coordinates":[[16.44875,48.29328],[16.4489,48.29345]]}},{"type":"Feature","properties":{"boundary_score":0.1576,"activation_distance":0.13419},"geometry":{"type":"LineString","coordinates":[[16.45962,48.29321],[16.45975,48.2934]]}},{"type":"Feature","properties":{"boundary_score":0.1576,"activation_distance":0.13419},"geometry":{"type":"LineString","coordinates":[[16.45975,48.2934],[16.45962,48.29321]]}},{"type":"Feature","properties":{"boundary_score":0.0697,"activation_distance":0.07665},"geometry":{"type":"LineString","coordinates":[[16.45404,48.29047],[16.4542,48.29064]]}},{"type":"Feature","properties":{"boundary_score":0.0697,"activation_distance":0.07665},"geometry":{"type":"LineString","coordinates":[[16.4542,48.29064],[16.45404,48.29047]]}},{"type":"Feature","properties":{"boundary_score":0.1389,"activation_distance":0.12195},"geometry":{"type":"LineString","coordinates":[[16.41615,48.28952],[16.41603,48.28932]]}},{"type":"Feature","properties":{"boundary_score":0.1389,"activation_distance":0.12195},"geometry":{"type":"LineString","coordinates":[[16.41603,48.28932],[16.41615,48.28952]]}},{"type":"Feature","properties":{"boundary_score":0.0018,"activation_distance":0.03225},"geometry":{"type":"LineString","coordinates":[[16.40451,48.23827],[16.40435,48.23842]]}},{"type":"Feature","properties":{"boundary_score":0.0018,"activation_distance":0.03225},"geometry":{"type":"LineString","coordinates":[[16.40435,48.23842],[16.40451,48.23827]]}},{"type":"Feature","properties":{"boundary_score":0.005,"activation_distance":0.03434},"geometry":{"type":"LineString","coordinates":[[16.45502,48.28138],[16.45507,48.28161]]}},{"type":"Feature","properties":{"boundary_score":0.005,"activation_distance":0.03434},"geometry":{"type":"LineString","coordinates":[[16.45507,48.28161],[16.45502,48.28138]]}},{"type":"Feature","properties":{"boundary_score":0.0894,"activation_distance":0.08957},"geometry":{"type":"LineString","coordinates":[[16.46115,48.28232],[16.46115,48.28255]]}},{"type":"Feature","properties":{"boundary_score":0.0894,"activation_distance":0.08957},"geometry":{"type":"LineString","coordinates":[[16.46115,48.28255],[16.46115,48.28232]]}},{"type":"Feature","properties":{"boundary_score":0.0802,"activation_distance":0.08353},"geometry":{"type":"LineString","coordinates":[[16.3775,48.21663],[16.37758,48.21686]]}},{"type":"Feature","properties":{"boundary_score":0.0802,"activation_distance":0.08353},"geometry":{"type":"LineString","coordinates":[[16.37758,48.21686],[16.3775,48.21663]]}},{"type":"Feature","properties":{"boundary_score":0.2104,"activation_distance":0.16876},"geometry":{"type":"LineString","coordinates":[[16.37546,48.21503],[16.3753,48.21524]]}},{"type":"Feature","properties":{"boundary_score":0.2104,"activation_distance":0.16876},"geometry":{"type":"LineString","coordinates":[[16.3753,48.21524],[16.37546,48.21503]]}},{"type":"Feature","properties":{"boundary_score":0.0348,"activation_distance":0.05387},"geometry":{"type":"LineString","coordinates":[[16.38352,48.21552],[16.38365,48.21572]]}},{"type":"Feature","properties":{"boundary_score":0.0348,"activation_distance":0.05387},"geometry":{"type":"LineString","coordinates":[[16.38365,48.21572],[16.38352,48.21552]]}},{"type":"Feature","properties":{"boundary_score":0.0608,"activation_distance":0.07085},"geometry":{"type":"LineString","coordinates":[[16.37904,48.21026],[16.37891,48.21005]]}},{"type":"Feature","properties":{"boundary_score":0.0608,"activation_distance":0.07085},"geometry":{"type":"LineString","coordinates":[[16.37891,48.21005],[16.37904,48.21026]]}},{"type":"Feature","properties":{"boundary_score":0.0605,"activation_distance":0.07064},"geometry":{"type":"LineString","coordinates":[[16.381,48.20768],[16.38083,48.20751]]}},{"type":"Feature","properties":{"boundary_score":0.0605,"activation_distance":0.07064},"geometry":{"type":"LineString","coordinates":[[16.38083,48.20751],[16.381,48.20768]]}},{"type":"Feature","properties":{"boundary_score":0.0198,"activation_distance":0.04401},"geometry":{"type":"LineString","coordinates":[[16.47829,48.28929],[16.47808,48.28938]]}},{"type":"Feature","properties":{"boundary_score":0.0198,"activation_distance":0.04401},"geometry":{"type":"LineString","coordinates":[[16.47808,48.28938],[16.47829,48.28929]]}},{"type":"Feature","properties":{"boundary_score":0.0275,"activation_distance":0.04904},"geometry":{"type":"LineString","coordinates":[[16.47737,48.29027],[16.47749,48.29047]]}},{"type":"Feature","properties":{"boundary_score":0.0275,"activation_distance":0.04904},"geometry":{"type":"LineString","coordinates":[[16.47749,48.29047],[16.47737,48.29027]]}},{"type":"Feature","properties":{"boundary_score":0.0045,"activation_distance":0.034},"geometry":{"type":"LineString","coordinates":[[16.45183,48.28348],[16.45189,48.28372]]}},{"type":"Feature","properties":{"boundary_score":0.0045,"activation_distance":0.034},"geometry":{"type":"LineString","coordinates":[[16.45189,48.28372],[16.45183,48.28348]]}},{"type":"Feature","properties":{"boundary_score":0.1147,"activation_distance":0.10616},"geometry":{"type":"LineString","coordinates":[[16.44626,48.27922],[16.44629,48.27946]]}},{"type":"Feature","properties":{"boundary_score":0.1147,"activation_distance":0.10616},"geometry":{"type":"LineString","coordinates":[[16.44629,48.27946],[16.44626,48.27922]]}},{"type":"Feature","properties":{"boundary_score":0.3517,"activation_distance":0.26127},"geometry":{"type":"LineString","coordinates":[[16.43407,48.2374],[16.4339,48.23722]]}},{"type":"Feature","properties":{"boundary_score":0.3517,"activation_distance":0.26127},"geometry":{"type":"LineString","coordinates":[[16.4339,48.23722],[16.43407,48.2374]]}},{"type":"Feature","properties":{"boundary_score":0.0643,"activation_distance":0.07313},"geometry":{"type":"LineString","coordinates":[[16.49235,48.3106],[16.49249,48.31078]]}},{"type":"Feature","properties":{"boundary_score":0.0643,"activation_distance":0.07313},"geometry":{"type":"LineString","coordinates":[[16.49249,48.31078],[16.49235,48.3106]]}},{"type":"Feature","properties":{"boundary_score":0.0811,"activation_distance":0.08415},"geometry":{"type":"LineString","coordinates":[[16.41047,48.25361],[16.41061,48.2538]]}},{"type":"Feature","properties":{"boundary_score":0.0811,"activation_distance":0.08415},"geometry":{"type":"LineString","coordinates":[[16.41061,48.2538],[16.41047,48.25361]]}},{"type":"Feature","properties":{"boundary_score":0.05,"activation_distance":0.06378},"geometry":{"type":"LineString","coordinates":[[16.40509,48.24166],[16.40531,48.24159]]}},{"type":"Feature","properties":{"boundary_score":0.05,"activation_distance":0.06378},"geometry":{"type":"LineString","coordinates":[[16.40531,48.24159],[16.40509,48.24166]]}},{"type":"Feature","properties":{"boundary_score":0.1026,"activation_distance":0.09824},"geometry":{"type":"LineString","coordinates":[[16.40531,48.24159],[16.40554,48.24152]]}},{"type":"Feature","properties":{"boundary_score":0.1026,"activation_distance":0.09824},"geometry":{"type":"LineString","coordinates":[[16.40554,48.24152],[16.40531,48.24159]]}},{"type":"Feature","properties":{"boundary_score":0.0211,"activation_distance":0.04485},"geometry":{"type":"LineString","coordinates":[[16.43225,48.27334],[16.43215,48.27356]]}},{"type":"Feature","properties":{"boundary_score":0.0211,"activation_distance":0.04485},"geometry":{"type":"LineString","coordinates":[[16.43215,48.27356],[16.43225,48.27334]]}},{"type":"Feature","properties":{"boundary_score":0.0268,"activation_distance":0.04858},"geometry":{"type":"LineString","coordinates":[[16.43238,48.26594],[16.43218,48.26604]]}},{"type":"Feature","properties":{"boundary_score":0.0268,"activation_distance":0.04858},"geometry":{"type":"LineString","coordinates":[[16.43218,48.26604],[16.43238,48.26594]]}},{"type":"Feature","properties":{"boundary_score":0.0237,"activation_distance":0.04658},"geometry":{"type":"LineString","coordinates":[[16.2627,48.16362],[16.26245,48.16356]]}},{"type":"Feature","properties":{"boundary_score":0.0237,"activation_distance":0.04658},"geometry":{"type":"LineString","coordinates":[[16.26245,48.16356],[16.2627,48.16362]]}},{"type":"Feature","properties":{"boundary_score":0.0016,"activation_distance":0.03208},"geometry":{"type":"LineString","coordinates":[[16.39346,48.24871],[16.39329,48.24886]]}},{"type":"Feature","properties":{"boundary_score":0.0016,"activation_distance":0.03208},"geometry":{"type":"LineString","coordinates":[[16.39329,48.24886],[16.39346,48.24871]]}},{"type":"Feature","properties":{"boundary_score":0.1268,"activation_distance":0.11406},"geometry":{"type":"LineString","coordinates":[[16.39279,48.24822],[16.39296,48.24807]]}},{"type":"Feature","properties":{"boundary_score":0.1268,"activation_distance":0.11406},"geometry":{"type":"LineString","coordinates":[[16.39296,48.24807],[16.39279,48.24822]]}},{"type":"Feature","properties":{"boundary_score":0.0058,"activation_distance":0.03485},"geometry":{"type":"LineString","coordinates":[[16.39312,48.24791],[16.39328,48.24775]]}},{"type":"Feature","properties":{"boundary_score":0.0058,"activation_distance":0.03485},"geometry":{"type":"LineString","coordinates":[[16.39328,48.24775],[16.39312,48.24791]]}},{"type":"Feature","properties":{"boundary_score":0.0439,"activation_distance":0.0598},"geometry":{"type":"LineString","coordinates":[[16.43213,48.25348],[16.4319,48.25354]]}},{"type":"Feature","properties":{"boundary_score":0.0439,"activation_distance":0.0598},"geometry":{"type":"LineString","coordinates":[[16.4319,48.25354],[16.43213,48.25348]]}},{"type":"Feature","properties":{"boundary_score":0.1461,"activation_distance":0.12669},"geometry":{"type":"LineString","coordinates":[[16.3884,48.20894],[16.38854,48.20917]]}},{"type":"Feature","properties":{"boundary_score":0.1461,"activation_distance":0.12669},"geometry":{"type":"LineString","coordinates":[[16.38854,48.20917],[16.3884,48.20894]]}},{"type":"Feature","properties":{"boundary_score":0.1411,"activation_distance":0.12345},"geometry":{"type":"LineString","coordinates":[[16.37933,48.21119],[16.37926,48.21094]]}},{"type":"Feature","properties":{"boundary_score":0.1411,"activation_distance":0.12345},"geometry":{"type":"LineString","coordinates":[[16.37926,48.21094],[16.37933,48.21119]]}},{"type":"Feature","properties":{"boundary_score":0.0048,"activation_distance":0.03417},"geometry":{"type":"LineString","coordinates":[[16.38537,48.22249],[16.38549,48.22277]]}},{"type":"Feature","properties":{"boundary_score":0.0048,"activation_distance":0.03417},"geometry":{"type":"LineString","coordinates":[[16.38549,48.22277],[16.38537,48.22249]]}},{"type":"Feature","properties":{"boundary_score":0.1522,"activation_distance":0.13069},"geometry":{"type":"LineString","coordinates":[[16.38575,48.22337],[16.38562,48.22307]]}},{"type":"Feature","properties":{"boundary_score":0.1522,"activation_distance":0.13069},"geometry":{"type":"LineString","coordinates":[[16.38562,48.22307],[16.38575,48.22337]]}},{"type":"Feature","properties":{"boundary_score":0.0048,"activation_distance":0.03417},"geometry":{"type":"LineString","coordinates":[[16.38562,48.22307],[16.38549,48.22277]]}},{"type":"Feature","properties":{"boundary_score":0.0048,"activation_distance":0.03417},"geometry":{"type":"LineString","coordinates":[[16.38549,48.22277],[16.38562,48.22307]]}},{"type":"Feature","properties":{"boundary_score":0.2486,"activation_distance":0.19378},"geometry":{"type":"LineString","coordinates":[[16.39058,48.21378],[16.39032,48.21382]]}},{"type":"Feature","properties":{"boundary_score":0.2486,"activation_distance":0.19378},"geometry":{"type":"LineString","coordinates":[[16.39032,48.21382],[16.39058,48.21378]]}},{"type":"Feature","properties":{"boundary_score":0.0401,"activation_distance":0.0573},"geometry":{"type":"LineString","coordinates":[[16.39286,48.21361],[16.39278,48.21332]]}},{"type":"Feature","properties":{"boundary_score":0.0401,"activation_distance":0.0573},"geometry":{"type":"LineString","coordinates":[[16.39278,48.21332],[16.39286,48.21361]]}},{"type":"Feature","properties":{"boundary_score":0.0981,"activation_distance":0.09525},"geometry":{"type":"LineString","coordinates":[[16.31875,48.12748],[16.31886,48.12769]]}},{"type":"Feature","properties":{"boundary_score":0.0981,"activation_distance":0.09525},"geometry":{"type":"LineString","coordinates":[[16.31886,48.12769],[16.31875,48.12748]]}},{"type":"Feature","properties":{"boundary_score":0.005,"activation_distance":0.03432},"geometry":{"type":"LineString","coordinates":[[16.29947,48.11849],[16.29934,48.11868]]}},{"type":"Feature","properties":{"boundary_score":0.005,"activation_distance":0.03432},"geometry":{"type":"LineString","coordinates":[[16.29934,48.11868],[16.29947,48.11849]]}},{"type":"Feature","properties":{"boundary_score":0.1598,"activation_distance":0.13563},"geometry":{"type":"LineString","coordinates":[[16.30474,48.12561],[16.30456,48.12546]]}},{"type":"Feature","properties":{"boundary_score":0.1598,"activation_distance":0.13563},"geometry":{"type":"LineString","coordinates":[[16.30456,48.12546],[16.30474,48.12561]]}},{"type":"Feature","properties":{"boundary_score":0.4024,"activation_distance":0.29443},"geometry":{"type":"LineString","coordinates":[[16.37259,48.1767],[16.37283,48.17668]]}},{"type":"Feature","properties":{"boundary_score":0.4024,"activation_distance":0.29443},"geometry":{"type":"LineString","coordinates":[[16.37283,48.17668],[16.37259,48.1767]]}},{"type":"Feature","properties":{"boundary_score":0.0291,"activation_distance":0.05013},"geometry":{"type":"LineString","coordinates":[[16.36796,48.17535],[16.36792,48.17506]]}},{"type":"Feature","properties":{"boundary_score":0.0291,"activation_distance":0.05013},"geometry":{"type":"LineString","coordinates":[[16.36792,48.17506],[16.36796,48.17535]]}},{"type":"Feature","properties":{"boundary_score":0.0709,"activation_distance":0.07746},"geometry":{"type":"LineString","coordinates":[[16.36896,48.17499],[16.369,48.17528]]}},{"type":"Feature","properties":{"boundary_score":0.0709,"activation_distance":0.07746},"geometry":{"type":"LineString","coordinates":[[16.369,48.17528],[16.36896,48.17499]]}},{"type":"Feature","properties":{"boundary_score":0.116,"activation_distance":0.10699},"geometry":{"type":"LineString","coordinates":[[16.37118,48.25391],[16.37107,48.2537]]}},{"type":"Feature","properties":{"boundary_score":0.116,"activation_distance":0.10699},"geometry":{"type":"LineString","coordinates":[[16.37107,48.2537],[16.37118,48.25391]]}},{"type":"Feature","properties":{"boundary_score":0.0148,"activation_distance":0.04073},"geometry":{"type":"LineString","coordinates":[[16.37759,48.2404],[16.3777,48.24061]]}},{"type":"Feature","properties":{"boundary_score":0.0148,"activation_distance":0.04073},"geometry":{"type":"LineString","coordinates":[[16.3777,48.24061],[16.37759,48.2404]]}},{"type":"Feature","properties":{"boundary_score":0.2077,"activation_distance":0.167},"geometry":{"type":"LineString","coordinates":[[16.28947,48.17005],[16.28952,48.16983]]}},{"type":"Feature","properties":{"boundary_score":0.2077,"activation_distance":0.167},"geometry":{"type":"LineString","coordinates":[[16.28952,48.16983],[16.28947,48.17005]]}},{"type":"Feature","properties":{"boundary_score":0.0611,"activation_distance":0.07103},"geometry":{"type":"LineString","coordinates":[[16.40552,48.18507],[16.40568,48.18523]]}},{"type":"Feature","properties":{"boundary_score":0.0611,"activation_distance":0.07103},"geometry":{"type":"LineString","coordinates":[[16.40568,48.18523],[16.40552,48.18507]]}},{"type":"Feature","properties":{"boundary_score":0.1424,"activation_distance":0.12427},"geometry":{"type":"LineString","coordinates":[[16.3876,48.2074],[16.38746,48.20713]]}},{"type":"Feature","properties":{"boundary_score":0.1424,"activation_distance":0.12427},"geometry":{"type":"LineString","coordinates":[[16.38746,48.20713],[16.3876,48.2074]]}},{"type":"Feature","properties":{"boundary_score":0.2314,"activation_distance":0.18253},"geometry":{"type":"LineString","coordinates":[[16.40368,48.2405],[16.40346,48.24046]]}},{"type":"Feature","properties":{"boundary_score":0.2314,"activation_distance":0.18253},"geometry":{"type":"LineString","coordinates":[[16.40346,48.24046],[16.40368,48.2405]]}},{"type":"Feature","properties":{"boundary_score":0.0097,"activation_distance":0.03738},"geometry":{"type":"LineString","coordinates":[[16.35567,48.17478],[16.35583,48.17495]]}},{"type":"Feature","properties":{"boundary_score":0.0097,"activation_distance":0.03738},"geometry":{"type":"LineString","coordinates":[[16.35583,48.17495],[16.35567,48.17478]]}},{"type":"Feature","properties":{"boundary_score":0.1209,"activation_distance":0.1102},"geometry":{"type":"LineString","coordinates":[[16.37529,48.24949],[16.3755,48.24958]]}},{"type":"Feature","properties":{"boundary_score":0.1209,"activation_distance":0.1102},"geometry":{"type":"LineString","coordinates":[[16.3755,48.24958],[16.37529,48.24949]]}},{"type":"Feature","properties":{"boundary_score":0.0058,"activation_distance":0.03483},"geometry":{"type":"LineString","coordinates":[[16.3264,48.29837],[16.32621,48.29852]]}},{"type":"Feature","properties":{"boundary_score":0.0058,"activation_distance":0.03483},"geometry":{"type":"LineString","coordinates":[[16.32621,48.29852],[16.3264,48.29837]]}},{"type":"Feature","properties":{"boundary_score":0.0001,"activation_distance":0.03115},"geometry":{"type":"LineString","coordinates":[[16.36543,48.25124],[16.36552,48.25145]]}},{"type":"Feature","properties":{"boundary_score":0.0001,"activation_distance":0.03115},"geometry":{"type":"LineString","coordinates":[[16.36552,48.25145],[16.36543,48.25124]]}},{"type":"Feature","properties":{"boundary_score":0.0007,"activation_distance":0.03152},"geometry":{"type":"LineString","coordinates":[[16.35989,48.15776],[16.35977,48.15755]]}},{"type":"Feature","properties":{"boundary_score":0.0007,"activation_distance":0.03152},"geometry":{"type":"LineString","coordinates":[[16.35977,48.15755],[16.35989,48.15776]]}},{"type":"Feature","properties":{"boundary_score":0.2173,"activation_distance":0.1733},"geometry":{"type":"LineString","coordinates":[[16.34153,48.24189],[16.34158,48.24216]]}},{"type":"Feature","properties":{"boundary_score":0.2173,"activation_distance":0.1733},"geometry":{"type":"LineString","coordinates":[[16.34158,48.24216],[16.34153,48.24189]]}},{"type":"Feature","properties":{"boundary_score":0.051,"activation_distance":0.06444},"geometry":{"type":"LineString","coordinates":[[16.36514,48.24037],[16.36529,48.24057]]}},{"type":"Feature","properties":{"boundary_score":0.051,"activation_distance":0.06444},"geometry":{"type":"LineString","coordinates":[[16.36529,48.24057],[16.36514,48.24037]]}},{"type":"Feature","properties":{"boundary_score":0.0226,"activation_distance":0.04584},"geometry":{"type":"LineString","coordinates":[[16.414,48.25353],[16.41397,48.25379]]}},{"type":"Feature","properties":{"boundary_score":0.0226,"activation_distance":0.04584},"geometry":{"type":"LineString","coordinates":[[16.41397,48.25379],[16.414,48.25353]]}},{"type":"Feature","properties":{"boundary_score":0.0636,"activation_distance":0.07271},"geometry":{"type":"LineString","coordinates":[[16.33443,48.23065],[16.3342,48.2307]]}},{"type":"Feature","properties":{"boundary_score":0.0636,"activation_distance":0.07271},"geometry":{"type":"LineString","coordinates":[[16.3342,48.2307],[16.33443,48.23065]]}},{"type":"Feature","properties":{"boundary_score":0.0076,"activation_distance":0.03604},"geometry":{"type":"LineString","coordinates":[[16.3342,48.2307],[16.3341,48.23048]]}},{"type":"Feature","properties":{"boundary_score":0.0076,"activation_distance":0.03604},"geometry":{"type":"LineString","coordinates":[[16.3341,48.23048],[16.3342,48.2307]]}},{"type":"Feature","properties":{"boundary_score":0.0636,"activation_distance":0.07271},"geometry":{"type":"LineString","coordinates":[[16.3342,48.2307],[16.33397,48.23076]]}},{"type":"Feature","properties":{"boundary_score":0.0636,"activation_distance":0.07271},"geometry":{"type":"LineString","coordinates":[[16.33397,48.23076],[16.3342,48.2307]]}},{"type":"Feature","properties":{"boundary_score":0.1332,"activation_distance":0.11824},"geometry":{"type":"LineString","coordinates":[[16.44407,48.2506],[16.44423,48.25079]]}},{"type":"Feature","properties":{"boundary_score":0.1332,"activation_distance":0.11824},"geometry":{"type":"LineString","coordinates":[[16.44423,48.25079],[16.44407,48.2506]]}},{"type":"Feature","properties":{"boundary_score":0.1332,"activation_distance":0.11824},"geometry":{"type":"LineString","coordinates":[[16.4441,48.25083],[16.44394,48.25064]]}},{"type":"Feature","properties":{"boundary_score":0.1332,"activation_distance":0.11824},"geometry":{"type":"LineString","coordinates":[[16.44394,48.25064],[16.4441,48.25083]]}},{"type":"Feature","properties":{"boundary_score":0.0036,"activation_distance":0.03338},"geometry":{"type":"LineString","coordinates":[[16.40459,48.23832],[16.40443,48.23848]]}},{"type":"Feature","properties":{"boundary_score":0.0036,"activation_distance":0.03338},"geometry":{"type":"LineString","coordinates":[[16.40443,48.23848],[16.40459,48.23832]]}},{"type":"Feature","properties":{"boundary_score":0.0422,"activation_distance":0.05866},"geometry":{"type":"LineString","coordinates":[[16.36304,48.20198],[16.36289,48.20181]]}},{"type":"Feature","properties":{"boundary_score":0.0422,"activation_distance":0.05866},"geometry":{"type":"LineString","coordinates":[[16.36289,48.20181],[16.36304,48.20198]]}},{"type":"Feature","properties":{"boundary_score":0.2463,"activation_distance":0.19229},"geometry":{"type":"LineString","coordinates":[[16.36255,48.26004],[16.3623,48.26001]]}},{"type":"Feature","properties":{"boundary_score":0.2463,"activation_distance":0.19229},"geometry":{"type":"LineString","coordinates":[[16.3623,48.26001],[16.36255,48.26004]]}},{"type":"Feature","properties":{"boundary_score":0.0479,"activation_distance":0.06244},"geometry":{"type":"LineString","coordinates":[[16.39652,48.26469],[16.39642,48.26446]]}},{"type":"Feature","properties":{"boundary_score":0.0479,"activation_distance":0.06244},"geometry":{"type":"LineString","coordinates":[[16.39642,48.26446],[16.39652,48.26469]]}},{"type":"Feature","properties":{"boundary_score":0.0993,"activation_distance":0.09605},"geometry":{"type":"LineString","coordinates":[[16.39623,48.26535],[16.39633,48.26556]]}},{"type":"Feature","properties":{"boundary_score":0.0993,"activation_distance":0.09605},"geometry":{"type":"LineString","coordinates":[[16.39633,48.26556],[16.39623,48.26535]]}},{"type":"Feature","properties":{"boundary_score":0.2386,"activation_distance":0.18722},"geometry":{"type":"LineString","coordinates":[[16.39612,48.26584],[16.39601,48.26563]]}},{"type":"Feature","properties":{"boundary_score":0.2386,"activation_distance":0.18722},"geometry":{"type":"LineString","coordinates":[[16.39601,48.26563],[16.39612,48.26584]]}},{"type":"Feature","properties":{"boundary_score":0.0862,"activation_distance":0.08748},"geometry":{"type":"LineString","coordinates":[[16.33371,48.18233],[16.33347,48.18228]]}},{"type":"Feature","properties":{"boundary_score":0.0862,"activation_distance":0.08748},"geometry":{"type":"LineString","coordinates":[[16.33347,48.18228],[16.33371,48.18233]]}},{"type":"Feature","properties":{"boundary_score":0.0175,"activation_distance":0.04252},"geometry":{"type":"LineString","coordinates":[[16.32045,48.30456],[16.32068,48.30468]]}},{"type":"Feature","properties":{"boundary_score":0.0175,"activation_distance":0.04252},"geometry":{"type":"LineString","coordinates":[[16.32068,48.30468],[16.32045,48.30456]]}},{"type":"Feature","properties":{"boundary_score":0.2056,"activation_distance":0.16562},"geometry":{"type":"LineString","coordinates":[[16.32334,48.2998],[16.32348,48.2996]]}},{"type":"Feature","properties":{"boundary_score":0.2056,"activation_distance":0.16562},"geometry":{"type":"LineString","coordinates":[[16.32348,48.2996],[16.32334,48.2998]]}},{"type":"Feature","properties":{"boundary_score":0.0272,"activation_distance":0.04884},"geometry":{"type":"LineString","coordinates":[[16.39342,48.17552],[16.39364,48.17548]]}},{"type":"Feature","properties":{"boundary_score":0.0272,"activation_distance":0.04884},"geometry":{"type":"LineString","coordinates":[[16.39364,48.17548],[16.39342,48.17552]]}},{"type":"Feature","properties":{"boundary_score":0.0828,"activation_distance":0.08524},"geometry":{"type":"LineString","coordinates":[[16.39479,48.17538],[16.39503,48.17539]]}},{"type":"Feature","properties":{"boundary_score":0.0828,"activation_distance":0.08524},"geometry":{"type":"LineString","coordinates":[[16.39503,48.17539],[16.39479,48.17538]]}},{"type":"Feature","properties":{"boundary_score":0.0473,"activation_distance":0.06203},"geometry":{"type":"LineString","coordinates":[[16.37472,48.17013],[16.37448,48.17018]]}},{"type":"Feature","properties":{"boundary_score":0.0473,"activation_distance":0.06203},"geometry":{"type":"LineString","coordinates":[[16.37448,48.17018],[16.37472,48.17013]]}},{"type":"Feature","properties":{"boundary_score":0.031,"activation_distance":0.05135},"geometry":{"type":"LineString","coordinates":[[16.37369,48.16964],[16.37379,48.16986]]}},{"type":"Feature","properties":{"boundary_score":0.031,"activation_distance":0.05135},"geometry":{"type":"LineString","coordinates":[[16.37379,48.16986],[16.37369,48.16964]]}},{"type":"Feature","properties":{"boundary_score":0.0226,"activation_distance":0.04588},"geometry":{"type":"LineString","coordinates":[[16.36972,48.17464],[16.36967,48.17435]]}},{"type":"Feature","properties":{"boundary_score":0.0226,"activation_distance":0.04588},"geometry":{"type":"LineString","coordinates":[[16.36967,48.17435],[16.36972,48.17464]]}},{"type":"Feature","properties":{"boundary_score":0.0447,"activation_distance":0.06029},"geometry":{"type":"LineString","coordinates":[[16.3685,48.17946],[16.36849,48.1792]]}},{"type":"Feature","properties":{"boundary_score":0.0447,"activation_distance":0.06029},"geometry":{"type":"LineString","coordinates":[[16.36849,48.1792],[16.3685,48.17946]]}},{"type":"Feature","properties":{"boundary_score":0.0654,"activation_distance":0.07386},"geometry":{"type":"LineString","coordinates":[[16.39351,48.17098],[16.39367,48.17083]]}},{"type":"Feature","properties":{"boundary_score":0.0654,"activation_distance":0.07386},"geometry":{"type":"LineString","coordinates":[[16.39367,48.17083],[16.39351,48.17098]]}},{"type":"Feature","properties":{"boundary_score":0.0564,"activation_distance":0.068},"geometry":{"type":"LineString","coordinates":[[16.39367,48.17083],[16.39384,48.17068]]}},{"type":"Feature","properties":{"boundary_score":0.0564,"activation_distance":0.068},"geometry":{"type":"LineString","coordinates":[[16.39384,48.17068],[16.39367,48.17083]]}},{"type":"Feature","properties":{"boundary_score":0.0175,"activation_distance":0.04249},"geometry":{"type":"LineString","coordinates":[[16.33897,48.18111],[16.33878,48.18132]]}},{"type":"Feature","properties":{"boundary_score":0.0175,"activation_distance":0.04249},"geometry":{"type":"LineString","coordinates":[[16.33878,48.18132],[16.33897,48.18111]]}},{"type":"Feature","properties":{"boundary_score":0.2382,"activation_distance":0.18696},"geometry":{"type":"LineString","coordinates":[[16.34146,48.17669],[16.34135,48.17689]]}},{"type":"Feature","properties":{"boundary_score":0.2382,"activation_distance":0.18696},"geometry":{"type":"LineString","coordinates":[[16.34135,48.17689],[16.34146,48.17669]]}},{"type":"Feature","properties":{"boundary_score":0.1084,"activation_distance":0.10203},"geometry":{"type":"LineString","coordinates":[[16.32556,48.23447],[16.32533,48.23453]]}},{"type":"Feature","properties":{"boundary_score":0.1084,"activation_distance":0.10203},"geometry":{"type":"LineString","coordinates":[[16.32533,48.23453],[16.32556,48.23447]]}},{"type":"Feature","properties":{"boundary_score":0.1084,"activation_distance":0.10203},"geometry":{"type":"LineString","coordinates":[[16.3258,48.23441],[16.32556,48.23447]]}},{"type":"Feature","properties":{"boundary_score":0.1084,"activation_distance":0.10203},"geometry":{"type":"LineString","coordinates":[[16.32556,48.23447],[16.3258,48.23441]]}},{"type":"Feature","properties":{"boundary_score":0.0681,"activation_distance":0.07565},"geometry":{"type":"LineString","coordinates":[[16.32446,48.227],[16.32453,48.22722]]}},{"type":"Feature","properties":{"boundary_score":0.0681,"activation_distance":0.07565},"geometry":{"type":"LineString","coordinates":[[16.32453,48.22722],[16.32446,48.227]]}},{"type":"Feature","properties":{"boundary_score":0.0491,"activation_distance":0.06321},"geometry":{"type":"LineString","coordinates":[[16.36446,48.18284],[16.36462,48.18267]]}},{"type":"Feature","properties":{"boundary_score":0.0491,"activation_distance":0.06321},"geometry":{"type":"LineString","coordinates":[[16.36462,48.18267],[16.36446,48.18284]]}},{"type":"Feature","properties":{"boundary_score":0.0925,"activation_distance":0.09158},"geometry":{"type":"LineString","coordinates":[[16.38482,48.17569],[16.38494,48.17599]]}},{"type":"Feature","properties":{"boundary_score":0.0925,"activation_distance":0.09158},"geometry":{"type":"LineString","coordinates":[[16.38494,48.17599],[16.38482,48.17569]]}},{"type":"Feature","properties":{"boundary_score":0.1011,"activation_distance":0.09725},"geometry":{"type":"LineString","coordinates":[[16.38482,48.17569],[16.38457,48.17573]]}},{"type":"Feature","properties":{"boundary_score":0.1011,"activation_distance":0.09725},"geometry":{"type":"LineString","coordinates":[[16.38457,48.17573],[16.38482,48.17569]]}},{"type":"Feature","properties":{"boundary_score":0.018,"activation_distance":0.04283},"geometry":{"type":"LineString","coordinates":[[16.36735,48.16276],[16.36745,48.16296]]}},{"type":"Feature","properties":{"boundary_score":0.018,"activation_distance":0.04283},"geometry":{"type":"LineString","coordinates":[[16.36745,48.16296],[16.36735,48.16276]]}},{"type":"Feature","properties":{"boundary_score":0.0439,"activation_distance":0.0598},"geometry":{"type":"LineString","coordinates":[[16.33587,48.17206],[16.33579,48.17229]]}},{"type":"Feature","properties":{"boundary_score":0.0439,"activation_distance":0.0598},"geometry":{"type":"LineString","coordinates":[[16.33579,48.17229],[16.33587,48.17206]]}},{"type":"Feature","properties":{"boundary_score":0.2141,"activation_distance":0.17118},"geometry":{"type":"LineString","coordinates":[[16.31304,48.17087],[16.31282,48.17083]]}},{"type":"Feature","properties":{"boundary_score":0.2141,"activation_distance":0.17118},"geometry":{"type":"LineString","coordinates":[[16.31282,48.17083],[16.31304,48.17087]]}},{"type":"Feature","properties":{"boundary_score":0.0784,"activation_distance":0.08234},"geometry":{"type":"LineString","coordinates":[[16.31124,48.17055],[16.31102,48.1705]]}},{"type":"Feature","properties":{"boundary_score":0.0784,"activation_distance":0.08234},"geometry":{"type":"LineString","coordinates":[[16.31102,48.1705],[16.31124,48.17055]]}},{"type":"Feature","properties":{"boundary_score":0.1439,"activation_distance":0.12523},"geometry":{"type":"LineString","coordinates":[[16.46393,48.2607],[16.46415,48.26064]]}},{"type":"Feature","properties":{"boundary_score":0.1439,"activation_distance":0.12523},"geometry":{"type":"LineString","coordinates":[[16.46415,48.26064],[16.46393,48.2607]]}},{"type":"Feature","properties":{"boundary_score":0.0407,"activation_distance":0.05773},"geometry":{"type":"LineString","coordinates":[[16.45462,48.26385],[16.45482,48.26398]]}},{"type":"Feature","properties":{"boundary_score":0.0407,"activation_distance":0.05773},"geometry":{"type":"LineString","coordinates":[[16.45482,48.26398],[16.45462,48.26385]]}},{"type":"Feature","properties":{"boundary_score":0.1539,"activation_distance":0.13183},"geometry":{"type":"LineString","coordinates":[[16.45117,48.26695],[16.45094,48.26697]]}},{"type":"Feature","properties":{"boundary_score":0.1539,"activation_distance":0.13183},"geometry":{"type":"LineString","coordinates":[[16.45094,48.26697],[16.45117,48.26695]]}},{"type":"Feature","properties":{"boundary_score":0.0143,"activation_distance":0.0404},"geometry":{"type":"LineString","coordinates":[[16.39877,48.18967],[16.39857,48.18979]]}},{"type":"Feature","properties":{"boundary_score":0.0143,"activation_distance":0.0404},"geometry":{"type":"LineString","coordinates":[[16.39857,48.18979],[16.39877,48.18967]]}},{"type":"Feature","properties":{"boundary_score":0.109,"activation_distance":0.10242},"geometry":{"type":"LineString","coordinates":[[16.31393,48.30626],[16.31418,48.30625]]}},{"type":"Feature","properties":{"boundary_score":0.109,"activation_distance":0.10242},"geometry":{"type":"LineString","coordinates":[[16.31418,48.30625],[16.31393,48.30626]]}},{"type":"Feature","properties":{"boundary_score":0.0484,"activation_distance":0.06272},"geometry":{"type":"LineString","coordinates":[[16.34328,48.29364],[16.34321,48.29389]]}},{"type":"Feature","properties":{"boundary_score":0.0484,"activation_distance":0.06272},"geometry":{"type":"LineString","coordinates":[[16.34321,48.29389],[16.34328,48.29364]]}},{"type":"Feature","properties":{"boundary_score":0.0179,"activation_distance":0.04275},"geometry":{"type":"LineString","coordinates":[[16.35245,48.27986],[16.3523,48.28003]]}},{"type":"Feature","properties":{"boundary_score":0.0179,"activation_distance":0.04275},"geometry":{"type":"LineString","coordinates":[[16.3523,48.28003],[16.35245,48.27986]]}},{"type":"Feature","properties":{"boundary_score":0.0442,"activation_distance":0.05996},"geometry":{"type":"LineString","coordinates":[[16.33328,48.2989],[16.33343,48.29868]]}},{"type":"Feature","properties":{"boundary_score":0.0442,"activation_distance":0.05996},"geometry":{"type":"LineString","coordinates":[[16.33343,48.29868],[16.33328,48.2989]]}},{"type":"Feature","properties":{"boundary_score":0.032,"activation_distance":0.05203},"geometry":{"type":"LineString","coordinates":[[16.27796,48.12446],[16.27806,48.12421]]}},{"type":"Feature","properties":{"boundary_score":0.032,"activation_distance":0.05203},"geometry":{"type":"LineString","coordinates":[[16.27806,48.12421],[16.27796,48.12446]]}},{"type":"Feature","properties":{"boundary_score":0.0877,"activation_distance":0.08848},"geometry":{"type":"LineString","coordinates":[[16.32823,48.23043],[16.32846,48.23039]]}},{"type":"Feature","properties":{"boundary_score":0.0877,"activation_distance":0.08848},"geometry":{"type":"LineString","coordinates":[[16.32846,48.23039],[16.32823,48.23043]]}},{"type":"Feature","properties":{"boundary_score":0.1889,"activation_distance":0.15469},"geometry":{"type":"LineString","coordinates":[[16.32718,48.23082],[16.3271,48.2306]]}},{"type":"Feature","properties":{"boundary_score":0.1889,"activation_distance":0.15469},"geometry":{"type":"LineString","coordinates":[[16.3271,48.2306],[16.32718,48.23082]]}},{"type":"Feature","properties":{"boundary_score":0.4399,"activation_distance":0.31899},"geometry":{"type":"LineString","coordinates":[[16.32397,48.23041],[16.3242,48.23038]]}},{"type":"Feature","properties":{"boundary_score":0.4399,"activation_distance":0.31899},"geometry":{"type":"LineString","coordinates":[[16.3242,48.23038],[16.32397,48.23041]]}},{"type":"Feature","properties":{"boundary_score":0.0832,"activation_distance":0.08555},"geometry":{"type":"LineString","coordinates":[[16.31547,48.21931],[16.31569,48.21923]]}},{"type":"Feature","properties":{"boundary_score":0.0832,"activation_distance":0.08555},"geometry":{"type":"LineString","coordinates":[[16.31569,48.21923],[16.31547,48.21931]]}},{"type":"Feature","properties":{"boundary_score":0.1214,"activation_distance":0.11054},"geometry":{"type":"LineString","coordinates":[[16.34129,48.25106],[16.34119,48.25127]]}},{"type":"Feature","properties":{"boundary_score":0.1214,"activation_distance":0.11054},"geometry":{"type":"LineString","coordinates":[[16.34119,48.25127],[16.34129,48.25106]]}},{"type":"Feature","properties":{"boundary_score":0.1692,"activation_distance":0.14178},"geometry":{"type":"LineString","coordinates":[[16.34119,48.24289],[16.34101,48.24274]]}},{"type":"Feature","properties":{"boundary_score":0.1692,"activation_distance":0.14178},"geometry":{"type":"LineString","coordinates":[[16.34101,48.24274],[16.34119,48.24289]]}},{"type":"Feature","properties":{"boundary_score":0.0353,"activation_distance":0.05413},"geometry":{"type":"LineString","coordinates":[[16.45531,48.17193],[16.45539,48.17172]]}},{"type":"Feature","properties":{"boundary_score":0.0353,"activation_distance":0.05413},"geometry":{"type":"LineString","coordinates":[[16.45539,48.17172],[16.45531,48.17193]]}},{"type":"Feature","properties":{"boundary_score":0.0094,"activation_distance":0.03718},"geometry":{"type":"LineString","coordinates":[[16.477,48.16077],[16.47708,48.16056]]}},{"type":"Feature","properties":{"boundary_score":0.0094,"activation_distance":0.03718},"geometry":{"type":"LineString","coordinates":[[16.47708,48.16056],[16.477,48.16077]]}},{"type":"Feature","properties":{"boundary_score":0.0132,"activation_distance":0.03972},"geometry":{"type":"LineString","coordinates":[[16.39772,48.26937],[16.39762,48.26915]]}},{"type":"Feature","properties":{"boundary_score":0.0132,"activation_distance":0.03972},"geometry":{"type":"LineString","coordinates":[[16.39762,48.26915],[16.39772,48.26937]]}},{"type":"Feature","properties":{"boundary_score":0.0392,"activation_distance":0.05672},"geometry":{"type":"LineString","coordinates":[[16.40048,48.27941],[16.40035,48.27916]]}},{"type":"Feature","properties":{"boundary_score":0.0392,"activation_distance":0.05672},"geometry":{"type":"LineString","coordinates":[[16.40035,48.27916],[16.40048,48.27941]]}},{"type":"Feature","properties":{"boundary_score":0.0029,"activation_distance":0.03295},"geometry":{"type":"LineString","coordinates":[[16.39301,48.2485],[16.39317,48.24834]]}},{"type":"Feature","properties":{"boundary_score":0.0029,"activation_distance":0.03295},"geometry":{"type":"LineString","coordinates":[[16.39317,48.24834],[16.39301,48.2485]]}},{"type":"Feature","properties":{"boundary_score":0.0186,"activation_distance":0.04322},"geometry":{"type":"LineString","coordinates":[[16.3268,48.3032],[16.32657,48.30314]]}},{"type":"Feature","properties":{"boundary_score":0.0186,"activation_distance":0.04322},"geometry":{"type":"LineString","coordinates":[[16.32657,48.30314],[16.3268,48.3032]]}},{"type":"Feature","properties":{"boundary_score":0.0079,"activation_distance":0.03625},"geometry":{"type":"LineString","coordinates":[[16.30538,48.23869],[16.30522,48.2384]]}},{"type":"Feature","properties":{"boundary_score":0.0079,"activation_distance":0.03625},"geometry":{"type":"LineString","coordinates":[[16.30522,48.2384],[16.30538,48.23869]]}},{"type":"Feature","properties":{"boundary_score":0.2298,"activation_distance":0.18145},"geometry":{"type":"LineString","coordinates":[[16.37831,48.21093],[16.37846,48.21117]]}},{"type":"Feature","properties":{"boundary_score":0.2298,"activation_distance":0.18145},"geometry":{"type":"LineString","coordinates":[[16.37846,48.21117],[16.37831,48.21093]]}},{"type":"Feature","properties":{"boundary_score":0.0657,"activation_distance":0.07404},"geometry":{"type":"LineString","coordinates":[[16.33934,48.19361],[16.33946,48.19383]]}},{"type":"Feature","properties":{"boundary_score":0.0657,"activation_distance":0.07404},"geometry":{"type":"LineString","coordinates":[[16.33946,48.19383],[16.33934,48.19361]]}},{"type":"Feature","properties":{"boundary_score":0.0657,"activation_distance":0.07404},"geometry":{"type":"LineString","coordinates":[[16.3392,48.19338],[16.33934,48.19361]]}},{"type":"Feature","properties":{"boundary_score":0.0657,"activation_distance":0.07404},"geometry":{"type":"LineString","coordinates":[[16.33934,48.19361],[16.3392,48.19338]]}},{"type":"Feature","properties":{"boundary_score":0.0939,"activation_distance":0.09251},"geometry":{"type":"LineString","coordinates":[[16.26077,48.12951],[16.26049,48.1294]]}},{"type":"Feature","properties":{"boundary_score":0.0939,"activation_distance":0.09251},"geometry":{"type":"LineString","coordinates":[[16.26049,48.1294],[16.26077,48.12951]]}},{"type":"Feature","properties":{"boundary_score":0.0339,"activation_distance":0.05325},"geometry":{"type":"LineString","coordinates":[[16.26782,48.11927],[16.26799,48.11912]]}},{"type":"Feature","properties":{"boundary_score":0.0339,"activation_distance":0.05325},"geometry":{"type":"LineString","coordinates":[[16.26799,48.11912],[16.26782,48.11927]]}},{"type":"Feature","properties":{"boundary_score":0.12,"activation_distance":0.10958},"geometry":{"type":"LineString","coordinates":[[16.28009,48.04558],[16.27988,48.04568]]}},{"type":"Feature","properties":{"boundary_score":0.12,"activation_distance":0.10958},"geometry":{"type":"LineString","coordinates":[[16.27988,48.04568],[16.28009,48.04558]]}},{"type":"Feature","properties":{"boundary_score":0.1016,"activation_distance":0.09753},"geometry":{"type":"LineString","coordinates":[[16.32468,48.31118],[16.32452,48.31137]]}},{"type":"Feature","properties":{"boundary_score":0.1016,"activation_distance":0.09753},"geometry":{"type":"LineString","coordinates":[[16.32452,48.31137],[16.32468,48.31118]]}},{"type":"Feature","properties":{"boundary_score":0.1087,"activation_distance":0.10222},"geometry":{"type":"LineString","coordinates":[[16.35835,48.27292],[16.35818,48.27307]]}},{"type":"Feature","properties":{"boundary_score":0.1087,"activation_distance":0.10222},"geometry":{"type":"LineString","coordinates":[[16.35818,48.27307],[16.35835,48.27292]]}},{"type":"Feature","properties":{"boundary_score":0.0405,"activation_distance":0.05758},"geometry":{"type":"LineString","coordinates":[[16.32064,48.29159],[16.32072,48.29137]]}},{"type":"Feature","properties":{"boundary_score":0.0405,"activation_distance":0.05758},"geometry":{"type":"LineString","coordinates":[[16.32072,48.29137],[16.32064,48.29159]]}},{"type":"Feature","properties":{"boundary_score":0.2137,"activation_distance":0.17092},"geometry":{"type":"LineString","coordinates":[[16.48837,48.22667],[16.48813,48.22671]]}},{"type":"Feature","properties":{"boundary_score":0.2137,"activation_distance":0.17092},"geometry":{"type":"LineString","coordinates":[[16.48813,48.22671],[16.48837,48.22667]]}},{"type":"Feature","properties":{"boundary_score":0.242,"activation_distance":0.18946},"geometry":{"type":"LineString","coordinates":[[16.42682,48.22107],[16.42701,48.22093]]}},{"type":"Feature","properties":{"boundary_score":0.242,"activation_distance":0.18946},"geometry":{"type":"LineString","coordinates":[[16.42701,48.22093],[16.42682,48.22107]]}},{"type":"Feature","properties":{"boundary_score":0.241,"activation_distance":0.1888},"geometry":{"type":"LineString","coordinates":[[16.40759,48.1751],[16.40781,48.1752]]}},{"type":"Feature","properties":{"boundary_score":0.241,"activation_distance":0.1888},"geometry":{"type":"LineString","coordinates":[[16.40781,48.1752],[16.40759,48.1751]]}},{"type":"Feature","properties":{"boundary_score":0.0563,"activation_distance":0.0679},"geometry":{"type":"LineString","coordinates":[[16.40912,48.17587],[16.40934,48.17598]]}},{"type":"Feature","properties":{"boundary_score":0.0563,"activation_distance":0.0679},"geometry":{"type":"LineString","coordinates":[[16.40934,48.17598],[16.40912,48.17587]]}},{"type":"Feature","properties":{"boundary_score":0.0997,"activation_distance":0.09634},"geometry":{"type":"LineString","coordinates":[[16.40022,48.19396],[16.39993,48.19376]]}},{"type":"Feature","properties":{"boundary_score":0.0997,"activation_distance":0.09634},"geometry":{"type":"LineString","coordinates":[[16.39993,48.19376],[16.40022,48.19396]]}},{"type":"Feature","properties":{"boundary_score":0.0068,"activation_distance":0.03553},"geometry":{"type":"LineString","coordinates":[[16.33672,48.29333],[16.3365,48.29328]]}},{"type":"Feature","properties":{"boundary_score":0.0068,"activation_distance":0.03553},"geometry":{"type":"LineString","coordinates":[[16.3365,48.29328],[16.33672,48.29333]]}},{"type":"Feature","properties":{"boundary_score":0.0193,"activation_distance":0.04369},"geometry":{"type":"LineString","coordinates":[[16.33646,48.29289],[16.33659,48.29271]]}},{"type":"Feature","properties":{"boundary_score":0.0193,"activation_distance":0.04369},"geometry":{"type":"LineString","coordinates":[[16.33659,48.29271],[16.33646,48.29289]]}},{"type":"Feature","properties":{"boundary_score":0.0193,"activation_distance":0.04369},"geometry":{"type":"LineString","coordinates":[[16.33659,48.29271],[16.33673,48.29253]]}},{"type":"Feature","properties":{"boundary_score":0.0193,"activation_distance":0.04369},"geometry":{"type":"LineString","coordinates":[[16.33673,48.29253],[16.33659,48.29271]]}},{"type":"Feature","properties":{"boundary_score":0.0009,"activation_distance":0.03165},"geometry":{"type":"LineString","coordinates":[[16.39127,48.21293],[16.39138,48.21316]]}},{"type":"Feature","properties":{"boundary_score":0.0009,"activation_distance":0.03165},"geometry":{"type":"LineString","coordinates":[[16.39138,48.21316],[16.39127,48.21293]]}},{"type":"Feature","properties":{"boundary_score":0.006,"activation_distance":0.03497},"geometry":{"type":"LineString","coordinates":[[16.31891,48.22398],[16.31905,48.22424]]}},{"type":"Feature","properties":{"boundary_score":0.006,"activation_distance":0.03497},"geometry":{"type":"LineString","coordinates":[[16.31905,48.22424],[16.31891,48.22398]]}},{"type":"Feature","properties":{"boundary_score":0.1355,"activation_distance":0.11977},"geometry":{"type":"LineString","coordinates":[[16.31905,48.22424],[16.31918,48.22451]]}},{"type":"Feature","properties":{"boundary_score":0.1355,"activation_distance":0.11977},"geometry":{"type":"LineString","coordinates":[[16.31918,48.22451],[16.31905,48.22424]]}},{"type":"Feature","properties":{"boundary_score":0.0481,"activation_distance":0.06255},"geometry":{"type":"LineString","coordinates":[[16.32663,48.17334],[16.32684,48.1734]]}},{"type":"Feature","properties":{"boundary_score":0.0481,"activation_distance":0.06255},"geometry":{"type":"LineString","coordinates":[[16.32684,48.1734],[16.32663,48.17334]]}},{"type":"Feature","properties":{"boundary_score":0.0151,"activation_distance":0.04093},"geometry":{"type":"LineString","coordinates":[[16.29671,48.11556],[16.29694,48.11562]]}},{"type":"Feature","properties":{"boundary_score":0.0151,"activation_distance":0.04093},"geometry":{"type":"LineString","coordinates":[[16.29694,48.11562],[16.29671,48.11556]]}},{"type":"Feature","properties":{"boundary_score":0.0184,"activation_distance":0.04312},"geometry":{"type":"LineString","coordinates":[[16.2985,48.11626],[16.29872,48.11638]]}},{"type":"Feature","properties":{"boundary_score":0.0184,"activation_distance":0.04312},"geometry":{"type":"LineString","coordinates":[[16.29872,48.11638],[16.2985,48.11626]]}},{"type":"Feature","properties":{"boundary_score":0.06,"activation_distance":0.07033},"geometry":{"type":"LineString","coordinates":[[16.3195,48.17224],[16.31923,48.1722]]}},{"type":"Feature","properties":{"boundary_score":0.06,"activation_distance":0.07033},"geometry":{"type":"LineString","coordinates":[[16.31923,48.1722],[16.3195,48.17224]]}},{"type":"Feature","properties":{"boundary_score":0.0842,"activation_distance":0.08614},"geometry":{"type":"LineString","coordinates":[[16.3199,48.17289],[16.31984,48.17258]]}},{"type":"Feature","properties":{"boundary_score":0.0842,"activation_distance":0.08614},"geometry":{"type":"LineString","coordinates":[[16.31984,48.17258],[16.3199,48.17289]]}},{"type":"Feature","properties":{"boundary_score":0.2141,"activation_distance":0.17118},"geometry":{"type":"LineString","coordinates":[[16.31289,48.17125],[16.31265,48.17121]]}},{"type":"Feature","properties":{"boundary_score":0.2141,"activation_distance":0.17118},"geometry":{"type":"LineString","coordinates":[[16.31265,48.17121],[16.31289,48.17125]]}},{"type":"Feature","properties":{"boundary_score":0.0393,"activation_distance":0.05675},"geometry":{"type":"LineString","coordinates":[[16.31241,48.17117],[16.31218,48.17106]]}},{"type":"Feature","properties":{"boundary_score":0.0393,"activation_distance":0.05675},"geometry":{"type":"LineString","coordinates":[[16.31218,48.17106],[16.31241,48.17117]]}},{"type":"Feature","properties":{"boundary_score":0.0722,"activation_distance":0.07829},"geometry":{"type":"LineString","coordinates":[[16.49775,48.25483],[16.49775,48.25512]]}},{"type":"Feature","properties":{"boundary_score":0.0722,"activation_distance":0.07829},"geometry":{"type":"LineString","coordinates":[[16.49775,48.25512],[16.49775,48.25483]]}},{"type":"Feature","properties":{"boundary_score":0.1033,"activation_distance":0.09867},"geometry":{"type":"LineString","coordinates":[[16.49775,48.25512],[16.49776,48.2554]]}},{"type":"Feature","properties":{"boundary_score":0.1033,"activation_distance":0.09867},"geometry":{"type":"LineString","coordinates":[[16.49776,48.2554],[16.49775,48.25512]]}},{"type":"Feature","properties":{"boundary_score":0.1033,"activation_distance":0.09867},"geometry":{"type":"LineString","coordinates":[[16.49754,48.25547],[16.49776,48.2554]]}},{"type":"Feature","properties":{"boundary_score":0.1033,"activation_distance":0.09867},"geometry":{"type":"LineString","coordinates":[[16.49776,48.2554],[16.49754,48.25547]]}},{"type":"Feature","properties":{"boundary_score":0.2433,"activation_distance":0.19034},"geometry":{"type":"LineString","coordinates":[[16.5467,48.05723],[16.54646,48.05719]]}},{"type":"Feature","properties":{"boundary_score":0.2433,"activation_distance":0.19034},"geometry":{"type":"LineString","coordinates":[[16.54646,48.05719],[16.5467,48.05723]]}},{"type":"Feature","properties":{"boundary_score":0.1178,"activation_distance":0.10814},"geometry":{"type":"LineString","coordinates":[[16.3689,48.30428],[16.36909,48.30447]]}},{"type":"Feature","properties":{"boundary_score":0.1178,"activation_distance":0.10814},"geometry":{"type":"LineString","coordinates":[[16.36909,48.30447],[16.3689,48.30428]]}},{"type":"Feature","properties":{"boundary_score":0.2151,"activation_distance":0.17188},"geometry":{"type":"LineString","coordinates":[[16.37336,48.29392],[16.37316,48.29405]]}},{"type":"Feature","properties":{"boundary_score":0.2151,"activation_distance":0.17188},"geometry":{"type":"LineString","coordinates":[[16.37316,48.29405],[16.37336,48.29392]]}},{"type":"Feature","properties":{"boundary_score":0.013,"activation_distance":0.03957},"geometry":{"type":"LineString","coordinates":[[16.27849,48.12535],[16.27841,48.12557]]}},{"type":"Feature","properties":{"boundary_score":0.013,"activation_distance":0.03957},"geometry":{"type":"LineString","coordinates":[[16.27841,48.12557],[16.27849,48.12535]]}},{"type":"Feature","properties":{"boundary_score":0.0478,"activation_distance":0.06237},"geometry":{"type":"LineString","coordinates":[[16.26059,48.12934],[16.26077,48.1292]]}},{"type":"Feature","properties":{"boundary_score":0.0478,"activation_distance":0.06237},"geometry":{"type":"LineString","coordinates":[[16.26077,48.1292],[16.26059,48.12934]]}},{"type":"Feature","properties":{"boundary_score":0.0526,"activation_distance":0.06548},"geometry":{"type":"LineString","coordinates":[[16.26143,48.12853],[16.26157,48.12835]]}},{"type":"Feature","properties":{"boundary_score":0.0526,"activation_distance":0.06548},"geometry":{"type":"LineString","coordinates":[[16.26157,48.12835],[16.26143,48.12853]]}},{"type":"Feature","properties":{"boundary_score":0.2645,"activation_distance":0.20418},"geometry":{"type":"LineString","coordinates":[[16.42792,48.25192],[16.42791,48.25162]]}},{"type":"Feature","properties":{"boundary_score":0.2645,"activation_distance":0.20418},"geometry":{"type":"LineString","coordinates":[[16.42791,48.25162],[16.42792,48.25192]]}},{"type":"Feature","properties":{"boundary_score":0.0607,"activation_distance":0.07081},"geometry":{"type":"LineString","coordinates":[[16.4149,48.26326],[16.41512,48.2632]]}},{"type":"Feature","properties":{"boundary_score":0.0607,"activation_distance":0.07081},"geometry":{"type":"LineString","coordinates":[[16.41512,48.2632],[16.4149,48.26326]]}},{"type":"Feature","properties":{"boundary_score":0.2011,"activation_distance":0.16266},"geometry":{"type":"LineString","coordinates":[[16.39054,48.26444],[16.39078,48.26451]]}},{"type":"Feature","properties":{"boundary_score":0.2011,"activation_distance":0.16266},"geometry":{"type":"LineString","coordinates":[[16.39078,48.26451],[16.39054,48.26444]]}},{"type":"Feature","properties":{"boundary_score":0.5431,"activation_distance":0.38658},"geometry":{"type":"LineString","coordinates":[[16.36641,48.28174],[16.36622,48.28183]]}},{"type":"Feature","properties":{"boundary_score":0.5431,"activation_distance":0.38658},"geometry":{"type":"LineString","coordinates":[[16.36622,48.28183],[16.36641,48.28174]]}},{"type":"Feature","properties":{"boundary_score":0.0527,"activation_distance":0.06555},"geometry":{"type":"LineString","coordinates":[[16.37765,48.28228],[16.37752,48.28247]]}},{"type":"Feature","properties":{"boundary_score":0.0527,"activation_distance":0.06555},"geometry":{"type":"LineString","coordinates":[[16.37752,48.28247],[16.37765,48.28228]]}},{"type":"Feature","properties":{"boundary_score":0.038,"activation_distance":0.0559},"geometry":{"type":"LineString","coordinates":[[16.38377,48.27969],[16.38398,48.27953]]}},{"type":"Feature","properties":{"boundary_score":0.038,"activation_distance":0.0559},"geometry":{"type":"LineString","coordinates":[[16.38398,48.27953],[16.38377,48.27969]]}},{"type":"Feature","properties":{"boundary_score":0.0008,"activation_distance":0.03157},"geometry":{"type":"LineString","coordinates":[[16.38418,48.27966],[16.38398,48.27953]]}},{"type":"Feature","properties":{"boundary_score":0.0008,"activation_distance":0.03157},"geometry":{"type":"LineString","coordinates":[[16.38398,48.27953],[16.38418,48.27966]]}},{"type":"Feature","properties":{"boundary_score":0.038,"activation_distance":0.0559},"geometry":{"type":"LineString","coordinates":[[16.38416,48.2794],[16.38398,48.27953]]}},{"type":"Feature","properties":{"boundary_score":0.038,"activation_distance":0.0559},"geometry":{"type":"LineString","coordinates":[[16.38398,48.27953],[16.38416,48.2794]]}},{"type":"Feature","properties":{"boundary_score":0.2408,"activation_distance":0.18865},"geometry":{"type":"LineString","coordinates":[[16.39256,48.29499],[16.39235,48.2951]]}},{"type":"Feature","properties":{"boundary_score":0.2408,"activation_distance":0.18865},"geometry":{"type":"LineString","coordinates":[[16.39235,48.2951],[16.39256,48.29499]]}},{"type":"Feature","properties":{"boundary_score":0.0574,"activation_distance":0.06862},"geometry":{"type":"LineString","coordinates":[[16.3855,48.29017],[16.38534,48.28999]]}},{"type":"Feature","properties":{"boundary_score":0.0574,"activation_distance":0.06862},"geometry":{"type":"LineString","coordinates":[[16.38534,48.28999],[16.3855,48.29017]]}},{"type":"Feature","properties":{"boundary_score":0.1317,"activation_distance":0.11727},"geometry":{"type":"LineString","coordinates":[[16.32371,48.1618],[16.32349,48.16188]]}},{"type":"Feature","properties":{"boundary_score":0.1317,"activation_distance":0.11727},"geometry":{"type":"LineString","coordinates":[[16.32349,48.16188],[16.32371,48.1618]]}},{"type":"Feature","properties":{"boundary_score":0.0444,"activation_distance":0.06013},"geometry":{"type":"LineString","coordinates":[[16.31022,48.15907],[16.31034,48.15884]]}},{"type":"Feature","properties":{"boundary_score":0.0444,"activation_distance":0.06013},"geometry":{"type":"LineString","coordinates":[[16.31034,48.15884],[16.31022,48.15907]]}},{"type":"Feature","properties":{"boundary_score":0.0127,"activation_distance":0.03934},"geometry":{"type":"LineString","coordinates":[[16.30055,48.16719],[16.30074,48.16735]]}},{"type":"Feature","properties":{"boundary_score":0.0127,"activation_distance":0.03934},"geometry":{"type":"LineString","coordinates":[[16.30074,48.16735],[16.30055,48.16719]]}},{"type":"Feature","properties":{"boundary_score":0.0557,"activation_distance":0.06754},"geometry":{"type":"LineString","coordinates":[[16.2614,48.16731],[16.26163,48.16731]]}},{"type":"Feature","properties":{"boundary_score":0.0557,"activation_distance":0.06754},"geometry":{"type":"LineString","coordinates":[[16.26163,48.16731],[16.2614,48.16731]]}},{"type":"Feature","properties":{"boundary_score":0.0488,"activation_distance":0.063},"geometry":{"type":"LineString","coordinates":[[16.26904,48.15431],[16.26917,48.15449]]}},{"type":"Feature","properties":{"boundary_score":0.0488,"activation_distance":0.063},"geometry":{"type":"LineString","coordinates":[[16.26917,48.15449],[16.26904,48.15431]]}},{"type":"Feature","properties":{"boundary_score":0.0571,"activation_distance":0.06842},"geometry":{"type":"LineString","coordinates":[[16.27395,48.15119],[16.27409,48.15142]]}},{"type":"Feature","properties":{"boundary_score":0.0571,"activation_distance":0.06842},"geometry":{"type":"LineString","coordinates":[[16.27409,48.15142],[16.27395,48.15119]]}},{"type":"Feature","properties":{"boundary_score":0.0235,"activation_distance":0.04647},"geometry":{"type":"LineString","coordinates":[[16.28169,48.16559],[16.28154,48.16542]]}},{"type":"Feature","properties":{"boundary_score":0.0235,"activation_distance":0.04647},"geometry":{"type":"LineString","coordinates":[[16.28154,48.16542],[16.28169,48.16559]]}},{"type":"Feature","properties":{"boundary_score":0.0252,"activation_distance":0.04753},"geometry":{"type":"LineString","coordinates":[[16.27879,48.16306],[16.27864,48.16289]]}},{"type":"Feature","properties":{"boundary_score":0.0252,"activation_distance":0.04753},"geometry":{"type":"LineString","coordinates":[[16.27864,48.16289],[16.27879,48.16306]]}},{"type":"Feature","properties":{"boundary_score":0.212,"activation_distance":0.1698},"geometry":{"type":"LineString","coordinates":[[16.35449,48.16774],[16.35482,48.16759]]}},{"type":"Feature","properties":{"boundary_score":0.212,"activation_distance":0.1698},"geometry":{"type":"LineString","coordinates":[[16.35482,48.16759],[16.35449,48.16774]]}},{"type":"Feature","properties":{"boundary_score":0.0194,"activation_distance":0.04374},"geometry":{"type":"LineString","coordinates":[[16.28257,48.10599],[16.28236,48.10585]]}},{"type":"Feature","properties":{"boundary_score":0.0194,"activation_distance":0.04374},"geometry":{"type":"LineString","coordinates":[[16.28236,48.10585],[16.28257,48.10599]]}},{"type":"Feature","properties":{"boundary_score":0.0855,"activation_distance":0.08702},"geometry":{"type":"LineString","coordinates":[[16.35816,48.17466],[16.35794,48.17475]]}},{"type":"Feature","properties":{"boundary_score":0.0855,"activation_distance":0.08702},"geometry":{"type":"LineString","coordinates":[[16.35794,48.17475],[16.35816,48.17466]]}},{"type":"Feature","properties":{"boundary_score":0.2627,"activation_distance":0.20304},"geometry":{"type":"LineString","coordinates":[[16.51753,48.2164],[16.51728,48.2164]]}},{"type":"Feature","properties":{"boundary_score":0.2627,"activation_distance":0.20304},"geometry":{"type":"LineString","coordinates":[[16.51728,48.2164],[16.51753,48.2164]]}},{"type":"Feature","properties":{"boundary_score":0.2635,"activation_distance":0.20354},"geometry":{"type":"LineString","coordinates":[[16.51777,48.20218],[16.5175,48.20219]]}},{"type":"Feature","properties":{"boundary_score":0.2635,"activation_distance":0.20354},"geometry":{"type":"LineString","coordinates":[[16.5175,48.20219],[16.51777,48.20218]]}},{"type":"Feature","properties":{"boundary_score":0.1728,"activation_distance":0.14416},"geometry":{"type":"LineString","coordinates":[[16.51281,48.21171],[16.5128,48.21145]]}},{"type":"Feature","properties":{"boundary_score":0.1728,"activation_distance":0.14416},"geometry":{"type":"LineString","coordinates":[[16.5128,48.21145],[16.51281,48.21171]]}},{"type":"Feature","properties":{"boundary_score":0.3413,"activation_distance":0.25449},"geometry":{"type":"LineString","coordinates":[[16.5322,48.21762],[16.5321,48.2174]]}},{"type":"Feature","properties":{"boundary_score":0.3413,"activation_distance":0.25449},"geometry":{"type":"LineString","coordinates":[[16.5321,48.2174],[16.5322,48.21762]]}},{"type":"Feature","properties":{"boundary_score":0.1115,"activation_distance":0.10402},"geometry":{"type":"LineString","coordinates":[[16.53266,48.21612],[16.53241,48.21616]]}},{"type":"Feature","properties":{"boundary_score":0.1115,"activation_distance":0.10402},"geometry":{"type":"LineString","coordinates":[[16.53241,48.21616],[16.53266,48.21612]]}},{"type":"Feature","properties":{"boundary_score":0.0033,"activation_distance":0.03324},"geometry":{"type":"LineString","coordinates":[[16.29309,48.31402],[16.29351,48.31394]]}},{"type":"Feature","properties":{"boundary_score":0.0033,"activation_distance":0.03324},"geometry":{"type":"LineString","coordinates":[[16.29351,48.31394],[16.29309,48.31402]]}},{"type":"Feature","properties":{"boundary_score":0.0295,"activation_distance":0.05034},"geometry":{"type":"LineString","coordinates":[[16.27659,48.13093],[16.27643,48.13074]]}},{"type":"Feature","properties":{"boundary_score":0.0295,"activation_distance":0.05034},"geometry":{"type":"LineString","coordinates":[[16.27643,48.13074],[16.27659,48.13093]]}},{"type":"Feature","properties":{"boundary_score":0.2031,"activation_distance":0.16399},"geometry":{"type":"LineString","coordinates":[[16.42609,48.26233],[16.42585,48.26232]]}},{"type":"Feature","properties":{"boundary_score":0.2031,"activation_distance":0.16399},"geometry":{"type":"LineString","coordinates":[[16.42585,48.26232],[16.42609,48.26233]]}},{"type":"Feature","properties":{"boundary_score":0.0763,"activation_distance":0.08101},"geometry":{"type":"LineString","coordinates":[[16.43583,48.2623],[16.43591,48.26199]]}},{"type":"Feature","properties":{"boundary_score":0.0763,"activation_distance":0.08101},"geometry":{"type":"LineString","coordinates":[[16.43591,48.26199],[16.43583,48.2623]]}},{"type":"Feature","properties":{"boundary_score":0.0679,"activation_distance":0.07553},"geometry":{"type":"LineString","coordinates":[[16.42549,48.25563],[16.42534,48.25542]]}},{"type":"Feature","properties":{"boundary_score":0.0679,"activation_distance":0.07553},"geometry":{"type":"LineString","coordinates":[[16.42534,48.25542],[16.42549,48.25563]]}},{"type":"Feature","properties":{"boundary_score":0.0636,"activation_distance":0.07271},"geometry":{"type":"LineString","coordinates":[[16.28321,48.15761],[16.28297,48.15764]]}},{"type":"Feature","properties":{"boundary_score":0.0636,"activation_distance":0.07271},"geometry":{"type":"LineString","coordinates":[[16.28297,48.15764],[16.28321,48.15761]]}},{"type":"Feature","properties":{"boundary_score":0.2538,"activation_distance":0.19721},"geometry":{"type":"LineString","coordinates":[[16.41728,48.25322],[16.41705,48.25322]]}},{"type":"Feature","properties":{"boundary_score":0.2538,"activation_distance":0.19721},"geometry":{"type":"LineString","coordinates":[[16.41705,48.25322],[16.41728,48.25322]]}},{"type":"Feature","properties":{"boundary_score":0.0064,"activation_distance":0.03523},"geometry":{"type":"LineString","coordinates":[[16.47668,48.19978],[16.47645,48.19992]]}},{"type":"Feature","properties":{"boundary_score":0.0064,"activation_distance":0.03523},"geometry":{"type":"LineString","coordinates":[[16.47645,48.19992],[16.47668,48.19978]]}},{"type":"Feature","properties":{"boundary_score":0.1903,"activation_distance":0.15564},"geometry":{"type":"LineString","coordinates":[[16.31447,48.17581],[16.31461,48.176]]}},{"type":"Feature","properties":{"boundary_score":0.1903,"activation_distance":0.15564},"geometry":{"type":"LineString","coordinates":[[16.31461,48.176],[16.31447,48.17581]]}},{"type":"Feature","properties":{"boundary_score":0.0031,"activation_distance":0.03309},"geometry":{"type":"LineString","coordinates":[[16.35974,48.18131],[16.35947,48.18122]]}},{"type":"Feature","properties":{"boundary_score":0.0031,"activation_distance":0.03309},"geometry":{"type":"LineString","coordinates":[[16.35947,48.18122],[16.35974,48.18131]]}},{"type":"Feature","properties":{"boundary_score":0.0252,"activation_distance":0.04758},"geometry":{"type":"LineString","coordinates":[[16.4606,48.24028],[16.46043,48.24046]]}},{"type":"Feature","properties":{"boundary_score":0.0252,"activation_distance":0.04758},"geometry":{"type":"LineString","coordinates":[[16.46043,48.24046],[16.4606,48.24028]]}},{"type":"Feature","properties":{"boundary_score":0.1678,"activation_distance":0.14088},"geometry":{"type":"LineString","coordinates":[[16.45197,48.24531],[16.45183,48.24509]]}},{"type":"Feature","properties":{"boundary_score":0.1678,"activation_distance":0.14088},"geometry":{"type":"LineString","coordinates":[[16.45183,48.24509],[16.45197,48.24531]]}},{"type":"Feature","properties":{"boundary_score":0.0087,"activation_distance":0.03675},"geometry":{"type":"LineString","coordinates":[[16.4731,48.2592],[16.473,48.259]]}},{"type":"Feature","properties":{"boundary_score":0.0087,"activation_distance":0.03675},"geometry":{"type":"LineString","coordinates":[[16.473,48.259],[16.4731,48.2592]]}},{"type":"Feature","properties":{"boundary_score":0.038,"activation_distance":0.05596},"geometry":{"type":"LineString","coordinates":[[16.473,48.259],[16.47289,48.2588]]}},{"type":"Feature","properties":{"boundary_score":0.038,"activation_distance":0.05596},"geometry":{"type":"LineString","coordinates":[[16.47289,48.2588],[16.473,48.259]]}},{"type":"Feature","properties":{"boundary_score":0.0254,"activation_distance":0.04771},"geometry":{"type":"LineString","coordinates":[[16.4838,48.20432],[16.48354,48.20435]]}},{"type":"Feature","properties":{"boundary_score":0.0254,"activation_distance":0.04771},"geometry":{"type":"LineString","coordinates":[[16.48354,48.20435],[16.4838,48.20432]]}},{"type":"Feature","properties":{"boundary_score":0.0432,"activation_distance":0.05932},"geometry":{"type":"LineString","coordinates":[[16.37476,48.1515],[16.37453,48.15154]]}},{"type":"Feature","properties":{"boundary_score":0.0432,"activation_distance":0.05932},"geometry":{"type":"LineString","coordinates":[[16.37453,48.15154],[16.37476,48.1515]]}},{"type":"Feature","properties":{"boundary_score":0.0047,"activation_distance":0.03416},"geometry":{"type":"LineString","coordinates":[[16.4471,48.24436],[16.447,48.24414]]}},{"type":"Feature","properties":{"boundary_score":0.0047,"activation_distance":0.03416},"geometry":{"type":"LineString","coordinates":[[16.447,48.24414],[16.4471,48.24436]]}},{"type":"Feature","properties":{"boundary_score":0.2041,"activation_distance":0.16466},"geometry":{"type":"LineString","coordinates":[[16.46396,48.26118],[16.46383,48.26097]]}},{"type":"Feature","properties":{"boundary_score":0.2041,"activation_distance":0.16466},"geometry":{"type":"LineString","coordinates":[[16.46383,48.26097],[16.46396,48.26118]]}},{"type":"Feature","properties":{"boundary_score":0.0201,"activation_distance":0.04419},"geometry":{"type":"LineString","coordinates":[[16.42804,48.24967],[16.42805,48.24992]]}},{"type":"Feature","properties":{"boundary_score":0.0201,"activation_distance":0.04419},"geometry":{"type":"LineString","coordinates":[[16.42805,48.24992],[16.42804,48.24967]]}},{"type":"Feature","properties":{"boundary_score":0.0946,"activation_distance":0.09299},"geometry":{"type":"LineString","coordinates":[[16.34156,48.25132],[16.34151,48.2511]]}},{"type":"Feature","properties":{"boundary_score":0.0946,"activation_distance":0.09299},"geometry":{"type":"LineString","coordinates":[[16.34151,48.2511],[16.34156,48.25132]]}},{"type":"Feature","properties":{"boundary_score":0.2112,"activation_distance":0.16929},"geometry":{"type":"LineString","coordinates":[[16.37413,48.25138],[16.37398,48.25154]]}},{"type":"Feature","properties":{"boundary_score":0.2112,"activation_distance":0.16929},"geometry":{"type":"LineString","coordinates":[[16.37398,48.25154],[16.37413,48.25138]]}},{"type":"Feature","properties":{"boundary_score":0.0303,"activation_distance":0.05086},"geometry":{"type":"LineString","coordinates":[[16.3746,48.25361],[16.37439,48.25371]]}},{"type":"Feature","properties":{"boundary_score":0.0303,"activation_distance":0.05086},"geometry":{"type":"LineString","coordinates":[[16.37439,48.25371],[16.3746,48.25361]]}},{"type":"Feature","properties":{"boundary_score":0.0196,"activation_distance":0.04387},"geometry":{"type":"LineString","coordinates":[[16.37297,48.25444],[16.37274,48.25447]]}},{"type":"Feature","properties":{"boundary_score":0.0196,"activation_distance":0.04387},"geometry":{"type":"LineString","coordinates":[[16.37274,48.25447],[16.37297,48.25444]]}},{"type":"Feature","properties":{"boundary_score":0.0842,"activation_distance":0.08617},"geometry":{"type":"LineString","coordinates":[[16.28552,48.22604],[16.28536,48.22588]]}},{"type":"Feature","properties":{"boundary_score":0.0842,"activation_distance":0.08617},"geometry":{"type":"LineString","coordinates":[[16.28536,48.22588],[16.28552,48.22604]]}},{"type":"Feature","properties":{"boundary_score":0.1336,"activation_distance":0.11851},"geometry":{"type":"LineString","coordinates":[[16.28694,48.22544],[16.28719,48.22544]]}},{"type":"Feature","properties":{"boundary_score":0.1336,"activation_distance":0.11851},"geometry":{"type":"LineString","coordinates":[[16.28719,48.22544],[16.28694,48.22544]]}},{"type":"Feature","properties":{"boundary_score":0.2797,"activation_distance":0.21415},"geometry":{"type":"LineString","coordinates":[[16.4885,48.13815],[16.48841,48.13836]]}},{"type":"Feature","properties":{"boundary_score":0.2797,"activation_distance":0.21415},"geometry":{"type":"LineString","coordinates":[[16.48841,48.13836],[16.4885,48.13815]]}},{"type":"Feature","properties":{"boundary_score":0.006,"activation_distance":0.03497},"geometry":{"type":"LineString","coordinates":[[16.48841,48.13836],[16.48833,48.13857]]}},{"type":"Feature","properties":{"boundary_score":0.006,"activation_distance":0.03497},"geometry":{"type":"LineString","coordinates":[[16.48833,48.13857],[16.48841,48.13836]]}},{"type":"Feature","properties":{"boundary_score":0.3557,"activation_distance":0.2639},"geometry":{"type":"LineString","coordinates":[[16.48744,48.15138],[16.48722,48.15144]]}},{"type":"Feature","properties":{"boundary_score":0.3557,"activation_distance":0.2639},"geometry":{"type":"LineString","coordinates":[[16.48722,48.15144],[16.48744,48.15138]]}},{"type":"Feature","properties":{"boundary_score":0.0073,"activation_distance":0.03584},"geometry":{"type":"LineString","coordinates":[[16.4906,48.15057],[16.49035,48.1506]]}},{"type":"Feature","properties":{"boundary_score":0.0073,"activation_distance":0.03584},"geometry":{"type":"LineString","coordinates":[[16.49035,48.1506],[16.4906,48.15057]]}},{"type":"Feature","properties":{"boundary_score":0.0258,"activation_distance":0.04796},"geometry":{"type":"LineString","coordinates":[[16.48805,48.14836],[16.48816,48.14856]]}},{"type":"Feature","properties":{"boundary_score":0.0258,"activation_distance":0.04796},"geometry":{"type":"LineString","coordinates":[[16.48816,48.14856],[16.48805,48.14836]]}},{"type":"Feature","properties":{"boundary_score":0.0733,"activation_distance":0.07904},"geometry":{"type":"LineString","coordinates":[[16.48883,48.15086],[16.48905,48.1508]]}},{"type":"Feature","properties":{"boundary_score":0.0733,"activation_distance":0.07904},"geometry":{"type":"LineString","coordinates":[[16.48905,48.1508],[16.48883,48.15086]]}},{"type":"Feature","properties":{"boundary_score":0.1441,"activation_distance":0.12538},"geometry":{"type":"LineString","coordinates":[[16.49014,48.15047],[16.49035,48.1504]]}},{"type":"Feature","properties":{"boundary_score":0.1441,"activation_distance":0.12538},"geometry":{"type":"LineString","coordinates":[[16.49035,48.1504],[16.49014,48.15047]]}},{"type":"Feature","properties":{"boundary_score":0.1233,"activation_distance":0.11175},"geometry":{"type":"LineString","coordinates":[[16.48743,48.14829],[16.48768,48.14828]]}},{"type":"Feature","properties":{"boundary_score":0.1233,"activation_distance":0.11175},"geometry":{"type":"LineString","coordinates":[[16.48768,48.14828],[16.48743,48.14829]]}},{"type":"Feature","properties":{"boundary_score":0.0539,"activation_distance":0.06636},"geometry":{"type":"LineString","coordinates":[[16.52287,48.14348],[16.52312,48.14342]]}},{"type":"Feature","properties":{"boundary_score":0.0539,"activation_distance":0.06636},"geometry":{"type":"LineString","coordinates":[[16.52312,48.14342],[16.52287,48.14348]]}},{"type":"Feature","properties":{"boundary_score":0.0849,"activation_distance":0.08661},"geometry":{"type":"LineString","coordinates":[[16.5074,48.14655],[16.50724,48.14631]]}},{"type":"Feature","properties":{"boundary_score":0.0849,"activation_distance":0.08661},"geometry":{"type":"LineString","coordinates":[[16.50724,48.14631],[16.5074,48.14655]]}},{"type":"Feature","properties":{"boundary_score":0.5652,"activation_distance":0.401},"geometry":{"type":"LineString","coordinates":[[16.48825,48.13834],[16.48833,48.13813]]}},{"type":"Feature","properties":{"boundary_score":0.5652,"activation_distance":0.401},"geometry":{"type":"LineString","coordinates":[[16.48833,48.13813],[16.48825,48.13834]]}},{"type":"Feature","properties":{"boundary_score":0.0756,"activation_distance":0.08054},"geometry":{"type":"LineString","coordinates":[[16.48862,48.1473],[16.48866,48.14753]]}},{"type":"Feature","properties":{"boundary_score":0.0756,"activation_distance":0.08054},"geometry":{"type":"LineString","coordinates":[[16.48866,48.14753],[16.48862,48.1473]]}},{"type":"Feature","properties":{"boundary_score":0.0468,"activation_distance":0.06169},"geometry":{"type":"LineString","coordinates":[[16.25565,48.08586],[16.2558,48.08559]]}},{"type":"Feature","properties":{"boundary_score":0.0468,"activation_distance":0.06169},"geometry":{"type":"LineString","coordinates":[[16.2558,48.08559],[16.25565,48.08586]]}},{"type":"Feature","properties":{"boundary_score":0.0468,"activation_distance":0.06169},"geometry":{"type":"LineString","coordinates":[[16.25547,48.0856],[16.2558,48.08559]]}},{"type":"Feature","properties":{"boundary_score":0.0468,"activation_distance":0.06169},"geometry":{"type":"LineString","coordinates":[[16.2558,48.08559],[16.25547,48.0856]]}},{"type":"Feature","properties":{"boundary_score":0.0027,"activation_distance":0.03282},"geometry":{"type":"LineString","coordinates":[[16.31184,48.2531],[16.31164,48.253]]}},{"type":"Feature","properties":{"boundary_score":0.0027,"activation_distance":0.03282},"geometry":{"type":"LineString","coordinates":[[16.31164,48.253],[16.31184,48.2531]]}},{"type":"Feature","properties":{"boundary_score":0.0239,"activation_distance":0.0467},"geometry":{"type":"LineString","coordinates":[[16.31202,48.25323],[16.31224,48.25314]]}},{"type":"Feature","properties":{"boundary_score":0.0239,"activation_distance":0.0467},"geometry":{"type":"LineString","coordinates":[[16.31224,48.25314],[16.31202,48.25323]]}},{"type":"Feature","properties":{"boundary_score":0.082,"activation_distance":0.08472},"geometry":{"type":"LineString","coordinates":[[16.47106,48.12298],[16.47119,48.12319]]}},{"type":"Feature","properties":{"boundary_score":0.082,"activation_distance":0.08472},"geometry":{"type":"LineString","coordinates":[[16.47119,48.12319],[16.47106,48.12298]]}},{"type":"Feature","properties":{"boundary_score":0.2698,"activation_distance":0.20767},"geometry":{"type":"LineString","coordinates":[[16.45386,48.09671],[16.45398,48.09693]]}},{"type":"Feature","properties":{"boundary_score":0.2698,"activation_distance":0.20767},"geometry":{"type":"LineString","coordinates":[[16.45398,48.09693],[16.45386,48.09671]]}},{"type":"Feature","properties":{"boundary_score":0.236,"activation_distance":0.18552},"geometry":{"type":"LineString","coordinates":[[16.45462,48.09715],[16.45479,48.09697]]}},{"type":"Feature","properties":{"boundary_score":0.236,"activation_distance":0.18552},"geometry":{"type":"LineString","coordinates":[[16.45479,48.09697],[16.45462,48.09715]]}},{"type":"Feature","properties":{"boundary_score":0.0236,"activation_distance":0.04649},"geometry":{"type":"LineString","coordinates":[[16.47905,48.23751],[16.47894,48.23782]]}},{"type":"Feature","properties":{"boundary_score":0.0236,"activation_distance":0.04649},"geometry":{"type":"LineString","coordinates":[[16.47894,48.23782],[16.47905,48.23751]]}},{"type":"Feature","properties":{"boundary_score":0.0201,"activation_distance":0.04419},"geometry":{"type":"LineString","coordinates":[[16.42784,48.24994],[16.42783,48.24969]]}},{"type":"Feature","properties":{"boundary_score":0.0201,"activation_distance":0.04419},"geometry":{"type":"LineString","coordinates":[[16.42783,48.24969],[16.42784,48.24994]]}},{"type":"Feature","properties":{"boundary_score":0.0009,"activation_distance":0.03164},"geometry":{"type":"LineString","coordinates":[[16.33405,48.17647],[16.33414,48.17617]]}},{"type":"Feature","properties":{"boundary_score":0.0009,"activation_distance":0.03164},"geometry":{"type":"LineString","coordinates":[[16.33414,48.17617],[16.33405,48.17647]]}},{"type":"Feature","properties":{"boundary_score":0.0648,"activation_distance":0.07349},"geometry":{"type":"LineString","coordinates":[[16.34117,48.18327],[16.34094,48.18319]]}},{"type":"Feature","properties":{"boundary_score":0.0648,"activation_distance":0.07349},"geometry":{"type":"LineString","coordinates":[[16.34094,48.18319],[16.34117,48.18327]]}},{"type":"Feature","properties":{"boundary_score":0.1075,"activation_distance":0.10144},"geometry":{"type":"LineString","coordinates":[[16.35816,48.25898],[16.35822,48.25874]]}},{"type":"Feature","properties":{"boundary_score":0.1075,"activation_distance":0.10144},"geometry":{"type":"LineString","coordinates":[[16.35822,48.25874],[16.35816,48.25898]]}},{"type":"Feature","properties":{"boundary_score":0.1075,"activation_distance":0.10144},"geometry":{"type":"LineString","coordinates":[[16.35816,48.25898],[16.35813,48.25913]]}},{"type":"Feature","properties":{"boundary_score":0.1075,"activation_distance":0.10144},"geometry":{"type":"LineString","coordinates":[[16.35813,48.25913],[16.35816,48.25898]]}},{"type":"Feature","properties":{"boundary_score":0.0876,"activation_distance":0.08839},"geometry":{"type":"LineString","coordinates":[[16.35792,48.25904],[16.35813,48.25913]]}},{"type":"Feature","properties":{"boundary_score":0.0876,"activation_distance":0.08839},"geometry":{"type":"LineString","coordinates":[[16.35813,48.25913],[16.35792,48.25904]]}},{"type":"Feature","properties":{"boundary_score":0.0123,"activation_distance":0.0391},"geometry":{"type":"LineString","coordinates":[[16.35368,48.25709],[16.35372,48.25684]]}},{"type":"Feature","properties":{"boundary_score":0.0123,"activation_distance":0.0391},"geometry":{"type":"LineString","coordinates":[[16.35372,48.25684],[16.35368,48.25709]]}},{"type":"Feature","properties":{"boundary_score":0.0236,"activation_distance":0.04648},"geometry":{"type":"LineString","coordinates":[[16.35375,48.25657],[16.35372,48.25684]]}},{"type":"Feature","properties":{"boundary_score":0.0236,"activation_distance":0.04648},"geometry":{"type":"LineString","coordinates":[[16.35372,48.25684],[16.35375,48.25657]]}},{"type":"Feature","properties":{"boundary_score":0.0979,"activation_distance":0.09516},"geometry":{"type":"LineString","coordinates":[[16.47112,48.30138],[16.47135,48.30133]]}},{"type":"Feature","properties":{"boundary_score":0.0979,"activation_distance":0.09516},"geometry":{"type":"LineString","coordinates":[[16.47135,48.30133],[16.47112,48.30138]]}},{"type":"Feature","properties":{"boundary_score":0.2286,"activation_distance":0.18066},"geometry":{"type":"LineString","coordinates":[[16.3926,48.17486],[16.3927,48.17516]]}},{"type":"Feature","properties":{"boundary_score":0.2286,"activation_distance":0.18066},"geometry":{"type":"LineString","coordinates":[[16.3927,48.17516],[16.3926,48.17486]]}},{"type":"Feature","properties":{"boundary_score":0.2018,"activation_distance":0.16317},"geometry":{"type":"LineString","coordinates":[[16.38837,48.1732],[16.38821,48.17284]]}},{"type":"Feature","properties":{"boundary_score":0.2018,"activation_distance":0.16317},"geometry":{"type":"LineString","coordinates":[[16.38821,48.17284],[16.38837,48.1732]]}},{"type":"Feature","properties":{"boundary_score":0.0056,"activation_distance":0.03472},"geometry":{"type":"LineString","coordinates":[[16.41586,48.23133],[16.41609,48.23133]]}},{"type":"Feature","properties":{"boundary_score":0.0056,"activation_distance":0.03472},"geometry":{"type":"LineString","coordinates":[[16.41609,48.23133],[16.41586,48.23133]]}},{"type":"Feature","properties":{"boundary_score":0.1205,"activation_distance":0.10991},"geometry":{"type":"LineString","coordinates":[[16.46396,48.2378],[16.46411,48.23798]]}},{"type":"Feature","properties":{"boundary_score":0.1205,"activation_distance":0.10991},"geometry":{"type":"LineString","coordinates":[[16.46411,48.23798],[16.46396,48.2378]]}},{"type":"Feature","properties":{"boundary_score":0.2234,"activation_distance":0.17726},"geometry":{"type":"LineString","coordinates":[[16.4337,48.20274],[16.4339,48.20261]]}},{"type":"Feature","properties":{"boundary_score":0.2234,"activation_distance":0.17726},"geometry":{"type":"LineString","coordinates":[[16.4339,48.20261],[16.4337,48.20274]]}},{"type":"Feature","properties":{"boundary_score":0.052,"activation_distance":0.06509},"geometry":{"type":"LineString","coordinates":[[16.4337,48.20274],[16.43389,48.20286]]}},{"type":"Feature","properties":{"boundary_score":0.052,"activation_distance":0.06509},"geometry":{"type":"LineString","coordinates":[[16.43389,48.20286],[16.4337,48.20274]]}},{"type":"Feature","properties":{"boundary_score":0.0417,"activation_distance":0.05832},"geometry":{"type":"LineString","coordinates":[[16.41578,48.20142],[16.41599,48.20134]]}},{"type":"Feature","properties":{"boundary_score":0.0417,"activation_distance":0.05832},"geometry":{"type":"LineString","coordinates":[[16.41599,48.20134],[16.41578,48.20142]]}},{"type":"Feature","properties":{"boundary_score":0.009,"activation_distance":0.03692},"geometry":{"type":"LineString","coordinates":[[16.31325,48.22372],[16.31346,48.22365]]}},{"type":"Feature","properties":{"boundary_score":0.009,"activation_distance":0.03692},"geometry":{"type":"LineString","coordinates":[[16.31346,48.22365],[16.31325,48.22372]]}},{"type":"Feature","properties":{"boundary_score":0.1758,"activation_distance":0.14612},"geometry":{"type":"LineString","coordinates":[[16.31981,48.15796],[16.31956,48.158]]}},{"type":"Feature","properties":{"boundary_score":0.1758,"activation_distance":0.14612},"geometry":{"type":"LineString","coordinates":[[16.31956,48.158],[16.31981,48.15796]]}},{"type":"Feature","properties":{"boundary_score":0.012,"activation_distance":0.03889},"geometry":{"type":"LineString","coordinates":[[16.30768,48.24549],[16.30745,48.24552]]}},{"type":"Feature","properties":{"boundary_score":0.012,"activation_distance":0.03889},"geometry":{"type":"LineString","coordinates":[[16.30745,48.24552],[16.30768,48.24549]]}},{"type":"Feature","properties":{"boundary_score":0.0161,"activation_distance":0.04163},"geometry":{"type":"LineString","coordinates":[[16.42588,48.17134],[16.42567,48.17145]]}},{"type":"Feature","properties":{"boundary_score":0.0161,"activation_distance":0.04163},"geometry":{"type":"LineString","coordinates":[[16.42567,48.17145],[16.42588,48.17134]]}},{"type":"Feature","properties":{"boundary_score":0.0537,"activation_distance":0.06623},"geometry":{"type":"LineString","coordinates":[[16.42443,48.17209],[16.42423,48.1722]]}},{"type":"Feature","properties":{"boundary_score":0.0537,"activation_distance":0.06623},"geometry":{"type":"LineString","coordinates":[[16.42423,48.1722],[16.42443,48.17209]]}},{"type":"Feature","properties":{"boundary_score":0.0478,"activation_distance":0.06232},"geometry":{"type":"LineString","coordinates":[[16.42714,48.17348],[16.42724,48.17326]]}},{"type":"Feature","properties":{"boundary_score":0.0478,"activation_distance":0.06232},"geometry":{"type":"LineString","coordinates":[[16.42724,48.17326],[16.42714,48.17348]]}},{"type":"Feature","properties":{"boundary_score":0.0478,"activation_distance":0.06232},"geometry":{"type":"LineString","coordinates":[[16.4273,48.17329],[16.42714,48.17348]]}},{"type":"Feature","properties":{"boundary_score":0.0478,"activation_distance":0.06232},"geometry":{"type":"LineString","coordinates":[[16.42714,48.17348],[16.4273,48.17329]]}},{"type":"Feature","properties":{"boundary_score":0.0409,"activation_distance":0.05782},"geometry":{"type":"LineString","coordinates":[[16.42713,48.17349],[16.42704,48.17371]]}},{"type":"Feature","properties":{"boundary_score":0.0409,"activation_distance":0.05782},"geometry":{"type":"LineString","coordinates":[[16.42704,48.17371],[16.42713,48.17349]]}},{"type":"Feature","properties":{"boundary_score":0.3495,"activation_distance":0.25983},"geometry":{"type":"LineString","coordinates":[[16.43853,48.1321],[16.4386,48.13232]]}},{"type":"Feature","properties":{"boundary_score":0.3495,"activation_distance":0.25983},"geometry":{"type":"LineString","coordinates":[[16.4386,48.13232],[16.43853,48.1321]]}},{"type":"Feature","properties":{"boundary_score":0.0121,"activation_distance":0.03896},"geometry":{"type":"LineString","coordinates":[[16.38535,48.14478],[16.38545,48.145]]}},{"type":"Feature","properties":{"boundary_score":0.0121,"activation_distance":0.03896},"geometry":{"type":"LineString","coordinates":[[16.38545,48.145],[16.38535,48.14478]]}},{"type":"Feature","properties":{"boundary_score":0.1847,"activation_distance":0.15198},"geometry":{"type":"LineString","coordinates":[[16.33115,48.12376],[16.33093,48.12384]]}},{"type":"Feature","properties":{"boundary_score":0.1847,"activation_distance":0.15198},"geometry":{"type":"LineString","coordinates":[[16.33093,48.12384],[16.33115,48.12376]]}},{"type":"Feature","properties":{"boundary_score":0.1919,"activation_distance":0.15667},"geometry":{"type":"LineString","coordinates":[[16.33123,48.12445],[16.33113,48.12425]]}},{"type":"Feature","properties":{"boundary_score":0.1919,"activation_distance":0.15667},"geometry":{"type":"LineString","coordinates":[[16.33113,48.12425],[16.33123,48.12445]]}},{"type":"Feature","properties":{"boundary_score":0.3216,"activation_distance":0.24158},"geometry":{"type":"LineString","coordinates":[[16.35919,48.08512],[16.35922,48.08489]]}},{"type":"Feature","properties":{"boundary_score":0.3216,"activation_distance":0.24158},"geometry":{"type":"LineString","coordinates":[[16.35922,48.08489],[16.35919,48.08512]]}},{"type":"Feature","properties":{"boundary_score":0.0125,"activation_distance":0.03922},"geometry":{"type":"LineString","coordinates":[[16.31765,48.08283],[16.31788,48.08284]]}},{"type":"Feature","properties":{"boundary_score":0.0125,"activation_distance":0.03922},"geometry":{"type":"LineString","coordinates":[[16.31788,48.08284],[16.31765,48.08283]]}},{"type":"Feature","properties":{"boundary_score":0.1152,"activation_distance":0.10647},"geometry":{"type":"LineString","coordinates":[[16.31816,48.08239],[16.31839,48.08241]]}},{"type":"Feature","properties":{"boundary_score":0.1152,"activation_distance":0.10647},"geometry":{"type":"LineString","coordinates":[[16.31839,48.08241],[16.31816,48.08239]]}},{"type":"Feature","properties":{"boundary_score":0.017,"activation_distance":0.04216},"geometry":{"type":"LineString","coordinates":[[16.31023,48.0909],[16.31044,48.09097]]}},{"type":"Feature","properties":{"boundary_score":0.017,"activation_distance":0.04216},"geometry":{"type":"LineString","coordinates":[[16.31044,48.09097],[16.31023,48.0909]]}},{"type":"Feature","properties":{"boundary_score":0.0521,"activation_distance":0.06513},"geometry":{"type":"LineString","coordinates":[[16.29904,48.07606],[16.29912,48.07629]]}},{"type":"Feature","properties":{"boundary_score":0.0521,"activation_distance":0.06513},"geometry":{"type":"LineString","coordinates":[[16.29912,48.07629],[16.29904,48.07606]]}},{"type":"Feature","properties":{"boundary_score":0.1553,"activation_distance":0.1327},"geometry":{"type":"LineString","coordinates":[[16.30264,48.0903],[16.30287,48.09042]]}},{"type":"Feature","properties":{"boundary_score":0.1553,"activation_distance":0.1327},"geometry":{"type":"LineString","coordinates":[[16.30287,48.09042],[16.30264,48.0903]]}},{"type":"Feature","properties":{"boundary_score":0.0645,"activation_distance":0.0733},"geometry":{"type":"LineString","coordinates":[[16.32562,48.06368],[16.32553,48.06389]]}},{"type":"Feature","properties":{"boundary_score":0.0645,"activation_distance":0.0733},"geometry":{"type":"LineString","coordinates":[[16.32553,48.06389],[16.32562,48.06368]]}},{"type":"Feature","properties":{"boundary_score":0.2399,"activation_distance":0.18809},"geometry":{"type":"LineString","coordinates":[[16.32498,48.06331],[16.32493,48.06354]]}},{"type":"Feature","properties":{"boundary_score":0.2399,"activation_distance":0.18809},"geometry":{"type":"LineString","coordinates":[[16.32493,48.06354],[16.32498,48.06331]]}},{"type":"Feature","properties":{"boundary_score":0.5632,"activation_distance":0.39969},"geometry":{"type":"LineString","coordinates":[[16.31224,48.05919],[16.31202,48.05925]]}},{"type":"Feature","properties":{"boundary_score":0.5632,"activation_distance":0.39969},"geometry":{"type":"LineString","coordinates":[[16.31202,48.05925],[16.31224,48.05919]]}},{"type":"Feature","properties":{"boundary_score":0.0447,"activation_distance":0.06029},"geometry":{"type":"LineString","coordinates":[[16.39208,48.11685],[16.39199,48.11663]]}},{"type":"Feature","properties":{"boundary_score":0.0447,"activation_distance":0.06029},"geometry":{"type":"LineString","coordinates":[[16.39199,48.11663],[16.39208,48.11685]]}},{"type":"Feature","properties":{"boundary_score":0.0271,"activation_distance":0.0488},"geometry":{"type":"LineString","coordinates":[[16.39213,48.11898],[16.39223,48.1192]]}},{"type":"Feature","properties":{"boundary_score":0.0271,"activation_distance":0.0488},"geometry":{"type":"LineString","coordinates":[[16.39223,48.1192],[16.39213,48.11898]]}},{"type":"Feature","properties":{"boundary_score":0.0271,"activation_distance":0.0488},"geometry":{"type":"LineString","coordinates":[[16.39199,48.11984],[16.3921,48.1201]]}},{"type":"Feature","properties":{"boundary_score":0.0271,"activation_distance":0.0488},"geometry":{"type":"LineString","coordinates":[[16.3921,48.1201],[16.39199,48.11984]]}},{"type":"Feature","properties":{"boundary_score":0.1806,"activation_distance":0.14927},"geometry":{"type":"LineString","coordinates":[[16.39672,48.10806],[16.39649,48.10812]]}},{"type":"Feature","properties":{"boundary_score":0.1806,"activation_distance":0.14927},"geometry":{"type":"LineString","coordinates":[[16.39649,48.10812],[16.39672,48.10806]]}},{"type":"Feature","properties":{"boundary_score":0.0644,"activation_distance":0.07318},"geometry":{"type":"LineString","coordinates":[[16.40281,48.10476],[16.40256,48.10487]]}},{"type":"Feature","properties":{"boundary_score":0.0644,"activation_distance":0.07318},"geometry":{"type":"LineString","coordinates":[[16.40256,48.10487],[16.40281,48.10476]]}},{"type":"Feature","properties":{"boundary_score":0.0065,"activation_distance":0.03532},"geometry":{"type":"LineString","coordinates":[[16.40542,48.18538],[16.40527,48.1852]]}},{"type":"Feature","properties":{"boundary_score":0.0065,"activation_distance":0.03532},"geometry":{"type":"LineString","coordinates":[[16.40527,48.1852],[16.40542,48.18538]]}},{"type":"Feature","properties":{"boundary_score":0.008,"activation_distance":0.03626},"geometry":{"type":"LineString","coordinates":[[16.36824,48.11154],[16.36835,48.11175]]}},{"type":"Feature","properties":{"boundary_score":0.008,"activation_distance":0.03626},"geometry":{"type":"LineString","coordinates":[[16.36835,48.11175],[16.36824,48.11154]]}},{"type":"Feature","properties":{"boundary_score":0.0088,"activation_distance":0.03684},"geometry":{"type":"LineString","coordinates":[[16.25422,48.21989],[16.25416,48.21967]]}},{"type":"Feature","properties":{"boundary_score":0.0088,"activation_distance":0.03684},"geometry":{"type":"LineString","coordinates":[[16.25416,48.21967],[16.25422,48.21989]]}},{"type":"Feature","properties":{"boundary_score":0.1356,"activation_distance":0.11983},"geometry":{"type":"LineString","coordinates":[[16.39593,48.18604],[16.3961,48.18589]]}},{"type":"Feature","properties":{"boundary_score":0.1356,"activation_distance":0.11983},"geometry":{"type":"LineString","coordinates":[[16.3961,48.18589],[16.39593,48.18604]]}},{"type":"Feature","properties":{"boundary_score":0.0106,"activation_distance":0.03802},"geometry":{"type":"LineString","coordinates":[[16.39685,48.185],[16.39699,48.18482]]}},{"type":"Feature","properties":{"boundary_score":0.0106,"activation_distance":0.03802},"geometry":{"type":"LineString","coordinates":[[16.39699,48.18482],[16.39685,48.185]]}},{"type":"Feature","properties":{"boundary_score":0.1312,"activation_distance":0.11696},"geometry":{"type":"LineString","coordinates":[[16.39586,48.18598],[16.39606,48.18587]]}},{"type":"Feature","properties":{"boundary_score":0.1312,"activation_distance":0.11696},"geometry":{"type":"LineString","coordinates":[[16.39606,48.18587],[16.39586,48.18598]]}},{"type":"Feature","properties":{"boundary_score":0.0738,"activation_distance":0.07937},"geometry":{"type":"LineString","coordinates":[[16.40022,48.18112],[16.40041,48.18099]]}},{"type":"Feature","properties":{"boundary_score":0.0738,"activation_distance":0.07937},"geometry":{"type":"LineString","coordinates":[[16.40041,48.18099],[16.40022,48.18112]]}},{"type":"Feature","properties":{"boundary_score":0.01,"activation_distance":0.03763},"geometry":{"type":"LineString","coordinates":[[16.40005,48.181],[16.40017,48.1808]]}},{"type":"Feature","properties":{"boundary_score":0.01,"activation_distance":0.03763},"geometry":{"type":"LineString","coordinates":[[16.40017,48.1808],[16.40005,48.181]]}},{"type":"Feature","properties":{"boundary_score":0.0569,"activation_distance":0.06828},"geometry":{"type":"LineString","coordinates":[[16.39817,48.18745],[16.39836,48.1876]]}},{"type":"Feature","properties":{"boundary_score":0.0569,"activation_distance":0.06828},"geometry":{"type":"LineString","coordinates":[[16.39836,48.1876],[16.39817,48.18745]]}},{"type":"Feature","properties":{"boundary_score":0.08,"activation_distance":0.08342},"geometry":{"type":"LineString","coordinates":[[16.4066,48.17479],[16.40662,48.175]]}},{"type":"Feature","properties":{"boundary_score":0.08,"activation_distance":0.08342},"geometry":{"type":"LineString","coordinates":[[16.40662,48.175],[16.4066,48.17479]]}},{"type":"Feature","properties":{"boundary_score":0.2644,"activation_distance":0.20413},"geometry":{"type":"LineString","coordinates":[[16.40017,48.17658],[16.40025,48.17676]]}},{"type":"Feature","properties":{"boundary_score":0.2644,"activation_distance":0.20413},"geometry":{"type":"LineString","coordinates":[[16.40025,48.17676],[16.40017,48.17658]]}},{"type":"Feature","properties":{"boundary_score":0.2537,"activation_distance":0.19714},"geometry":{"type":"LineString","coordinates":[[16.40653,48.18513],[16.40635,48.18529]]}},{"type":"Feature","properties":{"boundary_score":0.2537,"activation_distance":0.19714},"geometry":{"type":"LineString","coordinates":[[16.40635,48.18529],[16.40653,48.18513]]}},{"type":"Feature","properties":{"boundary_score":0.1494,"activation_distance":0.12887},"geometry":{"type":"LineString","coordinates":[[16.40505,48.18631],[16.40524,48.18616]]}},{"type":"Feature","properties":{"boundary_score":0.1494,"activation_distance":0.12887},"geometry":{"type":"LineString","coordinates":[[16.40524,48.18616],[16.40505,48.18631]]}},{"type":"Feature","properties":{"boundary_score":0.0067,"activation_distance":0.03541},"geometry":{"type":"LineString","coordinates":[[16.24125,48.20806],[16.24115,48.20781]]}},{"type":"Feature","properties":{"boundary_score":0.0067,"activation_distance":0.03541},"geometry":{"type":"LineString","coordinates":[[16.24115,48.20781],[16.24125,48.20806]]}},{"type":"Feature","properties":{"boundary_score":0.0219,"activation_distance":0.04536},"geometry":{"type":"LineString","coordinates":[[16.24161,48.20742],[16.24151,48.20721]]}},{"type":"Feature","properties":{"boundary_score":0.0219,"activation_distance":0.04536},"geometry":{"type":"LineString","coordinates":[[16.24151,48.20721],[16.24161,48.20742]]}},{"type":"Feature","properties":{"boundary_score":0.0219,"activation_distance":0.04536},"geometry":{"type":"LineString","coordinates":[[16.2417,48.20767],[16.24161,48.20742]]}},{"type":"Feature","properties":{"boundary_score":0.0219,"activation_distance":0.04536},"geometry":{"type":"LineString","coordinates":[[16.24161,48.20742],[16.2417,48.20767]]}},{"type":"Feature","properties":{"boundary_score":0.1036,"activation_distance":0.09884},"geometry":{"type":"LineString","coordinates":[[16.41966,48.16727],[16.41968,48.16752]]}},{"type":"Feature","properties":{"boundary_score":0.1036,"activation_distance":0.09884},"geometry":{"type":"LineString","coordinates":[[16.41968,48.16752],[16.41966,48.16727]]}},{"type":"Feature","properties":{"boundary_score":0.035,"activation_distance":0.054},"geometry":{"type":"LineString","coordinates":[[16.39849,48.18973],[16.3987,48.18961]]}},{"type":"Feature","properties":{"boundary_score":0.035,"activation_distance":0.054},"geometry":{"type":"LineString","coordinates":[[16.3987,48.18961],[16.39849,48.18973]]}},{"type":"Feature","properties":{"boundary_score":0.0257,"activation_distance":0.0479},"geometry":{"type":"LineString","coordinates":[[16.39294,48.19273],[16.39317,48.19264]]}},{"type":"Feature","properties":{"boundary_score":0.0257,"activation_distance":0.0479},"geometry":{"type":"LineString","coordinates":[[16.39317,48.19264],[16.39294,48.19273]]}},{"type":"Feature","properties":{"boundary_score":0.0086,"activation_distance":0.03669},"geometry":{"type":"LineString","coordinates":[[16.37568,48.19908],[16.37596,48.19913]]}},{"type":"Feature","properties":{"boundary_score":0.0086,"activation_distance":0.03669},"geometry":{"type":"LineString","coordinates":[[16.37596,48.19913],[16.37568,48.19908]]}},{"type":"Feature","properties":{"boundary_score":0.1863,"activation_distance":0.153},"geometry":{"type":"LineString","coordinates":[[16.32595,48.09209],[16.32573,48.09202]]}},{"type":"Feature","properties":{"boundary_score":0.1863,"activation_distance":0.153},"geometry":{"type":"LineString","coordinates":[[16.32573,48.09202],[16.32595,48.09209]]}},{"type":"Feature","properties":{"boundary_score":0.1798,"activation_distance":0.14875},"geometry":{"type":"LineString","coordinates":[[16.37745,48.18078],[16.3775,48.18052]]}},{"type":"Feature","properties":{"boundary_score":0.1798,"activation_distance":0.14875},"geometry":{"type":"LineString","coordinates":[[16.3775,48.18052],[16.37745,48.18078]]}},{"type":"Feature","properties":{"boundary_score":0.1807,"activation_distance":0.14935},"geometry":{"type":"LineString","coordinates":[[16.37896,48.18077],[16.3792,48.18081]]}},{"type":"Feature","properties":{"boundary_score":0.1807,"activation_distance":0.14935},"geometry":{"type":"LineString","coordinates":[[16.3792,48.18081],[16.37896,48.18077]]}},{"type":"Feature","properties":{"boundary_score":0.1754,"activation_distance":0.14589},"geometry":{"type":"LineString","coordinates":[[16.37377,48.17725],[16.37358,48.17728]]}},{"type":"Feature","properties":{"boundary_score":0.1754,"activation_distance":0.14589},"geometry":{"type":"LineString","coordinates":[[16.37358,48.17728],[16.37377,48.17725]]}},{"type":"Feature","properties":{"boundary_score":0.1754,"activation_distance":0.14589},"geometry":{"type":"LineString","coordinates":[[16.3736,48.17755],[16.37358,48.17728]]}},{"type":"Feature","properties":{"boundary_score":0.1754,"activation_distance":0.14589},"geometry":{"type":"LineString","coordinates":[[16.37358,48.17728],[16.3736,48.17755]]}},{"type":"Feature","properties":{"boundary_score":0.082,"activation_distance":0.0847},"geometry":{"type":"LineString","coordinates":[[16.37386,48.17887],[16.37385,48.17913]]}},{"type":"Feature","properties":{"boundary_score":0.082,"activation_distance":0.0847},"geometry":{"type":"LineString","coordinates":[[16.37385,48.17913],[16.37386,48.17887]]}},{"type":"Feature","properties":{"boundary_score":0.1606,"activation_distance":0.13618},"geometry":{"type":"LineString","coordinates":[[16.35255,48.08369],[16.35279,48.08371]]}},{"type":"Feature","properties":{"boundary_score":0.1606,"activation_distance":0.13618},"geometry":{"type":"LineString","coordinates":[[16.35279,48.08371],[16.35255,48.08369]]}},{"type":"Feature","properties":{"boundary_score":0.0276,"activation_distance":0.04909},"geometry":{"type":"LineString","coordinates":[[16.47083,48.14791],[16.47088,48.14814]]}},{"type":"Feature","properties":{"boundary_score":0.0276,"activation_distance":0.04909},"geometry":{"type":"LineString","coordinates":[[16.47088,48.14814],[16.47083,48.14791]]}},{"type":"Feature","properties":{"boundary_score":0.0291,"activation_distance":0.05011},"geometry":{"type":"LineString","coordinates":[[16.4105,48.16945],[16.41069,48.16925]]}},{"type":"Feature","properties":{"boundary_score":0.0291,"activation_distance":0.05011},"geometry":{"type":"LineString","coordinates":[[16.41069,48.16925],[16.4105,48.16945]]}},{"type":"Feature","properties":{"boundary_score":0.0254,"activation_distance":0.0477},"geometry":{"type":"LineString","coordinates":[[16.39272,48.14955],[16.3925,48.14963]]}},{"type":"Feature","properties":{"boundary_score":0.0254,"activation_distance":0.0477},"geometry":{"type":"LineString","coordinates":[[16.3925,48.14963],[16.39272,48.14955]]}},{"type":"Feature","properties":{"boundary_score":0.1821,"activation_distance":0.15025},"geometry":{"type":"LineString","coordinates":[[16.40575,48.15957],[16.40593,48.15942]]}},{"type":"Feature","properties":{"boundary_score":0.1821,"activation_distance":0.15025},"geometry":{"type":"LineString","coordinates":[[16.40593,48.15942],[16.40575,48.15957]]}},{"type":"Feature","properties":{"boundary_score":0.0672,"activation_distance":0.07505},"geometry":{"type":"LineString","coordinates":[[16.40488,48.14153],[16.405,48.14129]]}},{"type":"Feature","properties":{"boundary_score":0.0672,"activation_distance":0.07505},"geometry":{"type":"LineString","coordinates":[[16.405,48.14129],[16.40488,48.14153]]}},{"type":"Feature","properties":{"boundary_score":0.0081,"activation_distance":0.03639},"geometry":{"type":"LineString","coordinates":[[16.40203,48.13995],[16.40215,48.14018]]}},{"type":"Feature","properties":{"boundary_score":0.0081,"activation_distance":0.03639},"geometry":{"type":"LineString","coordinates":[[16.40215,48.14018],[16.40203,48.13995]]}},{"type":"Feature","properties":{"boundary_score":0.0636,"activation_distance":0.07271},"geometry":{"type":"LineString","coordinates":[[16.28344,48.15758],[16.28321,48.15761]]}},{"type":"Feature","properties":{"boundary_score":0.0636,"activation_distance":0.07271},"geometry":{"type":"LineString","coordinates":[[16.28321,48.15761],[16.28344,48.15758]]}},{"type":"Feature","properties":{"boundary_score":0.0023,"activation_distance":0.03254},"geometry":{"type":"LineString","coordinates":[[16.28679,48.15329],[16.28674,48.15303]]}},{"type":"Feature","properties":{"boundary_score":0.0023,"activation_distance":0.03254},"geometry":{"type":"LineString","coordinates":[[16.28674,48.15303],[16.28679,48.15329]]}},{"type":"Feature","properties":{"boundary_score":0.0007,"activation_distance":0.03153},"geometry":{"type":"LineString","coordinates":[[16.3061,48.15244],[16.30608,48.15268]]}},{"type":"Feature","properties":{"boundary_score":0.0007,"activation_distance":0.03153},"geometry":{"type":"LineString","coordinates":[[16.30608,48.15268],[16.3061,48.15244]]}},{"type":"Feature","properties":{"boundary_score":0.1039,"activation_distance":0.09907},"geometry":{"type":"LineString","coordinates":[[16.47032,48.12193],[16.47017,48.12173]]}},{"type":"Feature","properties":{"boundary_score":0.1039,"activation_distance":0.09907},"geometry":{"type":"LineString","coordinates":[[16.47017,48.12173],[16.47032,48.12193]]}},{"type":"Feature","properties":{"boundary_score":0.0513,"activation_distance":0.06461},"geometry":{"type":"LineString","coordinates":[[16.47648,48.1387],[16.47672,48.13863]]}},{"type":"Feature","properties":{"boundary_score":0.0513,"activation_distance":0.06461},"geometry":{"type":"LineString","coordinates":[[16.47672,48.13863],[16.47648,48.1387]]}},{"type":"Feature","properties":{"boundary_score":0.0205,"activation_distance":0.04449},"geometry":{"type":"LineString","coordinates":[[16.45553,48.10086],[16.45531,48.10093]]}},{"type":"Feature","properties":{"boundary_score":0.0205,"activation_distance":0.04449},"geometry":{"type":"LineString","coordinates":[[16.45531,48.10093],[16.45553,48.10086]]}},{"type":"Feature","properties":{"boundary_score":0.0205,"activation_distance":0.04449},"geometry":{"type":"LineString","coordinates":[[16.45531,48.10093],[16.45508,48.101]]}},{"type":"Feature","properties":{"boundary_score":0.0205,"activation_distance":0.04449},"geometry":{"type":"LineString","coordinates":[[16.45508,48.101],[16.45531,48.10093]]}},{"type":"Feature","properties":{"boundary_score":0.0461,"activation_distance":0.06126},"geometry":{"type":"LineString","coordinates":[[16.46979,48.11489],[16.46967,48.11468]]}},{"type":"Feature","properties":{"boundary_score":0.0461,"activation_distance":0.06126},"geometry":{"type":"LineString","coordinates":[[16.46967,48.11468],[16.46979,48.11489]]}},{"type":"Feature","properties":{"boundary_score":0.0042,"activation_distance":0.03383},"geometry":{"type":"LineString","coordinates":[[16.46967,48.11468],[16.46956,48.11446]]}},{"type":"Feature","properties":{"boundary_score":0.0042,"activation_distance":0.03383},"geometry":{"type":"LineString","coordinates":[[16.46956,48.11446],[16.46967,48.11468]]}},{"type":"Feature","properties":{"boundary_score":0.0656,"activation_distance":0.07401},"geometry":{"type":"LineString","coordinates":[[16.26168,48.12861],[16.2618,48.12841]]}},{"type":"Feature","properties":{"boundary_score":0.0656,"activation_distance":0.07401},"geometry":{"type":"LineString","coordinates":[[16.2618,48.12841],[16.26168,48.12861]]}},{"type":"Feature","properties":{"boundary_score":0.0396,"activation_distance":0.05695},"geometry":{"type":"LineString","coordinates":[[16.27403,48.1176],[16.27386,48.11789]]}},{"type":"Feature","properties":{"boundary_score":0.0396,"activation_distance":0.05695},"geometry":{"type":"LineString","coordinates":[[16.27386,48.11789],[16.27403,48.1176]]}},{"type":"Feature","properties":{"boundary_score":0.1015,"activation_distance":0.0975},"geometry":{"type":"LineString","coordinates":[[16.27302,48.11367],[16.27317,48.11348]]}},{"type":"Feature","properties":{"boundary_score":0.1015,"activation_distance":0.0975},"geometry":{"type":"LineString","coordinates":[[16.27317,48.11348],[16.27302,48.11367]]}},{"type":"Feature","properties":{"boundary_score":0.0719,"activation_distance":0.07811},"geometry":{"type":"LineString","coordinates":[[16.32854,48.13837],[16.3284,48.13818]]}},{"type":"Feature","properties":{"boundary_score":0.0719,"activation_distance":0.07811},"geometry":{"type":"LineString","coordinates":[[16.3284,48.13818],[16.32854,48.13837]]}},{"type":"Feature","properties":{"boundary_score":0.0371,"activation_distance":0.05534},"geometry":{"type":"LineString","coordinates":[[16.28141,48.11118],[16.28167,48.11114]]}},{"type":"Feature","properties":{"boundary_score":0.0371,"activation_distance":0.05534},"geometry":{"type":"LineString","coordinates":[[16.28167,48.11114],[16.28141,48.11118]]}},{"type":"Feature","properties":{"boundary_score":0.0867,"activation_distance":0.08778},"geometry":{"type":"LineString","coordinates":[[16.27341,48.10737],[16.27317,48.10736]]}},{"type":"Feature","properties":{"boundary_score":0.0867,"activation_distance":0.08778},"geometry":{"type":"LineString","coordinates":[[16.27317,48.10736],[16.27341,48.10737]]}},{"type":"Feature","properties":{"boundary_score":0.2476,"activation_distance":0.1931},"geometry":{"type":"LineString","coordinates":[[16.54189,48.20985],[16.54216,48.20979]]}},{"type":"Feature","properties":{"boundary_score":0.2476,"activation_distance":0.1931},"geometry":{"type":"LineString","coordinates":[[16.54216,48.20979],[16.54189,48.20985]]}},{"type":"Feature","properties":{"boundary_score":0.0004,"activation_distance":0.03132},"geometry":{"type":"LineString","coordinates":[[16.49533,48.22288],[16.49543,48.2231]]}},{"type":"Feature","properties":{"boundary_score":0.0004,"activation_distance":0.03132},"geometry":{"type":"LineString","coordinates":[[16.49543,48.2231],[16.49533,48.22288]]}},{"type":"Feature","properties":{"boundary_score":0.1103,"activation_distance":0.10323},"geometry":{"type":"LineString","coordinates":[[16.49364,48.24941],[16.49363,48.24917]]}},{"type":"Feature","properties":{"boundary_score":0.1103,"activation_distance":0.10323},"geometry":{"type":"LineString","coordinates":[[16.49363,48.24917],[16.49364,48.24941]]}},{"type":"Feature","properties":{"boundary_score":0.0676,"activation_distance":0.07529},"geometry":{"type":"LineString","coordinates":[[16.54375,48.19217],[16.54359,48.192]]}},{"type":"Feature","properties":{"boundary_score":0.0676,"activation_distance":0.07529},"geometry":{"type":"LineString","coordinates":[[16.54359,48.192],[16.54375,48.19217]]}},{"type":"Feature","properties":{"boundary_score":0.0662,"activation_distance":0.0744},"geometry":{"type":"LineString","coordinates":[[16.29029,48.17057],[16.29006,48.17056]]}},{"type":"Feature","properties":{"boundary_score":0.0662,"activation_distance":0.0744},"geometry":{"type":"LineString","coordinates":[[16.29006,48.17056],[16.29029,48.17057]]}},{"type":"Feature","properties":{"boundary_score":0.0066,"activation_distance":0.03541},"geometry":{"type":"LineString","coordinates":[[16.29006,48.17056],[16.28984,48.17054]]}},{"type":"Feature","properties":{"boundary_score":0.0066,"activation_distance":0.03541},"geometry":{"type":"LineString","coordinates":[[16.28984,48.17054],[16.29006,48.17056]]}},{"type":"Feature","properties":{"boundary_score":0.1744,"activation_distance":0.14521},"geometry":{"type":"LineString","coordinates":[[16.32457,48.06486],[16.32451,48.06511]]}},{"type":"Feature","properties":{"boundary_score":0.1744,"activation_distance":0.14521},"geometry":{"type":"LineString","coordinates":[[16.32451,48.06511],[16.32457,48.06486]]}},{"type":"Feature","properties":{"boundary_score":0.191,"activation_distance":0.15606},"geometry":{"type":"LineString","coordinates":[[16.53451,48.28357],[16.53474,48.28356]]}},{"type":"Feature","properties":{"boundary_score":0.191,"activation_distance":0.15606},"geometry":{"type":"LineString","coordinates":[[16.53474,48.28356],[16.53451,48.28357]]}},{"type":"Feature","properties":{"boundary_score":0.0581,"activation_distance":0.0691},"geometry":{"type":"LineString","coordinates":[[16.28998,48.07917],[16.28975,48.07912]]}},{"type":"Feature","properties":{"boundary_score":0.0581,"activation_distance":0.0691},"geometry":{"type":"LineString","coordinates":[[16.28975,48.07912],[16.28998,48.07917]]}},{"type":"Feature","properties":{"boundary_score":0.0018,"activation_distance":0.03223},"geometry":{"type":"LineString","coordinates":[[16.24131,48.09474],[16.24117,48.09492]]}},{"type":"Feature","properties":{"boundary_score":0.0018,"activation_distance":0.03223},"geometry":{"type":"LineString","coordinates":[[16.24117,48.09492],[16.24131,48.09474]]}},{"type":"Feature","properties":{"boundary_score":0.087,"activation_distance":0.08802},"geometry":{"type":"LineString","coordinates":[[16.26916,48.10124],[16.26939,48.10124]]}},{"type":"Feature","properties":{"boundary_score":0.087,"activation_distance":0.08802},"geometry":{"type":"LineString","coordinates":[[16.26939,48.10124],[16.26916,48.10124]]}},{"type":"Feature","properties":{"boundary_score":0.1352,"activation_distance":0.11958},"geometry":{"type":"LineString","coordinates":[[16.24116,48.08548],[16.24106,48.0857]]}},{"type":"Feature","properties":{"boundary_score":0.1352,"activation_distance":0.11958},"geometry":{"type":"LineString","coordinates":[[16.24106,48.0857],[16.24116,48.08548]]}},{"type":"Feature","properties":{"boundary_score":0.0283,"activation_distance":0.04958},"geometry":{"type":"LineString","coordinates":[[16.48179,48.14456],[16.482,48.14448]]}},{"type":"Feature","properties":{"boundary_score":0.0283,"activation_distance":0.04958},"geometry":{"type":"LineString","coordinates":[[16.482,48.14448],[16.48179,48.14456]]}},{"type":"Feature","properties":{"boundary_score":0.0283,"activation_distance":0.04958},"geometry":{"type":"LineString","coordinates":[[16.48156,48.14467],[16.48179,48.14456]]}},{"type":"Feature","properties":{"boundary_score":0.0283,"activation_distance":0.04958},"geometry":{"type":"LineString","coordinates":[[16.48179,48.14456],[16.48156,48.14467]]}},{"type":"Feature","properties":{"boundary_score":0.3948,"activation_distance":0.28949},"geometry":{"type":"LineString","coordinates":[[16.39015,48.27301],[16.39006,48.27325]]}},{"type":"Feature","properties":{"boundary_score":0.3948,"activation_distance":0.28949},"geometry":{"type":"LineString","coordinates":[[16.39006,48.27325],[16.39015,48.27301]]}},{"type":"Feature","properties":{"boundary_score":0.0077,"activation_distance":0.03612},"geometry":{"type":"LineString","coordinates":[[16.29854,48.31556],[16.29876,48.31554]]}},{"type":"Feature","properties":{"boundary_score":0.0077,"activation_distance":0.03612},"geometry":{"type":"LineString","coordinates":[[16.29876,48.31554],[16.29854,48.31556]]}},{"type":"Feature","properties":{"boundary_score":0.1622,"activation_distance":0.1372},"geometry":{"type":"LineString","coordinates":[[16.30451,48.30569],[16.30428,48.30564]]}},{"type":"Feature","properties":{"boundary_score":0.1622,"activation_distance":0.1372},"geometry":{"type":"LineString","coordinates":[[16.30428,48.30564],[16.30451,48.30569]]}},{"type":"Feature","properties":{"boundary_score":0.0196,"activation_distance":0.04387},"geometry":{"type":"LineString","coordinates":[[16.37296,48.25418],[16.3727,48.25431]]}},{"type":"Feature","properties":{"boundary_score":0.0196,"activation_distance":0.04387},"geometry":{"type":"LineString","coordinates":[[16.3727,48.25431],[16.37296,48.25418]]}},{"type":"Feature","properties":{"boundary_score":0.0196,"activation_distance":0.04387},"geometry":{"type":"LineString","coordinates":[[16.37294,48.25426],[16.3727,48.25431]]}},{"type":"Feature","properties":{"boundary_score":0.0196,"activation_distance":0.04387},"geometry":{"type":"LineString","coordinates":[[16.3727,48.25431],[16.37294,48.25426]]}},{"type":"Feature","properties":{"boundary_score":0.017,"activation_distance":0.04218},"geometry":{"type":"LineString","coordinates":[[16.37438,48.25339],[16.37421,48.25358]]}},{"type":"Feature","properties":{"boundary_score":0.017,"activation_distance":0.04218},"geometry":{"type":"LineString","coordinates":[[16.37421,48.25358],[16.37438,48.25339]]}},{"type":"Feature","properties":{"boundary_score":0.017,"activation_distance":0.04218},"geometry":{"type":"LineString","coordinates":[[16.37447,48.25337],[16.37421,48.25358]]}},{"type":"Feature","properties":{"boundary_score":0.017,"activation_distance":0.04218},"geometry":{"type":"LineString","coordinates":[[16.37421,48.25358],[16.37447,48.25337]]}},{"type":"Feature","properties":{"boundary_score":0.2628,"activation_distance":0.20309},"geometry":{"type":"LineString","coordinates":[[16.33977,48.13225],[16.33999,48.13231]]}},{"type":"Feature","properties":{"boundary_score":0.2628,"activation_distance":0.20309},"geometry":{"type":"LineString","coordinates":[[16.33999,48.13231],[16.33977,48.13225]]}},{"type":"Feature","properties":{"boundary_score":0.0098,"activation_distance":0.03749},"geometry":{"type":"LineString","coordinates":[[16.38983,48.2732],[16.38959,48.27315]]}},{"type":"Feature","properties":{"boundary_score":0.0098,"activation_distance":0.03749},"geometry":{"type":"LineString","coordinates":[[16.38959,48.27315],[16.38983,48.2732]]}},{"type":"Feature","properties":{"boundary_score":0.0489,"activation_distance":0.06308},"geometry":{"type":"LineString","coordinates":[[16.44546,48.10989],[16.44563,48.11008]]}},{"type":"Feature","properties":{"boundary_score":0.0489,"activation_distance":0.06308},"geometry":{"type":"LineString","coordinates":[[16.44563,48.11008],[16.44546,48.10989]]}},{"type":"Feature","properties":{"boundary_score":0.005,"activation_distance":0.03434},"geometry":{"type":"LineString","coordinates":[[16.30536,48.04732],[16.30537,48.0476]]}},{"type":"Feature","properties":{"boundary_score":0.005,"activation_distance":0.03434},"geometry":{"type":"LineString","coordinates":[[16.30537,48.0476],[16.30536,48.04732]]}},{"type":"Feature","properties":{"boundary_score":0.0025,"activation_distance":0.0327},"geometry":{"type":"LineString","coordinates":[[16.33511,48.21798],[16.33487,48.21809]]}},{"type":"Feature","properties":{"boundary_score":0.0025,"activation_distance":0.0327},"geometry":{"type":"LineString","coordinates":[[16.33487,48.21809],[16.33511,48.21798]]}},{"type":"Feature","properties":{"boundary_score":0.0026,"activation_distance":0.03277},"geometry":{"type":"LineString","coordinates":[[16.52251,48.21272],[16.52255,48.21297]]}},{"type":"Feature","properties":{"boundary_score":0.0026,"activation_distance":0.03277},"geometry":{"type":"LineString","coordinates":[[16.52255,48.21297],[16.52251,48.21272]]}},{"type":"Feature","properties":{"boundary_score":0.01,"activation_distance":0.03761},"geometry":{"type":"LineString","coordinates":[[16.24347,48.09855],[16.24326,48.09846]]}},{"type":"Feature","properties":{"boundary_score":0.01,"activation_distance":0.03761},"geometry":{"type":"LineString","coordinates":[[16.24326,48.09846],[16.24347,48.09855]]}},{"type":"Feature","properties":{"boundary_score":0.0293,"activation_distance":0.05025},"geometry":{"type":"LineString","coordinates":[[16.27553,48.30902],[16.27509,48.30901]]}},{"type":"Feature","properties":{"boundary_score":0.0293,"activation_distance":0.05025},"geometry":{"type":"LineString","coordinates":[[16.27509,48.30901],[16.27553,48.30902]]}},{"type":"Feature","properties":{"boundary_score":0.0132,"activation_distance":0.03969},"geometry":{"type":"LineString","coordinates":[[16.21081,48.2916],[16.21084,48.29138]]}},{"type":"Feature","properties":{"boundary_score":0.0132,"activation_distance":0.03969},"geometry":{"type":"LineString","coordinates":[[16.21084,48.29138],[16.21081,48.2916]]}},{"type":"Feature","properties":{"boundary_score":0.024,"activation_distance":0.04676},"geometry":{"type":"LineString","coordinates":[[16.21149,48.29209],[16.21144,48.29185]]}},{"type":"Feature","properties":{"boundary_score":0.024,"activation_distance":0.04676},"geometry":{"type":"LineString","coordinates":[[16.21144,48.29185],[16.21149,48.29209]]}},{"type":"Feature","properties":{"boundary_score":0.086,"activation_distance":0.08732},"geometry":{"type":"LineString","coordinates":[[16.28043,48.25279],[16.28045,48.25302]]}},{"type":"Feature","properties":{"boundary_score":0.086,"activation_distance":0.08732},"geometry":{"type":"LineString","coordinates":[[16.28045,48.25302],[16.28043,48.25279]]}},{"type":"Feature","properties":{"boundary_score":0.0051,"activation_distance":0.03439},"geometry":{"type":"LineString","coordinates":[[16.29323,48.1211],[16.29342,48.12096]]}},{"type":"Feature","properties":{"boundary_score":0.0051,"activation_distance":0.03439},"geometry":{"type":"LineString","coordinates":[[16.29342,48.12096],[16.29323,48.1211]]}},{"type":"Feature","properties":{"boundary_score":0.0068,"activation_distance":0.03549},"geometry":{"type":"LineString","coordinates":[[16.35417,48.16683],[16.35398,48.16661]]}},{"type":"Feature","properties":{"boundary_score":0.0068,"activation_distance":0.03549},"geometry":{"type":"LineString","coordinates":[[16.35398,48.16661],[16.35417,48.16683]]}},{"type":"Feature","properties":{"boundary_score":0.0942,"activation_distance":0.09273},"geometry":{"type":"LineString","coordinates":[[16.35326,48.16757],[16.35351,48.16779]]}},{"type":"Feature","properties":{"boundary_score":0.0942,"activation_distance":0.09273},"geometry":{"type":"LineString","coordinates":[[16.35351,48.16779],[16.35326,48.16757]]}},{"type":"Feature","properties":{"boundary_score":0.0977,"activation_distance":0.095},"geometry":{"type":"LineString","coordinates":[[16.29514,48.08549],[16.295,48.08569]]}},{"type":"Feature","properties":{"boundary_score":0.0977,"activation_distance":0.095},"geometry":{"type":"LineString","coordinates":[[16.295,48.08569],[16.29514,48.08549]]}},{"type":"Feature","properties":{"boundary_score":0.0056,"activation_distance":0.03473},"geometry":{"type":"LineString","coordinates":[[16.42354,48.22482],[16.42335,48.22496]]}},{"type":"Feature","properties":{"boundary_score":0.0056,"activation_distance":0.03473},"geometry":{"type":"LineString","coordinates":[[16.42335,48.22496],[16.42354,48.22482]]}},{"type":"Feature","properties":{"boundary_score":0.04,"activation_distance":0.05721},"geometry":{"type":"LineString","coordinates":[[16.35737,48.17529],[16.35717,48.17509]]}},{"type":"Feature","properties":{"boundary_score":0.04,"activation_distance":0.05721},"geometry":{"type":"LineString","coordinates":[[16.35717,48.17509],[16.35737,48.17529]]}},{"type":"Feature","properties":{"boundary_score":0.0095,"activation_distance":0.03727},"geometry":{"type":"LineString","coordinates":[[16.37821,48.27013],[16.3781,48.27035]]}},{"type":"Feature","properties":{"boundary_score":0.0095,"activation_distance":0.03727},"geometry":{"type":"LineString","coordinates":[[16.3781,48.27035],[16.37821,48.27013]]}},{"type":"Feature","properties":{"boundary_score":0.0074,"activation_distance":0.03592},"geometry":{"type":"LineString","coordinates":[[16.40451,48.23862],[16.40467,48.23846]]}},{"type":"Feature","properties":{"boundary_score":0.0074,"activation_distance":0.03592},"geometry":{"type":"LineString","coordinates":[[16.40467,48.23846],[16.40451,48.23862]]}},{"type":"Feature","properties":{"boundary_score":0.0839,"activation_distance":0.08597},"geometry":{"type":"LineString","coordinates":[[16.39977,48.24256],[16.3996,48.24271]]}},{"type":"Feature","properties":{"boundary_score":0.0839,"activation_distance":0.08597},"geometry":{"type":"LineString","coordinates":[[16.3996,48.24271],[16.39977,48.24256]]}},{"type":"Feature","properties":{"boundary_score":0.0377,"activation_distance":0.05575},"geometry":{"type":"LineString","coordinates":[[16.35032,48.15045],[16.35054,48.1504]]}},{"type":"Feature","properties":{"boundary_score":0.0377,"activation_distance":0.05575},"geometry":{"type":"LineString","coordinates":[[16.35054,48.1504],[16.35032,48.15045]]}},{"type":"Feature","properties":{"boundary_score":0.0216,"activation_distance":0.04521},"geometry":{"type":"LineString","coordinates":[[16.27575,48.16023],[16.27567,48.16001]]}},{"type":"Feature","properties":{"boundary_score":0.0216,"activation_distance":0.04521},"geometry":{"type":"LineString","coordinates":[[16.27567,48.16001],[16.27575,48.16023]]}},{"type":"Feature","properties":{"boundary_score":0.0479,"activation_distance":0.06243},"geometry":{"type":"LineString","coordinates":[[16.26653,48.14945],[16.26654,48.14922]]}},{"type":"Feature","properties":{"boundary_score":0.0479,"activation_distance":0.06243},"geometry":{"type":"LineString","coordinates":[[16.26654,48.14922],[16.26653,48.14945]]}},{"type":"Feature","properties":{"boundary_score":0.1883,"activation_distance":0.15433},"geometry":{"type":"LineString","coordinates":[[16.28079,48.09626],[16.28103,48.09624]]}},{"type":"Feature","properties":{"boundary_score":0.1883,"activation_distance":0.15433},"geometry":{"type":"LineString","coordinates":[[16.28103,48.09624],[16.28079,48.09626]]}},{"type":"Feature","properties":{"boundary_score":0.0114,"activation_distance":0.03851},"geometry":{"type":"LineString","coordinates":[[16.29589,48.07626],[16.29587,48.07603]]}},{"type":"Feature","properties":{"boundary_score":0.0114,"activation_distance":0.03851},"geometry":{"type":"LineString","coordinates":[[16.29587,48.07603],[16.29589,48.07626]]}},{"type":"Feature","properties":{"boundary_score":0.0444,"activation_distance":0.06013},"geometry":{"type":"LineString","coordinates":[[16.31045,48.15901],[16.31022,48.15907]]}},{"type":"Feature","properties":{"boundary_score":0.0444,"activation_distance":0.06013},"geometry":{"type":"LineString","coordinates":[[16.31022,48.15907],[16.31045,48.15901]]}},{"type":"Feature","properties":{"boundary_score":0.0521,"activation_distance":0.06513},"geometry":{"type":"LineString","coordinates":[[16.29904,48.07606],[16.2988,48.07609]]}},{"type":"Feature","properties":{"boundary_score":0.0521,"activation_distance":0.06513},"geometry":{"type":"LineString","coordinates":[[16.2988,48.07609],[16.29904,48.07606]]}},{"type":"Feature","properties":{"boundary_score":0.1047,"activation_distance":0.09959},"geometry":{"type":"LineString","coordinates":[[16.30139,48.17252],[16.30118,48.1727]]}},{"type":"Feature","properties":{"boundary_score":0.1047,"activation_distance":0.09959},"geometry":{"type":"LineString","coordinates":[[16.30118,48.1727],[16.30139,48.17252]]}},{"type":"Feature","properties":{"boundary_score":0.2715,"activation_distance":0.20877},"geometry":{"type":"LineString","coordinates":[[16.34703,48.08084],[16.34725,48.08081]]}},{"type":"Feature","properties":{"boundary_score":0.2715,"activation_distance":0.20877},"geometry":{"type":"LineString","coordinates":[[16.34725,48.08081],[16.34703,48.08084]]}},{"type":"Feature","properties":{"boundary_score":0.014,"activation_distance":0.04024},"geometry":{"type":"LineString","coordinates":[[16.47763,48.28905],[16.47742,48.28914]]}},{"type":"Feature","properties":{"boundary_score":0.014,"activation_distance":0.04024},"geometry":{"type":"LineString","coordinates":[[16.47742,48.28914],[16.47763,48.28905]]}},{"type":"Feature","properties":{"boundary_score":0.014,"activation_distance":0.04024},"geometry":{"type":"LineString","coordinates":[[16.47742,48.28914],[16.47721,48.28923]]}},{"type":"Feature","properties":{"boundary_score":0.014,"activation_distance":0.04024},"geometry":{"type":"LineString","coordinates":[[16.47721,48.28923],[16.47742,48.28914]]}},{"type":"Feature","properties":{"boundary_score":0.0704,"activation_distance":0.07715},"geometry":{"type":"LineString","coordinates":[[16.39806,48.26903],[16.39814,48.26924]]}},{"type":"Feature","properties":{"boundary_score":0.0704,"activation_distance":0.07715},"geometry":{"type":"LineString","coordinates":[[16.39814,48.26924],[16.39806,48.26903]]}},{"type":"Feature","properties":{"boundary_score":0.0067,"activation_distance":0.03541},"geometry":{"type":"LineString","coordinates":[[16.24125,48.20806],[16.24131,48.20822]]}},{"type":"Feature","properties":{"boundary_score":0.0067,"activation_distance":0.03541},"geometry":{"type":"LineString","coordinates":[[16.24131,48.20822],[16.24125,48.20806]]}},{"type":"Feature","properties":{"boundary_score":0.0272,"activation_distance":0.04884},"geometry":{"type":"LineString","coordinates":[[16.3989,48.25957],[16.39904,48.25979]]}},{"type":"Feature","properties":{"boundary_score":0.0272,"activation_distance":0.04884},"geometry":{"type":"LineString","coordinates":[[16.39904,48.25979],[16.3989,48.25957]]}},{"type":"Feature","properties":{"boundary_score":0.1758,"activation_distance":0.14614},"geometry":{"type":"LineString","coordinates":[[16.39799,48.26523],[16.39788,48.26494]]}},{"type":"Feature","properties":{"boundary_score":0.1758,"activation_distance":0.14614},"geometry":{"type":"LineString","coordinates":[[16.39788,48.26494],[16.39799,48.26523]]}},{"type":"Feature","properties":{"boundary_score":0.5359,"activation_distance":0.38187},"geometry":{"type":"LineString","coordinates":[[16.51704,48.14297],[16.51682,48.14305]]}},{"type":"Feature","properties":{"boundary_score":0.5359,"activation_distance":0.38187},"geometry":{"type":"LineString","coordinates":[[16.51682,48.14305],[16.51704,48.14297]]}},{"type":"Feature","properties":{"boundary_score":0.0094,"activation_distance":0.0372},"geometry":{"type":"LineString","coordinates":[[16.3818,48.28922],[16.38193,48.28903]]}},{"type":"Feature","properties":{"boundary_score":0.0094,"activation_distance":0.0372},"geometry":{"type":"LineString","coordinates":[[16.38193,48.28903],[16.3818,48.28922]]}},{"type":"Feature","properties":{"boundary_score":0.109,"activation_distance":0.10239},"geometry":{"type":"LineString","coordinates":[[16.38258,48.2881],[16.38271,48.28791]]}},{"type":"Feature","properties":{"boundary_score":0.109,"activation_distance":0.10239},"geometry":{"type":"LineString","coordinates":[[16.38271,48.28791],[16.38258,48.2881]]}},{"type":"Feature","properties":{"boundary_score":0.0595,"activation_distance":0.07002},"geometry":{"type":"LineString","coordinates":[[16.38271,48.28791],[16.38284,48.28773]]}},{"type":"Feature","properties":{"boundary_score":0.0595,"activation_distance":0.07002},"geometry":{"type":"LineString","coordinates":[[16.38284,48.28773],[16.38271,48.28791]]}},{"type":"Feature","properties":{"boundary_score":0.0491,"activation_distance":0.06319},"geometry":{"type":"LineString","coordinates":[[16.39916,48.24247],[16.39933,48.24232]]}},{"type":"Feature","properties":{"boundary_score":0.0491,"activation_distance":0.06319},"geometry":{"type":"LineString","coordinates":[[16.39933,48.24232],[16.39916,48.24247]]}},{"type":"Feature","properties":{"boundary_score":0.0047,"activation_distance":0.03414},"geometry":{"type":"LineString","coordinates":[[16.29567,48.14223],[16.29544,48.14222]]}},{"type":"Feature","properties":{"boundary_score":0.0047,"activation_distance":0.03414},"geometry":{"type":"LineString","coordinates":[[16.29544,48.14222],[16.29567,48.14223]]}},{"type":"Feature","properties":{"boundary_score":0.0075,"activation_distance":0.03595},"geometry":{"type":"LineString","coordinates":[[16.32655,48.08596],[16.32631,48.086]]}},{"type":"Feature","properties":{"boundary_score":0.0075,"activation_distance":0.03595},"geometry":{"type":"LineString","coordinates":[[16.32631,48.086],[16.32655,48.08596]]}},{"type":"Feature","properties":{"boundary_score":0.0084,"activation_distance":0.03658},"geometry":{"type":"LineString","coordinates":[[16.32764,48.068],[16.32786,48.06795]]}},{"type":"Feature","properties":{"boundary_score":0.0084,"activation_distance":0.03658},"geometry":{"type":"LineString","coordinates":[[16.32786,48.06795],[16.32764,48.068]]}},{"type":"Feature","properties":{"boundary_score":0.0056,"activation_distance":0.03472},"geometry":{"type":"LineString","coordinates":[[16.32887,48.0685],[16.32865,48.06855]]}},{"type":"Feature","properties":{"boundary_score":0.0056,"activation_distance":0.03472},"geometry":{"type":"LineString","coordinates":[[16.32865,48.06855],[16.32887,48.0685]]}},{"type":"Feature","properties":{"boundary_score":0.3619,"activation_distance":0.26793},"geometry":{"type":"LineString","coordinates":[[16.32316,48.08002],[16.32291,48.08003]]}},{"type":"Feature","properties":{"boundary_score":0.3619,"activation_distance":0.26793},"geometry":{"type":"LineString","coordinates":[[16.32291,48.08003],[16.32316,48.08002]]}},{"type":"Feature","properties":{"boundary_score":0.1088,"activation_distance":0.10226},"geometry":{"type":"LineString","coordinates":[[16.31166,48.07261],[16.3117,48.07239]]}},{"type":"Feature","properties":{"boundary_score":0.1088,"activation_distance":0.10226},"geometry":{"type":"LineString","coordinates":[[16.3117,48.07239],[16.31166,48.07261]]}},{"type":"Feature","properties":{"boundary_score":0.0243,"activation_distance":0.04697},"geometry":{"type":"LineString","coordinates":[[16.33798,48.24225],[16.33796,48.24199]]}},{"type":"Feature","properties":{"boundary_score":0.0243,"activation_distance":0.04697},"geometry":{"type":"LineString","coordinates":[[16.33796,48.24199],[16.33798,48.24225]]}},{"type":"Feature","properties":{"boundary_score":0.0028,"activation_distance":0.03288},"geometry":{"type":"LineString","coordinates":[[16.3532,48.22231],[16.35301,48.22243]]}},{"type":"Feature","properties":{"boundary_score":0.0028,"activation_distance":0.03288},"geometry":{"type":"LineString","coordinates":[[16.35301,48.22243],[16.3532,48.22231]]}},{"type":"Feature","properties":{"boundary_score":0.0324,"activation_distance":0.05229},"geometry":{"type":"LineString","coordinates":[[16.35203,48.22307],[16.35183,48.22319]]}},{"type":"Feature","properties":{"boundary_score":0.0324,"activation_distance":0.05229},"geometry":{"type":"LineString","coordinates":[[16.35183,48.22319],[16.35203,48.22307]]}},{"type":"Feature","properties":{"boundary_score":0.0171,"activation_distance":0.04227},"geometry":{"type":"LineString","coordinates":[[16.3419,48.12301],[16.34212,48.12295]]}},{"type":"Feature","properties":{"boundary_score":0.0171,"activation_distance":0.04227},"geometry":{"type":"LineString","coordinates":[[16.34212,48.12295],[16.3419,48.12301]]}},{"type":"Feature","properties":{"boundary_score":0.0248,"activation_distance":0.04727},"geometry":{"type":"LineString","coordinates":[[16.34212,48.12295],[16.34234,48.1229]]}},{"type":"Feature","properties":{"boundary_score":0.0248,"activation_distance":0.04727},"geometry":{"type":"LineString","coordinates":[[16.34234,48.1229],[16.34212,48.12295]]}},{"type":"Feature","properties":{"boundary_score":0.0668,"activation_distance":0.07475},"geometry":{"type":"LineString","coordinates":[[16.32871,48.23001],[16.32873,48.22971]]}},{"type":"Feature","properties":{"boundary_score":0.0668,"activation_distance":0.07475},"geometry":{"type":"LineString","coordinates":[[16.32873,48.22971],[16.32871,48.23001]]}},{"type":"Feature","properties":{"boundary_score":0.1114,"activation_distance":0.10397},"geometry":{"type":"LineString","coordinates":[[16.3894,48.17263],[16.38916,48.17267]]}},{"type":"Feature","properties":{"boundary_score":0.1114,"activation_distance":0.10397},"geometry":{"type":"LineString","coordinates":[[16.38916,48.17267],[16.3894,48.17263]]}},{"type":"Feature","properties":{"boundary_score":0.0043,"activation_distance":0.03388},"geometry":{"type":"LineString","coordinates":[[16.41921,48.09911],[16.41912,48.09933]]}},{"type":"Feature","properties":{"boundary_score":0.0043,"activation_distance":0.03388},"geometry":{"type":"LineString","coordinates":[[16.41912,48.09933],[16.41921,48.09911]]}},{"type":"Feature","properties":{"boundary_score":0.43,"activation_distance":0.31255},"geometry":{"type":"LineString","coordinates":[[16.36349,48.15121],[16.36327,48.15126]]}},{"type":"Feature","properties":{"boundary_score":0.43,"activation_distance":0.31255},"geometry":{"type":"LineString","coordinates":[[16.36327,48.15126],[16.36349,48.15121]]}},{"type":"Feature","properties":{"boundary_score":0.0201,"activation_distance":0.04419},"geometry":{"type":"LineString","coordinates":[[16.42791,48.24969],[16.42793,48.24994]]}},{"type":"Feature","properties":{"boundary_score":0.0201,"activation_distance":0.04419},"geometry":{"type":"LineString","coordinates":[[16.42793,48.24994],[16.42791,48.24969]]}},{"type":"Feature","properties":{"boundary_score":0.0152,"activation_distance":0.04099},"geometry":{"type":"LineString","coordinates":[[16.26467,48.09285],[16.26446,48.09299]]}},{"type":"Feature","properties":{"boundary_score":0.0152,"activation_distance":0.04099},"geometry":{"type":"LineString","coordinates":[[16.26446,48.09299],[16.26467,48.09285]]}},{"type":"Feature","properties":{"boundary_score":0.0048,"activation_distance":0.03419},"geometry":{"type":"LineString","coordinates":[[16.37447,48.25337],[16.37438,48.25358]]}},{"type":"Feature","properties":{"boundary_score":0.0048,"activation_distance":0.03419},"geometry":{"type":"LineString","coordinates":[[16.37438,48.25358],[16.37447,48.25337]]}},{"type":"Feature","properties":{"boundary_score":0.0202,"activation_distance":0.04425},"geometry":{"type":"LineString","coordinates":[[16.33725,48.18435],[16.3371,48.18456]]}},{"type":"Feature","properties":{"boundary_score":0.0202,"activation_distance":0.04425},"geometry":{"type":"LineString","coordinates":[[16.3371,48.18456],[16.33725,48.18435]]}},{"type":"Feature","properties":{"boundary_score":0.1208,"activation_distance":0.11015},"geometry":{"type":"LineString","coordinates":[[16.2943,48.21511],[16.29455,48.21521]]}},{"type":"Feature","properties":{"boundary_score":0.1208,"activation_distance":0.11015},"geometry":{"type":"LineString","coordinates":[[16.29455,48.21521],[16.2943,48.21511]]}},{"type":"Feature","properties":{"boundary_score":0.1757,"activation_distance":0.14604},"geometry":{"type":"LineString","coordinates":[[16.29394,48.21539],[16.29405,48.21501]]}},{"type":"Feature","properties":{"boundary_score":0.1757,"activation_distance":0.14604},"geometry":{"type":"LineString","coordinates":[[16.29405,48.21501],[16.29394,48.21539]]}},{"type":"Feature","properties":{"boundary_score":0.1213,"activation_distance":0.11043},"geometry":{"type":"LineString","coordinates":[[16.32144,48.14665],[16.3217,48.14659]]}},{"type":"Feature","properties":{"boundary_score":0.1213,"activation_distance":0.11043},"geometry":{"type":"LineString","coordinates":[[16.3217,48.14659],[16.32144,48.14665]]}},{"type":"Feature","properties":{"boundary_score":0.0848,"activation_distance":0.08659},"geometry":{"type":"LineString","coordinates":[[16.33886,48.26196],[16.33899,48.26177]]}},{"type":"Feature","properties":{"boundary_score":0.0848,"activation_distance":0.08659},"geometry":{"type":"LineString","coordinates":[[16.33899,48.26177],[16.33886,48.26196]]}},{"type":"Feature","properties":{"boundary_score":0.0149,"activation_distance":0.04079},"geometry":{"type":"LineString","coordinates":[[16.42213,48.30002],[16.42199,48.29978]]}},{"type":"Feature","properties":{"boundary_score":0.0149,"activation_distance":0.04079},"geometry":{"type":"LineString","coordinates":[[16.42199,48.29978],[16.42213,48.30002]]}},{"type":"Feature","properties":{"boundary_score":0.0738,"activation_distance":0.07938},"geometry":{"type":"LineString","coordinates":[[16.29005,48.17077],[16.29029,48.17081]]}},{"type":"Feature","properties":{"boundary_score":0.0738,"activation_distance":0.07938},"geometry":{"type":"LineString","coordinates":[[16.29029,48.17081],[16.29005,48.17077]]}},{"type":"Feature","properties":{"boundary_score":0.3157,"activation_distance":0.23767},"geometry":{"type":"LineString","coordinates":[[16.3332,48.21484],[16.3332,48.21441]]}},{"type":"Feature","properties":{"boundary_score":0.3157,"activation_distance":0.23767},"geometry":{"type":"LineString","coordinates":[[16.3332,48.21441],[16.3332,48.21484]]}},{"type":"Feature","properties":{"boundary_score":0.0123,"activation_distance":0.03908},"geometry":{"type":"LineString","coordinates":[[16.33616,48.22008],[16.33626,48.22036]]}},{"type":"Feature","properties":{"boundary_score":0.0123,"activation_distance":0.03908},"geometry":{"type":"LineString","coordinates":[[16.33626,48.22036],[16.33616,48.22008]]}},{"type":"Feature","properties":{"boundary_score":0.0123,"activation_distance":0.03908},"geometry":{"type":"LineString","coordinates":[[16.33626,48.22036],[16.33643,48.22055]]}},{"type":"Feature","properties":{"boundary_score":0.0123,"activation_distance":0.03908},"geometry":{"type":"LineString","coordinates":[[16.33643,48.22055],[16.33626,48.22036]]}},{"type":"Feature","properties":{"boundary_score":0.1767,"activation_distance":0.14672},"geometry":{"type":"LineString","coordinates":[[16.3333,48.21415],[16.3332,48.21441]]}},{"type":"Feature","properties":{"boundary_score":0.1767,"activation_distance":0.14672},"geometry":{"type":"LineString","coordinates":[[16.3332,48.21441],[16.3333,48.21415]]}},{"type":"Feature","properties":{"boundary_score":0.2628,"activation_distance":0.20309},"geometry":{"type":"LineString","coordinates":[[16.33977,48.13235],[16.33999,48.13237]]}},{"type":"Feature","properties":{"boundary_score":0.2628,"activation_distance":0.20309},"geometry":{"type":"LineString","coordinates":[[16.33999,48.13237],[16.33977,48.13235]]}},{"type":"Feature","properties":{"boundary_score":0.0289,"activation_distance":0.05},"geometry":{"type":"LineString","coordinates":[[16.2763,48.11226],[16.27615,48.11216]]}},{"type":"Feature","properties":{"boundary_score":0.0289,"activation_distance":0.05},"geometry":{"type":"LineString","coordinates":[[16.27615,48.11216],[16.2763,48.11226]]}},{"type":"Feature","properties":{"boundary_score":0.2743,"activation_distance":0.21062},"geometry":{"type":"LineString","coordinates":[[16.27665,48.11218],[16.2764,48.11217]]}},{"type":"Feature","properties":{"boundary_score":0.2743,"activation_distance":0.21062},"geometry":{"type":"LineString","coordinates":[[16.2764,48.11217],[16.27665,48.11218]]}},{"type":"Feature","properties":{"boundary_score":0.167,"activation_distance":0.14039},"geometry":{"type":"LineString","coordinates":[[16.29097,48.12578],[16.29104,48.12554]]}},{"type":"Feature","properties":{"boundary_score":0.167,"activation_distance":0.14039},"geometry":{"type":"LineString","coordinates":[[16.29104,48.12554],[16.29097,48.12578]]}},{"type":"Feature","properties":{"boundary_score":0.0572,"activation_distance":0.06853},"geometry":{"type":"LineString","coordinates":[[16.32231,48.24527],[16.3222,48.24504]]}},{"type":"Feature","properties":{"boundary_score":0.0572,"activation_distance":0.06853},"geometry":{"type":"LineString","coordinates":[[16.3222,48.24504],[16.32231,48.24527]]}},{"type":"Feature","properties":{"boundary_score":0.1214,"activation_distance":0.11052},"geometry":{"type":"LineString","coordinates":[[16.42232,48.27609],[16.42209,48.27616]]}},{"type":"Feature","properties":{"boundary_score":0.1214,"activation_distance":0.11052},"geometry":{"type":"LineString","coordinates":[[16.42209,48.27616],[16.42232,48.27609]]}},{"type":"Feature","properties":{"boundary_score":0.0225,"activation_distance":0.04581},"geometry":{"type":"LineString","coordinates":[[16.45167,48.1248],[16.4519,48.12481]]}},{"type":"Feature","properties":{"boundary_score":0.0225,"activation_distance":0.04581},"geometry":{"type":"LineString","coordinates":[[16.4519,48.12481],[16.45167,48.1248]]}},{"type":"Feature","properties":{"boundary_score":0.2932,"activation_distance":0.22298},"geometry":{"type":"LineString","coordinates":[[16.32221,48.17002],[16.32241,48.1699]]}},{"type":"Feature","properties":{"boundary_score":0.2932,"activation_distance":0.22298},"geometry":{"type":"LineString","coordinates":[[16.32241,48.1699],[16.32221,48.17002]]}},{"type":"Feature","properties":{"boundary_score":0.201,"activation_distance":0.16266},"geometry":{"type":"LineString","coordinates":[[16.32876,48.15302],[16.32863,48.15282]]}},{"type":"Feature","properties":{"boundary_score":0.201,"activation_distance":0.16266},"geometry":{"type":"LineString","coordinates":[[16.32863,48.15282],[16.32876,48.15302]]}},{"type":"Feature","properties":{"boundary_score":0.0342,"activation_distance":0.05342},"geometry":{"type":"LineString","coordinates":[[16.35177,48.0793],[16.35174,48.07953]]}},{"type":"Feature","properties":{"boundary_score":0.0342,"activation_distance":0.05342},"geometry":{"type":"LineString","coordinates":[[16.35174,48.07953],[16.35177,48.0793]]}},{"type":"Feature","properties":{"boundary_score":0.0368,"activation_distance":0.05517},"geometry":{"type":"LineString","coordinates":[[16.28698,48.06967],[16.28703,48.06945]]}},{"type":"Feature","properties":{"boundary_score":0.0368,"activation_distance":0.05517},"geometry":{"type":"LineString","coordinates":[[16.28703,48.06945],[16.28698,48.06967]]}},{"type":"Feature","properties":{"boundary_score":0.1689,"activation_distance":0.14164},"geometry":{"type":"LineString","coordinates":[[16.30233,48.04993],[16.30228,48.05006]]}},{"type":"Feature","properties":{"boundary_score":0.1689,"activation_distance":0.14164},"geometry":{"type":"LineString","coordinates":[[16.30228,48.05006],[16.30233,48.04993]]}},{"type":"Feature","properties":{"boundary_score":0.0387,"activation_distance":0.05638},"geometry":{"type":"LineString","coordinates":[[16.28824,48.085],[16.28845,48.08488]]}},{"type":"Feature","properties":{"boundary_score":0.0387,"activation_distance":0.05638},"geometry":{"type":"LineString","coordinates":[[16.28845,48.08488],[16.28824,48.085]]}},{"type":"Feature","properties":{"boundary_score":0.0068,"activation_distance":0.03553},"geometry":{"type":"LineString","coordinates":[[16.51137,48.28134],[16.51125,48.28114]]}},{"type":"Feature","properties":{"boundary_score":0.0068,"activation_distance":0.03553},"geometry":{"type":"LineString","coordinates":[[16.51125,48.28114],[16.51137,48.28134]]}},{"type":"Feature","properties":{"boundary_score":0.1733,"activation_distance":0.14451},"geometry":{"type":"LineString","coordinates":[[16.35591,48.27417],[16.35587,48.27393]]}},{"type":"Feature","properties":{"boundary_score":0.1733,"activation_distance":0.14451},"geometry":{"type":"LineString","coordinates":[[16.35587,48.27393],[16.35591,48.27417]]}},{"type":"Feature","properties":{"boundary_score":0.1293,"activation_distance":0.11568},"geometry":{"type":"LineString","coordinates":[[16.33898,48.23796],[16.33922,48.23796]]}},{"type":"Feature","properties":{"boundary_score":0.1293,"activation_distance":0.11568},"geometry":{"type":"LineString","coordinates":[[16.33922,48.23796],[16.33898,48.23796]]}},{"type":"Feature","properties":{"boundary_score":0.0216,"activation_distance":0.04521},"geometry":{"type":"LineString","coordinates":[[16.27575,48.16023],[16.276,48.16023]]}},{"type":"Feature","properties":{"boundary_score":0.0216,"activation_distance":0.04521},"geometry":{"type":"LineString","coordinates":[[16.276,48.16023],[16.27575,48.16023]]}},{"type":"Feature","properties":{"boundary_score":0.0237,"activation_distance":0.04658},"geometry":{"type":"LineString","coordinates":[[16.2624,48.16366],[16.26267,48.16366]]}},{"type":"Feature","properties":{"boundary_score":0.0237,"activation_distance":0.04658},"geometry":{"type":"LineString","coordinates":[[16.26267,48.16366],[16.2624,48.16366]]}},{"type":"Feature","properties":{"boundary_score":0.0066,"activation_distance":0.03538},"geometry":{"type":"LineString","coordinates":[[16.2833,48.17476],[16.2836,48.17481]]}},{"type":"Feature","properties":{"boundary_score":0.0066,"activation_distance":0.03538},"geometry":{"type":"LineString","coordinates":[[16.2836,48.17481],[16.2833,48.17476]]}},{"type":"Feature","properties":{"boundary_score":0.0442,"activation_distance":0.06},"geometry":{"type":"LineString","coordinates":[[16.41307,48.23042],[16.41326,48.23027]]}},{"type":"Feature","properties":{"boundary_score":0.0442,"activation_distance":0.06},"geometry":{"type":"LineString","coordinates":[[16.41326,48.23027],[16.41307,48.23042]]}},{"type":"Feature","properties":{"boundary_score":0.3076,"activation_distance":0.23243},"geometry":{"type":"LineString","coordinates":[[16.33764,48.29431],[16.33749,48.29453]]}},{"type":"Feature","properties":{"boundary_score":0.3076,"activation_distance":0.23243},"geometry":{"type":"LineString","coordinates":[[16.33749,48.29453],[16.33764,48.29431]]}},{"type":"Feature","properties":{"boundary_score":0.0585,"activation_distance":0.06937},"geometry":{"type":"LineString","coordinates":[[16.32588,48.31089],[16.32606,48.31075]]}},{"type":"Feature","properties":{"boundary_score":0.0585,"activation_distance":0.06937},"geometry":{"type":"LineString","coordinates":[[16.32606,48.31075],[16.32588,48.31089]]}},{"type":"Feature","properties":{"boundary_score":0.0012,"activation_distance":0.03185},"geometry":{"type":"LineString","coordinates":[[16.33642,48.29563],[16.33653,48.29544]]}},{"type":"Feature","properties":{"boundary_score":0.0012,"activation_distance":0.03185},"geometry":{"type":"LineString","coordinates":[[16.33653,48.29544],[16.33642,48.29563]]}},{"type":"Feature","properties":{"boundary_score":0.139,"activation_distance":0.12202},"geometry":{"type":"LineString","coordinates":[[16.33525,48.29593],[16.33538,48.29574]]}},{"type":"Feature","properties":{"boundary_score":0.139,"activation_distance":0.12202},"geometry":{"type":"LineString","coordinates":[[16.33538,48.29574],[16.33525,48.29593]]}},{"type":"Feature","properties":{"boundary_score":0.0256,"activation_distance":0.04783},"geometry":{"type":"LineString","coordinates":[[16.33614,48.29529],[16.33637,48.29529]]}},{"type":"Feature","properties":{"boundary_score":0.0256,"activation_distance":0.04783},"geometry":{"type":"LineString","coordinates":[[16.33637,48.29529],[16.33614,48.29529]]}},{"type":"Feature","properties":{"boundary_score":0.0046,"activation_distance":0.03408},"geometry":{"type":"LineString","coordinates":[[16.32529,48.31119],[16.32548,48.31105]]}},{"type":"Feature","properties":{"boundary_score":0.0046,"activation_distance":0.03408},"geometry":{"type":"LineString","coordinates":[[16.32548,48.31105],[16.32529,48.31119]]}},{"type":"Feature","properties":{"boundary_score":0.2196,"activation_distance":0.17478},"geometry":{"type":"LineString","coordinates":[[16.32585,48.31077],[16.32604,48.31063]]}},{"type":"Feature","properties":{"boundary_score":0.2196,"activation_distance":0.17478},"geometry":{"type":"LineString","coordinates":[[16.32604,48.31063],[16.32585,48.31077]]}},{"type":"Feature","properties":{"boundary_score":0.0568,"activation_distance":0.06823},"geometry":{"type":"LineString","coordinates":[[16.29854,48.1865],[16.29837,48.1863]]}},{"type":"Feature","properties":{"boundary_score":0.0568,"activation_distance":0.06823},"geometry":{"type":"LineString","coordinates":[[16.29837,48.1863],[16.29854,48.1865]]}},{"type":"Feature","properties":{"boundary_score":0.1193,"activation_distance":0.10914},"geometry":{"type":"LineString","coordinates":[[16.26106,48.20821],[16.26095,48.20797]]}},{"type":"Feature","properties":{"boundary_score":0.1193,"activation_distance":0.10914},"geometry":{"type":"LineString","coordinates":[[16.26095,48.20797],[16.26106,48.20821]]}},{"type":"Feature","properties":{"boundary_score":0.042,"activation_distance":0.05854},"geometry":{"type":"LineString","coordinates":[[16.29484,48.22933],[16.29504,48.2292]]}},{"type":"Feature","properties":{"boundary_score":0.042,"activation_distance":0.05854},"geometry":{"type":"LineString","coordinates":[[16.29504,48.2292],[16.29484,48.22933]]}},{"type":"Feature","properties":{"boundary_score":0.0187,"activation_distance":0.04328},"geometry":{"type":"LineString","coordinates":[[16.39145,48.25976],[16.39124,48.25967]]}},{"type":"Feature","properties":{"boundary_score":0.0187,"activation_distance":0.04328},"geometry":{"type":"LineString","coordinates":[[16.39124,48.25967],[16.39145,48.25976]]}},{"type":"Feature","properties":{"boundary_score":0.055,"activation_distance":0.06705},"geometry":{"type":"LineString","coordinates":[[16.34003,48.21515],[16.33979,48.21515]]}},{"type":"Feature","properties":{"boundary_score":0.055,"activation_distance":0.06705},"geometry":{"type":"LineString","coordinates":[[16.33979,48.21515],[16.34003,48.21515]]}},{"type":"Feature","properties":{"boundary_score":0.1247,"activation_distance":0.11267},"geometry":{"type":"LineString","coordinates":[[16.34612,48.18497],[16.34641,48.18506]]}},{"type":"Feature","properties":{"boundary_score":0.1247,"activation_distance":0.11267},"geometry":{"type":"LineString","coordinates":[[16.34641,48.18506],[16.34612,48.18497]]}},{"type":"Feature","properties":{"boundary_score":0.1558,"activation_distance":0.13304},"geometry":{"type":"LineString","coordinates":[[16.33783,48.29443],[16.33769,48.29458]]}},{"type":"Feature","properties":{"boundary_score":0.1558,"activation_distance":0.13304},"geometry":{"type":"LineString","coordinates":[[16.33769,48.29458],[16.33783,48.29443]]}},{"type":"Feature","properties":{"boundary_score":0.1597,"activation_distance":0.13562},"geometry":{"type":"LineString","coordinates":[[16.36734,48.26274],[16.36745,48.26254]]}},{"type":"Feature","properties":{"boundary_score":0.1597,"activation_distance":0.13562},"geometry":{"type":"LineString","coordinates":[[16.36745,48.26254],[16.36734,48.26274]]}},{"type":"Feature","properties":{"boundary_score":0.0157,"activation_distance":0.04136},"geometry":{"type":"LineString","coordinates":[[16.39316,48.17584],[16.3934,48.17584]]}},{"type":"Feature","properties":{"boundary_score":0.0157,"activation_distance":0.04136},"geometry":{"type":"LineString","coordinates":[[16.3934,48.17584],[16.39316,48.17584]]}},{"type":"Feature","properties":{"boundary_score":0.038,"activation_distance":0.05592},"geometry":{"type":"LineString","coordinates":[[16.3934,48.17584],[16.39365,48.17586]]}},{"type":"Feature","properties":{"boundary_score":0.038,"activation_distance":0.05592},"geometry":{"type":"LineString","coordinates":[[16.39365,48.17586],[16.3934,48.17584]]}},{"type":"Feature","properties":{"boundary_score":0.0163,"activation_distance":0.04175},"geometry":{"type":"LineString","coordinates":[[16.39325,48.17538],[16.39347,48.17535]]}},{"type":"Feature","properties":{"boundary_score":0.0163,"activation_distance":0.04175},"geometry":{"type":"LineString","coordinates":[[16.39347,48.17535],[16.39325,48.17538]]}},{"type":"Feature","properties":{"boundary_score":0.006,"activation_distance":0.03498},"geometry":{"type":"LineString","coordinates":[[16.39347,48.17535],[16.39369,48.17531]]}},{"type":"Feature","properties":{"boundary_score":0.006,"activation_distance":0.03498},"geometry":{"type":"LineString","coordinates":[[16.39369,48.17531],[16.39347,48.17535]]}},{"type":"Feature","properties":{"boundary_score":0.1203,"activation_distance":0.10977},"geometry":{"type":"LineString","coordinates":[[16.32882,48.15289],[16.32896,48.15311]]}},{"type":"Feature","properties":{"boundary_score":0.1203,"activation_distance":0.10977},"geometry":{"type":"LineString","coordinates":[[16.32896,48.15311],[16.32882,48.15289]]}},{"type":"Feature","properties":{"boundary_score":0.0972,"activation_distance":0.09469},"geometry":{"type":"LineString","coordinates":[[16.33343,48.14955],[16.33352,48.14976]]}},{"type":"Feature","properties":{"boundary_score":0.0972,"activation_distance":0.09469},"geometry":{"type":"LineString","coordinates":[[16.33352,48.14976],[16.33343,48.14955]]}},{"type":"Feature","properties":{"boundary_score":0.0076,"activation_distance":0.03602},"geometry":{"type":"LineString","coordinates":[[16.36263,48.21426],[16.3624,48.21415]]}},{"type":"Feature","properties":{"boundary_score":0.0076,"activation_distance":0.03602},"geometry":{"type":"LineString","coordinates":[[16.3624,48.21415],[16.36263,48.21426]]}},{"type":"Feature","properties":{"boundary_score":0.0902,"activation_distance":0.09008},"geometry":{"type":"LineString","coordinates":[[16.36058,48.1586],[16.36068,48.15884]]}},{"type":"Feature","properties":{"boundary_score":0.0902,"activation_distance":0.09008},"geometry":{"type":"LineString","coordinates":[[16.36068,48.15884],[16.36058,48.1586]]}},{"type":"Feature","properties":{"boundary_score":0.0902,"activation_distance":0.09008},"geometry":{"type":"LineString","coordinates":[[16.36046,48.15835],[16.36058,48.1586]]}},{"type":"Feature","properties":{"boundary_score":0.0902,"activation_distance":0.09008},"geometry":{"type":"LineString","coordinates":[[16.36058,48.1586],[16.36046,48.15835]]}},{"type":"Feature","properties":{"boundary_score":0.0932,"activation_distance":0.09209},"geometry":{"type":"LineString","coordinates":[[16.41898,48.19202],[16.41878,48.19213]]}},{"type":"Feature","properties":{"boundary_score":0.0932,"activation_distance":0.09209},"geometry":{"type":"LineString","coordinates":[[16.41878,48.19213],[16.41898,48.19202]]}},{"type":"Feature","properties":{"boundary_score":0.0385,"activation_distance":0.05623},"geometry":{"type":"LineString","coordinates":[[16.41878,48.19213],[16.41858,48.19225]]}},{"type":"Feature","properties":{"boundary_score":0.0385,"activation_distance":0.05623},"geometry":{"type":"LineString","coordinates":[[16.41858,48.19225],[16.41878,48.19213]]}},{"type":"Feature","properties":{"boundary_score":0.0149,"activation_distance":0.0408},"geometry":{"type":"LineString","coordinates":[[16.47849,48.14453],[16.47838,48.14426]]}},{"type":"Feature","properties":{"boundary_score":0.0149,"activation_distance":0.0408},"geometry":{"type":"LineString","coordinates":[[16.47838,48.14426],[16.47849,48.14453]]}},{"type":"Feature","properties":{"boundary_score":0.1292,"activation_distance":0.11565},"geometry":{"type":"LineString","coordinates":[[16.36717,48.1632],[16.36739,48.16317]]}},{"type":"Feature","properties":{"boundary_score":0.1292,"activation_distance":0.11565},"geometry":{"type":"LineString","coordinates":[[16.36739,48.16317],[16.36717,48.1632]]}},{"type":"Feature","properties":{"boundary_score":0.0039,"activation_distance":0.03363},"geometry":{"type":"LineString","coordinates":[[16.36728,48.16296],[16.36719,48.16275]]}},{"type":"Feature","properties":{"boundary_score":0.0039,"activation_distance":0.03363},"geometry":{"type":"LineString","coordinates":[[16.36719,48.16275],[16.36728,48.16296]]}},{"type":"Feature","properties":{"boundary_score":0.0245,"activation_distance":0.04708},"geometry":{"type":"LineString","coordinates":[[16.3675,48.16274],[16.3676,48.16295]]}},{"type":"Feature","properties":{"boundary_score":0.0245,"activation_distance":0.04708},"geometry":{"type":"LineString","coordinates":[[16.3676,48.16295],[16.3675,48.16274]]}},{"type":"Feature","properties":{"boundary_score":0.0115,"activation_distance":0.03857},"geometry":{"type":"LineString","coordinates":[[16.47505,48.13076],[16.47514,48.13097]]}},{"type":"Feature","properties":{"boundary_score":0.0115,"activation_distance":0.03857},"geometry":{"type":"LineString","coordinates":[[16.47514,48.13097],[16.47505,48.13076]]}},{"type":"Feature","properties":{"boundary_score":0.0064,"activation_distance":0.03523},"geometry":{"type":"LineString","coordinates":[[16.36009,48.15768],[16.35996,48.15747]]}},{"type":"Feature","properties":{"boundary_score":0.0064,"activation_distance":0.03523},"geometry":{"type":"LineString","coordinates":[[16.35996,48.15747],[16.36009,48.15768]]}},{"type":"Feature","properties":{"boundary_score":0.0814,"activation_distance":0.08435},"geometry":{"type":"LineString","coordinates":[[16.45386,48.11787],[16.45347,48.11768]]}},{"type":"Feature","properties":{"boundary_score":0.0814,"activation_distance":0.08435},"geometry":{"type":"LineString","coordinates":[[16.45347,48.11768],[16.45386,48.11787]]}},{"type":"Feature","properties":{"boundary_score":0.0024,"activation_distance":0.03265},"geometry":{"type":"LineString","coordinates":[[16.45192,48.12497],[16.45169,48.12497]]}},{"type":"Feature","properties":{"boundary_score":0.0024,"activation_distance":0.03265},"geometry":{"type":"LineString","coordinates":[[16.45169,48.12497],[16.45192,48.12497]]}},{"type":"Feature","properties":{"boundary_score":0.077,"activation_distance":0.08148},"geometry":{"type":"LineString","coordinates":[[16.45247,48.12521],[16.45262,48.12503]]}},{"type":"Feature","properties":{"boundary_score":0.077,"activation_distance":0.08148},"geometry":{"type":"LineString","coordinates":[[16.45262,48.12503],[16.45247,48.12521]]}},{"type":"Feature","properties":{"boundary_score":0.0426,"activation_distance":0.05894},"geometry":{"type":"LineString","coordinates":[[16.37243,48.27475],[16.3722,48.27466]]}},{"type":"Feature","properties":{"boundary_score":0.0426,"activation_distance":0.05894},"geometry":{"type":"LineString","coordinates":[[16.3722,48.27466],[16.37243,48.27475]]}},{"type":"Feature","properties":{"boundary_score":0.262,"activation_distance":0.20252},"geometry":{"type":"LineString","coordinates":[[16.37166,48.27423],[16.37151,48.27441]]}},{"type":"Feature","properties":{"boundary_score":0.262,"activation_distance":0.20252},"geometry":{"type":"LineString","coordinates":[[16.37151,48.27441],[16.37166,48.27423]]}},{"type":"Feature","properties":{"boundary_score":0.0436,"activation_distance":0.05957},"geometry":{"type":"LineString","coordinates":[[16.39962,48.17679],[16.39956,48.17655]]}},{"type":"Feature","properties":{"boundary_score":0.0436,"activation_distance":0.05957},"geometry":{"type":"LineString","coordinates":[[16.39956,48.17655],[16.39962,48.17679]]}},{"type":"Feature","properties":{"boundary_score":0.0266,"activation_distance":0.04847},"geometry":{"type":"LineString","coordinates":[[16.39956,48.17655],[16.3995,48.1763]]}},{"type":"Feature","properties":{"boundary_score":0.0266,"activation_distance":0.04847},"geometry":{"type":"LineString","coordinates":[[16.3995,48.1763],[16.39956,48.17655]]}},{"type":"Feature","properties":{"boundary_score":0.0574,"activation_distance":0.06862},"geometry":{"type":"LineString","coordinates":[[16.38551,48.2899],[16.38566,48.29008]]}},{"type":"Feature","properties":{"boundary_score":0.0574,"activation_distance":0.06862},"geometry":{"type":"LineString","coordinates":[[16.38566,48.29008],[16.38551,48.2899]]}},{"type":"Feature","properties":{"boundary_score":0.0019,"activation_distance":0.03231},"geometry":{"type":"LineString","coordinates":[[16.40692,48.12171],[16.40713,48.12162]]}},{"type":"Feature","properties":{"boundary_score":0.0019,"activation_distance":0.03231},"geometry":{"type":"LineString","coordinates":[[16.40713,48.12162],[16.40692,48.12171]]}},{"type":"Feature","properties":{"boundary_score":0.0716,"activation_distance":0.07794},"geometry":{"type":"LineString","coordinates":[[16.40754,48.12144],[16.40775,48.12135]]}},{"type":"Feature","properties":{"boundary_score":0.0716,"activation_distance":0.07794},"geometry":{"type":"LineString","coordinates":[[16.40775,48.12135],[16.40754,48.12144]]}},{"type":"Feature","properties":{"boundary_score":0.0216,"activation_distance":0.04521},"geometry":{"type":"LineString","coordinates":[[16.27575,48.16023],[16.27597,48.16051]]}},{"type":"Feature","properties":{"boundary_score":0.0216,"activation_distance":0.04521},"geometry":{"type":"LineString","coordinates":[[16.27597,48.16051],[16.27575,48.16023]]}},{"type":"Feature","properties":{"boundary_score":0.0692,"activation_distance":0.07639},"geometry":{"type":"LineString","coordinates":[[16.4997,48.13799],[16.49944,48.13804]]}},{"type":"Feature","properties":{"boundary_score":0.0692,"activation_distance":0.07639},"geometry":{"type":"LineString","coordinates":[[16.49944,48.13804],[16.4997,48.13799]]}},{"type":"Feature","properties":{"boundary_score":0.011,"activation_distance":0.03829},"geometry":{"type":"LineString","coordinates":[[16.49065,48.15062],[16.49042,48.15065]]}},{"type":"Feature","properties":{"boundary_score":0.011,"activation_distance":0.03829},"geometry":{"type":"LineString","coordinates":[[16.49042,48.15065],[16.49065,48.15062]]}},{"type":"Feature","properties":{"boundary_score":0.0229,"activation_distance":0.04606},"geometry":{"type":"LineString","coordinates":[[16.48908,48.15103],[16.48885,48.15109]]}},{"type":"Feature","properties":{"boundary_score":0.0229,"activation_distance":0.04606},"geometry":{"type":"LineString","coordinates":[[16.48885,48.15109],[16.48908,48.15103]]}},{"type":"Feature","properties":{"boundary_score":0.3557,"activation_distance":0.2639},"geometry":{"type":"LineString","coordinates":[[16.48751,48.15147],[16.48729,48.15152]]}},{"type":"Feature","properties":{"boundary_score":0.3557,"activation_distance":0.2639},"geometry":{"type":"LineString","coordinates":[[16.48729,48.15152],[16.48751,48.15147]]}},{"type":"Feature","properties":{"boundary_score":0.4968,"activation_distance":0.35622},"geometry":{"type":"LineString","coordinates":[[16.47934,48.15664],[16.47957,48.15663]]}},{"type":"Feature","properties":{"boundary_score":0.4968,"activation_distance":0.35622},"geometry":{"type":"LineString","coordinates":[[16.47957,48.15663],[16.47934,48.15664]]}},{"type":"Feature","properties":{"boundary_score":0.4466,"activation_distance":0.32339},"geometry":{"type":"LineString","coordinates":[[16.33806,48.20091],[16.33795,48.2012]]}},{"type":"Feature","properties":{"boundary_score":0.4466,"activation_distance":0.32339},"geometry":{"type":"LineString","coordinates":[[16.33795,48.2012],[16.33806,48.20091]]}},{"type":"Feature","properties":{"boundary_score":0.0512,"activation_distance":0.0646},"geometry":{"type":"LineString","coordinates":[[16.37069,48.19304],[16.3708,48.19273]]}},{"type":"Feature","properties":{"boundary_score":0.0512,"activation_distance":0.0646},"geometry":{"type":"LineString","coordinates":[[16.3708,48.19273],[16.37069,48.19304]]}},{"type":"Feature","properties":{"boundary_score":0.0085,"activation_distance":0.03659},"geometry":{"type":"LineString","coordinates":[[16.39741,48.18509],[16.39761,48.18497]]}},{"type":"Feature","properties":{"boundary_score":0.0085,"activation_distance":0.03659},"geometry":{"type":"LineString","coordinates":[[16.39761,48.18497],[16.39741,48.18509]]}},{"type":"Feature","properties":{"boundary_score":0.0135,"activation_distance":0.0399},"geometry":{"type":"LineString","coordinates":[[16.47795,48.15976],[16.47802,48.15954]]}},{"type":"Feature","properties":{"boundary_score":0.0135,"activation_distance":0.0399},"geometry":{"type":"LineString","coordinates":[[16.47802,48.15954],[16.47795,48.15976]]}},{"type":"Feature","properties":{"boundary_score":0.1233,"activation_distance":0.11175},"geometry":{"type":"LineString","coordinates":[[16.42695,48.22073],[16.42675,48.22086]]}},{"type":"Feature","properties":{"boundary_score":0.1233,"activation_distance":0.11175},"geometry":{"type":"LineString","coordinates":[[16.42675,48.22086],[16.42695,48.22073]]}},{"type":"Feature","properties":{"boundary_score":0.0547,"activation_distance":0.06687},"geometry":{"type":"LineString","coordinates":[[16.42669,48.22063],[16.4265,48.22076]]}},{"type":"Feature","properties":{"boundary_score":0.0547,"activation_distance":0.06687},"geometry":{"type":"LineString","coordinates":[[16.4265,48.22076],[16.42669,48.22063]]}},{"type":"Feature","properties":{"boundary_score":0.0078,"activation_distance":0.03619},"geometry":{"type":"LineString","coordinates":[[16.42609,48.22072],[16.42618,48.22055]]}},{"type":"Feature","properties":{"boundary_score":0.0078,"activation_distance":0.03619},"geometry":{"type":"LineString","coordinates":[[16.42618,48.22055],[16.42609,48.22072]]}},{"type":"Feature","properties":{"boundary_score":0.0317,"activation_distance":0.05184},"geometry":{"type":"LineString","coordinates":[[16.42618,48.22055],[16.42637,48.22042]]}},{"type":"Feature","properties":{"boundary_score":0.0317,"activation_distance":0.05184},"geometry":{"type":"LineString","coordinates":[[16.42637,48.22042],[16.42618,48.22055]]}},{"type":"Feature","properties":{"boundary_score":0.0525,"activation_distance":0.06544},"geometry":{"type":"LineString","coordinates":[[16.42633,48.22071],[16.42652,48.22058]]}},{"type":"Feature","properties":{"boundary_score":0.0525,"activation_distance":0.06544},"geometry":{"type":"LineString","coordinates":[[16.42652,48.22058],[16.42633,48.22071]]}},{"type":"Feature","properties":{"boundary_score":0.0397,"activation_distance":0.05706},"geometry":{"type":"LineString","coordinates":[[16.42627,48.2206],[16.42645,48.22047]]}},{"type":"Feature","properties":{"boundary_score":0.0397,"activation_distance":0.05706},"geometry":{"type":"LineString","coordinates":[[16.42645,48.22047],[16.42627,48.2206]]}},{"type":"Feature","properties":{"boundary_score":0.0516,"activation_distance":0.06485},"geometry":{"type":"LineString","coordinates":[[16.42679,48.22072],[16.4266,48.22086]]}},{"type":"Feature","properties":{"boundary_score":0.0516,"activation_distance":0.06485},"geometry":{"type":"LineString","coordinates":[[16.4266,48.22086],[16.42679,48.22072]]}},{"type":"Feature","properties":{"boundary_score":0.0332,"activation_distance":0.05281},"geometry":{"type":"LineString","coordinates":[[16.44445,48.24054],[16.44423,48.24061]]}},{"type":"Feature","properties":{"boundary_score":0.0332,"activation_distance":0.05281},"geometry":{"type":"LineString","coordinates":[[16.44423,48.24061],[16.44445,48.24054]]}},{"type":"Feature","properties":{"boundary_score":0.2537,"activation_distance":0.19711},"geometry":{"type":"LineString","coordinates":[[16.48312,48.21862],[16.48295,48.21876]]}},{"type":"Feature","properties":{"boundary_score":0.2537,"activation_distance":0.19711},"geometry":{"type":"LineString","coordinates":[[16.48295,48.21876],[16.48312,48.21862]]}},{"type":"Feature","properties":{"boundary_score":0.1974,"activation_distance":0.16029},"geometry":{"type":"LineString","coordinates":[[16.49325,48.21314],[16.49302,48.21326]]}},{"type":"Feature","properties":{"boundary_score":0.1974,"activation_distance":0.16029},"geometry":{"type":"LineString","coordinates":[[16.49302,48.21326],[16.49325,48.21314]]}},{"type":"Feature","properties":{"boundary_score":0.0088,"activation_distance":0.03682},"geometry":{"type":"LineString","coordinates":[[16.38816,48.23123],[16.38792,48.23113]]}},{"type":"Feature","properties":{"boundary_score":0.0088,"activation_distance":0.03682},"geometry":{"type":"LineString","coordinates":[[16.38792,48.23113],[16.38816,48.23123]]}},{"type":"Feature","properties":{"boundary_score":0.0178,"activation_distance":0.04272},"geometry":{"type":"LineString","coordinates":[[16.38796,48.23105],[16.38818,48.23119]]}},{"type":"Feature","properties":{"boundary_score":0.0178,"activation_distance":0.04272},"geometry":{"type":"LineString","coordinates":[[16.38818,48.23119],[16.38796,48.23105]]}},{"type":"Feature","properties":{"boundary_score":0.005,"activation_distance":0.03432},"geometry":{"type":"LineString","coordinates":[[16.47407,48.2555],[16.47397,48.2553]]}},{"type":"Feature","properties":{"boundary_score":0.005,"activation_distance":0.03432},"geometry":{"type":"LineString","coordinates":[[16.47397,48.2553],[16.47407,48.2555]]}},{"type":"Feature","properties":{"boundary_score":0.194,"activation_distance":0.15802},"geometry":{"type":"LineString","coordinates":[[16.37244,48.3024],[16.3726,48.30222]]}},{"type":"Feature","properties":{"boundary_score":0.194,"activation_distance":0.15802},"geometry":{"type":"LineString","coordinates":[[16.3726,48.30222],[16.37244,48.3024]]}},{"type":"Feature","properties":{"boundary_score":0.2069,"activation_distance":0.16647},"geometry":{"type":"LineString","coordinates":[[16.37536,48.24917],[16.37529,48.24949]]}},{"type":"Feature","properties":{"boundary_score":0.2069,"activation_distance":0.16647},"geometry":{"type":"LineString","coordinates":[[16.37529,48.24949],[16.37536,48.24917]]}},{"type":"Feature","properties":{"boundary_score":0.1321,"activation_distance":0.11755},"geometry":{"type":"LineString","coordinates":[[16.52299,48.14413],[16.52279,48.14395]]}},{"type":"Feature","properties":{"boundary_score":0.1321,"activation_distance":0.11755},"geometry":{"type":"LineString","coordinates":[[16.52279,48.14395],[16.52299,48.14413]]}},{"type":"Feature","properties":{"boundary_score":0.0626,"activation_distance":0.07202},"geometry":{"type":"LineString","coordinates":[[16.2558,48.11598],[16.25603,48.11603]]}},{"type":"Feature","properties":{"boundary_score":0.0626,"activation_distance":0.07202},"geometry":{"type":"LineString","coordinates":[[16.25603,48.11603],[16.2558,48.11598]]}},{"type":"Feature","properties":{"boundary_score":0.2977,"activation_distance":0.22589},"geometry":{"type":"LineString","coordinates":[[16.35632,48.20676],[16.35654,48.2069]]}},{"type":"Feature","properties":{"boundary_score":0.2977,"activation_distance":0.22589},"geometry":{"type":"LineString","coordinates":[[16.35654,48.2069],[16.35632,48.20676]]}},{"type":"Feature","properties":{"boundary_score":0.2615,"activation_distance":0.20221},"geometry":{"type":"LineString","coordinates":[[16.35654,48.2069],[16.35676,48.20703]]}},{"type":"Feature","properties":{"boundary_score":0.2615,"activation_distance":0.20221},"geometry":{"type":"LineString","coordinates":[[16.35676,48.20703],[16.35654,48.2069]]}},{"type":"Feature","properties":{"boundary_score":0.0367,"activation_distance":0.05508},"geometry":{"type":"LineString","coordinates":[[16.35676,48.20703],[16.35698,48.20717]]}},{"type":"Feature","properties":{"boundary_score":0.0367,"activation_distance":0.05508},"geometry":{"type":"LineString","coordinates":[[16.35698,48.20717],[16.35676,48.20703]]}},{"type":"Feature","properties":{"boundary_score":0.1285,"activation_distance":0.11515},"geometry":{"type":"LineString","coordinates":[[16.2835,48.11102],[16.28317,48.11104]]}},{"type":"Feature","properties":{"boundary_score":0.1285,"activation_distance":0.11515},"geometry":{"type":"LineString","coordinates":[[16.28317,48.11104],[16.2835,48.11102]]}},{"type":"Feature","properties":{"boundary_score":0.0365,"activation_distance":0.05492},"geometry":{"type":"LineString","coordinates":[[16.3147,48.09906],[16.31472,48.09929]]}},{"type":"Feature","properties":{"boundary_score":0.0365,"activation_distance":0.05492},"geometry":{"type":"LineString","coordinates":[[16.31472,48.09929],[16.3147,48.09906]]}},{"type":"Feature","properties":{"boundary_score":0.1188,"activation_distance":0.10884},"geometry":{"type":"LineString","coordinates":[[16.3111,48.09172],[16.3113,48.09182]]}},{"type":"Feature","properties":{"boundary_score":0.1188,"activation_distance":0.10884},"geometry":{"type":"LineString","coordinates":[[16.3113,48.09182],[16.3111,48.09172]]}},{"type":"Feature","properties":{"boundary_score":0.16,"activation_distance":0.13578},"geometry":{"type":"LineString","coordinates":[[16.37051,48.23626],[16.37073,48.23633]]}},{"type":"Feature","properties":{"boundary_score":0.16,"activation_distance":0.13578},"geometry":{"type":"LineString","coordinates":[[16.37073,48.23633],[16.37051,48.23626]]}},{"type":"Feature","properties":{"boundary_score":0.0191,"activation_distance":0.04357},"geometry":{"type":"LineString","coordinates":[[16.25273,48.31177],[16.25251,48.31181]]}},{"type":"Feature","properties":{"boundary_score":0.0191,"activation_distance":0.04357},"geometry":{"type":"LineString","coordinates":[[16.25251,48.31181],[16.25273,48.31177]]}},{"type":"Feature","properties":{"boundary_score":0.1433,"activation_distance":0.12485},"geometry":{"type":"LineString","coordinates":[[16.47381,48.25587],[16.47356,48.25581]]}},{"type":"Feature","properties":{"boundary_score":0.1433,"activation_distance":0.12485},"geometry":{"type":"LineString","coordinates":[[16.47356,48.25581],[16.47381,48.25587]]}},{"type":"Feature","properties":{"boundary_score":0.0246,"activation_distance":0.04716},"geometry":{"type":"LineString","coordinates":[[16.47399,48.25575],[16.47387,48.25553]]}},{"type":"Feature","properties":{"boundary_score":0.0246,"activation_distance":0.04716},"geometry":{"type":"LineString","coordinates":[[16.47387,48.25553],[16.47399,48.25575]]}},{"type":"Feature","properties":{"boundary_score":0.0279,"activation_distance":0.04929},"geometry":{"type":"LineString","coordinates":[[16.41485,48.10459],[16.41469,48.10498]]}},{"type":"Feature","properties":{"boundary_score":0.0279,"activation_distance":0.04929},"geometry":{"type":"LineString","coordinates":[[16.41469,48.10498],[16.41485,48.10459]]}},{"type":"Feature","properties":{"boundary_score":0.0093,"activation_distance":0.03713},"geometry":{"type":"LineString","coordinates":[[16.39288,48.24841],[16.39307,48.24825]]}},{"type":"Feature","properties":{"boundary_score":0.0093,"activation_distance":0.03713},"geometry":{"type":"LineString","coordinates":[[16.39307,48.24825],[16.39288,48.24841]]}},{"type":"Feature","properties":{"boundary_score":0.0329,"activation_distance":0.05258},"geometry":{"type":"LineString","coordinates":[[16.4939,48.13482],[16.49412,48.13471]]}},{"type":"Feature","properties":{"boundary_score":0.0329,"activation_distance":0.05258},"geometry":{"type":"LineString","coordinates":[[16.49412,48.13471],[16.4939,48.13482]]}},{"type":"Feature","properties":{"boundary_score":0.021,"activation_distance":0.04483},"geometry":{"type":"LineString","coordinates":[[16.47355,48.25568],[16.47378,48.25567]]}},{"type":"Feature","properties":{"boundary_score":0.021,"activation_distance":0.04483},"geometry":{"type":"LineString","coordinates":[[16.47378,48.25567],[16.47355,48.25568]]}},{"type":"Feature","properties":{"boundary_score":0.0359,"activation_distance":0.05456},"geometry":{"type":"LineString","coordinates":[[16.47378,48.25567],[16.47402,48.25566]]}},{"type":"Feature","properties":{"boundary_score":0.0359,"activation_distance":0.05456},"geometry":{"type":"LineString","coordinates":[[16.47402,48.25566],[16.47378,48.25567]]}},{"type":"Feature","properties":{"boundary_score":0.0341,"activation_distance":0.05338},"geometry":{"type":"LineString","coordinates":[[16.46042,48.24037],[16.46055,48.24015]]}},{"type":"Feature","properties":{"boundary_score":0.0341,"activation_distance":0.05338},"geometry":{"type":"LineString","coordinates":[[16.46055,48.24015],[16.46042,48.24037]]}},{"type":"Feature","properties":{"boundary_score":0.0096,"activation_distance":0.03733},"geometry":{"type":"LineString","coordinates":[[16.47349,48.25546],[16.47364,48.2553]]}},{"type":"Feature","properties":{"boundary_score":0.0096,"activation_distance":0.03733},"geometry":{"type":"LineString","coordinates":[[16.47364,48.2553],[16.47349,48.25546]]}},{"type":"Feature","properties":{"boundary_score":0.0182,"activation_distance":0.04299},"geometry":{"type":"LineString","coordinates":[[16.47012,48.24996],[16.47027,48.25013]]}},{"type":"Feature","properties":{"boundary_score":0.0182,"activation_distance":0.04299},"geometry":{"type":"LineString","coordinates":[[16.47027,48.25013],[16.47012,48.24996]]}},{"type":"Feature","properties":{"boundary_score":0.0457,"activation_distance":0.06094},"geometry":{"type":"LineString","coordinates":[[16.47017,48.24989],[16.47034,48.25004]]}},{"type":"Feature","properties":{"boundary_score":0.0457,"activation_distance":0.06094},"geometry":{"type":"LineString","coordinates":[[16.47034,48.25004],[16.47017,48.24989]]}},{"type":"Feature","properties":{"boundary_score":0.1886,"activation_distance":0.15448},"geometry":{"type":"LineString","coordinates":[[16.41718,48.10175],[16.41706,48.10194]]}},{"type":"Feature","properties":{"boundary_score":0.1886,"activation_distance":0.15448},"geometry":{"type":"LineString","coordinates":[[16.41706,48.10194],[16.41718,48.10175]]}},{"type":"Feature","properties":{"boundary_score":0.5652,"activation_distance":0.401},"geometry":{"type":"LineString","coordinates":[[16.48883,48.13838],[16.48864,48.13852]]}},{"type":"Feature","properties":{"boundary_score":0.5652,"activation_distance":0.401},"geometry":{"type":"LineString","coordinates":[[16.48864,48.13852],[16.48883,48.13838]]}},{"type":"Feature","properties":{"boundary_score":0.0681,"activation_distance":0.07561},"geometry":{"type":"LineString","coordinates":[[16.45929,48.24146],[16.45926,48.24169]]}},{"type":"Feature","properties":{"boundary_score":0.0681,"activation_distance":0.07561},"geometry":{"type":"LineString","coordinates":[[16.45926,48.24169],[16.45929,48.24146]]}},{"type":"Feature","properties":{"boundary_score":0.0809,"activation_distance":0.08401},"geometry":{"type":"LineString","coordinates":[[16.36137,48.21484],[16.36154,48.21467]]}},{"type":"Feature","properties":{"boundary_score":0.0809,"activation_distance":0.08401},"geometry":{"type":"LineString","coordinates":[[16.36154,48.21467],[16.36137,48.21484]]}},{"type":"Feature","properties":{"boundary_score":0.091,"activation_distance":0.09064},"geometry":{"type":"LineString","coordinates":[[16.35379,48.21484],[16.35356,48.21486]]}},{"type":"Feature","properties":{"boundary_score":0.091,"activation_distance":0.09064},"geometry":{"type":"LineString","coordinates":[[16.35356,48.21486],[16.35379,48.21484]]}},{"type":"Feature","properties":{"boundary_score":0.1233,"activation_distance":0.11178},"geometry":{"type":"LineString","coordinates":[[16.24339,48.09823],[16.24361,48.09815]]}},{"type":"Feature","properties":{"boundary_score":0.1233,"activation_distance":0.11178},"geometry":{"type":"LineString","coordinates":[[16.24361,48.09815],[16.24339,48.09823]]}},{"type":"Feature","properties":{"boundary_score":0.0018,"activation_distance":0.03224},"geometry":{"type":"LineString","coordinates":[[16.35965,48.18015],[16.35964,48.18029]]}},{"type":"Feature","properties":{"boundary_score":0.0018,"activation_distance":0.03224},"geometry":{"type":"LineString","coordinates":[[16.35964,48.18029],[16.35965,48.18015]]}},{"type":"Feature","properties":{"boundary_score":0.0825,"activation_distance":0.08507},"geometry":{"type":"LineString","coordinates":[[16.40438,48.24126],[16.4046,48.24126]]}},{"type":"Feature","properties":{"boundary_score":0.0825,"activation_distance":0.08507},"geometry":{"type":"LineString","coordinates":[[16.4046,48.24126],[16.40438,48.24126]]}},{"type":"Feature","properties":{"boundary_score":0.0196,"activation_distance":0.04387},"geometry":{"type":"LineString","coordinates":[[16.37303,48.25432],[16.37279,48.25437]]}},{"type":"Feature","properties":{"boundary_score":0.0196,"activation_distance":0.04387},"geometry":{"type":"LineString","coordinates":[[16.37279,48.25437],[16.37303,48.25432]]}},{"type":"Feature","properties":{"boundary_score":0.1624,"activation_distance":0.13739},"geometry":{"type":"LineString","coordinates":[[16.37115,48.25443],[16.37092,48.25445]]}},{"type":"Feature","properties":{"boundary_score":0.1624,"activation_distance":0.13739},"geometry":{"type":"LineString","coordinates":[[16.37092,48.25445],[16.37115,48.25443]]}},{"type":"Feature","properties":{"boundary_score":0.1099,"activation_distance":0.10301},"geometry":{"type":"LineString","coordinates":[[16.35157,48.21836],[16.35167,48.21857]]}},{"type":"Feature","properties":{"boundary_score":0.1099,"activation_distance":0.10301},"geometry":{"type":"LineString","coordinates":[[16.35167,48.21857],[16.35157,48.21836]]}},{"type":"Feature","properties":{"boundary_score":0.0082,"activation_distance":0.03644},"geometry":{"type":"LineString","coordinates":[[16.47593,48.21796],[16.47569,48.21799]]}},{"type":"Feature","properties":{"boundary_score":0.0082,"activation_distance":0.03644},"geometry":{"type":"LineString","coordinates":[[16.47569,48.21799],[16.47593,48.21796]]}},{"type":"Feature","properties":{"boundary_score":0.1356,"activation_distance":0.11984},"geometry":{"type":"LineString","coordinates":[[16.32512,48.12024],[16.32489,48.12026]]}},{"type":"Feature","properties":{"boundary_score":0.1356,"activation_distance":0.11984},"geometry":{"type":"LineString","coordinates":[[16.32489,48.12026],[16.32512,48.12024]]}},{"type":"Feature","properties":{"boundary_score":0.1303,"activation_distance":0.11634},"geometry":{"type":"LineString","coordinates":[[16.25369,48.09857],[16.25368,48.09834]]}},{"type":"Feature","properties":{"boundary_score":0.1303,"activation_distance":0.11634},"geometry":{"type":"LineString","coordinates":[[16.25368,48.09834],[16.25369,48.09857]]}},{"type":"Feature","properties":{"boundary_score":0.0075,"activation_distance":0.03593},"geometry":{"type":"LineString","coordinates":[[16.38019,48.24616],[16.38035,48.24599]]}},{"type":"Feature","properties":{"boundary_score":0.0075,"activation_distance":0.03593},"geometry":{"type":"LineString","coordinates":[[16.38035,48.24599],[16.38019,48.24616]]}},{"type":"Feature","properties":{"boundary_score":0.0187,"activation_distance":0.04329},"geometry":{"type":"LineString","coordinates":[[16.38035,48.24599],[16.38051,48.24581]]}},{"type":"Feature","properties":{"boundary_score":0.0187,"activation_distance":0.04329},"geometry":{"type":"LineString","coordinates":[[16.38051,48.24581],[16.38035,48.24599]]}},{"type":"Feature","properties":{"boundary_score":0.0593,"activation_distance":0.06989},"geometry":{"type":"LineString","coordinates":[[16.33162,48.08021],[16.33146,48.08004]]}},{"type":"Feature","properties":{"boundary_score":0.0593,"activation_distance":0.06989},"geometry":{"type":"LineString","coordinates":[[16.33146,48.08004],[16.33162,48.08021]]}},{"type":"Feature","properties":{"boundary_score":0.013,"activation_distance":0.03955},"geometry":{"type":"LineString","coordinates":[[16.33154,48.08027],[16.33146,48.08004]]}},{"type":"Feature","properties":{"boundary_score":0.013,"activation_distance":0.03955},"geometry":{"type":"LineString","coordinates":[[16.33146,48.08004],[16.33154,48.08027]]}},{"type":"Feature","properties":{"boundary_score":0.1546,"activation_distance":0.13224},"geometry":{"type":"LineString","coordinates":[[16.33165,48.08017],[16.33146,48.08004]]}},{"type":"Feature","properties":{"boundary_score":0.1546,"activation_distance":0.13224},"geometry":{"type":"LineString","coordinates":[[16.33146,48.08004],[16.33165,48.08017]]}},{"type":"Feature","properties":{"boundary_score":0.0419,"activation_distance":0.05849},"geometry":{"type":"LineString","coordinates":[[16.33159,48.08024],[16.33146,48.08004]]}},{"type":"Feature","properties":{"boundary_score":0.0419,"activation_distance":0.05849},"geometry":{"type":"LineString","coordinates":[[16.33146,48.08004],[16.33159,48.08024]]}},{"type":"Feature","properties":{"boundary_score":0.2113,"activation_distance":0.16934},"geometry":{"type":"LineString","coordinates":[[16.39654,48.18625],[16.39631,48.18619]]}},{"type":"Feature","properties":{"boundary_score":0.2113,"activation_distance":0.16934},"geometry":{"type":"LineString","coordinates":[[16.39631,48.18619],[16.39654,48.18625]]}},{"type":"Feature","properties":{"boundary_score":0.1312,"activation_distance":0.11696},"geometry":{"type":"LineString","coordinates":[[16.39606,48.18587],[16.39608,48.1862]]}},{"type":"Feature","properties":{"boundary_score":0.1312,"activation_distance":0.11696},"geometry":{"type":"LineString","coordinates":[[16.39608,48.1862],[16.39606,48.18587]]}},{"type":"Feature","properties":{"boundary_score":0.2141,"activation_distance":0.17118},"geometry":{"type":"LineString","coordinates":[[16.31286,48.17118],[16.31263,48.17114]]}},{"type":"Feature","properties":{"boundary_score":0.2141,"activation_distance":0.17118},"geometry":{"type":"LineString","coordinates":[[16.31263,48.17114],[16.31286,48.17118]]}},{"type":"Feature","properties":{"boundary_score":0.0205,"activation_distance":0.04447},"geometry":{"type":"LineString","coordinates":[[16.31263,48.17114],[16.31241,48.1711]]}},{"type":"Feature","properties":{"boundary_score":0.0205,"activation_distance":0.04447},"geometry":{"type":"LineString","coordinates":[[16.31241,48.1711],[16.31263,48.17114]]}},{"type":"Feature","properties":{"boundary_score":0.1119,"activation_distance":0.10428},"geometry":{"type":"LineString","coordinates":[[16.37814,48.2409],[16.37832,48.24071]]}},{"type":"Feature","properties":{"boundary_score":0.1119,"activation_distance":0.10428},"geometry":{"type":"LineString","coordinates":[[16.37832,48.24071],[16.37814,48.2409]]}},{"type":"Feature","properties":{"boundary_score":0.1739,"activation_distance":0.14492},"geometry":{"type":"LineString","coordinates":[[16.30371,48.3053],[16.3035,48.30521]]}},{"type":"Feature","properties":{"boundary_score":0.1739,"activation_distance":0.14492},"geometry":{"type":"LineString","coordinates":[[16.3035,48.30521],[16.30371,48.3053]]}},{"type":"Feature","properties":{"boundary_score":0.1739,"activation_distance":0.14492},"geometry":{"type":"LineString","coordinates":[[16.30348,48.30528],[16.30371,48.3053]]}},{"type":"Feature","properties":{"boundary_score":0.1739,"activation_distance":0.14492},"geometry":{"type":"LineString","coordinates":[[16.30371,48.3053],[16.30348,48.30528]]}},{"type":"Feature","properties":{"boundary_score":0.1952,"activation_distance":0.15883},"geometry":{"type":"LineString","coordinates":[[16.33762,48.1493],[16.33738,48.14938]]}},{"type":"Feature","properties":{"boundary_score":0.1952,"activation_distance":0.15883},"geometry":{"type":"LineString","coordinates":[[16.33738,48.14938],[16.33762,48.1493]]}},{"type":"Feature","properties":{"boundary_score":0.0384,"activation_distance":0.05622},"geometry":{"type":"LineString","coordinates":[[16.33596,48.15023],[16.33579,48.15005]]}},{"type":"Feature","properties":{"boundary_score":0.0384,"activation_distance":0.05622},"geometry":{"type":"LineString","coordinates":[[16.33579,48.15005],[16.33596,48.15023]]}},{"type":"Feature","properties":{"boundary_score":0.0478,"activation_distance":0.06237},"geometry":{"type":"LineString","coordinates":[[16.26059,48.12934],[16.26083,48.12945]]}},{"type":"Feature","properties":{"boundary_score":0.0478,"activation_distance":0.06237},"geometry":{"type":"LineString","coordinates":[[16.26083,48.12945],[16.26059,48.12934]]}},{"type":"Feature","properties":{"boundary_score":0.0488,"activation_distance":0.06298},"geometry":{"type":"LineString","coordinates":[[16.35509,48.22473],[16.35532,48.22477]]}},{"type":"Feature","properties":{"boundary_score":0.0488,"activation_distance":0.06298},"geometry":{"type":"LineString","coordinates":[[16.35532,48.22477],[16.35509,48.22473]]}},{"type":"Feature","properties":{"boundary_score":0.0633,"activation_distance":0.07252},"geometry":{"type":"LineString","coordinates":[[16.36176,48.22561],[16.36207,48.22574]]}},{"type":"Feature","properties":{"boundary_score":0.0633,"activation_distance":0.07252},"geometry":{"type":"LineString","coordinates":[[16.36207,48.22574],[16.36176,48.22561]]}},{"type":"Feature","properties":{"boundary_score":0.0633,"activation_distance":0.07252},"geometry":{"type":"LineString","coordinates":[[16.36151,48.22552],[16.36176,48.22561]]}},{"type":"Feature","properties":{"boundary_score":0.0633,"activation_distance":0.07252},"geometry":{"type":"LineString","coordinates":[[16.36176,48.22561],[16.36151,48.22552]]}},{"type":"Feature","properties":{"boundary_score":0.2112,"activation_distance":0.16933},"geometry":{"type":"LineString","coordinates":[[16.36191,48.22586],[16.36161,48.22576]]}},{"type":"Feature","properties":{"boundary_score":0.2112,"activation_distance":0.16933},"geometry":{"type":"LineString","coordinates":[[16.36161,48.22576],[16.36191,48.22586]]}},{"type":"Feature","properties":{"boundary_score":0.0552,"activation_distance":0.06722},"geometry":{"type":"LineString","coordinates":[[16.36441,48.25953],[16.36466,48.25952]]}},{"type":"Feature","properties":{"boundary_score":0.0552,"activation_distance":0.06722},"geometry":{"type":"LineString","coordinates":[[16.36466,48.25952],[16.36441,48.25953]]}},{"type":"Feature","properties":{"boundary_score":0.2645,"activation_distance":0.20418},"geometry":{"type":"LineString","coordinates":[[16.42802,48.25159],[16.42804,48.25188]]}},{"type":"Feature","properties":{"boundary_score":0.2645,"activation_distance":0.20418},"geometry":{"type":"LineString","coordinates":[[16.42804,48.25188],[16.42802,48.25159]]}},{"type":"Feature","properties":{"boundary_score":0.097,"activation_distance":0.09458},"geometry":{"type":"LineString","coordinates":[[16.29488,48.0852],[16.29482,48.08546]]}},{"type":"Feature","properties":{"boundary_score":0.097,"activation_distance":0.09458},"geometry":{"type":"LineString","coordinates":[[16.29482,48.08546],[16.29488,48.0852]]}},{"type":"Feature","properties":{"boundary_score":0.0568,"activation_distance":0.06823},"geometry":{"type":"LineString","coordinates":[[16.29837,48.18617],[16.29858,48.18631]]}},{"type":"Feature","properties":{"boundary_score":0.0568,"activation_distance":0.06823},"geometry":{"type":"LineString","coordinates":[[16.29858,48.18631],[16.29837,48.18617]]}},{"type":"Feature","properties":{"boundary_score":0.1351,"activation_distance":0.1195},"geometry":{"type":"LineString","coordinates":[[16.30648,48.19843],[16.30671,48.19844]]}},{"type":"Feature","properties":{"boundary_score":0.1351,"activation_distance":0.1195},"geometry":{"type":"LineString","coordinates":[[16.30671,48.19844],[16.30648,48.19843]]}},{"type":"Feature","properties":{"boundary_score":0.0296,"activation_distance":0.05043},"geometry":{"type":"LineString","coordinates":[[16.41469,48.10498],[16.41464,48.10457]]}},{"type":"Feature","properties":{"boundary_score":0.0296,"activation_distance":0.05043},"geometry":{"type":"LineString","coordinates":[[16.41464,48.10457],[16.41469,48.10498]]}},{"type":"Feature","properties":{"boundary_score":0.0083,"activation_distance":0.03646},"geometry":{"type":"LineString","coordinates":[[16.47534,48.25768],[16.47551,48.25791]]}},{"type":"Feature","properties":{"boundary_score":0.0083,"activation_distance":0.03646},"geometry":{"type":"LineString","coordinates":[[16.47551,48.25791],[16.47534,48.25768]]}},{"type":"Feature","properties":{"boundary_score":0.0614,"activation_distance":0.07125},"geometry":{"type":"LineString","coordinates":[[16.47439,48.25508],[16.47453,48.25529]]}},{"type":"Feature","properties":{"boundary_score":0.0614,"activation_distance":0.07125},"geometry":{"type":"LineString","coordinates":[[16.47453,48.25529],[16.47439,48.25508]]}},{"type":"Feature","properties":{"boundary_score":0.0533,"activation_distance":0.06593},"geometry":{"type":"LineString","coordinates":[[16.47421,48.25515],[16.47433,48.25536]]}},{"type":"Feature","properties":{"boundary_score":0.0533,"activation_distance":0.06593},"geometry":{"type":"LineString","coordinates":[[16.47433,48.25536],[16.47421,48.25515]]}},{"type":"Feature","properties":{"boundary_score":0.0377,"activation_distance":0.05574},"geometry":{"type":"LineString","coordinates":[[16.41535,48.19291],[16.41555,48.19281]]}},{"type":"Feature","properties":{"boundary_score":0.0377,"activation_distance":0.05574},"geometry":{"type":"LineString","coordinates":[[16.41555,48.19281],[16.41535,48.19291]]}},{"type":"Feature","properties":{"boundary_score":0.5359,"activation_distance":0.38187},"geometry":{"type":"LineString","coordinates":[[16.51662,48.14276],[16.51683,48.14268]]}},{"type":"Feature","properties":{"boundary_score":0.5359,"activation_distance":0.38187},"geometry":{"type":"LineString","coordinates":[[16.51683,48.14268],[16.51662,48.14276]]}},{"type":"Feature","properties":{"boundary_score":0.0151,"activation_distance":0.04097},"geometry":{"type":"LineString","coordinates":[[16.53587,48.13297],[16.53608,48.1329]]}},{"type":"Feature","properties":{"boundary_score":0.0151,"activation_distance":0.04097},"geometry":{"type":"LineString","coordinates":[[16.53608,48.1329],[16.53587,48.13297]]}},{"type":"Feature","properties":{"boundary_score":0.1716,"activation_distance":0.14336},"geometry":{"type":"LineString","coordinates":[[16.48742,48.13869],[16.48731,48.13844]]}},{"type":"Feature","properties":{"boundary_score":0.1716,"activation_distance":0.14336},"geometry":{"type":"LineString","coordinates":[[16.48731,48.13844],[16.48742,48.13869]]}},{"type":"Feature","properties":{"boundary_score":0.0239,"activation_distance":0.04667},"geometry":{"type":"LineString","coordinates":[[16.45925,48.2412],[16.45946,48.24105]]}},{"type":"Feature","properties":{"boundary_score":0.0239,"activation_distance":0.04667},"geometry":{"type":"LineString","coordinates":[[16.45946,48.24105],[16.45925,48.2412]]}},{"type":"Feature","properties":{"boundary_score":0.1394,"activation_distance":0.12227},"geometry":{"type":"LineString","coordinates":[[16.37719,48.23297],[16.37735,48.23276]]}},{"type":"Feature","properties":{"boundary_score":0.1394,"activation_distance":0.12227},"geometry":{"type":"LineString","coordinates":[[16.37735,48.23276],[16.37719,48.23297]]}},{"type":"Feature","properties":{"boundary_score":0.2069,"activation_distance":0.16647},"geometry":{"type":"LineString","coordinates":[[16.37519,48.24933],[16.37536,48.24917]]}},{"type":"Feature","properties":{"boundary_score":0.2069,"activation_distance":0.16647},"geometry":{"type":"LineString","coordinates":[[16.37536,48.24917],[16.37519,48.24933]]}},{"type":"Feature","properties":{"boundary_score":0.0877,"activation_distance":0.08843},"geometry":{"type":"LineString","coordinates":[[16.45357,48.11761],[16.45386,48.11787]]}},{"type":"Feature","properties":{"boundary_score":0.0877,"activation_distance":0.08843},"geometry":{"type":"LineString","coordinates":[[16.45386,48.11787],[16.45357,48.11761]]}},{"type":"Feature","properties":{"boundary_score":0.0405,"activation_distance":0.0576},"geometry":{"type":"LineString","coordinates":[[16.36569,48.25189],[16.36577,48.25211]]}},{"type":"Feature","properties":{"boundary_score":0.0405,"activation_distance":0.0576},"geometry":{"type":"LineString","coordinates":[[16.36577,48.25211],[16.36569,48.25189]]}},{"type":"Feature","properties":{"boundary_score":0.1418,"activation_distance":0.12386},"geometry":{"type":"LineString","coordinates":[[16.30625,48.04648],[16.30623,48.04625]]}},{"type":"Feature","properties":{"boundary_score":0.1418,"activation_distance":0.12386},"geometry":{"type":"LineString","coordinates":[[16.30623,48.04625],[16.30625,48.04648]]}},{"type":"Feature","properties":{"boundary_score":0.0301,"activation_distance":0.05075},"geometry":{"type":"LineString","coordinates":[[16.38417,48.22563],[16.38436,48.22576]]}},{"type":"Feature","properties":{"boundary_score":0.0301,"activation_distance":0.05075},"geometry":{"type":"LineString","coordinates":[[16.38436,48.22576],[16.38417,48.22563]]}},{"type":"Feature","properties":{"boundary_score":0.079,"activation_distance":0.08277},"geometry":{"type":"LineString","coordinates":[[16.33426,48.15809],[16.33444,48.15823]]}},{"type":"Feature","properties":{"boundary_score":0.079,"activation_distance":0.08277},"geometry":{"type":"LineString","coordinates":[[16.33444,48.15823],[16.33426,48.15809]]}},{"type":"Feature","properties":{"boundary_score":0.1952,"activation_distance":0.15883},"geometry":{"type":"LineString","coordinates":[[16.33761,48.14925],[16.33737,48.14931]]}},{"type":"Feature","properties":{"boundary_score":0.1952,"activation_distance":0.15883},"geometry":{"type":"LineString","coordinates":[[16.33737,48.14931],[16.33761,48.14925]]}},{"type":"Feature","properties":{"boundary_score":0.1203,"activation_distance":0.10977},"geometry":{"type":"LineString","coordinates":[[16.32925,48.15283],[16.32882,48.15289]]}},{"type":"Feature","properties":{"boundary_score":0.1203,"activation_distance":0.10977},"geometry":{"type":"LineString","coordinates":[[16.32882,48.15289],[16.32925,48.15283]]}},{"type":"Feature","properties":{"boundary_score":0.0053,"activation_distance":0.03454},"geometry":{"type":"LineString","coordinates":[[16.37681,48.2393],[16.37661,48.23917]]}},{"type":"Feature","properties":{"boundary_score":0.0053,"activation_distance":0.03454},"geometry":{"type":"LineString","coordinates":[[16.37661,48.23917],[16.37681,48.2393]]}},{"type":"Feature","properties":{"boundary_score":0.0002,"activation_distance":0.03118},"geometry":{"type":"LineString","coordinates":[[16.37639,48.23906],[16.37618,48.23896]]}},{"type":"Feature","properties":{"boundary_score":0.0002,"activation_distance":0.03118},"geometry":{"type":"LineString","coordinates":[[16.37618,48.23896],[16.37639,48.23906]]}},{"type":"Feature","properties":{"boundary_score":0.0923,"activation_distance":0.09145},"geometry":{"type":"LineString","coordinates":[[16.39819,48.18759],[16.398,48.18744]]}},{"type":"Feature","properties":{"boundary_score":0.0923,"activation_distance":0.09145},"geometry":{"type":"LineString","coordinates":[[16.398,48.18744],[16.39819,48.18759]]}},{"type":"Feature","properties":{"boundary_score":0.1134,"activation_distance":0.10526},"geometry":{"type":"LineString","coordinates":[[16.33951,48.20715],[16.33957,48.20688]]}},{"type":"Feature","properties":{"boundary_score":0.1134,"activation_distance":0.10526},"geometry":{"type":"LineString","coordinates":[[16.33957,48.20688],[16.33951,48.20715]]}},{"type":"Feature","properties":{"boundary_score":0.077,"activation_distance":0.08147},"geometry":{"type":"LineString","coordinates":[[16.3928,48.26674],[16.3929,48.26651]]}},{"type":"Feature","properties":{"boundary_score":0.077,"activation_distance":0.08147},"geometry":{"type":"LineString","coordinates":[[16.3929,48.26651],[16.3928,48.26674]]}},{"type":"Feature","properties":{"boundary_score":0.326,"activation_distance":0.24445},"geometry":{"type":"LineString","coordinates":[[16.38995,48.27301],[16.39006,48.2728]]}},{"type":"Feature","properties":{"boundary_score":0.326,"activation_distance":0.24445},"geometry":{"type":"LineString","coordinates":[[16.39006,48.2728],[16.38995,48.27301]]}},{"type":"Feature","properties":{"boundary_score":0.1672,"activation_distance":0.1405},"geometry":{"type":"LineString","coordinates":[[16.38782,48.27696],[16.38813,48.27698]]}},{"type":"Feature","properties":{"boundary_score":0.1672,"activation_distance":0.1405},"geometry":{"type":"LineString","coordinates":[[16.38813,48.27698],[16.38782,48.27696]]}},{"type":"Feature","properties":{"boundary_score":0.0312,"activation_distance":0.05149},"geometry":{"type":"LineString","coordinates":[[16.3532,48.22231],[16.35308,48.22208]]}},{"type":"Feature","properties":{"boundary_score":0.0312,"activation_distance":0.05149},"geometry":{"type":"LineString","coordinates":[[16.35308,48.22208],[16.3532,48.22231]]}},{"type":"Feature","properties":{"boundary_score":0.0027,"activation_distance":0.03286},"geometry":{"type":"LineString","coordinates":[[16.36773,48.23605],[16.3675,48.23606]]}},{"type":"Feature","properties":{"boundary_score":0.0027,"activation_distance":0.03286},"geometry":{"type":"LineString","coordinates":[[16.3675,48.23606],[16.36773,48.23605]]}},{"type":"Feature","properties":{"boundary_score":0.0787,"activation_distance":0.08257},"geometry":{"type":"LineString","coordinates":[[16.37067,48.23646],[16.37044,48.23637]]}},{"type":"Feature","properties":{"boundary_score":0.0787,"activation_distance":0.08257},"geometry":{"type":"LineString","coordinates":[[16.37044,48.23637],[16.37067,48.23646]]}},{"type":"Feature","properties":{"boundary_score":0.0082,"activation_distance":0.03641},"geometry":{"type":"LineString","coordinates":[[16.36751,48.23596],[16.36775,48.23597]]}},{"type":"Feature","properties":{"boundary_score":0.0082,"activation_distance":0.03641},"geometry":{"type":"LineString","coordinates":[[16.36775,48.23597],[16.36751,48.23596]]}},{"type":"Feature","properties":{"boundary_score":0.1594,"activation_distance":0.13538},"geometry":{"type":"LineString","coordinates":[[16.35992,48.22784],[16.35997,48.2276]]}},{"type":"Feature","properties":{"boundary_score":0.1594,"activation_distance":0.13538},"geometry":{"type":"LineString","coordinates":[[16.35997,48.2276],[16.35992,48.22784]]}},{"type":"Feature","properties":{"boundary_score":0.0257,"activation_distance":0.04786},"geometry":{"type":"LineString","coordinates":[[16.41532,48.19287],[16.41553,48.19277]]}},{"type":"Feature","properties":{"boundary_score":0.0257,"activation_distance":0.04786},"geometry":{"type":"LineString","coordinates":[[16.41553,48.19277],[16.41532,48.19287]]}},{"type":"Feature","properties":{"boundary_score":0.091,"activation_distance":0.09064},"geometry":{"type":"LineString","coordinates":[[16.35354,48.21477],[16.35377,48.21476]]}},{"type":"Feature","properties":{"boundary_score":0.091,"activation_distance":0.09064},"geometry":{"type":"LineString","coordinates":[[16.35377,48.21476],[16.35354,48.21477]]}},{"type":"Feature","properties":{"boundary_score":0.0425,"activation_distance":0.05889},"geometry":{"type":"LineString","coordinates":[[16.35131,48.21671],[16.35134,48.21693]]}},{"type":"Feature","properties":{"boundary_score":0.0425,"activation_distance":0.05889},"geometry":{"type":"LineString","coordinates":[[16.35134,48.21693],[16.35131,48.21671]]}},{"type":"Feature","properties":{"boundary_score":0.0294,"activation_distance":0.05031},"geometry":{"type":"LineString","coordinates":[[16.33976,48.21508],[16.33999,48.21507]]}},{"type":"Feature","properties":{"boundary_score":0.0294,"activation_distance":0.05031},"geometry":{"type":"LineString","coordinates":[[16.33999,48.21507],[16.33976,48.21508]]}},{"type":"Feature","properties":{"boundary_score":0.0142,"activation_distance":0.04036},"geometry":{"type":"LineString","coordinates":[[16.3981,48.18829],[16.39832,48.18821]]}},{"type":"Feature","properties":{"boundary_score":0.0142,"activation_distance":0.04036},"geometry":{"type":"LineString","coordinates":[[16.39832,48.18821],[16.3981,48.18829]]}},{"type":"Feature","properties":{"boundary_score":0.0558,"activation_distance":0.06756},"geometry":{"type":"LineString","coordinates":[[16.39832,48.18821],[16.39853,48.18812]]}},{"type":"Feature","properties":{"boundary_score":0.0558,"activation_distance":0.06756},"geometry":{"type":"LineString","coordinates":[[16.39853,48.18812],[16.39832,48.18821]]}},{"type":"Feature","properties":{"boundary_score":0.1052,"activation_distance":0.0999},"geometry":{"type":"LineString","coordinates":[[16.39694,48.1862],[16.39708,48.18637]]}},{"type":"Feature","properties":{"boundary_score":0.1052,"activation_distance":0.0999},"geometry":{"type":"LineString","coordinates":[[16.39708,48.18637],[16.39694,48.1862]]}},{"type":"Feature","properties":{"boundary_score":0.0236,"activation_distance":0.04649},"geometry":{"type":"LineString","coordinates":[[16.39817,48.18721],[16.39835,48.18737]]}},{"type":"Feature","properties":{"boundary_score":0.0236,"activation_distance":0.04649},"geometry":{"type":"LineString","coordinates":[[16.39835,48.18737],[16.39817,48.18721]]}},{"type":"Feature","properties":{"boundary_score":0.0062,"activation_distance":0.03512},"geometry":{"type":"LineString","coordinates":[[16.39835,48.18737],[16.39852,48.18751]]}},{"type":"Feature","properties":{"boundary_score":0.0062,"activation_distance":0.03512},"geometry":{"type":"LineString","coordinates":[[16.39852,48.18751],[16.39835,48.18737]]}},{"type":"Feature","properties":{"boundary_score":0.0192,"activation_distance":0.04363},"geometry":{"type":"LineString","coordinates":[[16.37059,48.19326],[16.37069,48.19304]]}},{"type":"Feature","properties":{"boundary_score":0.0192,"activation_distance":0.04363},"geometry":{"type":"LineString","coordinates":[[16.37069,48.19304],[16.37059,48.19326]]}},{"type":"Feature","properties":{"boundary_score":0.1484,"activation_distance":0.12819},"geometry":{"type":"LineString","coordinates":[[16.51075,48.21619],[16.51072,48.21644]]}},{"type":"Feature","properties":{"boundary_score":0.1484,"activation_distance":0.12819},"geometry":{"type":"LineString","coordinates":[[16.51072,48.21644],[16.51075,48.21619]]}},{"type":"Feature","properties":{"boundary_score":0.0495,"activation_distance":0.06347},"geometry":{"type":"LineString","coordinates":[[16.49852,48.21649],[16.49829,48.21652]]}},{"type":"Feature","properties":{"boundary_score":0.0495,"activation_distance":0.06347},"geometry":{"type":"LineString","coordinates":[[16.49829,48.21652],[16.49852,48.21649]]}},{"type":"Feature","properties":{"boundary_score":0.0455,"activation_distance":0.06085},"geometry":{"type":"LineString","coordinates":[[16.49829,48.21652],[16.49806,48.21655]]}},{"type":"Feature","properties":{"boundary_score":0.0455,"activation_distance":0.06085},"geometry":{"type":"LineString","coordinates":[[16.49806,48.21655],[16.49829,48.21652]]}},{"type":"Feature","properties":{"boundary_score":0.1782,"activation_distance":0.1477},"geometry":{"type":"LineString","coordinates":[[16.35854,48.1809],[16.35832,48.18083]]}},{"type":"Feature","properties":{"boundary_score":0.1782,"activation_distance":0.1477},"geometry":{"type":"LineString","coordinates":[[16.35832,48.18083],[16.35854,48.1809]]}},{"type":"Feature","properties":{"boundary_score":0.021,"activation_distance":0.0448},"geometry":{"type":"LineString","coordinates":[[16.35832,48.18083],[16.3581,48.18076]]}},{"type":"Feature","properties":{"boundary_score":0.021,"activation_distance":0.0448},"geometry":{"type":"LineString","coordinates":[[16.3581,48.18076],[16.35832,48.18083]]}},{"type":"Feature","properties":{"boundary_score":0.185,"activation_distance":0.15212},"geometry":{"type":"LineString","coordinates":[[16.32514,48.12017],[16.32491,48.1202]]}},{"type":"Feature","properties":{"boundary_score":0.185,"activation_distance":0.15212},"geometry":{"type":"LineString","coordinates":[[16.32491,48.1202],[16.32514,48.12017]]}},{"type":"Feature","properties":{"boundary_score":0.037,"activation_distance":0.05526},"geometry":{"type":"LineString","coordinates":[[16.296,48.14591],[16.29623,48.14596]]}},{"type":"Feature","properties":{"boundary_score":0.037,"activation_distance":0.05526},"geometry":{"type":"LineString","coordinates":[[16.29623,48.14596],[16.296,48.14591]]}},{"type":"Feature","properties":{"boundary_score":0.0421,"activation_distance":0.05861},"geometry":{"type":"LineString","coordinates":[[16.41901,48.19213],[16.41885,48.19231]]}},{"type":"Feature","properties":{"boundary_score":0.0421,"activation_distance":0.05861},"geometry":{"type":"LineString","coordinates":[[16.41885,48.19231],[16.41901,48.19213]]}},{"type":"Feature","properties":{"boundary_score":0.0167,"activation_distance":0.042},"geometry":{"type":"LineString","coordinates":[[16.38834,48.17648],[16.38804,48.17654]]}},{"type":"Feature","properties":{"boundary_score":0.0167,"activation_distance":0.042},"geometry":{"type":"LineString","coordinates":[[16.38804,48.17654],[16.38834,48.17648]]}},{"type":"Feature","properties":{"boundary_score":0.0362,"activation_distance":0.05478},"geometry":{"type":"LineString","coordinates":[[16.38121,48.23538],[16.38141,48.2352]]}},{"type":"Feature","properties":{"boundary_score":0.0362,"activation_distance":0.05478},"geometry":{"type":"LineString","coordinates":[[16.38141,48.2352],[16.38121,48.23538]]}},{"type":"Feature","properties":{"boundary_score":0.0003,"activation_distance":0.03124},"geometry":{"type":"LineString","coordinates":[[16.38153,48.23526],[16.38133,48.23544]]}},{"type":"Feature","properties":{"boundary_score":0.0003,"activation_distance":0.03124},"geometry":{"type":"LineString","coordinates":[[16.38133,48.23544],[16.38153,48.23526]]}},{"type":"Feature","properties":{"boundary_score":0.2394,"activation_distance":0.18777},"geometry":{"type":"LineString","coordinates":[[16.41719,48.25314],[16.41741,48.25313]]}},{"type":"Feature","properties":{"boundary_score":0.2394,"activation_distance":0.18777},"geometry":{"type":"LineString","coordinates":[[16.41741,48.25313],[16.41719,48.25314]]}},{"type":"Feature","properties":{"boundary_score":0.0024,"activation_distance":0.03265},"geometry":{"type":"LineString","coordinates":[[16.3347,48.07829],[16.33447,48.07832]]}},{"type":"Feature","properties":{"boundary_score":0.0024,"activation_distance":0.03265},"geometry":{"type":"LineString","coordinates":[[16.33447,48.07832],[16.3347,48.07829]]}},{"type":"Feature","properties":{"boundary_score":0.0344,"activation_distance":0.0536},"geometry":{"type":"LineString","coordinates":[[16.37766,48.24083],[16.37752,48.24057]]}},{"type":"Feature","properties":{"boundary_score":0.0344,"activation_distance":0.0536},"geometry":{"type":"LineString","coordinates":[[16.37752,48.24057],[16.37766,48.24083]]}},{"type":"Feature","properties":{"boundary_score":0.03,"activation_distance":0.05067},"geometry":{"type":"LineString","coordinates":[[16.45948,48.24116],[16.45926,48.24131]]}},{"type":"Feature","properties":{"boundary_score":0.03,"activation_distance":0.05067},"geometry":{"type":"LineString","coordinates":[[16.45926,48.24131],[16.45948,48.24116]]}},{"type":"Feature","properties":{"boundary_score":0.0403,"activation_distance":0.05746},"geometry":{"type":"LineString","coordinates":[[16.45916,48.24152],[16.45912,48.24174]]}},{"type":"Feature","properties":{"boundary_score":0.0403,"activation_distance":0.05746},"geometry":{"type":"LineString","coordinates":[[16.45912,48.24174],[16.45916,48.24152]]}},{"type":"Feature","properties":{"boundary_score":0.0254,"activation_distance":0.0477},"geometry":{"type":"LineString","coordinates":[[16.39365,48.1756],[16.39343,48.17564]]}},{"type":"Feature","properties":{"boundary_score":0.0254,"activation_distance":0.0477},"geometry":{"type":"LineString","coordinates":[[16.39343,48.17564],[16.39365,48.1756]]}},{"type":"Feature","properties":{"boundary_score":0.0042,"activation_distance":0.03378},"geometry":{"type":"LineString","coordinates":[[16.30238,48.04929],[16.30259,48.04919]]}},{"type":"Feature","properties":{"boundary_score":0.0042,"activation_distance":0.03378},"geometry":{"type":"LineString","coordinates":[[16.30259,48.04919],[16.30238,48.04929]]}},{"type":"Feature","properties":{"boundary_score":0.5323,"activation_distance":0.37951},"geometry":{"type":"LineString","coordinates":[[16.3436,48.14855],[16.34336,48.14858]]}},{"type":"Feature","properties":{"boundary_score":0.5323,"activation_distance":0.37951},"geometry":{"type":"LineString","coordinates":[[16.34336,48.14858],[16.3436,48.14855]]}},{"type":"Feature","properties":{"boundary_score":0.009,"activation_distance":0.03692},"geometry":{"type":"LineString","coordinates":[[16.34336,48.14858],[16.34313,48.1486]]}},{"type":"Feature","properties":{"boundary_score":0.009,"activation_distance":0.03692},"geometry":{"type":"LineString","coordinates":[[16.34313,48.1486],[16.34336,48.14858]]}},{"type":"Feature","properties":{"boundary_score":0.2533,"activation_distance":0.19689},"geometry":{"type":"LineString","coordinates":[[16.396,48.18573],[16.3958,48.18562]]}},{"type":"Feature","properties":{"boundary_score":0.2533,"activation_distance":0.19689},"geometry":{"type":"LineString","coordinates":[[16.3958,48.18562],[16.396,48.18573]]}},{"type":"Feature","properties":{"boundary_score":0.0018,"activation_distance":0.03224},"geometry":{"type":"LineString","coordinates":[[16.49805,48.21646],[16.49828,48.21643]]}},{"type":"Feature","properties":{"boundary_score":0.0018,"activation_distance":0.03224},"geometry":{"type":"LineString","coordinates":[[16.49828,48.21643],[16.49805,48.21646]]}},{"type":"Feature","properties":{"boundary_score":0.1078,"activation_distance":0.10161},"geometry":{"type":"LineString","coordinates":[[16.49828,48.21643],[16.49851,48.2164]]}},{"type":"Feature","properties":{"boundary_score":0.1078,"activation_distance":0.10161},"geometry":{"type":"LineString","coordinates":[[16.49851,48.2164],[16.49828,48.21643]]}}]}